{
"type": "FeatureCollection",
"name": "shadows_14",
"crs": { "type": "name", "properties": { "name": "urn:ogc:def:crs:OGC:1.3:CRS84" } },
"features": [
{ "type": "Feature", "properties": { }, "geometry": { "type": "MultiPolygon", "coordinates": [ [ [ [ 55.319558537205459, 25.249285391355574 ], [ 55.32000153737664, 25.249759191311881 ], [ 55.320743337495379, 25.249191791234367 ], [ 55.3202833, 25.2486878 ], [ 55.3195416, 25.2492552 ], [ 55.319558537205459, 25.249285391355574 ] ] ], [ [ [ 55.319423221408535, 25.243794521802922 ], [ 55.319467921713795, 25.243794861692162 ], [ 55.319478083623011, 25.243845408435458 ], [ 55.319515060124061, 25.243845408434186 ], [ 55.319477519080493, 25.243954819168678 ], [ 55.319467921713688, 25.243917125156315 ], [ 55.319378090185275, 25.243872209392112 ], [ 55.319288258656862, 25.243872209392105 ], [ 55.319288258656862, 25.243917125156315 ], [ 55.319387687543603, 25.244024065119621 ], [ 55.319453759348633, 25.244024065121113 ], [ 55.3194182, 25.2442223 ], [ 55.319477477971375, 25.244327969724669 ], [ 55.319565147174139, 25.244362530440675 ], [ 55.319565, 25.2444441 ], [ 55.319624278197828, 25.244549769674752 ], [ 55.319766378324488, 25.244550069624015 ], [ 55.319766573117079, 25.244441935764936 ], [ 55.320213878752398, 25.244618269464983 ], [ 55.320369678891154, 25.244618369409352 ], [ 55.320513478986996, 25.244543769357147 ], [ 55.320569178877278, 25.244174769333103 ], [ 55.320509578513381, 25.243454769346279 ], [ 55.320483078417041, 25.243286269353842 ], [ 55.3203784, 25.2431185 ], [ 55.3202101, 25.2430673 ], [ 55.32006, 25.2430673 ], [ 55.3198005, 25.2431362 ], [ 55.3197443, 25.2431773 ], [ 55.319587392556144, 25.24363460000254 ], [ 55.3195658, 25.243634599999989 ], [ 55.319522999392483, 25.243822269964991 ], [ 55.319512837477895, 25.243782377863699 ], [ 55.319469089662768, 25.243782377863866 ], [ 55.3194102, 25.2436334 ], [ 55.3192261, 25.243632 ], [ 55.319256360519873, 25.24374263455358 ], [ 55.319207279523944, 25.243742351415186 ], [ 55.31914960000001, 25.2435962 ], [ 55.3191079, 25.2435949 ], [ 55.3190999, 25.2438001 ], [ 55.319163108683924, 25.243934233604033 ], [ 55.319208024454603, 25.24393423360144 ], [ 55.319203948900068, 25.243826728119267 ], [ 55.319423036497774, 25.243827991351807 ], [ 55.319423221408535, 25.243794521802922 ] ] ], [ [ [ 55.320644917385962, 25.23465593402193 ], [ 55.320585516876854, 25.23422783405702 ], [ 55.3204585, 25.2340014 ], [ 55.320288, 25.234027 ], [ 55.3199926, 25.2343354 ], [ 55.3199756, 25.2345095 ], [ 55.320102616425665, 25.234735934438671 ], [ 55.320509517233965, 25.23477083412827 ], [ 55.320644917385962, 25.23465593402193 ] ] ], [ [ [ 55.319561636267984, 25.241678891330739 ], [ 55.32022573644101, 25.241712091263103 ], [ 55.320455536474313, 25.241508191238996 ], [ 55.320211, 25.2412742 ], [ 55.3199636, 25.2412291 ], [ 55.319852725953211, 25.241249847348314 ], [ 55.319839386383393, 25.24122606770424 ], [ 55.319879476990472, 25.241226369546155 ], [ 55.319879876972045, 25.241182869545515 ], [ 55.3198206, 25.2410772 ], [ 55.319649954034439, 25.241075850820945 ], [ 55.3195931, 25.2409745 ], [ 55.3195415, 25.2409756 ], [ 55.3195546, 25.2411187 ], [ 55.319593489667483, 25.241188026646416 ], [ 55.3195601, 25.2412453 ], [ 55.319579745824356, 25.241371812984735 ], [ 55.3195441, 25.2414085 ], [ 55.319561636267984, 25.241678891330739 ] ] ], [ [ [ 55.319645719072582, 25.238541034880136 ], [ 55.319689358165796, 25.238553087531685 ], [ 55.319719458343251, 25.23862155411442 ], [ 55.319191600000011, 25.2384916 ], [ 55.3190826, 25.2388537 ], [ 55.319099535805805, 25.238883891368868 ], [ 55.320044336074787, 25.239116491273244 ], [ 55.320153336057857, 25.238754391260962 ], [ 55.3201364, 25.2387242 ], [ 55.319876974857173, 25.238660332890973 ], [ 55.319818, 25.2385552 ], [ 55.319749810744405, 25.238538760019139 ], [ 55.319728241345643, 25.23850026831596 ], [ 55.320362720547358, 25.238656834334421 ], [ 55.320464620429156, 25.2383188342483 ], [ 55.3203376, 25.2380924 ], [ 55.31985049513262, 25.237972200169448 ], [ 55.319827494713124, 25.23793119774113 ], [ 55.319866820847686, 25.237940933277855 ], [ 55.319877520841381, 25.237905533273246 ], [ 55.3198126, 25.2377898 ], [ 55.319734591306805, 25.237770488186602 ], [ 55.3196886, 25.2376885 ], [ 55.3196349, 25.2376812 ], [ 55.31970125666286, 25.237935373158855 ], [ 55.3193869, 25.2378578 ], [ 55.319285, 25.2381958 ], [ 55.319412018516935, 25.238422235056042 ], [ 55.319605918548483, 25.238470083215439 ], [ 55.319645719072582, 25.238541034880136 ] ] ], [ [ [ 55.31871526129796, 25.232059363444861 ], [ 55.31856960642957, 25.232059363405934 ], [ 55.318524690665363, 25.232104279170141 ], [ 55.318525700810788, 25.232150293363976 ], [ 55.318171009468166, 25.232195485647942 ], [ 55.31816536455171, 25.232149194934351 ], [ 55.318075533023304, 25.232149194934347 ], [ 55.318075533023304, 25.232239026462761 ], [ 55.318171009469879, 25.232249090276628 ], [ 55.318171009468202, 25.232196185545092 ], [ 55.318203834769626, 25.232325891439036 ], [ 55.318407449213758, 25.232299294474693 ], [ 55.3184663, 25.2324488 ], [ 55.318522011347525, 25.232503535593501 ], [ 55.318632411544755, 25.232489135508725 ], [ 55.318627891874485, 25.232460863242782 ], [ 55.318679534906423, 25.232454391390956 ], [ 55.3186441, 25.2323036 ], [ 55.318579073824075, 25.23231174900592 ], [ 55.318552747735417, 25.232264814962527 ], [ 55.318646934873243, 25.232252491393623 ], [ 55.31864187830039, 25.232220831253819 ], [ 55.318821682530718, 25.232249090259721 ], [ 55.318841231673716, 25.232283942227276 ], [ 55.318820701689084, 25.23230234155859 ], [ 55.3187997, 25.2322649 ], [ 55.318695, 25.2322779 ], [ 55.318714561493749, 25.232390092836887 ], [ 55.3186728, 25.2323953 ], [ 55.3186819, 25.2324552 ], [ 55.318746010328852, 25.232569495137721 ], [ 55.318659437957976, 25.232598352576407 ], [ 55.318665082934622, 25.232653332138128 ], [ 55.31879303621934, 25.232653332195099 ], [ 55.318808912059282, 25.23268163537842 ], [ 55.318934577542706, 25.232653332128965 ], [ 55.318926712108038, 25.232491335283715 ], [ 55.318866414403473, 25.232383837550994 ], [ 55.318889661763329, 25.23237028269364 ], [ 55.319018764071629, 25.232643268340617 ], [ 55.319048430350549, 25.232653332130447 ], [ 55.319461743633674, 25.23339017214893 ], [ 55.319768351455103, 25.233585369800394 ], [ 55.319985753053047, 25.233305968031743 ], [ 55.319929865320532, 25.232880131727239 ], [ 55.320040314773166, 25.233077034446225 ], [ 55.320228815320505, 25.233280234306967 ], [ 55.320307115463635, 25.233273534246916 ], [ 55.320428815569251, 25.233136734150523 ], [ 55.320420615394134, 25.232964234152632 ], [ 55.3202518, 25.2326409 ], [ 55.3201811, 25.232593 ], [ 55.31991, 25.2326132 ], [ 55.3198778, 25.2326435 ], [ 55.319907387140027, 25.232816105581485 ], [ 55.3197966, 25.2326186 ], [ 55.319660939237401, 25.232630032943412 ], [ 55.319614581459454, 25.232547388293415 ], [ 55.319607185573396, 25.232445537258737 ], [ 55.319663613563989, 25.232546134721495 ], [ 55.319743713707226, 25.232535834659981 ], [ 55.319714343478211, 25.232350503918909 ], [ 55.320122135253456, 25.232293891243334 ], [ 55.32019713526126, 25.23220249123538 ], [ 55.3200955, 25.2316805 ], [ 55.3199222, 25.231549 ], [ 55.3195322, 25.2316028 ], [ 55.31961033342953, 25.23206307544169 ], [ 55.31945180000001, 25.2318218 ], [ 55.3194165, 25.2318258 ], [ 55.319499140937033, 25.231990425025284 ], [ 55.3194084, 25.2318636 ], [ 55.3193784, 25.231867 ], [ 55.319439245695222, 25.232005468779885 ], [ 55.3193671, 25.2320146 ], [ 55.319386770692759, 25.232141255334099 ], [ 55.318676, 25.2308741 ], [ 55.318597192538782, 25.230821043458917 ], [ 55.31875673469974, 25.230617991377141 ], [ 55.3187398, 25.2305878 ], [ 55.3182042, 25.2300803 ], [ 55.317773193863601, 25.230135567503869 ], [ 55.3177008, 25.2300065 ], [ 55.3176675, 25.2299869 ], [ 55.317622210202366, 25.230020698771337 ], [ 55.3175725, 25.2299073 ], [ 55.3173557, 25.2299318 ], [ 55.3173137, 25.2300036 ], [ 55.317369565736712, 25.230187323156173 ], [ 55.3171389, 25.2302169 ], [ 55.3167873, 25.230638 ], [ 55.3168462, 25.2310554 ], [ 55.317033934358506, 25.231403691555332 ], [ 55.317508734485592, 25.231455291507082 ], [ 55.31811353462853, 25.231367291445142 ], [ 55.318260808610688, 25.231249162205508 ], [ 55.31871526129796, 25.232059363444861 ] ], [ [ 55.317623146473409, 25.230027463311878 ], [ 55.317684811912493, 25.230146900473844 ], [ 55.317520835496481, 25.230167926563407 ], [ 55.317637658263124, 25.230132310642738 ], [ 55.317623146473409, 25.230027463311878 ] ] ], [ [ [ 55.319478083922192, 25.247887827221813 ], [ 55.319522999693248, 25.247887827219067 ], [ 55.319657746999788, 25.247797995682227 ], [ 55.319635476182071, 25.247734965117008 ], [ 55.319901250208446, 25.247513328333394 ], [ 55.319996911320217, 25.247646273921568 ], [ 55.320070111354802, 25.247588773898599 ], [ 55.319974921199169, 25.247451891689366 ], [ 55.319982683034333, 25.247175786630887 ], [ 55.3199858, 25.2472377 ], [ 55.320084879829089, 25.247378069542151 ], [ 55.320143579860549, 25.247329869520641 ], [ 55.320103182129536, 25.247257858426579 ], [ 55.32012107980303, 25.247243069527705 ], [ 55.3200117, 25.2470795 ], [ 55.319981767058522, 25.247101635288775 ], [ 55.3198903, 25.2469317 ], [ 55.3196436, 25.2469391 ], [ 55.3190631, 25.2470535 ], [ 55.3186898, 25.2472513 ], [ 55.3186853, 25.2473552 ], [ 55.318789095199136, 25.247523324164543 ], [ 55.3186478, 25.2476741 ], [ 55.318737278846427, 25.247881670029098 ], [ 55.318853578977894, 25.247946269988287 ], [ 55.318913879027839, 25.247937569966659 ], [ 55.318963579063414, 25.247917469948675 ], [ 55.319015514588415, 25.247840976475743 ], [ 55.319159670117877, 25.248043216715875 ], [ 55.319163673541361, 25.248112406062525 ], [ 55.319298420854558, 25.248112406054283 ], [ 55.319343336622296, 25.24806749028723 ], [ 55.319343336615738, 25.247978587359814 ], [ 55.319478083922192, 25.247887827221813 ] ] ], [ [ [ 55.319557753242101, 25.235293298428761 ], [ 55.319467921713688, 25.235293298428768 ], [ 55.319471640331493, 25.235329514949886 ], [ 55.3194326, 25.235326 ], [ 55.3193836, 25.2357715 ], [ 55.319510616463383, 25.23599793492199 ], [ 55.320175517771865, 25.236041534414454 ], [ 55.320222717464858, 25.235612134367969 ], [ 55.3200957, 25.2353857 ], [ 55.319562310052881, 25.2353376782502 ], [ 55.319557753242101, 25.235293298428761 ] ] ], [ [ [ 55.319758777392636, 25.24240706960256 ], [ 55.320118977724341, 25.242432569474232 ], [ 55.320124377649549, 25.242248169470237 ], [ 55.3200651, 25.2421425 ], [ 55.3197044, 25.2421339 ], [ 55.3196995, 25.2423014 ], [ 55.319758777392636, 25.24240706960256 ] ] ], [ [ [ 55.319301808524862, 25.250858305953379 ], [ 55.319261726927898, 25.250778638999535 ], [ 55.319752660053531, 25.251310482694077 ], [ 55.319842491602515, 25.251310482685827 ], [ 55.319932323141522, 25.251220651148905 ], [ 55.319917079355747, 25.251103647429275 ], [ 55.319737416298921, 25.250923984372442 ], [ 55.319333174421068, 25.250609574023002 ], [ 55.319198427128448, 25.250609574023002 ], [ 55.31919842712896, 25.250652822880571 ], [ 55.318973848307422, 25.250250247909364 ], [ 55.318749269486389, 25.250115500616737 ], [ 55.318704353722183, 25.250115500616744 ], [ 55.318659437957976, 25.250160416380947 ], [ 55.318659437957976, 25.250250247909364 ], [ 55.319032313898056, 25.250993053268342 ], [ 55.319167061218103, 25.250993053257339 ], [ 55.319301808533723, 25.25094813748202 ], [ 55.319301808524862, 25.250858305953379 ] ] ], [ [ [ 55.319927241626168, 25.247797995665721 ], [ 55.319972157397231, 25.247797995662978 ], [ 55.319961995119954, 25.247734965113825 ], [ 55.319917079355747, 25.247734965113821 ], [ 55.319927241626168, 25.247797995665721 ] ] ], [ [ [ 55.319391017058614, 25.236888435035009 ], [ 55.320055818382038, 25.236948334527931 ], [ 55.320106218055507, 25.236491234478336 ], [ 55.3199792, 25.2362648 ], [ 55.3193128, 25.2362189 ], [ 55.319264, 25.236662 ], [ 55.319391017058614, 25.236888435035009 ] ] ], [ [ [ 55.3199628, 25.2391717 ], [ 55.319970936070085, 25.239229791281097 ], [ 55.320027236086204, 25.239244391275399 ], [ 55.320020860211685, 25.239189437858979 ], [ 55.320044136084675, 25.239197091273525 ], [ 55.320056136084048, 25.23916729127221 ], [ 55.3200392, 25.2391371 ], [ 55.3199801, 25.2391177 ], [ 55.319985005449418, 25.239177458432099 ], [ 55.3199628, 25.2391717 ] ] ], [ [ [ 55.319893051564605, 25.240406015712107 ], [ 55.320027798899503, 25.240406015695157 ], [ 55.32000691088416, 25.240278948255625 ], [ 55.31987216359154, 25.240278948255632 ], [ 55.319893051564605, 25.240406015712107 ] ] ], [ [ [ 55.320013853055109, 25.237971937581911 ], [ 55.320040553080126, 25.237977737572891 ], [ 55.320061953064865, 25.237896437564739 ], [ 55.3199789, 25.23779 ], [ 55.3199574, 25.2378713 ], [ 55.320013853055109, 25.237971937581911 ] ] ], [ [ [ 55.319837974660963, 25.247888833577203 ], [ 55.319882890432403, 25.247888833574304 ], [ 55.31987216359154, 25.247779880878028 ], [ 55.319827247827334, 25.247779880878031 ], [ 55.319837974660963, 25.247888833577203 ] ] ], [ [ [ 55.319933877806626, 25.243004969546785 ], [ 55.3198738, 25.2428792 ], [ 55.3198142, 25.2428812 ], [ 55.31987427775438, 25.243006869568088 ], [ 55.319933877806626, 25.243004969546785 ] ] ], [ [ [ 55.31993720865399, 25.240563973871403 ], [ 55.3198808, 25.2404181 ], [ 55.3198218, 25.240423 ], [ 55.319878108610673, 25.240568773889539 ], [ 55.31993720865399, 25.240563973871403 ] ] ], [ [ [ 55.319793058896543, 25.247978665108707 ], [ 55.319782332063127, 25.247914628170648 ], [ 55.319737416298921, 25.247914628170648 ], [ 55.319748143125089, 25.247978665111617 ], [ 55.319793058896543, 25.247978665108707 ] ] ], [ [ [ 55.319915081172596, 25.237809755043326 ], [ 55.3198998, 25.2377379 ], [ 55.3198609, 25.2377306 ], [ 55.319876181158222, 25.237802555048589 ], [ 55.319915081172596, 25.237809755043326 ] ] ], [ [ [ 55.319922724376241, 25.231126196110729 ], [ 55.320012555912271, 25.231126196107674 ], [ 55.32000691088416, 25.231071216593403 ], [ 55.319917079355747, 25.231071216593406 ], [ 55.319922724376241, 25.231126196110729 ] ] ], [ [ [ 55.3197932, 25.230209 ], [ 55.3197362, 25.2301709 ], [ 55.3196423, 25.2302861 ], [ 55.319776611930109, 25.230545434586691 ], [ 55.319856712127951, 25.230594234526617 ], [ 55.319923993315086, 25.230542291175762 ], [ 55.320012555888283, 25.230542291172373 ], [ 55.320012555884595, 25.230452459643868 ], [ 55.31996102889196, 25.230442395901353 ], [ 55.3198521, 25.2302482 ], [ 55.3197932, 25.230209 ] ] ], [ [ [ 55.319615654315214, 25.250408141906075 ], [ 55.319705485861149, 25.250408141899044 ], [ 55.319692500534714, 25.250340079437773 ], [ 55.319602669006308, 25.250340079437773 ], [ 55.319615654315214, 25.250408141906075 ] ] ], [ [ [ 55.319877808768787, 25.235033867602375 ], [ 55.31987216359154, 25.234978888079326 ], [ 55.319827247827334, 25.234978888079333 ], [ 55.319832893000779, 25.235033867603896 ], [ 55.319877808768787, 25.235033867602375 ] ] ], [ [ [ 55.319728177396478, 25.242479069614301 ], [ 55.31977487743827, 25.242479569597631 ], [ 55.319775277423219, 25.242443869597082 ], [ 55.319716, 25.2423382 ], [ 55.3196693, 25.2423378 ], [ 55.319728177396478, 25.242479069614301 ] ] ], [ [ [ 55.319466, 25.2512602 ], [ 55.31957258111759, 25.251418469770677 ], [ 55.319621481145646, 25.251382569752799 ], [ 55.319578217112991, 25.251305450823271 ], [ 55.319615089817759, 25.251305450813895 ], [ 55.319615089813688, 25.251260535049589 ], [ 55.319557753242101, 25.251193478957685 ], [ 55.319512837477895, 25.251193478957685 ], [ 55.319466, 25.2512602 ] ] ], [ [ [ 55.319647584770507, 25.248318870048507 ], [ 55.319512837477895, 25.2483188700485 ], [ 55.319378090185275, 25.24840870157691 ], [ 55.319388816995648, 25.248517654306404 ], [ 55.319478648538542, 25.248517654300592 ], [ 55.319658311613793, 25.248382906996092 ], [ 55.319647584770507, 25.248318870048507 ] ] ], [ [ [ 55.319775776071545, 25.239311169561578 ], [ 55.3197165, 25.2392055 ], [ 55.3196642, 25.2391921 ], [ 55.319649, 25.2392409 ], [ 55.319708276026738, 25.239346569586072 ], [ 55.319760576079034, 25.239359869567551 ], [ 55.319775776071545, 25.239311169561578 ] ] ], [ [ [ 55.319313, 25.249145 ], [ 55.3192563, 25.2491857 ], [ 55.319294126255286, 25.249253127423049 ], [ 55.319556526486721, 25.249551827365394 ], [ 55.31958742649816, 25.2495296273582 ], [ 55.3195199, 25.2493805 ], [ 55.319313, 25.249145 ] ] ], [ [ [ 55.319647584770507, 25.240323864019832 ], [ 55.319668472666294, 25.240361099975974 ], [ 55.31971338844459, 25.240361099970325 ], [ 55.319692500534714, 25.240009453670393 ], [ 55.319647584770507, 25.240009453670393 ], [ 55.319647584770507, 25.240323864019832 ] ] ], [ [ [ 55.319782332063127, 25.234799225022496 ], [ 55.319647584770507, 25.234799225022496 ], [ 55.319647584770507, 25.234844140786709 ], [ 55.319787977225388, 25.234854204548416 ], [ 55.319782332063127, 25.234799225022496 ] ] ], [ [ [ 55.319557753242101, 25.230622058951344 ], [ 55.319512837477895, 25.230622058951344 ], [ 55.319518482445687, 25.230677038481929 ], [ 55.319559306877856, 25.230677038481101 ], [ 55.319512837477895, 25.230711890479757 ], [ 55.319518482456751, 25.230946533067453 ], [ 55.319563398224766, 25.230946533065925 ], [ 55.319787977059299, 25.230811785765539 ], [ 55.319832892821772, 25.230677038471246 ], [ 55.319832892819925, 25.230632122706982 ], [ 55.319782332063127, 25.230577143187144 ], [ 55.319692500534714, 25.230577143187141 ], [ 55.319563105684743, 25.230674189378551 ], [ 55.319557753242101, 25.230622058951344 ] ] ], [ [ [ 55.3193029, 25.2463244 ], [ 55.319376978810453, 25.246478869784823 ], [ 55.319580278969774, 25.246428569711657 ], [ 55.3195062, 25.2462741 ], [ 55.3193029, 25.2463244 ] ] ], [ [ [ 55.319551377709089, 25.243567969689707 ], [ 55.319548930886711, 25.243481203005498 ], [ 55.319609636504012, 25.243493691331693 ], [ 55.319609636487556, 25.243360291331264 ], [ 55.3195927, 25.2433301 ], [ 55.319539, 25.2433301 ], [ 55.319539000001043, 25.243414557257566 ], [ 55.3194882, 25.243324 ], [ 55.319440589343351, 25.24332506591119 ], [ 55.319389659593313, 25.243231102055198 ], [ 55.319443800000037, 25.243220613252845 ], [ 55.319460736441599, 25.243294791346244 ], [ 55.319604236478106, 25.243294791331607 ], [ 55.3195873, 25.2432173 ], [ 55.319528570772292, 25.243217300016862 ], [ 55.319615089078226, 25.243130781709091 ], [ 55.319602669006308, 25.243018809872197 ], [ 55.319557753242101, 25.24297389410799 ], [ 55.319467921713688, 25.242973894107987 ], [ 55.319423005950235, 25.243037171754047 ], [ 55.31941040000001, 25.2430147 ], [ 55.3192029, 25.2430152 ], [ 55.319202994342383, 25.243044477261822 ], [ 55.3191896, 25.2430206 ], [ 55.3190971, 25.2430206 ], [ 55.319114036329466, 25.243100691380981 ], [ 55.319158100002085, 25.243100691379016 ], [ 55.319190536371714, 25.243285491373783 ], [ 55.31924952794931, 25.24330067632366 ], [ 55.319291877395237, 25.243376169780202 ], [ 55.319435992491904, 25.243375879371843 ], [ 55.3194384, 25.2434635 ], [ 55.319497677661801, 25.243569169708895 ], [ 55.319551377709089, 25.243567969689707 ] ], [ [ 55.319206630156437, 25.243221579355932 ], [ 55.319206622130039, 25.243206965619461 ], [ 55.319214805890233, 25.243221554277305 ], [ 55.319206630156437, 25.243221579355932 ] ] ], [ [ [ 55.31955393670566, 25.245243491343018 ], [ 55.31958143671266, 25.245243491340212 ], [ 55.319581436708773, 25.24521199134011 ], [ 55.319537, 25.2451818 ], [ 55.31955393670566, 25.245243491343018 ] ] ], [ [ [ 55.3194788, 25.2419856 ], [ 55.319537077078969, 25.242137669678673 ], [ 55.319598577134201, 25.242138769656734 ], [ 55.319557336308591, 25.242016991332267 ], [ 55.319554636271114, 25.241718691331585 ], [ 55.319521840603493, 25.241688532076033 ], [ 55.319523576611587, 25.241082669671602 ], [ 55.3194643, 25.240977 ], [ 55.3194129, 25.2409769 ], [ 55.3194111, 25.2416049 ], [ 55.319458086849593, 25.241688661002467 ], [ 55.3194394, 25.2419213 ], [ 55.3194788, 25.2419856 ] ] ], [ [ [ 55.319378090185275, 25.250923984372449 ], [ 55.319333174421068, 25.250923984372442 ], [ 55.319333174421068, 25.251013815900865 ], [ 55.319393333832643, 25.251085903905402 ], [ 55.319438249607146, 25.251085903901277 ], [ 55.319378090185275, 25.250923984372449 ] ] ], [ [ [ 55.319518482626528, 25.235078783378842 ], [ 55.319653229930573, 25.235078783374263 ], [ 55.319647584770507, 25.235023803843532 ], [ 55.319557753242101, 25.234933972315122 ], [ 55.319423005949481, 25.234933972315119 ], [ 55.319423005949481, 25.234978888079326 ], [ 55.319518482626528, 25.235078783378842 ] ] ], [ [ [ 55.319653229912113, 25.234629625731717 ], [ 55.319647584770507, 25.234574646201473 ], [ 55.319602669006308, 25.234574646201473 ], [ 55.319608314144098, 25.234629625733245 ], [ 55.319653229912113, 25.234629625731717 ] ] ], [ [ [ 55.319511334886592, 25.230577291300076 ], [ 55.319586834904875, 25.230569991292356 ], [ 55.319701434916659, 25.230429191280212 ], [ 55.3196375, 25.2303361 ], [ 55.3196069, 25.2303361 ], [ 55.3194768, 25.2304962 ], [ 55.319511334886592, 25.230577291300076 ] ] ], [ [ [ 55.319433732746042, 25.248248159717708 ], [ 55.319433732739029, 25.248158328189106 ], [ 55.319378090185275, 25.248139206991677 ], [ 55.319378090185275, 25.248229038520087 ], [ 55.319433732746042, 25.248248159717708 ] ] ], [ [ [ 55.319441, 25.2398155 ], [ 55.319415, 25.2398147 ], [ 55.3194129, 25.2398626 ], [ 55.319444458247666, 25.239957864502649 ], [ 55.31953428980502, 25.239957864491036 ], [ 55.319512837477895, 25.23982979061357 ], [ 55.319455810352537, 25.239841901979538 ], [ 55.319441, 25.2398155 ] ] ], [ [ [ 55.3188705, 25.2426059 ], [ 55.3188705, 25.2427126 ], [ 55.318929776832036, 25.242818269903189 ], [ 55.318951876851706, 25.242818269895302 ], [ 55.318951876828315, 25.24276240225673 ], [ 55.318956, 25.2428558 ], [ 55.319015276969964, 25.242961469874274 ], [ 55.319482577386502, 25.242962569707444 ], [ 55.319483777217151, 25.242567769702564 ], [ 55.3194245, 25.2424621 ], [ 55.3189506, 25.242461 ], [ 55.31894991845931, 25.242708078847922 ], [ 55.3188705, 25.2426059 ] ], [ [ 55.319071449821287, 25.242740607240624 ], [ 55.319071459875119, 25.242736314043032 ], [ 55.319080990676646, 25.242736336173152 ], [ 55.319072454861015, 25.242740157323723 ], [ 55.319071449821287, 25.242740607240624 ] ] ], [ [ [ 55.319346159792119, 25.251620867563712 ], [ 55.319333174421068, 25.251552805071334 ], [ 55.319288258656862, 25.251552805071331 ], [ 55.319301244019158, 25.251620867567226 ], [ 55.319346159792119, 25.251620867563712 ] ] ], [ [ [ 55.319346159753884, 25.251216625684862 ], [ 55.319108595600035, 25.251058731665069 ], [ 55.319063679835836, 25.251058731665069 ], [ 55.319063679835836, 25.251193478957685 ], [ 55.319121580901779, 25.251351372995384 ], [ 55.319346159758133, 25.251261541449189 ], [ 55.319346159753884, 25.251216625684862 ] ] ], [ [ [ 55.3194393, 25.2389828 ], [ 55.319324, 25.2389549 ], [ 55.319343959197248, 25.239043742613127 ], [ 55.3193027, 25.2390334 ], [ 55.3192922, 25.2390674 ], [ 55.319351475634235, 25.239173069711494 ], [ 55.319471435940351, 25.23920799133198 ], [ 55.31944262111714, 25.239112322313481 ], [ 55.319488275734564, 25.239123369662096 ], [ 55.319498575728673, 25.239088469658032 ], [ 55.3194393, 25.2389828 ] ] ], [ [ [ 55.3191533, 25.2465255 ], [ 55.3190253, 25.2463362 ], [ 55.3189043, 25.2463089 ], [ 55.31880420000001, 25.2465846 ], [ 55.318914878524666, 25.246770069953122 ], [ 55.318999478608255, 25.246789169923129 ], [ 55.319191378744087, 25.246707969853681 ], [ 55.319199112489443, 25.246679953257754 ], [ 55.319287178860613, 25.246780269820285 ], [ 55.319376378921348, 25.246736969787946 ], [ 55.3193058, 25.2465609 ], [ 55.3192327, 25.2465345 ], [ 55.31917863319633, 25.246570658800824 ], [ 55.3191533, 25.2465255 ] ] ], [ [ [ 55.319343901203148, 25.248248159723527 ], [ 55.319288258656862, 25.248229038520094 ], [ 55.319298985438728, 25.248337991255017 ], [ 55.319343901210175, 25.248337991252118 ], [ 55.319343901203148, 25.248248159723527 ] ] ], [ [ [ 55.319411136279754, 25.242084791347398 ], [ 55.3193942, 25.2420036 ], [ 55.3193365, 25.2420036 ], [ 55.319353436265075, 25.242084791353285 ], [ 55.319411136279754, 25.242084791347398 ] ] ], [ [ [ 55.319108595600035, 25.248812943454766 ], [ 55.319118757833472, 25.248965805586835 ], [ 55.319253505146669, 25.248965805578585 ], [ 55.319298420904424, 25.248786142518664 ], [ 55.319288258656862, 25.248633280397947 ], [ 55.319198427128448, 25.248633280397947 ], [ 55.319108595600035, 25.248812943454766 ] ] ], [ [ [ 55.314713873269191, 25.252903034849723 ], [ 55.314796682237009, 25.252792622977658 ], [ 55.314796682236263, 25.252900277997504 ], [ 55.314894101066741, 25.253038788482236 ], [ 55.315082301742592, 25.253076428550845 ], [ 55.315449136731083, 25.253917391789834 ], [ 55.31548079294366, 25.253905641681904 ], [ 55.315586136794252, 25.254146791776606 ], [ 55.315717736822187, 25.254101691763026 ], [ 55.3156121, 25.2538601 ], [ 55.31571870523014, 25.254098987644991 ], [ 55.315812105259866, 25.254066987630541 ], [ 55.315756291759982, 25.25394191742096 ], [ 55.315877167995062, 25.25406279323315 ], [ 55.315966999587495, 25.254062793207481 ], [ 55.316056831164417, 25.254017877417205 ], [ 55.316371241644823, 25.253748382739698 ], [ 55.316371241588179, 25.253547571351262 ], [ 55.316407905386733, 25.253523287536726 ], [ 55.316384790614329, 25.253488323844557 ], [ 55.316424761685631, 25.253414159503098 ], [ 55.316446959031488, 25.253453728388831 ], [ 55.316536790604864, 25.253453728370804 ], [ 55.316536790572172, 25.253318981077335 ], [ 55.316503481276094, 25.253259604111161 ], [ 55.31641364974768, 25.253259604111157 ], [ 55.316413649748817, 25.253337258041377 ], [ 55.316270098761343, 25.253160968910709 ], [ 55.316420057819798, 25.253136279847023 ], [ 55.316524934710436, 25.253252931139262 ], [ 55.316659682046492, 25.253252931121839 ], [ 55.317243587134321, 25.253028352224437 ], [ 55.31719867131352, 25.252758857643901 ], [ 55.316997554682359, 25.252361288827039 ], [ 55.316937948067192, 25.252316373071046 ], [ 55.316983805380488, 25.252301487442651 ], [ 55.31689430829951, 25.252077318894994 ], [ 55.317042470450701, 25.25200997235677 ], [ 55.317042470446566, 25.252316373062836 ], [ 55.317125212108351, 25.252428716767234 ], [ 55.317177217739307, 25.252428716769966 ], [ 55.317441279872732, 25.252931870548981 ], [ 55.317657580031977, 25.252854470470854 ], [ 55.317585979856709, 25.252596270493505 ], [ 55.3174772, 25.2523775 ], [ 55.317379422907891, 25.252388895733741 ], [ 55.317581459617543, 25.252321550116896 ], [ 55.3175589, 25.2523535 ], [ 55.317626375381238, 25.252585867648076 ], [ 55.317714109685703, 25.252657403992281 ], [ 55.317767897549295, 25.252822523088788 ], [ 55.317857729086853, 25.252822523085126 ], [ 55.317902644846761, 25.252642860026235 ], [ 55.317806038438064, 25.252630783412272 ], [ 55.317792580404422, 25.252657699496016 ], [ 55.317750817703427, 25.252591831894879 ], [ 55.317781305745385, 25.252628087322165 ], [ 55.317843005765127, 25.252607487312623 ], [ 55.317816101950427, 25.252548309075404 ], [ 55.317862810223971, 25.252517170196811 ], [ 55.317862810216219, 25.252427338668191 ], [ 55.317716206909651, 25.252271457298622 ], [ 55.317686713597134, 25.252271457309146 ], [ 55.317709117288281, 25.252114306282476 ], [ 55.317626375381238, 25.251957046949187 ], [ 55.317356533505688, 25.251867215441379 ], [ 55.317486796492403, 25.251714089996096 ], [ 55.317452446159173, 25.251531022620341 ], [ 55.317484854535131, 25.251527953761627 ], [ 55.3175587, 25.2517694 ], [ 55.318069980394505, 25.252843270323446 ], [ 55.318495780727453, 25.252735970170146 ], [ 55.318346796704233, 25.252379403749192 ], [ 55.318579768833409, 25.252379403706104 ], [ 55.318669600365553, 25.252244656407719 ], [ 55.318669600358902, 25.252154824879135 ], [ 55.318586338401886, 25.252148788814409 ], [ 55.318566785337765, 25.252113934660528 ], [ 55.318671858666548, 25.252113934642107 ], [ 55.318671858662483, 25.252069018877794 ], [ 55.318614522193769, 25.25200196271339 ], [ 55.318524690665363, 25.25200196271339 ], [ 55.318535674870795, 25.252111374067876 ], [ 55.318445021501262, 25.252109484185315 ], [ 55.318445021493609, 25.252020077600001 ], [ 55.318355634114944, 25.251911420083616 ], [ 55.318524690665846, 25.25185543480876 ], [ 55.318538805060214, 25.251937290741683 ], [ 55.31862863660767, 25.251937290734041 ], [ 55.318628636605609, 25.251913326352049 ], [ 55.318722555872299, 25.252108240337382 ], [ 55.318886655951658, 25.252049440298439 ], [ 55.318799874116976, 25.251851329800711 ], [ 55.318886981665663, 25.251821142705602 ], [ 55.318908572097946, 25.251863020566539 ], [ 55.318884016779009, 25.251957046949176 ], [ 55.318942482448897, 25.251981200090757 ], [ 55.318987398217814, 25.251936284322767 ], [ 55.318987398210382, 25.251858531205901 ], [ 55.319091380864329, 25.251824469947131 ], [ 55.319058978018013, 25.251761537221913 ], [ 55.319225380931591, 25.251703869897906 ], [ 55.319171673227139, 25.251576958199909 ], [ 55.319211977049093, 25.251576958189865 ], [ 55.31921197704466, 25.251532042425541 ], [ 55.319198427128448, 25.251507889307131 ], [ 55.31914244404296, 25.251507889313555 ], [ 55.3190862351235, 25.251404988125074 ], [ 55.318865480223806, 25.25080717001633 ], [ 55.3186706, 25.2503803 ], [ 55.318596910057018, 25.25040291987332 ], [ 55.318666979854633, 25.250361670082192 ], [ 55.3184248, 25.249797 ], [ 55.3183375, 25.2497511 ], [ 55.3181486, 25.2498095 ], [ 55.318614888800397, 25.250872829681303 ], [ 55.3185943, 25.2508792 ], [ 55.318823253520819, 25.251424755897659 ], [ 55.31873621764521, 25.251436197935497 ], [ 55.3186882, 25.2513297 ], [ 55.3184709, 25.251405 ], [ 55.318510944895003, 25.251568373324663 ], [ 55.31843485913695, 25.251462973542917 ], [ 55.318389943372743, 25.251462973542921 ], [ 55.318398006993895, 25.251540143826894 ], [ 55.318356879984179, 25.251440071799092 ], [ 55.318402928542774, 25.251441204580239 ], [ 55.318402928530027, 25.251306457287285 ], [ 55.31830011184433, 25.251148563193471 ], [ 55.318255196080123, 25.251148563193478 ], [ 55.318255196080642, 25.251192649406455 ], [ 55.318201113133796, 25.251061051652623 ], [ 55.318269874900189, 25.251084897625461 ], [ 55.318269874890582, 25.250995066096799 ], [ 55.318063679337456, 25.250408370298182 ], [ 55.3179539, 25.2501835 ], [ 55.317839425269071, 25.250036569836698 ], [ 55.317874936868094, 25.250023491529742 ], [ 55.3178193, 25.2499073 ], [ 55.317388492306144, 25.250062537526208 ], [ 55.317455180704357, 25.249995849110164 ], [ 55.317446712324418, 25.249935837559921 ], [ 55.317311965031799, 25.249935837559921 ], [ 55.317267049267713, 25.249995013016193 ], [ 55.3171414, 25.2500028 ], [ 55.3171486, 25.2500973 ], [ 55.317165536700394, 25.250127491602452 ], [ 55.317209688646003, 25.250124753244496 ], [ 55.3165002, 25.2503844 ], [ 55.316604278113907, 25.250585170821331 ], [ 55.317269830381974, 25.250336188000205 ], [ 55.317451, 25.2507765 ], [ 55.317573572055103, 25.250939851657165 ], [ 55.317272491421448, 25.251042575460385 ], [ 55.317172385678198, 25.250770859016477 ], [ 55.317087386210773, 25.250654489787209 ], [ 55.316603777495303, 25.250639836614365 ], [ 55.3165483970403, 25.2505197424946 ], [ 55.31641364974768, 25.250564658258803 ], [ 55.316368733984142, 25.250632714306736 ], [ 55.316197110397852, 25.250627513518303 ], [ 55.316464736572414, 25.250535791675272 ], [ 55.3164089, 25.2504128 ], [ 55.3159829, 25.2505588 ], [ 55.316011541910335, 25.250621889926471 ], [ 55.31596541774563, 25.250620492112642 ], [ 55.3159362, 25.2505634 ], [ 55.315860871384508, 25.250589550902344 ], [ 55.3158328, 25.2505352 ], [ 55.3156887, 25.2505838 ], [ 55.315703551928209, 25.250612555876433 ], [ 55.315515334463562, 25.250609574023002 ], [ 55.315367379908878, 25.250755931206118 ], [ 55.315335671406736, 25.250699405551419 ], [ 55.315245839878322, 25.250699405551419 ], [ 55.315237750225258, 25.250858421859583 ], [ 55.3152061, 25.250802 ], [ 55.3150386, 25.2507548 ], [ 55.3149193, 25.2508215 ], [ 55.315017604814976, 25.251001856893957 ], [ 55.314887, 25.2510509 ], [ 55.31477, 25.2511688 ], [ 55.3147593, 25.2513253 ], [ 55.314846776941849, 25.251496471459188 ], [ 55.314877565482576, 25.251507889330089 ], [ 55.314751766472057, 25.251507889307131 ], [ 55.3147427, 25.2515964 ], [ 55.314812158139922, 25.251726290895292 ], [ 55.3147231, 25.2517578 ], [ 55.314812748961863, 25.251937407814694 ], [ 55.3147347, 25.251835 ], [ 55.314637, 25.2518674 ], [ 55.31471929883827, 25.252089720638228 ], [ 55.31449892615499, 25.252167299226095 ], [ 55.314538436274425, 25.252094491876832 ], [ 55.3144673, 25.2520403 ], [ 55.3144266, 25.2521152 ], [ 55.314495509815295, 25.252168501888995 ], [ 55.3133118, 25.2525852 ], [ 55.313563691404951, 25.253164557318758 ], [ 55.313539040838499, 25.253484182932191 ], [ 55.313583956602706, 25.253708761753217 ], [ 55.314167861537868, 25.254687340618631 ], [ 55.314203428227493, 25.254805227363427 ], [ 55.314284121579213, 25.254805227360919 ], [ 55.314212777301584, 25.254876571622574 ], [ 55.31423509070207, 25.25496126434021 ], [ 55.3141595, 25.2549862 ], [ 55.3141496, 25.2550401 ], [ 55.314259336598305, 25.255296091915685 ], [ 55.314325536623663, 25.255364991909158 ], [ 55.314390736637783, 25.25534499190244 ], [ 55.314402936634615, 25.255294091901032 ], [ 55.314299933604275, 25.255036921769246 ], [ 55.314338740215135, 25.255075728318506 ], [ 55.314563319158125, 25.255075728269624 ], [ 55.314653150723494, 25.255030812485561 ], [ 55.314617019179444, 25.254921487386778 ], [ 55.314338175587693, 25.254786740095298 ], [ 55.314338175579387, 25.25475405048806 ], [ 55.31468833665258, 25.254850791870485 ], [ 55.314791436667569, 25.254759591859671 ], [ 55.314824596034242, 25.254661502401262 ], [ 55.315201173018565, 25.254642672790048 ], [ 55.315470667712837, 25.254418093893754 ], [ 55.315470667638962, 25.254193515070781 ], [ 55.315200924114116, 25.253663845989006 ], [ 55.315137062056067, 25.253594431487631 ], [ 55.315137061990796, 25.25326098247093 ], [ 55.31511109258571, 25.253214688346954 ], [ 55.31497634529309, 25.253079941054331 ], [ 55.314886513764677, 25.253035025290128 ], [ 55.314796682236263, 25.253035025290128 ], [ 55.314728615318735, 25.253143606985905 ], [ 55.314401715567826, 25.252795143399979 ], [ 55.314496011093503, 25.25268965094288 ], [ 55.314624041670669, 25.252903034877832 ], [ 55.314713873269191, 25.252903034849723 ] ], [ [ 55.3156121, 25.2538601 ], [ 55.315498793345547, 25.253898960314228 ], [ 55.315586536759767, 25.253866391775652 ], [ 55.315551785694169, 25.253727263818718 ], [ 55.315658557372771, 25.253844183136788 ], [ 55.3156121, 25.2538601 ] ], [ [ 55.318496712142043, 25.251762659600065 ], [ 55.318541627917689, 25.251762659595482 ], [ 55.318541627903912, 25.251646533046031 ], [ 55.318614515068937, 25.251812378346255 ], [ 55.318524690665363, 25.25182229965657 ], [ 55.318524690665789, 25.251848395021742 ], [ 55.318496712142043, 25.251762659600065 ] ], [ [ 55.318259958307202, 25.252171570733136 ], [ 55.318415810423922, 25.252154824914001 ], [ 55.318414054220604, 25.252222624966201 ], [ 55.318301453414485, 25.252270882342096 ], [ 55.318259958307202, 25.252171570733136 ] ], [ [ 55.317996992878243, 25.251438185459765 ], [ 55.317996992863463, 25.251258522402566 ], [ 55.317940785730684, 25.251238394721891 ], [ 55.317940785732695, 25.251314524743407 ], [ 55.317882865035862, 25.251177748343245 ], [ 55.317983002168283, 25.251124439275589 ], [ 55.318262692472679, 25.25180520114327 ], [ 55.318120448787504, 25.251642636599748 ], [ 55.318075533023304, 25.251642636599744 ], [ 55.318075533024363, 25.251730177675178 ], [ 55.318015827321958, 25.251587280737912 ], [ 55.318085695295174, 25.251615835743365 ], [ 55.318085695285198, 25.251481088450486 ], [ 55.317985701494891, 25.251462973542914 ], [ 55.317985701495246, 25.251533244984039 ], [ 55.317934312557647, 25.251467070113328 ], [ 55.317996992878243, 25.251438185459765 ] ], [ [ 55.318064601979209, 25.251094632616805 ], [ 55.317717778968664, 25.250267770420123 ], [ 55.317613866132781, 25.250119639089725 ], [ 55.317674551884018, 25.250097289697319 ], [ 55.3180331, 25.2509429 ], [ 55.318092379639445, 25.251048570295165 ], [ 55.318169789247293, 25.251021703228037 ], [ 55.318192364252596, 25.251052302773903 ], [ 55.318064601979209, 25.251094632616805 ] ], [ [ 55.317829379237814, 25.251035390871422 ], [ 55.317728879211835, 25.250808070422263 ], [ 55.317731597947095, 25.250797120267702 ], [ 55.317829379237814, 25.251035390871422 ] ], [ [ 55.317253749251542, 25.252466548376471 ], [ 55.317234762462867, 25.252428716751623 ], [ 55.317293249993114, 25.252417619949789 ], [ 55.317253749251542, 25.252466548376471 ] ], [ [ 55.317294326893247, 25.250095302935868 ], [ 55.317291128895192, 25.250052738113897 ], [ 55.317321980681392, 25.250085680645739 ], [ 55.317294326893247, 25.250095302935868 ] ], [ [ 55.316882, 25.252281 ], [ 55.316901843591275, 25.252316373085009 ], [ 55.316863188148936, 25.252316373090178 ], [ 55.316782526158114, 25.252128128887623 ], [ 55.316815314403541, 25.252113225174217 ], [ 55.316882, 25.252281 ] ], [ [ 55.316558559128161, 25.252229931547454 ], [ 55.316577830484896, 25.252221171906506 ], [ 55.316642547233776, 25.252359849274484 ], [ 55.316616136391829, 25.252423147254742 ], [ 55.316558559137533, 25.252362897998001 ], [ 55.316558559128161, 25.252229931547454 ] ], [ [ 55.316250187303076, 25.252361447401672 ], [ 55.316408817672652, 25.252297995195544 ], [ 55.316419452740092, 25.252293161127852 ], [ 55.316413649748192, 25.252367068640513 ], [ 55.316272177708434, 25.252416274864807 ], [ 55.316250187303076, 25.252361447401672 ] ], [ [ 55.315871190622232, 25.252226541535439 ], [ 55.315922110619113, 25.252167134766342 ], [ 55.315977908322722, 25.252295373387017 ], [ 55.315874660577208, 25.252226541534416 ], [ 55.315871190622232, 25.252226541535439 ] ], [ [ 55.315896177017358, 25.252832089483604 ], [ 55.315829744813001, 25.252765530704895 ], [ 55.315756798706396, 25.252711294765472 ], [ 55.315840608610628, 25.252700679667932 ], [ 55.315896177017358, 25.252832089483604 ] ], [ [ 55.315650081756175, 25.251687552363951 ], [ 55.315573704202492, 25.251687552379057 ], [ 55.315657373646232, 25.251515477572134 ], [ 55.315752160999111, 25.251748799986977 ], [ 55.315650081756175, 25.251687552363951 ] ], [ [ 55.315342277808554, 25.252481671293442 ], [ 55.315245839878322, 25.252271457298633 ], [ 55.315156008349909, 25.252181625770213 ], [ 55.31511109258571, 25.252181625770213 ], [ 55.31511109258679, 25.252209254000245 ], [ 55.315057072507557, 25.252153184292727 ], [ 55.315174688892135, 25.252123554454457 ], [ 55.315281145920075, 25.252326467217074 ], [ 55.31533966633797, 25.252302390885081 ], [ 55.315335671406736, 25.252361288827036 ], [ 55.315377448166359, 25.252435761917791 ], [ 55.315467279778503, 25.25252559342432 ], [ 55.315557111363312, 25.252525593401703 ], [ 55.315650081756424, 25.252463613170335 ], [ 55.315650081756175, 25.252540951883866 ], [ 55.315726085966098, 25.252684676968844 ], [ 55.315560250227769, 25.252540951883866 ], [ 55.315369289533415, 25.252557012915712 ], [ 55.315342277808554, 25.252481671293442 ] ], [ [ 55.315498505778628, 25.251153621996533 ], [ 55.31550129744528, 25.251131288572132 ], [ 55.315512070417533, 25.251157806833142 ], [ 55.315498505778628, 25.251153621996533 ] ], [ [ 55.315411318472734, 25.250909799960009 ], [ 55.31539702623926, 25.250895507726892 ], [ 55.315369219494457, 25.250867700969714 ], [ 55.315391125914324, 25.250860094662887 ], [ 55.315411318472734, 25.250909799960009 ] ], [ [ 55.315265178306205, 25.251774558580927 ], [ 55.315336623885166, 25.251766098158214 ], [ 55.315039884838285, 25.251868597931058 ], [ 55.315005131051578, 25.251805352480201 ], [ 55.315265178306205, 25.251774558580927 ] ], [ [ 55.315156008349909, 25.251103647429268 ], [ 55.315156008350762, 25.25113620743419 ], [ 55.315109414640155, 25.251060675027702 ], [ 55.315171709648489, 25.251056543632753 ], [ 55.315156008349909, 25.251103647429268 ] ], [ [ 55.314900875525815, 25.252736454866216 ], [ 55.315080538742691, 25.252736454802072 ], [ 55.31508053870391, 25.252646623272629 ], [ 55.314887589239369, 25.252251572918293 ], [ 55.31495858771008, 25.2521721429137 ], [ 55.315146035869013, 25.252620799657365 ], [ 55.31511109258571, 25.252630783412272 ], [ 55.31511109258571, 25.252765530704885 ], [ 55.315143066335075, 25.252838613948914 ], [ 55.315021261057296, 25.252765530704892 ], [ 55.314817001416891, 25.252765530718957 ], [ 55.314869788127062, 25.252681036743382 ], [ 55.314900875525815, 25.252736454866216 ] ], [ [ 55.314817321338545, 25.251645021397234 ], [ 55.314901121057552, 25.251811288681598 ], [ 55.314937266239923, 25.251896864429863 ], [ 55.31485382559552, 25.251757751285545 ], [ 55.314817321338545, 25.251645021397234 ] ] ], [ [ [ 55.319122145276289, 25.249286254216781 ], [ 55.319256892596343, 25.249286254205781 ], [ 55.319198427128448, 25.249037522275799 ], [ 55.319108595600035, 25.249037522275799 ], [ 55.319063679835836, 25.249082438040002 ], [ 55.319063679835836, 25.249217185332622 ], [ 55.319122145276289, 25.249286254216781 ] ] ], [ [ [ 55.319215536229876, 25.242083791367342 ], [ 55.319298336251123, 25.242085191358914 ], [ 55.319332836251988, 25.242021091355184 ], [ 55.3193174, 25.2419133 ], [ 55.3187931, 25.2419045 ], [ 55.3187915, 25.2419809 ], [ 55.318850776445878, 25.242086569923138 ], [ 55.319151276715573, 25.242091569815909 ], [ 55.31915221891326, 25.242043579563134 ], [ 55.319215536229876, 25.242083791367342 ] ] ], [ [ [ 55.3189559, 25.2398752 ], [ 55.318968435941564, 25.240255491386659 ], [ 55.319113935978763, 25.240256991371819 ], [ 55.319196171518499, 25.240183634438587 ], [ 55.319268236007353, 25.240170591355803 ], [ 55.319264890638479, 25.240122334510133 ], [ 55.319357536013925, 25.240039691346276 ], [ 55.3193423, 25.2398783 ], [ 55.3192521, 25.2397949 ], [ 55.3190288, 25.2397926 ], [ 55.3189559, 25.2398752 ] ] ], [ [ [ 55.3181431, 25.2350173 ], [ 55.3181267, 25.2351045 ], [ 55.318346856932649, 25.235496988778173 ], [ 55.31863585840248, 25.235817988408538 ], [ 55.31905755986795, 25.235862487851342 ], [ 55.319368360452835, 25.235586287427726 ], [ 55.319378360339428, 25.235494887410635 ], [ 55.3191078, 25.2350405 ], [ 55.3182067, 25.2349646 ], [ 55.3181431, 25.2350173 ] ] ], [ [ [ 55.319325575618691, 25.239190469720928 ], [ 55.3192663, 25.2390848 ], [ 55.3192073, 25.2390703 ], [ 55.3191917, 25.239122 ], [ 55.319250975568323, 25.239227669747994 ], [ 55.319309975627107, 25.239242169727078 ], [ 55.319325575618691, 25.239190469720928 ] ] ], [ [ [ 55.319282476904299, 25.242258169770945 ], [ 55.3192232, 25.2421525 ], [ 55.3190381, 25.2421495 ], [ 55.3190361, 25.2422484 ], [ 55.31909537677911, 25.242354069838825 ], [ 55.31928047694521, 25.242357069772776 ], [ 55.319282476904299, 25.242258169770945 ] ] ], [ [ [ 55.319333174421068, 25.230891553536583 ], [ 55.31942865091888, 25.230901617306255 ], [ 55.319423005949481, 25.23080172200817 ], [ 55.319333174421068, 25.230801722008177 ], [ 55.319333174421068, 25.230891553536583 ] ] ], [ [ [ 55.319333174421068, 25.230622058951351 ], [ 55.319333174421068, 25.230711890479764 ], [ 55.319383735143489, 25.230721954250768 ], [ 55.319383735139802, 25.230632122722255 ], [ 55.319333174421068, 25.230622058951351 ] ] ], [ [ [ 55.319242876105577, 25.240489269765121 ], [ 55.319245476062882, 25.24038496976301 ], [ 55.3191862, 25.2402793 ], [ 55.3190078, 25.2402757 ], [ 55.3190052, 25.2403799 ], [ 55.319064475945154, 25.24048556982877 ], [ 55.319242876105577, 25.240489269765121 ] ] ], [ [ [ 55.319018764071629, 25.248812943454769 ], [ 55.31907384205244, 25.248831058296712 ], [ 55.319118757820171, 25.248786142529667 ], [ 55.319108595600035, 25.248723111926356 ], [ 55.319018764071629, 25.248723111926356 ], [ 55.319018764071629, 25.248812943454769 ] ] ], [ [ [ 55.319119322359967, 25.248427822795225 ], [ 55.319018764071629, 25.24840870157691 ], [ 55.319018764071629, 25.24845361734112 ], [ 55.319119322363477, 25.248472738559517 ], [ 55.319119322359967, 25.248427822795225 ] ] ], [ [ [ 55.319167177892474, 25.24478526984063 ], [ 55.3191077, 25.2446238 ], [ 55.3190745, 25.2446239 ], [ 55.319133977862961, 25.244785369852487 ], [ 55.319167177892474, 25.24478526984063 ] ] ], [ [ [ 55.31922057496547, 25.237893369743777 ], [ 55.3191613, 25.2377877 ], [ 55.319113, 25.2377766 ], [ 55.319165274922284, 25.237907369763679 ], [ 55.319213574970036, 25.237918369746559 ], [ 55.31922057496547, 25.237893369743777 ] ] ], [ [ [ 55.319073841999241, 25.248112406068024 ], [ 55.319063679835836, 25.248004459699061 ], [ 55.318973848307422, 25.248004459699057 ], [ 55.318984010457115, 25.248112406073528 ], [ 55.319073841999241, 25.248112406068024 ] ] ], [ [ [ 55.3190736, 25.2377918 ], [ 55.3190555, 25.2378446 ], [ 55.319091664533467, 25.237909070796572 ], [ 55.3190384, 25.2380823 ], [ 55.319097674983198, 25.238187969790971 ], [ 55.319133375018858, 25.23819696977834 ], [ 55.319202074983529, 25.237973369751291 ], [ 55.3190736, 25.2377918 ] ] ], [ [ [ 55.318979077361568, 25.24394336989829 ], [ 55.31910097747059, 25.243944469854775 ], [ 55.319042, 25.2438057 ], [ 55.3189202, 25.2438045 ], [ 55.318979077361568, 25.24394336989829 ] ] ], [ [ [ 55.31902949082761, 25.248562570093927 ], [ 55.319018764071629, 25.248498533105327 ], [ 55.318973848307422, 25.248498533105323 ], [ 55.318984575056163, 25.248562570096819 ], [ 55.31902949082761, 25.248562570093927 ] ] ], [ [ [ 55.319036829249256, 25.241434046503226 ], [ 55.319126660802041, 25.241434046493453 ], [ 55.319108595600035, 25.241312010832363 ], [ 55.319018764071629, 25.24131201083237 ], [ 55.319036829249256, 25.241434046503226 ] ] ], [ [ [ 55.3188108, 25.2430674 ], [ 55.3188091, 25.2431777 ], [ 55.318852236287832, 25.243303091408343 ], [ 55.319089736348189, 25.243302591384115 ], [ 55.319096677147677, 25.243205269847977 ], [ 55.3190374, 25.2430996 ], [ 55.318987800000095, 25.24310843991109 ], [ 55.3189659, 25.2430694 ], [ 55.3188108, 25.2430674 ] ] ], [ [ [ 55.3189724, 25.246991 ], [ 55.3187243, 25.2471165 ], [ 55.318772336747777, 25.247197091429062 ], [ 55.319020436795419, 25.247071491403339 ], [ 55.3189724, 25.246991 ] ] ], [ [ [ 55.319118175509274, 25.239364769796946 ], [ 55.3190589, 25.2392591 ], [ 55.318965, 25.239236 ], [ 55.3189385, 25.2393245 ], [ 55.318995300390739, 25.239508706916794 ], [ 55.319040216169419, 25.239508706910982 ], [ 55.319040216159159, 25.239440621644857 ], [ 55.319091575523785, 25.239453269807441 ], [ 55.319118175509274, 25.239364769796946 ] ] ], [ [ [ 55.319126675150343, 25.238515469784325 ], [ 55.3190674, 25.2384098 ], [ 55.3190133, 25.2384002 ], [ 55.3190039, 25.2384433 ], [ 55.319063175108269, 25.238548969807361 ], [ 55.319117275160565, 25.238558569788161 ], [ 55.319126675150343, 25.238515469784325 ] ] ], [ [ [ 55.319082309544704, 25.241300305584517 ], [ 55.319063679835836, 25.241222179303961 ], [ 55.319018764071629, 25.241222179303961 ], [ 55.319037393767928, 25.241300305589558 ], [ 55.319082309544704, 25.241300305584517 ] ] ], [ [ [ 55.31898457503511, 25.24829307551104 ], [ 55.318928932543216, 25.248273954284297 ], [ 55.318939659270683, 25.24838290704254 ], [ 55.31898457504213, 25.24838290703963 ], [ 55.31898457503511, 25.24829307551104 ] ] ], [ [ [ 55.3190801, 25.2381727 ], [ 55.3190237, 25.2381666 ], [ 55.319034235710468, 25.238245391373468 ], [ 55.319090635725559, 25.238251491367727 ], [ 55.3190801, 25.2381727 ] ] ], [ [ [ 55.318884016779009, 25.240952684718721 ], [ 55.318903210941478, 25.241076733162686 ], [ 55.318948126724912, 25.241121648921858 ], [ 55.319037958279218, 25.241121648911481 ], [ 55.319018764071629, 25.240997600482928 ], [ 55.318973848307422, 25.240952684718724 ], [ 55.318884016779009, 25.240952684718721 ] ] ], [ [ [ 55.319114240664582, 25.233866057757716 ], [ 55.319063679835836, 25.233811078209964 ], [ 55.319018764071629, 25.233811078209975 ], [ 55.318973848307422, 25.233855993974178 ], [ 55.318973848307422, 25.233900909738384 ], [ 55.319024409132247, 25.233955889289284 ], [ 55.319069324900269, 25.233955889287756 ], [ 55.319114240666423, 25.233910973521979 ], [ 55.319114240664582, 25.233866057757716 ] ] ], [ [ [ 55.318946433217526, 25.241882197776828 ], [ 55.318928932543216, 25.241806084238632 ], [ 55.318884016779009, 25.241806084238636 ], [ 55.318901517441518, 25.24188219778156 ], [ 55.318946433217526, 25.241882197776828 ] ] ], [ [ [ 55.318960635943675, 25.240288691387562 ], [ 55.3189127, 25.2402572 ], [ 55.31892673594183, 25.240343591391206 ], [ 55.318957835949902, 25.24034489138803 ], [ 55.318960635943675, 25.240288691387562 ] ] ], [ [ [ 55.318839101014802, 25.24665698677288 ], [ 55.318794185250596, 25.24665698677288 ], [ 55.318799830816467, 25.246711966345135 ], [ 55.318844746584482, 25.246711966343604 ], [ 55.318839101014802, 25.24665698677288 ] ] ], [ [ [ 55.318659437957976, 25.247016312886529 ], [ 55.318758302406799, 25.247032414982304 ], [ 55.318803218174146, 25.246987499215575 ], [ 55.318794185250596, 25.246926481358116 ], [ 55.318659437957976, 25.246926481358116 ], [ 55.318659437957976, 25.247016312886529 ] ] ], [ [ [ 55.318853776817889, 25.242942269931728 ], [ 55.318854476793945, 25.242885369930839 ], [ 55.3187952, 25.2427797 ], [ 55.3184956, 25.2427768 ], [ 55.3184795, 25.2428335 ], [ 55.31853877653608, 25.242939170044156 ], [ 55.318853776817889, 25.242942269931728 ] ] ], [ [ [ 55.318759431605123, 25.248157321851561 ], [ 55.318749269486389, 25.248094291227474 ], [ 55.318704353722183, 25.248094291227474 ], [ 55.31871451583406, 25.248157321854315 ], [ 55.318759431605123, 25.248157321851561 ] ] ], [ [ [ 55.318759431591829, 25.247977658794394 ], [ 55.318704353722183, 25.247959543934847 ], [ 55.318714515824084, 25.248022574561439 ], [ 55.318759431595147, 25.248022574558686 ], [ 55.318759431591829, 25.247977658794394 ] ] ], [ [ [ 55.3187762, 25.2422973 ], [ 55.3186187, 25.2422656 ], [ 55.3185962, 25.2423571 ], [ 55.318655476434365, 25.242462769997115 ], [ 55.318812976588276, 25.242494469941242 ], [ 55.318835476568815, 25.242402969932172 ], [ 55.3187762, 25.2422973 ] ] ], [ [ [ 55.3181607, 25.2506448 ], [ 55.318219979624388, 25.250750470246231 ], [ 55.318301333247327, 25.250746583502114 ], [ 55.3182097, 25.2507798 ], [ 55.318278472868599, 25.250887184665881 ], [ 55.31824060000001, 25.2509009 ], [ 55.318478537191467, 25.251399591472595 ], [ 55.318698237238102, 25.251324391449931 ], [ 55.318575580056617, 25.251017970122248 ], [ 55.3185163, 25.2509123 ], [ 55.318474002168522, 25.250927644492339 ], [ 55.318448280971623, 25.250873078890844 ], [ 55.318512537132356, 25.250850391467349 ], [ 55.318076, 25.2498345 ], [ 55.3178481, 25.2499222 ], [ 55.317895869966478, 25.250070584852537 ], [ 55.317925934875731, 25.250084674232255 ], [ 55.318135956838056, 25.250564344288303 ], [ 55.3181607, 25.2506448 ] ] ], [ [ [ 55.318934577599919, 25.234045720820841 ], [ 55.318928932543216, 25.233945825502587 ], [ 55.318839101014802, 25.233945825502587 ], [ 55.318844746063881, 25.2340457208239 ], [ 55.318934577599919, 25.234045720820841 ] ] ], [ [ [ 55.3185639, 25.2430733 ], [ 55.31856350000001, 25.2431613 ], [ 55.318622776752356, 25.243266970017871 ], [ 55.318804976917001, 25.243272569952879 ], [ 55.318807476872003, 25.243163169950755 ], [ 55.3187482, 25.2430575 ], [ 55.3187079, 25.2430576 ], [ 55.318707987898776, 25.243079574659543 ], [ 55.3186481, 25.2430554 ], [ 55.318647144419074, 25.24308615777155 ], [ 55.3185639, 25.2430733 ] ] ], [ [ [ 55.318928932543216, 25.233855993974181 ], [ 55.318884016779009, 25.233855993974185 ], [ 55.318889661826368, 25.233910973529614 ], [ 55.318934577594376, 25.233910973528083 ], [ 55.318928932543216, 25.233855993974181 ] ] ], [ [ [ 55.318804935587622, 25.237721991395166 ], [ 55.3188015, 25.2375735 ], [ 55.3186907, 25.2375026 ], [ 55.3185318, 25.2374874 ], [ 55.3184809, 25.2374995 ], [ 55.3184507, 25.2375632 ], [ 55.318466957522411, 25.237744482770591 ], [ 55.3182014, 25.2377266 ], [ 55.3181832, 25.2379475 ], [ 55.318231689997795, 25.238033944804911 ], [ 55.3181594, 25.2380263 ], [ 55.3180737, 25.2386899 ], [ 55.318111059473701, 25.238756501823715 ], [ 55.3177908, 25.2387575 ], [ 55.317772245928722, 25.238892422987618 ], [ 55.3177236, 25.2388057 ], [ 55.317667939346805, 25.238798507143088 ], [ 55.317686373922115, 25.238640470299853 ], [ 55.317636987018901, 25.238497507616504 ], [ 55.318043735495472, 25.238544891475456 ], [ 55.318104374075673, 25.238133970144926 ], [ 55.3180451, 25.2380283 ], [ 55.3176943, 25.2379975 ], [ 55.317690274444253, 25.238035000357161 ], [ 55.3176431, 25.2379509 ], [ 55.317372424264519, 25.237932561558175 ], [ 55.31737298438005, 25.237929200854598 ], [ 55.317890635385581, 25.237969391489205 ], [ 55.317898935376952, 25.237882291488081 ], [ 55.317882, 25.2378521 ], [ 55.317552687669632, 25.237826615834837 ], [ 55.3175488, 25.2376585 ], [ 55.31738, 25.2376455 ], [ 55.317363515971188, 25.237820410181104 ], [ 55.317267049267592, 25.237808581224307 ], [ 55.317177217739179, 25.23798824428113 ], [ 55.317177217739179, 25.238167907337957 ], [ 55.317238504248387, 25.238242008273506 ], [ 55.31730346031334, 25.238221967985922 ], [ 55.3172806, 25.238433 ], [ 55.317347231699934, 25.238563093495245 ], [ 55.317285113593094, 25.238557177485674 ], [ 55.317222133503385, 25.238392486158975 ], [ 55.317177217739179, 25.238392486158979 ], [ 55.317087386210773, 25.238706896508422 ], [ 55.317105450551303, 25.239053511202226 ], [ 55.31719528210408, 25.239053511192456 ], [ 55.317271679316306, 25.238774791022028 ], [ 55.317351040709248, 25.238806593808654 ], [ 55.3172984, 25.2388087 ], [ 55.3172657, 25.239016 ], [ 55.317312561698849, 25.239099542751742 ], [ 55.3172559, 25.2390937 ], [ 55.317261335379065, 25.23921489155741 ], [ 55.317675535489677, 25.239257591515305 ], [ 55.317686705233264, 25.239168429462229 ], [ 55.317738246261527, 25.239175091812438 ], [ 55.317750535506335, 25.239237991507594 ], [ 55.318215535631289, 25.239292091460342 ], [ 55.318226071510651, 25.239217838560236 ], [ 55.318279674702012, 25.239223870094683 ], [ 55.318327074595729, 25.238879770073865 ], [ 55.318275091694112, 25.23878709906765 ], [ 55.318572974550541, 25.238267769979171 ], [ 55.318585574519915, 25.238170769973578 ], [ 55.3185305308496, 25.238072642433899 ], [ 55.318713558527335, 25.238100216174516 ], [ 55.318710957200715, 25.238125296355996 ], [ 55.3186511, 25.2381202 ], [ 55.318659235613708, 25.238234191411678 ], [ 55.318719135629571, 25.238239291405577 ], [ 55.318724638228453, 25.238186891625883 ], [ 55.318762335634496, 25.238190091401023 ], [ 55.318782969923632, 25.237991592480579 ], [ 55.318833674664958, 25.237995069883027 ], [ 55.318845674614188, 25.237852669877135 ], [ 55.3187864, 25.237747 ], [ 55.318706953857586, 25.237741556475754 ], [ 55.318804935587622, 25.237721991395166 ] ], [ [ 55.3186781, 25.2379176 ], [ 55.318669206169815, 25.238033160051842 ], [ 55.318632371796106, 25.238033160049685 ], [ 55.31864677443955, 25.237858269948205 ], [ 55.318589958469794, 25.237756982776251 ], [ 55.318677749171279, 25.237747388079999 ], [ 55.3186781, 25.2379176 ] ], [ [ 55.317756382330693, 25.239079152113607 ], [ 55.317781061471749, 25.23912314848106 ], [ 55.317750005004598, 25.239119541877596 ], [ 55.317756382330693, 25.239079152113607 ] ], [ [ 55.31768829053901, 25.23823649849372 ], [ 55.3176148, 25.2382303 ], [ 55.317611950531152, 25.23825790581088 ], [ 55.3175341, 25.2381988 ], [ 55.3174523, 25.2382134 ], [ 55.317449770044206, 25.23824343656214 ], [ 55.3173691, 25.2381685 ], [ 55.317330098734736, 25.238186514875075 ], [ 55.317347008564582, 25.238085055994127 ], [ 55.317395873461443, 25.23817217039824 ], [ 55.317673520914994, 25.238191068753881 ], [ 55.31768829053901, 25.23823649849372 ] ] ], [ [ [ 55.3188375, 25.2371441 ], [ 55.3187715, 25.2371372 ], [ 55.318675, 25.2371856 ], [ 55.3186288, 25.2374046 ], [ 55.318693135530303, 25.237487691405811 ], [ 55.318824635565448, 25.23750149139244 ], [ 55.3188375, 25.2371441 ] ] ], [ [ [ 55.3188396, 25.2364091 ], [ 55.3184914, 25.2363828 ], [ 55.318481835379579, 25.236700991424815 ], [ 55.318830035471379, 25.236727291389396 ], [ 55.3188396, 25.2364091 ] ] ], [ [ [ 55.318772036122567, 25.242128491412732 ], [ 55.3187551, 25.2420983 ], [ 55.3186928, 25.2420977 ], [ 55.318709036112971, 25.242180591419334 ], [ 55.318771336128904, 25.242181291412987 ], [ 55.318772036122567, 25.242128491412732 ] ] ], [ [ [ 55.318479774901157, 25.248633280397947 ], [ 55.31850657580781, 25.248696311040153 ], [ 55.318479774901157, 25.248723111926353 ], [ 55.318490501587817, 25.248787148950239 ], [ 55.318625248902151, 25.248787148941531 ], [ 55.318670164670088, 25.248742233174337 ], [ 55.318670164666578, 25.248697317410031 ], [ 55.318614522193769, 25.248633280397947 ], [ 55.318534852787728, 25.248668034062955 ], [ 55.318524690665363, 25.248633280397939 ], [ 55.318479774901157, 25.248633280397947 ] ] ], [ [ [ 55.318844746056499, 25.233866057766885 ], [ 55.318839101014802, 25.233811078209975 ], [ 55.318794185250596, 25.233811078209968 ], [ 55.318799830288484, 25.233866057768413 ], [ 55.318844746056499, 25.233866057766885 ] ] ], [ [ [ 55.318690277550239, 25.244976170013064 ], [ 55.3186296, 25.244822 ], [ 55.3185694, 25.2448233 ], [ 55.31862997749711, 25.244977470034616 ], [ 55.318690277550239, 25.244976170013064 ] ] ], [ [ [ 55.318657578192912, 25.246532370042317 ], [ 55.3185983, 25.2464267 ], [ 55.3185526, 25.2464275 ], [ 55.318612578167084, 25.246565370058754 ], [ 55.318658278207444, 25.246564570042427 ], [ 55.318657578192912, 25.246532370042317 ] ] ], [ [ [ 55.318604382683546, 25.247865516117749 ], [ 55.318638378751402, 25.247865570064224 ], [ 55.318638578707457, 25.247763370063012 ], [ 55.318596236763518, 25.247687891448614 ], [ 55.318596936729499, 25.247410691447641 ], [ 55.31858, 25.2473805 ], [ 55.318517, 25.2473803 ], [ 55.3185158, 25.2478583 ], [ 55.318541205161175, 25.247903587182996 ], [ 55.318604305185275, 25.247903687173341 ], [ 55.318604382683546, 25.247865516117749 ] ] ], [ [ [ 55.318479774901157, 25.24162642118181 ], [ 55.31843485913695, 25.241671336946013 ], [ 55.31843485913695, 25.241940831531256 ], [ 55.318496710945347, 25.24206085450027 ], [ 55.318631458272236, 25.242060854486525 ], [ 55.318676374042333, 25.242015938717593 ], [ 55.318676374036791, 25.241971022953233 ], [ 55.318524690665363, 25.241626421181806 ], [ 55.318479774901157, 25.24162642118181 ] ] ], [ [ [ 55.318690775099704, 25.239297369948755 ], [ 55.3186315, 25.2391917 ], [ 55.3185885, 25.2391895 ], [ 55.3185828, 25.2392828 ], [ 55.31864207509566, 25.239388469967174 ], [ 55.318685075134844, 25.239390569951844 ], [ 55.318690775099704, 25.239297369948755 ] ] ], [ [ [ 55.318524690665363, 25.2415365896534 ], [ 55.318542191193359, 25.241567787468949 ], [ 55.318587106969368, 25.241567787464213 ], [ 55.318632022739649, 25.241522871695121 ], [ 55.318614522193769, 25.24144675812499 ], [ 55.318524690665363, 25.241446758124987 ], [ 55.318524690665363, 25.2415365896534 ] ] ], [ [ [ 55.318576381003872, 25.245052095838123 ], [ 55.31856960642957, 25.244950187733053 ], [ 55.318479774901157, 25.244950187733057 ], [ 55.318479774901157, 25.24499510349726 ], [ 55.318531465235104, 25.245052095839956 ], [ 55.318576381003872, 25.245052095838123 ] ] ], [ [ [ 55.318533158996843, 25.246986492848507 ], [ 55.318479774901157, 25.246926481358116 ], [ 55.318389943372743, 25.246926481358113 ], [ 55.318389943372743, 25.247016312886533 ], [ 55.318443327462539, 25.247076324381652 ], [ 55.318533159002385, 25.247076324377073 ], [ 55.318533158996843, 25.246986492848507 ] ] ], [ [ [ 55.318709998754315, 25.233910973535721 ], [ 55.318709998750613, 25.233821142007208 ], [ 55.318659437957976, 25.233766162445772 ], [ 55.318614522193769, 25.233766162445765 ], [ 55.318620167218278, 25.233910973538773 ], [ 55.318709998754315, 25.233910973535721 ] ] ], [ [ [ 55.318542176982781, 25.243967070054556 ], [ 55.318542176952903, 25.243897870053772 ], [ 55.3184829, 25.2437922 ], [ 55.3184228, 25.2437329 ], [ 55.3183578, 25.2437342 ], [ 55.3183602, 25.2438383 ], [ 55.318419476863546, 25.243943970098105 ], [ 55.318542176982781, 25.243967070054556 ] ] ], [ [ [ 55.318659437957976, 25.233945825502587 ], [ 55.318614522193769, 25.233945825502587 ], [ 55.318620167221972, 25.234000805067286 ], [ 55.31866508298998, 25.234000805065762 ], [ 55.318659437957976, 25.233945825502587 ] ] ], [ [ [ 55.318030617259097, 25.240323864019835 ], [ 55.318053198220191, 25.240364119327356 ], [ 55.318114071214815, 25.240348162112209 ], [ 55.31810326072965, 25.240452121973647 ], [ 55.3179013, 25.2404321 ], [ 55.3178468, 25.2408822 ], [ 55.317906075130615, 25.240987870247981 ], [ 55.317989275208269, 25.240996170218367 ], [ 55.317994844491707, 25.240949815484054 ], [ 55.318120475310451, 25.240962270171156 ], [ 55.318129003715271, 25.240891845482341 ], [ 55.318434435887951, 25.240922191443278 ], [ 55.3185474, 25.2396072 ], [ 55.3183869, 25.2395913 ], [ 55.318363868817912, 25.239638853268524 ], [ 55.3183193, 25.2395594 ], [ 55.3179128, 25.2395226 ], [ 55.3179045, 25.2395973 ], [ 55.317988979888504, 25.239746921481608 ], [ 55.317899360169811, 25.239738363372357 ], [ 55.3178972, 25.2395902 ], [ 55.3177619, 25.2395763 ], [ 55.317752735596464, 25.239964491509721 ], [ 55.317869535627658, 25.239976491497835 ], [ 55.317879454862549, 25.239897293470044 ], [ 55.318221699797611, 25.239932393533302 ], [ 55.318132960989175, 25.240166506586746 ], [ 55.318075533023304, 25.240144200963009 ], [ 55.318030617259097, 25.240234032491422 ], [ 55.318030617259097, 25.240323864019835 ] ] ], [ [ [ 55.318477036216485, 25.243498591447246 ], [ 55.318510536224991, 25.243498491443834 ], [ 55.31850983620545, 25.243341391443394 ], [ 55.3184594, 25.2433113 ], [ 55.318477036216485, 25.243498591447246 ] ] ], [ [ [ 55.31850173618448, 25.243188091443731 ], [ 55.3184223, 25.2430627 ], [ 55.3183085, 25.2430638 ], [ 55.3183096, 25.2431596 ], [ 55.318368876525554, 25.243265270108495 ], [ 55.318502736195789, 25.243277791443916 ], [ 55.31850173618448, 25.243188091443731 ] ] ], [ [ [ 55.318557935714061, 25.239257091425308 ], [ 55.318541, 25.2392269 ], [ 55.3184485, 25.2392228 ], [ 55.318459235702583, 25.239367591435734 ], [ 55.318551735726601, 25.239371591426309 ], [ 55.318557935714061, 25.239257091425308 ] ] ], [ [ [ 55.3185033, 25.2331398 ], [ 55.3184747, 25.2331282 ], [ 55.318462, 25.2331517 ], [ 55.318617012348128, 25.233390035542325 ], [ 55.318630312351495, 25.233366235531577 ], [ 55.3185033, 25.2331398 ] ] ], [ [ [ 55.318389943372743, 25.24512985078988 ], [ 55.318396153388477, 25.245185836756239 ], [ 55.318441069156869, 25.245185836754555 ], [ 55.31843485913695, 25.245129850789883 ], [ 55.318389943372743, 25.24512985078988 ] ] ], [ [ [ 55.3184125, 25.2412364 ], [ 55.3183166, 25.2412285 ], [ 55.3182902, 25.2414912 ], [ 55.318349475788203, 25.241596870096579 ], [ 55.31841587584784, 25.241598070072886 ], [ 55.318471775787124, 25.241342070050031 ], [ 55.3184125, 25.2412364 ] ] ], [ [ [ 55.318439936192902, 25.243383891450662 ], [ 55.318423, 25.2433537 ], [ 55.3182034, 25.2433506 ], [ 55.318202, 25.2434321 ], [ 55.318218936146351, 25.243462291473463 ], [ 55.318438536202606, 25.243465391451075 ], [ 55.318439936192902, 25.243383891450662 ] ] ], [ [ [ 55.318430336226285, 25.243674391452576 ], [ 55.3184127, 25.2435956 ], [ 55.3181355, 25.2435988 ], [ 55.318153136156141, 25.243677491480874 ], [ 55.318430336226285, 25.243674391452576 ] ] ], [ [ [ 55.3180464, 25.2422262 ], [ 55.317940785730684, 25.242210326116485 ], [ 55.317895869966478, 25.242389989173311 ], [ 55.317910547785452, 25.242461070905559 ], [ 55.317955463564353, 25.242505986665915 ], [ 55.318000379338471, 25.242505986661943 ], [ 55.318044694713862, 25.242415912998784 ], [ 55.318094875953612, 25.242505370197733 ], [ 55.318218276070304, 25.242521170153861 ], [ 55.318229008518863, 25.242452384792596 ], [ 55.318287676147541, 25.242556970129492 ], [ 55.318369476224042, 25.242565470100377 ], [ 55.31839337617415, 25.242400570089984 ], [ 55.3183341, 25.2422949 ], [ 55.318275365376749, 25.242286358070682 ], [ 55.318297375996757, 25.242187570121846 ], [ 55.318270540232447, 25.242139730571179 ], [ 55.318313775917225, 25.241969470113535 ], [ 55.3182545, 25.2418638 ], [ 55.3180893, 25.2418349 ], [ 55.318046424124745, 25.242035645624838 ], [ 55.318030617259097, 25.241985747295452 ], [ 55.317985701494891, 25.241985747295452 ], [ 55.318001508362258, 25.242148673313338 ], [ 55.318046424137123, 25.242148673309057 ], [ 55.318046424127104, 25.242053256269177 ], [ 55.318147735959492, 25.242093891476308 ], [ 55.318156730064857, 25.242051780972162 ], [ 55.318166238311726, 25.242068731173944 ], [ 55.3181302, 25.2421808 ], [ 55.318189475943363, 25.242286470161488 ], [ 55.318248332026783, 25.24229724258198 ], [ 55.318230491704398, 25.242434815385725 ], [ 55.3181722, 25.2423309 ], [ 55.318063269915648, 25.242316952717555 ], [ 55.3180464, 25.2422262 ] ] ], [ [ [ 55.3184076, 25.2392056 ], [ 55.31832, 25.2392002 ], [ 55.31832813566681, 25.239347991449037 ], [ 55.318415635689739, 25.239353391440137 ], [ 55.3184076, 25.2392056 ] ] ], [ [ [ 55.317861953507411, 25.237828190218831 ], [ 55.31790995988159, 25.237834747186273 ], [ 55.31791623539187, 25.237967591486584 ], [ 55.318038635424273, 25.237977891474138 ], [ 55.318056635407373, 25.23780369147174 ], [ 55.3180397, 25.2377735 ], [ 55.317955463058283, 25.237766336771461 ], [ 55.318048835399409, 25.237755191472377 ], [ 55.318059435384136, 25.237609491470838 ], [ 55.3180425, 25.2375793 ], [ 55.317996413582911, 25.237576541614679 ], [ 55.318045935375437, 25.237566691472072 ], [ 55.318052635365774, 25.237474491471076 ], [ 55.318013589797353, 25.23744301203001 ], [ 55.318046935359902, 25.237438591471552 ], [ 55.318054835353223, 25.237368191470519 ], [ 55.318027223868107, 25.237337019157724 ], [ 55.318046014772797, 25.237190936071084 ], [ 55.317973043102029, 25.237060845656071 ], [ 55.318102714774255, 25.237075536024925 ], [ 55.31815930064748, 25.237019533608336 ], [ 55.3181171, 25.2374156 ], [ 55.31813403538294, 25.237445791462694 ], [ 55.318253410381523, 25.237456810679966 ], [ 55.3180788, 25.2374753 ], [ 55.31808933538921, 25.237588891467723 ], [ 55.318433135476987, 25.237591591432658 ], [ 55.3184234, 25.2374672 ], [ 55.318257664529021, 25.237456742882273 ], [ 55.318391435392456, 25.236991991434977 ], [ 55.318454035340331, 25.236439991426813 ], [ 55.3184371, 25.2364098 ], [ 55.318335031978528, 25.236400310872721 ], [ 55.3182929, 25.2363252 ], [ 55.3182334, 25.2363204 ], [ 55.3182247, 25.2364071 ], [ 55.318281734710787, 25.236508778793997 ], [ 55.318253212322915, 25.236624345675455 ], [ 55.3181792, 25.2364924 ], [ 55.3176441, 25.2363138 ], [ 55.3174893, 25.2362998 ], [ 55.3174355, 25.2367879 ], [ 55.317510456198576, 25.236921529915382 ], [ 55.3174189, 25.2369119 ], [ 55.317365, 25.2373318 ], [ 55.317492014055603, 25.237558236503684 ], [ 55.317931601552424, 25.237604392855001 ], [ 55.317923440063304, 25.23771874969751 ], [ 55.317871447568976, 25.237743172099457 ], [ 55.3178382, 25.2376839 ], [ 55.3177458, 25.2376774 ], [ 55.317801473672233, 25.237823870249535 ], [ 55.317861953507411, 25.237828190218831 ] ] ], [ [ [ 55.318491911336892, 25.23255413561774 ], [ 55.3183649, 25.2323277 ], [ 55.3181838, 25.2323489 ], [ 55.3182009, 25.2324684 ], [ 55.318367111269048, 25.23273823571764 ], [ 55.318492611494804, 25.232723535621311 ], [ 55.318491911336892, 25.23255413561774 ] ] ], [ [ [ 55.31816536455171, 25.249711258738888 ], [ 55.318264229110788, 25.249727360866185 ], [ 55.318255196080123, 25.249621427210474 ], [ 55.318210280315917, 25.249621427210478 ], [ 55.31816536455171, 25.249666342974681 ], [ 55.31816536455171, 25.249711258738888 ] ] ], [ [ [ 55.31830407676344, 25.243950070139377 ], [ 55.318328276785756, 25.243951870130758 ], [ 55.318331876771992, 25.243912570129023 ], [ 55.3182726, 25.2438069 ], [ 55.3182248, 25.24376 ], [ 55.3181383, 25.2437555 ], [ 55.3181324, 25.2438499 ], [ 55.31819167666572, 25.243955570179569 ], [ 55.318278176744634, 25.243959970148723 ], [ 55.318281332856401, 25.243909525576569 ], [ 55.31830407676344, 25.243950070139377 ] ] ], [ [ [ 55.318210280315917, 25.245444261139319 ], [ 55.318261406095473, 25.245455331346836 ], [ 55.318306321861833, 25.245410415580899 ], [ 55.318255196080123, 25.24508493502567 ], [ 55.318210280315917, 25.245084935025673 ], [ 55.318210280315917, 25.245444261139319 ] ] ], [ [ [ 55.318303035668457, 25.239413091451805 ], [ 55.318333835676356, 25.23941359144867 ], [ 55.318334835670207, 25.239361691448394 ], [ 55.3182656, 25.2393082 ], [ 55.318303035668457, 25.239413091451805 ] ] ], [ [ [ 55.318281436128721, 25.243190391466211 ], [ 55.3182649, 25.2430663 ], [ 55.3181502, 25.2430659 ], [ 55.31817913611016, 25.243250891476841 ], [ 55.31828113613615, 25.243251291466443 ], [ 55.318281436128721, 25.243190391466211 ] ] ], [ [ [ 55.3173006, 25.2411172 ], [ 55.317293035652739, 25.24136939156114 ], [ 55.31810593590837, 25.241765491479502 ], [ 55.318241935944478, 25.241777791465672 ], [ 55.3182848, 25.2412062 ], [ 55.3173006, 25.2411172 ] ] ], [ [ [ 55.316436736233648, 25.247846991669427 ], [ 55.316472316826385, 25.247627111486246 ], [ 55.3165504697212, 25.247641722586948 ], [ 55.3165447, 25.2478772 ], [ 55.31656163627288, 25.247907391656891 ], [ 55.316696736306646, 25.247902391643091 ], [ 55.316693711092356, 25.247834860525284 ], [ 55.316724003190295, 25.247834860533967 ], [ 55.316728067812285, 25.247985934708758 ], [ 55.3167115, 25.2479564 ], [ 55.3166832, 25.2479564 ], [ 55.3166832, 25.2479821 ], [ 55.316742477158861, 25.248087770743709 ], [ 55.31694573639097, 25.248072391618237 ], [ 55.316936688453133, 25.247958809853376 ], [ 55.316963632797602, 25.247969607807413 ], [ 55.31698223640057, 25.248074891614525 ], [ 55.317093031689133, 25.248104355095062 ], [ 55.317093031685438, 25.248014523566553 ], [ 55.317053733543325, 25.24800445970034 ], [ 55.31705199945349, 25.247924692039987 ], [ 55.31709303168175, 25.247924692038044 ], [ 55.317080921268172, 25.247768346062767 ], [ 55.317107022763267, 25.247768637045759 ], [ 55.31710902263287, 25.247623537040717 ], [ 55.316987238873679, 25.247406439101837 ], [ 55.317007836324542, 25.24740569160975 ], [ 55.316999654710628, 25.247220133191583 ], [ 55.317030620332083, 25.247220472352105 ], [ 55.3170318, 25.24733 ], [ 55.317091077187833, 25.247435670611871 ], [ 55.317157477246695, 25.24743507058816 ], [ 55.317156077193346, 25.247314370587297 ], [ 55.31710385377734, 25.247221274438139 ], [ 55.317381684852514, 25.247224317040313 ], [ 55.3173623, 25.2473472 ], [ 55.317386958342333, 25.24739115700023 ], [ 55.3173102, 25.2473901 ], [ 55.3173093, 25.2474405 ], [ 55.317436323297621, 25.247666936791351 ], [ 55.318065636629115, 25.247692791502754 ], [ 55.31808249074286, 25.247539405524229 ], [ 55.318177424750495, 25.247708636225305 ], [ 55.318210224813086, 25.247708636200208 ], [ 55.318060347268002, 25.247425007356224 ], [ 55.318088824319148, 25.247425136286235 ], [ 55.318089349339282, 25.247321688751878 ], [ 55.318151924447058, 25.247433236238148 ], [ 55.318202624544554, 25.247434036199365 ], [ 55.318213823984976, 25.246806036175606 ], [ 55.3180868, 25.2465796 ], [ 55.318046419582451, 25.246578961575828 ], [ 55.3180203, 25.2465324 ], [ 55.3174838, 25.2465257 ], [ 55.317505891813489, 25.246614329783625 ], [ 55.3173758, 25.2466129 ], [ 55.3173751, 25.2466615 ], [ 55.317490885616188, 25.246924138296102 ], [ 55.317393085023504, 25.24692320892607 ], [ 55.31736888836938, 25.24688007481102 ], [ 55.317398422498044, 25.24688073680128 ], [ 55.317372556381812, 25.246783209227036 ], [ 55.317391722351971, 25.246736636802918 ], [ 55.31726470000001, 25.2465102 ], [ 55.317195702178338, 25.246509731064734 ], [ 55.3171742, 25.2464714 ], [ 55.3170152, 25.2464704 ], [ 55.317054244892134, 25.246600303139964 ], [ 55.317031744709908, 25.24660188826611 ], [ 55.3169572, 25.246469 ], [ 55.316751, 25.2464701 ], [ 55.316751459459482, 25.246538405996834 ], [ 55.3166077, 25.2465391 ], [ 55.3165474, 25.2464958 ], [ 55.316405471033114, 25.246513420455187 ], [ 55.3163727, 25.246455 ], [ 55.3162647, 25.2464514 ], [ 55.316263339538779, 25.246485071423017 ], [ 55.3161593, 25.2464596 ], [ 55.316167306237936, 25.246518007665419 ], [ 55.3160059, 25.2465155 ], [ 55.3159824, 25.2466186 ], [ 55.316071256526769, 25.246777004081267 ], [ 55.3158074, 25.2466192 ], [ 55.3157819, 25.246655 ], [ 55.316029078759406, 25.246819223803076 ], [ 55.316014700119197, 25.246886499442304 ], [ 55.3159902, 25.2468822 ], [ 55.3158475, 25.2471213 ], [ 55.315817526858901, 25.247316300781396 ], [ 55.315675510021514, 25.247290298017052 ], [ 55.315841538896656, 25.247039976084142 ], [ 55.3155875, 25.2465871 ], [ 55.3154836, 25.2465307 ], [ 55.3153018, 25.2468048 ], [ 55.315585610398621, 25.247273837648812 ], [ 55.3150256, 25.2471713 ], [ 55.3149713, 25.2472273 ], [ 55.3149186, 25.2473864 ], [ 55.314964435821416, 25.247542191818614 ], [ 55.314998835833499, 25.247569191815202 ], [ 55.316436736233648, 25.247846991669427 ] ], [ [ 55.317608082381327, 25.246925251896883 ], [ 55.317563342498268, 25.24692482679059 ], [ 55.317542899852057, 25.246888384866669 ], [ 55.317587677296672, 25.246888876961844 ], [ 55.317608082381327, 25.246925251896883 ] ], [ [ 55.316886722261721, 25.247680937212191 ], [ 55.317012994298828, 25.247767588782075 ], [ 55.317021400586526, 25.247822831728616 ], [ 55.3169604, 25.247824 ], [ 55.316961414911546, 25.247869712418513 ], [ 55.3169102683323, 25.247869712420478 ], [ 55.316854309340385, 25.247680999691646 ], [ 55.316886722261721, 25.247680937212191 ] ], [ [ 55.3169413, 25.2473773 ], [ 55.3169522206191, 25.247396767706633 ], [ 55.31693360115591, 25.24739655993822 ], [ 55.316932081067094, 25.247297226236732 ], [ 55.3169413, 25.2473773 ] ], [ [ 55.3167844, 25.2470941 ], [ 55.316784017754003, 25.247120420415076 ], [ 55.3167522, 25.2470637 ], [ 55.316657, 25.2470637 ], [ 55.316657, 25.247100810353576 ], [ 55.3166299, 25.2470525 ], [ 55.316590152911623, 25.247069641794148 ], [ 55.3164647, 25.246846 ], [ 55.316345882154486, 25.246825163715464 ], [ 55.316354713729503, 25.24678638560621 ], [ 55.31642783610188, 25.246796891666939 ], [ 55.316438592020987, 25.246729011842952 ], [ 55.316463251359067, 25.246729856631919 ], [ 55.3164637, 25.2467974 ], [ 55.316590721089035, 25.247023837422713 ], [ 55.31673642136635, 25.247023037311219 ], [ 55.31672921210756, 25.246755716540722 ], [ 55.31676963618375, 25.246755491631948 ], [ 55.316769412031164, 25.246723248582935 ], [ 55.3167817, 25.2469927 ], [ 55.316838912926137, 25.247094691470668 ], [ 55.3167844, 25.2470941 ] ], [ [ 55.316751268338898, 25.247358915831338 ], [ 55.316771517422524, 25.247307346304591 ], [ 55.316804232876308, 25.247395041747573 ], [ 55.316784581176321, 25.247403611253858 ], [ 55.316751268338898, 25.247358915831338 ] ], [ [ 55.316701214395458, 25.24735402817868 ], [ 55.3167078, 25.2474546 ], [ 55.316790878496569, 25.24760270076397 ], [ 55.316752352574859, 25.247603543862489 ], [ 55.3167079, 25.2475243 ], [ 55.3166814, 25.2475246 ], [ 55.316721063246064, 25.247725588501538 ], [ 55.316622632509777, 25.2475423910311 ], [ 55.316657436252136, 25.24754159164593 ], [ 55.316651336223934, 25.247325491645856 ], [ 55.316598287046261, 25.247296130920017 ], [ 55.316605054675669, 25.247264548583704 ], [ 55.316652006189052, 25.247266306392163 ], [ 55.3166618, 25.2473243 ], [ 55.316701214395458, 25.24735402817868 ] ], [ [ 55.316457992474085, 25.246598061115094 ], [ 55.316461536085932, 25.246598091662865 ], [ 55.316462154208146, 25.246564680555913 ], [ 55.316462428460312, 25.246605969067698 ], [ 55.316457992474085, 25.246598061115094 ] ], [ [ 55.316267768746869, 25.246509936002255 ], [ 55.316365600508426, 25.246684339384895 ], [ 55.316317040870771, 25.246677822886937 ], [ 55.316235521668524, 25.246532499587534 ], [ 55.316266236028355, 25.246534091682573 ], [ 55.316267768746869, 25.246509936002255 ] ] ], [ [ [ 55.318395588356076, 25.233371984375356 ], [ 55.318345027608537, 25.233137341746879 ], [ 55.318255196080123, 25.233137341746879 ], [ 55.318210280315917, 25.233182257511089 ], [ 55.318210280315917, 25.233227173275296 ], [ 55.318260841055718, 25.233461815908438 ], [ 55.318350672591755, 25.233461815905383 ], [ 55.318395588357916, 25.233416900139606 ], [ 55.318395588356076, 25.233371984375356 ] ] ], [ [ [ 55.3173634, 25.2458294 ], [ 55.317490421910577, 25.246055836710909 ], [ 55.317602122185704, 25.24612283662708 ], [ 55.318063623045461, 25.246100236273424 ], [ 55.318067314210502, 25.24584733108188 ], [ 55.318149723111702, 25.245994236204982 ], [ 55.318205023216947, 25.24599393616267 ], [ 55.318204523144026, 25.245916136161171 ], [ 55.318062922666591, 25.245689779083389 ], [ 55.318062922537308, 25.245552336260694 ], [ 55.3179359, 25.2453259 ], [ 55.317793, 25.2453259 ], [ 55.317793000001593, 25.245364970546813 ], [ 55.3177717, 25.245327 ], [ 55.3176289, 25.245327 ], [ 55.3176289, 25.2455257 ], [ 55.317664765030237, 25.245589635025137 ], [ 55.317553701833894, 25.245588320734665 ], [ 55.317560206544485, 25.245416681129573 ], [ 55.3174823, 25.2452778 ], [ 55.3174345, 25.2452791 ], [ 55.317431458978554, 25.245489176909565 ], [ 55.317401796560212, 25.245489176903522 ], [ 55.317401796560212, 25.245623924196146 ], [ 55.317427590473159, 25.245651972197543 ], [ 55.3173652, 25.2457067 ], [ 55.3173634, 25.2458294 ] ] ], [ [ [ 55.318128917231, 25.249636522961559 ], [ 55.318075533023304, 25.249621427210478 ], [ 55.318084001466623, 25.24972635449241 ], [ 55.318128917236542, 25.249726354490118 ], [ 55.318128917231, 25.249636522961559 ] ] ], [ [ [ 55.317985701494891, 25.249396848389445 ], [ 55.318040214803034, 25.249458872676385 ], [ 55.318085130573714, 25.249458872673785 ], [ 55.318130046341253, 25.249413956906896 ], [ 55.318130046338112, 25.249369041142607 ], [ 55.317985701494891, 25.249351932625238 ], [ 55.317985701494891, 25.249396848389445 ] ] ], [ [ [ 55.318120448787504, 25.24486035620464 ], [ 55.318075533023304, 25.244860356204644 ], [ 55.318030617259097, 25.24490527196885 ], [ 55.318036827239276, 25.245140921005422 ], [ 55.318126658776059, 25.245140921002069 ], [ 55.318171574540401, 25.245051089471865 ], [ 55.318120448787504, 25.24486035620464 ] ] ], [ [ [ 55.318030617259097, 25.245174766554079 ], [ 55.31803682724334, 25.245230752533942 ], [ 55.318126658780123, 25.245230752530581 ], [ 55.318120448787504, 25.245174766554083 ], [ 55.318030617259097, 25.245174766554079 ] ] ], [ [ [ 55.318126658753719, 25.244646847595217 ], [ 55.318120448787504, 25.244545945855197 ], [ 55.318030617259097, 25.244545945855197 ], [ 55.318036827216936, 25.244646847598574 ], [ 55.318126658753719, 25.244646847595217 ] ] ], [ [ [ 55.318077824891425, 25.248066436310179 ], [ 55.318077824844799, 25.248016036308965 ], [ 55.3179508, 25.2477896 ], [ 55.3178868, 25.2477896 ], [ 55.3178869, 25.24784 ], [ 55.318013924769488, 25.248066436359078 ], [ 55.318077824891425, 25.248066436310179 ] ] ], [ [ [ 55.3180056, 25.2426248 ], [ 55.318011036000705, 25.242710091492242 ], [ 55.318088736022112, 25.242723391484358 ], [ 55.3180935, 25.24259 ], [ 55.3180157, 25.2425767 ], [ 55.3180056, 25.2426248 ] ] ], [ [ [ 55.3181505, 25.2377879 ], [ 55.3180776, 25.2377826 ], [ 55.318080835433932, 25.237969191469801 ], [ 55.318153735453109, 25.237974391462391 ], [ 55.3181505, 25.2377879 ] ] ], [ [ [ 55.317850954202271, 25.249666342974674 ], [ 55.317994169926784, 25.249726354496985 ], [ 55.317985701494891, 25.249531595682065 ], [ 55.317850954202271, 25.249531595682061 ], [ 55.317850954202271, 25.249666342974674 ] ] ], [ [ [ 55.3181346, 25.2380009 ], [ 55.3180578, 25.237996 ], [ 55.318071335443818, 25.238068991471096 ], [ 55.318148135463957, 25.238073891463284 ], [ 55.3181346, 25.2380009 ] ] ], [ [ [ 55.318120448787504, 25.233137341746879 ], [ 55.318171009506784, 25.23314740556172 ], [ 55.318215925272945, 25.233102489795925 ], [ 55.318210280315917, 25.23300259445427 ], [ 55.318120448787504, 25.233002594454263 ], [ 55.318120448787504, 25.233137341746879 ] ] ], [ [ [ 55.317994169843672, 25.248378881568641 ], [ 55.317985701494891, 25.2483188700485 ], [ 55.317940785730684, 25.2483188700485 ], [ 55.317949254073753, 25.248378881570932 ], [ 55.317994169843672, 25.248378881568641 ] ] ], [ [ [ 55.3180552, 25.2418091 ], [ 55.3180155, 25.2418041 ], [ 55.3180034, 25.2418817 ], [ 55.318060035915366, 25.241916991484675 ], [ 55.3180552, 25.2418091 ] ] ], [ [ [ 55.317983936036995, 25.243060291496128 ], [ 55.317967, 25.2430301 ], [ 55.3174227, 25.2428954 ], [ 55.3172977, 25.2428957 ], [ 55.317297773518128, 25.242928978359281 ], [ 55.317267049267649, 25.242934979337747 ], [ 55.3172191, 25.2428495 ], [ 55.3171802, 25.242844 ], [ 55.3171706, 25.2429001 ], [ 55.317229875399384, 25.243005770512188 ], [ 55.317268775436354, 25.243011170498367 ], [ 55.317273265844989, 25.242984976411169 ], [ 55.317297961533093, 25.243014085374401 ], [ 55.31731523588379, 25.243197491564793 ], [ 55.317984336053854, 25.243196191496526 ], [ 55.317983936036995, 25.243060291496128 ] ] ], [ [ [ 55.318088516569297, 25.234912203336112 ], [ 55.318075533023304, 25.234844140786709 ], [ 55.317985701494891, 25.234844140786709 ], [ 55.317998685027618, 25.234957119107449 ], [ 55.318043600800578, 25.234957119103946 ], [ 55.318088516569297, 25.234912203336112 ] ] ], [ [ [ 55.3178033, 25.2498253 ], [ 55.3177665, 25.2498383 ], [ 55.31779403683143, 25.249893191537574 ], [ 55.317830836839185, 25.249880191533784 ], [ 55.3178033, 25.2498253 ] ] ], [ [ [ 55.3176596, 25.242339 ], [ 55.3173243, 25.242374 ], [ 55.3172927, 25.2425669 ], [ 55.317351975364311, 25.24267257046484 ], [ 55.317881375876681, 25.242767570276918 ], [ 55.317924475830118, 25.242570770259309 ], [ 55.3178652, 25.2424651 ], [ 55.3176596, 25.242339 ] ] ], [ [ [ 55.316366566295606, 25.249509450170031 ], [ 55.316421177542807, 25.249640070876012 ], [ 55.31648527760413, 25.24964987085324 ], [ 55.3164852031694, 25.249526398470998 ], [ 55.316529036470492, 25.249576891665615 ], [ 55.316591536487124, 25.249582691659249 ], [ 55.316648918716218, 25.249549786486334 ], [ 55.316659436507166, 25.249605091652391 ], [ 55.316737436529024, 25.249621391644496 ], [ 55.316751908196188, 25.249564499222739 ], [ 55.316824995249512, 25.249574940152019 ], [ 55.316879977982445, 25.249711870713003 ], [ 55.316959378057007, 25.249720770684746 ], [ 55.316961717738714, 25.249594471688521 ], [ 55.316972257772093, 25.249595353890903 ], [ 55.317132278258669, 25.249831170624262 ], [ 55.317446378563723, 25.249889770512763 ], [ 55.317462778547288, 25.249817870506096 ], [ 55.317437575912706, 25.249772944072209 ], [ 55.317777178831108, 25.249826670393919 ], [ 55.317792478810503, 25.24974737038756 ], [ 55.3177332, 25.2496417 ], [ 55.317686642851022, 25.249634352500088 ], [ 55.317726368977041, 25.24959462637219 ], [ 55.317716206909651, 25.249486679917855 ], [ 55.316952638918153, 25.249307016861035 ], [ 55.31641364974768, 25.249262101096825 ], [ 55.316323818219267, 25.249307016861028 ], [ 55.316323818220482, 25.249454416193554 ], [ 55.3162975, 25.2494075 ], [ 55.3162286, 25.2493959 ], [ 55.3162011, 25.2495664 ], [ 55.316218036393792, 25.249596591697404 ], [ 55.316335477456242, 25.249616370906345 ], [ 55.316366566295606, 25.249509450170031 ] ] ], [ [ [ 55.317671291145444, 25.252855362233301 ], [ 55.317723546355545, 25.252868445240004 ], [ 55.317716206909651, 25.252765530704888 ], [ 55.317671291145444, 25.252765530704899 ], [ 55.317671291145444, 25.252855362233301 ] ] ], [ [ [ 55.317626375381238, 25.235203466900355 ], [ 55.317642745867055, 25.235232652022461 ], [ 55.317732577417551, 25.235232652013607 ], [ 55.317957156267035, 25.235008073169734 ], [ 55.317940785730684, 25.234933972315122 ], [ 55.317850954202271, 25.234933972315122 ], [ 55.317671291145444, 25.235068719607735 ], [ 55.317626375381238, 25.235113635371945 ], [ 55.317626375381238, 25.235203466900355 ] ] ], [ [ [ 55.3174469, 25.2403767 ], [ 55.317506174556449, 25.240482370385013 ], [ 55.317774074805953, 25.240507870289679 ], [ 55.317822674669493, 25.24009137026761 ], [ 55.3177634, 25.2399857 ], [ 55.3173722, 25.2399483 ], [ 55.317348, 25.2401562 ], [ 55.3174469, 25.2403767 ] ] ], [ [ [ 55.317716674925833, 25.240904070314638 ], [ 55.3176574, 25.2407984 ], [ 55.3175917, 25.2407936 ], [ 55.317646974881079, 25.240944170339979 ], [ 55.317712574941559, 25.240948970316619 ], [ 55.317716674925833, 25.240904070314638 ] ] ], [ [ [ 55.31759737613995, 25.243963470391826 ], [ 55.317644376181676, 25.243963170375054 ], [ 55.31764367613939, 25.243866670374207 ], [ 55.3175844, 25.243761 ], [ 55.317547334396252, 25.243761236590203 ], [ 55.317548635998762, 25.243648291542431 ], [ 55.3174538, 25.2434854 ], [ 55.3172632, 25.243489 ], [ 55.3172645, 25.2435472 ], [ 55.317323775762276, 25.243652870485992 ], [ 55.317462921515194, 25.24365024231647 ], [ 55.3174611, 25.2438083 ], [ 55.317406097757178, 25.243807987500649 ], [ 55.317349, 25.2437062 ], [ 55.317119, 25.2434978 ], [ 55.3170718, 25.2435399 ], [ 55.317236435926397, 25.243705591574468 ], [ 55.317251083045576, 25.243692527094197 ], [ 55.317373475889262, 25.243844570470422 ], [ 55.317406026021928, 25.243813984573571 ], [ 55.317464876018427, 25.243955270439045 ], [ 55.317519876067607, 25.243955770419408 ], [ 55.31747803600426, 25.243838491550253 ], [ 55.317537964387782, 25.243839104847876 ], [ 55.31759737613995, 25.243963470391826 ] ] ], [ [ [ 55.317671291145444, 25.232643268340617 ], [ 55.317626375381238, 25.23268818410482 ], [ 55.317632020275859, 25.232788079466001 ], [ 55.317766767579897, 25.232788079461425 ], [ 55.317766767576209, 25.232698247932912 ], [ 55.317716206909651, 25.232643268340617 ], [ 55.317671291145444, 25.232643268340617 ] ] ], [ [ [ 55.317626375381238, 25.232149194934351 ], [ 55.317491628088625, 25.232149194934347 ], [ 55.317356880796005, 25.232239026462761 ], [ 55.317356880796005, 25.232328857991178 ], [ 55.317407441419185, 25.232383837595343 ], [ 55.317676936027269, 25.232383837586177 ], [ 55.317676936019886, 25.232204174529166 ], [ 55.317626375381238, 25.232149194934351 ] ] ], [ [ [ 55.317379636454582, 25.247692991572745 ], [ 55.3173627, 25.2476628 ], [ 55.3172911, 25.2476634 ], [ 55.317308436441365, 25.24773269158014 ], [ 55.317380036459525, 25.247732191572833 ], [ 55.317379636454582, 25.247692991572745 ] ] ], [ [ [ 55.317331936455027, 25.24779499157794 ], [ 55.317315, 25.2477648 ], [ 55.317264, 25.2477658 ], [ 55.317283436454986, 25.247894691583205 ], [ 55.317334336467809, 25.247893691578014 ], [ 55.317331936455027, 25.24779499157794 ] ] ], [ [ [ 55.316907723153946, 25.240503527076662 ], [ 55.316907723153946, 25.240593358605082 ], [ 55.316963551069165, 25.240642671546045 ], [ 55.3169568, 25.2407493 ], [ 55.317002535510234, 25.240812891588966 ], [ 55.317181535558042, 25.240831391570772 ], [ 55.317223874488292, 25.24090687049058 ], [ 55.317395774648027, 25.240922370429399 ], [ 55.317403374624973, 25.240853270425898 ], [ 55.3173441, 25.2407476 ], [ 55.317192256785802, 25.240733908504819 ], [ 55.317212628936282, 25.240548673594731 ], [ 55.317262774370299, 25.24055317047269 ], [ 55.317296374268217, 25.240247270457235 ], [ 55.317282560727691, 25.240079127687594 ], [ 55.317314974213097, 25.240081170448729 ], [ 55.31731877419508, 25.240031570446799 ], [ 55.3172595, 25.2399259 ], [ 55.3170802, 25.2399146 ], [ 55.317087597850723, 25.239984162927126 ], [ 55.3170337, 25.2399812 ], [ 55.3169894, 25.2404283 ], [ 55.317031597393367, 25.240503527081223 ], [ 55.316907723153946, 25.240503527076662 ] ] ], [ [ [ 55.317075946482248, 25.248593574270785 ], [ 55.317275347335112, 25.248643173968048 ], [ 55.31728894730432, 25.248598473945073 ], [ 55.317093031697119, 25.248249227989778 ], [ 55.317087386210773, 25.248139206991674 ], [ 55.317042470447369, 25.248159095406127 ], [ 55.3168355, 25.248096 ], [ 55.3168219, 25.2481407 ], [ 55.317075946482248, 25.248593574270785 ] ] ], [ [ [ 55.3169291, 25.2414272 ], [ 55.3168627, 25.2414588 ], [ 55.3166713, 25.2423987 ], [ 55.316757274783917, 25.242554670675798 ], [ 55.317165075175453, 25.242620570530967 ], [ 55.317383474928697, 25.241598170441431 ], [ 55.3173242, 25.2414925 ], [ 55.3169291, 25.2414272 ] ] ], [ [ [ 55.317276736462432, 25.247968891584129 ], [ 55.3172598, 25.2479387 ], [ 55.3171474, 25.2479383 ], [ 55.317163936444665, 25.248057591595934 ], [ 55.317276436473335, 25.248057991584439 ], [ 55.317276736462432, 25.247968891584129 ] ] ], [ [ [ 55.3172766, 25.2392275 ], [ 55.317288135397881, 25.239312291554985 ], [ 55.317354035415299, 25.239317591548286 ], [ 55.3173425, 25.2392328 ], [ 55.3172766, 25.2392275 ] ] ], [ [ [ 55.31661011999757, 25.245803737378271 ], [ 55.316692176197279, 25.245804785967021 ], [ 55.316819120613374, 25.246038337224064 ], [ 55.317255021448887, 25.246042336890682 ], [ 55.317248721283612, 25.245876636891484 ], [ 55.31712453366432, 25.245655251495023 ], [ 55.317125920714091, 25.245514236976646 ], [ 55.3169989, 25.2452878 ], [ 55.3168809, 25.2452869 ], [ 55.316879510646764, 25.245423381519394 ], [ 55.3168011, 25.2452836 ], [ 55.3166831, 25.2452826 ], [ 55.316681928483433, 25.245397721717179 ], [ 55.3166132, 25.2452752 ], [ 55.316488, 25.2452735 ], [ 55.316486142245544, 25.245388681299485 ], [ 55.3164194, 25.2452697 ], [ 55.3162941, 25.245268 ], [ 55.316292173727462, 25.245387429427286 ], [ 55.3162226, 25.2452634 ], [ 55.3160844, 25.2452627 ], [ 55.3160826, 25.2455611 ], [ 55.316209619218334, 25.245787537684254 ], [ 55.316275116320156, 25.24578786988128 ], [ 55.316401319813423, 25.246035437543622 ], [ 55.316432619874071, 25.246036437519695 ], [ 55.316435219816704, 25.245969037516069 ], [ 55.316333760873391, 25.24578816729797 ], [ 55.316348363137593, 25.245677270071869 ], [ 55.316416219622475, 25.245798237526472 ], [ 55.316541419862865, 25.245799837430731 ], [ 55.316543316219153, 25.2456846470104 ], [ 55.31661011999757, 25.245803737378271 ] ], [ [ 55.3169412, 25.2457115 ], [ 55.316926140069313, 25.245711360343162 ], [ 55.316926563124028, 25.24566835077551 ], [ 55.316941397867666, 25.245694796349373 ], [ 55.3169412, 25.2457115 ] ], [ [ 55.316754351543011, 25.245709767169934 ], [ 55.31673686473777, 25.245709604985443 ], [ 55.316737351070074, 25.24567946069563 ], [ 55.316754351543011, 25.245709767169934 ] ] ], [ [ [ 55.317255774669022, 25.241259870483191 ], [ 55.3171965, 25.2411542 ], [ 55.316916, 25.2411102 ], [ 55.316883, 25.2412826 ], [ 55.316942274445303, 25.241388270596552 ], [ 55.317222674713939, 25.241432270496958 ], [ 55.317255774669022, 25.241259870483191 ] ] ], [ [ [ 55.317164635809164, 25.242902991579193 ], [ 55.3171477, 25.2428728 ], [ 55.3168812, 25.24279 ], [ 55.3167625, 25.2427655 ], [ 55.316749789388616, 25.242815784200232 ], [ 55.3167222, 25.2427666 ], [ 55.3166807, 25.2427581 ], [ 55.3166623, 25.2428315 ], [ 55.316719872825274, 25.242934136339052 ], [ 55.316676, 25.2431077 ], [ 55.316783535751405, 25.243220791619088 ], [ 55.317050135828303, 25.243294391592137 ], [ 55.317164635809164, 25.242902991579193 ] ] ], [ [ [ 55.317083335944432, 25.244167691591571 ], [ 55.317123935954754, 25.244167691587439 ], [ 55.3171069, 25.2440217 ], [ 55.3170663, 25.2440217 ], [ 55.317083335944432, 25.244167691591571 ] ] ], [ [ [ 55.317190765865824, 25.237563239886352 ], [ 55.317177217739179, 25.237539086639071 ], [ 55.317087386210773, 25.237539086639064 ], [ 55.317100934328003, 25.237653071422322 ], [ 55.317190765874685, 25.237653071414989 ], [ 55.317190765865824, 25.237563239886352 ] ] ], [ [ [ 55.317042470446566, 25.23969504332096 ], [ 55.316907723153946, 25.239695043320957 ], [ 55.31692578754614, 25.239817079215911 ], [ 55.31706053487531, 25.239817079201245 ], [ 55.317042470446566, 25.23969504332096 ] ] ], [ [ [ 55.317059970338889, 25.23963640975786 ], [ 55.317059970316002, 25.239456746700437 ], [ 55.317042470446566, 25.239425548735721 ], [ 55.316997554682359, 25.239425548735724 ], [ 55.316997554682359, 25.239605211792544 ], [ 55.31701505456288, 25.239636409762589 ], [ 55.317059970338889, 25.23963640975786 ] ] ], [ [ [ 55.317060534727652, 25.238694185092225 ], [ 55.317042470446566, 25.238661980744219 ], [ 55.316997554682359, 25.238661980744215 ], [ 55.317015618957171, 25.238739100861476 ], [ 55.317060534733557, 25.238739100856598 ], [ 55.317060534727652, 25.238694185092225 ] ] ], [ [ [ 55.316817891625533, 25.234754309258296 ], [ 55.316772975861326, 25.2347543092583 ], [ 55.316772975861326, 25.234799225022506 ], [ 55.316885387068929, 25.23497422775819 ], [ 55.316975218642575, 25.235064059274766 ], [ 55.317065050201442, 25.235064059262562 ], [ 55.317042470446566, 25.234978888079333 ], [ 55.316817891625533, 25.234754309258296 ] ] ], [ [ [ 55.316907723153946, 25.239829790613577 ], [ 55.316862807389739, 25.239829790613577 ], [ 55.316862807389739, 25.239874706377773 ], [ 55.316926352076806, 25.239952832895437 ], [ 55.316971267853582, 25.239952832890388 ], [ 55.316971267847492, 25.239907917126025 ], [ 55.316907723153946, 25.239829790613577 ] ] ], [ [ [ 55.316997554682359, 25.237000097468599 ], [ 55.316952638918153, 25.237000097468599 ], [ 55.316964493446072, 25.237066147339135 ], [ 55.317009409218272, 25.237066147335934 ], [ 55.316997554682359, 25.237000097468599 ] ] ], [ [ [ 55.316817891625533, 25.240907768954514 ], [ 55.31684837550069, 25.240962113845004 ], [ 55.31689329128546, 25.240962113836765 ], [ 55.316938207060275, 25.240917198064047 ], [ 55.316938207030375, 25.240782450770645 ], [ 55.316907723153946, 25.240728105897695 ], [ 55.316817891625533, 25.240728105897691 ], [ 55.316817891625533, 25.240907768954514 ] ] ], [ [ [ 55.316772975861326, 25.24117726353975 ], [ 55.316806846878933, 25.241237646761984 ], [ 55.316851762665991, 25.241237646752829 ], [ 55.316896678441971, 25.241192730979161 ], [ 55.316896678408746, 25.241057983685675 ], [ 55.316862807389739, 25.240997600482928 ], [ 55.316772975861326, 25.240997600482928 ], [ 55.316772975861326, 25.24117726353975 ] ] ], [ [ [ 55.3168051, 25.2432508 ], [ 55.3167698, 25.2432822 ], [ 55.316821435776269, 25.243344291615617 ], [ 55.316856835781408, 25.243312891611911 ], [ 55.3168051, 25.2432508 ] ] ], [ [ [ 55.315377137042326, 25.236246683445319 ], [ 55.31545030906922, 25.236377138036325 ], [ 55.315580828966347, 25.236391084912256 ], [ 55.315594734614564, 25.236451591718396 ], [ 55.315873809125016, 25.236465209217844 ], [ 55.315925671456185, 25.236557670904649 ], [ 55.315981971508378, 25.236562470884607 ], [ 55.316000982099915, 25.236454815039838 ], [ 55.316063734735081, 25.236461591670615 ], [ 55.316060707415346, 25.236292826419334 ], [ 55.316135234732911, 25.236296491662795 ], [ 55.316168574846174, 25.236355931198872 ], [ 55.3161588, 25.2364281 ], [ 55.316245310692537, 25.236492737431238 ], [ 55.316570511330134, 25.236511437183015 ], [ 55.316573464239909, 25.236481236049389 ], [ 55.316632595913042, 25.236481236054995 ], [ 55.316651611488254, 25.236515137121092 ], [ 55.316728060098761, 25.236522598172893 ], [ 55.31672806009712, 25.236910265940189 ], [ 55.316829181618111, 25.236930393669397 ], [ 55.316874097378864, 25.23679564637343 ], [ 55.316874097360412, 25.236571067551917 ], [ 55.316825056871835, 25.236532064578029 ], [ 55.31685961190378, 25.236535436962519 ], [ 55.316862534481814, 25.236510917979864 ], [ 55.316919612020712, 25.236538136916696 ], [ 55.316909948464726, 25.236414312106202 ], [ 55.316937211940861, 25.236415436900259 ], [ 55.316940511888276, 25.236351736896196 ], [ 55.31686310742667, 25.236213740266734 ], [ 55.316925011734746, 25.23621763690479 ], [ 55.316912433070094, 25.236118819457474 ], [ 55.316941111676257, 25.236121136890137 ], [ 55.316947611627924, 25.236055436883571 ], [ 55.3168206, 25.235829 ], [ 55.3167513, 25.2358235 ], [ 55.316748311271397, 25.235853663180308 ], [ 55.3167287, 25.2358187 ], [ 55.3166497, 25.2358124 ], [ 55.316647197443793, 25.235837719992393 ], [ 55.3166335, 25.2358133 ], [ 55.3165531, 25.2358068 ], [ 55.316550879750743, 25.235901141538307 ], [ 55.3164914, 25.2357951 ], [ 55.316339447449991, 25.235786605744668 ], [ 55.316322, 25.2357555 ], [ 55.3159661, 25.2357291 ], [ 55.3159575, 25.2358243 ], [ 55.316084509977259, 25.236050737543465 ], [ 55.316311978491399, 25.236067546714185 ], [ 55.316298844143368, 25.236201878699699 ], [ 55.316031152682974, 25.2361872391158 ], [ 55.316050309881163, 25.236017337568793 ], [ 55.3159233, 25.2357909 ], [ 55.315842925993167, 25.235749652773492 ], [ 55.3158153, 25.2357004 ], [ 55.3156894, 25.2356869 ], [ 55.31568586069173, 25.23574920473505 ], [ 55.31561425092783, 25.23574945099617 ], [ 55.3155629, 25.2356579 ], [ 55.315366, 25.2356446 ], [ 55.315323327777271, 25.236150749522782 ], [ 55.3152992, 25.2361482 ], [ 55.3152931, 25.2361952 ], [ 55.315318501774428, 25.236240487619423 ], [ 55.315377137042326, 25.236246683445319 ] ], [ [ 55.316579823848876, 25.236416192544919 ], [ 55.316582241659461, 25.236391464133508 ], [ 55.316596112145064, 25.236416192547985 ], [ 55.316579823848876, 25.236416192544919 ] ] ], [ [ [ 55.316862807389739, 25.240278948255629 ], [ 55.316817891625533, 25.240278948255636 ], [ 55.316772975861326, 25.240323864019839 ], [ 55.316797249944479, 25.240412054423565 ], [ 55.316842165725063, 25.240412054416996 ], [ 55.316887081497711, 25.240367138646011 ], [ 55.316862807389739, 25.240278948255629 ] ] ], [ [ [ 55.316696129017004, 25.249824237198336 ], [ 55.316683144332913, 25.249756174503094 ], [ 55.3165483970403, 25.249756174503098 ], [ 55.316561381698101, 25.24982423720887 ], [ 55.316696129017004, 25.249824237198336 ] ] ], [ [ [ 55.316713625316829, 25.243258156767766 ], [ 55.3166865, 25.2432098 ], [ 55.31656768838522, 25.243184823689276 ], [ 55.316587771786821, 25.24318837934192 ], [ 55.316653671702923, 25.242885079310597 ], [ 55.3165848, 25.2427623 ], [ 55.316503, 25.2427477 ], [ 55.316437, 25.2430511 ], [ 55.316452970615067, 25.243079571257603 ], [ 55.3164266, 25.243074 ], [ 55.3163931, 25.2432026 ], [ 55.316461971725367, 25.243325379395895 ], [ 55.316497471765857, 25.243332879381263 ], [ 55.31651480651108, 25.243175461238703 ], [ 55.316567095202551, 25.2431847186696 ], [ 55.3165505, 25.2432493 ], [ 55.316609774997943, 25.243354970737503 ], [ 55.316729175115093, 25.243380070695167 ], [ 55.316768735757705, 25.243302491620863 ], [ 55.3167467, 25.2432594 ], [ 55.316713625316829, 25.243258156767766 ] ] ], [ [ [ 55.3151524, 25.2319549 ], [ 55.3150431, 25.2319508 ], [ 55.315021, 25.2320337 ], [ 55.3150063, 25.2322579 ], [ 55.315191368106632, 25.2325878593868 ], [ 55.3150621, 25.2326631 ], [ 55.3150569, 25.2328756 ], [ 55.315260109071673, 25.233237901012597 ], [ 55.315537609926615, 25.233243400673366 ], [ 55.315539339768456, 25.23317118136049 ], [ 55.315680405521903, 25.233422684664919 ], [ 55.3155314, 25.2334466 ], [ 55.3155191, 25.234132 ], [ 55.315646107576967, 25.234358437837535 ], [ 55.316435909097791, 25.234374037234033 ], [ 55.316756209402307, 25.234042536981082 ], [ 55.316735534208775, 25.233985510052324 ], [ 55.316766509379718, 25.233996836972093 ], [ 55.316828209433986, 25.233928236923248 ], [ 55.316834309222514, 25.233686836912721 ], [ 55.316759952779869, 25.233559079539109 ], [ 55.316831314341115, 25.233558999103025 ], [ 55.316899514492441, 25.2335205990181 ], [ 55.316883314137939, 25.23331429902991 ], [ 55.3167582362112, 25.233091304917448 ], [ 55.316834613520129, 25.232996999077166 ], [ 55.3166314, 25.2326347 ], [ 55.3163584, 25.2324692 ], [ 55.316156100872497, 25.23250636497772 ], [ 55.316099239398241, 25.23232885799117 ], [ 55.316005166446011, 25.232289580664954 ], [ 55.3157862, 25.231864 ], [ 55.3154765, 25.2319271 ], [ 55.3154398, 25.2319596 ], [ 55.3154932, 25.2321742 ], [ 55.315696409366026, 25.232536500451609 ], [ 55.31573840957477, 25.232591000402358 ], [ 55.315823505268611, 25.232573656910283 ], [ 55.3157743, 25.2327354 ], [ 55.315905433377466, 25.232969194826556 ], [ 55.315543298671415, 25.233005900043828 ], [ 55.315545509463107, 25.232913600650875 ], [ 55.315365964017971, 25.232593490520927 ], [ 55.315352605416685, 25.232044639370525 ], [ 55.315335671406736, 25.232014447641735 ], [ 55.315245839878322, 25.232014447641735 ], [ 55.315207373926938, 25.232052913596117 ], [ 55.3151524, 25.2319549 ] ], [ [ 55.316166785555566, 25.233344619713652 ], [ 55.316074392138297, 25.23316682792041 ], [ 55.316361798900935, 25.233177100976672 ], [ 55.31654857771494, 25.23353639171664 ], [ 55.3164898, 25.2334316 ], [ 55.3162965, 25.2333238 ], [ 55.316166785555566, 25.233344619713652 ] ] ], [ [ [ 55.316689354158953, 25.244512100356193 ], [ 55.316734269927352, 25.24451210035452 ], [ 55.31672806009712, 25.244411198562588 ], [ 55.316683144332913, 25.244411198562585 ], [ 55.316689354158953, 25.244512100356193 ] ] ], [ [ [ 55.316741043622315, 25.237472402007551 ], [ 55.316785959382543, 25.237337654711077 ], [ 55.316772975861326, 25.237314507818038 ], [ 55.316683144332913, 25.237314507818041 ], [ 55.316683144333048, 25.23744531062561 ], [ 55.3165938, 25.237425 ], [ 55.3165695, 25.2376086 ], [ 55.316617639604004, 25.237694422902457 ], [ 55.316593312804507, 25.237718749695894 ], [ 55.316607425340464, 25.23783374090721 ], [ 55.316742172661641, 25.237833740895766 ], [ 55.3167421726478, 25.23769899360278 ], [ 55.31671831574495, 25.237673833934334 ], [ 55.316736072601209, 25.237539670626575 ], [ 55.316698340382892, 25.237472402011207 ], [ 55.316741043622315, 25.237472402007551 ] ] ], [ [ [ 55.316700079637656, 25.239770150701595 ], [ 55.316700079621043, 25.239635403408545 ], [ 55.316683144332913, 25.239605211792544 ], [ 55.316638228568706, 25.239605211792536 ], [ 55.316638228568706, 25.239739959085156 ], [ 55.316655163862023, 25.239770150706178 ], [ 55.316700079637656, 25.239770150701595 ] ] ], [ [ [ 55.316700079604438, 25.239500656115499 ], [ 55.316683144332913, 25.239470464499924 ], [ 55.316638228568706, 25.239470464499924 ], [ 55.316655163834341, 25.239545571884417 ], [ 55.316700079609973, 25.239545571879844 ], [ 55.316700079604438, 25.239500656115499 ] ] ], [ [ [ 55.3166396, 25.2370306 ], [ 55.316660134967101, 25.237113391611913 ], [ 55.316714534983682, 25.237135691606447 ], [ 55.3167087, 25.2370075 ], [ 55.3166396, 25.2370306 ] ] ], [ [ [ 55.3165483970403, 25.242210326116489 ], [ 55.3165483970403, 25.242300157644902 ], [ 55.316602345122185, 25.24231625984984 ], [ 55.316647260889525, 25.242271344083118 ], [ 55.316647260886576, 25.24222642831883 ], [ 55.3165483970403, 25.242210326116489 ] ] ], [ [ [ 55.316655164072444, 25.241476949751533 ], [ 55.316638228568706, 25.241401842360784 ], [ 55.316593312804507, 25.24140184236078 ], [ 55.316610248296818, 25.24147694975612 ], [ 55.316655164072444, 25.241476949751533 ] ] ], [ [ [ 55.316593312804507, 25.23798824428113 ], [ 55.31660911886582, 25.238016423126457 ], [ 55.316698950415557, 25.238016423117905 ], [ 55.316683144332913, 25.237853496988507 ], [ 55.316638228568706, 25.23785349698851 ], [ 55.316593312804507, 25.237898412752717 ], [ 55.316593312804507, 25.23798824428113 ] ] ], [ [ [ 55.316516465925133, 25.249824237212387 ], [ 55.316503481276094, 25.249756174503094 ], [ 55.31641364974768, 25.249756174503091 ], [ 55.316426634379198, 25.249824237219418 ], [ 55.316516465925133, 25.249824237212387 ] ] ], [ [ [ 55.3163034, 25.2387957 ], [ 55.316362672856265, 25.238901370775253 ], [ 55.316415172906403, 25.238909270756608 ], [ 55.316419779070856, 25.238884083831266 ], [ 55.316532573016524, 25.238922270714856 ], [ 55.316550372990925, 25.238826170707416 ], [ 55.31652539512168, 25.238781640683531 ], [ 55.316565972985906, 25.238782370701347 ], [ 55.316540931679981, 25.238656396887517 ], [ 55.316616672870033, 25.238409170679027 ], [ 55.3165574, 25.2383035 ], [ 55.3161663, 25.2382966 ], [ 55.3161231, 25.2385028 ], [ 55.316182372569386, 25.238608470836279 ], [ 55.31644070471242, 25.238643000350937 ], [ 55.316462845947477, 25.238716229374607 ], [ 55.3163912, 25.2387054 ], [ 55.316382992827961, 25.238749663422176 ], [ 55.3163174, 25.2387187 ], [ 55.3163034, 25.2387957 ] ] ], [ [ [ 55.316574929123746, 25.240595743064869 ], [ 55.3165483970403, 25.240503527076655 ], [ 55.316503481276094, 25.240503527076662 ], [ 55.316530013341634, 25.240595743072042 ], [ 55.316574929123746, 25.240595743064869 ] ] ], [ [ [ 55.316557993833783, 25.241778277068772 ], [ 55.3165483970403, 25.241716252710219 ], [ 55.316503481276094, 25.241716252710223 ], [ 55.316513078063096, 25.241778277071369 ], [ 55.316557993833783, 25.241778277068772 ] ] ], [ [ [ 55.3165729, 25.2382242 ], [ 55.3164408, 25.2382078 ], [ 55.3164329, 25.2382597 ], [ 55.316449835058627, 25.238289891637169 ], [ 55.316581935094248, 25.238306291623754 ], [ 55.3165729, 25.2382242 ] ] ], [ [ [ 55.31641364974768, 25.240817937426108 ], [ 55.316440746342067, 25.240866244061181 ], [ 55.316530577907038, 25.240866244046529 ], [ 55.316503481276094, 25.240683190133485 ], [ 55.316458565511887, 25.240683190133488 ], [ 55.31641364974768, 25.240817937426108 ] ] ], [ [ [ 55.316509690969625, 25.241951901800128 ], [ 55.316458565511887, 25.241940831531252 ], [ 55.316464775205297, 25.242041733330328 ], [ 55.316509690973689, 25.242041733328652 ], [ 55.316509690969625, 25.241951901800128 ] ] ], [ [ [ 55.316464775325102, 25.244691763421631 ], [ 55.316458565511887, 25.244635777383614 ], [ 55.316368733983474, 25.244635777383611 ], [ 55.316374943788311, 25.244691763424996 ], [ 55.316464775325102, 25.244691763421631 ] ] ], [ [ [ 55.316638228568706, 25.231475458471262 ], [ 55.316593312804507, 25.231475458471262 ], [ 55.316598957559904, 25.231530438101977 ], [ 55.316643873327912, 25.231530438100457 ], [ 55.316638228568706, 25.231475458471262 ] ] ], [ [ [ 55.316071373786286, 25.239040097459824 ], [ 55.31610111601411, 25.239042416271989 ], [ 55.316121072706835, 25.239053570863202 ], [ 55.316295657369814, 25.239064782935916 ], [ 55.3163023, 25.239178 ], [ 55.316355573003399, 25.239257070781818 ], [ 55.316426973068907, 25.239261570756387 ], [ 55.316504873102708, 25.239179170727656 ], [ 55.316508773083783, 25.239127470726856 ], [ 55.31653597310882, 25.23912917071598 ], [ 55.3164802, 25.2389777 ], [ 55.3163627, 25.2389617 ], [ 55.316360236484648, 25.23899360839766 ], [ 55.316306316205711, 25.23894994215711 ], [ 55.3162486, 25.2388275 ], [ 55.315944, 25.2388044 ], [ 55.3159034, 25.2389183 ], [ 55.315962672553049, 25.239023970919405 ], [ 55.316023175069361, 25.239035114203475 ], [ 55.316023435054205, 25.239133991683378 ], [ 55.316082435069973, 25.239140091677378 ], [ 55.316071373786286, 25.239040097459824 ] ] ], [ [ [ 55.3165027, 25.2365759 ], [ 55.3161526, 25.2365549 ], [ 55.3161285, 25.2368833 ], [ 55.316187771875548, 25.236988970815993 ], [ 55.316537872196271, 25.23700997069129 ], [ 55.316561972076052, 25.236681570678968 ], [ 55.3165027, 25.2365759 ] ] ], [ [ [ 55.316379459049926, 25.232392895117844 ], [ 55.316604037907126, 25.232392895103349 ], [ 55.316604037900113, 25.232303063574754 ], [ 55.316593312804507, 25.232283942226964 ], [ 55.316368733983474, 25.23228394222696 ], [ 55.316379459049926, 25.232392895117844 ] ] ], [ [ [ 55.31641364974768, 25.242075578823872 ], [ 55.316368733983474, 25.242210326116481 ], [ 55.316466468768567, 25.242224415552119 ], [ 55.316466468760815, 25.242089668259297 ], [ 55.31641364974768, 25.242075578823872 ] ] ], [ [ [ 55.316602344446046, 25.23203054982892 ], [ 55.316593312804507, 25.231969531877532 ], [ 55.3165483970403, 25.231969531877528 ], [ 55.316557428675743, 25.232030549831361 ], [ 55.316602344446046, 25.23203054982892 ] ] ], [ [ [ 55.316503481276094, 25.230397480130318 ], [ 55.316518721977623, 25.230469568338794 ], [ 55.316563637752111, 25.230469568334673 ], [ 55.3165483970403, 25.230397480130318 ], [ 55.316503481276094, 25.230397480130318 ] ] ], [ [ [ 55.316431149457557, 25.239501662531058 ], [ 55.31641364974768, 25.239425548735721 ], [ 55.316368733983474, 25.239425548735724 ], [ 55.316386233681548, 25.239501662535783 ], [ 55.316431149457557, 25.239501662531058 ] ] ], [ [ [ 55.316377201810816, 25.243258484523352 ], [ 55.316368733983474, 25.24319847292902 ], [ 55.316278902455061, 25.24319847292902 ], [ 55.31628737027097, 25.243258484527935 ], [ 55.316377201810816, 25.243258484523352 ] ] ], [ [ [ 55.3164013, 25.2380241 ], [ 55.3162872, 25.2380152 ], [ 55.316299034996675, 25.238098491651922 ], [ 55.316413135026806, 25.238107491640321 ], [ 55.3164013, 25.2380241 ] ] ], [ [ [ 55.316464774724224, 25.231396697200882 ], [ 55.316509690492616, 25.231396697199205 ], [ 55.316503481276094, 25.231295795414436 ], [ 55.316458565511887, 25.231295795414443 ], [ 55.316464774724224, 25.231396697200882 ] ] ], [ [ [ 55.316377201096657, 25.231670217339449 ], [ 55.316323818219267, 25.231610205763875 ], [ 55.316189070926647, 25.231610205763879 ], [ 55.316189070926647, 25.231700037292299 ], [ 55.316259024004133, 25.23177470763531 ], [ 55.3161871, 25.2317843 ], [ 55.3162073, 25.2319088 ], [ 55.316274472447589, 25.232028560160845 ], [ 55.316491972652841, 25.231999660072528 ], [ 55.316477372594377, 25.231910160077284 ], [ 55.316377201102163, 25.231759377084206 ], [ 55.316377201096657, 25.231670217339449 ] ] ], [ [ [ 55.316323818219267, 25.24342305175005 ], [ 55.316233986690854, 25.243423051750053 ], [ 55.316242454517671, 25.243527979115907 ], [ 55.31628737028759, 25.243527979113612 ], [ 55.316332286054738, 25.243483063347032 ], [ 55.316323818219267, 25.24342305175005 ] ] ], [ [ [ 55.316276300023837, 25.239824085118357 ], [ 55.316332873129795, 25.239596870793768 ], [ 55.3162032, 25.239355 ], [ 55.3160664, 25.2393438 ], [ 55.3159845, 25.2394141 ], [ 55.3159496, 25.2397626 ], [ 55.316008872958442, 25.239868270912481 ], [ 55.316241132659471, 25.239887306932808 ], [ 55.316365535240088, 25.239935991651095 ], [ 55.3163559, 25.2398334 ], [ 55.316276300023837, 25.239824085118357 ] ] ], [ [ [ 55.316206270056455, 25.241262564204082 ], [ 55.31634747365775, 25.240790370802085 ], [ 55.316345673392213, 25.2401786707958 ], [ 55.3162864, 25.240073 ], [ 55.3160767, 25.2400585 ], [ 55.3157281, 25.2404029 ], [ 55.3156962, 25.2407787 ], [ 55.315992635173998, 25.241217346352911 ], [ 55.31592442602512, 25.24120355006319 ], [ 55.3158747, 25.2411149 ], [ 55.3156646, 25.2410683 ], [ 55.3156031, 25.2411916 ], [ 55.3156053, 25.2412948 ], [ 55.315664573312958, 25.241400471052739 ], [ 55.315872573518092, 25.24144667097902 ], [ 55.315879628257733, 25.241420692560673 ], [ 55.315892573534647, 25.241443770971848 ], [ 55.316228273862841, 25.241511670852798 ], [ 55.316264273832019, 25.241365970838302 ], [ 55.316206270056455, 25.241262564204082 ] ] ], [ [ [ 55.316285112239328, 25.24442226884279 ], [ 55.316278902455061, 25.244366282798374 ], [ 55.316233986690854, 25.244366282798381 ], [ 55.316240196470936, 25.244422268844477 ], [ 55.316285112239328, 25.24442226884279 ] ] ], [ [ [ 55.316368733983474, 25.230397480130307 ], [ 55.316384539123582, 25.230470574738415 ], [ 55.316474370673312, 25.230470574729868 ], [ 55.316458565511887, 25.230397480130311 ], [ 55.316368733983474, 25.230397480130307 ] ] ], [ [ [ 55.315118996101113, 25.249500769428607 ], [ 55.315235120308152, 25.249491092793704 ], [ 55.3152153, 25.2497821 ], [ 55.315232236169521, 25.249812291798662 ], [ 55.315297739673468, 25.249815935278772 ], [ 55.3152246, 25.2498387 ], [ 55.315441676992108, 25.250385371234188 ], [ 55.315487663837168, 25.250370259130165 ], [ 55.315514877071728, 25.25041877120843 ], [ 55.315607877167466, 25.250448671175558 ], [ 55.315615348175683, 25.250429566348604 ], [ 55.315633077195315, 25.250461171166705 ], [ 55.31573337729882, 25.25049397113127 ], [ 55.315760577293553, 25.250425671120784 ], [ 55.3157013, 25.25032 ], [ 55.3156011, 25.2502873 ], [ 55.31559369965251, 25.250305787323725 ], [ 55.3155757, 25.2502737 ], [ 55.315489816965595, 25.250246180492599 ], [ 55.315306057315972, 25.249816397926203 ], [ 55.315318165941804, 25.249769548339419 ], [ 55.315363755166203, 25.249772095206279 ], [ 55.315405476727236, 25.249846471241 ], [ 55.31545687677513, 25.249851371222704 ], [ 55.315416376653282, 25.249652671234909 ], [ 55.315337715020362, 25.249545917047225 ], [ 55.31534203792777, 25.24948218326152 ], [ 55.315370825096615, 25.249479784389798 ], [ 55.315432976649085, 25.249608671228483 ], [ 55.315576276770415, 25.24959407117715 ], [ 55.315537163070168, 25.249465923120649 ], [ 55.315547305398418, 25.249465077934371 ], [ 55.315606676787816, 25.249571671166045 ], [ 55.315687564732876, 25.24956486127947 ], [ 55.315779176981735, 25.249664971105517 ], [ 55.315839877034811, 25.249662671083822 ], [ 55.315822405309206, 25.249591490229218 ], [ 55.315863277023446, 25.249588071074626 ], [ 55.31583338339474, 25.249441238026296 ], [ 55.31585982995697, 25.249439034110548 ], [ 55.315877536293037, 25.249482291731766 ], [ 55.315999136323256, 25.249476391719348 ], [ 55.31599626454846, 25.24942766430085 ], [ 55.316043247027814, 25.249423748974728 ], [ 55.3160355, 25.2494916 ], [ 55.316094777233609, 25.249597270992066 ], [ 55.316174377307703, 25.249604670963734 ], [ 55.31618637727302, 25.249499570958264 ], [ 55.316139351369479, 25.249415739987505 ], [ 55.316196974564896, 25.249410937848751 ], [ 55.316189070926647, 25.249307016861035 ], [ 55.316144155162441, 25.249262101096829 ], [ 55.316009407869828, 25.249217185332622 ], [ 55.315245839878322, 25.249217185332622 ], [ 55.314886513764677, 25.249307016861028 ], [ 55.31484159800047, 25.249351932625242 ], [ 55.31484159800047, 25.249441764153651 ], [ 55.314894417253399, 25.249500769439312 ], [ 55.315118996101113, 25.249500769428607 ] ] ], [ [ [ 55.315727073818898, 25.242444071042272 ], [ 55.316004474086007, 25.242490670943777 ], [ 55.316080874137718, 25.242452870916079 ], [ 55.316235374020479, 25.241862370854246 ], [ 55.316138, 25.2416971 ], [ 55.3158445, 25.2416353 ], [ 55.3156678, 25.2423384 ], [ 55.315727073818898, 25.242444071042272 ] ] ], [ [ [ 55.316113917617947, 25.24991708794348 ], [ 55.316113917608348, 25.249827256414815 ], [ 55.316054323634035, 25.249801090267301 ], [ 55.316054323634035, 25.249890921795707 ], [ 55.316113917617947, 25.24991708794348 ] ] ], [ [ [ 55.316271306769259, 25.23219413730693 ], [ 55.316029, 25.2318236 ], [ 55.3158501, 25.2318247 ], [ 55.3158732, 25.2319482 ], [ 55.316000206234214, 25.232174637513733 ], [ 55.316129644903867, 25.23215414531893 ], [ 55.316243163063028, 25.232319681622975 ], [ 55.316246405164023, 25.232395914290358 ], [ 55.316336236709176, 25.232395914283639 ], [ 55.316336236701062, 25.23230608275502 ], [ 55.316288915692709, 25.232283942228158 ], [ 55.316271306769259, 25.23219413730693 ] ] ], [ [ [ 55.316099239398241, 25.244231535505758 ], [ 55.316150929450032, 25.244243612180341 ], [ 55.316144155162441, 25.244186619741555 ], [ 55.316099239398241, 25.244186619741551 ], [ 55.316099239398241, 25.244231535505758 ] ] ], [ [ [ 55.316144155162441, 25.238212823102163 ], [ 55.316054323634035, 25.23821282310216 ], [ 55.316071823095001, 25.238288936931287 ], [ 55.316161654647011, 25.238288936921826 ], [ 55.316144155162441, 25.238212823102163 ] ] ], [ [ [ 55.3158865, 25.2502709 ], [ 55.315945777437321, 25.250376571054094 ], [ 55.315994777473968, 25.250360371036422 ], [ 55.3159147, 25.2502032 ], [ 55.3158657, 25.2502193 ], [ 55.3158865, 25.2502709 ] ] ], [ [ [ 55.3158095, 25.2347858 ], [ 55.315858203452379, 25.234914575064561 ], [ 55.315898503483794, 25.234916375052247 ], [ 55.315899709092655, 25.234894501736836 ], [ 55.316092509253181, 25.235250837517906 ], [ 55.316168409397498, 25.23525033745986 ], [ 55.316083909019767, 25.235016037518786 ], [ 55.3159569, 25.2347896 ], [ 55.3158717, 25.234787 ], [ 55.315870319161895, 25.234824282638332 ], [ 55.3158498, 25.2347877 ], [ 55.3158095, 25.2347858 ] ] ], [ [ [ 55.3161342, 25.2363169 ], [ 55.316079, 25.2363137 ], [ 55.316087834740756, 25.236457891668142 ], [ 55.316143134755215, 25.236461091662516 ], [ 55.3161342, 25.2363169 ] ] ], [ [ [ 55.316202053862966, 25.232352004917487 ], [ 55.316144155162441, 25.232328857991174 ], [ 55.316157138094241, 25.232396920685307 ], [ 55.316202053867208, 25.232396920681797 ], [ 55.316202053862966, 25.232352004917487 ] ] ], [ [ [ 55.315914277408311, 25.250374371065316 ], [ 55.315855, 25.2502687 ], [ 55.3157299, 25.2503096 ], [ 55.31581977737487, 25.250491871100397 ], [ 55.315944877468681, 25.250451071055256 ], [ 55.315914277408311, 25.250374371065316 ] ] ], [ [ [ 55.31616165370329, 25.230877835803032 ], [ 55.316206569479299, 25.230877835798296 ], [ 55.316189070926647, 25.23080172200817 ], [ 55.316144155162441, 25.230801722008174 ], [ 55.31616165370329, 25.230877835803032 ] ] ], [ [ [ 55.316032774175234, 25.242639070935354 ], [ 55.3159735, 25.2425334 ], [ 55.3156567, 25.2424738 ], [ 55.3155213, 25.2430623 ], [ 55.315580574000812, 25.243167971102764 ], [ 55.315897374308626, 25.243227570990353 ], [ 55.316032774175234, 25.242639070935354 ] ] ], [ [ [ 55.315919576341415, 25.244815440440433 ], [ 55.315971266403729, 25.244827517123099 ], [ 55.315964492105621, 25.244770524676227 ], [ 55.315919576341415, 25.24477052467623 ], [ 55.315919576341415, 25.244815440440433 ] ] ], [ [ [ 55.315945035943564, 25.246509291715252 ], [ 55.3159284, 25.2464412 ], [ 55.3158828, 25.2464409 ], [ 55.315899435931925, 25.246508991719907 ], [ 55.315945035943564, 25.246509291715252 ] ] ], [ [ [ 55.3160253, 25.2381235 ], [ 55.3159442, 25.2381171 ], [ 55.315954434921721, 25.238201491687398 ], [ 55.316036934943519, 25.238208091679002 ], [ 55.3160253, 25.2381235 ] ] ], [ [ [ 55.315980297263422, 25.231458721592396 ], [ 55.316025213043453, 25.231503637352464 ], [ 55.316070128818318, 25.231503637348187 ], [ 55.316054323634035, 25.231385626942846 ], [ 55.315964492105621, 25.231385626942849 ], [ 55.315980297263422, 25.231458721592396 ] ] ], [ [ [ 55.314892273809185, 25.244144271359506 ], [ 55.315156008350016, 25.244200411027535 ], [ 55.315166734146629, 25.244250656970877 ], [ 55.315256565689516, 25.244250656965079 ], [ 55.315248571009022, 25.24419148867193 ], [ 55.315703074490663, 25.244050371069029 ], [ 55.315746674502613, 25.243988071052772 ], [ 55.315891974390809, 25.243429170994574 ], [ 55.3158327, 25.2433235 ], [ 55.315460343906821, 25.243244254301196 ], [ 55.315475073916147, 25.243189471140667 ], [ 55.3154158, 25.2430838 ], [ 55.3153491, 25.2430692 ], [ 55.3153256, 25.2431565 ], [ 55.315363230497326, 25.243223586227849 ], [ 55.3150607, 25.2431592 ], [ 55.314919302773859, 25.243705291854717 ], [ 55.3148396, 25.2435632 ], [ 55.314145, 25.2434206 ], [ 55.314133201801695, 25.243470848707396 ], [ 55.3140998, 25.2434113 ], [ 55.3134049, 25.2432686 ], [ 55.3132921, 25.2436928 ], [ 55.313419112165782, 25.243919239773128 ], [ 55.314093313587463, 25.244065439261089 ], [ 55.314121000025395, 25.24398199241287 ], [ 55.314172013744582, 25.244072939201079 ], [ 55.314865415205134, 25.244221538674378 ], [ 55.314892273809185, 25.244144271359506 ] ] ], [ [ [ 55.315797247823795, 25.236662911933642 ], [ 55.315887079377077, 25.236752743455551 ], [ 55.315976910922245, 25.236752743448843 ], [ 55.315919576341415, 25.236595855590739 ], [ 55.315784829048795, 25.236595855590739 ], [ 55.315797247823795, 25.236662911933642 ] ] ], [ [ [ 55.3155693, 25.247794 ], [ 55.315542563472633, 25.247828827854061 ], [ 55.3154715, 25.2477821 ], [ 55.3154608, 25.2478173 ], [ 55.315714840688678, 25.248270176337762 ], [ 55.315767040912171, 25.248283276258537 ], [ 55.315777740887896, 25.248248076240451 ], [ 55.31562577663658, 25.247977171466744 ], [ 55.315691276186854, 25.248004871118077 ], [ 55.315741676226651, 25.247993071099952 ], [ 55.315793976240897, 25.247918171080432 ], [ 55.3157008, 25.2477915 ], [ 55.315623, 25.24777 ], [ 55.3155693, 25.247794 ] ] ], [ [ [ 55.31579167247493, 25.239195770982374 ], [ 55.315797005927365, 25.239129976173547 ], [ 55.315893335021158, 25.239134291696644 ], [ 55.315882949024825, 25.239027231276747 ], [ 55.315910335012447, 25.23902859169457 ], [ 55.315915035004252, 25.238952391693847 ], [ 55.3157241, 25.2387577 ], [ 55.31563, 25.2387747 ], [ 55.315598503207056, 25.238869342178695 ], [ 55.3155471, 25.2387777 ], [ 55.3150036, 25.2387352 ], [ 55.3149795, 25.238987 ], [ 55.315038771760157, 25.239092671249892 ], [ 55.315582272262404, 25.239135271056416 ], [ 55.315604402906253, 25.238903954527203 ], [ 55.315624072606226, 25.238939021824017 ], [ 55.3156027, 25.2389376 ], [ 55.3155987, 25.2389868 ], [ 55.315657972311335, 25.239092471028918 ], [ 55.315725272413914, 25.239191371006022 ], [ 55.31579167247493, 25.239195770982374 ] ], [ [ 55.315815767591339, 25.239020484228668 ], [ 55.315784430278086, 25.239019079189131 ], [ 55.315776016063225, 25.239004078315759 ], [ 55.315807753700248, 25.239006197061521 ], [ 55.315815767591339, 25.239020484228668 ] ] ], [ [ [ 55.315650081756175, 25.249935837559921 ], [ 55.31566306625146, 25.249958984572086 ], [ 55.315752897797395, 25.249958984565055 ], [ 55.315752897793153, 25.249914068800734 ], [ 55.315694997520382, 25.2498460060315 ], [ 55.315650081756175, 25.249846006031504 ], [ 55.315650081756175, 25.249935837559921 ] ] ], [ [ [ 55.315931995157783, 25.236842574980823 ], [ 55.315650081756175, 25.236595855590743 ], [ 55.315560250227769, 25.236595855590739 ], [ 55.315560250227769, 25.236730602883362 ], [ 55.315617584745652, 25.236797659240008 ], [ 55.315842163620736, 25.236932406516171 ], [ 55.315931995165904, 25.23693240650945 ], [ 55.315931995157783, 25.236842574980823 ] ] ], [ [ [ 55.315784829048795, 25.237718749695894 ], [ 55.315739913284588, 25.237763665460097 ], [ 55.315752332156762, 25.237830721809132 ], [ 55.315887079474514, 25.237830721799057 ], [ 55.315874660577208, 25.237763665460097 ], [ 55.315829744813001, 25.237718749695897 ], [ 55.315784829048795, 25.237718749695894 ] ] ], [ [ [ 55.31588090215822, 25.237155987537868 ], [ 55.3158555, 25.2371107 ], [ 55.3157874, 25.2371077 ], [ 55.315809902140991, 25.237209287548982 ], [ 55.315877902167486, 25.237212287538604 ], [ 55.31588090215822, 25.237155987537868 ] ] ], [ [ [ 55.315841599175883, 25.237470389298053 ], [ 55.315784829048795, 25.237449255110658 ], [ 55.315796683407555, 25.237515305065571 ], [ 55.315841599179763, 25.237515305062367 ], [ 55.315841599175883, 25.237470389298053 ] ] ], [ [ [ 55.315795372869694, 25.240103170991347 ], [ 55.3157361, 25.2399975 ], [ 55.3149365, 25.2398315 ], [ 55.3148926, 25.2400047 ], [ 55.31495187212181, 25.240110371292459 ], [ 55.31575147290534, 25.240276371008971 ], [ 55.315795372869694, 25.240103170991347 ] ] ], [ [ [ 55.3157966834153, 25.237605136594187 ], [ 55.315784829048795, 25.237539086639067 ], [ 55.315739913284588, 25.237539086639067 ], [ 55.3157517676431, 25.237605136597395 ], [ 55.3157966834153, 25.237605136594187 ] ] ], [ [ [ 55.315751767631468, 25.237470389304473 ], [ 55.315739913284588, 25.237449255110661 ], [ 55.315650081756175, 25.237449255110661 ], [ 55.315650081756175, 25.237494170874857 ], [ 55.31566193609094, 25.237515305075178 ], [ 55.315751767635348, 25.237515305068772 ], [ 55.315751767631468, 25.237470389304473 ] ] ], [ [ [ 55.31555337699033, 25.250150771191642 ], [ 55.3154809, 25.2499893 ], [ 55.3154288, 25.2499994 ], [ 55.315501376948326, 25.250160771210329 ], [ 55.31555337699033, 25.250150771191642 ] ] ], [ [ [ 55.315723220805701, 25.230986788781006 ], [ 55.315813052372171, 25.230986788765751 ], [ 55.315784829048795, 25.23089155353658 ], [ 55.315694997520382, 25.23089155353658 ], [ 55.315723220805701, 25.230986788781006 ] ] ], [ [ [ 55.315694997520382, 25.237089928997008 ], [ 55.315605165991983, 25.237089928997008 ], [ 55.315619278249294, 25.237160004526267 ], [ 55.315709109796742, 25.237160004518628 ], [ 55.315694997520382, 25.237089928997008 ] ] ], [ [ [ 55.315770394523973, 25.231305224682266 ], [ 55.315739913284588, 25.231205963886019 ], [ 55.315650081756175, 25.231205963886019 ], [ 55.315680562954448, 25.231305224698755 ], [ 55.315770394523973, 25.231305224682266 ] ] ], [ [ [ 55.315661371580269, 25.237289719863199 ], [ 55.315605165991983, 25.237269592053835 ], [ 55.315616455812147, 25.23733463563056 ], [ 55.315661371583964, 25.237334635627491 ], [ 55.315661371580269, 25.237289719863199 ] ] ], [ [ [ 55.315609873038085, 25.240876271066309 ], [ 55.3155506, 25.2407706 ], [ 55.3147499, 25.2405995 ], [ 55.3147045, 25.2407733 ], [ 55.314763772285914, 25.240878971368303 ], [ 55.315564473072605, 25.24104997108449 ], [ 55.315609873038085, 25.240876271066309 ] ] ], [ [ [ 55.315491975957734, 25.247885271187872 ], [ 55.3154327, 25.2477796 ], [ 55.3152382, 25.2477449 ], [ 55.3152266, 25.2477981 ], [ 55.315285875782166, 25.247903771261665 ], [ 55.31548037597036, 25.247938471192622 ], [ 55.315491975957734, 25.247885271187872 ] ] ], [ [ [ 55.315515334463562, 25.237718749695894 ], [ 55.315527188793716, 25.23773988390635 ], [ 55.315617020338124, 25.237739883899931 ], [ 55.315605165991983, 25.237628918167474 ], [ 55.315560250227769, 25.237628918167481 ], [ 55.315515334463562, 25.237673833931687 ], [ 55.315515334463562, 25.237718749695894 ] ] ], [ [ [ 55.315410507987359, 25.250617997076695 ], [ 55.315380587170942, 25.2505197424946 ], [ 55.315290755642529, 25.2505197424946 ], [ 55.315320676418565, 25.250617997092892 ], [ 55.315410507987359, 25.250617997076695 ] ] ], [ [ [ 55.315515334463562, 25.239784874849367 ], [ 55.315441189773352, 25.239784874853303 ], [ 55.315407417930381, 25.23965989713427 ], [ 55.315536785453617, 25.239643454656704 ], [ 55.315550372350835, 25.239406071070874 ], [ 55.3154911, 25.2393004 ], [ 55.315357122284738, 25.239293371385639 ], [ 55.315335671406736, 25.239200969914688 ], [ 55.315245839878322, 25.239200969914688 ], [ 55.315245839878628, 25.239274363773976 ], [ 55.315138, 25.2392611 ], [ 55.315129972675706, 25.239326315125428 ], [ 55.3150953, 25.2392645 ], [ 55.3149692, 25.2392548 ], [ 55.314967599641179, 25.239368805384554 ], [ 55.3148895, 25.2393647 ], [ 55.3148682, 25.2396964 ], [ 55.314927471967096, 25.23980207129766 ], [ 55.315400672399093, 25.239826871129068 ], [ 55.315425502935504, 25.23980495091082 ], [ 55.315447518438596, 25.239913955646117 ], [ 55.31549243421766, 25.239913955640162 ], [ 55.315537349989512, 25.239869039869809 ], [ 55.315515334463562, 25.239784874849367 ] ], [ [ 55.315334337866616, 25.239329044337296 ], [ 55.315331886030911, 25.239367184010447 ], [ 55.315310493047903, 25.239329044342028 ], [ 55.315334337866616, 25.239329044337296 ] ] ], [ [ [ 55.315470418699356, 25.237269592053835 ], [ 55.315481708496677, 25.237334635639716 ], [ 55.315571540040324, 25.237334635633609 ], [ 55.315560250227769, 25.237224676289625 ], [ 55.315515334463562, 25.237224676289625 ], [ 55.315470418699356, 25.237269592053835 ] ] ], [ [ [ 55.315325016649673, 25.241570850681807 ], [ 55.315290755642529, 25.241536589653396 ], [ 55.315193423602558, 25.241536589665728 ], [ 55.3151706, 25.2414959 ], [ 55.3150335, 25.2414682 ], [ 55.315051602652865, 25.241542787686036 ], [ 55.31515600835035, 25.24156424927779 ], [ 55.315168991963283, 25.241649568211972 ], [ 55.315258823517709, 25.241739399733586 ], [ 55.315367160801941, 25.241720893994547 ], [ 55.315458502844564, 25.241739787624763 ], [ 55.31549630283147, 25.241590987618256 ], [ 55.3154709, 25.2415457 ], [ 55.3153395, 25.2415181 ], [ 55.315325016649673, 25.241570850681807 ] ] ], [ [ [ 55.314773106778901, 25.232692301587026 ], [ 55.314784806149767, 25.2322426015552 ], [ 55.3145816, 25.2318803 ], [ 55.3144204, 25.2318769 ], [ 55.314414785455874, 25.232092652966447 ], [ 55.314294, 25.2318773 ], [ 55.3140834, 25.231872 ], [ 55.3140697, 25.2322546 ], [ 55.314207157734515, 25.232499678888448 ], [ 55.3140111, 25.2324983 ], [ 55.3140085, 25.2328079 ], [ 55.314170966945369, 25.233097567874381 ], [ 55.3140551, 25.2330942 ], [ 55.3140445, 25.2335128 ], [ 55.314178417973835, 25.233751565678222 ], [ 55.3141765, 25.2338754 ], [ 55.314249703282918, 25.234005915416773 ], [ 55.3141665, 25.2340677 ], [ 55.3141635, 25.2342044 ], [ 55.314366708309912, 25.234566702157146 ], [ 55.314747409481946, 25.234573601691739 ], [ 55.314743937833029, 25.234321541631939 ], [ 55.314858611625631, 25.234319076968884 ], [ 55.314860387567137, 25.234202497002027 ], [ 55.315017312532653, 25.234482276734177 ], [ 55.315039512649868, 25.234499876701083 ], [ 55.315058035298449, 25.234470247237276 ], [ 55.315089012886013, 25.234525476626644 ], [ 55.315344614072686, 25.234639976241375 ], [ 55.315441614266206, 25.234544476088406 ], [ 55.315448185599941, 25.234413465699969 ], [ 55.31552301458116, 25.23454687596405 ], [ 55.315573914779208, 25.234548975886327 ], [ 55.315579314604811, 25.23444347587294 ], [ 55.315249428006581, 25.233828266658243 ], [ 55.315348634230375, 25.233841791735021 ], [ 55.315351144267801, 25.233667111084998 ], [ 55.315379534216717, 25.23366719173131 ], [ 55.315379734208491, 25.233599991731069 ], [ 55.315307125340148, 25.233436021678774 ], [ 55.315227, 25.2333012 ], [ 55.314945753284185, 25.233264017617849 ], [ 55.3148546, 25.2331015 ], [ 55.314826, 25.2331003 ], [ 55.3148076, 25.2332457 ], [ 55.314828220205634, 25.233282463895513 ], [ 55.3147853, 25.2332892 ], [ 55.314781631699461, 25.23346631691129 ], [ 55.3145815, 25.2331095 ], [ 55.31445696119426, 25.233105880405589 ], [ 55.314458739906179, 25.232892393821519 ], [ 55.314326918247666, 25.232657365488009 ], [ 55.314485905856657, 25.232661301937103 ], [ 55.314490947612946, 25.232473141692463 ], [ 55.314611906281812, 25.232688801784057 ], [ 55.314773106778901, 25.232692301587026 ] ], [ [ 55.3148483, 25.2337367 ], [ 55.314841784917313, 25.233901242991937 ], [ 55.314796682236263, 25.233900909738384 ], [ 55.314810229524305, 25.233969978934724 ], [ 55.314839063307126, 25.233969978933938 ], [ 55.314836672203803, 25.234030367606859 ], [ 55.314766, 25.2339463 ], [ 55.314743200000095, 25.233964988055401 ], [ 55.314697418159142, 25.233883363560238 ], [ 55.314775708549888, 25.233884801630296 ], [ 55.314809734065108, 25.23361279178922 ], [ 55.314782994445629, 25.23355043880883 ], [ 55.314884039216821, 25.233730591634981 ], [ 55.3148483, 25.2337367 ] ] ], [ [ [ 55.315526624283258, 25.237514298693874 ], [ 55.315515334463562, 25.237449255110661 ], [ 55.315470418699356, 25.237449255110658 ], [ 55.315481708511435, 25.237514298696926 ], [ 55.315526624283258, 25.237514298693874 ] ] ], [ [ [ 55.315335671406736, 25.236461108298126 ], [ 55.315348654571295, 25.236529171065712 ], [ 55.315438486117223, 25.236529171058699 ], [ 55.315425502935149, 25.236416192533916 ], [ 55.315380587170942, 25.23641619253392 ], [ 55.315335671406736, 25.236461108298126 ] ] ], [ [ [ 55.3153121, 25.237654 ], [ 55.315369771495043, 25.237794971117037 ], [ 55.315401971524224, 25.237796171105561 ], [ 55.3153443, 25.2376552 ], [ 55.3153121, 25.237654 ] ] ], [ [ [ 55.315369539235455, 25.231266347336742 ], [ 55.315459370809549, 25.231266347318435 ], [ 55.315425502935149, 25.23116104812182 ], [ 55.315335671406736, 25.231161048121816 ], [ 55.315369539235455, 25.231266347336742 ] ] ], [ [ [ 55.3147445, 25.2352334 ], [ 55.3146459, 25.2352319 ], [ 55.314660334247428, 25.23540079181025 ], [ 55.314818895941144, 25.235431578545526 ], [ 55.314870307173678, 25.235523238459024 ], [ 55.315214603707332, 25.23551676841943 ], [ 55.315270508023183, 25.235616438155304 ], [ 55.315382308237915, 25.235618038069859 ], [ 55.315384308145887, 25.235514338065805 ], [ 55.3152573, 25.2352879 ], [ 55.315132468358691, 25.235284593647332 ], [ 55.3151074, 25.2352399 ], [ 55.3147445, 25.2352334 ] ] ], [ [ [ 55.3150278, 25.2385894 ], [ 55.315087071631638, 25.238695071228133 ], [ 55.315275371807473, 25.238714071161155 ], [ 55.315323271682786, 25.238326171139672 ], [ 55.3152415, 25.2381702 ], [ 55.3150991, 25.2381558 ], [ 55.3150278, 25.2385894 ] ] ], [ [ [ 55.315276634437275, 25.235669491748286 ], [ 55.3152597, 25.2356393 ], [ 55.3146771, 25.2355974 ], [ 55.3146553, 25.2357839 ], [ 55.314672234301376, 25.235814091810379 ], [ 55.315250134454196, 25.235861491751617 ], [ 55.315276634437275, 25.235669491748286 ] ] ], [ [ [ 55.314931429528883, 25.24854344886953 ], [ 55.314982555144709, 25.248599434967623 ], [ 55.3150723866815, 25.248599434964262 ], [ 55.31506617682151, 25.248498533105323 ], [ 55.314931429528883, 25.248498533105327 ], [ 55.314931429528883, 25.24854344886953 ] ] ], [ [ [ 55.314959895392548, 25.250197611771384 ], [ 55.3148644, 25.2499827 ], [ 55.3148097, 25.2499167 ], [ 55.314757, 25.2499351 ], [ 55.314932241488279, 25.250337637735694 ], [ 55.3146881, 25.2504766 ], [ 55.314785576516392, 25.250637171471293 ], [ 55.315034176676754, 25.250495671380925 ], [ 55.314960014529113, 25.25037350559975 ], [ 55.315029376609658, 25.250350171380994 ], [ 55.314959895392548, 25.250197611771384 ] ] ], [ [ [ 55.315188747162168, 25.231264334590556 ], [ 55.315278578734734, 25.231264334572856 ], [ 55.315245839878322, 25.231161048121816 ], [ 55.315156008349909, 25.231161048121816 ], [ 55.315188747162168, 25.231264334590556 ] ] ], [ [ [ 55.315271805269113, 25.23174633128826 ], [ 55.315271805260622, 25.231701415523823 ], [ 55.315200924114116, 25.231610205763879 ], [ 55.31506617682151, 25.231610205763879 ], [ 55.31506617682151, 25.231744953056491 ], [ 55.31513705794093, 25.231836162838171 ], [ 55.315181973722638, 25.231836162831161 ], [ 55.315271805269113, 25.23174633128826 ] ] ], [ [ [ 55.315192434455888, 25.23599429175793 ], [ 55.3151755, 25.2359641 ], [ 55.3147838, 25.2359324 ], [ 55.3147728, 25.2360437 ], [ 55.314789734363266, 25.236073891799236 ], [ 55.315181434466808, 25.236105591759408 ], [ 55.315192434455888, 25.23599429175793 ] ] ], [ [ [ 55.314957398430607, 25.250970278513147 ], [ 55.314931429528883, 25.250879068608238 ], [ 55.314886513764677, 25.250879068608246 ], [ 55.314912482648872, 25.250970278520168 ], [ 55.314957398430607, 25.250970278513147 ] ] ], [ [ [ 55.31516955564021, 25.233251326676257 ], [ 55.315156008349909, 25.233182257511089 ], [ 55.31511109258571, 25.233182257511093 ], [ 55.31512463986688, 25.23325132667992 ], [ 55.31516955564021, 25.233251326676257 ] ] ], [ [ [ 55.31498147123753, 25.237999371257921 ], [ 55.3149222, 25.2378937 ], [ 55.3147674, 25.2378812 ], [ 55.3147533, 25.2380247 ], [ 55.314812571143676, 25.238130371319684 ], [ 55.314967371286869, 25.238142871264589 ], [ 55.31498147123753, 25.237999371257921 ] ] ], [ [ [ 55.314533397519632, 25.24990199214794 ], [ 55.31462607612832, 25.250067271521765 ], [ 55.314745476219088, 25.250031171478728 ], [ 55.314683344845392, 25.24989692547717 ], [ 55.314802892127979, 25.249857076373619 ], [ 55.314796682236263, 25.249801090267304 ], [ 55.314617019179444, 25.249801090267301 ], [ 55.314527187651038, 25.249846006031511 ], [ 55.314533397519632, 25.24990199214794 ] ] ], [ [ [ 55.31484724321264, 25.246262808836985 ], [ 55.31484159800047, 25.246207829130821 ], [ 55.314751766472057, 25.246162913366614 ], [ 55.314617019179444, 25.246162913366614 ], [ 55.314622664379954, 25.246442471901641 ], [ 55.31471249591597, 25.246442471898586 ], [ 55.31484724321264, 25.246262808836985 ] ] ], [ [ [ 55.31485451549279, 25.244555138690838 ], [ 55.3146896, 25.2442895 ], [ 55.3139783, 25.2441365 ], [ 55.3139128, 25.244171 ], [ 55.3138012, 25.2444599 ], [ 55.313871906272489, 25.244585954761693 ], [ 55.3137504, 25.2445821 ], [ 55.3137106, 25.2448339 ], [ 55.313837614019405, 25.245060339480876 ], [ 55.314120614613081, 25.245118339265861 ], [ 55.314175514468381, 25.244848539217294 ], [ 55.314107486703691, 25.244727260595923 ], [ 55.314756215601285, 25.244875338773813 ], [ 55.31485451549279, 25.244555138690838 ] ] ], [ [ [ 55.3120428, 25.2382802 ], [ 55.312059733944459, 25.238310392084799 ], [ 55.312439064234553, 25.238327391849683 ], [ 55.3123271, 25.2383304 ], [ 55.3123285, 25.2383903 ], [ 55.312345434030711, 25.238420492056022 ], [ 55.312477353721654, 25.238401518910376 ], [ 55.31250315915657, 25.238447527852166 ], [ 55.3124631, 25.238448 ], [ 55.312466, 25.2386495 ], [ 55.31251129216453, 25.238731895544067 ], [ 55.3124826, 25.238732099999989 ], [ 55.3124834, 25.2388119 ], [ 55.312542669462331, 25.238917572138536 ], [ 55.312584669499593, 25.238917272123544 ], [ 55.312584194057159, 25.238863074369409 ], [ 55.312700669585141, 25.238876172081692 ], [ 55.312680590433722, 25.238801842633887 ], [ 55.312787891255503, 25.238818868845641 ], [ 55.312832807024023, 25.238773953077967 ], [ 55.312823520944995, 25.238527242461931 ], [ 55.312962069667357, 25.238527171984455 ], [ 55.312961971025473, 25.238434091994105 ], [ 55.313082134219776, 25.238434091980984 ], [ 55.31308213421039, 25.238357731398594 ], [ 55.313183969869748, 25.23853837190542 ], [ 55.313252345936547, 25.23853207133719 ], [ 55.313277924648496, 25.238577675358066 ], [ 55.3132197, 25.2385787 ], [ 55.3132254, 25.2388428 ], [ 55.313284670136277, 25.238948471874153 ], [ 55.313540270361905, 25.238943971782906 ], [ 55.313534670243008, 25.238679871781898 ], [ 55.313486390666377, 25.238593795063469 ], [ 55.31363107028983, 25.238589471746472 ], [ 55.313626770204834, 25.238401271745875 ], [ 55.3135675, 25.2382956 ], [ 55.3133662, 25.2382978 ], [ 55.3133777, 25.2384896 ], [ 55.313425642343503, 25.238575075707253 ], [ 55.313380397794631, 25.238575871971719 ], [ 55.313327, 25.2384336 ], [ 55.313264, 25.2384336 ], [ 55.313254823771906, 25.238479600002748 ], [ 55.3131342, 25.2383287 ], [ 55.3130777, 25.2383306 ], [ 55.313079103299685, 25.23835108817557 ], [ 55.3130652, 25.2383263 ], [ 55.3129429, 25.2383263 ], [ 55.312942900000102, 25.23839877271423 ], [ 55.3129027, 25.238327099999989 ], [ 55.312844842183658, 25.238327077795169 ], [ 55.312955135904978, 25.238144529238433 ], [ 55.312967554293081, 25.238234963896144 ], [ 55.313102301618954, 25.238324795414695 ], [ 55.313192133164115, 25.23832479540798 ], [ 55.31323168925767, 25.238180492386395 ], [ 55.313374543635575, 25.238161305800471 ], [ 55.313416147538902, 25.238189041700085 ], [ 55.313503297545694, 25.238189041694657 ], [ 55.313520634310791, 25.238267491935737 ], [ 55.313677434352876, 25.23828539191982 ], [ 55.313680563012596, 25.238262877457107 ], [ 55.3136278, 25.2388797 ], [ 55.313831013588143, 25.239242002994665 ], [ 55.313895299993071, 25.239248958532517 ], [ 55.3138469, 25.2394214 ], [ 55.313906170939177, 25.239527071658987 ], [ 55.314039771103204, 25.239631571612492 ], [ 55.314495877023845, 25.239721209596599 ], [ 55.3143207, 25.2404485 ], [ 55.314379971804087, 25.240554171501572 ], [ 55.314546671966696, 25.240587071442469 ], [ 55.314729871801646, 25.239826371368448 ], [ 55.3146706, 25.2397207 ], [ 55.3145867802072, 25.239704207588705 ], [ 55.3145867801991, 25.239631378046397 ], [ 55.314513784761942, 25.239560296029765 ], [ 55.314525787167007, 25.239517167164077 ], [ 55.314541934729668, 25.239558291835813 ], [ 55.31479213479512, 25.239572991810348 ], [ 55.314812044663249, 25.239297634233264 ], [ 55.31484067169422, 25.239348671323484 ], [ 55.314898671745986, 25.239348971302793 ], [ 55.314898971722315, 25.239293471302055 ], [ 55.3148397, 25.2391878 ], [ 55.3147818, 25.2391875 ], [ 55.314782364123971, 25.239244718870193 ], [ 55.3145475, 25.2392156 ], [ 55.314537693953355, 25.239351795376546 ], [ 55.3144614, 25.239208 ], [ 55.314182810035604, 25.239151469706687 ], [ 55.314204288817599, 25.238984291908306 ], [ 55.314260134587784, 25.238988791862692 ], [ 55.31421716129433, 25.238884100088292 ], [ 55.314287049781669, 25.238340125415998 ], [ 55.314329634526018, 25.238344191853514 ], [ 55.31433563501048, 25.238294492724656 ], [ 55.314377970860114, 25.238369971477482 ], [ 55.314709571168869, 25.238401371359512 ], [ 55.314736371093041, 25.238170271347325 ], [ 55.3146771, 25.2380646 ], [ 55.314326756857206, 25.238031064017775 ], [ 55.314390051714632, 25.237538402224555 ], [ 55.314523070625633, 25.237526871416126 ], [ 55.314633870299602, 25.236542271365408 ], [ 55.3145746, 25.2364366 ], [ 55.314429, 25.2364418 ], [ 55.314374044007891, 25.236940073625746 ], [ 55.3142464, 25.2367125 ], [ 55.314167861537378, 25.236640771354949 ], [ 55.314122945773178, 25.236640771354949 ], [ 55.314122945774329, 25.236714354327059 ], [ 55.3138336, 25.2367187 ], [ 55.313817901876241, 25.236871708647904 ], [ 55.3137387, 25.2367305 ], [ 55.3133973, 25.2367416 ], [ 55.3134132, 25.2371431 ], [ 55.313616410365078, 25.237505403189481 ], [ 55.313753343382686, 25.237500951002438 ], [ 55.313691093561658, 25.238139769735326 ], [ 55.313681934319256, 25.238003191918427 ], [ 55.313587410273136, 25.237838115899933 ], [ 55.313595810592851, 25.23778479980848 ], [ 55.313494125074293, 25.237718749695894 ], [ 55.3133506, 25.2377255 ], [ 55.3132494, 25.2377733 ], [ 55.313329834218642, 25.23791359195404 ], [ 55.313500675472312, 25.237874631365901 ], [ 55.313501736135599, 25.238001813959922 ], [ 55.313449209310093, 25.237943328516916 ], [ 55.3131639, 25.2379662 ], [ 55.3131654, 25.2380749 ], [ 55.313208543382927, 25.238151820245086 ], [ 55.313114534735959, 25.238078075820479 ], [ 55.3130308, 25.2379406 ], [ 55.3129697, 25.2379777 ], [ 55.313030837561016, 25.238078075836189 ], [ 55.312961726800253, 25.238078075813409 ], [ 55.3127671, 25.2376038 ], [ 55.3125653, 25.2373335 ], [ 55.3124866, 25.237335 ], [ 55.312270876937752, 25.237388205397561 ], [ 55.3120904, 25.2373943 ], [ 55.312078033539308, 25.237459735225645 ], [ 55.3120371, 25.2374609 ], [ 55.312054181482644, 25.237545389419296 ], [ 55.3120126, 25.2376194 ], [ 55.3119913, 25.2377712 ], [ 55.31201, 25.238163 ], [ 55.312053364093046, 25.238240315343003 ], [ 55.3120428, 25.2382802 ] ] ], [ [ [ 55.314728867809471, 25.251367475662192 ], [ 55.31470685070785, 25.251328226250301 ], [ 55.314661934943643, 25.251328226250308 ], [ 55.31468395204481, 25.251457307196937 ], [ 55.314728867823874, 25.251457307190979 ], [ 55.314728867809471, 25.251367475662192 ] ] ], [ [ [ 55.3145994, 25.2519642 ], [ 55.314669336308519, 25.252100791863501 ], [ 55.314704136315981, 25.252089391859908 ], [ 55.3146486, 25.2519478 ], [ 55.3145994, 25.2519642 ] ] ], [ [ [ 55.3146252, 25.2515402 ], [ 55.314638136239353, 25.251604391865079 ], [ 55.314672436248486, 25.251607691861587 ], [ 55.3146595, 25.2515436 ], [ 55.3146252, 25.2515402 ] ] ], [ [ [ 55.314935733798684, 25.231190191768508 ], [ 55.3149188, 25.23116 ], [ 55.3147227, 25.2311532 ], [ 55.314716933808981, 25.231725391792544 ], [ 55.314913033859668, 25.231732091772582 ], [ 55.314935733798684, 25.231190191768508 ] ] ], [ [ [ 55.314667580243963, 25.248778091641352 ], [ 55.314661934943643, 25.248723111926356 ], [ 55.314572103415237, 25.248723111926356 ], [ 55.31457774870794, 25.248778091644411 ], [ 55.314667580243963, 25.248778091641352 ] ] ], [ [ [ 55.314527187651038, 25.248633280397943 ], [ 55.314577748702405, 25.248643344351638 ], [ 55.314667580236581, 25.248598428584334 ], [ 55.314661934943643, 25.248543448869526 ], [ 55.314527187651038, 25.248543448869533 ], [ 55.314527187651038, 25.248633280397943 ] ] ], [ [ [ 55.3142396, 25.2388701 ], [ 55.314298871050994, 25.238975771512585 ], [ 55.314703171428803, 25.239017171368786 ], [ 55.314740271333889, 25.238720571352182 ], [ 55.314712787223208, 25.238671571582653 ], [ 55.314795571364272, 25.238676871331947 ], [ 55.314804471323022, 25.238562871327481 ], [ 55.3147452, 25.2384572 ], [ 55.3146219, 25.2384493 ], [ 55.3146129, 25.2385633 ], [ 55.314639462564926, 25.238610656925442 ], [ 55.3142767, 25.2385736 ], [ 55.3142396, 25.2388701 ] ] ], [ [ [ 55.314661934943643, 25.236371276769713 ], [ 55.314676046922621, 25.236396436612832 ], [ 55.314810794243805, 25.236396436601382 ], [ 55.314810794239193, 25.236351520837058 ], [ 55.314751766472057, 25.2362814452413 ], [ 55.314661934943643, 25.236281445241303 ], [ 55.314661934943643, 25.236371276769713 ] ] ], [ [ [ 55.314808107669343, 25.236187938522733 ], [ 55.3146811, 25.2359615 ], [ 55.3146043, 25.2359537 ], [ 55.314605134320644, 25.236108891818169 ], [ 55.314656297169371, 25.236114028112528 ], [ 55.314724507553954, 25.236235638587829 ], [ 55.314801207707376, 25.236243338529366 ], [ 55.314808107669343, 25.236187938522733 ] ] ], [ [ [ 55.314527187651038, 25.249441764153648 ], [ 55.314578877799825, 25.249453840899115 ], [ 55.314623793566383, 25.249408925133018 ], [ 55.314617019179444, 25.249351932625242 ], [ 55.314527187651038, 25.249351932625238 ], [ 55.314527187651038, 25.249441764153648 ] ] ], [ [ [ 55.314724350226527, 25.241522872106923 ], [ 55.31470685070785, 25.241446758124994 ], [ 55.314661934943643, 25.241446758124987 ], [ 55.314679434450518, 25.241522872111659 ], [ 55.314724350226527, 25.241522872106923 ] ] ], [ [ [ 55.314479798685987, 25.25012000355483 ], [ 55.314599098781038, 25.250084003509784 ], [ 55.3145113, 25.2499039 ], [ 55.314392, 25.24994 ], [ 55.314479798685987, 25.25012000355483 ] ] ], [ [ [ 55.314622664367029, 25.246128061551865 ], [ 55.314617019179444, 25.246073081838205 ], [ 55.314392440358411, 25.246073081838208 ], [ 55.314302608829998, 25.246162913366618 ], [ 55.314302608829998, 25.246207829130817 ], [ 55.314353169764466, 25.246262808853782 ], [ 55.314398085532488, 25.246262808852254 ], [ 55.314577748602709, 25.246217893081891 ], [ 55.314622664367029, 25.246128061551865 ] ] ], [ [ [ 55.314549769159072, 25.250919324437767 ], [ 55.314527187651038, 25.250879068608242 ], [ 55.314437356122617, 25.250879068608242 ], [ 55.314459937607559, 25.25096424021439 ], [ 55.314549769166462, 25.250964240202169 ], [ 55.314549769159072, 25.250919324437767 ] ] ], [ [ [ 55.314341211696323, 25.241508239009253 ], [ 55.314327048356134, 25.241482988365643 ], [ 55.314592425389954, 25.241482988329476 ], [ 55.314637341161237, 25.241438072559607 ], [ 55.314617019179444, 25.241356926596577 ], [ 55.314302608829998, 25.241356926596577 ], [ 55.314302608830147, 25.241439417137141 ], [ 55.3142142, 25.2412818 ], [ 55.3139208, 25.2412201 ], [ 55.313924634787817, 25.241304191904423 ], [ 55.314078030009334, 25.241332440433922 ], [ 55.314084239451908, 25.24141291271971 ], [ 55.314129155219966, 25.241399844813369 ], [ 55.314202911453798, 25.241531339115578 ], [ 55.314329411718539, 25.24155663901945 ], [ 55.314341211696323, 25.241508239009253 ] ] ], [ [ [ 55.314473611259672, 25.240762638889862 ], [ 55.3143466, 25.2405362 ], [ 55.3142865, 25.2405394 ], [ 55.314203042530373, 25.240854560802116 ], [ 55.3141532, 25.2407657 ], [ 55.314019262827173, 25.240705818488472 ], [ 55.314076210227753, 25.240466539186531 ], [ 55.31394920000001, 25.2402401 ], [ 55.3137463, 25.2402006 ], [ 55.3135892, 25.2408606 ], [ 55.313716210114464, 25.241087039476916 ], [ 55.313912110554327, 25.241158539328854 ], [ 55.31423281119644, 25.241191239084426 ], [ 55.314266792387926, 25.241048503507745 ], [ 55.314383211525836, 25.241237138970536 ], [ 55.314630512046854, 25.241290338782719 ], [ 55.314473611259672, 25.240762638889862 ] ] ], [ [ [ 55.314487917075901, 25.246442471906221 ], [ 55.314532832843923, 25.24644247190469 ], [ 55.314527187651038, 25.246387492187647 ], [ 55.314482271886824, 25.24638749218764 ], [ 55.314487917075901, 25.246442471906221 ] ] ], [ [ [ 55.314347524594204, 25.248678196162142 ], [ 55.314353169871545, 25.248867923180548 ], [ 55.314487917177445, 25.248912838940221 ], [ 55.314487917170055, 25.248733175883206 ], [ 55.314437356122617, 25.24867819616215 ], [ 55.314347524594204, 25.248678196162142 ] ] ], [ [ [ 55.314407898594297, 25.250065603581071 ], [ 55.3143458, 25.2499549 ], [ 55.3142265, 25.249991 ], [ 55.314314198554563, 25.250171103617369 ], [ 55.314433498649571, 25.250135003572321 ], [ 55.314407898594297, 25.250065603581071 ] ] ], [ [ [ 55.3142215, 25.2514681 ], [ 55.31428077647103, 25.251573771662144 ], [ 55.314313076501023, 25.251576571650645 ], [ 55.314300189554345, 25.251508867487264 ], [ 55.314324061288133, 25.251546132376841 ], [ 55.314413892845508, 25.251546132365242 ], [ 55.314413892831475, 25.251456300836455 ], [ 55.314367878851471, 25.251418057784146 ], [ 55.314413676420251, 25.251181871610246 ], [ 55.3143544, 25.2510762 ], [ 55.314268, 25.2510625 ], [ 55.3142031, 25.2513972 ], [ 55.3142215, 25.2514681 ] ] ], [ [ [ 55.3144571, 25.2361094 ], [ 55.3144327, 25.2363159 ], [ 55.314483134323687, 25.236385491831509 ], [ 55.314583734349689, 25.236388791821259 ], [ 55.314615834332272, 25.236181191817316 ], [ 55.3145603, 25.2361128 ], [ 55.3144571, 25.2361094 ] ] ], [ [ [ 55.314582334276849, 25.235800591819494 ], [ 55.3145654, 25.2357704 ], [ 55.3145171, 25.2357698 ], [ 55.314533234270939, 25.235853991824673 ], [ 55.314581434283276, 25.235854591819766 ], [ 55.314582334276849, 25.235800591819494 ] ] ], [ [ [ 55.314577034291929, 25.235933891820469 ], [ 55.3145601, 25.2359037 ], [ 55.314491, 25.2358984 ], [ 55.314493534288992, 25.236082391829463 ], [ 55.314562634307215, 25.236087691822437 ], [ 55.314577034291929, 25.235933891820469 ] ] ], [ [ [ 55.314366154250443, 25.250642785101761 ], [ 55.314347524594204, 25.250564658258799 ], [ 55.314302608829998, 25.250564658258803 ], [ 55.314321238473667, 25.250642785106805 ], [ 55.314366154250443, 25.250642785101761 ] ] ], [ [ [ 55.31427632006001, 25.231194259141215 ], [ 55.314411067396406, 25.231239174890472 ], [ 55.314590730503483, 25.231239174870332 ], [ 55.314590730497393, 25.231194259105969 ], [ 55.314527187651038, 25.231116132357613 ], [ 55.314347524594204, 25.231071216593406 ], [ 55.314302608829998, 25.231071216593403 ], [ 55.314257693065791, 25.231116132357613 ], [ 55.31427632006001, 25.231194259141215 ] ] ], [ [ [ 55.314358813732561, 25.23163033364952 ], [ 55.314538476816161, 25.231585417873006 ], [ 55.314583392584289, 25.231540502105663 ], [ 55.314583392580602, 25.23149558634136 ], [ 55.314527187651038, 25.231385626942849 ], [ 55.314302608829998, 25.231340711178646 ], [ 55.314257693065791, 25.231430542707052 ], [ 55.314257693065791, 25.231610205763882 ], [ 55.314358813732561, 25.23163033364952 ] ] ], [ [ [ 55.314285920088047, 25.25214211408063 ], [ 55.31428592006958, 25.25205228255173 ], [ 55.314257693065791, 25.252001962713386 ], [ 55.314212777301584, 25.25200196271339 ], [ 55.314212777301584, 25.252091794241807 ], [ 55.31424100430479, 25.252142114088269 ], [ 55.314285920088047, 25.25214211408063 ] ] ], [ [ [ 55.314078030008972, 25.249441764153648 ], [ 55.31408536887357, 25.24949976308066 ], [ 55.314309947719366, 25.249499763070734 ], [ 55.314302608829998, 25.249396848389448 ], [ 55.314122945773178, 25.249396848389441 ], [ 55.314078030008972, 25.249441764153648 ] ] ], [ [ [ 55.312731, 25.2347831 ], [ 55.3124526, 25.2347904 ], [ 55.3123174, 25.2348899 ], [ 55.312322221191721, 25.235041047145113 ], [ 55.3121877, 25.2348012 ], [ 55.312115847657125, 25.234803635040706 ], [ 55.312101736383909, 25.2347543092583 ], [ 55.312056820619702, 25.234754309258296 ], [ 55.312056820620214, 25.234805635411789 ], [ 55.311935620113488, 25.234809742709281 ], [ 55.311922073327082, 25.234754309258296 ], [ 55.311787326034462, 25.234754309258296 ], [ 55.3118129368602, 25.234829410737657 ], [ 55.3118212, 25.2354869 ], [ 55.311989723082924, 25.235787371860606 ], [ 55.311877157562876, 25.235787371835027 ], [ 55.311787326034462, 25.23587720336344 ], [ 55.311806517442164, 25.236001252608805 ], [ 55.31189634899647, 25.236001252598435 ], [ 55.312062958423155, 25.235917947895889 ], [ 55.31207520400217, 25.235939781303379 ], [ 55.312457705437097, 25.235926580717983 ], [ 55.312491005513508, 25.235899180665736 ], [ 55.312474612337063, 25.235684679266225 ], [ 55.312588805866483, 25.235888280515699 ], [ 55.31291610863066, 25.235895660985115 ], [ 55.312923269388563, 25.236061142317904 ], [ 55.3128528, 25.2359355 ], [ 55.3128021, 25.2359372 ], [ 55.312808172791954, 25.236089019851317 ], [ 55.3127196, 25.2359311 ], [ 55.3126042, 25.2359328 ], [ 55.312607066224729, 25.236094822678705 ], [ 55.3125158, 25.2359321 ], [ 55.3123976, 25.2359334 ], [ 55.3124017, 25.2362379 ], [ 55.312528703576625, 25.236464340272075 ], [ 55.31264680380071, 25.236463040181775 ], [ 55.312644595876542, 25.236294973837389 ], [ 55.312736503967955, 25.236458840113098 ], [ 55.312852004186709, 25.236457140024761 ], [ 55.312849815298108, 25.236335703570042 ], [ 55.312942604400192, 25.236501139956566 ], [ 55.31299330449535, 25.236499439917775 ], [ 55.312988724406331, 25.236384940604037 ], [ 55.313083904719186, 25.236554639849857 ], [ 55.313149604843403, 25.236553439799607 ], [ 55.313146904729678, 25.236435939798799 ], [ 55.313111300471746, 25.236372460198186 ], [ 55.313863634158317, 25.236322091894454 ], [ 55.313989007856399, 25.236219235932733 ], [ 55.314400906739927, 25.236022738830055 ], [ 55.314472806730414, 25.235864038771215 ], [ 55.314446205873452, 25.234991638770307 ], [ 55.3143192, 25.2347652 ], [ 55.3141236, 25.2347391 ], [ 55.314106111501872, 25.234859720670027 ], [ 55.3136973, 25.2348083 ], [ 55.313538611401846, 25.234935691427765 ], [ 55.3134256, 25.2347342 ], [ 55.3133572, 25.2347269 ], [ 55.313479639325024, 25.234983032691147 ], [ 55.313078934045933, 25.235304706902962 ], [ 55.312910220139621, 25.234933972315122 ], [ 55.3128239, 25.2348197 ], [ 55.312731, 25.2347831 ] ] ], [ [ [ 55.313491759381265, 25.255130838002287 ], [ 55.3134668, 25.2551512 ], [ 55.313506336404103, 25.255275591992447 ], [ 55.313925236516368, 25.255321291949858 ], [ 55.314148636531165, 25.254980291925957 ], [ 55.314179536521586, 25.254838791922349 ], [ 55.3140006, 25.2547343 ], [ 55.313981672015359, 25.254748315647547 ], [ 55.313943282716352, 25.254651992801545 ], [ 55.313808535423732, 25.254651992801545 ], [ 55.313826315844821, 25.254863352360708 ], [ 55.313799494673212, 25.254883212616061 ], [ 55.3136644, 25.2547381 ], [ 55.3136122, 25.2547793 ], [ 55.313742107770189, 25.254926601803945 ], [ 55.313546423588292, 25.255086242607646 ], [ 55.3134088, 25.2549368 ], [ 55.3133566, 25.254978 ], [ 55.313491759381265, 25.255130838002287 ] ] ], [ [ [ 55.314122945773178, 25.250519742494596 ], [ 55.314138752695094, 25.250592837377301 ], [ 55.314228584244837, 25.25059283736875 ], [ 55.314212777301584, 25.25047482673039 ], [ 55.314167861537378, 25.250474826730397 ], [ 55.314122945773178, 25.250519742494596 ] ] ], [ [ [ 55.314212777301584, 25.249935837559917 ], [ 55.314122945773178, 25.249935837559917 ], [ 55.314078030008972, 25.249980753324124 ], [ 55.314078030008972, 25.25002566908832 ], [ 55.314133671859409, 25.250089706396377 ], [ 55.314178587630849, 25.250089706393471 ], [ 55.314223503395283, 25.249999874861981 ], [ 55.314212777301584, 25.249935837559917 ] ] ], [ [ [ 55.314085221700971, 25.236219338690496 ], [ 55.3140433, 25.2362196 ], [ 55.3140436, 25.2362668 ], [ 55.314060534205304, 25.236296991874298 ], [ 55.314102534215948, 25.23629669187002 ], [ 55.314212606815275, 25.236492938985464 ], [ 55.314364407103646, 25.236491638869367 ], [ 55.314405907073571, 25.236373438834768 ], [ 55.3142789, 25.236147 ], [ 55.3142283, 25.2361465 ], [ 55.314206659354156, 25.236197424222286 ], [ 55.314085, 25.2361917 ], [ 55.314085221700971, 25.236219338690496 ] ] ], [ [ [ 55.314128591033317, 25.248912838952442 ], [ 55.314218422569347, 25.248912838949387 ], [ 55.314212777301584, 25.24876802769057 ], [ 55.314122945773178, 25.248768027690563 ], [ 55.314128591033317, 25.248912838952442 ] ] ], [ [ [ 55.314244274455795, 25.246979971623002 ], [ 55.314185, 25.2468743 ], [ 55.3139635, 25.246872 ], [ 55.3138954, 25.2469163 ], [ 55.3138944, 25.2470022 ], [ 55.314023974345375, 25.247178771703908 ], [ 55.314241774540307, 25.247180971626175 ], [ 55.314244274455795, 25.246979971623002 ] ] ], [ [ [ 55.313904012093545, 25.246487387690326 ], [ 55.314038759401292, 25.246577219214256 ], [ 55.314218422471498, 25.246532303443889 ], [ 55.314212777301584, 25.246297660659238 ], [ 55.314078030008972, 25.246297660659234 ], [ 55.313898366952145, 25.246387492187647 ], [ 55.313904012093545, 25.246487387690326 ] ] ], [ [ [ 55.314078030008972, 25.250834152844039 ], [ 55.314033114244765, 25.250834152844039 ], [ 55.313988198480565, 25.250879068608246 ], [ 55.313898366952145, 25.251193478957685 ], [ 55.313918125655277, 25.251408365942194 ], [ 55.313963041432821, 25.25140836593685 ], [ 55.313963041420408, 25.251321627496317 ], [ 55.314056824737847, 25.251415410708223 ], [ 55.314101740518062, 25.25141541070181 ], [ 55.314146656282759, 25.25132557916659 ], [ 55.314146656243985, 25.251101000344541 ], [ 55.314078030008972, 25.250834152844039 ] ] ], [ [ [ 55.3139573, 25.2544026 ], [ 55.3138662, 25.254433 ], [ 55.313971036448734, 25.254678491943096 ], [ 55.314062136468166, 25.254647991933709 ], [ 55.3139573, 25.2544026 ] ] ], [ [ [ 55.314098917851247, 25.251500210244167 ], [ 55.314078030008972, 25.251462973542917 ], [ 55.314033114244765, 25.251462973542917 ], [ 55.314054002086607, 25.251590041778595 ], [ 55.314098917864911, 25.251590041772939 ], [ 55.314098917851247, 25.251500210244167 ] ] ], [ [ [ 55.314078030008972, 25.250295163673567 ], [ 55.313988198480565, 25.250250247909364 ], [ 55.313943282716352, 25.25025024790936 ], [ 55.313943282716352, 25.250295163673563 ], [ 55.313999489097036, 25.250360207388383 ], [ 55.314089320640683, 25.250360207382272 ], [ 55.314078030008972, 25.250295163673567 ] ] ], [ [ [ 55.314017554417269, 25.251919548099437 ], [ 55.313988198480565, 25.25186721542077 ], [ 55.313853451187939, 25.251912131184977 ], [ 55.313853451187939, 25.25200196271339 ], [ 55.313927722887627, 25.252099211173164 ], [ 55.31397263867165, 25.252099211165227 ], [ 55.314017554436475, 25.252009379628355 ], [ 55.314017554417269, 25.251919548099437 ] ] ], [ [ [ 55.31355243520516, 25.245458091955861 ], [ 55.313739535277435, 25.245658191937427 ], [ 55.314094535327399, 25.245330791900166 ], [ 55.3138085, 25.2451694 ], [ 55.3135355, 25.2454279 ], [ 55.31355243520516, 25.245458091955861 ] ] ], [ [ [ 55.314179150656344, 25.231765080954638 ], [ 55.314268982199991, 25.231765080948534 ], [ 55.314257693065791, 25.231655121528082 ], [ 55.314167861537378, 25.231655121528078 ], [ 55.314179150656344, 25.231765080954638 ] ] ], [ [ [ 55.313965299594145, 25.251547138821032 ], [ 55.313943282716352, 25.251507889307131 ], [ 55.313673788131112, 25.251507889307128 ], [ 55.313539040838499, 25.251597720835537 ], [ 55.313539040838499, 25.251687552363947 ], [ 55.313561057611345, 25.251726801932218 ], [ 55.313605973390416, 25.25172680192626 ], [ 55.313920383836688, 25.251681886120164 ], [ 55.313965299608547, 25.251636970349821 ], [ 55.313965299594145, 25.251547138821032 ] ] ], [ [ [ 55.314010835372649, 25.245870491910452 ], [ 55.314039035377419, 25.245850991907513 ], [ 55.3139502, 25.2457359 ], [ 55.313922, 25.2457554 ], [ 55.314010835372649, 25.245870491910452 ] ] ], [ [ [ 55.313943282716352, 25.241536589653393 ], [ 55.313955701602517, 25.241693477674371 ], [ 55.314045533147691, 25.241693477667649 ], [ 55.314033114244765, 25.241491673889193 ], [ 55.313988198480565, 25.241491673889186 ], [ 55.313943282716352, 25.241536589653393 ] ] ], [ [ [ 55.313808535423732, 25.250340079437773 ], [ 55.313865306311328, 25.250361213795514 ], [ 55.313910222079649, 25.250316298028 ], [ 55.313898366952145, 25.250250247909364 ], [ 55.313808535423732, 25.250250247909364 ], [ 55.313808535423732, 25.250340079437773 ] ] ], [ [ [ 55.313808535423732, 25.25191213118498 ], [ 55.313718703895319, 25.25191213118498 ], [ 55.3137013, 25.2520121 ], [ 55.313781576283183, 25.252168771847121 ], [ 55.313882776358696, 25.252134871810615 ], [ 55.313816592797949, 25.252005543214953 ], [ 55.313808535423732, 25.25191213118498 ] ] ], [ [ [ 55.314002310870286, 25.24178632838937 ], [ 55.313988198480565, 25.241716252710223 ], [ 55.313898366952145, 25.241716252710226 ], [ 55.313912479322823, 25.241786328396998 ], [ 55.314002310870286, 25.24178632838937 ] ] ], [ [ [ 55.31395908860322, 25.241969010640727 ], [ 55.313959088592888, 25.24187917911204 ], [ 55.313943282716352, 25.241851000002839 ], [ 55.313898366952145, 25.241851000002836 ], [ 55.313898366952145, 25.241940831531256 ], [ 55.313914172828355, 25.241969010645008 ], [ 55.31395908860322, 25.241969010640727 ] ] ], [ [ [ 55.313808535423732, 25.250070584852537 ], [ 55.31362887236692, 25.250070584852537 ], [ 55.313583956602706, 25.250115500616737 ], [ 55.313583956602706, 25.250160416380943 ], [ 55.313683949624476, 25.25017853155542 ], [ 55.313818696934341, 25.250133615782882 ], [ 55.313808535423732, 25.250070584852537 ] ] ], [ [ [ 55.3128347, 25.2313178 ], [ 55.313256134372445, 25.232016419497022 ], [ 55.314020336126305, 25.231862618713205 ], [ 55.314061235685223, 25.231420118657137 ], [ 55.3138919, 25.2311182 ], [ 55.3132921, 25.2310863 ], [ 55.3128347, 25.2313178 ] ] ], [ [ [ 55.31362971363064, 25.254631859981362 ], [ 55.313680313646699, 25.254683659977207 ], [ 55.313736213653975, 25.254639059972323 ], [ 55.3136715, 25.2545621 ], [ 55.3136156, 25.2546067 ], [ 55.31362971363064, 25.254631859981362 ] ] ], [ [ [ 55.3137061, 25.2413697 ], [ 55.3133612, 25.2412036 ], [ 55.3131384, 25.2411561 ], [ 55.3130845, 25.2411933 ], [ 55.3130157, 25.2416205 ], [ 55.313146909765145, 25.241884239931665 ], [ 55.313233809963215, 25.241919139866074 ], [ 55.313673788134707, 25.241850843015399 ], [ 55.313673788138807, 25.242032397292483 ], [ 55.313354, 25.2419594 ], [ 55.3132462, 25.2423333 ], [ 55.313284529031193, 25.2424016345648 ], [ 55.313242, 25.2423922 ], [ 55.313222755660362, 25.242463057890372 ], [ 55.313165059076084, 25.242360193956944 ], [ 55.313165310167228, 25.242281239927273 ], [ 55.3130383, 25.2420548 ], [ 55.3130022, 25.2420319 ], [ 55.312742411287857, 25.242032936530439 ], [ 55.312730557082787, 25.241985747295463 ], [ 55.312685641318581, 25.241985747295459 ], [ 55.3127003, 25.2421334 ], [ 55.312854509711833, 25.242430140168558 ], [ 55.312977195221436, 25.242429649039696 ], [ 55.313081910317862, 25.242616339999223 ], [ 55.313136100000087, 25.242616339978365 ], [ 55.313161502142037, 25.242680987980659 ], [ 55.313263102180812, 25.242680987965123 ], [ 55.313250256561453, 25.242620286321436 ], [ 55.313565902298087, 25.242690287918855 ], [ 55.313588741481304, 25.242606017601503 ], [ 55.313704811519926, 25.242630939523252 ], [ 55.313782621824657, 25.242329343170471 ], [ 55.313869821591624, 25.242329343161103 ], [ 55.313853451187939, 25.242210326116481 ], [ 55.313786153861237, 25.242232707685091 ], [ 55.313754103206733, 25.242175566930861 ], [ 55.313824905778901, 25.242014932815099 ], [ 55.313905610988883, 25.241642039345624 ], [ 55.313857189032824, 25.241555711204214 ], [ 55.31390909233582, 25.241555711194199 ], [ 55.313909092332317, 25.241510795429896 ], [ 55.313853451187939, 25.241401842360784 ], [ 55.313808535423732, 25.241401842360787 ], [ 55.31380853542489, 25.241468969935486 ], [ 55.3137061, 25.2413697 ] ] ], [ [ [ 55.313598776659553, 25.233719315448599 ], [ 55.313604904294337, 25.233423103044306 ], [ 55.3134017, 25.2330608 ], [ 55.3131113, 25.2330661 ], [ 55.3131051, 25.2335066 ], [ 55.313221211071486, 25.23371362095401 ], [ 55.313087, 25.2338053 ], [ 55.313085199458804, 25.233863022463087 ], [ 55.3129563, 25.2336332 ], [ 55.3121104, 25.2336104 ], [ 55.31211089220669, 25.233725766441225 ], [ 55.3120486, 25.2336147 ], [ 55.3112206, 25.2336137 ], [ 55.3112775, 25.2341599 ], [ 55.311531499475883, 25.234612782069657 ], [ 55.312301802416243, 25.234613680892195 ], [ 55.312301995581059, 25.234481665736212 ], [ 55.313131070775931, 25.234496211684608 ], [ 55.313136571663719, 25.234242248221808 ], [ 55.313262971106184, 25.234467611535713 ], [ 55.313352671481937, 25.234559711438433 ], [ 55.31390147302713, 25.234567010823397 ], [ 55.314005473203146, 25.234482210703767 ], [ 55.314008872764759, 25.234151710688142 ], [ 55.3138226, 25.2338196 ], [ 55.3137304, 25.2337329 ], [ 55.313598776659553, 25.233719315448599 ] ] ], [ [ [ 55.313775474766906, 25.250361213801924 ], [ 55.313673788131112, 25.250250247909364 ], [ 55.31362887236692, 25.250250247909356 ], [ 55.313449209310093, 25.25038499520198 ], [ 55.313449209310093, 25.250429910966186 ], [ 55.313461064369214, 25.250451045352992 ], [ 55.313640727458044, 25.25045104534016 ], [ 55.313775474770786, 25.250406129566237 ], [ 55.313775474766906, 25.250361213801924 ] ] ], [ [ [ 55.313863047555273, 25.241239288053027 ], [ 55.313808535423732, 25.241222179303957 ], [ 55.31381813178772, 25.241284203819912 ], [ 55.313863047558414, 25.241284203817326 ], [ 55.313863047555273, 25.241239288053027 ] ] ], [ [ [ 55.313718702636969, 25.232990739277703 ], [ 55.313908103041449, 25.23303753913406 ], [ 55.31394150300315, 25.232927139105843 ], [ 55.313908052744431, 25.232867499290698 ], [ 55.31395580297638, 25.232868639093486 ], [ 55.313956702901308, 25.23278553909077 ], [ 55.3138297, 25.2325591 ], [ 55.3136007, 25.2325584 ], [ 55.31361912460703, 25.232673651016498 ], [ 55.3135917, 25.2327643 ], [ 55.313718702636969, 25.232990739277703 ] ] ], [ [ [ 55.313682256006047, 25.249591607424097 ], [ 55.313673788131112, 25.249531595682065 ], [ 55.313583956602706, 25.249531595682065 ], [ 55.313592424466201, 25.249591607428673 ], [ 55.313682256006047, 25.249591607424097 ] ] ], [ [ [ 55.3136615, 25.2398966 ], [ 55.313678434555413, 25.239926791925047 ], [ 55.31378193458383, 25.239943691914547 ], [ 55.3137802, 25.2397622 ], [ 55.3137302, 25.239753 ], [ 55.313736429030563, 25.239819972919879 ], [ 55.3136787, 25.2398105 ], [ 55.3136615, 25.2398966 ] ] ], [ [ [ 55.31354653604204, 25.25225719197854 ], [ 55.313621836058417, 25.252234591970787 ], [ 55.3135855, 25.2521516 ], [ 55.3135102, 25.2521742 ], [ 55.31354653604204, 25.25225719197854 ] ] ], [ [ [ 55.3104501, 25.2457807 ], [ 55.3102335, 25.2458341 ], [ 55.310188, 25.2459166 ], [ 55.3103092, 25.2463102 ], [ 55.310436208892895, 25.24653664211796 ], [ 55.310517209089184, 25.246581742057131 ], [ 55.311002809899776, 25.246456041682752 ], [ 55.3108443761231, 25.246182335473684 ], [ 55.310871788785846, 25.246169927915485 ], [ 55.311099410211526, 25.246593841612253 ], [ 55.311692711956645, 25.247256641174769 ], [ 55.311754127552135, 25.247211672222363 ], [ 55.311800234981874, 25.247263592140389 ], [ 55.312031111293521, 25.247095906152619 ], [ 55.312063679967451, 25.247130176040887 ], [ 55.3118352, 25.2473 ], [ 55.311888735021313, 25.24740079213182 ], [ 55.31205103508114, 25.247551092115764 ], [ 55.312230135113097, 25.247440592097139 ], [ 55.312281435119282, 25.247384892091734 ], [ 55.312265696627264, 25.247359441197823 ], [ 55.312312470240116, 25.247409917863109 ], [ 55.312076, 25.2475813 ], [ 55.312203013440126, 25.247807740797963 ], [ 55.312683634023188, 25.248340488556554 ], [ 55.312580049664007, 25.248449895295757 ], [ 55.31247, 25.2482537 ], [ 55.3122099, 25.2479468 ], [ 55.3121337, 25.2478972 ], [ 55.3120624, 25.2479051 ], [ 55.3118825, 25.2481013 ], [ 55.311964171208466, 25.248246904304256 ], [ 55.3118113, 25.2481277 ], [ 55.3112589, 25.2487161 ], [ 55.311308907638718, 25.248805254827516 ], [ 55.3112634, 25.2487701 ], [ 55.3108851, 25.2491707 ], [ 55.311012112636647, 25.249397141747533 ], [ 55.31139761061759, 25.249694873742627 ], [ 55.3112938, 25.2498053 ], [ 55.311353073145433, 25.249910972688287 ], [ 55.311841073741128, 25.250284072518372 ], [ 55.312172445979471, 25.249926972101019 ], [ 55.312278815620871, 25.250009640793728 ], [ 55.312435315767289, 25.249844940670009 ], [ 55.312326198225527, 25.249650408582401 ], [ 55.312599715635173, 25.249362740532519 ], [ 55.3124727, 25.2491363 ], [ 55.312235402403424, 25.248951718957077 ], [ 55.312262494633536, 25.248923304620998 ], [ 55.312726235465135, 25.249271992052506 ], [ 55.312899135485935, 25.249083792034259 ], [ 55.312815557018816, 25.249003491223888 ], [ 55.31282123709255, 25.248969487144535 ], [ 55.312838074067812, 25.248983172147707 ], [ 55.312872364512671, 25.248948602922969 ], [ 55.31299117424178, 25.249070272094052 ], [ 55.313166174313885, 25.248876172029377 ], [ 55.313057266060326, 25.248733903021296 ], [ 55.313095474170943, 25.248690872052496 ], [ 55.31303837273763, 25.248589073489001 ], [ 55.313236974319373, 25.24874277200259 ], [ 55.313427774402285, 25.248541071932195 ], [ 55.31347987445541, 25.248556671913764 ], [ 55.313674474468975, 25.248186471840103 ], [ 55.313636865327169, 25.248119423987188 ], [ 55.31362357421002, 25.247691471852644 ], [ 55.3133588, 25.2471832 ], [ 55.3131183, 25.2469319 ], [ 55.3127535, 25.2471892 ], [ 55.313076088939923, 25.247639730854956 ], [ 55.3130869, 25.2478891 ], [ 55.313146173915712, 25.247994772026487 ], [ 55.313213250625182, 25.248011811854393 ], [ 55.313092314953572, 25.248221574063177 ], [ 55.312987272911244, 25.248140266363976 ], [ 55.313049015214396, 25.247980340155159 ], [ 55.313035915050591, 25.247830240161516 ], [ 55.3129089, 25.2476038 ], [ 55.311974356831847, 25.246598748426063 ], [ 55.3119188, 25.2464997 ], [ 55.3116774, 25.2462387 ], [ 55.3115112, 25.2463645 ], [ 55.311546048312437, 25.246415709056119 ], [ 55.31147291568503, 25.246387492187644 ], [ 55.311472915685037, 25.246476914241772 ], [ 55.311288505068831, 25.246270869788241 ], [ 55.311423010442972, 25.246176141354603 ], [ 55.311432610387151, 25.246095941345299 ], [ 55.3113056, 25.2458695 ], [ 55.3110994, 25.2456046 ], [ 55.311063160360128, 25.245631278546561 ], [ 55.3109365, 25.2455036 ], [ 55.3107463, 25.2456829 ], [ 55.310879919615608, 25.245916369873299 ], [ 55.31083233653893, 25.24595082908867 ], [ 55.3106301, 25.245718 ], [ 55.3104859, 25.2457804 ], [ 55.310532359191448, 25.245927358871878 ], [ 55.3104501, 25.2457807 ] ], [ [ 55.312491631123493, 25.248759930753746 ], [ 55.312370353417471, 25.248625671776448 ], [ 55.312459214753261, 25.248699040623777 ], [ 55.312487734809558, 25.248670783131747 ], [ 55.312547673722243, 25.24878177224906 ], [ 55.312756698346469, 25.248959235402548 ], [ 55.312491631123493, 25.248759930753746 ] ], [ [ 55.311905642879488, 25.249297569280014 ], [ 55.311913588646, 25.249311734966287 ], [ 55.311901266987405, 25.249302158677192 ], [ 55.311905642879488, 25.249297569280014 ] ], [ [ 55.311848111926587, 25.2469033410473 ], [ 55.311891125279224, 25.246948603570075 ], [ 55.311871051266131, 25.24696318340165 ], [ 55.311810823685569, 25.246855807889972 ], [ 55.311848111926587, 25.2469033410473 ] ], [ [ 55.311813590537625, 25.249276115110085 ], [ 55.311810410607947, 25.249279461660336 ], [ 55.3118046003271, 25.249269103089127 ], [ 55.311806122257693, 25.24927029013697 ], [ 55.311813590537625, 25.249276115110085 ] ], [ [ 55.311732072319728, 25.249509256321684 ], [ 55.311715623484801, 25.249496680749679 ], [ 55.311721516954492, 25.249490438214448 ], [ 55.311732072319728, 25.249509256321684 ] ], [ [ 55.311586455981249, 25.246519592740199 ], [ 55.311567492860142, 25.246440868702773 ], [ 55.311750505553597, 25.246787067442934 ], [ 55.311511113225748, 25.246519592754655 ], [ 55.311586455981249, 25.246519592740199 ] ] ], [ [ [ 55.3133566, 25.2519019 ], [ 55.31341043598065, 25.252040391991727 ], [ 55.313518836009266, 25.25204869198069 ], [ 55.313562836015258, 25.252006391976067 ], [ 55.313569936003631, 25.251897491974987 ], [ 55.3134835, 25.2518025 ], [ 55.3134084, 25.251814 ], [ 55.3133566, 25.2519019 ] ] ], [ [ [ 55.313552235128441, 25.244836191953862 ], [ 55.313595935145493, 25.244884291949564 ], [ 55.313675335163197, 25.244863991941394 ], [ 55.3136362, 25.2447326 ], [ 55.3135353, 25.244806 ], [ 55.313552235128441, 25.244836191953862 ] ] ], [ [ [ 55.313685078081392, 25.242904190535427 ], [ 55.313673788131112, 25.242839146815378 ], [ 55.31362887236692, 25.242839146815378 ], [ 55.313640162309582, 25.242904190538479 ], [ 55.313685078081392, 25.242904190535427 ] ] ], [ [ [ 55.31351417655172, 25.253342671955927 ], [ 55.3134549, 25.253237 ], [ 55.3131906, 25.253218 ], [ 55.3131846, 25.2532854 ], [ 55.313243876331804, 25.253391072052974 ], [ 55.313508176575503, 25.253410171958834 ], [ 55.31351417655172, 25.253342671955927 ] ] ], [ [ [ 55.313505415595863, 25.250225460129066 ], [ 55.313494125074293, 25.250160416380947 ], [ 55.313449209310093, 25.250160416380943 ], [ 55.313460499824032, 25.250225460132118 ], [ 55.313505415595863, 25.250225460129066 ] ] ], [ [ [ 55.313550330765921, 25.242904190544586 ], [ 55.313539040838499, 25.242839146815374 ], [ 55.313494125074293, 25.242839146815374 ], [ 55.313505414994104, 25.242904190547645 ], [ 55.313550330765921, 25.242904190544586 ] ] ], [ [ [ 55.313565334627135, 25.240742191939219 ], [ 55.3135235, 25.2406835 ], [ 55.3134634, 25.2407266 ], [ 55.313505234617168, 25.240785291945492 ], [ 55.313565334627135, 25.240742191939219 ] ] ], [ [ [ 55.313449209310093, 25.240952684718724 ], [ 55.313449209310093, 25.241042516247138 ], [ 55.31350372137728, 25.241059625016639 ], [ 55.313548637144827, 25.241014709249757 ], [ 55.313548637141686, 25.240969793485466 ], [ 55.313449209310093, 25.240952684718724 ] ] ], [ [ [ 55.313550734635953, 25.240843791941039 ], [ 55.3134995, 25.2408072 ], [ 55.313493734632836, 25.240936191947153 ], [ 55.313528134642368, 25.240942591943661 ], [ 55.313550734635953, 25.240843791941039 ] ] ], [ [ [ 55.313416713123338, 25.250452051755705 ], [ 55.313404293545879, 25.250384995201976 ], [ 55.313359377781673, 25.250384995201976 ], [ 55.313371797350747, 25.250452051759066 ], [ 55.313416713123338, 25.250452051755705 ] ] ], [ [ [ 55.313372204129323, 25.252991487998681 ], [ 55.3133468, 25.2529462 ], [ 55.3132573, 25.2529174 ], [ 55.3131818, 25.2531498 ], [ 55.313207204103996, 25.253195088024913 ], [ 55.313295404142558, 25.253221488011551 ], [ 55.313372204129323, 25.252991487998681 ] ] ], [ [ [ 55.313219232749333, 25.255036851202426 ], [ 55.31326414854022, 25.25503685119174 ], [ 55.313264148527288, 25.254991935427185 ], [ 55.313224630489053, 25.254921487386778 ], [ 55.313179714724846, 25.254921487386778 ], [ 55.313219232749333, 25.255036851202426 ] ] ], [ [ [ 55.31337763512488, 25.245167691972743 ], [ 55.3133462, 25.245121 ], [ 55.3133181, 25.2451413 ], [ 55.313349535120238, 25.245187991975676 ], [ 55.31337763512488, 25.245167691972743 ] ] ], [ [ [ 55.3127652, 25.251404 ], [ 55.312897675253986, 25.251608572156297 ], [ 55.312954575311622, 25.251624672136167 ], [ 55.313006420822113, 25.251602938915735 ], [ 55.313196086081625, 25.251716737976043 ], [ 55.313285917632136, 25.251716737967179 ], [ 55.31326954625326, 25.251597720835541 ], [ 55.313179714724846, 25.251507889307131 ], [ 55.313130647750341, 25.251507889336303 ], [ 55.312954995390463, 25.251198198725664 ], [ 55.312994275118058, 25.251094272115967 ], [ 55.312953875007963, 25.250922572128438 ], [ 55.3128946, 25.2508169 ], [ 55.3127868, 25.2507608 ], [ 55.3126995, 25.2508347 ], [ 55.312687699661332, 25.250927653883945 ], [ 55.312595809790174, 25.250923984372452 ], [ 55.312595809790174, 25.250968900136648 ], [ 55.31264919338647, 25.251028911933695 ], [ 55.312694109156389, 25.25102891193141 ], [ 55.312694109153817, 25.250979014159711 ], [ 55.312801554023501, 25.251182566093227 ], [ 55.3127545, 25.2512818 ], [ 55.3127652, 25.251404 ] ] ], [ [ [ 55.313258502736012, 25.253544566958031 ], [ 55.313179714724846, 25.253349435639567 ], [ 55.313134798960647, 25.253349435639567 ], [ 55.313089883196447, 25.253394351403774 ], [ 55.313123755374811, 25.253544566985525 ], [ 55.31316867117296, 25.253589482740857 ], [ 55.313258502747097, 25.253589482722532 ], [ 55.313258502736012, 25.253544566958031 ] ] ], [ [ [ 55.313224630489053, 25.240997600482924 ], [ 55.313233097780802, 25.241057612233998 ], [ 55.313412760860487, 25.241057612224839 ], [ 55.313404293545879, 25.240952684718721 ], [ 55.31326954625326, 25.240952684718721 ], [ 55.313224630489053, 25.240997600482924 ] ] ], [ [ [ 55.313174316919671, 25.254902103919481 ], [ 55.313219232710551, 25.254902103908787 ], [ 55.313219232697627, 25.254857188144236 ], [ 55.313179714724846, 25.254786740094161 ], [ 55.313134798960647, 25.254786740094158 ], [ 55.313174316919671, 25.254902103919481 ] ] ], [ [ [ 55.313247211695398, 25.251772724138529 ], [ 55.313224630489053, 25.251732468128157 ], [ 55.313179714724846, 25.251732468128161 ], [ 55.31320229592334, 25.251817639909035 ], [ 55.313247211702787, 25.251817639902924 ], [ 55.313247211695398, 25.251772724138529 ] ] ], [ [ [ 55.3131402, 25.2508913 ], [ 55.313098, 25.2509424 ], [ 55.313166933361494, 25.251062997656422 ], [ 55.313217833412246, 25.251071197637661 ], [ 55.313233933404007, 25.251019597631085 ], [ 55.3131402, 25.2508913 ] ] ], [ [ [ 55.313234791937091, 25.250492941932961 ], [ 55.313179714724846, 25.250474826730386 ], [ 55.313189876169346, 25.250537857700007 ], [ 55.31323479194041, 25.250537857697257 ], [ 55.313234791937091, 25.250492941932961 ] ] ], [ [ [ 55.312211137466704, 25.244217276841006 ], [ 55.3121347, 25.244081 ], [ 55.3119959, 25.2439282 ], [ 55.311494, 25.2443011 ], [ 55.311621009296836, 25.244527541162931 ], [ 55.311759909703149, 25.244680341060455 ], [ 55.311793636315301, 25.244655278113992 ], [ 55.311867710007782, 25.244787340980636 ], [ 55.312882272774949, 25.245895772096794 ], [ 55.313296973015568, 25.245597471945391 ], [ 55.313267472915889, 25.245427371953987 ], [ 55.3132082, 25.2453217 ], [ 55.3129744, 25.2450558 ], [ 55.312946819757919, 25.245075634637004 ], [ 55.3128874, 25.2449697 ], [ 55.312211137466704, 25.244217276841006 ] ] ], [ [ [ 55.313167542130827, 25.253722217232934 ], [ 55.313134798960647, 25.253618930224807 ], [ 55.313044967432234, 25.253618930224807 ], [ 55.313077710558204, 25.253722217250651 ], [ 55.313167542130827, 25.253722217232934 ] ] ], [ [ [ 55.313044967432234, 25.25038499520198 ], [ 55.313044967432234, 25.250429910966179 ], [ 55.313100044623901, 25.250492941941211 ], [ 55.313144960394965, 25.250492941938461 ], [ 55.313189876162696, 25.250448026171412 ], [ 55.313179714724846, 25.250384995201976 ], [ 55.313044967432234, 25.25038499520198 ] ] ], [ [ [ 55.31328196471334, 25.238369711165582 ], [ 55.313281964711436, 25.238347246289553 ], [ 55.31334123427839, 25.238374891954368 ], [ 55.313325, 25.2382999 ], [ 55.3132809, 25.2382993 ], [ 55.313280541287789, 25.238322257594351 ], [ 55.313224630489053, 25.238302654630576 ], [ 55.313237048940756, 25.238369711168939 ], [ 55.31328196471334, 25.238369711165582 ] ] ], [ [ [ 55.313101738261338, 25.251259529136195 ], [ 55.313044967432234, 25.251238394721895 ], [ 55.313056822493003, 25.251304444903706 ], [ 55.313101738265217, 25.251304444900494 ], [ 55.313101738261338, 25.251259529136195 ] ] ], [ [ [ 55.3132192, 25.237228380559554 ], [ 55.313244601174226, 25.237273987941581 ], [ 55.313292901192654, 25.237273987934195 ], [ 55.3132675, 25.237194 ], [ 55.313219200000077, 25.237211826473111 ], [ 55.3131618, 25.2370779 ], [ 55.3129808, 25.2371313 ], [ 55.31304350109864, 25.23728018797237 ], [ 55.3132192, 25.237228380559554 ] ] ], [ [ [ 55.312950867006741, 25.254769369482407 ], [ 55.313040698590029, 25.254769369460416 ], [ 55.313000051668027, 25.254651992801545 ], [ 55.312910220139621, 25.254651992801541 ], [ 55.312950867006741, 25.254769369482407 ] ] ], [ [ [ 55.31256237533956, 25.252498872286122 ], [ 55.312599932464991, 25.252307873045233 ], [ 55.312910220139628, 25.25231581770646 ], [ 55.312968120098347, 25.252339520291677 ], [ 55.313024175598237, 25.252145072117248 ], [ 55.3129084, 25.2519289 ], [ 55.312713867649563, 25.252022041526345 ], [ 55.312685641318581, 25.251957046949183 ], [ 55.312640725554381, 25.251957046949187 ], [ 55.312595809790174, 25.25200196271339 ], [ 55.312613846195866, 25.252079032674363 ], [ 55.312572246478041, 25.252119247186112 ], [ 55.312505978261761, 25.252001962713393 ], [ 55.312416146733348, 25.25195704694918 ], [ 55.312311883681673, 25.251971603986053 ], [ 55.312281399440728, 25.251912131184987 ], [ 55.312191567912315, 25.251912131184977 ], [ 55.312222052130785, 25.252056308517933 ], [ 55.312308079706938, 25.252056308503249 ], [ 55.31234423631561, 25.252118085438827 ], [ 55.312171731772729, 25.252205893766632 ], [ 55.3120677, 25.2520447 ], [ 55.3119201, 25.252149 ], [ 55.31210387491582, 25.252463472449385 ], [ 55.312386875223922, 25.252593172349851 ], [ 55.31256237533956, 25.252498872286122 ] ] ], [ [ [ 55.312910220139621, 25.250789237079832 ], [ 55.312915865376269, 25.250844216856621 ], [ 55.313005696912299, 25.250844216853565 ], [ 55.313000051668027, 25.250789237079832 ], [ 55.312910220139621, 25.250789237079832 ] ] ], [ [ [ 55.312730557082787, 25.255011318915191 ], [ 55.31276725215406, 25.255076735062836 ], [ 55.312946915309986, 25.255076735023135 ], [ 55.312910220139621, 25.254966403150991 ], [ 55.3128203886112, 25.254921487386781 ], [ 55.312730557082787, 25.254921487386785 ], [ 55.312730557082787, 25.255011318915191 ] ] ], [ [ [ 55.313196084112114, 25.235187736696307 ], [ 55.313196084101413, 25.23509790516761 ], [ 55.313179714724846, 25.235068719607732 ], [ 55.313134798960647, 25.235068719607735 ], [ 55.313134798960647, 25.235158551136148 ], [ 55.313151168336873, 25.235187736700738 ], [ 55.313196084112114, 25.235187736696307 ] ] ], [ [ [ 55.312961910181407, 25.250621650835953 ], [ 55.312910220139621, 25.250609574023006 ], [ 55.312916994414842, 25.250666566602053 ], [ 55.312961910183617, 25.250666566600227 ], [ 55.312961910181407, 25.250621650835953 ] ] ], [ [ [ 55.312435568900213, 25.241670384116468 ], [ 55.312528068965513, 25.241744384098094 ], [ 55.312748140631065, 25.241599963893133 ], [ 55.312637, 25.2417131 ], [ 55.312729634545406, 25.241804092027873 ], [ 55.312850780154257, 25.241680580307346 ], [ 55.312883009126466, 25.241738040129881 ], [ 55.312983209317366, 25.241737740053267 ], [ 55.312982609177105, 25.241587240050055 ], [ 55.312924741727869, 25.241484070387241 ], [ 55.313023769137551, 25.241419083994906 ], [ 55.313075869101503, 25.241165283982632 ], [ 55.313042, 25.2411049 ], [ 55.3125136, 25.2410925 ], [ 55.3124017, 25.24161 ], [ 55.312435568900213, 25.241670384116468 ] ], [ [ 55.3127901133414, 25.241572419571479 ], [ 55.31282109831298, 25.241627661617667 ], [ 55.31276930409247, 25.241586075510629 ], [ 55.3127901133414, 25.241572419571479 ] ] ], [ [ [ 55.3125562, 25.2368022 ], [ 55.3125714, 25.2370156 ], [ 55.312630668766012, 25.237121272086682 ], [ 55.312754491632028, 25.237114344525668 ], [ 55.312780233988839, 25.237183092007683 ], [ 55.31294663402732, 25.237151891990617 ], [ 55.312935288465852, 25.237102295729066 ], [ 55.313122969181379, 25.237068171910451 ], [ 55.31299940000001, 25.236788 ], [ 55.312777574455609, 25.236813013245737 ], [ 55.312683445014372, 25.23680429799041 ], [ 55.3126661, 25.2367633 ], [ 55.3125871, 25.2367657 ], [ 55.3125885, 25.2368024 ], [ 55.312640920938868, 25.236842908837261 ], [ 55.312611633875832, 25.236861584620726 ], [ 55.3125562, 25.2368022 ] ] ], [ [ [ 55.313118802267738, 25.232846579557005 ], [ 55.313173302422051, 25.232817579472272 ], [ 55.3128388, 25.2322438 ], [ 55.3121607, 25.2326093 ], [ 55.312449500209958, 25.233114680593218 ], [ 55.312488888650066, 25.233098902960993 ], [ 55.31251710056975, 25.233149204363958 ], [ 55.313075702293972, 25.233162403681348 ], [ 55.313082501966164, 25.23292660366382 ], [ 55.313052512463713, 25.23287313332845 ], [ 55.313118802267738, 25.232846579557005 ] ] ], [ [ [ 55.312856519037773, 25.254491823702359 ], [ 55.3128203886112, 25.254382498216302 ], [ 55.312775472846994, 25.254382498216305 ], [ 55.312811603249173, 25.25449182371214 ], [ 55.312856519037773, 25.254491823702359 ] ] ], [ [ [ 55.312812, 25.2517942 ], [ 55.31271670000001, 25.2518412 ], [ 55.312795303720932, 25.251974488081991 ], [ 55.312890503748569, 25.251927388067195 ], [ 55.312812, 25.2517942 ] ] ], [ [ [ 55.313060869489483, 25.237910771942197 ], [ 55.313082834153235, 25.237892591979147 ], [ 55.313006, 25.2378016 ], [ 55.312966, 25.2377689 ], [ 55.3129133, 25.2377739 ], [ 55.312974269408492, 25.237901771972986 ], [ 55.31303396947488, 25.237932471952035 ], [ 55.313060869489483, 25.237910771942197 ] ] ], [ [ [ 55.313053434471428, 25.237329603807993 ], [ 55.313000051668027, 25.237314507818038 ], [ 55.313008518707043, 25.23741943533884 ], [ 55.313053434476963, 25.237419435336552 ], [ 55.313053434471428, 25.237329603807993 ] ] ], [ [ [ 55.312804264192351, 25.254164330134817 ], [ 55.312804264182937, 25.254119414370358 ], [ 55.312730557082787, 25.254023172102666 ], [ 55.312640725554381, 25.254023172102659 ], [ 55.312595809790174, 25.254068087866866 ], [ 55.312595809790174, 25.254157919395276 ], [ 55.312669516860261, 25.25425416168709 ], [ 55.312714432643894, 25.254254161679295 ], [ 55.312804264192351, 25.254164330134817 ] ] ], [ [ [ 55.312910220139621, 25.231834784584912 ], [ 55.312963038150556, 25.231893789935775 ], [ 55.313097785459171, 25.231893789929366 ], [ 55.313089883196447, 25.231789868820702 ], [ 55.312910220139621, 25.231789868820705 ], [ 55.312910220139621, 25.231834784584912 ] ] ], [ [ [ 55.313017550120321, 25.236671969736211 ], [ 55.313000051668027, 25.236595855590743 ], [ 55.312910220139621, 25.236595855590746 ], [ 55.312927718568304, 25.236671969745672 ], [ 55.313017550120321, 25.236671969736211 ] ] ], [ [ [ 55.3125083, 25.2432149 ], [ 55.31276232090832, 25.243667780630073 ], [ 55.312917421532603, 25.243685280393731 ], [ 55.312918221398654, 25.243611180388896 ], [ 55.3126642, 25.2431583 ], [ 55.312509, 25.2431565 ], [ 55.3125083, 25.2432149 ] ] ], [ [ [ 55.312920945395632, 25.241959953136693 ], [ 55.312910220139621, 25.241895915767053 ], [ 55.312865304375407, 25.241895915767053 ], [ 55.312876029624185, 25.241959953139592 ], [ 55.312920945395632, 25.241959953136693 ] ] ], [ [ [ 55.311888431115676, 25.232196120896614 ], [ 55.312141432253227, 25.232597320651877 ], [ 55.313055433978462, 25.232110919704628 ], [ 55.3126401, 25.2314189 ], [ 55.3117191, 25.2318942 ], [ 55.311888431115676, 25.232196120896614 ] ] ], [ [ [ 55.313015292050828, 25.234826397800884 ], [ 55.313000051668027, 25.234754309258296 ], [ 55.31295513590382, 25.234754309258296 ], [ 55.312970376276347, 25.234826397805005 ], [ 55.313015292050828, 25.234826397800884 ] ] ], [ [ [ 55.3127157, 25.2511108 ], [ 55.3126707, 25.2511493 ], [ 55.312736335707307, 25.251215092057794 ], [ 55.312769535710288, 25.25117069205427 ], [ 55.3127157, 25.2511108 ] ] ], [ [ [ 55.312936534248109, 25.238964491997557 ], [ 55.3129196, 25.2389343 ], [ 55.3128002, 25.2389341 ], [ 55.312817034221894, 25.238998492009834 ], [ 55.3129364342523, 25.23899879199767 ], [ 55.312936534248109, 25.238964491997557 ] ] ], [ [ [ 55.312877402124933, 25.243174888026523 ], [ 55.3128517, 25.2431022 ], [ 55.3128233, 25.2431029 ], [ 55.312849002114127, 25.243175088030856 ], [ 55.312877402124933, 25.243174888026523 ] ] ], [ [ [ 55.312829644638661, 25.237538401166887 ], [ 55.3128515340589, 25.237604492001793 ], [ 55.312923534076212, 25.237596391994426 ], [ 55.312915074431878, 25.237535106643506 ], [ 55.312954869232428, 25.237533571975717 ], [ 55.312948369132073, 25.237314271975539 ], [ 55.3128891, 25.2372086 ], [ 55.3127573, 25.2372142 ], [ 55.3126376, 25.2373256 ], [ 55.312696868958625, 25.237431272066591 ], [ 55.312829644638661, 25.237538401166887 ] ] ], [ [ [ 55.312661612965968, 25.251634957718128 ], [ 55.312751444522576, 25.251634957706834 ], [ 55.312751444508912, 25.251545126178069 ], [ 55.312730557082787, 25.251507889307131 ], [ 55.312654246394636, 25.251507889322234 ], [ 55.312684303590565, 25.251498788096644 ], [ 55.3125752, 25.2512274 ], [ 55.312461062497555, 25.251238394721891 ], [ 55.312416146733348, 25.251283310486095 ], [ 55.312416146733348, 25.251328226250301 ], [ 55.312433646902882, 25.251359424742439 ], [ 55.312508750252931, 25.251359424738272 ], [ 55.3125552, 25.2514849 ], [ 55.312661612965968, 25.251634957718128 ] ] ], [ [ [ 55.312579120795036, 25.254432818357706 ], [ 55.312624036578299, 25.254432818350061 ], [ 55.312668952352325, 25.254387902577982 ], [ 55.312640725554381, 25.254247750923685 ], [ 55.312371230969148, 25.254202835159486 ], [ 55.312399457634292, 25.254298071094901 ], [ 55.312579120795036, 25.254432818357706 ] ] ], [ [ [ 55.3128203886112, 25.240997600482928 ], [ 55.312775472846994, 25.24099760048292 ], [ 55.312781117669857, 25.241052580253683 ], [ 55.312826033437865, 25.241052580252155 ], [ 55.3128203886112, 25.240997600482928 ] ] ], [ [ [ 55.312694673643527, 25.250490929162012 ], [ 55.312640725554381, 25.250429910966183 ], [ 55.312461062497555, 25.250474826730386 ], [ 55.312371230969148, 25.250519742494596 ], [ 55.312371230969148, 25.250609574023002 ], [ 55.312559926341493, 25.250625676462192 ], [ 55.312694673646483, 25.250535844926304 ], [ 55.312694673643527, 25.250490929162012 ] ] ], [ [ [ 55.311758134360716, 25.242310992128566 ], [ 55.311757512052928, 25.242282824671371 ], [ 55.311931868816075, 25.242368884223719 ], [ 55.312046488476348, 25.24226926676058 ], [ 55.3120462, 25.2426589 ], [ 55.312173208832576, 25.242885340700607 ], [ 55.312563109576757, 25.242885540402494 ], [ 55.312563409202781, 25.24248034039238 ], [ 55.3124364, 25.2422539 ], [ 55.312064388949693, 25.242253709198714 ], [ 55.31210945624845, 25.242210055400637 ], [ 55.312147934452497, 25.242250992088628 ], [ 55.3122347344652, 25.242174892079529 ], [ 55.312195360931902, 25.242123784574598 ], [ 55.312468990342211, 25.241826537096163 ], [ 55.312486934502324, 25.241955492053108 ], [ 55.312778434576195, 25.24195309202338 ], [ 55.312777634565947, 25.241871592023198 ], [ 55.3127306, 25.2418156 ], [ 55.31246890941307, 25.241818620767397 ], [ 55.3121648, 25.2413968 ], [ 55.3120036, 25.2412738 ], [ 55.3113803, 25.2419012 ], [ 55.311549968575292, 25.242180384300351 ], [ 55.311685478115344, 25.242247269843467 ], [ 55.311703134346843, 25.242311992134173 ], [ 55.311758134360716, 25.242310992128566 ] ] ], [ [ [ 55.312736201586382, 25.233371984567658 ], [ 55.312826033122413, 25.233371984564599 ], [ 55.31287094888858, 25.233327068798825 ], [ 55.312865304375407, 25.233272089039506 ], [ 55.312730557082787, 25.233272089039499 ], [ 55.312736201586382, 25.233371984567658 ] ] ], [ [ [ 55.312722534622289, 25.242442492030676 ], [ 55.3127056, 25.2424123 ], [ 55.3126667, 25.2424124 ], [ 55.312683934623841, 25.242534792034913 ], [ 55.312722834633725, 25.242534692030944 ], [ 55.312722534622289, 25.242442492030676 ] ] ], [ [ [ 55.312722334618478, 25.242411992030593 ], [ 55.312722134608144, 25.242328492030346 ], [ 55.3126666, 25.2422984 ], [ 55.3126667, 25.2423818 ], [ 55.312722334618478, 25.242411992030593 ] ] ], [ [ [ 55.312547480775741, 25.251013815901338 ], [ 55.3124469, 25.2508084 ], [ 55.31242607180225, 25.250815443224564 ], [ 55.312416146733348, 25.250744321315629 ], [ 55.312371230969148, 25.250699405551423 ], [ 55.312236483676521, 25.250699405551419 ], [ 55.312191567912315, 25.250834152844035 ], [ 55.312204551821956, 25.250902215893205 ], [ 55.312294383367899, 25.250902215886178 ], [ 55.312381134291826, 25.250858840425241 ], [ 55.312517833214869, 25.251169697649257 ], [ 55.312562748987084, 25.251169697646048 ], [ 55.312597074781195, 25.251133572258194 ], [ 55.312547480775741, 25.251013815901338 ] ] ], [ [ [ 55.312422303974138, 25.254113088149484 ], [ 55.312516104001091, 25.254065188134906 ], [ 55.312533640395124, 25.2540275700824 ], [ 55.312505978261761, 25.25393334057425 ], [ 55.312416146733348, 25.253933340574246 ], [ 55.312371230969148, 25.253978256338449 ], [ 55.312422303974138, 25.254113088149484 ] ] ], [ [ [ 55.3124764, 25.2517671 ], [ 55.3124129, 25.2517995 ], [ 55.312476503586559, 25.251906088130429 ], [ 55.312540003604838, 25.251873788120552 ], [ 55.3124764, 25.2517671 ] ] ], [ [ [ 55.312436469531612, 25.251499204050276 ], [ 55.312481385316183, 25.251544119809161 ], [ 55.31252630109411, 25.251544119803672 ], [ 55.312461062497555, 25.251373142014508 ], [ 55.312416146733348, 25.251373142014504 ], [ 55.312436469531612, 25.251499204050276 ] ] ], [ [ [ 55.312483079165752, 25.253298853828998 ], [ 55.312461062497555, 25.253259604111154 ], [ 55.312416146733348, 25.253259604111165 ], [ 55.312438163393885, 25.253343769599358 ], [ 55.312483079172956, 25.2533437695934 ], [ 55.312483079165752, 25.253298853828998 ] ] ], [ [ [ 55.312441550881083, 25.255011691301913 ], [ 55.312371230969148, 25.254831655858368 ], [ 55.312326315204935, 25.254831655858361 ], [ 55.312281399440728, 25.254876571622571 ], [ 55.312306803537012, 25.255011691322526 ], [ 55.312441550889396, 25.255056607066333 ], [ 55.312441550881083, 25.255011691301913 ] ] ], [ [ [ 55.312652034178988, 25.238990892026631 ], [ 55.3126351, 25.2389607 ], [ 55.3124849, 25.2389619 ], [ 55.312502334147567, 25.239044892042063 ], [ 55.312652534185617, 25.239043692026755 ], [ 55.312652034178988, 25.238990892026631 ] ] ], [ [ [ 55.3122085, 25.2405936 ], [ 55.3121676, 25.240725 ], [ 55.312186734280196, 25.240772792079866 ], [ 55.312439634351222, 25.240826992054252 ], [ 55.312448067132785, 25.240794750502459 ], [ 55.312490370257926, 25.240870172179431 ], [ 55.312587470353314, 25.240890872145027 ], [ 55.312610770335453, 25.240801372135692 ], [ 55.3125515, 25.2406957 ], [ 55.3122085, 25.2405936 ] ] ], [ [ [ 55.312433334727018, 25.24388919206487 ], [ 55.312493034743476, 25.243899492058812 ], [ 55.3124894, 25.2438064 ], [ 55.3124297, 25.2437961 ], [ 55.312433334727018, 25.24388919206487 ] ] ], [ [ [ 55.312318503869058, 25.253759288163632 ], [ 55.3122931, 25.253714 ], [ 55.3121949, 25.2536702 ], [ 55.3120896, 25.2538634 ], [ 55.312115003818995, 25.253908688195501 ], [ 55.312213203864587, 25.25395248818069 ], [ 55.312318503869058, 25.253759288163632 ] ] ], [ [ [ 55.312307367902804, 25.254114382437695 ], [ 55.312281399440728, 25.25406808786687 ], [ 55.312146652148115, 25.254068087866866 ], [ 55.312146652148115, 25.254157919395272 ], [ 55.312217536364805, 25.254249129745041 ], [ 55.312262452146548, 25.25424912973801 ], [ 55.312307367919793, 25.254204213966556 ], [ 55.312307367902804, 25.254114382437695 ] ] ], [ [ [ 55.312409534747509, 25.244104492067994 ], [ 55.312434934752275, 25.244090792065364 ], [ 55.3123935, 25.2440594 ], [ 55.31239260000001, 25.2440743 ], [ 55.312409534747509, 25.244104492067994 ] ] ], [ [ [ 55.312191567912315, 25.253035025290128 ], [ 55.312191567912315, 25.253169772582744 ], [ 55.312209068257438, 25.253200971104743 ], [ 55.312253984033461, 25.253200971100007 ], [ 55.312298899803764, 25.253156055330908 ], [ 55.312298899798037, 25.253111139566563 ], [ 55.312236483676521, 25.253035025290124 ], [ 55.312191567912315, 25.253035025290128 ] ] ], [ [ [ 55.312261322976624, 25.253663211992865 ], [ 55.312236483676521, 25.2535740144606 ], [ 55.312191567912315, 25.2535740144606 ], [ 55.312216407195642, 25.253663211999577 ], [ 55.312261322976624, 25.253663211992865 ] ] ], [ [ [ 55.312191567912315, 25.236730602883362 ], [ 55.311832241798676, 25.236775518647566 ], [ 55.311832241798676, 25.236865350175979 ], [ 55.311859335749062, 25.236913657537841 ], [ 55.312443240921382, 25.236913657442607 ], [ 55.312488156695004, 25.23686874167085 ], [ 55.312461062497555, 25.236730602883362 ], [ 55.312191567912315, 25.236730602883362 ] ] ], [ [ [ 55.312082224572066, 25.254697281005914 ], [ 55.312216971916122, 25.25469728098529 ], [ 55.312191567912315, 25.254517245508925 ], [ 55.312056820619702, 25.254517245508932 ], [ 55.312082224572066, 25.254697281005914 ] ] ], [ [ [ 55.312221803630663, 25.252670188173113 ], [ 55.3121344, 25.2524868 ], [ 55.312046, 25.2525304 ], [ 55.312101231271541, 25.252630783412354 ], [ 55.312056820619702, 25.252630783412275 ], [ 55.312011904855503, 25.252675699176475 ], [ 55.312032227716394, 25.252756845502429 ], [ 55.312122059272248, 25.252756845491437 ], [ 55.312122059259231, 25.252668638451766 ], [ 55.312140903605822, 25.252702888185659 ], [ 55.312221803630663, 25.252670188173113 ] ] ], [ [ [ 55.312243821889389, 25.241100515243694 ], [ 55.312378569196866, 25.241100515237733 ], [ 55.312378569194465, 25.241055599473459 ], [ 55.312326315204935, 25.24099760048292 ], [ 55.312236483676521, 25.240997600482928 ], [ 55.312243821889389, 25.241100515243694 ] ] ], [ [ [ 55.312208503702351, 25.252975385879068 ], [ 55.312191567912315, 25.252900277997512 ], [ 55.312101736383909, 25.252900277997512 ], [ 55.31211867215108, 25.252975385888227 ], [ 55.312208503702351, 25.252975385879068 ] ] ], [ [ [ 55.312209632737577, 25.252842651393749 ], [ 55.312191567912315, 25.252765530704892 ], [ 55.312146652148115, 25.252765530704885 ], [ 55.312164716961185, 25.252842651398645 ], [ 55.312209632737577, 25.252842651393749 ] ] ], [ [ [ 55.31223730024562, 25.233507604720124 ], [ 55.312409400637215, 25.233417204506132 ], [ 55.3120326, 25.2327372 ], [ 55.3120008, 25.2326913 ], [ 55.311926905155836, 25.232682566811334 ], [ 55.311790486988535, 25.232439331530127 ], [ 55.311841333162469, 25.232413492087844 ], [ 55.3117776, 25.232308 ], [ 55.311730308843558, 25.232332032823834 ], [ 55.3115474, 25.2320394 ], [ 55.3112752, 25.2321834 ], [ 55.31146970253694, 25.232540321056188 ], [ 55.3112558, 25.2321878 ], [ 55.3111665, 25.2322336 ], [ 55.311368045656529, 25.232592962690351 ], [ 55.3113392, 25.2326079 ], [ 55.311640297161127, 25.233135281831117 ], [ 55.311682884985899, 25.23311321233782 ], [ 55.311983099619134, 25.233608605034931 ], [ 55.31223730024562, 25.233507604720124 ] ], [ [ 55.311882976410175, 25.23278724067848 ], [ 55.311854232808933, 25.23277820554388 ], [ 55.311870866650544, 25.232765612797653 ], [ 55.311882976410175, 25.23278724067848 ] ] ], [ [ [ 55.312260434119629, 25.239317592067611 ], [ 55.312316934123338, 25.239231092061573 ], [ 55.3122617, 25.2391804 ], [ 55.3119693, 25.2392453 ], [ 55.311996534054025, 25.239329992094557 ], [ 55.312260434119629, 25.239317592067611 ] ] ], [ [ [ 55.311922073327082, 25.254921487386781 ], [ 55.311877157562876, 25.254966403150988 ], [ 55.311901432448266, 25.255054594338493 ], [ 55.312036179790056, 25.255054594318796 ], [ 55.312081095562718, 25.255009678547815 ], [ 55.312056820619702, 25.254921487386781 ], [ 55.311922073327082, 25.254921487386781 ] ] ], [ [ [ 55.312072736059925, 25.255443892139226 ], [ 55.3117688, 25.2549036 ], [ 55.3114929, 25.2547032 ], [ 55.3112693, 25.2549311 ], [ 55.311384167179128, 25.255080601463639 ], [ 55.3112753, 25.2551307 ], [ 55.311579235962306, 25.255671092190301 ], [ 55.312072736059925, 25.255443892139226 ] ] ], [ [ [ 55.312294946659712, 25.238461555572112 ], [ 55.312281399440728, 25.238437401923193 ], [ 55.312191567912315, 25.238437401923189 ], [ 55.31220511512187, 25.238551387108071 ], [ 55.312294946668565, 25.238551387100756 ], [ 55.312294946659712, 25.238461555572112 ] ] ], [ [ [ 55.312079966305959, 25.253884771628588 ], [ 55.312056820619702, 25.253753677517427 ], [ 55.311966989091289, 25.25375367751743 ], [ 55.311990134746296, 25.253884771641111 ], [ 55.312079966305959, 25.253884771628588 ] ] ], [ [ [ 55.311966989091289, 25.251912131184984 ], [ 55.31199973127984, 25.252015418412665 ], [ 55.312089562852464, 25.252015418394954 ], [ 55.312056820619702, 25.251867215420766 ], [ 55.312011904855503, 25.251867215420774 ], [ 55.311966989091289, 25.251912131184984 ] ] ], [ [ [ 55.312191567912315, 25.242973894107987 ], [ 55.312146652148115, 25.242973894107987 ], [ 55.312101736383909, 25.243018809872197 ], [ 55.312101736383909, 25.243063725636404 ], [ 55.312159635314586, 25.2431317886697 ], [ 55.312204551087547, 25.243131788666187 ], [ 55.312191567912315, 25.242973894107987 ] ] ], [ [ [ 55.311901996948194, 25.254875937685959 ], [ 55.311946912729162, 25.254875937679248 ], [ 55.31203674427487, 25.254786106136969 ], [ 55.312036744258613, 25.254696274608126 ], [ 55.311877157562876, 25.254472329744715 ], [ 55.311697494506049, 25.254472329744726 ], [ 55.311607662977643, 25.254562161273132 ], [ 55.311607662977643, 25.254607077037342 ], [ 55.311901996948194, 25.254875937685959 ] ] ], [ [ [ 55.31138308415661, 25.254068087866862 ], [ 55.311410745841201, 25.254117401798361 ], [ 55.31149141276466, 25.254108464023375 ], [ 55.311555683609313, 25.254224025994649 ], [ 55.31151783144923, 25.254337582452099 ], [ 55.311542670619147, 25.254426780095507 ], [ 55.311857081094089, 25.254471695812896 ], [ 55.311857081061596, 25.25429203275522 ], [ 55.311832241798676, 25.254247750923692 ], [ 55.311727547579416, 25.254195403855778 ], [ 55.312042403817479, 25.254050388207304 ], [ 55.3119334, 25.2538566 ], [ 55.311635324731853, 25.253993886734776 ], [ 55.311607662977643, 25.253888424810043 ], [ 55.31147291568503, 25.253888424810036 ], [ 55.31138308415661, 25.253978256338453 ], [ 55.31138308415661, 25.254068087866862 ] ], [ [ 55.311632111939581, 25.254073289200736 ], [ 55.311690333944398, 25.254176797025035 ], [ 55.311598076289329, 25.254167506087693 ], [ 55.311556206575631, 25.254092265576798 ], [ 55.311632111939581, 25.254073289200736 ] ] ], [ [ [ 55.312250030877507, 25.23837172404712 ], [ 55.312191567912315, 25.238347570394772 ], [ 55.312205115108583, 25.238416639815114 ], [ 55.312250030881934, 25.238416639811444 ], [ 55.312250030877507, 25.23837172404712 ] ] ], [ [ [ 55.311713996981773, 25.245456434474239 ], [ 55.3114406, 25.245121 ], [ 55.3110929, 25.2453714 ], [ 55.311219909520759, 25.245597841495766 ], [ 55.311782211168619, 25.246219541080993 ], [ 55.312141211607297, 25.24595294079996 ], [ 55.3120142, 25.2457265 ], [ 55.3117469, 25.245432 ], [ 55.311713996981773, 25.245456434474239 ] ] ], [ [ [ 55.312200035075421, 25.241102528050927 ], [ 55.312191567912315, 25.240997600482928 ], [ 55.312056820619702, 25.240997600482928 ], [ 55.312065287765677, 25.241102528057795 ], [ 55.312200035075421, 25.241102528050927 ] ] ], [ [ [ 55.311922073327082, 25.252540951883862 ], [ 55.311944089708916, 25.252625117434533 ], [ 55.312033921267059, 25.252625117422625 ], [ 55.312011904855503, 25.252496036119663 ], [ 55.311966989091289, 25.252496036119656 ], [ 55.311922073327082, 25.252540951883862 ] ] ], [ [ [ 55.312205734115409, 25.239396292073444 ], [ 55.3121888, 25.2393661 ], [ 55.312152, 25.2393663 ], [ 55.312169134109425, 25.239423292077269 ], [ 55.312205934118751, 25.239422992073514 ], [ 55.312205734115409, 25.239396292073444 ] ] ], [ [ [ 55.312160199344099, 25.238506471347421 ], [ 55.312146652148115, 25.238482317687392 ], [ 55.312056820619702, 25.238482317687392 ], [ 55.312070367801837, 25.238551387119067 ], [ 55.312160199348526, 25.238551387111738 ], [ 55.312160199344099, 25.238506471347421 ] ] ], [ [ [ 55.312141134105111, 25.239446092080197 ], [ 55.3121183, 25.2393336 ], [ 55.3119308, 25.2393447 ], [ 55.31195363405876, 25.239457092099343 ], [ 55.312141134105111, 25.239446092080197 ] ] ], [ [ [ 55.311922073327082, 25.251912131184973 ], [ 55.311787326034462, 25.25186721542077 ], [ 55.31165257874185, 25.252046878477604 ], [ 55.311686449845098, 25.252152178579276 ], [ 55.311742410270369, 25.252152178582797 ], [ 55.31181724559729, 25.252279881009347 ], [ 55.311862161381697, 25.252279881001261 ], [ 55.311836598911633, 25.252144477705311 ], [ 55.311955944545367, 25.252062346995302 ], [ 55.311922073327082, 25.251912131184973 ] ] ], [ [ [ 55.311945783246294, 25.252448473591109 ], [ 55.311922073327082, 25.252406204591246 ], [ 55.311832241798676, 25.252406204591249 ], [ 55.311855951693623, 25.252493389368347 ], [ 55.311945783254053, 25.252493389355521 ], [ 55.311945783246294, 25.252448473591109 ] ] ], [ [ [ 55.311922073327082, 25.251103647429272 ], [ 55.311832241798676, 25.251103647429272 ], [ 55.311787326034462, 25.251148563193471 ], [ 55.311810471180358, 25.251234741566215 ], [ 55.311945218512278, 25.251189825783026 ], [ 55.311922073327082, 25.251103647429272 ] ] ], [ [ [ 55.311873217705795, 25.242826673251702 ], [ 55.311967916577977, 25.242965381810631 ], [ 55.312017716699273, 25.242928181732665 ], [ 55.311959922277474, 25.242825141429098 ], [ 55.312013508435953, 25.242785940820287 ], [ 55.3118865, 25.2425595 ], [ 55.3118144, 25.2424789 ], [ 55.311780191593741, 25.242503956317634 ], [ 55.3116815, 25.242328 ], [ 55.3115414, 25.2421723 ], [ 55.311451639154392, 25.242238350433812 ], [ 55.31135002235213, 25.24205717734079 ], [ 55.311338168392403, 25.241940831531256 ], [ 55.311289252921291, 25.241948830951422 ], [ 55.3111977, 25.2417856 ], [ 55.3111306, 25.2417856 ], [ 55.3111306, 25.2418477 ], [ 55.311384613122968, 25.242300582670076 ], [ 55.311451713378496, 25.242300282567466 ], [ 55.311451713265846, 25.242239336812528 ], [ 55.311705315069467, 25.242691482198804 ], [ 55.311845315891588, 25.242847181992328 ], [ 55.311873217705795, 25.242826673251702 ] ] ], [ [ [ 55.311093227954117, 25.253325522587676 ], [ 55.311191232688003, 25.253280883502516 ], [ 55.311160677377728, 25.253227356405041 ], [ 55.311174876366842, 25.253157585485081 ], [ 55.311213574424862, 25.253163672775162 ], [ 55.311308777321642, 25.25293644406414 ], [ 55.311512274629386, 25.253020972666917 ], [ 55.311586474685484, 25.252997772640164 ], [ 55.3116876747481, 25.252933972603323 ], [ 55.311716565156821, 25.252781573955343 ], [ 55.311854822702344, 25.252805786909093 ], [ 55.311854822694961, 25.252760871144687 ], [ 55.311787326034462, 25.252540951883862 ], [ 55.311718779025647, 25.252564583147425 ], [ 55.3116701, 25.2524778 ], [ 55.3116037, 25.2524624 ], [ 55.311513656353341, 25.252509191430935 ], [ 55.3114423, 25.2523875 ], [ 55.3113868, 25.252415 ], [ 55.311458758872909, 25.252537719013166 ], [ 55.31128294994457, 25.252629078230143 ], [ 55.3112149, 25.2525082 ], [ 55.311158505335584, 25.252496036119663 ], [ 55.311166343395783, 25.252689672697894 ], [ 55.311138428298719, 25.252736182534907 ], [ 55.311138428200437, 25.252270823463792 ], [ 55.311068673807171, 25.252181625770213 ], [ 55.311023758042964, 25.252181625770216 ], [ 55.31094436079335, 25.252245143673338 ], [ 55.310889010750344, 25.252226541534416 ], [ 55.310895966949793, 25.252283858755739 ], [ 55.310754263457731, 25.252406204591239 ], [ 55.310709347693518, 25.252496036119656 ], [ 55.310664431929318, 25.252765530704899 ], [ 55.310689270488169, 25.252809812704015 ], [ 55.310820195937261, 25.252847220035871 ], [ 55.311023758043845, 25.253203824291809 ], [ 55.311040129062022, 25.253333705705099 ], [ 55.311093227954117, 25.253325522587676 ] ], [ [ 55.311229433245529, 25.252656888144745 ], [ 55.311227695317555, 25.252657791257217 ], [ 55.311227695316902, 25.252653799716992 ], [ 55.311229433245529, 25.252656888144745 ] ], [ [ 55.31113842830036, 25.252754994800593 ], [ 55.311167524738629, 25.252805350553661 ], [ 55.311138428303927, 25.2528064648818 ], [ 55.31113842830036, 25.252754994800593 ] ] ], [ [ [ 55.311009680971303, 25.24376100274128 ], [ 55.311448234523255, 25.244269592166535 ], [ 55.311960534606882, 25.243890492113071 ], [ 55.3118244, 25.2437284 ], [ 55.311796438726418, 25.243749087305794 ], [ 55.3117274, 25.243626 ], [ 55.3113847, 25.2432439 ], [ 55.311364344674672, 25.243258841427455 ], [ 55.310985, 25.2428049 ], [ 55.31051, 25.2431462 ], [ 55.310637006351548, 25.243372641887042 ], [ 55.310989107396679, 25.243776441627716 ], [ 55.311009680971303, 25.24376100274128 ] ] ], [ [ [ 55.309675, 25.2506642 ], [ 55.3098023, 25.251072 ], [ 55.309920280325017, 25.251282340038649 ], [ 55.310116465147907, 25.251216979917675 ], [ 55.310134112672415, 25.251248442464249 ], [ 55.310361813053092, 25.251190042288684 ], [ 55.310317769132816, 25.251070389081278 ], [ 55.310433213177262, 25.251176942233766 ], [ 55.31059731345308, 25.251136442107281 ], [ 55.310478212860389, 25.250741342188693 ], [ 55.310379709535745, 25.250565727700206 ], [ 55.310418810331065, 25.250556451894855 ], [ 55.310582313202616, 25.250896542112876 ], [ 55.311098414551218, 25.251289541727783 ], [ 55.311247014687019, 25.25112964161023 ], [ 55.31117801947039, 25.251006637143732 ], [ 55.311291014737719, 25.251093641575689 ], [ 55.311478314911056, 25.250894441427576 ], [ 55.311404506406916, 25.250762856174831 ], [ 55.311442079682607, 25.250792050649874 ], [ 55.311630996293289, 25.250575070061043 ], [ 55.311710515113951, 25.250634541243638 ], [ 55.311867415254767, 25.250462941119441 ], [ 55.3117404, 25.2502365 ], [ 55.3112536, 25.2498725 ], [ 55.3110968, 25.2500441 ], [ 55.311122935479766, 25.250090694677862 ], [ 55.3110917, 25.2500673 ], [ 55.3106952, 25.2505002 ], [ 55.310774708234376, 25.250641948794541 ], [ 55.31054250823756, 25.250466262901334 ], [ 55.310603745265659, 25.250383945942176 ], [ 55.310300085863311, 25.249545500462922 ], [ 55.310351111500218, 25.249532642256323 ], [ 55.310275311127995, 25.249286542308269 ], [ 55.310176710672792, 25.248997742376602 ], [ 55.3100497, 25.2487713 ], [ 55.3099701, 25.2487361 ], [ 55.3096359, 25.2488257 ], [ 55.3098102, 25.2494105 ], [ 55.3098654906495, 25.249509075636269 ], [ 55.309787216628294, 25.249528390836279 ], [ 55.309631007769546, 25.249036254228525 ], [ 55.3095294, 25.2488551 ], [ 55.3091788, 25.2489471 ], [ 55.3091345, 25.2490143 ], [ 55.309355467225252, 25.249634930118667 ], [ 55.3095858, 25.2504341 ], [ 55.309712598648773, 25.250654594878959 ], [ 55.309675, 25.2506642 ] ], [ [ 55.311407767151572, 25.250408119111086 ], [ 55.3112634, 25.2505601 ], [ 55.311303142746098, 25.250630953397138 ], [ 55.311216958036873, 25.250564652790388 ], [ 55.311365314241407, 25.25040354150201 ], [ 55.311339058186483, 25.250356732174922 ], [ 55.311407767151572, 25.250408119111086 ] ], [ [ 55.3101309, 25.2507887 ], [ 55.310171640306578, 25.250861333242547 ], [ 55.310151051810855, 25.250866576801503 ], [ 55.310045925273464, 25.250644910203032 ], [ 55.310084766630794, 25.25063569604497 ], [ 55.3101309, 25.2507887 ] ] ], [ [ [ 55.311877157562876, 25.238931475329455 ], [ 55.311890140282138, 25.238954622609178 ], [ 55.312024887601034, 25.238954622598644 ], [ 55.312011904855503, 25.238841643801035 ], [ 55.311922073327082, 25.238841643801038 ], [ 55.311877157562876, 25.238886559565245 ], [ 55.311877157562876, 25.238931475329455 ] ] ], [ [ [ 55.3117314, 25.2402097 ], [ 55.311845115723123, 25.240412445542479 ], [ 55.3117113, 25.2404169 ], [ 55.3116898, 25.240499 ], [ 55.311816806156187, 25.24072544092035 ], [ 55.311985506491837, 25.240740340791742 ], [ 55.311985506397662, 25.240638440789247 ], [ 55.311871983310354, 25.240436039551536 ], [ 55.311952206146508, 25.240435440809751 ], [ 55.31195100601807, 25.240298940807342 ], [ 55.311824, 25.2400725 ], [ 55.3117302, 25.2400732 ], [ 55.3117314, 25.2402097 ] ] ], [ [ [ 55.311742410270256, 25.251373142014504 ], [ 55.311755824683914, 25.25139705690059 ], [ 55.31165257874185, 25.251328226250305 ], [ 55.311607662977643, 25.251328226250305 ], [ 55.311562747213436, 25.251373142014504 ], [ 55.31159323102419, 25.251517319459744 ], [ 55.311817809948103, 25.251517319418515 ], [ 55.311789228511763, 25.251421449465063 ], [ 55.311814422827581, 25.251421449459269 ], [ 55.31181442280986, 25.251331617930397 ], [ 55.311787326034462, 25.251283310486091 ], [ 55.311742410270256, 25.251283310486095 ], [ 55.311742410270256, 25.251373142014504 ] ] ], [ [ [ 55.311966989091289, 25.238527233451595 ], [ 55.311922073327082, 25.238527233451599 ], [ 55.311877157562876, 25.238617064980016 ], [ 55.311877157562876, 25.238706896508429 ], [ 55.311935620503938, 25.23877596595166 ], [ 55.311980536277282, 25.238775965948008 ], [ 55.311966989091289, 25.238527233451595 ] ] ], [ [ [ 55.311877157562876, 25.239200969914691 ], [ 55.311974327173715, 25.239214053156285 ], [ 55.311966989091289, 25.239066222622068 ], [ 55.311922073327082, 25.239066222622068 ], [ 55.311877157562876, 25.239111138386274 ], [ 55.311877157562876, 25.239200969914691 ] ] ], [ [ [ 55.311966989091289, 25.237404339346444 ], [ 55.311877157562876, 25.237404339346444 ], [ 55.311895220283112, 25.23748146001617 ], [ 55.311985051835897, 25.237481460006411 ], [ 55.311966989091289, 25.237404339346444 ] ] ], [ [ [ 55.311932233885244, 25.24115046303957 ], [ 55.311932233878593, 25.24106063151098 ], [ 55.311877157562876, 25.241042516247134 ], [ 55.311877157562876, 25.241132347775547 ], [ 55.311932233885244, 25.24115046303957 ] ] ], [ [ [ 55.311832241798676, 25.237000097468599 ], [ 55.311900300356754, 25.237086275765854 ], [ 55.311945216136571, 25.237086275759594 ], [ 55.311922073327082, 25.236955181704388 ], [ 55.311832241798676, 25.236955181704392 ], [ 55.311832241798676, 25.237000097468599 ] ] ], [ [ [ 55.311841837780534, 25.239891815241133 ], [ 55.311832241798676, 25.239829790613573 ], [ 55.311742410270256, 25.239829790613573 ], [ 55.311752006239168, 25.23989181524632 ], [ 55.311841837780534, 25.239891815241133 ] ] ], [ [ [ 55.311774127126199, 25.239258968931079 ], [ 55.311839579866245, 25.23921405316224 ], [ 55.311839579863843, 25.239169137397962 ], [ 55.311787326034462, 25.239111138386278 ], [ 55.311742410270256, 25.239111138386274 ], [ 55.311697494506049, 25.239156054150484 ], [ 55.3117129, 25.239328 ], [ 55.3117721689989, 25.239433672419295 ], [ 55.311815069036356, 25.239431972403974 ], [ 55.311809968984768, 25.239322872404546 ], [ 55.311774127126199, 25.239258968931079 ] ] ], [ [ [ 55.311798051053458, 25.241241300980409 ], [ 55.311787326034462, 25.241177263539754 ], [ 55.311742410270256, 25.24117726353975 ], [ 55.311753135282018, 25.241241300983312 ], [ 55.311798051053458, 25.241241300980409 ] ] ], [ [ [ 55.311373302294726, 25.237462441179652 ], [ 55.31137233330999, 25.237416513393249 ], [ 55.31140970238328, 25.237483141152328 ], [ 55.311549183022308, 25.237480732475024 ], [ 55.311584802773794, 25.237544241019975 ], [ 55.311611702825019, 25.237544140999404 ], [ 55.311611347410064, 25.237506115427429 ], [ 55.311638002883967, 25.237553640979538 ], [ 55.311692402987845, 25.237553740937958 ], [ 55.311679716504287, 25.237478478185711 ], [ 55.311844003204904, 25.237475640820165 ], [ 55.311835002798254, 25.237054140816756 ], [ 55.311708, 25.2368277 ], [ 55.311301394418173, 25.236834951030115 ], [ 55.31124833686399, 25.236775518647566 ], [ 55.311158505335584, 25.236775518647562 ], [ 55.311113589571505, 25.236843409986271 ], [ 55.311064, 25.2368452 ], [ 55.311073423672049, 25.237056447345683 ], [ 55.3110596, 25.2370318 ], [ 55.3107623, 25.2370387 ], [ 55.3107773, 25.2372753 ], [ 55.310904301436281, 25.237501741539095 ], [ 55.311211402014948, 25.237493941304162 ], [ 55.311208726143313, 25.237409968751297 ], [ 55.31123950204168, 25.237464841281977 ], [ 55.311373302294726, 25.237462441179652 ] ] ], [ [ [ 55.311579668232177, 25.238053172472231 ], [ 55.311691868331941, 25.238052872432203 ], [ 55.311691628859101, 25.237990935697162 ], [ 55.311826968425102, 25.237989972383289 ], [ 55.3117672, 25.2378337 ], [ 55.3115745, 25.2378352 ], [ 55.311574797904811, 25.23786985625885 ], [ 55.3115201, 25.2378701 ], [ 55.3115204, 25.2379475 ], [ 55.311579668232177, 25.238053172472231 ] ] ], [ [ [ 55.311790000945074, 25.239037088172598 ], [ 55.3117646, 25.2389918 ], [ 55.3117276, 25.2389925 ], [ 55.311754400943116, 25.239099988178349 ], [ 55.311791400957105, 25.239099288172682 ], [ 55.311790000945074, 25.239037088172598 ] ] ], [ [ [ 55.311708783977203, 25.241152475861906 ], [ 55.311697494506049, 25.241087432011337 ], [ 55.311607662977643, 25.241087432011337 ], [ 55.311618952433562, 25.241152475868017 ], [ 55.311708783977203, 25.241152475861906 ] ] ], [ [ [ 55.311663868234909, 25.241511801979392 ], [ 55.311562747213436, 25.241491673889193 ], [ 55.311562747213436, 25.241536589653396 ], [ 55.311663868238597, 25.241556717743702 ], [ 55.311663868234909, 25.241511801979392 ] ] ], [ [ [ 55.3113386, 25.2522869 ], [ 55.311397203262494, 25.252381788297853 ], [ 55.311457703279423, 25.252348488288447 ], [ 55.3113991, 25.2522537 ], [ 55.3113386, 25.2522869 ] ] ], [ [ [ 55.311413003430026, 25.251785807673084 ], [ 55.311457919185081, 25.251651060371593 ], [ 55.31138308415661, 25.251552805071334 ], [ 55.311338168392403, 25.251552805071334 ], [ 55.311293252628204, 25.25159772083553 ], [ 55.31124833686399, 25.251777383892364 ], [ 55.311278256086602, 25.251830723461822 ], [ 55.311368087655417, 25.251830723445632 ], [ 55.311413003430026, 25.251785807673084 ] ] ], [ [ [ 55.311563205564276, 25.240608541111371 ], [ 55.3114364, 25.2403395 ], [ 55.3113331, 25.2403391 ], [ 55.311347016121388, 25.240406789753379 ], [ 55.3112055, 25.2404281 ], [ 55.311365805321351, 25.240753241265832 ], [ 55.311531505634001, 25.240749441139055 ], [ 55.311486795489223, 25.240608319054822 ], [ 55.311563205564276, 25.240608541111371 ] ] ], [ [ [ 55.311315269104384, 25.254511579622527 ], [ 55.311360184883448, 25.25451157961658 ], [ 55.311338168392403, 25.254427413980515 ], [ 55.311293252628204, 25.254427413980515 ], [ 55.311315269104384, 25.254511579622527 ] ] ], [ [ [ 55.31151783144923, 25.24158150541761 ], [ 55.31147291568503, 25.241581505417603 ], [ 55.31138308415661, 25.241671336946016 ], [ 55.311393809152541, 25.241780290178095 ], [ 55.311438724923981, 25.2417802901752 ], [ 55.311528556459862, 25.2416904586408 ], [ 55.31151783144923, 25.24158150541761 ] ] ], [ [ [ 55.311529120908361, 25.241377054695644 ], [ 55.31147291568503, 25.241356926596577 ], [ 55.311484205140232, 25.241421970462994 ], [ 55.311529120912056, 25.24142197045995 ], [ 55.311529120908361, 25.241377054695644 ] ] ], [ [ [ 55.311439289342566, 25.241107560115925 ], [ 55.311484205114404, 25.241107560112869 ], [ 55.311529120882533, 25.241062644345515 ], [ 55.31151783144923, 25.240952684718724 ], [ 55.31138308415661, 25.240952684718724 ], [ 55.31138308415661, 25.241042516247134 ], [ 55.311439289342566, 25.241107560115925 ] ] ], [ [ [ 55.311502068116482, 25.237945072498682 ], [ 55.3114428, 25.2378394 ], [ 55.3113467, 25.2378418 ], [ 55.3113515, 25.2380058 ], [ 55.311410768106946, 25.238111472533138 ], [ 55.311506868191515, 25.238109172498834 ], [ 55.311502068116482, 25.237945072498682 ] ] ], [ [ [ 55.311481468686807, 25.239310172521602 ], [ 55.3114222, 25.2392045 ], [ 55.3113766, 25.239206 ], [ 55.311436768657146, 25.239333672537818 ], [ 55.311482368697099, 25.239332172521529 ], [ 55.311481468686807, 25.239310172521602 ] ] ], [ [ [ 55.311040195333177, 25.233384982760555 ], [ 55.31109539558976, 25.233409882677403 ], [ 55.311558896916196, 25.233170781957266 ], [ 55.3112989, 25.2326673 ], [ 55.3110566, 25.2322829 ], [ 55.3109768, 25.2322653 ], [ 55.3105425, 25.2324893 ], [ 55.3105336, 25.2325314 ], [ 55.311040195333177, 25.233384982760555 ] ] ], [ [ [ 55.311439289357331, 25.241287223173138 ], [ 55.311427999920816, 25.241222179303957 ], [ 55.31138308415661, 25.241222179303957 ], [ 55.311394373585507, 25.241287223176197 ], [ 55.311439289357331, 25.241287223173138 ] ] ], [ [ [ 55.311263578908424, 25.253421524397357 ], [ 55.311203421099783, 25.253349435639564 ], [ 55.311113589571377, 25.253349435639571 ], [ 55.311068673807171, 25.253484182932191 ], [ 55.311083915820419, 25.253511355942525 ], [ 55.311263578923381, 25.253556271690385 ], [ 55.311263578908424, 25.253421524397357 ] ] ], [ [ [ 55.311277127087124, 25.251963457941333 ], [ 55.31124833686399, 25.25186721542077 ], [ 55.311203421099783, 25.251867215420774 ], [ 55.311232211303484, 25.251963457949113 ], [ 55.311277127087124, 25.251963457941333 ] ] ], [ [ [ 55.3112333, 25.2393539 ], [ 55.3112615, 25.2402928 ], [ 55.311286900993558, 25.240338088255864 ], [ 55.311437301050269, 25.24033438823286 ], [ 55.311409100865973, 25.239395488232578 ], [ 55.3113837, 25.2393502 ], [ 55.311313512208173, 25.239351926713468 ], [ 55.3112536, 25.2392249 ], [ 55.3111964, 25.2392263 ], [ 55.3112333, 25.2393539 ] ] ], [ [ [ 55.311420668648076, 25.239345872543701 ], [ 55.3113603, 25.2392066 ], [ 55.3112939, 25.239209 ], [ 55.311354268589724, 25.239347672567394 ], [ 55.311420668648076, 25.239345872543701 ] ] ], [ [ [ 55.3112546, 25.2407728 ], [ 55.3110052, 25.2407795 ], [ 55.311043555520349, 25.24093673652629 ], [ 55.3110184, 25.2409373 ], [ 55.3110196, 25.2409828 ], [ 55.311125443408322, 25.241108566543559 ], [ 55.31138470567182, 25.241093441259686 ], [ 55.311381605578845, 25.240999241259754 ], [ 55.3112546, 25.2407728 ] ] ], [ [ [ 55.3108356, 25.2548646 ], [ 55.311089636067258, 25.255317483757459 ], [ 55.31113863626603, 25.255323783682808 ], [ 55.31111612155911, 25.255224809991436 ], [ 55.311153436148466, 25.255229683655561 ], [ 55.311159936097262, 25.255188583643616 ], [ 55.3109059, 25.2547357 ], [ 55.3108569, 25.2547294 ], [ 55.3108356, 25.2548646 ] ] ], [ [ [ 55.311053736048564, 25.255381483815501 ], [ 55.311084636212627, 25.255406383769451 ], [ 55.311118836279391, 25.255371883715441 ], [ 55.3108339, 25.254894 ], [ 55.3107997, 25.2549286 ], [ 55.311053736048564, 25.255381483815501 ] ] ], [ [ [ 55.311250201245088, 25.241774688268503 ], [ 55.311303601257571, 25.241731988260131 ], [ 55.3111506, 25.241556 ], [ 55.3110971, 25.2415987 ], [ 55.311250201245088, 25.241774688268503 ] ] ], [ [ [ 55.311315205187007, 25.240712341303503 ], [ 55.3111882, 25.2404859 ], [ 55.3109321, 25.2404897 ], [ 55.311016433979269, 25.240746792199072 ], [ 55.311060104754418, 25.240770941499946 ], [ 55.311316205245106, 25.240773141304221 ], [ 55.311315205187007, 25.240712341303503 ] ] ], [ [ [ 55.311124879984412, 25.253818721435191 ], [ 55.311113589571377, 25.253753677517427 ], [ 55.311068673807171, 25.253753677517423 ], [ 55.311079964212574, 25.25381872143825 ], [ 55.311124879984412, 25.253818721435191 ] ] ], [ [ [ 55.3108057, 25.2530316 ], [ 55.3107227, 25.2530658 ], [ 55.310969945337327, 25.253544260049772 ], [ 55.311052945395389, 25.253510060020329 ], [ 55.3108057, 25.2530316 ] ] ], [ [ [ 55.310766, 25.2550411 ], [ 55.3106984, 25.2549909 ], [ 55.3106351, 25.2549862 ], [ 55.3105933, 25.2550313 ], [ 55.310847335450397, 25.255484184136282 ], [ 55.310956136014397, 25.255564483973767 ], [ 55.311020036127992, 25.255493983872565 ], [ 55.310766, 25.2550411 ] ] ], [ [ [ 55.311169794132454, 25.234055785138573 ], [ 55.311158505335584, 25.233900909738377 ], [ 55.311068673807171, 25.233900909738381 ], [ 55.311124878360637, 25.234055785141624 ], [ 55.311169794132454, 25.234055785138573 ] ] ], [ [ [ 55.311035047407223, 25.241242307436298 ], [ 55.311035047399848, 25.241152475907693 ], [ 55.310978842278757, 25.24113234777554 ], [ 55.310978842278757, 25.241222179303961 ], [ 55.311035047407223, 25.241242307436298 ] ] ], [ [ [ 55.311123749455, 25.233694446216248 ], [ 55.311023758042964, 25.233676330917351 ], [ 55.311023758042964, 25.233721246681558 ], [ 55.311123749458311, 25.23373936198054 ], [ 55.311123749455, 25.233694446216248 ] ] ], [ [ [ 55.309793134835829, 25.247389725837504 ], [ 55.310204134751046, 25.248686092307771 ], [ 55.310478434812666, 25.248619692279586 ], [ 55.310465449731289, 25.248575794164825 ], [ 55.310501263784928, 25.248566726020996 ], [ 55.310632011363872, 25.248805242023728 ], [ 55.310910911830952, 25.248734641808728 ], [ 55.310562362301084, 25.247697719046446 ], [ 55.310355409130636, 25.24696064219011 ], [ 55.3102284, 25.2467342 ], [ 55.3096427, 25.2468854 ], [ 55.309793134835829, 25.247389725837504 ] ] ], [ [ [ 55.310136070578714, 25.233901654110245 ], [ 55.31012435503056, 25.233958317394332 ], [ 55.3099838, 25.2337077 ], [ 55.3099459, 25.2337084 ], [ 55.3099567, 25.2342635 ], [ 55.310210694628317, 25.234716384093552 ], [ 55.31026789484433, 25.23471518400606 ], [ 55.310262963561819, 25.234520458116148 ], [ 55.310721689862156, 25.234463482796464 ], [ 55.310700453154595, 25.234386038090687 ], [ 55.310764188250126, 25.234114970668536 ], [ 55.310845659403391, 25.234260235865921 ], [ 55.310799179221931, 25.23426023585203 ], [ 55.310810467980005, 25.234325279748806 ], [ 55.310915317075036, 25.234325279752301 ], [ 55.311005861121387, 25.234458658104383 ], [ 55.311090761215489, 25.23439145804171 ], [ 55.3108171, 25.2338253 ], [ 55.310742050258781, 25.233811078211325 ], [ 55.3106364, 25.2336227 ], [ 55.310554759676279, 25.233622239727065 ], [ 55.310612494046453, 25.233571683423385 ], [ 55.310540711567583, 25.23344369222475 ], [ 55.310792333017289, 25.233400792197951 ], [ 55.310738932957896, 25.233028792202177 ], [ 55.310559643215548, 25.23275619043423 ], [ 55.310594308629042, 25.232738225170642 ], [ 55.3104772, 25.2325348 ], [ 55.3097235, 25.2329254 ], [ 55.309840607863279, 25.233128825587002 ], [ 55.309893406399617, 25.233101463308895 ], [ 55.31021732239644, 25.233655817045697 ], [ 55.3101856, 25.2336621 ], [ 55.310165830420203, 25.233757717727251 ], [ 55.3101306, 25.233694899999989 ], [ 55.3100776, 25.2336967 ], [ 55.310079647158425, 25.233745164256874 ], [ 55.3098858, 25.2333975 ], [ 55.3098429, 25.2334157 ], [ 55.310136070578714, 25.233901654110245 ] ], [ [ 55.310492861207102, 25.23335837284726 ], [ 55.310236626309774, 25.23292359247128 ], [ 55.310308446110497, 25.232886372291059 ], [ 55.310492861207102, 25.23335837284726 ] ] ], [ [ [ 55.310844094986138, 25.24135692659658 ], [ 55.310855384330999, 25.241377054741427 ], [ 55.310990131646477, 25.241377054732272 ], [ 55.310990131642789, 25.241332138967955 ], [ 55.310933926514558, 25.24126709506816 ], [ 55.310889010750344, 25.24126709506816 ], [ 55.310844094986138, 25.241312010832363 ], [ 55.310844094986138, 25.24135692659658 ] ] ], [ [ [ 55.3107864, 25.2335487 ], [ 55.3107327, 25.2335535 ], [ 55.3107387, 25.2336072 ], [ 55.310921198185518, 25.233948141439235 ], [ 55.311037898421432, 25.233962541350408 ], [ 55.31100819822926, 25.233815841369513 ], [ 55.3108812, 25.2335894 ], [ 55.310818872860246, 25.23360660021476 ], [ 55.3107864, 25.2335487 ] ] ], [ [ [ 55.310929133975854, 25.240899392208462 ], [ 55.310923433951686, 25.240714992208449 ], [ 55.3109065, 25.2406848 ], [ 55.3108602, 25.2406859 ], [ 55.3108655, 25.2408703 ], [ 55.31088243396411, 25.240900492213232 ], [ 55.310929133975854, 25.240899392208462 ] ] ], [ [ [ 55.310861004718483, 25.241143141661261 ], [ 55.31085560455459, 25.240976941661319 ], [ 55.310767412387229, 25.240819700301959 ], [ 55.310842704383049, 25.240817941667299 ], [ 55.310838104226036, 25.240657541666877 ], [ 55.3107111, 25.2404311 ], [ 55.310674641966841, 25.240431951547937 ], [ 55.310644005459054, 25.239683183674376 ], [ 55.31039, 25.2392303 ], [ 55.3102627, 25.2392346 ], [ 55.310266247543048, 25.239320748260262 ], [ 55.3102006, 25.2392037 ], [ 55.3101662, 25.2392046 ], [ 55.310270618539029, 25.239426893146408 ], [ 55.3103092, 25.2403638 ], [ 55.310351654708995, 25.240439495146305 ], [ 55.3102444, 25.240442 ], [ 55.310249, 25.2406024 ], [ 55.310337876027646, 25.240760862397984 ], [ 55.3102535, 25.2407631 ], [ 55.3102589, 25.2409293 ], [ 55.310385903823594, 25.241155742024748 ], [ 55.310861004718483, 25.241143141661261 ] ] ], [ [ [ 55.310786267593933, 25.238211172757051 ], [ 55.31076489432408, 25.238150534529197 ], [ 55.310824800412689, 25.238149188315809 ], [ 55.310824282274012, 25.238128808350304 ], [ 55.310898300440442, 25.238147588304574 ], [ 55.3108722, 25.2380787 ], [ 55.3108095, 25.2380801 ], [ 55.310810103728656, 25.238100454280328 ], [ 55.3107988, 25.2380803 ], [ 55.3107365, 25.2380817 ], [ 55.310736984897815, 25.238100772647105 ], [ 55.3105893, 25.2380849 ], [ 55.310649167473152, 25.238214172805996 ], [ 55.310786267593933, 25.238211172757051 ] ] ], [ [ [ 55.310790389998139, 25.243981535254637 ], [ 55.310754263457731, 25.243872209392112 ], [ 55.310709347693518, 25.243872209392112 ], [ 55.310745474209547, 25.243981535264407 ], [ 55.310790389998139, 25.243981535254637 ] ] ], [ [ [ 55.310817806021568, 25.236898561603514 ], [ 55.310862721798344, 25.236898561598483 ], [ 55.310844094986138, 25.236820434411776 ], [ 55.310799179221931, 25.236820434411776 ], [ 55.310817806021568, 25.236898561603514 ] ] ], [ [ [ 55.310727500361573, 25.238073488330311 ], [ 55.310830800400318, 25.238069888314509 ], [ 55.3108039, 25.2379848 ], [ 55.3107006, 25.2379882 ], [ 55.310727500361573, 25.238073488330311 ] ] ], [ [ [ 55.3071131, 25.2425099 ], [ 55.307240099281152, 25.242736344467986 ], [ 55.307317524380146, 25.242773576557521 ], [ 55.307310905160911, 25.242821253859585 ], [ 55.307295749613864, 25.242794231051164 ], [ 55.307205918085451, 25.242794231051171 ], [ 55.307205918085451, 25.242839146815371 ], [ 55.307248251289437, 25.242914628293924 ], [ 55.307338082873329, 25.242909040231524 ], [ 55.3074207, 25.2431759 ], [ 55.307547700483525, 25.243402344249251 ], [ 55.307581760349798, 25.243393715906631 ], [ 55.307635000729867, 25.243488644184648 ], [ 55.307875701130918, 25.243425543999127 ], [ 55.307833590934372, 25.243329919698649 ], [ 55.307915601099509, 25.243309143965771 ], [ 55.307841342879776, 25.24302156878834 ], [ 55.30805066295509, 25.243512883318143 ], [ 55.308014401841163, 25.243512883278463 ], [ 55.308014401841163, 25.243647630571083 ], [ 55.308081571759303, 25.243767394195988 ], [ 55.308390883130429, 25.243963392886705 ], [ 55.30834899838954, 25.244033200831765 ], [ 55.308283896426396, 25.243917125156322 ], [ 55.308149149133897, 25.24393126277381 ], [ 55.3080324, 25.2437231 ], [ 55.3078651, 25.2437883 ], [ 55.307915052136302, 25.243944940150193 ], [ 55.3078719, 25.243868 ], [ 55.3077718, 25.2438847 ], [ 55.307797503550091, 25.24395878243687 ], [ 55.30776069748665, 25.243951907643986 ], [ 55.3076828, 25.2438103 ], [ 55.3076126, 25.2438287 ], [ 55.307715635483383, 25.244021688301469 ], [ 55.3076924, 25.2440172 ], [ 55.3076605, 25.2441525 ], [ 55.307804174874718, 25.244427040926031 ], [ 55.307849090698298, 25.24447195667473 ], [ 55.307938922306718, 25.244471956642684 ], [ 55.307938922279654, 25.244408203966596 ], [ 55.308056602405202, 25.244430943885536 ], [ 55.308085141260705, 25.244310277788067 ], [ 55.308149621919355, 25.24442524578598 ], [ 55.3078318, 25.244505 ], [ 55.307884800896666, 25.244626527933359 ], [ 55.307834738784337, 25.244545945855197 ], [ 55.30778982302013, 25.244545945855197 ], [ 55.30778982302013, 25.244635777383611 ], [ 55.307845139625165, 25.244734406338377 ], [ 55.30789005544478, 25.244779322088114 ], [ 55.307934971241551, 25.244767185726452 ], [ 55.307970026278554, 25.24482968830154 ], [ 55.308127200293335, 25.244786541922934 ], [ 55.3082525, 25.2451979 ], [ 55.308398633896047, 25.24547699248134 ], [ 55.308617233944439, 25.245418192458871 ], [ 55.308597224068414, 25.245370078401727 ], [ 55.308713035243045, 25.245341213101266 ], [ 55.308846604983103, 25.245588943310043 ], [ 55.309180605542629, 25.245504643052652 ], [ 55.309051594590869, 25.245201712765613 ], [ 55.309124905140948, 25.2451850430874 ], [ 55.309110581233867, 25.245133471059166 ], [ 55.309286405687708, 25.245443142970263 ], [ 55.309451452224323, 25.245401600034214 ], [ 55.309491006092152, 25.245458242814216 ], [ 55.309521206124465, 25.245430842790448 ], [ 55.309498204317386, 25.245389832288353 ], [ 55.309510824823562, 25.245386655638111 ], [ 55.3097268, 25.2460662 ], [ 55.309853807555811, 25.246292642557275 ], [ 55.310122208002525, 25.246221742350333 ], [ 55.309938207074111, 25.245597242475732 ], [ 55.309771275834173, 25.245302891306178 ], [ 55.30994827984005, 25.245214389297068 ], [ 55.309948279824553, 25.245169473532453 ], [ 55.309900863937813, 25.24508493502567 ], [ 55.309823659736068, 25.245040019262849 ], [ 55.30966830558058, 25.244538642656146 ], [ 55.309508937460258, 25.244287859884146 ], [ 55.3094861, 25.2442049 ], [ 55.30890990728706, 25.244351524435356 ], [ 55.308867801361075, 25.244276451269972 ], [ 55.308777969832668, 25.244276451269965 ], [ 55.308777969832668, 25.244321367034168 ], [ 55.308859497377149, 25.24443609828473 ], [ 55.309021800446843, 25.244960007891908 ], [ 55.3089753, 25.2448771 ], [ 55.308894861604145, 25.244895390406327 ], [ 55.308840060786821, 25.244656651453283 ], [ 55.308716825631372, 25.244487792369348 ], [ 55.308741933860766, 25.244481692443095 ], [ 55.3087149, 25.2444176 ], [ 55.3084527, 25.2444812 ], [ 55.308471420297948, 25.244530569739322 ], [ 55.308373216642103, 25.24455502696998 ], [ 55.308299905542881, 25.244420494126818 ], [ 55.308182176237878, 25.244020927832981 ], [ 55.308261235173084, 25.24412672024166 ], [ 55.308292886690644, 25.244126720235105 ], [ 55.308283896426396, 25.244186619741548 ], [ 55.308395418252793, 25.244350292595229 ], [ 55.308513271565538, 25.244350292572665 ], [ 55.3084151, 25.2443747 ], [ 55.308444733780831, 25.24444679247328 ], [ 55.308716633841698, 25.244379192445344 ], [ 55.308687, 25.2443071 ], [ 55.308595533472889, 25.244329840547909 ], [ 55.308635168264075, 25.244207173592915 ], [ 55.308538331781705, 25.243972968325146 ], [ 55.308567833054845, 25.243899215192954 ], [ 55.308649470557263, 25.244051872450708 ], [ 55.308643222540049, 25.244096788213142 ], [ 55.308754180221186, 25.244259454506942 ], [ 55.308799096029965, 25.244259454489086 ], [ 55.308775033305587, 25.244126720039468 ], [ 55.308821542501228, 25.244094743636897 ], [ 55.308901233878743, 25.244298592426265 ], [ 55.308971657433389, 25.244280099429801 ], [ 55.308990733903826, 25.244317392417202 ], [ 55.30945873870624, 25.244201455106403 ], [ 55.309510410870253, 25.24420145508147 ], [ 55.309510410843984, 25.24413893541734 ], [ 55.309659405487167, 25.24445594266092 ], [ 55.309704505565016, 25.244447042626227 ], [ 55.309661605319462, 25.244269942654686 ], [ 55.3095346, 25.2440435 ], [ 55.3094894, 25.2440524 ], [ 55.309498717448641, 25.244090774926441 ], [ 55.30945966598668, 25.244021148374653 ], [ 55.309692404976758, 25.243835542620502 ], [ 55.309660975985693, 25.243775129124977 ], [ 55.309741805148384, 25.243919242584791 ], [ 55.309940305733498, 25.244142442438495 ], [ 55.310162686285295, 25.243975432853279 ], [ 55.310315106545609, 25.244247242154529 ], [ 55.310507107101223, 25.244451942012745 ], [ 55.310707807341977, 25.24429804185554 ], [ 55.3105808, 25.2440716 ], [ 55.3099756, 25.2434016 ], [ 55.309836690173327, 25.243513713753853 ], [ 55.309811032409399, 25.243467967514256 ], [ 55.309778926226443, 25.2434679675303 ], [ 55.309879334015129, 25.243385692323585 ], [ 55.3098624, 25.2433555 ], [ 55.3098053, 25.2432985 ], [ 55.309784145947482, 25.243315833870888 ], [ 55.3096816, 25.243133 ], [ 55.3091004, 25.2424715 ], [ 55.309080368481808, 25.242479407340777 ], [ 55.3089678, 25.2422787 ], [ 55.308936096373657, 25.242286583078425 ], [ 55.3087947, 25.2421082 ], [ 55.3087316, 25.2421542 ], [ 55.308915668376216, 25.242544421731512 ], [ 55.308876155905914, 25.242560019006525 ], [ 55.3087308, 25.2422746 ], [ 55.308700516669902, 25.242282310491895 ], [ 55.308647813228532, 25.242187942813636 ], [ 55.308674301500076, 25.242175743358057 ], [ 55.308697201432153, 25.2420549433376 ], [ 55.3085702, 25.2418285 ], [ 55.3082802, 25.2415214 ], [ 55.30818931951309, 25.241709003971227 ], [ 55.308221000020801, 25.241510943688215 ], [ 55.308094, 25.2412845 ], [ 55.3080023, 25.2411819 ], [ 55.30686450000001, 25.2417119 ], [ 55.307036698273052, 25.242065344606935 ], [ 55.307144003406343, 25.242116670533587 ], [ 55.3069864, 25.2420878 ], [ 55.3071131, 25.2425099 ] ], [ [ 55.309738458339702, 25.245333751021512 ], [ 55.3096214, 25.2451437 ], [ 55.3095758, 25.2451578 ], [ 55.309673233501059, 25.245352806941909 ], [ 55.3095647, 25.2451593 ], [ 55.309508189917203, 25.245131946726431 ], [ 55.309774264571523, 25.245064531179587 ], [ 55.309676285116986, 25.245139416645358 ], [ 55.30966140000001, 25.2451138 ], [ 55.3096299, 25.2451402 ], [ 55.309738458339702, 25.245333751021512 ] ], [ [ 55.309622623380932, 25.245358515276141 ], [ 55.309563219539598, 25.245384948256557 ], [ 55.309557576907444, 25.245374887872533 ], [ 55.309619628712653, 25.245359269053253 ], [ 55.309622623380932, 25.245358515276141 ] ], [ [ 55.30862370225114, 25.243093043419229 ], [ 55.308574302009845, 25.242933943453096 ], [ 55.308458771387301, 25.242727953418296 ], [ 55.308686407165361, 25.242669931683981 ], [ 55.308765008711958, 25.242866199984668 ], [ 55.3087015, 25.2429128 ], [ 55.308765233683523, 25.242995092435869 ], [ 55.308804928098084, 25.242965878574996 ], [ 55.308959603019858, 25.243231243165862 ], [ 55.309034703221492, 25.243294343110009 ], [ 55.309590798401402, 25.243508538511698 ], [ 55.309528294155328, 25.243571042751039 ], [ 55.309464, 25.2435051 ], [ 55.309132229396063, 25.243769586663838 ], [ 55.309054344288178, 25.243678806669479 ], [ 55.309066897196196, 25.243627614434423 ], [ 55.3088195, 25.2431867 ], [ 55.308662385737293, 25.243225393775671 ], [ 55.30859274852579, 25.243101231819082 ], [ 55.30862370225114, 25.243093043419229 ] ], [ [ 55.30936187476734, 25.244096788213142 ], [ 55.309387109042611, 25.244141779567443 ], [ 55.309117494629881, 25.244208529387741 ], [ 55.309020143566769, 25.244031856348784 ], [ 55.309111813190718, 25.244026495256357 ], [ 55.309228204401421, 25.24417154298359 ], [ 55.309347703782763, 25.244076141537459 ], [ 55.30936187476734, 25.244096788213142 ] ], [ [ 55.3089473, 25.2437605 ], [ 55.308907950495573, 25.243717446072431 ], [ 55.308992644783274, 25.243709656424649 ], [ 55.309059031915673, 25.243828022164543 ], [ 55.3089473, 25.2437605 ] ], [ [ 55.308828312588169, 25.243717446117206 ], [ 55.308912717125509, 25.243838676677239 ], [ 55.308890056403648, 25.243915404435121 ], [ 55.308777969832668, 25.243737462099489 ], [ 55.308620561465041, 25.243748792645494 ], [ 55.30862056142989, 25.243677562448511 ], [ 55.308553391011635, 25.243557799042666 ], [ 55.308412694833834, 25.24352262501931 ], [ 55.308686862027713, 25.243448700443476 ], [ 55.308643222540049, 25.243602714806876 ], [ 55.308707570777173, 25.24371744610313 ], [ 55.308828312588169, 25.243717446117206 ] ], [ [ 55.308142500610366, 25.242311143767846 ], [ 55.308180323163896, 25.242292435839698 ], [ 55.308201633459596, 25.24234149249116 ], [ 55.308236433467627, 25.24233479248759 ], [ 55.308226919718521, 25.242293883400013 ], [ 55.308266100894826, 25.24236374367467 ], [ 55.308331259533659, 25.242333734418011 ], [ 55.308352075269028, 25.242371027244168 ], [ 55.3082807, 25.2423892 ], [ 55.308400182157833, 25.242653792018835 ], [ 55.3082885, 25.2426841 ], [ 55.30830928131364, 25.242738834475229 ], [ 55.308260458651816, 25.242751619187576 ], [ 55.3082375, 25.2427002 ], [ 55.30818563318627, 25.24271510783349 ], [ 55.308046316626985, 25.242425835208515 ], [ 55.30807680057859, 25.242412443820548 ], [ 55.308103891160229, 25.242243081275433 ], [ 55.308142500610366, 25.242311143767846 ] ], [ [ 55.3081391, 25.2421373 ], [ 55.308208879565221, 25.242261717668736 ], [ 55.308119596951975, 25.242144892908716 ], [ 55.308137378231734, 25.242033728919491 ], [ 55.3081391, 25.2421373 ] ], [ [ 55.307815253507094, 25.242454348502189 ], [ 55.307802406479063, 25.242431593672833 ], [ 55.307838240509469, 25.242448733448647 ], [ 55.307815253507094, 25.242454348502189 ] ], [ [ 55.307661733357463, 25.24262759254712 ], [ 55.307730801957888, 25.242570871331107 ], [ 55.307767323276813, 25.242693107821289 ], [ 55.307744907255923, 25.242659483758555 ], [ 55.307655075727517, 25.242659483758548 ], [ 55.307655075727638, 25.242688041510689 ], [ 55.307351619183805, 25.242764937022329 ], [ 55.307653837019522, 25.242610262108297 ], [ 55.307661733357463, 25.24262759254712 ] ], [ [ 55.307727695479841, 25.242475736333766 ], [ 55.307708648446827, 25.24249672363937 ], [ 55.307624357499648, 25.242346430865911 ], [ 55.307665913915081, 25.242366307790753 ], [ 55.307727695479841, 25.242475736333766 ] ] ], [ [ [ 55.310313935472543, 25.254311592314924 ], [ 55.310442335497214, 25.254246592301627 ], [ 55.3101009, 25.2536923 ], [ 55.3099725, 25.2537574 ], [ 55.310313935472543, 25.254311592314924 ] ] ], [ [ [ 55.31044481077457, 25.242970484139803 ], [ 55.3101908, 25.2425176 ], [ 55.310062469430797, 25.242377002011846 ], [ 55.309946000123496, 25.242155058392925 ], [ 55.309961731880755, 25.242143842862344 ], [ 55.310387305201395, 25.242643742060086 ], [ 55.310598605465046, 25.242492741894861 ], [ 55.310580505374134, 25.2424317419072 ], [ 55.3104535, 25.2422053 ], [ 55.3099388, 25.2416083 ], [ 55.3098888, 25.2416449 ], [ 55.310019143161888, 25.241890861051608 ], [ 55.309835658643408, 25.241653619008794 ], [ 55.309874403279217, 25.24162284242718 ], [ 55.3097369, 25.2413856 ], [ 55.309698, 25.2414165 ], [ 55.309834981177417, 25.241652841725251 ], [ 55.30968390000001, 25.2414795 ], [ 55.3092962, 25.241756 ], [ 55.309423202750544, 25.241982442780888 ], [ 55.309716403620811, 25.242318742565004 ], [ 55.30973637052719, 25.242304507770569 ], [ 55.310296110403527, 25.243076784372366 ], [ 55.31044481077457, 25.242970484139803 ] ], [ [ 55.309894847992844, 25.242193462750389 ], [ 55.309893776655443, 25.242192289673348 ], [ 55.309894071969815, 25.242192079137229 ], [ 55.309894847992844, 25.242193462750389 ] ] ], [ [ [ 55.310612667441006, 25.238214972819026 ], [ 55.3105528, 25.2380857 ], [ 55.3104933, 25.238087 ], [ 55.310553167388584, 25.238216272840251 ], [ 55.310612667441006, 25.238214972819026 ] ] ], [ [ [ 55.310476543844906, 25.243578299851087 ], [ 55.310439853108285, 25.243512883278466 ], [ 55.310394937344086, 25.243512883278459 ], [ 55.310431628067938, 25.243623215625533 ], [ 55.310476543856907, 25.243623215615614 ], [ 55.310476543844906, 25.243578299851087 ] ] ], [ [ [ 55.3103739, 25.2380827 ], [ 55.310302, 25.238083 ], [ 55.310361467217788, 25.23821597290863 ], [ 55.310518367357218, 25.238215372852657 ], [ 55.3104589, 25.2380824 ], [ 55.3103739, 25.2380827 ] ] ], [ [ [ 55.310277125432947, 25.253649122541329 ], [ 55.310260190051459, 25.253618930224807 ], [ 55.310170358523052, 25.253618930224803 ], [ 55.310187293887211, 25.25369403831483 ], [ 55.310277125438489, 25.253694038305671 ], [ 55.310277125432947, 25.253649122541329 ] ] ], [ [ [ 55.3101154, 25.2446885 ], [ 55.310308034299382, 25.244807092284528 ], [ 55.310354034306926, 25.244773392279722 ], [ 55.3102251, 25.2446163 ], [ 55.3101027, 25.2446461 ], [ 55.3101154, 25.2446885 ] ] ], [ [ [ 55.310322603593931, 25.236941464606165 ], [ 55.310367519369947, 25.236941464601433 ], [ 55.310350021579872, 25.236865350175979 ], [ 55.310305105815665, 25.236865350175972 ], [ 55.310322603593931, 25.236941464606165 ] ] ], [ [ [ 55.309959373717881, 25.254114673233673 ], [ 55.310066173789735, 25.254060673194946 ], [ 55.3099786, 25.2539092 ], [ 55.309888184752594, 25.253954915582884 ], [ 55.309916635318942, 25.253885992354054 ], [ 55.3098649, 25.2537967 ], [ 55.3097925, 25.2537904 ], [ 55.3096655, 25.2538515 ], [ 55.309788835308204, 25.254062792367659 ], [ 55.309857235321552, 25.254029892360581 ], [ 55.309879364281578, 25.253976283692428 ], [ 55.309959373717881, 25.254114673233673 ] ] ], [ [ [ 55.309513513811446, 25.253761543000369 ], [ 55.309522543427747, 25.253685814733331 ], [ 55.309686235247682, 25.253783792377209 ], [ 55.310039935314542, 25.253595792340533 ], [ 55.310058935311488, 25.253531792338389 ], [ 55.31002026357897, 25.253382365124889 ], [ 55.310068173496155, 25.253376273186419 ], [ 55.3098951, 25.2530961 ], [ 55.3098565, 25.2531167 ], [ 55.30997798641058, 25.253317631853388 ], [ 55.3096644, 25.2531226 ], [ 55.3095672, 25.2531237 ], [ 55.3094711, 25.2531996 ], [ 55.309460710962078, 25.2533938472173 ], [ 55.3092678, 25.2531028 ], [ 55.3091354, 25.2530898 ], [ 55.309021701445154, 25.253209464435766 ], [ 55.3089483, 25.2530893 ], [ 55.3088462, 25.2530932 ], [ 55.3087768, 25.2531584 ], [ 55.308881453814259, 25.253357070540062 ], [ 55.3088784, 25.2535327 ], [ 55.308989212758291, 25.253705143399952 ], [ 55.309345313470615, 25.253740243128483 ], [ 55.309366344105115, 25.253565624537025 ], [ 55.309462213690381, 25.25373654303899 ], [ 55.309513513811446, 25.253761543000369 ] ] ], [ [ [ 55.310232207598077, 25.236940458206764 ], [ 55.310277123373709, 25.236940458202191 ], [ 55.310260190051459, 25.236865350175975 ], [ 55.310215274287259, 25.236865350175975 ], [ 55.310232207598077, 25.236940458206764 ] ] ], [ [ [ 55.31015643423251, 25.244577592299226 ], [ 55.3099563, 25.24433 ], [ 55.3098705, 25.2443369 ], [ 55.309961834188954, 25.244625892319224 ], [ 55.31015643423251, 25.244577592299226 ] ] ], [ [ [ 55.310097081864583, 25.244779272991259 ], [ 55.310068534220122, 25.24465849230846 ], [ 55.3100323, 25.2446229 ], [ 55.3100662, 25.2448026 ], [ 55.310103434250983, 25.244836892305475 ], [ 55.310097081864583, 25.244779272991259 ] ] ], [ [ [ 55.3094, 25.2469954 ], [ 55.3086611, 25.2471822 ], [ 55.3086182, 25.2472429 ], [ 55.3089115, 25.2482117 ], [ 55.309038507982898, 25.248438143233173 ], [ 55.309860202475093, 25.248227139895711 ], [ 55.309891709470563, 25.248285742577096 ], [ 55.309955409571252, 25.248263142527829 ], [ 55.309614207985511, 25.24725224276397 ], [ 55.3094872, 25.2470258 ], [ 55.3094, 25.2469954 ] ] ], [ [ [ 55.3097343, 25.2405768 ], [ 55.309596986798368, 25.240491502142369 ], [ 55.310001502676315, 25.24070794230763 ], [ 55.310033502639335, 25.240601842280572 ], [ 55.310006102359004, 25.240355042295466 ], [ 55.3098791, 25.2401286 ], [ 55.309435, 25.2401379 ], [ 55.309431, 25.2402442 ], [ 55.309574047221325, 25.240479228043082 ], [ 55.3093613, 25.2403925 ], [ 55.309214, 25.2405011 ], [ 55.309214, 25.2405357 ], [ 55.309375501618604, 25.240855942789743 ], [ 55.30953930210292, 25.241041842669095 ], [ 55.309606602228293, 25.241038542617581 ], [ 55.309810402468209, 25.240877342457839 ], [ 55.30986130249687, 25.24080324241713 ], [ 55.3097343, 25.2405768 ] ] ], [ [ [ 55.309945779702019, 25.240952684718724 ], [ 55.309811032409399, 25.240952684718717 ], [ 55.309825143853558, 25.241202423807952 ], [ 55.309959891174749, 25.241202423796508 ], [ 55.310004806930024, 25.24102276073539 ], [ 55.309945779702019, 25.240952684718724 ] ] ], [ [ [ 55.3091924, 25.2385532 ], [ 55.309197808361226, 25.238688666590281 ], [ 55.3090736, 25.2384672 ], [ 55.3090414, 25.238467 ], [ 55.309028, 25.2385411 ], [ 55.309154999268323, 25.238767542907084 ], [ 55.309200351144362, 25.238752357239076 ], [ 55.309271472505067, 25.238889610372862 ], [ 55.3092329, 25.2389558 ], [ 55.3092425, 25.2392269 ], [ 55.309313023701222, 25.239368545670974 ], [ 55.309328074975483, 25.239490143888538 ], [ 55.309296, 25.2394907 ], [ 55.3092977, 25.2395706 ], [ 55.309424700734077, 25.239797042726192 ], [ 55.309655401170559, 25.239793042549774 ], [ 55.309653701093495, 25.239713142549103 ], [ 55.309554344556801, 25.239519135169608 ], [ 55.310001401570446, 25.239511342278394 ], [ 55.309986701170502, 25.239108842279787 ], [ 55.309910983304974, 25.238973837914745 ], [ 55.309972001016156, 25.238972142287665 ], [ 55.309964100844752, 25.238802942289563 ], [ 55.309893822194589, 25.238677635687001 ], [ 55.309945800692681, 25.238676142300449 ], [ 55.309935400364985, 25.238342942300225 ], [ 55.309901159239367, 25.238281890286419 ], [ 55.309941600301421, 25.238261342293502 ], [ 55.309928099940102, 25.23789814229492 ], [ 55.3098011, 25.2376717 ], [ 55.3095182, 25.2376803 ], [ 55.3095317, 25.2380443 ], [ 55.309574960512478, 25.238121434248242 ], [ 55.3091886, 25.2381296 ], [ 55.3091992, 25.2384675 ], [ 55.309246250155809, 25.238551391502195 ], [ 55.3091924, 25.2385532 ] ] ], [ [ [ 55.3092246, 25.245468 ], [ 55.3091876, 25.2455381 ], [ 55.3093737, 25.2461573 ], [ 55.309500706966098, 25.246383742829476 ], [ 55.309789107444985, 25.246306342607078 ], [ 55.30957720642008, 25.245635042752642 ], [ 55.3094502, 25.2454086 ], [ 55.3092246, 25.245468 ] ] ], [ [ [ 55.309676285116787, 25.239829790613573 ], [ 55.309684751890771, 25.239979634072142 ], [ 55.309819499200515, 25.239979634065271 ], [ 55.309864414967677, 25.239934718298699 ], [ 55.309864414964906, 25.239889802534424 ], [ 55.309811032409399, 25.23982979061357 ], [ 55.309676285116787, 25.239829790613573 ] ] ], [ [ [ 55.3095467, 25.2376171 ], [ 55.309563633227818, 25.237647292337016 ], [ 55.30981423329051, 25.237638692311453 ], [ 55.309820266977624, 25.237401184999321 ], [ 55.309889299404333, 25.237398342312328 ], [ 55.309819224498334, 25.236840526660799 ], [ 55.30986209883546, 25.236838742319414 ], [ 55.309839598307065, 25.236313242323728 ], [ 55.3097126, 25.2360868 ], [ 55.3091458, 25.2361104 ], [ 55.3091656, 25.236636 ], [ 55.309189487532876, 25.236678592617306 ], [ 55.3091258, 25.2366816 ], [ 55.3091378, 25.2368905 ], [ 55.309173657845101, 25.236954436162531 ], [ 55.3091381, 25.2369559 ], [ 55.3091503, 25.2371971 ], [ 55.309181882016389, 25.237253412033297 ], [ 55.3091427, 25.2372548 ], [ 55.3091595, 25.2376382 ], [ 55.309176433131917, 25.237668392376545 ], [ 55.309449633200217, 25.237658592348676 ], [ 55.309437651450274, 25.237416940138793 ], [ 55.309538114061631, 25.237412803439252 ], [ 55.3095467, 25.2376171 ] ] ], [ [ [ 55.309561334015768, 25.244047492358167 ], [ 55.309586453588501, 25.24403219951591 ], [ 55.309642335920238, 25.244151507210919 ], [ 55.309732167524089, 25.244151507180703 ], [ 55.309676285116787, 25.244006956684725 ], [ 55.309592336964833, 25.244006956686402 ], [ 55.3095704, 25.2439723 ], [ 55.3095295, 25.2439972 ], [ 55.309561334015768, 25.244047492358167 ] ] ], [ [ [ 55.309913845436135, 25.230106217192862 ], [ 55.309855948173613, 25.230083069780878 ], [ 55.30986892966741, 25.230151132960689 ], [ 55.30991384544037, 25.230151132957175 ], [ 55.309913845436135, 25.230106217192862 ] ] ], [ [ [ 55.308218194949106, 25.236026643555729 ], [ 55.308316372431456, 25.236024870666469 ], [ 55.3083228, 25.2362318 ], [ 55.308449795789606, 25.236458243389343 ], [ 55.308533984745907, 25.236464408600586 ], [ 55.308564828708384, 25.236557851759159 ], [ 55.3085586, 25.2367583 ], [ 55.308588452250781, 25.23681152853835 ], [ 55.308555, 25.2368128 ], [ 55.308580732902087, 25.237032692435164 ], [ 55.308980733001967, 25.237017492394358 ], [ 55.308973722103289, 25.23686805829329 ], [ 55.309017531922848, 25.236866669570226 ], [ 55.309011910900551, 25.236722470712117 ], [ 55.309089197251645, 25.236720442907171 ], [ 55.309082097034604, 25.2365001429072 ], [ 55.309054632343624, 25.236451171883257 ], [ 55.309086896998032, 25.236450642902316 ], [ 55.309080096781102, 25.236229842902102 ], [ 55.308957879168382, 25.236011921561026 ], [ 55.309487497353793, 25.236008442585337 ], [ 55.309485256458878, 25.235912382263503 ], [ 55.309559297498716, 25.23601704253068 ], [ 55.309775797905637, 25.236010442365068 ], [ 55.309832197950882, 25.23594294232031 ], [ 55.30981569760754, 25.235605342324654 ], [ 55.309771034757823, 25.235525706599745 ], [ 55.309820197541292, 25.235524342319227 ], [ 55.309811897300442, 25.235280742319606 ], [ 55.309694581261851, 25.23507156218896 ], [ 55.309721232950572, 25.235070892312535 ], [ 55.309703660302468, 25.23481806720898 ], [ 55.309750565208361, 25.234816573087659 ], [ 55.309742365110161, 25.234605673088165 ], [ 55.3096831, 25.2345 ], [ 55.3092059, 25.2345151 ], [ 55.3092141, 25.2347261 ], [ 55.309265794109173, 25.234818274216273 ], [ 55.3092085, 25.23482 ], [ 55.3092247, 25.2353109 ], [ 55.309251986510695, 25.235359553564344 ], [ 55.3087549, 25.2353694 ], [ 55.3087667, 25.2357859 ], [ 55.308851201598685, 25.235936572286199 ], [ 55.3086633, 25.2359443 ], [ 55.30866455828631, 25.23603857193816 ], [ 55.3086118, 25.2359445 ], [ 55.308465793313864, 25.235950273173504 ], [ 55.308463313098194, 25.235839011238525 ], [ 55.308711532787875, 25.235835192417916 ], [ 55.3086783, 25.2353612 ], [ 55.3083943, 25.2353717 ], [ 55.308398295434351, 25.235493993834641 ], [ 55.308331, 25.235374 ], [ 55.3080818, 25.2353785 ], [ 55.308085607492032, 25.23554931043418 ], [ 55.3079943, 25.2353865 ], [ 55.3074207, 25.235407899999988 ], [ 55.3074397, 25.2357674 ], [ 55.307558491389166, 25.235979218477095 ], [ 55.3075112, 25.2359809 ], [ 55.3074366, 25.2360451 ], [ 55.307470874504091, 25.23631506239802 ], [ 55.3074614, 25.2365325 ], [ 55.307497544855167, 25.236596950067206 ], [ 55.3074615, 25.236598 ], [ 55.3074862, 25.2372906 ], [ 55.30753694019792, 25.237381074540661 ], [ 55.3074937, 25.2373822 ], [ 55.3075003, 25.2375891 ], [ 55.30755723272167, 25.237681792541572 ], [ 55.30784993279633, 25.237683392511755 ], [ 55.307844398102503, 25.237509516783589 ], [ 55.307893180432337, 25.237507928531393 ], [ 55.307894, 25.2376198 ], [ 55.30798441352416, 25.237781014119729 ], [ 55.307546, 25.237783 ], [ 55.307507, 25.2378138 ], [ 55.3075202, 25.2385776 ], [ 55.307647196425172, 25.238804044060256 ], [ 55.307709532903864, 25.238846492529866 ], [ 55.307765117285705, 25.238800730867656 ], [ 55.308444397925541, 25.238781643450501 ], [ 55.308513397989572, 25.238708443395971 ], [ 55.308509112702403, 25.238605657810165 ], [ 55.30868174805952, 25.238592119648331 ], [ 55.30881294935196, 25.238623204429008 ], [ 55.3088055, 25.2386552 ], [ 55.308932498949204, 25.238881643079928 ], [ 55.309086199272024, 25.238913642963251 ], [ 55.309090512904561, 25.238891145077439 ], [ 55.309123999328172, 25.238896342933931 ], [ 55.30913539929486, 25.238836742923759 ], [ 55.3090084, 25.2386103 ], [ 55.308854295464933, 25.238608512827774 ], [ 55.309010533203967, 25.238595892396486 ], [ 55.309008133189835, 25.238486092396368 ], [ 55.3089912, 25.2384559 ], [ 55.308917407148755, 25.238457159274535 ], [ 55.308930798459293, 25.238354843068308 ], [ 55.308817750156223, 25.238153273701311 ], [ 55.308815579439177, 25.238077250136516 ], [ 55.309052833150318, 25.23807299239046 ], [ 55.309039439355232, 25.237842185792996 ], [ 55.309083798276625, 25.237841142938777 ], [ 55.309144898338239, 25.237781642890628 ], [ 55.309136298110552, 25.2375529428916 ], [ 55.309102815301806, 25.23749324174371 ], [ 55.30912449803224, 25.237492542899126 ], [ 55.309115697809169, 25.237269242900382 ], [ 55.3089887, 25.2370428 ], [ 55.3085543, 25.2370568 ], [ 55.3085631, 25.2372801 ], [ 55.308592866053843, 25.237333174640728 ], [ 55.3083693, 25.2373379 ], [ 55.308376, 25.2375648 ], [ 55.308471132950537, 25.237652392448364 ], [ 55.308677533002587, 25.23764869242731 ], [ 55.308675956849768, 25.237481330201014 ], [ 55.308727891721347, 25.237505325200871 ], [ 55.3087356, 25.2376199 ], [ 55.308812136573295, 25.237756368388062 ], [ 55.3087595, 25.2377591 ], [ 55.308767176608029, 25.23791178515199 ], [ 55.3086862, 25.2377674 ], [ 55.3084541, 25.2377708 ], [ 55.308459585844467, 25.237964159866582 ], [ 55.308340672255902, 25.237781574044536 ], [ 55.308348596624626, 25.237571243493996 ], [ 55.3082216, 25.2373448 ], [ 55.308113806869557, 25.237345454165538 ], [ 55.30808969542737, 25.23680984367315 ], [ 55.308060563831773, 25.236757899634018 ], [ 55.308071295133452, 25.236529643680324 ], [ 55.308040645518304, 25.236474992757532 ], [ 55.308293695501689, 25.236468943508889 ], [ 55.308287495294863, 25.236257843508451 ], [ 55.308133391381851, 25.236008114893135 ], [ 55.308133027683354, 25.235874782666365 ], [ 55.308218194949106, 25.236026643555729 ] ], [ [ 55.308562844593801, 25.238502639515694 ], [ 55.308504852188904, 25.238503466393862 ], [ 55.308500157707201, 25.238390865893731 ], [ 55.308562844593801, 25.238502639515694 ] ], [ [ 55.308494961657409, 25.238266234862358 ], [ 55.308488740234019, 25.238117009413646 ], [ 55.308518263797737, 25.238169651436625 ], [ 55.308494961657409, 25.238266234862358 ] ], [ [ 55.307787680060322, 25.236018681729988 ], [ 55.307833501417946, 25.236017281224346 ], [ 55.307836098868421, 25.236105017325489 ], [ 55.307787680060322, 25.236018681729988 ] ] ], [ [ [ 55.309453430104256, 25.254005827519247 ], [ 55.309458073179698, 25.253902573410169 ], [ 55.3093988, 25.2537969 ], [ 55.3091082, 25.2537862 ], [ 55.3091182, 25.2538838 ], [ 55.3091774729672, 25.253989473511304 ], [ 55.309434691434284, 25.254042041366773 ], [ 55.309509873346997, 25.254183273394883 ], [ 55.30957277339234, 25.254158473372158 ], [ 55.309485, 25.2539934 ], [ 55.309453430104256, 25.254005827519247 ] ] ], [ [ [ 55.3093929, 25.2410103 ], [ 55.308965, 25.2404985 ], [ 55.3089411493212, 25.240515693313689 ], [ 55.3086616, 25.2401862 ], [ 55.308358, 25.2404077 ], [ 55.308444596564364, 25.240562103799398 ], [ 55.3082198, 25.2403105 ], [ 55.308098, 25.2403996 ], [ 55.308199034891032, 25.240579748521906 ], [ 55.308504556602315, 25.24092170272656 ], [ 55.308595100339403, 25.241083143391791 ], [ 55.309170802018762, 25.241711742967176 ], [ 55.309637302589962, 25.24136654260214 ], [ 55.3095103, 25.2411401 ], [ 55.3093929, 25.2410103 ] ] ], [ [ [ 55.309721200880986, 25.232957678690063 ], [ 55.30963136935258, 25.232957678690063 ], [ 55.309586453588373, 25.233002594454266 ], [ 55.309599435305245, 25.233070657662445 ], [ 55.30968926685118, 25.233070657655421 ], [ 55.309734182619898, 25.233025741887598 ], [ 55.309721200880986, 25.232957678690063 ] ] ], [ [ [ 55.309400573271276, 25.254233473434471 ], [ 55.3093413, 25.2541278 ], [ 55.3089187, 25.2540725 ], [ 55.3088747, 25.2543475 ], [ 55.308933972950349, 25.254453173603515 ], [ 55.309199173226517, 25.254545573509915 ], [ 55.309347773367286, 25.254564973457104 ], [ 55.309414073331119, 25.254344273430913 ], [ 55.309400573271276, 25.254233473434471 ] ] ], [ [ [ 55.30852011106964, 25.252847443737647 ], [ 55.308610611249719, 25.252855343668632 ], [ 55.308868111510264, 25.252605443465605 ], [ 55.309424711987404, 25.251972243024451 ], [ 55.309429711959964, 25.25193224301966 ], [ 55.3093027, 25.2517058 ], [ 55.309244, 25.2516919 ], [ 55.309009606134559, 25.251745050634497 ], [ 55.308957632889488, 25.251732468128161 ], [ 55.308957632889616, 25.25175683591506 ], [ 55.308150664404252, 25.251952576754398 ], [ 55.308070954145464, 25.251805392286897 ], [ 55.308033355369979, 25.251662393729127 ], [ 55.308057209084964, 25.251656644062397 ], [ 55.307929108416822, 25.251198444149093 ], [ 55.3078021, 25.250972 ], [ 55.3077019, 25.2509242 ], [ 55.307501, 25.2509655 ], [ 55.3074602, 25.2510366 ], [ 55.3076178, 25.2515055 ], [ 55.308012709464656, 25.252159244108753 ], [ 55.308065574678942, 25.252147962337339 ], [ 55.308332310519333, 25.252640043876163 ], [ 55.30852011106964, 25.252847443737647 ] ] ], [ [ [ 55.308786364076006, 25.234180873424219 ], [ 55.309456564539303, 25.233871573181695 ], [ 55.309628064634168, 25.233737473119 ], [ 55.3092978, 25.2332008 ], [ 55.3092632, 25.233195 ], [ 55.3084849, 25.2335589 ], [ 55.3084924, 25.2336694 ], [ 55.308786364076006, 25.234180873424219 ] ] ], [ [ [ 55.309200933191278, 25.238099592375452 ], [ 55.309500633266602, 25.23809219234489 ], [ 55.3094708, 25.2376894 ], [ 55.3091668, 25.2376981 ], [ 55.309200933191278, 25.238099592375452 ] ] ], [ [ [ 55.309303106730937, 25.246537342984308 ], [ 55.30937110678871, 25.246459442930401 ], [ 55.309217706101357, 25.246032543037224 ], [ 55.3090907, 25.2458061 ], [ 55.308700587840484, 25.245907171135908 ], [ 55.3085607, 25.2456373 ], [ 55.3082013, 25.2457294 ], [ 55.3081678, 25.245778 ], [ 55.3082174, 25.2459672 ], [ 55.308344404583472, 25.246193643708789 ], [ 55.308421085032876, 25.24617500940791 ], [ 55.308433918790136, 25.246201763008774 ], [ 55.308373, 25.2462167 ], [ 55.3084346, 25.246422 ], [ 55.308561605418369, 25.246648443553905 ], [ 55.308712405671997, 25.246611443437715 ], [ 55.308652780844369, 25.24638394973687 ], [ 55.308795505877839, 25.246662543375436 ], [ 55.309303106730937, 25.246537342984308 ] ] ], [ [ [ 55.309182211710514, 25.250250247909364 ], [ 55.309212694171485, 25.250349510020456 ], [ 55.309257609956262, 25.250349510012217 ], [ 55.309302525731084, 25.250304594239502 ], [ 55.309272043238927, 25.250205332145153 ], [ 55.30922712747472, 25.250205332145157 ], [ 55.309182211710514, 25.250250247909364 ] ] ], [ [ [ 55.3094092, 25.2301535 ], [ 55.309336148877236, 25.230115161394767 ], [ 55.309335870358105, 25.23007187537269 ], [ 55.309365769485325, 25.230038105387443 ], [ 55.309399832253845, 25.230076792328962 ], [ 55.309466832264938, 25.230028592321982 ], [ 55.3093976, 25.2299389 ], [ 55.309381484827504, 25.229950517362195 ], [ 55.3090014, 25.229379 ], [ 55.308421, 25.228832 ], [ 55.3079097, 25.2292017 ], [ 55.3078919, 25.2292438 ], [ 55.307951161250564, 25.229349473666634 ], [ 55.308732962436018, 25.230485773400947 ], [ 55.309222230903551, 25.230162203540559 ], [ 55.309244957527994, 25.230162203536437 ], [ 55.309250832237993, 25.230255792344728 ], [ 55.309334632262093, 25.230278492336264 ], [ 55.309413132279573, 25.230258292328209 ], [ 55.3094092, 25.2301535 ] ] ], [ [ [ 55.309075124299319, 25.249985151858393 ], [ 55.309120040091244, 25.250030067615359 ], [ 55.309164955874131, 25.250030067607877 ], [ 55.309137295946314, 25.249890921795707 ], [ 55.309047464417901, 25.249890921795714 ], [ 55.309075124299319, 25.249985151858393 ] ] ], [ [ [ 55.308818509341563, 25.250362143448548 ], [ 55.309006309614539, 25.250269643302683 ], [ 55.308926709231933, 25.250020143357432 ], [ 55.3087997, 25.2497937 ], [ 55.3078772, 25.2500274 ], [ 55.307955996040434, 25.25023691990031 ], [ 55.3078753, 25.2502566 ], [ 55.307961607016885, 25.250546104954218 ], [ 55.3079106, 25.2505581 ], [ 55.307998580289741, 25.250833864343836 ], [ 55.307981934474242, 25.251028992541979 ], [ 55.308120034512221, 25.251051992527973 ], [ 55.308135465829324, 25.250976458027036 ], [ 55.308182908774313, 25.251061043951669 ], [ 55.308243453799406, 25.251046694690352 ], [ 55.308314209128319, 25.251172843854022 ], [ 55.30836720245599, 25.251159381083639 ], [ 55.308407509360428, 25.251231243784119 ], [ 55.308550309599383, 25.251194843674035 ], [ 55.308524651073355, 25.25111938167877 ], [ 55.309042810348103, 25.250987743292374 ], [ 55.309028366916749, 25.250941282157832 ], [ 55.309049210351724, 25.250978443287256 ], [ 55.309143710511229, 25.250955843214431 ], [ 55.309056510068885, 25.250657443273806 ], [ 55.3089295, 25.250431 ], [ 55.308835, 25.2504536 ], [ 55.308909815851699, 25.250709621299858 ], [ 55.3088872, 25.2506693 ], [ 55.308221435351314, 25.250838436917029 ], [ 55.308162952843858, 25.25063698457333 ], [ 55.308263608702241, 25.250816443883959 ], [ 55.308627609312353, 25.250724743603403 ], [ 55.308606409117701, 25.250655843456599 ], [ 55.308743409399909, 25.250580343511317 ], [ 55.308642958469356, 25.250320853458387 ], [ 55.308777419499421, 25.250288884954543 ], [ 55.308818509341563, 25.250362143448548 ] ], [ [ 55.308054243633336, 25.250828887665303 ], [ 55.308056597466127, 25.250835843514846 ], [ 55.308037985394463, 25.250832732521658 ], [ 55.308054243633336, 25.250828887665303 ] ] ], [ [ [ 55.309278816616811, 25.239976614855454 ], [ 55.309272043238927, 25.239919622141979 ], [ 55.30922712747472, 25.239919622141983 ], [ 55.309233900848035, 25.239976614857294 ], [ 55.309278816616811, 25.239976614855454 ] ] ], [ [ [ 55.3090201, 25.2546314 ], [ 55.3089617, 25.2546642 ], [ 55.309011035193883, 25.254741492449192 ], [ 55.309069335204683, 25.254708792443136 ], [ 55.3090201, 25.2546314 ] ] ], [ [ [ 55.309137295946314, 25.239919622141983 ], [ 55.309002548653694, 25.239874706377773 ], [ 55.309008757560271, 25.240020524217364 ], [ 55.309053673330688, 25.240065439979944 ], [ 55.309233336404269, 25.240065439973225 ], [ 55.30922712747472, 25.240009453670396 ], [ 55.309137295946314, 25.239919622141983 ] ] ], [ [ [ 55.309170203832529, 25.243675743015782 ], [ 55.3090432, 25.2434493 ], [ 55.3090141, 25.2434565 ], [ 55.309150103828088, 25.243712443032042 ], [ 55.30917920387688, 25.24370514300962 ], [ 55.309170203832529, 25.243675743015782 ] ] ], [ [ [ 55.309027386031765, 25.249710625207502 ], [ 55.309002548653694, 25.249621427210474 ], [ 55.308957632889488, 25.249621427210478 ], [ 55.308982470250804, 25.249710625214224 ], [ 55.309027386031765, 25.249710625207502 ] ] ], [ [ [ 55.309024563565586, 25.24948101431379 ], [ 55.309002548653694, 25.249441764153651 ], [ 55.308912717125281, 25.249441764153651 ], [ 55.308934732014642, 25.249525930090083 ], [ 55.309024563572784, 25.249525930078178 ], [ 55.309024563565586, 25.24948101431379 ] ] ], [ [ [ 55.30861806424106, 25.253743986320387 ], [ 55.308662980012151, 25.25369907055066 ], [ 55.308662980005685, 25.253654154786283 ], [ 55.308526903808428, 25.253414080478773 ], [ 55.308536711573886, 25.25335854373748 ], [ 55.308466154598612, 25.253232750704381 ], [ 55.308570445540134, 25.253249912931953 ], [ 55.308707331283671, 25.253653148365075 ], [ 55.308747263218315, 25.253653148367214 ], [ 55.308779512363017, 25.253710643560442 ], [ 55.308890312545152, 25.253678843474933 ], [ 55.308798212126405, 25.253416143538928 ], [ 55.30866297993947, 25.253192055364984 ], [ 55.308643222540049, 25.253079941054335 ], [ 55.308463559483222, 25.253079941054331 ], [ 55.308418643719143, 25.253148045420239 ], [ 55.3083831, 25.2531351 ], [ 55.308387439108884, 25.253166529225531 ], [ 55.3083502, 25.2531431 ], [ 55.3083468, 25.2531722 ], [ 55.308445269727983, 25.25334775787935 ], [ 55.308357713579447, 25.253299052964337 ], [ 55.3083019, 25.2531989 ], [ 55.308259, 25.2532177 ], [ 55.308294659817598, 25.253281688721593 ], [ 55.3081923, 25.2532535 ], [ 55.3081353, 25.253345 ], [ 55.308159152340259, 25.253395616056494 ], [ 55.3081218, 25.2534082 ], [ 55.308165434825952, 25.253503192531362 ], [ 55.308202706000344, 25.253488039351542 ], [ 55.308245983761807, 25.253574014576202 ], [ 55.308149149133783, 25.253574014460607 ], [ 55.308104233369576, 25.253618930224803 ], [ 55.308104233369576, 25.253663845989006 ], [ 55.308213822249598, 25.253788902132854 ], [ 55.308528232692431, 25.25378890209544 ], [ 55.30861806424106, 25.253743986320387 ] ] ], [ [ [ 55.308822885596868, 25.249351932625238 ], [ 55.308842642502185, 25.24938715714908 ], [ 55.308932474057272, 25.249387157138393 ], [ 55.308912717125281, 25.249262101096825 ], [ 55.308867801361075, 25.249262101096829 ], [ 55.308822885596868, 25.249307016861035 ], [ 55.308822885596868, 25.249351932625238 ] ] ], [ [ [ 55.308846029431606, 25.249572858696279 ], [ 55.308822885596868, 25.249486679917855 ], [ 55.308733054068455, 25.249486679917855 ], [ 55.308756197871944, 25.249572858708799 ], [ 55.308846029431606, 25.249572858696279 ] ] ], [ [ [ 55.308640813423736, 25.255144143701649 ], [ 55.308631189709295, 25.255091058994925 ], [ 55.308682413475886, 25.25511464366911 ], [ 55.308649728387714, 25.255026132372496 ], [ 55.308721513419876, 25.254973343635744 ], [ 55.3084222, 25.2544639 ], [ 55.3080022, 25.2546595 ], [ 55.308194826781786, 25.254991749861709 ], [ 55.3081331, 25.2549055 ], [ 55.308079075082254, 25.254937126391766 ], [ 55.30805931760537, 25.254876571622567 ], [ 55.308014401841163, 25.254876571622567 ], [ 55.308014401841163, 25.254921487386781 ], [ 55.30803415930739, 25.254956712028022 ], [ 55.30807627888781, 25.254956712023418 ], [ 55.308317812988257, 25.255340143953465 ], [ 55.308382213076349, 25.255302443903297 ], [ 55.308246458015738, 25.255063800668886 ], [ 55.308338812870971, 25.25516994393324 ], [ 55.308446513063018, 25.255155243850506 ], [ 55.308573346980694, 25.255082301064995 ], [ 55.308604613348983, 25.255138043729183 ], [ 55.308640813423736, 25.255144143701649 ] ] ], [ [ [ 55.307976334900644, 25.254499592553902 ], [ 55.30804643492467, 25.254549692546924 ], [ 55.30826573497076, 25.254470692524304 ], [ 55.308396434995892, 25.254404692510761 ], [ 55.308370095252251, 25.254316422220668 ], [ 55.308422187528066, 25.254287489982392 ], [ 55.308452750427513, 25.254340593701169 ], [ 55.3084072, 25.2543646 ], [ 55.308573148599187, 25.254687217377651 ], [ 55.308647113099084, 25.254780043687909 ], [ 55.308718613199069, 25.254740543632263 ], [ 55.308687870726743, 25.254687217371782 ], [ 55.308707895931818, 25.254687217361621 ], [ 55.308688138304248, 25.254562161273135 ], [ 55.308643222540049, 25.254517245508929 ], [ 55.308593868703703, 25.254521683583249 ], [ 55.308553391011635, 25.254382498216302 ], [ 55.308518497261012, 25.254382498222796 ], [ 55.3084366, 25.2542402 ], [ 55.308410979662973, 25.254254514855898 ], [ 55.308269, 25.2540104 ], [ 55.3081959, 25.254051 ], [ 55.308246039045258, 25.254137207510464 ], [ 55.308206, 25.2541074 ], [ 55.3078599, 25.2543084 ], [ 55.307976334900644, 25.254499592553902 ] ] ], [ [ [ 55.308541207952857, 25.249432543637777 ], [ 55.3084142, 25.2492061 ], [ 55.308114376328724, 25.248932622727285 ], [ 55.308274306944213, 25.248892543828596 ], [ 55.308249266577448, 25.248810789362864 ], [ 55.308269434273321, 25.248805092505396 ], [ 55.308068949484387, 25.248315517911166 ], [ 55.308145638852125, 25.248296449263982 ], [ 55.3082542, 25.2486422 ], [ 55.308381207126182, 25.248868643746277 ], [ 55.308554707415119, 25.248822943612506 ], [ 55.30849852804792, 25.248648376644191 ], [ 55.308561858176851, 25.248648376635277 ], [ 55.30856185817408, 25.248603460871003 ], [ 55.308508475247429, 25.248543448869533 ], [ 55.308464760129091, 25.248543448869711 ], [ 55.308314463195757, 25.248199653991648 ], [ 55.308335706370109, 25.248144643763304 ], [ 55.308262705957915, 25.247849443811873 ], [ 55.3081357, 25.247623 ], [ 55.3075266, 25.2477783 ], [ 55.3076159, 25.2480864 ], [ 55.307774192502166, 25.248334731089894 ], [ 55.307755, 25.2484396 ], [ 55.3078188, 25.2486479 ], [ 55.307945806300339, 25.248874344079294 ], [ 55.308055190611142, 25.248938106013131 ], [ 55.307738, 25.2490215 ], [ 55.3079482, 25.2496586 ], [ 55.308075207481593, 25.249885044005161 ], [ 55.308646808457915, 25.249760843565095 ], [ 55.308541207952857, 25.249432543637777 ] ] ], [ [ [ 55.308650560747701, 25.248421784978337 ], [ 55.308643222540049, 25.248363785812707 ], [ 55.308553391011635, 25.248363785812707 ], [ 55.308560729209375, 25.248421784982312 ], [ 55.308650560747701, 25.248421784978337 ] ] ], [ [ [ 55.308463559483222, 25.24822903852009 ], [ 55.308470897663867, 25.248287037693466 ], [ 55.308560729202178, 25.248287037689501 ], [ 55.308553391011635, 25.248184122755884 ], [ 55.308508475247429, 25.248184122755884 ], [ 55.308463559483222, 25.24822903852009 ] ] ], [ [ [ 55.308668250495472, 25.239721699538311 ], [ 55.3085627, 25.2395335 ], [ 55.3085104, 25.2395284 ], [ 55.308501, 25.2396072 ], [ 55.308606550454215, 25.239795399579005 ], [ 55.308658850541065, 25.239800499545886 ], [ 55.308668250495472, 25.239721699538311 ] ] ], [ [ [ 55.308514684473174, 25.248105361802594 ], [ 55.308508475247429, 25.248049375463268 ], [ 55.308463559483222, 25.248049375463268 ], [ 55.308469768704775, 25.248105361804271 ], [ 55.308514684473174, 25.248105361802594 ] ] ], [ [ [ 55.308508475247429, 25.247869712406438 ], [ 55.308418643719016, 25.247869712406438 ], [ 55.308424852928262, 25.247925698748919 ], [ 55.308514684465059, 25.247925698745558 ], [ 55.308508475247429, 25.247869712406438 ] ] ], [ [ [ 55.3083452, 25.2336414 ], [ 55.3074161, 25.2341018 ], [ 55.307366, 25.2341962 ], [ 55.307420532319533, 25.23469869254572 ], [ 55.307509832348288, 25.234747692536786 ], [ 55.308675632572012, 25.23415649241608 ], [ 55.3083452, 25.2336414 ] ] ], [ [ [ 55.308094, 25.2308916 ], [ 55.30814522421479, 25.230982940753332 ], [ 55.3081245, 25.2309594 ], [ 55.3079909, 25.2310671 ], [ 55.308086962175068, 25.231214573639608 ], [ 55.308119433338, 25.231191215516898 ], [ 55.308226262360215, 25.231356473591568 ], [ 55.30832076247497, 25.231427573558697 ], [ 55.308439651475148, 25.231320692476796 ], [ 55.308458762561223, 25.231342673508518 ], [ 55.308499162584816, 25.231313973493787 ], [ 55.30848412250036, 25.231287154933966 ], [ 55.308498662579879, 25.231303573493843 ], [ 55.308532762599896, 25.231279573481412 ], [ 55.308474252552884, 25.23117524190797 ], [ 55.308578062654604, 25.231312973465641 ], [ 55.308610962674237, 25.231290573453652 ], [ 55.308577195176241, 25.231230361410194 ], [ 55.308642762658067, 25.231187373441141 ], [ 55.308582458908766, 25.231062972597961 ], [ 55.308709862625925, 25.230974173414776 ], [ 55.308629950613479, 25.230844285738598 ], [ 55.308674932159683, 25.230809292405201 ], [ 55.3086262, 25.2307457 ], [ 55.3084957, 25.2308473 ], [ 55.308529638863504, 25.230895411186321 ], [ 55.3084737, 25.2309344 ], [ 55.308498012235511, 25.230977752204737 ], [ 55.308406464326197, 25.2310234788558 ], [ 55.308364430496269, 25.230958122386436 ], [ 55.30843103211074, 25.230915592430392 ], [ 55.3084004, 25.2308441 ], [ 55.3083173, 25.230773 ], [ 55.308292919067192, 25.230789432762275 ], [ 55.3082233, 25.2306507 ], [ 55.3081407, 25.2305794 ], [ 55.3080401, 25.2306467 ], [ 55.308083004276675, 25.230723205227758 ], [ 55.3080551, 25.2306934 ], [ 55.3080236, 25.2307175 ], [ 55.308125747122133, 25.230868980177533 ], [ 55.308094, 25.2308916 ] ], [ [ 55.308415837735573, 25.231106601040718 ], [ 55.308423233788041, 25.231101945030758 ], [ 55.308444804718597, 25.231140409086585 ], [ 55.308415837735573, 25.231106601040718 ] ], [ [ 55.3083136, 25.2311382 ], [ 55.308344575144638, 25.231193433204144 ], [ 55.3082656, 25.2311063 ], [ 55.308252046361133, 25.231116349252151 ], [ 55.308243165874934, 25.231100514018774 ], [ 55.308299832095699, 25.231064392444249 ], [ 55.308258397735564, 25.23100607263391 ], [ 55.308283132086586, 25.231024892445824 ], [ 55.308314132091475, 25.23100059244258 ], [ 55.308199364142688, 25.230862364419721 ], [ 55.308221171654637, 25.230847303755208 ], [ 55.308323942127046, 25.230943956373117 ], [ 55.308393394406615, 25.231093686382806 ], [ 55.3083663, 25.2311127 ], [ 55.3083833711121, 25.231143140267282 ], [ 55.3083541, 25.2311094 ], [ 55.3083136, 25.2311382 ] ] ], [ [ [ 55.308470333161807, 25.247747042106219 ], [ 55.308463559483222, 25.247690049349611 ], [ 55.308418643719016, 25.247690049349611 ], [ 55.308425417393025, 25.247747042108049 ], [ 55.308470333161807, 25.247747042106219 ] ] ], [ [ [ 55.307963734343772, 25.240321148659923 ], [ 55.308052234548967, 25.240417548607997 ], [ 55.308536433262084, 25.24004679244954 ], [ 55.3082469, 25.2397182 ], [ 55.308212291797517, 25.239744071713858 ], [ 55.3081136, 25.2395681 ], [ 55.3074156, 25.2387625 ], [ 55.307385247079985, 25.238784693943135 ], [ 55.3069821, 25.2382798 ], [ 55.3064959, 25.2386321 ], [ 55.306622894521105, 25.238858544844287 ], [ 55.306999195631583, 25.239283444567207 ], [ 55.307032995191221, 25.239258955359261 ], [ 55.307243701805291, 25.239496346367996 ], [ 55.30727030053631, 25.239477030648015 ], [ 55.307508814900757, 25.239741875759169 ], [ 55.307632797468266, 25.23996294409972 ], [ 55.307777797897181, 25.240127743992964 ], [ 55.307856577124994, 25.240076276320458 ], [ 55.3078249, 25.2401005 ], [ 55.307963734343772, 25.240321148659923 ] ], [ [ 55.307995318163357, 25.240256191053387 ], [ 55.307879959582451, 25.240072092412547 ], [ 55.308029587136431, 25.239964999016607 ], [ 55.308056426004583, 25.240012853862726 ], [ 55.307995318163357, 25.240256191053387 ] ], [ [ 55.307626433663529, 25.239617256309643 ], [ 55.307644087481357, 25.239636886744801 ], [ 55.307639354953281, 25.23964029575345 ], [ 55.307626433663529, 25.239617256309643 ] ], [ [ 55.307200159946056, 25.239137837169071 ], [ 55.30722178591018, 25.239122168177854 ], [ 55.307435941700085, 25.239402714082065 ], [ 55.3072861, 25.2392347 ], [ 55.307200159946056, 25.239137837169071 ] ] ], [ [ [ 55.3073144, 25.2516107 ], [ 55.307728009074864, 25.252325544330517 ], [ 55.307830104599446, 25.252276496007884 ], [ 55.3078593, 25.25248 ], [ 55.308090810286082, 25.252886444066874 ], [ 55.308210910539323, 25.252912343975673 ], [ 55.308348110735338, 25.252841043869015 ], [ 55.3081096, 25.2523717 ], [ 55.3079825, 25.2521673 ], [ 55.307951863113303, 25.252182345269532 ], [ 55.3075543, 25.2514954 ], [ 55.3073144, 25.2516107 ] ] ], [ [ [ 55.3085956, 25.2306629 ], [ 55.3085537, 25.2306935 ], [ 55.308593432131552, 25.230749192413313 ], [ 55.308635332138429, 25.23071849240894 ], [ 55.3085956, 25.2306629 ] ] ], [ [ [ 55.308335021381318, 25.247701119930962 ], [ 55.308283896426396, 25.247645133585419 ], [ 55.308238980662196, 25.247645133585412 ], [ 55.308245189848584, 25.247790951462843 ], [ 55.308335021385375, 25.247790951459478 ], [ 55.308335021381318, 25.247701119930962 ] ] ], [ [ [ 55.308338972655164, 25.24730392296761 ], [ 55.308328812190602, 25.247240891707555 ], [ 55.308238980662196, 25.247240891707563 ], [ 55.308249141113045, 25.247303922973106 ], [ 55.308338972655164, 25.24730392296761 ] ] ], [ [ [ 55.3079695, 25.2527308 ], [ 55.3079452, 25.2527438 ], [ 55.308226921291755, 25.253238888034439 ], [ 55.3082512213605, 25.253225887996642 ], [ 55.3079695, 25.2527308 ] ] ], [ [ [ 55.30856023211247, 25.230662792416407 ], [ 55.3085094, 25.2305932 ], [ 55.3083404, 25.2307121 ], [ 55.308391232084134, 25.230781692434007 ], [ 55.30856023211247, 25.230662792416407 ] ] ], [ [ [ 55.307464366258976, 25.253769146962288 ], [ 55.307464366236822, 25.253679315433274 ], [ 55.307385581142277, 25.25352909869639 ], [ 55.307161002321251, 25.25352909869639 ], [ 55.306936423500218, 25.253663845989006 ], [ 55.3069405, 25.2538217 ], [ 55.307059592274491, 25.254030676781614 ], [ 55.306997, 25.254074 ], [ 55.3069583, 25.2541544 ], [ 55.307140209938126, 25.254473144832691 ], [ 55.307248510166168, 25.254496144750441 ], [ 55.30741173822426, 25.254415386379506 ], [ 55.3072864, 25.2544932 ], [ 55.3074981, 25.2549573 ], [ 55.307679511701615, 25.255266744439794 ], [ 55.307866512175181, 25.255392744299879 ], [ 55.307939012326187, 25.255406344244776 ], [ 55.308135912547357, 25.255238944090092 ], [ 55.3079159, 25.2548704 ], [ 55.307887979710664, 25.254865276892883 ], [ 55.307916711619342, 25.2546879442442 ], [ 55.3076818138587, 25.25428176367727 ], [ 55.307741766623927, 25.254252101319359 ], [ 55.307906511460338, 25.254537044248295 ], [ 55.307964211543592, 25.254507944203464 ], [ 55.3077742, 25.2541793 ], [ 55.307729209877401, 25.254201989995725 ], [ 55.3074798, 25.2537635 ], [ 55.307342405103618, 25.25383494534621 ], [ 55.307321254845576, 25.253797769425987 ], [ 55.307464366258976, 25.253769146962288 ] ] ], [ [ [ 55.308208176575782, 25.246816894486333 ], [ 55.308194064897982, 25.246746818301293 ], [ 55.308149149133783, 25.246746818301297 ], [ 55.308163260802061, 25.246816894490149 ], [ 55.308208176575782, 25.246816894486333 ] ] ], [ [ [ 55.30805931760537, 25.245534092667729 ], [ 55.308099394336978, 25.245605548282725 ], [ 55.308189225919492, 25.245605548261057 ], [ 55.308189225906389, 25.245560632496503 ], [ 55.308104233369576, 25.245444261139323 ], [ 55.30805931760537, 25.245444261139323 ], [ 55.30805931760537, 25.245534092667729 ] ] ], [ [ [ 55.308388532045868, 25.230476392433289 ], [ 55.3083371, 25.2304074 ], [ 55.3082915, 25.2304406 ], [ 55.308342932038357, 25.230509592438043 ], [ 55.308388532045868, 25.230476392433289 ] ] ], [ [ [ 55.307998772936998, 25.247256517161375 ], [ 55.308059305007532, 25.247241243952441 ], [ 55.307913504274161, 25.246748844051822 ], [ 55.307862430053852, 25.246657780662243 ], [ 55.307714403360073, 25.246170944189824 ], [ 55.3075874, 25.2459445 ], [ 55.3074458, 25.2459797 ], [ 55.307644458751689, 25.246559635542479 ], [ 55.307608021180279, 25.246569187479292 ], [ 55.307497202989779, 25.246218844357024 ], [ 55.3073702, 25.2459924 ], [ 55.3069843, 25.2460923 ], [ 55.307397003463137, 25.247225989341835 ], [ 55.3073552, 25.2472367 ], [ 55.307518633950323, 25.247734792578427 ], [ 55.308100234079326, 25.247580492518637 ], [ 55.307998772936998, 25.247256517161375 ] ] ], [ [ [ 55.307957911647883, 25.254633744211361 ], [ 55.3077738, 25.2543146 ], [ 55.3077431, 25.2543301 ], [ 55.307927211603612, 25.254649244235225 ], [ 55.307957911647883, 25.254633744211361 ] ] ], [ [ [ 55.30792457031275, 25.24521968231829 ], [ 55.308014642811337, 25.245345111472915 ], [ 55.308059558606018, 25.245345111460701 ], [ 55.308059558576502, 25.245255279931509 ], [ 55.308014401841163, 25.245174766554076 ], [ 55.30792457031275, 25.245174766554076 ], [ 55.30792457031275, 25.24521968231829 ] ] ], [ [ [ 55.3081678, 25.2314157 ], [ 55.308205432121653, 25.231470192455191 ], [ 55.308249032129005, 25.231439892450656 ], [ 55.3082114, 25.2313853 ], [ 55.3081678, 25.2314157 ] ] ], [ [ [ 55.3081296, 25.2329127 ], [ 55.30815782048446, 25.232963020775792 ], [ 55.308196720500824, 25.23296242076918 ], [ 55.308168, 25.2328901 ], [ 55.3081291, 25.2328907 ], [ 55.3081296, 25.2329127 ] ] ], [ [ [ 55.307933234397396, 25.250506092545233 ], [ 55.307797, 25.2500823 ], [ 55.3076975, 25.2501069 ], [ 55.307833834375117, 25.250530692555444 ], [ 55.307933234397396, 25.250506092545233 ] ] ], [ [ [ 55.307976500442301, 25.245132609671245 ], [ 55.30792457031275, 25.244995103497256 ], [ 55.307879654548543, 25.24499510349726 ], [ 55.307931584643043, 25.245132609685275 ], [ 55.307976500442301, 25.245132609671245 ] ] ], [ [ [ 55.307879006961002, 25.249727044151289 ], [ 55.3077349, 25.2494362 ], [ 55.3076846, 25.2494471 ], [ 55.307828806875342, 25.24973804418994 ], [ 55.307879006961002, 25.249727044151289 ] ] ], [ [ [ 55.307898281839883, 25.24655545126982 ], [ 55.307879654548543, 25.24647732371605 ], [ 55.307834738784337, 25.246477323716057 ], [ 55.307853366063092, 25.246555451274851 ], [ 55.307898281839883, 25.24655545126982 ] ] ], [ [ [ 55.3075337, 25.2490237 ], [ 55.3073845, 25.2490612 ], [ 55.3076139, 25.2498083 ], [ 55.30763083423814, 25.249838492573872 ], [ 55.307757375286414, 25.249806660005511 ], [ 55.3077667, 25.2498443 ], [ 55.3076944, 25.2498585 ], [ 55.3077051, 25.2499033 ], [ 55.307722034273063, 25.249933492564889 ], [ 55.307794334289724, 25.249919392557473 ], [ 55.307783634281471, 25.249874492558423 ], [ 55.307845434295665, 25.249861992552074 ], [ 55.307829034283323, 25.249795792553531 ], [ 55.3078121, 25.2497656 ], [ 55.307766898872487, 25.249774742625707 ], [ 55.3075337, 25.2490237 ] ] ], [ [ [ 55.307354186156822, 25.252423639750241 ], [ 55.307285432961756, 25.252458214065737 ], [ 55.3069073, 25.251785 ], [ 55.3068622, 25.2517785 ], [ 55.3066812, 25.2518715 ], [ 55.30666, 25.2519076 ], [ 55.30702886561761, 25.25256273672715 ], [ 55.306964262645678, 25.252595528144433 ], [ 55.3066441, 25.2520829 ], [ 55.30661155688793, 25.252099424126822 ], [ 55.3065563, 25.2520039 ], [ 55.3065248, 25.2520199 ], [ 55.306580077444039, 25.252115408152903 ], [ 55.3065088, 25.2521516 ], [ 55.306606616231818, 25.252321024374893 ], [ 55.3065205, 25.2523653 ], [ 55.306725974082511, 25.252716479133198 ], [ 55.30655, 25.2528058 ], [ 55.306649834375065, 25.252975392684149 ], [ 55.30679824605609, 25.252899907389622 ], [ 55.306827618711289, 25.252947494126879 ], [ 55.3067677, 25.2529464 ], [ 55.3066687, 25.2529961 ], [ 55.306947708643371, 25.253470244955246 ], [ 55.30724120906757, 25.25332294472722 ], [ 55.3069956, 25.252903 ], [ 55.306869671370386, 25.25294826200178 ], [ 55.307028034457794, 25.252865492645238 ], [ 55.306989324560107, 25.252802720486251 ], [ 55.307252834490761, 25.252668692621675 ], [ 55.307201868691038, 25.252585600868606 ], [ 55.307247899735074, 25.252563097201154 ], [ 55.307614209631787, 25.253162944438088 ], [ 55.307712309774146, 25.253114344361887 ], [ 55.307738009753976, 25.253039444340395 ], [ 55.307440631377759, 25.252475632541149 ], [ 55.307663508981683, 25.252357944380623 ], [ 55.3072359, 25.2515903 ], [ 55.3069614, 25.2517215 ], [ 55.307354186156822, 25.252423639750241 ] ] ], [ [ [ 55.307843697367069, 25.245090375535742 ], [ 55.3077217, 25.2448434 ], [ 55.307695, 25.2448518 ], [ 55.307817097338017, 25.245098775549614 ], [ 55.307843697367069, 25.245090375535742 ] ] ], [ [ [ 55.308030332055353, 25.231293392472452 ], [ 55.3079749, 25.2312198 ], [ 55.3079078, 25.2312134 ], [ 55.3078543, 25.2312523 ], [ 55.307939532040379, 25.231359392481917 ], [ 55.308030332055353, 25.231293392472452 ] ] ], [ [ [ 55.3068588, 25.2472478 ], [ 55.306885101588001, 25.247294695415675 ], [ 55.3068426, 25.2473051 ], [ 55.3069883, 25.2477918 ], [ 55.3071321, 25.2482253 ], [ 55.307235176079892, 25.248409080980821 ], [ 55.3072047, 25.248452 ], [ 55.307252933988721, 25.24859509260833 ], [ 55.307273827689194, 25.248590015092095 ], [ 55.307299834007509, 25.248650692603718 ], [ 55.307358310572624, 25.248637914718568 ], [ 55.307475805364533, 25.24883254443758 ], [ 55.30774540581853, 25.248766944229864 ], [ 55.307699705589229, 25.248613244261019 ], [ 55.307583244584578, 25.248405600471784 ], [ 55.307639005238784, 25.248359444301204 ], [ 55.30708910248984, 25.246520744676385 ], [ 55.306868501439574, 25.245839844828271 ], [ 55.3067415, 25.2456134 ], [ 55.3063697, 25.2457037 ], [ 55.306592412977089, 25.246386346474512 ], [ 55.3065681, 25.2463924 ], [ 55.3066666, 25.2467161 ], [ 55.306737670589087, 25.246842818849917 ], [ 55.3068588, 25.2472478 ] ] ], [ [ [ 55.307905617448604, 25.233767541838553 ], [ 55.307950533230326, 25.233767541831536 ], [ 55.307950533213365, 25.233677710302683 ], [ 55.30792457031275, 25.233631415153152 ], [ 55.307879654548543, 25.233631415153145 ], [ 55.307905617448604, 25.233767541838553 ] ] ], [ [ [ 55.307744907255923, 25.245444261139319 ], [ 55.307699991491724, 25.245444261139316 ], [ 55.307655075727517, 25.245489176903522 ], [ 55.30769232992629, 25.245600516288089 ], [ 55.307737245715636, 25.245600516278028 ], [ 55.30778216149281, 25.24555560050343 ], [ 55.307744907255923, 25.245444261139319 ] ] ], [ [ [ 55.3074268, 25.2353578 ], [ 55.30744373241032, 25.235387992545608 ], [ 55.307917332528852, 25.235372292497317 ], [ 55.30790513245779, 25.234820392496758 ], [ 55.3078671, 25.2347716 ], [ 55.307475, 25.2349201 ], [ 55.3074359, 25.2349675 ], [ 55.3074055, 25.2350416 ], [ 55.3074268, 25.2353578 ] ] ], [ [ [ 55.307947146415181, 25.231650462407039 ], [ 55.307879654548543, 25.231565289999672 ], [ 55.30778982302013, 25.231565289999672 ], [ 55.307610159963311, 25.231700037292288 ], [ 55.307610159963311, 25.231744953056491 ], [ 55.307632735981237, 25.231785209742942 ], [ 55.307857314878419, 25.231785209712438 ], [ 55.307947146422556, 25.231695378171437 ], [ 55.307947146415181, 25.231650462407039 ] ] ], [ [ [ 55.306062628666105, 25.248531622589766 ], [ 55.306165002756352, 25.248717845436765 ], [ 55.306209664823868, 25.248732137380994 ], [ 55.306380145501073, 25.249220052254138 ], [ 55.3063543, 25.2492265 ], [ 55.3064843, 25.2496861 ], [ 55.306637215040062, 25.249927706433439 ], [ 55.306396936445807, 25.249986298077307 ], [ 55.306325640978045, 25.249796804747177 ], [ 55.306388804161934, 25.249776445291733 ], [ 55.306203003243198, 25.249166145418744 ], [ 55.3059604, 25.2487304 ], [ 55.3057331, 25.2487875 ], [ 55.3057834, 25.2489513 ], [ 55.30593012728982, 25.249215999799418 ], [ 55.30606572054527, 25.249662665756311 ], [ 55.3060003, 25.2496791 ], [ 55.306048453148804, 25.24983590887074 ], [ 55.30583, 25.2494743 ], [ 55.3056027, 25.2495313 ], [ 55.305653, 25.2496951 ], [ 55.305914603586913, 25.25013374566301 ], [ 55.306141903968062, 25.250076645487848 ], [ 55.306093750580068, 25.249919836659323 ], [ 55.306177604029465, 25.250069345460382 ], [ 55.306324922097289, 25.250043422654056 ], [ 55.306377546061455, 25.250230359646633 ], [ 55.306352518565539, 25.250205332145146 ], [ 55.306217771272919, 25.250205332145153 ], [ 55.306217771272919, 25.250295163673563 ], [ 55.30645388113696, 25.250755132116378 ], [ 55.30649879693928, 25.250755132101119 ], [ 55.306498796931372, 25.250732378609083 ], [ 55.306548638011577, 25.250837067272716 ], [ 55.3065182, 25.2508701 ], [ 55.306535134090105, 25.250900292689039 ], [ 55.306567334101288, 25.250924492685847 ], [ 55.306597834104984, 25.250891492682623 ], [ 55.306548753401941, 25.250837040300237 ], [ 55.306617834101374, 25.250820892680348 ], [ 55.306611709966525, 25.250758668206341 ], [ 55.306731105920015, 25.250971545059443 ], [ 55.306834347248909, 25.250948685801919 ], [ 55.306963106558428, 25.251183044887267 ], [ 55.307268307069066, 25.251105144652026 ], [ 55.307198209220395, 25.250897450843958 ], [ 55.30727260686762, 25.250878344643169 ], [ 55.307192671339209, 25.250689396955238 ], [ 55.307256906648526, 25.250673744650143 ], [ 55.307414006831969, 25.250547744526937 ], [ 55.307408767191674, 25.250513101569858 ], [ 55.307429724157494, 25.250508081408764 ], [ 55.307478106997408, 25.250594344479079 ], [ 55.307538007098451, 25.250579944432921 ], [ 55.307445506630408, 25.25026464449591 ], [ 55.307165972281275, 25.249810669960734 ], [ 55.307109945192778, 25.249608174410351 ], [ 55.307229505808309, 25.249821344650151 ], [ 55.30726383857769, 25.249812841594331 ], [ 55.307385581142569, 25.249995509474132 ], [ 55.307385581142277, 25.250070584852534 ], [ 55.307451253523602, 25.250149085599951 ], [ 55.3074905, 25.2502854 ], [ 55.30761750718726, 25.250511844370479 ], [ 55.30768150729557, 25.25049684432118 ], [ 55.307572906739487, 25.250119544394945 ], [ 55.3074459, 25.2498931 ], [ 55.307400369723773, 25.249903842302825 ], [ 55.307383945494067, 25.249874558928408 ], [ 55.307426787658855, 25.249874558917472 ], [ 55.307398639084141, 25.249779456017098 ], [ 55.307466906139581, 25.249689444465425 ], [ 55.307262421536244, 25.249177305546119 ], [ 55.307276605259354, 25.249130144597164 ], [ 55.307180252822477, 25.248908286499919 ], [ 55.307188704771477, 25.248783844655851 ], [ 55.3070097, 25.2484919 ], [ 55.3065269, 25.2485978 ], [ 55.30657397480681, 25.248773604637183 ], [ 55.3064433, 25.2485899 ], [ 55.306285007476255, 25.248624649282831 ], [ 55.3061801, 25.2484376 ], [ 55.306146686225333, 25.248447048992798 ], [ 55.3060475, 25.2482702 ], [ 55.306018529329307, 25.248275884124364 ], [ 55.305979001858645, 25.248130645564498 ], [ 55.305852, 25.2479042 ], [ 55.305812068090766, 25.247913071345636 ], [ 55.3057961, 25.247884599999988 ], [ 55.3056966, 25.2479067 ], [ 55.305704801076807, 25.247936901919974 ], [ 55.3056697, 25.2479447 ], [ 55.3057431, 25.2482145 ], [ 55.3058582, 25.2484866 ], [ 55.306045802580933, 25.248774245529269 ], [ 55.306125902718307, 25.248757445467625 ], [ 55.306062628666105, 25.248531622589766 ] ], [ [ 55.307338902883629, 25.249794250693888 ], [ 55.307340665378142, 25.249793814182819 ], [ 55.307340665378113, 25.249797393116459 ], [ 55.307338902883629, 25.249794250693888 ] ], [ [ 55.307079180323456, 25.249517906257609 ], [ 55.30709254381803, 25.249562028041016 ], [ 55.307069195848506, 25.249520399729121 ], [ 55.307079180323456, 25.249517906257609 ] ], [ [ 55.306803904846674, 25.249659944971548 ], [ 55.306771373281556, 25.249601942472601 ], [ 55.30679369269378, 25.249596376294832 ], [ 55.306923475088496, 25.249857901674719 ], [ 55.30686351004146, 25.249872524256336 ], [ 55.306803904846674, 25.249659944971548 ] ], [ [ 55.306766407301104, 25.249382181656475 ], [ 55.306777010301488, 25.249401086426406 ], [ 55.306772536969014, 25.249402259172214 ], [ 55.306766407301104, 25.249382181656475 ] ], [ [ 55.306725787270537, 25.24930960413473 ], [ 55.306733694567072, 25.249307558484187 ], [ 55.306744497349918, 25.249342963574225 ], [ 55.306725787270537, 25.24930960413473 ] ], [ [ 55.306689713685451, 25.249144673857248 ], [ 55.306675123365416, 25.249098585397331 ], [ 55.30669959016241, 25.249142208972629 ], [ 55.306689713685451, 25.249144673857248 ] ], [ [ 55.306657566185052, 25.249060249621884 ], [ 55.30666190885956, 25.24907430984133 ], [ 55.30664382817055, 25.249042072472818 ], [ 55.306651405121272, 25.249040302022507 ], [ 55.306657566185052, 25.249060249621884 ] ], [ [ 55.306623273083531, 25.248880205035594 ], [ 55.306620416169778, 25.248868947908047 ], [ 55.306626300863961, 25.248879440174569 ], [ 55.306623273083531, 25.248880205035594 ] ], [ [ 55.306523374272977, 25.250639262644672 ], [ 55.306498796898545, 25.250645007605133 ], [ 55.306498796878174, 25.250595442204837 ], [ 55.306523374272977, 25.250639262644672 ] ], [ [ 55.306322008215822, 25.250033071608506 ], [ 55.306322007489172, 25.250033069885266 ], [ 55.306322007714769, 25.250033069828593 ], [ 55.306322008215822, 25.250033071608506 ] ], [ [ 55.306046239797567, 25.248475453916615 ], [ 55.306034170785701, 25.248434090421412 ], [ 55.306055846040628, 25.248472737401471 ], [ 55.306046239797567, 25.248475453916615 ] ] ], [ [ [ 55.307748258665065, 25.230669552121022 ], [ 55.3076652, 25.2307255 ], [ 55.307735131922016, 25.230820192500964 ], [ 55.307935531955735, 25.230680092480096 ], [ 55.3077887, 25.2305004 ], [ 55.3077179, 25.2305507 ], [ 55.307734831892482, 25.230580892500214 ], [ 55.307787994427713, 25.230642786284896 ], [ 55.307786133158224, 25.230644040028416 ], [ 55.307698, 25.2305424 ], [ 55.3076657, 25.2305661 ], [ 55.307748258665065, 25.230669552121022 ] ] ], [ [ [ 55.3074545, 25.2529383 ], [ 55.3073494, 25.2527694 ], [ 55.3070984, 25.2528972 ], [ 55.307334009212759, 25.253288344655399 ], [ 55.307581509571023, 25.253164744463135 ], [ 55.3074545, 25.2529383 ] ] ], [ [ [ 55.307699991491724, 25.233676330917355 ], [ 55.307725954321711, 25.233767541866616 ], [ 55.307815785885154, 25.233767541852586 ], [ 55.30778982302013, 25.233676330917355 ], [ 55.307699991491724, 25.233676330917355 ] ] ], [ [ [ 55.3075132, 25.2489215 ], [ 55.307541534108879, 25.248974092580152 ], [ 55.307567834114231, 25.248963192577438 ], [ 55.3075395, 25.2489105 ], [ 55.3075132, 25.2489215 ] ] ], [ [ [ 55.3074898, 25.2434073 ], [ 55.3074513, 25.2434153 ], [ 55.3074601, 25.2434499 ], [ 55.307587100811894, 25.243676344225868 ], [ 55.307625600878076, 25.243668444196249 ], [ 55.3074898, 25.2434073 ] ] ], [ [ [ 55.307477913016825, 25.250918692108549 ], [ 55.307430496906484, 25.250789237079832 ], [ 55.307385581142277, 25.250789237079829 ], [ 55.307432997220609, 25.250918692121363 ], [ 55.307477913016825, 25.250918692108549 ] ] ], [ [ [ 55.307753061753772, 25.230926573755344 ], [ 55.3076401, 25.2307602 ], [ 55.3075082, 25.2308557 ], [ 55.307639061702147, 25.231042273797307 ], [ 55.307753061753772, 25.230926573755344 ] ] ], [ [ [ 55.30752677747482, 25.243739214688457 ], [ 55.307475412670691, 25.243647630571079 ], [ 55.307430496906484, 25.24364763057109 ], [ 55.307481861692736, 25.243784130466995 ], [ 55.30752677749161, 25.243784130453108 ], [ 55.30752677747482, 25.243739214688457 ] ] ], [ [ [ 55.307418434077867, 25.248976692592702 ], [ 55.3074015, 25.2489465 ], [ 55.3073611, 25.2489542 ], [ 55.307386734075379, 25.249021992596077 ], [ 55.307427134084719, 25.249014292591941 ], [ 55.307418434077867, 25.248976692592702 ] ] ], [ [ [ 55.307565244199104, 25.233811078209968 ], [ 55.307591771402286, 25.233858379834025 ], [ 55.307636687184392, 25.233858379826859 ], [ 55.307610159963311, 25.233766162445768 ], [ 55.307565244199104, 25.233766162445765 ], [ 55.307565244199104, 25.233811078209968 ] ] ], [ [ [ 55.307343, 25.2488748 ], [ 55.307365834058054, 25.248924492597894 ], [ 55.307411634068316, 25.248913192593193 ], [ 55.307365785513738, 25.248860496344239 ], [ 55.307401534058158, 25.24885169259402 ], [ 55.3073741, 25.2487866 ], [ 55.3073205, 25.2487998 ], [ 55.307343, 25.2488748 ] ] ], [ [ [ 55.307661031887228, 25.230690692508087 ], [ 55.3076144, 25.2306276 ], [ 55.307512, 25.2307035 ], [ 55.307558731870571, 25.230766592518766 ], [ 55.307661031887228, 25.230690692508087 ] ] ], [ [ [ 55.307479039354639, 25.243509603784471 ], [ 55.307430496906484, 25.24342305175005 ], [ 55.307385581142277, 25.243423051750053 ], [ 55.307434123573529, 25.243554519562213 ], [ 55.307479039370499, 25.243554519549093 ], [ 55.307479039354639, 25.243509603784471 ] ] ], [ [ [ 55.307432994741006, 25.243732169782518 ], [ 55.307385581142277, 25.243647630571086 ], [ 55.307295749613864, 25.243647630571076 ], [ 55.307343163164084, 25.243777085572766 ], [ 55.307432994756503, 25.243777085547134 ], [ 55.307432994741006, 25.243732169782518 ] ] ], [ [ [ 55.307486361661539, 25.23126347385428 ], [ 55.307551561745001, 25.23132247383171 ], [ 55.307592461775371, 25.231308473816963 ], [ 55.3074835, 25.2311199 ], [ 55.3074271, 25.2311578 ], [ 55.307486361661539, 25.23126347385428 ] ] ], [ [ [ 55.307591131777272, 25.229941892512752 ], [ 55.3075179, 25.2298459 ], [ 55.3073469, 25.2299658 ], [ 55.307420131748536, 25.230061692530565 ], [ 55.307591131777272, 25.229941892512752 ] ] ], [ [ [ 55.3075331, 25.2307867 ], [ 55.3074609, 25.2307032 ], [ 55.3074077, 25.2307409 ], [ 55.307496831865656, 25.230854592525347 ], [ 55.307550031874541, 25.230816892519808 ], [ 55.3075331, 25.2307867 ] ] ], [ [ [ 55.307367756518182, 25.231928008417125 ], [ 55.307502503856782, 25.231883092630717 ], [ 55.307475412670691, 25.231789868820702 ], [ 55.307116086557045, 25.231789868820702 ], [ 55.306685514420117, 25.231834412078722 ], [ 55.30665170000001, 25.2317946 ], [ 55.306577977437193, 25.231800032194236 ], [ 55.306712161069569, 25.231488974132851 ], [ 55.30669116092519, 25.231197274136989 ], [ 55.3066319, 25.2310916 ], [ 55.3065546, 25.2310167 ], [ 55.306434090209059, 25.231013374199517 ], [ 55.306485160654795, 25.230995274208102 ], [ 55.3064058, 25.2308029 ], [ 55.3059805, 25.230895 ], [ 55.306041147094597, 25.231060581437021 ], [ 55.3057472, 25.2315532 ], [ 55.305883760479809, 25.231831674432073 ], [ 55.305959659413297, 25.231909499805777 ], [ 55.305813529395067, 25.231924616113325 ], [ 55.305840619931431, 25.232017840194871 ], [ 55.305975367287729, 25.232062755937356 ], [ 55.306649104024991, 25.232062755827563 ], [ 55.307367756518182, 25.231928008417125 ] ] ], [ [ [ 55.307339211933076, 25.243455630284714 ], [ 55.307295749613864, 25.243333220221636 ], [ 55.307250833849658, 25.24333322022164 ], [ 55.307294296139531, 25.243455630296463 ], [ 55.307339211933076, 25.243455630284714 ] ] ], [ [ [ 55.3058542, 25.2371263 ], [ 55.305953368980902, 25.237284254144367 ], [ 55.3058995, 25.2372907 ], [ 55.3058098, 25.2373964 ], [ 55.3058049, 25.23748 ], [ 55.3059632, 25.2379721 ], [ 55.306162993155816, 25.238330445182687 ], [ 55.306198989213982, 25.238304963227062 ], [ 55.306459532555678, 25.238601492656414 ], [ 55.306951532637292, 25.238247792605137 ], [ 55.30662541031117, 25.237867012146008 ], [ 55.306625693353155, 25.237588244810897 ], [ 55.306433320547463, 25.23728178188103 ], [ 55.306525012809054, 25.237209208194461 ], [ 55.306675759680765, 25.236725594286398 ], [ 55.306709425297804, 25.236702071751083 ], [ 55.306769533126619, 25.236842846645349 ], [ 55.3067122, 25.2368439 ], [ 55.3066945, 25.2368864 ], [ 55.3066981, 25.2370482 ], [ 55.306847593533902, 25.237325544634899 ], [ 55.307393694566485, 25.237315444217387 ], [ 55.307408794539604, 25.237255144204362 ], [ 55.307405694404096, 25.23711484420329 ], [ 55.307321359644476, 25.236961736518481 ], [ 55.307409294269462, 25.236961644196768 ], [ 55.307408994008163, 25.236679344190062 ], [ 55.307355748518994, 25.236584401775172 ], [ 55.307405593913096, 25.236583444190302 ], [ 55.307419893915721, 25.236556744178721 ], [ 55.30740759350472, 25.236137144177814 ], [ 55.3072663, 25.2358977 ], [ 55.306991852951938, 25.235905145174662 ], [ 55.307073692381536, 25.235610744419976 ], [ 55.3069467, 25.2353843 ], [ 55.3063508, 25.2354328 ], [ 55.3061464, 25.2358915 ], [ 55.306181633225648, 25.235954326345468 ], [ 55.3061173, 25.2359548 ], [ 55.3059794, 25.2365133 ], [ 55.306020555696371, 25.236586686927787 ], [ 55.305952, 25.2365882 ], [ 55.3058276, 25.2370466 ], [ 55.3058542, 25.2371263 ] ], [ [ 55.306835374209129, 25.236092526437936 ], [ 55.306899276430968, 25.236089635990293 ], [ 55.306875210842058, 25.236163560369967 ], [ 55.306835374209129, 25.236092526437936 ] ], [ [ 55.306878115675396, 25.236453290306553 ], [ 55.306791326944655, 25.236453374033402 ], [ 55.306823453381995, 25.236355820465878 ], [ 55.306878115675396, 25.236453290306553 ] ] ], [ [ [ 55.3065383, 25.254652 ], [ 55.306871734705439, 25.255197192668806 ], [ 55.306949234727583, 25.255216792660974 ], [ 55.307122634759544, 25.255117992642973 ], [ 55.307151334753513, 25.255009792639687 ], [ 55.30686750000001, 25.2544922 ], [ 55.3065383, 25.254652 ] ] ], [ [ [ 55.307454201599789, 25.231427896487507 ], [ 55.307454201584299, 25.231338064958692 ], [ 55.307430496906484, 25.231295795414439 ], [ 55.307385581142277, 25.231295795414443 ], [ 55.307385581142277, 25.231385626942856 ], [ 55.307409285819581, 25.231427896493916 ], [ 55.307454201599789, 25.231427896487507 ] ] ], [ [ [ 55.306918034774689, 25.234397369114777 ], [ 55.306846591971805, 25.234305151616237 ], [ 55.306756760443392, 25.234305151616237 ], [ 55.306711844679185, 25.23439498314465 ], [ 55.306711844679185, 25.23452973043727 ], [ 55.306738371680922, 25.234577032201205 ], [ 55.306792477014525, 25.234567842656869 ], [ 55.3065033, 25.2350557 ], [ 55.306630291232182, 25.235282144750652 ], [ 55.307342892545286, 25.235231944204997 ], [ 55.307321591987581, 25.2346720442075 ], [ 55.3071946, 25.2344456 ], [ 55.3070435, 25.2343697 ], [ 55.306918034774689, 25.234397369114777 ] ] ], [ [ [ 55.307116086557045, 25.234080572795204 ], [ 55.307144306851526, 25.234130893749441 ], [ 55.307189222634776, 25.234130893741824 ], [ 55.307323969956855, 25.233996146425593 ], [ 55.307295749613864, 25.233855993974178 ], [ 55.307205918085451, 25.233855993974178 ], [ 55.307161002321251, 25.233900909738384 ], [ 55.307116086557045, 25.234080572795204 ] ] ], [ [ [ 55.307243031845971, 25.231218992552403 ], [ 55.30732473186945, 25.231240992544155 ], [ 55.307361231864462, 25.231125092540047 ], [ 55.3073443, 25.2310949 ], [ 55.3069997, 25.2307981 ], [ 55.3068715, 25.230830099999988 ], [ 55.30701553176953, 25.231068092575072 ], [ 55.307243031845971, 25.231218992552403 ] ] ], [ [ [ 55.307319454251441, 25.23138298074231 ], [ 55.307295749613864, 25.231340711178639 ], [ 55.307250833849658, 25.231340711178639 ], [ 55.307274538494468, 25.23151772804195 ], [ 55.307319454274669, 25.231517728035552 ], [ 55.307319454251441, 25.23138298074231 ] ] ], [ [ [ 55.307035100124317, 25.244072344657486 ], [ 55.3069081, 25.2438459 ], [ 55.3067096, 25.2438945 ], [ 55.3064199, 25.2442317 ], [ 55.3064769, 25.2444279 ], [ 55.306603899839125, 25.244654345001358 ], [ 55.30703040055112, 25.244543944672671 ], [ 55.30713970059746, 25.244368344584817 ], [ 55.307035100124317, 25.244072344657486 ] ] ], [ [ [ 55.30693851989097, 25.248246499058066 ], [ 55.306993503892301, 25.248235744791614 ], [ 55.306807102974325, 25.247627444919136 ], [ 55.306748878009195, 25.247523630552191 ], [ 55.306763402749425, 25.247474344948781 ], [ 55.3066364, 25.2472479 ], [ 55.3065772, 25.2472505 ], [ 55.306813, 25.2480227 ], [ 55.306864393309056, 25.248114333185491 ], [ 55.3068303, 25.2481221 ], [ 55.3068602, 25.2482302 ], [ 55.306877133851827, 25.248260392645527 ], [ 55.30693851989097, 25.248246499058066 ] ] ], [ [ [ 55.3071197, 25.2299726 ], [ 55.3070808, 25.2299265 ], [ 55.3069085, 25.2299672 ], [ 55.306930564461005, 25.230079400137214 ], [ 55.3068413, 25.2298532 ], [ 55.306707, 25.2298389 ], [ 55.3065315, 25.2299169 ], [ 55.3065694, 25.2300816 ], [ 55.306628660434413, 25.230187274147667 ], [ 55.306689860491772, 25.230193974125921 ], [ 55.306947931637637, 25.230136292578905 ], [ 55.306938044088199, 25.230097477850702 ], [ 55.306991260759361, 25.230192374018475 ], [ 55.307114560858118, 25.230166873974241 ], [ 55.307178960877266, 25.230078273950259 ], [ 55.3071197, 25.2299726 ] ] ], [ [ [ 55.3066098077379, 25.253188645206667 ], [ 55.3064138, 25.2528487 ], [ 55.3060603, 25.2530244 ], [ 55.306256307225489, 25.253364445481253 ], [ 55.30643035332146, 25.253277890330935 ], [ 55.306439663522802, 25.253294489725874 ], [ 55.3062954, 25.2533698 ], [ 55.306497608009479, 25.25371414530537 ], [ 55.306851608514535, 25.25352934503017 ], [ 55.3066494, 25.253185 ], [ 55.306568731795551, 25.253227111664817 ], [ 55.3066098077379, 25.253188645206667 ] ] ], [ [ [ 55.306821534599301, 25.254439892671446 ], [ 55.3065728, 25.254009 ], [ 55.3064339, 25.2539758 ], [ 55.3061966, 25.2540928 ], [ 55.306507834539076, 25.254599192703949 ], [ 55.306821534599301, 25.254439892671446 ] ] ], [ [ [ 55.307140919887829, 25.231205330547748 ], [ 55.307116086557045, 25.23116104812182 ], [ 55.307071170792838, 25.231161048121816 ], [ 55.307096004114975, 25.231250246318879 ], [ 55.307140919895936, 25.231250246312168 ], [ 55.307140919887829, 25.231205330547748 ] ] ], [ [ [ 55.306936423500218, 25.234035657030997 ], [ 55.306936423500218, 25.234170404323617 ], [ 55.306964643736968, 25.234220725308852 ], [ 55.307054475303467, 25.234220725293607 ], [ 55.307054475275812, 25.234085978000245 ], [ 55.307026255028632, 25.234035657031001 ], [ 55.306936423500218, 25.234035657030997 ] ] ], [ [ [ 55.306396600357864, 25.245643945184128 ], [ 55.306767800977731, 25.245548044898069 ], [ 55.306615600249067, 25.245073845002739 ], [ 55.3064676, 25.2448146 ], [ 55.3064028, 25.2447939 ], [ 55.3061624, 25.2448491 ], [ 55.3060975, 25.244913 ], [ 55.3062696, 25.2454175 ], [ 55.306396600357864, 25.245643945184128 ] ] ], [ [ [ 55.3062998, 25.2543974 ], [ 55.306273750236308, 25.254410560369564 ], [ 55.3061182, 25.2541375 ], [ 55.3058453, 25.2542668 ], [ 55.306004690164947, 25.254546489369066 ], [ 55.3059536, 25.2545723 ], [ 55.306353509211419, 25.255311845454823 ], [ 55.306610609590372, 25.255190745255273 ], [ 55.306442397917841, 25.254893198522431 ], [ 55.306557309159835, 25.254835145287284 ], [ 55.3062998, 25.2543974 ] ] ], [ [ [ 55.306149233076908, 25.243474292704015 ], [ 55.306406833134808, 25.243412192677567 ], [ 55.306323376683544, 25.243129209431956 ], [ 55.306394750749924, 25.243110750028858 ], [ 55.306483033151572, 25.243390892669737 ], [ 55.306766833215633, 25.243324692640599 ], [ 55.306617998087383, 25.242729244943245 ], [ 55.306503597584246, 25.242420945023074 ], [ 55.3063766, 25.2421945 ], [ 55.3057812, 25.2423436 ], [ 55.305894073125081, 25.242657182658796 ], [ 55.3058681, 25.2426639 ], [ 55.3060878, 25.2434032 ], [ 55.306149233076908, 25.243474292704015 ] ] ], [ [ [ 55.306917469869127, 25.23174633259346 ], [ 55.306891507736012, 25.231655121528082 ], [ 55.306846591971805, 25.231655121528082 ], [ 55.306872554087413, 25.23174633260048 ], [ 55.306917469869127, 25.23174633259346 ] ] ], [ [ [ 55.306917469792829, 25.231342090713571 ], [ 55.306891507736012, 25.231295795414436 ], [ 55.306846591971805, 25.231295795414436 ], [ 55.306872554028061, 25.231431922249453 ], [ 55.306917469809783, 25.231431922242439 ], [ 55.306917469792829, 25.231342090713571 ] ] ], [ [ [ 55.3065739, 25.2307751 ], [ 55.306626227422875, 25.230870790456784 ], [ 55.3065612, 25.2308976 ], [ 55.306605631654733, 25.230982392616539 ], [ 55.306718490638346, 25.230941571982601 ], [ 55.306753860898404, 25.231005574112437 ], [ 55.306914761011292, 25.230935174054274 ], [ 55.3067844, 25.2306841 ], [ 55.3065739, 25.2307751 ] ] ], [ [ [ 55.306771435513731, 25.239721210265404 ], [ 55.306771435504139, 25.239631378736728 ], [ 55.306711844679185, 25.23960521179254 ], [ 55.306711844679185, 25.23969504332096 ], [ 55.306771435513731, 25.239721210265404 ] ] ], [ [ [ 55.305133260461261, 25.251531410635664 ], [ 55.30531721165945, 25.251531410646475 ], [ 55.3053068, 25.2515618 ], [ 55.305761517292026, 25.252383803590917 ], [ 55.305807005515838, 25.25244294580208 ], [ 55.305923836013669, 25.252385732212677 ], [ 55.30602734204605, 25.252564749494834 ], [ 55.305903, 25.2525789 ], [ 55.30605313420714, 25.252845392744554 ], [ 55.306132834229686, 25.252863692736483 ], [ 55.30625833425475, 25.252807792723512 ], [ 55.306196913149378, 25.252689887986698 ], [ 55.306245634247723, 25.252777092724706 ], [ 55.30656680710937, 25.252597545225015 ], [ 55.3062367, 25.2520163 ], [ 55.306048, 25.2521254 ], [ 55.306292491518199, 25.252577239541001 ], [ 55.306009065932642, 25.252101677275629 ], [ 55.306252634151797, 25.251984292721389 ], [ 55.3058908, 25.2514022 ], [ 55.3057796, 25.2514006 ], [ 55.30540275519057, 25.251486847753597 ], [ 55.305402755181092, 25.251452523491363 ], [ 55.305723604372965, 25.251378745839652 ], [ 55.305896375463746, 25.251116901291308 ], [ 55.305948733966105, 25.251105292749489 ], [ 55.305912433940421, 25.250971892752748 ], [ 55.305868265308874, 25.250947747523451 ], [ 55.305830404053999, 25.250813045744088 ], [ 55.3057034, 25.2505866 ], [ 55.3056371, 25.2505563 ], [ 55.3050469, 25.2506921 ], [ 55.30500994042869, 25.250757006837489 ], [ 55.304999, 25.2507375 ], [ 55.3049018, 25.2507598 ], [ 55.3049498, 25.2509306 ], [ 55.305076802933222, 25.251157046328615 ], [ 55.305127270468063, 25.251145415940222 ], [ 55.305154433786441, 25.251288092831047 ], [ 55.305208988171707, 25.251275515682124 ], [ 55.305253848296957, 25.251328226259378 ], [ 55.305094877167775, 25.251373142014508 ], [ 55.305094877167775, 25.251462973542917 ], [ 55.305133260461261, 25.251531410635664 ] ], [ [ 55.305924561670828, 25.252085379337334 ], [ 55.305914006417957, 25.252067134803934 ], [ 55.305955392740429, 25.252046373472727 ], [ 55.305981596531588, 25.252091166788091 ], [ 55.305940030408813, 25.252112116716162 ], [ 55.305924561670828, 25.252085379337334 ] ] ], [ [ [ 55.30662990199982, 25.246938945037666 ], [ 55.306498001340536, 25.246497945127633 ], [ 55.306371, 25.2462715 ], [ 55.306046, 25.246351 ], [ 55.3061786, 25.2467919 ], [ 55.306305601454191, 25.24701834528749 ], [ 55.30662990199982, 25.246938945037666 ] ] ], [ [ [ 55.306629350643981, 25.239214053392313 ], [ 55.306719182182285, 25.239214053388345 ], [ 55.306711844679185, 25.239156054150488 ], [ 55.306622013150779, 25.239156054150488 ], [ 55.306629350643981, 25.239214053392313 ] ] ], [ [ [ 55.306591772398122, 25.239541547223929 ], [ 55.306636688172233, 25.239541547219964 ], [ 55.306622013150779, 25.239470464499924 ], [ 55.306577097386572, 25.239470464499924 ], [ 55.306591772398122, 25.239541547223929 ] ] ], [ [ [ 55.30653749973402, 25.244677745052677 ], [ 55.306363298920637, 25.24415724517301 ], [ 55.3062363, 25.2439308 ], [ 55.3057312, 25.2440692 ], [ 55.3059054, 25.2445896 ], [ 55.306032398897784, 25.244816045442107 ], [ 55.30653749973402, 25.244677745052677 ] ] ], [ [ [ 55.30641100787048, 25.253742645372281 ], [ 55.3062107, 25.2534009 ], [ 55.3060882, 25.2534646 ], [ 55.30628860769567, 25.253806345467435 ], [ 55.30641100787048, 25.253742645372281 ] ] ], [ [ [ 55.305992507990048, 25.254736345716683 ], [ 55.3057511, 25.2543267 ], [ 55.3054181, 25.2544968 ], [ 55.305679407638124, 25.255002345962613 ], [ 55.306035808809185, 25.255532945703177 ], [ 55.306331009233176, 25.255381845473757 ], [ 55.305992507990048, 25.254736345716683 ] ] ], [ [ [ 55.306442350093953, 25.23938063297151 ], [ 55.306459282760315, 25.239500657159315 ], [ 55.306549114311579, 25.239500657150163 ], [ 55.306532181622366, 25.239425548735717 ], [ 55.306487265858159, 25.239380632971514 ], [ 55.306442350093953, 25.23938063297151 ] ] ], [ [ [ 55.305569895478669, 25.230083069786478 ], [ 55.3055232, 25.2299998 ], [ 55.3054547, 25.2300151 ], [ 55.305482195823103, 25.230104592069893 ], [ 55.30539371922675, 25.23009868402842 ], [ 55.305364371753008, 25.230038154016672 ], [ 55.305319455988801, 25.230038154016665 ], [ 55.305335757714374, 25.230112139964266 ], [ 55.3051983, 25.2301757 ], [ 55.305231, 25.2303274 ], [ 55.305290259348979, 25.230433074627534 ], [ 55.305334212208471, 25.230436249376865 ], [ 55.305181235766824, 25.230465806396836 ], [ 55.3051491, 25.2304085 ], [ 55.304987356616714, 25.23043456915212 ], [ 55.305100231197947, 25.230381792767872 ], [ 55.3050207, 25.2301063 ], [ 55.3049706, 25.2301133 ], [ 55.30499583212417, 25.230212099846053 ], [ 55.3049258, 25.2302116 ], [ 55.304785085800347, 25.230271078020731 ], [ 55.3047279, 25.2301691 ], [ 55.3046734, 25.2301806 ], [ 55.304812031135626, 25.230470892797506 ], [ 55.304953759559233, 25.230450277987924 ], [ 55.304974689248702, 25.230509903187151 ], [ 55.3048818, 25.23053 ], [ 55.304899811328781, 25.230578274537844 ], [ 55.304825382582536, 25.230487311658731 ], [ 55.304780466818329, 25.230487311658734 ], [ 55.304789933698224, 25.230549109427614 ], [ 55.304730263977639, 25.230571149025167 ], [ 55.304715631111108, 25.230470892807325 ], [ 55.30469870000001, 25.2304407 ], [ 55.304660543711279, 25.230446096849519 ], [ 55.304643672523731, 25.230379181448345 ], [ 55.304710558805098, 25.230368374833397 ], [ 55.3046352, 25.2301814 ], [ 55.3045535, 25.2301946 ], [ 55.304578983626349, 25.230292633636726 ], [ 55.3044864, 25.2302919 ], [ 55.3043189, 25.2303628 ], [ 55.304369431032356, 25.230546492842834 ], [ 55.304467531057362, 25.230546892832844 ], [ 55.304640930409228, 25.230462688130157 ], [ 55.304657132094412, 25.230521893397015 ], [ 55.30452, 25.2305434 ], [ 55.304545631086114, 25.23061909282513 ], [ 55.304588552951465, 25.23061236492234 ], [ 55.304600750126504, 25.230648812245033 ], [ 55.3045393, 25.2306923 ], [ 55.304622031141598, 25.230912092818311 ], [ 55.304752234031625, 25.230886658818047 ], [ 55.30478503119275, 25.230990892801969 ], [ 55.304870298347254, 25.230975975287414 ], [ 55.304900210186233, 25.23107964142692 ], [ 55.305034957539391, 25.23107964140268 ], [ 55.305034957519865, 25.230989809873741 ], [ 55.305005045639362, 25.230936469300786 ], [ 55.304953711074745, 25.230936469315282 ], [ 55.3049245, 25.2308489 ], [ 55.304809488315541, 25.230869146245993 ], [ 55.304752865801653, 25.230642851566632 ], [ 55.304792284671009, 25.230636959033802 ], [ 55.304869859151388, 25.230843074782083 ], [ 55.304904459179937, 25.230837874769694 ], [ 55.304895281325841, 25.230787576412137 ], [ 55.304976059283696, 25.230930774745243 ], [ 55.305067746846341, 25.230914104291173 ], [ 55.305104331273327, 25.230985692769444 ], [ 55.305325059606417, 25.230958774621179 ], [ 55.305290520087382, 25.230856192450062 ], [ 55.305346959481021, 25.230854716950951 ], [ 55.305410759700933, 25.231001074591127 ], [ 55.305467059748842, 25.230995974571002 ], [ 55.305454400563178, 25.230937516425744 ], [ 55.305514159759753, 25.230923974553374 ], [ 55.305490799092617, 25.230844208358732 ], [ 55.305514156572059, 25.230838932442442 ], [ 55.305532631371371, 25.230897292725544 ], [ 55.30561703139238, 25.230893592716924 ], [ 55.305602013546562, 25.230793634911208 ], [ 55.305752459902337, 25.230762574466585 ], [ 55.305689725942258, 25.230530904903741 ], [ 55.305726859777103, 25.230524774472983 ], [ 55.305718859753014, 25.230485374475375 ], [ 55.3056596, 25.2303797 ], [ 55.30561155663024, 25.230359982658076 ], [ 55.305663213986456, 25.230359982634418 ], [ 55.305663213947881, 25.230171064807873 ], [ 55.305705731342478, 25.230304892705956 ], [ 55.305789726898588, 25.230289273696595 ], [ 55.305800794397932, 25.230336476107407 ], [ 55.305799697636331, 25.230381688854266 ], [ 55.305763007538445, 25.230389450883411 ], [ 55.3057437, 25.2303472 ], [ 55.3056934, 25.2303554 ], [ 55.3057444, 25.2305445 ], [ 55.305815449034988, 25.230672706419671 ], [ 55.305817959289818, 25.230695824189986 ], [ 55.3058023, 25.2306679 ], [ 55.3057471, 25.2306775 ], [ 55.305785431429385, 25.230846292699617 ], [ 55.305873031449607, 25.230829592690647 ], [ 55.305854342444583, 25.230766464660245 ], [ 55.305903031448352, 25.230757392687355 ], [ 55.305897041221286, 25.230731124760883 ], [ 55.306028060121989, 25.23070297436767 ], [ 55.305938394906356, 25.230427203279334 ], [ 55.306018839676177, 25.230411868094091 ], [ 55.306144860217678, 25.230683774325819 ], [ 55.306226680815236, 25.230667055444428 ], [ 55.30625223153536, 25.230742792651746 ], [ 55.306296963693867, 25.230728266845308 ], [ 55.306311660396609, 25.230754474267169 ], [ 55.306393960464916, 25.230742974237703 ], [ 55.306395718099999, 25.230716055334696 ], [ 55.30640986047834, 25.230741274232017 ], [ 55.306461860520436, 25.230731574213372 ], [ 55.306463431577967, 25.230652492629943 ], [ 55.30642799799584, 25.230625996409874 ], [ 55.3063851, 25.2305495 ], [ 55.3063332, 25.2305592 ], [ 55.306339699067152, 25.230587736143814 ], [ 55.306306728257113, 25.230555422030605 ], [ 55.306261031463876, 25.230402671158416 ], [ 55.306289360222785, 25.230397074271018 ], [ 55.306280760199755, 25.230361374273674 ], [ 55.306229094941642, 25.230269243501223 ], [ 55.306295532182432, 25.230249680970942 ], [ 55.3063259, 25.2304298 ], [ 55.306430860443086, 25.230616074223096 ], [ 55.306652931620356, 25.230605392610482 ], [ 55.306551461422409, 25.23032141859419 ], [ 55.306594760458779, 25.230313874161197 ], [ 55.306587660438026, 25.23028037416335 ], [ 55.3065284, 25.2301747 ], [ 55.306491920047314, 25.23018107147379 ], [ 55.306458393743384, 25.230142050650592 ], [ 55.3063739, 25.2299366 ], [ 55.3061602, 25.2299326 ], [ 55.3060655, 25.229958 ], [ 55.30615552519361, 25.230228435694158 ], [ 55.306113533609498, 25.230236758914813 ], [ 55.3060872, 25.2301898 ], [ 55.306038567388129, 25.230211786878556 ], [ 55.305995391271807, 25.230188557495463 ], [ 55.30598043136866, 25.229949992676818 ], [ 55.3059097, 25.2298967 ], [ 55.3058452, 25.2299062 ], [ 55.305866494954891, 25.230024778326744 ], [ 55.30573261396458, 25.230060819830229 ], [ 55.3056998, 25.2299577 ], [ 55.30561130000001, 25.2299734 ], [ 55.3056304, 25.2300612 ], [ 55.305670716663059, 25.230087217701669 ], [ 55.305647484964766, 25.230107355166837 ], [ 55.305633866338248, 25.230083069780875 ], [ 55.305569895478669, 25.230083069786478 ] ], [ [ 55.3058515, 25.2302777 ], [ 55.305861826940514, 25.230324822420336 ], [ 55.3058407, 25.2302767 ], [ 55.305813246173187, 25.230281967306453 ], [ 55.305994985984938, 25.230198424855679 ], [ 55.306011902709344, 25.230247122438872 ], [ 55.3058515, 25.2302777 ] ], [ [ 55.305834311519142, 25.230750068204326 ], [ 55.305830454379851, 25.230750804367833 ], [ 55.30582784094311, 25.230738529657817 ], [ 55.305834311519142, 25.230750068204326 ] ], [ [ 55.3054341, 25.2307431 ], [ 55.305425856630187, 25.230744970612239 ], [ 55.305377563018951, 25.230580128647972 ], [ 55.305451740037455, 25.230605899920221 ], [ 55.305515026375105, 25.230724761438303 ], [ 55.3054341, 25.2307431 ] ], [ [ 55.3051390613686, 25.230804254405641 ], [ 55.305109659291134, 25.230671974694644 ], [ 55.305060190073114, 25.230583758254465 ], [ 55.305085604923875, 25.230579661996344 ], [ 55.305224885329089, 25.23078807723903 ], [ 55.3051390613686, 25.230804254405641 ] ] ], [ [ [ 55.3064565, 25.2307988 ], [ 55.306523131622498, 25.230890892624636 ], [ 55.30658383163312, 25.230851792618328 ], [ 55.3065414, 25.2307834 ], [ 55.3064565, 25.2307988 ] ] ], [ [ [ 55.304248230660527, 25.2531825263397 ], [ 55.304548935664499, 25.253688971612348 ], [ 55.304640235909794, 25.253704773534434 ], [ 55.3044729, 25.2537862 ], [ 55.30483380547448, 25.254408446594464 ], [ 55.305026105893333, 25.254464346448835 ], [ 55.305135506047598, 25.254405246363739 ], [ 55.304710049558174, 25.253691747259939 ], [ 55.304779559877936, 25.253655714502056 ], [ 55.305205906156871, 25.254378046309252 ], [ 55.305610006736011, 25.254169845995179 ], [ 55.305452301264616, 25.253894685438908 ], [ 55.305503817667379, 25.253869267177468 ], [ 55.305659406809617, 25.254147445956871 ], [ 55.306241607652893, 25.253857145504615 ], [ 55.3058186, 25.2531281 ], [ 55.305760276129966, 25.253156877443367 ], [ 55.3056273, 25.252921 ], [ 55.3055238, 25.2529695 ], [ 55.305657943006551, 25.253207369297822 ], [ 55.305088406613322, 25.253488380284306 ], [ 55.305109136103049, 25.253421371380433 ], [ 55.3043273, 25.2521097 ], [ 55.3037914, 25.2523837 ], [ 55.304248230660527, 25.2531825263397 ] ], [ [ 55.30482788854318, 25.253616919494736 ], [ 55.304315288729342, 25.252767880716004 ], [ 55.304378215300837, 25.252736469985422 ], [ 55.30489396956208, 25.253584315293946 ], [ 55.30482788854318, 25.253616919494736 ] ] ], [ [ [ 55.305770832835968, 25.242299992738715 ], [ 55.306373632971351, 25.242153792676827 ], [ 55.3062862, 25.2418952 ], [ 55.3056851, 25.2420469 ], [ 55.305770832835968, 25.242299992738715 ] ] ], [ [ [ 55.306216434311459, 25.253354492729571 ], [ 55.3059963, 25.2530501 ], [ 55.3058739, 25.2531139 ], [ 55.306074206962009, 25.253455545622721 ], [ 55.306196707137019, 25.253391845527503 ], [ 55.306184947662167, 25.253370879180547 ], [ 55.306216434311459, 25.253354492729571 ] ] ], [ [ [ 55.306352518565539, 25.239200969914695 ], [ 55.306217771272919, 25.239111138386281 ], [ 55.306127939744513, 25.239111138386274 ], [ 55.306153903004478, 25.239292181137284 ], [ 55.306378481921591, 25.239337096866638 ], [ 55.306352518565539, 25.239200969914695 ] ] ], [ [ [ 55.305901433304491, 25.245833592737014 ], [ 55.306140536267293, 25.245774141819165 ], [ 55.306157700050463, 25.245804745370688 ], [ 55.306271400239766, 25.245774745283043 ], [ 55.306117799477946, 25.245267545387957 ], [ 55.3059908, 25.2450411 ], [ 55.3056839, 25.2451187 ], [ 55.305863633277063, 25.245689092740392 ], [ 55.306027533313554, 25.245646692723543 ], [ 55.305998686509056, 25.245555433226198 ], [ 55.306021491543987, 25.245549668823667 ], [ 55.306071397179842, 25.245650864541059 ], [ 55.3058546, 25.2457047 ], [ 55.305901433304491, 25.245833592737014 ] ] ], [ [ [ 55.305348, 25.2408916 ], [ 55.305396694442031, 25.240978427944214 ], [ 55.3053743, 25.2409844 ], [ 55.305698732779753, 25.241992492745059 ], [ 55.306283232909287, 25.241836692684991 ], [ 55.30618775101113, 25.241543511333493 ], [ 55.306240496258575, 25.24152944520219 ], [ 55.305936794820511, 25.240600045411391 ], [ 55.305878899914624, 25.240496812684206 ], [ 55.305918294680097, 25.24048624542273 ], [ 55.30569029356613, 25.239751245578837 ], [ 55.3055633, 25.2395248 ], [ 55.3049478, 25.2396825 ], [ 55.3051717, 25.240426 ], [ 55.305237353771425, 25.240543069171906 ], [ 55.305348, 25.2408916 ] ] ], [ [ [ 55.305172476563349, 25.245200640457494 ], [ 55.305217677889523, 25.245312166023357 ], [ 55.3051117, 25.2451232 ], [ 55.3048791, 25.2451833 ], [ 55.3049688, 25.2454672 ], [ 55.305043932019963, 25.245601165757112 ], [ 55.3048274, 25.2456575 ], [ 55.304900064861918, 25.245886334194765 ], [ 55.3047853, 25.2456817 ], [ 55.3045218, 25.2457502 ], [ 55.3044784, 25.2458151 ], [ 55.304664897570348, 25.246204346521374 ], [ 55.304749945477255, 25.246242209849907 ], [ 55.304796133089035, 25.246367992851393 ], [ 55.305340533210817, 25.246231892795478 ], [ 55.305300670728265, 25.246101427999609 ], [ 55.305355940607676, 25.246087592469703 ], [ 55.30542253614697, 25.246252341016586 ], [ 55.3054019, 25.2462576 ], [ 55.305438199947346, 25.246374069576923 ], [ 55.3053786, 25.2462678 ], [ 55.3047794, 25.2464176 ], [ 55.304908851410637, 25.246740104904017 ], [ 55.3048191, 25.2467638 ], [ 55.3047824, 25.2468213 ], [ 55.3047949, 25.2469188 ], [ 55.304888966181863, 25.247116374962502 ], [ 55.30497096627716, 25.247167974933845 ], [ 55.305298791851797, 25.24708385716335 ], [ 55.3049458, 25.247186 ], [ 55.3049116, 25.2472329 ], [ 55.3049139, 25.2473088 ], [ 55.305076012604786, 25.247628317813831 ], [ 55.305043, 25.2476366 ], [ 55.3050933, 25.2478004 ], [ 55.305152566757208, 25.247906074877566 ], [ 55.30518354718722, 25.247898302517601 ], [ 55.305232333405122, 25.24803249281241 ], [ 55.305459633455932, 25.247975392789066 ], [ 55.305409333422951, 25.247811592793656 ], [ 55.3053924, 25.2477814 ], [ 55.305361375348213, 25.24778918349751 ], [ 55.305314239800815, 25.247658124523628 ], [ 55.305616400656859, 25.247579145828063 ], [ 55.305526900210559, 25.247281045889128 ], [ 55.305401524477652, 25.247057496507043 ], [ 55.30554346672379, 25.247021074727975 ], [ 55.305442540691338, 25.246727116087733 ], [ 55.30551166662358, 25.246854374737399 ], [ 55.305641579968217, 25.246822584758203 ], [ 55.305713766854112, 25.246971474666662 ], [ 55.30585036696138, 25.24693807461756 ], [ 55.30582964260136, 25.246868755420262 ], [ 55.305865266972141, 25.246932274612185 ], [ 55.306005367079045, 25.246890774561738 ], [ 55.306049467093487, 25.246833174545344 ], [ 55.305963332708515, 25.24659371230214 ], [ 55.306006200480461, 25.24658304550562 ], [ 55.305904998261731, 25.246314419906636 ], [ 55.306029800247565, 25.246282245480174 ], [ 55.305972392114747, 25.246089708443439 ], [ 55.306086800347856, 25.246273045436389 ], [ 55.306215100565012, 25.2462430453376 ], [ 55.306157900271408, 25.246043445376397 ], [ 55.3060309, 25.245817 ], [ 55.3058958, 25.2458487 ], [ 55.305918491731681, 25.245991886654345 ], [ 55.3058443, 25.2458596 ], [ 55.305805746035645, 25.245869069598076 ], [ 55.3056406, 25.2455249 ], [ 55.3055316, 25.2454707 ], [ 55.305449865617689, 25.24549259205061 ], [ 55.305411286974163, 25.245365274097583 ], [ 55.305424533128345, 25.245388892784149 ], [ 55.305684433186229, 25.245321892757438 ], [ 55.3055752, 25.2449986 ], [ 55.305440803094797, 25.245033194730528 ], [ 55.3051615, 25.2445006 ], [ 55.3048748, 25.2445859 ], [ 55.304941, 25.2447879 ], [ 55.305172476563349, 25.245200640457494 ] ], [ [ 55.305791212963705, 25.246503479766201 ], [ 55.305800522879629, 25.246520079653649 ], [ 55.30579668689672, 25.246521042963042 ], [ 55.305791212963705, 25.246503479766201 ] ], [ [ 55.305536830819726, 25.246588420797792 ], [ 55.305534532713047, 25.246588983148392 ], [ 55.305531407930609, 25.24657875156586 ], [ 55.305536830819726, 25.246588420797792 ] ], [ [ 55.305423348923554, 25.245962993077974 ], [ 55.305404758676978, 25.245901443758878 ], [ 55.305437349201476, 25.245959554382946 ], [ 55.305423348923554, 25.245962993077974 ] ], [ [ 55.305390049104979, 25.245302947963147 ], [ 55.305368478367846, 25.245264485993307 ], [ 55.305377100723867, 25.245261816205538 ], [ 55.305390049104979, 25.245302947963147 ] ], [ [ 55.305307049233207, 25.245639062274375 ], [ 55.305326405691048, 25.245702671389036 ], [ 55.305292796874745, 25.245642744863346 ], [ 55.305307049233207, 25.245639062274375 ] ], [ [ 55.305296814977154, 25.245533585576275 ], [ 55.305264665854224, 25.245431834281291 ], [ 55.305318477311154, 25.24552778348567 ], [ 55.305296814977154, 25.245533585576275 ] ], [ [ 55.304989227085045, 25.2460696809799 ], [ 55.304963256241265, 25.246076172495577 ], [ 55.304928387922395, 25.245961200687287 ], [ 55.304989227085045, 25.2460696809799 ] ] ], [ [ [ 55.306106305129276, 25.251406545547773 ], [ 55.3059646, 25.2511243 ], [ 55.3058892, 25.2511406 ], [ 55.306031005000591, 25.251422845605745 ], [ 55.306106305129276, 25.251406545547773 ] ] ], [ [ [ 55.306109301832159, 25.247832845457562 ], [ 55.3059675, 25.2475579 ], [ 55.3058182, 25.247595 ], [ 55.30595990158136, 25.247870045572679 ], [ 55.306109301832159, 25.247832845457562 ] ] ], [ [ [ 55.306237525248847, 25.234385292156674 ], [ 55.306282441019938, 25.23434037638695 ], [ 55.306282441013487, 25.234295460622576 ], [ 55.306217771272919, 25.234215320087824 ], [ 55.306127939744513, 25.234215320087827 ], [ 55.3060381082161, 25.234305151616237 ], [ 55.306057862138715, 25.234385292178018 ], [ 55.306237525248847, 25.234385292156674 ] ] ], [ [ [ 55.306101649168291, 25.23474260544242 ], [ 55.306146564951142, 25.234787521201749 ], [ 55.306191480727911, 25.234787521196729 ], [ 55.306236396498598, 25.234742605427314 ], [ 55.306236396492508, 25.234697689662948 ], [ 55.30617285550872, 25.234619561965676 ], [ 55.306127939744513, 25.23461956196568 ], [ 55.306083023980307, 25.234664477729886 ], [ 55.306101649168291, 25.23474260544242 ] ] ], [ [ [ 55.306008996626467, 25.24349614738469 ], [ 55.30600899661097, 25.243361400091665 ], [ 55.305948276687687, 25.243288304457433 ], [ 55.30590336092348, 25.24328830445743 ], [ 55.305858445159274, 25.243333220221633 ], [ 55.305858445159274, 25.243512883278463 ], [ 55.305874249307003, 25.243541063161853 ], [ 55.305964080856754, 25.243541063153309 ], [ 55.306008996626467, 25.24349614738469 ] ] ], [ [ [ 55.305730998397372, 25.244897045674442 ], [ 55.305960398778929, 25.244836145497629 ], [ 55.305779697919633, 25.244279345622012 ], [ 55.30565270000001, 25.2440529 ], [ 55.3054233, 25.2441138 ], [ 55.305604, 25.2446706 ], [ 55.305730998397372, 25.244897045674442 ] ] ], [ [ [ 55.305849655508496, 25.252560447352259 ], [ 55.305813529395067, 25.252496036119663 ], [ 55.30576861363086, 25.252496036119659 ], [ 55.305804739731713, 25.252605363126548 ], [ 55.305849655520305, 25.252605363116782 ], [ 55.305849655508496, 25.252560447352259 ] ] ], [ [ [ 55.3060834, 25.2305999 ], [ 55.3060227, 25.2306101 ], [ 55.306074331495154, 25.230783692669988 ], [ 55.306133531509467, 25.230777592663951 ], [ 55.3060834, 25.2305999 ] ] ], [ [ [ 55.305782133698983, 25.24928169276048 ], [ 55.3057652, 25.2492515 ], [ 55.3055379, 25.2493086 ], [ 55.305605133681148, 25.249502592779244 ], [ 55.305832433731965, 25.2494454927559 ], [ 55.305782133698983, 25.24928169276048 ] ] ], [ [ [ 55.305081413642505, 25.255598292960471 ], [ 55.305135376068542, 25.25556658080421 ], [ 55.30516540722121, 25.255613046370623 ], [ 55.305694607962884, 25.255322245958865 ], [ 55.3057478079918, 25.255243645916256 ], [ 55.305745807937221, 25.255188745916424 ], [ 55.3055055, 25.2547702 ], [ 55.305465859256806, 25.254776656656908 ], [ 55.3052994, 25.2545274 ], [ 55.3050972, 25.2546244 ], [ 55.3050547, 25.2547817 ], [ 55.305086524677385, 25.254838441832561 ], [ 55.305037763149976, 25.254861447915207 ], [ 55.304952, 25.2547088 ], [ 55.3048051, 25.2547737 ], [ 55.3047402, 25.2548738 ], [ 55.3047259, 25.2549632 ], [ 55.304757, 25.2550828 ], [ 55.305011013257904, 25.255535693065031 ], [ 55.305081413642505, 25.255598292960471 ] ] ], [ [ [ 55.305488069059777, 25.24334869000101 ], [ 55.305577900633907, 25.24334868998271 ], [ 55.305577900602962, 25.243222004722199 ], [ 55.305617172110928, 25.243338625721314 ], [ 55.305796835243939, 25.243338625690807 ], [ 55.305841751017972, 25.243293709918728 ], [ 55.30588666677356, 25.243158962617745 ], [ 55.305886666745899, 25.243024215324386 ], [ 55.305781992798046, 25.242897441758188 ], [ 55.305836106625215, 25.242879403794372 ], [ 55.305836106603081, 25.242744656501156 ], [ 55.305588950574041, 25.242345073409108 ], [ 55.305409287517215, 25.242389989173315 ], [ 55.305409287517215, 25.242704399522751 ], [ 55.305566611955925, 25.242924319595382 ], [ 55.30560292681993, 25.242924319602558 ], [ 55.305544034809834, 25.24297389410799 ], [ 55.305575931008619, 25.243210187166127 ], [ 55.305499119045628, 25.243063725636397 ], [ 55.305409287517215, 25.243063725636404 ], [ 55.305488069059777, 25.24334869000101 ] ] ], [ [ [ 55.3060299, 25.2307113 ], [ 55.3059574, 25.2307228 ], [ 55.305983931474458, 25.230802292679265 ], [ 55.306056431491477, 25.23079079267184 ], [ 55.3060299, 25.2307113 ] ] ], [ [ [ 55.305768290122991, 25.249925513646897 ], [ 55.305723697866654, 25.249846006031504 ], [ 55.305633866338248, 25.249846006031511 ], [ 55.305633866338248, 25.249935837559921 ], [ 55.30567845856352, 25.25001534520019 ], [ 55.305768290152145, 25.250015345176081 ], [ 55.305768290122991, 25.249925513646897 ] ] ], [ [ [ 55.306008160263197, 25.231071874379005 ], [ 55.3059352, 25.2309099 ], [ 55.3058501, 25.2309269 ], [ 55.305923060194772, 25.231088874409537 ], [ 55.306008160263197, 25.231071874379005 ] ] ], [ [ [ 55.305707533652509, 25.249058692767356 ], [ 55.3056906, 25.2490285 ], [ 55.3054694, 25.2490829 ], [ 55.305534933635165, 25.249274492785656 ], [ 55.305756133684767, 25.249220092762933 ], [ 55.305707533652509, 25.249058692767356 ] ] ], [ [ [ 55.305758133656809, 25.248989092761974 ], [ 55.3056909, 25.2487951 ], [ 55.3054636, 25.2488522 ], [ 55.305530833605992, 25.249046192785325 ], [ 55.305758133656809, 25.248989092761974 ] ] ], [ [ [ 55.305246, 25.249867 ], [ 55.3052924, 25.2500284 ], [ 55.305419402753465, 25.250254846044516 ], [ 55.305652403147633, 25.250200045865061 ], [ 55.305575524298881, 25.24998430268495 ], [ 55.305620002876537, 25.249973645884264 ], [ 55.305571902633062, 25.249809545916982 ], [ 55.3054449, 25.2495831 ], [ 55.3052287, 25.2496349 ], [ 55.305306904093882, 25.249852675816197 ], [ 55.305246, 25.249867 ] ] ], [ [ [ 55.305391326178139, 25.248530748658826 ], [ 55.3053195, 25.2485488 ], [ 55.305429067396886, 25.248818274789432 ], [ 55.305656267574669, 25.248761174707738 ], [ 55.305569583239141, 25.248532501164398 ], [ 55.305641467455096, 25.248514474710177 ], [ 55.305521867176139, 25.248114674748248 ], [ 55.3054626, 25.248009 ], [ 55.3052353, 25.2480661 ], [ 55.305391326178139, 25.248530748658826 ] ] ], [ [ [ 55.305432597899625, 25.244974745904404 ], [ 55.305669198292989, 25.244911745722028 ], [ 55.30548789743218, 25.244354545846868 ], [ 55.3053609, 25.2441281 ], [ 55.3051243, 25.2441911 ], [ 55.3053056, 25.2447483 ], [ 55.305432597899625, 25.244974745904404 ] ] ], [ [ [ 55.30573780792335, 25.23612694278588 ], [ 55.305782723697078, 25.236126942782061 ], [ 55.30576861363086, 25.236056866420267 ], [ 55.305723697866654, 25.23605686642027 ], [ 55.30573780792335, 25.23612694278588 ] ] ], [ [ [ 55.305803460072028, 25.231051074451724 ], [ 55.3057442, 25.2309454 ], [ 55.3055886, 25.2309763 ], [ 55.305662259985105, 25.231141074503093 ], [ 55.305817860110302, 25.231110174447274 ], [ 55.305803460072028, 25.231051074451724 ] ] ], [ [ [ 55.3037244, 25.2304576 ], [ 55.3035936, 25.2304523 ], [ 55.3034234, 25.2305287 ], [ 55.303479630232239, 25.230728831715307 ], [ 55.3033822, 25.2307461 ], [ 55.303407548000287, 25.230862919715598 ], [ 55.3033652, 25.2307874 ], [ 55.3033207, 25.2307915 ], [ 55.30337549245165, 25.230917578840632 ], [ 55.303418516947225, 25.230913614775918 ], [ 55.303494950305399, 25.231113166602611 ], [ 55.3034642, 25.23112 ], [ 55.3034883, 25.231208899999988 ], [ 55.303534577806325, 25.231291427346633 ], [ 55.303592469995174, 25.231287073708113 ], [ 55.303635896596525, 25.231364516304325 ], [ 55.303477909656358, 25.231340711178643 ], [ 55.303432993892152, 25.231385626942846 ], [ 55.303432993892152, 25.231655121528085 ], [ 55.303554429909155, 25.231801313193717 ], [ 55.30368917727607, 25.231846228932586 ], [ 55.305440892953044, 25.232025891657543 ], [ 55.305665471880701, 25.23202589161485 ], [ 55.305633866338248, 25.231879700349111 ], [ 55.305503842103178, 25.231821911974865 ], [ 55.30560755760628, 25.231701109056313 ], [ 55.305695594566927, 25.231851978141112 ], [ 55.305683088843324, 25.231795713901992 ], [ 55.30573693567959, 25.231835162501479 ], [ 55.305808035699499, 25.231755662483469 ], [ 55.3057674, 25.2316832 ], [ 55.3056753, 25.2316158 ], [ 55.305632425062804, 25.231663807869481 ], [ 55.305663214254778, 25.231617624039348 ], [ 55.30566321422603, 25.231482876745964 ], [ 55.305444382461637, 25.231259304388377 ], [ 55.305529031206717, 25.231259304371655 ], [ 55.30557394698134, 25.23121438859911 ], [ 55.305573946971577, 25.23116947283464 ], [ 55.305499119045628, 25.231071216593403 ], [ 55.305409287517215, 25.23107121659341 ], [ 55.305364371753008, 25.231116132357609 ], [ 55.305364371753008, 25.231161048121816 ], [ 55.30542883395718, 25.231248938719762 ], [ 55.305349932436329, 25.231205963887511 ], [ 55.305319455988801, 25.231116132357609 ], [ 55.305274540224595, 25.231116132357609 ], [ 55.305310024806552, 25.231215395072319 ], [ 55.305274540224595, 25.231295795414443 ], [ 55.305323539128054, 25.231475458484248 ], [ 55.305229624460388, 25.231475458471262 ], [ 55.305229624460388, 25.231520374235473 ], [ 55.305303887982717, 25.231617624102775 ], [ 55.305362311570512, 25.231617624098675 ], [ 55.305406189926657, 25.231778511029784 ], [ 55.305229624460388, 25.231700037292292 ], [ 55.303793026902056, 25.231397597139079 ], [ 55.303735325410585, 25.231157955254137 ], [ 55.303850158369727, 25.231135675148856 ], [ 55.303759400924704, 25.230846029290021 ], [ 55.303813272251702, 25.230833475932549 ], [ 55.303835758243999, 25.230873575150969 ], [ 55.303872160381076, 25.230865089951752 ], [ 55.3039278, 25.2310971 ], [ 55.303987058520484, 25.23120277510084 ], [ 55.304045681576412, 25.231212376015364 ], [ 55.304135513143663, 25.231212375999803 ], [ 55.304101670790445, 25.231094703998629 ], [ 55.304148758654051, 25.231178675042941 ], [ 55.304258058742427, 25.231157975003747 ], [ 55.3041867, 25.2310001 ], [ 55.304083682471507, 25.231019610183928 ], [ 55.304045299647612, 25.230859377443974 ], [ 55.30409845851257, 25.23095417505828 ], [ 55.304287758679315, 25.230950074990776 ], [ 55.304380058740236, 25.230900774957309 ], [ 55.304315758593319, 25.230692574977827 ], [ 55.304242681488297, 25.230589017650971 ], [ 55.304214610227156, 25.230466507617304 ], [ 55.30425675844014, 25.230458874996156 ], [ 55.3041747, 25.2302501 ], [ 55.3041123, 25.2302613 ], [ 55.30413804539058, 25.230369752496394 ], [ 55.3040285, 25.230372 ], [ 55.303861, 25.2304428 ], [ 55.3039591582789, 25.230699575104985 ], [ 55.304082685597756, 25.230684867282971 ], [ 55.304093956765726, 25.230704967056209 ], [ 55.3040074, 25.2307198 ], [ 55.30402626967949, 25.230796168826597 ], [ 55.3039738, 25.2307026 ], [ 55.303847088743332, 25.230727413898251 ], [ 55.3037244, 25.2304576 ] ], [ [ 55.303615758009315, 25.230783375228331 ], [ 55.303641966807632, 25.230771990552721 ], [ 55.303665110441955, 25.230813262690443 ], [ 55.303584438288013, 25.230823275515927 ], [ 55.30357649951366, 25.230786523701646 ], [ 55.303615758009315, 25.230783375228331 ] ], [ [ 55.303539336285851, 25.230859755597546 ], [ 55.303525772158359, 25.230835566589224 ], [ 55.303556099548963, 25.230830188233266 ], [ 55.303539336285851, 25.230859755597546 ] ] ], [ [ [ 55.305608704660145, 25.236451417392786 ], [ 55.305698536215218, 25.236451417382114 ], [ 55.305678782102454, 25.236371276769713 ], [ 55.305588950574041, 25.236371276769713 ], [ 55.305608704660145, 25.236451417392786 ] ] ], [ [ [ 55.305597417052127, 25.243617811187033 ], [ 55.305409287517215, 25.243557799042666 ], [ 55.305274540224595, 25.243557799042673 ], [ 55.305283006665448, 25.243662726967322 ], [ 55.305372838208058, 25.243707642727028 ], [ 55.305597417054898, 25.243662726951314 ], [ 55.305597417052127, 25.243617811187033 ] ] ], [ [ [ 55.305692327769748, 25.236350515187123 ], [ 55.305678782102454, 25.236236529477093 ], [ 55.305588950574041, 25.23623652947709 ], [ 55.305602496223059, 25.236350515194442 ], [ 55.305692327769748, 25.236350515187123 ] ] ], [ [ [ 55.305489502208488, 25.249520345972854 ], [ 55.305439201961093, 25.249356546007263 ], [ 55.3052047, 25.2489197 ], [ 55.3049774, 25.2489768 ], [ 55.3050277, 25.2491406 ], [ 55.305165148365944, 25.249404398462932 ], [ 55.305220433595395, 25.249601392818775 ], [ 55.305489502208488, 25.249520345972854 ] ] ], [ [ [ 55.305719031410696, 25.230831592706338 ], [ 55.3057021, 25.2308014 ], [ 55.3056408, 25.2308087 ], [ 55.305662731401583, 25.230873892712211 ], [ 55.305724131416298, 25.230866592705926 ], [ 55.305719031410696, 25.230831592706338 ] ] ], [ [ [ 55.30560249620094, 25.236125936372826 ], [ 55.305647411974277, 25.236125936369174 ], [ 55.305633866338248, 25.236056866420267 ], [ 55.305588950574041, 25.236056866420267 ], [ 55.30560249620094, 25.236125936372826 ] ] ], [ [ [ 55.305600238529742, 25.235313426917358 ], [ 55.305600238514991, 25.235133763860144 ], [ 55.305454203281421, 25.234978888079329 ], [ 55.305409287517215, 25.234978888079333 ], [ 55.305274540224595, 25.235068719607739 ], [ 55.305285828130657, 25.235358342703005 ], [ 55.305465491217952, 25.235358342690819 ], [ 55.305600238529742, 25.235313426917358 ] ] ], [ [ [ 55.3039635, 25.2364763 ], [ 55.304244223804851, 25.237276677598459 ], [ 55.3041965, 25.2372894 ], [ 55.30427723186677, 25.237515592875145 ], [ 55.304521431920897, 25.237450592850063 ], [ 55.304502818336253, 25.237393380975458 ], [ 55.304556289212115, 25.237379646386739 ], [ 55.304362904042449, 25.236865929310923 ], [ 55.30446820362581, 25.236838668345932 ], [ 55.304595176813955, 25.237185250058165 ], [ 55.3045752, 25.2371901 ], [ 55.304661847899268, 25.237434967748904 ], [ 55.3042981, 25.2375265 ], [ 55.3044498, 25.2380196 ], [ 55.304570819092497, 25.238235399105395 ], [ 55.3045284, 25.2382987 ], [ 55.304673595442267, 25.238676179238986 ], [ 55.3046392, 25.2386849 ], [ 55.304781911844159, 25.239094366739856 ], [ 55.3047493, 25.2391023 ], [ 55.304901, 25.2396124 ], [ 55.304917932291687, 25.239642592816882 ], [ 55.305185632351765, 25.239577392789393 ], [ 55.30506964259596, 25.239208130307539 ], [ 55.305198540064559, 25.239175443492918 ], [ 55.305319332380606, 25.239535392775643 ], [ 55.305541732430342, 25.239479792752807 ], [ 55.305430830008667, 25.239116537283074 ], [ 55.305486792578485, 25.23910234571834 ], [ 55.305379492053731, 25.238755845791772 ], [ 55.305319713008778, 25.238649250941265 ], [ 55.305247091460593, 25.238387145883838 ], [ 55.3051201, 25.2381607 ], [ 55.305065266985444, 25.238121483098013 ], [ 55.305156391020731, 25.238098245946016 ], [ 55.304772189135392, 25.236850446208752 ], [ 55.304661388651127, 25.236554946286098 ], [ 55.304544464148165, 25.236346446431483 ], [ 55.304613961286705, 25.236328074936434 ], [ 55.304525461094805, 25.236065574964961 ], [ 55.3044662, 25.2359599 ], [ 55.3039493, 25.23573 ], [ 55.3036743, 25.2358643 ], [ 55.30400497884979, 25.236465561650263 ], [ 55.3039635, 25.2364763 ] ] ], [ [ [ 55.30551887312442, 25.23658616469659 ], [ 55.305563788901964, 25.236586164691253 ], [ 55.305544034809834, 25.236506024062326 ], [ 55.305499119045628, 25.236506024062333 ], [ 55.30551887312442, 25.23658616469659 ] ] ], [ [ [ 55.305512664716183, 25.236754757080682 ], [ 55.305454203281421, 25.236730602883366 ], [ 55.305467748947258, 25.236799672848658 ], [ 55.305512664720609, 25.236799672844999 ], [ 55.305512664716183, 25.236754757080682 ] ] ], [ [ [ 55.3051287, 25.2527352 ], [ 55.3050229, 25.2527841 ], [ 55.305180704895179, 25.253065146296183 ], [ 55.305286505051974, 25.253016246214099 ], [ 55.3051287, 25.2527352 ] ] ], [ [ [ 55.305345533522647, 25.248752492803241 ], [ 55.3052783, 25.2485585 ], [ 55.3050511, 25.2486156 ], [ 55.305118233471816, 25.248809592826593 ], [ 55.305345533522647, 25.248752492803241 ] ] ], [ [ [ 55.305467184502014, 25.236349508780442 ], [ 55.305512100274981, 25.236349508776943 ], [ 55.305499119045628, 25.2362814452413 ], [ 55.305454203281421, 25.2362814452413 ], [ 55.305467184502014, 25.236349508780442 ] ] ], [ [ [ 55.305467184485053, 25.236169845723175 ], [ 55.305512100258021, 25.236169845719658 ], [ 55.305499119045628, 25.236101782184473 ], [ 55.305454203281421, 25.236101782184477 ], [ 55.305467184485053, 25.236169845723175 ] ] ], [ [ [ 55.304585502983855, 25.252226746730514 ], [ 55.304736803513492, 25.252487246621271 ], [ 55.304984603875603, 25.252367146428899 ], [ 55.304538673992226, 25.251578030973249 ], [ 55.304583163487301, 25.251555433187566 ], [ 55.304938621540536, 25.252180582971786 ], [ 55.3049089, 25.252197 ], [ 55.30496603386154, 25.252286692853527 ], [ 55.304996321446737, 25.252281884329477 ], [ 55.3049571, 25.2523002 ], [ 55.305147204435514, 25.252637046311253 ], [ 55.305210804529402, 25.252607246261906 ], [ 55.305058836838711, 25.252338054772167 ], [ 55.30528290432008, 25.252231846197542 ], [ 55.305238082298182, 25.252153186327373 ], [ 55.305264056757892, 25.252153186316367 ], [ 55.305264056735382, 25.252063354787353 ], [ 55.305229624460388, 25.25200196271339 ], [ 55.305151912129219, 25.25200196271658 ], [ 55.304336, 25.2505913 ], [ 55.3037753, 25.2508642 ], [ 55.304585502983855, 25.252226746730514 ] ] ], [ [ [ 55.305384125791818, 25.236586164712605 ], [ 55.305473957346891, 25.236586164701926 ], [ 55.305454203281421, 25.236461108298126 ], [ 55.305364371753008, 25.236461108298126 ], [ 55.305384125791818, 25.236586164712605 ] ] ], [ [ [ 55.305467748938405, 25.236709841320017 ], [ 55.305454203281421, 25.236640771354949 ], [ 55.305409287517215, 25.236640771354949 ], [ 55.305422833165061, 25.236709841323684 ], [ 55.305467748938405, 25.236709841320017 ] ] ], [ [ [ 55.305011, 25.249442 ], [ 55.3047837, 25.2494991 ], [ 55.3049066, 25.2498869 ], [ 55.305051433617031, 25.250126092837725 ], [ 55.305278733667855, 25.25006899281437 ], [ 55.305138001674329, 25.249668446245163 ], [ 55.305011, 25.249442 ] ] ], [ [ [ 55.305383561371755, 25.236450410994198 ], [ 55.305428477148908, 25.236450410989018 ], [ 55.305409287517215, 25.236371276769713 ], [ 55.305364371753008, 25.236371276769713 ], [ 55.305383561371755, 25.236450410994198 ] ] ], [ [ [ 55.305188466992902, 25.24837847487019 ], [ 55.305077266731992, 25.248003174905541 ], [ 55.305018, 25.2478975 ], [ 55.304792, 25.2479521 ], [ 55.304987733412325, 25.248596292839199 ], [ 55.305214933463112, 25.248539192815844 ], [ 55.30516730706826, 25.248383790472534 ], [ 55.305188466992902, 25.24837847487019 ] ] ], [ [ [ 55.305376788551797, 25.236303586597867 ], [ 55.305364371753008, 25.236236529477097 ], [ 55.305319455988801, 25.236236529477097 ], [ 55.305331872779206, 25.23630358660122 ], [ 55.305376788551797, 25.236303586597867 ] ] ], [ [ [ 55.305240913011509, 25.243308432987934 ], [ 55.305184708696189, 25.243243388693227 ], [ 55.305005045639362, 25.243288304457426 ], [ 55.305005045639362, 25.243467967514253 ], [ 55.305061249942653, 25.243533011821661 ], [ 55.305151081486301, 25.243533011815568 ], [ 55.305240913018885, 25.243398264516543 ], [ 55.305240913011509, 25.243308432987934 ] ] ], [ [ [ 55.305207850078105, 25.2425210841911 ], [ 55.305252765857929, 25.242521084184855 ], [ 55.305252765850369, 25.242476168420446 ], [ 55.305229624460388, 25.242434904937518 ], [ 55.305184708696189, 25.242434904937522 ], [ 55.305207850078105, 25.2425210841911 ] ] ], [ [ [ 55.304947388199977, 25.251295761142419 ], [ 55.305082135557768, 25.251295761116314 ], [ 55.305037219729776, 25.251116098067072 ], [ 55.304825382582536, 25.250834152844039 ], [ 55.304735551054122, 25.250744321315626 ], [ 55.304690635289923, 25.250744321315629 ], [ 55.304690635289923, 25.250834152844035 ], [ 55.304825382582536, 25.251148563193478 ], [ 55.304947388199977, 25.251295761142419 ] ] ], [ [ [ 55.3047987, 25.2442829 ], [ 55.3047838, 25.244338 ], [ 55.304873632887443, 25.244571392837589 ], [ 55.305169832952586, 25.244488292807144 ], [ 55.3050707, 25.244207 ], [ 55.3047987, 25.2442829 ] ] ], [ [ [ 55.305066433338951, 25.24783809282868 ], [ 55.3049993, 25.2476441 ], [ 55.304772, 25.2477012 ], [ 55.304839233288149, 25.247895192852024 ], [ 55.305066433338951, 25.24783809282868 ] ] ], [ [ [ 55.304962733487329, 25.249256692843908 ], [ 55.3049458, 25.2492265 ], [ 55.3047186, 25.2492836 ], [ 55.304785733469501, 25.249477592862672 ], [ 55.305013033520311, 25.249420492839313 ], [ 55.304962733487329, 25.249256692843908 ] ] ], [ [ [ 55.305229624460388, 25.231116132357609 ], [ 55.305139792931982, 25.231116132357609 ], [ 55.305169704931622, 25.2312593044363 ], [ 55.305259536500394, 25.231259304420146 ], [ 55.305229624460388, 25.231116132357609 ] ] ], [ [ [ 55.3043829, 25.240219 ], [ 55.304509891954815, 25.240445446497802 ], [ 55.304682767482511, 25.240399080374985 ], [ 55.304789265322427, 25.240687356543983 ], [ 55.3045463, 25.2407525 ], [ 55.304635832387589, 25.241004192850092 ], [ 55.305085632487177, 25.240883592803879 ], [ 55.305060178177357, 25.240805932754213 ], [ 55.305117393433306, 25.240791046042172 ], [ 55.304986392802412, 25.240378646132104 ], [ 55.304840086731623, 25.240018745153485 ], [ 55.304784391877853, 25.239794946272042 ], [ 55.3046574, 25.2395685 ], [ 55.304211, 25.2396833 ], [ 55.3043829, 25.240219 ] ] ], [ [ [ 55.304996933486976, 25.249183192840189 ], [ 55.3049297, 25.2489892 ], [ 55.3047024, 25.2490462 ], [ 55.304769633436166, 25.249240292863526 ], [ 55.304996933486976, 25.249183192840189 ] ] ], [ [ [ 55.304960129875155, 25.242524736465931 ], [ 55.304960129875155, 25.242614567994341 ], [ 55.304992866390208, 25.24267294077962 ], [ 55.30503778217652, 25.242672940770763 ], [ 55.305082697952123, 25.242628024997426 ], [ 55.30508269794143, 25.242583109232939 ], [ 55.305049961403569, 25.242524736465931 ], [ 55.304960129875155, 25.242524736465931 ] ] ], [ [ [ 55.304863763375039, 25.243132162728852 ], [ 55.30504342652295, 25.243087246922819 ], [ 55.304953594817327, 25.242638089298154 ], [ 55.304915214110949, 25.242569652230134 ], [ 55.30460080376151, 25.242569652230134 ], [ 55.304690635289923, 25.243018809872193 ], [ 55.304773931794806, 25.243132162749593 ], [ 55.304863763375039, 25.243132162728852 ] ] ], [ [ [ 55.305032137766808, 25.241764561210562 ], [ 55.305005045639362, 25.24162642118181 ], [ 55.304915214110949, 25.24158150541761 ], [ 55.304845721707679, 25.241606082062724 ], [ 55.3047428, 25.2413956 ], [ 55.3046684, 25.2414144 ], [ 55.304682829198036, 25.241456923153223 ], [ 55.3043236, 25.2415488 ], [ 55.304449163526883, 25.241866575058932 ], [ 55.304790605712185, 25.241779247407294 ], [ 55.304852474654538, 25.241854392768737 ], [ 55.304942306219523, 25.241854392754092 ], [ 55.305032137766808, 25.241764561210562 ] ] ], [ [ [ 55.305139792931982, 25.231475458471266 ], [ 55.305094877167775, 25.231475458471255 ], [ 55.305094877167775, 25.231520374235469 ], [ 55.305125917972617, 25.231575727646884 ], [ 55.305170833757764, 25.2315757276385 ], [ 55.305139792931982, 25.231475458471266 ] ] ], [ [ [ 55.304925373788663, 25.243710662032786 ], [ 55.304970289559726, 25.243710662030043 ], [ 55.304960129875155, 25.243602714806869 ], [ 55.304915214110949, 25.243602714806872 ], [ 55.304925373788663, 25.243710662032786 ] ] ], [ [ [ 55.304891666974079, 25.248947974982606 ], [ 55.304808871408035, 25.248726234433828 ], [ 55.304879566860016, 25.248708474984166 ], [ 55.30477, 25.248439 ], [ 55.3045427, 25.2484961 ], [ 55.304625495365762, 25.248717840671343 ], [ 55.3045548, 25.2487356 ], [ 55.30466436679621, 25.249005075064328 ], [ 55.304891666974079, 25.248947974982606 ] ] ], [ [ [ 55.3041451, 25.2471942 ], [ 55.304186145151597, 25.247267386679169 ], [ 55.3041956, 25.2473785 ], [ 55.304322598211009, 25.247604946817496 ], [ 55.304658898897323, 25.247652946561669 ], [ 55.304848799115028, 25.247496246412684 ], [ 55.304679298286992, 25.246950246528762 ], [ 55.3045523, 25.2467238 ], [ 55.3043289, 25.2467836 ], [ 55.304336784781007, 25.246807689056904 ], [ 55.3043023, 25.2467462 ], [ 55.304028, 25.2468161 ], [ 55.3041451, 25.2471942 ] ] ], [ [ [ 55.304355667922493, 25.254389185846922 ], [ 55.30443656798267, 25.254466185830932 ], [ 55.304532468037493, 25.254490485811548 ], [ 55.304656468096468, 25.254473585786155 ], [ 55.304739668124462, 25.254415285768804 ], [ 55.304744968113106, 25.254358285767356 ], [ 55.3047111, 25.2542979 ], [ 55.304540136520238, 25.254206107277781 ], [ 55.304626004855386, 25.254167946747391 ], [ 55.3039903, 25.2530659 ], [ 55.3037181, 25.2531954 ], [ 55.304276600906547, 25.254191932986473 ], [ 55.304282, 25.2542609 ], [ 55.304355667922493, 25.254389185846922 ] ] ], [ [ [ 55.305035521974816, 25.231350142415369 ], [ 55.305005045639362, 25.231295795414432 ], [ 55.304960129875155, 25.231295795414432 ], [ 55.304990606199986, 25.231395058188077 ], [ 55.305035521984763, 25.231395058179846 ], [ 55.305035521974816, 25.231350142415369 ] ] ], [ [ [ 55.304718820072011, 25.248256883187082 ], [ 55.304746766543957, 25.248249875026247 ], [ 55.304696466428481, 25.248085975042315 ], [ 55.3046372, 25.2479803 ], [ 55.304598667823882, 25.247989979691223 ], [ 55.3045069, 25.2477784 ], [ 55.3042796, 25.2478355 ], [ 55.3043299, 25.2479993 ], [ 55.304389166162913, 25.248104975152124 ], [ 55.304427684885773, 25.248095315838089 ], [ 55.304500368340889, 25.248272822326591 ], [ 55.3044734, 25.2482796 ], [ 55.304540633283409, 25.248473592884348 ], [ 55.304767833334211, 25.248416492861004 ], [ 55.304718820072011, 25.248256883187082 ] ] ], [ [ [ 55.304825964121051, 25.242466474931494 ], [ 55.304842164119314, 25.242428974925275 ], [ 55.3046621, 25.2419545 ], [ 55.3046017, 25.2419242 ], [ 55.3041337, 25.2420406 ], [ 55.3040909, 25.2420867 ], [ 55.304202, 25.2424454 ], [ 55.304261263654588, 25.242551075133818 ], [ 55.304326763732455, 25.242596375110978 ], [ 55.304825964121051, 25.242466474931494 ] ] ], [ [ [ 55.304667733175862, 25.25060390900104 ], [ 55.304555887997303, 25.250429910966183 ], [ 55.304510972233096, 25.250429910966183 ], [ 55.304510972233096, 25.250519742494596 ], [ 55.304577901632108, 25.250693740541731 ], [ 55.304712648976519, 25.250738656288284 ], [ 55.304667733175862, 25.25060390900104 ] ] ], [ [ [ 55.30485698762763, 25.231531818359237 ], [ 55.304825382582536, 25.231430542707052 ], [ 55.304735551054122, 25.231430542707052 ], [ 55.30476715605657, 25.231531818376304 ], [ 55.30485698762763, 25.231531818359237 ] ] ], [ [ [ 55.3043233, 25.2489711 ], [ 55.304382566576088, 25.249076775165669 ], [ 55.304609866753957, 25.24901967508394 ], [ 55.3043938, 25.2485247 ], [ 55.3041665, 25.2485818 ], [ 55.3043233, 25.2489711 ] ] ], [ [ [ 55.304429832901931, 25.245605892886211 ], [ 55.304485832918402, 25.245623892880566 ], [ 55.304601832944329, 25.245594692868643 ], [ 55.3044994, 25.2452868 ], [ 55.304384, 25.2453184 ], [ 55.3043296, 25.2453706 ], [ 55.3043745, 25.2455463 ], [ 55.304429832901931, 25.245605892886211 ] ] ], [ [ [ 55.304503790551045, 25.238938046465279 ], [ 55.304435590224209, 25.23872504651213 ], [ 55.3043086, 25.2384986 ], [ 55.3038613, 25.2386159 ], [ 55.3040538, 25.2391635 ], [ 55.304180790352028, 25.239389946723179 ], [ 55.30434857542209, 25.239345139775892 ], [ 55.304438532164291, 25.239598592865566 ], [ 55.304674532216552, 25.239535392841326 ], [ 55.304591118086911, 25.239280368435953 ], [ 55.304632391102388, 25.23926934637521 ], [ 55.304503790551045, 25.238938046465279 ] ] ], [ [ [ 55.3045166160638, 25.233955889782091 ], [ 55.304561531833663, 25.234000805544831 ], [ 55.304741194905716, 25.234000805538724 ], [ 55.304741194900181, 25.233866058245969 ], [ 55.30446605646889, 25.233541583624735 ], [ 55.304421140704683, 25.233541583624731 ], [ 55.304421140704683, 25.233811078209971 ], [ 55.3045166160638, 25.233955889782091 ] ] ], [ [ [ 55.303854, 25.2435552 ], [ 55.303939695546674, 25.243708006482876 ], [ 55.304108814852512, 25.244200676564404 ], [ 55.3040827, 25.2442073 ], [ 55.3040798, 25.2442811 ], [ 55.3041143, 25.2443923 ], [ 55.30424129529699, 25.244618746805969 ], [ 55.304290195442327, 25.244675046769991 ], [ 55.304574295918059, 25.244603046551127 ], [ 55.304122593751899, 25.243191346861455 ], [ 55.3039956, 25.2429649 ], [ 55.3038987, 25.2429169 ], [ 55.3036765, 25.2429955 ], [ 55.303854, 25.2435552 ] ] ], [ [ [ 55.304541397521426, 25.24640654662074 ], [ 55.304421891067392, 25.24610281363536 ], [ 55.304445797052452, 25.246096446686149 ], [ 55.304301796356221, 25.245640346784935 ], [ 55.3041571, 25.2453849 ], [ 55.3041271, 25.2453645 ], [ 55.3039439, 25.2454164 ], [ 55.304053114629653, 25.245714808151973 ], [ 55.3040123, 25.2457257 ], [ 55.30408, 25.2459336 ], [ 55.3041918, 25.2462395 ], [ 55.30431879715141, 25.246465946792309 ], [ 55.304541397521426, 25.24640654662074 ] ] ], [ [ [ 55.304667796751431, 25.231045189221749 ], [ 55.3046424, 25.2309999 ], [ 55.3045747, 25.2310126 ], [ 55.304609796739435, 25.231100089230868 ], [ 55.304677496762892, 25.231087289220469 ], [ 55.304667796751431, 25.231045189221749 ] ] ], [ [ [ 55.302929944638301, 25.246614614136085 ], [ 55.302782129790501, 25.246654949637097 ], [ 55.302580392680369, 25.246303299520303 ], [ 55.30264718712867, 25.246281396221537 ], [ 55.302568636278266, 25.246138716378546 ], [ 55.30266913251581, 25.24610909306725 ], [ 55.3025429, 25.2457798 ], [ 55.3024167, 25.245817 ], [ 55.302479197853607, 25.245976259903628 ], [ 55.3023766, 25.2457899 ], [ 55.3022158, 25.2458435 ], [ 55.302323104846629, 25.246037472171587 ], [ 55.3022614, 25.2460672 ], [ 55.302455893542152, 25.246408248214351 ], [ 55.302746194553933, 25.246903648004789 ], [ 55.30281444704309, 25.246872182642289 ], [ 55.302839461445323, 25.246916786462208 ], [ 55.3027812, 25.2469309 ], [ 55.3028366, 25.2471183 ], [ 55.302878282732323, 25.247142497482695 ], [ 55.303045168617636, 25.247436141399383 ], [ 55.30290080000001, 25.2475111 ], [ 55.303027795861858, 25.247737547810228 ], [ 55.303161696312394, 25.247948547713118 ], [ 55.303253932894506, 25.247975193013819 ], [ 55.303379159682287, 25.247940184563575 ], [ 55.303399496792117, 25.247976447532089 ], [ 55.303535097015406, 25.24793794742752 ], [ 55.303513768650973, 25.247876419846008 ], [ 55.303588011715476, 25.248008801793539 ], [ 55.303294200000011, 25.2480875 ], [ 55.3032728, 25.2481894 ], [ 55.303545965646357, 25.248649075459106 ], [ 55.304012666006152, 25.248519275291176 ], [ 55.303841053400987, 25.248041685853529 ], [ 55.303905397803227, 25.248025547146707 ], [ 55.303889197873026, 25.247972642786632 ], [ 55.303917297823354, 25.24802274713754 ], [ 55.304046099665747, 25.247988979876851 ], [ 55.304104937281245, 25.248126748489319 ], [ 55.3040287, 25.2481459 ], [ 55.304167633198105, 25.248551792922619 ], [ 55.304394933248929, 25.248494692899268 ], [ 55.304278728758369, 25.248129326802719 ], [ 55.304354966134689, 25.248110175164392 ], [ 55.304304666019249, 25.24794637518044 ], [ 55.304225744177906, 25.247845637752405 ], [ 55.304168597973863, 25.247666446936705 ], [ 55.3040416, 25.24744 ], [ 55.303985726842548, 25.24741550949776 ], [ 55.304020165514181, 25.247362775275178 ], [ 55.303972265386015, 25.247164475289985 ], [ 55.303913, 25.2470588 ], [ 55.3038375, 25.2470193 ], [ 55.3037549, 25.2470395 ], [ 55.303800206880325, 25.247220187021679 ], [ 55.3037239, 25.2470609 ], [ 55.303662492866934, 25.247076879763192 ], [ 55.303597805076244, 25.246920786900237 ], [ 55.30377989649692, 25.246870947214106 ], [ 55.30363853912646, 25.246536535747101 ], [ 55.303694824101633, 25.24652250388673 ], [ 55.303804096401208, 25.246717347191826 ], [ 55.303863896501959, 25.24670284714577 ], [ 55.303848499522964, 25.246650712079141 ], [ 55.303860296466354, 25.246671747147758 ], [ 55.303902996538255, 25.246661347114863 ], [ 55.303779665189509, 25.246429852035238 ], [ 55.303747395892024, 25.246283347224438 ], [ 55.303617601512066, 25.246055289420724 ], [ 55.303644895444364, 25.246010547296034 ], [ 55.303592895188153, 25.245840647331576 ], [ 55.3034659, 25.2456142 ], [ 55.3034002, 25.2455802 ], [ 55.3031795, 25.2456415 ], [ 55.30323447966822, 25.245806689893595 ], [ 55.3031424, 25.2456425 ], [ 55.3028889, 25.2457077 ], [ 55.303054296280152, 25.246119179931 ], [ 55.3030025, 25.2461342 ], [ 55.303069516324761, 25.246306324180196 ], [ 55.3029745, 25.2461402 ], [ 55.3027708, 25.2462041 ], [ 55.3027593, 25.2462845 ], [ 55.302929944638301, 25.246614614136085 ] ], [ [ 55.303877303300879, 25.247425081563325 ], [ 55.303870428799407, 25.247403211193546 ], [ 55.303881989079386, 25.247423824149493 ], [ 55.303877303300879, 25.247425081563325 ] ], [ [ 55.303632065100899, 25.247206075411782 ], [ 55.303639677284501, 25.247187308404467 ], [ 55.303755601957938, 25.247479164939126 ], [ 55.303719619233782, 25.24748872125107 ], [ 55.303632065100899, 25.247206075411782 ] ], [ [ 55.303732024134888, 25.247970227450185 ], [ 55.303728022168841, 25.247958221605373 ], [ 55.30373439866424, 25.247969591420922 ], [ 55.303732024134888, 25.247970227450185 ] ], [ [ 55.303319948636855, 25.246983002967802 ], [ 55.303402926466084, 25.247142283759167 ], [ 55.3033331, 25.2471595 ], [ 55.3032906, 25.2472553 ], [ 55.303446865066512, 25.247508975481317 ], [ 55.30353906516136, 25.247538475448771 ], [ 55.303690112087757, 25.247499611027369 ], [ 55.303698615913319, 25.247525819559186 ], [ 55.3035674, 25.2475408 ], [ 55.303604333960848, 25.247661402367601 ], [ 55.3035358, 25.2475392 ], [ 55.3034175, 25.2475705 ], [ 55.303490126821103, 25.24780994801058 ], [ 55.3033647, 25.2475863 ], [ 55.303339035393059, 25.24759358679162 ], [ 55.302977321751371, 25.247076417013286 ], [ 55.30303276171545, 25.247061301885509 ], [ 55.303056632738354, 25.247115193031082 ], [ 55.303294332791829, 25.24705819300668 ], [ 55.303275859794937, 25.24699502343551 ], [ 55.303319948636855, 25.246983002967802 ] ], [ [ 55.303309716636875, 25.246161014548182 ], [ 55.303348212408565, 25.246151114717023 ], [ 55.303479746575476, 25.246468711621379 ], [ 55.303449257897, 25.246477075930663 ], [ 55.303309716636875, 25.246161014548182 ] ], [ [ 55.30333311238585, 25.246620686237172 ], [ 55.303398240960014, 25.246777871109146 ], [ 55.303297748012525, 25.246805305106733 ], [ 55.303148056108583, 25.246525681338895 ], [ 55.303218195221284, 25.246650747637883 ], [ 55.30333311238585, 25.246620686237172 ] ], [ [ 55.303298662434713, 25.245961101387078 ], [ 55.303349229428157, 25.246051268434535 ], [ 55.303329265222608, 25.246057458327833 ], [ 55.303298662434713, 25.245961101387078 ] ], [ [ 55.303329708931621, 25.246509831254244 ], [ 55.303296065517081, 25.246445122704749 ], [ 55.30328930578127, 25.246426097847305 ], [ 55.303335391644609, 25.246508274245471 ], [ 55.303329708931621, 25.246509831254244 ] ], [ [ 55.303180156586464, 25.246194332993834 ], [ 55.303192333529601, 25.246191201503247 ], [ 55.303225016124173, 25.246274323007341 ], [ 55.303180156586464, 25.246194332993834 ] ] ], [ [ [ 55.304586364117178, 25.23130522673323 ], [ 55.304555887997303, 25.231250879650229 ], [ 55.304510972233096, 25.231250879650229 ], [ 55.304541448342356, 25.231350142505931 ], [ 55.304586364127125, 25.2313501424977 ], [ 55.304586364117178, 25.23130522673323 ] ] ], [ [ [ 55.304492558768139, 25.230733074915285 ], [ 55.3044333, 25.2306274 ], [ 55.3043139, 25.2306503 ], [ 55.304527658959238, 25.231104174907053 ], [ 55.304577458999482, 25.231094674889189 ], [ 55.304492558768139, 25.230733074915285 ] ] ], [ [ [ 55.304301633532688, 25.250457084589808 ], [ 55.304286393412063, 25.250384995201973 ], [ 55.304196561883657, 25.250384995201976 ], [ 55.304211801983698, 25.250457084598054 ], [ 55.304301633532688, 25.250457084589808 ] ] ], [ [ [ 55.304238608506694, 25.254561294197959 ], [ 55.3038934, 25.2539583 ], [ 55.3037879, 25.2540122 ], [ 55.304131208202293, 25.25461849436498 ], [ 55.304238608506694, 25.254561294197959 ] ] ], [ [ [ 55.303607061615544, 25.237245902877397 ], [ 55.3029849, 25.2362494 ], [ 55.3027222, 25.2363853 ], [ 55.302934700922222, 25.236747034302685 ], [ 55.3027054, 25.2363956 ], [ 55.301968, 25.2367769 ], [ 55.3019356, 25.2368842 ], [ 55.302158084515241, 25.237248648215274 ], [ 55.302214226361336, 25.237249471200141 ], [ 55.302375531376313, 25.237461593068652 ], [ 55.30255353141095, 25.237375093050236 ], [ 55.302412237504562, 25.237168084382603 ], [ 55.302474263913822, 25.237127237911228 ], [ 55.30283098623535, 25.237721047713023 ], [ 55.303052786552946, 25.237606647540783 ], [ 55.302704785180502, 25.236975431439422 ], [ 55.302741953274655, 25.236950954853008 ], [ 55.303148886742591, 25.237613447467545 ], [ 55.303245760611944, 25.23758937543867 ], [ 55.303246266348488, 25.237564909951573 ], [ 55.30337278706677, 25.237501847293778 ], [ 55.302971400631705, 25.236800652660285 ], [ 55.303021278635164, 25.236774830835977 ], [ 55.303424566336609, 25.237434484795426 ], [ 55.3034926, 25.2376559 ], [ 55.30361958788901, 25.237882347114667 ], [ 55.303763091637336, 25.237843876314827 ], [ 55.303645, 25.237876 ], [ 55.3037201, 25.2381021 ], [ 55.303847088735125, 25.238328546951898 ], [ 55.304018579936354, 25.238281897245368 ], [ 55.304099531945155, 25.238519392896549 ], [ 55.304334792637007, 25.238443613575097 ], [ 55.304349369978745, 25.238469607652259 ], [ 55.304439201531537, 25.238469607642493 ], [ 55.304421140704683, 25.238347570394772 ], [ 55.30433130917627, 25.238347570394772 ], [ 55.304331309176384, 25.238432172781923 ], [ 55.304280222148542, 25.238264386495317 ], [ 55.304392592531997, 25.238286925303409 ], [ 55.304392592521303, 25.238197093774723 ], [ 55.30433130917627, 25.23807807580954 ], [ 55.304257715754339, 25.23807807581359 ], [ 55.304098543258313, 25.237753947058611 ], [ 55.304202988857782, 25.237725946665154 ], [ 55.304082288267907, 25.237336546747745 ], [ 55.303960602683297, 25.237119555815759 ], [ 55.304008887829525, 25.237013446795842 ], [ 55.303917291347361, 25.236816794725204 ], [ 55.303941187507377, 25.236804446842392 ], [ 55.3037742, 25.2364784 ], [ 55.303677244832095, 25.236439550152603 ], [ 55.303812286859703, 25.236369346930111 ], [ 55.3035635, 25.2359512 ], [ 55.3030498, 25.2362182 ], [ 55.303664958696331, 25.237215574561983 ], [ 55.303607061615544, 25.237245902877397 ] ] ], [ [ [ 55.303936162810409, 25.241264275234901 ], [ 55.30438736316237, 25.241148575072707 ], [ 55.3042589, 25.2408223 ], [ 55.3038078, 25.240938 ], [ 55.303936162810409, 25.241264275234901 ] ] ], [ [ [ 55.304496532557593, 25.231350142514163 ], [ 55.30446605646889, 25.231295795414439 ], [ 55.304376224940476, 25.231295795414436 ], [ 55.304406701007949, 25.231439974059573 ], [ 55.304496532577495, 25.231439974043109 ], [ 55.304496532557593, 25.231350142514163 ] ] ], [ [ [ 55.3018563, 25.2500337 ], [ 55.302251097133933, 25.250719348477428 ], [ 55.302578197756965, 25.250717748227434 ], [ 55.302750598011734, 25.250637248093689 ], [ 55.302512837415001, 25.250217265868951 ], [ 55.302601337237128, 25.250228252314951 ], [ 55.302828798146066, 25.250621048033526 ], [ 55.30320841507119, 25.250436228351322 ], [ 55.303232067393118, 25.250493948980356 ], [ 55.3030161, 25.2505995 ], [ 55.303232193146343, 25.250972061872822 ], [ 55.303171077599117, 25.251001932738522 ], [ 55.3029416, 25.2506322 ], [ 55.3027076, 25.2507561 ], [ 55.303014199140001, 25.251313647908948 ], [ 55.30305649920183, 25.251293147876112 ], [ 55.303019317470486, 25.2512276092618 ], [ 55.303077292014315, 25.251196900876998 ], [ 55.303663934018928, 25.252178871953276 ], [ 55.304212134450076, 25.251921071726407 ], [ 55.3033771, 25.2504851 ], [ 55.303264055199833, 25.250478315347063 ], [ 55.303253330835325, 25.250429910966183 ], [ 55.303221390827716, 25.250429910967586 ], [ 55.303985799834457, 25.250057747135394 ], [ 55.303874816577476, 25.249866134674839 ], [ 55.303938356167095, 25.249866134664863 ], [ 55.30398327193523, 25.249821218897495 ], [ 55.303983271931543, 25.249776303133203 ], [ 55.303927067298417, 25.249711258738888 ], [ 55.303882151534211, 25.249711258738888 ], [ 55.303837235770004, 25.249756174503094 ], [ 55.303837235770523, 25.249801251309648 ], [ 55.3032639, 25.2487615 ], [ 55.3029321, 25.2482229 ], [ 55.3026958, 25.2483411 ], [ 55.303044394818365, 25.248931367532627 ], [ 55.302974417104203, 25.248964376610015 ], [ 55.3025844, 25.2483602 ], [ 55.3023522, 25.2484759 ], [ 55.303167961094431, 25.249833922196654 ], [ 55.303014930559691, 25.249908413752028 ], [ 55.3023783, 25.2488232 ], [ 55.302095108822577, 25.248961604874065 ], [ 55.3019339, 25.2486835 ], [ 55.3016838, 25.2488061 ], [ 55.302448206634622, 25.250142863672526 ], [ 55.302122254624869, 25.249915564272978 ], [ 55.301467, 25.2487869 ], [ 55.3011838, 25.2489206 ], [ 55.301370894097147, 25.249251249113694 ], [ 55.301409406819616, 25.249233047104347 ], [ 55.3018563, 25.2500337 ] ], [ [ 55.302726417354968, 25.250048854289709 ], [ 55.302519982391821, 25.249696959798435 ], [ 55.302569910092373, 25.249664785884935 ], [ 55.302774968858969, 25.250025220775527 ], [ 55.302726417354968, 25.250048854289709 ] ] ], [ [ [ 55.304348863441305, 25.241875275094802 ], [ 55.30415880000001, 25.2413605 ], [ 55.3039187, 25.2414233 ], [ 55.304105263250875, 25.24193677518236 ], [ 55.304348863441305, 25.241875275094802 ] ] ], [ [ [ 55.30415164611945, 25.250115500616744 ], [ 55.304106730355244, 25.250115500616737 ], [ 55.304061814591037, 25.250160416380947 ], [ 55.304119712632023, 25.250318311588956 ], [ 55.30416462840499, 25.250318311585445 ], [ 55.304209544173716, 25.250273395817626 ], [ 55.30415164611945, 25.250115500616744 ] ] ], [ [ [ 55.304231597012965, 25.246496246859689 ], [ 55.30414979663832, 25.246259746916369 ], [ 55.3040228, 25.2460333 ], [ 55.3038069, 25.2460939 ], [ 55.303882, 25.2463293 ], [ 55.304008996643034, 25.246555747031266 ], [ 55.304231597012965, 25.246496246859689 ] ] ], [ [ [ 55.3043639, 25.2310075 ], [ 55.3043041, 25.2310202 ], [ 55.3043121, 25.2310511 ], [ 55.304371358842765, 25.231156774963349 ], [ 55.30443115889053, 25.231144074941898 ], [ 55.3043639, 25.2310075 ] ] ], [ [ [ 55.304118583718832, 25.250091719905246 ], [ 55.304106730355244, 25.25002566908833 ], [ 55.304016898826831, 25.250025669088327 ], [ 55.30402875217441, 25.250091719911655 ], [ 55.304118583718832, 25.250091719905246 ] ] ], [ [ [ 55.302985593828218, 25.245623347790229 ], [ 55.303521294723453, 25.245485547377513 ], [ 55.303347660408534, 25.244742718275564 ], [ 55.303427502306228, 25.244705345857597 ], [ 55.303457432552605, 25.244778992982567 ], [ 55.303523085178178, 25.244762987060426 ], [ 55.303448, 25.244803 ], [ 55.30348750000001, 25.2449199 ], [ 55.303739795054881, 25.245392847208269 ], [ 55.303858395251318, 25.245360447116848 ], [ 55.303807455569448, 25.245252092852525 ], [ 55.303904095224361, 25.245236847078882 ], [ 55.303981578277941, 25.245145531746903 ], [ 55.304080795640715, 25.245322446945973 ], [ 55.304160995774488, 25.245301546884175 ], [ 55.3040151, 25.2450158 ], [ 55.3039349, 25.2450367 ], [ 55.303932668233323, 25.245084935032395 ], [ 55.303879494882551, 25.244917647089796 ], [ 55.3037525, 25.2446912 ], [ 55.303548124792258, 25.244749643419276 ], [ 55.3035097, 25.2446472 ], [ 55.303442588996184, 25.244663616168285 ], [ 55.303432993892152, 25.244635777383614 ], [ 55.303314051471652, 25.244635777389981 ], [ 55.3029376, 25.2438528 ], [ 55.3023905, 25.2439816 ], [ 55.3025072967962, 25.244216694766635 ], [ 55.3024953, 25.2443284 ], [ 55.302545800533629, 25.244418450926471 ], [ 55.3025189, 25.2444291 ], [ 55.3025425, 25.2445186 ], [ 55.302633511292775, 25.244680887943957 ], [ 55.3028586, 25.2453969 ], [ 55.302985593828218, 25.245623347790229 ] ] ], [ [ [ 55.304086666343004, 25.249147575272012 ], [ 55.3040101, 25.2489842 ], [ 55.303893, 25.249013 ], [ 55.303969566251098, 25.249176375314104 ], [ 55.304086666343004, 25.249147575272012 ] ] ], [ [ [ 55.3004801, 25.2510142 ], [ 55.300886483915356, 25.251738838867158 ], [ 55.301647325156068, 25.252984230338448 ], [ 55.301678739223057, 25.252967404200614 ], [ 55.303125568133176, 25.255284175685496 ], [ 55.303341968288926, 25.255198175607305 ], [ 55.30348686837759, 25.255104375554534 ], [ 55.303567997758627, 25.254841663395254 ], [ 55.303722704014021, 25.255123747461482 ], [ 55.303891304291227, 25.255075347331399 ], [ 55.303959304330135, 25.254976947276994 ], [ 55.303977404253217, 25.254856347260187 ], [ 55.3038314, 25.2545701 ], [ 55.3037482, 25.2544778 ], [ 55.303662348272411, 25.25453613708142 ], [ 55.303675368282278, 25.254493975480269 ], [ 55.303098876127187, 25.253536350482531 ], [ 55.303106802415066, 25.253484075093933 ], [ 55.303039801774453, 25.253333675207934 ], [ 55.302735, 25.2527902 ], [ 55.302642400000011, 25.2526628 ], [ 55.302561997933488, 25.252650395724825 ], [ 55.302553833283227, 25.252576993100316 ], [ 55.302385327550539, 25.252236628396865 ], [ 55.301962, 25.2514818 ], [ 55.301827951484377, 25.2514128206093 ], [ 55.3006398, 25.2492953 ], [ 55.300422, 25.2493956 ], [ 55.300798883706932, 25.250059686901061 ], [ 55.300339155529755, 25.250264036054237 ], [ 55.3000898, 25.249853 ], [ 55.2998838, 25.2499562 ], [ 55.3004801, 25.2510142 ] ], [ [ 55.302584806762667, 25.252855453515252 ], [ 55.302741120603834, 25.253133573200405 ], [ 55.302621817220519, 25.253188186875065 ], [ 55.302584806762667, 25.252855453515252 ] ] ], [ [ [ 55.304308330958399, 25.230071792847482 ], [ 55.3042596, 25.2299139 ], [ 55.3041481, 25.2299365 ], [ 55.304199230933406, 25.230094092858671 ], [ 55.304308330958399, 25.230071792847482 ] ] ], [ [ [ 55.304048562401988, 25.240084375181244 ], [ 55.3039189, 25.2397587 ], [ 55.3034672, 25.239877 ], [ 55.303581456184105, 25.240175103814853 ], [ 55.3035606, 25.2401804 ], [ 55.303788032160348, 25.240910692936151 ], [ 55.304027532213766, 25.240849592911552 ], [ 55.303902187965043, 25.240447734316795 ], [ 55.304137462612005, 25.240387975153048 ], [ 55.304024880127244, 25.24009057235839 ], [ 55.304048562401988, 25.240084375181244 ] ] ], [ [ [ 55.303710316433403, 25.245817750630483 ], [ 55.303794432796394, 25.246061892952451 ], [ 55.304022432847184, 25.246003192929027 ], [ 55.3038421, 25.2454571 ], [ 55.3036882, 25.2454893 ], [ 55.3036225, 25.245553 ], [ 55.303710316433403, 25.245817750630483 ] ] ], [ [ [ 55.303650411945796, 25.242309709391588 ], [ 55.3037473, 25.2426508 ], [ 55.30382176335997, 25.24277567529311 ], [ 55.30398726348875, 25.242732475233595 ], [ 55.303477562327302, 25.241090975396411 ], [ 55.3033229, 25.2407317 ], [ 55.3029586, 25.24083 ], [ 55.303154234005241, 25.241157786677736 ], [ 55.30311022152452, 25.241168955087566 ], [ 55.3028441, 25.2407394 ], [ 55.3021098, 25.241106 ], [ 55.302422361611221, 25.241609975778573 ], [ 55.30305080630081, 25.241290457172962 ], [ 55.3033439, 25.2422506 ], [ 55.303403162806383, 25.242356275437508 ], [ 55.303598362959072, 25.242307175367362 ], [ 55.303214179629805, 25.241158829166892 ], [ 55.303265739512952, 25.241145546134174 ], [ 55.303650411945796, 25.242309709391588 ] ] ], [ [ [ 55.304136077550623, 25.231393045486595 ], [ 55.304106730355244, 25.231340711178639 ], [ 55.304061814591037, 25.231340711178639 ], [ 55.304091161776192, 25.231437961258983 ], [ 55.304136077560209, 25.231437961251057 ], [ 55.304136077550623, 25.231393045486595 ] ] ], [ [ [ 55.3038446, 25.2468105 ], [ 55.3037853, 25.2468208 ], [ 55.303813332904895, 25.246903692953296 ], [ 55.303872732918748, 25.2468933929472 ], [ 55.3038446, 25.2468105 ] ] ], [ [ [ 55.303224056577662, 25.251781007724087 ], [ 55.30312563652177, 25.251607121121758 ], [ 55.303146815189919, 25.251596899294125 ], [ 55.3027737, 25.2509529 ], [ 55.3024682, 25.2511004 ], [ 55.303099500112268, 25.252189547865392 ], [ 55.303147319765678, 25.252192647676189 ], [ 55.303462201307127, 25.252733147601599 ], [ 55.303727701702051, 25.252611947395675 ], [ 55.303224056577662, 25.251781007724087 ] ] ], [ [ [ 55.303672812520411, 25.248929948659956 ], [ 55.303717728289932, 25.248885032891501 ], [ 55.303717728284958, 25.248840117127163 ], [ 55.303657572713185, 25.248768027690559 ], [ 55.303522825420565, 25.248812943454769 ], [ 55.303538065191944, 25.248885032907975 ], [ 55.303672812520411, 25.248929948659956 ] ] ], [ [ [ 55.3029639, 25.2383384 ], [ 55.303255139418418, 25.239123964472384 ], [ 55.303335191869806, 25.239401255100212 ], [ 55.3033085, 25.2394081 ], [ 55.3034386, 25.2398237 ], [ 55.303455531945616, 25.239853892966536 ], [ 55.303696131999246, 25.239792292941825 ], [ 55.303573772612836, 25.239401326355807 ], [ 55.303812661871106, 25.239339975256769 ], [ 55.303692256360357, 25.239028344404446 ], [ 55.303718661650016, 25.239021175286602 ], [ 55.3035881, 25.2387006 ], [ 55.303382651351207, 25.238756392098857 ], [ 55.303233891633042, 25.238333139810106 ], [ 55.303484161115982, 25.238266475361495 ], [ 55.303413960960611, 25.238050975384045 ], [ 55.3033547, 25.2379453 ], [ 55.30291651176951, 25.238062117683235 ], [ 55.302768, 25.23778 ], [ 55.3027293, 25.2377922 ], [ 55.3028162, 25.2380175 ], [ 55.303002643681189, 25.238328090133574 ], [ 55.3029639, 25.2383384 ] ] ], [ [ [ 55.3034704, 25.2426744 ], [ 55.303538632334956, 25.24284399296792 ], [ 55.303583732349999, 25.242872892963423 ], [ 55.303749932386701, 25.242827492946336 ], [ 55.3036186, 25.2424305 ], [ 55.3034303, 25.2424795 ], [ 55.303494919921008, 25.242667450259702 ], [ 55.3034704, 25.2426744 ] ] ], [ [ [ 55.303718432607795, 25.244687792955673 ], [ 55.3036835, 25.2446001 ], [ 55.3035681, 25.2446297 ], [ 55.303603132582104, 25.244717392967512 ], [ 55.303718432607795, 25.244687792955673 ] ] ], [ [ [ 55.303708132261661, 25.234494878980605 ], [ 55.303702488477398, 25.234439898908857 ], [ 55.303612656948978, 25.234439898908853 ], [ 55.303522825420565, 25.23448481467306 ], [ 55.303477909656358, 25.234529730437266 ], [ 55.303477909656358, 25.234574646201473 ], [ 55.303528469195129, 25.234629626279464 ], [ 55.303618300731159, 25.234629626276416 ], [ 55.303708132261661, 25.234494878980605 ] ] ], [ [ [ 55.303573384952088, 25.234360131692405 ], [ 55.303663216486278, 25.234315215925104 ], [ 55.303612656948978, 25.234170404323621 ], [ 55.303522825420565, 25.234125488559414 ], [ 55.303432993892152, 25.234125488559414 ], [ 55.30348355341421, 25.234315215931201 ], [ 55.303528469184066, 25.234360131693933 ], [ 55.303573384952088, 25.234360131692405 ] ] ], [ [ [ 55.303522825420565, 25.233541583624735 ], [ 55.303522825420565, 25.233631415153152 ], [ 55.303618300694303, 25.233731310991306 ], [ 55.303663216462311, 25.233731310989789 ], [ 55.303657572713185, 25.233541583624728 ], [ 55.303522825420565, 25.233541583624735 ] ] ], [ [ [ 55.30368296891136, 25.230083443384078 ], [ 55.303657572713185, 25.229993238252462 ], [ 55.303567741184771, 25.229993238252465 ], [ 55.303593137348685, 25.230083443397799 ], [ 55.30368296891136, 25.230083443384078 ] ] ], [ [ [ 55.3030402, 25.2298587 ], [ 55.30312353064793, 25.229997492967879 ], [ 55.303210230674217, 25.230031892959158 ], [ 55.303408330722242, 25.230012692938928 ], [ 55.303574030751513, 25.229908192921709 ], [ 55.303595830700601, 25.229449392917978 ], [ 55.3035678, 25.2293719 ], [ 55.3030475, 25.229472 ], [ 55.302939, 25.2295494 ], [ 55.3030402, 25.2298587 ] ] ], [ [ [ 55.3027642, 25.2427507 ], [ 55.302878132178748, 25.242940293035524 ], [ 55.303065932215034, 25.242846893016083 ], [ 55.302952, 25.2426572 ], [ 55.3027642, 25.2427507 ] ] ], [ [ [ 55.3027642, 25.2427507 ], [ 55.3025809, 25.2428419 ], [ 55.302705884247757, 25.243053916912018 ], [ 55.3022941, 25.2432647 ], [ 55.302453162466037, 25.243529775789739 ], [ 55.303383163089208, 25.24305377545269 ], [ 55.3032242, 25.2427886 ], [ 55.302887994358706, 25.2429606982294 ], [ 55.3027642, 25.2427507 ] ] ], [ [ [ 55.303393721883715, 25.234449963227025 ], [ 55.303483553419738, 25.234449963223973 ], [ 55.303477909656358, 25.23435006738044 ], [ 55.303388078127945, 25.23435006738044 ], [ 55.303393721883715, 25.234449963227025 ] ] ], [ [ [ 55.302986, 25.2402985 ], [ 55.303150131975983, 25.240731593000536 ], [ 55.303206431988556, 25.240717292994749 ], [ 55.303191260315756, 25.240679290936136 ], [ 55.30321663198923, 25.240701792993658 ], [ 55.30326593200023, 25.240689192988601 ], [ 55.303270555420603, 25.240658772420424 ], [ 55.303282832004612, 25.240689892986879 ], [ 55.303340732017524, 25.24067509298094 ], [ 55.303328390169234, 25.240643806985737 ], [ 55.303372289956627, 25.240632447371492 ], [ 55.303316489675417, 25.240443247409452 ], [ 55.303047327423151, 25.239782410034099 ], [ 55.303114088662433, 25.239764547547296 ], [ 55.303015888197649, 25.239464147614875 ], [ 55.3028889, 25.2392377 ], [ 55.3026867, 25.2392918 ], [ 55.302837943707914, 25.239686788534179 ], [ 55.3027927, 25.239698 ], [ 55.3028296, 25.2398198 ], [ 55.303026845938177, 25.240287950284305 ], [ 55.302986, 25.2402985 ] ] ], [ [ [ 55.303393721870819, 25.234135552877238 ], [ 55.303438637636987, 25.23409063711145 ], [ 55.303438637635139, 25.234045721347194 ], [ 55.303388078127945, 25.233990741266798 ], [ 55.303298246599532, 25.233945825502587 ], [ 55.303208415071126, 25.233945825502591 ], [ 55.303258974564926, 25.234090637117554 ], [ 55.303393721870819, 25.234135552877238 ] ] ], [ [ [ 55.303438637613027, 25.233506732176139 ], [ 55.303432993892152, 25.233451752096318 ], [ 55.303388078127945, 25.233451752096318 ], [ 55.303393721845019, 25.233506732177663 ], [ 55.303438637613027, 25.233506732176139 ] ] ], [ [ [ 55.3033188, 25.2378512 ], [ 55.30334033167513, 25.237895092971826 ], [ 55.303361331679781, 25.237889392969663 ], [ 55.3033399, 25.2378455 ], [ 55.3033188, 25.2378512 ] ] ], [ [ [ 55.303388078127945, 25.234709393494086 ], [ 55.303343162363738, 25.234709393494093 ], [ 55.303348806128596, 25.234764373578336 ], [ 55.303393721896619, 25.234764373576812 ], [ 55.303388078127945, 25.234709393494086 ] ] ], [ [ [ 55.30324286270568, 25.242453875495791 ], [ 55.3031747, 25.2423103 ], [ 55.3030972, 25.2423494 ], [ 55.303186162677804, 25.242506375516616 ], [ 55.30324286270568, 25.242453875495791 ] ] ], [ [ [ 55.303348806106477, 25.234225384407271 ], [ 55.303298246599532, 25.234170404323621 ], [ 55.303253330835325, 25.234170404323624 ], [ 55.303208415071126, 25.234215320087831 ], [ 55.303208415071126, 25.234260235852034 ], [ 55.303348806110165, 25.234315215935784 ], [ 55.303348806106477, 25.234225384407271 ] ] ], [ [ [ 55.303348806069621, 25.233327069122161 ], [ 55.303343162363738, 25.233272089039495 ], [ 55.303298246599532, 25.233272089039502 ], [ 55.303303890301613, 25.233327069123686 ], [ 55.303348806069621, 25.233327069122161 ] ] ], [ [ [ 55.303032709470791, 25.242258161941088 ], [ 55.303057262473402, 25.242298475560172 ], [ 55.303135462525297, 25.242257275531816 ], [ 55.3029795, 25.2420013 ], [ 55.3029013, 25.2420424 ], [ 55.303025419692993, 25.242246192836216 ], [ 55.3028356, 25.2423279 ], [ 55.302989362548473, 25.24261297558801 ], [ 55.30317976268271, 25.242530975519177 ], [ 55.303032709470791, 25.242258161941088 ] ] ], [ [ [ 55.302796733682996, 25.255319393084598 ], [ 55.30288233370802, 25.255345593075951 ], [ 55.302965133724314, 25.255306693067386 ], [ 55.30298753372179, 25.255239993064883 ], [ 55.3026948, 25.254718 ], [ 55.3026099, 25.2547239 ], [ 55.3025349, 25.2547597 ], [ 55.3025252, 25.2548 ], [ 55.302796733682996, 25.255319393084598 ] ] ], [ [ [ 55.303253330835325, 25.234754309258296 ], [ 55.303028752014299, 25.234754309258296 ], [ 55.303028752014299, 25.234799225022506 ], [ 55.303258974594407, 25.234809289345637 ], [ 55.303253330835325, 25.234754309258296 ] ] ], [ [ [ 55.303026732767094, 25.247410293035109 ], [ 55.3028558, 25.2471553 ], [ 55.3027333, 25.2472214 ], [ 55.302900532743685, 25.247480993048196 ], [ 55.303026732767094, 25.247410293035109 ] ] ], [ [ [ 55.303003594270962, 25.246065447787405 ], [ 55.3028296, 25.2456992 ], [ 55.3027121, 25.2457316 ], [ 55.302739441836884, 25.24581269673801 ], [ 55.302698, 25.2457388 ], [ 55.3025565, 25.2457764 ], [ 55.302726993808754, 25.246136648000494 ], [ 55.302868494044034, 25.246098947891458 ], [ 55.302858762169919, 25.246048833097007 ], [ 55.302886194076706, 25.246097747877897 ], [ 55.303003594270962, 25.246065447787405 ] ] ], [ [ [ 55.303011431913731, 25.240512693013944 ], [ 55.3029945, 25.2404825 ], [ 55.3027962, 25.2405277 ], [ 55.302859831901365, 25.240725493030087 ], [ 55.303058131946258, 25.240680293009735 ], [ 55.303011431913731, 25.240512693013944 ] ] ], [ [ [ 55.3028982, 25.2416572 ], [ 55.302982662194992, 25.241806675581099 ], [ 55.303037262232507, 25.241780875561336 ], [ 55.3029528, 25.2416314 ], [ 55.3028982, 25.2416572 ] ] ], [ [ [ 55.3028673, 25.2416684 ], [ 55.3023149, 25.2419448 ], [ 55.302470561911996, 25.242208275768288 ], [ 55.303023062284936, 25.241931875568142 ], [ 55.3028673, 25.2416684 ] ] ], [ [ [ 55.302996252377739, 25.233788303974055 ], [ 55.30313099969549, 25.233788303963987 ], [ 55.30313099969144, 25.23374338819967 ], [ 55.302983836250093, 25.233586499388945 ], [ 55.302938920485886, 25.233586499388942 ], [ 55.302938920485886, 25.233676330917351 ], [ 55.302996252377739, 25.233788303974055 ] ] ], [ [ [ 55.303124227260888, 25.234090637122126 ], [ 55.303118583542712, 25.234035657030997 ], [ 55.303073667778506, 25.234035657030997 ], [ 55.303079311492873, 25.234090637123646 ], [ 55.303124227260888, 25.234090637122126 ] ] ], [ [ [ 55.3027743, 25.240454 ], [ 55.302791231854201, 25.240484193036274 ], [ 55.302984031896635, 25.240430493016461 ], [ 55.302928901561195, 25.240268445979851 ], [ 55.302968388839545, 25.240257447670775 ], [ 55.302923088630195, 25.240124347702093 ], [ 55.3027961, 25.2398979 ], [ 55.3026032, 25.2399516 ], [ 55.3027743, 25.240454 ] ] ], [ [ [ 55.302889093652809, 25.245632847864197 ], [ 55.302720192847033, 25.245109547980316 ], [ 55.3025932, 25.2448831 ], [ 55.3020186, 25.2450348 ], [ 55.3021874, 25.2455581 ], [ 55.302314392695941, 25.245784548307043 ], [ 55.302889093652809, 25.245632847864197 ] ] ], [ [ [ 55.303034395759873, 25.234944036646027 ], [ 55.303028752014299, 25.234889056550916 ], [ 55.302938920485886, 25.234889056550912 ], [ 55.302944564223836, 25.234944036649072 ], [ 55.303034395759873, 25.234944036646027 ] ] ], [ [ [ 55.3027828, 25.2414322 ], [ 55.3020487, 25.2417968 ], [ 55.30215853187736, 25.241979893105647 ], [ 55.302892532019264, 25.24161539302969 ], [ 55.3027828, 25.2414322 ] ] ], [ [ [ 55.30109568626937, 25.246068401003996 ], [ 55.301210392202186, 25.246274663441181 ], [ 55.3008321, 25.2464575 ], [ 55.30109569141387, 25.246915149266105 ], [ 55.301123753521651, 25.246901586312209 ], [ 55.301232329912878, 25.247092196595837 ], [ 55.3011044, 25.2471546 ], [ 55.301915794548023, 25.248613248681551 ], [ 55.302176994934428, 25.248491748478969 ], [ 55.301398920510572, 25.247121691212975 ], [ 55.301540009554202, 25.247055039053503 ], [ 55.302220832661426, 25.248217693119869 ], [ 55.302795432774552, 25.247948793060448 ], [ 55.3026559, 25.2477044 ], [ 55.302297888687526, 25.247871941731692 ], [ 55.302225767127311, 25.247746607105039 ], [ 55.302260794390932, 25.24773024839611 ], [ 55.301787039527945, 25.246916636522574 ], [ 55.301839500771557, 25.246892821684444 ], [ 55.302210132572434, 25.247517393118653 ], [ 55.302465132622281, 25.247395093092273 ], [ 55.302065994575393, 25.246762628130782 ], [ 55.302069293088685, 25.246716248517338 ], [ 55.301793276899659, 25.246242043554204 ], [ 55.301834383920713, 25.246224597460721 ], [ 55.301780583510642, 25.246113797537451 ], [ 55.3011186, 25.2449598 ], [ 55.3006048, 25.245196 ], [ 55.30109568626937, 25.246068401003996 ] ], [ [ 55.301332582343001, 25.246407598236516 ], [ 55.30140553574725, 25.246406602652563 ], [ 55.30168529423176, 25.246876355504266 ], [ 55.301640829561762, 25.246896731281588 ], [ 55.3014221, 25.2465126 ], [ 55.301395973024761, 25.246524939740546 ], [ 55.301332582343001, 25.246407598236516 ] ] ], [ [ [ 55.3027031, 25.2421273 ], [ 55.3015948, 25.2426837 ], [ 55.301749361586964, 25.242944576033892 ], [ 55.302310212232591, 25.24266306442038 ], [ 55.302434362167553, 25.242876075788907 ], [ 55.302797662414591, 25.242698475657335 ], [ 55.302671304305214, 25.242481817131985 ], [ 55.302857662334333, 25.242388275632376 ], [ 55.3027031, 25.2421273 ] ] ], [ [ [ 55.302759257429059, 25.235383129957182 ], [ 55.302858118955925, 25.235399232897095 ], [ 55.302947950490626, 25.235309401363637 ], [ 55.302938920485886, 25.235248382664558 ], [ 55.302759257429059, 25.235248382664562 ], [ 55.302759257429059, 25.235383129957182 ] ] ], [ [ [ 55.3027747, 25.2388446 ], [ 55.302571, 25.2388961 ], [ 55.302684731673843, 25.239239393043022 ], [ 55.302888531719361, 25.239187893022091 ], [ 55.3027747, 25.2388446 ] ] ], [ [ [ 55.302780704931997, 25.243640959334307 ], [ 55.302825620710678, 25.24364095932852 ], [ 55.302804173193266, 25.243557799042666 ], [ 55.302759257429059, 25.243557799042669 ], [ 55.302780704931997, 25.243640959334307 ] ] ], [ [ [ 55.302860940718681, 25.234101707900738 ], [ 55.302905856490881, 25.23410170789753 ], [ 55.302894004721679, 25.234035657031001 ], [ 55.302849088957473, 25.234035657031001 ], [ 55.302860940718681, 25.234101707900738 ] ] ], [ [ [ 55.302763031773026, 25.239883193037173 ], [ 55.3026957, 25.2396958 ], [ 55.3024732, 25.2397542 ], [ 55.302540431723564, 25.23994149306003 ], [ 55.302763031773026, 25.239883193037173 ] ] ], [ [ [ 55.302605, 25.2374594 ], [ 55.302755186087303, 25.237717347770829 ], [ 55.302788886132852, 25.237697047744586 ], [ 55.3026388, 25.2374391 ], [ 55.302605, 25.2374594 ] ] ], [ [ [ 55.302601041824268, 25.243685875121876 ], [ 55.302645957602962, 25.243685875116082 ], [ 55.302690873374637, 25.243640959345896 ], [ 55.302669425900653, 25.243557799042666 ], [ 55.30257959437224, 25.243557799042662 ], [ 55.302601041824268, 25.243685875121876 ] ] ], [ [ [ 55.3024759, 25.2474044 ], [ 55.302184, 25.247542 ], [ 55.302338632641309, 25.24781099310653 ], [ 55.302630532698664, 25.24767339307634 ], [ 55.3024759, 25.2474044 ] ] ], [ [ [ 55.302489932553783, 25.24678769308775 ], [ 55.302627432580842, 25.246723293073519 ], [ 55.3025425, 25.2465743 ], [ 55.3024026, 25.2466398 ], [ 55.302489932553783, 25.24678769308775 ] ] ], [ [ [ 55.30254743162007, 25.239086393056496 ], [ 55.3025076, 25.2389924 ], [ 55.3024624, 25.2390057 ], [ 55.302498952316036, 25.239091954717676 ], [ 55.3023549, 25.2391269 ], [ 55.302548831695532, 25.239696493058375 ], [ 55.302723731733309, 25.239641793040374 ], [ 55.302667387388752, 25.239308347877234 ], [ 55.30254743162007, 25.239086393056496 ] ] ], [ [ [ 55.302725629033546, 25.234100701476301 ], [ 55.302770544805362, 25.234100701473253 ], [ 55.302759257429059, 25.234035657031004 ], [ 55.30271434166486, 25.234035657031001 ], [ 55.302725629033546, 25.234100701476301 ] ] ], [ [ [ 55.30266116147935, 25.240810475684217 ], [ 55.302536631266818, 25.240597393069493 ], [ 55.302595161316418, 25.240568775704954 ], [ 55.302447, 25.2403143 ], [ 55.3013315, 25.2408597 ], [ 55.301453080580778, 25.241068523225394 ], [ 55.3014218, 25.2410839 ], [ 55.301574260741567, 25.241344676077826 ], [ 55.30266116147935, 25.240810475684217 ] ] ], [ [ [ 55.3013526, 25.2370703 ], [ 55.301958511614288, 25.238097194778703 ], [ 55.3018573, 25.2381495 ], [ 55.302082085554268, 25.238531148305054 ], [ 55.302168185677566, 25.238486748238191 ], [ 55.302195085622905, 25.238371948214809 ], [ 55.302060159994049, 25.23813901257888 ], [ 55.302131090145323, 25.238135642641979 ], [ 55.302356142287948, 25.238487563014136 ], [ 55.3023203, 25.2386027 ], [ 55.302496786697105, 25.238911847997734 ], [ 55.302662086941439, 25.238834847869565 ], [ 55.302553591442823, 25.238646742183775 ], [ 55.302643686692484, 25.238603247877894 ], [ 55.302293, 25.238015 ], [ 55.302239020582938, 25.238040137074368 ], [ 55.302235485314363, 25.237954248173615 ], [ 55.3016725, 25.237013 ], [ 55.301580419900525, 25.236979708932417 ], [ 55.301559719521691, 25.236926231413999 ], [ 55.301668346387054, 25.236876058926125 ], [ 55.301613544917053, 25.236750459184368 ], [ 55.300767, 25.2352408 ], [ 55.2999128, 25.2355453 ], [ 55.30081423739864, 25.237180963324541 ], [ 55.30120644176619, 25.237079961311277 ], [ 55.301463630173792, 25.236970612979857 ], [ 55.30148333436383, 25.237003481729982 ], [ 55.3013526, 25.2370703 ] ] ], [ [ [ 55.30271434166486, 25.233496667860532 ], [ 55.302534678608033, 25.233317004803705 ], [ 55.30244484707962, 25.233317004803705 ], [ 55.30244484707962, 25.233406836332115 ], [ 55.302502178859037, 25.233563725189363 ], [ 55.302592010408262, 25.233608640946983 ], [ 55.302726757726013, 25.233608640936911 ], [ 55.30271434166486, 25.233496667860532 ] ] ], [ [ [ 55.3022531, 25.2461007 ], [ 55.3021246, 25.2461656 ], [ 55.302402832513124, 25.246637593096121 ], [ 55.302537332539167, 25.246571093082196 ], [ 55.3022531, 25.2461007 ] ] ], [ [ [ 55.2987206, 25.2499153 ], [ 55.299194032198159, 25.250712093436455 ], [ 55.299430458252324, 25.250579754970776 ], [ 55.299488872771491, 25.250579754961592 ], [ 55.299488872767022, 25.250503037279714 ], [ 55.299584081652839, 25.250669953873597 ], [ 55.2992617, 25.2508303 ], [ 55.299627890338101, 25.251450159630991 ], [ 55.2993353, 25.2516033 ], [ 55.299719808218079, 25.252245492051106 ], [ 55.299608932610589, 25.25230089382821 ], [ 55.2992286, 25.2516509 ], [ 55.298999, 25.2517589 ], [ 55.299440693407654, 25.252494250668832 ], [ 55.2994744108547, 25.252476530242223 ], [ 55.299680532582137, 25.252823993393886 ], [ 55.300243132693787, 25.252567593335719 ], [ 55.299996356677447, 25.252214367327806 ], [ 55.300123190722907, 25.252150104152779 ], [ 55.301106497779074, 25.253782849427907 ], [ 55.301204197988923, 25.253808049353871 ], [ 55.30145126467972, 25.253687186599045 ], [ 55.301658662387418, 25.254027695381719 ], [ 55.301912850491085, 25.254459132068195 ], [ 55.301851365933018, 25.254491530408163 ], [ 55.3016348, 25.2541342 ], [ 55.3014144, 25.2542467 ], [ 55.301850300323558, 25.254999348889569 ], [ 55.301912900500582, 25.255061548843273 ], [ 55.301964800593041, 25.255054348803419 ], [ 55.302363101175821, 25.254861948494241 ], [ 55.302422501224456, 25.254791848447113 ], [ 55.30216, 25.2543289 ], [ 55.302136728237258, 25.254341162768849 ], [ 55.301662592036607, 25.253594143260536 ], [ 55.301737483653703, 25.253594143251654 ], [ 55.301737483650008, 25.253549227487355 ], [ 55.301654154032605, 25.253529098700731 ], [ 55.3012964, 25.2528633 ], [ 55.300941325355126, 25.253047709114028 ], [ 55.300898000574364, 25.252970456262762 ], [ 55.301214532971628, 25.252815393237565 ], [ 55.3011131, 25.2526441 ], [ 55.300800806106054, 25.252797147451396 ], [ 55.300732006631989, 25.25267714800377 ], [ 55.300822769792383, 25.252628328165745 ], [ 55.300858132864867, 25.252685293273451 ], [ 55.301079032907175, 25.252572193250568 ], [ 55.3007923, 25.2520552 ], [ 55.300608, 25.2518017 ], [ 55.3005393, 25.2518029 ], [ 55.300287238811059, 25.251927178556933 ], [ 55.299911865709447, 25.251310158706858 ], [ 55.300018814402343, 25.251256946302082 ], [ 55.30032413261889, 25.251792193324906 ], [ 55.30047183264751, 25.25171929330962 ], [ 55.300162729933632, 25.25118534081723 ], [ 55.300220393660759, 25.251156650039935 ], [ 55.3000934, 25.2509302 ], [ 55.2998536, 25.2505359 ], [ 55.299817412753868, 25.250553898972033 ], [ 55.299634, 25.2502325 ], [ 55.2993989, 25.2503453 ], [ 55.299472781555174, 25.250474826731349 ], [ 55.299392037063967, 25.250518280545023 ], [ 55.2993158, 25.2503963 ], [ 55.299281711750901, 25.250414051977717 ], [ 55.2989359, 25.2498129 ], [ 55.2987206, 25.2499153 ] ] ], [ [ [ 55.30257959437224, 25.235203466900359 ], [ 55.302636361954413, 25.235224602024481 ], [ 55.302681277722748, 25.235179686256977 ], [ 55.302669425900653, 25.235113635371945 ], [ 55.30257959437224, 25.235113635371945 ], [ 55.30257959437224, 25.235203466900359 ] ] ], [ [ [ 55.302680713246986, 25.233921038422132 ], [ 55.30257959437224, 25.233900909738388 ], [ 55.302534678608033, 25.233990741266798 ], [ 55.302545965942564, 25.234055785724191 ], [ 55.302590881714387, 25.234055785721154 ], [ 55.302680713250666, 25.233965954186445 ], [ 55.302680713246986, 25.233921038422132 ] ] ], [ [ [ 55.3024079, 25.2429341 ], [ 55.3022165, 25.2430277 ], [ 55.302331432074297, 25.243221893092141 ], [ 55.302522832111478, 25.243128293072324 ], [ 55.3024079, 25.2429341 ] ] ], [ [ [ 55.302375632772126, 25.248796593106007 ], [ 55.30222950000001, 25.2485496 ], [ 55.3019804, 25.248671 ], [ 55.30212663272372, 25.248918093131785 ], [ 55.302375632772126, 25.248796593106007 ] ] ], [ [ [ 55.30245669885398, 25.235089854744359 ], [ 55.302546530398388, 25.235089854737954 ], [ 55.302534678608033, 25.234978888079329 ], [ 55.30244484707962, 25.234978888079326 ], [ 55.30245669885398, 25.235089854744359 ] ] ], [ [ [ 55.30235149128228, 25.244177348238953 ], [ 55.3021796, 25.2438686 ], [ 55.3021185, 25.2438957 ], [ 55.30219173363394, 25.244028136017423 ], [ 55.3021634, 25.2440406 ], [ 55.302335391410402, 25.244349348255504 ], [ 55.302415991529614, 25.244311848192993 ], [ 55.30235149128228, 25.244177348238953 ] ] ], [ [ [ 55.299626181361326, 25.239065850193857 ], [ 55.299654460816924, 25.239051501684624 ], [ 55.30024068342108, 25.240026749748434 ], [ 55.300336083623819, 25.240049149676132 ], [ 55.300781515857167, 25.239834967023409 ], [ 55.300880993958607, 25.240012364341094 ], [ 55.300834, 25.2400354 ], [ 55.301006983562189, 25.240335104385366 ], [ 55.3006576, 25.2405097 ], [ 55.300956660046424, 25.241007976294068 ], [ 55.301875560666893, 25.240548675961232 ], [ 55.3015765, 25.2400505 ], [ 55.301169320325215, 25.240253980222324 ], [ 55.301089200989033, 25.240115203768735 ], [ 55.30111727177654, 25.240101299023983 ], [ 55.301166831403997, 25.240184693200725 ], [ 55.301720031511366, 25.239913493143487 ], [ 55.30166920243294, 25.239827900753333 ], [ 55.301703144994107, 25.239811087230986 ], [ 55.301783199886827, 25.239950193589809 ], [ 55.3016586, 25.240011 ], [ 55.30195146071712, 25.240508375933718 ], [ 55.302459461062718, 25.240260475749768 ], [ 55.302405860889671, 25.239969675765529 ], [ 55.302316229868417, 25.239815533163672 ], [ 55.302353787240726, 25.239796148128832 ], [ 55.302218067085533, 25.239556017871983 ], [ 55.302304487035016, 25.239675248163497 ], [ 55.302356087108826, 25.239648548123427 ], [ 55.3020586, 25.2391417 ], [ 55.302023381731438, 25.239159232309913 ], [ 55.302045086053141, 25.239147948348581 ], [ 55.3018523, 25.238809 ], [ 55.301771208100448, 25.238794288248602 ], [ 55.301789735133134, 25.238695193189923 ], [ 55.301748189930592, 25.238646906852065 ], [ 55.301783219686307, 25.238611877098677 ], [ 55.301905857909439, 25.238632214921701 ], [ 55.301907, 25.2388057 ], [ 55.302085686101535, 25.239116448316786 ], [ 55.302254086342835, 25.239029748186027 ], [ 55.3020322, 25.2386486 ], [ 55.301969398238661, 25.238680101427978 ], [ 55.301935831674825, 25.238617064981526 ], [ 55.301989085431273, 25.23859014837754 ], [ 55.301762, 25.2382015 ], [ 55.3015996, 25.2382943 ], [ 55.30173427953698, 25.23852723345821 ], [ 55.301691756395918, 25.238527233454413 ], [ 55.3015732, 25.2383229 ], [ 55.3014163, 25.2384092 ], [ 55.301893019413981, 25.239224128978865 ], [ 55.300957984478771, 25.239689600370539 ], [ 55.3006173, 25.2390894 ], [ 55.2999276, 25.2380102 ], [ 55.2996167, 25.2381689 ], [ 55.300272046879059, 25.239262531407753 ], [ 55.300232744501017, 25.239282239982117 ], [ 55.2999088, 25.2387514 ], [ 55.29985617885103, 25.238778030347653 ], [ 55.2995177, 25.2382232 ], [ 55.29927101667473, 25.23834828237084 ], [ 55.2992034, 25.2382313 ], [ 55.29915530000001, 25.2382575 ], [ 55.299213, 25.2383777 ], [ 55.299626181361326, 25.239065850193857 ] ], [ [ 55.302010011869839, 25.239839505873217 ], [ 55.301930758751681, 25.239698337925095 ], [ 55.30199106581474, 25.239668464504859 ], [ 55.30207207018082, 25.239809220369981 ], [ 55.302010011869839, 25.239839505873217 ] ] ], [ [ [ 55.302078, 25.2386311 ], [ 55.3022995864183, 25.239017448150964 ], [ 55.302458786649979, 25.238939348027436 ], [ 55.3022591, 25.23859 ], [ 55.3021699, 25.2385867 ], [ 55.302078, 25.2386311 ] ] ], [ [ [ 55.302368491601975, 25.244488348233652 ], [ 55.3021146, 25.2440379 ], [ 55.3019607, 25.2441092 ], [ 55.302214591374167, 25.244559748352998 ], [ 55.302368491601975, 25.244488348233652 ] ] ], [ [ [ 55.30250048582532, 25.234324273878247 ], [ 55.30244484707962, 25.23426023585203 ], [ 55.302399931315414, 25.23426023585203 ], [ 55.302355015551207, 25.234305151616237 ], [ 55.302365738517992, 25.234414105415532 ], [ 55.302455570060872, 25.234414105409741 ], [ 55.302500485828823, 25.23436918964255 ], [ 55.30250048582532, 25.234324273878247 ] ] ], [ [ [ 55.302379761578884, 25.241622975793906 ], [ 55.3020572, 25.2411409 ], [ 55.3013247, 25.241507 ], [ 55.301647261084518, 25.241989676059255 ], [ 55.302379761578884, 25.241622975793906 ] ] ], [ [ [ 55.302456134446821, 25.234639690666249 ], [ 55.30244484707962, 25.234574646201473 ], [ 55.302399931315414, 25.234574646201473 ], [ 55.302411218675005, 25.234639690669297 ], [ 55.302456134446821, 25.234639690666249 ] ] ], [ [ [ 55.30244484707962, 25.230622058951347 ], [ 55.30246008458343, 25.230649232685092 ], [ 55.302505000357925, 25.230649232680967 ], [ 55.302489762843827, 25.230577143187137 ], [ 55.30244484707962, 25.230577143187141 ], [ 55.30244484707962, 25.230622058951347 ] ] ], [ [ [ 55.3021567, 25.2445715 ], [ 55.3020842, 25.2446087 ], [ 55.302197632233664, 25.244792593110944 ], [ 55.30227013224755, 25.244755393103436 ], [ 55.3021567, 25.2445715 ] ] ], [ [ [ 55.302127892021097, 25.245439348440993 ], [ 55.302064791719246, 25.245242948484339 ], [ 55.3019378, 25.2450165 ], [ 55.3013409, 25.2451874 ], [ 55.3013501, 25.2452541 ], [ 55.301772691855433, 25.245994048726086 ], [ 55.302245092606519, 25.245830948361132 ], [ 55.302127892021097, 25.245439348440993 ] ] ], [ [ [ 55.302416709062953, 25.233302560875497 ], [ 55.3023825, 25.2332423 ], [ 55.302362100000011, 25.2332518 ], [ 55.302396409059625, 25.233312060877253 ], [ 55.302416709062953, 25.233302560875497 ] ] ], [ [ [ 55.302355015551207, 25.230622058951347 ], [ 55.302414040105504, 25.23064721981978 ], [ 55.302399931315414, 25.230577143187141 ], [ 55.302355015551207, 25.230577143187141 ], [ 55.302355015551207, 25.230622058951347 ] ] ], [ [ [ 55.3018507, 25.2419029 ], [ 55.301671, 25.242 ], [ 55.301795417326296, 25.242204329205666 ], [ 55.3017493, 25.2422274 ], [ 55.301900661523135, 25.24248377597463 ], [ 55.302090161651023, 25.242388875905988 ], [ 55.301964357037264, 25.24217587162935 ], [ 55.302005661474354, 25.242153575933386 ], [ 55.3018507, 25.2419029 ] ] ], [ [ [ 55.301812, 25.2439228 ], [ 55.301860032051295, 25.244009293142746 ], [ 55.301974132073262, 25.243951893130937 ], [ 55.3019237, 25.2438634 ], [ 55.301812, 25.2439228 ] ] ], [ [ [ 55.301196, 25.2474488 ], [ 55.3010311, 25.247197 ], [ 55.3008735, 25.2472713 ], [ 55.3008365, 25.2473187 ], [ 55.3009478, 25.2475672 ], [ 55.301626494122011, 25.248749948905989 ], [ 55.30188769450843, 25.248628448703396 ], [ 55.301196, 25.2474488 ] ] ], [ [ [ 55.301995689437561, 25.234664477729886 ], [ 55.301950773673354, 25.234664477729886 ], [ 55.301905857909148, 25.234709393494093 ], [ 55.301905857909148, 25.234799225022506 ], [ 55.3019620609752, 25.23486426952131 ], [ 55.302006976747023, 25.234864269518265 ], [ 55.302051892515159, 25.234819353750908 ], [ 55.302051892507791, 25.234729522222306 ], [ 55.301995689437561, 25.234664477729886 ] ] ], [ [ [ 55.301905857909148, 25.234035657031001 ], [ 55.301915452062026, 25.234187513749418 ], [ 55.302050199374065, 25.234187513741638 ], [ 55.302050199364672, 25.234052766448769 ], [ 55.301995689437561, 25.233990741266805 ], [ 55.301950773673354, 25.233990741266801 ], [ 55.301905857909148, 25.234035657031001 ] ] ], [ [ [ 55.300815012006836, 25.253610702779909 ], [ 55.3006213, 25.2532791 ], [ 55.300457, 25.2533607 ], [ 55.300651291124574, 25.253693241998334 ], [ 55.300626342324755, 25.253705819808033 ], [ 55.3004485, 25.2533721 ], [ 55.3002873, 25.2534518 ], [ 55.300478096969215, 25.253779588578958 ], [ 55.3003028, 25.2538703 ], [ 55.30094582757873, 25.254963336544307 ], [ 55.3009026, 25.2549861 ], [ 55.301060899058037, 25.255261149499358 ], [ 55.301117199138098, 25.2552314494556 ], [ 55.301058337752799, 25.255119503815742 ], [ 55.301240199545148, 25.25541774936621 ], [ 55.30171060021528, 25.255170849000585 ], [ 55.301730300156692, 25.255066748982959 ], [ 55.3008533, 25.2535914 ], [ 55.300815012006836, 25.253610702779909 ] ], [ [ 55.300965597994022, 25.254306649548553 ], [ 55.301098887333374, 25.254531488018674 ], [ 55.301032389119058, 25.254564221397544 ], [ 55.300593591586335, 25.253861634785132 ], [ 55.300662096971962, 25.253827749768615 ], [ 55.300646363407118, 25.253774095430096 ], [ 55.300965597994022, 25.254306649548553 ] ] ], [ [ [ 55.301917709587528, 25.235089854782778 ], [ 55.302007541131935, 25.235089854776383 ], [ 55.301995689437561, 25.234978888079326 ], [ 55.301905857909148, 25.234978888079326 ], [ 55.301917709587528, 25.235089854782778 ] ] ], [ [ [ 55.302006976632782, 25.233471880824816 ], [ 55.301950773673354, 25.233406836332115 ], [ 55.301905857909148, 25.233406836332119 ], [ 55.301860942144941, 25.233451752096322 ], [ 55.30187222932468, 25.233561712362565 ], [ 55.301962060868327, 25.233561712356472 ], [ 55.302006976636463, 25.233516796589125 ], [ 55.302006976632782, 25.233471880824816 ] ] ], [ [ [ 55.301810161969001, 25.243705376021012 ], [ 55.3017199, 25.2435476 ], [ 55.301663, 25.2435753 ], [ 55.301753261930301, 25.243733176041612 ], [ 55.301810161969001, 25.243705376021012 ] ] ], [ [ [ 55.301917709599131, 25.235224602075707 ], [ 55.301905857909148, 25.235203466900362 ], [ 55.301816026380735, 25.235203466900362 ], [ 55.301816026380735, 25.235248382664562 ], [ 55.301827878058596, 25.235269517846422 ], [ 55.301917709603003, 25.235269517840017 ], [ 55.301917709599131, 25.235224602075707 ] ] ], [ [ [ 55.301154131914714, 25.244359093215806 ], [ 55.301744132030379, 25.24407899315479 ], [ 55.301773432033499, 25.244043693151685 ], [ 55.3017304, 25.2439869 ], [ 55.3011111, 25.2442906 ], [ 55.301154131914714, 25.244359093215806 ] ] ], [ [ [ 55.301671185505548, 25.239327648638607 ], [ 55.301835985748667, 25.239250348510819 ], [ 55.3016149, 25.238861 ], [ 55.3015254, 25.2389033 ], [ 55.3015002, 25.2390251 ], [ 55.301671185505548, 25.239327648638607 ] ] ], [ [ [ 55.301606441137579, 25.243614901472561 ], [ 55.3014785, 25.2434002 ], [ 55.3005667, 25.2438604 ], [ 55.300870561404402, 25.244337276363261 ], [ 55.301771262010597, 25.243882276036924 ], [ 55.301606441137579, 25.243614901472561 ] ] ], [ [ [ 55.30186715010349, 25.233777233251939 ], [ 55.301860942144941, 25.233721246681558 ], [ 55.301771110616528, 25.233721246681558 ], [ 55.3017773185667, 25.233777233255289 ], [ 55.30186715010349, 25.233777233251939 ] ] ], [ [ [ 55.301714661577655, 25.242994676046841 ], [ 55.3015618, 25.2427225 ], [ 55.3013775, 25.2428072 ], [ 55.301530261449905, 25.243079376113563 ], [ 55.301714661577655, 25.242994676046841 ] ] ], [ [ [ 55.301780704753121, 25.234232429521473 ], [ 55.3018256205238, 25.234232429518887 ], [ 55.301816026380735, 25.234170404323621 ], [ 55.301771110616528, 25.234170404323624 ], [ 55.301780704753121, 25.234232429521473 ] ] ], [ [ [ 55.301825620517533, 25.234142597990306 ], [ 55.301816026380735, 25.234080572795211 ], [ 55.301726194852336, 25.2340805727952 ], [ 55.301735788976181, 25.234142597995493 ], [ 55.301825620517533, 25.234142597990306 ] ] ], [ [ [ 55.3014687, 25.239028 ], [ 55.3014252, 25.2389877 ], [ 55.3013454, 25.2389839 ], [ 55.3012554, 25.2390246 ], [ 55.301474385213183, 25.239417748791148 ], [ 55.301643585465435, 25.239341248660022 ], [ 55.3014687, 25.239028 ] ] ], [ [ [ 55.301591447559709, 25.233227173275292 ], [ 55.301591447559709, 25.233361920567908 ], [ 55.30165329402115, 25.233437029461026 ], [ 55.301698209796783, 25.233437029456454 ], [ 55.301698209774671, 25.233257366399034 ], [ 55.301681279088122, 25.233227173275292 ], [ 55.301591447559709, 25.233227173275292 ] ] ], [ [ [ 55.301502984746762, 25.238853448755322 ], [ 55.301595484881368, 25.238808048683552 ], [ 55.3013719, 25.2384207 ], [ 55.3012092, 25.2385059 ], [ 55.301381884474132, 25.238808448846694 ], [ 55.301502984746762, 25.238853448755322 ] ] ], [ [ [ 55.301603299170488, 25.23495510751226 ], [ 55.301648214942695, 25.234955107509055 ], [ 55.301636363323915, 25.234889056550912 ], [ 55.301591447559709, 25.234889056550909 ], [ 55.301603299170488, 25.23495510751226 ] ] ], [ [ [ 55.301591447559709, 25.230981385064993 ], [ 55.301644828522299, 25.230996481625649 ], [ 55.301636363323915, 25.23093646930079 ], [ 55.301591447559709, 25.230936469300783 ], [ 55.301591447559709, 25.230981385064993 ] ] ], [ [ [ 55.301550583664856, 25.237583148687509 ], [ 55.3012715, 25.2371184 ], [ 55.3005398, 25.2375007 ], [ 55.300818982621735, 25.237965449255693 ], [ 55.301550583664856, 25.237583148687509 ] ] ], [ [ [ 55.301607813846452, 25.233076696913049 ], [ 55.301591447559709, 25.233047510218469 ], [ 55.301456700267089, 25.233047510218469 ], [ 55.301411784502882, 25.233092425982672 ], [ 55.301428150761481, 25.233211444223777 ], [ 55.301562898087234, 25.233211444210518 ], [ 55.301607813857139, 25.233166528441743 ], [ 55.301607813846452, 25.233076696913049 ] ] ], [ [ [ 55.3002562, 25.2433575 ], [ 55.300542060892177, 25.243827676474464 ], [ 55.301459661506314, 25.243356176141919 ], [ 55.3013004, 25.2430913 ], [ 55.3011247199331, 25.243181591415333 ], [ 55.301013, 25.2429896 ], [ 55.3002562, 25.2433575 ] ] ], [ [ [ 55.300615608333779, 25.247985715115814 ], [ 55.300805892161534, 25.248323549522389 ], [ 55.300838295919057, 25.248308125464956 ], [ 55.30105339299373, 25.248712949342941 ], [ 55.301348593432216, 25.248577549114049 ], [ 55.3006696, 25.247424 ], [ 55.300579775488849, 25.247464205522366 ], [ 55.300475582258045, 25.24728954962276 ], [ 55.300538501246713, 25.247259350479748 ], [ 55.3002663, 25.2467893 ], [ 55.3001512, 25.2468445 ], [ 55.300073, 25.2470042 ], [ 55.300246220853857, 25.247300633765665 ], [ 55.3002214, 25.2473129 ], [ 55.300615608333779, 25.247985715115814 ] ] ], [ [ [ 55.301344084415938, 25.238823548875935 ], [ 55.3011744, 25.2385281 ], [ 55.3010105, 25.2386137 ], [ 55.301232984361704, 25.238994448965016 ], [ 55.301321784489616, 25.238949448896079 ], [ 55.301344084415938, 25.238823548875935 ] ] ], [ [ [ 55.301040224308473, 25.239069315123373 ], [ 55.301137984207379, 25.239023649038291 ], [ 55.3009188, 25.2386434 ], [ 55.3007528, 25.2387267 ], [ 55.300836846110009, 25.23887388918763 ], [ 55.3007218, 25.2389358 ], [ 55.300831231185853, 25.23910629323133 ], [ 55.300944134566393, 25.239045545255365 ], [ 55.300963454060991, 25.23905811349556 ], [ 55.3008445, 25.239121 ], [ 55.301054784473379, 25.239483749113234 ], [ 55.301158284620392, 25.239429049032832 ], [ 55.301181453874236, 25.239312311029991 ], [ 55.301330531329739, 25.239243093180942 ], [ 55.3012208, 25.2390496 ], [ 55.3011332, 25.2390903 ], [ 55.301098174172552, 25.239169022273948 ], [ 55.301040224308473, 25.239069315123373 ] ] ], [ [ [ 55.301378720363637, 25.235583928228603 ], [ 55.301366868738675, 25.235517877249798 ], [ 55.301321952974469, 25.235517877249791 ], [ 55.30133380459143, 25.235583928231801 ], [ 55.301378720363637, 25.235583928228603 ] ] ], [ [ [ 55.301336154312487, 25.234699731770554 ], [ 55.301384257713373, 25.234708576068847 ], [ 55.301384257696967, 25.234670476068406 ], [ 55.301262223448688, 25.234492043488231 ], [ 55.301281330733168, 25.234497893170285 ], [ 55.301279530724557, 25.234431593170243 ], [ 55.3011722, 25.2343097 ], [ 55.3011197, 25.2343092 ], [ 55.3010826, 25.234342 ], [ 55.301118930680232, 25.234403493186505 ], [ 55.301247899788223, 25.234487658307433 ], [ 55.3011606, 25.2344859 ], [ 55.301202161329662, 25.234615936190099 ], [ 55.3011203, 25.2346059 ], [ 55.3011027, 25.2347239 ], [ 55.301125830740368, 25.234877793187358 ], [ 55.301300130787588, 25.234901193169701 ], [ 55.301336154312487, 25.234699731770554 ] ] ], [ [ [ 55.299599531338586, 25.242893093369275 ], [ 55.299787151138474, 25.242802450048533 ], [ 55.299899185512309, 25.242997750082949 ], [ 55.300063985753461, 25.24291824995511 ], [ 55.299959088509112, 25.242696845828707 ], [ 55.300084385790825, 25.242916549939494 ], [ 55.300176285925787, 25.242872749868212 ], [ 55.300052430134791, 25.242655573533039 ], [ 55.30012598559923, 25.242623049900434 ], [ 55.299963215282325, 25.242328268961863 ], [ 55.299984168693314, 25.242317821633247 ], [ 55.30027128607054, 25.242833149794677 ], [ 55.300388561504981, 25.242776460419378 ], [ 55.300449483088649, 25.24287946564997 ], [ 55.3002708, 25.2429713 ], [ 55.300432060540643, 25.243239276506863 ], [ 55.300973160902764, 25.242961176310772 ], [ 55.300842605509189, 25.242744225170174 ], [ 55.301028660818488, 25.24265087628741 ], [ 55.300953510463586, 25.242523813780387 ], [ 55.301273687550569, 25.242364049017404 ], [ 55.3009088, 25.2417292 ], [ 55.300763138122335, 25.241802933998681 ], [ 55.300532779874516, 25.241355980998936 ], [ 55.300983885858521, 25.241130549208201 ], [ 55.3006195, 25.2405156 ], [ 55.300374387597763, 25.240638103911127 ], [ 55.300307343721684, 25.240522620495714 ], [ 55.300339484054255, 25.240508349684927 ], [ 55.3001765, 25.2402156 ], [ 55.3001248, 25.2402385 ], [ 55.300192055329568, 25.240359418795759 ], [ 55.29994045242524, 25.240484375034452 ], [ 55.2998227, 25.2402811 ], [ 55.299129, 25.2406246 ], [ 55.299256071512204, 25.240843963748663 ], [ 55.2990862, 25.2409217 ], [ 55.299251717993975, 25.241217227583206 ], [ 55.2990969, 25.2412927 ], [ 55.299394835856681, 25.241806440567242 ], [ 55.2993672, 25.241861 ], [ 55.299654671876411, 25.242345917907937 ], [ 55.2993555, 25.2424782 ], [ 55.299599531338586, 25.242893093369275 ] ], [ [ 55.3002979, 25.2423247 ], [ 55.300462539168194, 25.242609851307947 ], [ 55.300399631099971, 25.242641413701342 ], [ 55.300168522497138, 25.242225902986057 ], [ 55.300229791959019, 25.242195354001399 ], [ 55.3002979, 25.2423247 ] ], [ [ 55.299368237968274, 25.241007039264101 ], [ 55.299780137290711, 25.240803079295027 ], [ 55.29983954453548, 25.240905409013109 ], [ 55.2996983, 25.240976 ], [ 55.300007387857804, 25.241500584288239 ], [ 55.299979435585072, 25.2415145413629 ], [ 55.2996846, 25.2410062 ], [ 55.299435757884865, 25.241127509405594 ], [ 55.299368237968274, 25.241007039264101 ] ] ], [ [ [ 55.3009407, 25.246766 ], [ 55.3007528, 25.2468522 ], [ 55.300953162708957, 25.24719337636683 ], [ 55.30114206283897, 25.247104576298465 ], [ 55.3009407, 25.246766 ] ] ], [ [ [ 55.30108413064908, 25.23422229318944 ], [ 55.301179230675089, 25.234236993179813 ], [ 55.301246430679022, 25.23413009317262 ], [ 55.3012159, 25.2340348 ], [ 55.3011098, 25.234108 ], [ 55.3010672, 25.2341921 ], [ 55.30108413064908, 25.23422229318944 ] ] ], [ [ [ 55.301243972907734, 25.233966960723048 ], [ 55.301232121446063, 25.233900909738384 ], [ 55.301142289917649, 25.233900909738384 ], [ 55.301154141363327, 25.233966960729457 ], [ 55.301243972907734, 25.233966960723048 ] ] ], [ [ [ 55.3005647, 25.2445138 ], [ 55.30075745950937, 25.244827097776227 ], [ 55.300680371410778, 25.244827565584679 ], [ 55.3005255, 25.2445526 ], [ 55.3003394, 25.244651 ], [ 55.300313, 25.2447361 ], [ 55.300562131866414, 25.24519039327885 ], [ 55.301089531970796, 25.244948093224327 ], [ 55.3010207, 25.2448255 ], [ 55.300959071051921, 25.244825874107928 ], [ 55.301015231933341, 25.244797393231398 ], [ 55.3007751, 25.2444071 ], [ 55.3005647, 25.2445138 ] ] ], [ [ [ 55.30115470570987, 25.233878135640182 ], [ 55.301142289917649, 25.233811078209971 ], [ 55.301097374153443, 25.233811078209968 ], [ 55.301109789937286, 25.233878135643533 ], [ 55.30115470570987, 25.233878135640182 ] ] ], [ [ [ 55.301142289917649, 25.230083069780875 ], [ 55.301152448017554, 25.230146101446302 ], [ 55.301197363788624, 25.230146101443562 ], [ 55.301187205681863, 25.230083069780875 ], [ 55.301142289917649, 25.230083069780875 ] ] ], [ [ [ 55.300842133142822, 25.254974493282642 ], [ 55.3007226, 25.2547705 ], [ 55.3004694, 25.2548928 ], [ 55.300588933093422, 25.255096793308837 ], [ 55.300842133142822, 25.254974493282642 ] ] ], [ [ [ 55.3009134, 25.2444173 ], [ 55.3008734, 25.2444525 ], [ 55.300930331876764, 25.244513393239107 ], [ 55.300963231880601, 25.244476593235635 ], [ 55.3009134, 25.2444173 ] ] ], [ [ [ 55.300903862676414, 25.247219776384718 ], [ 55.3007122, 25.2468918 ], [ 55.3004987, 25.2469959 ], [ 55.300690462531172, 25.247323876462001 ], [ 55.300903862676414, 25.247219776384718 ] ] ], [ [ [ 55.301020522736799, 25.233789310561399 ], [ 55.30106543850976, 25.233789310557889 ], [ 55.301052458389236, 25.233721246681558 ], [ 55.301007542625037, 25.233721246681554 ], [ 55.301020522736799, 25.233789310561399 ] ] ], [ [ [ 55.300723532696487, 25.251596693283567 ], [ 55.3005642, 25.2513253 ], [ 55.3003984, 25.2514053 ], [ 55.300557632664109, 25.251676693300737 ], [ 55.300723532696487, 25.251596693283567 ] ] ], [ [ [ 55.299543456271522, 25.235166376730053 ], [ 55.299772356506949, 25.235239776649347 ], [ 55.300121078714831, 25.23526951796806 ], [ 55.300427357051404, 25.235149776414922 ], [ 55.300558384983169, 25.235059002493621 ], [ 55.300569672067091, 25.235088848437346 ], [ 55.300659503610746, 25.235088848431253 ], [ 55.300839166679609, 25.23486426959753 ], [ 55.300821071224867, 25.234731535192648 ], [ 55.300885211151375, 25.234731535182284 ], [ 55.300930126919901, 25.234686619414614 ], [ 55.300917711096616, 25.23461956196568 ], [ 55.300879293661794, 25.23461956197821 ], [ 55.300956657230223, 25.234470776218465 ], [ 55.300943957146039, 25.234301576221036 ], [ 55.3008847, 25.2341959 ], [ 55.3005445, 25.2337515 ], [ 55.3002525, 25.2335906 ], [ 55.2999209, 25.2335276 ], [ 55.2996991, 25.2335594 ], [ 55.2994835, 25.2336396 ], [ 55.2991829, 25.2338732 ], [ 55.2989931, 25.2342212 ], [ 55.2989995, 25.2345637 ], [ 55.299144355769123, 25.234824976868289 ], [ 55.299359456071159, 25.235081576794631 ], [ 55.299543456271522, 25.235166376730053 ] ] ], [ [ [ 55.30093069121628, 25.234058805154319 ], [ 55.30087279533241, 25.233855993974181 ], [ 55.300827879568203, 25.233811078209975 ], [ 55.300782963803996, 25.233811078209975 ], [ 55.300795943897384, 25.234058805164842 ], [ 55.300840859674587, 25.23410372092566 ], [ 55.300885775447561, 25.23410372092215 ], [ 55.30093069121628, 25.234058805154319 ] ] ], [ [ [ 55.299790831830251, 25.2464909933617 ], [ 55.299993631889038, 25.246549193341238 ], [ 55.300711332028321, 25.246196893266973 ], [ 55.300760732023107, 25.246052393261458 ], [ 55.300703, 25.2459368 ], [ 55.3006118, 25.2459106 ], [ 55.2997117, 25.246354 ], [ 55.299790831830251, 25.2464909933617 ] ] ], [ [ [ 55.3007116, 25.2387622 ], [ 55.3006616, 25.2387878 ], [ 55.300726831133275, 25.238894993241264 ], [ 55.300776831142862, 25.238869393236087 ], [ 55.3007116, 25.2387622 ] ] ], [ [ [ 55.3006594, 25.2377476 ], [ 55.3005033, 25.2375014 ], [ 55.3004323, 25.2375382 ], [ 55.300715382466059, 25.238010949335923 ], [ 55.30078638256748, 25.237974049280798 ], [ 55.3006594, 25.2377476 ] ] ], [ [ [ 55.300706676654052, 25.233565738205165 ], [ 55.300841423974084, 25.233565738194187 ], [ 55.300841423969665, 25.233520822429877 ], [ 55.300827879568203, 25.233496667860535 ], [ 55.30069313227559, 25.233496667860532 ], [ 55.300706676654052, 25.233565738205165 ] ] ], [ [ [ 55.300369467563755, 25.244321992435761 ], [ 55.300482061134318, 25.244513576503788 ], [ 55.300657961253428, 25.244426376440078 ], [ 55.300190024128867, 25.243675189232604 ], [ 55.2997238, 25.2428462 ], [ 55.2995246, 25.2429471 ], [ 55.300369467563755, 25.244321992435761 ] ] ], [ [ [ 55.30066176090282, 25.233790317030451 ], [ 55.300796508222852, 25.233790317019473 ], [ 55.300796508218419, 25.233745401255149 ], [ 55.300648216511391, 25.233496667860539 ], [ 55.300513469218764, 25.233496667860532 ], [ 55.300513469218764, 25.233586499388942 ], [ 55.30066176090282, 25.233790317030451 ] ] ], [ [ [ 55.300782963803996, 25.23080172200817 ], [ 55.300738048039797, 25.23080172200817 ], [ 55.300744255765942, 25.230947540145443 ], [ 55.300789171534333, 25.230947540143767 ], [ 55.3008340873007, 25.230902624377833 ], [ 55.300834087298675, 25.23085770861357 ], [ 55.300782963803996, 25.23080172200817 ] ] ], [ [ [ 55.299738529714944, 25.244846450131107 ], [ 55.300407461701305, 25.245983376547379 ], [ 55.300578161817938, 25.245901176485585 ], [ 55.300623761819466, 25.245810476468279 ], [ 55.3002789, 25.2452218 ], [ 55.300257435868119, 25.245232291694609 ], [ 55.2998352, 25.2444826 ], [ 55.29980800011797, 25.244495303147552 ], [ 55.29982166052455, 25.244463676738608 ], [ 55.2992524, 25.2434738 ], [ 55.2991424, 25.2434383 ], [ 55.2990429, 25.243472 ], [ 55.2990349, 25.2435322 ], [ 55.299094159520692, 25.243637876988352 ], [ 55.29965682678894, 25.244565905409939 ], [ 55.2995956, 25.2445945 ], [ 55.299738529714944, 25.244846450131107 ] ] ], [ [ [ 55.3002193, 25.2511017 ], [ 55.300357632572492, 25.251346293320026 ], [ 55.300532832607097, 25.251265093301903 ], [ 55.3003945, 25.251020499999989 ], [ 55.3002193, 25.2511017 ] ] ], [ [ [ 55.30069313227559, 25.230622058951344 ], [ 55.300745384426783, 25.230635142676377 ], [ 55.300738048039797, 25.230577143187141 ], [ 55.30069313227559, 25.230577143187141 ], [ 55.30069313227559, 25.230622058951344 ] ] ], [ [ [ 55.300637860197092, 25.230724974211295 ], [ 55.3005999, 25.230743 ], [ 55.300669430130334, 25.230863693220556 ], [ 55.30072303014083, 25.230838193215021 ], [ 55.300655552893133, 25.23072089479642 ], [ 55.300655552888472, 25.230635142680335 ], [ 55.300603300747177, 25.230622058951344 ], [ 55.300603300747177, 25.230711890479764 ], [ 55.300637860197092, 25.230724974211295 ] ] ], [ [ [ 55.3004788, 25.2378147 ], [ 55.3004219, 25.237731 ], [ 55.3003465, 25.2377729 ], [ 55.300403171377376, 25.237873963307543 ], [ 55.300378721926144, 25.237898412752717 ], [ 55.300397345955737, 25.237976541115973 ], [ 55.300460692125412, 25.237976541133833 ], [ 55.300530382179588, 25.238083049478995 ], [ 55.300605782284798, 25.238041149420376 ], [ 55.30055838498297, 25.237898412752717 ], [ 55.3004788, 25.2378147 ] ] ], [ [ [ 55.299123793688651, 25.253453450934771 ], [ 55.299213132556737, 25.25358389344402 ], [ 55.299429932598237, 25.253472693421557 ], [ 55.299345940773506, 25.253337102575333 ], [ 55.299439886778934, 25.253287898680124 ], [ 55.299596220219136, 25.253546155074641 ], [ 55.299566390485644, 25.253676767126663 ], [ 55.2994796, 25.2535362 ], [ 55.2992604, 25.253647 ], [ 55.299822929685476, 25.254592953730736 ], [ 55.300354630400719, 25.254323453345293 ], [ 55.29959933936712, 25.253086039880394 ], [ 55.299302286947665, 25.252577755195865 ], [ 55.299339093273332, 25.252558850748066 ], [ 55.2992121, 25.2523324 ], [ 55.29889390000001, 25.2518343 ], [ 55.2983394, 25.252105 ], [ 55.2983271, 25.2522014 ], [ 55.299123793688651, 25.253453450934771 ] ] ], [ [ [ 55.300349832864605, 25.253733693328705 ], [ 55.3002183, 25.2535195 ], [ 55.3001205, 25.2535693 ], [ 55.300252032845833, 25.25378349333883 ], [ 55.300349832864605, 25.253733693328705 ] ] ], [ [ [ 55.300603300747177, 25.230891553536583 ], [ 55.30055838498297, 25.23089155353658 ], [ 55.300513469218764, 25.230936469300786 ], [ 55.300519112590777, 25.231036365241163 ], [ 55.3006089441268, 25.231036365238118 ], [ 55.300603300747177, 25.230891553536583 ] ] ], [ [ [ 55.300491795570863, 25.233281089870562 ], [ 55.30055369558027, 25.23320398986073 ], [ 55.3005283, 25.2331587 ], [ 55.3004662, 25.2331178 ], [ 55.300440241454112, 25.233150830604277 ], [ 55.3003601, 25.2330984 ], [ 55.3003244, 25.2331431 ], [ 55.300349795499585, 25.233188389891787 ], [ 55.300491795570863, 25.233281089870562 ] ] ], [ [ [ 55.3001394, 25.2456659 ], [ 55.2999738, 25.2453823 ], [ 55.2997257, 25.2455021 ], [ 55.300069261443042, 25.246083176669099 ], [ 55.300162061535914, 25.24610687663629 ], [ 55.30034076165942, 25.24602407657164 ], [ 55.3001394, 25.2456659 ] ] ], [ [ [ 55.30034735046285, 25.233520822470116 ], [ 55.300482097782897, 25.233520822459138 ], [ 55.300378721926144, 25.233272089039495 ], [ 55.300199058869325, 25.233317004803705 ], [ 55.300154143105118, 25.233361920567912 ], [ 55.300167687360634, 25.233430990956091 ], [ 55.30034735046285, 25.233520822470116 ] ] ], [ [ [ 55.300221634954021, 25.247505728290527 ], [ 55.300266550733475, 25.247505728284423 ], [ 55.300266550718717, 25.247415896755616 ], [ 55.300243974633531, 25.247375639000179 ], [ 55.300199058869325, 25.247375639000179 ], [ 55.300221634954021, 25.247505728290527 ] ] ], [ [ [ 55.300308130879905, 25.237701993279956 ], [ 55.30039283089603, 25.237657893271191 ], [ 55.3003614, 25.2376049 ], [ 55.3002767, 25.237649 ], [ 55.300308130879905, 25.237701993279956 ] ] ], [ [ [ 55.300429845389203, 25.230992455921452 ], [ 55.300474761157602, 25.230992455919775 ], [ 55.300468553454564, 25.230936469300786 ], [ 55.300423637690351, 25.230936469300786 ], [ 55.300429845389203, 25.230992455921452 ] ] ], [ [ [ 55.300479840140277, 25.230417608955722 ], [ 55.300479840132908, 25.230327777427117 ], [ 55.300333806161937, 25.230127985545078 ], [ 55.300288890397731, 25.230083069780871 ], [ 55.300154143105118, 25.230083069780871 ], [ 55.300255261277478, 25.230372693206672 ], [ 55.300300177052982, 25.230417608967912 ], [ 55.300479840140277, 25.230417608955722 ] ] ], [ [ [ 55.2997613, 25.2438037 ], [ 55.300092431646569, 25.244375793323986 ], [ 55.300266431680981, 25.244295593306003 ], [ 55.2999259, 25.2437222 ], [ 55.2997613, 25.2438037 ] ] ], [ [ [ 55.300120357913684, 25.237967263541936 ], [ 55.300180530892327, 25.238066693294158 ], [ 55.300352430925329, 25.237979393276365 ], [ 55.30017, 25.237711 ], [ 55.3000081, 25.2378004 ], [ 55.300120357913684, 25.237967263541936 ] ] ], [ [ [ 55.299675871160453, 25.232972395054244 ], [ 55.299810981733053, 25.233020454230598 ], [ 55.299830295281801, 25.233082489970585 ], [ 55.300251095465441, 25.233207489906953 ], [ 55.300295595460426, 25.233088289899563 ], [ 55.3002702, 25.233043 ], [ 55.2996806, 25.2328681 ], [ 55.299662719297167, 25.232917488240563 ], [ 55.299615153934774, 25.232930729585995 ], [ 55.299480406642026, 25.232822931397429 ], [ 55.299300743585199, 25.232822931397433 ], [ 55.299165996292587, 25.232912762925853 ], [ 55.299165996292587, 25.233002594454263 ], [ 55.299226149093847, 25.233119600020039 ], [ 55.299405812211688, 25.233299263060943 ], [ 55.299899885731065, 25.233299263015681 ], [ 55.299944801500587, 25.233254347247229 ], [ 55.299929564284092, 25.233182257511089 ], [ 55.299675871160453, 25.232972395054244 ] ] ], [ [ [ 55.2999848, 25.2378934 ], [ 55.2999388, 25.237829 ], [ 55.2998906, 25.2378571 ], [ 55.300063481348637, 25.23814804983715 ], [ 55.300111781414763, 25.23811984979956 ], [ 55.300096349565983, 25.238084314062604 ], [ 55.300166681597624, 25.238204449759735 ], [ 55.300224081677342, 25.238172149715108 ], [ 55.3000531, 25.2378823 ], [ 55.299996476548337, 25.237914223179423 ], [ 55.2999848, 25.2378934 ] ] ], [ [ [ 55.2999353, 25.2531249 ], [ 55.299843, 25.2531726 ], [ 55.299913232698565, 25.253288193371716 ], [ 55.300004032715371, 25.253236993362293 ], [ 55.2999353, 25.2531249 ] ] ], [ [ [ 55.299076395069314, 25.2550458510105 ], [ 55.299391996139825, 25.255552150781924 ], [ 55.299955696962698, 25.255277650344361 ], [ 55.2994322, 25.2544379 ], [ 55.2988805, 25.2547012 ], [ 55.299076395069314, 25.2550458510105 ] ] ], [ [ [ 55.300206395223242, 25.231129216107124 ], [ 55.300251310992401, 25.231129216105145 ], [ 55.300243974633531, 25.231071216593403 ], [ 55.300199058869325, 25.231071216593403 ], [ 55.300206395223242, 25.231129216107124 ] ] ], [ [ [ 55.300208652550687, 25.230953578818983 ], [ 55.299884648519878, 25.23093646930079 ], [ 55.299839732755672, 25.231071216593403 ], [ 55.299849326397769, 25.231133241896877 ], [ 55.299939157939136, 25.23113324189169 ], [ 55.300208652556954, 25.231043410347571 ], [ 55.300208652550687, 25.230953578818983 ] ] ], [ [ [ 55.300079548829025, 25.233299262999225 ], [ 55.300169380378009, 25.233299262990997 ], [ 55.300154143105118, 25.233227173275292 ], [ 55.300064311576705, 25.233227173275296 ], [ 55.300079548829025, 25.233299262999225 ] ] ], [ [ [ 55.300109227340918, 25.229993238252472 ], [ 55.300122771255722, 25.230062308635379 ], [ 55.300212602802404, 25.23006230862806 ], [ 55.300199058869325, 25.229993238252462 ], [ 55.300109227340918, 25.229993238252472 ] ] ], [ [ [ 55.29924956012529, 25.244719776945502 ], [ 55.299290871388187, 25.244736432706848 ], [ 55.299686460819885, 25.245428476797972 ], [ 55.299927760984929, 25.245312676710626 ], [ 55.2995264, 25.2446235 ], [ 55.299447833758471, 25.244661171491313 ], [ 55.29886, 25.2436334 ], [ 55.2987988, 25.2435945 ], [ 55.2987078, 25.2436321 ], [ 55.298703, 25.243757 ], [ 55.29924956012529, 25.244719776945502 ] ] ], [ [ [ 55.2997688, 25.2434253 ], [ 55.2995765, 25.2435196 ], [ 55.299754731489784, 25.243800393356477 ], [ 55.299937231524964, 25.243708993337592 ], [ 55.2997688, 25.2434253 ] ] ], [ [ [ 55.299911831060477, 25.239988293327865 ], [ 55.299972631069153, 25.239933093321497 ], [ 55.2998046, 25.2396427 ], [ 55.2997422, 25.2396709 ], [ 55.299798879580337, 25.239772228207499 ], [ 55.2997844, 25.2398111 ], [ 55.299911831060477, 25.239988293327865 ] ] ], [ [ [ 55.2995551, 25.2399203 ], [ 55.29966868239417, 25.240096850186983 ], [ 55.299876331053852, 25.240007793331539 ], [ 55.2997063, 25.2397194 ], [ 55.299527, 25.2397949 ], [ 55.2995108, 25.2398225 ], [ 55.2995551, 25.2399203 ] ] ], [ [ [ 55.299896499861539, 25.235359349512688 ], [ 55.299941415633747, 25.235359349509487 ], [ 55.299929564284092, 25.235293298428768 ], [ 55.299884648519878, 25.235293298428768 ], [ 55.299896499861539, 25.235359349512688 ] ] ], [ [ [ 55.2995136, 25.2429718 ], [ 55.2993366, 25.2430585 ], [ 55.299599631413315, 25.243499893371279 ], [ 55.299776731447707, 25.243413193352957 ], [ 55.2995136, 25.2429718 ] ] ], [ [ [ 55.299945929798945, 25.23002242510081 ], [ 55.299929564284092, 25.229993238252469 ], [ 55.299480406642026, 25.229993238252458 ], [ 55.299496772051789, 25.230067340909351 ], [ 55.299586603607629, 25.230112256664864 ], [ 55.299945929809624, 25.230112256629514 ], [ 55.299945929798945, 25.23002242510081 ] ] ], [ [ [ 55.2981925, 25.2432291 ], [ 55.2981108, 25.2433102 ], [ 55.298354011517397, 25.243724695863087 ], [ 55.2981855, 25.2438046 ], [ 55.298769759751139, 25.244843377117942 ], [ 55.299430560807949, 25.245929776894997 ], [ 55.299726361010428, 25.245788176787926 ], [ 55.2992236, 25.2449387 ], [ 55.299189626451287, 25.244954142567561 ], [ 55.298478666232, 25.243723113860696 ], [ 55.299134659462226, 25.243418476971371 ], [ 55.299163959447647, 25.243324076959833 ], [ 55.2990242, 25.2430831 ], [ 55.2989248, 25.2430521 ], [ 55.298516493584188, 25.243246234169042 ], [ 55.2984581, 25.2431421 ], [ 55.2984204, 25.2431269 ], [ 55.2981925, 25.2432291 ] ] ], [ [ [ 55.2993217, 25.2400331 ], [ 55.299441282064315, 25.240209650363454 ], [ 55.2995700396785, 25.240163749450971 ], [ 55.299670082608337, 25.240325950191615 ], [ 55.299696982672792, 25.240340150171416 ], [ 55.299755482756545, 25.240309950125994 ], [ 55.2995456, 25.2399211 ], [ 55.2994789, 25.2398322 ], [ 55.299420632700773, 25.239845787446431 ], [ 55.29921980000001, 25.2395389 ], [ 55.2991667, 25.2395667 ], [ 55.2991642, 25.2395993 ], [ 55.299332240978792, 25.239891002988792 ], [ 55.2992835, 25.2399353 ], [ 55.2993217, 25.2400331 ] ] ], [ [ [ 55.2996348, 25.239388 ], [ 55.2995817, 25.2394158 ], [ 55.2995792, 25.2394484 ], [ 55.299706630963612, 25.239625493347567 ], [ 55.299767430972302, 25.239570393341189 ], [ 55.2996348, 25.239388 ] ] ], [ [ [ 55.299704985463059, 25.236236529477104 ], [ 55.299723609073034, 25.236269742145392 ], [ 55.299768524849817, 25.236269742140358 ], [ 55.299749901227273, 25.236101782184477 ], [ 55.299704985463059, 25.236101782184477 ], [ 55.299704985463059, 25.236236529477104 ] ] ], [ [ [ 55.299428260211222, 25.244549776879829 ], [ 55.299479091756872, 25.244525762954531 ], [ 55.2994433, 25.2445691 ], [ 55.299478831521661, 25.244629693387324 ], [ 55.299607131546388, 25.244565293374038 ], [ 55.2995706, 25.2445031 ], [ 55.299526871538362, 25.244503190723613 ], [ 55.299553360297189, 25.244490676834559 ], [ 55.2994639, 25.2443328 ], [ 55.2993388, 25.2443919 ], [ 55.299428260211222, 25.244549776879829 ] ] ], [ [ [ 55.299525322406232, 25.235607708778208 ], [ 55.299525322406232, 25.235787371835031 ], [ 55.29954281720795, 25.23581857163175 ], [ 55.299632648759982, 25.2358185716223 ], [ 55.299722480294875, 25.235683824319782 ], [ 55.299722480289169, 25.235638908555419 ], [ 55.299704985463059, 25.235607708778211 ], [ 55.299525322406232, 25.235607708778208 ] ] ], [ [ [ 55.2995093, 25.239391 ], [ 55.2994562, 25.2394188 ], [ 55.2994537, 25.2394514 ], [ 55.299581130932054, 25.239628593360347 ], [ 55.299641930940737, 25.239573393353979 ], [ 55.2995093, 25.239391 ] ] ], [ [ [ 55.299679257679166, 25.2364953274169 ], [ 55.299660069698852, 25.23641619253392 ], [ 55.299570238170446, 25.236416192533916 ], [ 55.299589426124861, 25.236495327427264 ], [ 55.299679257679166, 25.2364953274169 ] ] ], [ [ [ 55.299671921015999, 25.235539012585924 ], [ 55.299660069698852, 25.235428045721385 ], [ 55.299570238170446, 25.235428045721381 ], [ 55.299435490877819, 25.235472961485598 ], [ 55.29939057511362, 25.235517877249794 ], [ 55.29939057511362, 25.235562793014005 ], [ 55.299402426386635, 25.23558392836944 ], [ 55.299582089475457, 25.235583928356643 ], [ 55.299671921015999, 25.235539012585924 ] ] ], [ [ [ 55.299301831278214, 25.243018093400011 ], [ 55.299556731328167, 25.242896993373659 ], [ 55.2993354, 25.2425146 ], [ 55.2992886, 25.2425368 ], [ 55.299315093591851, 25.242583508743902 ], [ 55.2991074, 25.2426821 ], [ 55.299301831278214, 25.243018093400011 ] ] ], [ [ [ 55.2992061, 25.2388529 ], [ 55.299488681354347, 25.239342550305722 ], [ 55.299582581488771, 25.239294050232811 ], [ 55.2992973, 25.2388056 ], [ 55.2992061, 25.2388529 ] ] ], [ [ [ 55.2994124, 25.2394417 ], [ 55.2993593, 25.2394695 ], [ 55.2993568, 25.2395021 ], [ 55.299484230913649, 25.239679293370379 ], [ 55.299545030922324, 25.239624093364007 ], [ 55.2994124, 25.2394417 ] ] ], [ [ [ 55.299281786798275, 25.230803102732416 ], [ 55.2992109120568, 25.23071189047976 ], [ 55.299076164764173, 25.230756806243967 ], [ 55.299076164764173, 25.230981385064993 ], [ 55.299101559388546, 25.231026675136633 ], [ 55.299236306740873, 25.231071590880493 ], [ 55.299595632991618, 25.231071590825636 ], [ 55.299640548764671, 25.231026675054348 ], [ 55.299615153934646, 25.23093646930079 ], [ 55.299238251750701, 25.230891553551874 ], [ 55.299281786806752, 25.230848018496857 ], [ 55.299281786798275, 25.230803102732416 ] ] ], [ [ [ 55.2994657, 25.238972 ], [ 55.2994464, 25.2389821 ], [ 55.299490330838296, 25.239054593367694 ], [ 55.299509630841975, 25.2390444933657 ], [ 55.2994657, 25.238972 ] ] ], [ [ [ 55.29926423120358, 25.242489593402095 ], [ 55.299445631239777, 25.242408593383342 ], [ 55.29928574462626, 25.242118403504943 ], [ 55.299307759052027, 25.242108576894495 ], [ 55.2986323, 25.2409228 ], [ 55.2984459, 25.2410081 ], [ 55.299075901817105, 25.242105499539534 ], [ 55.2990572, 25.2421138 ], [ 55.29926423120358, 25.242489593402095 ] ] ], [ [ [ 55.299345659349406, 25.230217817073498 ], [ 55.2992109120568, 25.230352564366108 ], [ 55.2992109120568, 25.230397480130314 ], [ 55.299233485005281, 25.230437737951085 ], [ 55.299458063909832, 25.230482653685012 ], [ 55.299592811211312, 25.230258074844706 ], [ 55.299592811203951, 25.2302131590803 ], [ 55.299525322406232, 25.230127985545082 ], [ 55.299480406642026, 25.230127985545074 ], [ 55.299345659349406, 25.230217817073498 ] ] ], [ [ [ 55.299262400000011, 25.2395213 ], [ 55.299360330886728, 25.239716793383124 ], [ 55.299387330895364, 25.239731093380414 ], [ 55.299445730906498, 25.239700893374376 ], [ 55.299346, 25.2395083 ], [ 55.2993155, 25.2394935 ], [ 55.299262400000011, 25.2395213 ] ] ], [ [ [ 55.299416782024949, 25.240217650382352 ], [ 55.2992563, 25.2399384 ], [ 55.299203698027583, 25.239949046674027 ], [ 55.2990261, 25.2396445 ], [ 55.2989956, 25.2396297 ], [ 55.2989425, 25.2396575 ], [ 55.299115754725591, 25.239994062513645 ], [ 55.2990608, 25.2400415 ], [ 55.299198230918201, 25.240307593401578 ], [ 55.299254781808457, 25.240318050508556 ], [ 55.299416782024949, 25.240217650382352 ] ] ], [ [ [ 55.29909933792235, 25.23623652948211 ], [ 55.299031248999974, 25.236236529477097 ], [ 55.299043100270893, 25.236302580624006 ], [ 55.299132931815301, 25.236302580617608 ], [ 55.299132931811556, 25.236258925408137 ], [ 55.299268807832647, 25.236349509264347 ], [ 55.299358639378568, 25.236349509257337 ], [ 55.299448470916033, 25.236259677721694 ], [ 55.299358639336198, 25.235900351614138 ], [ 55.299300743585199, 25.235787371835034 ], [ 55.299076164764173, 25.235787371835034 ], [ 55.298941417471553, 25.235832287599241 ], [ 55.29898633323576, 25.23614669794868 ], [ 55.29909933792235, 25.23623652948211 ] ] ], [ [ [ 55.299231080839846, 25.239317750501808 ], [ 55.299277480964683, 25.239357050467355 ], [ 55.299376581167188, 25.23937155039204 ], [ 55.299209, 25.2390391 ], [ 55.2991066, 25.2390247 ], [ 55.29910497058566, 25.239068107613409 ], [ 55.2990115, 25.2389899 ], [ 55.2988293, 25.2389529 ], [ 55.2986227, 25.2390374 ], [ 55.2985748, 25.2392602 ], [ 55.298871580601102, 25.239802350788352 ], [ 55.298970530812433, 25.239919093423481 ], [ 55.299031330821116, 25.239863893417105 ], [ 55.298811406230499, 25.239534822462961 ], [ 55.299052071419403, 25.239635620694038 ], [ 55.299151230845624, 25.239815093404729 ], [ 55.299178230854238, 25.239829293402039 ], [ 55.299236630865394, 25.239799193395985 ], [ 55.299136849733713, 25.239606475773304 ], [ 55.299231080839846, 25.239317750501808 ] ] ], [ [ [ 55.299165332233592, 25.251059193440529 ], [ 55.2990284, 25.2508288 ], [ 55.2988585, 25.2509122 ], [ 55.298995432200606, 25.251142593458109 ], [ 55.299165332233592, 25.251059193440529 ] ] ], [ [ [ 55.299122, 25.2437266 ], [ 55.2989969, 25.2437857 ], [ 55.299086259645364, 25.243943576994706 ], [ 55.299211359731331, 25.243884476949432 ], [ 55.299122, 25.2437266 ] ] ], [ [ [ 55.2984176, 25.2415213 ], [ 55.29903403115776, 25.24259329342587 ], [ 55.29921133119273, 25.242510793407547 ], [ 55.2985965, 25.2414384 ], [ 55.2984176, 25.2415213 ] ] ], [ [ [ 55.297107789509212, 25.253096552466054 ], [ 55.297157089656828, 25.253154452429836 ], [ 55.297383889978363, 25.253033652253574 ], [ 55.297358291190342, 25.252988457766833 ], [ 55.297378132014906, 25.252978093628936 ], [ 55.297193236279547, 25.252697053580384 ], [ 55.297279421632737, 25.252652805044516 ], [ 55.297552490371451, 25.25311065212669 ], [ 55.297627613453436, 25.253073184883078 ], [ 55.298038407693731, 25.253769765345925 ], [ 55.297941516162787, 25.253820117218496 ], [ 55.2974898, 25.2530583 ], [ 55.2972619, 25.2531572 ], [ 55.2972247, 25.2532518 ], [ 55.297916592308532, 25.254454951881968 ], [ 55.298009692507662, 25.254478051811407 ], [ 55.298565193299289, 25.254186651379765 ], [ 55.298324920627309, 25.253775859349638 ], [ 55.298375592534356, 25.253750551513789 ], [ 55.297916107930433, 25.252929299188498 ], [ 55.298017623956852, 25.25287866817516 ], [ 55.298430877745538, 25.253522455870101 ], [ 55.2983508, 25.2535632 ], [ 55.298687093478129, 25.254128251285184 ], [ 55.299017293960873, 25.253968251028919 ], [ 55.299031493905218, 25.253878651015846 ], [ 55.2987787, 25.2534138 ], [ 55.298744006102218, 25.253405965901649 ], [ 55.298320689150763, 25.252727514038373 ], [ 55.29835169152939, 25.252712051506244 ], [ 55.298103, 25.2522952 ], [ 55.2980208, 25.2522684 ], [ 55.297398723834895, 25.252587053380967 ], [ 55.297433089582313, 25.252503152202799 ], [ 55.2966597, 25.2511799 ], [ 55.29658609171743, 25.251217473089703 ], [ 55.2962346, 25.2506384 ], [ 55.2961385, 25.2506287 ], [ 55.2957834, 25.2508046 ], [ 55.2957641, 25.2508969 ], [ 55.296124417431542, 25.251453131705492 ], [ 55.296490887441294, 25.25213305291329 ], [ 55.296853488667438, 25.252710952650716 ], [ 55.296912088827654, 25.252763252607256 ], [ 55.297015538446345, 25.252780314500907 ], [ 55.2969808, 25.2528701 ], [ 55.297107789509212, 25.253096552466054 ] ] ], [ [ [ 55.2988931, 25.2410118 ], [ 55.299005930980762, 25.241213493424166 ], [ 55.299192431017715, 25.241128093404892 ], [ 55.2990795, 25.2409265 ], [ 55.2988931, 25.2410118 ] ] ], [ [ [ 55.299165996292587, 25.235428045721385 ], [ 55.299180669233969, 25.235454213323617 ], [ 55.299270500782185, 25.235454213315691 ], [ 55.299270500772607, 25.235364381787022 ], [ 55.2992109120568, 25.235293298428765 ], [ 55.299165996292587, 25.235293298428768 ], [ 55.299165996292587, 25.235428045721385 ] ] ], [ [ [ 55.299279529456477, 25.230574498128895 ], [ 55.299324445236678, 25.23057449812249 ], [ 55.29932444522894, 25.230529582358077 ], [ 55.299300743585199, 25.230487311658727 ], [ 55.299255827821, 25.230487311658731 ], [ 55.299279529456477, 25.230574498128895 ] ] ], [ [ [ 55.29897023087473, 25.240425793425185 ], [ 55.299020081475277, 25.240442350690859 ], [ 55.29918573091917, 25.240341393402971 ], [ 55.2990216, 25.2400627 ], [ 55.2988262, 25.2401658 ], [ 55.29897023087473, 25.240425793425185 ] ] ], [ [ [ 55.298492259829501, 25.236191613712887 ], [ 55.298492259829565, 25.236229262988665 ], [ 55.298368758001267, 25.236256584728562 ], [ 55.298312596772675, 25.2362365294771 ], [ 55.2983248, 25.2363298 ], [ 55.298384055785696, 25.236435477157851 ], [ 55.298569480887366, 25.236459938386044 ], [ 55.298639987040758, 25.236663919663666 ], [ 55.298701292204711, 25.236663919664807 ], [ 55.298792456310224, 25.236808977016675 ], [ 55.298830856348815, 25.23681917700312 ], [ 55.29898633323586, 25.236763225204669 ], [ 55.29900100628123, 25.236801686269516 ], [ 55.299045922055342, 25.236801686265551 ], [ 55.299038928144142, 25.236744297713283 ], [ 55.299113456556668, 25.236717476901244 ], [ 55.299139056560378, 25.236673176891603 ], [ 55.299117709497594, 25.23663510701558 ], [ 55.299232921672797, 25.236635106992718 ], [ 55.2992109120568, 25.236506024062333 ], [ 55.29912108052838, 25.236506024062333 ], [ 55.299076164764294, 25.236566714189159 ], [ 55.299006771345496, 25.236551713739775 ], [ 55.299044228972043, 25.23639442504621 ], [ 55.298716838650527, 25.235967034891861 ], [ 55.298671922886328, 25.235967034891861 ], [ 55.298600714622445, 25.236038243171791 ], [ 55.298582091357908, 25.235922119127654 ], [ 55.298088017951642, 25.23592211912765 ], [ 55.297818523366402, 25.236146697948683 ], [ 55.29783714644843, 25.236269742356626 ], [ 55.298016809555541, 25.236269742336503 ], [ 55.298545418381849, 25.236093539399992 ], [ 55.298492259829501, 25.236191613712887 ] ] ], [ [ [ 55.299182926394565, 25.233706524298626 ], [ 55.299227842164669, 25.233661608529705 ], [ 55.299272757923724, 25.233526861232068 ], [ 55.299255827821, 25.233451752096315 ], [ 55.299136881919829, 25.233476428872077 ], [ 55.299076164764173, 25.233361920567908 ], [ 55.299031248999974, 25.233361920567908 ], [ 55.299031249001125, 25.233437170007939 ], [ 55.2990047, 25.2334035 ], [ 55.29895, 25.2334011 ], [ 55.2989333, 25.2335166 ], [ 55.298958347505348, 25.233616692792783 ], [ 55.299003263286501, 25.233661608552566 ], [ 55.299182926394565, 25.233706524298626 ] ] ], [ [ [ 55.298372052861708, 25.249206171209057 ], [ 55.298572389014694, 25.249533251258658 ], [ 55.299038289676275, 25.249286450896633 ], [ 55.2986598, 25.2486496 ], [ 55.298588836015512, 25.248587118071693 ], [ 55.298744188402253, 25.248514951102131 ], [ 55.2983177, 25.2477611 ], [ 55.2977735, 25.2480139 ], [ 55.298196016210547, 25.248760731821893 ], [ 55.2981174, 25.2488022 ], [ 55.298372052861708, 25.249206171209057 ] ] ], [ [ [ 55.299181798102566, 25.237028277968122 ], [ 55.299165996292587, 25.236955181704396 ], [ 55.29912108052838, 25.236955181704396 ], [ 55.299136882327694, 25.237028277972385 ], [ 55.299181798102566, 25.237028277968122 ] ] ], [ [ [ 55.299019632238952, 25.247030777559864 ], [ 55.29898633323576, 25.246881565593913 ], [ 55.298941417471553, 25.246836649829703 ], [ 55.298851585943147, 25.246836649829703 ], [ 55.298806670178934, 25.24688156559391 ], [ 55.298806670178934, 25.247016312886533 ], [ 55.298839969103064, 25.247075693360351 ], [ 55.298974716463135, 25.247075693333365 ], [ 55.299019632238952, 25.247030777559864 ] ] ], [ [ [ 55.2988809, 25.243579 ], [ 55.298927931262241, 25.243661393440206 ], [ 55.299053031286817, 25.243602293427283 ], [ 55.299006, 25.2435199 ], [ 55.2988809, 25.243579 ] ] ], [ [ [ 55.299052129227121, 25.232455928034707 ], [ 55.299141960783714, 25.232455928023438 ], [ 55.299186876555197, 25.232411012253394 ], [ 55.299186876548376, 25.232366096489013 ], [ 55.29912108052838, 25.232283942226967 ], [ 55.299031248999974, 25.232283942226967 ], [ 55.29898633323576, 25.232328857991174 ], [ 55.29898633323576, 25.232373773755377 ], [ 55.299052129227121, 25.232455928034707 ] ] ], [ [ [ 55.2991417, 25.2332483 ], [ 55.2991195, 25.2332883 ], [ 55.29916269507828, 25.233359990073897 ], [ 55.299167095067702, 25.233293590072893 ], [ 55.2991417, 25.2332483 ] ] ], [ [ [ 55.2987609, 25.2408003 ], [ 55.298873730921095, 25.241001993436925 ], [ 55.299060230958048, 25.240916593417641 ], [ 55.2989473, 25.240715 ], [ 55.2987609, 25.2408003 ] ] ], [ [ [ 55.299134060437467, 25.235541025517104 ], [ 55.299134060433232, 25.235496109752781 ], [ 55.299076164764173, 25.235428045721392 ], [ 55.298941417471553, 25.235428045721385 ], [ 55.298851585943147, 25.235517877249798 ], [ 55.298864565803903, 25.235585941302464 ], [ 55.298999313131276, 25.235675772820585 ], [ 55.299044228904243, 25.235675772817082 ], [ 55.299134060437467, 25.235541025517104 ] ] ], [ [ [ 55.29898633323576, 25.232867847161646 ], [ 55.299048743317741, 25.233033794293426 ], [ 55.299138574869765, 25.233033794283969 ], [ 55.299138574858347, 25.232943962755257 ], [ 55.299076164764173, 25.23282293139744 ], [ 55.29898633323576, 25.232822931397433 ], [ 55.29898633323576, 25.232867847161646 ] ] ], [ [ [ 55.2984525, 25.2543417 ], [ 55.2982856, 25.2543735 ], [ 55.298711294400441, 25.255076551290237 ], [ 55.298822194560678, 25.255020751204118 ], [ 55.298828594532345, 25.254976851198133 ], [ 55.2984525, 25.2543417 ] ] ], [ [ [ 55.299049155020555, 25.233283476884328 ], [ 55.299083455043814, 25.23326657687192 ], [ 55.299025861976517, 25.233165522250971 ], [ 55.299091966104058, 25.233120606478646 ], [ 55.299076164764173, 25.233047510218469 ], [ 55.298896501707347, 25.233047510218469 ], [ 55.298912303004577, 25.233120606495717 ], [ 55.298973878508036, 25.233151394241855 ], [ 55.299049155020555, 25.233283476884328 ] ] ], [ [ [ 55.29754249358372, 25.240477269568558 ], [ 55.297934980066913, 25.241160151537279 ], [ 55.297961880131353, 25.241174351517092 ], [ 55.298022780196639, 25.241119151469224 ], [ 55.297817248137605, 25.240766866445991 ], [ 55.297860771886775, 25.240744272151492 ], [ 55.297959430676379, 25.240904193529687 ], [ 55.297986430685022, 25.24091849352698 ], [ 55.29804625031344, 25.240873505827292 ], [ 55.298160280405071, 25.241060651362776 ], [ 55.298187180469519, 25.241074851342592 ], [ 55.298245680553386, 25.241044751297174 ], [ 55.298039633291886, 25.240662370327428 ], [ 55.298085373914724, 25.240638625196265 ], [ 55.29829568060746, 25.240999951257873 ], [ 55.298322680672186, 25.241014251237612 ], [ 55.298381080755775, 25.240984051192267 ], [ 55.298104547395809, 25.24050643888167 ], [ 55.298124419532911, 25.240496348669925 ], [ 55.29817140371852, 25.240560731539876 ], [ 55.298294680397859, 25.240774951253044 ], [ 55.298477180678042, 25.24070115111185 ], [ 55.298498730782484, 25.240651193473937 ], [ 55.2983323, 25.2403975 ], [ 55.298208657898989, 25.240444510235136 ], [ 55.298062294093171, 25.240193640378557 ], [ 55.298178230660319, 25.240321193505476 ], [ 55.298239130669018, 25.240265993499094 ], [ 55.298163714868821, 25.240142359437172 ], [ 55.298276830679072, 25.240269693495268 ], [ 55.298337630687747, 25.240214493488889 ], [ 55.298263061245748, 25.240092127252449 ], [ 55.298375430698052, 25.240220093485071 ], [ 55.298436230706734, 25.240164893478688 ], [ 55.2983341, 25.2399973 ], [ 55.298262969523229, 25.240003795185729 ], [ 55.297904211933215, 25.239408624268357 ], [ 55.297950158230378, 25.239384819856298 ], [ 55.298517610553105, 25.240286696199508 ], [ 55.2983752, 25.2403789 ], [ 55.298616281068234, 25.240836251009 ], [ 55.298643181132682, 25.240850450988809 ], [ 55.298704081197954, 25.240795250940931 ], [ 55.298610124309675, 25.240634208694853 ], [ 55.298715581020701, 25.240579450926788 ], [ 55.298732130828142, 25.24053959344981 ], [ 55.298611970682487, 25.240347614699882 ], [ 55.298633244481564, 25.240336613519716 ], [ 55.29875538106841, 25.240548850895642 ], [ 55.298953730874025, 25.24045419342697 ], [ 55.298793, 25.2401714 ], [ 55.298704082738375, 25.240200635516345 ], [ 55.298589569297825, 25.240004266160469 ], [ 55.298665830753357, 25.240068993454997 ], [ 55.298724230764499, 25.240038793448957 ], [ 55.298681729101503, 25.239940111262612 ], [ 55.29876273077177, 25.240018293444965 ], [ 55.298821130782919, 25.239988093438917 ], [ 55.298779385336672, 25.239890652198241 ], [ 55.298803569417061, 25.239878403890589 ], [ 55.298874830793679, 25.23996449343338 ], [ 55.298935630802355, 25.239909293427001 ], [ 55.298430302756358, 25.23913611008734 ], [ 55.2984861792239, 25.239107151065355 ], [ 55.2982432, 25.2386976 ], [ 55.2974507, 25.2391082 ], [ 55.297658667978318, 25.239462600605417 ], [ 55.297607531049479, 25.239488441986513 ], [ 55.297397, 25.2391428 ], [ 55.296933, 25.2393903 ], [ 55.29754249358372, 25.240477269568558 ] ], [ [ 55.2986137, 25.2402469 ], [ 55.298494685156406, 25.240051065302712 ], [ 55.29850022732959, 25.240048331772247 ], [ 55.298616072667848, 25.240245685496571 ], [ 55.2986137, 25.2402469 ] ], [ [ 55.2982835, 25.2394667 ], [ 55.298164669664082, 25.239273751231234 ], [ 55.298220761290644, 25.239244708542323 ], [ 55.298588703541171, 25.239834172912115 ], [ 55.298540149738642, 25.239868983410727 ], [ 55.2982835, 25.2394667 ] ], [ [ 55.297912950662749, 25.240033122116646 ], [ 55.297985246915125, 25.240147405206944 ], [ 55.29797889999319, 25.24015073434726 ], [ 55.297952634779733, 25.240103893713542 ], [ 55.297912950662749, 25.240033122116646 ] ], [ [ 55.297908009398789, 25.240606232135633 ], [ 55.297952648511448, 25.24068081438319 ], [ 55.297963231828241, 25.240725453843542 ], [ 55.29788638950437, 25.240617209729805 ], [ 55.297908009398789, 25.240606232135633 ] ] ], [ [ [ 55.298716838650527, 25.233766162445765 ], [ 55.298716838650527, 25.234125488559418 ], [ 55.298776427128089, 25.234151656193571 ], [ 55.299001005984259, 25.234016908880758 ], [ 55.299001005960314, 25.233792330059075 ], [ 55.29898633323576, 25.233766162445765 ], [ 55.298716838650527, 25.233766162445765 ] ] ], [ [ [ 55.29900044157398, 25.233297250204799 ], [ 55.29898633323576, 25.233227173275296 ], [ 55.298851585943147, 25.233227173275299 ], [ 55.298865694252804, 25.233297250216232 ], [ 55.29900044157398, 25.233297250204799 ] ] ], [ [ [ 55.298960040807046, 25.235820584587199 ], [ 55.298941417471553, 25.235742456070831 ], [ 55.298851585943147, 25.235742456070831 ], [ 55.298870209253494, 25.235820584597249 ], [ 55.298960040807046, 25.235820584587199 ] ] ], [ [ [ 55.298555234098593, 25.232944969264732 ], [ 55.298689981427778, 25.232944969250099 ], [ 55.298914560292062, 25.232810221932631 ], [ 55.298959476062556, 25.232765306163387 ], [ 55.298941417471553, 25.232643268340617 ], [ 55.298806670178934, 25.232643268340617 ], [ 55.298716838650527, 25.23268818410482 ], [ 55.298537175593701, 25.232867847161646 ], [ 55.298555234098593, 25.232944969264732 ] ] ], [ [ [ 55.298492794088304, 25.255190351460008 ], [ 55.298634394293678, 25.255119951350078 ], [ 55.2981899, 25.2543931 ], [ 55.2979062, 25.2545327 ], [ 55.298085720770182, 25.254842035223827 ], [ 55.2980159, 25.2548787 ], [ 55.298160332476321, 25.255107293556314 ], [ 55.298297632502383, 25.255035093542087 ], [ 55.29823114433929, 25.254929908776528 ], [ 55.298316307662667, 25.254888002556903 ], [ 55.298492794088304, 25.255190351460008 ] ] ], [ [ [ 55.298907224197421, 25.235447168217441 ], [ 55.29890722418692, 25.235312420924533 ], [ 55.298851585943147, 25.235203466900359 ], [ 55.298716838650527, 25.235068719607739 ], [ 55.298627007122114, 25.235068719607739 ], [ 55.298492259829501, 25.235472961485595 ], [ 55.298547898032872, 25.235536999769202 ], [ 55.298682645347213, 25.235536999760512 ], [ 55.298907224197421, 25.235447168217441 ] ] ], [ [ [ 55.2976019, 25.2484804 ], [ 55.298246147273176, 25.249585107707862 ], [ 55.2979759, 25.2497225 ], [ 55.298414189543138, 25.250432451401835 ], [ 55.298676389918242, 25.250296551198172 ], [ 55.298686289848575, 25.250200651188234 ], [ 55.2984796, 25.249836 ], [ 55.298444300941263, 25.249854629796499 ], [ 55.298329289808791, 25.249660531241247 ], [ 55.298478688884742, 25.249586251331547 ], [ 55.298038670246775, 25.248845203341077 ], [ 55.298091287437117, 25.248819651608404 ], [ 55.2976505, 25.2480499 ], [ 55.2974198, 25.2481612 ], [ 55.2976019, 25.2484804 ] ] ], [ [ [ 55.298806670178934, 25.233496667860535 ], [ 55.298866258614041, 25.233567751249293 ], [ 55.298911174388145, 25.233567751245328 ], [ 55.298896501707347, 25.233451752096318 ], [ 55.298806670178934, 25.233451752096318 ], [ 55.298806670178934, 25.233496667860535 ] ] ], [ [ [ 55.298869080430684, 25.234740593357998 ], [ 55.298851585943147, 25.234664477729886 ], [ 55.298761754414734, 25.234664477729883 ], [ 55.29877924887866, 25.234740593367437 ], [ 55.298869080430684, 25.234740593357998 ] ] ], [ [ [ 55.298761754414734, 25.230038154016672 ], [ 55.29878150555902, 25.230073379661938 ], [ 55.298871337114093, 25.230073379651273 ], [ 55.298851585943147, 25.229993238252465 ], [ 55.298761754414734, 25.229993238252465 ], [ 55.298761754414734, 25.230038154016672 ] ] ], [ [ [ 55.298314695720784, 25.233957469089599 ], [ 55.298515397433512, 25.233897258356059 ], [ 55.298560313205783, 25.233852342585401 ], [ 55.298411681233517, 25.23351316992499 ], [ 55.298638858081205, 25.233517803265585 ], [ 55.298818521162275, 25.233427971724165 ], [ 55.298818521154544, 25.233338140195546 ], [ 55.298761754414734, 25.233272089039499 ], [ 55.298627007122114, 25.233272089039502 ], [ 55.298447344065288, 25.233406836332115 ], [ 55.298402428301081, 25.233451752096329 ], [ 55.298402428301102, 25.233494851211333 ], [ 55.298312596772675, 25.233317004803709 ], [ 55.298177849480055, 25.233272089039499 ], [ 55.297728691837996, 25.233496667860532 ], [ 55.297638860309583, 25.233766162445768 ], [ 55.297661997616892, 25.233897258474759 ], [ 55.298021323878125, 25.23403200571801 ], [ 55.298265603638974, 25.233972196716387 ], [ 55.298300494873253, 25.234031790208874 ], [ 55.298345094886137, 25.234009390201958 ], [ 55.298314695720784, 25.233957469089599 ] ] ], [ [ [ 55.298686031153295, 25.233252334467142 ], [ 55.298820778465256, 25.233162502927048 ], [ 55.298820778460652, 25.233117587162717 ], [ 55.298761754414734, 25.233047510218469 ], [ 55.298627007122114, 25.232957678690056 ], [ 55.298582091357908, 25.232957678690056 ], [ 55.298537175593701, 25.233092425982679 ], [ 55.298596199605832, 25.233252334474766 ], [ 55.298686031153295, 25.233252334467142 ] ] ], [ [ [ 55.298412631489832, 25.246575293502335 ], [ 55.298452567561505, 25.24653155440479 ], [ 55.298485157760041, 25.246589671621344 ], [ 55.298530073549777, 25.24658967161114 ], [ 55.298507384438189, 25.246504295018369 ], [ 55.2985518529063, 25.246482181673414 ], [ 55.298572131523215, 25.246516693485905 ], [ 55.298616831531852, 25.246494393481278 ], [ 55.298385477221714, 25.246172993530777 ], [ 55.298419460003821, 25.246153977257986 ], [ 55.2983387, 25.2460168 ], [ 55.2983001, 25.2460384 ], [ 55.298344838687093, 25.246114392273309 ], [ 55.298263127735041, 25.246159062984297 ], [ 55.2982269, 25.2460683 ], [ 55.2981315, 25.246121 ], [ 55.298412631489832, 25.246575293502335 ] ] ], [ [ [ 55.298627007122114, 25.236730602883362 ], [ 55.298447344065288, 25.236640771354949 ], [ 55.298357512536874, 25.236640771354949 ], [ 55.298357512536874, 25.236730602883362 ], [ 55.298411457787573, 25.236791621831379 ], [ 55.298501289331128, 25.23683653759079 ], [ 55.298609706802381, 25.23681795166144 ], [ 55.298649330369358, 25.236982793446451 ], [ 55.298701530380001, 25.236961393441071 ], [ 55.298722330369131, 25.236829993438516 ], [ 55.2986919, 25.2367758 ], [ 55.29863603663766, 25.236767943791246 ], [ 55.298627007122114, 25.236730602883362 ] ] ], [ [ [ 55.29873602549462, 25.230296952042014 ], [ 55.298780941271772, 25.230296952036834 ], [ 55.298761754414734, 25.230172901309285 ], [ 55.298716838650527, 25.230172901309288 ], [ 55.29873602549462, 25.230296952042014 ] ] ], [ [ [ 55.298601858599362, 25.242517277150803 ], [ 55.297979, 25.2413637 ], [ 55.2974304, 25.240433 ], [ 55.29737076751794, 25.240462968077384 ], [ 55.297321355181744, 25.240374846703169 ], [ 55.297444030472953, 25.240316893580211 ], [ 55.2972575, 25.2400217 ], [ 55.297153800121521, 25.240076029985946 ], [ 55.2969905, 25.2397848 ], [ 55.2964077, 25.2396364 ], [ 55.2961767, 25.2404272 ], [ 55.296786191248685, 25.241514172464139 ], [ 55.296954522964619, 25.241779464915126 ], [ 55.296992477275317, 25.241760622895537 ], [ 55.297735251151785, 25.243070196822515 ], [ 55.297921995678031, 25.242976597319007 ], [ 55.298090758465285, 25.243262777341592 ], [ 55.298303558609724, 25.243158077264532 ], [ 55.2980911, 25.2427978 ], [ 55.297981693995659, 25.242851629050492 ], [ 55.297330972714626, 25.241780643634463 ], [ 55.297355857167211, 25.241769077586127 ], [ 55.297243113686676, 25.241569503344007 ], [ 55.29737579696662, 25.241585570311951 ], [ 55.2973884612354, 25.241545250269393 ], [ 55.297572080012749, 25.241851851831591 ], [ 55.297594940373664, 25.241840646506859 ], [ 55.297873381051787, 25.24235445161403 ], [ 55.297966995299845, 25.242313673659606 ], [ 55.298200858323739, 25.242706577295905 ], [ 55.298601858599362, 25.242517277150803 ] ], [ [ 55.297873302025899, 25.241704203199244 ], [ 55.298081180009937, 25.242077558848095 ], [ 55.298022821806704, 25.242106043522465 ], [ 55.297819403494941, 25.241730622471874 ], [ 55.297873302025899, 25.241704203199244 ] ], [ [ 55.297014165715744, 25.241541779142729 ], [ 55.297014696267745, 25.241541843389761 ], [ 55.297057321050964, 25.241613868832989 ], [ 55.297056788852686, 25.241614116379999 ], [ 55.297014165715744, 25.241541779142729 ] ] ], [ [ [ 55.298602407627946, 25.235913435500859 ], [ 55.298692239183779, 25.235913435489888 ], [ 55.298692239170521, 25.235823603961112 ], [ 55.298671922886328, 25.235787371835027 ], [ 55.298537175593701, 25.235742456070831 ], [ 55.298602407627946, 25.235913435500859 ] ] ], [ [ [ 55.298587230900438, 25.241426493467504 ], [ 55.298366, 25.2410403 ], [ 55.2981793, 25.2411276 ], [ 55.298413730866528, 25.241509793485445 ], [ 55.298587230900438, 25.241426493467504 ] ] ], [ [ [ 55.298687159914358, 25.234152662649237 ], [ 55.298671922886328, 25.234080572795211 ], [ 55.298582091357908, 25.2340805727952 ], [ 55.298492259829501, 25.234170404323621 ], [ 55.298492259829501, 25.234215320087824 ], [ 55.298507496826346, 25.234242494194376 ], [ 55.298552412600834, 25.234242494190259 ], [ 55.298687159914358, 25.234152662649237 ] ] ], [ [ [ 55.29869110968616, 25.230072373225319 ], [ 55.298736025463306, 25.230072373220136 ], [ 55.298716838650527, 25.229993238252469 ], [ 55.298671922886328, 25.229993238252465 ], [ 55.29869110968616, 25.230072373225319 ] ] ], [ [ [ 55.2979934, 25.2440412 ], [ 55.297886, 25.2439948 ], [ 55.2978603, 25.2441701 ], [ 55.298125244121927, 25.244658425737526 ], [ 55.298326347772139, 25.244950187738688 ], [ 55.298312596772675, 25.244995103497264 ], [ 55.298361697500546, 25.245082664659233 ], [ 55.298496444892628, 25.245082664619432 ], [ 55.298524544558951, 25.244930825608972 ], [ 55.298419444327891, 25.244567625639682 ], [ 55.2982643, 25.2442926 ], [ 55.2979934, 25.2440412 ] ] ], [ [ [ 55.298645065922528, 25.235011094415764 ], [ 55.298627007122114, 25.234933972315115 ], [ 55.298582091357908, 25.234933972315119 ], [ 55.298600150146129, 25.235011094420638 ], [ 55.298645065922528, 25.235011094415764 ] ] ], [ [ [ 55.298671922886328, 25.230577143187141 ], [ 55.298582091357908, 25.230532227422938 ], [ 55.298492259829501, 25.230532227422938 ], [ 55.298492259829501, 25.230577143187141 ], [ 55.298558055393272, 25.230659297521136 ], [ 55.298692802728162, 25.230659297504225 ], [ 55.298671922886328, 25.230577143187141 ] ] ], [ [ [ 55.298582091357908, 25.230083069780871 ], [ 55.298600149509589, 25.230160191869231 ], [ 55.298645065291872, 25.230205107628723 ], [ 55.298689981068271, 25.230205107623846 ], [ 55.298671922886328, 25.230083069780871 ], [ 55.298582091357908, 25.230083069780871 ] ] ], [ [ [ 55.298592249571065, 25.236973297775535 ], [ 55.298592249564436, 25.236883466246944 ], [ 55.298537175593701, 25.236865350175979 ], [ 55.298537175593701, 25.236955181704392 ], [ 55.298592249571065, 25.236973297775535 ] ] ], [ [ [ 55.298222765244262, 25.247465470528589 ], [ 55.298250420137357, 25.247559702379775 ], [ 55.298430083268876, 25.247559702349893 ], [ 55.298402428301081, 25.247420554764386 ], [ 55.298267681008468, 25.247420554764382 ], [ 55.298222765244262, 25.247465470528589 ] ] ], [ [ [ 55.298600714459099, 25.234832437811299 ], [ 55.298582091357908, 25.234799225022503 ], [ 55.298492259829501, 25.234799225022499 ], [ 55.298510882917704, 25.234922269350097 ], [ 55.298600714471256, 25.234922269340029 ], [ 55.298600714459099, 25.234832437811299 ] ] ], [ [ [ 55.298599020896937, 25.230337842031449 ], [ 55.298643936672569, 25.230337842026888 ], [ 55.298627007122114, 25.230262732837701 ], [ 55.298582091357908, 25.230262732837694 ], [ 55.298599020896937, 25.230337842031449 ] ] ], [ [ [ 55.298357512536874, 25.23080172200817 ], [ 55.298484024836654, 25.231001888430303 ], [ 55.298573856414578, 25.2310018884105 ], [ 55.2985514935311, 25.230917089152271 ], [ 55.298621593782819, 25.230917089109614 ], [ 55.298582091357908, 25.23080172200817 ], [ 55.298492259829501, 25.230756806243964 ], [ 55.298357512536874, 25.230756806243964 ], [ 55.298357512536874, 25.23080172200817 ] ] ], [ [ [ 55.298515397728067, 25.235648973168022 ], [ 55.298492259829501, 25.235607708778208 ], [ 55.298402428301081, 25.235607708778204 ], [ 55.298425566183518, 25.235738804709342 ], [ 55.298515397743166, 25.23573880469684 ], [ 55.298515397728067, 25.235648973168022 ] ] ], [ [ [ 55.298456030555812, 25.23889759347248 ], [ 55.2983016, 25.2386546 ], [ 55.2982523, 25.2386806 ], [ 55.298406730546461, 25.23892359347758 ], [ 55.298456030555812, 25.23889759347248 ] ] ], [ [ [ 55.298016245124515, 25.235555153681123 ], [ 55.298110027030994, 25.235602044560132 ], [ 55.298222765244716, 25.23559235568889 ], [ 55.298247031730831, 25.235695901868755 ], [ 55.298336863292, 25.235695901855653 ], [ 55.298321281730061, 25.235578281924855 ], [ 55.298469353256301, 25.23555712874818 ], [ 55.298357512536874, 25.235293298428768 ], [ 55.298130782736166, 25.235203466900998 ], [ 55.298153814076898, 25.23519578977524 ], [ 55.298132933715856, 25.235023803843525 ], [ 55.297998186423229, 25.235023803843532 ], [ 55.297953270659029, 25.235113635371949 ], [ 55.297953270659029, 25.235203466900359 ], [ 55.298005863531628, 25.235240705559626 ], [ 55.297908354894815, 25.235383129957182 ], [ 55.297908354894815, 25.235472961485591 ], [ 55.297947481468086, 25.235520771847987 ], [ 55.297863439130609, 25.235562793014005 ], [ 55.297881497812234, 25.235684830964139 ], [ 55.297971329365026, 25.235684830954384 ], [ 55.298016245135528, 25.235639915185146 ], [ 55.298016245124515, 25.235555153681123 ] ] ], [ [ [ 55.298357512536874, 25.2347093934941 ], [ 55.298222765244262, 25.234844140786713 ], [ 55.298241952590921, 25.234923275829605 ], [ 55.298376699922393, 25.234923275814065 ], [ 55.298466531464179, 25.234833444274951 ], [ 55.298447344065288, 25.234709393494093 ], [ 55.298357512536874, 25.2347093934941 ] ] ], [ [ [ 55.2972347, 25.2449204 ], [ 55.297442931080155, 25.245252493596702 ], [ 55.297503414011175, 25.245221151643761 ], [ 55.297557032343889, 25.245316770297716 ], [ 55.2975068, 25.2453423 ], [ 55.297594458984435, 25.245493877544359 ], [ 55.297673785040182, 25.245453634779309 ], [ 55.29776963120684, 25.245606093564607 ], [ 55.297970731245364, 25.245503193543787 ], [ 55.2978678, 25.2453356 ], [ 55.297788613234331, 25.245375972188452 ], [ 55.297773330220345, 25.245349883617216 ], [ 55.297883760100298, 25.245310110156687 ], [ 55.298001031253975, 25.245510493540731 ], [ 55.298082531269877, 25.245471193532293 ], [ 55.298006321824829, 25.245318460042267 ], [ 55.298081331265706, 25.24543979353232 ], [ 55.298197867262921, 25.245379488885799 ], [ 55.298232493888349, 25.245439480555643 ], [ 55.298315193935728, 25.245396780529955 ], [ 55.2982459, 25.2452769 ], [ 55.298192382101881, 25.245304566041007 ], [ 55.298121205344316, 25.245218746076048 ], [ 55.298182859376446, 25.245187177331104 ], [ 55.2980947, 25.2450354 ], [ 55.298044840011315, 25.245060929837361 ], [ 55.297986, 25.244956 ], [ 55.2978541, 25.2449562 ], [ 55.297771329591576, 25.244999153582008 ], [ 55.297759259965758, 25.244914666538982 ], [ 55.297815558919048, 25.244884977458494 ], [ 55.297814358898506, 25.244839777458395 ], [ 55.2977158, 25.2446731 ], [ 55.297593944545383, 25.244680693147814 ], [ 55.297369365724343, 25.244815440440433 ], [ 55.297324449960342, 25.244915167968919 ], [ 55.2973034, 25.2448849 ], [ 55.2972347, 25.2449204 ] ], [ [ 55.298038731261329, 25.245492293536834 ], [ 55.297960843010166, 25.245359204533617 ], [ 55.297961009131569, 25.245359204533571 ], [ 55.298038731261329, 25.245492293536834 ] ], [ [ 55.297999746318823, 25.245203289600767 ], [ 55.298010020693347, 25.245186690244232 ], [ 55.298015204940249, 25.245195615580062 ], [ 55.297999746318823, 25.245203289600767 ] ], [ [ 55.297984638621749, 25.245275620995578 ], [ 55.297970539021165, 25.245250477099496 ], [ 55.297988117337773, 25.245222077463037 ], [ 55.298011432672986, 25.24526178439449 ], [ 55.297984638621749, 25.245275620995578 ] ], [ [ 55.297710188473893, 25.245351384467106 ], [ 55.297741199132567, 25.24535064736158 ], [ 55.29771728977029, 25.245363663814082 ], [ 55.297710188473893, 25.245351384467106 ] ], [ [ 55.297508683010506, 25.245209097557279 ], [ 55.2975067338526, 25.245203943122732 ], [ 55.297506568277342, 25.245203505268599 ], [ 55.297510721572223, 25.245205581912767 ], [ 55.297508683010506, 25.245209097557279 ] ] ], [ [ [ 55.297203730994546, 25.245051593620381 ], [ 55.297287931010601, 25.245007893611675 ], [ 55.2972347, 25.2449204 ], [ 55.2971505, 25.2449641 ], [ 55.297203730994546, 25.245051593620381 ] ] ], [ [ [ 55.297594458984435, 25.245493877544359 ], [ 55.297461, 25.2452684 ], [ 55.2974316, 25.2452833 ], [ 55.297535302854875, 25.245458504990246 ], [ 55.2974145, 25.2452558 ], [ 55.2973658, 25.2452804 ], [ 55.297444565472937, 25.245412483157523 ], [ 55.297409604706623, 25.245430201554147 ], [ 55.2972697, 25.2452013 ], [ 55.2972238, 25.24516 ], [ 55.2971727, 25.2451874 ], [ 55.2971313, 25.2453172 ], [ 55.297305758772261, 25.245598377648466 ], [ 55.297430459311421, 25.245531459321747 ], [ 55.297457058898217, 25.245577877594307 ], [ 55.297594458984435, 25.245493877544359 ] ] ], [ [ [ 55.298018993403517, 25.25542855182794 ], [ 55.298169693621574, 25.255353051710919 ], [ 55.29799462147691, 25.255053950275947 ], [ 55.298067693116167, 25.255016851780496 ], [ 55.2978237, 25.2546019 ], [ 55.2976094, 25.2547106 ], [ 55.298018993403517, 25.25542855182794 ] ] ], [ [ [ 55.297955958736082, 25.2306085565763 ], [ 55.298017801802118, 25.230711890481444 ], [ 55.297998186423229, 25.230756806243964 ], [ 55.298021323334439, 25.230798070680517 ], [ 55.298066239114263, 25.230798070674261 ], [ 55.298066239108444, 25.230762972499701 ], [ 55.298146788411501, 25.230781080435978 ], [ 55.298133386495735, 25.230716602175999 ], [ 55.298204372344905, 25.230759193585204 ], [ 55.298294203909116, 25.230759193570897 ], [ 55.298339119682566, 25.23071427779929 ], [ 55.298428951177527, 25.230354951669451 ], [ 55.298428951160211, 25.230265120140576 ], [ 55.298382649236025, 25.230212165935317 ], [ 55.29851539679165, 25.230079418381241 ], [ 55.298492259829501, 25.229993238252462 ], [ 55.298357512536874, 25.229993238252465 ], [ 55.298267681008468, 25.230038154016672 ], [ 55.298326344767077, 25.230196078993313 ], [ 55.298088017951642, 25.230127985545078 ], [ 55.297998186423229, 25.230127985545082 ], [ 55.297846814527723, 25.230178442921964 ], [ 55.297818523366402, 25.230127985545085 ], [ 55.297773607602203, 25.230127985545085 ], [ 55.29776875786262, 25.230204461772246 ], [ 55.297683776073789, 25.229993238252465 ], [ 55.29754902878117, 25.229993238252462 ], [ 55.297589094669512, 25.230109612043982 ], [ 55.297728691838735, 25.230244359304699 ], [ 55.297728691837996, 25.230352564366115 ], [ 55.297800130254039, 25.230489699063025 ], [ 55.297955958736082, 25.2306085565763 ] ] ], [ [ [ 55.29815468993376, 25.251391851623929 ], [ 55.298204589859282, 25.251208051581237 ], [ 55.2980337, 25.2508943 ], [ 55.2978729, 25.2508586 ], [ 55.2977321, 25.2509049 ], [ 55.2976822, 25.2510887 ], [ 55.297809189203214, 25.25131515188594 ], [ 55.297994989624769, 25.251387451745817 ], [ 55.29815468993376, 25.251391851623929 ] ] ], [ [ [ 55.29842161543025, 25.232991897940764 ], [ 55.298402428301081, 25.232912762925846 ], [ 55.298312596772675, 25.232912762925849 ], [ 55.298331783875938, 25.232991897951123 ], [ 55.29842161543025, 25.232991897940764 ] ] ], [ [ [ 55.298222765244262, 25.237089928997008 ], [ 55.298319933237138, 25.237103012838311 ], [ 55.298364849003896, 25.237058097072048 ], [ 55.298357512536874, 25.237000097468599 ], [ 55.298222765244262, 25.237000097468595 ], [ 55.298222765244262, 25.237089928997008 ] ] ], [ [ [ 55.298376699878553, 25.234608865463446 ], [ 55.298357512536874, 25.234529730437266 ], [ 55.298267681008468, 25.234529730437266 ], [ 55.29828686832424, 25.234608865473803 ], [ 55.298376699878553, 25.234608865463446 ] ] ], [ [ [ 55.298222765244262, 25.235113635371945 ], [ 55.298243081291858, 25.235149867550213 ], [ 55.298287997069771, 25.235149867544727 ], [ 55.298332912841062, 25.235104951774851 ], [ 55.298312596772675, 25.235023803843529 ], [ 55.298222765244262, 25.235023803843529 ], [ 55.298222765244262, 25.235113635371945 ] ] ], [ [ [ 55.297637806419367, 25.246185658652248 ], [ 55.2975564, 25.2461838 ], [ 55.29763575937811, 25.246322177539263 ], [ 55.297677859434799, 25.246366677524772 ], [ 55.297732159471408, 25.246339377505105 ], [ 55.297680907999201, 25.24625067004586 ], [ 55.297696559411641, 25.246274277517045 ], [ 55.297724230182403, 25.246259250063115 ], [ 55.297850887782793, 25.246467917245432 ], [ 55.29764839351828, 25.246573345906835 ], [ 55.297617973986263, 25.246523790408276 ], [ 55.297695731296045, 25.246483493575042 ], [ 55.2975706, 25.2462826 ], [ 55.2974254, 25.246358 ], [ 55.297536162235808, 25.246535878316898 ], [ 55.2974819, 25.2465641 ], [ 55.297544731280112, 25.246666293591023 ], [ 55.297571487236596, 25.246652366449254 ], [ 55.297695459662172, 25.246857977524204 ], [ 55.298017027717272, 25.246690586199218 ], [ 55.298033742377591, 25.24672039321171 ], [ 55.298123573954022, 25.246720393192501 ], [ 55.298106057995234, 25.246644241533421 ], [ 55.298162659973613, 25.246614777354864 ], [ 55.2977388, 25.2459422 ], [ 55.297696474621091, 25.245933099623144 ], [ 55.297700359243279, 25.245875677511055 ], [ 55.2975902, 25.2456949 ], [ 55.2975075, 25.2456671 ], [ 55.2973633, 25.2457472 ], [ 55.297637806419367, 25.246185658652248 ] ] ], [ [ [ 55.298330091072835, 25.234381267299806 ], [ 55.298312596772675, 25.234350067380444 ], [ 55.298254932133148, 25.234350067386725 ], [ 55.298222765244262, 25.23426023585203 ], [ 55.297908354894815, 25.234170404323628 ], [ 55.297773607602203, 25.234170404323621 ], [ 55.297593944545383, 25.234215320087824 ], [ 55.297626111122625, 25.23431760358277 ], [ 55.297773607602522, 25.234422958295848 ], [ 55.297805209979863, 25.234496260155211 ], [ 55.297861002672214, 25.234485383244859 ], [ 55.29794052167653, 25.23454218234442 ], [ 55.298075269034285, 25.234542182318368 ], [ 55.298210016381539, 25.234497266527807 ], [ 55.298226762592222, 25.234447027921458 ], [ 55.298240259532236, 25.234471098837975 ], [ 55.298330091084253, 25.234471098828525 ], [ 55.298330091072835, 25.234381267299806 ] ] ], [ [ [ 55.295829248208378, 25.233905536259705 ], [ 55.2953413, 25.2330855 ], [ 55.2952891, 25.2330627 ], [ 55.2944268, 25.2334751 ], [ 55.294418, 25.2335266 ], [ 55.294999438260113, 25.234555914414582 ], [ 55.29497038619467, 25.234730226725876 ], [ 55.2949136, 25.2347484 ], [ 55.2948822, 25.2348121 ], [ 55.29501161769128, 25.235113635387322 ], [ 55.294943914457221, 25.235113635371945 ], [ 55.294959150750998, 25.235230641334869 ], [ 55.295070406976215, 25.23523064133353 ], [ 55.295132042152041, 25.235353311092275 ], [ 55.295221873691879, 25.23535331108771 ], [ 55.295461875564143, 25.235247429485192 ], [ 55.29539307209928, 25.235293298428768 ], [ 55.295123577514047, 25.235652624542418 ], [ 55.295168493278254, 25.236236529477093 ], [ 55.295686755567019, 25.237202795426814 ], [ 55.2955278193919, 25.237179760525422 ], [ 55.295303240570874, 25.237224676289628 ], [ 55.295168493278254, 25.237269592053835 ], [ 55.295109134864227, 25.237328950522055 ], [ 55.295064219028554, 25.237099362095094 ], [ 55.294876865651318, 25.236546657486087 ], [ 55.295081712573719, 25.236411910131444 ], [ 55.295081712542412, 25.236322078602196 ], [ 55.294988830221428, 25.236101782184477 ], [ 55.294854082928808, 25.236101782184477 ], [ 55.294584588343575, 25.236236529477093 ], [ 55.294584588343575, 25.236326361005506 ], [ 55.294632554607858, 25.236411910260948 ], [ 55.294798650021185, 25.236511567429286 ], [ 55.294404925286749, 25.23655093982654 ], [ 55.294404925286749, 25.236685687119152 ], [ 55.294839640164341, 25.237368856723087 ], [ 55.29492947175379, 25.237458688235584 ], [ 55.295033745986146, 25.237444245570192 ], [ 55.295061961857314, 25.237544493898174 ], [ 55.295422994449574, 25.23768679066637 ], [ 55.29563984046181, 25.237722650457286 ], [ 55.295688029720182, 25.23783059375069 ], [ 55.295752629740143, 25.23785919374421 ], [ 55.295753994245032, 25.237751188746639 ], [ 55.295870446001935, 25.237769072583326 ], [ 55.295915361775982, 25.237724156811257 ], [ 55.29586474259041, 25.237527383981536 ], [ 55.295995599770784, 25.237527383965162 ], [ 55.297549028781276, 25.237238375995695 ], [ 55.297579503025823, 25.23732394045668 ], [ 55.297624418810607, 25.237323940448452 ], [ 55.297596657495028, 25.237229514620207 ], [ 55.297700808850692, 25.237210137085214 ], [ 55.297758601805782, 25.237233102443579 ], [ 55.297800026934141, 25.237191677318894 ], [ 55.298196472772077, 25.237078226075045 ], [ 55.298177849480055, 25.236955181704392 ], [ 55.298063028265247, 25.236840360860697 ], [ 55.298286795377187, 25.236790590224693 ], [ 55.2982403, 25.2366918 ], [ 55.2979024, 25.2366447 ], [ 55.297885652143954, 25.23666298473389 ], [ 55.297773607602203, 25.236550939826532 ], [ 55.297580203377649, 25.236430064620542 ], [ 55.297695062780889, 25.236436321561591 ], [ 55.297784894320863, 25.236391405791185 ], [ 55.297784894291389, 25.236032079676747 ], [ 55.297773607602203, 25.236011950656067 ], [ 55.297645632308601, 25.236011950834204 ], [ 55.297645632304537, 25.235934196545514 ], [ 55.297593944545383, 25.235877203363437 ], [ 55.29754902878117, 25.23587720336344 ], [ 55.297507506056299, 25.23591872609002 ], [ 55.2974643, 25.2359104 ], [ 55.297478429946473, 25.235967193562274 ], [ 55.297544847836086, 25.236011950896408 ], [ 55.29723461843173, 25.236011950656067 ], [ 55.297189702667524, 25.236056866420263 ], [ 55.297225164852257, 25.236208168762143 ], [ 55.296329664689118, 25.235648482099585 ], [ 55.296426134676274, 25.235594887829411 ], [ 55.296443064318566, 25.235637902444761 ], [ 55.296487980094192, 25.235637902440196 ], [ 55.296495442013125, 25.23555638380342 ], [ 55.296546165850742, 25.235607577574044 ], [ 55.296629765879558, 25.235598077561811 ], [ 55.296647765879698, 25.235561677559012 ], [ 55.296617965273143, 25.235488315270803 ], [ 55.296722152435613, 25.235430433323256 ], [ 55.296722152392334, 25.235205854501057 ], [ 55.296695629261258, 25.235158551136145 ], [ 55.296515966204439, 25.234933972315122 ], [ 55.296364519046286, 25.234976585048219 ], [ 55.296344175133193, 25.234858180411724 ], [ 55.296457779084022, 25.234808060538459 ], [ 55.296544182161341, 25.234894463543924 ], [ 55.296678929511089, 25.234894463521073 ], [ 55.296656803306604, 25.234720254569989 ], [ 55.29751257788871, 25.234230416864136 ], [ 55.297602409420271, 25.23409566956672 ], [ 55.2976024094175, 25.234050753802443 ], [ 55.296782204895308, 25.233856912326747 ], [ 55.296785460789671, 25.233676330917351 ], [ 55.296666671340333, 25.233695636220254 ], [ 55.2957366, 25.2320292 ], [ 55.2956218, 25.2319075 ], [ 55.2951066, 25.2315843 ], [ 55.2950055, 25.2315928 ], [ 55.2948807, 25.231649 ], [ 55.2948118, 25.2317164 ], [ 55.295984662840461, 25.233828103714682 ], [ 55.295829248208378, 25.233905536259705 ] ], [ [ 55.296371587824488, 25.233972729649629 ], [ 55.29625380769081, 25.234005950077478 ], [ 55.296576193181011, 25.23385701187884 ], [ 55.296593867348783, 25.23391003437796 ], [ 55.296371587824488, 25.233972729649629 ] ], [ [ 55.296002935525657, 25.23500872795584 ], [ 55.296066808562394, 25.234980548642191 ], [ 55.296095024365655, 25.235074126677933 ], [ 55.296120664916948, 25.235074126690854 ], [ 55.296005757125499, 25.235124392500982 ], [ 55.29597775150291, 25.235025185110374 ], [ 55.296002935525657, 25.23500872795584 ] ], [ [ 55.295955799910402, 25.235414813961434 ], [ 55.295842229741339, 25.235293298428768 ], [ 55.295777060447726, 25.235303099896182 ], [ 55.2957282, 25.2352162 ], [ 55.2956965, 25.2352118 ], [ 55.295687329911239, 25.235247017201999 ], [ 55.295617650920313, 25.235203466900359 ], [ 55.29556152516691, 25.235203466906764 ], [ 55.295847132852558, 25.235077464334264 ], [ 55.295915925566199, 25.235164964694572 ], [ 55.295944898861308, 25.235164964695528 ], [ 55.295887145505546, 25.235203466900359 ], [ 55.295887145505546, 25.235248382664562 ], [ 55.295996524312713, 25.235440267088705 ], [ 55.295955799910402, 25.235414813961434 ] ] ], [ [ [ 55.298222765244262, 25.232957678690056 ], [ 55.298132933715856, 25.233002594454266 ], [ 55.298153813763392, 25.233129664613308 ], [ 55.298243645319985, 25.233129664602043 ], [ 55.298288561091468, 25.23308474883201 ], [ 55.298288561077833, 25.232994917303234 ], [ 55.298267681008468, 25.232957678690056 ], [ 55.298222765244262, 25.232957678690056 ] ] ], [ [ [ 55.29766008714153, 25.249391051951985 ], [ 55.297774887512169, 25.249555051868366 ], [ 55.298033687886054, 25.249424851667452 ], [ 55.2973199, 25.2482073 ], [ 55.2970739, 25.2483199 ], [ 55.297520186610122, 25.249104852051715 ], [ 55.297563194999533, 25.2490850990547 ], [ 55.2975331, 25.2491646 ], [ 55.29766008714153, 25.249391051951985 ] ] ], [ [ [ 55.2972864, 25.2548643 ], [ 55.2972688, 25.2549334 ], [ 55.297629592776246, 25.255554552128576 ], [ 55.297735593001214, 25.255578952048204 ], [ 55.297921593265919, 25.255480951903657 ], [ 55.2974857, 25.2547631 ], [ 55.2972864, 25.2548643 ] ] ], [ [ [ 55.298132933715856, 25.234080572795197 ], [ 55.297998186423229, 25.234080572795207 ], [ 55.297998186423229, 25.234125488559414 ], [ 55.298062289382088, 25.234204623620339 ], [ 55.298197036713567, 25.2342046236048 ], [ 55.2981970367073, 25.234159707840419 ], [ 55.298132933715856, 25.234080572795197 ] ] ], [ [ [ 55.298202115102804, 25.230889915082418 ], [ 55.298177849480055, 25.230846637772373 ], [ 55.298132933715856, 25.23084663777237 ], [ 55.298088017951642, 25.23089155353658 ], [ 55.298112283557479, 25.230979746624357 ], [ 55.298157199338064, 25.230979746617798 ], [ 55.298202115110719, 25.230934830846834 ], [ 55.298202115102804, 25.230889915082418 ] ] ], [ [ [ 55.297974715415421, 25.235960364242789 ], [ 55.298064546965776, 25.235915448466812 ], [ 55.298109462730459, 25.235825616932228 ], [ 55.298088017951642, 25.235697540306617 ], [ 55.297953270659029, 25.235697540306617 ], [ 55.297683776073789, 25.235787371835034 ], [ 55.297705220729334, 25.235870532748748 ], [ 55.297839968079373, 25.235960364260155 ], [ 55.297974715415421, 25.235960364242789 ] ] ], [ [ [ 55.297886089547703, 25.251529151832528 ], [ 55.2976525, 25.2511113 ], [ 55.2974011, 25.2512257 ], [ 55.297634689173414, 25.251643652027411 ], [ 55.297886089547703, 25.251529151832528 ] ] ], [ [ [ 55.2978482, 25.2442058 ], [ 55.2978144, 25.2442255 ], [ 55.297933150761239, 25.244421006443389 ], [ 55.297965750779454, 25.244400806432772 ], [ 55.2978482, 25.2442058 ] ] ], [ [ [ 55.297898453298508, 25.247576696816495 ], [ 55.2977579, 25.2473613 ], [ 55.2977306, 25.2473749 ], [ 55.297845853263077, 25.247605496836119 ], [ 55.297898453298508, 25.247576696816495 ] ] ], [ [ [ 55.2967011, 25.2541973 ], [ 55.29712759125271, 25.254943152496889 ], [ 55.297248091424102, 25.254879552403242 ], [ 55.297058843898682, 25.254556631992305 ], [ 55.297135015104281, 25.254515908081046 ], [ 55.297326691535133, 25.254837252342153 ], [ 55.297455091721218, 25.254773252242462 ], [ 55.297266355738365, 25.254445688415498 ], [ 55.29734404443186, 25.254404153008725 ], [ 55.297538191839372, 25.254729352177883 ], [ 55.297729792116222, 25.254632952029102 ], [ 55.2973345, 25.2539535 ], [ 55.2972467, 25.2539087 ], [ 55.2967011, 25.2541973 ] ] ], [ [ [ 55.297625987636344, 25.249997351993109 ], [ 55.297780887859048, 25.249918251872824 ], [ 55.297537, 25.2495046 ], [ 55.2973821, 25.2495837 ], [ 55.297625987636344, 25.249997351993109 ] ] ], [ [ [ 55.297687, 25.2473579 ], [ 55.297308, 25.2475613 ], [ 55.297434459822419, 25.247769477627813 ], [ 55.29781346007244, 25.247566077490372 ], [ 55.297687, 25.2473579 ] ] ], [ [ [ 55.297321895195822, 25.244729377613691 ], [ 55.297397231007103, 25.244753493599692 ], [ 55.297802331087325, 25.244567593557832 ], [ 55.297683776073789, 25.244321367034171 ], [ 55.2976218, 25.244245 ], [ 55.297595601983851, 25.244259261833911 ], [ 55.297493014885696, 25.244088448032347 ], [ 55.29751135829391, 25.244062977557366 ], [ 55.2974331, 25.2439262 ], [ 55.297276316919053, 25.243937600901027 ], [ 55.2971805, 25.2437662 ], [ 55.297134, 25.2437897 ], [ 55.297178123948079, 25.243865961076285 ], [ 55.2971351, 25.2438871 ], [ 55.297259770514025, 25.244105659756894 ], [ 55.2971119, 25.2441806 ], [ 55.29706102626529, 25.244241217223252 ], [ 55.297010039610697, 25.244231535505754 ], [ 55.297010039610697, 25.244366282798374 ], [ 55.297100104451232, 25.244581546439619 ], [ 55.29715410209522, 25.244581546431515 ], [ 55.297144786903317, 25.244635777383618 ], [ 55.297197272832229, 25.244729377610831 ], [ 55.297321895195822, 25.244729377613691 ] ] ], [ [ [ 55.2977554, 25.243267 ], [ 55.2977234, 25.2432825 ], [ 55.297780674580096, 25.243386358075192 ], [ 55.297813674589008, 25.243372458070649 ], [ 55.2977554, 25.243267 ] ] ], [ [ [ 55.297698031401438, 25.247334793577632 ], [ 55.2975702, 25.2471306 ], [ 55.2971384, 25.2473557 ], [ 55.297266231319234, 25.247559893622352 ], [ 55.297698031401438, 25.247334793577632 ] ] ], [ [ [ 55.2968912, 25.2498065 ], [ 55.297075420182978, 25.25013020336079 ], [ 55.2969767, 25.2501808 ], [ 55.297322131723718, 25.250729393627175 ], [ 55.29764153178489, 25.250565793594099 ], [ 55.2973, 25.2500151 ], [ 55.297250643453765, 25.250040396642845 ], [ 55.2970695, 25.2497221 ], [ 55.2968912, 25.2498065 ] ] ], [ [ [ 55.297788280260519, 25.235678792268139 ], [ 55.297773607602203, 25.235562793014008 ], [ 55.297683776073789, 25.235562793014005 ], [ 55.297698448712303, 25.235678792276062 ], [ 55.297788280260519, 25.235678792268139 ] ] ], [ [ [ 55.297753522793414, 25.237448623204475 ], [ 55.297753522777199, 25.237358791675621 ], [ 55.297728691837996, 25.237314507818038 ], [ 55.297683776073789, 25.237314507818038 ], [ 55.297683776073789, 25.237404339346448 ], [ 55.297708607012446, 25.237448623211179 ], [ 55.297753522793414, 25.237448623204475 ] ] ], [ [ [ 55.2977622, 25.2300691 ], [ 55.297787593954723, 25.230114390267669 ], [ 55.297841893975338, 25.230113790259377 ], [ 55.2978158, 25.2300199 ], [ 55.2977615, 25.2300205 ], [ 55.2977622, 25.2300691 ] ] ], [ [ [ 55.297769886616074, 25.23065061407636 ], [ 55.297814802408084, 25.23065061406524 ], [ 55.297814802394647, 25.230605698300682 ], [ 55.297773607602203, 25.230532227422938 ], [ 55.297728691837996, 25.23053222742293 ], [ 55.297769886616074, 25.23065061407636 ] ] ], [ [ [ 55.296899859621398, 25.249439958990962 ], [ 55.296987168187165, 25.24939595445284 ], [ 55.297411687331333, 25.250110152159607 ], [ 55.297544287522364, 25.250042852056648 ], [ 55.2971001, 25.2493133 ], [ 55.29706180296067, 25.249333444884289 ], [ 55.2965667, 25.2485189 ], [ 55.2962239, 25.2486842 ], [ 55.296546384900985, 25.249267452799515 ], [ 55.296861831485849, 25.249749193670805 ], [ 55.297035731519195, 25.24966049365279 ], [ 55.296899859621398, 25.249439958990962 ] ] ], [ [ [ 55.297563331233469, 25.246248893587751 ], [ 55.2974292, 25.2460305 ], [ 55.2972952, 25.2460988 ], [ 55.2972774, 25.2461834 ], [ 55.297345931183976, 25.246296393610038 ], [ 55.297427031207327, 25.246318393601854 ], [ 55.297563331233469, 25.246248893587751 ] ] ], [ [ [ 55.29758740563959, 25.244075395464058 ], [ 55.29754902878117, 25.243962040920518 ], [ 55.297504113016963, 25.243962040920518 ], [ 55.297542489849477, 25.244075395474425 ], [ 55.29758740563959, 25.244075395464058 ] ] ], [ [ [ 55.297372, 25.2492134 ], [ 55.2972049, 25.2492963 ], [ 55.297340531579771, 25.249522293621293 ], [ 55.297507631612113, 25.249439493604012 ], [ 55.297372, 25.2492134 ] ] ], [ [ [ 55.297459197252756, 25.237359423582248 ], [ 55.297489671486112, 25.237458687766559 ], [ 55.297543608457637, 25.23747426130042 ], [ 55.297665408477471, 25.237415861289925 ], [ 55.2976243, 25.2373474 ], [ 55.297524237384593, 25.237395313811138 ], [ 55.297504113016963, 25.237359423582244 ], [ 55.297459197252756, 25.237359423582248 ] ] ], [ [ [ 55.296326385764466, 25.250657453002169 ], [ 55.29638158290124, 25.250630268789301 ], [ 55.296781987194329, 25.251263752669288 ], [ 55.296882776276497, 25.251210031724082 ], [ 55.297147231792081, 25.251646093648031 ], [ 55.297443831849392, 25.251498293617338 ], [ 55.297175764010326, 25.251056410103292 ], [ 55.297329787978057, 25.250979752243801 ], [ 55.2972028, 25.2507533 ], [ 55.2968943, 25.2502463 ], [ 55.296742955568341, 25.250321662755344 ], [ 55.296356, 25.2496883 ], [ 55.2961945, 25.2497725 ], [ 55.296578540070179, 25.250401340331472 ], [ 55.2964756015501, 25.250453598112717 ], [ 55.2960964, 25.2498152 ], [ 55.2958899, 25.2499169 ], [ 55.296326385764466, 25.250657453002169 ] ], [ [ 55.296825686637241, 25.250570152618639 ], [ 55.297073914084478, 25.250978229598367 ], [ 55.296988218086568, 25.251020947596768 ], [ 55.29666877429554, 25.250488539236027 ], [ 55.296756640729555, 25.250447024604409 ], [ 55.296825686637241, 25.250570152618639 ] ] ], [ [ [ 55.296999626916588, 25.233520317371688 ], [ 55.296983961796151, 25.233533371580165 ], [ 55.2969336, 25.2334449 ], [ 55.2969068, 25.2334588 ], [ 55.296960440688586, 25.233552972406514 ], [ 55.296830376553871, 25.233676330917355 ], [ 55.296830376553871, 25.233721246681558 ], [ 55.29692946684321, 25.233862782007169 ], [ 55.297378624886285, 25.233952613390262 ], [ 55.297468456487827, 25.233952613361001 ], [ 55.297476484421964, 25.233931740836745 ], [ 55.297499828535202, 25.233973374269443 ], [ 55.297589660118462, 25.233973374247501 ], [ 55.297634575896829, 25.233928458471965 ], [ 55.297593944545383, 25.233811078209968 ], [ 55.297522893288573, 25.23381107822529 ], [ 55.297693035244144, 25.233323792582297 ], [ 55.29754902878117, 25.233137341746879 ], [ 55.297459197252756, 25.233137341746879 ], [ 55.297278006852942, 25.233257487497649 ], [ 55.2972331, 25.2331771 ], [ 55.2972111, 25.233187 ], [ 55.297255197097073, 25.233268830295142 ], [ 55.2971903, 25.2331536 ], [ 55.297157370414176, 25.233169289979308 ], [ 55.2971359, 25.2331313 ], [ 55.2971148, 25.2331413 ], [ 55.297192453365419, 25.233278877545668 ], [ 55.297261175535475, 25.233302360482213 ], [ 55.2970399226678, 25.233486737708333 ], [ 55.2969859, 25.2333919 ], [ 55.2969437, 25.2334136 ], [ 55.296999626916588, 25.233520317371688 ] ] ], [ [ [ 55.2971317, 25.2467537 ], [ 55.297313759403259, 25.247046277662431 ], [ 55.297451059507949, 25.247005377613025 ], [ 55.2974889595191, 25.246952877598904 ], [ 55.2973065, 25.2466597 ], [ 55.2971317, 25.2467537 ] ] ], [ [ [ 55.297152286097273, 25.24931015233782 ], [ 55.297419286490893, 25.249184352130758 ], [ 55.2969521, 25.2483671 ], [ 55.2966851, 25.2484928 ], [ 55.297152286097273, 25.24931015233782 ] ] ], [ [ [ 55.2972733, 25.2457926 ], [ 55.2971503, 25.2458588 ], [ 55.2971241, 25.2459446 ], [ 55.297193831115543, 25.246054993624728 ], [ 55.297289531142127, 25.246072993615044 ], [ 55.297411531165082, 25.2460072936024 ], [ 55.2972733, 25.2457926 ] ] ], [ [ [ 55.297284158032802, 25.243926677636743 ], [ 55.297418558128911, 25.243871877588212 ], [ 55.2973077, 25.2436909 ], [ 55.2971835, 25.2437606 ], [ 55.297284158032802, 25.243926677636743 ] ] ], [ [ [ 55.297531200684354, 25.234622955886152 ], [ 55.297504113016963, 25.23452973043727 ], [ 55.297459197252756, 25.234529730437266 ], [ 55.297486284901865, 25.23462295589346 ], [ 55.297531200684354, 25.234622955886152 ] ] ], [ [ [ 55.297513142319666, 25.235848390830153 ], [ 55.297504113016963, 25.235787371835031 ], [ 55.297459197252756, 25.235787371835034 ], [ 55.29746822654937, 25.235848390832597 ], [ 55.297513142319666, 25.235848390830153 ] ] ], [ [ [ 55.297450397150804, 25.230127985567986 ], [ 55.297414281488557, 25.229993238252465 ], [ 55.29709987113911, 25.229993238252465 ], [ 55.297135986623729, 25.230102566984275 ], [ 55.297202166420718, 25.230168746731572 ], [ 55.297010039610697, 25.230442395894524 ], [ 55.297010039610697, 25.230532227422934 ], [ 55.297092763896288, 25.230644575526625 ], [ 55.297541921793503, 25.230644575424549 ], [ 55.297586837558548, 25.230554743885268 ], [ 55.297586837496866, 25.230330165062565 ], [ 55.297504113016963, 25.230127985545074 ], [ 55.297450397150804, 25.230127985567986 ] ] ], [ [ [ 55.2966991, 25.2459658 ], [ 55.296458, 25.2460789 ], [ 55.296588408550711, 25.246303599654969 ], [ 55.296561, 25.2463897 ], [ 55.296623960418479, 25.246499894393914 ], [ 55.296515966204439, 25.246522239480264 ], [ 55.296515966204439, 25.246567155244467 ], [ 55.296537412156944, 25.246605400589704 ], [ 55.296582327935639, 25.246605400583917 ], [ 55.296582327930018, 25.246568892848028 ], [ 55.296725158775828, 25.246807177869428 ], [ 55.296840846350712, 25.246810364367569 ], [ 55.296876231134533, 25.246865893659756 ], [ 55.297087756604903, 25.246813513123072 ], [ 55.297286359419942, 25.247141677673294 ], [ 55.29733145945022, 25.24711867765696 ], [ 55.297009534814478, 25.246586247230873 ], [ 55.297118831182416, 25.246753293634683 ], [ 55.297206531198661, 25.246703893625586 ], [ 55.297242331192983, 25.246583793621546 ], [ 55.297187022357193, 25.246496906406271 ], [ 55.297266787702391, 25.246579607357834 ], [ 55.297311703488319, 25.246579607349144 ], [ 55.297311703467308, 25.246489775820162 ], [ 55.297279534195937, 25.246432407951843 ], [ 55.297189702667524, 25.246432407951851 ], [ 55.297189702667644, 25.246461561921603 ], [ 55.2971103, 25.2463246 ], [ 55.29701315120149, 25.246373405058783 ], [ 55.296808514695876, 25.246070819745107 ], [ 55.296972858720373, 25.246166277773707 ], [ 55.297007858743882, 25.246148477761018 ], [ 55.2968314, 25.2458507 ], [ 55.2966921, 25.2459226 ], [ 55.2966991, 25.2459658 ] ], [ [ 55.296785514130924, 25.246299747329328 ], [ 55.2968233, 25.2463875 ], [ 55.296876347074537, 25.246486595250925 ], [ 55.296745635132567, 25.246320997183915 ], [ 55.296785514130924, 25.246299747329328 ] ], [ [ 55.296712020133249, 25.24652365983512 ], [ 55.296666225836255, 25.246546991820299 ], [ 55.296643671436264, 25.246509240887313 ], [ 55.296712020133249, 25.24652365983512 ] ] ], [ [ [ 55.29743967619158, 25.234889431131275 ], [ 55.297414281488557, 25.234844140786709 ], [ 55.297324449960136, 25.234844140786706 ], [ 55.29734984464546, 25.234979262673846 ], [ 55.297439676208157, 25.23497926266014 ], [ 55.29743967619158, 25.234889431131275 ] ] ], [ [ [ 55.297423875106666, 25.235804481522962 ], [ 55.297369365724343, 25.235787371835031 ], [ 55.297378959339106, 25.235849397289851 ], [ 55.2974238751098, 25.235849397287257 ], [ 55.297423875106666, 25.235804481522962 ] ] ], [ [ [ 55.296614802385264, 25.247863262391974 ], [ 55.2965976, 25.247833 ], [ 55.2965356, 25.2478635 ], [ 55.296693884143359, 25.248141952658838 ], [ 55.296755884233569, 25.248111452610722 ], [ 55.296701993785753, 25.248016649032589 ], [ 55.296821006880798, 25.247958177505431 ], [ 55.296874684406092, 25.248052652518524 ], [ 55.296956134335922, 25.248012614141551 ], [ 55.297017184739467, 25.248119052411347 ], [ 55.297226085043462, 25.248016352249252 ], [ 55.2969036, 25.2473967 ], [ 55.2968657, 25.2474146 ], [ 55.296992298991647, 25.247675794933524 ], [ 55.296845, 25.2474394 ], [ 55.2966372, 25.2475386 ], [ 55.296723331203495, 25.24774229367824 ], [ 55.296778831214361, 25.247715793672501 ], [ 55.296759122136393, 25.247681554837449 ], [ 55.296879364064026, 25.247624173435753 ], [ 55.296926673401792, 25.247707999430446 ], [ 55.2967175, 25.247776 ], [ 55.296733602859312, 25.247804341910005 ], [ 55.296614802385264, 25.247863262391974 ] ] ], [ [ [ 55.2971902, 25.2454877 ], [ 55.297095, 25.2453653 ], [ 55.297025652434876, 25.245402298805516 ], [ 55.297050658422819, 25.245314777736077 ], [ 55.2969443, 25.2451338 ], [ 55.2969042, 25.2451221 ], [ 55.2967435, 25.2452045 ], [ 55.296955130996736, 25.245583393647468 ], [ 55.297165342577379, 25.245536314905248 ], [ 55.297209731064463, 25.245607193621627 ], [ 55.297251131072272, 25.245584993617332 ], [ 55.2971902, 25.2454877 ] ] ], [ [ [ 55.29739476034392, 25.234530105022696 ], [ 55.297369365724343, 25.234439898908853 ], [ 55.297324449960136, 25.234439898908857 ], [ 55.297349844562575, 25.234530105029553 ], [ 55.29739476034392, 25.234530105022696 ] ] ], [ [ [ 55.2972547, 25.235844599999989 ], [ 55.2972124, 25.2358503 ], [ 55.2971868, 25.2359203 ], [ 55.297221908236025, 25.235978161323565 ], [ 55.297271908248383, 25.235995361319372 ], [ 55.297343108256221, 25.235924461313143 ], [ 55.2972547, 25.235844599999989 ] ] ], [ [ [ 55.293247114661732, 25.250760458329648 ], [ 55.293488715431472, 25.251154058166659 ], [ 55.29360400965227, 25.251097184212409 ], [ 55.293991455231044, 25.251762608220606 ], [ 55.293913, 25.2518031 ], [ 55.294468867818637, 25.252734209036554 ], [ 55.294682968432298, 25.252623708704025 ], [ 55.294331555113565, 25.252016450851574 ], [ 55.294395023901821, 25.251984535864793 ], [ 55.294672568113896, 25.252472808712369 ], [ 55.294922891948815, 25.252806729392304 ], [ 55.295431442801089, 25.253609399431681 ], [ 55.296028788854507, 25.254618653328194 ], [ 55.296102520968674, 25.25463769440719 ], [ 55.296486156347207, 25.255281849864947 ], [ 55.297039857204901, 25.255007549406461 ], [ 55.296512, 25.2540762 ], [ 55.2955693, 25.2525659 ], [ 55.2953239, 25.2526948 ], [ 55.296363138776329, 25.25437961103659 ], [ 55.296244064439037, 25.254439872265465 ], [ 55.2956061, 25.2533454 ], [ 55.295376618888795, 25.253019260204702 ], [ 55.2952241, 25.2527059 ], [ 55.295035208375964, 25.252432346276859 ], [ 55.295119400604179, 25.252387391589615 ], [ 55.295273931434842, 25.252618393842035 ], [ 55.295536231486196, 25.252492993814915 ], [ 55.294817388593422, 25.251377519303549 ], [ 55.2944538, 25.2507379 ], [ 55.2943658, 25.2507116 ], [ 55.2939118, 25.2509434 ], [ 55.294100691421626, 25.251280261638975 ], [ 55.294003341234706, 25.2513292137977 ], [ 55.293803910379225, 25.250998574022574 ], [ 55.293876515957805, 25.250962757885819 ], [ 55.2933507, 25.2500667 ], [ 55.2929554, 25.250261699999989 ], [ 55.293247114661732, 25.250760458329648 ] ] ], [ [ [ 55.292878166364247, 25.243263518065806 ], [ 55.292942432209436, 25.243378135987527 ], [ 55.292922705067951, 25.243512883278463 ], [ 55.293018179847962, 25.24361277948725 ], [ 55.293063095615977, 25.24361277948573 ], [ 55.293048420899702, 25.243500690019964 ], [ 55.293072827712876, 25.243520873299424 ], [ 55.293212203063682, 25.243796034284802 ], [ 55.293174044770907, 25.243872209393761 ], [ 55.293102368124778, 25.243917125156312 ], [ 55.293102368124778, 25.244006956684725 ], [ 55.293198971593405, 25.244019034294386 ], [ 55.293198971591217, 25.243950705296925 ], [ 55.293224192149644, 25.243995685619776 ], [ 55.2932233, 25.2442315 ], [ 55.293350274359256, 25.244457955119792 ], [ 55.293714775055932, 25.244458854841572 ], [ 55.293846075259701, 25.24440805474007 ], [ 55.293782803194325, 25.244125371440333 ], [ 55.293910075118298, 25.24412245468406 ], [ 55.293916564770228, 25.244061937099342 ], [ 55.293935250780066, 25.244061937100355 ], [ 55.2939193, 25.2441189 ], [ 55.293956038408076, 25.244184421200334 ], [ 55.2939167, 25.2441786 ], [ 55.2939015, 25.2442392 ], [ 55.294012463638602, 25.244429901579554 ], [ 55.2939323, 25.2444151 ], [ 55.2939248, 25.2444496 ], [ 55.293941730093884, 25.244479793950568 ], [ 55.2940512704347, 25.244496594602424 ], [ 55.294132257144128, 25.24463577740504 ], [ 55.294000683409017, 25.244651025341319 ], [ 55.2939714, 25.2445988 ], [ 55.2938424, 25.2445794 ], [ 55.293833612384049, 25.244657228928659 ], [ 55.2937057, 25.244635 ], [ 55.293699672575734, 25.244663336753799 ], [ 55.2936396, 25.2445562 ], [ 55.2932988, 25.2444651 ], [ 55.293294651450147, 25.244540513059878 ], [ 55.293160471765894, 25.244516541703888 ], [ 55.2931204, 25.2444518 ], [ 55.2930293, 25.2444631 ], [ 55.2929722, 25.2447235 ], [ 55.292989129885108, 25.244753694048438 ], [ 55.293062097201577, 25.244766386048571 ], [ 55.2929752, 25.2447533 ], [ 55.2929641, 25.2448133 ], [ 55.293077229934205, 25.244970394040188 ], [ 55.293168857841593, 25.2449808102735 ], [ 55.293182429969008, 25.245035594029705 ], [ 55.293271068227071, 25.245027049230575 ], [ 55.293530130064205, 25.245089993994505 ], [ 55.29355152576688, 25.244993069479644 ], [ 55.293599313103222, 25.245010200491397 ], [ 55.293600430085114, 25.245114493987419 ], [ 55.29366443010278, 25.245125693980945 ], [ 55.293685787005167, 25.245029713256347 ], [ 55.293872030148705, 25.245069493959633 ], [ 55.293877103935273, 25.24504559502342 ], [ 55.293970320734026, 25.245024942299793 ], [ 55.294017876235294, 25.245109754626451 ], [ 55.29422854089438, 25.24519107523151 ], [ 55.294356277195419, 25.245450054376612 ], [ 55.294416677319866, 25.245459954330748 ], [ 55.294597777581053, 25.245368354190191 ], [ 55.294607257331691, 25.245321055482705 ], [ 55.294677477788589, 25.245428354130855 ], [ 55.294875978277751, 25.245547753982279 ], [ 55.294894044780619, 25.245457604450124 ], [ 55.294935678377044, 25.245531853936303 ], [ 55.294974378456843, 25.245538253906904 ], [ 55.295064436123447, 25.245388533054594 ], [ 55.295129221022144, 25.245499241514377 ], [ 55.295221055923747, 25.245499241524609 ], [ 55.295239678957955, 25.2455324537042 ], [ 55.295356174595838, 25.245552241887335 ], [ 55.2954154794133, 25.245662153573218 ], [ 55.295474379535065, 25.245672253528493 ], [ 55.295508946475096, 25.245507286158198 ], [ 55.295595879708038, 25.245608353434129 ], [ 55.295766179991695, 25.245563453302978 ], [ 55.295803680023589, 25.245520453273269 ], [ 55.2954612, 25.2449027 ], [ 55.295407341839436, 25.244893490495148 ], [ 55.295390299339914, 25.244817037305175 ], [ 55.295537878879706, 25.244830953459022 ], [ 55.29555295294584, 25.244700465402815 ], [ 55.29563614951325, 25.244875807682799 ], [ 55.2955074, 25.2449768 ], [ 55.295892480274723, 25.245608853207671 ], [ 55.296377880964293, 25.245352052830636 ], [ 55.296140757264602, 25.244952575477583 ], [ 55.296183164883274, 25.244938063812409 ], [ 55.296422681014931, 25.245314252795481 ], [ 55.29647038108309, 25.245289452758435 ], [ 55.296316370394962, 25.245020551324153 ], [ 55.296379997833995, 25.2450046176263 ], [ 55.296393470259453, 25.245027767925343 ], [ 55.296381218911812, 25.24512985078988 ], [ 55.29641790232813, 25.245195270477172 ], [ 55.296552649695066, 25.24519527044745 ], [ 55.296552649675796, 25.245115315663107 ], [ 55.296577581114832, 25.245102152671912 ], [ 55.29652598711985, 25.244968058605192 ], [ 55.296780181273931, 25.244855552511062 ], [ 55.29652444672022, 25.244428692264076 ], [ 55.29659719621722, 25.244391219093448 ], [ 55.296962281795665, 25.245044152376707 ], [ 55.297156382021896, 25.24488785222459 ], [ 55.2970348, 25.2446305 ], [ 55.29701615025818, 25.244640672586456 ], [ 55.296769965302047, 25.244295676576208 ], [ 55.296800180780004, 25.24427915248144 ], [ 55.2966526, 25.2440219 ], [ 55.2965951, 25.2440534 ], [ 55.296720179981911, 25.244271578735063 ], [ 55.296584901446579, 25.244051916960846 ], [ 55.296626380187647, 25.243996852607104 ], [ 55.29645144059262, 25.243697085833055 ], [ 55.296481773180041, 25.243666753240777 ], [ 55.296471050440225, 25.243602714806872 ], [ 55.296397372836978, 25.243602714822114 ], [ 55.2960394, 25.2430333 ], [ 55.2957811, 25.2431682 ], [ 55.295809225828485, 25.24321835970429 ], [ 55.2957651, 25.2432415 ], [ 55.295883094583324, 25.243440604823206 ], [ 55.295850380270139, 25.243457768460402 ], [ 55.2957425, 25.2432863 ], [ 55.2956193, 25.2433509 ], [ 55.295727185042693, 25.243522376088727 ], [ 55.295671, 25.2435518 ], [ 55.29578093046937, 25.243726993760845 ], [ 55.295855530483557, 25.243687893753116 ], [ 55.295789794094738, 25.243568938426982 ], [ 55.295873626990726, 25.243718445734366 ], [ 55.29579840000001, 25.2437579 ], [ 55.295836630495174, 25.243821393755489 ], [ 55.295912738869198, 25.243781415151894 ], [ 55.29595237875926, 25.243843253117902 ], [ 55.296093057791609, 25.243799415577033 ], [ 55.296127167324855, 25.2438587793735 ], [ 55.2960827, 25.2439071 ], [ 55.296149333115061, 25.244049724006942 ], [ 55.296099535186563, 25.244141703978702 ], [ 55.296066808562372, 25.244141703977352 ], [ 55.296093163358151, 25.244231535513062 ], [ 55.295976977033966, 25.244231535505754 ], [ 55.295976977033966, 25.244276451269961 ], [ 55.296042209533383, 25.244357599517983 ], [ 55.296132041089237, 25.244357599507008 ], [ 55.296132041081343, 25.244300869247606 ], [ 55.296233139719043, 25.244473714173107 ], [ 55.296074670678728, 25.244560394287614 ], [ 55.29579731397714, 25.244096788213138 ], [ 55.295749226676726, 25.244096788219938 ], [ 55.2955618, 25.2437906 ], [ 55.295481650182921, 25.243833207310086 ], [ 55.295405, 25.2437012 ], [ 55.295311881209699, 25.243750168402038 ], [ 55.2951726, 25.2435803 ], [ 55.2950197, 25.2436463 ], [ 55.295410054030768, 25.244274075582826 ], [ 55.295494923653798, 25.244550771350941 ], [ 55.2952484, 25.2440685 ], [ 55.2950213, 25.2437063 ], [ 55.2949805, 25.2437272 ], [ 55.295062339323579, 25.24387315399013 ], [ 55.2949344, 25.243654 ], [ 55.294854, 25.2437001 ], [ 55.294797, 25.2437777 ], [ 55.294943399239173, 25.244138083334548 ], [ 55.2949105, 25.244152 ], [ 55.2949162, 25.2443093 ], [ 55.294933130328971, 25.244339493849182 ], [ 55.295063230363908, 25.24435429383599 ], [ 55.295075654218081, 25.244264598509012 ], [ 55.295106753904875, 25.244270384034255 ], [ 55.295138936599336, 25.244327779023859 ], [ 55.2951115, 25.2443763 ], [ 55.295256151071875, 25.244627660982474 ], [ 55.2951302, 25.2446236 ], [ 55.2951209, 25.2446759 ], [ 55.295137830426185, 25.244706093829571 ], [ 55.295204030444211, 25.244715693822858 ], [ 55.295285146447171, 25.244860356210371 ], [ 55.2952034, 25.2448632 ], [ 55.295200342924097, 25.244935908739411 ], [ 55.295161410235927, 25.244967818254771 ], [ 55.29505950505412, 25.244932974266131 ], [ 55.295004074923391, 25.244834119777714 ], [ 55.295068077884274, 25.244724153815046 ], [ 55.295060477793243, 25.244641253818777 ], [ 55.2949335, 25.2444148 ], [ 55.294856814404696, 25.244396011707291 ], [ 55.2948258, 25.2443407 ], [ 55.2947293, 25.244328 ], [ 55.294722165170036, 25.244372255229816 ], [ 55.2946641, 25.2443636 ], [ 55.2946398, 25.2445077 ], [ 55.294808677457837, 25.244798654014943 ], [ 55.294907899959874, 25.244816663503745 ], [ 55.29486021336966, 25.24505160547837 ], [ 55.294809167164608, 25.244950187733057 ], [ 55.294755542310746, 25.244950187747794 ], [ 55.294708, 25.2448654 ], [ 55.2945843, 25.2448493 ], [ 55.294568994688149, 25.244990877684742 ], [ 55.294363933135003, 25.244978001599076 ], [ 55.294214434456059, 25.244700185626169 ], [ 55.294304276415367, 25.244712454397877 ], [ 55.294323935014361, 25.244631607988744 ], [ 55.294348576465872, 25.244675554363148 ], [ 55.294494876765839, 25.244697954252011 ], [ 55.294497888459716, 25.244571877876766 ], [ 55.294602276876731, 25.244595954167458 ], [ 55.294612876825617, 25.244518654157442 ], [ 55.294570035204607, 25.244442249266864 ], [ 55.294624976786501, 25.244451254146522 ], [ 55.294632676765488, 25.244412554139672 ], [ 55.294505215842456, 25.24414331268224 ], [ 55.294643376559051, 25.244166754125363 ], [ 55.294656276526091, 25.244104354113951 ], [ 55.294607307536587, 25.244017021313248 ], [ 55.294680063279323, 25.243972105544913 ], [ 55.294680063275642, 25.243882274016414 ], [ 55.294584588343575, 25.243872209392109 ], [ 55.294584588344399, 25.243976503162465 ], [ 55.294397370601963, 25.243653710976847 ], [ 55.294512876016718, 25.243849054217051 ], [ 55.294622176201827, 25.243823554132973 ], [ 55.294663076233483, 25.2437732541005 ], [ 55.294587674585138, 25.243556492388258 ], [ 55.294641775967264, 25.243528854110657 ], [ 55.2940327, 25.242533 ], [ 55.293975, 25.2425627 ], [ 55.294087358583347, 25.242754884313538 ], [ 55.294067139498523, 25.24276177097606 ], [ 55.2939662, 25.2425871 ], [ 55.2939367, 25.242604199999988 ], [ 55.294034890814352, 25.242774114578257 ], [ 55.293959088576329, 25.242806252292002 ], [ 55.293972329887929, 25.242742693941658 ], [ 55.2939209, 25.2426226 ], [ 55.2938141, 25.2426396 ], [ 55.2935619, 25.2427924 ], [ 55.293635529823348, 25.242914593976518 ], [ 55.293749798315197, 25.24291529458748 ], [ 55.2936348, 25.2430049 ], [ 55.293672129851579, 25.243068293973312 ], [ 55.293887643098699, 25.242959496942017 ], [ 55.293898464054806, 25.24297835665157 ], [ 55.2936879, 25.2430867 ], [ 55.293837474265978, 25.243349054720138 ], [ 55.2939754746874, 25.243520254619078 ], [ 55.294038630490924, 25.243489701471361 ], [ 55.294136926853675, 25.243651075670112 ], [ 55.294028, 25.2436338 ], [ 55.2940175, 25.243688 ], [ 55.294070418583196, 25.243782377868445 ], [ 55.294000683408896, 25.243782377863695 ], [ 55.294000683408896, 25.243872209392109 ], [ 55.294026123366677, 25.243882274040278 ], [ 55.293956997791717, 25.2440189414115 ], [ 55.293910851880483, 25.244006956684725 ], [ 55.293916430612512, 25.244061307594233 ], [ 55.293857835567337, 25.243923483549359 ], [ 55.293885574774727, 25.243800854694726 ], [ 55.29355476632059, 25.243208537591453 ], [ 55.293602084810075, 25.243073790296375 ], [ 55.293551525766837, 25.243018809872193 ], [ 55.293461694238424, 25.243018809872197 ], [ 55.293461694239447, 25.243044270096199 ], [ 55.293430037377433, 25.243025081462246 ], [ 55.293295185363668, 25.242862290590555 ], [ 55.293221349488931, 25.242728528101011 ], [ 55.293252872563116, 25.242713055150475 ], [ 55.2930616, 25.2423807 ], [ 55.2929568, 25.242271 ], [ 55.2924469, 25.2425331 ], [ 55.292604329545192, 25.242786994081037 ], [ 55.292791197201829, 25.242691044803603 ], [ 55.2926054, 25.2428102 ], [ 55.292722365916923, 25.243018809877579 ], [ 55.292653210482719, 25.2430637256364 ], [ 55.292653210482719, 25.243153557164813 ], [ 55.292799244211849, 25.243263518068243 ], [ 55.292878166364247, 25.243263518065806 ] ], [ [ 55.295778365360455, 25.244311782202029 ], [ 55.295893079262022, 25.244510553179818 ], [ 55.296020583084619, 25.244589979296027 ], [ 55.2959891, 25.2446072 ], [ 55.296133237018523, 25.244860356206356 ], [ 55.296111724326579, 25.244860356204644 ], [ 55.296119703556222, 25.244919501896767 ], [ 55.2959442, 25.2446438 ], [ 55.295855261410907, 25.244703933602135 ], [ 55.295842229741339, 25.244680693147817 ], [ 55.295726694221344, 25.244680693172917 ], [ 55.295734522079215, 25.244653032947561 ], [ 55.29590407936665, 25.244601153173683 ], [ 55.295892379281739, 25.24453335318093 ], [ 55.2957071, 25.2442137 ], [ 55.295685527163613, 25.244223278736023 ], [ 55.2956422, 25.2441478 ], [ 55.295567774779713, 25.244188283599257 ], [ 55.295493777325177, 25.244045447566993 ], [ 55.295531554635247, 25.244025562904749 ], [ 55.295589478327827, 25.244126353402041 ], [ 55.295650164190761, 25.244094045152799 ], [ 55.295778365360455, 25.244311782202029 ] ], [ [ 55.295134261692638, 25.243996353222421 ], [ 55.295176064474688, 25.244062994676543 ], [ 55.295165161285034, 25.244065563422829 ], [ 55.295134261692638, 25.243996353222421 ] ], [ [ 55.29429606102407, 25.243676316047825 ], [ 55.2942449, 25.2436682 ], [ 55.294240393749909, 25.243667485319197 ], [ 55.294280180006972, 25.243648184533797 ], [ 55.29429606102407, 25.243676316047825 ] ], [ [ 55.294250278938947, 25.243028369314061 ], [ 55.294287046092407, 25.243095855081613 ], [ 55.294248662591983, 25.243029184474963 ], [ 55.294250278938947, 25.243028369314061 ] ], [ [ 55.294024090597574, 25.244692770733977 ], [ 55.294082213435047, 25.24469277074898 ], [ 55.294029295890368, 25.244702054074182 ], [ 55.294024090597574, 25.244692770733977 ] ], [ [ 55.293643781329067, 25.243570223554116 ], [ 55.293641751090981, 25.243571299447563 ], [ 55.293618915064066, 25.243531210327713 ], [ 55.293643781329067, 25.243570223554116 ] ], [ [ 55.293270222915112, 25.244987515664004 ], [ 55.293245229254183, 25.244965964644479 ], [ 55.293260740850897, 25.244881512613855 ], [ 55.293292371582368, 25.244887180126774 ], [ 55.293270222915112, 25.244987515664004 ] ], [ [ 55.292854920545679, 25.242659483763735 ], [ 55.292852664274605, 25.242659483764054 ], [ 55.29285437053462, 25.242658607662822 ], [ 55.292854920545679, 25.242659483763735 ] ] ], [ [ [ 55.297123010479943, 25.247102493286214 ], [ 55.29709987113911, 25.247016312886529 ], [ 55.297054955374911, 25.247016312886533 ], [ 55.297078094700112, 25.247102493292463 ], [ 55.297123010479943, 25.247102493286214 ] ] ], [ [ [ 55.2969505, 25.2456117 ], [ 55.297059358638322, 25.245796977738589 ], [ 55.297124758682237, 25.245763677714891 ], [ 55.297016, 25.2455784 ], [ 55.2969505, 25.2456117 ] ] ], [ [ [ 55.297138430085383, 25.23779919360296 ], [ 55.29716773009612, 25.237825893600064 ], [ 55.297184730098571, 25.237810693598274 ], [ 55.2971385, 25.2377537 ], [ 55.297138430085383, 25.23779919360296 ] ] ], [ [ [ 55.29709987113911, 25.234799225022506 ], [ 55.297054955374911, 25.234844140786709 ], [ 55.297054955374911, 25.234889056550916 ], [ 55.297080349949098, 25.234934346950556 ], [ 55.297170181511788, 25.234934346936839 ], [ 55.297215097284848, 25.234889431165563 ], [ 55.297215097276556, 25.234844515401129 ], [ 55.297189702667524, 25.234799225022506 ], [ 55.29709987113911, 25.234799225022506 ] ] ], [ [ [ 55.296108, 25.2487353 ], [ 55.295876, 25.2488518 ], [ 55.29638178498201, 25.249695552935886 ], [ 55.296448112284551, 25.24966227498544 ], [ 55.296769531515658, 25.250182193681635 ], [ 55.296939031548128, 25.250095393664086 ], [ 55.296108, 25.2487353 ] ] ], [ [ [ 55.296638, 25.2436493 ], [ 55.296676330695391, 25.243711693669631 ], [ 55.296746426012476, 25.243673688844133 ], [ 55.296852057613592, 25.243847077789795 ], [ 55.296995757708039, 25.243769177737679 ], [ 55.29689005606685, 25.243595814198187 ], [ 55.296915730740345, 25.24358189364483 ], [ 55.2968774, 25.2435195 ], [ 55.296638, 25.2436493 ] ] ], [ [ [ 55.296920208082284, 25.247016312886529 ], [ 55.296875292318084, 25.246971397122323 ], [ 55.296785460789671, 25.246971397122323 ], [ 55.296785460789671, 25.247061228650733 ], [ 55.296850693947384, 25.247142376811073 ], [ 55.296895609725311, 25.247142376805584 ], [ 55.296940525496602, 25.247097461035715 ], [ 55.296920208082284, 25.247016312886529 ] ] ], [ [ [ 55.296965123846491, 25.23807807580954 ], [ 55.29700632039728, 25.238151546948473 ], [ 55.297051236189297, 25.238151546937345 ], [ 55.297010039610697, 25.238033160045333 ], [ 55.296965123846491, 25.238033160045322 ], [ 55.296965123846491, 25.23807807580954 ] ] ], [ [ [ 55.29588119714095, 25.252788587168247 ], [ 55.295925031630205, 25.252858593776537 ], [ 55.296140931671431, 25.252746993754169 ], [ 55.296097940755452, 25.25267833440553 ], [ 55.296204115463006, 25.252624325446689 ], [ 55.296606388725444, 25.253284652853743 ], [ 55.296825689044944, 25.253177152683552 ], [ 55.295671, 25.2512589 ], [ 55.2951197, 25.2515474 ], [ 55.295560671195346, 25.252304707347449 ], [ 55.29588119714095, 25.252788587168247 ] ] ], [ [ [ 55.296676859006915, 25.247443377894029 ], [ 55.296723259057558, 25.247464977877751 ], [ 55.296879731199105, 25.247383193661118 ], [ 55.2968097, 25.2472692 ], [ 55.296750673311266, 25.247300440670355 ], [ 55.296663577537807, 25.247156379092427 ], [ 55.29670816814717, 25.247163240733318 ], [ 55.296762531155551, 25.247271793672681 ], [ 55.296802831163298, 25.247251293668516 ], [ 55.2966075, 25.2469374 ], [ 55.296569, 25.246958 ], [ 55.296616968726205, 25.247074667548308 ], [ 55.2965513, 25.2469762 ], [ 55.2964593, 25.2469544 ], [ 55.2963644, 25.2470014 ], [ 55.2963741, 25.2470749 ], [ 55.296480731071874, 25.247174793701056 ], [ 55.296593931098421, 25.247156393689469 ], [ 55.296612815317317, 25.247128716826378 ], [ 55.296634075735149, 25.247163026449304 ], [ 55.2965579, 25.2472025 ], [ 55.296676859006915, 25.247443377894029 ] ] ], [ [ [ 55.296873268338352, 25.245565667501236 ], [ 55.296830376553871, 25.245489176903526 ], [ 55.296785460789671, 25.245489176903526 ], [ 55.296785460789671, 25.245579008431935 ], [ 55.296828352573208, 25.245655499041984 ], [ 55.296873268366369, 25.245655499030406 ], [ 55.296873268338352, 25.245565667501236 ] ] ], [ [ [ 55.29668490000001, 25.243115 ], [ 55.296819457365849, 25.243339377795515 ], [ 55.296901357420232, 25.243296277765829 ], [ 55.2967943, 25.2431163 ], [ 55.296758903834771, 25.243134904579371 ], [ 55.2967336, 25.2430907 ], [ 55.29668490000001, 25.243115 ] ] ], [ [ [ 55.2969918, 25.2331571 ], [ 55.2969134, 25.2331956 ], [ 55.296948329478077, 25.233255893607215 ], [ 55.297026829493298, 25.233217293599097 ], [ 55.2969918, 25.2331571 ] ] ], [ [ [ 55.2963233, 25.2430441 ], [ 55.296364046968854, 25.243112478760747 ], [ 55.2963481, 25.2430874 ], [ 55.2962948, 25.2431156 ], [ 55.296498857126956, 25.243447777911012 ], [ 55.296655830680123, 25.243630093671452 ], [ 55.296849130716772, 25.243528193651436 ], [ 55.29678301321588, 25.243369500040011 ], [ 55.296818957370398, 25.243350977795824 ], [ 55.2967288, 25.2431962 ], [ 55.2966896, 25.2432165 ], [ 55.296724867950552, 25.243277007260346 ], [ 55.296633, 25.2431298 ], [ 55.296610607693921, 25.243141322632084 ], [ 55.296586791144293, 25.243101012431119 ], [ 55.296612657073545, 25.243088477866273 ], [ 55.2964036, 25.2427296 ], [ 55.2963808, 25.242741 ], [ 55.296494935579894, 25.24292909885834 ], [ 55.296479820041384, 25.242941505797873 ], [ 55.29640460000001, 25.2427884 ], [ 55.2963422, 25.2427791 ], [ 55.2962305, 25.2428572 ], [ 55.2962218, 25.2429109 ], [ 55.296280430509633, 25.243021093707647 ], [ 55.296372302343997, 25.243019111741518 ], [ 55.2963233, 25.2430441 ] ], [ [ 55.296419496694881, 25.24308597157609 ], [ 55.296496817829251, 25.243229169194979 ], [ 55.296459425558908, 25.243262474227535 ], [ 55.29636487025445, 25.243113773488144 ], [ 55.296419496694881, 25.24308597157609 ] ], [ [ 55.296477005687862, 25.243037841115854 ], [ 55.296456748771753, 25.243048003617659 ], [ 55.296428515819066, 25.243000557063805 ], [ 55.296451823041622, 25.24299286391804 ], [ 55.296477005687862, 25.243037841115854 ] ] ], [ [ [ 55.29668490000001, 25.2452076 ], [ 55.296731730903723, 25.24528979366924 ], [ 55.296759430909169, 25.245276693666376 ], [ 55.2967126, 25.2451945 ], [ 55.29668490000001, 25.2452076 ] ] ], [ [ [ 55.296658, 25.2452818 ], [ 55.296704930905662, 25.245360893672199 ], [ 55.296757230915752, 25.245334693666788 ], [ 55.2967104, 25.245255599999989 ], [ 55.296658, 25.2452818 ] ] ], [ [ [ 55.296621599713809, 25.243810558627484 ], [ 55.296756347043605, 25.243855474379018 ], [ 55.296745119604473, 25.243790536007502 ], [ 55.296778430728615, 25.243770493659433 ], [ 55.2967388, 25.2437095 ], [ 55.2967029, 25.2437311 ], [ 55.296728190494193, 25.243770023343117 ], [ 55.296650713497051, 25.243692546335286 ], [ 55.296605797732845, 25.243692546335282 ], [ 55.296621599713809, 25.243810558627484 ] ] ], [ [ [ 55.296785460789671, 25.230577143187141 ], [ 55.296818190419593, 25.230635517504655 ], [ 55.296952937778471, 25.230635517478142 ], [ 55.296920208082284, 25.230487311658734 ], [ 55.296785460789671, 25.230487311658727 ], [ 55.296785460789671, 25.230577143187141 ] ] ], [ [ [ 55.296738520790782, 25.245026678360979 ], [ 55.296695629261258, 25.24495018773305 ], [ 55.296605797732845, 25.24495018773306 ], [ 55.296648689218443, 25.245071594148737 ], [ 55.296738520804787, 25.245071594125566 ], [ 55.296738520790782, 25.245026678360979 ] ] ], [ [ [ 55.2965565, 25.2476167 ], [ 55.2966277311791, 25.247741793687965 ], [ 55.296684731190332, 25.247715093682075 ], [ 55.2965956, 25.2475588 ], [ 55.2965565, 25.2476167 ] ] ], [ [ [ 55.296841717720497, 25.230001179457847 ], [ 55.296819, 25.2299625 ], [ 55.2967817, 25.2299827 ], [ 55.296878751744593, 25.230162577621151 ], [ 55.29692435177455, 25.230137877604633 ], [ 55.296841717720497, 25.230001179457847 ] ] ], [ [ [ 55.296813112575308, 25.235073120101823 ], [ 55.296785460789671, 25.235023803843529 ], [ 55.296695629261258, 25.235023803843532 ], [ 55.296723281027617, 25.235162951645663 ], [ 55.296813112593355, 25.235162951630734 ], [ 55.296813112575308, 25.235073120101823 ] ] ], [ [ [ 55.29649889865567, 25.247345342590492 ], [ 55.296562821387205, 25.247409514589354 ], [ 55.2963504, 25.24752 ], [ 55.29640903110792, 25.247615793709819 ], [ 55.296635131150978, 25.24749809368641 ], [ 55.296580180699664, 25.247408407386793 ], [ 55.296606031128441, 25.24737519368896 ], [ 55.2965645, 25.2473021 ], [ 55.296519857546201, 25.247300942960411 ], [ 55.296572731107474, 25.247273693692012 ], [ 55.2965324, 25.2472064 ], [ 55.296450259643258, 25.247248732383593 ], [ 55.2964178, 25.2471936 ], [ 55.296370615865783, 25.247221985956706 ], [ 55.2962271, 25.2469823 ], [ 55.2961041, 25.2470431 ], [ 55.296255669193428, 25.247296075563241 ], [ 55.2961777, 25.2473704 ], [ 55.296251631052044, 25.247487393725422 ], [ 55.296342631069194, 25.247438593715994 ], [ 55.296298631055329, 25.247336766557748 ], [ 55.296384758758521, 25.247470877998445 ], [ 55.296432558790116, 25.247445377981126 ], [ 55.296403887395783, 25.247396408101253 ], [ 55.29649889865567, 25.247345342590492 ] ], [ [ 55.296500638336127, 25.247334299989298 ], [ 55.29649004499624, 25.247316307339315 ], [ 55.296517552901882, 25.247302130696433 ], [ 55.296500638336127, 25.247334299989298 ] ] ], [ [ [ 55.296785460789671, 25.232418689519584 ], [ 55.296791103904511, 25.232473669823822 ], [ 55.296836019672526, 25.232473669822298 ], [ 55.296830376553871, 25.232418689519584 ], [ 55.296785460789671, 25.232418689519584 ] ] ], [ [ [ 55.296785460789671, 25.232149194934351 ], [ 55.296838841212846, 25.232164291741512 ], [ 55.296830376553871, 25.232059363405941 ], [ 55.296785460789671, 25.232059363405938 ], [ 55.296785460789671, 25.232149194934351 ] ] ], [ [ [ 55.2963584, 25.2325238 ], [ 55.296629752744245, 25.232999777742837 ], [ 55.296804352864484, 25.232917977679698 ], [ 55.296533, 25.232442 ], [ 55.2963584, 25.2325238 ] ] ], [ [ [ 55.296496622650977, 25.253310356072848 ], [ 55.2961931, 25.2527981 ], [ 55.2959631, 25.2529139 ], [ 55.296266622340774, 25.253426056239505 ], [ 55.296496622650977, 25.253310356072848 ] ] ], [ [ [ 55.2967049, 25.2335375 ], [ 55.2966775, 25.2335517 ], [ 55.296731694202762, 25.233642490446424 ], [ 55.2967590942106, 25.233628290442173 ], [ 55.2967049, 25.2335375 ] ] ], [ [ [ 55.29650543756518, 25.246336960620528 ], [ 55.296519330981219, 25.246358493694409 ], [ 55.29656783099027, 25.246331793689386 ], [ 55.296405, 25.2460637 ], [ 55.2962986, 25.246118 ], [ 55.296447058338316, 25.246366777963409 ], [ 55.29650543756518, 25.246336960620528 ] ] ], [ [ [ 55.296515966204439, 25.243467967514253 ], [ 55.296426134676018, 25.243467967514253 ], [ 55.296434599982646, 25.243527980125076 ], [ 55.296524431522492, 25.243527980120508 ], [ 55.296515966204439, 25.243467967514253 ] ] ], [ [ [ 55.29668287864218, 25.230140437667625 ], [ 55.296650713497051, 25.230083069780875 ], [ 55.296515966204439, 25.230083069780871 ], [ 55.296515966204439, 25.230127985545078 ], [ 55.296593047091349, 25.230230269213958 ], [ 55.296637962877256, 25.23023026920529 ], [ 55.296682878652675, 25.230185353432113 ], [ 55.29668287864218, 25.230140437667625 ] ] ], [ [ [ 55.2962434, 25.2464762 ], [ 55.296262156520832, 25.246547809743547 ], [ 55.2961935, 25.2464329 ], [ 55.2961475, 25.2464591 ], [ 55.296350258428554, 25.246776378002664 ], [ 55.296414858472232, 25.246744177979274 ], [ 55.296428758453295, 25.246671477973472 ], [ 55.2962985, 25.2464487 ], [ 55.2962434, 25.2464762 ] ] ], [ [ [ 55.296225, 25.2475571 ], [ 55.296296531086419, 25.247673793721471 ], [ 55.296401131106393, 25.247619793710644 ], [ 55.2963469, 25.2475305 ], [ 55.296225, 25.2475571 ] ] ], [ [ [ 55.2958888, 25.229988 ], [ 55.2958697, 25.2299973 ], [ 55.295908699658391, 25.230064146722583 ], [ 55.2958551, 25.2300903 ], [ 55.295976528866795, 25.230295793696254 ], [ 55.29620394164553, 25.230184830279843 ], [ 55.296278072343519, 25.230453841641694 ], [ 55.296457735526893, 25.230633504665494 ], [ 55.296592482883497, 25.230633504639911 ], [ 55.296637398658717, 25.230588588866901 ], [ 55.296637398648407, 25.230543673102421 ], [ 55.296502651229936, 25.230274178541094 ], [ 55.296246471619199, 25.229993238252462 ], [ 55.296201555854992, 25.229993238252458 ], [ 55.296201555857074, 25.230080093760829 ], [ 55.296089, 25.2298903 ], [ 55.2958888, 25.229988 ] ], [ [ 55.2958888, 25.229988 ], [ 55.295927906789451, 25.230054774837516 ], [ 55.295927850323338, 25.230054802389468 ], [ 55.2958888, 25.229988 ] ] ], [ [ [ 55.296529352314977, 25.232210277769418 ], [ 55.296582052351091, 25.23218517775036 ], [ 55.29651230000001, 25.2320616 ], [ 55.2964597, 25.2320867 ], [ 55.296529352314977, 25.232210277769418 ] ] ], [ [ [ 55.296420722067374, 25.238013780431803 ], [ 55.29646563785824, 25.238013780421138 ], [ 55.296465637845351, 25.237968864656583 ], [ 55.296426134676018, 25.237898412752713 ], [ 55.296381218911812, 25.237898412752713 ], [ 55.296420722067374, 25.238013780431803 ] ] ], [ [ [ 55.2944485, 25.2406552 ], [ 55.294503429777478, 25.240746493880952 ], [ 55.294663776154934, 25.240639561880293 ], [ 55.29468046255225, 25.240669942392625 ], [ 55.2945774, 25.2407232 ], [ 55.294672238012623, 25.240886821093813 ], [ 55.2946289, 25.2409092 ], [ 55.294828154684858, 25.241233078480452 ], [ 55.294964735386102, 25.24115603967029 ], [ 55.294998423865593, 25.241194373377724 ], [ 55.295066744613685, 25.241170968404177 ], [ 55.295128754970484, 25.241274578373851 ], [ 55.295325308351913, 25.241313171010788 ], [ 55.29547045539325, 25.241549478255326 ], [ 55.29551248269253, 25.241543679783959 ], [ 55.295481, 25.24156 ], [ 55.295580738391983, 25.241730553610843 ], [ 55.2955405, 25.2417504 ], [ 55.29561595566652, 25.241883078207376 ], [ 55.295665432097465, 25.241858675426585 ], [ 55.295799037535069, 25.242103359715557 ], [ 55.2957035, 25.242149 ], [ 55.295782430291183, 25.242275993755865 ], [ 55.296008930335049, 25.24216399373244 ], [ 55.295776742166602, 25.241803779068292 ], [ 55.295860555831901, 25.241761178118807 ], [ 55.29580438196087, 25.241666755485941 ], [ 55.295845262740563, 25.241644816946227 ], [ 55.295862126417632, 25.241674427375241 ], [ 55.2958283, 25.2416937 ], [ 55.295896499886581, 25.241808562769826 ], [ 55.2958708, 25.2418225 ], [ 55.296047680729714, 25.242115709260524 ], [ 55.2960268, 25.2421255 ], [ 55.296045969460359, 25.242159529115924 ], [ 55.2958613, 25.2422637 ], [ 55.295910630331797, 25.242340893743034 ], [ 55.296051797449692, 25.242261253439384 ], [ 55.296096356289304, 25.242335478041483 ], [ 55.296141756318669, 25.24230977802501 ], [ 55.296110740291915, 25.242258146452698 ], [ 55.296148456294738, 25.242240378021815 ], [ 55.296104115705688, 25.242161723782374 ], [ 55.296182556344668, 25.242285778010185 ], [ 55.296402556490499, 25.242169377930448 ], [ 55.2963188, 25.2420258 ], [ 55.296199592009138, 25.242088926120029 ], [ 55.296013574563545, 25.241774667983492 ], [ 55.296055856001296, 25.2417505780491 ], [ 55.2959731, 25.2416112 ], [ 55.29593212569074, 25.241634545195822 ], [ 55.295783098125611, 25.241415652050275 ], [ 55.295865455668554, 25.241371778112523 ], [ 55.295712864415023, 25.241124573423281 ], [ 55.295749455479523, 25.24117277815154 ], [ 55.295799055513278, 25.241148578133586 ], [ 55.2955735, 25.2407505 ], [ 55.295523861263582, 25.240777344361142 ], [ 55.2955078, 25.2407487 ], [ 55.2954199, 25.2407281 ], [ 55.295416364392118, 25.240835477989265 ], [ 55.295055905885448, 25.241022815972997 ], [ 55.295033745985634, 25.240997600482928 ], [ 55.294943914457221, 25.240997600482928 ], [ 55.294943914458386, 25.241071206396587 ], [ 55.29487630607079, 25.240927898186335 ], [ 55.294955201067964, 25.240927898178057 ], [ 55.294955201060588, 25.240838066649445 ], [ 55.294854082928808, 25.240817937426101 ], [ 55.294854082929056, 25.24089553499882 ], [ 55.294746710734337, 25.240745103327171 ], [ 55.29478645443033, 25.240728278489424 ], [ 55.2946771, 25.2405391 ], [ 55.2944485, 25.2406552 ] ], [ [ 55.295713255619894, 25.241573578169099 ], [ 55.295688831100748, 25.241604989755174 ], [ 55.295470116315798, 25.241254939088019 ], [ 55.295508756575288, 25.241234814895549 ], [ 55.295713255619894, 25.241573578169099 ] ], [ [ 55.295654502469638, 25.241788563383889 ], [ 55.295641495027184, 25.241795142352817 ], [ 55.295623357609692, 25.241763250265137 ], [ 55.295636108956522, 25.241756749946802 ], [ 55.295654502469638, 25.241788563383889 ] ], [ [ 55.295608302648809, 25.241094932371144 ], [ 55.295517049226255, 25.240965537360431 ], [ 55.295557934300938, 25.240943603416472 ], [ 55.2955711, 25.2410299 ], [ 55.295608302648809, 25.241094932371144 ] ], [ [ 55.294748138284447, 25.240968265688178 ], [ 55.294754690964695, 25.24096469320904 ], [ 55.294776990661575, 25.241001167637485 ], [ 55.2947701352793, 25.241005034438977 ], [ 55.294748138284447, 25.240968265688178 ] ] ], [ [ [ 55.2944485, 25.2406552 ], [ 55.2944102, 25.2406747 ], [ 55.294498989334464, 25.240826381649896 ], [ 55.294537289356512, 25.240806881638001 ], [ 55.2944485, 25.2406552 ] ] ], [ [ [ 55.295943912892099, 25.246788529240678 ], [ 55.295932061269752, 25.246746818301293 ], [ 55.295897249508101, 25.246746818302483 ], [ 55.296015155703159, 25.246683704899269 ], [ 55.296128758272829, 25.246872978082727 ], [ 55.296330958408205, 25.246769078009464 ], [ 55.2961796, 25.2465168 ], [ 55.296043513039947, 25.246586795322671 ], [ 55.2959527, 25.2464372 ], [ 55.2958998, 25.2464358 ], [ 55.2958045, 25.2465047 ], [ 55.295845403806133, 25.246573236174591 ], [ 55.2957669, 25.2466152 ], [ 55.295857157985736, 25.246768278178294 ], [ 55.295887145505603, 25.246752226695524 ], [ 55.29589899712186, 25.246812869696679 ], [ 55.295940392465951, 25.246812869694228 ], [ 55.295965930901758, 25.246857393752407 ], [ 55.295999530908347, 25.246841393748944 ], [ 55.2959638, 25.246779 ], [ 55.295943912892099, 25.246788529240678 ] ], [ [ 55.29590182071459, 25.246543078747344 ], [ 55.29590153651332, 25.246543230666063 ], [ 55.295884556209934, 25.246514762948106 ], [ 55.295901868759394, 25.246543053065178 ], [ 55.29590182071459, 25.246543078747344 ] ] ], [ [ [ 55.296286258006532, 25.245929178015622 ], [ 55.2961849, 25.2457571 ], [ 55.2960445, 25.2456871 ], [ 55.2959426, 25.2457062 ], [ 55.2958077, 25.2458047 ], [ 55.295933157728918, 25.246014978142448 ], [ 55.296181158024361, 25.24618787805608 ], [ 55.296278158089102, 25.246137578020932 ], [ 55.296286258006532, 25.245929178015622 ] ] ], [ [ [ 55.296067252010374, 25.232458477936873 ], [ 55.296121952064333, 25.232470677917547 ], [ 55.296473852309383, 25.232312077790372 ], [ 55.2962035, 25.2318757 ], [ 55.295868854641114, 25.231976363188839 ], [ 55.2958133, 25.2318788 ], [ 55.2957681, 25.2319004 ], [ 55.295823756402029, 25.231998141937368 ], [ 55.2957816, 25.2320185 ], [ 55.296067252010374, 25.232458477936873 ] ] ], [ [ [ 55.2960692, 25.2469678 ], [ 55.296105230958474, 25.24702999373881 ], [ 55.296266530989818, 25.246951093722124 ], [ 55.2962304, 25.2468889 ], [ 55.2960692, 25.2469678 ] ] ], [ [ [ 55.296367903832099, 25.230094515508746 ], [ 55.296457735403166, 25.230094515491682 ], [ 55.296426134676018, 25.229993238252465 ], [ 55.296336303147612, 25.229993238252462 ], [ 55.296367903832099, 25.230094515508746 ] ] ], [ [ [ 55.2960584, 25.2416974 ], [ 55.296202156214825, 25.241943777999225 ], [ 55.296259056253447, 25.241915777978637 ], [ 55.2961153, 25.2416694 ], [ 55.2960584, 25.2416974 ] ] ], [ [ [ 55.2959859, 25.2463972 ], [ 55.296076658088374, 25.246552578097571 ], [ 55.296172258152218, 25.246503078062926 ], [ 55.2960815, 25.2463476 ], [ 55.2959859, 25.2463972 ] ] ], [ [ [ 55.2963055, 25.2324419 ], [ 55.2962876, 25.2324462 ], [ 55.296313929224695, 25.232507993669287 ], [ 55.296331829228706, 25.232503593667456 ], [ 55.2963055, 25.2324419 ] ] ], [ [ [ 55.296149929845008, 25.237889893703873 ], [ 55.296135, 25.237831 ], [ 55.296049, 25.2378262 ], [ 55.296064029822574, 25.237885093712599 ], [ 55.296149929845008, 25.237889893703873 ] ] ], [ [ [ 55.295634, 25.2457732 ], [ 55.295963030830023, 25.246280593750789 ], [ 55.296026530841999, 25.246246593744225 ], [ 55.2956974, 25.2457393 ], [ 55.295634, 25.2457732 ] ] ], [ [ [ 55.295224244207368, 25.246819324006402 ], [ 55.29526755750809, 25.246878878389687 ], [ 55.295345957582718, 25.246889978361882 ], [ 55.29535319198483, 25.246847911702066 ], [ 55.295460930795088, 25.247035093804424 ], [ 55.29550793081107, 25.247067793799747 ], [ 55.295662424777447, 25.247004905194181 ], [ 55.295735258027236, 25.247116678225797 ], [ 55.295767358048515, 25.247099678214155 ], [ 55.295689277697662, 25.246952654474406 ], [ 55.295773058050884, 25.24709337821205 ], [ 55.295971758182937, 25.246988978140024 ], [ 55.295863, 25.2468062 ], [ 55.295672775206334, 25.246906242741836 ], [ 55.295656872947056, 25.246861519074368 ], [ 55.295673857873489, 25.246886778244988 ], [ 55.295824657972091, 25.246803778190294 ], [ 55.2957075, 25.2466121 ], [ 55.295559310485835, 25.246587132776632 ], [ 55.2954947, 25.2464664 ], [ 55.2954253, 25.2464621 ], [ 55.2954018, 25.2465846 ], [ 55.295478308034568, 25.246712362602103 ], [ 55.295456749627832, 25.246721739031972 ], [ 55.295381204696781, 25.246685022828096 ], [ 55.295402657491202, 25.246560278337828 ], [ 55.2953434, 25.2464546 ], [ 55.2952408, 25.2464401 ], [ 55.295209864648108, 25.246601451393346 ], [ 55.29516250360502, 25.246536329959611 ], [ 55.295221310024047, 25.246536329932738 ], [ 55.295221310018889, 25.246446498404179 ], [ 55.295168493278254, 25.246387492187644 ], [ 55.294764251400402, 25.246387492187644 ], [ 55.294772152323482, 25.246446498425517 ], [ 55.294929462042639, 25.246508283753592 ], [ 55.29487, 25.2465398 ], [ 55.295006465526001, 25.246752406195366 ], [ 55.2949593, 25.246775 ], [ 55.295153616686193, 25.247110453943048 ], [ 55.2950144, 25.2471834 ], [ 55.29510373074006, 25.247326793841758 ], [ 55.295247630767413, 25.247251393826858 ], [ 55.295209656859335, 25.247190438121386 ], [ 55.295264057627968, 25.247164378394256 ], [ 55.295045353982438, 25.24678682511292 ], [ 55.295136413693186, 25.246801082782824 ], [ 55.295159457395961, 25.246842178427773 ], [ 55.295221757453412, 25.246846678405621 ], [ 55.295224244207368, 25.246819324006402 ] ], [ [ 55.295552953209189, 25.246904112439868 ], [ 55.295541157751813, 25.246878778292185 ], [ 55.295570357772355, 25.246866078281634 ], [ 55.295584479067081, 25.24688737166322 ], [ 55.295552953209189, 25.246904112439868 ] ] ], [ [ [ 55.295873411905418, 25.241370660201898 ], [ 55.295842229741339, 25.24140184236078 ], [ 55.295850130508704, 25.241505764303977 ], [ 55.295920007200159, 25.241505764316013 ], [ 55.29594543024362, 25.24155229373687 ], [ 55.295994030253361, 25.24153099373185 ], [ 55.295984877812167, 25.241415932769034 ], [ 55.29582090000001, 25.241183 ], [ 55.29578, 25.2412028 ], [ 55.295873411905418, 25.241370660201898 ] ] ], [ [ [ 55.295890630520724, 25.243917393750305 ], [ 55.295956630533595, 25.243885493743484 ], [ 55.2959197, 25.2438213 ], [ 55.2958536, 25.2438532 ], [ 55.295890630520724, 25.243917393750305 ] ] ], [ [ [ 55.295932061269752, 25.242659483758548 ], [ 55.295842229741339, 25.242659483758541 ], [ 55.295849566235184, 25.242762399245375 ], [ 55.295939397773502, 25.242762399241407 ], [ 55.295932061269752, 25.242659483758548 ] ] ], [ [ [ 55.295893917669282, 25.242985971606547 ], [ 55.295842229741339, 25.242973894107987 ], [ 55.295849001902717, 25.24303088737264 ], [ 55.295893917671492, 25.243030887370814 ], [ 55.295893917669282, 25.242985971606547 ] ] ], [ [ [ 55.294604278339548, 25.246176654205424 ], [ 55.294680178574183, 25.246273854149901 ], [ 55.294856078969815, 25.246338654017219 ], [ 55.294954479143733, 25.246323553941711 ], [ 55.294976924367425, 25.246208232869343 ], [ 55.295032430585202, 25.246216093845327 ], [ 55.295037432400939, 25.246156185188561 ], [ 55.29525394642971, 25.246187496550387 ], [ 55.29531195729804, 25.24629947836711 ], [ 55.295402030688805, 25.246293493807951 ], [ 55.295449260253534, 25.246250933664442 ], [ 55.295487606154516, 25.246257117232023 ], [ 55.295496430716362, 25.246322093798433 ], [ 55.295629930751289, 25.246329793784874 ], [ 55.295614530732209, 25.246206593786031 ], [ 55.295565340183543, 25.246178473253718 ], [ 55.295574373917916, 25.246126030796272 ], [ 55.29562107916172, 25.246136722162408 ], [ 55.2956366, 25.2462475 ], [ 55.295695857663205, 25.246353178230944 ], [ 55.295838557783277, 25.246336778179902 ], [ 55.295820257711007, 25.246206878184903 ], [ 55.2957357, 25.246025 ], [ 55.2956972, 25.2459702 ], [ 55.295525737315501, 25.245965680396704 ], [ 55.295541430673325, 25.245879393792379 ], [ 55.2954814, 25.2458218 ], [ 55.2953677, 25.2458172 ], [ 55.295338157924697, 25.245979248397166 ], [ 55.2952409, 25.2458058 ], [ 55.2950921, 25.2457782 ], [ 55.29507233111601, 25.245865434143109 ], [ 55.2949614, 25.2456676 ], [ 55.2945726, 25.245598 ], [ 55.294553820695015, 25.245683741649934 ], [ 55.2945155, 25.2456154 ], [ 55.2943273, 25.2455787 ], [ 55.294315124980159, 25.245629770201894 ], [ 55.2942889, 25.245583 ], [ 55.2942083, 25.2455688 ], [ 55.294128, 25.2456122 ], [ 55.2941084, 25.2457035 ], [ 55.294133604777308, 25.245748450861161 ], [ 55.2941053, 25.2457434 ], [ 55.2940578, 25.2459622 ], [ 55.294184777549731, 25.246188654526009 ], [ 55.294297877784217, 25.246208754440158 ], [ 55.294325450617478, 25.246082069807937 ], [ 55.294429930416328, 25.246090093906233 ], [ 55.29443519259064, 25.245966045318358 ], [ 55.29447237992634, 25.245973297018587 ], [ 55.29448343042268, 25.246031093900594 ], [ 55.294526947625158, 25.24603874208599 ], [ 55.294604278339548, 25.246176654205424 ] ], [ [ 55.295551124368245, 25.24618734718187 ], [ 55.295557745172069, 25.246183214282603 ], [ 55.295541968614287, 25.246254498832432 ], [ 55.295538028734725, 25.246253748740653 ], [ 55.295551124368245, 25.24618734718187 ] ], [ [ 55.294865401311633, 25.246009343200004 ], [ 55.295022454215783, 25.246037497731624 ], [ 55.295010134240677, 25.24613125131091 ], [ 55.2949667, 25.2461251 ], [ 55.294958119601482, 25.246174696590696 ], [ 55.294865401311633, 25.246009343200004 ] ], [ [ 55.294386877714793, 25.245949454365732 ], [ 55.294392977272842, 25.245920008174597 ], [ 55.294414454380558, 25.245958310754204 ], [ 55.294317721242443, 25.24594055312815 ], [ 55.294386877714793, 25.245949454365732 ] ] ], [ [ [ 55.295783030723967, 25.245791193767499 ], [ 55.295824330731698, 25.245768593763216 ], [ 55.2957812, 25.2456992 ], [ 55.2957399, 25.2457218 ], [ 55.295783030723967, 25.245791193767499 ] ] ], [ [ [ 55.2957619, 25.242984 ], [ 55.2957279, 25.2429775 ], [ 55.295721, 25.2430075 ], [ 55.29577193038304, 25.243044093759487 ], [ 55.2957619, 25.242984 ] ] ], [ [ [ 55.295627430285201, 25.242547893772553 ], [ 55.295765330314644, 25.242501993758356 ], [ 55.2957063, 25.2424071 ], [ 55.2955817, 25.2424733 ], [ 55.295627430285201, 25.242547893772553 ] ] ], [ [ [ 55.295558350374073, 25.24304757945335 ], [ 55.295533462838478, 25.243163621759358 ], [ 55.295578378606493, 25.243163621757841 ], [ 55.295623294372675, 25.243118705992053 ], [ 55.2956232943706, 25.243057253031921 ], [ 55.295689256241786, 25.24306707819504 ], [ 55.295756856141679, 25.242694878166624 ], [ 55.2956976, 25.2425892 ], [ 55.2954491, 25.2425523 ], [ 55.295412721204777, 25.242752841815225 ], [ 55.295362831858732, 25.242669548364887 ], [ 55.295398715514153, 25.242669548357114 ], [ 55.29539307209928, 25.242614567994345 ], [ 55.295303240570874, 25.242614567994341 ], [ 55.295321431732695, 25.242704945186009 ], [ 55.2952804, 25.2426346 ], [ 55.295187, 25.2426827 ], [ 55.295351255892406, 25.242954978314156 ], [ 55.295388083789462, 25.24293596332268 ], [ 55.2953615, 25.2429624 ], [ 55.295471630317749, 25.243134593790355 ], [ 55.29552533032787, 25.243105793784803 ], [ 55.295481082833845, 25.243036070211765 ], [ 55.295558350374073, 25.24304757945335 ] ], [ [ 55.29537772999366, 25.242851813571718 ], [ 55.295396528878562, 25.242842103409018 ], [ 55.295390805282366, 25.24287365518887 ], [ 55.29537772999366, 25.242851813571718 ] ] ], [ [ [ 55.295917053122949, 25.230226243517397 ], [ 55.295887145505546, 25.230172901309292 ], [ 55.295790732279016, 25.230172901321804 ], [ 55.295827221534665, 25.230136412004601 ], [ 55.29579731397714, 25.230038154016665 ], [ 55.295707482448726, 25.230038154016668 ], [ 55.295602238720306, 25.230090775924641 ], [ 55.295572735156107, 25.230038154016668 ], [ 55.2955278193919, 25.230038154016668 ], [ 55.2955278193919, 25.230262732837701 ], [ 55.295557726867344, 25.230316075110917 ], [ 55.295662566684584, 25.230301066876933 ], [ 55.295737390024421, 25.230405906607572 ], [ 55.295872137377593, 25.23040590658335 ], [ 55.295917053152223, 25.230360990810802 ], [ 55.295917053122949, 25.230226243517397 ] ] ], [ [ [ 55.295685895888269, 25.23866947147016 ], [ 55.295777195931066, 25.238623571447174 ], [ 55.2957101, 25.2385081 ], [ 55.2956188, 25.2385541 ], [ 55.295685895888269, 25.23866947147016 ] ] ], [ [ [ 55.295583457628588, 25.242094701548183 ], [ 55.295718204942922, 25.242094701539497 ], [ 55.295718204939426, 25.242049785775187 ], [ 55.295640850523689, 25.241985747297164 ], [ 55.295664755749058, 25.241973778191042 ], [ 55.2955855, 25.2418356 ], [ 55.2955131, 25.241872 ], [ 55.295594387247547, 25.242009010974328 ], [ 55.295583457628588, 25.242094701548183 ] ] ], [ [ [ 55.2955361, 25.2504172 ], [ 55.295495, 25.2504395 ], [ 55.295536131241526, 25.250506093808315 ], [ 55.295577231249226, 25.250483693804053 ], [ 55.2955361, 25.2504172 ] ] ], [ [ [ 55.29572452899, 25.231818893726963 ], [ 55.295823729016732, 25.231830993716908 ], [ 55.2958156, 25.2317424 ], [ 55.2957163, 25.2317302 ], [ 55.29572452899, 25.231818893726963 ] ] ], [ [ [ 55.295437987863494, 25.250295163673567 ], [ 55.295456612182385, 25.25032837687106 ], [ 55.295546443735958, 25.250328376861006 ], [ 55.2955278193919, 25.250205332145153 ], [ 55.295482903627693, 25.25020533214515 ], [ 55.295437987863494, 25.25025024790936 ], [ 55.295437987863494, 25.250295163673567 ] ] ], [ [ [ 55.294539672579369, 25.24144675812499 ], [ 55.294539672579489, 25.241474606100784 ], [ 55.2945247, 25.2414511 ], [ 55.2944389, 25.241502 ], [ 55.29446724195823, 25.241546495285252 ], [ 55.2944268, 25.2415736 ], [ 55.29446472987626, 25.24162939388783 ], [ 55.294511729884334, 25.241597793882949 ], [ 55.294481796883204, 25.241553842130696 ], [ 55.294560160419152, 25.241506770831013 ], [ 55.294637969061419, 25.241506770823889 ], [ 55.294637969059004, 25.241466738954404 ], [ 55.294710591748327, 25.241590740419515 ], [ 55.2946441, 25.2416265 ], [ 55.29471012229866, 25.241735530175895 ], [ 55.294631, 25.2416368 ], [ 55.2945168, 25.2417136 ], [ 55.294666754858312, 25.241969678546532 ], [ 55.294779454934414, 25.241913278505727 ], [ 55.294703599548015, 25.24176109455458 ], [ 55.294809451013364, 25.241924421766274 ], [ 55.2946952, 25.2420088 ], [ 55.294782030022084, 25.242158193857303 ], [ 55.294975539287393, 25.242041929078908 ], [ 55.2949484, 25.2420799 ], [ 55.294993630074948, 25.242150193835734 ], [ 55.295030467239243, 25.242135428383584 ], [ 55.29497451746488, 25.242167208633159 ], [ 55.2949172, 25.2421781 ], [ 55.295036055362132, 25.242375678419709 ], [ 55.295061467235392, 25.242346755077165 ], [ 55.295150189792885, 25.242467799895465 ], [ 55.2950243, 25.2425348 ], [ 55.295104655551235, 25.242672878398718 ], [ 55.295405155750096, 25.242513078289811 ], [ 55.295318164540184, 25.242365389006867 ], [ 55.295368313531839, 25.242365542577836 ], [ 55.295441755773602, 25.242491978276519 ], [ 55.2955892558739, 25.242419778223134 ], [ 55.2954589, 25.2421952 ], [ 55.295355474147108, 25.242247974092333 ], [ 55.29531055846283, 25.24216925505868 ], [ 55.295337929329968, 25.242156895054308 ], [ 55.295367955586407, 25.242209978299528 ], [ 55.295457755648137, 25.242167578267033 ], [ 55.2952172, 25.2417305 ], [ 55.2948825, 25.2412477 ], [ 55.2946129, 25.2413957 ], [ 55.294642404046257, 25.241443062545272 ], [ 55.294539672579369, 25.24144675812499 ] ], [ [ 55.295291133272201, 25.241978111224867 ], [ 55.295326284379712, 25.242041140570894 ], [ 55.2952914, 25.2419811 ], [ 55.295210127978258, 25.242017748366774 ], [ 55.295291133272201, 25.241978111224867 ] ], [ [ 55.295153472060349, 25.242211663687076 ], [ 55.295181794938692, 25.242197265956968 ], [ 55.295310482028462, 25.24235885197006 ], [ 55.2952271, 25.2424032 ], [ 55.295236979486425, 25.242421609238818 ], [ 55.295181987977941, 25.242329122089544 ], [ 55.295212255491819, 25.242312378356196 ], [ 55.295153472060349, 25.242211663687076 ] ], [ [ 55.295227981770715, 25.242059500298922 ], [ 55.295178808680177, 25.242048660241363 ], [ 55.2951237, 25.2419544 ], [ 55.295064587717931, 25.241984454046968 ], [ 55.295147276435621, 25.241939258322706 ], [ 55.295227981770715, 25.242059500298922 ] ], [ [ 55.295042793925816, 25.241750049191815 ], [ 55.295000035119735, 25.241677346639293 ], [ 55.295075254873645, 25.241658371966814 ], [ 55.295193996806248, 25.241845870280599 ], [ 55.2951104, 25.2417337 ], [ 55.295042793925816, 25.241750049191815 ] ], [ [ 55.294924946338888, 25.241928770518719 ], [ 55.294961955126645, 25.241982178441511 ], [ 55.295002701608595, 25.241949021577948 ], [ 55.295033811918756, 25.242000086664873 ], [ 55.294982776024831, 25.242026010407663 ], [ 55.294924946338888, 25.241928770518719 ] ], [ [ 55.294769336685434, 25.241653838044162 ], [ 55.294775654821947, 25.241659978504131 ], [ 55.294811421245328, 25.241679568716759 ], [ 55.294791556808377, 25.241690551325345 ], [ 55.294769336685434, 25.241653838044162 ] ] ], [ [ [ 55.295599258350322, 25.237855884782061 ], [ 55.295644174132434, 25.237855884774891 ], [ 55.29564417412378, 25.237810969010457 ], [ 55.295617650920313, 25.237763665460093 ], [ 55.295572735156107, 25.237763665460097 ], [ 55.295599258350322, 25.237855884782061 ] ] ], [ [ [ 55.295468607692129, 25.238639018612517 ], [ 55.2954393, 25.2385861 ], [ 55.2953944, 25.2386059 ], [ 55.295498209859353, 25.23881273276254 ], [ 55.295564909888441, 25.238780632747144 ], [ 55.295468607692129, 25.238639018612517 ] ] ], [ [ [ 55.2953167, 25.2469267 ], [ 55.295184, 25.2469495 ], [ 55.295308857677362, 25.247186378378544 ], [ 55.295386657743578, 25.247179178350741 ], [ 55.295442257772997, 25.247132478330382 ], [ 55.29542825773386, 25.24707057833465 ], [ 55.2953167, 25.2469267 ] ] ], [ [ [ 55.295491856160901, 25.243287578267932 ], [ 55.2953891, 25.2431123 ], [ 55.2953523, 25.2431311 ], [ 55.295454956136183, 25.243306478281301 ], [ 55.295491856160901, 25.243287578267932 ] ] ], [ [ [ 55.2953267, 25.2415869 ], [ 55.295433530137743, 25.241750593789625 ], [ 55.295508730151766, 25.241709093781839 ], [ 55.295402, 25.2415455 ], [ 55.2953267, 25.2415869 ] ] ], [ [ [ 55.2953397, 25.2435971 ], [ 55.29541723037601, 25.243720593797843 ], [ 55.295468930385788, 25.243693093792483 ], [ 55.2953913, 25.2435696 ], [ 55.2953397, 25.2435971 ] ] ], [ [ [ 55.295360281720519, 25.248275553680578 ], [ 55.295386081756945, 25.248261653660524 ], [ 55.2952291, 25.2479898 ], [ 55.2952033, 25.2480038 ], [ 55.295360281720519, 25.248275553680578 ] ] ], [ [ [ 55.2951314, 25.2427001 ], [ 55.2950945, 25.2427189 ], [ 55.2951769, 25.2428995 ], [ 55.2950844, 25.2429374 ], [ 55.295143825166583, 25.243040056161139 ], [ 55.2949881, 25.2427829 ], [ 55.2947324, 25.2429133 ], [ 55.294794390188223, 25.243018809878286 ], [ 55.294710979033169, 25.243072082263019 ], [ 55.2946552, 25.2429776 ], [ 55.294617, 25.2429979 ], [ 55.294679423739268, 25.243103637538471 ], [ 55.294674419871988, 25.243333220221643 ], [ 55.2947249790234, 25.243388200608063 ], [ 55.294769894791415, 25.243388200606542 ], [ 55.294819283594251, 25.243320919698551 ], [ 55.294834630181555, 25.243345393855908 ], [ 55.294938898293424, 25.243290402584908 ], [ 55.294989717580947, 25.243378544713398 ], [ 55.294962748265142, 25.243407955735179 ], [ 55.2948867, 25.2433376 ], [ 55.2948444, 25.2433597 ], [ 55.294932630225709, 25.243501493846452 ], [ 55.294997467529903, 25.243467554803924 ], [ 55.295041055869085, 25.243542378431517 ], [ 55.295222155989656, 25.243447778365894 ], [ 55.2950718, 25.2431616 ], [ 55.2950437, 25.2431764 ], [ 55.295069221972646, 25.243221930660695 ], [ 55.29502349608633, 25.243145317275982 ], [ 55.295102592855599, 25.243164972959438 ], [ 55.295178855883506, 25.243290878379494 ], [ 55.295272855928694, 25.243201378344963 ], [ 55.295218860366276, 25.243110906480972 ], [ 55.295281955883951, 25.243078678340286 ], [ 55.295239937010031, 25.243005793833827 ], [ 55.295305755921561, 25.243116778332261 ], [ 55.295365455961651, 25.243086378310629 ], [ 55.295213409042461, 25.242794231051171 ], [ 55.2951314, 25.2427001 ] ], [ [ 55.2951769, 25.2428995 ], [ 55.295198813699123, 25.242936451189884 ], [ 55.295198359255551, 25.242936682533831 ], [ 55.2951769, 25.2428995 ] ], [ [ 55.294981070691698, 25.243147036258268 ], [ 55.294921957908826, 25.243179215747837 ], [ 55.294910612811009, 25.243160837930656 ], [ 55.29496703363359, 25.243131286229794 ], [ 55.294981070691698, 25.243147036258268 ] ], [ [ 55.294877541188399, 25.243109047106216 ], [ 55.294883684447896, 25.243119182504326 ], [ 55.294856797044872, 25.243133352407302 ], [ 55.294859726316076, 25.243104620053153 ], [ 55.294877541188399, 25.243109047106216 ] ] ], [ [ [ 55.29537582999891, 25.240741693792149 ], [ 55.2953589, 25.2407115 ], [ 55.294871541328028, 25.24060838438702 ], [ 55.294854, 25.2405771 ], [ 55.2947735, 25.2405632 ], [ 55.294893454546177, 25.240775978451861 ], [ 55.294903931819242, 25.24072666114732 ], [ 55.295059729945137, 25.240958493825044 ], [ 55.295371330003746, 25.240790293792767 ], [ 55.29537582999891, 25.240741693792149 ] ] ], [ [ [ 55.295437987863494, 25.230038154016668 ], [ 55.29546317075517, 25.230083069782559 ], [ 55.295437987863494, 25.230083069780871 ], [ 55.295437987863494, 25.230127985545074 ], [ 55.295467330978383, 25.230180321375421 ], [ 55.295512246762392, 25.230180321367506 ], [ 55.295487063833207, 25.230090489844699 ], [ 55.295512246743243, 25.230090489838574 ], [ 55.295512246733672, 25.230045574074119 ], [ 55.295482903627693, 25.229993238252469 ], [ 55.295437987863494, 25.229993238252469 ], [ 55.295437987863494, 25.230038154016668 ] ] ], [ [ [ 55.2949845, 25.2480488 ], [ 55.295174881457747, 25.248374353824623 ], [ 55.295233481541388, 25.24834375377911 ], [ 55.2950431, 25.2480182 ], [ 55.2949845, 25.2480488 ] ] ], [ [ [ 55.295260830059377, 25.241470993806281 ], [ 55.2953195300705, 25.241439993800199 ], [ 55.2952556, 25.241337 ], [ 55.2951969, 25.241368 ], [ 55.295260830059377, 25.241470993806281 ] ] ], [ [ [ 55.295123230838776, 25.248088393842313 ], [ 55.295219030856806, 25.24803679383238 ], [ 55.2951364, 25.2479068 ], [ 55.2950406, 25.2479584 ], [ 55.295123230838776, 25.248088393842313 ] ] ], [ [ [ 55.294948886503356, 25.250603163234945 ], [ 55.295170386757583, 25.250489263097364 ], [ 55.2946363, 25.2495743 ], [ 55.2944131, 25.2495428 ], [ 55.2939615, 25.2497663 ], [ 55.294392463408805, 25.250504209041832 ], [ 55.294412887290846, 25.250494038107721 ], [ 55.294478816715518, 25.250596357448011 ], [ 55.294516295027861, 25.250576609086448 ], [ 55.294643486159728, 25.250769563424853 ], [ 55.294870886409605, 25.250637563283295 ], [ 55.294695981895295, 25.250353058721668 ], [ 55.294727492083418, 25.250337366784951 ], [ 55.294776617096495, 25.250422557231698 ], [ 55.294827912288227, 25.250397803728934 ], [ 55.294948886503356, 25.250603163234945 ] ] ], [ [ [ 55.2950884, 25.2456927 ], [ 55.295096430545641, 25.245762293837299 ], [ 55.295136330556701, 25.24576969383326 ], [ 55.2951283, 25.2457001 ], [ 55.2950884, 25.2456927 ] ] ], [ [ [ 55.2950261, 25.2469859 ], [ 55.2949051, 25.2469688 ], [ 55.2948487, 25.2469979 ], [ 55.294904030666622, 25.247143193861479 ], [ 55.294952530682522, 25.247171993856636 ], [ 55.295101330714708, 25.247125793841334 ], [ 55.2950261, 25.2469859 ] ] ], [ [ [ 55.295258324806667, 25.230172901309288 ], [ 55.295287103562366, 25.230224230712725 ], [ 55.295332019345992, 25.230224230704966 ], [ 55.295303240570874, 25.230083069780871 ], [ 55.295258324806667, 25.230083069780875 ], [ 55.295258324806667, 25.230172901309288 ] ] ], [ [ [ 55.295039389460314, 25.244870420817843 ], [ 55.295084305228336, 25.244870420816316 ], [ 55.295078661749841, 25.244815440440437 ], [ 55.295033745985634, 25.24481544044043 ], [ 55.295039389460314, 25.244870420817843 ] ] ], [ [ [ 55.294584588343575, 25.246387492187644 ], [ 55.294495773724165, 25.246387492187953 ], [ 55.2944632, 25.2463294 ], [ 55.294370807263213, 25.246316917466459 ], [ 55.2943208, 25.2462324 ], [ 55.2942553, 25.2462204 ], [ 55.294231180845138, 25.246327769315275 ], [ 55.2941892, 25.2462529 ], [ 55.294050076104625, 25.246250711392221 ], [ 55.2940099, 25.2461986 ], [ 55.2939688, 25.2462271 ], [ 55.294019012385839, 25.246316649945857 ], [ 55.2939699, 25.2464209 ], [ 55.294020040948325, 25.246511716208172 ], [ 55.2938274, 25.2464773 ], [ 55.2937187, 25.2464942 ], [ 55.294005514672811, 25.246979498675469 ], [ 55.2938895, 25.2468281 ], [ 55.2938402, 25.2468235 ], [ 55.293681230245262, 25.246918338295995 ], [ 55.2935509, 25.2466933 ], [ 55.2934173, 25.2467608 ], [ 55.293447675925741, 25.246814973497688 ], [ 55.293399240470862, 25.246840383798141 ], [ 55.293349746391435, 25.246845946337334 ], [ 55.2933171, 25.2467888 ], [ 55.293192199653191, 25.24683664982971 ], [ 55.293213544535817, 25.246914779030487 ], [ 55.293176446331834, 25.246933527412025 ], [ 55.2931473, 25.2468861 ], [ 55.2930935, 25.2469148 ], [ 55.293126182917646, 25.246971248495804 ], [ 55.2930969, 25.2469233 ], [ 55.2930374, 25.2469534 ], [ 55.293289430282975, 25.247365594026594 ], [ 55.293365721197276, 25.24732630706082 ], [ 55.2934628773762, 25.247493855109784 ], [ 55.29365769315698, 25.247403266633611 ], [ 55.2936129, 25.2474443 ], [ 55.293643077599498, 25.247496790743433 ], [ 55.2934115, 25.2476199 ], [ 55.293503336410922, 25.247779880892157 ], [ 55.293416778474217, 25.247779880878021 ], [ 55.293416778474217, 25.247869712406438 ], [ 55.293590512156563, 25.247877477637381 ], [ 55.293715465861588, 25.248094291229027 ], [ 55.293686273059457, 25.248094291227474 ], [ 55.293691916556149, 25.248194187418502 ], [ 55.293736832324171, 25.248194187416967 ], [ 55.293736832321343, 25.248118530669633 ], [ 55.293761539527672, 25.248105314759631 ], [ 55.294024579480507, 25.248611654708881 ], [ 55.294080533561043, 25.248582533591645 ], [ 55.294134779750827, 25.248676554626357 ], [ 55.294210079938637, 25.24872425457006 ], [ 55.294284680085596, 25.248729154513217 ], [ 55.29437218021058, 25.248683554445272 ], [ 55.294331972225848, 25.248569273049682 ], [ 55.29435956257992, 25.248553465312856 ], [ 55.294431880309425, 25.248667154399275 ], [ 55.294578380518708, 25.248590854285503 ], [ 55.294479483675353, 25.248414483890873 ], [ 55.294578130735616, 25.248377693898775 ], [ 55.2945285, 25.2482993 ], [ 55.294459679188613, 25.248337620683436 ], [ 55.294431248043502, 25.248287712544414 ], [ 55.294454779991547, 25.248275454372003 ], [ 55.2942356, 25.2479041 ], [ 55.294191673101871, 25.247926964179342 ], [ 55.294176065471937, 25.24789912959065 ], [ 55.294246179210525, 25.247860854520919 ], [ 55.2939339, 25.2473513 ], [ 55.2939022, 25.2473677 ], [ 55.293952190266012, 25.247455066739452 ], [ 55.2938894, 25.2473779 ], [ 55.293868151069631, 25.247389319704133 ], [ 55.293791092715388, 25.247164204004026 ], [ 55.293861477945427, 25.24728605480027 ], [ 55.293931778107343, 25.247316054747351 ], [ 55.294086339193008, 25.24721944997664 ], [ 55.294343530587227, 25.24765739392026 ], [ 55.2944434306158, 25.247682893910177 ], [ 55.294480330623102, 25.247665893906362 ], [ 55.294425655211747, 25.247574760401267 ], [ 55.294515230614927, 25.247527293902337 ], [ 55.2942795, 25.2471421 ], [ 55.294242417265458, 25.247161162350555 ], [ 55.294287735424454, 25.247093113008855 ], [ 55.294332478738625, 25.24717115443779 ], [ 55.294371786522298, 25.247150807984156 ], [ 55.294540257097239, 25.247429378655241 ], [ 55.294573691658741, 25.247411865314302 ], [ 55.294692757292786, 25.247567878602521 ], [ 55.294853857418964, 25.247527578544656 ], [ 55.294822901915538, 25.247475535155491 ], [ 55.294949558031156, 25.247475535147732 ], [ 55.295039389561666, 25.247340787851915 ], [ 55.295039389557971, 25.247250956323402 ], [ 55.294851902126275, 25.247106144415593 ], [ 55.2946808, 25.2468381 ], [ 55.2946215, 25.2468691 ], [ 55.294561935957788, 25.247050299468039 ], [ 55.294472696515598, 25.247066647863345 ], [ 55.29450491514379, 25.246989513463092 ], [ 55.294449841050955, 25.246926481358116 ], [ 55.294360048298685, 25.246926481358127 ], [ 55.294216742647379, 25.246693429761738 ], [ 55.294277300294759, 25.246685628428679 ], [ 55.294362678389682, 25.246730654403731 ], [ 55.294376057643518, 25.246691114618603 ], [ 55.294390378429632, 25.246716654382226 ], [ 55.294559778774193, 25.246739554253459 ], [ 55.294584588343575, 25.246387492187644 ] ], [ [ 55.294448690738939, 25.247079344998131 ], [ 55.294446432684062, 25.247080539328106 ], [ 55.294445762991167, 25.247079344998944 ], [ 55.294448690738939, 25.247079344998131 ] ], [ [ 55.294155179261374, 25.248104154596479 ], [ 55.294177218717742, 25.248092117673259 ], [ 55.294241798074665, 25.248206002956859 ], [ 55.294213617260588, 25.248220682006863 ], [ 55.294155179261374, 25.248104154596479 ] ], [ [ 55.294106011567628, 25.247139363242585 ], [ 55.294149920144086, 25.24720871035462 ], [ 55.294147124920286, 25.247210147233631 ], [ 55.294106011567628, 25.247139363242585 ] ], [ [ 55.293966674653205, 25.2481867588663 ], [ 55.294005969936727, 25.248165742118065 ], [ 55.294054382593821, 25.248252081130545 ], [ 55.294016907967155, 25.248271609272265 ], [ 55.293966674653205, 25.2481867588663 ] ], [ [ 55.293973838519925, 25.248043043358813 ], [ 55.29395171553324, 25.248003589177902 ], [ 55.293972922742377, 25.247992245366607 ], [ 55.293995383288276, 25.248031748376917 ], [ 55.293973838519925, 25.248043043358813 ] ], [ [ 55.29394679092762, 25.247926555778697 ], [ 55.293920188658987, 25.247880384537201 ], [ 55.293933502901112, 25.247873711969973 ], [ 55.293960025547477, 25.247919788078359 ], [ 55.29394679092762, 25.247926555778697 ] ], [ [ 55.293748307959262, 25.247470454792758 ], [ 55.29387423915307, 25.24769343061973 ], [ 55.293855763805574, 25.247703510246208 ], [ 55.293726649823654, 25.247482184256874 ], [ 55.293748307959262, 25.247470454792758 ] ], [ [ 55.293808896169246, 25.247723550713228 ], [ 55.293796318031049, 25.247701533780383 ], [ 55.29379831893818, 25.247700474476559 ], [ 55.293811092969605, 25.247722376981308 ], [ 55.293808896169246, 25.247723550713228 ] ], [ [ 55.293614383493029, 25.247227742425842 ], [ 55.293672769381963, 25.2471953146567 ], [ 55.293811413628347, 25.247419811791243 ], [ 55.293746092711949, 25.247454916800319 ], [ 55.293614383493029, 25.247227742425842 ] ] ], [ [ [ 55.294910730798165, 25.248197993864313 ], [ 55.295003730816006, 25.248150593854692 ], [ 55.2949179, 25.2480099 ], [ 55.294825, 25.2480573 ], [ 55.294910730798165, 25.248197993864313 ] ] ], [ [ [ 55.294996130116012, 25.242478693836578 ], [ 55.295065130129039, 25.242441893829429 ], [ 55.2949814, 25.2423101 ], [ 55.2949128, 25.2423477 ], [ 55.294996130116012, 25.242478693836578 ] ] ], [ [ [ 55.294988830221428, 25.235967034891861 ], [ 55.295015917156633, 25.236105176522397 ], [ 55.295150664504114, 25.236105176500455 ], [ 55.295150664495274, 25.236060260736018 ], [ 55.295078661749841, 25.235967034891861 ], [ 55.294988830221428, 25.235967034891861 ] ] ], [ [ [ 55.291665063670187, 25.252765530704892 ], [ 55.291665063670187, 25.252810446469095 ], [ 55.291734810931807, 25.252899647065409 ], [ 55.291959389836698, 25.252899647031867 ], [ 55.292009763437044, 25.252849273457571 ], [ 55.292072498291212, 25.25294519377584 ], [ 55.292024389783833, 25.252945193761715 ], [ 55.292024389783833, 25.253124856818534 ], [ 55.292053171940836, 25.253176186911624 ], [ 55.292143003508137, 25.253176186896081 ], [ 55.292187919282384, 25.253131271123848 ], [ 55.29217809671168, 25.252979006336204 ], [ 55.292303241289275, 25.252912095313729 ], [ 55.292485709057331, 25.253222796111441 ], [ 55.29233880013328, 25.253214688346954 ], [ 55.29233880013328, 25.253304519875361 ], [ 55.292552324904833, 25.253589486942825 ], [ 55.292642156490061, 25.253634402689038 ], [ 55.292731988064219, 25.253634402670745 ], [ 55.292764156936471, 25.253602233805168 ], [ 55.292844840663051, 25.253730958682134 ], [ 55.293023377637937, 25.253639457109845 ], [ 55.293187865133959, 25.253929911052854 ], [ 55.293367411544061, 25.25384470607894 ], [ 55.293847173942922, 25.254641532447501 ], [ 55.294283723179035, 25.2550354740758 ], [ 55.294328638952393, 25.255035474072137 ], [ 55.294288460667012, 25.254939770065093 ], [ 55.294546879526266, 25.254813930468565 ], [ 55.29444499647348, 25.254632242518753 ], [ 55.294853986433068, 25.254426154220738 ], [ 55.294242155409115, 25.253383846357767 ], [ 55.294385784509686, 25.25331165455049 ], [ 55.2939564, 25.2525849 ], [ 55.2935868, 25.2527783 ], [ 55.2935665, 25.252863 ], [ 55.294325695875038, 25.254089142974014 ], [ 55.294181261990261, 25.254161922387834 ], [ 55.2938237, 25.2535497 ], [ 55.293797367785778, 25.253564099218536 ], [ 55.2935947, 25.2532616 ], [ 55.293576762950437, 25.253271427347226 ], [ 55.2934041, 25.2529663 ], [ 55.293055983044404, 25.253143920740484 ], [ 55.2926429, 25.2524477 ], [ 55.29261570281998, 25.252461638858634 ], [ 55.292458, 25.252209 ], [ 55.292251929365513, 25.252318022043159 ], [ 55.2920231, 25.2519459 ], [ 55.291834742563573, 25.25204660942855 ], [ 55.29161830000001, 25.2516606 ], [ 55.2913672, 25.2513201 ], [ 55.2911346, 25.2514604 ], [ 55.291676371864149, 25.252426615451014 ], [ 55.291860060178756, 25.252675699237201 ], [ 55.291709979434394, 25.252675699176478 ], [ 55.291665063670187, 25.252765530704892 ] ] ], [ [ [ 55.294449841050955, 25.235742456070831 ], [ 55.294404925286749, 25.235832287599241 ], [ 55.294404925286749, 25.236146697948683 ], [ 55.294419597254922, 25.236172865972939 ], [ 55.29464417612548, 25.236172865953137 ], [ 55.295093333818706, 25.235723708270161 ], [ 55.295093333813917, 25.235678792505837 ], [ 55.295033745985634, 25.235607708778211 ], [ 55.294854082928808, 25.235562793014008 ], [ 55.294584588343575, 25.235562793014001 ], [ 55.294449841050955, 25.235742456070831 ] ] ], [ [ [ 55.29508938362823, 25.235492084227833 ], [ 55.294898998693021, 25.235203466900355 ], [ 55.294764251400402, 25.235203466900362 ], [ 55.294629504107782, 25.235428045721388 ], [ 55.294640225917291, 25.235537000021075 ], [ 55.295089383631726, 25.235536999992128 ], [ 55.29508938362823, 25.235492084227833 ] ] ], [ [ [ 55.294764251400402, 25.246881565593913 ], [ 55.294771023644394, 25.246938558907658 ], [ 55.294860855181945, 25.246938558904002 ], [ 55.294905770948525, 25.246893643137906 ], [ 55.294898998693021, 25.246791734065496 ], [ 55.294854082928808, 25.246791734065493 ], [ 55.294764251400402, 25.246881565593913 ] ] ], [ [ [ 55.29486198387545, 25.246671077242631 ], [ 55.294809167164608, 25.24665698677288 ], [ 55.2948170681085, 25.246715993009051 ], [ 55.294861983878036, 25.246715993006905 ], [ 55.29486198387545, 25.246671077242631 ] ] ], [ [ [ 55.294764251400402, 25.248273954284297 ], [ 55.294719335636195, 25.248273954284297 ], [ 55.294719335636195, 25.24836378581271 ], [ 55.294816503843947, 25.248376869824796 ], [ 55.294816503841552, 25.248331954060525 ], [ 55.294764251400402, 25.248273954284297 ] ] ], [ [ [ 55.294943914457221, 25.229993238252469 ], [ 55.294898998693021, 25.230038154016668 ], [ 55.294898998693021, 25.230083069780875 ], [ 55.294927212988412, 25.230133392785898 ], [ 55.294988830221484, 25.23013339278134 ], [ 55.295017044573314, 25.230223224299579 ], [ 55.29506196035657, 25.230223224291972 ], [ 55.295017044553916, 25.230127985546677 ], [ 55.2950170445365, 25.230043561241757 ], [ 55.294988830221428, 25.229993238252462 ], [ 55.294943914457221, 25.229993238252469 ] ] ], [ [ [ 55.294855830278884, 25.244092393856231 ], [ 55.2948483, 25.244012 ], [ 55.2947486, 25.2439966 ], [ 55.294747130255153, 25.244124393867402 ], [ 55.294792330267519, 25.244131393862826 ], [ 55.294855830278884, 25.244092393856231 ] ] ], [ [ [ 55.294539672579369, 25.248094291227478 ], [ 55.294539672579369, 25.248139206991677 ], [ 55.294591924988559, 25.248197206777618 ], [ 55.294726672293642, 25.248152291007393 ], [ 55.294726672291254, 25.248107375243137 ], [ 55.294674419871988, 25.248049375463268 ], [ 55.294584588343575, 25.248049375463264 ], [ 55.294539672579369, 25.248094291227478 ] ] ], [ [ [ 55.293775542211982, 25.234937578238384 ], [ 55.293958607963063, 25.235261330320235 ], [ 55.294009008369635, 25.235275130177946 ], [ 55.294859713046698, 25.23487342771687 ], [ 55.294875012967317, 25.234818727668177 ], [ 55.2942012, 25.2336271 ], [ 55.294154, 25.2336044 ], [ 55.2932894, 25.2340128 ], [ 55.2932826, 25.2340658 ], [ 55.293775542211982, 25.234937578238384 ] ] ], [ [ [ 55.294762930045501, 25.242387993860017 ], [ 55.2947205, 25.2423233 ], [ 55.2947029, 25.2423339 ], [ 55.294745330042332, 25.242398693861844 ], [ 55.294762930045501, 25.242387993860017 ] ] ], [ [ [ 55.294764251400402, 25.230038154016672 ], [ 55.294792465629463, 25.230088477044291 ], [ 55.294882297195954, 25.230088477029067 ], [ 55.294854082928808, 25.229993238252462 ], [ 55.294764251400402, 25.229993238252462 ], [ 55.294764251400402, 25.230038154016672 ] ] ], [ [ [ 55.2946615, 25.2411781 ], [ 55.2945837, 25.2410617 ], [ 55.2945448, 25.241083 ], [ 55.294681854585548, 25.241305078533404 ], [ 55.294720754611028, 25.241283778519303 ], [ 55.2946615, 25.2411781 ] ] ], [ [ [ 55.2945524, 25.240901 ], [ 55.294685729869393, 25.241116493863633 ], [ 55.294718929875856, 25.241100293860196 ], [ 55.2946036, 25.2408723 ], [ 55.2945524, 25.240901 ] ] ], [ [ [ 55.294787952201958, 25.235021159445882 ], [ 55.294764251400402, 25.234978888079326 ], [ 55.294719335636195, 25.234978888079329 ], [ 55.294743036429495, 25.23506607521669 ], [ 55.294787952209695, 25.235066075210291 ], [ 55.294787952201958, 25.235021159445882 ] ] ], [ [ [ 55.2933735, 25.2549092 ], [ 55.2932997, 25.2548428 ], [ 55.293257597813188, 25.254881133147887 ], [ 55.293195, 25.2547695 ], [ 55.292912, 25.2545084 ], [ 55.2927577, 25.2546452 ], [ 55.292910079754193, 25.254916946872072 ], [ 55.293063178266152, 25.255058147532289 ], [ 55.2928529, 25.2552496 ], [ 55.293106868098178, 25.255702511265255 ], [ 55.293187429773127, 25.255762755225817 ], [ 55.293306656605601, 25.255975375465532 ], [ 55.293867861013346, 25.256519274303496 ], [ 55.294253962759129, 25.256395873469156 ], [ 55.294471863439576, 25.256208372990034 ], [ 55.2941163, 25.2555743 ], [ 55.2933735, 25.2549092 ] ] ], [ [ [ 55.294456690624138, 25.232315006166402 ], [ 55.294412789604614, 25.232336494230992 ], [ 55.2943716, 25.2322636 ], [ 55.2942384, 25.2323255 ], [ 55.294280557273481, 25.232400206800936 ], [ 55.294322664285886, 25.232380607460616 ], [ 55.2942667, 25.232408 ], [ 55.294337957305977, 25.232529206795157 ], [ 55.294803257402364, 25.232301506743852 ], [ 55.294719, 25.2320973 ], [ 55.2944612, 25.2322266 ], [ 55.294500591628811, 25.232293518087886 ], [ 55.294456690624138, 25.232315006166402 ] ] ], [ [ [ 55.294472090635239, 25.241895255335944 ], [ 55.2943403, 25.2416749 ], [ 55.2942879, 25.2417034 ], [ 55.294562854866662, 25.242203978586282 ], [ 55.294642054918818, 25.24216127855756 ], [ 55.294472090635239, 25.241895255335944 ] ] ], [ [ [ 55.294235, 25.2410668 ], [ 55.294185305482692, 25.240991623584453 ], [ 55.294207078019156, 25.240980737316423 ], [ 55.294452354435478, 25.241431278616627 ], [ 55.294634254554353, 25.241331078550672 ], [ 55.294491431867357, 25.241095989029215 ], [ 55.294566554376011, 25.241056978571585 ], [ 55.2944879, 25.2409208 ], [ 55.294454912934604, 25.240937936511536 ], [ 55.294379, 25.2408015 ], [ 55.294341735063995, 25.240821141100795 ], [ 55.294370731698052, 25.240792144461622 ], [ 55.294360009522549, 25.240683190133485 ], [ 55.294270177994136, 25.240683190133488 ], [ 55.294180346465723, 25.240728105897691 ], [ 55.294191068615767, 25.240837060237517 ], [ 55.29431153176796, 25.240837060235584 ], [ 55.294176437701879, 25.240908263613914 ], [ 55.2941516, 25.2408647 ], [ 55.2941186, 25.2408813 ], [ 55.294157889302809, 25.240950149143099 ], [ 55.2941293, 25.2409069 ], [ 55.2940724, 25.2409377 ], [ 55.2940583, 25.2409814 ], [ 55.294109228031765, 25.241072229505324 ], [ 55.2940889, 25.2410411 ], [ 55.2940569, 25.2410602 ], [ 55.29410002972152, 25.241126093923278 ], [ 55.294131060300131, 25.241107514486242 ], [ 55.294205654124909, 25.241220378702053 ], [ 55.294237357187448, 25.241203239020752 ], [ 55.294312054265973, 25.241327878665405 ], [ 55.294342554285123, 25.241309278654327 ], [ 55.294235, 25.2410668 ] ] ], [ [ [ 55.294315093758343, 25.242524736465928 ], [ 55.294365652847937, 25.242624632627905 ], [ 55.294590231688026, 25.242624632620284 ], [ 55.294584588343575, 25.242345073409105 ], [ 55.294404925286749, 25.242345073409108 ], [ 55.2942646, 25.242464 ], [ 55.294315093758343, 25.242524736465928 ] ] ], [ [ [ 55.294180520109983, 25.238560219404658 ], [ 55.2940968, 25.2386002 ], [ 55.294462353496954, 25.239231078587409 ], [ 55.294609453597744, 25.239160878534197 ], [ 55.2941005, 25.2383301 ], [ 55.294061, 25.2383495 ], [ 55.294180520109983, 25.238560219404658 ] ] ], [ [ [ 55.294468406497714, 25.242179961244275 ], [ 55.294500154823993, 25.242234578608976 ], [ 55.294554854860564, 25.242206378589159 ], [ 55.2943679, 25.2418901 ], [ 55.294308023719083, 25.241921040525149 ], [ 55.2941453, 25.2416844 ], [ 55.2940883, 25.241719 ], [ 55.2940655, 25.2417512 ], [ 55.294382154746692, 25.242299178651763 ], [ 55.294470654804861, 25.242251178619664 ], [ 55.294437693378704, 25.242195405894535 ], [ 55.294468406497714, 25.242179961244275 ] ] ], [ [ [ 55.294404925286749, 25.236236529477097 ], [ 55.294433704959872, 25.236377690591407 ], [ 55.294478620752905, 25.236422606348107 ], [ 55.294523536536538, 25.23642260634033 ], [ 55.294523536508358, 25.236287859046961 ], [ 55.294494756815162, 25.236236529477093 ], [ 55.294404925286749, 25.236236529477097 ] ] ], [ [ [ 55.294449841050955, 25.236416192533923 ], [ 55.294315093758343, 25.236371276769713 ], [ 55.294338794662877, 25.236548295499997 ], [ 55.294473541995757, 25.236503379716378 ], [ 55.294449841050955, 25.236416192533923 ] ] ], [ [ [ 55.294294829839579, 25.241682693905304 ], [ 55.294329129846147, 25.241665093901755 ], [ 55.2942867, 25.2415942 ], [ 55.2942524, 25.2416118 ], [ 55.294294829839579, 25.241682693905304 ] ] ], [ [ [ 55.294333715920608, 25.236718900392521 ], [ 55.294378631697377, 25.236718900387501 ], [ 55.294360009522549, 25.236640771354949 ], [ 55.294315093758343, 25.236640771354949 ], [ 55.294333715920608, 25.236718900392521 ] ] ], [ [ [ 55.293838564737598, 25.252369409981007 ], [ 55.29397576564093, 25.252574809781724 ], [ 55.294151066133551, 25.252479009509198 ], [ 55.2940999653852, 25.252387879478075 ], [ 55.294128731112984, 25.25237259395783 ], [ 55.29399372712026, 25.252161204560501 ], [ 55.294082565200839, 25.252115609595659 ], [ 55.2935295, 25.2511859 ], [ 55.2933443, 25.2512809 ], [ 55.29368015398255, 25.251864310356417 ], [ 55.293590349466655, 25.25191335976125 ], [ 55.2932351, 25.2512986 ], [ 55.2930784, 25.2513766 ], [ 55.29325591390073, 25.251693175340709 ], [ 55.293156555116532, 25.251743070827033 ], [ 55.2929903, 25.2514525 ], [ 55.2928604, 25.251516 ], [ 55.293418563292811, 25.252455710626762 ], [ 55.293784085286973, 25.252272253933114 ], [ 55.293838564737598, 25.252369409981007 ] ] ], [ [ [ 55.294270177994136, 25.239200969914695 ], [ 55.294225262229929, 25.239200969914688 ], [ 55.294135430701516, 25.239290801443104 ], [ 55.294150102964601, 25.239496632557557 ], [ 55.294284850286942, 25.239496632545674 ], [ 55.294329766056258, 25.239451716777371 ], [ 55.294329766041898, 25.239316969484356 ], [ 55.294270177994136, 25.239200969914695 ] ] ], [ [ [ 55.2938554, 25.2498269 ], [ 55.2934722, 25.2500152 ], [ 55.293786246190457, 25.250554051938622 ], [ 55.294169446785638, 25.250365851621495 ], [ 55.2938554, 25.2498269 ] ] ], [ [ [ 55.294183154541692, 25.242234778721894 ], [ 55.294279754612717, 25.242199878687074 ], [ 55.294253354550825, 25.242110778695444 ], [ 55.2941635, 25.2419581 ], [ 55.294139465773505, 25.241970889923344 ], [ 55.294080214885732, 25.241879451745238 ], [ 55.29410725431427, 25.241863678744608 ], [ 55.2940185, 25.2417167 ], [ 55.2939861, 25.2417357 ], [ 55.294025754606686, 25.241801324132755 ], [ 55.293995093688487, 25.241800069420542 ], [ 55.2939656, 25.2417487 ], [ 55.2938831, 25.2417918 ], [ 55.293953410943118, 25.241930332878351 ], [ 55.29391039014746, 25.241954877708338 ], [ 55.2937962, 25.2418397 ], [ 55.2937529, 25.2418644 ], [ 55.294114554568907, 25.242439878748733 ], [ 55.294190054619669, 25.242401578721392 ], [ 55.294071272710219, 25.242202707403099 ], [ 55.294137254519796, 25.242278878738773 ], [ 55.294172654543196, 25.242259978725933 ], [ 55.294138649669129, 25.242203347770044 ], [ 55.294183154541692, 25.242234778721894 ] ] ], [ [ [ 55.294002553951742, 25.241238378774611 ], [ 55.294085454086904, 25.241380778746741 ], [ 55.2941092436334, 25.241365918210942 ], [ 55.294144329769694, 25.241425993919762 ], [ 55.294283629795572, 25.241348193905324 ], [ 55.2941945, 25.2412244 ], [ 55.294154338281118, 25.241238610301671 ], [ 55.294113, 25.2411709 ], [ 55.294079964350509, 25.241191525294607 ], [ 55.293927, 25.2409399 ], [ 55.2938467, 25.2409821 ], [ 55.294002553951742, 25.241238378774611 ] ] ], [ [ [ 55.294401428753822, 25.232635393864307 ], [ 55.2943501, 25.232561 ], [ 55.2943318, 25.2325727 ], [ 55.294383128750589, 25.232646993866204 ], [ 55.294401428753822, 25.232635393864307 ] ] ], [ [ [ 55.294398428776525, 25.23282619386524 ], [ 55.2943312, 25.2327132 ], [ 55.2942973, 25.2327301 ], [ 55.294364628770012, 25.232843093868745 ], [ 55.294398428776525, 25.23282619386524 ] ] ], [ [ [ 55.2942015, 25.2320635 ], [ 55.294289357251834, 25.232217006799317 ], [ 55.294392857273536, 25.232168306787923 ], [ 55.294305, 25.2320148 ], [ 55.2942015, 25.2320635 ] ] ], [ [ [ 55.294247270196841, 25.236635107652383 ], [ 55.294292185975898, 25.236635107646446 ], [ 55.294270177994136, 25.23655093982654 ], [ 55.294225262229929, 25.236550939826532 ], [ 55.294247270196841, 25.236635107652383 ] ] ], [ [ [ 55.294241063103811, 25.23909440359736 ], [ 55.294225262229929, 25.239021306857865 ], [ 55.294135430701516, 25.239021306857865 ], [ 55.294151231554061, 25.239094403605897 ], [ 55.294241063103811, 25.23909440359736 ] ] ], [ [ [ 55.294138, 25.2324577 ], [ 55.294217293045712, 25.232571690824848 ], [ 55.294243993053776, 25.232560190820713 ], [ 55.294204459480135, 25.232487412081475 ], [ 55.294221864158345, 25.232446991554887 ], [ 55.294275528710571, 25.232544093876808 ], [ 55.294315928718625, 25.232525993872638 ], [ 55.2941792, 25.2322606 ], [ 55.294098301767839, 25.232297759365927 ], [ 55.2940559, 25.2322212 ], [ 55.2940243, 25.2322353 ], [ 55.294138, 25.2324577 ] ] ], [ [ [ 55.294159695840044, 25.236504386224546 ], [ 55.294204611620643, 25.236504386217998 ], [ 55.29420461161272, 25.236459470453578 ], [ 55.294180346465723, 25.23641619253392 ], [ 55.294135430701516, 25.23641619253392 ], [ 55.294159695840044, 25.236504386224546 ] ] ], [ [ [ 55.2933711, 25.2413895 ], [ 55.2932998, 25.2412835 ], [ 55.2932654, 25.2413024 ], [ 55.293480053658904, 25.241639178965404 ], [ 55.293512714572955, 25.241621208347539 ], [ 55.293581529672693, 25.241801793978297 ], [ 55.293698929695978, 25.241748193966171 ], [ 55.293692063759281, 25.241722549813709 ], [ 55.293736832060709, 25.241771233128382 ], [ 55.293871579364755, 25.24177123312381 ], [ 55.293916495129089, 25.241681401593773 ], [ 55.293886328816292, 25.241603681473208 ], [ 55.293909854021301, 25.241591678811751 ], [ 55.293889482628629, 25.241472739635554 ], [ 55.293966254006172, 25.241439878789887 ], [ 55.293858, 25.2412407 ], [ 55.2937781, 25.2412749 ], [ 55.293828559647281, 25.241369018310376 ], [ 55.293809037513462, 25.241355179367321 ], [ 55.293748874188047, 25.241252388748713 ], [ 55.293801253767391, 25.241226678846164 ], [ 55.2937082, 25.2410647 ], [ 55.2935555, 25.2411397 ], [ 55.293575347651505, 25.24117428609663 ], [ 55.2933844, 25.2412599 ], [ 55.293437988649487, 25.241352736144844 ], [ 55.2933711, 25.2413895 ] ], [ [ 55.29370927975431, 25.241509519654397 ], [ 55.293762335016652, 25.241482846205027 ], [ 55.293820845997494, 25.241581505431306 ], [ 55.293750140146081, 25.241581505425035 ], [ 55.29370927975431, 25.241509519654397 ] ] ], [ [ [ 55.293858, 25.2412407 ], [ 55.294062929763371, 25.241542993928434 ], [ 55.294101729771185, 25.24152619392444 ], [ 55.2937939, 25.2410127 ], [ 55.2937511, 25.2410325 ], [ 55.293858, 25.2412407 ] ] ], [ [ [ 55.294129353213535, 25.239261678706367 ], [ 55.2940512, 25.2391246 ], [ 55.2939513, 25.2391737 ], [ 55.29402945314569, 25.239310778742531 ], [ 55.294129353213535, 25.239261678706367 ] ] ], [ [ [ 55.293961410928418, 25.242444969584607 ], [ 55.293998987237273, 25.242444969584255 ], [ 55.294023854508659, 25.242487578781599 ], [ 55.294067354537979, 25.242465678765843 ], [ 55.2938295, 25.2420861 ], [ 55.2937801, 25.2421112 ], [ 55.293962647045049, 25.2423899891742 ], [ 55.293961410928418, 25.242444969584607 ] ] ], [ [ [ 55.293865936116276, 25.238751812272628 ], [ 55.293927216972712, 25.23891574703427 ], [ 55.294106880073727, 25.238915747016598 ], [ 55.294090514937309, 25.238841643801035 ], [ 55.29395576764469, 25.238751812272632 ], [ 55.293865936116276, 25.238751812272628 ] ] ], [ [ [ 55.293821020352077, 25.249172269568415 ], [ 55.293836257940519, 25.249244359912019 ], [ 55.29392608948951, 25.249244359903788 ], [ 55.293910851880483, 25.249127353804216 ], [ 55.293865936116276, 25.249127353804209 ], [ 55.293821020352077, 25.249172269568415 ] ] ], [ [ [ 55.293927230629407, 25.248861093966646 ], [ 55.2938752, 25.2487685 ], [ 55.2937844, 25.2488103 ], [ 55.293836530611458, 25.248902893976016 ], [ 55.293927230629407, 25.248861093966646 ] ] ], [ [ [ 55.2935254, 25.2373681 ], [ 55.29401385265583, 25.238205278735194 ], [ 55.294063452705217, 25.238217378717664 ], [ 55.2935979, 25.2373905 ], [ 55.2935254, 25.2373681 ] ] ], [ [ [ 55.29395576764469, 25.241491673889197 ], [ 55.293910851880483, 25.241491673889186 ], [ 55.293919316745431, 25.241551686624742 ], [ 55.29396423251535, 25.241551686622454 ], [ 55.29395576764469, 25.241491673889197 ] ] ], [ [ [ 55.293814, 25.2486103 ], [ 55.293772, 25.2486313 ], [ 55.293802030575605, 25.248682893978799 ], [ 55.29384403058372, 25.248661993974462 ], [ 55.293814, 25.2486103 ] ] ], [ [ [ 55.293969311248617, 25.239629366937685 ], [ 55.293969311235365, 25.239494619644709 ], [ 55.293910851880483, 25.23947046449992 ], [ 55.293910851880483, 25.239605211792544 ], [ 55.293969311248617, 25.239629366937685 ] ] ], [ [ [ 55.293903, 25.2352123 ], [ 55.2937756, 25.2349901 ], [ 55.2937275, 25.2350141 ], [ 55.293974251420629, 25.235417978716757 ], [ 55.294013051446356, 25.235397478702698 ], [ 55.293903, 25.2352123 ] ] ], [ [ [ 55.293760275779206, 25.242231734782653 ], [ 55.293797668644245, 25.242343479187561 ], [ 55.2936457, 25.2420884 ], [ 55.2935466, 25.2421377 ], [ 55.29366435412468, 25.242339578907927 ], [ 55.293715333307162, 25.242314217934453 ], [ 55.293830354341281, 25.242499178850661 ], [ 55.293910854408821, 25.242489478821867 ], [ 55.293884230946546, 25.242408124204399 ], [ 55.29391505437092, 25.242392778819248 ], [ 55.2937944, 25.2421515 ], [ 55.293732, 25.2421826 ], [ 55.293760275779206, 25.242231734782653 ] ] ], [ [ [ 55.293971952625959, 25.23822257875031 ], [ 55.2934911, 25.2373836 ], [ 55.2934701, 25.2374543 ], [ 55.293956652635373, 25.238276078756382 ], [ 55.293971952625959, 25.23822257875031 ] ] ], [ [ [ 55.2934579, 25.2486871 ], [ 55.293504230519162, 25.248840294009639 ], [ 55.293583930548017, 25.248909894001763 ], [ 55.293819730593178, 25.248789093977354 ], [ 55.293721455285244, 25.248621325782409 ], [ 55.293809730564483, 25.248576693977657 ], [ 55.2936713, 25.2483498 ], [ 55.2934918, 25.2484405 ], [ 55.293537030487649, 25.248516494005219 ], [ 55.293566530493329, 25.248501594002168 ], [ 55.293681393246452, 25.248557871000557 ], [ 55.293717383251838, 25.248617446310952 ], [ 55.2936409, 25.2485841 ], [ 55.2935806, 25.2485964 ], [ 55.2934579, 25.2486871 ] ] ], [ [ [ 55.293731188823664, 25.245803587252965 ], [ 55.293686273059457, 25.245848503017172 ], [ 55.293686273059457, 25.245938334545585 ], [ 55.293704331957208, 25.245970541457332 ], [ 55.293794163510015, 25.245970541447576 ], [ 55.293839079280524, 25.245925625678328 ], [ 55.293839079268729, 25.245835794149599 ], [ 55.293821020352077, 25.245803587252965 ], [ 55.293731188823664, 25.245803587252965 ] ] ], [ [ [ 55.293910851880483, 25.239739959085153 ], [ 55.293821020352077, 25.239739959085156 ], [ 55.29377610458787, 25.239784874849367 ], [ 55.293788519548727, 25.239896848608268 ], [ 55.293833435321325, 25.239896848604914 ], [ 55.293923266858386, 25.239807017069584 ], [ 55.293910851880483, 25.239739959085153 ] ] ], [ [ [ 55.29394175145768, 25.23557127873012 ], [ 55.293857951288309, 25.235351178757394 ], [ 55.2936664, 25.2350073 ], [ 55.2935406, 25.2348627 ], [ 55.2932058, 25.2350083 ], [ 55.293519051081766, 25.235572478880655 ], [ 55.293679351259428, 25.235653578824529 ], [ 55.293774251341873, 25.235648778790672 ], [ 55.29394175145768, 25.23557127873012 ] ] ], [ [ [ 55.293653773589, 25.254943629664123 ], [ 55.293461694238424, 25.254741824329958 ], [ 55.293416778474217, 25.254741824329958 ], [ 55.293416778474217, 25.254831655858368 ], [ 55.293474110498629, 25.254943629677534 ], [ 55.293563942047868, 25.25498854543514 ], [ 55.293653773593057, 25.254988545428439 ], [ 55.293653773589, 25.254943629664123 ] ] ], [ [ [ 55.29370094519475, 25.239227138011152 ], [ 55.293835692517085, 25.239227137999272 ], [ 55.293821020352077, 25.239111138386278 ], [ 55.293686273059457, 25.239111138386278 ], [ 55.29370094519475, 25.239227138011152 ] ] ], [ [ [ 55.2933849, 25.249019 ], [ 55.293463930546892, 25.249148994014774 ], [ 55.29369113059051, 25.249033493991256 ], [ 55.2936333, 25.2489374 ], [ 55.2935884, 25.2489155 ], [ 55.2933849, 25.249019 ] ] ], [ [ [ 55.293731188823664, 25.238257738866363 ], [ 55.293551525766837, 25.238257738866356 ], [ 55.2934578, 25.2383196 ], [ 55.293523315033525, 25.238427003434758 ], [ 55.29350661000263, 25.238661980744219 ], [ 55.293608856361132, 25.238818870278092 ], [ 55.293698687906307, 25.238818870271384 ], [ 55.293788519439325, 25.238684122971748 ], [ 55.293833435187608, 25.238414628382493 ], [ 55.293731188823664, 25.238257738866363 ] ] ], [ [ [ 55.293492729756238, 25.242664493990219 ], [ 55.293691916329536, 25.242669548415023 ], [ 55.293736832095711, 25.242624632649235 ], [ 55.29370632101341, 25.242546537619994 ], [ 55.29375172980464, 25.24252209396338 ], [ 55.2934372, 25.2420241 ], [ 55.2933875, 25.242049 ], [ 55.2934097, 25.242146 ], [ 55.293524451974925, 25.242351635333815 ], [ 55.2933781, 25.2421042 ], [ 55.2932682, 25.2421642 ], [ 55.29324, 25.2422764 ], [ 55.293492729756238, 25.242664493990219 ] ], [ [ 55.293686273059457, 25.242524736465928 ], [ 55.293660662098667, 25.242524736467605 ], [ 55.293623731123674, 25.2424374503744 ], [ 55.293693884354099, 25.242533013371961 ], [ 55.293686273059457, 25.242524736465928 ] ], [ [ 55.293508691226322, 25.242417705129061 ], [ 55.293531729740891, 25.242459093985556 ], [ 55.293554129745353, 25.242448993983249 ], [ 55.293530655955486, 25.242406823158362 ], [ 55.293559957572619, 25.242407208059223 ], [ 55.293622666547961, 25.242534081847012 ], [ 55.29353537329748, 25.242585804705129 ], [ 55.293476193519474, 25.242433805435848 ], [ 55.293508691226322, 25.242417705129061 ] ] ], [ [ [ 55.293712129727517, 25.241977193965589 ], [ 55.293747029734178, 25.241959193961982 ], [ 55.2937046, 25.2418884 ], [ 55.2936697, 25.2419063 ], [ 55.293712129727517, 25.241977193965589 ] ] ], [ [ [ 55.293522529699992, 25.242145693985453 ], [ 55.29372782973963, 25.242043193964218 ], [ 55.29365210000001, 25.2419165 ], [ 55.2934468, 25.242019 ], [ 55.293522529699992, 25.242145693985453 ] ] ], [ [ [ 55.293570713407355, 25.246691206634804 ], [ 55.293660544961689, 25.24669120662444 ], [ 55.29364135729525, 25.24656715524447 ], [ 55.293596441531044, 25.246567155244467 ], [ 55.293551525766837, 25.246612071008673 ], [ 55.293570713407355, 25.246691206634804 ] ] ], [ [ [ 55.2936159, 25.2347464 ], [ 55.2935746, 25.2347676 ], [ 55.293717528870708, 25.235000693941771 ], [ 55.293761928879178, 25.234977693937179 ], [ 55.2936159, 25.2347464 ] ] ], [ [ [ 55.293607727828437, 25.239894835690446 ], [ 55.293652643596587, 25.239849919923088 ], [ 55.293652643585538, 25.239715172630181 ], [ 55.293551525766837, 25.239650127556747 ], [ 55.29350661000263, 25.23965012755675 ], [ 55.293326946945811, 25.23978487484937 ], [ 55.293326946945811, 25.239874706377776 ], [ 55.293383148972985, 25.239939751469986 ], [ 55.293607727828437, 25.239894835690446 ] ] ], [ [ [ 55.293550729795982, 25.242867593984986 ], [ 55.293587329803181, 25.242850393981211 ], [ 55.2935511, 25.2427866 ], [ 55.2935145, 25.2428037 ], [ 55.293550729795982, 25.242867593984986 ] ] ], [ [ [ 55.293523353818046, 25.241919178953246 ], [ 55.293565053845981, 25.241897778938142 ], [ 55.2932138, 25.2413261 ], [ 55.2928901, 25.2414921 ], [ 55.292946894493781, 25.241588142245373 ], [ 55.2928728, 25.2416261 ], [ 55.292896469345386, 25.241664819473769 ], [ 55.2927229, 25.2415752 ], [ 55.2926832, 25.2415955 ], [ 55.29303435348919, 25.242167079130322 ], [ 55.293076153517212, 25.242145679115179 ], [ 55.293069553427536, 25.24195107911526 ], [ 55.292940485838002, 25.241736823735451 ], [ 55.293151053556201, 25.24208127908776 ], [ 55.293260553636649, 25.242041579048283 ], [ 55.293066391046253, 25.241664955574745 ], [ 55.293305653677258, 25.24204257903223 ], [ 55.293476153791495, 25.241955178970485 ], [ 55.293459122155078, 25.241926887855765 ], [ 55.293523353818046, 25.241919178953246 ] ] ], [ [ [ 55.292534819256495, 25.237980359414838 ], [ 55.292820051712603, 25.238484079163602 ], [ 55.293024530957261, 25.238385165041155 ], [ 55.293046651888467, 25.238423779082204 ], [ 55.293121451938767, 25.238385879055116 ], [ 55.2931001228052, 25.23834859837195 ], [ 55.293158251943389, 25.238320479041256 ], [ 55.292912865833443, 25.237900940205673 ], [ 55.292946489103045, 25.237884623598564 ], [ 55.293196451972499, 25.238309079027516 ], [ 55.293602052248552, 25.238111178880747 ], [ 55.2933115, 25.2376177 ], [ 55.293236407923452, 25.237654357510841 ], [ 55.293080824633954, 25.237392637001868 ], [ 55.293128631721586, 25.2373926370236 ], [ 55.2931015, 25.2374091 ], [ 55.29314252902833, 25.23747179400852 ], [ 55.293172029033627, 25.237453894005458 ], [ 55.29313194043592, 25.237392637024531 ], [ 55.29330065314587, 25.23739263697373 ], [ 55.293282031181604, 25.237224676289632 ], [ 55.293237115417398, 25.237179760525422 ], [ 55.293192199653191, 25.237179760525422 ], [ 55.293057452360571, 25.237269592053831 ], [ 55.293057452360706, 25.237353320314078 ], [ 55.2928096, 25.2369376 ], [ 55.292574100549125, 25.237054103294803 ], [ 55.292563378954306, 25.237000097468595 ], [ 55.292518463190099, 25.237000097468599 ], [ 55.292518463190099, 25.237045013232795 ], [ 55.292553820117391, 25.237064136143445 ], [ 55.292330702628135, 25.237174513374185 ], [ 55.2922917, 25.2371068 ], [ 55.2922434, 25.2371317 ], [ 55.292281973853001, 25.237198619646136 ], [ 55.2921203, 25.2372786 ], [ 55.292534819256495, 25.237980359414838 ] ], [ [ 55.292844562680415, 25.237436805473095 ], [ 55.292861473174447, 25.237428439742168 ], [ 55.293049953862152, 25.23774537805512 ], [ 55.293030689058519, 25.237754782456634 ], [ 55.292844562680415, 25.237436805473095 ] ] ], [ [ [ 55.29318175084245, 25.248093711486593 ], [ 55.293218156232022, 25.248155479134791 ], [ 55.293323456300911, 25.248097579096594 ], [ 55.293288910604559, 25.248038854216798 ], [ 55.293340056312893, 25.248091079090607 ], [ 55.293442556380192, 25.248035279053433 ], [ 55.2933506, 25.2478805 ], [ 55.293288090173206, 25.247914590740056 ], [ 55.2932024, 25.2477679 ], [ 55.2931294, 25.2477053 ], [ 55.2929801, 25.2477817 ], [ 55.29318175084245, 25.248093711486593 ] ] ], [ [ [ 55.293337105222101, 25.248696312577664 ], [ 55.293426936760916, 25.248651396807883 ], [ 55.293416778474217, 25.248543448869533 ], [ 55.293237115417398, 25.24858836463374 ], [ 55.293192199653191, 25.248633280397947 ], [ 55.293202357908903, 25.248696312585885 ], [ 55.293337105222101, 25.248696312577664 ] ] ], [ [ [ 55.293381456662829, 25.248964800693308 ], [ 55.293381456659688, 25.248919884929016 ], [ 55.293326946945811, 25.248857859218976 ], [ 55.293282031181604, 25.248857859218965 ], [ 55.293291625121455, 25.248964800698481 ], [ 55.293381456662829, 25.248964800693308 ] ] ], [ [ [ 55.293567628799721, 25.234733593956129 ], [ 55.2935367, 25.2346796 ], [ 55.2934887, 25.2347027 ], [ 55.293519628790357, 25.234756793961093 ], [ 55.293567628799721, 25.234733593956129 ] ] ], [ [ [ 55.293309962982164, 25.252512110795436 ], [ 55.2927568, 25.2515833 ], [ 55.292422, 25.2517596 ], [ 55.292980562044413, 25.252685611307172 ], [ 55.293309962982164, 25.252512110795436 ] ] ], [ [ [ 55.2933425, 25.2375583 ], [ 55.293299, 25.2375796 ], [ 55.29345272915242, 25.237838993978187 ], [ 55.293496229160887, 25.23781779397369 ], [ 55.2933425, 25.2375583 ] ] ], [ [ [ 55.293509828778468, 25.234680393961831 ], [ 55.2932707, 25.2342788 ], [ 55.2931956, 25.2343156 ], [ 55.293434628763869, 25.234717193969608 ], [ 55.293509828778468, 25.234680393961831 ] ] ], [ [ [ 55.293508228788411, 25.234764493962281 ], [ 55.293477, 25.23471 ], [ 55.2934212, 25.2347368 ], [ 55.29345252877755, 25.234791393968038 ], [ 55.293508228788411, 25.234764493962281 ] ] ], [ [ [ 55.293147283888985, 25.246162913366614 ], [ 55.293057452360571, 25.246162913366611 ], [ 55.293012536596365, 25.246207829130825 ], [ 55.293012536596365, 25.246252744895024 ], [ 55.293079461499993, 25.246381828681852 ], [ 55.293259124645019, 25.246561491715671 ], [ 55.293304040424097, 25.246561491709727 ], [ 55.293304040409723, 25.246471660180919 ], [ 55.293147283888985, 25.246162913366614 ] ] ], [ [ [ 55.29294132804975, 25.24565394160933 ], [ 55.292922705067951, 25.245444261139319 ], [ 55.292743042011132, 25.245444261139316 ], [ 55.292787957775339, 25.245758671488758 ], [ 55.292806580737931, 25.245791884966383 ], [ 55.292881690072043, 25.245791884961729 ], [ 55.292896976649658, 25.24597255448251 ], [ 55.293256302860712, 25.24592763867669 ], [ 55.293301218612825, 25.245747975614005 ], [ 55.293282031181604, 25.245489176903526 ], [ 55.293147283888985, 25.245489176903526 ], [ 55.29294132804975, 25.24565394160933 ] ] ], [ [ [ 55.2926502, 25.2360721 ], [ 55.292829150815514, 25.236381279135784 ], [ 55.29288907519193, 25.236391406123335 ], [ 55.29291082544114, 25.236369655880623 ], [ 55.293349772679754, 25.237106530232843 ], [ 55.293410472725839, 25.237118030216067 ], [ 55.2927554, 25.2360215 ], [ 55.2926502, 25.2360721 ] ] ], [ [ [ 55.2932212, 25.242333 ], [ 55.293294429679442, 25.242450494009677 ], [ 55.293328629685924, 25.242432494006138 ], [ 55.2932554, 25.2423149 ], [ 55.2932212, 25.242333 ] ] ], [ [ [ 55.293297622317581, 25.234720464627742 ], [ 55.293378069917203, 25.23467554885395 ], [ 55.293378069915185, 25.234630633089683 ], [ 55.293326946945811, 25.23457464620147 ], [ 55.29321814340485, 25.234587423795436 ], [ 55.2929888, 25.2342309 ], [ 55.2928719, 25.2342882 ], [ 55.292977924387323, 25.234470139807879 ], [ 55.292828900000011, 25.2345303 ], [ 55.293065050402632, 25.234933979034871 ], [ 55.293273388666996, 25.23485121039478 ], [ 55.293287728745945, 25.234875393985078 ], [ 55.293416628770707, 25.234809993971744 ], [ 55.2933772, 25.2347435 ], [ 55.293325867164391, 25.234769544766099 ], [ 55.293297622317581, 25.234720464627742 ] ] ], [ [ [ 55.293254728509361, 25.233019793982248 ], [ 55.293434028544489, 25.232934493963718 ], [ 55.2932977, 25.232699 ], [ 55.2931184, 25.2327843 ], [ 55.293254728509361, 25.233019793982248 ] ] ], [ [ [ 55.293145930289491, 25.24771539404237 ], [ 55.293189530297845, 25.247693094037853 ], [ 55.2931464, 25.2476209 ], [ 55.2931028, 25.2476432 ], [ 55.293145930289491, 25.24771539404237 ] ] ], [ [ [ 55.293420335487767, 25.231131674563112 ], [ 55.2934051, 25.2311045 ], [ 55.2928577, 25.2309841 ], [ 55.2927639, 25.2312622 ], [ 55.292779135358401, 25.231289374622289 ], [ 55.292970635406903, 25.231331474604886 ], [ 55.293407835490079, 25.231178474564402 ], [ 55.293420335487767, 25.231131674563112 ] ] ], [ [ [ 55.293147283888985, 25.249351932625235 ], [ 55.293102368124778, 25.249307016861028 ], [ 55.292877789303745, 25.249307016861028 ], [ 55.292877789303745, 25.249441764153648 ], [ 55.292938506829145, 25.249514861049317 ], [ 55.293118169928661, 25.24951486103225 ], [ 55.293163085698382, 25.249469945263641 ], [ 55.293147283888985, 25.249351932625235 ] ] ], [ [ [ 55.2930336, 25.2479785 ], [ 55.29311563033049, 25.248111194046768 ], [ 55.293151730337364, 25.248092394043027 ], [ 55.2930698, 25.2479597 ], [ 55.2930336, 25.2479785 ] ] ], [ [ [ 55.293266905423145, 25.237045013236621 ], [ 55.292916, 25.2364426 ], [ 55.2928685, 25.2364653 ], [ 55.293206182588548, 25.23704501323639 ], [ 55.293210821561928, 25.237168058161924 ], [ 55.293255737338704, 25.2371680581569 ], [ 55.293300653109405, 25.237123142387492 ], [ 55.293266905423145, 25.237045013236621 ] ] ], [ [ [ 55.293012536596365, 25.244276451269965 ], [ 55.293181929881719, 25.244327294027396 ], [ 55.293191529878172, 25.244278594026255 ], [ 55.2931613, 25.2442257 ], [ 55.293109140066285, 25.24422271058652 ], [ 55.293102368124778, 25.244186619741548 ], [ 55.293057452360571, 25.244186619741551 ], [ 55.293012536596365, 25.244231535505762 ], [ 55.293012536596365, 25.244276451269965 ] ] ], [ [ [ 55.292967620832158, 25.248498533105327 ], [ 55.292974957322713, 25.248646364491663 ], [ 55.293109704630197, 25.248646364485719 ], [ 55.293102368124778, 25.248498533105323 ], [ 55.292967620832158, 25.248498533105327 ] ] ], [ [ [ 55.293002731154438, 25.255038194081369 ], [ 55.2926933, 25.254745 ], [ 55.2924864, 25.2549333 ], [ 55.292795731124912, 25.255226494103081 ], [ 55.293002731154438, 25.255038194081369 ] ] ], [ [ [ 55.293057452360571, 25.244141703977348 ], [ 55.293154055831259, 25.244153781589024 ], [ 55.293147283888985, 25.244051872448932 ], [ 55.293102368124778, 25.244051872448932 ], [ 55.293057452360571, 25.244096788213142 ], [ 55.293057452360571, 25.244141703977348 ] ] ], [ [ [ 55.292783605460947, 25.247885110214071 ], [ 55.292867930683876, 25.248028218237152 ], [ 55.292880330270464, 25.248110194070716 ], [ 55.292945823877297, 25.248132184616377 ], [ 55.2928508, 25.2481685 ], [ 55.292879830284441, 25.248224794071152 ], [ 55.292993130307941, 25.248181394059472 ], [ 55.292968954323563, 25.248134596533333 ], [ 55.293073430316227, 25.248082594050967 ], [ 55.2929902, 25.2479335 ], [ 55.29297258530012, 25.24794273947758 ], [ 55.2928101, 25.2476747 ], [ 55.2927795, 25.2476897 ], [ 55.292830094027771, 25.247793053918166 ], [ 55.2926741, 25.2475407 ], [ 55.292593158660061, 25.247581872913869 ], [ 55.292569396221438, 25.247544145424815 ], [ 55.292608130132606, 25.247553194096568 ], [ 55.292741830158519, 25.247487094082739 ], [ 55.292596303760533, 25.24724401073335 ], [ 55.292634684115619, 25.247223563076915 ], [ 55.29278599074577, 25.24747654843371 ], [ 55.2927137, 25.2475115 ], [ 55.292885755761255, 25.247750179248481 ], [ 55.293095155911871, 25.247666679172898 ], [ 55.293021129063867, 25.247494253745284 ], [ 55.293081655812095, 25.247462979175332 ], [ 55.2929901, 25.2473061 ], [ 55.292940111465086, 25.24733192940781 ], [ 55.2928579, 25.2471923 ], [ 55.2927734, 25.2471441 ], [ 55.292693533049722, 25.247184480311688 ], [ 55.2926451, 25.2471062 ], [ 55.2924697, 25.2471997 ], [ 55.292519029494699, 25.247279582797059 ], [ 55.2924522, 25.2473126 ], [ 55.2924447, 25.2473998 ], [ 55.2925322199251, 25.247535460618501 ], [ 55.2924748, 25.2475674 ], [ 55.292519730120652, 25.247638894105854 ], [ 55.292572462910016, 25.247609598120846 ], [ 55.292731055692549, 25.247910679305473 ], [ 55.292783605460947, 25.247885110214071 ] ], [ [ 55.29291745713742, 25.247473924452372 ], [ 55.29296335499685, 25.247447162802114 ], [ 55.292985292175786, 25.247484751753742 ], [ 55.29291745713742, 25.247473924452372 ] ] ], [ [ [ 55.292950923388204, 25.253848916753672 ], [ 55.292995839171468, 25.253848916746051 ], [ 55.292995839153036, 25.253759085217137 ], [ 55.292967620832158, 25.253708761753217 ], [ 55.292922705067951, 25.253708761753224 ], [ 55.292950923388204, 25.253848916753672 ] ] ], [ [ [ 55.293042447158285, 25.249719685814387 ], [ 55.293012536596365, 25.249666342974681 ], [ 55.292922705067951, 25.249666342974674 ], [ 55.292922705067951, 25.249801090267301 ], [ 55.292952615618773, 25.249854433123957 ], [ 55.293042447187588, 25.24985443310781 ], [ 55.293042447158285, 25.249719685814387 ] ] ], [ [ [ 55.2926763, 25.2387482 ], [ 55.292764751842476, 25.238900179188171 ], [ 55.29318315212214, 25.238684179036632 ], [ 55.2930948, 25.2385323 ], [ 55.2926763, 25.2387482 ] ] ], [ [ [ 55.293247599783264, 25.232293271573219 ], [ 55.293269699789377, 25.232283071570027 ], [ 55.2931985, 25.2321572 ], [ 55.2931765, 25.2321675 ], [ 55.293247599783264, 25.232293271573219 ] ] ], [ [ [ 55.293227549813544, 25.233229078957081 ], [ 55.2931461, 25.2330922 ], [ 55.293212349803845, 25.233237978962595 ], [ 55.293227549813544, 25.233229078957081 ] ] ], [ [ [ 55.2929186, 25.2508559 ], [ 55.2928654, 25.2508828 ], [ 55.292926330635886, 25.250983994075625 ], [ 55.292979530646107, 25.250956994070116 ], [ 55.2929186, 25.2508559 ] ] ], [ [ [ 55.292653210482719, 25.246612071008677 ], [ 55.292671269188396, 25.246644278034985 ], [ 55.292710835000271, 25.246644278031404 ], [ 55.292716184976584, 25.24673410955883 ], [ 55.292806016535295, 25.246779025313451 ], [ 55.292985679635002, 25.246734109529584 ], [ 55.293030595405511, 25.246689193760332 ], [ 55.293012536596365, 25.246612071008677 ], [ 55.292832873539545, 25.246567155244467 ], [ 55.292787957775339, 25.246567155244467 ], [ 55.292716184964149, 25.246638928071356 ], [ 55.292698126246925, 25.24656715524447 ], [ 55.292653210482719, 25.246567155244467 ], [ 55.292653210482719, 25.246612071008677 ] ] ], [ [ [ 55.292952283799842, 25.240610368019553 ], [ 55.293116352861254, 25.24053907908209 ], [ 55.2929716, 25.240291 ], [ 55.2928117, 25.2403696 ], [ 55.292911372956389, 25.24054030299142 ], [ 55.2928567, 25.2405683 ], [ 55.292898186602407, 25.240638019916606 ], [ 55.292952283799842, 25.240610368019553 ] ] ], [ [ [ 55.291620147905981, 25.247959543934851 ], [ 55.291620147905981, 25.248094291227474 ], [ 55.291671271325903, 25.248150278195922 ], [ 55.291716187094295, 25.248150278194245 ], [ 55.291761102860583, 25.248102773218218 ], [ 55.291778229992239, 25.248129394182961 ], [ 55.291822030000255, 25.248103894178424 ], [ 55.291721724476076, 25.247982725236991 ], [ 55.291774881121263, 25.247952481712499 ], [ 55.291879578755456, 25.248139207003465 ], [ 55.291844726727014, 25.24813920699167 ], [ 55.291754895198601, 25.248229038520087 ], [ 55.291761667204696, 25.248330947722444 ], [ 55.291896414511029, 25.248330947716948 ], [ 55.291979641224344, 25.248270144721833 ], [ 55.292039630089576, 25.248379594157189 ], [ 55.292126928727441, 25.248331678366451 ], [ 55.292258936766991, 25.248514334853205 ], [ 55.2920857, 25.2486029 ], [ 55.292389876832978, 25.249124955969791 ], [ 55.292459273154016, 25.249089414661068 ], [ 55.292607877419918, 25.249309855808001 ], [ 55.292700377585383, 25.249297755737075 ], [ 55.292762077616331, 25.249203655687616 ], [ 55.292650131221045, 25.248956208837569 ], [ 55.29287267789924, 25.249281355605127 ], [ 55.292983778055543, 25.249220855518782 ], [ 55.292904405037618, 25.249079299999313 ], [ 55.292984977883464, 25.249031955513132 ], [ 55.292953294072291, 25.24897544990079 ], [ 55.292967620832158, 25.248812943454769 ], [ 55.292922705067951, 25.248812943454762 ], [ 55.292889826833431, 25.248862260849922 ], [ 55.2927856, 25.2487049 ], [ 55.2926785, 25.2486378 ], [ 55.292637616782571, 25.248661867528327 ], [ 55.292537098180503, 25.248489337108143 ], [ 55.292609076632182, 25.248453955785646 ], [ 55.292484218216671, 25.248234411745447 ], [ 55.292519776240432, 25.248214255847813 ], [ 55.2922072, 25.2477035 ], [ 55.2921551, 25.2477336 ], [ 55.2921317, 25.2478089 ], [ 55.292151463986784, 25.247844148366877 ], [ 55.2921241, 25.2478237 ], [ 55.292049618070919, 25.247864530981442 ], [ 55.2920154, 25.2478043 ], [ 55.291945009976281, 25.247839400148084 ], [ 55.291890104144052, 25.247767670660263 ], [ 55.291852014868127, 25.247701390346577 ], [ 55.292100874844643, 25.247568556151428 ], [ 55.2917181, 25.246939 ], [ 55.291677170624872, 25.246961885248076 ], [ 55.2915594, 25.2468377 ], [ 55.2914954, 25.2469112 ], [ 55.291592956221201, 25.247085190992671 ], [ 55.2915181, 25.247127 ], [ 55.291837655734604, 25.247700548516924 ], [ 55.2917, 25.2474902 ], [ 55.29163698207087, 25.247521665437862 ], [ 55.291409, 25.2471644 ], [ 55.291285, 25.2472342 ], [ 55.291413329819967, 25.247484294217951 ], [ 55.291497880573964, 25.2475596262232 ], [ 55.291511676694078, 25.247584231445597 ], [ 55.2914831, 25.2475985 ], [ 55.291613029911346, 25.24781379419872 ], [ 55.291796509392086, 25.2477470605806 ], [ 55.291828498916921, 25.247802745415441 ], [ 55.2916424, 25.2479087 ], [ 55.291675439042905, 25.24795954394132 ], [ 55.291620147905981, 25.247959543934851 ] ], [ [ 55.292526618082597, 25.248727211209495 ], [ 55.292538343387953, 25.248756942354685 ], [ 55.29239753464482, 25.248553364673064 ], [ 55.292412676307201, 25.248508155936939 ], [ 55.292372439589435, 25.248436395846401 ], [ 55.292417576287207, 25.248476355932404 ], [ 55.292461920051203, 25.248461574405411 ], [ 55.2924162, 25.2485378 ], [ 55.292526618082597, 25.248727211209495 ] ], [ [ 55.292150011860819, 25.248080026325702 ], [ 55.292154110882315, 25.248077979579609 ], [ 55.292171968976021, 25.248107809083159 ], [ 55.292167571218727, 25.248110082181135 ], [ 55.292150011860819, 25.248080026325702 ] ], [ [ 55.29201583704473, 25.247991494687394 ], [ 55.291941750088611, 25.247857541224032 ], [ 55.291948310890227, 25.247853808433543 ], [ 55.292056623043344, 25.248062065529215 ], [ 55.29201583704473, 25.247991494687394 ] ], [ [ 55.291971712971652, 25.248013940114049 ], [ 55.292022635608163, 25.248080587357787 ], [ 55.292012254536338, 25.248086244634884 ], [ 55.291971712971652, 25.248013940114049 ] ], [ [ 55.291644766045309, 25.247153571335417 ], [ 55.291648153039304, 25.247155978542693 ], [ 55.291646889236446, 25.247156684219181 ], [ 55.291644766045309, 25.247153571335417 ] ] ], [ [ [ 55.292892129106527, 25.23862569403785 ], [ 55.29313182915287, 25.238506494013063 ], [ 55.2930871, 25.2384306 ], [ 55.2928474, 25.2385497 ], [ 55.292892129106527, 25.23862569403785 ] ] ], [ [ [ 55.293164776602922, 25.232584637268502 ], [ 55.29320969237893, 25.232584637263784 ], [ 55.293192199653191, 25.232508521048 ], [ 55.293147283888985, 25.232508521047997 ], [ 55.293164776602922, 25.232584637268502 ] ] ], [ [ [ 55.292889386651467, 25.250797480244746 ], [ 55.292949886775283, 25.250761880174235 ], [ 55.2927295, 25.2503806 ], [ 55.2926689, 25.2504162 ], [ 55.292889386651467, 25.250797480244746 ] ] ], [ [ [ 55.292920230663952, 25.251224694077049 ], [ 55.2924554, 25.2504858 ], [ 55.2923315, 25.2504787 ], [ 55.2922, 25.2505557 ], [ 55.2921613, 25.250644 ], [ 55.292629930608719, 25.251376394107108 ], [ 55.292920230663952, 25.251224694077049 ] ] ], [ [ [ 55.2928201, 25.2503852 ], [ 55.2927625, 25.250414 ], [ 55.292856020381791, 25.250574495188172 ], [ 55.292913520415823, 25.250545695169922 ], [ 55.2928201, 25.2503852 ] ] ], [ [ [ 55.293145328574418, 25.233775193995893 ], [ 55.2930746, 25.2336665 ], [ 55.293049, 25.2336808 ], [ 55.293119628569649, 25.233789593998559 ], [ 55.293145328574418, 25.233775193995893 ] ] ], [ [ [ 55.292857705675289, 25.254112372537229 ], [ 55.292832873539545, 25.254068087866866 ], [ 55.292653210482719, 25.25406808786687 ], [ 55.292678042559473, 25.254157288328486 ], [ 55.292767874137667, 25.254247119843928 ], [ 55.292812789918642, 25.254247119837217 ], [ 55.29285770569151, 25.254202204066083 ], [ 55.292857705675289, 25.254112372537229 ] ] ], [ [ [ 55.29290053062654, 25.250961394078178 ], [ 55.2928421, 25.2508669 ], [ 55.2927833, 25.250898 ], [ 55.292841830615416, 25.250992494084255 ], [ 55.29290053062654, 25.250961394078178 ] ] ], [ [ [ 55.2929365, 25.2401549 ], [ 55.293005852650317, 25.240277779118401 ], [ 55.293041752674938, 25.240260679105408 ], [ 55.2929724, 25.2401377 ], [ 55.2929365, 25.2401549 ] ] ], [ [ [ 55.292939635145224, 25.24641768624668 ], [ 55.292922705067951, 25.246342576423437 ], [ 55.292877789303745, 25.246342576423437 ], [ 55.292894719369578, 25.246417686251249 ], [ 55.292939635145224, 25.24641768624668 ] ] ], [ [ [ 55.2928427, 25.2369806 ], [ 55.29300202896524, 25.237249594022074 ], [ 55.293067328977934, 25.237217694015321 ], [ 55.292908, 25.2369487 ], [ 55.2928427, 25.2369806 ] ] ], [ [ [ 55.292987853453717, 25.242180879147046 ], [ 55.2926313, 25.2416164 ], [ 55.2925779, 25.2416447 ], [ 55.292660991027638, 25.241864661899108 ], [ 55.2925432, 25.2416849 ], [ 55.2924064, 25.2417599 ], [ 55.292549929431964, 25.241979194083875 ], [ 55.292678629245579, 25.241908592512299 ], [ 55.292764753200927, 25.242055379225036 ], [ 55.292944053424684, 25.242204079162917 ], [ 55.292987853453717, 25.242180879147046 ] ] ], [ [ [ 55.292873678561634, 25.24999685562226 ], [ 55.2925712, 25.2494995 ], [ 55.2923893, 25.2495959 ], [ 55.292691778303279, 25.250093255763552 ], [ 55.292873678561634, 25.24999685562226 ] ] ], [ [ [ 55.292839645670895, 25.248645358028419 ], [ 55.292832873539545, 25.24858836463374 ], [ 55.292743042011132, 25.248588364633736 ], [ 55.292749814133337, 25.248645358032068 ], [ 55.292839645670895, 25.248645358028419 ] ] ], [ [ [ 55.292947099613357, 25.231928071614313 ], [ 55.293026299658905, 25.232028771603492 ], [ 55.29307089966985, 25.23200007159701 ], [ 55.292968, 25.2318571 ], [ 55.2929234, 25.2318858 ], [ 55.292947099613357, 25.231928071614313 ] ] ], [ [ [ 55.292597643330687, 25.239839953074096 ], [ 55.292693299210619, 25.240015425870119 ], [ 55.2926025, 25.2400631 ], [ 55.292643229228261, 25.240130294068205 ], [ 55.29273897744369, 25.240080021459995 ], [ 55.2928284292881, 25.240233594049702 ], [ 55.292900529308966, 25.240253994042437 ], [ 55.292936329309157, 25.240181494038556 ], [ 55.292884861463072, 25.240039500487782 ], [ 55.292906752454762, 25.240028579150785 ], [ 55.2928287, 25.2398921 ], [ 55.292800301642124, 25.239906330526388 ], [ 55.292730738847254, 25.23979941466142 ], [ 55.292788552282474, 25.239872979191066 ], [ 55.292811352298358, 25.239862679182821 ], [ 55.2927372, 25.2397301 ], [ 55.2926697, 25.2396518 ], [ 55.292650370776805, 25.239665161813534 ], [ 55.2925734, 25.2395332 ], [ 55.2924808, 25.2395331 ], [ 55.2924574, 25.2396133 ], [ 55.292597643330687, 25.239839953074096 ] ], [ [ 55.292830477863646, 25.240009498485556 ], [ 55.292832729801965, 25.240000992842194 ], [ 55.292840044922336, 25.240013774374702 ], [ 55.292830477863646, 25.240009498485556 ] ], [ [ 55.29268662823538, 25.239755742182776 ], [ 55.292698076133298, 25.239776160072026 ], [ 55.292679106154374, 25.239775118808758 ], [ 55.29268662823538, 25.239755742182776 ] ] ], [ [ [ 55.292851496557269, 25.246106295311961 ], [ 55.292832873539545, 25.246073081838201 ], [ 55.292698126246925, 25.246073081838201 ], [ 55.292653210482719, 25.246117997602411 ], [ 55.292671833474451, 25.246285958389553 ], [ 55.292806580804807, 25.246285958374472 ], [ 55.292851496575508, 25.246241042605075 ], [ 55.292851496557269, 25.246106295311961 ] ] ], [ [ [ 55.2927505, 25.2403732 ], [ 55.2927064, 25.2403957 ], [ 55.292745104831198, 25.24046247290876 ], [ 55.292626925297483, 25.240513313533135 ], [ 55.2926, 25.2404671 ], [ 55.2925546, 25.2404909 ], [ 55.29258115990293, 25.240536463876655 ], [ 55.2923855, 25.2406526 ], [ 55.292511352463045, 25.240865879301396 ], [ 55.292910352731539, 25.240663979156931 ], [ 55.292830856632577, 25.240529339043135 ], [ 55.2927505, 25.2403732 ] ] ], [ [ [ 55.292880428868031, 25.236710794032657 ], [ 55.292925528876765, 25.236688494027987 ], [ 55.292900050987384, 25.236633879113491 ], [ 55.2925526, 25.2360444 ], [ 55.2923324, 25.2361518 ], [ 55.292653210482932, 25.236696081837845 ], [ 55.29267521795834, 25.23681477091792 ], [ 55.292809965295532, 25.236814770900104 ], [ 55.292789218815379, 25.236687936291688 ], [ 55.292849359232946, 25.236658603478325 ], [ 55.292880428868031, 25.236710794032657 ] ] ], [ [ [ 55.2927439, 25.2420684 ], [ 55.2926693, 25.2419524 ], [ 55.2925652, 25.2420071 ], [ 55.292699053217071, 25.242228779250468 ], [ 55.292779289503081, 25.24218661859922 ], [ 55.292804353311645, 25.24223057921299 ], [ 55.292830553329516, 25.242217879203512 ], [ 55.2927439, 25.2420684 ] ] ], [ [ [ 55.292428631661792, 25.246302579656671 ], [ 55.2922673, 25.2462537 ], [ 55.2921181, 25.2463399 ], [ 55.2920207, 25.2466031 ], [ 55.292249674565859, 25.246958656022553 ], [ 55.29252797517502, 25.247042955812226 ], [ 55.292695775415105, 25.246955955681941 ], [ 55.292746575385564, 25.246818855639745 ], [ 55.292492170381593, 25.246387811667326 ], [ 55.292473547425892, 25.246297660659234 ], [ 55.292428631661792, 25.246302579656671 ] ] ], [ [ [ 55.291827377565745, 25.251082456448277 ], [ 55.292305579121546, 25.251778556100625 ], [ 55.292625779581904, 25.251614855852047 ], [ 55.2920534, 25.2506756 ], [ 55.2917004, 25.250856 ], [ 55.291827377565745, 25.251082456448277 ] ] ], [ [ [ 55.2925408, 25.2387039 ], [ 55.292588029048403, 25.238782194069326 ], [ 55.292798229088561, 25.238673894047565 ], [ 55.292751, 25.2385956 ], [ 55.2925408, 25.2387039 ] ] ], [ [ [ 55.292653074050392, 25.245565555679725 ], [ 55.292685573980179, 25.245422255651327 ], [ 55.2925586, 25.2451958 ], [ 55.292299, 25.2451476 ], [ 55.2922665, 25.2452909 ], [ 55.292393473510273, 25.245517355876672 ], [ 55.292653074050392, 25.245565555679725 ] ] ], [ [ [ 55.292338800133322, 25.249985253398428 ], [ 55.2922715, 25.2498715 ], [ 55.29222012316928, 25.249896690895564 ], [ 55.2920933, 25.2496658 ], [ 55.2919501, 25.2497265 ], [ 55.292155077287738, 25.250103356173565 ], [ 55.292243328478271, 25.250037795960921 ], [ 55.292264330355238, 25.250073294139977 ], [ 55.292343686930913, 25.250034384348435 ], [ 55.29242886363086, 25.250151102518782 ], [ 55.292518695220259, 25.250151102494399 ], [ 55.292608526780178, 25.250061270940797 ], [ 55.292608526765441, 25.250016355176193 ], [ 55.292518463190099, 25.249890921795711 ], [ 55.292473547425892, 25.249890921795711 ], [ 55.292338800133322, 25.249985253398428 ] ] ], [ [ [ 55.292547773794233, 25.2420804305013 ], [ 55.2923823, 25.2418312 ], [ 55.292356473153205, 25.241844980716749 ], [ 55.2923266, 25.241791 ], [ 55.2922746, 25.2418139 ], [ 55.292306562620801, 25.241871612010176 ], [ 55.2921932, 25.2419321 ], [ 55.2921871, 25.2419704 ], [ 55.2922436, 25.242076199999989 ], [ 55.292315573672809, 25.24219973056697 ], [ 55.292432703263209, 25.242139551658067 ], [ 55.292594753201271, 25.242407879289708 ], [ 55.292707253274671, 25.242345579248919 ], [ 55.292547773794233, 25.2420804305013 ] ] ], [ [ [ 55.292821428208342, 25.231468094021139 ], [ 55.292856328217347, 25.231469194017595 ], [ 55.292858628210624, 25.231409694017159 ], [ 55.2928069, 25.2313784 ], [ 55.292821428208342, 25.231468094021139 ] ] ], [ [ [ 55.292563378954306, 25.238527233451595 ], [ 55.292563378954306, 25.238572149215809 ], [ 55.292619580745125, 25.238637194356915 ], [ 55.292664496516956, 25.238637194353863 ], [ 55.292709412285099, 25.238592278586516 ], [ 55.292698126246925, 25.238482317687396 ], [ 55.292608294718512, 25.238482317687392 ], [ 55.292563378954306, 25.238527233451595 ] ] ], [ [ [ 55.292689728179219, 25.231503794034651 ], [ 55.292774628202679, 25.231518894026067 ], [ 55.2927801, 25.2313859 ], [ 55.2926953, 25.2313708 ], [ 55.292689728179219, 25.231503794034651 ] ] ], [ [ [ 55.2925821, 25.2395059 ], [ 55.292653152056182, 25.239627479236411 ], [ 55.2925953, 25.2394979 ], [ 55.2925821, 25.2395059 ] ] ], [ [ [ 55.29232661725959, 25.253632389810079 ], [ 55.292371533056603, 25.253677305565741 ], [ 55.29246136462924, 25.253677305548049 ], [ 55.292428631661686, 25.253529098696401 ], [ 55.292293884369073, 25.253529098696397 ], [ 55.29232661725959, 25.253632389810079 ] ] ], [ [ [ 55.292599758607437, 25.238418927652365 ], [ 55.292627029019087, 25.238463294064285 ], [ 55.292670529027163, 25.238438894059779 ], [ 55.2923677, 25.2378974 ], [ 55.2922473, 25.237956799999989 ], [ 55.292552429004957, 25.238502694072015 ], [ 55.29260132901414, 25.238476194066944 ], [ 55.292576310485188, 25.23843080226446 ], [ 55.292599758607437, 25.238418927652365 ] ] ], [ [ [ 55.2924787, 25.2422335 ], [ 55.2923578, 25.2423005 ], [ 55.292453945225411, 25.242456217590906 ], [ 55.292574745285421, 25.24238921755753 ], [ 55.2924787, 25.2422335 ] ] ], [ [ [ 55.292377081537758, 25.254247756107869 ], [ 55.292398781553914, 25.254220356090613 ], [ 55.2922316, 25.2539405 ], [ 55.2921938, 25.253965499999989 ], [ 55.292377081537758, 25.254247756107869 ] ] ], [ [ [ 55.2924888, 25.2398197 ], [ 55.29253062917001, 25.239889694078865 ], [ 55.292597029182744, 25.239855794071985 ], [ 55.2925552, 25.2397857 ], [ 55.2924888, 25.2398197 ] ] ], [ [ [ 55.292367550623069, 25.236889279306094 ], [ 55.292393873161032, 25.236928382389724 ], [ 55.292438788932095, 25.236928382386978 ], [ 55.292416923754807, 25.236865350177293 ], [ 55.292542363532192, 25.236804554550321 ], [ 55.292588928815015, 25.236882794062879 ], [ 55.292632628823483, 25.236861294058365 ], [ 55.2922466, 25.2361907 ], [ 55.2920218, 25.2362996 ], [ 55.292367550623069, 25.236889279306094 ] ] ], [ [ [ 55.292452229102601, 25.239503894085544 ], [ 55.292462595263515, 25.23945873575175 ], [ 55.292503629119182, 25.239532294080412 ], [ 55.292589329136185, 25.239493294071561 ], [ 55.2925326, 25.2393916 ], [ 55.292466278857937, 25.239421781156537 ], [ 55.2924198, 25.2393342 ], [ 55.2923462, 25.2393137 ], [ 55.2922926, 25.2393382 ], [ 55.2922839, 25.2393939 ], [ 55.292365729085141, 25.239540894094482 ], [ 55.292412829099014, 25.23955619408973 ], [ 55.292452229102601, 25.239503894085544 ] ] ], [ [ [ 55.292569586325087, 25.239975609066903 ], [ 55.292518463190099, 25.239964537906189 ], [ 55.292473547425892, 25.2400094536704 ], [ 55.292479754792346, 25.24006544059878 ], [ 55.292569586329137, 25.240065440595423 ], [ 55.292569586325087, 25.239975609066903 ] ] ], [ [ [ 55.292215095135894, 25.233244371838563 ], [ 55.292273096717572, 25.233332971493045 ], [ 55.292304197197915, 25.233331971297769 ], [ 55.292538800038493, 25.233221169803375 ], [ 55.292645199571261, 25.232939369077876 ], [ 55.292665299150414, 25.232842268931776 ], [ 55.29264279794981, 25.232730469049862 ], [ 55.292177851596982, 25.231881672331525 ], [ 55.292220528085558, 25.23171279408308 ], [ 55.2922036, 25.2316826 ], [ 55.292045185505032, 25.231645039753147 ], [ 55.291778567712768, 25.231169478537012 ], [ 55.291893627885443, 25.230761494113143 ], [ 55.29187670000001, 25.2307313 ], [ 55.2917896, 25.2307112 ], [ 55.291699919137002, 25.231029193775168 ], [ 55.2914942, 25.2306843 ], [ 55.2912514, 25.2308371 ], [ 55.2911453, 25.2310115 ], [ 55.2911255, 25.2312466 ], [ 55.291322506813742, 25.231652286249698 ], [ 55.2912202, 25.2316965 ], [ 55.291501927960198, 25.232180194157738 ], [ 55.291646352227986, 25.232229925651968 ], [ 55.292215095135894, 25.233244371838563 ] ] ], [ [ [ 55.292315230340733, 25.249850194134051 ], [ 55.292413530359447, 25.24979889412387 ], [ 55.2922887, 25.2495996 ], [ 55.2921253, 25.2496411 ], [ 55.29224003031846, 25.249824694141623 ], [ 55.292315230340733, 25.249850194134051 ] ] ], [ [ [ 55.292305171075448, 25.247575431475145 ], [ 55.29239500262279, 25.247620347233351 ], [ 55.292439918394621, 25.247620347230303 ], [ 55.292439918390933, 25.247575431465997 ], [ 55.292383715897479, 25.247510386292795 ], [ 55.292293884369073, 25.247510386292795 ], [ 55.292305171075448, 25.247575431475145 ] ] ], [ [ [ 55.29234952182204, 25.238726019434058 ], [ 55.292439353371925, 25.238815850956865 ], [ 55.292529184914819, 25.238815850951077 ], [ 55.292529184904318, 25.23868110365818 ], [ 55.292473547425892, 25.238617064980012 ], [ 55.29233880013328, 25.238617064980009 ], [ 55.29234952182204, 25.238726019434058 ] ] ], [ [ [ 55.292306864068998, 25.24744370359484 ], [ 55.29239669561494, 25.24744370358783 ], [ 55.292383715897479, 25.247285807471766 ], [ 55.29233880013328, 25.247285807471766 ], [ 55.292293884369073, 25.247330723235969 ], [ 55.292306864068998, 25.24744370359484 ] ] ], [ [ [ 55.292272671883786, 25.254604433089558 ], [ 55.292272671868304, 25.254514601560718 ], [ 55.292248968604866, 25.254472329744722 ], [ 55.29220405284066, 25.254472329744726 ], [ 55.29220405284066, 25.254562161273135 ], [ 55.292227756103564, 25.25460443309596 ], [ 55.292272671883786, 25.254604433089558 ] ] ], [ [ [ 55.292041781924283, 25.255359956391757 ], [ 55.292257782148667, 25.255156156221716 ], [ 55.292255382065051, 25.255070556221408 ], [ 55.2921284, 25.2548441 ], [ 55.2920114, 25.254737 ], [ 55.2919282, 25.2547308 ], [ 55.2916936, 25.254954 ], [ 55.2916963, 25.2550122 ], [ 55.29182328139494, 25.255238656555569 ], [ 55.291960081770441, 25.25536235645421 ], [ 55.292041781924283, 25.255359956391757 ] ] ], [ [ [ 55.292272403387116, 25.240015692144912 ], [ 55.292287411817306, 25.240080794572059 ], [ 55.2921666, 25.2398765 ], [ 55.2920303, 25.2399442 ], [ 55.292292652078416, 25.240424979374122 ], [ 55.292382652155098, 25.240416879341982 ], [ 55.292455552188038, 25.240342579315143 ], [ 55.292390841257372, 25.240232072494404 ], [ 55.292443952117956, 25.240203779317653 ], [ 55.292345517066138, 25.240020524846358 ], [ 55.292389923253523, 25.240020524837867 ], [ 55.292383715897479, 25.239964537906193 ], [ 55.292313841720556, 25.239964537910915 ], [ 55.2922342, 25.2398569 ], [ 55.2921584, 25.239843 ], [ 55.292272403387116, 25.240015692144912 ] ] ], [ [ [ 55.2923416, 25.2336074 ], [ 55.2921404, 25.2333212 ], [ 55.2920068, 25.2332078 ], [ 55.2919394, 25.2332202 ], [ 55.2919696, 25.2333878 ], [ 55.292318913719058, 25.234025495186273 ], [ 55.292366413781274, 25.234092195172138 ], [ 55.292502313916415, 25.234169395130539 ], [ 55.29253051390976, 25.234093395120961 ], [ 55.292497513813721, 25.233906995129349 ], [ 55.2923416, 25.2336074 ] ] ], [ [ [ 55.292383715897529, 25.239241700689838 ], [ 55.292438224802005, 25.239262995660852 ], [ 55.292438224798872, 25.239218079896567 ], [ 55.292397934632916, 25.239200969916173 ], [ 55.2920492, 25.2385791 ], [ 55.292016, 25.2385947 ], [ 55.292068149307759, 25.238687065030231 ], [ 55.2919299, 25.2386506 ], [ 55.2918973, 25.2387524 ], [ 55.291981317060923, 25.238902140998466 ], [ 55.2919304, 25.2389273 ], [ 55.291972728918367, 25.23899809413264 ], [ 55.292050960624685, 25.238961198502935 ], [ 55.2919924, 25.2390502 ], [ 55.292080651363335, 25.239202579435315 ], [ 55.29212904474101, 25.239177264314005 ], [ 55.2921134, 25.2391923 ], [ 55.292190729013022, 25.239316594111532 ], [ 55.292236429021699, 25.2392925941068 ], [ 55.292192889022807, 25.239190760916436 ], [ 55.292260729029181, 25.239303194104366 ], [ 55.292383715897529, 25.239241700689838 ] ] ], [ [ [ 55.292233963917987, 25.253762104762174 ], [ 55.29220405284066, 25.253708761753217 ], [ 55.29206930554804, 25.253708761753224 ], [ 55.292099216584276, 25.25385193631535 ], [ 55.29223396393752, 25.253851936291117 ], [ 55.292233963917987, 25.253762104762174 ] ] ], [ [ [ 55.2922742, 25.2381704 ], [ 55.292355351225694, 25.238314479327109 ], [ 55.29242045127063, 25.238284179303573 ], [ 55.2923393, 25.23814 ], [ 55.2922742, 25.2381704 ] ] ], [ [ [ 55.292344443279823, 25.242444969639454 ], [ 55.292307345426686, 25.242221708214789 ], [ 55.2921503, 25.2419578 ], [ 55.2921027, 25.2419818 ], [ 55.292238655242961, 25.242210326122965 ], [ 55.29220405284066, 25.242210326116485 ], [ 55.29220405284066, 25.242345073409112 ], [ 55.292299527511808, 25.242444969640982 ], [ 55.292344443279823, 25.242444969639454 ] ] ], [ [ [ 55.2915138, 25.2514266 ], [ 55.291886378515962, 25.251989756425974 ], [ 55.292201078943584, 25.251801956180994 ], [ 55.2920741, 25.2515755 ], [ 55.2917952, 25.2511931 ], [ 55.2916743, 25.2512653 ], [ 55.2915138, 25.2514266 ] ] ], [ [ [ 55.292248968604866, 25.23951538026413 ], [ 55.29220405284066, 25.239560296028333 ], [ 55.29220405284066, 25.239650127556754 ], [ 55.292300091700525, 25.239661198727127 ], [ 55.292345007466892, 25.23961628296119 ], [ 55.292345007462842, 25.239526451432678 ], [ 55.292248968604866, 25.23951538026413 ] ] ], [ [ [ 55.292146150551879, 25.237181979388357 ], [ 55.29220775059413, 25.237152679366083 ], [ 55.292122674186963, 25.237003903009878 ], [ 55.292186950542245, 25.237075179372578 ], [ 55.292157933143365, 25.236986808709286 ], [ 55.292239587834381, 25.23694722070633 ], [ 55.292291628757937, 25.237033794093637 ], [ 55.292336028766513, 25.237011694089048 ], [ 55.2919395, 25.2363366 ], [ 55.2917122, 25.2364469 ], [ 55.292146150551879, 25.237181979388357 ] ] ], [ [ [ 55.292096959092525, 25.253578415839485 ], [ 55.292096959074456, 25.253488584310585 ], [ 55.292024389783833, 25.253349435639567 ], [ 55.291709979434394, 25.253124856818534 ], [ 55.291665063670187, 25.25312485681853 ], [ 55.291665063670187, 25.253259604111157 ], [ 55.291872380178084, 25.253578415876831 ], [ 55.291962211752889, 25.253623331626343 ], [ 55.29205204331867, 25.253623331611411 ], [ 55.292096959092525, 25.253578415839485 ] ] ], [ [ [ 55.292031161461118, 25.24109029791493 ], [ 55.292210824532184, 25.24100967812879 ], [ 55.292222152252322, 25.240974779405658 ], [ 55.2921016, 25.2407665 ], [ 55.2915086, 25.2410782 ], [ 55.291627251855211, 25.241283279621136 ], [ 55.292031161461118, 25.24109029791493 ] ] ], [ [ [ 55.292186051969466, 25.24039247941171 ], [ 55.292224951996282, 25.240374279397646 ], [ 55.292160051863995, 25.240201279418727 ], [ 55.2919977, 25.2399327 ], [ 55.2918964, 25.2399851 ], [ 55.292051835493176, 25.240239647735997 ], [ 55.292028836467146, 25.240250979271242 ], [ 55.2919529, 25.240119 ], [ 55.2918425, 25.2400208 ], [ 55.2917137, 25.2400832 ], [ 55.292043151945592, 25.240632679465417 ], [ 55.292090551977566, 25.240608879448253 ], [ 55.291948329120387, 25.240369090010571 ], [ 55.292062751920902, 25.240534779457288 ], [ 55.292213252023011, 25.240460579402821 ], [ 55.292128778041935, 25.240315781908166 ], [ 55.292186051969466, 25.24039247941171 ] ] ], [ [ [ 55.2919566, 25.2465782 ], [ 55.2918975, 25.2466056 ], [ 55.291976946269727, 25.246746818301656 ], [ 55.29193455825542, 25.246746818301297 ], [ 55.291889642491213, 25.246791734065496 ], [ 55.291904879383402, 25.246953656107575 ], [ 55.291994710932393, 25.246953656099347 ], [ 55.291994710913187, 25.246778395479481 ], [ 55.292068274173822, 25.246909156159781 ], [ 55.292127274261098, 25.246881656114059 ], [ 55.2919566, 25.2465782 ] ] ], [ [ [ 55.292173245012286, 25.243493129286861 ], [ 55.292173245003077, 25.243403297758206 ], [ 55.292114221312247, 25.243378135985843 ], [ 55.292114221312247, 25.243467967514249 ], [ 55.292173245012286, 25.243493129286861 ] ] ], [ [ [ 55.2918504, 25.2376298 ], [ 55.291999850728736, 25.237895579448796 ], [ 55.292248350900742, 25.23778097935897 ], [ 55.291997, 25.2373343 ], [ 55.2918614, 25.2373969 ], [ 55.2918504, 25.2376298 ] ] ], [ [ [ 55.291917296060312, 25.254072489278325 ], [ 55.292007127626086, 25.254072489263383 ], [ 55.292007127598993, 25.253937741970031 ], [ 55.291979474019627, 25.253888424810036 ], [ 55.291889642491213, 25.253888424810036 ], [ 55.291889642491213, 25.254023172102663 ], [ 55.291917296060312, 25.254072489278325 ] ] ], [ [ [ 55.29220405284066, 25.239380632971507 ], [ 55.292114221312247, 25.239380632971507 ], [ 55.292120992917269, 25.23943762638314 ], [ 55.292210824454827, 25.239437626379488 ], [ 55.29220405284066, 25.239380632971507 ] ] ], [ [ [ 55.291648375652173, 25.249379656542249 ], [ 55.291797476058541, 25.249511456431737 ], [ 55.292061076426393, 25.249364656226813 ], [ 55.2918667, 25.2490391 ], [ 55.2917726, 25.2489556 ], [ 55.2914929, 25.2491113 ], [ 55.291648375652173, 25.249379656542249 ] ] ], [ [ [ 55.292043012544774, 25.24588171658062 ], [ 55.29208792832155, 25.245881716575589 ], [ 55.29206930554804, 25.245803587252965 ], [ 55.292024389783833, 25.245803587252961 ], [ 55.292043012544774, 25.24588171658062 ] ] ], [ [ [ 55.290605143827577, 25.249339224121268 ], [ 55.290745973989168, 25.249444857232753 ], [ 55.290922674195436, 25.249302757094295 ], [ 55.290893871926407, 25.249251388639866 ], [ 55.290929506634171, 25.249220062539504 ], [ 55.291102574611614, 25.249381456958943 ], [ 55.291122072851358, 25.249363849067141 ], [ 55.291317175308443, 25.249692456802936 ], [ 55.291346457534331, 25.249677069564679 ], [ 55.291472775776697, 25.249877856688791 ], [ 55.291655776045289, 25.249790256546898 ], [ 55.291613406679957, 25.249669474588682 ], [ 55.291721491306149, 25.249832129553671 ], [ 55.2916296, 25.2498858 ], [ 55.2916302, 25.2500482 ], [ 55.291663206225351, 25.25010706501568 ], [ 55.2915318, 25.2498809 ], [ 55.2914209, 25.2499366 ], [ 55.291802677053255, 25.250578356454501 ], [ 55.291871777153169, 25.250543656400886 ], [ 55.291816543711754, 25.250414837097505 ], [ 55.291837621940012, 25.250452428883339 ], [ 55.291927453519513, 25.250452428862907 ], [ 55.291910861832868, 25.250333007108278 ], [ 55.292000377150721, 25.250274956295971 ], [ 55.292019777141981, 25.250225356279913 ], [ 55.291994077030324, 25.25015755629784 ], [ 55.291557, 25.2493755 ], [ 55.291472, 25.2494203 ], [ 55.291529029376569, 25.249522009865917 ], [ 55.2914611, 25.2494199 ], [ 55.291407784523834, 25.249446294625898 ], [ 55.2912816, 25.2492406 ], [ 55.291226478549717, 25.249269565331065 ], [ 55.291269674791423, 25.249230556827605 ], [ 55.2911427, 25.2490041 ], [ 55.29105312382908, 25.248923006691648 ], [ 55.291282266428389, 25.249030852544717 ], [ 55.291506845321848, 25.249030852515759 ], [ 55.291551761093537, 25.248985936745566 ], [ 55.291551761079532, 25.24889610521678 ], [ 55.291485400613361, 25.248812943454769 ], [ 55.29135652743107, 25.248769985877246 ], [ 55.291412552193904, 25.248717093183039 ], [ 55.291464435521945, 25.248673969915867 ], [ 55.291571374981544, 25.248812356586807 ], [ 55.29161217503259, 25.24878325655493 ], [ 55.291596676831475, 25.248723520020665 ], [ 55.291683075181638, 25.24879805650118 ], [ 55.291861675440522, 25.248709056362603 ], [ 55.2916527, 25.2483311 ], [ 55.291632080674376, 25.24834004446102 ], [ 55.291535288278681, 25.24820592363757 ], [ 55.2914187, 25.2479699 ], [ 55.2912824, 25.2478488 ], [ 55.2910998, 25.248017 ], [ 55.291140243015455, 25.248089129917854 ], [ 55.2910615, 25.2480111 ], [ 55.2910122, 25.2480518 ], [ 55.291075447683696, 25.24816460204449 ], [ 55.2910374, 25.2481272 ], [ 55.2908899, 25.24825 ], [ 55.291135073991533, 25.248642356915596 ], [ 55.291236072168644, 25.248729834136352 ], [ 55.291081158735508, 25.24867819616215 ], [ 55.290991327207095, 25.24867819616215 ], [ 55.29100180664004, 25.248876549169307 ], [ 55.290960681908231, 25.24886485702897 ], [ 55.290831604809767, 25.248726083329476 ], [ 55.2907622, 25.2486023 ], [ 55.2904511, 25.2483096 ], [ 55.290408591193042, 25.248346561847761 ], [ 55.2903417865965, 25.248268291149568 ], [ 55.290429430836568, 25.248268291137322 ], [ 55.290474346608455, 25.248223375366976 ], [ 55.290452338036623, 25.248139206991674 ], [ 55.290362506508224, 25.248139206991674 ], [ 55.29031759074401, 25.248184122755884 ], [ 55.290337624266435, 25.248264768679796 ], [ 55.290154857262195, 25.248096443156534 ], [ 55.290137927687184, 25.248049375463264 ], [ 55.2898705, 25.2480256 ], [ 55.2897964, 25.2480936 ], [ 55.289923371380368, 25.24832005783238 ], [ 55.290220435750015, 25.248584651302018 ], [ 55.29004809615877, 25.248588364633736 ], [ 55.29004809615877, 25.248633280397943 ], [ 55.290107249061876, 25.24868268457287 ], [ 55.290221272503175, 25.24892035762009 ], [ 55.29040312975976, 25.249085194326113 ], [ 55.290486778988608, 25.248990969270533 ], [ 55.290521519813915, 25.248990969264273 ], [ 55.290533673127406, 25.248950357382387 ], [ 55.290486254730837, 25.248865786474614 ], [ 55.290577387363179, 25.248951471875806 ], [ 55.2904459, 25.2490571 ], [ 55.290605143827577, 25.249339224121268 ] ], [ [ 55.291757176686033, 25.250274656481633 ], [ 55.291799810963241, 25.250321785373476 ], [ 55.291799810962999, 25.250375811754452 ], [ 55.291754042076178, 25.250269066074683 ], [ 55.291757176686033, 25.250274656481633 ] ], [ [ 55.291274376736268, 25.248285751044747 ], [ 55.291302013738324, 25.248310305920072 ], [ 55.291300338739703, 25.248311804137455 ], [ 55.291276459197938, 25.248289465087968 ], [ 55.291274376736268, 25.248285751044747 ] ] ], [ [ [ 55.292030597098446, 25.239843876908182 ], [ 55.292062951616494, 25.239827279448932 ], [ 55.292093751574363, 25.239665679436072 ], [ 55.292043481042697, 25.23957601834687 ], [ 55.292076151514003, 25.239561879441126 ], [ 55.2919622, 25.239353 ], [ 55.2919146, 25.2393736 ], [ 55.291972620280582, 25.239491303825957 ], [ 55.2918717, 25.2393175 ], [ 55.2917147, 25.239242 ], [ 55.291625, 25.2392866 ], [ 55.291957849869988, 25.239851414769305 ], [ 55.291940765565492, 25.239930693326112 ], [ 55.29203059710229, 25.239930693322751 ], [ 55.292030597098446, 25.239843876908182 ] ] ], [ [ [ 55.2915691, 25.2404181 ], [ 55.291774851745991, 25.240724179562033 ], [ 55.29199005189119, 25.240616179484128 ], [ 55.291901311736069, 25.240465831726798 ], [ 55.29192675176489, 25.240453779504776 ], [ 55.2917265, 25.2401503 ], [ 55.2915196, 25.2402545 ], [ 55.29160637345209, 25.24040167535399 ], [ 55.2915691, 25.2404181 ] ] ], [ [ [ 55.291979474019989, 25.237154842294718 ], [ 55.291987938373616, 25.237239773352034 ], [ 55.29203285414355, 25.237239773349749 ], [ 55.292032854138021, 25.23714994182119 ], [ 55.2919472, 25.2370095 ], [ 55.291927551898773, 25.237019192372298 ], [ 55.2916219, 25.2364903 ], [ 55.2913968, 25.2365975 ], [ 55.291704108897349, 25.237129416094639 ], [ 55.2916563, 25.237153 ], [ 55.291730228645079, 25.237277794151559 ], [ 55.291807470371289, 25.237239691156272 ], [ 55.291886350404205, 25.237376479483146 ], [ 55.292021450495568, 25.237309179434245 ], [ 55.291942864722721, 25.237172901573899 ], [ 55.291979474019989, 25.237154842294718 ] ] ], [ [ [ 55.291992550921627, 25.238358779456824 ], [ 55.291889642491213, 25.238167907337953 ], [ 55.291844726727014, 25.238167907337957 ], [ 55.291844726727014, 25.23821282310216 ], [ 55.291885838938001, 25.238224900758755 ], [ 55.291951150892586, 25.238376979471784 ], [ 55.291992550921627, 25.238358779456824 ] ] ], [ [ [ 55.291914369021477, 25.238524670221647 ], [ 55.291935750958551, 25.238562079479422 ], [ 55.291981450989567, 25.238539579462895 ], [ 55.291905078677061, 25.238405607334375 ], [ 55.291942650889624, 25.238387679474933 ], [ 55.2917578, 25.2380733 ], [ 55.291731141660485, 25.238107887413697 ], [ 55.291694334322955, 25.238044231244682 ], [ 55.291716186638439, 25.238044231235516 ], [ 55.291716186632364, 25.237909483942733 ], [ 55.291575232141774, 25.237898412752713 ], [ 55.2915014, 25.2379648 ], [ 55.291525, 25.2380222 ], [ 55.291613650502583, 25.23816927958952 ], [ 55.291639644362412, 25.238154251891565 ], [ 55.29183452882603, 25.238533294145149 ], [ 55.291914369021477, 25.238524670221647 ] ], [ [ 55.29183280010885, 25.238282375425747 ], [ 55.291873999251862, 25.238354950708402 ], [ 55.291832201792907, 25.238282664721272 ], [ 55.29183280010885, 25.238282375425747 ] ], [ [ 55.291590459931783, 25.238044895016813 ], [ 55.291590059850471, 25.238044231243904 ], [ 55.291591738093892, 25.238044231244505 ], [ 55.291590459931783, 25.238044895016813 ] ] ], [ [ [ 55.291738351229043, 25.239598879561857 ], [ 55.291574225156836, 25.239304311556321 ], [ 55.291682051031366, 25.2392561795779 ], [ 55.291705962254667, 25.239134892089773 ], [ 55.291762651094118, 25.239235179548949 ], [ 55.291864951164186, 25.239186279511948 ], [ 55.2917374, 25.2389636 ], [ 55.291680615822536, 25.238994416639429 ], [ 55.2916482, 25.2389366 ], [ 55.291536523604883, 25.238924696884801 ], [ 55.291530316377568, 25.238841643801031 ], [ 55.291395569084948, 25.238841643801042 ], [ 55.291401776300162, 25.238942546532463 ], [ 55.291503961577462, 25.238942546539924 ], [ 55.291468, 25.2389653 ], [ 55.2914078, 25.2391898 ], [ 55.291467050856781, 25.239295479654917 ], [ 55.291548586785424, 25.239310944901643 ], [ 55.2914791, 25.2393452 ], [ 55.2914589, 25.239494 ], [ 55.291655451261185, 25.23984507959425 ], [ 55.291821051443002, 25.239924779536224 ], [ 55.291893851491793, 25.239887479509861 ], [ 55.291738351229043, 25.239598879561857 ] ] ], [ [ [ 55.2916361765338, 25.250360056576152 ], [ 55.2914316, 25.2500075 ], [ 55.2912329, 25.2501076 ], [ 55.29156717669796, 25.250680656636856 ], [ 55.29173167689838, 25.250557456508179 ], [ 55.2916361765338, 25.250360056576152 ] ] ], [ [ [ 55.291305737556542, 25.252585867648076 ], [ 55.291329440166336, 25.252673055354109 ], [ 55.291464187530202, 25.252807802628141 ], [ 55.2915989348786, 25.252852718373351 ], [ 55.291643850651077, 25.252807802602536 ], [ 55.291688766392603, 25.252583223774064 ], [ 55.291620147905981, 25.252496036119659 ], [ 55.291530316377568, 25.252496036119652 ], [ 55.291305737556542, 25.252585867648076 ] ] ], [ [ [ 55.291530316377568, 25.254113003631062 ], [ 55.291556276747038, 25.254159301444485 ], [ 55.291646108310523, 25.254159301430466 ], [ 55.291620147905981, 25.254068087866866 ], [ 55.291530316377568, 25.254068087866859 ], [ 55.291530316377568, 25.254113003631062 ] ] ], [ [ [ 55.291768002998303, 25.238520608149461 ], [ 55.291788028816711, 25.238553794149951 ], [ 55.291827328824162, 25.238532994145885 ], [ 55.2916247, 25.238176 ], [ 55.2915346, 25.2382171 ], [ 55.291630045305197, 25.238388162226659 ], [ 55.2915888, 25.23841 ], [ 55.291685928791985, 25.238563994160369 ], [ 55.291768002998303, 25.238520608149461 ] ] ], [ [ [ 55.291807711010293, 25.237328598418301 ], [ 55.291754895198601, 25.237314507818034 ], [ 55.291762795243329, 25.237373514184711 ], [ 55.291807711012872, 25.237373514182579 ], [ 55.291807711010293, 25.237328598418301 ] ] ], [ [ [ 55.291809177925501, 25.235126492427032 ], [ 55.2916763, 25.2348958 ], [ 55.2914439, 25.235008 ], [ 55.291487622548942, 25.23508387504388 ], [ 55.2914401, 25.2351068 ], [ 55.29151568499541, 25.235239382504581 ], [ 55.291563845295506, 25.23521614989475 ], [ 55.291576777763758, 25.235238592512694 ], [ 55.291809177925501, 25.235126492427032 ] ] ], [ [ [ 55.291350653320748, 25.252945193761718 ], [ 55.291418143095527, 25.253075284272018 ], [ 55.291552890433898, 25.253075284253732 ], [ 55.291552890419155, 25.252985452724921 ], [ 55.291485400613361, 25.252900277997512 ], [ 55.291350653320748, 25.252900277997512 ], [ 55.291350653320748, 25.252945193761718 ] ] ], [ [ [ 55.2913926, 25.2343098 ], [ 55.291552328269617, 25.234592594160677 ], [ 55.29163099028338, 25.234556178332291 ], [ 55.291728413398552, 25.234723385979926 ], [ 55.291809413453564, 25.234682385950325 ], [ 55.2917074, 25.2345074 ], [ 55.291630080114849, 25.234546441770778 ], [ 55.2914749, 25.2342717 ], [ 55.2913926, 25.2343098 ] ] ], [ [ [ 55.2914749, 25.2342717 ], [ 55.291624828281243, 25.234537094153115 ], [ 55.291726128301264, 25.23449029414266 ], [ 55.2915762, 25.2342248 ], [ 55.2914749, 25.2342717 ] ] ], [ [ [ 55.291817220370007, 25.234070866526608 ], [ 55.2916915, 25.233842 ], [ 55.2916297, 25.2338714 ], [ 55.291759220332764, 25.234102666547237 ], [ 55.291817220370007, 25.234070866526608 ] ] ], [ [ [ 55.291620147905981, 25.239874706377776 ], [ 55.291626355186715, 25.239930693337836 ], [ 55.291716186723512, 25.239930693334486 ], [ 55.291709979434394, 25.23987470637778 ], [ 55.291620147905981, 25.239874706377776 ] ] ], [ [ [ 55.291716186674897, 25.238852714992216 ], [ 55.291665063670187, 25.238841643801042 ], [ 55.291671270910548, 25.238942546522416 ], [ 55.291716186678947, 25.238942546520736 ], [ 55.291716186674897, 25.238852714992216 ] ] ], [ [ [ 55.291496079567345, 25.253936056772762 ], [ 55.2913691, 25.2537096 ], [ 55.2913261, 25.2537 ], [ 55.2913092, 25.2537618 ], [ 55.291436179501133, 25.253988256819806 ], [ 55.291479279592316, 25.253997856787137 ], [ 55.291496079567345, 25.253936056772762 ] ] ], [ [ [ 55.291420964740041, 25.25249641170695 ], [ 55.291510796302774, 25.25249641169323 ], [ 55.291485400613361, 25.252361288827032 ], [ 55.291395569084948, 25.252361288827039 ], [ 55.291420964740041, 25.25249641170695 ] ] ], [ [ [ 55.291673551683303, 25.240788179598848 ], [ 55.2914976, 25.2404568 ], [ 55.2913374, 25.2405357 ], [ 55.291359894169169, 25.240633601261344 ], [ 55.291300594234073, 25.240664650460577 ], [ 55.2911303, 25.2404374 ], [ 55.290951675984076, 25.24054155731503 ], [ 55.290922, 25.2404914 ], [ 55.2908673, 25.2405211 ], [ 55.290944001365141, 25.240646880453145 ], [ 55.2908804, 25.2405494 ], [ 55.2908364, 25.2405735 ], [ 55.290978420683189, 25.24081003252649 ], [ 55.290959727204161, 25.240819294687036 ], [ 55.290822, 25.2405827 ], [ 55.290673, 25.2406661 ], [ 55.290851251014317, 25.240935679893411 ], [ 55.290879827557966, 25.240920855434318 ], [ 55.290933933137907, 25.241023486326373 ], [ 55.2909007, 25.2410732 ], [ 55.290959951215832, 25.24117887985755 ], [ 55.291028751283498, 25.241193679833227 ], [ 55.291209851402108, 25.241094479767568 ], [ 55.291036310856192, 25.240859045328055 ], [ 55.291064151164605, 25.240844279816525 ], [ 55.290991254408496, 25.240723053984183 ], [ 55.291019351065984, 25.240707879830882 ], [ 55.291014160994017, 25.240666232856565 ], [ 55.291074901340735, 25.240751495047078 ], [ 55.2910417, 25.2407689 ], [ 55.291200451365967, 25.241029979770158 ], [ 55.291303751434697, 25.240975879732744 ], [ 55.291253345666327, 25.240893035636532 ], [ 55.291287451376832, 25.240875179737369 ], [ 55.291230179769336, 25.240779309900564 ], [ 55.291271858999529, 25.240760068471207 ], [ 55.291393251507493, 25.240959779700685 ], [ 55.29151715158131, 25.240874879655561 ], [ 55.291420914343156, 25.240716040139322 ], [ 55.291485951520585, 25.240798379665776 ], [ 55.291510651537685, 25.24078697965685 ], [ 55.291443328525567, 25.240666496444678 ], [ 55.291470627704683, 25.240653076772798 ], [ 55.291577251617895, 25.240835479633699 ], [ 55.291673551683303, 25.240788179598848 ] ] ], [ [ [ 55.291170990263922, 25.254696908565752 ], [ 55.291081158735508, 25.254696908565752 ], [ 55.291081158735793, 25.254822833326731 ], [ 55.29091, 25.254664 ], [ 55.290677, 25.2548836 ], [ 55.290803979329318, 25.255110057330647 ], [ 55.291170080338894, 25.255446157059538 ], [ 55.291248080487136, 25.255445356999964 ], [ 55.291439680685798, 25.255264156849115 ], [ 55.2913127, 25.2550377 ], [ 55.291137302886121, 25.254874934319886 ], [ 55.291195257560886, 25.254874934305171 ], [ 55.291240173333556, 25.254830018534197 ], [ 55.291240173325633, 25.25478510276977 ], [ 55.291170990263922, 25.254696908565752 ] ] ], [ [ [ 55.291559, 25.2384226 ], [ 55.2915146, 25.2384147 ], [ 55.2914237, 25.2384611 ], [ 55.2913975, 25.2385099 ], [ 55.291481028750042, 25.238646894181507 ], [ 55.291644128781115, 25.238562094164624 ], [ 55.291559, 25.2384226 ] ] ], [ [ [ 55.291595251856023, 25.241351379633336 ], [ 55.2914381, 25.2410857 ], [ 55.2913325, 25.2411386 ], [ 55.291462751755432, 25.241391879681 ], [ 55.291486451782568, 25.241405879672719 ], [ 55.291595251856023, 25.241351379633336 ] ] ], [ [ [ 55.291511728891543, 25.239733894182017 ], [ 55.291565228901838, 25.239706894176479 ], [ 55.2914881, 25.239579 ], [ 55.2914346, 25.239606 ], [ 55.291511728891543, 25.239733894182017 ] ] ], [ [ [ 55.291641148764711, 25.234074479531785 ], [ 55.2915581, 25.2339274 ], [ 55.2915198, 25.2339454 ], [ 55.291602948738436, 25.234092479545598 ], [ 55.291641148764711, 25.234074479531785 ] ] ], [ [ [ 55.291253829712041, 25.246937194232352 ], [ 55.291436129762985, 25.246974094213918 ], [ 55.291445, 25.2468015 ], [ 55.2912094, 25.2467666 ], [ 55.2911904, 25.2468719 ], [ 55.291253829712041, 25.246937194232352 ] ] ], [ [ [ 55.291017851379806, 25.252408593191408 ], [ 55.291332261828693, 25.252273845847935 ], [ 55.291377177602158, 25.252228930076338 ], [ 55.291350653320748, 25.252091794241803 ], [ 55.291126074499715, 25.252091794241803 ], [ 55.290991327207095, 25.25227145729863 ], [ 55.291017851379806, 25.252408593191408 ] ] ], [ [ [ 55.291418142469006, 25.249257444297495 ], [ 55.291395569084948, 25.249172269568419 ], [ 55.291305737556542, 25.249172269568415 ], [ 55.29132831091011, 25.249257444309695 ], [ 55.291418142469006, 25.249257444297495 ] ] ], [ [ [ 55.2912613, 25.2502565 ], [ 55.2911656, 25.2501102 ], [ 55.2910513, 25.2501714 ], [ 55.291210275800509, 25.250446756903454 ], [ 55.291323376081934, 25.250517656818886 ], [ 55.291388276173841, 25.250482956768479 ], [ 55.2912613, 25.2502565 ] ] ], [ [ [ 55.2913145, 25.2366063 ], [ 55.2912977, 25.2366976 ], [ 55.29153172857113, 25.237087194171124 ], [ 55.291573228579153, 25.237066594166837 ], [ 55.291385830474191, 25.236755693590279 ], [ 55.291450428504341, 25.236712394178134 ], [ 55.2914036, 25.2366276 ], [ 55.2913145, 25.2366063 ] ] ], [ [ [ 55.2915143, 25.2345466 ], [ 55.2914372, 25.2345845 ], [ 55.291520948940232, 25.234731079582282 ], [ 55.291598048992583, 25.23469317955438 ], [ 55.2915143, 25.2345466 ] ] ], [ [ [ 55.2914154, 25.2381534 ], [ 55.291266707347319, 25.238227791154589 ], [ 55.2912392, 25.238179099999989 ], [ 55.2911933, 25.2382008 ], [ 55.291278650282756, 25.23835177971095 ], [ 55.291308729095228, 25.238337624977078 ], [ 55.291376050412936, 25.238452679677447 ], [ 55.291421650456911, 25.238460479661303 ], [ 55.291513050518688, 25.238414879628223 ], [ 55.29154005052191, 25.238366479618044 ], [ 55.2914154, 25.2381534 ] ] ], [ [ [ 55.290998765652454, 25.239886256799856 ], [ 55.291048865770492, 25.239910556762251 ], [ 55.291124421260982, 25.239871369595086 ], [ 55.2911046, 25.2399071 ], [ 55.291340466676786, 25.240289656549251 ], [ 55.291470066855993, 25.240215756448499 ], [ 55.291514766878038, 25.240147156412668 ], [ 55.291351866275704, 25.23983125652904 ], [ 55.2911015, 25.2393845 ], [ 55.2910177, 25.2393666 ], [ 55.291210911505416, 25.239712827251317 ], [ 55.291189321778447, 25.239722954499214 ], [ 55.2910043, 25.2394152 ], [ 55.2908912, 25.2394456 ], [ 55.2908375, 25.2396056 ], [ 55.290998765652454, 25.239886256799856 ] ] ], [ [ [ 55.291374175672118, 25.249968556766341 ], [ 55.2911709, 25.2496129 ], [ 55.291097811365319, 25.24959975709022 ], [ 55.291002, 25.2494324 ], [ 55.29085, 25.249506 ], [ 55.291178275351378, 25.250026356917338 ], [ 55.291244775493972, 25.250043256866995 ], [ 55.291374175672118, 25.249968556766341 ] ] ], [ [ [ 55.291260821792335, 25.252675699176486 ], [ 55.291126074499715, 25.252675699176475 ], [ 55.291126074499715, 25.252810446469095 ], [ 55.291239044303957, 25.25294154347829 ], [ 55.291328875863634, 25.252941543465795 ], [ 55.291328875840968, 25.252806796172564 ], [ 55.291260821792335, 25.252675699176486 ] ] ], [ [ [ 55.2912922, 25.2470868 ], [ 55.291336229760816, 25.247163094224717 ], [ 55.291397629772803, 25.247133494218367 ], [ 55.2913536, 25.2470572 ], [ 55.2912922, 25.2470868 ] ] ], [ [ [ 55.2914913, 25.2324477 ], [ 55.2914541, 25.2324683 ], [ 55.29154588405531, 25.232628182469153 ], [ 55.291585284078039, 25.232608282456926 ], [ 55.2914913, 25.2324477 ] ] ], [ [ [ 55.2914744, 25.2334404 ], [ 55.2913993, 25.233473 ], [ 55.291490819902819, 25.233639566635652 ], [ 55.29156581995457, 25.233606966609084 ], [ 55.2914744, 25.2334404 ] ] ], [ [ [ 55.2911856, 25.2403895 ], [ 55.291289328936251, 25.240557594207395 ], [ 55.29146992897077, 25.240464594188705 ], [ 55.2913662, 25.2402966 ], [ 55.2911856, 25.2403895 ] ] ], [ [ [ 55.2912369, 25.2373013 ], [ 55.291432850115442, 25.237643979647761 ], [ 55.291490650153968, 25.237613879626824 ], [ 55.2912958, 25.2372738 ], [ 55.2912369, 25.2373013 ] ] ], [ [ [ 55.291356860550003, 25.239346788412494 ], [ 55.291446692086794, 25.239346788409136 ], [ 55.291440484849154, 25.239290801443094 ], [ 55.291350653320748, 25.239290801443101 ], [ 55.291356860550003, 25.239346788412494 ] ] ], [ [ [ 55.2911262, 25.2542177 ], [ 55.291147830588706, 25.25427989426769 ], [ 55.291186530600342, 25.254294294263811 ], [ 55.291238930599576, 25.254179694258085 ], [ 55.291222, 25.2541495 ], [ 55.2911668, 25.2541289 ], [ 55.2911262, 25.2542177 ] ] ], [ [ [ 55.2913454, 25.2337935 ], [ 55.291445148543694, 25.233966479600312 ], [ 55.291517248592662, 25.23393107957423 ], [ 55.2914175, 25.233758 ], [ 55.2913454, 25.2337935 ] ] ], [ [ [ 55.2912089, 25.238582 ], [ 55.2911826, 25.2386308 ], [ 55.291310650547231, 25.238899979705977 ], [ 55.291358250579037, 25.238875379688743 ], [ 55.291288961960703, 25.238755992402655 ], [ 55.291431128741756, 25.238682794186698 ], [ 55.2913454, 25.2385428 ], [ 55.2912998, 25.2385354 ], [ 55.2912089, 25.238582 ] ] ], [ [ [ 55.2900915, 25.2336402 ], [ 55.29005870000001, 25.2336577 ], [ 55.290112644093753, 25.233743776676047 ], [ 55.2900868, 25.2337569 ], [ 55.290172027832959, 25.233897494298748 ], [ 55.290204127839125, 25.233881294295426 ], [ 55.290144335197141, 25.233754482703109 ], [ 55.290279446130064, 25.234002818981882 ], [ 55.29032436189884, 25.234002818980052 ], [ 55.290310460601169, 25.233945825503504 ], [ 55.290414199694148, 25.233890513916375 ], [ 55.291004156329159, 25.234905288436597 ], [ 55.291471056512016, 25.234682688340126 ], [ 55.291032424807554, 25.233928084534121 ], [ 55.291096394000583, 25.233928084522663 ], [ 55.291081158735508, 25.233811078209971 ], [ 55.291036242971302, 25.233811078209964 ], [ 55.290991327207109, 25.233857381410555 ], [ 55.2908566, 25.2336256 ], [ 55.290602524808463, 25.233746707652756 ], [ 55.290533538022295, 25.233633227595202 ], [ 55.290800627954496, 25.233585194233765 ], [ 55.290926327978021, 25.233516394220754 ], [ 55.2907732, 25.2332694 ], [ 55.2902624, 25.2335442 ], [ 55.290327363982449, 25.233645928078314 ], [ 55.2902549, 25.2335525 ], [ 55.2902218, 25.2335691 ], [ 55.290280867672216, 25.233670719011716 ], [ 55.290252717686947, 25.233685728027087 ], [ 55.290191, 25.2335871 ], [ 55.2900915, 25.2336402 ] ] ], [ [ [ 55.291167730529693, 25.253759294263929 ], [ 55.291198930529198, 25.253690694260527 ], [ 55.2911478, 25.2536477 ], [ 55.2911166, 25.2537164 ], [ 55.291167730529693, 25.253759294263929 ] ] ], [ [ [ 55.2913664, 25.2380278 ], [ 55.2913189, 25.238054 ], [ 55.291369328658512, 25.238133794191139 ], [ 55.291416728667336, 25.238107494186238 ], [ 55.2913664, 25.2380278 ] ] ], [ [ [ 55.290523269035944, 25.236475132938526 ], [ 55.290611698469135, 25.236627024933771 ], [ 55.2905754, 25.236644 ], [ 55.290633828300791, 25.236746894261319 ], [ 55.290673396898804, 25.236728389910343 ], [ 55.290751553279037, 25.236910265944033 ], [ 55.290676916857656, 25.236910265940185 ], [ 55.290683123918726, 25.237011168696061 ], [ 55.290772955455523, 25.237011168692696 ], [ 55.290772955453079, 25.236947383314394 ], [ 55.290794749263561, 25.236985179867236 ], [ 55.29085981228463, 25.236952882832966 ], [ 55.290912349393274, 25.237043179826046 ], [ 55.290932442688955, 25.237032919434753 ], [ 55.291042326166142, 25.237281495992885 ], [ 55.2910177, 25.2372471 ], [ 55.2909656, 25.2372728 ], [ 55.291273013307617, 25.237772180025686 ], [ 55.2912501, 25.2377689 ], [ 55.29126262859328, 25.237824194200961 ], [ 55.291313750094154, 25.237840979692479 ], [ 55.291393450147844, 25.237800779663612 ], [ 55.291416650150296, 25.237758479654861 ], [ 55.2913025, 25.2375635 ], [ 55.291256366512222, 25.237544862071758 ], [ 55.291316949957334, 25.237516479687528 ], [ 55.291191724575391, 25.237296055694813 ], [ 55.291241249784463, 25.237271479711612 ], [ 55.2911223, 25.2370672 ], [ 55.291041634969957, 25.237093874603957 ], [ 55.29114824960255, 25.237041279742034 ], [ 55.2910354, 25.2368466 ], [ 55.291006409527306, 25.236860899699465 ], [ 55.2909437, 25.236755 ], [ 55.290896934442841, 25.236778902410965 ], [ 55.290834842362301, 25.236671171890652 ], [ 55.290907349211885, 25.236632079823007 ], [ 55.2908064, 25.236463 ], [ 55.290730699074174, 25.236503853131545 ], [ 55.290671114106921, 25.236401604102024 ], [ 55.290726428278518, 25.23637409425066 ], [ 55.2904997, 25.2359557 ], [ 55.2904067, 25.2360046 ], [ 55.290487269950276, 25.236140402850882 ], [ 55.290393022663807, 25.236158224128449 ], [ 55.2903369, 25.2360614 ], [ 55.2902533, 25.2361034 ], [ 55.290366748586365, 25.236297380011546 ], [ 55.290419174630081, 25.236231797544313 ], [ 55.290502051196107, 25.236384686150469 ], [ 55.2904363, 25.2364174 ], [ 55.290495428236554, 25.23651089427462 ], [ 55.290523269035944, 25.236475132938526 ] ], [ [ 55.291123473387678, 25.237465269483589 ], [ 55.291119633882083, 25.237453970767731 ], [ 55.291198735264921, 25.237570364425704 ], [ 55.291186867409522, 25.237576338535963 ], [ 55.291123473387678, 25.237465269483589 ] ], [ [ 55.290632515836279, 25.236624010995413 ], [ 55.290749254217367, 25.23656540452636 ], [ 55.29078994454715, 25.236633449090746 ], [ 55.290670982911308, 25.23669175284537 ], [ 55.290632515836279, 25.236624010995413 ] ] ], [ [ [ 55.291201051607409, 25.241589579776505 ], [ 55.291356151712598, 25.241512979720369 ], [ 55.291169, 25.2411958 ], [ 55.291014, 25.2412724 ], [ 55.291201051607409, 25.241589579776505 ] ] ], [ [ [ 55.290587450737917, 25.247105894900198 ], [ 55.290566534095319, 25.247149599174335 ], [ 55.290542169565036, 25.247106144414939 ], [ 55.290452338036623, 25.247106144414939 ], [ 55.29048958304034, 25.247217487665633 ], [ 55.290637767104691, 25.247195635308998 ], [ 55.290700071928377, 25.247306757214108 ], [ 55.290855772250758, 25.24733395709595 ], [ 55.290868433145924, 25.247271367562494 ], [ 55.290885472277772, 25.247301757072471 ], [ 55.290993154177841, 25.247333981653728 ], [ 55.291021236352123, 25.247384066425351 ], [ 55.291111067920937, 25.247384066409197 ], [ 55.291140164242918, 25.247334052060843 ], [ 55.291218872991401, 25.247385256820092 ], [ 55.291264172881711, 25.247172656780176 ], [ 55.2911372, 25.2469462 ], [ 55.291068695851287, 25.246934199963903 ], [ 55.291000902927635, 25.24684105136792 ], [ 55.291153726297615, 25.246841051328616 ], [ 55.291153726288584, 25.246796135564175 ], [ 55.291081158735508, 25.246701902537087 ], [ 55.290991327207095, 25.246701902537087 ], [ 55.290947472462271, 25.246745757282483 ], [ 55.2908743, 25.2467033 ], [ 55.290863279707253, 25.246742676875396 ], [ 55.2908204, 25.2466662 ], [ 55.2907134, 25.2466551 ], [ 55.2906168, 25.2467156 ], [ 55.2906015, 25.2468133 ], [ 55.290674250475902, 25.246943052356297 ], [ 55.2906172, 25.2468708 ], [ 55.2905136, 25.246859 ], [ 55.2905071, 25.2469057 ], [ 55.290587450737917, 25.247105894900198 ] ] ], [ [ [ 55.2911243, 25.2331919 ], [ 55.2910763, 25.233215 ], [ 55.291393748409142, 25.233760179616194 ], [ 55.291441848442041, 25.233737079598797 ], [ 55.2911243, 25.2331919 ] ] ], [ [ [ 55.291409675915126, 25.234285397663729 ], [ 55.291395569084948, 25.234215320087824 ], [ 55.291305737556542, 25.234215320087824 ], [ 55.291319844367678, 25.234285397671339 ], [ 55.291409675915126, 25.234285397663729 ] ] ], [ [ [ 55.291305737556542, 25.238931475329458 ], [ 55.291126074499715, 25.238931475329451 ], [ 55.291081158735508, 25.238976391093665 ], [ 55.291081158735508, 25.239245885678887 ], [ 55.291177197476408, 25.239346788419187 ], [ 55.291222113244807, 25.239346788417521 ], [ 55.291267029011181, 25.239301872651581 ], [ 55.291305737556542, 25.238931475329458 ] ] ], [ [ [ 55.2908839, 25.2504825 ], [ 55.290841009556672, 25.250497360855572 ], [ 55.290811664150276, 25.250429910966183 ], [ 55.290766748386069, 25.250429910966183 ], [ 55.290789408170781, 25.250515239892241 ], [ 55.290715119026146, 25.250540979824702 ], [ 55.2906189, 25.2503865 ], [ 55.2904846, 25.2504507 ], [ 55.290568710031451, 25.25060070880841 ], [ 55.2905491, 25.2506113 ], [ 55.290812475592624, 25.251044557222137 ], [ 55.291135576074325, 25.250897956971798 ], [ 55.2908839, 25.2504825 ] ] ], [ [ [ 55.291283750359085, 25.238518579711091 ], [ 55.291308050358303, 25.238466479701824 ], [ 55.2911846, 25.2382581 ], [ 55.2910198, 25.2383413 ], [ 55.291147650254267, 25.238556679759988 ], [ 55.291192850298145, 25.238565079743999 ], [ 55.291283750359085, 25.238518579711091 ] ] ], [ [ [ 55.291311380436824, 25.238088140541663 ], [ 55.291170990263922, 25.238078075809543 ], [ 55.291176633136452, 25.238177972074741 ], [ 55.291311380440497, 25.238177972070172 ], [ 55.291311380436824, 25.238088140541663 ] ] ], [ [ [ 55.2910861, 25.233457 ], [ 55.291014290296445, 25.233334734570022 ], [ 55.291047554772014, 25.233305752101401 ], [ 55.291328748366446, 25.233795479639745 ], [ 55.291349648380802, 25.233785579632187 ], [ 55.2909716, 25.2331474 ], [ 55.2908094, 25.2332308 ], [ 55.29097159484823, 25.233511942473051 ], [ 55.2908996, 25.2335465 ], [ 55.29099004802606, 25.233705379759261 ], [ 55.291062648075737, 25.233670579733005 ], [ 55.29098945944282, 25.233541687196478 ], [ 55.291162092113254, 25.233837691297381 ], [ 55.291276092146674, 25.233782991279718 ], [ 55.2910861, 25.233457 ] ] ], [ [ [ 55.291099630242662, 25.251568194263541 ], [ 55.2910827, 25.251538 ], [ 55.2907991, 25.2512764 ], [ 55.290790030154753, 25.251494394294802 ], [ 55.290980030224539, 25.251668394276045 ], [ 55.291099630242662, 25.251568194263541 ] ] ], [ [ [ 55.2905628, 25.2477641 ], [ 55.290540031353693, 25.247744139208887 ], [ 55.290650671271194, 25.2476888193466 ], [ 55.290725053838081, 25.247755080018248 ], [ 55.29081499231291, 25.247672425597532 ], [ 55.290841954896131, 25.247720513612059 ], [ 55.2908051, 25.2476881 ], [ 55.2907245, 25.247763 ], [ 55.290731731775971, 25.247827741308821 ], [ 55.290706900000011, 25.2478486 ], [ 55.290845754068584, 25.248040579978607 ], [ 55.290878154084751, 25.248011079966712 ], [ 55.290854907504915, 25.247969619594578 ], [ 55.290892982768206, 25.247909715477807 ], [ 55.29094985409175, 25.247878979939625 ], [ 55.290860543633443, 25.247744224233266 ], [ 55.290993254123357, 25.247862579923979 ], [ 55.291131254191804, 25.247735979873344 ], [ 55.291072, 25.2476303 ], [ 55.2909287, 25.2475025 ], [ 55.290854552678546, 25.24757052215876 ], [ 55.290811664150276, 25.247465470528585 ], [ 55.290721832621863, 25.247420554764378 ], [ 55.290587085329243, 25.247375639000172 ], [ 55.290407422272416, 25.247375639000175 ], [ 55.29031759074401, 25.247465470528589 ], [ 55.290337081749392, 25.247679896301456 ], [ 55.2902899, 25.2477239 ], [ 55.2902716, 25.2478044 ], [ 55.29033085355357, 25.247910080160487 ], [ 55.290458553715624, 25.248022180116308 ], [ 55.290489115962188, 25.247993692785169 ], [ 55.290641253935199, 25.248153980052781 ], [ 55.290781454005163, 25.248026380001338 ], [ 55.2907222, 25.2479207 ], [ 55.2905628, 25.2477641 ] ] ], [ [ [ 55.2904286, 25.24969 ], [ 55.290487519392038, 25.249795082453879 ], [ 55.2904068, 25.2497235 ], [ 55.290356949626741, 25.249763431632509 ], [ 55.2901443, 25.2495499 ], [ 55.2900254, 25.2496586 ], [ 55.29015237326189, 25.249885057696904 ], [ 55.290334673760547, 25.25004815756186 ], [ 55.290362298347951, 25.250022921167481 ], [ 55.290466674136105, 25.250181957464456 ], [ 55.290502824096876, 25.250184670772036 ], [ 55.290558774406584, 25.25028445739672 ], [ 55.290691974777062, 25.250410257298196 ], [ 55.290895975112349, 25.250351457140997 ], [ 55.291032475263926, 25.250233257033827 ], [ 55.291072275212827, 25.250095557 ], [ 55.2909453, 25.2498691 ], [ 55.2908039, 25.2497356 ], [ 55.290761575951038, 25.249772271123383 ], [ 55.2906813, 25.2496291 ], [ 55.290549, 25.2495764 ], [ 55.2904286, 25.24969 ] ] ], [ [ [ 55.2904673, 25.2368089 ], [ 55.2899313, 25.2370713 ], [ 55.290368862488108, 25.23775895722703 ], [ 55.290606945320555, 25.237669482169945 ], [ 55.290673282546784, 25.237783850140278 ], [ 55.2906407, 25.2377996 ], [ 55.290923942559424, 25.238273715231035 ], [ 55.2908998, 25.2382845 ], [ 55.29092842895399, 25.23833629422306 ], [ 55.290904, 25.2383472 ], [ 55.290943799554597, 25.238419369656803 ], [ 55.290908943869553, 25.238436500733414 ], [ 55.2908793, 25.2383843 ], [ 55.2908397, 25.2384034 ], [ 55.290869533472446, 25.238455870370476 ], [ 55.2908182, 25.2384811 ], [ 55.290973550210154, 25.238814479825017 ], [ 55.291003822493863, 25.238800607271518 ], [ 55.291046628667004, 25.238870594226444 ], [ 55.291211428698503, 25.23878569420939 ], [ 55.2911257, 25.2386457 ], [ 55.291092780612715, 25.238640441543573 ], [ 55.291112450245343, 25.238608779773141 ], [ 55.29100143849103, 25.238419464820225 ], [ 55.291075350182773, 25.238540179785538 ], [ 55.29110135020067, 25.238527979776148 ], [ 55.290852058646301, 25.238089444880728 ], [ 55.290901495679144, 25.238048322950341 ], [ 55.290907138524666, 25.238088140555362 ], [ 55.290996970060704, 25.238088140552314 ], [ 55.290991327207095, 25.23798824428113 ], [ 55.290901495678682, 25.237988244281127 ], [ 55.290901495679201, 25.23803596119097 ], [ 55.290867245282207, 25.237975653295447 ], [ 55.290938128526115, 25.237949494234392 ], [ 55.290838238640369, 25.237769417613059 ], [ 55.290931128496865, 25.237726094234361 ], [ 55.290889, 25.2376517 ], [ 55.290795810322685, 25.237695207517426 ], [ 55.290728963283087, 25.237608639043554 ], [ 55.290889363269123, 25.237528656824139 ], [ 55.2904673, 25.2368089 ] ] ], [ [ [ 55.291079166127844, 25.240235256747265 ], [ 55.291165266248825, 25.240188256680401 ], [ 55.2909767, 25.2398539 ], [ 55.2908833, 25.2398168 ], [ 55.290777, 25.2398743 ], [ 55.29093477192805, 25.240151778121639 ], [ 55.2909115, 25.2401623 ], [ 55.290974328821392, 25.240275494238499 ], [ 55.29103062883258, 25.240249994232684 ], [ 55.291012714887785, 25.240217668526565 ], [ 55.291079166127844, 25.240235256747265 ] ] ], [ [ [ 55.290946411442889, 25.253574014460604 ], [ 55.290901495678682, 25.253574014460607 ], [ 55.290856579914482, 25.2536189302248 ], [ 55.290880846890637, 25.253707124476094 ], [ 55.290970678451835, 25.253707124462981 ], [ 55.290946411442889, 25.253574014460604 ] ] ], [ [ [ 55.290874478665586, 25.254245257255121 ], [ 55.290923078763214, 25.254250457218141 ], [ 55.290928578735311, 25.254208857212898 ], [ 55.2908016, 25.2539824 ], [ 55.290753, 25.2539771 ], [ 55.2907669, 25.2540992 ], [ 55.290874478665586, 25.254245257255121 ] ] ], [ [ [ 55.291185661284402, 25.233971993805611 ], [ 55.291170990263922, 25.233945825502591 ], [ 55.291081158735508, 25.233945825502591 ], [ 55.291095829740961, 25.234016909577871 ], [ 55.291185661289191, 25.234016909569956 ], [ 55.291185661284402, 25.233971993805611 ] ] ], [ [ [ 55.290963905610454, 25.248574649612472 ], [ 55.290946411442889, 25.248543448869533 ], [ 55.290856579914482, 25.248543448869533 ], [ 55.290874074069833, 25.248664481150644 ], [ 55.290963905621879, 25.248664481141191 ], [ 55.290963905610454, 25.248574649612472 ] ] ], [ [ [ 55.290414379400289, 25.254970282914439 ], [ 55.2903009, 25.2547679 ], [ 55.2901292, 25.254598 ], [ 55.290094900634351, 25.254629390676797 ], [ 55.2900399, 25.2545313 ], [ 55.2898847, 25.2543863 ], [ 55.2893024, 25.254646 ], [ 55.2893185, 25.25484 ], [ 55.289572453840059, 25.255292916642205 ], [ 55.289988155358699, 25.255255316005584 ], [ 55.290040368722345, 25.255209012454454 ], [ 55.290043570513106, 25.255214817028424 ], [ 55.2898361, 25.2553707 ], [ 55.2898562, 25.2555957 ], [ 55.290110157289483, 25.256048615859147 ], [ 55.290253157823415, 25.256041915640452 ], [ 55.290378458183362, 25.255977615445879 ], [ 55.290833759143311, 25.255555514729437 ], [ 55.2905798, 25.2551026 ], [ 55.290414379400289, 25.254970282914439 ] ] ], [ [ [ 55.290965598150173, 25.245388649768405 ], [ 55.290901495678682, 25.245309513846703 ], [ 55.290811664150276, 25.245309513846703 ], [ 55.290766748386069, 25.245354429610906 ], [ 55.290766748386069, 25.245444261139316 ], [ 55.290830850843733, 25.245568312841442 ], [ 55.290920682398053, 25.245568312831082 ], [ 55.290965598150173, 25.245388649768405 ] ] ], [ [ [ 55.29066363224365, 25.254478816654725 ], [ 55.290744578741517, 25.254596257363097 ], [ 55.290777278777291, 25.254567357337407 ], [ 55.290619, 25.254312 ], [ 55.2904666, 25.2544222 ], [ 55.290586330478639, 25.254547294325761 ], [ 55.29066363224365, 25.254478816654725 ] ] ], [ [ [ 55.290458545162167, 25.238886672560643 ], [ 55.290597049998638, 25.239102179962437 ], [ 55.290656184299642, 25.239069504733383 ], [ 55.290814528669372, 25.239370194251716 ], [ 55.290971228699327, 25.239289494235511 ], [ 55.290846260224299, 25.239088665687234 ], [ 55.290912350267654, 25.239074679849853 ], [ 55.2907942, 25.2388752 ], [ 55.290765896554412, 25.238889739448449 ], [ 55.290722, 25.2388167 ], [ 55.29069105104621, 25.238825609567005 ], [ 55.2906285, 25.2387267 ], [ 55.2904917, 25.2387998 ], [ 55.290536521787317, 25.238870274715502 ], [ 55.290493345347848, 25.238894129877234 ], [ 55.290458545162871, 25.238855426721244 ], [ 55.290452338036623, 25.238572149215809 ], [ 55.29031759074401, 25.238572149215798 ], [ 55.290227759215597, 25.238617064980016 ], [ 55.290227759215597, 25.238706896508425 ], [ 55.290280426319512, 25.238849787735351 ], [ 55.2901729, 25.2389021 ], [ 55.2901514, 25.2389682 ], [ 55.29032466376475, 25.239234657297843 ], [ 55.290403763945982, 25.239267457238313 ], [ 55.290512364130954, 25.239243257154843 ], [ 55.29053986414258, 25.23919895713275 ], [ 55.290406784528258, 25.23894254657047 ], [ 55.290458545162167, 25.238886672560643 ] ] ], [ [ [ 55.2908846, 25.2349596 ], [ 55.290972948617409, 25.23511497978188 ], [ 55.291027048654442, 25.235089079762314 ], [ 55.2909387, 25.2349336 ], [ 55.2908846, 25.2349596 ] ] ], [ [ [ 55.290976455678333, 25.230487597782449 ], [ 55.291077555721976, 25.230509897766805 ], [ 55.2910642, 25.2304169 ], [ 55.2909631, 25.2303945 ], [ 55.290976455678333, 25.230487597782449 ] ] ], [ [ [ 55.2908102, 25.2400383 ], [ 55.2907237, 25.2399002 ], [ 55.2905653, 25.2399815 ], [ 55.290744765541568, 25.240291657003855 ], [ 55.290828665728185, 25.240320356940558 ], [ 55.290937165884003, 25.240264756856369 ], [ 55.2908102, 25.2400383 ] ] ], [ [ [ 55.290953182822982, 25.237281669745894 ], [ 55.290946411442889, 25.237179760525422 ], [ 55.290856579914482, 25.237179760525422 ], [ 55.290856579914482, 25.237224676289628 ], [ 55.290908267054199, 25.23728166974772 ], [ 55.290953182822982, 25.237281669745894 ] ] ], [ [ [ 55.290676916857656, 25.246207829130821 ], [ 55.290676916857656, 25.246342576423437 ], [ 55.290750612805518, 25.24643882246783 ], [ 55.290795528589172, 25.246438822460057 ], [ 55.290795528560992, 25.246304075166673 ], [ 55.290721832621863, 25.246207829130825 ], [ 55.290676916857656, 25.246207829130821 ] ] ], [ [ [ 55.2905053, 25.253865 ], [ 55.290317, 25.2540356 ], [ 55.290491230412627, 25.254207794334299 ], [ 55.290641430434128, 25.254071694318558 ], [ 55.290657430431509, 25.254017294316736 ], [ 55.2905053, 25.253865 ] ] ], [ [ [ 55.290456989699983, 25.235115326327826 ], [ 55.2903946, 25.2350032 ], [ 55.29031770000001, 25.2350282 ], [ 55.290498548301429, 25.235362479953661 ], [ 55.290721648454117, 25.23525557987298 ], [ 55.290624437196463, 25.23508595007705 ], [ 55.290689224600861, 25.235092114668298 ], [ 55.290764648477953, 25.23522197985729 ], [ 55.290920348583519, 25.235145079800954 ], [ 55.2907263, 25.2348016 ], [ 55.2906922, 25.2348165 ], [ 55.290743411017061, 25.23497663944584 ], [ 55.2906531, 25.2348197 ], [ 55.2904094, 25.2348515 ], [ 55.2903963, 25.2349642 ], [ 55.290455548137224, 25.23506987996554 ], [ 55.290535944649996, 25.235077529869358 ], [ 55.290456989699983, 25.235115326327826 ] ] ], [ [ [ 55.2904301, 25.2411291 ], [ 55.290667628894141, 25.241501694273811 ], [ 55.290817428922864, 25.241425194258312 ], [ 55.2905725, 25.2410294 ], [ 55.2904301, 25.2411291 ] ] ], [ [ [ 55.2907097, 25.2393181 ], [ 55.290804050345898, 25.239480579893165 ], [ 55.290838250368914, 25.239463279880795 ], [ 55.2907439, 25.2393008 ], [ 55.2907097, 25.2393181 ] ] ], [ [ [ 55.290662475362588, 25.251741902120624 ], [ 55.290662475332738, 25.251607154827195 ], [ 55.290632001093449, 25.251552805071331 ], [ 55.290542169565036, 25.251552805071334 ], [ 55.290542169565036, 25.251687552363951 ], [ 55.290572643792999, 25.251741902137084 ], [ 55.290662475362588, 25.251741902120624 ] ] ], [ [ [ 55.290898528130597, 25.234814894227927 ], [ 55.2908539, 25.2347392 ], [ 55.290769, 25.2347815 ], [ 55.290813528114157, 25.234857094236716 ], [ 55.290898528130597, 25.234814894227927 ] ] ], [ [ [ 55.290721832621863, 25.239515380264134 ], [ 55.290728039802559, 25.239571367257252 ], [ 55.290817871339364, 25.239571367253909 ], [ 55.290811664150276, 25.239515380264134 ], [ 55.290721832621863, 25.239515380264134 ] ] ], [ [ [ 55.290396186353448, 25.244849026339939 ], [ 55.290459581759812, 25.244950781230866 ], [ 55.290472705318763, 25.245100403068221 ], [ 55.290321, 25.2450707 ], [ 55.2902876, 25.2452104 ], [ 55.290346852450824, 25.245316080124375 ], [ 55.290622652719819, 25.245370080026778 ], [ 55.290631990016401, 25.245331025524163 ], [ 55.290714161464393, 25.24528610974027 ], [ 55.290714161427921, 25.245151362446659 ], [ 55.290631694563274, 25.245007181213651 ], [ 55.290683688588189, 25.244962265446365 ], [ 55.290683688585972, 25.244917349682101 ], [ 55.2905682, 25.2447936 ], [ 55.2904463, 25.2447697 ], [ 55.290397128250376, 25.2448272649 ], [ 55.2903408, 25.2447268 ], [ 55.2900695, 25.2446749 ], [ 55.290081703099226, 25.244770524677509 ], [ 55.29004809615877, 25.244770524676227 ], [ 55.2899852, 25.2450542 ], [ 55.290079729189756, 25.245121494345742 ], [ 55.290239829230451, 25.245120994329454 ], [ 55.290276386857393, 25.244920600144653 ], [ 55.290375052313806, 25.24493948010992 ], [ 55.290396186353448, 25.244849026339939 ] ], [ [ 55.290108812472859, 25.244818876150731 ], [ 55.290116552037503, 25.244832680200727 ], [ 55.290179038223016, 25.244880038741453 ], [ 55.290108812478621, 25.244869077972066 ], [ 55.290108812472859, 25.244818876150731 ] ] ], [ [ [ 55.290379505925941, 25.251047416218277 ], [ 55.290633406122623, 25.250902616107705 ], [ 55.290505142339242, 25.250693834327254 ], [ 55.290527674704826, 25.250671957430196 ], [ 55.2904007, 25.2504455 ], [ 55.2901863, 25.2502648 ], [ 55.2900763, 25.2503715 ], [ 55.290142924928475, 25.250490325418046 ], [ 55.29003440000001, 25.2503924 ], [ 55.2899044, 25.2505101 ], [ 55.290123029889912, 25.250722394360107 ], [ 55.290232839650656, 25.250622889849193 ], [ 55.290362120570578, 25.250731909967421 ], [ 55.2902296, 25.2508075 ], [ 55.290379505925941, 25.251047416218277 ] ] ], [ [ [ 55.29059083039332, 25.253844894322942 ], [ 55.2905589, 25.2538 ], [ 55.2905302, 25.2538241 ], [ 55.290562130388963, 25.253868894325944 ], [ 55.29059083039332, 25.253844894322942 ] ] ], [ [ [ 55.290783675986752, 25.230742084705735 ], [ 55.290873507526975, 25.230652253167879 ], [ 55.290856579914482, 25.230442395894521 ], [ 55.290811664150276, 25.230442395894521 ], [ 55.290766748386069, 25.230487311658731 ], [ 55.290721832621863, 25.230622058951344 ], [ 55.290721832621863, 25.230711890479757 ], [ 55.29073876021112, 25.2307420847103 ], [ 55.290783675986752, 25.230742084705735 ] ] ], [ [ [ 55.2906175, 25.2393522 ], [ 55.29066382863882, 25.239433594267275 ], [ 55.290749028655583, 25.23939359425847 ], [ 55.2907027, 25.2393122 ], [ 55.2906175, 25.2393522 ] ] ], [ [ [ 55.290727475478377, 25.238716961261044 ], [ 55.290721832621863, 25.238661980744222 ], [ 55.290657650451323, 25.238661980749793 ], [ 55.2906188, 25.2385885 ], [ 55.2905809, 25.2386043 ], [ 55.290637643942347, 25.238716961264092 ], [ 55.290727475478377, 25.238716961261044 ] ] ], [ [ [ 55.290683124038217, 25.239661198787456 ], [ 55.290683124034167, 25.239571367258932 ], [ 55.290632001093449, 25.239560296028333 ], [ 55.290632001093449, 25.239650127556747 ], [ 55.290683124038217, 25.239661198787456 ] ] ], [ [ [ 55.290693844452043, 25.230876832007926 ], [ 55.290783676003315, 25.230876831998799 ], [ 55.290766748386069, 25.230756806243964 ], [ 55.290676916857656, 25.230756806243964 ], [ 55.290693844452043, 25.230876832007926 ] ] ], [ [ [ 55.290565306397809, 25.245755021266188 ], [ 55.290542169565036, 25.245668839960352 ], [ 55.290497253800829, 25.245668839960349 ], [ 55.290520390617985, 25.245755021272437 ], [ 55.290565306397809, 25.245755021266188 ] ] ], [ [ [ 55.290400830400635, 25.254297394343794 ], [ 55.290432330405146, 25.254268894340488 ], [ 55.2903785, 25.2542053 ], [ 55.290347, 25.2542338 ], [ 55.290400830400635, 25.254297394343794 ] ] ], [ [ [ 55.2899855, 25.239416 ], [ 55.290047435026793, 25.239459951391161 ], [ 55.290171530356211, 25.239681292347633 ], [ 55.290146266245522, 25.2397442346088 ], [ 55.290071516963522, 25.239616283051834 ], [ 55.290099219047029, 25.239616283044967 ], [ 55.290099219045004, 25.239571367280718 ], [ 55.29004809615877, 25.239515380264123 ], [ 55.290003180394564, 25.23951538026413 ], [ 55.290003180394741, 25.239596887542167 ], [ 55.2899391, 25.2395787 ], [ 55.2898092, 25.239953 ], [ 55.289936163894602, 25.240179457618009 ], [ 55.290034772833764, 25.240207483814398 ], [ 55.290139709373705, 25.240394651553647 ], [ 55.2900926, 25.2404177 ], [ 55.290334192566881, 25.24079575940527 ], [ 55.2902897, 25.2408197 ], [ 55.290372850599383, 25.240961780064072 ], [ 55.290473950665984, 25.240907280027425 ], [ 55.290430866187457, 25.240815496793338 ], [ 55.290476550663868, 25.240896980026395 ], [ 55.290524450711743, 25.240909080009466 ], [ 55.290481687991161, 25.240789581244481 ], [ 55.290560765612447, 25.240749257155748 ], [ 55.29059756562669, 25.240688557126138 ], [ 55.2903782, 25.2403129 ], [ 55.29035049790685, 25.240321767374159 ], [ 55.290277980091751, 25.240143387273879 ], [ 55.290312664590132, 25.240154357330105 ], [ 55.290315411799234, 25.240098943322003 ], [ 55.290380251752516, 25.240120245870326 ], [ 55.290420064829163, 25.240191257249087 ], [ 55.290473249192125, 25.240206151708712 ], [ 55.2904125, 25.2402353 ], [ 55.290473428701887, 25.240340394289671 ], [ 55.29053782871447, 25.240309494283022 ], [ 55.290478820049913, 25.24020771184486 ], [ 55.290517764968612, 25.240140257173255 ], [ 55.290464077522941, 25.24004449931628 ], [ 55.290514364758188, 25.239919157170302 ], [ 55.290425314145288, 25.23976032460773 ], [ 55.290513364754254, 25.239916957171005 ], [ 55.290593964927005, 25.23993745711002 ], [ 55.290631464886971, 25.239816457078369 ], [ 55.2905045, 25.23959 ], [ 55.290473953196454, 25.23958228083119 ], [ 55.290389, 25.2394393 ], [ 55.290320797045737, 25.239418058353355 ], [ 55.2902587, 25.2393073 ], [ 55.2901112, 25.2392648 ], [ 55.290068323553356, 25.239389905327414 ], [ 55.2900081, 25.2393555 ], [ 55.2899855, 25.239416 ] ] ], [ [ [ 55.290371329391796, 25.246160394319556 ], [ 55.290435952894327, 25.246161680102549 ], [ 55.290465552869975, 25.246043880090632 ], [ 55.290407625644988, 25.245940564348064 ], [ 55.290429994783125, 25.245978593629918 ], [ 55.29051982634202, 25.245978593617728 ], [ 55.290519826319922, 25.245843846324515 ], [ 55.290497253800829, 25.245803587252972 ], [ 55.290448190502289, 25.245803587259743 ], [ 55.2903974, 25.245713 ], [ 55.2902691, 25.2456927 ], [ 55.2902447, 25.2458184 ], [ 55.290299536392297, 25.245916203490633 ], [ 55.290267, 25.2459095 ], [ 55.2902374, 25.2460274 ], [ 55.290288428481304, 25.246118411769498 ], [ 55.2901077, 25.2461492 ], [ 55.2900889, 25.2462357 ], [ 55.290105829337186, 25.24626589434693 ], [ 55.290339329401732, 25.246307294323298 ], [ 55.290371329391796, 25.246160394319556 ] ] ], [ [ [ 55.2899875, 25.2405073 ], [ 55.289794, 25.2406081 ], [ 55.2897961, 25.2406663 ], [ 55.289962564660108, 25.240954757617352 ], [ 55.290016664801755, 25.240996357577117 ], [ 55.29007398423974, 25.2409665169499 ], [ 55.290216829482979, 25.241207210672172 ], [ 55.2901387, 25.2412467 ], [ 55.290416450958581, 25.241705980057269 ], [ 55.290563651057688, 25.241631580003979 ], [ 55.290328237526872, 25.241242308183942 ], [ 55.290447850761367, 25.24118288003995 ], [ 55.290365, 25.2410383 ], [ 55.290330627071626, 25.241055377718773 ], [ 55.290202470539271, 25.240869223411455 ], [ 55.2899875, 25.2405073 ] ] ], [ [ [ 55.2905834, 25.2356109 ], [ 55.2905462, 25.2356223 ], [ 55.290576028155755, 25.235686894263655 ], [ 55.290613228163807, 25.23567549425983 ], [ 55.2905834, 25.2356109 ] ] ], [ [ [ 55.290407422272416, 25.245489176903522 ], [ 55.29031759074401, 25.245489176903522 ], [ 55.290227759215597, 25.245534092667729 ], [ 55.290252588854351, 25.245668209214024 ], [ 55.290432251970145, 25.245623293422781 ], [ 55.290407422272416, 25.245489176903522 ] ] ], [ [ [ 55.2903622, 25.2402572 ], [ 55.290427328693113, 25.24036449429445 ], [ 55.290469828701262, 25.240342794290051 ], [ 55.2904048, 25.2402355 ], [ 55.2903622, 25.2402572 ] ] ], [ [ [ 55.29018284345139, 25.247914628170648 ], [ 55.290137927687184, 25.247914628170648 ], [ 55.290093011922977, 25.247959543934851 ], [ 55.290112763072251, 25.248039686443409 ], [ 55.290182843451596, 25.248014521843078 ], [ 55.290202030320408, 25.248128511483429 ], [ 55.290336777651909, 25.248128511467886 ], [ 55.290336777645642, 25.248083595703513 ], [ 55.290272674979803, 25.248004459699061 ], [ 55.290192905591319, 25.248004459701779 ], [ 55.29018284345139, 25.247914628170648 ] ] ], [ [ [ 55.290504024984983, 25.234227397794069 ], [ 55.290497253800829, 25.234125488559414 ], [ 55.290407422272416, 25.23412548855941 ], [ 55.290414193447432, 25.234227397797724 ], [ 55.290504024984983, 25.234227397794069 ] ] ], [ [ [ 55.2899077, 25.2492505 ], [ 55.290076772774498, 25.249513357745275 ], [ 55.290285272990104, 25.249315557581159 ], [ 55.2901583, 25.2490891 ], [ 55.2900829, 25.249024 ], [ 55.2899439, 25.2491559 ], [ 55.2899077, 25.2492505 ] ] ], [ [ [ 55.2904075, 25.2362932 ], [ 55.290423328198834, 25.236353294281415 ], [ 55.290461028208561, 25.236354394277591 ], [ 55.2904452, 25.2362943 ], [ 55.2904075, 25.2362932 ] ] ], [ [ [ 55.290362506508224, 25.235383129957185 ], [ 55.29031759074401, 25.235428045721381 ], [ 55.290324361973937, 25.235529954965095 ], [ 55.29045910928027, 25.235529954959617 ], [ 55.290459109275851, 25.235440123431086 ], [ 55.290407422272416, 25.235383129957182 ], [ 55.290362506508224, 25.235383129957185 ] ] ], [ [ [ 55.290163153102306, 25.247209180212 ], [ 55.290210653056185, 25.247003780192674 ], [ 55.290169700522505, 25.24693073973377 ], [ 55.29020845301082, 25.246902980192271 ], [ 55.290271252941558, 25.246612180166494 ], [ 55.2901566, 25.2463975 ], [ 55.2900246, 25.2463742 ], [ 55.290016023425927, 25.246435021909097 ], [ 55.2899596, 25.2463647 ], [ 55.2898848, 25.2463496 ], [ 55.2898406, 25.2465288 ], [ 55.289899852620231, 25.246634480299033 ], [ 55.28998545965726, 25.246651768302819 ], [ 55.289973582813936, 25.246864530797641 ], [ 55.2899374, 25.2468577 ], [ 55.28989, 25.2470631 ], [ 55.28994925289431, 25.247168780287701 ], [ 55.290163153102306, 25.247209180212 ] ] ], [ [ [ 55.2903726, 25.2351849 ], [ 55.2902921, 25.2352221 ], [ 55.290348728053132, 25.23532269428555 ], [ 55.29042922806903, 25.235285394277231 ], [ 55.2903726, 25.2351849 ] ] ], [ [ [ 55.290207109341807, 25.248946053545708 ], [ 55.29018284345139, 25.248902774983179 ], [ 55.290137927687184, 25.248902774983183 ], [ 55.290162193569131, 25.24899096931669 ], [ 55.29020710934973, 25.248990969310132 ], [ 55.290207109341807, 25.248946053545708 ] ] ], [ [ [ 55.2902789, 25.2328725 ], [ 55.2902071, 25.2329049 ], [ 55.290385658356335, 25.233243457100741 ], [ 55.290417858402662, 25.233227057075769 ], [ 55.29037465703361, 25.233151508079704 ], [ 55.290422858322486, 25.233129757069499 ], [ 55.2902789, 25.2328725 ] ] ], [ [ [ 55.290250331569538, 25.245394688717017 ], [ 55.290227759215597, 25.245309513846703 ], [ 55.290003180394564, 25.245219682318293 ], [ 55.290025752672278, 25.245394688747485 ], [ 55.290115584238549, 25.245439604499705 ], [ 55.290205415797452, 25.245439604487522 ], [ 55.290250331569538, 25.245394688717017 ] ] ], [ [ [ 55.2901396, 25.2375394 ], [ 55.290299562411448, 25.237819257281423 ], [ 55.290355762492524, 25.23779085723783 ], [ 55.2901958, 25.237511 ], [ 55.2901396, 25.2375394 ] ] ], [ [ [ 55.2899113, 25.2456131 ], [ 55.2898757, 25.2457611 ], [ 55.289928656395119, 25.245855551103222 ], [ 55.289915029258282, 25.246019294365517 ], [ 55.289981929276848, 25.246031794358753 ], [ 55.290016036440925, 25.245882726505393 ], [ 55.290023629283866, 25.246002594354405 ], [ 55.290179729327207, 25.246031894338625 ], [ 55.290222252534562, 25.245768380174056 ], [ 55.290163, 25.2456627 ], [ 55.2899113, 25.2456131 ] ] ], [ [ [ 55.2903679, 25.2319121 ], [ 55.2901878, 25.2319964 ], [ 55.290278727646012, 25.232155894282062 ], [ 55.290322327654593, 25.232135494277564 ], [ 55.290271282052693, 25.23204592210578 ], [ 55.290407627657451, 25.231982194268372 ], [ 55.2903679, 25.2319121 ] ] ], [ [ [ 55.290147829819496, 25.250098894355489 ], [ 55.2897381, 25.2497185 ], [ 55.289697, 25.2497562 ], [ 55.290106629813643, 25.250136594359812 ], [ 55.290147829819496, 25.250098894355489 ] ] ], [ [ [ 55.290093011922977, 25.245489176903529 ], [ 55.290161628658126, 25.245576364742703 ], [ 55.290206544438341, 25.245576364736305 ], [ 55.29018284345139, 25.245444261139316 ], [ 55.290093011922977, 25.245444261139316 ], [ 55.290093011922977, 25.245489176903529 ] ] ], [ [ [ 55.290236548687609, 25.236802080063818 ], [ 55.290304848730699, 25.236760880039032 ], [ 55.290329748711997, 25.23666588002904 ], [ 55.2902391, 25.2365057 ], [ 55.2901653, 25.2364913 ], [ 55.290094843507006, 25.236546643538759 ], [ 55.29001, 25.2364032 ], [ 55.2899599, 25.2364286 ], [ 55.290088948489313, 25.23664678011454 ], [ 55.290189348636957, 25.236782080080388 ], [ 55.290236548687609, 25.236802080063818 ] ] ], [ [ [ 55.29031759074401, 25.235877203363437 ], [ 55.29018284345139, 25.235877203363437 ], [ 55.290151719304959, 25.23590832751507 ], [ 55.2900963, 25.2357648 ], [ 55.2899776, 25.2357548 ], [ 55.2899722, 25.235806 ], [ 55.290031448121759, 25.235911680126392 ], [ 55.290139129165333, 25.235920917650137 ], [ 55.290145263195235, 25.236069950620521 ], [ 55.290280010502713, 25.236069950614596 ], [ 55.290324926269484, 25.236025034848346 ], [ 55.29031759074401, 25.235877203363437 ] ] ], [ [ [ 55.2901219, 25.2329531 ], [ 55.290061, 25.2329851 ], [ 55.290214358037936, 25.233252657231635 ], [ 55.290347358227287, 25.233182757128425 ], [ 55.290194, 25.2329152 ], [ 55.2901219, 25.2329531 ] ] ], [ [ [ 55.290116713442686, 25.248855215551519 ], [ 55.290093011922977, 25.248768027690563 ], [ 55.29004809615877, 25.248768027690563 ], [ 55.29007179766247, 25.248855215557921 ], [ 55.290116713442686, 25.248855215551519 ] ] ], [ [ [ 55.2900307, 25.2373591 ], [ 55.2898215, 25.2373427 ], [ 55.2898047, 25.2374887 ], [ 55.290082862097734, 25.237927557449467 ], [ 55.290259062344205, 25.237830157312601 ], [ 55.2900307, 25.2373591 ] ] ], [ [ [ 55.290092728718513, 25.241263494331498 ], [ 55.290204928739946, 25.241205494319889 ], [ 55.2901584, 25.2411284 ], [ 55.2900462, 25.2411864 ], [ 55.290092728718513, 25.241263494331498 ] ] ], [ [ [ 55.290279446176449, 25.234946050031468 ], [ 55.290272674979803, 25.234889056550916 ], [ 55.290227759215597, 25.234889056550912 ], [ 55.290234530407666, 25.234946050033294 ], [ 55.290279446176449, 25.234946050031468 ] ] ], [ [ [ 55.2899009, 25.236453 ], [ 55.290175048679053, 25.236909480086982 ], [ 55.290220148709487, 25.236886880070649 ], [ 55.289946, 25.2364304 ], [ 55.2899009, 25.236453 ] ] ], [ [ [ 55.2900502, 25.2473604 ], [ 55.2899245, 25.2472916 ], [ 55.2898449, 25.2474164 ], [ 55.289983929459289, 25.247510594363501 ], [ 55.290067129465712, 25.247390594354634 ], [ 55.2900502, 25.2473604 ] ] ], [ [ [ 55.2899027, 25.2315001 ], [ 55.289993746258652, 25.231659580089918 ], [ 55.290134746450626, 25.231813980041547 ], [ 55.290276946547699, 25.231745279990122 ], [ 55.2900481, 25.2313523 ], [ 55.2899447, 25.2314023 ], [ 55.2899027, 25.2315001 ] ] ], [ [ [ 55.2900357, 25.2330038 ], [ 55.289942, 25.2330461 ], [ 55.290150558026546, 25.233372357283312 ], [ 55.290250858168434, 25.233318657205452 ], [ 55.2901037, 25.2330613 ], [ 55.290076094597389, 25.233076079773774 ], [ 55.2900357, 25.2330038 ] ] ], [ [ [ 55.290093011922977, 25.238796728036835 ], [ 55.290099219012596, 25.238852715052531 ], [ 55.290144134780988, 25.238852715050857 ], [ 55.290137927687184, 25.238796728036828 ], [ 55.290093011922977, 25.238796728036835 ] ] ], [ [ [ 55.290219346593169, 25.231970180013263 ], [ 55.2901327, 25.2318217 ], [ 55.2900991, 25.2318393 ], [ 55.290185846570914, 25.231987780025392 ], [ 55.290219346593169, 25.231970180013263 ] ] ], [ [ [ 55.290099219022721, 25.239077293873837 ], [ 55.290099219018678, 25.238987462345325 ], [ 55.29004809615877, 25.238976391093662 ], [ 55.29004809615877, 25.239066222622068 ], [ 55.290099219022721, 25.239077293873837 ] ] ], [ [ [ 55.290131928109986, 25.23623379431066 ], [ 55.290115, 25.2362036 ], [ 55.289883, 25.2361787 ], [ 55.2898738, 25.2362488 ], [ 55.289890728054168, 25.236278994335343 ], [ 55.290122728116252, 25.23630379431183 ], [ 55.290131928109986, 25.23623379431066 ] ] ], [ [ [ 55.2898774, 25.2368449 ], [ 55.289925528142582, 25.23692609433397 ], [ 55.290082428172887, 25.236847794317743 ], [ 55.29003440000001, 25.2367665 ], [ 55.2898774, 25.2368449 ] ] ], [ [ [ 55.290008822919525, 25.232114343939745 ], [ 55.290143570223577, 25.232114343935184 ], [ 55.290143570221737, 25.232069428170924 ], [ 55.290093011922977, 25.232014447641735 ], [ 55.290003180394564, 25.232014447641742 ], [ 55.290008822919525, 25.232114343939745 ] ] ], [ [ [ 55.290003180394564, 25.238437401923193 ], [ 55.290009387459598, 25.238493388941801 ], [ 55.290054303228004, 25.238493388940125 ], [ 55.29004809615877, 25.238437401923193 ], [ 55.290003180394564, 25.238437401923193 ] ] ], [ [ [ 55.290069047372967, 25.234093680091679 ], [ 55.2899629, 25.2339137 ], [ 55.28991, 25.2339409 ], [ 55.290015947337423, 25.234120980110898 ], [ 55.290069047372967, 25.234093680091679 ] ] ] ] } }
]
}
