{
"type": "FeatureCollection",
"name": "shadows_06",
"crs": { "type": "name", "properties": { "name": "urn:ogc:def:crs:OGC:1.3:CRS84" } },
"features": [
{ "type": "Feature", "properties": { }, "geometry": { "type": "MultiPolygon", "coordinates": [ [ [ [ 55.318773910649178, 25.248909884921659 ], [ 55.318752536524627, 25.248931258970472 ], [ 55.31837867154622, 25.248788678465694 ], [ 55.318321971429917, 25.248829378101121 ], [ 55.318584368328679, 25.249128079619073 ], [ 55.31946898882029, 25.24946544214767 ], [ 55.319566240313932, 25.249569455510727 ], [ 55.3199846, 25.249729 ], [ 55.3207264, 25.2491616 ], [ 55.3202833, 25.2486878 ], [ 55.319864943354716, 25.248528256499238 ], [ 55.319198556538893, 25.249038039918279 ], [ 55.318863742070995, 25.248909885120536 ], [ 55.318773910649178, 25.248909884921659 ] ] ], [ [ [ 55.29108325858185, 25.231415303810397 ], [ 55.29103117984512, 25.231437810544261 ], [ 55.283578051986773, 25.22859318742055 ], [ 55.283475839476239, 25.228642063288653 ], [ 55.27985427858291, 25.227259645455469 ], [ 55.279000091190042, 25.22756402498716 ], [ 55.279054966063477, 25.227690031572955 ], [ 55.282727284233047, 25.229091842737621 ], [ 55.282841144095457, 25.229286791449617 ], [ 55.282442948548869, 25.229134797164708 ], [ 55.281578346327514, 25.229543128434816 ], [ 55.281571541652788, 25.229596127672529 ], [ 55.28177350049662, 25.229946241746489 ], [ 55.286817638663507, 25.231871538576403 ], [ 55.286878832477768, 25.231911173773749 ], [ 55.286886679961377, 25.231948686796166 ], [ 55.289754878076359, 25.233043345082706 ], [ 55.289508186686518, 25.232953017393669 ], [ 55.289435686656617, 25.232987816672907 ], [ 55.289466885872201, 25.233041016945226 ], [ 55.289922187545557, 25.233214778742155 ], [ 55.289881481449491, 25.233234820848924 ], [ 55.289921980451801, 25.233302121203419 ], [ 55.289966105215605, 25.233318960914268 ], [ 55.289921171290295, 25.233343134232562 ], [ 55.289024988637166, 25.233001112692012 ], [ 55.28893535036493, 25.233048905289678 ], [ 55.288790989939621, 25.232993810432141 ], [ 55.288757889917662, 25.233010410102676 ], [ 55.288799188915803, 25.233077710464862 ], [ 55.288847058641018, 25.233095979853314 ], [ 55.288675388275692, 25.233187509206115 ], [ 55.288749686556059, 25.233301509861636 ], [ 55.289612387364684, 25.233630754631346 ], [ 55.289724148644126, 25.233822583443107 ], [ 55.288498987234391, 25.233355007406388 ], [ 55.288446087191467, 25.233382206879476 ], [ 55.288492786078479, 25.233456607289952 ], [ 55.289802039234473, 25.233956275688914 ], [ 55.290054333905793, 25.23438931480506 ], [ 55.289952082427618, 25.234438679491031 ], [ 55.290003433648032, 25.234525731368176 ], [ 55.289262372879783, 25.234242914299244 ], [ 55.289228272882887, 25.234257813961044 ], [ 55.289240412849551, 25.234280568830453 ], [ 55.289126473443957, 25.234255112977586 ], [ 55.288945473944509, 25.234292811205396 ], [ 55.288932372694589, 25.234405511016046 ], [ 55.289217479253281, 25.234517871222572 ], [ 55.289137670668893, 25.234487412956938 ], [ 55.289095713568649, 25.234507497818605 ], [ 55.288930672247318, 25.234444510977941 ], [ 55.28885377235494, 25.234469510220009 ], [ 55.28890097110714, 25.234555210629097 ], [ 55.288953868895135, 25.234575398715332 ], [ 55.288914570580275, 25.234594210739012 ], [ 55.288975369048863, 25.234698111269573 ], [ 55.289899286117297, 25.235050713511203 ], [ 55.289873832904924, 25.235062475660715 ], [ 55.289913532610669, 25.235132875759295 ], [ 55.2903318, 25.2352925 ], [ 55.2906624, 25.2351499 ], [ 55.290624673917442, 25.235085492664389 ], [ 55.2907054, 25.2351163 ], [ 55.2908611, 25.2350394 ], [ 55.290821655810689, 25.23497417347938 ], [ 55.2909137, 25.2350093 ], [ 55.2909678, 25.2349834 ], [ 55.290949521502249, 25.234952119277018 ], [ 55.2914649, 25.2351488 ], [ 55.2917488, 25.2350188 ], [ 55.2916763, 25.2348958 ], [ 55.291224878099726, 25.234723527224421 ], [ 55.2915388, 25.2345875 ], [ 55.291523009444887, 25.234561139444061 ], [ 55.2916686, 25.2346167 ], [ 55.2917496, 25.2345757 ], [ 55.2917074, 25.2345074 ], [ 55.291652317572051, 25.234486379358117 ], [ 55.2917092, 25.2344601 ], [ 55.291617957698399, 25.23429867669412 ], [ 55.291868837371581, 25.234394417759212 ], [ 55.291741857566961, 25.234449638175398 ], [ 55.291995850883467, 25.234908140378945 ], [ 55.292070749854183, 25.234962841073365 ], [ 55.2935754, 25.23554 ], [ 55.293715, 25.2355431 ], [ 55.2938825, 25.2354656 ], [ 55.293811441193583, 25.23527278174809 ], [ 55.293915, 25.2353123 ], [ 55.2939538, 25.2352918 ], [ 55.293809135208889, 25.235090337934828 ], [ 55.2938303, 25.2350798 ], [ 55.29381136300092, 25.235048746107395 ], [ 55.2938818, 25.2350755 ], [ 55.2939821, 25.2348484 ], [ 55.293479375535632, 25.234656818359493 ], [ 55.293313707664026, 25.234350686089158 ], [ 55.293535, 25.2344297 ], [ 55.293689243229366, 25.234356867020193 ], [ 55.294743146834804, 25.234759037891649 ], [ 55.294734777821589, 25.234836080158196 ], [ 55.29424914217762, 25.234650762325089 ], [ 55.29422064217141, 25.234663962042003 ], [ 55.294240941650635, 25.234699462218789 ], [ 55.294734777734774, 25.234887909277404 ], [ 55.294786265436372, 25.235002058648867 ], [ 55.294178669625772, 25.234755431050619 ], [ 55.294133753954981, 25.234755430876763 ], [ 55.294133753744838, 25.234800346631019 ], [ 55.294578300028149, 25.234969985138779 ], [ 55.294567467855195, 25.235059816622911 ], [ 55.294879647395227, 25.235188823390896 ], [ 55.294634091769666, 25.235102379684953 ], [ 55.294499344603821, 25.235102379449017 ], [ 55.294364596962644, 25.235326958011605 ], [ 55.294384704708982, 25.235424462671819 ], [ 55.294222083613498, 25.235424462223303 ], [ 55.294127699215622, 25.235543580406517 ], [ 55.294057071768279, 25.235544764841659 ], [ 55.294044371507056, 25.23557646472128 ], [ 55.294093322923409, 25.235595144563163 ], [ 55.294042419875467, 25.235740636571776 ], [ 55.293803715016132, 25.235649546680651 ], [ 55.293668968290689, 25.235649545625112 ], [ 55.293399473563923, 25.235784290746235 ], [ 55.293399472713311, 25.235874122234375 ], [ 55.293693855361035, 25.236035509333778 ], [ 55.293738770645419, 25.23609993395133 ], [ 55.2940606749452, 25.23622277244867 ], [ 55.293989496218707, 25.236229890053597 ], [ 55.293774422074073, 25.236147817867941 ], [ 55.293729506403295, 25.236147817694086 ], [ 55.293729505953507, 25.236244152452915 ], [ 55.293535900985411, 25.236187412254921 ], [ 55.293535900770252, 25.236232328008938 ], [ 55.293652026275716, 25.236276641689575 ], [ 55.29365202554294, 25.236398382543626 ], [ 55.293696940646619, 25.236488214269986 ], [ 55.294056262556836, 25.237027205075258 ], [ 55.294146093304583, 25.237117037025172 ], [ 55.294336610618835, 25.23718973730049 ], [ 55.294336610404336, 25.237228150929969 ], [ 55.295073038642393, 25.237517652253235 ], [ 55.2950305800438, 25.237539648545937 ], [ 55.294917424953574, 25.237513609068543 ], [ 55.294917424718378, 25.237558524821623 ], [ 55.294961603403031, 25.237575382850746 ], [ 55.294313547756786, 25.237911133708518 ], [ 55.29435952080938, 25.237983767031022 ], [ 55.29381508506259, 25.237776013972724 ], [ 55.2935979, 25.2373905 ], [ 55.293282031182656, 25.237269964468616 ], [ 55.293282031181604, 25.237224676289632 ], [ 55.293237115417398, 25.237179760525422 ], [ 55.292989420360009, 25.237085239323431 ], [ 55.292967977839155, 25.237049280938205 ], [ 55.293237115417398, 25.237134844761215 ], [ 55.293282031181604, 25.237089928997005 ], [ 55.293242806677348, 25.237000839297696 ], [ 55.2933642, 25.2370355 ], [ 55.292922705067951, 25.236281445241303 ], [ 55.29283072373407, 25.236246344492372 ], [ 55.2928751, 25.236225 ], [ 55.2927554, 25.2360215 ], [ 55.291291448058701, 25.235462833255493 ], [ 55.291193487352182, 25.235525740082053 ], [ 55.291088648845566, 25.235485731280455 ], [ 55.290868448734585, 25.23559312909018 ], [ 55.290923680491112, 25.235685849491269 ], [ 55.29078264872583, 25.235632028238392 ], [ 55.290557848621269, 25.235740926002759 ], [ 55.290610156263597, 25.235829295115106 ], [ 55.290475548616548, 25.235777925185879 ], [ 55.290291487000047, 25.235867241421936 ], [ 55.29009270073832, 25.235800377323475 ], [ 55.2900963, 25.2357648 ], [ 55.288632364891676, 25.235206107668652 ], [ 55.288513665626091, 25.235196106525702 ], [ 55.288508265055363, 25.235247306445011 ], [ 55.288978886440404, 25.235426915661815 ], [ 55.288942760472395, 25.235445910538807 ], [ 55.288985959464057, 25.235512910919585 ], [ 55.289095511636958, 25.235554720389981 ], [ 55.289051938299757, 25.235571015120936 ], [ 55.288872960171147, 25.235502709831884 ], [ 55.288789360114784, 25.235544708999655 ], [ 55.288843558800089, 25.235633009475034 ], [ 55.28895873889595, 25.235676966875683 ], [ 55.289033756062146, 25.235782511232351 ], [ 55.289167726050962, 25.235833639351231 ], [ 55.289046554685591, 25.235894511293999 ], [ 55.289091853585603, 25.235968411691292 ], [ 55.29012101118785, 25.236362427271978 ], [ 55.282339260470785, 25.23339629599722 ], [ 55.281875255524199, 25.23364374840348 ], [ 55.282024018809359, 25.233882761845674 ], [ 55.286990119777556, 25.23577821233475 ], [ 55.286794282618153, 25.235874080206003 ], [ 55.286812166758835, 25.235900637524626 ], [ 55.281932704987483, 25.234038251869848 ], [ 55.281349954027462, 25.233889794716518 ], [ 55.28111887125192, 25.234680567201803 ], [ 55.289390507232802, 25.237837586223943 ], [ 55.289418816512374, 25.237890670189085 ], [ 55.289354229364776, 25.237922413145302 ], [ 55.289421827721704, 25.238032813738148 ], [ 55.289796036720276, 25.238175622527439 ], [ 55.289465127294086, 25.238050114147558 ], [ 55.289408727285682, 25.238075913587458 ], [ 55.289450326201298, 25.238150113948823 ], [ 55.290048582345555, 25.238378424571223 ], [ 55.290000623743936, 25.238419285298658 ], [ 55.289849811876429, 25.238378872650202 ], [ 55.289849811821384, 25.238423788411801 ], [ 55.289985527396958, 25.238475580873654 ], [ 55.289970915371825, 25.238530070313427 ], [ 55.289258025939475, 25.238258012028034 ], [ 55.289024598849942, 25.238338076545439 ], [ 55.287169234176318, 25.237639985877994 ], [ 55.2870358340368, 25.237704883034574 ], [ 55.287014332619648, 25.237770982510025 ], [ 55.287060631100829, 25.237810983422442 ], [ 55.289997521944208, 25.238939949953476 ], [ 55.289894726948276, 25.238923973037014 ], [ 55.287964411592398, 25.238187301715431 ], [ 55.287880612975307, 25.238169399999055 ], [ 55.287918502110522, 25.238237574147171 ], [ 55.287814012517082, 25.238217298560997 ], [ 55.287754112405288, 25.238248397281879 ], [ 55.287708942423663, 25.238334232222986 ], [ 55.286974125633272, 25.238067581323158 ], [ 55.286908421560561, 25.238259279732461 ], [ 55.287280062225598, 25.238407477499042 ], [ 55.287060818001514, 25.238333482804229 ], [ 55.287039916795706, 25.238390882302475 ], [ 55.287677560853609, 25.238656725277934 ], [ 55.287055515601566, 25.238431582577469 ], [ 55.287043910257964, 25.238460494068676 ], [ 55.286802019683726, 25.238381477380589 ], [ 55.28667211174956, 25.238755774241053 ], [ 55.286946745172315, 25.238860587769139 ], [ 55.286879504917543, 25.238936078326955 ], [ 55.28687890390399, 25.238976778266032 ], [ 55.287021699895341, 25.239073181112371 ], [ 55.287182344957778, 25.239134490613374 ], [ 55.286955496940983, 25.239220479564146 ], [ 55.287027093137034, 25.239340380906079 ], [ 55.287125490222493, 25.239412882860226 ], [ 55.289314856955002, 25.240250604608622 ], [ 55.286850395866729, 25.239310077277999 ], [ 55.286656895497373, 25.239410873145356 ], [ 55.286658994015006, 25.239469073119565 ], [ 55.286752590374334, 25.239572674937111 ], [ 55.288715765855272, 25.24032189815572 ], [ 55.28859490453717, 25.240382404431156 ], [ 55.288735001113942, 25.240612705659071 ], [ 55.28878553024721, 25.240631989014307 ], [ 55.288674700546721, 25.240688005033672 ], [ 55.288893195272998, 25.241041606951857 ], [ 55.289650166551169, 25.241330484510343 ], [ 55.289710210934459, 25.241426134068362 ], [ 55.289774470902998, 25.241450656858309 ], [ 55.289468208946325, 25.241613028827199 ], [ 55.289501807511186, 25.241655329473737 ], [ 55.289789083952357, 25.241764959478807 ], [ 55.289730501481579, 25.24179413405184 ], [ 55.289682697794731, 25.241962432860369 ], [ 55.2897365952808, 25.242038733887536 ], [ 55.290245960374683, 25.242249180277945 ], [ 55.290159386119491, 25.242216142445525 ], [ 55.289933685915123, 25.242324637635488 ], [ 55.290029280077896, 25.242514939392045 ], [ 55.290148854526869, 25.242560570527228 ], [ 55.290046177294364, 25.24261843961953 ], [ 55.290032475368477, 25.242701339236834 ], [ 55.29011055524478, 25.242731135487418 ], [ 55.29007977101238, 25.242854040036359 ], [ 55.290086066421274, 25.243034339952711 ], [ 55.291759773593711, 25.243673033195243 ], [ 55.29174708027297, 25.243735563237212 ], [ 55.290834148871525, 25.243401655032613 ], [ 55.290705150796043, 25.24338225238003 ], [ 55.290695836593244, 25.243432882535419 ], [ 55.290161559722172, 25.243267941240976 ], [ 55.290147758416659, 25.243326140885582 ], [ 55.290239691779064, 25.24336636292761 ], [ 55.289974860730375, 25.243310737317767 ], [ 55.289955558733944, 25.243398936812621 ], [ 55.289986156961028, 25.243456037379421 ], [ 55.291088573978492, 25.243878207462213 ], [ 55.291092030329274, 25.244026459639649 ], [ 55.292592557476468, 25.244599051867944 ], [ 55.29255689705856, 25.244593681569025 ], [ 55.29254579687445, 25.244653681528842 ], [ 55.292641996307168, 25.244780581774783 ], [ 55.292750448268364, 25.24482196551828 ], [ 55.291824111034217, 25.244470474297771 ], [ 55.291435317113667, 25.244400866315747 ], [ 55.291427395326373, 25.244437031304678 ], [ 55.291071021907015, 25.244371658794012 ], [ 55.290990721713868, 25.244415057076864 ], [ 55.290971119642862, 25.244506356561864 ], [ 55.291357454875794, 25.244671870683394 ], [ 55.29108121690836, 25.244566458774194 ], [ 55.290968018676857, 25.24454625645016 ], [ 55.290959479458273, 25.244585586527226 ], [ 55.289421349652173, 25.243998625019685 ], [ 55.289161753755188, 25.243950419692585 ], [ 55.289129250524255, 25.244093718848056 ], [ 55.292282906584575, 25.245293946229342 ], [ 55.292308035412276, 25.245464372878537 ], [ 55.29118350401172, 25.245035260339318 ], [ 55.291118005042847, 25.24502325899493 ], [ 55.29110606105889, 25.245076423448808 ], [ 55.290872608325316, 25.245001453930573 ], [ 55.290831508068798, 25.245029953044188 ], [ 55.290899364898607, 25.245082046334513 ], [ 55.29083260319652, 25.245223752836779 ], [ 55.290846002349966, 25.24525155308169 ], [ 55.29265287063479, 25.245941038406229 ], [ 55.292620745303637, 25.245955647024399 ], [ 55.29067392592637, 25.245222673251096 ], [ 55.290676916857656, 25.245084935025666 ], [ 55.290615368616365, 25.245061448121575 ], [ 55.290615454722975, 25.244995103498848 ], [ 55.290676916857656, 25.244950187733057 ], [ 55.290676916857656, 25.244905271968847 ], [ 55.290558905676939, 25.244832462806819 ], [ 55.2905682, 25.2447936 ], [ 55.289104156811803, 25.244234907220626 ], [ 55.288605460795772, 25.244116202459619 ], [ 55.28859326024962, 25.244168302312598 ], [ 55.288694458825496, 25.244245003249503 ], [ 55.289001411536972, 25.244362141907843 ], [ 55.288992454141138, 25.244512805985135 ], [ 55.289130929307817, 25.244565650268601 ], [ 55.288856954855582, 25.244512004674046 ], [ 55.28882355339465, 25.244651704273181 ], [ 55.290292673106094, 25.245211393289033 ], [ 55.290337588256818, 25.245353184772302 ], [ 55.290701910044774, 25.245492210557 ], [ 55.290794769206407, 25.245641597807907 ], [ 55.290172016805649, 25.245399345378015 ], [ 55.290227759215597, 25.245354429610909 ], [ 55.290227759215597, 25.245309513846703 ], [ 55.28949036288283, 25.245006846600184 ], [ 55.289445447207655, 25.24500684643457 ], [ 55.289445446606962, 25.24514159369868 ], [ 55.289714908593282, 25.245255058580177 ], [ 55.289130026372142, 25.245056517719519 ], [ 55.288971191612617, 25.245168747143563 ], [ 55.288447250640488, 25.245054400407206 ], [ 55.28841164909386, 25.245202399980396 ], [ 55.288802734145989, 25.245351644781877 ], [ 55.288760221670984, 25.245408409630489 ], [ 55.288773344095311, 25.245468703333515 ], [ 55.289497910958183, 25.245750307853836 ], [ 55.289485024275912, 25.2458066292137 ], [ 55.28879528022474, 25.245543414648971 ], [ 55.288589279174083, 25.245646598823676 ], [ 55.288635402888595, 25.245721894818317 ], [ 55.288422119620662, 25.245640502341416 ], [ 55.288358118491153, 25.245714000926441 ], [ 55.288396324295974, 25.24574115623669 ], [ 55.287683132162165, 25.245468987217187 ], [ 55.287576133633735, 25.245457885011028 ], [ 55.287479533193867, 25.245518382935344 ], [ 55.287464230914495, 25.245616082501662 ], [ 55.287510228741432, 25.245682283376969 ], [ 55.287663518102356, 25.245740782309419 ], [ 55.287376330748742, 25.245661780624037 ], [ 55.287369829650153, 25.24570848043361 ], [ 55.287463523076845, 25.245744236237623 ], [ 55.287435824535685, 25.245883081594677 ], [ 55.288306159946735, 25.24621521991007 ], [ 55.288291606056944, 25.246239398921862 ], [ 55.288357202827648, 25.246339000164056 ], [ 55.288455451952764, 25.246376493598504 ], [ 55.288425933782811, 25.246504399395501 ], [ 55.288807500385573, 25.2466500104386 ], [ 55.288758590198555, 25.246664108103467 ], [ 55.288781647955425, 25.24669884957963 ], [ 55.288752189680579, 25.246687607942754 ], [ 55.288634889411156, 25.246750505434754 ], [ 55.288702286076436, 25.246853506710309 ], [ 55.288871831667208, 25.246928927376253 ], [ 55.288145097353421, 25.246651595392485 ], [ 55.287962495171541, 25.24681979140464 ], [ 55.287979687405901, 25.246835067251912 ], [ 55.287924195746626, 25.246813890617201 ], [ 55.287874895275721, 25.246854589546132 ], [ 55.287982848273764, 25.246961570849521 ], [ 55.287900093103758, 25.246929989979101 ], [ 55.287752591669033, 25.247052786773324 ], [ 55.287835088717578, 25.247133788388215 ], [ 55.287924553247599, 25.247167929666784 ], [ 55.287888431380551, 25.247202030905697 ], [ 55.286959605659128, 25.246847570568576 ], [ 55.286733208665673, 25.246828365895322 ], [ 55.286659107786818, 25.246896364277294 ], [ 55.287119727707669, 25.247281114861579 ], [ 55.287083892618831, 25.247312272593458 ], [ 55.287173677250784, 25.247396695818601 ], [ 55.287103390956808, 25.24736987292934 ], [ 55.286956989409596, 25.247496669741547 ], [ 55.287153683950464, 25.247626873666672 ], [ 55.287455330525148, 25.247741988394161 ], [ 55.287308576379338, 25.247859876602355 ], [ 55.287481670403366, 25.248021180001029 ], [ 55.288036289326179, 25.248243003791387 ], [ 55.286945581258074, 25.247826769111896 ], [ 55.286806579500407, 25.247958666071458 ], [ 55.286770377531631, 25.248053265207854 ], [ 55.286812476149166, 25.248089666037806 ], [ 55.287799228738862, 25.248466230169459 ], [ 55.287730779931763, 25.248501175145044 ], [ 55.287411662205351, 25.248379178122708 ], [ 55.287315118090163, 25.248470266355177 ], [ 55.287006967383746, 25.248352669759207 ], [ 55.286888065983682, 25.248461367163284 ], [ 55.287070359859747, 25.248624470750674 ], [ 55.28715083769022, 25.248655182715833 ], [ 55.28720235503166, 25.24875827332955 ], [ 55.287348421882129, 25.248814015140265 ], [ 55.287254742210422, 25.248791512416002 ], [ 55.287069541575683, 25.248886504505901 ], [ 55.28711851801522, 25.248964562630924 ], [ 55.286960343123525, 25.248904199933026 ], [ 55.286803642705991, 25.248982193245837 ], [ 55.286890360592956, 25.249124804366343 ], [ 55.286715540863639, 25.249058089409861 ], [ 55.286585640575758, 25.249121583869098 ], [ 55.286668370487682, 25.249259987577844 ], [ 55.286482039510609, 25.249188879410454 ], [ 55.286187997341365, 25.24934370389332 ], [ 55.277981453039608, 25.246211573320934 ], [ 55.277748849101179, 25.246351852020805 ], [ 55.277999900713326, 25.246692372506924 ], [ 55.282835604345202, 25.248538045789235 ], [ 55.282652115355837, 25.24863510833681 ], [ 55.282603342753099, 25.248616493982638 ], [ 55.282183640471601, 25.248831565301209 ], [ 55.282245816860666, 25.248930784725456 ], [ 55.281881832099685, 25.248791866367917 ], [ 55.281457828006204, 25.249024132496046 ], [ 55.281660191277602, 25.249326346826049 ], [ 55.282033944703421, 25.249657474302733 ], [ 55.290895809886123, 25.253039322487417 ], [ 55.290813406328425, 25.253080843108577 ], [ 55.290960398700435, 25.253319545875151 ], [ 55.291330253735666, 25.253460673439374 ], [ 55.291330253404709, 25.253516592995908 ], [ 55.29206930554804, 25.25379859328163 ], [ 55.292204052840766, 25.253794088753732 ], [ 55.293801494022432, 25.254403606257817 ], [ 55.293618015657678, 25.254495344974494 ], [ 55.293618015552497, 25.254540260733727 ], [ 55.293910851880483, 25.254651992801545 ], [ 55.294090514937309, 25.254651992801541 ], [ 55.294225262229929, 25.254607077037335 ], [ 55.294225262229929, 25.254472329744718 ], [ 55.294202893124044, 25.254463794856843 ], [ 55.294477295518298, 25.254325525236059 ], [ 55.2963507, 25.2550403 ], [ 55.296523666754858, 25.254954613566195 ], [ 55.2976086, 25.2553525 ], [ 55.2977946, 25.2552545 ], [ 55.297720539758757, 25.255136684915954 ], [ 55.297892, 25.2552021 ], [ 55.2980427, 25.2551266 ], [ 55.297972475988921, 25.255011889782882 ], [ 55.2981434, 25.2550771 ], [ 55.2982807, 25.2550049 ], [ 55.298234081139341, 25.25493239404344 ], [ 55.299265, 25.2553257 ], [ 55.2998287, 25.2550512 ], [ 55.2997409, 25.2549037 ], [ 55.299555831182069, 25.254833095573613 ], [ 55.2996503, 25.2547852 ], [ 55.2995552, 25.2546318 ], [ 55.299437032792227, 25.254586718555668 ], [ 55.2994776466263, 25.254567338927792 ], [ 55.300091353206128, 25.254801469853742 ], [ 55.300153651273895, 25.254907000955612 ], [ 55.300572, 25.2550666 ], [ 55.300666578551578, 25.255020916997758 ], [ 55.3011132, 25.2551913 ], [ 55.3015836, 25.2549444 ], [ 55.3016033, 25.2548403 ], [ 55.301545210124509, 25.254743279756319 ], [ 55.3017859, 25.2548351 ], [ 55.301989007272439, 25.254767533931552 ], [ 55.302218592280809, 25.254855116988839 ], [ 55.302361447248678, 25.255129607029858 ], [ 55.3028654, 25.2553154 ], [ 55.3029482, 25.2552765 ], [ 55.3029706, 25.2552098 ], [ 55.302935071567539, 25.255128439482181 ], [ 55.3030663, 25.2551785 ], [ 55.3032382, 25.2551133 ], [ 55.3034276, 25.2549987 ], [ 55.303473329652128, 25.254850619059315 ], [ 55.3035957, 25.2548973 ], [ 55.303707155426103, 25.254878776421243 ], [ 55.3050384, 25.2553866 ], [ 55.305481079397495, 25.255143344054542 ], [ 55.3059088, 25.2553065 ], [ 55.306204, 25.2551554 ], [ 55.306147021861044, 25.255055082985422 ], [ 55.3062265, 25.2550854 ], [ 55.306426478034787, 25.254991205817547 ], [ 55.3069323, 25.2551866 ], [ 55.3071057, 25.2550878 ], [ 55.3071384, 25.2550334 ], [ 55.30710529432411, 25.254926448808924 ], [ 55.307812, 25.2551799 ], [ 55.30798424379801, 25.255034912063792 ], [ 55.3081908, 25.2551137 ], [ 55.3082552, 25.255076 ], [ 55.30814095497373, 25.254916477191458 ], [ 55.3082118, 25.2549435 ], [ 55.308407099739064, 25.25488470884061 ], [ 55.3085138, 25.2549177 ], [ 55.3085192, 25.2548914 ], [ 55.308441887819733, 25.254859126715115 ], [ 55.3085554, 25.2548882 ], [ 55.3085566, 25.2548601 ], [ 55.308496066566939, 25.254819285227921 ], [ 55.3085945, 25.2547469 ], [ 55.308531673797859, 25.254643709132054 ], [ 55.308688138304248, 25.254651992801545 ], [ 55.308688138304724, 25.254594596739363 ], [ 55.3089941, 25.2547113 ], [ 55.3090524, 25.2546786 ], [ 55.3090201, 25.2546314 ], [ 55.30860174018121, 25.254471824402 ], [ 55.308573714409448, 25.254487564822956 ], [ 55.308553391011635, 25.254382498216302 ], [ 55.308332966564919, 25.254253684869937 ], [ 55.3084266, 25.2542894 ], [ 55.3084581, 25.2542718 ], [ 55.308443290498545, 25.254250033478929 ], [ 55.3107021, 25.2551116 ], [ 55.310766, 25.2550411 ], [ 55.3106984, 25.2549909 ], [ 55.309290914654909, 25.254454054725187 ], [ 55.309325305342604, 25.254379348916689 ], [ 55.31083060000001, 25.2549535 ], [ 55.3108648, 25.254919 ], [ 55.3108339, 25.254894 ], [ 55.309341088257419, 25.254324610048538 ], [ 55.309345604012066, 25.254296283958656 ], [ 55.3108356, 25.2548646 ], [ 55.310887636187985, 25.254851502137509 ], [ 55.311012994543916, 25.25489931551289 ], [ 55.310856935162008, 25.254971130565149 ], [ 55.311143933028525, 25.255481331279675 ], [ 55.3115623, 25.2556409 ], [ 55.3120558, 25.2554137 ], [ 55.311816359414969, 25.254988130132396 ], [ 55.312011904855503, 25.255011318915191 ], [ 55.312056820619702, 25.254966403150988 ], [ 55.312056820619702, 25.254921487386781 ], [ 55.310335679953589, 25.254261819046203 ], [ 55.3104254, 25.2542164 ], [ 55.3101009, 25.2536923 ], [ 55.309928530253508, 25.253626553997158 ], [ 55.309982051214078, 25.253592021089599 ], [ 55.310170358523052, 25.253663845989006 ], [ 55.310260190051459, 25.253663845989003 ], [ 55.310260190051459, 25.253618930224807 ], [ 55.31003290431169, 25.253532238117675 ], [ 55.3100147, 25.2533736 ], [ 55.309921718815694, 25.253272531739505 ], [ 55.3099704, 25.2532911 ], [ 55.3100089, 25.2532706 ], [ 55.3098951, 25.2530961 ], [ 55.308536260403407, 25.25257779397058 ], [ 55.308941332014484, 25.252151212849448 ], [ 55.309452577061194, 25.252346219374296 ], [ 55.309406855993757, 25.25237159931185 ], [ 55.309467554590398, 25.252464499848884 ], [ 55.3109318, 25.253023 ], [ 55.3111543, 25.253058 ], [ 55.311244035054884, 25.252843821935219 ], [ 55.311453, 25.2529153 ], [ 55.3116284, 25.2528283 ], [ 55.311653683120291, 25.252731688991261 ], [ 55.311683377775097, 25.252743014934939 ], [ 55.311683377632491, 25.252785626955749 ], [ 55.312101736383909, 25.252945193761715 ], [ 55.312191567912315, 25.252945193761715 ], [ 55.312191567912379, 25.252906653127948 ], [ 55.312423410137953, 25.252995079581144 ], [ 55.312423907326711, 25.253061168229308 ], [ 55.312298076840598, 25.253030306486323 ], [ 55.312264920697721, 25.253063462316568 ], [ 55.311759263440671, 25.252870139813496 ], [ 55.311759262974753, 25.253004887084348 ], [ 55.311883226356827, 25.253052168150404 ], [ 55.311872278411933, 25.25309708386483 ], [ 55.312416146733348, 25.253304519875364 ], [ 55.312461062497555, 25.253304519875364 ], [ 55.312466514172073, 25.253274213040456 ], [ 55.312528858969891, 25.253387823361713 ], [ 55.312325965760017, 25.253310438701611 ], [ 55.312236134489389, 25.253310438220964 ], [ 55.312236134198805, 25.253355353971603 ], [ 55.312587686988984, 25.253489438241907 ], [ 55.313007302172458, 25.25418157726153 ], [ 55.313362144178797, 25.254316913087255 ], [ 55.313289291058972, 25.254316912648548 ], [ 55.313289290457128, 25.254402564577052 ], [ 55.312994985395903, 25.254290317362734 ], [ 55.312860238556617, 25.254290316517423 ], [ 55.312860237193789, 25.254469979510652 ], [ 55.313213073980862, 25.254604550695127 ], [ 55.313193832869004, 25.254619737087765 ], [ 55.313335173811332, 25.25475771141361 ], [ 55.313209039546109, 25.254860612423336 ], [ 55.312990432643822, 25.254777236500214 ], [ 55.31294351175675, 25.25481426966774 ], [ 55.312248442545382, 25.254549169607785 ], [ 55.312203526936756, 25.254549169317734 ], [ 55.312203526586018, 25.254594085065563 ], [ 55.313023391651434, 25.254906782118194 ], [ 55.313087692897625, 25.254959607393513 ], [ 55.313048431840215, 25.254991636627263 ], [ 55.313071031491425, 25.255085836675104 ], [ 55.3134894, 25.2552454 ], [ 55.3139083, 25.2552911 ], [ 55.313967330282722, 25.255200995816086 ], [ 55.3143362, 25.2553378 ], [ 55.314386, 25.2552639 ], [ 55.31428636195993, 25.255005122577558 ], [ 55.314527187651038, 25.255011318915194 ], [ 55.314617019179444, 25.254966403150981 ], [ 55.314617019179444, 25.254921487386778 ], [ 55.314229755188975, 25.254741824345231 ], [ 55.314302608829998, 25.254741824329955 ], [ 55.314302608830388, 25.254718711460193 ], [ 55.3146714, 25.2548206 ], [ 55.3147745, 25.2547294 ], [ 55.314825447864315, 25.254578689939176 ], [ 55.315156008349909, 25.254562161273128 ], [ 55.315425502935149, 25.254337582452102 ], [ 55.315425502935149, 25.254113003631065 ], [ 55.31539386675847, 25.254049731484983 ], [ 55.3155692, 25.2541166 ], [ 55.3157867, 25.2540217 ], [ 55.315756812699036, 25.253950441678665 ], [ 55.315919576341415, 25.253978256338449 ], [ 55.316009407869828, 25.253933340574246 ], [ 55.316323818219267, 25.253663845989006 ], [ 55.316323818231311, 25.253495803191409 ], [ 55.3163825, 25.253478 ], [ 55.316352436473593, 25.253445678213978 ], [ 55.316390937721707, 25.253385689625702 ], [ 55.316503481276094, 25.253394351403774 ], [ 55.316503481276094, 25.253259604111161 ], [ 55.316285663974, 25.253176534123728 ], [ 55.31620730757755, 25.253101735079884 ], [ 55.316503481276094, 25.253214688346951 ], [ 55.316638228568706, 25.253214688346947 ], [ 55.317222133503385, 25.252990109525925 ], [ 55.317183169172822, 25.252750372149922 ], [ 55.317382, 25.2528262 ], [ 55.317491798982111, 25.252786909987282 ], [ 55.317716206909651, 25.252855362233309 ], [ 55.317716206910092, 25.252793317168429 ], [ 55.317850954202271, 25.252810446469098 ], [ 55.317890514489179, 25.25269176562642 ], [ 55.3180107, 25.2527376 ], [ 55.3184365, 25.2526303 ], [ 55.318324099315412, 25.252361288846998 ], [ 55.31856960642957, 25.252361288827039 ], [ 55.318659437957976, 25.252226541534423 ], [ 55.318659437957976, 25.252136710006006 ], [ 55.318541660112047, 25.252091794248571 ], [ 55.318659437957976, 25.252091794241807 ], [ 55.318631484856539, 25.252018925381471 ], [ 55.3186836, 25.2520388 ], [ 55.3188477, 25.25198 ], [ 55.318828345391289, 25.251935816198024 ], [ 55.318928932543216, 25.251957046949187 ], [ 55.318973848307422, 25.251912131184977 ], [ 55.318973848307422, 25.251822299656567 ], [ 55.318757510276647, 25.251739797252551 ], [ 55.3188587, 25.2517756 ], [ 55.3190321, 25.2517188 ], [ 55.318979029321298, 25.251663029750222 ], [ 55.3191661, 25.2515982 ], [ 55.319146889369961, 25.25155280507802 ], [ 55.319333174421068, 25.251597720835534 ], [ 55.319333174421068, 25.251552805071334 ], [ 55.319111040043083, 25.251468092649329 ], [ 55.3190785, 25.2513912 ], [ 55.318955047632564, 25.251344120369662 ], [ 55.31902917112248, 25.251297937058748 ], [ 55.319153511364242, 25.251328226250305 ], [ 55.319326691957578, 25.251241635959921 ], [ 55.3195133, 25.2513128 ], [ 55.319602669006308, 25.251283310486095 ], [ 55.319592209663746, 25.251227935383358 ], [ 55.319737416298921, 25.251283310486095 ], [ 55.319827247827334, 25.251283310486095 ], [ 55.319917079355747, 25.251193478957685 ], [ 55.319917079355747, 25.251103647429275 ], [ 55.319737416298921, 25.250923984372442 ], [ 55.319333174421068, 25.250609574023002 ], [ 55.319138930768055, 25.250535497448016 ], [ 55.318973848307422, 25.250250247909364 ], [ 55.318749269486389, 25.250115500616737 ], [ 55.318514893025252, 25.250026117589407 ], [ 55.318460115206683, 25.249946299579385 ], [ 55.3184868, 25.2499366 ], [ 55.3184248, 25.249797 ], [ 55.318237216610427, 25.249711258743265 ], [ 55.318255196080123, 25.249621427210474 ], [ 55.317776523320276, 25.249451820828529 ], [ 55.317641776116979, 25.249458293918849 ], [ 55.317280364888781, 25.249347460583191 ], [ 55.316873254441411, 25.249192673365382 ], [ 55.316757613342475, 25.249224458939903 ], [ 55.31656474523502, 25.249196076161613 ], [ 55.316268958860157, 25.24908326757204 ], [ 55.31537086516645, 25.248942958950106 ], [ 55.315357843677269, 25.249037718702901 ], [ 55.314764369551263, 25.2488374531336 ], [ 55.314757345174236, 25.248871484917103 ], [ 55.31458327060178, 25.248828051384752 ], [ 55.314574644735018, 25.24890359214487 ], [ 55.314482271888103, 25.248868361041989 ], [ 55.314482271887279, 25.248733765816066 ], [ 55.314661934943643, 25.248768027690563 ], [ 55.314661934943643, 25.248723111926356 ], [ 55.31429790668065, 25.248625009729249 ], [ 55.31420807519666, 25.248625009646386 ], [ 55.314208075040554, 25.248766234229759 ], [ 55.31407332787051, 25.24871484104585 ], [ 55.313983496386534, 25.248714840962982 ], [ 55.313983496236268, 25.248849588248603 ], [ 55.314007173404349, 25.24885861884848 ], [ 55.313900173664436, 25.248869444746276 ], [ 55.313909472736739, 25.248944544795332 ], [ 55.314683919142482, 25.249239920487433 ], [ 55.314647484124258, 25.249276355421554 ], [ 55.313892872307719, 25.248988544610537 ], [ 55.313767573040415, 25.248981543400824 ], [ 55.313759271656103, 25.249103443253851 ], [ 55.313885522791956, 25.249151596201035 ], [ 55.313881970094968, 25.249182344399127 ], [ 55.314803012977443, 25.249533631343073 ], [ 55.314797104026802, 25.249620243732878 ], [ 55.314302608830488, 25.249431643666185 ], [ 55.314302608829998, 25.249396848389448 ], [ 55.313840369456187, 25.249255343956342 ], [ 55.313760369580095, 25.249280243167931 ], [ 55.313830867039407, 25.249465943749314 ], [ 55.313869955899364, 25.249480852432118 ], [ 55.313843566697095, 25.249489543859433 ], [ 55.313863781108502, 25.249552330615188 ], [ 55.313196272304857, 25.249297737695017 ], [ 55.313076972501747, 25.24933383651986 ], [ 55.313086863551696, 25.249360612979217 ], [ 55.312977347755982, 25.249318842364683 ], [ 55.312858047962258, 25.249354941133571 ], [ 55.312872094616282, 25.249392819498205 ], [ 55.312811848030861, 25.249369840656286 ], [ 55.312692548237145, 25.249405939425174 ], [ 55.312718147246493, 25.249475339645176 ], [ 55.313813073728632, 25.249892954456712 ], [ 55.313472465262457, 25.249776640108404 ], [ 55.313223864896635, 25.249918137623325 ], [ 55.313262064055337, 25.249973037963322 ], [ 55.313347199662047, 25.250005509353699 ], [ 55.313332945483964, 25.250064679155397 ], [ 55.313526638354936, 25.250138554889244 ], [ 55.313515688595409, 25.25018994796541 ], [ 55.313494125074293, 25.250160416380947 ], [ 55.313170308226013, 25.250054041412135 ], [ 55.313170308125834, 25.250098957171659 ], [ 55.313315159151905, 25.250154204511109 ], [ 55.31315636261931, 25.250290432578748 ], [ 55.313052586164169, 25.250267982500581 ], [ 55.313052586053963, 25.25031289825964 ], [ 55.313359377781673, 25.250429910966183 ], [ 55.313589277905216, 25.25042991098497 ], [ 55.313422757138298, 25.250492439235984 ], [ 55.313320556558949, 25.250587238194335 ], [ 55.313301364011096, 25.250674570675127 ], [ 55.312803760217541, 25.250504033234336 ], [ 55.31279512856149, 25.25054854566854 ], [ 55.312742879146434, 25.250545748477467 ], [ 55.312742879086322, 25.250590664238871 ], [ 55.312783925266395, 25.250606319685026 ], [ 55.312757914635633, 25.250740453061695 ], [ 55.312414770995495, 25.250609574043082 ], [ 55.312550894025975, 25.250609574022999 ], [ 55.312685641318581, 25.250519742494596 ], [ 55.312685641318581, 25.25047482673039 ], [ 55.312640725554381, 25.250429910966183 ], [ 55.312417604805105, 25.250344809815765 ], [ 55.312148110272886, 25.25043464093897 ], [ 55.312148110142537, 25.250507865727862 ], [ 55.311661858161834, 25.250322400527626 ], [ 55.3117404, 25.2502365 ], [ 55.311538687544676, 25.250085671904095 ], [ 55.3117818, 25.2501784 ], [ 55.3121244, 25.2498092 ], [ 55.31202925359846, 25.249736458577384 ], [ 55.3121518, 25.2497832 ], [ 55.3123083, 25.2496185 ], [ 55.312087725748839, 25.249447072590456 ], [ 55.312281399440728, 25.249486679917855 ], [ 55.312281399440728, 25.249441764153651 ], [ 55.312208646301286, 25.249414014810206 ], [ 55.31246205423033, 25.249147496575574 ], [ 55.3127093, 25.2492418 ], [ 55.3128822, 25.2490536 ], [ 55.312626205801749, 25.248861117897665 ], [ 55.3129319, 25.2489646 ], [ 55.3131069, 25.2487705 ], [ 55.312856928879732, 25.248642192562119 ], [ 55.3129546, 25.2486771 ], [ 55.313030227217403, 25.248580851939522 ], [ 55.3131777, 25.2486371 ], [ 55.313358074856033, 25.248427328337375 ], [ 55.3134206, 25.248451 ], [ 55.3136152, 25.2480808 ], [ 55.313163838844012, 25.247908645198525 ], [ 55.3135951, 25.2480182 ], [ 55.3135643, 25.2475858 ], [ 55.3133588, 25.2471832 ], [ 55.3131183, 25.2469319 ], [ 55.311871087244825, 25.246448138191038 ], [ 55.313835567978245, 25.247197430316088 ], [ 55.313773994026249, 25.247186444443301 ], [ 55.313762393463591, 25.247239644301903 ], [ 55.3152266, 25.2477981 ], [ 55.3154240452454, 25.24781929250042 ], [ 55.315632, 25.2478992 ], [ 55.3156824, 25.2478874 ], [ 55.3157347, 25.2478125 ], [ 55.315104503986127, 25.247564074285087 ], [ 55.31554759341563, 25.247654691545662 ], [ 55.316903020235863, 25.248160878390415 ], [ 55.316903020116975, 25.248265686037183 ], [ 55.317042470446566, 25.248318870048504 ], [ 55.317087386210773, 25.2483188700485 ], [ 55.317087386210773, 25.248139206991674 ], [ 55.316772820700194, 25.248045647079188 ], [ 55.316907140732823, 25.248042678670888 ], [ 55.317087386210773, 25.248094291227474 ], [ 55.31708738621078, 25.248004664327503 ], [ 55.3172595, 25.2480278 ], [ 55.3172598, 25.2479387 ], [ 55.317087386211284, 25.247872944377001 ], [ 55.317087386210773, 25.247824796642234 ], [ 55.31704919464368, 25.247810231001129 ], [ 55.317066379344425, 25.247788177405443 ], [ 55.3173174, 25.2478635 ], [ 55.317315, 25.2477648 ], [ 55.317060616359946, 25.247667782399798 ], [ 55.317058015760047, 25.247613453015337 ], [ 55.3172915, 25.2477025 ], [ 55.3173631, 25.247702 ], [ 55.3173627, 25.2476628 ], [ 55.316980347662962, 25.247516977133014 ], [ 55.316980659177496, 25.247494376797395 ], [ 55.3178869, 25.24784 ], [ 55.3179508, 25.24784 ], [ 55.3179508, 25.2477896 ], [ 55.31698168438939, 25.247419997624679 ], [ 55.316916688497074, 25.247367913517358 ], [ 55.3169909, 25.2473755 ], [ 55.31698836922574, 25.24731810206374 ], [ 55.3173093, 25.2474405 ], [ 55.317539420146694, 25.247443668258423 ], [ 55.317539750232065, 25.247503450224276 ], [ 55.3185158, 25.2478583 ], [ 55.3185789, 25.2478584 ], [ 55.318579102681028, 25.24775853001486 ], [ 55.318964178353596, 25.247891969052507 ], [ 55.318910214359228, 25.247945932878583 ], [ 55.318722836718756, 25.247908731624133 ], [ 55.318722836637505, 25.247949463238079 ], [ 55.318453342463513, 25.247863815416668 ], [ 55.318453342373353, 25.247908731176679 ], [ 55.318973848307422, 25.248094291227474 ], [ 55.319063679835836, 25.248094291227474 ], [ 55.319063679836319, 25.248060032469745 ], [ 55.319113132769502, 25.248078892183059 ], [ 55.319113132664945, 25.248127992893163 ], [ 55.319348686063982, 25.248217824837155 ], [ 55.319023301220916, 25.248127992735725 ], [ 55.319023301030569, 25.248217824255285 ], [ 55.319166158472314, 25.24827230528491 ], [ 55.319113132284251, 25.248307655932287 ], [ 55.319113132093889, 25.24839748745185 ], [ 55.319378090185275, 25.24849853310533 ], [ 55.319467921713688, 25.248498533105323 ], [ 55.319647584770507, 25.248363785812707 ], [ 55.319647584770507, 25.248318870048507 ], [ 55.319412030826555, 25.248229038521348 ], [ 55.319423005949481, 25.24813920699167 ], [ 55.319292943946706, 25.248089605939921 ], [ 55.319333174421068, 25.24804937546326 ], [ 55.319333174421068, 25.247959543934858 ], [ 55.319228189910667, 25.247919506438699 ], [ 55.319344392426565, 25.247822602660261 ], [ 55.319782332063127, 25.247959543934847 ], [ 55.319782332063127, 25.247914628170648 ], [ 55.319568045346365, 25.247832907192723 ], [ 55.319627246821817, 25.247793439527403 ], [ 55.31987216359154, 25.247869712406448 ], [ 55.31987216359154, 25.247779880878028 ], [ 55.319607206558871, 25.247678836161263 ], [ 55.319562290836849, 25.247678836082542 ], [ 55.319562290787239, 25.247702437080125 ], [ 55.319511648382409, 25.24768312387155 ], [ 55.319752831360454, 25.247481994619051 ], [ 55.3199461, 25.2475557 ], [ 55.3200193, 25.2474982 ], [ 55.3199687, 25.2474454 ], [ 55.319850683239373, 25.247400392878099 ], [ 55.3199267, 25.247337 ], [ 55.319925430174848, 25.247234199030267 ], [ 55.3200256, 25.2472724 ], [ 55.3200843, 25.2472242 ], [ 55.319983723205254, 25.24716027881696 ], [ 55.3200215, 25.2471707 ], [ 55.3200618, 25.2471374 ], [ 55.3200117, 25.2470795 ], [ 55.319923101924189, 25.247045712005324 ], [ 55.3199221, 25.2469646 ], [ 55.3198903, 25.2469317 ], [ 55.319082072499512, 25.246623468524305 ], [ 55.3192279, 25.2466746 ], [ 55.3192812, 25.2466676 ], [ 55.3193187, 25.2465826 ], [ 55.3192854, 25.2465444 ], [ 55.319124618430926, 25.246483082706092 ], [ 55.3190253, 25.2463362 ], [ 55.31784500735553, 25.245886063085557 ], [ 55.31793660000001, 25.2458738 ], [ 55.317936996529966, 25.245846633039775 ], [ 55.3193177, 25.2463732 ], [ 55.319521, 25.2463229 ], [ 55.3195062, 25.2462741 ], [ 55.318077754671947, 25.245729326907561 ], [ 55.3180775, 25.2456897 ], [ 55.317940052237496, 25.245637279901075 ], [ 55.3179407, 25.2455929 ], [ 55.317764499411155, 25.245525700003306 ], [ 55.3179359, 25.2455246 ], [ 55.3179359, 25.2453259 ], [ 55.314798363758634, 25.244129251343477 ], [ 55.314491367146459, 25.244130344971747 ], [ 55.314491365053023, 25.244213890617448 ], [ 55.311552125876439, 25.243092785196851 ], [ 55.311164508907645, 25.243009400274467 ], [ 55.310995413182901, 25.242816762937881 ], [ 55.3132921, 25.2436928 ], [ 55.3139663, 25.243839 ], [ 55.313972931791128, 25.243819011834777 ], [ 55.3151346, 25.2441028 ], [ 55.3156438, 25.2439447 ], [ 55.3156874, 25.2438824 ], [ 55.3158327, 25.2433235 ], [ 55.315396121892967, 25.243156985820718 ], [ 55.3154158, 25.2430838 ], [ 55.313884948189198, 25.242510748071116 ], [ 55.313861447289312, 25.242598047795887 ], [ 55.314211875523171, 25.242731708708266 ], [ 55.313596548633086, 25.242600745229471 ], [ 55.313547309489813, 25.242790904745846 ], [ 55.313394903151625, 25.242732773023022 ], [ 55.313349987431842, 25.242732772940187 ], [ 55.313349987355544, 25.242767036903654 ], [ 55.313215240272491, 25.242732772691671 ], [ 55.313215240172354, 25.242777688451202 ], [ 55.31352318750811, 25.242884062581144 ], [ 55.31348146753556, 25.243045182549171 ], [ 55.312436109365677, 25.242646451850156 ], [ 55.312436279554724, 25.242416595373534 ], [ 55.312667, 25.2425046 ], [ 55.3127059, 25.2425045 ], [ 55.312705792845087, 25.242471567585952 ], [ 55.3131361, 25.2426357 ], [ 55.3132377, 25.2426357 ], [ 55.3132377, 25.2425979 ], [ 55.312671148902247, 25.242381800000508 ], [ 55.3131942, 25.2425682 ], [ 55.3135405, 25.242645 ], [ 55.3135882, 25.242469 ], [ 55.31312120000009, 25.242285621326584 ], [ 55.3135778, 25.2424045 ], [ 55.313618955696455, 25.242244979128689 ], [ 55.313763619659525, 25.242300157644902 ], [ 55.313853451187939, 25.242300157644905 ], [ 55.313853451187939, 25.242210326116481 ], [ 55.313723394856794, 25.242160719393087 ], [ 55.313763619659525, 25.242120494588075 ], [ 55.313826607130828, 25.241913460541141 ], [ 55.313943282716352, 25.241940831531256 ], [ 55.313943282716352, 25.241851000002839 ], [ 55.313851020070281, 25.241815808725054 ], [ 55.31385345118909, 25.24174403646316 ], [ 55.313988198480565, 25.241761168474426 ], [ 55.313988198480565, 25.241716252710223 ], [ 55.313684063051461, 25.24160024757035 ], [ 55.313703941849404, 25.241580046087762 ], [ 55.313943282716352, 25.241671336946016 ], [ 55.314033114244765, 25.241671336946016 ], [ 55.314033114244765, 25.241491673889193 ], [ 55.3133612, 25.2412036 ], [ 55.311374112184197, 25.240445645500074 ], [ 55.3113736, 25.240406499999988 ], [ 55.310423291714379, 25.240044001894663 ], [ 55.31176225419653, 25.240515648665458 ], [ 55.311751481965615, 25.240583035289877 ], [ 55.3121915, 25.2407525 ], [ 55.3124227, 25.2407968 ], [ 55.31243114553201, 25.240764509706636 ], [ 55.3125282, 25.2407852 ], [ 55.312544929390533, 25.240720939051801 ], [ 55.313028065164815, 25.240905224697403 ], [ 55.313015470043673, 25.240962735469086 ], [ 55.313224630489053, 25.241042516247138 ], [ 55.313388001621277, 25.241042516256151 ], [ 55.313496774571625, 25.241084005594576 ], [ 55.313489377610374, 25.241114440014236 ], [ 55.313571486083049, 25.241145758631028 ], [ 55.313571486024344, 25.241176677727072 ], [ 55.313924644799833, 25.241302593390682 ], [ 55.313924644749363, 25.241343337329592 ], [ 55.314288726583904, 25.241441463119177 ], [ 55.314203655088861, 25.241779951556083 ], [ 55.316466777308293, 25.242631662580646 ], [ 55.316340371113718, 25.242620969816187 ], [ 55.315258044602665, 25.242208161531689 ], [ 55.315216544917604, 25.242199661134485 ], [ 55.315207214700067, 25.242236878946709 ], [ 55.314509351219243, 25.241974954409539 ], [ 55.314192553561597, 25.241915351374651 ], [ 55.314057147375912, 25.242503849742249 ], [ 55.3155213, 25.2430623 ], [ 55.315783613917105, 25.243111649513665 ], [ 55.315850030147622, 25.243180466733563 ], [ 55.316073684262463, 25.243265769489263 ], [ 55.315941928863971, 25.243249367585864 ], [ 55.315941428377236, 25.243291167558226 ], [ 55.316078048460895, 25.24334327502908 ], [ 55.316024820032794, 25.243343274948845 ], [ 55.316024819882564, 25.243433106470263 ], [ 55.316233986690854, 25.24351288327847 ], [ 55.316278902455061, 25.243512883278466 ], [ 55.316323818219374, 25.243437012219772 ], [ 55.3174056, 25.2438496 ], [ 55.3174606, 25.2438501 ], [ 55.317460860269655, 25.243828341469381 ], [ 55.3175851, 25.2438575 ], [ 55.3175844, 25.243761 ], [ 55.317530290996523, 25.243740363329781 ], [ 55.317531669021712, 25.243620788086957 ], [ 55.318100897017885, 25.243837885204098 ], [ 55.318100810208428, 25.243885688144971 ], [ 55.319565, 25.2444441 ], [ 55.3197071, 25.2444444 ], [ 55.319707282774147, 25.244342962177324 ], [ 55.3201546, 25.2445126 ], [ 55.3203104, 25.2445127 ], [ 55.3204542, 25.2444381 ], [ 55.32051, 25.2440237 ], [ 55.3204503, 25.2433491 ], [ 55.3204238, 25.2431806 ], [ 55.3203784, 25.2431185 ], [ 55.319423618557927, 25.242754370989243 ], [ 55.319815, 25.2429012 ], [ 55.3198746, 25.2428993 ], [ 55.319423763976744, 25.242707566794124 ], [ 55.3194245, 25.2424621 ], [ 55.318224395208375, 25.242004398441889 ], [ 55.318237375376818, 25.241943777193498 ], [ 55.318274206407999, 25.241957824178481 ], [ 55.318273767583356, 25.241990853113343 ], [ 55.3186921, 25.2421504 ], [ 55.318754533701977, 25.242141015063005 ], [ 55.3190361, 25.2422484 ], [ 55.3192212, 25.2422514 ], [ 55.319222178172453, 25.242203029423376 ], [ 55.3196689, 25.2423734 ], [ 55.3197156, 25.2423739 ], [ 55.319716, 25.2423382 ], [ 55.318654162095733, 25.241928521216472 ], [ 55.3198208, 25.2423236 ], [ 55.3200597, 25.2423269 ], [ 55.3200651, 25.2421425 ], [ 55.31954134518179, 25.241942751762654 ], [ 55.319515239510679, 25.241921146639871 ], [ 55.3195383, 25.2419211 ], [ 55.3195377, 25.2416885 ], [ 55.319119367874329, 25.241528955524632 ], [ 55.319020468020312, 25.241529155250984 ], [ 55.31902102230007, 25.24174430994729 ], [ 55.31860093455694, 25.241584094241077 ], [ 55.318476726961386, 25.241581131700123 ], [ 55.318252819607387, 25.241495735633695 ], [ 55.318360615005929, 25.241474012895058 ], [ 55.31856960642957, 25.241536589653396 ], [ 55.318614522193769, 25.241491673889193 ], [ 55.318614522193769, 25.24144675812499 ], [ 55.31838562861504, 25.241359460525153 ], [ 55.3184125, 25.2412364 ], [ 55.317304503189391, 25.24081381490447 ], [ 55.3173365, 25.2408167 ], [ 55.3173441, 25.2407476 ], [ 55.3171774839455, 25.240684052440688 ], [ 55.3175877, 25.2408385 ], [ 55.317653300000011, 25.2408433 ], [ 55.31765637963376, 25.240809574258865 ], [ 55.31793, 25.2408905 ], [ 55.317947523187023, 25.240845330353228 ], [ 55.317946944244071, 25.241046488201178 ], [ 55.3195447, 25.2416487 ], [ 55.3202088, 25.2416819 ], [ 55.3204386, 25.241478 ], [ 55.320211, 25.2412742 ], [ 55.31980827678111, 25.241120610226961 ], [ 55.3198206, 25.2410772 ], [ 55.31845311717084, 25.240539725334916 ], [ 55.318489174668656, 25.240183092840553 ], [ 55.3190052, 25.2403799 ], [ 55.3191836, 25.2403836 ], [ 55.3191862, 25.2402793 ], [ 55.319047198639751, 25.240226286600048 ], [ 55.31911830104444, 25.240207798747733 ], [ 55.3198273, 25.2404782 ], [ 55.3198864, 25.2404734 ], [ 55.3198808, 25.2404181 ], [ 55.319209136344412, 25.240161938145377 ], [ 55.319647584770507, 25.240323864019832 ], [ 55.319692500534714, 25.240323864019832 ], [ 55.319692500536462, 25.240300259508309 ], [ 55.31987216359154, 25.240368779784042 ], [ 55.32000691088416, 25.240368779784045 ], [ 55.32000691088416, 25.240278948255625 ], [ 55.319692500540995, 25.240159037845796 ], [ 55.319692500534714, 25.240009453670393 ], [ 55.319456960125386, 25.239919622148413 ], [ 55.319512837477895, 25.239919622141986 ], [ 55.319512837477895, 25.23982979061357 ], [ 55.318307649134752, 25.239383249824289 ], [ 55.3183179, 25.2393315 ], [ 55.318290400000024, 25.239321011593876 ], [ 55.3185348, 25.2393414 ], [ 55.318536836454967, 25.23930379131285 ], [ 55.319018764071629, 25.23947046449992 ], [ 55.319018764071629, 25.239380632971514 ], [ 55.318629035699985, 25.239231993493494 ], [ 55.318630560954794, 25.239207054227695 ], [ 55.3190323, 25.2393476 ], [ 55.3190589, 25.2392591 ], [ 55.318243813445946, 25.238948230539076 ], [ 55.3182678, 25.2387741 ], [ 55.317501007375824, 25.238481643913826 ], [ 55.3191917, 25.239122 ], [ 55.3192507, 25.2391365 ], [ 55.319260126497767, 25.239105259625635 ], [ 55.3197013, 25.2392542 ], [ 55.3197165, 25.2392055 ], [ 55.319406102593277, 25.239087118447078 ], [ 55.319414, 25.2390613 ], [ 55.318295764449211, 25.238634812251803 ], [ 55.318255669372604, 25.238611950972047 ], [ 55.318267754181491, 25.23859088238834 ], [ 55.3193137, 25.2389898 ], [ 55.319429, 25.2390177 ], [ 55.3194393, 25.2389828 ], [ 55.319133945576212, 25.238866340926208 ], [ 55.319556863082077, 25.238970459526545 ], [ 55.319549875733934, 25.238987957110819 ], [ 55.3200272, 25.2391669 ], [ 55.3200392, 25.2391371 ], [ 55.319666827108179, 25.238997531485929 ], [ 55.3200274, 25.2390863 ], [ 55.3201364, 25.2387242 ], [ 55.319759100597814, 25.238580303554297 ], [ 55.3198072, 25.2385919 ], [ 55.319818, 25.2385552 ], [ 55.318746774922779, 25.238146643961755 ], [ 55.318750229172402, 25.238113340500249 ], [ 55.3190737, 25.2382213 ], [ 55.3190801, 25.2381727 ], [ 55.318759209762433, 25.238050314088472 ], [ 55.318761079687171, 25.238025648897246 ], [ 55.319281573424504, 25.23822416213261 ], [ 55.319273478582168, 25.238258756459619 ], [ 55.3196918, 25.2384183 ], [ 55.3198057, 25.2384401 ], [ 55.319811197655639, 25.23841690676911 ], [ 55.3200976, 25.2385027 ], [ 55.3201144, 25.2384331 ], [ 55.31987200053684, 25.238340652323551 ], [ 55.3202357, 25.2384304 ], [ 55.3203376, 25.2380924 ], [ 55.318742105770902, 25.237464416361995 ], [ 55.318808597655483, 25.23746144389807 ], [ 55.3196892, 25.2377973 ], [ 55.319806518454243, 25.237809920257096 ], [ 55.3199841, 25.2378771 ], [ 55.3200055, 25.2377958 ], [ 55.3198998, 25.2377379 ], [ 55.318819028353687, 25.237346916477048 ], [ 55.3188375, 25.2371441 ], [ 55.318369447284702, 25.236979354392304 ], [ 55.318409880931462, 25.236649815580858 ], [ 55.3188131, 25.2366971 ], [ 55.318831507558265, 25.236497048240732 ], [ 55.319264, 25.236662 ], [ 55.3199288, 25.2367219 ], [ 55.3199792, 25.2362648 ], [ 55.316841868294667, 25.235068204324186 ], [ 55.316175476855527, 25.235022290553886 ], [ 55.316126666287353, 25.235465389023915 ], [ 55.318123661716825, 25.236227073614899 ], [ 55.318071477361812, 25.236240748142983 ], [ 55.315155585531528, 25.235128569272991 ], [ 55.315096086313552, 25.235123768044343 ], [ 55.315091498537953, 25.235169476559538 ], [ 55.314321929697329, 25.234875934719035 ], [ 55.3143192, 25.2347652 ], [ 55.312733649825397, 25.234160395609621 ], [ 55.3129448, 25.2341641 ], [ 55.312945251804777, 25.234143242547404 ], [ 55.3131664, 25.2342276 ], [ 55.3137152, 25.2342349 ], [ 55.313772724674209, 25.234187995290192 ], [ 55.3159655, 25.2350244 ], [ 55.3160414, 25.2350239 ], [ 55.316041, 25.2349733 ], [ 55.313819448754472, 25.234125919846786 ], [ 55.31381998936574, 25.234073369650609 ], [ 55.3158074, 25.234824 ], [ 55.3159549, 25.2348436 ], [ 55.3159569, 25.2347896 ], [ 55.314435621223907, 25.234209332163186 ], [ 55.3145442, 25.2342113 ], [ 55.314549269979437, 25.233980615962572 ], [ 55.316215236132422, 25.234586207822097 ], [ 55.316394897831749, 25.234811069474063 ], [ 55.316952638918153, 25.235023803843529 ], [ 55.317042470446566, 25.235023803843532 ], [ 55.317042470446566, 25.234978888079333 ], [ 55.316917741631144, 25.234854159403049 ], [ 55.31722201159851, 25.2349702135154 ], [ 55.317222011342906, 25.235049236457368 ], [ 55.317626375381238, 25.235203466900355 ], [ 55.317716206909651, 25.235203466900362 ], [ 55.317748608628449, 25.235171065256921 ], [ 55.3193836, 25.2357715 ], [ 55.319602669006308, 25.235832287599241 ], [ 55.319647584770507, 25.235832287599237 ], [ 55.319647584770564, 25.235792979447357 ], [ 55.3200485, 25.2358151 ], [ 55.3200957, 25.2353857 ], [ 55.316958389042497, 25.234189107767346 ], [ 55.316849995609552, 25.234179346764464 ], [ 55.316432199494095, 25.234019989374694 ], [ 55.3166292, 25.2338161 ], [ 55.316609371942008, 25.233761409408931 ], [ 55.3166395, 25.2337704 ], [ 55.316683099588175, 25.233731881472355 ], [ 55.316817891625533, 25.233766162445768 ], [ 55.316817891625533, 25.233676330917358 ], [ 55.316712974066022, 25.233636312840588 ], [ 55.3167073, 25.2334604 ], [ 55.3166221, 25.2333713 ], [ 55.315963293926863, 25.233120012338624 ], [ 55.315963445921192, 25.233045170133828 ], [ 55.3163615, 25.233197 ], [ 55.3166281, 25.2331967 ], [ 55.3166963, 25.2331583 ], [ 55.3166801, 25.232952 ], [ 55.316426220269854, 25.232818550899587 ], [ 55.316484, 25.2328167 ], [ 55.3166314, 25.2326347 ], [ 55.3163584, 25.2324692 ], [ 55.316099239398682, 25.232356641419038 ], [ 55.316405904753516, 25.23237377377896 ], [ 55.317981014971529, 25.232974557412408 ], [ 55.317981014880303, 25.233056475256522 ], [ 55.317321219717769, 25.232804816909145 ], [ 55.317150720971469, 25.232830413342626 ], [ 55.316855316523359, 25.233138806855141 ], [ 55.316838312347201, 25.233312906299211 ], [ 55.3199756, 25.2345095 ], [ 55.3203825, 25.2345444 ], [ 55.3205179, 25.2344295 ], [ 55.3204585, 25.2340014 ], [ 55.318357579736407, 25.233200102458003 ], [ 55.318345027608537, 25.233137341746879 ], [ 55.318210280316059, 25.233085947319889 ], [ 55.318210280316379, 25.2330620026835 ], [ 55.31847770000001, 25.233164 ], [ 55.3185033, 25.2331398 ], [ 55.318210280315917, 25.23300259445427 ], [ 55.316510437838076, 25.232373773795139 ], [ 55.316593312804507, 25.232373773755377 ], [ 55.316593312804507, 25.232283942226964 ], [ 55.316328391670908, 25.23218289329348 ], [ 55.316103813024803, 25.23220002516349 ], [ 55.315850448696125, 25.232122032525403 ], [ 55.315817474418203, 25.23198960293805 ], [ 55.3160972, 25.2320963 ], [ 55.3161673, 25.232085 ], [ 55.3161443, 25.2319677 ], [ 55.316013227267234, 25.231917704394377 ], [ 55.3160416, 25.2318909 ], [ 55.316032465906133, 25.231842112346204 ], [ 55.3162073, 25.2319088 ], [ 55.316325306109249, 25.231893120149586 ], [ 55.316325306044575, 25.23192935378934 ], [ 55.3165483970403, 25.232014447641738 ], [ 55.316593312804507, 25.232014447641735 ], [ 55.316593312804613, 25.231982642579634 ], [ 55.31721744819712, 25.23222070470737 ], [ 55.317217448135381, 25.232275675100119 ], [ 55.317262363827339, 25.232320590903395 ], [ 55.317401796560212, 25.232373773755381 ], [ 55.317618759355078, 25.232373773793967 ], [ 55.3195485, 25.2331098 ], [ 55.3198196, 25.233069 ], [ 55.319832619416829, 25.23295111195651 ], [ 55.32010180000001, 25.2330538 ], [ 55.3201801, 25.2330471 ], [ 55.3203018, 25.2329103 ], [ 55.3203093, 25.2328203 ], [ 55.3202518, 25.2326409 ], [ 55.319472782676954, 25.232322845759899 ], [ 55.319493202750706, 25.232303148040941 ], [ 55.319655, 25.2323262 ], [ 55.3201052, 25.2322637 ], [ 55.3201802, 25.2321723 ], [ 55.3200955, 25.2316805 ], [ 55.3200372, 25.2316286 ], [ 55.3199222, 25.231549 ], [ 55.319503901206893, 25.231389458165349 ], [ 55.319113901605085, 25.231443257078418 ], [ 55.319159216107188, 25.231710205915121 ], [ 55.318130806864467, 25.231317955430626 ], [ 55.318264742603326, 25.231192411186363 ], [ 55.31847, 25.2312707 ], [ 55.318532055537801, 25.231190947102544 ], [ 55.3186507, 25.2312362 ], [ 55.3187319, 25.2311356 ], [ 55.318628141731487, 25.231067458217733 ], [ 55.3186874, 25.2309913 ], [ 55.318676, 25.2308741 ], [ 55.318570601822501, 25.230803141436265 ], [ 55.3187398, 25.2305878 ], [ 55.3182042, 25.2300803 ], [ 55.317785908662401, 25.229920753642919 ], [ 55.317578051087523, 25.229947406634331 ], [ 55.3175725, 25.2299073 ], [ 55.316457063034768, 25.229481835946309 ], [ 55.31637170201644, 25.229491481805749 ], [ 55.314530351387681, 25.228790263713066 ], [ 55.314494651456243, 25.228803362957386 ], [ 55.314511649743238, 25.228864163238814 ], [ 55.316232036007406, 25.229520399511269 ], [ 55.316198263199524, 25.229578133997915 ], [ 55.316213562146181, 25.229689534064438 ], [ 55.317062822027417, 25.230013471683371 ], [ 55.316714104336121, 25.230065142039269 ], [ 55.286402345934832, 25.218499079543687 ], [ 55.286269057773573, 25.218512051141314 ], [ 55.286082621006408, 25.218738408906702 ], [ 55.286097493215742, 25.218840310831549 ], [ 55.286404008339161, 25.219035573438088 ], [ 55.316374786154526, 25.230471530470872 ], [ 55.316393990159241, 25.230655486297888 ], [ 55.316279285846001, 25.230629197836997 ], [ 55.316402692720068, 25.230717159323479 ], [ 55.316241185236748, 25.230670396998658 ], [ 55.316246684177848, 25.230710197066234 ], [ 55.316412582760336, 25.23078724767996 ], [ 55.316347480913784, 25.230795699057026 ], [ 55.316351971071555, 25.230824029164619 ], [ 55.316229881662181, 25.230817996591856 ], [ 55.31623396204575, 25.230844273903909 ], [ 55.316189070926647, 25.23080172200817 ], [ 55.315711921464079, 25.230636851417014 ], [ 55.315711921308953, 25.23068176717398 ], [ 55.316104288676577, 25.230831431233238 ], [ 55.315767508277091, 25.23088494671358 ], [ 55.31508767891863, 25.230625630951526 ], [ 55.314997847612197, 25.230625630537514 ], [ 55.314997847361987, 25.230670546290039 ], [ 55.315694997520382, 25.230936469300794 ], [ 55.315764687942057, 25.230936469305544 ], [ 55.315755529550465, 25.231103776640019 ], [ 55.315349788113096, 25.230950978182612 ], [ 55.315239388977105, 25.230965475875905 ], [ 55.315247833733359, 25.231018264595956 ], [ 55.314986989510736, 25.230918767046486 ], [ 55.31489715822206, 25.230918766599345 ], [ 55.314897157976958, 25.230959514248241 ], [ 55.314588922427461, 25.230841938571132 ], [ 55.31449909116543, 25.230841938074313 ], [ 55.314499090936472, 25.230876203616358 ], [ 55.314347314557331, 25.230852574188326 ], [ 55.314347314267089, 25.230897489938982 ], [ 55.315048395394385, 25.231164915583818 ], [ 55.315061618442876, 25.231257339654572 ], [ 55.314917032762999, 25.231202188220504 ], [ 55.3149188, 25.23116 ], [ 55.314500509924208, 25.231000444389544 ], [ 55.314304410237696, 25.230993643848347 ], [ 55.314302863835621, 25.231030564118612 ], [ 55.31388740683245, 25.23089570363722 ], [ 55.313842491141507, 25.2308957035006 ], [ 55.313797575168564, 25.230972434589241 ], [ 55.31289182356749, 25.230626927582911 ], [ 55.312712925529461, 25.230628023871365 ], [ 55.312721070632165, 25.230671576663102 ], [ 55.309709067776886, 25.229522564640114 ], [ 55.309085312769596, 25.229502776644715 ], [ 55.3089005, 25.2292648 ], [ 55.308421, 25.228832 ], [ 55.306957050740429, 25.228273488806142 ], [ 55.306445749071571, 25.228643183655716 ], [ 55.306427948671619, 25.228685283460369 ], [ 55.307105978457649, 25.229688747937598 ], [ 55.306928625145595, 25.229806223640001 ], [ 55.306984924842517, 25.229871923785357 ], [ 55.3074032, 25.2300315 ], [ 55.307528974330026, 25.22994338446037 ], [ 55.307928828194726, 25.2300959309894 ], [ 55.307622650274034, 25.230253930202867 ], [ 55.307073428710346, 25.230044397569522 ], [ 55.3071197, 25.2299726 ], [ 55.3070808, 25.2299265 ], [ 55.305377347000032, 25.229294672959689 ], [ 55.305243047864707, 25.229280371668011 ], [ 55.305067547863878, 25.229358369926956 ], [ 55.305087684029161, 25.229445879679812 ], [ 55.304909948451929, 25.229378068391132 ], [ 55.304696249608533, 25.229374066325512 ], [ 55.304604411294768, 25.229398697926669 ], [ 55.304445751329347, 25.229338163921348 ], [ 55.304381251553231, 25.229347663292003 ], [ 55.304404649907802, 25.229477963446794 ], [ 55.304643645323047, 25.229569147976317 ], [ 55.304650447244171, 25.229596565760041 ], [ 55.304917103959419, 25.229724072481567 ], [ 55.304545694012241, 25.229626854379855 ], [ 55.304059252130905, 25.229441260124808 ], [ 55.303990752307733, 25.229456559453567 ], [ 55.304012251274486, 25.229535359618282 ], [ 55.304458533471617, 25.229705631712267 ], [ 55.304027351063901, 25.229546659758178 ], [ 55.303904551797601, 25.229538458574446 ], [ 55.303734351761172, 25.229617156884263 ], [ 55.303767929072571, 25.229769192586531 ], [ 55.303733235795214, 25.229789602118572 ], [ 55.303564361781703, 25.229725170114421 ], [ 55.3035678, 25.2293719 ], [ 55.303149532737692, 25.229212313285419 ], [ 55.302629233175395, 25.229312411831309 ], [ 55.302520733077806, 25.229389811519184 ], [ 55.302684369528166, 25.22981098842072 ], [ 55.30256455554153, 25.229813445457111 ], [ 55.30239705558359, 25.229884243797397 ], [ 55.302416158779145, 25.229958450641263 ], [ 55.302260456120081, 25.229899042467487 ], [ 55.302129656861524, 25.229893741204787 ], [ 55.30195945685216, 25.229970139515856 ], [ 55.301991554848087, 25.230127239739939 ], [ 55.302406728193802, 25.230300350292197 ], [ 55.302274351945179, 25.230249842408849 ], [ 55.302101582863052, 25.230268385408749 ], [ 55.297234841715721, 25.228411374681585 ], [ 55.297125343176759, 25.228430870094989 ], [ 55.297166832640009, 25.228622671362274 ], [ 55.302006457493114, 25.230469335757753 ], [ 55.30200645743804, 25.230489067143189 ], [ 55.303269157954674, 25.230951112044973 ], [ 55.303181431452536, 25.230974076225444 ], [ 55.302383923210009, 25.23066979258142 ], [ 55.302320923337724, 25.230683792099335 ], [ 55.302345022427957, 25.230772692243221 ], [ 55.303112406966669, 25.231065482531115 ], [ 55.303122726453992, 25.231104712913744 ], [ 55.303229438668296, 25.23114542778556 ], [ 55.302697133002162, 25.231042814021162 ], [ 55.302652217082226, 25.231087729540381 ], [ 55.30265221540116, 25.231357224046491 ], [ 55.302742046120329, 25.231447056012136 ], [ 55.303680427481353, 25.231792213035842 ], [ 55.303682424822689, 25.231869833921049 ], [ 55.305524855090859, 25.232572766584468 ], [ 55.305546821988678, 25.233093308377267 ], [ 55.307334574133144, 25.233775348034051 ], [ 55.307225732100463, 25.233829282348157 ], [ 55.306598603955642, 25.233590031492781 ], [ 55.306508772649394, 25.233590031078787 ], [ 55.30646385674607, 25.23363494662425 ], [ 55.306418940151495, 25.233803964407929 ], [ 55.30623927772983, 25.233769692846636 ], [ 55.306239277193669, 25.233866110426245 ], [ 55.306079218040431, 25.233870582487032 ], [ 55.30608374704029, 25.234003550558715 ], [ 55.303906359714048, 25.233172838245054 ], [ 55.30374706039926, 25.233216234890364 ], [ 55.303573268765838, 25.23350941921651 ], [ 55.30343299389223, 25.23348838797892 ], [ 55.303432993892152, 25.233451752096318 ], [ 55.303248651123297, 25.233398556271016 ], [ 55.303248651073261, 25.233443472032874 ], [ 55.303383398242069, 25.233494882339009 ], [ 55.303383398149087, 25.233578219442617 ], [ 55.303478127911916, 25.233669919926729 ], [ 55.303366148530849, 25.233858826234048 ], [ 55.304288815603655, 25.234210847747427 ], [ 55.30429200608932, 25.234371509015936 ], [ 55.303809535357907, 25.234187435042415 ], [ 55.303628536321895, 25.234202163085094 ], [ 55.303612656948978, 25.234170404323621 ], [ 55.30342529049932, 25.234088276191507 ], [ 55.303432993892152, 25.234035657031001 ], [ 55.303388078127945, 25.233990741266798 ], [ 55.303158819088907, 25.233892629568583 ], [ 55.303068987604952, 25.233892629485794 ], [ 55.30311390319681, 25.234027376812747 ], [ 55.303293566076611, 25.234106566094106 ], [ 55.303317823544347, 25.234189981273975 ], [ 55.30315881883871, 25.234117208377853 ], [ 55.30311390309673, 25.23411720833645 ], [ 55.303068987304712, 25.234162124056901 ], [ 55.303068987254676, 25.234207039818759 ], [ 55.303199567754405, 25.234267502678961 ], [ 55.303026256007918, 25.234701113200384 ], [ 55.302889323736309, 25.234701113033527 ], [ 55.302889323686266, 25.234746028795378 ], [ 55.302974536079041, 25.234778539984156 ], [ 55.30295245351035, 25.234859946347619 ], [ 55.302799492102217, 25.234835860236281 ], [ 55.302799492052181, 25.234880775998128 ], [ 55.302932987029799, 25.23493170851923 ], [ 55.302857704728439, 25.235217396397363 ], [ 55.302664708621599, 25.235163268417505 ], [ 55.302669425900653, 25.235113635371945 ], [ 55.302534678608176, 25.235062224835346 ], [ 55.302534678608033, 25.234978888079329 ], [ 55.302241879360359, 25.23486717488106 ], [ 55.30215204792529, 25.234867174707194 ], [ 55.302152047715118, 25.234957006225702 ], [ 55.30228679474758, 25.235008417111626 ], [ 55.302286794552458, 25.235091753764298 ], [ 55.302536171537021, 25.23518689965363 ], [ 55.302485293281244, 25.235171441741336 ], [ 55.302210293138934, 25.235305739005945 ], [ 55.302299739706363, 25.235469039182757 ], [ 55.300789067749882, 25.234892655652796 ], [ 55.300827879568203, 25.234844140786709 ], [ 55.300827879568203, 25.234754309258303 ], [ 55.300723062841961, 25.234700384892655 ], [ 55.3011089, 25.2348476 ], [ 55.3012832, 25.234871 ], [ 55.30129864948551, 25.234784598959735 ], [ 55.301298649397332, 25.234822257296159 ], [ 55.301613059159045, 25.234933972316824 ], [ 55.301613059104767, 25.234957005182476 ], [ 55.301905857909148, 25.235068719607742 ], [ 55.301995689437561, 25.235068719607739 ], [ 55.301995689437561, 25.234978888079326 ], [ 55.301702890750001, 25.234867173837831 ], [ 55.301613059284797, 25.234880165097263 ], [ 55.3012999471933, 25.234777341539605 ], [ 55.30132050000001, 25.2346624 ], [ 55.300845033444396, 25.234465811491585 ], [ 55.3012413, 25.2346024 ], [ 55.301325, 25.2346029 ], [ 55.301325, 25.2345648 ], [ 55.301258553604384, 25.234539447719836 ], [ 55.3012599, 25.2344879 ], [ 55.300896201451032, 25.234349131942103 ], [ 55.3012644, 25.2344677 ], [ 55.3012626, 25.2344014 ], [ 55.3011722, 25.2343097 ], [ 55.300885017203441, 25.234200126052457 ], [ 55.300821061824692, 25.234106474527255 ], [ 55.3011327, 25.2342179 ], [ 55.3012295, 25.2340999 ], [ 55.3012159, 25.2340348 ], [ 55.300891086672245, 25.233910868027795 ], [ 55.300851785006245, 25.23383498365363 ], [ 55.301142289917649, 25.233945825502595 ], [ 55.301232121446063, 25.233945825502587 ], [ 55.301232121446063, 25.233900909738384 ], [ 55.30111440149949, 25.233855993975787 ], [ 55.301142289917649, 25.233855993974181 ], [ 55.301142289917649, 25.233811078209971 ], [ 55.301024570265866, 25.233766162447374 ], [ 55.301052458389236, 25.233766162445765 ], [ 55.301052458389236, 25.233721246681558 ], [ 55.30070955036809, 25.233598891066528 ], [ 55.300669831698585, 25.233532693233084 ], [ 55.300827879568203, 25.233541583624731 ], [ 55.300827879568203, 25.233496667860535 ], [ 55.30049325789286, 25.233368992000024 ], [ 55.300427173307021, 25.233368991869217 ], [ 55.300378721926144, 25.233272089039495 ], [ 55.300044101384707, 25.233144412213832 ], [ 55.299966123426785, 25.233155432806996 ], [ 55.299832120294781, 25.233104302606307 ], [ 55.299696577090799, 25.232995868177728 ], [ 55.3004664, 25.2332358 ], [ 55.3005283, 25.2331587 ], [ 55.3004662, 25.2331178 ], [ 55.299642788480895, 25.232803604962051 ], [ 55.299053190670712, 25.232628702558305 ], [ 55.299034874618442, 25.2326792926001 ], [ 55.298941417472058, 25.232679292351119 ], [ 55.298941417471553, 25.232643268340617 ], [ 55.298495261431619, 25.232473028279284 ], [ 55.29836051435241, 25.232473027881923 ], [ 55.298270682806191, 25.232517943373665 ], [ 55.298091019393539, 25.232697605870431 ], [ 55.298091019233432, 25.232742521627081 ], [ 55.298506113861585, 25.232911549342475 ], [ 55.298278447117177, 25.232824677986425 ], [ 55.298228407074056, 25.232834926502306 ], [ 55.297542749355628, 25.23257329534367 ], [ 55.297508449336235, 25.232590195002441 ], [ 55.297525948906106, 25.232619195155753 ], [ 55.297838556036524, 25.232738479348289 ], [ 55.297838555891339, 25.232776796555683 ], [ 55.298190353209321, 25.23291103379939 ], [ 55.297706897462056, 25.232760835991296 ], [ 55.297617065913052, 25.232805751440466 ], [ 55.297617065632082, 25.232874017066738 ], [ 55.297504446473972, 25.23283669482759 ], [ 55.297467646357632, 25.232862994456983 ], [ 55.298028275769376, 25.233076917916115 ], [ 55.298007801437322, 25.233089283578547 ], [ 55.297485445932942, 25.232891394613532 ], [ 55.297477645095114, 25.232966494496573 ], [ 55.297934673095085, 25.233140886058319 ], [ 55.297915105246268, 25.233154693953658 ], [ 55.29765112664137, 25.23305396587811 ], [ 55.297486884354775, 25.233113628756215 ], [ 55.296723599877595, 25.232822372812556 ], [ 55.2967451, 25.2328123 ], [ 55.296533, 25.232442 ], [ 55.29618580897727, 25.232309515395194 ], [ 55.2964146, 25.2322064 ], [ 55.296318461647019, 25.232046736249135 ], [ 55.2964701, 25.2321046 ], [ 55.2965228, 25.2320795 ], [ 55.296265031487515, 25.231967244639819 ], [ 55.2962035, 25.2318757 ], [ 55.294739578617481, 25.231317068915015 ], [ 55.294549817550354, 25.231371829288534 ], [ 55.276285948998421, 25.224400710291007 ], [ 55.276184854483311, 25.224409197657899 ], [ 55.276060054384374, 25.224465381735605 ], [ 55.275991148863056, 25.224532772684341 ], [ 55.276153731284886, 25.224828810717348 ], [ 55.26570404761825, 25.22083893417437 ], [ 55.265461238423498, 25.220991691298753 ], [ 55.265355112243775, 25.221166071499507 ], [ 55.265335265649718, 25.221401165803798 ], [ 55.265438909931163, 25.221625581255257 ], [ 55.29108325858185, 25.231415303810397 ] ], [ [ 55.293945, 25.2349324 ], [ 55.293882906967283, 25.234909002482453 ], [ 55.293882984513232, 25.234908825630217 ], [ 55.293945, 25.2349324 ] ], [ [ 55.3186423, 25.238204 ], [ 55.3187022, 25.2382091 ], [ 55.318704391430757, 25.238188231616622 ], [ 55.319642740065952, 25.238546110494283 ], [ 55.31902794916077, 25.23839475372063 ], [ 55.318496511923712, 25.238192065842217 ], [ 55.318514584639722, 25.238155289684592 ], [ 55.3186423, 25.238204 ] ], [ [ 55.319446063430611, 25.238235545392158 ], [ 55.319587270052239, 25.238270390584379 ], [ 55.319584274366541, 25.238282801121187 ], [ 55.319376616488007, 25.23821840809396 ], [ 55.319446063430611, 25.238235545392158 ] ], [ [ 55.318909722074842, 25.250982889325702 ], [ 55.318870364122034, 25.250918270133834 ], [ 55.319018764071629, 25.250968900136652 ], [ 55.319142533043632, 25.250968900141256 ], [ 55.319236171902126, 25.251004610098331 ], [ 55.319330522077074, 25.251106823024742 ], [ 55.319250952896795, 25.251076478743034 ], [ 55.319206037181452, 25.251076478651875 ], [ 55.319206037108117, 25.251106551273136 ], [ 55.318909722074842, 25.250982889325702 ] ], [ [ 55.317947230861783, 25.231358833849121 ], [ 55.319179344188377, 25.231828780620788 ], [ 55.319180451978518, 25.231835306616798 ], [ 55.317935647619045, 25.231360519253837 ], [ 55.317947230861783, 25.231358833849121 ] ], [ [ 55.31808321745666, 25.23133904722388 ], [ 55.319166338802077, 25.231752165796092 ], [ 55.319169807279216, 25.231772598627835 ], [ 55.318046950442579, 25.231344324240951 ], [ 55.31808321745666, 25.23133904722388 ] ], [ [ 55.3176586, 25.2392274 ], [ 55.317664363506978, 25.239181393079797 ], [ 55.317867998092304, 25.23922343657755 ], [ 55.317954422110311, 25.239256398693449 ], [ 55.317948764628248, 25.23930418916769 ], [ 55.318816600953667, 25.239635178103722 ], [ 55.318610474969425, 25.239633054411751 ], [ 55.31853757480129, 25.239715654197223 ], [ 55.318533617935735, 25.240030411764483 ], [ 55.318505688454913, 25.240019759656029 ], [ 55.3185474, 25.2396072 ], [ 55.318129076303208, 25.239447653108879 ], [ 55.317990245092389, 25.239433899340106 ], [ 55.317371118836732, 25.239197763607976 ], [ 55.3176586, 25.2392274 ] ], [ [ 55.318469347766367, 25.238239424034866 ], [ 55.318766990945612, 25.238352944203633 ], [ 55.318666152497734, 25.238687927775555 ], [ 55.318293593210761, 25.238545834749289 ], [ 55.318469347766367, 25.238239424034866 ] ], [ [ 55.317831720844623, 25.242617970082712 ], [ 55.318238079122992, 25.242741425243597 ], [ 55.318226315485788, 25.242775708792134 ], [ 55.317827906922517, 25.242635384907693 ], [ 55.317831720844623, 25.242617970082712 ] ], [ [ 55.318266691495161, 25.237963540922408 ], [ 55.318233559359818, 25.237950904303425 ], [ 55.318293756001218, 25.237954973586469 ], [ 55.318266691495161, 25.237963540922408 ] ], [ [ 55.312272257038664, 25.244285280183146 ], [ 55.313152103695209, 25.244620877812149 ], [ 55.313116966350329, 25.244646438432433 ], [ 55.313160666124602, 25.244694538545836 ], [ 55.313579, 25.2448541 ], [ 55.3136584, 25.2448338 ], [ 55.313653657504261, 25.244812181067847 ], [ 55.313725973258023, 25.244837050718235 ], [ 55.3162743, 25.245809 ], [ 55.3163056, 25.24581 ], [ 55.3163082, 25.2457426 ], [ 55.314000937756205, 25.244862597082058 ], [ 55.314018565173683, 25.244792202911778 ], [ 55.3166921, 25.2458119 ], [ 55.317128, 25.2458159 ], [ 55.31712599849169, 25.245763257163667 ], [ 55.317383412209487, 25.245861431559099 ], [ 55.317358999330082, 25.2459540545156 ], [ 55.317134092014335, 25.245868277703128 ], [ 55.317088392242205, 25.245869077260107 ], [ 55.317089091861561, 25.245901277249331 ], [ 55.317346985621811, 25.245999634706966 ], [ 55.317391387895526, 25.246105980065416 ], [ 55.318134745466978, 25.246389483535282 ], [ 55.31781221825608, 25.246453041682489 ], [ 55.31488273255146, 25.245335751684333 ], [ 55.314346238688486, 25.24532904055895 ], [ 55.314345537492031, 25.245377040488272 ], [ 55.314454552583364, 25.245418620090462 ], [ 55.31441267906358, 25.245418159039765 ], [ 55.313390164729491, 25.245009839131537 ], [ 55.313293854049583, 25.245101034165497 ], [ 55.312927865577301, 25.244961437860074 ], [ 55.312914265474397, 25.244998237816699 ], [ 55.3132622443134, 25.245130964871045 ], [ 55.31314123749295, 25.245245543902914 ], [ 55.3129744, 25.2450558 ], [ 55.312840008153458, 25.245004539682764 ], [ 55.3128874, 25.2449697 ], [ 55.312272257038664, 25.244285280183146 ] ], [ [ 55.3172983, 25.2431673 ], [ 55.317638646759683, 25.24316663911647 ], [ 55.31763572016186, 25.243241683991879 ], [ 55.318016583362635, 25.243386941300571 ], [ 55.31800818401392, 25.243411419782952 ], [ 55.317577820396835, 25.243247283428143 ], [ 55.317456021043085, 25.243246082249343 ], [ 55.317455620656496, 25.243279282227377 ], [ 55.317870419282279, 25.243437482648311 ], [ 55.317717163564346, 25.24343925134794 ], [ 55.317717519453964, 25.243463915158806 ], [ 55.317049327391111, 25.243209071259699 ], [ 55.317085311055344, 25.243086067023288 ], [ 55.3172983, 25.2431673 ] ], [ [ 55.317947410828872, 25.245739086071218 ], [ 55.317938534229214, 25.24574128221635 ], [ 55.317938615245836, 25.245735731591541 ], [ 55.317947410828872, 25.245739086071218 ] ], [ [ 55.3168031, 25.2359239 ], [ 55.316704161148976, 25.23588616293225 ], [ 55.3168141, 25.2358947 ], [ 55.316816542427304, 25.23587001270738 ], [ 55.317881701661861, 25.236276278179204 ], [ 55.317859167864015, 25.236370337629783 ], [ 55.316799885870445, 25.235966313917995 ], [ 55.3168031, 25.2359239 ] ], [ [ 55.3160216, 25.2423472 ], [ 55.316058756067491, 25.242205189875627 ], [ 55.316698, 25.242449 ], [ 55.3171058, 25.2425149 ], [ 55.317109815307894, 25.24249714836554 ], [ 55.317156895984311, 25.242515104813108 ], [ 55.317099731452295, 25.242514879197621 ], [ 55.317099533996654, 25.242558208175588 ], [ 55.31695813231137, 25.242504277832257 ], [ 55.31684433288919, 25.24250537672971 ], [ 55.316845431762019, 25.242601176688137 ], [ 55.317731720158434, 25.242940366523822 ], [ 55.317548665716387, 25.242870550970299 ], [ 55.316921635322892, 25.242736047824589 ], [ 55.315969587240026, 25.242372934068904 ], [ 55.3160216, 25.2423472 ] ], [ [ 55.317593775893329, 25.252718839697987 ], [ 55.317589544356586, 25.252717225932034 ], [ 55.317574043487291, 25.252661327604496 ], [ 55.317593775960042, 25.252668852910716 ], [ 55.317593775893329, 25.252718839697987 ] ], [ [ 55.316191458085513, 25.241018841919246 ], [ 55.316883, 25.2412826 ], [ 55.317117468842021, 25.241319392581268 ], [ 55.317716952740334, 25.241593403584929 ], [ 55.317573675671973, 25.241604138198163 ], [ 55.31618060479731, 25.241056328522557 ], [ 55.316191458085513, 25.241018841919246 ] ], [ [ 55.316596260611362, 25.239524855474979 ], [ 55.316412512536324, 25.239470464500098 ], [ 55.316413649747723, 25.239429723575654 ], [ 55.316638228568706, 25.239515380264123 ], [ 55.316683144332913, 25.239515380264137 ], [ 55.316683144333027, 25.23948529327723 ], [ 55.317042470446566, 25.239605211792544 ], [ 55.317042470446566, 25.239425548735721 ], [ 55.316610205580069, 25.239260679322815 ], [ 55.316565289884686, 25.239260679194427 ], [ 55.316565289315733, 25.239425513460166 ], [ 55.3162648238578, 25.23931091247308 ], [ 55.316219908160207, 25.239310912348834 ], [ 55.31621990802401, 25.239351653269285 ], [ 55.315305337293402, 25.239012539651444 ], [ 55.315517861745121, 25.2390291972686 ], [ 55.3157514, 25.2390985 ], [ 55.3158764, 25.2391041 ], [ 55.315879066455608, 25.239055194800297 ], [ 55.3163448, 25.2391806 ], [ 55.31644729496891, 25.239051030804458 ], [ 55.316488474323059, 25.239123375127562 ], [ 55.317341253214842, 25.239448631613921 ], [ 55.317317476412804, 25.23977475081281 ], [ 55.317726834349891, 25.239930880505298 ], [ 55.317718622642268, 25.239968621945795 ], [ 55.316596260611362, 25.239524855474979 ] ], [ [ 55.317750580277668, 25.23682359612344 ], [ 55.317733750684347, 25.236893844649938 ], [ 55.317464632199744, 25.236791200478557 ], [ 55.317750580277668, 25.23682359612344 ] ], [ [ 55.317637900497154, 25.241830179075357 ], [ 55.317595547204164, 25.241836835103836 ], [ 55.317285886923671, 25.241718731632389 ], [ 55.317290636451681, 25.241697733696768 ], [ 55.317637900497154, 25.241830179075357 ] ], [ [ 55.317345810324163, 25.242136618634095 ], [ 55.317334902007154, 25.242194876150865 ], [ 55.317491902482594, 25.242275041104453 ], [ 55.317186409071191, 25.242158526975828 ], [ 55.317203630297271, 25.242082391550664 ], [ 55.317345810324163, 25.242136618634095 ] ], [ [ 55.317486339911184, 25.241935236125247 ], [ 55.317486232426198, 25.24197152991178 ], [ 55.317249158334675, 25.241881110544259 ], [ 55.317256724235882, 25.241847661361522 ], [ 55.317486339911184, 25.241935236125247 ] ], [ [ 55.315863213106979, 25.24301274936845 ], [ 55.316140993855008, 25.243118696310503 ], [ 55.316069736139248, 25.243118696207446 ], [ 55.316069736064136, 25.243163611968157 ], [ 55.316278902455061, 25.243243388693223 ], [ 55.316368733983474, 25.243243388693223 ], [ 55.316368733983545, 25.243205556997133 ], [ 55.317044830058641, 25.243469511940912 ], [ 55.316700665409734, 25.243338248551325 ], [ 55.316653465338931, 25.243380348414181 ], [ 55.316700088610958, 25.243423120974121 ], [ 55.3158439258915, 25.243096578592141 ], [ 55.315863213106979, 25.24301274936845 ] ], [ [ 55.31691025220367, 25.247771612664163 ], [ 55.316903020666622, 25.247772837198365 ], [ 55.316868469921531, 25.247755677517286 ], [ 55.31691025220367, 25.247771612664163 ] ], [ [ 55.315896985241878, 25.242865963114401 ], [ 55.315901390445781, 25.242846816430017 ], [ 55.316351442762844, 25.24301846830955 ], [ 55.316895403768569, 25.243252979812997 ], [ 55.316456017623871, 25.243104849085199 ], [ 55.3164621, 25.2430815 ], [ 55.315896985241878, 25.242865963114401 ] ], [ [ 55.316263758628665, 25.240769119520792 ], [ 55.31641364974768, 25.240817937426108 ], [ 55.316503481276094, 25.240817937426101 ], [ 55.316503481276897, 25.240787851085678 ], [ 55.316828564903652, 25.240907768955754 ], [ 55.31682605139256, 25.240932777409785 ], [ 55.316894057336881, 25.240958715132216 ], [ 55.316874149741842, 25.241031254978399 ], [ 55.316862807389739, 25.240997600482928 ], [ 55.316263758628665, 25.240769119520792 ] ], [ [ 55.316243054387257, 25.238887249553859 ], [ 55.3162486, 25.2388275 ], [ 55.315236704341338, 25.238441543932435 ], [ 55.315242919491425, 25.238391212896513 ], [ 55.3163034, 25.2387957 ], [ 55.3164733, 25.2388166 ], [ 55.316491089540563, 25.238720556469268 ], [ 55.316641178973676, 25.23877780237617 ], [ 55.316641178707663, 25.238851119256385 ], [ 55.31686676147806, 25.238937158801058 ], [ 55.31683757993541, 25.238934149616227 ], [ 55.316829428854334, 25.238998647849268 ], [ 55.316448516307346, 25.238965615453427 ], [ 55.316243054387257, 25.238887249553859 ] ], [ [ 55.316667675739538, 25.237502938937986 ], [ 55.316675182850375, 25.237446218485331 ], [ 55.31675273433909, 25.237443859428215 ], [ 55.316752734258557, 25.237473953189287 ], [ 55.316695292624871, 25.237467878032362 ], [ 55.316689680372342, 25.237511331821832 ], [ 55.316667675739538, 25.237502938937986 ] ], [ [ 55.314150233523492, 25.237461020006599 ], [ 55.314161491641201, 25.237373392080979 ], [ 55.3143196, 25.2374337 ], [ 55.3144638, 25.2374212 ], [ 55.314469719056945, 25.237368602112255 ], [ 55.3153427, 25.2376905 ], [ 55.3153443, 25.2376552 ], [ 55.314474789634346, 25.237323543931677 ], [ 55.3145746, 25.2364366 ], [ 55.314127994362671, 25.236266248518874 ], [ 55.314230317102727, 25.236265325732543 ], [ 55.3144662, 25.2363553 ], [ 55.3145668, 25.2363586 ], [ 55.314571146824989, 25.236336647102593 ], [ 55.314661934943643, 25.236371276769713 ], [ 55.314786109661085, 25.236371276774157 ], [ 55.315253489864091, 25.236549549798461 ], [ 55.315253489705903, 25.236613596209935 ], [ 55.315298405311147, 25.236658512060096 ], [ 55.315522983557564, 25.236793259792837 ], [ 55.315829744813001, 25.236910265940192 ], [ 55.315919576341415, 25.236910265940185 ], [ 55.315919576341415, 25.236820434411776 ], [ 55.31589238107167, 25.236793239161056 ], [ 55.316181607702205, 25.236886485605655 ], [ 55.31614762759142, 25.236999187667713 ], [ 55.316730458239398, 25.237251158604614 ], [ 55.316374098298844, 25.237125475109458 ], [ 55.316281698854453, 25.237118974218468 ], [ 55.316278098395671, 25.237159774161359 ], [ 55.316363072845419, 25.237192184957884 ], [ 55.316362437080244, 25.237314096944985 ], [ 55.315228033396615, 25.236871368653038 ], [ 55.315129707787086, 25.236866563203716 ], [ 55.315105405764662, 25.237050162868265 ], [ 55.315964807452872, 25.237377959549878 ], [ 55.315883797952893, 25.237372470228081 ], [ 55.315872496424646, 25.237508070044711 ], [ 55.316650146043159, 25.237817431773255 ], [ 55.316647255946052, 25.23783980866968 ], [ 55.316292716899945, 25.237704582033896 ], [ 55.315904995062283, 25.237610070303706 ], [ 55.315841995048707, 25.237639169677927 ], [ 55.315833018855812, 25.237722023740233 ], [ 55.315312346967666, 25.237517229981293 ], [ 55.315267431250078, 25.237517229894326 ], [ 55.315222515427379, 25.237562145566667 ], [ 55.315222515322255, 25.237607061325978 ], [ 55.315739913284588, 25.2378085812243 ], [ 55.315823641425361, 25.23780858123877 ], [ 55.315816492426165, 25.237874569302637 ], [ 55.315892998011066, 25.237919889573021 ], [ 55.31587847595803, 25.238044547313351 ], [ 55.315093297695341, 25.237745062371843 ], [ 55.314702199806113, 25.23773815858933 ], [ 55.314688303314689, 25.237804485159913 ], [ 55.314133304063297, 25.237592790712551 ], [ 55.314150233523492, 25.237461020006599 ] ], [ [ 55.316292198341841, 25.240493340596799 ], [ 55.316291853330448, 25.240468329501436 ], [ 55.316537015481174, 25.240561836418749 ], [ 55.316538342752189, 25.240587222137993 ], [ 55.316292198341841, 25.240493340596799 ] ], [ [ 55.315969578359912, 25.247739299245069 ], [ 55.31631007966854, 25.247839796382092 ], [ 55.316310877873192, 25.247869467851171 ], [ 55.316151338240864, 25.247808620981274 ], [ 55.315969578359912, 25.247739299245069 ] ], [ [ 55.316285958804421, 25.247793760847181 ], [ 55.316308947703412, 25.247797718118932 ], [ 55.316309087770918, 25.24780292481384 ], [ 55.316284320524083, 25.247793478836115 ], [ 55.316285958804421, 25.247793760847181 ] ], [ [ 55.316390977850517, 25.240255043623538 ], [ 55.316288744030096, 25.240242925904656 ], [ 55.316287928128197, 25.240183778615418 ], [ 55.316394677756456, 25.240224493977301 ], [ 55.316390977850517, 25.240255043623538 ] ], [ [ 55.31640861904058, 25.23189845539002 ], [ 55.316408739514152, 25.231899129953106 ], [ 55.316375498731624, 25.231886450864724 ], [ 55.316405757043832, 25.23188243031889 ], [ 55.31640861904058, 25.23189845539002 ] ], [ [ 55.316236889285825, 25.239420177322703 ], [ 55.316240847547625, 25.239421687054346 ], [ 55.316237504426333, 25.239421367409928 ], [ 55.316236889285825, 25.239420177322703 ] ], [ [ 55.315983602516745, 25.249483449308659 ], [ 55.315780468308873, 25.249554129133745 ], [ 55.3157786, 25.2495134 ], [ 55.315716508905581, 25.249489719095404 ], [ 55.315804, 25.2494824 ], [ 55.315800611290548, 25.249429220953306 ], [ 55.315983602516745, 25.249483449308659 ] ], [ [ 55.315895576630524, 25.250270767536545 ], [ 55.315931846164553, 25.250245653247074 ], [ 55.315970112653574, 25.250260247553278 ], [ 55.315935855513587, 25.250271988223925 ], [ 55.315895576630524, 25.250270767536545 ] ], [ [ 55.315339395036638, 25.249668374586761 ], [ 55.3153571, 25.249547 ], [ 55.315319626952864, 25.249532708047035 ], [ 55.315322954711938, 25.249483646106686 ], [ 55.3153737, 25.249503 ], [ 55.315516156049902, 25.249481593953668 ], [ 55.31577119297053, 25.249557356445923 ], [ 55.315397823055889, 25.249690658580739 ], [ 55.315339395036638, 25.249668374586761 ] ], [ [ 55.315854795517076, 25.232163562648189 ], [ 55.315942191101513, 25.232196898371374 ], [ 55.315927236185573, 25.232228985493386 ], [ 55.315761408196991, 25.232182596169864 ], [ 55.315854795517076, 25.232163562648189 ] ], [ [ 55.315801594676827, 25.238457511812953 ], [ 55.315260230733834, 25.238251024087226 ], [ 55.315263239125677, 25.238226661676872 ], [ 55.31580539055529, 25.238433449787191 ], [ 55.315801594676827, 25.238457511812953 ] ], [ [ 55.315578911584495, 25.250163403179688 ], [ 55.315414565882207, 25.2501007233687 ], [ 55.31540991321134, 25.25008913519061 ], [ 55.315604643427548, 25.250163403338686 ], [ 55.315578911584495, 25.250163403179688 ] ], [ [ 55.315328517242854, 25.239568219587049 ], [ 55.315553635076228, 25.239611572662021 ], [ 55.315534458458167, 25.239786198940884 ], [ 55.315348231991869, 25.239715168767603 ], [ 55.3153815, 25.2396858 ], [ 55.3153856, 25.239621 ], [ 55.315328517242854, 25.239568219587049 ] ], [ [ 55.3113056, 25.2458695 ], [ 55.311289754853611, 25.245853707034094 ], [ 55.3116552, 25.2459931 ], [ 55.3120142, 25.2457265 ], [ 55.311793649941421, 25.245483507269434 ], [ 55.312754474899926, 25.245849992474952 ], [ 55.312671437870328, 25.246104404897046 ], [ 55.315424182051927, 25.247161322722782 ], [ 55.314607256227276, 25.247011742186558 ], [ 55.314552956120515, 25.247067742027571 ], [ 55.314514354575735, 25.247184278056981 ], [ 55.3141827177948, 25.247057789390798 ], [ 55.314185, 25.2468743 ], [ 55.31272080968882, 25.246315834719681 ], [ 55.312499310866073, 25.246313532575968 ], [ 55.312431210701092, 25.246357831892279 ], [ 55.31243084057067, 25.246389594347729 ], [ 55.311289522567755, 25.245954261884346 ], [ 55.3113056, 25.2458695 ] ], [ [ 55.315302274166456, 25.24972404701802 ], [ 55.315304867151063, 25.249725035963294 ], [ 55.315302137842515, 25.249726045327598 ], [ 55.315302274166456, 25.24972404701802 ] ], [ [ 55.3149264, 25.2501379 ], [ 55.314850196722311, 25.25010883645907 ], [ 55.314887368035819, 25.25009638063684 ], [ 55.315297040984632, 25.250252627085565 ], [ 55.31510618719831, 25.250246842168021 ], [ 55.314946017658201, 25.250185754539157 ], [ 55.3149264, 25.2501379 ] ], [ [ 55.315536953926689, 25.231207728189034 ], [ 55.315543615376413, 25.231251584443839 ], [ 55.315424014726659, 25.231205963886467 ], [ 55.315425502935192, 25.231165216228227 ], [ 55.315536953926689, 25.231207728189034 ] ], [ [ 55.315392336410284, 25.240930920103398 ], [ 55.315328451830155, 25.240906553517018 ], [ 55.31534243322816, 25.240909539404207 ], [ 55.315392336410284, 25.240930920103398 ] ], [ [ 55.3117314, 25.2402097 ], [ 55.3118252, 25.240209 ], [ 55.311825000792666, 25.240186340112317 ], [ 55.313077663037511, 25.240662945095238 ], [ 55.313058479480212, 25.240746438879725 ], [ 55.3134768, 25.240906 ], [ 55.3135112, 25.2409124 ], [ 55.31352898329564, 25.24083465711265 ], [ 55.3137851, 25.2409321 ], [ 55.314108302557777, 25.240954288220372 ], [ 55.3145035, 25.2410639 ], [ 55.314440000626668, 25.240850333785954 ], [ 55.315338923419979, 25.241193200240282 ], [ 55.315301294892841, 25.241377971256455 ], [ 55.314673860154251, 25.241138656458887 ], [ 55.314380362401288, 25.241076853650885 ], [ 55.314336831963494, 25.24125005709039 ], [ 55.314115030854957, 25.241165456816862 ], [ 55.313909176209201, 25.241165456209206 ], [ 55.313519730702474, 25.241016910624946 ], [ 55.313539040838499, 25.240952684718728 ], [ 55.313301992261465, 25.240862266983012 ], [ 55.313142188865619, 25.240872904137632 ], [ 55.311409584810676, 25.240212017313528 ], [ 55.311405784685306, 25.240085494677391 ], [ 55.3117314, 25.2402097 ] ], [ [ 55.314976930434071, 25.238069286484027 ], [ 55.314888701475887, 25.238035633590705 ], [ 55.314977009186691, 25.238065656539909 ], [ 55.314976930434071, 25.238069286484027 ] ], [ [ 55.3116774, 25.2462387 ], [ 55.311259064315067, 25.246079133068378 ], [ 55.311183768525325, 25.246136125690903 ], [ 55.311084861402776, 25.2460983990008 ], [ 55.311219212738074, 25.2460037791977 ], [ 55.3139647, 25.2470731 ], [ 55.314024298194688, 25.247073702033898 ], [ 55.314507417404464, 25.247257967454029 ], [ 55.31452718602781, 25.247343883705295 ], [ 55.31415879173413, 25.247211548156148 ], [ 55.31409405163101, 25.247249928554663 ], [ 55.31180517277317, 25.246376906214589 ], [ 55.3116774, 25.2462387 ] ], [ [ 55.313994968849784, 25.250340079439685 ], [ 55.314078030008972, 25.250340079437773 ], [ 55.314078030008972, 25.250295163673567 ], [ 55.313715881311133, 25.250146385338038 ], [ 55.314381238742605, 25.250399894795304 ], [ 55.314401281488941, 25.250483124708001 ], [ 55.313994968849784, 25.250340079439685 ] ], [ [ 55.314408230868601, 25.238887367804637 ], [ 55.31451610528412, 25.238898414044204 ], [ 55.314513201548202, 25.238927406594534 ], [ 55.314408230868601, 25.238887367804637 ] ], [ [ 55.31362887236692, 25.250429910966179 ], [ 55.31424503496401, 25.250657280982299 ], [ 55.314245034870467, 25.250675496371258 ], [ 55.313600746606966, 25.250429910980621 ], [ 55.31362887236692, 25.250429910966179 ] ], [ [ 55.314185629845703, 25.250035048254642 ], [ 55.314236479740451, 25.250054442429882 ], [ 55.314243147842156, 25.250070581247943 ], [ 55.314179920765397, 25.250046466411888 ], [ 55.314185629845703, 25.250035048254642 ] ], [ [ 55.314233531650245, 25.248817401065757 ], [ 55.314212777302679, 25.248819124827776 ], [ 55.314212777302544, 25.2488070238558 ], [ 55.314233531650245, 25.248817401065757 ] ], [ [ 55.314245935028623, 25.235992889752076 ], [ 55.314141993899732, 25.235953242625101 ], [ 55.314038794064153, 25.235949842340197 ], [ 55.314036381846641, 25.235970256696461 ], [ 55.314033629887881, 25.235910921492845 ], [ 55.314065880711169, 25.235895536188426 ], [ 55.314249444546867, 25.235965554538883 ], [ 55.314245935028623, 25.235992889752076 ] ], [ [ 55.313662838107312, 25.250160416383867 ], [ 55.313664380906332, 25.250160416383508 ], [ 55.313664380905017, 25.25016100481394 ], [ 55.313662838107312, 25.250160416383867 ] ], [ [ 55.313644772949573, 25.245747845242573 ], [ 55.313644474793435, 25.245770355441209 ], [ 55.313327141991756, 25.245649319036467 ], [ 55.313079176013254, 25.245605829029159 ], [ 55.313146143130744, 25.245557658478656 ], [ 55.313644772949573, 25.245747845242573 ] ], [ [ 55.313248604571513, 25.25157677916992 ], [ 55.313505342623728, 25.251674699810692 ], [ 55.313509789158616, 25.251684750322724 ], [ 55.313262466986508, 25.251590641575334 ], [ 55.313248604571513, 25.25157677916992 ] ], [ [ 55.313089883196447, 25.251283310486091 ], [ 55.313089883196447, 25.251238394721891 ], [ 55.312550894026352, 25.251025971156221 ], [ 55.3128328, 25.251126 ], [ 55.3128914, 25.2510993 ], [ 55.312934789817199, 25.250977345663372 ], [ 55.313410284969144, 25.251164327090816 ], [ 55.313258849711218, 25.251199337262303 ], [ 55.313296548496538, 25.251286337579923 ], [ 55.313333573208354, 25.251300458964042 ], [ 55.31327044874687, 25.251276537332476 ], [ 55.313129925198297, 25.251300458185973 ], [ 55.313002736978341, 25.251370765688343 ], [ 55.312987878601696, 25.251261536421879 ], [ 55.313089883196447, 25.251283310486091 ] ], [ [ 55.313282442868008, 25.251046060376066 ], [ 55.313291657168037, 25.251064812397953 ], [ 55.312927239715968, 25.250910583473654 ], [ 55.313282442868008, 25.251046060376066 ] ], [ [ 55.310599078946815, 25.251270899598612 ], [ 55.310554163034908, 25.251315815130813 ], [ 55.310509246431792, 25.251477685408055 ], [ 55.308744921704907, 25.250804711815409 ], [ 55.308947502468456, 25.250745948834506 ], [ 55.3098023, 25.251072 ], [ 55.3102348, 25.2509636 ], [ 55.310218579708732, 25.25091707902903 ], [ 55.3103062, 25.2509505 ], [ 55.3104703, 25.25091 ], [ 55.310457345905263, 25.250867026456433 ], [ 55.3109714, 25.2510631 ], [ 55.31112, 25.2509032 ], [ 55.310979315723792, 25.250796757094474 ], [ 55.311164, 25.2508672 ], [ 55.311291033904922, 25.25073209516901 ], [ 55.311325952190231, 25.250885572137822 ], [ 55.311260494095499, 25.250885571884861 ], [ 55.311215578217023, 25.250930487469603 ], [ 55.311215578011648, 25.25097540322421 ], [ 55.311787326034462, 25.251193478957688 ], [ 55.311896498710006, 25.2511613505112 ], [ 55.311914121761653, 25.251271494561916 ], [ 55.311959037265524, 25.25131641046686 ], [ 55.312250838432234, 25.251449013752097 ], [ 55.312258051334325, 25.25150462740196 ], [ 55.312940214173523, 25.251764810506828 ], [ 55.312975142459855, 25.251850636914941 ], [ 55.313121187075197, 25.251905167881443 ], [ 55.313091841737901, 25.252014637212277 ], [ 55.313199408436766, 25.252171585311519 ], [ 55.313052236196043, 25.252115453299819 ], [ 55.312923921448586, 25.252115452355678 ], [ 55.3129649, 25.2520394 ], [ 55.3129084, 25.2519289 ], [ 55.312830534047286, 25.251899201444107 ], [ 55.3128651, 25.2518821 ], [ 55.312812, 25.2517942 ], [ 55.312184466501527, 25.251554852584391 ], [ 55.312089166477804, 25.251601852177799 ], [ 55.312100625464417, 25.251620807146875 ], [ 55.311686814837259, 25.251462973585166 ], [ 55.311787326034462, 25.251462973542914 ], [ 55.311787326034462, 25.251418057778714 ], [ 55.311689923133329, 25.251353122536177 ], [ 55.311787326034462, 25.251373142014504 ], [ 55.311787326034462, 25.251283310486091 ], [ 55.311117962230234, 25.251028002076406 ], [ 55.311073046572695, 25.25102800187754 ], [ 55.311073046149041, 25.251107180898092 ], [ 55.310854629115283, 25.251041003177981 ], [ 55.310809713200577, 25.251085918705815 ], [ 55.310809712659569, 25.251175750208947 ], [ 55.311389145341323, 25.251396758562755 ], [ 55.311205051851495, 25.251484900026085 ], [ 55.310599078946815, 25.251270899598612 ] ], [ [ 55.313223583292888, 25.245382152476854 ], [ 55.313218337076826, 25.245380151460559 ], [ 55.313217568490074, 25.245375719709418 ], [ 55.313223583292888, 25.245382152476854 ] ], [ [ 55.312789856021077, 25.241695237074232 ], [ 55.3128407, 25.2416434 ], [ 55.312691400890024, 25.241554588580151 ], [ 55.31271080332013, 25.24154185586908 ], [ 55.313269408071648, 25.241761115767797 ], [ 55.313269407694001, 25.241878153434502 ], [ 55.312789856021077, 25.241695237074232 ] ], [ [ 55.313024043084262, 25.251642337082789 ], [ 55.312730557083285, 25.251544025536695 ], [ 55.312730557082787, 25.251507889307131 ], [ 55.312619352448003, 25.251465474872145 ], [ 55.312647862332923, 25.251456842171574 ], [ 55.313062643142302, 25.251642900695213 ], [ 55.313024043084262, 25.251642337082789 ] ], [ [ 55.3113614, 25.2392402 ], [ 55.31142272413981, 25.239217312306732 ], [ 55.3119367, 25.2394269 ], [ 55.3121242, 25.2394159 ], [ 55.312121732340358, 25.239381478246994 ], [ 55.312189, 25.2393928 ], [ 55.3121888, 25.2393661 ], [ 55.312024196461721, 25.239297704557369 ], [ 55.3122435, 25.2392874 ], [ 55.3123, 25.2392009 ], [ 55.311137133064314, 25.238752451239726 ], [ 55.311100133143142, 25.238753151086048 ], [ 55.311101532828069, 25.238815351077267 ], [ 55.311695888808465, 25.239053573635051 ], [ 55.311561141619016, 25.239041993415814 ], [ 55.311516225759462, 25.239127759770703 ], [ 55.310286611957324, 25.238658715339227 ], [ 55.310243612160725, 25.23866041492203 ], [ 55.310248198739494, 25.238756669000598 ], [ 55.309958113811817, 25.238646012166104 ], [ 55.309840537500357, 25.238650123444799 ], [ 55.3098371, 25.2385765 ], [ 55.3097998, 25.2385328 ], [ 55.309598545104102, 25.23845602782831 ], [ 55.3098188, 25.2384497 ], [ 55.3098084, 25.2381165 ], [ 55.309667925057269, 25.238062913287507 ], [ 55.3098146, 25.2380349 ], [ 55.309810429810653, 25.237922706499653 ], [ 55.3103022, 25.2381103 ], [ 55.3108729, 25.2381023 ], [ 55.3108722, 25.2380787 ], [ 55.310736656745632, 25.23802699570717 ], [ 55.3108054, 25.2380246 ], [ 55.3108039, 25.2379848 ], [ 55.310176440252562, 25.237745447490312 ], [ 55.310073140465398, 25.237748847060956 ], [ 55.310074640261469, 25.237788847057782 ], [ 55.310209111296693, 25.237840143137554 ], [ 55.310109143940871, 25.237846439624725 ], [ 55.30980325784757, 25.237729754115847 ], [ 55.3098011, 25.2376717 ], [ 55.309648785602739, 25.237613596714876 ], [ 55.3097973, 25.2376085 ], [ 55.309805445635455, 25.237421654518652 ], [ 55.311030966390476, 25.237889146404285 ], [ 55.310999017259498, 25.237889522656733 ], [ 55.311001914886454, 25.238091022574533 ], [ 55.311038760948762, 25.238105077795591 ], [ 55.311030214129822, 25.238143122819984 ], [ 55.311108350619939, 25.238172928557372 ], [ 55.311018513833666, 25.238173622690017 ], [ 55.311019312895674, 25.238253422654097 ], [ 55.311557799987753, 25.238458831280095 ], [ 55.311542508835842, 25.238579244437947 ], [ 55.311587424426598, 25.23862416029592 ], [ 55.311966989091289, 25.238751812272625 ], [ 55.311966989094358, 25.238614916793136 ], [ 55.312385465299371, 25.238774543321242 ], [ 55.312396442290101, 25.238814327512845 ], [ 55.31238550914707, 25.238865495106911 ], [ 55.312216787233595, 25.238801136855443 ], [ 55.312066587452399, 25.238802336439811 ], [ 55.312067087275111, 25.238855136432942 ], [ 55.3124854, 25.2390147 ], [ 55.312635594354695, 25.239012903855329 ], [ 55.313031488723425, 25.239163914118176 ], [ 55.312871298648368, 25.239828952131163 ], [ 55.311330049968959, 25.23924104985398 ], [ 55.3113614, 25.2392402 ] ], [ [ 55.3118244, 25.2437284 ], [ 55.311668777511144, 25.24366903980636 ], [ 55.311688951058748, 25.243654228677872 ], [ 55.312946474812804, 25.244133888535796 ], [ 55.312946064626317, 25.244201607707016 ], [ 55.31188696962716, 25.243797636067761 ], [ 55.3118244, 25.2437284 ] ], [ [ 55.312932626184455, 25.23617620962953 ], [ 55.312861340714889, 25.236149017921377 ], [ 55.312859966528059, 25.236114663254046 ], [ 55.312936207156902, 25.236143745104528 ], [ 55.312932626184455, 25.23617620962953 ] ], [ [ 55.312603079530064, 25.25220528147614 ], [ 55.312536052801441, 25.252238794323507 ], [ 55.312540657174424, 25.252202200774683 ], [ 55.312603079530064, 25.25220528147614 ] ], [ [ 55.312436370355982, 25.242293944362586 ], [ 55.312605762758444, 25.242358556489421 ], [ 55.312564700823103, 25.242358556326213 ], [ 55.312436370355982, 25.242293944362586 ] ], [ [ 55.312200816334119, 25.242164039779841 ], [ 55.3122178, 25.2421447 ], [ 55.312144268720729, 25.242080697152094 ], [ 55.312587231924958, 25.242253302993689 ], [ 55.312286875968908, 25.242138736527757 ], [ 55.312248276025834, 25.242138836420953 ], [ 55.312248327830964, 25.24218216244131 ], [ 55.312200816334119, 25.242164039779841 ] ], [ [ 55.312236483676521, 25.253169772582751 ], [ 55.312253160388195, 25.25315309587678 ], [ 55.312277821049683, 25.25318971460263 ], [ 55.312225535745362, 25.253169772584009 ], [ 55.312236483676521, 25.253169772582751 ] ], [ [ 55.311302640283614, 25.250630566860615 ], [ 55.311270267373224, 25.250605662878893 ], [ 55.311253520082445, 25.250592779439273 ], [ 55.311336958857375, 25.250624604842162 ], [ 55.311322293558149, 25.250645685814064 ], [ 55.311302640283614, 25.250630566860615 ] ], [ [ 55.311028965798911, 25.244784837420834 ], [ 55.311123967351755, 25.244821074765802 ], [ 55.311087905418681, 25.244854096277773 ], [ 55.310071113654139, 25.244466247320016 ], [ 55.310013022270468, 25.244397311356089 ], [ 55.311028965798911, 25.244784837420834 ] ], [ [ 55.311131449296056, 25.24098727997961 ], [ 55.311114230622046, 25.240980711927602 ], [ 55.311139201667345, 25.240980160918753 ], [ 55.311131449296056, 25.24098727997961 ] ], [ [ 55.310733813936451, 25.240910973378025 ], [ 55.310732590535579, 25.240873319819311 ], [ 55.310775851599516, 25.240889821862908 ], [ 55.310775851512467, 25.240927008714607 ], [ 55.310733813936451, 25.240910973378025 ] ], [ [ 55.309445, 25.2408187 ], [ 55.309633187934736, 25.240690616382839 ], [ 55.310171979581852, 25.240896143618162 ], [ 55.310158558013853, 25.240947208822998 ], [ 55.309864801278856, 25.240835152834418 ], [ 55.309462436298439, 25.240819708741054 ], [ 55.309462435672643, 25.241044287532777 ], [ 55.31062260165654, 25.24150026468152 ], [ 55.310579027308805, 25.241545416638697 ], [ 55.309507045388514, 25.241136501635353 ], [ 55.3093929, 25.2410103 ], [ 55.309248669397704, 25.240955281259705 ], [ 55.3093212, 25.240903 ], [ 55.309158958357237, 25.240718759140556 ], [ 55.309445, 25.2408187 ] ], [ [ 55.310413788950086, 25.239811739648925 ], [ 55.310409439605962, 25.239705434885042 ], [ 55.310626058185058, 25.23978806566225 ], [ 55.310630730897664, 25.239943666817009 ], [ 55.310415832713204, 25.23986169239631 ], [ 55.310413788950086, 25.239811739648925 ] ], [ [ 55.3098597, 25.2388824 ], [ 55.309524679541738, 25.238754600905569 ], [ 55.309794619469891, 25.238747099995336 ], [ 55.3105971859002, 25.239053248837848 ], [ 55.310476879285922, 25.23955863776462 ], [ 55.310402269126747, 25.239530177074514 ], [ 55.31039, 25.2392303 ], [ 55.309865093084404, 25.239030067833848 ], [ 55.3098597, 25.2388824 ] ], [ [ 55.310353547647985, 25.242089539179702 ], [ 55.310327517317887, 25.24205939184618 ], [ 55.31046837471628, 25.242113122207208 ], [ 55.310353547647985, 25.242089539179702 ] ], [ [ 55.310183401534445, 25.242387966870243 ], [ 55.310158375695345, 25.242482071269933 ], [ 55.310013184520862, 25.24232303693643 ], [ 55.310183401534445, 25.242387966870243 ] ], [ [ 55.309676402844865, 25.254266745437349 ], [ 55.3093413, 25.2541278 ], [ 55.308360465581501, 25.253753677600873 ], [ 55.308548675485895, 25.253733577409342 ], [ 55.3094506, 25.2540776 ], [ 55.3095135, 25.2540528 ], [ 55.309485, 25.2539934 ], [ 55.309331186824281, 25.253934731305318 ], [ 55.3093925, 25.253937 ], [ 55.309394671284792, 25.253888714824093 ], [ 55.3097719, 25.2540326 ], [ 55.309811567474704, 25.254013520182831 ], [ 55.309878639456514, 25.254121827990552 ], [ 55.310004118688042, 25.254169688723451 ], [ 55.309845579849949, 25.254331273703588 ], [ 55.309676402844865, 25.254266745437349 ] ], [ [ 55.3092977, 25.2517458 ], [ 55.309300736822173, 25.251721505426666 ], [ 55.309986846703289, 25.251983209726056 ], [ 55.309924052306563, 25.252015840252916 ], [ 55.309750659148222, 25.251949702872803 ], [ 55.309695759137178, 25.251975002327221 ], [ 55.309765331802318, 25.252098317690749 ], [ 55.309681457256943, 25.252141902097307 ], [ 55.309671356727399, 25.252191601972264 ], [ 55.309732956360214, 25.252245716568627 ], [ 55.309671701237278, 25.252248061924568 ], [ 55.309060971075816, 25.252015108972472 ], [ 55.3092977, 25.2517458 ] ], [ [ 55.3093548, 25.2542386 ], [ 55.309349860837152, 25.254198062295831 ], [ 55.309805691765149, 25.254371928093644 ], [ 55.309897864289688, 25.254445794415258 ], [ 55.3093548, 25.2542386 ] ], [ [ 55.309665886184952, 25.23476621851832 ], [ 55.309582357406022, 25.234734354130094 ], [ 55.309467711208299, 25.234718022048774 ], [ 55.3096913, 25.2347109 ], [ 55.309689859918585, 25.23467386181915 ], [ 55.309779255911003, 25.234707964355575 ], [ 55.309781678455394, 25.234763981152401 ], [ 55.309715555813753, 25.23473875688769 ], [ 55.30966485633521, 25.234740455834107 ], [ 55.309665886184952, 25.23476621851832 ] ], [ [ 55.309250942154591, 25.253594026336057 ], [ 55.309362325766479, 25.253636511389317 ], [ 55.309318703838393, 25.253657497889481 ], [ 55.308758676629118, 25.253439212625977 ], [ 55.3088622, 25.2534787 ], [ 55.309096920483036, 25.253501835984071 ], [ 55.309250942154591, 25.253594026336057 ] ], [ [ 55.309224472447944, 25.246167951035602 ], [ 55.309220942792059, 25.246156253163441 ], [ 55.309247578688698, 25.246166413440683 ], [ 55.30922836028239, 25.24618083596922 ], [ 55.309224472447944, 25.246167951035602 ] ], [ [ 55.308188152421543, 25.252542824615077 ], [ 55.308435708295221, 25.252624719405151 ], [ 55.30850615644637, 25.252732590390291 ], [ 55.3091346744853, 25.252972329756499 ], [ 55.309062029568267, 25.253024312443969 ], [ 55.308122389053004, 25.252665898057767 ], [ 55.3082211, 25.2526146 ], [ 55.308188152421543, 25.252542824615077 ] ], [ [ 55.308735274875268, 25.234692036124969 ], [ 55.30814050479507, 25.234465138555802 ], [ 55.308054922071094, 25.234432489523435 ], [ 55.308222149589234, 25.234347685057045 ], [ 55.309023528822429, 25.234653400498082 ], [ 55.308790206160118, 25.234660428026515 ], [ 55.308791665073947, 25.234713548136629 ], [ 55.308735274875268, 25.234692036124969 ] ], [ [ 55.307653953933873, 25.253325281811318 ], [ 55.307817960126165, 25.253387840862715 ], [ 55.3076610684275, 25.253387840200823 ], [ 55.307616152565771, 25.253432755811801 ], [ 55.307621362964447, 25.253482882191967 ], [ 55.306895789845342, 25.253206114455779 ], [ 55.307089768576077, 25.253108761531731 ], [ 55.307653953933873, 25.253325281811318 ] ], [ [ 55.307610431583363, 25.25399037716366 ], [ 55.307601359559229, 25.253974621163305 ], [ 55.307677407743036, 25.254003629157804 ], [ 55.307660960109608, 25.254012729022705 ], [ 55.307610431583363, 25.25399037716366 ] ], [ [ 55.306806163399266, 25.231534546212323 ], [ 55.306619054861876, 25.231493691282804 ], [ 55.306651110169959, 25.231358438439457 ], [ 55.307052452057626, 25.231511553942607 ], [ 55.307052451965561, 25.231532184923484 ], [ 55.307931505429742, 25.23184691557444 ], [ 55.307570828116781, 25.231856798798589 ], [ 55.307475412670804, 25.23182039756955 ], [ 55.307475412670691, 25.231789868820702 ], [ 55.306806163399266, 25.231534546212323 ] ], [ [ 55.306508485306097, 25.253124705009931 ], [ 55.306832541087502, 25.253237857285512 ], [ 55.307609677091534, 25.253534293678346 ], [ 55.307455194088647, 25.253514076792072 ], [ 55.306667697617883, 25.253213687378992 ], [ 55.306508485306097, 25.253124705009931 ] ], [ [ 55.307523372606241, 25.254070869845627 ], [ 55.307534307800573, 25.254065459533003 ], [ 55.307560089246593, 25.254075293680522 ], [ 55.307541664452529, 25.254086721553772 ], [ 55.307523372606241, 25.254070869845627 ] ], [ [ 55.307397666370456, 25.253553269166208 ], [ 55.307445261070882, 25.253571423935441 ], [ 55.307440729535827, 25.253599744081647 ], [ 55.30741623150044, 25.253590399427555 ], [ 55.307397666370456, 25.253553269166208 ] ], [ [ 55.307430496906989, 25.253656600117381 ], [ 55.30743156664473, 25.253657008163334 ], [ 55.307430496907003, 25.253663693554326 ], [ 55.307430496906989, 25.253656600117381 ] ], [ [ 55.305894278886477, 25.248059549120843 ], [ 55.306723288188486, 25.248367491116593 ], [ 55.306728774076106, 25.248384737071788 ], [ 55.305896360472964, 25.248067197672199 ], [ 55.305894278886477, 25.248059549120843 ] ], [ [ 55.305709837537407, 25.232077195791135 ], [ 55.305427638457822, 25.231969531890343 ], [ 55.305535919189317, 25.231969531919528 ], [ 55.306940677603166, 25.232505463610082 ], [ 55.306942450091569, 25.232547450723072 ], [ 55.305709837537407, 25.232077195791135 ] ], [ [ 55.306325111025927, 25.254826263312498 ], [ 55.30613966953382, 25.254755526401059 ], [ 55.30624800405154, 25.254700795955191 ], [ 55.306325111025927, 25.254826263312498 ] ], [ [ 55.3057913, 25.2402598 ], [ 55.305788985777241, 25.240252339718324 ], [ 55.306310256483798, 25.240451200037029 ], [ 55.306232407243236, 25.240506718426932 ], [ 55.305670266201375, 25.240292266056297 ], [ 55.3057913, 25.2402598 ] ], [ [ 55.306108104346329, 25.244534098346666 ], [ 55.306153670619842, 25.244685723634991 ], [ 55.305815781775493, 25.244555412290019 ], [ 55.3059054, 25.2445896 ], [ 55.306108104346329, 25.244534098346666 ] ], [ [ 55.305455953638166, 25.239474733554157 ], [ 55.305468267709472, 25.239488545374652 ], [ 55.305428976640151, 25.239473555887994 ], [ 55.305450178083561, 25.239468255522773 ], [ 55.305455953638166, 25.239474733554157 ] ], [ [ 55.305421139701885, 25.239050707071815 ], [ 55.305433664584889, 25.23905548531318 ], [ 55.305409793248934, 25.239072900702581 ], [ 55.305400628551901, 25.239042882067501 ], [ 55.305421139701885, 25.239050707071815 ] ], [ [ 55.30404482689729, 25.231317093072278 ], [ 55.303695289301494, 25.231163986472573 ], [ 55.303720373176368, 25.231135398707796 ], [ 55.304376224940476, 25.231385626942846 ], [ 55.304440221098623, 25.231385626948445 ], [ 55.304677793454054, 25.231489500745099 ], [ 55.304448840711899, 25.231402149069794 ], [ 55.30404482689729, 25.231317093072278 ] ], [ [ 55.303805109543937, 25.249857440198241 ], [ 55.303924745908112, 25.249846006032193 ], [ 55.304383571364255, 25.250021039192472 ], [ 55.304405573025548, 25.250086505735553 ], [ 55.303805109543937, 25.249857440198241 ] ], [ [ 55.304328037429372, 25.231226000529713 ], [ 55.304638753733578, 25.231346351872492 ], [ 55.304639415588717, 25.231348778731999 ], [ 55.304106730355372, 25.231141565119326 ], [ 55.304328037429372, 25.231226000529713 ] ], [ [ 55.30448349160865, 25.241070937226588 ], [ 55.304316966301222, 25.241007407363433 ], [ 55.304313097314342, 25.240995073583047 ], [ 55.30449626911863, 25.241064954128561 ], [ 55.30448349160865, 25.241070937226588 ] ], [ [ 55.304207234072607, 25.231053460649548 ], [ 55.304321587506919, 25.231097089968948 ], [ 55.304375268313891, 25.231181968095246 ], [ 55.304089607294721, 25.231072979679809 ], [ 55.3041988, 25.2310523 ], [ 55.304191080683815, 25.231018998491763 ], [ 55.304207234072607, 25.231053460649548 ] ], [ [ 55.3035729, 25.2494468 ], [ 55.30357482447517, 25.249428032274331 ], [ 55.303722461400923, 25.249492920168322 ], [ 55.303615754689964, 25.249452213049356 ], [ 55.303511772060808, 25.249475234394595 ], [ 55.3035729, 25.2494468 ] ], [ [ 55.303732224068618, 25.24265844962294 ], [ 55.30368863320885, 25.242669121396329 ], [ 55.303677745415484, 25.242637665799446 ], [ 55.30369554434678, 25.242644456165667 ], [ 55.303732224068618, 25.24265844962294 ] ], [ [ 55.303666260102951, 25.231237393273503 ], [ 55.303670759923968, 25.231236426678951 ], [ 55.303681952413079, 25.2312406970021 ], [ 55.303674312136955, 25.23123908848207 ], [ 55.303666260102951, 25.231237393273503 ] ], [ [ 55.303657572713213, 25.230034892062477 ], [ 55.303657572713242, 25.230032572799558 ], [ 55.303674641230884, 25.23004140435064 ], [ 55.303657572713213, 25.230034892062477 ] ], [ [ 55.303608416457159, 25.229974483252526 ], [ 55.303481122730986, 25.229925915705302 ], [ 55.30349482515841, 25.229917274159767 ], [ 55.303608416457159, 25.229974483252526 ] ], [ [ 55.303469075765292, 25.231011639341823 ], [ 55.303584905825822, 25.23105345214503 ], [ 55.30358698341329, 25.231057472832031 ], [ 55.303467554287721, 25.231011906267728 ], [ 55.303469075765292, 25.231011639341823 ] ], [ [ 55.302646498031812, 25.242439175741083 ], [ 55.302559219839182, 25.242402655233288 ], [ 55.302600931576457, 25.242381718290659 ], [ 55.3029301, 25.2425073 ], [ 55.303054592665106, 25.242453684502728 ], [ 55.303099837687327, 25.242501277356194 ], [ 55.303052088418056, 25.242514810924284 ], [ 55.303085952465494, 25.242606832443869 ], [ 55.302646498031812, 25.242439175741083 ] ], [ [ 55.302461021800028, 25.240337769585729 ], [ 55.302458475068924, 25.240333506886685 ], [ 55.302484341034564, 25.240343375269653 ], [ 55.302467012523209, 25.240347796811143 ], [ 55.302461021800028, 25.240337769585729 ] ], [ [ 55.302302610764535, 25.252112782478157 ], [ 55.302308441165657, 25.25211500671686 ], [ 55.302304785157254, 25.252116810525155 ], [ 55.302302610764535, 25.252112782478157 ] ], [ [ 55.302237299102543, 25.240234294663686 ], [ 55.30232151104407, 25.240193199776222 ], [ 55.302350189112865, 25.240277364644065 ], [ 55.302237299102543, 25.240234294663686 ] ], [ [ 55.302024886099957, 25.246562486793668 ], [ 55.301866888236589, 25.246605605527744 ], [ 55.301855740156014, 25.246601352444699 ], [ 55.301939448645051, 25.246529891781652 ], [ 55.302024886099957, 25.246562486793668 ] ], [ [ 55.300886414330925, 25.242869626424326 ], [ 55.300909187603658, 25.242857921964944 ], [ 55.300916305152931, 25.2428810305416 ], [ 55.300886414330925, 25.242869626424326 ] ], [ [ 55.300835904940413, 25.242731396139259 ], [ 55.300848954739742, 25.242736374984357 ], [ 55.300903195441414, 25.242838467180636 ], [ 55.300835904940413, 25.242731396139259 ] ], [ [ 55.300782963803996, 25.233721246681561 ], [ 55.300751237143686, 25.233668368995289 ], [ 55.300818524585132, 25.233694042600405 ], [ 55.300790636525541, 25.233694042542258 ], [ 55.300790636415464, 25.233738958301277 ], [ 55.30092229871898, 25.233789194109072 ], [ 55.300849494638896, 25.233789193963968 ], [ 55.300849494537154, 25.233832693184542 ], [ 55.300710160724812, 25.233766162461038 ], [ 55.300782963803996, 25.233766162445768 ], [ 55.300782963803996, 25.233721246681561 ] ], [ [ 55.299999185073439, 25.23336899090722 ], [ 55.300178847733967, 25.233437542542955 ], [ 55.300291299505766, 25.233608759579209 ], [ 55.299417739075324, 25.233272089082448 ], [ 55.299819522489159, 25.233272089134097 ], [ 55.299999185073439, 25.23336899090722 ] ], [ [ 55.299416920353586, 25.236126617000703 ], [ 55.299472186501006, 25.236147704093774 ], [ 55.299494970448919, 25.236183800080791 ], [ 55.299425724233345, 25.236157430529694 ], [ 55.299416920353586, 25.236126617000703 ] ], [ [ 55.299097777872646, 25.23540615790666 ], [ 55.299092673324274, 25.23544455428673 ], [ 55.298896501708519, 25.235359493312487 ], [ 55.298896501708192, 25.235325217191747 ], [ 55.299097777872646, 25.23540615790666 ] ], [ [ 55.298817345351836, 25.249121795975917 ], [ 55.298836985045661, 25.249099366838646 ], [ 55.298882008711054, 25.249116544507107 ], [ 55.298904450955995, 25.249155028961571 ], [ 55.298817345351836, 25.249121795975917 ] ], [ [ 55.298598795403976, 25.242403498624896 ], [ 55.298787837390201, 25.242475626549609 ], [ 55.298531072632045, 25.242391126162694 ], [ 55.298464122175467, 25.242272214852406 ], [ 55.298540726972909, 25.242301443137126 ], [ 55.298598795403976, 25.242403498624896 ] ], [ [ 55.29848130768351, 25.2355668954491 ], [ 55.298308728390246, 25.235537679576474 ], [ 55.298447344065288, 25.235517877249794 ], [ 55.29844734406538, 25.23548360071732 ], [ 55.298537175593701, 25.235517877249801 ], [ 55.298647070124289, 25.235517877259046 ], [ 55.298827235464962, 25.235591919039781 ], [ 55.298805162787538, 25.235665011961213 ], [ 55.298746391763359, 25.235668041814453 ], [ 55.29848130768351, 25.2355668954491 ] ], [ [ 55.29882131880445, 25.232922491822308 ], [ 55.298844975150189, 25.232959295762392 ], [ 55.298691787626005, 25.232900844108638 ], [ 55.298720086636649, 25.232883864731221 ], [ 55.29882131880445, 25.232922491822308 ] ], [ [ 55.298189505942148, 25.247656022931864 ], [ 55.297722031291116, 25.24747766422275 ], [ 55.2977849, 25.2474968 ], [ 55.2978375, 25.247468 ], [ 55.297717215588065, 25.247403987788395 ], [ 55.297784, 25.2474041 ], [ 55.2977579, 25.2473613 ], [ 55.297650754035097, 25.24732041960884 ], [ 55.297680359672221, 25.247303438441556 ], [ 55.298222765244262, 25.247510386292792 ], [ 55.298367927204602, 25.247510386309759 ], [ 55.298581514366724, 25.247591876764425 ], [ 55.298546357399545, 25.247609110036205 ], [ 55.298595639116407, 25.247691423253485 ], [ 55.2983295602968, 25.247589905560851 ], [ 55.298189505942148, 25.247656022931864 ] ], [ [ 55.298492259829501, 25.235697540306621 ], [ 55.29849225983002, 25.235650266428745 ], [ 55.298635617289762, 25.235704966413014 ], [ 55.298621995199845, 25.235762408002376 ], [ 55.298464376416206, 25.235697540312469 ], [ 55.298492259829501, 25.235697540306621 ] ], [ [ 55.298592532165578, 25.237022975066001 ], [ 55.298582010394981, 25.237028987267596 ], [ 55.298031619194653, 25.236808951840331 ], [ 55.298592532165578, 25.237022975066001 ] ], [ [ 55.2973978, 25.2454722 ], [ 55.297433434962976, 25.245454086015883 ], [ 55.2977527, 25.2455759 ], [ 55.297876886288932, 25.245512333105893 ], [ 55.29801650983508, 25.245754001235532 ], [ 55.298436250029859, 25.245914148539555 ], [ 55.298453857934462, 25.245943932778204 ], [ 55.298196405530682, 25.245845704859303 ], [ 55.298062041494553, 25.245911243996392 ], [ 55.297228591771344, 25.245557807312203 ], [ 55.297155411148722, 25.245457945208432 ], [ 55.2972465, 25.2454927 ], [ 55.297331699141225, 25.245446979416659 ], [ 55.2973978, 25.2454722 ] ], [ [ 55.298138994139812, 25.23705796505217 ], [ 55.298222765244262, 25.237089928997008 ], [ 55.298335093182779, 25.237067432593005 ], [ 55.298493641508351, 25.237147905642804 ], [ 55.298436021520317, 25.237125920133575 ], [ 55.2982968057063, 25.237202490101836 ], [ 55.2980210609648, 25.237097276148692 ], [ 55.298138994139812, 25.23705796505217 ] ], [ [ 55.297806, 25.2425436 ], [ 55.297752323427432, 25.242452371451858 ], [ 55.2981416, 25.2426009 ], [ 55.298195531130155, 25.242575440841023 ], [ 55.29833494106709, 25.242820117932524 ], [ 55.297865359193047, 25.242640949710736 ], [ 55.297845, 25.2426037 ], [ 55.297753605610922, 25.242568828361023 ], [ 55.297806, 25.2425436 ] ], [ [ 55.297957975081168, 25.235647920122567 ], [ 55.297998186423747, 25.235566932593841 ], [ 55.298035238312018, 25.235581070416401 ], [ 55.298080153576507, 25.235685681399577 ], [ 55.298367821972803, 25.235795445910682 ], [ 55.298317504216747, 25.235821162209831 ], [ 55.298088017952153, 25.235746557331495 ], [ 55.298088017951642, 25.235697540306617 ], [ 55.297957975081168, 25.235647920122567 ] ], [ [ 55.298254868601887, 25.235253579905592 ], [ 55.298066508512399, 25.23518069289053 ], [ 55.298132933715856, 25.235158551136148 ], [ 55.298132933716985, 25.23507935851789 ], [ 55.298267681008468, 25.235113635371945 ], [ 55.298312596772796, 25.23503977907399 ], [ 55.298332234433204, 25.235047272160873 ], [ 55.298254868601887, 25.235253579905592 ] ], [ [ 55.298162264988363, 25.237261656966343 ], [ 55.298079441941987, 25.237305026459982 ], [ 55.297734893431318, 25.237173558935009 ], [ 55.29785562699157, 25.237144654971541 ], [ 55.298162264988363, 25.237261656966343 ] ], [ [ 55.297967005279965, 25.245957599967884 ], [ 55.297636307230938, 25.245840845849866 ], [ 55.297638444818794, 25.245809248425918 ], [ 55.297993453546411, 25.245944699263188 ], [ 55.297967005279965, 25.245957599967884 ] ], [ [ 55.297813144857521, 25.247112323261916 ], [ 55.297716265985386, 25.247159867892741 ], [ 55.29758885368544, 25.247159867317738 ], [ 55.2975702, 25.2471306 ], [ 55.297267824987514, 25.247015231160375 ], [ 55.297218401907706, 25.24692682698705 ], [ 55.2973301, 25.2469329 ], [ 55.2974297, 25.2468472 ], [ 55.2973065, 25.2466597 ], [ 55.297205284691742, 25.246621081835986 ], [ 55.297214169079197, 25.246591276945338 ], [ 55.297409238410943, 25.246665704533655 ], [ 55.297541486380901, 25.24690009002579 ], [ 55.297632735228227, 25.246934905231097 ], [ 55.29760768447187, 25.24694679134398 ], [ 55.297672580941907, 25.247058692558099 ], [ 55.297813144857521, 25.247112323261916 ] ], [ [ 55.296885329731786, 25.235995773379429 ], [ 55.296264427911204, 25.235607708779849 ], [ 55.296346253597662, 25.235577227664926 ], [ 55.296471050440225, 25.235607708778211 ], [ 55.296471050440665, 25.235544896806474 ], [ 55.2966055, 25.2355548 ], [ 55.2966142, 25.2354816 ], [ 55.296575834413808, 25.235449682857936 ], [ 55.296695629261258, 25.235383129957182 ], [ 55.296695629261258, 25.235158551136145 ], [ 55.296643907885993, 25.23509389951969 ], [ 55.296785460789671, 25.235113635371945 ], [ 55.296785460789671, 25.235023803843529 ], [ 55.296334700338804, 25.234843529181241 ], [ 55.296418024792231, 25.234806768052938 ], [ 55.296515966204439, 25.234844140786709 ], [ 55.296650713497051, 25.234844140786709 ], [ 55.296650713497769, 25.234734806132511 ], [ 55.297054955374911, 25.234889056550916 ], [ 55.297161897346889, 25.234871946113103 ], [ 55.297324449960136, 25.234933972315122 ], [ 55.297414281488557, 25.234933972315126 ], [ 55.297414281488557, 25.234844140786709 ], [ 55.296820374908116, 25.234617519325777 ], [ 55.296972088052939, 25.234528276739816 ], [ 55.29776879560562, 25.234832281014992 ], [ 55.297720831525822, 25.234832280849055 ], [ 55.297720831388851, 25.234866557710571 ], [ 55.2976170575824, 25.234826960436298 ], [ 55.29748231053658, 25.234826959976818 ], [ 55.297437394484376, 25.234916791334587 ], [ 55.297437394114105, 25.235006622845507 ], [ 55.29747453008121, 25.235020792971319 ], [ 55.297364592487412, 25.235175645435817 ], [ 55.297364592097118, 25.235265476945798 ], [ 55.297528904070106, 25.23534763385652 ], [ 55.297417274391009, 25.235392549282235 ], [ 55.297417274269307, 25.235426826272214 ], [ 55.29732126735405, 25.23542446964947 ], [ 55.297342438270846, 25.23552237953227 ], [ 55.297153954979024, 25.235585206586141 ], [ 55.297153954788882, 25.235630122341366 ], [ 55.2972148491383, 25.235670719001138 ], [ 55.297015715858102, 25.235671288532771 ], [ 55.296850916155613, 25.235719086911544 ], [ 55.29685923340962, 25.235819995632564 ], [ 55.297086244932721, 25.235905547689217 ], [ 55.29695576493738, 25.235905547268199 ], [ 55.296910849117566, 25.235950462944874 ], [ 55.296911695570039, 25.235997918385404 ], [ 55.296885329731786, 25.235995773379429 ] ], [ [ 55.297325917506782, 25.233927811449284 ], [ 55.297099598643612, 25.233841452896012 ], [ 55.29693201986899, 25.233777508037686 ], [ 55.297518670578974, 25.233900909744495 ], [ 55.297534309933326, 25.233997539778287 ], [ 55.297325917506782, 25.233927811449284 ] ], [ [ 55.296283481567556, 25.246813770597232 ], [ 55.296108783762371, 25.24674711416657 ], [ 55.296262688524344, 25.246668030535762 ], [ 55.297111668284828, 25.246991957677029 ], [ 55.297079706884588, 25.247008619315537 ], [ 55.296528172022775, 25.246798182516056 ], [ 55.296483256349781, 25.246798182346264 ], [ 55.296483256241899, 25.246821816304202 ], [ 55.296373313071342, 25.246779867392807 ], [ 55.296283481703114, 25.246779867094634 ], [ 55.296283481567556, 25.246813770597232 ] ], [ [ 55.296975678866801, 25.247062849562042 ], [ 55.296920208082412, 25.247042613465531 ], [ 55.296909703655295, 25.247005808463577 ], [ 55.29701097656163, 25.247044448738169 ], [ 55.296975678866801, 25.247062849562042 ] ], [ [ 55.295272346055334, 25.24212401628861 ], [ 55.295256235526004, 25.242084280995982 ], [ 55.2953087, 25.2421043 ], [ 55.295347167630119, 25.24208613712063 ], [ 55.2958937, 25.2423107 ], [ 55.296067666068488, 25.242212497184308 ], [ 55.296168411245901, 25.242386916157674 ], [ 55.296521113874107, 25.242521494480791 ], [ 55.296567437140652, 25.242598480367484 ], [ 55.29674270763141, 25.242665356610168 ], [ 55.296646734936715, 25.242751581050491 ], [ 55.296796584874237, 25.24280925895415 ], [ 55.296710933451386, 25.242849981617567 ], [ 55.296855929713317, 25.243104982880276 ], [ 55.296946172442773, 25.243139415618678 ], [ 55.296841194594791, 25.24318919264514 ], [ 55.2967943, 25.2431163 ], [ 55.296513197174029, 25.24300228218484 ], [ 55.2965534, 25.2429828 ], [ 55.29642902336365, 25.242814288318471 ], [ 55.2964492, 25.2428042 ], [ 55.2964036, 25.2427296 ], [ 55.295985298729903, 25.242569991370654 ], [ 55.295962498725665, 25.242581391305794 ], [ 55.295993045964295, 25.242631365951585 ], [ 55.295638846867469, 25.242512784576906 ], [ 55.2957484, 25.2424718 ], [ 55.2957063, 25.2424071 ], [ 55.295500462088611, 25.242328558576471 ], [ 55.29553, 25.2423141 ], [ 55.2954589, 25.2421952 ], [ 55.295272346055334, 25.24212401628861 ] ], [ [ 55.296841276073941, 25.243452914167467 ], [ 55.29682165507711, 25.243462476589887 ], [ 55.2967204, 25.2432699 ], [ 55.296639728314794, 25.243239119046311 ], [ 55.296729921345978, 25.243260645124334 ], [ 55.296841276073941, 25.243452914167467 ] ], [ [ 55.296749934882321, 25.243229783264326 ], [ 55.296753068634395, 25.243230978971962 ], [ 55.296751234646791, 25.243231848585491 ], [ 55.296749934882321, 25.243229783264326 ] ], [ [ 55.29619162668812, 25.245156958587149 ], [ 55.29620112821609, 25.245151931799892 ], [ 55.296537147143624, 25.245280141692586 ], [ 55.296520139201306, 25.245289215816893 ], [ 55.29619162668812, 25.245156958587149 ] ], [ [ 55.295887145505546, 25.237628918167481 ], [ 55.295842229633401, 25.237494170833671 ], [ 55.296239853218779, 25.23744526530654 ], [ 55.296362031673411, 25.237642376509882 ], [ 55.296496419979015, 25.237693655762133 ], [ 55.296447711446255, 25.237718304797475 ], [ 55.296160134769913, 25.237608572362724 ], [ 55.2960689346001, 25.237655870415356 ], [ 55.296082818432737, 25.237679356717944 ], [ 55.295947295609714, 25.237644782657867 ], [ 55.295947295244396, 25.237689698404811 ], [ 55.296130186388424, 25.237759485681334 ], [ 55.296150033208164, 25.237793059084822 ], [ 55.295873456176068, 25.237687523266349 ], [ 55.295887145505546, 25.237628918167481 ] ], [ [ 55.2957655, 25.2453824 ], [ 55.295943587540549, 25.245288183425981 ], [ 55.295974986892574, 25.245300164119548 ], [ 55.296025107479288, 25.245373973583995 ], [ 55.296101155958695, 25.245402990455108 ], [ 55.296053206689443, 25.245428973825621 ], [ 55.296153203313089, 25.245579806440016 ], [ 55.295566845649553, 25.245356076425068 ], [ 55.295641026358787, 25.245334905776215 ], [ 55.2957655, 25.2453824 ] ], [ [ 55.296133, 25.2378597 ], [ 55.29619740134634, 25.237873188195227 ], [ 55.296210223213983, 25.237894877963058 ], [ 55.296115464208064, 25.237858720122805 ], [ 55.296133, 25.2378597 ] ], [ [ 55.296070295045503, 25.242159875118034 ], [ 55.296056562551335, 25.242166554745793 ], [ 55.296045315593588, 25.242155374431725 ], [ 55.296051215398066, 25.242152594969451 ], [ 55.296070295045503, 25.242159875118034 ] ], [ [ 55.295742875724926, 25.237743553042332 ], [ 55.295741521905072, 25.2377382977628 ], [ 55.295979412656031, 25.237829071991499 ], [ 55.295969376391831, 25.237829132644624 ], [ 55.295742875724926, 25.237743553042332 ] ], [ [ 55.29171214705579, 25.231314776544036 ], [ 55.293847383779827, 25.232129626018445 ], [ 55.293428506443178, 25.231981779387265 ], [ 55.293396906442915, 25.231995879252878 ], [ 55.293425906111672, 25.232049079360493 ], [ 55.293670628293896, 25.232142468547675 ], [ 55.29365273701999, 25.232150686568559 ], [ 55.293725551117447, 25.232288079110184 ], [ 55.29356570490804, 25.232227079897928 ], [ 55.293539004909896, 25.232238579784489 ], [ 55.293564504610494, 25.232286979878733 ], [ 55.2943662, 25.2326168 ], [ 55.2943845, 25.2326052 ], [ 55.2943501, 25.232561 ], [ 55.294207874653097, 25.23249454287588 ], [ 55.2942586, 25.2325139 ], [ 55.2943199, 25.232497 ], [ 55.294534670539882, 25.232391899818801 ], [ 55.2953549, 25.2327049 ], [ 55.295685323589602, 25.232556324772464 ], [ 55.295920354332566, 25.232646011042121 ], [ 55.295650859079203, 25.232582677032315 ], [ 55.295669258610467, 25.23261457719271 ], [ 55.295843456589644, 25.232684249902931 ], [ 55.295780656851313, 25.232715478214828 ], [ 55.295862466412352, 25.232841825420046 ], [ 55.29580741767225, 25.232887698652238 ], [ 55.29565415593347, 25.232850176916322 ], [ 55.295762552563495, 25.232925085615456 ], [ 55.295521956818334, 25.232833275646502 ], [ 55.295479756783905, 25.232854975226179 ], [ 55.295721039690214, 25.232959679062116 ], [ 55.295702501290798, 25.232975127443414 ], [ 55.295469656470338, 25.232886275111142 ], [ 55.295442856447082, 25.23290017484414 ], [ 55.295673597145822, 25.232999213773773 ], [ 55.295491911359825, 25.233165587674559 ], [ 55.295491911013066, 25.233198024615415 ], [ 55.295382696315848, 25.233156348816308 ], [ 55.2953413, 25.2330855 ], [ 55.2952891, 25.2330627 ], [ 55.292149056645549, 25.231864425720847 ], [ 55.2921862, 25.2318239 ], [ 55.2922036, 25.2316826 ], [ 55.291785341891384, 25.231522981505922 ], [ 55.291369726998497, 25.231424437005114 ], [ 55.291484147126774, 25.231365982044675 ], [ 55.2916803, 25.2314277 ], [ 55.29171214705579, 25.231314776544036 ] ], [ [ 55.2946714, 25.2338899 ], [ 55.294677537458455, 25.233886968480874 ], [ 55.295317604096645, 25.234131215627304 ], [ 55.29517638383647, 25.234171046268941 ], [ 55.29510188765817, 25.234156182505433 ], [ 55.294338645302361, 25.233865256200996 ], [ 55.294266420829686, 25.233740110498562 ], [ 55.2946714, 25.2338899 ] ], [ [ 55.294854082928808, 25.236461108298126 ], [ 55.294903069094488, 25.236424368726972 ], [ 55.295223732350443, 25.237022945745402 ], [ 55.294998673622395, 25.236939796498259 ], [ 55.294854082928808, 25.236506024062336 ], [ 55.29449475681524, 25.236368907904474 ], [ 55.294494756815972, 25.236341131573514 ], [ 55.294854082928808, 25.236461108298126 ] ], [ [ 55.2932642, 25.2450148 ], [ 55.2936475, 25.2450955 ], [ 55.293666758838413, 25.245008948286383 ], [ 55.294147770973844, 25.245192490727934 ], [ 55.294282518055084, 25.24529058396762 ], [ 55.294400220537618, 25.245335495876269 ], [ 55.294599013452086, 25.245497359710278 ], [ 55.294857933033185, 25.245596937326809 ], [ 55.294709990692809, 25.245540487374075 ], [ 55.29467009077684, 25.245533087264903 ], [ 55.29466523293889, 25.245554592450258 ], [ 55.2932642, 25.2450148 ] ], [ [ 55.294981282498554, 25.234226073595675 ], [ 55.294824610228268, 25.234270261975517 ], [ 55.294813664622524, 25.234335935288733 ], [ 55.294216311791629, 25.234107985622387 ], [ 55.2943857, 25.234028 ], [ 55.294393016249117, 25.234001843221026 ], [ 55.294981282498554, 25.234226073595675 ] ], [ [ 55.293977766993017, 25.234220626674045 ], [ 55.294782852332595, 25.234520807663973 ], [ 55.294770032900807, 25.234597723487145 ], [ 55.293887833370277, 25.234263093247087 ], [ 55.293977766993017, 25.234220626674045 ] ], [ [ 55.292310669705287, 25.240023737664117 ], [ 55.292355843941067, 25.240009453676244 ], [ 55.2928836, 25.2402238 ], [ 55.292915070247766, 25.240160068358414 ], [ 55.2929825, 25.240155 ], [ 55.292906852480471, 25.240112687296531 ], [ 55.2928806, 25.2400319 ], [ 55.292752002734439, 25.239976424137136 ], [ 55.292764045019048, 25.239930940126516 ], [ 55.2928022, 25.2399455 ], [ 55.2928475, 25.2399229 ], [ 55.2928287, 25.2398921 ], [ 55.292779317452094, 25.239873255707646 ], [ 55.2927152, 25.2397771 ], [ 55.292595754299477, 25.239731519551079 ], [ 55.2927521, 25.239757 ], [ 55.292614484313873, 25.239683271729707 ], [ 55.2926629, 25.2396997 ], [ 55.2926927, 25.239679 ], [ 55.292632249615885, 25.239637508930645 ], [ 55.2925734, 25.2395332 ], [ 55.292489072288461, 25.239501020429849 ], [ 55.292607, 25.2395138 ], [ 55.292541251390929, 25.239477274988491 ], [ 55.2925724, 25.2394631 ], [ 55.2925326, 25.2393916 ], [ 55.29225056292961, 25.239269618540717 ], [ 55.292335118544031, 25.239227340759367 ], [ 55.292428631661686, 25.239245885678894 ], [ 55.292428631661686, 25.239200969914691 ], [ 55.29239033807459, 25.239186356959216 ], [ 55.292266169714445, 25.239012882571469 ], [ 55.2923023, 25.2389932 ], [ 55.292264435113488, 25.238934328724284 ], [ 55.293576222205864, 25.239434905573159 ], [ 55.293576222090898, 25.239477519860142 ], [ 55.2938213319106, 25.239571051818412 ], [ 55.293810411156855, 25.239594621278854 ], [ 55.293900895990255, 25.239736160018719 ], [ 55.293604107548155, 25.239622908159138 ], [ 55.293504862781816, 25.239632321283857 ], [ 55.293227752093664, 25.239543716913442 ], [ 55.293048088914553, 25.239678463860649 ], [ 55.293048088714364, 25.239768295379577 ], [ 55.293093004333976, 25.23981321122184 ], [ 55.293371862710011, 25.239919622141983 ], [ 55.293596441531044, 25.23987470637778 ], [ 55.293641357295471, 25.239823288009962 ], [ 55.293821020352077, 25.239874706377776 ], [ 55.293910851880483, 25.23978487484937 ], [ 55.293910851880575, 25.239750969574942 ], [ 55.293983707839381, 25.23977877063848 ], [ 55.293933604551611, 25.239803323586511 ], [ 55.294183097296298, 25.24021995001744 ], [ 55.293955879143049, 25.24016945643298 ], [ 55.293943865852505, 25.240229807259766 ], [ 55.293309484433998, 25.240004550268218 ], [ 55.293342630666814, 25.240063035808593 ], [ 55.29324308453949, 25.240025049614225 ], [ 55.293183084553185, 25.240050549019408 ], [ 55.293203183994699, 25.240089349192452 ], [ 55.293843605840287, 25.240333728795704 ], [ 55.293232783682811, 25.240102849471455 ], [ 55.293113383581904, 25.240164548281694 ], [ 55.293220107236422, 25.240322031565256 ], [ 55.29319522322421, 25.240334880932092 ], [ 55.292914983697671, 25.240242846318157 ], [ 55.292885765571413, 25.240258245909988 ], [ 55.292310669705287, 25.240023737664117 ] ], [ [ 55.293873439383269, 25.24589512243687 ], [ 55.293821020352205, 25.245887713742174 ], [ 55.293821020352418, 25.245875120704252 ], [ 55.293873439383269, 25.24589512243687 ] ], [ [ 55.293760481239545, 25.245966108868217 ], [ 55.293687692545667, 25.245938334546008 ], [ 55.293765806624258, 25.245938334548352 ], [ 55.293760481239545, 25.245966108868217 ] ], [ [ 55.293728810801731, 25.247180273307702 ], [ 55.293736605264208, 25.247175881906493 ], [ 55.293742714230191, 25.247185578456879 ], [ 55.29372894106703, 25.247180323013211 ], [ 55.293728810801731, 25.247180273307702 ] ], [ [ 55.292998796624751, 25.248633280408885 ], [ 55.293059927082808, 25.248633280411216 ], [ 55.293088464137597, 25.248667495100655 ], [ 55.293005434425588, 25.248635813216193 ], [ 55.292998796624751, 25.248633280408885 ] ], [ [ 55.2922857, 25.2482817 ], [ 55.292273637584721, 25.24826346892841 ], [ 55.292786350618037, 25.248459108815354 ], [ 55.292786350472383, 25.248559175416734 ], [ 55.292247662761113, 25.248353609322596 ], [ 55.2922857, 25.2482817 ] ], [ [ 55.29278396621411, 25.234152732813417 ], [ 55.292475079210035, 25.234034856878157 ], [ 55.292475497130134, 25.234030814305505 ], [ 55.292788787163921, 25.234150370499389 ], [ 55.29278396621411, 25.234152732813417 ] ], [ [ 55.292608767289671, 25.236834510831429 ], [ 55.292610010208669, 25.236821668345204 ], [ 55.292732094426178, 25.236881573374585 ], [ 55.292608767289671, 25.236834510831429 ] ], [ [ 55.291952888362893, 25.239747665721993 ], [ 55.292004752642775, 25.239716077051504 ], [ 55.292353927238771, 25.239849323286425 ], [ 55.292342020126661, 25.239873217089958 ], [ 55.292257618828089, 25.239864939927852 ], [ 55.291952888362893, 25.239747665721993 ] ], [ [ 55.291534164880197, 25.240549263316851 ], [ 55.2917156, 25.2406185 ], [ 55.291873331409043, 25.240539341165238 ], [ 55.292087823235732, 25.240621191871764 ], [ 55.291924839477204, 25.240699047787032 ], [ 55.291534164880197, 25.240549263316851 ] ], [ [ 55.291872387950306, 25.239246468044687 ], [ 55.291885943294105, 25.239270863717298 ], [ 55.291598710469621, 25.239161253242241 ], [ 55.291621926601138, 25.23915088987361 ], [ 55.291872387950306, 25.239246468044687 ] ], [ [ 55.2917034, 25.2391295 ], [ 55.291744616429966, 25.239109798318339 ], [ 55.291882025086245, 25.239175056900489 ], [ 55.291867802245598, 25.239220283817343 ], [ 55.29163023224875, 25.239129625083919 ], [ 55.291639023438762, 25.239104933306315 ], [ 55.2917034, 25.2391295 ] ], [ [ 55.291081158735508, 25.233811078209971 ], [ 55.290930742242601, 25.233752878919365 ], [ 55.291426167379463, 25.233941946668832 ], [ 55.291364965117488, 25.23397163479363 ], [ 55.291497393023576, 25.234194725408784 ], [ 55.291157934329298, 25.234065179368709 ], [ 55.291122279477818, 25.234081686806359 ], [ 55.291065912398444, 25.233984922841568 ], [ 55.291170990263922, 25.233990741266794 ], [ 55.291170990263922, 25.233945825502591 ], [ 55.291053295010116, 25.233900909744229 ], [ 55.291081158735508, 25.233900909738377 ], [ 55.291081158735508, 25.233811078209971 ] ], [ [ 55.291462258227583, 25.233702924746815 ], [ 55.291411278012625, 25.23373506043232 ], [ 55.291279842196396, 25.233684901065452 ], [ 55.291259349798615, 25.233626150835978 ], [ 55.291462258227583, 25.233702924746815 ] ], [ [ 55.290820898272294, 25.241437357090504 ], [ 55.290913273846726, 25.241485746561388 ], [ 55.290740928393603, 25.241425422112588 ], [ 55.2908005, 25.241395 ], [ 55.290766664773599, 25.241340745070062 ], [ 55.290860724431646, 25.241402063908605 ], [ 55.290799499270534, 25.241407056682664 ], [ 55.290820898272294, 25.241437357090504 ] ], [ [ 55.290374849463959, 25.244863590547279 ], [ 55.290277655693316, 25.244826500947077 ], [ 55.290320012327328, 25.244815771254448 ], [ 55.290374849500047, 25.244836697371081 ], [ 55.290374849463959, 25.244863590547279 ] ], [ [ 55.290134901996964, 25.239914719594374 ], [ 55.290171003706995, 25.239928496701335 ], [ 55.290188680385775, 25.239957299293199 ], [ 55.290117693029451, 25.239930209156945 ], [ 55.290134901996964, 25.239914719594374 ] ] ], [ [ [ 55.319917079355747, 25.247779880878021 ], [ 55.319961995119954, 25.247779880878028 ], [ 55.319961995119954, 25.247734965113825 ], [ 55.319666067468717, 25.247639238630143 ], [ 55.319666067378556, 25.247684154390146 ], [ 55.319917079355747, 25.247779880878021 ] ] ], [ [ [ 55.3200103, 25.2392142 ], [ 55.3200191, 25.2391863 ], [ 55.319544475661012, 25.239012157092123 ], [ 55.319535675580767, 25.239040057063427 ], [ 55.3200103, 25.2392142 ] ] ], [ [ [ 55.319777646781411, 25.231062951889555 ], [ 55.319917079355747, 25.231116132357609 ], [ 55.32000691088416, 25.231116132357606 ], [ 55.32000691088416, 25.231071216593403 ], [ 55.319867478315501, 25.231018036210493 ], [ 55.319777646831454, 25.231018036127686 ], [ 55.319777646781411, 25.231062951889555 ] ] ], [ [ [ 55.319777647431998, 25.230479046985156 ], [ 55.319917079355747, 25.230532227422934 ], [ 55.32000691088416, 25.230532227422934 ], [ 55.32000691088416, 25.230442395894524 ], [ 55.319867479016125, 25.230389215544207 ], [ 55.319777647532085, 25.23038921546139 ], [ 55.319777647431998, 25.230479046985156 ] ] ], [ [ [ 55.319602669006308, 25.250384995201973 ], [ 55.319692500534714, 25.250384995201976 ], [ 55.319692500534714, 25.250340079437773 ], [ 55.319371756770018, 25.250217761404738 ], [ 55.319281925343759, 25.250217761214135 ], [ 55.319281925228537, 25.25026267697298 ], [ 55.319602669006308, 25.250384995201973 ] ] ], [ [ [ 55.319687810942945, 25.234970623090085 ], [ 55.319827247827334, 25.235023803843529 ], [ 55.31987216359154, 25.235023803843529 ], [ 55.31987216359154, 25.234978888079326 ], [ 55.319732726735019, 25.234925707369626 ], [ 55.319687810993003, 25.23492570732822 ], [ 55.319687810942945, 25.234970623090085 ] ] ], [ [ [ 55.316512421026999, 25.229122404431664 ], [ 55.3197297, 25.2303678 ], [ 55.3198521, 25.2302482 ], [ 55.3197362, 25.2301709 ], [ 55.31659902377671, 25.228974306400691 ], [ 55.316505121932849, 25.229089504318697 ], [ 55.316512421026999, 25.229122404431664 ] ] ], [ [ [ 55.319508148225175, 25.23474604411506 ], [ 55.319508148175117, 25.234790959876939 ], [ 55.319647584770507, 25.234844140786709 ], [ 55.319782332063127, 25.234844140786713 ], [ 55.319782332063127, 25.234799225022496 ], [ 55.31964289545121, 25.234746044239287 ], [ 55.319508148225175, 25.23474604411506 ] ] ], [ [ [ 55.319193742685691, 25.230568877970654 ], [ 55.319193742585604, 25.23065870949441 ], [ 55.319373405496734, 25.230711890480396 ], [ 55.319373405418581, 25.230782803834298 ], [ 55.31919374248551, 25.230748541018162 ], [ 55.31919374238543, 25.230838372541918 ], [ 55.319512837477895, 25.230936469300786 ], [ 55.319557753242101, 25.230936469300786 ], [ 55.319782332063127, 25.230801722008177 ], [ 55.319827247827334, 25.230666974715554 ], [ 55.319827247827334, 25.230622058951344 ], [ 55.319782332063127, 25.230577143187144 ], [ 55.319582790423091, 25.230523962573461 ], [ 55.3196845, 25.230399 ], [ 55.3196674, 25.2303538 ], [ 55.319219205683055, 25.230176557566686 ], [ 55.319188605728407, 25.230176557482061 ], [ 55.319058505386089, 25.230336657097393 ], [ 55.319059805248799, 25.230377157094672 ], [ 55.319526335834816, 25.230544012169162 ], [ 55.319467945083467, 25.23058780519445 ], [ 55.319373405653764, 25.230568878136271 ], [ 55.31937340560372, 25.230613793898151 ], [ 55.319413104537503, 25.230628935516531 ], [ 55.319378090185751, 25.230655196198455 ], [ 55.319378090185275, 25.230622058951351 ], [ 55.319193742685691, 25.230568877970654 ] ] ], [ [ [ 55.319118656190817, 25.245022254979315 ], [ 55.31911865608545, 25.245053754974414 ], [ 55.3195645, 25.2452133 ], [ 55.3195645, 25.2451818 ], [ 55.319118656190817, 25.245022254979315 ] ] ], [ [ [ 55.319557753242101, 25.234933972315122 ], [ 55.319418316590983, 25.234880791317863 ], [ 55.319283569364941, 25.234880791193635 ], [ 55.319283569314891, 25.234925706955519 ], [ 55.319373400698801, 25.235015538562092 ], [ 55.319512837477895, 25.235068719607739 ], [ 55.319647584770507, 25.235068719607735 ], [ 55.319647584770507, 25.235023803843532 ], [ 55.319557753242101, 25.234933972315122 ] ] ], [ [ [ 55.319463232683376, 25.234566381026134 ], [ 55.319602669006308, 25.234619561965669 ], [ 55.319647584770507, 25.234619561965676 ], [ 55.319647584770507, 25.234574646201473 ], [ 55.31950814847545, 25.234521465305669 ], [ 55.319463232733433, 25.234521465264262 ], [ 55.319463232683376, 25.234566381026134 ] ] ], [ [ [ 55.318857582200579, 25.24875147413416 ], [ 55.318857581997968, 25.248851962808139 ], [ 55.319108595600035, 25.248947690747379 ], [ 55.319243342892655, 25.248947690747379 ], [ 55.319288258656862, 25.248633280397947 ], [ 55.319018764071686, 25.248537552760141 ], [ 55.319018764071629, 25.248498533105327 ], [ 55.318708890595765, 25.248397486743368 ], [ 55.318708890500595, 25.248442402503144 ], [ 55.318958387565694, 25.248537552658359 ], [ 55.318895305125423, 25.248641770196055 ], [ 55.318767751000344, 25.248627383858921 ], [ 55.318767750820008, 25.248717215378946 ], [ 55.318857582200579, 25.24875147413416 ] ] ], [ [ [ 55.318753806508127, 25.248307655302529 ], [ 55.318753806412957, 25.248352571062309 ], [ 55.319018764071629, 25.24845361734112 ], [ 55.319108595600035, 25.248453617341116 ], [ 55.319108595600035, 25.248408701576913 ], [ 55.318973848307564, 25.248357313478135 ], [ 55.318973848307422, 25.248273954284297 ], [ 55.318663975349629, 25.248172907865747 ], [ 55.318663975159282, 25.248262739385311 ], [ 55.318781750701838, 25.248307655357362 ], [ 55.318753806508127, 25.248307655302529 ] ] ], [ [ [ 55.3190747, 25.2446797 ], [ 55.3191079, 25.2446796 ], [ 55.3191077, 25.2446238 ], [ 55.317610310649393, 25.244065483297085 ], [ 55.317610509995085, 25.244121283268623 ], [ 55.3190747, 25.2446797 ] ] ], [ [ [ 55.318704353722183, 25.248139206991677 ], [ 55.318749269486389, 25.24813920699167 ], [ 55.318749269486389, 25.248094291227474 ], [ 55.318453342193024, 25.247998562696708 ], [ 55.318453342102856, 25.248043478456719 ], [ 55.318704353722183, 25.248139206991677 ] ] ], [ [ [ 55.318247332607847, 25.248589549367363 ], [ 55.318214817082577, 25.248666980436123 ], [ 55.318479774901157, 25.248768027690563 ], [ 55.318614522193769, 25.248768027690566 ], [ 55.318659437957976, 25.248723111926356 ], [ 55.318659437957976, 25.24867819616215 ], [ 55.318614522193769, 25.248633280397947 ], [ 55.318349564534138, 25.248532233392947 ], [ 55.318228762489881, 25.248537551443974 ], [ 55.318247332607847, 25.248589549367363 ] ] ], [ [ [ 55.317106510362251, 25.244313378283255 ], [ 55.3185707, 25.2448718 ], [ 55.318631, 25.2448705 ], [ 55.3186296, 25.244822 ], [ 55.318120448787667, 25.244627819111752 ], [ 55.318120448787504, 25.244545945855197 ], [ 55.317967057473645, 25.244487444744944 ], [ 55.317877225994089, 25.24448744465381 ], [ 55.317877225936201, 25.244535057576744 ], [ 55.317165410639539, 25.24426357888078 ], [ 55.317105210936809, 25.244264878297102 ], [ 55.317106510362251, 25.244313378283255 ] ] ], [ [ [ 55.318312438176051, 25.244886368705014 ], [ 55.318312438115946, 25.244931284466425 ], [ 55.318357353793417, 25.244976200277542 ], [ 55.31856960642957, 25.245040019261467 ], [ 55.31856960642957, 25.244950187733053 ], [ 55.31840226965118, 25.244886368804433 ], [ 55.318312438176051, 25.244886368705014 ] ] ], [ [ [ 55.31830011184433, 25.245309513846703 ], [ 55.318263519226257, 25.245126550810209 ], [ 55.318389943372743, 25.245174766554079 ], [ 55.31843485913695, 25.245174766554083 ], [ 55.31843485913695, 25.245129850789883 ], [ 55.318160889994182, 25.245048968383564 ], [ 55.318120448787504, 25.24486035620464 ], [ 55.317922141348241, 25.244801855030875 ], [ 55.317877225553367, 25.24484677074695 ], [ 55.317877225277918, 25.245071349555158 ], [ 55.31805688817203, 25.245129850795536 ], [ 55.318056888147368, 25.245150525626919 ], [ 55.317877225222837, 25.245116265316796 ], [ 55.317877225167742, 25.245161181078444 ], [ 55.318056888063282, 25.245219682323945 ], [ 55.318056887851405, 25.245385760068928 ], [ 55.318210280315917, 25.245444261139319 ], [ 55.318255196080123, 25.245444261139319 ], [ 55.31830011184433, 25.245399345375116 ], [ 55.31830011184433, 25.245309513846703 ] ] ], [ [ [ 55.317883380438786, 25.249261521330318 ], [ 55.317748633259441, 25.249261521119013 ], [ 55.317748633174283, 25.249306436879259 ], [ 55.317793548815573, 25.249351352709937 ], [ 55.318030617259097, 25.249441764153648 ], [ 55.318075533023304, 25.249441764153648 ], [ 55.318120448787504, 25.249396848389438 ], [ 55.318120448787504, 25.249351932625242 ], [ 55.317883380438786, 25.249261521330318 ] ] ], [ [ [ 55.317985701494891, 25.248363785812703 ], [ 55.317985701494891, 25.2483188700485 ], [ 55.317731609618129, 25.248239095227227 ], [ 55.317731609542989, 25.248284010987934 ], [ 55.317985701494891, 25.248363785812703 ] ] ], [ [ [ 55.317716206909651, 25.232643268340617 ], [ 55.317531857979127, 25.232590085723075 ], [ 55.317486942187067, 25.232635001443533 ], [ 55.317486942086973, 25.232724832967289 ], [ 55.317626375381238, 25.232778015633237 ], [ 55.317761122673858, 25.23277801563324 ], [ 55.317761122673858, 25.232688184104823 ], [ 55.317716206909651, 25.232643268340617 ] ] ], [ [ [ 55.317107, 25.2441375 ], [ 55.3171069, 25.2440217 ], [ 55.316647963735576, 25.243862148323899 ], [ 55.316648063348104, 25.243977948306128 ], [ 55.317107, 25.2441375 ] ] ], [ [ [ 55.31672806009712, 25.244411198562588 ], [ 55.316574669705744, 25.244352696047464 ], [ 55.316529753965959, 25.244352696001894 ], [ 55.316529753855789, 25.244442527525173 ], [ 55.316683144332913, 25.244501030090998 ], [ 55.31672806009712, 25.244501030090994 ], [ 55.31672806009712, 25.244411198562588 ] ] ], [ [ [ 55.316458565511887, 25.244680693147824 ], [ 55.316458565511887, 25.244635777383614 ], [ 55.316305174991641, 25.244577274582262 ], [ 55.316215343512091, 25.244577274491135 ], [ 55.316215343457003, 25.244622190252773 ], [ 55.316368733983474, 25.244680693147817 ], [ 55.316458565511887, 25.244680693147824 ] ] ], [ [ [ 55.316233986690854, 25.244411198562585 ], [ 55.316278902455061, 25.244411198562581 ], [ 55.316278902455061, 25.244366282798374 ], [ 55.31608059662328, 25.244307779784602 ], [ 55.316080596568192, 25.244352695546244 ], [ 55.316233986690854, 25.244411198562585 ] ] ], [ [ [ 55.316144155162441, 25.244231535505762 ], [ 55.316144155162441, 25.244186619741555 ], [ 55.315931905107085, 25.244122798126504 ], [ 55.315931905046995, 25.244167713887915 ], [ 55.316144155162441, 25.244231535505762 ] ] ], [ [ [ 55.315458032458139, 25.237427398746018 ], [ 55.315191543958981, 25.237342885192319 ], [ 55.315191543858866, 25.237387800951858 ], [ 55.315739913284588, 25.237584002403274 ], [ 55.315784829048795, 25.237584002403274 ], [ 55.315784829048795, 25.237539086639067 ], [ 55.315667070334598, 25.237494170879046 ], [ 55.315829744813001, 25.237494170874861 ], [ 55.315829744813001, 25.237449255110658 ], [ 55.315536925976055, 25.237337567378912 ], [ 55.315357263105739, 25.237337567031059 ], [ 55.315357263000614, 25.237382482790352 ], [ 55.315458032458139, 25.237427398746018 ] ] ], [ [ [ 55.315470418699356, 25.237314507818041 ], [ 55.315650081756175, 25.237314507818034 ], [ 55.315650081756175, 25.237269592053835 ], [ 55.315281375899168, 25.237118306560298 ], [ 55.315236460179364, 25.237118306477473 ], [ 55.31519154435945, 25.237163222154187 ], [ 55.315191544259335, 25.237208137913715 ], [ 55.315470418699356, 25.237314507818041 ] ] ], [ [ [ 55.315156008349909, 25.244231535505758 ], [ 55.315245839878322, 25.244231535505758 ], [ 55.315245839878322, 25.244186619741555 ], [ 55.314980894804343, 25.24408556727203 ], [ 55.314891063360335, 25.244085567114624 ], [ 55.314891063265186, 25.2441304828744 ], [ 55.315156008349909, 25.244231535505758 ] ] ], [ [ [ 55.314778035046267, 25.248484944295416 ], [ 55.314822950730935, 25.248529860102632 ], [ 55.31497634529309, 25.248588364633736 ], [ 55.31506617682151, 25.24858836463374 ], [ 55.31506617682151, 25.248498533105323 ], [ 55.314912782320683, 25.248440028670498 ], [ 55.314778035101362, 25.248440028533778 ], [ 55.314778035046267, 25.248484944295416 ] ] ], [ [ [ 55.31438773821472, 25.24858009405024 ], [ 55.314572103415237, 25.248633280397939 ], [ 55.314661934943643, 25.24858836463374 ], [ 55.314661934943643, 25.248543448869526 ], [ 55.314522485540863, 25.24849026265078 ], [ 55.314387738314899, 25.248490262526502 ], [ 55.31438773821472, 25.24858009405024 ] ] ], [ [ [ 55.313943282716352, 25.241042516247134 ], [ 55.313943282716352, 25.240997600482928 ], [ 55.313678345620872, 25.240896546046411 ], [ 55.313588514176864, 25.240896545889036 ], [ 55.313588514081736, 25.240941461648802 ], [ 55.313853451187939, 25.241042516247131 ], [ 55.313943282716352, 25.241042516247134 ] ] ], [ [ [ 55.312169566174227, 25.254414421856179 ], [ 55.31215861202957, 25.254459337532005 ], [ 55.313179714724846, 25.254831655858364 ], [ 55.313179714724846, 25.254786740094161 ], [ 55.312944181924983, 25.254696908572178 ], [ 55.313000051668027, 25.254696908565752 ], [ 55.313000051668027, 25.254651992801545 ], [ 55.311995975697187, 25.254269035890424 ], [ 55.311906144488809, 25.254269035293746 ], [ 55.311906144128066, 25.254313951041105 ], [ 55.312169566174227, 25.254414421856179 ] ] ], [ [ [ 55.312928703244722, 25.250424004564199 ], [ 55.313179714724846, 25.250519742494596 ], [ 55.313224630489053, 25.2505197424946 ], [ 55.313224630489053, 25.25047482673039 ], [ 55.313159601507806, 25.25045002418927 ], [ 55.313179714724846, 25.250384995201976 ], [ 55.312928703515226, 25.250289257284216 ], [ 55.312793956342595, 25.250289257060498 ], [ 55.31279395625242, 25.25033417282048 ], [ 55.312928703244722, 25.250424004564199 ] ] ], [ [ [ 55.31095349955099, 25.253964451236445 ], [ 55.310904233226303, 25.254148463813564 ], [ 55.311139757612061, 25.254238296300819 ], [ 55.311083895451048, 25.254238296050641 ], [ 55.311017199001938, 25.254304992050301 ], [ 55.310794297266469, 25.254219973863481 ], [ 55.310749381588948, 25.254219973701886 ], [ 55.310749381393556, 25.254264889456948 ], [ 55.310994063529776, 25.254358215061387 ], [ 55.31126355635309, 25.254597622811161 ], [ 55.312371230969148, 25.255011318915194 ], [ 55.312416146733348, 25.255011318915191 ], [ 55.31238750526034, 25.254880478764655 ], [ 55.312730557082787, 25.255011318915191 ], [ 55.312910220139621, 25.255011318915194 ], [ 55.312910220139621, 25.254966403150991 ], [ 55.3128203886112, 25.254921487386781 ], [ 55.312113798759349, 25.254651992816552 ], [ 55.312191567912315, 25.254651992801538 ], [ 55.312191567912315, 25.254517245508925 ], [ 55.311832241800268, 25.254380196290644 ], [ 55.311832241798676, 25.254247750923692 ], [ 55.311570135317254, 25.254117653226821 ], [ 55.3116809, 25.2541599 ], [ 55.311821502309883, 25.254095141925173 ], [ 55.312550894025975, 25.254382498216305 ], [ 55.31261289961455, 25.254365408397693 ], [ 55.3128203886112, 25.254427413980512 ], [ 55.3128203886112, 25.254382498216302 ], [ 55.312640725554779, 25.254313974587536 ], [ 55.312640725554381, 25.254247750923685 ], [ 55.312281399441247, 25.254110702731811 ], [ 55.312281399440728, 25.25406808786687 ], [ 55.311989861449966, 25.253956893407413 ], [ 55.312685641318581, 25.254202835159482 ], [ 55.312775472846994, 25.254113003631069 ], [ 55.312775472846994, 25.254068087866862 ], [ 55.312730557082787, 25.254023172102666 ], [ 55.31223076357135, 25.253828372339655 ], [ 55.3122931, 25.253714 ], [ 55.31156735845952, 25.253430849582976 ], [ 55.311505926724529, 25.25354356096091 ], [ 55.311395228996439, 25.253535601916401 ], [ 55.311395228585617, 25.253625433425615 ], [ 55.311687905866833, 25.253737064062754 ], [ 55.311687905727425, 25.253762546676601 ], [ 55.311758872104413, 25.25379003345029 ], [ 55.311305858106159, 25.253617248453722 ], [ 55.311120506027827, 25.253702616746988 ], [ 55.310924340323751, 25.253627795966882 ], [ 55.310789593357853, 25.253627795357794 ], [ 55.310699761414448, 25.253743653581761 ], [ 55.3104390167695, 25.253644200425303 ], [ 55.310380016765755, 25.25367079998437 ], [ 55.310432415724655, 25.253765700327158 ], [ 55.31095349955099, 25.253964451236445 ] ] ], [ [ [ 55.312191567912315, 25.253618930224803 ], [ 55.312236483676521, 25.2536189302248 ], [ 55.312236483676521, 25.2535740144606 ], [ 55.311577972190477, 25.253339982977948 ], [ 55.311577971970038, 25.253384898731863 ], [ 55.312191567912315, 25.253618930224803 ] ] ], [ [ [ 55.311556452057509, 25.238764226323969 ], [ 55.311556451942373, 25.238809142082797 ], [ 55.311877157562876, 25.238931475329455 ], [ 55.312011904855503, 25.238931475329451 ], [ 55.312011904855503, 25.238841643801035 ], [ 55.311691199312008, 25.238719310850886 ], [ 55.311601367885764, 25.238719310660397 ], [ 55.311556452057509, 25.238764226323969 ] ] ], [ [ [ 55.311203421099783, 25.253349435639564 ], [ 55.311073363949482, 25.253299829735347 ], [ 55.311158505335584, 25.253169772582751 ], [ 55.311158505335584, 25.253124856818541 ], [ 55.310754092629622, 25.252970606373911 ], [ 55.310659160486942, 25.252975706855636 ], [ 55.30936934539092, 25.252483736873913 ], [ 55.309286345421086, 25.252517936066969 ], [ 55.309475440151473, 25.252892737662229 ], [ 55.3109118, 25.2534406 ], [ 55.31124833686399, 25.253529098696397 ], [ 55.31124833686399, 25.25339435140377 ], [ 55.311203421099783, 25.253349435639564 ] ] ], [ [ [ 55.303158819789431, 25.23326380890267 ], [ 55.303298246599532, 25.233317004803705 ], [ 55.303343162363738, 25.233317004803705 ], [ 55.303343162363738, 25.233272089039495 ], [ 55.303203735581455, 25.233218893182212 ], [ 55.303158819839467, 25.233218893140815 ], [ 55.303158819789431, 25.23326380890267 ] ] ], [ [ [ 55.302934240228886, 25.234027376647155 ], [ 55.303073667778506, 25.234080572795204 ], [ 55.303118583542712, 25.234080572795207 ], [ 55.303118583542712, 25.234035657030997 ], [ 55.302979156020903, 25.2339824609267 ], [ 55.302934240278923, 25.233982460885304 ], [ 55.302934240228886, 25.234027376647155 ] ] ], [ [ [ 55.302033734432079, 25.23315390790523 ], [ 55.30215446567702, 25.233199971962364 ], [ 55.302138108975491, 25.233289803443174 ], [ 55.302183024360566, 25.233424550811311 ], [ 55.30257959437224, 25.233586499388942 ], [ 55.302645781285129, 25.233586499404311 ], [ 55.302677096678593, 25.233649130608221 ], [ 55.302983836250093, 25.233766162445765 ], [ 55.303118583542712, 25.233766162445765 ], [ 55.303118583542712, 25.233721246681558 ], [ 55.302983836250093, 25.233586499388945 ], [ 55.302693337725806, 25.233475663958693 ], [ 55.302534678608033, 25.233317004803705 ], [ 55.302033934556036, 25.233109307911526 ], [ 55.302013534554824, 25.233118807863292 ], [ 55.302033734432079, 25.23315390790523 ] ] ], [ [ [ 55.302669425900653, 25.233900909738381 ], [ 55.302390571730008, 25.233794516590255 ], [ 55.302300740290491, 25.23379451642468 ], [ 55.30225582427051, 25.233929263620357 ], [ 55.30271434166486, 25.234080572795207 ], [ 55.302759257429059, 25.2340805727952 ], [ 55.302759257429152, 25.234046299002799 ], [ 55.302894004721679, 25.234080572795204 ], [ 55.302894004721679, 25.234035657031001 ], [ 55.302666424195976, 25.233948827210426 ], [ 55.302669425900653, 25.233900909738381 ] ] ], [ [ [ 55.302489762843827, 25.234350067380444 ], [ 55.302489762843827, 25.234305151616233 ], [ 55.30244484707962, 25.23426023585203 ], [ 55.302179935055875, 25.234159161944177 ], [ 55.302135019333903, 25.234159161865527 ], [ 55.302090103516854, 25.234204077546597 ], [ 55.302090103326698, 25.23429390906605 ], [ 55.302355015551207, 25.234394983144647 ], [ 55.30244484707962, 25.23439498314465 ], [ 55.302489762843827, 25.234350067380444 ] ] ], [ [ [ 55.302399931315414, 25.234619561965676 ], [ 55.30244484707962, 25.234619561965676 ], [ 55.30244484707962, 25.234574646201473 ], [ 55.302121075910307, 25.234468252485904 ], [ 55.302121075810227, 25.2345131682454 ], [ 55.302399931315414, 25.234619561965676 ] ] ], [ [ [ 55.301950773673354, 25.234844140786709 ], [ 55.301995689437561, 25.234844140786709 ], [ 55.302040605201768, 25.234799225022499 ], [ 55.302040605201768, 25.234709393494093 ], [ 55.301995689437561, 25.234664477729886 ], [ 55.301671918512625, 25.234558083176946 ], [ 55.30162700269279, 25.234602998853646 ], [ 55.30162700249263, 25.234692830372634 ], [ 55.301671918112312, 25.234737746214918 ], [ 55.301950773673354, 25.234844140786709 ] ] ], [ [ [ 55.301713748030011, 25.233900305988957 ], [ 55.301668832218517, 25.23394522167877 ], [ 55.301668832069673, 25.234024411895408 ], [ 55.301489169227786, 25.233990137157477 ], [ 55.30148916914272, 25.234035052917676 ], [ 55.301905857909148, 25.234170404323628 ], [ 55.302040605201768, 25.234170404323624 ], [ 55.302040605201768, 25.234035657031004 ], [ 55.301995689437561, 25.233990741266805 ], [ 55.301713748030011, 25.233900305988957 ] ] ], [ [ [ 55.301995689437561, 25.233451752096318 ], [ 55.301950773673354, 25.233406836332115 ], [ 55.301681279090154, 25.233304012324766 ], [ 55.301681279088122, 25.233227173275292 ], [ 55.301551234145073, 25.233177555163813 ], [ 55.301591447559709, 25.233137341746879 ], [ 55.301591447559709, 25.233047510218469 ], [ 55.301187113483543, 25.232893237238358 ], [ 55.30105236638429, 25.232893236878212 ], [ 55.301007450539444, 25.232938152515537 ], [ 55.301007450249244, 25.233027984030276 ], [ 55.301173170269706, 25.233091214577748 ], [ 55.301173169897694, 25.233202327761493 ], [ 55.301218085445115, 25.233247243642818 ], [ 55.301582089684828, 25.233386128474162 ], [ 55.301582089575007, 25.233435189024043 ], [ 55.301860942144941, 25.233541583624728 ], [ 55.301950773673354, 25.233541583624731 ], [ 55.301995689437561, 25.233496667860535 ], [ 55.301995689437561, 25.233451752096318 ] ] ], [ [ [ 55.301816026380735, 25.235248382664562 ], [ 55.301905857909148, 25.235248382664562 ], [ 55.301905857909148, 25.235203466900362 ], [ 55.301613058789513, 25.235091752460246 ], [ 55.301523227354458, 25.23509175228638 ], [ 55.301523227249369, 25.23513666804563 ], [ 55.301816026380735, 25.235248382664562 ] ] ], [ [ [ 55.301771110616528, 25.233766162445765 ], [ 55.301860942144941, 25.233766162445768 ], [ 55.301860942144941, 25.233721246681558 ], [ 55.301707572947834, 25.233662729703038 ], [ 55.301617741468313, 25.233662729611972 ], [ 55.301617741413274, 25.233707645373578 ], [ 55.301771110616528, 25.233766162445765 ] ] ], [ [ [ 55.301771110616528, 25.234215320087824 ], [ 55.301816026380735, 25.234215320087827 ], [ 55.301816026380735, 25.234170404323621 ], [ 55.301534084784073, 25.234079968748254 ], [ 55.301534084699, 25.23412488450845 ], [ 55.301771110616528, 25.234215320087824 ] ] ], [ [ [ 55.301591447559709, 25.230981385064993 ], [ 55.301636363323915, 25.230981385065 ], [ 55.301636363323915, 25.23093646930079 ], [ 55.301382312637031, 25.230856673229937 ], [ 55.301382312561984, 25.230901588990612 ], [ 55.301591447559709, 25.230981385064993 ] ] ], [ [ [ 55.3006536, 25.2307175 ], [ 55.300648216511391, 25.230622058951344 ], [ 55.30046696729039, 25.230552901264442 ], [ 55.300422051555074, 25.230552901210636 ], [ 55.300422051444933, 25.230629150050866 ], [ 55.300235332567055, 25.230557905017267 ], [ 55.300181632561568, 25.230583404864785 ], [ 55.300234232181083, 25.230673904995935 ], [ 55.300584682953456, 25.230807623715279 ], [ 55.300584682866123, 25.230877951344741 ], [ 55.300782963803996, 25.230936469300783 ], [ 55.300827879568203, 25.23089155353658 ], [ 55.300827879568203, 25.230846637772373 ], [ 55.300679572816236, 25.230762272206054 ], [ 55.3006536, 25.2307175 ] ] ], [ [ [ 55.30069313227559, 25.230622058951344 ], [ 55.300738048039797, 25.230622058951344 ], [ 55.300738048039797, 25.230577143187141 ], [ 55.300511883090742, 25.230507985557107 ], [ 55.300511883025706, 25.230552901318248 ], [ 55.30069313227559, 25.230622058951344 ] ] ], [ [ [ 55.300374046350335, 25.230962462917478 ], [ 55.300513469218764, 25.231026300829207 ], [ 55.300603300747177, 25.2310263008292 ], [ 55.300603300747177, 25.230891553536583 ], [ 55.300463877972312, 25.230838355279197 ], [ 55.300418962230331, 25.230838355237804 ], [ 55.300374046419556, 25.230900409055412 ], [ 55.300270272687811, 25.230877951026034 ], [ 55.300270272632787, 25.230922866787658 ], [ 55.300374046350335, 25.230962462917478 ] ] ], [ [ [ 55.300468553454564, 25.230307648601904 ], [ 55.300288890397731, 25.230083069780871 ], [ 55.300171175926756, 25.230038154022516 ], [ 55.300199058869325, 25.230038154016668 ], [ 55.300199058869325, 25.229993238252462 ], [ 55.299864447306454, 25.229865561442814 ], [ 55.299774615884722, 25.22986556124415 ], [ 55.299774615764669, 25.22991047700269 ], [ 55.299948098466984, 25.229976672546993 ], [ 55.299886149146865, 25.229976672422108 ], [ 55.299525242458671, 25.229838961296196 ], [ 55.299076085461195, 25.229838960095936 ], [ 55.299076085316123, 25.229883875853286 ], [ 55.299165916570551, 25.229928791850707 ], [ 55.299570238170446, 25.230083069780871 ], [ 55.299899892282667, 25.230083069813997 ], [ 55.300010046388003, 25.230291082962296 ], [ 55.300288890397731, 25.230397480130314 ], [ 55.300468553454564, 25.230397480130311 ], [ 55.300468553454564, 25.230307648601904 ] ] ], [ [ [ 55.295420807770327, 25.229695303943313 ], [ 55.295425031108302, 25.229896090002498 ], [ 55.295058392376234, 25.229756178587348 ], [ 55.294922299811866, 25.229779308579023 ], [ 55.294757924979912, 25.229716581652831 ], [ 55.294713009331325, 25.229716581437629 ], [ 55.294713009071224, 25.229761497189514 ], [ 55.294839845891978, 25.229820535113458 ], [ 55.294713008811115, 25.229806412941411 ], [ 55.294713008551007, 25.229851328693304 ], [ 55.294788897728118, 25.229886793057858 ], [ 55.294291736526638, 25.229727220077937 ], [ 55.294222008820974, 25.229752031732112 ], [ 55.294067158261527, 25.229727219043319 ], [ 55.29406715801143, 25.229772134795684 ], [ 55.29430255966556, 25.22986196738615 ], [ 55.29429173552623, 25.229906883087398 ], [ 55.294988830221428, 25.230172901309288 ], [ 55.295033745985634, 25.230172901309292 ], [ 55.295033745985634, 25.230127985545078 ], [ 55.294916044382958, 25.230083069785078 ], [ 55.294988830221527, 25.230078323965273 ], [ 55.295707482448726, 25.230352564366111 ], [ 55.295837610923094, 25.230352564368147 ], [ 55.296426134676018, 25.230577143187137 ], [ 55.296560881968638, 25.230577143187137 ], [ 55.296605797732973, 25.230508585172039 ], [ 55.296785460789671, 25.230577143187141 ], [ 55.296920208082284, 25.230577143187137 ], [ 55.296920208082796, 25.230525724992354 ], [ 55.297054955374911, 25.230577143187144 ], [ 55.297507836242168, 25.230569696742702 ], [ 55.298447344065288, 25.230936469300783 ], [ 55.298537175593701, 25.23093646930079 ], [ 55.298537175593701, 25.230891553536583 ], [ 55.298419464769275, 25.23084663778176 ], [ 55.298582091357908, 25.230846637772373 ], [ 55.298582091357908, 25.23080172200817 ], [ 55.298507252621683, 25.230764302646016 ], [ 55.2992109120568, 25.231026300829203 ], [ 55.299570238170446, 25.231026300829203 ], [ 55.299602714392279, 25.230993824612256 ], [ 55.299602714331833, 25.231025694029039 ], [ 55.299839732755672, 25.231116132357613 ], [ 55.300073402312698, 25.231068186427301 ], [ 55.300243974633531, 25.231116132357613 ], [ 55.300243974633531, 25.231071216593403 ], [ 55.300160203526957, 25.231039252649271 ], [ 55.300199058869325, 25.231026300829203 ], [ 55.300199058869325, 25.23093646930079 ], [ 55.299962040483379, 25.23084603155116 ], [ 55.299647630398439, 25.230846031058618 ], [ 55.299615153934717, 25.230943459953153 ], [ 55.299255827821028, 25.230799361422896 ], [ 55.2992109120568, 25.23071189047976 ], [ 55.298569572444457, 25.230467171596388 ], [ 55.298475721245381, 25.230491638965425 ], [ 55.298373436206894, 25.230452609184997 ], [ 55.298402428301458, 25.230239093028207 ], [ 55.298627007122114, 25.230307648601912 ], [ 55.298627007122114, 25.230262732837701 ], [ 55.298366923423053, 25.230163490437395 ], [ 55.298391733944307, 25.230138679943508 ], [ 55.298716838650527, 25.230262732837701 ], [ 55.298761754414734, 25.230262732837698 ], [ 55.298761754415239, 25.230226093009268 ], [ 55.299345659349406, 25.230442395894517 ], [ 55.299435490877819, 25.230442395894521 ], [ 55.299570238170446, 25.230217817073488 ], [ 55.299570238170446, 25.230172901309288 ], [ 55.299525322406232, 25.230127985545082 ], [ 55.298967637611817, 25.229915187948535 ], [ 55.29892272193652, 25.229915187782986 ], [ 55.29882236858483, 25.229982089592319 ], [ 55.298363613328057, 25.229807038317386 ], [ 55.298197892626469, 25.229812357774023 ], [ 55.298197892456379, 25.229857273530197 ], [ 55.298671922886328, 25.230038154016668 ], [ 55.298756749058889, 25.230036244087586 ], [ 55.298671922886832, 25.230121069706307 ], [ 55.298671922886328, 25.230083069780871 ], [ 55.298492259829622, 25.23001451422784 ], [ 55.298492259829501, 25.229993238252462 ], [ 55.297920635652979, 25.229775116816427 ], [ 55.297785888633783, 25.229775116307369 ], [ 55.297696057082568, 25.2298200317225 ], [ 55.297740972140339, 25.229954779155747 ], [ 55.298163828441055, 25.23012677201627 ], [ 55.296693894511684, 25.229615509138085 ], [ 55.296559147692605, 25.229615508256554 ], [ 55.296569661346247, 25.229670938212301 ], [ 55.296207585096248, 25.229652746874834 ], [ 55.296207584776106, 25.229697662623902 ], [ 55.29625856012801, 25.229748638806171 ], [ 55.295355097791017, 25.229403875928394 ], [ 55.295317797748687, 25.229424075556359 ], [ 55.295355596684566, 25.229498275881014 ], [ 55.296242161846756, 25.229836590606304 ], [ 55.296196219518819, 25.22990550336111 ], [ 55.295645385968797, 25.229695305102112 ], [ 55.295555554689408, 25.229695304638589 ], [ 55.295555554475719, 25.229729584053022 ], [ 55.295420807770327, 25.229695303943313 ] ], [ [ 55.298351220795389, 25.230551102668123 ], [ 55.298434824866312, 25.23058300419115 ], [ 55.298434824538113, 25.230646834038591 ], [ 55.298499716113525, 25.230671595219732 ], [ 55.298448766462968, 25.230697069809533 ], [ 55.298448766246771, 25.23074021007216 ], [ 55.29829719697539, 25.230682374518345 ], [ 55.298351220795389, 25.230551102668123 ] ], [ [ 55.297607704388582, 25.230545750107673 ], [ 55.297533892356057, 25.230517584526474 ], [ 55.2976139000762, 25.230545750143737 ], [ 55.297607704388582, 25.230545750107673 ] ] ], [ [ [ 55.29867025750994, 25.230308788761544 ], [ 55.299255827821, 25.230532227422941 ], [ 55.299300743585199, 25.23053222742293 ], [ 55.299300743585199, 25.230487311658727 ], [ 55.298715173390882, 25.230263873181084 ], [ 55.29867025772004, 25.230263873007253 ], [ 55.29867025750994, 25.230308788761544 ] ] ], [ [ [ 55.298515381958502, 25.232221849682404 ], [ 55.299031248999974, 25.232418689519584 ], [ 55.29912108052838, 25.232418689519584 ], [ 55.299165996292587, 25.232373773755373 ], [ 55.299165996292587, 25.232328857991174 ], [ 55.29912108052838, 25.232283942226967 ], [ 55.298605213877735, 25.232087102722293 ], [ 55.298515382513834, 25.232087102415999 ], [ 55.298470466646769, 25.232132018018312 ], [ 55.298470466461652, 25.232176933773776 ], [ 55.298515381958502, 25.232221849682404 ] ] ], [ [ [ 55.298177849480055, 25.230846637772373 ], [ 55.297578337834665, 25.230617874773429 ], [ 55.297533422166055, 25.230617874595463 ], [ 55.297488506282328, 25.230662790171536 ], [ 55.297488506067218, 25.230707705925578 ], [ 55.298088017951642, 25.23093646930079 ], [ 55.298132933715856, 25.230936469300783 ], [ 55.298177849480055, 25.23089155353658 ], [ 55.298177849480055, 25.230846637772373 ] ] ], [ [ [ 55.296646038153391, 25.232410403425558 ], [ 55.296785460789671, 25.232463605283794 ], [ 55.296830376553871, 25.232463605283794 ], [ 55.296830376553871, 25.232418689519584 ], [ 55.296690953945387, 25.23236548770511 ], [ 55.29664603820342, 25.232365487663717 ], [ 55.296646038153391, 25.232410403425558 ] ] ], [ [ [ 55.296576327408651, 25.232069392124703 ], [ 55.296785460789671, 25.232149194934351 ], [ 55.296830376553871, 25.232149194934347 ], [ 55.296830376553871, 25.232059363405941 ], [ 55.296621243289586, 25.231979560665476 ], [ 55.296576327558739, 25.231979560603378 ], [ 55.296576327408651, 25.232069392124703 ] ] ], [ [ [ 55.294315093758343, 25.254966403150984 ], [ 55.294270177994136, 25.254921487386781 ], [ 55.293890591091817, 25.254793794211505 ], [ 55.2938905909716, 25.254838709970041 ], [ 55.293935506562178, 25.254883625827965 ], [ 55.294270177994136, 25.255011318915191 ], [ 55.294315093758343, 25.255011318915187 ], [ 55.294315093758343, 25.254966403150984 ] ] ], [ [ [ 55.290465273210131, 25.254999216394566 ], [ 55.2910431, 25.2552197 ], [ 55.2911211, 25.2552189 ], [ 55.291306505977367, 25.255043557825495 ], [ 55.2935123, 25.2558852 ], [ 55.2938984, 25.2557618 ], [ 55.2941163, 25.2555743 ], [ 55.293369571592663, 25.254912776733129 ], [ 55.293352806073734, 25.254890581085114 ], [ 55.293551525766837, 25.254966403150984 ], [ 55.29364135729525, 25.254966403150988 ], [ 55.29364135729525, 25.254921487386785 ], [ 55.293461694238424, 25.254741824329958 ], [ 55.29315491360687, 25.254624770751917 ], [ 55.293109997891634, 25.254624770660786 ], [ 55.293109997729367, 25.254691075812207 ], [ 55.292912, 25.2545084 ], [ 55.289147022364737, 25.253071777893688 ], [ 55.288999978071629, 25.25320213952492 ], [ 55.287024763871464, 25.25244839417844 ], [ 55.286991236893243, 25.252478917606545 ], [ 55.28461335349774, 25.251571465995671 ], [ 55.284166238130489, 25.251989038629763 ], [ 55.284532156629716, 25.252343733098041 ], [ 55.283609862969435, 25.251991753562812 ], [ 55.283027562934471, 25.252251428782017 ], [ 55.283043652842075, 25.252445428987148 ], [ 55.283695866652508, 25.252694339545226 ], [ 55.283724122529492, 25.252746956504254 ], [ 55.283818391907921, 25.252782933072758 ], [ 55.283561214665113, 25.252976149198165 ], [ 55.283581302927608, 25.253201149495528 ], [ 55.2898562, 25.2555957 ], [ 55.2899992, 25.255589 ], [ 55.2901245, 25.2555247 ], [ 55.2905798, 25.2551026 ], [ 55.290465273210131, 25.254999216394566 ] ] ], [ [ [ 55.292638334190407, 25.232027537614119 ], [ 55.2932239, 25.232251 ], [ 55.293246, 25.2322408 ], [ 55.2931985, 25.2321572 ], [ 55.292612934682005, 25.231933737536611 ], [ 55.292590934679581, 25.231944037449182 ], [ 55.292638334190407, 25.232027537614119 ] ] ], [ [ [ 55.291161551221215, 25.253705461107174 ], [ 55.291206367170538, 25.253722561716099 ], [ 55.291206366951599, 25.253762454110682 ], [ 55.291889642491213, 25.254023172102663 ], [ 55.291979474019627, 25.254023172102663 ], [ 55.29197947402043, 25.253918038307404 ], [ 55.292743042011132, 25.254202835159489 ], [ 55.292787957775339, 25.254202835159486 ], [ 55.292832873539545, 25.254157919395276 ], [ 55.292832873539545, 25.254068087866866 ], [ 55.292219317575032, 25.253833977706808 ], [ 55.292039654910013, 25.253833976977809 ], [ 55.292039654746816, 25.2538672602014 ], [ 55.289094133970444, 25.25274330783682 ], [ 55.289056333764862, 25.252768307022809 ], [ 55.289112631737048, 25.252824108124571 ], [ 55.291218589109654, 25.253627706911377 ], [ 55.29120636758023, 25.253647505630219 ], [ 55.288188650103642, 25.252502789335793 ], [ 55.288171748741803, 25.252564588911621 ], [ 55.29027857242135, 25.253368535517321 ], [ 55.29025697452655, 25.253435048796604 ], [ 55.290856579914482, 25.253663845989006 ], [ 55.290946411443144, 25.253651268383486 ], [ 55.2911508, 25.2537291 ], [ 55.291161551221215, 25.253705461107174 ] ] ], [ [ [ 55.2930026, 25.2319865 ], [ 55.2930472, 25.2319578 ], [ 55.292968, 25.2318571 ], [ 55.292382436565163, 25.231633636711116 ], [ 55.292337836523672, 25.23166233653215 ], [ 55.292417035887915, 25.231763036816321 ], [ 55.2930026, 25.2319865 ] ] ], [ [ [ 55.2905963, 25.2356453 ], [ 55.2905834, 25.2356109 ], [ 55.29033964785998, 25.235517877258221 ], [ 55.290452338036623, 25.235517877249798 ], [ 55.290452338036623, 25.235428045721388 ], [ 55.290407422272416, 25.235383129957182 ], [ 55.29024011501199, 25.235319280474496 ], [ 55.290195199274493, 25.235319280424822 ], [ 55.290150283476947, 25.235364196136505 ], [ 55.290140831055844, 25.235497076329899 ], [ 55.2905591, 25.2356567 ], [ 55.2905963, 25.2356453 ] ] ] ] } }
]
}
