{
"type": "FeatureCollection",
"name": "shadows_16",
"crs": { "type": "name", "properties": { "name": "urn:ogc:def:crs:OGC:1.3:CRS84" } },
"features": [
{ "type": "Feature", "properties": { }, "geometry": { "type": "MultiPolygon", "coordinates": [ [ [ [ 55.317017, 25.2313735 ], [ 55.3174918, 25.2314251 ], [ 55.318130889557509, 25.231333510291094 ], [ 55.318228089540689, 25.231279110267565 ], [ 55.318313157087871, 25.231170844522438 ], [ 55.31847, 25.2312707 ], [ 55.321098859782921, 25.230995458816604 ], [ 55.321316253482621, 25.230716054601881 ], [ 55.321304850957425, 25.230598854672252 ], [ 55.321097048165662, 25.230458958235808 ], [ 55.319810986195343, 25.230593170845324 ], [ 55.319692500534714, 25.230577143187141 ], [ 55.319648525803025, 25.230610124285388 ], [ 55.319333174421068, 25.230622058951351 ], [ 55.319333174421438, 25.230643032030098 ], [ 55.31867381117484, 25.230711836068043 ], [ 55.318774089336237, 25.230584210129589 ], [ 55.318238489200873, 25.230076710247197 ], [ 55.3171389, 25.2302169 ], [ 55.3167873, 25.230638 ], [ 55.3168462, 25.2310554 ], [ 55.317017, 25.2313735 ] ] ], [ [ [ 55.320760694555972, 25.249158009942008 ], [ 55.320317594428637, 25.248684210038565 ], [ 55.3195416, 25.2492552 ], [ 55.3199846, 25.249729 ], [ 55.320760694555972, 25.249158009942008 ] ] ], [ [ [ 55.32063967818398, 25.234517473338013 ], [ 55.320775077925305, 25.234402573087806 ], [ 55.320715677024808, 25.233974473144102 ], [ 55.320288, 25.234027 ], [ 55.3199926, 25.2343354 ], [ 55.3199756, 25.2345095 ], [ 55.3203825, 25.2345444 ], [ 55.32063967818398, 25.234517473338013 ] ] ], [ [ [ 55.319460153841355, 25.244005428861708 ], [ 55.3194182, 25.2442223 ], [ 55.319565295559272, 25.244280287686955 ], [ 55.319565, 25.2444441 ], [ 55.319827126324697, 25.244431835349946 ], [ 55.319827213298112, 25.244383539830569 ], [ 55.3201546, 25.2445126 ], [ 55.3203104, 25.2445127 ], [ 55.320514526329845, 25.244473434789533 ], [ 55.320574226279327, 25.244425534738184 ], [ 55.320629925911305, 25.244056534673348 ], [ 55.32057032520207, 25.243336534684587 ], [ 55.320543825036751, 25.243168034697486 ], [ 55.320498424977693, 25.243105934731396 ], [ 55.320330124935843, 25.243054734866462 ], [ 55.32018002494371, 25.2430547349893 ], [ 55.3198005, 25.2431362 ], [ 55.3197443, 25.2431773 ], [ 55.319587689854274, 25.243633733543675 ], [ 55.3195658, 25.243634599999989 ], [ 55.319533413312136, 25.243791919274205 ], [ 55.319467921713688, 25.243782377863695 ], [ 55.319467921713688, 25.243827293627902 ], [ 55.319521884625935, 25.243825518878499 ], [ 55.319487354468038, 25.243926154644463 ], [ 55.31939752293119, 25.243870175160911 ], [ 55.319288258656862, 25.243872209392105 ], [ 55.319288258656862, 25.243917125156315 ], [ 55.319378090185275, 25.244006956684728 ], [ 55.319460153841355, 25.244005428861708 ] ] ], [ [ [ 55.320594785708252, 25.238065473813233 ], [ 55.31987456786667, 25.237887750820065 ], [ 55.320098404584641, 25.237865133126697 ], [ 55.320119804506994, 25.23778383310599 ], [ 55.320093204502861, 25.237778033126425 ], [ 55.3199789, 25.23779 ], [ 55.319970123902692, 25.237823185908738 ], [ 55.3193869, 25.2378578 ], [ 55.319285, 25.2381958 ], [ 55.319614687133836, 25.238277156208859 ], [ 55.3195283, 25.2382862 ], [ 55.31951870000001, 25.2383146 ], [ 55.3196132, 25.2383407 ], [ 55.319795045754127, 25.238321662578123 ], [ 55.3202357, 25.2384304 ], [ 55.320492886436071, 25.238403474029674 ], [ 55.320594785708252, 25.238065473813233 ] ] ], [ [ [ 55.319728423166119, 25.24123403526389 ], [ 55.319583525339432, 25.241242847712325 ], [ 55.319938123140894, 25.241219635091525 ], [ 55.319938223097466, 25.241175735089168 ], [ 55.319583686089608, 25.241186734763232 ], [ 55.319583880358884, 25.241118920508057 ], [ 55.319940223030486, 25.241108135083998 ], [ 55.319940622987431, 25.241064635081397 ], [ 55.319584014592486, 25.241072062593979 ], [ 55.319715522988332, 25.241053635265025 ], [ 55.319713122897745, 25.240961935262202 ], [ 55.3194129, 25.2409769 ], [ 55.3194111, 25.2416049 ], [ 55.31954456654659, 25.241595273216443 ], [ 55.3195447, 25.2416487 ], [ 55.320243092449147, 25.241678309951595 ], [ 55.320472892388075, 25.24147440989482 ], [ 55.320245292333873, 25.241270609945005 ], [ 55.319947492324708, 25.241222410013908 ], [ 55.319726297570263, 25.241299703030709 ], [ 55.319728423166119, 25.24123403526389 ] ], [ [ 55.3196056, 25.2413331 ], [ 55.319654619767341, 25.241327968338961 ], [ 55.319583165962534, 25.241368292944902 ], [ 55.3196056, 25.2413331 ] ] ], [ [ [ 55.3195341, 25.2326394 ], [ 55.3194728, 25.232686 ], [ 55.3195485, 25.2331098 ], [ 55.320437275033896, 25.233020173525503 ], [ 55.320558974730382, 25.232883373296875 ], [ 55.320550774365785, 25.232710873291971 ], [ 55.320508974165158, 25.232613973354415 ], [ 55.320438274071591, 25.232566073472995 ], [ 55.3195341, 25.2326394 ] ] ], [ [ [ 55.3185161, 25.2477598 ], [ 55.3185158, 25.2478583 ], [ 55.318630341328863, 25.247853015634185 ], [ 55.318630541287078, 25.247754515631904 ], [ 55.3185161, 25.2477598 ] ] ], [ [ [ 55.3185161, 25.2477598 ], [ 55.318670091053903, 25.247749313869392 ], [ 55.3187943, 25.2478406 ], [ 55.319006844507093, 25.247806307679276 ], [ 55.3191005, 25.2479377 ], [ 55.319168, 25.2479697 ], [ 55.319240807928125, 25.247962078902063 ], [ 55.319153511364242, 25.24804937546326 ], [ 55.319153511364242, 25.248094291227474 ], [ 55.319308835222472, 25.248092137385903 ], [ 55.319353750978649, 25.248047221614993 ], [ 55.319353750963408, 25.247957390085777 ], [ 55.319269992095705, 25.247959024067743 ], [ 55.319467921714121, 25.247807120081152 ], [ 55.319467921713688, 25.247869712406445 ], [ 55.319533414003388, 25.247867558531347 ], [ 55.319668161279552, 25.247777726983223 ], [ 55.319668161271935, 25.247732811218615 ], [ 55.319549494509545, 25.247739094483872 ], [ 55.320046729175445, 25.247324435321111 ], [ 55.320046059912499, 25.247270258243656 ], [ 55.320145629106335, 25.24725983523679 ], [ 55.320204329055564, 25.247211635186229 ], [ 55.320165429017614, 25.247171235215962 ], [ 55.320044991248011, 25.247183749616301 ], [ 55.320181828970846, 25.247124835200118 ], [ 55.320131728916174, 25.247066935238109 ], [ 55.320043662089311, 25.247076154182409 ], [ 55.320042128807167, 25.246952035305441 ], [ 55.32001032877627, 25.246919135329765 ], [ 55.3196436, 25.2469391 ], [ 55.3190631, 25.2470535 ], [ 55.3186898, 25.2472513 ], [ 55.3186853, 25.2473552 ], [ 55.318796923642971, 25.247511801720311 ], [ 55.318665902350723, 25.247647412713395 ], [ 55.31861360255354, 25.24765097412563 ], [ 55.318614294084476, 25.247376910417422 ], [ 55.318517, 25.2473803 ], [ 55.3185161, 25.2477598 ] ] ], [ [ [ 55.320305680914259, 25.23578817406559 ], [ 55.320352879998978, 25.235358773934834 ], [ 55.319689779946813, 25.235299075090698 ], [ 55.31956918346205, 25.23531170074164 ], [ 55.319569183460082, 25.23529210176585 ], [ 55.319467921713688, 25.235293298428768 ], [ 55.319467921713809, 25.235322302095476 ], [ 55.3194326, 25.235326 ], [ 55.3193836, 25.2357715 ], [ 55.319602669006336, 25.235790501145832 ], [ 55.319602669006308, 25.235832287599241 ], [ 55.319660158065631, 25.235830971265237 ], [ 55.319660158061836, 25.235793673197023 ], [ 55.3200485, 25.2358151 ], [ 55.320305680914259, 25.23578817406559 ] ] ], [ [ [ 55.320048982336154, 25.24754493027746 ], [ 55.320122182284095, 25.247487430223529 ], [ 55.320071582241582, 25.247434630256674 ], [ 55.3199687, 25.2474454 ], [ 55.3198954, 25.2475029 ], [ 55.3199461, 25.2475557 ], [ 55.320048982336154, 25.24754493027746 ] ] ], [ [ [ 55.3196995, 25.2423014 ], [ 55.3198208, 25.2423236 ], [ 55.320179724211229, 25.242314334950922 ], [ 55.320185124028512, 25.242129934936898 ], [ 55.3197044, 25.2421339 ], [ 55.3196995, 25.2423014 ] ] ], [ [ [ 55.319264, 25.236662 ], [ 55.3199288, 25.2367219 ], [ 55.320185982849445, 25.23669497437681 ], [ 55.320236381875063, 25.236237874237354 ], [ 55.319569981852503, 25.236191975400565 ], [ 55.3193128, 25.2362189 ], [ 55.319264, 25.236662 ] ] ], [ [ [ 55.320170691614294, 25.238720609924442 ], [ 55.319191600000011, 25.2384916 ], [ 55.3190826, 25.2388537 ], [ 55.319443041866137, 25.238942437870975 ], [ 55.319324, 25.2389549 ], [ 55.3193137, 25.2389898 ], [ 55.319429, 25.2390177 ], [ 55.319549020970669, 25.239005135294384 ], [ 55.319559092753337, 25.23897100844853 ], [ 55.320061691718259, 25.239082709955319 ], [ 55.320170691614294, 25.238720609924442 ] ] ], [ [ [ 55.320131891552265, 25.238499109930217 ], [ 55.32014869153236, 25.238429509925247 ], [ 55.3200098, 25.2384125 ], [ 55.319993, 25.2384821 ], [ 55.320131891552265, 25.238499109930217 ] ] ], [ [ [ 55.318805805897178, 25.232373636435653 ], [ 55.31887859992775, 25.232372776216884 ], [ 55.318692673620404, 25.232393124943613 ], [ 55.318678389822381, 25.23230001017755 ], [ 55.3181838, 25.2323489 ], [ 55.3182009, 25.2324684 ], [ 55.3182401, 25.2325118 ], [ 55.318622774071834, 25.232470176644835 ], [ 55.318626079435177, 25.232429266855039 ], [ 55.318677014256266, 25.232423040000462 ], [ 55.3186819, 25.2324552 ], [ 55.319019373917456, 25.232418275943793 ], [ 55.319570376570113, 25.232315972046909 ], [ 55.319651739338063, 25.232306991925697 ], [ 55.319655, 25.2323262 ], [ 55.320139489789277, 25.232260109835451 ], [ 55.320214489762336, 25.232168709816555 ], [ 55.320129789624666, 25.231676909829027 ], [ 55.319956489590105, 25.231545409867572 ], [ 55.3195322, 25.2316028 ], [ 55.319567347401815, 25.231809849836413 ], [ 55.3194165, 25.2318258 ], [ 55.3194197, 25.2318488 ], [ 55.31957355061342, 25.23184639227625 ], [ 55.3193784, 25.231867 ], [ 55.3193839, 25.2319068 ], [ 55.319580285893473, 25.231886069052425 ], [ 55.319596223887636, 25.231979957895458 ], [ 55.318905, 25.2320765 ], [ 55.318895188783834, 25.232255814039981 ], [ 55.318695, 25.2322779 ], [ 55.3187112, 25.2323841 ], [ 55.318805805897178, 25.232373636435653 ] ], [ [ 55.31890355116365, 25.232362825585998 ], [ 55.318904800398229, 25.232369908683786 ], [ 55.318895446725271, 25.232370932405153 ], [ 55.318895446724738, 25.232363721958002 ], [ 55.31890355116365, 25.232362825585998 ] ] ], [ [ [ 55.3158328, 25.2505352 ], [ 55.3156887, 25.2505838 ], [ 55.315695960631615, 25.250601372277306 ], [ 55.315515334463562, 25.250609574023002 ], [ 55.315406547901539, 25.250718360619231 ], [ 55.315406547885999, 25.250691988742396 ], [ 55.315245839878322, 25.250699405551419 ], [ 55.315245839878706, 25.25076681362302 ], [ 55.315158632813649, 25.25074223950087 ], [ 55.3150386, 25.2507548 ], [ 55.3149193, 25.2508215 ], [ 55.314942309043758, 25.250875919731193 ], [ 55.314886513764677, 25.250879068608246 ], [ 55.314886513764677, 25.250923984372449 ], [ 55.314977459971054, 25.25091885169946 ], [ 55.3150225, 25.2509537 ], [ 55.315208731977258, 25.250945476713976 ], [ 55.315192715298572, 25.25099352674949 ], [ 55.315179333041613, 25.250973639496021 ], [ 55.3150593, 25.2509862 ], [ 55.314887, 25.2510509 ], [ 55.31477, 25.2511688 ], [ 55.3147593, 25.2513253 ], [ 55.3147875, 25.2513908 ], [ 55.3148417, 25.2514109 ], [ 55.314961733473353, 25.251398339696376 ], [ 55.315188604046782, 25.25131764968382 ], [ 55.31488467923554, 25.251504687582347 ], [ 55.314751766472057, 25.251507889307131 ], [ 55.3147427, 25.2515964 ], [ 55.3147741, 25.2516603 ], [ 55.31482163615803, 25.251655325865567 ], [ 55.3148452, 25.2517116 ], [ 55.315599433663344, 25.251623939186128 ], [ 55.315660216190651, 25.251522474608386 ], [ 55.31572368276673, 25.251678699905487 ], [ 55.3154824, 25.251665 ], [ 55.3153906, 25.2516967 ], [ 55.315409291193568, 25.251740979137697 ], [ 55.31513649827405, 25.251835259157506 ], [ 55.315098433809482, 25.251745139602601 ], [ 55.314974908300982, 25.251758905278137 ], [ 55.314952233779003, 25.251706639720275 ], [ 55.3147231, 25.2517578 ], [ 55.314755605409943, 25.251832812491866 ], [ 55.314637, 25.2518674 ], [ 55.314658188893581, 25.251950126093956 ], [ 55.3145994, 25.2519642 ], [ 55.3146279, 25.2520341 ], [ 55.314686587632217, 25.252020050334988 ], [ 55.3146396, 25.2520387 ], [ 55.3146524, 25.2520706 ], [ 55.314823334124263, 25.252048639843689 ], [ 55.314979504170829, 25.251996829880735 ], [ 55.314976345293175, 25.252005674629672 ], [ 55.3133118, 25.2525852 ], [ 55.313563089259254, 25.253169073397189 ], [ 55.313555889446889, 25.253223071786547 ], [ 55.3131906, 25.253218 ], [ 55.3131846, 25.2532854 ], [ 55.313546392359989, 25.253294299578428 ], [ 55.313539040838499, 25.253484182932191 ], [ 55.313583956602706, 25.253708761753217 ], [ 55.313984032530392, 25.254399802982732 ], [ 55.3138662, 25.254433 ], [ 55.313952286945678, 25.254643859158961 ], [ 55.313808535423732, 25.254651992801545 ], [ 55.313808535423732, 25.254831655858368 ], [ 55.313866570143915, 25.254831655873456 ], [ 55.313823633319252, 25.254864025505849 ], [ 55.31369869623861, 25.25473451167705 ], [ 55.3136122, 25.2547793 ], [ 55.3137405, 25.2549123 ], [ 55.313767108543878, 25.254909516012646 ], [ 55.3134668, 25.2551512 ], [ 55.3134894, 25.2552454 ], [ 55.313942596391392, 25.255287511628261 ], [ 55.314165996291599, 25.254946511570896 ], [ 55.314196896251111, 25.254805011561551 ], [ 55.314021020849033, 25.25473216337539 ], [ 55.314021020790364, 25.254643859107137 ], [ 55.3139909424523, 25.254643859133758 ], [ 55.314079496198907, 25.254614211586166 ], [ 55.314010814204487, 25.254446062003119 ], [ 55.314122945773178, 25.254607077037335 ], [ 55.314336026105103, 25.254603160605019 ], [ 55.314322087099825, 25.254644457038243 ], [ 55.314167861537378, 25.254651992801541 ], [ 55.314167861537378, 25.254741824329958 ], [ 55.314363286855802, 25.254735475480551 ], [ 55.3146714, 25.2548206 ], [ 55.314808796219587, 25.254725811417241 ], [ 55.314859099723769, 25.254577007315042 ], [ 55.315247464790744, 25.254552591456491 ], [ 55.315516959195861, 25.254328012458405 ], [ 55.315516959026468, 25.254103433628426 ], [ 55.315292379875601, 25.253654276108549 ], [ 55.315163679591876, 25.253509379048531 ], [ 55.315248481856727, 25.253480112161306 ], [ 55.3152733, 25.2535404 ], [ 55.315439548325969, 25.253512273749976 ], [ 55.3153031, 25.2535579 ], [ 55.3153261, 25.2536173 ], [ 55.315464797319095, 25.253580683631164 ], [ 55.3153494, 25.2536235 ], [ 55.3153441, 25.2536928 ], [ 55.3154322, 25.2538872 ], [ 55.315603895955078, 25.253832611217895 ], [ 55.315577193094249, 25.253725704794363 ], [ 55.315686200466537, 25.253834712266205 ], [ 55.3154806, 25.2539052 ], [ 55.3155692, 25.2541166 ], [ 55.315603496034392, 25.254113011222184 ], [ 55.315838144005873, 25.254016316751795 ], [ 55.315816716096791, 25.253965227666139 ], [ 55.316015605109648, 25.253968207504933 ], [ 55.316105436598733, 25.253923291680007 ], [ 55.316419846721594, 25.253653796877575 ], [ 55.316419846553515, 25.253425323687221 ], [ 55.316435849378792, 25.253393355142052 ], [ 55.316570929713087, 25.253387293015361 ], [ 55.316570929638132, 25.253252545718791 ], [ 55.316419846414703, 25.25325932602091 ], [ 55.316419846365889, 25.253204639216733 ], [ 55.31626026499945, 25.253054358413621 ], [ 55.316413649748633, 25.253029105327794 ], [ 55.31641364974768, 25.253124856818538 ], [ 55.316503481276094, 25.253214688346951 ], [ 55.316681669868665, 25.253210142226536 ], [ 55.317265574711833, 25.252985563228265 ], [ 55.317220658851937, 25.252716068651242 ], [ 55.317040995669792, 25.252356742584031 ], [ 55.316996079890345, 25.25231182683228 ], [ 55.316772975861326, 25.252316373062833 ], [ 55.316676779744121, 25.252348438451495 ], [ 55.316645434293356, 25.252315638365971 ], [ 55.316568974352329, 25.252323639939274 ], [ 55.316568974330913, 25.252200180269611 ], [ 55.3166175, 25.2523152 ], [ 55.317009843230622, 25.252250816301139 ], [ 55.31692184313863, 25.25202931632705 ], [ 55.31685477645496, 25.252034013742907 ], [ 55.317438046445957, 25.251768889366154 ], [ 55.317512502247787, 25.251657205528666 ], [ 55.317628688564113, 25.251919319006372 ], [ 55.317478389552953, 25.251859199440148 ], [ 55.317298726502123, 25.251859199534 ], [ 55.317222133503385, 25.251867215420766 ], [ 55.317042470446566, 25.251957046949187 ], [ 55.317042470446566, 25.252316373062836 ], [ 55.317087386210773, 25.252361288827036 ], [ 55.317298726814187, 25.252353272956743 ], [ 55.317702968593444, 25.252218525448463 ], [ 55.317747555951001, 25.252173938036648 ], [ 55.317837175776383, 25.25236590682233 ], [ 55.317740213746127, 25.25226894478417 ], [ 55.317581459617038, 25.252271457298626 ], [ 55.317564941896769, 25.252368502923797 ], [ 55.3173648, 25.2523906 ], [ 55.317286151831574, 25.252426412241157 ], [ 55.317286151817243, 25.252399504763375 ], [ 55.317177217739179, 25.252406204591239 ], [ 55.317177217739179, 25.252451120355449 ], [ 55.317270853848129, 25.252445361413585 ], [ 55.3172179, 25.2525256 ], [ 55.317382, 25.2528262 ], [ 55.317502034741516, 25.252813637690711 ], [ 55.31771833465357, 25.252736237509588 ], [ 55.317684999517439, 25.252616026735645 ], [ 55.317869043341176, 25.252556816006525 ], [ 55.317850009402434, 25.252510158064943 ], [ 55.317874961073073, 25.252446844058706 ], [ 55.3180107, 25.2527376 ], [ 55.318338234570838, 25.252685436999432 ], [ 55.318556534492402, 25.252617736817189 ], [ 55.318448921156133, 25.252360184030806 ], [ 55.318590183725611, 25.2523591351245 ], [ 55.318680015230342, 25.252224387818067 ], [ 55.318680015215101, 25.252134556288841 ], [ 55.31861636519546, 25.252136649399876 ], [ 55.318617143133409, 25.252106615733982 ], [ 55.318455436391851, 25.252104877117958 ], [ 55.318455436373227, 25.25199980902654 ], [ 55.318354031606027, 25.251883918191396 ], [ 55.318524690665477, 25.251827402210722 ], [ 55.318524690665363, 25.251912131184977 ], [ 55.318626981140049, 25.25190954715454 ], [ 55.3186836, 25.2520388 ], [ 55.318762479418147, 25.252030544052072 ], [ 55.318926579374242, 25.251971743961775 ], [ 55.319001284595565, 25.251909259499943 ], [ 55.319001284575236, 25.251819427970464 ], [ 55.318928932543216, 25.251822299656563 ], [ 55.31889278462814, 25.251894595499046 ], [ 55.318831479236309, 25.251754644005487 ], [ 55.318784156672223, 25.25175959708643 ], [ 55.318843972151477, 25.251738868045976 ], [ 55.3188587, 25.2517756 ], [ 55.31897873362427, 25.251763036426933 ], [ 55.319152133558966, 25.251706236282022 ], [ 55.319135433518362, 25.251664336293508 ], [ 55.319025981896118, 25.251675792414787 ], [ 55.31928613343257, 25.251585636166034 ], [ 55.319198533232282, 25.251378636226946 ], [ 55.318767853024887, 25.251433031386277 ], [ 55.318722495199573, 25.251326110451018 ], [ 55.3186882, 25.2513297 ], [ 55.3184709, 25.251405 ], [ 55.318503701903118, 25.251482194262529 ], [ 55.318399453629915, 25.251462542582953 ], [ 55.31838087081087, 25.251416672587595 ], [ 55.3184162363818, 25.251415305846376 ], [ 55.31841623635259, 25.25128055855221 ], [ 55.318326404795982, 25.251145811274164 ], [ 55.318271991850096, 25.251147914110266 ], [ 55.318235437740263, 25.251057683129062 ], [ 55.318284918525713, 25.251055620807357 ], [ 55.3182849185037, 25.250965789277778 ], [ 55.31824000272907, 25.250920873522102 ], [ 55.318172264846552, 25.250923696776123 ], [ 55.318301730603864, 25.250878762070293 ], [ 55.31824060000001, 25.2509009 ], [ 55.318314798848263, 25.250985398940998 ], [ 55.3182955, 25.2509924 ], [ 55.3183699, 25.2511602 ], [ 55.318480014753447, 25.25114867489194 ], [ 55.3183843, 25.2511952 ], [ 55.3184616, 25.2513694 ], [ 55.318715595189644, 25.251290610452102 ], [ 55.318645123599367, 25.251131535935997 ], [ 55.31869486541963, 25.251113520822706 ], [ 55.318732, 25.2512048 ], [ 55.318787390320338, 25.251199002474706 ], [ 55.3187481, 25.2512376 ], [ 55.318769, 25.2512867 ], [ 55.319037195159751, 25.251201910375567 ], [ 55.319001958456553, 25.251118858872157 ], [ 55.319063679836553, 25.251084420277216 ], [ 55.319068794055973, 25.251208821632385 ], [ 55.3187684, 25.2512962 ], [ 55.3188175, 25.2514145 ], [ 55.318991333248178, 25.251383736396821 ], [ 55.319103751273758, 25.25131369328507 ], [ 55.319179804345062, 25.251325474180025 ], [ 55.319359467380352, 25.251235642618369 ], [ 55.319359467370617, 25.251190726853643 ], [ 55.319134888522946, 25.251055979599755 ], [ 55.319063986026805, 25.251058719831512 ], [ 55.319040132865737, 25.25099993633685 ], [ 55.318949107514342, 25.251009463835462 ], [ 55.319029120541096, 25.250968716763232 ], [ 55.319180947436827, 25.250966028406747 ], [ 55.31931569471768, 25.250921112616794 ], [ 55.319310420026099, 25.250820731789592 ], [ 55.319402982698058, 25.250921008275469 ], [ 55.319333174421068, 25.250923984372442 ], [ 55.319333174421068, 25.251013815900865 ], [ 55.319378090185275, 25.251058731665072 ], [ 55.319453871550316, 25.251055500913022 ], [ 55.319416292634216, 25.25093542739242 ], [ 55.319737416298921, 25.251283310486095 ], [ 55.319858113479881, 25.251280079651984 ], [ 55.319947944984214, 25.251190248103459 ], [ 55.319947944961349, 25.251100416573831 ], [ 55.319768281861222, 25.250920753552421 ], [ 55.319364039908791, 25.250606343283845 ], [ 55.319204778940048, 25.250609450116631 ], [ 55.319001284219581, 25.250247376204499 ], [ 55.318776705370752, 25.250112628952284 ], [ 55.318704353722183, 25.250115500616744 ], [ 55.318659437957976, 25.250160541188201 ], [ 55.318611327044295, 25.250165576825413 ], [ 55.31868953202202, 25.250128936578385 ], [ 55.318664131961384, 25.250066336595911 ], [ 55.318602565363598, 25.250072780609248 ], [ 55.318651231949595, 25.250053736605818 ], [ 55.318606631843153, 25.249943836636593 ], [ 55.318530411893882, 25.249951814355665 ], [ 55.318606831823551, 25.249924036635392 ], [ 55.318544831688634, 25.249784436678851 ], [ 55.318457531647766, 25.24973853674792 ], [ 55.3183011, 25.2497541 ], [ 55.318156027090389, 25.24982612403501 ], [ 55.317860303122366, 25.249918617991401 ], [ 55.3178193, 25.2499073 ], [ 55.317375899013726, 25.250066919441018 ], [ 55.317463859742951, 25.249978958685769 ], [ 55.317463859736598, 25.249934042921225 ], [ 55.317311965031799, 25.249935837559921 ], [ 55.317267049267706, 25.249993898259088 ], [ 55.3171414, 25.2500028 ], [ 55.3171486, 25.2500973 ], [ 55.31737020477798, 25.250068900785472 ], [ 55.3165002, 25.2503844 ], [ 55.316545, 25.2504795 ], [ 55.316665032462453, 25.250466938253304 ], [ 55.317672748449247, 25.250093036394777 ], [ 55.317700182258527, 25.250157737505891 ], [ 55.3172542, 25.2502982 ], [ 55.317451, 25.2507765 ], [ 55.317504185812261, 25.250770933652017 ], [ 55.317573142989083, 25.2509388071147 ], [ 55.317335039506936, 25.25102089460011 ], [ 55.317213466911376, 25.250690911111448 ], [ 55.317168551118705, 25.250645995370519 ], [ 55.316664656239276, 25.250630727777601 ], [ 55.316624989210482, 25.250511726914841 ], [ 55.316503481276094, 25.2505197424946 ], [ 55.316368733983857, 25.250621760778905 ], [ 55.316151864321931, 25.250615188844986 ], [ 55.316482095000012, 25.250502010962741 ], [ 55.316443194974354, 25.250409210970442 ], [ 55.315984105845303, 25.250558386731349 ], [ 55.315952832554807, 25.250522638839236 ], [ 55.3158328, 25.2505352 ] ], [ [ 55.31898768115019, 25.250906734640242 ], [ 55.318991100151393, 25.25091357260775 ], [ 55.318961410711218, 25.250916680160422 ], [ 55.31898768115019, 25.250906734640242 ] ], [ [ 55.318931045896662, 25.250793464595777 ], [ 55.318909105525776, 25.250795761059049 ], [ 55.318929012770674, 25.250789398356346 ], [ 55.318931045896662, 25.250793464595777 ] ], [ [ 55.318871640859093, 25.250674654771764 ], [ 55.318881141497293, 25.250693656024104 ], [ 55.318829300181505, 25.250699082154618 ], [ 55.318871640859093, 25.250674654771764 ] ], [ [ 55.318693632912684, 25.251029036622022 ], [ 55.318681070765699, 25.25100068967258 ], [ 55.31876406424697, 25.250991391810125 ], [ 55.3187821, 25.2510372 ], [ 55.318875081332287, 25.251027467880863 ], [ 55.318712658058523, 25.251081470491144 ], [ 55.318702232940836, 25.25105793661648 ], [ 55.318650225613183, 25.25106338003464 ], [ 55.318693632912684, 25.251029036622022 ] ], [ [ 55.318704894931358, 25.250376710440978 ], [ 55.318463540731848, 25.250443858819573 ], [ 55.318430232764548, 25.250366422691464 ], [ 55.318561432238937, 25.250341336694341 ], [ 55.318672337525499, 25.250276047196145 ], [ 55.318828116075501, 25.250587605236422 ], [ 55.3185199, 25.2506738 ], [ 55.318565, 25.2507839 ], [ 55.318606346510187, 25.250779572421642 ], [ 55.3186227, 25.2508615 ], [ 55.318666232288933, 25.250856943631494 ], [ 55.3185943, 25.2508792 ], [ 55.318603371361498, 25.250903186609026 ], [ 55.318502607787885, 25.250917267160538 ], [ 55.318467960547835, 25.250839086739617 ], [ 55.318529895058376, 25.250816610488467 ], [ 55.31847489502411, 25.250692510499476 ], [ 55.318276831879139, 25.250755465107382 ], [ 55.318238787981613, 25.250639304454719 ], [ 55.318491363150116, 25.250613768126986 ], [ 55.3185069, 25.2506536 ], [ 55.318541195011093, 25.250650010483337 ], [ 55.318779894986797, 25.250576710426419 ], [ 55.318704894931358, 25.250376710440978 ] ], [ [ 55.318558985970583, 25.251687519597397 ], [ 55.3186037, 25.2517931 ], [ 55.318694980629949, 25.251783546090952 ], [ 55.318541370994438, 25.251821878287853 ], [ 55.318508282597378, 25.251731176287176 ], [ 55.318558985981291, 25.251728878623425 ], [ 55.318558985970583, 25.251687519597397 ] ], [ [ 55.318439521036503, 25.250133955424221 ], [ 55.3184615, 25.250188 ], [ 55.318542190286834, 25.25017955444542 ], [ 55.318372573000076, 25.250232371981845 ], [ 55.318337058212343, 25.250149805030723 ], [ 55.318439521036503, 25.250133955424221 ] ], [ [ 55.318202107428817, 25.250527306347571 ], [ 55.318429999398191, 25.250456449425631 ], [ 55.318440207044411, 25.250482618870784 ], [ 55.318206345102709, 25.250540245406121 ], [ 55.318202107428817, 25.250527306347571 ] ], [ [ 55.318416326533765, 25.252134899926141 ], [ 55.318414054220604, 25.252222624966201 ], [ 55.318394878743206, 25.252230843017788 ], [ 55.318355016075891, 25.25213543855784 ], [ 55.318416326533765, 25.252134899926141 ] ], [ [ 55.318315571465909, 25.250873749714753 ], [ 55.318308729879043, 25.250852860132014 ], [ 55.318393468405418, 25.250845539939583 ], [ 55.318315571465909, 25.250873749714753 ] ], [ [ 55.318282921749606, 25.250023945055268 ], [ 55.318281544723312, 25.25002074365144 ], [ 55.318297662342822, 25.250019056699742 ], [ 55.318282921749606, 25.250023945055268 ] ], [ [ 55.3181969, 25.2510508 ], [ 55.317982, 25.251122 ], [ 55.31823588517608, 25.251748893729886 ], [ 55.318154777046352, 25.251656198525968 ], [ 55.318096110171346, 25.251460819901666 ], [ 55.317991651262048, 25.251416261993004 ], [ 55.318008564973603, 25.251344153480897 ], [ 55.318057033241267, 25.251327337158727 ], [ 55.317964734944631, 25.251109380467977 ], [ 55.317973937687036, 25.251029628108917 ], [ 55.318126232892396, 25.250978537083856 ], [ 55.318108367319759, 25.250935022343931 ], [ 55.31816536455176, 25.250926091711886 ], [ 55.31816536455171, 25.251013815900862 ], [ 55.3181969, 25.2510508 ] ], [ [ 55.3178024, 25.2513866 ], [ 55.317501593945423, 25.251472969122336 ], [ 55.317480723510094, 25.251416321202818 ], [ 55.317922433294527, 25.251374037271358 ], [ 55.3178024, 25.2513866 ] ], [ [ 55.317922433294527, 25.251374037271358 ], [ 55.31794078573234, 25.251367669812439 ], [ 55.317940785731913, 25.25138523273105 ], [ 55.317922433294527, 25.251374037271358 ] ], [ [ 55.317881090127919, 25.249964811308367 ], [ 55.317893708999762, 25.249963490587245 ], [ 55.317887674552132, 25.249979443345705 ], [ 55.317881090127919, 25.249964811308367 ] ], [ [ 55.317886077479827, 25.249992000371599 ], [ 55.317889827459794, 25.250000719590506 ], [ 55.317851513801884, 25.250004729582688 ], [ 55.317886077479827, 25.249992000371599 ] ], [ [ 55.315979384817801, 25.252518112317947 ], [ 55.316089319274894, 25.252408177578708 ], [ 55.316344534320756, 25.252327438612916 ], [ 55.316321614778779, 25.252269361794973 ], [ 55.316436934597121, 25.252223233741965 ], [ 55.316413649748192, 25.252367068640513 ], [ 55.315979384817801, 25.252518112317947 ] ], [ [ 55.315912913035362, 25.25214449478144 ], [ 55.315942356878644, 25.252216971196592 ], [ 55.315848278512611, 25.252219901850935 ], [ 55.315912913035362, 25.25214449478144 ] ], [ [ 55.315784829048795, 25.252630783412279 ], [ 55.315809940882872, 25.252628155595275 ], [ 55.315833918743103, 25.252684859251833 ], [ 55.315771523716236, 25.252630783415732 ], [ 55.315784829048795, 25.252630783412279 ] ], [ [ 55.315438134496418, 25.252457039361744 ], [ 55.315599930185684, 25.252442267991928 ], [ 55.315681796901686, 25.252387690136114 ], [ 55.315650081756381, 25.252530903232319 ], [ 55.315425502935149, 25.252540951883866 ], [ 55.31511109258571, 25.252630783412272 ], [ 55.315111092586065, 25.252754405825687 ], [ 55.314796682236263, 25.252765530704892 ], [ 55.314814491635836, 25.252918087402474 ], [ 55.314632593160511, 25.252937120678094 ], [ 55.31444461249, 25.252732793008065 ], [ 55.314493018752486, 25.252678638806991 ], [ 55.314572103415237, 25.252810446469102 ], [ 55.314767108352882, 25.252799441449156 ], [ 55.314893601652592, 25.252630783434768 ], [ 55.315141295728765, 25.252618223025465 ], [ 55.315141295688726, 25.252577254145923 ], [ 55.315321934582563, 25.252537939461103 ], [ 55.315438134496418, 25.252457039361744 ] ], [ [ 55.315374166148764, 25.252181642097341 ], [ 55.315347583253917, 25.252274681829949 ], [ 55.315284981986139, 25.252198209563744 ], [ 55.315374166148764, 25.252181642097341 ] ], [ [ 55.315380587171077, 25.250827716104386 ], [ 55.315361912460354, 25.250828608183525 ], [ 55.315380587171177, 25.250822123983632 ], [ 55.315380587171077, 25.250827716104386 ] ], [ [ 55.315142534163122, 25.25210473958531 ], [ 55.3150225, 25.2521173 ], [ 55.31498156562759, 25.252132076313867 ], [ 55.315019328636915, 25.252089828610334 ], [ 55.315149694015716, 25.252078984005269 ], [ 55.315184586101822, 25.252148387022928 ], [ 55.315142534163122, 25.25210473958531 ] ], [ [ 55.315025785589704, 25.252528391612032 ], [ 55.315065543385366, 25.252512916989179 ], [ 55.314926143264088, 25.252219717031529 ], [ 55.314900863618959, 25.252222362269038 ], [ 55.314959744536417, 25.252156488835656 ], [ 55.3149563, 25.2522031 ], [ 55.315100220474456, 25.252528391545269 ], [ 55.315025785589704, 25.252528391612032 ] ] ], [ [ [ 55.319982571626177, 25.247777726939105 ], [ 55.31998257161856, 25.247732811174497 ], [ 55.319917079355747, 25.247734965113821 ], [ 55.319917079355747, 25.247779880878021 ], [ 55.319982571626177, 25.247777726939105 ] ] ], [ [ [ 55.3200272, 25.2391669 ], [ 55.32007349173243, 25.239133509953326 ], [ 55.3199801, 25.2391177 ], [ 55.3199682, 25.2391475 ], [ 55.3200272, 25.2391669 ] ] ], [ [ [ 55.3198072, 25.2385919 ], [ 55.320064386826452, 25.238564974799051 ], [ 55.320075186747452, 25.238528274776009 ], [ 55.319954486699316, 25.238499174984387 ], [ 55.3196973, 25.2385261 ], [ 55.3196865, 25.2385628 ], [ 55.3198072, 25.2385919 ] ] ], [ [ [ 55.320049204450527, 25.240364352090594 ], [ 55.32004920441922, 25.240274520560529 ], [ 55.31987216359154, 25.240278948255632 ], [ 55.31987216359154, 25.240368779784042 ], [ 55.320049204450527, 25.240364352090594 ] ] ], [ [ [ 55.3200103, 25.2392142 ], [ 55.32005339174664, 25.239182709958754 ], [ 55.3199628, 25.2391717 ], [ 55.319954, 25.2391996 ], [ 55.3200103, 25.2392142 ] ] ], [ [ [ 55.319994624787206, 25.242886735132263 ], [ 55.319993824767366, 25.242866635131875 ], [ 55.3198142, 25.2428812 ], [ 55.319815, 25.2429012 ], [ 55.319994624787206, 25.242886735132263 ] ] ], [ [ [ 55.319893883253918, 25.247867438818314 ], [ 55.319893883237832, 25.247777607289056 ], [ 55.319827247827334, 25.247779880878031 ], [ 55.319827247827334, 25.247869712406434 ], [ 55.319893883253918, 25.247867438818314 ] ] ], [ [ [ 55.319989276332599, 25.240462630002678 ], [ 55.31998367628595, 25.240407330004132 ], [ 55.3198218, 25.240423 ], [ 55.3198273, 25.2404782 ], [ 55.319989276332599, 25.240462630002678 ] ] ], [ [ [ 55.319839991538956, 25.238436509997516 ], [ 55.3199541, 25.2384585 ], [ 55.31999849153307, 25.238424109960281 ], [ 55.3197013, 25.2383777 ], [ 55.3196918, 25.2384183 ], [ 55.319839991538956, 25.238436509997516 ] ] ], [ [ [ 55.320016069393269, 25.230335673963765 ], [ 55.32010926914046, 25.230221273787606 ], [ 55.319993368989678, 25.230143973982123 ], [ 55.3197362, 25.2301709 ], [ 55.3196423, 25.2302861 ], [ 55.319671713948836, 25.230332514082278 ], [ 55.3196069, 25.2303361 ], [ 55.3194768, 25.2304962 ], [ 55.3194781, 25.2305367 ], [ 55.319604189310276, 25.230536209934868 ], [ 55.319718789268791, 25.230395409905977 ], [ 55.319701972260958, 25.230350957968131 ], [ 55.3197297, 25.2303678 ], [ 55.320016069393269, 25.230335673963765 ] ] ], [ [ [ 55.319910167696449, 25.23776765033303 ], [ 55.319945521785129, 25.237733113284943 ], [ 55.3196999, 25.2377619 ], [ 55.3196892, 25.2377973 ], [ 55.3198019, 25.2378252 ], [ 55.319933350225099, 25.237811438248276 ], [ 55.319944050186137, 25.237776038236678 ], [ 55.319910167696449, 25.23776765033303 ] ] ], [ [ [ 55.3196275, 25.2377257 ], [ 55.319938385020144, 25.237706074923949 ], [ 55.31994578492499, 25.237661574905999 ], [ 55.3196349, 25.2376812 ], [ 55.3196275, 25.2377257 ] ] ], [ [ [ 55.319737416298921, 25.247914628170648 ], [ 55.319737416298921, 25.247959543934858 ], [ 55.319804051742452, 25.247957270360878 ], [ 55.319804051734401, 25.247912354596252 ], [ 55.319737416298921, 25.247914628170648 ] ] ], [ [ [ 55.319917079355747, 25.230532227422934 ], [ 55.320018340651536, 25.230531030701371 ], [ 55.320018340643074, 25.230441199172517 ], [ 55.319917079355747, 25.230442395894521 ], [ 55.319917079355747, 25.230532227422934 ] ] ], [ [ [ 55.319836024240402, 25.242325635232781 ], [ 55.3196693, 25.2423378 ], [ 55.3196689, 25.2423734 ], [ 55.319835624275747, 25.242361335234978 ], [ 55.319836024240402, 25.242325635232781 ] ] ], [ [ [ 55.319602669006308, 25.250384995201973 ], [ 55.319718793304858, 25.250382243024266 ], [ 55.319718793295117, 25.250337327259555 ], [ 55.319602669006308, 25.250340079437773 ], [ 55.319602669006308, 25.250384995201973 ] ] ], [ [ [ 55.319633333131897, 25.251300235866918 ], [ 55.319682233093801, 25.251264335825013 ], [ 55.319582903017483, 25.251190846471921 ], [ 55.319512837477895, 25.251193478957685 ], [ 55.319466, 25.2512602 ], [ 55.3195133, 25.2513128 ], [ 55.319633333131897, 25.251300235866918 ] ] ], [ [ [ 55.3197013, 25.2392542 ], [ 55.319821321190354, 25.239241635083914 ], [ 55.319836521141383, 25.239192935068946 ], [ 55.3196642, 25.2391921 ], [ 55.319649, 25.2392409 ], [ 55.3197013, 25.2392542 ] ] ], [ [ [ 55.319883593782571, 25.235022607154786 ], [ 55.319883593778343, 25.234977691390355 ], [ 55.319827247827334, 25.234978888079333 ], [ 55.319827247827334, 25.235023803843529 ], [ 55.319883593782571, 25.235022607154786 ] ] ], [ [ [ 55.319489641492503, 25.248496259583007 ], [ 55.319669304523487, 25.248361512262505 ], [ 55.31966930451545, 25.248316596497876 ], [ 55.319512837477895, 25.2483188700485 ], [ 55.319378090185275, 25.24840870157691 ], [ 55.319378090185275, 25.24849853310533 ], [ 55.319489641492503, 25.248496259583007 ] ] ], [ [ [ 55.319595291417137, 25.249476382834235 ], [ 55.319626191402079, 25.24945418281736 ], [ 55.319596491351483, 25.24937248283015 ], [ 55.319389591209671, 25.249136982930377 ], [ 55.319262510640854, 25.249181241923402 ], [ 55.319225862763574, 25.249034650514449 ], [ 55.319108595600035, 25.249037522275799 ], [ 55.319063679835836, 25.249082438040002 ], [ 55.319063679835836, 25.249217185332622 ], [ 55.319108595600035, 25.249262101096829 ], [ 55.319270778578051, 25.249259229329756 ], [ 55.319266539053189, 25.249197355542361 ], [ 55.31951870000001, 25.2494844 ], [ 55.319595291417137, 25.249476382834235 ] ] ], [ [ [ 55.319734794091232, 25.240319436416218 ], [ 55.319734793981631, 25.240005026061002 ], [ 55.319647584770507, 25.240009453670393 ], [ 55.319647584770507, 25.240323864019832 ], [ 55.319734794091232, 25.240319436416218 ] ] ], [ [ [ 55.3195062, 25.2462741 ], [ 55.3193029, 25.2463244 ], [ 55.3193177, 25.2463732 ], [ 55.319641028193182, 25.246310335600274 ], [ 55.319626228145665, 25.246261535609833 ], [ 55.3195062, 25.2462741 ] ] ], [ [ [ 55.319793762237687, 25.234842944104074 ], [ 55.319793762233452, 25.234798028339632 ], [ 55.319647584770507, 25.234799225022496 ], [ 55.319647584770507, 25.234844140786709 ], [ 55.319793762237687, 25.234842944104074 ] ] ], [ [ [ 55.319574854489986, 25.241975544632517 ], [ 55.319575892529592, 25.241927610111308 ], [ 55.3194801, 25.2419301 ], [ 55.3194778, 25.242032 ], [ 55.319659323947818, 25.242020535361466 ], [ 55.319660423901951, 25.24197423535815 ], [ 55.319574854489986, 25.241975544632517 ] ] ], [ [ [ 55.319608671420291, 25.24332725759372 ], [ 55.3194346, 25.2433252 ], [ 55.3194384, 25.2434635 ], [ 55.319626992961965, 25.243459910122198 ], [ 55.319608671420291, 25.24332725759372 ] ] ], [ [ [ 55.319202909522481, 25.243018155105332 ], [ 55.3190971, 25.2430206 ], [ 55.3190971, 25.2430705 ], [ 55.31915810000163, 25.243068202072983 ], [ 55.3191581, 25.2432027 ], [ 55.319537985596078, 25.243195840363558 ], [ 55.319627817104887, 25.243106008818756 ], [ 55.319627817086264, 25.243016177289366 ], [ 55.31958290131324, 25.242971261532372 ], [ 55.319467921713688, 25.242973894107987 ], [ 55.319430464996955, 25.243011350828105 ], [ 55.319202909522481, 25.243018155105332 ] ] ], [ [ [ 55.319537, 25.2452133 ], [ 55.31959879345704, 25.245209710154882 ], [ 55.319598793448137, 25.245178210154418 ], [ 55.319537, 25.2451818 ], [ 55.319537, 25.2452133 ] ] ], [ [ [ 55.319352525134647, 25.243203935674295 ], [ 55.3191735, 25.2432216 ], [ 55.3191736, 25.2432553 ], [ 55.3192001, 25.2432751 ], [ 55.319621592905811, 25.243261010120502 ], [ 55.319621592892446, 25.2432137101198 ], [ 55.319352525134647, 25.243203935674295 ] ] ], [ [ [ 55.319572592526782, 25.241917510111929 ], [ 55.31957199246105, 25.241684910108596 ], [ 55.3194388, 25.2416887 ], [ 55.3194394, 25.2419213 ], [ 55.319572592526782, 25.241917510111929 ] ] ], [ [ [ 55.319423005949481, 25.234978888079326 ], [ 55.318652477430497, 25.23491793352397 ], [ 55.3182067, 25.2349646 ], [ 55.3181431, 25.2350173 ], [ 55.3181267, 25.2351045 ], [ 55.3184157, 25.2354255 ], [ 55.3188374, 25.23547 ], [ 55.319283179164472, 25.235423331705359 ], [ 55.319459578625498, 25.23528593114268 ], [ 55.319593978089536, 25.235147130707357 ], [ 55.319602637117612, 25.235067984486893 ], [ 55.319659014966888, 25.23506752293671 ], [ 55.31965901496266, 25.235022607172279 ], [ 55.319569183426232, 25.234932775650428 ], [ 55.319423005949481, 25.234933972315119 ], [ 55.319423005949481, 25.234978888079326 ] ] ], [ [ [ 55.319602669006308, 25.234619561965669 ], [ 55.319659014924589, 25.234618365292423 ], [ 55.319659014920354, 25.234573449527993 ], [ 55.319602669006308, 25.234574646201473 ], [ 55.319602669006308, 25.234619561965669 ] ] ], [ [ [ 55.31954452437823, 25.2424495354778 ], [ 55.3189506, 25.242461 ], [ 55.318950193349373, 25.242598854974165 ], [ 55.3188705, 25.2426059 ], [ 55.3188705, 25.2427126 ], [ 55.318949924309756, 25.242705578766113 ], [ 55.3189498, 25.2427587 ], [ 55.319033385542184, 25.242757647119021 ], [ 55.3189562, 25.2427922 ], [ 55.318956, 25.2428558 ], [ 55.319543324768887, 25.242844335499381 ], [ 55.31954452437823, 25.2424495354778 ] ], [ [ 55.3193154, 25.2426314 ], [ 55.31908874533076, 25.242732864717372 ], [ 55.319088984276064, 25.24263082253087 ], [ 55.3193154, 25.2426314 ] ] ], [ [ [ 55.319440693043894, 25.243739910169932 ], [ 55.319263401619899, 25.243741311846595 ], [ 55.319265501899942, 25.24368810345598 ], [ 55.319529725593057, 25.243676635553939 ], [ 55.319530225537825, 25.243620835550633 ], [ 55.319267889124831, 25.243627625517284 ], [ 55.319269625514664, 25.243583635761951 ], [ 55.3191079, 25.2435949 ], [ 55.319100195254009, 25.24379252675682 ], [ 55.3189202, 25.2438045 ], [ 55.3189198, 25.2438377 ], [ 55.319161725760338, 25.243826235862915 ], [ 55.31916200183823, 25.243795771942665 ], [ 55.319440393059253, 25.243794210170826 ], [ 55.319440693043894, 25.243739910169932 ] ] ], [ [ [ 55.319423005949481, 25.23987470637778 ], [ 55.319423005949481, 25.239919622141986 ], [ 55.319556273962156, 25.239915074918812 ], [ 55.319561021759192, 25.239802935326203 ], [ 55.319415, 25.2398147 ], [ 55.319423005949481, 25.23987470637778 ] ] ], [ [ [ 55.319444725680469, 25.248226765001881 ], [ 55.319444725664383, 25.248136933472615 ], [ 55.319378090185275, 25.248139206991677 ], [ 55.319378090185275, 25.248229038520087 ], [ 55.319444725680469, 25.248226765001881 ] ] ], [ [ [ 55.3191822, 25.246649 ], [ 55.3192553, 25.2466754 ], [ 55.3193753285559, 25.246662835836137 ], [ 55.31943712850903, 25.246618735783233 ], [ 55.319438728460753, 25.246570035779396 ], [ 55.319405428424702, 25.24653183580466 ], [ 55.319268407619383, 25.246530762262495 ], [ 55.319145328232295, 25.246323636006679 ], [ 55.319024328211611, 25.246296336104297 ], [ 55.3189043, 25.2463089 ], [ 55.31880420000001, 25.2465846 ], [ 55.318850060799519, 25.246655800235185 ], [ 55.318794185250596, 25.24665698677288 ], [ 55.318794185250596, 25.246701902537087 ], [ 55.318850532311217, 25.246700705986882 ], [ 55.318850532307067, 25.246656532263984 ], [ 55.3189402, 25.2466835 ], [ 55.319172817561075, 25.246623295452597 ], [ 55.3191822, 25.246649 ] ] ], [ [ [ 55.3191917, 25.239122 ], [ 55.319370721097506, 25.239123935446482 ], [ 55.319381064559749, 25.239089656032995 ], [ 55.319523621048752, 25.239082735319226 ], [ 55.319534021014583, 25.239048735308941 ], [ 55.319422720992812, 25.239020835398559 ], [ 55.3193027, 25.2390334 ], [ 55.319294110964094, 25.239061212117889 ], [ 55.3192073, 25.2390703 ], [ 55.3191917, 25.239122 ] ] ], [ [ [ 55.319359467458263, 25.251594968736118 ], [ 55.319359467448521, 25.2515500529714 ], [ 55.319288258656862, 25.251552805071331 ], [ 55.319288258656862, 25.251597720835534 ], [ 55.319359467458263, 25.251594968736118 ] ] ], [ [ [ 55.3194545, 25.2391778 ], [ 55.319488791752683, 25.239174210090621 ], [ 55.319498691744677, 25.239146410087891 ], [ 55.3194229, 25.2391379 ], [ 55.3194129, 25.2391657 ], [ 55.3194545, 25.2391778 ] ] ], [ [ [ 55.319354894168981, 25.248316596544448 ], [ 55.319354894152895, 25.248226765015186 ], [ 55.319288258656862, 25.248229038520094 ], [ 55.319288258656862, 25.248318870048497 ], [ 55.319354894168981, 25.248316596544448 ] ] ], [ [ [ 55.319341530679374, 25.242003403687765 ], [ 55.319351692527889, 25.241909710163462 ], [ 55.3187931, 25.2419045 ], [ 55.3187915, 25.2419809 ], [ 55.319092, 25.2419859 ], [ 55.3191986, 25.2420536 ], [ 55.31931569256848, 25.242051410173996 ], [ 55.319336500000091, 25.24201275055249 ], [ 55.3193365, 25.2420546 ], [ 55.319428492566672, 25.242051010147605 ], [ 55.319428492552262, 25.24200001014686 ], [ 55.319341530679374, 25.242003403687765 ] ] ], [ [ [ 55.319263919603458, 25.248945536919752 ], [ 55.319308835313912, 25.248631126561204 ], [ 55.319198427128448, 25.248633280397947 ], [ 55.319108595600035, 25.248812943454766 ], [ 55.319108595600035, 25.248947690747379 ], [ 55.319263919603458, 25.248945536919752 ] ] ], [ [ [ 55.3189515, 25.2402253 ], [ 55.319131292054493, 25.240223210189846 ], [ 55.31920000149416, 25.240161918978256 ], [ 55.319285592027768, 25.240136810152482 ], [ 55.319282246652101, 25.240088553306681 ], [ 55.319374891989433, 25.240005910129657 ], [ 55.319376591952334, 25.2398747101273 ], [ 55.319286391930113, 25.239791310147147 ], [ 55.3190288, 25.2397926 ], [ 55.3189559, 25.2398752 ], [ 55.3189515, 25.2402253 ] ] ], [ [ [ 55.319341224180427, 25.242238835633181 ], [ 55.319343224082481, 25.242139935626376 ], [ 55.3190381, 25.2421495 ], [ 55.3190361, 25.2422484 ], [ 55.319341224180427, 25.242238835633181 ] ] ], [ [ [ 55.3191836, 25.2403836 ], [ 55.319303622334637, 25.240371035566472 ], [ 55.319306222231319, 25.240266735558905 ], [ 55.3190078, 25.2402757 ], [ 55.3190052, 25.2403799 ], [ 55.3191836, 25.2403836 ] ] ], [ [ [ 55.3190747, 25.2446797 ], [ 55.319227926588781, 25.244667035852618 ], [ 55.319227726533583, 25.244611235849874 ], [ 55.3190745, 25.2446239 ], [ 55.3190747, 25.2446797 ] ] ], [ [ [ 55.319217859875884, 25.243870175184718 ], [ 55.319153511364242, 25.243872209392119 ], [ 55.319153511364242, 25.243917125156319 ], [ 55.319217859883089, 25.243915090949308 ], [ 55.319217859875884, 25.243870175184718 ] ] ], [ [ [ 55.319113, 25.2377766 ], [ 55.3190736, 25.2377918 ], [ 55.3190555, 25.2378446 ], [ 55.319200219835409, 25.237838935518933 ], [ 55.319281319768059, 25.237775135449244 ], [ 55.319113, 25.2377766 ] ] ], [ [ [ 55.319018764071629, 25.248812943454769 ], [ 55.319084256525386, 25.248810789651142 ], [ 55.319129172281563, 25.248765873880227 ], [ 55.319129172273939, 25.248720958115619 ], [ 55.319018764071629, 25.248723111926356 ], [ 55.319018764071629, 25.248812943454769 ] ] ], [ [ [ 55.319130315366174, 25.248406428106968 ], [ 55.319018764071629, 25.24840870157691 ], [ 55.319018764071629, 25.24845361734112 ], [ 55.31913031537421, 25.248451343871604 ], [ 55.319130315366174, 25.248406428106968 ] ] ], [ [ [ 55.319198427128448, 25.232508521047997 ], [ 55.319153511364242, 25.232553436812204 ], [ 55.319153511364242, 25.232598352576407 ], [ 55.319198427128448, 25.232643268340617 ], [ 55.319344604386359, 25.232597155917606 ], [ 55.319344604377903, 25.232507324388738 ], [ 55.319198427128448, 25.232508521047997 ] ] ], [ [ [ 55.3190741, 25.2380913 ], [ 55.319194120072915, 25.238078735536448 ], [ 55.319262819848156, 25.237855135468561 ], [ 55.3191071, 25.2378587 ], [ 55.3190384, 25.2380823 ], [ 55.3190741, 25.2380913 ] ] ], [ [ [ 55.318809395552606, 25.243158523894817 ], [ 55.3188091, 25.2431777 ], [ 55.319084225112391, 25.243167235891949 ], [ 55.319084630193814, 25.243140927788936 ], [ 55.319157425077186, 25.243135535830383 ], [ 55.319157425029211, 25.243087035827863 ], [ 55.319085377828358, 25.243092372407901 ], [ 55.319085925003073, 25.243056835884801 ], [ 55.318868225002689, 25.243044936062333 ], [ 55.3185639, 25.2430733 ], [ 55.31856350000001, 25.2431613 ], [ 55.318809395552606, 25.243158523894817 ] ], [ [ 55.318759902882924, 25.243109918015502 ], [ 55.318759932022779, 25.243103505853423 ], [ 55.318810304843986, 25.243099526949575 ], [ 55.318810202625606, 25.243106159125393 ], [ 55.318759902882924, 25.243109918015502 ] ] ], [ [ [ 55.319084256388223, 25.248002305888196 ], [ 55.318973848307422, 25.248004459699057 ], [ 55.318973848307422, 25.248094291227474 ], [ 55.319084256403464, 25.248092137417416 ], [ 55.319084256388223, 25.248002305888196 ] ] ], [ [ [ 55.319178921228819, 25.239246535609833 ], [ 55.319085021210874, 25.239223435685449 ], [ 55.318965, 25.239236 ], [ 55.3189385, 25.2393245 ], [ 55.3190323, 25.2393476 ], [ 55.319152321317752, 25.239335035636213 ], [ 55.319178921228819, 25.239246535609833 ] ] ], [ [ [ 55.319187420388296, 25.238397235558544 ], [ 55.3190133, 25.2384002 ], [ 55.3190039, 25.2384433 ], [ 55.319178020431416, 25.238440335568484 ], [ 55.319187420388296, 25.238397235558544 ] ] ], [ [ [ 55.319145174118432, 25.241308181715613 ], [ 55.319018764071629, 25.24131201083237 ], [ 55.319018764071629, 25.24140184236078 ], [ 55.319145174145518, 25.241398013245462 ], [ 55.319145174118432, 25.241308181715613 ] ] ], [ [ [ 55.318973848307422, 25.248498533105323 ], [ 55.318973848307422, 25.248543448869533 ], [ 55.319040483862743, 25.248541175414172 ], [ 55.319040483854693, 25.248496259649539 ], [ 55.318973848307422, 25.248498533105323 ] ] ], [ [ [ 55.3188351, 25.2432 ], [ 55.3188353, 25.2432729 ], [ 55.319107092915722, 25.243268810240913 ], [ 55.319106892895142, 25.243196010239878 ], [ 55.3188351, 25.2432 ] ] ], [ [ [ 55.319037793982247, 25.247037710313325 ], [ 55.319006693968483, 25.24698741031985 ], [ 55.3189724, 25.246991 ], [ 55.3187243, 25.2471165 ], [ 55.3187554, 25.2471669 ], [ 55.318789694021469, 25.247163310373214 ], [ 55.319037793982247, 25.247037710313325 ] ] ], [ [ [ 55.319101401405717, 25.241218230537243 ], [ 55.319018764071629, 25.241222179303961 ], [ 55.319018764071629, 25.241267095068164 ], [ 55.31910140141968, 25.241263146302188 ], [ 55.319101401405717, 25.241218230537243 ] ] ], [ [ [ 55.318928932543216, 25.248273954284297 ], [ 55.318928932543216, 25.248363785812703 ], [ 55.318995568066789, 25.248361512362294 ], [ 55.318995568050703, 25.248271680833042 ], [ 55.318928932543216, 25.248273954284297 ] ] ], [ [ [ 55.319114391474223, 25.238169110163167 ], [ 55.3190237, 25.2381666 ], [ 55.3190173, 25.2382152 ], [ 55.319107991488053, 25.238217710165383 ], [ 55.319114391474223, 25.238169110163167 ] ] ], [ [ [ 55.319057628676951, 25.241083363594498 ], [ 55.319057628648174, 25.240993532064568 ], [ 55.319012712870339, 25.240948616311513 ], [ 55.318884016779009, 25.240952684718721 ], [ 55.318884016779009, 25.241042516247131 ], [ 55.318928932543216, 25.241087432011337 ], [ 55.319057628676951, 25.241083363594498 ] ] ], [ [ [ 55.318973848307422, 25.239380632971514 ], [ 55.318973848307422, 25.239470464499924 ], [ 55.319062200404446, 25.239465917414591 ], [ 55.319062200372294, 25.239376085884476 ], [ 55.318973848307422, 25.239380632971514 ] ] ], [ [ [ 55.319120025684889, 25.233854797339117 ], [ 55.319075109916682, 25.233809881578185 ], [ 55.319018764071629, 25.233811078209975 ], [ 55.318973848307422, 25.233855993974178 ], [ 55.318973848307422, 25.233900909738384 ], [ 55.319018764071629, 25.233945825502587 ], [ 55.319075109929372, 25.23394462887148 ], [ 55.319120025689109, 25.233899713103551 ], [ 55.319120025684889, 25.233854797339117 ] ] ], [ [ [ 55.319120025570676, 25.23264207169953 ], [ 55.319120025562214, 25.232552240170669 ], [ 55.319018764071629, 25.232553436812193 ], [ 55.319018764071629, 25.232643268340617 ], [ 55.319120025570676, 25.23264207169953 ] ] ], [ [ [ 55.318884016779009, 25.241806084238636 ], [ 55.318884016779009, 25.241851000002843 ], [ 55.318964368143142, 25.241847290597846 ], [ 55.318964368130018, 25.241802374832943 ], [ 55.318884016779009, 25.241806084238636 ] ] ], [ [ [ 55.3189098, 25.2403134 ], [ 55.318975192081673, 25.240311110227651 ], [ 55.318977992065747, 25.240254910226156 ], [ 55.3189127, 25.2402572 ], [ 55.3189098, 25.2403134 ] ] ], [ [ [ 55.3187945, 25.2428366 ], [ 55.318914524781718, 25.242824036012919 ], [ 55.31891522472538, 25.242767136009377 ], [ 55.3184956, 25.2427768 ], [ 55.3184795, 25.2428335 ], [ 55.3187945, 25.2428366 ] ] ], [ [ [ 55.318896224249123, 25.242284735999743 ], [ 55.318738724226009, 25.242253036126982 ], [ 55.3186187, 25.2422656 ], [ 55.3185962, 25.2423571 ], [ 55.3187537, 25.2423888 ], [ 55.318873724340826, 25.242376236022935 ], [ 55.318896224249123, 25.242284735999743 ] ] ], [ [ [ 55.318659437957976, 25.246926481358116 ], [ 55.318659437957976, 25.247016312886529 ], [ 55.318767559608702, 25.247014398419484 ], [ 55.318812475365775, 25.24696948264932 ], [ 55.318812475359003, 25.246924566884754 ], [ 55.318659437957976, 25.246926481358116 ] ] ], [ [ [ 55.318704353722183, 25.248094291227474 ], [ 55.318704353722183, 25.248139206991677 ], [ 55.318769846064455, 25.248137053226134 ], [ 55.318769846056838, 25.248092137461533 ], [ 55.318704353722183, 25.248094291227474 ] ] ], [ [ [ 55.318704353722183, 25.247959543934847 ], [ 55.318704353722183, 25.248004459699061 ], [ 55.318769846041597, 25.248002305932314 ], [ 55.318769846033973, 25.247957390167709 ], [ 55.318704353722183, 25.247959543934847 ] ] ], [ [ [ 55.3180578, 25.237996 ], [ 55.317758794220239, 25.237990748950789 ], [ 55.317763120008856, 25.237938336700008 ], [ 55.317384677972058, 25.237927050287048 ], [ 55.317388911681526, 25.237901647928865 ], [ 55.318055991426455, 25.237944110407245 ], [ 55.318073991376956, 25.237769910400431 ], [ 55.317970504923657, 25.237761110274956 ], [ 55.317970504913028, 25.237719461481735 ], [ 55.318066191363371, 25.23772141040153 ], [ 55.318076791322028, 25.237575710396893 ], [ 55.3179339, 25.2375728 ], [ 55.317926891582488, 25.237669132738283 ], [ 55.3177458, 25.2376774 ], [ 55.3177422, 25.2377182 ], [ 55.317923518829183, 25.237715492135969 ], [ 55.317850954202271, 25.237763665460097 ], [ 55.317850954202271, 25.237808581224307 ], [ 55.317912844297247, 25.237806970723998 ], [ 55.317908592519096, 25.237847914663 ], [ 55.317567330463937, 25.237821516898087 ], [ 55.317583091351786, 25.237654910513481 ], [ 55.31738, 25.2376455 ], [ 55.317364890927593, 25.237805820698632 ], [ 55.317267049267592, 25.237808581224307 ], [ 55.317177217739179, 25.23798824428113 ], [ 55.317177217739179, 25.238167907337957 ], [ 55.317222133503385, 25.23821282310216 ], [ 55.317305389176809, 25.238204161889787 ], [ 55.317280650295878, 25.238432535701168 ], [ 55.317258711171696, 25.238388657466224 ], [ 55.317177217739179, 25.238392486158979 ], [ 55.317132301974972, 25.238482317687399 ], [ 55.317087386210773, 25.238706896508422 ], [ 55.317087386210773, 25.239021306857854 ], [ 55.317213795597759, 25.239017478186319 ], [ 55.317287711684706, 25.238753644379301 ], [ 55.317324921536226, 25.23875462270361 ], [ 55.317517166705287, 25.238792186040726 ], [ 55.3172984, 25.2388087 ], [ 55.3172657, 25.239016 ], [ 55.3182204, 25.2391182 ], [ 55.3183404211333, 25.239105636288592 ], [ 55.318387820790448, 25.238761536231834 ], [ 55.318158920776995, 25.238735836417789 ], [ 55.3177908, 25.2387575 ], [ 55.317786907228943, 25.238785807796386 ], [ 55.317716562522534, 25.238784207677305 ], [ 55.317747120587249, 25.238522236743595 ], [ 55.317583999322324, 25.238473677093943 ], [ 55.318061091586614, 25.23851111041451 ], [ 55.318086591516284, 25.238263610404854 ], [ 55.317711263501963, 25.238231954335301 ], [ 55.317710188302463, 25.23821046954734 ], [ 55.318133572081777, 25.238226294030937 ], [ 55.3180737, 25.2386899 ], [ 55.318319991638617, 25.238708810356929 ], [ 55.318633720172244, 25.238149535998676 ], [ 55.318643087512328, 25.238077421803052 ], [ 55.318716096143049, 25.238075750236263 ], [ 55.318711626446422, 25.238118843955764 ], [ 55.3186511, 25.2381202 ], [ 55.3186423, 25.238204 ], [ 55.318736491490156, 25.238205510252051 ], [ 55.318741636430303, 25.238156516273989 ], [ 55.318779691475612, 25.238156310241223 ], [ 55.318788891450403, 25.238067610237749 ], [ 55.318729500782744, 25.238049736675116 ], [ 55.318793191445593, 25.238050810236491 ], [ 55.318803291408429, 25.237919810232171 ], [ 55.318693025697208, 25.237916037525906 ], [ 55.318695664041265, 25.237884000136699 ], [ 55.318894419888892, 25.237876835771122 ], [ 55.318906419747414, 25.237734435753868 ], [ 55.3182014, 25.2377266 ], [ 55.3181832, 25.2379475 ], [ 55.318674654388431, 25.237962571187754 ], [ 55.318669303520366, 25.238031905814889 ], [ 55.318166648813488, 25.238025541195917 ], [ 55.318168891439797, 25.237997310381648 ], [ 55.3180578, 25.237996 ] ], [ [ 55.3173691, 25.2381685 ], [ 55.317316973652645, 25.238192577411056 ], [ 55.317361157811014, 25.238068171583809 ], [ 55.317685335807987, 25.238081006541247 ], [ 55.317673156413861, 25.238194464277896 ], [ 55.317548932447622, 25.238200394174992 ], [ 55.317489120238406, 25.238155936935559 ], [ 55.3173691, 25.2381685 ] ], [ [ 55.317460920526095, 25.238456259202685 ], [ 55.317471515232661, 25.238463855096427 ], [ 55.3173574, 25.2384758 ], [ 55.317348021470153, 25.23855631342936 ], [ 55.31730362698724, 25.238554657170724 ], [ 55.317281024045045, 25.238433283198987 ], [ 55.3173369, 25.2384706 ], [ 55.317460920526095, 25.238456259202685 ] ] ], [ [ [ 55.318940362645876, 25.234034460410836 ], [ 55.31894036263742, 25.233944628881975 ], [ 55.318839101014802, 25.233945825502587 ], [ 55.318839101014802, 25.234035657031001 ], [ 55.318940362645876, 25.234034460410836 ] ] ], [ [ [ 55.318940362633185, 25.233899713117545 ], [ 55.318940362628958, 25.233854797353118 ], [ 55.318884016779009, 25.233855993974185 ], [ 55.318884016779009, 25.233900909738384 ], [ 55.318940362633185, 25.233899713117545 ] ] ], [ [ [ 55.318684587929518, 25.252089161919955 ], [ 55.318684587920202, 25.252044246155251 ], [ 55.318639672147178, 25.251999330398252 ], [ 55.318524690665363, 25.25200196271339 ], [ 55.318524690665363, 25.252091794241803 ], [ 55.318684587929518, 25.252089161919955 ] ] ], [ [ [ 55.318940362514752, 25.232642071713524 ], [ 55.318940362506289, 25.232552240184663 ], [ 55.318794185250596, 25.2325534368122 ], [ 55.318659437957976, 25.232598352576407 ], [ 55.318659437957976, 25.232643268340613 ], [ 55.318940362514752, 25.232642071713524 ] ] ], [ [ [ 55.318841991280088, 25.237467710216389 ], [ 55.318871791187178, 25.23714051020454 ], [ 55.3187715, 25.2371372 ], [ 55.318675, 25.2371856 ], [ 55.3186288, 25.2374046 ], [ 55.3186762, 25.2374575 ], [ 55.318841991280088, 25.237467710216389 ] ] ], [ [ [ 55.318120155344225, 25.237357590480443 ], [ 55.3181171, 25.2374156 ], [ 55.318274891276047, 25.237423410348303 ], [ 55.318408791142573, 25.236958210310053 ], [ 55.318471390985664, 25.236406210287196 ], [ 55.318401540639314, 25.236399716418074 ], [ 55.318490702294412, 25.236390382635143 ], [ 55.3184649, 25.2366708 ], [ 55.3188131, 25.2366971 ], [ 55.318847391061226, 25.23669351020358 ], [ 55.31887389097944, 25.236405510193084 ], [ 55.31854184809491, 25.236380430656819 ], [ 55.318550082192083, 25.236298277200589 ], [ 55.318490582188574, 25.236293477304372 ], [ 55.3182334, 25.2363204 ], [ 55.318225891835716, 25.236395222750264 ], [ 55.317901282240584, 25.23628687833682 ], [ 55.317746482228245, 25.236272878606655 ], [ 55.3174893, 25.2362998 ], [ 55.3174355, 25.2367879 ], [ 55.3179757, 25.2368491 ], [ 55.318203630606703, 25.236825240041064 ], [ 55.318175912030704, 25.236937549366413 ], [ 55.317676083533378, 25.236884978798606 ], [ 55.3174189, 25.2369119 ], [ 55.317365, 25.2373318 ], [ 55.31803, 25.2374084 ], [ 55.318064291273927, 25.237404810397258 ], [ 55.318068989049991, 25.237362946576201 ], [ 55.318120155344225, 25.237357590480443 ] ], [ [ 55.318303377861866, 25.236421085002767 ], [ 55.318273524067259, 25.236411120807315 ], [ 55.318306188159532, 25.236409698218626 ], [ 55.318303377861866, 25.236421085002767 ] ] ], [ [ [ 55.3186928, 25.2420977 ], [ 55.3186921, 25.2421504 ], [ 55.318788692603512, 25.242147510298651 ], [ 55.318789392588585, 25.242094710297692 ], [ 55.3186928, 25.2420977 ] ] ], [ [ [ 55.318749626754716, 25.244809436251508 ], [ 55.3185694, 25.2448233 ], [ 55.3185707, 25.2448718 ], [ 55.31875102680263, 25.244857936252892 ], [ 55.318749626754716, 25.244809436251508 ] ] ], [ [ [ 55.31871832834419, 25.246414136360897 ], [ 55.3185526, 25.2464275 ], [ 55.3185533, 25.2464597 ], [ 55.318719028376023, 25.246446336362002 ], [ 55.31871832834419, 25.246414136360897 ] ] ], [ [ [ 55.318835791309063, 25.237569910219356 ], [ 55.318724991290672, 25.237499010244203 ], [ 55.3184809, 25.2374995 ], [ 55.3184507, 25.2375632 ], [ 55.3184507, 25.2377155 ], [ 55.3186002, 25.2377293 ], [ 55.318822291342691, 25.237688210224277 ], [ 55.318835791309063, 25.237569910219356 ] ] ], [ [ [ 55.318479774901157, 25.248678196162146 ], [ 55.318526217974636, 25.248676668877277 ], [ 55.318479774901157, 25.248723111926353 ], [ 55.318479774901157, 25.248768027690563 ], [ 55.31863624202893, 25.248765754297199 ], [ 55.318681157784667, 25.248720838525916 ], [ 55.318681157776624, 25.248675922761276 ], [ 55.3186362420048, 25.248631007003301 ], [ 55.318545267333889, 25.248657619512926 ], [ 55.31854526732927, 25.248631126668339 ], [ 55.318479774901157, 25.248633280397947 ], [ 55.318479774901157, 25.248678196162146 ] ] ], [ [ [ 55.318850531100985, 25.233854797360117 ], [ 55.318850531096757, 25.233809881595686 ], [ 55.318794185250596, 25.233811078209968 ], [ 55.318794185250596, 25.233855993974181 ], [ 55.318850531100985, 25.233854797360117 ] ] ], [ [ [ 55.318744428758535, 25.232237816284055 ], [ 55.318850530948716, 25.232237829840656 ], [ 55.318850530936025, 25.232103082547379 ], [ 55.318805615167811, 25.232058166786445 ], [ 55.31856960642957, 25.232059363405934 ], [ 55.318524690665406, 25.232145411064085 ], [ 55.318176794485439, 25.23219474934923 ], [ 55.318176794480522, 25.232147998364297 ], [ 55.318075533023304, 25.232149194934347 ], [ 55.318075533023304, 25.232239026462761 ], [ 55.318176794488586, 25.232232414250433 ], [ 55.3181869, 25.2322957 ], [ 55.318744428758535, 25.232237816284055 ] ] ], [ [ [ 55.318745821276991, 25.239272335965563 ], [ 55.318751521184502, 25.239179135956036 ], [ 55.3185885, 25.2391895 ], [ 55.3185828, 25.2392828 ], [ 55.318745821276991, 25.239272335965563 ] ] ], [ [ [ 55.318558983124014, 25.241622831526339 ], [ 55.318479774901157, 25.24162642118181 ], [ 55.31843485913695, 25.241671336946013 ], [ 55.31843485913695, 25.241940831531256 ], [ 55.318479774901157, 25.242030663059662 ], [ 55.318648814765332, 25.24202707338922 ], [ 55.318693730516173, 25.24198215761384 ], [ 55.318558983124014, 25.241622831526339 ] ] ], [ [ [ 55.318524690665363, 25.241446758124987 ], [ 55.318524690665363, 25.2415365896534 ], [ 55.318605041943215, 25.241532880330375 ], [ 55.318649957693594, 25.241487964554619 ], [ 55.318649957680478, 25.241443048789726 ], [ 55.318524690665363, 25.241446758124987 ] ] ], [ [ [ 55.31849, 25.2331636 ], [ 55.318747175470158, 25.233136676501324 ], [ 55.318760475418244, 25.233112876475339 ], [ 55.3184747, 25.2331282 ], [ 55.318462, 25.2331517 ], [ 55.31849, 25.2331636 ] ] ], [ [ [ 55.318341829199788, 25.24379533093618 ], [ 55.318344825725106, 25.243747436527364 ], [ 55.3181383, 25.2437555 ], [ 55.3181324, 25.2438499 ], [ 55.318602925811938, 25.243848836321426 ], [ 55.31860292574347, 25.243779636317811 ], [ 55.318544292384018, 25.243784012681235 ], [ 55.318542825687942, 25.243720336363904 ], [ 55.3183578, 25.2437342 ], [ 55.318341829199788, 25.24379533093618 ] ] ], [ [ [ 55.318479774901157, 25.244950187733057 ], [ 55.318479774901157, 25.24499510349726 ], [ 55.318524690665363, 25.245040019261463 ], [ 55.318583323798926, 25.245038583416413 ], [ 55.318583323788772, 25.244948751887463 ], [ 55.318479774901157, 25.244950187733057 ] ] ], [ [ [ 55.318541837663076, 25.247059433864546 ], [ 55.318541837650379, 25.246969602335454 ], [ 55.318496921880147, 25.246924686576165 ], [ 55.318389943372743, 25.246926481358113 ], [ 55.318389943372743, 25.247016312886533 ], [ 55.31843485913695, 25.247061228650733 ], [ 55.318541837663076, 25.247059433864546 ] ] ], [ [ [ 55.318670868036598, 25.233764965845261 ], [ 55.318614522193769, 25.233766162445765 ], [ 55.318614522193769, 25.233900909738384 ], [ 55.318715783813275, 25.233899713135052 ], [ 55.318715783804819, 25.233809881606188 ], [ 55.318670868036598, 25.233764965845261 ] ] ], [ [ [ 55.318614522193769, 25.233990741266801 ], [ 55.318670868057751, 25.233989544667413 ], [ 55.318670868053516, 25.233944628902972 ], [ 55.318614522193769, 25.233945825502587 ], [ 55.318614522193769, 25.233990741266801 ] ] ], [ [ [ 55.3184234, 25.2431585 ], [ 55.3184245, 25.2432482 ], [ 55.318520092917474, 25.243244010377804 ], [ 55.318519092892139, 25.243154310376699 ], [ 55.3184234, 25.2431585 ] ] ], [ [ [ 55.3184234, 25.2431585 ], [ 55.318543425119607, 25.243145936333416 ], [ 55.318542325024886, 25.24305013632932 ], [ 55.3183085, 25.2430638 ], [ 55.3183096, 25.2431596 ], [ 55.3184234, 25.2431585 ] ] ], [ [ [ 55.318030617259097, 25.240323864019835 ], [ 55.318117072621128, 25.240319298816441 ], [ 55.318105778528704, 25.240427909386391 ], [ 55.3179013, 25.2404321 ], [ 55.3178468, 25.2408822 ], [ 55.318050022901637, 25.240877936618766 ], [ 55.318052705406743, 25.240855757869465 ], [ 55.318451792252667, 25.240888410358629 ], [ 55.318581691887601, 25.239603610309089 ], [ 55.318434680110151, 25.239589046566717 ], [ 55.318439321564547, 25.239546836230705 ], [ 55.318032821549394, 25.239510036561409 ], [ 55.3179128, 25.2395226 ], [ 55.317905978955025, 25.239583989413436 ], [ 55.3177619, 25.2395763 ], [ 55.3177358, 25.2399343 ], [ 55.317886891993815, 25.239942710476594 ], [ 55.317895932443491, 25.239870528814965 ], [ 55.318234828970581, 25.239905285440635 ], [ 55.318135610355064, 25.240141028620915 ], [ 55.318075533023304, 25.240144200963009 ], [ 55.318030617259097, 25.240234032491422 ], [ 55.318030617259097, 25.240323864019835 ] ], [ [ 55.3179131799968, 25.239732818876785 ], [ 55.317925526682203, 25.23963423878147 ], [ 55.3179526, 25.2396818 ], [ 55.31833644858132, 25.239695468710789 ], [ 55.318300448052469, 25.239769800063609 ], [ 55.3179131799968, 25.239732818876785 ] ] ], [ [ [ 55.3184594, 25.2433113 ], [ 55.3184601, 25.2434684 ], [ 55.318527892979745, 25.243464710379278 ], [ 55.318527192935356, 25.243307610377091 ], [ 55.3184594, 25.2433113 ] ] ], [ [ [ 55.3184485, 25.2392228 ], [ 55.3184423, 25.2393374 ], [ 55.318569091812662, 25.239337810308079 ], [ 55.318575291780213, 25.239223310304926 ], [ 55.3184485, 25.2392228 ] ] ], [ [ [ 55.31847662347478, 25.241479836301099 ], [ 55.3185325232186, 25.241223836241989 ], [ 55.3183166, 25.2412285 ], [ 55.3182902, 25.2414912 ], [ 55.31847662347478, 25.241479836301099 ] ] ], [ [ [ 55.318447433402248, 25.245128534610682 ], [ 55.318389943372743, 25.24512985078988 ], [ 55.318389943372743, 25.245174766554079 ], [ 55.318447433406909, 25.245173450375123 ], [ 55.318447433402248, 25.245128534610682 ] ] ], [ [ [ 55.318455892971471, 25.243431610395611 ], [ 55.318457292948416, 25.243350110394072 ], [ 55.3182034, 25.2433506 ], [ 55.318202, 25.2434321 ], [ 55.318455892971471, 25.243431610395611 ] ] ], [ [ [ 55.318446993016948, 25.243592010400089 ], [ 55.3181355, 25.2435988 ], [ 55.3181362, 25.2436473 ], [ 55.31844769303067, 25.243640610400643 ], [ 55.318446993016948, 25.243592010400089 ] ] ], [ [ [ 55.31802812698254, 25.242438594368913 ], [ 55.318063589110615, 25.24240328370421 ], [ 55.318233937920105, 25.242407655925561 ], [ 55.3182284, 25.2424513 ], [ 55.318430224434266, 25.242447236389584 ], [ 55.318438624368326, 25.24238103637926 ], [ 55.318282554654779, 25.242380310641906 ], [ 55.318439924349072, 25.242361636377179 ], [ 55.318454124269877, 25.242282336361416 ], [ 55.318370924262254, 25.242270236428876 ], [ 55.3182509, 25.2422828 ], [ 55.31824564189651, 25.242312372185157 ], [ 55.318080769620551, 25.242311753627124 ], [ 55.318097838952418, 25.242220815694935 ], [ 55.317940785730684, 25.242210326116485 ], [ 55.317895869966506, 25.242392448812623 ], [ 55.317779624348773, 25.242326436915704 ], [ 55.3176671243504, 25.242322137007548 ], [ 55.3173243, 25.242374 ], [ 55.3172927, 25.2425669 ], [ 55.3178221, 25.2426619 ], [ 55.317942124659737, 25.242649336799584 ], [ 55.317979603544224, 25.242478202737914 ], [ 55.318015421841849, 25.242476709787699 ], [ 55.31802812698254, 25.242438594368913 ] ] ], [ [ [ 55.3180504, 25.2474458 ], [ 55.3180504, 25.2474822 ], [ 55.318340405867744, 25.247455278816638 ], [ 55.318340405790551, 25.247418878812564 ], [ 55.3180504, 25.2474458 ] ] ], [ [ [ 55.315552729848491, 25.247767039022651 ], [ 55.315358229824312, 25.247732339180047 ], [ 55.3152382, 25.2477449 ], [ 55.3152266, 25.2477981 ], [ 55.31554383364189, 25.247827173291626 ], [ 55.3155237, 25.2478534 ], [ 55.315632, 25.2478992 ], [ 55.315802429942131, 25.247874838823897 ], [ 55.315847409490381, 25.247795404041206 ], [ 55.316027413702223, 25.247776566273274 ], [ 55.316035302762863, 25.247750613076509 ], [ 55.316454094240115, 25.247813210929124 ], [ 55.316489694177385, 25.247593210917511 ], [ 55.316463294146082, 25.247481110922017 ], [ 55.316191817105796, 25.247374963220686 ], [ 55.316280937793024, 25.247365636347784 ], [ 55.3162759, 25.2473877 ], [ 55.3164829, 25.2474264 ], [ 55.31658121819671, 25.247416110374097 ], [ 55.3165839, 25.2475127 ], [ 55.316674794150472, 25.24750781087295 ], [ 55.316671937624989, 25.247406615947721 ], [ 55.316707637698222, 25.247402879668108 ], [ 55.3167078, 25.2474546 ], [ 55.31678398337052, 25.247447940894499 ], [ 55.3167834, 25.2474912 ], [ 55.316864106282821, 25.247492099342445 ], [ 55.3165523, 25.2475213 ], [ 55.3165555, 25.2475928 ], [ 55.317237206118619, 25.247515280758332 ], [ 55.317239205810701, 25.247370180738574 ], [ 55.317025094009928, 25.247369640607292 ], [ 55.317014157937713, 25.24714278957012 ], [ 55.317120994042753, 25.247150410763268 ], [ 55.31712029401789, 25.247062410762112 ], [ 55.317009405189999, 25.247065300069135 ], [ 55.317009405129447, 25.247036781104306 ], [ 55.316887105119399, 25.247025581317562 ], [ 55.316729963647362, 25.247035808706531 ], [ 55.31675600489806, 25.246914281535037 ], [ 55.316721904700003, 25.246819081584192 ], [ 55.316594179932778, 25.246796683576076 ], [ 55.316784534834582, 25.246778270681002 ], [ 55.3167817, 25.2469927 ], [ 55.317370385470852, 25.246987032908969 ], [ 55.3173698, 25.2470395 ], [ 55.318027940862969, 25.247037805107009 ], [ 55.3173664, 25.2470777 ], [ 55.3173658, 25.247196 ], [ 55.3180756, 25.2472076 ], [ 55.318332805286289, 25.247180678799239 ], [ 55.318344003953356, 25.246552678709332 ], [ 55.318035991133897, 25.246590407940324 ], [ 55.317215280268535, 25.24658059667756 ], [ 55.317215128219296, 25.246556565671249 ], [ 55.31748367984828, 25.246533938983323 ], [ 55.3174831, 25.2465737 ], [ 55.3180195, 25.2465804 ], [ 55.318276703962596, 25.246553478827451 ], [ 55.318277503860728, 25.246505478820694 ], [ 55.317741003906647, 25.246498779760913 ], [ 55.31752157450498, 25.246521746361598 ], [ 55.317521903898346, 25.24648328014344 ], [ 55.317431104041624, 25.246482663185731 ], [ 55.317431403826198, 25.246444480297829 ], [ 55.317214403845419, 25.246442080678165 ], [ 55.316451598915819, 25.246496133383296 ], [ 55.3166279039866, 25.246477681710818 ], [ 55.3166299038812, 25.246428081701755 ], [ 55.316521903885651, 25.246424481890774 ], [ 55.3161593, 25.2464596 ], [ 55.31615684421191, 25.246496909089334 ], [ 55.316058951940555, 25.246509947895689 ], [ 55.315998008196622, 25.24647686608516 ], [ 55.3154836, 25.2465307 ], [ 55.3153018, 25.2468048 ], [ 55.3154057, 25.2468612 ], [ 55.31592010961571, 25.246807366432488 ], [ 55.315954518809662, 25.246755487307009 ], [ 55.316035172220282, 25.246790713328618 ], [ 55.316016200591186, 25.246879478948578 ], [ 55.3159902, 25.2468822 ], [ 55.3158475, 25.2471213 ], [ 55.315824455848457, 25.247307701408594 ], [ 55.315059894078409, 25.247167711245535 ], [ 55.3149713, 25.2472273 ], [ 55.3149186, 25.2473864 ], [ 55.3149475, 25.247512 ], [ 55.3149819, 25.247539 ], [ 55.315935894944424, 25.247733500953128 ], [ 55.315552729848491, 25.247767039022651 ] ], [ [ 55.317691304417828, 25.246737199773744 ], [ 55.31769130440783, 25.24673249254252 ], [ 55.3179657, 25.2467355 ], [ 55.318033508133112, 25.2467284027029 ], [ 55.318033188049867, 25.246746191523869 ], [ 55.317729624794971, 25.246754881510444 ], [ 55.317691304417828, 25.246737199773744 ] ], [ [ 55.3179643, 25.2468937 ], [ 55.318030658821826, 25.246886754413065 ], [ 55.318030422282327, 25.246899900147575 ], [ 55.317523651234325, 25.246907033482248 ], [ 55.317524701462538, 25.246827553633331 ], [ 55.317587841584036, 25.246821728785019 ], [ 55.3175864, 25.2468866 ], [ 55.3179643, 25.2468937 ] ], [ [ 55.317525838876783, 25.246741475271307 ], [ 55.317526704306417, 25.246675980156606 ], [ 55.316866029981341, 25.246682674149476 ], [ 55.317375360423107, 25.246643419210155 ], [ 55.317537902475102, 25.246663289274526 ], [ 55.3175369, 25.2467308 ], [ 55.317627288881546, 25.246731790839924 ], [ 55.317525838876783, 25.246741475271307 ] ], [ [ 55.316674530503157, 25.247159778270063 ], [ 55.316783851385345, 25.247131876095207 ], [ 55.316783, 25.2471905 ], [ 55.316932856233116, 25.247187691470494 ], [ 55.316934374588115, 25.247221786818674 ], [ 55.316761563217788, 25.247226742521971 ], [ 55.31674360543807, 25.247168281585221 ], [ 55.316674530503157, 25.247159778270063 ] ], [ [ 55.316758247985867, 25.247320025350287 ], [ 55.316783394095445, 25.247318910844729 ], [ 55.316792359290289, 25.247274050516538 ], [ 55.31679359563946, 25.247351476896952 ], [ 55.316750200945691, 25.247355268765027 ], [ 55.316758247985867, 25.247320025350287 ] ], [ [ 55.316591321126339, 25.247273027383748 ], [ 55.316660316648623, 25.247265806504601 ], [ 55.316660829305718, 25.24728602228328 ], [ 55.316591321126339, 25.247273027383748 ] ], [ [ 55.316587634041213, 25.247105808271083 ], [ 55.316567767391064, 25.247102320272248 ], [ 55.316588024623542, 25.24710020020898 ], [ 55.316587634041213, 25.247105808271083 ] ], [ [ 55.316445193943352, 25.24676311091552 ], [ 55.31645709392194, 25.246688010911619 ], [ 55.31636401639706, 25.246675952194806 ], [ 55.316454504406359, 25.246666482036094 ], [ 55.316462594455828, 25.246630959649583 ], [ 55.316463543075223, 25.24677377477779 ], [ 55.31641860258415, 25.246765893875128 ], [ 55.316445193943352, 25.24676311091552 ] ], [ [ 55.316077893946037, 25.24675321100127 ], [ 55.315989992346786, 25.246702003401587 ], [ 55.316038406722434, 25.246629008333652 ], [ 55.31606150692717, 25.246633299275047 ], [ 55.3160539, 25.2466667 ], [ 55.316210479046688, 25.246692020745993 ], [ 55.3162024, 25.2467459 ], [ 55.316239399491437, 25.246750458680829 ], [ 55.316066970241124, 25.246768504200485 ], [ 55.316077893946037, 25.24675321100127 ] ] ], [ [ [ 55.3165555, 25.2475928 ], [ 55.3165447, 25.2478772 ], [ 55.316714094251914, 25.247868610869151 ], [ 55.316723723488003, 25.247824464540159 ], [ 55.316727172992032, 25.247952675957787 ], [ 55.3166832, 25.2479564 ], [ 55.3166832, 25.2479821 ], [ 55.316727862873655, 25.247978317533132 ], [ 55.3167297, 25.2480466 ], [ 55.316963094296256, 25.248038610813452 ], [ 55.31696340428384, 25.247959315359225 ], [ 55.3169653, 25.2480447 ], [ 55.317042470447063, 25.248041183486514 ], [ 55.317042470446921, 25.248074338823866 ], [ 55.3168355, 25.248096 ], [ 55.3168219, 25.2481407 ], [ 55.317042470448193, 25.248188084326134 ], [ 55.317042470446566, 25.248318870048504 ], [ 55.317098817668317, 25.248317673642905 ], [ 55.317098817657069, 25.248182187079159 ], [ 55.317535714890823, 25.248136461062746 ], [ 55.317549314698184, 25.248091761005028 ], [ 55.317349914532507, 25.248042161693423 ], [ 55.317098817645238, 25.248068441569668 ], [ 55.317069860256531, 25.247914046611402 ], [ 55.31709881763021, 25.247913431763035 ], [ 55.317098817621755, 25.247823600234174 ], [ 55.3169604, 25.247824 ], [ 55.316961396996597, 25.247868905514899 ], [ 55.31693746207474, 25.247869101412665 ], [ 55.316857194173359, 25.24759841083165 ], [ 55.3167178, 25.2476043 ], [ 55.316710109485648, 25.247779660194897 ], [ 55.316701394171936, 25.247585110867892 ], [ 55.3165555, 25.2475928 ] ] ], [ [ [ 55.318432991809559, 25.239319610339624 ], [ 55.318441891776182, 25.239202010335791 ], [ 55.31832, 25.2392002 ], [ 55.318312129878052, 25.239305373463097 ], [ 55.3182656, 25.239327 ], [ 55.318432991809559, 25.239319610339624 ] ] ], [ [ [ 55.318450491311395, 25.237557810309259 ], [ 55.318457691284664, 25.237463610306165 ], [ 55.3180788, 25.2374753 ], [ 55.3180724, 25.2375587 ], [ 55.318450491311395, 25.237557810309259 ] ] ], [ [ [ 55.3166921, 25.2458119 ], [ 55.31736397194377, 25.245791202380119 ], [ 55.3173634, 25.2458294 ], [ 55.3174751, 25.2458964 ], [ 55.3177439, 25.2458996 ], [ 55.318193802473601, 25.245846878893783 ], [ 55.318195175799133, 25.245752776105103 ], [ 55.318335202232355, 25.245740578633903 ], [ 55.318334702067439, 25.245662778626077 ], [ 55.318196313280382, 25.24567483345524 ], [ 55.318197901877525, 25.245565978855161 ], [ 55.31762829603155, 25.245571449352536 ], [ 55.317630029791914, 25.245525700000542 ], [ 55.318193101733243, 25.245497678855934 ], [ 55.318193101311934, 25.245298978833709 ], [ 55.317637594372322, 25.245326089989156 ], [ 55.3176400501168, 25.245261288889814 ], [ 55.3174345, 25.2452791 ], [ 55.31743146405276, 25.245488826379869 ], [ 55.317401796560212, 25.245489176903522 ], [ 55.317401796560212, 25.245623924196146 ], [ 55.317428555144161, 25.245650682785531 ], [ 55.317388467939189, 25.245704264675108 ], [ 55.317378902090795, 25.245623280297984 ], [ 55.3169419, 25.2456486 ], [ 55.316941523802775, 25.24568321028892 ], [ 55.3166932, 25.2457092 ], [ 55.3166921, 25.2458119 ] ] ], [ [ [ 55.31816536455171, 25.249666342974681 ], [ 55.31816536455171, 25.249711258738888 ], [ 55.318273486612782, 25.249709344354905 ], [ 55.318273486599232, 25.249619512825777 ], [ 55.318210280315917, 25.249621427210478 ], [ 55.31816536455171, 25.249666342974681 ] ] ], [ [ [ 55.31817211437879, 25.242027234307251 ], [ 55.318337824019032, 25.242022636443032 ], [ 55.318374523847545, 25.241851236404049 ], [ 55.3180893, 25.2418349 ], [ 55.318057751814756, 25.241982609250517 ], [ 55.317985701494891, 25.241985747295452 ], [ 55.317985701494891, 25.242120494588082 ], [ 55.318062623691112, 25.24211714435792 ], [ 55.318062623675011, 25.242051724140449 ], [ 55.318165092588131, 25.242060110443148 ], [ 55.31817211437879, 25.242027234307251 ] ] ], [ [ [ 55.318312686138306, 25.245398029208943 ], [ 55.318267770341755, 25.245083618861624 ], [ 55.318210280315917, 25.245084935025673 ], [ 55.318210280315917, 25.245444261139319 ], [ 55.318267770379002, 25.245442944977238 ], [ 55.318312686138306, 25.245398029208943 ] ] ], [ [ [ 55.318332724178276, 25.242183336455593 ], [ 55.318358124064176, 25.242069336428848 ], [ 55.3181557, 25.2420668 ], [ 55.3181302, 25.2421808 ], [ 55.318332724178276, 25.242183336455593 ] ] ], [ [ [ 55.3182861, 25.2393829 ], [ 55.318351191827787, 25.239379810359654 ], [ 55.318352191813105, 25.239327910358636 ], [ 55.3182871, 25.239331 ], [ 55.3182861, 25.2393829 ] ] ], [ [ [ 55.3181625, 25.2431597 ], [ 55.3181622, 25.2432207 ], [ 55.3182984929133, 25.243217510429229 ], [ 55.31829879289608, 25.243156610428251 ], [ 55.3181625, 25.2431597 ] ] ], [ [ [ 55.31829879289608, 25.243156610428251 ], [ 55.318299192869532, 25.243062710426745 ], [ 55.3181502, 25.2430659 ], [ 55.3181498, 25.2431597 ], [ 55.31829879289608, 25.243156610428251 ] ] ], [ [ [ 55.317298219955049, 25.241138766167595 ], [ 55.317036023171987, 25.241097637460026 ], [ 55.316931392066962, 25.241108588954589 ], [ 55.316931391999674, 25.24099042192228 ], [ 55.316772975861326, 25.240997600482928 ], [ 55.316772975861326, 25.24117726353975 ], [ 55.316908812610372, 25.241147748715164 ], [ 55.316883, 25.2412826 ], [ 55.3171634, 25.2413266 ], [ 55.317278823842976, 25.241314518699141 ], [ 55.3172761, 25.2413392 ], [ 55.3175206, 25.2414719 ], [ 55.318089, 25.2417353 ], [ 55.318259292497373, 25.241744010416401 ], [ 55.318319092343458, 25.241202610394353 ], [ 55.317334892333008, 25.241113610623135 ], [ 55.317298219955049, 25.241138766167595 ] ] ], [ [ [ 55.318208006534448, 25.247762679083266 ], [ 55.3178868, 25.2477896 ], [ 55.3178869, 25.24784 ], [ 55.318208006641328, 25.2478130790889 ], [ 55.318208006534448, 25.247762679083266 ] ] ], [ [ [ 55.318213805705504, 25.247372079029375 ], [ 55.317567405759085, 25.247363180162139 ], [ 55.3173102, 25.2473901 ], [ 55.3173093, 25.2474405 ], [ 55.3179558, 25.2474494 ], [ 55.318213005812474, 25.247422479036423 ], [ 55.318213805705504, 25.247372079029375 ] ] ], [ [ [ 55.318211805616031, 25.247329779028156 ], [ 55.31821410536957, 25.247213679011129 ], [ 55.317621805415811, 25.247204180048932 ], [ 55.3173646, 25.2472311 ], [ 55.3173623, 25.2473472 ], [ 55.3179546, 25.2473567 ], [ 55.318211805616031, 25.247329779028156 ] ] ], [ [ [ 55.318401373414638, 25.233360723986387 ], [ 55.318356457629505, 25.233136145167745 ], [ 55.318255196080123, 25.233137341746879 ], [ 55.318210280315917, 25.233182257511089 ], [ 55.318255196080123, 25.233451752096318 ], [ 55.318356457659114, 25.233450555518747 ], [ 55.318401373418872, 25.233405639750821 ], [ 55.318401373414638, 25.233360723986387 ] ] ], [ [ [ 55.318137596150187, 25.249619632490646 ], [ 55.318075533023304, 25.249621427210478 ], [ 55.318075533023304, 25.249711258738884 ], [ 55.318137596162892, 25.249709464019727 ], [ 55.318137596150187, 25.249619632490646 ] ] ], [ [ [ 55.318094966672575, 25.249439730142125 ], [ 55.3181398824292, 25.249394814371584 ], [ 55.318139882422003, 25.249349898607004 ], [ 55.317985701494891, 25.249351932625238 ], [ 55.317985701494891, 25.249396848389445 ], [ 55.318030617259097, 25.249441764153648 ], [ 55.318094966672575, 25.249439730142125 ] ] ], [ [ [ 55.318030617259097, 25.24490527196885 ], [ 55.318030617259097, 25.245129850789876 ], [ 55.318133023054529, 25.245128534637637 ], [ 55.318177938804524, 25.244993787340423 ], [ 55.31813302302659, 25.244859040050923 ], [ 55.318075533023304, 25.244860356204644 ], [ 55.318030617259097, 25.24490527196885 ] ] ], [ [ [ 55.318232891795226, 25.239258310385495 ], [ 55.318245491769936, 25.239169510381224 ], [ 55.3177462, 25.2391191 ], [ 55.3177336, 25.2392078 ], [ 55.318232891795226, 25.239258310385495 ] ] ], [ [ [ 55.318133023059183, 25.245173450402078 ], [ 55.318030617259097, 25.245174766554079 ], [ 55.318030617259097, 25.24521968231829 ], [ 55.318133023063844, 25.245218366166533 ], [ 55.318133023059183, 25.245173450402078 ] ] ], [ [ [ 55.318133022994004, 25.244544629699764 ], [ 55.318030617259097, 25.244545945855197 ], [ 55.318030617259097, 25.244635777383611 ], [ 55.318133023003313, 25.244634461228667 ], [ 55.318133022994004, 25.244544629699764 ] ] ], [ [ [ 55.31808209412614, 25.247496110543658 ], [ 55.3179572, 25.2475001 ], [ 55.3179581, 25.247663 ], [ 55.318082994172187, 25.247659010545878 ], [ 55.31808209412614, 25.247496110543658 ] ] ], [ [ [ 55.3180056, 25.2426248 ], [ 55.3179941, 25.2426799 ], [ 55.318106092766953, 25.242689610466339 ], [ 55.318127792737457, 25.242586410459726 ], [ 55.3180157, 25.2425767 ], [ 55.3180056, 25.2426248 ] ] ], [ [ [ 55.3180776, 25.2377826 ], [ 55.3180639, 25.237939 ], [ 55.318171091423743, 25.237940610380285 ], [ 55.318184791379373, 25.237784310374749 ], [ 55.3180776, 25.2377826 ] ] ], [ [ [ 55.315236129914481, 25.249476221564688 ], [ 55.3152153, 25.2497821 ], [ 55.315332294813885, 25.249783111220921 ], [ 55.315340119312488, 25.249668415048841 ], [ 55.315468831722676, 25.249656339190139 ], [ 55.31547713160159, 25.249534439176973 ], [ 55.315354027323316, 25.249527561944344 ], [ 55.315358202156922, 25.24946601111235 ], [ 55.3153737, 25.249503 ], [ 55.315644680453339, 25.24945671138817 ], [ 55.3156486, 25.2494954 ], [ 55.315924031514314, 25.249469838807769 ], [ 55.315921836096862, 25.249448372722689 ], [ 55.316016494707384, 25.249442611055802 ], [ 55.316014637776959, 25.249411103292719 ], [ 55.316044980667016, 25.249408565177387 ], [ 55.3160355, 25.2494916 ], [ 55.316368131908511, 25.249501079121149 ], [ 55.3163619, 25.2495344 ], [ 55.316426, 25.2495442 ], [ 55.31662877563106, 25.249530245610586 ], [ 55.316653027627552, 25.249533710181055 ], [ 55.3166425, 25.249574899999988 ], [ 55.3167205, 25.2495912 ], [ 55.316754794737371, 25.2495876108853 ], [ 55.316764456269745, 25.249549628503114 ], [ 55.316827240784768, 25.249558597649763 ], [ 55.3168207, 25.2496062 ], [ 55.316989079643584, 25.249605787714103 ], [ 55.3177179, 25.249721 ], [ 55.317837931650395, 25.249708437253538 ], [ 55.317850954202981, 25.249640940922212 ], [ 55.317850954202271, 25.249666342974674 ], [ 55.317940785730684, 25.249711258738891 ], [ 55.318002848871288, 25.249709464035487 ], [ 55.318002848845886, 25.249529800977328 ], [ 55.317850954202271, 25.249531595682061 ], [ 55.317850954203202, 25.249628777832221 ], [ 55.317705345126214, 25.249605796468622 ], [ 55.317736783740834, 25.249574357838569 ], [ 55.317736783725593, 25.249484526309342 ], [ 55.316973215710455, 25.249304863358059 ], [ 55.31641364974768, 25.249262101096825 ], [ 55.316323818219267, 25.249307016861028 ], [ 55.316323818221292, 25.249385935217031 ], [ 55.316245672840971, 25.249394113296702 ], [ 55.31620507511365, 25.249377428822292 ], [ 55.316205075103809, 25.249305341997864 ], [ 55.316160159333982, 25.249260426238248 ], [ 55.316025412036389, 25.249215510488437 ], [ 55.315245839878322, 25.249217185332622 ], [ 55.314886513764677, 25.249307016861028 ], [ 55.31484159800047, 25.249351932625242 ], [ 55.31484159800047, 25.249441764153651 ], [ 55.314886513764677, 25.249486679917858 ], [ 55.315236129914481, 25.249476221564688 ] ] ], [ [ [ 55.318120448787504, 25.233002594454263 ], [ 55.318120448787504, 25.233137341746879 ], [ 55.318176794573574, 25.233136145181742 ], [ 55.318221710333326, 25.233091229413805 ], [ 55.31822171032487, 25.233001397884959 ], [ 55.318120448787504, 25.233002594454263 ] ] ], [ [ [ 55.317940785730684, 25.2483188700485 ], [ 55.317940785730684, 25.24836378581271 ], [ 55.318002848680777, 25.248361991099255 ], [ 55.318002848674432, 25.248317075334715 ], [ 55.317940785730684, 25.2483188700485 ] ] ], [ [ [ 55.318077392539429, 25.241883210461012 ], [ 55.318089492517295, 25.241805510457031 ], [ 55.3180155, 25.2418041 ], [ 55.3180034, 25.2418817 ], [ 55.318077392539429, 25.241883210461012 ] ] ], [ [ [ 55.3177057, 25.2526406 ], [ 55.317761122673929, 25.252723913785442 ], [ 55.317761122673858, 25.252810446469095 ], [ 55.317864672454803, 25.252809010737653 ], [ 55.317909588198411, 25.252629347675551 ], [ 55.317870413984124, 25.25260651060729 ], [ 55.3177057, 25.2526406 ] ] ], [ [ [ 55.317300224873456, 25.24283143733442 ], [ 55.3171802, 25.242844 ], [ 55.317176194169072, 25.242867409082066 ], [ 55.31680072481457, 25.242745537738699 ], [ 55.316503, 25.2427477 ], [ 55.316437, 25.2430511 ], [ 55.316514426316395, 25.243064807957147 ], [ 55.3164266, 25.243074 ], [ 55.3163931, 25.2432026 ], [ 55.316564220507907, 25.243195905739977 ], [ 55.3165505, 25.2432493 ], [ 55.316772536460583, 25.243286565683682 ], [ 55.3167871, 25.2433098 ], [ 55.316869292956525, 25.243294910764565 ], [ 55.316839392943493, 25.243247210770846 ], [ 55.316791871027661, 25.243254265919941 ], [ 55.316806132332488, 25.243198766872844 ], [ 55.31706749294387, 25.243260610717702 ], [ 55.317172864561485, 25.242900414360999 ], [ 55.317297701255313, 25.242896268222054 ], [ 55.317267049267592, 25.242973894107987 ], [ 55.3172979409891, 25.243004785834326 ], [ 55.3172983, 25.2431673 ], [ 55.318001692902158, 25.243162410497799 ], [ 55.318001292863755, 25.243026510495863 ], [ 55.317456992833804, 25.242891810621124 ], [ 55.31730478215249, 25.242895527082045 ], [ 55.317329524932767, 25.242892937313641 ], [ 55.317339124876867, 25.242836937302865 ], [ 55.317300224873456, 25.24283143733442 ] ], [ [ 55.316570046863873, 25.24306024686096 ], [ 55.316658357765135, 25.24305100401201 ], [ 55.31670421085677, 25.242839967464644 ], [ 55.31674474894146, 25.242835724600955 ], [ 55.316676, 25.2431077 ], [ 55.316773218240726, 25.243164384899341 ], [ 55.316767020783814, 25.243188933259887 ], [ 55.316570978104181, 25.243184294109366 ], [ 55.316601557786875, 25.243066904066986 ], [ 55.316570046863873, 25.24306024686096 ] ] ], [ [ [ 55.3179739, 25.2374407 ], [ 55.3179672, 25.2375328 ], [ 55.318063291310146, 25.237532910399402 ], [ 55.318069991283984, 25.237440710396456 ], [ 55.3179739, 25.2374407 ] ] ], [ [ [ 55.317985701494891, 25.234933972315119 ], [ 55.318056906699852, 25.234931220258655 ], [ 55.318101822453805, 25.234886304485887 ], [ 55.318101822444078, 25.234841388721165 ], [ 55.317985701494891, 25.234844140786709 ], [ 55.317985701494891, 25.234933972315119 ] ] ], [ [ [ 55.317837594787385, 25.249821710635544 ], [ 55.3177665, 25.2498383 ], [ 55.3177771, 25.249863 ], [ 55.317848194794209, 25.249846410633438 ], [ 55.317837594787385, 25.249821710635544 ] ] ], [ [ [ 55.317731068345253, 25.252763975342454 ], [ 55.317671291145444, 25.252765530704899 ], [ 55.317671291145444, 25.252855362233301 ], [ 55.31773106835626, 25.25285380687146 ], [ 55.317731068345253, 25.252763975342454 ] ] ], [ [ [ 55.317973933299825, 25.234975418115255 ], [ 55.317973933287561, 25.234930502350394 ], [ 55.317850954202271, 25.234933972315122 ], [ 55.317626375381238, 25.235113635371945 ], [ 55.317626375381238, 25.235203466900355 ], [ 55.317749354543373, 25.235199996990275 ], [ 55.317973933299825, 25.234975418115255 ] ] ], [ [ [ 55.317376880947037, 25.239947810036583 ], [ 55.317379521982481, 25.239913337117063 ], [ 55.31720022198067, 25.239902037263185 ], [ 55.3170802, 25.2399146 ], [ 55.3170764, 25.2399642 ], [ 55.317151123379745, 25.239968909308224 ], [ 55.3170337, 25.2399812 ], [ 55.3170254, 25.2401044 ], [ 55.317135952017416, 25.240110477355955 ], [ 55.317023, 25.2401223 ], [ 55.3169894, 25.2404283 ], [ 55.317123381084343, 25.240440315155116 ], [ 55.317049939136091, 25.240499156369513 ], [ 55.316907723153946, 25.240503527076662 ], [ 55.316907723153946, 25.240593358605082 ], [ 55.31696923927823, 25.240590885802145 ], [ 55.316955385343782, 25.240722244700056 ], [ 55.316817891625533, 25.240728105897691 ], [ 55.316817891625533, 25.240907768954514 ], [ 55.31692453349325, 25.240901308248969 ], [ 55.316969449233397, 25.240856392464654 ], [ 55.316969449187376, 25.240763969546517 ], [ 55.3173365, 25.2408167 ], [ 55.317456522859665, 25.240804137100586 ], [ 55.317464122790909, 25.240735037090754 ], [ 55.317206491877513, 25.240728510683891 ], [ 55.317237792145164, 25.240443910635836 ], [ 55.317323522501383, 25.240434937190127 ], [ 55.317352931102086, 25.240167194033297 ], [ 55.3174469, 25.2403767 ], [ 55.317834822429852, 25.240389636769372 ], [ 55.317883422015292, 25.239973136707846 ], [ 55.317376880947037, 25.239947810036583 ] ], [ [ 55.3172255, 25.2401154 ], [ 55.317345522171713, 25.240102837154787 ], [ 55.317353822049405, 25.239979637141552 ], [ 55.317263572331008, 25.239974675994976 ], [ 55.317370431754661, 25.239963490865733 ], [ 55.317351223711746, 25.240128505437966 ], [ 55.317175112756388, 25.240112630112211 ], [ 55.3172255, 25.2401154 ] ] ], [ [ [ 55.317663937760422, 25.229897727694748 ], [ 55.3173557, 25.2299318 ], [ 55.3173137, 25.2300036 ], [ 55.317329, 25.230115 ], [ 55.317957268950352, 25.230017777536975 ], [ 55.317924668831537, 25.229959977587644 ], [ 55.317676094166416, 25.229985557281555 ], [ 55.317663937760422, 25.229897727694748 ] ] ], [ [ [ 55.317773322869428, 25.240830736842735 ], [ 55.31777742282479, 25.240785836837034 ], [ 55.3175917, 25.2407936 ], [ 55.3175877, 25.2408385 ], [ 55.317773322869428, 25.240830736842735 ] ] ], [ [ [ 55.317704425759587, 25.243748437051522 ], [ 55.317564325322586, 25.243759226446414 ], [ 55.317565993036474, 25.24361451060642 ], [ 55.3174633, 25.2436174 ], [ 55.317462487194661, 25.243687929594032 ], [ 55.31739662565893, 25.243630437297263 ], [ 55.317287356028622, 25.243641874204918 ], [ 55.31715329300863, 25.24349421070113 ], [ 55.3170718, 25.2435399 ], [ 55.3173142, 25.2437389 ], [ 55.317434225751846, 25.243726337271504 ], [ 55.317462349117299, 25.243699910957421 ], [ 55.317461149485979, 25.243804005991365 ], [ 55.3174061, 25.2438078 ], [ 55.3174056, 25.2438496 ], [ 55.317705125855035, 25.243844937055993 ], [ 55.317704425759587, 25.243748437051522 ] ] ], [ [ [ 55.31770429176764, 25.239132810507208 ], [ 55.3172559, 25.2390937 ], [ 55.3172444, 25.2391847 ], [ 55.317692891793534, 25.239223810511231 ], [ 55.31770429176764, 25.239132810507208 ] ] ], [ [ [ 55.317772552663889, 25.232776819097815 ], [ 55.317772552655427, 25.232686987568947 ], [ 55.31772763688722, 25.232642071808016 ], [ 55.317671291145444, 25.232643268340617 ], [ 55.317626375381238, 25.23268818410482 ], [ 55.317626375381238, 25.232778015633237 ], [ 55.317772552663889, 25.232776819097815 ] ] ], [ [ [ 55.317507131730146, 25.249771537527629 ], [ 55.317523531658139, 25.249699637510449 ], [ 55.317209431616668, 25.24964113776451 ], [ 55.3170894, 25.2496537 ], [ 55.317073, 25.2497255 ], [ 55.3173871, 25.2497841 ], [ 55.317507131730146, 25.249771537527629 ] ] ], [ [ [ 55.3172645, 25.2435472 ], [ 55.317575125551251, 25.243531037145981 ], [ 55.317573825493739, 25.243472837144008 ], [ 55.3172632, 25.243489 ], [ 55.3172645, 25.2435472 ] ] ], [ [ [ 55.317637805312728, 25.23214799840629 ], [ 55.317491628088625, 25.232149194934347 ], [ 55.317401796560212, 25.232194110698554 ], [ 55.317356880796005, 25.232239026462761 ], [ 55.317356880796005, 25.232328857991178 ], [ 55.317401796560212, 25.232373773755381 ], [ 55.31768272109786, 25.232372577224933 ], [ 55.317682721080935, 25.232192914167218 ], [ 55.317637805312728, 25.23214799840629 ] ] ], [ [ [ 55.3172911, 25.2476634 ], [ 55.3172915, 25.2477025 ], [ 55.317397394193577, 25.247698410706807 ], [ 55.317396994182495, 25.247659210706313 ], [ 55.3172911, 25.2476634 ] ] ], [ [ [ 55.317049123484907, 25.241414637465876 ], [ 55.3168627, 25.2414588 ], [ 55.3166713, 25.2423987 ], [ 55.316698, 25.242449 ], [ 55.3171058, 25.2425149 ], [ 55.317225824551748, 25.242502337378102 ], [ 55.317444223528859, 25.241479937145954 ], [ 55.317049123484907, 25.241414637465876 ] ] ], [ [ [ 55.31734929421205, 25.247761210718995 ], [ 55.317264, 25.2477658 ], [ 55.3172665, 25.2478645 ], [ 55.317351694239917, 25.247859910719907 ], [ 55.31734929421205, 25.247761210718995 ] ] ], [ [ [ 55.3171474, 25.2479383 ], [ 55.317147, 25.2480274 ], [ 55.317293794287238, 25.248024210735892 ], [ 55.317294094262046, 25.247935110734499 ], [ 55.3171474, 25.2479383 ] ] ], [ [ [ 55.3172712, 25.2392821 ], [ 55.317371391815293, 25.239283810587285 ], [ 55.317376791799774, 25.239229210585208 ], [ 55.3172766, 25.2392275 ], [ 55.3172712, 25.2392821 ] ] ], [ [ [ 55.316996, 25.2455826 ], [ 55.317253201961542, 25.245555680510872 ], [ 55.317256101336135, 25.245260880472777 ], [ 55.316341601385318, 25.245235782073852 ], [ 55.3160844, 25.2452627 ], [ 55.3160826, 25.2455611 ], [ 55.316996, 25.2455826 ] ] ], [ [ [ 55.3170305, 25.2472093 ], [ 55.3170318, 25.24733 ], [ 55.317218229315941, 25.247316837635879 ], [ 55.317216829196575, 25.247196137630709 ], [ 55.3170305, 25.2472093 ] ] ], [ [ [ 55.3170151, 25.2478116 ], [ 55.317101694228377, 25.247805910777565 ], [ 55.317091594168879, 25.247594910776773 ], [ 55.317005, 25.2476005 ], [ 55.3170151, 25.2478116 ] ] ], [ [ [ 55.3170664, 25.2441375 ], [ 55.317141293189636, 25.24413391071349 ], [ 55.317141193156907, 25.244018110711785 ], [ 55.3170663, 25.2440217 ], [ 55.3170664, 25.2441375 ] ] ], [ [ [ 55.317087386210773, 25.237539086639064 ], [ 55.317087386210773, 25.237628918167481 ], [ 55.317204650818482, 25.23762604664805 ], [ 55.317204650798175, 25.237536215118567 ], [ 55.317087386210773, 25.237539086639064 ] ] ], [ [ [ 55.316907723153946, 25.239695043320957 ], [ 55.316907723153946, 25.239784874849367 ], [ 55.317079048537479, 25.239781046223591 ], [ 55.317079048510401, 25.23969121469375 ], [ 55.316907723153946, 25.239695043320957 ] ] ], [ [ [ 55.316997554682359, 25.239425548735724 ], [ 55.316997554682359, 25.239605211792544 ], [ 55.317077905419694, 25.239601502808686 ], [ 55.317077905367228, 25.239421839749092 ], [ 55.316997554682359, 25.239425548735724 ] ] ], [ [ [ 55.317079048198977, 25.238658152100555 ], [ 55.316997554682359, 25.238661980744215 ], [ 55.316997554682359, 25.238706896508425 ], [ 55.317079048212513, 25.238703067865487 ], [ 55.317079048198977, 25.238658152100555 ] ] ], [ [ [ 55.3155278, 25.23622 ], [ 55.3167926, 25.2363117 ], [ 55.317049782331445, 25.236284779829475 ], [ 55.317055782127532, 25.236188879808225 ], [ 55.31700100788602, 25.236187901875617 ], [ 55.317067382069439, 25.236162079784876 ], [ 55.317070681934069, 25.236098379771967 ], [ 55.317011829531509, 25.23609711227402 ], [ 55.317018281822527, 25.236042979857626 ], [ 55.316722794021281, 25.236031927341688 ], [ 55.316727597352049, 25.23598279991009 ], [ 55.317055181651611, 25.235964279784124 ], [ 55.317060281508411, 25.235896979767645 ], [ 55.316925163990938, 25.235883074525471 ], [ 55.317071281445294, 25.235867779745092 ], [ 55.317077781305329, 25.235802079726337 ], [ 55.316746787539401, 25.235786526284997 ], [ 55.316748581270325, 25.235768180299704 ], [ 55.316576500555641, 25.235758224318353 ], [ 55.316579181205348, 25.235728580592269 ], [ 55.316223281189203, 25.235702181213284 ], [ 55.316066548543972, 25.23571858624986 ], [ 55.316072481145241, 25.23567348147445 ], [ 55.315815556201358, 25.235673695701582 ], [ 55.315820081083409, 25.235630981912202 ], [ 55.315623181077221, 25.235617682255924 ], [ 55.315366, 25.2356446 ], [ 55.3153627, 25.2357006 ], [ 55.315424100918271, 25.235720358633703 ], [ 55.3153788, 25.2357251 ], [ 55.315323964003234, 25.236145608134201 ], [ 55.3152992, 25.2361482 ], [ 55.3152931, 25.2361952 ], [ 55.3155278, 25.23622 ] ], [ [ 55.3163134, 25.2358506 ], [ 55.31633339506763, 25.235848507117009 ], [ 55.316301569075726, 25.236174009394919 ], [ 55.316132711235916, 25.236187649421552 ], [ 55.316171893830806, 25.235840143199304 ], [ 55.3163134, 25.2358506 ] ], [ [ 55.315550505299242, 25.23616393598099 ], [ 55.31555337903005, 25.236163635204072 ], [ 55.315553311786132, 25.236164232530882 ], [ 55.315550505299242, 25.23616393598099 ] ] ], [ [ [ 55.316772975861326, 25.2347543092583 ], [ 55.316772975861326, 25.234799225022506 ], [ 55.316952638918153, 25.235023803843529 ], [ 55.317088191266016, 25.235019017965094 ], [ 55.317088191249091, 25.234974102199999 ], [ 55.316863612347916, 25.234749523444496 ], [ 55.316772975861326, 25.2347543092583 ] ] ], [ [ [ 55.316264480523792, 25.232926029545887 ], [ 55.3155332, 25.2330071 ], [ 55.3155329, 25.2331597 ], [ 55.3159631, 25.2332155 ], [ 55.316361849055028, 25.233173762017131 ], [ 55.3163615, 25.233197 ], [ 55.3166281, 25.2331967 ], [ 55.317039581156749, 25.233153627412602 ], [ 55.317107781014343, 25.23311522721443 ], [ 55.317091580317822, 25.232908927222915 ], [ 55.316967080054987, 25.232824827557042 ], [ 55.3163662, 25.2328841 ], [ 55.316365567448564, 25.232926212062996 ], [ 55.316264480523792, 25.232926029545887 ] ] ], [ [ [ 55.316990360103787, 25.239870758131872 ], [ 55.31694544432635, 25.23982584237848 ], [ 55.316862807389739, 25.239829790613577 ], [ 55.316862807389739, 25.239874706377773 ], [ 55.316907723153946, 25.239919622141983 ], [ 55.31699036011775, 25.239915673896814 ], [ 55.316990360103787, 25.239870758131872 ] ] ], [ [ [ 55.316952638918153, 25.237000097468599 ], [ 55.316952638918153, 25.237045013232795 ], [ 55.317021558513169, 25.237042500676889 ], [ 55.317021558504294, 25.236997584912217 ], [ 55.316952638918153, 25.237000097468599 ] ] ], [ [ [ 55.316895479894221, 25.232773627748703 ], [ 55.317042879250799, 25.23259162730265 ], [ 55.316769878738576, 25.232426128038721 ], [ 55.3163584, 25.2324692 ], [ 55.3158255, 25.2325671 ], [ 55.3157743, 25.2327354 ], [ 55.3158704, 25.2328045 ], [ 55.3163404, 25.2328213 ], [ 55.316895479894221, 25.232773627748703 ] ] ], [ [ [ 55.316867043676147, 25.240363635153784 ], [ 55.316911959421198, 25.240318719373558 ], [ 55.316911959403001, 25.240273803608389 ], [ 55.316817891625533, 25.240278948255636 ], [ 55.316772975861326, 25.240323864019839 ], [ 55.316772975861326, 25.240368779784049 ], [ 55.316867043676147, 25.240363635153784 ] ] ], [ [ [ 55.3131664, 25.2342276 ], [ 55.3137152, 25.2342349 ], [ 55.31409239477285, 25.234195424499632 ], [ 55.314164996136732, 25.234136226129266 ], [ 55.3141635, 25.2342044 ], [ 55.3145442, 25.2342113 ], [ 55.314955684969448, 25.234168233439767 ], [ 55.314956589567501, 25.2341270680203 ], [ 55.3150906, 25.2341871 ], [ 55.315190528465777, 25.234176641085927 ], [ 55.3151902, 25.2342104 ], [ 55.315318705480905, 25.234209812824044 ], [ 55.315367588651966, 25.234158109085008 ], [ 55.315581161271275, 25.234135755219061 ], [ 55.3161702, 25.2341582 ], [ 55.316566077799401, 25.234120680435119 ], [ 55.316886377061103, 25.233789179836478 ], [ 55.316870790822612, 25.233746189484943 ], [ 55.316958376810838, 25.233674879697453 ], [ 55.316964476298629, 25.23343347965972 ], [ 55.316879276119352, 25.233344379799107 ], [ 55.316676845397701, 25.233365569502411 ], [ 55.316553676055115, 25.233296880364591 ], [ 55.3162965, 25.2333238 ], [ 55.3155314, 25.2334466 ], [ 55.315527675259865, 25.233654158073723 ], [ 55.315227213317876, 25.233685606313916 ], [ 55.315201654220637, 25.233603104519506 ], [ 55.315292328529907, 25.23359361404767 ], [ 55.3152922, 25.2336368 ], [ 55.315396890248053, 25.233633410964472 ], [ 55.315397089075169, 25.233566598711494 ], [ 55.315478976664338, 25.233527682274495 ], [ 55.315484176126795, 25.233274282236966 ], [ 55.315302276069779, 25.233237782551754 ], [ 55.314988780985352, 25.233259208487954 ], [ 55.31498928280417, 25.233236176964002 ], [ 55.315183440458298, 25.233224302081251 ], [ 55.315183440448152, 25.233179386316507 ], [ 55.315124297912995, 25.233181733447626 ], [ 55.315111775745237, 25.233074582867431 ], [ 55.314466581269343, 25.233051134611255 ], [ 55.3140551, 25.2330942 ], [ 55.3140445, 25.2335128 ], [ 55.3145725, 25.2335225 ], [ 55.314780919863161, 25.233500686423142 ], [ 55.31478, 25.2335451 ], [ 55.3149041, 25.2336109 ], [ 55.315006669908151, 25.233612605089434 ], [ 55.314824326710642, 25.233639601904358 ], [ 55.314827090241167, 25.23357901109685 ], [ 55.3147271, 25.2335802 ], [ 55.314724225453219, 25.233643224459776 ], [ 55.3142515, 25.2336927 ], [ 55.3141788, 25.2337269 ], [ 55.314178288851956, 25.233759902479086 ], [ 55.314107593210139, 25.233693424377957 ], [ 55.313964193187623, 25.23367862474424 ], [ 55.313331149860211, 25.233701915638129 ], [ 55.313333493027002, 25.233593726351952 ], [ 55.311734954386488, 25.233559878137449 ], [ 55.3112206, 25.2336137 ], [ 55.3112775, 25.2341599 ], [ 55.311730750722063, 25.234160430053841 ], [ 55.3117815, 25.2341905 ], [ 55.312149598196278, 25.234150147513901 ], [ 55.313089778180263, 25.234148928109747 ], [ 55.3131664, 25.2342276 ] ], [ [ 55.314844165225644, 25.233841126724634 ], [ 55.314841869115845, 25.233899116503949 ], [ 55.314796682236263, 25.233900909738384 ], [ 55.314796682236384, 25.233928697052058 ], [ 55.3142978, 25.2339702 ], [ 55.31419706939964, 25.23404499997601 ], [ 55.314198818556115, 25.23387492039814 ], [ 55.314844165225644, 25.233841126724634 ] ] ], [ [ [ 55.31672806009712, 25.236461108298126 ], [ 55.316930583836111, 25.236458715396008 ], [ 55.316930583827649, 25.236413799631361 ], [ 55.31688566805542, 25.236368883873702 ], [ 55.31672806009712, 25.236371276769713 ], [ 55.31672806009712, 25.236461108298126 ] ] ], [ [ [ 55.316709437001215, 25.249753422857797 ], [ 55.3165483970403, 25.249756174503098 ], [ 55.3165483970403, 25.249801090267297 ], [ 55.316709437010957, 25.249798338622519 ], [ 55.316709437001215, 25.249753422857797 ] ] ], [ [ [ 55.316885668131576, 25.236773125755576 ], [ 55.31688566808927, 25.236548546932308 ], [ 55.31679583655329, 25.236503631181662 ], [ 55.31672806009712, 25.236506024062329 ], [ 55.31672806009712, 25.236910265940189 ], [ 55.316840752393205, 25.236907873056545 ], [ 55.316885668131576, 25.236773125755576 ] ] ], [ [ [ 55.316740634306591, 25.244499714054694 ], [ 55.316740634297282, 25.24440988252579 ], [ 55.316683144332913, 25.244411198562585 ], [ 55.316683144332913, 25.244501030090998 ], [ 55.316740634306591, 25.244499714054694 ] ] ], [ [ [ 55.316772519730939, 25.237605037493122 ], [ 55.316796819548081, 25.237421437463649 ], [ 55.316768422603886, 25.23741835830554 ], [ 55.316799265832181, 25.237311756014211 ], [ 55.316683144332913, 25.237314507818041 ], [ 55.31668314433378, 25.237415648320837 ], [ 55.3165938, 25.237425 ], [ 55.3165695, 25.2376086 ], [ 55.316772519730939, 25.237605037493122 ] ] ], [ [ [ 55.316638228568706, 25.237673833931687 ], [ 55.316593312804507, 25.237718749695894 ], [ 55.316593312804507, 25.2378085812243 ], [ 55.316756636269268, 25.237805590147865 ], [ 55.316756636237542, 25.237670842853571 ], [ 55.316638228568706, 25.237673833931687 ] ] ], [ [ [ 55.316638228568706, 25.239605211792536 ], [ 55.316638228568706, 25.239739959085156 ], [ 55.31671743628587, 25.239736369832098 ], [ 55.316717436247785, 25.23960162253746 ], [ 55.316638228568706, 25.239605211792536 ] ] ], [ [ [ 55.316638228568706, 25.239470464499924 ], [ 55.316638228568706, 25.239515380264123 ], [ 55.31671743622239, 25.239511791007715 ], [ 55.3167174362097, 25.23946687524284 ], [ 55.316638228568706, 25.239470464499924 ] ] ], [ [ [ 55.3166305, 25.2370585 ], [ 55.3166705, 25.237103 ], [ 55.316731891208214, 25.237101910704212 ], [ 55.316742991180362, 25.23700391070016 ], [ 55.3166687, 25.2370125 ], [ 55.3166305, 25.2370585 ] ] ], [ [ [ 55.31667252099205, 25.241398253143032 ], [ 55.316593312804507, 25.24140184236078 ], [ 55.316593312804507, 25.241446758124994 ], [ 55.316672521004747, 25.241443168907917 ], [ 55.31667252099205, 25.241398253143032 ] ] ], [ [ [ 55.316656517983226, 25.242208411874465 ], [ 55.3165483970403, 25.242210326116489 ], [ 55.3165483970403, 25.242300157644902 ], [ 55.316611602232925, 25.242298243409191 ], [ 55.316656517989998, 25.24225332763903 ], [ 55.316656517983226, 25.242208411874465 ] ] ], [ [ [ 55.316593312804507, 25.237898412752717 ], [ 55.316593312804507, 25.23798824428113 ], [ 55.316715149693657, 25.237984894287447 ], [ 55.316715149658123, 25.237850146992944 ], [ 55.316638228568706, 25.23785349698851 ], [ 55.316593312804507, 25.237898412752717 ] ] ], [ [ [ 55.316529773946456, 25.249753422890016 ], [ 55.31641364974768, 25.249756174503091 ], [ 55.31641364974768, 25.249801090267301 ], [ 55.316529773956198, 25.249798338654738 ], [ 55.316529773946456, 25.249753422890016 ] ] ], [ [ [ 55.3165483970403, 25.236416192533916 ], [ 55.3165483970403, 25.236461108298123 ], [ 55.316706005017309, 25.236458715431006 ], [ 55.316706005008839, 25.236413799666359 ], [ 55.3165483970403, 25.236416192533916 ] ] ], [ [ [ 55.316677420414344, 25.238290937606781 ], [ 55.3161663, 25.2382966 ], [ 55.3161231, 25.2385028 ], [ 55.3164867, 25.2385514 ], [ 55.316606720663238, 25.238538837677591 ], [ 55.316677420414344, 25.238290937606781 ] ] ], [ [ [ 55.3162769, 25.2457417 ], [ 55.3162743, 25.245809 ], [ 55.316562802521034, 25.245783081747202 ], [ 55.316565402377826, 25.245715681735092 ], [ 55.3162769, 25.2457417 ] ] ], [ [ [ 55.316602121440503, 25.240497903977168 ], [ 55.316503481276094, 25.240503527076662 ], [ 55.316503481276094, 25.240548442840865 ], [ 55.316602121460399, 25.240542819742419 ], [ 55.316602121440503, 25.240497903977168 ] ] ], [ [ [ 55.316628420708582, 25.238585837662292 ], [ 55.3164417, 25.2385971 ], [ 55.31644, 25.2386755 ], [ 55.316626720786132, 25.238664137667783 ], [ 55.316628420708582, 25.238585837662292 ] ] ], [ [ [ 55.316374834231127, 25.238801618221849 ], [ 55.316593320926252, 25.238804037702423 ], [ 55.316611120830274, 25.238707937682832 ], [ 55.316511220820551, 25.2386928377638 ], [ 55.3163174, 25.2387187 ], [ 55.3163034, 25.2387957 ], [ 55.316374834231127, 25.238801618221849 ] ] ], [ [ [ 55.316567829472028, 25.241759134600308 ], [ 55.31656782946483, 25.241714218835725 ], [ 55.316503481276094, 25.241716252710223 ], [ 55.316503481276094, 25.241761168474433 ], [ 55.316567829472028, 25.241759134600308 ] ] ], [ [ [ 55.315915091762413, 25.239019810923818 ], [ 55.315857310692039, 25.239017220285952 ], [ 55.315859171471047, 25.238994265047037 ], [ 55.315927691755149, 25.238994810920492 ], [ 55.315932304857689, 25.238920019424068 ], [ 55.315965610702996, 25.238921998879785 ], [ 55.315964492105621, 25.238976391093662 ], [ 55.31604598573346, 25.238972562712625 ], [ 55.316045985723456, 25.238939060755175 ], [ 55.316258016633668, 25.238958816553254 ], [ 55.3162573, 25.2389964 ], [ 55.316360130577408, 25.238994980148462 ], [ 55.3163069, 25.2390129 ], [ 55.3162963, 25.2391514 ], [ 55.3163023, 25.239178 ], [ 55.316379091799917, 25.239177010817684 ], [ 55.316380734201466, 25.23915453576199 ], [ 55.316487721267393, 25.23914333780656 ], [ 55.316565621181816, 25.239060937738518 ], [ 55.316600221085253, 25.23896513770519 ], [ 55.316357120584449, 25.238938846394099 ], [ 55.316368620948779, 25.23881493788685 ], [ 55.315944, 25.2388044 ], [ 55.315936293896414, 25.238864454937051 ], [ 55.315939620979769, 25.238823638238348 ], [ 55.315844120907109, 25.238745138312382 ], [ 55.315660502085279, 25.238764620902387 ], [ 55.3150036, 25.2387352 ], [ 55.3149795, 25.238987 ], [ 55.315620855485172, 25.239019358377949 ], [ 55.315666, 25.2390857 ], [ 55.3157514, 25.2390985 ], [ 55.315910691785277, 25.239100510926054 ], [ 55.315915091762413, 25.239019810923818 ] ], [ [ 55.315654745460655, 25.238894491954717 ], [ 55.315814, 25.2389049 ], [ 55.315905115717619, 25.238895363572055 ], [ 55.315903484044291, 25.238917176461246 ], [ 55.315651105926058, 25.238932533778765 ], [ 55.315654745460655, 25.238894491954717 ] ] ], [ [ [ 55.316607191526217, 25.238220610750073 ], [ 55.3164408, 25.2382078 ], [ 55.3164329, 25.2382597 ], [ 55.316599291541003, 25.238272510752694 ], [ 55.316607191526217, 25.238220610750073 ] ] ], [ [ [ 55.316622718708459, 25.23656333756124 ], [ 55.3161526, 25.2365549 ], [ 55.3161285, 25.2368833 ], [ 55.316598619034529, 25.236891737598128 ], [ 55.316622718708459, 25.23656333756124 ] ] ], [ [ [ 55.316458565511887, 25.240683190133488 ], [ 55.31641364974768, 25.240817937426108 ], [ 55.316558348891853, 25.240812194710298 ], [ 55.316558348830917, 25.240677447414456 ], [ 55.316458565511887, 25.240683190133488 ] ] ], [ [ [ 55.31651605522142, 25.241939515500185 ], [ 55.316458565511887, 25.241940831531252 ], [ 55.316458565511887, 25.242030663059666 ], [ 55.316516055230736, 25.242029347029089 ], [ 55.31651605522142, 25.241939515500185 ] ] ], [ [ [ 55.316471139741452, 25.244679377135611 ], [ 55.316471139736798, 25.244634461371156 ], [ 55.316368733983474, 25.244635777383611 ], [ 55.316368733983474, 25.244680693147817 ], [ 55.316471139741452, 25.244679377135611 ] ] ], [ [ [ 55.31664965844589, 25.231519177781266 ], [ 55.316649658441662, 25.231474262016832 ], [ 55.316593312804507, 25.231475458471262 ], [ 55.316593312804507, 25.231520374235465 ], [ 55.31664965844589, 25.231519177781266 ] ] ], [ [ [ 55.316615029708061, 25.23228166897708 ], [ 55.316368733983474, 25.23228394222696 ], [ 55.316368733983474, 25.232373773755381 ], [ 55.316615029724126, 25.232371500506336 ], [ 55.316615029708061, 25.23228166897708 ] ] ], [ [ [ 55.316474568733085, 25.242073903880897 ], [ 55.31641364974768, 25.242075578823872 ], [ 55.316368733983474, 25.242210326116481 ], [ 55.31647456875087, 25.242208651174444 ], [ 55.316474568733085, 25.242073903880897 ] ] ], [ [ [ 55.31661160068272, 25.232012533324109 ], [ 55.316611600675955, 25.23196761755954 ], [ 55.3165483970403, 25.231969531877528 ], [ 55.3165483970403, 25.232014447641738 ], [ 55.31661160068272, 25.232012533324109 ] ] ], [ [ [ 55.315369961276971, 25.232284665651427 ], [ 55.315528988547399, 25.232268020488899 ], [ 55.315553953961086, 25.232226737035639 ], [ 55.316271977787537, 25.232119329380236 ], [ 55.316261466896826, 25.232077116727659 ], [ 55.316424473444648, 25.232058080452312 ], [ 55.316401473198681, 25.231940780479487 ], [ 55.316232422302512, 25.231960470970392 ], [ 55.316219194924869, 25.23190734854083 ], [ 55.316560815943014, 25.231865662355979 ], [ 55.31654621584358, 25.23177616236422 ], [ 55.316512815810377, 25.231744762393323 ], [ 55.316366515883097, 25.231762521369124 ], [ 55.316385878820235, 25.231653326878938 ], [ 55.31634096305001, 25.231608411119645 ], [ 55.316189070926647, 25.231610205763879 ], [ 55.316189070926647, 25.231700037292299 ], [ 55.316263999146578, 25.231774965524696 ], [ 55.3158501, 25.2318247 ], [ 55.315856082664808, 25.231856685263001 ], [ 55.315529918521619, 25.231916216265052 ], [ 55.3150431, 25.2319508 ], [ 55.3150063, 25.2322579 ], [ 55.3150539, 25.2323039 ], [ 55.315258255301096, 25.232296357654253 ], [ 55.315290755642529, 25.232328857991178 ], [ 55.315369961285604, 25.23232526894239 ], [ 55.315369961276971, 25.232284665651427 ] ] ], [ [ [ 55.316503481276094, 25.230397480130318 ], [ 55.316503481276094, 25.230442395894524 ], [ 55.316579257435443, 25.230439165470518 ], [ 55.316579257424024, 25.230394249705711 ], [ 55.316503481276094, 25.230397480130318 ] ] ], [ [ [ 55.316449084691151, 25.239466755665916 ], [ 55.316449084678034, 25.239421839901009 ], [ 55.316368733983531, 25.23943048898369 ], [ 55.316323221472921, 25.239342437951581 ], [ 55.3160664, 25.2393438 ], [ 55.3159845, 25.2394141 ], [ 55.3159496, 25.2397626 ], [ 55.316312421896363, 25.239769937982771 ], [ 55.316382821711471, 25.239586737915577 ], [ 55.316388915368563, 25.23946953297018 ], [ 55.316449084691151, 25.239466755665916 ] ] ], [ [ [ 55.316295694739026, 25.249569210992394 ], [ 55.316300994727285, 25.249528010990542 ], [ 55.3162064, 25.2495252 ], [ 55.3162011, 25.2495664 ], [ 55.316295694739026, 25.249569210992394 ] ] ], [ [ [ 55.316385880451271, 25.243196678366076 ], [ 55.316278902455061, 25.24319847292902 ], [ 55.316278902455061, 25.243243388693223 ], [ 55.316385880457624, 25.243241594130627 ], [ 55.316385880451271, 25.243196678366076 ] ] ], [ [ [ 55.315973219652022, 25.241181523740693 ], [ 55.315983009347043, 25.241145473887041 ], [ 55.316271423258414, 25.241144638088187 ], [ 55.316408222783856, 25.240672137951535 ], [ 55.316406422178829, 25.240060437921034 ], [ 55.3160767, 25.2400585 ], [ 55.3157281, 25.2404029 ], [ 55.3156962, 25.2407787 ], [ 55.315913951251815, 25.241084423263874 ], [ 55.315784623195881, 25.241055738481897 ], [ 55.3156646, 25.2410683 ], [ 55.3156031, 25.2411916 ], [ 55.3156053, 25.2412948 ], [ 55.316169, 25.241406 ], [ 55.316289023503643, 25.241393438086778 ], [ 55.316325023357614, 25.241247738049712 ], [ 55.315973219652022, 25.241181523740693 ] ] ], [ [ [ 55.316321491471413, 25.238011610813739 ], [ 55.3162872, 25.2380152 ], [ 55.3162821, 25.2380683 ], [ 55.316430491487345, 25.238073710789191 ], [ 55.316435591472235, 25.238020510787198 ], [ 55.316321491471413, 25.238011610813739 ] ] ], [ [ [ 55.316158905956243, 25.236427317713542 ], [ 55.316433691028791, 25.236451210764219 ], [ 55.316453990985984, 25.236300810757221 ], [ 55.3161742, 25.2363144 ], [ 55.316162194240711, 25.23640303994679 ], [ 55.316168490993782, 25.236313310824141 ], [ 55.316080613397332, 25.236313531129429 ], [ 55.316080613389296, 25.236278693554439 ], [ 55.315964492105621, 25.2362814452413 ], [ 55.315964492106112, 25.236315935565326 ], [ 55.315896274706176, 25.236323075652475 ], [ 55.315623990997764, 25.236298710951214 ], [ 55.315515334463562, 25.23632636100551 ], [ 55.315515334463562, 25.236371276769713 ], [ 55.315583076735074, 25.236368588345034 ], [ 55.3155778, 25.2364214 ], [ 55.3159227, 25.2364568 ], [ 55.316158905956243, 25.236427317713542 ] ] ], [ [ [ 55.316458565511887, 25.231295795414443 ], [ 55.316458565511887, 25.231385626942849 ], [ 55.316516054127767, 25.231384310853986 ], [ 55.316516054118459, 25.231294479325076 ], [ 55.316458565511887, 25.231295795414443 ] ] ], [ [ [ 55.316340964725491, 25.243466172958577 ], [ 55.316340964719139, 25.243421257194036 ], [ 55.316233986690854, 25.243423051750053 ], [ 55.316233986690854, 25.24351288327847 ], [ 55.316296048967963, 25.243511088728376 ], [ 55.316340964725491, 25.243466172958577 ] ] ], [ [ [ 55.31639019198424, 25.239829810824837 ], [ 55.3162431, 25.2398202 ], [ 55.3162358, 25.2398778 ], [ 55.316382892004818, 25.239902210827626 ], [ 55.31639019198424, 25.239829810824837 ] ] ], [ [ [ 55.316368733983474, 25.230397480130307 ], [ 55.316368733983474, 25.230442395894517 ], [ 55.316490568885847, 25.230439045844651 ], [ 55.316490568874009, 25.230394130079823 ], [ 55.316368733983474, 25.230397480130307 ] ] ], [ [ [ 55.316291476657675, 25.244409882564298 ], [ 55.316291476653014, 25.24436496679985 ], [ 55.316233986690854, 25.244366282798381 ], [ 55.316233986690854, 25.244411198562585 ], [ 55.316291476657675, 25.244409882564298 ] ] ], [ [ [ 55.315964523747418, 25.241622738364324 ], [ 55.3158445, 25.2416353 ], [ 55.3156678, 25.2423384 ], [ 55.3159452, 25.242385 ], [ 55.316141624442473, 25.242334638256615 ], [ 55.316296123850208, 25.241744138099303 ], [ 55.316258023793239, 25.241684538127373 ], [ 55.315964523747418, 25.241622738364324 ] ] ], [ [ [ 55.31636382368243, 25.234211132626879 ], [ 55.316363823667615, 25.234166216861894 ], [ 55.316278902455061, 25.234170404323624 ], [ 55.316278902455061, 25.234215320087824 ], [ 55.31636382368243, 25.234211132626879 ] ] ], [ [ [ 55.316128961563521, 25.249797979830333 ], [ 55.316054323634035, 25.249801090267301 ], [ 55.316054323634035, 25.249890921795707 ], [ 55.316128961585541, 25.249887811359905 ], [ 55.316128961563521, 25.249797979830333 ] ] ], [ [ [ 55.316348964110482, 25.23228131008878 ], [ 55.316293540677307, 25.232283392288071 ], [ 55.316289673885613, 25.232259080711124 ], [ 55.3159554, 25.2322961 ], [ 55.3159642, 25.2323507 ], [ 55.316054323634269, 25.232340743284329 ], [ 55.316054323634035, 25.232418689519584 ], [ 55.31612781430907, 25.232415698498553 ], [ 55.316127814289651, 25.232332624111486 ], [ 55.316144155162441, 25.232373773755381 ], [ 55.316215359833897, 25.232371021999622 ], [ 55.31621535982417, 25.232326106234904 ], [ 55.316171451369485, 25.232327803113353 ], [ 55.316242939575098, 25.232319905110838 ], [ 55.316233986690854, 25.232373773755373 ], [ 55.316348964129084, 25.232371141618184 ], [ 55.316348964110482, 25.23228131008878 ] ] ], [ [ [ 55.3159655, 25.2350244 ], [ 55.316298579686318, 25.234996981002261 ], [ 55.316298179579121, 25.234946380997293 ], [ 55.3159651, 25.2349737 ], [ 55.3159655, 25.2350244 ] ] ], [ [ [ 55.316099239398241, 25.244231535505758 ], [ 55.316157872454859, 25.244230099882742 ], [ 55.316157872449786, 25.244185184118265 ], [ 55.316099239398241, 25.244186619741551 ], [ 55.316099239398241, 25.244231535505758 ] ] ], [ [ [ 55.315757838295823, 25.250379537044928 ], [ 55.316005632364188, 25.250332838786083 ], [ 55.315977137245518, 25.25026141494288 ], [ 55.316055532271818, 25.2502421387405 ], [ 55.316034732221929, 25.250190638754834 ], [ 55.3158657, 25.2502193 ], [ 55.315884374069313, 25.250265626058543 ], [ 55.315778882750543, 25.250293585671706 ], [ 55.315689103304678, 25.250278090756115 ], [ 55.315592513230335, 25.250232408496924 ], [ 55.315517360547219, 25.250045230085995 ], [ 55.315614132087433, 25.25003253909086 ], [ 55.315600932032879, 25.249976739098759 ], [ 55.315474788503998, 25.249993345709143 ], [ 55.315495132048603, 25.24998703918591 ], [ 55.315424631868389, 25.2498012392339 ], [ 55.3152246, 25.2498387 ], [ 55.3152951, 25.2500244 ], [ 55.315430623530105, 25.250007036891926 ], [ 55.3153078, 25.250048 ], [ 55.3153824, 25.2502797 ], [ 55.315472366994975, 25.250270285396251 ], [ 55.3154556, 25.2503131 ], [ 55.3156741, 25.2503883 ], [ 55.315757838295823, 25.250379537044928 ] ] ], [ [ [ 55.316179589742795, 25.238209114313833 ], [ 55.316054323634035, 25.23821282310216 ], [ 55.316054323634035, 25.238257738866363 ], [ 55.316179589755912, 25.238254030078732 ], [ 55.316179589742795, 25.238209114313833 ] ] ], [ [ [ 55.3158697, 25.234841 ], [ 55.316212079313893, 25.234816681133704 ], [ 55.316214079199241, 25.234762681124156 ], [ 55.3158095, 25.2347858 ], [ 55.3158074, 25.234824 ], [ 55.315870475951563, 25.234820049318273 ], [ 55.3158697, 25.234841 ] ] ], [ [ [ 55.316093524629203, 25.242520838305712 ], [ 55.315776724586769, 25.242461238561855 ], [ 55.3156567, 25.2424738 ], [ 55.3155213, 25.2430623 ], [ 55.3158381, 25.2431219 ], [ 55.315958125218515, 25.24310933844729 ], [ 55.316093524629203, 25.242520838305712 ] ] ], [ [ [ 55.316224503355613, 25.230842928859495 ], [ 55.316224503342504, 25.230798013094603 ], [ 55.316144155162441, 25.230801722008174 ], [ 55.316144155162441, 25.230846637772373 ], [ 55.316224503355613, 25.230842928859495 ] ] ], [ [ [ 55.3160065, 25.2391038 ], [ 55.316099791784104, 25.239106310881922 ], [ 55.316108591764319, 25.239036810878833 ], [ 55.3160153, 25.2390343 ], [ 55.3160065, 25.2391038 ] ] ], [ [ [ 55.3158828, 25.2464409 ], [ 55.3158825, 25.2464788 ], [ 55.315962393869242, 25.246475511024133 ], [ 55.315962693858509, 25.246437611023499 ], [ 55.3158828, 25.2464409 ] ] ], [ [ [ 55.315919576341415, 25.244815440440433 ], [ 55.315978209465143, 25.244814004837714 ], [ 55.315978209460063, 25.244769089073237 ], [ 55.315919576341415, 25.24477052467623 ], [ 55.315919576341415, 25.244815440440433 ] ] ], [ [ [ 55.3159442, 25.2381171 ], [ 55.3159375, 25.2381713 ], [ 55.316054291521382, 25.238174310878644 ], [ 55.316059591505933, 25.238119910876595 ], [ 55.3159442, 25.2381171 ] ] ], [ [ [ 55.315898631546325, 25.24950083883018 ], [ 55.3157179, 25.2495157 ], [ 55.3157199, 25.2495593 ], [ 55.315900631589365, 25.249544438830817 ], [ 55.315898631546325, 25.24950083883018 ] ] ], [ [ [ 55.3132921, 25.2436928 ], [ 55.3139663, 25.243839 ], [ 55.314048787716182, 25.243830368180106 ], [ 55.3147384, 25.2439951 ], [ 55.314847211822055, 25.243983712963583 ], [ 55.314833, 25.2440386 ], [ 55.3151346, 25.2441028 ], [ 55.315254626225745, 25.244090239074346 ], [ 55.315763826042733, 25.243932138649324 ], [ 55.315807425978825, 25.243869838610397 ], [ 55.315952725418249, 25.243310938462258 ], [ 55.315180725295996, 25.24314663908547 ], [ 55.3150607, 25.2431592 ], [ 55.314969813386568, 25.243510214887991 ], [ 55.313662097456977, 25.24324168654956 ], [ 55.3134049, 25.2432686 ], [ 55.3132921, 25.2436928 ] ] ], [ [ [ 55.315964492105621, 25.231385626942849 ], [ 55.315964492105621, 25.231430542707052 ], [ 55.316009407869828, 25.231475458471259 ], [ 55.316086327286008, 25.23147210852397 ], [ 55.316086327262326, 25.23138227699431 ], [ 55.315964492105621, 25.231385626942849 ] ] ], [ [ [ 55.315989638922126, 25.236727970855483 ], [ 55.315944723130485, 25.236593223569084 ], [ 55.315784829048795, 25.236595855590739 ], [ 55.315784829048795, 25.236640771354949 ], [ 55.315874660577208, 25.236730602883362 ], [ 55.315989638922126, 25.236727970855483 ] ] ], [ [ [ 55.315650081756175, 25.249846006031504 ], [ 55.315650081756175, 25.249935837559921 ], [ 55.315766206002642, 25.249933086085807 ], [ 55.315766205992908, 25.249888170321086 ], [ 55.315721290219479, 25.249843254564425 ], [ 55.315650081756175, 25.249846006031504 ] ] ], [ [ [ 55.315675228548194, 25.236593223615294 ], [ 55.315560250227769, 25.236595855590739 ], [ 55.315560250227769, 25.236730602883362 ], [ 55.315829744813001, 25.236910265940192 ], [ 55.315944723195642, 25.236907633921973 ], [ 55.315944723177026, 25.236817802392583 ], [ 55.315675228548194, 25.236593223615294 ] ] ], [ [ [ 55.315899807618088, 25.237805949223635 ], [ 55.31589980760878, 25.237761033458934 ], [ 55.315854891835755, 25.237716117701943 ], [ 55.315784829048795, 25.237718749695894 ], [ 55.315739913284588, 25.237763665460097 ], [ 55.315739913284588, 25.2378085812243 ], [ 55.315899807618088, 25.237805949223635 ] ] ], [ [ [ 55.3157845, 25.237164 ], [ 55.315903936856728, 25.237161616351017 ], [ 55.315906936832796, 25.237105316348703 ], [ 55.3157874, 25.2371077 ], [ 55.3157845, 25.237164 ] ] ], [ [ [ 55.315812222306498, 25.240158138412376 ], [ 55.315856122132878, 25.2399849383674 ], [ 55.315056522010387, 25.239818939013034 ], [ 55.3149365, 25.2398315 ], [ 55.3148926, 25.2400047 ], [ 55.3156922, 25.2401707 ], [ 55.315812222306498, 25.240158138412376 ] ] ], [ [ [ 55.315784829048795, 25.237449255110658 ], [ 55.315784829048795, 25.237494170874864 ], [ 55.315853748744864, 25.237491658514745 ], [ 55.315853748735975, 25.23744674275007 ], [ 55.315784829048795, 25.237449255110658 ] ] ], [ [ [ 55.315808832990001, 25.237536574286775 ], [ 55.315739913284588, 25.237539086639067 ], [ 55.315739913284588, 25.237584002403274 ], [ 55.31580883299889, 25.237581490051451 ], [ 55.315808832990001, 25.237536574286775 ] ] ], [ [ [ 55.315650081756175, 25.237494170874857 ], [ 55.315763917217382, 25.237491658529446 ], [ 55.315763917208493, 25.237446742764774 ], [ 55.315650081756175, 25.237449255110661 ], [ 55.315650081756175, 25.237494170874857 ] ] ], [ [ [ 55.3158419781793, 25.2309304873387 ], [ 55.315841978158147, 25.230885571573367 ], [ 55.315694997520382, 25.23089155353658 ], [ 55.315694997520382, 25.230936469300794 ], [ 55.3158419781793, 25.2309304873387 ] ] ], [ [ [ 55.315723573536125, 25.237086938112878 ], [ 55.315605165991983, 25.237089928997008 ], [ 55.315605165991983, 25.237134844761215 ], [ 55.315723573546705, 25.237131853877639 ], [ 55.315723573536125, 25.237086938112878 ] ] ], [ [ [ 55.3155052, 25.2409443 ], [ 55.315625223081533, 25.240931738605855 ], [ 55.315670622907334, 25.240758038559623 ], [ 55.314869922779849, 25.240586939205901 ], [ 55.3147499, 25.2405995 ], [ 55.3147045, 25.2407733 ], [ 55.3155052, 25.2409443 ] ] ], [ [ [ 55.315650081756175, 25.231205963886019 ], [ 55.315650081756175, 25.231250879650229 ], [ 55.315801634506428, 25.231244419157552 ], [ 55.315801634483591, 25.23119950339213 ], [ 55.315650081756175, 25.231205963886019 ] ] ], [ [ [ 55.315523731743561, 25.249680339146458 ], [ 55.3153523, 25.249688 ], [ 55.3153462, 25.2497408 ], [ 55.315517631796133, 25.249733139154205 ], [ 55.315523731743561, 25.249680339146458 ] ] ], [ [ [ 55.315668579208143, 25.232506531142089 ], [ 55.3152571, 25.2325496 ], [ 55.3150621, 25.2326631 ], [ 55.3150569, 25.2328756 ], [ 55.3153344, 25.2328811 ], [ 55.315745880318204, 25.232838030984723 ], [ 55.315753779198673, 25.232508230903413 ], [ 55.315668579208143, 25.232506531142089 ] ] ], [ [ [ 55.315605165991983, 25.237269592053835 ], [ 55.315605165991983, 25.237314507818038 ], [ 55.315672942611613, 25.23731211512041 ], [ 55.31567294260315, 25.23726719935577 ], [ 55.315605165991983, 25.237269592053835 ] ] ], [ [ [ 55.315558770862637, 25.239465918452094 ], [ 55.315561603751902, 25.239418173344891 ], [ 55.315603021581154, 25.239413838544635 ], [ 55.315611121456094, 25.239287838531428 ], [ 55.31540721573824, 25.239284919895539 ], [ 55.31537910773816, 25.239266473195613 ], [ 55.315379107712729, 25.239196423914962 ], [ 55.315245839878322, 25.239200969914688 ], [ 55.315245839878827, 25.239249813718068 ], [ 55.3149692, 25.2392548 ], [ 55.314973252488315, 25.239355934811968 ], [ 55.3148895, 25.2393647 ], [ 55.3148682, 25.2396964 ], [ 55.315461421880158, 25.239708638675928 ], [ 55.315501521843046, 25.239673238641263 ], [ 55.315499405444953, 25.239602690840567 ], [ 55.315558770910869, 25.239600665747258 ], [ 55.315558770862637, 25.239465918452094 ] ] ], [ [ [ 55.315515334463562, 25.237673833931687 ], [ 55.315515334463562, 25.237718749695894 ], [ 55.315629169970606, 25.237716237374876 ], [ 55.315629169952835, 25.237626405845525 ], [ 55.315560250227769, 25.237628918167481 ], [ 55.315515334463562, 25.237673833931687 ] ] ], [ [ [ 55.31544117503848, 25.25051340229798 ], [ 55.315290755642529, 25.2505197424946 ], [ 55.315290755642529, 25.250564658258803 ], [ 55.315441175060919, 25.250558318063366 ], [ 55.31544117503848, 25.25051340229798 ] ] ], [ [ [ 55.315535825202865, 25.243071238790911 ], [ 55.3153491, 25.2430692 ], [ 55.3153256, 25.2431565 ], [ 55.315512325290555, 25.243158638814716 ], [ 55.315535825202865, 25.243071238790911 ] ] ], [ [ [ 55.315425502935149, 25.239874706377776 ], [ 55.315514998310924, 25.239870040718429 ], [ 55.315559914057758, 25.239825124939699 ], [ 55.315559914041252, 25.239780209174629 ], [ 55.315425502935149, 25.239784874849367 ], [ 55.315425502935149, 25.239874706377776 ] ] ], [ [ [ 55.315515334463562, 25.237224676289625 ], [ 55.315470418699356, 25.237269592053835 ], [ 55.315470418699356, 25.237314507818041 ], [ 55.315583111084102, 25.237312115134419 ], [ 55.315583111067177, 25.237222283605117 ], [ 55.315515334463562, 25.237224676289625 ] ] ], [ [ [ 55.315156008349909, 25.241536589653393 ], [ 55.315156008349909, 25.241626421181813 ], [ 55.315245839878322, 25.241716252710223 ], [ 55.315484538785483, 25.241689116599574 ], [ 55.31552233872155, 25.241540316582981 ], [ 55.315390938712795, 25.241512716628439 ], [ 55.3153395, 25.2415181 ], [ 55.315331272877891, 25.241548064503021 ], [ 55.315156008349909, 25.241536589653393 ] ] ], [ [ [ 55.315538195345731, 25.237446862435384 ], [ 55.315470418699356, 25.237449255110658 ], [ 55.315470418699356, 25.237494170874861 ], [ 55.315538195354186, 25.237491778200031 ], [ 55.315538195345731, 25.237446862435384 ] ] ], [ [ [ 55.31551248055343, 25.235364682421643 ], [ 55.315514480333448, 25.235260982406512 ], [ 55.31532870227128, 25.235267114988194 ], [ 55.315364880345506, 25.235258782668549 ], [ 55.315364580248477, 25.235212982663942 ], [ 55.3146459, 25.2352319 ], [ 55.3146434, 25.2353706 ], [ 55.3147409, 25.2353964 ], [ 55.315177190755819, 25.235418911042512 ], [ 55.315177712434227, 25.235390489632369 ], [ 55.31551248055343, 25.235364682421643 ] ] ], [ [ [ 55.3153121, 25.237654 ], [ 55.3153105, 25.2376893 ], [ 55.315462719871419, 25.237677938568655 ], [ 55.315464319836416, 25.237642638565493 ], [ 55.3153121, 25.237654 ] ] ], [ [ [ 55.315335671406736, 25.236506024062329 ], [ 55.315451792746252, 25.236503272490751 ], [ 55.31545179272679, 25.236413440961311 ], [ 55.315380587170942, 25.23641619253392 ], [ 55.315335671406736, 25.236461108298126 ], [ 55.315335671406736, 25.236506024062329 ] ] ], [ [ [ 55.315494082054215, 25.231198785704844 ], [ 55.315494082028842, 25.231153869939298 ], [ 55.315335671406736, 25.231161048121816 ], [ 55.315335671406736, 25.231205963886023 ], [ 55.315494082054215, 25.231198785704844 ] ] ], [ [ [ 55.315219120344352, 25.238143238792318 ], [ 55.3150991, 25.2381558 ], [ 55.3150278, 25.2385894 ], [ 55.315336120785936, 25.238595838720251 ], [ 55.315384020399755, 25.238207938660768 ], [ 55.315361520351175, 25.238157638676547 ], [ 55.315219120344352, 25.238143238792318 ] ] ], [ [ [ 55.315156008349909, 25.244231535505758 ], [ 55.31526755893303, 25.244229262568425 ], [ 55.315267558924987, 25.244184346803799 ], [ 55.315156008349909, 25.244186619741551 ], [ 55.315156008349909, 25.244231535505758 ] ] ], [ [ [ 55.315108080758925, 25.241511145005859 ], [ 55.315214938719819, 25.241520016690338 ], [ 55.315222038707162, 25.241490516687179 ], [ 55.3150335, 25.2414682 ], [ 55.3150262, 25.2414975 ], [ 55.315108080758925, 25.241511145005859 ] ] ], [ [ [ 55.314846332608937, 25.250518939744843 ], [ 55.315094932455906, 25.250377439533928 ], [ 55.315056732403562, 25.250322539562326 ], [ 55.3149367, 25.2503351 ], [ 55.3146881, 25.2504766 ], [ 55.3147263, 25.2505315 ], [ 55.314846332608937, 25.250518939744843 ] ] ], [ [ [ 55.3152332, 25.2358313 ], [ 55.315267490869992, 25.235827711027518 ], [ 55.315293990815341, 25.235635711018443 ], [ 55.3146771, 25.2355974 ], [ 55.3146553, 25.2357839 ], [ 55.3152332, 25.2358313 ] ] ], [ [ [ 55.315014332341342, 25.250257439593636 ], [ 55.315090132312136, 25.250231939530249 ], [ 55.315046432208916, 25.250125339560434 ], [ 55.3148506, 25.2501633 ], [ 55.3148943, 25.25027 ], [ 55.315014332341342, 25.250257439593636 ] ] ], [ [ [ 55.315078751454479, 25.248497217233421 ], [ 55.314931429528883, 25.248498533105327 ], [ 55.314931429528883, 25.24854344886953 ], [ 55.31497634529309, 25.248588364633736 ], [ 55.315078751463794, 25.248587048762328 ], [ 55.315078751454479, 25.248497217233421 ] ] ], [ [ [ 55.31531213303203, 25.231199025059251 ], [ 55.315312133007495, 25.231154109293747 ], [ 55.315156008349909, 25.231161048121816 ], [ 55.315156008349909, 25.231205963886019 ], [ 55.31531213303203, 25.231199025059251 ] ] ], [ [ [ 55.31506617682151, 25.231610205763879 ], [ 55.31506617682151, 25.231744953056491 ], [ 55.31511109258571, 25.231789868820698 ], [ 55.315208585934165, 25.231784365661319 ], [ 55.315298417421609, 25.231694534098651 ], [ 55.315298417402154, 25.23164961833341 ], [ 55.315253501619516, 25.231604702584271 ], [ 55.31506617682151, 25.231610205763879 ] ] ], [ [ [ 55.3148324, 25.2501148 ], [ 55.315028232161872, 25.250076839572813 ], [ 55.314929731996081, 25.249904139644411 ], [ 55.314757, 25.2499351 ], [ 55.3148324, 25.2501148 ] ] ], [ [ [ 55.31483163566503, 25.235929907316141 ], [ 55.3146043, 25.2359537 ], [ 55.3145975, 25.2360092 ], [ 55.31477650692576, 25.236006192681312 ], [ 55.3147728, 25.2360437 ], [ 55.315198790939988, 25.236071811047221 ], [ 55.315209790908376, 25.235960511042993 ], [ 55.31483163566503, 25.235929907316141 ] ] ], [ [ [ 55.314984699556767, 25.244301784348927 ], [ 55.314946799477902, 25.244262584411011 ], [ 55.314235499233021, 25.244109585641315 ], [ 55.3139783, 25.2441365 ], [ 55.3139128, 25.244171 ], [ 55.3138012, 25.2444599 ], [ 55.3146292, 25.2446489 ], [ 55.314886400246671, 25.244621984557231 ], [ 55.314984699556767, 25.244301784348927 ] ] ], [ [ [ 55.315028120237002, 25.238024638942402 ], [ 55.315042220094334, 25.237881138923349 ], [ 55.3147674, 25.2378812 ], [ 55.3147533, 25.2380247 ], [ 55.315028120237002, 25.238024638942402 ] ] ], [ [ [ 55.314601823102166, 25.239602101533027 ], [ 55.314542328466885, 25.239557793318987 ], [ 55.314550180152075, 25.239529579428694 ], [ 55.314809491925686, 25.23953921119006 ], [ 55.314815316097025, 25.239240664100489 ], [ 55.314959421433606, 25.239230739061707 ], [ 55.314959721378699, 25.239175239058561 ], [ 55.3147818, 25.2391875 ], [ 55.314781501587674, 25.239228904735409 ], [ 55.314589783239143, 25.239212481323779 ], [ 55.314336221375896, 25.239139539566896 ], [ 55.314134921382625, 25.239135739731417 ], [ 55.3140149, 25.2391483 ], [ 55.3139018, 25.2392258 ], [ 55.3138469, 25.2394214 ], [ 55.3139295, 25.2394994 ], [ 55.314437356122902, 25.239620085961633 ], [ 55.314437356122617, 25.239695043320957 ], [ 55.314502476067297, 25.239693811850579 ], [ 55.3143207, 25.2404485 ], [ 55.3144874, 25.2404814 ], [ 55.314607422676708, 25.240468839414536 ], [ 55.314790621914646, 25.239708139224813 ], [ 55.314601823120945, 25.239677652067726 ], [ 55.314601823102166, 25.239602101533027 ] ] ], [ [ [ 55.314809257010424, 25.249844690190105 ], [ 55.31480925700577, 25.249799774425647 ], [ 55.314617019179444, 25.249801090267301 ], [ 55.314527187651038, 25.249846006031511 ], [ 55.314544212898483, 25.249900456014313 ], [ 55.314395593437538, 25.249949689701904 ], [ 55.314228547481825, 25.249990380436103 ], [ 55.314234497387517, 25.249933564829597 ], [ 55.314122945773178, 25.249935837559917 ], [ 55.314078030008972, 25.249980753324124 ], [ 55.314078030008972, 25.25002566908832 ], [ 55.314122945773178, 25.250070584852537 ], [ 55.314189581647859, 25.250068312130146 ], [ 55.314227237730329, 25.249992999941888 ], [ 55.3142521, 25.2500604 ], [ 55.314377847984446, 25.250047242015832 ], [ 55.314806232011229, 25.249912939745961 ], [ 55.31478403890025, 25.249853096241484 ], [ 55.314809257010424, 25.249844690190105 ] ] ], [ [ [ 55.314763197738031, 25.246161717132345 ], [ 55.314617019179444, 25.246162913366614 ], [ 55.314617019179444, 25.246432407951851 ], [ 55.31471828199944, 25.246431211722431 ], [ 55.314853029274452, 25.2462515486542 ], [ 55.314853029270225, 25.246206632889777 ], [ 55.314763197738031, 25.246161717132345 ] ] ], [ [ [ 55.314661934943643, 25.251328226250308 ], [ 55.314661934943643, 25.251418057778707 ], [ 55.314751434576799, 25.251413392575774 ], [ 55.314751434543773, 25.25132356104562 ], [ 55.314661934943643, 25.251328226250308 ] ] ], [ [ [ 55.314527187651038, 25.255011318915194 ], [ 55.31469018459407, 25.254958747584141 ], [ 55.31469018456697, 25.254913831818502 ], [ 55.314420689908992, 25.254779084656086 ], [ 55.314302608829998, 25.254786740094158 ], [ 55.314212777301584, 25.254876571622574 ], [ 55.314248222384045, 25.254956932490789 ], [ 55.3141595, 25.2549862 ], [ 55.3141496, 25.2550401 ], [ 55.3142843, 25.2553208 ], [ 55.314370496398219, 25.255334211528854 ], [ 55.314419096385613, 25.255292211516863 ], [ 55.314324425745021, 25.25501131893018 ], [ 55.314527187651038, 25.255011318915194 ] ] ], [ [ [ 55.3140697, 25.2322546 ], [ 55.314105, 25.2322946 ], [ 55.314409761710174, 25.232285701592609 ], [ 55.3144087, 25.2323265 ], [ 55.314981378586495, 25.232286933030178 ], [ 55.314993077059832, 25.231837232916696 ], [ 55.314494877120715, 25.231828934312556 ], [ 55.3140834, 25.231872 ], [ 55.3140697, 25.2322546 ] ] ], [ [ [ 55.3146212, 25.2515742 ], [ 55.314689795329897, 25.251573911397955 ], [ 55.314693795320252, 25.251540011396511 ], [ 55.3146252, 25.2515402 ], [ 55.3146212, 25.2515742 ] ] ], [ [ [ 55.314856320774169, 25.238558639110909 ], [ 55.314865220660934, 25.238444639097654 ], [ 55.3146219, 25.2384493 ], [ 55.3146129, 25.2385633 ], [ 55.314856320774169, 25.238558639110909 ] ] ], [ [ [ 55.31475698955586, 25.231149611076919 ], [ 55.3147227, 25.2311532 ], [ 55.3147, 25.2316952 ], [ 55.314930389708287, 25.231698311044585 ], [ 55.314953089554862, 25.231156411031179 ], [ 55.31475698955586, 25.231149611076919 ] ] ], [ [ [ 55.314673366455587, 25.248766831476285 ], [ 55.314673366451352, 25.248721915711855 ], [ 55.314572103415237, 25.248723111926356 ], [ 55.314572103415237, 25.24876802769057 ], [ 55.314673366455587, 25.248766831476285 ] ] ], [ [ [ 55.314673366438647, 25.248587168418567 ], [ 55.31467336643442, 25.248542252654129 ], [ 55.314527187651038, 25.248543448869533 ], [ 55.314527187651038, 25.248633280397943 ], [ 55.314673366438647, 25.248587168418567 ] ] ], [ [ [ 55.313089883196447, 25.238302654630573 ], [ 55.31320486189756, 25.238300023097345 ], [ 55.313249777633352, 25.238165275795556 ], [ 55.31315994608731, 25.238075444281556 ], [ 55.312991475200334, 25.238077608920531 ], [ 55.313022079988379, 25.238013280163745 ], [ 55.313164025657187, 25.237975305947707 ], [ 55.3131654, 25.2380749 ], [ 55.313269546253302, 25.238073720478376 ], [ 55.313404293545879, 25.23816790733796 ], [ 55.31350310311003, 25.238165726946839 ], [ 55.3135037, 25.2382373 ], [ 55.313681406887532, 25.238253012122698 ], [ 55.313678829974258, 25.238283137564665 ], [ 55.3133662, 25.2382978 ], [ 55.3133669, 25.2383542 ], [ 55.313434491909362, 25.238349425605428 ], [ 55.313379, 25.2383541 ], [ 55.3133798, 25.2384185 ], [ 55.313466418545616, 25.238417775209268 ], [ 55.3133754, 25.2384273 ], [ 55.313376867138572, 25.238467040319847 ], [ 55.3132435, 25.2384796 ], [ 55.3132435, 25.2385163 ], [ 55.3133264, 25.2385163 ], [ 55.313662477080648, 25.238474310826987 ], [ 55.3136278, 25.2388797 ], [ 55.3139633, 25.238916 ], [ 55.314151781394294, 25.238896275338313 ], [ 55.3141464, 25.2389508 ], [ 55.3142432, 25.2389586 ], [ 55.3142774917685, 25.238955011305709 ], [ 55.314254820197874, 25.238885492176596 ], [ 55.314763921115599, 25.238898939204322 ], [ 55.314801020820276, 25.238602339158451 ], [ 55.314414637234087, 25.238562869693496 ], [ 55.314451381995468, 25.238276864067455 ], [ 55.314770320506142, 25.23828313916686 ], [ 55.314797120276161, 25.238052039132842 ], [ 55.314484172056346, 25.23802163872552 ], [ 55.31469461867129, 25.236424039131531 ], [ 55.314429, 25.2364418 ], [ 55.314403472051332, 25.236673256828258 ], [ 55.314235315882627, 25.236676659165891 ], [ 55.314196437466308, 25.236637780762734 ], [ 55.314122945773178, 25.236640771354949 ], [ 55.31412294577423, 25.236688322172611 ], [ 55.3133973, 25.2367416 ], [ 55.3134132, 25.2371431 ], [ 55.313791594022732, 25.237128128545972 ], [ 55.313702092782272, 25.238011182628586 ], [ 55.313614191458008, 25.237821411443818 ], [ 55.313587965477922, 25.237826064390934 ], [ 55.3136079606113, 25.237761153470316 ], [ 55.313518129074936, 25.237716237720345 ], [ 55.3133506, 25.2377255 ], [ 55.3132494, 25.2377733 ], [ 55.3133129, 25.2378834 ], [ 55.31350048470356, 25.237851756639142 ], [ 55.313501463030214, 25.237969066221304 ], [ 55.313473213355628, 25.237940816551074 ], [ 55.313178063584751, 25.237964717843433 ], [ 55.313150820239308, 25.237928040473435 ], [ 55.313021862034766, 25.237946027147267 ], [ 55.312997530644886, 25.237849973685936 ], [ 55.313068891483816, 25.237884011572252 ], [ 55.313100191476231, 25.237858811564546 ], [ 55.313059872790483, 25.237817887117814 ], [ 55.313121620106813, 25.23779254049024 ], [ 55.313086020072859, 25.237756340517471 ], [ 55.312962914734157, 25.237768855969176 ], [ 55.312871447247176, 25.237570248077393 ], [ 55.312940891394895, 25.237562611597362 ], [ 55.3129318913766, 25.237497411598483 ], [ 55.312825780471883, 25.237509080154357 ], [ 55.312768330780813, 25.237432129615641 ], [ 55.313062113105964, 25.237402545128756 ], [ 55.313062113093274, 25.23731271359966 ], [ 55.313012620211161, 25.237314144458999 ], [ 55.313009569019876, 25.237211205389201 ], [ 55.3130181, 25.2372349 ], [ 55.313069536948845, 25.237229517346471 ], [ 55.313250636922163, 25.23717611728177 ], [ 55.313213236879086, 25.23707251729256 ], [ 55.3129808, 25.2371313 ], [ 55.31300423588835, 25.237196392728482 ], [ 55.3127573, 25.2372142 ], [ 55.312639092068373, 25.237324211393599 ], [ 55.3120904, 25.2373943 ], [ 55.312078396237759, 25.23745843275228 ], [ 55.3120371, 25.2374609 ], [ 55.3120391, 25.2375185 ], [ 55.312062048434953, 25.237517138728006 ], [ 55.3120126, 25.2376194 ], [ 55.3119913, 25.2377712 ], [ 55.31201, 25.238163 ], [ 55.3120429, 25.2381934 ], [ 55.312399123065305, 25.238223344380383 ], [ 55.3122608, 25.2382341 ], [ 55.3122609, 25.238263 ], [ 55.312554092662381, 25.238259552678667 ], [ 55.312554879518288, 25.238318911149399 ], [ 55.3123271, 25.2383304 ], [ 55.3123285, 25.2383903 ], [ 55.3129028, 25.2384215 ], [ 55.313099491629266, 25.238400311572818 ], [ 55.31309949161907, 25.238362868772764 ], [ 55.313143281909497, 25.238358781598691 ], [ 55.3131121, 25.238417 ], [ 55.313165, 25.2384428 ], [ 55.313304820720518, 25.238422640373322 ], [ 55.313320820667847, 25.238370240357494 ], [ 55.313273150981566, 25.238345747979785 ], [ 55.31335859160869, 25.23834111151135 ], [ 55.313359291596015, 25.238296311510524 ], [ 55.313099491609179, 25.238328814963793 ], [ 55.312787262986511, 25.238314450284992 ], [ 55.312789274822144, 25.238242795931953 ], [ 55.312877720555718, 25.238233540712908 ], [ 55.312955135904964, 25.238153991038054 ], [ 55.31295513590382, 25.23821282310216 ], [ 55.313089883196447, 25.238302654630573 ] ], [ [ 55.313624733524442, 25.238410878067238 ], [ 55.313668293030929, 25.238406319640255 ], [ 55.313668013678317, 25.238409585405648 ], [ 55.313624733524442, 25.238410878067238 ] ], [ [ 55.313244192316098, 25.238346923466342 ], [ 55.313244292467985, 25.238346831898738 ], [ 55.313245501173888, 25.238346786500149 ], [ 55.313244192316098, 25.238346923466342 ] ] ], [ [ [ 55.314780342309135, 25.236278454530851 ], [ 55.314661934943643, 25.236281445241303 ], [ 55.314661934943643, 25.236371276769713 ], [ 55.314825258093933, 25.236368286051633 ], [ 55.31482525808336, 25.236323370286872 ], [ 55.314780342309135, 25.236278454530851 ] ] ], [ [ [ 55.314603791559122, 25.240509284591692 ], [ 55.3142865, 25.2405394 ], [ 55.314252405462668, 25.2406681515765 ], [ 55.314100017634132, 25.240600021090383 ], [ 55.314206390975855, 25.240213185255342 ], [ 55.314003490914779, 25.240173685606702 ], [ 55.3137463, 25.2402006 ], [ 55.3135892, 25.2408606 ], [ 55.313847, 25.2409442 ], [ 55.314217857821781, 25.240953073317655 ], [ 55.3142562, 25.2410107 ], [ 55.3145035, 25.2410639 ], [ 55.314760692660229, 25.241036984375729 ], [ 55.314603791559122, 25.240509284591692 ] ] ], [ [ [ 55.314661934943643, 25.241446758124987 ], [ 55.314661934943643, 25.241491673889193 ], [ 55.314742286267943, 25.241487965498735 ], [ 55.314742286254827, 25.241443049733839 ], [ 55.314661934943643, 25.241446758124987 ] ] ], [ [ [ 55.314630737060071, 25.249350497175683 ], [ 55.314527187651038, 25.249351932625238 ], [ 55.314527187651038, 25.249441764153648 ], [ 55.314585821306288, 25.249440328708836 ], [ 55.314630737065144, 25.249395412940157 ], [ 55.314630737060071, 25.249350497175683 ] ] ], [ [ [ 55.314437356122617, 25.250879068608242 ], [ 55.314437356122617, 25.250923984372445 ], [ 55.314572914513356, 25.250919199594925 ], [ 55.314572914496424, 25.25087428382982 ], [ 55.314437356122617, 25.250879068608242 ] ] ], [ [ [ 55.314515095491394, 25.252135711447224 ], [ 55.314555795469573, 25.252060711436577 ], [ 55.3144673, 25.2520403 ], [ 55.3144266, 25.2521152 ], [ 55.314515095491394, 25.252135711447224 ] ] ], [ [ [ 55.314628450441852, 25.246116801378431 ], [ 55.314628450437617, 25.24607188561399 ], [ 55.314392440358411, 25.246073081838208 ], [ 55.314302608829998, 25.246162913366618 ], [ 55.314302608829998, 25.246207829130817 ], [ 55.314347524594204, 25.246252744895028 ], [ 55.314392440358411, 25.246252744895028 ], [ 55.314583534686335, 25.246206632910781 ], [ 55.314628450441852, 25.246116801378431 ] ] ], [ [ [ 55.314302608829998, 25.241446758124994 ], [ 55.314613254375274, 25.241442451643238 ], [ 55.314658170123437, 25.241397535865623 ], [ 55.314658170108203, 25.241352620100614 ], [ 55.314302608829998, 25.241356926596577 ], [ 55.314302608829998, 25.241446758124994 ] ] ], [ [ [ 55.3146649, 25.2360864 ], [ 55.314699190950535, 25.236082811164177 ], [ 55.314705990934783, 25.236027411161754 ], [ 55.314595, 25.2360233 ], [ 55.3145882, 25.2360787 ], [ 55.3146649, 25.2360864 ] ] ], [ [ [ 55.314538618943516, 25.246431211736425 ], [ 55.314538618939281, 25.246386295972005 ], [ 55.314482271886824, 25.24638749218764 ], [ 55.314482271886824, 25.246432407951851 ], [ 55.314538618943516, 25.246431211736425 ] ] ], [ [ [ 55.31447443316749, 25.251063640077792 ], [ 55.314268, 25.2510625 ], [ 55.3142031, 25.2513972 ], [ 55.314409533502179, 25.25139834014843 ], [ 55.31447443316749, 25.251063640077792 ] ] ], [ [ [ 55.314493703412367, 25.24890157878357 ], [ 55.314493703395421, 25.248721915725859 ], [ 55.314448787627214, 25.248676999964925 ], [ 55.314347524594204, 25.248678196162142 ], [ 55.314347524594204, 25.248857859218969 ], [ 55.314493703412367, 25.24890157878357 ] ] ], [ [ [ 55.314302608829998, 25.251418057778718 ], [ 55.3142256, 25.2514305 ], [ 55.3142215, 25.2514681 ], [ 55.314302608830509, 25.25146579285656 ], [ 55.314302608829998, 25.251507889307131 ], [ 55.314435881089395, 25.251503343819799 ], [ 55.314435881057214, 25.251413512289684 ], [ 55.314302608829998, 25.251418057778718 ] ] ], [ [ [ 55.313753964104464, 25.23264041359225 ], [ 55.31362510000001, 25.2326539 ], [ 55.3135917, 25.2327643 ], [ 55.3137811, 25.2328111 ], [ 55.31400867314364, 25.232787282818681 ], [ 55.3140085, 25.2328079 ], [ 55.3141344, 25.2328339 ], [ 55.314635470361083, 25.232781245315635 ], [ 55.314681770293355, 25.232765245171844 ], [ 55.314684369146931, 25.232453245103294 ], [ 55.314456869185086, 25.23245164579426 ], [ 55.3140111, 25.2324983 ], [ 55.314010817393381, 25.232531952286354 ], [ 55.3136007, 25.2325584 ], [ 55.3135984, 25.2326367 ], [ 55.313753964104464, 25.23264041359225 ] ], [ [ 55.314009754788735, 25.232658484543961 ], [ 55.313909619428884, 25.232633741657459 ], [ 55.314010050847756, 25.232623230713475 ], [ 55.314009754788735, 25.232658484543961 ] ] ], [ [ [ 55.314594590959558, 25.236109211189028 ], [ 55.3142283, 25.2361465 ], [ 55.314214867615227, 25.23617810875508 ], [ 55.314085, 25.2361917 ], [ 55.314085206640399, 25.236217461139574 ], [ 55.3140433, 25.2362196 ], [ 55.3140436, 25.2362668 ], [ 55.314441275443848, 25.236243325136531 ], [ 55.3144327, 25.2363159 ], [ 55.3144662, 25.2363553 ], [ 55.314601091028926, 25.236355011191179 ], [ 55.314633190969779, 25.236147411180571 ], [ 55.314594590959558, 25.236109211189028 ] ] ], [ [ [ 55.312609408418545, 25.236227223046075 ], [ 55.312813469682183, 25.236221442082719 ], [ 55.3128156, 25.2362747 ], [ 55.312955372150881, 25.23626171026001 ], [ 55.3129569, 25.2363282 ], [ 55.313279782785195, 25.236300086441044 ], [ 55.313279012538757, 25.236266569534092 ], [ 55.3134392, 25.2363073 ], [ 55.313880991020802, 25.236288311358525 ], [ 55.314078090972174, 25.23612661131002 ], [ 55.314071687200126, 25.235988539997223 ], [ 55.314517006686415, 25.235776098674751 ], [ 55.3145163, 25.2358238 ], [ 55.314598790878009, 25.235820811183736 ], [ 55.314599690862735, 25.23576681118271 ], [ 55.314531579699128, 25.235768284587675 ], [ 55.3146029811764, 25.235610684043781 ], [ 55.31457637933056, 25.234738283992591 ], [ 55.314380779297103, 25.234712184332583 ], [ 55.3141236, 25.2347391 ], [ 55.314114550060552, 25.234801518762065 ], [ 55.313954479491343, 25.234781385087722 ], [ 55.3136973, 25.2348083 ], [ 55.313348630295891, 25.235090143423278 ], [ 55.313338259140238, 25.234765872786586 ], [ 55.31324535900584, 25.234729273104119 ], [ 55.312130311902074, 25.234782568990006 ], [ 55.312130311894251, 25.234751319045053 ], [ 55.312056820619702, 25.234754309258296 ], [ 55.312056820620199, 25.234790259287994 ], [ 55.311949505830988, 25.234801488888255 ], [ 55.311949505819165, 25.234751438687276 ], [ 55.311787326034462, 25.234754309258296 ], [ 55.311787326034462, 25.234799225022503 ], [ 55.311828485505131, 25.234819804768481 ], [ 55.3117965, 25.2349023 ], [ 55.3118212, 25.2354869 ], [ 55.312939536415278, 25.235420827266918 ], [ 55.3128991, 25.2355026 ], [ 55.312916515989905, 25.235905074845551 ], [ 55.3123976, 25.2359334 ], [ 55.3124017, 25.2362379 ], [ 55.312609408418545, 25.236227223046075 ] ], [ [ 55.313213669998206, 25.236188107855671 ], [ 55.313121484494552, 25.23619613453349 ], [ 55.313119529171047, 25.236147254045409 ], [ 55.313211307996013, 25.2361376495831 ], [ 55.313213669998206, 25.236188107855671 ] ] ], [ [ [ 55.314525290900008, 25.235894811202016 ], [ 55.314491, 25.2358984 ], [ 55.3144766, 25.2360522 ], [ 55.314579990944146, 25.236053911191615 ], [ 55.314594390900481, 25.235900111185941 ], [ 55.314525290900008, 25.235894811202016 ] ] ], [ [ [ 55.314302608829998, 25.250564658258803 ], [ 55.314302608829998, 25.250609574023002 ], [ 55.314385249160956, 25.250605626623631 ], [ 55.31438524914698, 25.250560710858689 ], [ 55.314302608829998, 25.250564658258803 ] ] ], [ [ [ 55.313955092412492, 25.241216511414898 ], [ 55.3139208, 25.2412201 ], [ 55.3139077, 25.241274 ], [ 55.314108021836738, 25.241311324378486 ], [ 55.314078030008972, 25.241312010832367 ], [ 55.314078030008972, 25.24140184236078 ], [ 55.314135519675666, 25.24140052653085 ], [ 55.314135519667126, 25.241316823948072 ], [ 55.314459593258405, 25.24130328493359 ], [ 55.314471393154491, 25.241254884907466 ], [ 55.314345193112416, 25.241228385125805 ], [ 55.314106316458549, 25.241253383225338 ], [ 55.313955092412492, 25.241216511414898 ] ] ], [ [ [ 55.314564906154082, 25.231112184591428 ], [ 55.314302608829998, 25.231071216593403 ], [ 55.314257693065791, 25.231116132357613 ], [ 55.314257693065791, 25.231161048121823 ], [ 55.314392440358411, 25.231205963886023 ], [ 55.31460982194546, 25.231202016109776 ], [ 55.314609821931505, 25.231157100344827 ], [ 55.314564906154082, 25.231112184591428 ] ] ], [ [ [ 55.314212777301584, 25.25200196271339 ], [ 55.314212777301584, 25.252091794241807 ], [ 55.314314852200418, 25.252085813401816 ], [ 55.31431485215807, 25.251995981871154 ], [ 55.314212777301584, 25.25200196271339 ] ] ], [ [ [ 55.314594963189961, 25.231517981648107 ], [ 55.314550047400829, 25.231383234361136 ], [ 55.314415300101082, 25.231338318617482 ], [ 55.314302608829998, 25.231340711178646 ], [ 55.314257693065791, 25.231430542707052 ], [ 55.314257693065791, 25.231610205763882 ], [ 55.314550047434665, 25.231562897419749 ], [ 55.314594963189961, 25.231517981648107 ] ] ], [ [ [ 55.314122945773178, 25.249396848389441 ], [ 55.314078030008972, 25.249441764153648 ], [ 55.314078030008972, 25.249486679917855 ], [ 55.314317469885872, 25.249485124880181 ], [ 55.314317469874858, 25.249395293351192 ], [ 55.314122945773178, 25.249396848389441 ] ] ], [ [ [ 55.314302529216768, 25.247062740009124 ], [ 55.314305029017731, 25.246861739996568 ], [ 55.3139635, 25.246872 ], [ 55.3138954, 25.2469163 ], [ 55.3138944, 25.2470022 ], [ 55.3139647, 25.2470731 ], [ 55.314302529216768, 25.247062740009124 ] ] ], [ [ [ 55.314122945773178, 25.250519742494596 ], [ 55.314122945773178, 25.250564658258806 ], [ 55.314244786015031, 25.250561308979659 ], [ 55.31424478599132, 25.250471477450002 ], [ 55.314167861537378, 25.250474826730397 ], [ 55.314122945773178, 25.250519742494596 ] ] ], [ [ [ 55.313993600000011, 25.2448919 ], [ 55.314250800832973, 25.244864985699202 ], [ 55.314305700254764, 25.244595185572663 ], [ 55.314036500168029, 25.244540086038597 ], [ 55.3137504, 25.2445821 ], [ 55.3137106, 25.2448339 ], [ 55.313993600000011, 25.2448919 ] ] ], [ [ [ 55.314224208815759, 25.248766831511293 ], [ 55.314122945773178, 25.248768027690563 ], [ 55.314122945773178, 25.248902774983183 ], [ 55.314224208828463, 25.248901578804581 ], [ 55.314224208815759, 25.248766831511293 ] ] ], [ [ [ 55.313898366952145, 25.251193478957685 ], [ 55.313898366952145, 25.251238394721895 ], [ 55.313941172554891, 25.251281200368638 ], [ 55.313898366952145, 25.251283310486095 ], [ 55.313898366952145, 25.251373142014504 ], [ 55.313983293879382, 25.251368955502123 ], [ 55.313983293864844, 25.25132332168188 ], [ 55.314033114244765, 25.251373142014504 ], [ 55.314126043401551, 25.251368118154204 ], [ 55.31417095912925, 25.251278286609214 ], [ 55.314170959040332, 25.251053707783484 ], [ 55.314126043188153, 25.250829128972452 ], [ 55.314033114244765, 25.250834152844039 ], [ 55.313988198480565, 25.250879068608246 ], [ 55.313898366952145, 25.251193478957685 ] ] ], [ [ [ 55.314089461316385, 25.246565959064739 ], [ 55.314224208604095, 25.2465210432898 ], [ 55.314224208582928, 25.246296464467655 ], [ 55.314078030008972, 25.246297660659234 ], [ 55.313898366952145, 25.246387492187647 ], [ 55.313898366952145, 25.246477323716057 ], [ 55.313943282716352, 25.24652223948026 ], [ 55.314089461316385, 25.246565959064739 ] ] ], [ [ [ 55.314033114244765, 25.251462973542917 ], [ 55.314033114244765, 25.251552805071334 ], [ 55.314120327584305, 25.251548379293787 ], [ 55.314120327552978, 25.251458547763708 ], [ 55.314033114244765, 25.251462973542917 ] ] ], [ [ [ 55.314100893334853, 25.250337687115032 ], [ 55.314100893326383, 25.25029277135037 ], [ 55.314011061790403, 25.250247855599724 ], [ 55.313943282716352, 25.25025024790936 ], [ 55.313943282716352, 25.250295163673563 ], [ 55.313988198480565, 25.250340079437773 ], [ 55.314100893334853, 25.250337687115032 ] ] ], [ [ [ 55.3137013, 25.2520121 ], [ 55.3137223, 25.2520631 ], [ 55.314002728202375, 25.25204065852985 ], [ 55.314047643921391, 25.251950826980892 ], [ 55.314047643877352, 25.251860995450151 ], [ 55.313943282716352, 25.25186721542077 ], [ 55.313853451187939, 25.251912131184977 ], [ 55.313853451188393, 25.251972879343796 ], [ 55.313826758614169, 25.251975672240679 ], [ 55.313849689948142, 25.251907825105295 ], [ 55.313718703895319, 25.25191213118498 ], [ 55.313733857742243, 25.252001204575851 ], [ 55.3137013, 25.2520121 ] ] ], [ [ [ 55.3135355, 25.2454279 ], [ 55.3137226, 25.245628 ], [ 55.313756893661498, 25.245624411527178 ], [ 55.314111893563641, 25.245297011439263 ], [ 55.3138085, 25.2451694 ], [ 55.3135355, 25.2454279 ] ] ], [ [ [ 55.314280552885933, 25.231742560520356 ], [ 55.314280552869008, 25.231652728991051 ], [ 55.314167861537378, 25.231655121528078 ], [ 55.314167861537378, 25.231744953056502 ], [ 55.314280552885933, 25.231742560520356 ] ] ], [ [ [ 55.313539040838499, 25.251687552363947 ], [ 55.313942950919341, 25.251637971647003 ], [ 55.313987866666167, 25.251593055868263 ], [ 55.313987866633141, 25.251503224338119 ], [ 55.313673788131112, 25.251507889307128 ], [ 55.313539040838499, 25.251597720835537 ], [ 55.313539040838499, 25.251687552363947 ] ] ], [ [ [ 55.3139939, 25.2458403 ], [ 55.314056393711546, 25.245817211460022 ], [ 55.313984493688615, 25.24573231147556 ], [ 55.3139502, 25.2457359 ], [ 55.313922, 25.2457554 ], [ 55.3139939, 25.2458403 ] ] ], [ [ [ 55.310534140756381, 25.232528842041027 ], [ 55.3104772, 25.2325348 ], [ 55.3097235, 25.2329254 ], [ 55.309742242552467, 25.232955052399873 ], [ 55.30963136935258, 25.232957678690063 ], [ 55.309586453588373, 25.233002594454266 ], [ 55.309586453588373, 25.233047510218469 ], [ 55.309702574244234, 25.233044759637536 ], [ 55.309747489990372, 25.232963354314652 ], [ 55.309930835274486, 25.232948910733072 ], [ 55.3098663, 25.2329819 ], [ 55.3098923, 25.2330995 ], [ 55.3099944, 25.2332305 ], [ 55.3101719, 25.2332822 ], [ 55.310451662724375, 25.233252927849087 ], [ 55.3105144, 25.2334135 ], [ 55.310809690241022, 25.23336701203273 ], [ 55.310781393374462, 25.233145069775503 ], [ 55.310872852481161, 25.233064981048958 ], [ 55.310791336977147, 25.232934417224651 ], [ 55.3108414, 25.232957 ], [ 55.311355751687863, 25.232903179319461 ], [ 55.311819250571276, 25.232664077640631 ], [ 55.311816090187229, 25.232637426024144 ], [ 55.311900650402677, 25.23262857734726 ], [ 55.312166949758485, 25.232490576382574 ], [ 55.31211984945368, 25.232416176531004 ], [ 55.311712672432705, 25.2324539161656 ], [ 55.311950949334104, 25.232379077114857 ], [ 55.312100806136208, 25.232281931524629 ], [ 55.312314999126095, 25.232259517006028 ], [ 55.31303028287865, 25.231878865573684 ], [ 55.313105885096491, 25.231878025702517 ], [ 55.313105885091801, 25.231838632111319 ], [ 55.313228997616015, 25.231773114796869 ], [ 55.313185519304312, 25.231704168682509 ], [ 55.313649645702334, 25.23163434823261 ], [ 55.31362887236692, 25.231700037292288 ], [ 55.313673788131112, 25.231744953056491 ], [ 55.313884311938963, 25.231696807452089 ], [ 55.313929227691148, 25.231651891677824 ], [ 55.313929227672681, 25.231578079968116 ], [ 55.314193896770973, 25.231524812504453 ], [ 55.314234795514807, 25.231082312342675 ], [ 55.313634995513937, 25.231050413739798 ], [ 55.3132921, 25.2310863 ], [ 55.3128347, 25.2313178 ], [ 55.312882806924726, 25.23139350040725 ], [ 55.3126401, 25.2314189 ], [ 55.3117191, 25.2318942 ], [ 55.311794367071066, 25.232013556624526 ], [ 55.3115474, 25.2320394 ], [ 55.311173471874937, 25.232244720527156 ], [ 55.3109768, 25.2322653 ], [ 55.3105425, 25.2324893 ], [ 55.310534140756381, 25.232528842041027 ] ], [ [ 55.3101958, 25.2328582 ], [ 55.309964073581284, 25.232932655393924 ], [ 55.310584015189093, 25.232611373970482 ], [ 55.310705962794145, 25.232804819838584 ], [ 55.310634408256298, 25.232812306956117 ], [ 55.310548690051867, 25.232683812083511 ], [ 55.3103799, 25.23275 ], [ 55.3102831, 25.2328215 ], [ 55.310293447101763, 25.232847982974754 ], [ 55.3101958, 25.2328582 ] ] ], [ [ [ 55.313464694119794, 25.241657186717958 ], [ 55.313943282717268, 25.24157297699546 ], [ 55.313943282716352, 25.241671336946016 ], [ 55.314058262106379, 25.241668705303429 ], [ 55.314058262069139, 25.241489042244634 ], [ 55.313989051923294, 25.241491641833402 ], [ 55.314035793486809, 25.241388685686353 ], [ 55.313618393084006, 25.241176686394521 ], [ 55.313395593008195, 25.241129186779897 ], [ 55.31309450354825, 25.241176061743104 ], [ 55.313110584784503, 25.241097723229245 ], [ 55.3125136, 25.2410925 ], [ 55.3124017, 25.24161 ], [ 55.3124942, 25.241684 ], [ 55.312562785128186, 25.24167682350275 ], [ 55.312814825444619, 25.241511423884155 ], [ 55.313036322002517, 25.241492452133432 ], [ 55.3130199, 25.2416578 ], [ 55.3131068, 25.2416927 ], [ 55.313269546253395, 25.241677607404377 ], [ 55.31326954625326, 25.241761168474426 ], [ 55.313338466819744, 25.241758656570617 ], [ 55.313338466802321, 25.241670395442476 ], [ 55.313464694119794, 25.241657186717958 ] ] ], [ [ [ 55.313808535423732, 25.250250247909364 ], [ 55.313808535423732, 25.250340079437773 ], [ 55.313877457682445, 25.250337567535553 ], [ 55.313922373437293, 25.250292651763523 ], [ 55.313922373428397, 25.250247735998851 ], [ 55.313808535423732, 25.250250247909364 ] ] ], [ [ [ 55.314016775617681, 25.241758177981026 ], [ 55.314016775607101, 25.241713262216258 ], [ 55.313898366952145, 25.241716252710226 ], [ 55.313898366952145, 25.241761168474422 ], [ 55.314016775617681, 25.241758177981026 ] ] ], [ [ [ 55.313975289134184, 25.241847650660908 ], [ 55.313898366952145, 25.241851000002836 ], [ 55.313898366952145, 25.241940831531256 ], [ 55.313975289157874, 25.241937482190568 ], [ 55.313975289134184, 25.241847650660908 ] ] ], [ [ [ 55.313965001204394, 25.240995327707864 ], [ 55.313853451187939, 25.240997600482928 ], [ 55.313853451187939, 25.241042516247131 ], [ 55.313965001212431, 25.24104024347249 ], [ 55.313965001204394, 25.240995327707864 ] ] ], [ [ [ 55.313829112381356, 25.25011334756223 ], [ 55.313829112373739, 25.250068431797622 ], [ 55.31362887236692, 25.250070584852537 ], [ 55.313583956602706, 25.250115500616737 ], [ 55.313583956602706, 25.250160416380943 ], [ 55.313694365097575, 25.25015826334575 ], [ 55.313829112381356, 25.25011334756223 ] ] ], [ [ [ 55.313834995605689, 25.242377586149406 ], [ 55.313855641324068, 25.242297561995652 ], [ 55.313886600816119, 25.24229668871028 ], [ 55.313878954891507, 25.242207196937887 ], [ 55.3139309948061, 25.242005485939313 ], [ 55.313840811042851, 25.241984900143539 ], [ 55.313886600644302, 25.24166786800231 ], [ 55.313808535423732, 25.241671336946016 ], [ 55.313673788131112, 25.241806084238636 ], [ 55.313673788138971, 25.241946774500342 ], [ 55.313354, 25.2419594 ], [ 55.313266755035798, 25.242255087152841 ], [ 55.3129549, 25.242282 ], [ 55.3129549, 25.2423899 ], [ 55.313378395623005, 25.242361684682965 ], [ 55.3135778, 25.2424045 ], [ 55.313834995605689, 25.242377586149406 ] ] ], [ [ [ 55.3136156, 25.2546067 ], [ 55.3136662, 25.2546585 ], [ 55.313750680168951, 25.254610909718636 ], [ 55.313700080157368, 25.254559109727857 ], [ 55.3136156, 25.2546067 ] ] ], [ [ [ 55.313936391823013, 25.239129911388066 ], [ 55.31395389179972, 25.239048411382765 ], [ 55.313884, 25.2390457 ], [ 55.3138665, 25.2391272 ], [ 55.313936391823013, 25.239129911388066 ] ] ], [ [ [ 55.313449209310093, 25.25038499520198 ], [ 55.313449209310093, 25.250429910966186 ], [ 55.313652878881541, 25.250427399101675 ], [ 55.313787626163851, 25.250382483314937 ], [ 55.313787626154969, 25.250337567550272 ], [ 55.313697794609709, 25.250247736035625 ], [ 55.31362887236692, 25.250250247909356 ], [ 55.313449209310093, 25.25038499520198 ] ] ], [ [ [ 55.313872883556108, 25.241220145782336 ], [ 55.313808535423732, 25.241222179303957 ], [ 55.313808535423732, 25.241267095068157 ], [ 55.313872883563299, 25.241265061546923 ], [ 55.313872883556108, 25.241220145782336 ] ] ], [ [ [ 55.312230951328004, 25.247206824222729 ], [ 55.3123204, 25.2473385 ], [ 55.312433798779843, 25.247326635316416 ], [ 55.3123495, 25.2473899 ], [ 55.312362766639694, 25.247404359436182 ], [ 55.3123079, 25.2474101 ], [ 55.312076, 25.2475813 ], [ 55.312341440261754, 25.247875531195902 ], [ 55.3120624, 25.2479051 ], [ 55.3118825, 25.2481013 ], [ 55.31190287089894, 25.248118119544099 ], [ 55.3118113, 25.2481277 ], [ 55.3112589, 25.2487161 ], [ 55.31132047746064, 25.248764128633024 ], [ 55.3112634, 25.2487701 ], [ 55.3108851, 25.2491707 ], [ 55.3113463, 25.2495269 ], [ 55.311578342001503, 25.249502624032655 ], [ 55.3112938, 25.2498053 ], [ 55.311366276495171, 25.249860712084043 ], [ 55.3112536, 25.2498725 ], [ 55.3110968, 25.2500441 ], [ 55.311123387809872, 25.250063984957634 ], [ 55.3110917, 25.2500673 ], [ 55.310763126395024, 25.250426038047088 ], [ 55.3105226, 25.2504512 ], [ 55.3103968, 25.2504879 ], [ 55.310403705494096, 25.250509407394702 ], [ 55.309675, 25.2506642 ], [ 55.3098023, 25.251072 ], [ 55.310041223607485, 25.251047007093568 ], [ 55.310725281308677, 25.250875685981963 ], [ 55.3109714, 25.2510631 ], [ 55.311228614257637, 25.251036191692965 ], [ 55.311377213901892, 25.250876291414322 ], [ 55.31134075758213, 25.250848708388297 ], [ 55.31142121382063, 25.250840291333084 ], [ 55.311608513377216, 25.250641090982153 ], [ 55.311548683800503, 25.250595065212764 ], [ 55.311721786097877, 25.250393632646002 ], [ 55.311840712800048, 25.250381190545635 ], [ 55.31199761241858, 25.250209590251124 ], [ 55.311917100461507, 25.250149388688946 ], [ 55.31224443202975, 25.249796641836976 ], [ 55.312217815775185, 25.249776293200807 ], [ 55.312409011411233, 25.249756289478558 ], [ 55.312565511044447, 25.249591589185545 ], [ 55.312359973205005, 25.249431848490687 ], [ 55.312430310705153, 25.249424489403953 ], [ 55.312647904911081, 25.249195637110184 ], [ 55.312743594698389, 25.24923821181822 ], [ 55.3129164946426, 25.249050011774962 ], [ 55.312443294549034, 25.248694211880313 ], [ 55.312409, 25.2486978 ], [ 55.312244812770388, 25.248876516252224 ], [ 55.312190299812841, 25.248882219662789 ], [ 55.312476618192122, 25.248581927939071 ], [ 55.3124884, 25.2486761 ], [ 55.3126826, 25.2488264 ], [ 55.312761447698193, 25.248818150291665 ], [ 55.312709, 25.2488742 ], [ 55.3127465, 25.248907 ], [ 55.312844295563586, 25.248896767767715 ], [ 55.3129319, 25.2489646 ], [ 55.31305193115174, 25.248952041131712 ], [ 55.313226930950513, 25.248757940978301 ], [ 55.313067516647735, 25.248665285465844 ], [ 55.313131051548616, 25.248600998584056 ], [ 55.3131777, 25.2486371 ], [ 55.313297730814796, 25.248624540913372 ], [ 55.313466429344174, 25.24844620469991 ], [ 55.31354063061795, 25.248438440704792 ], [ 55.313735230241434, 25.24806824052612 ], [ 55.313355830154237, 25.247960140831012 ], [ 55.3132358, 25.2479727 ], [ 55.313134358657251, 25.248148649606492 ], [ 55.313041330285927, 25.248076641094556 ], [ 55.3129213, 25.2480892 ], [ 55.312711950795084, 25.248310580076371 ], [ 55.312727208131932, 25.24822678874871 ], [ 55.312662736734374, 25.248150717426935 ], [ 55.312853207914273, 25.248130788516921 ], [ 55.31311200374374, 25.247895477247379 ], [ 55.3135951, 25.2480182 ], [ 55.313715130180526, 25.24800564053929 ], [ 55.313684329754217, 25.247573240541861 ], [ 55.313478829366517, 25.247170640688996 ], [ 55.313238329130364, 25.24691934087269 ], [ 55.3131183, 25.2469319 ], [ 55.3127535, 25.2471892 ], [ 55.312770899807333, 25.247211988258005 ], [ 55.312708249219618, 25.247218543426957 ], [ 55.312784005873041, 25.247164588529845 ], [ 55.312679005629015, 25.247043988700486 ], [ 55.31264385927377, 25.247047666073811 ], [ 55.312667705599736, 25.247029588718686 ], [ 55.312427805077512, 25.246770689110402 ], [ 55.31239497006343, 25.246774124602734 ], [ 55.312411605059182, 25.246761189137754 ], [ 55.312166704540267, 25.246503589538371 ], [ 55.3121302615139, 25.246507402480024 ], [ 55.312176004473919, 25.246472789518599 ], [ 55.312057004214509, 25.246344189712875 ], [ 55.311834093900231, 25.246367511987955 ], [ 55.311711693864609, 25.246235112014599 ], [ 55.311596086629244, 25.246300247723603 ], [ 55.311472703894196, 25.246162390717299 ], [ 55.3112155, 25.2461893 ], [ 55.3109724, 25.2463674 ], [ 55.3115657, 25.2470302 ], [ 55.311814640155553, 25.247004154969989 ], [ 55.3116718, 25.2471079 ], [ 55.3117833, 25.2472334 ], [ 55.312051794092696, 25.247059711947404 ], [ 55.311940294058871, 25.246934211971599 ], [ 55.311913405539215, 25.246937025193461 ], [ 55.311945778025219, 25.24691332167777 ], [ 55.311993701836492, 25.246931701674377 ], [ 55.3119693, 25.2469502 ], [ 55.312230951328004, 25.247206824222729 ] ], [ [ 55.313061722602683, 25.248547344581397 ], [ 55.313065189978211, 25.248550028001734 ], [ 55.31305087896073, 25.248551525378616 ], [ 55.313057747146821, 25.248544267954749 ], [ 55.313061722602683, 25.248547344581397 ] ], [ [ 55.312891680890509, 25.247370173092065 ], [ 55.312863002812669, 25.247371316105163 ], [ 55.312881793132711, 25.247357223290052 ], [ 55.312891680890509, 25.247370173092065 ] ], [ [ 55.312520117421684, 25.248452938795172 ], [ 55.312583440943676, 25.248446313399874 ], [ 55.312552937921943, 25.248478530916991 ], [ 55.312520117421684, 25.248452938795172 ] ], [ [ 55.311969875134643, 25.249077111277828 ], [ 55.311962674030809, 25.249084684928825 ], [ 55.311954898273015, 25.24907867819979 ], [ 55.311969875134643, 25.249077111277828 ] ], [ [ 55.311907135479643, 25.249244520436481 ], [ 55.311837852726903, 25.249251768937494 ], [ 55.311871133760185, 25.249216516538024 ], [ 55.311907135479643, 25.249244520436481 ] ], [ [ 55.311699605387275, 25.249431759441674 ], [ 55.31166445534393, 25.249435436855507 ], [ 55.311681333692562, 25.249417558816852 ], [ 55.311699605387275, 25.249431759441674 ] ], [ [ 55.311353994785271, 25.250464727426234 ], [ 55.311265734394617, 25.250399725306984 ], [ 55.311390759383968, 25.250263950892197 ], [ 55.311505311575146, 25.250349623595021 ], [ 55.31145870000001, 25.2503545 ], [ 55.311353994785271, 25.250464727426234 ] ] ], [ [ [ 55.31369093552064, 25.249574717246112 ], [ 55.313690935514288, 25.249529801481565 ], [ 55.313583956602706, 25.249531595682065 ], [ 55.313583956602706, 25.249576511446268 ], [ 55.31369093552064, 25.249574717246112 ] ] ], [ [ [ 55.313799292045502, 25.239909911431791 ], [ 55.313816592020935, 25.239823911426456 ], [ 55.3136787, 25.2398105 ], [ 55.3136615, 25.2398966 ], [ 55.313799292045502, 25.239909911431791 ] ] ], [ [ [ 55.3137713, 25.2398022 ], [ 55.313805592013956, 25.239798611428647 ], [ 55.313814492002514, 25.239758611425973 ], [ 55.3137302, 25.239753 ], [ 55.3137213, 25.239793 ], [ 55.3137713, 25.2398022 ] ] ], [ [ [ 55.3135296, 25.252227 ], [ 55.31363919552286, 25.252200811653065 ], [ 55.313619795508224, 25.252148011656814 ], [ 55.3135102, 25.2521742 ], [ 55.3135296, 25.252227 ] ] ], [ [ [ 55.3133566, 25.254978 ], [ 55.3134849, 25.2551111 ], [ 55.313571496334326, 25.255066211711771 ], [ 55.313443096298613, 25.254933211739811 ], [ 55.3133566, 25.254978 ] ] ], [ [ [ 55.3133566, 25.2519019 ], [ 55.3133935, 25.2520102 ], [ 55.3134523, 25.2520288 ], [ 55.313536195471819, 25.252014911674383 ], [ 55.313599295444412, 25.251921311658215 ], [ 55.313587295428292, 25.251863711660167 ], [ 55.313517795411002, 25.251798911675451 ], [ 55.3134084, 25.251814 ], [ 55.3133566, 25.2519019 ] ] ], [ [ [ 55.313692693437929, 25.244830211530306 ], [ 55.313670493409639, 25.244729011533991 ], [ 55.3135353, 25.244806 ], [ 55.313579, 25.2448541 ], [ 55.313692693437929, 25.244830211530306 ] ] ], [ [ [ 55.313696650047163, 25.242836754480862 ], [ 55.31362887236692, 25.242839146815378 ], [ 55.31362887236692, 25.242884062579581 ], [ 55.313696650055626, 25.242881670245509 ], [ 55.313696650047163, 25.242836754480862 ] ] ], [ [ [ 55.3134216, 25.2347649 ], [ 55.313789652313581, 25.23472638231474 ], [ 55.313793652219843, 25.234695682299762 ], [ 55.3133572, 25.2347269 ], [ 55.3133532, 25.2347576 ], [ 55.3134216, 25.2347649 ] ] ], [ [ [ 55.313803982782183, 25.233462436543618 ], [ 55.31381318127282, 25.233017736437983 ], [ 55.3131113, 25.2330661 ], [ 55.3131051, 25.2335066 ], [ 55.313803982782183, 25.233462436543618 ] ] ], [ [ [ 55.313591939230811, 25.242639617284674 ], [ 55.313639639155113, 25.242463617264001 ], [ 55.313242, 25.2423922 ], [ 55.3131942, 25.2425682 ], [ 55.313591939230811, 25.242639617284674 ] ] ], [ [ [ 55.313516988372108, 25.250158024147449 ], [ 55.313449209310093, 25.250160416380943 ], [ 55.313449209310093, 25.25020533214515 ], [ 55.313516988380577, 25.250202939912111 ], [ 55.313516988372108, 25.250158024147449 ] ] ], [ [ [ 55.313561902755886, 25.242836754501862 ], [ 55.313494125074293, 25.242839146815374 ], [ 55.313494125074293, 25.242884062579581 ], [ 55.313561902764349, 25.242881670266517 ], [ 55.313561902755886, 25.242836754501862 ] ] ], [ [ [ 55.3134883, 25.2407551 ], [ 55.313582692274423, 25.240708411494374 ], [ 55.313557792266735, 25.240679911499775 ], [ 55.3134634, 25.2407266 ], [ 55.3134883, 25.2407551 ] ] ], [ [ [ 55.313595420842873, 25.238561640142819 ], [ 55.3132197, 25.2385787 ], [ 55.3132254, 25.2388428 ], [ 55.313601021103814, 25.238825740152059 ], [ 55.313595420842873, 25.238561640142819 ] ] ], [ [ [ 55.313545492331613, 25.240908811506063 ], [ 55.313568092303356, 25.240810011499306 ], [ 55.3134995, 25.2408072 ], [ 55.3134768, 25.240906 ], [ 55.313545492331613, 25.240908811506063 ] ] ], [ [ [ 55.31327, 25.2531762 ], [ 55.313321443703494, 25.253170817615878 ], [ 55.31339824360419, 25.252940817583781 ], [ 55.313308743593971, 25.252912017614541 ], [ 55.3132573, 25.2529174 ], [ 55.3131818, 25.2531498 ], [ 55.31327, 25.2531762 ] ] ], [ [ [ 55.31342944322099, 25.2503823637628 ], [ 55.313359377781673, 25.250384995201976 ], [ 55.313359377781673, 25.250429910966183 ], [ 55.313429443230305, 25.250427279527496 ], [ 55.31342944322099, 25.2503823637628 ] ] ], [ [ [ 55.313558473166154, 25.240950651236478 ], [ 55.313449209310093, 25.240952684718724 ], [ 55.313449209310093, 25.241042516247138 ], [ 55.313513557416719, 25.241040482771595 ], [ 55.313558473173345, 25.240995567001061 ], [ 55.313558473166154, 25.240950651236478 ] ] ], [ [ [ 55.313524988366112, 25.241668107315654 ], [ 55.313404293545879, 25.241671336946016 ], [ 55.313359377781673, 25.241716252710219 ], [ 55.313359377781673, 25.241761168474429 ], [ 55.31352498838897, 25.241757938845275 ], [ 55.313524988366112, 25.241668107315654 ] ] ], [ [ [ 55.3133046552094, 25.254958030632885 ], [ 55.313304655179756, 25.254913114867104 ], [ 55.313179714724846, 25.254921487386778 ], [ 55.313179714724846, 25.254966403150988 ], [ 55.3133046552094, 25.254958030632885 ] ] ], [ [ [ 55.313089883196447, 25.253394351403774 ], [ 55.313089883196447, 25.253484182932191 ], [ 55.313134798960647, 25.253529098696394 ], [ 55.313293222293915, 25.253521922212002 ], [ 55.313248306429422, 25.253342259170804 ], [ 55.313134798960647, 25.253349435639567 ], [ 55.313089883196447, 25.253394351403774 ] ] ], [ [ [ 55.3133326, 25.2451578 ], [ 55.313366893534372, 25.245154211611343 ], [ 55.313394993528213, 25.245133911604469 ], [ 55.3133462, 25.245121 ], [ 55.3133326, 25.2451578 ] ] ], [ [ [ 55.313259739357825, 25.254823283360082 ], [ 55.313259739328181, 25.254778367594305 ], [ 55.313134798960647, 25.254786740094158 ], [ 55.313134798960647, 25.254831655858364 ], [ 55.313259739357825, 25.254823283360082 ] ] ], [ [ [ 55.31330269845558, 25.251684083697061 ], [ 55.313302698431023, 25.251594252167362 ], [ 55.313212866879347, 25.251504420657962 ], [ 55.313008336942083, 25.251507173342652 ], [ 55.313196833595235, 25.251428441142775 ], [ 55.313186833552507, 25.251384741148687 ], [ 55.313120529842536, 25.251380706359335 ], [ 55.313088533374113, 25.251199341219451 ], [ 55.312982733320936, 25.251140041302957 ], [ 55.3128048, 25.2511779 ], [ 55.3127545, 25.2512818 ], [ 55.3127652, 25.251404 ], [ 55.3128384, 25.2515029 ], [ 55.31295513590387, 25.251512739591146 ], [ 55.31295513590382, 25.251552805071331 ], [ 55.313179714724846, 25.251687552363947 ], [ 55.31330269845558, 25.251684083697061 ] ] ], [ [ [ 55.313288705743368, 25.250887662604612 ], [ 55.3131141, 25.2508971 ], [ 55.313098, 25.2509424 ], [ 55.3131298, 25.2509655 ], [ 55.313280905806259, 25.250948462614545 ], [ 55.313288705743368, 25.250887662604612 ] ] ], [ [ [ 55.31326954625326, 25.240952684718721 ], [ 55.313224630489053, 25.240997600482924 ], [ 55.313224630489053, 25.241042516247138 ], [ 55.313421439731059, 25.241040722014652 ], [ 55.313421439718368, 25.240950890485564 ], [ 55.31326954625326, 25.240952684718721 ] ] ], [ [ [ 55.3122099, 25.2442159 ], [ 55.3117407, 25.2445609 ], [ 55.3124181, 25.2453147 ], [ 55.31267530190545, 25.245287788509835 ], [ 55.312741448623335, 25.245239161594526 ], [ 55.3125183, 25.2454435 ], [ 55.312823, 25.2457901 ], [ 55.312943028015873, 25.245777541054604 ], [ 55.313357727699085, 25.245479240699545 ], [ 55.313328227532296, 25.245309140714795 ], [ 55.313094427281378, 25.245043240892226 ], [ 55.312993606457958, 25.245053790330541 ], [ 55.313144601121515, 25.244942787648029 ], [ 55.312467099598884, 25.244188988751628 ], [ 55.3122099, 25.2442159 ] ] ], [ [ [ 55.313179714724846, 25.251732468128161 ], [ 55.313179714724846, 25.251777383892367 ], [ 55.313270357699061, 25.251772599538075 ], [ 55.313270357682121, 25.251727683772977 ], [ 55.313179714724846, 25.251732468128161 ] ] ], [ [ [ 55.313245207512871, 25.250472673761045 ], [ 55.313179714724846, 25.250474826730386 ], [ 55.313179714724846, 25.250519742494596 ], [ 55.313245207520495, 25.250517589525661 ], [ 55.313245207512871, 25.250472673761045 ] ] ], [ [ [ 55.313201104423825, 25.253611993000302 ], [ 55.313044967432234, 25.253618930224807 ], [ 55.313044967432234, 25.253663845989006 ], [ 55.313201104448389, 25.253656908765798 ], [ 55.313201104423825, 25.253611993000302 ] ] ], [ [ [ 55.313155375985275, 25.250472673773654 ], [ 55.313200291741452, 25.250427758002736 ], [ 55.313200291733828, 25.250382842238135 ], [ 55.313044967432234, 25.25038499520198 ], [ 55.313044967432234, 25.250429910966179 ], [ 55.313089883196447, 25.250474826730393 ], [ 55.313155375985275, 25.250472673773654 ] ] ], [ [ [ 55.313361291633768, 25.238430011512058 ], [ 55.313264, 25.2384336 ], [ 55.313264, 25.2384609 ], [ 55.313361291641485, 25.238457311512459 ], [ 55.313361291633768, 25.238430011512058 ] ] ], [ [ [ 55.313433648714401, 25.23231087190107 ], [ 55.313353148220017, 25.232189972156164 ], [ 55.3128388, 25.2322438 ], [ 55.3121607, 25.2326093 ], [ 55.31218748964065, 25.232649715410655 ], [ 55.311943, 25.2326753 ], [ 55.3118863, 25.2327009 ], [ 55.311872309377023, 25.232744583493893 ], [ 55.3117785, 25.2327544 ], [ 55.3115982, 25.2328605 ], [ 55.3115757, 25.2329221 ], [ 55.3117799, 25.2332463 ], [ 55.312191382191202, 25.233203241020355 ], [ 55.312617681466222, 25.233011839790212 ], [ 55.312479480780588, 25.232802340140225 ], [ 55.312439827603434, 25.232789875917312 ], [ 55.3128725, 25.2328001 ], [ 55.31328398048344, 25.23275703787554 ], [ 55.313290779682795, 25.232521237814122 ], [ 55.312946478268309, 25.232513188364372 ], [ 55.313433648714401, 25.23231087190107 ] ] ], [ [ [ 55.313289139217609, 25.242592517389824 ], [ 55.3131361, 25.2425979 ], [ 55.3131361, 25.2426357 ], [ 55.313289139233632, 25.242630317390677 ], [ 55.313289139217609, 25.242592517389824 ] ] ], [ [ [ 55.312754561945361, 25.242030063672509 ], [ 55.312754561935584, 25.241983235489577 ], [ 55.312685641318581, 25.241985747295459 ], [ 55.3127275, 25.2422037 ], [ 55.31325949524193, 25.24217568713599 ], [ 55.313295895089254, 25.242105587064298 ], [ 55.313295494924574, 25.242027887056267 ], [ 55.313259394880063, 25.242004987117021 ], [ 55.312754561945361, 25.242030063672509 ] ] ], [ [ [ 55.313082362603431, 25.254643381182792 ], [ 55.312910220139621, 25.254651992801541 ], [ 55.312910220139621, 25.254696908565752 ], [ 55.313082362633921, 25.254688296948611 ], [ 55.313082362603431, 25.254643381182792 ] ] ], [ [ [ 55.3132192, 25.237194 ], [ 55.3132192, 25.2372287 ], [ 55.313318936940654, 25.237223317258877 ], [ 55.313318936925938, 25.237188617258106 ], [ 55.3132192, 25.237194 ] ] ], [ [ [ 55.312187734245427, 25.25203214200052 ], [ 55.3120677, 25.2520447 ], [ 55.3119201, 25.252149 ], [ 55.3119883, 25.2522517 ], [ 55.312105916377988, 25.252239395054897 ], [ 55.3120342, 25.2522759 ], [ 55.3120446, 25.2523578 ], [ 55.3123276, 25.2524875 ], [ 55.3124476346702, 25.252474941810952 ], [ 55.312623134567701, 25.252380641662331 ], [ 55.31265873100638, 25.252205224079972 ], [ 55.312932308719141, 25.252204452961003 ], [ 55.312910220139621, 25.252316373062836 ], [ 55.312981429169859, 25.252313622115384 ], [ 55.313026344914071, 25.252223790577887 ], [ 55.31302634490433, 25.252178874813165 ], [ 55.313002519625186, 25.25217979523886 ], [ 55.313084934193391, 25.252026841265735 ], [ 55.313028434086959, 25.251916341306199 ], [ 55.3129084, 25.2519289 ], [ 55.312742800456142, 25.252008188608219 ], [ 55.312742800428744, 25.251951066718682 ], [ 55.312640725554381, 25.251957046949187 ], [ 55.312595809790231, 25.252041394220683 ], [ 55.312514569440992, 25.252048556735243 ], [ 55.312565423784918, 25.252040659112591 ], [ 55.312565423762898, 25.251995743347212 ], [ 55.312475592214788, 25.251950827618256 ], [ 55.312343131293794, 25.251956346347747 ], [ 55.312343131267497, 25.251905672704062 ], [ 55.312191567912315, 25.251912131184977 ], [ 55.312191567912315, 25.252001962713386 ], [ 55.312274333717824, 25.251998435884172 ], [ 55.312346143851485, 25.252117114462301 ], [ 55.312269932160312, 25.252155907809495 ], [ 55.312187734245427, 25.25203214200052 ] ], [ [ 55.312668139882753, 25.252043935789303 ], [ 55.312646182736977, 25.252054448770572 ], [ 55.312614100276875, 25.252046134348078 ], [ 55.312668139882753, 25.252043935789303 ] ] ], [ [ [ 55.3126634, 25.2432324 ], [ 55.313177794840293, 25.243178575237721 ], [ 55.313178594525915, 25.243104475218288 ], [ 55.3128233, 25.2431029 ], [ 55.312823530731833, 25.243123588952205 ], [ 55.312509, 25.2431565 ], [ 55.3125083, 25.2432149 ], [ 55.3125377, 25.2432312 ], [ 55.3126634, 25.2432324 ] ] ], [ [ [ 55.3127357, 25.25107 ], [ 55.3128328, 25.251126 ], [ 55.313011433266681, 25.251086741276669 ], [ 55.313055033154839, 25.250976041235177 ], [ 55.313011483378745, 25.250788041005187 ], [ 55.312906832937088, 25.250748241344571 ], [ 55.3127868, 25.2507608 ], [ 55.3126995, 25.2508347 ], [ 55.312687050772873, 25.250922454236395 ], [ 55.312619833122341, 25.250923581500125 ], [ 55.312566933001918, 25.250795841625319 ], [ 55.312407050462944, 25.250821875441911 ], [ 55.312442439664686, 25.250741570446792 ], [ 55.312397523891256, 25.250696654690127 ], [ 55.312236483676521, 25.250699405551419 ], [ 55.312191567912315, 25.250879068608246 ], [ 55.312307692402818, 25.250876317765115 ], [ 55.312374538150571, 25.250842894883462 ], [ 55.3124617, 25.2510536 ], [ 55.312505978262656, 25.25104896743694 ], [ 55.312505978261761, 25.251148563193471 ], [ 55.312574900694109, 25.251146051512993 ], [ 55.312574900674271, 25.251041756480422 ], [ 55.312657006499364, 25.251013345267975 ], [ 55.312698244732466, 25.251012153187283 ], [ 55.3127357, 25.25107 ] ] ], [ [ [ 55.312984528846471, 25.255003544596374 ], [ 55.312984528818944, 25.254958628830714 ], [ 55.312894697265897, 25.254913713110582 ], [ 55.312730557082787, 25.254921487386785 ], [ 55.312730557082787, 25.255011318915191 ], [ 55.312984528846471, 25.255003544596374 ] ] ], [ [ [ 55.3127841, 25.2370037 ], [ 55.313183719270171, 25.236949940395295 ], [ 55.313119419100929, 25.236775440438759 ], [ 55.312696476616239, 25.236802665353245 ], [ 55.312700391171575, 25.236759711641568 ], [ 55.3125871, 25.2367657 ], [ 55.312588391305937, 25.236799550662905 ], [ 55.3125562, 25.2368022 ], [ 55.3125593, 25.2368709 ], [ 55.3125866350276, 25.236869081873373 ], [ 55.3125619, 25.2368765 ], [ 55.3125714, 25.2370156 ], [ 55.3127841, 25.2370037 ] ], [ [ 55.312663536514982, 25.236809496689808 ], [ 55.3126399, 25.2368241 ], [ 55.312630676495843, 25.236855873660762 ], [ 55.31262249423439, 25.236812329986662 ], [ 55.312663536514982, 25.236809496689808 ] ] ], [ [ [ 55.31296885393661, 25.250608138736446 ], [ 55.312910220139621, 25.250609574023006 ], [ 55.312910220139621, 25.250654489787212 ], [ 55.312968853941697, 25.25065305450093 ], [ 55.31296885393661, 25.250608138736446 ] ] ], [ [ [ 55.312893553730632, 25.254374843527433 ], [ 55.312775472846994, 25.254382498216305 ], [ 55.312775472846994, 25.254427413980519 ], [ 55.312893553757739, 25.254419759293082 ], [ 55.312893553730632, 25.254374843527433 ] ] ], [ [ [ 55.312916543163539, 25.251876717728912 ], [ 55.312863443127426, 25.25178881774556 ], [ 55.31271670000001, 25.2518412 ], [ 55.3127699, 25.2519292 ], [ 55.312916543163539, 25.251876717728912 ] ] ], [ [ [ 55.312788860367398, 25.254017072302027 ], [ 55.312640725554381, 25.254023172102659 ], [ 55.312595809790174, 25.254068087866866 ], [ 55.312595809790174, 25.254157919395276 ], [ 55.312640725554381, 25.254202835159486 ], [ 55.312743944690716, 25.254196735381282 ], [ 55.312833776173662, 25.254106903814858 ], [ 55.312833776152061, 25.254061988049511 ], [ 55.312788860367398, 25.254017072302027 ] ] ], [ [ [ 55.313035485824599, 25.23659214753696 ], [ 55.312910220139621, 25.236595855590746 ], [ 55.312910220139621, 25.236640771354949 ], [ 55.313035485837716, 25.23663706330187 ], [ 55.313035485824599, 25.23659214753696 ] ] ], [ [ [ 55.312931938798222, 25.241893643153478 ], [ 55.312865304375407, 25.241895915767053 ], [ 55.312865304375407, 25.241940831531256 ], [ 55.312931938806258, 25.241938558918108 ], [ 55.312931938798222, 25.241893643153478 ] ] ], [ [ [ 55.312753695247729, 25.251181311844935 ], [ 55.312782195231577, 25.251125711837439 ], [ 55.312749995226824, 25.251107211844687 ], [ 55.3126792, 25.2511253 ], [ 55.3126809, 25.2511727 ], [ 55.312753695247729, 25.251181311844935 ] ] ], [ [ [ 55.3128002, 25.2389341 ], [ 55.3128001, 25.2389683 ], [ 55.312953791791031, 25.238965011615331 ], [ 55.312953891781341, 25.238930711614795 ], [ 55.3128002, 25.2389341 ] ] ], [ [ [ 55.312595809790174, 25.251552805071338 ], [ 55.312640725554381, 25.251597720835534 ], [ 55.312772854698551, 25.251593295447531 ], [ 55.312772854667216, 25.251503463917462 ], [ 55.312595809790174, 25.251507889307131 ], [ 55.312595809790174, 25.251552805071338 ] ] ], [ [ [ 55.31294649124758, 25.23704161158825 ], [ 55.3127458, 25.2370763 ], [ 55.3127633, 25.2371529 ], [ 55.31296399126893, 25.237118111585303 ], [ 55.31294649124758, 25.23704161158825 ] ] ], [ [ [ 55.31294908332324, 25.236322294126587 ], [ 55.312865304375407, 25.236326361005506 ], [ 55.312865304375407, 25.236371276769713 ], [ 55.312949083337621, 25.236367209891551 ], [ 55.31294908332324, 25.236322294126587 ] ] ], [ [ [ 55.312746992587009, 25.241770311705658 ], [ 55.312874992548217, 25.241639811673775 ], [ 55.312799392532192, 25.241579111690559 ], [ 55.3127651, 25.2415827 ], [ 55.312637, 25.2417131 ], [ 55.3127127, 25.2417739 ], [ 55.312746992587009, 25.241770311705658 ] ] ], [ [ [ 55.312518222671933, 25.25419685507255 ], [ 55.312371230969148, 25.254202835159486 ], [ 55.312371230969148, 25.254247750923685 ], [ 55.312550894025975, 25.254382498216305 ], [ 55.312652970045903, 25.25437651808133 ], [ 55.31269788578782, 25.254331602298489 ], [ 55.312697885745479, 25.254241770767834 ], [ 55.312518222671933, 25.25419685507255 ] ] ], [ [ [ 55.312897020750754, 25.238431740707497 ], [ 55.3124631, 25.238448 ], [ 55.312466, 25.2386495 ], [ 55.312899720949837, 25.238633140715841 ], [ 55.312897020750754, 25.238431740707497 ] ] ], [ [ [ 55.312502216863145, 25.251368836303357 ], [ 55.312416146733348, 25.251373142014504 ], [ 55.312416146733348, 25.251462973542917 ], [ 55.312461062497555, 25.251507889307124 ], [ 55.312547132672279, 25.251503583585787 ], [ 55.312547132658594, 25.251463107611368 ], [ 55.3125552, 25.2514849 ], [ 55.312710342986321, 25.251448117791629 ], [ 55.312626642892276, 25.251222017815927 ], [ 55.312461062497555, 25.251238394721891 ], [ 55.312416146733348, 25.251283310486095 ], [ 55.312416146733348, 25.251328226250301 ], [ 55.312496322421474, 25.251325853244847 ], [ 55.312540801984461, 25.251446006493833 ], [ 55.312502216863145, 25.251368836303357 ] ] ], [ [ [ 55.312595809790174, 25.250429910966176 ], [ 55.312371230969148, 25.250519742494596 ], [ 55.312371230969148, 25.250609574023002 ], [ 55.312569184739516, 25.250607660357733 ], [ 55.312703932017506, 25.250517828811805 ], [ 55.312703932010727, 25.250472913047233 ], [ 55.312659016240119, 25.25042799728827 ], [ 55.312595809790174, 25.250429910966176 ] ] ], [ [ [ 55.312831819400031, 25.24099640437344 ], [ 55.312775472846994, 25.24099760048292 ], [ 55.312775472846994, 25.241042516247131 ], [ 55.312831819404259, 25.241041320137874 ], [ 55.312831819400031, 25.24099640437344 ] ] ], [ [ [ 55.312845535880932, 25.238749180805932 ], [ 55.312845535862309, 25.238659349276539 ], [ 55.3124935, 25.2386637 ], [ 55.3124943, 25.2387016 ], [ 55.312651352622481, 25.238696269444738 ], [ 55.312640725554481, 25.238719557844625 ], [ 55.3124826, 25.238732099999989 ], [ 55.3124834, 25.2388119 ], [ 55.312645421127186, 25.238799040932612 ], [ 55.312657706906158, 25.238768793629703 ], [ 55.312685641318581, 25.238796728036828 ], [ 55.312800620126524, 25.238794096578335 ], [ 55.312845535880932, 25.238749180805932 ] ] ], [ [ [ 55.31247, 25.2419253 ], [ 55.312795792628407, 25.241919311696481 ], [ 55.312794992605376, 25.241837811695447 ], [ 55.31276489259853, 25.241812011702098 ], [ 55.3124689, 25.2418177 ], [ 55.31247, 25.2419253 ] ] ], [ [ [ 55.31287673443628, 25.233270892887987 ], [ 55.312730557082787, 25.233272089039499 ], [ 55.312730557082787, 25.233361920567908 ], [ 55.312831818680763, 25.233360724420336 ], [ 55.312876734440515, 25.233315808652417 ], [ 55.31287673443628, 25.233270892887987 ] ] ], [ [ [ 55.311539550080745, 25.241669064536516 ], [ 55.311539550064666, 25.241579233007254 ], [ 55.31147291568503, 25.241581505417603 ], [ 55.31138308415661, 25.241671336946016 ], [ 55.311383084156653, 25.241759183214167 ], [ 55.3111306, 25.2417856 ], [ 55.3111306, 25.2418477 ], [ 55.311459157586604, 25.241820044239006 ], [ 55.3113803, 25.2419012 ], [ 55.3115161, 25.24212 ], [ 55.311607951727474, 25.24216533674829 ], [ 55.3115414, 25.2421723 ], [ 55.3114513, 25.2422386 ], [ 55.3115913, 25.2423943 ], [ 55.312046431167992, 25.242346679362125 ], [ 55.31204638963775, 25.242402776115615 ], [ 55.3117279, 25.2424361 ], [ 55.3116781, 25.2424733 ], [ 55.3117139, 25.2425125 ], [ 55.311777631031063, 25.242505831828744 ], [ 55.3117075, 25.2425572 ], [ 55.3117453, 25.2426002 ], [ 55.312046258312535, 25.242580148298412 ], [ 55.3120462, 25.2426589 ], [ 55.312693296272947, 25.242632188180167 ], [ 55.312693391456669, 25.242503270103761 ], [ 55.312740192793633, 25.242500911718185 ], [ 55.312739892767574, 25.24240871171688 ], [ 55.312693459538799, 25.24241105155469 ], [ 55.312693482105345, 25.242380483410788 ], [ 55.312739692758953, 25.242378211716463 ], [ 55.312739492735361, 25.242294711715271 ], [ 55.312693543706331, 25.242297036685095 ], [ 55.312693595413876, 25.242226988134156 ], [ 55.312166195075683, 25.24224117597954 ], [ 55.312146409648307, 25.242219187642725 ], [ 55.31225209269919, 25.242141111826928 ], [ 55.312219692691137, 25.242110911834054 ], [ 55.312108967944745, 25.242177577152116 ], [ 55.312506185174421, 25.241755623531574 ], [ 55.31223338497562, 25.241389623648192 ], [ 55.312072184910882, 25.241266623719895 ], [ 55.3120036, 25.2412738 ], [ 55.311533597051906, 25.24174343521409 ], [ 55.311457184452344, 25.241751430200861 ], [ 55.311539550080745, 25.241669064536516 ] ] ], [ [ [ 55.3123762, 25.2540346 ], [ 55.3123969, 25.2540678 ], [ 55.312448344101277, 25.254062417942258 ], [ 55.312542144078854, 25.254014517908267 ], [ 55.312561995107096, 25.253927480065531 ], [ 55.312416146733348, 25.253933340574246 ], [ 55.312371230969148, 25.253978256338449 ], [ 55.312371230969148, 25.254023172102663 ], [ 55.312400914308277, 25.254021979376798 ], [ 55.3123762, 25.2540346 ] ] ], [ [ [ 55.312502543163738, 25.251855417873688 ], [ 55.312566043148621, 25.25182311785068 ], [ 55.312527843123441, 25.251761717862699 ], [ 55.3124129, 25.2517995 ], [ 55.3124511, 25.2518608 ], [ 55.312502543163738, 25.251855417873688 ] ] ], [ [ [ 55.312505647087114, 25.253254939626924 ], [ 55.312416146733348, 25.253259604111165 ], [ 55.312416146733348, 25.253304519875364 ], [ 55.312505647103627, 25.253299855392008 ], [ 55.312505647087114, 25.253254939626924 ] ] ], [ [ [ 55.312267192260471, 25.240589811800184 ], [ 55.3121997, 25.2406018 ], [ 55.3121698, 25.2407426 ], [ 55.3124227, 25.2407968 ], [ 55.312462737815579, 25.240771244629556 ], [ 55.312648223079364, 25.240772641033715 ], [ 55.312671522989611, 25.240683141009953 ], [ 55.312488856290294, 25.240671384124315 ], [ 55.312267192260471, 25.240589811800184 ] ] ], [ [ [ 55.312326315204935, 25.254831655858361 ], [ 55.312281399440728, 25.254876571622571 ], [ 55.312281399440728, 25.254966403150988 ], [ 55.312371230969148, 25.255011318915194 ], [ 55.312467591234515, 25.255005936871875 ], [ 55.312422675395084, 25.254826273826787 ], [ 55.312326315204935, 25.254831655858361 ] ] ], [ [ [ 55.312669391793044, 25.238957111681692 ], [ 55.3124849, 25.2389619 ], [ 55.3124854, 25.2390147 ], [ 55.31266989180795, 25.239009911682377 ], [ 55.312669391793044, 25.238957111681692 ] ] ], [ [ [ 55.3124164, 25.243859 ], [ 55.312510393182862, 25.243865711792346 ], [ 55.312523693164877, 25.243802811788296 ], [ 55.3124297, 25.2437961 ], [ 55.3124164, 25.243859 ] ] ], [ [ [ 55.31210310226966, 25.253838626646065 ], [ 55.3120896, 25.2538634 ], [ 55.312239244037812, 25.253901818012018 ], [ 55.312344543953486, 25.253708617970727 ], [ 55.3121949, 25.2536702 ], [ 55.31210369183195, 25.25383754494354 ], [ 55.31210369179761, 25.253748773967843 ], [ 55.311966989091289, 25.25375367751743 ], [ 55.311966989091289, 25.253843509045833 ], [ 55.31210310226966, 25.253838626646065 ] ] ], [ [ [ 55.312191567912315, 25.254202835159486 ], [ 55.312289071042244, 25.254197333560896 ], [ 55.312333986785937, 25.254152417779544 ], [ 55.312333986746978, 25.25406258624907 ], [ 55.312146652148115, 25.254068087866866 ], [ 55.312146652148115, 25.254157919395272 ], [ 55.312191567912315, 25.254202835159486 ] ] ], [ [ [ 55.312452293237804, 25.244057011808799 ], [ 55.3123935, 25.2440594 ], [ 55.31239260000001, 25.2440743 ], [ 55.312451393242036, 25.244071911809232 ], [ 55.312452293237804, 25.244057011808799 ] ] ], [ [ [ 55.312316838437049, 25.25312114919404 ], [ 55.312316838423918, 25.253076233429148 ], [ 55.312271922647277, 25.253031317675095 ], [ 55.312191567912315, 25.253035025290128 ], [ 55.312191567912315, 25.253169772582744 ], [ 55.312271922686662, 25.253166064969804 ], [ 55.312316838437049, 25.25312114919404 ] ] ], [ [ [ 55.312286784374251, 25.25356875204853 ], [ 55.312191567912315, 25.2535740144606 ], [ 55.312191567912315, 25.253618930224803 ], [ 55.312286784392882, 25.25361366781372 ], [ 55.312286784374251, 25.25356875204853 ] ] ], [ [ [ 55.312515928402057, 25.236814693112468 ], [ 55.312515928361442, 25.236724861581909 ], [ 55.312246433782612, 25.236724861682713 ], [ 55.311832241798676, 25.236775518647566 ], [ 55.31183224179911, 25.236803159928169 ], [ 55.311333259038115, 25.236817854049651 ], [ 55.311288343259299, 25.236771332615504 ], [ 55.311158505335584, 25.236775518647562 ], [ 55.311113589571505, 25.236840011306743 ], [ 55.311064, 25.2368452 ], [ 55.311071377814493, 25.237010586051273 ], [ 55.3107623, 25.2370387 ], [ 55.31076430000001, 25.2371556 ], [ 55.310936044413566, 25.237151745174181 ], [ 55.310774, 25.2371687 ], [ 55.3107773, 25.2372753 ], [ 55.311974184885386, 25.237222288833703 ], [ 55.311966562670491, 25.236865350380487 ], [ 55.312416146733348, 25.236865350175975 ], [ 55.31247101265923, 25.236859608894544 ], [ 55.312515928402057, 25.236814693112468 ] ] ], [ [ [ 55.311494, 25.2443011 ], [ 55.3116329, 25.2444539 ], [ 55.311890100167901, 25.244426989790302 ], [ 55.312391899321256, 25.244054088868371 ], [ 55.312253099012771, 25.243901289094634 ], [ 55.3119959, 25.2439282 ], [ 55.311494, 25.2443011 ] ] ], [ [ [ 55.311697494506049, 25.254472329744726 ], [ 55.311607662977643, 25.254562161273132 ], [ 55.311607662977643, 25.254607077037342 ], [ 55.311877157562876, 25.254831655858361 ], [ 55.311972374553406, 25.254826393581787 ], [ 55.31206220604259, 25.254736562020572 ], [ 55.312062206007553, 25.254651837137239 ], [ 55.312243012266038, 25.25464661082896 ], [ 55.312243012208867, 25.25451186353332 ], [ 55.312056820619702, 25.254517245508932 ], [ 55.312056820620093, 25.254639549994028 ], [ 55.311927458641115, 25.254467067475655 ], [ 55.311697494506049, 25.254472329744726 ] ] ], [ [ [ 55.312185843436396, 25.252481417998862 ], [ 55.312056489185935, 25.25252522660513 ], [ 55.312056489173003, 25.252491371757152 ], [ 55.311966989091289, 25.252496036119656 ], [ 55.311922073327082, 25.252540951883862 ], [ 55.311922073327082, 25.252585867648076 ], [ 55.312056489206036, 25.252581203287317 ], [ 55.31205648919488, 25.252549597508491 ], [ 55.312099676497098, 25.252628639599251 ], [ 55.312011904855503, 25.252675699176475 ], [ 55.312011904855503, 25.252720614940685 ], [ 55.312142891213234, 25.2527163093546 ], [ 55.312142891192778, 25.252654734351299 ], [ 55.312247843493587, 25.252619517980207 ], [ 55.31222584345192, 25.252520117985696 ], [ 55.312185843436396, 25.252481417998862 ] ] ], [ [ [ 55.312228149995057, 25.252761703496137 ], [ 55.312146652148115, 25.252765530704885 ], [ 55.312146652148115, 25.252810446469098 ], [ 55.3122281500086, 25.252806619261065 ], [ 55.312228149995057, 25.252761703496137 ] ] ], [ [ [ 55.312225863653047, 25.252896689991591 ], [ 55.312101736383909, 25.252900277997512 ], [ 55.312101736383909, 25.252945193761715 ], [ 55.312225863665752, 25.252941605756465 ], [ 55.312225863653047, 25.252896689991591 ] ] ], [ [ [ 55.312236483676521, 25.240997600482928 ], [ 55.312236483676521, 25.241087432011341 ], [ 55.312386091008491, 25.241085877114926 ], [ 55.312386091002985, 25.241040961350432 ], [ 55.312341175233563, 25.240996045590482 ], [ 55.312236483676521, 25.240997600482928 ] ] ], [ [ [ 55.3120657, 25.2471292 ], [ 55.3118352, 25.2473 ], [ 55.3119623, 25.2474723 ], [ 55.3120341, 25.2475209 ], [ 55.312133594213087, 25.247489811934717 ], [ 55.312298794171411, 25.247351111894005 ], [ 55.312169094126837, 25.247186611921865 ], [ 55.312099994110611, 25.247125611937122 ], [ 55.3120657, 25.2471292 ] ] ], [ [ [ 55.308657230553337, 25.246398712206638 ], [ 55.3086685, 25.2464361 ], [ 55.308925704701451, 25.246409195212355 ], [ 55.309433304379418, 25.246283994307959 ], [ 55.309501304206648, 25.246206094179929 ], [ 55.309483127169038, 25.246145852905066 ], [ 55.310207208308661, 25.245980331666591 ], [ 55.3102399, 25.2460888 ], [ 55.310497103789892, 25.246061892417131 ], [ 55.310773013279146, 25.245993819218228 ], [ 55.3102506, 25.2461265 ], [ 55.3103092, 25.2463102 ], [ 55.3103902, 25.2463553 ], [ 55.310647404338248, 25.246328392183475 ], [ 55.311180903974666, 25.246184991231626 ], [ 55.311553203377152, 25.245922790549184 ], [ 55.311557651943225, 25.245885625828976 ], [ 55.3116552, 25.2459931 ], [ 55.311912403429091, 25.245966189924054 ], [ 55.312271402823718, 25.245699589264465 ], [ 55.312004102229089, 25.24540508970021 ], [ 55.311848758965631, 25.245421342856528 ], [ 55.311932702143338, 25.245360889820468 ], [ 55.311697801603827, 25.245094090202493 ], [ 55.3114406, 25.245121 ], [ 55.3110929, 25.2453714 ], [ 55.311186285057246, 25.245477467155968 ], [ 55.3109028, 25.2455182 ], [ 55.3107463, 25.2456829 ], [ 55.310765946617586, 25.245703787924423 ], [ 55.3106301, 25.245718 ], [ 55.3102335, 25.2458341 ], [ 55.31022003121317, 25.245858521440667 ], [ 55.310068402315196, 25.245343893088332 ], [ 55.310023902224096, 25.245298593161287 ], [ 55.3097667, 25.2453255 ], [ 55.3092246, 25.245468 ], [ 55.3091876, 25.2455381 ], [ 55.309262738095839, 25.245788103440468 ], [ 55.3090907, 25.2458061 ], [ 55.3083639, 25.2459944 ], [ 55.3084239, 25.2461839 ], [ 55.308681104193887, 25.246156995612992 ], [ 55.3093235806206, 25.245990541201653 ], [ 55.309343293075052, 25.246056129159818 ], [ 55.308786961669128, 25.246172348877991 ], [ 55.308781104173839, 25.246152795437133 ], [ 55.3085239, 25.2461797 ], [ 55.308373, 25.2462167 ], [ 55.3084346, 25.246422 ], [ 55.308657230553337, 25.246398712206638 ] ], [ [ 55.311492427635997, 25.245620976073997 ], [ 55.311395741139755, 25.245692777048045 ], [ 55.3111537, 25.2457181 ], [ 55.311011232489065, 25.245821274141623 ], [ 55.310960251154825, 25.245767720565173 ], [ 55.311095303069443, 25.245753591333287 ], [ 55.311217215838099, 25.245665623065737 ], [ 55.311492427635997, 25.245620976073997 ] ], [ [ 55.310776785033667, 25.245984269308035 ], [ 55.310787743608735, 25.245983122835398 ], [ 55.310778465103901, 25.245989842230298 ], [ 55.310776785033667, 25.245984269308035 ] ] ], [ [ [ 55.312277791891198, 25.239283811778144 ], [ 55.312334291865909, 25.23919731176364 ], [ 55.31229599186068, 25.239176811772289 ], [ 55.3119693, 25.2392453 ], [ 55.3119796, 25.2392998 ], [ 55.312277791891198, 25.239283811778144 ] ] ], [ [ [ 55.312061062943094, 25.255006176209733 ], [ 55.31210597868813, 25.254961260429504 ], [ 55.312105978669919, 25.254916344664331 ], [ 55.311922073327082, 25.254921487386781 ], [ 55.311877157562876, 25.254966403150988 ], [ 55.311877157562876, 25.255011318915187 ], [ 55.312061062943094, 25.255006176209733 ] ] ], [ [ [ 55.3107997, 25.2549286 ], [ 55.31083060000001, 25.2549535 ], [ 55.311294985004942, 25.25490492111598 ], [ 55.3112693, 25.2549311 ], [ 55.311431372616077, 25.255058878410498 ], [ 55.3112753, 25.2551307 ], [ 55.3115623, 25.2556409 ], [ 55.312090096453687, 25.255410112063455 ], [ 55.311816746845935, 25.25492427401122 ], [ 55.311877237097107, 25.254896442404828 ], [ 55.311612936907125, 25.254690642610441 ], [ 55.3114929, 25.2547032 ], [ 55.311402438307397, 25.25479540149054 ], [ 55.311406244406726, 25.254771084056134 ], [ 55.311357344390906, 25.25476478422631 ], [ 55.310927930283647, 25.254809705151846 ], [ 55.310933696290739, 25.254773212324444 ], [ 55.311413844200935, 25.254722984018656 ], [ 55.311420344025102, 25.254681883986624 ], [ 55.311371344009309, 25.254675584157141 ], [ 55.3108569, 25.2547294 ], [ 55.3108356, 25.2548646 ], [ 55.311379119780263, 25.254819168456503 ], [ 55.311354006335321, 25.25484476484322 ], [ 55.3108339, 25.254894 ], [ 55.3107997, 25.2549286 ] ] ], [ [ [ 55.312191567912315, 25.238527233451592 ], [ 55.312308832781483, 25.238524362858577 ], [ 55.312308832761168, 25.238434531329091 ], [ 55.312191567912315, 25.238437401923189 ], [ 55.312191567912315, 25.238527233451592 ] ] ], [ [ [ 55.311900832704964, 25.251860039538023 ], [ 55.311787326034462, 25.25186721542077 ], [ 55.31165257874185, 25.252046878477604 ], [ 55.31165257874185, 25.252091794241803 ], [ 55.311855917069124, 25.252084618386792 ], [ 55.311945748569457, 25.252039702579225 ], [ 55.311990664285482, 25.25195599512293 ], [ 55.312123125205204, 25.251950110164085 ], [ 55.312123125156084, 25.251860278633067 ], [ 55.312011904855503, 25.251867215420774 ], [ 55.311979664757828, 25.251899455523397 ], [ 55.311900832704964, 25.251860039538023 ] ] ], [ [ [ 55.311882542784723, 25.254242488665106 ], [ 55.311711055825455, 25.254156745265792 ], [ 55.31206844408316, 25.253999718074155 ], [ 55.311984844022021, 25.253851218100145 ], [ 55.311663679870392, 25.25398082703877 ], [ 55.311663679824086, 25.253882564643451 ], [ 55.31147291568503, 25.253888424810036 ], [ 55.31138308415661, 25.253978256338453 ], [ 55.31138308415661, 25.254068087866862 ], [ 55.311608407320705, 25.254031130131398 ], [ 55.311622329550154, 25.254055860425655 ], [ 55.3114817, 25.254091 ], [ 55.3115341, 25.2541859 ], [ 55.311585008045363, 25.25418057433367 ], [ 55.31151783144923, 25.254382498216309 ], [ 55.311742410270256, 25.254427413980512 ], [ 55.311882542859252, 25.254422151725866 ], [ 55.311882542784723, 25.254242488665106 ] ], [ [ 55.311673392256843, 25.254154286840819 ], [ 55.311676857237806, 25.254152718786564 ], [ 55.311677608807713, 25.254154053810467 ], [ 55.311673392256843, 25.254154286840819 ] ] ], [ [ [ 55.312146652148115, 25.243108641400607 ], [ 55.31221785919103, 25.243105890484415 ], [ 55.312217859161834, 25.242971143190243 ], [ 55.312146652148115, 25.242973894107987 ], [ 55.312101736383909, 25.243018809872197 ], [ 55.312101736383909, 25.243063725636404 ], [ 55.312146652148115, 25.243108641400607 ] ] ], [ [ [ 55.312191567912315, 25.238392486158979 ], [ 55.312263916987348, 25.238389615572746 ], [ 55.312263916977194, 25.238344699807996 ], [ 55.312191567912315, 25.238347570394772 ], [ 55.312191567912315, 25.238392486158979 ] ] ], [ [ [ 55.312208714100173, 25.24099580639189 ], [ 55.312056820619702, 25.240997600482928 ], [ 55.312056820619702, 25.241087432011341 ], [ 55.31220871411287, 25.241085637920968 ], [ 55.312208714100173, 25.24099580639189 ] ] ], [ [ [ 55.312157095454872, 25.239392832255575 ], [ 55.312223291921789, 25.239389211792467 ], [ 55.312223091914248, 25.239362511792113 ], [ 55.312155181225549, 25.239366130485763 ], [ 55.31215259190612, 25.239330011808107 ], [ 55.3119308, 25.2393447 ], [ 55.3119367, 25.2394269 ], [ 55.312158491929281, 25.239412311807968 ], [ 55.312157095454872, 25.239392832255575 ] ] ], [ [ [ 55.312236991593473, 25.238228211771887 ], [ 55.3120603, 25.2382338 ], [ 55.3120428, 25.2382802 ], [ 55.312237791606456, 25.238274211772382 ], [ 55.312236991593473, 25.238228211771887 ] ] ], [ [ [ 55.312056820619702, 25.238482317687392 ], [ 55.312056820619702, 25.238527233451599 ], [ 55.312174085490469, 25.238524362883769 ], [ 55.312174085480315, 25.238479447119037 ], [ 55.312056820619702, 25.238482317687392 ] ] ], [ [ [ 55.311970087173663, 25.252401181458588 ], [ 55.311832241798676, 25.252406204591249 ], [ 55.311832241798676, 25.252451120355452 ], [ 55.311970087191447, 25.252446097223743 ], [ 55.311970087173663, 25.252401181458588 ] ] ], [ [ [ 55.311879111991558, 25.251188575427513 ], [ 55.31196894350078, 25.251143659633669 ], [ 55.311968943483421, 25.251098743868546 ], [ 55.311832241798676, 25.251103647429272 ], [ 55.311787326034462, 25.251148563193471 ], [ 55.311787326034462, 25.251193478957688 ], [ 55.311879111991558, 25.251188575427513 ] ] ], [ [ [ 55.312115691573652, 25.240385088940766 ], [ 55.3117113, 25.2404169 ], [ 55.3116898, 25.240499 ], [ 55.3118585, 25.2405139 ], [ 55.312115691789664, 25.240486988952213 ], [ 55.312115691573652, 25.240385088940766 ] ] ], [ [ [ 55.3118252, 25.240209 ], [ 55.312082391147037, 25.240182088976365 ], [ 55.312081190857818, 25.240045588963142 ], [ 55.3117302, 25.2400732 ], [ 55.3117314, 25.2402097 ], [ 55.3118252, 25.240209 ] ] ], [ [ [ 55.311742410270256, 25.252181625770216 ], [ 55.311787326034462, 25.252226541534419 ], [ 55.311892830612415, 25.252220202849166 ], [ 55.31189283056753, 25.252130371318369 ], [ 55.311742410270256, 25.252136710005999 ], [ 55.311742410270256, 25.252181625770216 ] ] ], [ [ [ 55.3111543, 25.253058 ], [ 55.311274335296069, 25.253045442801426 ], [ 55.311344143141433, 25.252878826260442 ], [ 55.311453, 25.2529153 ], [ 55.311573035139254, 25.252902742549402 ], [ 55.311748435043988, 25.252815742401239 ], [ 55.311763206196666, 25.252764796821975 ], [ 55.311877969408961, 25.252760746804583 ], [ 55.311877969392022, 25.252715831039481 ], [ 55.31183305356096, 25.252536167993075 ], [ 55.311785385936396, 25.252538683759482 ], [ 55.311790134694853, 25.252465242348723 ], [ 55.31161472862761, 25.252461246228769 ], [ 55.311562334617342, 25.252374942530494 ], [ 55.3113868, 25.252415 ], [ 55.311460691515038, 25.252536714712523 ], [ 55.311381393232452, 25.252577922159368 ], [ 55.311334934748672, 25.25249564272298 ], [ 55.311163889870244, 25.252495741775931 ], [ 55.311163889734665, 25.252221279477997 ], [ 55.311118973952802, 25.252176363728214 ], [ 55.311023758042964, 25.252181625770216 ], [ 55.310973577614291, 25.252221770191685 ], [ 55.310889010750344, 25.252226541534416 ], [ 55.310889010750344, 25.252271457298626 ], [ 55.310913172825991, 25.252270094056918 ], [ 55.310754263457731, 25.252406204591239 ], [ 55.310709347693518, 25.252496036119656 ], [ 55.310664431929318, 25.252765530704899 ], [ 55.310797128931021, 25.252803444230299 ], [ 55.310841, 25.2528758 ], [ 55.310998998401324, 25.252859271665603 ], [ 55.3108711, 25.2529301 ], [ 55.3109318, 25.253023 ], [ 55.3111543, 25.253058 ] ] ], [ [ [ 55.311916020648837, 25.235962968280536 ], [ 55.31209568367386, 25.235873136702995 ], [ 55.312095683645097, 25.235783305173065 ], [ 55.311877157562876, 25.235787371835027 ], [ 55.311787326034462, 25.23587720336344 ], [ 55.311787326034462, 25.235967034891857 ], [ 55.311916020648837, 25.235962968280536 ] ] ], [ [ [ 55.31051, 25.2431462 ], [ 55.3108621, 25.24355 ], [ 55.310985236537533, 25.243537117097013 ], [ 55.3109136, 25.2435897 ], [ 55.3112564, 25.2439718 ], [ 55.31151359918772, 25.24394489039647 ], [ 55.311984598402006, 25.2435990895316 ], [ 55.311641897630118, 25.243216990089696 ], [ 55.311508616851647, 25.243230934964149 ], [ 55.311587697539899, 25.243171590179646 ], [ 55.311242196743962, 25.242777990741342 ], [ 55.310985, 25.2428049 ], [ 55.31051, 25.2431462 ] ] ], [ [ [ 55.311312, 25.2441075 ], [ 55.3114313, 25.2442394 ], [ 55.311465593303033, 25.244235812042202 ], [ 55.311977893188235, 25.243856711916731 ], [ 55.311858693152722, 25.243724811942634 ], [ 55.3118244, 25.2437284 ], [ 55.311312, 25.2441075 ] ] ], [ [ [ 55.311877157562876, 25.238886559565245 ], [ 55.311877157562876, 25.238931475329455 ], [ 55.312038195231075, 25.238928724397518 ], [ 55.312038195211606, 25.238838892868067 ], [ 55.311922073327082, 25.238841643801038 ], [ 55.311877157562876, 25.238886559565245 ] ] ], [ [ [ 55.311607662977643, 25.251328226250305 ], [ 55.311562747213436, 25.251373142014504 ], [ 55.311562747213436, 25.251462973542928 ], [ 55.311849057645816, 25.25145651525791 ], [ 55.31184905762295, 25.251411599492496 ], [ 55.311787481937934, 25.251370549104283 ], [ 55.311842198537484, 25.251367401315861 ], [ 55.311842198496834, 25.251277569785298 ], [ 55.311742410270256, 25.251283310486095 ], [ 55.311742410270732, 25.251340501343392 ], [ 55.311607662977643, 25.251328226250305 ] ] ], [ [ [ 55.311922073327082, 25.238751812272628 ], [ 55.311994422486563, 25.238748941741097 ], [ 55.311994422435781, 25.238524362917371 ], [ 55.311922073327082, 25.238527233451599 ], [ 55.311877157562876, 25.238617064980016 ], [ 55.311877157562876, 25.238706896508429 ], [ 55.311922073327082, 25.238751812272628 ] ] ], [ [ [ 55.311922073327082, 25.239066222622068 ], [ 55.311877157562876, 25.239111138386274 ], [ 55.311877157562876, 25.239200969914691 ], [ 55.311981848902192, 25.239199415047011 ], [ 55.311981848885686, 25.23906466775351 ], [ 55.311922073327082, 25.239066222622068 ] ] ], [ [ [ 55.311877157562876, 25.237404339346444 ], [ 55.311877157562876, 25.237449255110658 ], [ 55.312003566558779, 25.237445427713332 ], [ 55.312003566545236, 25.237400511948408 ], [ 55.311877157562876, 25.237404339346444 ] ] ], [ [ [ 55.311942648762489, 25.241040363375848 ], [ 55.311877157562876, 25.241042516247134 ], [ 55.311877157562876, 25.241132347775547 ], [ 55.311942648777723, 25.241130194905065 ], [ 55.311942648762489, 25.241040363375848 ] ] ], [ [ [ 55.311847101610439, 25.239199415060657 ], [ 55.31184710160494, 25.239154499296152 ], [ 55.311802185835518, 25.239109583536209 ], [ 55.311742410270256, 25.239111138386274 ], [ 55.311697494506049, 25.239156054150484 ], [ 55.3117129, 25.239328 ], [ 55.311875821676381, 25.239313741589328 ], [ 55.311870721568724, 25.239204641587786 ], [ 55.311847101610439, 25.239199415060657 ] ] ], [ [ [ 55.311694520210878, 25.237822641659527 ], [ 55.3115745, 25.2378352 ], [ 55.31156395137134, 25.237865511632425 ], [ 55.311562820221887, 25.237826841767518 ], [ 55.3113467, 25.2378418 ], [ 55.3113515, 25.2380058 ], [ 55.311567620383954, 25.237990941772189 ], [ 55.311566346056225, 25.237947377159887 ], [ 55.311752620318636, 25.237934641617858 ], [ 55.3117524260864, 25.237884412978939 ], [ 55.311887720249388, 25.237871741504023 ], [ 55.31188722019936, 25.237821141501783 ], [ 55.311694520210878, 25.237822641659527 ] ] ], [ [ [ 55.311851673960874, 25.239827757347939 ], [ 55.311742410270256, 25.239829790613573 ], [ 55.311742410270256, 25.239874706377776 ], [ 55.311851673968064, 25.239872673112526 ], [ 55.311851673960874, 25.239827757347939 ] ] ], [ [ [ 55.311809044574986, 25.24117499108565 ], [ 55.311742410270256, 25.24117726353975 ], [ 55.311742410270256, 25.241222179303961 ], [ 55.311809044583029, 25.241219906850279 ], [ 55.311809044574986, 25.24117499108565 ] ] ], [ [ [ 55.3117276, 25.2389925 ], [ 55.311729, 25.2390547 ], [ 55.311817437747926, 25.239048617826413 ], [ 55.311816037721584, 25.238986417825508 ], [ 55.3117276, 25.2389925 ] ] ], [ [ [ 55.311822585067816, 25.237300389108285 ], [ 55.311822384955498, 25.237247389102677 ], [ 55.31145750000001, 25.2372751 ], [ 55.3114578, 25.2373178 ], [ 55.311511, 25.2373272 ], [ 55.311822585067816, 25.237300389108285 ] ] ], [ [ [ 55.311720356111607, 25.241085039967412 ], [ 55.311607662977643, 25.241087432011337 ], [ 55.311607662977643, 25.24113234777554 ], [ 55.31172035612007, 25.241129955732063 ], [ 55.311720356111607, 25.241085039967412 ] ] ], [ [ [ 55.31143620000001, 25.2403821 ], [ 55.311693391557377, 25.240355189677938 ], [ 55.311693591467041, 25.240312589672804 ], [ 55.3113331, 25.2403391 ], [ 55.311333, 25.2403818 ], [ 55.31143620000001, 25.2403821 ] ] ], [ [ [ 55.311675440424033, 25.2414892818563 ], [ 55.311562747213436, 25.241491673889193 ], [ 55.311562747213436, 25.241536589653396 ], [ 55.311675440432488, 25.241534197620958 ], [ 55.311675440424033, 25.2414892818563 ] ] ], [ [ [ 55.3102444, 25.240442 ], [ 55.310249, 25.2406024 ], [ 55.3107157, 25.2405915 ], [ 55.310972892081601, 25.240564590964915 ], [ 55.31097232552942, 25.240544836991564 ], [ 55.311661691859591, 25.240496089749353 ], [ 55.311660291753114, 25.240445789746161 ], [ 55.310970628562941, 25.24048566886929 ], [ 55.310968291742086, 25.240404190954958 ], [ 55.3102444, 25.240442 ] ] ], [ [ [ 55.311423243389662, 25.252331118263058 ], [ 55.311483743374183, 25.252297818241086 ], [ 55.311450543353921, 25.25224831825161 ], [ 55.3113386, 25.2522869 ], [ 55.3113718, 25.2523365 ], [ 55.311423243389662, 25.252331118263058 ] ] ], [ [ [ 55.311488588430997, 25.251591382300688 ], [ 55.311443672645538, 25.251546466553854 ], [ 55.311338168392403, 25.251552805071334 ], [ 55.311293252628204, 25.25159772083553 ], [ 55.31124833686399, 25.251777383892364 ], [ 55.31139875699472, 25.251771045399387 ], [ 55.311488588453443, 25.251636298066089 ], [ 55.311488588430997, 25.251591382300688 ] ] ], [ [ [ 55.311227475166781, 25.240459702031753 ], [ 55.311631491729401, 25.240433089795236 ], [ 55.311630791616075, 25.240379589790454 ], [ 55.3112268, 25.2404081 ], [ 55.3112059, 25.2404618 ], [ 55.311227475166781, 25.240459702031753 ] ] ], [ [ [ 55.311293252628204, 25.254427413980515 ], [ 55.311293252628204, 25.254472329744718 ], [ 55.311382753449621, 25.254467665625565 ], [ 55.311382753433108, 25.254422749860488 ], [ 55.311293252628204, 25.254427413980515 ] ] ], [ [ [ 55.31147291568503, 25.241356926596577 ], [ 55.31147291568503, 25.24140184236078 ], [ 55.311540693115816, 25.241399450348002 ], [ 55.311540693107354, 25.241354534583348 ], [ 55.31147291568503, 25.241356926596577 ] ] ], [ [ [ 55.311540693048102, 25.241040124230761 ], [ 55.311540693031176, 25.240950292701452 ], [ 55.31138308415661, 25.240952684718724 ], [ 55.31138308415661, 25.241042516247134 ], [ 55.311427999920816, 25.241087432011337 ], [ 55.311495777292812, 25.241085040002424 ], [ 55.311540693048102, 25.241040124230761 ] ] ], [ [ [ 55.31148032157855, 25.239194041906696 ], [ 55.3111964, 25.2392263 ], [ 55.3111987, 25.2392827 ], [ 55.311375321657913, 25.239268741996533 ], [ 55.311374331404757, 25.23923588996713 ], [ 55.311543121594973, 25.239213941856352 ], [ 55.311542221573255, 25.239191941855939 ], [ 55.31148032157855, 25.239194041906696 ] ] ], [ [ [ 55.3112577, 25.240867 ], [ 55.311514892605196, 25.240840090045424 ], [ 55.311511792405845, 25.240745890040277 ], [ 55.3110052, 25.2407795 ], [ 55.3110082, 25.2408737 ], [ 55.3112577, 25.240867 ] ] ], [ [ [ 55.311212845154223, 25.254937084772067 ], [ 55.3106351, 25.2549862 ], [ 55.3105933, 25.2550313 ], [ 55.3107021, 25.2551116 ], [ 55.311216545665538, 25.25505778478621 ], [ 55.311280445352139, 25.25498728454615 ], [ 55.311212845154223, 25.254937084772067 ] ] ], [ [ [ 55.311203421099783, 25.251867215420774 ], [ 55.311203421099783, 25.25191213118498 ], [ 55.311306639171093, 25.251906031920036 ], [ 55.311306639149507, 25.251861116154675 ], [ 55.311203421099783, 25.251867215420774 ] ] ], [ [ [ 55.311450861554434, 25.241219787303383 ], [ 55.31138308415661, 25.241222179303957 ], [ 55.31138308415661, 25.241267095068167 ], [ 55.311450861562896, 25.24126470306804 ], [ 55.311450861554434, 25.241219787303383 ] ] ], [ [ [ 55.311435137882029, 25.23934481796713 ], [ 55.3112333, 25.2393539 ], [ 55.3112615, 25.2402928 ], [ 55.311463338279445, 25.24028371797834 ], [ 55.311435137882029, 25.23934481796713 ] ] ], [ [ [ 55.311085743732932, 25.25340512733494 ], [ 55.311068673807171, 25.253484182932191 ], [ 55.311279203203426, 25.253525869698482 ], [ 55.311279203169128, 25.253391122404036 ], [ 55.311234287394086, 25.253346206648679 ], [ 55.311113589571377, 25.253349435639571 ], [ 55.311101859717205, 25.253372895363061 ], [ 55.311066405789326, 25.253302625278771 ], [ 55.311146742234534, 25.253256135954519 ], [ 55.311191657961253, 25.253121388649785 ], [ 55.311068673807171, 25.253124856818534 ], [ 55.311023758042964, 25.253169772582748 ], [ 55.31102375804403, 25.253218096856074 ], [ 55.310923448901832, 25.253019282265694 ], [ 55.3107227, 25.2530658 ], [ 55.3109118, 25.2534406 ], [ 55.311085743732932, 25.25340512733494 ] ] ], [ [ [ 55.311293252628204, 25.241940831531249 ], [ 55.31124833686399, 25.242075578823865 ], [ 55.31136217327748, 25.242073067246825 ], [ 55.311362173250814, 25.241938319952791 ], [ 55.311293252628204, 25.241940831531249 ] ] ], [ [ [ 55.3113517923694, 25.240927012019259 ], [ 55.3110184, 25.2409373 ], [ 55.3110196, 25.2409828 ], [ 55.311352992382275, 25.240972612019657 ], [ 55.3113517923694, 25.240927012019259 ] ] ], [ [ [ 55.3110971, 25.2415987 ], [ 55.3112248, 25.2417294 ], [ 55.31132963887498, 25.241681318056628 ], [ 55.311202038822415, 25.241550618098444 ], [ 55.3110971, 25.2415987 ] ] ], [ [ [ 55.31113645357032, 25.253751285690996 ], [ 55.311068673807171, 25.253753677517423 ], [ 55.311068673807171, 25.253798593281633 ], [ 55.31113645357879, 25.253796201455661 ], [ 55.31113645357032, 25.253751285690996 ] ] ], [ [ [ 55.311280592308592, 25.240708112032632 ], [ 55.311279392294587, 25.240658512032169 ], [ 55.3109983, 25.240667 ], [ 55.3109995, 25.2407166 ], [ 55.311280592308592, 25.240708112032632 ] ] ], [ [ [ 55.311182510009239, 25.240995088923974 ], [ 55.311068673807171, 25.240997600482924 ], [ 55.311068673807171, 25.241042516247134 ], [ 55.311113589571377, 25.241087432011334 ], [ 55.31118251002701, 25.241084920453343 ], [ 55.311182510009239, 25.240995088923974 ] ] ], [ [ [ 55.310505, 25.2485788 ], [ 55.310762209040696, 25.248551892231976 ], [ 55.311041108859861, 25.24848129173483 ], [ 55.310977208429058, 25.248274791823718 ], [ 55.31072, 25.2483017 ], [ 55.3104411, 25.2483723 ], [ 55.310505, 25.2485788 ] ] ], [ [ [ 55.311128519405436, 25.234219944767958 ], [ 55.311213419262344, 25.234152744620605 ], [ 55.311175819188811, 25.234113944678601 ], [ 55.3109335, 25.2341393 ], [ 55.3108487, 25.2342065 ], [ 55.3108862, 25.2342453 ], [ 55.311128519405436, 25.234219944767958 ] ] ], [ [ [ 55.310844178459057, 25.234130590467561 ], [ 55.310852984611657, 25.234083397562575 ], [ 55.311181365617919, 25.234033265000665 ], [ 55.311181365592539, 25.233898517706702 ], [ 55.311092875707203, 25.233900396028428 ], [ 55.311074277729453, 25.233798390026831 ], [ 55.31090237740738, 25.233818696650452 ], [ 55.310916836504525, 25.23374120864931 ], [ 55.311168077529977, 25.233709189852366 ], [ 55.311138377222413, 25.233562489887944 ], [ 55.311049186149738, 25.233572840501481 ], [ 55.311043577146727, 25.233521790049572 ], [ 55.3107327, 25.2335535 ], [ 55.310737859958437, 25.233599681630032 ], [ 55.31033, 25.2336335 ], [ 55.3101856, 25.2336621 ], [ 55.310180822021024, 25.233685209232274 ], [ 55.3099459, 25.2337084 ], [ 55.3099537, 25.2340336 ], [ 55.310112026624957, 25.234017944750502 ], [ 55.3099511, 25.2340463 ], [ 55.3099567, 25.2342635 ], [ 55.310528257404279, 25.234208482514283 ], [ 55.310527417839417, 25.234175332859866 ], [ 55.310844178459057, 25.234130590467561 ] ] ], [ [ [ 55.310430248619404, 25.248364323756594 ], [ 55.310966308332297, 25.248228591837638 ], [ 55.310819407404537, 25.247783392045285 ], [ 55.3105622, 25.2478103 ], [ 55.310046831834782, 25.24794083776392 ], [ 55.310039097124118, 25.247916747201089 ], [ 55.310200207720641, 25.247899893144492 ], [ 55.310806307323304, 25.247744392063879 ], [ 55.310737106863193, 25.247523792160475 ], [ 55.3104799, 25.2475507 ], [ 55.309964036961098, 25.247682964030336 ], [ 55.309939259134204, 25.24760579056516 ], [ 55.310710006688723, 25.247440092198605 ], [ 55.310643306223902, 25.247217392290565 ], [ 55.3103861, 25.2472443 ], [ 55.309864285611091, 25.247372276120441 ], [ 55.309852422436286, 25.247335326696682 ], [ 55.3100248065047, 25.247317293386654 ], [ 55.310623906126388, 25.247170392319322 ], [ 55.310558105668044, 25.246950792410047 ], [ 55.3103009, 25.2469777 ], [ 55.309778736723281, 25.247105822344373 ], [ 55.309763991242342, 25.247059895405105 ], [ 55.309957105923552, 25.2470396934742 ], [ 55.310542805537636, 25.246888492429889 ], [ 55.310485605159769, 25.24670729250985 ], [ 55.3102284, 25.2467342 ], [ 55.3096427, 25.2468854 ], [ 55.309669246048728, 25.246969493490074 ], [ 55.3094, 25.2469954 ], [ 55.3086343, 25.2472065 ], [ 55.3086168, 25.2472732 ], [ 55.3089115, 25.2482117 ], [ 55.309168708439799, 25.24818479498585 ], [ 55.309753937956486, 25.248034513217309 ], [ 55.3097647, 25.2480593 ], [ 55.310000651489936, 25.24803461713519 ], [ 55.3101155, 25.2484058 ], [ 55.310340960445494, 25.248382214169283 ], [ 55.310121, 25.2484321 ], [ 55.3101872, 25.2486559 ], [ 55.310495794547393, 25.248585912334168 ], [ 55.310430248619404, 25.248364323756594 ] ] ], [ [ [ 55.311046619663664, 25.241129955837081 ], [ 55.310978842278757, 25.24113234777554 ], [ 55.310978842278757, 25.241222179303961 ], [ 55.311046619680589, 25.241219787366393 ], [ 55.311046619663664, 25.241129955837081 ] ] ], [ [ [ 55.311001703933762, 25.241309618902701 ], [ 55.310956788161533, 25.241264703145053 ], [ 55.310889010750344, 25.24126709506816 ], [ 55.310844094986138, 25.241312010832363 ], [ 55.310844094986138, 25.24135692659658 ], [ 55.311001703942225, 25.241354534667366 ], [ 55.311001703933762, 25.241309618902701 ] ] ], [ [ [ 55.310861378154613, 25.240726890884911 ], [ 55.3102535, 25.2407631 ], [ 55.3102589, 25.2409293 ], [ 55.310991192768945, 25.240889790969366 ], [ 55.31098579241722, 25.240723590960162 ], [ 55.310942138085046, 25.24072474884591 ], [ 55.310940792306042, 25.240681212111674 ], [ 55.3108602, 25.2406859 ], [ 55.310861378154613, 25.240726890884911 ] ] ], [ [ [ 55.3101662, 25.2392046 ], [ 55.3101672, 25.2392425 ], [ 55.310563124010145, 25.239203168130636 ], [ 55.3102627, 25.2392346 ], [ 55.3103092, 25.2403638 ], [ 55.310950583156178, 25.240305682403914 ], [ 55.310904378379171, 25.23917648231215 ], [ 55.310715957330636, 25.239187177698337 ], [ 55.310714978308624, 25.239149882970406 ], [ 55.3101662, 25.2392046 ] ] ], [ [ [ 55.310736997755143, 25.238101278368809 ], [ 55.310924337364391, 25.238096918118231 ], [ 55.310923637354392, 25.238073318117948 ], [ 55.310302, 25.238083 ], [ 55.3103022, 25.2381103 ], [ 55.310736997755143, 25.238101278368809 ] ] ], [ [ [ 55.308689420610719, 25.243633400925276 ], [ 55.308689420576776, 25.243602714841817 ], [ 55.309043031126961, 25.243589082726054 ], [ 55.309132862602056, 25.243544166879463 ], [ 55.309121110508208, 25.243475747092994 ], [ 55.309309398387917, 25.243451794206749 ], [ 55.309300398326577, 25.24342239421922 ], [ 55.309104671635211, 25.243442869431295 ], [ 55.308953199314111, 25.243319588205281 ], [ 55.308751856215594, 25.243331253362623 ], [ 55.308741939616844, 25.243294919000526 ], [ 55.3086467, 25.24331 ], [ 55.3086592, 25.2433558 ], [ 55.308728405589726, 25.243344841442031 ], [ 55.308652596770102, 25.243534363512421 ], [ 55.308509757413368, 25.243498653791292 ], [ 55.308279521092032, 25.243498654105512 ], [ 55.308432439693952, 25.243460519112812 ], [ 55.308420439677519, 25.243421119116135 ], [ 55.308014401841163, 25.243512883278463 ], [ 55.308014401841163, 25.243647630571083 ], [ 55.308100348132008, 25.243715992416838 ], [ 55.3078899, 25.2437603 ], [ 55.307897580398524, 25.243784357801577 ], [ 55.3076126, 25.2438287 ], [ 55.3076194, 25.2438501 ], [ 55.307876240447392, 25.243823234301583 ], [ 55.307891195196085, 25.243870129489185 ], [ 55.3077718, 25.2438847 ], [ 55.3077808, 25.243929 ], [ 55.307910097769515, 25.24392940423985 ], [ 55.3077371, 25.2439475 ], [ 55.3077263, 25.2439946 ], [ 55.307791728270665, 25.244006810216892 ], [ 55.3076924, 25.2440172 ], [ 55.3076605, 25.2441525 ], [ 55.3079296, 25.2442045 ], [ 55.308028410608358, 25.24419416422797 ], [ 55.3080864, 25.2442498 ], [ 55.308298739878474, 25.244201463198618 ], [ 55.308328812190602, 25.244231535505758 ], [ 55.308643362392644, 25.244217425513103 ], [ 55.308688278071187, 25.244141693032454 ], [ 55.308866797990326, 25.244127713351354 ], [ 55.308866797920537, 25.24406402959626 ], [ 55.309063099669885, 25.244043494705252 ], [ 55.309251499476318, 25.243962094365678 ], [ 55.309235130360527, 25.243931089498357 ], [ 55.309358399371334, 25.243918194173258 ], [ 55.309643474556353, 25.243725042688968 ], [ 55.3098133, 25.243916 ], [ 55.310070499230306, 25.243889092921094 ], [ 55.310183861445211, 25.243832105012288 ], [ 55.310193323745551, 25.243946720893295 ], [ 55.3101602, 25.243971 ], [ 55.3103801, 25.2442255 ], [ 55.310637299823362, 25.244198591961826 ], [ 55.310837999474671, 25.244044691592549 ], [ 55.310717886331943, 25.24391657165647 ], [ 55.310827422329474, 25.243909471164052 ], [ 55.310827422302388, 25.24386455539841 ], [ 55.310709347693518, 25.243872209392112 ], [ 55.310709347693603, 25.2439074638154 ], [ 55.310528998810291, 25.243715092097425 ], [ 55.310291657924076, 25.243723000245279 ], [ 55.310441998597362, 25.243610092238203 ], [ 55.310395493160527, 25.243557762801537 ], [ 55.310514154877382, 25.243550025604112 ], [ 55.310514154849869, 25.243505109838445 ], [ 55.310394937344086, 25.243512883278459 ], [ 55.310394937344086, 25.243557137378374 ], [ 55.310232798121582, 25.24337469257863 ], [ 55.3099756, 25.2434016 ], [ 55.309907149860003, 25.243456845970762 ], [ 55.309768633154768, 25.243456846080914 ], [ 55.309896693076482, 25.243351912395827 ], [ 55.309839593061213, 25.243294912408334 ], [ 55.3096054, 25.2434623 ], [ 55.309609453264706, 25.243489883632073 ], [ 55.309464, 25.2435051 ], [ 55.309297973769837, 25.243637452537158 ], [ 55.309258098697242, 25.243594994312815 ], [ 55.3090009, 25.2436219 ], [ 55.3088517, 25.2436559 ], [ 55.3088109, 25.2436864 ], [ 55.308844527964013, 25.243723232330517 ], [ 55.308647996062774, 25.243736962755488 ], [ 55.308689420610719, 25.243633400925276 ] ], [ [ 55.309057179920003, 25.243755510441307 ], [ 55.309073904558709, 25.243773332442526 ], [ 55.309028549376627, 25.243776860886037 ], [ 55.309057179920003, 25.243755510441307 ] ], [ [ 55.308733054068455, 25.244006956684728 ], [ 55.308770345556972, 25.244003055718981 ], [ 55.308788732045322, 25.244037881891998 ], [ 55.308688277966638, 25.244047159346973 ], [ 55.308688277920794, 25.24400695669156 ], [ 55.308733054068455, 25.244006956684728 ] ], [ [ 55.308339516883805, 25.243852660265368 ], [ 55.308553391011827, 25.243862812483169 ], [ 55.308568793916642, 25.243903015217555 ], [ 55.308355543914217, 25.243902895851594 ], [ 55.308339516883805, 25.243852660265368 ] ] ], [ [ [ 55.310817468261725, 25.234259958289975 ], [ 55.310811269733584, 25.234218987959562 ], [ 55.310085, 25.2343055 ], [ 55.3100933, 25.2343596 ], [ 55.310799179222045, 25.234275602524527 ], [ 55.310799179221931, 25.234305151616237 ], [ 55.310956786849871, 25.234302759623596 ], [ 55.310956786841416, 25.234257843858931 ], [ 55.310817468261725, 25.234259958289975 ] ] ], [ [ [ 55.309929965641821, 25.2504647876323 ], [ 55.31060906525223, 25.250303686503521 ], [ 55.31072526493093, 25.250147486296893 ], [ 55.310469363466396, 25.249394186636845 ], [ 55.3102293, 25.2494193 ], [ 55.3093487, 25.2496366 ], [ 55.3095858, 25.2504341 ], [ 55.3096246, 25.2504771 ], [ 55.3096899, 25.2504899 ], [ 55.309929965641821, 25.2504647876323 ] ] ], [ [ [ 55.310881815336302, 25.236861403451481 ], [ 55.310881815322347, 25.236816487686536 ], [ 55.310799179221931, 25.236820434411776 ], [ 55.310799179221931, 25.236865350175979 ], [ 55.310881815336302, 25.236861403451481 ] ] ], [ [ [ 55.310856837332956, 25.238019218140156 ], [ 55.310855337316113, 25.237979418139787 ], [ 55.3107006, 25.2379882 ], [ 55.3107021, 25.2380282 ], [ 55.310856837332956, 25.238019218140156 ] ] ], [ [ [ 55.3098273, 25.2421195 ], [ 55.3096883, 25.2422188 ], [ 55.3100421, 25.2426239 ], [ 55.310556492844945, 25.242570084295117 ], [ 55.31070519236107, 25.242463783749663 ], [ 55.3106017919037, 25.24235048408686 ], [ 55.310568460746374, 25.2423539712637 ], [ 55.310728795659315, 25.24223939158118 ], [ 55.310704895604104, 25.242212091620026 ], [ 55.31065566936099, 25.242217241815631 ], [ 55.310710695532016, 25.242178391606064 ], [ 55.310377494751037, 25.241792492147024 ], [ 55.310203912992684, 25.2418106524146 ], [ 55.310222793341062, 25.241775796457148 ], [ 55.310332094629942, 25.241732992219951 ], [ 55.31019599432372, 25.241581392441581 ], [ 55.310065273378662, 25.241595068467927 ], [ 55.309941094079065, 25.241452592874108 ], [ 55.30968390000001, 25.2414795 ], [ 55.3092962, 25.241756 ], [ 55.3095894, 25.2420923 ], [ 55.309846595388734, 25.242065393108724 ], [ 55.309904433461242, 25.242024159029754 ], [ 55.30994909232664, 25.242075868027481 ], [ 55.3098273, 25.2421195 ] ] ], [ [ [ 55.310061157677865, 25.253900564199277 ], [ 55.309892502902592, 25.253952732250312 ], [ 55.30993399604511, 25.253852212544501 ], [ 55.309899196028901, 25.253793112551758 ], [ 55.3097925, 25.2537904 ], [ 55.3096655, 25.2538515 ], [ 55.3097719, 25.2540326 ], [ 55.309881621059418, 25.253979094156978 ], [ 55.3099001, 25.254009 ], [ 55.31009659345181, 25.253957785696205 ], [ 55.310297, 25.2542814 ], [ 55.310459696139276, 25.254212812426939 ], [ 55.310135195995862, 25.253688712494981 ], [ 55.3099725, 25.2537574 ], [ 55.310061157677865, 25.253900564199277 ] ] ], [ [ [ 55.310393010048529, 25.249007692930832 ], [ 55.310306909499722, 25.248744393052267 ], [ 55.310227309433948, 25.248709193187928 ], [ 55.3099701, 25.2487361 ], [ 55.3096359, 25.2488257 ], [ 55.309640832747583, 25.248843443373808 ], [ 55.3091788, 25.2489471 ], [ 55.3091345, 25.2490143 ], [ 55.3093011, 25.249538 ], [ 55.309506868974239, 25.24951647559763 ], [ 55.310481310614698, 25.249279292806452 ], [ 55.310405510101219, 25.249033192911771 ], [ 55.310222969756843, 25.249052288745876 ], [ 55.310393010048529, 25.249007692930832 ] ], [ [ 55.309829744143975, 25.249131538340922 ], [ 55.309889694247978, 25.249125267059473 ], [ 55.30983234097873, 25.249139719658761 ], [ 55.309829744143975, 25.249131538340922 ] ] ], [ [ [ 55.310294486024205, 25.253615342681432 ], [ 55.310170358523052, 25.253618930224803 ], [ 55.310170358523052, 25.253663845989006 ], [ 55.310294486036909, 25.253660258446306 ], [ 55.310294486024205, 25.253615342681432 ] ] ], [ [ [ 55.310325393471949, 25.244773312316891 ], [ 55.310371393461729, 25.244739612305622 ], [ 55.310259393427515, 25.244612712329907 ], [ 55.3101027, 25.2446461 ], [ 55.3101154, 25.2446885 ], [ 55.310325393471949, 25.244773312316891 ] ] ], [ [ [ 55.31038545586896, 25.236906558531434 ], [ 55.310385455855844, 25.236861642766531 ], [ 55.310305105815665, 25.236865350175972 ], [ 55.310305105815665, 25.236910265940185 ], [ 55.31038545586896, 25.236906558531434 ] ] ], [ [ [ 55.310420253927134, 25.233382382707234 ], [ 55.310400153767603, 25.233343682768997 ], [ 55.3098429, 25.2334157 ], [ 55.3098629, 25.2334544 ], [ 55.310420253927134, 25.233382382707234 ] ] ], [ [ [ 55.309336476234918, 25.2535014389242 ], [ 55.3093865, 25.2535351 ], [ 55.309448523915492, 25.253528612323848 ], [ 55.3094486, 25.2536215 ], [ 55.3096693, 25.2537536 ], [ 55.309703596019624, 25.253750012596864 ], [ 55.310057295961187, 25.25356201251131 ], [ 55.310076295942807, 25.253498012505908 ], [ 55.310048995907003, 25.253370012510377 ], [ 55.309989089133659, 25.253289145046256 ], [ 55.310128935566176, 25.253258043750336 ], [ 55.310015135399354, 25.25308354383435 ], [ 55.3098565, 25.2531167 ], [ 55.309955878219611, 25.25326886475009 ], [ 55.30969869584122, 25.253119012588552 ], [ 55.3095672, 25.2531237 ], [ 55.309515668261511, 25.253153534172988 ], [ 55.309525018774188, 25.253075894910889 ], [ 55.309217717136434, 25.253081189749665 ], [ 55.309165718767154, 25.253053695538735 ], [ 55.308872, 25.2530825 ], [ 55.3087768, 25.2531584 ], [ 55.308785717829501, 25.253177721971902 ], [ 55.308654271207502, 25.253194550752617 ], [ 55.308683234387928, 25.253165587548125 ], [ 55.308683234358284, 25.253075756018145 ], [ 55.308463559483222, 25.253079941054331 ], [ 55.308418643719079, 25.253131355092357 ], [ 55.3083502, 25.2531431 ], [ 55.3083468, 25.2531722 ], [ 55.308433958734952, 25.253185087603743 ], [ 55.3083019, 25.2531989 ], [ 55.308259, 25.2532177 ], [ 55.308273593860584, 25.253244997326796 ], [ 55.3081923, 25.2532535 ], [ 55.3081353, 25.253345 ], [ 55.3081609202587, 25.253399367680775 ], [ 55.3081218, 25.2534082 ], [ 55.3081485, 25.253473 ], [ 55.308192138520788, 25.253465614583849 ], [ 55.3082287, 25.2535432 ], [ 55.308864206972714, 25.253462056479343 ], [ 55.3092183, 25.2535138 ], [ 55.309336476234918, 25.2535014389242 ] ], [ [ 55.308966627187608, 25.253267428375278 ], [ 55.308965513303285, 25.253268600702999 ], [ 55.308965164624432, 25.253267606160325 ], [ 55.308966627187608, 25.253267428375278 ] ], [ [ 55.308535519204781, 25.25322689666385 ], [ 55.308569147252157, 25.253212159822752 ], [ 55.308611139448459, 25.253211154209044 ], [ 55.308574316017719, 25.253260964183017 ], [ 55.308473980738519, 25.25323333320069 ], [ 55.308535519204781, 25.25322689666385 ] ] ], [ [ [ 55.310294481300332, 25.236906678146401 ], [ 55.310294481287642, 25.236861762381519 ], [ 55.310215274287259, 25.236865350175975 ], [ 55.310215274287259, 25.236910265940185 ], [ 55.310294481300332, 25.236906678146401 ] ] ], [ [ [ 55.309990593350577, 25.244326412388475 ], [ 55.3098705, 25.2443369 ], [ 55.3099449, 25.2445957 ], [ 55.310173793409312, 25.244543812348898 ], [ 55.309990593350577, 25.244326412388475 ] ] ], [ [ [ 55.3100662, 25.2448026 ], [ 55.310120793483406, 25.244803112365179 ], [ 55.310128193473943, 25.244770012362952 ], [ 55.3100746, 25.2447682 ], [ 55.3100662, 25.2448026 ] ] ], [ [ [ 55.3100444, 25.244732 ], [ 55.3100509, 25.2447535 ], [ 55.310119793465724, 25.24474051236448 ], [ 55.310093593459015, 25.244715412370223 ], [ 55.3100444, 25.244732 ] ] ], [ [ [ 55.3100375, 25.2447056 ], [ 55.31009209345639, 25.244706012370436 ], [ 55.310099493446941, 25.244673012368207 ], [ 55.3100459, 25.2446712 ], [ 55.3100375, 25.2447056 ] ] ], [ [ [ 55.308098, 25.2403996 ], [ 55.3084762, 25.2408229 ], [ 55.308521572350486, 25.240818153607208 ], [ 55.3084681, 25.2408567 ], [ 55.3088244, 25.2412611 ], [ 55.308909665313699, 25.241252180244935 ], [ 55.3088637, 25.2412862 ], [ 55.3090438, 25.2414853 ], [ 55.309300994162648, 25.241458393997263 ], [ 55.309767493378892, 25.241113193140372 ], [ 55.309650093116801, 25.240983393331657 ], [ 55.309391322083044, 25.241010937581834 ], [ 55.309578392897315, 25.240876093445323 ], [ 55.309520243648713, 25.2408100597548 ], [ 55.309736792686969, 25.240785193157329 ], [ 55.309962392274755, 25.24060259274118 ], [ 55.309991492159796, 25.240549892684236 ], [ 55.309880399073833, 25.240480882840615 ], [ 55.310131691942154, 25.240454592427664 ], [ 55.310163691713669, 25.240348492359633 ], [ 55.310136291193551, 25.240101692379934 ], [ 55.309692191262727, 25.240110993159735 ], [ 55.309435, 25.2401379 ], [ 55.309431, 25.2402442 ], [ 55.309783895147881, 25.240433020964971 ], [ 55.309618491810646, 25.240365593317584 ], [ 55.3093613, 25.2403925 ], [ 55.309234721632983, 25.240485822564825 ], [ 55.309123572153858, 25.240481911136047 ], [ 55.309173892028888, 25.240445194106197 ], [ 55.308918791451219, 25.240159294521366 ], [ 55.3086616, 25.2401862 ], [ 55.308462354776573, 25.240331565176888 ], [ 55.308424410343569, 25.240289095861399 ], [ 55.3082198, 25.2403105 ], [ 55.308098, 25.2403996 ] ] ], [ [ [ 55.3100239, 25.2446573 ], [ 55.310078493442958, 25.2446578123729 ], [ 55.310085893433495, 25.244624712370669 ], [ 55.3100323, 25.2446229 ], [ 55.3100239, 25.2446573 ] ] ], [ [ [ 55.310131589405614, 25.239257992293311 ], [ 55.310116888554077, 25.238855492273846 ], [ 55.309256, 25.2388898 ], [ 55.3092329, 25.2389558 ], [ 55.3092425, 25.2392269 ], [ 55.309272, 25.2392954 ], [ 55.310131589405614, 25.239257992293311 ] ] ], [ [ [ 55.309196757600553, 25.238662347538785 ], [ 55.3092008, 25.2387636 ], [ 55.310102188265958, 25.238718792284249 ], [ 55.310094287908193, 25.238549592279082 ], [ 55.310056987819713, 25.238505892339571 ], [ 55.3091924, 25.2385532 ], [ 55.309193208308351, 25.23857344620664 ], [ 55.3088177, 25.2386028 ], [ 55.3088055, 25.2386552 ], [ 55.3089592, 25.2386872 ], [ 55.309196757600553, 25.238662347538785 ] ] ], [ [ [ 55.3087196, 25.2453625 ], [ 55.308976802419203, 25.245335595001954 ], [ 55.309360591141491, 25.245228814464159 ], [ 55.309676285117256, 25.245188751203294 ], [ 55.309676285116787, 25.24521968231829 ], [ 55.309817222972804, 25.245209637176981 ], [ 55.309996885951044, 25.245119805527157 ], [ 55.309996885915488, 25.245074889761067 ], [ 55.309951970117595, 25.24502997402438 ], [ 55.309811032409399, 25.245040019261467 ], [ 55.309747037460298, 25.245082682593807 ], [ 55.309739901748969, 25.245059593632519 ], [ 55.3094827, 25.2450865 ], [ 55.3091454, 25.2451715 ], [ 55.30915755928681, 25.245210757127765 ], [ 55.3087027, 25.2453077 ], [ 55.3087196, 25.2453625 ] ], [ [ 55.3093541, 25.2451983 ], [ 55.309298807508604, 25.245212400651731 ], [ 55.309295735096903, 25.245202438107746 ], [ 55.309366197500111, 25.245195067047923 ], [ 55.3093541, 25.2451983 ] ] ], [ [ [ 55.309330587855662, 25.238484693610904 ], [ 55.309330682273689, 25.238463722967587 ], [ 55.310075987641454, 25.238422792296916 ], [ 55.310065586936361, 25.238089592277685 ], [ 55.3091886, 25.2381296 ], [ 55.309198728845722, 25.238452480846583 ], [ 55.3090414, 25.238467 ], [ 55.309028, 25.2385411 ], [ 55.309330487918622, 25.23851439361442 ], [ 55.309330587855662, 25.238484693610904 ] ] ], [ [ [ 55.310058285994387, 25.237644792240484 ], [ 55.3095182, 25.2376803 ], [ 55.3095317, 25.2380443 ], [ 55.3097652, 25.23806 ], [ 55.310071786762713, 25.238007992257646 ], [ 55.310058285994387, 25.237644792240484 ] ] ], [ [ [ 55.310019272483622, 25.241039526523661 ], [ 55.310019272473042, 25.240994610758893 ], [ 55.30997435669881, 25.240949695002886 ], [ 55.309811032409399, 25.240952684718717 ], [ 55.309811032409399, 25.241177263539754 ], [ 55.309974356751709, 25.241174273826712 ], [ 55.310019272483622, 25.241039526523661 ] ] ], [ [ [ 55.3088564, 25.2444261 ], [ 55.308865418626731, 25.24445521198102 ], [ 55.308487798940654, 25.244526490695957 ], [ 55.308759293403213, 25.244447912678233 ], [ 55.30874919339378, 25.244414012680089 ], [ 55.307979872826536, 25.244600445398316 ], [ 55.30795623852736, 25.244553176898854 ], [ 55.308477939485016, 25.244432485503832 ], [ 55.308470049282356, 25.244406777449772 ], [ 55.308733993374609, 25.244345412682616 ], [ 55.30872129336295, 25.244303512684962 ], [ 55.3078318, 25.244505 ], [ 55.307843084010074, 25.244541969166395 ], [ 55.30778982302013, 25.244545945855197 ], [ 55.30778982302013, 25.244635777383611 ], [ 55.307834738784337, 25.244680693147824 ], [ 55.308085334216017, 25.244649095300382 ], [ 55.3082525, 25.2451979 ], [ 55.308533299630916, 25.245165114264758 ], [ 55.3084302, 25.2451895 ], [ 55.3083951, 25.2452157 ], [ 55.3084206, 25.2452436 ], [ 55.308593193612992, 25.245181212728085 ], [ 55.308557260398004, 25.245159142182342 ], [ 55.308663455691573, 25.245132673565816 ], [ 55.3086308, 25.2451532 ], [ 55.308684993609994, 25.245175412706526 ], [ 55.308719993603248, 25.245153412698009 ], [ 55.308671948087991, 25.245130556876976 ], [ 55.30913840171992, 25.245014294682392 ], [ 55.30912910845241, 25.244983773024412 ], [ 55.309676285116971, 25.244868995033666 ], [ 55.309676285116787, 25.244950187733053 ], [ 55.309867854109328, 25.244939544621523 ], [ 55.309867854071655, 25.244894628855317 ], [ 55.309822938271758, 25.244849713120285 ], [ 55.309724066515308, 25.244856888573366 ], [ 55.309957301169632, 25.244797793221792 ], [ 55.309798500100655, 25.244285293442683 ], [ 55.309739200012707, 25.244240693541666 ], [ 55.309482, 25.2442676 ], [ 55.3088564, 25.2444261 ] ] ], [ [ [ 55.309965693965658, 25.241400392825089 ], [ 55.309994093874096, 25.241358692770607 ], [ 55.3097369, 25.2413856 ], [ 55.309698, 25.2414165 ], [ 55.309965693965658, 25.241400392825089 ] ] ], [ [ [ 55.307205918085451, 25.242839146815371 ], [ 55.307315795484236, 25.242837050037494 ], [ 55.3074207, 25.2431759 ], [ 55.307876670662999, 25.243098641741391 ], [ 55.307889110706938, 25.243134801877936 ], [ 55.30749260000001, 25.2432142 ], [ 55.307508, 25.2432622 ], [ 55.307765198100768, 25.243235296890564 ], [ 55.308202197847969, 25.243138996113327 ], [ 55.308170997659779, 25.24304859615787 ], [ 55.308006153688417, 25.243065839510269 ], [ 55.308045797688969, 25.243055796378247 ], [ 55.308034380158759, 25.243018947152436 ], [ 55.308752182595299, 25.242834173174867 ], [ 55.308765008711958, 25.242866199984668 ], [ 55.3087015, 25.2429128 ], [ 55.3087483, 25.2429649 ], [ 55.308798431310883, 25.242949656127291 ], [ 55.3089077, 25.2430679 ], [ 55.3095082, 25.2432992 ], [ 55.309765397956546, 25.243272293386831 ], [ 55.309912797700328, 25.243159193115609 ], [ 55.309938797584849, 25.243106093064043 ], [ 55.309357596247132, 25.242444594008926 ], [ 55.3091004, 25.2424715 ], [ 55.3086743, 25.2426397 ], [ 55.308691233333207, 25.242681982657672 ], [ 55.3084473, 25.2427075 ], [ 55.307975677734255, 25.242829489133214 ], [ 55.308284592925453, 25.242733012763512 ], [ 55.308271792915356, 25.242696612765961 ], [ 55.307959705742697, 25.242777940538495 ], [ 55.307943617062882, 25.242726015298512 ], [ 55.308367796762468, 25.242635695766264 ], [ 55.308328475549693, 25.242504089123333 ], [ 55.308574096406012, 25.242478395386776 ], [ 55.308847997331242, 25.242408580742627 ], [ 55.308858, 25.2424416 ], [ 55.309263296116221, 25.242377894166804 ], [ 55.309224995853135, 25.24225179421979 ], [ 55.308996704018881, 25.242275676315014 ], [ 55.309163295763341, 25.242206194322854 ], [ 55.309051895510947, 25.242081294504167 ], [ 55.308870799569128, 25.242100239191398 ], [ 55.308847795485548, 25.24205859485955 ], [ 55.3085906, 25.2420855 ], [ 55.3082728, 25.242229 ], [ 55.3083212, 25.2423168 ], [ 55.308578396005906, 25.242289895358024 ], [ 55.30877391170587, 25.242201639285003 ], [ 55.308829753702071, 25.242264248467627 ], [ 55.3077041, 25.2424815 ], [ 55.307754179949342, 25.242649117261614 ], [ 55.307205918085451, 25.242794231051171 ], [ 55.307205918085451, 25.242839146815371 ] ] ], [ [ [ 55.309252859845792, 25.237192877125654 ], [ 55.310019484939374, 25.237144992252318 ], [ 55.310007384429504, 25.236903792246419 ], [ 55.3091381, 25.2369559 ], [ 55.309141304993325, 25.237019264330115 ], [ 55.3085543, 25.2370568 ], [ 55.3085631, 25.2372801 ], [ 55.309254685224175, 25.237239193603894 ], [ 55.309252859845792, 25.237192877125654 ] ] ], [ [ [ 55.306615858024131, 25.237032428479139 ], [ 55.306714842422579, 25.236735794414159 ], [ 55.30746565429606, 25.236716019782275 ], [ 55.3074681, 25.2367855 ], [ 55.308226484289214, 25.236744095351007 ], [ 55.308219883892335, 25.236556495341471 ], [ 55.307539358176179, 25.23658985537708 ], [ 55.307539301432008, 25.23653656548337 ], [ 55.308202783783813, 25.236504395365582 ], [ 55.308201483300515, 25.23627629534219 ], [ 55.307548773948113, 25.23630584147784 ], [ 55.307549043899805, 25.236267936678146 ], [ 55.309149340371249, 25.236204380822869 ], [ 55.309150999227299, 25.236248415929268 ], [ 55.3085282, 25.236285 ], [ 55.3085353, 25.2365052 ], [ 55.309159473200801, 25.236473361415968 ], [ 55.3091656, 25.236636 ], [ 55.309992283756358, 25.236585392237096 ], [ 55.309969782645112, 25.236059892217462 ], [ 55.309214186409946, 25.236103245372298 ], [ 55.309210282552904, 25.23597649353972 ], [ 55.309144182415501, 25.23590819364793 ], [ 55.308651482508473, 25.235926194513791 ], [ 55.308375490273846, 25.235968253625803 ], [ 55.308346782579243, 25.235943595049985 ], [ 55.308018682618901, 25.235945095625418 ], [ 55.307540539230885, 25.235977830840049 ], [ 55.307523482516487, 25.235870796485294 ], [ 55.307228582566218, 25.235878797003245 ], [ 55.306953316887395, 25.23592363480461 ], [ 55.3061173, 25.2359548 ], [ 55.3059794, 25.2365133 ], [ 55.306756925333914, 25.236479459630079 ], [ 55.306734940338991, 25.236556107907045 ], [ 55.305952, 25.2365882 ], [ 55.3058276, 25.2370466 ], [ 55.3058542, 25.2371263 ], [ 55.306538458137346, 25.237104928579544 ], [ 55.306615858024131, 25.237032428479139 ] ], [ [ 55.3072786, 25.236357 ], [ 55.307457821042753, 25.236338252070226 ], [ 55.307459439131797, 25.236426073811366 ], [ 55.306840705355953, 25.236445418166308 ], [ 55.306867220906888, 25.236364902240716 ], [ 55.3072786, 25.236357 ] ] ], [ [ [ 55.3097265, 25.2368627 ], [ 55.309983684288014, 25.236835792280328 ], [ 55.309971683846598, 25.236626892277872 ], [ 55.3091258, 25.2366816 ], [ 55.3091378, 25.2368905 ], [ 55.3097265, 25.2368627 ] ] ], [ [ [ 55.309607781140002, 25.235330692770152 ], [ 55.3087549, 25.2353694 ], [ 55.3087667, 25.2357859 ], [ 55.3094323, 25.2357906 ], [ 55.309905982010477, 25.23575709229527 ], [ 55.309962381861155, 25.235689592188798 ], [ 55.309945881147513, 25.235351992179769 ], [ 55.309607781140002, 25.235330692770152 ] ] ], [ [ [ 55.309789452900674, 25.244016871286991 ], [ 55.309789452880253, 25.243995117736183 ], [ 55.309590482427112, 25.244006535215242 ], [ 55.309619593260649, 25.243988812470178 ], [ 55.3095704, 25.2439723 ], [ 55.309406790531547, 25.244006956684728 ], [ 55.30936187476734, 25.244051872448932 ], [ 55.30936187476734, 25.244096788213142 ], [ 55.30949897681095, 25.244091843138015 ], [ 55.3095324, 25.2442295 ], [ 55.30983469990241, 25.244193693368896 ], [ 55.309789452900674, 25.244016871286991 ] ], [ [ 55.309570589661767, 25.244042786543929 ], [ 55.30957058963395, 25.244014560225938 ], [ 55.309586453588402, 25.244008987981001 ], [ 55.309586453588466, 25.24404090813232 ], [ 55.309570589661767, 25.244042786543929 ] ] ], [ [ [ 55.3096932, 25.2352979 ], [ 55.309950380975337, 25.235270992162764 ], [ 55.309942080460011, 25.235027392149934 ], [ 55.30973845732607, 25.23503308631631 ], [ 55.309730790662421, 25.234801712306446 ], [ 55.3092085, 25.23482 ], [ 55.3092149, 25.235053 ], [ 55.309410857783263, 25.235047055265174 ], [ 55.3092164, 25.2350674 ], [ 55.3092247, 25.2353109 ], [ 55.3096932, 25.2352979 ] ] ], [ [ [ 55.309873094226482, 25.239917828315914 ], [ 55.309873094220137, 25.239872912551366 ], [ 55.309828178449912, 25.239827996792069 ], [ 55.309676285116787, 25.239829790613573 ], [ 55.309676285116787, 25.239964537906193 ], [ 55.309828178468955, 25.239962744085705 ], [ 55.309873094226482, 25.239917828315914 ] ] ], [ [ [ 55.309570636394135, 25.254065044249764 ], [ 55.309633536366313, 25.254040244196972 ], [ 55.309605036308987, 25.253980844217182 ], [ 55.309422, 25.2540182 ], [ 55.3094506, 25.2540776 ], [ 55.309570636394135, 25.254065044249764 ] ] ], [ [ [ 55.309831591453062, 25.237604912324901 ], [ 55.309813691358535, 25.237269512324055 ], [ 55.3095326, 25.2372816 ], [ 55.3095467, 25.2376171 ], [ 55.309831591453062, 25.237604912324901 ] ] ], [ [ [ 55.309927152420627, 25.230080319125634 ], [ 55.309855948173613, 25.230083069780878 ], [ 55.309855948173613, 25.230127985545078 ], [ 55.309927152430355, 25.230125234890352 ], [ 55.309927152420627, 25.230080319125634 ] ] ], [ [ [ 55.3092977, 25.2395706 ], [ 55.309785590041287, 25.239539692931711 ], [ 55.309783889872108, 25.2394597929257 ], [ 55.309296, 25.2394907 ], [ 55.3092977, 25.2395706 ] ] ], [ [ [ 55.3092059, 25.2345151 ], [ 55.3092141, 25.2347261 ], [ 55.309811317218717, 25.234698343036534 ], [ 55.309803117010574, 25.234487443032172 ], [ 55.3092059, 25.2345151 ] ] ], [ [ [ 55.309056278203705, 25.251726848056538 ], [ 55.3081825, 25.2519326 ], [ 55.3080974, 25.251986 ], [ 55.3080599, 25.2520759 ], [ 55.308066406382785, 25.252158524079938 ], [ 55.3079825, 25.2521673 ], [ 55.3078255, 25.2522444 ], [ 55.3078593, 25.25248 ], [ 55.3079638, 25.25266 ], [ 55.3080839, 25.2526859 ], [ 55.308341118021758, 25.252658996941005 ], [ 55.308411194462622, 25.25262257952112 ], [ 55.308740817856325, 25.252601996233373 ], [ 55.308998317297529, 25.252352095753501 ], [ 55.309554915892377, 25.251718894705828 ], [ 55.309559915806972, 25.251678894692567 ], [ 55.309501215784024, 25.251664994793984 ], [ 55.309056278203705, 25.251726848056538 ] ] ], [ [ [ 55.309228236123467, 25.253773644514816 ], [ 55.3091082, 25.2537862 ], [ 55.3091182, 25.2538838 ], [ 55.3092871, 25.2539331 ], [ 55.309512536257969, 25.25392444428995 ], [ 55.309518836118933, 25.253784344277452 ], [ 55.309228236123467, 25.253773644514816 ] ] ], [ [ [ 55.3094462, 25.2394635 ], [ 55.309703389831888, 25.239436593064255 ], [ 55.30970298953963, 25.239298693049445 ], [ 55.3093129, 25.2393259 ], [ 55.3093133, 25.2394638 ], [ 55.3094462, 25.2394635 ] ] ], [ [ [ 55.3094748365585, 25.254226044336651 ], [ 55.309461336449523, 25.254115244341893 ], [ 55.309038736416753, 25.254059944684993 ], [ 55.3089187, 25.2540725 ], [ 55.3088747, 25.2543475 ], [ 55.3091399, 25.2544399 ], [ 55.309408536780445, 25.254446744402522 ], [ 55.3094748365585, 25.254226044336651 ] ] ], [ [ [ 55.3084849, 25.2335589 ], [ 55.3084924, 25.2336694 ], [ 55.3087271, 25.2340752 ], [ 55.308847116640109, 25.234062643792036 ], [ 55.309517316299441, 25.233753343227484 ], [ 55.309688816157923, 25.233619243080128 ], [ 55.309417815745782, 25.233188243279223 ], [ 55.309383215741839, 25.233182443307232 ], [ 55.3092632, 25.233195 ], [ 55.3084849, 25.2335589 ] ] ], [ [ [ 55.309535993336176, 25.24425161249367 ], [ 55.309520393322195, 25.244201312496557 ], [ 55.3094861, 25.2442049 ], [ 55.308899, 25.2443543 ], [ 55.3089146, 25.2444046 ], [ 55.308948893387139, 25.244401012633194 ], [ 55.309535993336176, 25.24425161249367 ] ] ], [ [ [ 55.308998116109144, 25.244281401809516 ], [ 55.309502993311057, 25.24416101250003 ], [ 55.309490793299936, 25.24412101250228 ], [ 55.30897700930803, 25.244243451690579 ], [ 55.308964693332122, 25.244207212626598 ], [ 55.3088704, 25.2442275 ], [ 55.308883291919827, 25.24426543377934 ], [ 55.308777969832668, 25.244276451269965 ], [ 55.308777969832668, 25.244321367034168 ], [ 55.30899811613731, 25.244307735034219 ], [ 55.308998116109144, 25.244281401809516 ] ], [ [ 55.308910238255883, 25.244262819346112 ], [ 55.308963016802046, 25.244251463948483 ], [ 55.308966443229842, 25.244262819301838 ], [ 55.308910238255883, 25.244262819346112 ] ] ], [ [ [ 55.309517991585885, 25.238058412405014 ], [ 55.30950509148078, 25.237685812402447 ], [ 55.3091668, 25.2376981 ], [ 55.309184, 25.2380694 ], [ 55.309517991585885, 25.238058412405014 ] ] ], [ [ [ 55.309333774300285, 25.250243790650632 ], [ 55.30933377427742, 25.250198874885211 ], [ 55.30922712747472, 25.250205332145157 ], [ 55.309182211710514, 25.250250247909364 ], [ 55.309182211710514, 25.25029516367357 ], [ 55.309288858560144, 25.250288706434961 ], [ 55.309333774300285, 25.250243790650632 ] ] ], [ [ [ 55.309144835747134, 25.237303540839889 ], [ 55.3087165, 25.237336 ], [ 55.3087356, 25.2376199 ], [ 55.309157549987894, 25.237593697974308 ], [ 55.3091595, 25.2376382 ], [ 55.309466991464106, 25.237624812410434 ], [ 55.309447991356087, 25.237241612409125 ], [ 55.3091427, 25.2372548 ], [ 55.309144835747134, 25.237303540839889 ] ] ], [ [ [ 55.3062433, 25.2500295 ], [ 55.306316836258823, 25.250014699147322 ], [ 55.306367135084912, 25.250193376601516 ], [ 55.306217771272919, 25.250205332145153 ], [ 55.306217771272919, 25.250295163673563 ], [ 55.306397434329746, 25.250654489787209 ], [ 55.306490783127167, 25.250647480909603 ], [ 55.30652090000001, 25.2508094 ], [ 55.306635195227187, 25.250787113270153 ], [ 55.306622583782243, 25.250743166892818 ], [ 55.307127513992413, 25.25069569884905 ], [ 55.307402813811812, 25.250624998358145 ], [ 55.307369513591112, 25.250519198404646 ], [ 55.3071123, 25.2505461 ], [ 55.3068371, 25.2506168 ], [ 55.306844250822024, 25.250639587875106 ], [ 55.306605011412572, 25.250681933417439 ], [ 55.306589595182928, 25.250628213278439 ], [ 55.306556667384527, 25.250634633967422 ], [ 55.306556667300441, 25.250541366986791 ], [ 55.3066797, 25.250557 ], [ 55.306936913662362, 25.250530099164756 ], [ 55.307231899799298, 25.250458219655485 ], [ 55.3072491, 25.2505171 ], [ 55.307477095124199, 25.250467113068421 ], [ 55.3074401211789, 25.250387529987947 ], [ 55.307467785873968, 25.250355695833239 ], [ 55.30766821314937, 25.250326597858965 ], [ 55.307651195913493, 25.250268592630736 ], [ 55.307743617576605, 25.250258926061459 ], [ 55.3078169, 25.2505005 ], [ 55.307940803527231, 25.250474377330931 ], [ 55.307962343505423, 25.25054864426582 ], [ 55.3079106, 25.2505581 ], [ 55.3079559, 25.2507143 ], [ 55.308021698776976, 25.250716649667218 ], [ 55.3079617, 25.250728 ], [ 55.3079857, 25.2508109 ], [ 55.308045752380785, 25.250799603757084 ], [ 55.30805340346285, 25.250825990157512 ], [ 55.3080001, 25.2508264 ], [ 55.307983315080435, 25.250908842240985 ], [ 55.307501, 25.2509655 ], [ 55.3074602, 25.2510366 ], [ 55.307612364171824, 25.251489327088677 ], [ 55.30739048504001, 25.251574132309759 ], [ 55.3072359, 25.2515903 ], [ 55.3069614, 25.2517215 ], [ 55.306987073085146, 25.25176544017803 ], [ 55.3068622, 25.2517785 ], [ 55.3066812, 25.2518715 ], [ 55.30666, 25.2519076 ], [ 55.306702350855055, 25.251988625644707 ], [ 55.3065248, 25.2520199 ], [ 55.306569207804273, 25.252120927326754 ], [ 55.306493916806986, 25.251989400106275 ], [ 55.306177096831149, 25.25204420670002 ], [ 55.306154377070342, 25.252006234325794 ], [ 55.306269995561642, 25.251950513373039 ], [ 55.306156328978332, 25.251757549270543 ], [ 55.306341216135436, 25.251664800337597 ], [ 55.306148015542846, 25.251375300643925 ], [ 55.3057796, 25.2514006 ], [ 55.3053265, 25.2515043 ], [ 55.3053068, 25.2515618 ], [ 55.3055376, 25.2519658 ], [ 55.305689906509052, 25.251949872467499 ], [ 55.3055588, 25.252014 ], [ 55.30568, 25.2522165 ], [ 55.305917756072823, 25.252191636308812 ], [ 55.305947810185387, 25.252240498934835 ], [ 55.30589012303232, 25.252269550204158 ], [ 55.305845207237311, 25.252218531642928 ], [ 55.305723697866654, 25.252226541534426 ], [ 55.305723697866654, 25.252316373062833 ], [ 55.305758047319493, 25.252314719866508 ], [ 55.3057994, 25.252382 ], [ 55.305903395678207, 25.252343413464704 ], [ 55.305882133977128, 25.252308747663264 ], [ 55.305999300000011, 25.252499 ], [ 55.306350065559855, 25.252452783514837 ], [ 55.3063858, 25.2525097 ], [ 55.306420095716554, 25.252506113346289 ], [ 55.306550398857688, 25.252412828623175 ], [ 55.3066499, 25.252571 ], [ 55.306907117937662, 25.252544099443856 ], [ 55.307140417657152, 25.252424099021045 ], [ 55.307126325297823, 25.252401679986452 ], [ 55.307207417584152, 25.252393198900023 ], [ 55.307454717300168, 25.252272298452553 ], [ 55.307443593853101, 25.25225372799299 ], [ 55.307528017233885, 25.252244898320875 ], [ 55.307793716906701, 25.252104597838951 ], [ 55.30777904684718, 25.252080478150699 ], [ 55.307858216830795, 25.25207219772215 ], [ 55.308098216559507, 25.251956897288139 ], [ 55.308072595870115, 25.251913252223378 ], [ 55.308191416422488, 25.251897197117909 ], [ 55.308296516203754, 25.251799596922542 ], [ 55.308301216070028, 25.251736796907238 ], [ 55.308238815815436, 25.251613497002825 ], [ 55.307920712577918, 25.251654517035131 ], [ 55.307903001794763, 25.251624346405539 ], [ 55.308204915686638, 25.251550997055261 ], [ 55.308172115421556, 25.251424297098549 ], [ 55.308045236786434, 25.25143756775817 ], [ 55.308187415375301, 25.251403297069345 ], [ 55.308079667423669, 25.2510178974082 ], [ 55.308137395270251, 25.251018212922247 ], [ 55.308165998970814, 25.250878200897617 ], [ 55.3081872, 25.2509464 ], [ 55.308259946334971, 25.250938791114628 ], [ 55.3082805, 25.2510048 ], [ 55.308537714433974, 25.250977896406948 ], [ 55.308784995221785, 25.25088081276871 ], [ 55.308770650786165, 25.25083661644836 ], [ 55.309273913767818, 25.250702495084482 ], [ 55.309186713144626, 25.250404095203891 ], [ 55.3089295, 25.250431 ], [ 55.308835, 25.2504536 ], [ 55.308897711630344, 25.250668200486544 ], [ 55.308171532559491, 25.250851114534818 ], [ 55.308086048158742, 25.250831446687894 ], [ 55.308395814047202, 25.250788096634526 ], [ 55.308349013710078, 25.250626696698465 ], [ 55.308115615552218, 25.25065110902867 ], [ 55.308109894861587, 25.250631459721252 ], [ 55.308353613635752, 25.250591896686476 ], [ 55.30834669344555, 25.250568025201336 ], [ 55.308757813335163, 25.250471395963849 ], [ 55.308736613151815, 25.250402495997434 ], [ 55.308873613015976, 25.250326995744469 ], [ 55.30881881264434, 25.250148895820566 ], [ 55.308447, 25.2501672 ], [ 55.308243179225165, 25.250218550129581 ], [ 55.307884530165033, 25.250254348955746 ], [ 55.307831295009102, 25.250078712979743 ], [ 55.307768113125192, 25.250092023725212 ], [ 55.307713395351868, 25.249901923577205 ], [ 55.307811694954793, 25.249885612981434 ], [ 55.307800994942255, 25.249840712983268 ], [ 55.307451602753588, 25.249892503544416 ], [ 55.307423682926647, 25.249795445561872 ], [ 55.307469032149804, 25.249792362061168 ], [ 55.307469032118895, 25.249747446295316 ], [ 55.30741936505526, 25.24975082338641 ], [ 55.307561511903721, 25.249733697979398 ], [ 55.307550711804595, 25.24968639799302 ], [ 55.3072304, 25.249725 ], [ 55.3072411, 25.2497723 ], [ 55.307340665378121, 25.24976030481556 ], [ 55.307340665378199, 25.249781314743824 ], [ 55.3071601, 25.2498002 ], [ 55.306340726924894, 25.250000004635261 ], [ 55.306332195001254, 25.249972313328787 ], [ 55.3062319, 25.2499925 ], [ 55.3062433, 25.2500295 ] ], [ [ 55.307260046965524, 25.251934532479599 ], [ 55.307353116574362, 25.251924798591673 ], [ 55.307466824888508, 25.25187045040618 ], [ 55.307482048490442, 25.251896393195516 ], [ 55.3073988, 25.2519051 ], [ 55.307276951474101, 25.251965752985548 ], [ 55.307260046965524, 25.251934532479599 ] ], [ [ 55.307068, 25.252083 ], [ 55.306953344988123, 25.252139860752987 ], [ 55.3069328767127, 25.252106869023685 ], [ 55.307030116974936, 25.252096699177681 ], [ 55.307133044008111, 25.252045194328197 ], [ 55.307150764392006, 25.252074344033741 ], [ 55.307068, 25.252083 ] ], [ [ 55.306841031299875, 25.252236187522875 ], [ 55.306666211378882, 25.252290384196982 ], [ 55.306630852641455, 25.252228615593854 ], [ 55.306823392231294, 25.252206471579051 ], [ 55.306841031299875, 25.252236187522875 ] ] ], [ [ [ 55.309251512421234, 25.23012462212905 ], [ 55.3092339, 25.2302256 ], [ 55.3093177, 25.2302483 ], [ 55.309430489373682, 25.230224512308002 ], [ 55.309443489352411, 25.23014991230384 ], [ 55.309379789342913, 25.230112912318173 ], [ 55.309294619243097, 25.230109604282291 ], [ 55.309355820248093, 25.230079003747854 ], [ 55.309355820233712, 25.230034087982887 ], [ 55.309293944204256, 25.230036042963398 ], [ 55.309342609554413, 25.230000839921058 ], [ 55.3093829, 25.2300466 ], [ 55.309417189322609, 25.230043012308389 ], [ 55.309484189307994, 25.229994812291999 ], [ 55.309410908052179, 25.229937507576359 ], [ 55.309466212467164, 25.229875043065739 ], [ 55.309121411982211, 25.229366443321094 ], [ 55.308541011471526, 25.228819443767144 ], [ 55.308421, 25.228832 ], [ 55.3079097, 25.2292017 ], [ 55.3078919, 25.2292438 ], [ 55.3086143, 25.2303129 ], [ 55.3086737, 25.2303801 ], [ 55.308718762601508, 25.2303753853374 ], [ 55.3086962, 25.2303923 ], [ 55.3087351, 25.2304348 ], [ 55.309182211710613, 25.230116866727233 ], [ 55.309251512421234, 25.23012462212905 ] ] ], [ [ [ 55.308919902182538, 25.245220995088864 ], [ 55.309271201950459, 25.245129994462488 ], [ 55.309255001843908, 25.245078894485154 ], [ 55.3089978, 25.2451058 ], [ 55.3086465, 25.2451968 ], [ 55.3086627, 25.2452479 ], [ 55.308919902182538, 25.245220995088864 ] ] ], [ [ [ 55.309136512327711, 25.250016295248336 ], [ 55.309124812252662, 25.249980295264802 ], [ 55.309026696984894, 25.249990558303697 ], [ 55.309066157513563, 25.249954530661061 ], [ 55.309092380182108, 25.249980753324127 ], [ 55.309193311047657, 25.249974894005693 ], [ 55.309193311006169, 25.24988506247508 ], [ 55.309094802515368, 25.249889020024984 ], [ 55.309056911807403, 25.249766795359907 ], [ 55.3087997, 25.2497937 ], [ 55.3078772, 25.2500274 ], [ 55.3079248, 25.2501813 ], [ 55.3080529, 25.2502045 ], [ 55.308310112761873, 25.25017759671616 ], [ 55.308676713962285, 25.250090436629673 ], [ 55.3086915, 25.2501357 ], [ 55.308948712544826, 25.250108795588176 ], [ 55.309136512327711, 25.250016295248336 ] ] ], [ [ [ 55.309028396300548, 25.254707712769171 ], [ 55.309086696290429, 25.254675012755044 ], [ 55.30905439627756, 25.254627812761903 ], [ 55.3089617, 25.2546642 ], [ 55.3089941, 25.2547113 ], [ 55.309028396300548, 25.254707712769171 ] ] ], [ [ [ 55.3092857600898, 25.239963102900358 ], [ 55.309285760084727, 25.239918187135896 ], [ 55.30922712747472, 25.239919622141983 ], [ 55.30922712747472, 25.239964537906193 ], [ 55.3092857600898, 25.239963102900358 ] ] ], [ [ [ 55.309002548653694, 25.239874706377773 ], [ 55.309002548653694, 25.240009453670393 ], [ 55.309047464417901, 25.240054369434606 ], [ 55.309239701264254, 25.240053054016993 ], [ 55.3092397012596, 25.240008138252541 ], [ 55.309149869722376, 25.23991830673133 ], [ 55.309002548653694, 25.239874706377773 ] ] ], [ [ [ 55.309052847782461, 25.249616165820989 ], [ 55.308957632889488, 25.249621427210478 ], [ 55.308957632889488, 25.249666342974681 ], [ 55.309052847801091, 25.249661081586186 ], [ 55.309052847782461, 25.249616165820989 ] ] ], [ [ [ 55.309047131906489, 25.249437100646706 ], [ 55.308912717125281, 25.249441764153651 ], [ 55.308912717125281, 25.249486679917851 ], [ 55.309047131923002, 25.249482016411786 ], [ 55.309047131906489, 25.249437100646706 ] ] ], [ [ [ 55.308949095966064, 25.25352101276993 ], [ 55.3088784, 25.2535327 ], [ 55.3088883, 25.2535693 ], [ 55.308958995976269, 25.253557612768159 ], [ 55.308949095966064, 25.25352101276993 ] ] ], [ [ [ 55.3079234, 25.243221 ], [ 55.3079841, 25.2433775 ], [ 55.308241298292252, 25.243350596068559 ], [ 55.308661580736889, 25.243237274057847 ], [ 55.3086707, 25.2432675 ], [ 55.309089097880488, 25.243200894564868 ], [ 55.30907669779473, 25.243159794581999 ], [ 55.308856045545078, 25.243182877004905 ], [ 55.308864497745212, 25.243125294950268 ], [ 55.308821997536228, 25.243024495013461 ], [ 55.3085648, 25.2430514 ], [ 55.3079234, 25.243221 ] ] ], [ [ [ 55.308822885596868, 25.249307016861035 ], [ 55.308822885596868, 25.249351932625238 ], [ 55.308952727708807, 25.249347747450276 ], [ 55.30895272767917, 25.249257915920278 ], [ 55.308867801361075, 25.249262101096829 ], [ 55.308822885596868, 25.249307016861035 ] ] ], [ [ [ 55.308998596328017, 25.242463894640679 ], [ 55.309030796308328, 25.242456294583359 ], [ 55.309024496262374, 25.242434294591938 ], [ 55.3087129, 25.2424652 ], [ 55.3083522, 25.2425622 ], [ 55.3083678, 25.2426097 ], [ 55.308402092887846, 25.242606112734133 ], [ 55.308762892855071, 25.242509112648314 ], [ 55.308756324020472, 25.242489238807881 ], [ 55.308998596328017, 25.242463894640679 ] ] ], [ [ [ 55.308100223304137, 25.255136397642445 ], [ 55.308164945580465, 25.255077566131874 ], [ 55.3081908, 25.2551137 ], [ 55.308448023160167, 25.255086797026632 ], [ 55.308512423073012, 25.255049096909399 ], [ 55.308419797382832, 25.254919787258437 ], [ 55.308771022708356, 25.254890796437866 ], [ 55.308813822581392, 25.254833196356294 ], [ 55.308768992603731, 25.254833139620217 ], [ 55.308750027154261, 25.25479478041477 ], [ 55.30885172233701, 25.254719996277061 ], [ 55.308736625753092, 25.254530952952532 ], [ 55.308848821843462, 25.254487196255965 ], [ 55.308824421769373, 25.254450996294704 ], [ 55.308593403283972, 25.254445993481411 ], [ 55.308593403266364, 25.254392936836382 ], [ 55.30876732154789, 25.254343596382807 ], [ 55.308738421455864, 25.25429869642846 ], [ 55.3084812, 25.2543256 ], [ 55.308411483843756, 25.254362342300301 ], [ 55.308307996154696, 25.254154212929397 ], [ 55.308240296141442, 25.254103812944486 ], [ 55.308053547230593, 25.254188290818682 ], [ 55.308031421224264, 25.254152397652408 ], [ 55.3077742, 25.2541793 ], [ 55.3077165, 25.2542084 ], [ 55.307749966926586, 25.25426269081542 ], [ 55.3075322, 25.2543406 ], [ 55.3072864, 25.2544932 ], [ 55.3074691, 25.2548698 ], [ 55.307708366022986, 25.25484477628866 ], [ 55.3074981, 25.2549573 ], [ 55.3075525, 25.2550403 ], [ 55.3077708, 25.2551803 ], [ 55.308100223304137, 25.255136397642445 ] ], [ [ 55.308283096235023, 25.254436912939465 ], [ 55.308411880264195, 25.254371880413462 ], [ 55.308463559483634, 25.254406517503803 ], [ 55.308463559483478, 25.254459574141737 ], [ 55.308011158873683, 25.254655327744072 ], [ 55.30803322905367, 25.254519109982798 ], [ 55.308283096235023, 25.254436912939465 ] ], [ [ 55.308115605800182, 25.25483294377953 ], [ 55.307982922621761, 25.254808597811355 ], [ 55.307745675680792, 25.254833410816467 ], [ 55.308002722404872, 25.254707397765227 ], [ 55.308008743339997, 25.254670236462378 ], [ 55.308115605800182, 25.25483294377953 ] ] ], [ [ [ 55.308698091722171, 25.238497612603286 ], [ 55.308601047109988, 25.238500225210153 ], [ 55.308643587869383, 25.238455094812196 ], [ 55.308640708888227, 25.238386042294767 ], [ 55.308952587659057, 25.238372094261035 ], [ 55.309012687584755, 25.238340194152062 ], [ 55.30906098707343, 25.238101494040528 ], [ 55.308965187060352, 25.238090294207247 ], [ 55.308630346379523, 25.238137496801087 ], [ 55.308627392052486, 25.238066637013631 ], [ 55.309070191587104, 25.238039212509417 ], [ 55.309055991518164, 25.237794512509069 ], [ 55.308994191505114, 25.237745112522777 ], [ 55.308897186291937, 25.237724194285303 ], [ 55.308497732754653, 25.237754511754595 ], [ 55.307851486470355, 25.237753496122146 ], [ 55.307546, 25.237783 ], [ 55.307507, 25.2378138 ], [ 55.3075202, 25.2385776 ], [ 55.308454064543675, 25.238540903251064 ], [ 55.3084547, 25.238576 ], [ 55.309027891735518, 25.238562112527152 ], [ 55.309025491704517, 25.238452312526064 ], [ 55.308698091722171, 25.238497612603286 ] ] ], [ [ [ 55.3085586, 25.2367583 ], [ 55.309086964878354, 25.236731549991966 ], [ 55.30907916465263, 25.236531449987254 ], [ 55.3085508, 25.2365583 ], [ 55.3085586, 25.2367583 ] ] ], [ [ [ 55.308816838597835, 25.253525033204724 ], [ 55.308688138304248, 25.253529098696397 ], [ 55.308688138304248, 25.253618930224803 ], [ 55.308816838626633, 25.253614864734658 ], [ 55.308816838597835, 25.253525033204724 ] ] ], [ [ [ 55.3050836, 25.249666 ], [ 55.3048564, 25.2497231 ], [ 55.3049066, 25.2498869 ], [ 55.305163812438217, 25.2498600021997 ], [ 55.305386394614601, 25.249787538989878 ], [ 55.305750212076752, 25.249720301155286 ], [ 55.305740153611026, 25.249685985559196 ], [ 55.305910211948465, 25.249668200868737 ], [ 55.306133056713307, 25.24959669276037 ], [ 55.30644638803858, 25.24954131176715 ], [ 55.30646112089768, 25.249597577546108 ], [ 55.306217771272919, 25.249621427210478 ], [ 55.3057373, 25.2497434 ], [ 55.305765890731045, 25.249836561498253 ], [ 55.305736212216168, 25.249785301187167 ], [ 55.305479, 25.2498122 ], [ 55.305246, 25.249867 ], [ 55.305268889271368, 25.249946619195867 ], [ 55.305245794988828, 25.249871413581374 ], [ 55.3049842, 25.2499321 ], [ 55.3050345, 25.2500959 ], [ 55.305293952838902, 25.250028237610582 ], [ 55.305549612695465, 25.250001501538872 ], [ 55.305782612553337, 25.249946701123957 ], [ 55.305814008010053, 25.249904538264218 ], [ 55.306044812383568, 25.249880400656529 ], [ 55.306535112071352, 25.249758899782755 ], [ 55.306518989798114, 25.249706398648975 ], [ 55.3065624, 25.2497318 ], [ 55.306819611925178, 25.249704899277599 ], [ 55.30752736453362, 25.249526476041702 ], [ 55.3076139, 25.2498083 ], [ 55.307792494921941, 25.249768412984171 ], [ 55.307715032016688, 25.249510216022571 ], [ 55.307893098235276, 25.249491591408479 ], [ 55.3079482, 25.2496586 ], [ 55.308300386824001, 25.249624206516728 ], [ 55.3083448, 25.2497614 ], [ 55.308525694897085, 25.249719012811937 ], [ 55.308482594859974, 25.249585512820019 ], [ 55.30842337031234, 25.249597184210558 ], [ 55.308733054068561, 25.249518644052998 ], [ 55.308869755208612, 25.249526693079815 ], [ 55.308869755191253, 25.249481777314685 ], [ 55.308769890704731, 25.249485358833631 ], [ 55.308671410604113, 25.249179195970033 ], [ 55.308363010041859, 25.248897896479363 ], [ 55.3081058, 25.2489248 ], [ 55.307738, 25.2490215 ], [ 55.30787015525636, 25.249422053133916 ], [ 55.30769539453906, 25.24944476082716 ], [ 55.307567994713658, 25.249020113025441 ], [ 55.30745614532195, 25.249045157663968 ], [ 55.307410010369146, 25.249002198162799 ], [ 55.3071528, 25.2490291 ], [ 55.306423271560007, 25.249209293469796 ], [ 55.30640303406576, 25.249143391288708 ], [ 55.306598010715675, 25.249122999600786 ], [ 55.307390810218159, 25.248929998188348 ], [ 55.307428994675945, 25.248879413055846 ], [ 55.307390312140782, 25.248823372019793 ], [ 55.307418894658689, 25.24881791305728 ], [ 55.307338509815921, 25.248737598258433 ], [ 55.3058487, 25.2489967 ], [ 55.305899, 25.2491605 ], [ 55.306322435145823, 25.249091916027101 ], [ 55.306338303069353, 25.249142016359784 ], [ 55.3059162, 25.2492195 ], [ 55.3059664, 25.2493833 ], [ 55.306381783597914, 25.249316665567704 ], [ 55.306397033587565, 25.249366696226062 ], [ 55.3062115, 25.2493861 ], [ 55.3056027, 25.2495313 ], [ 55.305613201975298, 25.249565499309448 ], [ 55.3050836, 25.249666 ] ], [ [ 55.306674211305932, 25.249405299498921 ], [ 55.307430023207743, 25.249209458695923 ], [ 55.307447282848365, 25.249265669317303 ], [ 55.3072529, 25.249286 ], [ 55.306503773259429, 25.249473446914386 ], [ 55.306488809860724, 25.249424689796509 ], [ 55.306674211305932, 25.249405299498921 ] ] ], [ [ [ 55.3081678, 25.245778 ], [ 55.3082174, 25.2459672 ], [ 55.308474603757361, 25.245940295950806 ], [ 55.308886103499496, 25.24584029521781 ], [ 55.308817903019595, 25.245610395311569 ], [ 55.3085607, 25.2456373 ], [ 55.3082013, 25.2457294 ], [ 55.3081678, 25.245778 ] ] ], [ [ [ 55.308989191236414, 25.23679401250968 ], [ 55.308555, 25.2368128 ], [ 55.3085638, 25.2370025 ], [ 55.308998091289887, 25.236983712510444 ], [ 55.308989191236414, 25.23679401250968 ] ] ], [ [ [ 55.3084266, 25.2542894 ], [ 55.308683821385152, 25.254262496520177 ], [ 55.308715321344309, 25.254244896462936 ], [ 55.308693821279668, 25.25421329649711 ], [ 55.3084366, 25.2542402 ], [ 55.3084051, 25.2542578 ], [ 55.3084266, 25.2542894 ] ] ], [ [ [ 55.308683234550962, 25.253659660963027 ], [ 55.30868323453614, 25.253614745198043 ], [ 55.3086383187579, 25.253569829445311 ], [ 55.308149149133783, 25.253574014460607 ], [ 55.308104233369576, 25.253618930224803 ], [ 55.308104233369576, 25.253663845989006 ], [ 55.308194064897982, 25.25375367751743 ], [ 55.308548487290324, 25.253749492529796 ], [ 55.308683234550962, 25.253659660963027 ] ] ], [ [ [ 55.308259493635376, 25.241154995789561 ], [ 55.3080023, 25.2411819 ], [ 55.30686450000001, 25.2417119 ], [ 55.3069097, 25.2418389 ], [ 55.307454650834011, 25.242099559334005 ], [ 55.307243595668886, 25.242060897673102 ], [ 55.3069864, 25.2420878 ], [ 55.3071131, 25.2425099 ], [ 55.3071994, 25.2425514 ], [ 55.307456596628086, 25.242524497351752 ], [ 55.307775246394755, 25.242361411887764 ], [ 55.307927396196213, 25.242345496505944 ], [ 55.308006196109218, 25.242308596363593 ], [ 55.307966386952458, 25.242239120401358 ], [ 55.308206995769922, 25.242159095994626 ], [ 55.308211696850414, 25.242129705942624 ], [ 55.308396295645615, 25.242110395657171 ], [ 55.308804495201613, 25.241922394920163 ], [ 55.308827394942952, 25.241801594866413 ], [ 55.308537394324183, 25.241494495340426 ], [ 55.308309487749646, 25.241518336281821 ], [ 55.308351193842675, 25.241257595640299 ], [ 55.308259493635376, 25.241154995789561 ] ] ], [ [ [ 55.306671930870515, 25.248565988321236 ], [ 55.306262, 25.2486297 ], [ 55.306208358246963, 25.248704467791132 ], [ 55.3057331, 25.2487875 ], [ 55.3057834, 25.2489513 ], [ 55.306508810148088, 25.248850699726578 ], [ 55.307267909693991, 25.248676398375384 ], [ 55.307314109639428, 25.248653098291719 ], [ 55.307321188224535, 25.248613626505428 ], [ 55.307784457872913, 25.248535776805731 ], [ 55.3078188, 25.2486479 ], [ 55.307889586219211, 25.248689162634911 ], [ 55.3079014, 25.2487277 ], [ 55.308196609622236, 25.248691296748003 ], [ 55.308400734883264, 25.248626872675032 ], [ 55.308570538305887, 25.248631486789503 ], [ 55.308570538301502, 25.248599721518655 ], [ 55.308684909309761, 25.248569595877768 ], [ 55.308632750782444, 25.248407523252119 ], [ 55.308658083500326, 25.248407147105823 ], [ 55.308658083494819, 25.248362231341318 ], [ 55.308618364670146, 25.248362821094197 ], [ 55.308537708356106, 25.248112196084506 ], [ 55.3082805, 25.2481391 ], [ 55.3078001, 25.2482529 ], [ 55.3077669, 25.2482816 ], [ 55.307772810638504, 25.248365869565113 ], [ 55.307313921563477, 25.248449786900121 ], [ 55.307298594541805, 25.248398213079117 ], [ 55.3072283, 25.2484108 ], [ 55.307209955085533, 25.248470955258032 ], [ 55.306671930870515, 25.248565988321236 ] ] ], [ [ [ 55.308734692885565, 25.242615512656506 ], [ 55.30872039287366, 25.242572612659199 ], [ 55.30868610000001, 25.2425762 ], [ 55.3082885, 25.2426841 ], [ 55.3083027, 25.2427271 ], [ 55.308336992921994, 25.242723512751116 ], [ 55.308734692885565, 25.242615512656506 ] ] ], [ [ [ 55.308776453538037, 25.239511138672729 ], [ 55.3085104, 25.2395284 ], [ 55.308501, 25.2396072 ], [ 55.308767053677727, 25.23958993869379 ], [ 55.308776453538037, 25.239511138672729 ] ] ], [ [ [ 55.308485321001868, 25.254071396846935 ], [ 55.308558420907595, 25.254030796714119 ], [ 55.30852622081084, 25.25398349676529 ], [ 55.308269, 25.2540104 ], [ 55.3081959, 25.254051 ], [ 55.3082281, 25.2540983 ], [ 55.308485321001868, 25.254071396846935 ] ] ], [ [ [ 55.3084648, 25.2434083 ], [ 55.3084784, 25.2434527 ], [ 55.308695593108901, 25.24340351267746 ], [ 55.30868209309655, 25.243359112679958 ], [ 55.3084648, 25.2434083 ] ] ], [ [ [ 55.308415993689692, 25.245443212773445 ], [ 55.308634593669829, 25.245384412721446 ], [ 55.30861809365588, 25.245334212724554 ], [ 55.3083652, 25.2453967 ], [ 55.3083817, 25.2454468 ], [ 55.308415993689692, 25.245443212773445 ] ] ], [ [ [ 55.308340193660122, 25.245334612789545 ], [ 55.308615093635993, 25.245263712724189 ], [ 55.308599893622592, 25.245215512727029 ], [ 55.3082907, 25.24529 ], [ 55.3083059, 25.2453382 ], [ 55.308340193660122, 25.245334612789545 ] ] ], [ [ [ 55.308487336407204, 25.25273219383973 ], [ 55.30851163634663, 25.252719193751535 ], [ 55.308483936173765, 25.252676993839245 ], [ 55.3079452, 25.2527438 ], [ 55.3079729, 25.252786 ], [ 55.308487336407204, 25.25273219383973 ] ] ], [ [ [ 55.3080905998766, 25.235773277408388 ], [ 55.3080912, 25.2358002 ], [ 55.30872889095977, 25.235801412555642 ], [ 55.308712590834602, 25.235357612552793 ], [ 55.308338981325463, 25.235351594997042 ], [ 55.3074207, 25.235407899999988 ], [ 55.3074397, 25.2357674 ], [ 55.3074688, 25.2357905 ], [ 55.3080905998766, 25.235773277408388 ] ] ], [ [ [ 55.3084542, 25.2376222 ], [ 55.308694891472761, 25.237614912590796 ], [ 55.308692191391778, 25.237328212587123 ], [ 55.308149185518225, 25.237319895551352 ], [ 55.307892, 25.2373468 ], [ 55.307894, 25.2376198 ], [ 55.308405905308859, 25.237586750966546 ], [ 55.3084542, 25.2376222 ] ] ], [ [ [ 55.308114984660357, 25.230799178770809 ], [ 55.308154458505861, 25.230845145497835 ], [ 55.308094, 25.2308916 ], [ 55.3081506582731, 25.230956663317677 ], [ 55.3079909, 25.2310671 ], [ 55.3080277, 25.2311089 ], [ 55.308079016580045, 25.231103531291506 ], [ 55.3081163, 25.2311675 ], [ 55.308194025543308, 25.23115936835379 ], [ 55.3081283, 25.2312081 ], [ 55.3082615, 25.2313219 ], [ 55.308438060723766, 25.23130327130016 ], [ 55.308510460708916, 25.231248671284202 ], [ 55.308492093887899, 25.231227312651217 ], [ 55.308671713791114, 25.231172343783768 ], [ 55.308628413742042, 25.231120443816472 ], [ 55.308559607594901, 25.231121771231734 ], [ 55.308641113734268, 25.231113243805712 ], [ 55.308703513687419, 25.23106914375235 ], [ 55.30861009670064, 25.230959341692458 ], [ 55.308770613473129, 25.230855943686262 ], [ 55.308739913439126, 25.230819943709488 ], [ 55.308611597406305, 25.230838286837031 ], [ 55.308692289540289, 25.230775512488805 ], [ 55.308660489531327, 25.230742112495726 ], [ 55.3084957, 25.2308473 ], [ 55.308554868855097, 25.230877826125528 ], [ 55.308475080486424, 25.230933437815711 ], [ 55.308331242262909, 25.230939340409591 ], [ 55.308309867004091, 25.230914763523305 ], [ 55.308385989587293, 25.230925812562649 ], [ 55.308448389573933, 25.230881812547395 ], [ 55.308351589543612, 25.230769412568339 ], [ 55.308277975115381, 25.230799504989786 ], [ 55.308239455637448, 25.230774240390204 ], [ 55.308238914141995, 25.230748991196958 ], [ 55.308355813318748, 25.230678044016248 ], [ 55.308260713213734, 25.230566844088198 ], [ 55.3081407, 25.2305794 ], [ 55.3080401, 25.2306467 ], [ 55.308077549588667, 25.230691051324008 ], [ 55.3080236, 25.2307175 ], [ 55.308114984660357, 25.230799178770809 ] ], [ [ 55.308502167237457, 25.230967781777714 ], [ 55.308501637885492, 25.230967837159909 ], [ 55.308496125031816, 25.230960696456854 ], [ 55.308502167237457, 25.230967781777714 ] ], [ [ 55.308388606713066, 25.231097046168312 ], [ 55.308310291806279, 25.231101624299129 ], [ 55.308353413706968, 25.231070544038818 ], [ 55.308284919671692, 25.230992741528382 ], [ 55.308323747584886, 25.230974587826989 ], [ 55.3083482, 25.2310062 ], [ 55.30844751715852, 25.230995809252679 ], [ 55.3083867, 25.2310368 ], [ 55.308428938342956, 25.231085724727141 ], [ 55.308388606713066, 25.231097046168312 ] ] ], [ [ [ 55.30852104987428, 25.248092975915704 ], [ 55.308521049869618, 25.248048060151248 ], [ 55.308463559483222, 25.248049375463268 ], [ 55.308463559483222, 25.248094291227474 ], [ 55.30852104987428, 25.248092975915704 ] ] ], [ [ [ 55.30706355895574, 25.247996494101898 ], [ 55.3071321, 25.2482253 ], [ 55.3071951, 25.2482432 ], [ 55.307452308697691, 25.248216298000123 ], [ 55.307738339733426, 25.248134298583061 ], [ 55.308007208410288, 25.2481098970148 ], [ 55.308321308209699, 25.248031796455052 ], [ 55.308422308090712, 25.247980996272176 ], [ 55.308464944499114, 25.247914033488478 ], [ 55.308521049855649, 25.247913312857886 ], [ 55.308521049850995, 25.247868397093431 ], [ 55.308460437640115, 25.247869175610372 ], [ 55.308427196650044, 25.247734755807286 ], [ 55.308477277217584, 25.247733530230249 ], [ 55.308477277212504, 25.247688614465762 ], [ 55.308418643719108, 25.247700169451047 ], [ 55.308392907277728, 25.247596096280425 ], [ 55.3081357, 25.247623 ], [ 55.307660774587838, 25.247744090249693 ], [ 55.307403, 25.2477691 ], [ 55.307082408689418, 25.247847622571033 ], [ 55.307062911658065, 25.247783996319235 ], [ 55.307245507763398, 25.247764898312045 ], [ 55.308117594288873, 25.247546712874794 ], [ 55.307972594160113, 25.247083712901762 ], [ 55.307504692534302, 25.247198397763878 ], [ 55.307499306495629, 25.24718039780106 ], [ 55.3072421, 25.2472073 ], [ 55.3068426, 25.2473051 ], [ 55.306865503813576, 25.24738160872338 ], [ 55.3066267, 25.2474144 ], [ 55.306813, 25.2480227 ], [ 55.30706355895574, 25.247996494101898 ] ] ], [ [ [ 55.306829921070793, 25.234504672150429 ], [ 55.3065033, 25.2350557 ], [ 55.307429476234063, 25.234983157938206 ], [ 55.3074055, 25.2350416 ], [ 55.3074268, 25.2353578 ], [ 55.307934690840753, 25.235338512734355 ], [ 55.30792249068498, 25.234786612728929 ], [ 55.3078265, 25.234772 ], [ 55.30747103788854, 25.234924903175752 ], [ 55.30746251296479, 25.234700826273098 ], [ 55.307527190670299, 25.234713912820244 ], [ 55.308692990485966, 25.234122712538849 ], [ 55.308379490353602, 25.233637812604854 ], [ 55.3083452, 25.2336414 ], [ 55.3074161, 25.2341018 ], [ 55.307366, 25.2341962 ], [ 55.307380877694605, 25.234383081522793 ], [ 55.307300679302983, 25.234342796703867 ], [ 55.306935457896508, 25.234399135222059 ], [ 55.30694522963676, 25.234344447673514 ], [ 55.306900313853724, 25.234299531924709 ], [ 55.306756760443392, 25.234305151616237 ], [ 55.306711844679185, 25.23439498314465 ], [ 55.306711844679185, 25.23452973043727 ], [ 55.306829921070793, 25.234504672150429 ] ] ], [ [ [ 55.3076508, 25.2399013 ], [ 55.307829836215227, 25.239882571772259 ], [ 55.3077479, 25.2399413 ], [ 55.3078464, 25.2400538 ], [ 55.308048492136692, 25.239930112776655 ], [ 55.308023020590561, 25.23990102462065 ], [ 55.308086167773602, 25.239894418922891 ], [ 55.308048171662996, 25.240045723495896 ], [ 55.3078725, 25.2400641 ], [ 55.3078249, 25.2401005 ], [ 55.3078627, 25.240141 ], [ 55.308028603627193, 25.240123645335267 ], [ 55.3078774, 25.2401561 ], [ 55.3079512, 25.2402374 ], [ 55.308001354590857, 25.240232153479692 ], [ 55.3079806, 25.2403148 ], [ 55.3080373, 25.2403769 ], [ 55.308553792152622, 25.240013012659762 ], [ 55.308281192072322, 25.239714612719016 ], [ 55.308190961171292, 25.239760017630655 ], [ 55.308045760550016, 25.239775206858994 ], [ 55.308370790201948, 25.239541195412766 ], [ 55.308225689868543, 25.239376295648654 ], [ 55.308059981772914, 25.239393630244667 ], [ 55.308174089733114, 25.239309695731635 ], [ 55.30785078900702, 25.238950196258084 ], [ 55.307700985513023, 25.238965866791851 ], [ 55.307807888871253, 25.238883896325845 ], [ 55.307737031030477, 25.238806115637058 ], [ 55.307787291813632, 25.238773412820365 ], [ 55.307700191784008, 25.238664012839088 ], [ 55.3076056, 25.2387069 ], [ 55.307631828231372, 25.238739881272227 ], [ 55.307512744561073, 25.238752338155663 ], [ 55.307602788476899, 25.238687096663334 ], [ 55.30723928759695, 25.238252897251826 ], [ 55.3069821, 25.2382798 ], [ 55.3064959, 25.2386321 ], [ 55.3068722, 25.239057 ], [ 55.306984896155306, 25.239045211832448 ], [ 55.306931400000011, 25.2390841 ], [ 55.3074898, 25.2397132 ], [ 55.3076592920523, 25.239611112862871 ], [ 55.307371542224629, 25.239288466611292 ], [ 55.307393231895574, 25.239272715739073 ], [ 55.3076363, 25.239543 ], [ 55.307797890678259, 25.239526096627422 ], [ 55.3075058, 25.2397365 ], [ 55.3076508, 25.2399013 ] ], [ [ 55.307429561497521, 25.239097761405645 ], [ 55.307392440572386, 25.239125066294463 ], [ 55.307372834041892, 25.239102967855672 ], [ 55.307429561497521, 25.239097761405645 ] ] ], [ [ [ 55.308610789524522, 25.230715412506949 ], [ 55.308652689515228, 25.230684712496693 ], [ 55.308629889508389, 25.230659312501643 ], [ 55.3085537, 25.2306935 ], [ 55.308610789524522, 25.230715412506949 ] ] ], [ [ [ 55.308349388717048, 25.247283655160778 ], [ 55.308349388709431, 25.24723873939617 ], [ 55.308238980662196, 25.247240891707563 ], [ 55.308238980662196, 25.247285807471766 ], [ 55.308349388717048, 25.247283655160778 ] ] ], [ [ [ 55.3083743, 25.2307515 ], [ 55.308577589500601, 25.230629012513408 ], [ 55.308543689489973, 25.230589612520742 ], [ 55.3083404, 25.2307121 ], [ 55.3083743, 25.2307515 ] ] ], [ [ [ 55.308333493639125, 25.245260012789991 ], [ 55.308365593631017, 25.245233012782069 ], [ 55.308338793624067, 25.245207012787958 ], [ 55.3082724, 25.2452376 ], [ 55.308333493639125, 25.245260012789991 ] ] ], [ [ [ 55.3081879, 25.2487419 ], [ 55.308204, 25.2487886 ], [ 55.308286794632643, 25.248771312853595 ], [ 55.308270694619665, 25.248724612856655 ], [ 55.3081879, 25.2487419 ] ] ], [ [ [ 55.308222643281454, 25.246743828999211 ], [ 55.308149149133783, 25.246746818301297 ], [ 55.308149149133783, 25.246791734065496 ], [ 55.308222643292034, 25.246788744763975 ], [ 55.308222643281454, 25.246743828999211 ] ] ], [ [ [ 55.30805931760537, 25.245444261139323 ], [ 55.30805931760537, 25.245534092667729 ], [ 55.308230310930171, 25.245525603016983 ], [ 55.308230310900122, 25.245480687251177 ], [ 55.308185395107436, 25.245435771510238 ], [ 55.30805931760537, 25.245444261139323 ] ] ], [ [ [ 55.306851945620558, 25.247224883300007 ], [ 55.3065772, 25.2472505 ], [ 55.3065799, 25.2472991 ], [ 55.306896306751646, 25.247269498868775 ], [ 55.306894888591664, 25.247244025482669 ], [ 55.307616806380757, 25.247132397589546 ], [ 55.308189506010592, 25.246987896568754 ], [ 55.308043704982644, 25.246495496769079 ], [ 55.3079173779469, 25.246508710433389 ], [ 55.307917377935823, 25.246473377912562 ], [ 55.307834738784337, 25.246477323716057 ], [ 55.307834738784386, 25.246517354335381 ], [ 55.3067161, 25.2467707 ], [ 55.306851945620558, 25.247224883300007 ] ] ], [ [ [ 55.308243792791785, 25.24225801276592 ], [ 55.3081747, 25.2422682 ], [ 55.3081847, 25.2423113 ], [ 55.308253792803804, 25.242301012764226 ], [ 55.308243792791785, 25.24225801276592 ] ] ], [ [ [ 55.308326, 25.2304794 ], [ 55.308405889450491, 25.230442612550743 ], [ 55.30837138944004, 25.230403812558226 ], [ 55.3082915, 25.2304406 ], [ 55.308326, 25.2304794 ] ] ], [ [ [ 55.3072667, 25.237089 ], [ 55.307477273888118, 25.237066972510622 ], [ 55.3074862, 25.2372906 ], [ 55.308250185352897, 25.23724719536607 ], [ 55.308231384356496, 25.236776095346016 ], [ 55.3067122, 25.2368439 ], [ 55.3066981, 25.2370482 ], [ 55.3067206, 25.2370991 ], [ 55.3072667, 25.237089 ] ] ], [ [ [ 55.307969486076956, 25.2452645980825 ], [ 55.308105851554132, 25.245255032348851 ], [ 55.308105851486403, 25.245165200816832 ], [ 55.30792457031275, 25.245174766554076 ], [ 55.30792457031275, 25.24521968231829 ], [ 55.307969486076956, 25.2452645980825 ] ] ], [ [ [ 55.308266389724757, 25.231406112597814 ], [ 55.308245689718163, 25.231381712602278 ], [ 55.3081678, 25.2314157 ], [ 55.3081885, 25.23144 ], [ 55.308266389724757, 25.231406112597814 ] ] ], [ [ [ 55.3081296, 25.2329127 ], [ 55.308225650249426, 25.232906121054224 ], [ 55.308225150239075, 25.232884121053871 ], [ 55.3081291, 25.2328907 ], [ 55.3081296, 25.2329127 ] ] ], [ [ [ 55.307879654548543, 25.24499510349726 ], [ 55.307879654548543, 25.245040019261463 ], [ 55.308029737291108, 25.245029018716917 ], [ 55.30802973725217, 25.244984102950635 ], [ 55.307879654548543, 25.24499510349726 ] ] ], [ [ [ 55.305098305515607, 25.246592401946224 ], [ 55.306046334560222, 25.246352112429083 ], [ 55.3061786, 25.2467919 ], [ 55.306923805517997, 25.246689198755185 ], [ 55.307317905265919, 25.246590998052874 ], [ 55.307310686743953, 25.246567307471157 ], [ 55.307994504808086, 25.246410596845813 ], [ 55.307844603779351, 25.245917597053243 ], [ 55.3075874, 25.2459445 ], [ 55.307148621264325, 25.246049761419791 ], [ 55.3070847037093, 25.245844698377859 ], [ 55.3068275, 25.2458716 ], [ 55.3064505, 25.2459678 ], [ 55.306539686570829, 25.24625385729011 ], [ 55.306136173781624, 25.246328942189102 ], [ 55.30607750444004, 25.246136500177329 ], [ 55.3056393, 25.2461971 ], [ 55.3047794, 25.2464176 ], [ 55.3048411, 25.2466193 ], [ 55.305098305515607, 25.246592401946224 ] ], [ [ 55.306823904732617, 25.246313598888104 ], [ 55.307038469975069, 25.246258904391766 ], [ 55.307047088337356, 25.24628541086247 ], [ 55.30666518138748, 25.246368228326951 ], [ 55.306654152291955, 25.246331353393305 ], [ 55.306823904732617, 25.246313598888104 ] ] ], [ [ [ 55.307737020374965, 25.253736598122128 ], [ 55.307566495541494, 25.253754432835098 ], [ 55.307454173120846, 25.253521924943762 ], [ 55.307161002321251, 25.25352909869639 ], [ 55.306936423500218, 25.253663845989006 ], [ 55.306936423500218, 25.253798593281626 ], [ 55.306996386712918, 25.253794803693857 ], [ 55.3069405, 25.2538217 ], [ 55.3070038, 25.2539292 ], [ 55.307154290331617, 25.253965131445437 ], [ 55.306997, 25.254074 ], [ 55.3069583, 25.2541544 ], [ 55.3070132, 25.2542467 ], [ 55.3071215, 25.2542697 ], [ 55.307378721488718, 25.254242798807738 ], [ 55.30788442090163, 25.253992597892331 ], [ 55.307737020374965, 25.253736598122128 ] ] ], [ [ [ 55.307954765517501, 25.244218980561367 ], [ 55.30778982302013, 25.244231535505758 ], [ 55.307744907255923, 25.244276451269972 ], [ 55.307744907255923, 25.244321367034171 ], [ 55.30778982302013, 25.244366282798378 ], [ 55.307999681412703, 25.244353727824297 ], [ 55.307999681323821, 25.244263896291169 ], [ 55.307954765517501, 25.244218980561367 ] ] ], [ [ [ 55.3038934, 25.2539583 ], [ 55.3037879, 25.2540122 ], [ 55.3038772, 25.2541656 ], [ 55.30439164317162, 25.254111808521927 ], [ 55.304592668627592, 25.253987287595457 ], [ 55.3046084, 25.2540137 ], [ 55.304841398316363, 25.253989336121009 ], [ 55.3046433, 25.2540895 ], [ 55.3047068, 25.254182 ], [ 55.3048991, 25.2542379 ], [ 55.305156321668463, 25.25421100270335 ], [ 55.30526572153093, 25.254151902504738 ], [ 55.305254609630538, 25.254133226112383 ], [ 55.305336121465395, 25.25412470237816 ], [ 55.305740220978791, 25.253916501645708 ], [ 55.305730031858886, 25.253900333023683 ], [ 55.305789620925772, 25.253894101556515 ], [ 55.306371820245182, 25.253603800502358 ], [ 55.306346212278896, 25.253560593650498 ], [ 55.306418820132194, 25.253553000414172 ], [ 55.306541219983437, 25.253489300192246 ], [ 55.306529629626027, 25.253471068795509 ], [ 55.306627819913352, 25.253460800037107 ], [ 55.306981819481933, 25.253275999395221 ], [ 55.306952490456588, 25.253230017011848 ], [ 55.307077919345865, 25.253216899219968 ], [ 55.307371419000731, 25.253069598688462 ], [ 55.307357082552599, 25.25304620353376 ], [ 55.307464218916998, 25.253034998521745 ], [ 55.30784251850578, 25.252860997838479 ], [ 55.307868218344034, 25.252786097784959 ], [ 55.30779231809921, 25.252666697904679 ], [ 55.3075351, 25.2526936 ], [ 55.30711063807577, 25.252890968836947 ], [ 55.3067677, 25.2529464 ], [ 55.3066687, 25.2529961 ], [ 55.30668509847213, 25.253022823089555 ], [ 55.306531787473837, 25.253038856500133 ], [ 55.306740018786094, 25.252935299781072 ], [ 55.306725751229415, 25.252911830804809 ], [ 55.306786923428604, 25.25288071731126 ], [ 55.3068213, 25.2529345 ], [ 55.306855595830243, 25.252930913250793 ], [ 55.307045395799364, 25.252831713204902 ], [ 55.307005658560037, 25.252769463581419 ], [ 55.307270195740372, 25.252634913149365 ], [ 55.307184395702812, 25.252497613167375 ], [ 55.3071501, 25.2525012 ], [ 55.30655, 25.2528058 ], [ 55.306566043744695, 25.252832778290081 ], [ 55.3064138, 25.2528487 ], [ 55.3060603, 25.2530244 ], [ 55.306071155259218, 25.253042271862391 ], [ 55.3058186, 25.2531281 ], [ 55.3047728, 25.2536441 ], [ 55.304786271350046, 25.253666441576762 ], [ 55.304641793142615, 25.253704015775948 ], [ 55.30457700448639, 25.25358478155572 ], [ 55.304743184184602, 25.253575455066947 ], [ 55.304903684080955, 25.253492254911759 ], [ 55.304888061770441, 25.253467548168391 ], [ 55.304969284039508, 25.253459054848388 ], [ 55.305144083931395, 25.25337265467962 ], [ 55.305178583831591, 25.253286254642145 ], [ 55.30506278363039, 25.253102354739443 ], [ 55.3049256, 25.2531167 ], [ 55.3046857, 25.2532344 ], [ 55.304709724084987, 25.253273619717291 ], [ 55.3046248, 25.2532825 ], [ 55.304443908200255, 25.2533767538131 ], [ 55.304419119074886, 25.25333412158804 ], [ 55.304484783919094, 25.253327255293804 ], [ 55.304735483761235, 25.253200855051631 ], [ 55.304725617584801, 25.253184850305555 ], [ 55.304795383731317, 25.253177554994167 ], [ 55.305043583575305, 25.253052654754423 ], [ 55.304900583320617, 25.252820054874253 ], [ 55.304768435225455, 25.25283387347373 ], [ 55.304880583273949, 25.252777754890417 ], [ 55.304740883023939, 25.252549455007397 ], [ 55.3046037, 25.2525638 ], [ 55.3043508, 25.2526903 ], [ 55.30436432904154, 25.252712434948478 ], [ 55.3042872, 25.2527205 ], [ 55.3040418, 25.2528431 ], [ 55.304166674897616, 25.253047457614457 ], [ 55.3039903, 25.2530659 ], [ 55.3037181, 25.2531954 ], [ 55.3039458, 25.253587 ], [ 55.304203020393544, 25.253560104302508 ], [ 55.304415710974894, 25.253458915664496 ], [ 55.304450920238537, 25.253517670894233 ], [ 55.3042785, 25.2535357 ], [ 55.3039871, 25.2536653 ], [ 55.304132744851742, 25.253933273636811 ], [ 55.3038934, 25.2539583 ] ], [ [ 55.30677646317163, 25.253171711545409 ], [ 55.306703942383685, 25.253179295890614 ], [ 55.30676244821359, 25.25314887271259 ], [ 55.30677646317163, 25.253171711545409 ] ], [ [ 55.306161260000302, 25.253206714267403 ], [ 55.306339967393015, 25.253115968769922 ], [ 55.3064096, 25.2532255 ], [ 55.306612457863771, 25.253204285115157 ], [ 55.3062954, 25.2533698 ], [ 55.306308699602077, 25.253390651389214 ], [ 55.306048801411038, 25.253411272979886 ], [ 55.306233795949716, 25.253320713402097 ], [ 55.306161260000302, 25.253206714267403 ] ], [ [ 55.305428397170708, 25.25371738359015 ], [ 55.305502081900769, 25.253681027392201 ], [ 55.305478566019772, 25.25371213732647 ], [ 55.305428397170708, 25.25371738359015 ] ], [ [ 55.30508569304402, 25.253860179721741 ], [ 55.305080732613376, 25.253855019893944 ], [ 55.305099512919455, 25.253853056047493 ], [ 55.30508569304402, 25.253860179721741 ] ], [ [ 55.304949314108399, 25.253946059771941 ], [ 55.30495832030627, 25.253960344808313 ], [ 55.304909479714787, 25.253965451983252 ], [ 55.304949314108399, 25.253946059771941 ] ], [ [ 55.304313783614809, 25.253049355437103 ], [ 55.304550284225371, 25.2529124381001 ], [ 55.304623547366056, 25.252904777176116 ], [ 55.3045152, 25.2529593 ], [ 55.304530490334848, 25.252984170898792 ], [ 55.304460400000011, 25.2529915 ], [ 55.304274453740049, 25.253085326162271 ], [ 55.304256991156535, 25.253055293939191 ], [ 55.304313783614809, 25.253049355437103 ] ] ], [ [ [ 55.307931653995965, 25.24491922533603 ], [ 55.307895453864042, 25.244825225371773 ], [ 55.307695, 25.2448518 ], [ 55.3077313, 25.2449458 ], [ 55.307931653995965, 25.24491922533603 ] ] ], [ [ [ 55.307846394919324, 25.249762012971473 ], [ 55.3077503, 25.2497781 ], [ 55.3077667, 25.2498443 ], [ 55.307862794937805, 25.24982821296863 ], [ 55.307846394919324, 25.249762012971473 ] ] ], [ [ [ 55.3078543, 25.2312523 ], [ 55.3079226, 25.2313292 ], [ 55.308047689686603, 25.231259612646731 ], [ 55.308009189674912, 25.231216212655081 ], [ 55.307942089674107, 25.231209812670663 ], [ 55.3078543, 25.2312523 ] ] ], [ [ [ 55.3072091, 25.2524966 ], [ 55.3073116, 25.2526635 ], [ 55.30756881806024, 25.252636598293396 ], [ 55.307729117871425, 25.252555998003089 ], [ 55.307664217525449, 25.252389498098207 ], [ 55.3073656, 25.2524179 ], [ 55.3072091, 25.2524966 ] ] ], [ [ [ 55.307655075727517, 25.245534092667725 ], [ 55.307775437683595, 25.24552620111227 ], [ 55.307820353418393, 25.245481285323482 ], [ 55.307820353390454, 25.24543636955779 ], [ 55.307699991491724, 25.245444261139316 ], [ 55.307655075727517, 25.245489176903522 ], [ 55.307655075727517, 25.245534092667725 ] ] ], [ [ [ 55.307879654548543, 25.233721246681561 ], [ 55.307977148898473, 25.233715746158314 ], [ 55.30797714885955, 25.23362591462784 ], [ 55.307879654548543, 25.233631415153145 ], [ 55.307879654548543, 25.233721246681561 ] ] ], [ [ [ 55.307610159963311, 25.231744953056491 ], [ 55.307880458551139, 25.231740169982324 ], [ 55.30797029004394, 25.231650338424124 ], [ 55.307970290027022, 25.231605422659019 ], [ 55.307925374246778, 25.231560506907908 ], [ 55.30778982302013, 25.231565289999672 ], [ 55.307610159963311, 25.231700037292288 ], [ 55.307610159963311, 25.231744953056491 ] ] ], [ [ [ 55.3075003, 25.2375891 ], [ 55.3075403, 25.2376516 ], [ 55.3075785, 25.2376599 ], [ 55.307867291494844, 25.237649612784807 ], [ 55.307858391415955, 25.23737001278268 ], [ 55.3074937, 25.2373822 ], [ 55.3075003, 25.2375891 ] ] ], [ [ [ 55.307689469173965, 25.230755035137182 ], [ 55.3076401, 25.2307602 ], [ 55.3075082, 25.2308557 ], [ 55.3075798, 25.2309366 ], [ 55.30769981359601, 25.230924044565818 ], [ 55.307757413551791, 25.230882344516498 ], [ 55.307739527010355, 25.230862134771055 ], [ 55.307813813475704, 25.230808344466478 ], [ 55.307778753774471, 25.230768714676898 ], [ 55.307952889514752, 25.230646312659683 ], [ 55.307822989474445, 25.230496812687793 ], [ 55.3076657, 25.2305661 ], [ 55.307766298221132, 25.230657400757746 ], [ 55.3076652, 25.2307255 ], [ 55.307689469173965, 25.230755035137182 ] ] ], [ [ [ 55.307528803904248, 25.243442713606054 ], [ 55.307717298504059, 25.243422996995704 ], [ 55.307755798483029, 25.243415096927297 ], [ 55.30774699841043, 25.243380396938818 ], [ 55.3074898, 25.2434073 ], [ 55.307385581142277, 25.243423051750053 ], [ 55.307385581142277, 25.243467967514253 ], [ 55.307528803904248, 25.243442713606054 ] ] ], [ [ [ 55.30769769287042, 25.242507512897362 ], [ 55.3076159, 25.242527 ], [ 55.3076448, 25.2425974 ], [ 55.307726492889898, 25.242577912891687 ], [ 55.30769769287042, 25.242507512897362 ] ] ], [ [ [ 55.307699991491724, 25.233676330917355 ], [ 55.307699991491724, 25.233721246681558 ], [ 55.307842401608909, 25.23371574620661 ], [ 55.307842401589454, 25.233670830441373 ], [ 55.307699991491724, 25.233676330917355 ] ] ], [ [ [ 55.3075132, 25.2489215 ], [ 55.3075246, 25.2489439 ], [ 55.307585194687761, 25.248929413020068 ], [ 55.307573794681559, 25.248906913022392 ], [ 55.3075132, 25.2489215 ] ] ], [ [ [ 55.307385581142277, 25.250789237079829 ], [ 55.30734961393842, 25.250681898457874 ], [ 55.3070924, 25.2507088 ], [ 55.3067969, 25.2507796 ], [ 55.3068361, 25.2509566 ], [ 55.307093314492533, 25.250929698935398 ], [ 55.307398514293347, 25.250851798391221 ], [ 55.307393277718234, 25.250833604397748 ], [ 55.307526523538726, 25.250824109438625 ], [ 55.307526523503164, 25.250779193672525 ], [ 55.307385581142277, 25.250789237079829 ] ] ], [ [ [ 55.307430496906534, 25.243687848209738 ], [ 55.307579435394473, 25.243681665619533 ], [ 55.307579435355954, 25.243636749853284 ], [ 55.307295749613864, 25.243647630571076 ], [ 55.307295749613864, 25.243692546335286 ], [ 55.307430496906534, 25.243687848209738 ] ] ], [ [ [ 55.307565244199104, 25.233811078209968 ], [ 55.307663881608789, 25.233805458227184 ], [ 55.307663881588901, 25.233760542461919 ], [ 55.307565244199104, 25.233766162445765 ], [ 55.307565244199104, 25.233811078209968 ] ] ], [ [ [ 55.307435794693795, 25.248942913055203 ], [ 55.3073611, 25.2489542 ], [ 55.3073698, 25.2489918 ], [ 55.307444494704299, 25.248980513053745 ], [ 55.307435794693795, 25.248942913055203 ] ] ], [ [ [ 55.307576089544774, 25.230732812749057 ], [ 55.307678389521804, 25.230656912724001 ], [ 55.307648689512952, 25.230624012730438 ], [ 55.307512, 25.2307035 ], [ 55.307576089544774, 25.230732812749057 ] ] ], [ [ [ 55.3074271, 25.2311578 ], [ 55.3074923, 25.2312168 ], [ 55.307653213861641, 25.231190244617917 ], [ 55.307603513782247, 25.23110734465422 ], [ 55.3074835, 25.2311199 ], [ 55.3074271, 25.2311578 ] ] ], [ [ [ 55.307437489347691, 25.230027912770861 ], [ 55.307608489311306, 25.229908112729092 ], [ 55.307552189293567, 25.229842312741269 ], [ 55.3073469, 25.2299658 ], [ 55.3074032, 25.2300315 ], [ 55.307437489347691, 25.230027912770861 ] ] ], [ [ [ 55.30751418957054, 25.230820812764833 ], [ 55.307567389559104, 25.230783112751837 ], [ 55.307495189536588, 25.230699612767463 ], [ 55.3074609, 25.2307032 ], [ 55.3074077, 25.2307409 ], [ 55.3074799, 25.2308244 ], [ 55.30751418957054, 25.230820812764833 ] ] ], [ [ [ 55.307250833849658, 25.24333322022164 ], [ 55.307250833849658, 25.243378135985846 ], [ 55.3073837686213, 25.243368929326913 ], [ 55.307383768588707, 25.243324013560979 ], [ 55.307250833849658, 25.24333322022164 ] ] ], [ [ [ 55.305813529395067, 25.231924616113325 ], [ 55.305813529395067, 25.231969531877528 ], [ 55.305948276687687, 25.232014447641738 ], [ 55.306622013150779, 25.232014447641735 ], [ 55.307395529170535, 25.2318739608464 ], [ 55.30753027643965, 25.231829045030718 ], [ 55.307530276419349, 25.231784129265442 ], [ 55.307170950314216, 25.231784129399827 ], [ 55.306742044046374, 25.231828520584166 ], [ 55.306729423673474, 25.231786469393857 ], [ 55.306579684821834, 25.231796183110994 ], [ 55.306772914085762, 25.231370745347558 ], [ 55.306751913798415, 25.231079045349396 ], [ 55.306674613728362, 25.231004145408708 ], [ 55.306596213726486, 25.230998145472523 ], [ 55.3060841, 25.2310356 ], [ 55.3060289, 25.2310736 ], [ 55.3057472, 25.2315532 ], [ 55.305767802231337, 25.231614661032143 ], [ 55.3056753, 25.2316158 ], [ 55.3056043, 25.2316953 ], [ 55.305640904385022, 25.231722116706088 ], [ 55.30561130000001, 25.2317372 ], [ 55.3056448, 25.2317614 ], [ 55.305778595666332, 25.23175409165643 ], [ 55.305816444410006, 25.231711771292876 ], [ 55.3059714, 25.2318469 ], [ 55.306375576590348, 25.231866448421712 ], [ 55.305813529395067, 25.231924616113325 ] ] ], [ [ [ 55.3050384, 25.2553866 ], [ 55.305295624089986, 25.255359702588425 ], [ 55.305824823414184, 25.255068901627137 ], [ 55.305877236703466, 25.254968712310273 ], [ 55.305943323173786, 25.254961801407156 ], [ 55.306284822763473, 25.254786300788201 ], [ 55.306270855266874, 25.254764069931802 ], [ 55.306341322694387, 25.254756700685736 ], [ 55.30654073276272, 25.254655958542042 ], [ 55.306654481387632, 25.254841047677647 ], [ 55.3064264, 25.2548649 ], [ 55.306283921602443, 25.254931984589494 ], [ 55.3060887, 25.2549524 ], [ 55.3058482, 25.2550712 ], [ 55.3058126, 25.2551695 ], [ 55.3059088, 25.2553065 ], [ 55.306166023823245, 25.255279601052226 ], [ 55.306461223469839, 25.255128500517255 ], [ 55.306424955306319, 25.255064646267375 ], [ 55.306719785737755, 25.254947309129722 ], [ 55.3068548, 25.255167 ], [ 55.306966596465614, 25.255183013258645 ], [ 55.307139996435097, 25.255084213216591 ], [ 55.307168696404062, 25.254976013208253 ], [ 55.306901796270161, 25.254488613263366 ], [ 55.306686460178177, 25.254580080351761 ], [ 55.306641062802626, 25.254506575273954 ], [ 55.306838896247754, 25.25440611327685 ], [ 55.306607096137846, 25.254005413325054 ], [ 55.3064339, 25.2539758 ], [ 55.3061966, 25.2540928 ], [ 55.306217788863876, 25.254127085345349 ], [ 55.3061182, 25.2541375 ], [ 55.3058453, 25.2542668 ], [ 55.305872649468036, 25.254313989109207 ], [ 55.3057511, 25.2543267 ], [ 55.3054181, 25.2544968 ], [ 55.305428761072029, 25.254513872651462 ], [ 55.3052994, 25.2545274 ], [ 55.3050972, 25.2546244 ], [ 55.305077955011626, 25.254695629156483 ], [ 55.304952, 25.2547088 ], [ 55.3048051, 25.2547737 ], [ 55.3047402, 25.2548738 ], [ 55.3047259, 25.2549632 ], [ 55.304757, 25.2550828 ], [ 55.3048274, 25.2551454 ], [ 55.304946700728969, 25.255132925153038 ], [ 55.3049474, 25.2552458 ], [ 55.3050384, 25.2553866 ] ], [ [ 55.306373858843955, 25.254379618910857 ], [ 55.306379684866293, 25.254389045853323 ], [ 55.306346689770201, 25.254392496398058 ], [ 55.306373858843955, 25.254379618910857 ] ], [ [ 55.305584581091772, 25.254674553796644 ], [ 55.305789722535955, 25.254653101641868 ], [ 55.306122722138056, 25.254483001038444 ], [ 55.306109852975773, 25.254462392498233 ], [ 55.306187154395559, 25.254454308629562 ], [ 55.3059536, 25.2545723 ], [ 55.305966279981348, 25.254592830916941 ], [ 55.3058939, 25.2546004 ], [ 55.305578306336805, 25.254762586541272 ], [ 55.305516349433994, 25.254769065462121 ], [ 55.305614481785845, 25.254717967920609 ], [ 55.305584581091772, 25.254674553796644 ] ] ], [ [ [ 55.307385581142277, 25.231295795414443 ], [ 55.307385581142277, 25.231385626942856 ], [ 55.307478502527822, 25.23138060483933 ], [ 55.307478502492287, 25.231290773309034 ], [ 55.307385581142277, 25.231295795414443 ] ] ], [ [ [ 55.306086655717905, 25.24457064287424 ], [ 55.307160600405524, 25.244290598069735 ], [ 55.307269900021048, 25.244114997858258 ], [ 55.307165299405071, 25.243818998008386 ], [ 55.3067096, 25.2438945 ], [ 55.306551818529073, 25.244078152066919 ], [ 55.306493499659773, 25.24390389919617 ], [ 55.3062363, 25.2439308 ], [ 55.305875873156175, 25.244029559022753 ], [ 55.30565270000001, 25.2440529 ], [ 55.3051243, 25.2441911 ], [ 55.305222914110715, 25.244494177169255 ], [ 55.3048748, 25.2445859 ], [ 55.304941, 25.2447879 ], [ 55.3050334, 25.2448367 ], [ 55.305547803342876, 25.244782902361838 ], [ 55.305761603014631, 25.244716701596939 ], [ 55.305747480580123, 25.244672225692696 ], [ 55.305796809487212, 25.244650434903036 ], [ 55.306086655717905, 25.24457064287424 ] ] ], [ [ [ 55.307218153145804, 25.234074594271171 ], [ 55.307352900371633, 25.233939846922688 ], [ 55.307352900329334, 25.233850015392026 ], [ 55.307205918085451, 25.233855993974178 ], [ 55.307161002321251, 25.233900909738384 ], [ 55.307116086557045, 25.234080572795204 ], [ 55.307218153145804, 25.234074594271171 ] ] ], [ [ [ 55.3066691, 25.2308522 ], [ 55.3065612, 25.2308976 ], [ 55.3065887, 25.2309522 ], [ 55.306883122165345, 25.230857370092018 ], [ 55.3069986, 25.2310379 ], [ 55.307162239520068, 25.231156015670493 ], [ 55.307071170792838, 25.231161048121816 ], [ 55.307071170792838, 25.231205963886023 ], [ 55.30716637809266, 25.23120070273815 ], [ 55.307166378075053, 25.231158140299623 ], [ 55.307342089682251, 25.231207212810869 ], [ 55.30737858964897, 25.231091312800594 ], [ 55.307033989570236, 25.230794512876685 ], [ 55.306970907223068, 25.230808328675245 ], [ 55.306950013481817, 25.230769245171057 ], [ 55.306890044451549, 25.230775518653154 ], [ 55.306946513464112, 25.23075114517297 ], [ 55.306904413387578, 25.230671545203226 ], [ 55.3067844, 25.2306841 ], [ 55.306579046995765, 25.230784842533538 ], [ 55.3055886, 25.2309763 ], [ 55.305603, 25.2310354 ], [ 55.305997239664691, 25.230967963932482 ], [ 55.3060028, 25.2309922 ], [ 55.306122813732728, 25.23097964585882 ], [ 55.306409913664055, 25.230925245621098 ], [ 55.306545913609348, 25.230877045507313 ], [ 55.306597743668767, 25.230820232672077 ], [ 55.3066159, 25.2308546 ], [ 55.3066691, 25.2308522 ] ] ], [ [ [ 55.307250833849658, 25.231340711178639 ], [ 55.307250833849658, 25.231475458471259 ], [ 55.307343755273529, 25.231470436413719 ], [ 55.307343755220224, 25.231335689118271 ], [ 55.307250833849658, 25.231340711178639 ] ] ], [ [ [ 55.307203881463934, 25.235357396987837 ], [ 55.3063508, 25.2354328 ], [ 55.3061464, 25.2358915 ], [ 55.307071282489595, 25.23583439727404 ], [ 55.307203881463934, 25.235357396987837 ] ] ], [ [ [ 55.3066853038152, 25.24587369908166 ], [ 55.307057103582167, 25.245783298419358 ], [ 55.306998703171352, 25.245586498499623 ], [ 55.3067415, 25.2456134 ], [ 55.3063697, 25.2457037 ], [ 55.3064281, 25.2459006 ], [ 55.3066853038152, 25.24587369908166 ] ] ], [ [ [ 55.307129112783379, 25.23007224498792 ], [ 55.307218912722959, 25.230015844911492 ], [ 55.307239712666707, 25.229960044891541 ], [ 55.307200812623144, 25.229913944920945 ], [ 55.306978066847172, 25.229950767232285 ], [ 55.306961312563082, 25.229840645113008 ], [ 55.306707, 25.2298389 ], [ 55.3065315, 25.2299169 ], [ 55.3065694, 25.2300816 ], [ 55.306750612806454, 25.230075745297722 ], [ 55.306916197635672, 25.230006343318429 ], [ 55.306926068795597, 25.23005653921356 ], [ 55.3068166, 25.2300627 ], [ 55.3067295, 25.2301159 ], [ 55.3067345, 25.2301452 ], [ 55.307129112783379, 25.23007224498792 ] ] ], [ [ [ 55.306962094493933, 25.248211313155018 ], [ 55.306932194463791, 25.248103113160386 ], [ 55.3068303, 25.2481221 ], [ 55.3068602, 25.2482302 ], [ 55.306962094493933, 25.248211313155018 ] ] ], [ [ [ 55.306936423500218, 25.234035657030997 ], [ 55.306936423500218, 25.234170404323617 ], [ 55.307083405898823, 25.234164425854328 ], [ 55.307083405835364, 25.234029678558333 ], [ 55.306936423500218, 25.234035657030997 ] ] ], [ [ [ 55.303484304980557, 25.245882297756783 ], [ 55.303715060714772, 25.245832859050804 ], [ 55.303759221278284, 25.245973490582227 ], [ 55.3035191, 25.2459986 ], [ 55.302784567384911, 25.246199781229176 ], [ 55.302729904745703, 25.246105406045487 ], [ 55.302677278170272, 25.246110908846049 ], [ 55.302712304723485, 25.246094006075076 ], [ 55.302636493914783, 25.245936514132453 ], [ 55.3026022, 25.2459401 ], [ 55.302476, 25.2459772 ], [ 55.302482923269515, 25.245996432860903 ], [ 55.3023876, 25.2460064 ], [ 55.3022614, 25.2460672 ], [ 55.302279505443551, 25.246097939042571 ], [ 55.3021246, 25.2461656 ], [ 55.3021807, 25.2462564 ], [ 55.302379374629467, 25.246176522339432 ], [ 55.3023465, 25.2461921 ], [ 55.3024061, 25.246295 ], [ 55.302447456977468, 25.246290675672636 ], [ 55.302386815705916, 25.2463171565335 ], [ 55.302411994022293, 25.246305014190511 ], [ 55.302354293995492, 25.246207214202531 ], [ 55.3021904, 25.2462734 ], [ 55.3022481, 25.2463711 ], [ 55.302282089838471, 25.246367546029244 ], [ 55.3022509, 25.2463826 ], [ 55.3023115, 25.2464854 ], [ 55.30253103589996, 25.246402382073164 ], [ 55.3023225, 25.2465025 ], [ 55.3023859, 25.2466074 ], [ 55.302551049428288, 25.246531283813301 ], [ 55.302670078302747, 25.246518837919687 ], [ 55.3024026, 25.2466398 ], [ 55.302473, 25.2467575 ], [ 55.302636698336883, 25.246675370340778 ], [ 55.302751151957175, 25.246663402800746 ], [ 55.3028084, 25.2468614 ], [ 55.303065606254613, 25.246834505538956 ], [ 55.303910105700965, 25.246617604033194 ], [ 55.303861215126574, 25.246471647084817 ], [ 55.303994105335157, 25.246449503866891 ], [ 55.303985087897814, 25.246418970372737 ], [ 55.304033205242817, 25.246408003793633 ], [ 55.304025905191459, 25.246383403803659 ], [ 55.3035844, 25.24644 ], [ 55.3032988, 25.2465183 ], [ 55.303304872022267, 25.246536418586199 ], [ 55.302988462893985, 25.246598645710364 ], [ 55.303008505741168, 25.246589405611452 ], [ 55.30294820552075, 25.246482305705126 ], [ 55.30282021026914, 25.246495689387242 ], [ 55.302892337806, 25.246459570978022 ], [ 55.303181905415087, 25.246444705290969 ], [ 55.303860030160322, 25.246260435904063 ], [ 55.303882, 25.2463293 ], [ 55.304139205007118, 25.246302403595791 ], [ 55.304361804856235, 25.246242903198642 ], [ 55.304354734419661, 25.246222461334042 ], [ 55.304671604631622, 25.246153202645136 ], [ 55.304624546973137, 25.246017150628386 ], [ 55.30486980426673, 25.245991502279264 ], [ 55.30586638313774, 25.245743596194885 ], [ 55.3058845, 25.2458034 ], [ 55.306231693800918, 25.24572201328845 ], [ 55.306201793773482, 25.245623413293963 ], [ 55.305907289519411, 25.245692364132161 ], [ 55.305942721043849, 25.245636620387511 ], [ 55.306044893772835, 25.245612913330486 ], [ 55.30603384852509, 25.245577970706183 ], [ 55.306401603099694, 25.245521399539562 ], [ 55.306364905925577, 25.245407532061709 ], [ 55.306898002563798, 25.245294698643384 ], [ 55.306820902054987, 25.245050698751125 ], [ 55.3065637, 25.2450776 ], [ 55.30628949325277, 25.245148441774042 ], [ 55.306277685497939, 25.245110238606213 ], [ 55.306797301942687, 25.244996498786413 ], [ 55.306724801508011, 25.244787698890057 ], [ 55.306660001471322, 25.244766999001381 ], [ 55.3064028, 25.2447939 ], [ 55.3061624, 25.2448491 ], [ 55.3060975, 25.244913 ], [ 55.306135707353853, 25.245025944486024 ], [ 55.3056839, 25.2451187 ], [ 55.3057577, 25.2453578 ], [ 55.306225421449703, 25.245277687320232 ], [ 55.306241733811923, 25.245329311391462 ], [ 55.305969755152525, 25.245375132668507 ], [ 55.305958693696986, 25.245340113346558 ], [ 55.3057606, 25.2453861 ], [ 55.305779144775109, 25.245444810712968 ], [ 55.3055316, 25.2454707 ], [ 55.304543852347905, 25.245744467247775 ], [ 55.304508203551123, 25.245635102873308 ], [ 55.304251, 25.245662 ], [ 55.3040123, 25.2457257 ], [ 55.30408, 25.2459336 ], [ 55.304496384540087, 25.245864308164059 ], [ 55.304518267816029, 25.245924183751473 ], [ 55.3043326, 25.2459436 ], [ 55.3041167, 25.2460042 ], [ 55.304122654976425, 25.246022857900115 ], [ 55.303889877004913, 25.246070609602931 ], [ 55.303850450750822, 25.246014376644425 ], [ 55.304039793903328, 25.245969413804769 ], [ 55.303969893841447, 25.245746913817776 ], [ 55.303749507079232, 25.245799164456749 ], [ 55.303960193832552, 25.245714913819551 ], [ 55.303876393759879, 25.245453513835226 ], [ 55.3036882, 25.2454893 ], [ 55.303623661395704, 25.245556832775474 ], [ 55.3031977, 25.2456209 ], [ 55.3022158, 25.2458435 ], [ 55.3022331, 25.245881 ], [ 55.302432253423412, 25.24586017633602 ], [ 55.3024667, 25.2459558 ], [ 55.302766802386913, 25.245892758595069 ], [ 55.3028119, 25.2460269 ], [ 55.302963593925334, 25.245990914056783 ], [ 55.302939113514853, 25.245861482483608 ], [ 55.30298, 25.2459867 ], [ 55.303237204380693, 25.245959805139247 ], [ 55.303484304980557, 25.245882297756783 ] ], [ [ 55.302759476166777, 25.24622253521154 ], [ 55.302768794712669, 25.246218119583421 ], [ 55.302768295020961, 25.246221613082017 ], [ 55.302759476166777, 25.24622253521154 ] ] ], [ [ [ 55.306755586330617, 25.237630098029829 ], [ 55.306755885704888, 25.237334897996057 ], [ 55.306689785540762, 25.237253998102837 ], [ 55.306238585590883, 25.237253998893976 ], [ 55.3058995, 25.2372907 ], [ 55.3058098, 25.2373964 ], [ 55.305814, 25.2375146 ], [ 55.3060178, 25.2380823 ], [ 55.306036, 25.238104 ], [ 55.306123524234714, 25.238094845250348 ], [ 55.3060625, 25.2381387 ], [ 55.3064426, 25.2385713 ], [ 55.306968891667665, 25.238214013003315 ], [ 55.306616160068202, 25.237814053298727 ], [ 55.306755586330617, 25.237630098029829 ] ] ], [ [ [ 55.3059627, 25.2429632 ], [ 55.306219897638641, 25.242936299566999 ], [ 55.306842797227844, 25.242775198456432 ], [ 55.306748196603806, 25.242475898588626 ], [ 55.306491, 25.2425028 ], [ 55.3058681, 25.2426639 ], [ 55.3059627, 25.2429632 ] ] ], [ [ [ 55.306784193105429, 25.243290913122738 ], [ 55.30665909298326, 25.242852213145394 ], [ 55.3063409, 25.2429221 ], [ 55.3064661, 25.2433607 ], [ 55.306784193105429, 25.243290913122738 ] ] ], [ [ [ 55.306846591971805, 25.231655121528082 ], [ 55.306846591971805, 25.231700037292292 ], [ 55.306944085469574, 25.231694537092782 ], [ 55.306944085450112, 25.231649621327541 ], [ 55.306846591971805, 25.231655121528082 ] ] ], [ [ [ 55.306944085294461, 25.231290295205621 ], [ 55.306846591971805, 25.231295795414436 ], [ 55.306846591971805, 25.231385626942842 ], [ 55.30694408533337, 25.231380126736099 ], [ 55.306944085294461, 25.231290295205621 ] ] ], [ [ [ 55.306786480230961, 25.239602103116638 ], [ 55.306711844679185, 25.23960521179254 ], [ 55.306711844679185, 25.23969504332096 ], [ 55.306786480252967, 25.239691934646217 ], [ 55.306786480230961, 25.239602103116638 ] ] ], [ [ [ 55.30661519524746, 25.250857713275888 ], [ 55.3065487, 25.250837 ], [ 55.3065182, 25.2508701 ], [ 55.306584695257243, 25.250890713283521 ], [ 55.30661519524746, 25.250857713275888 ] ] ], [ [ [ 55.3058569, 25.2425909 ], [ 55.306114096861059, 25.242563999710601 ], [ 55.306709496478774, 25.242414898649628 ], [ 55.306633795962895, 25.24216759875452 ], [ 55.3063766, 25.2421945 ], [ 55.3057812, 25.2423436 ], [ 55.3058569, 25.2425909 ] ] ], [ [ [ 55.306726704523889, 25.239199415579421 ], [ 55.30672670451839, 25.239154499814919 ], [ 55.306622013150779, 25.239156054150488 ], [ 55.306622013150779, 25.239200969914688 ], [ 55.306726704523889, 25.239199415579421 ] ] ], [ [ [ 55.306195269860787, 25.252624264737698 ], [ 55.306162695736631, 25.252563613407364 ], [ 55.305903, 25.2525789 ], [ 55.3060362, 25.2528152 ], [ 55.3061159, 25.2528335 ], [ 55.306275695794469, 25.252774013384084 ], [ 55.306259409094196, 25.252743688479033 ], [ 55.30649879575023, 25.252629313329724 ], [ 55.306434995720629, 25.252521313343031 ], [ 55.306195269860787, 25.252624264737698 ] ] ], [ [ [ 55.306651732918077, 25.239512271614355 ], [ 55.306651732907078, 25.239467355849573 ], [ 55.306577097386572, 25.239470464499924 ], [ 55.306577097386572, 25.239515380264123 ], [ 55.306651732918077, 25.239512271614355 ] ] ], [ [ [ 55.306252397875248, 25.248489648349054 ], [ 55.306450009299709, 25.248447599784324 ], [ 55.306437309222872, 25.248410699802442 ], [ 55.30623043356092, 25.24843233590666 ], [ 55.306204050448876, 25.248316714430306 ], [ 55.306317708996311, 25.248297599999493 ], [ 55.3063047088826, 25.248243300016178 ], [ 55.30618624459283, 25.248255689566044 ], [ 55.306161008741419, 25.248169200259895 ], [ 55.306013800089538, 25.248184595883831 ], [ 55.306182608691934, 25.248147000219504 ], [ 55.306109208128134, 25.247877300317874 ], [ 55.306060026583069, 25.247882443923363 ], [ 55.306053308092778, 25.247857700413707 ], [ 55.3056966, 25.2479067 ], [ 55.305704818363736, 25.247936898079498 ], [ 55.3056697, 25.2479447 ], [ 55.3057431, 25.2482145 ], [ 55.305891918993517, 25.248198936242098 ], [ 55.3057819, 25.2482252 ], [ 55.3058582, 25.2484866 ], [ 55.305936580808314, 25.24847840277927 ], [ 55.3059027, 25.2484855 ], [ 55.3059188, 25.2485478 ], [ 55.306252397875248, 25.248489648349054 ] ] ], [ [ [ 55.306442350093953, 25.23938063297151 ], [ 55.306442350093953, 25.239470464499917 ], [ 55.306566473650093, 25.239466877616135 ], [ 55.306566473637396, 25.239421961851264 ], [ 55.30652155786116, 25.239377046096877 ], [ 55.306442350093953, 25.23938063297151 ] ] ], [ [ [ 55.3053387, 25.2303645 ], [ 55.30534810000001, 25.230416 ], [ 55.305698073636144, 25.230378699452523 ], [ 55.304585, 25.2305928 ], [ 55.3045925, 25.2306341 ], [ 55.304786708295985, 25.230606378256198 ], [ 55.30481060000001, 25.2307374 ], [ 55.304866470994405, 25.230730984737772 ], [ 55.3049168, 25.2308251 ], [ 55.306683613192867, 25.230463045372897 ], [ 55.306635012978653, 25.230243845401123 ], [ 55.3060948, 25.230327 ], [ 55.3060024, 25.2303458 ], [ 55.306007797591718, 25.230367491954901 ], [ 55.305783259001927, 25.230385101867551 ], [ 55.30577798946144, 25.23034361316347 ], [ 55.305720202199225, 25.230351665342429 ], [ 55.305712513095251, 25.230313446159439 ], [ 55.3053387, 25.2303645 ] ], [ [ 55.305574754133538, 25.230446293742705 ], [ 55.305711067447305, 25.230417391880788 ], [ 55.305714717945079, 25.230431312455707 ], [ 55.305574754133538, 25.230446293742705 ] ], [ [ 55.305130351097738, 25.230511465973713 ], [ 55.305363436081841, 25.230476376355629 ], [ 55.305367819810165, 25.230494942729809 ], [ 55.305232642415817, 25.230515590270556 ], [ 55.305130351097738, 25.230511465973713 ] ], [ [ 55.304816654530285, 25.230579097277491 ], [ 55.305069919956999, 25.230523814576671 ], [ 55.305079275655906, 25.230559021552434 ], [ 55.304938877596257, 25.230575315396269 ], [ 55.304816654530285, 25.230579097277491 ] ] ], [ [ [ 55.306658889494642, 25.230507312960029 ], [ 55.3065199, 25.2305261 ], [ 55.3065313, 25.2305904 ], [ 55.306670289512645, 25.230571612958336 ], [ 55.306658889494642, 25.230507312960029 ] ] ], [ [ [ 55.3057969, 25.2303767 ], [ 55.305994589457761, 25.230341913112824 ], [ 55.305987440832993, 25.230311206559715 ], [ 55.306059244799783, 25.230297518531145 ], [ 55.3060656, 25.2303239 ], [ 55.306350113028017, 25.230278845636033 ], [ 55.306341995038167, 25.230245146680556 ], [ 55.306655512929936, 25.230195645381819 ], [ 55.306648412897168, 25.230162145385872 ], [ 55.306597565289287, 25.230167464593958 ], [ 55.306589012866148, 25.230127645432649 ], [ 55.3062793, 25.2301733 ], [ 55.306294513314171, 25.230248062211135 ], [ 55.306286312966954, 25.230213745684797 ], [ 55.306218297198029, 25.230223143785704 ], [ 55.306207212934964, 25.230177245747591 ], [ 55.3059925, 25.2301892 ], [ 55.3060046, 25.2302341 ], [ 55.306045713041861, 25.230241409478843 ], [ 55.3057891, 25.2302866 ], [ 55.3057969, 25.2303767 ] ] ], [ [ [ 55.3061323, 25.2434441 ], [ 55.306424193135491, 25.243378413208227 ], [ 55.306295993014508, 25.242943713231675 ], [ 55.3059876, 25.2430134 ], [ 55.3060878, 25.2434032 ], [ 55.3061323, 25.2434441 ] ] ], [ [ [ 55.305644104542061, 25.246161900940365 ], [ 55.306345304098983, 25.245989699691073 ], [ 55.306288103682085, 25.245790099768914 ], [ 55.3060309, 25.245817 ], [ 55.3053252, 25.2459871 ], [ 55.3053869, 25.2461888 ], [ 55.305644104542061, 25.246161900940365 ] ] ], [ [ [ 55.306320492716736, 25.241891613210143 ], [ 55.3056851, 25.2420469 ], [ 55.3057539, 25.2422698 ], [ 55.306390992780251, 25.242120013197088 ], [ 55.306320492716736, 25.241891613210143 ] ] ], [ [ [ 55.306405099600312, 25.239285301611602 ], [ 55.306405099561381, 25.239195470081125 ], [ 55.306270352232893, 25.239105638598947 ], [ 55.306127939744513, 25.239111138386274 ], [ 55.306127939744513, 25.239245885678891 ], [ 55.306307602801333, 25.239290801443097 ], [ 55.306405099600312, 25.239285301611602 ] ] ], [ [ [ 55.3063278, 25.2306944 ], [ 55.306492389542058, 25.230666413001348 ], [ 55.306480799796176, 25.23061875522362 ], [ 55.30652261334982, 25.230613345512495 ], [ 55.306505113275186, 25.230536945522797 ], [ 55.3062381, 25.230565 ], [ 55.306242490018235, 25.230590726130998 ], [ 55.3062021, 25.2305953 ], [ 55.3062524, 25.2306488 ], [ 55.306427639162727, 25.230627964623984 ], [ 55.3063208, 25.2306544 ], [ 55.3063278, 25.2306944 ] ], [ [ 55.306479815033249, 25.230618882629134 ], [ 55.306454467519828, 25.230623294747502 ], [ 55.306454279692367, 25.230622186308029 ], [ 55.306479815033249, 25.230618882629134 ] ] ], [ [ [ 55.306161215104858, 25.251169500597577 ], [ 55.306236515061904, 25.251153200463641 ], [ 55.306221814945189, 25.251097400483143 ], [ 55.3058892, 25.2511406 ], [ 55.305904, 25.2511964 ], [ 55.306161215104858, 25.251169500597577 ] ] ], [ [ [ 55.306280212676874, 25.229920045674348 ], [ 55.3060655, 25.229958 ], [ 55.3061144, 25.2301551 ], [ 55.306329912895279, 25.23014354564544 ], [ 55.306526612795913, 25.230053345479792 ], [ 55.306493912669758, 25.229924045499732 ], [ 55.306280212676874, 25.229920045674348 ] ] ], [ [ [ 55.306370694102114, 25.241276099115478 ], [ 55.30621609311337, 25.24080159933315 ], [ 55.3059589, 25.2408285 ], [ 55.3053743, 25.2409844 ], [ 55.3055289, 25.2414589 ], [ 55.305705206923889, 25.241440460198387 ], [ 55.3055272, 25.2414879 ], [ 55.3056818, 25.2419623 ], [ 55.306300592691962, 25.241802913213466 ], [ 55.306148334816726, 25.241335398222461 ], [ 55.306370694102114, 25.241276099115478 ] ] ], [ [ [ 55.3058329, 25.2476436 ], [ 55.306090107577589, 25.247616700322009 ], [ 55.306239507482097, 25.247579500055753 ], [ 55.306224707380892, 25.247531000076261 ], [ 55.3059675, 25.2475579 ], [ 55.3058182, 25.247595 ], [ 55.3058329, 25.2476436 ] ] ], [ [ [ 55.306257776911274, 25.234211135382953 ], [ 55.306127939744513, 25.234215320087827 ], [ 55.3060381082161, 25.234305151616237 ], [ 55.3060381082161, 25.234350067380444 ], [ 55.306257776955682, 25.234345882677928 ], [ 55.306302692704314, 25.234300966900687 ], [ 55.306302692689506, 25.234256051135702 ], [ 55.306257776911274, 25.234211135382953 ] ] ], [ [ [ 55.3028153, 25.2473457 ], [ 55.3028836, 25.2474508 ], [ 55.303043339049665, 25.247375411688257 ], [ 55.303192088729318, 25.247359857773883 ], [ 55.30290080000001, 25.2475111 ], [ 55.3030347, 25.2477221 ], [ 55.303254848921064, 25.247699080327298 ], [ 55.303262301134417, 25.247720578409872 ], [ 55.3031935, 25.2477151 ], [ 55.303055, 25.247762 ], [ 55.3031496, 25.2479174 ], [ 55.303271294472289, 25.247941414014164 ], [ 55.303508094450066, 25.24787521395778 ], [ 55.303472194422454, 25.247775713964685 ], [ 55.303345318384054, 25.247742385732888 ], [ 55.303491966718532, 25.247727051311408 ], [ 55.303465, 25.2477344 ], [ 55.30351, 25.2478697 ], [ 55.303767208315087, 25.247842804422081 ], [ 55.304310007947748, 25.247698003453621 ], [ 55.304364407773747, 25.247618803349265 ], [ 55.3042988073448, 25.247413103441129 ], [ 55.304231577235839, 25.247383635058366 ], [ 55.3045319, 25.2474265 ], [ 55.304745353942828, 25.247404178110667 ], [ 55.3047191, 25.2474325 ], [ 55.304786294311995, 25.247453813652502 ], [ 55.304815394302651, 25.247422313645224 ], [ 55.304785917154121, 25.247399936187566 ], [ 55.304913540116189, 25.247296923833964 ], [ 55.3049672, 25.2474343 ], [ 55.3050368, 25.247471 ], [ 55.305294007300027, 25.247444101698978 ], [ 55.305746606998859, 25.247325800891748 ], [ 55.305657106376636, 25.247027701015142 ], [ 55.3053999, 25.2470546 ], [ 55.304959920774365, 25.24718191398799 ], [ 55.304922146027472, 25.247061207584693 ], [ 55.305604229510962, 25.246902847120598 ], [ 55.305547877198769, 25.246738714849265 ], [ 55.305612785418781, 25.246726271934694 ], [ 55.30565450000001, 25.2468658 ], [ 55.306066129358058, 25.246772546735659 ], [ 55.306110229298767, 25.246714946696528 ], [ 55.306058229124723, 25.246536346729705 ], [ 55.305974229087212, 25.246494046796236 ], [ 55.30483042411597, 25.246760810345659 ], [ 55.304809505769278, 25.246696902464571 ], [ 55.3043023, 25.2467462 ], [ 55.304028, 25.2468161 ], [ 55.3040986, 25.2470437 ], [ 55.30466410641759, 25.24699500275322 ], [ 55.304809062524683, 25.246956200476575 ], [ 55.30483147753376, 25.247011818546554 ], [ 55.3046471, 25.2470311 ], [ 55.304297087945152, 25.247137997771734 ], [ 55.304293494216559, 25.247090513762299 ], [ 55.304127, 25.2471208 ], [ 55.3041451, 25.2471942 ], [ 55.304225357274255, 25.247183838020288 ], [ 55.304178, 25.2473088 ], [ 55.304195860446178, 25.24737853717372 ], [ 55.3039581, 25.2474034 ], [ 55.30357769827917, 25.247534818816398 ], [ 55.303510817269185, 25.247429556621405 ], [ 55.304039329993252, 25.247308248422886 ], [ 55.304080929928062, 25.247244548385471 ], [ 55.304061429856425, 25.24717114839758 ], [ 55.303837103363392, 25.247208851586812 ], [ 55.303890529888839, 25.247194948538716 ], [ 55.30387945978741, 25.247160122998739 ], [ 55.304050729805631, 25.247119248403596 ], [ 55.304033029734299, 25.247046248414254 ], [ 55.303957529699126, 25.247006748473968 ], [ 55.3038375, 25.2470193 ], [ 55.303326809662188, 25.24717367917258 ], [ 55.303244906699788, 25.247053805249209 ], [ 55.303122092515849, 25.247066647339764 ], [ 55.303311694212397, 25.247024413990921 ], [ 55.303251394154984, 25.24681821400192 ], [ 55.3029793, 25.2468787 ], [ 55.303036933809238, 25.247075551915547 ], [ 55.303005388542637, 25.247078850417026 ], [ 55.302950894181009, 25.24689451407335 ], [ 55.3027812, 25.2469309 ], [ 55.3028366, 25.2471183 ], [ 55.302972597158103, 25.247089139427246 ], [ 55.3027333, 25.2472214 ], [ 55.3028153, 25.2473457 ] ], [ [ 55.303336339867784, 25.247325088714348 ], [ 55.303348385979405, 25.247343468346887 ], [ 55.303293108884581, 25.247349248439264 ], [ 55.303336339867784, 25.247325088714348 ] ], [ [ 55.30296559816717, 25.247279424637792 ], [ 55.302966145955523, 25.247280179781391 ], [ 55.302963734153828, 25.247280431967628 ], [ 55.30296559816717, 25.247279424637792 ] ] ], [ [ [ 55.3048594, 25.2401522 ], [ 55.3046238, 25.2402134 ], [ 55.3047548, 25.2406259 ], [ 55.305011992817583, 25.240599001421867 ], [ 55.305236560811167, 25.240540571374655 ], [ 55.305348, 25.2408916 ], [ 55.305605193314996, 25.240864700411564 ], [ 55.306183792931883, 25.240714299379952 ], [ 55.306066992165583, 25.240346699543363 ], [ 55.3058098, 25.2403736 ], [ 55.305242329585582, 25.240521132523465 ], [ 55.305210810826289, 25.240421909491761 ], [ 55.305428892347528, 25.240399100668238 ], [ 55.306048491926397, 25.240232899562976 ], [ 55.305820490393636, 25.239497899879964 ], [ 55.3055633, 25.2395248 ], [ 55.304958084559189, 25.23967986497204 ], [ 55.304934464117586, 25.239604777709879 ], [ 55.305202992069603, 25.239543613436147 ], [ 55.305043391928358, 25.239035513465829 ], [ 55.3047493, 25.2391023 ], [ 55.304880990058145, 25.239545115643558 ], [ 55.3046574, 25.2395685 ], [ 55.304211, 25.2396833 ], [ 55.3042803, 25.2399036 ], [ 55.304537491339048, 25.239876702172502 ], [ 55.304972586547031, 25.239764808579064 ], [ 55.304999145809248, 25.239853003690843 ], [ 55.3047611, 25.2398779 ], [ 55.3043107, 25.2399987 ], [ 55.3043829, 25.240219 ], [ 55.304640091996269, 25.240192102028146 ], [ 55.305066798252469, 25.24007765603524 ], [ 55.305082228575529, 25.240128895144672 ], [ 55.3048594, 25.2401522 ] ] ], [ [ [ 55.304180980601089, 25.251217140970812 ], [ 55.3040288, 25.2512944 ], [ 55.3041476, 25.2514857 ], [ 55.304379818387595, 25.251461417647338 ], [ 55.3041882, 25.2515487 ], [ 55.3043034, 25.2517555 ], [ 55.30449456645372, 25.251735510210128 ], [ 55.3043444, 25.2518087 ], [ 55.3044585, 25.2520003 ], [ 55.304596532598936, 25.251985866204834 ], [ 55.3044803, 25.2520422 ], [ 55.3046098, 25.2522608 ], [ 55.304917350853323, 25.252209508109249 ], [ 55.3049491, 25.2522565 ], [ 55.304983395666234, 25.252252913678554 ], [ 55.305032095657879, 25.252225913666752 ], [ 55.304995394141457, 25.25217168310008 ], [ 55.305107871653632, 25.252102078275197 ], [ 55.305299358876965, 25.252084501907916 ], [ 55.30529935884752, 25.252032423943017 ], [ 55.305413116904042, 25.251978502001169 ], [ 55.305294616483643, 25.251774102186005 ], [ 55.3050374, 25.251801 ], [ 55.304961848449189, 25.251836826127963 ], [ 55.304947128282087, 25.251812107739614 ], [ 55.305256116310794, 25.251690602244139 ], [ 55.305153415945703, 25.251513102404306 ], [ 55.3048962, 25.25154 ], [ 55.304811627972725, 25.251580014522347 ], [ 55.304799114782512, 25.251557532220033 ], [ 55.305094877168195, 25.251437660888104 ], [ 55.305094877167775, 25.251462973542917 ], [ 55.305442108071638, 25.251454844288823 ], [ 55.305442107985257, 25.251320096991627 ], [ 55.305229624460388, 25.251328226250308 ], [ 55.305094877167775, 25.251373142014508 ], [ 55.305094877168237, 25.251403780924988 ], [ 55.304998603443714, 25.251238394736408 ], [ 55.305115122618183, 25.251231580630328 ], [ 55.305115122594046, 25.251186664864839 ], [ 55.3050702067587, 25.251051917588335 ], [ 55.304971349691009, 25.250928346497659 ], [ 55.305050334100407, 25.25092008688268 ], [ 55.3050912, 25.2510655 ], [ 55.305171937050766, 25.251107082199965 ], [ 55.3051196, 25.2511181 ], [ 55.3051433, 25.2512025 ], [ 55.305192161337757, 25.251194123659999 ], [ 55.3051232, 25.2512071 ], [ 55.3051375, 25.2512579 ], [ 55.305853815045495, 25.25112540113188 ], [ 55.305878938284515, 25.251087325328012 ], [ 55.305966095317544, 25.251071513430933 ], [ 55.305943692785377, 25.250989185787997 ], [ 55.306040214425558, 25.250842900773048 ], [ 55.305960613833726, 25.250559700880785 ], [ 55.305894313776825, 25.250529400993674 ], [ 55.3056371, 25.2505563 ], [ 55.3050469, 25.2506921 ], [ 55.305022444128319, 25.250735048377884 ], [ 55.3049018, 25.2507598 ], [ 55.304937154233173, 25.250885602189115 ], [ 55.304800712012103, 25.250737507349687 ], [ 55.304699914820944, 25.250743746897594 ], [ 55.304672697716789, 25.250698000221295 ], [ 55.304735219088215, 25.250694743380127 ], [ 55.304735219071702, 25.250649827615042 ], [ 55.304690303275336, 25.250559996098531 ], [ 55.304600471699111, 25.250425248830588 ], [ 55.304510972233096, 25.250429910966183 ], [ 55.30452812783907, 25.250571209345914 ], [ 55.304336, 25.2505913 ], [ 55.3037753, 25.2508642 ], [ 55.3039968, 25.2512364 ], [ 55.304180980601089, 25.251217140970812 ] ], [ [ 55.304813100057956, 25.251251436278856 ], [ 55.304889466246195, 25.25121264687558 ], [ 55.304937814377332, 25.251238394730489 ], [ 55.304813100057956, 25.251251436278856 ] ], [ [ 55.304763151036212, 25.251003356453264 ], [ 55.304654331272722, 25.251014735794833 ], [ 55.30474841075776, 25.250968962467272 ], [ 55.304763151036212, 25.251003356453264 ] ], [ [ 55.304507390296948, 25.25142186934432 ], [ 55.304469799241943, 25.251425800184201 ], [ 55.304500576875782, 25.251410168920167 ], [ 55.304507390296948, 25.25142186934432 ] ] ], [ [ [ 55.306255491028416, 25.234705447923673 ], [ 55.306255491014454, 25.234660532158724 ], [ 55.306210575237024, 25.234615616405318 ], [ 55.306127939744513, 25.23461956196568 ], [ 55.306083023980307, 25.234664477729886 ], [ 55.306083023980307, 25.234709393494096 ], [ 55.306127939744513, 25.234754309258296 ], [ 55.306210575278904, 25.234750363700169 ], [ 55.306255491028416, 25.234705447923673 ] ] ], [ [ [ 55.306288289542771, 25.230658213048926 ], [ 55.3062265, 25.2306661 ], [ 55.3062353, 25.2307126 ], [ 55.306296989555797, 25.230704813047591 ], [ 55.306288289542771, 25.230658213048926 ] ] ], [ [ [ 55.305825419067723, 25.253020101395208 ], [ 55.305928918953533, 25.252971701208178 ], [ 55.30588451879386, 25.252894101277331 ], [ 55.3056273, 25.252921 ], [ 55.3055238, 25.2529695 ], [ 55.3055682, 25.253047 ], [ 55.305825419067723, 25.253020101395208 ] ] ], [ [ [ 55.30590336092348, 25.24328830445743 ], [ 55.305858445159274, 25.243333220221633 ], [ 55.305858445159274, 25.243512883278463 ], [ 55.30598028365484, 25.243509535704618 ], [ 55.306025199406569, 25.243464619929973 ], [ 55.306025199371021, 25.243329872635471 ], [ 55.305980283595588, 25.243284956880444 ], [ 55.30590336092348, 25.24328830445743 ] ] ], [ [ [ 55.305886693598396, 25.25248838486711 ], [ 55.30576861363086, 25.252496036119659 ], [ 55.30576861363086, 25.252540951883862 ], [ 55.305886693625496, 25.252533300632759 ], [ 55.305886693598396, 25.25248838486711 ] ] ], [ [ [ 55.306145089555962, 25.230697413082989 ], [ 55.3059574, 25.2307228 ], [ 55.305967, 25.2307721 ], [ 55.306150889568983, 25.230743813082327 ], [ 55.306145089555962, 25.230697413082989 ] ] ], [ [ [ 55.3060227, 25.2306101 ], [ 55.3060401, 25.2306944 ], [ 55.306135189551355, 25.230680613085049 ], [ 55.306117689527802, 25.230596313087876 ], [ 55.3060227, 25.2306101 ] ] ], [ [ [ 55.305799494804312, 25.249247913442495 ], [ 55.3055379, 25.2493086 ], [ 55.30558820000001, 25.2494724 ], [ 55.305849794849877, 25.249411713433194 ], [ 55.305799494804312, 25.249247913442495 ] ] ], [ [ [ 55.305915600205097, 25.242967916314125 ], [ 55.305825768636581, 25.242878084818486 ], [ 55.305588950574041, 25.242928978343791 ], [ 55.305544034809834, 25.24297389410799 ], [ 55.30555045540985, 25.243057333532565 ], [ 55.305409287517215, 25.243063725636404 ], [ 55.305454203281421, 25.24328830445743 ], [ 55.305825768827034, 25.243282326706453 ], [ 55.305870684568973, 25.243237410923619 ], [ 55.305915600268577, 25.243102663610127 ], [ 55.305915600205097, 25.242967916314125 ] ] ], [ [ [ 55.305614955117825, 25.229990202068521 ], [ 55.3054547, 25.2300151 ], [ 55.305474033868265, 25.230085960879514 ], [ 55.3053685, 25.230097 ], [ 55.3051983, 25.2301757 ], [ 55.305231, 25.2303274 ], [ 55.305499119045756, 25.230288525703621 ], [ 55.305499119045628, 25.230307648601904 ], [ 55.305693301387223, 25.230301431456933 ], [ 55.305693301375165, 25.230273958748597 ], [ 55.305819889435256, 25.230253113152319 ], [ 55.306014589407091, 25.230163613105471 ], [ 55.305966719944664, 25.230024772113435 ], [ 55.306053112781974, 25.230014445865088 ], [ 55.306029712654357, 25.229884145877371 ], [ 55.3058452, 25.2299062 ], [ 55.305865506758984, 25.230019275684171 ], [ 55.305693301277657, 25.230077585852417 ], [ 55.305598707951809, 25.230080792587991 ], [ 55.305753189376553, 25.230041813164732 ], [ 55.305734089352057, 25.229954113167882 ], [ 55.305614955117825, 25.229990202068521 ] ], [ [ 55.305536160228193, 25.230087627967269 ], [ 55.305543076121424, 25.230086904540972 ], [ 55.305542784679218, 25.23008807031168 ], [ 55.305536160228193, 25.230087627967269 ] ] ], [ [ [ 55.305392411276202, 25.249324101738281 ], [ 55.305619711129843, 25.249267001333124 ], [ 55.305606567214419, 25.249224199030927 ], [ 55.305773494787267, 25.249186313447659 ], [ 55.305724894742347, 25.249024913456605 ], [ 55.3054694, 25.2490829 ], [ 55.305478379642992, 25.249112721313519 ], [ 55.3050849, 25.2491872 ], [ 55.3051352, 25.249351 ], [ 55.305392411276202, 25.249324101738281 ] ] ], [ [ [ 55.305725194676342, 25.248791513453025 ], [ 55.3054636, 25.2488522 ], [ 55.3055139, 25.249016 ], [ 55.305775494721914, 25.248955313443727 ], [ 55.305725194676342, 25.248791513453025 ] ] ], [ [ [ 55.30585925333137, 25.242699617298062 ], [ 55.305634674379348, 25.242340291247235 ], [ 55.305409287517215, 25.242389989173315 ], [ 55.305409287517215, 25.242704399522751 ], [ 55.305544034809834, 25.242884062579584 ], [ 55.305724506109136, 25.242879280400501 ], [ 55.30585925338216, 25.242834364593389 ], [ 55.30585925333137, 25.242699617298062 ] ] ], [ [ [ 55.305489831295532, 25.248700047308766 ], [ 55.305717031227239, 25.248642947119777 ], [ 55.305666731067731, 25.248479147152338 ], [ 55.3053195, 25.2485488 ], [ 55.3053698, 25.2487126 ], [ 55.305489831295532, 25.248700047308766 ] ] ], [ [ [ 55.305474931052046, 25.248453247307982 ], [ 55.30570223098384, 25.248396247118919 ], [ 55.30565193082434, 25.248232447151484 ], [ 55.3053047, 25.248302 ], [ 55.3053549, 25.2484658 ], [ 55.305474931052046, 25.248453247307982 ] ] ], [ [ [ 55.305851505052985, 25.230734367805606 ], [ 55.305920389566687, 25.230723613135897 ], [ 55.305905589548566, 25.230658713138386 ], [ 55.3057471, 25.2306775 ], [ 55.3057625, 25.2307503 ], [ 55.305851505052985, 25.230734367805606 ] ] ], [ [ [ 55.305226003058344, 25.245440301592357 ], [ 55.305614402808885, 25.245343000900171 ], [ 55.3056040041564, 25.245311576356631 ], [ 55.30570179368609, 25.245288113405852 ], [ 55.305609493604592, 25.244995013423029 ], [ 55.3048791, 25.2451833 ], [ 55.3049688, 25.2454672 ], [ 55.305226003058344, 25.245440301592357 ] ] ], [ [ [ 55.3057685, 25.2308161 ], [ 55.305890389587525, 25.230795813143999 ], [ 55.305878389573245, 25.230744613146037 ], [ 55.3057566, 25.2307649 ], [ 55.3057685, 25.2308161 ] ] ], [ [ [ 55.305632930753866, 25.248160247163224 ], [ 55.305582630594365, 25.247996447195796 ], [ 55.3052353, 25.2480661 ], [ 55.3052856, 25.2482299 ], [ 55.305632930753866, 25.248160247163224 ] ] ], [ [ [ 55.305797189536804, 25.236098793221807 ], [ 55.305797189526224, 25.236053877457039 ], [ 55.305723697866654, 25.23605686642027 ], [ 55.305723697866654, 25.236101782184477 ], [ 55.305797189536804, 25.236098793221807 ] ] ], [ [ [ 55.305718788460872, 25.23636709224963 ], [ 55.305588950574041, 25.236371276769713 ], [ 55.305588950574041, 25.23641619253392 ], [ 55.30571878847568, 25.236412008014621 ], [ 55.305718788460872, 25.23636709224963 ] ] ], [ [ [ 55.305274540224595, 25.243557799042673 ], [ 55.305274540224595, 25.243647630571083 ], [ 55.305364371753008, 25.243692546335282 ], [ 55.305606097185461, 25.243645837271849 ], [ 55.305606097179115, 25.243600921507305 ], [ 55.305426434117265, 25.243556005763772 ], [ 55.305274540224595, 25.243557799042673 ] ] ], [ [ [ 55.30570621502401, 25.236323491620951 ], [ 55.305706215003696, 25.236233660091461 ], [ 55.305588950574041, 25.23623652947709 ], [ 55.305588950574041, 25.236326361005506 ], [ 55.30570621502401, 25.236323491620951 ] ] ], [ [ [ 55.305284910841905, 25.249113701903138 ], [ 55.305512210695554, 25.249056601497987 ], [ 55.305461910353742, 25.248892801567752 ], [ 55.3049774, 25.2489768 ], [ 55.3050277, 25.2491406 ], [ 55.305284910841905, 25.249113701903138 ] ] ], [ [ [ 55.3056408, 25.2308087 ], [ 55.3056458, 25.2308437 ], [ 55.30574148960018, 25.230832813179351 ], [ 55.305736389590372, 25.230797813180022 ], [ 55.3056408, 25.2308087 ] ] ], [ [ [ 55.305661299209561, 25.23609891280563 ], [ 55.305661299199407, 25.236053997040877 ], [ 55.305588950574041, 25.236056866420267 ], [ 55.305588950574041, 25.236101782184477 ], [ 55.305661299209561, 25.23609891280563 ] ] ], [ [ [ 55.3047466, 25.2390314 ], [ 55.305003789438409, 25.23900450125646 ], [ 55.305616989040715, 25.238849000163675 ], [ 55.305509688318153, 25.238502500312773 ], [ 55.3052525, 25.2385294 ], [ 55.3046392, 25.2386849 ], [ 55.304672963559888, 25.238793830119707 ], [ 55.3044323, 25.238819 ], [ 55.3039807, 25.2389395 ], [ 55.3040538, 25.2391635 ], [ 55.304310989795297, 25.239136602486209 ], [ 55.3047466, 25.2390314 ] ] ], [ [ [ 55.305318511825035, 25.249579001896652 ], [ 55.305308632460935, 25.249546810754705 ], [ 55.305465094883523, 25.249510513524655 ], [ 55.305414794837937, 25.249346713533964 ], [ 55.3047837, 25.2494991 ], [ 55.304834, 25.2496629 ], [ 55.305318511825035, 25.249579001896652 ] ] ], [ [ [ 55.305310918683048, 25.252811802274383 ], [ 55.30541671856755, 25.252762902083255 ], [ 55.305385918455144, 25.252708302131136 ], [ 55.3051287, 25.2527352 ], [ 55.3050229, 25.2527841 ], [ 55.3050537, 25.2528387 ], [ 55.305310918683048, 25.252811802274383 ] ] ], [ [ [ 55.3051652, 25.2478384 ], [ 55.3052154, 25.2480023 ], [ 55.305476994439694, 25.247941613498302 ], [ 55.305426694394122, 25.247777813507607 ], [ 55.3051652, 25.2478384 ] ] ], [ [ [ 55.305559697528139, 25.23119962725983 ], [ 55.305604613268756, 25.231154711475885 ], [ 55.305604613246338, 25.231109795710481 ], [ 55.305559697460879, 25.231064879963633 ], [ 55.305409287517215, 25.23107121659341 ], [ 55.305370160893226, 25.231110343220138 ], [ 55.305139792931982, 25.231116132357609 ], [ 55.305139792931982, 25.231205963886019 ], [ 55.305290202949941, 25.231199627371115 ], [ 55.305290202930728, 25.23116009986332 ], [ 55.305364371753072, 25.231155609478744 ], [ 55.305404236489878, 25.231200912860938 ], [ 55.305319455988801, 25.231205963886023 ], [ 55.305274540224595, 25.231250879650229 ], [ 55.30532272619768, 25.231472477736478 ], [ 55.305229624460388, 25.231475458471262 ], [ 55.305229624460388, 25.231520374235473 ], [ 55.305274540224595, 25.231565289999665 ], [ 55.305347213127597, 25.231562263180482 ], [ 55.305395283392542, 25.231738520534122 ], [ 55.305293632181467, 25.23169334211984 ], [ 55.303586832999237, 25.231334016740803 ], [ 55.303477909656358, 25.231340711178643 ], [ 55.303432993892152, 25.231385626942846 ], [ 55.303432993892152, 25.231655121528085 ], [ 55.303522825420565, 25.231744953056502 ], [ 55.303657572713185, 25.231789868820702 ], [ 55.305409287517215, 25.231969531877532 ], [ 55.305697874190287, 25.231962836536255 ], [ 55.305697874142915, 25.231873005005323 ], [ 55.305500031332393, 25.231785075169395 ], [ 55.305603470542948, 25.231693820219988 ], [ 55.305693302003071, 25.231559072887453 ], [ 55.305693301937083, 25.23142432559133 ], [ 55.305431715476843, 25.231205019027872 ], [ 55.305559697528139, 25.23119962725983 ] ] ], [ [ [ 55.305405891897195, 25.23894421337971 ], [ 55.3051447, 25.2390045 ], [ 55.3053024, 25.2395052 ], [ 55.305559092036745, 25.239446013351436 ], [ 55.305405891897195, 25.23894421337971 ] ] ], [ [ [ 55.305213330407071, 25.247787847487118 ], [ 55.305440530338878, 25.247730847298143 ], [ 55.305390230179377, 25.247567047330698 ], [ 55.305043, 25.2476366 ], [ 55.3050933, 25.2478004 ], [ 55.305213330407071, 25.247787847487118 ] ] ], [ [ [ 55.305409287517215, 25.234978888079333 ], [ 55.305274540224595, 25.235068719607739 ], [ 55.305274540224595, 25.235338214192975 ], [ 55.30547706386551, 25.235335823064645 ], [ 55.305611811148346, 25.235290907278987 ], [ 55.305611811114495, 25.235111244220359 ], [ 55.305477063797817, 25.234976496947397 ], [ 55.305409287517215, 25.234978888079333 ] ] ], [ [ [ 55.305584041229814, 25.236546755346364 ], [ 55.305584041215006, 25.236501839581365 ], [ 55.305499119045628, 25.236506024062333 ], [ 55.305499119045628, 25.236550939826532 ], [ 55.305584041229814, 25.236546755346364 ] ] ], [ [ [ 55.305277417778647, 25.252383702284902 ], [ 55.305341017708365, 25.252353902169965 ], [ 55.305277917481405, 25.252243602268226 ], [ 55.3050207, 25.2522705 ], [ 55.3049571, 25.2523002 ], [ 55.3050202, 25.2524106 ], [ 55.305277417778647, 25.252383702284902 ] ] ], [ [ [ 55.305513058612817, 25.230818894684433 ], [ 55.3053465, 25.2308506 ], [ 55.3053515, 25.2308954 ], [ 55.305634389609395, 25.230859813204791 ], [ 55.305631589595002, 25.230808713204674 ], [ 55.305521732364006, 25.230813275724003 ], [ 55.305625989588052, 25.230783813205615 ], [ 55.305605189567082, 25.230708513209347 ], [ 55.3050397, 25.230823 ], [ 55.3050558, 25.2308928 ], [ 55.305513058612817, 25.230818894684433 ] ] ], [ [ [ 55.30531259461555, 25.248554913545966 ], [ 55.3050511, 25.2486156 ], [ 55.3051013, 25.2487794 ], [ 55.30536289466113, 25.248718713536658 ], [ 55.30531259461555, 25.248554913545966 ] ] ], [ [ [ 55.305526552060698, 25.236727733537272 ], [ 55.305454203281421, 25.236730602883366 ], [ 55.305454203281421, 25.236775518647562 ], [ 55.305526552070852, 25.236772649302004 ], [ 55.305526552060698, 25.236727733537272 ] ] ], [ [ [ 55.305525408930841, 25.236323611210945 ], [ 55.305525408921106, 25.236278695446213 ], [ 55.305454203281421, 25.2362814452413 ], [ 55.305454203281421, 25.236326361005503 ], [ 55.305525408930841, 25.236323611210945 ] ] ], [ [ [ 55.305525408891917, 25.236143948152048 ], [ 55.305525408882183, 25.236099032387322 ], [ 55.305454203281421, 25.236101782184477 ], [ 55.305454203281421, 25.23614669794868 ], [ 55.305525408891917, 25.236143948152048 ] ] ], [ [ [ 55.30549420970295, 25.236546755370853 ], [ 55.305494209673327, 25.236456923840866 ], [ 55.305364371753008, 25.236461108298126 ], [ 55.305364371753008, 25.236550939826532 ], [ 55.30549420970295, 25.236546755370853 ] ] ], [ [ [ 55.305357893948475, 25.246198113499958 ], [ 55.305296693892743, 25.245997813511256 ], [ 55.3047179, 25.2461375 ], [ 55.3047792, 25.2463378 ], [ 55.305357893948475, 25.246198113499958 ] ] ], [ [ [ 55.305481636286871, 25.236682817780924 ], [ 55.305481636276717, 25.236637902016177 ], [ 55.305409287517215, 25.236640771354949 ], [ 55.305409287517215, 25.236685687119156 ], [ 55.305481636286871, 25.236682817780924 ] ] ], [ [ [ 55.305443688158242, 25.238423600419605 ], [ 55.30537728755133, 25.238133800503363 ], [ 55.3052996874423, 25.238078300633187 ], [ 55.3050425, 25.2381052 ], [ 55.3045737, 25.2382311 ], [ 55.3045284, 25.2382987 ], [ 55.3046265, 25.2385922 ], [ 55.304883688520754, 25.238565301417534 ], [ 55.305443688158242, 25.238423600419605 ] ] ], [ [ [ 55.305448150841372, 25.236367211878907 ], [ 55.305364371753008, 25.236371276769713 ], [ 55.305364371753008, 25.23641619253392 ], [ 55.305448150855753, 25.236412127643877 ], [ 55.305448150841372, 25.236367211878907 ] ] ], [ [ [ 55.305249230872739, 25.248260247482584 ], [ 55.305198930713225, 25.248096447515149 ], [ 55.3048516, 25.2481661 ], [ 55.3049019, 25.2483299 ], [ 55.305249230872739, 25.248260247482584 ] ] ], [ [ [ 55.3049708, 25.2485661 ], [ 55.305232294602739, 25.248505413563997 ], [ 55.305182094557168, 25.248341613573285 ], [ 55.3049205, 25.2484022 ], [ 55.3049708, 25.2485661 ] ] ], [ [ [ 55.305389518591909, 25.236278815025727 ], [ 55.305389518582601, 25.236233899261034 ], [ 55.305319455988801, 25.236236529477097 ], [ 55.305319455988801, 25.236281445241303 ], [ 55.305389518591909, 25.236278815025727 ] ] ], [ [ [ 55.305276491420123, 25.242474919103223 ], [ 55.305276491402772, 25.2424300033381 ], [ 55.305184708696189, 25.242434904937522 ], [ 55.305184708696189, 25.242479820701732 ], [ 55.305276491420123, 25.242474919103223 ] ] ], [ [ [ 55.305252486544688, 25.24328591344376 ], [ 55.305207570772467, 25.243240997686112 ], [ 55.305005045639362, 25.243288304457426 ], [ 55.305005045639362, 25.243467967514253 ], [ 55.305049961403569, 25.243512883278459 ], [ 55.30516265505949, 25.243510492281054 ], [ 55.305252486561614, 25.243375744973072 ], [ 55.305252486544688, 25.24328591344376 ] ] ], [ [ [ 55.305138030507067, 25.247884947553867 ], [ 55.304792, 25.2479521 ], [ 55.3048376, 25.2481067 ], [ 55.305183630657808, 25.248039647524674 ], [ 55.305138030507067, 25.247884947553867 ] ] ], [ [ [ 55.305423806676934, 25.230031936973855 ], [ 55.305319455988801, 25.230038154016665 ], [ 55.305319455988801, 25.230083069780871 ], [ 55.305423806698933, 25.230076852739234 ], [ 55.305423806676934, 25.230031936973855 ] ] ], [ [ [ 55.303977287582448, 25.238075202951624 ], [ 55.304429095153047, 25.237952299230848 ], [ 55.3044498, 25.2380196 ], [ 55.304706987326632, 25.237992701662819 ], [ 55.305286586949045, 25.237844900629838 ], [ 55.30513548592446, 25.237353600839391 ], [ 55.3048783, 25.2373805 ], [ 55.3042981, 25.2375265 ], [ 55.304414148649187, 25.237903715819346 ], [ 55.304355086800165, 25.23772590224976 ], [ 55.3040979, 25.2377528 ], [ 55.303645, 25.237876 ], [ 55.3037201, 25.2381021 ], [ 55.303977287582448, 25.238075202951624 ] ] ], [ [ [ 55.3050707, 25.244207 ], [ 55.3047987, 25.2442829 ], [ 55.3047838, 25.244338 ], [ 55.3048567, 25.2445412 ], [ 55.305187193458046, 25.24445451351367 ], [ 55.305104993388269, 25.244203413529114 ], [ 55.3050707, 25.244207 ] ] ], [ [ [ 55.3050874, 25.2309555 ], [ 55.305335889628218, 25.230910813275329 ], [ 55.305324489614662, 25.230862213277266 ], [ 55.305076, 25.2309069 ], [ 55.3050874, 25.2309555 ] ] ], [ [ [ 55.305033594361113, 25.247640513597474 ], [ 55.304772, 25.2477012 ], [ 55.3048223, 25.247865 ], [ 55.305083794406698, 25.247804313588198 ], [ 55.305033594361113, 25.247640513597474 ] ] ], [ [ [ 55.305030394854946, 25.249386713624471 ], [ 55.304980094809373, 25.249222913633776 ], [ 55.3047186, 25.2492836 ], [ 55.3047688, 25.2494474 ], [ 55.305030394854946, 25.249386713624471 ] ] ], [ [ [ 55.304960129875155, 25.242524736465931 ], [ 55.304960129875653, 25.242561522959857 ], [ 55.30460080376151, 25.242569652230134 ], [ 55.304690635289923, 25.243018809872193 ], [ 55.304735551054122, 25.243063725636404 ], [ 55.305082776558073, 25.243010680520918 ], [ 55.305004123034472, 25.242611825195329 ], [ 55.305071345320172, 25.242607634126752 ], [ 55.305116261058544, 25.242562718340938 ], [ 55.305116261033994, 25.242517802575424 ], [ 55.304960129875155, 25.242524736465931 ] ] ], [ [ [ 55.305269113199778, 25.2303959465265 ], [ 55.3049518, 25.2304403 ], [ 55.3049605, 25.2304846 ], [ 55.305277813243137, 25.230440246521717 ], [ 55.305269113199778, 25.2303959465265 ] ] ], [ [ [ 55.304963994742508, 25.24898561363397 ], [ 55.3047024, 25.2490462 ], [ 55.3047527, 25.2492101 ], [ 55.30501429478808, 25.249149413624679 ], [ 55.304963994742508, 25.24898561363397 ] ] ], [ [ [ 55.3046189, 25.240974 ], [ 55.305102992440283, 25.240849813479173 ], [ 55.305030392378747, 25.240628313492817 ], [ 55.3045463, 25.2407525 ], [ 55.3046189, 25.240974 ] ] ], [ [ [ 55.30488938595515, 25.237355201271097 ], [ 55.305128285805708, 25.237297200845664 ], [ 55.305071285405084, 25.237105200923956 ], [ 55.3045752, 25.2371901 ], [ 55.3046322, 25.2373821 ], [ 55.30488938595515, 25.237355201271097 ] ] ], [ [ [ 55.305094877167775, 25.231475458471255 ], [ 55.305094877167775, 25.231520374235469 ], [ 55.305202657567463, 25.231513798653459 ], [ 55.3052026575442, 25.231468882888013 ], [ 55.305094877167775, 25.231475458471255 ] ] ], [ [ [ 55.304397524643505, 25.241760102611671 ], [ 55.304801736481878, 25.24167371340268 ], [ 55.304780466818329, 25.241761168474429 ], [ 55.304825382582536, 25.24180608423864 ], [ 55.304970082449174, 25.241800345881771 ], [ 55.305059913934826, 25.241710514317596 ], [ 55.305059913894205, 25.241620682787023 ], [ 55.304934600486241, 25.241577807548339 ], [ 55.304886224125994, 25.241423047419982 ], [ 55.304847690745, 25.241427077398651 ], [ 55.304874324123936, 25.241420347429571 ], [ 55.304862824087621, 25.241383047437022 ], [ 55.3046684, 25.2414144 ], [ 55.3046799, 25.2414517 ], [ 55.304719404847368, 25.241447568468033 ], [ 55.30434157222016, 25.241544203430042 ], [ 55.304278824083148, 25.24134794791312 ], [ 55.3039187, 25.2414233 ], [ 55.304046, 25.2418311 ], [ 55.304397524643505, 25.241760102611671 ] ] ], [ [ [ 55.3043233, 25.2489711 ], [ 55.304952431451767, 25.248829747755508 ], [ 55.304902131292252, 25.248665947788059 ], [ 55.304273, 25.2488072 ], [ 55.3043233, 25.2489711 ] ] ], [ [ [ 55.304890031055848, 25.248426447785366 ], [ 55.3045427, 25.2484961 ], [ 55.304593, 25.2486599 ], [ 55.304940331215356, 25.248590247752805 ], [ 55.304890031055848, 25.248426447785366 ] ] ], [ [ [ 55.304980705806777, 25.243600562935377 ], [ 55.304915214110949, 25.243602714806872 ], [ 55.304915214110949, 25.243692546335282 ], [ 55.304980705822011, 25.243690394464597 ], [ 55.304980705806777, 25.243600562935377 ] ] ], [ [ [ 55.303502985882751, 25.237248503690015 ], [ 55.30347268829712, 25.23719780458066 ], [ 55.303601785735736, 25.237184303509537 ], [ 55.303758185550308, 25.23710500322635 ], [ 55.303772588422191, 25.237057147735026 ], [ 55.303845685422971, 25.237049503066661 ], [ 55.304027985204371, 25.236955902736455 ], [ 55.304086837965194, 25.236874918083341 ], [ 55.304157826404484, 25.237073052749274 ], [ 55.3038896, 25.2370979 ], [ 55.3034658, 25.2373199 ], [ 55.3034203, 25.2374206 ], [ 55.3034926, 25.2376559 ], [ 55.303749786661889, 25.237629003300203 ], [ 55.304538791478343, 25.23741681355947 ], [ 55.304474991423874, 25.237220713571435 ], [ 55.304270301300889, 25.237269725748178 ], [ 55.304250472063607, 25.237205753465705 ], [ 55.304464185638189, 25.237183401997275 ], [ 55.304686485492503, 25.237126301601055 ], [ 55.304679388212904, 25.237105883332458 ], [ 55.305052785246048, 25.237029200947827 ], [ 55.304902384346903, 25.236597101162815 ], [ 55.3046452, 25.236624 ], [ 55.304134274685929, 25.236748455172297 ], [ 55.304107805442079, 25.236684361445921 ], [ 55.304289084559699, 25.236665402245865 ], [ 55.304859984183111, 25.236517601228201 ], [ 55.304791583732893, 25.236301601323767 ], [ 55.3045344, 25.2363285 ], [ 55.304034011745976, 25.236458045392361 ], [ 55.303888384029328, 25.236394202917857 ], [ 55.3035443, 25.2364315 ], [ 55.3032778, 25.2365687 ], [ 55.303295979969512, 25.236598493860285 ], [ 55.3032003, 25.2366085 ], [ 55.3030264, 25.2366975 ], [ 55.303013374040113, 25.236737902559081 ], [ 55.3029369, 25.2367459 ], [ 55.302705881313962, 25.236884771245538 ], [ 55.3024111, 25.237014599999988 ], [ 55.3025513, 25.2372364 ], [ 55.302660685513146, 25.237224961116066 ], [ 55.302565, 25.2372744 ], [ 55.302667097891337, 25.237436140773958 ], [ 55.302605, 25.2374594 ], [ 55.3026282, 25.2374909 ], [ 55.302961186407408, 25.237467704664763 ], [ 55.303142009595376, 25.237374439286679 ], [ 55.303279086144116, 25.237360104095202 ], [ 55.303502985882751, 25.237248503690015 ] ], [ [ 55.30401570160587, 25.236641147241464 ], [ 55.303867037711107, 25.236656695098954 ], [ 55.303999027386908, 25.236588491837956 ], [ 55.30401570160587, 25.236641147241464 ] ], [ [ 55.303630340495701, 25.236763529799539 ], [ 55.303602559002208, 25.23677787341639 ], [ 55.303596012015888, 25.236767119925069 ], [ 55.303630340495701, 25.236763529799539 ] ], [ [ 55.303160549058767, 25.237037179036342 ], [ 55.303178036129736, 25.23702816257352 ], [ 55.303182183517038, 25.237034916544431 ], [ 55.303178093015745, 25.237035344321797 ], [ 55.303160549058767, 25.237037179036342 ] ], [ [ 55.303042962395629, 25.237076666691198 ], [ 55.303042355749668, 25.237075706967545 ], [ 55.30304536455462, 25.237075392315035 ], [ 55.303042962395629, 25.237076666691198 ] ] ], [ [ [ 55.305117589472445, 25.230348013317897 ], [ 55.305086189433624, 25.230208913323136 ], [ 55.304868190447635, 25.230235950815384 ], [ 55.304847912984869, 25.230156546858481 ], [ 55.3045535, 25.2301946 ], [ 55.3045696, 25.2302759 ], [ 55.304852244416743, 25.230242690991318 ], [ 55.3047583, 25.2302824 ], [ 55.3047951, 25.2304407 ], [ 55.304924889500754, 25.230438113364286 ], [ 55.305117589472445, 25.230348013317897 ] ] ], [ [ [ 55.3042692, 25.2541936 ], [ 55.3043218, 25.2543288 ], [ 55.3044027, 25.2544058 ], [ 55.3044986, 25.2544301 ], [ 55.304691192560668, 25.254406027566624 ], [ 55.304774392525218, 25.254347727525936 ], [ 55.304779692492815, 25.254290727521745 ], [ 55.304585292441267, 25.254189427609656 ], [ 55.304429692432471, 25.254165727681745 ], [ 55.3042692, 25.2541936 ] ] ], [ [ [ 55.305066767170906, 25.231289339439311 ], [ 55.304960129875155, 25.231295795414432 ], [ 55.304960129875155, 25.231340711178643 ], [ 55.305066767193743, 25.231334255204729 ], [ 55.305066767170906, 25.231289339439311 ] ] ], [ [ [ 55.304870298346742, 25.2310263008292 ], [ 55.30506562404512, 25.23101996440225 ], [ 55.305065624000278, 25.230930132871457 ], [ 55.304923098149331, 25.23093475648318 ], [ 55.304976189638005, 25.230926613359639 ], [ 55.304958789615291, 25.230845313362483 ], [ 55.3047507, 25.2308795 ], [ 55.3047681, 25.2309607 ], [ 55.304870298346913, 25.230944648091373 ], [ 55.304870298346742, 25.2310263008292 ] ] ], [ [ [ 55.3042675, 25.2424907 ], [ 55.304886725041321, 25.242348247468261 ], [ 55.304902925003375, 25.242310747453022 ], [ 55.30478212464476, 25.241941947532482 ], [ 55.304721724617906, 25.241911647580313 ], [ 55.3046017, 25.2419242 ], [ 55.3041337, 25.2420406 ], [ 55.3040909, 25.2420867 ], [ 55.304202, 25.2424454 ], [ 55.3042675, 25.2424907 ] ] ], [ [ [ 55.3049706, 25.2301133 ], [ 55.304984, 25.230191 ], [ 55.305068389425799, 25.230180313326873 ], [ 55.305054989404077, 25.230102713328836 ], [ 55.3049706, 25.2301133 ] ] ], [ [ [ 55.304807530768358, 25.248131647837383 ], [ 55.304757230608757, 25.247967747869939 ], [ 55.3044099, 25.2480374 ], [ 55.3044602, 25.2482012 ], [ 55.304807530768358, 25.248131647837383 ] ] ], [ [ [ 55.3044734, 25.2482796 ], [ 55.3045237, 25.2484434 ], [ 55.30478519457467, 25.248382713666722 ], [ 55.304734894529098, 25.248218913676034 ], [ 55.3044734, 25.2482796 ] ] ], [ [ [ 55.3002485, 25.2523477 ], [ 55.300624274980571, 25.2523084166742 ], [ 55.3003121, 25.2524405 ], [ 55.3005409, 25.2528049 ], [ 55.300851173296053, 25.252772463819952 ], [ 55.3005993, 25.2528959 ], [ 55.3006838, 25.2530369 ], [ 55.300718095950067, 25.253033314688039 ], [ 55.30123189587129, 25.252781614564057 ], [ 55.301176422509386, 25.252688983991028 ], [ 55.301260537646456, 25.252645819177804 ], [ 55.301031736150733, 25.252281319898255 ], [ 55.300941497867655, 25.252290753708419 ], [ 55.300898030846724, 25.25222125561249 ], [ 55.301139068481078, 25.252091604757222 ], [ 55.3030663, 25.2551785 ], [ 55.303186337815511, 25.255165949534955 ], [ 55.303446737691033, 25.255053849315832 ], [ 55.303547637618784, 25.254986149229651 ], [ 55.303581682022802, 25.254875906896842 ], [ 55.3036399, 25.2548987 ], [ 55.303897123210255, 25.254871804987165 ], [ 55.304056723011989, 25.254786704697544 ], [ 55.304107622616606, 25.254603004587523 ], [ 55.304088622491854, 25.254543204614102 ], [ 55.304005422305273, 25.254450904749675 ], [ 55.303698230521924, 25.254498498679734 ], [ 55.303736137004684, 25.25437574904317 ], [ 55.302951535762197, 25.253079649617316 ], [ 55.3028315, 25.2530922 ], [ 55.302641913796052, 25.253178987248358 ], [ 55.302611038922016, 25.252901414833158 ], [ 55.3027095, 25.253019399999989 ], [ 55.303383126231388, 25.252956054378025 ], [ 55.303419325814446, 25.252876054203927 ], [ 55.303352325066577, 25.252725654445314 ], [ 55.30325972444264, 25.252598254800709 ], [ 55.303203424346641, 25.252576455031857 ], [ 55.302582239984865, 25.252642504752671 ], [ 55.302571195784061, 25.252543214247179 ], [ 55.30207402059991, 25.251622200883322 ], [ 55.302351788421142, 25.251593159527882 ], [ 55.302690954596237, 25.251477709713186 ], [ 55.3027099, 25.2515098 ], [ 55.30297626158503, 25.251481950005342 ], [ 55.303182809212686, 25.251382260285933 ], [ 55.303216081481096, 25.25144077728142 ], [ 55.3030418, 25.251459 ], [ 55.3027602, 25.2515902 ], [ 55.3029725, 25.2519631 ], [ 55.303334617059583, 25.251943005643604 ], [ 55.303486199676172, 25.251871934604093 ], [ 55.303534172982715, 25.251953125073531 ], [ 55.3033527, 25.2519721 ], [ 55.3030902, 25.2520946 ], [ 55.3033352, 25.2525067 ], [ 55.303592418169657, 25.252479805251902 ], [ 55.303793963239244, 25.252387800101104 ], [ 55.3040254, 25.252758 ], [ 55.304162583277908, 25.252743655560192 ], [ 55.304701482941653, 25.252474655039769 ], [ 55.304464482526576, 25.252095355238708 ], [ 55.3043273, 25.2521097 ], [ 55.30385382530816, 25.252351782768592 ], [ 55.303672835972932, 25.252050086804218 ], [ 55.304281582187379, 25.251785955391238 ], [ 55.303975381641003, 25.251286955647714 ], [ 55.3038382, 25.2513013 ], [ 55.303357118383232, 25.251534165550432 ], [ 55.303335176742856, 25.251495623936204 ], [ 55.303948681559554, 25.251213555668272 ], [ 55.303739781151656, 25.250842055841378 ], [ 55.3035073, 25.2508376 ], [ 55.303165765524774, 25.251004529068716 ], [ 55.303078382894981, 25.250990004529395 ], [ 55.30336411476037, 25.250860605469715 ], [ 55.30335282320344, 25.250843166170608 ], [ 55.303429914698967, 25.250835105351399 ], [ 55.303716614373592, 25.250696704832823 ], [ 55.303737814197945, 25.250615004786418 ], [ 55.303634313876849, 25.250458204950284 ], [ 55.303278, 25.2504715 ], [ 55.3030161, 25.2505995 ], [ 55.303030088222812, 25.250622947741402 ], [ 55.3029416, 25.2506322 ], [ 55.3027076, 25.2507561 ], [ 55.302831019231824, 25.250946906842707 ], [ 55.3024682, 25.2511004 ], [ 55.302582682478629, 25.251294314838258 ], [ 55.302383286142657, 25.251272559222997 ], [ 55.301369269863116, 25.251374052538569 ], [ 55.301573991509372, 25.251352649329426 ], [ 55.302420488270712, 25.250919744420813 ], [ 55.302259286287573, 25.250619145217126 ], [ 55.302169185902784, 25.250557745700736 ], [ 55.302046585822737, 25.250539546382406 ], [ 55.3012235, 25.2506256 ], [ 55.3004801, 25.2510142 ], [ 55.3007509, 25.2514387 ], [ 55.301363677728162, 25.251374637180174 ], [ 55.3012191, 25.2514186 ], [ 55.3010055, 25.2515772 ], [ 55.3008969, 25.2516876 ], [ 55.30093558808084, 25.251761471144441 ], [ 55.3005393, 25.2518029 ], [ 55.3001509, 25.2519944 ], [ 55.300109, 25.2521248 ], [ 55.3002485, 25.2523477 ] ] ], [ [ [ 55.3042454, 25.2478407 ], [ 55.3040181, 25.2478978 ], [ 55.3040684, 25.2480616 ], [ 55.304677230575294, 25.247929747933419 ], [ 55.304626930415687, 25.247765847965976 ], [ 55.3042454, 25.2478407 ] ] ], [ [ [ 55.304735551054122, 25.231430542707052 ], [ 55.304735551054122, 25.231475458471255 ], [ 55.304889390196337, 25.231468763468882 ], [ 55.304889390172654, 25.231423847703418 ], [ 55.304735551054122, 25.231430542707052 ] ] ], [ [ [ 55.304704500803737, 25.244349702384064 ], [ 55.304629300297478, 25.244107002488576 ], [ 55.3043721, 25.2441339 ], [ 55.3040827, 25.2442073 ], [ 55.3041143, 25.2443923 ], [ 55.3041632, 25.2444486 ], [ 55.304420400987937, 25.24442170289046 ], [ 55.304704500803737, 25.244349702384064 ] ] ], [ [ [ 55.304887103707728, 25.230480855737323 ], [ 55.304780466818329, 25.230487311658734 ], [ 55.304780466818329, 25.230532227422938 ], [ 55.304887103730572, 25.230525771502734 ], [ 55.304887103707728, 25.230480855737323 ] ] ], [ [ [ 55.303908796626381, 25.23101785846702 ], [ 55.3039278, 25.2310971 ], [ 55.304491913862833, 25.231025847195454 ], [ 55.30448429909422, 25.2309964352675 ], [ 55.304638213806413, 25.230976447073168 ], [ 55.304615569088874, 25.230880000915008 ], [ 55.304828289616118, 25.23084141339293 ], [ 55.304774789553569, 25.230617213402059 ], [ 55.304563069314121, 25.230656398505857 ], [ 55.304553313453262, 25.23061484712359 ], [ 55.3044333, 25.2306274 ], [ 55.304097252166429, 25.230704402333323 ], [ 55.303943135345193, 25.230708605078341 ], [ 55.30393681353064, 25.23066084763035 ], [ 55.3038168, 25.2306734 ], [ 55.3036223, 25.2307187 ], [ 55.303633, 25.230756 ], [ 55.303768510210851, 25.230739836694074 ], [ 55.3037765, 25.2307679 ], [ 55.303849281823489, 25.230769689083143 ], [ 55.303532409459393, 25.230802830718165 ], [ 55.303602189620079, 25.230791313678754 ], [ 55.303585189598103, 25.230712613681547 ], [ 55.3033822, 25.2307461 ], [ 55.303390534620746, 25.230784458762731 ], [ 55.3033207, 25.2307915 ], [ 55.3033247, 25.230827 ], [ 55.303398168481394, 25.230819592370295 ], [ 55.3034408, 25.2310166 ], [ 55.303577878029522, 25.231001382424463 ], [ 55.3036136, 25.2310644 ], [ 55.303908796626381, 25.23101785846702 ] ], [ [ 55.30413176995993, 25.230848500021764 ], [ 55.304378340654843, 25.23081591586045 ], [ 55.304467766158155, 25.230997214966337 ], [ 55.304313961740007, 25.231018815037224 ], [ 55.304306713834549, 25.230987547344942 ], [ 55.304168892818822, 25.231003472454834 ], [ 55.30413176995993, 25.230848500021764 ] ] ], [ [ [ 55.3039439, 25.2454164 ], [ 55.3040189, 25.2456538 ], [ 55.30461919377926, 25.245560913663127 ], [ 55.304533693702005, 25.245283213678952 ], [ 55.3039439, 25.2454164 ] ] ], [ [ [ 55.3044216, 25.2395684 ], [ 55.304691892065293, 25.239501613555021 ], [ 55.30455759195123, 25.23909101358025 ], [ 55.3042873, 25.2391578 ], [ 55.3044216, 25.2395684 ] ] ], [ [ [ 55.3042168, 25.2487456 ], [ 55.304564131319772, 25.248676048065281 ], [ 55.304513831160158, 25.248512148097834 ], [ 55.3041665, 25.2485818 ], [ 55.3042168, 25.2487456 ] ] ], [ [ [ 55.304327500326941, 25.244105103017677 ], [ 55.304609100142812, 25.244033002515664 ], [ 55.304459799099241, 25.243533002721129 ], [ 55.304202600000011, 25.2435599 ], [ 55.3039177, 25.2436366 ], [ 55.3040703, 25.244132 ], [ 55.304327500326941, 25.244105103017677 ] ] ], [ [ [ 55.304477486596674, 25.233540388129015 ], [ 55.304421140704683, 25.233541583624731 ], [ 55.304421140704683, 25.233811078209971 ], [ 55.304555887997303, 25.233990741266801 ], [ 55.304746981222877, 25.233989545752326 ], [ 55.304746981210187, 25.233854798459035 ], [ 55.304477486596674, 25.233540388129015 ] ] ], [ [ [ 55.3036743, 25.2358643 ], [ 55.303713317835353, 25.235935531632858 ], [ 55.3035635, 25.2359512 ], [ 55.3030498, 25.2362182 ], [ 55.303064355897384, 25.23624109064648 ], [ 55.3029849, 25.2362494 ], [ 55.301968, 25.2367769 ], [ 55.3019356, 25.2368842 ], [ 55.3020311, 25.2370222 ], [ 55.302383785473062, 25.236996705624019 ], [ 55.302476285381431, 25.236958305457492 ], [ 55.303077978427986, 25.236550653379521 ], [ 55.303362184126229, 25.236412403842529 ], [ 55.303348881703805, 25.23639137040832 ], [ 55.303428884056522, 25.236383003722274 ], [ 55.303841055707991, 25.236168731478809 ], [ 55.303957, 25.2363804 ], [ 55.304674718980003, 25.23620984731873 ], [ 55.304586218724964, 25.23594734737733 ], [ 55.30406931852432, 25.235717447788154 ], [ 55.3039493, 25.23573 ], [ 55.3036743, 25.2358643 ] ] ], [ [ [ 55.304742389523845, 25.230510313408036 ], [ 55.30452, 25.2305434 ], [ 55.3045287, 25.2305889 ], [ 55.304751189536574, 25.230555813406657 ], [ 55.304742389523845, 25.230510313408036 ] ] ], [ [ [ 55.3039295, 25.2388289 ], [ 55.304186689099822, 25.238802002666432 ], [ 55.304633988801555, 25.238684701868848 ], [ 55.304565788357628, 25.238471701964425 ], [ 55.3043086, 25.2384986 ], [ 55.3038613, 25.2386159 ], [ 55.3039295, 25.2388289 ] ] ], [ [ [ 55.3046485, 25.2305065 ], [ 55.304742889519346, 25.23049441340768 ], [ 55.304732989503322, 25.230437113409124 ], [ 55.3046386, 25.2304492 ], [ 55.3046485, 25.2305065 ] ] ], [ [ [ 55.3045747, 25.2310126 ], [ 55.3045844, 25.2310548 ], [ 55.304703534510232, 25.231036620140561 ], [ 55.30469383449261, 25.230994520143017 ], [ 55.3045747, 25.2310126 ] ] ], [ [ [ 55.3043189, 25.2303628 ], [ 55.3043525, 25.2305163 ], [ 55.30441, 25.2305263 ], [ 55.304679489498874, 25.23041861342136 ], [ 55.30464688946283, 25.230289313427026 ], [ 55.3044864, 25.2302919 ], [ 55.3043189, 25.2303628 ] ] ], [ [ [ 55.304426330895396, 25.248240048155139 ], [ 55.304376030735888, 25.248076248187697 ], [ 55.3040287, 25.2481459 ], [ 55.304079, 25.2483097 ], [ 55.304426330895396, 25.248240048155139 ] ] ], [ [ [ 55.304361994556736, 25.248297113764426 ], [ 55.3041004, 25.2483578 ], [ 55.3041507, 25.2485216 ], [ 55.304412294602301, 25.248460913755114 ], [ 55.304361994556736, 25.248297113764426 ] ] ], [ [ [ 55.304527778060461, 25.231379171196913 ], [ 55.304527778017658, 25.231294778003164 ], [ 55.304617609540792, 25.231289339628283 ], [ 55.304617609517955, 25.231244423862865 ], [ 55.304510972233096, 25.231250879650229 ], [ 55.304510972233153, 25.231290055554346 ], [ 55.304376224940476, 25.231295795414436 ], [ 55.304376224940476, 25.231385626942846 ], [ 55.304527778060461, 25.231379171196913 ] ] ], [ [ [ 55.3036765, 25.2429955 ], [ 55.303854, 25.2435552 ], [ 55.304111199127952, 25.243528303331981 ], [ 55.304415498902728, 25.2434380027881 ], [ 55.30425279786067, 25.242938003017063 ], [ 55.304155897769654, 25.242890003181572 ], [ 55.3038987, 25.2429169 ], [ 55.3036765, 25.2429955 ] ] ], [ [ [ 55.3038769, 25.2411586 ], [ 55.304448123760167, 25.241030347757846 ], [ 55.304378923545507, 25.240809747802871 ], [ 55.3038078, 25.240938 ], [ 55.3038769, 25.2411586 ] ] ], [ [ [ 55.304317259044218, 25.250381767627218 ], [ 55.304196561883657, 25.250384995201976 ], [ 55.304196561883657, 25.250429910966186 ], [ 55.304317259055651, 25.250426683392035 ], [ 55.304317259044218, 25.250381767627218 ] ] ], [ [ [ 55.304251057496082, 25.238077805754699 ], [ 55.304233491653356, 25.238020113639923 ], [ 55.3039587, 25.238088 ], [ 55.3040826, 25.2384892 ], [ 55.304331309176376, 25.23843262411436 ], [ 55.304457718589425, 25.238433576423439 ], [ 55.30445771856234, 25.238343744893584 ], [ 55.304333177246747, 25.238347513862532 ], [ 55.304305677325033, 25.238257195253425 ], [ 55.304409373600159, 25.238254272015144 ], [ 55.304409373575609, 25.238164440485434 ], [ 55.304364457787507, 25.23807460896586 ], [ 55.304251057496082, 25.238077805754699 ] ] ], [ [ [ 55.304177939008532, 25.250112751222673 ], [ 55.304106730355244, 25.250115500616737 ], [ 55.304061814591037, 25.250160416380947 ], [ 55.304106730355244, 25.250295163673563 ], [ 55.304177939047491, 25.250292414281578 ], [ 55.304222854801438, 25.250247498508799 ], [ 55.304177939008532, 25.250112751222673 ] ] ], [ [ [ 55.302094808074337, 25.245717914685546 ], [ 55.302076733671242, 25.245680691216858 ], [ 55.302375303665791, 25.245577606607853 ], [ 55.302364025039353, 25.245539631919581 ], [ 55.303651502791851, 25.245232204330474 ], [ 55.30363689453764, 25.245163880417287 ], [ 55.303882151534715, 25.245136184976896 ], [ 55.303882151534211, 25.245174766554076 ], [ 55.303946500383262, 25.245172734381363 ], [ 55.303991416134245, 25.24509206636117 ], [ 55.30429120233071, 25.245048203187729 ], [ 55.304272302207067, 25.244988903214182 ], [ 55.3040151, 25.2450158 ], [ 55.3039349, 25.2450367 ], [ 55.303944558349308, 25.245067003716507 ], [ 55.30362656774679, 25.245115581192739 ], [ 55.30359763395537, 25.244980255364194 ], [ 55.3036968, 25.2450346 ], [ 55.304034302222021, 25.244983503631016 ], [ 55.304067302086054, 25.244921103566096 ], [ 55.304062301872229, 25.244820003563447 ], [ 55.304009701547926, 25.244664303638142 ], [ 55.3037525, 25.2446912 ], [ 55.303548306610296, 25.24474954652819 ], [ 55.303567493557807, 25.24472261389646 ], [ 55.303443401007279, 25.244379704599265 ], [ 55.3031862, 25.2444066 ], [ 55.3025951, 25.2445587 ], [ 55.302693773345624, 25.24487258361458 ], [ 55.302186356733451, 25.244990510862042 ], [ 55.3019378, 25.2450165 ], [ 55.301494116930634, 25.245143532340727 ], [ 55.301375802409453, 25.244932908288121 ], [ 55.3011186, 25.2449598 ], [ 55.3006048, 25.245196 ], [ 55.3007464, 25.2454479 ], [ 55.300891892491386, 25.245432688602257 ], [ 55.3007673, 25.245489 ], [ 55.3009635, 25.2458443 ], [ 55.30110266389773, 25.245829750131065 ], [ 55.3009883, 25.2458753 ], [ 55.3010151, 25.2459273 ], [ 55.3010786, 25.2459547 ], [ 55.301645708982207, 25.245908516304048 ], [ 55.302094808074337, 25.245717914685546 ] ], [ [ 55.302026, 25.2452944 ], [ 55.301663803773863, 25.245423214004266 ], [ 55.301643069587712, 25.245385666491043 ], [ 55.302086558590268, 25.245245480191674 ], [ 55.302099847847359, 25.245286678482589 ], [ 55.302026, 25.2452944 ] ], [ [ 55.301582130401712, 25.245655093971767 ], [ 55.301579141482762, 25.245655406481273 ], [ 55.301581663032323, 25.24565426681653 ], [ 55.301582130401712, 25.245655093971767 ] ] ], [ [ [ 55.304030331725606, 25.249058148522369 ], [ 55.304147431691042, 25.249029348424997 ], [ 55.304130131634828, 25.248971648436108 ], [ 55.303893, 25.249013 ], [ 55.3039103, 25.2490707 ], [ 55.304030331725606, 25.249058148522369 ] ] ], [ [ [ 55.304130736888865, 25.250023158778617 ], [ 55.304016898826831, 25.250025669088327 ], [ 55.304016898826831, 25.250070584852537 ], [ 55.304130736897754, 25.250068074543293 ], [ 55.304130736888865, 25.250023158778617 ] ] ], [ [ [ 55.3040739, 25.2306692 ], [ 55.304386413474063, 25.230627147260769 ], [ 55.304376513422362, 25.230574347266092 ], [ 55.304064, 25.2306164 ], [ 55.3040739, 25.2306692 ] ] ], [ [ [ 55.302036125446328, 25.249412571629573 ], [ 55.302046722580286, 25.249430365665198 ], [ 55.3018618, 25.2494497 ], [ 55.3016118, 25.2495634 ], [ 55.3018325, 25.249960399999988 ], [ 55.302065284613697, 25.249936061676365 ], [ 55.3018563, 25.2500337 ], [ 55.3021241, 25.2504929 ], [ 55.302708413992733, 25.25046440657529 ], [ 55.303756235990491, 25.249979568141253 ], [ 55.303816326533784, 25.24997824306541 ], [ 55.303816326528697, 25.249950312001094 ], [ 55.304116012436666, 25.249804404031508 ], [ 55.303962011905064, 25.249545704272478 ], [ 55.3037048, 25.2495726 ], [ 55.302657371050287, 25.250082464055158 ], [ 55.302542364104681, 25.250002265499962 ], [ 55.302712212974427, 25.249984506514448 ], [ 55.302908112746543, 25.24988730615981 ], [ 55.30289753641582, 25.24986975626603 ], [ 55.303144212489791, 25.249778605733368 ], [ 55.303175612334663, 25.249707105670211 ], [ 55.303137889932707, 25.249644246378939 ], [ 55.303405312119139, 25.249617505257163 ], [ 55.303830111652886, 25.24941990448967 ], [ 55.30384181140959, 25.24930580445627 ], [ 55.303651310761587, 25.248990304754855 ], [ 55.303543715172694, 25.249001555544741 ], [ 55.303624610665082, 25.248943404796393 ], [ 55.30359654496398, 25.248894718996986 ], [ 55.303688437976462, 25.248899547520729 ], [ 55.303733353728646, 25.248854631746461 ], [ 55.303733353717213, 25.248809715981654 ], [ 55.303688437942171, 25.24876480022629 ], [ 55.30338027746145, 25.24880948778894 ], [ 55.303521110233731, 25.248734604954397 ], [ 55.303355409711514, 25.248479705216297 ], [ 55.30322283295444, 25.248493567982454 ], [ 55.303336509622412, 25.248436705244597 ], [ 55.303189309128264, 25.248196005475641 ], [ 55.3029321, 25.2482229 ], [ 55.302700083387052, 25.248348104167274 ], [ 55.3025844, 25.2483602 ], [ 55.3023522, 25.2484759 ], [ 55.3025126, 25.2487392 ], [ 55.302649778821198, 25.248724856733741 ], [ 55.302881978676595, 25.248609156509538 ], [ 55.302863977068014, 25.248579606617557 ], [ 55.302984504044296, 25.248567004141101 ], [ 55.302868, 25.2486289 ], [ 55.302888556715779, 25.248660535324326 ], [ 55.3027923, 25.2486706 ], [ 55.302567876969874, 25.248803378201835 ], [ 55.3023783, 25.2488232 ], [ 55.302310653305845, 25.248856261251966 ], [ 55.30228597026732, 25.248815037123041 ], [ 55.30239299471755, 25.248762814231952 ], [ 55.30226379465816, 25.24854601425891 ], [ 55.301736021829093, 25.248780500711657 ], [ 55.301724210486867, 25.248760008109336 ], [ 55.301467, 25.2487869 ], [ 55.3011838, 25.2489206 ], [ 55.3012439, 25.2490248 ], [ 55.301427288988776, 25.249005626685349 ], [ 55.3013118, 25.249059 ], [ 55.3015538, 25.249463 ], [ 55.302036125446328, 25.249412571629573 ] ], [ [ 55.302913307822415, 25.249326862812694 ], [ 55.302815509859634, 25.249337088573643 ], [ 55.302927398896927, 25.249304845519795 ], [ 55.302913307822415, 25.249326862812694 ] ], [ [ 55.302834214052695, 25.249030511413011 ], [ 55.302788001766594, 25.249052310039655 ], [ 55.302778487910068, 25.249036338141316 ], [ 55.302834214052695, 25.249030511413011 ] ], [ [ 55.301733018753538, 25.24888830276825 ], [ 55.3017538112422, 25.248923029335309 ], [ 55.301632766084154, 25.248935684914635 ], [ 55.301733018753538, 25.24888830276825 ] ] ], [ [ [ 55.303747823157124, 25.24038414829694 ], [ 55.304198223020641, 25.240269747922323 ], [ 55.304131122810126, 25.240053447965842 ], [ 55.3035606, 25.2401804 ], [ 55.3036278, 25.2403967 ], [ 55.303747823157124, 25.24038414829694 ] ] ], [ [ [ 55.303858130643754, 25.247956048605321 ], [ 55.303294200000011, 25.2480875 ], [ 55.3032728, 25.2481894 ], [ 55.3034867, 25.2485434 ], [ 55.304073431073022, 25.248401048452497 ], [ 55.303943930681378, 25.247998548537314 ], [ 55.303858130643754, 25.247956048605321 ] ] ], [ [ [ 55.304293889360977, 25.229910313503837 ], [ 55.3041481, 25.2299365 ], [ 55.3041823, 25.2300639 ], [ 55.304325689396585, 25.230038013498323 ], [ 55.304293889360977, 25.229910313503837 ] ] ], [ [ [ 55.3041123, 25.2302613 ], [ 55.30413431189875, 25.230360932807393 ], [ 55.3040285, 25.230372 ], [ 55.303861, 25.2304428 ], [ 55.3038999, 25.2305939 ], [ 55.304114013441982, 25.230580447481152 ], [ 55.304307313342299, 25.230489747318249 ], [ 55.304280113212194, 25.230356747333502 ], [ 55.304178434306998, 25.230358833544624 ], [ 55.304317513194349, 25.230340647302043 ], [ 55.304294713093576, 25.230237547315284 ], [ 55.3041123, 25.2302613 ] ] ], [ [ [ 55.3038427, 25.2484793 ], [ 55.3038615, 25.2485375 ], [ 55.304017094619745, 25.24850191384817 ], [ 55.303998294603566, 25.248443713851689 ], [ 55.3038427, 25.2484793 ] ] ], [ [ [ 55.3035376, 25.2400969 ], [ 55.304109322724891, 25.239966147979096 ], [ 55.304038922510898, 25.23974614802513 ], [ 55.3034672, 25.239877 ], [ 55.3035376, 25.2400969 ] ] ], [ [ [ 55.303884234073408, 25.242453289896002 ], [ 55.303988025149508, 25.24241054820704 ], [ 55.303932524998331, 25.242254848244269 ], [ 55.303647, 25.2423106 ], [ 55.3036966, 25.2424835 ], [ 55.303810722909105, 25.242471565587429 ], [ 55.3037052, 25.2425195 ], [ 55.3037625, 25.24267 ], [ 55.304048025347939, 25.24261424816866 ], [ 55.304012225189609, 25.242452348189445 ], [ 55.303884234073408, 25.242453289896002 ] ] ], [ [ [ 55.303915792331253, 25.240401913750034 ], [ 55.303642, 25.2404666 ], [ 55.3037711, 25.2408805 ], [ 55.304044892446328, 25.240815813726059 ], [ 55.303915792331253, 25.240401913750034 ] ] ], [ [ [ 55.304061814591037, 25.231340711178639 ], [ 55.304061814591037, 25.231385626942846 ], [ 55.304166165971232, 25.231379410444667 ], [ 55.304166165949233, 25.231334494679292 ], [ 55.304061814591037, 25.231340711178639 ] ] ], [ [ [ 55.304165022849226, 25.231110035400814 ], [ 55.304016898826831, 25.231116132357613 ], [ 55.304016898826831, 25.23116104812182 ], [ 55.304165022870805, 25.231154951166168 ], [ 55.304165022849226, 25.231110035400814 ] ] ], [ [ [ 55.3035018, 25.2467496 ], [ 55.3032637, 25.2468146 ], [ 55.3033293, 25.247011 ], [ 55.303586506514087, 25.246984104642152 ], [ 55.3038246063496, 25.246919004217165 ], [ 55.303808786059442, 25.246871664300688 ], [ 55.303890094157246, 25.246859613853164 ], [ 55.303878894142507, 25.246806913854996 ], [ 55.303791481498742, 25.246819882880573 ], [ 55.303759005940599, 25.246722704310095 ], [ 55.3035018, 25.2467496 ] ] ], [ [ [ 55.303870624797227, 25.242048348284055 ], [ 55.303629490622342, 25.242092586040016 ], [ 55.303620653051453, 25.24206384873699 ], [ 55.303850224764247, 25.242013948298947 ], [ 55.303800724595845, 25.241841148330348 ], [ 55.3032573, 25.241969 ], [ 55.3033439, 25.2422506 ], [ 55.30360201614161, 25.242203313518754 ], [ 55.3036346, 25.242277 ], [ 55.303920124965728, 25.242221248252655 ], [ 55.303870624797227, 25.242048348284055 ] ] ], [ [ [ 55.303426022137522, 25.23933664850512 ], [ 55.303873422000706, 25.239221748132952 ], [ 55.303804121786165, 25.239001248178052 ], [ 55.3032367, 25.2391287 ], [ 55.303306, 25.2393492 ], [ 55.303426022137522, 25.23933664850512 ] ] ], [ [ [ 55.3034912, 25.2418621 ], [ 55.303790924559053, 25.241803448336398 ], [ 55.303560223823339, 25.241047748485414 ], [ 55.3032538, 25.2411076 ], [ 55.3034912, 25.2418621 ] ] ], [ [ [ 55.3034704, 25.2426744 ], [ 55.3035217, 25.2428138 ], [ 55.3035668, 25.2428427 ], [ 55.303767293009543, 25.242793713820728 ], [ 55.30370509295966, 25.242614013832565 ], [ 55.3034704, 25.2426744 ] ] ], [ [ [ 55.303735793535921, 25.244654013856081 ], [ 55.30371779351993, 25.244596513859427 ], [ 55.3035681, 25.2446297 ], [ 55.3035862, 25.2446872 ], [ 55.303735793535921, 25.244654013856081 ] ] ], [ [ [ 55.303327121835089, 25.239025748569677 ], [ 55.303779421690209, 25.238902948193086 ], [ 55.303708121481314, 25.238688048240121 ], [ 55.3031359, 25.2388234 ], [ 55.3032071, 25.2390383 ], [ 55.303327121835089, 25.239025748569677 ] ] ], [ [ [ 55.303652892907543, 25.242426913841964 ], [ 55.3034303, 25.2424795 ], [ 55.3034839, 25.2426478 ], [ 55.303706492954319, 25.242595213831958 ], [ 55.303652892907543, 25.242426913841964 ] ] ], [ [ [ 55.303832089582414, 25.230670013623197 ], [ 55.303819989568638, 25.230620613625277 ], [ 55.303754058132164, 25.230631463640634 ], [ 55.303873113453747, 25.230579747678192 ], [ 55.303844413322032, 25.230445047694573 ], [ 55.3035936, 25.2304523 ], [ 55.3034234, 25.2305287 ], [ 55.3034555, 25.2306858 ], [ 55.30372869827962, 25.230642479586493 ], [ 55.3037391, 25.2306853 ], [ 55.303832089582414, 25.230670013623197 ] ] ], [ [ [ 55.303583392036806, 25.23934281381181 ], [ 55.3033085, 25.2394081 ], [ 55.3034386, 25.2398237 ], [ 55.303713492152376, 25.239758513787642 ], [ 55.303583392036806, 25.23934281381181 ] ] ], [ [ [ 55.303753989724754, 25.231169713648971 ], [ 55.3035279, 25.2312145 ], [ 55.303541, 25.2312643 ], [ 55.303767089738621, 25.231219513646657 ], [ 55.303753989724754, 25.231169713648971 ] ] ], [ [ [ 55.303628451792086, 25.231123846680934 ], [ 55.303620925199837, 25.231096197408288 ], [ 55.3034642, 25.23112 ], [ 55.3034883, 25.231208899999988 ], [ 55.303760389720189, 25.23115391364724 ], [ 55.303746889705664, 25.231101813649616 ], [ 55.303628451792086, 25.231123846680934 ] ] ], [ [ [ 55.303713918693546, 25.234438703477132 ], [ 55.303612656948978, 25.234439898908853 ], [ 55.303522825420565, 25.23448481467306 ], [ 55.303477909656358, 25.234529730437266 ], [ 55.303477909656358, 25.234574646201473 ], [ 55.303522825420565, 25.234619561965676 ], [ 55.303624087182499, 25.234618366541852 ], [ 55.303713918697774, 25.234483619241573 ], [ 55.303713918693546, 25.234438703477132 ] ] ], [ [ [ 55.303669002912635, 25.234259040422906 ], [ 55.303624087140186, 25.234169208897548 ], [ 55.303534255607985, 25.234124293140113 ], [ 55.303432993892152, 25.234125488559414 ], [ 55.303477909656358, 25.234305151616237 ], [ 55.303522825420565, 25.234350067380444 ], [ 55.30366900291687, 25.23430395618734 ], [ 55.303669002912635, 25.234259040422906 ] ] ], [ [ [ 55.303522825420565, 25.233631415153152 ], [ 55.303612656948978, 25.233721246681561 ], [ 55.303669002861866, 25.233720051249733 ], [ 55.303669002844948, 25.233540388192004 ], [ 55.303522825420565, 25.233541583624735 ], [ 55.303522825420565, 25.233631415153152 ] ] ], [ [ [ 55.303567741184771, 25.229993238252465 ], [ 55.303567741184771, 25.230038154016672 ], [ 55.303709006820071, 25.230032774483266 ], [ 55.303709006801043, 25.229987858718047 ], [ 55.303567741184771, 25.229993238252465 ] ] ], [ [ [ 55.301549824539428, 25.241666450163304 ], [ 55.302282324139256, 25.241300249544519 ], [ 55.302270487248009, 25.241280889366365 ], [ 55.30233972410997, 25.24127364949614 ], [ 55.303021762436565, 25.240933047742423 ], [ 55.303040358232863, 25.240963386225818 ], [ 55.3014813, 25.2417096 ], [ 55.301588, 25.241884 ], [ 55.301708024734076, 25.241871450044631 ], [ 55.303027119770164, 25.241215166763642 ], [ 55.3032572, 25.2419465 ], [ 55.303471192760377, 25.241896813876465 ], [ 55.303240492550138, 25.241141013919037 ], [ 55.303116930164222, 25.241169504304604 ], [ 55.30321282391354, 25.241120748773554 ], [ 55.303174457283554, 25.241058979805043 ], [ 55.303538323750274, 25.240972748499381 ], [ 55.303442923504321, 25.240719148564093 ], [ 55.303017388260862, 25.240814137086073 ], [ 55.302964123536711, 25.240726848956335 ], [ 55.3028441, 25.2407394 ], [ 55.3021098, 25.241106 ], [ 55.302126655396847, 25.24113363736728 ], [ 55.3020572, 25.2411409 ], [ 55.3013247, 25.241507 ], [ 55.3014298, 25.241679 ], [ 55.301549824539428, 25.241666450163304 ] ] ], [ [ [ 55.3029759, 25.2382804 ], [ 55.303544920955801, 25.238148248345237 ], [ 55.303474720746259, 25.237932748391341 ], [ 55.3029057, 25.238065 ], [ 55.3029759, 25.2382804 ] ] ], [ [ [ 55.303218940739477, 25.240667874397346 ], [ 55.303358092407159, 25.240641313884026 ], [ 55.303293021403441, 25.240433126898811 ], [ 55.303502492518874, 25.240379104044159 ], [ 55.303451492182589, 25.240217804115403 ], [ 55.303282201059865, 25.240235507794615 ], [ 55.303446692123977, 25.240189904120665 ], [ 55.303384191740427, 25.24000570420948 ], [ 55.303236210872633, 25.240021179344726 ], [ 55.303360691707631, 25.239989004248802 ], [ 55.303303291328596, 25.239807204328944 ], [ 55.3030461, 25.2398341 ], [ 55.3026032, 25.2399516 ], [ 55.3027743, 25.240454 ], [ 55.30300139234329, 25.240396713963754 ], [ 55.302886720866148, 25.240059799357397 ], [ 55.303082814447336, 25.240044856974912 ], [ 55.3029518, 25.2400812 ], [ 55.3030142, 25.2402654 ], [ 55.303182158081604, 25.240247836040297 ], [ 55.302986, 25.2402985 ], [ 55.303037, 25.2404599 ], [ 55.303074995307767, 25.240455926719708 ], [ 55.3031132, 25.2406324 ], [ 55.303182345719435, 25.240616319792295 ], [ 55.3031162, 25.2406465 ], [ 55.3031332, 25.2407014 ], [ 55.303218940739477, 25.240667874397346 ] ], [ [ 55.303220806994936, 25.24060737540043 ], [ 55.303247590205203, 25.240601146803321 ], [ 55.303247899443903, 25.240602135723339 ], [ 55.303220806994936, 25.24060737540043 ] ] ], [ [ [ 55.3023939, 25.2434241 ], [ 55.3025139262162, 25.24341154946622 ], [ 55.303443925697117, 25.242935548680002 ], [ 55.303344225544464, 25.242776048753193 ], [ 55.3032242, 25.2427886 ], [ 55.3022941, 25.2432647 ], [ 55.3023939, 25.2434241 ] ] ], [ [ [ 55.3031066, 25.2299673 ], [ 55.3031933, 25.2300017 ], [ 55.303336789399324, 25.229996013728826 ], [ 55.303425689393187, 25.229978913707786 ], [ 55.303591389361216, 25.229874413667488 ], [ 55.303602089218089, 25.229368313657375 ], [ 55.3030475, 25.229472 ], [ 55.302939, 25.2295494 ], [ 55.3030402, 25.2298587 ], [ 55.3031066, 25.2299673 ] ] ], [ [ [ 55.303216821553129, 25.238734948644623 ], [ 55.303454321478327, 25.238671748446951 ], [ 55.303321421080511, 25.238262648534153 ], [ 55.3029639, 25.2383384 ], [ 55.3030968, 25.2387475 ], [ 55.303216821553129, 25.238734948644623 ] ] ], [ [ [ 55.303275051120892, 25.250472555628654 ], [ 55.303275051112841, 25.250427639864018 ], [ 55.303208415071126, 25.250429910966176 ], [ 55.303208415071126, 25.25047482673039 ], [ 55.303275051120892, 25.250472555628654 ] ] ], [ [ [ 55.303489339865152, 25.234348871965768 ], [ 55.303388078127945, 25.23435006738044 ], [ 55.303388078127945, 25.234439898908857 ], [ 55.303489339873614, 25.234438703494629 ], [ 55.303489339865152, 25.234348871965768 ] ] ], [ [ [ 55.302799701316147, 25.244491705740888 ], [ 55.303076989730194, 25.244399111502453 ], [ 55.303251101031144, 25.244380904936687 ], [ 55.303301100896263, 25.24431990484209 ], [ 55.303340300522336, 25.24414560475368 ], [ 55.303309300395803, 25.244084304801124 ], [ 55.302789276709085, 25.243980100626278 ], [ 55.303210699975459, 25.243880904951105 ], [ 55.303194799860599, 25.24382590497278 ], [ 55.3029376, 25.2438528 ], [ 55.3022441, 25.2440051 ], [ 55.3019607, 25.2441092 ], [ 55.3020876, 25.2443333 ], [ 55.302344800973657, 25.244306406517811 ], [ 55.302498700805209, 25.24423500623983 ], [ 55.302422507179031, 25.244100512293016 ], [ 55.302546200425702, 25.244058506136589 ], [ 55.3025269002584, 25.244023989527143 ], [ 55.302560422224481, 25.244020484310568 ], [ 55.3024953, 25.2443284 ], [ 55.302685310035443, 25.244363223400171 ], [ 55.3025189, 25.2444291 ], [ 55.3025425, 25.2445186 ], [ 55.302799701316147, 25.244491705740888 ] ] ], [ [ [ 55.303444424075785, 25.234079377382677 ], [ 55.303444424071557, 25.234034461618254 ], [ 55.303399508303343, 25.23398954585733 ], [ 55.303309676771143, 25.233944630099888 ], [ 55.303208415071126, 25.233945825502591 ], [ 55.303253330835325, 25.234080572795211 ], [ 55.303343162363738, 25.234125488559414 ], [ 55.303399508316033, 25.234124293150618 ], [ 55.303444424075785, 25.234079377382677 ] ] ], [ [ [ 55.303444424020796, 25.233495472445082 ], [ 55.303444424016561, 25.233450556680644 ], [ 55.303388078127945, 25.233451752096318 ], [ 55.303388078127945, 25.233496667860532 ], [ 55.303444424020796, 25.233495472445082 ] ] ], [ [ [ 55.303374191615703, 25.237841913838139 ], [ 55.3033188, 25.2378512 ], [ 55.3033234, 25.2378649 ], [ 55.303378691619507, 25.237855613837294 ], [ 55.303374191615703, 25.237841913838139 ] ] ], [ [ [ 55.3028356, 25.2423279 ], [ 55.3029301, 25.2425073 ], [ 55.303050125281359, 25.242494748979077 ], [ 55.303240525190368, 25.242412748818925 ], [ 55.303228589586283, 25.242390066194304 ], [ 55.303303625110821, 25.242335648763223 ], [ 55.303294725073783, 25.242297748768515 ], [ 55.303185995109274, 25.242309118855001 ], [ 55.303146125017754, 25.242233348886746 ], [ 55.3030261, 25.2422459 ], [ 55.3028356, 25.2423279 ] ] ], [ [ [ 55.303399508371029, 25.234708198088217 ], [ 55.303343162363738, 25.234709393494093 ], [ 55.303343162363738, 25.234754309258303 ], [ 55.303399508375264, 25.234753113852662 ], [ 55.303399508371029, 25.234708198088217 ] ] ], [ [ [ 55.303253330835325, 25.234170404323624 ], [ 55.303208415071126, 25.234215320087831 ], [ 55.303208415071126, 25.234260235852034 ], [ 55.303354592568965, 25.234303956211839 ], [ 55.303354592560503, 25.234214124682982 ], [ 55.303309676792296, 25.234169208922044 ], [ 55.303253330835325, 25.234170404323624 ] ] ], [ [ [ 55.303137, 25.2374828 ], [ 55.303306520298371, 25.23747114850466 ], [ 55.303307320260046, 25.23743244850197 ], [ 55.3031379, 25.2374441 ], [ 55.303137, 25.2374828 ] ] ], [ [ [ 55.303086791322286, 25.239792904706984 ], [ 55.303268791206285, 25.239747704382737 ], [ 55.303231890952397, 25.239626004433703 ], [ 55.3027927, 25.239698 ], [ 55.3028296, 25.2398198 ], [ 55.303086791322286, 25.239792904706984 ] ] ], [ [ [ 55.303354592475898, 25.233315809394348 ], [ 55.303354592471663, 25.233270893629914 ], [ 55.303298246599532, 25.233272089039502 ], [ 55.303298246599532, 25.233317004803705 ], [ 55.303354592475898, 25.233315809394348 ] ] ], [ [ [ 55.303042090844762, 25.239565304759683 ], [ 55.303244290707667, 25.239511204399005 ], [ 55.303146090081761, 25.23921080453729 ], [ 55.3028889, 25.2392377 ], [ 55.3026867, 25.2392918 ], [ 55.3027849, 25.2395922 ], [ 55.303042090844762, 25.239565304759683 ] ] ], [ [ [ 55.302998, 25.2421928 ], [ 55.303118024966679, 25.242180248906941 ], [ 55.303196224921869, 25.24213904884078 ], [ 55.303099524778169, 25.241988748911997 ], [ 55.3029795, 25.2420013 ], [ 55.3029013, 25.2420424 ], [ 55.302998, 25.2421928 ] ] ], [ [ [ 55.3027798, 25.2552892 ], [ 55.302899696562321, 25.255311814211996 ], [ 55.302982496550101, 25.255272914192041 ], [ 55.303004896530894, 25.25520621418579 ], [ 55.302729096395851, 25.254714414242923 ], [ 55.3026099, 25.2547239 ], [ 55.3025349, 25.2547597 ], [ 55.3025252, 25.2548 ], [ 55.3027798, 25.2552892 ] ] ], [ [ [ 55.30326476108754, 25.23479802962758 ], [ 55.303264761083305, 25.234753113863153 ], [ 55.303028752014299, 25.234754309258296 ], [ 55.303028752014299, 25.234799225022506 ], [ 55.30326476108754, 25.23479802962758 ] ] ], [ [ [ 55.302981225683467, 25.242897549056689 ], [ 55.302965495246099, 25.242871699328312 ], [ 55.303083293025146, 25.242813113980962 ], [ 55.302986292981487, 25.242653614001245 ], [ 55.3025809, 25.2428419 ], [ 55.3026779, 25.2430013 ], [ 55.302797925783175, 25.242988749211509 ], [ 55.302981225683467, 25.242897549056689 ] ] ], [ [ [ 55.302531324907783, 25.242090049382355 ], [ 55.303083824605736, 25.241813648915624 ], [ 55.303009434086313, 25.241692003355858 ], [ 55.303098024455608, 25.24166264889605 ], [ 55.303072824413583, 25.241618848914367 ], [ 55.3029528, 25.2416314 ], [ 55.3023149, 25.2419448 ], [ 55.3024113, 25.2421026 ], [ 55.302531324907783, 25.242090049382355 ] ] ], [ [ [ 55.3027962, 25.2405277 ], [ 55.3028429, 25.2406953 ], [ 55.303075492412809, 25.240646513950182 ], [ 55.303028792366121, 25.240478913958579 ], [ 55.3027962, 25.2405277 ] ] ], [ [ [ 55.303073387503332, 25.237990604527052 ], [ 55.303112187472962, 25.237978304457631 ], [ 55.303071487253845, 25.237872804517089 ], [ 55.3027755, 25.237912 ], [ 55.3028162, 25.2380175 ], [ 55.303073387503332, 25.237990604527052 ] ] ], [ [ [ 55.302983836250093, 25.233766162445765 ], [ 55.303143729884745, 25.233763532587449 ], [ 55.303143729875437, 25.233718616822749 ], [ 55.303008982556356, 25.233583869551747 ], [ 55.302938920485886, 25.233586499388942 ], [ 55.302938920485886, 25.233676330917351 ], [ 55.302983836250093, 25.233766162445765 ] ] ], [ [ [ 55.303130013727895, 25.234079377407181 ], [ 55.303130013723667, 25.234034461642743 ], [ 55.303073667778506, 25.234035657030997 ], [ 55.303073667778506, 25.234080572795204 ], [ 55.303130013727895, 25.234079377407181 ] ] ], [ [ [ 55.303067487232461, 25.237862504522937 ], [ 55.303025187005261, 25.237753104584762 ], [ 55.3027293, 25.2377922 ], [ 55.3027715, 25.2379016 ], [ 55.303067487232461, 25.237862504522937 ] ] ], [ [ [ 55.303040182280313, 25.234932776938379 ], [ 55.303040182276078, 25.234887861173945 ], [ 55.302938920485886, 25.234889056550912 ], [ 55.302938920485886, 25.234933972315119 ], [ 55.303040182280313, 25.234932776938379 ] ] ], [ [ [ 55.3015618, 25.2427225 ], [ 55.3013775, 25.2428072 ], [ 55.301471, 25.2429737 ], [ 55.301591025818276, 25.242961150197843 ], [ 55.301775425724948, 25.242876450042449 ], [ 55.301750751344365, 25.242832558255401 ], [ 55.301810125673576, 25.242826350011413 ], [ 55.302918425065847, 25.242270049075039 ], [ 55.302823124917126, 25.242114749144847 ], [ 55.3027031, 25.2421273 ], [ 55.3015948, 25.2426837 ], [ 55.301615196664429, 25.242716916849819 ], [ 55.3015618, 25.2427225 ] ] ], [ [ [ 55.3021416, 25.2419497 ], [ 55.302909892679573, 25.241581614002978 ], [ 55.302817092637703, 25.241428614022372 ], [ 55.3020487, 25.2417968 ], [ 55.3021416, 25.2419497 ] ] ], [ [ [ 55.3010124, 25.2467061 ], [ 55.301040953289508, 25.246755518463992 ], [ 55.3009407, 25.246766 ], [ 55.3007528, 25.2468522 ], [ 55.300772734431554, 25.246885471205491 ], [ 55.300536707728497, 25.246977367931017 ], [ 55.300417194421961, 25.246773524582412 ], [ 55.3002663, 25.2467893 ], [ 55.3001512, 25.2468445 ], [ 55.300073, 25.2470042 ], [ 55.3002169, 25.2472451 ], [ 55.300367794992255, 25.24722932466349 ], [ 55.300577762830876, 25.247128546651542 ], [ 55.300615128504631, 25.247191236322966 ], [ 55.300428, 25.2472108 ], [ 55.3002214, 25.2473129 ], [ 55.300257457920203, 25.247372559067838 ], [ 55.300199058869325, 25.247375639000179 ], [ 55.300199058869325, 25.247465470528589 ], [ 55.300289700474416, 25.247460690136077 ], [ 55.300289700461796, 25.247425905406807 ], [ 55.300356, 25.2475356 ], [ 55.300439856570321, 25.247526833175293 ], [ 55.3003738, 25.2475564 ], [ 55.3006789, 25.2480971 ], [ 55.300890038918546, 25.248075025974352 ], [ 55.3007451, 25.2481438 ], [ 55.30081, 25.2482557 ], [ 55.301067209433057, 25.248228809201812 ], [ 55.301275571178678, 25.248129940263933 ], [ 55.30131620852061, 25.248201361471367 ], [ 55.3011475, 25.248219 ], [ 55.3008523, 25.2483544 ], [ 55.3009264, 25.2484865 ], [ 55.301183609909657, 25.248459609023701 ], [ 55.301405292664832, 25.248357928906785 ], [ 55.3014995, 25.2485235 ], [ 55.301756709924632, 25.248496608022581 ], [ 55.302307209316012, 25.248238407027756 ], [ 55.302268227784836, 25.248169859455174 ], [ 55.302812794471606, 25.247915014121009 ], [ 55.302690194412847, 25.247700814146455 ], [ 55.302140653411548, 25.247945524088315 ], [ 55.302117893139162, 25.247905500800144 ], [ 55.302383130561957, 25.247796249804317 ], [ 55.302368602141307, 25.247771271041703 ], [ 55.302647894396173, 25.247639614155425 ], [ 55.302510194330679, 25.247400814184036 ], [ 55.302376393982577, 25.247451306673138 ], [ 55.302358868725463, 25.247420606121334 ], [ 55.302482494319918, 25.247361314189924 ], [ 55.302392920230581, 25.247208540287094 ], [ 55.302560306940698, 25.247131606458822 ], [ 55.302469606608696, 25.24697030659971 ], [ 55.302264670168171, 25.246991734693655 ], [ 55.30243830647558, 25.246905906647331 ], [ 55.302331006131212, 25.246737906816577 ], [ 55.302237206086261, 25.246711806978162 ], [ 55.30198, 25.2467387 ], [ 55.3017962, 25.2468176 ], [ 55.30180994165412, 25.246840896826871 ], [ 55.3015571, 25.2469351 ], [ 55.301525940757514, 25.247022611068072 ], [ 55.3013338, 25.2470427 ], [ 55.3011044, 25.2471546 ], [ 55.301123905777338, 25.247187297102325 ], [ 55.300980878242925, 25.247220676910519 ], [ 55.300942414433223, 25.247157019053414 ], [ 55.300825966051157, 25.247169193648947 ], [ 55.300964629947778, 25.24710155092885 ], [ 55.300952717881522, 25.247081550610513 ], [ 55.30120282982147, 25.246986350727795 ], [ 55.301179620373567, 25.246948310896194 ], [ 55.301411106628024, 25.246924108451161 ], [ 55.301820706172286, 25.246730607710848 ], [ 55.301801164598714, 25.246696762582769 ], [ 55.302162405755674, 25.24655200709131 ], [ 55.302199505562612, 25.246462907016177 ], [ 55.301956104720354, 25.246053007396814 ], [ 55.3015977, 25.2460689 ], [ 55.3012996, 25.2462177 ], [ 55.301319519268077, 25.246250978755342 ], [ 55.3012428, 25.246259 ], [ 55.3008321, 25.2464575 ], [ 55.3009687, 25.2466887 ], [ 55.301072139567012, 25.246677885305509 ], [ 55.3010124, 25.2467061 ] ], [ [ 55.302124414444442, 25.247037656104784 ], [ 55.302122717849628, 25.247034545917899 ], [ 55.302133668831061, 25.247033400905217 ], [ 55.302124414444442, 25.247037656104784 ] ], [ [ 55.301947887007834, 25.24761722696686 ], [ 55.302010435778421, 25.247610687103901 ], [ 55.301957916324895, 25.247635656530246 ], [ 55.301947887007834, 25.24761722696686 ] ], [ [ 55.301914831863932, 25.247692423460148 ], [ 55.301941474488615, 25.247738230459742 ], [ 55.301785117932312, 25.247754578358762 ], [ 55.301858131461621, 25.247719592559264 ], [ 55.301914831863932, 25.247692423460148 ] ], [ [ 55.301724261421185, 25.247192824962468 ], [ 55.301766273553405, 25.247188432377083 ], [ 55.30173136907932, 25.247204733682004 ], [ 55.301724261421185, 25.247192824962468 ] ], [ [ 55.301660972196942, 25.247790488234724 ], [ 55.301697449184964, 25.247786674422176 ], [ 55.301667015808896, 25.247800837081591 ], [ 55.301660972196942, 25.247790488234724 ] ], [ [ 55.30163176121841, 25.247288694354509 ], [ 55.301671491290421, 25.247269304451724 ], [ 55.301679694727781, 25.247283682693997 ], [ 55.30163176121841, 25.247288694354509 ] ], [ [ 55.301479155216953, 25.247893020539188 ], [ 55.301501713398117, 25.247882238609879 ], [ 55.301506237048521, 25.247890189065505 ], [ 55.301479155216953, 25.247893020539188 ] ], [ [ 55.301073017531991, 25.248005041172515 ], [ 55.301203937693522, 25.247942723146355 ], [ 55.301413697271769, 25.247920792529982 ], [ 55.301278917785872, 25.247983514257687 ], [ 55.301073017531991, 25.248005041172515 ] ], [ [ 55.301129902867068, 25.247751443180103 ], [ 55.301116423801489, 25.247727926743515 ], [ 55.301196654646837, 25.247719538574223 ], [ 55.301129902867068, 25.247751443180103 ] ], [ [ 55.301007873636443, 25.247538542854876 ], [ 55.300994433109608, 25.24751509356761 ], [ 55.301074599891869, 25.247506712141092 ], [ 55.301007873636443, 25.247538542854876 ] ] ], [ [ [ 55.302847611310888, 25.243598172602248 ], [ 55.302847611294808, 25.243553256837178 ], [ 55.302759257429059, 25.243557799042669 ], [ 55.302759257429059, 25.243602714806869 ], [ 55.302847611310888, 25.243598172602248 ] ] ], [ [ [ 55.3023751, 25.2427704 ], [ 55.302495125570381, 25.242757849447177 ], [ 55.302858425375874, 25.242580249140481 ], [ 55.302764025224626, 25.242422449209428 ], [ 55.302644, 25.242435 ], [ 55.3022808, 25.2426126 ], [ 55.3023751, 25.2427704 ] ] ], [ [ [ 55.302625653990681, 25.239072984864872 ], [ 55.3023549, 25.2391269 ], [ 55.302398133154206, 25.239250801686826 ], [ 55.302315789970265, 25.239114805982442 ], [ 55.3020586, 25.2391417 ], [ 55.30075630000001, 25.23979 ], [ 55.3008521, 25.2399433 ], [ 55.301102639674454, 25.239917103736875 ], [ 55.300834, 25.2400354 ], [ 55.3009378, 25.2402088 ], [ 55.301194992356464, 25.240181908068411 ], [ 55.301357992168832, 25.240101907773528 ], [ 55.301341232868673, 25.240073927327707 ], [ 55.301737392215834, 25.239879714251511 ], [ 55.301616792160694, 25.239678314276677 ], [ 55.301582768269995, 25.239681871948669 ], [ 55.30161873594615, 25.239664055283523 ], [ 55.3017085, 25.2398146 ], [ 55.30196569143547, 25.239787706672367 ], [ 55.30248399085891, 25.239542805735816 ], [ 55.302408567197283, 25.239424637531396 ], [ 55.302453768631771, 25.239412033997613 ], [ 55.3025319, 25.2396663 ], [ 55.302741092124222, 25.239608014012742 ], [ 55.302653792038193, 25.239299114028508 ], [ 55.302232825987218, 25.239359862255977 ], [ 55.302406217639692, 25.239273970947796 ], [ 55.3024153, 25.2393 ], [ 55.30267249026631, 25.239273105374817 ], [ 55.302839290152434, 25.239228105077242 ], [ 55.302825922654314, 25.239172616081817 ], [ 55.302905891993497, 25.23915411396737 ], [ 55.302808991906424, 25.238841013985322 ], [ 55.302571, 25.2388961 ], [ 55.302625653990681, 25.239072984864872 ] ], [ [ 55.302147856819005, 25.239401952470747 ], [ 55.302152725707352, 25.23940964717363 ], [ 55.302126863879664, 25.239412351493076 ], [ 55.302147856819005, 25.239401952470747 ] ], [ [ 55.302115885320916, 25.239417789809018 ], [ 55.301913571462499, 25.239533476289591 ], [ 55.301873987595108, 25.239537615421945 ], [ 55.302115885320916, 25.239417789809018 ] ] ], [ [ [ 55.302759257429059, 25.235383129957182 ], [ 55.30286737745211, 25.235381217379974 ], [ 55.302957208966276, 25.235291385839624 ], [ 55.302957208959505, 25.235246470075055 ], [ 55.302759257429059, 25.235248382664562 ], [ 55.302759257429059, 25.235383129957182 ] ] ], [ [ [ 55.302918008103802, 25.23403314675139 ], [ 55.302849088957473, 25.234035657031001 ], [ 55.302849088957473, 25.234080572795207 ], [ 55.302918008112691, 25.234078062516062 ], [ 55.302918008103802, 25.23403314675139 ] ] ], [ [ [ 55.30255779221163, 25.239907714060113 ], [ 55.302780392191863, 25.239849414007185 ], [ 55.30272999214818, 25.2396922140166 ], [ 55.3024732, 25.2397542 ], [ 55.3025235, 25.2399113 ], [ 55.30255779221163, 25.239907714060113 ] ] ], [ [ [ 55.298225855560908, 25.239056152522949 ], [ 55.29861638982625, 25.238853812440084 ], [ 55.298500389450929, 25.238670712622771 ], [ 55.29835822284258, 25.238685575215047 ], [ 55.298335891918718, 25.238651015028289 ], [ 55.2983016, 25.2386546 ], [ 55.2974507, 25.2391082 ], [ 55.297467909274324, 25.239135387425225 ], [ 55.297397, 25.2391428 ], [ 55.296933, 25.2393903 ], [ 55.297044760384139, 25.239569807702555 ], [ 55.2964077, 25.2396364 ], [ 55.2961767, 25.2404272 ], [ 55.2967663, 25.2404986 ], [ 55.297508870127473, 25.240420977438681 ], [ 55.2974304, 25.240433 ], [ 55.2970177, 25.2406404 ], [ 55.2969476, 25.2407917 ], [ 55.2970474, 25.2409478 ], [ 55.297213577428245, 25.240930429203466 ], [ 55.2970708, 25.2410004 ], [ 55.2974451, 25.2416254 ], [ 55.297627123938597, 25.241606372395616 ], [ 55.2974984, 25.2416625 ], [ 55.2977464, 25.242128 ], [ 55.298003596778166, 25.24210111388226 ], [ 55.298233396540553, 25.242001013467913 ], [ 55.298217833021752, 25.241971794463428 ], [ 55.298524296204583, 25.24185771294152 ], [ 55.298269195258378, 25.241398113336892 ], [ 55.298068290077438, 25.241419115590709 ], [ 55.298236195132056, 25.241336813387829 ], [ 55.297993263064377, 25.240931345200003 ], [ 55.298150594195967, 25.240890813487461 ], [ 55.298137187118535, 25.240840351890341 ], [ 55.298317394030626, 25.240821513187107 ], [ 55.298378062248261, 25.240768735892352 ], [ 55.298511293816709, 25.240730712836779 ], [ 55.298483973261028, 25.240657783531006 ], [ 55.298515495991992, 25.240623628367622 ], [ 55.298773393504511, 25.240597112362025 ], [ 55.29883189343402, 25.240566912256018 ], [ 55.298809201836349, 25.240501495362288 ], [ 55.298848692421707, 25.240457314935647 ], [ 55.298795954685559, 25.240351990547264 ], [ 55.2988514, 25.24044 ], [ 55.298912592418866, 25.240450614920604 ], [ 55.299072992395445, 25.240376114881972 ], [ 55.29902956575885, 25.240241712232962 ], [ 55.2990834, 25.2403271 ], [ 55.299144592383577, 25.240337814864652 ], [ 55.299300992358681, 25.240257914826891 ], [ 55.29925808302449, 25.240133054636797 ], [ 55.299337, 25.2402298 ], [ 55.299524892323838, 25.240146314772847 ], [ 55.299466121715689, 25.240022594702651 ], [ 55.299487669474914, 25.240011408650179 ], [ 55.29957, 25.2401137 ], [ 55.299827192306203, 25.240086810456287 ], [ 55.299885692235705, 25.240056610350287 ], [ 55.299862386229748, 25.239990203781357 ], [ 55.299987592254261, 25.239924314661319 ], [ 55.29992710213623, 25.239797893375091 ], [ 55.299996991563475, 25.239745310119911 ], [ 55.29996670007899, 25.239697567327617 ], [ 55.300042130360183, 25.239683962217519 ], [ 55.3001137, 25.2398003 ], [ 55.3002091, 25.2398227 ], [ 55.300466291618612, 25.239795809302649 ], [ 55.301070990922526, 25.239499008208693 ], [ 55.301088190767153, 25.239426608170344 ], [ 55.300985290518931, 25.239251288786907 ], [ 55.301123575565839, 25.239236829596997 ], [ 55.3011525, 25.2392877 ], [ 55.301186792055624, 25.239284114371273 ], [ 55.301347892032105, 25.239209314332488 ], [ 55.30130688632309, 25.239117891038486 ], [ 55.3013474, 25.2391913 ], [ 55.30160459015417, 25.23916440723518 ], [ 55.302175289519049, 25.238894606203949 ], [ 55.302160267317241, 25.238868922481679 ], [ 55.302588989031037, 25.238686005454948 ], [ 55.302575882964391, 25.238663849649331 ], [ 55.30279228878701, 25.23858150508666 ], [ 55.302695688456012, 25.23842030523786 ], [ 55.30260936025703, 25.238429332818992 ], [ 55.302773888298113, 25.238349905092782 ], [ 55.302684287987134, 25.238198505232806 ], [ 55.3024271, 25.2382254 ], [ 55.3023169, 25.2382952 ], [ 55.3022939, 25.2383781 ], [ 55.3023427, 25.2384608 ], [ 55.302429208461938, 25.238451753730072 ], [ 55.3023426, 25.2384942 ], [ 55.302321598539443, 25.238570836913468 ], [ 55.3021699, 25.2385867 ], [ 55.301988494731312, 25.238670522612328 ], [ 55.301988494712994, 25.238613120571557 ], [ 55.301905857909148, 25.238617064980009 ], [ 55.301905857909148, 25.238706896508429 ], [ 55.3019345481027, 25.238705527078356 ], [ 55.301906009266823, 25.238777215945301 ], [ 55.3017608, 25.2387924 ], [ 55.3016711, 25.2388352 ], [ 55.301682067271393, 25.238853976631283 ], [ 55.3015254, 25.2389033 ], [ 55.301506724147899, 25.238967031356289 ], [ 55.3010172, 25.2390297 ], [ 55.300893588735889, 25.239095048665536 ], [ 55.300865427467329, 25.239063456081908 ], [ 55.301018091972523, 25.238981314406157 ], [ 55.30096739195146, 25.238904114416854 ], [ 55.300875391942604, 25.238868014437823 ], [ 55.300775642523043, 25.23890682525159 ], [ 55.300745600675377, 25.238860493197151 ], [ 55.300794191934656, 25.23883561445631 ], [ 55.3007458919136, 25.238758614466438 ], [ 55.300689277732303, 25.238773629004573 ], [ 55.300527488916082, 25.238524109051575 ], [ 55.3002703, 25.238551 ], [ 55.2999431, 25.2387246 ], [ 55.299957196137335, 25.238746340004294 ], [ 55.299624820945361, 25.238895114867411 ], [ 55.299585694176123, 25.238830356954519 ], [ 55.299756389612703, 25.238812510436347 ], [ 55.300061089251287, 25.238657909884559 ], [ 55.30003542749472, 25.238616521445444 ], [ 55.300161789124417, 25.238603309701791 ], [ 55.300472588753635, 25.238444609138856 ], [ 55.300211442384956, 25.238026032838359 ], [ 55.300369791689377, 25.237945614542127 ], [ 55.300314891665195, 25.237857214553632 ], [ 55.300271828163986, 25.237859430564601 ], [ 55.300297391662092, 25.237845314557536 ], [ 55.300204291624489, 25.237707414577223 ], [ 55.30017, 25.237711 ], [ 55.3000081, 25.2378004 ], [ 55.300021566302561, 25.237820346349661 ], [ 55.2998906, 25.2378571 ], [ 55.2999365, 25.2379216 ], [ 55.299994000690752, 25.237915588014602 ], [ 55.299945, 25.2379426 ], [ 55.299986445736998, 25.238004047393378 ], [ 55.2996167, 25.2381689 ], [ 55.299642448800775, 25.238210157265819 ], [ 55.299484378482248, 25.238240095930621 ], [ 55.299460588356389, 25.238204410886265 ], [ 55.29915530000001, 25.2382575 ], [ 55.2991847, 25.2383016 ], [ 55.299409416571713, 25.238278105895262 ], [ 55.299213, 25.2383777 ], [ 55.299467234596527, 25.238787833360362 ], [ 55.2992973, 25.2388056 ], [ 55.2992061, 25.2388529 ], [ 55.299273370385734, 25.238966689132404 ], [ 55.299086489927355, 25.238926011623899 ], [ 55.2988293, 25.2389529 ], [ 55.298641536204585, 25.239029695954859 ], [ 55.298225855560908, 25.239056152522949 ] ], [ [ 55.300809798679722, 25.239069272600432 ], [ 55.300646478033549, 25.239086349201262 ], [ 55.300775814916072, 25.239017727532886 ], [ 55.300809798679722, 25.239069272600432 ] ], [ [ 55.300445135406186, 25.239175734211958 ], [ 55.300441195551045, 25.239169365673977 ], [ 55.300462218752529, 25.239167167556896 ], [ 55.300445135406186, 25.239175734211958 ] ], [ [ 55.300133904230329, 25.237988629787722 ], [ 55.300088113595372, 25.237993417469585 ], [ 55.300073991701872, 25.237974414611717 ], [ 55.300121973877964, 25.237969397794348 ], [ 55.300133904230329, 25.237988629787722 ] ], [ [ 55.298020586908606, 25.240306639290093 ], [ 55.2980617, 25.2403434 ], [ 55.298318892959863, 25.240316513127315 ], [ 55.298377392889371, 25.240286313021308 ], [ 55.298354322975854, 25.240187687724777 ], [ 55.29845327707735, 25.240134398971001 ], [ 55.298713492476587, 25.240109112411858 ], [ 55.298867592299288, 25.240033512133067 ], [ 55.298837177994436, 25.23992332501259 ], [ 55.298892192272227, 25.239930714917541 ], [ 55.299048141583988, 25.239835850913327 ], [ 55.299307691777273, 25.239810211336021 ], [ 55.299366091706794, 25.239780011230202 ], [ 55.299357708516958, 25.239737621610267 ], [ 55.299590291489523, 25.239689210826757 ], [ 55.29956174101067, 25.239597097646719 ], [ 55.299653447644694, 25.239566395973185 ], [ 55.299723992164139, 25.239591714717942 ], [ 55.299782392154768, 25.239561614703824 ], [ 55.299699592110059, 25.239399114720733 ], [ 55.2996348, 25.239388 ], [ 55.299582316129133, 25.239415477431642 ], [ 55.2995093, 25.239391 ], [ 55.299454430831865, 25.239441869955037 ], [ 55.2993593, 25.2394695 ], [ 55.299357449501301, 25.239493630505368 ], [ 55.2991667, 25.2395667 ], [ 55.299164421132915, 25.239599651429611 ], [ 55.2989956, 25.2396297 ], [ 55.298940649496025, 25.239681630574335 ], [ 55.2987499, 25.2397547 ], [ 55.298747935497715, 25.239788151025525 ], [ 55.2986909, 25.2397807 ], [ 55.298636030821669, 25.239831570088025 ], [ 55.2983483, 25.2399564 ], [ 55.298346256568209, 25.239983046352364 ], [ 55.298087493697587, 25.240093616894445 ], [ 55.298128999795694, 25.239961466517691 ], [ 55.298347088277843, 25.239862141529869 ], [ 55.298533891931477, 25.239842612696648 ], [ 55.298740491692627, 25.239740712322817 ], [ 55.298715188402895, 25.239704061109062 ], [ 55.298794091591525, 25.239695812223747 ], [ 55.298995291353272, 25.239593911859387 ], [ 55.298968957702314, 25.239552444465094 ], [ 55.299075491172282, 25.239512711709555 ], [ 55.29902056266554, 25.239421488879231 ], [ 55.299254690907205, 25.23939701138222 ], [ 55.299328018090513, 25.239136901484432 ], [ 55.299506790288326, 25.239118210908615 ], [ 55.299669368163364, 25.239063138388389 ], [ 55.2998604, 25.239372 ], [ 55.300104678409355, 25.239346459897007 ], [ 55.2998982, 25.23945 ], [ 55.300003925870953, 25.239621860009159 ], [ 55.2997422, 25.2396709 ], [ 55.299762971447159, 25.23970847888091 ], [ 55.2996786, 25.2397173 ], [ 55.299511633572486, 25.239823792172778 ], [ 55.2992286, 25.2399363 ], [ 55.299077, 25.2400139 ], [ 55.299068122342256, 25.240052850819126 ], [ 55.298994, 25.2400606 ], [ 55.298827980866136, 25.240162747087361 ], [ 55.2987653, 25.2401693 ], [ 55.2983914, 25.2403513 ], [ 55.298380711218307, 25.240387443283222 ], [ 55.2983046, 25.2403954 ], [ 55.29813692488262, 25.240500387237073 ], [ 55.2980753, 25.2405019 ], [ 55.297909107429028, 25.240604361417894 ], [ 55.297807696305362, 25.240629540968769 ], [ 55.29774714793821, 25.240516903476642 ], [ 55.298000292413519, 25.240384115132922 ], [ 55.298020586908606, 25.240306639290093 ] ], [ [ 55.298404124618195, 25.239519627730182 ], [ 55.298372950859118, 25.239522886700573 ], [ 55.29839810893646, 25.239510427074887 ], [ 55.298404124618195, 25.239519627730182 ] ], [ [ 55.298289230447899, 25.240541769118416 ], [ 55.298316553291826, 25.240538912783112 ], [ 55.298330268583733, 25.240560693013226 ], [ 55.298309505919377, 25.240562863547954 ], [ 55.298289230447899, 25.240541769118416 ] ], [ [ 55.298267982912058, 25.23955421827436 ], [ 55.298265886195338, 25.239550825117171 ], [ 55.298276911220889, 25.239549672547067 ], [ 55.298267982912058, 25.23955421827436 ] ], [ [ 55.2982038, 25.2405507 ], [ 55.298180607781845, 25.240576338527728 ], [ 55.298151863073308, 25.240579343476671 ], [ 55.298167804927644, 25.240548506394486 ], [ 55.2982038, 25.2405507 ] ], [ [ 55.298085652769785, 25.24063497777308 ], [ 55.298034366165552, 25.24064033919246 ], [ 55.298087345548296, 25.240612836229857 ], [ 55.298085652769785, 25.24063497777308 ] ], [ [ 55.297948592491586, 25.240657615149143 ], [ 55.297946828057135, 25.24065483419259 ], [ 55.297986300189358, 25.240654057640405 ], [ 55.297935005328441, 25.240678866879737 ], [ 55.297948592491586, 25.240657615149143 ] ], [ [ 55.297790613313047, 25.241555775615947 ], [ 55.297789182970853, 25.241555925137259 ], [ 55.297790372711532, 25.24155534196553 ], [ 55.297790613313047, 25.241555775615947 ] ] ], [ [ [ 55.302712864004718, 25.243553256877082 ], [ 55.30257959437224, 25.243557799042662 ], [ 55.30257959437224, 25.243647630571086 ], [ 55.30266794827353, 25.243643088420516 ], [ 55.302712864020805, 25.243598172642152 ], [ 55.302712864004718, 25.243553256877082 ] ] ], [ [ [ 55.300908748671368, 25.254204639542827 ], [ 55.3008106, 25.2542149 ], [ 55.3005861, 25.2543295 ], [ 55.3007047, 25.2545209 ], [ 55.3008245, 25.2545367 ], [ 55.301081722754603, 25.254509809886084 ], [ 55.301231722577384, 25.254434109614344 ], [ 55.301218382246269, 25.254414078893937 ], [ 55.301303222508139, 25.254405209485626 ], [ 55.301460756737058, 25.254321022222271 ], [ 55.301523246461478, 25.254421209771333 ], [ 55.3012689, 25.2544478 ], [ 55.3007854, 25.2546858 ], [ 55.3009236, 25.254897 ], [ 55.30116166053466, 25.254872113073684 ], [ 55.3009026, 25.2549861 ], [ 55.3009339, 25.2550347 ], [ 55.301010271352631, 25.255026716165279 ], [ 55.3011132, 25.2551913 ], [ 55.30137042411139, 25.255164409453496 ], [ 55.301840823535407, 25.254917508600244 ], [ 55.301857921551978, 25.25482715711648 ], [ 55.302095023260051, 25.254801008141072 ], [ 55.302250323111288, 25.254739007861598 ], [ 55.302493322807685, 25.254608607420515 ], [ 55.302552722652379, 25.254538507308379 ], [ 55.302417222165666, 25.254302007519414 ], [ 55.30216, 25.2543289 ], [ 55.301708015235818, 25.254567066676781 ], [ 55.30166419945742, 25.254492638753344 ], [ 55.301830922598135, 25.254475208567662 ], [ 55.302051422335026, 25.254362708168077 ], [ 55.302032717464144, 25.254332738319309 ], [ 55.302116222245729, 25.254324008050016 ], [ 55.302336821984497, 25.254212407650364 ], [ 55.302133121308707, 25.253883207970585 ], [ 55.3018759, 25.2539101 ], [ 55.3016553, 25.2540217 ], [ 55.30171943666101, 25.254125351603854 ], [ 55.3016348, 25.2541342 ], [ 55.301484466169292, 25.254210935794678 ], [ 55.301384621718192, 25.254037109301226 ], [ 55.3011274, 25.254064 ], [ 55.3008937, 25.2541797 ], [ 55.300908748671368, 25.254204639542827 ] ], [ [ 55.301666494244017, 25.254681954856249 ], [ 55.30151977161843, 25.254697293879435 ], [ 55.301640288072051, 25.254635847120689 ], [ 55.301666494244017, 25.254681954856249 ] ] ], [ [ [ 55.30163502409971, 25.241226450070375 ], [ 55.302721923515008, 25.240692249152726 ], [ 55.302628723366283, 25.240537049220826 ], [ 55.3025087, 25.2405496 ], [ 55.3014218, 25.2410839 ], [ 55.301515, 25.241239 ], [ 55.30163502409971, 25.241226450070375 ] ] ], [ [ [ 55.302782117794337, 25.234033266309599 ], [ 55.30271434166486, 25.234035657031001 ], [ 55.30271434166486, 25.234080572795207 ], [ 55.302782117802792, 25.234078182074249 ], [ 55.302782117794337, 25.234033266309599 ] ] ], [ [ [ 55.301540423876546, 25.240995950135648 ], [ 55.30265592327931, 25.240450549194005 ], [ 55.302567023136696, 25.240301749258919 ], [ 55.302447, 25.2403143 ], [ 55.3013315, 25.2408597 ], [ 55.3014204, 25.2410085 ], [ 55.301540423876546, 25.240995950135648 ] ] ], [ [ [ 55.30244484707962, 25.233317004803705 ], [ 55.302489762843827, 25.233541583624731 ], [ 55.30257959437224, 25.233586499388942 ], [ 55.302739487974044, 25.233583869597947 ], [ 55.302739487955428, 25.233494038068542 ], [ 55.302559824863323, 25.233314375040528 ], [ 55.30244484707962, 25.233317004803705 ] ] ], [ [ [ 55.302693429498326, 25.235111125140438 ], [ 55.30257959437224, 25.235113635371945 ], [ 55.30257959437224, 25.235203466900359 ], [ 55.302648513752359, 25.235200956677144 ], [ 55.302693429507215, 25.235156040905117 ], [ 55.302693429498326, 25.235111125140438 ] ] ], [ [ [ 55.302534678608033, 25.234035657031001 ], [ 55.302602454739279, 25.234033266337605 ], [ 55.302692286249894, 25.233943434794291 ], [ 55.302692286241431, 25.233898519029626 ], [ 55.30257959437224, 25.233900909738388 ], [ 55.302534678608033, 25.234035657031001 ] ] ], [ [ [ 55.3009188, 25.2386434 ], [ 55.3007528, 25.2387267 ], [ 55.3008024, 25.2388095 ], [ 55.3009173, 25.2388431 ], [ 55.301174489463669, 25.238816207950045 ], [ 55.301268189356009, 25.238770307780545 ], [ 55.301257320602666, 25.238752177575019 ], [ 55.301363189283585, 25.238741107610657 ], [ 55.301451989178368, 25.238696107449858 ], [ 55.301474286641351, 25.238616722744229 ], [ 55.301681279088633, 25.238576503861307 ], [ 55.301681279088122, 25.238617064980016 ], [ 55.301763915895613, 25.238613120629317 ], [ 55.301808831645118, 25.238568204852815 ], [ 55.301797655262583, 25.23852363470407 ], [ 55.301858188700969, 25.238492106714528 ], [ 55.301876516109225, 25.238402720816076 ], [ 55.302018188462377, 25.238387906422204 ], [ 55.302119288342865, 25.23833680623915 ], [ 55.302090722014803, 25.238290518190304 ], [ 55.302212288207507, 25.238277806069412 ], [ 55.30230390239069, 25.238209872615915 ], [ 55.302493887990202, 25.238190005565709 ], [ 55.302629187841674, 25.238127005321346 ], [ 55.302550187556001, 25.237988105444188 ], [ 55.3020181, 25.2380664 ], [ 55.3018573, 25.2381495 ], [ 55.301882150840271, 25.238188936139593 ], [ 55.301762, 25.2382015 ], [ 55.3015996, 25.2382943 ], [ 55.301614581493084, 25.238318572916615 ], [ 55.3012092, 25.2385059 ], [ 55.301219687918746, 25.238523364574046 ], [ 55.3010105, 25.2386137 ], [ 55.301022191049391, 25.2386325893311 ], [ 55.3009188, 25.2386434 ] ] ], [ [ [ 55.302348793142002, 25.243188114158368 ], [ 55.302540193112712, 25.243094514112201 ], [ 55.302442193067805, 25.242930514132645 ], [ 55.3022165, 25.2430277 ], [ 55.3023145, 25.2431917 ], [ 55.302348793142002, 25.243188114158368 ] ] ], [ [ [ 55.302541891952146, 25.238988814049996 ], [ 55.3024624, 25.2390057 ], [ 55.3024853, 25.2390695 ], [ 55.302564791969836, 25.239052614045598 ], [ 55.302541891952146, 25.238988814049996 ] ] ], [ [ [ 55.302420600216344, 25.243953206344997 ], [ 55.302481700147666, 25.243924006234536 ], [ 55.302436799978139, 25.243841706303982 ], [ 55.3021185, 25.2438957 ], [ 55.3021634, 25.2439801 ], [ 55.302420600216344, 25.243953206344997 ] ] ], [ [ [ 55.302392891513165, 25.237427814061331 ], [ 55.302570891486099, 25.237341314018416 ], [ 55.30238869141715, 25.23708781405719 ], [ 55.3022156, 25.2371611 ], [ 55.3022039, 25.2372335 ], [ 55.3023586, 25.2374314 ], [ 55.302392891513165, 25.237427814061331 ] ] ], [ [ [ 55.300127587114751, 25.241344427555973 ], [ 55.30019279491745, 25.241337609956574 ], [ 55.301114093839431, 25.240877208288847 ], [ 55.301097346829735, 25.240849802374306 ], [ 55.301936323296623, 25.240430449781847 ], [ 55.301917737844164, 25.240400029632934 ], [ 55.302012223252824, 25.240390149717609 ], [ 55.302520222981329, 25.240142249288805 ], [ 55.302466622696414, 25.23985144931736 ], [ 55.302379422556285, 25.239705249381014 ], [ 55.3022594, 25.2397178 ], [ 55.3016586, 25.240011 ], [ 55.301675954831893, 25.240040100640353 ], [ 55.3015765, 25.2400505 ], [ 55.2990969, 25.2412927 ], [ 55.2993048, 25.2416437 ], [ 55.299561995579147, 25.241616811094399 ], [ 55.300127587114751, 25.241344427555973 ] ] ], [ [ [ 55.302558682198217, 25.2350662093978 ], [ 55.302558682180447, 25.234976377868445 ], [ 55.30244484707962, 25.234978888079326 ], [ 55.302444847079691, 25.235065347749686 ], [ 55.300767, 25.2352408 ], [ 55.2999128, 25.2355453 ], [ 55.2999677, 25.2356713 ], [ 55.301321952974568, 25.235529695663345 ], [ 55.301321952974469, 25.235562793014005 ], [ 55.30139087243866, 25.235560283000378 ], [ 55.301390872431249, 25.235522488916196 ], [ 55.301682250691421, 25.235492019802486 ], [ 55.302173048392213, 25.23535491396229 ], [ 55.302536345753246, 25.235187109589383 ], [ 55.302484309977942, 25.235067849410324 ], [ 55.302558682198217, 25.2350662093978 ] ] ], [ [ [ 55.302399931315414, 25.23426023585203 ], [ 55.302355015551207, 25.234305151616237 ], [ 55.302355015551207, 25.234394983144647 ], [ 55.302466564493891, 25.23439271200937 ], [ 55.302511480249642, 25.23434779623809 ], [ 55.302511480241606, 25.234302880473454 ], [ 55.302466564469775, 25.234257964715475 ], [ 55.302399931315414, 25.23426023585203 ] ] ], [ [ [ 55.302467707549518, 25.234572255534481 ], [ 55.302399931315414, 25.234574646201473 ], [ 55.302399931315414, 25.234619561965676 ], [ 55.302467707557987, 25.234617171299131 ], [ 55.302467707549518, 25.234572255534481 ] ] ], [ [ [ 55.30244484707962, 25.230622058951347 ], [ 55.302520623472354, 25.230618831487046 ], [ 55.302520623460943, 25.230573915722232 ], [ 55.30244484707962, 25.230577143187141 ], [ 55.30244484707962, 25.230622058951347 ] ] ], [ [ [ 55.3021807, 25.2447624 ], [ 55.302287493576458, 25.24472161419579 ], [ 55.302190993534417, 25.244567914216034 ], [ 55.3020842, 25.2446087 ], [ 55.3021807, 25.2447624 ] ] ], [ [ [ 55.302363487188366, 25.237804905750878 ], [ 55.302365686967683, 25.237700905735277 ], [ 55.301929685500888, 25.236986106419057 ], [ 55.301807985421092, 25.236942106627478 ], [ 55.301552650800588, 25.236968806467079 ], [ 55.301606491387346, 25.236941514237863 ], [ 55.301571691372011, 25.236885414245158 ], [ 55.3014433, 25.2369367 ], [ 55.3014781, 25.2369928 ], [ 55.301510955862753, 25.236989364370395 ], [ 55.3013526, 25.2370703 ], [ 55.301374854208646, 25.237107592727963 ], [ 55.3012715, 25.2371184 ], [ 55.3004323, 25.2375382 ], [ 55.300546252220137, 25.237717997877969 ], [ 55.3004219, 25.237731 ], [ 55.3003465, 25.2377729 ], [ 55.300422535446664, 25.237854599232779 ], [ 55.300378721926144, 25.237898412752717 ], [ 55.300378721926144, 25.237943328516923 ], [ 55.300596105835751, 25.237939384455402 ], [ 55.300596105821782, 25.237894468690452 ], [ 55.300551190044352, 25.237849552937046 ], [ 55.30043704110286, 25.237853082546259 ], [ 55.300660587429441, 25.237829708739689 ], [ 55.300735987332288, 25.237787808602739 ], [ 55.300724092902925, 25.237770311958499 ], [ 55.300845587256141, 25.237757608407136 ], [ 55.301548660864476, 25.237398850237231 ], [ 55.3018297, 25.2378698 ], [ 55.3019071, 25.2379099 ], [ 55.302268387360208, 25.23788100592623 ], [ 55.302363487188366, 25.237804905750878 ] ] ], [ [ [ 55.302431175282337, 25.233274411657646 ], [ 55.302411075274321, 25.233239311661119 ], [ 55.302362100000011, 25.2332518 ], [ 55.3023823, 25.2332869 ], [ 55.302431175282337, 25.233274411657646 ] ] ], [ [ [ 55.302355015551207, 25.230622058951347 ], [ 55.3024285059726, 25.230619070576203 ], [ 55.302428505962034, 25.230574154811432 ], [ 55.302355015551207, 25.230577143187141 ], [ 55.302355015551207, 25.230622058951347 ] ] ], [ [ [ 55.30215092510614, 25.242270649703201 ], [ 55.302058824961897, 25.242120049770641 ], [ 55.3019388, 25.2421326 ], [ 55.3017493, 25.2422274 ], [ 55.3018414, 25.2423781 ], [ 55.301961425209832, 25.242365549863294 ], [ 55.30215092510614, 25.242270649703201 ] ] ], [ [ [ 55.301886724982964, 25.242132349912136 ], [ 55.302066424877701, 25.242035349759952 ], [ 55.301970724739199, 25.24189034983063 ], [ 55.3018507, 25.2419029 ], [ 55.301671, 25.242 ], [ 55.3017667, 25.2421449 ], [ 55.301886724982964, 25.242132349912136 ] ] ], [ [ [ 55.301672196208251, 25.253995914479347 ], [ 55.301881496174261, 25.253886714428745 ], [ 55.301686351380816, 25.253572954184261 ], [ 55.301749058910225, 25.25357162409637 ], [ 55.301749058901756, 25.253526708331709 ], [ 55.301658779609042, 25.253528623235656 ], [ 55.30163899606756, 25.2534968144796 ], [ 55.3015508, 25.2534803 ], [ 55.3013727, 25.253555 ], [ 55.3016379, 25.2539995 ], [ 55.301672196208251, 25.253995914479347 ] ] ], [ [ [ 55.301877393371576, 25.243975514280454 ], [ 55.301991493353661, 25.24391811425291 ], [ 55.301957993337673, 25.243859814259867 ], [ 55.301812, 25.2439228 ], [ 55.3018431, 25.2439791 ], [ 55.301877393371576, 25.243975514280454 ] ] ], [ [ [ 55.30201854992881, 25.234662087133799 ], [ 55.301950773673354, 25.234664477729886 ], [ 55.301905857909148, 25.234709393494093 ], [ 55.301905857909148, 25.234799225022506 ], [ 55.301950773673354, 25.234844140786709 ], [ 55.302018549962654, 25.234841750192423 ], [ 55.302063465717957, 25.234796834420759 ], [ 55.302063465701032, 25.234707002891451 ], [ 55.30201854992881, 25.234662087133799 ] ] ], [ [ [ 55.301134390285135, 25.24994974674927 ], [ 55.301015766041822, 25.249756196198671 ], [ 55.30093594208337, 25.24976389155891 ], [ 55.301067140296659, 25.249750175216192 ], [ 55.30127203994202, 25.249656374624131 ], [ 55.30105133860981, 25.24925227517053 ], [ 55.3006398, 25.2492953 ], [ 55.300422, 25.2493956 ], [ 55.300655929342078, 25.249793815527195 ], [ 55.3000898, 25.249853 ], [ 55.2998838, 25.2499562 ], [ 55.3001056, 25.2503182 ], [ 55.300251650382648, 25.25030293184205 ], [ 55.3002263, 25.2503142 ], [ 55.3003693, 25.2505773 ], [ 55.301055204892329, 25.250505592956557 ], [ 55.301847902664299, 25.250153089142032 ], [ 55.301705001218977, 25.249890089731291 ], [ 55.301134390285135, 25.24994974674927 ] ] ], [ [ [ 55.301905857909148, 25.234170404323628 ], [ 55.302060036539885, 25.234168372307003 ], [ 55.302060036518306, 25.23403362501324 ], [ 55.302015120747292, 25.233988709254604 ], [ 55.301950773673354, 25.233990741266801 ], [ 55.301905857909148, 25.234035657031001 ], [ 55.301905857909148, 25.234170404323628 ] ] ], [ [ [ 55.3002873, 25.2534518 ], [ 55.300414, 25.2536612 ], [ 55.300671220942732, 25.253634310507383 ], [ 55.300949946760895, 25.253508539189436 ], [ 55.3009795, 25.2535564 ], [ 55.301039661232686, 25.253571917542669 ], [ 55.3008533, 25.2535914 ], [ 55.3006121, 25.253713 ], [ 55.300631105938862, 25.253743812370306 ], [ 55.300526, 25.2537548 ], [ 55.30033238769132, 25.253854989198015 ], [ 55.30026728313279, 25.253749935692174 ], [ 55.300367196143803, 25.253699914780178 ], [ 55.300252596093443, 25.253515914804211 ], [ 55.30014698176943, 25.253555815428733 ], [ 55.300053272486281, 25.253404604113765 ], [ 55.2998132, 25.2534297 ], [ 55.299635110474874, 25.253519944195318 ], [ 55.2994796, 25.2535362 ], [ 55.2992604, 25.253647 ], [ 55.2994205, 25.2539062 ], [ 55.299516277991785, 25.253896188250025 ], [ 55.2994859, 25.2540292 ], [ 55.2997044, 25.2543816 ], [ 55.299944474382336, 25.254356504392373 ], [ 55.30044866212836, 25.254100948327622 ], [ 55.3005335, 25.2542351 ], [ 55.300773574006527, 25.2542100030192 ], [ 55.300996873754741, 25.254094502641355 ], [ 55.300978567237792, 25.254065567760051 ], [ 55.301095821784571, 25.254053309809759 ], [ 55.301336921499882, 25.25393170937301 ], [ 55.301118402150202, 25.253577292628115 ], [ 55.301334420700364, 25.2535547093348 ], [ 55.30176002021151, 25.253346508564572 ], [ 55.301792620006999, 25.253251808496678 ], [ 55.301713519699049, 25.253102508618596 ], [ 55.3014563, 25.2531294 ], [ 55.300956531124953, 25.253380566986529 ], [ 55.300900548391759, 25.253288454777781 ], [ 55.301089420120796, 25.253268709732335 ], [ 55.301644919447213, 25.252980208725145 ], [ 55.301553619152273, 25.252836408869079 ], [ 55.3012964, 25.2528633 ], [ 55.3007409, 25.2531518 ], [ 55.30080924911632, 25.253259451765103 ], [ 55.3006213, 25.2532791 ], [ 55.3002873, 25.2534518 ] ] ], [ [ [ 55.302019693015545, 25.234976377956652 ], [ 55.301905857909148, 25.234978888079326 ], [ 55.301905857909148, 25.235068719607742 ], [ 55.302019693033316, 25.235066209486011 ], [ 55.302019693015545, 25.234976377956652 ] ] ], [ [ [ 55.301905857909148, 25.233406836332119 ], [ 55.301860942144941, 25.233451752096322 ], [ 55.301860942144941, 25.233541583624728 ], [ 55.301973633953523, 25.23353919302437 ], [ 55.302018549708826, 25.233494277252717 ], [ 55.302018549700364, 25.233449361488063 ], [ 55.301973633928135, 25.2334044457304 ], [ 55.301905857909148, 25.233406836332119 ] ] ], [ [ [ 55.300931327097025, 25.244219050804102 ], [ 55.301832026600259, 25.243764050042913 ], [ 55.301744456163895, 25.243622224322419 ], [ 55.301870926423206, 25.243587150001758 ], [ 55.301839926373262, 25.243535050024374 ], [ 55.301702492984568, 25.243556074069271 ], [ 55.301598526239893, 25.243387650214174 ], [ 55.3014785, 25.2434002 ], [ 55.3005667, 25.2438604 ], [ 55.3006737, 25.2440339 ], [ 55.300793726908516, 25.244021350906298 ], [ 55.301666364008092, 25.243580964557911 ], [ 55.301680860360726, 25.243605374548807 ], [ 55.3016108, 25.2436127 ], [ 55.3007101, 25.2440676 ], [ 55.3008113, 25.2442316 ], [ 55.300931327097025, 25.244219050804102 ] ] ], [ [ [ 55.3011111, 25.2442906 ], [ 55.3011372, 25.2443289 ], [ 55.301171493480894, 25.244325314450801 ], [ 55.301790793382587, 25.244009914301223 ], [ 55.3017304, 25.2439869 ], [ 55.3011111, 25.2442906 ] ] ], [ [ [ 55.301719000187987, 25.238792783700664 ], [ 55.301808831700974, 25.238747867912615 ], [ 55.30180883167305, 25.238658036382713 ], [ 55.301681279088122, 25.238661980744219 ], [ 55.301636363323915, 25.238796728036831 ], [ 55.301719000187987, 25.238792783700664 ] ] ], [ [ [ 55.301873515322868, 25.23376484762494 ], [ 55.301873515318221, 25.233719931860492 ], [ 55.301771110616528, 25.233721246681558 ], [ 55.301771110616528, 25.233766162445765 ], [ 55.301873515322868, 25.23376484762494 ] ] ], [ [ [ 55.301835457727925, 25.234213288101344 ], [ 55.301835457720728, 25.234168372336754 ], [ 55.301771110616528, 25.234170404323624 ], [ 55.301771110616528, 25.234215320087824 ], [ 55.301835457727925, 25.234213288101344 ] ] ], [ [ [ 55.301835457706346, 25.234078540807577 ], [ 55.301726194852336, 25.2340805727952 ], [ 55.301726194852336, 25.234125488559418 ], [ 55.301835457713544, 25.234123456572163 ], [ 55.301835457706346, 25.234078540807577 ] ] ], [ [ [ 55.301715569423259, 25.233223587431659 ], [ 55.301591447559709, 25.233227173275292 ], [ 55.301591447559709, 25.233361920567908 ], [ 55.301636363323915, 25.233406836332119 ], [ 55.30171556947402, 25.23340325049119 ], [ 55.301715569423259, 25.233223587431659 ] ] ], [ [ [ 55.301546531795509, 25.238617064980012 ], [ 55.301546531795509, 25.238661980744219 ], [ 55.301629168619144, 25.238658036428927 ], [ 55.301629168605182, 25.238613120663974 ], [ 55.301546531795509, 25.238617064980012 ] ] ], [ [ [ 55.301660366887845, 25.234886546486088 ], [ 55.301591447559709, 25.234889056550909 ], [ 55.301591447559709, 25.234933972315122 ], [ 55.301660366896726, 25.234931462250778 ], [ 55.301660366887845, 25.234886546486088 ] ] ], [ [ [ 55.3003662, 25.2435426 ], [ 55.300436624803993, 25.243535237038053 ], [ 55.3003828, 25.2435629 ], [ 55.3004828, 25.243722 ], [ 55.300602826609754, 25.24370945104609 ], [ 55.301520426095806, 25.243237950270206 ], [ 55.301420425943455, 25.243078750343663 ], [ 55.3013004, 25.2430913 ], [ 55.301224158549566, 25.243130484616653 ], [ 55.301133025857681, 25.242977050573522 ], [ 55.301013, 25.2429896 ], [ 55.3002562, 25.2433575 ], [ 55.3003662, 25.2435426 ] ] ], [ [ [ 55.301579679109146, 25.233178791225498 ], [ 55.301624594860442, 25.233133875450488 ], [ 55.3016245948359, 25.233044043920771 ], [ 55.301456700267089, 25.233047510218469 ], [ 55.301411784502882, 25.233092425982672 ], [ 55.301411784502882, 25.233182257511096 ], [ 55.301579679109146, 25.233178791225498 ] ] ], [ [ [ 55.301591447559709, 25.230981385064993 ], [ 55.301653508174752, 25.230979592132528 ], [ 55.3016535081684, 25.230934676367983 ], [ 55.301591447559709, 25.230936469300783 ], [ 55.301591447559709, 25.230981385064993 ] ] ], [ [ [ 55.2993354, 25.2425146 ], [ 55.2992886, 25.2425368 ], [ 55.299315784663335, 25.242583180694471 ], [ 55.2991074, 25.2426821 ], [ 55.299284900000011, 25.2429879 ], [ 55.299574093091117, 25.24286321480232 ], [ 55.299445553638996, 25.242641837574354 ], [ 55.29959910480833, 25.242625784439099 ], [ 55.2994773, 25.2426846 ], [ 55.2995826, 25.2428629 ], [ 55.299616893089386, 25.242859314792245 ], [ 55.299806493060693, 25.242767714746527 ], [ 55.300029397918138, 25.242744410402189 ], [ 55.300306497622451, 25.24261940990208 ], [ 55.300290186134745, 25.242591447509749 ], [ 55.300401497527979, 25.242579809730998 ], [ 55.300587115100477, 25.242487947568925 ], [ 55.300663997287117, 25.24247990925933 ], [ 55.301403896422443, 25.242110707919991 ], [ 55.301296096062522, 25.241935308089229 ], [ 55.301096746551273, 25.241956151719556 ], [ 55.301269095924731, 25.241868908129081 ], [ 55.301165995582942, 25.241702308291067 ], [ 55.3009088, 25.2417292 ], [ 55.3001745, 25.2421009 ], [ 55.300190633456388, 25.242126970196278 ], [ 55.3001167, 25.2421347 ], [ 55.2993555, 25.2424782 ], [ 55.299373040527243, 25.242510664877138 ], [ 55.2993354, 25.2425146 ] ], [ [ 55.300021434962758, 25.24247351381263 ], [ 55.300056393422778, 25.24245805640356 ], [ 55.300062966887722, 25.242469171665864 ], [ 55.300021434962758, 25.24247351381263 ] ], [ [ 55.299406018093315, 25.242573747258639 ], [ 55.29940706438839, 25.242573637873591 ], [ 55.299421928437894, 25.242601148948836 ], [ 55.299406018093315, 25.242573747258639 ] ] ], [ [ [ 55.301390834961914, 25.234556416100478 ], [ 55.3012412, 25.234562 ], [ 55.3012413, 25.2346024 ], [ 55.301445017545262, 25.234590349876004 ], [ 55.301445017507575, 25.234552249873992 ], [ 55.301390834961914, 25.234556416100478 ] ] ], [ [ [ 55.3012585, 25.2345415 ], [ 55.301378517487976, 25.234528949927171 ], [ 55.301379917434886, 25.234475349923201 ], [ 55.3011606, 25.2344859 ], [ 55.3011593, 25.2345395 ], [ 55.3012585, 25.2345415 ] ] ], [ [ [ 55.301289990735675, 25.234618914276869 ], [ 55.3011203, 25.2346059 ], [ 55.3011089, 25.2348476 ], [ 55.301317490805488, 25.234867414274184 ], [ 55.301354790745997, 25.234658814262325 ], [ 55.301289990735675, 25.234618914276869 ] ] ], [ [ [ 55.3011896, 25.2344448 ], [ 55.301298690691816, 25.234464114272509 ], [ 55.301296890673107, 25.234397814271926 ], [ 55.301206490648525, 25.234306114291677 ], [ 55.3011197, 25.2343092 ], [ 55.3010826, 25.234342 ], [ 55.3011896, 25.2344448 ] ] ], [ [ [ 55.301196590619597, 25.234203214292439 ], [ 55.301263790588393, 25.234096314275131 ], [ 55.301250190570201, 25.234031214277323 ], [ 55.3011399, 25.2340778 ], [ 55.3010672, 25.2341921 ], [ 55.3011223, 25.2342194 ], [ 55.301196590619597, 25.234203214292439 ] ] ], [ [ [ 55.301106893648367, 25.24491431447478 ], [ 55.301054993623019, 25.244821914485534 ], [ 55.30091346031567, 25.244824030569561 ], [ 55.301032593606863, 25.244763614489891 ], [ 55.300809393508345, 25.244403514536653 ], [ 55.3005647, 25.2445138 ], [ 55.300584899949271, 25.244546389709654 ], [ 55.3003394, 25.244651 ], [ 55.3003178, 25.2446933 ], [ 55.300313, 25.2447361 ], [ 55.3004129, 25.244894 ], [ 55.30053292777307, 25.244881451165121 ], [ 55.300731779179017, 25.244783357622943 ], [ 55.300758426082318, 25.244826348351822 ], [ 55.3006747, 25.2448276 ], [ 55.3004233, 25.2449431 ], [ 55.3005452, 25.2451602 ], [ 55.301106893648367, 25.24491431447478 ] ] ], [ [ [ 55.301256124818714, 25.233898399729288 ], [ 55.301142289917649, 25.233900909738384 ], [ 55.301142289917649, 25.233945825502595 ], [ 55.301256124827596, 25.233943315493967 ], [ 55.301256124818714, 25.233898399729288 ] ] ], [ [ [ 55.30053852572216, 25.242809051051228 ], [ 55.301089425420223, 25.24253265058578 ], [ 55.301000425281359, 25.242387650650961 ], [ 55.3008804, 25.2424002 ], [ 55.3003295, 25.2426766 ], [ 55.3004185, 25.2428216 ], [ 55.30053852572216, 25.242809051051228 ] ] ], [ [ [ 55.301167436290378, 25.23380844869094 ], [ 55.301097374153443, 25.233811078209968 ], [ 55.301097374153443, 25.233855993974181 ], [ 55.301167436299693, 25.233853364455651 ], [ 55.301167436290378, 25.23380844869094 ] ] ], [ [ [ 55.3003728, 25.2431336 ], [ 55.300492826033228, 25.243121051105089 ], [ 55.30103392573011, 25.242842950647553 ], [ 55.300931925574801, 25.24268065072248 ], [ 55.3008119, 25.2426932 ], [ 55.3002708, 25.2429713 ], [ 55.3003728, 25.2431336 ] ] ], [ [ [ 55.301142289917649, 25.230083069780875 ], [ 55.301142289917649, 25.230127985545082 ], [ 55.30120777936213, 25.230125834081157 ], [ 55.301207779354513, 25.230080918316542 ], [ 55.301142289917649, 25.230083069780875 ] ] ], [ [ [ 55.300572, 25.2550666 ], [ 55.300859496487512, 25.254940714683709 ], [ 55.300756896439864, 25.254766914705083 ], [ 55.3004694, 25.2548928 ], [ 55.300572, 25.2550666 ] ] ], [ [ [ 55.300947693509194, 25.244413714504468 ], [ 55.3008893, 25.2444229 ], [ 55.3008821, 25.2444717 ], [ 55.300968693525164, 25.244471314500419 ], [ 55.300977393514096, 25.244432614497804 ], [ 55.300947693509194, 25.244413714504468 ] ] ], [ [ [ 55.301007542625037, 25.236011950656071 ], [ 55.301087892558236, 25.236008245479425 ], [ 55.301087892532003, 25.235918413949612 ], [ 55.301007542625037, 25.23592211912765 ], [ 55.301007542625037, 25.236011950656071 ] ] ], [ [ [ 55.301078747770184, 25.233763413418622 ], [ 55.30107874776045, 25.233718497653893 ], [ 55.301007542625037, 25.233721246681554 ], [ 55.301007542625037, 25.233766162445768 ], [ 55.301078747770184, 25.233763413418622 ] ] ], [ [ [ 55.300852895106871, 25.241461408812931 ], [ 55.300687962333022, 25.241478653510264 ], [ 55.300818495008272, 25.241413108867803 ], [ 55.300738394644014, 25.241237108988379 ], [ 55.3004812, 25.241264 ], [ 55.2993825, 25.2418126 ], [ 55.2993672, 25.241861 ], [ 55.299455, 25.2419955 ], [ 55.299592059965917, 25.241981170835103 ], [ 55.2994855, 25.2420335 ], [ 55.2995818, 25.2422194 ], [ 55.299855396769587, 25.242193610645074 ], [ 55.300936795485342, 25.241644308686457 ], [ 55.300852895106871, 25.241461408812931 ] ] ], [ [ [ 55.2997131, 25.2351341 ], [ 55.300172518158568, 25.235144050946378 ], [ 55.300331518106944, 25.235100150813956 ], [ 55.300558384983063, 25.234982870866848 ], [ 55.30055838498297, 25.235068719607739 ], [ 55.300671077092041, 25.235066329225713 ], [ 55.300850740104778, 25.234841750374418 ], [ 55.30085074008786, 25.234751918845109 ], [ 55.300805063476602, 25.234752887743507 ], [ 55.300832459492014, 25.234708261575744 ], [ 55.300897941894206, 25.234706764031188 ], [ 55.300942857648614, 25.234661848258785 ], [ 55.300942857639313, 25.234616932494077 ], [ 55.300879405050232, 25.234617975999605 ], [ 55.301017417332154, 25.234352550213327 ], [ 55.301004717165469, 25.234183350214789 ], [ 55.300916925108403, 25.234059983477362 ], [ 55.300944000527728, 25.2339879922664 ], [ 55.300899084734844, 25.233853244980278 ], [ 55.300854168961415, 25.233808329223592 ], [ 55.300782963803996, 25.233811078209975 ], [ 55.300782963806554, 25.233871738458586 ], [ 55.300689171313991, 25.233765438088064 ], [ 55.30081039620466, 25.233763293945998 ], [ 55.300704201894938, 25.233541387839352 ], [ 55.300855311917566, 25.233538715113852 ], [ 55.300855311907419, 25.233493799349123 ], [ 55.30069313227559, 25.233496667860532 ], [ 55.300693132275718, 25.23352293845825 ], [ 55.300675648852717, 25.233493799382714 ], [ 55.300513469218764, 25.233496667860532 ], [ 55.300513469218764, 25.233586499388942 ], [ 55.300579945587963, 25.233675134625756 ], [ 55.300203216559758, 25.233529050836044 ], [ 55.300040916554288, 25.233515050968094 ], [ 55.2996991, 25.2335594 ], [ 55.2994835, 25.2336396 ], [ 55.2991829, 25.2338732 ], [ 55.2989931, 25.2342212 ], [ 55.2989995, 25.2345637 ], [ 55.2991773, 25.2348538 ], [ 55.2993002, 25.2349759 ], [ 55.2997131, 25.2351341 ] ] ], [ [ [ 55.300574995558918, 25.251642914700568 ], [ 55.300740895533849, 25.251562914660553 ], [ 55.300598495467725, 25.251321714690231 ], [ 55.3003984, 25.2514053 ], [ 55.3005407, 25.2516465 ], [ 55.300574995558918, 25.251642914700568 ] ] ], [ [ [ 55.300778093965448, 25.246018614568307 ], [ 55.300737293941907, 25.24593321457656 ], [ 55.3006118, 25.2459106 ], [ 55.2997117, 25.246354 ], [ 55.2997739, 25.2464608 ], [ 55.300010994117237, 25.246515414755201 ], [ 55.300728694007027, 25.246163114582039 ], [ 55.300778093965448, 25.246018614568307 ] ] ], [ [ [ 55.300707993551086, 25.250563104607526 ], [ 55.300648216511391, 25.250564658258796 ], [ 55.300648216511391, 25.250699405551423 ], [ 55.300707993567599, 25.25069785190103 ], [ 55.300707993551086, 25.250563104607526 ] ] ], [ [ [ 55.300863313753737, 25.236053161298578 ], [ 55.300782963803996, 25.23605686642027 ], [ 55.300782963803996, 25.23619161371289 ], [ 55.300908229556612, 25.236187908582451 ], [ 55.300908229530378, 25.236098077052635 ], [ 55.300863313753737, 25.236053161298578 ] ] ], [ [ [ 55.300908229451679, 25.235828582463199 ], [ 55.300908229438562, 25.235783666698293 ], [ 55.300827879568203, 25.235787371835031 ], [ 55.300827879568203, 25.235832287599237 ], [ 55.300908229451679, 25.235828582463199 ] ] ], [ [ [ 55.300398052788267, 25.244212530438705 ], [ 55.3003261, 25.2442482 ], [ 55.3004228, 25.2444079 ], [ 55.300542827291551, 25.244395351131384 ], [ 55.300718727196177, 25.24430815098281 ], [ 55.300622027043147, 25.24414845105353 ], [ 55.30052302817559, 25.244158801490663 ], [ 55.300591027022385, 25.244125851077719 ], [ 55.300269926514247, 25.243595551312549 ], [ 55.3001499, 25.2436081 ], [ 55.2999852, 25.2436897 ], [ 55.300296, 25.2442232 ], [ 55.300398052788267, 25.244212530438705 ] ] ], [ [ [ 55.2998947, 25.2457805 ], [ 55.30001, 25.2459775 ], [ 55.3001028, 25.2460012 ], [ 55.300222828884749, 25.245988651477351 ], [ 55.300401528793572, 25.245905851326718 ], [ 55.30038360295314, 25.245873998713076 ], [ 55.300468228749864, 25.245865151269967 ], [ 55.300638928659694, 25.245782951125914 ], [ 55.300684528567579, 25.245692251083806 ], [ 55.300571528385895, 25.245502751166299 ], [ 55.3004515, 25.2455153 ], [ 55.3001998, 25.2456227 ], [ 55.300220034697581, 25.245657469932095 ], [ 55.3001394, 25.2456659 ], [ 55.2998947, 25.2457805 ] ] ], [ [ [ 55.300535189570205, 25.250697134857713 ], [ 55.300468553454564, 25.250699405551416 ], [ 55.300468553454564, 25.250834152844035 ], [ 55.300580105358122, 25.250831882144965 ], [ 55.300580105342036, 25.250742050615692 ], [ 55.300535189570205, 25.250697134857713 ] ] ], [ [ [ 55.300773482279162, 25.236232824379904 ], [ 55.300648216511391, 25.236236529477093 ], [ 55.300648216511391, 25.2362814452413 ], [ 55.300773482292279, 25.236277740144807 ], [ 55.300773482279162, 25.236232824379904 ] ] ], [ [ [ 55.3005999, 25.230743 ], [ 55.3006525, 25.2308335 ], [ 55.300738048039925, 25.230805528369117 ], [ 55.300738048039797, 25.230936469300783 ], [ 55.300795536694608, 25.230935154556729 ], [ 55.300840452453919, 25.23089023878843 ], [ 55.300840452449265, 25.230845323023971 ], [ 55.300795536680646, 25.230800407263374 ], [ 55.300738817599751, 25.230801704408758 ], [ 55.300687889641225, 25.23071391435877 ], [ 55.3005999, 25.230743 ] ] ], [ [ [ 55.2986613, 25.2526153 ], [ 55.298918518918008, 25.252588413464188 ], [ 55.299469318256939, 25.252305512465853 ], [ 55.299436992956494, 25.252254911904348 ], [ 55.29957091810865, 25.252240912280289 ], [ 55.299786117844917, 25.252127811889949 ], [ 55.299763310201172, 25.252089548843124 ], [ 55.299901417720363, 25.252075111681709 ], [ 55.300478517036197, 25.251782710636196 ], [ 55.300434900965413, 25.251712312849453 ], [ 55.300489195572233, 25.251685514721277 ], [ 55.300368695517477, 25.251485614746453 ], [ 55.300305504396995, 25.251503461965235 ], [ 55.300250207533026, 25.251414210526054 ], [ 55.300375516238155, 25.251401110773756 ], [ 55.300520916075691, 25.251332110510884 ], [ 55.300481036086055, 25.251263368069477 ], [ 55.300550195442881, 25.251231314700167 ], [ 55.300428795384036, 25.25101691472533 ], [ 55.3002193, 25.2511017 ], [ 55.300248593865078, 25.251153434873405 ], [ 55.3001504, 25.2511637 ], [ 55.300005, 25.2512327 ], [ 55.300041133926044, 25.251294985649114 ], [ 55.2999109, 25.2513086 ], [ 55.2993909, 25.2515687 ], [ 55.2993353, 25.2516033 ], [ 55.299356502358187, 25.251637530042967 ], [ 55.2992286, 25.2516509 ], [ 55.298999, 25.2517589 ], [ 55.299036414432436, 25.251819402960113 ], [ 55.29889390000001, 25.2518343 ], [ 55.2983394, 25.252105 ], [ 55.2983271, 25.2522014 ], [ 55.2985649, 25.2525805 ], [ 55.2986613, 25.2526153 ] ] ], [ [ [ 55.30075290687229, 25.230620505165302 ], [ 55.300752906866798, 25.230575589400797 ], [ 55.30069313227559, 25.230577143187141 ], [ 55.30069313227559, 25.230622058951344 ], [ 55.30075290687229, 25.230620505165302 ] ] ], [ [ [ 55.300047203098352, 25.245374626028013 ], [ 55.2999738, 25.2453823 ], [ 55.2997257, 25.2455021 ], [ 55.2998528, 25.2457176 ], [ 55.299972828617008, 25.245705051667024 ], [ 55.300221028485645, 25.245585251457541 ], [ 55.300205511437007, 25.245558962845173 ], [ 55.300280228448841, 25.245551151407291 ], [ 55.300530228315004, 25.245428951196207 ], [ 55.300398928104372, 25.245209251292088 ], [ 55.3002789, 25.2452218 ], [ 55.3000289, 25.245344 ], [ 55.300047203098352, 25.245374626028013 ] ] ], [ [ [ 55.299695764672101, 25.240655995043788 ], [ 55.2997754, 25.2407872 ], [ 55.300032593711272, 25.240760310172238 ], [ 55.300568193088111, 25.240494309202905 ], [ 55.300465192739743, 25.240324609364347 ], [ 55.300154756047412, 25.240377943181233 ], [ 55.300079892633129, 25.24025421003207 ], [ 55.2998227, 25.2402811 ], [ 55.299129, 25.2406246 ], [ 55.2992275, 25.2407874 ], [ 55.299484693772293, 25.240760511133114 ], [ 55.299695764672101, 25.240655995043788 ] ] ], [ [ [ 55.300603300747177, 25.230711890479764 ], [ 55.300663075355452, 25.2307103367034 ], [ 55.300663075344453, 25.230620505174397 ], [ 55.300603300747177, 25.230622058951344 ], [ 55.300603300747177, 25.230711890479764 ] ] ], [ [ [ 55.2995015, 25.2512247 ], [ 55.2997587158752, 25.251197811832863 ], [ 55.300350615184996, 25.250903310761167 ], [ 55.300110814375188, 25.250509011137289 ], [ 55.2998536, 25.2505359 ], [ 55.2992617, 25.2508303 ], [ 55.2995015, 25.2512247 ] ] ], [ [ [ 55.300614730657081, 25.231025105621825 ], [ 55.300614730644391, 25.23089035832853 ], [ 55.30055838498297, 25.23089155353658 ], [ 55.300513469218764, 25.230936469300786 ], [ 55.300513469218764, 25.231026300829207 ], [ 55.300614730657081, 25.231025105621825 ] ] ], [ [ [ 55.3003244, 25.2331431 ], [ 55.3004664, 25.2332358 ], [ 55.300517835532659, 25.233230421657694 ], [ 55.300579735498623, 25.233153321634259 ], [ 55.300411535476776, 25.233093021691861 ], [ 55.3003601, 25.2330984 ], [ 55.3003244, 25.2331431 ] ] ], [ [ [ 55.300469692591705, 25.240255009348587 ], [ 55.30043369245513, 25.240188709404222 ], [ 55.3001248, 25.2402385 ], [ 55.3001607, 25.2403049 ], [ 55.300469692591705, 25.240255009348587 ] ] ], [ [ [ 55.300015095721506, 25.252188514839759 ], [ 55.2998863, 25.2521623 ], [ 55.2994248, 25.2523929 ], [ 55.299475501483329, 25.252478018432996 ], [ 55.2991781, 25.2524884 ], [ 55.298759, 25.2527088 ], [ 55.2987364, 25.2528379 ], [ 55.2989968, 25.253227 ], [ 55.299254020178523, 25.253200112944768 ], [ 55.299782519532833, 25.252923311986212 ], [ 55.299701948305788, 25.252788368083682 ], [ 55.300260495815543, 25.252533814787558 ], [ 55.300015095721506, 25.252188514839759 ] ] ], [ [ [ 55.299944151263517, 25.245215748196234 ], [ 55.2999809, 25.2452786 ], [ 55.300100928175979, 25.245266051539009 ], [ 55.300339928050519, 25.245151751337353 ], [ 55.300228327867565, 25.244961051418642 ], [ 55.3001083, 25.2449736 ], [ 55.299913646230195, 25.245066730753511 ], [ 55.299895639161903, 25.24503601729252 ], [ 55.300210127819334, 25.244911351430922 ], [ 55.300101427636243, 25.244720651509827 ], [ 55.2999814, 25.2447332 ], [ 55.299774628657858, 25.244829617275688 ], [ 55.299744108322002, 25.244777560536463 ], [ 55.299822627698838, 25.244769351740594 ], [ 55.300062227575722, 25.244657451538579 ], [ 55.299955227395813, 25.244470051616261 ], [ 55.2998352, 25.2444826 ], [ 55.2995956, 25.2445945 ], [ 55.299607327476174, 25.244615039553793 ], [ 55.2995264, 25.2446235 ], [ 55.2992851, 25.2447392 ], [ 55.2996272, 25.2453228 ], [ 55.299747228237976, 25.245310251830851 ], [ 55.299944151263517, 25.245215748196234 ] ] ], [ [ [ 55.300495985787869, 25.233448883651555 ], [ 55.3004061542199, 25.233269220609369 ], [ 55.300199058869325, 25.233317004803705 ], [ 55.300154143105118, 25.233361920567912 ], [ 55.300154143105118, 25.233406836332115 ], [ 55.300333806161937, 25.233496667860539 ], [ 55.300495985798023, 25.233493799416308 ], [ 55.300495985787869, 25.233448883651555 ] ] ], [ [ [ 55.3002767, 25.237649 ], [ 55.300325491611623, 25.237668214548297 ], [ 55.300410191597912, 25.23762411452784 ], [ 55.3003614, 25.2376049 ], [ 55.3002767, 25.237649 ] ] ], [ [ [ 55.300356665815038, 25.230125595162402 ], [ 55.300311750042809, 25.230080679404747 ], [ 55.300154143105118, 25.230083069780871 ], [ 55.300243974633531, 25.230352564366115 ], [ 55.300288890397731, 25.230397480130314 ], [ 55.30049141315709, 25.230395089729345 ], [ 55.300491413140179, 25.230305258200044 ], [ 55.300356665815038, 25.230125595162402 ] ] ], [ [ [ 55.300423637690351, 25.230981385065 ], [ 55.300481126351528, 25.230980070348135 ], [ 55.300481126346867, 25.230935154583676 ], [ 55.300423637690351, 25.230936469300786 ], [ 55.300423637690351, 25.230981385065 ] ] ], [ [ [ 55.300109793501285, 25.244342014699331 ], [ 55.300283793476041, 25.244261814657438 ], [ 55.299960193327244, 25.243718614724926 ], [ 55.2999259, 25.2437222 ], [ 55.2997613, 25.2438037 ], [ 55.3000755, 25.2443456 ], [ 55.300109793501285, 25.244342014699331 ] ] ], [ [ [ 55.300074526567371, 25.24363905147478 ], [ 55.300255326474726, 25.243554851322362 ], [ 55.299927525922314, 25.242979451560291 ], [ 55.2998075, 25.242992 ], [ 55.2996267, 25.2430763 ], [ 55.2999545, 25.2436516 ], [ 55.300074526567371, 25.24363905147478 ] ] ], [ [ [ 55.299265, 25.2553257 ], [ 55.29952222460129, 25.255298812711551 ], [ 55.30008592395648, 25.255024311691439 ], [ 55.299998123653268, 25.254876811828819 ], [ 55.2997409, 25.2549037 ], [ 55.29917720000001, 25.2551782 ], [ 55.299265, 25.2553257 ] ] ], [ [ [ 55.299692073966675, 25.232947378322006 ], [ 55.299823354465559, 25.232986386470106 ], [ 55.2998049, 25.2330372 ], [ 55.3002257, 25.2331622 ], [ 55.300277135506789, 25.233156821740437 ], [ 55.300321635455298, 25.233037621722133 ], [ 55.2997320353942, 25.232862721924921 ], [ 55.299626949012591, 25.232912249792026 ], [ 55.29951126787013, 25.232819704596068 ], [ 55.299300743585199, 25.232822931397433 ], [ 55.299165996292587, 25.232912762925853 ], [ 55.299165996292587, 25.233002594454263 ], [ 55.2992109120568, 25.233092425982676 ], [ 55.29939057511362, 25.233272089039499 ], [ 55.299915509856838, 25.233268862159182 ], [ 55.299960425609022, 25.233223946384914 ], [ 55.299960425597604, 25.233179030620104 ], [ 55.299692073966675, 25.232947378322006 ] ] ], [ [ [ 55.29996959598602, 25.253121314864465 ], [ 55.299907275785003, 25.253139382730332 ], [ 55.299834219740305, 25.253023811906878 ], [ 55.299577, 25.2530507 ], [ 55.2993676, 25.253159 ], [ 55.2995305, 25.2534166 ], [ 55.299787720521671, 25.253389712029836 ], [ 55.299997120268948, 25.253281511650211 ], [ 55.299967011372637, 25.253233881110695 ], [ 55.300021396008418, 25.253203214853581 ], [ 55.29996959598602, 25.253121314864465 ] ] ], [ [ [ 55.300258833529668, 25.23111457862483 ], [ 55.300258833524168, 25.231069662860325 ], [ 55.300199058869325, 25.231071216593403 ], [ 55.300199058869325, 25.231116132357613 ], [ 55.300258833529668, 25.23111457862483 ] ] ], [ [ [ 55.298797685805454, 25.250047840707015 ], [ 55.2990203, 25.2504306 ], [ 55.299277514244061, 25.250403712587239 ], [ 55.299399211257075, 25.250345831387747 ], [ 55.299474116118517, 25.250473711147556 ], [ 55.299415283157416, 25.250495034456851 ], [ 55.299350095223431, 25.250392714968239 ], [ 55.2993158, 25.2503963 ], [ 55.299075, 25.2505217 ], [ 55.2991771, 25.2506819 ], [ 55.299430669180211, 25.250563986455461 ], [ 55.29949755427652, 25.250562865725943 ], [ 55.299497554265812, 25.250485363575205 ], [ 55.299739114312615, 25.250460111783831 ], [ 55.299974314047326, 25.25034731135846 ], [ 55.299891213755963, 25.250205611488223 ], [ 55.299634, 25.2502325 ], [ 55.299492326694129, 25.250300474333329 ], [ 55.299193112943222, 25.249786012665435 ], [ 55.2989359, 25.2498129 ], [ 55.298781379893477, 25.249886392195986 ], [ 55.298736813042694, 25.249809113468519 ], [ 55.2984796, 25.249836 ], [ 55.2981717, 25.2499985 ], [ 55.2982872, 25.250206 ], [ 55.298544413848767, 25.250179113847903 ], [ 55.298797685805454, 25.250047840707015 ] ] ], [ [ [ 55.2990049, 25.2549108 ], [ 55.2991, 25.2550642 ], [ 55.29935722406475, 25.255037312971485 ], [ 55.299907523411896, 25.254758311974388 ], [ 55.299812423096974, 25.254604912123899 ], [ 55.2995552, 25.2546318 ], [ 55.2990049, 25.2549108 ] ] ], [ [ [ 55.299839732755672, 25.231116132357613 ], [ 55.299948995150835, 25.231114100594542 ], [ 55.300218489719441, 25.231024269029678 ], [ 55.30021848970506, 25.23093443750049 ], [ 55.299884648519878, 25.23093646930079 ], [ 55.299839732755672, 25.231116132357613 ] ] ], [ [ [ 55.300185004438504, 25.233268862102488 ], [ 55.300185004427078, 25.23322394633767 ], [ 55.300064311576705, 25.233227173275296 ], [ 55.300064311576705, 25.233272089039502 ], [ 55.300185004438504, 25.233268862102488 ] ] ], [ [ [ 55.300109227340918, 25.229993238252472 ], [ 55.300109227340918, 25.230038154016672 ], [ 55.300226490434255, 25.230035285581135 ], [ 55.300226490424102, 25.229990369816388 ], [ 55.300109227340918, 25.229993238252472 ] ] ], [ [ [ 55.30013323099169, 25.235245872853433 ], [ 55.300133230982802, 25.235200957088757 ], [ 55.299974480048292, 25.235203466900359 ], [ 55.299974480048292, 25.235248382664562 ], [ 55.30013323099169, 25.235245872853433 ] ] ], [ [ [ 55.299772093343591, 25.24376661476963 ], [ 55.299954593315057, 25.243675214725574 ], [ 55.299803093245629, 25.243421714757179 ], [ 55.2995765, 25.2435196 ], [ 55.2997378, 25.2437702 ], [ 55.299772093343591, 25.24376661476963 ] ] ], [ [ [ 55.2979062, 25.2545327 ], [ 55.297940494756887, 25.254589692728494 ], [ 55.2978237, 25.2546019 ], [ 55.2976094, 25.2547106 ], [ 55.297632453687562, 25.254747761806925 ], [ 55.2974857, 25.2547631 ], [ 55.2972864, 25.2548643 ], [ 55.2972688, 25.2549334 ], [ 55.2975026, 25.2553281 ], [ 55.2976086, 25.2553525 ], [ 55.297865824841423, 25.255325615620947 ], [ 55.298051824612941, 25.255227615283495 ], [ 55.298026920663901, 25.255187998260379 ], [ 55.298149224490992, 25.255175215106668 ], [ 55.298299924314136, 25.255099714833708 ], [ 55.298258025505739, 25.255031273874629 ], [ 55.298314996542224, 25.255001315279898 ], [ 55.298187496488012, 25.254803015306727 ], [ 55.2980159, 25.2548787 ], [ 55.298034368613621, 25.254907438655771 ], [ 55.297872163963341, 25.254941811776558 ], [ 55.297838042527857, 25.254887531354147 ], [ 55.297983623866664, 25.254872315362949 ], [ 55.298197923612129, 25.254763514974616 ], [ 55.298173796366221, 25.254724643519605 ], [ 55.298287352589121, 25.254712774482908 ], [ 55.2982305, 25.254741 ], [ 55.2983658, 25.2549639 ], [ 55.298623023933203, 25.254937014248366 ], [ 55.298764623768172, 25.254866613991965 ], [ 55.298744430954272, 25.254833362463536 ], [ 55.298926654556624, 25.254780379542463 ], [ 55.2989494, 25.2548194 ], [ 55.299206623562043, 25.254792513208042 ], [ 55.299758422942354, 25.254529212210088 ], [ 55.299689422699224, 25.254411012317778 ], [ 55.2994322, 25.2544379 ], [ 55.298930638814021, 25.254677271280002 ], [ 55.298709722603569, 25.25431481402585 ], [ 55.298618822612987, 25.25431451418531 ], [ 55.2983616, 25.2543414 ], [ 55.298291245089864, 25.254382507235388 ], [ 55.2981899, 25.2543931 ], [ 55.2979062, 25.2545327 ] ], [ [ 55.298448633726231, 25.254633634000843 ], [ 55.298465730634561, 25.254660913482876 ], [ 55.298373632833091, 25.254670539784797 ], [ 55.298448633726231, 25.254633634000843 ] ] ], [ [ [ 55.2995136, 25.2429718 ], [ 55.2993366, 25.2430585 ], [ 55.2995827, 25.2434697 ], [ 55.299616993260919, 25.243466114801379 ], [ 55.2997940932338, 25.243379414758653 ], [ 55.299591316983083, 25.24304074094934 ], [ 55.299703125982973, 25.243029051746571 ], [ 55.29990222587287, 25.242928151578283 ], [ 55.299843825782375, 25.242833651621105 ], [ 55.2997238, 25.2428462 ], [ 55.2995136, 25.2429718 ] ] ], [ [ [ 55.299507826098015, 25.244590075925959 ], [ 55.299624493562014, 25.24453151481568 ], [ 55.299604893553266, 25.244499514819786 ], [ 55.29949743078933, 25.244515714262377 ], [ 55.299451063099355, 25.244435520900883 ], [ 55.299543961664853, 25.244405599789367 ], [ 55.2996323, 25.2444752 ], [ 55.299752327398963, 25.244462651781951 ], [ 55.29984752735804, 25.244426251702105 ], [ 55.29988242727628, 25.244345451669275 ], [ 55.299372426427688, 25.243461252040042 ], [ 55.299262426398244, 25.243425752128196 ], [ 55.2991424, 25.2434383 ], [ 55.2990429, 25.243472 ], [ 55.299036964730725, 25.243516662908458 ], [ 55.298884661922749, 25.243585524001539 ], [ 55.2987078, 25.2436321 ], [ 55.298703, 25.243757 ], [ 55.2991903, 25.2446141 ], [ 55.299291, 25.2446547 ], [ 55.299411027594211, 25.244642152070778 ], [ 55.299507826098015, 25.244590075925959 ] ], [ [ 55.29910104589861, 25.243830159158282 ], [ 55.29919308180925, 25.243803594810469 ], [ 55.299499368722316, 25.244329091981051 ], [ 55.299407166939716, 25.244359601970121 ], [ 55.29910104589861, 25.243830159158282 ] ], [ [ 55.298980026605854, 25.243620852369645 ], [ 55.299059159306537, 25.243573822126471 ], [ 55.299146700446158, 25.243724017772092 ], [ 55.299058510938465, 25.243756593654343 ], [ 55.298980026605854, 25.243620852369645 ] ] ], [ [ [ 55.299953567954489, 25.235335704412197 ], [ 55.2999535679456, 25.235290788647518 ], [ 55.299884648519878, 25.235293298428768 ], [ 55.299884648519878, 25.235338214192971 ], [ 55.299953567954489, 25.235335704412197 ] ] ], [ [ [ 55.299491328747258, 25.245811552066773 ], [ 55.299787128591866, 25.245669951817185 ], [ 55.299656328377544, 25.245446551912448 ], [ 55.2995363, 25.2454591 ], [ 55.29924050000001, 25.2456007 ], [ 55.2993713, 25.2458241 ], [ 55.299491328747258, 25.245811552066773 ] ] ], [ [ [ 55.299513553114153, 25.229989772387256 ], [ 55.299480406642026, 25.229993238252458 ], [ 55.299480406642026, 25.230038154016668 ], [ 55.299570238170446, 25.230083069780871 ], [ 55.299962710774352, 25.230079603815497 ], [ 55.299962710749824, 25.229989772285791 ], [ 55.299513553114153, 25.229989772387256 ] ] ], [ [ [ 55.299704985463059, 25.236236529477104 ], [ 55.299787621562572, 25.236232585595186 ], [ 55.299787621520679, 25.236097838300338 ], [ 55.299704985463059, 25.236101782184477 ], [ 55.299704985463059, 25.236236529477104 ] ] ], [ [ [ 55.299740419534544, 25.235604003920784 ], [ 55.299525322406232, 25.235607708778208 ], [ 55.299525322406232, 25.235787371835031 ], [ 55.299650588059961, 25.235783667002107 ], [ 55.299740419547661, 25.235648919685698 ], [ 55.299740419534544, 25.235604003920784 ] ] ], [ [ [ 55.299316528457723, 25.245509852193926 ], [ 55.299604128299585, 25.245365051950877 ], [ 55.299485628115221, 25.245172552037712 ], [ 55.2993656, 25.2451851 ], [ 55.299078, 25.2453299 ], [ 55.2991965, 25.2455224 ], [ 55.299316528457723, 25.245509852193926 ] ] ], [ [ [ 55.299698933148015, 25.236457044932134 ], [ 55.299698933133627, 25.236412129167164 ], [ 55.299570238170446, 25.236416192533916 ], [ 55.299570238170446, 25.236461108298126 ], [ 55.299698933148015, 25.236457044932134 ] ] ], [ [ [ 55.299439294425618, 25.241066311247327 ], [ 55.299625794223942, 25.240980910910586 ], [ 55.299529793871187, 25.240809511059567 ], [ 55.2992726, 25.2408364 ], [ 55.2988931, 25.2410118 ], [ 55.298989, 25.2411833 ], [ 55.299207670856923, 25.24109052667956 ], [ 55.299439294425618, 25.241066311247327 ] ] ], [ [ [ 55.299230496118206, 25.253550115043833 ], [ 55.299447296083564, 25.253438914991431 ], [ 55.299305096021541, 25.253212215021282 ], [ 55.2990541, 25.253327 ], [ 55.2991962, 25.2535537 ], [ 55.299230496118206, 25.253550115043833 ] ] ], [ [ [ 55.299570238170446, 25.235428045721381 ], [ 55.299435490877819, 25.235472961485598 ], [ 55.29939057511362, 25.235517877249794 ], [ 55.29939057511362, 25.235562793014005 ], [ 55.299594241888968, 25.235560283294397 ], [ 55.299684073407569, 25.235515367515017 ], [ 55.299684073389798, 25.235425535985659 ], [ 55.299570238170446, 25.235428045721381 ] ] ], [ [ [ 55.299570238170446, 25.231026300829203 ], [ 55.299621672786522, 25.231020922751153 ], [ 55.299666588530698, 25.230976006970184 ], [ 55.29966658851167, 25.230931091204962 ], [ 55.299352178150137, 25.230886175549976 ], [ 55.299165996292587, 25.23089155353658 ], [ 55.299076164764173, 25.23093646930079 ], [ 55.299076164764173, 25.230981385064993 ], [ 55.2992109120568, 25.231026300829203 ], [ 55.299570238170446, 25.231026300829203 ] ] ], [ [ [ 55.299156228202278, 25.245243352311068 ], [ 55.299446528056571, 25.245111252066483 ], [ 55.29934362787872, 25.244926152140934 ], [ 55.2992236, 25.2449387 ], [ 55.2989332, 25.2450707 ], [ 55.2990362, 25.2452559 ], [ 55.299156228202278, 25.245243352311068 ] ] ], [ [ [ 55.299065409968918, 25.242128725688655 ], [ 55.2992473, 25.2424594 ], [ 55.299462992954687, 25.242374814820923 ], [ 55.299274565950036, 25.242032292648005 ], [ 55.299368524972529, 25.241990351965594 ], [ 55.299298924849971, 25.241862852015828 ], [ 55.299225843393444, 25.241870492320324 ], [ 55.299271024839044, 25.241850352038004 ], [ 55.299174424672962, 25.241677452107943 ], [ 55.2990544, 25.24169 ], [ 55.2988783, 25.2417705 ], [ 55.298890414058356, 25.241792183813025 ], [ 55.2988013, 25.2418015 ], [ 55.2986215, 25.241887 ], [ 55.298807, 25.2422038 ], [ 55.298927025194075, 25.242191252337534 ], [ 55.299065409968918, 25.242128725688655 ] ], [ [ 55.299139134883852, 25.242077434669429 ], [ 55.29909623424038, 25.242096475360182 ], [ 55.299088420039112, 25.242082736589573 ], [ 55.299139134883852, 25.242077434669429 ] ], [ [ 55.299047524044568, 25.241934113558916 ], [ 55.299012731678253, 25.241949662673125 ], [ 55.299006336860309, 25.241938419404843 ], [ 55.299047524044568, 25.241934113558916 ] ] ], [ [ [ 55.299345659349406, 25.230442395894517 ], [ 55.299481210319421, 25.230437615411851 ], [ 55.299526126065828, 25.230392699632752 ], [ 55.299615957524807, 25.23021303654431 ], [ 55.299615957507889, 25.230168120779208 ], [ 55.299571041727638, 25.230123205028097 ], [ 55.299480406642026, 25.230127985545074 ], [ 55.2992109120568, 25.230352564366108 ], [ 55.2992109120568, 25.230397480130314 ], [ 55.299345659349406, 25.230442395894517 ] ] ], [ [ [ 55.298941417471553, 25.235832287599241 ], [ 55.29898633323576, 25.23614669794868 ], [ 55.299118204785721, 25.236234612439375 ], [ 55.299031248999974, 25.236236529477097 ], [ 55.299031248999974, 25.2362814452413 ], [ 55.2991450843937, 25.23627893560278 ], [ 55.299145084388599, 25.236252532170749 ], [ 55.299255827821, 25.23632636100551 ], [ 55.299371949304295, 25.236323612313853 ], [ 55.29946178081223, 25.236233780768302 ], [ 55.299461780802503, 25.23618886500358 ], [ 55.299327033423822, 25.235784623145204 ], [ 55.299076164764173, 25.235787371835034 ], [ 55.298941417471553, 25.235832287599241 ] ] ], [ [ [ 55.298261248540541, 25.253231792346785 ], [ 55.298307103475253, 25.253300851029465 ], [ 55.2981239, 25.25332 ], [ 55.2978543, 25.2534547 ], [ 55.29788490557894, 25.253504833284811 ], [ 55.2977685, 25.253517 ], [ 55.2974786, 25.2536553 ], [ 55.2975896, 25.2538457 ], [ 55.297846821646736, 25.253818815483719 ], [ 55.298136721321491, 25.253680614959436 ], [ 55.298115679920699, 25.253644503575806 ], [ 55.298236121207175, 25.253631914779525 ], [ 55.298356202823271, 25.253571940570421 ], [ 55.298399472384752, 25.253641941079973 ], [ 55.2982554, 25.253657 ], [ 55.2976454, 25.253974 ], [ 55.2977896, 25.2542285 ], [ 55.2978827, 25.2542516 ], [ 55.29813992247545, 25.254224715015404 ], [ 55.298695421795784, 25.253933314007782 ], [ 55.298669525913596, 25.253890362262435 ], [ 55.298817321658412, 25.253874913787293 ], [ 55.299147521282428, 25.253714913189842 ], [ 55.299161721090783, 25.253625313154803 ], [ 55.299035920598946, 25.25338691334855 ], [ 55.298942920564691, 25.253365913509345 ], [ 55.2986857, 25.2533928 ], [ 55.29849981299801, 25.253487381062182 ], [ 55.298422126942917, 25.253360230723821 ], [ 55.298662420530377, 25.253335113997995 ], [ 55.298856520291253, 25.253232513645827 ], [ 55.298882020148412, 25.253166513593634 ], [ 55.298522219018913, 25.252615314162522 ], [ 55.298449318982648, 25.252594414288058 ], [ 55.2981921, 25.2526213 ], [ 55.2979817, 25.2527222 ], [ 55.2979679, 25.25279 ], [ 55.298030026753224, 25.252883565191084 ], [ 55.2978106, 25.2529065 ], [ 55.2975919, 25.2530095 ], [ 55.297613859717337, 25.25304533343397 ], [ 55.2974898, 25.2530583 ], [ 55.2972619, 25.2531572 ], [ 55.2972247, 25.2532518 ], [ 55.2973968, 25.2535442 ], [ 55.297654021028428, 25.25351731578786 ], [ 55.297961020700036, 25.253378515233507 ], [ 55.297940152395391, 25.2533446678644 ], [ 55.29806312058966, 25.253331815049094 ], [ 55.298261248540541, 25.253231792346785 ] ] ], [ [ [ 55.299275427835333, 25.244878752194253 ], [ 55.299135527609913, 25.244643652296354 ], [ 55.2990155, 25.2446562 ], [ 55.2987507, 25.2447852 ], [ 55.2988906, 25.2450202 ], [ 55.29901062797655, 25.245007652417801 ], [ 55.299275427835333, 25.244878752194253 ] ] ], [ [ [ 55.2989785, 25.2511124 ], [ 55.299182695404831, 25.251025415016933 ], [ 55.299062695349974, 25.250825215041985 ], [ 55.2988585, 25.2509122 ], [ 55.2989785, 25.2511124 ] ] ], [ [ [ 55.2975331, 25.2491646 ], [ 55.2976479, 25.2493286 ], [ 55.297905112058459, 25.249301714870111 ], [ 55.298042470368252, 25.249232610878121 ], [ 55.2981737, 25.2494483 ], [ 55.298430912254211, 25.24942141396129 ], [ 55.298608912046824, 25.249332913639002 ], [ 55.298584201089618, 25.249292291088466 ], [ 55.29870261192405, 25.249279913468637 ], [ 55.299168511349066, 25.249033112623426 ], [ 55.299042410950058, 25.248838412822604 ], [ 55.2987852, 25.2488653 ], [ 55.298436745109015, 25.24904988634632 ], [ 55.298385236140184, 25.248965209856181 ], [ 55.298501911252892, 25.248953013783723 ], [ 55.298977310701908, 25.248718012923177 ], [ 55.298847810381339, 25.248560113132484 ], [ 55.2985159, 25.248592 ], [ 55.2981174, 25.2488022 ], [ 55.298138163269535, 25.248831183803613 ], [ 55.2980366, 25.2488418 ], [ 55.2978586, 25.2489304 ], [ 55.297880956661821, 25.248967145684087 ], [ 55.2977752, 25.2489782 ], [ 55.2975691, 25.2490695 ], [ 55.2975331, 25.2491646 ] ] ], [ [ [ 55.299044826027341, 25.243039552285907 ], [ 55.2989248, 25.2430521 ], [ 55.298175, 25.2434086 ], [ 55.29832, 25.2436636 ], [ 55.298440026663599, 25.24365105281321 ], [ 55.299195426277514, 25.243300252176418 ], [ 55.299224726182601, 25.243205852147447 ], [ 55.299144226052881, 25.243070552206198 ], [ 55.299044826027341, 25.243039552285907 ] ] ], [ [ [ 55.299051393012967, 25.242559514919954 ], [ 55.299228692987029, 25.242477014877256 ], [ 55.299048492900162, 25.242160314914628 ], [ 55.2988369, 25.2422464 ], [ 55.2990171, 25.2425631 ], [ 55.299051393012967, 25.242559514919954 ] ] ], [ [ [ 55.299165996292587, 25.235428045721385 ], [ 55.29928554668151, 25.235424938510846 ], [ 55.299285546659505, 25.23533510698126 ], [ 55.299240630884874, 25.235290191225562 ], [ 55.299165996292587, 25.235293298428768 ], [ 55.299165996292587, 25.235428045721385 ] ] ], [ [ [ 55.299348749037122, 25.230527207961746 ], [ 55.299348749019352, 25.230482292196594 ], [ 55.299255827821, 25.230487311658731 ], [ 55.299255827821, 25.230532227422941 ], [ 55.299348749037122, 25.230527207961746 ] ] ], [ [ [ 55.29912108052838, 25.236506024062333 ], [ 55.299015925928572, 25.236538283150708 ], [ 55.299057538968142, 25.236368528134943 ], [ 55.298743128534667, 25.235964286308764 ], [ 55.298671922886328, 25.235967034891861 ], [ 55.298537175593701, 25.236101782184473 ], [ 55.298492259829565, 25.236228922508982 ], [ 55.298389517694098, 25.236251591435117 ], [ 55.298312596772675, 25.2362365294771 ], [ 55.2983248, 25.2363298 ], [ 55.298532482411623, 25.236357197489816 ], [ 55.298627007122114, 25.236640771354949 ], [ 55.298719253174738, 25.236638587915824 ], [ 55.2986973, 25.2366568 ], [ 55.2987243, 25.2366966 ], [ 55.2987716, 25.2367135 ], [ 55.299255490777021, 25.236591194809208 ], [ 55.299255490744017, 25.236501363279043 ], [ 55.29912108052838, 25.236506024062333 ] ] ], [ [ [ 55.2992109120568, 25.233451752096325 ], [ 55.299119151962486, 25.233482338865919 ], [ 55.29915308492383, 25.233403490106081 ], [ 55.299108169148397, 25.23335857435104 ], [ 55.2989588, 25.2333971 ], [ 55.2989316, 25.2334216 ], [ 55.299011872464447, 25.233443468249298 ], [ 55.2989494, 25.23345 ], [ 55.2989333, 25.2335166 ], [ 55.298994988030337, 25.233523726822515 ], [ 55.298941417471553, 25.233541583624735 ], [ 55.298941417471553, 25.233586499388942 ], [ 55.29898633323576, 25.233631415153145 ], [ 55.29912108052838, 25.233676330917355 ], [ 55.299200286791717, 25.233672745668464 ], [ 55.299245202542572, 25.233627829893081 ], [ 55.29929011826804, 25.233493082587938 ], [ 55.29929011825535, 25.233448166823042 ], [ 55.2992109120568, 25.233451752096325 ] ] ], [ [ [ 55.298830527706301, 25.244725152550302 ], [ 55.299127227558593, 25.24459135230039 ], [ 55.299009927370889, 25.244395552386059 ], [ 55.2988899, 25.2444081 ], [ 55.2985999, 25.2445522 ], [ 55.2987105, 25.2447377 ], [ 55.298830527706301, 25.244725152550302 ] ] ], [ [ [ 55.299263489536223, 25.230706393010173 ], [ 55.299165996292587, 25.230711890479757 ], [ 55.299076164764173, 25.230756806243967 ], [ 55.299076164764173, 25.230891553536583 ], [ 55.29917365808766, 25.230886056103355 ], [ 55.299263489594594, 25.230841140305913 ], [ 55.29930840533833, 25.230796224524571 ], [ 55.299308405318875, 25.230751308759324 ], [ 55.299263489536223, 25.230706393010173 ] ] ], [ [ [ 55.299140724621573, 25.241623752132679 ], [ 55.299060024480596, 25.241477052190994 ], [ 55.298995925272344, 25.24148375337499 ], [ 55.299061224457581, 25.241453852188776 ], [ 55.298965224292957, 25.241282452258293 ], [ 55.29890016387926, 25.241289253904419 ], [ 55.298951924276921, 25.241265552268292 ], [ 55.298855924112289, 25.241094152337805 ], [ 55.298810701738979, 25.241098880025213 ], [ 55.298848324100327, 25.241081652343357 ], [ 55.298752323935695, 25.240910252412874 ], [ 55.2986323, 25.2409228 ], [ 55.2984459, 25.2410081 ], [ 55.2985418, 25.2411796 ], [ 55.298586899776708, 25.241174885217209 ], [ 55.2985495, 25.241192 ], [ 55.2986454, 25.2413635 ], [ 55.298710349463036, 25.241356710072907 ], [ 55.2986588, 25.2413803 ], [ 55.298686053443483, 25.241429037962117 ], [ 55.2985965, 25.2414384 ], [ 55.2984176, 25.2415213 ], [ 55.2985964, 25.241837 ], [ 55.298716424842034, 25.241824452490537 ], [ 55.298895324750788, 25.241741552339747 ], [ 55.298880036728988, 25.241714559017016 ], [ 55.299140724621573, 25.241623752132679 ] ], [ [ 55.2987913495326, 25.241547968580782 ], [ 55.298815936749662, 25.241545398176136 ], [ 55.29879066719576, 25.241556763287011 ], [ 55.2987913495326, 25.241547968580782 ] ] ], [ [ [ 55.299198001623267, 25.236951835518507 ], [ 55.29912108052838, 25.236955181704396 ], [ 55.29912108052838, 25.237000097468599 ], [ 55.299198001635112, 25.236996751283346 ], [ 55.299198001623267, 25.236951835518507 ] ] ], [ [ [ 55.299053778561905, 25.246874515071084 ], [ 55.299008862774023, 25.246829599326201 ], [ 55.298851585943147, 25.246836649829703 ], [ 55.298806670178934, 25.24688156559391 ], [ 55.298806670178934, 25.247016312886533 ], [ 55.299008862873933, 25.24700926238836 ], [ 55.299053778611857, 25.246964346602152 ], [ 55.299053778561905, 25.246874515071084 ] ] ], [ [ [ 55.29920828743839, 25.232324436157977 ], [ 55.299163371659354, 25.232279520405896 ], [ 55.299031248999974, 25.232283942226967 ], [ 55.29898633323576, 25.232328857991174 ], [ 55.29898633323576, 25.232373773755377 ], [ 55.299031248999974, 25.232418689519584 ], [ 55.299163371706307, 25.232414267701021 ], [ 55.29920828745405, 25.232369351923019 ], [ 55.29920828743839, 25.232324436157977 ] ] ], [ [ [ 55.2991373, 25.2333147 ], [ 55.299188735595486, 25.233309322125525 ], [ 55.299193135567243, 25.233242922122479 ], [ 55.2991284, 25.2332585 ], [ 55.2991373, 25.2333147 ] ] ], [ [ [ 55.299077592538616, 25.24088281488854 ], [ 55.298981592491579, 25.240711414908411 ], [ 55.2987609, 25.2408003 ], [ 55.2988568, 25.2409718 ], [ 55.299077592538616, 25.24088281488854 ] ] ], [ [ [ 55.299102454527478, 25.235425297067653 ], [ 55.298941417471553, 25.235428045721385 ], [ 55.298851585943147, 25.235517877249798 ], [ 55.298851585943147, 25.235562793014008 ], [ 55.29898633323576, 25.235652624542418 ], [ 55.299057538812441, 25.235649875899334 ], [ 55.299147370310642, 25.23551512858905 ], [ 55.299147370300915, 25.235470212824332 ], [ 55.299102454527478, 25.235425297067653 ] ] ], [ [ [ 55.299156513821863, 25.232909058167472 ], [ 55.299111598032113, 25.232819226648509 ], [ 55.29898633323576, 25.232822931397433 ], [ 55.299031248999974, 25.233002594454266 ], [ 55.299156513848089, 25.232998889697285 ], [ 55.299156513821863, 25.232909058167472 ] ] ], [ [ [ 55.298996558295798, 25.233136896934322 ], [ 55.2989724, 25.2331488 ], [ 55.2989899, 25.2331778 ], [ 55.299144216237885, 25.233148351682395 ], [ 55.299126716210111, 25.233119351695176 ], [ 55.2990721968809, 25.233125051980668 ], [ 55.299108169065484, 25.233044163997171 ], [ 55.298896501707347, 25.233047510218469 ], [ 55.298896501707347, 25.233092425982672 ], [ 55.298996558295798, 25.233136896934322 ] ] ], [ [ [ 55.298690927450288, 25.244459152650521 ], [ 55.298971527302214, 25.244324152413729 ], [ 55.298878027149605, 25.244165052481858 ], [ 55.298758, 25.2441776 ], [ 55.2984774, 25.2443126 ], [ 55.2985709, 25.2444717 ], [ 55.298690927450288, 25.244459152650521 ] ] ], [ [ [ 55.299060968182367, 25.236727495735355 ], [ 55.29898633323576, 25.236730602883359 ], [ 55.29898633323576, 25.236775518647562 ], [ 55.299060968193366, 25.236772411500134 ], [ 55.299060968182367, 25.236727495735355 ] ] ], [ [ [ 55.2962548, 25.2494691 ], [ 55.296512012510355, 25.249442217329889 ], [ 55.296744012237845, 25.249325816909717 ], [ 55.296724454835029, 25.249293940919816 ], [ 55.296841412133567, 25.249281716733854 ], [ 55.297202911707195, 25.249099516079056 ], [ 55.297183019172039, 25.249067215058108 ], [ 55.297282511607833, 25.24905681593458 ], [ 55.297549511311516, 25.248931015451955 ], [ 55.297512059562898, 25.248865976381673 ], [ 55.297650411131748, 25.248851515265958 ], [ 55.297896010865372, 25.248738714822352 ], [ 55.297868999464413, 25.248690583101649 ], [ 55.297992110725374, 25.248677714646863 ], [ 55.29822151046374, 25.248566314231841 ], [ 55.298198866576456, 25.248528143338309 ], [ 55.298330210341653, 25.248514414035288 ], [ 55.298874409745331, 25.248261613052062 ], [ 55.298574908659916, 25.247734213517756 ], [ 55.2983177, 25.2477611 ], [ 55.2977735, 25.2480139 ], [ 55.297785906129619, 25.248035746483406 ], [ 55.2976505, 25.2480499 ], [ 55.2974198, 25.2481612 ], [ 55.297439608428107, 25.248194787610579 ], [ 55.2973199, 25.2482073 ], [ 55.2970739, 25.2483199 ], [ 55.297092111663751, 25.248352465810306 ], [ 55.2969521, 25.2483671 ], [ 55.296692553395644, 25.248505746013841 ], [ 55.2965667, 25.2485189 ], [ 55.2962239, 25.2486842 ], [ 55.296245538779651, 25.248720925143314 ], [ 55.296108, 25.2487353 ], [ 55.295876, 25.2488518 ], [ 55.2962548, 25.2494691 ] ], [ [ 55.297461410462283, 25.248526015560643 ], [ 55.297707410196281, 25.248413415116367 ], [ 55.297684195415236, 25.248371903141493 ], [ 55.297809410069213, 25.248358814931255 ], [ 55.297934994361853, 25.248298281662919 ], [ 55.297967093378816, 25.248354805893324 ], [ 55.2978313, 25.248369 ], [ 55.2976019, 25.2484804 ], [ 55.297624691059454, 25.248518819277933 ], [ 55.2975072, 25.2485311 ], [ 55.297358514755317, 25.248599328198924 ], [ 55.297324537163931, 25.248540322042146 ], [ 55.297461410462283, 25.248526015560643 ] ], [ [ 55.296889294796003, 25.248847470652649 ], [ 55.2967809, 25.2488588 ], [ 55.29653386729111, 25.248983307377774 ], [ 55.29650156582904, 25.248930659916628 ], [ 55.296634011382523, 25.248916817056347 ], [ 55.296865086799812, 25.248805423341306 ], [ 55.296889294796003, 25.248847470652649 ] ] ], [ [ [ 55.298881304478819, 25.234077465648951 ], [ 55.299016051747721, 25.233987634092063 ], [ 55.299016051692718, 25.233763055268096 ], [ 55.298716838650527, 25.233766162445765 ], [ 55.298716838650527, 25.234125488559418 ], [ 55.298881304478819, 25.234077465648951 ] ] ], [ [ [ 55.299014908548251, 25.233224185597805 ], [ 55.298851585943147, 25.233227173275299 ], [ 55.298851585943147, 25.233272089039502 ], [ 55.299014908558824, 25.23326910136257 ], [ 55.299014908548251, 25.233224185597805 ] ] ], [ [ [ 55.298979137666379, 25.235738512388643 ], [ 55.298851585943147, 25.235742456070831 ], [ 55.298851585943147, 25.235787371835027 ], [ 55.298979137680334, 25.235783428153592 ], [ 55.298979137666379, 25.235738512388643 ] ] ], [ [ [ 55.2983517, 25.2441101 ], [ 55.2984454, 25.2442673 ], [ 55.298576858420624, 25.244253557760377 ], [ 55.298861858253979, 25.244114657496862 ], [ 55.298768158088919, 25.243957457571771 ], [ 55.298668012694762, 25.243967926629594 ], [ 55.298730826932676, 25.24393815259036 ], [ 55.298572726670898, 25.24366535270536 ], [ 55.2984527, 25.2436779 ], [ 55.2981855, 25.2438046 ], [ 55.2983435, 25.2440774 ], [ 55.29843935534835, 25.244067379646104 ], [ 55.2983517, 25.2441101 ] ] ], [ [ [ 55.298977993723149, 25.232729275644083 ], [ 55.298977993696077, 25.232639444114227 ], [ 55.298806670178934, 25.232643268340617 ], [ 55.298716838650527, 25.23268818410482 ], [ 55.298537175593701, 25.232867847161646 ], [ 55.298537175593701, 25.232912762925849 ], [ 55.298708499196302, 25.23290893877099 ], [ 55.298977993723149, 25.232729275644083 ] ] ], [ [ [ 55.298918219315532, 25.235291027827422 ], [ 55.298873303535672, 25.235201196304804 ], [ 55.298738556220201, 25.23506644903085 ], [ 55.298627007122114, 25.235068719607739 ], [ 55.298492259829501, 25.235472961485595 ], [ 55.298537175593701, 25.235517877249801 ], [ 55.298693640536797, 25.235515606683851 ], [ 55.298918219339647, 25.235425775121332 ], [ 55.298918219315532, 25.235291027827422 ] ] ], [ [ [ 55.298806670178934, 25.233496667860535 ], [ 55.298851585943147, 25.233541583624728 ], [ 55.298926220110459, 25.233538476462336 ], [ 55.298926220088461, 25.23344864493275 ], [ 55.298806670178934, 25.233451752096318 ], [ 55.298806670178934, 25.233496667860535 ] ] ], [ [ [ 55.298887019752193, 25.234660773063922 ], [ 55.298761754414734, 25.234664477729883 ], [ 55.298761754414734, 25.234709393494093 ], [ 55.29888701976531, 25.234705688828825 ], [ 55.298887019752193, 25.234660773063922 ] ] ], [ [ [ 55.298351713249232, 25.249886414152844 ], [ 55.298649512895189, 25.249735013613289 ], [ 55.298530912503615, 25.249544213799751 ], [ 55.2982737, 25.2495711 ], [ 55.2979759, 25.2497225 ], [ 55.2980945, 25.2499133 ], [ 55.298351713249232, 25.249886414152844 ] ] ], [ [ [ 55.298761754414734, 25.230038154016672 ], [ 55.298891590331486, 25.230033971247231 ], [ 55.298891590316686, 25.229989055482239 ], [ 55.298761754414734, 25.229993238252465 ], [ 55.298761754414734, 25.230038154016672 ] ] ], [ [ [ 55.298835245461902, 25.233089438338485 ], [ 55.298655582375552, 25.232954691079183 ], [ 55.298582091357908, 25.232957678690056 ], [ 55.298537175593701, 25.233047510218466 ], [ 55.298582091357908, 25.233227173275292 ], [ 55.29870049820267, 25.233224185659044 ], [ 55.298835245472475, 25.233134354103253 ], [ 55.298835245461902, 25.233089438338485 ] ] ], [ [ [ 55.297459197253275, 25.233851298347602 ], [ 55.297459197252756, 25.233900909738381 ], [ 55.297631326185957, 25.233892306042815 ], [ 55.297659789678193, 25.233863842518947 ], [ 55.297998186423229, 25.233990741266798 ], [ 55.298293608081494, 25.23392474930473 ], [ 55.2982505, 25.2339464 ], [ 55.2982751, 25.2339865 ], [ 55.298326535899264, 25.233981122443051 ], [ 55.298371135888793, 25.233958722426909 ], [ 55.298346535872334, 25.233918622434629 ], [ 55.298296643753552, 25.233923838602493 ], [ 55.298539123594196, 25.233851094350964 ], [ 55.298584039340163, 25.233806178571474 ], [ 55.298451493868292, 25.233496172547127 ], [ 55.298651010441681, 25.233494158273459 ], [ 55.298830673478882, 25.233404326714705 ], [ 55.298830673461119, 25.233314495185336 ], [ 55.298785757688499, 25.233269579428008 ], [ 55.298627007122114, 25.233272089039502 ], [ 55.298420331870958, 25.233433848532304 ], [ 55.298359460332854, 25.23331210522678 ], [ 55.298269628788908, 25.233267189490341 ], [ 55.298177849480055, 25.233272089039499 ], [ 55.297728691837996, 25.233496667860532 ], [ 55.297638860310087, 25.233802474519244 ], [ 55.297540128715191, 25.233802617356218 ], [ 55.297748589567284, 25.233215701571133 ], [ 55.297658757961869, 25.233125870105571 ], [ 55.297459197252756, 25.233137341746879 ], [ 55.2972446, 25.2332741 ], [ 55.297261588582586, 25.233302016275729 ], [ 55.296830376553871, 25.233676330917355 ], [ 55.296830376553871, 25.233721246681558 ], [ 55.296875292318084, 25.233766162445768 ], [ 55.297324449960136, 25.233855993974178 ], [ 55.297459197253275, 25.233851298347602 ] ] ], [ [ [ 55.298568850055219, 25.246485073102001 ], [ 55.298634194122052, 25.246460615076376 ], [ 55.298583897555439, 25.246378241432911 ], [ 55.298630729329446, 25.246354952799901 ], [ 55.298468329085459, 25.246099952919373 ], [ 55.2983483, 25.2461125 ], [ 55.298266460830931, 25.246157240809531 ], [ 55.298288994026855, 25.246105915151759 ], [ 55.298261194015609, 25.24606471515764 ], [ 55.2981315, 25.246121 ], [ 55.2983452, 25.2464498 ], [ 55.298394785138939, 25.246444616718584 ], [ 55.2983483, 25.2464689 ], [ 55.298389229946153, 25.246495334424921 ], [ 55.2983698, 25.2465058 ], [ 55.2983957, 25.2465451 ], [ 55.298568850073508, 25.246514233197903 ], [ 55.298568850055219, 25.246485073102001 ] ], [ [ 55.298447344065295, 25.246478029420171 ], [ 55.29842959740941, 25.246440977678564 ], [ 55.298518144009996, 25.246410939495117 ], [ 55.298545619181574, 25.24647084817035 ], [ 55.298447344065295, 25.246478029420171 ] ] ], [ [ [ 55.298261625621301, 25.242588352903098 ], [ 55.298662625413314, 25.24239905256491 ], [ 55.298415624992003, 25.241960352743895 ], [ 55.2982956, 25.2419729 ], [ 55.2978838, 25.2421739 ], [ 55.2981416, 25.2426009 ], [ 55.298261625621301, 25.242588352903098 ] ] ], [ [ [ 55.298357512536874, 25.236640771354949 ], [ 55.298357512536874, 25.236730602883362 ], [ 55.298402428301081, 25.236775518647573 ], [ 55.298492259829501, 25.236820434411776 ], [ 55.298609776202326, 25.236809126279848 ], [ 55.2986324, 25.2369526 ], [ 55.298718891425999, 25.236927614912748 ], [ 55.298726191381974, 25.236772214908694 ], [ 55.298645295858883, 25.236766920392306 ], [ 55.298645295853049, 25.2367286908434 ], [ 55.298465632784094, 25.236638859336662 ], [ 55.298357512536874, 25.236640771354949 ] ] ], [ [ [ 55.298800615893988, 25.230258669603746 ], [ 55.298800615865225, 25.230168838073801 ], [ 55.298716838650527, 25.230172901309288 ], [ 55.298716838650527, 25.230262732837701 ], [ 55.298800615893988, 25.230258669603746 ] ] ], [ [ [ 55.298623240667609, 25.235738153972392 ], [ 55.298537175593701, 25.235742456070831 ], [ 55.298582091357908, 25.235877203363437 ], [ 55.298713072240133, 25.235872901242256 ], [ 55.298713072209665, 25.235783069712209 ], [ 55.298623240667609, 25.235738153972392 ] ] ], [ [ [ 55.2974255, 25.2528842 ], [ 55.297682719625122, 25.252857315662787 ], [ 55.298481918691174, 25.252458714215511 ], [ 55.298360218300729, 25.252268314407484 ], [ 55.298278018252972, 25.252241514548668 ], [ 55.2980208, 25.2522684 ], [ 55.2972774, 25.2526492 ], [ 55.297290501870641, 25.252669989639273 ], [ 55.2971842, 25.2526811 ], [ 55.2970263, 25.2527525 ], [ 55.2969808, 25.2528701 ], [ 55.2970301, 25.252928 ], [ 55.297156411604938, 25.252914798445751 ], [ 55.2970575, 25.2529657 ], [ 55.2971085, 25.2530445 ], [ 55.297214396003348, 25.253038915507751 ], [ 55.297395495973923, 25.252944315463964 ], [ 55.297344211073792, 25.252870814379378 ], [ 55.297398755293806, 25.252841762491617 ], [ 55.2974255, 25.2528842 ] ] ], [ [ [ 55.29851058258226, 25.244538608775816 ], [ 55.298375182353233, 25.244281008865631 ], [ 55.298104282136329, 25.244029609058206 ], [ 55.297996882099028, 25.243983209137149 ], [ 55.297886, 25.2439948 ], [ 55.2978603, 25.2440581 ], [ 55.297877056788124, 25.244202783530717 ], [ 55.2978144, 25.2442255 ], [ 55.2978801, 25.2443264 ], [ 55.297937365729645, 25.244320413866671 ], [ 55.2983063, 25.2449029 ], [ 55.298389605622823, 25.244942137629376 ], [ 55.298312596772675, 25.244950187733053 ], [ 55.298312596772675, 25.244995103497264 ], [ 55.298546795816975, 25.244984707235698 ], [ 55.298546795782677, 25.24494283358003 ], [ 55.298575982945998, 25.244939908745938 ], [ 55.298580682837624, 25.244821608736615 ], [ 55.29851058258226, 25.244538608775816 ] ] ], [ [ [ 55.298317192669266, 25.241305415072723 ], [ 55.298390056455595, 25.241271362586033 ], [ 55.2982999, 25.2413147 ], [ 55.2983968, 25.2414796 ], [ 55.298604592689713, 25.241392715006839 ], [ 55.298507692644499, 25.241227715027009 ], [ 55.298476466033904, 25.241230979475361 ], [ 55.298503992641841, 25.241218115027731 ], [ 55.298400292592099, 25.241036715049237 ], [ 55.2981793, 25.2411276 ], [ 55.2982829, 25.241309 ], [ 55.298317192669266, 25.241305415072723 ] ] ], [ [ [ 55.2981375, 25.2433223 ], [ 55.298349326302365, 25.243281252867913 ], [ 55.298574626174975, 25.243164252677325 ], [ 55.298578126140463, 25.243129552672642 ], [ 55.2984056, 25.2431318 ], [ 55.2981528, 25.2432485 ], [ 55.2981149, 25.2432823 ], [ 55.2981375, 25.2433223 ] ] ], [ [ [ 55.298492259829501, 25.234170404323621 ], [ 55.298492259829501, 25.234215320087824 ], [ 55.298568037188396, 25.234212093503803 ], [ 55.298702784456381, 25.234122261945814 ], [ 55.298702784444963, 25.234077346181007 ], [ 55.298582091357908, 25.2340805727952 ], [ 55.298492259829501, 25.234170404323621 ] ] ], [ [ [ 55.298755700058628, 25.230034090790767 ], [ 55.298755700044246, 25.229989175025803 ], [ 55.298671922886328, 25.229993238252465 ], [ 55.298671922886328, 25.230038154016668 ], [ 55.298755700058628, 25.230034090790767 ] ] ], [ [ [ 55.298663584041996, 25.23493014820399 ], [ 55.298582091357908, 25.234933972315119 ], [ 55.298582091357908, 25.234978888079326 ], [ 55.298663584055532, 25.234975063968925 ], [ 55.298663584041996, 25.23493014820399 ] ] ], [ [ [ 55.298537175593701, 25.230622058951344 ], [ 55.298714213446367, 25.230617637228828 ], [ 55.298714213430721, 25.230572721463787 ], [ 55.298624381888281, 25.230527805724652 ], [ 55.298492259829501, 25.230532227422938 ], [ 55.298492259829501, 25.230577143187141 ], [ 55.298537175593701, 25.230622058951344 ] ] ], [ [ [ 55.298708498343537, 25.230079245580477 ], [ 55.298582091357908, 25.230083069780871 ], [ 55.298582091357908, 25.230127985545071 ], [ 55.298627007122114, 25.230172901309285 ], [ 55.298708498370608, 25.230169077110332 ], [ 55.298708498343537, 25.230079245580477 ] ] ], [ [ [ 55.298480229021315, 25.246035752906234 ], [ 55.298458728991257, 25.246004252922173 ], [ 55.2983001, 25.2460384 ], [ 55.2983216, 25.2460699 ], [ 55.298480229021315, 25.246035752906234 ] ] ], [ [ [ 55.297818523366402, 25.236236529477097 ], [ 55.298035906786914, 25.236232586045666 ], [ 55.298574895892806, 25.23605292284725 ], [ 55.298619811642318, 25.236008007070755 ], [ 55.298619811614394, 25.235918175540849 ], [ 55.298088017951642, 25.23592211912765 ], [ 55.297818523366402, 25.236146697948683 ], [ 55.297818523366402, 25.236236529477097 ] ] ], [ [ [ 55.298458442479422, 25.247414699483961 ], [ 55.298267681008468, 25.247420554764382 ], [ 55.298222765244262, 25.247465470528589 ], [ 55.298222765244262, 25.247510386292792 ], [ 55.298458442520911, 25.247504531014581 ], [ 55.298458442479422, 25.247414699483961 ] ] ], [ [ [ 55.298537175593701, 25.236865350175979 ], [ 55.298537175593701, 25.236955181704392 ], [ 55.298602666218663, 25.236953030667607 ], [ 55.298602666203429, 25.23686319913838 ], [ 55.298537175593701, 25.236865350175979 ] ] ], [ [ [ 55.298619811265347, 25.234795281417068 ], [ 55.298492259829501, 25.234799225022499 ], [ 55.298492259829501, 25.234889056550912 ], [ 55.298619811293271, 25.234885112946966 ], [ 55.298619811265347, 25.234795281417068 ] ] ], [ [ [ 55.298572269090201, 25.23074844091537 ], [ 55.298357512536874, 25.230756806243964 ], [ 55.298357512536874, 25.23080172200817 ], [ 55.298402428301081, 25.230846637772373 ], [ 55.29866210067474, 25.230838272397953 ], [ 55.298662100645132, 25.230793356632173 ], [ 55.298572269090201, 25.23074844091537 ] ] ], [ [ [ 55.298661296677409, 25.230304063428193 ], [ 55.298661296664719, 25.230259147663308 ], [ 55.298582091357908, 25.230262732837694 ], [ 55.298582091357908, 25.230307648601904 ], [ 55.298661296677409, 25.230304063428193 ] ] ], [ [ [ 55.298130115278816, 25.25083171464858 ], [ 55.2978729, 25.2508586 ], [ 55.2977321, 25.2509049 ], [ 55.2976822, 25.2510887 ], [ 55.297721692864172, 25.251104067809226 ], [ 55.2974011, 25.2512257 ], [ 55.2975077, 25.2514172 ], [ 55.297764916504079, 25.251390315352495 ], [ 55.298016316233408, 25.251275814898499 ], [ 55.297958096695723, 25.251171282438538 ], [ 55.298284915912468, 25.251138514411728 ], [ 55.29833481551708, 25.25095471430339 ], [ 55.298290915336764, 25.250867414370521 ], [ 55.298130115278816, 25.25083171464858 ] ] ], [ [ [ 55.298611470016027, 25.230928701480252 ], [ 55.298611469988536, 25.230883785714585 ], [ 55.298447344065288, 25.23089155353658 ], [ 55.298447344065288, 25.230936469300783 ], [ 55.298611470016027, 25.230928701480252 ] ] ], [ [ [ 55.29853912427069, 25.235602809191107 ], [ 55.298402428301081, 25.235607708778204 ], [ 55.298402428301081, 25.235697540306621 ], [ 55.298539124305385, 25.235692640721378 ], [ 55.29853912427069, 25.235602809191107 ] ] ], [ [ [ 55.297863439130609, 25.245264598082493 ], [ 55.297890603963452, 25.245264598088259 ], [ 55.2978645, 25.2452772 ], [ 55.297897087315569, 25.245332538565744 ], [ 55.2977659, 25.2453372 ], [ 55.2976443, 25.2454034 ], [ 55.2976672, 25.2454377 ], [ 55.297760280686568, 25.245427970296561 ], [ 55.297807879355595, 25.245494990839628 ], [ 55.2977278, 25.245536 ], [ 55.2977527, 25.2455759 ], [ 55.298018393852928, 25.245476715205541 ], [ 55.298099893840622, 25.24543741518589 ], [ 55.298082412785078, 25.245407717082546 ], [ 55.298367281394178, 25.245295445387882 ], [ 55.298348781370137, 25.245266145399533 ], [ 55.298213280507177, 25.245293762628528 ], [ 55.298143293775063, 25.245207815172279 ], [ 55.298060724521825, 25.245236329780717 ], [ 55.298108993776445, 25.245210915180348 ], [ 55.298086393766262, 25.245173715185071 ], [ 55.297902957123178, 25.24521555145429 ], [ 55.298243628076783, 25.245068953048843 ], [ 55.298214728032647, 25.245022853070054 ], [ 55.298089658274222, 25.245037981518902 ], [ 55.29810602795969, 25.244943453154846 ], [ 55.297840185172063, 25.244963421085064 ], [ 55.297816589980656, 25.244798255954422 ], [ 55.297876327796679, 25.244766753333526 ], [ 55.297835827693675, 25.244660553361062 ], [ 55.297593944545383, 25.244680693147814 ], [ 55.297369365724343, 25.244815440440433 ], [ 55.297336358491322, 25.244881454921764 ], [ 55.2971505, 25.2449641 ], [ 55.2971868, 25.2450214 ], [ 55.297277783931278, 25.24498839302905 ], [ 55.297426, 25.2452223 ], [ 55.297521374385319, 25.245187063651862 ], [ 55.2975026, 25.2452197 ], [ 55.2975797, 25.2452474 ], [ 55.297863439130708, 25.245232011125626 ], [ 55.297863439130609, 25.245264598082493 ] ], [ [ 55.2979766, 25.2452898 ], [ 55.297941901321416, 25.245264598085516 ], [ 55.298019362515312, 25.245257689377041 ], [ 55.297981, 25.2452775 ], [ 55.2979766, 25.2452898 ] ], [ [ 55.297554286613668, 25.245129850811889 ], [ 55.297526872570117, 25.245177505908927 ], [ 55.297508851711513, 25.245129850792686 ], [ 55.297554286613668, 25.245129850811889 ] ] ], [ [ [ 55.298177511945184, 25.235198806419135 ], [ 55.298043102187435, 25.235203466900359 ], [ 55.297998186423229, 25.235248382664562 ], [ 55.297908354894815, 25.235383129957182 ], [ 55.297908354894815, 25.235472961485591 ], [ 55.297994332777982, 25.235515950469946 ], [ 55.297863439130609, 25.235562793014005 ], [ 55.297863439130609, 25.235652624542421 ], [ 55.297989847806107, 25.235648800610864 ], [ 55.298034763556068, 25.235603884834735 ], [ 55.298034763536045, 25.235536165841957 ], [ 55.298088017951642, 25.235562793014005 ], [ 55.298491922404104, 25.235513216679184 ], [ 55.298402090794916, 25.235288637881052 ], [ 55.298177511945184, 25.235198806419135 ] ] ], [ [ [ 55.298396375504311, 25.234884993503165 ], [ 55.298486207002448, 25.234795161949418 ], [ 55.298486206973678, 25.23470533041947 ], [ 55.298357512536874, 25.2347093934941 ], [ 55.298222765244262, 25.234844140786713 ], [ 55.298222765244262, 25.234889056550912 ], [ 55.298396375504311, 25.234884993503165 ] ] ], [ [ [ 55.297797755316253, 25.242948594826149 ], [ 55.297880946399445, 25.242906898007853 ], [ 55.2980315, 25.2431571 ], [ 55.298151526177307, 25.243144553022589 ], [ 55.298364326062732, 25.243039852842884 ], [ 55.298211125818725, 25.242785252954832 ], [ 55.298083610257258, 25.242801485046396 ], [ 55.297968454943067, 25.242590794663002 ], [ 55.297845, 25.2426037 ], [ 55.2975504, 25.242747 ], [ 55.2976743, 25.2429615 ], [ 55.297797755316253, 25.242948594826149 ] ] ], [ [ [ 55.297728691837996, 25.230217817073491 ], [ 55.297728691837996, 25.230352564366115 ], [ 55.297773607602203, 25.230442395894521 ], [ 55.297962954621077, 25.230582953577215 ], [ 55.2979504, 25.2306289 ], [ 55.298000321858204, 25.230640097714698 ], [ 55.2979928, 25.2306673 ], [ 55.298177849480055, 25.230711890479757 ], [ 55.298321401498292, 25.230706273845168 ], [ 55.29836631724158, 25.23066135806344 ], [ 55.298411232945114, 25.230526610751198 ], [ 55.298456148569116, 25.230212200377867 ], [ 55.298317655987859, 25.230172631220078 ], [ 55.298404374882125, 25.230168001653166 ], [ 55.298539122120012, 25.230033254314716 ], [ 55.298539122102675, 25.229988338549589 ], [ 55.298357512536874, 25.229993238252465 ], [ 55.298267681008468, 25.230038154016672 ], [ 55.298311596019047, 25.230170899803532 ], [ 55.298141738187176, 25.230122368962469 ], [ 55.297905390167116, 25.23015891770233 ], [ 55.297905390138425, 25.230118903561198 ], [ 55.297809843698744, 25.230125488294043 ], [ 55.297805866680733, 25.230066631396458 ], [ 55.297867934248927, 25.230063122515148 ], [ 55.297867234228349, 25.230014522514299 ], [ 55.297782215390846, 25.230019328900376 ], [ 55.297764927841499, 25.229984753838831 ], [ 55.29754902878117, 25.229993238252462 ], [ 55.29754902878117, 25.230038154016668 ], [ 55.297683776073789, 25.230172901309292 ], [ 55.297886852673493, 25.230165096872181 ], [ 55.297728691837996, 25.230217817073491 ] ] ], [ [ [ 55.298312596772675, 25.232912762925849 ], [ 55.298312596772675, 25.232957678690056 ], [ 55.298441290649258, 25.232953615597374 ], [ 55.298441290634869, 25.232908699832404 ], [ 55.298312596772675, 25.232912762925849 ] ] ], [ [ [ 55.298222765244262, 25.237000097468595 ], [ 55.298222765244262, 25.237089928997008 ], [ 55.298327456412601, 25.237088375498921 ], [ 55.298372372171016, 25.237043459729865 ], [ 55.298372372165524, 25.236998543965374 ], [ 55.298222765244262, 25.237000097468595 ] ] ], [ [ [ 55.298396375389231, 25.23452566738337 ], [ 55.298267681008468, 25.234529730437266 ], [ 55.298267681008468, 25.234574646201473 ], [ 55.29839637540362, 25.234570583148354 ], [ 55.298396375389231, 25.23452566738337 ] ] ], [ [ [ 55.2980209, 25.2463794 ], [ 55.297677083455163, 25.246558408516773 ], [ 55.297617470761153, 25.246499271027041 ], [ 55.297713094132547, 25.246449715291632 ], [ 55.297604894085872, 25.246279015314361 ], [ 55.2974254, 25.246358 ], [ 55.297554345862125, 25.246526421040688 ], [ 55.2974819, 25.2465641 ], [ 55.2976362, 25.2467523 ], [ 55.297756229755358, 25.246739753536062 ], [ 55.29799818642325, 25.246613803528241 ], [ 55.297998186423229, 25.246656986772877 ], [ 55.298160035736515, 25.246649458681457 ], [ 55.298160035709842, 25.246604542915826 ], [ 55.29800184124435, 25.246611901014028 ], [ 55.298223429490584, 25.246496553140769 ], [ 55.298140929366475, 25.246366853201454 ], [ 55.2980209, 25.2463794 ] ] ], [ [ [ 55.298361747269695, 25.235557654481504 ], [ 55.298222765244262, 25.235562793014008 ], [ 55.298222765244262, 25.235652624542418 ], [ 55.298361747306082, 25.235647486011864 ], [ 55.298361747269695, 25.235557654481504 ] ] ], [ [ [ 55.298222765244262, 25.235023803843529 ], [ 55.298222765244262, 25.235113635371945 ], [ 55.298308830110486, 25.235109333350337 ], [ 55.298353745858662, 25.235064417572712 ], [ 55.298353745843436, 25.235019501807688 ], [ 55.298222765244262, 25.235023803843529 ] ] ], [ [ [ 55.298287917555299, 25.234298340073419 ], [ 55.298287917531184, 25.234253424307926 ], [ 55.297973507142302, 25.234163592916591 ], [ 55.297773607602203, 25.234170404323621 ], [ 55.297593944545383, 25.234215320087824 ], [ 55.297593944545383, 25.234260235852023 ], [ 55.297773607602714, 25.234388566785206 ], [ 55.297773607602203, 25.234439898908853 ], [ 55.297839781108813, 25.23443583352125 ], [ 55.297908354894815, 25.23448481467306 ], [ 55.298348030524352, 25.234436194369589 ], [ 55.298348030498119, 25.234346362839783 ], [ 55.298271152150427, 25.234348636419565 ], [ 55.298287917555299, 25.234298340073419 ] ] ], [ [ [ 55.295778491712234, 25.237787315613186 ], [ 55.295768972666146, 25.237711664423788 ], [ 55.295899382557828, 25.23771277567338 ], [ 55.29594429829978, 25.23766785989055 ], [ 55.295900926412784, 25.237492828999596 ], [ 55.297789273505195, 25.237173427267273 ], [ 55.298215570092161, 25.237041069768594 ], [ 55.298215570064237, 25.236951238238696 ], [ 55.298057022321387, 25.236792691015729 ], [ 55.29831283706897, 25.236739922510306 ], [ 55.29829173704676, 25.236686422516495 ], [ 55.297908403687437, 25.236644072359301 ], [ 55.297811328067269, 25.236546996458085 ], [ 55.297601771891891, 25.236416026539466 ], [ 55.29770663693742, 25.236413802627464 ], [ 55.29779646845649, 25.236368886848798 ], [ 55.297796468388796, 25.236009560731546 ], [ 55.297652576782383, 25.236010173002743 ], [ 55.297652576772258, 25.235920685185423 ], [ 55.297607661003241, 25.235875769425139 ], [ 55.2974643, 25.2359104 ], [ 55.2974615, 25.235937 ], [ 55.297504113017091, 25.235944117130909 ], [ 55.297547697310009, 25.236010619185556 ], [ 55.29723461843173, 25.236011950656067 ], [ 55.297189702667524, 25.236056866420263 ], [ 55.297213578268064, 25.236173409021287 ], [ 55.296303281885571, 25.235604474401011 ], [ 55.296426134676537, 25.235557079438589 ], [ 55.296426134676018, 25.235607708778208 ], [ 55.296505341524778, 25.235604124188487 ], [ 55.296505341510084, 25.235550362281977 ], [ 55.2965656, 25.2355685 ], [ 55.296654650529796, 25.235549662039357 ], [ 55.296663350499955, 25.23547646203486 ], [ 55.296624352797352, 25.235446958208673 ], [ 55.296749351855127, 25.235377514008789 ], [ 55.2967493517557, 25.235152935182448 ], [ 55.29671721844614, 25.235112768651145 ], [ 55.296841469324725, 25.235107780405642 ], [ 55.296841469283265, 25.235017948875011 ], [ 55.296695629261258, 25.235023803843532 ], [ 55.296695629261706, 25.235085782223592 ], [ 55.296569688603583, 25.234928356421904 ], [ 55.296393454658038, 25.234965010766643 ], [ 55.296393454598039, 25.234838166499301 ], [ 55.296356537377036, 25.234839667054853 ], [ 55.296464056895481, 25.234792231499735 ], [ 55.296515966204439, 25.234844140786709 ], [ 55.296707864939776, 25.23483816637679 ], [ 55.296707864876311, 25.234703419080784 ], [ 55.296665362219059, 25.234703419123548 ], [ 55.297521258355104, 25.2342135276627 ], [ 55.297611089863821, 25.234078780358562 ], [ 55.297611089857469, 25.234033864594025 ], [ 55.296788643288409, 25.233855902062928 ], [ 55.296819751323838, 25.233672746224958 ], [ 55.296695629261258, 25.233676330917351 ], [ 55.296614262120507, 25.233730575709448 ], [ 55.29656111685631, 25.233639153821741 ], [ 55.2964411, 25.2336517 ], [ 55.296223176280535, 25.233755282414911 ], [ 55.2961063, 25.2337675 ], [ 55.2954629, 25.2340881 ], [ 55.295536146816893, 25.234208367160793 ], [ 55.295341471788909, 25.234263274748859 ], [ 55.295369917472307, 25.234200054826047 ], [ 55.2951992, 25.2341939 ], [ 55.2951547, 25.2342928 ], [ 55.295190271687169, 25.234305920131565 ], [ 55.295033745985634, 25.234350067380436 ], [ 55.294970386194663, 25.234730226725876 ], [ 55.2949136, 25.2347484 ], [ 55.2948822, 25.2348121 ], [ 55.294955413966768, 25.234820059815664 ], [ 55.294943914457221, 25.234978888079329 ], [ 55.29501063814309, 25.235112335706511 ], [ 55.294943914457221, 25.235113635371945 ], [ 55.294943914457221, 25.235203466900359 ], [ 55.295055120675613, 25.235201300774161 ], [ 55.295123577514047, 25.235338214192968 ], [ 55.295230554556092, 25.235336422044096 ], [ 55.295519789460613, 25.235208820195282 ], [ 55.29539307209928, 25.235293298428768 ], [ 55.295123577514047, 25.235652624542418 ], [ 55.295144466864457, 25.235972239254416 ], [ 55.294988830221428, 25.235967034891861 ], [ 55.294988830221428, 25.236056866420267 ], [ 55.295151712395949, 25.236051940081371 ], [ 55.295168493278254, 25.236236529477093 ], [ 55.295670683612926, 25.237173954025021 ], [ 55.295303240570874, 25.237224676289628 ], [ 55.295140386600849, 25.237297698767538 ], [ 55.295095470705903, 25.237038561609424 ], [ 55.294915807379645, 25.236499572499902 ], [ 55.294404925286749, 25.23655093982654 ], [ 55.294404925286749, 25.236685687119152 ], [ 55.294449841050955, 25.236775518647562 ], [ 55.294809167164608, 25.237314507818034 ], [ 55.294898998693021, 25.237404339346451 ], [ 55.295038988636932, 25.237399096703374 ], [ 55.295033745985634, 25.237494170874857 ], [ 55.2953976, 25.2376415 ], [ 55.295626715864245, 25.237676100409313 ], [ 55.295653881107206, 25.237759045863761 ], [ 55.295572735156107, 25.237763665460097 ], [ 55.295572735156107, 25.237808581224307 ], [ 55.295671374611828, 25.237800521577466 ], [ 55.2957357, 25.237829 ], [ 55.295769991723134, 25.237825415615752 ], [ 55.295778491712234, 25.237787315613186 ] ], [ [ 55.296299340918225, 25.233874761672844 ], [ 55.296560881968766, 25.233792288433001 ], [ 55.296593867348783, 25.23391003437796 ], [ 55.296261330894865, 25.234003828126625 ], [ 55.296156640090786, 25.233990741266798 ], [ 55.296156640091311, 25.234033356559539 ], [ 55.295803546144995, 25.234132947364316 ], [ 55.296299340918225, 25.233874761672844 ] ], [ [ 55.296035271608645, 25.235017710217559 ], [ 55.295946632259621, 25.235020508269212 ], [ 55.296087206463739, 25.234958490184017 ], [ 55.296066808562372, 25.235023803843529 ], [ 55.296246472157208, 25.235023803870856 ], [ 55.296021892798166, 25.235113635371953 ], [ 55.295887145505546, 25.235203466900359 ], [ 55.295951369915436, 25.235360775581306 ], [ 55.2958799498467, 25.235289355536111 ], [ 55.295804832977225, 25.235292939668696 ], [ 55.295742508051966, 25.235253985845521 ], [ 55.295841518479712, 25.235243154495347 ], [ 55.295833118434352, 25.235196854499769 ], [ 55.295687736825634, 25.235219753133332 ], [ 55.295532232965954, 25.235203330471158 ], [ 55.295842229741368, 25.235066568113151 ], [ 55.295887145505546, 25.235113635371945 ], [ 55.296035271651796, 25.235107541748281 ], [ 55.296035271608645, 25.235017710217559 ] ], [ [ 55.295969781407337, 25.235396034168474 ], [ 55.295969781406306, 25.235392995706572 ], [ 55.295972482282615, 25.235397722240965 ], [ 55.295969781407337, 25.235396034168474 ] ] ], [ [ [ 55.298265056673287, 25.233088004435622 ], [ 55.298309972421023, 25.233043088657634 ], [ 55.298309972389717, 25.232953257127555 ], [ 55.298222765244262, 25.232957678690056 ], [ 55.298132933715856, 25.233002594454266 ], [ 55.298132933715856, 25.233092425982669 ], [ 55.298265056673287, 25.233088004435622 ] ] ], [ [ [ 55.297762129192151, 25.246170953501188 ], [ 55.29771200515011, 25.246160791178525 ], [ 55.29787222910997, 25.24609365340698 ], [ 55.297917929033588, 25.246018853365623 ], [ 55.297858828948357, 25.245929653409281 ], [ 55.297760228932461, 25.245908453488873 ], [ 55.2976402, 25.245921 ], [ 55.2975173, 25.2459876 ], [ 55.297633579295251, 25.246162987946075 ], [ 55.297560052001479, 25.246181968311362 ], [ 55.297463494016675, 25.246026915343627 ], [ 55.2972952, 25.2460988 ], [ 55.2972774, 25.2461834 ], [ 55.297329, 25.2462662 ], [ 55.2974101, 25.2462882 ], [ 55.297578359742175, 25.246216305605195 ], [ 55.2976186, 25.246261 ], [ 55.297719903991265, 25.246250410855815 ], [ 55.2978069, 25.2463874 ], [ 55.297926929385433, 25.246374853377056 ], [ 55.298080129298761, 25.246295253247457 ], [ 55.297969629132261, 25.246121253328702 ], [ 55.297762129192151, 25.246170953501188 ] ] ], [ [ [ 55.298216712220331, 25.234166341311184 ], [ 55.298216712205949, 25.234121425546203 ], [ 55.298171796428115, 25.234076509793134 ], [ 55.297998186423229, 25.234080572795207 ], [ 55.297998186423229, 25.234125488559414 ], [ 55.298043102187435, 25.234170404323624 ], [ 55.298216712220331, 25.234166341311184 ] ] ], [ [ [ 55.298040478592029, 25.235199045457357 ], [ 55.298175225866551, 25.235154129653452 ], [ 55.298175225819591, 25.235019382358328 ], [ 55.297998186423229, 25.235023803843532 ], [ 55.297953270659029, 25.235113635371949 ], [ 55.297953270659029, 25.235203466900359 ], [ 55.298040478592029, 25.235199045457357 ] ] ], [ [ [ 55.298088017951642, 25.23093646930079 ], [ 55.298182082343025, 25.230931330728414 ], [ 55.29822699808809, 25.230886414948188 ], [ 55.298226998069907, 25.230841499183015 ], [ 55.298132933715856, 25.23084663777237 ], [ 55.298088017951642, 25.23089155353658 ], [ 55.298088017951642, 25.23093646930079 ] ] ], [ [ [ 55.298131453359325, 25.235782830877959 ], [ 55.298131453327173, 25.23569299934783 ], [ 55.297953270659029, 25.235697540306617 ], [ 55.297683776073789, 25.235787371835034 ], [ 55.297683776073789, 25.235832287599244 ], [ 55.297818523366402, 25.23592211912765 ], [ 55.297996706117459, 25.235917578213058 ], [ 55.298086537628116, 25.235872662421393 ], [ 55.298131453359325, 25.235782830877959 ] ] ], [ [ [ 55.29785150460004, 25.247413189880845 ], [ 55.297807030352082, 25.247345353526466 ], [ 55.297687, 25.2473579 ], [ 55.297308, 25.2475613 ], [ 55.2973752, 25.2476638 ], [ 55.297495230670904, 25.247651253797869 ], [ 55.297784404405341, 25.247496061168849 ], [ 55.297960959894532, 25.24745509493361 ], [ 55.29785150460004, 25.247413189880845 ] ] ], [ [ [ 55.296733249797654, 25.254246496248612 ], [ 55.2965983, 25.2542606 ], [ 55.2960474, 25.2545394 ], [ 55.2963507, 25.2550403 ], [ 55.296625072602922, 25.255011625629454 ], [ 55.297178771916897, 25.254737324560008 ], [ 55.297156417135533, 25.254700415031007 ], [ 55.297257823559711, 25.254689816615773 ], [ 55.297378323411465, 25.254626216397149 ], [ 55.297357716203507, 25.254594284960056 ], [ 55.297456923313028, 25.254583916254447 ], [ 55.297585323163055, 25.254519916021909 ], [ 55.297565109138468, 25.254486813966427 ], [ 55.297668423060735, 25.254476015871131 ], [ 55.297860022835025, 25.254379615524041 ], [ 55.297728122394972, 25.254165315731207 ], [ 55.2974709, 25.2541922 ], [ 55.2972793, 25.2542887 ], [ 55.297289461395088, 25.254305201703538 ], [ 55.2971871, 25.2543159 ], [ 55.2970588, 25.25438 ], [ 55.297086086308333, 25.254424696170855 ], [ 55.296995178962156, 25.254434197210475 ], [ 55.296958290107376, 25.25437329042235 ], [ 55.297082422880038, 25.254360316886213 ], [ 55.297669922148728, 25.254046215819841 ], [ 55.297591721903629, 25.253926615943506 ], [ 55.297503921818297, 25.253881816092488 ], [ 55.2972467, 25.2539087 ], [ 55.2967011, 25.2541973 ], [ 55.296733249797654, 25.254246496248612 ] ] ], [ [ [ 55.297537, 25.2495046 ], [ 55.2971473, 25.249662 ], [ 55.297177548267896, 25.249710806779031 ], [ 55.2970695, 25.2497221 ], [ 55.2968912, 25.2498065 ], [ 55.2970089, 25.25001 ], [ 55.297266113574338, 25.249983116068247 ], [ 55.297444413375622, 25.2498987157459 ], [ 55.29742711884348, 25.249868814163811 ], [ 55.297541913275971, 25.249856815570112 ], [ 55.297674513118565, 25.249789515329873 ], [ 55.297653000061885, 25.249754803421649 ], [ 55.297756213013038, 25.249744015181395 ], [ 55.297911112828139, 25.249664914900698 ], [ 55.297794212444003, 25.249477715084591 ], [ 55.297537, 25.2495046 ] ] ], [ [ [ 55.2973233, 25.2423437 ], [ 55.297457026909143, 25.242329721313926 ], [ 55.297347, 25.2423827 ], [ 55.2975221, 25.2426803 ], [ 55.297642125731798, 25.24266775341432 ], [ 55.297926025581909, 25.242531053174741 ], [ 55.297750925296477, 25.242233453302322 ], [ 55.297632269057999, 25.242245856887759 ], [ 55.297730057925563, 25.242197821959188 ], [ 55.297441557390464, 25.241717322204039 ], [ 55.2973021, 25.2417319 ], [ 55.2970348, 25.2418632 ], [ 55.2973233, 25.2423437 ] ] ], [ [ [ 55.298089964764451, 25.230751906700313 ], [ 55.298089964747113, 25.23070699093519 ], [ 55.297998186423229, 25.23071189047976 ], [ 55.297998186423229, 25.230756806243964 ], [ 55.298089964764451, 25.230751906700313 ] ] ], [ [ [ 55.297803824336825, 25.243341320299791 ], [ 55.297836824330936, 25.243327420289219 ], [ 55.297801124307064, 25.243262220299041 ], [ 55.2977234, 25.2432825 ], [ 55.2977581, 25.2433461 ], [ 55.297803824336825, 25.243341320299791 ] ] ], [ [ [ 55.293556002224143, 25.244438221947696 ], [ 55.293186802974837, 25.244500093564795 ], [ 55.293154693633674, 25.244448216327452 ], [ 55.2930293, 25.2444631 ], [ 55.2929722, 25.2447235 ], [ 55.293327293723735, 25.244775716292043 ], [ 55.293301297409023, 25.244685075319534 ], [ 55.293348312319083, 25.244681467885435 ], [ 55.2933352, 25.2447355 ], [ 55.2935841, 25.2447849 ], [ 55.293675854761013, 25.244775311389358 ], [ 55.2937153, 25.2448131 ], [ 55.2937966, 25.2448272 ], [ 55.293909902802454, 25.244815359395531 ], [ 55.293891623267768, 25.244879337751836 ], [ 55.293734836630328, 25.2448535342307 ], [ 55.293741493731197, 25.244823616195898 ], [ 55.293674793729345, 25.244813616211349 ], [ 55.29358911082236, 25.244867686916663 ], [ 55.293598993733092, 25.244822916229218 ], [ 55.2933157, 25.2447815 ], [ 55.293275861425101, 25.244961972704022 ], [ 55.293172, 25.2449578 ], [ 55.2931655, 25.2450054 ], [ 55.2935132, 25.2450598 ], [ 55.293547493799814, 25.245056216244794 ], [ 55.293561044856226, 25.244994828661685 ], [ 55.293602851090633, 25.244993621622925 ], [ 55.2935835, 25.2450843 ], [ 55.293681793807927, 25.245091916213926 ], [ 55.293699506912624, 25.2450123111255 ], [ 55.293889393788987, 25.245035716164519 ], [ 55.29391941504899, 25.244894307426559 ], [ 55.2941427, 25.2449805 ], [ 55.294240104560274, 25.244983350428509 ], [ 55.294227082011552, 25.245128567706626 ], [ 55.294180346465723, 25.245129850789876 ], [ 55.294180346465723, 25.245174766554079 ], [ 55.294228129643507, 25.245173454709221 ], [ 55.2942293, 25.2452236 ], [ 55.294315093758435, 25.245230846184089 ], [ 55.294315093758343, 25.245264598082493 ], [ 55.294449841050955, 25.245354429610909 ], [ 55.294598305890709, 25.245352996011345 ], [ 55.294598305885629, 25.245308080246875 ], [ 55.29450847434758, 25.245218248726314 ], [ 55.294430073663342, 25.245218829966145 ], [ 55.29455284057854, 25.245203617450137 ], [ 55.294749, 25.2453213 ], [ 55.295104603848927, 25.24528491932751 ], [ 55.2951236751653, 25.245253213156658 ], [ 55.2951127, 25.245306 ], [ 55.295231079421029, 25.245326108296943 ], [ 55.2952885, 25.2454357 ], [ 55.2953474, 25.2454458 ], [ 55.29560460407793, 25.245418918465685 ], [ 55.295615572894185, 25.245366570490155 ], [ 55.295744919099512, 25.245350057555466 ], [ 55.2957655, 25.2453824 ], [ 55.296022703897364, 25.245355517725148 ], [ 55.296449254846102, 25.245129850805256 ], [ 55.296590269382691, 25.245122084457481 ], [ 55.296590269272635, 25.244942421394779 ], [ 55.296542906225405, 25.244945506803631 ], [ 55.296514000461507, 25.244900111827572 ], [ 55.296713693696091, 25.244854015501272 ], [ 55.296754993678235, 25.244793015490693 ], [ 55.296703568671788, 25.244702862317094 ], [ 55.296751142916769, 25.244685928554798 ], [ 55.2968353, 25.2448177 ], [ 55.297092502581819, 25.244790815784764 ], [ 55.297284894161656, 25.244635777423703 ], [ 55.297330462370148, 25.244635777408085 ], [ 55.2972904, 25.2446821 ], [ 55.2973161, 25.2447159 ], [ 55.297414593647801, 25.244719715335329 ], [ 55.297819693589268, 25.244533815237777 ], [ 55.297783876839105, 25.2444512109142 ], [ 55.297790086010885, 25.244310254308591 ], [ 55.297660125249642, 25.244319804402952 ], [ 55.297766127312343, 25.24427155339756 ], [ 55.297741827274905, 25.244232453415378 ], [ 55.297712703901411, 25.244235497723288 ], [ 55.297585927083347, 25.244030753532336 ], [ 55.297524963325344, 25.244010185330087 ], [ 55.297626760582638, 25.243998831319264 ], [ 55.297626760553854, 25.243953915553519 ], [ 55.297562460816565, 25.243958175407069 ], [ 55.29755312696917, 25.243913653552994 ], [ 55.297299, 25.2439263 ], [ 55.2971874, 25.2439819 ], [ 55.297249, 25.2440829 ], [ 55.297319147659984, 25.244075567563989 ], [ 55.2971119, 25.2441806 ], [ 55.29707284674366, 25.244227132859091 ], [ 55.2967411, 25.244263299999989 ], [ 55.29658445528667, 25.244332147235692 ], [ 55.2964701, 25.2443441 ], [ 55.2959891, 25.2446072 ], [ 55.296008310455221, 25.244637099246859 ], [ 55.295876523402811, 25.244687255388136 ], [ 55.29566256668452, 25.244680693147814 ], [ 55.295662566685031, 25.244798678602155 ], [ 55.295607, 25.244829 ], [ 55.295627867384155, 25.244860337182452 ], [ 55.29553111939299, 25.244869935195148 ], [ 55.295535202873708, 25.244847418522632 ], [ 55.295460602858391, 25.244836318652226 ], [ 55.295238421912046, 25.244859539740553 ], [ 55.295245902762261, 25.244779819022401 ], [ 55.295169702743735, 25.244767119154609 ], [ 55.2949125, 25.244794 ], [ 55.294905052803088, 25.244830690886889 ], [ 55.2945843, 25.2448493 ], [ 55.294569475640202, 25.244942643851495 ], [ 55.294455471574473, 25.244936514630243 ], [ 55.294494402729114, 25.244725120334319 ], [ 55.294465402597879, 25.244661720377994 ], [ 55.294209716008332, 25.244674404159589 ], [ 55.294228602433549, 25.244571920783148 ], [ 55.294099602406625, 25.244552521007204 ], [ 55.293885748980799, 25.244574869837887 ], [ 55.293896802379777, 25.244529321360286 ], [ 55.293625570612114, 25.244482255520563 ], [ 55.293632502247092, 25.244453021815211 ], [ 55.293556002224143, 25.244438221947696 ] ] ], [ [ [ 55.29751782850083, 25.245459653663577 ], [ 55.29780842832583, 25.245297953417158 ], [ 55.297780028281878, 25.245252053437984 ], [ 55.297604014481387, 25.245292966021083 ], [ 55.297534528285823, 25.245243253638471 ], [ 55.29743130746823, 25.245254043148748 ], [ 55.297343828200844, 25.2451474537895 ], [ 55.2971727, 25.2451874 ], [ 55.2971313, 25.2453172 ], [ 55.2972465, 25.2454927 ], [ 55.29751782850083, 25.245459653663577 ] ] ], [ [ [ 55.297390514452928, 25.250403815897645 ], [ 55.297713814065737, 25.250238115311717 ], [ 55.297557213552984, 25.249988215558147 ], [ 55.2973, 25.2500151 ], [ 55.2969767, 25.2501808 ], [ 55.297010157315306, 25.25023419079151 ], [ 55.2968943, 25.2502463 ], [ 55.2966987, 25.2503437 ], [ 55.296718151822837, 25.250375678327291 ], [ 55.296606, 25.2503874 ], [ 55.2963253, 25.2505299 ], [ 55.296375212684254, 25.250610317177959 ], [ 55.2961385, 25.2506287 ], [ 55.2957834, 25.2508046 ], [ 55.2957641, 25.2508969 ], [ 55.2960017, 25.2512647 ], [ 55.2961075, 25.2513011 ], [ 55.296313273136832, 25.251279594273022 ], [ 55.296670372788974, 25.251093193754929 ], [ 55.29668874950309, 25.251033772659561 ], [ 55.29691221579246, 25.251010416805439 ], [ 55.297175815465309, 25.250869916327083 ], [ 55.29715333390439, 25.250835415868661 ], [ 55.297264315357758, 25.250823816166605 ], [ 55.297460015129523, 25.250726415812242 ], [ 55.297417089555452, 25.250655870960575 ], [ 55.297658895287753, 25.250532015365927 ], [ 55.29755039524035, 25.250358715388696 ], [ 55.297304459073146, 25.250470771074678 ], [ 55.297271299887846, 25.250416276283712 ], [ 55.297390514452928, 25.250403815897645 ] ], [ [ 55.296868917696926, 25.250623533164511 ], [ 55.296887368554074, 25.250653865776762 ], [ 55.296788894213279, 25.250664158015635 ], [ 55.296868917696926, 25.250623533164511 ] ], [ [ 55.296545781518397, 25.250784956717837 ], [ 55.296508825858801, 25.250726035461593 ], [ 55.296692304937331, 25.250706859098806 ], [ 55.296545781518397, 25.250784956717837 ] ] ], [ [ [ 55.2975075, 25.2456671 ], [ 55.2973633, 25.2457472 ], [ 55.2974892, 25.2459326 ], [ 55.297609228951742, 25.245920053613084 ], [ 55.297755628863726, 25.245838753488954 ], [ 55.297761128782994, 25.245757453480156 ], [ 55.297710228711303, 25.245682353517847 ], [ 55.297627528688054, 25.245654553584075 ], [ 55.2975075, 25.2456671 ] ] ], [ [ [ 55.2966987, 25.2476439 ], [ 55.296629894461091, 25.247555215561661 ], [ 55.2965616, 25.2475747 ], [ 55.2966108, 25.2477116 ], [ 55.296691366217509, 25.247686340904011 ], [ 55.296740694502802, 25.247708515538065 ], [ 55.296796194494497, 25.247682015524681 ], [ 55.296776271305966, 25.247647878868733 ], [ 55.296868359563192, 25.247603932842367 ], [ 55.2968824, 25.2476281 ], [ 55.297227408458475, 25.247569015862762 ], [ 55.297265308416328, 25.247551115794256 ], [ 55.297252769269036, 25.24752933737857 ], [ 55.29771539437322, 25.24730101530394 ], [ 55.297604494325654, 25.247127015327258 ], [ 55.2975702, 25.2471306 ], [ 55.297148234512079, 25.247371130185467 ], [ 55.2969036, 25.2473967 ], [ 55.2968657, 25.2474146 ], [ 55.296877995650547, 25.247435951251159 ], [ 55.2966372, 25.2475386 ], [ 55.2966987, 25.2476439 ] ], [ [ 55.296915574193882, 25.247501205895659 ], [ 55.29693700861894, 25.247538426458259 ], [ 55.29691391702891, 25.247541039515077 ], [ 55.296915574193882, 25.247501205895659 ] ] ], [ [ [ 55.297778986108462, 25.237309250023568 ], [ 55.297683776073789, 25.237314507818038 ], [ 55.297683776073789, 25.237404339346448 ], [ 55.297778986145701, 25.237399081553978 ], [ 55.297778986108462, 25.237309250023568 ] ] ], [ [ [ 55.297803326514632, 25.235559686105546 ], [ 55.297683776073789, 25.235562793014005 ], [ 55.297683776073789, 25.235652624542421 ], [ 55.297803326536631, 25.235649517635128 ], [ 55.297803326514632, 25.235559686105546 ] ] ], [ [ [ 55.293116536772658, 25.251439309525622 ], [ 55.2929903, 25.2514525 ], [ 55.2928604, 25.251516 ], [ 55.292892176941379, 25.251569154705599 ], [ 55.2927568, 25.2515833 ], [ 55.292422, 25.2517596 ], [ 55.29250924358891, 25.251895105807712 ], [ 55.2920231, 25.2519459 ], [ 55.2916193, 25.2521618 ], [ 55.2917607, 25.252378 ], [ 55.292231547352301, 25.25232880515723 ], [ 55.2920346, 25.252433 ], [ 55.2921546, 25.2526184 ], [ 55.292349583468088, 25.252598027554736 ], [ 55.2922232, 25.2526628 ], [ 55.29243850000001, 25.2530063 ], [ 55.293261605089825, 25.252920296564998 ], [ 55.293681303481598, 25.252705194130499 ], [ 55.293466001225681, 25.252361695214532 ], [ 55.293225294167463, 25.252386846875378 ], [ 55.293366805033912, 25.252311979170781 ], [ 55.293270615307726, 25.252163368003078 ], [ 55.293570436629153, 25.252005446016554 ], [ 55.293543857757619, 25.251963170857078 ], [ 55.293611082342537, 25.251956146366528 ], [ 55.2937218, 25.2521219 ], [ 55.294089977544772, 25.252083427306051 ], [ 55.2942149, 25.2522813 ], [ 55.294619221391962, 25.252239049120536 ], [ 55.2946024, 25.2522948 ], [ 55.2947817, 25.2525874 ], [ 55.295038919287471, 25.252560520267661 ], [ 55.295195010432295, 25.252482240222015 ], [ 55.29523847384467, 25.252556532961691 ], [ 55.2951364, 25.2525672 ], [ 55.2948668, 25.2527067 ], [ 55.29495450000001, 25.2528454 ], [ 55.29506027888327, 25.252834345942553 ], [ 55.2949721, 25.2528805 ], [ 55.2950902, 25.2530651 ], [ 55.295337986951282, 25.253039205595943 ], [ 55.2951323, 25.2531454 ], [ 55.2952877, 25.2533916 ], [ 55.295544920937679, 25.253364719471051 ], [ 55.295802620626866, 25.253231619003824 ], [ 55.295773412069217, 25.253185314410565 ], [ 55.295898720490243, 25.253172218828485 ], [ 55.296069419312879, 25.253086769654526 ], [ 55.296114176425824, 25.25315954222388 ], [ 55.29595, 25.2531767 ], [ 55.2956943, 25.2533 ], [ 55.295714393518914, 25.253334082744313 ], [ 55.2956061, 25.2533454 ], [ 55.2953504, 25.2534687 ], [ 55.2955005, 25.2537233 ], [ 55.295757721617882, 25.253696419135277 ], [ 55.295901662064757, 25.253627037112516 ], [ 55.295926159767482, 25.253667872263328 ], [ 55.2958015, 25.2536809 ], [ 55.295554, 25.253809 ], [ 55.2957107, 25.2540566 ], [ 55.29596792230177, 25.254029718804237 ], [ 55.296215322002688, 25.253901618355641 ], [ 55.296185397478723, 25.253854305027058 ], [ 55.296303921866247, 25.25384191819343 ], [ 55.296555821576206, 25.253718317737459 ], [ 55.296409221074335, 25.253474117967002 ], [ 55.296158450191292, 25.253500325899711 ], [ 55.296357420932182, 25.253404418049989 ], [ 55.296239840883224, 25.253205112232152 ], [ 55.296388172438895, 25.253189610092786 ], [ 55.296618172186086, 25.253073909703925 ], [ 55.296600717969881, 25.253045520840743 ], [ 55.296736620098791, 25.253031317342419 ], [ 55.296955919846518, 25.252923816945483 ], [ 55.296782319250703, 25.252633917217231 ], [ 55.2965251, 25.2526608 ], [ 55.2963057, 25.2527683 ], [ 55.296315867645653, 25.252785269531643 ], [ 55.2961931, 25.2527981 ], [ 55.29605027980201, 25.252870006934906 ], [ 55.295994798614785, 25.252797728589666 ], [ 55.29615829592678, 25.252713215749885 ], [ 55.295937295831095, 25.252363415796292 ], [ 55.2956871, 25.2524786 ], [ 55.2957315428689, 25.252548944592448 ], [ 55.2955693, 25.2525659 ], [ 55.295449561929949, 25.252628794289748 ], [ 55.295381246258266, 25.252541612672342 ], [ 55.295553595863844, 25.252459215887509 ], [ 55.295473095826068, 25.252321515904253 ], [ 55.295287529324249, 25.252397477024914 ], [ 55.295262050052912, 25.252355917983532 ], [ 55.295377818790371, 25.252343819648505 ], [ 55.295559452067458, 25.252252968297363 ], [ 55.2956148, 25.252342 ], [ 55.296014834991766, 25.252300193234642 ], [ 55.296219, 25.2526405 ], [ 55.296476219241455, 25.252613617751969 ], [ 55.29668861899674, 25.252509317367512 ], [ 55.296505118368295, 25.252203517654809 ], [ 55.296301837155276, 25.252200438539806 ], [ 55.296488643612221, 25.252105412963946 ], [ 55.2967265, 25.2524845 ], [ 55.2967851, 25.2525368 ], [ 55.2969003, 25.2525558 ], [ 55.297157518986502, 25.25252891654706 ], [ 55.297526618543721, 25.25233941587803 ], [ 55.297563318349596, 25.252249815803498 ], [ 55.297180939007269, 25.251604171366111 ], [ 55.297461195554398, 25.251464515426253 ], [ 55.297149995414543, 25.250953815491339 ], [ 55.2968192, 25.2511052 ], [ 55.296852433596463, 25.251159756306937 ], [ 55.2966597, 25.2511799 ], [ 55.2961235, 25.2514536 ], [ 55.296175072576496, 25.25153624343703 ], [ 55.2958626, 25.2515689 ], [ 55.295577814645362, 25.251713828980321 ], [ 55.295567211109514, 25.251674829260459 ], [ 55.296036268990107, 25.251429410482881 ], [ 55.295911068615766, 25.251233810667205 ], [ 55.295671, 25.2512589 ], [ 55.295392842629603, 25.251404462568875 ], [ 55.295341233349426, 25.251324439648581 ], [ 55.295245833341198, 25.251317539981759 ], [ 55.294752198541453, 25.251369126518249 ], [ 55.294864433557294, 25.251348641327063 ], [ 55.295181832818649, 25.251191040177634 ], [ 55.295209832446346, 25.251104740059812 ], [ 55.295122631822018, 25.250953040331378 ], [ 55.294756703425698, 25.250991281136759 ], [ 55.295068631321449, 25.250832240493466 ], [ 55.294968230715298, 25.250684140812155 ], [ 55.294880230623143, 25.250657841114958 ], [ 55.2943658, 25.2507116 ], [ 55.2939118, 25.2509434 ], [ 55.293927118089172, 25.250967395631662 ], [ 55.2937931, 25.2509814 ], [ 55.293596, 25.2510829 ], [ 55.293652690933364, 25.25117302728771 ], [ 55.2935295, 25.2511859 ], [ 55.293348003884056, 25.251286802471391 ], [ 55.2932351, 25.2512986 ], [ 55.2930784, 25.2513766 ], [ 55.293116536772658, 25.251439309525622 ] ], [ [ 55.296217245825716, 25.251855946458004 ], [ 55.296414565020044, 25.251755528671261 ], [ 55.296575417374555, 25.251738717478815 ], [ 55.297060754596316, 25.251501735064437 ], [ 55.297121149055812, 25.251600877928517 ], [ 55.2969181, 25.2516221 ], [ 55.29652528586869, 25.251823752509786 ], [ 55.296217245825716, 25.251855946458004 ] ], [ [ 55.29601162549833, 25.253569905123587 ], [ 55.295993409284776, 25.253539027503166 ], [ 55.296096472532987, 25.253528256592741 ], [ 55.29601162549833, 25.253569905123587 ] ], [ [ 55.295895292202744, 25.252808127809523 ], [ 55.295759915841863, 25.252822275616023 ], [ 55.295868282755769, 25.2527653772135 ], [ 55.295895292202744, 25.252808127809523 ] ], [ [ 55.295536694097535, 25.252037676688037 ], [ 55.295777600287224, 25.252012500287009 ], [ 55.295581809074328, 25.252112113149277 ], [ 55.295536694097535, 25.252037676688037 ] ], [ [ 55.295684785023312, 25.252855232174856 ], [ 55.295584543817654, 25.252905391708321 ], [ 55.295560746598959, 25.252868194903218 ], [ 55.295684785023312, 25.252855232174856 ] ], [ [ 55.295495639717409, 25.252960639237543 ], [ 55.295518999623432, 25.252998829421415 ], [ 55.295398647178487, 25.253011406785792 ], [ 55.295495639717409, 25.252960639237543 ] ], [ [ 55.295249595391084, 25.251950282525002 ], [ 55.295338447410259, 25.251902839337735 ], [ 55.29536073355299, 25.251938668057782 ], [ 55.295305846609565, 25.251944404015578 ], [ 55.295249595391084, 25.251950282525002 ] ], [ [ 55.294261413185502, 25.251248445359202 ], [ 55.294251503338351, 25.251249480923057 ], [ 55.29425960855243, 25.251245309090873 ], [ 55.294261413185502, 25.251248445359202 ] ], [ [ 55.294218302480289, 25.251672960980194 ], [ 55.294223806394093, 25.251682494438953 ], [ 55.294193571517788, 25.251685653910176 ], [ 55.294218302480289, 25.251672960980194 ] ], [ [ 55.294136474252625, 25.251262268356339 ], [ 55.294128178052354, 25.251266440075504 ], [ 55.294126232461345, 25.251263338598864 ], [ 55.294136474252625, 25.251262268356339 ] ], [ [ 55.294091712643521, 25.251710863945135 ], [ 55.294032656571986, 25.251741343636933 ], [ 55.294018635551716, 25.251718500243992 ], [ 55.294091712643521, 25.251710863945135 ] ] ], [ [ [ 55.297857045733267, 25.230568419745637 ], [ 55.297857045702386, 25.230523503979782 ], [ 55.297728691837996, 25.23053222742293 ], [ 55.297728691837996, 25.230577143187137 ], [ 55.297857045733267, 25.230568419745637 ] ] ], [ [ [ 55.2971001, 25.2493133 ], [ 55.2969771, 25.249378 ], [ 55.2971166, 25.249595 ], [ 55.297373812682203, 25.249568115832311 ], [ 55.297496812531378, 25.249503415609212 ], [ 55.297455987054569, 25.249439909667771 ], [ 55.297524994971198, 25.249405715380252 ], [ 55.297406294917558, 25.249209815405049 ], [ 55.297208346979815, 25.249301985929193 ], [ 55.2971001, 25.2493133 ] ] ], [ [ [ 55.29745012994988, 25.246920353796163 ], [ 55.297549729859931, 25.24683465371011 ], [ 55.297426529680713, 25.246647153801053 ], [ 55.2973065, 25.2466597 ], [ 55.29707590000001, 25.2467937 ], [ 55.2972271, 25.247036 ], [ 55.297392230032138, 25.247000453847797 ], [ 55.297348772034169, 25.246930843598776 ], [ 55.29745012994988, 25.246920353796163 ] ] ], [ [ [ 55.297459197252756, 25.237359423582248 ], [ 55.297459197252756, 25.237404339346451 ], [ 55.29751206976804, 25.237401140124387 ], [ 55.2975295, 25.2374491 ], [ 55.297679876309338, 25.237387712634952 ], [ 55.297652876299473, 25.237344412639665 ], [ 55.297565837843329, 25.237375393931988 ], [ 55.297565837831797, 25.237352970927809 ], [ 55.297459197252756, 25.237359423582248 ] ] ], [ [ [ 55.297655669289284, 25.237218223593718 ], [ 55.29754902878117, 25.237224676289628 ], [ 55.29754902878117, 25.237269592053835 ], [ 55.297655669312135, 25.237263139359147 ], [ 55.297655669289284, 25.237218223593718 ] ] ], [ [ [ 55.297479326814646, 25.243753653604937 ], [ 55.297427726742804, 25.243678353643201 ], [ 55.2973077, 25.2436909 ], [ 55.297134, 25.2437897 ], [ 55.2971647, 25.2438395 ], [ 55.297401326861916, 25.243797353671095 ], [ 55.297479326814646, 25.243753653604937 ] ] ], [ [ [ 55.2972733, 25.2457926 ], [ 55.2971503, 25.2458588 ], [ 55.2971241, 25.2459446 ], [ 55.2971769, 25.2460248 ], [ 55.2972726, 25.2460428 ], [ 55.297428894002081, 25.245973515350915 ], [ 55.297307593951707, 25.245789015376499 ], [ 55.2972733, 25.2457926 ] ] ], [ [ [ 55.297189702667524, 25.230172901309285 ], [ 55.297010039610697, 25.230442395894524 ], [ 55.297010039610697, 25.230532227422934 ], [ 55.297054955374911, 25.230577143187144 ], [ 55.297580693228632, 25.230569136883314 ], [ 55.297625608934688, 25.230479305328426 ], [ 55.297625608792984, 25.230254726499822 ], [ 55.297580692945239, 25.230119979226107 ], [ 55.297324449960136, 25.230127985545078 ], [ 55.297189702667524, 25.230172901309285 ] ] ], [ [ [ 55.297459197252756, 25.234529730437266 ], [ 55.297459197252756, 25.234574646201473 ], [ 55.297558978260128, 25.234568910442665 ], [ 55.297558978239813, 25.234523994677371 ], [ 55.297459197252756, 25.234529730437266 ] ] ], [ [ [ 55.2965356, 25.2478635 ], [ 55.2966516, 25.2480029 ], [ 55.296685894585842, 25.247999315555273 ], [ 55.296869894557574, 25.24790891551088 ], [ 55.296850030991656, 25.247875864691395 ], [ 55.296873268003957, 25.247864433523588 ], [ 55.2968902, 25.2478926 ], [ 55.29714740909656, 25.247865716036703 ], [ 55.297356308855676, 25.247763015658624 ], [ 55.297288008515196, 25.247598915759848 ], [ 55.2970308, 25.2476258 ], [ 55.296920156033494, 25.247711197701086 ], [ 55.2968302, 25.2477206 ], [ 55.2967175, 25.247776 ], [ 55.29673434197862, 25.247803995612394 ], [ 55.29669617823135, 25.247822696668784 ], [ 55.2965356, 25.2478635 ] ] ], [ [ [ 55.297522401614557, 25.235785459927481 ], [ 55.297459197252756, 25.235787371835034 ], [ 55.297459197252756, 25.235832287599241 ], [ 55.297522401621322, 25.235830375692057 ], [ 55.297522401614557, 25.235785459927481 ] ] ], [ [ [ 55.29734432461516, 25.241523653597596 ], [ 55.2972243, 25.2415362 ], [ 55.297127175195051, 25.241581376810011 ], [ 55.297308324572981, 25.241479153624702 ], [ 55.297176324364592, 25.241261653721253 ], [ 55.2970563, 25.2412742 ], [ 55.2967469, 25.2414271 ], [ 55.2968789, 25.2416446 ], [ 55.297023819829434, 25.241629451604666 ], [ 55.2969403, 25.2416683 ], [ 55.2970126, 25.2417954 ], [ 55.297132624882522, 25.241782853784557 ], [ 55.297416624737281, 25.241650853545149 ], [ 55.29734432461516, 25.241523653597596 ] ] ], [ [ [ 55.296580250945986, 25.246563851851839 ], [ 55.2966659, 25.2467015 ], [ 55.29677362047105, 25.246704467096201 ], [ 55.2968593, 25.2468357 ], [ 55.297054394236575, 25.24678331545072 ], [ 55.297007137197404, 25.246710898905349 ], [ 55.29713619421733, 25.246719515430627 ], [ 55.29722389420207, 25.246670115409369 ], [ 55.297259694167579, 25.246550015399187 ], [ 55.297240649240784, 25.246521866331385 ], [ 55.297344693094686, 25.246515428706864 ], [ 55.297344693046426, 25.246425597175868 ], [ 55.297189702667524, 25.246432407951851 ], [ 55.297198200672831, 25.246485821724818 ], [ 55.297067064012715, 25.246469830381159 ], [ 55.297265729414377, 25.246369653918006 ], [ 55.297230329359195, 25.246312053943946 ], [ 55.297115139339311, 25.246324094170518 ], [ 55.297014129225069, 25.246165254113166 ], [ 55.2968941, 25.2461778 ], [ 55.2967625, 25.2462463 ], [ 55.296817985954434, 25.24637515884141 ], [ 55.296750694098847, 25.246280415514164 ], [ 55.2966375, 25.2462776 ], [ 55.2965801, 25.246308 ], [ 55.296561, 25.2463897 ], [ 55.2966104, 25.2464756 ], [ 55.296777349475356, 25.24649039482874 ], [ 55.296694796895906, 25.246532434998674 ], [ 55.296620294159098, 25.246486715547771 ], [ 55.296515966204439, 25.246522239480264 ], [ 55.296515966204439, 25.246567155244467 ], [ 55.296580250945986, 25.246563851851839 ] ], [ [ 55.296825827905693, 25.246391474471146 ], [ 55.296824483184743, 25.246391615024642 ], [ 55.296824991488855, 25.246390159424248 ], [ 55.296825827905693, 25.246391474471146 ] ] ], [ [ [ 55.297465717770343, 25.234838763551032 ], [ 55.297324449960136, 25.234844140786706 ], [ 55.297324449960136, 25.234933972315122 ], [ 55.297465717808421, 25.234928595081481 ], [ 55.297465717770343, 25.234838763551032 ] ] ], [ [ [ 55.296399580167062, 25.23259569559572 ], [ 55.2965705, 25.2328941 ], [ 55.296690516100419, 25.232881553675806 ], [ 55.296865116010544, 25.232799753528639 ], [ 55.296728538308784, 25.232561306764801 ], [ 55.296897961130298, 25.232543595241026 ], [ 55.297501757278837, 25.232272088705045 ], [ 55.297279652286647, 25.231867890766587 ], [ 55.297164850815278, 25.231746191891432 ], [ 55.296649647046848, 25.231422997090984 ], [ 55.2950055, 25.2315928 ], [ 55.2948807, 25.231649 ], [ 55.2948118, 25.2317164 ], [ 55.2953549, 25.2327049 ], [ 55.296399580167062, 25.23259569559572 ] ] ], [ [ [ 55.297433713124228, 25.235785340445094 ], [ 55.297369365724343, 25.235787371835031 ], [ 55.297369365724343, 25.235832287599237 ], [ 55.297433713131426, 25.235830256209692 ], [ 55.297433713124228, 25.235785340445094 ] ] ], [ [ [ 55.297255893401704, 25.243841015359173 ], [ 55.2971351, 25.2438871 ], [ 55.297176, 25.2439552 ], [ 55.297296793420358, 25.243909115350647 ], [ 55.297255893401704, 25.243841015359173 ] ] ], [ [ [ 55.297173022047012, 25.229985590623475 ], [ 55.29709987113911, 25.229993238252465 ], [ 55.29709987113911, 25.230038154016675 ], [ 55.297189702667524, 25.230127985545078 ], [ 55.297352685179412, 25.230120337830851 ], [ 55.297487432440725, 25.230075421998013 ], [ 55.297487432386589, 25.229985590466704 ], [ 55.297173022047012, 25.229985590623475 ] ] ], [ [ [ 55.297095, 25.2453653 ], [ 55.29689159626529, 25.245481863990179 ], [ 55.296785460789671, 25.245489176903526 ], [ 55.296785460789671, 25.245579008431935 ], [ 55.296917254425431, 25.245569927624299 ], [ 55.296917254391005, 25.245521138714764 ], [ 55.2969382, 25.2455532 ], [ 55.297153693214689, 25.24551736215648 ], [ 55.2971928, 25.245577 ], [ 55.297268493885042, 25.245551215382047 ], [ 55.297129293833514, 25.24536171541174 ], [ 55.297095, 25.2453653 ] ] ], [ [ [ 55.297420801835777, 25.234434521679777 ], [ 55.297324449960136, 25.234439898908857 ], [ 55.297324449960136, 25.23448481467306 ], [ 55.297420801854813, 25.234479437445 ], [ 55.297420801835777, 25.234434521679777 ] ] ], [ [ [ 55.297286375979617, 25.23596721269374 ], [ 55.297357575962053, 25.235896312678982 ], [ 55.297324975952492, 25.23585401268479 ], [ 55.2972124, 25.2358503 ], [ 55.2971868, 25.2359203 ], [ 55.2972078, 25.235953 ], [ 55.297286375979617, 25.23596721269374 ] ] ], [ [ [ 55.297255916305893, 25.233118753225764 ], [ 55.2971359, 25.2331313 ], [ 55.2971148, 25.2331413 ], [ 55.2971658, 25.2331862 ], [ 55.297227124419216, 25.233179789011853 ], [ 55.2972244, 25.2332112 ], [ 55.297366416369428, 25.233188753139057 ], [ 55.29735311634618, 25.233164553148654 ], [ 55.297291366643812, 25.233171008651357 ], [ 55.297310316325138, 25.233141053182436 ], [ 55.297271219300292, 25.233145140497772 ], [ 55.297255916305893, 25.233118753225764 ] ] ], [ [ [ 55.297136028625609, 25.245565853981702 ], [ 55.2969505, 25.2456117 ], [ 55.2970001, 25.2456913 ], [ 55.297185528701824, 25.245645453945393 ], [ 55.297136028625609, 25.245565853981702 ] ] ], [ [ [ 55.297146740015769, 25.247011413979735 ], [ 55.297054955374911, 25.247016312886533 ], [ 55.297054955374911, 25.247061228650736 ], [ 55.297146740033121, 25.247056329744865 ], [ 55.297146740015769, 25.247011413979735 ] ] ], [ [ [ 55.296767014196227, 25.250250316974086 ], [ 55.296932314012302, 25.250172216675246 ], [ 55.296888488190667, 25.250096390365407 ], [ 55.296956395165076, 25.250061615523151 ], [ 55.296826195108196, 25.249853715550461 ], [ 55.2966224, 25.2499441 ], [ 55.29664082947248, 25.249973527753536 ], [ 55.29648841376688, 25.250012229819124 ], [ 55.296458360545138, 25.24996230959286 ], [ 55.296581713578448, 25.249949417265068 ], [ 55.296743213381809, 25.249865116972202 ], [ 55.296721289252083, 25.249830763745269 ], [ 55.296824113277218, 25.249820016825172 ], [ 55.296985513080578, 25.249735716532477 ], [ 55.296949656274649, 25.249679475882392 ], [ 55.297053095040653, 25.24962671549396 ], [ 55.296914094979662, 25.249403815523113 ], [ 55.2967059, 25.2494961 ], [ 55.296739586605938, 25.249550119826694 ], [ 55.296602, 25.2495645 ], [ 55.2964405, 25.2496487 ], [ 55.296458896074846, 25.249677545788369 ], [ 55.296356, 25.2496883 ], [ 55.2961945, 25.2497725 ], [ 55.296213903826796, 25.249802919277972 ], [ 55.2960964, 25.2498152 ], [ 55.2958899, 25.2499169 ], [ 55.2961994, 25.250431 ], [ 55.296456614556725, 25.250404117536046 ], [ 55.296663114318207, 25.25030241716226 ], [ 55.29663975587583, 25.250263617575943 ], [ 55.296767014196227, 25.250250316974086 ] ] ], [ [ [ 55.297024228179822, 25.245109554049105 ], [ 55.2969042, 25.2451221 ], [ 55.29668490000001, 25.2452076 ], [ 55.296712380942743, 25.245255392945666 ], [ 55.296658, 25.2452818 ], [ 55.296688, 25.2453307 ], [ 55.296774593821553, 25.245300915493775 ], [ 55.296750991121712, 25.245255118213773 ], [ 55.2968387, 25.2453952 ], [ 55.296984128454916, 25.245385454096507 ], [ 55.297070028406949, 25.245341454023869 ], [ 55.297111428261424, 25.245196553982318 ], [ 55.297064328189329, 25.24512125401689 ], [ 55.297024228179822, 25.245109554049105 ] ] ], [ [ [ 55.2971508, 25.2377957 ], [ 55.297185091692903, 25.237792115284396 ], [ 55.297202091688355, 25.237776915280186 ], [ 55.2971385, 25.2377537 ], [ 55.2971215, 25.237769 ], [ 55.2971508, 25.2377957 ] ] ], [ [ [ 55.297196223210094, 25.23488367941076 ], [ 55.29724113895427, 25.234838763629785 ], [ 55.297241138935227, 25.234793847864562 ], [ 55.29709987113911, 25.234799225022506 ], [ 55.297054955374911, 25.234844140786709 ], [ 55.297054955374911, 25.234889056550916 ], [ 55.297196223210094, 25.23488367941076 ] ] ], [ [ [ 55.2969582, 25.2461217 ], [ 55.297027794044411, 25.246102315446663 ], [ 55.297012694036859, 25.246074815449777 ], [ 55.296946554693669, 25.246092653707084 ], [ 55.296929048997832, 25.246058985216347 ], [ 55.297068629088649, 25.246030254061417 ], [ 55.296951428904585, 25.245838154147194 ], [ 55.2968314, 25.2458507 ], [ 55.2966921, 25.2459226 ], [ 55.296742567265177, 25.245961256702746 ], [ 55.2962986, 25.246118 ], [ 55.2963878, 25.2462611 ], [ 55.296452528125315, 25.246254334627761 ], [ 55.2965024, 25.2463283 ], [ 55.296585194106257, 25.246298015553133 ], [ 55.296546563516024, 25.246228770908282 ], [ 55.296574, 25.2462752 ], [ 55.296694029337949, 25.246262654380335 ], [ 55.296890329224311, 25.246158054214121 ], [ 55.296944908583654, 25.246097493778873 ], [ 55.2969582, 25.2461217 ] ] ], [ [ [ 55.292987155743596, 25.24281496586373 ], [ 55.2930201, 25.2428626 ], [ 55.293154269905784, 25.242848579060144 ], [ 55.2928677, 25.2429913 ], [ 55.292854379473503, 25.243038200568925 ], [ 55.292698126246925, 25.243018809872197 ], [ 55.292653210482719, 25.2430637256364 ], [ 55.292653210482719, 25.243153557164813 ], [ 55.292787957775339, 25.243243388693227 ], [ 55.293034753903619, 25.243219080320323 ], [ 55.2929092, 25.2432807 ], [ 55.292968882449706, 25.243377157029919 ], [ 55.292922705067951, 25.24337813598585 ], [ 55.292922705067951, 25.243512883278463 ], [ 55.293012536596365, 25.243602714806872 ], [ 55.293068883492253, 25.243601520250888 ], [ 55.293068883483791, 25.24351168872202 ], [ 55.292991867248865, 25.243396164411312 ], [ 55.293082, 25.2434707 ], [ 55.29320363976543, 25.243457988527091 ], [ 55.2930709, 25.2435218 ], [ 55.2931665, 25.2437121 ], [ 55.2934284471269, 25.243684336333306 ], [ 55.2931834, 25.2438156 ], [ 55.293174153331414, 25.243871552484023 ], [ 55.293102368124778, 25.243917125156312 ], [ 55.293102368124778, 25.244006956684725 ], [ 55.293205917056113, 25.244005523207267 ], [ 55.293205917045256, 25.243902117862969 ], [ 55.293263050816073, 25.243907825161465 ], [ 55.293217, 25.2440512 ], [ 55.2932233, 25.2442315 ], [ 55.29384500169887, 25.244205521414408 ], [ 55.293976301576691, 25.244154721178344 ], [ 55.293979536314978, 25.244129788398656 ], [ 55.294127625188345, 25.244156557034323 ], [ 55.2939167, 25.2441786 ], [ 55.2939015, 25.2442392 ], [ 55.29401024830036, 25.244419576624225 ], [ 55.2939323, 25.2444151 ], [ 55.2939248, 25.2444496 ], [ 55.2941773, 25.244486 ], [ 55.294625102119916, 25.244444620073264 ], [ 55.294631421705887, 25.244353183801866 ], [ 55.294726847715673, 25.244343210795293 ], [ 55.2946641, 25.2443636 ], [ 55.2946398, 25.2445077 ], [ 55.2946817, 25.2445722 ], [ 55.2948861, 25.2446093 ], [ 55.295143302354994, 25.244582419179977 ], [ 55.295198302112283, 25.244470819070859 ], [ 55.295175413732437, 25.244384173431943 ], [ 55.295428429257434, 25.244358887767643 ], [ 55.29543810630328, 25.244395846035424 ], [ 55.2952491, 25.2444156 ], [ 55.2952235, 25.244462399999986 ], [ 55.2952338, 25.2445878 ], [ 55.29537384234451, 25.244601005591839 ], [ 55.2951302, 25.2446236 ], [ 55.2951209, 25.2446759 ], [ 55.295503493668825, 25.244694615781881 ], [ 55.295554593661294, 25.244670615769561 ], [ 55.29554127910513, 25.244619353162157 ], [ 55.295765502315, 25.244595918090191 ], [ 55.29590520217215, 25.244535817838354 ], [ 55.295871802041177, 25.244472317889738 ], [ 55.295752569414972, 25.244484779841436 ], [ 55.295864026842231, 25.244402234772785 ], [ 55.296179201823634, 25.244385717340759 ], [ 55.296233501755722, 25.24435651724221 ], [ 55.29620986045672, 25.244320495891237 ], [ 55.296414401614051, 25.244299116918416 ], [ 55.296930400977587, 25.244025815982436 ], [ 55.296909800914548, 25.243995016015074 ], [ 55.296698074224018, 25.243983620180632 ], [ 55.296668600670401, 25.243867316423657 ], [ 55.296603256972134, 25.243874146435349 ], [ 55.296694077497733, 25.243826517746854 ], [ 55.296772552202484, 25.24382394806813 ], [ 55.296752597900031, 25.243759078037343 ], [ 55.296791435054139, 25.243739337746664 ], [ 55.296912826819302, 25.243728854067307 ], [ 55.297056526734821, 25.243650953945568 ], [ 55.29699202664186, 25.243553653993217 ], [ 55.296906363459662, 25.24356260810611 ], [ 55.296933093323659, 25.24354811543024 ], [ 55.296911693314861, 25.243515915434759 ], [ 55.296670774540729, 25.243631530051346 ], [ 55.296567300077911, 25.243582616569071 ], [ 55.29638734986132, 25.243601425629205 ], [ 55.296569048156975, 25.243506112056803 ], [ 55.2966389, 25.2435999 ], [ 55.2966731933411, 25.243596315491743 ], [ 55.296866493309444, 25.243494415445003 ], [ 55.296754693246612, 25.243266315467704 ], [ 55.296492587955228, 25.243390010274858 ], [ 55.29647376107566, 25.243360634787049 ], [ 55.296711583684342, 25.24325136086313 ], [ 55.296840526352135, 25.243252954101322 ], [ 55.296962126271751, 25.243178053997841 ], [ 55.296914326200707, 25.24310375403304 ], [ 55.296871849855883, 25.243108193965313 ], [ 55.296853626178496, 25.243078154081367 ], [ 55.29671637757022, 25.243099293535753 ], [ 55.296652926108791, 25.242997254241352 ], [ 55.296608024808492, 25.243001947572655 ], [ 55.296673426081021, 25.242970254223142 ], [ 55.296634226020203, 25.242906754251869 ], [ 55.296487772771293, 25.242932742223964 ], [ 55.296622826006541, 25.242892354260444 ], [ 55.296600725967508, 25.242851754276387 ], [ 55.296486153460393, 25.242863729978815 ], [ 55.296591125955935, 25.242839554283602 ], [ 55.296575025929165, 25.242811654295298 ], [ 55.296462039076609, 25.242823464243632 ], [ 55.296483493118949, 25.242800615524082 ], [ 55.296437893098521, 25.24272601553362 ], [ 55.2964036, 25.2427296 ], [ 55.2963808, 25.242741 ], [ 55.29640444436037, 25.242779681356392 ], [ 55.2963422, 25.2427791 ], [ 55.2962305, 25.2428572 ], [ 55.2962218, 25.2429109 ], [ 55.2962635, 25.2429909 ], [ 55.2963118, 25.2430033 ], [ 55.296466286244623, 25.242960042783647 ], [ 55.2963233, 25.2430441 ], [ 55.2963479, 25.2430836 ], [ 55.296514718555748, 25.243018921289444 ], [ 55.2964139, 25.2430695 ], [ 55.2964438, 25.2431344 ], [ 55.296612855262396, 25.243140166078636 ], [ 55.296484044551235, 25.243240546267234 ], [ 55.296382393200503, 25.243083815552012 ], [ 55.29634850857294, 25.243087357294549 ], [ 55.296296598886059, 25.243006416978563 ], [ 55.2960394, 25.2430333 ], [ 55.2957811, 25.2431682 ], [ 55.295812241794657, 25.243216795631632 ], [ 55.2957651, 25.2432415 ], [ 55.295890358275969, 25.243436793909009 ], [ 55.295776793265638, 25.24328271569663 ], [ 55.2956193, 25.2433509 ], [ 55.295728897315485, 25.243521479376859 ], [ 55.295671, 25.2435518 ], [ 55.295764, 25.2436968 ], [ 55.295872893369229, 25.243654115679764 ], [ 55.295847249503851, 25.243614140133669 ], [ 55.296052589007516, 25.243605982877412 ], [ 55.2959082, 25.2436735 ], [ 55.295921055743285, 25.243693594173724 ], [ 55.295803179093639, 25.243765371542501 ], [ 55.295642995520495, 25.243782113652983 ], [ 55.295709100521833, 25.243747318092932 ], [ 55.295662200372213, 25.243674318166921 ], [ 55.295531696783605, 25.243687958079402 ], [ 55.295501500266532, 25.243616118442176 ], [ 55.295429800141491, 25.243553418560829 ], [ 55.2951726, 25.2435803 ], [ 55.2949344, 25.243654 ], [ 55.294854, 25.2437001 ], [ 55.294797, 25.2437777 ], [ 55.29491809146576, 25.24384226932883 ], [ 55.294869, 25.2438474 ], [ 55.294870937534291, 25.244006615505608 ], [ 55.2947486, 25.2439966 ], [ 55.2947302, 25.2440942 ], [ 55.294809693510238, 25.244097615935111 ], [ 55.294873193498283, 25.244058615919666 ], [ 55.294881671535421, 25.244013339524145 ], [ 55.2950293, 25.2440497 ], [ 55.295173352994624, 25.244034644494878 ], [ 55.295189195862285, 25.24405990097484 ], [ 55.2949105, 25.244152 ], [ 55.29491609374562, 25.244308477927149 ], [ 55.294734582358394, 25.244327447936762 ], [ 55.294743101726709, 25.244265319845958 ], [ 55.29448375061984, 25.244256583403054 ], [ 55.294491728908945, 25.24422377216759 ], [ 55.294755201582454, 25.244197919817097 ], [ 55.294762901499553, 25.244159219799201 ], [ 55.294637991400556, 25.244146399567072 ], [ 55.294633935282022, 25.244046091117486 ], [ 55.294685851026522, 25.243922590611071 ], [ 55.294773600977173, 25.243913419752552 ], [ 55.294786500843443, 25.24385101972285 ], [ 55.294667455724174, 25.243830883880303 ], [ 55.294658600694476, 25.243774119938468 ], [ 55.294605962004638, 25.2437652197722 ], [ 55.294659700606999, 25.243732919931862 ], [ 55.294672300468633, 25.243668319902433 ], [ 55.294495267736764, 25.24364023656064 ], [ 55.294752400251788, 25.243570219750818 ], [ 55.294793300140633, 25.243519919673385 ], [ 55.294758527713924, 25.243377305021067 ], [ 55.294928580217572, 25.243271223756437 ], [ 55.294991569983821, 25.243279238494203 ], [ 55.2950276, 25.2433352 ], [ 55.295084040304303, 25.243329301182893 ], [ 55.294983262098377, 25.243381914955343 ], [ 55.29492099329272, 25.243334015897531 ], [ 55.2948444, 25.2433597 ], [ 55.2949157, 25.2434713 ], [ 55.295101826611045, 25.243424155533468 ], [ 55.295282926508122, 25.243329555380232 ], [ 55.295257126469373, 25.243289055399213 ], [ 55.295200169687895, 25.243295008266095 ], [ 55.295264126441609, 25.243261355392011 ], [ 55.295209028519523, 25.243175853359457 ], [ 55.295275026334281, 25.243153455377385 ], [ 55.295333626261701, 25.243083155325706 ], [ 55.295296926209076, 25.24302805535282 ], [ 55.295203277021677, 25.243031616759396 ], [ 55.29538054481722, 25.242991416811698 ], [ 55.2954547, 25.2431044 ], [ 55.295488993218441, 25.243100815761185 ], [ 55.295542693209512, 25.24307201574819 ], [ 55.29547649318198, 25.24297121576215 ], [ 55.295400745173694, 25.242927251752349 ], [ 55.29563, 25.2429614 ], [ 55.295750026107392, 25.242948854977787 ], [ 55.29581762573563, 25.242576654902777 ], [ 55.295569125711914, 25.242539755104211 ], [ 55.2954491, 25.2425523 ], [ 55.295434116286422, 25.242634899343482 ], [ 55.295303240570874, 25.242614567994341 ], [ 55.295193840107601, 25.242693574020414 ], [ 55.2950945, 25.2427189 ], [ 55.295144909366634, 25.242829384671239 ], [ 55.2951081259638, 25.242770355493722 ], [ 55.2949881, 25.2427829 ], [ 55.2947324, 25.2429133 ], [ 55.294765260325541, 25.242966097335039 ], [ 55.294617, 25.2429979 ], [ 55.2946516, 25.2430512 ], [ 55.294741228567631, 25.243041832723598 ], [ 55.29467441987223, 25.243112909957407 ], [ 55.294626599127042, 25.243033219910554 ], [ 55.294553786662412, 25.243040829647295 ], [ 55.294607499087803, 25.243013719941846 ], [ 55.294514298778545, 25.242863020088215 ], [ 55.294427468346704, 25.242872094811194 ], [ 55.294402298704796, 25.242822420280039 ], [ 55.294256287897518, 25.242837679860088 ], [ 55.294430698547529, 25.242749720221976 ], [ 55.294394398426427, 25.242690720278961 ], [ 55.2941372, 25.2427176 ], [ 55.293970415234369, 25.242801450156506 ], [ 55.293989693129689, 25.242708916105862 ], [ 55.293964363840331, 25.242633845380674 ], [ 55.294016272465043, 25.242628420520983 ], [ 55.2940535, 25.2426877 ], [ 55.29436699830817, 25.242633520320524 ], [ 55.294289898046543, 25.242506120441305 ], [ 55.2940327, 25.242533 ], [ 55.293975, 25.2425627 ], [ 55.293988837469129, 25.242584734207025 ], [ 55.2939367, 25.242604199999988 ], [ 55.293947914183505, 25.242620078028317 ], [ 55.2938141, 25.2426396 ], [ 55.2935145, 25.2428037 ], [ 55.293527446133695, 25.242826305427357 ], [ 55.293455198761414, 25.24279992193858 ], [ 55.293318786575455, 25.242814177489127 ], [ 55.293489698599657, 25.242725421869611 ], [ 55.29345109844806, 25.242651921928974 ], [ 55.293333718017088, 25.24266418862171 ], [ 55.293350498367552, 25.24260872210051 ], [ 55.293304698245798, 25.242548922174052 ], [ 55.29317342169643, 25.242562640942289 ], [ 55.293370634448394, 25.242465839754971 ], [ 55.29350661000263, 25.242659483758548 ], [ 55.293697704099174, 25.242658289148778 ], [ 55.293742619858925, 25.242613373380841 ], [ 55.293742619854697, 25.242568457616414 ], [ 55.293697704086476, 25.242523541855476 ], [ 55.2935572808017, 25.24256677471541 ], [ 55.293518593060924, 25.242441216211983 ], [ 55.293448591477201, 25.242359366116865 ], [ 55.29351406680307, 25.242326927721983 ], [ 55.2934975, 25.2423976 ], [ 55.2935148, 25.2424289 ], [ 55.293549093055979, 25.242425316204606 ], [ 55.293571493052802, 25.24241521619922 ], [ 55.293562793033416, 25.242346216200211 ], [ 55.293610062202369, 25.242341276313493 ], [ 55.2936435, 25.2423942 ], [ 55.293677793044282, 25.242390616173992 ], [ 55.293700093040698, 25.242379116168603 ], [ 55.293667547499233, 25.24232772452471 ], [ 55.293711308069071, 25.242305795461625 ], [ 55.2937244, 25.2423262 ], [ 55.293950029919451, 25.242291627008214 ], [ 55.2939187, 25.2423074 ], [ 55.293931948382884, 25.242328903376784 ], [ 55.2937643, 25.2423475 ], [ 55.2937711, 25.2423935 ], [ 55.294084625619668, 25.242369356310192 ], [ 55.294128125595762, 25.242347456273428 ], [ 55.294116046865177, 25.24232785141113 ], [ 55.294250825526028, 25.242283356169608 ], [ 55.294176180888918, 25.242162939173237 ], [ 55.294233425386828, 25.242141756176359 ], [ 55.294218727053362, 25.242119189646395 ], [ 55.294343834599111, 25.242121602640857 ], [ 55.2942934, 25.2421489 ], [ 55.2943229, 25.2421935 ], [ 55.294442925414835, 25.242180956006973 ], [ 55.294702825265027, 25.242043055786951 ], [ 55.294520024998583, 25.241764255921805 ], [ 55.294360228174931, 25.241799312357074 ], [ 55.294341646953072, 25.24177435757349 ], [ 55.294507924969217, 25.241733955930101 ], [ 55.294460324900825, 25.241662355965278 ], [ 55.294288549337139, 25.241703046830189 ], [ 55.294265324920254, 25.241671856125375 ], [ 55.2940185, 25.2417167 ], [ 55.2938831, 25.2417918 ], [ 55.293907070271992, 25.241828113174659 ], [ 55.2937529, 25.2418644 ], [ 55.293902202996584, 25.242078501974969 ], [ 55.293785537837969, 25.242108437051289 ], [ 55.293765725345658, 25.242075856555655 ], [ 55.293610525384508, 25.242105898585109 ], [ 55.293597637183012, 25.242083086313546 ], [ 55.293745192935525, 25.242009416152456 ], [ 55.293706445021925, 25.241945824819041 ], [ 55.293764392911498, 25.241925416146699 ], [ 55.293738892900393, 25.241884816152051 ], [ 55.2937046, 25.2418884 ], [ 55.2933875, 25.242049 ], [ 55.293399618723932, 25.24210195119807 ], [ 55.2932682, 25.2421642 ], [ 55.293241006796194, 25.24227239424053 ], [ 55.293213997609527, 25.242244122298516 ], [ 55.2929568, 25.242271 ], [ 55.2924469, 25.2425331 ], [ 55.2925874, 25.2427568 ], [ 55.292787957775417, 25.242667845977536 ], [ 55.292805336643625, 25.242704194517444 ], [ 55.2926054, 25.2428102 ], [ 55.292639, 25.2428525 ], [ 55.292847058611713, 25.24283006962267 ], [ 55.2927878, 25.2428629 ], [ 55.2928433, 25.2429448 ], [ 55.292877593211692, 25.242941216369452 ], [ 55.292993193191869, 25.24287711634144 ], [ 55.292953599546941, 25.242818583542793 ], [ 55.292987155743596, 25.24281496586373 ] ], [ [ 55.296769558381911, 25.243706284966702 ], [ 55.296736066541186, 25.24371114464434 ], [ 55.296709539099652, 25.243669324123506 ], [ 55.296735705182144, 25.243655137186138 ], [ 55.296769558381911, 25.243706284966702 ] ], [ [ 55.296685288968781, 25.243115636494547 ], [ 55.296690285248779, 25.24312381222741 ], [ 55.296663407260169, 25.243126621667017 ], [ 55.296685288968781, 25.243115636494547 ] ], [ [ 55.295952400982458, 25.243977217692251 ], [ 55.295731120557747, 25.244000345658453 ], [ 55.295715501005418, 25.243975718107595 ], [ 55.295477640029681, 25.243997023801541 ], [ 55.29562340095238, 25.243945918265759 ], [ 55.295672407571722, 25.24387796107877 ], [ 55.296062793373181, 25.243678015635723 ], [ 55.296207016863178, 25.243662941218492 ], [ 55.2960659, 25.2437361 ], [ 55.296155662043716, 25.243845507905515 ], [ 55.2960827, 25.2439071 ], [ 55.2960989, 25.24396 ], [ 55.2961186, 25.2439945 ], [ 55.296315806229401, 25.243974444490306 ], [ 55.2961352, 25.244057 ], [ 55.296100217237175, 25.244140084108885 ], [ 55.296049101181289, 25.244076017533864 ], [ 55.295788513745137, 25.244094563333142 ], [ 55.29577485845779, 25.244072891875362 ], [ 55.295907601160856, 25.244059017780103 ], [ 55.295980501063326, 25.244016817647463 ], [ 55.295952400982458, 25.243977217692251 ] ], [ [ 55.295792031885014, 25.243567920121937 ], [ 55.295792883850133, 25.243566074833218 ], [ 55.295793938955107, 25.243567720796833 ], [ 55.295792031885014, 25.243567920121937 ] ], [ [ 55.295397218301154, 25.242838302910741 ], [ 55.295392550883811, 25.242864032423956 ], [ 55.29537763144387, 25.242840350073958 ], [ 55.295397218301154, 25.242838302910741 ] ], [ [ 55.295385517089336, 25.242902806756742 ], [ 55.295377118908355, 25.242889325509697 ], [ 55.295389081847475, 25.242883155757145 ], [ 55.295385517089336, 25.242902806756742 ] ], [ [ 55.295106056567263, 25.244136682629016 ], [ 55.295200895768154, 25.244129279708055 ], [ 55.295291885630675, 25.244275304929868 ], [ 55.2951141, 25.2443363 ], [ 55.295111998130622, 25.244368636454961 ], [ 55.295075601890225, 25.244359719273472 ], [ 55.295106056567263, 25.244136682629016 ] ], [ [ 55.295067181884313, 25.243106281616434 ], [ 55.2950029, 25.243113 ], [ 55.294949847304046, 25.243163461339293 ], [ 55.294926894660755, 25.24312761288693 ], [ 55.294983793225214, 25.243098515879289 ], [ 55.294995882698998, 25.243047502032478 ], [ 55.295118383061613, 25.243053873859484 ], [ 55.295067181884313, 25.243106281616434 ] ], [ [ 55.294865514003661, 25.243088116330348 ], [ 55.294884566330801, 25.243118717743975 ], [ 55.2948836365874, 25.243119207727247 ], [ 55.29486551400408, 25.24309336823201 ], [ 55.294865514003661, 25.243088116330348 ] ], [ [ 55.294796598729853, 25.242997979338327 ], [ 55.294811649048256, 25.243001719400507 ], [ 55.294821892499428, 25.243018129829398 ], [ 55.294809772391133, 25.243018272822855 ], [ 55.294796598729853, 25.242997979338327 ] ], [ [ 55.294719335636195, 25.243378135985846 ], [ 55.294721780790518, 25.243378084143096 ], [ 55.29453251197166, 25.243397864864551 ], [ 55.294674419872429, 25.243325369565525 ], [ 55.294719335636195, 25.243378135985846 ] ], [ [ 55.293979200631945, 25.243709321122726 ], [ 55.294015800284825, 25.243547521040181 ], [ 55.293983300187058, 25.243499721091748 ], [ 55.293729237418965, 25.243524642303942 ], [ 55.293967400055863, 25.243437021112523 ], [ 55.293947099985793, 25.24340292114427 ], [ 55.293817948865581, 25.243400772106568 ], [ 55.293961153494543, 25.243353252146189 ], [ 55.2940338, 25.2434595 ], [ 55.294388960221191, 25.243444648904518 ], [ 55.2941928, 25.2434934 ], [ 55.2942176, 25.2435358 ], [ 55.294355052347029, 25.243521435029688 ], [ 55.294361878334165, 25.243543820888444 ], [ 55.2942894, 25.2435577 ], [ 55.294304515747541, 25.243609983940615 ], [ 55.294028, 25.2436338 ], [ 55.2940175, 25.243688 ], [ 55.294243437443114, 25.243738637772097 ], [ 55.294041099802605, 25.243781901063933 ], [ 55.294035200720977, 25.243754221029601 ], [ 55.293861232467883, 25.243731737182738 ], [ 55.293979200631945, 25.243709321122726 ] ], [ [ 55.294233917386961, 25.24195074066623 ], [ 55.294227527553524, 25.241906004060979 ], [ 55.294331625141339, 25.241898756083124 ], [ 55.294386515735795, 25.24186388390828 ], [ 55.294402183269227, 25.241886517002573 ], [ 55.294233917386961, 25.24195074066623 ] ], [ [ 55.29385781072542, 25.243292826972731 ], [ 55.293983840137521, 25.243279656075245 ], [ 55.294052478829627, 25.243272482836421 ], [ 55.293961414721359, 25.243321664963716 ], [ 55.293950093298363, 25.243303516124126 ], [ 55.293880725381584, 25.24332496717027 ], [ 55.29385781072542, 25.243292826972731 ] ], [ [ 55.294013310864059, 25.243871941674673 ], [ 55.29403154494365, 25.243871555088052 ], [ 55.29396066853419, 25.244005900511706 ], [ 55.293942401092096, 25.24392442121168 ], [ 55.293863018399428, 25.243887648121458 ], [ 55.294013310864059, 25.243871941674673 ] ], [ [ 55.294019958946976, 25.242127352630916 ], [ 55.293991821566735, 25.242141607914412 ], [ 55.293985221548084, 25.242130982988055 ], [ 55.294019958946976, 25.242127352630916 ] ], [ [ 55.293906993191911, 25.242924716128471 ], [ 55.293995053860016, 25.242928657292147 ], [ 55.293723802046088, 25.243068227044855 ], [ 55.293720652513983, 25.243018786135632 ], [ 55.293906993191911, 25.242924716128471 ] ], [ [ 55.293944891590463, 25.241828743082102 ], [ 55.293929701806036, 25.241837418943142 ], [ 55.293921516671929, 25.241831185960226 ], [ 55.293944891590463, 25.241828743082102 ] ], [ [ 55.293794540694876, 25.243224217453022 ], [ 55.293709759051914, 25.243233077597175 ], [ 55.29371883064438, 25.24312658634458 ], [ 55.293794540694876, 25.243224217453022 ] ], [ [ 55.293599498879949, 25.242863321692688 ], [ 55.293552481073924, 25.242835447743129 ], [ 55.29358308337271, 25.242826771627854 ], [ 55.2936186, 25.2428844 ], [ 55.293792367072058, 25.242882125425695 ], [ 55.29364591493627, 25.242996239374886 ], [ 55.293522754962233, 25.243009110158383 ], [ 55.293655399039388, 25.242941421603508 ], [ 55.293599498879949, 25.242863321692688 ] ], [ [ 55.293725125491711, 25.242221356596584 ], [ 55.293748542116475, 25.242209707341178 ], [ 55.293767554868744, 25.242266932413656 ], [ 55.293665988606044, 25.242267741098985 ], [ 55.293694625526321, 25.242254756623321 ], [ 55.29367850796946, 25.242226228426869 ], [ 55.293725125491711, 25.242221356596584 ] ], [ [ 55.293348973562438, 25.242403520381661 ], [ 55.293334208508035, 25.242379202917935 ], [ 55.293412603147267, 25.242371010367137 ], [ 55.293348973562438, 25.242403520381661 ] ], [ [ 55.293229146034328, 25.243445726975409 ], [ 55.293349878094347, 25.243386456359925 ], [ 55.293361059469952, 25.243406563836295 ], [ 55.2932966, 25.2434133 ], [ 55.293229146034328, 25.243445726975409 ] ], [ [ 55.292889220347419, 25.2426582892118 ], [ 55.292804626668307, 25.242659287128266 ], [ 55.292985039251164, 25.242608916627358 ], [ 55.292889220347568, 25.242659719626566 ], [ 55.292889220347419, 25.2426582892118 ] ] ], [ [ [ 55.296464446908004, 25.240471474959364 ], [ 55.2962731, 25.2404976 ], [ 55.2962607, 25.2405416 ], [ 55.2964146, 25.2408177 ], [ 55.296552745385654, 25.240803260028567 ], [ 55.2964398, 25.2408568 ], [ 55.2967065, 25.2413401 ], [ 55.296826524447809, 25.241327554011008 ], [ 55.297091024282714, 25.241174453786453 ], [ 55.296844823835052, 25.240709153963348 ], [ 55.296760306271146, 25.240717988556202 ], [ 55.296856447156784, 25.24067397453112 ], [ 55.296844046993719, 25.240553974536368 ], [ 55.296464446908004, 25.240471474959364 ] ] ], [ [ [ 55.297093482926677, 25.238069353077947 ], [ 55.297093482895797, 25.238024437312099 ], [ 55.296965123846491, 25.238033160045322 ], [ 55.296965123846491, 25.23807807580954 ], [ 55.297093482926677, 25.238069353077947 ] ] ], [ [ [ 55.296493330401788, 25.247327154600896 ], [ 55.296442323854485, 25.247290189172009 ], [ 55.296573045501304, 25.247248701994234 ], [ 55.296592769650182, 25.247298359418547 ], [ 55.2965182, 25.2473009 ], [ 55.2964968, 25.2473416 ], [ 55.2965227, 25.2473808 ], [ 55.296600894410389, 25.247374415565719 ], [ 55.296622597953146, 25.247340026634408 ], [ 55.296701743762014, 25.247355355014633 ], [ 55.2967404, 25.2474164 ], [ 55.296897094398965, 25.24734941549606 ], [ 55.296792071273615, 25.24715688906813 ], [ 55.29686233019433, 25.247136754288775 ], [ 55.296842446270979, 25.247105541217415 ], [ 55.296916445512672, 25.247101843001268 ], [ 55.296961361260841, 25.247056927223642 ], [ 55.2969613612456, 25.247012011458626 ], [ 55.296916445466948, 25.246967095706211 ], [ 55.296785460789671, 25.246971397122323 ], [ 55.29678546079019, 25.247013345623522 ], [ 55.296727529991578, 25.246924854387917 ], [ 55.2966075, 25.2469374 ], [ 55.296577278008819, 25.246970644969167 ], [ 55.2964593, 25.2469544 ], [ 55.2963644, 25.2470014 ], [ 55.2963741, 25.2470749 ], [ 55.2964638, 25.2471446 ], [ 55.296655694342206, 25.247136115549303 ], [ 55.296743494327629, 25.247089115528059 ], [ 55.296720960409942, 25.247054728931481 ], [ 55.29678546079009, 25.247036177147088 ], [ 55.29682200466943, 25.247097772533909 ], [ 55.2967165, 25.2471088 ], [ 55.2966858, 25.2471248 ], [ 55.296699096136727, 25.247145671846258 ], [ 55.296553086724984, 25.247204237835263 ], [ 55.296537830254898, 25.247181054556741 ], [ 55.29639822569581, 25.247205375897288 ], [ 55.296261394303507, 25.246978715639141 ], [ 55.2961041, 25.2470431 ], [ 55.2962451, 25.2472765 ], [ 55.296316340204505, 25.247254638137196 ], [ 55.2961777, 25.2473704 ], [ 55.2962347, 25.2474572 ], [ 55.296359994422531, 25.24740481562252 ], [ 55.296333434916697, 25.247364370660286 ], [ 55.296493330401788, 25.247327154600896 ] ] ], [ [ [ 55.297116316587221, 25.233395953354634 ], [ 55.29710591657134, 25.233379353362267 ], [ 55.2969437, 25.2334136 ], [ 55.2969541, 25.2334302 ], [ 55.297116316587221, 25.233395953354634 ] ] ], [ [ [ 55.29703601665544, 25.233460753423756 ], [ 55.297053616626449, 25.233432353407864 ], [ 55.2969068, 25.2334588 ], [ 55.296916, 25.2334733 ], [ 55.29703601665544, 25.233460753423756 ] ] ], [ [ [ 55.296431822800869, 25.254289118019678 ], [ 55.296401813830052, 25.254240362618951 ], [ 55.29656012264816, 25.254223817787171 ], [ 55.296738722417125, 25.254124217462529 ], [ 55.296769222254852, 25.254049317400529 ], [ 55.296621021754845, 25.253805917632981 ], [ 55.2963638, 25.2538328 ], [ 55.296113, 25.2539732 ], [ 55.296149182653778, 25.25402607365691 ], [ 55.2960054, 25.2540411 ], [ 55.2957601, 25.2541646 ], [ 55.2959018, 25.2543922 ], [ 55.2959897, 25.2544149 ], [ 55.296246923031113, 25.254388018355314 ], [ 55.296431822800869, 25.254289118019678 ] ] ], [ [ [ 55.297044190392626, 25.233183515247745 ], [ 55.297026090384421, 25.233153515251526 ], [ 55.2969134, 25.2331956 ], [ 55.2969314, 25.2332257 ], [ 55.297044190392626, 25.233183515247745 ] ] ], [ [ [ 55.296785460789671, 25.230577143187141 ], [ 55.296986501416896, 25.230570212623167 ], [ 55.296986501367833, 25.230480381092132 ], [ 55.296785460789671, 25.230487311658727 ], [ 55.296785460789671, 25.230577143187141 ] ] ], [ [ [ 55.296782506687443, 25.244941106981177 ], [ 55.296605797732845, 25.24495018773306 ], [ 55.296605797732845, 25.244995103497264 ], [ 55.296782506719616, 25.244986022747106 ], [ 55.296782506687443, 25.244941106981177 ] ] ], [ [ [ 55.2967972, 25.2300232 ], [ 55.2968195, 25.2300569 ], [ 55.296985113255253, 25.230019653283517 ], [ 55.296939013188705, 25.229949953317544 ], [ 55.296819, 25.2299625 ], [ 55.2967817, 25.2299827 ], [ 55.2967972, 25.2300232 ] ] ], [ [ [ 55.296225, 25.2475571 ], [ 55.2962796, 25.2476436 ], [ 55.296313894489721, 25.247640015636851 ], [ 55.296652494435051, 25.247464315555 ], [ 55.296610794417148, 25.247398815563766 ], [ 55.2965765, 25.2474024 ], [ 55.296355657553995, 25.247528270880611 ], [ 55.296225, 25.2475571 ] ] ], [ [ [ 55.296757735768885, 25.233591822984337 ], [ 55.296785135762264, 25.233577622974412 ], [ 55.296756335743616, 25.233532122983483 ], [ 55.2966775, 25.2335517 ], [ 55.2967063, 25.2335972 ], [ 55.296757735768885, 25.233591822984337 ] ] ], [ [ [ 55.296332794151567, 25.246445115614378 ], [ 55.296313529513618, 25.246420354700131 ], [ 55.2961935, 25.2464329 ], [ 55.2961475, 25.2464591 ], [ 55.2961756, 25.2464997 ], [ 55.296262887311428, 25.246508094966263 ], [ 55.2961796, 25.2465168 ], [ 55.2959774, 25.2466208 ], [ 55.2960695, 25.2467673 ], [ 55.296189529850942, 25.246754754819314 ], [ 55.296475629708738, 25.24662595457831 ], [ 55.296489529636069, 25.246553254563082 ], [ 55.296445929570531, 25.246484754595162 ], [ 55.296346695715094, 25.246495126453954 ], [ 55.296332794151567, 25.246445115614378 ] ] ], [ [ [ 55.296581116296643, 25.230076258874988 ], [ 55.296515966204439, 25.230083069780871 ], [ 55.296515966204439, 25.230127985545078 ], [ 55.296560881968638, 25.230172901309285 ], [ 55.296670947870766, 25.230166090366083 ], [ 55.296715863609606, 25.230121174580635 ], [ 55.296715863585497, 25.230076258815146 ], [ 55.296581116296643, 25.230076258874988 ] ] ], [ [ [ 55.295707482448726, 25.230352564366111 ], [ 55.295902808049433, 25.230346231704893 ], [ 55.295947723790057, 25.23030131592094 ], [ 55.295947723763426, 25.230245677498601 ], [ 55.295993889582647, 25.230262015449121 ], [ 55.296201555855525, 25.23016068706896 ], [ 55.296246471619199, 25.230397480130318 ], [ 55.296426134676018, 25.230577143187137 ], [ 55.296624889336144, 25.23057045176542 ], [ 55.296669805075432, 25.230525535980348 ], [ 55.296535057620702, 25.230211125680828 ], [ 55.29636101101557, 25.230037079331922 ], [ 55.29649014176298, 25.230031462638532 ], [ 55.296490141739298, 25.229986546873068 ], [ 55.296336303147612, 25.229993238252462 ], [ 55.296336303147733, 25.230012371445639 ], [ 55.29631047868741, 25.229986546951459 ], [ 55.296201555854992, 25.229993238252458 ], [ 55.29620155585598, 25.230017910966165 ], [ 55.296123289474721, 25.229886715413201 ], [ 55.2958697, 25.2299973 ], [ 55.295928493244389, 25.230054488683926 ], [ 55.2958551, 25.2300903 ], [ 55.295901459444963, 25.23016806859091 ], [ 55.29576204078073, 25.2301725886919 ], [ 55.295857892151894, 25.230076737131004 ], [ 55.295857892129476, 25.230031821365596 ], [ 55.295707482448726, 25.230038154016668 ], [ 55.295633313335955, 25.230075238616774 ], [ 55.295633313314269, 25.230031821458333 ], [ 55.2955278193919, 25.230038154016668 ], [ 55.295527819391957, 25.230077721231652 ], [ 55.295437987863494, 25.230083069780871 ], [ 55.295437987863494, 25.230127985545074 ], [ 55.295539962514333, 25.23012191399523 ], [ 55.2955278193919, 25.230262732837701 ], [ 55.295668489181814, 25.230256810346422 ], [ 55.29566256668452, 25.230307648601901 ], [ 55.295707482448726, 25.230352564366111 ] ], [ [ 55.295542338828739, 25.23008219821725 ], [ 55.295629907195114, 25.230076941687724 ], [ 55.295542338847561, 25.230120725830652 ], [ 55.295542338828739, 25.23008219821725 ] ] ], [ [ [ 55.296157125362555, 25.242217254605904 ], [ 55.296202525334785, 25.242191554567391 ], [ 55.296189809604286, 25.242173148194777 ], [ 55.296463325182444, 25.242051154346516 ], [ 55.296438825146211, 25.242013254364569 ], [ 55.2960718, 25.2421044 ], [ 55.2960268, 25.2421255 ], [ 55.2960442, 25.2421559 ], [ 55.296104754750452, 25.242151487331661 ], [ 55.2958613, 25.2422637 ], [ 55.2958937, 25.2423107 ], [ 55.2959279929876, 25.242307115646533 ], [ 55.296071392962624, 25.242226215611769 ], [ 55.296157125362555, 25.242217254605904 ] ] ], [ [ [ 55.296506148745998, 25.237934964568499 ], [ 55.296506148716375, 25.237890048802708 ], [ 55.296381218911812, 25.237898412752713 ], [ 55.296381218911812, 25.23794332851692 ], [ 55.296506148745998, 25.237934964568499 ] ] ], [ [ [ 55.2958739, 25.2459093 ], [ 55.29612190000001, 25.2460822 ], [ 55.296241929170243, 25.2460696547402 ], [ 55.296338929115464, 25.246019354658138 ], [ 55.296347028908812, 25.245810954640486 ], [ 55.296304928845267, 25.245744554671443 ], [ 55.29616452878323, 25.245674554782664 ], [ 55.2959426, 25.2457062 ], [ 55.2958077, 25.2458047 ], [ 55.2958739, 25.2459093 ] ] ], [ [ [ 55.2932826, 25.2340658 ], [ 55.2934846, 25.2344159 ], [ 55.293535, 25.2344297 ], [ 55.294495141681161, 25.23432934715732 ], [ 55.295345838153146, 25.233927641418823 ], [ 55.295361137714075, 25.233872941295516 ], [ 55.295331126711801, 25.233820941250197 ], [ 55.295631536943006, 25.233789539490289 ], [ 55.296490533343373, 25.233379233694066 ], [ 55.29650453296972, 25.233332733582763 ], [ 55.296301430303217, 25.232985134765073 ], [ 55.296249230144319, 25.232962335097096 ], [ 55.2952891, 25.2330627 ], [ 55.2944268, 25.2334751 ], [ 55.294445642184961, 25.233573917042872 ], [ 55.294154, 25.2336044 ], [ 55.2932894, 25.2340128 ], [ 55.2932826, 25.2340658 ] ] ], [ [ [ 55.296264694277035, 25.246885315636959 ], [ 55.2960692, 25.2469678 ], [ 55.2960883, 25.2469998 ], [ 55.296283894285814, 25.246917315632952 ], [ 55.296264694277035, 25.246885315636959 ] ] ], [ [ [ 55.296170716901322, 25.233664354142487 ], [ 55.296448216752239, 25.233528053908238 ], [ 55.296430016723107, 25.233497653921532 ], [ 55.29631, 25.2335102 ], [ 55.2960324, 25.2336466 ], [ 55.2960507, 25.2336769 ], [ 55.296170716901322, 25.233664354142487 ] ] ], [ [ [ 55.2960584, 25.2416974 ], [ 55.296085852025513, 25.241743110097772 ], [ 55.2960008, 25.241752 ], [ 55.2956814, 25.2419057 ], [ 55.2957708, 25.2420498 ], [ 55.295890825198164, 25.242037254814328 ], [ 55.296022625123214, 25.241968354702827 ], [ 55.296012618455499, 25.241950914566758 ], [ 55.296198725023913, 25.24187715455388 ], [ 55.296174747708449, 25.241834771156903 ], [ 55.296319824938919, 25.24179755445056 ], [ 55.296235324804051, 25.241656854512271 ], [ 55.2960584, 25.2416974 ] ] ], [ [ [ 55.2949593, 25.246775 ], [ 55.2951428, 25.2470884 ], [ 55.295447430192198, 25.247060955442983 ], [ 55.295657735819063, 25.246982837414784 ], [ 55.295676, 25.247011 ], [ 55.295796030112392, 25.246998455154323 ], [ 55.296032529973836, 25.246870754953964 ], [ 55.295997823453639, 25.246816697036937 ], [ 55.29601689425872, 25.24680761569374 ], [ 55.295998094249889, 25.246775415697652 ], [ 55.295956067246451, 25.246782705278825 ], [ 55.295956067238784, 25.246744309295355 ], [ 55.295887145505546, 25.24674681830129 ], [ 55.295887145505546, 25.246791734065496 ], [ 55.295932449801512, 25.246798941417357 ], [ 55.295759387140301, 25.246860691973996 ], [ 55.295726913065266, 25.246769361711713 ], [ 55.295885429798119, 25.246685555064587 ], [ 55.295865236921635, 25.246655562264106 ], [ 55.296141729631223, 25.246530254846576 ], [ 55.296082798475865, 25.2464400647448 ], [ 55.296233029482636, 25.246384854764148 ], [ 55.296201529434974, 25.246335054787298 ], [ 55.2960815, 25.2463476 ], [ 55.2959859, 25.2463972 ], [ 55.2960034956944, 25.246424962101141 ], [ 55.2958998, 25.2464358 ], [ 55.2958045, 25.2465047 ], [ 55.295848294199736, 25.24657169112745 ], [ 55.295803683617557, 25.246595537506291 ], [ 55.295657694550592, 25.246574690752105 ], [ 55.295614729582759, 25.24645385527392 ], [ 55.2952408, 25.2464401 ], [ 55.295229412994793, 25.246499491953688 ], [ 55.29522941298535, 25.246430735357876 ], [ 55.295184497215523, 25.246385819598267 ], [ 55.294764251400402, 25.246387492187644 ], [ 55.294764251400402, 25.246432407951843 ], [ 55.294944993920836, 25.246500051495097 ], [ 55.29487, 25.2465398 ], [ 55.2949695, 25.2466776 ], [ 55.2950542, 25.2466957 ], [ 55.295196673826752, 25.246670251406648 ], [ 55.295191460164972, 25.246697444532327 ], [ 55.2951029, 25.2467067 ], [ 55.295100654019166, 25.24673148897503 ], [ 55.2949593, 25.246775 ] ], [ [ 55.2954017, 25.2468355 ], [ 55.295548671434815, 25.246813503081647 ], [ 55.295593180028334, 25.246882870733305 ], [ 55.2955218, 25.246854 ], [ 55.295438313892625, 25.246915312285498 ], [ 55.295252169287735, 25.246922058323708 ], [ 55.295169964004543, 25.246740219932502 ], [ 55.2952083, 25.2467732 ], [ 55.295315228266517, 25.24678131846931 ], [ 55.2953467, 25.2468334 ], [ 55.2954017, 25.2468355 ] ], [ [ 55.295461248907415, 25.246677252836253 ], [ 55.295422379589638, 25.246680755129727 ], [ 55.295431070486849, 25.246630218917243 ], [ 55.295461248907415, 25.246677252836253 ] ] ], [ [ [ 55.296246525090318, 25.241946754518434 ], [ 55.2961017, 25.2419401 ], [ 55.2959805, 25.2420017 ], [ 55.2960398, 25.2420578 ], [ 55.296159825192234, 25.242045254594601 ], [ 55.296274825137921, 25.241996354497889 ], [ 55.296246525090318, 25.241946754518434 ] ] ], [ [ [ 55.295481, 25.24156 ], [ 55.295546, 25.2416668 ], [ 55.295657923873193, 25.241655101695123 ], [ 55.29567427985657, 25.24167885266661 ], [ 55.2955405, 25.2417504 ], [ 55.2955567, 25.2417774 ], [ 55.295676724939668, 25.241764854975155 ], [ 55.295884627063117, 25.241661607609071 ], [ 55.2958283, 25.2416937 ], [ 55.2958518, 25.2417274 ], [ 55.295971824875011, 25.24171485473099 ], [ 55.296116624785931, 25.241632354608118 ], [ 55.296093124753796, 25.241598654625577 ], [ 55.295920267776971, 25.241641301262334 ], [ 55.295897788436569, 25.241606136926013 ], [ 55.296020124723718, 25.241564454683505 ], [ 55.29598756572247, 25.241507658337827 ], [ 55.296011392757435, 25.241497215614793 ], [ 55.295992980307901, 25.241400169648006 ], [ 55.295958433198479, 25.241365622550443 ], [ 55.296039524503271, 25.241342654655902 ], [ 55.296004624437899, 25.24127475468087 ], [ 55.2958387, 25.2413066 ], [ 55.295872169029145, 25.241371903078413 ], [ 55.295845165543696, 25.241398906559922 ], [ 55.2957773, 25.241406 ], [ 55.295481, 25.24156 ] ], [ [ 55.295793506916716, 25.24156497684892 ], [ 55.295799682639505, 25.241564331352166 ], [ 55.295802096999054, 25.241568471126186 ], [ 55.2957958400834, 25.241569125109429 ], [ 55.295793506916716, 25.24156497684892 ] ] ], [ [ [ 55.296083291717721, 25.237822615542456 ], [ 55.296049, 25.2378262 ], [ 55.2960471, 25.2378549 ], [ 55.296167291725958, 25.237856115523329 ], [ 55.296169291717824, 25.237827415522425 ], [ 55.296083291717721, 25.237822615542456 ] ] ], [ [ [ 55.294468286308685, 25.245770805784925 ], [ 55.294606610464655, 25.245759259232429 ], [ 55.2949287, 25.245817 ], [ 55.295087057756753, 25.245800449917827 ], [ 55.2950669, 25.2458894 ], [ 55.295102777748255, 25.245896054758333 ], [ 55.29505247532154, 25.245901311919035 ], [ 55.294883810566901, 25.245874517823072 ], [ 55.294893205030071, 25.245830919760216 ], [ 55.294759404994984, 25.245807419992243 ], [ 55.2945022, 25.2458343 ], [ 55.2944665, 25.2460009 ], [ 55.294560399257776, 25.246016282048132 ], [ 55.2945532, 25.2460474 ], [ 55.2946376, 25.2460942 ], [ 55.2947291, 25.2461122 ], [ 55.295014580553513, 25.246078498033732 ], [ 55.2949576, 25.2461777 ], [ 55.295049794096137, 25.246182315910477 ], [ 55.295058506688271, 25.246131955128323 ], [ 55.295207794083659, 25.246146415872978 ], [ 55.295208594041974, 25.245999015870563 ], [ 55.295104142780865, 25.24598263285079 ], [ 55.295108831355563, 25.24595833864354 ], [ 55.295340725632123, 25.245965163663289 ], [ 55.2952929, 25.2459905 ], [ 55.2952527, 25.2461938 ], [ 55.295299908563393, 25.246201499105023 ], [ 55.2952907, 25.2462481 ], [ 55.2953851, 25.2462633 ], [ 55.295419394112578, 25.2462597158252 ], [ 55.295427257562061, 25.24621992196208 ], [ 55.295547000440891, 25.24623176311712 ], [ 55.2954905, 25.2462447 ], [ 55.2954795, 25.2462919 ], [ 55.2955315, 25.2463018 ], [ 55.295647294119497, 25.246296015772451 ], [ 55.295641166741859, 25.246246996884786 ], [ 55.295899329335242, 25.246218555028506 ], [ 55.295892206919355, 25.246167997933426 ], [ 55.2959461, 25.2462504 ], [ 55.296043894090133, 25.24621281567844 ], [ 55.29573169395983, 25.245735715744246 ], [ 55.295634, 25.2457732 ], [ 55.29575353970791, 25.245955976362147 ], [ 55.295537432796145, 25.245963065908587 ], [ 55.29555879399345, 25.245845615786337 ], [ 55.295490061981205, 25.245814409841312 ], [ 55.295498104853088, 25.245778918693293 ], [ 55.295349304810976, 25.245751318951172 ], [ 55.295190770796232, 25.245767887749629 ], [ 55.29521860459085, 25.245640719167891 ], [ 55.294829804486128, 25.245571119841969 ], [ 55.29446550446437, 25.245541920477649 ], [ 55.2942083, 25.2455688 ], [ 55.294128, 25.2456122 ], [ 55.2941084, 25.2457035 ], [ 55.294292704833346, 25.245723815209356 ], [ 55.2941053, 25.2457434 ], [ 55.2940578, 25.2459622 ], [ 55.294198345342053, 25.245979431828971 ], [ 55.2941918, 25.2460166 ], [ 55.2943086, 25.2460519 ], [ 55.294447294069364, 25.246056316049472 ], [ 55.294466994041279, 25.245958016043385 ], [ 55.294429030030777, 25.245951172052866 ], [ 55.294468286308685, 25.245770805784925 ] ], [ [ 55.295563571897276, 25.246178495026854 ], [ 55.295594584813863, 25.24607993039228 ], [ 55.2956085, 25.2460974 ], [ 55.295826310498654, 25.246067242691741 ], [ 55.295843052155064, 25.246092840604071 ], [ 55.2956184, 25.2461176 ], [ 55.295626202442854, 25.246173288890734 ], [ 55.295563571897276, 25.246178495026854 ] ] ], [ [ [ 55.295799792971145, 25.242242215675528 ], [ 55.296026292936155, 25.242130215620875 ], [ 55.295955492912093, 25.242041415636091 ], [ 55.2957035, 25.242149 ], [ 55.2957655, 25.2422458 ], [ 55.295799792971145, 25.242242215675528 ] ] ], [ [ [ 55.295973993423594, 25.243851715659112 ], [ 55.29595399341428, 25.243817715663273 ], [ 55.2958536, 25.2438532 ], [ 55.2958737, 25.2438872 ], [ 55.295973993423594, 25.243851715659112 ] ] ], [ [ [ 55.295842229741339, 25.242749315286961 ], [ 55.295946921618054, 25.242747762067097 ], [ 55.295946921607047, 25.242657930538105 ], [ 55.295842229741339, 25.242659483758541 ], [ 55.295842229741339, 25.242749315286961 ] ] ], [ [ [ 55.293922282825989, 25.241670142313762 ], [ 55.293922282821754, 25.241625226549331 ], [ 55.29387736705354, 25.2415803107884 ], [ 55.293802734954419, 25.241580920731003 ], [ 55.293861924823553, 25.241553156449243 ], [ 55.293838943602204, 25.241513061021848 ], [ 55.293910851880582, 25.241503952781283 ], [ 55.293910851880483, 25.2415365896534 ], [ 55.293972914043508, 25.241534797698399 ], [ 55.293972914037155, 25.241489881933859 ], [ 55.293936362135874, 25.241490937320499 ], [ 55.293970624739103, 25.241473456356065 ], [ 55.293969668221756, 25.241404671691917 ], [ 55.2939931, 25.2414434 ], [ 55.294027392770367, 25.241439816077861 ], [ 55.294073392763238, 25.241417016066755 ], [ 55.294042731377594, 25.241366338605712 ], [ 55.294100049811071, 25.241349464624864 ], [ 55.2941274, 25.2413958 ], [ 55.294161692754933, 25.241392216045732 ], [ 55.294300992730896, 25.241314416011974 ], [ 55.294209880057473, 25.241222792612422 ], [ 55.29442880648061, 25.241202656374803 ], [ 55.29434530000001, 25.2412493 ], [ 55.2943931, 25.2413256 ], [ 55.294513124552523, 25.241313055903568 ], [ 55.294695024444032, 25.241212855749406 ], [ 55.294682581515907, 25.241193131074901 ], [ 55.294781524392782, 25.241165555676105 ], [ 55.294729279922656, 25.2410699377848 ], [ 55.2947689, 25.2411274 ], [ 55.294943914458301, 25.241083838182217 ], [ 55.294943914457221, 25.241132347775547 ], [ 55.294988830221428, 25.241177263539754 ], [ 55.295065627476284, 25.241162783540517 ], [ 55.2952218, 25.2412151 ], [ 55.295486781539402, 25.241158935475632 ], [ 55.295484524533911, 25.241187391785449 ], [ 55.2953033, 25.241257 ], [ 55.2954112, 25.2414438 ], [ 55.295621824600062, 25.241418755001774 ], [ 55.295966424379309, 25.241213554708896 ], [ 55.295940924337984, 25.241170454727499 ], [ 55.295875902609936, 25.2411772509891 ], [ 55.295795968161961, 25.241056044906244 ], [ 55.295859824203539, 25.241030354786464 ], [ 55.295724724007968, 25.240825654886194 ], [ 55.295563182874091, 25.240855165614398 ], [ 55.295716423956264, 25.240772954890208 ], [ 55.295693523922814, 25.240737954907093 ], [ 55.2954199, 25.2407281 ], [ 55.2954032, 25.240812 ], [ 55.295473333131639, 25.240804669672428 ], [ 55.295072056017723, 25.241014446995379 ], [ 55.294985424157908, 25.240938755497229 ], [ 55.294948352889215, 25.240942630066584 ], [ 55.294997224135436, 25.240916655486405 ], [ 55.294966776177461, 25.240817197765463 ], [ 55.2950428, 25.2409283 ], [ 55.295077092609333, 25.240924715824608 ], [ 55.295388692557204, 25.240756515749208 ], [ 55.295393192543401, 25.240707915747421 ], [ 55.294964417917569, 25.240609771243484 ], [ 55.294974023788278, 25.24056455548676 ], [ 55.294893523778661, 25.240550655551903 ], [ 55.294709084348106, 25.240583492604941 ], [ 55.294730492513146, 25.240566415900243 ], [ 55.294711392504695, 25.240535515904234 ], [ 55.2946771, 25.2405391 ], [ 55.2944102, 25.2406747 ], [ 55.2944482, 25.2407358 ], [ 55.294589377668188, 25.240705547830235 ], [ 55.294576309265871, 25.240684535258474 ], [ 55.29465580073164, 25.240625995445338 ], [ 55.2946672, 25.240648 ], [ 55.294809182973388, 25.240626159603437 ], [ 55.294965663433629, 25.240815571584971 ], [ 55.294872356958443, 25.240815455600874 ], [ 55.294919524013885, 25.240789755543272 ], [ 55.294816823879863, 25.240648955619875 ], [ 55.2946968, 25.2406615 ], [ 55.2945774, 25.2407232 ], [ 55.29466915198774, 25.240832457949903 ], [ 55.294661997723502, 25.240866196586893 ], [ 55.294558915316394, 25.240897347861555 ], [ 55.294499024034714, 25.240788955887371 ], [ 55.294379, 25.2408015 ], [ 55.294260565639561, 25.240863922732249 ], [ 55.2941516, 25.2408647 ], [ 55.2941186, 25.2408813 ], [ 55.2941316, 25.2409025 ], [ 55.29420116751529, 25.240895229406263 ], [ 55.2941293, 25.2409069 ], [ 55.294066123662532, 25.240957152199329 ], [ 55.294047024194874, 25.240927356264621 ], [ 55.293927, 25.2409399 ], [ 55.2938467, 25.2409821 ], [ 55.293861777653966, 25.241005606183386 ], [ 55.2937511, 25.2410325 ], [ 55.293765880055233, 25.241058671962751 ], [ 55.2935555, 25.2411397 ], [ 55.293576096364575, 25.241174108770078 ], [ 55.293392729453217, 25.241273788388053 ], [ 55.2932998, 25.2412835 ], [ 55.293276895511276, 25.241319506237733 ], [ 55.2932138, 25.2413261 ], [ 55.2928901, 25.2414921 ], [ 55.292949380436355, 25.241586868724585 ], [ 55.292919481216586, 25.241602185758413 ], [ 55.292842924885299, 25.24156265728374 ], [ 55.2926313, 25.2416164 ], [ 55.2925779, 25.2416447 ], [ 55.292610113604084, 25.241729977235611 ], [ 55.292577492859913, 25.241681316420546 ], [ 55.2925432, 25.2416849 ], [ 55.2924064, 25.2417599 ], [ 55.292420641859174, 25.241781172825814 ], [ 55.2922746, 25.2418139 ], [ 55.2922958, 25.2418533 ], [ 55.292351860778524, 25.241847441791784 ], [ 55.2921027, 25.2419818 ], [ 55.2922066, 25.242151 ], [ 55.292314051384331, 25.242139771692823 ], [ 55.292402529773334, 25.242087112959918 ], [ 55.2925055, 25.2421785 ], [ 55.292573384738589, 25.242171406146394 ], [ 55.2923578, 25.2423005 ], [ 55.2924088, 25.2423757 ], [ 55.292500248149082, 25.242366143881899 ], [ 55.29276802554682, 25.242227357380255 ], [ 55.292714025470538, 25.242147457420213 ], [ 55.29264836819376, 25.242154318573338 ], [ 55.292679274168215, 25.24211897497317 ], [ 55.293004825394654, 25.242085857178939 ], [ 55.293136925330082, 25.242027457067731 ], [ 55.293135018630828, 25.241971239969502 ], [ 55.293366425216284, 25.241924356874442 ], [ 55.293536925121039, 25.241836956730271 ], [ 55.293519046893685, 25.241808436023003 ], [ 55.293584125083001, 25.241800956689726 ], [ 55.293694421895566, 25.241724401549682 ], [ 55.293731188823664, 25.241761168474433 ], [ 55.293877367070472, 25.241759973846133 ], [ 55.293922282825989, 25.241670142313762 ] ], [ [ 55.295667384744128, 25.241063814772772 ], [ 55.295673501563812, 25.241055936675608 ], [ 55.295679175206885, 25.241048629362144 ], [ 55.295686062110924, 25.24106016749414 ], [ 55.295667384744128, 25.241063814772772 ] ], [ [ 55.294712840729048, 25.24102717601221 ], [ 55.294734983823901, 25.241024861726785 ], [ 55.294717380316243, 25.241034791034334 ], [ 55.294712840729048, 25.24102717601221 ] ], [ [ 55.294492069425218, 25.241008992497367 ], [ 55.294590682831831, 25.240957783367325 ], [ 55.29465000401462, 25.241054770287825 ], [ 55.294599211132734, 25.241060078868859 ], [ 55.294563224241756, 25.241001555846086 ], [ 55.294492069425218, 25.241008992497367 ] ], [ [ 55.294584325295119, 25.241142135562793 ], [ 55.294583797970397, 25.241142190675554 ], [ 55.294584220097498, 25.241141978172013 ], [ 55.294584325295119, 25.241142135562793 ] ], [ [ 55.294558497194245, 25.240909916847666 ], [ 55.294560733858532, 25.240913187859167 ], [ 55.294550001101825, 25.240914309582319 ], [ 55.294558497194245, 25.240909916847666 ] ], [ [ 55.294233024413863, 25.241158356124629 ], [ 55.294113, 25.2411709 ], [ 55.294036592865659, 25.241218603584919 ], [ 55.293987845311321, 25.241128044584972 ], [ 55.294127699589239, 25.241086405308213 ], [ 55.2941464, 25.2411147 ], [ 55.294314219787715, 25.241078989696597 ], [ 55.2942818, 25.2410953 ], [ 55.294327148516437, 25.241168943463418 ], [ 55.294251469250071, 25.241182426950569 ], [ 55.294233024413863, 25.241158356124629 ] ], [ [ 55.294013544269113, 25.241295883422158 ], [ 55.294011669164234, 25.241256007160402 ], [ 55.294085617827385, 25.241268890237595 ], [ 55.294065234019222, 25.241290481329081 ], [ 55.294013544269113, 25.241295883422158 ] ], [ [ 55.293832560310022, 25.241176746686662 ], [ 55.293807625154038, 25.241135157707891 ], [ 55.293808759381868, 25.241134600984584 ], [ 55.293832560310022, 25.241176746686662 ] ], [ [ 55.2936663, 25.2414338 ], [ 55.293635536080231, 25.241428558423408 ], [ 55.293730009178446, 25.241427141917697 ], [ 55.2936663, 25.2414338 ] ], [ [ 55.293678692834028, 25.241646916162527 ], [ 55.293657267372325, 25.24164915527188 ], [ 55.293686273059649, 25.241635549579748 ], [ 55.293686273059947, 25.241660524278991 ], [ 55.293678692834028, 25.241646916162527 ] ], [ [ 55.293567049840775, 25.24168578485483 ], [ 55.293551186299105, 25.241660475643247 ], [ 55.293643733992816, 25.241650803813041 ], [ 55.293567049840775, 25.24168578485483 ] ], [ [ 55.292513748713745, 25.242029970684925 ], [ 55.292595234057032, 25.241988104903328 ], [ 55.292569534026384, 25.241947104918061 ], [ 55.292522488537287, 25.241952021117211 ], [ 55.292670176186256, 25.24188897717184 ], [ 55.29270484428892, 25.241948685628572 ], [ 55.292513748713745, 25.242029970684925 ] ], [ [ 55.292449437433078, 25.241824184265269 ], [ 55.292437787591112, 25.24182540165398 ], [ 55.292447423799096, 25.241821176536927 ], [ 55.292449437433078, 25.241824184265269 ] ] ], [ [ [ 55.295842229741339, 25.242973894107987 ], [ 55.295842229741339, 25.24301880987219 ], [ 55.295900862780883, 25.243017376136667 ], [ 55.295900862775802, 25.24297246037219 ], [ 55.295842229741339, 25.242973894107987 ] ] ], [ [ [ 55.295815493947259, 25.245695615724042 ], [ 55.2957399, 25.2457218 ], [ 55.2957661, 25.245761 ], [ 55.295841693957961, 25.245734815718514 ], [ 55.295815493947259, 25.245695615724042 ] ] ], [ [ [ 55.295533, 25.2419044 ], [ 55.295653025066535, 25.241891855001263 ], [ 55.295896324949346, 25.241786054796549 ], [ 55.295861724897001, 25.241731354821983 ], [ 55.2957417, 25.2417439 ], [ 55.2956311, 25.2418004 ], [ 55.295649443142935, 25.241828916657791 ], [ 55.2955131, 25.241872 ], [ 55.295533, 25.2419044 ] ] ], [ [ [ 55.295796193179889, 25.242980415687523 ], [ 55.2957279, 25.2429775 ], [ 55.295721, 25.2430075 ], [ 55.295789293188449, 25.243010315689592 ], [ 55.295796193179889, 25.242980415687523 ] ] ], [ [ [ 55.295782693035285, 25.242468215682944 ], [ 55.295740593017612, 25.242403515691809 ], [ 55.2955817, 25.2424733 ], [ 55.2956105, 25.2425177 ], [ 55.295782693035285, 25.242468215682944 ] ] ], [ [ [ 55.295616917198018, 25.23393555460996 ], [ 55.295895617046803, 25.233797154374599 ], [ 55.295879717021613, 25.233770854386218 ], [ 55.2957597, 25.2337834 ], [ 55.295481, 25.2339218 ], [ 55.2954969, 25.2339481 ], [ 55.295616917198018, 25.23393555460996 ] ] ], [ [ [ 55.2956447, 25.238596 ], [ 55.295728143721043, 25.238587278064237 ], [ 55.295819443686213, 25.238541378010606 ], [ 55.295793543658256, 25.238499378023796 ], [ 55.2957101, 25.2385081 ], [ 55.2956188, 25.2385541 ], [ 55.2956447, 25.238596 ] ] ], [ [ [ 55.295729201292652, 25.242028392994971 ], [ 55.295684285520821, 25.241983477236989 ], [ 55.295617650920313, 25.241985747295452 ], [ 55.295572735156107, 25.242030663059662 ], [ 55.295572735156107, 25.242075578823869 ], [ 55.295729201300695, 25.242073308759611 ], [ 55.295729201292652, 25.242028392994971 ] ] ], [ [ [ 55.295553495301874, 25.250472315857508 ], [ 55.295594595294929, 25.250449915847554 ], [ 55.295570395285026, 25.250413615852665 ], [ 55.295495, 25.2504395 ], [ 55.2955192, 25.2504759 ], [ 55.295553495301874, 25.250472315857508 ] ] ], [ [ [ 55.295482903627693, 25.25020533214515 ], [ 55.295437987863494, 25.25025024790936 ], [ 55.295437987863494, 25.250295163673567 ], [ 55.295565544167516, 25.250291221111155 ], [ 55.295565544139563, 25.250201389581242 ], [ 55.295482903627693, 25.25020533214515 ] ] ], [ [ [ 55.295273245717027, 25.241989286400308 ], [ 55.29524372513707, 25.241941855338911 ], [ 55.2951237, 25.2419544 ], [ 55.29497, 25.2420325 ], [ 55.294986060432834, 25.242058322669791 ], [ 55.2949484, 25.2420799 ], [ 55.2949767, 25.24212 ], [ 55.295048655659272, 25.242126469007015 ], [ 55.2949172, 25.2421781 ], [ 55.2949768, 25.24227 ], [ 55.295223998827552, 25.242219206929352 ], [ 55.295234795617077, 25.242236271123108 ], [ 55.2950354, 25.2422929 ], [ 55.295103, 25.2423741 ], [ 55.295305825539636, 25.242351955309772 ], [ 55.295279344012016, 25.24227552817251 ], [ 55.29531396405519, 25.242271909779078 ], [ 55.295362076704897, 25.242352212433641 ], [ 55.2952271, 25.2424032 ], [ 55.295238516072558, 25.242420798320147 ], [ 55.2950243, 25.2425348 ], [ 55.2950454, 25.2425672 ], [ 55.295165425747427, 25.242554655435402 ], [ 55.295465925573858, 25.242394855181015 ], [ 55.295455430981491, 25.242378677399834 ], [ 55.295650025472057, 25.242301555025399 ], [ 55.295578925358079, 25.242182655077301 ], [ 55.295451566279588, 25.242198942109358 ], [ 55.295429525338264, 25.242154855198102 ], [ 55.295268329418803, 25.242186721292505 ], [ 55.295252397108882, 25.242161499349457 ], [ 55.295518525229298, 25.242049355119679 ], [ 55.295493625187937, 25.242006255137778 ], [ 55.295453465932106, 25.2420104525374 ], [ 55.29548902517076, 25.241988655140613 ], [ 55.29546352513843, 25.241954655159695 ], [ 55.295273245717027, 25.241989286400308 ] ] ], [ [ [ 55.295509126269103, 25.243099755182943 ], [ 55.2953891, 25.2431123 ], [ 55.2953523, 25.2431311 ], [ 55.2953957, 25.2432008 ], [ 55.295515726356328, 25.243188255182226 ], [ 55.2956290819929, 25.243107446642558 ], [ 55.295629081984437, 25.243017615113686 ], [ 55.295572735156107, 25.243018809872204 ], [ 55.295527819392028, 25.243129664130826 ], [ 55.295509126269103, 25.243099755182943 ] ] ], [ [ [ 55.295077594140714, 25.248014595079496 ], [ 55.2949845, 25.2480488 ], [ 55.2950479, 25.2481479 ], [ 55.295305109841372, 25.248121019297347 ], [ 55.295363709770008, 25.248090419191083 ], [ 55.295330759136853, 25.248038914576387 ], [ 55.295516309579057, 25.248008318914081 ], [ 55.295486309486073, 25.247962918961569 ], [ 55.29522806432432, 25.247990361994709 ], [ 55.295170694580968, 25.247903215908206 ], [ 55.2950406, 25.2479584 ], [ 55.295077594140714, 25.248014595079496 ] ] ], [ [ [ 55.29546434304094, 25.238641067944304 ], [ 55.2954135, 25.2386655 ], [ 55.2954604, 25.2387453 ], [ 55.295603685411201, 25.238705195002836 ], [ 55.295556885362359, 25.238625395024584 ], [ 55.295510618470487, 25.238630231010159 ], [ 55.295537685358504, 25.238618295034371 ], [ 55.295515885333849, 25.238578095044399 ], [ 55.2953944, 25.2386059 ], [ 55.2954162, 25.2386461 ], [ 55.29546434304094, 25.238641067944304 ] ] ], [ [ [ 55.29552609281491, 25.241675315730973 ], [ 55.295436292778518, 25.241541915749949 ], [ 55.2953267, 25.2415869 ], [ 55.2954166, 25.2417204 ], [ 55.29552609281491, 25.241675315730973 ] ] ], [ [ [ 55.295457425117768, 25.241933455163554 ], [ 55.295426625064145, 25.241877655185814 ], [ 55.2952551, 25.2419135 ], [ 55.2952859, 25.2419693 ], [ 55.295457425117768, 25.241933455163554 ] ] ], [ [ [ 55.295256725101382, 25.24190645532639 ], [ 55.295399625024771, 25.241836455205728 ], [ 55.29537882499141, 25.241801655220911 ], [ 55.2952588, 25.2418142 ], [ 55.2951159, 25.2418842 ], [ 55.2951367, 25.241919 ], [ 55.295256725101382, 25.24190645532639 ] ] ], [ [ [ 55.294781969021095, 25.250317908084945 ], [ 55.2946787, 25.2503287 ], [ 55.2944513, 25.2504607 ], [ 55.2945419, 25.2505884 ], [ 55.294747672065647, 25.250566896405715 ], [ 55.294975071821582, 25.250434896074594 ], [ 55.294957734366719, 25.250410459168165 ], [ 55.295053071756328, 25.250400495961994 ], [ 55.295274571543501, 25.250286595640805 ], [ 55.295190971325027, 25.250153495746055 ], [ 55.2949852, 25.250175 ], [ 55.2947637, 25.2502888 ], [ 55.294781969021095, 25.250317908084945 ] ] ], [ [ [ 55.295437987863494, 25.230038154016668 ], [ 55.295542338804076, 25.230031940977195 ], [ 55.295542338782077, 25.229987025211816 ], [ 55.295437987863494, 25.229993238252469 ], [ 55.295437987863494, 25.230038154016668 ] ] ], [ [ [ 55.292966772354319, 25.250442110509429 ], [ 55.293051683757533, 25.250421468957569 ], [ 55.2931286, 25.2505491 ], [ 55.293368667472215, 25.250524014755051 ], [ 55.293764067045693, 25.250329114086973 ], [ 55.293747933957668, 25.250302349902537 ], [ 55.293925162222614, 25.250283830110487 ], [ 55.294206181037907, 25.25014581353102 ], [ 55.2943603, 25.250385 ], [ 55.294600367020621, 25.250359912720892 ], [ 55.294806466784408, 25.250251312371933 ], [ 55.294772890763795, 25.250199204023133 ], [ 55.294898166645893, 25.250186112214873 ], [ 55.295173566354428, 25.25005321174989 ], [ 55.295029937921981, 25.249809791183626 ], [ 55.295251526475489, 25.24969943959486 ], [ 55.295150725738822, 25.249520539907955 ], [ 55.294927525654423, 25.249489040683937 ], [ 55.2944131, 25.2495428 ], [ 55.2939615, 25.2497663 ], [ 55.293990375952362, 25.249812795277489 ], [ 55.2938554, 25.2498269 ], [ 55.2934722, 25.2500152 ], [ 55.293494134138278, 25.250051711951187 ], [ 55.2933507, 25.2500667 ], [ 55.2929554, 25.250261699999989 ], [ 55.29300942720355, 25.250351350379436 ], [ 55.2927295, 25.2503806 ], [ 55.2926689, 25.2504162 ], [ 55.2926992, 25.2504583 ], [ 55.292784199669121, 25.250449418460644 ], [ 55.2928041, 25.2504819 ], [ 55.292966772354319, 25.250442110509429 ] ], [ [ 55.2944057, 25.250027 ], [ 55.294300451952282, 25.250082458276268 ], [ 55.294273281678613, 25.250037215356251 ], [ 55.294541067815892, 25.250012853852205 ], [ 55.2944057, 25.250027 ] ] ], [ [ [ 55.294664694954108, 25.241431383164187 ], [ 55.2945247, 25.2414511 ], [ 55.2944389, 25.241502 ], [ 55.294491992787428, 25.241524315970501 ], [ 55.294646650493846, 25.24147892006955 ], [ 55.29476063872518, 25.241578790205686 ], [ 55.2945168, 25.2417136 ], [ 55.2945632, 25.2417878 ], [ 55.294621932660768, 25.241781661667307 ], [ 55.2945723, 25.2418065 ], [ 55.2946075, 25.241864 ], [ 55.294764892995573, 25.241832755191368 ], [ 55.294959546184813, 25.241871995743228 ], [ 55.2948954, 25.2418787 ], [ 55.2947202, 25.2419719 ], [ 55.2946952, 25.2420088 ], [ 55.2947169, 25.2420423 ], [ 55.294836925244965, 25.242029755676509 ], [ 55.295048625122668, 25.241917155497273 ], [ 55.295030620120933, 25.241889497271252 ], [ 55.295095125086249, 25.2418827554574 ], [ 55.295355524939374, 25.241747855237136 ], [ 55.295311631059405, 25.241720630274123 ], [ 55.295255924808856, 25.241610755311402 ], [ 55.294935580088719, 25.241644721621615 ], [ 55.295223324749287, 25.241548855334809 ], [ 55.295175320223557, 25.241519546438738 ], [ 55.295044824494994, 25.2412825554668 ], [ 55.2949248, 25.2412951 ], [ 55.294812169222638, 25.241354113479492 ], [ 55.294942592712459, 25.241282515861471 ], [ 55.294916792701976, 25.241244115866923 ], [ 55.2948825, 25.2412477 ], [ 55.2946129, 25.2413957 ], [ 55.294664694954108, 25.241431383164187 ] ], [ [ 55.295098491612123, 25.241736579810667 ], [ 55.295121508920168, 25.241724004589425 ], [ 55.295127066059045, 25.241731958117125 ], [ 55.2951104, 25.2417337 ], [ 55.295098491612123, 25.241736579810667 ] ] ], [ [ [ 55.295264994385711, 25.24721761587579 ], [ 55.295192594354759, 25.247104415891016 ], [ 55.2950144, 25.2471834 ], [ 55.2950868, 25.2472966 ], [ 55.295264994385711, 25.24721761587579 ] ] ], [ [ [ 55.295289892721733, 25.241333415781035 ], [ 55.2951969, 25.241368 ], [ 55.2952439, 25.2414408 ], [ 55.295336892741624, 25.241406215771143 ], [ 55.295289892721733, 25.241333415781035 ] ] ], [ [ [ 55.295269756101128, 25.245443066421039 ], [ 55.295224840332907, 25.245398150660122 ], [ 55.295168493278254, 25.245399345375112 ], [ 55.295123577514047, 25.245444261139312 ], [ 55.295123577514047, 25.245489176903522 ], [ 55.295269756105363, 25.245487982185473 ], [ 55.295269756101128, 25.245443066421039 ] ] ], [ [ [ 55.294249269772678, 25.254604568394043 ], [ 55.294249269752981, 25.254500882821599 ], [ 55.294355123455901, 25.254489821686203 ], [ 55.294984222713957, 25.25417282054644 ], [ 55.294851158159545, 25.253956750029165 ], [ 55.295033096134595, 25.253868151909192 ], [ 55.294783992920152, 25.253449353363578 ], [ 55.294750397076058, 25.253452864099266 ], [ 55.294554990732649, 25.253161254741595 ], [ 55.294247250326961, 25.253193412675248 ], [ 55.294516020401197, 25.253058321241539 ], [ 55.294402319996031, 25.252861421418697 ], [ 55.2941451, 25.2528883 ], [ 55.293956399657198, 25.252977810802296 ], [ 55.294342019785653, 25.252759121512895 ], [ 55.294213619373203, 25.252558021715348 ], [ 55.2939564, 25.2525849 ], [ 55.2935868, 25.2527783 ], [ 55.2935665, 25.252863 ], [ 55.293616272865904, 25.252944129819202 ], [ 55.2934041, 25.2529663 ], [ 55.2931313, 25.2530957 ], [ 55.2928261, 25.2532911 ], [ 55.2929339, 25.253477 ], [ 55.293264619320411, 25.253442443917653 ], [ 55.2931707, 25.2534939 ], [ 55.2933731, 25.2537961 ], [ 55.2937469, 25.2541272 ], [ 55.294381838177102, 25.254060853123669 ], [ 55.2939509, 25.254278 ], [ 55.29409641825675, 25.254514293936303 ], [ 55.293910851880483, 25.254607077037335 ], [ 55.293910851880483, 25.254651992801545 ], [ 55.294114522490339, 25.254649484180788 ], [ 55.294249269772678, 25.254604568394043 ] ] ], [ [ [ 55.295258324806667, 25.230172901309288 ], [ 55.295361532832338, 25.230166807826421 ], [ 55.295361532789194, 25.230076976295692 ], [ 55.295258324806667, 25.230083069780875 ], [ 55.295258324806667, 25.230172901309288 ] ] ], [ [ [ 55.29440406059792, 25.247154581049035 ], [ 55.2944356, 25.2472034 ], [ 55.294507765572561, 25.247215090379342 ], [ 55.2944295, 25.2472429 ], [ 55.294481, 25.2473237 ], [ 55.294539672579631, 25.247317568402764 ], [ 55.2945894, 25.2474351 ], [ 55.2946335, 25.2474622 ], [ 55.294955345943727, 25.247464275845008 ], [ 55.295045177458995, 25.247329528544707 ], [ 55.295045177450525, 25.247239697015839 ], [ 55.294918988233874, 25.247145055171323 ], [ 55.295118694352347, 25.247092015908109 ], [ 55.295060394322185, 25.246982315920086 ], [ 55.29489544700732, 25.246973780536038 ], [ 55.294864369429895, 25.246925095248496 ], [ 55.294912716411019, 25.246880131974173 ], [ 55.294912716400866, 25.246790300445213 ], [ 55.294854082928808, 25.246791734065493 ], [ 55.294808400804818, 25.246837416213932 ], [ 55.2946808, 25.2468381 ], [ 55.2946215, 25.2468691 ], [ 55.29456676981367, 25.247035594442991 ], [ 55.2943375, 25.247093 ], [ 55.294379, 25.2471572 ], [ 55.29440406059792, 25.247154581049035 ] ] ], [ [ [ 55.295021094643573, 25.248116815946435 ], [ 55.294952194613344, 25.248006315960872 ], [ 55.294825, 25.2480573 ], [ 55.2948938, 25.2481678 ], [ 55.295021094643573, 25.248116815946435 ] ] ], [ [ [ 55.294988830221428, 25.245444261139319 ], [ 55.295045177281196, 25.245443066438551 ], [ 55.295045177276954, 25.24539815067412 ], [ 55.294988830221428, 25.245399345375116 ], [ 55.294988830221428, 25.245444261139319 ] ] ], [ [ [ 55.295015693000849, 25.242306515859859 ], [ 55.2949128, 25.2423477 ], [ 55.2949792, 25.2424485 ], [ 55.295082493028588, 25.242408115845773 ], [ 55.295015693000849, 25.242306515859859 ] ] ], [ [ [ 55.294951241748429, 25.236450953047232 ], [ 55.295130904689884, 25.236316205629826 ], [ 55.295085988747722, 25.236091626828934 ], [ 55.294854082928808, 25.236101782184477 ], [ 55.294584588343575, 25.236236529477093 ], [ 55.294584588343575, 25.236326361005506 ], [ 55.294809167164608, 25.236461108298126 ], [ 55.294951241748429, 25.236450953047232 ] ] ], [ [ [ 55.294297615256411, 25.254918620360943 ], [ 55.294225262229929, 25.254921487386781 ], [ 55.294225262230057, 25.254945234731267 ], [ 55.294118428095196, 25.254848443143199 ], [ 55.293866756396909, 25.25487474080979 ], [ 55.293887948651658, 25.254855445549186 ], [ 55.293814148386168, 25.2547890457931 ], [ 55.293562942856745, 25.254815294243816 ], [ 55.293220668272603, 25.254476148464747 ], [ 55.292912, 25.2545084 ], [ 55.2927577, 25.2546452 ], [ 55.2930408, 25.2549063 ], [ 55.293254478064583, 25.254883973611307 ], [ 55.2928529, 25.2552496 ], [ 55.2929267, 25.255316 ], [ 55.292984672505725, 25.255309942786653 ], [ 55.2929511, 25.2553413 ], [ 55.2935123, 25.2558852 ], [ 55.294232533772011, 25.255809942888028 ], [ 55.294618632919665, 25.255686540951867 ], [ 55.294836531738433, 25.255499039821764 ], [ 55.294297028709579, 25.255010254943539 ], [ 55.294342531040421, 25.255008451882034 ], [ 55.294342531030253, 25.254963536117295 ], [ 55.294297615256411, 25.254918620360943 ] ], [ [ 55.293416778474537, 25.254814334011396 ], [ 55.293416778474239, 25.254830566748034 ], [ 55.29339603841489, 25.254832733834622 ], [ 55.293416778474537, 25.254814334011396 ] ] ], [ [ [ 55.294404925286749, 25.236146697948683 ], [ 55.294659223203283, 25.236143591684911 ], [ 55.295108380729616, 25.235694433945948 ], [ 55.295108380718617, 25.235649518181162 ], [ 55.295063464943979, 25.235604602425461 ], [ 55.294883801878434, 25.235559686697076 ], [ 55.294584588343575, 25.235562793014001 ], [ 55.294404925286749, 25.235832287599241 ], [ 55.294404925286749, 25.236146697948683 ] ] ], [ [ [ 55.294674419871988, 25.235338214192975 ], [ 55.294629504107782, 25.235428045721388 ], [ 55.294629504107782, 25.235517877249801 ], [ 55.295100379433791, 25.23551560721587 ], [ 55.295100379425747, 25.235470691451241 ], [ 55.294920716322359, 25.235201196890021 ], [ 55.294764251400402, 25.235203466900362 ], [ 55.294674419871988, 25.235338214192975 ] ] ], [ [ [ 55.29499019290737, 25.2419745158608 ], [ 55.2949257, 25.2419921 ], [ 55.29494, 25.2420173 ], [ 55.295004392914322, 25.24199981585787 ], [ 55.29499019290737, 25.2419745158608 ] ] ], [ [ [ 55.294809167164608, 25.24665698677288 ], [ 55.294809167164608, 25.246701902537087 ], [ 55.294870086909725, 25.246700229984235 ], [ 55.294870086903792, 25.246655314219712 ], [ 55.294809167164608, 25.24665698677288 ] ] ], [ [ [ 55.294988830221428, 25.230172901309288 ], [ 55.295090895268217, 25.230166927411695 ], [ 55.295090895247064, 25.230122011646348 ], [ 55.294988830221428, 25.230127985545074 ], [ 55.294988830221428, 25.230172901309288 ] ] ], [ [ [ 55.294809167164608, 25.245399345375116 ], [ 55.294865514221009, 25.245398150688128 ], [ 55.294865514216781, 25.245353234923687 ], [ 55.294809167164608, 25.245354429610909 ], [ 55.294809167164608, 25.245399345375116 ] ] ], [ [ [ 55.294824028207962, 25.248362232743425 ], [ 55.294824028202463, 25.248317316978916 ], [ 55.294779112433041, 25.248272401218969 ], [ 55.294719335636195, 25.248273954284297 ], [ 55.294719335636195, 25.24836378581271 ], [ 55.294824028207962, 25.248362232743425 ] ] ], [ [ [ 55.294898998693021, 25.230038154016668 ], [ 55.294898998693021, 25.230083069780875 ], [ 55.295045979462806, 25.230077095898512 ], [ 55.295045979420514, 25.229987264367836 ], [ 55.294943914457221, 25.229993238252469 ], [ 55.294911232149452, 25.230025920565073 ], [ 55.294911232131184, 25.22998726442033 ], [ 55.294764251400402, 25.229993238252462 ], [ 55.294764251400402, 25.230038154016672 ], [ 55.294898998693021, 25.230038154016668 ] ] ], [ [ [ 55.294801, 25.2420597 ], [ 55.2947413, 25.2420942 ], [ 55.2947651, 25.242128 ], [ 55.29485909294192, 25.242089915893207 ], [ 55.29483529293271, 25.242056115898254 ], [ 55.294801, 25.2420597 ] ] ], [ [ [ 55.294060910465525, 25.247952677097484 ], [ 55.294162711796432, 25.247942038677536 ], [ 55.293955108855975, 25.248072873905333 ], [ 55.2937663, 25.2481472 ], [ 55.2938581, 25.2482922 ], [ 55.294007317826647, 25.248276606720989 ], [ 55.293873, 25.2483466 ], [ 55.2938976, 25.2483852 ], [ 55.293978215361854, 25.248376775693242 ], [ 55.2940078, 25.248450099999989 ], [ 55.2940831, 25.2484978 ], [ 55.294318695208688, 25.248485875689681 ], [ 55.294282, 25.2485069 ], [ 55.2943075, 25.2485434 ], [ 55.294341794773182, 25.248539816111705 ], [ 55.294379494766524, 25.248518216102564 ], [ 55.294354301218036, 25.248482154768421 ], [ 55.294708610366321, 25.248337520368281 ], [ 55.294610459128606, 25.248183450613652 ], [ 55.294734196652605, 25.248137653930019 ], [ 55.294734196647106, 25.248092738165528 ], [ 55.29468928087767, 25.248047822405574 ], [ 55.294584588343575, 25.248049375463264 ], [ 55.294539672579461, 25.248128987498475 ], [ 55.294352, 25.2481486 ], [ 55.294213883364904, 25.248214242398252 ], [ 55.294236586014527, 25.248179963836034 ], [ 55.294585009711028, 25.248022120549326 ], [ 55.294492809413882, 25.24787722069463 ], [ 55.294284960517992, 25.247898941684912 ], [ 55.294265709419612, 25.247868121091976 ], [ 55.294144287633529, 25.247866551937204 ], [ 55.294285409380755, 25.247850821055458 ], [ 55.294389409248822, 25.247794020866579 ], [ 55.294294737943012, 25.247652105193797 ], [ 55.2943359759796, 25.247629593271345 ], [ 55.2944265, 25.2476527 ], [ 55.294497694514206, 25.247632116061521 ], [ 55.294448094492118, 25.247551416071904 ], [ 55.294417245964048, 25.247554639881692 ], [ 55.294532594474504, 25.247493516051257 ], [ 55.294313794377331, 25.24713851609706 ], [ 55.2941229, 25.2472226 ], [ 55.294150606863433, 25.247328653679773 ], [ 55.293669, 25.2474147 ], [ 55.2936129, 25.2474443 ], [ 55.293660386586154, 25.247487589066143 ], [ 55.2934115, 25.2476199 ], [ 55.2934388, 25.2476622 ], [ 55.293525614795897, 25.247653128042046 ], [ 55.2936132, 25.2477949 ], [ 55.293690468504991, 25.247786825532184 ], [ 55.2935741, 25.247849 ], [ 55.2936042, 25.2478951 ], [ 55.293656951019159, 25.24788958759526 ], [ 55.2936875, 25.2479672 ], [ 55.2937436, 25.2480117 ], [ 55.294000809696314, 25.247984821569897 ], [ 55.294060910465525, 25.247952677097484 ] ], [ [ 55.294219215287079, 25.247461517504131 ], [ 55.29423087339417, 25.247455236058297 ], [ 55.294273715176054, 25.247521373582735 ], [ 55.294259521377249, 25.247522856882874 ], [ 55.294219215287079, 25.247461517504131 ] ], [ [ 55.294185001900338, 25.247383247259247 ], [ 55.29420380333525, 25.247413089845246 ], [ 55.294168890354406, 25.247384930963449 ], [ 55.294185001900338, 25.247383247259247 ] ] ], [ [ [ 55.294754793008416, 25.242319715921063 ], [ 55.2947029, 25.2423339 ], [ 55.2947284, 25.2423685 ], [ 55.294780293017794, 25.242354215915626 ], [ 55.294754793008416, 25.242319715921063 ] ] ], [ [ [ 55.29325979438979, 25.247127816343422 ], [ 55.293232194060693, 25.247083153693737 ], [ 55.293393409124377, 25.24707343183638 ], [ 55.2933125, 25.2471152 ], [ 55.293336822215799, 25.247153797678507 ], [ 55.293309656839483, 25.247167842992283 ], [ 55.293257, 25.2471423 ], [ 55.2931768, 25.2471837 ], [ 55.2932725, 25.2473354 ], [ 55.293386994433931, 25.247290516316138 ], [ 55.293370163815489, 25.247263819518448 ], [ 55.293839208131132, 25.247238421768685 ], [ 55.293883708075128, 25.247214321687899 ], [ 55.293862308049285, 25.247181947430175 ], [ 55.294001507915389, 25.247145121473405 ], [ 55.293976365394563, 25.247071671178301 ], [ 55.294250607632584, 25.247024721022793 ], [ 55.29431509375847, 25.246988979542966 ], [ 55.294360009522549, 25.247061228650733 ], [ 55.294470417662311, 25.247059078285311 ], [ 55.294515333418502, 25.247014162514397 ], [ 55.294515333410878, 25.246969246749781 ], [ 55.294470417639445, 25.246924330991469 ], [ 55.294384374690203, 25.246926006816398 ], [ 55.2944627073825, 25.246917820638615 ], [ 55.294590407228242, 25.246851720407118 ], [ 55.294387649909567, 25.246506996495061 ], [ 55.294449841051176, 25.246511319109469 ], [ 55.294494756815162, 25.246567155244467 ], [ 55.294560249106112, 25.246565004861953 ], [ 55.294594659191333, 25.246496184676168 ], [ 55.294690006442146, 25.24648622019096 ], [ 55.294720406049223, 25.246302520116814 ], [ 55.29455941369384, 25.246280769815758 ], [ 55.294578005859215, 25.246205520355577 ], [ 55.294512505840991, 25.246193520469117 ], [ 55.294296739253248, 25.246212373024562 ], [ 55.294267105821802, 25.246171720897092 ], [ 55.2940099, 25.2461986 ], [ 55.2939688, 25.2462271 ], [ 55.2940013, 25.2462657 ], [ 55.294045174997102, 25.246261114915278 ], [ 55.2939699, 25.2464209 ], [ 55.29399625586354, 25.246450923951826 ], [ 55.2937187, 25.2464942 ], [ 55.293917319851261, 25.246815440848589 ], [ 55.293889646215156, 25.246818332793904 ], [ 55.293808106921489, 25.246666421758345 ], [ 55.2935509, 25.2466933 ], [ 55.2934173, 25.2467608 ], [ 55.293427469298805, 25.246777266605083 ], [ 55.293192199653191, 25.24683664982971 ], [ 55.293192199653191, 25.246881565593913 ], [ 55.293276950041772, 25.246882735647745 ], [ 55.293205435830757, 25.246918876941681 ], [ 55.293181594321574, 25.246882516358003 ], [ 55.2931473, 25.2468861 ], [ 55.2930374, 25.2469534 ], [ 55.2931515, 25.2471688 ], [ 55.29325979438979, 25.247127816343422 ] ], [ [ 55.293580501554231, 25.24702506301394 ], [ 55.293569684661328, 25.247026193371596 ], [ 55.293578460361765, 25.247021757834588 ], [ 55.293580501554231, 25.24702506301394 ] ] ], [ [ [ 55.294812258704695, 25.234973870196779 ], [ 55.294719335636195, 25.234978888079329 ], [ 55.294719335636195, 25.235023803843529 ], [ 55.294812258722466, 25.23501878596193 ], [ 55.294812258704695, 25.234973870196779 ] ] ], [ [ [ 55.2941664, 25.232478 ], [ 55.2941919, 25.2325264 ], [ 55.294356476252915, 25.23249317692359 ], [ 55.294821776177002, 25.232265476803892 ], [ 55.29476847615102, 25.232176476815756 ], [ 55.2947319, 25.2321803 ], [ 55.294227780814929, 25.232426117265334 ], [ 55.294278690209673, 25.232392215882246 ], [ 55.294262914288026, 25.232367956697331 ], [ 55.294432276194172, 25.232302176901605 ], [ 55.294408176181769, 25.232259776906933 ], [ 55.294249131697789, 25.23232051282908 ], [ 55.294213490172439, 25.232257015895446 ], [ 55.2941792, 25.2322606 ], [ 55.294071, 25.2323103 ], [ 55.2941241, 25.2324049 ], [ 55.294149892947281, 25.232402204064506 ], [ 55.2941234, 25.2324163 ], [ 55.2941664, 25.232478 ] ], [ [ 55.294255974352318, 25.232356492118207 ], [ 55.294259486183158, 25.232362685179481 ], [ 55.294246723798814, 25.2323607412238 ], [ 55.294255974352318, 25.232356492118207 ] ], [ [ 55.294230401368054, 25.232462601162926 ], [ 55.294199236851128, 25.23246585856085 ], [ 55.294224634968984, 25.232452110947449 ], [ 55.294230401368054, 25.232462601162926 ] ] ], [ [ [ 55.294485, 25.2322655 ], [ 55.294779376137527, 25.232132276812319 ], [ 55.294755576126207, 25.232093476817631 ], [ 55.2944612, 25.2322266 ], [ 55.294485, 25.2322655 ] ] ], [ [ [ 55.2944031, 25.2391254 ], [ 55.294523122375281, 25.239112855778931 ], [ 55.294670222298279, 25.239042655654842 ], [ 55.29436382179447, 25.238517455877794 ], [ 55.2942438, 25.23853 ], [ 55.2940968, 25.2386002 ], [ 55.2944031, 25.2391254 ] ] ], [ [ [ 55.29431509375884, 25.242488299561703 ], [ 55.294360009522549, 25.242614567994341 ], [ 55.294596019374659, 25.24261337331432 ], [ 55.294596019349271, 25.242343878727738 ], [ 55.294404925286749, 25.242345073409108 ], [ 55.2942646, 25.242464 ], [ 55.29431509375884, 25.242488299561703 ] ] ], [ [ [ 55.294508092791204, 25.241538515966944 ], [ 55.2944738, 25.2415421 ], [ 55.2944268, 25.2415736 ], [ 55.294482092807719, 25.241595615973878 ], [ 55.294529092798101, 25.241564015962421 ], [ 55.294508092791204, 25.241538515966944 ] ] ], [ [ [ 55.294553052009469, 25.236230436471377 ], [ 55.294404925286749, 25.236236529477097 ], [ 55.294404925286749, 25.236326361005506 ], [ 55.294449841050955, 25.236371276769713 ], [ 55.294553052074207, 25.236365183767447 ], [ 55.294553052009469, 25.236230436471377 ] ] ], [ [ [ 55.294408017439338, 25.236501006344426 ], [ 55.294497848948133, 25.236456090549851 ], [ 55.294497848930362, 25.23641117478471 ], [ 55.294408017386026, 25.236366259048953 ], [ 55.294315093758343, 25.236371276769713 ], [ 55.294315093758343, 25.236506024062329 ], [ 55.294408017439338, 25.236501006344426 ] ] ], [ [ [ 55.294336812398107, 25.240815667556006 ], [ 55.294381728153851, 25.240770751784716 ], [ 55.294381728137772, 25.240680920255443 ], [ 55.294270177994136, 25.240683190133488 ], [ 55.294180346465723, 25.240728105897691 ], [ 55.294180346465723, 25.240817937426101 ], [ 55.294336812398107, 25.240815667556006 ] ] ], [ [ [ 55.2942524, 25.2416118 ], [ 55.2942779, 25.2416525 ], [ 55.294346492819813, 25.241631316006131 ], [ 55.294320992808679, 25.241590616011486 ], [ 55.2942524, 25.2416118 ] ] ], [ [ [ 55.294397730084704, 25.236681744630822 ], [ 55.294397730070742, 25.236636828865873 ], [ 55.294315093758343, 25.236640771354949 ], [ 55.294315093758343, 25.236685687119145 ], [ 55.294397730084704, 25.236681744630822 ] ] ], [ [ [ 55.294135430701516, 25.239290801443104 ], [ 55.294135430701516, 25.239470464499927 ], [ 55.294299897908353, 25.239467358352524 ], [ 55.294344813660977, 25.239422442578622 ], [ 55.294344813627973, 25.239287695284233 ], [ 55.294299897842336, 25.239197863763764 ], [ 55.294225262229929, 25.239200969914688 ], [ 55.294135430701516, 25.239290801443104 ] ] ], [ [ [ 55.2939174, 25.2524457 ], [ 55.294146095850493, 25.252338816214941 ], [ 55.294011095793728, 25.25213111624338 ], [ 55.2937824, 25.252238 ], [ 55.2939174, 25.2524457 ] ] ], [ [ [ 55.2943662, 25.2326168 ], [ 55.294418790266782, 25.232601615852676 ], [ 55.294384390254805, 25.232557415860043 ], [ 55.2943318, 25.2325727 ], [ 55.2943662, 25.2326168 ] ] ], [ [ [ 55.29434770000001, 25.2328129 ], [ 55.294415790320741, 25.232792415856252 ], [ 55.294365490298091, 25.23270961586676 ], [ 55.2942973, 25.2327301 ], [ 55.29434770000001, 25.2328129 ] ] ], [ [ [ 55.2942713, 25.2321848 ], [ 55.294411376143294, 25.232132276904082 ], [ 55.294341576107833, 25.232010976919529 ], [ 55.2942015, 25.2320635 ], [ 55.2942713, 25.2321848 ] ] ], [ [ [ 55.2941579, 25.2385203 ], [ 55.29431952176855, 25.238488955912526 ], [ 55.294277521695626, 25.238413055942882 ], [ 55.294116, 25.2384444 ], [ 55.2941579, 25.2385203 ] ] ], [ [ [ 55.294314756808831, 25.236591196310844 ], [ 55.294314756792332, 25.236546280545756 ], [ 55.294225262229929, 25.236550939826532 ], [ 55.294225262229929, 25.236595855590739 ], [ 55.294314756808831, 25.236591196310844 ] ] ], [ [ [ 55.294257268185312, 25.239062877544097 ], [ 55.294257268173467, 25.239017961779258 ], [ 55.294135430701516, 25.239021306857865 ], [ 55.294135430701516, 25.239066222622071 ], [ 55.294257268185312, 25.239062877544097 ] ] ], [ [ [ 55.29422949741371, 25.236455971169786 ], [ 55.294229497395513, 25.236411055404606 ], [ 55.294135430701516, 25.23641619253392 ], [ 55.294135430701516, 25.236461108298126 ], [ 55.29422949741371, 25.236455971169786 ] ] ], [ [ [ 55.294090222476378, 25.239192556137418 ], [ 55.29419012242267, 25.239143456053068 ], [ 55.294171222392585, 25.239112056066872 ], [ 55.2940512, 25.2391246 ], [ 55.2939513, 25.2391737 ], [ 55.2939702, 25.2392051 ], [ 55.294090222476378, 25.239192556137418 ] ] ], [ [ [ 55.294111, 25.238433 ], [ 55.29418489191162, 25.238409915995202 ], [ 55.29413479188878, 25.238326516005653 ], [ 55.294061, 25.2383495 ], [ 55.294111, 25.238433 ] ] ], [ [ [ 55.293610268226601, 25.250917614401125 ], [ 55.293998067807969, 25.250726313745879 ], [ 55.293811967215781, 25.250417514017904 ], [ 55.2935719, 25.2504426 ], [ 55.293184, 25.2506338 ], [ 55.2933702, 25.2509427 ], [ 55.293610268226601, 25.250917614401125 ] ] ], [ [ [ 55.29408829276786, 25.241434116063534 ], [ 55.2940151, 25.2414546 ], [ 55.294046, 25.2415128 ], [ 55.294119092783887, 25.241492416057209 ], [ 55.29408829276786, 25.241434116063534 ] ] ], [ [ [ 55.293910851880483, 25.238886559565252 ], [ 55.294123663915329, 25.238883095047903 ], [ 55.294123663903058, 25.238838179283036 ], [ 55.2939889165878, 25.238748347783766 ], [ 55.293865936116276, 25.238751812272628 ], [ 55.293910851880483, 25.238886559565252 ] ] ], [ [ [ 55.2938974, 25.2381704 ], [ 55.294017421456552, 25.23815785614222 ], [ 55.294031435232689, 25.238108853538375 ], [ 55.294124221392998, 25.238099156051717 ], [ 55.293717920700452, 25.237377956346016 ], [ 55.293645420682026, 25.23735555640415 ], [ 55.2935254, 25.2373681 ], [ 55.2934911, 25.2373836 ], [ 55.2934701, 25.2374543 ], [ 55.2938974, 25.2381704 ] ] ], [ [ [ 55.293941717330277, 25.249124128396556 ], [ 55.293865936116276, 25.249127353804209 ], [ 55.293821020352077, 25.249172269568415 ], [ 55.293821020352077, 25.249217185332622 ], [ 55.29394171735315, 25.249213959926191 ], [ 55.293941717330277, 25.249124128396556 ] ] ], [ [ [ 55.2938196, 25.2488727 ], [ 55.293944594860321, 25.248827316208963 ], [ 55.293909494843192, 25.248764916216231 ], [ 55.2937844, 25.2488103 ], [ 55.2938196, 25.2488727 ] ] ], [ [ [ 55.29395576764469, 25.242434904937525 ], [ 55.294012114425911, 25.242433710302109 ], [ 55.294012114421683, 25.242388794537675 ], [ 55.29395576764469, 25.242389989173311 ], [ 55.29395576764469, 25.242434904937525 ] ] ], [ [ [ 55.2939538764481, 25.235308236749482 ], [ 55.294073818606293, 25.23527925594367 ], [ 55.29395001842127, 25.235085756034724 ], [ 55.293903370144101, 25.235090631584658 ], [ 55.293950318402963, 25.235067256033492 ], [ 55.293931636932207, 25.235036621231643 ], [ 55.293979290930835, 25.234928815990607 ], [ 55.294065018251274, 25.234919855931835 ], [ 55.294102118166293, 25.234835855897035 ], [ 55.2938692, 25.2348331 ], [ 55.2938169, 25.2349525 ], [ 55.293874877753908, 25.234979723817311 ], [ 55.293781803459957, 25.234989451636888 ], [ 55.293730905859334, 25.234867623321659 ], [ 55.293796090918342, 25.234875116032633 ], [ 55.293827390897661, 25.234803516024229 ], [ 55.293771463475224, 25.234790476197123 ], [ 55.293735918084224, 25.234733856191266 ], [ 55.2936159, 25.2347464 ], [ 55.2935746, 25.2347676 ], [ 55.2936107, 25.2348251 ], [ 55.293656005588254, 25.234820364859758 ], [ 55.29362829869347, 25.234853534152865 ], [ 55.2935406, 25.2348627 ], [ 55.2932058, 25.2350083 ], [ 55.2934598, 25.2354668 ], [ 55.2935754, 25.23554 ], [ 55.293835018867114, 25.235530556152366 ], [ 55.294002518781866, 25.23545305601121 ], [ 55.2939538764481, 25.235308236749482 ] ], [ [ 55.29372399368512, 25.234856724321897 ], [ 55.293698141484548, 25.234815960988847 ], [ 55.293746761170183, 25.234804726582315 ], [ 55.2937359, 25.2348296 ], [ 55.29372399368512, 25.234856724321897 ] ] ], [ [ [ 55.2940243, 25.2322353 ], [ 55.2940533, 25.2322885 ], [ 55.294136435265962, 25.232268923873491 ], [ 55.294107335244099, 25.232215823882491 ], [ 55.2940243, 25.2322353 ] ] ], [ [ [ 55.2937851, 25.2486527 ], [ 55.293861394805248, 25.248628216225409 ], [ 55.293848294799346, 25.248606716228153 ], [ 55.293772, 25.2486313 ], [ 55.2937851, 25.2486527 ] ] ], [ [ [ 55.293983201415386, 25.239467597345975 ], [ 55.293910851880483, 25.23947046449992 ], [ 55.293910851880483, 25.239605211792544 ], [ 55.293983201445855, 25.239602344640211 ], [ 55.293983201415386, 25.239467597345975 ] ] ], [ [ [ 55.2934873, 25.2488101 ], [ 55.293567, 25.2488797 ], [ 55.293601294879167, 25.248876116289999 ], [ 55.293837094841535, 25.248755316233023 ], [ 55.293754094803056, 25.248614916250308 ], [ 55.293675194794481, 25.248580516268245 ], [ 55.293487, 25.2486497 ], [ 55.2934579, 25.2486871 ], [ 55.2934873, 25.2488101 ] ] ], [ [ [ 55.29364193352923, 25.248516638840997 ], [ 55.2937032, 25.2485918 ], [ 55.293827094781619, 25.248542916232143 ], [ 55.293705594727783, 25.248346216257588 ], [ 55.2934918, 25.2484405 ], [ 55.2935201, 25.2484863 ], [ 55.293563406601017, 25.248478164554083 ], [ 55.29364193352923, 25.248516638840997 ] ] ], [ [ [ 55.293857600651748, 25.245889596045537 ], [ 55.293857600624655, 25.245799764515667 ], [ 55.293731188823664, 25.245803587252965 ], [ 55.293686273059457, 25.245848503017172 ], [ 55.293686273059457, 25.245938334545585 ], [ 55.293812684901788, 25.245934511821662 ], [ 55.293857600651748, 25.245889596045537 ] ] ], [ [ [ 55.293935999569314, 25.239782246636292 ], [ 55.293935999560006, 25.239737330871584 ], [ 55.293821020352077, 25.239739959085156 ], [ 55.29377610458787, 25.239784874849367 ], [ 55.29377610458787, 25.239874706377776 ], [ 55.293846168060504, 25.239872078181097 ], [ 55.293935999569314, 25.239782246636292 ] ] ], [ [ [ 55.293686273059457, 25.248094291227474 ], [ 55.293686273059457, 25.248184122755887 ], [ 55.293742620383846, 25.248182928170479 ], [ 55.293742620375383, 25.248093096641611 ], [ 55.293686273059457, 25.248094291227474 ] ] ], [ [ [ 55.293850740183984, 25.239108032325184 ], [ 55.293686273059457, 25.239111138386278 ], [ 55.293686273059457, 25.239200969914691 ], [ 55.29385074020599, 25.239197863854773 ], [ 55.293850740183984, 25.239108032325184 ] ] ], [ [ [ 55.2935884, 25.2489155 ], [ 55.2933849, 25.249019 ], [ 55.293447, 25.2491188 ], [ 55.293708494912543, 25.248999716266791 ], [ 55.293667594894508, 25.248933816275365 ], [ 55.2935884, 25.2489155 ] ] ], [ [ [ 55.293756336300298, 25.238749184078898 ], [ 55.293801252045405, 25.238659352541788 ], [ 55.293846167753273, 25.238389857945858 ], [ 55.293756336197895, 25.238255110667144 ], [ 55.293551525766837, 25.238257738866356 ], [ 55.2934578, 25.2383196 ], [ 55.293527177817836, 25.238403826739454 ], [ 55.29350661000263, 25.238661980744219 ], [ 55.293596441531044, 25.238796728036831 ], [ 55.29371142054589, 25.238794099851301 ], [ 55.293756336300298, 25.238749184078898 ] ] ], [ [ [ 55.2936785, 25.2424064 ], [ 55.2935769, 25.2424551 ], [ 55.2936098, 25.2425109 ], [ 55.293670992210281, 25.242494349107172 ], [ 55.29372079307862, 25.242514316165803 ], [ 55.293769093070566, 25.24248831615412 ], [ 55.293712793047213, 25.242402816165988 ], [ 55.2936785, 25.2424064 ] ] ], [ [ [ 55.293686273059457, 25.244231535505758 ], [ 55.293686273059457, 25.244276451269965 ], [ 55.293742620015543, 25.244275256664849 ], [ 55.293742620011308, 25.244230340900419 ], [ 55.293686273059457, 25.244231535505758 ] ] ], [ [ [ 55.293551525766837, 25.246656986772877 ], [ 55.293680224111277, 25.246652925176448 ], [ 55.293680224082486, 25.2465630936465 ], [ 55.293596441531044, 25.246567155244467 ], [ 55.293551525766837, 25.246612071008673 ], [ 55.293551525766837, 25.246656986772877 ] ] ], [ [ [ 55.2935935, 25.2443346 ], [ 55.293588, 25.2443681 ], [ 55.293699793604922, 25.244374816198864 ], [ 55.2937051935954, 25.244341416197095 ], [ 55.2935935, 25.2443346 ] ] ], [ [ [ 55.292953431202314, 25.247951957531761 ], [ 55.293053970127303, 25.247899791799778 ], [ 55.293090116652401, 25.247957577017935 ], [ 55.293047546610076, 25.247971257010921 ], [ 55.293024494620063, 25.247929916410591 ], [ 55.2929902, 25.2479335 ], [ 55.2928781, 25.2479923 ], [ 55.2928634, 25.24808 ], [ 55.2929456, 25.2481076 ], [ 55.293081270381272, 25.248053557070619 ], [ 55.2930987, 25.248081 ], [ 55.293278931270009, 25.248037257269818 ], [ 55.293503331139505, 25.247917057079754 ], [ 55.293471346240402, 25.247869030917549 ], [ 55.293569816217037, 25.247867801089225 ], [ 55.293569816203487, 25.247777969560087 ], [ 55.293416778474217, 25.247779880878021 ], [ 55.293416778474217, 25.247869712406438 ], [ 55.293458863203583, 25.247869186818161 ], [ 55.293375948272406, 25.247877851188498 ], [ 55.293322430988766, 25.247755357219283 ], [ 55.293249430930558, 25.247692757275718 ], [ 55.2931294, 25.2477053 ], [ 55.292998245049013, 25.247772414804274 ], [ 55.2928702, 25.2477723 ], [ 55.2927529, 25.247833 ], [ 55.2928334, 25.2479645 ], [ 55.292953431202314, 25.247951957531761 ] ], [ [ 55.293139801273952, 25.248012423020871 ], [ 55.293126665739329, 25.247991709302905 ], [ 55.293189345586349, 25.247985159561303 ], [ 55.293139801273952, 25.248012423020871 ] ] ], [ [ [ 55.293484555803552, 25.239917232928928 ], [ 55.293619303086381, 25.239872317143256 ], [ 55.293664218841691, 25.239827401371603 ], [ 55.293664218816303, 25.239692654077629 ], [ 55.293574387280295, 25.239647738326969 ], [ 55.29350661000263, 25.23965012755675 ], [ 55.293326946945811, 25.23978487484937 ], [ 55.293326946945811, 25.239874706377776 ], [ 55.293371862710011, 25.239919622141983 ], [ 55.293484555803552, 25.239917232928928 ] ] ], [ [ [ 55.29350889442329, 25.247259216287148 ], [ 55.2934451, 25.247278 ], [ 55.2934709, 25.247319 ], [ 55.293534694434499, 25.247300216281729 ], [ 55.29350889442329, 25.247259216287148 ] ] ], [ [ [ 55.292523, 25.2379557 ], [ 55.292579025634559, 25.237958975202289 ], [ 55.2925275, 25.2379839 ], [ 55.2927608, 25.2383784 ], [ 55.2928225, 25.2383913 ], [ 55.292910391923598, 25.238386116292833 ], [ 55.292940091919093, 25.238371716285663 ], [ 55.292924200203196, 25.238344873309536 ], [ 55.2929855891256, 25.238315177185815 ], [ 55.29310742164941, 25.23830555689473 ], [ 55.29318222160807, 25.238267656831507 ], [ 55.293134172369058, 25.238243301729366 ], [ 55.29321489567397, 25.238195280176434 ], [ 55.293662821311635, 25.237992956423668 ], [ 55.293431520939919, 25.237605156592409 ], [ 55.293376791681766, 25.2375547161712 ], [ 55.293317452124377, 25.237570564824406 ], [ 55.293188464011628, 25.237357454617012 ], [ 55.293319751970621, 25.23735548138237 ], [ 55.293319751928728, 25.237220734087508 ], [ 55.293274836151276, 25.237175818334105 ], [ 55.293192199653191, 25.237179760525422 ], [ 55.29306536791124, 25.237264315027353 ], [ 55.292793028999505, 25.237375899625992 ], [ 55.293107120574348, 25.237218756837407 ], [ 55.292929620292945, 25.236925056967095 ], [ 55.2928096, 25.2369376 ], [ 55.292386565869926, 25.237146877627687 ], [ 55.292430620515603, 25.237124257385975 ], [ 55.292411720486896, 25.237094257399857 ], [ 55.2922917, 25.2371068 ], [ 55.2922434, 25.2371317 ], [ 55.2922623, 25.2371616 ], [ 55.292382116495297, 25.237149078750573 ], [ 55.2921203, 25.2372786 ], [ 55.292293884369073, 25.23758400240327 ], [ 55.292366718029697, 25.237582648768001 ], [ 55.2923163, 25.2376071 ], [ 55.292523, 25.2379557 ] ], [ [ 55.293309704700683, 25.237597535102406 ], [ 55.293321139017863, 25.237616692628428 ], [ 55.293131772245331, 25.237705437144442 ], [ 55.293118448422625, 25.237682962172055 ], [ 55.293309704700683, 25.237597535102406 ] ], [ [ 55.292944514862469, 25.237796849627145 ], [ 55.292906123978504, 25.237816075429162 ], [ 55.292904559870621, 25.237816238888897 ], [ 55.292944514862469, 25.237796849627145 ] ], [ [ 55.29261298241218, 25.237463217530777 ], [ 55.292612252601685, 25.237463571469142 ], [ 55.292653271367463, 25.237443678467709 ], [ 55.29261298241218, 25.237463217530777 ] ], [ [ 55.292403147860355, 25.237564981375645 ], [ 55.292403147859815, 25.237561290810422 ], [ 55.292412847950423, 25.2375602771159 ], [ 55.292403147860355, 25.237564981375645 ] ] ], [ [ [ 55.291714589973751, 25.231424116466975 ], [ 55.293374846663653, 25.231249006462477 ], [ 55.293548245248978, 25.231176803895561 ], [ 55.293655243139909, 25.231061302245372 ], [ 55.293735937805309, 25.230759300800219 ], [ 55.29365983392097, 25.230532401685355 ], [ 55.293608732763289, 25.230463302357411 ], [ 55.2914286, 25.2307099 ], [ 55.2912514, 25.2308371 ], [ 55.2911453, 25.2310115 ], [ 55.2911255, 25.2312466 ], [ 55.2911712, 25.2313824 ], [ 55.2912292, 25.231471 ], [ 55.291714589973751, 25.231424116466975 ] ] ], [ [ [ 55.293371862710011, 25.248543448869537 ], [ 55.293237115417398, 25.24858836463374 ], [ 55.293192199653191, 25.248633280397947 ], [ 55.293192199653191, 25.248678196162146 ], [ 55.293347523841419, 25.248676045968985 ], [ 55.293437355361405, 25.248631130191765 ], [ 55.293437355346164, 25.248541298662534 ], [ 55.293371862710011, 25.248543448869537 ] ] ], [ [ [ 55.2933659935753, 25.244252716275081 ], [ 55.2932622, 25.2442558 ], [ 55.2932521, 25.2443107 ], [ 55.293461393596743, 25.244333516253992 ], [ 55.293473293578302, 25.244268916250228 ], [ 55.2933659935753, 25.244252716275081 ] ] ], [ [ [ 55.293391296487577, 25.248945660005827 ], [ 55.29339129648038, 25.24890074424124 ], [ 55.293346380709359, 25.248855828482604 ], [ 55.293282031181604, 25.248857859218965 ], [ 55.293282031181604, 25.248947690747379 ], [ 55.293391296487577, 25.248945660005827 ] ] ], [ [ [ 55.2934356, 25.2347612 ], [ 55.293584990871899, 25.234699816079328 ], [ 55.293570990865383, 25.23467601608224 ], [ 55.2934212, 25.2347368 ], [ 55.2934356, 25.2347612 ] ] ], [ [ [ 55.2934177, 25.234687 ], [ 55.293527190857716, 25.234646616092039 ], [ 55.293304990756035, 25.234275216138357 ], [ 55.2931956, 25.2343156 ], [ 55.293364907204257, 25.234598719068345 ], [ 55.293260917835639, 25.234457856565303 ], [ 55.292953, 25.2344701 ], [ 55.292828900000011, 25.2345303 ], [ 55.2930058, 25.2348283 ], [ 55.29312581819655, 25.234815756694811 ], [ 55.293411918062681, 25.234695256454327 ], [ 55.293384436023629, 25.234631375479086 ], [ 55.2934177, 25.234687 ] ] ], [ [ [ 55.293326613630008, 25.24642774916579 ], [ 55.293191866240903, 25.246158254616219 ], [ 55.293057452360571, 25.246162913366611 ], [ 55.293012536596365, 25.246207829130825 ], [ 55.293012536596365, 25.246252744895024 ], [ 55.293057452360571, 25.246342576423444 ], [ 55.293237115417398, 25.246522239480257 ], [ 55.293326613663034, 25.246517580695965 ], [ 55.293326613630008, 25.24642774916579 ] ] ], [ [ [ 55.291678, 25.2370811 ], [ 55.291798020492962, 25.237068557900692 ], [ 55.292020769716643, 25.236962524282134 ], [ 55.2920869, 25.2370763 ], [ 55.292206920467237, 25.237063757565828 ], [ 55.292268520435101, 25.237034457513868 ], [ 55.292224801577255, 25.236959352613312 ], [ 55.2922747, 25.2370036 ], [ 55.292353391533766, 25.236977916401745 ], [ 55.292271252515278, 25.236843109626534 ], [ 55.292345820206094, 25.236806957438557 ], [ 55.292330590938462, 25.236781270507329 ], [ 55.292501496158998, 25.23673559188363 ], [ 55.292572, 25.2368526 ], [ 55.292606291493627, 25.23684901634066 ], [ 55.292649991486911, 25.23682751633012 ], [ 55.29257348781919, 25.236700700339782 ], [ 55.292653220046986, 25.236662057179341 ], [ 55.292636562128664, 25.236633931856449 ], [ 55.292808692439685, 25.236589855545116 ], [ 55.2928635, 25.2366806 ], [ 55.292897791440744, 25.236677016269905 ], [ 55.292942891433782, 25.236654716259025 ], [ 55.292882094112464, 25.236554054652455 ], [ 55.292911937572853, 25.236539498802141 ], [ 55.293207599464623, 25.237044537282902 ], [ 55.293192199653191, 25.237134844761218 ], [ 55.293274836137314, 25.237130902569145 ], [ 55.293328260414505, 25.237028691020814 ], [ 55.293457930188509, 25.237025704146674 ], [ 55.293036929652772, 25.236310304386116 ], [ 55.292945565960565, 25.236319852736031 ], [ 55.292945565952834, 25.236279056075549 ], [ 55.292877789303745, 25.2362814452413 ], [ 55.292842387916437, 25.23631684663269 ], [ 55.292815008926269, 25.236270885759538 ], [ 55.292995119584731, 25.236212456875748 ], [ 55.292875419389574, 25.236008956962916 ], [ 55.292686260006455, 25.236054755561756 ], [ 55.292672619422646, 25.236031857130069 ], [ 55.2925526, 25.2360444 ], [ 55.2923324, 25.2361518 ], [ 55.292349186331833, 25.236179979251354 ], [ 55.2922466, 25.2361907 ], [ 55.2920218, 25.2362996 ], [ 55.292037631448835, 25.236326345034321 ], [ 55.2919395, 25.2363366 ], [ 55.2917122, 25.2364469 ], [ 55.291731165103315, 25.236478881797193 ], [ 55.2916219, 25.2364903 ], [ 55.2913968, 25.2365975 ], [ 55.291408073834042, 25.236616888508117 ], [ 55.2913145, 25.2366063 ], [ 55.2912977, 25.2366976 ], [ 55.2913249, 25.2367349 ], [ 55.291384991479063, 25.236734116624454 ], [ 55.291450648453441, 25.236690107403849 ], [ 55.291678, 25.2370811 ] ], [ [ 55.29295318671948, 25.236438713664796 ], [ 55.292917223414896, 25.236442472142674 ], [ 55.292873949549609, 25.236369828825705 ], [ 55.292907371102352, 25.236362166716177 ], [ 55.29295318671948, 25.236438713664796 ] ], [ [ 55.292201520324681, 25.236919357562599 ], [ 55.292022449747321, 25.236960032885388 ], [ 55.292004444301028, 25.236929078810757 ], [ 55.292198383863429, 25.236878438021414 ], [ 55.292223595352517, 25.236919786055616 ], [ 55.292201520324681, 25.236919357562599 ] ] ], [ [ [ 55.292743042011132, 25.245444261139316 ], [ 55.292787957775339, 25.245758671488758 ], [ 55.292893852087879, 25.245755398940116 ], [ 55.292877789303745, 25.245938334545581 ], [ 55.293275981995457, 25.245889357279008 ], [ 55.293320897701349, 25.245709694207193 ], [ 55.293320897629378, 25.245485115382312 ], [ 55.293147283888985, 25.245489176903526 ], [ 55.292951937959742, 25.245645453698167 ], [ 55.292960428376773, 25.245440319166455 ], [ 55.292743042011132, 25.245444261139316 ] ] ], [ [ [ 55.2932708, 25.2348452 ], [ 55.293433990895714, 25.234776216115776 ], [ 55.293411490885788, 25.234739916120493 ], [ 55.2932483, 25.2348089 ], [ 55.2932708, 25.2348452 ] ] ], [ [ [ 55.2929641, 25.2448133 ], [ 55.2930603, 25.2449402 ], [ 55.293259593773591, 25.24494851631049 ], [ 55.29328839372883, 25.244791716301386 ], [ 55.293009493721051, 25.244749716365973 ], [ 55.2929752, 25.2447533 ], [ 55.2929641, 25.2448133 ] ] ], [ [ [ 55.2932378, 25.2329896 ], [ 55.293451390365497, 25.232900716083336 ], [ 55.293331990309234, 25.232695416108132 ], [ 55.2931184, 25.2327843 ], [ 55.2932378, 25.2329896 ] ] ], [ [ [ 55.293180694529369, 25.247617316369332 ], [ 55.2931028, 25.2476432 ], [ 55.293129, 25.2476852 ], [ 55.293206894540859, 25.247659316363841 ], [ 55.293180694529369, 25.247617316369332 ] ] ], [ [ [ 55.292922705067951, 25.249486679917847 ], [ 55.293134376845295, 25.249483335232117 ], [ 55.293179292597031, 25.249438419457473 ], [ 55.293179292573321, 25.249348587927791 ], [ 55.293134376797873, 25.249303672172758 ], [ 55.292877789303745, 25.249307016861028 ], [ 55.292877789303745, 25.249441764153648 ], [ 55.292922705067951, 25.249486679917847 ] ] ], [ [ [ 55.293012536596365, 25.244276451269965 ], [ 55.293199293589282, 25.244293516314684 ], [ 55.293208893575368, 25.244244816311703 ], [ 55.293195593569152, 25.244222116314461 ], [ 55.293116085552811, 25.244218586703074 ], [ 55.293116085548554, 25.24418518627358 ], [ 55.293057452360571, 25.244186619741551 ], [ 55.293012536596365, 25.244231535505762 ], [ 55.293012536596365, 25.244276451269965 ] ] ], [ [ [ 55.292930130916687, 25.247662157535483 ], [ 55.292885185406249, 25.247666854066207 ], [ 55.292869254770295, 25.247640032404519 ], [ 55.293155930792551, 25.247548457344614 ], [ 55.293138830723258, 25.247477557354859 ], [ 55.292942730702357, 25.24744625751373 ], [ 55.2928227, 25.2474588 ], [ 55.2927137, 25.2475115 ], [ 55.292733225271398, 25.247534521844074 ], [ 55.2925646, 25.2475964 ], [ 55.292669371468243, 25.247742202787265 ], [ 55.2926718, 25.247805 ], [ 55.29279183105276, 25.247792457655603 ], [ 55.292922130983314, 25.247729057545577 ], [ 55.292951730951209, 25.247698157519707 ], [ 55.292930130916687, 25.247662157535483 ] ] ], [ [ [ 55.292926681289345, 25.247381707188637 ], [ 55.2929386, 25.2474006 ], [ 55.293058630638804, 25.247388057415769 ], [ 55.293142430591637, 25.247344757344877 ], [ 55.293110130542622, 25.247293557368611 ], [ 55.293035102957781, 25.247301397412805 ], [ 55.292977930436791, 25.247179757470796 ], [ 55.292893430393434, 25.247131557537415 ], [ 55.2927734, 25.2471441 ], [ 55.2926304, 25.2472164 ], [ 55.292756, 25.2474198 ], [ 55.292926681289345, 25.247381707188637 ] ] ], [ [ [ 55.2921806, 25.2486612 ], [ 55.2921483, 25.2486791 ], [ 55.2921674, 25.2487073 ], [ 55.292322081253751, 25.248691137668292 ], [ 55.292325735714854, 25.248713601100455 ], [ 55.292164, 25.248754 ], [ 55.292212, 25.2488262 ], [ 55.292242283262212, 25.248823035771721 ], [ 55.292225, 25.2488457 ], [ 55.2922629, 25.2488985 ], [ 55.292373247829609, 25.248886969950487 ], [ 55.292358, 25.2489088 ], [ 55.2924809, 25.2490834 ], [ 55.293002912018821, 25.249028023438832 ], [ 55.293114011878266, 25.24896752323707 ], [ 55.29305581169929, 25.248880123329243 ], [ 55.292980195625219, 25.248880876191691 ], [ 55.292980195621269, 25.248841815134639 ], [ 55.293115211477485, 25.248778623213521 ], [ 55.293042811272088, 25.248678023329109 ], [ 55.292971334130911, 25.248633241856748 ], [ 55.293117229212029, 25.248631727503408 ], [ 55.293117229195524, 25.248496980209911 ], [ 55.292967620832158, 25.248498533105327 ], [ 55.292967620832243, 25.248630915419131 ], [ 55.292846591466621, 25.248620235849348 ], [ 55.292875511110864, 25.248593323612983 ], [ 55.292742610763874, 25.248422823826754 ], [ 55.2923482, 25.2484687 ], [ 55.2920857, 25.2486029 ], [ 55.2921083, 25.2486391 ], [ 55.292274785300265, 25.248619243206928 ], [ 55.292294553757479, 25.248649293201161 ], [ 55.2921806, 25.2486612 ] ], [ [ 55.292864558890081, 25.24889295935019 ], [ 55.292846570450088, 25.248855777946147 ], [ 55.292897711308733, 25.248850434131125 ], [ 55.292869720749849, 25.248892419977135 ], [ 55.292864558890081, 25.24889295935019 ] ] ], [ [ [ 55.2924864, 25.2549333 ], [ 55.2927788, 25.2551963 ], [ 55.293020096621049, 25.255004416518688 ], [ 55.292727596550954, 25.254741416583133 ], [ 55.2924864, 25.2549333 ] ] ], [ [ [ 55.293243921899993, 25.238565956796815 ], [ 55.293214821855784, 25.238519756818185 ], [ 55.2930948, 25.2385323 ], [ 55.2926763, 25.2387482 ], [ 55.2927055, 25.2387945 ], [ 55.292825522135161, 25.23878195715066 ], [ 55.293243921899993, 25.238565956796815 ] ] ], [ [ [ 55.293102368124778, 25.244051872448932 ], [ 55.293057452360571, 25.244096788213142 ], [ 55.293057452360571, 25.244141703977348 ], [ 55.293161001307411, 25.244140270504904 ], [ 55.293161001297257, 25.244050438975936 ], [ 55.293102368124778, 25.244051872448932 ] ] ], [ [ [ 55.293024781254296, 25.253702789254202 ], [ 55.292922705067951, 25.253708761753224 ], [ 55.292922705067951, 25.25379859328163 ], [ 55.293024781296651, 25.253792620784882 ], [ 55.293024781254296, 25.253702789254202 ] ] ], [ [ [ 55.292922705067951, 25.249801090267301 ], [ 55.293073124689926, 25.249794759294591 ], [ 55.293073124622602, 25.249660011998369 ], [ 55.292953084214979, 25.249665064365729 ], [ 55.292828412981045, 25.249472623795416 ], [ 55.2925712, 25.2494995 ], [ 55.2923893, 25.2495959 ], [ 55.2925648, 25.2498668 ], [ 55.292822013760819, 25.249839923848352 ], [ 55.292922705067951, 25.249801090267301 ] ] ], [ [ [ 55.2931309, 25.2331011 ], [ 55.2931531, 25.2331323 ], [ 55.29328831650205, 25.233110856471544 ], [ 55.293266116472338, 25.233079656488052 ], [ 55.2931309, 25.2331011 ] ] ], [ [ [ 55.2932239, 25.232251 ], [ 55.293294006252324, 25.232235782556351 ], [ 55.293246506220235, 25.232152182570129 ], [ 55.2931765, 25.2321675 ], [ 55.2932239, 25.232251 ] ] ], [ [ [ 55.2924521, 25.2407602 ], [ 55.292572124092857, 25.240747657462187 ], [ 55.293025464869771, 25.240544738472355 ], [ 55.293003164858746, 25.240509138477648 ], [ 55.292947023168608, 25.240506803764767 ], [ 55.293177123738467, 25.240420856949729 ], [ 55.293091623601981, 25.240278457012163 ], [ 55.2929716, 25.240291 ], [ 55.2927064, 25.2403957 ], [ 55.2927353, 25.2404421 ], [ 55.2928537957579, 25.240439628502262 ], [ 55.2925546, 25.2404909 ], [ 55.292597370281229, 25.240528263888301 ], [ 55.2923855, 25.2406526 ], [ 55.2924521, 25.2407602 ] ] ], [ [ [ 55.292943695475408, 25.250950216475207 ], [ 55.292996895466992, 25.250923216462347 ], [ 55.292952895447584, 25.250852316471573 ], [ 55.2927833, 25.250898 ], [ 55.2928249, 25.2509623 ], [ 55.292943695475408, 25.250950216475207 ] ] ], [ [ [ 55.2922673, 25.2462537 ], [ 55.2921181, 25.2463399 ], [ 55.292032863441193, 25.246570231306809 ], [ 55.2918975, 25.2466056 ], [ 55.2919413, 25.2466827 ], [ 55.292072739717575, 25.246668965997397 ], [ 55.2921227, 25.2467322 ], [ 55.292401, 25.2468165 ], [ 55.292658207309408, 25.246789623789397 ], [ 55.292763934557101, 25.246734806700577 ], [ 55.292869454112086, 25.246742995825734 ], [ 55.293004201389046, 25.246698080027194 ], [ 55.293049117138999, 25.246653164251047 ], [ 55.293049117125449, 25.246608248486123 ], [ 55.292876557455997, 25.246565108618398 ], [ 55.292692506220035, 25.246277723671099 ], [ 55.292524506130583, 25.246226823960011 ], [ 55.2922673, 25.2462537 ] ] ], [ [ [ 55.293149191944565, 25.238472716238299 ], [ 55.293121391932061, 25.23842701624412 ], [ 55.2930871, 25.2384306 ], [ 55.2928474, 25.2385497 ], [ 55.2928752, 25.2385955 ], [ 55.292909491981774, 25.238591916296151 ], [ 55.293149191944565, 25.238472716238299 ] ] ], [ [ [ 55.292998394674655, 25.248121616419596 ], [ 55.2928508, 25.2481685 ], [ 55.2928629, 25.2481946 ], [ 55.293010494681823, 25.248147616417164 ], [ 55.292998394674655, 25.248121616419596 ] ] ], [ [ [ 55.2932276329187, 25.232504817715444 ], [ 55.293147283888985, 25.232508521047997 ], [ 55.293147283888985, 25.2325534368122 ], [ 55.29322763293181, 25.232549733480354 ], [ 55.2932276329187, 25.232504817715444 ] ] ], [ [ [ 55.2929571, 25.2344304 ], [ 55.29307711780551, 25.234417856713574 ], [ 55.293194017742834, 25.234360556614902 ], [ 55.29310881760658, 25.234218356677072 ], [ 55.2929888, 25.2342309 ], [ 55.2928719, 25.2342882 ], [ 55.2929571, 25.2344304 ] ] ], [ [ [ 55.292914892387699, 25.240028316316636 ], [ 55.2927826, 25.2399881 ], [ 55.292757176614678, 25.240039117035803 ], [ 55.29273659238433, 25.240007116358001 ], [ 55.2927023, 25.2400107 ], [ 55.2926025, 25.2400631 ], [ 55.2926263, 25.2401001 ], [ 55.292752662871365, 25.24004817474653 ], [ 55.2927378, 25.240078 ], [ 55.2928115, 25.2402034 ], [ 55.2928836, 25.2402238 ], [ 55.292917892441899, 25.240220216318843 ], [ 55.2929439121705, 25.240167522706702 ], [ 55.293102523466871, 25.24014245699604 ], [ 55.292953396239845, 25.240146804867326 ], [ 55.292914892387699, 25.240028316316636 ] ] ], [ [ [ 55.292016617872363, 25.251736425476675 ], [ 55.29248316284329, 25.251686235016614 ], [ 55.292715761464187, 25.251545933207481 ], [ 55.292628023774796, 25.251426960221799 ], [ 55.292756016995668, 25.251361524136883 ], [ 55.292720348296747, 25.251304441987106 ], [ 55.29293759554357, 25.251190916480276 ], [ 55.292489695349708, 25.250482216574323 ], [ 55.2923315, 25.2504787 ], [ 55.2922, 25.2505557 ], [ 55.292173551546057, 25.250663046024435 ], [ 55.2920534, 25.2506756 ], [ 55.2917004, 25.250856 ], [ 55.291903901151713, 25.251181742683642 ], [ 55.2917952, 25.2511931 ], [ 55.291649076044123, 25.251290649724407 ], [ 55.2913672, 25.2513201 ], [ 55.2911346, 25.2514604 ], [ 55.2913857, 25.2518009 ], [ 55.292016617872363, 25.251736425476675 ] ] ], [ [ [ 55.2928382591559, 25.254197579434145 ], [ 55.292883174900496, 25.254152663653532 ], [ 55.292883174863228, 25.254062832123122 ], [ 55.292653210482719, 25.25406808786687 ], [ 55.292653210482719, 25.254113003631069 ], [ 55.292743042011132, 25.254202835159489 ], [ 55.2928382591559, 25.254197579434145 ] ] ], [ [ [ 55.2931027, 25.2337594 ], [ 55.293162690607282, 25.233741416163546 ], [ 55.293108890585891, 25.233662916174932 ], [ 55.293049, 25.2336808 ], [ 55.2931027, 25.2337594 ] ] ], [ [ [ 55.292956999251842, 25.24638390859063 ], [ 55.292956999239138, 25.246338992825741 ], [ 55.292877789303745, 25.246342576423437 ], [ 55.292877789303745, 25.246387492187644 ], [ 55.292956999251842, 25.24638390859063 ] ] ], [ [ [ 55.292608294718512, 25.2535740144606 ], [ 55.292766718684668, 25.253566847581101 ], [ 55.292811634422151, 25.25352193179452 ], [ 55.292811634396742, 25.253477016028953 ], [ 55.292721802794738, 25.253342268774279 ], [ 55.292542139666956, 25.253207521561649 ], [ 55.29233880013328, 25.253214688346954 ], [ 55.29233880013328, 25.253304519875361 ], [ 55.292518463190099, 25.253529098696394 ], [ 55.292608294718512, 25.2535740144606 ] ] ], [ [ [ 55.2929234, 25.2318858 ], [ 55.2930026, 25.2319865 ], [ 55.29309520614445, 25.231952782615412 ], [ 55.293016006106249, 25.231852082639197 ], [ 55.2929234, 25.2318858 ] ] ], [ [ [ 55.292600381575653, 25.239829169475318 ], [ 55.292672, 25.2399707 ], [ 55.292870523307727, 25.239969557176742 ], [ 55.292879018037297, 25.239937472247721 ], [ 55.29296752324418, 25.239910357094235 ], [ 55.292948723214671, 25.239879557107979 ], [ 55.292892804322641, 25.239885400861894 ], [ 55.292835223106735, 25.239764557194775 ], [ 55.29278298415074, 25.239761689838137 ], [ 55.292872123084955, 25.239744457163511 ], [ 55.292857223059102, 25.239717557174288 ], [ 55.292615, 25.2397716 ], [ 55.292605724734116, 25.239808127349658 ], [ 55.292589492322882, 25.239782116388991 ], [ 55.2924888, 25.2398197 ], [ 55.2925137, 25.2398595 ], [ 55.292600381575653, 25.239829169475318 ] ] ], [ [ [ 55.292825681337796, 25.246248802970289 ], [ 55.292870597087301, 25.246203887193779 ], [ 55.292870597045393, 25.246069139898925 ], [ 55.292698126246925, 25.246073081838201 ], [ 55.292653210482719, 25.246117997602411 ], [ 55.292653210482719, 25.246252744895028 ], [ 55.292825681337796, 25.246248802970289 ] ] ], [ [ [ 55.2922665, 25.2452909 ], [ 55.292526100000011, 25.2453391 ], [ 55.292783304162569, 25.245312223402227 ], [ 55.292815803855106, 25.245168923328951 ], [ 55.292556203781473, 25.245120723778822 ], [ 55.292299, 25.2451476 ], [ 55.2922665, 25.2452909 ] ] ], [ [ [ 55.2924447, 25.2473998 ], [ 55.2925073, 25.2475034 ], [ 55.292578454009579, 25.24752002239423 ], [ 55.2924748, 25.2475674 ], [ 55.2925028, 25.2476087 ], [ 55.292618094521458, 25.247560116500054 ], [ 55.292592731990553, 25.247522839919402 ], [ 55.292759194489186, 25.247453316465432 ], [ 55.292629394430321, 25.247238416492539 ], [ 55.2924522, 25.2473126 ], [ 55.2924447, 25.2473998 ] ] ], [ [ [ 55.291430694507895, 25.247450516776109 ], [ 55.2914945, 25.2475362 ], [ 55.29163787526663, 25.247521219457223 ], [ 55.2914831, 25.2475985 ], [ 55.2915961, 25.2477836 ], [ 55.291803384549731, 25.247717927744834 ], [ 55.2917851, 25.2477272 ], [ 55.291842951519037, 25.247794516873107 ], [ 55.291650740676388, 25.247920663399441 ], [ 55.291539609621829, 25.247821925868838 ], [ 55.2912824, 25.2478488 ], [ 55.291111924585628, 25.248005831592383 ], [ 55.2910122, 25.2480518 ], [ 55.291083435305538, 25.24812239020374 ], [ 55.2910374, 25.2481272 ], [ 55.2908899, 25.24825 ], [ 55.2909724, 25.248331 ], [ 55.291113660262546, 25.248316241096767 ], [ 55.2910081, 25.2484159 ], [ 55.2911941, 25.248577 ], [ 55.291285738906062, 25.248567425452805 ], [ 55.2912381, 25.2486087 ], [ 55.2913296, 25.2486952 ], [ 55.291432294856399, 25.248683016794409 ], [ 55.291479627896415, 25.248642071775038 ], [ 55.291547794852555, 25.248675416767281 ], [ 55.291592394842432, 25.248641916756338 ], [ 55.291539294826805, 25.248583916767881 ], [ 55.291473764848064, 25.248610908898108 ], [ 55.291446985597631, 25.248585629849924 ], [ 55.29181331112472, 25.248544725470818 ], [ 55.291991910916295, 25.248455725147402 ], [ 55.291912249887275, 25.248308547227982 ], [ 55.291972010971435, 25.248248786139659 ], [ 55.2920227, 25.2483494 ], [ 55.292142913178573, 25.248298658383877 ], [ 55.2922055, 25.2483764 ], [ 55.292462710639228, 25.248349524309447 ], [ 55.292521910564837, 25.248317524201973 ], [ 55.292538693452244, 25.248267414943314 ], [ 55.292739310292966, 25.248200623807321 ], [ 55.292601198573003, 25.247988592468271 ], [ 55.292650009794428, 25.247960923936759 ], [ 55.292544909484477, 25.247809324103915 ], [ 55.292446917620282, 25.247819563357769 ], [ 55.292531009404556, 25.247770924123937 ], [ 55.292464409211895, 25.247676624230053 ], [ 55.2922072, 25.2477035 ], [ 55.2921551, 25.2477336 ], [ 55.292137080496218, 25.247791585848621 ], [ 55.2920154, 25.2478043 ], [ 55.2917722, 25.2479477 ], [ 55.2918396, 25.2480507 ], [ 55.292128820803939, 25.248006646985907 ], [ 55.292141439411651, 25.24802550759318 ], [ 55.2919905, 25.2480981 ], [ 55.292058667758752, 25.248194013558763 ], [ 55.291993191906315, 25.248218064715164 ], [ 55.291993191897035, 25.248137773652687 ], [ 55.291844726727014, 25.24813920699167 ], [ 55.291798867496865, 25.248185066246254 ], [ 55.291755110280626, 25.24814372552737 ], [ 55.291668610289079, 25.248143225679044 ], [ 55.291364494864574, 25.248191920670489 ], [ 55.291356320795217, 25.248160989469635 ], [ 55.291493310240497, 25.248111225982925 ], [ 55.291620147906883, 25.247994390448294 ], [ 55.291620147905981, 25.248094291227474 ], [ 55.291665063670187, 25.248139206991674 ], [ 55.291795594684956, 25.248095616700535 ], [ 55.291839394677098, 25.248070116689906 ], [ 55.291814094667387, 25.248034416695283 ], [ 55.291766358329205, 25.248045838425671 ], [ 55.291722602917915, 25.24795832762246 ], [ 55.291970094603748, 25.247817516655505 ], [ 55.291946553909533, 25.24778369179468 ], [ 55.292148309374788, 25.247737024791423 ], [ 55.292105609233566, 25.247668224858504 ], [ 55.291850817355069, 25.247694847418838 ], [ 55.29174836430591, 25.24750967492869 ], [ 55.29182724728215, 25.247468650796883 ], [ 55.291972008792932, 25.247453525068483 ], [ 55.292231108471107, 25.247315224598275 ], [ 55.292189708340999, 25.247251724663684 ], [ 55.292019504125271, 25.247269509113654 ], [ 55.292099708293641, 25.247224724818487 ], [ 55.291998807991284, 25.2470769249787 ], [ 55.291868481349638, 25.247077591712113 ], [ 55.291989707966835, 25.2470649249933 ], [ 55.292054807882479, 25.247028524874967 ], [ 55.291983401847496, 25.246923976099545 ], [ 55.292010338934816, 25.246923256327054 ], [ 55.292010338889092, 25.246743593267787 ], [ 55.29193455825542, 25.246746818301297 ], [ 55.291889642491213, 25.246791734065496 ], [ 55.291889642492386, 25.246862797581144 ], [ 55.291816607446997, 25.246810825268081 ], [ 55.2915594, 25.2468377 ], [ 55.2914954, 25.2469112 ], [ 55.2915756, 25.2469682 ], [ 55.291686623884338, 25.246956599555027 ], [ 55.291653, 25.2469754 ], [ 55.291717908207275, 25.247070435431819 ], [ 55.2915967, 25.2470831 ], [ 55.2915181, 25.247127 ], [ 55.29153465442289, 25.247151271037527 ], [ 55.291409, 25.2471644 ], [ 55.291285, 25.2472342 ], [ 55.2913552, 25.2473361 ], [ 55.29165725582348, 25.247299106390393 ], [ 55.291683299513544, 25.247337255583957 ], [ 55.291481379832078, 25.247379796747705 ], [ 55.291456994477045, 25.247342816768331 ], [ 55.2914227, 25.2473464 ], [ 55.2913509, 25.247385 ], [ 55.2913964, 25.2474541 ], [ 55.291430694507895, 25.247450516776109 ] ], [ [ 55.291846492359127, 25.246925584653763 ], [ 55.291889642492315, 25.246875951659309 ], [ 55.291889642491391, 25.246921075995335 ], [ 55.291846492359127, 25.246925584653763 ] ], [ [ 55.291731069096038, 25.248322911630911 ], [ 55.291754895199006, 25.248294727362282 ], [ 55.291771262277805, 25.248318712042924 ], [ 55.291731069096038, 25.248322911630911 ] ], [ [ 55.291670077095851, 25.247948398467077 ], [ 55.291677335996575, 25.247958810220453 ], [ 55.291658511846499, 25.247959051733844 ], [ 55.291670077095851, 25.247948398467077 ] ], [ [ 55.291431183223366, 25.248570712734612 ], [ 55.291413553970287, 25.248554071077308 ], [ 55.291416438483374, 25.248553769696244 ], [ 55.291431183223366, 25.248570712734612 ] ] ], [ [ [ 55.292714494405921, 25.247156516471403 ], [ 55.292679394391186, 25.247102616478788 ], [ 55.2926451, 25.2471062 ], [ 55.2924697, 25.2471997 ], [ 55.2925047, 25.2472536 ], [ 55.292538994434928, 25.247250016513856 ], [ 55.292714494405921, 25.247156516471403 ] ] ], [ [ [ 55.292713922860386, 25.23950925728052 ], [ 55.292715322836678, 25.239485357278109 ], [ 55.2924808, 25.2395331 ], [ 55.2924574, 25.2396133 ], [ 55.2925268, 25.2397315 ], [ 55.292709923082988, 25.239734057295703 ], [ 55.29272581297456, 25.239693125418238 ], [ 55.292812723010833, 25.239666457207981 ], [ 55.292789722985113, 25.23963925722537 ], [ 55.29274490663601, 25.239643940684807 ], [ 55.292693422872723, 25.239520657297906 ], [ 55.292605740101251, 25.239520562681292 ], [ 55.292713922860386, 25.23950925728052 ] ] ], [ [ [ 55.292785291983627, 25.238592016325196 ], [ 55.2925408, 25.2387039 ], [ 55.292571100000011, 25.238752 ], [ 55.292815591996778, 25.238640116318837 ], [ 55.292785291983627, 25.238592016325196 ] ] ], [ [ [ 55.2922715, 25.2498715 ], [ 55.2921734, 25.2499196 ], [ 55.2922474, 25.2500431 ], [ 55.292338800133393, 25.250011517161848 ], [ 55.292383715897479, 25.250070584852537 ], [ 55.292565001374555, 25.250061029004701 ], [ 55.292654832831701, 25.249971197416624 ], [ 55.29265483279783, 25.249926281650609 ], [ 55.292609917001499, 25.2498813659126 ], [ 55.292473547425892, 25.249890921795711 ], [ 55.292363528054146, 25.249964268063344 ], [ 55.292305795178677, 25.249867916608036 ], [ 55.2922715, 25.2498715 ] ] ], [ [ [ 55.292832536684323, 25.236770859821704 ], [ 55.292832536651318, 25.236681028291517 ], [ 55.292787620871465, 25.236636112540086 ], [ 55.292698126246925, 25.236640771354949 ], [ 55.292653210482719, 25.236685687119152 ], [ 55.292653210482719, 25.236775518647566 ], [ 55.292832536684323, 25.236770859821704 ] ] ], [ [ [ 55.2928045, 25.2314379 ], [ 55.292873689959947, 25.231435416196199 ], [ 55.292875989943106, 25.231375916194768 ], [ 55.2926953, 25.2313708 ], [ 55.2926728, 25.2314736 ], [ 55.292791989975193, 25.231485116216053 ], [ 55.2928045, 25.2314379 ] ] ], [ [ [ 55.2921938, 25.253965499999989 ], [ 55.2922501, 25.2540213 ], [ 55.292507322608536, 25.253994424872147 ], [ 55.292529022548024, 25.253967024830956 ], [ 55.292488822439161, 25.253913624895425 ], [ 55.2921938, 25.253965499999989 ] ] ], [ [ [ 55.292563378954306, 25.238572149215809 ], [ 55.292608294718512, 25.238617064980016 ], [ 55.292676071810305, 25.238614675879834 ], [ 55.292720987565609, 25.238569760108177 ], [ 55.292720987548677, 25.238479928578855 ], [ 55.292608294718512, 25.238482317687392 ], [ 55.292563378954306, 25.238527233451595 ], [ 55.292563378954306, 25.238572149215809 ] ] ], [ [ [ 55.292293884369073, 25.253574014460604 ], [ 55.29233880013328, 25.253618930224807 ], [ 55.292494937717159, 25.25361200236501 ], [ 55.292494937668032, 25.253522170833975 ], [ 55.292293884369073, 25.253529098696397 ], [ 55.292293884369073, 25.253574014460604 ] ] ], [ [ [ 55.292618691943787, 25.238442416361895 ], [ 55.292687891932232, 25.238405116345149 ], [ 55.292644691911946, 25.238331116354122 ], [ 55.292618926095763, 25.238333808988685 ], [ 55.292639491909881, 25.238323516355219 ], [ 55.292593891889489, 25.238249016364758 ], [ 55.292571498919408, 25.238251356517772 ], [ 55.292606991885002, 25.238233816361461 ], [ 55.292401991791913, 25.237893816404249 ], [ 55.2922473, 25.237956799999989 ], [ 55.292356634297676, 25.238138188523461 ], [ 55.2922742, 25.2381704 ], [ 55.2922961, 25.2382088 ], [ 55.292393087130812, 25.23819866461784 ], [ 55.2924523, 25.2382969 ], [ 55.292476040921677, 25.238294419001484 ], [ 55.2924537, 25.2383056 ], [ 55.2924993, 25.2383801 ], [ 55.292526328800292, 25.238377275402069 ], [ 55.2924858, 25.2383978 ], [ 55.2925355, 25.2384725 ], [ 55.292618691943787, 25.238442416361895 ] ], [ [ 55.292604767057163, 25.238407858404397 ], [ 55.292600966234616, 25.238409981621817 ], [ 55.292599935528436, 25.238408363317713 ], [ 55.292604767057163, 25.238407858404397 ] ], [ [ 55.292602610119239, 25.238422186174716 ], [ 55.292592462918719, 25.238423246595641 ], [ 55.292600474140464, 25.238419073748375 ], [ 55.292602610119239, 25.238422186174716 ] ], [ [ 55.292589253858416, 25.238400363765404 ], [ 55.292586514366185, 25.238400650052633 ], [ 55.292588715593517, 25.238399535305522 ], [ 55.292589253858416, 25.238400363765404 ] ] ], [ [ [ 55.2923462, 25.2393137 ], [ 55.2922926, 25.2393382 ], [ 55.2922839, 25.2393939 ], [ 55.2923488, 25.2395107 ], [ 55.292430192251821, 25.239522416422311 ], [ 55.292469192158244, 25.239470647481184 ], [ 55.2924867, 25.2395021 ], [ 55.292606692231445, 25.239459516380084 ], [ 55.292566892211823, 25.239388016388315 ], [ 55.292482368418575, 25.239414459188705 ], [ 55.292454092197246, 25.239330616413827 ], [ 55.2923462, 25.2393137 ] ] ], [ [ [ 55.2919148, 25.2551335 ], [ 55.292172025005151, 25.255106625586748 ], [ 55.292388024548956, 25.254902825184615 ], [ 55.292385624367611, 25.254817225179103 ], [ 55.292268624153266, 25.254710125372235 ], [ 55.2919282, 25.2547308 ], [ 55.2916936, 25.254954 ], [ 55.2916963, 25.2550122 ], [ 55.2918331, 25.2551359 ], [ 55.2919148, 25.2551335 ] ] ], [ [ [ 55.2908364, 25.2405735 ], [ 55.290673, 25.2406661 ], [ 55.2906967, 25.2407007 ], [ 55.290785339139489, 25.240691438265863 ], [ 55.2907242, 25.2407232 ], [ 55.290792, 25.24083 ], [ 55.290912024247113, 25.240817458824534 ], [ 55.291072926948154, 25.2407525300722 ], [ 55.2910417, 25.2407689 ], [ 55.291056860646648, 25.240792578063452 ], [ 55.2908695, 25.240864 ], [ 55.2908635, 25.2408888 ], [ 55.2909265, 25.240978 ], [ 55.291019128971413, 25.240977457328935 ], [ 55.290898, 25.2410429 ], [ 55.2909007, 25.2410732 ], [ 55.291089524493273, 25.241075458692951 ], [ 55.291270624385824, 25.240976258539472 ], [ 55.291230324327941, 25.240915658569232 ], [ 55.291163484139858, 25.240922642762339 ], [ 55.291454024243144, 25.24084155838224 ], [ 55.29157792415279, 25.240756658276329 ], [ 55.291558056016996, 25.240725614405935 ], [ 55.291734324058986, 25.240669958143727 ], [ 55.291643023913487, 25.24051815821041 ], [ 55.291544402943451, 25.240528463526292 ], [ 55.29163346975686, 25.240484680087079 ], [ 55.2917156, 25.2406185 ], [ 55.291835623990472, 25.240605958057436 ], [ 55.291995336219706, 25.240525804950757 ], [ 55.292151323860196, 25.240490657792947 ], [ 55.292107067648708, 25.240418277443524 ], [ 55.292274023707172, 25.240342357684668 ], [ 55.292258644358078, 25.240316818840721 ], [ 55.292440062487472, 25.240322669496312 ], [ 55.292516323577992, 25.240224357480123 ], [ 55.292461223492182, 25.240134757520469 ], [ 55.292420653145506, 25.240130343426401 ], [ 55.292504723441269, 25.24008555748226 ], [ 55.292484383785677, 25.240054230393966 ], [ 55.292575952834014, 25.240053055445618 ], [ 55.292575952824699, 25.23996322391671 ], [ 55.292518463190099, 25.239964537906189 ], [ 55.292473547426013, 25.240037540251731 ], [ 55.292388885485458, 25.240032203512008 ], [ 55.292460123356399, 25.239997457514097 ], [ 55.292417323284702, 25.239922757545163 ], [ 55.292328033985982, 25.239932088302545 ], [ 55.292392323256308, 25.239892757564029 ], [ 55.292354223210374, 25.239844357592652 ], [ 55.2921584, 25.239843 ], [ 55.292184262519498, 25.23987465428435 ], [ 55.2919977, 25.2399327 ], [ 55.2918964, 25.2399851 ], [ 55.2919142495861, 25.240013302399426 ], [ 55.2917137, 25.2400832 ], [ 55.291751898279237, 25.240147645990277 ], [ 55.2915196, 25.2402545 ], [ 55.2915927, 25.2403733 ], [ 55.291759258137603, 25.240337322258735 ], [ 55.2917875, 25.240386 ], [ 55.291835862367265, 25.240380946333662 ], [ 55.291775610063375, 25.240411212521394 ], [ 55.291756523766885, 25.240375858109967 ], [ 55.2916365, 25.2403884 ], [ 55.2915691, 25.2404181 ], [ 55.291585031385623, 25.240447663953731 ], [ 55.2914976, 25.2404568 ], [ 55.29134442449562, 25.240547386495336 ], [ 55.291299861778334, 25.240545666824996 ], [ 55.291487292522405, 25.240430816656545 ], [ 55.291400492484733, 25.240293016674755 ], [ 55.2913662, 25.2402966 ], [ 55.2911856, 25.2403895 ], [ 55.291210476899053, 25.240429022205447 ], [ 55.2911303, 25.2404374 ], [ 55.291046820535911, 25.240486077697856 ], [ 55.290922, 25.2404914 ], [ 55.2908364, 25.2405735 ] ], [ [ 55.2922594, 25.2401384 ], [ 55.292232104097558, 25.240152113139533 ], [ 55.292229007050977, 25.240133154311238 ], [ 55.2922594, 25.2401384 ] ], [ [ 55.291859786654044, 25.240286693485437 ], [ 55.291955823658512, 25.240276657941614 ], [ 55.292074625395493, 25.240219150509315 ], [ 55.292105401636867, 25.240215934454582 ], [ 55.291958516284531, 25.240285625729403 ], [ 55.291859786654044, 25.240286693485437 ] ], [ [ 55.291633024449077, 25.240469834186687 ], [ 55.291665707864929, 25.240466418945616 ], [ 55.291639035625067, 25.240479817010112 ], [ 55.291633024449077, 25.240469834186687 ] ], [ [ 55.291389664465207, 25.240626967572453 ], [ 55.291292051553768, 25.240669123369081 ], [ 55.291280874009679, 25.240665741470899 ], [ 55.291384544911701, 25.24061788113961 ], [ 55.291389664465207, 25.240626967572453 ] ], [ [ 55.291156937806527, 25.240683888445798 ], [ 55.29112454362739, 25.240725471325277 ], [ 55.291073009496124, 25.240645929677711 ], [ 55.291125751448675, 25.240640418638616 ], [ 55.291156937806527, 25.240683888445798 ] ], [ [ 55.290981659644558, 25.240642479894415 ], [ 55.290980124068106, 25.240640058759396 ], [ 55.290884978632917, 25.240650000455322 ], [ 55.2909911717989, 25.240611454462357 ], [ 55.291011083849931, 25.240639405361794 ], [ 55.290981659644558, 25.240642479894415 ] ] ], [ [ [ 55.2910513, 25.2501714 ], [ 55.2911964, 25.250291199999989 ], [ 55.29135130368828, 25.250275015778776 ], [ 55.2914402, 25.2504542 ], [ 55.291697415130578, 25.250427325887994 ], [ 55.29179981096317, 25.250364986198385 ], [ 55.291799810962807, 25.250384995201973 ], [ 55.291966235391691, 25.250376992498989 ], [ 55.291966235348667, 25.250308292828429 ], [ 55.292002014806457, 25.250290325338057 ], [ 55.291921839610758, 25.2501033352459 ], [ 55.292020514385918, 25.250093025283203 ], [ 55.292130614222351, 25.250021625081924 ], [ 55.292150014115009, 25.249972025042258 ], [ 55.292100638282108, 25.249869320822238 ], [ 55.292285313841347, 25.249850024791041 ], [ 55.29243089514776, 25.249765116577219 ], [ 55.292322995101529, 25.249596016599902 ], [ 55.292184, 25.2496106 ], [ 55.2921253, 25.2496411 ], [ 55.292138065402483, 25.249661122649442 ], [ 55.2919501, 25.2497265 ], [ 55.291977052919826, 25.249778470801999 ], [ 55.2917777, 25.2497993 ], [ 55.291661123987382, 25.24986738797141 ], [ 55.2915318, 25.2498809 ], [ 55.2914209, 25.2499366 ], [ 55.291462423460189, 25.2500042795402 ], [ 55.2910513, 25.2501714 ] ] ], [ [ [ 55.292451494676094, 25.247552913082046 ], [ 55.292406578903865, 25.24750799732438 ], [ 55.292293884369073, 25.247510386292795 ], [ 55.292293884369073, 25.247555302057005 ], [ 55.292383715897479, 25.247600217821208 ], [ 55.292451494684563, 25.247597828846711 ], [ 55.292451494676094, 25.247552913082046 ] ] ], [ [ [ 55.292518463190099, 25.237000097468599 ], [ 55.292518463190099, 25.237045013232795 ], [ 55.292585096934971, 25.237042743585945 ], [ 55.292585096926928, 25.236997827821316 ], [ 55.292518463190099, 25.237000097468599 ] ] ], [ [ [ 55.292495265688778, 25.238614795361539 ], [ 55.29233880013328, 25.238617064980009 ], [ 55.29233880013328, 25.238706896508429 ], [ 55.292428631661686, 25.238796728036831 ], [ 55.292540181484732, 25.23879445841342 ], [ 55.292540181460616, 25.238659711119517 ], [ 55.292495265688778, 25.238614795361539 ] ] ], [ [ [ 55.292293884369073, 25.247330723235969 ], [ 55.292293884369073, 25.247420554764378 ], [ 55.292410008335288, 25.247417807449363 ], [ 55.292410008306071, 25.247283060155176 ], [ 55.29233880013328, 25.247285807471766 ], [ 55.292293884369073, 25.247330723235969 ] ] ], [ [ [ 55.29229698367692, 25.254467313098608 ], [ 55.29220405284066, 25.254472329744726 ], [ 55.29220405284066, 25.254562161273135 ], [ 55.292296983712497, 25.254557144628929 ], [ 55.29229698367692, 25.254467313098608 ] ] ], [ [ [ 55.292506657869929, 25.233710610062666 ], [ 55.292245557534706, 25.23331021023127 ], [ 55.292111957442458, 25.233196810321775 ], [ 55.2919394, 25.2332202 ], [ 55.2919696, 25.2333878 ], [ 55.292267, 25.2339329 ], [ 55.2923145, 25.2339996 ], [ 55.2924504, 25.2340768 ], [ 55.292555558175536, 25.234065810044108 ], [ 55.292578558152229, 25.234040110026431 ], [ 55.292575558025327, 25.233893510021772 ], [ 55.292506657869929, 25.233710610062666 ] ] ], [ [ [ 55.29226464290781, 25.253702431219136 ], [ 55.29206930554804, 25.253708761753224 ], [ 55.29206930554804, 25.25379859328163 ], [ 55.292264642952702, 25.253792262749943 ], [ 55.29226464290781, 25.253702431219136 ] ] ], [ [ [ 55.292079661950957, 25.239090811674917 ], [ 55.292140029991991, 25.239103097285668 ], [ 55.292178608153826, 25.239166261400282 ], [ 55.2921134, 25.2391923 ], [ 55.2921738, 25.2392864 ], [ 55.2923837158976, 25.239216604590634 ], [ 55.292383715897479, 25.239245885678891 ], [ 55.292448063892763, 25.239243854979119 ], [ 55.292448063885573, 25.239198939214532 ], [ 55.292417091743339, 25.239199916639972 ], [ 55.292331362653805, 25.239030209369933 ], [ 55.292422322352422, 25.238980657491147 ], [ 55.292282522141967, 25.238760657593897 ], [ 55.292235456560881, 25.23876557599532 ], [ 55.292258822076398, 25.238693157609717 ], [ 55.292055533853528, 25.238639537965653 ], [ 55.292195722000102, 25.238612757657094 ], [ 55.29216922195576, 25.238566557676322 ], [ 55.2920492, 25.2385791 ], [ 55.292016, 25.2385947 ], [ 55.292041381634725, 25.238638950246955 ], [ 55.2919299, 25.2386506 ], [ 55.2918973, 25.2387524 ], [ 55.2919493, 25.238845 ], [ 55.292047937540261, 25.238866103332686 ], [ 55.2919304, 25.2389273 ], [ 55.2919558, 25.2389679 ], [ 55.292078092214808, 25.23891996336625 ], [ 55.2919924, 25.2390502 ], [ 55.2920214, 25.2390969 ], [ 55.292079661950957, 25.239090811674917 ] ] ], [ [ [ 55.292383715897479, 25.236865350175972 ], [ 55.292383715897479, 25.236910265940189 ], [ 55.292449206569088, 25.236908115766195 ], [ 55.292449206561471, 25.236863200001576 ], [ 55.292383715897479, 25.236865350175972 ] ] ], [ [ [ 55.292217440359998, 25.252939102114368 ], [ 55.292024389783833, 25.252945193761715 ], [ 55.292024389783833, 25.253124856818534 ], [ 55.292172524683309, 25.253118765193676 ], [ 55.292217440424793, 25.253073849410459 ], [ 55.292217440359998, 25.252939102114368 ] ] ], [ [ [ 55.292361592479772, 25.240325316450509 ], [ 55.2922744, 25.2403562 ], [ 55.2922958, 25.2403903 ], [ 55.292383092489089, 25.240359416445997 ], [ 55.292361592479772, 25.240325316450509 ] ] ], [ [ [ 55.29235023115843, 25.242433710431655 ], [ 55.292305315373277, 25.242209131612984 ], [ 55.29220405284066, 25.242210326116485 ], [ 55.29220405284066, 25.242345073409112 ], [ 55.292293884369073, 25.242434904937525 ], [ 55.29235023115843, 25.242433710431655 ] ] ], [ [ [ 55.292351373958326, 25.23951406629142 ], [ 55.292248968604866, 25.23951538026413 ], [ 55.29220405284066, 25.239560296028333 ], [ 55.29220405284066, 25.239650127556754 ], [ 55.292306458208323, 25.239648813588637 ], [ 55.292351373967634, 25.239603897820324 ], [ 55.292351373958326, 25.23951406629142 ] ] ], [ [ [ 55.2917726, 25.2489556 ], [ 55.2914929, 25.2491113 ], [ 55.2916705, 25.249285 ], [ 55.291927712625245, 25.249258125351169 ], [ 55.292191312284864, 25.249111324872061 ], [ 55.292029811915349, 25.24892872513464 ], [ 55.2917726, 25.2489556 ] ] ], [ [ [ 55.292080406957943, 25.253568161768868 ], [ 55.292125322700322, 25.253523245986386 ], [ 55.292125322658812, 25.253433414455753 ], [ 55.292080406854183, 25.253343582942279 ], [ 55.291765996408522, 25.253119004235831 ], [ 55.291665063670187, 25.25312485681853 ], [ 55.291665063670187, 25.253259604111157 ], [ 55.291844726727014, 25.25352909869639 ], [ 55.29193455825542, 25.253574014460604 ], [ 55.292080406957943, 25.253568161768868 ] ] ], [ [ [ 55.291618782915968, 25.241172293524848 ], [ 55.291761524523295, 25.241140658146421 ], [ 55.292238924256786, 25.240896057742745 ], [ 55.292282924215449, 25.240856557704635 ], [ 55.29222162411709, 25.240753957749369 ], [ 55.2921016, 25.2407665 ], [ 55.291508674959971, 25.241078325438174 ], [ 55.2913325, 25.2411386 ], [ 55.2914272, 25.2413002 ], [ 55.291547224679739, 25.241287658329608 ], [ 55.291656024620224, 25.241233158237677 ], [ 55.291618782915968, 25.241172293524848 ] ] ], [ [ [ 55.2918504, 25.2376298 ], [ 55.2919406, 25.2377899 ], [ 55.292060621180632, 25.23777735772336 ], [ 55.292309121054522, 25.237662757513938 ], [ 55.292117020727069, 25.237321757653074 ], [ 55.291997, 25.2373343 ], [ 55.2918614, 25.2373969 ], [ 55.2918504, 25.2376298 ] ] ], [ [ [ 55.292029774784034, 25.252670443694633 ], [ 55.291709979434394, 25.252675699176478 ], [ 55.291669343121271, 25.252756971809504 ], [ 55.291713077989392, 25.252535935388057 ], [ 55.291668162208317, 25.252491019637603 ], [ 55.291530316377568, 25.252496036119652 ], [ 55.291305737556542, 25.252585867648076 ], [ 55.291305737556542, 25.252630783412272 ], [ 55.291440484849154, 25.252765530704888 ], [ 55.291530316377568, 25.252810446469095 ], [ 55.291623246569536, 25.252805430008419 ], [ 55.291666981503376, 25.252761695041738 ], [ 55.291665063670187, 25.252810446469095 ], [ 55.291709979434394, 25.252855362233309 ], [ 55.291984859095329, 25.252850106770858 ], [ 55.292074690584542, 25.252760275209631 ], [ 55.292074690565912, 25.25271535944443 ], [ 55.292029774784034, 25.252670443694633 ] ] ], [ [ [ 55.292187714863417, 25.243375149766408 ], [ 55.292114221312247, 25.243378135985843 ], [ 55.292114221312247, 25.243467967514249 ], [ 55.292187714884577, 25.243464981295944 ], [ 55.292187714863417, 25.243375149766408 ] ] ], [ [ [ 55.292159137076453, 25.240952684718724 ], [ 55.292159137076453, 25.24099760048292 ], [ 55.29221776990908, 25.240996167079675 ], [ 55.292217769904006, 25.240951251315202 ], [ 55.292159137076453, 25.240952684718724 ] ] ], [ [ [ 55.291889642491213, 25.254023172102663 ], [ 55.292035491402338, 25.254017319439196 ], [ 55.292035491340073, 25.253882572143244 ], [ 55.291889642491213, 25.253888424810036 ], [ 55.291889642491213, 25.254023172102663 ] ] ], [ [ [ 55.292127228879558, 25.239425368676962 ], [ 55.292217769731337, 25.239424115322951 ], [ 55.292217769726257, 25.239379199558471 ], [ 55.292114221312247, 25.239380632971507 ], [ 55.292114221312374, 25.239400827954846 ], [ 55.292082222725824, 25.239340457788536 ], [ 55.292017440013986, 25.239347227506261 ], [ 55.29199172269535, 25.239304957860725 ], [ 55.291834722628721, 25.239229457985207 ], [ 55.2917147, 25.239242 ], [ 55.2914791, 25.2393452 ], [ 55.2914589, 25.239494 ], [ 55.2915053, 25.2395764 ], [ 55.291625322970276, 25.2395638581743 ], [ 55.291943479909186, 25.239428086432849 ], [ 55.2919693, 25.2394768 ], [ 55.292089322847936, 25.239464257789294 ], [ 55.292136922825115, 25.239443657749238 ], [ 55.292127228879558, 25.239425368676962 ] ] ], [ [ [ 55.2921070289824, 25.245799645505635 ], [ 55.292024389783833, 25.245803587252961 ], [ 55.292024389783833, 25.245848503017179 ], [ 55.292107028996369, 25.245844561270587 ], [ 55.2921070289824, 25.245799645505635 ] ] ], [ [ [ 55.2899855, 25.239416 ], [ 55.290054922160529, 25.239429007985368 ], [ 55.2900455, 25.2394565 ], [ 55.290236779071328, 25.239490089921905 ], [ 55.2902284, 25.2395121 ], [ 55.290265480105397, 25.239523638817349 ], [ 55.290105585765019, 25.239561304797736 ], [ 55.29006066999613, 25.239514066487807 ], [ 55.290003180394564, 25.23951538026413 ], [ 55.290003180395054, 25.239572004607091 ], [ 55.2899391, 25.2395787 ], [ 55.2898092, 25.239953 ], [ 55.290029019439537, 25.239996772291203 ], [ 55.2900163, 25.240031 ], [ 55.290094010308273, 25.240046388337607 ], [ 55.2900166, 25.240133299999989 ], [ 55.290016, 25.240174 ], [ 55.2901588, 25.2402704 ], [ 55.290195194369325, 25.240266597342572 ], [ 55.29018284345139, 25.240323864019835 ], [ 55.290221908030354, 25.24036292860135 ], [ 55.2900926, 25.2404177 ], [ 55.290136791048845, 25.240491701521229 ], [ 55.2899875, 25.2405073 ], [ 55.289794, 25.2406081 ], [ 55.2897961, 25.2406663 ], [ 55.2898897, 25.2407699 ], [ 55.29014689476422, 25.240743027507083 ], [ 55.290345894522716, 25.240639427146306 ], [ 55.290323198375866, 25.24060376837096 ], [ 55.290519794384466, 25.240583226834936 ], [ 55.290721794105103, 25.240461926466896 ], [ 55.290635393741681, 25.240286026598412 ], [ 55.290505396530854, 25.240299609674384 ], [ 55.290555192492221, 25.240275716872141 ], [ 55.290511192471698, 25.240200816881305 ], [ 55.290432636280372, 25.240225638342348 ], [ 55.290490793497014, 25.240163126838027 ], [ 55.290474293169801, 25.240007926849326 ], [ 55.290434487152105, 25.239978175350842 ], [ 55.290606871017893, 25.239960163387835 ], [ 55.2905653, 25.2399815 ], [ 55.2906178, 25.2400652 ], [ 55.2907017, 25.2400939 ], [ 55.290993752959984, 25.240049162338799 ], [ 55.2910151, 25.2400864 ], [ 55.291049392430466, 25.240082816753663 ], [ 55.291105692422086, 25.240056116740092 ], [ 55.291051416069266, 25.240019613170862 ], [ 55.291058773294345, 25.239997664070653 ], [ 55.291160373834231, 25.239987047674408 ], [ 55.2912135, 25.2400632 ], [ 55.291470693120516, 25.240036325105155 ], [ 55.291628250978206, 25.239919518177786 ], [ 55.291722553304716, 25.239918308225427 ], [ 55.291722553300069, 25.239873392460979 ], [ 55.291633647887906, 25.23987453316975 ], [ 55.291518574043046, 25.239701215739998 ], [ 55.291566629470147, 25.239681172642317 ], [ 55.2915962, 25.2397394 ], [ 55.2917618, 25.2398191 ], [ 55.29188182319723, 25.239806557977243 ], [ 55.292123723088352, 25.239709057774114 ], [ 55.2921545229269, 25.239547457740343 ], [ 55.292100322858055, 25.239475057780858 ], [ 55.2919803, 25.2394876 ], [ 55.2918053, 25.239572 ], [ 55.291814799759933, 25.23958965524157 ], [ 55.291576300330476, 25.239662905239808 ], [ 55.291522392280108, 25.239575416635379 ], [ 55.2914881, 25.239579 ], [ 55.2914346, 25.239606 ], [ 55.291475969618837, 25.239673139748675 ], [ 55.2912438, 25.2396974 ], [ 55.2911387, 25.2397467 ], [ 55.2911615, 25.2397865 ], [ 55.291195718181328, 25.239782924464279 ], [ 55.291164345733876, 25.239799400455432 ], [ 55.2908833, 25.2398168 ], [ 55.290777, 25.2398743 ], [ 55.290788222968764, 25.239893458044595 ], [ 55.290626318083056, 25.239950182040509 ], [ 55.290647992894201, 25.23988692653095 ], [ 55.290559670257913, 25.239877498050209 ], [ 55.290633446438434, 25.239693608332427 ], [ 55.290724192455897, 25.239684126374268 ], [ 55.290749107251699, 25.239559946106926 ], [ 55.29082423798819, 25.239558982186804 ], [ 55.290824237983529, 25.239514066422348 ], [ 55.290721832621863, 25.239515380264134 ], [ 55.290721832621934, 25.239553053863219 ], [ 55.290699075425898, 25.239553131301122 ], [ 55.290710692107162, 25.239518926379162 ], [ 55.290611537299021, 25.239503675861886 ], [ 55.290646191888477, 25.239412426480172 ], [ 55.290483753509946, 25.239379986372622 ], [ 55.29051589162296, 25.239280426693664 ], [ 55.290368391549059, 25.239237926947506 ], [ 55.2901112, 25.2392648 ], [ 55.290077649507239, 25.239362693990596 ], [ 55.2900081, 25.2393555 ], [ 55.2899855, 25.239416 ] ], [ [ 55.29030740334386, 25.240254873154949 ], [ 55.290382087019239, 25.240247069760361 ], [ 55.2903622, 25.2402572 ], [ 55.290395867470309, 25.240311053993896 ], [ 55.290321743219934, 25.240330971674098 ], [ 55.29030740334386, 25.240254873154949 ] ] ], [ [ [ 55.291661890192891, 25.232197016490993 ], [ 55.292040390136435, 25.232016816399792 ], [ 55.292220490078286, 25.231820316354717 ], [ 55.292237890038102, 25.231679016348505 ], [ 55.291662190007969, 25.231542516481014 ], [ 55.2915696, 25.2315455 ], [ 55.2912202, 25.2316965 ], [ 55.291485, 25.23215 ], [ 55.291661890192891, 25.232197016490993 ] ] ], [ [ [ 55.2901443, 25.2495499 ], [ 55.2900254, 25.2496586 ], [ 55.2902077, 25.2498217 ], [ 55.290295682707843, 25.249812508196619 ], [ 55.2902862, 25.2498872 ], [ 55.2903397, 25.2499555 ], [ 55.290558545483577, 25.249948183743946 ], [ 55.2904318, 25.250058 ], [ 55.290565, 25.2501838 ], [ 55.290822214653311, 25.250156927392684 ], [ 55.29102621450614, 25.250098127028117 ], [ 55.291162714240414, 25.249979926775218 ], [ 55.291202513943951, 25.249842226689751 ], [ 55.291169825247721, 25.249811364455763 ], [ 55.291375013814054, 25.249789926381183 ], [ 55.291504413641363, 25.249715226145685 ], [ 55.291459693003006, 25.249639500348994 ], [ 55.291607432993658, 25.249622410365788 ], [ 55.291665063670301, 25.249634964767253 ], [ 55.291665063670187, 25.249666342974677 ], [ 55.291771710665316, 25.249659893094169 ], [ 55.291771710647033, 25.249623821954739 ], [ 55.291877913382855, 25.249612725478801 ], [ 55.291952213283039, 25.249569525343556 ], [ 55.291814212829685, 25.24934862556055 ], [ 55.291571346972816, 25.249374000993456 ], [ 55.291624012845737, 25.24934632589396 ], [ 55.291538812573862, 25.249213726028369 ], [ 55.2912816, 25.2492406 ], [ 55.291105, 25.2493334 ], [ 55.291158129645076, 25.249416087724672 ], [ 55.291002, 25.2494324 ], [ 55.29085, 25.249506 ], [ 55.290897273292344, 25.249585799734565 ], [ 55.2908062133667, 25.249549527351732 ], [ 55.290549, 25.2495764 ], [ 55.290507017417752, 25.249616011509691 ], [ 55.290401513354993, 25.249523028058693 ], [ 55.2901443, 25.2495499 ] ], [ [ 55.291415536942196, 25.24944245667691 ], [ 55.291311578964134, 25.249493922550933 ], [ 55.291288926960483, 25.249455684998622 ], [ 55.291415536942196, 25.24944245667691 ] ], [ [ 55.291294227601085, 25.249573893752729 ], [ 55.291260975888385, 25.249577367898262 ], [ 55.291287873159128, 25.24956434388972 ], [ 55.291294227601085, 25.249573893752729 ] ], [ [ 55.291001301778735, 25.249714975969759 ], [ 55.290899531375622, 25.249725608713845 ], [ 55.290939013650316, 25.249690127134734 ], [ 55.290938724061363, 25.249639236290761 ], [ 55.291043943926482, 25.249628243113172 ], [ 55.29101150000001, 25.2496454 ], [ 55.291001301778735, 25.249714975969759 ] ] ], [ [ [ 55.291979474019627, 25.241042516247138 ], [ 55.291979474019627, 25.241087432011337 ], [ 55.292038106863473, 25.241085998625437 ], [ 55.292038106858392, 25.241041082860956 ], [ 55.291979474019627, 25.241042516247138 ] ] ], [ [ [ 55.291979474019882, 25.237147444864537 ], [ 55.29193365281386, 25.237152233228699 ], [ 55.292038491573031, 25.237100516477224 ], [ 55.291981491547133, 25.237005916489114 ], [ 55.2916563, 25.237153 ], [ 55.2917133, 25.2372476 ], [ 55.29179615793575, 25.237220058994435 ], [ 55.2918271, 25.2372708 ], [ 55.291947120672958, 25.237258257788731 ], [ 55.292082220599461, 25.237190957674606 ], [ 55.292041535574732, 25.237133052998708 ], [ 55.291979474019882, 25.237147444864537 ] ] ], [ [ [ 55.29193455825542, 25.239874706377773 ], [ 55.29193455825542, 25.239919622141986 ], [ 55.292036963652471, 25.239918308198472 ], [ 55.292036963643156, 25.239828476669558 ], [ 55.291979474019627, 25.23982979061357 ], [ 55.29193455825542, 25.239874706377773 ] ] ], [ [ [ 55.291525, 25.2380222 ], [ 55.291604063612844, 25.238078906712214 ], [ 55.291651101247545, 25.238173241134884 ], [ 55.291571576996304, 25.238200232590199 ], [ 55.291535421567154, 25.238140858172425 ], [ 55.2912392, 25.238179099999989 ], [ 55.2911933, 25.2382008 ], [ 55.2912194, 25.2382461 ], [ 55.291258035065475, 25.238250426434739 ], [ 55.2911846, 25.2382581 ], [ 55.291025914869195, 25.238338212887033 ], [ 55.291011091930244, 25.238311116735776 ], [ 55.290904, 25.2383472 ], [ 55.290921862552075, 25.238379852545382 ], [ 55.2908397, 25.2384034 ], [ 55.2908622, 25.2384415 ], [ 55.29090864695187, 25.238436646664198 ], [ 55.2908182, 25.2384811 ], [ 55.2908858, 25.2385915 ], [ 55.29105332203131, 25.238585058590502 ], [ 55.291142221982632, 25.238540458515384 ], [ 55.291170990264405, 25.238494150761383 ], [ 55.291170990263922, 25.238527233451595 ], [ 55.291227336690568, 25.238526039013522 ], [ 55.291227336683626, 25.23844960507671 ], [ 55.291344521833658, 25.238400358342407 ], [ 55.291365943375965, 25.238354429733455 ], [ 55.291482421769111, 25.238342258226474 ], [ 55.291576386879058, 25.238292059854157 ], [ 55.291648648883161, 25.238378312354392 ], [ 55.2915888, 25.23841 ], [ 55.291669, 25.2385338 ], [ 55.291757050367302, 25.238501798847736 ], [ 55.29180539197764, 25.23852001655322 ], [ 55.291906091962382, 25.238471216528943 ], [ 55.291895399752867, 25.238454424997268 ], [ 55.29204222181864, 25.238421357772566 ], [ 55.2919943338484, 25.238301101782056 ], [ 55.291964057200587, 25.238288240885801 ], [ 55.292053321639209, 25.238240557753894 ], [ 55.292032021601038, 25.238200857769218 ], [ 55.291919913965977, 25.238212572995405 ], [ 55.291892036905807, 25.238164787629099 ], [ 55.291928721553212, 25.238147157850911 ], [ 55.291877821470358, 25.238060757887975 ], [ 55.291834018396621, 25.238065335272822 ], [ 55.291789421406243, 25.237991357956645 ], [ 55.291722553106617, 25.23799834559853 ], [ 55.291722553095248, 25.237897098824934 ], [ 55.291575232141774, 25.237898412752713 ], [ 55.2915014, 25.2379648 ], [ 55.291548382226345, 25.238008682152614 ], [ 55.291525, 25.2380222 ] ], [ [ 55.291821527426798, 25.238440155056107 ], [ 55.291808760604575, 25.238446821127418 ], [ 55.291731331033652, 25.238344620157648 ], [ 55.291746950374588, 25.238337495231534 ], [ 55.291821527426798, 25.238440155056107 ] ], [ [ 55.291152914102, 25.238457381796788 ], [ 55.291170990264263, 25.238455492948194 ], [ 55.29117099026444, 25.238486912636738 ], [ 55.291152914102, 25.238457381796788 ] ], [ [ 55.291046241521585, 25.238383583333587 ], [ 55.291010734396998, 25.238391170152102 ], [ 55.291009858287772, 25.23838967998724 ], [ 55.291041281557547, 25.238375651726905 ], [ 55.291046241521585, 25.238383583333587 ] ] ], [ [ [ 55.2918862, 25.2325024 ], [ 55.2919296, 25.2325723 ], [ 55.292098415993671, 25.232535057414584 ], [ 55.292055015926678, 25.232465057446372 ], [ 55.2918862, 25.2325024 ] ] ], [ [ [ 55.291468, 25.2389653 ], [ 55.2914078, 25.2391898 ], [ 55.291530316377596, 25.239203208144506 ], [ 55.291530316377568, 25.239245885678891 ], [ 55.291587805942996, 25.239244571770151 ], [ 55.291587805938335, 25.239199656005699 ], [ 55.291557731920697, 25.239200343342368 ], [ 55.29192572246437, 25.23906805790218 ], [ 55.291857422352138, 25.238951057951869 ], [ 55.291767637522589, 25.238960440260872 ], [ 55.291768222329999, 25.238924058023432 ], [ 55.291722553201396, 25.238919190391737 ], [ 55.291722553192997, 25.238840329878496 ], [ 55.291665063670187, 25.238841643801042 ], [ 55.291665063670528, 25.238913062865169 ], [ 55.291542890145877, 25.238923245621475 ], [ 55.291542890137137, 25.238840329893897 ], [ 55.291395569084948, 25.238841643801042 ], [ 55.291395569084948, 25.238931475329455 ], [ 55.291523259372887, 25.23893033651153 ], [ 55.291468, 25.2389653 ] ] ], [ [ [ 55.291530316377568, 25.254113003631062 ], [ 55.291672735700175, 25.254107509425538 ], [ 55.291672735680699, 25.254062593660294 ], [ 55.291530316377568, 25.254068087866859 ], [ 55.291530316377568, 25.254113003631062 ] ] ], [ [ [ 55.291609522177218, 25.253744526419034 ], [ 55.291626322044259, 25.253682726382539 ], [ 55.291583322028629, 25.253673126456885 ], [ 55.2913261, 25.2537 ], [ 55.2913092, 25.2537618 ], [ 55.291609522177218, 25.253744526419034 ] ] ], [ [ [ 55.2914884, 25.2350835 ], [ 55.2914401, 25.2351068 ], [ 55.2914649, 25.2351488 ], [ 55.291567773080516, 25.235138049696872 ], [ 55.291871104514996, 25.235006018832152 ], [ 55.291798604394813, 25.234883018885967 ], [ 55.2916763, 25.2348958 ], [ 55.2914439, 25.235008 ], [ 55.2914884, 25.2350835 ] ] ], [ [ [ 55.2914749, 25.2342717 ], [ 55.2913926, 25.2343098 ], [ 55.29152578916996, 25.234545399365114 ], [ 55.291476642604053, 25.234565111231365 ], [ 55.291141150126023, 25.233989182863851 ], [ 55.291200708875365, 25.233987635675472 ], [ 55.291200708864366, 25.233942719910679 ], [ 55.29111537575411, 25.233944936646079 ], [ 55.29108822096633, 25.233898320665617 ], [ 55.291112020348784, 25.233897684718791 ], [ 55.291112020325933, 25.233807853189163 ], [ 55.291037372461808, 25.233811030140085 ], [ 55.290925181212152, 25.233618433377575 ], [ 55.2908566, 25.2336256 ], [ 55.2903896, 25.2338482 ], [ 55.2909703, 25.2348449 ], [ 55.291038881897926, 25.23483773336137 ], [ 55.291490576744188, 25.234622382350064 ], [ 55.291646563392263, 25.234580981906962 ], [ 55.2916686, 25.2346167 ], [ 55.2917897610849, 25.234604038327525 ], [ 55.291870761039768, 25.234563038258418 ], [ 55.291828560973755, 25.23449473828963 ], [ 55.291619922562518, 25.23453556225455 ], [ 55.291743490830157, 25.23445651650615 ], [ 55.291610490765621, 25.234221216533683 ], [ 55.2914749, 25.2342717 ] ] ], [ [ [ 55.2917011, 25.233999 ], [ 55.291876831363162, 25.233954896571721 ], [ 55.29180923124509, 25.233829696619466 ], [ 55.2916915, 25.233842 ], [ 55.2916297, 25.2338714 ], [ 55.291655348714777, 25.233917237231665 ], [ 55.2915198, 25.2339454 ], [ 55.2915437, 25.2339868 ], [ 55.291682344005906, 25.23396548091204 ], [ 55.2917011, 25.233999 ] ] ], [ [ [ 55.2905694, 25.2545171 ], [ 55.290709696489536, 25.25441961705036 ], [ 55.290651906295714, 25.254366216037123 ], [ 55.290874823527631, 25.254342927776126 ], [ 55.290907523462721, 25.25431402771547 ], [ 55.290876223404851, 25.254285127767112 ], [ 55.290619, 25.254312 ], [ 55.290481233791631, 25.254409248901208 ], [ 55.290399147201214, 25.254332557673575 ], [ 55.2898847, 25.2543863 ], [ 55.2893024, 25.254646 ], [ 55.2893185, 25.25484 ], [ 55.289930436011169, 25.254779907857991 ], [ 55.2898462, 25.254857 ], [ 55.289999, 25.2551415 ], [ 55.290164106179652, 25.255124252225439 ], [ 55.2898361, 25.2553707 ], [ 55.2898562, 25.2555957 ], [ 55.290513652279543, 25.255535257545194 ], [ 55.290638951979119, 25.255470957090836 ], [ 55.290976208896524, 25.255158290475404 ], [ 55.2910431, 25.2552197 ], [ 55.291378325273726, 25.255192026989143 ], [ 55.291569924868185, 25.255010826632361 ], [ 55.29116722411964, 25.254637127296505 ], [ 55.29091, 25.254664 ], [ 55.29081765382935, 25.254751035419734 ], [ 55.290815348728884, 25.254714156299762 ], [ 55.29064364804573, 25.254544256863682 ], [ 55.290457168735735, 25.254563738117849 ], [ 55.290540177796501, 25.254490123493234 ], [ 55.2905694, 25.2545171 ] ], [ [ 55.290734886457884, 25.254936743139847 ], [ 55.290669794866197, 25.254943360313238 ], [ 55.290705836064475, 25.254910073195038 ], [ 55.290734886457884, 25.254936743139847 ] ] ], [ [ [ 55.291815813726224, 25.237312835532201 ], [ 55.291754895198601, 25.237314507818034 ], [ 55.291754895198601, 25.237359423582244 ], [ 55.291815813732143, 25.237357751296727 ], [ 55.291815813726224, 25.237312835532201 ] ] ], [ [ [ 55.291395569084948, 25.253035025290121 ], [ 55.291576044489659, 25.253030247727427 ], [ 55.291576044455773, 25.252940416197205 ], [ 55.291531128675508, 25.252895500446101 ], [ 55.291350653320748, 25.252900277997512 ], [ 55.291395569084948, 25.253035025290121 ] ] ], [ [ [ 55.291618672286653, 25.248673657381033 ], [ 55.291530316377568, 25.248678196162146 ], [ 55.291530316377568, 25.248768027690563 ], [ 55.291618672318826, 25.248763488911173 ], [ 55.291618672286653, 25.248673657381033 ] ] ], [ [ [ 55.291536844454406, 25.252355914068442 ], [ 55.291395569084948, 25.252361288827039 ], [ 55.291395569084948, 25.252451120355452 ], [ 55.291536844492512, 25.252445745598898 ], [ 55.291536844454406, 25.252355914068442 ] ] ], [ [ [ 55.290280247362411, 25.248458157918293 ], [ 55.2902212, 25.2485095 ], [ 55.290278285065703, 25.248563173318086 ], [ 55.29004809615877, 25.248588364633736 ], [ 55.29004809615877, 25.248633280397943 ], [ 55.290138263593384, 25.248655822287635 ], [ 55.2900943, 25.2486939 ], [ 55.290291, 25.2488241 ], [ 55.290628624551218, 25.248792046802674 ], [ 55.2905982, 25.2488202 ], [ 55.290694437108854, 25.248905339460247 ], [ 55.2906259, 25.2489125 ], [ 55.2904459, 25.2490571 ], [ 55.290619, 25.2492184 ], [ 55.290818734159863, 25.249197532405844 ], [ 55.290894395019663, 25.24923241692855 ], [ 55.290964695001151, 25.249170616911165 ], [ 55.290950220788474, 25.249132010523109 ], [ 55.2909756, 25.249155 ], [ 55.291232812425974, 25.249128126555455 ], [ 55.291382880711602, 25.248992606553987 ], [ 55.291528840872537, 25.248988067763126 ], [ 55.291573756619819, 25.248943151984747 ], [ 55.291573756587638, 25.248853320454621 ], [ 55.291528840808176, 25.24880840470286 ], [ 55.291124598889567, 25.248673657527423 ], [ 55.291062347054016, 25.248675777560297 ], [ 55.291021511413099, 25.248639626870617 ], [ 55.290935200385341, 25.248648644591366 ], [ 55.291019411277169, 25.248575426867006 ], [ 55.290708310690569, 25.248282727379493 ], [ 55.290629527560966, 25.248290958459606 ], [ 55.290578210579952, 25.24822382760102 ], [ 55.290517212951954, 25.248230200446848 ], [ 55.290554210524057, 25.248196227639987 ], [ 55.29035411016789, 25.24801792797075 ], [ 55.290157730660347, 25.24800127424221 ], [ 55.290222853897951, 25.247955363846287 ], [ 55.290222853883137, 25.247910448081296 ], [ 55.290137927687184, 25.247914628170648 ], [ 55.290093011922977, 25.247959543934851 ], [ 55.290093011923005, 25.248002353436753 ], [ 55.2898705, 25.2480256 ], [ 55.2897964, 25.2480936 ], [ 55.2901221, 25.2483837 ], [ 55.290190565116049, 25.248376547171443 ], [ 55.2901561, 25.2484098 ], [ 55.2902205, 25.2484644 ], [ 55.290280247362411, 25.248458157918293 ] ] ], [ [ [ 55.2914237, 25.2384611 ], [ 55.2913975, 25.2385099 ], [ 55.2914641, 25.2386167 ], [ 55.291661491982104, 25.238528316587001 ], [ 55.291593291952211, 25.238419016601284 ], [ 55.2915146, 25.2384147 ], [ 55.2914237, 25.2384611 ] ] ], [ [ [ 55.291089973215527, 25.252355675354472 ], [ 55.291359467734857, 25.252220927959893 ], [ 55.291404383478131, 25.252176012178165 ], [ 55.291404383438319, 25.252086180647627 ], [ 55.291126074499715, 25.252091794241803 ], [ 55.290991327207095, 25.25227145729863 ], [ 55.290991327207095, 25.252361288827032 ], [ 55.291089973215527, 25.252355675354472 ] ] ], [ [ [ 55.290809942804692, 25.246908289117549 ], [ 55.2906031, 25.2469299 ], [ 55.2905731, 25.2470803 ], [ 55.290731383738937, 25.247107230051835 ], [ 55.2907077, 25.2471896 ], [ 55.290814294446939, 25.247203016916533 ], [ 55.290839194422084, 25.247116416909396 ], [ 55.290778975809623, 25.247102257640282 ], [ 55.2908305687452, 25.247096867201122 ], [ 55.2910919, 25.2471588 ], [ 55.291349108179396, 25.247131926124631 ], [ 55.291414994408917, 25.247099716774468 ], [ 55.291365290658554, 25.247055978512734 ], [ 55.291390089580069, 25.246939591996622 ], [ 55.291453494363282, 25.246940316763052 ], [ 55.291479294322635, 25.246797916754861 ], [ 55.291243694316222, 25.246763016809439 ], [ 55.2912094, 25.2467666 ], [ 55.291196041683719, 25.246840633217737 ], [ 55.29102171341578, 25.246820942657973 ], [ 55.291030128494008, 25.246793599500723 ], [ 55.291182088562365, 25.246785881549187 ], [ 55.291188107258456, 25.246689326356762 ], [ 55.291064019302155, 25.246683477778781 ], [ 55.291077607164574, 25.246639326544908 ], [ 55.290970607152794, 25.246628226731339 ], [ 55.2907134, 25.2466551 ], [ 55.2906168, 25.2467156 ], [ 55.2906015, 25.2468133 ], [ 55.290625156436462, 25.246847344707955 ], [ 55.2905136, 25.246859 ], [ 55.2905071, 25.2469057 ], [ 55.290809942804692, 25.246908289117549 ] ] ], [ [ [ 55.291305737556542, 25.249172269568415 ], [ 55.291305737556542, 25.249217185332622 ], [ 55.291441295759917, 25.249212407734849 ], [ 55.291441295742985, 25.249167491969732 ], [ 55.291305737556542, 25.249172269568415 ] ] ], [ [ [ 55.2915490915669, 25.237053416590935 ], [ 55.291590591560464, 25.237032816580928 ], [ 55.291416991482208, 25.236746916617175 ], [ 55.2913412, 25.2367712 ], [ 55.2915148, 25.237057 ], [ 55.2915490915669, 25.237053416590935 ] ] ], [ [ [ 55.291502617096072, 25.233618857959506 ], [ 55.291452636869494, 25.233533816552605 ], [ 55.291625430925748, 25.233490996749371 ], [ 55.291592130866405, 25.23342809677283 ], [ 55.291413317810196, 25.233466915042783 ], [ 55.29124431667465, 25.233179358147556 ], [ 55.2910763, 25.233215 ], [ 55.291106134366174, 25.233265783303874 ], [ 55.291064466295296, 25.233270137622675 ], [ 55.291005890470025, 25.233143816658696 ], [ 55.2908094, 25.2332308 ], [ 55.2909721, 25.2335117 ], [ 55.2908996, 25.2335465 ], [ 55.2909308, 25.2335997 ], [ 55.291018325439914, 25.233590553684017 ], [ 55.2911367, 25.2337924 ], [ 55.291302135948541, 25.233732324900558 ], [ 55.291276752323846, 25.233689042125857 ], [ 55.291389517159622, 25.233677258055145 ], [ 55.291399089954268, 25.233647750248899 ], [ 55.291502617096072, 25.233618857959506 ] ], [ [ 55.291040334673426, 25.233293104281785 ], [ 55.291175823923197, 25.233527642738501 ], [ 55.291031390514242, 25.233301616655126 ], [ 55.291040334673426, 25.233293104281785 ] ] ], [ [ [ 55.291352608823814, 25.252895381064569 ], [ 55.291352608771717, 25.252760633769167 ], [ 55.291307692973689, 25.25267080225326 ], [ 55.291126074499715, 25.252675699176475 ], [ 55.291126074499715, 25.252810446469095 ], [ 55.291215906028128, 25.252900277997504 ], [ 55.291352608823814, 25.252895381064569 ] ] ], [ [ [ 55.2914541, 25.2324683 ], [ 55.2914951, 25.2325376 ], [ 55.291637370847027, 25.232506949528489 ], [ 55.291594170789587, 25.232436949555606 ], [ 55.2914541, 25.2324683 ] ] ], [ [ [ 55.291422520989414, 25.237550958233541 ], [ 55.291387574156538, 25.237536839748255 ], [ 55.291551420928101, 25.237495658125127 ], [ 55.291519920880752, 25.237446158148277 ], [ 55.2913999, 25.2374587 ], [ 55.2913421, 25.2374887 ], [ 55.291369041316543, 25.237531121885322 ], [ 55.2912525, 25.2375433 ], [ 55.2911639, 25.2375879 ], [ 55.2912545, 25.2377353 ], [ 55.291374521161821, 25.237722758281929 ], [ 55.291454221117974, 25.237682558214576 ], [ 55.291477421074937, 25.237640258193345 ], [ 55.291422520989414, 25.237550958233541 ] ] ], [ [ [ 55.291491690669638, 25.233875416556213 ], [ 55.291477152217801, 25.233851263984555 ], [ 55.291578017284067, 25.233812857908109 ], [ 55.291537517219489, 25.233745457937662 ], [ 55.2913454, 25.2337935 ], [ 55.2914106, 25.233902 ], [ 55.291491690669638, 25.233875416556213 ] ] ], [ [ [ 55.2908912, 25.2394456 ], [ 55.2908375, 25.2396056 ], [ 55.2909219, 25.2396841 ], [ 55.291179092348884, 25.239657225573463 ], [ 55.291482092147476, 25.239577925033082 ], [ 55.291358691694015, 25.23935762522445 ], [ 55.291274891665275, 25.23933972536938 ], [ 55.2910177, 25.2393666 ], [ 55.291039206190703, 25.239405293651313 ], [ 55.2908912, 25.2394456 ] ] ], [ [ [ 55.2911668, 25.2541289 ], [ 55.2911309, 25.2542497 ], [ 55.291203896437288, 25.25426051693233 ], [ 55.2912562964041, 25.254145916918333 ], [ 55.2911668, 25.2541289 ] ] ], [ [ [ 55.2910807, 25.2373842 ], [ 55.291113457386359, 25.237429049054768 ], [ 55.2910707, 25.2374457 ], [ 55.2911301, 25.2375478 ], [ 55.291282820965719, 25.23751975834621 ], [ 55.291245094937977, 25.23745484941065 ], [ 55.291480820812616, 25.237375258176517 ], [ 55.291415820703186, 25.237261258223665 ], [ 55.29130587181276, 25.237272747531932 ], [ 55.29127382066644, 25.2372167583375 ], [ 55.291006119490419, 25.237252812461254 ], [ 55.290780014273032, 25.236874848562117 ], [ 55.29081962487804, 25.236870709512417 ], [ 55.2908531, 25.2369375 ], [ 55.290931404529871, 25.236929317644229 ], [ 55.290948386946404, 25.236957478354157 ], [ 55.2909023, 25.2369802 ], [ 55.2909244, 25.2370168 ], [ 55.291044420468012, 25.237004258513956 ], [ 55.291209020379249, 25.236923058374952 ], [ 55.291063720208058, 25.236742458484269 ], [ 55.290813, 25.2367693 ], [ 55.290738928796138, 25.236806168639653 ], [ 55.290724486303979, 25.236782026043873 ], [ 55.2904673, 25.2368089 ], [ 55.2899313, 25.2370713 ], [ 55.290096942897684, 25.237317258327959 ], [ 55.2898215, 25.2373427 ], [ 55.2898047, 25.2374887 ], [ 55.289862786853568, 25.237494098778125 ], [ 55.2898561, 25.2375348 ], [ 55.2899559, 25.2377011 ], [ 55.290213088251335, 25.237674227042064 ], [ 55.290485987931596, 25.237537526547968 ], [ 55.290467511142353, 25.237507627878152 ], [ 55.290578187832224, 25.2374954263815 ], [ 55.290979256079318, 25.2372954365654 ], [ 55.2910319, 25.2373827 ], [ 55.2910807, 25.2373842 ] ] ], [ [ [ 55.291350653320748, 25.239290801443101 ], [ 55.291350653320748, 25.239335717207311 ], [ 55.291453058660409, 25.239334403310611 ], [ 55.291453058655755, 25.239289487546156 ], [ 55.291350653320748, 25.239290801443101 ] ] ], [ [ [ 55.291014, 25.2412724 ], [ 55.2911418, 25.2414839 ], [ 55.291261824876123, 25.241471358572934 ], [ 55.291416924792379, 25.241394758441924 ], [ 55.291289024589688, 25.241183258535386 ], [ 55.291169, 25.2411958 ], [ 55.291014, 25.2412724 ] ] ], [ [ [ 55.2912998, 25.2385354 ], [ 55.2912089, 25.238582 ], [ 55.2911826, 25.2386308 ], [ 55.291255171033249, 25.238736807410209 ], [ 55.291228093218663, 25.238750801404588 ], [ 55.291159992021619, 25.238642116705975 ], [ 55.291074321662201, 25.238641314215776 ], [ 55.291049122042608, 25.238596258594537 ], [ 55.2908727, 25.2386346 ], [ 55.2909143, 25.2387088 ], [ 55.290980057736007, 25.238701928836317 ], [ 55.2909629, 25.2387337 ], [ 55.2910297, 25.2388404 ], [ 55.291225699354086, 25.238753509960116 ], [ 55.2912514, 25.2387943 ], [ 55.291371422209586, 25.238781758340615 ], [ 55.291419022182808, 25.238757158300359 ], [ 55.291392622142709, 25.23871525831975 ], [ 55.291301303069169, 25.23872480068999 ], [ 55.291448492019335, 25.238649016638625 ], [ 55.291379691989313, 25.238539216653049 ], [ 55.2912998, 25.2385354 ] ] ], [ [ [ 55.2903688, 25.2507281 ], [ 55.2902296, 25.2508075 ], [ 55.2903084, 25.2509206 ], [ 55.290452441107384, 25.250905551694864 ], [ 55.290663710242306, 25.250785063968539 ], [ 55.2906855, 25.2508181 ], [ 55.290766748386197, 25.250809611591247 ], [ 55.290811664150276, 25.250879068608238 ], [ 55.29092402769902, 25.250872021943966 ], [ 55.291013859162931, 25.250760478139807 ], [ 55.291265815639001, 25.250644626669871 ], [ 55.291141115251818, 25.250455626867168 ], [ 55.290950199809458, 25.250475573224943 ], [ 55.290876115077332, 25.250359627321178 ], [ 55.290619696812975, 25.250386416753265 ], [ 55.290443514866766, 25.25023792806628 ], [ 55.2901863, 25.2502648 ], [ 55.2900763, 25.2503715 ], [ 55.2902907, 25.2505523 ], [ 55.290533279739485, 25.250526956967121 ], [ 55.2905658, 25.2505779 ], [ 55.290627022047111, 25.250571503874422 ], [ 55.2905491, 25.2506113 ], [ 55.290596774406232, 25.250683580640807 ], [ 55.2903688, 25.2507281 ] ] ], [ [ [ 55.2911166, 25.2537164 ], [ 55.291185096286213, 25.253725516928629 ], [ 55.291216296266356, 25.253656916920281 ], [ 55.2911478, 25.2536477 ], [ 55.2911166, 25.2537164 ] ] ], [ [ [ 55.291386691865071, 25.238100016644751 ], [ 55.291434091856949, 25.238073716633274 ], [ 55.291400691843442, 25.238024216640337 ], [ 55.2913189, 25.238054 ], [ 55.2913524, 25.2381036 ], [ 55.291386691865071, 25.238100016644751 ] ] ], [ [ [ 55.291424144733611, 25.234257249666292 ], [ 55.291424144723038, 25.234212333901521 ], [ 55.291305737556542, 25.234215320087824 ], [ 55.291305737556542, 25.23426023585203 ], [ 55.291424144733611, 25.234257249666292 ] ] ], [ [ [ 55.291081158735508, 25.238976391093665 ], [ 55.291081158735508, 25.239245885678887 ], [ 55.291170990263922, 25.239335717207304 ], [ 55.291228479840591, 25.23933440332987 ], [ 55.291273395599902, 25.239289487561557 ], [ 55.291318311326627, 25.238930161442067 ], [ 55.291126074499715, 25.238931475329451 ], [ 55.291081158735508, 25.238976391093665 ] ] ], [ [ [ 55.291284391771974, 25.237765316663605 ], [ 55.2912457, 25.237794 ], [ 55.291328991780368, 25.237797316653662 ], [ 55.291333291773242, 25.237772316652272 ], [ 55.291284391771974, 25.237765316663605 ] ] ], [ [ [ 55.290897831212966, 25.247856059209457 ], [ 55.291192030962009, 25.247617758955975 ], [ 55.291048730842881, 25.247489959066513 ], [ 55.290901416132606, 25.24752753001512 ], [ 55.29089854359718, 25.247456393359304 ], [ 55.290673964720135, 25.247366561960511 ], [ 55.290407422272416, 25.247375639000175 ], [ 55.29031759074401, 25.247465470528589 ], [ 55.29031759074401, 25.247645133585412 ], [ 55.290344983728964, 25.247672526575727 ], [ 55.2902899, 25.2477239 ], [ 55.2902716, 25.2478044 ], [ 55.2903993, 25.2479165 ], [ 55.290487862326174, 25.247907247305637 ], [ 55.2904566, 25.2479357 ], [ 55.290582, 25.2480483 ], [ 55.290702031400869, 25.248035759379281 ], [ 55.290816267222802, 25.247931789948272 ], [ 55.290906531278139, 25.247922359205852 ], [ 55.290938931247283, 25.24789285917776 ], [ 55.290897831212966, 25.247856059209457 ] ], [ [ 55.29068283112057, 25.247751559379921 ], [ 55.290579398323629, 25.2476608821081 ], [ 55.290642994079938, 25.247629084255053 ], [ 55.2906658, 25.2476494 ], [ 55.290792513858968, 25.247630717665935 ], [ 55.29085142824831, 25.247683259644226 ], [ 55.2908051, 25.2476881 ], [ 55.290715602186907, 25.247795687756138 ], [ 55.290625375526083, 25.247805114488241 ], [ 55.29068283112057, 25.247751559379921 ] ] ], [ [ [ 55.291170990263922, 25.238078075809543 ], [ 55.291170990263922, 25.238167907337957 ], [ 55.29131716818469, 25.238166712891068 ], [ 55.291317168176221, 25.238076881362201 ], [ 55.291170990263922, 25.238078075809543 ] ] ], [ [ [ 55.2909631, 25.2516382 ], [ 55.291116995667444, 25.251534416911365 ], [ 55.29083339559763, 25.251272816973739 ], [ 55.2907991, 25.2512764 ], [ 55.2907731, 25.2514642 ], [ 55.2909631, 25.2516382 ] ] ], [ [ [ 55.291142820688499, 25.23723225844552 ], [ 55.291302020602188, 25.237153258311057 ], [ 55.291242320507713, 25.237054658354683 ], [ 55.291076498058381, 25.237089936476117 ], [ 55.291044291569598, 25.237036816708706 ], [ 55.29094460000001, 25.2370728 ], [ 55.2910228, 25.2372448 ], [ 55.291142820688499, 25.23723225844552 ] ] ], [ [ [ 55.2907475, 25.2540188 ], [ 55.291053322774346, 25.253997127423645 ], [ 55.291058822685478, 25.253955527409264 ], [ 55.290753, 25.2539771 ], [ 55.2907475, 25.2540188 ] ] ], [ [ [ 55.291141745600065, 25.247234561464445 ], [ 55.290991327207095, 25.247240891707552 ], [ 55.290991327207095, 25.247330723235972 ], [ 55.291141745644943, 25.247324392995267 ], [ 55.291141745600065, 25.247234561464445 ] ] ], [ [ [ 55.290995569394084, 25.253568878787622 ], [ 55.290901495678682, 25.253574014460607 ], [ 55.290856579914482, 25.2536189302248 ], [ 55.290856579914482, 25.253663845989006 ], [ 55.290995569430507, 25.253658710317982 ], [ 55.290995569394084, 25.253568878787622 ] ] ], [ [ [ 55.291002757827322, 25.238063552364956 ], [ 55.291101588934232, 25.238042425525855 ], [ 55.291037688721644, 25.237938825626138 ], [ 55.2907536, 25.2379793 ], [ 55.2908176, 25.2380829 ], [ 55.291002757827322, 25.238063552364956 ] ] ], [ [ [ 55.290985277886328, 25.245350368706454 ], [ 55.290940362108465, 25.245305452953382 ], [ 55.290811664150276, 25.245309513846703 ], [ 55.290766748386069, 25.245354429610906 ], [ 55.290766748386069, 25.245444261139316 ], [ 55.290811664150276, 25.245534092667725 ], [ 55.290940362180436, 25.245530031778262 ], [ 55.290985277886328, 25.245350368706454 ] ] ], [ [ [ 55.2908128, 25.2541102 ], [ 55.290847096398977, 25.254106617013463 ], [ 55.290859896386401, 25.25406281700981 ], [ 55.2907798, 25.2540554 ], [ 55.2907669, 25.2540992 ], [ 55.2908128, 25.2541102 ] ] ], [ [ [ 55.290991692476226, 25.240241716769567 ], [ 55.291047992468194, 25.240216216756018 ], [ 55.291002192445397, 25.240133216765464 ], [ 55.2909115, 25.2401623 ], [ 55.2909574, 25.2402453 ], [ 55.290991692476226, 25.240241716769567 ] ] ], [ [ [ 55.2906493, 25.2375822 ], [ 55.2905772, 25.2376182 ], [ 55.2906632, 25.2377589 ], [ 55.290920388296172, 25.237732025808334 ], [ 55.291053788140125, 25.237665325566834 ], [ 55.291014688008758, 25.237601325628123 ], [ 55.290906487923131, 25.237555325812618 ], [ 55.2906493, 25.2375822 ] ] ], [ [ [ 55.290391363243465, 25.235004657138024 ], [ 55.29031770000001, 25.2350282 ], [ 55.2903649, 25.2351139 ], [ 55.290507091240876, 25.23509134226866 ], [ 55.2903785, 25.2351529 ], [ 55.290395806670318, 25.235182475069529 ], [ 55.2902921, 25.2352221 ], [ 55.2903318, 25.2352925 ], [ 55.29055931875201, 25.235244258817549 ], [ 55.290782418634848, 25.235137358629324 ], [ 55.290766352909237, 25.2351099307058 ], [ 55.290981118515361, 25.235026858460881 ], [ 55.290967124423339, 25.235003717314989 ], [ 55.2910878184545, 25.234970858370612 ], [ 55.291058718406745, 25.234921058391773 ], [ 55.290795890410166, 25.234950703268538 ], [ 55.290910918401558, 25.234908158512031 ], [ 55.290880618348019, 25.234852458533855 ], [ 55.290794195755261, 25.23484205414611 ], [ 55.290915890934009, 25.234781116704546 ], [ 55.290888190921557, 25.234735616710328 ], [ 55.29077793895862, 25.234796203943212 ], [ 55.2904094, 25.2348515 ], [ 55.2903963, 25.2349642 ], [ 55.290726805309831, 25.234984846252509 ], [ 55.2906492, 25.2350232 ], [ 55.290659379014052, 25.235040062399531 ], [ 55.290556927357351, 25.235067485243629 ], [ 55.290514618503465, 25.23499065884068 ], [ 55.290391363243465, 25.235004657138024 ] ] ], [ [ [ 55.290727049274743, 25.237879880910238 ], [ 55.2907739, 25.2379539 ], [ 55.290910491826551, 25.237939016753653 ], [ 55.290955491819304, 25.237915716742783 ], [ 55.290920033715153, 25.237859715515118 ], [ 55.291036488408473, 25.237791025611447 ], [ 55.290997188272257, 25.237724725672827 ], [ 55.29074, 25.2377516 ], [ 55.2906407, 25.2377996 ], [ 55.2906905, 25.2378837 ], [ 55.290727049274743, 25.237879880910238 ] ] ], [ [ [ 55.291116777535073, 25.230411405443402 ], [ 55.2909631, 25.2303945 ], [ 55.2909505, 25.2304413 ], [ 55.291104177555589, 25.230458105449006 ], [ 55.291116777535073, 25.230411405443402 ] ] ], [ [ [ 55.2907881, 25.2389952 ], [ 55.290654, 25.2390642 ], [ 55.290771142029108, 25.239297953479817 ], [ 55.2906175, 25.2393522 ], [ 55.2906469, 25.2394034 ], [ 55.290864822809944, 25.239362358785989 ], [ 55.290899022791073, 25.239345058757092 ], [ 55.290878765227568, 25.239312277359506 ], [ 55.290988592197564, 25.239255716755352 ], [ 55.290822392125349, 25.238991616790209 ], [ 55.2907881, 25.2389952 ] ] ], [ [ [ 55.291000791928028, 25.238302716738055 ], [ 55.290978191916622, 25.238261216742703 ], [ 55.2908998, 25.2382845 ], [ 55.2909225, 25.238326 ], [ 55.291000791928028, 25.238302716738055 ] ] ], [ [ [ 55.290929022427456, 25.238979058713124 ], [ 55.290973122402832, 25.238956458675844 ], [ 55.290914222313063, 25.238862658719057 ], [ 55.290868746086964, 25.238867410598409 ], [ 55.290842022258893, 25.238804158775043 ], [ 55.290723799477334, 25.238816511971873 ], [ 55.290662792051798, 25.238723116823458 ], [ 55.290464911804122, 25.238820626956933 ], [ 55.290464911774059, 25.238570835399589 ], [ 55.29031759074401, 25.238572149215798 ], [ 55.290227759215597, 25.238617064980016 ], [ 55.290227759215597, 25.238706896508425 ], [ 55.290280690419998, 25.238849659248565 ], [ 55.2901729, 25.2389021 ], [ 55.2901514, 25.2389682 ], [ 55.2901977, 25.2390082 ], [ 55.2902768, 25.239041 ], [ 55.290533991056435, 25.239014126631655 ], [ 55.290738077661878, 25.238939613036219 ], [ 55.290809, 25.2389916 ], [ 55.290929022427456, 25.238979058713124 ] ] ], [ [ [ 55.290758413972597, 25.249213363423642 ], [ 55.290632001093449, 25.249217185332618 ], [ 55.290587085329243, 25.249262101096829 ], [ 55.290587085329243, 25.249307016861035 ], [ 55.290632001093449, 25.249351932625235 ], [ 55.290758414013247, 25.249348110718444 ], [ 55.2908033297632, 25.249303194942311 ], [ 55.29080332974965, 25.249258279177376 ], [ 55.290758413972597, 25.249213363423642 ] ] ], [ [ [ 55.290651191483875, 25.236713116795706 ], [ 55.290701, 25.2367734 ], [ 55.290821020238702, 25.236760858683851 ], [ 55.290972620157433, 25.236686558555853 ], [ 55.290928020086028, 25.236612058588403 ], [ 55.290808, 25.2366246 ], [ 55.290699546938541, 25.236677753472108 ], [ 55.290663791455998, 25.236615116791281 ], [ 55.2905754, 25.236644 ], [ 55.2906169, 25.2367167 ], [ 55.290651191483875, 25.236713116795706 ] ] ], [ [ [ 55.290968119986836, 25.236513858550385 ], [ 55.290926419926258, 25.236450458581142 ], [ 55.2908064, 25.236463 ], [ 55.2907169, 25.2365113 ], [ 55.2907587, 25.2365746 ], [ 55.290878720039096, 25.236562058626092 ], [ 55.290968119986836, 25.236513858550385 ] ] ], [ [ [ 55.290825048551547, 25.24638140092512 ], [ 55.290825048486766, 25.246246653629026 ], [ 55.290780132702089, 25.246201737881531 ], [ 55.290676916857656, 25.246207829130821 ], [ 55.290676916857656, 25.246342576423437 ], [ 55.290721832621863, 25.246387492187644 ], [ 55.290825048551547, 25.24638140092512 ] ] ], [ [ [ 55.290539596334135, 25.253861417081691 ], [ 55.290317, 25.2540356 ], [ 55.2904743, 25.2541776 ], [ 55.290658796382317, 25.254037917056486 ], [ 55.290674796366687, 25.253983517051907 ], [ 55.290539596334135, 25.253861417081691 ] ] ], [ [ [ 55.290542169565036, 25.251687552363951 ], [ 55.290693733381808, 25.251681102992439 ], [ 55.290693733313205, 25.251546355696139 ], [ 55.290542169565036, 25.251552805071334 ], [ 55.290542169565036, 25.251687552363951 ] ] ], [ [ [ 55.290684992827337, 25.241467916859868 ], [ 55.290834792803523, 25.241391416823674 ], [ 55.290606792703514, 25.241025816871446 ], [ 55.290507392418789, 25.241062628306466 ], [ 55.290485024475089, 25.24102575918506 ], [ 55.290446238950061, 25.241029811720299 ], [ 55.290338360010388, 25.240853512949531 ], [ 55.290585224237546, 25.240790859090588 ], [ 55.290586024196152, 25.240749059087715 ], [ 55.2904024, 25.2407492 ], [ 55.2902897, 25.2408197 ], [ 55.290311211516773, 25.240852462311164 ], [ 55.2902161, 25.2408624 ], [ 55.2900589, 25.2409411 ], [ 55.290172602446056, 25.241126916077672 ], [ 55.2900462, 25.2411864 ], [ 55.2900758, 25.2412333 ], [ 55.290476622150862, 25.241080559138982 ], [ 55.2904301, 25.2411291 ], [ 55.2906507, 25.2414715 ], [ 55.290684992827337, 25.241467916859868 ] ] ], [ [ [ 55.290943690566671, 25.233482616678366 ], [ 55.290807490507405, 25.233265816706918 ], [ 55.2907732, 25.2332694 ], [ 55.2902218, 25.2335691 ], [ 55.2902631, 25.2336364 ], [ 55.290352032532333, 25.233632775274263 ], [ 55.290154016730163, 25.233738353351367 ], [ 55.2900868, 25.2337569 ], [ 55.2901551, 25.2338673 ], [ 55.290333617382274, 25.233847658928138 ], [ 55.29068321718001, 25.2336612586322 ], [ 55.29063271186353, 25.233583767475437 ], [ 55.290817990587946, 25.233551416708796 ], [ 55.290943690566671, 25.233482616678366 ] ] ], [ [ [ 55.290125019463702, 25.244857012110437 ], [ 55.290125019443167, 25.244778324931747 ], [ 55.290542169565292, 25.24487297725927 ], [ 55.290542169565541, 25.244912099938318 ], [ 55.2904656, 25.2449201 ], [ 55.290458450783646, 25.245061570622806 ], [ 55.290321, 25.2450707 ], [ 55.2902876, 25.2452104 ], [ 55.290587085329243, 25.245264598082493 ], [ 55.290707447671423, 25.245256715299622 ], [ 55.290752363406241, 25.245211799510813 ], [ 55.290747528381409, 25.244987159180333 ], [ 55.290674433458335, 25.244975433317116 ], [ 55.290690634376929, 25.244903838732125 ], [ 55.290650482160224, 25.244863686525374 ], [ 55.2906882281805, 25.244781059217946 ], [ 55.290447914184384, 25.244769531348783 ], [ 55.290460828126065, 25.244714259400531 ], [ 55.290189528088611, 25.244662359619845 ], [ 55.2900695, 25.2446749 ], [ 55.2900573, 25.244727 ], [ 55.290111112963707, 25.244767785141729 ], [ 55.29004809615877, 25.244770524676227 ], [ 55.2899852, 25.2450542 ], [ 55.2901385, 25.2451031 ], [ 55.290257193856846, 25.245087217014763 ], [ 55.290295093800303, 25.244889217002889 ], [ 55.29009665638501, 25.24485824514597 ], [ 55.290125019463702, 25.244857012110437 ] ] ], [ [ [ 55.2905302, 25.2538241 ], [ 55.290579496326103, 25.253835117071958 ], [ 55.290608196318892, 25.253811117064878 ], [ 55.2905589, 25.2538 ], [ 55.2905302, 25.2538241 ] ] ], [ [ [ 55.29061384610177, 25.236329063603581 ], [ 55.2904363, 25.2364174 ], [ 55.2905558, 25.2365271 ], [ 55.290675820002519, 25.236514558789615 ], [ 55.290823419921651, 25.236440458664898 ], [ 55.290778019850883, 25.236366558698123 ], [ 55.29066788713957, 25.236378066861366 ], [ 55.29074379137716, 25.236340316768409 ], [ 55.290714591364051, 25.2362924167745 ], [ 55.290685184745918, 25.236295489576179 ], [ 55.29077941973469, 25.236249158690764 ], [ 55.2906883195894, 25.236097558757258 ], [ 55.29044930301658, 25.236128971139873 ], [ 55.29049271960892, 25.236107158917825 ], [ 55.290472594378848, 25.23607438522264 ], [ 55.290683319534956, 25.23604225875842 ], [ 55.290619719440194, 25.235943158805203 ], [ 55.2904997, 25.2359557 ], [ 55.2904067, 25.2360046 ], [ 55.290436605728679, 25.236050981578664 ], [ 55.2902533, 25.2361034 ], [ 55.2903075, 25.2361917 ], [ 55.290405603225793, 25.236200291613251 ], [ 55.29044945916479, 25.236289840566073 ], [ 55.2904075, 25.2362932 ], [ 55.2904064, 25.2363231 ], [ 55.29061384610177, 25.236329063603581 ] ] ], [ [ [ 55.290665094422543, 25.247109016950006 ], [ 55.290452338036623, 25.247106144414939 ], [ 55.290452338036623, 25.247151060179149 ], [ 55.290567298416995, 25.247145577387286 ], [ 55.2905626, 25.2471703 ], [ 55.290652594441475, 25.247175316953935 ], [ 55.290665094422543, 25.247109016950006 ] ] ], [ [ [ 55.290811664150276, 25.230442395894521 ], [ 55.290766748386069, 25.230487311658731 ], [ 55.290721832621863, 25.230711890479757 ], [ 55.290801038170954, 25.230708307149435 ], [ 55.290890869672673, 25.230618475598657 ], [ 55.290890869621911, 25.230438812539116 ], [ 55.290811664150276, 25.230442395894521 ] ] ], [ [ [ 55.290632001093449, 25.238661980744215 ], [ 55.290632001093449, 25.238706896508429 ], [ 55.290733263303636, 25.238705702109772 ], [ 55.290733263299408, 25.238660786345338 ], [ 55.290632001093449, 25.238661980744215 ] ] ], [ [ [ 55.290801038209032, 25.230843054444087 ], [ 55.290801038183645, 25.230753222914313 ], [ 55.290676916857656, 25.230756806243964 ], [ 55.290676916857656, 25.23084663777237 ], [ 55.290801038209032, 25.230843054444087 ] ] ], [ [ [ 55.290546409885962, 25.248942555124525 ], [ 55.290546409867758, 25.248897639359338 ], [ 55.290452338036623, 25.248902774983183 ], [ 55.29032650184044, 25.248998550046533 ], [ 55.2900829, 25.249024 ], [ 55.2899439, 25.2491559 ], [ 55.2899077, 25.2492505 ], [ 55.2899498, 25.2492869 ], [ 55.290207012818541, 25.249260028370006 ], [ 55.290508394950884, 25.248969217014849 ], [ 55.290481923224931, 25.248946075622822 ], [ 55.290546409885962, 25.248942555124525 ] ] ], [ [ [ 55.290542979257111, 25.245933557161713 ], [ 55.2905429792063, 25.245798809866379 ], [ 55.290498046136115, 25.245800393441048 ], [ 55.29051503416899, 25.245712807117961 ], [ 55.290589038070003, 25.245708858886896 ], [ 55.290589038052644, 25.245663943121766 ], [ 55.290497253800829, 25.245668839960349 ], [ 55.29049725380095, 25.24569726723648 ], [ 55.290272884684157, 25.245692304582445 ], [ 55.290283029061349, 25.24565015959573 ], [ 55.290031329025169, 25.245600559799126 ], [ 55.2899113, 25.2456131 ], [ 55.2898757, 25.2457611 ], [ 55.2901274, 25.2458106 ], [ 55.290247429209543, 25.245798059632715 ], [ 55.290253727777134, 25.245771892184091 ], [ 55.2902447, 25.2458184 ], [ 55.290407422273262, 25.245835203596027 ], [ 55.290407422273361, 25.245901161082848 ], [ 55.290267, 25.2459095 ], [ 55.2902374, 25.2460274 ], [ 55.2903767, 25.246056 ], [ 55.290496729439617, 25.246043459441662 ], [ 55.290542979257111, 25.245933557161713 ] ] ], [ [ [ 55.29064579203434, 25.238660516826489 ], [ 55.290683692029305, 25.238644616817378 ], [ 55.290653092012874, 25.238584916823626 ], [ 55.2905809, 25.2386043 ], [ 55.2906115, 25.2386641 ], [ 55.29064579203434, 25.238660516826489 ] ] ], [ [ [ 55.2903839, 25.2542672 ], [ 55.290449696441165, 25.254235117108383 ], [ 55.290412796432257, 25.254201717116512 ], [ 55.290347, 25.2542338 ], [ 55.2903839, 25.2542672 ] ] ], [ [ [ 55.290624424950373, 25.241513359096832 ], [ 55.290405924611733, 25.241159759256895 ], [ 55.2902859, 25.2411723 ], [ 55.2901387, 25.2412467 ], [ 55.2903572, 25.2416003 ], [ 55.290477225031538, 25.24158775922125 ], [ 55.290624424950373, 25.241513359096832 ] ] ], [ [ [ 55.29061769117186, 25.235607316786783 ], [ 55.2905462, 25.2356223 ], [ 55.2905591, 25.2356567 ], [ 55.290630591181383, 25.235641716784283 ], [ 55.29061769117186, 25.235607316786783 ] ] ], [ [ [ 55.290457720127094, 25.245573753331723 ], [ 55.29045772008984, 25.245483921801309 ], [ 55.29031759074401, 25.245489176903522 ], [ 55.290227759215597, 25.245534092667729 ], [ 55.290227759215597, 25.245623924196146 ], [ 55.290457720127094, 25.245573753331723 ] ] ], [ [ [ 55.2903224, 25.2462771 ], [ 55.290356694190812, 25.246273517009467 ], [ 55.290388694148803, 25.24612661699976 ], [ 55.290295794145472, 25.246110017021245 ], [ 55.2901077, 25.2461492 ], [ 55.2900889, 25.2462357 ], [ 55.2903224, 25.2462771 ] ] ], [ [ [ 55.290381078464385, 25.233065326223471 ], [ 55.290360878401124, 25.233034426255372 ], [ 55.29026258850795, 25.233044697069449 ], [ 55.29031185213961, 25.233011445868748 ], [ 55.290548078251938, 25.232973725920264 ], [ 55.290516778148778, 25.232923425969421 ], [ 55.290465411017905, 25.232910484085178 ], [ 55.290553078045193, 25.232876425900436 ], [ 55.290536077981784, 25.232845625926739 ], [ 55.2902789, 25.2328725 ], [ 55.289942, 25.2330461 ], [ 55.289966, 25.2330894 ], [ 55.29007187992697, 25.233078336283278 ], [ 55.2900034, 25.233115 ], [ 55.2900236, 25.2331459 ], [ 55.290280778589199, 25.233119026405436 ], [ 55.290381078464385, 25.233065326223471 ] ] ], [ [ [ 55.290510970112507, 25.234213886803101 ], [ 55.290510970102353, 25.234124055274144 ], [ 55.290407422272416, 25.23412548855941 ], [ 55.290407422272416, 25.234215320087827 ], [ 55.290510970112507, 25.234213886803101 ] ] ], [ [ [ 55.2899639, 25.2465537 ], [ 55.289999817594378, 25.246549947500558 ], [ 55.2899591, 25.2468387 ], [ 55.290018741517706, 25.246849201859174 ], [ 55.2899374, 25.2468577 ], [ 55.28989, 25.2470631 ], [ 55.2901039, 25.2471035 ], [ 55.290223930490299, 25.247090959720541 ], [ 55.290271430284577, 25.246885559670762 ], [ 55.290101972079519, 25.246853568664438 ], [ 55.290185330248711, 25.246844859739081 ], [ 55.290269230184926, 25.246784759667214 ], [ 55.290332029893904, 25.246493959600372 ], [ 55.29027662978887, 25.246384959639951 ], [ 55.290004829755404, 25.24633705985989 ], [ 55.2898848, 25.2463496 ], [ 55.2898406, 25.2465288 ], [ 55.2899639, 25.2465537 ] ] ], [ [ [ 55.2901061, 25.2506922 ], [ 55.290270395407333, 25.2505708170948 ], [ 55.290068695358812, 25.250388817139218 ], [ 55.29003440000001, 25.2503924 ], [ 55.2899044, 25.2505101 ], [ 55.2901061, 25.2506922 ] ] ], [ [ [ 55.29031759074401, 25.235517877249798 ], [ 55.290466054495802, 25.235516443977176 ], [ 55.290466054485641, 25.235426612448215 ], [ 55.290421138716624, 25.235381696687945 ], [ 55.290362506508224, 25.235383129957185 ], [ 55.29031759074401, 25.235428045721381 ], [ 55.29031759074401, 25.235517877249798 ] ] ], [ [ [ 55.290375080301992, 25.239109824580755 ], [ 55.29031759074401, 25.239111138386271 ], [ 55.29031759074401, 25.239200969914691 ], [ 55.290375080311307, 25.239199656109673 ], [ 55.290375080301992, 25.239109824580755 ] ] ], [ [ [ 55.29023199952492, 25.248897639464744 ], [ 55.290137927687184, 25.248902774983183 ], [ 55.290137927687184, 25.248947690747379 ], [ 55.290231999543124, 25.248942555229927 ], [ 55.29023199952492, 25.248897639464744 ] ] ], [ [ [ 55.290003180394564, 25.245354429610909 ], [ 55.290093011922977, 25.245399345375112 ], [ 55.29022856871061, 25.245394568078403 ], [ 55.290273484457003, 25.245349652299286 ], [ 55.290273484440071, 25.245304736534166 ], [ 55.29009382135289, 25.24521490505996 ], [ 55.290003180394564, 25.245219682318293 ], [ 55.290003180394564, 25.245354429610909 ] ] ], [ [ [ 55.290285319987113, 25.23647875910725 ], [ 55.290190808322279, 25.236488634642932 ], [ 55.290130019907934, 25.236390659229659 ], [ 55.29001, 25.2364032 ], [ 55.2899009, 25.236453 ], [ 55.2901158, 25.2368038 ], [ 55.2902809202741, 25.236768659126231 ], [ 55.290233108821752, 25.236690568557076 ], [ 55.290365620145117, 25.236642659050244 ], [ 55.290390520049876, 25.236547659024826 ], [ 55.290359119997582, 25.236493159047626 ], [ 55.290285319987113, 25.23647875910725 ] ] ], [ [ [ 55.290402190129825, 25.231908516781093 ], [ 55.2901878, 25.2319964 ], [ 55.2902618, 25.2321257 ], [ 55.290339690185334, 25.232101716798638 ], [ 55.290288546886174, 25.232012190295865 ], [ 55.290424990140764, 25.231948416776376 ], [ 55.290402190129825, 25.231908516781093 ] ] ], [ [ [ 55.290093011922977, 25.245444261139316 ], [ 55.290093011922977, 25.245489176903529 ], [ 55.290137927687184, 25.245534092667729 ], [ 55.290230855026834, 25.245529076508664 ], [ 55.290230854991279, 25.245439244978343 ], [ 55.290093011922977, 25.245444261139316 ] ] ], [ [ [ 55.290197094115278, 25.245998117042625 ], [ 55.290225994079229, 25.245872117033962 ], [ 55.29003560000001, 25.2458465 ], [ 55.2900067, 25.2459724 ], [ 55.290197094115278, 25.245998117042625 ] ] ], [ [ [ 55.290123995277114, 25.250102817121945 ], [ 55.29016519526585, 25.250065117111731 ], [ 55.289772395172562, 25.249714917198308 ], [ 55.289697, 25.2497562 ], [ 55.2900897, 25.2501064 ], [ 55.290123995277114, 25.250102817121945 ] ] ], [ [ [ 55.290332450302799, 25.236010397960893 ], [ 55.290332450286293, 25.235875650667381 ], [ 55.29018284345139, 25.235877203363437 ], [ 55.290137927687184, 25.235922119127654 ], [ 55.290137927687184, 25.23605686642027 ], [ 55.290287534544383, 25.236055313729942 ], [ 55.290332450302799, 25.236010397960893 ] ] ], [ [ [ 55.290141024780532, 25.248763011629542 ], [ 55.29004809615877, 25.248768027690563 ], [ 55.29004809615877, 25.248812943454766 ], [ 55.290141024798324, 25.248807927394704 ], [ 55.290141024780532, 25.248763011629542 ] ] ], [ [ [ 55.290331307026278, 25.233944392233038 ], [ 55.290272674979803, 25.233945825502591 ], [ 55.290272674979803, 25.233990741266794 ], [ 55.290331307031352, 25.233989307997518 ], [ 55.290331307026278, 25.233944392233038 ] ] ], [ [ [ 55.29019551526121, 25.231695758926946 ], [ 55.290337715185984, 25.231627058806957 ], [ 55.290168114910564, 25.231339758930478 ], [ 55.2900481, 25.2313523 ], [ 55.2899447, 25.2314023 ], [ 55.2899027, 25.2315001 ], [ 55.2899345, 25.2315539 ], [ 55.2900755, 25.2317083 ], [ 55.29019551526121, 25.231695758926946 ] ] ], [ [ [ 55.290286391368952, 25.234887623291279 ], [ 55.290227759215597, 25.234889056550912 ], [ 55.290227759215597, 25.234933972315122 ], [ 55.290286391374032, 25.234932539055762 ], [ 55.290286391368952, 25.234887623291279 ] ] ], [ [ [ 55.29008449450113, 25.247356817089553 ], [ 55.2899245, 25.2472916 ], [ 55.2898449, 25.2474164 ], [ 55.290001294536275, 25.247476817110833 ], [ 55.29008449450113, 25.247356817089553 ] ] ], [ [ [ 55.29005870000001, 25.2336577 ], [ 55.2901087, 25.2337343 ], [ 55.290275190626616, 25.233660116837338 ], [ 55.290225290605697, 25.233583516847848 ], [ 55.29005870000001, 25.2336577 ] ] ], [ [ [ 55.2901266, 25.2318821 ], [ 55.290246615430462, 25.23186955889436 ], [ 55.290280115411342, 25.231851958866027 ], [ 55.290252715370414, 25.231809158886165 ], [ 55.2901327, 25.2318217 ], [ 55.2900991, 25.2318393 ], [ 55.2901266, 25.2318821 ] ] ], [ [ [ 55.290216319272048, 25.23575225912516 ], [ 55.2899776, 25.2357548 ], [ 55.2899722, 25.235806 ], [ 55.290211119323146, 25.235803659132145 ], [ 55.290216319272048, 25.23575225912516 ] ] ], [ [ [ 55.290093011922977, 25.238796728036835 ], [ 55.290093011922977, 25.238841643801038 ], [ 55.290150501454235, 25.238840330013272 ], [ 55.290150501449574, 25.238795414248813 ], [ 55.290093011922977, 25.238796728036835 ] ] ], [ [ [ 55.289999294118154, 25.24599801708889 ], [ 55.290035994072255, 25.245837617077871 ], [ 55.2899348, 25.2458287 ], [ 55.2898981, 25.2459891 ], [ 55.289999294118154, 25.24599801708889 ] ] ], [ [ [ 55.290140091366133, 25.236270016908488 ], [ 55.290149291346211, 25.236200016905276 ], [ 55.289883, 25.2361787 ], [ 55.2898738, 25.2362488 ], [ 55.290140091366133, 25.236270016908488 ] ] ], [ [ [ 55.29004809615877, 25.239066222622068 ], [ 55.29010558571354, 25.239064908839403 ], [ 55.290105585704232, 25.238975077310496 ], [ 55.29004809615877, 25.238976391093662 ], [ 55.29004809615877, 25.239066222622068 ] ] ], [ [ [ 55.289942891544889, 25.236892316964028 ], [ 55.290099791520461, 25.236814016926147 ], [ 55.290068691506484, 25.236762916932655 ], [ 55.2898774, 25.2368449 ], [ 55.2899086, 25.2368959 ], [ 55.289942891544889, 25.236892316964028 ] ] ], [ [ [ 55.290076717548821, 25.234002759146556 ], [ 55.290129817519102, 25.233975459101668 ], [ 55.290082917448025, 25.233901159136092 ], [ 55.28991, 25.2339409 ], [ 55.2899567, 25.234015299999989 ], [ 55.290076717548821, 25.234002759146556 ] ] ], [ [ [ 55.290003180394564, 25.238482317687399 ], [ 55.290060669889058, 25.238481003905331 ], [ 55.290060669884404, 25.238436088140883 ], [ 55.290003180394564, 25.238437401923193 ], [ 55.290003180394564, 25.238482317687399 ] ] ], [ [ [ 55.290104441977405, 25.232013253258266 ], [ 55.290003180394564, 25.232014447641742 ], [ 55.290003180394564, 25.232104279170137 ], [ 55.290149357749847, 25.232103084783631 ], [ 55.290149357745619, 25.232058169019194 ], [ 55.290104441977405, 25.232013253258266 ] ] ] ] } }
]
}
