{
"type": "FeatureCollection",
"name": "shadows_12",
"crs": { "type": "name", "properties": { "name": "urn:ogc:def:crs:OGC:1.3:CRS84" } },
"features": [
{ "type": "Feature", "properties": { }, "geometry": { "type": "MultiPolygon", "coordinates": [ [ [ [ 55.3202833, 25.2486878 ], [ 55.3195416, 25.2492552 ], [ 55.3199846, 25.249729 ], [ 55.3207264, 25.2491616 ], [ 55.3202833, 25.2486878 ] ] ], [ [ [ 55.320383862046192, 25.244491964231603 ], [ 55.3204542, 25.2444381 ], [ 55.3205099, 25.2440691 ], [ 55.3204238, 25.2431806 ], [ 55.3203784, 25.2431185 ], [ 55.3202101, 25.2430673 ], [ 55.32006, 25.2430673 ], [ 55.3198005, 25.2431362 ], [ 55.319733662135341, 25.24318326418998 ], [ 55.319512837477902, 25.243826846812329 ], [ 55.319512837477895, 25.243782377863699 ], [ 55.319467921713688, 25.243782377863695 ], [ 55.319467921713688, 25.243827293627902 ], [ 55.319512684166575, 25.243827293627927 ], [ 55.319407562035181, 25.244133664160671 ], [ 55.319407562026662, 25.244228264160171 ], [ 55.319554657587233, 25.244286251857794 ], [ 55.319554362013164, 25.244450064169957 ], [ 55.3197071, 25.2444444 ], [ 55.319707276549636, 25.244346416769986 ], [ 55.320143962033157, 25.244518564213568 ], [ 55.320383862046192, 25.244491964231603 ] ] ], [ [ [ 55.3200536, 25.2413505 ], [ 55.3199924, 25.2412503 ], [ 55.3199132, 25.241226 ], [ 55.3197615, 25.2413446 ], [ 55.3196023, 25.2413486 ], [ 55.3195441, 25.2414085 ], [ 55.3195447, 25.2416487 ], [ 55.3199676, 25.2416537 ], [ 55.3200084, 25.2416181 ], [ 55.3199916, 25.2415584 ], [ 55.3200273, 25.2415165 ], [ 55.3202088, 25.2416819 ], [ 55.3204386, 25.241478 ], [ 55.320211, 25.2412742 ], [ 55.3200827, 25.2413839 ], [ 55.3200536, 25.2413505 ] ] ], [ [ [ 55.3204585, 25.2340014 ], [ 55.320265206393522, 25.234039780595943 ], [ 55.319969806305899, 25.234348180545279 ], [ 55.319952806270663, 25.234522280540599 ], [ 55.32035970630259, 25.234557180605218 ], [ 55.3205179, 25.2344295 ], [ 55.3204585, 25.2340014 ] ] ], [ [ [ 55.3203376, 25.2380924 ], [ 55.3193869, 25.2378578 ], [ 55.319262205493111, 25.238208580388779 ], [ 55.320212905538149, 25.238443180538042 ], [ 55.3203376, 25.2380924 ] ] ], [ [ [ 55.3201, 25.2325889 ], [ 55.31991, 25.2326132 ], [ 55.319855006621687, 25.232656280545978 ], [ 55.319890506585075, 25.232863380549318 ], [ 55.320079006563752, 25.233066580577141 ], [ 55.3201801, 25.2330471 ], [ 55.3203018, 25.2329103 ], [ 55.3203093, 25.2328203 ], [ 55.3202518, 25.2326409 ], [ 55.3201811, 25.232593 ], [ 55.3201, 25.2325889 ] ] ], [ [ [ 55.319975161784257, 25.247195864186921 ], [ 55.319975161779944, 25.247243664186669 ], [ 55.320014961778583, 25.247278364189459 ], [ 55.3200843, 25.2472242 ], [ 55.3200454, 25.2471838 ], [ 55.319975161784257, 25.247195864186921 ] ] ], [ [ [ 55.319953461790071, 25.247120664185701 ], [ 55.319961561786613, 25.247163064186076 ], [ 55.320010861787573, 25.247176664189688 ], [ 55.3200618, 25.2471374 ], [ 55.3200117, 25.2470795 ], [ 55.319953461790071, 25.247120664185701 ] ] ], [ [ [ 55.319886281501795, 25.247508012153077 ], [ 55.319936981499637, 25.247560812156085 ], [ 55.3200193, 25.2474982 ], [ 55.3199687, 25.2474454 ], [ 55.319886281501795, 25.247508012153077 ] ] ], [ [ [ 55.3190826, 25.2388537 ], [ 55.3200274, 25.2390863 ], [ 55.3201364, 25.2387242 ], [ 55.319191600000011, 25.2384916 ], [ 55.3190826, 25.2388537 ] ] ], [ [ [ 55.319810162215703, 25.242329564200173 ], [ 55.3200597, 25.2423269 ], [ 55.3200651, 25.2421425 ], [ 55.319693762227637, 25.242139864192492 ], [ 55.319688862212317, 25.242307364191245 ], [ 55.319810162215703, 25.242329564200173 ] ] ], [ [ [ 55.319993, 25.2384821 ], [ 55.3200976, 25.2385027 ], [ 55.3201144, 25.2384331 ], [ 55.3200098, 25.2384125 ], [ 55.319993, 25.2384821 ] ] ], [ [ [ 55.3198808, 25.2319099 ], [ 55.3198538, 25.2318477 ], [ 55.3198249, 25.2318518 ], [ 55.3198134, 25.2317844 ], [ 55.3198508, 25.2317792 ], [ 55.3198572, 25.2318171 ], [ 55.3200445, 25.2317911 ], [ 55.3200587, 25.2317539 ], [ 55.3201068, 25.2317472 ], [ 55.3200955, 25.2316805 ], [ 55.3200372, 25.2316286 ], [ 55.3199222, 25.231549 ], [ 55.3195322, 25.2316028 ], [ 55.3195771, 25.2318673 ], [ 55.3196017, 25.2318638 ], [ 55.3196259, 25.231925 ], [ 55.3196362, 25.232067399999988 ], [ 55.3196117, 25.2320709 ], [ 55.319655, 25.2323262 ], [ 55.3201052, 25.2322637 ], [ 55.3201802, 25.2321723 ], [ 55.3201574, 25.2320382 ], [ 55.3201109, 25.2320446 ], [ 55.3201049, 25.232009 ], [ 55.319898, 25.2320377 ], [ 55.3199037, 25.2320713 ], [ 55.3198624, 25.232077 ], [ 55.3198808, 25.2319099 ] ] ], [ [ [ 55.319917079355747, 25.247734965113821 ], [ 55.319917079355747, 25.247779880878021 ], [ 55.319961995119954, 25.247779880878028 ], [ 55.319961995119954, 25.247734965113825 ], [ 55.319917079355747, 25.247734965113821 ] ] ], [ [ [ 55.3200485, 25.2358151 ], [ 55.3200957, 25.2353857 ], [ 55.319557753242115, 25.235337267986527 ], [ 55.319557753242101, 25.235293298428761 ], [ 55.319467921713688, 25.235293298428768 ], [ 55.319467921713773, 25.235329180149009 ], [ 55.31940980606138, 25.235338780444668 ], [ 55.319360805970696, 25.235784280431822 ], [ 55.319602669006429, 25.235804539314973 ], [ 55.319602669006308, 25.235832287599241 ], [ 55.319647584770507, 25.235832287599237 ], [ 55.319647584770635, 25.235807017616469 ], [ 55.3200485, 25.2358151 ] ] ], [ [ [ 55.319579306312484, 25.247626702136291 ], [ 55.3199267, 25.247337 ], [ 55.3199221, 25.2469646 ], [ 55.3198903, 25.2469317 ], [ 55.3196436, 25.2469391 ], [ 55.3190631, 25.2470535 ], [ 55.318679161721214, 25.247257264089935 ], [ 55.31867466171164, 25.247361164089053 ], [ 55.318786285345439, 25.247517765816866 ], [ 55.318637161681217, 25.247680064084584 ], [ 55.31866736167337, 25.247781964086304 ], [ 55.318783661672704, 25.247846564094623 ], [ 55.3189043, 25.2478118 ], [ 55.318948971780607, 25.247746004973063 ], [ 55.319089861677533, 25.247943664116963 ], [ 55.31915736167764, 25.247975664121824 ], [ 55.319579306312484, 25.247626702136291 ] ], [ [ 55.318819777010518, 25.247565502106465 ], [ 55.318820037703809, 25.247565118400267 ], [ 55.318820644941916, 25.247565970319403 ], [ 55.3188198, 25.2475655 ], [ 55.318819777010518, 25.247565502106465 ] ] ], [ [ [ 55.3199682, 25.2391475 ], [ 55.3200272, 25.2391669 ], [ 55.3200392, 25.2391371 ], [ 55.3199801, 25.2391177 ], [ 55.3199682, 25.2391475 ] ] ], [ [ [ 55.31987216359154, 25.240278948255632 ], [ 55.31987216359154, 25.240368779784042 ], [ 55.32000691088416, 25.240368779784045 ], [ 55.32000691088416, 25.240278948255625 ], [ 55.31987216359154, 25.240278948255632 ] ] ], [ [ [ 55.3199628, 25.2391717 ], [ 55.319954, 25.2391996 ], [ 55.3200103, 25.2392142 ], [ 55.3200191, 25.2391863 ], [ 55.3199628, 25.2391717 ] ] ], [ [ [ 55.319827247827334, 25.247779880878031 ], [ 55.319827247827334, 25.247869712406434 ], [ 55.31987216359154, 25.247869712406448 ], [ 55.31987216359154, 25.247779880878028 ], [ 55.319827247827334, 25.247779880878031 ] ] ], [ [ [ 55.31997396916551, 25.237882780224496 ], [ 55.3200055, 25.2377958 ], [ 55.3199789, 25.23779 ], [ 55.319947269164878, 25.237876980222634 ], [ 55.31997396916551, 25.237882780224496 ] ] ], [ [ [ 55.3198374, 25.2384269 ], [ 55.3199541, 25.2384585 ], [ 55.3199642, 25.2384277 ], [ 55.3198476, 25.2383962 ], [ 55.3198374, 25.2384269 ] ] ], [ [ [ 55.319906005838952, 25.236734680508228 ], [ 55.3199288, 25.2367219 ], [ 55.3199792, 25.2362648 ], [ 55.319290005877562, 25.236231680415472 ], [ 55.319241205787343, 25.236674780402684 ], [ 55.319906005838952, 25.236734680508228 ] ] ], [ [ [ 55.3198746, 25.2428993 ], [ 55.3198738, 25.2428792 ], [ 55.319803562165134, 25.242887164196752 ], [ 55.319804362163367, 25.242907164196705 ], [ 55.3198746, 25.2428993 ] ] ], [ [ [ 55.3198808, 25.2404181 ], [ 55.319812682046127, 25.240428112180243 ], [ 55.319818182042077, 25.240483312180345 ], [ 55.3198864, 25.2404734 ], [ 55.3198808, 25.2404181 ] ] ], [ [ [ 55.319737416298921, 25.247959543934858 ], [ 55.319782332063127, 25.247959543934847 ], [ 55.319782332063127, 25.247914628170648 ], [ 55.319737416298921, 25.247914628170648 ], [ 55.319737416298921, 25.247959543934858 ] ] ], [ [ [ 55.32000691088416, 25.231071216593403 ], [ 55.319917079355747, 25.231071216593406 ], [ 55.319917079355747, 25.231116132357609 ], [ 55.32000691088416, 25.231116132357606 ], [ 55.32000691088416, 25.231071216593403 ] ] ], [ [ [ 55.32000691088416, 25.230442395894524 ], [ 55.319917079355747, 25.230442395894521 ], [ 55.319917079355747, 25.230532227422934 ], [ 55.32000691088416, 25.230532227422934 ], [ 55.32000691088416, 25.230442395894524 ] ] ], [ [ [ 55.3198998, 25.2377379 ], [ 55.3198609, 25.2377306 ], [ 55.3198536, 25.2377623 ], [ 55.3198925, 25.2377695 ], [ 55.3198998, 25.2377379 ] ] ], [ [ [ 55.319809562324117, 25.241126664206448 ], [ 55.3198206, 25.2410772 ], [ 55.319544362316456, 25.241081064186908 ], [ 55.319543962312508, 25.241124664186657 ], [ 55.319809562324117, 25.241126664206448 ] ] ], [ [ [ 55.319692500534714, 25.250340079437773 ], [ 55.319602669006308, 25.250340079437773 ], [ 55.319602669006308, 25.250384995201973 ], [ 55.319692500534714, 25.250384995201976 ], [ 55.319692500534714, 25.250340079437773 ] ] ], [ [ [ 55.319807462313968, 25.241238164205701 ], [ 55.3198182, 25.2411883 ], [ 55.319560962307015, 25.241193964187556 ], [ 55.319560862303057, 25.241237864187315 ], [ 55.319807462313968, 25.241238164205701 ] ] ], [ [ [ 55.31987216359154, 25.234978888079326 ], [ 55.319827247827334, 25.234978888079333 ], [ 55.319827247827334, 25.235023803843529 ], [ 55.31987216359154, 25.235023803843529 ], [ 55.31987216359154, 25.234978888079326 ] ] ], [ [ [ 55.3198072, 25.2385919 ], [ 55.319818, 25.2385552 ], [ 55.319674505468505, 25.238538880450939 ], [ 55.319663705460385, 25.238575580448799 ], [ 55.3198072, 25.2385919 ] ] ], [ [ [ 55.3197013, 25.2383777 ], [ 55.3196918, 25.2384183 ], [ 55.3198057, 25.2384401 ], [ 55.3198153, 25.2383996 ], [ 55.3197013, 25.2383777 ] ] ], [ [ [ 55.319790249536524, 25.237831732243521 ], [ 55.3198126, 25.2377898 ], [ 55.319688249537826, 25.237768432235558 ], [ 55.319677549533807, 25.237803832234487 ], [ 55.319790249536524, 25.237831732243521 ] ] ], [ [ [ 55.319467921713688, 25.24840870157691 ], [ 55.319378090185275, 25.24840870157691 ], [ 55.319378090185275, 25.24849853310533 ], [ 55.319467921713688, 25.248498533105323 ], [ 55.319467921713688, 25.248453617341116 ], [ 55.319512837477895, 25.24845361734112 ], [ 55.319512837477895, 25.24840870157691 ], [ 55.319557753242101, 25.248408701576913 ], [ 55.319557753242101, 25.248363785812707 ], [ 55.319647584770507, 25.248363785812707 ], [ 55.319647584770507, 25.248318870048507 ], [ 55.319512837477895, 25.2483188700485 ], [ 55.319512837477895, 25.248363785812707 ], [ 55.319467921713688, 25.24836378581271 ], [ 55.319467921713688, 25.24840870157691 ] ] ], [ [ [ 55.319759605598023, 25.237910180471612 ], [ 55.3197898, 25.237864 ], [ 55.319653005598312, 25.237856180455182 ], [ 55.319645605591155, 25.237889580453629 ], [ 55.319759605598023, 25.237910180471612 ] ] ], [ [ [ 55.319512837478364, 25.251225682254933 ], [ 55.319455361394105, 25.251266164126768 ], [ 55.319502661391454, 25.251318764130023 ], [ 55.319602669006308, 25.251283310486095 ], [ 55.319602669006308, 25.251238394721895 ], [ 55.319557753242101, 25.251238394721895 ], [ 55.319557753242101, 25.251193478957685 ], [ 55.319512837477895, 25.251193478957685 ], [ 55.319512837478364, 25.251225682254933 ] ] ], [ [ [ 55.319704962206501, 25.242379864192067 ], [ 55.319716, 25.2423382 ], [ 55.319658662207694, 25.242343764188806 ], [ 55.31965826220447, 25.242379364188587 ], [ 55.319704962206501, 25.242379864192067 ] ] ], [ [ [ 55.3198196, 25.233069 ], [ 55.3198415, 25.2328707 ], [ 55.3197966, 25.2326186 ], [ 55.3195047, 25.2326432 ], [ 55.319459206580795, 25.232673280482565 ], [ 55.319525706500357, 25.233122580488125 ], [ 55.3198196, 25.233069 ] ] ], [ [ [ 55.319666407047897, 25.230355980541756 ], [ 55.319706907046999, 25.230380580547934 ], [ 55.3197589, 25.2303626 ], [ 55.3198521, 25.2302482 ], [ 55.3197362, 25.2301709 ], [ 55.319713407085629, 25.230183680551196 ], [ 55.319619507054469, 25.230298880534892 ], [ 55.319633875259377, 25.230336100000326 ], [ 55.3196069, 25.2303361 ], [ 55.3194768, 25.2304962 ], [ 55.3194781, 25.2305367 ], [ 55.3195078, 25.2305125 ], [ 55.3195699, 25.2305398 ], [ 55.3196845, 25.230399 ], [ 55.319649, 25.2303845 ], [ 55.319666407047897, 25.230355980541756 ] ] ], [ [ [ 55.319647584770507, 25.234799225022496 ], [ 55.319647584770507, 25.234844140786709 ], [ 55.319782332063127, 25.234844140786713 ], [ 55.319782332063127, 25.234799225022496 ], [ 55.319647584770507, 25.234799225022496 ] ] ], [ [ [ 55.3197013, 25.2392542 ], [ 55.3197165, 25.2392055 ], [ 55.319653562491041, 25.239198064204938 ], [ 55.319638362485968, 25.239246864203551 ], [ 55.3197013, 25.2392542 ] ] ], [ [ [ 55.319782332063127, 25.230577143187144 ], [ 55.319692500534714, 25.230577143187141 ], [ 55.319692500534714, 25.230622058951347 ], [ 55.319647584770507, 25.230622058951344 ], [ 55.319647584770507, 25.23071189047976 ], [ 55.319512837477895, 25.230711890479757 ], [ 55.319512837477895, 25.230936469300786 ], [ 55.319557753242101, 25.230936469300786 ], [ 55.319557753242101, 25.230846637772377 ], [ 55.319602669006308, 25.230846637772377 ], [ 55.319602669006308, 25.230801722008181 ], [ 55.319782332063127, 25.230801722008177 ], [ 55.319782332063127, 25.23066697471555 ], [ 55.319827247827334, 25.230666974715554 ], [ 55.319827247827334, 25.230622058951344 ], [ 55.319782332063127, 25.230622058951344 ], [ 55.319782332063127, 25.230577143187144 ] ] ], [ [ [ 55.319647584770507, 25.240009453670393 ], [ 55.319647584770507, 25.240323864019832 ], [ 55.319692500534714, 25.240323864019832 ], [ 55.319692500534714, 25.240009453670393 ], [ 55.319647584770507, 25.240009453670393 ] ] ], [ [ [ 55.319313, 25.249145 ], [ 55.319249511669803, 25.249189505677954 ], [ 55.319511911660051, 25.249488205689435 ], [ 55.3195496, 25.2494622 ], [ 55.3195199, 25.2493805 ], [ 55.319313, 25.249145 ] ] ], [ [ [ 55.319658405620146, 25.237745780457292 ], [ 55.3196886, 25.2376885 ], [ 55.3196349, 25.2376812 ], [ 55.319604705616456, 25.237738480448794 ], [ 55.319658405620146, 25.237745780457292 ] ] ], [ [ [ 55.319512837477895, 25.243153557164817 ], [ 55.319557753242101, 25.24315355716481 ], [ 55.319557753242101, 25.24310864140061 ], [ 55.319602669006308, 25.243108641400607 ], [ 55.319602669006308, 25.243018809872197 ], [ 55.319557753242101, 25.243018809872193 ], [ 55.319557753242101, 25.24297389410799 ], [ 55.319467921713688, 25.242973894107987 ], [ 55.319467921713688, 25.243018809872193 ], [ 55.319423005949481, 25.243018809872197 ], [ 55.319423005949481, 25.243198472929016 ], [ 55.319512837477895, 25.243198472929024 ], [ 55.319512837477895, 25.243153557164817 ] ] ], [ [ [ 55.3195927, 25.2434635 ], [ 55.3195927, 25.2433301 ], [ 55.319539, 25.2433301 ], [ 55.319539, 25.2434635 ], [ 55.3195927, 25.2434635 ] ] ], [ [ [ 55.3195645, 25.2452133 ], [ 55.3195645, 25.2451818 ], [ 55.319537, 25.2451818 ], [ 55.319537, 25.2452133 ], [ 55.3195645, 25.2452133 ] ] ], [ [ [ 55.3194438, 25.2432173 ], [ 55.3194438, 25.2432646 ], [ 55.3195873, 25.2432646 ], [ 55.3195873, 25.2432173 ], [ 55.3194438, 25.2432173 ] ] ], [ [ [ 55.3196056, 25.2413331 ], [ 55.3196084, 25.2412466 ], [ 55.3195601, 25.2412453 ], [ 55.319546662293419, 25.241337764185733 ], [ 55.3196056, 25.2413331 ] ] ], [ [ [ 55.319584862319054, 25.241072164189973 ], [ 55.3195931, 25.2409745 ], [ 55.3195415, 25.2409756 ], [ 55.319533262316675, 25.24107326418612 ], [ 55.319584862319054, 25.241072164189973 ] ] ], [ [ [ 55.31929226183199, 25.24633036414053 ], [ 55.319307061828255, 25.246379164141381 ], [ 55.319521, 25.2463229 ], [ 55.3195062, 25.2462741 ], [ 55.31929226183199, 25.24633036414053 ] ] ], [ [ [ 55.3196132, 25.2383407 ], [ 55.3196228, 25.2383123 ], [ 55.3195283, 25.2382862 ], [ 55.319495905492381, 25.238327380424778 ], [ 55.3196132, 25.2383407 ] ] ], [ [ [ 55.319512837477895, 25.235068719607739 ], [ 55.319647584770507, 25.235068719607735 ], [ 55.319647584770507, 25.235023803843532 ], [ 55.319557753242101, 25.235023803843529 ], [ 55.319557753242101, 25.234933972315122 ], [ 55.319423005949481, 25.234933972315119 ], [ 55.319423005949481, 25.234978888079326 ], [ 55.319467921713688, 25.234978888079333 ], [ 55.319467921713688, 25.235023803843532 ], [ 55.319512837477895, 25.235023803843532 ], [ 55.319512837477895, 25.235068719607739 ] ] ], [ [ [ 55.319647584770507, 25.234574646201473 ], [ 55.319602669006308, 25.234574646201473 ], [ 55.319602669006308, 25.234619561965669 ], [ 55.319647584770507, 25.234619561965676 ], [ 55.319647584770507, 25.234574646201473 ] ] ], [ [ [ 55.319467162226772, 25.242037964176117 ], [ 55.3195393, 25.2420331 ], [ 55.3195416, 25.2419312 ], [ 55.3194801, 25.2419301 ], [ 55.319467162226772, 25.242037964176117 ] ] ], [ [ [ 55.3194394, 25.2419213 ], [ 55.3195383, 25.2419211 ], [ 55.3195377, 25.2416885 ], [ 55.3194388, 25.2416887 ], [ 55.3194394, 25.2419213 ] ] ], [ [ [ 55.319481462098452, 25.243468264169678 ], [ 55.3194882, 25.243324 ], [ 55.3194346, 25.2433252 ], [ 55.319427762095962, 25.243469464165671 ], [ 55.319481462098452, 25.243468264169678 ] ] ], [ [ [ 55.319378090185275, 25.248139206991677 ], [ 55.319378090185275, 25.248229038520087 ], [ 55.319423005949481, 25.24822903852009 ], [ 55.319423005949481, 25.24813920699167 ], [ 55.319378090185275, 25.248139206991677 ] ] ], [ [ [ 55.319512837477895, 25.239919622141986 ], [ 55.319512837477895, 25.23982979061357 ], [ 55.319467921713688, 25.239829790613566 ], [ 55.319467921713688, 25.239874706377776 ], [ 55.319423005949481, 25.23987470637778 ], [ 55.319423005949481, 25.239919622141986 ], [ 55.319512837477895, 25.239919622141986 ] ] ], [ [ [ 55.319513806651784, 25.232332480495121 ], [ 55.3196167, 25.2323094 ], [ 55.3195648, 25.2319819 ], [ 55.319461906710075, 25.232005080490527 ], [ 55.319513806651784, 25.232332480495121 ] ] ], [ [ [ 55.319333174421068, 25.251552805071334 ], [ 55.319288258656862, 25.251552805071331 ], [ 55.319288258656862, 25.251597720835534 ], [ 55.319333174421068, 25.251597720835534 ], [ 55.319333174421068, 25.251552805071334 ] ] ], [ [ [ 55.319108595600035, 25.251328226250301 ], [ 55.319153511364242, 25.251328226250305 ], [ 55.319153511364242, 25.251283310486102 ], [ 55.319198427128448, 25.251283310486091 ], [ 55.319198427128448, 25.251238394721895 ], [ 55.319333174421068, 25.251238394721895 ], [ 55.319333174421068, 25.251193478957685 ], [ 55.319243342892655, 25.251193478957678 ], [ 55.319243342892655, 25.251148563193478 ], [ 55.319108595600035, 25.251148563193475 ], [ 55.319108595600035, 25.251058731665069 ], [ 55.319063679835836, 25.251058731665069 ], [ 55.319063679835836, 25.251193478957685 ], [ 55.319108595600035, 25.251193478957685 ], [ 55.319108595600035, 25.251328226250301 ] ] ], [ [ [ 55.319400462262323, 25.241610864173396 ], [ 55.3194625, 25.2416051 ], [ 55.3194643, 25.240977 ], [ 55.319402262319009, 25.240982864176832 ], [ 55.319400462262323, 25.241610864173396 ] ] ], [ [ [ 55.3189498, 25.2427587 ], [ 55.319030696433977, 25.242758850926272 ], [ 55.318945562135099, 25.242798164133241 ], [ 55.318945362129348, 25.242861764132879 ], [ 55.3194233, 25.2428569 ], [ 55.3194245, 25.2424621 ], [ 55.318939962164706, 25.242466964134554 ], [ 55.3189498, 25.2427587 ] ], [ [ 55.31905442499194, 25.242748228587963 ], [ 55.319054686108551, 25.242636731735967 ], [ 55.319302206407862, 25.242637306286394 ], [ 55.31905442499194, 25.242748228587963 ] ] ], [ [ [ 55.319214962066305, 25.243693764148617 ], [ 55.319399062074339, 25.243695164162336 ], [ 55.3194102, 25.2436334 ], [ 55.3192261, 25.243632 ], [ 55.319214962066305, 25.243693764148617 ] ] ], [ [ [ 55.3191637, 25.2437421 ], [ 55.3191633, 25.2437964 ], [ 55.3194061, 25.2437978 ], [ 55.3194064, 25.2437435 ], [ 55.3191637, 25.2437421 ] ] ], [ [ [ 55.319411, 25.2432008 ], [ 55.31941040000001, 25.2430147 ], [ 55.3192029, 25.2430152 ], [ 55.3192035, 25.2432014 ], [ 55.319411, 25.2432008 ] ] ], [ [ [ 55.3194129, 25.2391657 ], [ 55.3194545, 25.2391778 ], [ 55.3194644, 25.23915 ], [ 55.3194229, 25.2391379 ], [ 55.3194129, 25.2391657 ] ] ], [ [ [ 55.319288258656862, 25.248318870048497 ], [ 55.319333174421068, 25.248318870048497 ], [ 55.319333174421068, 25.24822903852009 ], [ 55.319288258656862, 25.248229038520094 ], [ 55.319288258656862, 25.248318870048497 ] ] ], [ [ [ 55.319288258656862, 25.248094291227474 ], [ 55.319288258656862, 25.248049375463268 ], [ 55.319333174421068, 25.24804937546326 ], [ 55.319333174421068, 25.247959543934858 ], [ 55.319243342892655, 25.247959543934851 ], [ 55.319243342892655, 25.248004459699061 ], [ 55.319198427128448, 25.248004459699064 ], [ 55.319198427128448, 25.24804937546326 ], [ 55.319153511364242, 25.24804937546326 ], [ 55.319153511364242, 25.248094291227474 ], [ 55.319288258656862, 25.248094291227474 ] ] ], [ [ [ 55.319428362420531, 25.239869464184622 ], [ 55.319441, 25.2398155 ], [ 55.319415, 25.2398147 ], [ 55.319402262419459, 25.239868564182679 ], [ 55.319428362420531, 25.239869464184622 ] ] ], [ [ [ 55.319557753242101, 25.230622058951344 ], [ 55.319512837477895, 25.230622058951344 ], [ 55.319512837477895, 25.230666974715554 ], [ 55.319557753242101, 25.230666974715547 ], [ 55.319557753242101, 25.230622058951344 ] ] ], [ [ [ 55.319223532743585, 25.243221527507643 ], [ 55.3191735, 25.2432216 ], [ 55.3192001, 25.2432751 ], [ 55.3193815, 25.2432702 ], [ 55.3193813, 25.2432162 ], [ 55.319223532743585, 25.243221527507643 ] ] ], [ [ [ 55.319429, 25.2390177 ], [ 55.3194393, 25.2389828 ], [ 55.31931336249734, 25.238960864180818 ], [ 55.319303062493738, 25.238995764179872 ], [ 55.319429, 25.2390177 ] ] ], [ [ [ 55.3193365, 25.2420546 ], [ 55.3193942, 25.2420546 ], [ 55.3193942, 25.2420036 ], [ 55.3193365, 25.2420036 ], [ 55.3193365, 25.2420546 ] ] ], [ [ [ 55.319154661800795, 25.246608664128807 ], [ 55.319191861796789, 25.24667146413125 ], [ 55.31924466179823, 25.246681364135146 ], [ 55.3193027, 25.2466523 ], [ 55.3193226, 25.2466071 ], [ 55.3192854, 25.2465444 ], [ 55.3192327, 25.2465345 ], [ 55.319174661805761, 25.246563464130539 ], [ 55.319154661800795, 25.246608664128807 ] ] ], [ [ [ 55.319108595600035, 25.248812943454766 ], [ 55.319108595600035, 25.248947690747379 ], [ 55.319243342892655, 25.248947690747379 ], [ 55.319243342892655, 25.248768027690563 ], [ 55.319288258656862, 25.248768027690559 ], [ 55.319288258656862, 25.248633280397947 ], [ 55.319198427128448, 25.248633280397947 ], [ 55.319198427128448, 25.248768027690563 ], [ 55.319153511364242, 25.248768027690566 ], [ 55.319153511364242, 25.248812943454769 ], [ 55.319108595600035, 25.248812943454766 ] ] ], [ [ [ 55.3194036, 25.2390953 ], [ 55.319414, 25.2390613 ], [ 55.319292062489318, 25.239039364178822 ], [ 55.319281562485784, 25.239073364177859 ], [ 55.3194036, 25.2390953 ] ] ], [ [ [ 55.319473006647868, 25.232332680488597 ], [ 55.3194958, 25.2323199 ], [ 55.3194469, 25.2320045 ], [ 55.3193671, 25.2320146 ], [ 55.319344306694589, 25.232027380471479 ], [ 55.319393306638325, 25.232342880475755 ], [ 55.319473006647868, 25.232332680488597 ] ] ], [ [ [ 55.319108595600035, 25.249217185332618 ], [ 55.319108595600035, 25.249262101096829 ], [ 55.319243342892655, 25.249262101096829 ], [ 55.319243342892655, 25.249217185332618 ], [ 55.319198427128448, 25.249217185332618 ], [ 55.319198427128448, 25.249037522275799 ], [ 55.319108595600035, 25.249037522275799 ], [ 55.319108595600035, 25.249082438040006 ], [ 55.319063679835836, 25.249082438040002 ], [ 55.319063679835836, 25.249217185332622 ], [ 55.319108595600035, 25.249217185332618 ] ] ], [ [ [ 55.3185757, 25.2514573 ], [ 55.318476561330122, 25.251493864052556 ], [ 55.318593061307759, 25.251799064059647 ], [ 55.3191661, 25.2515982 ], [ 55.319146889369961, 25.25155280507802 ], [ 55.319198427128448, 25.251552805071338 ], [ 55.319198427128448, 25.251507889307131 ], [ 55.319127881527358, 25.251507889311739 ], [ 55.3190785, 25.2513912 ], [ 55.31873352832838, 25.251436551481547 ], [ 55.3186882, 25.2513297 ], [ 55.3184709, 25.251405 ], [ 55.3185036, 25.2514822 ], [ 55.3185757, 25.2514573 ] ], [ [ 55.3185757, 25.2514573 ], [ 55.3186656, 25.2514261 ], [ 55.318673405855456, 25.251444455357557 ], [ 55.3185757, 25.2514573 ] ] ], [ [ [ 55.3190935, 25.2419095 ], [ 55.3187931, 25.2419045 ], [ 55.318780862200938, 25.241986864125213 ], [ 55.3191999, 25.2419876 ], [ 55.3191986, 25.2420536 ], [ 55.3192814, 25.242055 ], [ 55.3193174, 25.2419133 ], [ 55.3190935, 25.2419095 ] ] ], [ [ [ 55.319396906731598, 25.231861580481745 ], [ 55.319455, 25.2318447 ], [ 55.31945180000001, 25.2318218 ], [ 55.319393706735745, 25.23183858048149 ], [ 55.319396906731598, 25.231861580481745 ] ] ], [ [ [ 55.3192521, 25.2397949 ], [ 55.3190288, 25.2397926 ], [ 55.3190277, 25.2398759 ], [ 55.3189559, 25.2398752 ], [ 55.3189515, 25.2402253 ], [ 55.319097, 25.2402268 ], [ 55.3190997, 25.240007 ], [ 55.3193406, 25.2400095 ], [ 55.3193423, 25.2398783 ], [ 55.3192511, 25.2398773 ], [ 55.3192521, 25.2397949 ] ] ], [ [ [ 55.319361106716997, 25.231919580475378 ], [ 55.319414, 25.2319034 ], [ 55.3194084, 25.2318636 ], [ 55.319355606724166, 25.231879780474941 ], [ 55.319361106716997, 25.231919580475378 ] ] ], [ [ [ 55.319423005949481, 25.23080172200817 ], [ 55.319333174421068, 25.230801722008177 ], [ 55.319333174421068, 25.230891553536583 ], [ 55.319423005949481, 25.23089155353658 ], [ 55.319423005949481, 25.23080172200817 ] ] ], [ [ [ 55.3193403, 25.2321999 ], [ 55.3193112, 25.232018 ], [ 55.318905, 25.2320765 ], [ 55.318882206638733, 25.232089280396963 ], [ 55.318871555623083, 25.232283942228335 ], [ 55.318839101014802, 25.232283942226971 ], [ 55.318839101014802, 25.232328857991174 ], [ 55.318809465496628, 25.232328857992702 ], [ 55.3187997, 25.2322649 ], [ 55.318695, 25.2322779 ], [ 55.31867220657989, 25.232290680361142 ], [ 55.318687878689097, 25.23239341986768 ], [ 55.318659325695108, 25.232402855085933 ], [ 55.3186441, 25.2323036 ], [ 55.3184478, 25.2323282 ], [ 55.3184663, 25.2324488 ], [ 55.318652644973668, 25.232425447554448 ], [ 55.318659106544416, 25.232467980357058 ], [ 55.3187622, 25.2324452 ], [ 55.318753527199526, 25.232388732528637 ], [ 55.318810953083336, 25.232373773759523 ], [ 55.31888043460107, 25.232373773756425 ], [ 55.318890206573869, 25.232429180394405 ], [ 55.3193673, 25.2323525 ], [ 55.3193403, 25.2321999 ] ] ], [ [ [ 55.3192663, 25.2390848 ], [ 55.3192073, 25.2390703 ], [ 55.319181062476396, 25.239127964170081 ], [ 55.319240062477711, 25.239142464174396 ], [ 55.3192663, 25.2390848 ] ] ], [ [ [ 55.3192011, 25.2400645 ], [ 55.3191568, 25.2400888 ], [ 55.3191561, 25.240144 ], [ 55.3192051, 25.240164 ], [ 55.3192513, 25.2401404 ], [ 55.3192473, 25.2400827 ], [ 55.3192011, 25.2400645 ] ] ], [ [ [ 55.3190381, 25.2421495 ], [ 55.31902546218766, 25.242254364142049 ], [ 55.3192212, 25.2422514 ], [ 55.3192232, 25.2421525 ], [ 55.3190381, 25.2421495 ] ] ], [ [ [ 55.319198427128448, 25.243872209392116 ], [ 55.319153511364242, 25.243872209392119 ], [ 55.319153511364242, 25.243917125156319 ], [ 55.319198427128448, 25.243917125156322 ], [ 55.319198427128448, 25.243872209392116 ] ] ], [ [ [ 55.319378090185275, 25.23071189047976 ], [ 55.319378090185275, 25.230622058951351 ], [ 55.319333174421068, 25.230622058951351 ], [ 55.319333174421068, 25.230711890479764 ], [ 55.319378090185275, 25.23071189047976 ] ] ], [ [ [ 55.3189043, 25.2463089 ], [ 55.318841661805003, 25.246408064106511 ], [ 55.318793561786407, 25.246590564101968 ], [ 55.31883634530039, 25.246656986773278 ], [ 55.318794185250596, 25.24665698677288 ], [ 55.318794185250596, 25.246701902537087 ], [ 55.318839101014802, 25.246701902537087 ], [ 55.318839101014845, 25.246661265098748 ], [ 55.318929561783527, 25.246689464111601 ], [ 55.3191321, 25.2466023 ], [ 55.3191533, 25.2465255 ], [ 55.3190253, 25.2463362 ], [ 55.3189043, 25.2463089 ] ] ], [ [ [ 55.3191897, 25.2432027 ], [ 55.3191896, 25.2430206 ], [ 55.3190971, 25.2430206 ], [ 55.3190971, 25.2430705 ], [ 55.3191581, 25.2430705 ], [ 55.3191581, 25.2432027 ], [ 55.3191897, 25.2432027 ] ] ], [ [ [ 55.319243342892655, 25.232643268340613 ], [ 55.319243342892655, 25.23259835257641 ], [ 55.319333174421068, 25.23259835257641 ], [ 55.319333174421068, 25.232508521047997 ], [ 55.319198427128448, 25.232508521047997 ], [ 55.319198427128448, 25.2325534368122 ], [ 55.319153511364242, 25.232553436812204 ], [ 55.319153511364242, 25.232598352576407 ], [ 55.319198427128448, 25.232598352576407 ], [ 55.319198427128448, 25.232643268340617 ], [ 55.319243342892655, 25.232643268340613 ] ] ], [ [ [ 55.319018764071629, 25.248723111926356 ], [ 55.319018764071629, 25.248812943454769 ], [ 55.319063679835836, 25.248812943454766 ], [ 55.319063679835836, 25.24876802769057 ], [ 55.319108595600035, 25.248768027690563 ], [ 55.319108595600035, 25.248723111926356 ], [ 55.319018764071629, 25.248723111926356 ] ] ], [ [ [ 55.319018764071629, 25.24845361734112 ], [ 55.319108595600035, 25.248453617341116 ], [ 55.319108595600035, 25.248408701576913 ], [ 55.319018764071629, 25.24840870157691 ], [ 55.319018764071629, 25.24845361734112 ] ] ], [ [ [ 55.3191415, 25.2438014 ], [ 55.31914960000001, 25.2435962 ], [ 55.3191079, 25.2435949 ], [ 55.319089262050596, 25.243806064138653 ], [ 55.3191415, 25.2438014 ] ] ], [ [ [ 55.318860661355437, 25.251402264081687 ], [ 55.3190387, 25.251292 ], [ 55.3190069, 25.2512153 ], [ 55.318757761359898, 25.251302164074549 ], [ 55.318806861351398, 25.251420464077583 ], [ 55.318860661355437, 25.251402264081687 ] ] ], [ [ [ 55.3190321, 25.2517188 ], [ 55.3190154, 25.2516769 ], [ 55.318831261323702, 25.251739664077721 ], [ 55.318848061320665, 25.251781564078751 ], [ 55.3190321, 25.2517188 ] ] ], [ [ [ 55.3191836, 25.2403836 ], [ 55.3191862, 25.2402793 ], [ 55.318997162364248, 25.240281664150299 ], [ 55.318994562354746, 25.240385864149562 ], [ 55.3191836, 25.2403836 ] ] ], [ [ [ 55.318973848307422, 25.248094291227474 ], [ 55.319063679835836, 25.248094291227474 ], [ 55.319063679835836, 25.248004459699061 ], [ 55.318973848307422, 25.248004459699057 ], [ 55.318973848307422, 25.248094291227474 ] ] ], [ [ [ 55.319063861975195, 25.244629864132431 ], [ 55.319064061970174, 25.244685664132152 ], [ 55.3191079, 25.2446796 ], [ 55.3191077, 25.2446238 ], [ 55.319063861975195, 25.244629864132431 ] ] ], [ [ [ 55.31884620000001, 25.2512036 ], [ 55.3187481, 25.2512376 ], [ 55.318769, 25.2512867 ], [ 55.3190029, 25.2512055 ], [ 55.3189634, 25.2511124 ], [ 55.318837978863051, 25.251155960547916 ], [ 55.3189524, 25.2510921 ], [ 55.3189201, 25.2510125 ], [ 55.318674861374767, 25.251096464069434 ], [ 55.318721361366521, 25.251210764072312 ], [ 55.318828258825661, 25.251161385472756 ], [ 55.31884620000001, 25.2512036 ] ] ], [ [ [ 55.318973848307422, 25.248543448869533 ], [ 55.319018764071629, 25.248543448869533 ], [ 55.319018764071629, 25.248498533105327 ], [ 55.318973848307422, 25.248498533105323 ], [ 55.318973848307422, 25.248543448869533 ] ] ], [ [ [ 55.3191543, 25.2378127 ], [ 55.3191613, 25.2377877 ], [ 55.319113, 25.2377766 ], [ 55.319062962591069, 25.23779776416826 ], [ 55.319044862585507, 25.237850564166635 ], [ 55.3190802, 25.2378515 ], [ 55.319095953951091, 25.237805543725774 ], [ 55.3191543, 25.2378127 ] ] ], [ [ [ 55.319018764071629, 25.24131201083237 ], [ 55.319018764071629, 25.24140184236078 ], [ 55.319108595600035, 25.24140184236078 ], [ 55.319108595600035, 25.241312010832363 ], [ 55.319018764071629, 25.24131201083237 ] ] ], [ [ [ 55.3190726, 25.2431996 ], [ 55.3188351, 25.2432 ], [ 55.3188353, 25.2432729 ], [ 55.3190728, 25.2432724 ], [ 55.3190726, 25.2431996 ] ] ], [ [ [ 55.319096462586522, 25.237864664170409 ], [ 55.319027762563316, 25.238088264164105 ], [ 55.319063462564095, 25.238097264166729 ], [ 55.3191428, 25.2378677 ], [ 55.319096462586522, 25.237864664170409 ] ] ], [ [ [ 55.3187243, 25.2471165 ], [ 55.3187554, 25.2471669 ], [ 55.3190035, 25.2470413 ], [ 55.3189724, 25.246991 ], [ 55.3187243, 25.2471165 ] ] ], [ [ [ 55.31903106204453, 25.243844764134106 ], [ 55.319042, 25.2438057 ], [ 55.318909562042229, 25.243810464125229 ], [ 55.318909162039219, 25.243843664125027 ], [ 55.31903106204453, 25.243844764134106 ] ] ], [ [ [ 55.318167190422507, 25.234986752435915 ], [ 55.318103590394401, 25.235039452417272 ], [ 55.318087190362505, 25.235126652411029 ], [ 55.318376190302651, 25.235447652484797 ], [ 55.31879789035721, 25.235492152600706 ], [ 55.3191482, 25.2351938 ], [ 55.3191582, 25.2351024 ], [ 55.3191078, 25.2350405 ], [ 55.3183013, 25.2349679 ], [ 55.318167190422507, 25.234986752435915 ] ] ], [ [ [ 55.318928932543216, 25.248363785812703 ], [ 55.318973848307422, 25.24836378581271 ], [ 55.318973848307422, 25.248273954284297 ], [ 55.318928932543216, 25.248273954284297 ], [ 55.318928932543216, 25.248363785812703 ] ] ], [ [ [ 55.319018764071629, 25.241267095068164 ], [ 55.319063679835836, 25.241267095068167 ], [ 55.319063679835836, 25.241222179303961 ], [ 55.319018764071629, 25.241222179303961 ], [ 55.319018764071629, 25.241267095068164 ] ] ], [ [ [ 55.3190374, 25.2430996 ], [ 55.31897716210878, 25.243105564133973 ], [ 55.31897716210441, 25.243154064133719 ], [ 55.3190374, 25.2431481 ], [ 55.3190374, 25.2430996 ] ] ], [ [ [ 55.31874386138896, 25.250973064075232 ], [ 55.318771461383861, 25.251043164076929 ], [ 55.3189143, 25.2509945 ], [ 55.3188867, 25.2509245 ], [ 55.31874386138896, 25.250973064075232 ] ] ], [ [ [ 55.3190237, 25.2381666 ], [ 55.3190173, 25.2382152 ], [ 55.3190737, 25.2382213 ], [ 55.3190801, 25.2381727 ], [ 55.3190237, 25.2381666 ] ] ], [ [ [ 55.3190589, 25.2392591 ], [ 55.318965, 25.239236 ], [ 55.318927862446927, 25.239330464150136 ], [ 55.319021662448996, 25.239353564157007 ], [ 55.3190589, 25.2392591 ] ] ], [ [ [ 55.3190674, 25.2384098 ], [ 55.3190133, 25.2384002 ], [ 55.318993262529247, 25.238449264159641 ], [ 55.319047362530782, 25.238458864163619 ], [ 55.3190674, 25.2384098 ] ] ], [ [ [ 55.318884016779009, 25.241042516247131 ], [ 55.318928932543216, 25.241042516247134 ], [ 55.318928932543216, 25.241087432011337 ], [ 55.319018764071629, 25.241087432011341 ], [ 55.319018764071629, 25.240997600482928 ], [ 55.318973848307422, 25.240997600482928 ], [ 55.318973848307422, 25.240952684718724 ], [ 55.318884016779009, 25.240952684718721 ], [ 55.318884016779009, 25.241042516247131 ] ] ], [ [ [ 55.318631161380566, 25.251010764066624 ], [ 55.3188827, 25.2509136 ], [ 55.3188409, 25.2508029 ], [ 55.318583661389781, 25.250885164063746 ], [ 55.318631161380566, 25.251010764066624 ] ] ], [ [ [ 55.319018764071629, 25.233900909738384 ], [ 55.319018764071629, 25.233945825502587 ], [ 55.319063679835836, 25.233945825502587 ], [ 55.319063679835836, 25.233900909738381 ], [ 55.319108595600035, 25.233900909738381 ], [ 55.319108595600035, 25.233855993974178 ], [ 55.319063679835836, 25.233855993974181 ], [ 55.319063679835836, 25.233811078209964 ], [ 55.319018764071629, 25.233811078209975 ], [ 55.319018764071629, 25.233855993974178 ], [ 55.318973848307422, 25.233855993974178 ], [ 55.318973848307422, 25.233900909738384 ], [ 55.319018764071629, 25.233900909738384 ] ] ], [ [ [ 55.318524690665363, 25.251912131184977 ], [ 55.31861452219399, 25.251900984166273 ], [ 55.318676608847269, 25.252042719242347 ], [ 55.3188477, 25.25198 ], [ 55.3187526, 25.2517629 ], [ 55.318524690665363, 25.25182229965657 ], [ 55.318524690665363, 25.251912131184977 ] ] ], [ [ [ 55.319018764071629, 25.23947046449992 ], [ 55.319018764071629, 25.239380632971514 ], [ 55.318973848307422, 25.239380632971514 ], [ 55.318973848307422, 25.239470464499924 ], [ 55.319018764071629, 25.23947046449992 ] ] ], [ [ [ 55.3188108, 25.2430674 ], [ 55.318798462093817, 25.243183664120242 ], [ 55.3189642, 25.2431798 ], [ 55.3189659, 25.2430694 ], [ 55.3188108, 25.2430674 ] ] ], [ [ [ 55.319018764071629, 25.232553436812193 ], [ 55.319018764071629, 25.232643268340617 ], [ 55.319108595600035, 25.232643268340617 ], [ 55.319108595600035, 25.2325534368122 ], [ 55.319018764071629, 25.232553436812193 ] ] ], [ [ [ 55.318601649877159, 25.250773561138853 ], [ 55.318612061392642, 25.250867464065969 ], [ 55.3188414, 25.2507916 ], [ 55.3188062, 25.2507015 ], [ 55.318632719511903, 25.250755665557381 ], [ 55.3187844, 25.2506683 ], [ 55.3187546, 25.2505953 ], [ 55.318509261404998, 25.250679764059278 ], [ 55.318554361397069, 25.250789864062067 ], [ 55.318601649877159, 25.250773561138853 ] ] ], [ [ [ 55.318928932543216, 25.241851000002843 ], [ 55.318928932543216, 25.241806084238632 ], [ 55.318884016779009, 25.241806084238636 ], [ 55.318884016779009, 25.241851000002843 ], [ 55.318928932543216, 25.241851000002843 ] ] ], [ [ [ 55.3189409, 25.2403147 ], [ 55.3189437, 25.2402585 ], [ 55.3189127, 25.2402572 ], [ 55.3189098, 25.2403134 ], [ 55.3189409, 25.2403147 ] ] ], [ [ [ 55.318859862148095, 25.242611864127827 ], [ 55.318859862138474, 25.242718564127259 ], [ 55.3188926, 25.2427126 ], [ 55.3188926, 25.2426059 ], [ 55.318859862148095, 25.242611864127827 ] ] ], [ [ [ 55.3186706, 25.2503803 ], [ 55.3184292, 25.2504544 ], [ 55.31847590000001, 25.2505789 ], [ 55.3185234, 25.2505643 ], [ 55.3185096, 25.2505274 ], [ 55.3186576, 25.250482 ], [ 55.318681, 25.2505446 ], [ 55.3184882, 25.2506038 ], [ 55.3185069, 25.2506536 ], [ 55.3187456, 25.2505803 ], [ 55.3186706, 25.2503803 ] ] ], [ [ [ 55.318794185250596, 25.246926481358116 ], [ 55.318659437957976, 25.246926481358116 ], [ 55.318659437957976, 25.247016312886529 ], [ 55.318749269486389, 25.247016312886529 ], [ 55.318749269486389, 25.246971397122326 ], [ 55.318794185250596, 25.246971397122323 ], [ 55.318794185250596, 25.246926481358116 ] ] ], [ [ [ 55.318704353722183, 25.248139206991677 ], [ 55.318749269486389, 25.24813920699167 ], [ 55.318749269486389, 25.248094291227474 ], [ 55.318704353722183, 25.248094291227474 ], [ 55.318704353722183, 25.248139206991677 ] ] ], [ [ [ 55.318704353722183, 25.248004459699061 ], [ 55.318749269486389, 25.248004459699057 ], [ 55.318749269486389, 25.247959543934854 ], [ 55.318704353722183, 25.247959543934847 ], [ 55.318704353722183, 25.248004459699061 ] ] ], [ [ [ 55.318839101014802, 25.233945825502587 ], [ 55.318839101014802, 25.234035657031001 ], [ 55.318928932543216, 25.234035657030997 ], [ 55.318928932543216, 25.233945825502587 ], [ 55.318839101014802, 25.233945825502587 ] ] ], [ [ [ 55.318884016779009, 25.233855993974185 ], [ 55.318884016779009, 25.233900909738384 ], [ 55.318928932543216, 25.233900909738381 ], [ 55.318928932543216, 25.233855993974181 ], [ 55.318884016779009, 25.233855993974185 ] ] ], [ [ [ 55.3185864, 25.2512248 ], [ 55.318626, 25.2513142 ], [ 55.3186813, 25.2512942 ], [ 55.3185822, 25.2510705 ], [ 55.318495663839855, 25.251103262152625 ], [ 55.3185736, 25.2510416 ], [ 55.3185163, 25.2509123 ], [ 55.318284861366308, 25.250998364040864 ], [ 55.31835926135448, 25.251166164045529 ], [ 55.318457816941248, 25.251128544966885 ], [ 55.31847306030852, 25.25116295574086 ], [ 55.3183843, 25.2511952 ], [ 55.3184616, 25.2513694 ], [ 55.3185496, 25.2513375 ], [ 55.3185117, 25.2512519 ], [ 55.3185864, 25.2512248 ] ] ], [ [ [ 55.3187952, 25.2427797 ], [ 55.3184956, 25.2427768 ], [ 55.31846886211023, 25.242839464097464 ], [ 55.318783862123922, 25.242842564120945 ], [ 55.3187952, 25.2427797 ] ] ], [ [ [ 55.314881852966472, 25.250926597079189 ], [ 55.314931429528883, 25.250923984372452 ], [ 55.314931429528912, 25.250881314130787 ], [ 55.314989061224324, 25.250951163795236 ], [ 55.315086061227539, 25.250963163802403 ], [ 55.315215173754595, 25.250909838366034 ], [ 55.31514932111498, 25.251107396107461 ], [ 55.315149321110781, 25.251199137898251 ], [ 55.3151348, 25.2510984 ], [ 55.3150593, 25.2509862 ], [ 55.314876361209791, 25.251056863786268 ], [ 55.314774161196702, 25.251151663778145 ], [ 55.314748661179372, 25.251331263775302 ], [ 55.314776861174714, 25.251396763777056 ], [ 55.314831061175312, 25.251416863780992 ], [ 55.3151268, 25.2513095 ], [ 55.315152895398178, 25.251245717694186 ], [ 55.31521066648601, 25.251303488802279 ], [ 55.314878528554935, 25.251507889329844 ], [ 55.314751766472057, 25.251507889307131 ], [ 55.314732061154174, 25.251602363772626 ], [ 55.314763461149809, 25.251666263774645 ], [ 55.3148042, 25.2516482 ], [ 55.314780706672366, 25.251600390336574 ], [ 55.314785496784829, 25.251600390336286 ], [ 55.314834561148338, 25.251717563779671 ], [ 55.315468761183254, 25.251642463827391 ], [ 55.31560209750635, 25.251401153666901 ], [ 55.315740482106769, 25.251741792649248 ], [ 55.315650081756175, 25.251687552363951 ], [ 55.315507836628782, 25.251691755444082 ], [ 55.315490011526705, 25.251754143619653 ], [ 55.3154824, 25.251665 ], [ 55.31538604050322, 25.251699255923143 ], [ 55.315404577036894, 25.251743168677862 ], [ 55.314929261135262, 25.251909063785728 ], [ 55.314970164615154, 25.252005868714733 ], [ 55.314970164613108, 25.252054530060175 ], [ 55.3149503, 25.2520084 ], [ 55.3133118, 25.2525852 ], [ 55.313557363123493, 25.253155768719132 ], [ 55.313530934880859, 25.253488726683035 ], [ 55.313575850631139, 25.25371330550572 ], [ 55.314069923995447, 25.254566705050294 ], [ 55.314114839758084, 25.254611620816867 ], [ 55.31433460523305, 25.254607370157093 ], [ 55.314302608830509, 25.254702164333573 ], [ 55.314302608829998, 25.254651992801545 ], [ 55.314161478049307, 25.254655571029829 ], [ 55.31416147804444, 25.254745402557962 ], [ 55.314302608829998, 25.254741824329955 ], [ 55.314302608830388, 25.254718711460193 ], [ 55.3146714, 25.2548206 ], [ 55.3147084, 25.2547112 ], [ 55.3147745, 25.2547294 ], [ 55.314824024778439, 25.254582899608412 ], [ 55.315147902372829, 25.254566705111571 ], [ 55.315425502935149, 25.254337582452102 ], [ 55.315425502935149, 25.254113003631065 ], [ 55.315200924114116, 25.253663845989006 ], [ 55.315111092586413, 25.253566204090685 ], [ 55.31511109258571, 25.253214688346954 ], [ 55.31497634529309, 25.253079941054331 ], [ 55.314886513764677, 25.253035025290128 ], [ 55.314796682236263, 25.253035025290128 ], [ 55.314724167010205, 25.253145635084138 ], [ 55.314167861537378, 25.252540951883862 ], [ 55.314033114244765, 25.252540951883866 ], [ 55.313620766467878, 25.252680242935675 ], [ 55.313591383670669, 25.252900614816472 ], [ 55.3134727, 25.2526248 ], [ 55.314977042678841, 25.252095258920662 ], [ 55.315128389267215, 25.252067607592977 ], [ 55.315201241280036, 25.252212515776556 ], [ 55.315380418321325, 25.252137720172378 ], [ 55.315328173523511, 25.252365491895226 ], [ 55.315418005049025, 25.252455323428034 ], [ 55.315507836580245, 25.252455323432752 ], [ 55.315650081756175, 25.252361288827036 ], [ 55.315882158555468, 25.252090532693877 ], [ 55.31595729821499, 25.252275490004205 ], [ 55.316030023706844, 25.252311852760304 ], [ 55.316009407869885, 25.252318715445849 ], [ 55.315874660577208, 25.252226541534416 ], [ 55.315776723253514, 25.252231085417979 ], [ 55.315641975940906, 25.252455664230446 ], [ 55.315641975934732, 25.2525454957585 ], [ 55.315686891694284, 25.252635327289102 ], [ 55.31579400932624, 25.252621603158779 ], [ 55.315873280647018, 25.252809066539584 ], [ 55.315560250227769, 25.252540951883866 ], [ 55.315425502935149, 25.252540951883866 ], [ 55.315102581447562, 25.252635554448073 ], [ 55.315128695553646, 25.252829991480468 ], [ 55.315021261057296, 25.252765530704892 ], [ 55.314787259167289, 25.252770812901673 ], [ 55.314787259156532, 25.252905560193657 ], [ 55.314832174918912, 25.252950475960624 ], [ 55.315033972733779, 25.252990835552691 ], [ 55.315262661002357, 25.253546363801981 ], [ 55.31541325829734, 25.253480420433508 ], [ 55.315431173883624, 25.253517318297511 ], [ 55.3153031, 25.2535579 ], [ 55.3153261, 25.2536173 ], [ 55.31546316023735, 25.253581291045581 ], [ 55.3153494, 25.2536235 ], [ 55.3153755, 25.2536812 ], [ 55.3153441, 25.2536928 ], [ 55.3154322, 25.2538872 ], [ 55.3155696, 25.2538362 ], [ 55.315483838431106, 25.253622647422375 ], [ 55.315676526532592, 25.253838320602181 ], [ 55.3154806, 25.2539052 ], [ 55.3155692, 25.2541166 ], [ 55.3157867, 25.2540217 ], [ 55.315733814492539, 25.253895608514703 ], [ 55.315821233603117, 25.253983027411479 ], [ 55.315911065134713, 25.25398302741684 ], [ 55.316009407869828, 25.253933340574246 ], [ 55.316323818219267, 25.253663845989006 ], [ 55.316323818231552, 25.253486735409261 ], [ 55.3163394404515, 25.253506055949561 ], [ 55.3163825, 25.253478 ], [ 55.316358, 25.2534478 ], [ 55.31632381823205, 25.253457142573353 ], [ 55.3163629, 25.2534417 ], [ 55.316406, 25.2533556 ], [ 55.3163946, 25.2533033 ], [ 55.316323818225477, 25.253277727506521 ], [ 55.316323818219267, 25.253214688346954 ], [ 55.316166924933846, 25.253066737005135 ], [ 55.316808161123724, 25.252961163920375 ], [ 55.3169012, 25.252904 ], [ 55.3168939, 25.2527138 ], [ 55.316548397040798, 25.252352264298032 ], [ 55.3165483970403, 25.252316373062836 ], [ 55.316503481276094, 25.252316373062833 ], [ 55.316503481276094, 25.25227145729863 ], [ 55.3165483970403, 25.25227145729863 ], [ 55.316548397041345, 25.252182587123656 ], [ 55.316606861172531, 25.252321163908722 ], [ 55.3168187, 25.2522458 ], [ 55.316739719578898, 25.252058385900192 ], [ 55.317356880796005, 25.251777383892364 ], [ 55.317446712324418, 25.251642636599751 ], [ 55.317401298126953, 25.251429538679229 ], [ 55.317777789257448, 25.251393887095361 ], [ 55.317477961286812, 25.251482663978116 ], [ 55.317470361277103, 25.251586663977008 ], [ 55.317842565603172, 25.25240620459228 ], [ 55.317806038438064, 25.252406204591242 ], [ 55.317806038438064, 25.252361288827032 ], [ 55.317761122673858, 25.252361288827036 ], [ 55.317761122673858, 25.252316373062836 ], [ 55.317716206909651, 25.252316373062833 ], [ 55.317716206909651, 25.252271457298622 ], [ 55.317581459617038, 25.252271457298626 ], [ 55.317581459617301, 25.252347616587688 ], [ 55.317547653280009, 25.252359804777516 ], [ 55.317592153271562, 25.25247030478041 ], [ 55.317626375381465, 25.252457925434271 ], [ 55.317626375381238, 25.252585867648076 ], [ 55.317671140511095, 25.252619555994141 ], [ 55.3177468, 25.2525903 ], [ 55.317724144717523, 25.25254095188486 ], [ 55.317751340513944, 25.252585355996775 ], [ 55.3178176, 25.2525622 ], [ 55.317790608721459, 25.252496036125684 ], [ 55.317850954202271, 25.252496036119659 ], [ 55.317850954202605, 25.25242417322567 ], [ 55.318000061196258, 25.252743564010444 ], [ 55.318425861224824, 25.252636264042767 ], [ 55.318324099315412, 25.252361288846998 ], [ 55.31856960642957, 25.252361288827039 ], [ 55.31856960642957, 25.252316373062836 ], [ 55.318614522193769, 25.252316373062833 ], [ 55.318614522193769, 25.252226541534423 ], [ 55.318659437957976, 25.252226541534423 ], [ 55.318659437957976, 25.252136710006006 ], [ 55.318614522193769, 25.252136710006006 ], [ 55.318614522193769, 25.252181625770213 ], [ 55.31856960642957, 25.252181625770213 ], [ 55.318562733069243, 25.252226541535304 ], [ 55.3185657, 25.252112 ], [ 55.318434859137703, 25.252109272323494 ], [ 55.31843485913695, 25.25200196271339 ], [ 55.318345027608537, 25.25200196271339 ], [ 55.318345027608537, 25.2520468784776 ], [ 55.318255196080123, 25.2520468784776 ], [ 55.318255196080123, 25.251957046949183 ], [ 55.318210280315917, 25.251957046949187 ], [ 55.318210280315917, 25.251822299656574 ], [ 55.31816536455171, 25.25182229965657 ], [ 55.31816536455171, 25.251687552363951 ], [ 55.318120448787504, 25.251687552363951 ], [ 55.318120448787504, 25.251642636599748 ], [ 55.318075533023304, 25.251642636599744 ], [ 55.318075533023652, 25.251766385213781 ], [ 55.317986294244207, 25.25155280507142 ], [ 55.318030617259097, 25.251552805071334 ], [ 55.318030617259097, 25.251597720835534 ], [ 55.318075533023304, 25.25159772083553 ], [ 55.318075533023304, 25.251462973542917 ], [ 55.317985701494891, 25.251462973542914 ], [ 55.317985701494926, 25.251551386409062 ], [ 55.317956, 25.2514803 ], [ 55.317804565661092, 25.251387921111718 ], [ 55.317937, 25.2513399 ], [ 55.317855974638995, 25.251148563194153 ], [ 55.317895869966478, 25.251148563193478 ], [ 55.317895869966478, 25.251103647429268 ], [ 55.317940785730684, 25.251103647429275 ], [ 55.317940785730684, 25.251013905363582 ], [ 55.3180062, 25.2509911 ], [ 55.3177815, 25.2504438 ], [ 55.317737254239944, 25.250429910971516 ], [ 55.3177491, 25.2503822 ], [ 55.3176585, 25.2501621 ], [ 55.317243561382718, 25.250304163966835 ], [ 55.317440361348304, 25.250782463979 ], [ 55.3176696, 25.2507024 ], [ 55.317489261351923, 25.250766463982728 ], [ 55.317561534206149, 25.250942409381768 ], [ 55.317260542893244, 25.251047489441795 ], [ 55.317132301974972, 25.250699405551423 ], [ 55.317087386210773, 25.250654489787209 ], [ 55.316588271794366, 25.250639366770887 ], [ 55.3165483970403, 25.2505197424946 ], [ 55.31641364974768, 25.250564658258803 ], [ 55.316361945489035, 25.25063250859564 ], [ 55.316100612645414, 25.250624589214855 ], [ 55.3164478, 25.2505056 ], [ 55.3164089, 25.2504128 ], [ 55.3159829, 25.2505588 ], [ 55.316009317840958, 25.250621822525364 ], [ 55.315960355814887, 25.250620338707652 ], [ 55.3159362, 25.2505634 ], [ 55.315756692025161, 25.25061416640434 ], [ 55.3158516, 25.2505807 ], [ 55.3158328, 25.2505352 ], [ 55.315678061287493, 25.250589763848545 ], [ 55.315687274816959, 25.250612062558826 ], [ 55.315508140660825, 25.250613606711834 ], [ 55.315373393355721, 25.250753843226434 ], [ 55.315301020241044, 25.250778972485623 ], [ 55.315335671406736, 25.250699405551419 ], [ 55.31523955795425, 25.250702927042219 ], [ 55.315239557949461, 25.250792758570352 ], [ 55.315266690653537, 25.25079089232522 ], [ 55.315222940534603, 25.250807055919946 ], [ 55.31522977841319, 25.250866024329461 ], [ 55.3152061, 25.250802 ], [ 55.3150386, 25.2507548 ], [ 55.314908661231918, 25.250827463789886 ], [ 55.314930500800145, 25.25087911755282 ], [ 55.314881852968249, 25.250881681315089 ], [ 55.314881852966472, 25.250926597079189 ] ], [ [ 55.3176696, 25.2507024 ], [ 55.317824161340795, 25.2510545640062 ], [ 55.317850954202271, 25.251058731665065 ], [ 55.317817933786344, 25.251058731666397 ], [ 55.3176696, 25.2507024 ] ], [ [ 55.318300111844806, 25.252303878927126 ], [ 55.318230264122732, 25.252136710010738 ], [ 55.31830011184433, 25.252136710006006 ], [ 55.31830011184433, 25.2520917942418 ], [ 55.318345027608537, 25.25209179424181 ], [ 55.318345027608537, 25.252136710006006 ], [ 55.318415318112592, 25.25213671001066 ], [ 55.318409140539849, 25.25223885601859 ], [ 55.31852469066547, 25.252239266168679 ], [ 55.318524690665363, 25.252271457298626 ], [ 55.318479774901157, 25.252271457298626 ], [ 55.318479774901157, 25.252316373062833 ], [ 55.318389943372743, 25.252316373062836 ], [ 55.318389943372743, 25.25227145729863 ], [ 55.31830011184433, 25.25227145729863 ], [ 55.318300111844806, 25.252303878927126 ] ], [ [ 55.318173963174317, 25.252001962714445 ], [ 55.318210280315917, 25.25200196271339 ], [ 55.318210280316983, 25.252088882008497 ], [ 55.318173963174317, 25.252001962714445 ] ], [ [ 55.318136429278653, 25.25191213118655 ], [ 55.31816536455171, 25.251912131184973 ], [ 55.31816536455208, 25.251981383264223 ], [ 55.318136429278653, 25.25191213118655 ] ], [ [ 55.31808012853751, 25.251777383892993 ], [ 55.318120448787504, 25.251777383892367 ], [ 55.318120448788441, 25.251873884334582 ], [ 55.318103811991179, 25.251834066687032 ], [ 55.31808012853751, 25.251777383892993 ] ], [ [ 55.317850954202378, 25.251136707697409 ], [ 55.317841530628058, 25.251114454416655 ], [ 55.317836954205887, 25.251103647430739 ], [ 55.317850954202271, 25.251103647429268 ], [ 55.317850954202378, 25.251136707697409 ] ], [ [ 55.317671291145636, 25.252441677799396 ], [ 55.317671291145444, 25.252451120355445 ], [ 55.317645187678984, 25.252451120357119 ], [ 55.317671291145636, 25.252441677799396 ] ], [ [ 55.317643252193584, 25.252361288832912 ], [ 55.317671291145444, 25.252361288827036 ], [ 55.317671291145807, 25.252430850625615 ], [ 55.317643252193584, 25.252361288832912 ] ], [ [ 55.316413649748185, 25.252367408199063 ], [ 55.315850687730524, 25.252564924857154 ], [ 55.316001275716019, 25.252414336766368 ], [ 55.3162245, 25.25234 ], [ 55.3162058869841, 25.25229283555014 ], [ 55.316458565513535, 25.252186397902602 ], [ 55.316458565511887, 25.252316373062836 ], [ 55.31641364974768, 25.252316373062833 ], [ 55.316413649748185, 25.252367408199063 ] ], [ [ 55.315874660577229, 25.252812329838051 ], [ 55.315875402860016, 25.252814085209554 ], [ 55.315874660577244, 25.252813441897516 ], [ 55.315874660577229, 25.252812329838051 ] ], [ [ 55.31546437720467, 25.251062148014363 ], [ 55.315501972756572, 25.251154691596565 ], [ 55.315451179190703, 25.251167732298217 ], [ 55.31546437720467, 25.251062148014363 ] ], [ [ 55.315373393352402, 25.250813115940396 ], [ 55.315373393350463, 25.250838185525275 ], [ 55.315396443493263, 25.250894924980823 ], [ 55.315309926562428, 25.25083515275205 ], [ 55.315373393352402, 25.250813115940396 ] ], [ [ 55.315374102543345, 25.251876294509255 ], [ 55.315374102542222, 25.251898020327321 ], [ 55.315335671407254, 25.251914063069808 ], [ 55.315335671407126, 25.251889877367187 ], [ 55.315374102543345, 25.251876294509255 ] ] ], [ [ [ 55.314929261135262, 25.251909063785728 ], [ 55.3150271, 25.251873 ], [ 55.3149784, 25.2517577 ], [ 55.31477936113226, 25.251868663774758 ], [ 55.314808073597284, 25.251939427998526 ], [ 55.314771891299664, 25.251952934370745 ], [ 55.3147347, 25.251835 ], [ 55.314626361125043, 25.251873363763316 ], [ 55.314644709849503, 25.251949096717606 ], [ 55.3145994, 25.2519642 ], [ 55.3146279, 25.2520341 ], [ 55.314673111983041, 25.25201902933977 ], [ 55.314692661110499, 25.25206716376724 ], [ 55.314949, 25.2519603 ], [ 55.314903364690863, 25.251847752506343 ], [ 55.314929261135262, 25.251909063785728 ] ] ], [ [ [ 55.318928932543216, 25.2325534368122 ], [ 55.318794185250596, 25.2325534368122 ], [ 55.318794185250596, 25.23259835257641 ], [ 55.318659437957976, 25.232598352576407 ], [ 55.318659437957976, 25.232643268340613 ], [ 55.318928932543216, 25.23264326834061 ], [ 55.318928932543216, 25.2325534368122 ] ] ], [ [ [ 55.318524690665363, 25.25200196271339 ], [ 55.318524690665363, 25.252091794241803 ], [ 55.318659437957976, 25.252091794241807 ], [ 55.318659437957976, 25.2520468784776 ], [ 55.318614522193769, 25.2520468784776 ], [ 55.318614522193769, 25.25200196271339 ], [ 55.318524690665363, 25.25200196271339 ] ] ], [ [ [ 55.3186187, 25.2422656 ], [ 55.318585562158354, 25.242363064108677 ], [ 55.3187537, 25.2423888 ], [ 55.3187762, 25.2422973 ], [ 55.3186187, 25.2422656 ] ] ], [ [ [ 55.318675, 25.2371856 ], [ 55.3186837, 25.2373382 ], [ 55.318638, 25.2373333 ], [ 55.3186288, 25.2374046 ], [ 55.3186823, 25.2374102 ], [ 55.3186762, 25.2374575 ], [ 55.3188077, 25.2374713 ], [ 55.3188375, 25.2371441 ], [ 55.3187715, 25.2371372 ], [ 55.3187641, 25.2371949 ], [ 55.318675, 25.2371856 ] ] ], [ [ [ 55.3187482, 25.2430575 ], [ 55.318697262100152, 25.243063564113324 ], [ 55.318697462095656, 25.243113564113077 ], [ 55.3187484, 25.2431075 ], [ 55.3187482, 25.2430575 ] ] ], [ [ [ 55.3188131, 25.2366971 ], [ 55.3188396, 25.2364091 ], [ 55.3184914, 25.2363828 ], [ 55.3184649, 25.2366708 ], [ 55.3188131, 25.2366971 ] ] ], [ [ [ 55.31869441730715, 25.243158340690943 ], [ 55.3186945, 25.2431184 ], [ 55.318639921055272, 25.243112967963413 ], [ 55.3186934, 25.2431081 ], [ 55.3186951, 25.2430566 ], [ 55.318553262092351, 25.243079264102494 ], [ 55.318552862084402, 25.243167264102009 ], [ 55.318735062091974, 25.243172864115564 ], [ 55.3187466, 25.2431178 ], [ 55.31869506209469, 25.243123164112845 ], [ 55.31869441730715, 25.243158340690943 ] ] ], [ [ [ 55.3187544, 25.2421511 ], [ 55.3187551, 25.2420983 ], [ 55.3186928, 25.2420977 ], [ 55.3186921, 25.2421504 ], [ 55.3187544, 25.2421511 ] ] ], [ [ [ 55.318659437957976, 25.24867819616215 ], [ 55.318614522193769, 25.248678196162142 ], [ 55.318614522193769, 25.248633280397947 ], [ 55.31856960642957, 25.248633280397943 ], [ 55.31856960642957, 25.248723111926356 ], [ 55.318479774901157, 25.248723111926353 ], [ 55.318479774901157, 25.248768027690563 ], [ 55.318614522193769, 25.248768027690566 ], [ 55.318614522193769, 25.248723111926353 ], [ 55.318659437957976, 25.248723111926356 ], [ 55.318659437957976, 25.24867819616215 ] ] ], [ [ [ 55.3184855, 25.2375698 ], [ 55.3184507, 25.2375632 ], [ 55.3184432, 25.237656 ], [ 55.3184776, 25.2376602 ], [ 55.3184507, 25.2377155 ], [ 55.3186002, 25.2377293 ], [ 55.318629, 25.2376717 ], [ 55.3186644, 25.2377147 ], [ 55.3187015, 25.2376832 ], [ 55.318788, 25.2376918 ], [ 55.3188015, 25.2375735 ], [ 55.3187551, 25.2375704 ], [ 55.3186907, 25.2375026 ], [ 55.3184809, 25.2374995 ], [ 55.3184855, 25.2375698 ] ] ], [ [ [ 55.3187744, 25.2378894 ], [ 55.3187864, 25.237747 ], [ 55.318667762578251, 25.237745564139068 ], [ 55.318655862564881, 25.237887964137428 ], [ 55.3187744, 25.2378894 ] ] ], [ [ [ 55.318794185250596, 25.233811078209968 ], [ 55.318794185250596, 25.233855993974181 ], [ 55.318839101014802, 25.233855993974178 ], [ 55.318839101014802, 25.233811078209975 ], [ 55.318794185250596, 25.233811078209968 ] ] ], [ [ [ 55.318375861426397, 25.250376964050911 ], [ 55.3186077, 25.250256 ], [ 55.3185748, 25.2501694 ], [ 55.318327161435768, 25.250249164047954 ], [ 55.318375861426397, 25.250376964050911 ] ] ], [ [ [ 55.318769, 25.2379234 ], [ 55.3186781, 25.2379176 ], [ 55.318669206169815, 25.238033160051842 ], [ 55.318614522193769, 25.238033160045326 ], [ 55.318614522193769, 25.238078075809543 ], [ 55.3187589, 25.2380544 ], [ 55.318769, 25.2379234 ] ] ], [ [ [ 55.318487, 25.2321476 ], [ 55.3181709, 25.2321955 ], [ 55.3181869, 25.2322957 ], [ 55.318482606564821, 25.23227548033103 ], [ 55.318501626719438, 25.23223909650401 ], [ 55.31863, 25.2322223 ], [ 55.318625497777511, 25.232194110721977 ], [ 55.318749269486389, 25.232194110698554 ], [ 55.318749269486389, 25.232239026462764 ], [ 55.318839101014802, 25.232239026462761 ], [ 55.318839101014802, 25.232104279170144 ], [ 55.318794185250596, 25.232104279170144 ], [ 55.318794185250596, 25.232059363405934 ], [ 55.318749269486389, 25.232059363405938 ], [ 55.318749269486389, 25.232104279170144 ], [ 55.318659437957976, 25.232104279170141 ], [ 55.318659437957976, 25.232059363405941 ], [ 55.31856960642957, 25.232059363405934 ], [ 55.31856960642957, 25.232104279170141 ], [ 55.318524690665363, 25.232104279170141 ], [ 55.318534095953105, 25.232149194935484 ], [ 55.318487, 25.2321476 ] ] ], [ [ [ 55.3187077, 25.2381567 ], [ 55.3187454, 25.2381599 ], [ 55.3187546, 25.2380712 ], [ 55.3187169, 25.238068 ], [ 55.318711, 25.2381253 ], [ 55.3186511, 25.2381202 ], [ 55.3186423, 25.238204 ], [ 55.3187022, 25.2382091 ], [ 55.3187077, 25.2381567 ] ] ], [ [ [ 55.31824166145082, 25.250040064042679 ], [ 55.318290161442199, 25.25015956404566 ], [ 55.318416924684136, 25.250110516140584 ], [ 55.31845086144623, 25.250193964057477 ], [ 55.3185695, 25.2501415 ], [ 55.3185441, 25.2500789 ], [ 55.318488279469605, 25.250099489411998 ], [ 55.3185312, 25.2500663 ], [ 55.3184866, 25.2499564 ], [ 55.31824166145082, 25.250040064042679 ] ] ], [ [ [ 55.318631, 25.2448705 ], [ 55.3186296, 25.244822 ], [ 55.31855876193481, 25.244829264093706 ], [ 55.318560061930498, 25.244877764093559 ], [ 55.318631, 25.2448705 ] ] ], [ [ [ 55.318599, 25.2464589 ], [ 55.3185983, 25.2464267 ], [ 55.318541961789407, 25.246433464084024 ], [ 55.318542661786537, 25.246465664083907 ], [ 55.318599, 25.2464589 ] ] ], [ [ [ 55.3185793, 25.2476577 ], [ 55.31858, 25.2473805 ], [ 55.318517, 25.2473803 ], [ 55.318511240711018, 25.247860856031721 ], [ 55.3185789, 25.2478584 ], [ 55.3185793, 25.2476577 ] ] ], [ [ [ 55.31843485913695, 25.241671336946013 ], [ 55.31843485913695, 25.241940831531256 ], [ 55.318479774901157, 25.241940831531259 ], [ 55.318479774901157, 25.242030663059662 ], [ 55.318614522193769, 25.242030663059666 ], [ 55.318614522193769, 25.241985747295455 ], [ 55.318659437957976, 25.241985747295459 ], [ 55.318659437957976, 25.241940831531249 ], [ 55.318614522193769, 25.241940831531256 ], [ 55.318614522193769, 25.241895915767053 ], [ 55.31856960642957, 25.241895915767053 ], [ 55.31856960642957, 25.241851000002839 ], [ 55.318524690665363, 25.241851000002839 ], [ 55.318524690665363, 25.241626421181806 ], [ 55.318479774901157, 25.24162642118181 ], [ 55.318479774901157, 25.241671336946016 ], [ 55.31843485913695, 25.241671336946013 ] ] ], [ [ [ 55.3185103, 25.2518244 ], [ 55.3181969, 25.2510508 ], [ 55.317982, 25.251122 ], [ 55.3182953, 25.2518956 ], [ 55.3185103, 25.2518244 ] ] ], [ [ [ 55.3182527, 25.2509283 ], [ 55.31828440000001, 25.2509168 ], [ 55.3183148, 25.2509854 ], [ 55.3184717, 25.2509285 ], [ 55.3184336, 25.2508427 ], [ 55.3184956, 25.2508202 ], [ 55.3184406, 25.2506961 ], [ 55.3182097, 25.2507798 ], [ 55.3182446, 25.2508584 ], [ 55.3184135, 25.2507972 ], [ 55.3184292, 25.2508326 ], [ 55.31824060000001, 25.2509009 ], [ 55.3182527, 25.2509283 ] ] ], [ [ [ 55.318524690665363, 25.248678196162146 ], [ 55.318524690665363, 25.248633280397939 ], [ 55.318479774901157, 25.248633280397947 ], [ 55.318479774901157, 25.248678196162146 ], [ 55.318524690665363, 25.248678196162146 ] ] ], [ [ [ 55.31856960642957, 25.244950187733053 ], [ 55.318479774901157, 25.244950187733057 ], [ 55.318479774901157, 25.24499510349726 ], [ 55.318524690665363, 25.244995103497264 ], [ 55.318524690665363, 25.245040019261463 ], [ 55.31856960642957, 25.245040019261467 ], [ 55.31856960642957, 25.244950187733053 ] ] ], [ [ [ 55.318614522193769, 25.24144675812499 ], [ 55.318524690665363, 25.241446758124987 ], [ 55.318524690665363, 25.2415365896534 ], [ 55.31856960642957, 25.241536589653396 ], [ 55.31856960642957, 25.24149167388919 ], [ 55.318614522193769, 25.241491673889193 ], [ 55.318614522193769, 25.24144675812499 ] ] ], [ [ [ 55.318234061451349, 25.250030564042156 ], [ 55.3184868, 25.2499366 ], [ 55.3184248, 25.249797 ], [ 55.3183762, 25.2497641 ], [ 55.3183011, 25.2497541 ], [ 55.318137961466483, 25.249815464036121 ], [ 55.318234061451349, 25.250030564042156 ] ] ], [ [ [ 55.318389943372743, 25.247016312886533 ], [ 55.31843485913695, 25.247016312886529 ], [ 55.31843485913695, 25.247061228650733 ], [ 55.318524690665363, 25.247061228650736 ], [ 55.318524690665363, 25.246971397122323 ], [ 55.318479774901157, 25.246971397122319 ], [ 55.318479774901157, 25.246926481358116 ], [ 55.318389943372743, 25.246926481358113 ], [ 55.318389943372743, 25.247016312886533 ] ] ], [ [ [ 55.318659437957976, 25.233811078209971 ], [ 55.318659437957976, 25.233766162445772 ], [ 55.318614522193769, 25.233766162445765 ], [ 55.318614522193769, 25.233900909738384 ], [ 55.318704353722183, 25.233900909738384 ], [ 55.318704353722183, 25.233811078209971 ], [ 55.318659437957976, 25.233811078209971 ] ] ], [ [ [ 55.3185885, 25.2391895 ], [ 55.318572162434897, 25.239288764123831 ], [ 55.318615162436615, 25.239290864127021 ], [ 55.3186315, 25.2391917 ], [ 55.3185885, 25.2391895 ] ] ], [ [ [ 55.3171117, 25.2302495 ], [ 55.3167873, 25.230638 ], [ 55.3168462, 25.2310554 ], [ 55.317017, 25.2313735 ], [ 55.3174706, 25.231306 ], [ 55.3174918, 25.2314251 ], [ 55.3180966, 25.2313371 ], [ 55.318091553164059, 25.231308741592198 ], [ 55.318237002145558, 25.231401343261854 ], [ 55.31847, 25.2312707 ], [ 55.31853804166532, 25.231183253809061 ], [ 55.318633174544367, 25.231246026681593 ], [ 55.3187319, 25.2311356 ], [ 55.318626635500756, 25.231069394010898 ], [ 55.3186874, 25.2309913 ], [ 55.318676, 25.2308741 ], [ 55.318561610273498, 25.230797087933571 ], [ 55.3187398, 25.2305878 ], [ 55.3182325, 25.2302353 ], [ 55.3182042, 25.2300803 ], [ 55.317267, 25.2302206 ], [ 55.3172568, 25.2302022 ], [ 55.3171389, 25.2302169 ], [ 55.3171117, 25.2302495 ] ] ], [ [ [ 55.318659437957976, 25.233945825502587 ], [ 55.318614522193769, 25.233945825502587 ], [ 55.318614522193769, 25.233990741266801 ], [ 55.318659437957976, 25.233990741266801 ], [ 55.318659437957976, 25.233945825502587 ] ] ], [ [ [ 55.3185875, 25.2377526 ], [ 55.3182014, 25.2377266 ], [ 55.318172562537541, 25.237953464101043 ], [ 55.31855866255232, 25.237979564129702 ], [ 55.3185875, 25.2377526 ] ] ], [ [ [ 55.318150061391677, 25.250650764032638 ], [ 55.318398, 25.2506172 ], [ 55.3183458, 25.2504925 ], [ 55.318117561397258, 25.250572964030614 ], [ 55.318150061391677, 25.250650764032638 ] ] ], [ [ [ 55.3182806, 25.240335 ], [ 55.3182331, 25.2407272 ], [ 55.318078722878319, 25.240711902267101 ], [ 55.3181101, 25.2404528 ], [ 55.317890662301068, 25.240438064066964 ], [ 55.317836162258075, 25.240888164060532 ], [ 55.317919362261016, 25.240896464066694 ], [ 55.31793476732576, 25.240851084434428 ], [ 55.3184175, 25.240892 ], [ 55.3184354, 25.2407443 ], [ 55.3184099, 25.2407417 ], [ 55.3185474, 25.2396072 ], [ 55.3183869, 25.2395913 ], [ 55.3183228, 25.2401198 ], [ 55.3181397, 25.2401017 ], [ 55.318120448788058, 25.240260321298724 ], [ 55.318120448787504, 25.240144200963009 ], [ 55.318075533023304, 25.240144200963009 ], [ 55.318075533023304, 25.240234032491422 ], [ 55.318030617259097, 25.240234032491422 ], [ 55.318030617259097, 25.240323864019835 ], [ 55.318075533023304, 25.240323864019832 ], [ 55.318075533023304, 25.240278948255625 ], [ 55.318118188107, 25.240278948255959 ], [ 55.3181134, 25.2403184 ], [ 55.3182806, 25.240335 ] ] ], [ [ [ 55.3184601, 25.2434684 ], [ 55.3184936, 25.2434683 ], [ 55.3184929, 25.2433112 ], [ 55.3184594, 25.2433113 ], [ 55.3184601, 25.2434684 ] ] ], [ [ [ 55.318423962018528, 25.243837794063115 ], [ 55.318423962015558, 25.243867364088718 ], [ 55.3184829, 25.2438614 ], [ 55.3184829, 25.2437922 ], [ 55.318424298854225, 25.243797975246959 ], [ 55.3184228, 25.2437329 ], [ 55.318347162023613, 25.243740164083658 ], [ 55.318349562014333, 25.24384426408329 ], [ 55.318423962018528, 25.243837794063115 ] ] ], [ [ [ 55.3184223, 25.2430627 ], [ 55.318297862081884, 25.243069764083504 ], [ 55.318298962073285, 25.243165564083078 ], [ 55.3184234, 25.2431585 ], [ 55.3184223, 25.2430627 ] ] ], [ [ [ 55.3184234, 25.2431585 ], [ 55.3184245, 25.2432482 ], [ 55.3184858, 25.2432476 ], [ 55.3184848, 25.2431579 ], [ 55.3184234, 25.2431585 ] ] ], [ [ [ 55.318541, 25.2392269 ], [ 55.3184485, 25.2392228 ], [ 55.3184423, 25.2393374 ], [ 55.3185348, 25.2393414 ], [ 55.318541, 25.2392269 ] ] ], [ [ [ 55.318389943372743, 25.245174766554079 ], [ 55.31843485913695, 25.245174766554083 ], [ 55.31843485913695, 25.245129850789883 ], [ 55.318389943372743, 25.24512985078988 ], [ 55.318389943372743, 25.245174766554079 ] ] ], [ [ [ 55.3185137, 25.2381621 ], [ 55.3185263, 25.2380651 ], [ 55.318148762529383, 25.238032264098869 ], [ 55.318063062465768, 25.238695864088985 ], [ 55.3182857, 25.2387124 ], [ 55.3182967, 25.2386276 ], [ 55.318249542212357, 25.238622633023297 ], [ 55.3185137, 25.2381621 ] ] ], [ [ [ 55.317837461442984, 25.249928164013113 ], [ 55.317853361439688, 25.249972564014055 ], [ 55.317886014579905, 25.249961671433546 ], [ 55.317895869966478, 25.250070584852537 ], [ 55.317906671691233, 25.250070584853784 ], [ 55.318109361399699, 25.250541864030168 ], [ 55.3183438, 25.2504571 ], [ 55.318076, 25.2498345 ], [ 55.317837461442984, 25.249928164013113 ] ] ], [ [ [ 55.3184216, 25.2434352 ], [ 55.318423, 25.2433537 ], [ 55.3182034, 25.2433506 ], [ 55.318202, 25.2434321 ], [ 55.3184216, 25.2434352 ] ] ], [ [ [ 55.3181362, 25.2436473 ], [ 55.3184134, 25.2436442 ], [ 55.3184127, 25.2435956 ], [ 55.3181355, 25.2435988 ], [ 55.3181362, 25.2436473 ] ] ], [ [ [ 55.3184125, 25.2412364 ], [ 55.318305962247699, 25.241234464093758 ], [ 55.318279562222841, 25.241497164090401 ], [ 55.3183566, 25.2414924 ], [ 55.3184125, 25.2412364 ] ] ], [ [ [ 55.3184889, 25.2331284 ], [ 55.3184747, 25.2331282 ], [ 55.318439206389037, 25.233164480314088 ], [ 55.318467206389386, 25.233176380318426 ], [ 55.3185031, 25.23315 ], [ 55.3184889, 25.2331284 ] ] ], [ [ [ 55.31816536455171, 25.251013815900862 ], [ 55.318210280315917, 25.251013815900858 ], [ 55.318210280315917, 25.251058731665069 ], [ 55.318255196080123, 25.251058731665069 ], [ 55.318255196080123, 25.250968900136655 ], [ 55.318210280315917, 25.250968900136655 ], [ 55.318210280315917, 25.250923984372449 ], [ 55.31816536455171, 25.250923984372445 ], [ 55.31816536455171, 25.251013815900862 ] ] ], [ [ [ 55.31832, 25.2392002 ], [ 55.3183112, 25.2393178 ], [ 55.3183987, 25.2393232 ], [ 55.3184076, 25.2392056 ], [ 55.31832, 25.2392002 ] ] ], [ [ [ 55.318255196080123, 25.249621427210474 ], [ 55.318210280315917, 25.249621427210478 ], [ 55.318210280315917, 25.249666342974681 ], [ 55.31816536455171, 25.249666342974681 ], [ 55.31816536455171, 25.249711258738888 ], [ 55.318255196080123, 25.249711258738888 ], [ 55.318255196080123, 25.249621427210474 ] ] ], [ [ [ 55.3182554, 25.2374566 ], [ 55.3182532, 25.2374862 ], [ 55.3180788, 25.2374753 ], [ 55.3180724, 25.2375587 ], [ 55.3184162, 25.2375614 ], [ 55.3184234, 25.2374672 ], [ 55.3182554, 25.2374566 ] ] ], [ [ [ 55.3182217, 25.236958 ], [ 55.318172, 25.2369534 ], [ 55.3181171, 25.2374156 ], [ 55.31824060000001, 25.237427 ], [ 55.3182942, 25.2369543 ], [ 55.3183745, 25.2369618 ], [ 55.3184371, 25.2364098 ], [ 55.3183091, 25.2363979 ], [ 55.3182483, 25.236934 ], [ 55.3182217, 25.236958 ] ] ], [ [ [ 55.318210280315917, 25.245444261139319 ], [ 55.318255196080123, 25.245444261139319 ], [ 55.318255196080123, 25.245399345375112 ], [ 55.31830011184433, 25.245399345375116 ], [ 55.31830011184433, 25.245309513846703 ], [ 55.318255196080123, 25.245309513846706 ], [ 55.318255196080123, 25.24508493502567 ], [ 55.318210280315917, 25.245084935025673 ], [ 55.318210280315917, 25.245444261139319 ] ] ], [ [ [ 55.3183341, 25.2422949 ], [ 55.318240262149736, 25.242288764083316 ], [ 55.318226162141954, 25.242368064081838 ], [ 55.3183199, 25.2423742 ], [ 55.3183341, 25.2422949 ] ] ], [ [ [ 55.3182368, 25.2423851 ], [ 55.318217762133543, 25.242457264080752 ], [ 55.3183102, 25.2424598 ], [ 55.3183186, 25.2423936 ], [ 55.3182368, 25.2423851 ] ] ], [ [ [ 55.3175938, 25.2500906 ], [ 55.317858, 25.2499933 ], [ 55.3178193, 25.2499073 ], [ 55.316489561341484, 25.250390363910128 ], [ 55.316534361334888, 25.250485463912966 ], [ 55.3175938, 25.2500906 ] ] ], [ [ [ 55.3178174, 25.2500083 ], [ 55.317650561421736, 25.250071763998413 ], [ 55.318022461359128, 25.250948864021549 ], [ 55.31819560000001, 25.2508865 ], [ 55.3179539, 25.2501835 ], [ 55.3178174, 25.2500083 ] ] ], [ [ [ 55.3182726, 25.2438069 ], [ 55.318237862012381, 25.243811064075132 ], [ 55.318234162008672, 25.243850364074643 ], [ 55.318269, 25.2438462 ], [ 55.3182726, 25.2438069 ] ] ], [ [ [ 55.3179763, 25.2397904 ], [ 55.3179818, 25.239747 ], [ 55.3178788, 25.2397364 ], [ 55.317895249201435, 25.239605700387859 ], [ 55.31794196237098, 25.239687764074738 ], [ 55.318217562380951, 25.239712764095152 ], [ 55.3183108, 25.2396367 ], [ 55.3183193, 25.2395594 ], [ 55.3179128, 25.2395226 ], [ 55.317895335228421, 25.239590008424177 ], [ 55.3177619, 25.2395763 ], [ 55.3177358, 25.2399343 ], [ 55.3178526, 25.2399463 ], [ 55.3178625, 25.2398671 ], [ 55.3182925, 25.2399112 ], [ 55.3183092, 25.2397775 ], [ 55.3182305, 25.2397695 ], [ 55.3182251, 25.2398129 ], [ 55.3181857, 25.2398088 ], [ 55.3181908, 25.2397679 ], [ 55.3181492, 25.2397637 ], [ 55.3181437, 25.2398075 ], [ 55.3179763, 25.2397904 ] ] ], [ [ [ 55.3182861, 25.2393829 ], [ 55.3183169, 25.2393834 ], [ 55.3183179, 25.2393315 ], [ 55.3182871, 25.239331 ], [ 55.3182861, 25.2393829 ] ] ], [ [ [ 55.3181502, 25.2430659 ], [ 55.3181622, 25.2432207 ], [ 55.3182642, 25.2432211 ], [ 55.3182649, 25.2430663 ], [ 55.3181502, 25.2430659 ] ] ], [ [ [ 55.3175319, 25.2413691 ], [ 55.3175206, 25.2414719 ], [ 55.3181122, 25.2415254 ], [ 55.318089, 25.2417353 ], [ 55.318225, 25.2417476 ], [ 55.3182848, 25.2412062 ], [ 55.3173006, 25.2411172 ], [ 55.3172761, 25.2413392 ], [ 55.3174201, 25.2413522 ], [ 55.3174315, 25.2412495 ], [ 55.3181423, 25.2413138 ], [ 55.3181302, 25.2414232 ], [ 55.3175319, 25.2413691 ] ] ], [ [ [ 55.318255196080123, 25.233227173275292 ], [ 55.318255196080123, 25.233451752096318 ], [ 55.318345027608537, 25.233451752096322 ], [ 55.318345027608537, 25.233406836332115 ], [ 55.318389943372743, 25.233406836332115 ], [ 55.318389943372743, 25.233361920567908 ], [ 55.318345027608537, 25.233361920567901 ], [ 55.318345027608537, 25.233137341746879 ], [ 55.318255196080123, 25.233137341746879 ], [ 55.318255196080123, 25.233182257511089 ], [ 55.318210280315917, 25.233182257511089 ], [ 55.318210280315917, 25.233227173275296 ], [ 55.318255196080123, 25.233227173275292 ] ] ], [ [ [ 55.3182656, 25.239327 ], [ 55.3182904, 25.239327 ], [ 55.3182904, 25.2393082 ], [ 55.3182656, 25.2393082 ], [ 55.3182656, 25.239327 ] ] ], [ [ [ 55.31813818857011, 25.242029137913413 ], [ 55.3182178, 25.2420352 ], [ 55.3182545, 25.2418638 ], [ 55.3180893, 25.2418349 ], [ 55.3180437, 25.2420484 ], [ 55.3181308, 25.2420637 ], [ 55.31813818857011, 25.242029137913413 ] ] ], [ [ [ 55.3182248, 25.24376 ], [ 55.318127662011968, 25.243761464067166 ], [ 55.318121762003187, 25.243855864066237 ], [ 55.3182189, 25.2438543 ], [ 55.3182248, 25.24376 ] ] ], [ [ [ 55.3183649, 25.2323277 ], [ 55.31816100651762, 25.232361680278682 ], [ 55.31817810649617, 25.232481180280065 ], [ 55.318217306491512, 25.232524580285844 ], [ 55.3183656, 25.2324971 ], [ 55.3183649, 25.2323277 ] ] ], [ [ [ 55.3182381, 25.2420819 ], [ 55.318145062164987, 25.242072764077346 ], [ 55.318119562153576, 25.242186764074841 ], [ 55.3182127, 25.2421959 ], [ 55.3182381, 25.2420819 ] ] ], [ [ [ 55.318075533023304, 25.249711258738884 ], [ 55.318120448787504, 25.249711258738888 ], [ 55.318120448787504, 25.249621427210478 ], [ 55.318075533023304, 25.249621427210478 ], [ 55.318075533023304, 25.249711258738884 ] ] ], [ [ [ 55.317737862417523, 25.239071064062756 ], [ 55.318209762433668, 25.239124164097674 ], [ 55.3182678, 25.2387741 ], [ 55.3177908, 25.2387575 ], [ 55.317737862417523, 25.239071064062756 ] ] ], [ [ [ 55.317985701494891, 25.249396848389445 ], [ 55.318030617259097, 25.249396848389441 ], [ 55.318030617259097, 25.249441764153648 ], [ 55.318075533023304, 25.249441764153648 ], [ 55.318075533023304, 25.249396848389441 ], [ 55.318120448787504, 25.249396848389438 ], [ 55.318120448787504, 25.249351932625242 ], [ 55.317985701494891, 25.249351932625238 ], [ 55.317985701494891, 25.249396848389445 ] ] ], [ [ [ 55.3182842, 25.236412 ], [ 55.3182929, 25.2363252 ], [ 55.318210605755382, 25.236333180241878 ], [ 55.318201905737816, 25.236419880239509 ], [ 55.3182842, 25.236412 ] ] ], [ [ [ 55.31816536455171, 25.244995103497249 ], [ 55.318120448787504, 25.244995103497253 ], [ 55.318120448787504, 25.24486035620464 ], [ 55.318075533023304, 25.244860356204644 ], [ 55.318075533023304, 25.244905271968847 ], [ 55.318030617259097, 25.24490527196885 ], [ 55.318030617259097, 25.245129850789876 ], [ 55.318120448787504, 25.245129850789876 ], [ 55.318120448787504, 25.245040019261467 ], [ 55.31816536455171, 25.245040019261467 ], [ 55.31816536455171, 25.244995103497249 ] ] ], [ [ [ 55.3181722, 25.2423309 ], [ 55.3180488, 25.2423151 ], [ 55.318024962129648, 25.242405664066649 ], [ 55.318148362133698, 25.242421464075758 ], [ 55.3181722, 25.2423309 ] ] ], [ [ [ 55.3177336, 25.2392078 ], [ 55.3181986, 25.2392619 ], [ 55.3182112, 25.2391731 ], [ 55.3177462, 25.2391191 ], [ 55.3177336, 25.2392078 ] ] ], [ [ [ 55.318030617259097, 25.245174766554079 ], [ 55.318030617259097, 25.24521968231829 ], [ 55.318120448787504, 25.245219682318286 ], [ 55.318120448787504, 25.245174766554083 ], [ 55.318030617259097, 25.245174766554079 ] ] ], [ [ [ 55.3180832, 25.2474822 ], [ 55.3180832, 25.2474458 ], [ 55.318027603588682, 25.247458580087315 ], [ 55.318027603581655, 25.247494980086909 ], [ 55.3180832, 25.2474822 ] ] ], [ [ [ 55.318030617259097, 25.244635777383611 ], [ 55.318120448787504, 25.244635777383611 ], [ 55.318120448787504, 25.244545945855197 ], [ 55.318030617259097, 25.244545945855197 ], [ 55.318030617259097, 25.244635777383611 ] ] ], [ [ [ 55.3180868, 25.2465796 ], [ 55.318013403754875, 25.246591580094815 ], [ 55.318002103632445, 25.247219580085925 ], [ 55.3180756, 25.2472076 ], [ 55.3180868, 25.2465796 ] ] ], [ [ [ 55.318078, 25.2457675 ], [ 55.3180775, 25.2456897 ], [ 55.317999403925292, 25.245702780102587 ], [ 55.317999903910305, 25.245780580101787 ], [ 55.318078, 25.2457675 ] ] ], [ [ [ 55.3179576, 25.2475659 ], [ 55.3179581, 25.247663 ], [ 55.3180487, 25.2476626 ], [ 55.3180478, 25.2474997 ], [ 55.3179572, 25.2475001 ], [ 55.3179576, 25.2475659 ] ] ], [ [ [ 55.317940785730684, 25.251418057778711 ], [ 55.317985701494891, 25.251418057778711 ], [ 55.317985701494891, 25.251238394721891 ], [ 55.317940785730684, 25.251238394721891 ], [ 55.317940785730684, 25.251418057778711 ] ] ], [ [ [ 55.317466505688657, 25.236312580123222 ], [ 55.31741270558927, 25.236800680109123 ], [ 55.317952905628786, 25.236861880194745 ], [ 55.31816, 25.2366667 ], [ 55.3181792, 25.2364924 ], [ 55.3176441, 25.2363138 ], [ 55.317466505688657, 25.236312580123222 ] ] ], [ [ [ 55.3180157, 25.2425767 ], [ 55.3179941, 25.2426799 ], [ 55.3180718, 25.2426932 ], [ 55.3180935, 25.24259 ], [ 55.3180157, 25.2425767 ] ] ], [ [ [ 55.3181368, 25.2379442 ], [ 55.3181505, 25.2377879 ], [ 55.3180776, 25.2377826 ], [ 55.3180639, 25.237939 ], [ 55.3181368, 25.2379442 ] ] ], [ [ [ 55.317985701494891, 25.249531595682065 ], [ 55.317850954202271, 25.249531595682061 ], [ 55.317850954202271, 25.249666342974674 ], [ 55.317940785730684, 25.249666342974674 ], [ 55.317940785730684, 25.249711258738891 ], [ 55.317985701494891, 25.249711258738891 ], [ 55.317985701494891, 25.249531595682065 ] ] ], [ [ [ 55.318210280315917, 25.233092425982672 ], [ 55.318210280315917, 25.23300259445427 ], [ 55.318120448787504, 25.233002594454263 ], [ 55.318120448787504, 25.233137341746879 ], [ 55.31816536455171, 25.233137341746882 ], [ 55.31816536455171, 25.233092425982672 ], [ 55.318210280315917, 25.233092425982672 ] ] ], [ [ [ 55.3180195, 25.2465804 ], [ 55.3180203, 25.2465324 ], [ 55.317461003712623, 25.246538480007128 ], [ 55.317460303703271, 25.246586480006464 ], [ 55.3180195, 25.2465804 ] ] ], [ [ [ 55.3180544, 25.2380388 ], [ 55.3181312, 25.2380437 ], [ 55.3181346, 25.2380009 ], [ 55.3180578, 25.237996 ], [ 55.3180544, 25.2380388 ] ] ], [ [ [ 55.317985701494891, 25.248363785812703 ], [ 55.317985701494891, 25.2483188700485 ], [ 55.317940785730684, 25.2483188700485 ], [ 55.317940785730684, 25.24836378581271 ], [ 55.317985701494891, 25.248363785812703 ] ] ], [ [ [ 55.3180431, 25.2418868 ], [ 55.3180552, 25.2418091 ], [ 55.3180155, 25.2418041 ], [ 55.3180034, 25.2418817 ], [ 55.3180431, 25.2418868 ] ] ], [ [ [ 55.318030617259097, 25.242345073409108 ], [ 55.3180464, 25.2422262 ], [ 55.317940785730684, 25.242210326116485 ], [ 55.317940785730684, 25.242389989173315 ], [ 55.317895869966478, 25.242389989173311 ], [ 55.317895869966478, 25.242434904937522 ], [ 55.317940785730684, 25.242434904937518 ], [ 55.317940785730684, 25.242479820701721 ], [ 55.317985701494891, 25.242479820701721 ], [ 55.318030617259097, 25.242345073409108 ] ] ], [ [ [ 55.317806038438384, 25.252703226527984 ], [ 55.317761122673858, 25.252720614940689 ], [ 55.317761122673858, 25.252810446469095 ], [ 55.317850954202271, 25.252810446469098 ], [ 55.317850954202271, 25.252675699176475 ], [ 55.317895869966478, 25.252675699176475 ], [ 55.317895869966478, 25.252630783412275 ], [ 55.317806038438064, 25.252630783412272 ], [ 55.317806038438491, 25.252694023564253 ], [ 55.3177721, 25.2526168 ], [ 55.317696986309272, 25.252645484790389 ], [ 55.317734386304345, 25.252730684792308 ], [ 55.317806038438384, 25.252703226527984 ] ] ], [ [ [ 55.3179618, 25.2471987 ], [ 55.3179624, 25.2470805 ], [ 55.317343603594786, 25.247090479982138 ], [ 55.317343003571871, 25.247208779980703 ], [ 55.3179618, 25.2471987 ] ] ], [ [ [ 55.317967, 25.2467767 ], [ 55.317589, 25.2467696 ], [ 55.317566203675483, 25.246782380021184 ], [ 55.31756360365263, 25.24689938001945 ], [ 55.317941503687194, 25.246906480079772 ], [ 55.3179643, 25.2468937 ], [ 55.317967, 25.2467767 ] ] ], [ [ [ 55.318030617259097, 25.242120494588075 ], [ 55.318030617259097, 25.241985747295452 ], [ 55.317985701494891, 25.241985747295452 ], [ 55.317985701494891, 25.242120494588082 ], [ 55.318030617259097, 25.242120494588075 ] ] ], [ [ [ 55.3179508, 25.24784 ], [ 55.3179508, 25.2477896 ], [ 55.317864003506692, 25.247802380057291 ], [ 55.317864103496966, 25.247852780056736 ], [ 55.3179508, 25.24784 ] ] ], [ [ [ 55.318075533023304, 25.232149194934347 ], [ 55.318075533023304, 25.232239026462761 ], [ 55.31816536455171, 25.232239026462761 ], [ 55.31816536455171, 25.232149194934351 ], [ 55.318075533023304, 25.232149194934347 ] ] ], [ [ [ 55.3173102, 25.2473901 ], [ 55.317286503519249, 25.247453279968919 ], [ 55.3179558, 25.2474494 ], [ 55.3179566, 25.247399 ], [ 55.3173102, 25.2473901 ] ] ], [ [ [ 55.317353003685504, 25.246625679988867 ], [ 55.317352303676046, 25.246674279988216 ], [ 55.317515024425091, 25.246676068390396 ], [ 55.317514103678043, 25.246743580013291 ], [ 55.3179657, 25.2467355 ], [ 55.3179673, 25.2466194 ], [ 55.317353003685504, 25.246625679988867 ] ] ], [ [ [ 55.3179569, 25.2472406 ], [ 55.3173646, 25.2472311 ], [ 55.317341803564972, 25.247243879980115 ], [ 55.317339503542321, 25.247359979978434 ], [ 55.317931803596792, 25.247369480073012 ], [ 55.3179546, 25.2473567 ], [ 55.3179569, 25.2472406 ] ] ], [ [ [ 55.3179592, 25.247045 ], [ 55.3179605, 25.2469286 ], [ 55.317348303625138, 25.246935779984621 ], [ 55.317347003602492, 25.247052279983105 ], [ 55.3179592, 25.247045 ] ] ], [ [ [ 55.3176675, 25.2384844 ], [ 55.3180268, 25.2385147 ], [ 55.3180523, 25.2382672 ], [ 55.3176148, 25.2382303 ], [ 55.3175914, 25.238457 ], [ 55.3176696, 25.2384636 ], [ 55.3176675, 25.2384844 ] ] ], [ [ [ 55.3176943, 25.2379975 ], [ 55.317661162491461, 25.238213064061554 ], [ 55.3180227, 25.2382379 ], [ 55.3180451, 25.2380283 ], [ 55.3176943, 25.2379975 ] ] ], [ [ [ 55.3179407, 25.2455929 ], [ 55.317536543853329, 25.245588117684527 ], [ 55.317536543852832, 25.245534092667732 ], [ 55.317491628088625, 25.245534092667729 ], [ 55.317474289229722, 25.245489176907785 ], [ 55.3174823, 25.2452778 ], [ 55.3174345, 25.2452791 ], [ 55.317401796560212, 25.245489176903522 ], [ 55.317415251552973, 25.245650774756843 ], [ 55.317342403859598, 25.245719479997391 ], [ 55.317340603835724, 25.245842179995719 ], [ 55.317452303833399, 25.245909180012816 ], [ 55.317913803881645, 25.245886580086822 ], [ 55.31793660000001, 25.2458738 ], [ 55.3179407, 25.2455929 ] ] ], [ [ [ 55.317748903933222, 25.245538480064393 ], [ 55.3179359, 25.2455246 ], [ 55.3179359, 25.2453259 ], [ 55.317606103958042, 25.245339780043814 ], [ 55.317606103919651, 25.245538480041578 ], [ 55.317748903933222, 25.245538480064393 ] ] ], [ [ [ 55.31742277596922, 25.242928978356417 ], [ 55.3174227, 25.2428954 ], [ 55.3172977, 25.2428957 ], [ 55.317297773518128, 25.242928978359281 ], [ 55.317267049267592, 25.242928978343791 ], [ 55.317267049267592, 25.242973894107987 ], [ 55.317297872744611, 25.242973894109465 ], [ 55.3172983, 25.2431673 ], [ 55.3179674, 25.243166 ], [ 55.317967, 25.2430301 ], [ 55.3175992, 25.2430309 ], [ 55.317599, 25.2429393 ], [ 55.31742277596922, 25.242928978356417 ] ] ], [ [ [ 55.3179339, 25.2375728 ], [ 55.317927471841216, 25.237718749697322 ], [ 55.317895869966478, 25.23771874969589 ], [ 55.317895869966478, 25.237763665460097 ], [ 55.317850954202271, 25.237763665460097 ], [ 55.317850954202271, 25.237808581224307 ], [ 55.317912677056079, 25.237808581230176 ], [ 55.3178993, 25.2379374 ], [ 55.3180217, 25.2379477 ], [ 55.3180397, 25.2377735 ], [ 55.317940785731196, 25.237765088655554 ], [ 55.317940785730698, 25.2377195465731 ], [ 55.3180319, 25.237725 ], [ 55.3180425, 25.2375793 ], [ 55.3179339, 25.2375728 ] ] ], [ [ [ 55.317985701494891, 25.234933972315119 ], [ 55.318030617259097, 25.234933972315119 ], [ 55.318030617259097, 25.234889056550909 ], [ 55.318075533023304, 25.234889056550912 ], [ 55.318075533023304, 25.234844140786709 ], [ 55.317985701494891, 25.234844140786709 ], [ 55.317985701494891, 25.234933972315119 ] ] ], [ [ [ 55.3179247, 25.2373276 ], [ 55.3179168, 25.237398 ], [ 55.31803, 25.2374084 ], [ 55.3180379, 25.237338 ], [ 55.3179247, 25.2373276 ] ] ], [ [ [ 55.3179672, 25.2375328 ], [ 55.318029, 25.2375365 ], [ 55.3180357, 25.2374443 ], [ 55.3179739, 25.2374407 ], [ 55.3179672, 25.2375328 ] ] ], [ [ [ 55.3177771, 25.249863 ], [ 55.3178139, 25.24985 ], [ 55.3178033, 25.2498253 ], [ 55.3177665, 25.2498383 ], [ 55.3177771, 25.249863 ] ] ], [ [ [ 55.317282062081617, 25.242572864010363 ], [ 55.317811462096536, 25.242667864049338 ], [ 55.3178652, 25.2424651 ], [ 55.3176596, 25.242339 ], [ 55.3175471, 25.2423347 ], [ 55.31731366210041, 25.242379964013733 ], [ 55.317282062081617, 25.242572864010363 ] ] ], [ [ [ 55.317716206909651, 25.252765530704888 ], [ 55.317671291145444, 25.252765530704899 ], [ 55.317671291145444, 25.252855362233301 ], [ 55.317716206909651, 25.252855362233309 ], [ 55.317716206909651, 25.252765530704888 ] ] ], [ [ [ 55.317919, 25.2369645 ], [ 55.317396105563745, 25.236924680105073 ], [ 55.31734220547753, 25.237344580091722 ], [ 55.317865, 25.2373843 ], [ 55.317919, 25.2369645 ] ] ], [ [ [ 55.3165121, 25.2495467 ], [ 55.3165746, 25.2495525 ], [ 55.3165804, 25.2495008 ], [ 55.31666504798914, 25.249486679933167 ], [ 55.3166425, 25.249574899999988 ], [ 55.3167205, 25.2495912 ], [ 55.3167467, 25.2494882 ], [ 55.31672806009712, 25.249441764153651 ], [ 55.316772975861326, 25.249441764153655 ], [ 55.316772975861326, 25.249486679917858 ], [ 55.316952638918153, 25.249486679917855 ], [ 55.316960161432853, 25.249608863949341 ], [ 55.317707261455354, 25.249726964004449 ], [ 55.3177332, 25.2496417 ], [ 55.317604742587974, 25.249621427225847 ], [ 55.317671291145444, 25.249621427210474 ], [ 55.317671291145444, 25.249576511446268 ], [ 55.317716206909651, 25.249576511446275 ], [ 55.317716206909651, 25.249486679917855 ], [ 55.317311965031799, 25.249486679917855 ], [ 55.317311965031799, 25.249396848389441 ], [ 55.317222133503385, 25.249396848389441 ], [ 55.317222133503385, 25.249441764153655 ], [ 55.317177217739179, 25.249441764153651 ], [ 55.317177217739179, 25.249396848389441 ], [ 55.317042470446566, 25.249396848389445 ], [ 55.317042470446566, 25.249351932625235 ], [ 55.316952638918153, 25.249351932625238 ], [ 55.316952638918153, 25.249307016861035 ], [ 55.316907723153946, 25.249307016861032 ], [ 55.316907723153946, 25.249396848389445 ], [ 55.316817891625533, 25.249396848389441 ], [ 55.316817891625533, 25.249351932625238 ], [ 55.316638228568706, 25.249351932625238 ], [ 55.316638228568706, 25.249307016861035 ], [ 55.3165483970403, 25.249307016861035 ], [ 55.3165483970403, 25.249262101096829 ], [ 55.31641364974768, 25.249262101096825 ], [ 55.31641364974768, 25.249307016861032 ], [ 55.316323818219267, 25.249307016861028 ], [ 55.316323818219267, 25.249486679917851 ], [ 55.316361301777512, 25.249486679918796 ], [ 55.316351261412017, 25.249540363904277 ], [ 55.316415361413974, 25.249550163909014 ], [ 55.31644330000001, 25.2494517 ], [ 55.316368733983474, 25.249441764153648 ], [ 55.316458565511887, 25.249441764153651 ], [ 55.316458565511887, 25.249486679917862 ], [ 55.316503481276094, 25.249486679917855 ], [ 55.316523930117796, 25.249441764158458 ], [ 55.3165121, 25.2495467 ] ], [ [ 55.317536543852924, 25.24961065494578 ], [ 55.31732040643346, 25.249576511452457 ], [ 55.317536543852832, 25.249576511446268 ], [ 55.317536543852924, 25.24961065494578 ] ], [ [ 55.317087386210773, 25.249486679917855 ], [ 55.317087386210773, 25.249531595682061 ], [ 55.317311965031799, 25.249531595682061 ], [ 55.317311965031813, 25.249575177947136 ], [ 55.317042470447078, 25.249532605074901 ], [ 55.317042470446566, 25.249486679917855 ], [ 55.317087386210773, 25.249486679917855 ] ] ], [ [ [ 55.317311965031799, 25.238167907337957 ], [ 55.317311965031799, 25.23789841275272 ], [ 55.3178737, 25.2379392 ], [ 55.317882, 25.2378521 ], [ 55.3175331, 25.2378251 ], [ 55.3175488, 25.2376585 ], [ 55.31738, 25.2376455 ], [ 55.317356880796162, 25.237890815089035 ], [ 55.317356880796005, 25.2378085812243 ], [ 55.317267049267592, 25.237808581224307 ], [ 55.317267049267592, 25.23789841275272 ], [ 55.317222133503385, 25.23789841275272 ], [ 55.317222133503385, 25.23798824428113 ], [ 55.317177217739179, 25.23798824428113 ], [ 55.317177217739179, 25.238167907337957 ], [ 55.317222133503385, 25.238167907337953 ], [ 55.317222133503385, 25.23821282310216 ], [ 55.317267049267592, 25.238212823102163 ], [ 55.317267049267592, 25.238167907337953 ], [ 55.317311965031799, 25.238167907337957 ] ] ], [ [ [ 55.317671291145444, 25.252181625770213 ], [ 55.317671291145444, 25.252046878477604 ], [ 55.317626375381238, 25.251957046949187 ], [ 55.317401796560212, 25.25186721542077 ], [ 55.317222133503385, 25.251867215420766 ], [ 55.317035681894183, 25.251960852512465 ], [ 55.317035681873499, 25.252320178624906 ], [ 55.317080597636398, 25.252365094391099 ], [ 55.317215344932819, 25.252365094397518 ], [ 55.317619586829878, 25.252230347124595 ], [ 55.317671291145444, 25.252181625770213 ] ] ], [ [ [ 55.3178382, 25.2376839 ], [ 55.3177458, 25.2376774 ], [ 55.317731562538654, 25.23772416406937 ], [ 55.31782396254215, 25.237730764076225 ], [ 55.3178382, 25.2376839 ] ] ], [ [ [ 55.31728416119352, 25.252421663958721 ], [ 55.317207261180194, 25.252531563952413 ], [ 55.317371361160362, 25.252832163963078 ], [ 55.3175983, 25.2527488 ], [ 55.3174772, 25.2523775 ], [ 55.31728416119352, 25.252421663958721 ] ] ], [ [ [ 55.317436262285916, 25.240382664033376 ], [ 55.3177148, 25.2404022 ], [ 55.3177634, 25.2399857 ], [ 55.317361562321224, 25.239954264030061 ], [ 55.317337362301409, 25.240162164027158 ], [ 55.317436262285916, 25.240382664033376 ] ] ], [ [ [ 55.3177236, 25.2388057 ], [ 55.317596541674568, 25.238796770895028 ], [ 55.3176271, 25.2385348 ], [ 55.3173574, 25.2384758 ], [ 55.317337397953885, 25.238562156949861 ], [ 55.3172822, 25.2385569 ], [ 55.3172594, 25.2387529 ], [ 55.317522981004828, 25.238799714226381 ], [ 55.317287762420676, 25.238814664030542 ], [ 55.317255062400541, 25.239021964027021 ], [ 55.317671262414137, 25.239075764057766 ], [ 55.3177236, 25.2388057 ] ] ], [ [ [ 55.317653300000011, 25.2408433 ], [ 55.3176574, 25.2407984 ], [ 55.317581062254753, 25.240799564041978 ], [ 55.317577062250521, 25.240844464041452 ], [ 55.317653300000011, 25.2408433 ] ] ], [ [ [ 55.317671291145444, 25.232643268340617 ], [ 55.317671291145444, 25.23268818410482 ], [ 55.317626375381238, 25.23268818410482 ], [ 55.317626375381238, 25.232778015633237 ], [ 55.317761122673858, 25.23277801563324 ], [ 55.317761122673858, 25.232688184104823 ], [ 55.317716206909651, 25.23268818410482 ], [ 55.317716206909651, 25.232643268340617 ], [ 55.317671291145444, 25.232643268340617 ] ] ], [ [ [ 55.3172444, 25.2391847 ], [ 55.3176586, 25.2392274 ], [ 55.31767, 25.2391364 ], [ 55.3172559, 25.2390937 ], [ 55.3172444, 25.2391847 ] ] ], [ [ [ 55.3174611, 25.2438083 ], [ 55.317395461974762, 25.243813764012287 ], [ 55.317394961970969, 25.243855564012033 ], [ 55.3174606, 25.2438501 ], [ 55.3174611, 25.2438083 ] ] ], [ [ [ 55.3174611, 25.2438083 ], [ 55.317527064548713, 25.243808975076334 ], [ 55.317527461976113, 25.243863764021867 ], [ 55.3175851, 25.2438575 ], [ 55.3175844, 25.243761 ], [ 55.317530001915593, 25.243765447610361 ], [ 55.3175317, 25.2436181 ], [ 55.3174633, 25.2436174 ], [ 55.3174611, 25.2438083 ] ] ], [ [ [ 55.3176431, 25.2379509 ], [ 55.3173479, 25.2379309 ], [ 55.317325962489271, 25.238072464037291 ], [ 55.317621262500559, 25.238092564059215 ], [ 55.3176431, 25.2379509 ] ] ], [ [ [ 55.317311965031799, 25.249980753324127 ], [ 55.3171414, 25.2500028 ], [ 55.3171486, 25.2500973 ], [ 55.3172792, 25.2500892 ], [ 55.317274426777416, 25.250025669089265 ], [ 55.317311965031799, 25.250025669088327 ], [ 55.317311965031799, 25.250070584852537 ], [ 55.317356880796005, 25.250070584852537 ], [ 55.317356880796005, 25.250025669088327 ], [ 55.317401796560212, 25.250025669088327 ], [ 55.317401796560212, 25.249980753324127 ], [ 55.317446712324418, 25.249980753324127 ], [ 55.317446712324418, 25.249935837559921 ], [ 55.317311965031799, 25.249935837559921 ], [ 55.317311965031799, 25.249980753324127 ] ] ], [ [ [ 55.3175341, 25.2381988 ], [ 55.317441662481158, 25.23821936404515 ], [ 55.317422862460205, 25.238442564042575 ], [ 55.317487162458903, 25.238488664047125 ], [ 55.3175716, 25.2384584 ], [ 55.3175931, 25.2382243 ], [ 55.3175341, 25.2381988 ] ] ], [ [ [ 55.317654906911258, 25.230073980223619 ], [ 55.3177056, 25.2300191 ], [ 55.3176675, 25.2299869 ], [ 55.317602006916069, 25.230022980215736 ], [ 55.317604806909642, 25.230057680215786 ], [ 55.317654906911258, 25.230073980223619 ] ] ], [ [ [ 55.317356880796005, 25.232328857991178 ], [ 55.317401796560212, 25.232328857991174 ], [ 55.317401796560212, 25.232373773755381 ], [ 55.317671291145444, 25.232373773755377 ], [ 55.317671291145444, 25.232194110698554 ], [ 55.317626375381238, 25.232194110698554 ], [ 55.317626375381238, 25.232149194934351 ], [ 55.317491628088625, 25.232149194934347 ], [ 55.317491628088625, 25.232194110698551 ], [ 55.317401796560212, 25.232194110698554 ], [ 55.317401796560212, 25.232239026462761 ], [ 55.317356880796005, 25.232239026462761 ], [ 55.317356880796005, 25.232328857991178 ] ] ], [ [ [ 55.317421744173643, 25.246785626876271 ], [ 55.317420103648949, 25.246847879997095 ], [ 55.317448203651502, 25.246848480001578 ], [ 55.3174729, 25.2467636 ], [ 55.317386503661695, 25.246765379992649 ], [ 55.31738650365665, 25.246791479992361 ], [ 55.317421744173643, 25.246785626876271 ] ] ], [ [ [ 55.3174035, 25.2497122 ], [ 55.3170894, 25.2496537 ], [ 55.317062361426331, 25.249731463956326 ], [ 55.317376461434982, 25.249790063979443 ], [ 55.3174035, 25.2497122 ] ] ], [ [ [ 55.317444462000758, 25.243549564017329 ], [ 55.3174538, 25.2434854 ], [ 55.317252561997165, 25.243494964003311 ], [ 55.317253861991986, 25.243553164003092 ], [ 55.317444462000758, 25.243549564017329 ] ] ], [ [ [ 55.3173631, 25.247702 ], [ 55.3173627, 25.2476628 ], [ 55.3172911, 25.2476634 ], [ 55.3172915, 25.2477025 ], [ 55.3173631, 25.247702 ] ] ], [ [ [ 55.317305595782862, 25.230008144059497 ], [ 55.317320895775737, 25.230119544059921 ], [ 55.3175925, 25.2300518 ], [ 55.3175725, 25.2299073 ], [ 55.317347595789215, 25.229936344062168 ], [ 55.317305595782862, 25.230008144059497 ] ] ], [ [ [ 55.3173174, 25.2478635 ], [ 55.317315, 25.2477648 ], [ 55.317264, 25.2477658 ], [ 55.3172665, 25.2478645 ], [ 55.3173174, 25.2478635 ] ] ], [ [ [ 55.3173691, 25.2381685 ], [ 55.31729546247611, 25.238203564034333 ], [ 55.31726996245375, 25.238438964031197 ], [ 55.317326262452859, 25.238476564035185 ], [ 55.3174053, 25.2384402 ], [ 55.3174295, 25.2382073 ], [ 55.3173691, 25.2381685 ] ] ], [ [ [ 55.3172766, 25.243643 ], [ 55.317231061979371, 25.243681764000719 ], [ 55.3173035619769, 25.243744864005802 ], [ 55.317349, 25.2437062 ], [ 55.3172766, 25.243643 ] ] ], [ [ [ 55.317222133503385, 25.252451120355449 ], [ 55.317222133503385, 25.252406204591249 ], [ 55.317171543706856, 25.252409385364679 ], [ 55.317171543704696, 25.252454301128754 ], [ 55.317222133503385, 25.252451120355449 ] ] ], [ [ [ 55.3172598, 25.2479387 ], [ 55.3171474, 25.2479383 ], [ 55.317147, 25.2480274 ], [ 55.3172595, 25.2480278 ], [ 55.3172598, 25.2479387 ] ] ], [ [ [ 55.3172727, 25.2466052 ], [ 55.3170318, 25.2465998 ], [ 55.317007703645722, 25.246661679933283 ], [ 55.317248603667579, 25.246667079971719 ], [ 55.3172727, 25.2466052 ] ] ], [ [ [ 55.316608934564478, 25.246726099807727 ], [ 55.3167527, 25.2467253 ], [ 55.316752578632446, 25.24670575981434 ], [ 55.316781306167506, 25.246700107168 ], [ 55.31675890355563, 25.24700547988963 ], [ 55.3172656, 25.246998 ], [ 55.3172695, 25.2467029 ], [ 55.316787099612071, 25.246697716117311 ], [ 55.3169582, 25.2466271 ], [ 55.3169572, 25.246469 ], [ 55.316751, 25.2464701 ], [ 55.316728577280571, 25.246538427066948 ], [ 55.3166077, 25.2465391 ], [ 55.3165474, 25.2464958 ], [ 55.3164054, 25.2465017 ], [ 55.3164056, 25.2465347 ], [ 55.316439072609981, 25.246534521640548 ], [ 55.316440903563141, 25.24681017984101 ], [ 55.316586603577143, 25.246809379864303 ], [ 55.316608934564478, 25.246726099807727 ] ] ], [ [ [ 55.317006203663666, 25.246568079934089 ], [ 55.317241503685722, 25.246569679971682 ], [ 55.31726470000001, 25.2465102 ], [ 55.317173900134428, 25.2465095828831 ], [ 55.3171742, 25.2464714 ], [ 55.3170152, 25.2464704 ], [ 55.316992403678753, 25.246483179932849 ], [ 55.317006203663666, 25.246568079934089 ] ] ], [ [ [ 55.317325862241354, 25.240822664022826 ], [ 55.3173441, 25.2407476 ], [ 55.3171722, 25.2407321 ], [ 55.3172371, 25.2401416 ], [ 55.317023, 25.2401223 ], [ 55.316978762260966, 25.240434263998985 ], [ 55.317122646716278, 25.240447167273867 ], [ 55.3171088, 25.2405734 ], [ 55.317025012928006, 25.24056590036523 ], [ 55.317042470446566, 25.240503527076658 ], [ 55.316902758871002, 25.240506310273261 ], [ 55.316902758867229, 25.240596141801454 ], [ 55.316968875172684, 25.240594200639272 ], [ 55.3169568, 25.2407493 ], [ 55.3169856, 25.2407827 ], [ 55.317325862241354, 25.240822664022826 ] ] ], [ [ [ 55.3169291, 25.2414272 ], [ 55.316852062162447, 25.241464763984126 ], [ 55.316660662069225, 25.242404663964894 ], [ 55.316687362065871, 25.242454963966615 ], [ 55.317095162078019, 25.242520863996695 ], [ 55.3173242, 25.2414925 ], [ 55.3169291, 25.2414272 ] ] ], [ [ [ 55.3172712, 25.2392821 ], [ 55.3173371, 25.2392874 ], [ 55.3173425, 25.2392328 ], [ 55.3172766, 25.2392275 ], [ 55.3172712, 25.2392821 ] ] ], [ [ [ 55.3172667, 25.2436333 ], [ 55.317119, 25.2434978 ], [ 55.3170718, 25.2435399 ], [ 55.3172195, 25.2436754 ], [ 55.3172667, 25.2436333 ] ] ], [ [ [ 55.3172557, 25.2399755 ], [ 55.3172595, 25.2399259 ], [ 55.317069562311303, 25.239920564008461 ], [ 55.317065762306669, 25.239970164007921 ], [ 55.3172557, 25.2399755 ] ] ], [ [ [ 55.3172095, 25.2429055 ], [ 55.3172191, 25.2428495 ], [ 55.3171802, 25.242844 ], [ 55.317159962046162, 25.242906063999495 ], [ 55.3172095, 25.2429055 ] ] ], [ [ [ 55.317087386210773, 25.238706896508422 ], [ 55.317087386210773, 25.239021306857854 ], [ 55.317177217739179, 25.239021306857872 ], [ 55.317177217739179, 25.238931475329451 ], [ 55.317222133503385, 25.238931475329451 ], [ 55.317222133503385, 25.238661980744215 ], [ 55.317267049267592, 25.238661980744219 ], [ 55.317267049267592, 25.238482317687392 ], [ 55.317222133503385, 25.238482317687392 ], [ 55.317222133503385, 25.238392486158975 ], [ 55.317177217739179, 25.238392486158979 ], [ 55.317177217739179, 25.238482317687396 ], [ 55.317132301974972, 25.238482317687399 ], [ 55.317132301974972, 25.238706896508429 ], [ 55.317087386210773, 25.238706896508422 ] ] ], [ [ [ 55.3172338, 25.239992199999989 ], [ 55.3170337, 25.2399812 ], [ 55.317014762291763, 25.240110364003367 ], [ 55.31721486229965, 25.240121364018243 ], [ 55.3172338, 25.239992199999989 ] ] ], [ [ [ 55.3171965, 25.2411542 ], [ 55.316916, 25.2411102 ], [ 55.316872362179232, 25.241288563986561 ], [ 55.317152762187703, 25.241332564007234 ], [ 55.3171965, 25.2411542 ] ] ], [ [ [ 55.316917303798419, 25.245826979928228 ], [ 55.317128, 25.2458159 ], [ 55.3171217, 25.2456502 ], [ 55.3169419, 25.2456486 ], [ 55.316918561321451, 25.245711290061781 ], [ 55.31667040379525, 25.245721979889957 ], [ 55.316669303775292, 25.245824679888617 ], [ 55.316917303798419, 25.245826979928228 ] ] ], [ [ [ 55.317087386210773, 25.2483188700485 ], [ 55.317087386210773, 25.248139206991674 ], [ 55.317042470446566, 25.248139206991674 ], [ 55.317042470446566, 25.248318870048504 ], [ 55.317087386210773, 25.2483188700485 ] ] ], [ [ [ 55.3170982, 25.2473294 ], [ 55.3170968, 25.2472087 ], [ 55.3170305, 25.2472093 ], [ 55.317021161640554, 25.247335963965845 ], [ 55.3170982, 25.2473294 ] ] ], [ [ [ 55.317042470446566, 25.248094291227478 ], [ 55.317087386210773, 25.248094291227474 ], [ 55.317087386210773, 25.248004459699061 ], [ 55.317042470446566, 25.248004459699061 ], [ 55.317042470446566, 25.248094291227478 ] ] ], [ [ [ 55.317042470446566, 25.247914628170651 ], [ 55.317087386210773, 25.247914628170648 ], [ 55.317087386210773, 25.247824796642234 ], [ 55.317042470446566, 25.247824796642238 ], [ 55.317042470446566, 25.247914628170651 ] ] ], [ [ [ 55.316782, 25.2431296 ], [ 55.3167666, 25.2431906 ], [ 55.3170332, 25.2432642 ], [ 55.317111, 25.2429034 ], [ 55.3171385, 25.2429091 ], [ 55.3171477, 25.2428728 ], [ 55.3170049, 25.2428432 ], [ 55.3169761, 25.2429572 ], [ 55.3168458, 25.2429302 ], [ 55.3168812, 25.24279 ], [ 55.3167625, 25.2427655 ], [ 55.316676, 25.2431077 ], [ 55.316782, 25.2431296 ] ] ], [ [ [ 55.316948, 25.2470669 ], [ 55.3169484, 25.2471135 ], [ 55.3170397, 25.2471129 ], [ 55.31704, 25.2471543 ], [ 55.3170867, 25.247154 ], [ 55.317086, 25.247066 ], [ 55.316948, 25.2470669 ] ] ], [ [ [ 55.3170674, 25.2478095 ], [ 55.3170573, 25.2475985 ], [ 55.317005, 25.2476005 ], [ 55.3170151, 25.2478116 ], [ 55.3170674, 25.2478095 ] ] ], [ [ [ 55.3170663, 25.2440217 ], [ 55.3170664, 25.2441375 ], [ 55.317107, 25.2441375 ], [ 55.3171069, 25.2440217 ], [ 55.3170663, 25.2440217 ] ] ], [ [ [ 55.3170335, 25.2478226 ], [ 55.3169604, 25.247824 ], [ 55.316961414911546, 25.247869712418513 ], [ 55.316862807389739, 25.247869712406441 ], [ 55.316862807389739, 25.247914628170648 ], [ 55.316952638918153, 25.247914628170651 ], [ 55.3169653, 25.2480447 ], [ 55.3170383, 25.2480434 ], [ 55.3170335, 25.2478226 ] ] ], [ [ [ 55.3168355, 25.248096 ], [ 55.316776306670562, 25.248166259762453 ], [ 55.316975706689306, 25.248215859825077 ], [ 55.3170213, 25.2481903 ], [ 55.3170349, 25.2481456 ], [ 55.3168355, 25.248096 ] ] ], [ [ [ 55.317177217739179, 25.237628918167477 ], [ 55.317177217739179, 25.237539086639071 ], [ 55.317087386210773, 25.237539086639064 ], [ 55.317087386210773, 25.237628918167481 ], [ 55.317177217739179, 25.237628918167477 ] ] ], [ [ [ 55.316789440515876, 25.252062155967199 ], [ 55.316877440508982, 25.252283555969516 ], [ 55.3169584, 25.2522562 ], [ 55.3168704, 25.2520347 ], [ 55.316789440515876, 25.252062155967199 ] ] ], [ [ [ 55.3169413, 25.2473773 ], [ 55.3169909, 25.2473755 ], [ 55.3169809, 25.2471487 ], [ 55.3169312, 25.2471505 ], [ 55.3169413, 25.2473773 ] ] ], [ [ [ 55.31698, 25.2475422 ], [ 55.316982, 25.2473971 ], [ 55.316761903478209, 25.247407579885582 ], [ 55.316760603459457, 25.247503979884282 ], [ 55.31684130979157, 25.247504876351542 ], [ 55.316840603457464, 25.247553679896516 ], [ 55.31698, 25.2475422 ] ] ], [ [ [ 55.316996, 25.2455826 ], [ 55.3169989, 25.2452878 ], [ 55.3168809, 25.2452869 ], [ 55.316858103894688, 25.245299679924717 ], [ 55.316855103837462, 25.245594379920913 ], [ 55.316996, 25.2455826 ] ] ], [ [ [ 55.3168351, 25.2495014 ], [ 55.316810061425898, 25.249612163938128 ], [ 55.316889461428616, 25.249621063944002 ], [ 55.3169145, 25.2495103 ], [ 55.3168351, 25.2495014 ] ] ], [ [ [ 55.3168324, 25.2479527 ], [ 55.3168229, 25.247602 ], [ 55.3167178, 25.2476043 ], [ 55.316722523973056, 25.247779880890754 ], [ 55.316683144332913, 25.247779880878024 ], [ 55.316683144332913, 25.247824796642242 ], [ 55.31672373242349, 25.247824796655191 ], [ 55.3167297, 25.2480466 ], [ 55.3169288, 25.2480422 ], [ 55.3169263, 25.2479507 ], [ 55.3168324, 25.2479527 ] ] ], [ [ [ 55.316952638918153, 25.23973995908516 ], [ 55.316952638918153, 25.23969504332096 ], [ 55.316907723153946, 25.239695043320957 ], [ 55.316907723153946, 25.239784874849367 ], [ 55.317042470446566, 25.239784874849367 ], [ 55.317042470446566, 25.23969504332096 ], [ 55.316997554682359, 25.23969504332096 ], [ 55.316997554682359, 25.239739959085156 ], [ 55.316952638918153, 25.23973995908516 ] ] ], [ [ [ 55.316997554682359, 25.239605211792544 ], [ 55.317042470446566, 25.239605211792544 ], [ 55.317042470446566, 25.239425548735721 ], [ 55.316997554682359, 25.239425548735724 ], [ 55.316997554682359, 25.239605211792544 ] ] ], [ [ [ 55.316997554682359, 25.238706896508425 ], [ 55.317042470446566, 25.238706896508429 ], [ 55.317042470446566, 25.238661980744219 ], [ 55.316997554682359, 25.238661980744215 ], [ 55.316997554682359, 25.238706896508425 ] ] ], [ [ [ 55.3167916, 25.2472265 ], [ 55.316794, 25.2473768 ], [ 55.3169168, 25.2473752 ], [ 55.3169145, 25.2472249 ], [ 55.3167916, 25.2472265 ] ] ], [ [ [ 55.3168936, 25.2471918 ], [ 55.316895, 25.2470953 ], [ 55.31677376165085, 25.247100063948629 ], [ 55.316772361642094, 25.247196463948015 ], [ 55.3168936, 25.2471918 ] ] ], [ [ [ 55.316997554682359, 25.237045013232798 ], [ 55.316997554682359, 25.237000097468599 ], [ 55.316952638918153, 25.237000097468599 ], [ 55.316952638918153, 25.237045013232795 ], [ 55.316997554682359, 25.237045013232798 ] ] ], [ [ [ 55.316812420762297, 25.24091083614622 ], [ 55.316857336527526, 25.240910836147954 ], [ 55.316907723153946, 25.240862853190311 ], [ 55.316907723153946, 25.240728105897695 ], [ 55.316812420770631, 25.240731173089888 ], [ 55.316812420762297, 25.24091083614622 ] ] ], [ [ [ 55.316835, 25.2432985 ], [ 55.3168226, 25.2432552 ], [ 55.3167747, 25.2432664 ], [ 55.3167871, 25.2433098 ], [ 55.316835, 25.2432985 ] ] ], [ [ [ 55.316766897109368, 25.2411806715278 ], [ 55.316811812874711, 25.241180671529715 ], [ 55.316862807389739, 25.24113234777554 ], [ 55.316862807389739, 25.240997600482928 ], [ 55.316766897118619, 25.241001008471518 ], [ 55.316766897109368, 25.2411806715278 ] ] ], [ [ [ 55.3167982, 25.2455784 ], [ 55.3168011, 25.2452836 ], [ 55.3166831, 25.2452826 ], [ 55.316660303876716, 25.245295379893147 ], [ 55.316657303819468, 25.245590179889334 ], [ 55.3167982, 25.2455784 ] ] ], [ [ [ 55.3167712, 25.2472768 ], [ 55.31677, 25.2472276 ], [ 55.3167372, 25.2472283 ], [ 55.3167179, 25.2472779 ], [ 55.316716, 25.2472048 ], [ 55.3166588, 25.247206 ], [ 55.3166618, 25.2473243 ], [ 55.3167491, 25.2473225 ], [ 55.316748, 25.2472773 ], [ 55.3167712, 25.2472768 ] ] ], [ [ [ 55.316862807389739, 25.240323864019839 ], [ 55.316862807389739, 25.240278948255629 ], [ 55.316813535220646, 25.240281390650406 ], [ 55.316768619453967, 25.240326306413138 ], [ 55.316768619452304, 25.240371222177256 ], [ 55.316817891625533, 25.240368779784045 ], [ 55.316862807389739, 25.240323864019839 ] ] ], [ [ [ 55.3167597, 25.2474545 ], [ 55.3167595, 25.2473589 ], [ 55.31668470347779, 25.247371779873642 ], [ 55.316685003459348, 25.24746737987261 ], [ 55.3167597, 25.2474545 ] ] ], [ [ [ 55.316907723153946, 25.23641619253392 ], [ 55.316862807389739, 25.236416192533916 ], [ 55.316862807389739, 25.236371276769713 ], [ 55.31672806009712, 25.236371276769713 ], [ 55.31672806009712, 25.236461108298126 ], [ 55.316772975861326, 25.236461108298126 ], [ 55.316772975861326, 25.23641619253392 ], [ 55.316817891625533, 25.236416192533923 ], [ 55.316817891625533, 25.236461108298126 ], [ 55.316907723153946, 25.236461108298126 ], [ 55.316907723153946, 25.23641619253392 ] ] ], [ [ [ 55.3167522, 25.2470637 ], [ 55.316657, 25.2470637 ], [ 55.316634203522419, 25.247115979868461 ], [ 55.316729403531475, 25.247115979883674 ], [ 55.3167522, 25.2470637 ] ] ], [ [ [ 55.316672561568595, 25.247962363936551 ], [ 55.316672561566278, 25.247988063936415 ], [ 55.3167115, 25.2479821 ], [ 55.3167115, 25.2479564 ], [ 55.316672561568595, 25.247962363936551 ] ] ], [ [ [ 55.3165483970403, 25.249801090267297 ], [ 55.316683144332913, 25.249801090267301 ], [ 55.316683144332913, 25.249756174503094 ], [ 55.3165483970403, 25.249756174503098 ], [ 55.3165483970403, 25.249801090267297 ] ] ], [ [ [ 55.3167079, 25.2475243 ], [ 55.316658603443308, 25.247537379867602 ], [ 55.316659286416105, 25.247588993845536 ], [ 55.3166086, 25.2475909 ], [ 55.3166054, 25.2475194 ], [ 55.316529503431674, 25.247534079847007 ], [ 55.3165626, 25.2477515 ], [ 55.3165391, 25.2477523 ], [ 55.3165447, 25.2478772 ], [ 55.31667980000001, 25.2478722 ], [ 55.316667165457446, 25.247590161196818 ], [ 55.3167086, 25.2475771 ], [ 55.3167079, 25.2475243 ] ] ], [ [ [ 55.3167467, 25.2432594 ], [ 55.3167069, 25.2432603 ], [ 55.3167077, 25.2432865 ], [ 55.3167475, 25.2432855 ], [ 55.3167467, 25.2432594 ] ] ], [ [ [ 55.31672806009712, 25.244411198562588 ], [ 55.316683144332913, 25.244411198562585 ], [ 55.316683144332913, 25.244501030090998 ], [ 55.31672806009712, 25.244501030090994 ], [ 55.31672806009712, 25.244411198562588 ] ] ], [ [ [ 55.3168141, 25.2358947 ], [ 55.3168206, 25.235829 ], [ 55.316728505710522, 25.235836280010666 ], [ 55.316722005697244, 25.235901880008896 ], [ 55.3168141, 25.2358947 ] ] ], [ [ [ 55.3167222, 25.2427666 ], [ 55.316670062037232, 25.242764063963698 ], [ 55.316651662029798, 25.242837463961944 ], [ 55.3167039, 25.24284 ], [ 55.3167222, 25.2427666 ] ] ], [ [ [ 55.3168135, 25.2361253 ], [ 55.316754184401887, 25.236127918338312 ], [ 55.3167611, 25.2360699 ], [ 55.316530205648, 25.236062479976436 ], [ 55.316501805599138, 25.236301479969207 ], [ 55.3167926, 25.2363117 ], [ 55.3167986, 25.2362158 ], [ 55.316743145781743, 25.236220526581072 ], [ 55.3168102, 25.236189 ], [ 55.3168135, 25.2361253 ] ] ], [ [ [ 55.316618920807386, 25.235918577382392 ], [ 55.316517605675656, 25.235913079976118 ], [ 55.316510805661586, 25.23598257997423 ], [ 55.316798, 25.2359912 ], [ 55.3168031, 25.2359239 ], [ 55.316618920807386, 25.235918577382392 ] ] ], [ [ [ 55.3165839, 25.2475127 ], [ 55.3166405, 25.2475114 ], [ 55.3166344, 25.2472953 ], [ 55.3165779, 25.2472966 ], [ 55.3165839, 25.2475127 ] ] ], [ [ [ 55.3166299, 25.2470525 ], [ 55.316568703526414, 25.247063079858577 ], [ 55.3165786, 25.2472338 ], [ 55.316635, 25.2472371 ], [ 55.3166299, 25.2470525 ] ] ], [ [ [ 55.316772975861326, 25.237314507818038 ], [ 55.316683144332913, 25.237314507818041 ], [ 55.316683144332913, 25.237449255110661 ], [ 55.31672806009712, 25.237449255110661 ], [ 55.31672806009712, 25.237359423582248 ], [ 55.316772975861326, 25.237359423582248 ], [ 55.316772975861326, 25.237314507818038 ] ] ], [ [ [ 55.316772975861326, 25.233676330917358 ], [ 55.316772975861326, 25.233766162445765 ], [ 55.316817891625533, 25.233766162445768 ], [ 55.316817891625533, 25.233676330917358 ], [ 55.316772975861326, 25.233676330917358 ] ] ], [ [ [ 55.3166699, 25.2432744 ], [ 55.3166865, 25.2432098 ], [ 55.316556461993727, 25.243190663952987 ], [ 55.316539861987167, 25.243255263951408 ], [ 55.3166699, 25.2432744 ] ] ], [ [ [ 55.31672806009712, 25.237673833931687 ], [ 55.316638228568706, 25.237673833931687 ], [ 55.316638228568706, 25.237718749695894 ], [ 55.316593312804507, 25.237718749695894 ], [ 55.316593312804507, 25.2378085812243 ], [ 55.31672806009712, 25.237808581224307 ], [ 55.31672806009712, 25.237673833931687 ] ] ], [ [ [ 55.316407671687038, 25.25326295524863 ], [ 55.316407671680203, 25.253397702540845 ], [ 55.316503481276094, 25.253394351403774 ], [ 55.316503481276094, 25.253259604111161 ], [ 55.316407671687038, 25.25326295524863 ] ] ], [ [ [ 55.3166132, 25.2452752 ], [ 55.316465203859927, 25.245286279862068 ], [ 55.316460303800753, 25.24559007985787 ], [ 55.3166083, 25.2455789 ], [ 55.3166132, 25.2452752 ] ] ], [ [ [ 55.316683144332913, 25.23973995908516 ], [ 55.316683144332913, 25.239605211792544 ], [ 55.316638228568706, 25.239605211792536 ], [ 55.316638228568706, 25.239739959085156 ], [ 55.316683144332913, 25.23973995908516 ] ] ], [ [ [ 55.316683144332913, 25.239515380264137 ], [ 55.316683144332913, 25.239470464499924 ], [ 55.316638228568706, 25.239470464499924 ], [ 55.316638228568706, 25.239515380264123 ], [ 55.316683144332913, 25.239515380264137 ] ] ], [ [ [ 55.316620951438487, 25.235885423022072 ], [ 55.3167219, 25.2358876 ], [ 55.3167287, 25.2358187 ], [ 55.316530305694918, 25.235819579979193 ], [ 55.316523505680948, 25.235888579977328 ], [ 55.316620951438487, 25.235885423022072 ] ] ], [ [ [ 55.316638228568706, 25.242210326116485 ], [ 55.3165483970403, 25.242210326116489 ], [ 55.3165483970403, 25.242300157644902 ], [ 55.316593312804507, 25.242300157644902 ], [ 55.316593312804507, 25.242255241880695 ], [ 55.316638228568706, 25.242255241880695 ], [ 55.316638228568706, 25.242210326116485 ] ] ], [ [ [ 55.3166432, 25.2370832 ], [ 55.3166976, 25.2371055 ], [ 55.3167087, 25.2370075 ], [ 55.3166396, 25.2370306 ], [ 55.3166432, 25.2370832 ] ] ], [ [ [ 55.316593312804507, 25.241446758124994 ], [ 55.316638228568706, 25.24144675812499 ], [ 55.316638228568706, 25.241401842360784 ], [ 55.316593312804507, 25.24140184236078 ], [ 55.316593312804507, 25.241446758124994 ] ] ], [ [ [ 55.316683144332913, 25.237853496988507 ], [ 55.316638228568706, 25.23785349698851 ], [ 55.316638228568706, 25.237898412752713 ], [ 55.316593312804507, 25.237898412752717 ], [ 55.316593312804507, 25.23798824428113 ], [ 55.316683144332913, 25.237988244281134 ], [ 55.316683144332913, 25.237853496988507 ] ] ], [ [ [ 55.316583162514156, 25.23743096398529 ], [ 55.316558862496521, 25.237614563982508 ], [ 55.316641862499388, 25.237623563988649 ], [ 55.3166768, 25.237434 ], [ 55.316583162514156, 25.23743096398529 ] ] ], [ [ [ 55.316503481276094, 25.249801090267301 ], [ 55.316503481276094, 25.249756174503094 ], [ 55.31641364974768, 25.249756174503091 ], [ 55.31641364974768, 25.249801090267301 ], [ 55.316503481276094, 25.249801090267301 ] ] ], [ [ [ 55.3165483970403, 25.236461108298123 ], [ 55.316683144332913, 25.236461108298126 ], [ 55.316683144332913, 25.236416192533916 ], [ 55.3165483970403, 25.236416192533916 ], [ 55.3165483970403, 25.236461108298123 ] ] ], [ [ [ 55.3167133, 25.2336345 ], [ 55.3167073, 25.2334604 ], [ 55.3166221, 25.2333713 ], [ 55.316528906150381, 25.233460480005558 ], [ 55.316526371673838, 25.233532474032721 ], [ 55.3164898, 25.2334316 ], [ 55.3162965, 25.2333238 ], [ 55.3155314, 25.2334466 ], [ 55.315508606053669, 25.233459379842571 ], [ 55.315496305920142, 25.234144779832871 ], [ 55.316286105992155, 25.234160379958876 ], [ 55.3166292, 25.2338161 ], [ 55.316617162999151, 25.233782899039049 ], [ 55.3166731, 25.2337485 ], [ 55.3167133, 25.2336345 ] ] ], [ [ [ 55.3165189, 25.2430656 ], [ 55.3165848, 25.2427623 ], [ 55.316503, 25.2427477 ], [ 55.31642463965705, 25.243058029534836 ], [ 55.3165189, 25.2430656 ] ] ], [ [ [ 55.3162975, 25.2472931 ], [ 55.316253103431215, 25.24740047980433 ], [ 55.3164829, 25.2474264 ], [ 55.3165045, 25.2473318 ], [ 55.3162975, 25.2472931 ] ] ], [ [ [ 55.316329729984325, 25.232904547969831 ], [ 55.31632502988694, 25.233217447962989 ], [ 55.316591629927558, 25.23321714803113 ], [ 55.3166963, 25.2331583 ], [ 55.3166801, 25.232952 ], [ 55.3165556, 25.2328679 ], [ 55.316329729984325, 25.232904547969831 ] ] ], [ [ [ 55.315772, 25.2474808 ], [ 55.3156774, 25.2475015 ], [ 55.3155503, 25.2474832 ], [ 55.3155404, 25.2475465 ], [ 55.3154717, 25.2474836 ], [ 55.3150943, 25.247411 ], [ 55.3151132, 25.2473307 ], [ 55.3151774, 25.2473459 ], [ 55.3151912, 25.2472768 ], [ 55.3151483, 25.2472693 ], [ 55.3151611, 25.2472003 ], [ 55.3150256, 25.2471713 ], [ 55.3149633, 25.2472616 ], [ 55.3149938, 25.2473355 ], [ 55.3149547, 25.247328 ], [ 55.3149186, 25.2473864 ], [ 55.3149254, 25.2474232 ], [ 55.3150049, 25.2474382 ], [ 55.3149998, 25.2474601 ], [ 55.3149612, 25.2474528 ], [ 55.3149475, 25.247512 ], [ 55.3149819, 25.247539 ], [ 55.3154355, 25.2476169 ], [ 55.3155042, 25.2475897 ], [ 55.3155281, 25.2475946 ], [ 55.3155181, 25.2476435 ], [ 55.3155701, 25.2476486 ], [ 55.3155993, 25.2475237 ], [ 55.3159671, 25.2475046 ], [ 55.3159173, 25.2477303 ], [ 55.3164198, 25.2478168 ], [ 55.3164554, 25.2475968 ], [ 55.3164102, 25.2475874 ], [ 55.316429, 25.2474847 ], [ 55.3161699, 25.2474443 ], [ 55.316184, 25.2473834 ], [ 55.3161542, 25.2473789 ], [ 55.316230582416196, 25.247206282218976 ], [ 55.3163257, 25.2472062 ], [ 55.3163411, 25.2471346 ], [ 55.316249653818112, 25.24711728244743 ], [ 55.316342903491311, 25.247133679821694 ], [ 55.3164619, 25.2471134 ], [ 55.3164988, 25.2469412 ], [ 55.3164647, 25.246846 ], [ 55.316029078378115, 25.246777130273927 ], [ 55.3160436, 25.2467568 ], [ 55.3158074, 25.2466192 ], [ 55.3157819, 25.246655 ], [ 55.316015098685291, 25.246790752837519 ], [ 55.315995360374671, 25.246883105576902 ], [ 55.315824703441969, 25.24713407973886 ], [ 55.315786203403562, 25.24731387973068 ], [ 55.316066424033941, 25.247380286114591 ], [ 55.3160577, 25.2474187 ], [ 55.3159919, 25.2474086 ], [ 55.3159787, 25.2474762 ], [ 55.315772, 25.2474808 ] ] ], [ [ [ 55.316472905287256, 25.247248319750124 ], [ 55.3164864, 25.2471952 ], [ 55.316442103486558, 25.247207079836716 ], [ 55.316440270727824, 25.247242818498407 ], [ 55.316419551267444, 25.247239325787053 ], [ 55.316436625560407, 25.247191096651861 ], [ 55.316488, 25.2471793 ], [ 55.3164452, 25.2471599 ], [ 55.316396503483354, 25.247201179829503 ], [ 55.316380403465367, 25.247286379825965 ], [ 55.316450303469736, 25.247298179837006 ], [ 55.316472905287256, 25.247248319750124 ] ] ], [ [ [ 55.316503481276094, 25.241716252710223 ], [ 55.316503481276094, 25.241761168474433 ], [ 55.3165483970403, 25.241761168474429 ], [ 55.3165483970403, 25.241716252710219 ], [ 55.316503481276094, 25.241716252710223 ] ] ], [ [ [ 55.316498719608923, 25.240506196659911 ], [ 55.316498719607111, 25.240551112424011 ], [ 55.3165483970403, 25.240548442840868 ], [ 55.3165483970403, 25.240503527076655 ], [ 55.316498719608923, 25.240506196659911 ] ] ], [ [ [ 55.3164329, 25.2382597 ], [ 55.316565, 25.2382761 ], [ 55.3165729, 25.2382242 ], [ 55.3164408, 25.2382078 ], [ 55.3164329, 25.2382597 ] ] ], [ [ [ 55.3161663, 25.2382966 ], [ 55.316112462396127, 25.238508763944512 ], [ 55.3164867, 25.2385514 ], [ 55.3165574, 25.2383035 ], [ 55.3161663, 25.2382966 ] ] ], [ [ [ 55.316458565511887, 25.241940831531252 ], [ 55.316458565511887, 25.242030663059666 ], [ 55.316503481276094, 25.242030663059662 ], [ 55.316503481276094, 25.241940831531256 ], [ 55.316458565511887, 25.241940831531252 ] ] ], [ [ [ 55.316484, 25.2328167 ], [ 55.3166314, 25.2326347 ], [ 55.3163584, 25.2324692 ], [ 55.3158255, 25.2325671 ], [ 55.315789030000097, 25.232587547837344 ], [ 55.315737829940311, 25.232755847821217 ], [ 55.315833929933575, 25.232824947844531 ], [ 55.316303929999819, 25.232841747964372 ], [ 55.316484, 25.2328167 ] ] ], [ [ [ 55.316368733983474, 25.244635777383611 ], [ 55.316368733983474, 25.244680693147817 ], [ 55.316458565511887, 25.244680693147824 ], [ 55.316458565511887, 25.244635777383614 ], [ 55.316368733983474, 25.244635777383611 ] ] ], [ [ [ 55.316593312804507, 25.231520374235465 ], [ 55.316638228568706, 25.231520374235469 ], [ 55.316638228568706, 25.231475458471262 ], [ 55.316593312804507, 25.231475458471262 ], [ 55.316593312804507, 25.231520374235465 ] ] ], [ [ [ 55.3162844, 25.2466734 ], [ 55.3162166, 25.2466512 ], [ 55.3162024, 25.2467459 ], [ 55.3164109, 25.2467667 ], [ 55.3164228, 25.2466916 ], [ 55.3162844, 25.2466734 ] ] ], [ [ [ 55.31640878675551, 25.240775748041081 ], [ 55.316408786753662, 25.240820663805181 ], [ 55.316503481276094, 25.240817937426101 ], [ 55.316503481276094, 25.240683190133485 ], [ 55.316453702524328, 25.240685916514416 ], [ 55.31640878675551, 25.240775748041081 ] ] ], [ [ [ 55.3164621, 25.2430815 ], [ 55.316414239654122, 25.2430809295338 ], [ 55.316380739638916, 25.243209529530112 ], [ 55.3164286, 25.2432101 ], [ 55.3164621, 25.2430815 ] ] ], [ [ [ 55.3164194, 25.2452697 ], [ 55.316271303842555, 25.245280779831134 ], [ 55.316266403783388, 25.245584579826936 ], [ 55.3164144, 25.2455734 ], [ 55.3164194, 25.2452697 ] ] ], [ [ [ 55.3164417, 25.2385971 ], [ 55.316429362394615, 25.238681463967232 ], [ 55.3165067, 25.2386767 ], [ 55.3165084, 25.2385984 ], [ 55.3164417, 25.2385971 ] ] ], [ [ [ 55.316458565511887, 25.242075578823872 ], [ 55.31641364974768, 25.242075578823872 ], [ 55.31641364974768, 25.242165410352282 ], [ 55.316368733983474, 25.242165410352282 ], [ 55.316368733983474, 25.242210326116481 ], [ 55.316458565511887, 25.242210326116489 ], [ 55.316458565511887, 25.242075578823872 ] ] ], [ [ [ 55.316368733983474, 25.23228394222696 ], [ 55.316368733983474, 25.232373773755381 ], [ 55.316593312804507, 25.232373773755377 ], [ 55.316593312804507, 25.232283942226964 ], [ 55.316368733983474, 25.23228394222696 ] ] ], [ [ [ 55.3165483970403, 25.232014447641738 ], [ 55.316593312804507, 25.232014447641735 ], [ 55.316593312804507, 25.231969531877532 ], [ 55.3165483970403, 25.231969531877528 ], [ 55.3165483970403, 25.232014447641738 ] ] ], [ [ [ 55.3163912, 25.2387054 ], [ 55.316362762380315, 25.238807363961605 ], [ 55.316462662383373, 25.238822563968977 ], [ 55.3164911, 25.2387205 ], [ 55.3163912, 25.2387054 ] ] ], [ [ [ 55.3164767, 25.2390235 ], [ 55.3164802, 25.2389777 ], [ 55.316352062365389, 25.238967663959965 ], [ 55.316348370044118, 25.239015488256868 ], [ 55.3162962623583, 25.239018863955529 ], [ 55.3163023, 25.239178 ], [ 55.3163448, 25.2391806 ], [ 55.3164767, 25.2390235 ] ] ], [ [ [ 55.3163727, 25.246455 ], [ 55.3161593, 25.2464596 ], [ 55.3161567, 25.2464991 ], [ 55.316347903610882, 25.246517379829445 ], [ 55.3163727, 25.246455 ] ] ], [ [ [ 55.3161526, 25.2365549 ], [ 55.316117862542349, 25.236889263953429 ], [ 55.3164786, 25.2369043 ], [ 55.3165027, 25.2365759 ], [ 55.3161526, 25.2365549 ] ] ], [ [ [ 55.316311543911056, 25.23585164064059 ], [ 55.31627741523009, 25.23620069306352 ], [ 55.3159464, 25.2361822 ], [ 55.3159414, 25.2362576 ], [ 55.3164435, 25.236285 ], [ 55.3164914, 25.2357951 ], [ 55.31631842963818, 25.235794981583673 ], [ 55.316322, 25.2357555 ], [ 55.315943305654152, 25.235741879886284 ], [ 55.315934705634952, 25.235837079883837 ], [ 55.316311543911056, 25.23585164064059 ] ] ], [ [ [ 55.3162286, 25.2493959 ], [ 55.316196661408341, 25.249505063892933 ], [ 55.316265561410347, 25.249516663898014 ], [ 55.3162975, 25.2494075 ], [ 55.3162286, 25.2493959 ] ] ], [ [ [ 55.3165483970403, 25.230442395894524 ], [ 55.3165483970403, 25.230397480130318 ], [ 55.316503481276094, 25.230397480130318 ], [ 55.316503481276094, 25.230442395894524 ], [ 55.3165483970403, 25.230442395894524 ] ] ], [ [ [ 55.316278902455061, 25.243243388693223 ], [ 55.316368733983474, 25.243243388693223 ], [ 55.316368733983474, 25.24319847292902 ], [ 55.316278902455061, 25.24319847292902 ], [ 55.316278902455061, 25.243243388693223 ] ] ], [ [ [ 55.31641364974768, 25.239470464499927 ], [ 55.31641364974768, 25.239425548735721 ], [ 55.316368733983474, 25.239425548735724 ], [ 55.316368733983474, 25.239470464499927 ], [ 55.31641364974768, 25.239470464499927 ] ] ], [ [ [ 55.3162064, 25.2495252 ], [ 55.3162011, 25.2495664 ], [ 55.3162614, 25.2495728 ], [ 55.3162667, 25.2495316 ], [ 55.3162064, 25.2495252 ] ] ], [ [ [ 55.3163082, 25.2457426 ], [ 55.316254103749394, 25.245754479823045 ], [ 55.31625150373614, 25.245821779821874 ], [ 55.3163056, 25.24581 ], [ 55.3163082, 25.2457426 ] ] ], [ [ [ 55.316458565511887, 25.231295795414443 ], [ 55.316458565511887, 25.231385626942849 ], [ 55.316503481276094, 25.231385626942853 ], [ 55.316503481276094, 25.231295795414436 ], [ 55.316458565511887, 25.231295795414443 ] ] ], [ [ [ 55.3163962, 25.2380773 ], [ 55.3164013, 25.2380241 ], [ 55.3162872, 25.2380152 ], [ 55.3162821, 25.2380683 ], [ 55.3163962, 25.2380773 ] ] ], [ [ [ 55.316323818219267, 25.243467967514253 ], [ 55.316323818219267, 25.24342305175005 ], [ 55.316233986690854, 25.243423051750053 ], [ 55.316233986690854, 25.24351288327847 ], [ 55.316278902455061, 25.243512883278466 ], [ 55.316278902455061, 25.243467967514256 ], [ 55.316323818219267, 25.243467967514253 ] ] ], [ [ [ 55.3163994, 25.2364548 ], [ 55.3164197, 25.2363044 ], [ 55.31636, 25.2362978 ], [ 55.3163482, 25.236385 ], [ 55.3162278, 25.2363717 ], [ 55.3162347, 25.2363211 ], [ 55.3161742, 25.2363144 ], [ 55.3161588, 25.2364281 ], [ 55.3163994, 25.2364548 ] ] ], [ [ [ 55.3163486, 25.2399058 ], [ 55.3163559, 25.2398334 ], [ 55.3162431, 25.2398202 ], [ 55.3162358, 25.2398778 ], [ 55.3163486, 25.2399058 ] ] ], [ [ [ 55.31637, 25.2387265 ], [ 55.316306762385288, 25.238724663957864 ], [ 55.316292762377728, 25.238801663956416 ], [ 55.3163559, 25.2388036 ], [ 55.31637, 25.2387265 ] ] ], [ [ [ 55.316278902455061, 25.244366282798374 ], [ 55.316233986690854, 25.244366282798381 ], [ 55.316233986690854, 25.244411198562585 ], [ 55.316278902455061, 25.244411198562581 ], [ 55.316278902455061, 25.244366282798374 ] ] ], [ [ [ 55.316458565511887, 25.230442395894521 ], [ 55.316458565511887, 25.230397480130311 ], [ 55.316368733983474, 25.230397480130307 ], [ 55.316368733983474, 25.230442395894517 ], [ 55.316458565511887, 25.230442395894521 ] ] ], [ [ [ 55.316031103549449, 25.246679479776983 ], [ 55.3161973, 25.2466934 ], [ 55.3162344, 25.2465305 ], [ 55.316091, 25.2465038 ], [ 55.315983103574098, 25.24652827977101 ], [ 55.315959603551946, 25.24663137976609 ], [ 55.316038711308401, 25.246646075432899 ], [ 55.316031103549449, 25.246679479776983 ] ] ], [ [ [ 55.3162582, 25.2389492 ], [ 55.316246662357585, 25.239002363951926 ], [ 55.3163351, 25.2389976 ], [ 55.316336, 25.2389504 ], [ 55.3162582, 25.2389492 ] ] ], [ [ [ 55.314886513764677, 25.249486679917858 ], [ 55.31511109258571, 25.249486679917851 ], [ 55.31511109258571, 25.249441764153655 ], [ 55.315156008349909, 25.249441764153651 ], [ 55.315156008349909, 25.249396848389441 ], [ 55.315200924114116, 25.249396848389434 ], [ 55.315200924114116, 25.249351932625238 ], [ 55.315245839878322, 25.249351932625242 ], [ 55.315245839878322, 25.249307016861032 ], [ 55.315290755642529, 25.249307016861032 ], [ 55.315290755642529, 25.249351932625242 ], [ 55.315335671406736, 25.249351932625238 ], [ 55.315335671406736, 25.249396848389445 ], [ 55.315380587170942, 25.249396848389445 ], [ 55.315380587170942, 25.249351932625238 ], [ 55.315470418699356, 25.249351932625242 ], [ 55.315470418699356, 25.249307016861039 ], [ 55.315560250227769, 25.249307016861035 ], [ 55.315560250227769, 25.249351932625238 ], [ 55.315739913284588, 25.249351932625242 ], [ 55.315739913284716, 25.249372351523025 ], [ 55.3155395, 25.249389 ], [ 55.315536761382049, 25.249471963843881 ], [ 55.315634152206087, 25.249463764624135 ], [ 55.315637961383892, 25.24950136385128 ], [ 55.315793361391954, 25.249488363862937 ], [ 55.315795250404392, 25.249396848412751 ], [ 55.315912150311441, 25.249396848393776 ], [ 55.3158575, 25.2493995 ], [ 55.3158606, 25.2494521 ], [ 55.3159822, 25.2494462 ], [ 55.3159791, 25.2493936 ], [ 55.315919576341422, 25.24939648808488 ], [ 55.315919576341415, 25.249351932625238 ], [ 55.316054323634035, 25.249351932625238 ], [ 55.316024861401388, 25.249497563880162 ], [ 55.316104461404258, 25.249504963886057 ], [ 55.31612676336043, 25.249396848404729 ], [ 55.316189070926647, 25.249396848389441 ], [ 55.316189070926647, 25.249307016861035 ], [ 55.316144155162441, 25.249307016861039 ], [ 55.316144155162441, 25.249262101096829 ], [ 55.316009407869828, 25.249262101096825 ], [ 55.316009407869828, 25.249217185332622 ], [ 55.315380587170942, 25.249217185332622 ], [ 55.315380587170942, 25.249262101096829 ], [ 55.315290755642529, 25.249262101096829 ], [ 55.315290755642529, 25.249217185332622 ], [ 55.315245839878322, 25.249217185332622 ], [ 55.315245839878322, 25.249262101096829 ], [ 55.315200924114116, 25.249262101096829 ], [ 55.315200924114116, 25.249307016861035 ], [ 55.31511109258571, 25.249307016861032 ], [ 55.31511109258571, 25.249262101096825 ], [ 55.31506617682151, 25.249262101096825 ], [ 55.31506617682151, 25.249307016861032 ], [ 55.314886513764677, 25.249307016861028 ], [ 55.314886513764677, 25.249351932625242 ], [ 55.31484159800047, 25.249351932625242 ], [ 55.31484159800047, 25.249441764153651 ], [ 55.314886513764677, 25.249441764153651 ], [ 55.314886513764677, 25.249486679917858 ] ] ], [ [ [ 55.3164248, 25.2318799 ], [ 55.3164102, 25.2317904 ], [ 55.3163768, 25.231759 ], [ 55.316323818219395, 25.231766066125168 ], [ 55.316323818219267, 25.231744953056499 ], [ 55.316368733983474, 25.231744953056495 ], [ 55.316368733983474, 25.231655121528082 ], [ 55.316323818219267, 25.231655121528082 ], [ 55.316323818219267, 25.231610205763875 ], [ 55.316189070926647, 25.231610205763879 ], [ 55.316189070926647, 25.231700037292299 ], [ 55.316278902455061, 25.231700037292299 ], [ 55.316278902455387, 25.231772056478391 ], [ 55.316175044738344, 25.231791059182523 ], [ 55.31619524472665, 25.231915559183484 ], [ 55.3164248, 25.2318799 ] ] ], [ [ [ 55.3162939, 25.2406167 ], [ 55.3162864, 25.240073 ], [ 55.3160767, 25.2400585 ], [ 55.315717462207324, 25.240408863905056 ], [ 55.315685562172028, 25.240784663900701 ], [ 55.315945462150658, 25.241149563918157 ], [ 55.3161514, 25.2411572 ], [ 55.3162939, 25.2406167 ] ] ], [ [ [ 55.316197803778799, 25.245574579816086 ], [ 55.3162206, 25.2455618 ], [ 55.3162226, 25.2452634 ], [ 55.3160844, 25.2452627 ], [ 55.316061603823655, 25.245275479797684 ], [ 55.316059803765818, 25.24557387979403 ], [ 55.316197803778799, 25.245574579816086 ] ] ], [ [ [ 55.315938962274871, 25.239768563924947 ], [ 55.3161924, 25.2397825 ], [ 55.3162736, 25.2394912 ], [ 55.3162032, 25.239355 ], [ 55.3160664, 25.2393438 ], [ 55.315973862307835, 25.239420063929387 ], [ 55.315938962274871, 25.239768563924947 ] ] ], [ [ [ 55.316278902455061, 25.234170404323624 ], [ 55.316278902455061, 25.234215320087824 ], [ 55.316323818219267, 25.234215320087827 ], [ 55.316323818219267, 25.234170404323621 ], [ 55.316278902455061, 25.234170404323624 ] ] ], [ [ [ 55.316099239398241, 25.249890921795714 ], [ 55.316099239398241, 25.249801090267301 ], [ 55.316054323634035, 25.249801090267301 ], [ 55.316054323634035, 25.249890921795707 ], [ 55.316099239398241, 25.249890921795714 ] ] ], [ [ [ 55.3159072, 25.2388675 ], [ 55.315892935905978, 25.2389219437466 ], [ 55.3158054, 25.2389176 ], [ 55.3158008, 25.2389938 ], [ 55.3158934, 25.2389984 ], [ 55.315897953650357, 25.238924572734646 ], [ 55.315954973383377, 25.238927957745535 ], [ 55.315964492105621, 25.238976391093662 ], [ 55.316009407869828, 25.238976391093662 ], [ 55.31600940786992, 25.238940980072396 ], [ 55.3162362, 25.2389611 ], [ 55.3162486, 25.2388275 ], [ 55.315944, 25.2388044 ], [ 55.3159072, 25.2388675 ] ] ], [ [ [ 55.316205, 25.2412603 ], [ 55.3158693, 25.2411924 ], [ 55.31582266212768, 25.241344063907977 ], [ 55.316158362136449, 25.241411963932656 ], [ 55.316205, 25.2412603 ] ] ], [ [ [ 55.316323818219267, 25.232283942226967 ], [ 55.316278902455061, 25.232283942226974 ], [ 55.316278902455061, 25.232328857991181 ], [ 55.316233986690854, 25.232328857991178 ], [ 55.316233986690854, 25.232373773755373 ], [ 55.316323818219267, 25.232373773755373 ], [ 55.316323818219267, 25.232283942226967 ] ] ], [ [ [ 55.316099239398241, 25.244186619741551 ], [ 55.316099239398241, 25.244231535505758 ], [ 55.316144155162441, 25.244231535505762 ], [ 55.316144155162441, 25.244186619741555 ], [ 55.316099239398241, 25.244186619741551 ] ] ], [ [ [ 55.315934562038258, 25.242390963910822 ], [ 55.3160216, 25.2423472 ], [ 55.3161761, 25.2417567 ], [ 55.316138, 25.2416971 ], [ 55.3158445, 25.2416353 ], [ 55.315657162030149, 25.242344363890375 ], [ 55.315934562038258, 25.242390963910822 ] ] ], [ [ [ 55.316054323634035, 25.238257738866363 ], [ 55.316144155162441, 25.238257738866363 ], [ 55.316144155162441, 25.238212823102163 ], [ 55.316054323634035, 25.23821282310216 ], [ 55.316054323634035, 25.238257738866363 ] ] ], [ [ [ 55.316144155162441, 25.232373773755381 ], [ 55.316189070926647, 25.232373773755377 ], [ 55.316189070926647, 25.232328857991181 ], [ 55.316144155162441, 25.232328857991174 ], [ 55.316144155162441, 25.232373773755381 ] ] ], [ [ [ 55.3161342, 25.2363169 ], [ 55.316079, 25.2363137 ], [ 55.3160709, 25.2364277 ], [ 55.3161262, 25.2364309 ], [ 55.3161342, 25.2363169 ] ] ], [ [ [ 55.3159355, 25.2502547 ], [ 55.3159147, 25.2502032 ], [ 55.315855061328222, 25.250225263863666 ], [ 55.315875861324493, 25.25027686386494 ], [ 55.3159355, 25.2502547 ] ] ], [ [ [ 55.316144155162441, 25.230801722008174 ], [ 55.316144155162441, 25.230846637772373 ], [ 55.316189070926647, 25.230846637772373 ], [ 55.316189070926647, 25.23080172200817 ], [ 55.316144155162441, 25.230801722008174 ] ] ], [ [ [ 55.3160743, 25.2390404 ], [ 55.3160153, 25.2390343 ], [ 55.3160065, 25.2391038 ], [ 55.3160655, 25.2391099 ], [ 55.3160743, 25.2390404 ] ] ], [ [ [ 55.316144506377007, 25.232097779959513 ], [ 55.3161673, 25.232085 ], [ 55.3161443, 25.2319677 ], [ 55.316051406388659, 25.231991679945839 ], [ 55.316074406368173, 25.232109079948184 ], [ 55.316144506377007, 25.232097779959513 ] ] ], [ [ [ 55.315919576341415, 25.24477052467623 ], [ 55.315919576341415, 25.244815440440433 ], [ 55.315964492105621, 25.244815440440433 ], [ 55.315964492105621, 25.244770524676227 ], [ 55.315919576341415, 25.24477052467623 ] ] ], [ [ [ 55.315749861308504, 25.250392163854933 ], [ 55.3158856, 25.2503454 ], [ 55.315855, 25.2502687 ], [ 55.315719261314058, 25.250315563853054 ], [ 55.315749861308504, 25.250392163854933 ] ] ], [ [ [ 55.3158825, 25.2464788 ], [ 55.3159281, 25.2464791 ], [ 55.3159284, 25.2464412 ], [ 55.3158828, 25.2464409 ], [ 55.3158825, 25.2464788 ] ] ], [ [ [ 55.3158381, 25.2431219 ], [ 55.3159735, 25.2425334 ], [ 55.3156567, 25.2424738 ], [ 55.315510661958385, 25.243068263875642 ], [ 55.3158381, 25.2431219 ] ] ], [ [ [ 55.315990396136037, 25.236371276775323 ], [ 55.3159851, 25.2364265 ], [ 55.3160468, 25.2364314 ], [ 55.316054323634035, 25.2362814452413 ], [ 55.315964492105621, 25.2362814452413 ], [ 55.315964492105621, 25.236371276769709 ], [ 55.315990396136037, 25.236371276775323 ] ] ], [ [ [ 55.31602, 25.2381779 ], [ 55.3160253, 25.2381235 ], [ 55.3159442, 25.2381171 ], [ 55.3159375, 25.2381713 ], [ 55.31602, 25.2381779 ] ] ], [ [ [ 55.316054323634035, 25.232328857991178 ], [ 55.316054323634035, 25.232418689519584 ], [ 55.316099239398241, 25.232418689519584 ], [ 55.316099239398241, 25.23232885799117 ], [ 55.316054323634035, 25.232328857991178 ] ] ], [ [ [ 55.316018605797517, 25.235036679906266 ], [ 55.316041, 25.2349733 ], [ 55.315942305799958, 25.234986479894634 ], [ 55.315942705790192, 25.235037179894132 ], [ 55.316018605797517, 25.235036679906266 ] ] ], [ [ [ 55.316054323634035, 25.231385626942846 ], [ 55.315964492105621, 25.231385626942849 ], [ 55.315964492105621, 25.231430542707052 ], [ 55.316009407869828, 25.231430542707052 ], [ 55.316009407869828, 25.231475458471259 ], [ 55.316054323634035, 25.231475458471255 ], [ 55.316054323634035, 25.231385626942846 ] ] ], [ [ [ 55.3160412, 25.2323407 ], [ 55.3160325, 25.232286 ], [ 55.315932606316117, 25.232308879923281 ], [ 55.315941406306415, 25.232363479924071 ], [ 55.3160412, 25.2323407 ] ] ], [ [ [ 55.315827306397146, 25.231837479911771 ], [ 55.315850406375489, 25.231960979914074 ], [ 55.315979006391515, 25.231941279934837 ], [ 55.3160416, 25.2318909 ], [ 55.316029, 25.2318236 ], [ 55.3159334, 25.2318119 ], [ 55.315827306397146, 25.231837479911771 ] ] ], [ [ [ 55.315784829048795, 25.236640771354949 ], [ 55.315874660577208, 25.236640771354949 ], [ 55.315874660577208, 25.236730602883362 ], [ 55.315964492105621, 25.236730602883359 ], [ 55.315964492105621, 25.236685687119156 ], [ 55.315919576341415, 25.236685687119156 ], [ 55.315919576341415, 25.236595855590739 ], [ 55.315784829048795, 25.236595855590739 ], [ 55.315784829048795, 25.236640771354949 ] ] ], [ [ [ 55.3157806, 25.249557 ], [ 55.3157786, 25.2495134 ], [ 55.315707261385128, 25.249521663856346 ], [ 55.315709261381286, 25.249565263856265 ], [ 55.3157806, 25.249557 ] ] ], [ [ [ 55.315653962144516, 25.241074263896827 ], [ 55.315592462130674, 25.241197563891586 ], [ 55.31559466212147, 25.241300763891207 ], [ 55.315802662126529, 25.241346963906473 ], [ 55.3158747, 25.2411149 ], [ 55.315653962144516, 25.241074263896827 ] ] ], [ [ [ 55.3159361, 25.2363296 ], [ 55.315869162581663, 25.236330763937829 ], [ 55.315855762569605, 25.236457963936179 ], [ 55.3159227, 25.2364568 ], [ 55.3159361, 25.2363296 ] ] ], [ [ [ 55.315848438065416, 25.234812409388816 ], [ 55.315846905816514, 25.234853779880886 ], [ 55.3159549, 25.2348436 ], [ 55.3159569, 25.2347896 ], [ 55.315800382329144, 25.234790911949219 ], [ 55.315798282326107, 25.234829111948905 ], [ 55.315848438065416, 25.234812409388816 ] ] ], [ [ [ 55.31505006192922, 25.243165163840775 ], [ 55.314822361839823, 25.244044563819159 ], [ 55.315123961847412, 25.244108763841322 ], [ 55.3156438, 25.2439447 ], [ 55.3156874, 25.2438824 ], [ 55.3158327, 25.2433235 ], [ 55.31505006192922, 25.243165163840775 ] ] ], [ [ [ 55.315694997520382, 25.236640771354949 ], [ 55.315650081756175, 25.236640771354949 ], [ 55.315650081756175, 25.236595855590743 ], [ 55.315560250227769, 25.236595855590739 ], [ 55.315560250227769, 25.236730602883362 ], [ 55.315605165991983, 25.236730602883362 ], [ 55.315605165991983, 25.236775518647566 ], [ 55.315694997520382, 25.236775518647569 ], [ 55.315694997520382, 25.236820434411776 ], [ 55.315784829048795, 25.236820434411772 ], [ 55.315784829048795, 25.236865350175972 ], [ 55.315829744813001, 25.236865350175982 ], [ 55.315829744813001, 25.236910265940192 ], [ 55.315919576341415, 25.236910265940185 ], [ 55.315919576341415, 25.236820434411776 ], [ 55.315874660577208, 25.236820434411772 ], [ 55.315874660577208, 25.236775518647562 ], [ 55.315829744813001, 25.236775518647562 ], [ 55.315829744813001, 25.236730602883362 ], [ 55.315694997520382, 25.236730602883362 ], [ 55.315694997520382, 25.236640771354949 ] ] ], [ [ [ 55.315694997520382, 25.2498460060315 ], [ 55.315650081756175, 25.249846006031504 ], [ 55.315650081756175, 25.249935837559921 ], [ 55.315739913284588, 25.249935837559917 ], [ 55.315739913284588, 25.249890921795714 ], [ 55.315694997520382, 25.249890921795714 ], [ 55.315694997520382, 25.2498460060315 ] ] ], [ [ [ 55.3159631, 25.2332155 ], [ 55.3159636, 25.2329693 ], [ 55.315496729819714, 25.233027547754681 ], [ 55.31549642977253, 25.233180147751849 ], [ 55.315839829807501, 25.233235847838628 ], [ 55.3159631, 25.2332155 ] ] ], [ [ [ 55.3157514, 25.2390985 ], [ 55.3158764, 25.2391041 ], [ 55.3158808, 25.2390234 ], [ 55.3157559, 25.2390178 ], [ 55.3157514, 25.2390985 ] ] ], [ [ [ 55.3153788, 25.2357251 ], [ 55.315356005599128, 25.235737879792488 ], [ 55.315288541100408, 25.236197755954997 ], [ 55.3158715, 25.2362503 ], [ 55.3159233, 25.2357909 ], [ 55.3158727, 25.2357524 ], [ 55.315808936320146, 25.235748781405153 ], [ 55.3158153, 25.2357004 ], [ 55.3156894, 25.2356869 ], [ 55.315660091621389, 25.235749293357141 ], [ 55.31557720561544, 25.235762279827558 ], [ 55.315531003462119, 25.236172693934407 ], [ 55.315498320801623, 25.236169240484141 ], [ 55.3155629, 25.2356579 ], [ 55.315366, 25.2356446 ], [ 55.315339905602336, 25.235713379790191 ], [ 55.315402701948003, 25.235716514719165 ], [ 55.3153788, 25.2357251 ] ] ], [ [ [ 55.315784829048795, 25.237763665460093 ], [ 55.315739913284588, 25.237763665460097 ], [ 55.315739913284588, 25.2378085812243 ], [ 55.315874660577208, 25.2378085812243 ], [ 55.315874660577208, 25.237763665460097 ], [ 55.315829744813001, 25.237763665460097 ], [ 55.315829744813001, 25.237718749695897 ], [ 55.315784829048795, 25.237718749695894 ], [ 55.315784829048795, 25.237763665460093 ] ] ], [ [ [ 55.3157013, 25.25032 ], [ 55.3156011, 25.2502873 ], [ 55.31556316130299, 25.250361463841166 ], [ 55.315663461304482, 25.250394263848484 ], [ 55.3157013, 25.25032 ] ] ], [ [ [ 55.3156824, 25.2478874 ], [ 55.3157347, 25.2478125 ], [ 55.315623, 25.24777 ], [ 55.315513061526438, 25.247859363850605 ], [ 55.315621361527114, 25.247905163858441 ], [ 55.3156824, 25.2478874 ] ] ], [ [ [ 55.3158525, 25.237167 ], [ 55.3158555, 25.2371107 ], [ 55.3157874, 25.2371077 ], [ 55.315779941072321, 25.237166555968518 ], [ 55.3158525, 25.237167 ] ] ], [ [ [ 55.3158622, 25.2363245 ], [ 55.3155897, 25.2363023 ], [ 55.3155778, 25.2364214 ], [ 55.3158503, 25.2364436 ], [ 55.3158622, 25.2363245 ] ] ], [ [ [ 55.315814, 25.2389049 ], [ 55.3158196, 25.2388362 ], [ 55.3157241, 25.2387577 ], [ 55.315619362349757, 25.238780663906308 ], [ 55.315586162337858, 25.238896363903219 ], [ 55.315814, 25.2389049 ] ] ], [ [ [ 55.315784829048795, 25.237494170874864 ], [ 55.315829744813001, 25.237494170874861 ], [ 55.315829744813001, 25.237449255110658 ], [ 55.315784829048795, 25.237449255110658 ], [ 55.315784829048795, 25.237494170874864 ] ] ], [ [ [ 55.3157862, 25.231864 ], [ 55.3154765, 25.2319271 ], [ 55.315403330129179, 25.231980047749701 ], [ 55.315456730070984, 25.232194647759481 ], [ 55.315498730060533, 25.232249147769238 ], [ 55.3158605, 25.2321624 ], [ 55.3157862, 25.231864 ] ] ], [ [ [ 55.315739913284588, 25.237584002403274 ], [ 55.315784829048795, 25.237584002403274 ], [ 55.315784829048795, 25.237539086639067 ], [ 55.315739913284588, 25.237539086639067 ], [ 55.315739913284588, 25.237584002403274 ] ] ], [ [ [ 55.3157361, 25.2399975 ], [ 55.3149365, 25.2398315 ], [ 55.314881962206172, 25.240010663844853 ], [ 55.315681562226665, 25.2401766639036 ], [ 55.3157361, 25.2399975 ] ] ], [ [ [ 55.315655362323312, 25.239091663907359 ], [ 55.3157324, 25.2390901 ], [ 55.315744, 25.238947 ], [ 55.315592062333863, 25.238943563903415 ], [ 55.315588062329255, 25.238992763902871 ], [ 55.315655362323312, 25.239091663907359 ] ] ], [ [ [ 55.315444961301566, 25.250319063832578 ], [ 55.315537961302994, 25.250348963839357 ], [ 55.3155757, 25.2502737 ], [ 55.315474007943521, 25.250248772591132 ], [ 55.3153834, 25.2500231 ], [ 55.315297161318924, 25.250053963822943 ], [ 55.315371761301336, 25.250285663827292 ], [ 55.315471867873022, 25.250250357775002 ], [ 55.315444961301566, 25.250319063832578 ] ] ], [ [ [ 55.315650081756175, 25.237494170874857 ], [ 55.315739913284588, 25.237494170874857 ], [ 55.315739913284588, 25.237449255110661 ], [ 55.315650081756175, 25.237449255110661 ], [ 55.315650081756175, 25.237494170874857 ] ] ], [ [ [ 55.3155875, 25.2465871 ], [ 55.3154836, 25.2465307 ], [ 55.315438007038395, 25.246556259370919 ], [ 55.315256206897885, 25.246830359306614 ], [ 55.315360106895838, 25.246886759338558 ], [ 55.3154057, 25.2468612 ], [ 55.3155875, 25.2465871 ] ] ], [ [ [ 55.315784829048795, 25.23089155353658 ], [ 55.315694997520382, 25.23089155353658 ], [ 55.315689932310548, 25.230939309278227 ], [ 55.315779763840851, 25.230939309281425 ], [ 55.315784829048795, 25.23089155353658 ] ] ], [ [ [ 55.315605165991983, 25.237134844761215 ], [ 55.315694997520382, 25.237134844761218 ], [ 55.315694997520382, 25.237089928997008 ], [ 55.315605165991983, 25.237089928997008 ], [ 55.315605165991983, 25.237134844761215 ] ] ], [ [ [ 55.315353761377366, 25.249433863830429 ], [ 55.315363061371009, 25.249508963830731 ], [ 55.315517, 25.2494884 ], [ 55.3155077, 25.2494134 ], [ 55.315353761377366, 25.249433863830429 ] ] ], [ [ [ 55.31541816132868, 25.250005363832233 ], [ 55.315431461324238, 25.250061063832931 ], [ 55.3154941, 25.2500451 ], [ 55.3154809, 25.2499893 ], [ 55.31541816132868, 25.250005363832233 ] ] ], [ [ [ 55.31541520653677, 25.247842859334607 ], [ 55.315467406541636, 25.247855959351003 ], [ 55.3155237, 25.2477952 ], [ 55.3154715, 25.2477821 ], [ 55.315426675832214, 25.24780722808665 ], [ 55.3154327, 25.2477796 ], [ 55.315227561523564, 25.247750863829879 ], [ 55.315215961518248, 25.247804063828735 ], [ 55.31541520653677, 25.247842859334607 ] ] ], [ [ [ 55.315739913284588, 25.231250879650226 ], [ 55.315739913284588, 25.231205963886019 ], [ 55.315644611316031, 25.231209031059191 ], [ 55.315644611313949, 25.231253946823283 ], [ 55.315739913284588, 25.231250879650226 ] ] ], [ [ [ 55.315650081756175, 25.237314507818034 ], [ 55.315650081756175, 25.237269592053835 ], [ 55.315605165991983, 25.237269592053835 ], [ 55.315605165991983, 25.237314507818038 ], [ 55.315650081756175, 25.237314507818034 ] ] ], [ [ [ 55.315605165991983, 25.237628918167474 ], [ 55.315560250227769, 25.237628918167481 ], [ 55.315560250227769, 25.23767383393168 ], [ 55.315515334463562, 25.237673833931687 ], [ 55.315515334463562, 25.237718749695894 ], [ 55.315605165991983, 25.237718749695894 ], [ 55.315605165991983, 25.237628918167474 ] ] ], [ [ [ 55.3155506, 25.2407706 ], [ 55.3147499, 25.2405995 ], [ 55.314693862128536, 25.24077926382677 ], [ 55.315494562148629, 25.240950263885587 ], [ 55.3155506, 25.2407706 ] ] ], [ [ [ 55.3153523, 25.249688 ], [ 55.315335561348334, 25.249746763827432 ], [ 55.315386961350171, 25.24975166383123 ], [ 55.3154037, 25.2496929 ], [ 55.3153523, 25.249688 ] ] ], [ [ [ 55.31499296232554, 25.238741163859807 ], [ 55.314968862301775, 25.238992963856685 ], [ 55.315523, 25.2390296 ], [ 55.3155471, 25.2387777 ], [ 55.31499296232554, 25.238741163859807 ] ] ], [ [ [ 55.315380587170942, 25.2505197424946 ], [ 55.315290755642529, 25.2505197424946 ], [ 55.315285385617827, 25.250567668567516 ], [ 55.315375217148251, 25.250567668570898 ], [ 55.315380587170942, 25.2505197424946 ] ] ], [ [ [ 55.315515334463562, 25.237224676289625 ], [ 55.315515334463562, 25.237269592053831 ], [ 55.315470418699356, 25.237269592053835 ], [ 55.315470418699356, 25.237314507818041 ], [ 55.315560250227769, 25.237314507818038 ], [ 55.315560250227769, 25.237224676289625 ], [ 55.315515334463562, 25.237224676289625 ] ] ], [ [ [ 55.315213961334109, 25.249844663817836 ], [ 55.315284461320495, 25.250030363822123 ], [ 55.3153751, 25.2499996 ], [ 55.3153046, 25.2498138 ], [ 55.315213961334109, 25.249844663817836 ] ] ], [ [ [ 55.315515334463562, 25.239784874849367 ], [ 55.315425502935149, 25.239784874849367 ], [ 55.315425502935149, 25.239874706377776 ], [ 55.315470418699356, 25.239874706377776 ], [ 55.315470418699356, 25.23982979061357 ], [ 55.315515334463562, 25.23982979061357 ], [ 55.315515334463562, 25.239784874849367 ] ] ], [ [ [ 55.315560250227769, 25.236371276769713 ], [ 55.315560250227769, 25.236326361005506 ], [ 55.315515334463562, 25.23632636100551 ], [ 55.315515334463562, 25.236371276769713 ], [ 55.315560250227769, 25.236371276769713 ] ] ], [ [ [ 55.3153856, 25.239621 ], [ 55.315318769500863, 25.239559206528696 ], [ 55.315425502935177, 25.239563127374016 ], [ 55.315425502935149, 25.23960521179254 ], [ 55.315515334463562, 25.23960521179254 ], [ 55.315515334463562, 25.239470464499924 ], [ 55.315470418699356, 25.23947046449992 ], [ 55.315470418699356, 25.239560296028341 ], [ 55.315430553178416, 25.239560296029023 ], [ 55.315441581248159, 25.239430749094371 ], [ 55.315483, 25.2394264 ], [ 55.3154911, 25.2393004 ], [ 55.3153367, 25.2392923 ], [ 55.315318995334636, 25.239408194161385 ], [ 55.315232731705734, 25.239396969144135 ], [ 55.3152778, 25.2393739 ], [ 55.315288015424755, 25.239290801449901 ], [ 55.315335671406736, 25.239290801443101 ], [ 55.315335671406736, 25.239200969914688 ], [ 55.315245839878322, 25.239200969914688 ], [ 55.315245839878628, 25.239274363773976 ], [ 55.315127362284088, 25.239267063867057 ], [ 55.315113285420495, 25.239381426162169 ], [ 55.31487886226374, 25.239370663847986 ], [ 55.314857562232888, 25.239702363844646 ], [ 55.315330762251634, 25.23972716387981 ], [ 55.3153815, 25.2396858 ], [ 55.3153856, 25.239621 ] ] ], [ [ [ 55.315290755642529, 25.24158150541761 ], [ 55.315290755642529, 25.241536589653396 ], [ 55.315156008349909, 25.241536589653393 ], [ 55.315156008349909, 25.241626421181813 ], [ 55.315200924114116, 25.24162642118181 ], [ 55.315200924114116, 25.241671336946016 ], [ 55.315245839878322, 25.241671336946016 ], [ 55.315245839878322, 25.241716252710223 ], [ 55.315335671406736, 25.24171625271023 ], [ 55.3153356714068, 25.241677846348107 ], [ 55.315428540890608, 25.241697055947075 ], [ 55.3154709, 25.2415457 ], [ 55.3153395, 25.2415181 ], [ 55.315320473218833, 25.241581505419134 ], [ 55.315290755642529, 25.24158150541761 ] ] ], [ [ [ 55.314950361114875, 25.252145463786064 ], [ 55.314945661108922, 25.252209063785372 ], [ 55.315112061082388, 25.252585163795811 ], [ 55.3153181, 25.2524696 ], [ 55.315245839878322, 25.252271457298633 ], [ 55.315156008349909, 25.252181625770213 ], [ 55.315102074866076, 25.252199894134211 ], [ 55.3150225, 25.2521173 ], [ 55.314950361114875, 25.252145463786064 ] ] ], [ [ [ 55.3152318, 25.24954 ], [ 55.3152153, 25.2497821 ], [ 55.315298, 25.2497867 ], [ 55.315305752936226, 25.249673053309721 ], [ 55.3153488, 25.2496689 ], [ 55.3153571, 25.249547 ], [ 55.31531880267945, 25.249544860496218 ], [ 55.3153262, 25.2494358 ], [ 55.3152392, 25.249431 ], [ 55.3152318, 25.24954 ] ] ], [ [ [ 55.315515334463562, 25.237494170874864 ], [ 55.315515334463562, 25.237449255110661 ], [ 55.315470418699356, 25.237449255110658 ], [ 55.315470418699356, 25.237494170874861 ], [ 55.315515334463562, 25.237494170874864 ] ] ], [ [ [ 55.3153923, 25.2431712 ], [ 55.3154158, 25.2430838 ], [ 55.3153491, 25.2430692 ], [ 55.315314961941212, 25.243162463860546 ], [ 55.3153923, 25.2431712 ] ] ], [ [ [ 55.315425502935149, 25.236416192533916 ], [ 55.315380587170942, 25.23641619253392 ], [ 55.315380587170942, 25.236461108298126 ], [ 55.315335671406736, 25.236461108298126 ], [ 55.315335671406736, 25.236506024062329 ], [ 55.315425502935149, 25.236506024062333 ], [ 55.315425502935149, 25.236416192533916 ] ] ], [ [ [ 55.3153121, 25.237654 ], [ 55.315299862433434, 25.237695263888195 ], [ 55.315332062434749, 25.237696463890586 ], [ 55.3153443, 25.2376552 ], [ 55.3153121, 25.237654 ] ] ], [ [ [ 55.315419424662615, 25.231209371846639 ], [ 55.315425502935149, 25.23116104812182 ], [ 55.315329593134237, 25.231164456078744 ], [ 55.315329593131928, 25.231209371842809 ], [ 55.315419424662615, 25.231209371846639 ] ] ], [ [ [ 55.315245839878322, 25.244186619741555 ], [ 55.315156008349909, 25.244186619741551 ], [ 55.315156008349909, 25.244231535505758 ], [ 55.315245839878322, 25.244231535505758 ], [ 55.315245839878322, 25.244186619741555 ] ] ], [ [ [ 55.3152922, 25.2336368 ], [ 55.3153626, 25.233637 ], [ 55.3153628, 25.2335698 ], [ 55.3152924, 25.2335696 ], [ 55.3152922, 25.2336368 ] ] ], [ [ [ 55.3153391, 25.2336928 ], [ 55.3152716, 25.2336894 ], [ 55.3152643, 25.2338082 ], [ 55.3153317, 25.2338116 ], [ 55.3153391, 25.2336928 ] ] ], [ [ [ 55.3153279, 25.2341659 ], [ 55.3153239, 25.2341204 ], [ 55.315278096357623, 25.234119537746125 ], [ 55.3153199, 25.2340961 ], [ 55.3153253, 25.2339906 ], [ 55.3152744, 25.2339884 ], [ 55.315228811844612, 25.234013959587006 ], [ 55.3151902, 25.2342104 ], [ 55.3152787, 25.234214 ], [ 55.3153279, 25.2341659 ] ] ], [ [ [ 55.3153423, 25.2325513 ], [ 55.3152571, 25.2325496 ], [ 55.315025629854411, 25.232683547640463 ], [ 55.315020429787971, 25.232896047635297 ], [ 55.315297929828432, 25.232901547706138 ], [ 55.3153344, 25.2328811 ], [ 55.3153423, 25.2325513 ] ] ], [ [ [ 55.315088462382001, 25.238161763869979 ], [ 55.315017162339757, 25.23859536386238 ], [ 55.315205462346391, 25.238614363876323 ], [ 55.315264, 25.2382205 ], [ 55.3152415, 25.2381702 ], [ 55.315088462382001, 25.238161763869979 ] ] ], [ [ [ 55.315245839878322, 25.233451752096322 ], [ 55.315290755642529, 25.233451752096322 ], [ 55.315290755642529, 25.233406836332119 ], [ 55.315245839878322, 25.233406836332115 ], [ 55.315245839878322, 25.233451752096322 ] ] ], [ [ [ 55.3146553, 25.2357839 ], [ 55.3152332, 25.2358313 ], [ 55.3152597, 25.2356393 ], [ 55.3146771, 25.2355974 ], [ 55.3146553, 25.2357839 ] ] ], [ [ [ 55.315021261057296, 25.252540951883862 ], [ 55.314956848174553, 25.252540951909015 ], [ 55.3150141, 25.2525183 ], [ 55.3148747, 25.2522251 ], [ 55.314527187651038, 25.252316373062833 ], [ 55.314383118625457, 25.252411429965438 ], [ 55.314383118618359, 25.252501261493439 ], [ 55.314562781657315, 25.252815671853174 ], [ 55.314661934943643, 25.252810446469095 ], [ 55.314830959072737, 25.252562229813375 ], [ 55.314830959065731, 25.252636747186841 ], [ 55.315010622130522, 25.252636747200246 ], [ 55.315021261057296, 25.252540951883862 ] ], [ [ 55.314880566386989, 25.252540951902443 ], [ 55.314841598039692, 25.252540951883869 ], [ 55.314861576019887, 25.252500995907958 ], [ 55.314880566386989, 25.252540951902443 ] ] ], [ [ [ 55.3151077, 25.2352857 ], [ 55.3151074, 25.2352399 ], [ 55.3146459, 25.2352319 ], [ 55.3146434, 25.2353706 ], [ 55.3147413, 25.2353721 ], [ 55.3147409, 25.2353964 ], [ 55.3150413, 25.2354009 ], [ 55.3150409, 25.2354209 ], [ 55.3152553, 25.2353916 ], [ 55.3152573, 25.2352879 ], [ 55.3151077, 25.2352857 ] ] ], [ [ [ 55.315102740891383, 25.241516955937058 ], [ 55.3151635, 25.2415254 ], [ 55.3151706, 25.2414959 ], [ 55.3151144, 25.2414848 ], [ 55.315102740891383, 25.241516955937058 ] ] ], [ [ [ 55.31497634529309, 25.248588364633736 ], [ 55.31506617682151, 25.24858836463374 ], [ 55.31506617682151, 25.248498533105323 ], [ 55.314931429528883, 25.248498533105327 ], [ 55.314931429528883, 25.24854344886953 ], [ 55.31497634529309, 25.248543448869533 ], [ 55.31497634529309, 25.248588364633736 ] ] ], [ [ [ 55.315200924114116, 25.233631415153148 ], [ 55.315156008349909, 25.233631415153152 ], [ 55.315156008349916, 25.233586732445684 ], [ 55.3152218, 25.2335546 ], [ 55.315227, 25.2333012 ], [ 55.3149516, 25.2332631 ], [ 55.314762506013189, 25.233301979725141 ], [ 55.314757205963275, 25.233557879721399 ], [ 55.314881305962352, 25.233623679740489 ], [ 55.315111092585838, 25.233608669143603 ], [ 55.31511109258571, 25.233631415153148 ], [ 55.314931429528883, 25.233631415153148 ], [ 55.314931429528883, 25.233676330917355 ], [ 55.31497634529309, 25.233676330917355 ], [ 55.314976345293154, 25.233714815106953 ], [ 55.314802711860885, 25.233762259456523 ], [ 55.31479427919011, 25.233975230205992 ], [ 55.314741211756306, 25.234002759431441 ], [ 55.314726811728512, 25.234067659425385 ], [ 55.314791464941123, 25.23404630498478 ], [ 55.314789411728619, 25.234098159444699 ], [ 55.315045011732948, 25.234212659523784 ], [ 55.3150906, 25.2341871 ], [ 55.3151876, 25.2340916 ], [ 55.3152048, 25.2337487 ], [ 55.315172860850801, 25.233721246687431 ], [ 55.315200924114116, 25.233721246681561 ], [ 55.315200924114116, 25.233631415153148 ] ], [ [ 55.315111092585781, 25.233713829142548 ], [ 55.315066176821603, 25.233710527847059 ], [ 55.31506617682151, 25.233676330917355 ], [ 55.31511109258571, 25.233676330917351 ], [ 55.315111092585781, 25.233713829142548 ] ], [ [ 55.3147915, 25.2340003 ], [ 55.314793342709677, 25.233998881342206 ], [ 55.314793203168847, 25.234002405492486 ], [ 55.3147915, 25.2340003 ] ] ], [ [ [ 55.315061516784333, 25.231747565813343 ], [ 55.315106432547637, 25.231792481578911 ], [ 55.315156008349909, 25.231789868820709 ], [ 55.315245839878322, 25.231700037292295 ], [ 55.315245839878322, 25.231655121528082 ], [ 55.315200924114116, 25.231610205763879 ], [ 55.315061516789655, 25.231612818521043 ], [ 55.315061516784333, 25.231747565813343 ] ] ], [ [ [ 55.315021640890485, 25.241500055934509 ], [ 55.315098, 25.2415122 ], [ 55.3151053, 25.2414829 ], [ 55.3150335, 25.2414682 ], [ 55.315021640890485, 25.241500055934509 ] ] ], [ [ [ 55.31523996421047, 25.231209258240561 ], [ 55.315245839878322, 25.231161048121816 ], [ 55.315150132682099, 25.231164342472777 ], [ 55.315150132679868, 25.231209258236859 ], [ 55.31523996421047, 25.231209258240561 ] ] ], [ [ [ 55.3147728, 25.2360437 ], [ 55.3151645, 25.2360754 ], [ 55.3151755, 25.2359641 ], [ 55.3147838, 25.2359324 ], [ 55.3147728, 25.2360437 ] ] ], [ [ [ 55.314677461252771, 25.250482563774447 ], [ 55.314715661249515, 25.250537463777022 ], [ 55.3149749, 25.25039 ], [ 55.3149367, 25.2503351 ], [ 55.314677461252771, 25.250482563774447 ] ] ], [ [ [ 55.3149264, 25.2501379 ], [ 55.314839961288236, 25.250169263788237 ], [ 55.314883661280554, 25.25027596379093 ], [ 55.3149701, 25.2502445 ], [ 55.3149264, 25.2501379 ] ] ], [ [ [ 55.3150953, 25.2392645 ], [ 55.314958562277177, 25.239260763854499 ], [ 55.314949162267737, 25.239360863853271 ], [ 55.3150859, 25.2393646 ], [ 55.3150953, 25.2392645 ] ] ], [ [ [ 55.3151518, 25.2323075 ], [ 55.315185, 25.2322526 ], [ 55.315194, 25.2320549 ], [ 55.3151524, 25.2319549 ], [ 55.3150431, 25.2319508 ], [ 55.315009669232751, 25.231969543678129 ], [ 55.314987569206203, 25.232052443671581 ], [ 55.314972869140654, 25.232276643664424 ], [ 55.315020469134261, 25.23232264367482 ], [ 55.3151518, 25.2323075 ] ] ], [ [ [ 55.31511109258571, 25.233227173275292 ], [ 55.315156008349909, 25.233227173275292 ], [ 55.315156008349909, 25.233182257511089 ], [ 55.31511109258571, 25.233182257511093 ], [ 55.31511109258571, 25.233227173275292 ] ] ], [ [ [ 55.3148644, 25.2499827 ], [ 55.314841693509756, 25.249991681693576 ], [ 55.3148097, 25.2499167 ], [ 55.314746361304671, 25.249941063782444 ], [ 55.31482176129181, 25.250120763787123 ], [ 55.3149082, 25.2500894 ], [ 55.3148644, 25.2499827 ] ] ], [ [ [ 55.314712461138754, 25.251763763770324 ], [ 55.314750161132579, 25.251850763772669 ], [ 55.3148699, 25.2518061 ], [ 55.3148322, 25.2517192 ], [ 55.314712461138754, 25.251763763770324 ] ] ], [ [ [ 55.314617019179444, 25.249801090267301 ], [ 55.314617019179444, 25.249846006031508 ], [ 55.314527187651038, 25.249846006031511 ], [ 55.314556161293851, 25.249967563768109 ], [ 55.3146862, 25.2499255 ], [ 55.314661934943643, 25.249846006031508 ], [ 55.314796682236263, 25.249846006031515 ], [ 55.314796682236263, 25.249801090267304 ], [ 55.314617019179444, 25.249801090267301 ] ] ], [ [ [ 55.314751766472057, 25.246162913366614 ], [ 55.314617019179444, 25.246162913366614 ], [ 55.314617019179444, 25.246297660659238 ], [ 55.314661934943643, 25.246297660659231 ], [ 55.314661934943643, 25.246342576423441 ], [ 55.314617019179444, 25.246342576423434 ], [ 55.314617019179444, 25.246432407951851 ], [ 55.31470685070785, 25.246432407951854 ], [ 55.31470685070785, 25.246387492187644 ], [ 55.314751766472057, 25.246387492187644 ], [ 55.314751766472057, 25.246297660659231 ], [ 55.31470685070785, 25.246297660659234 ], [ 55.31470685070785, 25.246252744895024 ], [ 55.31484159800047, 25.24625274489502 ], [ 55.31484159800047, 25.246207829130821 ], [ 55.314751766472057, 25.246207829130821 ], [ 55.314751766472057, 25.246162913366614 ] ] ], [ [ [ 55.3149222, 25.2378937 ], [ 55.314756762392051, 25.23788716384669 ], [ 55.314742662378492, 25.238030663844889 ], [ 55.3149081, 25.2380372 ], [ 55.3149222, 25.2378937 ] ] ], [ [ [ 55.314122203995275, 25.243433379508488 ], [ 55.314022203903477, 25.24385927948769 ], [ 55.3147384, 25.2439951 ], [ 55.3148396, 25.2435632 ], [ 55.314122203995275, 25.243433379508488 ] ] ], [ [ [ 55.31470685070785, 25.251418057778718 ], [ 55.31470685070785, 25.251328226250301 ], [ 55.314661934943643, 25.251328226250308 ], [ 55.314661934943643, 25.251418057778707 ], [ 55.31470685070785, 25.251418057778718 ] ] ], [ [ [ 55.3146872, 25.2520592 ], [ 55.3146745, 25.2520273 ], [ 55.3146396, 25.2520387 ], [ 55.3146524, 25.2520706 ], [ 55.3146872, 25.2520592 ] ] ], [ [ [ 55.314728, 25.2392456 ], [ 55.3147294, 25.2392263 ], [ 55.3145475, 25.2392156 ], [ 55.314525, 25.2395281 ], [ 55.3147752, 25.2395428 ], [ 55.314786953815251, 25.239249047593429 ], [ 55.3148394, 25.2392433 ], [ 55.3148397, 25.2391878 ], [ 55.3147818, 25.2391875 ], [ 55.314770768488067, 25.2392481010849 ], [ 55.314728, 25.2392456 ] ] ], [ [ [ 55.3142633, 25.2552879 ], [ 55.3143362, 25.2553378 ], [ 55.3143848, 25.2552958 ], [ 55.314286405371135, 25.255005235324294 ], [ 55.314520702827714, 25.255014953955943 ], [ 55.314617019179444, 25.254966403150981 ], [ 55.314617019179444, 25.254921487386778 ], [ 55.314347524594204, 25.254786740094165 ], [ 55.314296124012948, 25.254790375125417 ], [ 55.314206292477174, 25.254880206649464 ], [ 55.314240612770476, 25.254959442733011 ], [ 55.3141518, 25.2550081 ], [ 55.3141584, 25.2550781 ], [ 55.3142633, 25.2552879 ] ] ], [ [ [ 55.3146595, 25.2515436 ], [ 55.3146252, 25.2515402 ], [ 55.3146212, 25.2515742 ], [ 55.3146555, 25.2515775 ], [ 55.3146595, 25.2515436 ] ] ], [ [ [ 55.3147227, 25.2311532 ], [ 55.3147, 25.2316952 ], [ 55.3148961, 25.2317019 ], [ 55.3149188, 25.23116 ], [ 55.3147227, 25.2311532 ] ] ], [ [ [ 55.313890003828206, 25.244183779462904 ], [ 55.313778403761773, 25.244472679441806 ], [ 55.3146292, 25.2446489 ], [ 55.3147275, 25.2443287 ], [ 55.3146896, 25.2442895 ], [ 55.3139783, 25.2441365 ], [ 55.313890003828206, 25.244183779462904 ] ] ], [ [ [ 55.314572103415237, 25.248723111926356 ], [ 55.314572103415237, 25.24876802769057 ], [ 55.314661934943643, 25.248768027690563 ], [ 55.314661934943643, 25.248723111926356 ], [ 55.314572103415237, 25.248723111926356 ] ] ], [ [ [ 55.314661934943643, 25.24858836463374 ], [ 55.314661934943643, 25.248543448869526 ], [ 55.314527187651038, 25.248543448869533 ], [ 55.314527187651038, 25.248633280397943 ], [ 55.314572103415237, 25.248633280397939 ], [ 55.314572103415237, 25.248588364633743 ], [ 55.314661934943643, 25.24858836463374 ] ] ], [ [ [ 55.3148546, 25.2331015 ], [ 55.31480320605354, 25.233113079733776 ], [ 55.314784806023717, 25.233258479729191 ], [ 55.3148639, 25.2332493 ], [ 55.3148546, 25.2331015 ] ] ], [ [ [ 55.314617019179444, 25.249351932625242 ], [ 55.314527187651038, 25.249351932625238 ], [ 55.314527187651038, 25.249441764153648 ], [ 55.314572103415237, 25.249441764153655 ], [ 55.314572103415237, 25.249396848389441 ], [ 55.314617019179444, 25.249396848389448 ], [ 55.314617019179444, 25.249351932625242 ] ] ], [ [ [ 55.314751766472057, 25.236326361005514 ], [ 55.314751766472057, 25.2362814452413 ], [ 55.314661934943643, 25.236281445241303 ], [ 55.314661934943643, 25.236371276769713 ], [ 55.314796682236263, 25.236371276769713 ], [ 55.314796682236263, 25.236326361005506 ], [ 55.314751766472057, 25.236326361005514 ] ] ], [ [ [ 55.314661934943643, 25.241491673889193 ], [ 55.31470685070785, 25.24149167388919 ], [ 55.31470685070785, 25.241446758124994 ], [ 55.314661934943643, 25.241446758124987 ], [ 55.314661934943643, 25.241491673889193 ] ] ], [ [ [ 55.3147452, 25.2384572 ], [ 55.314611262334388, 25.238455263832851 ], [ 55.31460226232371, 25.238569263831572 ], [ 55.3147363, 25.2385712 ], [ 55.3147452, 25.2384572 ] ] ], [ [ [ 55.3147231, 25.2336679 ], [ 55.3147888, 25.2336703 ], [ 55.3147928, 25.2335826 ], [ 55.3147271, 25.2335802 ], [ 55.3147231, 25.2336679 ] ] ], [ [ [ 55.314347524594204, 25.246117997602408 ], [ 55.314347524594204, 25.246162913366614 ], [ 55.314302608829998, 25.246162913366618 ], [ 55.314302608829998, 25.246207829130817 ], [ 55.314347524594204, 25.246207829130821 ], [ 55.314347524594204, 25.246252744895028 ], [ 55.314392440358411, 25.246252744895028 ], [ 55.314392440358411, 25.246207829130821 ], [ 55.314572103415237, 25.246207829130821 ], [ 55.314572103415237, 25.246117997602408 ], [ 55.314617019179444, 25.246117997602408 ], [ 55.314617019179444, 25.246073081838205 ], [ 55.314392440358411, 25.246073081838208 ], [ 55.314392440358411, 25.246117997602415 ], [ 55.314347524594204, 25.246117997602408 ] ] ], [ [ [ 55.3144266, 25.2521152 ], [ 55.3144808, 25.2521393 ], [ 55.3145215, 25.2520643 ], [ 55.3144673, 25.2520403 ], [ 55.3144266, 25.2521152 ] ] ], [ [ [ 55.314766, 25.2339839 ], [ 55.314766, 25.2339463 ], [ 55.3147432, 25.2339463 ], [ 55.314697611759968, 25.233971859418205 ], [ 55.314697611745437, 25.234009459417358 ], [ 55.314766, 25.2339839 ] ] ], [ [ [ 55.314437356122617, 25.250923984372445 ], [ 55.314527187651038, 25.250923984372445 ], [ 55.314527187651038, 25.250879068608242 ], [ 55.314437356122617, 25.250879068608242 ], [ 55.314437356122617, 25.250923984372445 ] ] ], [ [ [ 55.314380854682682, 25.249946247743502 ], [ 55.314406554677326, 25.250015547745139 ], [ 55.314537, 25.2499733 ], [ 55.3145113, 25.2499039 ], [ 55.314380854682682, 25.249946247743502 ] ] ], [ [ [ 55.314527187651038, 25.239560296028337 ], [ 55.314482271886824, 25.239560296028333 ], [ 55.314482271886824, 25.239605211792547 ], [ 55.314437356122617, 25.23960521179254 ], [ 55.314437356122617, 25.239695043320957 ], [ 55.314492978117727, 25.239695043335864 ], [ 55.314310062140805, 25.240454463799853 ], [ 55.314476762145226, 25.240487363812122 ], [ 55.3146706, 25.2397207 ], [ 55.31454020459045, 25.23969504333207 ], [ 55.314572103415237, 25.23969504332096 ], [ 55.314572103415237, 25.239605211792544 ], [ 55.314527187651038, 25.239605211792544 ], [ 55.314527187651038, 25.239560296028337 ] ] ], [ [ [ 55.3142767, 25.2385736 ], [ 55.314228962279508, 25.238876063802113 ], [ 55.3146439, 25.2389115 ], [ 55.314681, 25.2386149 ], [ 55.3142767, 25.2385736 ] ] ], [ [ [ 55.3146503, 25.2382957 ], [ 55.3146771, 25.2380646 ], [ 55.3142652, 25.2380268 ], [ 55.3142373, 25.2383068 ], [ 55.3143127, 25.238314 ], [ 55.314317867927429, 25.238271192337592 ], [ 55.3146503, 25.2382957 ] ] ], [ [ [ 55.314572103415237, 25.241401842360784 ], [ 55.314617019179444, 25.24140184236078 ], [ 55.314617019179444, 25.241356926596577 ], [ 55.314527187651038, 25.24135692659657 ], [ 55.314527187651038, 25.24140184236078 ], [ 55.314437356122617, 25.241401842360784 ], [ 55.314437356122617, 25.24135692659657 ], [ 55.314302608829998, 25.241356926596577 ], [ 55.314302608829998, 25.241446758124994 ], [ 55.314572103415237, 25.241446758124983 ], [ 55.314572103415237, 25.241401842360784 ] ] ], [ [ [ 55.3146717, 25.236031 ], [ 55.3146811, 25.2359615 ], [ 55.314581505481399, 25.235966479666153 ], [ 55.3145882, 25.2360787 ], [ 55.3146649, 25.2360864 ], [ 55.3146717, 25.236031 ] ] ], [ [ [ 55.314527187651038, 25.246387492187647 ], [ 55.314482271886824, 25.24638749218764 ], [ 55.314482271886824, 25.246432407951851 ], [ 55.314527187651038, 25.246432407951851 ], [ 55.314527187651038, 25.246387492187647 ] ] ], [ [ [ 55.314302608829998, 25.251507889307131 ], [ 55.314392440358411, 25.251507889307131 ], [ 55.314392440358411, 25.251418057778718 ], [ 55.314302608829998, 25.251418057778718 ], [ 55.314302608829998, 25.251507889307131 ] ] ], [ [ [ 55.3144898, 25.2361607 ], [ 55.3144881, 25.2362029 ], [ 55.3144469, 25.2362016 ], [ 55.314481, 25.2362822 ], [ 55.3144341, 25.2362806 ], [ 55.3144327, 25.2363159 ], [ 55.3144677, 25.236317 ], [ 55.3144662, 25.2363553 ], [ 55.3145668, 25.2363586 ], [ 55.3145362, 25.2362758 ], [ 55.3145796, 25.2362772 ], [ 55.3145815, 25.2362302 ], [ 55.3145432, 25.2362289 ], [ 55.3145441, 25.2362064 ], [ 55.3145966, 25.2362081 ], [ 55.3145989, 25.236151 ], [ 55.3145588, 25.2361497 ], [ 55.3145603, 25.2361128 ], [ 55.3144571, 25.2361094 ], [ 55.314455, 25.2361596 ], [ 55.3144898, 25.2361607 ] ] ], [ [ [ 55.314453162420058, 25.237427163826464 ], [ 55.3144638, 25.2374212 ], [ 55.3145746, 25.2364366 ], [ 55.3144183625068, 25.236447763829034 ], [ 55.314308962412532, 25.237439663815653 ], [ 55.314453162420058, 25.237427163826464 ] ] ], [ [ [ 55.314559011764572, 25.233891759375727 ], [ 55.3146046, 25.2338662 ], [ 55.3146068, 25.2337218 ], [ 55.314554, 25.2336965 ], [ 55.3142515, 25.2336927 ], [ 55.314133211737484, 25.233752459242805 ], [ 55.314130911679683, 25.233900959238717 ], [ 55.314559011764572, 25.233891759375727 ] ] ], [ [ [ 55.314165804484666, 25.240921879543805 ], [ 55.314233404471466, 25.241023479553458 ], [ 55.3145035, 25.2410639 ], [ 55.3143466, 25.2405362 ], [ 55.314263704565391, 25.240552179563618 ], [ 55.314165804484666, 25.240921879543805 ] ] ], [ [ [ 55.314215354670161, 25.249997247730295 ], [ 55.314240954664797, 25.250066647731909 ], [ 55.3143714, 25.2500243 ], [ 55.3143458, 25.2499549 ], [ 55.314215354670161, 25.249997247730295 ] ] ], [ [ [ 55.314268, 25.2510625 ], [ 55.31419246114821, 25.251403163733414 ], [ 55.314278861150811, 25.251416863739795 ], [ 55.3143544, 25.2510762 ], [ 55.314268, 25.2510625 ] ] ], [ [ [ 55.3145163, 25.2358238 ], [ 55.3145645, 25.2358244 ], [ 55.3145654, 25.2357704 ], [ 55.3145171, 25.2357698 ], [ 55.3145163, 25.2358238 ] ] ], [ [ [ 55.3144766, 25.2360522 ], [ 55.3145457, 25.2360575 ], [ 55.3145601, 25.2359037 ], [ 55.314491, 25.2358984 ], [ 55.3144766, 25.2360522 ] ] ], [ [ [ 55.314347524594204, 25.250609574023006 ], [ 55.314347524594204, 25.250564658258799 ], [ 55.314302608829998, 25.250564658258803 ], [ 55.314302608829998, 25.250609574023002 ], [ 55.314347524594204, 25.250609574023006 ] ] ], [ [ [ 55.3145008, 25.2392883 ], [ 55.3144614, 25.239208 ], [ 55.3142162, 25.2391521 ], [ 55.3140149, 25.2391483 ], [ 55.313891162232458, 25.239231763775052 ], [ 55.313836262212398, 25.239427363769941 ], [ 55.3139698622089, 25.239531863779337 ], [ 55.314396962219064, 25.23962916381069 ], [ 55.3145008, 25.2392883 ] ] ], [ [ [ 55.3145815, 25.2331095 ], [ 55.3140551, 25.2330942 ], [ 55.314018629568167, 25.233114647375263 ], [ 55.314008029437211, 25.233533247364988 ], [ 55.314536029514457, 25.233542947499792 ], [ 55.3145725, 25.2335225 ], [ 55.3145815, 25.2331095 ] ] ], [ [ [ 55.3145699, 25.23233 ], [ 55.3145816, 25.2318803 ], [ 55.3144204, 25.2318769 ], [ 55.314383929999806, 25.231897347490619 ], [ 55.314372229859117, 25.23234694747951 ], [ 55.3145699, 25.23233 ] ] ], [ [ [ 55.3145442, 25.2342113 ], [ 55.3145494, 25.2339747 ], [ 55.3142978, 25.2339702 ], [ 55.314130029284293, 25.23408814738616 ], [ 55.31412702924159, 25.234224847382922 ], [ 55.314507729297318, 25.234231747480127 ], [ 55.3145442, 25.2342113 ] ] ], [ [ [ 55.314392440358411, 25.231385626942846 ], [ 55.314392440358411, 25.231340711178639 ], [ 55.314302608829998, 25.231340711178646 ], [ 55.314302608829998, 25.231430542707052 ], [ 55.314257693065791, 25.231430542707052 ], [ 55.314257693065791, 25.231475458471262 ], [ 55.314302608829998, 25.231475458471262 ], [ 55.314302608829998, 25.231520374235469 ], [ 55.314257693065791, 25.231520374235465 ], [ 55.314257693065791, 25.231610205763882 ], [ 55.314347524594204, 25.231610205763875 ], [ 55.314347524594204, 25.231565289999665 ], [ 55.314527187651038, 25.231565289999672 ], [ 55.314527187651038, 25.231520374235473 ], [ 55.314572103415237, 25.231520374235469 ], [ 55.314572103415237, 25.231475458471266 ], [ 55.314527187651038, 25.231475458471259 ], [ 55.314527187651038, 25.231385626942849 ], [ 55.314392440358411, 25.231385626942846 ] ] ], [ [ [ 55.314257693065791, 25.231161048121823 ], [ 55.314392440358411, 25.231161048121827 ], [ 55.314392440358411, 25.231205963886023 ], [ 55.314572103415237, 25.231205963886023 ], [ 55.314572103415237, 25.231161048121816 ], [ 55.314527187651038, 25.23116104812182 ], [ 55.314527187651038, 25.231116132357613 ], [ 55.314347524594204, 25.231116132357613 ], [ 55.314347524594204, 25.231071216593406 ], [ 55.314302608829998, 25.231071216593403 ], [ 55.314302608829998, 25.231116132357606 ], [ 55.314257693065791, 25.231116132357613 ], [ 55.314257693065791, 25.231161048121823 ] ] ], [ [ [ 55.314302608829998, 25.249396848389448 ], [ 55.314122945773178, 25.249396848389441 ], [ 55.314122945773178, 25.249441764153648 ], [ 55.314078030008972, 25.249441764153648 ], [ 55.314078030008972, 25.249486679917855 ], [ 55.314302608829998, 25.249486679917855 ], [ 55.314302608829998, 25.249396848389448 ] ] ], [ [ [ 55.314207711156037, 25.252004802585379 ], [ 55.314207711152179, 25.252094634113568 ], [ 55.314257693065791, 25.2520917942418 ], [ 55.314257693065791, 25.252001962713386 ], [ 55.314207711156037, 25.252004802585379 ] ] ], [ [ [ 55.3142256, 25.2514305 ], [ 55.314210861142627, 25.251474063734417 ], [ 55.314243161143821, 25.251476863736819 ], [ 55.3142578, 25.2514333 ], [ 55.3142256, 25.2514305 ] ] ], [ [ [ 55.3139454, 25.2549075 ], [ 55.3140044, 25.2549122 ], [ 55.3139627, 25.2549404 ], [ 55.3139789, 25.2549599 ], [ 55.3141317, 25.2549501 ], [ 55.3141626, 25.2548086 ], [ 55.3140517, 25.2547888 ], [ 55.3140006, 25.2547343 ], [ 55.313943282718078, 25.254778285744703 ], [ 55.313943282716352, 25.254651992801545 ], [ 55.313801645299279, 25.25465585499883 ], [ 55.313801645288784, 25.254835518055042 ], [ 55.313871174442454, 25.254833622137728 ], [ 55.3139136, 25.254889 ], [ 55.3138903, 25.254907 ], [ 55.3138387, 25.2548519 ], [ 55.313754, 25.2549169 ], [ 55.3137715, 25.2549355 ], [ 55.3134668, 25.2551512 ], [ 55.3135143, 25.2552019 ], [ 55.3134894, 25.2552454 ], [ 55.3139083, 25.2552911 ], [ 55.3139454, 25.2549075 ] ] ], [ [ [ 55.314212777301584, 25.25047482673039 ], [ 55.314167861537378, 25.250474826730397 ], [ 55.314167861537378, 25.250519742494596 ], [ 55.314122945773178, 25.250519742494596 ], [ 55.314122945773178, 25.250564658258806 ], [ 55.314212777301584, 25.250564658258799 ], [ 55.314212777301584, 25.25047482673039 ] ] ], [ [ [ 55.314167861537378, 25.250070584852537 ], [ 55.314167861537378, 25.249980753324127 ], [ 55.314212777301584, 25.249980753324127 ], [ 55.314212777301584, 25.249935837559917 ], [ 55.314122945773178, 25.249935837559917 ], [ 55.314122945773178, 25.249980753324127 ], [ 55.314078030008972, 25.249980753324124 ], [ 55.314078030008972, 25.25002566908832 ], [ 55.314122945773178, 25.25002566908833 ], [ 55.314122945773178, 25.250070584852537 ], [ 55.314167861537378, 25.250070584852537 ] ] ], [ [ [ 55.314122945773178, 25.248768027690563 ], [ 55.314122945773178, 25.248902774983183 ], [ 55.314212777301584, 25.248902774983179 ], [ 55.314212777301584, 25.24876802769057 ], [ 55.314122945773178, 25.248768027690563 ] ] ], [ [ [ 55.313943282716352, 25.24652223948026 ], [ 55.314033114244765, 25.246522239480267 ], [ 55.314033114244765, 25.24656715524447 ], [ 55.314078030008972, 25.246567155244467 ], [ 55.314078030008972, 25.246522239480264 ], [ 55.314212777301584, 25.24652223948026 ], [ 55.314212777301584, 25.246432407951847 ], [ 55.314167861537378, 25.246432407951847 ], [ 55.314167861537378, 25.246342576423441 ], [ 55.314212777301584, 25.246342576423437 ], [ 55.314212777301584, 25.246297660659238 ], [ 55.314078030008972, 25.246297660659234 ], [ 55.314078030008972, 25.246342576423434 ], [ 55.314033114244765, 25.246342576423441 ], [ 55.314033114244765, 25.246387492187644 ], [ 55.313988198480565, 25.246387492187647 ], [ 55.313988198480565, 25.246432407951847 ], [ 55.313943282716352, 25.246432407951854 ], [ 55.313943282716352, 25.246387492187644 ], [ 55.313898366952145, 25.246387492187647 ], [ 55.313898366952145, 25.246477323716057 ], [ 55.313943282716352, 25.246477323716057 ], [ 55.313943282716352, 25.24652223948026 ] ], [ [ 55.314167861537378, 25.246432407951847 ], [ 55.314167861537378, 25.24647732371605 ], [ 55.314122945773178, 25.246477323716057 ], [ 55.314122945773178, 25.246432407951851 ], [ 55.314167861537378, 25.246432407951847 ] ] ], [ [ [ 55.3140438, 25.2361302 ], [ 55.314033654587995, 25.235911704170949 ], [ 55.314273900000011, 25.2357963 ], [ 55.3143458, 25.2356376 ], [ 55.3143192, 25.2347652 ], [ 55.3141236, 25.2347391 ], [ 55.314085545094521, 25.234857133837096 ], [ 55.3136973, 25.2348083 ], [ 55.312909105424275, 25.235439779404867 ], [ 55.312876305406554, 25.23551537939878 ], [ 55.31290370528685, 25.236148579396005 ], [ 55.313000405292733, 25.236165679411254 ], [ 55.313211565628563, 25.236142407716468 ], [ 55.3132166, 25.2362507 ], [ 55.3134362, 25.2362424 ], [ 55.3134392, 25.2363073 ], [ 55.3138467, 25.2362919 ], [ 55.3138396, 25.236138 ], [ 55.3140438, 25.2361302 ] ] ], [ [ [ 55.313884761538731, 25.246922263734067 ], [ 55.313883761530938, 25.247008163733543 ], [ 55.31395406152766, 25.247079063738422 ], [ 55.3141825, 25.2470753 ], [ 55.314185, 25.2468743 ], [ 55.3139635, 25.246872 ], [ 55.313884761538731, 25.246922263734067 ] ] ], [ [ [ 55.313894111413489, 25.251195864442483 ], [ 55.313894111411869, 25.251240780206601 ], [ 55.313936641646428, 25.251283310486954 ], [ 55.313898366952145, 25.251283310486095 ], [ 55.313898366952145, 25.251373142014504 ], [ 55.313943282716352, 25.251373142014504 ], [ 55.313943282716494, 25.251289951560519 ], [ 55.314028858702024, 25.251375527502944 ], [ 55.314078030008972, 25.251373142014497 ], [ 55.314122945773178, 25.251283310486095 ], [ 55.314122945773178, 25.251058731665069 ], [ 55.314078030008972, 25.250834152844039 ], [ 55.314033114244765, 25.250834152844039 ], [ 55.313983942954849, 25.25088145409639 ], [ 55.313894111413489, 25.251195864442483 ] ] ], [ [ [ 55.3139541, 25.2546483 ], [ 55.3140452, 25.2546178 ], [ 55.3139573, 25.2544026 ], [ 55.3138662, 25.254433 ], [ 55.3139541, 25.2546483 ] ] ], [ [ [ 55.314078030008972, 25.251552805071331 ], [ 55.314078030008972, 25.251462973542917 ], [ 55.314033114244765, 25.251462973542917 ], [ 55.314033114244765, 25.251552805071334 ], [ 55.314078030008972, 25.251552805071331 ] ] ], [ [ [ 55.3139208, 25.2412201 ], [ 55.3139077, 25.241274 ], [ 55.314078030009192, 25.241322664656607 ], [ 55.314078030008972, 25.24140184236078 ], [ 55.314122945773178, 25.24140184236078 ], [ 55.314122945773526, 25.241331647821283 ], [ 55.3142024, 25.2413302 ], [ 55.3142142, 25.2412818 ], [ 55.3139208, 25.2412201 ] ] ], [ [ [ 55.314157, 25.2388434 ], [ 55.3141464, 25.2389508 ], [ 55.3142432, 25.2389586 ], [ 55.3142459, 25.2389314 ], [ 55.3141871, 25.2389266 ], [ 55.314195, 25.2388465 ], [ 55.314157, 25.2388434 ] ] ], [ [ [ 55.314085, 25.2361917 ], [ 55.3140433, 25.2362196 ], [ 55.3140436, 25.2362668 ], [ 55.314214605386383, 25.236277979604008 ], [ 55.3142622, 25.2362351 ], [ 55.3142789, 25.236147 ], [ 55.3142283, 25.2361465 ], [ 55.314192036479902, 25.236190974332928 ], [ 55.314085, 25.2361917 ] ] ], [ [ [ 55.3142269, 25.2385834 ], [ 55.3142352, 25.2384986 ], [ 55.3141896, 25.238495 ], [ 55.3141813, 25.2385797 ], [ 55.3142269, 25.2385834 ] ] ], [ [ [ 55.3133506, 25.2377255 ], [ 55.3132494, 25.2377733 ], [ 55.3133129, 25.2378834 ], [ 55.3133718, 25.2378556 ], [ 55.313504592349794, 25.23785349700545 ], [ 55.3135528, 25.2379903 ], [ 55.3135037, 25.2382373 ], [ 55.313646632120744, 25.238253616875259 ], [ 55.313591327715272, 25.238900147161523 ], [ 55.313926827755054, 25.238936447246655 ], [ 55.3139633, 25.238916 ], [ 55.3142464, 25.2367125 ], [ 55.314167861537378, 25.236685687119152 ], [ 55.314167861537378, 25.236640771354949 ], [ 55.314122945773178, 25.236640771354949 ], [ 55.314122945774329, 25.236714354327059 ], [ 55.313797128414457, 25.236739147253171 ], [ 55.313656418778081, 25.238139206013457 ], [ 55.313665, 25.237973 ], [ 55.3136297, 25.2379689 ], [ 55.3135799, 25.237825 ], [ 55.313539040838627, 25.237833531604462 ], [ 55.313539040838499, 25.237808581224304 ], [ 55.313583956602706, 25.2378085812243 ], [ 55.313583956602706, 25.237763665460093 ], [ 55.313494125074293, 25.237763665460097 ], [ 55.313494125074293, 25.237718749695894 ], [ 55.313449209310093, 25.237718749695894 ], [ 55.313449209310093, 25.237763665460097 ], [ 55.3134134, 25.2377178 ], [ 55.3133506, 25.2377255 ] ] ], [ [ [ 55.314033229829811, 25.232275047394165 ], [ 55.314068529822812, 25.232315047402452 ], [ 55.3142827, 25.232299 ], [ 55.314294, 25.2318773 ], [ 55.3140834, 25.231872 ], [ 55.314046929950116, 25.231892447404572 ], [ 55.314033229829811, 25.232275047394165 ] ] ], [ [ [ 55.3137463, 25.2402006 ], [ 55.313566404437083, 25.240873379448555 ], [ 55.31376230444188, 25.240944879479049 ], [ 55.314083004466035, 25.240977579529932 ], [ 55.3141532, 25.2407657 ], [ 55.31384946563098, 25.240629904188289 ], [ 55.31394920000001, 25.2402401 ], [ 55.3137463, 25.2402006 ] ] ], [ [ [ 55.313893098151851, 25.252049831932734 ], [ 55.313943282716352, 25.2520468784776 ], [ 55.313988198480565, 25.25195704694918 ], [ 55.313988198480565, 25.25186721542077 ], [ 55.313848182392682, 25.251915084638799 ], [ 55.313848182388675, 25.252004916166978 ], [ 55.313893098151851, 25.252049831932734 ] ] ], [ [ [ 55.3138085, 25.2451694 ], [ 55.3135355, 25.2454279 ], [ 55.3137226, 25.245628 ], [ 55.3140776, 25.2453006 ], [ 55.3138085, 25.2451694 ] ] ], [ [ [ 55.313269303861624, 25.243705579369095 ], [ 55.313943503897441, 25.243851779475204 ], [ 55.3140998, 25.2434113 ], [ 55.3134049, 25.2432686 ], [ 55.313269303861624, 25.243705579369095 ] ] ], [ [ [ 55.314167861537378, 25.231655121528078 ], [ 55.314167861537378, 25.231744953056502 ], [ 55.314257693065791, 25.231744953056491 ], [ 55.314257693065791, 25.231655121528082 ], [ 55.314167861537378, 25.231655121528078 ] ] ], [ [ [ 55.3140111, 25.2324983 ], [ 55.313971590557209, 25.232520451322234 ], [ 55.313968990453148, 25.232830051315453 ], [ 55.314094890465171, 25.23285605134981 ], [ 55.314236, 25.2328119 ], [ 55.3142386, 25.2324999 ], [ 55.3140111, 25.2324983 ] ] ], [ [ [ 55.3140485, 25.2446221 ], [ 55.3137793, 25.244567 ], [ 55.313727603733341, 25.244594879432302 ], [ 55.313687803680892, 25.244846679423105 ], [ 55.313993600000011, 25.2448919 ], [ 55.3140485, 25.2446221 ] ] ], [ [ [ 55.313898366952145, 25.251597720835534 ], [ 55.313943282716352, 25.251597720835534 ], [ 55.313943282716352, 25.251507889307131 ], [ 55.313898366952145, 25.251507889307131 ], [ 55.313898366952145, 25.251552805071334 ], [ 55.313763619659525, 25.251552805071338 ], [ 55.313763619659525, 25.251507889307131 ], [ 55.313673788131112, 25.251507889307128 ], [ 55.313673788131112, 25.251552805071338 ], [ 55.31362887236692, 25.251552805071331 ], [ 55.31362887236692, 25.251597720835537 ], [ 55.313539040838499, 25.251597720835537 ], [ 55.313539040838499, 25.251687552363947 ], [ 55.313583956602706, 25.251687552363947 ], [ 55.313583956602706, 25.251642636599748 ], [ 55.313673788131112, 25.251642636599751 ], [ 55.313673788131112, 25.251597720835541 ], [ 55.313763619659525, 25.251597720835537 ], [ 55.313763619659525, 25.251642636599744 ], [ 55.313898366952145, 25.25164263659974 ], [ 55.313898366952145, 25.251597720835534 ] ] ], [ [ [ 55.313922, 25.2457554 ], [ 55.3139939, 25.2458403 ], [ 55.3140221, 25.2458208 ], [ 55.3139502, 25.2457359 ], [ 55.313922, 25.2457554 ] ] ], [ [ [ 55.314033114244765, 25.241671336946016 ], [ 55.314033114244765, 25.241491673889193 ], [ 55.313988198480565, 25.241491673889186 ], [ 55.313988198480565, 25.241536589653407 ], [ 55.313943282716352, 25.241536589653393 ], [ 55.313943282716352, 25.241671336946016 ], [ 55.314033114244765, 25.241671336946016 ] ] ], [ [ [ 55.313898366952145, 25.250295163673567 ], [ 55.313898366952145, 25.250250247909364 ], [ 55.313808535423732, 25.250250247909364 ], [ 55.313808535423732, 25.250340079437773 ], [ 55.313853451187939, 25.25034007943777 ], [ 55.313853451187939, 25.250295163673563 ], [ 55.313898366952145, 25.250295163673567 ] ] ], [ [ [ 55.313898366952145, 25.241716252710226 ], [ 55.313898366952145, 25.241761168474422 ], [ 55.313988198480565, 25.241761168474426 ], [ 55.313988198480565, 25.241716252710223 ], [ 55.313898366952145, 25.241716252710226 ] ] ], [ [ [ 55.3136122, 25.2547793 ], [ 55.3137405, 25.2549123 ], [ 55.3137927, 25.2548711 ], [ 55.3136644, 25.2547381 ], [ 55.3136122, 25.2547793 ] ] ], [ [ [ 55.313718703895319, 25.25200196271339 ], [ 55.313690661070474, 25.252018063692741 ], [ 55.313711661066812, 25.252069063694048 ], [ 55.3138235, 25.2520292 ], [ 55.3138026, 25.2519782 ], [ 55.313763619659611, 25.251992081692084 ], [ 55.313763619659525, 25.251957046949183 ], [ 55.313808535423732, 25.25195704694919 ], [ 55.313808535423732, 25.25191213118498 ], [ 55.313718703895319, 25.25191213118498 ], [ 55.313718703895319, 25.25200196271339 ] ] ], [ [ [ 55.313898366952145, 25.241851000002836 ], [ 55.313898366952145, 25.241940831531256 ], [ 55.313943282716352, 25.241940831531256 ], [ 55.313943282716352, 25.241851000002839 ], [ 55.313898366952145, 25.241851000002836 ] ] ], [ [ [ 55.313853451187939, 25.241042516247131 ], [ 55.313943282716352, 25.241042516247134 ], [ 55.313943282716352, 25.240997600482928 ], [ 55.313853451187939, 25.240997600482928 ], [ 55.313853451187939, 25.241042516247131 ] ] ], [ [ [ 55.31362887236692, 25.250115500616737 ], [ 55.313583956602706, 25.250115500616737 ], [ 55.313583956602706, 25.250160416380943 ], [ 55.313673788131112, 25.250160416380947 ], [ 55.313673788131112, 25.250115500616737 ], [ 55.313808535423732, 25.25011550061674 ], [ 55.313808535423732, 25.250070584852537 ], [ 55.31362887236692, 25.250070584852537 ], [ 55.31362887236692, 25.250115500616737 ] ] ], [ [ [ 55.3136715, 25.2545621 ], [ 55.3136156, 25.2546067 ], [ 55.3136662, 25.2546585 ], [ 55.3137221, 25.2546139 ], [ 55.3136715, 25.2545621 ] ] ], [ [ [ 55.313853451187939, 25.24149167388919 ], [ 55.313853451187939, 25.241401842360784 ], [ 55.313808535423732, 25.241401842360787 ], [ 55.313808535423732, 25.2415365896534 ], [ 55.313898366952145, 25.241536589653393 ], [ 55.313898366952145, 25.241491673889186 ], [ 55.313853451187939, 25.24149167388919 ] ] ], [ [ [ 55.313583956602706, 25.250384995201983 ], [ 55.313449209310093, 25.25038499520198 ], [ 55.313449209310093, 25.250429910966186 ], [ 55.31362887236692, 25.250429910966179 ], [ 55.31362887236692, 25.250384995201983 ], [ 55.313763619659525, 25.250384995201976 ], [ 55.313763619659525, 25.25034007943777 ], [ 55.313718703895319, 25.250340079437773 ], [ 55.313718703895319, 25.25029516367357 ], [ 55.313673788131112, 25.250295163673563 ], [ 55.313673788131112, 25.250250247909364 ], [ 55.31362887236692, 25.250250247909356 ], [ 55.31362887236692, 25.250295163673567 ], [ 55.313583956602706, 25.25029516367356 ], [ 55.313583956602706, 25.250384995201983 ] ] ], [ [ [ 55.3139196, 25.239052 ], [ 55.313884, 25.2390457 ], [ 55.3138665, 25.2391272 ], [ 55.3139021, 25.2391335 ], [ 55.3139196, 25.239052 ] ] ], [ [ [ 55.313853451187939, 25.242300157644905 ], [ 55.313853451187939, 25.242210326116481 ], [ 55.313808535423732, 25.242210326116492 ], [ 55.313808535423732, 25.242255241880692 ], [ 55.313763619659525, 25.242255241880695 ], [ 55.313763619659525, 25.242300157644902 ], [ 55.313853451187939, 25.242300157644905 ] ] ], [ [ [ 55.313853451187939, 25.241806084238636 ], [ 55.313853451187939, 25.241671336946016 ], [ 55.313808535423732, 25.241671336946016 ], [ 55.313808535423732, 25.241761168474426 ], [ 55.313763619659525, 25.241761168474429 ], [ 55.313763619659525, 25.241806084238632 ], [ 55.313673788131112, 25.241806084238636 ], [ 55.313673788131112, 25.241895915767049 ], [ 55.313718703895319, 25.241895915767046 ], [ 55.313718703895319, 25.242075578823869 ], [ 55.313673788131112, 25.242075578823872 ], [ 55.313673788131112, 25.242165410352282 ], [ 55.313718703895319, 25.242165410352289 ], [ 55.313718703895319, 25.242120494588079 ], [ 55.313763619659525, 25.242120494588075 ], [ 55.313763619659525, 25.241985747295455 ], [ 55.313808535423732, 25.241985747295455 ], [ 55.313808535423732, 25.241806084238632 ], [ 55.313853451187939, 25.241806084238636 ] ] ], [ [ [ 55.313808535423732, 25.241222179303957 ], [ 55.313808535423732, 25.241267095068157 ], [ 55.313853451187939, 25.24126709506816 ], [ 55.313853451187939, 25.241222179303957 ], [ 55.313808535423732, 25.241222179303957 ] ] ], [ [ [ 55.313583956602706, 25.249576511446268 ], [ 55.313673788131112, 25.249576511446278 ], [ 55.313673788131112, 25.249531595682065 ], [ 55.313583956602706, 25.249531595682065 ], [ 55.313583956602706, 25.249576511446268 ] ] ], [ [ [ 55.3131384, 25.2411561 ], [ 55.313061704324852, 25.241206079364137 ], [ 55.312997104228963, 25.241670579348572 ], [ 55.313084004230483, 25.241705479362068 ], [ 55.313269546253473, 25.241681951357627 ], [ 55.31326954625326, 25.241761168474426 ], [ 55.313314462017466, 25.241761168474429 ], [ 55.31331446201753, 25.241674048371152 ], [ 55.3136957, 25.2415982 ], [ 55.3137786, 25.2414156 ], [ 55.3133612, 25.2412036 ], [ 55.3131384, 25.2411561 ] ] ], [ [ [ 55.313718703895319, 25.231610205763882 ], [ 55.313673788131112, 25.231610205763875 ], [ 55.313673788131112, 25.231655121528089 ], [ 55.31362887236692, 25.231655121528078 ], [ 55.31362887236692, 25.231700037292288 ], [ 55.313673788131112, 25.231700037292292 ], [ 55.313673788131112, 25.231744953056491 ], [ 55.313718703895319, 25.231744953056495 ], [ 55.313718703895319, 25.231700037292288 ], [ 55.313853451187939, 25.231700037292288 ], [ 55.313853451187939, 25.231655121528085 ], [ 55.313898366952145, 25.231655121528082 ], [ 55.313898366952145, 25.231565289999665 ], [ 55.313853451187939, 25.231565289999672 ], [ 55.3138919, 25.2311182 ], [ 55.3132921, 25.2310863 ], [ 55.312804308277158, 25.231334839246816 ], [ 55.31305640820694, 25.231731539294554 ], [ 55.313718703895418, 25.231598248591617 ], [ 55.313718703895319, 25.231610205763882 ] ] ], [ [ [ 55.3137823, 25.2398275 ], [ 55.3136787, 25.2398105 ], [ 55.3136615, 25.2398966 ], [ 55.313765, 25.2399135 ], [ 55.3137823, 25.2398275 ] ] ], [ [ [ 55.3137713, 25.2398022 ], [ 55.3137802, 25.2397622 ], [ 55.3137302, 25.239753 ], [ 55.3137213, 25.239793 ], [ 55.3137713, 25.2398022 ] ] ], [ [ [ 55.3136049, 25.2522044 ], [ 55.3135855, 25.2521516 ], [ 55.3135102, 25.2521742 ], [ 55.3135296, 25.252227 ], [ 55.3136049, 25.2522044 ] ] ], [ [ [ 55.3133566, 25.254978 ], [ 55.3134849, 25.2551111 ], [ 55.3135372, 25.2550698 ], [ 55.3134088, 25.2549368 ], [ 55.3133566, 25.254978 ] ] ], [ [ [ 55.3137152, 25.2342349 ], [ 55.3138192, 25.2341501 ], [ 55.3138226, 25.2338196 ], [ 55.3137304, 25.2337329 ], [ 55.3132195, 25.2337136 ], [ 55.313053568435002, 25.233824043189056 ], [ 55.313043268340031, 25.23415424318118 ], [ 55.313132968326428, 25.234246343200674 ], [ 55.313681768400819, 25.234253643329154 ], [ 55.3137152, 25.2342349 ] ] ], [ [ [ 55.3135189, 25.2519929 ], [ 55.313565, 25.2519249 ], [ 55.313553, 25.2518673 ], [ 55.3134835, 25.2518025 ], [ 55.3134084, 25.251814 ], [ 55.313368, 25.2518461 ], [ 55.3133616, 25.2519589 ], [ 55.3133935, 25.2520102 ], [ 55.3134523, 25.2520288 ], [ 55.3135189, 25.2519929 ] ] ], [ [ [ 55.313806006047294, 25.232654979579618 ], [ 55.3138297, 25.2325591 ], [ 55.313577906041814, 25.232571179544124 ], [ 55.313575606026468, 25.232649479542868 ], [ 55.313806006047294, 25.232654979579618 ] ] ], [ [ [ 55.312704652269566, 25.248318122695892 ], [ 55.312463461327276, 25.248567763619377 ], [ 55.312477761317595, 25.248682063619832 ], [ 55.312671961312653, 25.248832363633529 ], [ 55.3129773, 25.248515 ], [ 55.312943543998813, 25.248470082393904 ], [ 55.313167061351692, 25.248643063671462 ], [ 55.31336162264477, 25.24844248990188 ], [ 55.3134206, 25.248451 ], [ 55.3136152, 25.2480808 ], [ 55.3132358, 25.2479727 ], [ 55.3130873363951, 25.248217720418445 ], [ 55.3129213, 25.2480892 ], [ 55.312704652269566, 25.248318122695892 ] ] ], [ [ [ 55.313579, 25.2448541 ], [ 55.3136584, 25.2448338 ], [ 55.3136362, 25.2447326 ], [ 55.3135353, 25.244806 ], [ 55.313579, 25.2448541 ] ] ], [ [ [ 55.313718128274715, 25.237152447225508 ], [ 55.3137546, 25.237132 ], [ 55.3137387, 25.2367305 ], [ 55.313360828341061, 25.236762047141216 ], [ 55.313376728219396, 25.237163547138024 ], [ 55.313718128274715, 25.237152447225508 ] ] ], [ [ [ 55.3138145, 25.2327007 ], [ 55.31362510000001, 25.2326539 ], [ 55.313568906001194, 25.232777079540359 ], [ 55.313758306010143, 25.232823879570091 ], [ 55.3138145, 25.2327007 ] ] ], [ [ [ 55.31362887236692, 25.242839146815378 ], [ 55.31362887236692, 25.242884062579581 ], [ 55.313673788131112, 25.242884062579581 ], [ 55.313673788131112, 25.242839146815378 ], [ 55.31362887236692, 25.242839146815378 ] ] ], [ [ [ 55.3131183, 25.2469319 ], [ 55.31274286146347, 25.247195163647447 ], [ 55.313064161439769, 25.247615963669201 ], [ 55.313076261415134, 25.247895063668626 ], [ 55.313584461426032, 25.24802416370586 ], [ 55.3135643, 25.2475858 ], [ 55.3133588, 25.2471832 ], [ 55.3131183, 25.2469319 ] ] ], [ [ [ 55.313306504188944, 25.242029879393961 ], [ 55.313223404119952, 25.242346079377111 ], [ 55.3135778, 25.2424045 ], [ 55.3136738, 25.2420324 ], [ 55.313354, 25.2419594 ], [ 55.313306504188944, 25.242029879393961 ] ] ], [ [ [ 55.3134489, 25.2533045 ], [ 55.3134549, 25.253237 ], [ 55.313179960939031, 25.253223963648285 ], [ 55.31317396093268, 25.253291363647485 ], [ 55.3134489, 25.2533045 ] ] ], [ [ [ 55.313449209310093, 25.25020533214515 ], [ 55.313494125074293, 25.250205332145153 ], [ 55.313494125074293, 25.250160416380947 ], [ 55.313449209310093, 25.250160416380943 ], [ 55.313449209310093, 25.25020533214515 ] ] ], [ [ [ 55.313242, 25.2423922 ], [ 55.313189640814294, 25.242570755873537 ], [ 55.3135405, 25.242645 ], [ 55.3135882, 25.242469 ], [ 55.313242, 25.2423922 ] ] ], [ [ [ 55.313494125074293, 25.242839146815374 ], [ 55.313494125074293, 25.242884062579581 ], [ 55.313539040838499, 25.242884062579581 ], [ 55.313539040838499, 25.242839146815374 ], [ 55.313494125074293, 25.242839146815374 ] ] ], [ [ [ 55.3134634, 25.2407266 ], [ 55.3134883, 25.2407551 ], [ 55.3135484, 25.240712 ], [ 55.3135235, 25.2406835 ], [ 55.3134634, 25.2407266 ] ] ], [ [ [ 55.313539040838499, 25.240997600482931 ], [ 55.313539040838499, 25.240952684718728 ], [ 55.313449209310093, 25.240952684718724 ], [ 55.313449209310093, 25.241042516247138 ], [ 55.313494125074293, 25.241042516247138 ], [ 55.313494125074293, 25.240997600482931 ], [ 55.313539040838499, 25.240997600482931 ] ] ], [ [ [ 55.313560028180824, 25.23842178587908 ], [ 55.3135675, 25.2382956 ], [ 55.313355562292372, 25.238303763740003 ], [ 55.313369162282093, 25.23842446374038 ], [ 55.313515610920149, 25.238423112469935 ], [ 55.3133754, 25.2384273 ], [ 55.313367062275589, 25.238495563739853 ], [ 55.313561162284721, 25.238489763754355 ], [ 55.313560028180824, 25.23842178587908 ] ] ], [ [ [ 55.313359377781673, 25.250429910966183 ], [ 55.313404293545879, 25.250429910966183 ], [ 55.313404293545879, 25.250384995201976 ], [ 55.313359377781673, 25.250384995201976 ], [ 55.313359377781673, 25.250429910966183 ] ] ], [ [ [ 55.3134768, 25.240906 ], [ 55.3135112, 25.2409124 ], [ 55.3135338, 25.2408136 ], [ 55.3134995, 25.2408072 ], [ 55.3134768, 25.240906 ] ] ], [ [ [ 55.3132573, 25.2529174 ], [ 55.313177240405039, 25.253152355849235 ], [ 55.313265440405701, 25.253178755851994 ], [ 55.3133468, 25.2529462 ], [ 55.3132573, 25.2529174 ] ] ], [ [ [ 55.313494125074293, 25.241761168474429 ], [ 55.313494125074293, 25.24167133694602 ], [ 55.313404293545879, 25.241671336946016 ], [ 55.313404293545879, 25.241716252710223 ], [ 55.313359377781673, 25.241716252710219 ], [ 55.313359377781673, 25.241761168474429 ], [ 55.313494125074293, 25.241761168474429 ] ] ], [ [ [ 55.3131639, 25.2379662 ], [ 55.313154762303569, 25.238080863726204 ], [ 55.313359377781673, 25.238078075809543 ], [ 55.313359377781673, 25.238122991573746 ], [ 55.313404293545879, 25.238122991573746 ], [ 55.313404293545879, 25.23816790733796 ], [ 55.313494125074293, 25.238167907337957 ], [ 55.313494125074293, 25.23798824428113 ], [ 55.313449209310093, 25.237988244281127 ], [ 55.313449209310093, 25.237943328516916 ], [ 55.313314462017466, 25.237943328516923 ], [ 55.313314462017978, 25.237992608084056 ], [ 55.3133141, 25.2379645 ], [ 55.3131639, 25.2379662 ] ] ], [ [ [ 55.313481, 25.2388383 ], [ 55.3134754, 25.2385742 ], [ 55.313209062260555, 25.2385846637276 ], [ 55.313214762237003, 25.238848763726633 ], [ 55.313481, 25.2388383 ] ] ], [ [ [ 55.3133326, 25.2451578 ], [ 55.3133607, 25.2451375 ], [ 55.3133462, 25.245121 ], [ 55.3133181, 25.2451413 ], [ 55.3133326, 25.2451578 ] ] ], [ [ [ 55.313172621914859, 25.25492546314587 ], [ 55.313172621912159, 25.254970378909917 ], [ 55.313224630489053, 25.254966403150981 ], [ 55.313224630489053, 25.254921487386778 ], [ 55.313172621914859, 25.25492546314587 ] ] ], [ [ [ 55.313089883196447, 25.251597720835537 ], [ 55.313134798960647, 25.251597720835534 ], [ 55.313134798960647, 25.25164263659974 ], [ 55.313179714724846, 25.25164263659974 ], [ 55.313179714724846, 25.251687552363947 ], [ 55.31326954625326, 25.251687552363947 ], [ 55.31326954625326, 25.251597720835541 ], [ 55.313224630489053, 25.251597720835537 ], [ 55.313224630489053, 25.251552805071334 ], [ 55.313179714724846, 25.251552805071334 ], [ 55.313179714724846, 25.251507889307131 ], [ 55.31295513590382, 25.251507889307128 ], [ 55.31295513590382, 25.251552805071331 ], [ 55.313089883196447, 25.251552805071334 ], [ 55.313089883196447, 25.251597720835537 ] ] ], [ [ [ 55.313404293545879, 25.240952684718721 ], [ 55.31326954625326, 25.240952684718721 ], [ 55.31326954625326, 25.240997600482924 ], [ 55.313224630489053, 25.240997600482924 ], [ 55.313224630489053, 25.241042516247138 ], [ 55.313404293545879, 25.241042516247131 ], [ 55.313404293545879, 25.240952684718721 ] ] ], [ [ [ 55.313083803721511, 25.253397759198073 ], [ 55.313083803716879, 25.25348759072622 ], [ 55.313128719479906, 25.253532506492196 ], [ 55.313224630489053, 25.25352909869639 ], [ 55.313179714724846, 25.253349435639567 ], [ 55.313134798960647, 25.253349435639567 ], [ 55.313083803721511, 25.253397759198073 ] ] ], [ [ [ 55.313224630489053, 25.25177738389236 ], [ 55.313224630489053, 25.251732468128157 ], [ 55.313179714724846, 25.251732468128161 ], [ 55.313179714724846, 25.251777383892367 ], [ 55.313224630489053, 25.25177738389236 ] ] ], [ [ [ 55.313179714724846, 25.254786740094161 ], [ 55.313127706157445, 25.254790715851492 ], [ 55.313127706154738, 25.254835631615535 ], [ 55.313179714724846, 25.254831655858364 ], [ 55.313179714724846, 25.254786740094161 ] ] ], [ [ [ 55.313179714724846, 25.250519742494596 ], [ 55.313224630489053, 25.2505197424946 ], [ 55.313224630489053, 25.25047482673039 ], [ 55.313179714724846, 25.250474826730386 ], [ 55.313179714724846, 25.250519742494596 ] ] ], [ [ [ 55.3134216, 25.2347649 ], [ 55.3134256, 25.2347342 ], [ 55.3133572, 25.2347269 ], [ 55.313320578670272, 25.234775888854298 ], [ 55.3134216, 25.2347649 ] ] ], [ [ [ 55.313103055855279, 25.250903290841642 ], [ 55.313086955850295, 25.250948590840142 ], [ 55.3131563, 25.2509615 ], [ 55.3131724, 25.2509099 ], [ 55.313103055855279, 25.250903290841642 ] ] ], [ [ [ 55.313044967432234, 25.25038499520198 ], [ 55.313044967432234, 25.250429910966179 ], [ 55.313089883196447, 25.250429910966186 ], [ 55.313089883196447, 25.250474826730393 ], [ 55.313134798960647, 25.25047482673039 ], [ 55.313134798960647, 25.250429910966183 ], [ 55.313179714724846, 25.250429910966183 ], [ 55.313179714724846, 25.250384995201976 ], [ 55.313044967432234, 25.25038499520198 ] ] ], [ [ [ 55.313134798960647, 25.253663845989003 ], [ 55.313134798960647, 25.253618930224807 ], [ 55.313039090594174, 25.253622224423463 ], [ 55.313039090591936, 25.253667140187535 ], [ 55.313134798960647, 25.253663845989003 ] ] ], [ [ [ 55.312812361592741, 25.245796063660002 ], [ 55.3132377, 25.2454918 ], [ 55.3132082, 25.2453217 ], [ 55.3129744, 25.2450558 ], [ 55.312507661610475, 25.245449463639105 ], [ 55.312812361592741, 25.245796063660002 ] ] ], [ [ [ 55.313356029340383, 25.233525947198444 ], [ 55.3133925, 25.2335055 ], [ 55.3134017, 25.2330608 ], [ 55.3131113, 25.2330661 ], [ 55.313074829433432, 25.233086547134498 ], [ 55.313068629296374, 25.233527047124952 ], [ 55.313356029340383, 25.233525947198444 ] ] ], [ [ [ 55.3133264, 25.2385163 ], [ 55.3133264, 25.2384796 ], [ 55.313232862270553, 25.238485563729903 ], [ 55.313232862267235, 25.23852226372971 ], [ 55.3133264, 25.2385163 ] ] ], [ [ [ 55.313327, 25.2384609 ], [ 55.313327, 25.2384336 ], [ 55.313264, 25.2384336 ], [ 55.313264, 25.2384609 ], [ 55.313327, 25.2384609 ] ] ], [ [ [ 55.313325, 25.2382999 ], [ 55.3132809, 25.2382993 ], [ 55.3132802, 25.2383441 ], [ 55.3133243, 25.2383447 ], [ 55.313325, 25.2382999 ] ] ], [ [ [ 55.3131361, 25.2425979 ], [ 55.313131540810588, 25.242638255871526 ], [ 55.313233140812521, 25.24263825587477 ], [ 55.3132377, 25.2425979 ], [ 55.3131361, 25.2425979 ] ] ], [ [ [ 55.313224630489053, 25.238347570394776 ], [ 55.31326954625326, 25.238347570394779 ], [ 55.31326954625326, 25.238302654630566 ], [ 55.313224630489053, 25.238302654630576 ], [ 55.313224630489053, 25.238347570394776 ] ] ], [ [ [ 55.313089883196447, 25.251283310486091 ], [ 55.313089883196447, 25.251238394721891 ], [ 55.313044967432234, 25.251238394721895 ], [ 55.313044967432234, 25.251283310486095 ], [ 55.313089883196447, 25.251283310486091 ] ] ], [ [ [ 55.313043, 25.2513879 ], [ 55.312996247676615, 25.251411426489671 ], [ 55.3130035, 25.2513259 ], [ 55.3129273, 25.2511701 ], [ 55.3128627, 25.2511526 ], [ 55.312794161105963, 25.251183863630256 ], [ 55.312746361089658, 25.251341063625855 ], [ 55.312754561083807, 25.251409963626106 ], [ 55.312827761078132, 25.251508863631045 ], [ 55.312884661079202, 25.251524963635198 ], [ 55.3129547, 25.2514941 ], [ 55.312991706938682, 25.251430836543207 ], [ 55.313021861090419, 25.251468163645743 ], [ 55.313059, 25.2514581 ], [ 55.3130804, 25.2514295 ], [ 55.313043, 25.2513879 ] ] ], [ [ [ 55.313214641021084, 25.237231255886382 ], [ 55.3132675, 25.2372287 ], [ 55.3132675, 25.237194 ], [ 55.313214641022427, 25.237196555886467 ], [ 55.313214641021084, 25.237231255886382 ] ] ], [ [ [ 55.3127735, 25.248806 ], [ 55.312698361309515, 25.248880163635249 ], [ 55.312735861308219, 25.248912963637867 ], [ 55.312803046771954, 25.248851788739678 ], [ 55.312921261311253, 25.248970563651401 ], [ 55.3131069, 25.2487705 ], [ 55.312948496424745, 25.248678252009999 ], [ 55.3130362, 25.2485852 ], [ 55.31299760000001, 25.2485571 ], [ 55.312905361339013, 25.248654963651877 ], [ 55.312923504175181, 25.248668171264946 ], [ 55.3128968, 25.2486574 ], [ 55.3127735, 25.248806 ] ] ], [ [ [ 55.312992756214747, 25.254700997909573 ], [ 55.313000051668027, 25.254651992801545 ], [ 55.312902924686384, 25.254656082140922 ], [ 55.312902924683605, 25.25470099790498 ], [ 55.312992756214747, 25.254700997909573 ] ] ], [ [ [ 55.313089883196447, 25.238257738866363 ], [ 55.313089883196447, 25.238302654630573 ], [ 55.313179714724846, 25.238302654630566 ], [ 55.313179714724846, 25.238212823102153 ], [ 55.313224630489053, 25.238212823102156 ], [ 55.313224630489053, 25.238167907337957 ], [ 55.313179714724846, 25.238167907337957 ], [ 55.313179714724846, 25.238122991573746 ], [ 55.313134798960647, 25.238122991573739 ], [ 55.313134798960647, 25.238078075809543 ], [ 55.31295513590382, 25.238078075809547 ], [ 55.31295513590382, 25.23821282310216 ], [ 55.313044967432234, 25.23821282310216 ], [ 55.313044967432234, 25.238257738866363 ], [ 55.313089883196447, 25.238257738866363 ] ] ], [ [ [ 55.313097662271922, 25.238403863720237 ], [ 55.313154362270382, 25.238448763724229 ], [ 55.3132046, 25.2384019 ], [ 55.3131479, 25.238357 ], [ 55.313097662271922, 25.238403863720237 ] ] ], [ [ [ 55.312976241020316, 25.237133855878994 ], [ 55.313013541017021, 25.237237455879953 ], [ 55.3131992, 25.2371815 ], [ 55.3131618, 25.2370779 ], [ 55.312976241020316, 25.237133855878994 ] ] ], [ [ [ 55.3131212, 25.2423899 ], [ 55.3131212, 25.242282 ], [ 55.312932104102188, 25.242294779331129 ], [ 55.312932104081334, 25.242402679329917 ], [ 55.3131212, 25.2423899 ] ] ], [ [ [ 55.312910220139621, 25.250834152844043 ], [ 55.313000051668027, 25.250834152844035 ], [ 55.313000051668027, 25.250789237079832 ], [ 55.312910220139621, 25.250789237079832 ], [ 55.312910220139621, 25.250834152844043 ] ] ], [ [ [ 55.3129084, 25.2519289 ], [ 55.312685641318794, 25.252036232308782 ], [ 55.312685641318581, 25.251957046949183 ], [ 55.312635659377555, 25.251959886765437 ], [ 55.312590743610464, 25.252004802527935 ], [ 55.312590743608538, 25.252049718292028 ], [ 55.312662082929307, 25.252047583468226 ], [ 55.312548784712071, 25.252137606581464 ], [ 55.3125458, 25.2520721 ], [ 55.3124721, 25.252053 ], [ 55.312409058621675, 25.252085166513382 ], [ 55.312387448255414, 25.252049378672304 ], [ 55.312505978261761, 25.2520468784776 ], [ 55.312505978261761, 25.252001962713393 ], [ 55.312416146733348, 25.25195704694918 ], [ 55.312326315204935, 25.251957046949183 ], [ 55.312281399441012, 25.251987194278158 ], [ 55.312281399440728, 25.251912131184987 ], [ 55.312186096433166, 25.251915198169407 ], [ 55.312186096428995, 25.252005029697575 ], [ 55.312262586625174, 25.252002568140998 ], [ 55.312335328611134, 25.252122786784746 ], [ 55.312023560972719, 25.252281863566967 ], [ 55.31201286096772, 25.252332163565903 ], [ 55.312231360964986, 25.252469763581484 ], [ 55.312316960966655, 25.252493463587744 ], [ 55.3125031, 25.2523932 ], [ 55.312539875048621, 25.252208416771456 ], [ 55.3128726, 25.2522107 ], [ 55.3129649, 25.2520394 ], [ 55.3129084, 25.2519289 ] ] ], [ [ [ 55.312723970889756, 25.25492517914234 ], [ 55.312723970884747, 25.255015010670459 ], [ 55.312910220139621, 25.255011318915194 ], [ 55.312910220139621, 25.254966403150991 ], [ 55.3128203886112, 25.254921487386781 ], [ 55.312723970889756, 25.25492517914234 ] ] ], [ [ [ 55.313134798960647, 25.235068719607735 ], [ 55.313134798960647, 25.235158551136148 ], [ 55.313179714724846, 25.235158551136145 ], [ 55.313179714724846, 25.235068719607732 ], [ 55.313134798960647, 25.235068719607735 ] ] ], [ [ [ 55.313083162274381, 25.23836936371935 ], [ 55.3131352, 25.2383494 ], [ 55.3131342, 25.2383287 ], [ 55.31306706227663, 25.23833656371831 ], [ 55.313083162274381, 25.23836936371935 ] ] ], [ [ [ 55.312910220139621, 25.250654489787212 ], [ 55.31295513590382, 25.250654489787212 ], [ 55.31295513590382, 25.250609574023006 ], [ 55.312910220139621, 25.250609574023006 ], [ 55.312910220139621, 25.250654489787212 ] ] ], [ [ [ 55.312935, 25.2509886 ], [ 55.3128946, 25.2508169 ], [ 55.3127868, 25.2507608 ], [ 55.312719161137821, 25.25079376362671 ], [ 55.312674860623552, 25.250923984375337 ], [ 55.312595809790174, 25.250923984372452 ], [ 55.312595809790174, 25.250968900136648 ], [ 55.312640725554381, 25.250968900136652 ], [ 55.312640725554381, 25.251013815900862 ], [ 55.312685641318737, 25.25100609090196 ], [ 55.312764761110635, 25.251117563628409 ], [ 55.312822161111889, 25.251131963632616 ], [ 55.3128914, 25.2510993 ], [ 55.312935, 25.2509886 ] ] ], [ [ [ 55.312685641318829, 25.24206289142689 ], [ 55.312704704095715, 25.242216479295674 ], [ 55.312979504122033, 25.242215379339605 ], [ 55.3130387, 25.2421325 ], [ 55.3130383, 25.2420548 ], [ 55.3130022, 25.2420319 ], [ 55.312730557083299, 25.242032983816607 ], [ 55.312730557082787, 25.241985747295463 ], [ 55.312685641318581, 25.241985747295459 ], [ 55.312685641318829, 25.24206289142689 ] ] ], [ [ [ 55.312855941481217, 25.241446454563331 ], [ 55.3129899, 25.2413587 ], [ 55.313042, 25.2411049 ], [ 55.312507521144482, 25.241095907806788 ], [ 55.312395621114973, 25.24161340780045 ], [ 55.31248812111351, 25.241687407804175 ], [ 55.312737005354528, 25.241524367929284 ], [ 55.3128562, 25.2415113 ], [ 55.312855941481217, 25.241446454563331 ] ] ], [ [ [ 55.3130652, 25.2383263 ], [ 55.3129429, 25.2383263 ], [ 55.3129429, 25.2384039 ], [ 55.3130652, 25.2384039 ], [ 55.3130652, 25.2383263 ] ] ], [ [ [ 55.312966, 25.2377689 ], [ 55.3129133, 25.2377739 ], [ 55.312904362317603, 25.237802063708997 ], [ 55.312964062317469, 25.237832763713286 ], [ 55.3130016, 25.2378051 ], [ 55.312966, 25.2377689 ] ] ], [ [ [ 55.3130016, 25.2378051 ], [ 55.3129747, 25.2378268 ], [ 55.3130346, 25.2378876 ], [ 55.3130659, 25.2378624 ], [ 55.3130016, 25.2378051 ] ] ], [ [ [ 55.312987362301477, 25.23802176371403 ], [ 55.3130591, 25.2379787 ], [ 55.3130308, 25.2379406 ], [ 55.312959062303648, 25.237983663712122 ], [ 55.312987362301477, 25.23802176371403 ] ] ], [ [ [ 55.312712140446791, 25.251843755837324 ], [ 55.312765340444393, 25.251931755838822 ], [ 55.3128651, 25.2518821 ], [ 55.312812, 25.2517942 ], [ 55.312712140446791, 25.251843755837324 ] ] ], [ [ [ 55.3125567, 25.2472344 ], [ 55.312053202994591, 25.247594079130785 ], [ 55.312573202932612, 25.248170479207396 ], [ 55.3128185, 25.2479793 ], [ 55.3128965, 25.247857 ], [ 55.312922, 25.2477539 ], [ 55.3129089, 25.2476038 ], [ 55.3127194, 25.2473937 ], [ 55.312604169644722, 25.247398292529088 ], [ 55.3126657, 25.2473533 ], [ 55.3125567, 25.2472344 ] ] ], [ [ [ 55.312773462383234, 25.237009663703411 ], [ 55.3130637, 25.2369625 ], [ 55.31299940000001, 25.236788 ], [ 55.312771226332828, 25.236813723021708 ], [ 55.31266290345998, 25.236805422309846 ], [ 55.3126661, 25.2367633 ], [ 55.3125871, 25.2367657 ], [ 55.3126012, 25.2368138 ], [ 55.312653341129554, 25.23682349404794 ], [ 55.312596909847116, 25.236868198488555 ], [ 55.3125941, 25.2368214 ], [ 55.3125562, 25.2368022 ], [ 55.3125593, 25.2368709 ], [ 55.312591550033467, 25.236869873474337 ], [ 55.312551262384844, 25.236882463687515 ], [ 55.312560762372733, 25.237021563687492 ], [ 55.312773462383234, 25.237009663703411 ] ] ], [ [ [ 55.3128203886112, 25.254382498216302 ], [ 55.312768988010873, 25.254386133179409 ], [ 55.312768988008408, 25.254431048943477 ], [ 55.3128203886112, 25.254427413980512 ], [ 55.3128203886112, 25.254382498216302 ] ] ], [ [ [ 55.313000051668027, 25.237404339346451 ], [ 55.313044967432234, 25.237404339346448 ], [ 55.313044967432234, 25.237314507818031 ], [ 55.313000051668027, 25.237314507818038 ], [ 55.313000051668027, 25.237404339346451 ] ] ], [ [ [ 55.3122361, 25.248886 ], [ 55.3127093, 25.2492418 ], [ 55.3128822, 25.2490536 ], [ 55.312409, 25.2486978 ], [ 55.3122361, 25.248886 ] ] ], [ [ [ 55.31295513590382, 25.231879700349115 ], [ 55.313089883196447, 25.231879700349111 ], [ 55.313089883196447, 25.231789868820702 ], [ 55.312910220139621, 25.231789868820705 ], [ 55.312910220139621, 25.231834784584912 ], [ 55.31295513590382, 25.231834784584898 ], [ 55.31295513590382, 25.231879700349115 ] ] ], [ [ [ 55.3130199, 25.2362095 ], [ 55.312931405275016, 25.23622347939958 ], [ 55.312934105252573, 25.236340979398683 ], [ 55.3130226, 25.236327 ], [ 55.3130199, 25.2362095 ] ] ], [ [ [ 55.312640725554381, 25.254023172102659 ], [ 55.312590642196334, 25.254070984472406 ], [ 55.312590642192397, 25.254160816000585 ], [ 55.312635557955602, 25.254205731766305 ], [ 55.312685641318581, 25.254202835159482 ], [ 55.312775472846994, 25.254113003631069 ], [ 55.312775472846994, 25.254068087866862 ], [ 55.312730557082787, 25.254023172102666 ], [ 55.312640725554381, 25.254023172102659 ] ] ], [ [ [ 55.3122099, 25.2442159 ], [ 55.311717903546459, 25.244573679111308 ], [ 55.312395303465159, 25.245327479211078 ], [ 55.3128874, 25.2449697 ], [ 55.3122099, 25.2442159 ] ] ], [ [ [ 55.312910220139621, 25.236640771354949 ], [ 55.313000051668027, 25.236640771354953 ], [ 55.313000051668027, 25.236595855590743 ], [ 55.312910220139621, 25.236595855590746 ], [ 55.312910220139621, 25.236640771354949 ] ] ], [ [ [ 55.312865304375407, 25.241940831531256 ], [ 55.312910220139621, 25.241940831531252 ], [ 55.312910220139621, 25.241895915767053 ], [ 55.312865304375407, 25.241895915767053 ], [ 55.312865304375407, 25.241940831531256 ] ] ], [ [ [ 55.31295513590382, 25.234754309258296 ], [ 55.31295513590382, 25.234799225022506 ], [ 55.313000051668027, 25.234799225022503 ], [ 55.313000051668027, 25.234754309258296 ], [ 55.31295513590382, 25.234754309258296 ] ] ], [ [ [ 55.3127396, 25.2511201 ], [ 55.3126792, 25.2511253 ], [ 55.3126809, 25.2511727 ], [ 55.3127422, 25.2511737 ], [ 55.3127396, 25.2511201 ] ] ], [ [ [ 55.3129196, 25.2389343 ], [ 55.3128002, 25.2389341 ], [ 55.3128001, 25.2389683 ], [ 55.3129195, 25.2389686 ], [ 55.3129196, 25.2389343 ] ] ], [ [ [ 55.312818740786582, 25.243105455860462 ], [ 55.312819040785556, 25.243132355860414 ], [ 55.312852, 25.2431296 ], [ 55.3128517, 25.2431022 ], [ 55.312818740786582, 25.243105455860462 ] ] ], [ [ [ 55.312595809790174, 25.251507889307131 ], [ 55.312595809790174, 25.251552805071338 ], [ 55.312640725554381, 25.251552805071334 ], [ 55.312640725554381, 25.251597720835534 ], [ 55.312730557082787, 25.251597720835537 ], [ 55.312730557082787, 25.251507889307131 ], [ 55.312595809790174, 25.251507889307131 ] ] ], [ [ [ 55.3127511, 25.2370994 ], [ 55.3127633, 25.2371529 ], [ 55.3129297, 25.2371217 ], [ 55.3129122, 25.2370452 ], [ 55.3127458, 25.2370763 ], [ 55.3127511, 25.2370994 ] ] ], [ [ [ 55.31238848532152, 25.238229308048655 ], [ 55.312389562253131, 25.238264063668176 ], [ 55.312543499421899, 25.238268873326788 ], [ 55.312544273782223, 25.238327289559191 ], [ 55.312462162250092, 25.238333463673225 ], [ 55.312462162244152, 25.238399363672865 ], [ 55.3129028, 25.2384215 ], [ 55.3129027, 25.238327099999989 ], [ 55.312669646288143, 25.238327010419766 ], [ 55.312669221791737, 25.23825290637587 ], [ 55.312747062270056, 25.238252063694897 ], [ 55.3128261, 25.2381855 ], [ 55.3129046, 25.2380205 ], [ 55.3128999, 25.237915 ], [ 55.3127671, 25.2376038 ], [ 55.3125653, 25.2373335 ], [ 55.3120904, 25.2373943 ], [ 55.312068984840515, 25.237459992709667 ], [ 55.3120371, 25.2374609 ], [ 55.312052799606747, 25.237518114872177 ], [ 55.311980662278899, 25.237777163640246 ], [ 55.311999362244407, 25.238168963639573 ], [ 55.312032262243122, 25.238199363641868 ], [ 55.31238848532152, 25.238229308048655 ] ] ], [ [ [ 55.3129066, 25.2375662 ], [ 55.3128976, 25.237501 ], [ 55.3128256, 25.2375091 ], [ 55.3128346, 25.2375743 ], [ 55.3129066, 25.2375662 ] ] ], [ [ [ 55.3129448, 25.2341641 ], [ 55.3129563, 25.2336332 ], [ 55.3121104, 25.2336104 ], [ 55.31207696835417, 25.233629142963419 ], [ 55.312079268201785, 25.234168242955036 ], [ 55.31291136831355, 25.234182843149792 ], [ 55.3129448, 25.2341641 ] ] ], [ [ [ 55.3128407, 25.2416434 ], [ 55.3127651, 25.2415827 ], [ 55.312637, 25.2417131 ], [ 55.3127127, 25.2417739 ], [ 55.3128407, 25.2416434 ] ] ], [ [ [ 55.312865304375407, 25.236371276769713 ], [ 55.312910220139621, 25.236371276769713 ], [ 55.312910220139621, 25.23632636100551 ], [ 55.312865304375407, 25.236326361005506 ], [ 55.312865304375407, 25.236371276769713 ] ] ], [ [ [ 55.3128891, 25.2372086 ], [ 55.3127573, 25.2372142 ], [ 55.312626962347714, 25.237331563690784 ], [ 55.312734562342747, 25.23743966369824 ], [ 55.3128956, 25.2374279 ], [ 55.3128891, 25.2372086 ] ] ], [ [ [ 55.312865304375407, 25.234933972315122 ], [ 55.312865304375407, 25.234978888079329 ], [ 55.312910220139621, 25.234978888079326 ], [ 55.312910220139621, 25.234933972315122 ], [ 55.312865304375407, 25.234933972315122 ] ] ], [ [ [ 55.312461062497555, 25.254202835159482 ], [ 55.312371230969148, 25.254202835159486 ], [ 55.312366164688214, 25.254250590724617 ], [ 55.312545827743037, 25.254385338023276 ], [ 55.312595809790174, 25.254382498216305 ], [ 55.312640725554381, 25.254337582452102 ], [ 55.312640725554381, 25.254247750923685 ], [ 55.312461062497555, 25.254202835159482 ] ] ], [ [ [ 55.312775472846994, 25.241042516247131 ], [ 55.3128203886112, 25.241042516247134 ], [ 55.3128203886112, 25.240997600482928 ], [ 55.312775472846994, 25.24099760048292 ], [ 55.312775472846994, 25.241042516247131 ] ] ], [ [ [ 55.312461062497555, 25.250519742494596 ], [ 55.312371230969148, 25.250519742494596 ], [ 55.312371230969148, 25.250609574023002 ], [ 55.312550894025975, 25.250609574022999 ], [ 55.312550894025975, 25.250564658258796 ], [ 55.312595809790174, 25.250564658258799 ], [ 55.312595809790174, 25.250519742494596 ], [ 55.312685641318581, 25.250519742494596 ], [ 55.312685641318581, 25.25047482673039 ], [ 55.312640725554381, 25.25047482673039 ], [ 55.312640725554381, 25.250429910966183 ], [ 55.312595809790174, 25.250429910966176 ], [ 55.312595809790174, 25.250474826730393 ], [ 55.312461062497555, 25.250474826730386 ], [ 55.312461062497555, 25.250519742494596 ] ] ], [ [ [ 55.3125752, 25.2512274 ], [ 55.312461062497555, 25.251238394721891 ], [ 55.312461062497555, 25.251283310486091 ], [ 55.312416146733348, 25.251283310486095 ], [ 55.312416146733348, 25.251328226250301 ], [ 55.312491695205019, 25.251328226253957 ], [ 55.312550640457488, 25.251487455832965 ], [ 55.3126589, 25.2514535 ], [ 55.3125752, 25.2512274 ] ] ], [ [ [ 55.312843505254634, 25.236285779384833 ], [ 55.3128663, 25.236273 ], [ 55.3128528, 25.2359355 ], [ 55.3128021, 25.2359372 ], [ 55.312779305313391, 25.235949979378372 ], [ 55.312792805249487, 25.236287479376706 ], [ 55.312843505254634, 25.236285779384833 ] ] ], [ [ [ 55.312480408260747, 25.232554973088789 ], [ 55.3129193, 25.2323647 ], [ 55.3128388, 25.2322438 ], [ 55.312115111785815, 25.232634858623161 ], [ 55.312149911772153, 25.2326873586331 ], [ 55.312277240405123, 25.23263635527957 ], [ 55.312249829422427, 25.232716446930283 ], [ 55.312277429398527, 25.232807346935701 ], [ 55.312836029479335, 25.232820547078258 ], [ 55.3128725, 25.2328001 ], [ 55.3128793, 25.2325643 ], [ 55.312480408260747, 25.232554973088789 ] ] ], [ [ [ 55.312630762217623, 25.238776463683458 ], [ 55.312685641318581, 25.238751812272625 ], [ 55.312685641318581, 25.238796728036828 ], [ 55.312775472846994, 25.238796728036835 ], [ 55.312775472846994, 25.238751812272625 ], [ 55.3128203886112, 25.238751812272621 ], [ 55.3128203886112, 25.238661980744208 ], [ 55.312685641318581, 25.238661980744215 ], [ 55.312685641318708, 25.238686903604307 ], [ 55.312658, 25.2386609 ], [ 55.312482862220705, 25.238669663672997 ], [ 55.312483662217318, 25.238707563672854 ], [ 55.312685641318652, 25.238699404153358 ], [ 55.312685641318581, 25.238706896508425 ], [ 55.312640725554381, 25.238706896508429 ], [ 55.312640725554509, 25.23873090054995 ], [ 55.3124826, 25.238732099999989 ], [ 55.312472762206895, 25.238817863671461 ], [ 55.3125254, 25.2388116 ], [ 55.312525102902114, 25.238777730808511 ], [ 55.312630762217623, 25.238776463683458 ] ] ], [ [ [ 55.3124689, 25.2418177 ], [ 55.31247, 25.2419253 ], [ 55.3127615, 25.2419229 ], [ 55.3127607, 25.2418414 ], [ 55.3127309, 25.2418416 ], [ 55.3127306, 25.2418156 ], [ 55.3124689, 25.2418177 ] ] ], [ [ [ 55.312842, 25.2353857 ], [ 55.3128239, 25.2348197 ], [ 55.312731, 25.2347831 ], [ 55.3124526, 25.2347904 ], [ 55.312271810934654, 25.234915458621707 ], [ 55.312289210727229, 25.235460958614947 ], [ 55.312706910804643, 25.235465958748325 ], [ 55.312842, 25.2353857 ] ] ], [ [ [ 55.3128203886112, 25.233317004803705 ], [ 55.312865304375407, 25.233317004803705 ], [ 55.312865304375407, 25.233272089039506 ], [ 55.312730557082787, 25.233272089039499 ], [ 55.312730557082787, 25.233361920567908 ], [ 55.3128203886112, 25.233361920567908 ], [ 55.3128203886112, 25.233317004803705 ] ] ], [ [ [ 55.3128861, 25.231809 ], [ 55.3126401, 25.2314189 ], [ 55.311688707987486, 25.231911239000489 ], [ 55.311941707916212, 25.232312439048346 ], [ 55.3128861, 25.231809 ] ] ], [ [ [ 55.3124631, 25.238448 ], [ 55.31245536222076, 25.238655463671012 ], [ 55.3127797, 25.2386457 ], [ 55.312777, 25.2384443 ], [ 55.3124631, 25.238448 ] ] ], [ [ [ 55.312667, 25.2425046 ], [ 55.3127059, 25.2425045 ], [ 55.3127056, 25.2424123 ], [ 55.3126667, 25.2424124 ], [ 55.312667, 25.2425046 ] ] ], [ [ [ 55.3126667, 25.2423818 ], [ 55.3127054, 25.2423818 ], [ 55.3127052, 25.2422983 ], [ 55.3126666, 25.2422984 ], [ 55.3126667, 25.2423818 ] ] ], [ [ [ 55.312492107753634, 25.243256758503669 ], [ 55.312617807777059, 25.243257958543825 ], [ 55.3126634, 25.2432324 ], [ 55.3126642, 25.2431583 ], [ 55.312509, 25.2431565 ], [ 55.312463407777045, 25.243182058496188 ], [ 55.312462707754349, 25.243240458494636 ], [ 55.312492107753634, 25.243256758503669 ] ] ], [ [ [ 55.312550894025975, 25.251148563193471 ], [ 55.312550894025975, 25.251013815900858 ], [ 55.3124469, 25.2508084 ], [ 55.312360261117725, 25.250840063599689 ], [ 55.31245106110196, 25.25105956360531 ], [ 55.312505978262479, 25.251039516375741 ], [ 55.312505978261761, 25.251148563193471 ], [ 55.312550894025975, 25.251148563193471 ] ] ], [ [ [ 55.3124907, 25.2540199 ], [ 55.312505978261761, 25.25393334057425 ], [ 55.3124111817922, 25.253936123581489 ], [ 55.31236626602518, 25.253981039344023 ], [ 55.31239234035462, 25.254070355822069 ], [ 55.3124907, 25.2540199 ] ] ], [ [ [ 55.312408340442623, 25.251802055827699 ], [ 55.312446540440973, 25.251863355828782 ], [ 55.3125146, 25.2518285 ], [ 55.3124764, 25.2517671 ], [ 55.312408340442623, 25.251802055827699 ] ] ], [ [ [ 55.312725, 25.2362307 ], [ 55.3127196, 25.2359311 ], [ 55.3126042, 25.2359328 ], [ 55.312581405295447, 25.235945579346801 ], [ 55.312586705238083, 25.236245179344252 ], [ 55.312725, 25.2362307 ] ] ], [ [ [ 55.312416146733348, 25.253304519875364 ], [ 55.312461062497555, 25.253304519875364 ], [ 55.312461062497555, 25.253259604111154 ], [ 55.312416146733348, 25.253259604111165 ], [ 55.312416146733348, 25.253304519875364 ] ] ], [ [ [ 55.312192603078074, 25.247230679157173 ], [ 55.312297603064749, 25.247351279172602 ], [ 55.3125268, 25.2471915 ], [ 55.3124218, 25.2470709 ], [ 55.312192603078074, 25.247230679157173 ] ] ], [ [ [ 55.312276839758397, 25.254968958967336 ], [ 55.312411587051848, 25.255013874735738 ], [ 55.312371230969148, 25.254831655858368 ], [ 55.312326315204935, 25.254831655858361 ], [ 55.312276839761871, 25.254879127439118 ], [ 55.312276839758397, 25.254968958967336 ] ] ], [ [ [ 55.3126356, 25.2390135 ], [ 55.3126351, 25.2389607 ], [ 55.3124849, 25.2389619 ], [ 55.3124854, 25.2390147 ], [ 55.3126356, 25.2390135 ] ] ], [ [ [ 55.3121731, 25.2494514 ], [ 55.3124727, 25.2491363 ], [ 55.3121513, 25.2488863 ], [ 55.311828902660139, 25.24921417907662 ], [ 55.312150302642372, 25.24946417912518 ], [ 55.3121731, 25.2494514 ] ] ], [ [ [ 55.3122099, 25.2479468 ], [ 55.3121337, 25.2478972 ], [ 55.3120624, 25.2479051 ], [ 55.311859702875708, 25.248114079093973 ], [ 55.31230940284668, 25.248485379161664 ], [ 55.3124517, 25.2483542 ], [ 55.31247, 25.2482537 ], [ 55.3122099, 25.2479468 ] ] ], [ [ [ 55.312281399440728, 25.250834152844039 ], [ 55.312371230969148, 25.250834152844043 ], [ 55.312371230969148, 25.250789237079832 ], [ 55.312416146733348, 25.250789237079832 ], [ 55.312416146733348, 25.250744321315629 ], [ 55.312371230969148, 25.250744321315622 ], [ 55.312371230969148, 25.250699405551423 ], [ 55.312236483676521, 25.250699405551419 ], [ 55.312236483676521, 25.250834152844035 ], [ 55.312191567912315, 25.250834152844035 ], [ 55.312191567912315, 25.250879068608246 ], [ 55.312281399440728, 25.250879068608238 ], [ 55.312281399440728, 25.250834152844039 ] ] ], [ [ [ 55.3121676, 25.240725 ], [ 55.3122753, 25.2407703 ], [ 55.312517562030976, 25.240791163664401 ], [ 55.3125515, 25.2406957 ], [ 55.3122085, 25.2405936 ], [ 55.3121676, 25.240725 ] ] ], [ [ [ 55.3124297, 25.2437961 ], [ 55.3124164, 25.243859 ], [ 55.3124761, 25.2438693 ], [ 55.3124894, 25.2438064 ], [ 55.3124297, 25.2437961 ] ] ], [ [ [ 55.3124105, 25.2470565 ], [ 55.3121706, 25.2467976 ], [ 55.311946503106427, 25.246962979120859 ], [ 55.312186403079188, 25.247221879156285 ], [ 55.3124105, 25.2470565 ] ] ], [ [ [ 55.312085040356678, 25.253865955812699 ], [ 55.312183240356845, 25.253909755815737 ], [ 55.3122931, 25.253714 ], [ 55.3121949, 25.2536702 ], [ 55.312085040356678, 25.253865955812699 ] ] ], [ [ [ 55.312281399440728, 25.254157919395279 ], [ 55.312281399440728, 25.25406808786687 ], [ 55.312141991172403, 25.254070700476799 ], [ 55.312141991168851, 25.254160532004999 ], [ 55.312186906932148, 25.254205447770573 ], [ 55.312231822697228, 25.254205447772044 ], [ 55.312281399440728, 25.254157919395279 ] ] ], [ [ [ 55.3123935, 25.2440594 ], [ 55.31239260000001, 25.2440743 ], [ 55.3124171, 25.2440755 ], [ 55.312418, 25.2440606 ], [ 55.3123935, 25.2440594 ] ] ], [ [ [ 55.3124361, 25.2426591 ], [ 55.3124364, 25.2422539 ], [ 55.312023704021342, 25.242266479186263 ], [ 55.312023403943016, 25.24267167918163 ], [ 55.3124361, 25.2426591 ] ] ], [ [ [ 55.312497005228742, 25.23624937932988 ], [ 55.3125198, 25.2362366 ], [ 55.3125158, 25.2359321 ], [ 55.3123976, 25.2359334 ], [ 55.312374805275709, 25.235946179313778 ], [ 55.31237890521728, 25.236250679310988 ], [ 55.312497005228742, 25.23624937932988 ] ] ], [ [ [ 55.312191567912315, 25.253169772582744 ], [ 55.312236483676521, 25.253169772582751 ], [ 55.312236483676521, 25.253124856818534 ], [ 55.312281399440728, 25.253124856818538 ], [ 55.312281399440728, 25.253079941054331 ], [ 55.312236483676521, 25.253079941054335 ], [ 55.312236483676521, 25.253035025290124 ], [ 55.312191567912315, 25.253035025290128 ], [ 55.312191567912315, 25.253169772582744 ] ] ], [ [ [ 55.31189192106622, 25.242311907776877 ], [ 55.31190970611852, 25.242296672235135 ], [ 55.3119168, 25.2423237 ], [ 55.3124376, 25.2417628 ], [ 55.3121648, 25.2413968 ], [ 55.3120036, 25.2412738 ], [ 55.311374221074104, 25.241904607756048 ], [ 55.311510021066262, 25.24212340776117 ], [ 55.311684691060648, 25.242209622397041 ], [ 55.3116862, 25.2422818 ], [ 55.3117412, 25.2422808 ], [ 55.311740233145734, 25.242237037116464 ], [ 55.31189192106622, 25.242311907776877 ] ] ], [ [ [ 55.3121518, 25.2497832 ], [ 55.3123083, 25.2496185 ], [ 55.3118366, 25.2492519 ], [ 55.311657302602235, 25.249429379046767 ], [ 55.312129002576206, 25.249795979118026 ], [ 55.3121518, 25.2497832 ] ] ], [ [ [ 55.3124608, 25.2383876 ], [ 55.3124594, 25.2383277 ], [ 55.3123271, 25.2383304 ], [ 55.3123285, 25.2383903 ], [ 55.3124608, 25.2383876 ] ] ], [ [ [ 55.3117511, 25.2491 ], [ 55.3123085, 25.2485154 ], [ 55.3118113, 25.2481277 ], [ 55.311236102697606, 25.248728878987333 ], [ 55.311728302670176, 25.249112779061683 ], [ 55.3117511, 25.2491 ] ] ], [ [ [ 55.312187109607237, 25.253576513481288 ], [ 55.312187109605539, 25.253621429245399 ], [ 55.312236483676521, 25.2536189302248 ], [ 55.312236483676521, 25.2535740144606 ], [ 55.312187109607237, 25.253576513481288 ] ] ], [ [ [ 55.312461062497555, 25.236820434411772 ], [ 55.312461062497555, 25.236730602883362 ], [ 55.312191567912315, 25.236730602883362 ], [ 55.311832241798676, 25.236775518647566 ], [ 55.311827378874689, 25.236868076408388 ], [ 55.312411283821199, 25.236868076428287 ], [ 55.312461062497555, 25.236820434411772 ] ] ], [ [ [ 55.312191567912315, 25.249441764153655 ], [ 55.312191567912315, 25.249486679917847 ], [ 55.312281399440728, 25.249486679917855 ], [ 55.312281399440728, 25.249441764153651 ], [ 55.312191567912315, 25.249441764153655 ] ] ], [ [ [ 55.312191567912315, 25.254517245508925 ], [ 55.312052260950473, 25.254519801319098 ], [ 55.312052260945258, 25.254654548611416 ], [ 55.312191567912315, 25.254651992801538 ], [ 55.312191567912315, 25.254517245508925 ] ] ], [ [ [ 55.312326315204935, 25.241042516247134 ], [ 55.312326315204935, 25.24099760048292 ], [ 55.312236483676521, 25.240997600482928 ], [ 55.312236483676521, 25.241087432011341 ], [ 55.312371230969148, 25.241087432011337 ], [ 55.312371230969148, 25.241042516247131 ], [ 55.312326315204935, 25.241042516247134 ] ] ], [ [ [ 55.312056820619702, 25.252675699176478 ], [ 55.312011904855503, 25.252675699176475 ], [ 55.312011904855503, 25.252720614940685 ], [ 55.312101736383909, 25.252720614940685 ], [ 55.312101736384157, 25.25264331048886 ], [ 55.312110940403791, 25.252660155816258 ], [ 55.3121964, 25.2526249 ], [ 55.312174400000011, 25.2525255 ], [ 55.3121344, 25.2524868 ], [ 55.312041440407391, 25.252532955814321 ], [ 55.312094891790487, 25.25263078341316 ], [ 55.312056820619702, 25.252630783412275 ], [ 55.312056820619702, 25.252675699176478 ] ] ], [ [ [ 55.312101736383909, 25.252945193761715 ], [ 55.312191567912315, 25.252945193761715 ], [ 55.312191567912315, 25.252900277997512 ], [ 55.312101736383909, 25.252900277997512 ], [ 55.312101736383909, 25.252945193761715 ] ] ], [ [ [ 55.312146652148115, 25.252810446469098 ], [ 55.312191567912315, 25.252810446469091 ], [ 55.312191567912315, 25.252765530704892 ], [ 55.312146652148115, 25.252765530704885 ], [ 55.312146652148115, 25.252810446469098 ] ] ], [ [ [ 55.3118877, 25.247359 ], [ 55.3118718, 25.2473706 ], [ 55.3119623, 25.2474723 ], [ 55.3119796, 25.2474597 ], [ 55.3120341, 25.2475209 ], [ 55.3122645, 25.2473547 ], [ 55.3120657, 25.2471292 ], [ 55.3118352, 25.2473 ], [ 55.3118877, 25.247359 ] ] ], [ [ [ 55.3123705, 25.2382336 ], [ 55.3123401, 25.2382339 ], [ 55.3123403, 25.2382603 ], [ 55.31237070000001, 25.2382601 ], [ 55.3123705, 25.2382336 ] ] ], [ [ [ 55.3121553, 25.2521766 ], [ 55.3120677, 25.2520447 ], [ 55.311909460979109, 25.252154963559125 ], [ 55.311977660972872, 25.252257663563672 ], [ 55.3121553, 25.2521766 ] ] ], [ [ [ 55.31233, 25.2382338 ], [ 55.3123, 25.2382339 ], [ 55.3123001, 25.2382628 ], [ 55.3123302, 25.2382625 ], [ 55.31233, 25.2382338 ] ] ], [ [ [ 55.3119693, 25.2392453 ], [ 55.3119796, 25.2392998 ], [ 55.3122052, 25.239267 ], [ 55.3122435, 25.2392874 ], [ 55.3123, 25.2392009 ], [ 55.3122617, 25.2391804 ], [ 55.3119693, 25.2392453 ] ] ], [ [ [ 55.3122609, 25.238263 ], [ 55.3122945, 25.2382628 ], [ 55.3122943, 25.238234 ], [ 55.3122608, 25.2382341 ], [ 55.3122609, 25.238263 ] ] ], [ [ [ 55.3117688, 25.2549036 ], [ 55.3114929, 25.2547032 ], [ 55.311258660699224, 25.254937063495895 ], [ 55.311419903710529, 25.255064187860022 ], [ 55.3112753, 25.2551307 ], [ 55.3115623, 25.2556409 ], [ 55.3120558, 25.2554137 ], [ 55.3117688, 25.2549036 ] ] ], [ [ [ 55.312007547819164, 25.255013761131366 ], [ 55.312056820619702, 25.254966403150988 ], [ 55.312056820619702, 25.254921487386781 ], [ 55.311922073327082, 25.254921487386781 ], [ 55.311872800525755, 25.254968845363152 ], [ 55.3118728005241, 25.255013761127248 ], [ 55.312007547819164, 25.255013761131366 ] ] ], [ [ [ 55.312191567912315, 25.238527233451592 ], [ 55.312281399440728, 25.238527233451602 ], [ 55.312281399440728, 25.238437401923193 ], [ 55.312191567912315, 25.238437401923189 ], [ 55.312191567912315, 25.238527233451592 ] ] ], [ [ [ 55.311639, 25.2494381 ], [ 55.311283161162756, 25.249811263524755 ], [ 55.311771161150745, 25.2501843635592 ], [ 55.3121244, 25.2498092 ], [ 55.311639, 25.2494381 ] ] ], [ [ [ 55.311698303135671, 25.246689679084273 ], [ 55.311943203109131, 25.246947379120506 ], [ 55.3121544, 25.2467881 ], [ 55.3119095, 25.2465305 ], [ 55.311698303135671, 25.246689679084273 ] ] ], [ [ [ 55.311966989091289, 25.253843509045833 ], [ 55.312056820619702, 25.25384350904584 ], [ 55.312056820619702, 25.253753677517427 ], [ 55.311966989091289, 25.25375367751743 ], [ 55.311966989091289, 25.253843509045833 ] ] ], [ [ [ 55.3120986, 25.2421907 ], [ 55.312131, 25.2422208 ], [ 55.3122178, 25.2421447 ], [ 55.3121854, 25.2421145 ], [ 55.3120986, 25.2421907 ] ] ], [ [ [ 55.312146652148115, 25.243018809872193 ], [ 55.312101736383909, 25.243018809872197 ], [ 55.312101736383909, 25.243063725636404 ], [ 55.312146652148115, 25.2430637256364 ], [ 55.312146652148115, 25.243108641400607 ], [ 55.312191567912315, 25.243108641400614 ], [ 55.312191567912315, 25.242973894107987 ], [ 55.312146652148115, 25.242973894107987 ], [ 55.312146652148115, 25.243018809872193 ] ] ], [ [ [ 55.311961112311877, 25.251915425344173 ], [ 55.311961112309639, 25.251960341108251 ], [ 55.312056820619702, 25.251957046949183 ], [ 55.312056820619702, 25.251867215420766 ], [ 55.312006028079423, 25.251870509581952 ], [ 55.311961112311877, 25.251915425344173 ] ] ], [ [ [ 55.311877157562876, 25.254472329744715 ], [ 55.311697494506049, 25.254472329744726 ], [ 55.311603204624348, 25.254564660273385 ], [ 55.311603204622649, 25.254609576037495 ], [ 55.311872699204407, 25.254834154866444 ], [ 55.311917614969445, 25.254834154867851 ], [ 55.312011904855503, 25.254741824329958 ], [ 55.312011904855503, 25.254651992801541 ], [ 55.311877157562876, 25.254472329744715 ] ] ], [ [ [ 55.312236483676521, 25.238392486158979 ], [ 55.312236483676521, 25.238347570394779 ], [ 55.312191567912315, 25.238347570394772 ], [ 55.312191567912315, 25.238392486158979 ], [ 55.312236483676521, 25.238392486158979 ] ] ], [ [ [ 55.3119334, 25.2538566 ], [ 55.311607662978133, 25.254007062833022 ], [ 55.311607662977643, 25.253888424810043 ], [ 55.311467950726239, 25.253891207784545 ], [ 55.311378119192184, 25.253981039309618 ], [ 55.311378119188404, 25.254070870837801 ], [ 55.311599164769952, 25.254025367624592 ], [ 55.311676340337442, 25.254162455798959 ], [ 55.312017, 25.2540051 ], [ 55.3119334, 25.2538566 ] ] ], [ [ [ 55.312056820619702, 25.241087432011341 ], [ 55.312191567912315, 25.241087432011337 ], [ 55.312191567912315, 25.240997600482928 ], [ 55.312056820619702, 25.240997600482928 ], [ 55.312056820619702, 25.241087432011341 ] ] ], [ [ [ 55.3121347, 25.244081 ], [ 55.3119959, 25.2439282 ], [ 55.311471203573227, 25.244313879074816 ], [ 55.311610103556895, 25.244466679095289 ], [ 55.3121347, 25.244081 ] ] ], [ [ [ 55.312011904855503, 25.252496036119663 ], [ 55.311966989091289, 25.252496036119656 ], [ 55.311966989091289, 25.252540951883869 ], [ 55.311922073327082, 25.252540951883862 ], [ 55.311922073327082, 25.252585867648076 ], [ 55.312011904855503, 25.252585867648076 ], [ 55.312011904855503, 25.252496036119663 ] ] ], [ [ [ 55.3121888, 25.2393661 ], [ 55.312152, 25.2393663 ], [ 55.3121522, 25.2393931 ], [ 55.312189, 25.2393928 ], [ 55.3121888, 25.2393661 ] ] ], [ [ [ 55.3120604, 25.2382402 ], [ 55.3120428, 25.2382802 ], [ 55.3122035, 25.2382778 ], [ 55.3122027, 25.2382318 ], [ 55.3120604, 25.2382402 ] ] ], [ [ [ 55.312158110687527, 25.235499258572176 ], [ 55.312237, 25.2354463 ], [ 55.3121877, 25.2348012 ], [ 55.31210173638442, 25.234804113260697 ], [ 55.312101736383909, 25.2347543092583 ], [ 55.312056820619702, 25.234754309258296 ], [ 55.312056820620214, 25.234805635411789 ], [ 55.311922073327565, 25.234810201782668 ], [ 55.311922073327082, 25.234754309258296 ], [ 55.311787326034462, 25.234754309258296 ], [ 55.311787326034462, 25.234799225022503 ], [ 55.311877157562982, 25.234811723878845 ], [ 55.311755710857206, 25.234862158457979 ], [ 55.311775610609772, 25.235512458449641 ], [ 55.312158110687527, 25.235499258572176 ] ] ], [ [ [ 55.312146652148115, 25.238482317687392 ], [ 55.312056820619702, 25.238482317687392 ], [ 55.312056820619702, 25.238527233451599 ], [ 55.312146652148115, 25.238527233451592 ], [ 55.312146652148115, 25.238482317687392 ] ] ], [ [ [ 55.3121242, 25.2394159 ], [ 55.3121183, 25.2393336 ], [ 55.3119308, 25.2393447 ], [ 55.3119367, 25.2394269 ], [ 55.3121242, 25.2394159 ] ] ], [ [ [ 55.3117833, 25.2472334 ], [ 55.3120175, 25.2470633 ], [ 55.311906, 25.2469378 ], [ 55.3116718, 25.2471079 ], [ 55.3117833, 25.2472334 ] ] ], [ [ [ 55.311980794886402, 25.232817988448147 ], [ 55.3120232, 25.2327938 ], [ 55.3120326, 25.2327372 ], [ 55.3120008, 25.2326913 ], [ 55.311943, 25.2326753 ], [ 55.311840711698309, 25.232726458533396 ], [ 55.31182689110566, 25.232769611069273 ], [ 55.3117785, 25.2327544 ], [ 55.311561729267048, 25.232880946751408 ], [ 55.311539229244588, 25.232942546744535 ], [ 55.311743429175436, 25.233266746790878 ], [ 55.3122062, 25.2330549 ], [ 55.312068, 25.2328454 ], [ 55.311980794886402, 25.232817988448147 ] ] ], [ [ [ 55.311922073327082, 25.252406204591246 ], [ 55.311832241798676, 25.252406204591249 ], [ 55.311827986177974, 25.252453505775939 ], [ 55.311917817707979, 25.252453505778618 ], [ 55.311922073327082, 25.252406204591246 ] ] ], [ [ [ 55.31136510329307, 25.245711379042056 ], [ 55.311632403261555, 25.246005879081462 ], [ 55.3120142, 25.2457265 ], [ 55.3117469, 25.245432 ], [ 55.31136510329307, 25.245711379042056 ] ] ], [ [ [ 55.311832241798676, 25.25186721542077 ], [ 55.311787326034462, 25.25186721542077 ], [ 55.311736330837576, 25.251915538926291 ], [ 55.311646499299954, 25.252050286214672 ], [ 55.311646499297638, 25.252095201978744 ], [ 55.311781246593661, 25.252095201984478 ], [ 55.311922073327082, 25.252001962713386 ], [ 55.311922073327082, 25.251912131184973 ], [ 55.311832241798676, 25.25186721542077 ] ] ], [ [ [ 55.31165257874185, 25.254157919395276 ], [ 55.311607662977643, 25.254157919395276 ], [ 55.311558288872888, 25.254205334159121 ], [ 55.311513373101057, 25.254384997214146 ], [ 55.311827783454646, 25.25442991298808 ], [ 55.311832241798676, 25.254247750923692 ], [ 55.31165257874185, 25.254157919395276 ] ] ], [ [ [ 55.310921160856417, 25.253028963480773 ], [ 55.311143660863124, 25.253063963497187 ], [ 55.311245576336852, 25.252840143222635 ], [ 55.311442360889252, 25.252921263520236 ], [ 55.3116284, 25.2528283 ], [ 55.311654399188711, 25.252720614941225 ], [ 55.311742410270256, 25.252720614940689 ], [ 55.311742410270256, 25.252765530704895 ], [ 55.311832241798676, 25.252765530704899 ], [ 55.311832241798676, 25.252720614940685 ], [ 55.311787326034462, 25.252720614940682 ], [ 55.311787326034462, 25.252675699176475 ], [ 55.311742410270256, 25.252675699176482 ], [ 55.311742410270256, 25.252630783412279 ], [ 55.311787326034462, 25.252630783412272 ], [ 55.311787326034462, 25.252540951883862 ], [ 55.311742410270256, 25.252540951883862 ], [ 55.311742410270256, 25.252585867648076 ], [ 55.311697494506049, 25.252585867648076 ], [ 55.311697494506049, 25.252630783412279 ], [ 55.31166020785313, 25.252630783413245 ], [ 55.3116701, 25.2524778 ], [ 55.3116037, 25.2524624 ], [ 55.311515610519855, 25.252508257693485 ], [ 55.3114423, 25.2523875 ], [ 55.311376160931452, 25.252420963517935 ], [ 55.311449917591261, 25.252542456113567 ], [ 55.311283236681028, 25.252629226626361 ], [ 55.311203421099783, 25.252496036119659 ], [ 55.31115414837668, 25.252498478315189 ], [ 55.311154148370051, 25.252678141371618 ], [ 55.311192970443265, 25.252676217163021 ], [ 55.311135060895005, 25.252706363498429 ], [ 55.311124960890083, 25.252756063497412 ], [ 55.311176386751484, 25.252805011157314 ], [ 55.311113589571832, 25.252807416144918 ], [ 55.311113589571377, 25.252226541534419 ], [ 55.311068673807171, 25.252181625770213 ], [ 55.311019299768823, 25.25218412475747 ], [ 55.310933926514679, 25.252252423461265 ], [ 55.310933926514558, 25.252226541534419 ], [ 55.31088434982297, 25.252229154107493 ], [ 55.310884349821201, 25.2522740698716 ], [ 55.310908456457419, 25.252272799511719 ], [ 55.310749805170083, 25.252408703569571 ], [ 55.310704889401642, 25.252498535096386 ], [ 55.310659973626414, 25.252768029679615 ], [ 55.310726002260466, 25.252786895071043 ], [ 55.310795403702905, 25.252901357743227 ], [ 55.310913245050685, 25.252840393012765 ], [ 55.311002060617838, 25.252857861224363 ], [ 55.310860460862102, 25.252936063476731 ], [ 55.310921160856417, 25.253028963480773 ] ], [ [ 55.311218901427495, 25.252662718095969 ], [ 55.311203421100004, 25.25267077679522 ], [ 55.311203421101219, 25.252635280569763 ], [ 55.311218901427495, 25.252662718095969 ] ] ], [ [ [ 55.311571103152566, 25.246539679065634 ], [ 55.311686403138133, 25.246671079082578 ], [ 55.3119188, 25.2464997 ], [ 55.3116774, 25.2462387 ], [ 55.3115112, 25.2463645 ], [ 55.3115579, 25.246415 ], [ 55.3116712, 25.2463293 ], [ 55.3117147, 25.2463763 ], [ 55.3115955, 25.2464664 ], [ 55.31162592186444, 25.246499270683959 ], [ 55.311571103152566, 25.246539679065634 ] ] ], [ [ [ 55.311737040092467, 25.252184635941006 ], [ 55.311781955855636, 25.252229551706776 ], [ 55.311832241798676, 25.252226541534419 ], [ 55.311832241798676, 25.252136710006006 ], [ 55.311737040094513, 25.25213972017691 ], [ 55.311737040092467, 25.252184635941006 ] ] ], [ [ [ 55.311787326034462, 25.23587720336344 ], [ 55.311787326034462, 25.235967034891857 ], [ 55.311877157562876, 25.235967034891861 ], [ 55.311877157562876, 25.235922119127654 ], [ 55.311922073327082, 25.23592211912765 ], [ 55.311922073327082, 25.235877203363437 ], [ 55.312056820619702, 25.23587720336344 ], [ 55.312056820619702, 25.235787371835034 ], [ 55.311877157562876, 25.235787371835027 ], [ 55.311877157562876, 25.235832287599241 ], [ 55.311832241798676, 25.235832287599237 ], [ 55.311832241798676, 25.235877203363437 ], [ 55.311787326034462, 25.23587720336344 ] ] ], [ [ [ 55.312011904855503, 25.238841643801035 ], [ 55.311922073327082, 25.238841643801038 ], [ 55.311922073327082, 25.238886559565252 ], [ 55.311877157562876, 25.238886559565245 ], [ 55.311877157562876, 25.238931475329455 ], [ 55.312011904855503, 25.238931475329451 ], [ 55.312011904855503, 25.238841643801035 ] ] ], [ [ [ 55.311312, 25.2441075 ], [ 55.3114313, 25.2442394 ], [ 55.3119436, 25.2438603 ], [ 55.3118244, 25.2437284 ], [ 55.311312, 25.2441075 ] ] ], [ [ [ 55.3120478, 25.2341608 ], [ 55.3120486, 25.2336147 ], [ 55.3112206, 25.2336137 ], [ 55.311175011219298, 25.233639258300048 ], [ 55.311231911019121, 25.234185458305884 ], [ 55.311772382222095, 25.234195611694457 ], [ 55.312002211165087, 25.234186358552023 ], [ 55.3120478, 25.2341608 ] ] ], [ [ [ 55.3118032, 25.2468563 ], [ 55.3117526, 25.2468934 ], [ 55.3118145, 25.2469598 ], [ 55.3118649, 25.2469223 ], [ 55.3118032, 25.2468563 ] ] ], [ [ [ 55.311922073327082, 25.239066222622068 ], [ 55.311922073327082, 25.239111138386278 ], [ 55.311877157562876, 25.239111138386274 ], [ 55.311877157562876, 25.239200969914691 ], [ 55.311966989091289, 25.239200969914691 ], [ 55.311966989091289, 25.239066222622068 ], [ 55.311922073327082, 25.239066222622068 ] ] ], [ [ [ 55.311877157562876, 25.238617064980016 ], [ 55.311877157562876, 25.238706896508429 ], [ 55.311922073327082, 25.238706896508422 ], [ 55.311922073327082, 25.238751812272628 ], [ 55.311966989091289, 25.238751812272625 ], [ 55.311966989091289, 25.238527233451595 ], [ 55.311922073327082, 25.238527233451599 ], [ 55.311922073327082, 25.238617064980016 ], [ 55.311877157562876, 25.238617064980016 ] ] ], [ [ [ 55.31165257874185, 25.251328226250305 ], [ 55.311607662977643, 25.251328226250305 ], [ 55.311557275744953, 25.251376208976264 ], [ 55.311557275740782, 25.25146604050444 ], [ 55.311787326034462, 25.251462973542914 ], [ 55.311787326034462, 25.251418057778714 ], [ 55.31165257874185, 25.251328226250305 ] ] ], [ [ [ 55.311737546750074, 25.251286036680682 ], [ 55.311737546746372, 25.251375868208882 ], [ 55.311787326034462, 25.251373142014504 ], [ 55.311787326034462, 25.251283310486091 ], [ 55.311737546750074, 25.251286036680682 ] ] ], [ [ [ 55.311877157562876, 25.241132347775547 ], [ 55.311922073327082, 25.241132347775544 ], [ 55.311922073327082, 25.241042516247131 ], [ 55.311877157562876, 25.241042516247134 ], [ 55.311877157562876, 25.241132347775547 ] ] ], [ [ [ 55.311966989091289, 25.237449255110658 ], [ 55.311966989091289, 25.237404339346444 ], [ 55.311877157562876, 25.237404339346444 ], [ 55.311877157562876, 25.237449255110658 ], [ 55.311966989091289, 25.237449255110658 ] ] ], [ [ [ 55.311722503925772, 25.242612979134208 ], [ 55.311804103932964, 25.242615879147216 ], [ 55.3118865, 25.2425595 ], [ 55.3118144, 25.2424789 ], [ 55.311684703930489, 25.242569979128646 ], [ 55.311722503925772, 25.242612979134208 ] ] ], [ [ [ 55.311468660273931, 25.246472159623945 ], [ 55.3112155, 25.2461893 ], [ 55.310949603124335, 25.246380178968082 ], [ 55.311542903052619, 25.247042979055436 ], [ 55.3118088, 25.2468522 ], [ 55.31147526721508, 25.246479541632052 ], [ 55.311562747213436, 25.246477323716057 ], [ 55.311562747213436, 25.246432407951847 ], [ 55.31151783144923, 25.246387492187644 ], [ 55.311468660276745, 25.246389877610202 ], [ 55.311468660273931, 25.246472159623945 ] ] ], [ [ [ 55.3112536, 25.2498725 ], [ 55.310672402299161, 25.250512978877051 ], [ 55.310970602284328, 25.250736378922191 ], [ 55.3111615, 25.2505401 ], [ 55.311007412122592, 25.250427838493739 ], [ 55.311236851397332, 25.250178673151019 ], [ 55.311560702401394, 25.250420879020112 ], [ 55.3117404, 25.2502365 ], [ 55.3112536, 25.2498725 ] ] ], [ [ [ 55.311922073327082, 25.236955181704388 ], [ 55.311832241798676, 25.236955181704392 ], [ 55.311832241798676, 25.237000097468599 ], [ 55.311877157562876, 25.237000097468599 ], [ 55.311877157562876, 25.237045013232798 ], [ 55.311922073327082, 25.237045013232791 ], [ 55.311922073327082, 25.236955181704388 ] ] ], [ [ [ 55.311667004326488, 25.240511779149077 ], [ 55.311835704339636, 25.240526679175868 ], [ 55.3118585, 25.2405139 ], [ 55.3118585, 25.240412 ], [ 55.3117113, 25.2404169 ], [ 55.31166700433883, 25.240447879149794 ], [ 55.311667004326488, 25.240511779149077 ] ] ], [ [ [ 55.3113463, 25.2495269 ], [ 55.3117245, 25.2491263 ], [ 55.3112634, 25.2487701 ], [ 55.310862302574215, 25.24918347892244 ], [ 55.311323502549186, 25.249539678992143 ], [ 55.3113463, 25.2495269 ] ] ], [ [ [ 55.311742410270256, 25.239874706377776 ], [ 55.311832241798676, 25.239874706377776 ], [ 55.311832241798676, 25.239829790613573 ], [ 55.311742410270256, 25.239829790613573 ], [ 55.311742410270256, 25.239874706377776 ] ] ], [ [ [ 55.311824, 25.2400725 ], [ 55.311707404412587, 25.240085979160344 ], [ 55.311708604386325, 25.240222479159002 ], [ 55.3118252, 25.240209 ], [ 55.311824, 25.2400725 ] ] ], [ [ [ 55.311742410270256, 25.239156054150488 ], [ 55.311697494506049, 25.239156054150484 ], [ 55.311697494506049, 25.239200969914695 ], [ 55.311742410270256, 25.239200969914695 ], [ 55.311697062135806, 25.239224863611465 ], [ 55.311702262126204, 25.239333963611273 ], [ 55.3117558, 25.2393263 ], [ 55.311752040943496, 25.239245885680035 ], [ 55.311787326034462, 25.239245885678883 ], [ 55.311787326034462, 25.239200969914688 ], [ 55.311832241798676, 25.239200969914695 ], [ 55.311832241798676, 25.239156054150488 ], [ 55.311787326034462, 25.239156054150488 ], [ 55.311787326034462, 25.239111138386278 ], [ 55.311742410270256, 25.239111138386274 ], [ 55.311742410270256, 25.239156054150488 ] ] ], [ [ [ 55.311742410270256, 25.24117726353975 ], [ 55.311742410270256, 25.241222179303961 ], [ 55.311787326034462, 25.241222179303954 ], [ 55.311787326034462, 25.241177263539754 ], [ 55.311742410270256, 25.24117726353975 ] ] ], [ [ [ 55.311632507883189, 25.242498858246016 ], [ 55.311668307874839, 25.242538058256567 ], [ 55.3117637, 25.2424753 ], [ 55.3117279, 25.2424361 ], [ 55.311632507883189, 25.242498858246016 ] ] ], [ [ [ 55.311473695256971, 25.254095486836047 ], [ 55.311526095252276, 25.254190386838623 ], [ 55.3115931, 25.2541592 ], [ 55.3115407, 25.2540644 ], [ 55.311473695256971, 25.254095486836047 ] ] ], [ [ [ 55.3113847, 25.2432439 ], [ 55.310890803655546, 25.243602478990084 ], [ 55.311233603614276, 25.243984579040557 ], [ 55.3117274, 25.243626 ], [ 55.3113847, 25.2432439 ] ] ], [ [ [ 55.31172444092222, 25.239057255834641 ], [ 55.311766, 25.239054 ], [ 55.3117646, 25.2389918 ], [ 55.311723040924591, 25.238995055834732 ], [ 55.31172444092222, 25.239057255834641 ] ] ], [ [ [ 55.3116755, 25.2453878 ], [ 55.3114406, 25.245121 ], [ 55.311070103328269, 25.245384178998602 ], [ 55.311305003299033, 25.245650979033133 ], [ 55.3116755, 25.2453878 ] ] ], [ [ [ 55.311509762242125, 25.2379534636042 ], [ 55.311621962247131, 25.237953163612566 ], [ 55.311632383450522, 25.23789118579861 ], [ 55.311757062258785, 25.237890263622972 ], [ 55.3117672, 25.2378337 ], [ 55.3115745, 25.2378352 ], [ 55.311564109303234, 25.237869903890278 ], [ 55.311509462249099, 25.237876063604581 ], [ 55.311509762242125, 25.2379534636042 ] ] ], [ [ [ 55.3115944, 25.2324011 ], [ 55.3116412, 25.2324764 ], [ 55.3118244, 25.2323833 ], [ 55.3117776, 25.232308 ], [ 55.3115944, 25.2324011 ] ] ], [ [ [ 55.311405707930781, 25.242264158178816 ], [ 55.311545707897224, 25.242419858220043 ], [ 55.3116815, 25.242328 ], [ 55.3115414, 25.2421723 ], [ 55.311405707930781, 25.242264158178816 ] ] ], [ [ [ 55.311607662977643, 25.24113234777554 ], [ 55.311697494506049, 25.241132347775547 ], [ 55.311697494506049, 25.241087432011337 ], [ 55.311607662977643, 25.241087432011337 ], [ 55.311607662977643, 25.24113234777554 ] ] ], [ [ [ 55.3113495, 25.250627 ], [ 55.3115448, 25.2504214 ], [ 55.31145870000001, 25.2503545 ], [ 55.311246783040559, 25.250569414447586 ], [ 55.3113495, 25.250627 ] ] ], [ [ [ 55.311089704901569, 25.237251179093668 ], [ 55.3112463, 25.237236 ], [ 55.311248407679813, 25.237145421521685 ], [ 55.311259904914188, 25.237269479120659 ], [ 55.311717, 25.2372492 ], [ 55.311708, 25.2368277 ], [ 55.311293252628481, 25.236835096211848 ], [ 55.31124833686399, 25.236820434411776 ], [ 55.31124833686399, 25.236775518647566 ], [ 55.311158505335584, 25.236775518647562 ], [ 55.311158505335584, 25.236820434411772 ], [ 55.311041204972916, 25.236857979090367 ], [ 55.311048970036921, 25.237032046719886 ], [ 55.310739504906877, 25.237051479039955 ], [ 55.31074150488449, 25.237168379038966 ], [ 55.31104000491414, 25.237161679086739 ], [ 55.311062233248329, 25.23712816042849 ], [ 55.311171457483063, 25.237142452165948 ], [ 55.311087704919707, 25.23715627909441 ], [ 55.311089704901569, 25.237251179093668 ] ] ], [ [ [ 55.311562747213436, 25.241491673889193 ], [ 55.311562747213436, 25.241536589653396 ], [ 55.31165257874185, 25.2415365896534 ], [ 55.31165257874185, 25.241491673889193 ], [ 55.311562747213436, 25.241491673889193 ] ] ], [ [ [ 55.31136724040207, 25.252339055793193 ], [ 55.3114323, 25.2523032 ], [ 55.3113991, 25.2522537 ], [ 55.311334040403352, 25.252289455792255 ], [ 55.31136724040207, 25.252339055793193 ] ] ], [ [ [ 55.3116298, 25.2372745 ], [ 55.3116033, 25.2372744 ], [ 55.3116034, 25.2373274 ], [ 55.3116297, 25.2373275 ], [ 55.3116298, 25.2372745 ] ] ], [ [ [ 55.31138308415661, 25.251552805071334 ], [ 55.311338168392403, 25.251552805071334 ], [ 55.311287882466942, 25.251600730990958 ], [ 55.311242966693548, 25.251780394045618 ], [ 55.311332798223972, 25.251780394049 ], [ 55.31138308415661, 25.251732468128161 ], [ 55.311427999920816, 25.251597720835541 ], [ 55.31138308415661, 25.251552805071334 ] ] ], [ [ [ 55.311383333795362, 25.232446589509269 ], [ 55.3115082, 25.232395 ], [ 55.3116889, 25.2322582 ], [ 55.3115474, 25.2320394 ], [ 55.311120911742108, 25.232259158313951 ], [ 55.31127451167665, 25.2325041583575 ], [ 55.311383333795362, 25.232446589509269 ] ] ], [ [ [ 55.3115727, 25.2373274 ], [ 55.3115969, 25.2373274 ], [ 55.3115967, 25.2372744 ], [ 55.3115726, 25.2372743 ], [ 55.3115727, 25.2373274 ] ] ], [ [ [ 55.3116526, 25.2325444 ], [ 55.3116055, 25.23247 ], [ 55.311293611630333, 25.232633458360681 ], [ 55.311340711610505, 25.232707958374057 ], [ 55.3116526, 25.2325444 ] ] ], [ [ [ 55.31138308415661, 25.241761168474429 ], [ 55.311427999920816, 25.241761168474433 ], [ 55.311427999920816, 25.241716252710219 ], [ 55.31147291568503, 25.241716252710223 ], [ 55.31147291568503, 25.241671336946016 ], [ 55.31151783144923, 25.24167133694602 ], [ 55.31151783144923, 25.24158150541761 ], [ 55.31147291568503, 25.241581505417603 ], [ 55.31147291568503, 25.241626421181813 ], [ 55.311427999920816, 25.241626421181806 ], [ 55.311427999920816, 25.241671336946023 ], [ 55.31138308415661, 25.241671336946016 ], [ 55.31138308415661, 25.241761168474429 ] ] ], [ [ [ 55.311293252628204, 25.254427413980515 ], [ 55.311293252628204, 25.254472329744718 ], [ 55.311338168392403, 25.254472329744715 ], [ 55.311338168392403, 25.254427413980515 ], [ 55.311293252628204, 25.254427413980515 ] ] ], [ [ [ 55.31147291568503, 25.24140184236078 ], [ 55.31151783144923, 25.241401842360787 ], [ 55.31151783144923, 25.241356926596573 ], [ 55.31147291568503, 25.241356926596577 ], [ 55.31147291568503, 25.24140184236078 ] ] ], [ [ [ 55.31138308415661, 25.241042516247134 ], [ 55.311427999920816, 25.241042516247138 ], [ 55.311427999920816, 25.241087432011337 ], [ 55.31147291568503, 25.241087432011337 ], [ 55.31147291568503, 25.241042516247127 ], [ 55.31151783144923, 25.241042516247134 ], [ 55.31151783144923, 25.240952684718724 ], [ 55.31138308415661, 25.240952684718724 ], [ 55.31138308415661, 25.241042516247134 ] ] ], [ [ [ 55.311488404932518, 25.237286979156984 ], [ 55.311488204922263, 25.237339979156349 ], [ 55.3115654, 25.2373273 ], [ 55.3115652, 25.2372743 ], [ 55.311488404932518, 25.237286979156984 ] ] ], [ [ [ 55.3113513, 25.250668 ], [ 55.3112087, 25.2505583 ], [ 55.310998602280456, 25.250770178926292 ], [ 55.311141202272779, 25.250879978947843 ], [ 55.3113513, 25.250668 ] ] ], [ [ [ 55.3114847, 25.2373177 ], [ 55.3114843, 25.2372749 ], [ 55.311434704927251, 25.23728787914839 ], [ 55.311435004919019, 25.237330579147955 ], [ 55.3114847, 25.2373177 ] ] ], [ [ [ 55.31138308415661, 25.241267095068167 ], [ 55.311427999920816, 25.24126709506816 ], [ 55.311427999920816, 25.241222179303957 ], [ 55.31138308415661, 25.241222179303957 ], [ 55.31138308415661, 25.241267095068167 ] ] ], [ [ [ 55.3114364, 25.2403395 ], [ 55.3113331, 25.2403391 ], [ 55.311310204315227, 25.240394579093376 ], [ 55.311413404324988, 25.240394879109864 ], [ 55.3114364, 25.2403395 ] ] ], [ [ [ 55.31124833686399, 25.253529098696397 ], [ 55.31124833686399, 25.25339435140377 ], [ 55.311203421099783, 25.253394351403774 ], [ 55.311203421099783, 25.253349435639564 ], [ 55.311113589571377, 25.253349435639571 ], [ 55.311113589571377, 25.25343926716798 ], [ 55.311068673807171, 25.253439267167984 ], [ 55.311068673807171, 25.253484182932191 ], [ 55.311203421099783, 25.253484182932183 ], [ 55.311203421099783, 25.253529098696394 ], [ 55.31124833686399, 25.253529098696397 ] ] ], [ [ [ 55.3114428, 25.2378394 ], [ 55.31133606224396, 25.237847763591805 ], [ 55.311340862229386, 25.238011763591295 ], [ 55.3114476, 25.2380035 ], [ 55.3114428, 25.2378394 ] ] ], [ [ [ 55.311256940865505, 25.240295355816897 ], [ 55.3114119, 25.2402891 ], [ 55.3113837, 25.2393502 ], [ 55.311228740901242, 25.239356455818115 ], [ 55.311256940865505, 25.240295355816897 ] ] ], [ [ [ 55.311198253572385, 25.251870111981482 ], [ 55.311198253570417, 25.251915027745575 ], [ 55.31124833686399, 25.25191213118498 ], [ 55.31124833686399, 25.25186721542077 ], [ 55.311198253572385, 25.251870111981482 ] ] ], [ [ [ 55.3114222, 25.2392045 ], [ 55.3113766, 25.239206 ], [ 55.311366862120352, 25.239233963586791 ], [ 55.311412462122512, 25.239232463590202 ], [ 55.3114222, 25.2392045 ] ] ], [ [ [ 55.3114045, 25.240523 ], [ 55.3114031, 25.2404727 ], [ 55.311214604287855, 25.240489279077035 ], [ 55.311216004278272, 25.240539579076689 ], [ 55.3114045, 25.240523 ] ] ], [ [ [ 55.310900903149758, 25.246224678962051 ], [ 55.311296, 25.2459497 ], [ 55.3113056, 25.2458695 ], [ 55.3111537, 25.2457181 ], [ 55.310750203177591, 25.246006578940428 ], [ 55.310900903149758, 25.246224678962051 ] ] ], [ [ [ 55.3112268, 25.2404081 ], [ 55.311183104287707, 25.240474579072163 ], [ 55.3113743, 25.24046 ], [ 55.3113736, 25.240406499999988 ], [ 55.3112268, 25.2404081 ] ] ], [ [ [ 55.310839303658327, 25.243562778982302 ], [ 55.3113305, 25.2431985 ], [ 55.310985, 25.2428049 ], [ 55.310487203702905, 25.243158978930584 ], [ 55.310839303658327, 25.243562778982302 ] ] ], [ [ [ 55.311338168392403, 25.242075578823865 ], [ 55.311338168392403, 25.241940831531256 ], [ 55.311293252628204, 25.241940831531249 ], [ 55.311293252628204, 25.242030663059666 ], [ 55.31124833686399, 25.242030663059662 ], [ 55.31124833686399, 25.242075578823865 ], [ 55.311338168392403, 25.242075578823865 ] ] ], [ [ [ 55.311350762118543, 25.239246163585534 ], [ 55.3113603, 25.2392066 ], [ 55.311283262118366, 25.239214963580654 ], [ 55.31128436211543, 25.239247963580556 ], [ 55.311350762118543, 25.239246163585534 ] ] ], [ [ [ 55.311113589571377, 25.253169772582744 ], [ 55.311158505335584, 25.253169772582751 ], [ 55.311158505335584, 25.253124856818541 ], [ 55.311068673807171, 25.253124856818534 ], [ 55.311068673807171, 25.253169772582748 ], [ 55.311023758042964, 25.253169772582748 ], [ 55.311023758042964, 25.253304519875364 ], [ 55.311068673807171, 25.253304519875364 ], [ 55.311068673807171, 25.253259604111161 ], [ 55.311113589571377, 25.253259604111157 ], [ 55.311113589571377, 25.253169772582744 ] ] ], [ [ [ 55.3113187, 25.2409762 ], [ 55.3113175, 25.2409306 ], [ 55.3110184, 25.2409373 ], [ 55.3110196, 25.2409828 ], [ 55.3113187, 25.2409762 ] ] ], [ [ [ 55.311068673807171, 25.253798593281633 ], [ 55.311113589571377, 25.253798593281626 ], [ 55.311113589571377, 25.253753677517427 ], [ 55.311068673807171, 25.253753677517423 ], [ 55.311068673807171, 25.253798593281633 ] ] ], [ [ [ 55.3112782, 25.241686699999988 ], [ 55.3111506, 25.241556 ], [ 55.311092540811913, 25.241601255808689 ], [ 55.311220240809291, 25.241731955812472 ], [ 55.3112782, 25.241686699999988 ] ] ], [ [ [ 55.310374002273186, 25.250500678829471 ], [ 55.310432502243522, 25.25068287883677 ], [ 55.310948602216598, 25.25107587891484 ], [ 55.31112, 25.2509032 ], [ 55.3105226, 25.2504512 ], [ 55.310374002273186, 25.250500678829471 ] ] ], [ [ [ 55.3112577, 25.240867 ], [ 55.3112546, 25.2407728 ], [ 55.310982404207252, 25.240792279036498 ], [ 55.310985404189346, 25.240886479035904 ], [ 55.3112577, 25.240867 ] ] ], [ [ [ 55.3109995, 25.2407166 ], [ 55.3112463, 25.2407117 ], [ 55.3112451, 25.2406621 ], [ 55.3109983, 25.240667 ], [ 55.3109995, 25.2407166 ] ] ], [ [ [ 55.3112553, 25.2392813 ], [ 55.3112536, 25.2392249 ], [ 55.311185762112473, 25.239232263573289 ], [ 55.31118806210749, 25.239288663573156 ], [ 55.3112553, 25.2392813 ] ] ], [ [ [ 55.311152108033774, 25.241872958106587 ], [ 55.3111977, 25.2418474 ], [ 55.3111977, 25.2417856 ], [ 55.311085008044905, 25.241811158086538 ], [ 55.31108500802091, 25.241873258085128 ], [ 55.311152108033774, 25.241872958106587 ] ] ], [ [ [ 55.3110994, 25.2456046 ], [ 55.311029603272672, 25.245651978989095 ], [ 55.311065603268382, 25.245691878994403 ], [ 55.3111353, 25.2456445 ], [ 55.3110994, 25.2456046 ] ] ], [ [ [ 55.309734090647304, 25.232976887235438 ], [ 55.310501567837612, 25.232578462632457 ], [ 55.310740611400085, 25.232957658176634 ], [ 55.310795811400951, 25.232982558193708 ], [ 55.3113049, 25.2327179 ], [ 55.3112989, 25.2326673 ], [ 55.3110566, 25.2322829 ], [ 55.3109768, 25.2322653 ], [ 55.310496911524829, 25.232514858108775 ], [ 55.31048881204503, 25.232553171299116 ], [ 55.3104772, 25.2325348 ], [ 55.309707290651311, 25.232934487232729 ], [ 55.309734090647304, 25.232976887235438 ] ] ], [ [ [ 55.3111892, 25.2405467 ], [ 55.3111882, 25.2404859 ], [ 55.310909304256299, 25.240502479028084 ], [ 55.310910304245809, 25.240557279027623 ], [ 55.3111892, 25.2405467 ] ] ], [ [ [ 55.31071226349389, 25.253071649875153 ], [ 55.31090136346895, 25.253446449887043 ], [ 55.3109948, 25.2534064 ], [ 55.3108057, 25.2530316 ], [ 55.31071226349389, 25.253071649875153 ] ] ], [ [ [ 55.311158505335584, 25.241087432011337 ], [ 55.311158505335584, 25.240997600482924 ], [ 55.311068673807171, 25.240997600482924 ], [ 55.311068673807171, 25.241042516247134 ], [ 55.311113589571377, 25.241042516247138 ], [ 55.311113589571377, 25.241087432011334 ], [ 55.311158505335584, 25.241087432011337 ] ] ], [ [ [ 55.3109365, 25.2455036 ], [ 55.310723503235138, 25.245695678939676 ], [ 55.310815303224999, 25.245793278953244 ], [ 55.3110579, 25.2456219 ], [ 55.3109365, 25.2455036 ] ] ], [ [ [ 55.3108846, 25.2548709 ], [ 55.3109059, 25.2547357 ], [ 55.3108569, 25.2547294 ], [ 55.310811302989165, 25.254754957706393 ], [ 55.310804802972072, 25.254795957703383 ], [ 55.3108429, 25.2548186 ], [ 55.310797302952004, 25.254844157699896 ], [ 55.310790002932826, 25.254890157696522 ], [ 55.310831285485293, 25.254895465466721 ], [ 55.310754102901249, 25.254954157683585 ], [ 55.310785002897504, 25.254979057692911 ], [ 55.31083060000001, 25.2549535 ], [ 55.3108648, 25.254919 ], [ 55.310836547531451, 25.254896142016371 ], [ 55.3108846, 25.2548709 ] ] ], [ [ [ 55.311158505335584, 25.233900909738377 ], [ 55.311068673807171, 25.233900909738381 ], [ 55.311068673807171, 25.233945825502587 ], [ 55.311113589571377, 25.233945825502587 ], [ 55.311113589571377, 25.234035657031001 ], [ 55.311158505335584, 25.234035657031001 ], [ 55.311158505335584, 25.233900909738377 ] ] ], [ [ [ 55.311061604893268, 25.237280279088846 ], [ 55.3110844, 25.2372675 ], [ 55.311081, 25.2371608 ], [ 55.310751204882877, 25.237181479040363 ], [ 55.310754504862601, 25.237288079039686 ], [ 55.311061604893268, 25.237280279088846 ] ] ], [ [ [ 55.310978842278757, 25.241222179303961 ], [ 55.311023758042964, 25.241222179303954 ], [ 55.311023758042964, 25.24113234777554 ], [ 55.310978842278757, 25.24113234777554 ], [ 55.310978842278757, 25.241222179303961 ] ] ], [ [ [ 55.311023758042964, 25.233676330917351 ], [ 55.311023758042964, 25.233721246681558 ], [ 55.311113589571377, 25.233721246681561 ], [ 55.311113589571377, 25.233676330917351 ], [ 55.311023758042964, 25.233676330917351 ] ] ], [ [ [ 55.310889010750344, 25.241312010832367 ], [ 55.310844094986138, 25.241312010832363 ], [ 55.310844094986138, 25.24135692659658 ], [ 55.310978842278757, 25.241356926596573 ], [ 55.310978842278757, 25.24131201083236 ], [ 55.310933926514558, 25.241312010832367 ], [ 55.310933926514558, 25.24126709506816 ], [ 55.310889010750344, 25.24126709506816 ], [ 55.310889010750344, 25.241312010832367 ] ] ], [ [ [ 55.310766, 25.2550411 ], [ 55.3106984, 25.2549909 ], [ 55.310654788013068, 25.255011740981232 ], [ 55.3106351, 25.2549862 ], [ 55.310547702822305, 25.255056857615259 ], [ 55.310656502811931, 25.255137157648239 ], [ 55.310766, 25.2550411 ] ] ], [ [ [ 55.310227803102308, 25.246139278855424 ], [ 55.310286403072368, 25.246322978862711 ], [ 55.310367403071353, 25.246368078875154 ], [ 55.3108758, 25.2462296 ], [ 55.3107294, 25.2460094 ], [ 55.310227803102308, 25.246139278855424 ] ] ], [ [ [ 55.3108655, 25.2408703 ], [ 55.3109122, 25.2408692 ], [ 55.3109065, 25.2406848 ], [ 55.3108602, 25.2406859 ], [ 55.3108655, 25.2408703 ] ] ], [ [ [ 55.310761102692652, 25.248520978913749 ], [ 55.3107839, 25.2485082 ], [ 55.31072, 25.2483017 ], [ 55.310418302686344, 25.248385078860487 ], [ 55.310482202652501, 25.248591578868357 ], [ 55.310761102692652, 25.248520978913749 ] ] ], [ [ [ 55.310827222480022, 25.234218540738709 ], [ 55.310864722476317, 25.234257340743945 ], [ 55.3109711, 25.2341781 ], [ 55.3109335, 25.2341393 ], [ 55.310827222480022, 25.234218540738709 ] ] ], [ [ [ 55.310724603185115, 25.245955078936923 ], [ 55.3108045, 25.2459012 ], [ 55.3106301, 25.245718 ], [ 55.310463103191559, 25.245793178896953 ], [ 55.310534803154539, 25.246019978905856 ], [ 55.310724603185115, 25.245955078936923 ] ] ], [ [ [ 55.310933926514558, 25.23426023585203 ], [ 55.310799179221931, 25.23426023585203 ], [ 55.310799179221931, 25.234305151616237 ], [ 55.310933926514558, 25.23430515161624 ], [ 55.310933926514558, 25.23426023585203 ] ] ], [ [ [ 55.3108722, 25.2380787 ], [ 55.3108095, 25.2380801 ], [ 55.31080564094151, 25.23810625580742 ], [ 55.310868340942754, 25.238104855809429 ], [ 55.3108722, 25.2380787 ] ] ], [ [ [ 55.310771405550618, 25.23373447908256 ], [ 55.310840605552343, 25.233759579093331 ], [ 55.3109109, 25.2337361 ], [ 55.3108812, 25.2335894 ], [ 55.310757505565867, 25.233648679081313 ], [ 55.310771405550618, 25.23373447908256 ] ] ], [ [ [ 55.31009270264893, 25.24841857880805 ], [ 55.3107091, 25.2482555 ], [ 55.3105622, 25.2478103 ], [ 55.309954302722232, 25.247971278790978 ], [ 55.31009270264893, 25.24841857880805 ] ] ], [ [ [ 55.310702863379412, 25.243875844295044 ], [ 55.310702863376939, 25.243920760059101 ], [ 55.310754263457731, 25.243917125156315 ], [ 55.310754263457731, 25.243872209392112 ], [ 55.310702863379412, 25.243875844295044 ] ] ], [ [ [ 55.310799179221931, 25.236820434411776 ], [ 55.310799179221931, 25.236865350175979 ], [ 55.310844094986138, 25.236865350175982 ], [ 55.310844094986138, 25.236820434411776 ], [ 55.310799179221931, 25.236820434411776 ] ] ], [ [ [ 55.310684005519121, 25.233854579067238 ], [ 55.310730305474571, 25.234107979071766 ], [ 55.3108633, 25.2340787 ], [ 55.3108171, 25.2338253 ], [ 55.310709347693518, 25.233811078209975 ], [ 55.310684005519121, 25.233854579067238 ] ] ], [ [ [ 55.3108039, 25.2379848 ], [ 55.3107006, 25.2379882 ], [ 55.310697540942378, 25.238030755804129 ], [ 55.310800840944474, 25.238027155807444 ], [ 55.3108039, 25.2379848 ] ] ], [ [ [ 55.3107988, 25.2380803 ], [ 55.3107365, 25.2380817 ], [ 55.310732540940059, 25.238107855805083 ], [ 55.310794840941305, 25.23810645580707 ], [ 55.3107988, 25.2380803 ] ] ], [ [ [ 55.310734, 25.2409167 ], [ 55.3107286, 25.2407505 ], [ 55.310230704139016, 25.24077587891653 ], [ 55.310236104107425, 25.240942078915509 ], [ 55.310734, 25.2409167 ] ] ], [ [ [ 55.3107157, 25.2405915 ], [ 55.3107111, 25.2404311 ], [ 55.310221604200194, 25.240454778918711 ], [ 55.310226204169638, 25.240615178917629 ], [ 55.3107157, 25.2405915 ] ] ], [ [ [ 55.3107923, 25.2336024 ], [ 55.3107864, 25.2335487 ], [ 55.310709905577269, 25.233566279074633 ], [ 55.310715905567463, 25.233619979074987 ], [ 55.3107923, 25.2336024 ] ] ], [ [ [ 55.310578662188469, 25.238090863534037 ], [ 55.310579262186366, 25.238114463533957 ], [ 55.310727, 25.2381055 ], [ 55.3107264, 25.2380819 ], [ 55.310578662188469, 25.238090863534037 ] ] ], [ [ [ 55.3103147, 25.2327947 ], [ 55.3102831, 25.2328215 ], [ 55.3104847, 25.233113 ], [ 55.3104571, 25.2331327 ], [ 55.3105144, 25.2334135 ], [ 55.310724, 25.2333599 ], [ 55.3107754, 25.2333706 ], [ 55.310722, 25.2329986 ], [ 55.3105144, 25.2326874 ], [ 55.3103147, 25.2327947 ] ] ], [ [ [ 55.309920202725117, 25.247939578785886 ], [ 55.31054910000001, 25.2477713 ], [ 55.3104799, 25.2475507 ], [ 55.309851002761199, 25.24771887877732 ], [ 55.309920202725117, 25.247939578785886 ] ] ], [ [ [ 55.3102053, 25.243671 ], [ 55.3100721, 25.2437732 ], [ 55.3101386, 25.2438441 ], [ 55.310179815387947, 25.243827782845276 ], [ 55.310170449569526, 25.243960601560175 ], [ 55.310137403510289, 25.243983778865346 ], [ 55.310357303482, 25.244238278897615 ], [ 55.3105808, 25.2440716 ], [ 55.3102053, 25.243671 ] ] ], [ [ [ 55.310369, 25.2503288 ], [ 55.3104852, 25.2501726 ], [ 55.3102293, 25.2494193 ], [ 55.30932742218242, 25.249648526760204 ], [ 55.30956452205956, 25.250446026787166 ], [ 55.309603322055239, 25.250489026792504 ], [ 55.309668622058723, 25.250501826802125 ], [ 55.310369, 25.2503288 ] ] ], [ [ [ 55.3104254, 25.2542164 ], [ 55.3101009, 25.2536923 ], [ 55.3099725, 25.2537574 ], [ 55.310297, 25.2542814 ], [ 55.3104254, 25.2542164 ] ] ], [ [ [ 55.309675, 25.2506642 ], [ 55.309653823349649, 25.250676070003788 ], [ 55.309781123287657, 25.251083870018409 ], [ 55.310212002165834, 25.2509763787982 ], [ 55.3102348, 25.2509636 ], [ 55.310211571996355, 25.25089698039152 ], [ 55.310283402175145, 25.25096327880976 ], [ 55.3104703, 25.25091 ], [ 55.3103512, 25.2505149 ], [ 55.310046502223408, 25.250597178776019 ], [ 55.310108102189766, 25.250801478783558 ], [ 55.310172667229459, 25.250861071701703 ], [ 55.310064890243282, 25.250888520731362 ], [ 55.3100911, 25.2508419 ], [ 55.3100089, 25.2505789 ], [ 55.309675, 25.2506642 ] ] ], [ [ [ 55.310165203136926, 25.245929378847784 ], [ 55.310217103108577, 25.246101578854134 ], [ 55.310522, 25.2460192 ], [ 55.3104501, 25.2457807 ], [ 55.3102335, 25.2458341 ], [ 55.310165203136926, 25.245929378847784 ] ] ], [ [ [ 55.3101872, 25.2486559 ], [ 55.3104615, 25.2485895 ], [ 55.3103953, 25.2483657 ], [ 55.310121, 25.2484321 ], [ 55.3101872, 25.2486559 ] ] ], [ [ [ 55.310075905414898, 25.234095178967355 ], [ 55.310101605396966, 25.23420067897025 ], [ 55.310332905417894, 25.234206079007159 ], [ 55.310587, 25.2341575 ], [ 55.3106661, 25.2337336 ], [ 55.3106364, 25.2336227 ], [ 55.31033, 25.2336335 ], [ 55.310162805504341, 25.233674878985994 ], [ 55.310075905414898, 25.234095178967355 ] ] ], [ [ [ 55.310430002862439, 25.247479778872584 ], [ 55.3104528, 25.247467 ], [ 55.3103861, 25.2472443 ], [ 55.309757802812904, 25.247405578765964 ], [ 55.309824602776231, 25.247628178774121 ], [ 55.310430002862439, 25.247479778872584 ] ] ], [ [ [ 55.310609178741316, 25.234302998486239 ], [ 55.3106181, 25.2342392 ], [ 55.310067878700949, 25.234315098421174 ], [ 55.310076178693691, 25.234369198421714 ], [ 55.310609178741316, 25.234302998486239 ] ] ], [ [ [ 55.310542762184681, 25.238115263531228 ], [ 55.3105528, 25.2380857 ], [ 55.310482662184022, 25.23809296352686 ], [ 55.310483262181926, 25.238116563526781 ], [ 55.310542762184681, 25.238115263531228 ] ] ], [ [ [ 55.3104477, 25.242239 ], [ 55.310213603823044, 25.2424027788954 ], [ 55.310237503820034, 25.242430078898909 ], [ 55.3104716, 25.2422663 ], [ 55.3104477, 25.242239 ] ] ], [ [ [ 55.310388351723994, 25.243516574963405 ], [ 55.310388351721485, 25.243561490727455 ], [ 55.310439853108285, 25.243557799042666 ], [ 55.310439853108285, 25.243512883278466 ], [ 55.310388351723994, 25.243516574963405 ] ] ], [ [ [ 55.3101203, 25.2418194 ], [ 55.309853603865804, 25.242004478842365 ], [ 55.310186803822909, 25.242390278891261 ], [ 55.3104535, 25.2422053 ], [ 55.3101203, 25.2418194 ] ] ], [ [ [ 55.309744802821065, 25.247356978764429 ], [ 55.3103667, 25.2471973 ], [ 55.3103009, 25.2469777 ], [ 55.309679002857237, 25.2471374787564 ], [ 55.309744802821065, 25.247356978764429 ] ] ], [ [ [ 55.310170358523052, 25.253618930224803 ], [ 55.310170358523052, 25.253663845989006 ], [ 55.310260190051459, 25.253663845989003 ], [ 55.310260190051459, 25.253618930224807 ], [ 55.310170358523052, 25.253618930224803 ] ] ], [ [ [ 55.310390608464061, 25.240385057896813 ], [ 55.3104362, 25.2403595 ], [ 55.31039, 25.2392303 ], [ 55.3102627, 25.2392346 ], [ 55.310217108865785, 25.239260157866799 ], [ 55.310263608438277, 25.240389357856117 ], [ 55.310390608464061, 25.240385057896813 ] ] ], [ [ [ 55.310362962176647, 25.238115963517807 ], [ 55.31044846218046, 25.238115663524191 ], [ 55.3104589, 25.2380824 ], [ 55.31029136217591, 25.238088963512617 ], [ 55.310291562173454, 25.238116263512488 ], [ 55.310362962176647, 25.238115963517807 ] ] ], [ [ [ 55.3102251, 25.2446163 ], [ 55.3101027, 25.2446461 ], [ 55.3101154, 25.2446885 ], [ 55.3102174, 25.2446637 ], [ 55.3102403, 25.2447447 ], [ 55.3102911, 25.2447769 ], [ 55.3103371, 25.2447432 ], [ 55.3102251, 25.2446163 ] ] ], [ [ [ 55.309677102868285, 25.247079378756752 ], [ 55.3102856, 25.2469154 ], [ 55.3102284, 25.2467342 ], [ 55.309619902897872, 25.246898178749657 ], [ 55.309677102868285, 25.247079378756752 ] ] ], [ [ [ 55.309787402425712, 25.249423278747873 ], [ 55.3102241, 25.2493062 ], [ 55.3101483, 25.2490601 ], [ 55.309711602466081, 25.249177178738531 ], [ 55.309787402425712, 25.249423278747873 ] ] ], [ [ [ 55.310305105815665, 25.236865350175972 ], [ 55.310305105815665, 25.236910265940185 ], [ 55.310350021579872, 25.236910265940185 ], [ 55.310350021579872, 25.236865350175979 ], [ 55.310305105815665, 25.236865350175972 ] ] ], [ [ [ 55.310126311148181, 25.233307757972401 ], [ 55.3103585, 25.2331188 ], [ 55.3101958, 25.2328582 ], [ 55.309820711206157, 25.233007457881531 ], [ 55.309894711142718, 25.233208057900647 ], [ 55.309948811134447, 25.233256057916851 ], [ 55.310126311148181, 25.233307757972401 ] ] ], [ [ [ 55.3096359, 25.2488257 ], [ 55.309613102522185, 25.248838478726629 ], [ 55.309701202469306, 25.249155378737118 ], [ 55.3101358, 25.2490346 ], [ 55.3100497, 25.2487713 ], [ 55.3099701, 25.2487361 ], [ 55.3096359, 25.2488257 ] ] ], [ [ [ 55.309487199507629, 25.243697828224217 ], [ 55.309577031039566, 25.24369782823015 ], [ 55.309645450584583, 25.243663225119533 ], [ 55.309592003512236, 25.24370557878132 ], [ 55.30979050348796, 25.243928778810517 ], [ 55.3101848, 25.243637 ], [ 55.3099756, 25.2434016 ], [ 55.30971887610729, 25.243605039628111 ], [ 55.309811032409399, 25.243512883278466 ], [ 55.309811032409399, 25.243467967514256 ], [ 55.309725145752964, 25.243467967541534 ], [ 55.3098624, 25.2433555 ], [ 55.3098053, 25.2432985 ], [ 55.3096054, 25.2434623 ], [ 55.309619160166129, 25.243476036074405 ], [ 55.3095262500403, 25.243568946223398 ], [ 55.309464, 25.2435051 ], [ 55.309047464418043, 25.243833804283085 ], [ 55.309002548653694, 25.243782377863699 ], [ 55.308957632889488, 25.243782377863695 ], [ 55.308901166858433, 25.243833768153266 ], [ 55.308901166851101, 25.243911188417933 ], [ 55.308752788973678, 25.243977354358911 ], [ 55.308822885596868, 25.243872209392112 ], [ 55.308822885596868, 25.243782377863695 ], [ 55.308777969832668, 25.243737462099489 ], [ 55.308643222540049, 25.243737462099485 ], [ 55.308541334140642, 25.243789136329347 ], [ 55.308541334131462, 25.243878967857228 ], [ 55.308631165650617, 25.24401371515663 ], [ 55.308738527455283, 25.243998746615176 ], [ 55.308783103362423, 25.244083178647738 ], [ 55.3089943, 25.243989 ], [ 55.308959771882591, 25.243923599701038 ], [ 55.309041799986986, 25.243920300369155 ], [ 55.309078403414695, 25.243957878696353 ], [ 55.309487199510272, 25.243670252521511 ], [ 55.309487199507629, 25.243697828224217 ] ] ], [ [ [ 55.309817, 25.2534865 ], [ 55.3098531, 25.2535225 ], [ 55.3096458, 25.2536248 ], [ 55.30959570000001, 25.2536342 ], [ 55.3095745, 25.2535942 ], [ 55.3094512, 25.2535867 ], [ 55.3094486, 25.2536215 ], [ 55.3095533, 25.2536278 ], [ 55.3095844, 25.2536806 ], [ 55.3096169, 25.2536649 ], [ 55.3096693, 25.2537536 ], [ 55.3099173, 25.2536338 ], [ 55.3099253, 25.2535731 ], [ 55.310023, 25.2535656 ], [ 55.310042, 25.2535016 ], [ 55.3100024, 25.2534247 ], [ 55.3100147, 25.2533736 ], [ 55.3099529, 25.2532907 ], [ 55.3099209, 25.2533147 ], [ 55.3098137, 25.2532215 ], [ 55.3097045, 25.2531971 ], [ 55.3096644, 25.2531226 ], [ 55.3095672, 25.2531237 ], [ 55.3094893, 25.2531688 ], [ 55.3094809, 25.2533022 ], [ 55.3095682, 25.253319 ], [ 55.3095908, 25.2533961 ], [ 55.3096485, 25.2534471 ], [ 55.3097913, 25.2534457 ], [ 55.309817, 25.2534865 ] ] ], [ [ [ 55.309898607538848, 25.242537357690857 ], [ 55.309996507514128, 25.242649457719622 ], [ 55.3101908, 25.2425176 ], [ 55.309885285874749, 25.242182992563972 ], [ 55.3099412, 25.2421465 ], [ 55.3098857, 25.2420825 ], [ 55.309665503804055, 25.24223157880974 ], [ 55.309919117399808, 25.242521961007807 ], [ 55.309898607538848, 25.242537357690857 ] ] ], [ [ [ 55.310215274287259, 25.236865350175975 ], [ 55.310215274287259, 25.236910265940185 ], [ 55.310260190051459, 25.236910265940185 ], [ 55.310260190051459, 25.236865350175975 ], [ 55.310215274287259, 25.236865350175975 ] ] ], [ [ [ 55.3099563, 25.24433 ], [ 55.3098705, 25.2443369 ], [ 55.3099449, 25.2445957 ], [ 55.3101395, 25.2445474 ], [ 55.3099563, 25.24433 ] ] ], [ [ [ 55.309861160724573, 25.253969163396714 ], [ 55.309889460721692, 25.254014963398578 ], [ 55.3100069, 25.253955 ], [ 55.3099786, 25.2539092 ], [ 55.309861160724573, 25.253969163396714 ] ] ], [ [ [ 55.3098951, 25.2530961 ], [ 55.309845860800273, 25.253122663400038 ], [ 55.309959760789582, 25.253297063407615 ], [ 55.3100089, 25.2532706 ], [ 55.3098951, 25.2530961 ] ] ], [ [ [ 55.310156008851393, 25.239267357847098 ], [ 55.3102016, 25.2392418 ], [ 55.3102006, 25.2392037 ], [ 55.310120608859037, 25.239230157836634 ], [ 55.31012160884459, 25.239268057836089 ], [ 55.310156008851393, 25.239267357847098 ] ] ], [ [ [ 55.3100598, 25.2447812 ], [ 55.3100662, 25.2448026 ], [ 55.3101008, 25.2447932 ], [ 55.3100939, 25.2447736 ], [ 55.3100598, 25.2447812 ] ] ], [ [ [ 55.3100444, 25.244732 ], [ 55.3100509, 25.2447535 ], [ 55.3100855, 25.2447441 ], [ 55.3100785, 25.2447244 ], [ 55.3100444, 25.244732 ] ] ], [ [ [ 55.31003110000001, 25.2446842 ], [ 55.3100375, 25.2447056 ], [ 55.3100721, 25.2446962 ], [ 55.3100652, 25.2446766 ], [ 55.31003110000001, 25.2446842 ] ] ], [ [ [ 55.3100175, 25.2446359 ], [ 55.3100239, 25.2446573 ], [ 55.3100585, 25.2446479 ], [ 55.3100516, 25.2446283 ], [ 55.3100175, 25.2446359 ] ] ], [ [ [ 55.3099388, 25.2416083 ], [ 55.309866003933998, 25.241657678848277 ], [ 55.310002103917633, 25.24180927886831 ], [ 55.3100749, 25.2417599 ], [ 55.3099388, 25.2416083 ] ] ], [ [ [ 55.3098649, 25.2537967 ], [ 55.3098114, 25.2538224 ], [ 55.3097925, 25.2537904 ], [ 55.3096655, 25.2538515 ], [ 55.3097719, 25.2540326 ], [ 55.3098403, 25.2539997 ], [ 55.3097755, 25.2538895 ], [ 55.30989970000001, 25.2538558 ], [ 55.3098649, 25.2537967 ] ] ], [ [ [ 55.309704003064198, 25.246078978772371 ], [ 55.3099952, 25.2459953 ], [ 55.3098112, 25.2453708 ], [ 55.3097667, 25.2453255 ], [ 55.309488903172522, 25.245412778745525 ], [ 55.309704003064198, 25.246078978772371 ] ] ], [ [ [ 55.3101352, 25.2338037 ], [ 55.3101306, 25.233694899999989 ], [ 55.310054805487397, 25.23370947896834 ], [ 55.310059405466795, 25.233818378967843 ], [ 55.3101352, 25.2338037 ] ] ], [ [ [ 55.309811032409399, 25.240952684718717 ], [ 55.309811032409399, 25.241177263539754 ], [ 55.309945779702019, 25.24117726353975 ], [ 55.309945779702019, 25.241042516247138 ], [ 55.309990695466226, 25.241042516247138 ], [ 55.309990695466226, 25.240997600482928 ], [ 55.309945779702019, 25.240997600482931 ], [ 55.309945779702019, 25.240952684718724 ], [ 55.309811032409399, 25.240952684718717 ] ] ], [ [ [ 55.309273403856231, 25.241768778752292 ], [ 55.309566603819107, 25.242105078795351 ], [ 55.3099771, 25.2418159 ], [ 55.30968390000001, 25.2414795 ], [ 55.309273403856231, 25.241768778752292 ] ] ], [ [ [ 55.309502093328028, 25.24516585841873 ], [ 55.3094651, 25.2451861 ], [ 55.309511703215904, 25.24519947875158 ], [ 55.309667774326172, 25.24515133567996 ], [ 55.309667774320587, 25.245224453060981 ], [ 55.309712690086378, 25.245224453063663 ], [ 55.309900863937813, 25.24512985078988 ], [ 55.309900863937813, 25.24508493502567 ], [ 55.309855948173613, 25.24504001926147 ], [ 55.309811032409399, 25.245040019261467 ], [ 55.309674933499018, 25.245129893890972 ], [ 55.30966140000001, 25.2451138 ], [ 55.309502093328028, 25.24516585841873 ] ] ], [ [ [ 55.3098284, 25.2480367 ], [ 55.3098063, 25.2479857 ], [ 55.309719802690303, 25.248021178752921 ], [ 55.309741902682568, 25.248072078755882 ], [ 55.3098284, 25.2480367 ] ] ], [ [ [ 55.309928947041193, 25.23405871923628 ], [ 55.309905510811092, 25.234071857884548 ], [ 55.309911110728251, 25.23428905788144 ], [ 55.309968310739578, 25.234287857899741 ], [ 55.3100139, 25.2342623 ], [ 55.3100084, 25.2340451 ], [ 55.309968260274331, 25.234045940624856 ], [ 55.3099917, 25.2340328 ], [ 55.3099838, 25.2337077 ], [ 55.309900310940634, 25.233733957890536 ], [ 55.309908110816494, 25.234059157885671 ], [ 55.309928947041193, 25.23405871923628 ] ] ], [ [ [ 55.309412204182067, 25.240150678792794 ], [ 55.309408204161151, 25.240256978790946 ], [ 55.309851704157424, 25.240494278859146 ], [ 55.3098745, 25.2404815 ], [ 55.3099065, 25.2403754 ], [ 55.3098791, 25.2401286 ], [ 55.309412204182067, 25.240150678792794 ] ] ], [ [ [ 55.308594002725442, 25.24728597858126 ], [ 55.308888702572041, 25.24822447861775 ], [ 55.3097951, 25.2479848 ], [ 55.3094671, 25.2470051 ], [ 55.3094, 25.2469954 ], [ 55.3086611, 25.2471822 ], [ 55.30861150274, 25.247219278584808 ], [ 55.308594002725442, 25.24728597858126 ] ] ], [ [ [ 55.3098597, 25.2388824 ], [ 55.309233204406205, 25.238902578778298 ], [ 55.309210104391262, 25.238968578773854 ], [ 55.309219704339796, 25.239239678772332 ], [ 55.309249204329369, 25.239308178776277 ], [ 55.3098744, 25.2392849 ], [ 55.3098597, 25.2388824 ] ] ], [ [ [ 55.309676285116787, 25.239829790613573 ], [ 55.309676285116787, 25.239964537906193 ], [ 55.309811032409399, 25.239964537906197 ], [ 55.309811032409399, 25.23991962214199 ], [ 55.309855948173613, 25.239919622141983 ], [ 55.309855948173613, 25.239874706377773 ], [ 55.309811032409399, 25.239874706377776 ], [ 55.309811032409399, 25.23982979061357 ], [ 55.309676285116787, 25.239829790613573 ] ] ], [ [ [ 55.309282861882522, 25.249548222932333 ], [ 55.3097141, 25.249437 ], [ 55.3095294, 25.2488551 ], [ 55.3091788, 25.2489471 ], [ 55.309116261950841, 25.249024522915768 ], [ 55.309282861882522, 25.249548222932333 ] ] ], [ [ [ 55.309766116645193, 25.244905271968847 ], [ 55.309721200880986, 25.24486035620464 ], [ 55.309667267753021, 25.244865410921701 ], [ 55.309667267746157, 25.244955242449713 ], [ 55.309757099277938, 25.244955242455383 ], [ 55.309766116645193, 25.244905271968847 ] ] ], [ [ [ 55.309178004425348, 25.238776378770901 ], [ 55.309822204489997, 25.238758478874061 ], [ 55.309845, 25.2387457 ], [ 55.3098371, 25.2385765 ], [ 55.3097998, 25.2385328 ], [ 55.3091924, 25.2385532 ], [ 55.309169604465204, 25.238565978771945 ], [ 55.309178004425348, 25.238776378770901 ] ] ], [ [ [ 55.309797311034131, 25.233441257864236 ], [ 55.309817311022982, 25.233479957869761 ], [ 55.3099059, 25.2334362 ], [ 55.3098858, 25.2333975 ], [ 55.309797311034131, 25.233441257864236 ] ] ], [ [ [ 55.3098188, 25.2384497 ], [ 55.3098084, 25.2381165 ], [ 55.309165804546673, 25.238142378776121 ], [ 55.309176404482407, 25.238480278773999 ], [ 55.3098188, 25.2384497 ] ] ], [ [ [ 55.30949540466478, 25.237693078833885 ], [ 55.309508904595738, 25.238057078831925 ], [ 55.309742404614887, 25.238072778869068 ], [ 55.3098146, 25.2380349 ], [ 55.3098011, 25.2376717 ], [ 55.30949540466478, 25.237693078833885 ] ] ], [ [ [ 55.3095467, 25.2376171 ], [ 55.3097973, 25.2376085 ], [ 55.3097794, 25.2372731 ], [ 55.3095326, 25.2372816 ], [ 55.3095467, 25.2376171 ] ] ], [ [ [ 55.308777969832668, 25.244545945855197 ], [ 55.308730792162038, 25.244547213759198 ], [ 55.3087078, 25.2444717 ], [ 55.308056203185551, 25.244641078525216 ], [ 55.308229703091953, 25.245210678546506 ], [ 55.308858403181958, 25.245053978648787 ], [ 55.3088812, 25.2450412 ], [ 55.308867397714153, 25.244995869145217 ], [ 55.308995095729024, 25.244960171925488 ], [ 55.309009503205452, 25.245006678673469 ], [ 55.3097001, 25.2448247 ], [ 55.3095413, 25.2443122 ], [ 55.309482, 25.2442676 ], [ 55.308833603298481, 25.244438878651785 ], [ 55.308969751481968, 25.244878361645977 ], [ 55.308841606343393, 25.244911162448062 ], [ 55.308745984088823, 25.24459710895378 ], [ 55.308777969832668, 25.244590861619404 ], [ 55.308777969832668, 25.244545945855197 ] ] ], [ [ [ 55.309675203959998, 25.241429278820366 ], [ 55.309685703958912, 25.241440078821913 ], [ 55.3097474, 25.2413964 ], [ 55.3097369, 25.2413856 ], [ 55.309675203959998, 25.241429278820366 ] ] ], [ [ [ 55.309855948173613, 25.230083069780878 ], [ 55.309855948173613, 25.230127985545078 ], [ 55.309900863937813, 25.230127985545082 ], [ 55.309900863937813, 25.230083069780875 ], [ 55.309855948173613, 25.230083069780878 ] ] ], [ [ [ 55.309164803115031, 25.24555087869215 ], [ 55.309350903013041, 25.24617007871489 ], [ 55.3096621, 25.2460799 ], [ 55.3094502, 25.2454086 ], [ 55.3092246, 25.245468 ], [ 55.309164803115031, 25.24555087869215 ] ] ], [ [ [ 55.309422204051472, 25.240831478786685 ], [ 55.3096561, 25.2406756 ], [ 55.3097343, 25.2405768 ], [ 55.3093613, 25.2403925 ], [ 55.309191204090894, 25.240513878753347 ], [ 55.309191204084215, 25.240548478752963 ], [ 55.309225704069377, 25.240642278757413 ], [ 55.309389504049001, 25.240828178781491 ], [ 55.309422204051472, 25.240831478786685 ] ] ], [ [ [ 55.309676285116787, 25.244051872448932 ], [ 55.309676285116787, 25.244006956684725 ], [ 55.309576423106435, 25.244012579345419 ], [ 55.309576423102612, 25.244057495109395 ], [ 55.309676285116787, 25.244051872448932 ] ] ], [ [ [ 55.308770174758905, 25.242948800857114 ], [ 55.308884903565826, 25.243080678675351 ], [ 55.309485403578172, 25.243311978768723 ], [ 55.3096556, 25.2431861 ], [ 55.3096816, 25.243133 ], [ 55.3091004, 25.2424715 ], [ 55.3086515036264, 25.242652478642889 ], [ 55.308743434430077, 25.242882030290463 ], [ 55.3087015, 25.2429128 ], [ 55.3087483, 25.2429649 ], [ 55.308770174758905, 25.242948800857114 ] ] ], [ [ [ 55.30973950478618, 25.237184678878645 ], [ 55.3097623, 25.2371719 ], [ 55.3097502, 25.2369307 ], [ 55.309115304768625, 25.236968678781338 ], [ 55.309127504723186, 25.237209878780558 ], [ 55.30973950478618, 25.237184678878645 ] ] ], [ [ [ 55.309411360699649, 25.254024163362857 ], [ 55.309439960695563, 25.254083563364677 ], [ 55.3095135, 25.2540528 ], [ 55.309485, 25.2539934 ], [ 55.309411360699649, 25.254024163362857 ] ] ], [ [ [ 55.3094636, 25.2533619 ], [ 55.3094481, 25.2535333 ], [ 55.3095015, 25.2535372 ], [ 55.3095171, 25.2533658 ], [ 55.3094636, 25.2533619 ] ] ], [ [ [ 55.3097351, 25.2366123 ], [ 55.3097126, 25.2360868 ], [ 55.309123004932694, 25.236123178792131 ], [ 55.30914280483303, 25.236648778789352 ], [ 55.3097351, 25.2366123 ] ] ], [ [ [ 55.309703704842505, 25.236875478876424 ], [ 55.3097265, 25.2368627 ], [ 55.3097145, 25.2366538 ], [ 55.309103004820443, 25.236694378782484 ], [ 55.309115004781233, 25.236903278782023 ], [ 55.309703704842505, 25.236875478876424 ] ] ], [ [ [ 55.30970520000001, 25.2357165 ], [ 55.3096748, 25.2353648 ], [ 55.309367305098931, 25.235382678839557 ], [ 55.309385805022302, 25.235788478837915 ], [ 55.309626005043498, 25.235796778876207 ], [ 55.30970520000001, 25.2357165 ] ] ], [ [ [ 55.3095853, 25.2439924 ], [ 55.3095704, 25.2439723 ], [ 55.3095295, 25.2439972 ], [ 55.3095444, 25.2440173 ], [ 55.3095853, 25.2439924 ] ] ], [ [ [ 55.3095775, 25.2442206 ], [ 55.3095346, 25.2440435 ], [ 55.3094894, 25.2440524 ], [ 55.30946660343082, 25.244065178757193 ], [ 55.309509603400691, 25.244242278762066 ], [ 55.3095775, 25.2442206 ] ] ], [ [ [ 55.3092149, 25.235053 ], [ 55.3097043, 25.2350407 ], [ 55.3096965, 25.2348053 ], [ 55.3092085, 25.23482 ], [ 55.3092149, 25.235053 ] ] ], [ [ [ 55.30967040514161, 25.235310678888794 ], [ 55.3096932, 25.2352979 ], [ 55.3096849, 25.2350543 ], [ 55.309193605140862, 25.23508017881521 ], [ 55.309201905094625, 25.235323678813792 ], [ 55.30967040514161, 25.235310678888794 ] ] ], [ [ [ 55.30963136935258, 25.233002594454266 ], [ 55.309586453588373, 25.233002594454266 ], [ 55.309586453588373, 25.233047510218469 ], [ 55.309676285116787, 25.233047510218466 ], [ 55.309676285116787, 25.233002594454263 ], [ 55.309721200880986, 25.233002594454263 ], [ 55.309721200880986, 25.232957678690063 ], [ 55.30963136935258, 25.232957678690063 ], [ 55.30963136935258, 25.233002594454266 ] ] ], [ [ [ 55.309203462430311, 25.234732063449201 ], [ 55.309680662452827, 25.234716863484866 ], [ 55.3096831, 25.2345 ], [ 55.3092059, 25.2345151 ], [ 55.309203462430311, 25.234732063449201 ] ] ], [ [ [ 55.3093865, 25.2535351 ], [ 55.3094134, 25.2533095 ], [ 55.309341901629523, 25.253322678632529 ], [ 55.309312401588009, 25.253522878625557 ], [ 55.3093865, 25.2535351 ] ] ], [ [ [ 55.309097560706668, 25.25379216334067 ], [ 55.309107560698308, 25.253889763340894 ], [ 55.309276460701341, 25.25393906335324 ], [ 55.3093925, 25.253937 ], [ 55.3093988, 25.2537969 ], [ 55.309097560706668, 25.25379216334067 ] ] ], [ [ [ 55.3094967, 25.2451318 ], [ 55.3094827, 25.2450865 ], [ 55.309122603181876, 25.245184278689546 ], [ 55.309136603174466, 25.245229478691268 ], [ 55.3094967, 25.2451318 ] ] ], [ [ [ 55.3095017, 25.2442552 ], [ 55.3094861, 25.2442049 ], [ 55.308899, 25.2443543 ], [ 55.3089146, 25.2444046 ], [ 55.3095017, 25.2442552 ] ] ], [ [ [ 55.3093413, 25.2541278 ], [ 55.3089187, 25.2540725 ], [ 55.308864060645668, 25.254353463320278 ], [ 55.309129260649087, 25.254445863339583 ], [ 55.309277860653928, 25.254465263350564 ], [ 55.30933610000001, 25.2543559 ], [ 55.3093413, 25.2541278 ] ] ], [ [ [ 55.3094687, 25.2441646 ], [ 55.3094565, 25.2441246 ], [ 55.3089617, 25.2442471 ], [ 55.3089738, 25.2442872 ], [ 55.3094687, 25.2441646 ] ] ], [ [ [ 55.308840903905939, 25.24129897868848 ], [ 55.30902100388456, 25.241498078715008 ], [ 55.3095103, 25.2411401 ], [ 55.3093929, 25.2410103 ], [ 55.3090484, 25.2411495 ], [ 55.308840903905939, 25.24129897868848 ] ] ], [ [ [ 55.3094462, 25.245209 ], [ 55.3094359, 25.2451755 ], [ 55.3092846, 25.2452341 ], [ 55.309341203190989, 25.245244578723813 ], [ 55.3094462, 25.245209 ] ] ], [ [ [ 55.3095284, 25.2395666 ], [ 55.3095267, 25.2394867 ], [ 55.309273204293909, 25.239503478777891 ], [ 55.309274904278638, 25.239583378777262 ], [ 55.3095284, 25.2395666 ] ] ], [ [ [ 55.309351337681505, 25.244057779065535 ], [ 55.309351337677491, 25.244102694829508 ], [ 55.309441169209848, 25.244102694836144 ], [ 55.309451706295754, 25.244006956684728 ], [ 55.309406790531547, 25.244006956684728 ], [ 55.309351337681505, 25.244057779065535 ] ] ], [ [ [ 55.3095688, 25.2336318 ], [ 55.3092978, 25.2332008 ], [ 55.3092632, 25.233195 ], [ 55.308474262503218, 25.233564863400989 ], [ 55.308481762493585, 25.23367536340097 ], [ 55.308716462467402, 25.234081163416324 ], [ 55.309386662524979, 25.233771863467933 ], [ 55.3095688, 25.2336318 ] ] ], [ [ [ 55.309002548653808, 25.251746650966638 ], [ 55.308952870619223, 25.251735137432959 ], [ 55.308952870618427, 25.251757915790826 ], [ 55.3081825, 25.2519326 ], [ 55.30807460176505, 25.251998778444865 ], [ 55.308037101744105, 25.252088678437854 ], [ 55.308046401722152, 25.252206778438001 ], [ 55.308268301677074, 25.252548978469616 ], [ 55.308370301670379, 25.252633778484967 ], [ 55.3084836, 25.2526289 ], [ 55.3087411, 25.252379 ], [ 55.3092977, 25.2517458 ], [ 55.3093027, 25.2517058 ], [ 55.309244, 25.2516919 ], [ 55.309002548653808, 25.251746650966638 ] ] ], [ [ [ 55.3091868, 25.2377655 ], [ 55.309184, 25.2380694 ], [ 55.3094837, 25.238062 ], [ 55.3094708, 25.2376894 ], [ 55.3091668, 25.2376981 ], [ 55.3091868, 25.2377655 ] ] ], [ [ [ 55.308853401572904, 25.25337537855382 ], [ 55.308839401549129, 25.253491478550274 ], [ 55.3092183, 25.2535138 ], [ 55.3092678, 25.2531028 ], [ 55.309112601650284, 25.253102578598362 ], [ 55.308853401572904, 25.25337537855382 ] ] ], [ [ [ 55.3094462, 25.2394635 ], [ 55.3094458, 25.2393256 ], [ 55.30929010432736, 25.23933867878246 ], [ 55.309290504300755, 25.239476578780966 ], [ 55.3094462, 25.2394635 ] ] ], [ [ [ 55.30922712747472, 25.250295163673567 ], [ 55.309272043238927, 25.250250247909364 ], [ 55.309272043238927, 25.250205332145153 ], [ 55.309221656007139, 25.250208399020455 ], [ 55.309176740239828, 25.250253314782825 ], [ 55.309176740237739, 25.250298230546907 ], [ 55.30922712747472, 25.250295163673567 ] ] ], [ [ [ 55.3093324, 25.2375061 ], [ 55.3093263, 25.2373662 ], [ 55.3093804, 25.2373642 ], [ 55.309378100000011, 25.2373112 ], [ 55.3094166, 25.2373099 ], [ 55.3094137, 25.2372452 ], [ 55.3091427, 25.2372548 ], [ 55.3091595, 25.2376382 ], [ 55.3094327, 25.2376284 ], [ 55.3094296, 25.2375581 ], [ 55.3093804, 25.2375598 ], [ 55.309378, 25.2375045 ], [ 55.3093324, 25.2375061 ] ] ], [ [ [ 55.3092557, 25.2452218 ], [ 55.3092325, 25.2452281 ], [ 55.3092424, 25.2452616 ], [ 55.3092661, 25.2452553 ], [ 55.3092557, 25.2452218 ] ] ], [ [ [ 55.308801603907042, 25.241273878682474 ], [ 55.3093212, 25.240903 ], [ 55.308965, 25.2404985 ], [ 55.308445303951345, 25.24086947863011 ], [ 55.308801603907042, 25.241273878682474 ] ] ], [ [ [ 55.308645702892157, 25.246448878598997 ], [ 55.3091761, 25.2463109 ], [ 55.3092441, 25.246233 ], [ 55.3091954, 25.2460716 ], [ 55.308579902928102, 25.24623057859095 ], [ 55.308645702892157, 25.246448878598997 ] ] ], [ [ [ 55.3093306, 25.2299872 ], [ 55.3093829, 25.2300466 ], [ 55.3094499, 25.2299984 ], [ 55.3093976, 25.2299389 ], [ 55.3093306, 25.2299872 ] ] ], [ [ [ 55.30933770501651, 25.235794778830151 ], [ 55.3093605, 25.235782 ], [ 55.3093506, 25.2353576 ], [ 55.3087321050387, 25.23538217873806 ], [ 55.308743904959364, 25.235798678735229 ], [ 55.30933770501651, 25.235794778830151 ] ] ], [ [ [ 55.3091942, 25.2452367 ], [ 55.3091709, 25.2452429 ], [ 55.3091808, 25.2452765 ], [ 55.3092045, 25.2452702 ], [ 55.3091942, 25.2452367 ] ] ], [ [ [ 55.309042499575327, 25.249938620459702 ], [ 55.309087415338567, 25.249983536225361 ], [ 55.309137295946314, 25.249980753324127 ], [ 55.309137295946314, 25.249890921795707 ], [ 55.309042499577224, 25.249893704695609 ], [ 55.309042499575327, 25.249938620459702 ] ] ], [ [ [ 55.3092534, 25.2301138 ], [ 55.3092339, 25.2302256 ], [ 55.3093177, 25.2302483 ], [ 55.3093962, 25.2302281 ], [ 55.3094092, 25.2301535 ], [ 55.3093455, 25.2301165 ], [ 55.3092534, 25.2301138 ] ] ], [ [ [ 55.30922712747472, 25.239919622141983 ], [ 55.30922712747472, 25.239964537906193 ], [ 55.309272043238927, 25.239964537906189 ], [ 55.309272043238927, 25.239919622141979 ], [ 55.30922712747472, 25.239919622141983 ] ] ], [ [ [ 55.3089941, 25.2547113 ], [ 55.3090524, 25.2546786 ], [ 55.3090201, 25.2546314 ], [ 55.3089617, 25.2546642 ], [ 55.3089941, 25.2547113 ] ] ], [ [ [ 55.3090907, 25.2458061 ], [ 55.308341102948589, 25.246007178555299 ], [ 55.308401102917664, 25.246196678562743 ], [ 55.3091507, 25.2459956 ], [ 55.3090907, 25.2458061 ] ] ], [ [ [ 55.30922712747472, 25.240054369434599 ], [ 55.30922712747472, 25.240009453670396 ], [ 55.309182211710514, 25.2400094536704 ], [ 55.309182211710514, 25.239964537906193 ], [ 55.309137295946314, 25.239964537906197 ], [ 55.309137295946314, 25.239919622141983 ], [ 55.309047464417901, 25.239919622141986 ], [ 55.309047464417901, 25.23987470637778 ], [ 55.309002548653694, 25.239874706377773 ], [ 55.309002548653694, 25.240009453670393 ], [ 55.309047464417901, 25.240009453670393 ], [ 55.309047464417901, 25.240054369434606 ], [ 55.30922712747472, 25.240054369434599 ] ] ], [ [ [ 55.3088145, 25.2303086 ], [ 55.3092566, 25.2299888 ], [ 55.3093462, 25.2298876 ], [ 55.3090014, 25.229379 ], [ 55.308421, 25.228832 ], [ 55.30789906287044, 25.229207663381118 ], [ 55.307881262865848, 25.22924976337957 ], [ 55.308603662801509, 25.230318863427783 ], [ 55.308663062798075, 25.230386063431858 ], [ 55.3088145, 25.2303086 ] ] ], [ [ [ 55.308898301595349, 25.253281378562054 ], [ 55.3089957, 25.2532171 ], [ 55.309006, 25.2531782 ], [ 55.3089483, 25.2530893 ], [ 55.3089085, 25.2530806 ], [ 55.308823401622142, 25.253105978552075 ], [ 55.308754001602935, 25.253171178540246 ], [ 55.308851101588914, 25.253291478554402 ], [ 55.308898301595349, 25.253281378562054 ] ] ], [ [ [ 55.308937903457853, 25.243665478677205 ], [ 55.309058303444495, 25.243793778695 ], [ 55.3091213, 25.2437501 ], [ 55.3090009, 25.2436219 ], [ 55.308937903457853, 25.243665478677205 ] ] ], [ [ [ 55.3089295, 25.250431 ], [ 55.308812202131392, 25.250466378580153 ], [ 55.308872585770523, 25.250673012769866 ], [ 55.3081586, 25.2508544 ], [ 55.308135801989636, 25.250867178467473 ], [ 55.308164401974565, 25.250959178470996 ], [ 55.3090167, 25.2507294 ], [ 55.3089295, 25.250431 ] ] ], [ [ [ 55.308953174672041, 25.249668841902899 ], [ 55.309002548653694, 25.249666342974677 ], [ 55.309002548653694, 25.249621427210474 ], [ 55.308953174673739, 25.249623926138792 ], [ 55.308953174672041, 25.249668841902899 ] ] ], [ [ [ 55.308912717125281, 25.249486679917851 ], [ 55.309002548653694, 25.249486679917851 ], [ 55.309002548653694, 25.249441764153651 ], [ 55.308912717125281, 25.249441764153651 ], [ 55.308912717125281, 25.249486679917851 ] ] ], [ [ [ 55.3090536, 25.2452782 ], [ 55.3090367, 25.2452234 ], [ 55.308679903113486, 25.245320478617238 ], [ 55.30869680310451, 25.245375278619314 ], [ 55.3090536, 25.2452782 ] ] ], [ [ [ 55.3088883, 25.2535693 ], [ 55.3089247, 25.2535612 ], [ 55.3089148, 25.2535246 ], [ 55.3088784, 25.2535327 ], [ 55.3088883, 25.2535693 ] ] ], [ [ [ 55.309000303495985, 25.243498778689062 ], [ 55.309052200000011, 25.2434787 ], [ 55.3090432, 25.2434493 ], [ 55.308991303500832, 25.243469278687961 ], [ 55.309000303495985, 25.243498778689062 ] ] ], [ [ [ 55.309014, 25.2451569 ], [ 55.3089978, 25.2451058 ], [ 55.308623703129598, 25.245209578609504 ], [ 55.308639903121254, 25.245260678611519 ], [ 55.309014, 25.2451569 ] ] ], [ [ [ 55.3090734, 25.2385116 ], [ 55.3090736, 25.2384672 ], [ 55.309018604467504, 25.238479778748779 ], [ 55.309005204451921, 25.238553878745805 ], [ 55.3090733, 25.2385413 ], [ 55.3090734, 25.2385116 ] ] ], [ [ [ 55.308822885596868, 25.24333322022164 ], [ 55.308721503841333, 25.243339694735294 ], [ 55.308631672282218, 25.243609189311712 ], [ 55.308901166880425, 25.243609189333537 ], [ 55.309002548653694, 25.243557799042673 ], [ 55.308957632889488, 25.243423051750053 ], [ 55.308822885596868, 25.24333322022164 ] ] ], [ [ [ 55.308912717125281, 25.249262101096825 ], [ 55.308867801361075, 25.249262101096829 ], [ 55.308867801361075, 25.249307016861028 ], [ 55.308822885596868, 25.249307016861035 ], [ 55.308822885596868, 25.249351932625238 ], [ 55.308912717125281, 25.249351932625242 ], [ 55.308912717125281, 25.249262101096825 ] ] ], [ [ [ 55.3090061, 25.2424048 ], [ 55.3089678, 25.2422787 ], [ 55.308797003702871, 25.242328278669817 ], [ 55.308835203682129, 25.242454378674488 ], [ 55.3090061, 25.2424048 ] ] ], [ [ [ 55.308651026922291, 25.250069653181175 ], [ 55.308668702179219, 25.250148478560799 ], [ 55.3088793, 25.2500432 ], [ 55.3088676, 25.2500072 ], [ 55.30874487614679, 25.250039930477989 ], [ 55.3088471, 25.2499466 ], [ 55.3087997, 25.2497937 ], [ 55.307854402122771, 25.250040178431838 ], [ 55.307902002097542, 25.250194078437698 ], [ 55.308030102105235, 25.250217278457917 ], [ 55.308651026922291, 25.250069653181175 ] ] ], [ [ [ 55.3090217, 25.2377981 ], [ 55.3089599, 25.2377487 ], [ 55.3087595, 25.2377591 ], [ 55.308774, 25.2380475 ], [ 55.3090359, 25.2380428 ], [ 55.3090217, 25.2377981 ] ] ], [ [ [ 55.3089443, 25.2442517 ], [ 55.3089304, 25.2442108 ], [ 55.3088704, 25.2442275 ], [ 55.3088843, 25.2442684 ], [ 55.3089443, 25.2442517 ] ] ], [ [ [ 55.308895761599352, 25.24379696337839 ], [ 55.3089473, 25.2437605 ], [ 55.3088517, 25.2436559 ], [ 55.308800261604553, 25.243692363371824 ], [ 55.308895761599352, 25.24379696337839 ] ] ], [ [ [ 55.308794904420033, 25.238615578711496 ], [ 55.308782704408742, 25.23866797870895 ], [ 55.30893640441716, 25.238699978733155 ], [ 55.308997, 25.2386699 ], [ 55.3090084, 25.2386103 ], [ 55.308794904420033, 25.238615578711496 ] ] ], [ [ [ 55.308693704655155, 25.237348778709652 ], [ 55.308712804602123, 25.237632678709499 ], [ 55.308934004624135, 25.237627478744905 ], [ 55.3090179, 25.2375552 ], [ 55.3090093, 25.2373265 ], [ 55.308693704655155, 25.237348778709652 ] ] ], [ [ [ 55.3086848, 25.2385069 ], [ 55.3086857, 25.2385524 ], [ 55.3087249, 25.2385704 ], [ 55.3089936, 25.2385657 ], [ 55.3089912, 25.2384559 ], [ 55.308874, 25.2384579 ], [ 55.3088748, 25.238496 ], [ 55.3086848, 25.2385069 ] ] ], [ [ [ 55.308688138304248, 25.253618930224803 ], [ 55.308777969832668, 25.2536189302248 ], [ 55.308777969832668, 25.253529098696397 ], [ 55.308688138304248, 25.253529098696397 ], [ 55.308688138304248, 25.253618930224803 ] ] ], [ [ [ 55.3089975, 25.2372661 ], [ 55.3089887, 25.2370428 ], [ 55.30853150469369, 25.237069578686899 ], [ 55.308540304651395, 25.237292878685771 ], [ 55.3089975, 25.2372661 ] ] ], [ [ [ 55.308822885596868, 25.249531595682061 ], [ 55.308822885596868, 25.249486679917855 ], [ 55.308733054068455, 25.249486679917855 ], [ 55.308733054068455, 25.249531595682065 ], [ 55.308822885596868, 25.249531595682061 ] ] ], [ [ [ 55.3087633, 25.2534524 ], [ 55.3086712, 25.2531897 ], [ 55.3086192, 25.2532046 ], [ 55.308546101566343, 25.25325827850601 ], [ 55.308629701528133, 25.253496978516672 ], [ 55.3087633, 25.2534524 ] ] ], [ [ [ 55.308708803725658, 25.24216697865754 ], [ 55.308820203712109, 25.242291878673935 ], [ 55.3089061, 25.2422331 ], [ 55.3087947, 25.2421082 ], [ 55.308708803725658, 25.24216697865754 ] ] ], [ [ [ 55.308867801361075, 25.244276451269972 ], [ 55.308777969832668, 25.244276451269965 ], [ 55.308766419510953, 25.244327841545793 ], [ 55.308856251043686, 25.244327841553076 ], [ 55.308867801361075, 25.244276451269972 ] ] ], [ [ [ 55.3086616, 25.2401862 ], [ 55.308335204027642, 25.240420478617594 ], [ 55.308590203996602, 25.240706478655117 ], [ 55.3089167, 25.2404721 ], [ 55.3086616, 25.2401862 ] ] ], [ [ [ 55.3089638, 25.2369873 ], [ 55.3089549, 25.2367976 ], [ 55.308555, 25.2368128 ], [ 55.3085638, 25.2370025 ], [ 55.3089638, 25.2369873 ] ] ], [ [ [ 55.3089622, 25.236494 ], [ 55.3089551, 25.2362737 ], [ 55.308505404840311, 25.236297778691462 ], [ 55.30851250479845, 25.236517978690106 ], [ 55.3089622, 25.236494 ] ] ], [ [ [ 55.308640504918955, 25.235957078716908 ], [ 55.308644304864323, 25.236241778714295 ], [ 55.3089599, 25.2362242 ], [ 55.3089531, 25.2360034 ], [ 55.308887, 25.2359351 ], [ 55.308640504918955, 25.235957078716908 ] ] ], [ [ [ 55.308937642555946, 25.236752715335729 ], [ 55.308942, 25.2365458 ], [ 55.308538642555064, 25.236565115302856 ], [ 55.308546442534848, 25.236765115302315 ], [ 55.308937642555946, 25.236752715335729 ] ] ], [ [ [ 55.3084678, 25.2509596 ], [ 55.3087507, 25.2508844 ], [ 55.3087285, 25.250816 ], [ 55.3084455, 25.2508912 ], [ 55.3084678, 25.2509596 ] ] ], [ [ [ 55.308598306775842, 25.254517245508932 ], [ 55.308598306775842, 25.254562161273135 ], [ 55.308553391011635, 25.254562161273135 ], [ 55.308553391011635, 25.254651992801545 ], [ 55.308688138304248, 25.254651992801545 ], [ 55.308688138304248, 25.254562161273135 ], [ 55.308643222540049, 25.254562161273139 ], [ 55.308643222540049, 25.254517245508929 ], [ 55.308598306775842, 25.254517245508932 ] ] ], [ [ [ 55.3088319, 25.2432278 ], [ 55.3088195, 25.2431867 ], [ 55.308635503511503, 25.243239178633686 ], [ 55.308647903504735, 25.243280278635208 ], [ 55.3088319, 25.2432278 ] ] ], [ [ [ 55.308598306775842, 25.253169772582748 ], [ 55.308643222540049, 25.253169772582748 ], [ 55.308643222540049, 25.253079941054335 ], [ 55.308463559483222, 25.253079941054331 ], [ 55.308463559483222, 25.253124856818534 ], [ 55.308418643719016, 25.253124856818541 ], [ 55.308418643719016, 25.253169772582744 ], [ 55.308463559483222, 25.253169772582748 ], [ 55.308463559483222, 25.253214688346947 ], [ 55.308598306775842, 25.253214688346951 ], [ 55.308598306775842, 25.253169772582748 ] ] ], [ [ [ 55.308717657824353, 25.242479594695205 ], [ 55.3083522, 25.2425622 ], [ 55.3083678, 25.2426097 ], [ 55.3087736, 25.2424832 ], [ 55.3087673, 25.2424612 ], [ 55.308717657824353, 25.242479594695205 ] ] ], [ [ [ 55.3087669, 25.2423906 ], [ 55.3087308, 25.2422746 ], [ 55.308257903637411, 25.242401978582816 ], [ 55.308294103618422, 25.242518078587278 ], [ 55.3087669, 25.2423906 ] ] ], [ [ [ 55.308382001233461, 25.254899178461198 ], [ 55.308439994754636, 25.254857619870936 ], [ 55.308462801243188, 25.25488857847423 ], [ 55.3085238, 25.2548528 ], [ 55.3085003, 25.2548209 ], [ 55.30845036020937, 25.254850191903099 ], [ 55.3085945, 25.2547469 ], [ 55.3084222, 25.2544639 ], [ 55.307979401239074, 25.254672278399383 ], [ 55.308189001204084, 25.254956278429685 ], [ 55.308382001233461, 25.254899178461198 ] ] ], [ [ [ 55.308472801313464, 25.254530078479892 ], [ 55.308497301308776, 25.254566378483403 ], [ 55.3085916, 25.2545141 ], [ 55.3085672, 25.2544779 ], [ 55.308472801313464, 25.254530078479892 ] ] ], [ [ [ 55.308676284040303, 25.244148348864439 ], [ 55.308733054068455, 25.244141703977345 ], [ 55.308733054068455, 25.244051872448932 ], [ 55.308631368282917, 25.244058517332817 ], [ 55.308631368278398, 25.244103433096761 ], [ 55.308676284040303, 25.244148348864439 ] ] ], [ [ [ 55.3087149, 25.2444176 ], [ 55.3084527, 25.2444812 ], [ 55.3084628, 25.2445152 ], [ 55.308725, 25.2444515 ], [ 55.3087149, 25.2444176 ] ] ], [ [ [ 55.308708, 25.2381172 ], [ 55.308496204475937, 25.238179378668697 ], [ 55.308452704436974, 25.238359678659705 ], [ 55.308672604447786, 25.238411778694253 ], [ 55.3087555, 25.2383671 ], [ 55.3088038, 25.2381284 ], [ 55.308708, 25.2381172 ] ] ], [ [ [ 55.308454801235513, 25.254924378472541 ], [ 55.3085138, 25.2549177 ], [ 55.3085566, 25.2548601 ], [ 55.308499901249988, 25.254871678480356 ], [ 55.308454801235513, 25.254924378472541 ] ] ], [ [ [ 55.308687, 25.2443071 ], [ 55.3084151, 25.2443747 ], [ 55.3084278, 25.2444166 ], [ 55.3086997, 25.244349 ], [ 55.308687, 25.2443071 ] ] ], [ [ [ 55.308447, 25.2501672 ], [ 55.308015302091121, 25.250282978454813 ], [ 55.308113802038655, 25.250602778466938 ], [ 55.308477802090984, 25.250511078526181 ], [ 55.3085006, 25.2504983 ], [ 55.308481406965399, 25.25043592276085 ], [ 55.3086164, 25.2503539 ], [ 55.3085616, 25.2501758 ], [ 55.308447, 25.2501672 ] ] ], [ [ [ 55.308553391011635, 25.248408701576917 ], [ 55.308643222540049, 25.248408701576913 ], [ 55.308643222540049, 25.248363785812707 ], [ 55.308553391011635, 25.248363785812707 ], [ 55.308553391011635, 25.248408701576917 ] ] ], [ [ [ 55.3086507, 25.245179 ], [ 55.3086857, 25.245157 ], [ 55.3086658, 25.2451312 ], [ 55.3086308, 25.2451532 ], [ 55.3086507, 25.245179 ] ] ], [ [ [ 55.308487602995982, 25.254382498221663 ], [ 55.3085101, 25.2543705 ], [ 55.3084812, 25.2543256 ], [ 55.308384401334585, 25.254377378467485 ], [ 55.308413201328662, 25.254422178471572 ], [ 55.308463559483478, 25.254395321228863 ], [ 55.308463559483222, 25.254472329744718 ], [ 55.308553391011635, 25.254472329744722 ], [ 55.308553391011635, 25.254382498216302 ], [ 55.308487602995982, 25.254382498221663 ] ] ], [ [ [ 55.308654640697689, 25.243358355726777 ], [ 55.308703, 25.2433461 ], [ 55.3086905, 25.2433003 ], [ 55.30864214069922, 25.243312555726479 ], [ 55.308654640697689, 25.243358355726777 ] ] ], [ [ [ 55.3083027, 25.2427271 ], [ 55.3087004, 25.2426191 ], [ 55.30868610000001, 25.2425762 ], [ 55.3082885, 25.2426841 ], [ 55.3083027, 25.2427271 ] ] ], [ [ [ 55.3081485, 25.253473 ], [ 55.308205901476448, 25.253555978448233 ], [ 55.3085353, 25.2534603 ], [ 55.3085102, 25.2533843 ], [ 55.3083597, 25.2532996 ], [ 55.3081923, 25.2532535 ], [ 55.308112501505889, 25.253357778435543 ], [ 55.3081485, 25.253473 ] ] ], [ [ [ 55.308194602939921, 25.245979978532183 ], [ 55.3086289, 25.2458672 ], [ 55.3085607, 25.2456373 ], [ 55.308178502984362, 25.245742178532307 ], [ 55.308145002971784, 25.245790778526398 ], [ 55.308194602939921, 25.245979978532183 ] ] ], [ [ [ 55.3086613, 25.2434071 ], [ 55.3086478, 25.2433627 ], [ 55.3084648, 25.2434083 ], [ 55.3084784, 25.2434527 ], [ 55.3086613, 25.2434071 ] ] ], [ [ [ 55.3086962, 25.2303923 ], [ 55.3087351, 25.2304348 ], [ 55.3088126, 25.2303767 ], [ 55.30877370000001, 25.2303342 ], [ 55.3086962, 25.2303923 ] ] ], [ [ [ 55.3086003, 25.245388 ], [ 55.3085838, 25.2453378 ], [ 55.3083652, 25.2453967 ], [ 55.3083817, 25.2454468 ], [ 55.3086003, 25.245388 ] ] ], [ [ [ 55.3085854, 25.246385 ], [ 55.3085239, 25.2461797 ], [ 55.308350202906489, 25.246229478554241 ], [ 55.308411802872655, 25.246434778561763 ], [ 55.3085854, 25.246385 ] ] ], [ [ [ 55.308508475247429, 25.248543448869533 ], [ 55.308463559483222, 25.248543448869533 ], [ 55.308463559483222, 25.248633280397939 ], [ 55.308553391011635, 25.248633280397943 ], [ 55.308553391011635, 25.24858836463374 ], [ 55.308508475247429, 25.248588364633736 ], [ 55.308508475247429, 25.248543448869533 ] ] ], [ [ [ 55.308250003667624, 25.242241778583359 ], [ 55.308298403655257, 25.242329578590102 ], [ 55.3086391, 25.2421733 ], [ 55.3085906, 25.2420855 ], [ 55.308250003667624, 25.242241778583359 ] ] ], [ [ [ 55.308553391011635, 25.248184122755884 ], [ 55.308508475247429, 25.248184122755884 ], [ 55.308508475247429, 25.24822903852009 ], [ 55.308463559483222, 25.24822903852009 ], [ 55.308463559483222, 25.248273954284297 ], [ 55.308553391011635, 25.248273954284297 ], [ 55.308553391011635, 25.248184122755884 ] ] ], [ [ [ 55.308431304546239, 25.237783578662796 ], [ 55.308439804489161, 25.238083178660773 ], [ 55.3086947, 25.2380651 ], [ 55.3086862, 25.2377674 ], [ 55.3084983, 25.2377543 ], [ 55.308431304546239, 25.237783578662796 ] ] ], [ [ [ 55.3084366, 25.2542402 ], [ 55.308382301355039, 25.254270578468358 ], [ 55.30840380135097, 25.254302178471438 ], [ 55.3084581, 25.2542718 ], [ 55.3084366, 25.2542402 ] ] ], [ [ [ 55.3085808, 25.2452673 ], [ 55.3085656, 25.2452191 ], [ 55.3082907, 25.24529 ], [ 55.3083059, 25.2453382 ], [ 55.3085808, 25.2452673 ] ] ], [ [ [ 55.307738, 25.2490215 ], [ 55.30771520230401, 25.249034278420968 ], [ 55.307925402200816, 25.249671378447356 ], [ 55.3085198, 25.2495344 ], [ 55.3084142, 25.2492061 ], [ 55.3081058, 25.2489248 ], [ 55.307738, 25.2490215 ] ] ], [ [ [ 55.3085648, 25.2430514 ], [ 55.3079234, 25.243221 ], [ 55.307900603442739, 25.243233778516277 ], [ 55.307946103418828, 25.243379878521903 ], [ 55.308575103508545, 25.243224778624203 ], [ 55.3086073, 25.2431522 ], [ 55.3085648, 25.2430514 ] ] ], [ [ [ 55.308665, 25.238573 ], [ 55.3086638, 25.2385012 ], [ 55.3084534, 25.2385042 ], [ 55.3084547, 25.238576 ], [ 55.308665, 25.238573 ] ] ], [ [ [ 55.3086946, 25.235805 ], [ 55.3086783, 25.2353612 ], [ 55.3083943, 25.2353717 ], [ 55.3084086, 25.2358094 ], [ 55.3086946, 25.235805 ] ] ], [ [ [ 55.308418643719016, 25.243917125156322 ], [ 55.308271940823815, 25.244148405624451 ], [ 55.30827194081926, 25.244193321388387 ], [ 55.30831685658115, 25.244238237156086 ], [ 55.308496519646923, 25.244238237171153 ], [ 55.308553391011635, 25.244186619741555 ], [ 55.30855339101366, 25.244108818248456 ], [ 55.3085759, 25.2441015 ], [ 55.308508475247429, 25.243917125156315 ], [ 55.308418643719016, 25.243917125156322 ] ] ], [ [ [ 55.3085074, 25.2451823 ], [ 55.3085268, 25.2452062 ], [ 55.3085589, 25.2451848 ], [ 55.3085395, 25.245161 ], [ 55.3085074, 25.2451823 ] ] ], [ [ [ 55.3086579, 25.2373318 ], [ 55.3083693, 25.2373379 ], [ 55.308376, 25.2375648 ], [ 55.3084542, 25.2376222 ], [ 55.3086606, 25.2376185 ], [ 55.3086579, 25.2373318 ] ] ], [ [ [ 55.3083903, 25.2496045 ], [ 55.3082965, 25.2496122 ], [ 55.3083448, 25.2497614 ], [ 55.3084914, 25.2497226 ], [ 55.3084483, 25.2495891 ], [ 55.3083903, 25.2496045 ] ] ], [ [ [ 55.308463559483222, 25.248049375463268 ], [ 55.308463559483222, 25.248094291227474 ], [ 55.308508475247429, 25.248094291227474 ], [ 55.308508475247429, 25.248049375463268 ], [ 55.308463559483222, 25.248049375463268 ] ] ], [ [ [ 55.308418643719016, 25.247914628170655 ], [ 55.308508475247429, 25.247914628170648 ], [ 55.308508475247429, 25.247869712406438 ], [ 55.308418643719016, 25.247869712406438 ], [ 55.308418643719016, 25.247914628170655 ] ] ], [ [ [ 55.308079864519527, 25.240409766067533 ], [ 55.308458064483034, 25.240833066111819 ], [ 55.308598, 25.2407338 ], [ 55.3082198, 25.2403105 ], [ 55.308079864519527, 25.240409766067533 ] ] ], [ [ [ 55.308014401841163, 25.243512883278463 ], [ 55.308002344956861, 25.243654388991967 ], [ 55.308047260718737, 25.243699304759701 ], [ 55.308361671065612, 25.24387896784204 ], [ 55.308463559483222, 25.243872209392109 ], [ 55.308553391011635, 25.243647630571083 ], [ 55.308553391011635, 25.243557799042666 ], [ 55.308373727954809, 25.24351288327847 ], [ 55.308198288521425, 25.243512883387734 ], [ 55.308376440688143, 25.243468455717636 ], [ 55.308369, 25.2434265 ], [ 55.308014401841163, 25.243512883278463 ] ] ], [ [ [ 55.308394201563466, 25.253198478482393 ], [ 55.3084097, 25.2531321 ], [ 55.308327401565357, 25.253155878472196 ], [ 55.308324001559406, 25.253184978471321 ], [ 55.308394201563466, 25.253198478482393 ] ] ], [ [ [ 55.308112403717615, 25.241915478565055 ], [ 55.308116303672641, 25.242150078563029 ], [ 55.3085473, 25.2419493 ], [ 55.3085702, 25.2418285 ], [ 55.3082802, 25.2415214 ], [ 55.308156303755126, 25.241742878574026 ], [ 55.308112403717615, 25.241915478565055 ] ] ], [ [ [ 55.3084762, 25.245226 ], [ 55.3085107, 25.245204 ], [ 55.3084912, 25.2451792 ], [ 55.3084568, 25.2452012 ], [ 55.3084762, 25.245226 ] ] ], [ [ [ 55.3083363, 25.2543045 ], [ 55.3083577, 25.2542937 ], [ 55.3082737, 25.2541578 ], [ 55.3082458, 25.2541719 ], [ 55.308207510908552, 25.254109848584321 ], [ 55.3083012, 25.2540577 ], [ 55.308269, 25.2540104 ], [ 55.308173101375147, 25.254063778437242 ], [ 55.308203618118654, 25.254108605841431 ], [ 55.3080861, 25.2541681 ], [ 55.3080983, 25.2541879 ], [ 55.3078599, 25.2543084 ], [ 55.3079594, 25.2544694 ], [ 55.3079892, 25.2544543 ], [ 55.3080295, 25.2545195 ], [ 55.3081362, 25.2544655 ], [ 55.308095, 25.2543988 ], [ 55.3081513, 25.2543703 ], [ 55.3081924, 25.2544366 ], [ 55.3082335, 25.2544158 ], [ 55.3082488, 25.2544405 ], [ 55.3083795, 25.2543745 ], [ 55.3083363, 25.2543045 ] ] ], [ [ [ 55.307366, 25.2341962 ], [ 55.3074036, 25.2346685 ], [ 55.3074929, 25.2347175 ], [ 55.3079693, 25.2344709 ], [ 55.3079816, 25.2344039 ], [ 55.3082419, 25.2342736 ], [ 55.3083223, 25.2342892 ], [ 55.3086587, 25.2341263 ], [ 55.3083452, 25.2336414 ], [ 55.3079521, 25.2338363 ], [ 55.307965, 25.2339011 ], [ 55.3077412, 25.2340244 ], [ 55.307673, 25.2339939 ], [ 55.3074161, 25.2341018 ], [ 55.307366, 25.2341962 ] ] ], [ [ [ 55.3084233, 25.2509684 ], [ 55.3084025, 25.2509016 ], [ 55.308236901983086, 25.250950778482686 ], [ 55.308257701972146, 25.251017578485254 ], [ 55.3084233, 25.2509684 ] ] ], [ [ [ 55.308418643719016, 25.247690049349611 ], [ 55.308418643719016, 25.247734965113825 ], [ 55.308463559483222, 25.247734965113825 ], [ 55.308463559483222, 25.247690049349611 ], [ 55.308418643719016, 25.247690049349611 ] ] ], [ [ [ 55.308293304872116, 25.236028878660605 ], [ 55.308300004831089, 25.236244578659235 ], [ 55.3086146, 25.2362326 ], [ 55.3086118, 25.2359445 ], [ 55.3083943, 25.2359531 ], [ 55.308293304872116, 25.236028878660605 ] ] ], [ [ [ 55.3085627, 25.2395335 ], [ 55.308491454167644, 25.23953902047986 ], [ 55.308482054154254, 25.239617820477861 ], [ 55.3085533, 25.2396123 ], [ 55.3085627, 25.2395335 ] ] ], [ [ [ 55.308404902451699, 25.248609278536048 ], [ 55.30842770000001, 25.2485965 ], [ 55.3082805, 25.2481391 ], [ 55.308087502501294, 25.248196678489965 ], [ 55.308231402426372, 25.248654978507794 ], [ 55.308404902451699, 25.248609278536048 ] ] ], [ [ [ 55.307198319235432, 25.242843406284436 ], [ 55.307290587794611, 25.24284204023251 ], [ 55.307397903403704, 25.243188678436429 ], [ 55.3077886, 25.2430827 ], [ 55.307742589495284, 25.242934203342276 ], [ 55.307788222402088, 25.24293420334298 ], [ 55.307823703470682, 25.243051378506056 ], [ 55.3084967, 25.2428666 ], [ 55.3084473, 25.2427075 ], [ 55.307834738785488, 25.242868026963869 ], [ 55.307802086312364, 25.242745252382012 ], [ 55.3081106, 25.2426626 ], [ 55.3080325, 25.2424012 ], [ 55.30768130356482, 25.242494278489598 ], [ 55.307730662840733, 25.242659483762203 ], [ 55.307655075727517, 25.242659483758548 ], [ 55.307645754501152, 25.242690403508814 ], [ 55.307205918085451, 25.242794231051171 ], [ 55.307198319235432, 25.242843406284436 ] ] ], [ [ [ 55.3085274, 25.2308807 ], [ 55.308658, 25.2307791 ], [ 55.3086262, 25.2307457 ], [ 55.3084957, 25.2308473 ], [ 55.3085274, 25.2308807 ] ] ], [ [ [ 55.3084206, 25.2452436 ], [ 55.3084557, 25.2452174 ], [ 55.3084302, 25.2451895 ], [ 55.3083951, 25.2452157 ], [ 55.3084206, 25.2452436 ] ] ], [ [ [ 55.308463062739264, 25.230940363414017 ], [ 55.308489736164105, 25.230971641702471 ], [ 55.308376062726182, 25.231042763406986 ], [ 55.308427862723065, 25.231102763410536 ], [ 55.308510462724115, 25.231131763416549 ], [ 55.3085835, 25.2310817 ], [ 55.308494989012765, 25.230975520057683 ], [ 55.3086506, 25.2308685 ], [ 55.3086199, 25.2308325 ], [ 55.308463062739264, 25.230940363414017 ] ] ], [ [ [ 55.3082958, 25.2400361 ], [ 55.3082643, 25.2400596 ], [ 55.3082881, 25.2400857 ], [ 55.3081429, 25.2401941 ], [ 55.3081273, 25.240177 ], [ 55.3079806, 25.2403148 ], [ 55.3080373, 25.2403769 ], [ 55.3085195, 25.2400166 ], [ 55.3082469, 25.2397182 ], [ 55.3081035, 25.2398254 ], [ 55.3082958, 25.2400361 ] ] ], [ [ [ 55.308236201542265, 25.253230478456775 ], [ 55.308255501537118, 25.253266578459446 ], [ 55.3083212, 25.253235 ], [ 55.3083019, 25.2531989 ], [ 55.308236201542265, 25.253230478456775 ] ] ], [ [ [ 55.3085765, 25.230719 ], [ 55.3086184, 25.2306883 ], [ 55.3085956, 25.2306629 ], [ 55.3085537, 25.2306935 ], [ 55.3085765, 25.230719 ] ] ], [ [ [ 55.3082552, 25.255076 ], [ 55.3081331, 25.2549055 ], [ 55.308045901190539, 25.254955978406805 ], [ 55.308168001169172, 25.255126478424394 ], [ 55.3082552, 25.255076 ] ] ], [ [ [ 55.308283896426396, 25.247645133585419 ], [ 55.308238980662196, 25.247645133585412 ], [ 55.308238980662196, 25.247779880878024 ], [ 55.308328812190602, 25.247779880878021 ], [ 55.308328812190602, 25.247690049349615 ], [ 55.308283896426396, 25.247690049349618 ], [ 55.308283896426396, 25.247645133585419 ] ] ], [ [ [ 55.308238980662196, 25.247240891707563 ], [ 55.308238980662196, 25.247285807471766 ], [ 55.308328812190602, 25.247285807471766 ], [ 55.308328812190602, 25.247240891707555 ], [ 55.308238980662196, 25.247240891707563 ] ] ], [ [ [ 55.30850816271667, 25.231213263415938 ], [ 55.3085517, 25.2311849 ], [ 55.3085084, 25.231133 ], [ 55.308464962719427, 25.231161363412994 ], [ 55.30850816271667, 25.231213263415938 ] ] ], [ [ [ 55.3083743, 25.2307515 ], [ 55.3085433, 25.2306326 ], [ 55.3085094, 25.2305932 ], [ 55.3083404, 25.2307121 ], [ 55.3083743, 25.2307515 ] ] ], [ [ [ 55.3082724, 25.2452376 ], [ 55.3082992, 25.2452636 ], [ 55.3083313, 25.2452366 ], [ 55.3083045, 25.2452106 ], [ 55.3082724, 25.2452376 ] ] ], [ [ [ 55.307941001622041, 25.252672778415878 ], [ 55.308061101628446, 25.25269867843479 ], [ 55.3082211, 25.2526146 ], [ 55.3079825, 25.2521673 ], [ 55.307802701689255, 25.252257178398459 ], [ 55.307836501646904, 25.252492778401201 ], [ 55.307941001622041, 25.252672778415878 ] ] ], [ [ [ 55.3082837, 25.2443916 ], [ 55.3078318, 25.244505 ], [ 55.307826025078136, 25.244545945856274 ], [ 55.307779893736488, 25.244551511593592 ], [ 55.30777989372892, 25.244641343121561 ], [ 55.307824809491208, 25.244686258888674 ], [ 55.307869725257277, 25.244686258891797 ], [ 55.308299896872441, 25.244564746217446 ], [ 55.3083008, 25.2445124 ], [ 55.307876208465622, 25.244628885222614 ], [ 55.307846729376834, 25.2445699270536 ], [ 55.308286296885456, 25.244459646216765 ], [ 55.3082837, 25.2443916 ] ] ], [ [ [ 55.3082525, 25.2487749 ], [ 55.3082364, 25.2487282 ], [ 55.3081879, 25.2487419 ], [ 55.308204, 25.2487886 ], [ 55.3082525, 25.2487749 ] ] ], [ [ [ 55.3083174, 25.2385552 ], [ 55.3083864, 25.238482 ], [ 55.3083572, 25.2377816 ], [ 55.3075943, 25.2377804 ], [ 55.307484204447995, 25.237826578510941 ], [ 55.307497404301678, 25.238590378504401 ], [ 55.3083174, 25.2385552 ] ] ], [ [ [ 55.3084471, 25.2312166 ], [ 55.3083747, 25.2312712 ], [ 55.3084072, 25.2313065 ], [ 55.3084796, 25.2312519 ], [ 55.3084471, 25.2312166 ] ] ], [ [ [ 55.3084735, 25.2311739 ], [ 55.3084005, 25.2310887 ], [ 55.308302962713803, 25.231144163401002 ], [ 55.308374615870925, 25.231226577067641 ], [ 55.3082656, 25.2311063 ], [ 55.308117662699296, 25.231214063386812 ], [ 55.308250862694941, 25.231327863396157 ], [ 55.3084735, 25.2311739 ] ] ], [ [ [ 55.308182007985984, 25.244013715118651 ], [ 55.308283896426396, 25.244006956684728 ], [ 55.308283896426396, 25.243917125156322 ], [ 55.308137092228705, 25.243923883586984 ], [ 55.308137092224122, 25.243968799350917 ], [ 55.308182007985984, 25.244013715118651 ] ] ], [ [ [ 55.307637702471368, 25.248130378418807 ], [ 55.307727202476158, 25.248149578432905 ], [ 55.308041302521104, 25.248071478484011 ], [ 55.3081651, 25.2480079 ], [ 55.3082087, 25.2479182 ], [ 55.3081357, 25.247623 ], [ 55.307503802524238, 25.247791078401242 ], [ 55.307593102473163, 25.24809917841203 ], [ 55.307637702471368, 25.248130378418807 ] ] ], [ [ [ 55.3079106, 25.2505581 ], [ 55.3079559, 25.2507143 ], [ 55.307992020485933, 25.250705699887806 ], [ 55.3079617, 25.250728 ], [ 55.3079857, 25.2508109 ], [ 55.308020161483427, 25.250802750328194 ], [ 55.30802839015282, 25.250831128683565 ], [ 55.3080001, 25.2508264 ], [ 55.307965, 25.2509988 ], [ 55.3081031, 25.2510218 ], [ 55.3081383, 25.2508495 ], [ 55.308071360520181, 25.250838311145998 ], [ 55.3081386, 25.250815 ], [ 55.3079815, 25.2502307 ], [ 55.307853528865394, 25.250268802906174 ], [ 55.307797, 25.2500823 ], [ 55.3076975, 25.2501069 ], [ 55.3078169, 25.2505005 ], [ 55.307914845420534, 25.250476259987032 ], [ 55.30793679425166, 25.250551936649202 ], [ 55.3079106, 25.2505581 ] ] ], [ [ [ 55.3081668, 25.2427605 ], [ 55.3082503, 25.2427366 ], [ 55.3082375, 25.2427002 ], [ 55.308154, 25.2427242 ], [ 55.3081668, 25.2427605 ] ] ], [ [ [ 55.308149149133783, 25.246791734065496 ], [ 55.308194064897982, 25.246791734065496 ], [ 55.308194064897982, 25.246746818301293 ], [ 55.308149149133783, 25.246746818301297 ], [ 55.308149149133783, 25.246791734065496 ] ] ], [ [ [ 55.3082173, 25.2308404 ], [ 55.3082691, 25.2309005 ], [ 55.3082903, 25.2308855 ], [ 55.3083517, 25.2309294 ], [ 55.3084141, 25.2308854 ], [ 55.3083173, 25.230773 ], [ 55.3082728, 25.2308368 ], [ 55.3082537, 25.2308147 ], [ 55.3082173, 25.2308404 ] ] ], [ [ [ 55.308317604917001, 25.235808478666986 ], [ 55.3083404, 25.2357957 ], [ 55.308331, 25.235374 ], [ 55.3080818, 25.2353785 ], [ 55.308059004973039, 25.235391278630384 ], [ 55.308068404892467, 25.235812978627113 ], [ 55.308317604917001, 25.235808478666986 ] ] ], [ [ [ 55.307752502438746, 25.248355578434612 ], [ 55.307732202418109, 25.248452378430276 ], [ 55.307796002383903, 25.248660678438121 ], [ 55.307916602381773, 25.248730978456599 ], [ 55.3081473, 25.2486661 ], [ 55.308005, 25.2482015 ], [ 55.307777302458483, 25.248265678439591 ], [ 55.307744102449774, 25.248294378433961 ], [ 55.307752502438746, 25.248355578434612 ] ] ], [ [ [ 55.308014401841163, 25.254921487386781 ], [ 55.30805931760537, 25.254921487386785 ], [ 55.30805931760537, 25.254876571622567 ], [ 55.308014401841163, 25.254876571622567 ], [ 55.308014401841163, 25.254921487386781 ] ] ], [ [ [ 55.30829726273015, 25.23096006340155 ], [ 55.308337562727232, 25.231012163404277 ], [ 55.3083841, 25.2309836 ], [ 55.3083438, 25.2309314 ], [ 55.30829726273015, 25.23096006340155 ] ] ], [ [ [ 55.3081847, 25.2423113 ], [ 55.3082195, 25.2423046 ], [ 55.3082095, 25.2422616 ], [ 55.3081747, 25.2422682 ], [ 55.3081847, 25.2423113 ] ] ], [ [ [ 55.307872335109202, 25.243789466333389 ], [ 55.307842303327568, 25.243801078500532 ], [ 55.307864061426592, 25.24386930773667 ], [ 55.307749003300074, 25.243897478484531 ], [ 55.307758003292371, 25.243941778485471 ], [ 55.307878245965313, 25.243913787697849 ], [ 55.307923303286174, 25.244055078510605 ], [ 55.307953414367859, 25.244043435684397 ], [ 55.308016703258993, 25.24424167852343 ], [ 55.3081608, 25.2442304 ], [ 55.3081819, 25.2441917 ], [ 55.3080324, 25.2437231 ], [ 55.3078899, 25.2437603 ], [ 55.307872335109202, 25.243789466333389 ] ] ], [ [ [ 55.3082915, 25.2304406 ], [ 55.308326, 25.2304794 ], [ 55.3083716, 25.2304462 ], [ 55.3083371, 25.2304074 ], [ 55.3082915, 25.2304406 ] ] ], [ [ [ 55.308052123888594, 25.245538124998536 ], [ 55.308149149133783, 25.245534092667732 ], [ 55.308149149133783, 25.245489176903526 ], [ 55.308104233369576, 25.245444261139323 ], [ 55.308052123894072, 25.245448293470442 ], [ 55.308052123888594, 25.245538124998536 ] ] ], [ [ [ 55.3079159, 25.2548704 ], [ 55.3077257, 25.2548355 ], [ 55.307475301133579, 25.254970078315395 ], [ 55.307529701122697, 25.255053078323158 ], [ 55.307716701116107, 25.255179078351627 ], [ 55.307789201120372, 25.255192678363073 ], [ 55.3080089, 25.2550125 ], [ 55.3079159, 25.2548704 ] ] ], [ [ [ 55.3077405, 25.2516963 ], [ 55.307717701787148, 25.25170907839108 ], [ 55.307862901755215, 25.251945578411618 ], [ 55.308002, 25.251884 ], [ 55.308044, 25.2517637 ], [ 55.3079816, 25.2516404 ], [ 55.3077405, 25.2516963 ] ] ], [ [ [ 55.307869204574779, 25.237359578577774 ], [ 55.307871204522222, 25.237632578574996 ], [ 55.308122104546342, 25.237631078615106 ], [ 55.3082231, 25.2375442 ], [ 55.3082216, 25.2373448 ], [ 55.307869204574779, 25.237359578577774 ] ] ], [ [ [ 55.3073552, 25.2472367 ], [ 55.3075017, 25.2477046 ], [ 55.3076244, 25.2476732 ], [ 55.3075444, 25.247418 ], [ 55.3076758, 25.2473843 ], [ 55.3077542, 25.2476346 ], [ 55.3080833, 25.2475503 ], [ 55.3079383, 25.2470873 ], [ 55.3073552, 25.2472367 ] ] ], [ [ [ 55.3079791, 25.2428098 ], [ 55.3081407, 25.2427692 ], [ 55.3081289, 25.2427308 ], [ 55.3079673, 25.2427715 ], [ 55.3079791, 25.2428098 ] ] ], [ [ [ 55.307899603203502, 25.252769356820117 ], [ 55.30792730319245, 25.252811556828021 ], [ 55.3079972, 25.252773 ], [ 55.3079695, 25.2527308 ], [ 55.307899603203502, 25.252769356820117 ] ] ], [ [ [ 55.3081938, 25.2309188 ], [ 55.3082662, 25.2309947 ], [ 55.3082972, 25.2309704 ], [ 55.3082248, 25.2308946 ], [ 55.3081938, 25.2309188 ] ] ], [ [ [ 55.308177892739472, 25.230913567220075 ], [ 55.3082194, 25.2308867 ], [ 55.3081742, 25.2308318 ], [ 55.308083362726293, 25.230897563385934 ], [ 55.308177062720745, 25.231005163392354 ], [ 55.3082268, 25.2309698 ], [ 55.308177892739472, 25.230913567220075 ] ] ], [ [ [ 55.3082268, 25.2309698 ], [ 55.3081877, 25.2309992 ], [ 55.3082429, 25.2310626 ], [ 55.3082829, 25.2310342 ], [ 55.3082268, 25.2309698 ] ] ], [ [ [ 55.3080896, 25.242119 ], [ 55.308047, 25.242017 ], [ 55.307970541566199, 25.242056330250062 ], [ 55.308094, 25.2412845 ], [ 55.3080023, 25.2411819 ], [ 55.3068417036338, 25.241724678364104 ], [ 55.306886903613538, 25.241851678369891 ], [ 55.307689610733526, 25.242235626016246 ], [ 55.307589703596655, 25.242284478477334 ], [ 55.307647403582671, 25.242385178485414 ], [ 55.307749, 25.2423355 ], [ 55.30769258974815, 25.242237050914209 ], [ 55.307763103615777, 25.242270778505205 ], [ 55.3079498, 25.242186 ], [ 55.307969982041186, 25.242059828228943 ], [ 55.3080466, 25.2421893 ], [ 55.3080823, 25.2421716 ], [ 55.3080896, 25.242119 ] ] ], [ [ [ 55.307809504833791, 25.235989478583736 ], [ 55.307817604781711, 25.236263078581931 ], [ 55.3081667, 25.2362425 ], [ 55.3081605, 25.2360314 ], [ 55.3080896, 25.2359705 ], [ 55.307809504833791, 25.235989478583736 ] ] ], [ [ [ 55.3081885, 25.23144 ], [ 55.3082321, 25.2314097 ], [ 55.3082114, 25.2313853 ], [ 55.3081678, 25.2314157 ], [ 55.3081885, 25.23144 ] ] ], [ [ [ 55.307980262705911, 25.23107306337732 ], [ 55.308017062703776, 25.23111486337984 ], [ 55.308061067271986, 25.231084157220209 ], [ 55.308105662702424, 25.231173463386142 ], [ 55.3082334, 25.2310831 ], [ 55.3081245, 25.2309594 ], [ 55.307980262705911, 25.23107306337732 ] ] ], [ [ [ 55.307924901829722, 25.251590678425551 ], [ 55.3079477, 25.2515779 ], [ 55.3079149, 25.2514512 ], [ 55.30761810181064, 25.251538578377087 ], [ 55.30768560179407, 25.25165747838653 ], [ 55.307924901829722, 25.251590678425551 ] ] ], [ [ [ 55.3079685, 25.2394032 ], [ 55.30748300407641, 25.239749278488976 ], [ 55.30762800405833, 25.239914078510292 ], [ 55.3081136, 25.2395681 ], [ 55.3079685, 25.2394032 ] ] ], [ [ [ 55.3082233, 25.2306507 ], [ 55.3081407, 25.2305794 ], [ 55.308029462745985, 25.230652663383204 ], [ 55.308124962740017, 25.23076576338973 ], [ 55.3082358, 25.2306906 ], [ 55.3082233, 25.2306507 ] ] ], [ [ [ 55.307501, 25.2509655 ], [ 55.307437401888052, 25.251049378353731 ], [ 55.307595001812373, 25.251518278373624 ], [ 55.3079302, 25.2514302 ], [ 55.3078021, 25.250972 ], [ 55.3077019, 25.2509242 ], [ 55.307501, 25.2509655 ] ] ], [ [ [ 55.307916464733403, 25.245224225783204 ], [ 55.307961380496032, 25.245269141549773 ], [ 55.308014401841163, 25.245264598082493 ], [ 55.308014401841163, 25.245174766554076 ], [ 55.307916464736493, 25.245179310019168 ], [ 55.307916464733403, 25.245224225783204 ] ] ], [ [ [ 55.307927368043309, 25.239834538976055 ], [ 55.3077479, 25.2399413 ], [ 55.3078464, 25.2400538 ], [ 55.3080142, 25.2399337 ], [ 55.307947286052837, 25.239857285115374 ], [ 55.307999504093644, 25.23991387856967 ], [ 55.3080836, 25.2398548 ], [ 55.3080095, 25.239779 ], [ 55.307927368043309, 25.239834538976055 ] ] ], [ [ [ 55.308124534545705, 25.232915539703871 ], [ 55.3081685, 25.2329121 ], [ 55.308168, 25.2328901 ], [ 55.308124034546644, 25.232893539703898 ], [ 55.308124534545705, 25.232915539703871 ] ] ], [ [ [ 55.308094162734463, 25.230812363387187 ], [ 55.308128962732361, 25.23085266338957 ], [ 55.3081696, 25.2308255 ], [ 55.3081347, 25.2307852 ], [ 55.308094162734463, 25.230812363387187 ] ] ], [ [ [ 55.3077742, 25.2541793 ], [ 55.307693701299144, 25.254221178358797 ], [ 55.307756701285378, 25.254323378367719 ], [ 55.3078372, 25.2542815 ], [ 55.3077742, 25.2541793 ] ] ], [ [ [ 55.307720301278152, 25.25434287836168 ], [ 55.307777401265653, 25.254435578369762 ], [ 55.3078309, 25.2544073 ], [ 55.3077738, 25.2543146 ], [ 55.307720301278152, 25.25434287836168 ] ] ], [ [ [ 55.307909502710352, 25.247027578474754 ], [ 55.3079323, 25.2470148 ], [ 55.3077865, 25.2465224 ], [ 55.307177002706219, 25.246688978361476 ], [ 55.307336802628015, 25.247172078381549 ], [ 55.307909502710352, 25.247027578474754 ] ] ], [ [ [ 55.3076924, 25.2440172 ], [ 55.307637703237745, 25.244165278463704 ], [ 55.3079296, 25.2442045 ], [ 55.3079616, 25.2440692 ], [ 55.3076924, 25.2440172 ] ] ], [ [ [ 55.3075543, 25.2514954 ], [ 55.307291601763197, 25.251623478323918 ], [ 55.307578201696003, 25.252111878364207 ], [ 55.307841, 25.2519838 ], [ 55.3075543, 25.2514954 ] ] ], [ [ [ 55.308012962738871, 25.230723463381604 ], [ 55.308090762734821, 25.23080656338696 ], [ 55.3081329, 25.2307765 ], [ 55.3080551, 25.2306934 ], [ 55.308012962738871, 25.230723463381604 ] ] ], [ [ [ 55.3078684, 25.2428374 ], [ 55.307961, 25.2428131 ], [ 55.3079492, 25.2427763 ], [ 55.3078566, 25.2428006 ], [ 55.3078684, 25.2428374 ] ] ], [ [ [ 55.307870333144692, 25.245045244243965 ], [ 55.30792457031275, 25.245040019261463 ], [ 55.30792457031275, 25.244995103497256 ], [ 55.307870333148244, 25.245000328479968 ], [ 55.307870333144692, 25.245045244243965 ] ] ], [ [ [ 55.307263601203211, 25.25450597828679 ], [ 55.307446301147742, 25.254882578311747 ], [ 55.3077455, 25.2547343 ], [ 55.3077897, 25.2544615 ], [ 55.3076753, 25.2542705 ], [ 55.307263601203211, 25.25450597828679 ] ] ], [ [ [ 55.307849903463797, 25.243099878509689 ], [ 55.307881003449282, 25.243190278513641 ], [ 55.307945, 25.2431659 ], [ 55.3079138, 25.2430755 ], [ 55.307849903463797, 25.243099878509689 ] ] ], [ [ [ 55.3078991, 25.24014 ], [ 55.307859264540291, 25.240166266041683 ], [ 55.307933064533366, 25.240247566050336 ], [ 55.3079729, 25.2402213 ], [ 55.3078991, 25.24014 ] ] ], [ [ [ 55.307834738784337, 25.246522239480267 ], [ 55.307879654548543, 25.246522239480267 ], [ 55.307879654548543, 25.24647732371605 ], [ 55.307834738784337, 25.246477323716057 ], [ 55.307834738784337, 25.246522239480267 ] ] ], [ [ [ 55.3077667, 25.2498443 ], [ 55.3076944, 25.2498585 ], [ 55.3077051, 25.2499033 ], [ 55.3077774, 25.2498892 ], [ 55.3077667, 25.2498443 ] ] ], [ [ [ 55.3077667, 25.2498443 ], [ 55.3078285, 25.2498318 ], [ 55.3078121, 25.2497656 ], [ 55.3077503, 25.2497781 ], [ 55.3077667, 25.2498443 ] ] ], [ [ [ 55.307993, 25.2372741 ], [ 55.3079742, 25.236803 ], [ 55.307444604636309, 25.236832378515885 ], [ 55.3074634045471, 25.237303378513548 ], [ 55.307993, 25.2372741 ] ] ], [ [ [ 55.3079943, 25.2353865 ], [ 55.30739790490459, 25.235420678524392 ], [ 55.307416904836948, 25.23578017852336 ], [ 55.307478804837089, 25.235809878532923 ], [ 55.308012, 25.2357815 ], [ 55.3079943, 25.2353865 ] ] ], [ [ [ 55.30778982302013, 25.244231535505758 ], [ 55.307734268760015, 25.244282414559148 ], [ 55.307734268755965, 25.244327330323113 ], [ 55.307779184518111, 25.244372246090428 ], [ 55.30786901605051, 25.244372246097136 ], [ 55.307879654548543, 25.244276451269965 ], [ 55.307834738784337, 25.244231535505754 ], [ 55.30778982302013, 25.244231535505758 ] ] ], [ [ [ 55.307946504693355, 25.236783778596632 ], [ 55.3079693, 25.236771 ], [ 55.3079627, 25.2365834 ], [ 55.30743870467856, 25.236610778517441 ], [ 55.307445304642961, 25.236798278516378 ], [ 55.307946504693355, 25.236783778596632 ] ] ], [ [ [ 55.3078725, 25.2400641 ], [ 55.307806764544871, 25.240110666035502 ], [ 55.307844564541504, 25.240151166039947 ], [ 55.3079103, 25.2401046 ], [ 55.3078725, 25.2400641 ] ] ], [ [ [ 55.307290204164936, 25.23919627846443 ], [ 55.307613504126174, 25.239555778512035 ], [ 55.3079169, 25.2393366 ], [ 55.3075936, 25.2389771 ], [ 55.307290204164936, 25.23919627846443 ] ] ], [ [ [ 55.3077371, 25.2439475 ], [ 55.30770350327451, 25.244007378476013 ], [ 55.3078399, 25.2440158 ], [ 55.3078506, 25.2439687 ], [ 55.3077371, 25.2439475 ] ] ], [ [ [ 55.307438604691207, 25.236545278518157 ], [ 55.307922804737409, 25.236544078595561 ], [ 55.3079456, 25.2365313 ], [ 55.3079443, 25.2363032 ], [ 55.3074574, 25.2363154 ], [ 55.307434604732762, 25.236328178519983 ], [ 55.307438604691207, 25.236545278518157 ] ] ], [ [ [ 55.3077582, 25.249772 ], [ 55.3075777, 25.2492459 ], [ 55.3076001, 25.2492403 ], [ 55.3075337, 25.2490237 ], [ 55.3073845, 25.2490612 ], [ 55.3076139, 25.2498083 ], [ 55.3077582, 25.249772 ] ] ], [ [ [ 55.3079078, 25.2312134 ], [ 55.3078543, 25.2312523 ], [ 55.3079226, 25.2313292 ], [ 55.3080134, 25.2312632 ], [ 55.3079749, 25.2312198 ], [ 55.3079376, 25.2312469 ], [ 55.3079078, 25.2312134 ] ] ], [ [ [ 55.3077349, 25.2494362 ], [ 55.307661802216657, 25.249459878407603 ], [ 55.307679002205816, 25.249524378409628 ], [ 55.307752, 25.2495006 ], [ 55.3077349, 25.2494362 ] ] ], [ [ [ 55.30792457031275, 25.233721246681558 ], [ 55.30792457031275, 25.233631415153152 ], [ 55.307874994297372, 25.233634027670888 ], [ 55.307874994293826, 25.233723859199092 ], [ 55.30792457031275, 25.233721246681558 ] ] ], [ [ [ 55.3078941, 25.2350092 ], [ 55.3078671, 25.2347716 ], [ 55.307475, 25.2349201 ], [ 55.3074055, 25.2350416 ], [ 55.3074268, 25.2353578 ], [ 55.3079004, 25.2353421 ], [ 55.3078941, 25.2350092 ] ] ], [ [ [ 55.3077373, 25.2464375 ], [ 55.3075874, 25.2459445 ], [ 55.3074458, 25.2459797 ], [ 55.307423002864212, 25.245992478408695 ], [ 55.307572902783164, 25.246485478427083 ], [ 55.3077373, 25.2464375 ] ] ], [ [ [ 55.307679599432035, 25.244860432560941 ], [ 55.307715899422085, 25.244954432564139 ], [ 55.3077579, 25.2449374 ], [ 55.3077217, 25.2448434 ], [ 55.307679599432035, 25.244860432560941 ] ] ], [ [ [ 55.307319501335797, 25.253847778303189 ], [ 55.307288373827184, 25.253737870745965 ], [ 55.307430496906484, 25.25370876175322 ], [ 55.307430496906484, 25.253618930224803 ], [ 55.307385581142277, 25.25352909869639 ], [ 55.307161002321251, 25.25352909869639 ], [ 55.30693034385542, 25.253667253520106 ], [ 55.306930343848471, 25.253802000812318 ], [ 55.306991095520871, 25.25379875742194 ], [ 55.306917701300172, 25.253834478239082 ], [ 55.306981001285401, 25.25394197824799 ], [ 55.307131491624382, 25.25397790971709 ], [ 55.306974201256764, 25.254086778245263 ], [ 55.30693550123754, 25.254167178238166 ], [ 55.306990401224901, 25.254259478245892 ], [ 55.30709870123075, 25.254282478262951 ], [ 55.3076272, 25.2540195 ], [ 55.3074798, 25.2537635 ], [ 55.307319501335797, 25.253847778303189 ] ] ], [ [ [ 55.307699991491724, 25.245534092667725 ], [ 55.307744907255923, 25.245489176903526 ], [ 55.307744907255923, 25.245444261139319 ], [ 55.307693304369806, 25.24544800948663 ], [ 55.307648388601805, 25.245492925248577 ], [ 55.307648388599254, 25.245537841012624 ], [ 55.307699991491724, 25.245534092667725 ] ] ], [ [ [ 55.30778982302013, 25.231610205763879 ], [ 55.307744907255923, 25.231610205763875 ], [ 55.307744907255923, 25.231655121528085 ], [ 55.307699991491724, 25.231655121528085 ], [ 55.307699991491724, 25.231700037292299 ], [ 55.307610159963311, 25.231700037292288 ], [ 55.307610159963311, 25.231744953056491 ], [ 55.307834738784337, 25.231744953056495 ], [ 55.307834738784337, 25.231700037292288 ], [ 55.307879654548543, 25.231700037292288 ], [ 55.307879654548543, 25.231655121528085 ], [ 55.30792457031275, 25.231655121528085 ], [ 55.30792457031275, 25.231610205763879 ], [ 55.307879654548543, 25.231610205763875 ], [ 55.307879654548543, 25.231565289999672 ], [ 55.30778982302013, 25.231565289999672 ], [ 55.30778982302013, 25.231610205763879 ] ] ], [ [ [ 55.3075167, 25.2376286 ], [ 55.3075785, 25.2376599 ], [ 55.307833, 25.2376532 ], [ 55.3078241, 25.2373736 ], [ 55.3074937, 25.2373822 ], [ 55.3075167, 25.2376286 ] ] ], [ [ [ 55.3077487, 25.2431991 ], [ 55.30773330000001, 25.2431511 ], [ 55.307469803403137, 25.243226978447488 ], [ 55.307485203395316, 25.243274978449406 ], [ 55.3077487, 25.2431991 ] ] ], [ [ [ 55.3077887, 25.2305004 ], [ 55.3077179, 25.2305507 ], [ 55.3077951, 25.230638 ], [ 55.3076652, 25.2307255 ], [ 55.3077182, 25.23079 ], [ 55.3079186, 25.2306499 ], [ 55.3077887, 25.2305004 ] ] ], [ [ [ 55.307464401523283, 25.25294927833653 ], [ 55.3075853, 25.2528879 ], [ 55.307611, 25.252813 ], [ 55.3075351, 25.2526936 ], [ 55.307362801545693, 25.252783478322165 ], [ 55.307464401523283, 25.25294927833653 ] ] ], [ [ [ 55.3076897, 25.2438317 ], [ 55.3076828, 25.2438103 ], [ 55.3076126, 25.2438287 ], [ 55.307573806579938, 25.243875656917329 ], [ 55.3076897, 25.2438317 ] ] ], [ [ [ 55.3072643, 25.2484018 ], [ 55.3072047, 25.248452 ], [ 55.3072829, 25.2486205 ], [ 55.3076184, 25.2485405 ], [ 55.3075727, 25.2483868 ], [ 55.307281, 25.2484578 ], [ 55.3072643, 25.2484018 ] ] ], [ [ [ 55.3076056, 25.2387069 ], [ 55.3076926, 25.2388163 ], [ 55.307753, 25.238777 ], [ 55.3076659, 25.2386676 ], [ 55.3076056, 25.2387069 ] ] ], [ [ [ 55.3076448, 25.2425974 ], [ 55.3076922, 25.2425815 ], [ 55.3076634, 25.2425111 ], [ 55.3076159, 25.242527 ], [ 55.3076448, 25.2425974 ] ] ], [ [ [ 55.307751204773552, 25.236272678571218 ], [ 55.307774, 25.2362599 ], [ 55.3077615, 25.235972 ], [ 55.3075112, 25.2359809 ], [ 55.30741380478301, 25.23605787851972 ], [ 55.307423704740188, 25.236284378518736 ], [ 55.307751204773552, 25.236272678571218 ] ] ], [ [ [ 55.307106601662774, 25.252051978289472 ], [ 55.307248001631237, 25.252284578309457 ], [ 55.3075365, 25.2521315 ], [ 55.3073988, 25.2519051 ], [ 55.307106601662774, 25.252051978289472 ] ] ], [ [ [ 55.307695331233511, 25.233723859193219 ], [ 55.307785162763658, 25.23372385919615 ], [ 55.30778982302013, 25.233676330917355 ], [ 55.307699991491724, 25.233676330917355 ], [ 55.307695331233511, 25.233723859193219 ] ] ], [ [ [ 55.3074459, 25.2498931 ], [ 55.307359102098758, 25.249920978353991 ], [ 55.307377677859613, 25.250075014681915 ], [ 55.30740284308655, 25.250072904126334 ], [ 55.307467702036156, 25.250298178367082 ], [ 55.3075545, 25.2502704 ], [ 55.3074459, 25.2498931 ] ] ], [ [ [ 55.3075132, 25.2489215 ], [ 55.3075246, 25.2489439 ], [ 55.3075509, 25.248933 ], [ 55.3075395, 25.2489105 ], [ 55.3075132, 25.2489215 ] ] ], [ [ [ 55.3077491, 25.2306592 ], [ 55.3077814, 25.2306356 ], [ 55.307698, 25.2305424 ], [ 55.3076657, 25.2305661 ], [ 55.3077491, 25.2306592 ] ] ], [ [ [ 55.307090303503195, 25.242522678394803 ], [ 55.307176603503372, 25.242564178408127 ], [ 55.3076189, 25.2423367 ], [ 55.3072992, 25.2421451 ], [ 55.3069864, 25.2420878 ], [ 55.306963603572733, 25.242100578379326 ], [ 55.307090303503195, 25.242522678394803 ] ] ], [ [ [ 55.3074273, 25.2524494 ], [ 55.307407, 25.2524164 ], [ 55.3073656, 25.2524179 ], [ 55.307186301581915, 25.252509378297049 ], [ 55.30728880155938, 25.252676278311551 ], [ 55.30747190000001, 25.2525829 ], [ 55.3074273, 25.2524494 ] ] ], [ [ [ 55.307075601493935, 25.252909978274804 ], [ 55.30718420147241, 25.253074678290297 ], [ 55.3074545, 25.2529383 ], [ 55.3073494, 25.2527694 ], [ 55.307075601493935, 25.252909978274804 ] ] ], [ [ [ 55.307109302400356, 25.24823807833311 ], [ 55.307172302402876, 25.248255978342979 ], [ 55.307440602441091, 25.248190178386615 ], [ 55.307512, 25.248133 ], [ 55.307403, 25.2477691 ], [ 55.30700050246022, 25.247874878319816 ], [ 55.307109302400356, 25.24823807833311 ] ] ], [ [ [ 55.3070658, 25.2389864 ], [ 55.306914885672064, 25.23909335724457 ], [ 55.30713518565247, 25.239341557268041 ], [ 55.3072861, 25.2392347 ], [ 55.3070658, 25.2389864 ] ] ], [ [ [ 55.3072861, 25.2392347 ], [ 55.3071517, 25.2393323 ], [ 55.3074898, 25.2397132 ], [ 55.307625, 25.2396147 ], [ 55.3072861, 25.2392347 ] ] ], [ [ [ 55.3075263, 25.2464859 ], [ 55.3073702, 25.2459924 ], [ 55.306961502798615, 25.246105078333638 ], [ 55.307121602718631, 25.24659747835365 ], [ 55.3075263, 25.2464859 ] ] ], [ [ [ 55.306344105453263, 25.250205332148749 ], [ 55.306207638798256, 25.250211011329835 ], [ 55.306207638790532, 25.250300842857797 ], [ 55.306387301824067, 25.2506601689824 ], [ 55.306442350093953, 25.250654489787212 ], [ 55.306442350098479, 25.25054251634668 ], [ 55.306656901906607, 25.250569778234354 ], [ 55.307107101970601, 25.250460078307594 ], [ 55.307197102855369, 25.250390649209237 ], [ 55.3072491, 25.2505171 ], [ 55.3074428, 25.2504707 ], [ 55.3074187, 25.2503883 ], [ 55.307340665378199, 25.250406952606252 ], [ 55.307340665378071, 25.25038499520198 ], [ 55.307200483453947, 25.250388041322037 ], [ 55.307287, 25.2503213 ], [ 55.307261639609841, 25.250153623068396 ], [ 55.307328302006965, 25.250380678343863 ], [ 55.307411, 25.2503535 ], [ 55.3073185, 25.2500382 ], [ 55.307236261989701, 25.250064964489489 ], [ 55.3071601, 25.2498002 ], [ 55.306308357981592, 25.250009842572602 ], [ 55.3062979, 25.2499759 ], [ 55.3062319, 25.2499925 ], [ 55.3062433, 25.2500295 ], [ 55.306297695928812, 25.250015818602222 ], [ 55.306344105453263, 25.250205332148749 ] ] ], [ [ [ 55.307377069862895, 25.250794007662254 ], [ 55.307377069859662, 25.250838923426276 ], [ 55.307430496906484, 25.250834152844039 ], [ 55.307430496906484, 25.250789237079832 ], [ 55.307377069862895, 25.250794007662254 ] ] ], [ [ [ 55.307555162709889, 25.230819963346953 ], [ 55.307497562703588, 25.230861663342441 ], [ 55.307569162699465, 25.230942563347352 ], [ 55.3076938, 25.2308209 ], [ 55.3076401, 25.2307602 ], [ 55.307555162709889, 25.230819963346953 ] ] ], [ [ [ 55.3074513, 25.2434153 ], [ 55.307376867757597, 25.243427935949658 ], [ 55.307376867754286, 25.243472851713662 ], [ 55.307430496906484, 25.243467967514253 ], [ 55.307430496906591, 25.243435916706982 ], [ 55.307437303354497, 25.243462678439631 ], [ 55.3074986, 25.243442 ], [ 55.3074898, 25.2434073 ], [ 55.3074513, 25.2434153 ] ] ], [ [ [ 55.3075507, 25.2389108 ], [ 55.3074156, 25.2387625 ], [ 55.307112304189765, 25.238980378438438 ], [ 55.307233104173008, 25.239126478456093 ], [ 55.307262504175675, 25.239127078460786 ], [ 55.3075507, 25.2389108 ] ] ], [ [ [ 55.3073698, 25.2489918 ], [ 55.3074102, 25.2489841 ], [ 55.3074015, 25.2489465 ], [ 55.3073611, 25.2489542 ], [ 55.3073698, 25.2489918 ] ] ], [ [ [ 55.306938601708239, 25.251734278266213 ], [ 55.307073101676508, 25.251964478285117 ], [ 55.3073704, 25.2518205 ], [ 55.3072359, 25.2515903 ], [ 55.306938601708239, 25.251734278266213 ] ] ], [ [ [ 55.307421276910311, 25.243697714501625 ], [ 55.307475412670691, 25.243692546335286 ], [ 55.307475412670691, 25.243647630571079 ], [ 55.307421276913821, 25.243652798737635 ], [ 55.307421276910311, 25.243697714501625 ] ] ], [ [ [ 55.307610159963311, 25.233811078209975 ], [ 55.307610159963311, 25.233766162445768 ], [ 55.30756048262645, 25.233768831746556 ], [ 55.307560482624638, 25.233813747510649 ], [ 55.307610159963311, 25.233811078209975 ] ] ], [ [ [ 55.307333268734446, 25.249760320367887 ], [ 55.307333268731625, 25.24980523613193 ], [ 55.307385581142277, 25.249801090267297 ], [ 55.307385581142277, 25.249756174503091 ], [ 55.307333268734446, 25.249760320367887 ] ] ], [ [ [ 55.3073947, 25.248883 ], [ 55.3073529, 25.2488293 ], [ 55.3073846, 25.2488215 ], [ 55.3073741, 25.2487866 ], [ 55.3073205, 25.2487998 ], [ 55.3073489, 25.2488943 ], [ 55.3073947, 25.248883 ] ] ], [ [ [ 55.3075418, 25.2307364 ], [ 55.3076441, 25.230660499999988 ], [ 55.3076144, 25.2306276 ], [ 55.307512, 25.2307035 ], [ 55.3075418, 25.2307364 ] ] ], [ [ [ 55.30736580252686, 25.247709678380101 ], [ 55.3073886, 25.2476969 ], [ 55.3072421, 25.2472073 ], [ 55.30681980255072, 25.247317878297238 ], [ 55.306965502470483, 25.247804578315026 ], [ 55.30736580252686, 25.247709678380101 ] ] ], [ [ [ 55.307001802175101, 25.249350478303324 ], [ 55.307079702132782, 25.249607678312863 ], [ 55.307261802158799, 25.249562578342498 ], [ 55.3073399, 25.249463 ], [ 55.3072859, 25.2493007 ], [ 55.3072529, 25.249286 ], [ 55.307001802175101, 25.249350478303324 ] ] ], [ [ [ 55.3073043, 25.2497606 ], [ 55.3072935, 25.2497133 ], [ 55.307207602119774, 25.249737778331838 ], [ 55.30721830211165, 25.249785078333012 ], [ 55.3073043, 25.2497606 ] ] ], [ [ [ 55.307385581142277, 25.243647630571086 ], [ 55.307295749613864, 25.243647630571076 ], [ 55.307287238843415, 25.24369731694236 ], [ 55.307377070375018, 25.243697316947713 ], [ 55.307385581142277, 25.243647630571086 ] ] ], [ [ [ 55.3074032, 25.2300315 ], [ 55.3075742, 25.2299117 ], [ 55.3075179, 25.2298459 ], [ 55.3073469, 25.2299658 ], [ 55.3074032, 25.2300315 ] ] ], [ [ [ 55.3075262, 25.2311579 ], [ 55.3074835, 25.2311199 ], [ 55.307416462672755, 25.231163763334798 ], [ 55.307481662670341, 25.231222763339343 ], [ 55.3075332, 25.2312028 ], [ 55.3075262, 25.2311579 ] ] ], [ [ [ 55.3069341, 25.252753 ], [ 55.3069703, 25.252733 ], [ 55.3069855, 25.2527567 ], [ 55.3071174, 25.2526918 ], [ 55.30710340000001, 25.252667 ], [ 55.307139, 25.2526485 ], [ 55.3071589, 25.2526781 ], [ 55.3072359, 25.2526385 ], [ 55.3071501, 25.2525012 ], [ 55.3068337, 25.252687 ], [ 55.30655, 25.2528058 ], [ 55.3066329, 25.2529452 ], [ 55.3067082, 25.2529077 ], [ 55.3066878, 25.2528739 ], [ 55.3069341, 25.252753 ] ] ], [ [ [ 55.3075331, 25.2307867 ], [ 55.3074609, 25.2307032 ], [ 55.3074077, 25.2307409 ], [ 55.3074799, 25.2308244 ], [ 55.3075331, 25.2307867 ] ] ], [ [ [ 55.30679960160159, 25.252217578238518 ], [ 55.306927401572111, 25.252432878256517 ], [ 55.3071975, 25.2522992 ], [ 55.307068, 25.252083 ], [ 55.30679960160159, 25.252217578238518 ] ] ], [ [ [ 55.307335802568538, 25.231882426440428 ], [ 55.307475412670691, 25.231834784584905 ], [ 55.307475412670691, 25.231789868820702 ], [ 55.307116086557045, 25.231789868820702 ], [ 55.306664375077318, 25.231836598938362 ], [ 55.30665170000001, 25.2317946 ], [ 55.306464182204913, 25.231808411365989 ], [ 55.306465314867204, 25.231857191513146 ], [ 55.306432927351679, 25.231860541942233 ], [ 55.3066529, 25.2313833 ], [ 55.3066319, 25.2310916 ], [ 55.3065546, 25.2310167 ], [ 55.306043662621974, 25.231052563233018 ], [ 55.305736562562714, 25.231559163207443 ], [ 55.305813862550565, 25.231731963212287 ], [ 55.305916662546196, 25.231830963219437 ], [ 55.306133062552099, 25.23187176323535 ], [ 55.306319416255548, 25.231872284399053 ], [ 55.305813529395067, 25.231924616113325 ], [ 55.305808666550909, 25.231972257916571 ], [ 55.30594341384441, 25.232017173685271 ], [ 55.306617150321138, 25.232017173708233 ], [ 55.307335802568538, 25.231882426440428 ] ] ], [ [ [ 55.306661602179844, 25.249158778251097 ], [ 55.306721802147415, 25.249356078258494 ], [ 55.307193102214953, 25.249238378335171 ], [ 55.3072288, 25.2491698 ], [ 55.3071936, 25.2490546 ], [ 55.3071528, 25.2490291 ], [ 55.306661602179844, 25.249158778251097 ] ] ], [ [ [ 55.3069323, 25.2551866 ], [ 55.3071057, 25.2550878 ], [ 55.3071344, 25.2549796 ], [ 55.30686750000001, 25.2544922 ], [ 55.3065383, 25.254652 ], [ 55.3068548, 25.255167 ], [ 55.3069323, 25.2551866 ] ] ], [ [ [ 55.307243032329445, 25.243382509041105 ], [ 55.307295749613864, 25.243378135985843 ], [ 55.307295749613864, 25.243333220221636 ], [ 55.307243032332408, 25.243337593277072 ], [ 55.307243032329445, 25.243382509041105 ] ] ], [ [ [ 55.306473104193891, 25.238644878340082 ], [ 55.30684940414752, 25.239069778395411 ], [ 55.3073456, 25.238714 ], [ 55.3069821, 25.2382798 ], [ 55.306473104193891, 25.238644878340082 ] ] ], [ [ [ 55.3072197, 25.247153399999988 ], [ 55.3070795, 25.2466848 ], [ 55.30669330264201, 25.246783478283074 ], [ 55.306836002563337, 25.247260578300487 ], [ 55.3072197, 25.247153399999988 ] ] ], [ [ [ 55.307381326205793, 25.231298180746926 ], [ 55.307381326202552, 25.231388012275151 ], [ 55.307430496906484, 25.231385626942853 ], [ 55.307430496906484, 25.231295795414439 ], [ 55.307381326205793, 25.231298180746926 ] ] ], [ [ [ 55.3067677, 25.2529464 ], [ 55.306645901433988, 25.253008878204973 ], [ 55.306797901400536, 25.253256578226477 ], [ 55.3071142, 25.2530965 ], [ 55.3069956, 25.252903 ], [ 55.306905093604243, 25.252948908796871 ], [ 55.3067677, 25.2529464 ] ] ], [ [ [ 55.3071456, 25.2506519 ], [ 55.3071123, 25.2505461 ], [ 55.306814301910009, 25.250629578258852 ], [ 55.306847501892705, 25.250735378262963 ], [ 55.3071456, 25.2506519 ] ] ], [ [ [ 55.3071413, 25.2508787 ], [ 55.3070924, 25.2507088 ], [ 55.306774101874709, 25.250792378250583 ], [ 55.306813301844215, 25.250969378254837 ], [ 55.3071413, 25.2508787 ] ] ], [ [ [ 55.3066035, 25.2488852 ], [ 55.306580702222568, 25.248897978241114 ], [ 55.306639602191296, 25.24908867824837 ], [ 55.307110802259068, 25.248969678325061 ], [ 55.30714960000001, 25.2489037 ], [ 55.3070813, 25.2487645 ], [ 55.3066035, 25.2488852 ] ] ], [ [ [ 55.3072929, 25.2363303 ], [ 55.3072806, 25.2359107 ], [ 55.3069714, 25.2359057 ], [ 55.306933104762365, 25.235928478444372 ], [ 55.306793804666469, 25.236356378417256 ], [ 55.306813304664097, 25.23637827842013 ], [ 55.307255804707744, 25.236369778490939 ], [ 55.3072929, 25.2363303 ] ] ], [ [ [ 55.307243904565205, 25.237101778480756 ], [ 55.3072818, 25.2370287 ], [ 55.307251, 25.236834 ], [ 55.306689404559904, 25.236856678394908 ], [ 55.306675304519096, 25.237060978390332 ], [ 55.306697804511401, 25.237111878393357 ], [ 55.307243904565205, 25.237101778480756 ] ] ], [ [ [ 55.306741604640301, 25.236466178407671 ], [ 55.306686704580535, 25.236748578395702 ], [ 55.3072823, 25.2367352 ], [ 55.307282, 25.2364529 ], [ 55.306741604640301, 25.236466178407671 ] ] ], [ [ [ 55.3073443, 25.2310949 ], [ 55.307236, 25.2310589 ], [ 55.3071112, 25.230971 ], [ 55.3069997, 25.2307981 ], [ 55.3068715, 25.230830099999988 ], [ 55.3069986, 25.2310379 ], [ 55.3071289, 25.2311389 ], [ 55.3073078, 25.2312108 ], [ 55.3073443, 25.2310949 ] ] ], [ [ [ 55.307295749613864, 25.233855993974178 ], [ 55.307205918085451, 25.233855993974178 ], [ 55.307155936804108, 25.233903749405378 ], [ 55.307111021031233, 25.234083412460148 ], [ 55.307161002321251, 25.234080572795207 ], [ 55.307295749613864, 25.233945825502595 ], [ 55.307295749613864, 25.233855993974178 ] ] ], [ [ [ 55.3065269, 25.2485978 ], [ 55.30650410227085, 25.248610578232121 ], [ 55.306557602237305, 25.248810378238417 ], [ 55.30698790229642, 25.248716078308284 ], [ 55.3070569, 25.24868 ], [ 55.307072, 25.2485958 ], [ 55.3070097, 25.2484919 ], [ 55.3065269, 25.2485978 ] ] ], [ [ [ 55.3069073, 25.251785 ], [ 55.3068622, 25.2517785 ], [ 55.306658401652612, 25.251884278219716 ], [ 55.306637201643618, 25.251920378215907 ], [ 55.306750101612586, 25.252136378231519 ], [ 55.3070229, 25.2519985 ], [ 55.3069073, 25.251785 ] ] ], [ [ [ 55.3068213, 25.2529345 ], [ 55.3070111, 25.2528353 ], [ 55.3069615, 25.2527576 ], [ 55.3067717, 25.2528569 ], [ 55.3068213, 25.2529345 ] ] ], [ [ [ 55.307246578904312, 25.231477843799343 ], [ 55.307295749613864, 25.231475458471259 ], [ 55.307295749613864, 25.231340711178639 ], [ 55.307246578909165, 25.231343096507008 ], [ 55.307246578904312, 25.231477843799343 ] ] ], [ [ [ 55.306793102091781, 25.249678878266231 ], [ 55.307032, 25.2496132 ], [ 55.3069734, 25.2493496 ], [ 55.306712202133205, 25.249424878256175 ], [ 55.306793102091781, 25.249678878266231 ] ] ], [ [ [ 55.3070607, 25.2466179 ], [ 55.3069621, 25.2462943 ], [ 55.306545302701068, 25.246405178263704 ], [ 55.306643802647848, 25.246728878275775 ], [ 55.3070607, 25.2466179 ] ] ], [ [ [ 55.3068842, 25.2344131 ], [ 55.306861405045815, 25.234425878449926 ], [ 55.306480504885528, 25.23506847838177 ], [ 55.3072159, 25.2350055 ], [ 55.3071946, 25.2344456 ], [ 55.3070435, 25.2343697 ], [ 55.3068842, 25.2344131 ] ] ], [ [ [ 55.3069081, 25.2438459 ], [ 55.306686803197287, 25.243907278314619 ], [ 55.306397103104608, 25.244244478264495 ], [ 55.306454103072099, 25.244440678271371 ], [ 55.3069034, 25.2443175 ], [ 55.3070127, 25.2441419 ], [ 55.3069081, 25.2438459 ] ] ], [ [ [ 55.306627101514387, 25.252583778206777 ], [ 55.3068832, 25.252451 ], [ 55.3067539, 25.2522453 ], [ 55.306497701541865, 25.252378078188425 ], [ 55.306627101514387, 25.252583778206777 ] ] ], [ [ [ 55.3069278, 25.2482149 ], [ 55.3068979, 25.2481067 ], [ 55.3068303, 25.2481221 ], [ 55.3068602, 25.2482302 ], [ 55.3069278, 25.2482149 ] ] ], [ [ [ 55.3069437, 25.2462444 ], [ 55.3068275, 25.2458716 ], [ 55.306427702771963, 25.245980578249707 ], [ 55.306543902710963, 25.246353278264056 ], [ 55.3069437, 25.2462444 ] ] ], [ [ [ 55.3064339, 25.2539758 ], [ 55.3061966, 25.2540928 ], [ 55.3064909, 25.254569 ], [ 55.3068046, 25.2544097 ], [ 55.3065728, 25.254009 ], [ 55.3064339, 25.2539758 ] ] ], [ [ [ 55.30706671323788, 25.231208462796143 ], [ 55.307116086557045, 25.231205963886026 ], [ 55.307116086557045, 25.23116104812182 ], [ 55.307066713239578, 25.231163547032029 ], [ 55.30706671323788, 25.231208462796143 ] ] ], [ [ [ 55.3067295, 25.2301159 ], [ 55.3067345, 25.2301452 ], [ 55.306998462750954, 25.230090763309303 ], [ 55.3070989, 25.2300284 ], [ 55.3071197, 25.2299726 ], [ 55.3070808, 25.2299265 ], [ 55.30689786275709, 25.229973163302422 ], [ 55.30691482342732, 25.230059410171496 ], [ 55.3068166, 25.2300627 ], [ 55.3067295, 25.2301159 ] ] ], [ [ [ 55.3068665, 25.2480093 ], [ 55.3066801, 25.247401 ], [ 55.3066267, 25.2474144 ], [ 55.306603902509089, 25.247427178261493 ], [ 55.306790202409204, 25.248035478284386 ], [ 55.3068665, 25.2480093 ] ] ], [ [ [ 55.306931357966761, 25.234173243981946 ], [ 55.307026255028632, 25.234170404323621 ], [ 55.307026255028632, 25.234035657031001 ], [ 55.306931357972545, 25.234038496689678 ], [ 55.306931357966761, 25.234173243981946 ] ] ], [ [ [ 55.306590872884655, 25.250755759054151 ], [ 55.3067694, 25.2507085 ], [ 55.3067533, 25.2506491 ], [ 55.306573155514599, 25.250694020248893 ], [ 55.3065553, 25.2506318 ], [ 55.30647530000001, 25.2506505 ], [ 55.30652090000001, 25.2508094 ], [ 55.3066009, 25.2507907 ], [ 55.306590872884655, 25.250755759054151 ] ] ], [ [ [ 55.3060625, 25.2381387 ], [ 55.3064426, 25.2385713 ], [ 55.3069346, 25.2382176 ], [ 55.3068197, 25.2380868 ], [ 55.306485, 25.2383273 ], [ 55.3063469, 25.2381701 ], [ 55.3066807, 25.2379302 ], [ 55.3065537, 25.2377857 ], [ 55.3060625, 25.2381387 ] ] ], [ [ [ 55.306272601326256, 25.253382578141046 ], [ 55.306347801310608, 25.253500478151736 ], [ 55.3067246, 25.2533029 ], [ 55.3066494, 25.253185 ], [ 55.306272601326256, 25.253382578141046 ] ] ], [ [ [ 55.306123604690178, 25.235904278315271 ], [ 55.3068141, 25.2358613 ], [ 55.3069467, 25.2353843 ], [ 55.306328004798196, 25.235445578353133 ], [ 55.306123604690178, 25.235904278315271 ] ] ], [ [ [ 55.3067999, 25.2458102 ], [ 55.3067415, 25.2456134 ], [ 55.306346902815328, 25.245716478239778 ], [ 55.306405302782821, 25.24591337824689 ], [ 55.3067999, 25.2458102 ] ] ], [ [ [ 55.306461502056415, 25.249698878212989 ], [ 55.306539602054997, 25.249744578224959 ], [ 55.3067461, 25.2496803 ], [ 55.3066769, 25.2494335 ], [ 55.306410102089473, 25.249502578206997 ], [ 55.306461502056415, 25.249698878212989 ] ] ], [ [ [ 55.306538401570755, 25.252248678196388 ], [ 55.3066964, 25.2521672 ], [ 55.3066441, 25.2520829 ], [ 55.306595179214035, 25.252108112028875 ], [ 55.3066146, 25.2520978 ], [ 55.3065563, 25.2520039 ], [ 55.306502001609054, 25.252032678193022 ], [ 55.306560145834005, 25.252126166967038 ], [ 55.30648600158208, 25.252164378188965 ], [ 55.306538401570755, 25.252248678196388 ] ] ], [ [ [ 55.3066393, 25.2491554 ], [ 55.30633150213292, 25.249239278197404 ], [ 55.306394202099106, 25.249444978205105 ], [ 55.3067021, 25.2493611 ], [ 55.3066393, 25.2491554 ] ] ], [ [ [ 55.306751998832951, 25.234307820888759 ], [ 55.306707083064232, 25.23439765241546 ], [ 55.306707083058797, 25.234532399707756 ], [ 55.306756760443392, 25.234529730437263 ], [ 55.306891507736012, 25.23439498314465 ], [ 55.306891507736012, 25.23435006738044 ], [ 55.306846591971805, 25.234305151616237 ], [ 55.306751998832951, 25.234307820888759 ] ] ], [ [ [ 55.3063409, 25.2429221 ], [ 55.3064661, 25.2433607 ], [ 55.3067499, 25.2432945 ], [ 55.3066248, 25.2428558 ], [ 55.3063409, 25.2429221 ] ] ], [ [ [ 55.306841931778614, 25.23165773401665 ], [ 55.306841931776852, 25.231702649780757 ], [ 55.306891507736012, 25.231700037292292 ], [ 55.306891507736012, 25.231655121528082 ], [ 55.306841931778614, 25.23165773401665 ] ] ], [ [ [ 55.306841931789258, 25.231388239432032 ], [ 55.306891507736012, 25.231385626942849 ], [ 55.306891507736012, 25.231295795414436 ], [ 55.30684193179281, 25.231298407903829 ], [ 55.306841931789258, 25.231388239432032 ] ] ], [ [ [ 55.306756760443392, 25.23960521179254 ], [ 55.306711844679185, 25.23960521179254 ], [ 55.306711844679185, 25.23969504332096 ], [ 55.306756760443392, 25.23969504332096 ], [ 55.306756760443392, 25.23960521179254 ] ] ], [ [ [ 55.3066391, 25.2472964 ], [ 55.3066364, 25.2472479 ], [ 55.306554402536065, 25.247263278255431 ], [ 55.306557102526931, 25.24731187825531 ], [ 55.3066391, 25.2472964 ] ] ], [ [ [ 55.3066137, 25.2490793 ], [ 55.3065476, 25.2488705 ], [ 55.306251902180513, 25.248953978187913 ], [ 55.30631800214644, 25.249162678196118 ], [ 55.3066137, 25.2490793 ] ] ], [ [ [ 55.3065504, 25.2508943 ], [ 55.3065809, 25.2508613 ], [ 55.3065487, 25.250837 ], [ 55.3065182, 25.2508701 ], [ 55.3065504, 25.2508943 ] ] ], [ [ [ 55.306658462666732, 25.230858163279891 ], [ 55.306683962663563, 25.230905863281539 ], [ 55.3068555, 25.2308295 ], [ 55.30683, 25.2307818 ], [ 55.306658462666732, 25.230858163279891 ] ] ], [ [ [ 55.306619962733876, 25.230094263281053 ], [ 55.3068619, 25.2299886 ], [ 55.3068413, 25.2298532 ], [ 55.306707, 25.2298389 ], [ 55.306520862744932, 25.229922863274574 ], [ 55.306558762731768, 25.230087563276527 ], [ 55.306619962733876, 25.230094263281053 ] ] ], [ [ [ 55.30631350138033, 25.253122978150518 ], [ 55.306386801365008, 25.253238278160932 ], [ 55.3065321, 25.2531618 ], [ 55.3064587, 25.2530465 ], [ 55.30631350138033, 25.253122978150518 ] ] ], [ [ [ 55.3066408, 25.2453216 ], [ 55.3065637, 25.2450776 ], [ 55.306169702900981, 25.245186278217453 ], [ 55.306246802861146, 25.245430278227019 ], [ 55.3066408, 25.2453216 ] ] ], [ [ [ 55.306622013150779, 25.239156054150488 ], [ 55.306622013150779, 25.239200969914688 ], [ 55.306711844679185, 25.239200969914691 ], [ 55.306711844679185, 25.239156054150488 ], [ 55.306622013150779, 25.239156054150488 ] ] ], [ [ [ 55.306094504675187, 25.2359675783099 ], [ 55.305956604554197, 25.236526078281521 ], [ 55.3065749, 25.2364985 ], [ 55.3067555, 25.2359501 ], [ 55.306094504675187, 25.2359675783099 ] ] ], [ [ [ 55.306605262664156, 25.230860563275904 ], [ 55.3068265, 25.2307637 ], [ 55.3067844, 25.2306841 ], [ 55.306563262669457, 25.230781063273191 ], [ 55.306605262664156, 25.230860563275904 ] ] ], [ [ [ 55.3064264, 25.2548649 ], [ 55.30614640100174, 25.254998778102543 ], [ 55.306203700987965, 25.255098178110586 ], [ 55.3064836, 25.2549643 ], [ 55.3064264, 25.2548649 ] ] ], [ [ [ 55.306666928914986, 25.23807807580954 ], [ 55.306666928914986, 25.238033160045326 ], [ 55.306622013150779, 25.23803316004533 ], [ 55.306622013150779, 25.238122991573739 ], [ 55.306711844679185, 25.238122991573746 ], [ 55.306711844679185, 25.23807807580954 ], [ 55.306666928914986, 25.23807807580954 ] ] ], [ [ [ 55.306455, 25.2523861 ], [ 55.3063366, 25.2524314 ], [ 55.3063858, 25.2525097 ], [ 55.3064969, 25.2524526 ], [ 55.306455, 25.2523861 ] ] ], [ [ [ 55.306037501370696, 25.25303717810737 ], [ 55.306106501355295, 25.253150778117103 ], [ 55.3064828, 25.2529622 ], [ 55.3064138, 25.2528487 ], [ 55.306037501370696, 25.25303717810737 ] ] ], [ [ [ 55.3064876, 25.2486196 ], [ 55.3064433, 25.2485899 ], [ 55.30623920223951, 25.24864247818941 ], [ 55.306180802218236, 25.248723878179149 ], [ 55.306228802190603, 25.248890378184932 ], [ 55.3065362, 25.2488111 ], [ 55.3064876, 25.2486196 ] ] ], [ [ [ 55.30597920000001, 25.2526353 ], [ 55.3059387, 25.2525626 ], [ 55.305903, 25.2525789 ], [ 55.3060362, 25.2528152 ], [ 55.3061159, 25.2528335 ], [ 55.3062414, 25.2527776 ], [ 55.3062287, 25.2527469 ], [ 55.3064645, 25.2526329 ], [ 55.3064007, 25.2525249 ], [ 55.3061677, 25.2526376 ], [ 55.3061284, 25.2525672 ], [ 55.30597920000001, 25.2526353 ] ] ], [ [ [ 55.3064303, 25.2546087 ], [ 55.3062998, 25.2543974 ], [ 55.305930801061251, 25.254585078072754 ], [ 55.306061301032791, 25.254796378091228 ], [ 55.3064303, 25.2546087 ] ] ], [ [ [ 55.306562803396623, 25.242814878307168 ], [ 55.3065856, 25.2428021 ], [ 55.306491, 25.2425028 ], [ 55.305845303355191, 25.242676678194037 ], [ 55.305939903306339, 25.24297597820577 ], [ 55.306562803396623, 25.242814878307168 ] ] ], [ [ [ 55.306577097386572, 25.239470464499924 ], [ 55.306577097386572, 25.239515380264123 ], [ 55.306622013150779, 25.23951538026413 ], [ 55.306622013150779, 25.239470464499924 ], [ 55.306577097386572, 25.239470464499924 ] ] ], [ [ [ 55.306110101563128, 25.252077678129844 ], [ 55.306030259579913, 25.252135707700884 ], [ 55.3059978, 25.252083 ], [ 55.305851250973745, 25.252140742202169 ], [ 55.30585125097101, 25.252185657966223 ], [ 55.305914080285575, 25.252185657975129 ], [ 55.3059478, 25.2522405 ], [ 55.30605261125438, 25.252187765100164 ], [ 55.305842801495764, 25.252294678084649 ], [ 55.305976501466496, 25.25251177810356 ], [ 55.306178976410607, 25.252408602733098 ], [ 55.306218101496178, 25.252476978142585 ], [ 55.3064398, 25.2523711 ], [ 55.3062367, 25.2520163 ], [ 55.306110101563128, 25.252077678129844 ] ] ], [ [ [ 55.3064886, 25.2448474 ], [ 55.3064028, 25.2447939 ], [ 55.306139602960826, 25.244861878216327 ], [ 55.306074702942311, 25.244925778205221 ], [ 55.306145302908675, 25.24513447821414 ], [ 55.3065401, 25.2450234 ], [ 55.3064886, 25.2448474 ] ] ], [ [ [ 55.3065029, 25.2467125 ], [ 55.306371, 25.2462715 ], [ 55.306023202659475, 25.246363778180701 ], [ 55.306155802586851, 25.246804678196899 ], [ 55.3065029, 25.2467125 ] ] ], [ [ [ 55.3065887, 25.2309522 ], [ 55.3066799, 25.2309146 ], [ 55.3066524, 25.23086 ], [ 55.3065612, 25.2308976 ], [ 55.3065887, 25.2309522 ] ] ], [ [ [ 55.3064364, 25.2370512 ], [ 55.3065908, 25.2365741 ], [ 55.305936093833061, 25.236597116397647 ], [ 55.305811693763026, 25.237055516380138 ], [ 55.305838293754043, 25.237135216382477 ], [ 55.306343093787838, 25.237132616438799 ], [ 55.3064364, 25.2370512 ] ] ], [ [ [ 55.306487265858159, 25.239425548735724 ], [ 55.306487265858159, 25.239380632971514 ], [ 55.306442350093953, 25.23938063297151 ], [ 55.306442350093953, 25.239470464499917 ], [ 55.306532181622366, 25.239470464499924 ], [ 55.306532181622366, 25.239425548735717 ], [ 55.306487265858159, 25.239425548735724 ] ] ], [ [ [ 55.3065313, 25.2305904 ], [ 55.306636, 25.2305752 ], [ 55.3066246, 25.2305109 ], [ 55.3065199, 25.2305261 ], [ 55.3065313, 25.2305904 ] ] ], [ [ [ 55.306429503453593, 25.242454578289937 ], [ 55.3064523, 25.2424418 ], [ 55.3063766, 25.2421945 ], [ 55.305758403408838, 25.242356378183786 ], [ 55.305834103368234, 25.242603678193078 ], [ 55.306429503453593, 25.242454578289937 ] ] ], [ [ [ 55.306387703061269, 25.244464078260492 ], [ 55.3064105, 25.2444513 ], [ 55.3062363, 25.2439308 ], [ 55.305708403070597, 25.244081978156235 ], [ 55.305882602986571, 25.244602378178172 ], [ 55.306387703061269, 25.244464078260492 ] ] ], [ [ [ 55.30606540128823, 25.253477378106837 ], [ 55.306138801272922, 25.253592678117265 ], [ 55.306284, 25.2535162 ], [ 55.3062107, 25.2534009 ], [ 55.30606540128823, 25.253477378106837 ] ] ], [ [ [ 55.305876704396425, 25.237303478259957 ], [ 55.305787004367488, 25.237409178244427 ], [ 55.305782104350868, 25.237492778242686 ], [ 55.305940404270821, 25.23798487826242 ], [ 55.306013204252253, 25.238116778272545 ], [ 55.30630270000001, 25.2379152 ], [ 55.3064984, 25.237657 ], [ 55.3064987, 25.2373618 ], [ 55.3064326, 25.2372809 ], [ 55.3059814, 25.2372809 ], [ 55.305876704396425, 25.237303478259957 ] ] ], [ [ [ 55.306307602801333, 25.249621427210474 ], [ 55.305977502011785, 25.249691878135668 ], [ 55.306027801984897, 25.249855678141863 ], [ 55.3062779, 25.2497858 ], [ 55.306256426951059, 25.24971587389896 ], [ 55.306307602801333, 25.249711258738891 ], [ 55.306307602801333, 25.249621427210474 ] ] ], [ [ [ 55.3065669, 25.2308216 ], [ 55.3065414, 25.2307834 ], [ 55.3064565, 25.2307988 ], [ 55.3065062, 25.2308607 ], [ 55.3065669, 25.2308216 ] ] ], [ [ [ 55.3061182, 25.2541375 ], [ 55.305822501110036, 25.254279578058902 ], [ 55.305944501080923, 25.254490078076021 ], [ 55.3062401, 25.254348 ], [ 55.3061182, 25.2541375 ] ] ], [ [ [ 55.3061323, 25.2434441 ], [ 55.3063899, 25.243382 ], [ 55.3062617, 25.2429473 ], [ 55.3059876, 25.2430134 ], [ 55.3060878, 25.2434032 ], [ 55.3061181, 25.2433959 ], [ 55.3061323, 25.2434441 ] ] ], [ [ [ 55.3065636, 25.2304756 ], [ 55.306515, 25.2302564 ], [ 55.3063269, 25.2302932 ], [ 55.306292662697807, 25.230333663255383 ], [ 55.306360962684359, 25.230516363259508 ], [ 55.3065636, 25.2304756 ] ] ], [ [ [ 55.305886000915017, 25.255319278057272 ], [ 55.306204, 25.2551554 ], [ 55.3060887, 25.2549524 ], [ 55.305825400954753, 25.255083978050244 ], [ 55.305790700942154, 25.255132078044156 ], [ 55.305789800932374, 25.255182278043442 ], [ 55.305886000915017, 25.255319278057272 ] ] ], [ [ [ 55.3058614, 25.2518857 ], [ 55.3059755, 25.2520795 ], [ 55.3062357, 25.2519541 ], [ 55.3061216, 25.2517604 ], [ 55.3058614, 25.2518857 ] ] ], [ [ [ 55.306478289712587, 25.230183452102665 ], [ 55.306469, 25.2301402 ], [ 55.306268662710657, 25.230179263254414 ], [ 55.30628496270446, 25.230255963255228 ], [ 55.3065355, 25.2302082 ], [ 55.3065284, 25.2301747 ], [ 55.306478289712587, 25.230183452102665 ] ] ], [ [ [ 55.3062618, 25.24955 ], [ 55.3062115, 25.2493861 ], [ 55.305961402055864, 25.249455978135778 ], [ 55.306011702028975, 25.249619778141959 ], [ 55.3062618, 25.24955 ] ] ], [ [ [ 55.3059352, 25.2422241 ], [ 55.3059133, 25.2421531 ], [ 55.3061531, 25.2420925 ], [ 55.3061767, 25.2421691 ], [ 55.3063567, 25.2421236 ], [ 55.3062862, 25.2418952 ], [ 55.3056851, 25.2420469 ], [ 55.3057539, 25.2422698 ], [ 55.3059352, 25.2422241 ] ] ], [ [ [ 55.3061262, 25.2532091 ], [ 55.3060038, 25.2532728 ], [ 55.3060771, 25.253388 ], [ 55.3061995, 25.2533243 ], [ 55.3061262, 25.2532091 ] ] ], [ [ [ 55.306352518565539, 25.239290801443097 ], [ 55.306352518565539, 25.239200969914695 ], [ 55.306217771272919, 25.239111138386281 ], [ 55.306123279242904, 25.239113750834093 ], [ 55.306123279237589, 25.23924849812639 ], [ 55.306352518565539, 25.239290801443097 ] ] ], [ [ [ 55.3064581, 25.23067 ], [ 55.3064465, 25.2306223 ], [ 55.3063539, 25.2306408 ], [ 55.3063656, 25.2306885 ], [ 55.3064581, 25.23067 ] ] ], [ [ [ 55.3061937, 25.2493262 ], [ 55.3061434, 25.2491624 ], [ 55.305893402092643, 25.249232278127437 ], [ 55.305943602065753, 25.249396078133607 ], [ 55.3061937, 25.2493262 ] ] ], [ [ [ 55.306015202244971, 25.248504178155162 ], [ 55.306050302245019, 25.248521178160576 ], [ 55.3061928, 25.2484745 ], [ 55.3061801, 25.2484376 ], [ 55.306015202244971, 25.248504178155162 ] ] ], [ [ [ 55.305434101174846, 25.253753578002751 ], [ 55.305509601147165, 25.253933778012776 ], [ 55.3061146, 25.2536307 ], [ 55.3059883, 25.2534176 ], [ 55.305498201197324, 25.253668778013957 ], [ 55.305434101174846, 25.253753578002751 ] ] ], [ [ [ 55.306279262642221, 25.230943763251158 ], [ 55.3064259, 25.2308896 ], [ 55.3064058, 25.2308029 ], [ 55.305969862632374, 25.230900963228319 ], [ 55.305992162624605, 25.230998163229462 ], [ 55.306279262642221, 25.230943763251158 ] ] ], [ [ [ 55.3056818, 25.2419623 ], [ 55.3062663, 25.2418065 ], [ 55.3061118, 25.2413321 ], [ 55.3055272, 25.2414879 ], [ 55.3056818, 25.2419623 ] ] ], [ [ [ 55.3058546, 25.2457047 ], [ 55.3058845, 25.2458034 ], [ 55.3061974, 25.2457256 ], [ 55.3061675, 25.245627 ], [ 55.3058546, 25.2457047 ] ] ], [ [ [ 55.3064026, 25.2306259 ], [ 55.3063851, 25.2305495 ], [ 55.306322562678261, 25.23056516325639 ], [ 55.306339962672148, 25.230641563257283 ], [ 55.3064026, 25.2306259 ] ] ], [ [ [ 55.306161362706746, 25.230169863246463 ], [ 55.3064066, 25.2300659 ], [ 55.3063739, 25.2299366 ], [ 55.3061602, 25.2299326 ], [ 55.306054862720586, 25.229963963239609 ], [ 55.306103762704986, 25.230161063242221 ], [ 55.306161362706746, 25.230169863246463 ] ] ], [ [ [ 55.3061263, 25.2491035 ], [ 55.306076, 25.2489397 ], [ 55.305825902129307, 25.249009478119174 ], [ 55.305876202102418, 25.249173278125351 ], [ 55.3061263, 25.2491035 ] ] ], [ [ [ 55.305851101335683, 25.25312667807653 ], [ 55.305924401320375, 25.253241878086953 ], [ 55.3060697, 25.2531654 ], [ 55.3059963, 25.2530501 ], [ 55.305851101335683, 25.25312667807653 ] ] ], [ [ [ 55.3057796, 25.2514006 ], [ 55.305303701594895, 25.25151707800724 ], [ 55.305284001581903, 25.251574578003442 ], [ 55.305514801525717, 25.251978578035772 ], [ 55.306084, 25.2516917 ], [ 55.3058908, 25.2514022 ], [ 55.3057796, 25.2514006 ] ] ], [ [ [ 55.3060276, 25.2548132 ], [ 55.3058939, 25.2546004 ], [ 55.30552960098376, 25.254788678006278 ], [ 55.30566330095531, 25.255001478025253 ], [ 55.3060276, 25.2548132 ] ] ], [ [ [ 55.3063208, 25.2306544 ], [ 55.3063278, 25.2306944 ], [ 55.3063509, 25.2306911 ], [ 55.3063439, 25.2306511 ], [ 55.3063208, 25.2306544 ] ] ], [ [ [ 55.3061444, 25.2455483 ], [ 55.3060793, 25.2453463 ], [ 55.305942902840265, 25.245388978178905 ], [ 55.306007902807373, 25.245591078187008 ], [ 55.3061444, 25.2455483 ] ] ], [ [ [ 55.306227462673526, 25.230570963249264 ], [ 55.306196862666596, 25.230632763246668 ], [ 55.306236471125438, 25.23062375407445 ], [ 55.306241762666602, 25.230654763249895 ], [ 55.3063347, 25.2306373 ], [ 55.3063205, 25.2305535 ], [ 55.306227462673526, 25.230570963249264 ] ] ], [ [ [ 55.306083023980307, 25.234305151616233 ], [ 55.3060381082161, 25.234305151616237 ], [ 55.3060381082161, 25.234350067380444 ], [ 55.306217771272919, 25.234350067380444 ], [ 55.306217771272919, 25.234305151616237 ], [ 55.306262687037126, 25.234305151616233 ], [ 55.306262687037126, 25.234260235852034 ], [ 55.306217771272919, 25.234260235852034 ], [ 55.306217771272919, 25.234215320087824 ], [ 55.306127939744513, 25.234215320087827 ], [ 55.306127939744513, 25.23426023585203 ], [ 55.306083023980307, 25.23426023585203 ], [ 55.306083023980307, 25.234305151616233 ] ] ], [ [ [ 55.3060605, 25.2483245 ], [ 55.3060475, 25.2482702 ], [ 55.30594570227813, 25.248298478146381 ], [ 55.305958602268866, 25.248352778147822 ], [ 55.3060605, 25.2483245 ] ] ], [ [ [ 55.3058958, 25.2458487 ], [ 55.305873002742295, 25.245861478162379 ], [ 55.305877302727417, 25.245940578162166 ], [ 55.305937002710124, 25.246059378170361 ], [ 55.3060881, 25.2460166 ], [ 55.3060309, 25.245817 ], [ 55.3058958, 25.2458487 ] ] ], [ [ [ 55.3060149, 25.2498502 ], [ 55.3059646, 25.2496864 ], [ 55.305714501974364, 25.249756178092891 ], [ 55.305764801947461, 25.24992007809908 ], [ 55.3060149, 25.2498502 ] ] ], [ [ [ 55.306083023980307, 25.234709393494096 ], [ 55.306127939744513, 25.234709393494089 ], [ 55.306127939744513, 25.234754309258296 ], [ 55.30617285550872, 25.234754309258296 ], [ 55.30617285550872, 25.234709393494093 ], [ 55.306217771272919, 25.234709393494093 ], [ 55.306217771272919, 25.234664477729893 ], [ 55.30617285550872, 25.234664477729886 ], [ 55.30617285550872, 25.234619561965676 ], [ 55.306127939744513, 25.23461956196568 ], [ 55.306127939744513, 25.234664477729886 ], [ 55.306083023980307, 25.234664477729886 ], [ 55.306083023980307, 25.234709393494096 ] ] ], [ [ [ 55.304750001128539, 25.253656877894439 ], [ 55.304887901097416, 25.253885577913902 ], [ 55.3059565, 25.2533568 ], [ 55.3058186, 25.2531281 ], [ 55.304750001128539, 25.253656877894439 ] ] ], [ [ [ 55.3062701, 25.2305404 ], [ 55.3062154, 25.2303213 ], [ 55.305991762682837, 25.23035176323285 ], [ 55.306074962665591, 25.230584063237828 ], [ 55.3062701, 25.2305404 ] ] ], [ [ [ 55.306041902868216, 25.245292978195813 ], [ 55.3060647, 25.2452802 ], [ 55.3059908, 25.2450411 ], [ 55.305661102863262, 25.24513147813677 ], [ 55.305734902824064, 25.245370578145859 ], [ 55.306041902868216, 25.245292978195813 ] ] ], [ [ [ 55.3059793, 25.251180099999988 ], [ 55.3059646, 25.2511243 ], [ 55.305866401718674, 25.25115337810135 ], [ 55.305881201709298, 25.251209178103085 ], [ 55.3059793, 25.251180099999988 ] ] ], [ [ [ 55.3060107, 25.2488943 ], [ 55.3059604, 25.2487304 ], [ 55.305710302158758, 25.248800278103054 ], [ 55.305760602131876, 25.248964078109243 ], [ 55.3060107, 25.2488943 ] ] ], [ [ [ 55.3062627, 25.2307084 ], [ 55.306254, 25.2306618 ], [ 55.3062265, 25.2306661 ], [ 55.3062353, 25.2307126 ], [ 55.3062627, 25.2307084 ] ] ], [ [ [ 55.30550610355585, 25.241471678153477 ], [ 55.3061135, 25.241303 ], [ 55.3059589, 25.2408285 ], [ 55.305351503632856, 25.240997178134137 ], [ 55.30550610355585, 25.241471678153477 ] ] ], [ [ [ 55.3059989, 25.248531 ], [ 55.3059829, 25.2484687 ], [ 55.305879902233258, 25.248498278133592 ], [ 55.305896002222745, 25.248560578135468 ], [ 55.3059989, 25.248531 ] ] ], [ [ [ 55.305536001518419, 25.252026778038616 ], [ 55.305657201490781, 25.252229278055697 ], [ 55.3059328, 25.2520927 ], [ 55.3058117, 25.2518903 ], [ 55.305536001518419, 25.252026778038616 ] ] ], [ [ [ 55.3059801, 25.2484576 ], [ 55.3059038, 25.2481961 ], [ 55.305759102272098, 25.248237978117228 ], [ 55.305835402228823, 25.248499378126471 ], [ 55.3059801, 25.2484576 ] ] ], [ [ [ 55.305952384823897, 25.230311500721783 ], [ 55.306045548168946, 25.230290786606783 ], [ 55.306054962687611, 25.230329863237685 ], [ 55.3062301, 25.2302914 ], [ 55.3062215, 25.2302557 ], [ 55.306175497299705, 25.230264788699841 ], [ 55.3061663, 25.2302263 ], [ 55.306099983197221, 25.230242733252872 ], [ 55.3060872, 25.2301898 ], [ 55.306028200550692, 25.230205052064246 ], [ 55.3060222, 25.2301826 ], [ 55.305981862696513, 25.230195163232949 ], [ 55.305993962693002, 25.230240063233609 ], [ 55.306033999264628, 25.230242910158516 ], [ 55.3057891, 25.2302866 ], [ 55.3057969, 25.2303767 ], [ 55.3059603, 25.2303455 ], [ 55.305952384823897, 25.230311500721783 ] ] ], [ [ [ 55.3058467, 25.2456589 ], [ 55.3060106, 25.2456165 ], [ 55.3059244, 25.2453437 ], [ 55.3057606, 25.2453861 ], [ 55.3058467, 25.2456589 ] ] ], [ [ [ 55.305959502410758, 25.247619178156281 ], [ 55.3059823, 25.2476064 ], [ 55.3059675, 25.2475579 ], [ 55.305795402397372, 25.24760777813017 ], [ 55.305810102389373, 25.247656378131975 ], [ 55.305959502410758, 25.247619178156281 ] ] ], [ [ [ 55.3058664, 25.2510896 ], [ 55.3059318, 25.2510751 ], [ 55.3058955, 25.2509417 ], [ 55.3058302, 25.2509562 ], [ 55.3058664, 25.2510896 ] ] ], [ [ [ 55.3059382, 25.2465489 ], [ 55.3058542, 25.2465066 ], [ 55.305710161210193, 25.246546063126203 ], [ 55.305795361188117, 25.246832563131047 ], [ 55.305935461198075, 25.246791063141714 ], [ 55.3059902, 25.2467275 ], [ 55.3059382, 25.2465489 ] ] ], [ [ [ 55.3057511, 25.2543267 ], [ 55.305395301024966, 25.254509577987971 ], [ 55.30550970100041, 25.254692778004188 ], [ 55.3058655, 25.2545099 ], [ 55.3057511, 25.2543267 ] ] ], [ [ [ 55.305993192451893, 25.243467967514253 ], [ 55.305993192451893, 25.243333220221636 ], [ 55.305948276687687, 25.243333220221643 ], [ 55.305948276687687, 25.243288304457433 ], [ 55.30590336092348, 25.24328830445743 ], [ 55.30590336092348, 25.243333220221643 ], [ 55.305858445159274, 25.243333220221633 ], [ 55.305858445159274, 25.243512883278463 ], [ 55.305948276687687, 25.243512883278459 ], [ 55.305948276687687, 25.243467967514256 ], [ 55.305993192451893, 25.243467967514253 ] ] ], [ [ [ 55.30571690897839, 25.252230346557898 ], [ 55.305716908973217, 25.252320178086002 ], [ 55.30576035062667, 25.252318467311675 ], [ 55.3057994, 25.252382 ], [ 55.30586910000001, 25.252347 ], [ 55.305806, 25.2522445 ], [ 55.30571690897839, 25.252230346557898 ] ] ], [ [ [ 55.305646902315672, 25.247957478102471 ], [ 55.305720302270487, 25.248227278111145 ], [ 55.3059254, 25.2481739 ], [ 55.305852, 25.2479042 ], [ 55.30580429926183, 25.247914797281386 ], [ 55.3057961, 25.247884599999988 ], [ 55.3056966, 25.2479067 ], [ 55.305646902315672, 25.247957478102471 ] ] ], [ [ [ 55.3058803, 25.2496381 ], [ 55.30583, 25.2494743 ], [ 55.305579902002584, 25.249544078073779 ], [ 55.305630201975696, 25.249707878079967 ], [ 55.3058803, 25.2496381 ] ] ], [ [ [ 55.3060574, 25.2307535 ], [ 55.3061166, 25.2307474 ], [ 55.3061108, 25.230701 ], [ 55.3060516, 25.2307071 ], [ 55.3060574, 25.2307535 ] ] ], [ [ [ 55.305762128709063, 25.252499670770128 ], [ 55.305762128706597, 25.252544586534189 ], [ 55.305813529395067, 25.252540951883866 ], [ 55.305813529395067, 25.252496036119663 ], [ 55.305762128709063, 25.252499670770128 ] ] ], [ [ [ 55.3059028, 25.2460558 ], [ 55.3058443, 25.2458596 ], [ 55.305302402661347, 25.245999878069579 ], [ 55.305364102628218, 25.246201578077155 ], [ 55.3059028, 25.2460558 ] ] ], [ [ [ 55.3060401, 25.2306944 ], [ 55.3061009, 25.2306842 ], [ 55.3060834, 25.2305999 ], [ 55.3060227, 25.2306101 ], [ 55.3060401, 25.2306944 ] ] ], [ [ [ 55.3058792, 25.2463566 ], [ 55.3058203, 25.2461634 ], [ 55.305648002652887, 25.246213478122407 ], [ 55.305706902621154, 25.246406578129641 ], [ 55.3058792, 25.2463566 ] ] ], [ [ [ 55.305804714070227, 25.250973840999023 ], [ 55.305813529395067, 25.250879068608238 ], [ 55.30577563193517, 25.250880966760235 ], [ 55.3057034, 25.2505866 ], [ 55.3056371, 25.2505563 ], [ 55.3050469, 25.2506921 ], [ 55.30500115731558, 25.250745171962951 ], [ 55.304879001698502, 25.250772577947775 ], [ 55.304927001670031, 25.250943377953515 ], [ 55.305024195575996, 25.250920979376822 ], [ 55.30506840165738, 25.251078277974592 ], [ 55.305137379005274, 25.251113989046498 ], [ 55.3051375, 25.2512579 ], [ 55.305573801688617, 25.251165078054424 ], [ 55.305714351475416, 25.250973841007024 ], [ 55.305804714070227, 25.250973840999023 ] ] ], [ [ [ 55.3057652, 25.2492515 ], [ 55.3055379, 25.2493086 ], [ 55.30558820000001, 25.2494724 ], [ 55.3058155, 25.2494153 ], [ 55.3057652, 25.2492515 ] ] ], [ [ [ 55.305903803732299, 25.240753978225182 ], [ 55.3059266, 25.2407412 ], [ 55.3058098, 25.2403736 ], [ 55.305208503708251, 25.2405367781165 ], [ 55.305325203648295, 25.240904378130995 ], [ 55.305903803732299, 25.240753978225182 ] ] ], [ [ [ 55.3060395, 25.2307606 ], [ 55.3060299, 25.2307113 ], [ 55.3059574, 25.2307228 ], [ 55.305967, 25.2307721 ], [ 55.3060395, 25.2307606 ] ] ], [ [ [ 55.305763547681281, 25.243291144051327 ], [ 55.305813529395067, 25.243243388693227 ], [ 55.305858445159274, 25.243108641400603 ], [ 55.305858445159274, 25.242973894107987 ], [ 55.30576861363086, 25.242884062579577 ], [ 55.305723697866654, 25.242884062579577 ], [ 55.305588950574041, 25.242928978343791 ], [ 55.305538968869016, 25.242976733694711 ], [ 55.305538968867083, 25.243021649458793 ], [ 55.305583884620667, 25.243291144044946 ], [ 55.305763547681281, 25.243291144051327 ] ] ], [ [ [ 55.305810602975839, 25.244622478166438 ], [ 55.3058334, 25.2446097 ], [ 55.30565270000001, 25.2440529 ], [ 55.305400503032736, 25.244126578106503 ], [ 55.305581202942292, 25.244683378129075 ], [ 55.305810602975839, 25.244622478166438 ] ] ], [ [ [ 55.305643861177884, 25.246871763119533 ], [ 55.3057911, 25.2468324 ], [ 55.3057058, 25.2465471 ], [ 55.305402861189492, 25.246624563102863 ], [ 55.305441761179473, 25.246754663105072 ], [ 55.305596589876629, 25.246713649035499 ], [ 55.305643861177884, 25.246871763119533 ] ] ], [ [ [ 55.3057392, 25.2491899 ], [ 55.3056906, 25.2490285 ], [ 55.3054694, 25.2490829 ], [ 55.305518, 25.2492443 ], [ 55.3057392, 25.2491899 ] ] ], [ [ [ 55.3057412, 25.2489589 ], [ 55.3056909, 25.2487951 ], [ 55.3054636, 25.2488522 ], [ 55.3055139, 25.249016 ], [ 55.3057412, 25.2489589 ] ] ], [ [ [ 55.305625861688249, 25.249850492556121 ], [ 55.305625861682152, 25.249940324084172 ], [ 55.305723697866654, 25.249935837559914 ], [ 55.305723697866654, 25.249846006031504 ], [ 55.305625861688249, 25.249850492556121 ] ] ], [ [ [ 55.305723697866654, 25.242659483758548 ], [ 55.305723697866654, 25.242614567994345 ], [ 55.305678782102454, 25.242614567994341 ], [ 55.305678782102454, 25.242569652230134 ], [ 55.305588950574041, 25.242569652230138 ], [ 55.305588950574041, 25.242524736465931 ], [ 55.305633866338248, 25.242524736465928 ], [ 55.305633866338248, 25.242434904937522 ], [ 55.305588950574041, 25.242434904937522 ], [ 55.305588950574041, 25.242345073409108 ], [ 55.305544034809834, 25.242345073409105 ], [ 55.305544034809834, 25.242389989173308 ], [ 55.305409287517215, 25.242389989173315 ], [ 55.305409287517215, 25.242704399522751 ], [ 55.305454203281421, 25.242704399522754 ], [ 55.305454203281421, 25.242749315286954 ], [ 55.305499119045628, 25.242749315286961 ], [ 55.305499119045628, 25.242794231051167 ], [ 55.305544034809834, 25.242794231051167 ], [ 55.305544034809834, 25.242884062579584 ], [ 55.305678782102454, 25.242884062579574 ], [ 55.305678782102454, 25.242839146815378 ], [ 55.305813529395067, 25.242839146815374 ], [ 55.305813529395067, 25.242704399522751 ], [ 55.30576861363086, 25.242704399522751 ], [ 55.30576861363086, 25.242659483758548 ], [ 55.305723697866654, 25.242659483758548 ] ] ], [ [ [ 55.305501001330342, 25.252982278022181 ], [ 55.305545401319577, 25.253059778028405 ], [ 55.3056717, 25.2529986 ], [ 55.3056273, 25.252921 ], [ 55.305501001330342, 25.252982278022181 ] ] ], [ [ [ 55.3058686, 25.2300463 ], [ 55.3059779, 25.2299999 ], [ 55.3059635, 25.2299198 ], [ 55.305915122877828, 25.229926896643956 ], [ 55.3059097, 25.2298967 ], [ 55.305834562715496, 25.229912163223446 ], [ 55.30585592609247, 25.230031122605197 ], [ 55.3058227, 25.2300224 ], [ 55.3057931, 25.2300648 ], [ 55.3056452, 25.2300981 ], [ 55.3056888, 25.2302747 ], [ 55.3057856, 25.2302567 ], [ 55.3057758, 25.2302054 ], [ 55.3059803, 25.2301672 ], [ 55.3059516, 25.2300294 ], [ 55.3058686, 25.2300463 ] ] ], [ [ [ 55.3059688, 25.2305973 ], [ 55.30591170000001, 25.2303796 ], [ 55.305696262664732, 25.230407463210529 ], [ 55.305783162647543, 25.230640863215772 ], [ 55.3059688, 25.2305973 ] ] ], [ [ [ 55.304781801682182, 25.255170955768509 ], [ 55.3049004, 25.2551025 ], [ 55.304963651179847, 25.25502720097823 ], [ 55.304911800849034, 25.255181777903022 ], [ 55.304924600835406, 25.255258577904204 ], [ 55.305015600816823, 25.255399377917158 ], [ 55.3055676, 25.2550958 ], [ 55.3056208, 25.2550172 ], [ 55.3056188, 25.254962299999988 ], [ 55.3055055, 25.2547702 ], [ 55.305315868575818, 25.254801086931955 ], [ 55.305443, 25.2547359 ], [ 55.3052994, 25.2545274 ], [ 55.305082000647047, 25.254632918623891 ], [ 55.305039500624083, 25.254790218618165 ], [ 55.305167732421168, 25.25482521498342 ], [ 55.305018300920551, 25.254864277923655 ], [ 55.30499584882002, 25.254931212699177 ], [ 55.3050083, 25.2548491 ], [ 55.304952, 25.2547088 ], [ 55.304759501821707, 25.254799255769804 ], [ 55.304694601770656, 25.254899355746772 ], [ 55.304680301733363, 25.254988755740168 ], [ 55.304711401693019, 25.255108355747407 ], [ 55.304781801682182, 25.255170955768509 ] ] ], [ [ [ 55.305839462623716, 25.230932863218417 ], [ 55.30585316261925, 25.230989163219153 ], [ 55.3059489, 25.2309662 ], [ 55.3059352, 25.2309099 ], [ 55.305839462623716, 25.230932863218417 ] ] ], [ [ [ 55.305148903721523, 25.240438778108079 ], [ 55.3057913, 25.2402598 ], [ 55.3055633, 25.2395248 ], [ 55.304925003843934, 25.239695278080724 ], [ 55.305148903721523, 25.240438778108079 ] ] ], [ [ [ 55.3047794, 25.2464176 ], [ 55.30475660252629, 25.246430377977443 ], [ 55.304818302493167, 25.246632077985009 ], [ 55.305417402579025, 25.2464822780825 ], [ 55.3054402, 25.2464695 ], [ 55.305393267961222, 25.246315828104933 ], [ 55.305442402583104, 25.246473478086592 ], [ 55.3057026, 25.2464002 ], [ 55.3056393, 25.2461971 ], [ 55.3047794, 25.2464176 ] ] ], [ [ [ 55.305253802743344, 25.245551778066893 ], [ 55.305342902695216, 25.245844578077815 ], [ 55.305595102731445, 25.24578107811886 ], [ 55.3056859, 25.2456647 ], [ 55.3056406, 25.2455249 ], [ 55.3055316, 25.2454707 ], [ 55.305253802743344, 25.245551778066893 ] ] ], [ [ [ 55.3058276, 25.2307381 ], [ 55.3058861, 25.2307272 ], [ 55.3058713, 25.2306623 ], [ 55.3058128, 25.2306732 ], [ 55.3058276, 25.2307381 ] ] ], [ [ [ 55.3054076, 25.2453587 ], [ 55.3056675, 25.2452917 ], [ 55.3055752, 25.2449986 ], [ 55.3053153, 25.2450655 ], [ 55.3054076, 25.2453587 ] ] ], [ [ [ 55.3058561, 25.2307994 ], [ 55.3058441, 25.2307482 ], [ 55.3057566, 25.2307649 ], [ 55.3057685, 25.2308161 ], [ 55.3058561, 25.2307994 ] ] ], [ [ [ 55.305308861011206, 25.248554763085629 ], [ 55.305359160998648, 25.24871856308852 ], [ 55.305597, 25.2486555 ], [ 55.3055467, 25.2484917 ], [ 55.305308861011206, 25.248554763085629 ] ] ], [ [ [ 55.305723697866654, 25.23605686642027 ], [ 55.305723697866654, 25.236101782184477 ], [ 55.30576861363086, 25.236101782184477 ], [ 55.30576861363086, 25.236056866420267 ], [ 55.305723697866654, 25.23605686642027 ] ] ], [ [ [ 55.305294061032811, 25.248307963085836 ], [ 55.305344261020259, 25.248471763088713 ], [ 55.3055822, 25.2484088 ], [ 55.3055319, 25.248245 ], [ 55.305294061032811, 25.248307963085836 ] ] ], [ [ [ 55.3058178, 25.2307407 ], [ 55.3058023, 25.2306679 ], [ 55.3057471, 25.2306775 ], [ 55.3057625, 25.2307503 ], [ 55.3058178, 25.2307407 ] ] ], [ [ [ 55.305483, 25.2539434 ], [ 55.305346, 25.253726 ], [ 55.304919101088494, 25.253947077918191 ], [ 55.305056101059485, 25.254164377937641 ], [ 55.305483, 25.2539434 ] ] ], [ [ [ 55.3055254, 25.2499736 ], [ 55.305479, 25.2498122 ], [ 55.3052232019038, 25.249879778012932 ], [ 55.305269601877008, 25.250041178018517 ], [ 55.3055254, 25.2499736 ] ] ], [ [ [ 55.305597005744275, 25.231699389048792 ], [ 55.305689005742906, 25.231766789053257 ], [ 55.3057674, 25.2316832 ], [ 55.3056753, 25.2316158 ], [ 55.305597005744275, 25.231699389048792 ] ] ], [ [ [ 55.305588950574041, 25.243647630571083 ], [ 55.305588950574041, 25.243602714806876 ], [ 55.305409287517215, 25.243602714806876 ], [ 55.305409287517215, 25.243557799042666 ], [ 55.305274540224595, 25.243557799042673 ], [ 55.305274540224595, 25.243647630571083 ], [ 55.305364371753008, 25.243647630571083 ], [ 55.305364371753008, 25.243692546335282 ], [ 55.305454203281421, 25.243692546335282 ], [ 55.305454203281421, 25.243647630571083 ], [ 55.305588950574041, 25.243647630571083 ] ] ], [ [ [ 55.305592362603001, 25.231041363199424 ], [ 55.3057586, 25.2310045 ], [ 55.3057442, 25.2309454 ], [ 55.305577962607686, 25.230982263198662 ], [ 55.305592362603001, 25.231041363199424 ] ] ], [ [ [ 55.305588950574041, 25.236371276769713 ], [ 55.305588950574041, 25.23641619253392 ], [ 55.305678782102454, 25.236416192533913 ], [ 55.305678782102454, 25.236371276769713 ], [ 55.305588950574041, 25.236371276769713 ] ] ], [ [ [ 55.305493, 25.2497472 ], [ 55.3054449, 25.2495831 ], [ 55.305205901947033, 25.249647678012789 ], [ 55.30525400191987, 25.249811778018625 ], [ 55.305493, 25.2497472 ] ] ], [ [ [ 55.305588950574041, 25.23623652947709 ], [ 55.305588950574041, 25.236326361005506 ], [ 55.305678782102454, 25.23632636100551 ], [ 55.305678782102454, 25.236236529477093 ], [ 55.305588950574041, 25.23623652947709 ] ] ], [ [ [ 55.305224661051014, 25.248072063081899 ], [ 55.305274961038464, 25.248235863084787 ], [ 55.3055129, 25.248172799999988 ], [ 55.3054626, 25.248009 ], [ 55.305224661051014, 25.248072063081899 ] ] ], [ [ [ 55.3057002, 25.2303893 ], [ 55.3057504, 25.2303812 ], [ 55.3057437, 25.2303472 ], [ 55.3056934, 25.2303554 ], [ 55.3057002, 25.2303893 ] ] ], [ [ [ 55.305519402933569, 25.244698078119029 ], [ 55.3055422, 25.2446853 ], [ 55.3053609, 25.2441281 ], [ 55.305101502989402, 25.244203878057821 ], [ 55.305282802898923, 25.244761078080494 ], [ 55.305519402933569, 25.244698078119029 ] ] ], [ [ [ 55.3053999, 25.2470546 ], [ 55.304923002393565, 25.24719877799533 ], [ 55.304888802381249, 25.247245677989323 ], [ 55.304891102366796, 25.247321577988835 ], [ 55.304944402347601, 25.247447077995933 ], [ 55.305014002347122, 25.24748377800665 ], [ 55.3054894, 25.2473527 ], [ 55.3053999, 25.2470546 ] ] ], [ [ [ 55.305544034809834, 25.243288304457433 ], [ 55.305544034809834, 25.243153557164817 ], [ 55.305499119045628, 25.243063725636397 ], [ 55.305403208380163, 25.243067133134417 ], [ 55.305448124133932, 25.243291711956683 ], [ 55.305544034809834, 25.243288304457433 ] ] ], [ [ [ 55.3057189, 25.2300454 ], [ 55.3056998, 25.2299577 ], [ 55.30561130000001, 25.2299734 ], [ 55.3056304, 25.2300612 ], [ 55.3057189, 25.2300454 ] ] ], [ [ [ 55.3057072, 25.2308364 ], [ 55.3057021, 25.2308014 ], [ 55.3056408, 25.2308087 ], [ 55.3056458, 25.2308437 ], [ 55.3057072, 25.2308364 ] ] ], [ [ [ 55.304784261134991, 25.246924763055116 ], [ 55.304819061128235, 25.24701666305722 ], [ 55.304901061127218, 25.247068263063063 ], [ 55.3054842, 25.2469154 ], [ 55.3053812, 25.2466154 ], [ 55.304808461150046, 25.246769763057745 ], [ 55.304771761143236, 25.246827263054694 ], [ 55.304784261134991, 25.246924763055116 ] ] ], [ [ [ 55.305588950574041, 25.236056866420267 ], [ 55.305588950574041, 25.236101782184477 ], [ 55.305633866338248, 25.236101782184477 ], [ 55.305633866338248, 25.236056866420267 ], [ 55.305588950574041, 25.236056866420267 ] ] ], [ [ [ 55.3051081, 25.2305111 ], [ 55.305058162625834, 25.230525563162317 ], [ 55.30507336262135, 25.230582763163149 ], [ 55.305120442927787, 25.230569127482948 ], [ 55.305194362611097, 25.230755963171255 ], [ 55.305305062616597, 25.230749363179537 ], [ 55.3053818, 25.2307009 ], [ 55.3053319, 25.2304987 ], [ 55.3051509, 25.2305295 ], [ 55.305122729366069, 25.230566152615307 ], [ 55.3051081, 25.2305111 ] ] ], [ [ [ 55.3051081, 25.2305111 ], [ 55.305350392078637, 25.230472146683425 ], [ 55.305359462640524, 25.230510563184854 ], [ 55.305410710497242, 25.230491699797856 ], [ 55.305487362628824, 25.230703163193386 ], [ 55.3056932, 25.2306569 ], [ 55.3056383, 25.2304392 ], [ 55.305438421223435, 25.230470912401312 ], [ 55.3054498, 25.2304139 ], [ 55.3051704, 25.2304679 ], [ 55.305164873038727, 25.230495326875204 ], [ 55.3051582, 25.2304702 ], [ 55.3048818, 25.23053 ], [ 55.3048899, 25.2305606 ], [ 55.3051081, 25.2305111 ] ] ], [ [ [ 55.3054308, 25.2495141 ], [ 55.3053805, 25.2493503 ], [ 55.3051532, 25.2494074 ], [ 55.3052035, 25.2495712 ], [ 55.3054308, 25.2495141 ] ] ], [ [ [ 55.3054427, 25.2479452 ], [ 55.3053924, 25.2477814 ], [ 55.3051652, 25.2478384 ], [ 55.3052154, 25.2480023 ], [ 55.3054427, 25.2479452 ] ] ], [ [ [ 55.3056356821767, 25.231766511313218 ], [ 55.3056565, 25.2317483 ], [ 55.3056229, 25.231724 ], [ 55.305602182177303, 25.231742311311194 ], [ 55.3056356821767, 25.231766511313218 ] ] ], [ [ [ 55.3056676, 25.2304191 ], [ 55.3056596, 25.2303797 ], [ 55.305458762653352, 25.230417063192764 ], [ 55.305466762650148, 25.230456463193157 ], [ 55.3056676, 25.2304191 ] ] ], [ [ [ 55.305544034809834, 25.235113635371949 ], [ 55.305544034809834, 25.235068719607735 ], [ 55.305499119045628, 25.235068719607735 ], [ 55.305499119045628, 25.235023803843525 ], [ 55.305454203281421, 25.235023803843529 ], [ 55.305454203281421, 25.234978888079329 ], [ 55.305409287517215, 25.234978888079333 ], [ 55.305409287517215, 25.235023803843532 ], [ 55.305364371753008, 25.235023803843532 ], [ 55.305364371753008, 25.235068719607732 ], [ 55.305274540224595, 25.235068719607739 ], [ 55.305274540224595, 25.235203466900359 ], [ 55.305319455988801, 25.235203466900362 ], [ 55.305319455988801, 25.235248382664562 ], [ 55.305274540224595, 25.235248382664562 ], [ 55.305274540224595, 25.235338214192975 ], [ 55.305454203281421, 25.235338214192975 ], [ 55.305454203281421, 25.235293298428768 ], [ 55.305588950574041, 25.235293298428768 ], [ 55.305588950574041, 25.235113635371945 ], [ 55.305544034809834, 25.235113635371949 ] ], [ [ 55.305409287517215, 25.235203466900355 ], [ 55.305409287517215, 25.235158551136145 ], [ 55.305454203281421, 25.235158551136141 ], [ 55.305454203281421, 25.235203466900359 ], [ 55.305409287517215, 25.235203466900355 ] ], [ [ 55.305454203281421, 25.235203466900359 ], [ 55.305499119045628, 25.235203466900359 ], [ 55.305499119045628, 25.235248382664558 ], [ 55.305454203281421, 25.235248382664565 ], [ 55.305454203281421, 25.235203466900359 ] ] ], [ [ [ 55.305087986984624, 25.251377003801906 ], [ 55.305087986979373, 25.251466835330017 ], [ 55.305364371753008, 25.251462973542914 ], [ 55.305364371753008, 25.251328226250305 ], [ 55.305229624460388, 25.251328226250308 ], [ 55.305087986984624, 25.251377003801906 ] ] ], [ [ [ 55.305544034809834, 25.231700037292295 ], [ 55.305633866338248, 25.231565289999669 ], [ 55.305633866338248, 25.231430542707056 ], [ 55.305364371753008, 25.231205963886019 ], [ 55.305314187930861, 25.231208917078735 ], [ 55.30526927216367, 25.231253832841169 ], [ 55.305317465643348, 25.231475458485214 ], [ 55.305229624460388, 25.231475458471262 ], [ 55.305224356386447, 25.231523327424039 ], [ 55.305269272149637, 25.23156824318977 ], [ 55.305342770551761, 25.231568243196552 ], [ 55.305399278697649, 25.231775439370487 ], [ 55.305229624460388, 25.231700037292292 ], [ 55.303522825420565, 25.231340711178643 ], [ 55.303477909656358, 25.231340711178643 ], [ 55.303427320545779, 25.231388807228683 ], [ 55.303427320532826, 25.231658301813162 ], [ 55.303517152059037, 25.23174813334489 ], [ 55.303651899352687, 25.23179304911433 ], [ 55.305403614189458, 25.231972712240321 ], [ 55.305633866338248, 25.231969531877532 ], [ 55.305633866338248, 25.231879700349111 ], [ 55.305438389642745, 25.231792822017699 ], [ 55.305544034809834, 25.231700037292295 ] ] ], [ [ [ 55.3053024, 25.2395052 ], [ 55.3055248, 25.2394496 ], [ 55.3053716, 25.2389478 ], [ 55.3051447, 25.2390045 ], [ 55.305169, 25.2390841 ], [ 55.3051962, 25.2390773 ], [ 55.3053024, 25.2395052 ] ] ], [ [ [ 55.3053685, 25.230097 ], [ 55.305187662662561, 25.230181663173788 ], [ 55.305220362650331, 25.230333363175436 ], [ 55.305322062655307, 25.230328163183032 ], [ 55.30549856473106, 25.230246831283111 ], [ 55.305493851031727, 25.230310601803602 ], [ 55.305633866338248, 25.230307648601904 ], [ 55.305633866338248, 25.230083069780875 ], [ 55.305538766806947, 25.230086022984828 ], [ 55.30551112835392, 25.230196576846343 ], [ 55.3054913, 25.2301052 ], [ 55.3053685, 25.230097 ] ] ], [ [ [ 55.305499119045628, 25.236506024062333 ], [ 55.305499119045628, 25.236550939826532 ], [ 55.305544034809834, 25.23655093982654 ], [ 55.305544034809834, 25.236506024062326 ], [ 55.305499119045628, 25.236506024062333 ] ] ], [ [ [ 55.3053625, 25.2492939 ], [ 55.3053122, 25.2491301 ], [ 55.305062102019917, 25.249199977994884 ], [ 55.305112401993036, 25.249363778001072 ], [ 55.3053625, 25.2492939 ] ] ], [ [ [ 55.3055973, 25.2308123 ], [ 55.3055129, 25.230816 ], [ 55.3055157, 25.2308671 ], [ 55.3056001, 25.2308634 ], [ 55.3055973, 25.2308123 ] ] ], [ [ [ 55.3056027, 25.2303767 ], [ 55.3055925, 25.230326 ], [ 55.305392162655266, 25.230363063188079 ], [ 55.305402262651143, 25.230413763188569 ], [ 55.3056027, 25.2303767 ] ] ], [ [ [ 55.305392262612635, 25.230836063185581 ], [ 55.3055917, 25.2307874 ], [ 55.3055709, 25.2307121 ], [ 55.305327462615651, 25.230770763181102 ], [ 55.305348162609789, 25.23084596318224 ], [ 55.305392262612635, 25.230836063185581 ] ] ], [ [ [ 55.305454203281421, 25.236775518647562 ], [ 55.305499119045628, 25.236775518647562 ], [ 55.305499119045628, 25.236730602883362 ], [ 55.305454203281421, 25.236730602883366 ], [ 55.305454203281421, 25.236775518647562 ] ] ], [ [ [ 55.30532860000001, 25.2487223 ], [ 55.3052783, 25.2485585 ], [ 55.3050511, 25.2486156 ], [ 55.3051013, 25.2487794 ], [ 55.30532860000001, 25.2487223 ] ] ], [ [ [ 55.305454203281421, 25.2362814452413 ], [ 55.305454203281421, 25.236326361005503 ], [ 55.305499119045628, 25.23632636100551 ], [ 55.305499119045628, 25.2362814452413 ], [ 55.305454203281421, 25.2362814452413 ] ] ], [ [ [ 55.305454203281421, 25.236101782184477 ], [ 55.305454203281421, 25.23614669794868 ], [ 55.305499119045628, 25.236146697948683 ], [ 55.305499119045628, 25.236101782184473 ], [ 55.305454203281421, 25.236101782184477 ] ] ], [ [ [ 55.3053572, 25.2453699 ], [ 55.3053163, 25.2452463 ], [ 55.305183002787402, 25.245289078058544 ], [ 55.305223902767409, 25.245412578063686 ], [ 55.3053572, 25.2453699 ] ] ], [ [ [ 55.305032361081238, 25.247642563069828 ], [ 55.305082661068695, 25.247806363072712 ], [ 55.3053205, 25.2477434 ], [ 55.3052702, 25.2475796 ], [ 55.305032361081238, 25.247642563069828 ] ] ], [ [ [ 55.305359002391363, 25.231119142344419 ], [ 55.305359002389309, 25.231164058108497 ], [ 55.305403918152479, 25.231208973874274 ], [ 55.305493749682903, 25.231208973877656 ], [ 55.305544034809834, 25.231161048121816 ], [ 55.305544034809834, 25.231116132357609 ], [ 55.305499119045628, 25.231071216593403 ], [ 55.305409287517215, 25.23107121659341 ], [ 55.305359002391363, 25.231119142344419 ] ] ], [ [ [ 55.3053236, 25.2462017 ], [ 55.3052624, 25.2460014 ], [ 55.3047179, 25.2461375 ], [ 55.3047792, 25.2463378 ], [ 55.3053236, 25.2462017 ] ] ], [ [ [ 55.305409287517215, 25.236685687119156 ], [ 55.305454203281421, 25.236685687119159 ], [ 55.305454203281421, 25.236640771354949 ], [ 55.305409287517215, 25.236640771354949 ], [ 55.305409287517215, 25.236685687119156 ] ] ], [ [ [ 55.3053266, 25.2458367 ], [ 55.3052391, 25.245547 ], [ 55.304804602677777, 25.245670277993725 ], [ 55.304895102631285, 25.245955278004971 ], [ 55.3053266, 25.2458367 ] ] ], [ [ [ 55.305444062688387, 25.23002106319376 ], [ 55.305465562682244, 25.230099863194955 ], [ 55.3055447, 25.2300787 ], [ 55.3055232, 25.2299998 ], [ 55.305444062688387, 25.23002106319376 ] ] ], [ [ [ 55.305364371753008, 25.236461108298126 ], [ 55.305364371753008, 25.236550939826532 ], [ 55.305454203281421, 25.23655093982654 ], [ 55.305454203281421, 25.236461108298126 ], [ 55.305364371753008, 25.236461108298126 ] ] ], [ [ [ 55.3052618, 25.2500388 ], [ 55.3052115, 25.249875 ], [ 55.3049842, 25.2499321 ], [ 55.3050345, 25.2500959 ], [ 55.3052618, 25.2500388 ] ] ], [ [ [ 55.304885001435494, 25.25213577793328 ], [ 55.305133612000255, 25.252016126788096 ], [ 55.305133611995892, 25.252095258492023 ], [ 55.305229624460388, 25.252091794241807 ], [ 55.305229624460388, 25.25200196271339 ], [ 55.305155458647505, 25.252004638714865 ], [ 55.3050374, 25.251801 ], [ 55.304766601463761, 25.251931377916662 ], [ 55.304885001435494, 25.25213577793328 ] ] ], [ [ [ 55.305255, 25.2490835 ], [ 55.3052047, 25.2489197 ], [ 55.30495460205038, 25.248989577980069 ], [ 55.305004902023491, 25.249153377986264 ], [ 55.305255, 25.2490835 ] ] ], [ [ [ 55.305282202810524, 25.245218178075213 ], [ 55.305305, 25.2452054 ], [ 55.3052672, 25.2450839 ], [ 55.305122902812904, 25.24512757805077 ], [ 55.305160802793019, 25.245249078055448 ], [ 55.305282202810524, 25.245218178075213 ] ] ], [ [ [ 55.305364371753008, 25.236371276769713 ], [ 55.305364371753008, 25.23641619253392 ], [ 55.305409287517215, 25.236416192533923 ], [ 55.305409287517215, 25.236371276769713 ], [ 55.305364371753008, 25.236371276769713 ] ] ], [ [ [ 55.305337004038904, 25.238888678155725 ], [ 55.3053598, 25.2388759 ], [ 55.3052525, 25.2385294 ], [ 55.304616404007398, 25.238697678042705 ], [ 55.304723803950637, 25.239044178055945 ], [ 55.305337004038904, 25.238888678155725 ] ] ], [ [ [ 55.305000101318591, 25.252796877944181 ], [ 55.305030901310971, 25.252851477948493 ], [ 55.3051595, 25.2527898 ], [ 55.3051287, 25.2527352 ], [ 55.305000101318591, 25.252796877944181 ] ] ], [ [ [ 55.305417, 25.2308852 ], [ 55.3054551, 25.2308866 ], [ 55.3054574, 25.2308358 ], [ 55.3054193, 25.2308344 ], [ 55.305417, 25.2308852 ] ] ], [ [ [ 55.305198, 25.248509 ], [ 55.3051478, 25.2483452 ], [ 55.3049205, 25.2484022 ], [ 55.3049708, 25.2485661 ], [ 55.305198, 25.248509 ] ] ], [ [ [ 55.304895405708656, 25.244813456039708 ], [ 55.304987805707341, 25.244862256068153 ], [ 55.3052472, 25.2447705 ], [ 55.3051615, 25.2445006 ], [ 55.304829205774162, 25.244611456023122 ], [ 55.304895405708656, 25.244813456039708 ] ] ], [ [ [ 55.305319455988801, 25.236236529477097 ], [ 55.305319455988801, 25.236281445241303 ], [ 55.305364371753008, 25.236281445241303 ], [ 55.305364371753008, 25.236236529477097 ], [ 55.305319455988801, 25.236236529477097 ] ] ], [ [ [ 55.305340862604481, 25.230901363181417 ], [ 55.3054078, 25.2308903 ], [ 55.3054028, 25.2308455 ], [ 55.305335862608288, 25.230856563181277 ], [ 55.305340862604481, 25.230901363181417 ] ] ], [ [ [ 55.305094877167775, 25.243333220221636 ], [ 55.305094877167775, 25.243288304457433 ], [ 55.305005045639362, 25.243288304457426 ], [ 55.305005045639362, 25.243467967514253 ], [ 55.305049961403569, 25.24346796751426 ], [ 55.305049961403569, 25.243512883278459 ], [ 55.305139792931982, 25.24351288327847 ], [ 55.305139792931982, 25.243378135985843 ], [ 55.305229624460388, 25.243378135985846 ], [ 55.305229624460388, 25.24328830445743 ], [ 55.305184708696189, 25.24328830445743 ], [ 55.305184708696189, 25.243243388693227 ], [ 55.305139792931982, 25.243243388693227 ], [ 55.305139792931982, 25.243333220221636 ], [ 55.305094877167775, 25.243333220221636 ] ] ], [ [ [ 55.3052014, 25.2454071 ], [ 55.3051117, 25.2451232 ], [ 55.304856302774347, 25.245196078007371 ], [ 55.304946002727988, 25.245479978018494 ], [ 55.3052014, 25.2454071 ] ] ], [ [ [ 55.3051339, 25.2498298 ], [ 55.3050836, 25.249666 ], [ 55.304833601894607, 25.249735877952268 ], [ 55.304883801867717, 25.249899677958435 ], [ 55.3051339, 25.2498298 ] ] ], [ [ [ 55.305328062651753, 25.230370463183267 ], [ 55.305337462647543, 25.230421963183691 ], [ 55.3053981, 25.2304086 ], [ 55.3053887, 25.230357 ], [ 55.305328062651753, 25.230370463183267 ] ] ], [ [ [ 55.305184708696189, 25.242434904937522 ], [ 55.305184708696189, 25.242479820701732 ], [ 55.305229624460388, 25.242479820701728 ], [ 55.305229624460388, 25.242434904937518 ], [ 55.305184708696189, 25.242434904937522 ] ] ], [ [ [ 55.3050207, 25.2522705 ], [ 55.304934301405908, 25.252312977939152 ], [ 55.304997401390558, 25.252423377947995 ], [ 55.3050838, 25.2523808 ], [ 55.3050207, 25.2522705 ] ] ], [ [ [ 55.304891261012436, 25.248335863055633 ], [ 55.3051292, 25.2482728 ], [ 55.3050789, 25.248109 ], [ 55.304840961024986, 25.248172063052738 ], [ 55.304891261012436, 25.248335863055633 ] ] ], [ [ [ 55.305314187982994, 25.23004110721244 ], [ 55.305314187980983, 25.230086022976533 ], [ 55.305364371753008, 25.230083069780875 ], [ 55.305364371753008, 25.230038154016672 ], [ 55.305314187982994, 25.23004110721244 ] ] ], [ [ [ 55.3050363, 25.2533456 ], [ 55.3050414, 25.2533006 ], [ 55.3049256, 25.2531167 ], [ 55.304673540640302, 25.253241214872549 ], [ 55.304819940623076, 25.253480214883595 ], [ 55.3050069, 25.253387 ], [ 55.3050363, 25.2533456 ] ] ], [ [ [ 55.3048567, 25.2445412 ], [ 55.3051529, 25.2444581 ], [ 55.3050707, 25.244207 ], [ 55.3047987, 25.2442829 ], [ 55.3047838, 25.244338 ], [ 55.3048567, 25.2445412 ] ] ], [ [ [ 55.305049961403569, 25.251238394721891 ], [ 55.305005045639362, 25.251058731665065 ], [ 55.304735551054122, 25.250744321315626 ], [ 55.304684859716318, 25.25074755838758 ], [ 55.304684859711926, 25.250837389915731 ], [ 55.304819606992375, 25.251151800269724 ], [ 55.304909438518557, 25.251241631801527 ], [ 55.305049961403569, 25.251238394721891 ] ] ], [ [ [ 55.304684001018252, 25.254194777877785 ], [ 55.304876301025715, 25.254250677907912 ], [ 55.3050085, 25.2541788 ], [ 55.3048832, 25.2539682 ], [ 55.304620501030108, 25.254102277868679 ], [ 55.304684001018252, 25.254194777877785 ] ] ], [ [ [ 55.3052690695501, 25.231164114897258 ], [ 55.305319455988801, 25.231161048121816 ], [ 55.305319455988801, 25.231116132357609 ], [ 55.305269069552182, 25.231119199133172 ], [ 55.3052690695501, 25.231164114897258 ] ] ], [ [ [ 55.3050613, 25.2496059 ], [ 55.305011, 25.249442 ], [ 55.304760901931012, 25.249511877943185 ], [ 55.304811201904123, 25.249675677949369 ], [ 55.3050613, 25.2496059 ] ] ], [ [ [ 55.3051783, 25.2309381 ], [ 55.3053016, 25.2309144 ], [ 55.3052902, 25.2308658 ], [ 55.305076, 25.2309069 ], [ 55.3050874, 25.2309555 ], [ 55.3051783, 25.2309381 ] ] ], [ [ [ 55.304826961029718, 25.248112663052012 ], [ 55.3050636, 25.2480522 ], [ 55.305018, 25.2478975 ], [ 55.304781361041641, 25.247958063049435 ], [ 55.304826961029718, 25.248112663052012 ] ] ], [ [ [ 55.3051961, 25.238435 ], [ 55.3051201, 25.2381607 ], [ 55.3050425, 25.2381052 ], [ 55.3045737, 25.2382311 ], [ 55.304505604071501, 25.238311478029381 ], [ 55.304603704024103, 25.238604978041728 ], [ 55.305163704104643, 25.238463278132851 ], [ 55.3051961, 25.238435 ] ] ], [ [ [ 55.3049491, 25.2522565 ], [ 55.3049978, 25.2522295 ], [ 55.3049576, 25.2521701 ], [ 55.3049089, 25.252197 ], [ 55.3049491, 25.2522565 ] ] ], [ [ [ 55.304901, 25.2396124 ], [ 55.3051687, 25.2395472 ], [ 55.3051437, 25.2394629 ], [ 55.3051178, 25.2394692 ], [ 55.3050091, 25.2390391 ], [ 55.3047493, 25.2391023 ], [ 55.304901, 25.2396124 ] ] ], [ [ [ 55.304631401501979, 25.251667277898033 ], [ 55.304734101477422, 25.251844777912449 ], [ 55.3049989, 25.2517175 ], [ 55.3048962, 25.25154 ], [ 55.304631401501979, 25.251667277898033 ] ] ], [ [ [ 55.3049993, 25.2476441 ], [ 55.304772, 25.2477012 ], [ 55.3048223, 25.247865 ], [ 55.3050495, 25.2478079 ], [ 55.3049993, 25.2476441 ] ] ], [ [ [ 55.305142790453189, 25.230807126935368 ], [ 55.3050397, 25.230823 ], [ 55.3050558, 25.2308928 ], [ 55.3052658, 25.2308531 ], [ 55.3052497, 25.2307834 ], [ 55.305142790453189, 25.230807126935368 ] ] ], [ [ [ 55.3049961, 25.2493903 ], [ 55.3049458, 25.2492265 ], [ 55.3047186, 25.2492836 ], [ 55.3047688, 25.2494474 ], [ 55.3049961, 25.2493903 ] ] ], [ [ [ 55.305134423561221, 25.231208973864135 ], [ 55.305229624460388, 25.231205963886026 ], [ 55.305229624460388, 25.231116132357609 ], [ 55.305134423565306, 25.231119142335963 ], [ 55.305134423561221, 25.231208973864135 ] ] ], [ [ [ 55.30498, 25.249153 ], [ 55.3049297, 25.2489892 ], [ 55.3047024, 25.2490462 ], [ 55.3047527, 25.2492101 ], [ 55.30498, 25.249153 ] ] ], [ [ [ 55.304503040660038, 25.252966114859674 ], [ 55.304646040643291, 25.253198714870454 ], [ 55.3049064, 25.253067 ], [ 55.3047634, 25.2528344 ], [ 55.304503040660038, 25.252966114859674 ] ] ], [ [ [ 55.304954253391863, 25.242528030363754 ], [ 55.304954253387393, 25.242617861891897 ], [ 55.305005045639362, 25.242614567994337 ], [ 55.305049961403569, 25.242569652230141 ], [ 55.305049961403569, 25.242524736465931 ], [ 55.304954253391863, 25.242528030363754 ] ] ], [ [ [ 55.3046189, 25.240974 ], [ 55.3050687, 25.2408534 ], [ 55.3049961, 25.2406319 ], [ 55.3045463, 25.2407525 ], [ 55.3046189, 25.240974 ] ] ], [ [ [ 55.304593914078481, 25.242573514023821 ], [ 55.30468374558324, 25.243022671668694 ], [ 55.304728661346097, 25.243067587434915 ], [ 55.304818492877097, 25.243067587439253 ], [ 55.305005045639362, 25.243018809872193 ], [ 55.304915214110949, 25.242569652230134 ], [ 55.304593914078481, 25.242573514023821 ] ] ], [ [ [ 55.3047006, 25.2536754 ], [ 55.304450101072568, 25.253798977844866 ], [ 55.304585601041445, 25.254026477863967 ], [ 55.304836, 25.2539029 ], [ 55.3047006, 25.2536754 ] ] ], [ [ [ 55.30480802553955, 25.241654134738113 ], [ 55.304775603549672, 25.241763894454571 ], [ 55.304820519312941, 25.241808810220203 ], [ 55.304910350843173, 25.241808810223262 ], [ 55.305005045639362, 25.241716252710223 ], [ 55.305005045639362, 25.24162642118181 ], [ 55.304915214110949, 25.24158150541761 ], [ 55.304865435087322, 25.241584231401237 ], [ 55.304825228541098, 25.241624437945809 ], [ 55.30476620000001, 25.2414356 ], [ 55.304312961598448, 25.241554763048363 ], [ 55.304379261582262, 25.241766863052195 ], [ 55.30480802553955, 25.241654134738113 ] ] ], [ [ [ 55.304457501410496, 25.252054977865821 ], [ 55.304587001380533, 25.252273577884058 ], [ 55.3048576, 25.2521407 ], [ 55.3047281, 25.2519221 ], [ 55.304457501410496, 25.252054977865821 ] ] ], [ [ [ 55.3051578, 25.2304528 ], [ 55.3051491, 25.2304085 ], [ 55.304941162627792, 25.230446263154011 ], [ 55.304949862624177, 25.230490563154426 ], [ 55.3051578, 25.2304528 ] ] ], [ [ [ 55.305089305163357, 25.231523497795031 ], [ 55.305139792931982, 25.231520374235476 ], [ 55.305139792931982, 25.231475458471266 ], [ 55.305089305165481, 25.231478582030938 ], [ 55.305089305163357, 25.231523497795031 ] ] ], [ [ [ 55.3047379, 25.2512593 ], [ 55.304460501538728, 25.251393277873806 ], [ 55.304575801511398, 25.25159127789 ], [ 55.3048531, 25.2514572 ], [ 55.3047379, 25.2512593 ] ] ], [ [ [ 55.304915214110949, 25.243602714806872 ], [ 55.304915214110949, 25.243692546335282 ], [ 55.304960129875155, 25.243692546335282 ], [ 55.304960129875155, 25.243602714806869 ], [ 55.304915214110949, 25.243602714806872 ] ] ], [ [ [ 55.305006604201552, 25.23788457811429 ], [ 55.3050294, 25.2378718 ], [ 55.3048783, 25.2373805 ], [ 55.304275304198825, 25.237539278001329 ], [ 55.304427004117962, 25.238032378019991 ], [ 55.305006604201552, 25.23788457811429 ] ] ], [ [ [ 55.304967603677525, 25.240577378077536 ], [ 55.3049904, 25.2405646 ], [ 55.3048594, 25.2401522 ], [ 55.30460100371058, 25.240226178022912 ], [ 55.304732003643309, 25.240638678039183 ], [ 55.304967603677525, 25.240577378077536 ] ] ], [ [ [ 55.304857862597082, 25.230746063146217 ], [ 55.304906162591564, 25.230831063149363 ], [ 55.3051005, 25.2307917 ], [ 55.3050504, 25.2305663 ], [ 55.304841862610182, 25.230592863145837 ], [ 55.304857862597082, 25.230746063146217 ] ] ], [ [ [ 55.304544160960454, 25.248741563027586 ], [ 55.304594460947904, 25.24890536303047 ], [ 55.3048324, 25.2488423 ], [ 55.3047821, 25.2486785 ], [ 55.304544160960454, 25.248741563027586 ] ] ], [ [ [ 55.304372740607214, 25.253414314845855 ], [ 55.304469040595514, 25.253575014853098 ], [ 55.304593840599615, 25.253596614863611 ], [ 55.3047665, 25.2535066 ], [ 55.3046248, 25.2532825 ], [ 55.304372740607214, 25.253414314845855 ] ] ], [ [ [ 55.3045218, 25.2457502 ], [ 55.304455602614169, 25.24582787793614 ], [ 55.304515102588354, 25.245990677943805 ], [ 55.304589802587614, 25.246031177955299 ], [ 55.3048677, 25.2459534 ], [ 55.3047853, 25.2456817 ], [ 55.3045218, 25.2457502 ] ] ], [ [ [ 55.3048986, 25.2302294 ], [ 55.3048961, 25.230254 ], [ 55.3047583, 25.2302824 ], [ 55.3047951, 25.2304407 ], [ 55.3048906, 25.2304417 ], [ 55.3048842, 25.2303861 ], [ 55.3050833, 25.2303516 ], [ 55.3050519, 25.2302125 ], [ 55.3048986, 25.2302294 ] ] ], [ [ [ 55.304582360968965, 25.24866586303083 ], [ 55.3048203, 25.2486028 ], [ 55.30477, 25.248439 ], [ 55.304532060981522, 25.248502063027949 ], [ 55.304582360968965, 25.24866586303083 ] ] ], [ [ [ 55.3046037, 25.2525638 ], [ 55.304338640679447, 25.252697114847276 ], [ 55.304478240662966, 25.252925514857804 ], [ 55.3047434, 25.2527921 ], [ 55.3046037, 25.2525638 ] ] ], [ [ [ 55.304396620252739, 25.2544092074208 ], [ 55.304492520253916, 25.254433507424817 ], [ 55.30461652025793, 25.254416607430155 ], [ 55.3047058, 25.2543549 ], [ 55.3047111, 25.2542979 ], [ 55.3045167, 25.2541966 ], [ 55.3043611, 25.2541729 ], [ 55.304263120260302, 25.254197007415748 ], [ 55.304315720254657, 25.254332207417583 ], [ 55.304396620252739, 25.2544092074208 ] ] ], [ [ [ 55.304984, 25.230191 ], [ 55.3050341, 25.2301839 ], [ 55.3050207, 25.2301063 ], [ 55.3049706, 25.2301133 ], [ 55.304984, 25.230191 ] ] ], [ [ [ 55.304954659185164, 25.231343777941532 ], [ 55.305005045639362, 25.231340711178639 ], [ 55.305005045639362, 25.231295795414432 ], [ 55.304954659187253, 25.23129886217745 ], [ 55.304954659185164, 25.231343777941532 ] ] ], [ [ [ 55.304752, 25.2474574 ], [ 55.3047811, 25.2474259 ], [ 55.3047483, 25.247401 ], [ 55.3047191, 25.2474325 ], [ 55.304752, 25.2474574 ] ] ], [ [ [ 55.305005045639362, 25.2310263008292 ], [ 55.305005045639362, 25.230936469300786 ], [ 55.304892621095192, 25.230938884401489 ], [ 55.3049419, 25.2309302 ], [ 55.3049245, 25.2308489 ], [ 55.3047507, 25.2308795 ], [ 55.3047681, 25.2309607 ], [ 55.304864928982113, 25.230943759742043 ], [ 55.304864928978134, 25.231029310797645 ], [ 55.305005045639362, 25.2310263008292 ] ] ], [ [ [ 55.30432160144273, 25.25182147784675 ], [ 55.304435701416537, 25.252013077862816 ], [ 55.3047123, 25.2518766 ], [ 55.3045982, 25.251685 ], [ 55.30432160144273, 25.25182147784675 ] ] ], [ [ [ 55.3047006, 25.2482225 ], [ 55.3044734, 25.2482796 ], [ 55.3045237, 25.2484434 ], [ 55.3047509, 25.2483863 ], [ 55.3047006, 25.2482225 ] ] ], [ [ [ 55.304810503752741, 25.240110978057704 ], [ 55.3048333, 25.2400982 ], [ 55.3047611, 25.2398779 ], [ 55.304287903722347, 25.240011477975301 ], [ 55.304360103686626, 25.240231777984341 ], [ 55.304810503752741, 25.240110978057704 ] ] ], [ [ [ 55.30428971830051, 25.251163035307986 ], [ 55.304006001512192, 25.251307177802111 ], [ 55.304124801486488, 25.251498477818938 ], [ 55.3046788, 25.2512159 ], [ 55.30456, 25.2510246 ], [ 55.30428971830051, 25.251163035307986 ] ] ], [ [ [ 55.304848304292335, 25.23733687809521 ], [ 55.3048711, 25.2373241 ], [ 55.3048141, 25.2371321 ], [ 55.304552404290135, 25.237202878049441 ], [ 55.30460940425845, 25.237394878056367 ], [ 55.304848304292335, 25.23733687809521 ] ] ], [ [ [ 55.3046471, 25.2470311 ], [ 55.3043876, 25.247095 ], [ 55.304214502330062, 25.247179177882273 ], [ 55.304155202296904, 25.247321577871173 ], [ 55.304172802285102, 25.247391277873199 ], [ 55.3045319, 25.2474265 ], [ 55.30472180000001, 25.2472698 ], [ 55.3046471, 25.2470311 ] ] ], [ [ [ 55.3046017, 25.2419242 ], [ 55.3041337, 25.2420406 ], [ 55.304080261539625, 25.242092663028163 ], [ 55.304191361512196, 25.242451363034554 ], [ 55.304256861511021, 25.242496663039198 ], [ 55.3047667, 25.2423608 ], [ 55.3047829, 25.2423233 ], [ 55.3046621, 25.2419545 ], [ 55.3046017, 25.2419242 ] ] ], [ [ [ 55.304449561004461, 25.248207163023348 ], [ 55.3046875, 25.2481442 ], [ 55.3046372, 25.2479803 ], [ 55.304399261017018, 25.248043363020475 ], [ 55.304449561004461, 25.248207163023348 ] ] ], [ [ [ 55.304460400000011, 25.2529915 ], [ 55.304197540628195, 25.253124814832656 ], [ 55.304335440612121, 25.253348414843064 ], [ 55.3045983, 25.2532152 ], [ 55.304460400000011, 25.2529915 ] ] ], [ [ [ 55.304657761625847, 25.241420363074802 ], [ 55.304669261622998, 25.241457663075472 ], [ 55.3047543, 25.2414329 ], [ 55.3047428, 25.2413956 ], [ 55.304657761625847, 25.241420363074802 ] ] ], [ [ [ 55.304772804336949, 25.237068878086173 ], [ 55.3047956, 25.2370561 ], [ 55.3046452, 25.236624 ], [ 55.304396704372657, 25.236699278030258 ], [ 55.304535004302295, 25.237131378047454 ], [ 55.304772804336949, 25.237068878086173 ] ] ], [ [ [ 55.3043273, 25.2521097 ], [ 55.303779240682722, 25.252390514801423 ], [ 55.304013240655976, 25.252764814819109 ], [ 55.3045643, 25.252489 ], [ 55.3043273, 25.2521097 ] ] ], [ [ [ 55.3048452, 25.2307322 ], [ 55.304817492401106, 25.230580350527898 ], [ 55.3048669, 25.2305707 ], [ 55.304861, 25.2305385 ], [ 55.304585, 25.2305928 ], [ 55.3045925, 25.2306341 ], [ 55.304775062217082, 25.230606809779189 ], [ 55.304799962594771, 25.230743363141912 ], [ 55.3048452, 25.2307322 ] ] ], [ [ [ 55.304165401478166, 25.251561477824715 ], [ 55.304280601449129, 25.251768277840789 ], [ 55.3045696, 25.2516342 ], [ 55.3044545, 25.2514274 ], [ 55.304165401478166, 25.251561477824715 ] ] ], [ [ [ 55.304365547149303, 25.24697798936991 ], [ 55.304384102374101, 25.247034677911024 ], [ 55.3046303, 25.2469621 ], [ 55.3045523, 25.2467238 ], [ 55.304316161021433, 25.246790740116477 ], [ 55.3043023, 25.2467462 ], [ 55.304005202377901, 25.246828877852774 ], [ 55.304075802340606, 25.247056477861484 ], [ 55.304365547149303, 25.24697798936991 ] ] ], [ [ [ 55.3047267, 25.2397888 ], [ 55.3046574, 25.2395685 ], [ 55.304188203773826, 25.23969607796294 ], [ 55.304257503737837, 25.239916377971522 ], [ 55.3047267, 25.2397888 ] ] ], [ [ [ 55.303752501571289, 25.250876977766449 ], [ 55.303974001520373, 25.251249177797654 ], [ 55.3045575, 25.2509636 ], [ 55.304336, 25.2505913 ], [ 55.303752501571289, 25.250876977766449 ] ] ], [ [ [ 55.304825382582536, 25.231475458471259 ], [ 55.304825382582536, 25.231430542707052 ], [ 55.304729877736357, 25.231433723044574 ], [ 55.304729877734204, 25.231478638808646 ], [ 55.304825382582536, 25.231475458471259 ] ] ], [ [ [ 55.304774996163808, 25.230490378417056 ], [ 55.304774996161726, 25.230535294181141 ], [ 55.304825382582536, 25.230532227422934 ], [ 55.304825382582536, 25.230487311658731 ], [ 55.304774996163808, 25.230490378417056 ] ] ], [ [ [ 55.304499, 25.2539415 ], [ 55.3042785, 25.2535357 ], [ 55.303964301049795, 25.253678077768548 ], [ 55.304184800992289, 25.254083777799206 ], [ 55.304499, 25.2539415 ] ] ], [ [ [ 55.3042623609415, 25.248813163006179 ], [ 55.304312660928943, 25.248977063009068 ], [ 55.3045506, 25.248914 ], [ 55.3045003, 25.2487502 ], [ 55.3042623609415, 25.248813163006179 ] ] ], [ [ [ 55.30426896102945, 25.247841463011813 ], [ 55.304319261016907, 25.248005263014701 ], [ 55.3045572, 25.2479423 ], [ 55.3045069, 25.2477784 ], [ 55.30426896102945, 25.247841463011813 ] ] ], [ [ [ 55.3045636, 25.2307939 ], [ 55.3046051, 25.2308819 ], [ 55.304794, 25.230845 ], [ 55.3047405, 25.2306208 ], [ 55.3046831, 25.2306321 ], [ 55.3046902, 25.2306622 ], [ 55.3045609, 25.2306568 ], [ 55.304568, 25.2306867 ], [ 55.3045393, 25.2306923 ], [ 55.3045636, 25.2307939 ] ] ], [ [ [ 55.3044689, 25.2455937 ], [ 55.3045849, 25.2455645 ], [ 55.3044994, 25.2452868 ], [ 55.304384, 25.2453184 ], [ 55.3043296, 25.2453706 ], [ 55.3043745, 25.2455463 ], [ 55.3044689, 25.2455937 ] ] ], [ [ [ 55.304555887997303, 25.233811078209968 ], [ 55.304555887997303, 25.233766162445768 ], [ 55.304510972233096, 25.233766162445765 ], [ 55.304510972233096, 25.233631415153148 ], [ 55.30446605646889, 25.233631415153148 ], [ 55.30446605646889, 25.233541583624735 ], [ 55.304421140704683, 25.233541583624731 ], [ 55.304421140704683, 25.233811078209971 ], [ 55.304510972233096, 25.233811078209971 ], [ 55.304510972233096, 25.233945825502587 ], [ 55.304555887997303, 25.233945825502591 ], [ 55.304555887997303, 25.233990741266801 ], [ 55.304735551054122, 25.233990741266801 ], [ 55.304735551054122, 25.233855993974178 ], [ 55.304690635289923, 25.233855993974178 ], [ 55.304690635289923, 25.233900909738381 ], [ 55.304645719525716, 25.233900909738384 ], [ 55.304645719525716, 25.233855993974178 ], [ 55.30460080376151, 25.233855993974181 ], [ 55.30460080376151, 25.233811078209975 ], [ 55.304555887997303, 25.233811078209968 ] ] ], [ [ [ 55.3044216, 25.2395684 ], [ 55.3046576, 25.2395052 ], [ 55.3045233, 25.2390946 ], [ 55.3042873, 25.2391578 ], [ 55.3044216, 25.2395684 ] ] ], [ [ [ 55.30466276263887, 25.230186563134623 ], [ 55.304684262632279, 25.230270263135786 ], [ 55.3047493, 25.2302529 ], [ 55.3047279, 25.2301691 ], [ 55.30466276263887, 25.230186563134623 ] ] ], [ [ [ 55.3042872, 25.2527205 ], [ 55.304029640648032, 25.252849914819997 ], [ 55.304164440632107, 25.253070514830164 ], [ 55.3044219, 25.2529412 ], [ 55.3042872, 25.2527205 ] ] ], [ [ [ 55.3045287, 25.2305889 ], [ 55.3047169, 25.2305594 ], [ 55.3047081, 25.2305139 ], [ 55.30452, 25.2305434 ], [ 55.3045287, 25.2305889 ] ] ], [ [ [ 55.30469870000001, 25.2304407 ], [ 55.3046386, 25.2304492 ], [ 55.3046485, 25.2305065 ], [ 55.3047086, 25.230498 ], [ 55.30469870000001, 25.2304407 ] ] ], [ [ [ 55.30420616094456, 25.248751563002312 ], [ 55.3044441, 25.2486886 ], [ 55.3043938, 25.2485247 ], [ 55.30415586095711, 25.248587762999424 ], [ 55.30420616094456, 25.248751563002312 ] ] ], [ [ [ 55.304580004417488, 25.23655727806117 ], [ 55.3046028, 25.2365445 ], [ 55.3045344, 25.2363285 ], [ 55.303940704369978, 25.236489077959757 ], [ 55.304009104334732, 25.236705077968239 ], [ 55.304580004417488, 25.23655727806117 ] ] ], [ [ [ 55.30457984109561, 25.231057355624394 ], [ 55.3046521, 25.231042 ], [ 55.3046424, 25.2309999 ], [ 55.304570141097066, 25.231015155624178 ], [ 55.30457984109561, 25.231057355624394 ] ] ], [ [ [ 55.304542862632296, 25.230200563125607 ], [ 55.304558962625684, 25.230281863126383 ], [ 55.3046513, 25.2302627 ], [ 55.3046352, 25.2301814 ], [ 55.304542862632296, 25.230200563125607 ] ] ], [ [ [ 55.3044593, 25.2303098 ], [ 55.3044568, 25.2303344 ], [ 55.3043189, 25.2303628 ], [ 55.3043525, 25.2305163 ], [ 55.3044506, 25.2305167 ], [ 55.3044408, 25.2304696 ], [ 55.3046452, 25.2304222 ], [ 55.3046126, 25.2302929 ], [ 55.3044593, 25.2303098 ] ] ], [ [ [ 55.3043721, 25.2441339 ], [ 55.304059902887353, 25.244220077891118 ], [ 55.304091502854597, 25.244405077894065 ], [ 55.304140402848361, 25.244461377901242 ], [ 55.3044473, 25.2443766 ], [ 55.3043721, 25.2441339 ] ] ], [ [ [ 55.303663662082265, 25.235870263030034 ], [ 55.303946362048258, 25.236386363048389 ], [ 55.3045547, 25.2362224 ], [ 55.3044662, 25.2359599 ], [ 55.3039493, 25.23573 ], [ 55.303663662082265, 25.235870263030034 ] ] ], [ [ [ 55.3044144, 25.2461801 ], [ 55.3043326, 25.2459436 ], [ 55.304093902543265, 25.246016977876174 ], [ 55.304169002504906, 25.24625227788551 ], [ 55.3044144, 25.2461801 ] ] ], [ [ [ 55.304378, 25.2484645 ], [ 55.3043277, 25.2483007 ], [ 55.3041004, 25.2483578 ], [ 55.3041507, 25.2485216 ], [ 55.304378, 25.2484645 ] ] ], [ [ [ 55.304482603925514, 25.239055678017266 ], [ 55.3045054, 25.2390429 ], [ 55.3044323, 25.238819 ], [ 55.303957903895679, 25.238952277934565 ], [ 55.304031003859336, 25.239176277943713 ], [ 55.304482603925514, 25.239055678017266 ] ] ], [ [ [ 55.3042603, 25.2374854 ], [ 55.3045045, 25.2374204 ], [ 55.3044407, 25.2372243 ], [ 55.3041965, 25.2372894 ], [ 55.3042603, 25.2374854 ] ] ], [ [ [ 55.304505501537044, 25.231253946396151 ], [ 55.304505501534962, 25.231298862160227 ], [ 55.304555887997303, 25.231295795414436 ], [ 55.304555887997303, 25.231250879650229 ], [ 55.304505501537044, 25.231253946396151 ] ] ], [ [ [ 55.304196561883657, 25.250429910966186 ], [ 55.304286393412063, 25.250429910966179 ], [ 55.304286393412063, 25.250384995201973 ], [ 55.304196561883657, 25.250384995201976 ], [ 55.304196561883657, 25.250429910966186 ] ] ], [ [ [ 55.304068360977787, 25.248315662994337 ], [ 55.3043063, 25.2482526 ], [ 55.304256, 25.2480888 ], [ 55.304018060990337, 25.248151862991453 ], [ 55.304068360977787, 25.248315662994337 ] ] ], [ [ [ 55.304329102941402, 25.244072677935829 ], [ 55.3043519, 25.2440599 ], [ 55.304202600000011, 25.2435599 ], [ 55.303894902981988, 25.243649377871204 ], [ 55.30404750290073, 25.244144777889989 ], [ 55.304329102941402, 25.244072677935829 ] ] ], [ [ [ 55.30405776099969, 25.248067562994855 ], [ 55.3042957, 25.2480045 ], [ 55.3042454, 25.2478407 ], [ 55.304007461012247, 25.247903762991974 ], [ 55.30405776099969, 25.248067562994855 ] ] ], [ [ [ 55.3039903, 25.2530659 ], [ 55.303695301115098, 25.253208177730851 ], [ 55.303923001061015, 25.25359977776283 ], [ 55.304218, 25.2534575 ], [ 55.3039903, 25.2530659 ] ] ], [ [ [ 55.3043188, 25.24587 ], [ 55.304251, 25.245662 ], [ 55.303989502587179, 25.245738477862645 ], [ 55.30405720255343, 25.2459463778711 ], [ 55.3043188, 25.24587 ] ] ], [ [ [ 55.30433130917627, 25.238347570394772 ], [ 55.30433130917627, 25.238437401923193 ], [ 55.304421140704683, 25.238437401923189 ], [ 55.304421140704683, 25.238347570394772 ], [ 55.30433130917627, 25.238347570394772 ] ] ], [ [ [ 55.304457762556076, 25.231004463115013 ], [ 55.3045182, 25.230989 ], [ 55.3044333, 25.2306274 ], [ 55.304303262580618, 25.230656263105342 ], [ 55.304457762556076, 25.231004463115013 ] ] ], [ [ [ 55.304406504283413, 25.237165978026532 ], [ 55.3044293, 25.2371532 ], [ 55.3042749, 25.236709 ], [ 55.304027204321031, 25.236784877970226 ], [ 55.304184204251278, 25.237223077990361 ], [ 55.304406504283413, 25.237165978026532 ] ] ], [ [ [ 55.3041858, 25.247186 ], [ 55.3042094, 25.2471299 ], [ 55.3042653, 25.2471186 ], [ 55.3042592, 25.2470941 ], [ 55.304116361087168, 25.247126763004214 ], [ 55.304134461081347, 25.247200163005171 ], [ 55.3041858, 25.247186 ] ] ], [ [ [ 55.304354003977323, 25.238724378000462 ], [ 55.3043768, 25.2387116 ], [ 55.3043086, 25.2384986 ], [ 55.303838503946871, 25.238628677919145 ], [ 55.303906703912197, 25.238841677927635 ], [ 55.304354003977323, 25.238724378000462 ] ] ], [ [ [ 55.304376224940476, 25.238257738866359 ], [ 55.304376224940476, 25.23816790733796 ], [ 55.30433130917627, 25.238167907337957 ], [ 55.30433130917627, 25.23807807580954 ], [ 55.304241477647857, 25.238078075809543 ], [ 55.304241477648951, 25.238162554017045 ], [ 55.3041992, 25.2380237 ], [ 55.3039587, 25.238088 ], [ 55.3040826, 25.2384892 ], [ 55.304323, 25.2384303 ], [ 55.304256783377376, 25.238212823103694 ], [ 55.304286393412063, 25.238212823102156 ], [ 55.304286393412063, 25.238257738866363 ], [ 55.304376224940476, 25.238257738866359 ] ] ], [ [ [ 55.304370754235109, 25.231388693683222 ], [ 55.30446605646889, 25.231385626942846 ], [ 55.30446605646889, 25.231295795414439 ], [ 55.304370754239272, 25.23129886215505 ], [ 55.304370754235109, 25.231388693683222 ] ] ], [ [ [ 55.3042589, 25.2408223 ], [ 55.303797161630683, 25.240943963013123 ], [ 55.303866261613841, 25.241164563017104 ], [ 55.3043281, 25.2410429 ], [ 55.3042589, 25.2408223 ] ] ], [ [ [ 55.303908061591827, 25.24142926301883 ], [ 55.304035361560693, 25.241837063026164 ], [ 55.3042896, 25.2417696 ], [ 55.30415880000001, 25.2413605 ], [ 55.303908061591827, 25.24142926301883 ] ] ], [ [ [ 55.30329014074281, 25.25156751476468 ], [ 55.303584040706411, 25.25206491478675 ], [ 55.3041444, 25.2518003 ], [ 55.3038382, 25.2513013 ], [ 55.30329014074281, 25.25156751476468 ] ] ], [ [ [ 55.3039439, 25.2454164 ], [ 55.303921102640473, 25.245429177855208 ], [ 55.303996102601708, 25.245666577864515 ], [ 55.304228, 25.2455948 ], [ 55.3041748, 25.2454139 ], [ 55.3041271, 25.2453645 ], [ 55.3039439, 25.2454164 ] ] ], [ [ [ 55.304301462544402, 25.231057063103062 ], [ 55.3043719, 25.2310384 ], [ 55.3043639, 25.2310075 ], [ 55.304293462546838, 25.231026163102644 ], [ 55.304301462544402, 25.231057063103062 ] ] ], [ [ [ 55.304016898826831, 25.250070584852537 ], [ 55.304106730355244, 25.250070584852537 ], [ 55.304106730355244, 25.25002566908833 ], [ 55.304016898826831, 25.250025669088327 ], [ 55.304016898826831, 25.250070584852537 ] ] ], [ [ [ 55.3040528, 25.2477249 ], [ 55.3041072, 25.2476457 ], [ 55.3040416, 25.24744 ], [ 55.3039581, 25.2474034 ], [ 55.303544602194059, 25.247553577770908 ], [ 55.303589581281585, 25.247700450360387 ], [ 55.303442202146911, 25.247747177752341 ], [ 55.303487202125034, 25.247882477758004 ], [ 55.3040528, 25.2477249 ] ], [ [ 55.3037355, 25.247659 ], [ 55.303728451728439, 25.247636035303682 ], [ 55.303849887505343, 25.247603761458951 ], [ 55.303860140495516, 25.247635127013083 ], [ 55.3037355, 25.247659 ] ] ], [ [ [ 55.3039956, 25.2429649 ], [ 55.3038987, 25.2429169 ], [ 55.303653703082993, 25.24300827783993 ], [ 55.303831202991667, 25.243567977861954 ], [ 55.3041583, 25.2434649 ], [ 55.3039956, 25.2429649 ] ] ], [ [ [ 55.304028562550585, 25.230854463083798 ], [ 55.304217862559341, 25.230850363097939 ], [ 55.3043208, 25.2307951 ], [ 55.3042875, 25.2306718 ], [ 55.303996762560779, 25.230725763082109 ], [ 55.304028562550585, 25.230854463083798 ] ] ], [ [ [ 55.3041046, 25.2462698 ], [ 55.3040228, 25.2460333 ], [ 55.3037841024965, 25.246106677825622 ], [ 55.303859202458135, 25.246342077834957 ], [ 55.3041046, 25.2462698 ] ] ], [ [ [ 55.303742301922924, 25.254037755461709 ], [ 55.303831601880567, 25.254191155486794 ], [ 55.3039846, 25.2541084 ], [ 55.3038934, 25.2539583 ], [ 55.303742301922924, 25.254037755461709 ] ] ], [ [ [ 55.3041481, 25.2299365 ], [ 55.3041823, 25.2300639 ], [ 55.3042914, 25.2300416 ], [ 55.3042596, 25.2299139 ], [ 55.3041481, 25.2299365 ] ] ], [ [ [ 55.303882360906087, 25.249018962976738 ], [ 55.303899660901649, 25.249076662977714 ], [ 55.30402740000001, 25.2490419 ], [ 55.3040101, 25.2489842 ], [ 55.303882360906087, 25.249018962976738 ] ] ], [ [ [ 55.304150204099543, 25.237991677976201 ], [ 55.304173, 25.2379789 ], [ 55.3040979, 25.2377528 ], [ 55.303622204069306, 25.237888777892969 ], [ 55.303697304032745, 25.238114877902412 ], [ 55.304150204099543, 25.237991677976201 ] ] ], [ [ [ 55.3042664, 25.2306397 ], [ 55.3042565, 25.2305869 ], [ 55.304053362572596, 25.230622363086873 ], [ 55.304063262568278, 25.230675163087341 ], [ 55.3042664, 25.2306397 ] ] ], [ [ [ 55.303882151534211, 25.249756174503094 ], [ 55.303837235770004, 25.249756174503094 ], [ 55.303837235770516, 25.249795074966716 ], [ 55.3037048, 25.2495726 ], [ 55.302525001595527, 25.250148577578418 ], [ 55.302679001560122, 25.250407377600112 ], [ 55.303837235770096, 25.249841829621985 ], [ 55.303927067298417, 25.249846006031511 ], [ 55.303927067298417, 25.249801090267301 ], [ 55.303971983062624, 25.249801090267297 ], [ 55.303971983062624, 25.249756174503098 ], [ 55.303927067298417, 25.249756174503087 ], [ 55.303927067298417, 25.249711258738888 ], [ 55.303882151534211, 25.249711258738888 ], [ 55.303882151534211, 25.249756174503094 ] ] ], [ [ [ 55.304011202714996, 25.245087877873495 ], [ 55.304034, 25.2450751 ], [ 55.3040151, 25.2450158 ], [ 55.303912102713014, 25.245049477858075 ], [ 55.303923403557917, 25.245084935032462 ], [ 55.303882151534211, 25.24508493502567 ], [ 55.303882151534211, 25.245174766554076 ], [ 55.303927067298417, 25.245174766554076 ], [ 55.303927067298417, 25.245129850789876 ], [ 55.303971983062624, 25.245129850789883 ], [ 55.303971983062731, 25.245098098454758 ], [ 55.304011202714996, 25.245087877873495 ] ] ], [ [ [ 55.3039828, 25.2485055 ], [ 55.303964, 25.2484473 ], [ 55.3038427, 25.2484793 ], [ 55.3038615, 25.2485375 ], [ 55.3039828, 25.2485055 ] ] ], [ [ [ 55.3037775, 25.2460317 ], [ 55.3040055, 25.245973 ], [ 55.3039356, 25.2457505 ], [ 55.3037076, 25.2458091 ], [ 55.3037775, 25.2460317 ] ] ], [ [ [ 55.3040111, 25.240066 ], [ 55.303549961688049, 25.240186362998696 ], [ 55.303617161671525, 25.240402663002566 ], [ 55.3040782, 25.2402823 ], [ 55.3040111, 25.240066 ] ] ], [ [ [ 55.304078862532577, 25.231078963086361 ], [ 55.3041988, 25.2310523 ], [ 55.3041867, 25.2310001 ], [ 55.304066762536742, 25.23102676308573 ], [ 55.304078862532577, 25.231078963086361 ] ] ], [ [ [ 55.3038239, 25.2480111 ], [ 55.3037381, 25.2479686 ], [ 55.303283560963045, 25.248093462936954 ], [ 55.303262160952904, 25.248195362934808 ], [ 55.303476060930436, 25.2485493629489 ], [ 55.3039534, 25.2484136 ], [ 55.3038239, 25.2480111 ] ] ], [ [ [ 55.304101662606747, 25.230267263092358 ], [ 55.304124367604956, 25.230370033123076 ], [ 55.3040285, 25.230372 ], [ 55.303850362579261, 25.230448763072662 ], [ 55.30388926256736, 25.230599863074755 ], [ 55.303983362571614, 25.230598963081778 ], [ 55.3041873, 25.2305023 ], [ 55.3041601, 25.2303693 ], [ 55.304126463685158, 25.230369990117946 ], [ 55.3041975, 25.2303532 ], [ 55.3041747, 25.2302501 ], [ 55.304101662606747, 25.230267263092358 ] ] ], [ [ [ 55.303826884574107, 25.247347550924378 ], [ 55.3039193, 25.2473208 ], [ 55.3039609, 25.2472571 ], [ 55.3039414, 25.2471837 ], [ 55.303647561055016, 25.247252862968562 ], [ 55.30368946104484, 25.247386162970979 ], [ 55.303826884574107, 25.247347550924378 ] ] ], [ [ [ 55.3037482, 25.2544778 ], [ 55.303608600841315, 25.254581377701413 ], [ 55.303559200817439, 25.254680577692387 ], [ 55.303540700796269, 25.254780977688288 ], [ 55.303572900774363, 25.254910077691981 ], [ 55.303669200785563, 25.2548994777075 ], [ 55.3037643, 25.2548489 ], [ 55.30383230000001, 25.2547505 ], [ 55.3038504, 25.2546299 ], [ 55.3037482, 25.2544778 ] ] ], [ [ [ 55.303397504135965, 25.237433377862232 ], [ 55.303469804097361, 25.237668677871113 ], [ 55.304076, 25.2374995 ], [ 55.3039553, 25.2371101 ], [ 55.3038896, 25.2370979 ], [ 55.303443004159739, 25.23733267787064 ], [ 55.303397504135965, 25.237433377862232 ] ] ], [ [ [ 55.3039307, 25.2471318 ], [ 55.303913, 25.2470588 ], [ 55.3038375, 25.2470193 ], [ 55.303744261078009, 25.247045462976878 ], [ 55.303781061067923, 25.247175262978924 ], [ 55.3039307, 25.2471318 ] ] ], [ [ [ 55.3037711, 25.2408805 ], [ 55.3040106, 25.2408194 ], [ 55.3038815, 25.2404055 ], [ 55.303642, 25.2404666 ], [ 55.3037711, 25.2408805 ] ] ], [ [ [ 55.3036225, 25.245553 ], [ 55.3036938, 25.2457883 ], [ 55.3039259, 25.2457185 ], [ 55.3038421, 25.2454571 ], [ 55.3036882, 25.2454893 ], [ 55.3036225, 25.245553 ] ] ], [ [ [ 55.3039189, 25.2397587 ], [ 55.303456561711279, 25.239882962993335 ], [ 55.303526961694558, 25.240102862997432 ], [ 55.3039893, 25.2399787 ], [ 55.3039189, 25.2397587 ] ] ], [ [ [ 55.304056546497492, 25.231388580088637 ], [ 55.304106730355244, 25.231385626942849 ], [ 55.304106730355244, 25.231340711178639 ], [ 55.304056546499496, 25.231343664324552 ], [ 55.304056546497492, 25.231388580088637 ] ] ], [ [ [ 55.304016898826831, 25.231116132357613 ], [ 55.304011732051649, 25.231163944475298 ], [ 55.304101563581995, 25.231163944478549 ], [ 55.304106730355244, 25.231116132357609 ], [ 55.304016898826831, 25.231116132357613 ] ] ], [ [ [ 55.303702261485867, 25.242503062997791 ], [ 55.30375186147247, 25.242675963000583 ], [ 55.303928, 25.2426268 ], [ 55.3038784, 25.2424539 ], [ 55.303702261485867, 25.242503062997791 ] ] ], [ [ [ 55.3038115, 25.2512279 ], [ 55.3036026, 25.2508564 ], [ 55.3035073, 25.2508376 ], [ 55.303059140783702, 25.25105751474808 ], [ 55.303028240773777, 25.251138614744942 ], [ 55.303240040746097, 25.251511114760756 ], [ 55.3038115, 25.2512279 ] ] ], [ [ [ 55.3038558, 25.2468632 ], [ 55.3038446, 25.2468105 ], [ 55.3037853, 25.2468208 ], [ 55.3037964, 25.2468735 ], [ 55.3038558, 25.2468632 ] ] ], [ [ [ 55.303917162523241, 25.231103063074173 ], [ 55.304062, 25.2310708 ], [ 55.3039738, 25.2307026 ], [ 55.303828862552521, 25.230734863069539 ], [ 55.303917162523241, 25.231103063074173 ] ] ], [ [ [ 55.303792320005797, 25.249890921795707 ], [ 55.303747404241591, 25.249890921795714 ], [ 55.303747404241591, 25.249935837559921 ], [ 55.303702488477398, 25.249935837559917 ], [ 55.303702488477398, 25.249980753324124 ], [ 55.303792320005797, 25.249980753324124 ], [ 55.303792320005797, 25.249890921795707 ] ] ], [ [ [ 55.3038125, 25.2422674 ], [ 55.30363636149977, 25.242316562993864 ], [ 55.303685961486373, 25.242489462996648 ], [ 55.303862, 25.2424403 ], [ 55.3038125, 25.2422674 ] ] ], [ [ [ 55.3035559, 25.2447455 ], [ 55.303425202711942, 25.244815777782886 ], [ 55.303464702693105, 25.244932677787869 ], [ 55.303674002690798, 25.245047377820033 ], [ 55.3037771, 25.2450104 ], [ 55.3038101, 25.244948 ], [ 55.3038051, 25.2448469 ], [ 55.3037525, 25.2446912 ], [ 55.3035559, 25.2447455 ] ] ], [ [ [ 55.303644961055745, 25.247243362968415 ], [ 55.3037705, 25.2472075 ], [ 55.3037239, 25.2470609 ], [ 55.303598361066918, 25.247096762965711 ], [ 55.303644961055745, 25.247243362968415 ] ] ], [ [ [ 55.3036612, 25.2464374 ], [ 55.303638402416269, 25.246450177798437 ], [ 55.303654302407438, 25.246503677800369 ], [ 55.303776, 25.2464349 ], [ 55.3037687, 25.2464103 ], [ 55.3036612, 25.2464374 ] ] ], [ [ [ 55.3038085, 25.2369483 ], [ 55.3038819, 25.236787 ], [ 55.3038297, 25.2366606 ], [ 55.303432704248813, 25.236866577874277 ], [ 55.303565704218435, 25.237089177893012 ], [ 55.3038085, 25.2369483 ] ] ], [ [ [ 55.3037506, 25.2420609 ], [ 55.303574461515637, 25.24211016299034 ], [ 55.303623961502247, 25.242282962993112 ], [ 55.3038001, 25.2422338 ], [ 55.3037506, 25.2420609 ] ] ], [ [ [ 55.303612656948978, 25.248902774983179 ], [ 55.303657572713185, 25.248902774983179 ], [ 55.303657572713185, 25.248857859218973 ], [ 55.303702488477398, 25.248857859218969 ], [ 55.303702488477398, 25.248812943454769 ], [ 55.303657572713185, 25.248812943454769 ], [ 55.303657572713185, 25.248768027690559 ], [ 55.303612656948978, 25.248768027690559 ], [ 55.303612656948978, 25.248812943454766 ], [ 55.303522825420565, 25.248812943454769 ], [ 55.303522825420565, 25.248857859218973 ], [ 55.303612656948978, 25.248857859218973 ], [ 55.303612656948978, 25.248902774983179 ] ] ], [ [ [ 55.302004760417766, 25.253508462812835 ], [ 55.303055660313092, 25.255184462882394 ], [ 55.30327206033045, 25.255098462898992 ], [ 55.3034276, 25.2549987 ], [ 55.3036161, 25.2543883 ], [ 55.3028315, 25.2530922 ], [ 55.302004760417766, 25.253508462812835 ] ] ], [ [ [ 55.3026089, 25.2531941 ], [ 55.3023224, 25.2526438 ], [ 55.3025369, 25.2525468 ], [ 55.3021098, 25.2518114 ], [ 55.301962, 25.2514818 ], [ 55.3017804, 25.2513938 ], [ 55.3015259, 25.2513622 ], [ 55.3012191, 25.2514186 ], [ 55.30104330397991, 25.25152549110086 ], [ 55.300929503883097, 25.251619791036635 ], [ 55.300951694789596, 25.251631897046057 ], [ 55.3008969, 25.2516876 ], [ 55.3010308, 25.2516984 ], [ 55.3011083, 25.2517226 ], [ 55.301165, 25.2517688 ], [ 55.3013928, 25.2521498 ], [ 55.3012483, 25.2522284 ], [ 55.3020154, 25.2535025 ], [ 55.3026089, 25.2531941 ] ] ], [ [ [ 55.3037314, 25.245134 ], [ 55.303717, 25.2450908 ], [ 55.303575602664317, 25.245136077803295 ], [ 55.303590002657351, 25.245179177805106 ], [ 55.3037314, 25.245134 ] ] ], [ [ [ 55.3033527, 25.2519721 ], [ 55.303067401268308, 25.252107377642925 ], [ 55.30331240121189, 25.252519477677435 ], [ 55.3036007, 25.2523855 ], [ 55.3033527, 25.2519721 ] ] ], [ [ [ 55.3036708, 25.2426176 ], [ 55.3034704, 25.2426744 ], [ 55.3035217, 25.2428138 ], [ 55.3035668, 25.2428427 ], [ 55.303733, 25.2427973 ], [ 55.3036708, 25.2426176 ] ] ], [ [ [ 55.3038142, 25.236578 ], [ 55.3037742, 25.2364784 ], [ 55.3036312, 25.2364211 ], [ 55.3035443, 25.2364315 ], [ 55.303255004287031, 25.236581477849118 ], [ 55.303387904257569, 25.236799277867881 ], [ 55.3038142, 25.236578 ] ] ], [ [ [ 55.3035862, 25.2446872 ], [ 55.3037015, 25.2446576 ], [ 55.3036835, 25.2446001 ], [ 55.3035681, 25.2446297 ], [ 55.3035862, 25.2446872 ] ] ], [ [ [ 55.3036807, 25.2418537 ], [ 55.303504561531241, 25.241902862986223 ], [ 55.30355406151785, 25.242075662989006 ], [ 55.3037302, 25.2420265 ], [ 55.3036807, 25.2418537 ] ] ], [ [ [ 55.3035728, 25.2471004 ], [ 55.303322461048488, 25.247165462944768 ], [ 55.303279961037958, 25.247261262941084 ], [ 55.30337696102891, 25.247409262947542 ], [ 55.303469161030328, 25.247438762954268 ], [ 55.3036613, 25.2473861 ], [ 55.3035728, 25.2471004 ] ] ], [ [ [ 55.3033201, 25.2460603 ], [ 55.30329730245677, 25.246073077748171 ], [ 55.303382802411498, 25.246349277758704 ], [ 55.3036198, 25.246283099999989 ], [ 55.3036596, 25.2461866 ], [ 55.3036204, 25.2460569 ], [ 55.3035191, 25.2459986 ], [ 55.3033201, 25.2460603 ] ] ], [ [ [ 55.303495602355561, 25.246694077772833 ], [ 55.3036529, 25.2466445 ], [ 55.3035844, 25.24644 ], [ 55.303276002366211, 25.246531077739569 ], [ 55.303344502333204, 25.246735477748196 ], [ 55.303495602355561, 25.246694077772833 ] ] ], [ [ [ 55.303226061768541, 25.239134662980099 ], [ 55.303295361751722, 25.239355162984101 ], [ 55.3037534, 25.2392343 ], [ 55.3036841, 25.2390138 ], [ 55.303226061768541, 25.239134662980099 ] ] ], [ [ [ 55.3032807, 25.2488199 ], [ 55.302706501816893, 25.249092777619428 ], [ 55.302840001784801, 25.249324377638153 ], [ 55.302927834123572, 25.249281320942266 ], [ 55.302869301778223, 25.249372777642289 ], [ 55.303038901739605, 25.249655877666193 ], [ 55.303125301747563, 25.249657177679996 ], [ 55.3035729, 25.2494468 ], [ 55.3035846, 25.2493327 ], [ 55.3033941, 25.2490172 ], [ 55.303093087584408, 25.249167484923948 ], [ 55.3033674, 25.2489703 ], [ 55.3032807, 25.2488199 ] ] ], [ [ [ 55.3034303, 25.2424795 ], [ 55.3034839, 25.2426478 ], [ 55.3036722, 25.2425988 ], [ 55.3036186, 25.2424305 ], [ 55.3034303, 25.2424795 ] ] ], [ [ [ 55.303821143067644, 25.230714207469568 ], [ 55.3038168, 25.2306734 ], [ 55.303611662543823, 25.230724663053397 ], [ 55.303622362540921, 25.230761963054 ], [ 55.303754134502142, 25.230731256977471 ], [ 55.303765862546214, 25.230773863064638 ], [ 55.3038327, 25.2307548 ], [ 55.303821143067644, 25.230714207469568 ] ] ], [ [ [ 55.3034402, 25.2410603 ], [ 55.303243161590842, 25.241113562970895 ], [ 55.30348056153332, 25.241868062984611 ], [ 55.3036709, 25.241816 ], [ 55.3034402, 25.2410603 ] ] ], [ [ [ 55.3034175, 25.2475705 ], [ 55.303394702174081, 25.247583277746603 ], [ 55.303437502152569, 25.247715577751944 ], [ 55.3035785, 25.2476716 ], [ 55.3035358, 25.2475392 ], [ 55.3034175, 25.2475705 ] ] ], [ [ [ 55.3036792, 25.2397621 ], [ 55.3035491, 25.2393464 ], [ 55.3033085, 25.2394081 ], [ 55.3034386, 25.2398237 ], [ 55.3036792, 25.2397621 ] ] ], [ [ [ 55.3037391, 25.2306853 ], [ 55.3037978, 25.2306736 ], [ 55.3037857, 25.2306242 ], [ 55.3037271, 25.2306359 ], [ 55.3037391, 25.2306853 ] ] ], [ [ [ 55.303557, 25.2308286 ], [ 55.303526462526982, 25.230869663046278 ], [ 55.303602962512279, 25.231070363050922 ], [ 55.30379090000001, 25.23103 ], [ 55.3037383, 25.2308084 ], [ 55.303557, 25.2308286 ] ] ], [ [ [ 55.3035674, 25.2469459 ], [ 55.3035018, 25.2467496 ], [ 55.303240902305596, 25.2468273777306 ], [ 55.303306502273863, 25.247023777738853 ], [ 55.3035674, 25.2469459 ] ] ], [ [ [ 55.3031252617916, 25.238829362974197 ], [ 55.303196461775386, 25.239044262978368 ], [ 55.3036594, 25.2389155 ], [ 55.3035881, 25.2387006 ], [ 55.3031252617916, 25.238829362974197 ] ] ], [ [ [ 55.3035635, 25.2359512 ], [ 55.303027004333103, 25.23623097781665 ], [ 55.303148904307641, 25.236422677833961 ], [ 55.3036853, 25.2361429 ], [ 55.3035635, 25.2359512 ] ] ], [ [ [ 55.3033771, 25.2504851 ], [ 55.303278, 25.2504715 ], [ 55.302993301550359, 25.250612277648049 ], [ 55.303149901514466, 25.250874777670106 ], [ 55.3034594, 25.2507236 ], [ 55.3034806, 25.2506419 ], [ 55.3033771, 25.2504851 ] ] ], [ [ [ 55.303545862544603, 25.230683663048708 ], [ 55.3037531, 25.2305923 ], [ 55.3037244, 25.2304576 ], [ 55.3035936, 25.2304523 ], [ 55.303412762552142, 25.230534663039567 ], [ 55.303444862539401, 25.230691763041129 ], [ 55.303545862544603, 25.230683663048708 ] ] ], [ [ [ 55.3037328, 25.2312231 ], [ 55.3037197, 25.2311733 ], [ 55.3035279, 25.2312145 ], [ 55.303541, 25.2312643 ], [ 55.3037328, 25.2312231 ] ] ], [ [ [ 55.3037261, 25.2311575 ], [ 55.3037126, 25.2311054 ], [ 55.3035986, 25.2311294 ], [ 55.3036121, 25.2311815 ], [ 55.3037261, 25.2311575 ] ] ], [ [ [ 55.3035332, 25.2447262 ], [ 55.3035097, 25.2446472 ], [ 55.303432993892265, 25.244665963244575 ], [ 55.303432993892152, 25.244635777383614 ], [ 55.303298246599532, 25.244635777383614 ], [ 55.303298246599532, 25.24472560891202 ], [ 55.303343162363738, 25.244725608912017 ], [ 55.303343162363738, 25.244680693147821 ], [ 55.303420128368003, 25.244680693151174 ], [ 55.3034405, 25.2447488 ], [ 55.3035332, 25.2447262 ] ] ], [ [ [ 55.3031977, 25.2456209 ], [ 55.303156702524369, 25.245654277730438 ], [ 55.303244402481766, 25.245917777741475 ], [ 55.3034741, 25.2458559 ], [ 55.3035179, 25.2457841 ], [ 55.3034659, 25.2456142 ], [ 55.3034002, 25.2455802 ], [ 55.3031977, 25.2456209 ] ] ], [ [ [ 55.3034738, 25.2478788 ], [ 55.3034379, 25.2477793 ], [ 55.3032559, 25.2478219 ], [ 55.3031935, 25.2477151 ], [ 55.303055, 25.247762 ], [ 55.3031496, 25.2479174 ], [ 55.303237, 25.247945 ], [ 55.3034738, 25.2478788 ] ] ], [ [ [ 55.303477909656358, 25.234305151616237 ], [ 55.303522825420565, 25.234305151616237 ], [ 55.303522825420565, 25.234350067380444 ], [ 55.303567741184771, 25.234350067380436 ], [ 55.303567741184771, 25.234305151616237 ], [ 55.303657572713185, 25.234305151616237 ], [ 55.303657572713185, 25.23426023585203 ], [ 55.303612656948978, 25.234260235852034 ], [ 55.303612656948978, 25.234170404323621 ], [ 55.303522825420565, 25.234170404323628 ], [ 55.303522825420565, 25.234125488559414 ], [ 55.303432993892152, 25.234125488559414 ], [ 55.303432993892152, 25.234170404323621 ], [ 55.303477909656358, 25.234170404323621 ], [ 55.303477909656358, 25.234305151616237 ] ] ], [ [ [ 55.303522825420565, 25.233631415153152 ], [ 55.303612656948978, 25.233631415153148 ], [ 55.303612656948978, 25.233721246681561 ], [ 55.303657572713185, 25.233721246681561 ], [ 55.303657572713185, 25.233541583624728 ], [ 55.303522825420565, 25.233541583624735 ], [ 55.303522825420565, 25.233631415153152 ] ] ], [ [ [ 55.3034525, 25.2419199 ], [ 55.303246661513306, 25.241974962966594 ], [ 55.303333261491751, 25.242256562971559 ], [ 55.3035391, 25.2422015 ], [ 55.3034525, 25.2419199 ] ] ], [ [ [ 55.303567741184771, 25.229993238252465 ], [ 55.303563182300358, 25.230040709610886 ], [ 55.303653013830477, 25.230040709613757 ], [ 55.303657572713185, 25.229993238252462 ], [ 55.303567741184771, 25.229993238252465 ] ] ], [ [ [ 55.3033647, 25.2475863 ], [ 55.303206302145696, 25.247637577715867 ], [ 55.303249702125612, 25.247762777721384 ], [ 55.3034081, 25.2477115 ], [ 55.3033647, 25.2475863 ] ] ], [ [ [ 55.3032003, 25.2366085 ], [ 55.303003604238278, 25.236710277807465 ], [ 55.302985904225991, 25.236765177804013 ], [ 55.303265304164611, 25.237220177843508 ], [ 55.303321804169244, 25.237223977852508 ], [ 55.3035267, 25.2371026 ], [ 55.3032341, 25.236622 ], [ 55.3032003, 25.2366085 ] ] ], [ [ [ 55.3031862, 25.2444066 ], [ 55.302572302678165, 25.244571477649298 ], [ 55.302835802541175, 25.245409677681906 ], [ 55.3033943, 25.2452591 ], [ 55.30331864936835, 25.244905271970545 ], [ 55.303343162363738, 25.24490527196885 ], [ 55.303343162363738, 25.24486035620464 ], [ 55.303309046126152, 25.244860356205891 ], [ 55.3031862, 25.2444066 ] ] ], [ [ [ 55.3032572, 25.2419465 ], [ 55.3034369, 25.2419004 ], [ 55.3032062, 25.2411446 ], [ 55.3030198, 25.2411919 ], [ 55.3032572, 25.2419465 ] ] ], [ [ [ 55.303031902383246, 25.246322977702899 ], [ 55.303068402364666, 25.246437077707441 ], [ 55.3032357, 25.2463865 ], [ 55.303217170311108, 25.246328575710002 ], [ 55.303239702389824, 25.246391077735357 ], [ 55.3033582, 25.2463501 ], [ 55.3033121, 25.2462225 ], [ 55.303031902383246, 25.246322977702899 ] ] ], [ [ [ 55.30339521074545, 25.231042155872551 ], [ 55.3035431, 25.2309633 ], [ 55.30350880000001, 25.2308053 ], [ 55.3035679, 25.2307949 ], [ 55.3035509, 25.2307162 ], [ 55.3033822, 25.2307461 ], [ 55.3033993, 25.2308248 ], [ 55.30335371081167, 25.230850355863634 ], [ 55.30339521074545, 25.231042155872551 ] ] ], [ [ [ 55.302939, 25.2295494 ], [ 55.3029546, 25.2296159 ], [ 55.3029819, 25.2296106 ], [ 55.3030402, 25.2298587 ], [ 55.3030793, 25.2298511 ], [ 55.3031066, 25.2299673 ], [ 55.3031862, 25.2299716 ], [ 55.3031933, 25.2300017 ], [ 55.3032946, 25.229966 ], [ 55.3033025, 25.2299996 ], [ 55.3033914, 25.2299825 ], [ 55.3033828, 25.229946 ], [ 55.3035571, 25.229878 ], [ 55.3035296, 25.2297614 ], [ 55.3034658, 25.2297737 ], [ 55.3034243, 25.2297397 ], [ 55.3033854, 25.2296232 ], [ 55.3034131, 25.2295497 ], [ 55.3034788, 25.229537 ], [ 55.3034923, 25.2294359 ], [ 55.3035789, 25.2294192 ], [ 55.3035678, 25.2293719 ], [ 55.3030475, 25.229472 ], [ 55.3030603, 25.2295261 ], [ 55.302939, 25.2295494 ] ] ], [ [ [ 55.302947961602797, 25.240835962950346 ], [ 55.303092861587899, 25.241072362959901 ], [ 55.3034183, 25.2409853 ], [ 55.3033229, 25.2407317 ], [ 55.302947961602797, 25.240835962950346 ] ] ], [ [ [ 55.303011902108416, 25.24773487768368 ], [ 55.3033262, 25.2475707 ], [ 55.3031922, 25.2473598 ], [ 55.302878002136502, 25.247523877664666 ], [ 55.303011902108416, 25.24773487768368 ] ] ], [ [ [ 55.303455892619638, 25.231124656849953 ], [ 55.303479992614207, 25.231213556850985 ], [ 55.303551400000011, 25.2311949 ], [ 55.3035272, 25.231106 ], [ 55.303455892619638, 25.231124656849953 ] ] ], [ [ [ 55.3032289, 25.2518993 ], [ 55.3032439, 25.251814 ], [ 55.3030418, 25.251459 ], [ 55.30273740133449, 25.251602977595869 ], [ 55.302949701282557, 25.2519758776256 ], [ 55.303054601291208, 25.251982677642289 ], [ 55.3032289, 25.2518993 ] ] ], [ [ [ 55.303388078127945, 25.23435006738044 ], [ 55.303388078127945, 25.234439898908857 ], [ 55.303477909656358, 25.23443989890886 ], [ 55.303477909656358, 25.23435006738044 ], [ 55.303388078127945, 25.23435006738044 ] ] ], [ [ [ 55.3033547, 25.2379453 ], [ 55.302895061849789, 25.23807096296105 ], [ 55.302965261833478, 25.238286362965141 ], [ 55.3034249, 25.2381608 ], [ 55.3033547, 25.2379453 ] ] ], [ [ [ 55.303208415071126, 25.250429910966176 ], [ 55.303208415071126, 25.25047482673039 ], [ 55.303253330835325, 25.25047482673039 ], [ 55.303253330835325, 25.250429910966183 ], [ 55.303208415071126, 25.250429910966176 ] ] ], [ [ [ 55.3033052, 25.2462055 ], [ 55.3032543, 25.2460622 ], [ 55.303133802435383, 25.246103377721678 ], [ 55.303184702412516, 25.246246677728195 ], [ 55.3033052, 25.2462055 ] ] ], [ [ [ 55.302845201917279, 25.248641677646741 ], [ 55.303010901883717, 25.248896677670327 ], [ 55.3032639, 25.2487615 ], [ 55.3030982, 25.2485066 ], [ 55.302845201917279, 25.248641677646741 ] ] ], [ [ [ 55.3032774, 25.247028 ], [ 55.3032171, 25.2468218 ], [ 55.3029793, 25.2468787 ], [ 55.3030397, 25.247085 ], [ 55.3032774, 25.247028 ] ] ], [ [ [ 55.302283461353767, 25.243270662887877 ], [ 55.302383261343813, 25.243430062894475 ], [ 55.3033239, 25.2429481 ], [ 55.3032242, 25.2427886 ], [ 55.302283461353767, 25.243270662887877 ] ] ], [ [ [ 55.303253330835325, 25.233990741266801 ], [ 55.303253330835325, 25.234080572795211 ], [ 55.303343162363738, 25.234080572795204 ], [ 55.303343162363738, 25.234125488559414 ], [ 55.303388078127945, 25.234125488559414 ], [ 55.303388078127945, 25.234080572795204 ], [ 55.303432993892152, 25.234080572795204 ], [ 55.303432993892152, 25.234035657031001 ], [ 55.303388078127945, 25.234035657031001 ], [ 55.303388078127945, 25.233990741266798 ], [ 55.303298246599532, 25.233990741266794 ], [ 55.303298246599532, 25.233945825502587 ], [ 55.303208415071126, 25.233945825502591 ], [ 55.303208415071126, 25.233990741266798 ], [ 55.303253330835325, 25.233990741266801 ] ] ], [ [ [ 55.303388078127945, 25.233451752096318 ], [ 55.303388078127945, 25.233496667860532 ], [ 55.303432993892152, 25.233496667860532 ], [ 55.303432993892152, 25.233451752096318 ], [ 55.303388078127945, 25.233451752096318 ] ] ], [ [ [ 55.3031943, 25.2402447 ], [ 55.302963203538638, 25.240311277760153 ], [ 55.303014203512298, 25.240472677766469 ], [ 55.303059614729143, 25.240460927135015 ], [ 55.3031132, 25.2406324 ], [ 55.3031819, 25.2406149 ], [ 55.3031997, 25.2406716 ], [ 55.303249, 25.240659 ], [ 55.3032467, 25.2405983 ], [ 55.3032659, 25.2406597 ], [ 55.3033238, 25.2406449 ], [ 55.3032506, 25.2404107 ], [ 55.303225452539195, 25.240417124838149 ], [ 55.3032453, 25.240406 ], [ 55.3031943, 25.2402447 ] ] ], [ [ [ 55.303204102315107, 25.246760077725472 ], [ 55.3032269, 25.2467473 ], [ 55.30316160000001, 25.2465514 ], [ 55.30272030228496, 25.246678377649044 ], [ 55.302785602253309, 25.246874177657261 ], [ 55.303204102315107, 25.246760077725472 ] ] ], [ [ [ 55.302953261827717, 25.238344362963936 ], [ 55.303086161796713, 25.238753462971683 ], [ 55.3033343, 25.2386843 ], [ 55.3032014, 25.2382752 ], [ 55.302953261827717, 25.238344362963936 ] ] ], [ [ [ 55.303343162363738, 25.234709393494093 ], [ 55.303343162363738, 25.234754309258303 ], [ 55.303388078127945, 25.2347543092583 ], [ 55.303388078127945, 25.234709393494086 ], [ 55.303343162363738, 25.234709393494093 ] ] ], [ [ [ 55.3033444, 25.2378592 ], [ 55.3033399, 25.2378455 ], [ 55.3033188, 25.2378512 ], [ 55.3033234, 25.2378649 ], [ 55.3033444, 25.2378592 ] ] ], [ [ [ 55.3032312, 25.2459221 ], [ 55.3031424, 25.2456425 ], [ 55.302866102483975, 25.245720477683236 ], [ 55.302957202438691, 25.245999477694625 ], [ 55.3032312, 25.2459221 ] ] ], [ [ [ 55.3031263, 25.2460983 ], [ 55.302979702412316, 25.246146977696551 ], [ 55.303031002389339, 25.246291077703113 ], [ 55.3031775, 25.2462424 ], [ 55.3031263, 25.2460983 ] ] ], [ [ [ 55.303343162363738, 25.234305151616237 ], [ 55.303343162363738, 25.234215320087827 ], [ 55.303298246599532, 25.234215320087824 ], [ 55.303298246599532, 25.234170404323621 ], [ 55.303253330835325, 25.234170404323624 ], [ 55.303253330835325, 25.234215320087824 ], [ 55.303208415071126, 25.234215320087831 ], [ 55.303208415071126, 25.234260235852034 ], [ 55.303298246599532, 25.234260235852034 ], [ 55.303298246599532, 25.234305151616233 ], [ 55.303343162363738, 25.234305151616237 ] ] ], [ [ [ 55.3029416, 25.2506322 ], [ 55.30268480149077, 25.250768877596936 ], [ 55.302850001457088, 25.251024277620452 ], [ 55.3031069, 25.2508875 ], [ 55.3029416, 25.2506322 ] ] ], [ [ [ 55.303298246599532, 25.233272089039502 ], [ 55.303298246599532, 25.233317004803705 ], [ 55.303343162363738, 25.233317004803705 ], [ 55.303343162363738, 25.233272089039495 ], [ 55.303298246599532, 25.233272089039502 ] ] ], [ [ [ 55.302934772723368, 25.247281135967157 ], [ 55.3028168, 25.2473533 ], [ 55.3028836, 25.2474508 ], [ 55.3031471, 25.247314 ], [ 55.3029877, 25.2470807 ], [ 55.3027333, 25.2472214 ], [ 55.3028153, 25.2473457 ], [ 55.302934772723368, 25.247281135967157 ] ] ], [ [ [ 55.3033692, 25.2308229 ], [ 55.3033652, 25.2307874 ], [ 55.30331158216341, 25.230796611169065 ], [ 55.303315582160813, 25.230832111169157 ], [ 55.3033692, 25.2308229 ] ] ], [ [ [ 55.303116261468595, 25.242406662954586 ], [ 55.3031667, 25.2423809 ], [ 55.3031747, 25.2423103 ], [ 55.303086561471908, 25.242355362952647 ], [ 55.303116261468595, 25.242406662954586 ] ] ], [ [ [ 55.3031068, 25.2370428 ], [ 55.302859504134886, 25.237174677779166 ], [ 55.302999104104636, 25.237399777798924 ], [ 55.3032458, 25.2372754 ], [ 55.3031068, 25.2370428 ] ] ], [ [ [ 55.3031332, 25.2407014 ], [ 55.3031895, 25.2406871 ], [ 55.3031725, 25.2406323 ], [ 55.3031162, 25.2406465 ], [ 55.3031332, 25.2407014 ] ] ], [ [ [ 55.30267300195657, 25.248353877622463 ], [ 55.302820201924014, 25.248594577643264 ], [ 55.3030793, 25.2484636 ], [ 55.3029321, 25.2482229 ], [ 55.30267300195657, 25.248353877622463 ] ] ], [ [ [ 55.3031895, 25.2402168 ], [ 55.303127, 25.2400326 ], [ 55.30292900357739, 25.240093977757141 ], [ 55.302991403547715, 25.240278177765028 ], [ 55.3031895, 25.2402168 ] ] ], [ [ [ 55.3025582, 25.254859 ], [ 55.3026001, 25.254872 ], [ 55.3027798, 25.2552892 ], [ 55.3028654, 25.2553154 ], [ 55.3029482, 25.2552765 ], [ 55.3029706, 25.2552098 ], [ 55.3029402, 25.2551372 ], [ 55.3028235, 25.2551008 ], [ 55.3028412, 25.2550342 ], [ 55.3027185, 25.2548445 ], [ 55.302726, 25.2547738 ], [ 55.3026948, 25.254718 ], [ 55.3025349, 25.2547597 ], [ 55.3025582, 25.254859 ] ] ], [ [ [ 55.303028752014299, 25.234754309258296 ], [ 55.303028752014299, 25.234799225022506 ], [ 55.303253330835325, 25.234799225022503 ], [ 55.303253330835325, 25.234754309258296 ], [ 55.303028752014299, 25.234754309258296 ] ] ], [ [ [ 55.3030153, 25.2513624 ], [ 55.3027737, 25.2509529 ], [ 55.302444590784539, 25.251113631867728 ], [ 55.302686290726349, 25.251523031902945 ], [ 55.3030153, 25.2513624 ] ] ], [ [ [ 55.302824961462257, 25.24233386293324 ], [ 55.302919461450266, 25.24251326293934 ], [ 55.3031205, 25.2424253 ], [ 55.3030261, 25.2422459 ], [ 55.302824961462257, 25.24233386293324 ] ] ], [ [ [ 55.30318650000001, 25.2374837 ], [ 55.3031873, 25.237445 ], [ 55.30312726191606, 25.237450062981658 ], [ 55.303126361912533, 25.237488762981378 ], [ 55.30318650000001, 25.2374837 ] ] ], [ [ [ 55.302736502360169, 25.246297277655959 ], [ 55.302807202337526, 25.246449177665536 ], [ 55.302901902339698, 25.246484377680286 ], [ 55.3030592, 25.2464295 ], [ 55.3029745, 25.2461402 ], [ 55.302748002376802, 25.246216877658718 ], [ 55.302736502360169, 25.246297277655959 ] ] ], [ [ [ 55.3029939, 25.2444078 ], [ 55.3030439, 25.2443468 ], [ 55.3030831, 25.2441725 ], [ 55.3030521, 25.2441112 ], [ 55.302572746447701, 25.24400483372505 ], [ 55.302930702838012, 25.24392057771399 ], [ 55.3029535, 25.2439078 ], [ 55.3029376, 25.2438528 ], [ 55.30236770277029, 25.243994377623139 ], [ 55.30238350276116, 25.24404937762505 ], [ 55.302556151274821, 25.244008739883544 ], [ 55.302495802749696, 25.244163877641689 ], [ 55.302472502713208, 25.244341177635953 ], [ 55.302657215707178, 25.244375030270735 ], [ 55.30249610269599, 25.244441877638579 ], [ 55.302519702680932, 25.244531377641341 ], [ 55.3028253, 25.2444404 ], [ 55.302775515450982, 25.244396189055877 ], [ 55.3029939, 25.2444078 ] ] ], [ [ [ 55.3029905, 25.2409686 ], [ 55.30225006152591, 25.241345662895586 ], [ 55.302352461515603, 25.241510262902352 ], [ 55.3030928, 25.2411333 ], [ 55.3029905, 25.2409686 ] ] ], [ [ [ 55.3029795, 25.2420013 ], [ 55.30289066149092, 25.242048362939656 ], [ 55.302987361481641, 25.242198762946067 ], [ 55.3030762, 25.2421516 ], [ 55.3029795, 25.2420013 ] ] ], [ [ [ 55.3031035, 25.2400159 ], [ 55.3030461, 25.2398341 ], [ 55.302849203608865, 25.239891877746686 ], [ 55.302906603579174, 25.240073677753792 ], [ 55.3031035, 25.2400159 ] ] ], [ [ [ 55.302570261404618, 25.242847862911514 ], [ 55.302667261394532, 25.24300726291791 ], [ 55.303049, 25.2428167 ], [ 55.302952, 25.2426572 ], [ 55.302570261404618, 25.242847862911514 ] ] ], [ [ [ 55.3028966, 25.2510113 ], [ 55.302831501451386, 25.251044677617266 ], [ 55.302864401443813, 25.251099977621902 ], [ 55.3029295, 25.2510667 ], [ 55.3028966, 25.2510113 ] ] ], [ [ [ 55.3027923, 25.2486706 ], [ 55.302536901856783, 25.248803177595597 ], [ 55.302695801823106, 25.249055377618141 ], [ 55.3029511, 25.2489228 ], [ 55.3027923, 25.2486706 ] ] ], [ [ [ 55.302972, 25.2470855 ], [ 55.3029166, 25.2468981 ], [ 55.3027812, 25.2469309 ], [ 55.3028366, 25.2471183 ], [ 55.302972, 25.2470855 ] ] ], [ [ [ 55.3028259, 25.2365856 ], [ 55.303105, 25.2364393 ], [ 55.3029849, 25.2362494 ], [ 55.301945204122482, 25.2367896776374 ], [ 55.30191280409867, 25.236896977631002 ], [ 55.302008304081077, 25.237034977644697 ], [ 55.302103804089874, 25.237036377659948 ], [ 55.3028259, 25.2365856 ] ] ], [ [ [ 55.302434701716223, 25.249479977571575 ], [ 55.30267730165744, 25.24990317760556 ], [ 55.302887, 25.2498055 ], [ 55.3029184, 25.249734 ], [ 55.3026882, 25.2493504 ], [ 55.302434701716223, 25.249479977571575 ] ] ], [ [ [ 55.3028429, 25.2406953 ], [ 55.3030412, 25.2406501 ], [ 55.3029945, 25.2404825 ], [ 55.3027962, 25.2405277 ], [ 55.3028429, 25.2406953 ] ] ], [ [ [ 55.302673704173657, 25.236882677752781 ], [ 55.302816904143398, 25.237109677773098 ], [ 55.30308, 25.236973 ], [ 55.3029369, 25.2367459 ], [ 55.302673704173657, 25.236882677752781 ] ] ], [ [ [ 55.303073667778506, 25.234035657030997 ], [ 55.303073667778506, 25.234080572795204 ], [ 55.303118583542712, 25.234080572795207 ], [ 55.303118583542712, 25.234035657030997 ], [ 55.303073667778506, 25.234035657030997 ] ] ], [ [ [ 55.303118583542712, 25.233766162445765 ], [ 55.303118583542712, 25.233721246681558 ], [ 55.303073667778506, 25.233721246681554 ], [ 55.303073667778506, 25.233676330917351 ], [ 55.303028752014299, 25.233676330917351 ], [ 55.303028752014299, 25.233631415153148 ], [ 55.302983836250093, 25.233631415153148 ], [ 55.302983836250093, 25.233586499388945 ], [ 55.302938920485886, 25.233586499388942 ], [ 55.302938920485886, 25.233676330917351 ], [ 55.302983836250093, 25.233676330917351 ], [ 55.302983836250093, 25.233766162445765 ], [ 55.303118583542712, 25.233766162445765 ] ] ], [ [ [ 55.3028119, 25.2460269 ], [ 55.3029293, 25.2459945 ], [ 55.3028823, 25.2458548 ], [ 55.3027649, 25.2458871 ], [ 55.3028119, 25.2460269 ] ] ], [ [ [ 55.3030116, 25.2397746 ], [ 55.3029747, 25.2396529 ], [ 55.302769903636324, 25.239710777736061 ], [ 55.302806803616299, 25.239832577740575 ], [ 55.3030116, 25.2397746 ] ] ], [ [ [ 55.302887561525516, 25.241663162941457 ], [ 55.302912761522684, 25.241706962943109 ], [ 55.302978, 25.2416752 ], [ 55.3029528, 25.2416314 ], [ 55.302887561525516, 25.241663162941457 ] ] ], [ [ [ 55.302400661463778, 25.242108562902775 ], [ 55.3029638, 25.2418262 ], [ 55.3028673, 25.2416684 ], [ 55.302304261473736, 25.241950762896426 ], [ 55.302400661463778, 25.242108562902775 ] ] ], [ [ [ 55.30247908259831, 25.252795366104856 ], [ 55.302605182523479, 25.25301856614718 ], [ 55.302654782520172, 25.253050066165351 ], [ 55.302711082532447, 25.25305126618693 ], [ 55.3027967, 25.2529903 ], [ 55.302802, 25.2529406 ], [ 55.302735, 25.2527902 ], [ 55.302642400000011, 25.2526628 ], [ 55.3025861, 25.252641 ], [ 55.302472382643522, 25.252694666105029 ], [ 55.30247908259831, 25.252795366104856 ] ] ], [ [ [ 55.3029871, 25.2395381 ], [ 55.3028889, 25.2392377 ], [ 55.302663903704762, 25.239304577723722 ], [ 55.302762103656036, 25.239604977736018 ], [ 55.3029871, 25.2395381 ] ] ], [ [ [ 55.3029671, 25.2404003 ], [ 55.3027961, 25.2398979 ], [ 55.302580403569337, 25.23996437770289 ], [ 55.3027743, 25.240454 ], [ 55.3029671, 25.2404003 ] ] ], [ [ [ 55.302099161540298, 25.241111962885558 ], [ 55.30220906152892, 25.241292162892805 ], [ 55.302954, 25.2409195 ], [ 55.3028441, 25.2407394 ], [ 55.302099161540298, 25.241111962885558 ] ] ], [ [ [ 55.302938920485886, 25.234889056550912 ], [ 55.302938920485886, 25.234933972315119 ], [ 55.303028752014299, 25.234933972315122 ], [ 55.303028752014299, 25.234889056550916 ], [ 55.302938920485886, 25.234889056550912 ] ] ], [ [ [ 55.3025429, 25.2457798 ], [ 55.3024167, 25.245817 ], [ 55.3024667, 25.2459558 ], [ 55.3028766, 25.245839 ], [ 55.3028296, 25.2456992 ], [ 55.3025429, 25.2457798 ] ] ], [ [ [ 55.3028756, 25.2415852 ], [ 55.3027828, 25.2414322 ], [ 55.3020487, 25.2417968 ], [ 55.3021416, 25.2419497 ], [ 55.3028756, 25.2415852 ] ] ], [ [ [ 55.3027868, 25.2371598 ], [ 55.302542204083025, 25.237287177727175 ], [ 55.302638291624149, 25.237439397122497 ], [ 55.302582204051077, 25.237472177731469 ], [ 55.302605404047192, 25.237503677734821 ], [ 55.302659043867422, 25.237472272233969 ], [ 55.30268120405367, 25.237507377746894 ], [ 55.3029258, 25.2373802 ], [ 55.3027868, 25.2371598 ] ] ], [ [ [ 55.3027785, 25.2479186 ], [ 55.3026559, 25.2477044 ], [ 55.3020813, 25.2479733 ], [ 55.3022039, 25.2481875 ], [ 55.3027785, 25.2479186 ] ] ], [ [ [ 55.302759257429059, 25.235383129957182 ], [ 55.302849088957473, 25.235383129957189 ], [ 55.302849088957473, 25.235338214192979 ], [ 55.302894004721679, 25.235338214192971 ], [ 55.302894004721679, 25.235293298428768 ], [ 55.302938920485886, 25.235293298428765 ], [ 55.302938920485886, 25.235248382664558 ], [ 55.302759257429059, 25.235248382664562 ], [ 55.302759257429059, 25.235383129957182 ] ] ], [ [ [ 55.302340041012783, 25.248482714702327 ], [ 55.302500440993747, 25.248746014714417 ], [ 55.3027448, 25.2486235 ], [ 55.3025844, 25.2483602 ], [ 55.302340041012783, 25.248482714702327 ] ] ], [ [ [ 55.3028716, 25.2391577 ], [ 55.3027747, 25.2388446 ], [ 55.302571, 25.2388961 ], [ 55.3026678, 25.2392092 ], [ 55.3028716, 25.2391577 ] ] ], [ [ [ 55.302759257429059, 25.243557799042669 ], [ 55.302759257429059, 25.243602714806869 ], [ 55.302804173193266, 25.24360271480688 ], [ 55.302804173193266, 25.243557799042666 ], [ 55.302759257429059, 25.243557799042669 ] ] ], [ [ [ 55.30254496982748, 25.246578614938237 ], [ 55.3024026, 25.2466398 ], [ 55.302473, 25.2467575 ], [ 55.3027513, 25.2466163 ], [ 55.302691, 25.2465092 ], [ 55.30254496982748, 25.246578614938237 ] ] ], [ [ [ 55.3027621, 25.2454064 ], [ 55.3025932, 25.2448831 ], [ 55.301995802531401, 25.245047577551716 ], [ 55.302164602446283, 25.245570877572774 ], [ 55.3027621, 25.2454064 ] ] ], [ [ [ 55.301584161375189, 25.242689662838774 ], [ 55.301679461365417, 25.242844862845065 ], [ 55.3027984, 25.2422826 ], [ 55.3027031, 25.2421273 ], [ 55.301584161375189, 25.242689662838774 ] ] ], [ [ [ 55.302752703979813, 25.237924777753584 ], [ 55.302793403963292, 25.238030277758892 ], [ 55.302855, 25.2380052 ], [ 55.3028143, 25.2378997 ], [ 55.302752703979813, 25.237924777753584 ] ] ], [ [ [ 55.302849088957473, 25.234035657031001 ], [ 55.302849088957473, 25.234080572795207 ], [ 55.302894004721679, 25.234080572795204 ], [ 55.302894004721679, 25.234035657031001 ], [ 55.302849088957473, 25.234035657031001 ] ] ], [ [ [ 55.301818601731483, 25.249098377477385 ], [ 55.302120601662125, 25.249605477519921 ], [ 55.302661, 25.2492978 ], [ 55.3023783, 25.2488232 ], [ 55.301818601731483, 25.249098377477385 ] ] ], [ [ [ 55.302140301654717, 25.249653477522525 ], [ 55.302336101607168, 25.249995577549956 ], [ 55.30243220161077, 25.250024177564999 ], [ 55.3026509, 25.2499142 ], [ 55.3024134, 25.2495201 ], [ 55.302140301654717, 25.249653477522525 ] ] ], [ [ [ 55.302706503998571, 25.237804977747555 ], [ 55.302748703981436, 25.237914377753061 ], [ 55.3028103, 25.2378894 ], [ 55.302768, 25.23778 ], [ 55.302706503998571, 25.237804977747555 ] ] ], [ [ [ 55.302270161411997, 25.242618562890339 ], [ 55.302364461401943, 25.242776362896542 ], [ 55.3027384, 25.2425928 ], [ 55.302644, 25.242435 ], [ 55.302270161411997, 25.242618562890339 ] ] ], [ [ [ 55.302428401517616, 25.250504077558944 ], [ 55.3026236, 25.2504108 ], [ 55.3024854, 25.2501688 ], [ 55.302117, 25.2499119 ], [ 55.301833501549588, 25.250046477469002 ], [ 55.302101301486246, 25.250505677506609 ], [ 55.302428401517616, 25.250504077558944 ] ] ], [ [ [ 55.302459211326294, 25.246439658806601 ], [ 55.3023225, 25.2465025 ], [ 55.3023859, 25.2466074 ], [ 55.3026766, 25.2464657 ], [ 55.3026128, 25.2463615 ], [ 55.302459211326294, 25.246439658806601 ] ] ], [ [ [ 55.3026511, 25.2368905 ], [ 55.302388304118615, 25.23702737770552 ], [ 55.302528504089068, 25.237249177725413 ], [ 55.3027913, 25.2371123 ], [ 55.3026511, 25.2368905 ] ] ], [ [ [ 55.3026957, 25.2396958 ], [ 55.3024732, 25.2397542 ], [ 55.3025235, 25.2399113 ], [ 55.3027461, 25.239853 ], [ 55.3026957, 25.2396958 ] ] ], [ [ [ 55.3026522, 25.2460789 ], [ 55.3026022, 25.2459401 ], [ 55.302476, 25.2459772 ], [ 55.302526, 25.2461161 ], [ 55.3026522, 25.2460789 ] ] ], [ [ [ 55.3026136, 25.2476432 ], [ 55.3024759, 25.2474044 ], [ 55.302184, 25.247542 ], [ 55.3023217, 25.2477808 ], [ 55.3026136, 25.2476432 ] ] ], [ [ [ 55.302669425900653, 25.243602714806869 ], [ 55.302669425900653, 25.243557799042666 ], [ 55.30257959437224, 25.243557799042662 ], [ 55.30257959437224, 25.243647630571086 ], [ 55.302624510136454, 25.243647630571083 ], [ 55.302624510136454, 25.243602714806872 ], [ 55.302669425900653, 25.243602714806869 ] ] ], [ [ [ 55.302434, 25.2393477 ], [ 55.3025319, 25.2396663 ], [ 55.3027068, 25.2396116 ], [ 55.3026195, 25.2393027 ], [ 55.302434, 25.2393477 ] ] ], [ [ [ 55.3026047, 25.2463464 ], [ 55.3025475, 25.2462447 ], [ 55.302388702322752, 25.246319977600088 ], [ 55.302402205631516, 25.246343986129517 ], [ 55.3023864, 25.2463172 ], [ 55.3022509, 25.2463826 ], [ 55.3023115, 25.2464854 ], [ 55.3026047, 25.2463464 ] ] ], [ [ [ 55.30271434166486, 25.234035657031001 ], [ 55.30271434166486, 25.234080572795207 ], [ 55.302759257429059, 25.2340805727952 ], [ 55.302759257429059, 25.234035657031004 ], [ 55.30271434166486, 25.234035657031001 ] ] ], [ [ [ 55.30244484707962, 25.233317004803705 ], [ 55.30244484707962, 25.233406836332115 ], [ 55.302489762843827, 25.233406836332119 ], [ 55.302489762843827, 25.233541583624731 ], [ 55.30257959437224, 25.233541583624735 ], [ 55.30257959437224, 25.233586499388942 ], [ 55.30271434166486, 25.233586499388945 ], [ 55.30271434166486, 25.233496667860532 ], [ 55.302669425900653, 25.233496667860535 ], [ 55.302669425900653, 25.233451752096322 ], [ 55.302624510136454, 25.233451752096318 ], [ 55.302624510136454, 25.233406836332119 ], [ 55.30257959437224, 25.233406836332119 ], [ 55.30257959437224, 25.233361920567908 ], [ 55.302534678608033, 25.233361920567908 ], [ 55.302534678608033, 25.233317004803705 ], [ 55.30244484707962, 25.233317004803705 ] ] ], [ [ [ 55.302323702338825, 25.246204877591001 ], [ 55.3023833023246, 25.24630777759937 ], [ 55.30253230000001, 25.2462352 ], [ 55.3024727, 25.2461323 ], [ 55.302323702338825, 25.246204877591001 ] ] ], [ [ [ 55.301411161511815, 25.241089862834357 ], [ 55.301504361501962, 25.241244962840479 ], [ 55.3026019, 25.2407048 ], [ 55.3025087, 25.2405496 ], [ 55.301411161511815, 25.241089862834357 ] ] ], [ [ [ 55.302669425900653, 25.235158551136152 ], [ 55.302669425900653, 25.235113635371945 ], [ 55.30257959437224, 25.235113635371945 ], [ 55.30257959437224, 25.235203466900359 ], [ 55.302624510136454, 25.235203466900359 ], [ 55.302624510136454, 25.235158551136148 ], [ 55.302669425900653, 25.235158551136152 ] ] ], [ [ [ 55.3025821, 25.239255 ], [ 55.3025404, 25.2390819 ], [ 55.302332103705126, 25.239139677672565 ], [ 55.302392503677417, 25.239312777680244 ], [ 55.3025821, 25.239255 ] ] ], [ [ [ 55.3024482, 25.2473649 ], [ 55.3023385, 25.2471778 ], [ 55.3020836, 25.2473 ], [ 55.3021932, 25.2474872 ], [ 55.3024482, 25.2473649 ] ] ], [ [ [ 55.3025059, 25.2430981 ], [ 55.3024079, 25.2429341 ], [ 55.3022165, 25.2430277 ], [ 55.3023145, 25.2431917 ], [ 55.3025059, 25.2430981 ] ] ], [ [ [ 55.30132086152804, 25.240865662828806 ], [ 55.301409761518549, 25.241014462834652 ], [ 55.3025359, 25.2404631 ], [ 55.302447, 25.2403143 ], [ 55.30132086152804, 25.240865662828806 ] ] ], [ [ [ 55.302251333467382, 25.246101592203342 ], [ 55.3021246, 25.2461656 ], [ 55.3021807, 25.2462564 ], [ 55.3024551, 25.2461209 ], [ 55.3023876, 25.2460064 ], [ 55.302238602354898, 25.246079977578813 ], [ 55.302251333467382, 25.246101592203342 ] ] ], [ [ [ 55.3024853, 25.2390695 ], [ 55.3025305, 25.2390562 ], [ 55.3025076, 25.2389924 ], [ 55.3024624, 25.2390057 ], [ 55.3024853, 25.2390695 ] ] ], [ [ [ 55.3025351, 25.2386084 ], [ 55.3024385, 25.2384472 ], [ 55.302319803826229, 25.238506977677783 ], [ 55.302297503803139, 25.23861547767298 ], [ 55.302347003791859, 25.238698177679957 ], [ 55.3025351, 25.2386084 ] ] ], [ [ [ 55.3022955, 25.237327 ], [ 55.3023586, 25.2374314 ], [ 55.3025366, 25.2373449 ], [ 55.302506, 25.2372924 ], [ 55.3024813, 25.2373042 ], [ 55.3023544, 25.2370914 ], [ 55.3022156, 25.2371611 ], [ 55.3022039, 25.2372335 ], [ 55.3022705, 25.2373325 ], [ 55.3022955, 25.237327 ] ] ], [ [ [ 55.30181500062077, 25.2548406774116 ], [ 55.3022361, 25.2546355 ], [ 55.3022955, 25.2545654 ], [ 55.30216, 25.2543289 ], [ 55.301610000644075, 25.254619477381322 ], [ 55.301700500620527, 25.254785677393908 ], [ 55.301763100614444, 25.254847877403225 ], [ 55.30181500062077, 25.2548406774116 ] ] ], [ [ [ 55.3025167, 25.2383768 ], [ 55.3024271, 25.2382254 ], [ 55.302321303870549, 25.23827827768061 ], [ 55.302271103844035, 25.238390877671307 ], [ 55.302319903832682, 25.238473577678175 ], [ 55.3025167, 25.2383768 ] ] ], [ [ [ 55.3019804, 25.248671 ], [ 55.3021097, 25.2488879 ], [ 55.3023587, 25.2487664 ], [ 55.30222950000001, 25.2485496 ], [ 55.3019804, 25.248671 ] ] ], [ [ [ 55.3023932, 25.2458285 ], [ 55.3023766, 25.2457899 ], [ 55.302170204782975, 25.245869055144343 ], [ 55.302187504771766, 25.245906555149023 ], [ 55.3023932, 25.2458285 ] ] ], [ [ [ 55.30244484707962, 25.234978888079326 ], [ 55.30244484707962, 25.235068719607739 ], [ 55.302534678608033, 25.235068719607732 ], [ 55.302534678608033, 25.234978888079329 ], [ 55.30244484707962, 25.234978888079326 ] ] ], [ [ [ 55.30232, 25.2462108 ], [ 55.3021904, 25.2462734 ], [ 55.3022481, 25.2463711 ], [ 55.3023777, 25.2463086 ], [ 55.30232, 25.2462108 ] ] ], [ [ [ 55.302489762843827, 25.234350067380444 ], [ 55.302489762843827, 25.234305151616233 ], [ 55.30244484707962, 25.234305151616233 ], [ 55.30244484707962, 25.23426023585203 ], [ 55.302399931315414, 25.23426023585203 ], [ 55.302399931315414, 25.234305151616237 ], [ 55.302355015551207, 25.234305151616237 ], [ 55.302355015551207, 25.234394983144647 ], [ 55.30244484707962, 25.23439498314465 ], [ 55.30244484707962, 25.234350067380436 ], [ 55.302489762843827, 25.234350067380444 ] ] ], [ [ [ 55.301945802125637, 25.247122077520171 ], [ 55.302036402103063, 25.24728337753282 ], [ 55.3023031, 25.2471585 ], [ 55.3022124, 25.2469972 ], [ 55.301945802125637, 25.247122077520171 ] ] ], [ [ [ 55.301881561594087, 25.240408662873062 ], [ 55.3024002, 25.2401548 ], [ 55.3023466, 25.239864 ], [ 55.3022594, 25.2397178 ], [ 55.301647961619068, 25.240016962857702 ], [ 55.301881561594087, 25.240408662873062 ] ] ], [ [ [ 55.301887660939386, 25.24766996283503 ], [ 55.302032660923317, 25.247919262844537 ], [ 55.3022631, 25.2478088 ], [ 55.3021181, 25.2475595 ], [ 55.301887660939386, 25.24766996283503 ] ] ], [ [ [ 55.302399931315414, 25.234574646201473 ], [ 55.302399931315414, 25.234619561965676 ], [ 55.30244484707962, 25.234619561965676 ], [ 55.30244484707962, 25.234574646201473 ], [ 55.302399931315414, 25.234574646201473 ] ] ], [ [ [ 55.302489762843827, 25.230577143187137 ], [ 55.30244484707962, 25.230577143187141 ], [ 55.30244484707962, 25.230622058951347 ], [ 55.302489762843827, 25.230622058951347 ], [ 55.302489762843827, 25.230577143187137 ] ] ], [ [ [ 55.302134303869174, 25.238193577651678 ], [ 55.302213903869756, 25.238229677663991 ], [ 55.302372, 25.2381539 ], [ 55.302293, 25.238015 ], [ 55.302088103880443, 25.238112577645225 ], [ 55.302134303869174, 25.238193577651678 ] ] ], [ [ [ 55.3022441, 25.2440051 ], [ 55.302140602737317, 25.244053377586162 ], [ 55.302185602725679, 25.244135677592425 ], [ 55.302289, 25.2440854 ], [ 55.3022441, 25.2440051 ] ] ], [ [ [ 55.301470661458019, 25.241715562835481 ], [ 55.301577361447016, 25.241889962842507 ], [ 55.3023205, 25.2415173 ], [ 55.3022138, 25.241343 ], [ 55.301470661458019, 25.241715562835481 ] ] ], [ [ [ 55.3021807, 25.2447624 ], [ 55.30225320000001, 25.2447252 ], [ 55.3021567, 25.2445715 ], [ 55.3020842, 25.2446087 ], [ 55.3021807, 25.2447624 ] ] ], [ [ [ 55.302149803752734, 25.238803777647234 ], [ 55.3023318, 25.2387129 ], [ 55.3022591, 25.23859 ], [ 55.3021699, 25.2385867 ], [ 55.30205520377465, 25.238643877633926 ], [ 55.302149803752734, 25.238803777647234 ] ] ], [ [ [ 55.302362100000011, 25.2332518 ], [ 55.3023823, 25.2332869 ], [ 55.3024026, 25.2332774 ], [ 55.3023825, 25.2332423 ], [ 55.302362100000011, 25.2332518 ] ] ], [ [ [ 55.301937902704815, 25.244121977552968 ], [ 55.302064802673549, 25.244346077570718 ], [ 55.3022415, 25.2442619 ], [ 55.3021146, 25.2440379 ], [ 55.301937902704815, 25.244121977552968 ] ] ], [ [ [ 55.3021796, 25.2438686 ], [ 55.302095702761065, 25.243908477580629 ], [ 55.302140602749013, 25.243992877586855 ], [ 55.3022245, 25.2439509 ], [ 55.3021796, 25.2438686 ] ] ], [ [ [ 55.3020796, 25.2542393 ], [ 55.3018759, 25.2539101 ], [ 55.301632500759347, 25.254034477391563 ], [ 55.30183620071503, 25.254363677420411 ], [ 55.3020796, 25.2542393 ] ] ], [ [ [ 55.301912902133189, 25.24706687751554 ], [ 55.3021811, 25.2469328 ], [ 55.3020738, 25.2467648 ], [ 55.30198, 25.2467387 ], [ 55.301773402165658, 25.246830377495922 ], [ 55.301912902133189, 25.24706687751554 ] ] ], [ [ [ 55.302399931315414, 25.230577143187141 ], [ 55.302355015551207, 25.230577143187141 ], [ 55.302355015551207, 25.230622058951347 ], [ 55.302399931315414, 25.230622058951347 ], [ 55.302399931315414, 25.230577143187141 ] ] ], [ [ [ 55.301632202070515, 25.247253177468533 ], [ 55.301851702017025, 25.247637677499267 ], [ 55.3021338, 25.2475038 ], [ 55.3019143, 25.2471193 ], [ 55.301632202070515, 25.247253177468533 ] ] ], [ [ [ 55.302118003633808, 25.23940357763534 ], [ 55.301885303585919, 25.239537077596626 ], [ 55.301981003563995, 25.239697577610098 ], [ 55.3022268, 25.2395697 ], [ 55.302157008112864, 25.239460354790246 ], [ 55.3022291, 25.2394221 ], [ 55.3021923, 25.2393641 ], [ 55.302118003633808, 25.23940357763534 ] ] ], [ [ [ 55.302015724701427, 25.249884180677377 ], [ 55.3020826, 25.2498467 ], [ 55.3018618, 25.2494497 ], [ 55.301544924730941, 25.249600880465966 ], [ 55.30176562456726, 25.249997880556265 ], [ 55.302015724701427, 25.249884180677377 ] ] ], [ [ [ 55.301463902393635, 25.245498977461544 ], [ 55.301622902354346, 25.245780377483779 ], [ 55.3021181, 25.2456045 ], [ 55.302026, 25.2452944 ], [ 55.301463902393635, 25.245498977461544 ] ] ], [ [ [ 55.3019339, 25.2486835 ], [ 55.301661001770547, 25.248818877455367 ], [ 55.301795001740011, 25.249042677474243 ], [ 55.3020679, 25.2489073 ], [ 55.3019339, 25.2486835 ] ] ], [ [ [ 55.301314061469363, 25.241512962824867 ], [ 55.301419161458497, 25.241684962831801 ], [ 55.3021623, 25.2413128 ], [ 55.3020572, 25.2411409 ], [ 55.301314061469363, 25.241512962824867 ] ] ], [ [ [ 55.301476901932368, 25.247891477436458 ], [ 55.301766001861594, 25.248399577476906 ], [ 55.30205, 25.2482653 ], [ 55.301761, 25.2477571 ], [ 55.301476901932368, 25.247891477436458 ] ] ], [ [ [ 55.300733503425249, 25.23980277740948 ], [ 55.300829303404718, 25.239956077423063 ], [ 55.3021536, 25.2392986 ], [ 55.3020586, 25.2391417 ], [ 55.300733503425249, 25.23980277740948 ] ] ], [ [ [ 55.301918590163069, 25.238706896509814 ], [ 55.301884203724683, 25.23881847760461 ], [ 55.3019359037133, 25.238902777611919 ], [ 55.3021271, 25.2388033 ], [ 55.3020322, 25.2386486 ], [ 55.301950773673667, 25.238690382229944 ], [ 55.301950773673354, 25.238617064980009 ], [ 55.301905857909148, 25.238617064980009 ], [ 55.301918590163069, 25.238706896509814 ] ] ], [ [ [ 55.301988403908055, 25.237920677631461 ], [ 55.3021063, 25.2378318 ], [ 55.3021085, 25.2377278 ], [ 55.3016725, 25.237013 ], [ 55.3015508, 25.236969 ], [ 55.301329804007388, 25.237083077535697 ], [ 55.301806903898182, 25.237882577602875 ], [ 55.301884303897786, 25.237922677614801 ], [ 55.301988403908055, 25.237920677631461 ] ] ], [ [ [ 55.3020009, 25.2452129 ], [ 55.3019378, 25.2450165 ], [ 55.301318102437563, 25.245200177441632 ], [ 55.301419102404751, 25.245419477455282 ], [ 55.3020009, 25.2452129 ] ] ], [ [ [ 55.3019388, 25.2421326 ], [ 55.301738661423187, 25.24223336285273 ], [ 55.301830761413676, 25.24238406285879 ], [ 55.3020309, 25.2422832 ], [ 55.3019388, 25.2421326 ] ] ], [ [ [ 55.301932303826057, 25.238317477617983 ], [ 55.3020412, 25.2382603 ], [ 55.3020681, 25.2381455 ], [ 55.3020181, 25.2380664 ], [ 55.301834503846763, 25.238162277604111 ], [ 55.301932303826057, 25.238317477617983 ] ] ], [ [ [ 55.3016047, 25.2535004 ], [ 55.3015508, 25.2534803 ], [ 55.3013727, 25.253555 ], [ 55.3016379, 25.2539995 ], [ 55.3018472, 25.2538903 ], [ 55.301650484705384, 25.253574014464224 ], [ 55.301726194852336, 25.253574014460604 ], [ 55.301726194852336, 25.253529098696397 ], [ 55.301636363323915, 25.25352909869639 ], [ 55.30163636332405, 25.253551309557967 ], [ 55.3016047, 25.2535004 ] ] ], [ [ [ 55.3016989, 25.2460799 ], [ 55.3015977, 25.2460689 ], [ 55.301276802234469, 25.246230477423325 ], [ 55.30157620216621, 25.246730677465511 ], [ 55.301882402222148, 25.246591677516044 ], [ 55.301939, 25.2465362 ], [ 55.3019423, 25.2464898 ], [ 55.3016989, 25.2460799 ] ] ], [ [ [ 55.3018431, 25.2439791 ], [ 55.3019572, 25.2439217 ], [ 55.3019237, 25.2438634 ], [ 55.301812, 25.2439228 ], [ 55.3018431, 25.2439791 ] ] ], [ [ [ 55.3017942, 25.2543896 ], [ 55.3016348, 25.2541342 ], [ 55.301391600692945, 25.254259477350491 ], [ 55.30155090065869, 25.254514877373062 ], [ 55.3017942, 25.2543896 ] ] ], [ [ [ 55.301501402099255, 25.247040277450044 ], [ 55.301605102075193, 25.247215677464631 ], [ 55.3018788, 25.2470858 ], [ 55.3017487, 25.2468473 ], [ 55.301534302120238, 25.246947877456357 ], [ 55.301501402099255, 25.247040277450044 ] ] ], [ [ [ 55.301660361440234, 25.24200596284809 ], [ 55.301756061431405, 25.242150862854462 ], [ 55.3019464, 25.2420479 ], [ 55.3018507, 25.2419029 ], [ 55.301660361440234, 25.24200596284809 ] ] ], [ [ [ 55.301950773673354, 25.234799225022503 ], [ 55.301950773673354, 25.234844140786709 ], [ 55.301995689437561, 25.234844140786709 ], [ 55.301995689437561, 25.234799225022503 ], [ 55.302040605201768, 25.234799225022499 ], [ 55.302040605201768, 25.234709393494093 ], [ 55.301995689437561, 25.234709393494093 ], [ 55.301995689437561, 25.234664477729886 ], [ 55.301950773673354, 25.234664477729886 ], [ 55.301950773673354, 25.234709393494093 ], [ 55.301905857909148, 25.234709393494093 ], [ 55.301905857909148, 25.234799225022506 ], [ 55.301950773673354, 25.234799225022503 ] ] ], [ [ [ 55.301950773673354, 25.233990741266801 ], [ 55.301950773673354, 25.234035657031001 ], [ 55.301905857909148, 25.234035657031001 ], [ 55.301905857909148, 25.234170404323628 ], [ 55.302040605201768, 25.234170404323624 ], [ 55.302040605201768, 25.234035657031004 ], [ 55.301995689437561, 25.234035657031001 ], [ 55.301995689437561, 25.233990741266805 ], [ 55.301950773673354, 25.233990741266801 ] ] ], [ [ [ 55.301251004486588, 25.249093073039575 ], [ 55.301493004339569, 25.249497073130541 ], [ 55.3018038, 25.249354 ], [ 55.3015628, 25.248943 ], [ 55.301251004486588, 25.249093073039575 ] ] ], [ [ [ 55.30168570351087, 25.239827377561422 ], [ 55.3019315, 25.2396995 ], [ 55.3018311, 25.2395421 ], [ 55.301590003532809, 25.23966687754795 ], [ 55.30168570351087, 25.239827377561422 ] ] ], [ [ [ 55.301905857909148, 25.234978888079326 ], [ 55.301905857909148, 25.235068719607742 ], [ 55.301995689437561, 25.235068719607739 ], [ 55.301995689437561, 25.234978888079326 ], [ 55.301905857909148, 25.234978888079326 ] ] ], [ [ [ 55.301995689437561, 25.233496667860535 ], [ 55.301995689437561, 25.233451752096318 ], [ 55.301950773673354, 25.233451752096318 ], [ 55.301950773673354, 25.233406836332115 ], [ 55.301905857909148, 25.233406836332119 ], [ 55.301905857909148, 25.233451752096322 ], [ 55.301860942144941, 25.233451752096322 ], [ 55.301860942144941, 25.233541583624728 ], [ 55.301950773673354, 25.233541583624731 ], [ 55.301950773673354, 25.233496667860528 ], [ 55.301995689437561, 25.233496667860535 ] ] ], [ [ [ 55.301744503673895, 25.239012677580071 ], [ 55.3019181, 25.2389215 ], [ 55.3018523, 25.238809 ], [ 55.3017608, 25.2387924 ], [ 55.301648303696588, 25.238847977566564 ], [ 55.301744503673895, 25.239012677580071 ] ] ], [ [ [ 55.301476701807687, 25.2485362774291 ], [ 55.3017607, 25.248402 ], [ 55.3014717, 25.2478938 ], [ 55.301187601878468, 25.248028177388644 ], [ 55.301476701807687, 25.2485362774291 ] ] ], [ [ [ 55.301816026380735, 25.235203466900362 ], [ 55.301816026380735, 25.235248382664562 ], [ 55.301905857909148, 25.235248382664562 ], [ 55.301905857909148, 25.235203466900362 ], [ 55.301816026380735, 25.235203466900362 ] ] ], [ [ [ 55.301639203780709, 25.238408177570101 ], [ 55.301738203786357, 25.238427577585707 ], [ 55.3018621, 25.2383637 ], [ 55.301762, 25.2382015 ], [ 55.301576803794319, 25.238307077561281 ], [ 55.301639203780709, 25.238408177570101 ] ] ], [ [ [ 55.3015045, 25.247302 ], [ 55.301222701994725, 25.247444077400885 ], [ 55.301443901942356, 25.247823577431955 ], [ 55.3017163, 25.2476912 ], [ 55.3015045, 25.247302 ] ] ], [ [ [ 55.30064696152975, 25.240515662780389 ], [ 55.300886761504962, 25.240908262796193 ], [ 55.3018163, 25.240443 ], [ 55.3015765, 25.2400505 ], [ 55.30064696152975, 25.240515662780389 ] ] ], [ [ [ 55.3017272, 25.2440488 ], [ 55.3017565, 25.2440135 ], [ 55.3017304, 25.2439869 ], [ 55.3011111, 25.2442906 ], [ 55.3011372, 25.2443289 ], [ 55.3017272, 25.2440488 ] ] ], [ [ [ 55.300967117108442, 25.254969043961523 ], [ 55.300879800501335, 25.254998877260228 ], [ 55.300911100494908, 25.255047477264675 ], [ 55.300972009289659, 25.255014768608994 ], [ 55.301090400481662, 25.255204077291584 ], [ 55.3015836, 25.2549444 ], [ 55.3016033, 25.2548403 ], [ 55.3015178, 25.2546975 ], [ 55.300967117108442, 25.254969043961523 ] ] ], [ [ [ 55.3017199, 25.2435476 ], [ 55.301652361297791, 25.24358126283914 ], [ 55.301683361294458, 25.243633462841181 ], [ 55.3017509, 25.2435997 ], [ 55.3017199, 25.2435476 ] ] ], [ [ [ 55.301771110616528, 25.233721246681558 ], [ 55.301771110616528, 25.233766162445765 ], [ 55.301860942144941, 25.233766162445768 ], [ 55.301860942144941, 25.233721246681558 ], [ 55.301771110616528, 25.233721246681558 ] ] ], [ [ [ 55.3016108, 25.2436127 ], [ 55.300699461211167, 25.24407356276544 ], [ 55.30080066120086, 25.24423756277212 ], [ 55.301712, 25.2437766 ], [ 55.3016108, 25.2436127 ] ] ], [ [ [ 55.301771110616528, 25.238527233451599 ], [ 55.301681279088122, 25.238527233451595 ], [ 55.301681279088122, 25.238617064980016 ], [ 55.301726194852336, 25.238617064980016 ], [ 55.301726194852336, 25.238572149215802 ], [ 55.301771110616528, 25.238572149215805 ], [ 55.301771110616528, 25.238527233451599 ] ] ], [ [ [ 55.3003407, 25.2513161 ], [ 55.3005159, 25.2512349 ], [ 55.300468899112651, 25.251151893586169 ], [ 55.300677943737078, 25.251479587270723 ], [ 55.3015974, 25.2510058 ], [ 55.3014362, 25.2507052 ], [ 55.3013461, 25.2506438 ], [ 55.3012235, 25.2506256 ], [ 55.300412491338122, 25.251052273880305 ], [ 55.3003945, 25.251020499999989 ], [ 55.3002193, 25.2511017 ], [ 55.3003407, 25.2513161 ] ] ], [ [ [ 55.301771110616528, 25.234215320087824 ], [ 55.301816026380735, 25.234215320087827 ], [ 55.301816026380735, 25.234170404323621 ], [ 55.301771110616528, 25.234170404323624 ], [ 55.301771110616528, 25.234215320087824 ] ] ], [ [ [ 55.301726194852336, 25.234125488559418 ], [ 55.301816026380735, 25.23412548855941 ], [ 55.301816026380735, 25.234080572795211 ], [ 55.301726194852336, 25.2340805727952 ], [ 55.301726194852336, 25.234125488559418 ] ] ], [ [ [ 55.3015028, 25.2533734 ], [ 55.3015354, 25.2532787 ], [ 55.3014563, 25.2531294 ], [ 55.300868400804404, 25.253426177276268 ], [ 55.300956700785136, 25.253569177288767 ], [ 55.301054400789539, 25.253594377304108 ], [ 55.3015028, 25.2533734 ] ] ], [ [ [ 55.3010292, 25.2399531 ], [ 55.3011499, 25.2401545 ], [ 55.3017031, 25.2398833 ], [ 55.3015825, 25.2396819 ], [ 55.3010292, 25.2399531 ] ] ], [ [ [ 55.3015618, 25.2427225 ], [ 55.301366861354424, 25.242813162821921 ], [ 55.301460361343544, 25.242979662828017 ], [ 55.3016554, 25.242889 ], [ 55.3015618, 25.2427225 ] ] ], [ [ [ 55.301709, 25.2390239 ], [ 55.3016149, 25.238861 ], [ 55.301502603669604, 25.238916077542505 ], [ 55.301477403643666, 25.239037877537086 ], [ 55.301521403633139, 25.239113977543266 ], [ 55.301709, 25.2390239 ] ] ], [ [ [ 55.3012689, 25.2544478 ], [ 55.300762600548282, 25.254698577244895 ], [ 55.300900800520559, 25.254909777264594 ], [ 55.3014663, 25.2546203 ], [ 55.301384, 25.2544805 ], [ 55.3012689, 25.2544478 ] ] ], [ [ [ 55.3009883, 25.2458753 ], [ 55.300942704537576, 25.245900854751088 ], [ 55.300969504522548, 25.245952854758478 ], [ 55.30108570453109, 25.245987854794844 ], [ 55.3015804, 25.2457717 ], [ 55.3015266, 25.2456609 ], [ 55.3009883, 25.2458753 ] ] ], [ [ [ 55.301131102078877, 25.246963777391688 ], [ 55.3015635, 25.2467575 ], [ 55.3014221, 25.2465126 ], [ 55.300989602112786, 25.246718877371851 ], [ 55.301131102078877, 25.246963777391688 ] ] ], [ [ [ 55.301467, 25.2487869 ], [ 55.301161001700933, 25.248933377374101 ], [ 55.301221101686501, 25.249037577382534 ], [ 55.301527, 25.248891 ], [ 55.301467, 25.2487869 ] ] ], [ [ [ 55.3014785, 25.2434002 ], [ 55.300556061223503, 25.243866362755828 ], [ 55.300663061212596, 25.244039862762904 ], [ 55.3015856, 25.2435737 ], [ 55.3014785, 25.2434002 ] ] ], [ [ [ 55.30149180373413, 25.238576777544626 ], [ 55.301601, 25.238519 ], [ 55.3016246, 25.2384039 ], [ 55.3015732, 25.2383229 ], [ 55.301393503754717, 25.23842197753067 ], [ 55.30149180373413, 25.238576777544626 ] ] ], [ [ [ 55.301216902003823, 25.247394177400523 ], [ 55.3014905, 25.247259 ], [ 55.3013338, 25.2470427 ], [ 55.30108160203482, 25.247167377381466 ], [ 55.301216902003823, 25.247394177400523 ] ] ], [ [ [ 55.301681279088122, 25.233406836332115 ], [ 55.301681279088122, 25.233227173275292 ], [ 55.301591447559709, 25.233227173275292 ], [ 55.301591447559709, 25.233361920567908 ], [ 55.301636363323915, 25.233361920567908 ], [ 55.301636363323915, 25.233406836332119 ], [ 55.301681279088122, 25.233406836332115 ] ] ], [ [ [ 55.301546531795509, 25.238661980744219 ], [ 55.301591447559709, 25.238661980744222 ], [ 55.301591447559709, 25.238617064980016 ], [ 55.301546531795509, 25.238617064980012 ], [ 55.301546531795509, 25.238661980744219 ] ] ], [ [ [ 55.3012961, 25.24525 ], [ 55.300744502324797, 25.24550177734649 ], [ 55.300940702274737, 25.245857077373824 ], [ 55.3014923, 25.2456053 ], [ 55.3012961, 25.24525 ] ] ], [ [ [ 55.3013877, 25.2530071 ], [ 55.3012964, 25.2528633 ], [ 55.300718100840719, 25.253164577255202 ], [ 55.300809400821585, 25.253308377268173 ], [ 55.3013877, 25.2530071 ] ] ], [ [ [ 55.301591447559709, 25.234889056550909 ], [ 55.301591447559709, 25.234933972315122 ], [ 55.301636363323915, 25.234933972315122 ], [ 55.301636363323915, 25.234889056550912 ], [ 55.301591447559709, 25.234889056550909 ] ] ], [ [ [ 55.3009692, 25.2517 ], [ 55.3008977, 25.2517 ], [ 55.30082170376982, 25.251742590974509 ], [ 55.301148003531885, 25.252271991128421 ], [ 55.301384, 25.2521437 ], [ 55.3011587, 25.2517743 ], [ 55.3010977, 25.2517305 ], [ 55.3009692, 25.2517 ] ] ], [ [ [ 55.3014433, 25.2369367 ], [ 55.3014781, 25.2369928 ], [ 55.3015722, 25.2369451 ], [ 55.3015374, 25.236889 ], [ 55.3014433, 25.2369367 ] ] ], [ [ [ 55.301046101910423, 25.247793377368676 ], [ 55.301143101887519, 25.247959477382306 ], [ 55.3014109, 25.2478296 ], [ 55.3013139, 25.2476635 ], [ 55.301046101910423, 25.247793377368676 ] ] ], [ [ [ 55.301636363323915, 25.23093646930079 ], [ 55.301591447559709, 25.230936469300783 ], [ 55.301591447559709, 25.230981385064993 ], [ 55.301636363323915, 25.230981385065 ], [ 55.301636363323915, 25.23093646930079 ] ] ], [ [ [ 55.3014252, 25.2389877 ], [ 55.3013454, 25.2389839 ], [ 55.301232603620534, 25.239037377497958 ], [ 55.301324603597052, 25.239204077510777 ], [ 55.3015166, 25.2391148 ], [ 55.3014252, 25.2389877 ] ] ], [ [ [ 55.301456700267089, 25.233047510218469 ], [ 55.301456700267089, 25.233092425982669 ], [ 55.301411784502882, 25.233092425982672 ], [ 55.301411784502882, 25.233182257511096 ], [ 55.301546531795509, 25.233182257511096 ], [ 55.301546531795509, 25.233137341746875 ], [ 55.301591447559709, 25.233137341746879 ], [ 55.301591447559709, 25.233047510218469 ], [ 55.301456700267089, 25.233047510218469 ] ] ], [ [ [ 55.3012428, 25.246259 ], [ 55.300809302143719, 25.24647027734585 ], [ 55.300945902111991, 25.246701477365065 ], [ 55.3013794, 25.2464902 ], [ 55.3012428, 25.246259 ] ] ], [ [ [ 55.3014685, 25.2385816 ], [ 55.3013719, 25.2384207 ], [ 55.301186403716379, 25.238518677496476 ], [ 55.301232103706013, 25.238594777502914 ], [ 55.301292703705649, 25.23862637751224 ], [ 55.301353203708807, 25.238639777521762 ], [ 55.3014685, 25.2385816 ] ] ], [ [ [ 55.300372161242194, 25.243568862743693 ], [ 55.300472161232271, 25.243727962750302 ], [ 55.3014004, 25.2432505 ], [ 55.3013004, 25.2430913 ], [ 55.300372161242194, 25.243568862743693 ] ] ], [ [ [ 55.300870900656456, 25.254192477267964 ], [ 55.301023200622097, 25.254444877289455 ], [ 55.3012007, 25.2543564 ], [ 55.3012355, 25.2542522 ], [ 55.3011274, 25.254064 ], [ 55.300870900656456, 25.254192477267964 ] ] ], [ [ [ 55.300925001940186, 25.247579977351741 ], [ 55.301023101916996, 25.247748077365518 ], [ 55.301294, 25.2476169 ], [ 55.301196, 25.2474488 ], [ 55.300925001940186, 25.247579977351741 ] ] ], [ [ [ 55.3012715, 25.2371184 ], [ 55.300517003847084, 25.237513477400888 ], [ 55.300669203815474, 25.237751777422513 ], [ 55.3014236, 25.2373567 ], [ 55.3012715, 25.2371184 ] ] ], [ [ [ 55.3006838, 25.2530369 ], [ 55.3011976, 25.2527852 ], [ 55.3011131, 25.2526441 ], [ 55.3005993, 25.2528959 ], [ 55.3006838, 25.2530369 ] ] ], [ [ [ 55.3011475, 25.248219 ], [ 55.300829501778928, 25.248367177327523 ], [ 55.300903601760425, 25.248499277337874 ], [ 55.3012216, 25.2483511 ], [ 55.3011475, 25.248219 ] ] ], [ [ [ 55.300582002365999, 25.245208777323832 ], [ 55.300723602330756, 25.245460677343615 ], [ 55.3012601, 25.2452117 ], [ 55.3011186, 25.2449598 ], [ 55.300582002365999, 25.245208777323832 ] ] ], [ [ [ 55.301321952974469, 25.235517877249791 ], [ 55.301321952974469, 25.235562793014005 ], [ 55.301366868738675, 25.235562793014005 ], [ 55.301366868738675, 25.235517877249798 ], [ 55.301321952974469, 25.235517877249791 ] ] ], [ [ [ 55.300385522456573, 25.249416043593197 ], [ 55.300619122369078, 25.249813643645734 ], [ 55.300656957187009, 25.24979573652838 ], [ 55.3007983, 25.2500599 ], [ 55.3010191, 25.2499618 ], [ 55.3006398, 25.2492953 ], [ 55.300385522456573, 25.249416043593197 ] ] ], [ [ [ 55.3010191, 25.2499618 ], [ 55.300165503564507, 25.250348272538634 ], [ 55.300308503465061, 25.250611372591646 ], [ 55.301162, 25.2502248 ], [ 55.3010191, 25.2499618 ] ] ], [ [ [ 55.3013136, 25.2392129 ], [ 55.3012208, 25.2390496 ], [ 55.3011332, 25.2390903 ], [ 55.3011542, 25.2391274 ], [ 55.3010924, 25.239182 ], [ 55.3011525, 25.2392877 ], [ 55.3012074, 25.2392621 ], [ 55.3011876, 25.2392272 ], [ 55.3012396, 25.239203 ], [ 55.3012595, 25.239238 ], [ 55.3013136, 25.2392129 ] ] ], [ [ [ 55.3010797, 25.2539586 ], [ 55.3008533, 25.2535914 ], [ 55.300589300719956, 25.25372577722823 ], [ 55.300815800670456, 25.254092977260278 ], [ 55.3010797, 25.2539586 ] ] ], [ [ [ 55.300909401947507, 25.247534377349762 ], [ 55.3011571, 25.2474155 ], [ 55.3010311, 25.247197 ], [ 55.300850701990328, 25.247284077343227 ], [ 55.300813701977653, 25.247331477336761 ], [ 55.300909401947507, 25.247534377349762 ] ] ], [ [ [ 55.301314362091937, 25.234608862861489 ], [ 55.301325, 25.2345648 ], [ 55.301271162093457, 25.234570762858468 ], [ 55.301271162090032, 25.234608762858262 ], [ 55.301314362091937, 25.234608862861489 ] ] ], [ [ [ 55.3011203, 25.2346059 ], [ 55.3011089, 25.2348476 ], [ 55.3012832, 25.234871 ], [ 55.30132050000001, 25.2346624 ], [ 55.3012514, 25.2346548 ], [ 55.3012557, 25.2346225 ], [ 55.3011203, 25.2346059 ] ] ], [ [ [ 55.30106210000001, 25.252542 ], [ 55.3008325, 25.2521749 ], [ 55.3006115, 25.252288 ], [ 55.3008412, 25.2526551 ], [ 55.30106210000001, 25.252542 ] ] ], [ [ [ 55.3010275, 25.2480098 ], [ 55.300722301809458, 25.248156577312773 ], [ 55.300787201793987, 25.248268477321879 ], [ 55.3010924, 25.2481217 ], [ 55.3010275, 25.2480098 ] ] ], [ [ [ 55.3012171, 25.2385971 ], [ 55.3011744, 25.2385281 ], [ 55.300987703676682, 25.238626477463477 ], [ 55.301083203655935, 25.238780777476993 ], [ 55.3011948, 25.238723 ], [ 55.3012171, 25.2385971 ] ] ], [ [ [ 55.301230562091909, 25.234567962855454 ], [ 55.301230662088273, 25.234608362855244 ], [ 55.3012709, 25.2346024 ], [ 55.3012708, 25.2345619 ], [ 55.301230562091909, 25.234567962855454 ] ] ], [ [ [ 55.3011268, 25.2344013 ], [ 55.3011896, 25.2344448 ], [ 55.3012644, 25.2344677 ], [ 55.3012626, 25.2344014 ], [ 55.3011722, 25.2343097 ], [ 55.3011302, 25.2343049 ], [ 55.3010826, 25.234342 ], [ 55.3011268, 25.2344013 ] ] ], [ [ [ 55.3012585, 25.2345415 ], [ 55.3012599, 25.2344879 ], [ 55.301149962095202, 25.234491862849836 ], [ 55.30114866209032, 25.234545462849461 ], [ 55.3012585, 25.2345415 ] ] ], [ [ [ 55.30074216096186, 25.246858162753863 ], [ 55.300883260946868, 25.247093662763135 ], [ 55.30108280000001, 25.2469989 ], [ 55.3009407, 25.246766 ], [ 55.30074216096186, 25.246858162753863 ] ] ], [ [ [ 55.30027510289186, 25.242337477307402 ], [ 55.300384002867006, 25.242519577322739 ], [ 55.3011467, 25.2421376 ], [ 55.3010389, 25.2419622 ], [ 55.30027510289186, 25.242337477307402 ] ] ], [ [ [ 55.300563300598249, 25.25434227721707 ], [ 55.300681900572506, 25.254533677233866 ], [ 55.300801700580827, 25.254549477252841 ], [ 55.3009745, 25.254461 ], [ 55.3008106, 25.2542149 ], [ 55.300563300598249, 25.25434227721707 ] ] ], [ [ [ 55.30024556125511, 25.243363462735328 ], [ 55.300355561243286, 25.243548562742564 ], [ 55.301123, 25.2431748 ], [ 55.301013, 25.2429896 ], [ 55.30024556125511, 25.243363462735328 ] ] ], [ [ [ 55.301142289917649, 25.233900909738384 ], [ 55.301142289917649, 25.233945825502595 ], [ 55.301232121446063, 25.233945825502587 ], [ 55.301232121446063, 25.233900909738384 ], [ 55.301142289917649, 25.233900909738384 ] ] ], [ [ [ 55.3011915, 25.2341374 ], [ 55.3012295, 25.2340999 ], [ 55.3012159, 25.2340348 ], [ 55.3011098, 25.234108 ], [ 55.3010672, 25.2341921 ], [ 55.3011223, 25.2342194 ], [ 55.3011623, 25.2342068 ], [ 55.3011915, 25.2341374 ] ] ], [ [ [ 55.3006747, 25.2448276 ], [ 55.3004233, 25.2449431 ], [ 55.3005452, 25.2451602 ], [ 55.3010726, 25.2449179 ], [ 55.3010207, 25.2448255 ], [ 55.3007446, 25.2449523 ], [ 55.3006747, 25.2448276 ] ] ], [ [ [ 55.300811203385194, 25.240048177419116 ], [ 55.300915003361531, 25.240221577433747 ], [ 55.3011008, 25.2401288 ], [ 55.300997, 25.2399555 ], [ 55.300811203385194, 25.240048177419116 ] ] ], [ [ [ 55.3006696, 25.247424 ], [ 55.300351001887762, 25.247569177260072 ], [ 55.300656101812201, 25.248109877302721 ], [ 55.3009747, 25.2479563 ], [ 55.3006696, 25.247424 ] ] ], [ [ [ 55.3007879, 25.2448739 ], [ 55.3009983, 25.2447672 ], [ 55.3007751, 25.2444071 ], [ 55.3005647, 25.2445138 ], [ 55.3007879, 25.2448739 ] ] ], [ [ [ 55.301097374153443, 25.233811078209968 ], [ 55.301097374153443, 25.233855993974181 ], [ 55.301142289917649, 25.233855993974181 ], [ 55.301142289917649, 25.233811078209971 ], [ 55.301097374153443, 25.233811078209968 ] ] ], [ [ [ 55.300905003544457, 25.239270077442942 ], [ 55.3010313, 25.2392026 ], [ 55.3010635, 25.2391014 ], [ 55.3010172, 25.2390297 ], [ 55.300821703562889, 25.239133777431192 ], [ 55.300905003544457, 25.239270077442942 ] ] ], [ [ [ 55.301187205681863, 25.230127985545085 ], [ 55.301187205681863, 25.230083069780875 ], [ 55.301142289917649, 25.230083069780875 ], [ 55.301142289917649, 25.230127985545082 ], [ 55.301187205681863, 25.230127985545085 ] ] ], [ [ [ 55.300151702923408, 25.242113677290213 ], [ 55.300254802900994, 25.242280277304804 ], [ 55.3010119, 25.2418958 ], [ 55.3009088, 25.2417292 ], [ 55.300151702923408, 25.242113677290213 ] ] ], [ [ [ 55.3004694, 25.2548928 ], [ 55.300572, 25.2550666 ], [ 55.3008252, 25.2549443 ], [ 55.3007226, 25.2547705 ], [ 55.3004694, 25.2548928 ] ] ], [ [ [ 55.3009134, 25.2444832 ], [ 55.3009463, 25.2444464 ], [ 55.3009008, 25.2444182 ], [ 55.3008734, 25.2444525 ], [ 55.3009134, 25.2444832 ] ] ], [ [ [ 55.300318861319774, 25.24268256274442 ], [ 55.300407861310639, 25.242827562750289 ], [ 55.3009694, 25.2425452 ], [ 55.3008804, 25.2424002 ], [ 55.300318861319774, 25.24268256274442 ] ] ], [ [ [ 55.301007542625037, 25.23592211912765 ], [ 55.301007542625037, 25.236011950656071 ], [ 55.301052458389236, 25.236011950656071 ], [ 55.301052458389236, 25.235922119127654 ], [ 55.301007542625037, 25.23592211912765 ] ] ], [ [ [ 55.301011, 25.2387972 ], [ 55.3009188, 25.2386434 ], [ 55.300730003630385, 25.238739477421003 ], [ 55.300825103617704, 25.238851877434932 ], [ 55.30089450362351, 25.238855877445975 ], [ 55.301011, 25.2387972 ] ] ], [ [ [ 55.3007949, 25.2389647 ], [ 55.300822, 25.2390058 ], [ 55.3007822, 25.2390272 ], [ 55.3008143, 25.2390761 ], [ 55.3009838, 25.2389849 ], [ 55.3009331, 25.2389077 ], [ 55.3008827, 25.2389348 ], [ 55.3008411, 25.2388716 ], [ 55.3007218, 25.2389358 ], [ 55.300755, 25.2389862 ], [ 55.3007949, 25.2389647 ] ] ], [ [ [ 55.301007542625037, 25.233721246681554 ], [ 55.301007542625037, 25.233766162445768 ], [ 55.301052458389236, 25.233766162445765 ], [ 55.301052458389236, 25.233721246681558 ], [ 55.301007542625037, 25.233721246681554 ] ] ], [ [ [ 55.300202901894259, 25.252373254367392 ], [ 55.3007923, 25.2520552 ], [ 55.300608, 25.2518017 ], [ 55.3005393, 25.2518029 ], [ 55.300105302012355, 25.252019954344199 ], [ 55.30006340195397, 25.252150354327838 ], [ 55.300202901894259, 25.252373254367392 ] ] ], [ [ [ 55.3008119, 25.2426932 ], [ 55.300260161290595, 25.242977262738481 ], [ 55.300362161280475, 25.24313956274522 ], [ 55.3009139, 25.2428555 ], [ 55.3008119, 25.2426932 ] ] ], [ [ [ 55.300281520616281, 25.253882225365288 ], [ 55.300512220570894, 25.254247025395856 ], [ 55.3007568, 25.2541196 ], [ 55.300526, 25.2537548 ], [ 55.300281520616281, 25.253882225365288 ] ] ], [ [ [ 55.3006213, 25.2532791 ], [ 55.300264500739615, 25.253464577179248 ], [ 55.300391200711154, 25.253673977197131 ], [ 55.3005351, 25.2536013 ], [ 55.300500061566751, 25.253481811835204 ], [ 55.300570500742943, 25.253597677226669 ], [ 55.30075750000001, 25.2535032 ], [ 55.3006213, 25.2532791 ] ] ], [ [ [ 55.3007122, 25.2468918 ], [ 55.300488060937631, 25.247001862734141 ], [ 55.300620560923448, 25.24722416274285 ], [ 55.3008446, 25.2471141 ], [ 55.3007122, 25.2468918 ] ] ], [ [ [ 55.300266501870446, 25.252466054385621 ], [ 55.300495301772983, 25.252830454450528 ], [ 55.3007461, 25.2526996 ], [ 55.3005173, 25.2523351 ], [ 55.300266501870446, 25.252466054385621 ] ] ], [ [ [ 55.299675503095621, 25.240988777226868 ], [ 55.29991280304305, 25.241377277260391 ], [ 55.3008569, 25.2409041 ], [ 55.3006195, 25.2405156 ], [ 55.299675503095621, 25.240988777226868 ] ] ], [ [ [ 55.3005407, 25.2516465 ], [ 55.3007066, 25.2515665 ], [ 55.3005642, 25.2513253 ], [ 55.3003984, 25.2514053 ], [ 55.3005407, 25.2516465 ] ] ], [ [ [ 55.300917711096616, 25.23461956196568 ], [ 55.300782963803996, 25.234619561965676 ], [ 55.300782963803996, 25.234709393494089 ], [ 55.30087279533241, 25.234709393494093 ], [ 55.30087279533241, 25.23466447772989 ], [ 55.300917711096616, 25.234664477729886 ], [ 55.300917711096616, 25.23461956196568 ] ] ], [ [ [ 55.300648216511391, 25.250564658258796 ], [ 55.300648216511391, 25.250699405551423 ], [ 55.30069313227559, 25.250699405551419 ], [ 55.30069313227559, 25.250564658258799 ], [ 55.300648216511391, 25.250564658258796 ] ] ], [ [ [ 55.300782963803996, 25.233811078209975 ], [ 55.300782963803996, 25.233900909738381 ], [ 55.300827879568203, 25.233900909738384 ], [ 55.300827879568203, 25.233990741266801 ], [ 55.300782963803996, 25.233990741266801 ], [ 55.300782963803996, 25.234035657031001 ], [ 55.300827879568203, 25.234035657030997 ], [ 55.300827879568203, 25.2340805727952 ], [ 55.30087279533241, 25.234080572795207 ], [ 55.30087279533241, 25.234035657031001 ], [ 55.300917711096616, 25.234035657031001 ], [ 55.300917711096616, 25.233990741266798 ], [ 55.30087279533241, 25.233990741266798 ], [ 55.30087279533241, 25.233855993974181 ], [ 55.300827879568203, 25.233855993974174 ], [ 55.300827879568203, 25.233811078209975 ], [ 55.300782963803996, 25.233811078209975 ] ] ], [ [ [ 55.3006944, 25.2461667 ], [ 55.3007438, 25.2460222 ], [ 55.300703, 25.2459368 ], [ 55.3006118, 25.2459106 ], [ 55.2997117, 25.246354 ], [ 55.2997739, 25.2464608 ], [ 55.2999767, 25.246519 ], [ 55.3006944, 25.2461667 ] ] ], [ [ [ 55.3006173, 25.2390894 ], [ 55.299875403409501, 25.239462777276167 ], [ 55.300090903362261, 25.239813077306639 ], [ 55.300186303366985, 25.239835477321634 ], [ 55.3008138, 25.2395259 ], [ 55.300831, 25.2394535 ], [ 55.3006173, 25.2390894 ] ] ], [ [ [ 55.300827879568203, 25.236101782184477 ], [ 55.300827879568203, 25.236056866420263 ], [ 55.300782963803996, 25.23605686642027 ], [ 55.300782963803996, 25.23619161371289 ], [ 55.30087279533241, 25.23619161371289 ], [ 55.30087279533241, 25.236101782184477 ], [ 55.300827879568203, 25.236101782184477 ] ] ], [ [ [ 55.299640161971091, 25.235126862733861 ], [ 55.300041861985662, 25.235162562763634 ], [ 55.300357462009778, 25.235050062787774 ], [ 55.3005621, 25.2349097 ], [ 55.3006683, 25.2347912 ], [ 55.3008974, 25.2343651 ], [ 55.3008847, 25.2341959 ], [ 55.3005359, 25.233744 ], [ 55.3002525, 25.2335906 ], [ 55.3000832, 25.2335416 ], [ 55.2999209, 25.2335276 ], [ 55.2996991, 25.2335594 ], [ 55.29947286209724, 25.233645562729244 ], [ 55.299172262062861, 25.233879162705584 ], [ 55.298982462023091, 25.234227162689574 ], [ 55.298988861992491, 25.234569662688234 ], [ 55.299166661974205, 25.234859762699962 ], [ 55.299289561968642, 25.234981862708477 ], [ 55.299640161971091, 25.235126862733861 ] ] ], [ [ [ 55.300827879568203, 25.235787371835031 ], [ 55.300827879568203, 25.235832287599237 ], [ 55.30087279533241, 25.235832287599244 ], [ 55.30087279533241, 25.235787371835031 ], [ 55.300827879568203, 25.235787371835031 ] ] ], [ [ [ 55.300767, 25.2352408 ], [ 55.2999128, 25.2355453 ], [ 55.299760827681816, 25.235630482081017 ], [ 55.299815727554247, 25.235756482129961 ], [ 55.300207927932455, 25.235655482555554 ], [ 55.300669828487315, 25.235451583063192 ], [ 55.3008218, 25.2353664 ], [ 55.300767, 25.2352408 ] ] ], [ [ [ 55.30075990000001, 25.2388392 ], [ 55.3007116, 25.2387622 ], [ 55.3006616, 25.2387878 ], [ 55.3007099, 25.2388648 ], [ 55.30075990000001, 25.2388392 ] ] ], [ [ [ 55.30069313227559, 25.233496667860532 ], [ 55.30069313227559, 25.233541583624739 ], [ 55.300827879568203, 25.233541583624731 ], [ 55.300827879568203, 25.233496667860535 ], [ 55.30069313227559, 25.233496667860532 ] ] ], [ [ [ 55.3006517, 25.2447762 ], [ 55.3005255, 25.2445526 ], [ 55.300328761142119, 25.244656962734688 ], [ 55.300307161137347, 25.244699262732848 ], [ 55.300302361133276, 25.244742062732261 ], [ 55.300402261123445, 25.244899962738881 ], [ 55.3006517, 25.2447762 ] ] ], [ [ [ 55.300513469218764, 25.250744321315626 ], [ 55.300513469218764, 25.250699405551419 ], [ 55.300468553454564, 25.250699405551416 ], [ 55.300468553454564, 25.250834152844035 ], [ 55.30055838498297, 25.250834152844032 ], [ 55.30055838498297, 25.250744321315626 ], [ 55.300513469218764, 25.250744321315626 ] ] ], [ [ [ 55.300504203023266, 25.241770177350475 ], [ 55.3006796, 25.2416712 ], [ 55.3005957, 25.2414883 ], [ 55.299462702871033, 25.242046277180819 ], [ 55.299575402845583, 25.242233277196711 ], [ 55.300504203023266, 25.241770177350475 ] ] ], [ [ [ 55.300782963803996, 25.23080172200817 ], [ 55.300738048039797, 25.23080172200817 ], [ 55.300738048039797, 25.230936469300783 ], [ 55.300782963803996, 25.230936469300783 ], [ 55.300782963803996, 25.230891553536587 ], [ 55.300827879568203, 25.23089155353658 ], [ 55.300827879568203, 25.230846637772373 ], [ 55.300782963803996, 25.230846637772377 ], [ 55.300782963803996, 25.23080172200817 ] ] ], [ [ [ 55.300513469218764, 25.233496667860532 ], [ 55.300513469218764, 25.233586499388942 ], [ 55.30055838498297, 25.233586499388945 ], [ 55.30055838498297, 25.233631415153145 ], [ 55.300603300747177, 25.233631415153152 ], [ 55.300603300747177, 25.233676330917351 ], [ 55.300648216511391, 25.233676330917351 ], [ 55.300648216511391, 25.233766162445768 ], [ 55.300782963803996, 25.233766162445768 ], [ 55.300782963803996, 25.233721246681561 ], [ 55.300738048039797, 25.233721246681554 ], [ 55.300738048039797, 25.233676330917355 ], [ 55.30069313227559, 25.233676330917358 ], [ 55.30069313227559, 25.233586499388942 ], [ 55.300648216511391, 25.233586499388945 ], [ 55.300648216511391, 25.233496667860539 ], [ 55.300513469218764, 25.233496667860532 ] ] ], [ [ [ 55.300738048039797, 25.236236529477093 ], [ 55.300648216511391, 25.236236529477093 ], [ 55.300648216511391, 25.2362814452413 ], [ 55.300738048039797, 25.2362814452413 ], [ 55.300738048039797, 25.236236529477093 ] ] ], [ [ [ 55.300428, 25.2472108 ], [ 55.300175803836098, 25.247338454473169 ], [ 55.300199058869325, 25.247465470528589 ], [ 55.300243974633801, 25.24745124541657 ], [ 55.300310403775555, 25.247561154511143 ], [ 55.3005625, 25.2474334 ], [ 55.300428, 25.2472108 ] ] ], [ [ [ 55.300315461177867, 25.244254162735825 ], [ 55.300412161167742, 25.244413862742196 ], [ 55.3005987, 25.2443207 ], [ 55.300502, 25.244161 ], [ 55.300315461177867, 25.244254162735825 ] ] ], [ [ [ 55.300337561031846, 25.245883662728829 ], [ 55.3005189, 25.2457955 ], [ 55.3005645, 25.2457048 ], [ 55.3004515, 25.2455153 ], [ 55.300189161048273, 25.245628662719113 ], [ 55.300337561031846, 25.245883662728829 ] ] ], [ [ [ 55.300409503829627, 25.237550977383275 ], [ 55.300565603796855, 25.237797277405427 ], [ 55.3006594, 25.2377476 ], [ 55.3005033, 25.2375014 ], [ 55.300409503829627, 25.237550977383275 ] ] ], [ [ [ 55.3001867, 25.2515621 ], [ 55.3003072, 25.251762 ], [ 55.3004549, 25.2516891 ], [ 55.3003344, 25.2514892 ], [ 55.3001867, 25.2515621 ] ] ], [ [ [ 55.300738048039797, 25.230577143187141 ], [ 55.30069313227559, 25.230577143187141 ], [ 55.30069313227559, 25.230622058951344 ], [ 55.300738048039797, 25.230622058951344 ], [ 55.300738048039797, 25.230577143187141 ] ] ], [ [ [ 55.299344402893141, 25.241873777163871 ], [ 55.299432202875487, 25.242008277176382 ], [ 55.3005613, 25.24144 ], [ 55.3004812, 25.241264 ], [ 55.299359702903949, 25.241825377166862 ], [ 55.299344402893141, 25.241873777163871 ] ] ], [ [ [ 55.3006536, 25.2307175 ], [ 55.3005999, 25.230743 ], [ 55.3006525, 25.2308335 ], [ 55.3007061, 25.230808 ], [ 55.3006536, 25.2307175 ] ] ], [ [ [ 55.300059625153921, 25.247011695968506 ], [ 55.30020352513462, 25.247252595980395 ], [ 55.300464, 25.2471265 ], [ 55.3002663, 25.2467893 ], [ 55.3001378251764, 25.2468519959769 ], [ 55.300059625153921, 25.247011695968506 ] ] ], [ [ [ 55.299920303553947, 25.238737377291596 ], [ 55.300222003492664, 25.239202677334529 ], [ 55.300572, 25.2390163 ], [ 55.3002703, 25.238551 ], [ 55.299920303553947, 25.238737377291596 ] ] ], [ [ [ 55.300423637690351, 25.237898412752717 ], [ 55.300378721926144, 25.237898412752717 ], [ 55.300378721926144, 25.237943328516923 ], [ 55.30055838498297, 25.237943328516916 ], [ 55.30055838498297, 25.237898412752717 ], [ 55.300513469218764, 25.237898412752717 ], [ 55.300513469218764, 25.237853496988507 ], [ 55.300423637690351, 25.23785349698851 ], [ 55.300423637690351, 25.237898412752717 ] ] ], [ [ [ 55.299974561213133, 25.243695662713357 ], [ 55.300285361178787, 25.244229162733713 ], [ 55.300471, 25.2441384 ], [ 55.3001499, 25.2436081 ], [ 55.299974561213133, 25.243695662713357 ] ] ], [ [ [ 55.3003329, 25.2537035 ], [ 55.3002183, 25.2535195 ], [ 55.3001205, 25.2535693 ], [ 55.3002351, 25.2537533 ], [ 55.3003329, 25.2537035 ] ] ], [ [ [ 55.300648216511391, 25.230622058951344 ], [ 55.300603300747177, 25.230622058951344 ], [ 55.300603300747177, 25.230711890479764 ], [ 55.300648216511391, 25.23071189047976 ], [ 55.300648216511391, 25.230622058951344 ] ] ], [ [ [ 55.3002789, 25.2452218 ], [ 55.300018261065844, 25.245349962707834 ], [ 55.300149561051839, 25.245569662716477 ], [ 55.3004102, 25.2454415 ], [ 55.3002789, 25.2452218 ] ] ], [ [ [ 55.300513469218764, 25.231026300829207 ], [ 55.300603300747177, 25.2310263008292 ], [ 55.300603300747177, 25.230891553536583 ], [ 55.30055838498297, 25.23089155353658 ], [ 55.30055838498297, 25.230936469300786 ], [ 55.300513469218764, 25.230936469300786 ], [ 55.300513469218764, 25.231026300829207 ] ] ], [ [ [ 55.300023524760249, 25.250364197851141 ], [ 55.3003116, 25.2502149 ], [ 55.3000898, 25.249853 ], [ 55.299801724936408, 25.250002197738258 ], [ 55.300023524760249, 25.250364197851141 ] ] ], [ [ [ 55.3004219, 25.237731 ], [ 55.300323703776137, 25.237785677366897 ], [ 55.300380603765369, 25.237869377375038 ], [ 55.3004788, 25.2378147 ], [ 55.3004219, 25.237731 ] ] ], [ [ [ 55.3004664, 25.2332358 ], [ 55.3005283, 25.2331587 ], [ 55.3004662, 25.2331178 ], [ 55.300438370845022, 25.233149606804595 ], [ 55.3003601, 25.2330984 ], [ 55.30031984093408, 25.233145655483497 ], [ 55.3004664, 25.2332358 ] ] ], [ [ [ 55.2998132, 25.2534297 ], [ 55.299576620613642, 25.253550725263576 ], [ 55.299552845015178, 25.253654828710079 ], [ 55.2994796, 25.2535362 ], [ 55.299237600604329, 25.253659777012782 ], [ 55.299397700569408, 25.253918977035447 ], [ 55.299505023909312, 25.253864216791005 ], [ 55.299464620515188, 25.254041125241653 ], [ 55.299683120470952, 25.25439352527053 ], [ 55.3002361, 25.2541121 ], [ 55.2998132, 25.2534297 ] ] ], [ [ [ 55.3001504, 25.2511637 ], [ 55.299982201141937, 25.251245477159319 ], [ 55.300095501114932, 25.251440777175223 ], [ 55.3002637, 25.251359 ], [ 55.3001504, 25.2511637 ] ] ], [ [ [ 55.3002262, 25.2525374 ], [ 55.2999808, 25.2521921 ], [ 55.2998863, 25.2521623 ], [ 55.2994248, 25.2523929 ], [ 55.2996636, 25.2527938 ], [ 55.3002262, 25.2525374 ] ] ], [ [ [ 55.2993909, 25.2515687 ], [ 55.299312501006675, 25.251616077048002 ], [ 55.299621400939571, 25.252114777091737 ], [ 55.3002213, 25.2518096 ], [ 55.2999109, 25.2513086 ], [ 55.2993909, 25.2515687 ] ] ], [ [ [ 55.300378721926144, 25.233451752096322 ], [ 55.300378721926144, 25.233406836332115 ], [ 55.300333806161937, 25.233406836332115 ], [ 55.300333806161937, 25.233361920567912 ], [ 55.300378721926144, 25.233361920567901 ], [ 55.300378721926144, 25.233272089039495 ], [ 55.300333806161937, 25.233272089039502 ], [ 55.300333806161937, 25.233317004803705 ], [ 55.300288890397731, 25.233317004803705 ], [ 55.300288890397731, 25.233361920567912 ], [ 55.300243974633531, 25.233361920567908 ], [ 55.300243974633531, 25.233317004803705 ], [ 55.300199058869325, 25.233317004803705 ], [ 55.300199058869325, 25.233361920567905 ], [ 55.300154143105118, 25.233361920567912 ], [ 55.300154143105118, 25.233406836332115 ], [ 55.300243974633531, 25.233406836332119 ], [ 55.300243974633531, 25.233451752096322 ], [ 55.300333806161937, 25.233451752096332 ], [ 55.300333806161937, 25.233496667860539 ], [ 55.300468553454564, 25.233496667860535 ], [ 55.300468553454564, 25.233451752096318 ], [ 55.300378721926144, 25.233451752096322 ] ] ], [ [ [ 55.30002120284604, 25.242449877265532 ], [ 55.300121502822776, 25.242619477279636 ], [ 55.3003309, 25.2425165 ], [ 55.3002306, 25.2423468 ], [ 55.30002120284604, 25.242449877265532 ] ] ], [ [ [ 55.299999361007856, 25.245983462703066 ], [ 55.300092161009836, 25.246007162709859 ], [ 55.3002815, 25.2459184 ], [ 55.3001394, 25.2456659 ], [ 55.299884061020528, 25.245786462695509 ], [ 55.299999361007856, 25.245983462703066 ] ] ], [ [ [ 55.300468553454564, 25.230936469300786 ], [ 55.300423637690351, 25.230936469300786 ], [ 55.300423637690351, 25.230981385065 ], [ 55.300468553454564, 25.230981385064993 ], [ 55.300468553454564, 25.230936469300786 ] ] ], [ [ [ 55.3003614, 25.2376049 ], [ 55.3002767, 25.237649 ], [ 55.3002912, 25.2376718 ], [ 55.3003759, 25.2376277 ], [ 55.3003614, 25.2376049 ] ] ], [ [ [ 55.300423637690351, 25.230262732837698 ], [ 55.300333806161937, 25.230262732837705 ], [ 55.300333806161937, 25.230127985545078 ], [ 55.300288890397731, 25.230127985545082 ], [ 55.300288890397731, 25.230083069780871 ], [ 55.300154143105118, 25.230083069780871 ], [ 55.300154143105118, 25.230127985545082 ], [ 55.300199058869325, 25.230127985545082 ], [ 55.300199058869325, 25.230172901309288 ], [ 55.300243974633531, 25.230172901309292 ], [ 55.300243974633531, 25.230262732837698 ], [ 55.300288890397731, 25.230262732837701 ], [ 55.300288890397731, 25.230307648601904 ], [ 55.300243974633531, 25.230307648601912 ], [ 55.300243974633531, 25.230352564366115 ], [ 55.300288890397731, 25.230352564366108 ], [ 55.300288890397731, 25.230397480130314 ], [ 55.300468553454564, 25.230397480130311 ], [ 55.300468553454564, 25.230307648601904 ], [ 55.300423637690351, 25.230307648601904 ], [ 55.300423637690351, 25.230262732837698 ] ] ], [ [ [ 55.299649603162436, 25.240630277226799 ], [ 55.299752603139424, 25.240799977241331 ], [ 55.300311, 25.2405212 ], [ 55.300208, 25.2403515 ], [ 55.299649603162436, 25.240630277226799 ] ] ], [ [ [ 55.3002495, 25.2442654 ], [ 55.2999259, 25.2437222 ], [ 55.2997613, 25.2438037 ], [ 55.3000755, 25.2443456 ], [ 55.3002495, 25.2442654 ] ] ], [ [ [ 55.3002806, 25.2378608 ], [ 55.30010870000001, 25.237948 ], [ 55.3001636, 25.2380365 ], [ 55.3003355, 25.2379492 ], [ 55.3002806, 25.2378608 ] ] ], [ [ [ 55.3001083, 25.2449736 ], [ 55.299858761081879, 25.245093862697299 ], [ 55.299970261069618, 25.245284562704605 ], [ 55.3002199, 25.2451643 ], [ 55.3001083, 25.2449736 ] ] ], [ [ [ 55.300009902852068, 25.242413177264137 ], [ 55.3002193, 25.242312299999988 ], [ 55.3001167, 25.2421347 ], [ 55.299332702772737, 25.242490977154986 ], [ 55.299421202749478, 25.242654777167274 ], [ 55.299999, 25.2423966 ], [ 55.299979417809588, 25.242360356392663 ], [ 55.300009902852068, 25.242413177264137 ] ] ], [ [ [ 55.29923890114916, 25.250843077045015 ], [ 55.299478701095659, 25.251237477078885 ], [ 55.3000934, 25.2509302 ], [ 55.2998536, 25.2505359 ], [ 55.29923890114916, 25.250843077045015 ] ] ], [ [ [ 55.3001777, 25.2377224 ], [ 55.3000081, 25.2378004 ], [ 55.3001012, 25.2379383 ], [ 55.3002631, 25.2378489 ], [ 55.3001777, 25.2377224 ] ] ], [ [ [ 55.3001765, 25.2402156 ], [ 55.300102003278631, 25.240251277303432 ], [ 55.300137903269203, 25.240317677308415 ], [ 55.3002125, 25.2402819 ], [ 55.3001765, 25.2402156 ] ] ], [ [ [ 55.299593903630353, 25.238181677245731 ], [ 55.299881803568532, 25.238642977286506 ], [ 55.3002154, 25.2384715 ], [ 55.2999276, 25.2380102 ], [ 55.299593903630353, 25.238181677245731 ] ] ], [ [ [ 55.2998075, 25.242992 ], [ 55.299616061252586, 25.24308226268985 ], [ 55.299943861215212, 25.243657562711267 ], [ 55.3001353, 25.2435674 ], [ 55.2998075, 25.242992 ] ] ], [ [ [ 55.2999738, 25.2453823 ], [ 55.29971506103815, 25.245508062684372 ], [ 55.299842161024337, 25.245723562692714 ], [ 55.300101, 25.2455978 ], [ 55.2999738, 25.2453823 ] ] ], [ [ [ 55.299556803482076, 25.238930777231282 ], [ 55.299837603420983, 25.239384777271006 ], [ 55.3001896, 25.2392053 ], [ 55.2999088, 25.2387514 ], [ 55.299556803482076, 25.238930777231282 ] ] ], [ [ [ 55.299615153934646, 25.232957678690056 ], [ 55.299660069698973, 25.232941578292319 ], [ 55.299821509658685, 25.232985881246726 ], [ 55.299800340928314, 25.233039755467129 ], [ 55.3002257, 25.2331622 ], [ 55.3002702, 25.233043 ], [ 55.2996806, 25.2328681 ], [ 55.299660069698902, 25.232917787892283 ], [ 55.299615153934646, 25.232912762925842 ], [ 55.299615153934646, 25.232957678690056 ] ] ], [ [ [ 55.2998963, 25.253258 ], [ 55.2999871, 25.2532068 ], [ 55.2999353, 25.2531249 ], [ 55.299843, 25.2531726 ], [ 55.2998963, 25.253258 ] ] ], [ [ [ 55.2999814, 25.2447332 ], [ 55.299717061096928, 25.244857462687975 ], [ 55.299825861084543, 25.245048162695085 ], [ 55.3000901, 25.2449239 ], [ 55.2999814, 25.2447332 ] ] ], [ [ [ 55.300199058869325, 25.231071216593403 ], [ 55.300199058869325, 25.231116132357613 ], [ 55.300243974633531, 25.231116132357613 ], [ 55.300243974633531, 25.231071216593403 ], [ 55.300199058869325, 25.231071216593403 ] ] ], [ [ [ 55.299667, 25.242593 ], [ 55.2994773, 25.2426846 ], [ 55.2995826, 25.2428629 ], [ 55.3000493, 25.2426463 ], [ 55.2999527, 25.2424807 ], [ 55.299667, 25.242593 ] ] ], [ [ [ 55.299929564284092, 25.231116132357609 ], [ 55.299929564284092, 25.2310263008292 ], [ 55.300019395812498, 25.231026300829207 ], [ 55.300019395812498, 25.231071216593403 ], [ 55.300064311576705, 25.231071216593406 ], [ 55.300064311576705, 25.2310263008292 ], [ 55.300199058869325, 25.231026300829203 ], [ 55.300199058869325, 25.23093646930079 ], [ 55.299884648519878, 25.23093646930079 ], [ 55.299884648519878, 25.231071216593403 ], [ 55.299839732755672, 25.231071216593403 ], [ 55.299839732755672, 25.231116132357613 ], [ 55.299929564284092, 25.231116132357609 ] ] ], [ [ [ 55.300038, 25.2380781 ], [ 55.3000912, 25.2380473 ], [ 55.30003968233396, 25.237977973747451 ], [ 55.3000971, 25.2379457 ], [ 55.3000531, 25.2378823 ], [ 55.299945, 25.2379426 ], [ 55.300038, 25.2380781 ] ] ], [ [ [ 55.300064311576705, 25.233227173275296 ], [ 55.300064311576705, 25.233272089039502 ], [ 55.300154143105118, 25.233272089039499 ], [ 55.300154143105118, 25.233227173275292 ], [ 55.300064311576705, 25.233227173275296 ] ] ], [ [ [ 55.300199058869325, 25.230038154016668 ], [ 55.300199058869325, 25.229993238252462 ], [ 55.300109227340918, 25.229993238252472 ], [ 55.300109227340918, 25.230038154016672 ], [ 55.300199058869325, 25.230038154016668 ] ] ], [ [ [ 55.299974480048292, 25.235203466900359 ], [ 55.299974480048292, 25.235248382664562 ], [ 55.300109227340918, 25.235248382664562 ], [ 55.300109227340918, 25.235203466900362 ], [ 55.299974480048292, 25.235203466900359 ] ] ], [ [ [ 55.2997409, 25.2549037 ], [ 55.299154400300296, 25.255190976982067 ], [ 55.299242200280098, 25.255338476994439 ], [ 55.2998287, 25.2550512 ], [ 55.2997409, 25.2549037 ] ] ], [ [ [ 55.299584961114263, 25.244600462679482 ], [ 55.299691961102099, 25.244787862686472 ], [ 55.2999422, 25.24467 ], [ 55.2998352, 25.2444826 ], [ 55.299584961114263, 25.244600462679482 ] ] ], [ [ [ 55.2999203, 25.2436788 ], [ 55.2997688, 25.2434253 ], [ 55.2995765, 25.2435196 ], [ 55.2997378, 25.2437702 ], [ 55.2999203, 25.2436788 ] ] ], [ [ [ 55.299867803716594, 25.237869877293058 ], [ 55.299913703708491, 25.237934377299666 ], [ 55.2999848, 25.2378934 ], [ 55.2999388, 25.237829 ], [ 55.299867803716594, 25.237869877293058 ] ] ], [ [ [ 55.2998816, 25.2399374 ], [ 55.2998949, 25.2399581 ], [ 55.2999557, 25.2399029 ], [ 55.29984, 25.2397507 ], [ 55.2997869, 25.2397785 ], [ 55.2997844, 25.2398111 ], [ 55.2998816, 25.2399374 ] ] ], [ [ [ 55.29927446108745, 25.244745162655548 ], [ 55.299616561049966, 25.245328762677978 ], [ 55.2998685, 25.245207 ], [ 55.2995264, 25.2446235 ], [ 55.29927446108745, 25.244745162655548 ] ] ], [ [ [ 55.299106203109496, 25.240637377139844 ], [ 55.299204703087376, 25.240800177153744 ], [ 55.2999212, 25.2404439 ], [ 55.2998227, 25.2402811 ], [ 55.299106203109496, 25.240637377139844 ] ] ], [ [ [ 55.299577, 25.2530507 ], [ 55.299344800708887, 25.25317177703548 ], [ 55.299507700674546, 25.253429377058612 ], [ 55.2997399, 25.2533084 ], [ 55.299577, 25.2530507 ] ] ], [ [ [ 55.299074102977329, 25.241305477127117 ], [ 55.299282002929218, 25.241656477156365 ], [ 55.2998941, 25.2413599 ], [ 55.2996846, 25.2410062 ], [ 55.299074102977329, 25.241305477127117 ] ] ], [ [ [ 55.299884648519878, 25.235293298428768 ], [ 55.299884648519878, 25.235338214192971 ], [ 55.299929564284092, 25.235338214192971 ], [ 55.299929564284092, 25.235293298428768 ], [ 55.299884648519878, 25.235293298428768 ] ] ], [ [ [ 55.29948040664231, 25.250489407020414 ], [ 55.2997171, 25.2503742 ], [ 55.299634, 25.2502325 ], [ 55.299376101255973, 25.250358077072473 ], [ 55.299444486693375, 25.25047482673148 ], [ 55.299435490877819, 25.250519742494596 ], [ 55.299394445411039, 25.250519742495136 ], [ 55.2993158, 25.2503963 ], [ 55.299075, 25.2505217 ], [ 55.2991771, 25.2506819 ], [ 55.299401961285533, 25.250564658261826 ], [ 55.299480406642026, 25.250564658258796 ], [ 55.29948040664231, 25.250489407020414 ] ] ], [ [ [ 55.2997878, 25.2399871 ], [ 55.299801, 25.2400078 ], [ 55.2998618, 25.2399526 ], [ 55.2997461, 25.2398005 ], [ 55.299693, 25.2398282 ], [ 55.2996905, 25.2398609 ], [ 55.2997878, 25.2399871 ] ] ], [ [ [ 55.2995552, 25.2546318 ], [ 55.298982100335643, 25.254923576957552 ], [ 55.299077200315011, 25.255076976971008 ], [ 55.2996503, 25.2547852 ], [ 55.2995552, 25.2546318 ] ] ], [ [ [ 55.299719403352007, 25.239683677248724 ], [ 55.299745603345329, 25.239731077252369 ], [ 55.2998308, 25.2396902 ], [ 55.2998046, 25.2396427 ], [ 55.299719403352007, 25.239683677248724 ] ] ], [ [ [ 55.299513961259713, 25.242953062682925 ], [ 55.299572461253781, 25.243047562686794 ], [ 55.29978220000001, 25.2429407 ], [ 55.2997238, 25.2428462 ], [ 55.299513961259713, 25.242953062682925 ] ] ], [ [ [ 55.2992524, 25.2434738 ], [ 55.2991424, 25.2434383 ], [ 55.299032261191037, 25.243477962644203 ], [ 55.299024261185252, 25.24353816264329 ], [ 55.299557861126296, 25.244453662678243 ], [ 55.299621661126643, 25.244481162682852 ], [ 55.2997275, 25.2444388 ], [ 55.2997624, 25.244358 ], [ 55.2992524, 25.2434738 ] ] ], [ [ [ 55.2997598, 25.243383 ], [ 55.2995136, 25.2429718 ], [ 55.2993366, 25.2430585 ], [ 55.2995827, 25.2434697 ], [ 55.2997598, 25.243383 ] ] ], [ [ [ 55.299704985463059, 25.230083069780871 ], [ 55.299704985463059, 25.230038154016665 ], [ 55.299749901227273, 25.230038154016668 ], [ 55.299749901227273, 25.230083069780871 ], [ 55.299929564284092, 25.230083069780878 ], [ 55.299929564284092, 25.229993238252469 ], [ 55.299480406642026, 25.229993238252458 ], [ 55.299480406642026, 25.230038154016668 ], [ 55.299570238170446, 25.230038154016672 ], [ 55.299570238170446, 25.230083069780871 ], [ 55.299704985463059, 25.230083069780871 ] ] ], [ [ [ 55.2995177, 25.2382232 ], [ 55.299190203551689, 25.238390477178822 ], [ 55.299476403489628, 25.238852177219329 ], [ 55.2998039, 25.2386848 ], [ 55.2995177, 25.2382232 ] ] ], [ [ [ 55.2995363, 25.2454591 ], [ 55.299229861007767, 25.245606662647646 ], [ 55.299360660993393, 25.245830062656221 ], [ 55.2996671, 25.2456825 ], [ 55.2995363, 25.2454591 ] ] ], [ [ [ 55.2996764, 25.2395747 ], [ 55.2996897, 25.2395953 ], [ 55.2997505, 25.2395402 ], [ 55.2996348, 25.239388 ], [ 55.2995817, 25.2394158 ], [ 55.2995792, 25.2394484 ], [ 55.2996764, 25.2395747 ] ] ], [ [ [ 55.29950420330762, 25.239807677212912 ], [ 55.299488003300745, 25.239835277209995 ], [ 55.299518903294413, 25.239883177214395 ], [ 55.299555003297428, 25.239885377220151 ], [ 55.2997398, 25.2397722 ], [ 55.2996786, 25.2397173 ], [ 55.29950420330762, 25.239807677212912 ] ] ], [ [ [ 55.2996523, 25.2400465 ], [ 55.2996655, 25.2400672 ], [ 55.2997264, 25.240012 ], [ 55.2996106, 25.2398599 ], [ 55.2995576, 25.2398877 ], [ 55.2995551, 25.2399203 ], [ 55.2996523, 25.2400465 ] ] ], [ [ [ 55.2991781, 25.2524884 ], [ 55.298736200738155, 25.252721576943259 ], [ 55.298713600711046, 25.252850676938174 ], [ 55.298974000660522, 25.253239776975402 ], [ 55.2995253, 25.2529502 ], [ 55.2992728, 25.2525273 ], [ 55.2991781, 25.2524884 ] ] ], [ [ [ 55.2994322, 25.2544379 ], [ 55.298857700364366, 25.254713976940032 ], [ 55.298926600348047, 25.254832176949705 ], [ 55.2995012, 25.2545561 ], [ 55.2994322, 25.2544379 ] ] ], [ [ [ 55.2992286, 25.2516509 ], [ 55.298976200944644, 25.251771676992437 ], [ 55.299290900876116, 25.252280577036984 ], [ 55.2995289, 25.2521547 ], [ 55.2992286, 25.2516509 ] ] ], [ [ [ 55.299749901227273, 25.236101782184477 ], [ 55.299704985463059, 25.236101782184477 ], [ 55.299704985463059, 25.236236529477104 ], [ 55.299749901227273, 25.236236529477093 ], [ 55.299749901227273, 25.236101782184477 ] ] ], [ [ [ 55.2995336, 25.2445216 ], [ 55.2995224, 25.2445032 ], [ 55.2994803, 25.244524299999988 ], [ 55.2994926, 25.2445443 ], [ 55.2994433, 25.2445691 ], [ 55.2994619, 25.2445995 ], [ 55.2995902, 25.2445351 ], [ 55.2995706, 25.2445031 ], [ 55.2995336, 25.2445216 ] ] ], [ [ [ 55.299525322406232, 25.235742456070831 ], [ 55.299525322406232, 25.235787371835031 ], [ 55.299615153934646, 25.235787371835031 ], [ 55.299615153934646, 25.235697540306617 ], [ 55.299660069698852, 25.235697540306624 ], [ 55.299660069698852, 25.235652624542421 ], [ 55.299704985463059, 25.235652624542418 ], [ 55.299704985463059, 25.235607708778211 ], [ 55.299525322406232, 25.235607708778208 ], [ 55.299525322406232, 25.235697540306617 ], [ 55.299570238170446, 25.235697540306617 ], [ 55.299570238170446, 25.235742456070827 ], [ 55.299525322406232, 25.235742456070831 ] ] ], [ [ [ 55.299439303274539, 25.239946977200947 ], [ 55.299520303250276, 25.240112277212017 ], [ 55.299547203250093, 25.240126477216151 ], [ 55.2996285, 25.2400835 ], [ 55.2995456, 25.2399211 ], [ 55.2995151, 25.2399064 ], [ 55.299439303274539, 25.239946977200947 ] ] ], [ [ [ 55.2995509, 25.2395777 ], [ 55.2995642, 25.2395984 ], [ 55.299625, 25.2395432 ], [ 55.2995093, 25.239391 ], [ 55.2994562, 25.2394188 ], [ 55.2994537, 25.2394514 ], [ 55.2995509, 25.2395777 ] ] ], [ [ [ 55.299660069698852, 25.23641619253392 ], [ 55.299570238170446, 25.236416192533916 ], [ 55.299570238170446, 25.236461108298126 ], [ 55.299660069698852, 25.236461108298123 ], [ 55.299660069698852, 25.23641619253392 ] ] ], [ [ [ 55.299413, 25.2534425 ], [ 55.2992708, 25.2532158 ], [ 55.2990541, 25.253327 ], [ 55.2991962, 25.2535537 ], [ 55.299413, 25.2534425 ] ] ], [ [ [ 55.299570238170446, 25.235517877249798 ], [ 55.299660069698852, 25.235517877249798 ], [ 55.299660069698852, 25.235428045721385 ], [ 55.299570238170446, 25.235428045721381 ], [ 55.299570238170446, 25.235472961485595 ], [ 55.299435490877819, 25.235472961485598 ], [ 55.299435490877819, 25.235517877249794 ], [ 55.29939057511362, 25.235517877249794 ], [ 55.29939057511362, 25.235562793014005 ], [ 55.299570238170446, 25.235562793014001 ], [ 55.299570238170446, 25.235517877249798 ] ] ], [ [ [ 55.2993623, 25.2425611 ], [ 55.2993354, 25.2425146 ], [ 55.299277961286272, 25.242542762667494 ], [ 55.299304546879746, 25.242588450509285 ], [ 55.2991074, 25.2426821 ], [ 55.299284900000011, 25.2429879 ], [ 55.2995398, 25.2428668 ], [ 55.2993623, 25.2425611 ] ] ], [ [ [ 55.299067361024989, 25.245335862636956 ], [ 55.299185861012873, 25.24552836264478 ], [ 55.2994841, 25.2453776 ], [ 55.2993656, 25.2451851 ], [ 55.299067361024989, 25.245335862636956 ] ] ], [ [ [ 55.2994639, 25.2443328 ], [ 55.29932816112116, 25.244397862661401 ], [ 55.29935836111779, 25.244450062663365 ], [ 55.2994941, 25.244385 ], [ 55.2994639, 25.2443328 ] ] ], [ [ [ 55.2994673, 25.2396491 ], [ 55.2995281, 25.2395939 ], [ 55.2994124, 25.2394417 ], [ 55.2993593, 25.2394695 ], [ 55.2993568, 25.2395021 ], [ 55.2994673, 25.2396491 ] ] ], [ [ [ 55.299105003212389, 25.240104377145709 ], [ 55.2994968, 25.2399094 ], [ 55.2995125, 25.239885 ], [ 55.2994789, 25.2398322 ], [ 55.299054203222582, 25.240026677138474 ], [ 55.299038003215713, 25.240054277135577 ], [ 55.299068903209388, 25.240102177139967 ], [ 55.299105003212389, 25.240104377145709 ] ] ], [ [ [ 55.299419, 25.2401594 ], [ 55.2994322, 25.24018 ], [ 55.299493, 25.2401249 ], [ 55.2993773, 25.2399727 ], [ 55.2993242, 25.2400005 ], [ 55.2993217, 25.2400331 ], [ 55.299419, 25.2401594 ] ] ], [ [ [ 55.299300743585199, 25.230891553536583 ], [ 55.299165996292587, 25.23089155353658 ], [ 55.299071605759821, 25.230939024749407 ], [ 55.299071605758087, 25.230983940513514 ], [ 55.299206353051538, 25.231028856281924 ], [ 55.299565679171998, 25.23102885629341 ], [ 55.299615153934646, 25.230981385064997 ], [ 55.299615153934646, 25.23093646930079 ], [ 55.299300743585199, 25.230891553536583 ] ] ], [ [ [ 55.2994734, 25.2390244 ], [ 55.2994927, 25.2390143 ], [ 55.2994657, 25.238972 ], [ 55.2994464, 25.2389821 ], [ 55.2994734, 25.2390244 ] ] ], [ [ [ 55.2993478, 25.2424148 ], [ 55.2994287, 25.2423784 ], [ 55.2992388, 25.2420332 ], [ 55.2991648, 25.2420664 ], [ 55.2991814, 25.2420966 ], [ 55.2991467, 25.2421122 ], [ 55.2991296, 25.2420812 ], [ 55.2990572, 25.2421138 ], [ 55.2992473, 25.2424594 ], [ 55.2993154, 25.2424287 ], [ 55.299301, 25.2424026 ], [ 55.2993331, 25.2423881 ], [ 55.2993478, 25.2424148 ] ] ], [ [ [ 55.29886, 25.2436334 ], [ 55.2987988, 25.2435945 ], [ 55.298697161161748, 25.243638062618352 ], [ 55.298692361150273, 25.243762962617321 ], [ 55.299179661094534, 25.244620062649144 ], [ 55.299280361095327, 25.244660662656432 ], [ 55.2993876, 25.2446147 ], [ 55.2993887, 25.2445478 ], [ 55.29886, 25.2436334 ] ] ], [ [ [ 55.299183303459209, 25.238865677172313 ], [ 55.299338903423106, 25.239128877194197 ], [ 55.2994556, 25.2390676 ], [ 55.2992973, 25.2388056 ], [ 55.299183303459209, 25.238865677172313 ] ] ], [ [ [ 55.299570238170446, 25.230217817073488 ], [ 55.299570238170446, 25.230172901309288 ], [ 55.299525322406232, 25.230172901309285 ], [ 55.299525322406232, 25.230127985545082 ], [ 55.299480406642026, 25.230127985545074 ], [ 55.299480406642026, 25.230172901309285 ], [ 55.299435490877819, 25.230172901309288 ], [ 55.299435490877819, 25.230217817073488 ], [ 55.299345659349406, 25.230217817073498 ], [ 55.299345659349406, 25.230352564366115 ], [ 55.2992109120568, 25.230352564366108 ], [ 55.2992109120568, 25.230397480130314 ], [ 55.299345659349406, 25.230397480130307 ], [ 55.299345659349406, 25.230442395894517 ], [ 55.299435490877819, 25.230442395894521 ], [ 55.299435490877819, 25.230397480130314 ], [ 55.299480406642026, 25.230397480130311 ], [ 55.299480406642026, 25.230262732837694 ], [ 55.299525322406232, 25.230262732837701 ], [ 55.299525322406232, 25.230217817073495 ], [ 55.299570238170446, 25.230217817073488 ] ] ], [ [ [ 55.2993434, 25.2396866 ], [ 55.2993704, 25.2397009 ], [ 55.2994312, 25.2396457 ], [ 55.2993155, 25.2394935 ], [ 55.299262400000011, 25.2395213 ], [ 55.2992599, 25.2395539 ], [ 55.2993434, 25.2396866 ] ] ], [ [ [ 55.2993237, 25.2402091 ], [ 55.299337, 25.2402298 ], [ 55.2993978, 25.2401746 ], [ 55.2992821, 25.2400225 ], [ 55.299229, 25.2400502 ], [ 55.2992265, 25.2400829 ], [ 55.2993237, 25.2402091 ] ] ], [ [ [ 55.298922561041962, 25.245076662627525 ], [ 55.299025561029815, 25.245261862634234 ], [ 55.2993265, 25.2451238 ], [ 55.2992236, 25.2449387 ], [ 55.298922561041962, 25.245076662627525 ] ] ], [ [ [ 55.298638500746961, 25.252628076928687 ], [ 55.2992121, 25.2523324 ], [ 55.29889390000001, 25.2518343 ], [ 55.298316600815077, 25.252117776883015 ], [ 55.298304300795266, 25.252214176879956 ], [ 55.298542100744541, 25.252593276913679 ], [ 55.298638500746961, 25.252628076928687 ] ] ], [ [ [ 55.29915930302397, 25.241105977143011 ], [ 55.2993686, 25.2410078 ], [ 55.2992726, 25.2408364 ], [ 55.2988931, 25.2410118 ], [ 55.298989, 25.2411833 ], [ 55.29915930302397, 25.241105977143011 ] ] ], [ [ [ 55.2989359, 25.2498129 ], [ 55.298697801274706, 25.249928076968889 ], [ 55.298997501203523, 25.250443377010956 ], [ 55.2992356, 25.2503282 ], [ 55.2989359, 25.2498129 ] ] ], [ [ [ 55.299141403310983, 25.23961207715713 ], [ 55.299224903293265, 25.239744777168969 ], [ 55.299251903293062, 25.239759077173126 ], [ 55.2993331, 25.2397161 ], [ 55.2992503, 25.2395537 ], [ 55.29921980000001, 25.2395389 ], [ 55.299143903317528, 25.239579477157903 ], [ 55.299141403310983, 25.23961207715713 ] ] ], [ [ [ 55.2989785, 25.2511124 ], [ 55.2991484, 25.251029 ], [ 55.2990284, 25.2508288 ], [ 55.2988585, 25.2509122 ], [ 55.2989785, 25.2511124 ] ] ], [ [ [ 55.298983661325451, 25.241963862648607 ], [ 55.299053261317042, 25.242091262653126 ], [ 55.2992485, 25.2420029 ], [ 55.2991789, 25.2418754 ], [ 55.298983661325451, 25.241963862648607 ] ] ], [ [ [ 55.2992082, 25.2402917 ], [ 55.2992691, 25.2402365 ], [ 55.2991533, 25.2400843 ], [ 55.2991003, 25.2401121 ], [ 55.2990977, 25.2401447 ], [ 55.2992082, 25.2402917 ] ] ], [ [ [ 55.2989975, 25.2394239 ], [ 55.299086435948368, 25.23910842433332 ], [ 55.299127703400259, 25.239143377160271 ], [ 55.2992496, 25.2391451 ], [ 55.299209, 25.2390391 ], [ 55.2991066, 25.2390247 ], [ 55.299083466560525, 25.239046450959901 ], [ 55.2990115, 25.2389899 ], [ 55.2988293, 25.2389529 ], [ 55.298599903368185, 25.239050177076958 ], [ 55.29855200332058, 25.239272977066761 ], [ 55.298881303323874, 25.239417677117761 ], [ 55.2989975, 25.2394239 ] ] ], [ [ [ 55.2991944, 25.2424806 ], [ 55.2990142, 25.2421639 ], [ 55.2988369, 25.2422464 ], [ 55.2990171, 25.2425631 ], [ 55.2991944, 25.2424806 ] ] ], [ [ [ 55.298740061059625, 25.244791162615424 ], [ 55.298879961044626, 25.245026162624615 ], [ 55.2991554, 25.2448913 ], [ 55.2990155, 25.2446562 ], [ 55.298740061059625, 25.244791162615424 ] ] ], [ [ [ 55.2991613, 25.2397991 ], [ 55.2992221, 25.2397439 ], [ 55.2991064, 25.2395918 ], [ 55.2990533, 25.2396196 ], [ 55.2990508, 25.2396522 ], [ 55.2991613, 25.2397991 ] ] ], [ [ [ 55.2992034, 25.2382313 ], [ 55.299132503569446, 25.238270277170962 ], [ 55.299161903563707, 25.238314377175165 ], [ 55.2992328, 25.2382754 ], [ 55.2992034, 25.2382313 ] ] ], [ [ [ 55.298986261160692, 25.243791662639108 ], [ 55.299016361157328, 25.243843862641071 ], [ 55.2991521, 25.2437788 ], [ 55.299122, 25.2437266 ], [ 55.298986261160692, 25.243791662639108 ] ] ], [ [ [ 55.2992109120568, 25.235293298428765 ], [ 55.299165996292587, 25.235293298428768 ], [ 55.299165996292587, 25.235428045721385 ], [ 55.299255827821, 25.235428045721385 ], [ 55.299255827821, 25.235338214192975 ], [ 55.2992109120568, 25.235338214192971 ], [ 55.2992109120568, 25.235293298428765 ] ] ], [ [ [ 55.298867661337212, 25.241776462640942 ], [ 55.29896336132601, 25.241947762647175 ], [ 55.299151, 25.2418629 ], [ 55.2990544, 25.24169 ], [ 55.298867661337212, 25.241776462640942 ] ] ], [ [ [ 55.2991103, 25.2403414 ], [ 55.2991712, 25.2402862 ], [ 55.2990554, 25.2401341 ], [ 55.2990024, 25.2401618 ], [ 55.2989998, 25.2401945 ], [ 55.2991103, 25.2403414 ] ] ], [ [ [ 55.299300743585199, 25.230487311658727 ], [ 55.299251572769663, 25.230489696750421 ], [ 55.299251572768036, 25.230534612514539 ], [ 55.299300743585199, 25.23053222742293 ], [ 55.299300743585199, 25.230487311658727 ] ] ], [ [ [ 55.298686661790384, 25.236662762654586 ], [ 55.298760961788552, 25.236719462659828 ], [ 55.2990542, 25.2366118 ], [ 55.299076164764301, 25.236573790664146 ], [ 55.299076164764173, 25.236595855590735 ], [ 55.2992109120568, 25.236595855590743 ], [ 55.2992109120568, 25.236506024062333 ], [ 55.29912108052838, 25.236506024062333 ], [ 55.29912108052838, 25.236550939826529 ], [ 55.299076164764294, 25.236566714189159 ], [ 55.298986333235881, 25.236547295722787 ], [ 55.29898633323576, 25.236416192533913 ], [ 55.299031248999974, 25.236416192533923 ], [ 55.299031248999974, 25.236371276769717 ], [ 55.298896501707347, 25.236371276769713 ], [ 55.298896501707347, 25.23623652947709 ], [ 55.298851585943147, 25.236236529477097 ], [ 55.298851585943147, 25.23619161371289 ], [ 55.298806670178934, 25.23619161371289 ], [ 55.298806670178934, 25.236056866420267 ], [ 55.298716838650527, 25.236056866420267 ], [ 55.298716838650527, 25.235967034891861 ], [ 55.298671922886328, 25.235967034891861 ], [ 55.298671922886328, 25.236011950656067 ], [ 55.298627007122114, 25.236011950656067 ], [ 55.298627007122114, 25.236056866420267 ], [ 55.298582091357908, 25.236056866420263 ], [ 55.298582091357908, 25.236101782184477 ], [ 55.298537175593701, 25.236101782184473 ], [ 55.298537175593701, 25.23619161371289 ], [ 55.298492259829501, 25.236191613712887 ], [ 55.298492259829565, 25.236229262988665 ], [ 55.298357512537002, 25.236260911655716 ], [ 55.298357512536874, 25.236236529477097 ], [ 55.298312596772675, 25.2362365294771 ], [ 55.29830426180763, 25.236283662628065 ], [ 55.298314161803376, 25.236335762628528 ], [ 55.298677261815129, 25.23638366265536 ], [ 55.298716838651018, 25.236335170245557 ], [ 55.298716838650527, 25.23655093982654 ], [ 55.298671922886328, 25.236550939826529 ], [ 55.298671922886328, 25.236595855590743 ], [ 55.298627007122114, 25.236595855590739 ], [ 55.298627007122114, 25.236640771354949 ], [ 55.298715591036533, 25.236640771355319 ], [ 55.298686661790384, 25.236662762654586 ] ], [ [ 55.2988293, 25.2365688 ], [ 55.298806670179054, 25.23657967470718 ], [ 55.298806670178934, 25.23655093982654 ], [ 55.298896501707347, 25.236550939826532 ], [ 55.2988293, 25.2365688 ] ], [ [ 55.298851585943147, 25.236416192533923 ], [ 55.298851585943147, 25.236461108298126 ], [ 55.298806670178934, 25.236461108298123 ], [ 55.298806670178934, 25.23641619253392 ], [ 55.298851585943147, 25.236416192533923 ] ], [ [ 55.29877467702979, 25.236595855597013 ], [ 55.298716838650542, 25.236639822949616 ], [ 55.298716838650527, 25.236595855590746 ], [ 55.29877467702979, 25.236595855597013 ] ], [ [ 55.298753394883036, 25.236281445242334 ], [ 55.298761754414734, 25.236326361005506 ], [ 55.298722832745469, 25.236326361006299 ], [ 55.298753394883036, 25.236281445242334 ] ], [ [ 55.2986933, 25.2362303 ], [ 55.298582091358007, 25.236224706868214 ], [ 55.298582091357908, 25.23619161371289 ], [ 55.298716838650527, 25.23619161371289 ], [ 55.298716838651053, 25.236236144959751 ], [ 55.2986933, 25.2362303 ] ] ], [ [ [ 55.2990242, 25.2430831 ], [ 55.2989248, 25.2430521 ], [ 55.2981643611583, 25.243414562579773 ], [ 55.298309361141726, 25.24366956258924 ], [ 55.2990754, 25.2433128 ], [ 55.2991047, 25.2432184 ], [ 55.2990242, 25.2430831 ] ] ], [ [ [ 55.2992109120568, 25.23071189047976 ], [ 55.299071504455711, 25.230759418480748 ], [ 55.299071504450389, 25.230894165773051 ], [ 55.299206251747393, 25.23084925001335 ], [ 55.299255827821, 25.230801722008174 ], [ 55.299255827821, 25.230756806243967 ], [ 55.2992109120568, 25.23071189047976 ] ] ], [ [ [ 55.29912108052838, 25.237000097468599 ], [ 55.299165996292587, 25.237000097468595 ], [ 55.299165996292587, 25.236955181704396 ], [ 55.29912108052838, 25.236955181704396 ], [ 55.29912108052838, 25.237000097468599 ] ] ], [ [ [ 55.2989956, 25.2396297 ], [ 55.298919703278699, 25.239670277121029 ], [ 55.2989129, 25.239705 ], [ 55.2988987, 25.2396815 ], [ 55.2988456, 25.2397093 ], [ 55.2989536, 25.2398889 ], [ 55.299012, 25.2398587 ], [ 55.2990012, 25.23984 ], [ 55.2991089, 25.2398069 ], [ 55.2989956, 25.2396297 ] ] ], [ [ [ 55.2989045, 25.2536522 ], [ 55.2987787, 25.2534138 ], [ 55.2986857, 25.2533928 ], [ 55.298328000534156, 25.253575976868241 ], [ 55.298537300488555, 25.253914576897877 ], [ 55.2988903, 25.2537418 ], [ 55.2989045, 25.2536522 ] ] ], [ [ [ 55.2988809, 25.243579 ], [ 55.298911, 25.2436312 ], [ 55.2990361, 25.2435721 ], [ 55.299006, 25.2435199 ], [ 55.2988809, 25.243579 ] ] ], [ [ [ 55.298800691996092, 25.247019663304325 ], [ 55.298935439292066, 25.247019663309974 ], [ 55.29898633323576, 25.246971397122319 ], [ 55.29898633323576, 25.246881565593913 ], [ 55.298941417471553, 25.246836649829703 ], [ 55.298851585943147, 25.246836649829703 ], [ 55.298800692002921, 25.24688491601211 ], [ 55.298800691996092, 25.247019663304325 ] ] ], [ [ [ 55.298589261073971, 25.244558162605411 ], [ 55.298699861062126, 25.244743662612677 ], [ 55.2990072, 25.2446039 ], [ 55.2988899, 25.2444081 ], [ 55.298589261073971, 25.244558162605411 ] ] ], [ [ [ 55.299031248999974, 25.2362814452413 ], [ 55.29912108052838, 25.2362814452413 ], [ 55.29912108052838, 25.236236529477097 ], [ 55.299031248999974, 25.236236529477097 ], [ 55.299031248999974, 25.2362814452413 ] ] ], [ [ [ 55.299031248999974, 25.232373773755373 ], [ 55.299031248999974, 25.232418689519584 ], [ 55.29912108052838, 25.232418689519584 ], [ 55.29912108052838, 25.232373773755377 ], [ 55.299165996292587, 25.232373773755373 ], [ 55.299165996292587, 25.232328857991174 ], [ 55.29912108052838, 25.23232885799117 ], [ 55.29912108052838, 25.232283942226967 ], [ 55.299031248999974, 25.232283942226967 ], [ 55.299031248999974, 25.232328857991174 ], [ 55.29898633323576, 25.232328857991174 ], [ 55.29898633323576, 25.232373773755377 ], [ 55.299031248999974, 25.232373773755373 ] ] ], [ [ [ 55.298803403169423, 25.240178577096653 ], [ 55.298834203163089, 25.240226477101029 ], [ 55.29887030316609, 25.240228677106774 ], [ 55.2990552, 25.2401155 ], [ 55.298994, 25.2400606 ], [ 55.298803403169423, 25.240178577096653 ] ] ], [ [ [ 55.2989473, 25.240715 ], [ 55.2987609, 25.2408003 ], [ 55.2988568, 25.2409718 ], [ 55.2990433, 25.2408864 ], [ 55.2989473, 25.240715 ] ] ], [ [ [ 55.299116040906242, 25.233275155444723 ], [ 55.29912084090514, 25.233305755444807 ], [ 55.299132740904923, 25.233317255445161 ], [ 55.2991417, 25.2332483 ], [ 55.299116040906242, 25.233275155444723 ] ] ], [ [ [ 55.2989802, 25.2404099 ], [ 55.2990411, 25.2403547 ], [ 55.2989253, 25.2402026 ], [ 55.2988723, 25.2402303 ], [ 55.2988697, 25.240263 ], [ 55.2989802, 25.2404099 ] ] ], [ [ [ 55.298745261349666, 25.241578362632868 ], [ 55.298825961340015, 25.241725062638114 ], [ 55.2990207, 25.2416363 ], [ 55.29894, 25.2414896 ], [ 55.298745261349666, 25.241578362632868 ] ] ], [ [ [ 55.2987852, 25.2488653 ], [ 55.29829650139191, 25.24912487691385 ], [ 55.298422601366234, 25.249319576931793 ], [ 55.2989113, 25.24906 ], [ 55.2987852, 25.2488653 ] ] ], [ [ [ 55.299031248999974, 25.233361920567908 ], [ 55.299031248999974, 25.233496667860532 ], [ 55.299076164764173, 25.233496667860532 ], [ 55.299076164764173, 25.233451752096318 ], [ 55.29912108052838, 25.233451752096318 ], [ 55.29912108052838, 25.233406836332115 ], [ 55.299076164764173, 25.233406836332115 ], [ 55.299076164764173, 25.233361920567908 ], [ 55.299031248999974, 25.233361920567908 ] ] ], [ [ [ 55.29898633323576, 25.232822931397433 ], [ 55.29898633323576, 25.232867847161646 ], [ 55.299031248999974, 25.232867847161646 ], [ 55.299031248999974, 25.233002594454266 ], [ 55.29912108052838, 25.233002594454259 ], [ 55.29912108052838, 25.232912762925849 ], [ 55.299076164764173, 25.232912762925849 ], [ 55.299076164764173, 25.23282293139744 ], [ 55.29898633323576, 25.232822931397433 ] ] ], [ [ [ 55.2988013, 25.2418015 ], [ 55.298610861315332, 25.241892962621161 ], [ 55.298796361294976, 25.24220976263333 ], [ 55.2989845, 25.2421236 ], [ 55.2988013, 25.2418015 ] ] ], [ [ [ 55.29898633323576, 25.236775518647562 ], [ 55.299031248999974, 25.236775518647562 ], [ 55.299031248999974, 25.236730602883362 ], [ 55.29898633323576, 25.236730602883359 ], [ 55.29898633323576, 25.236775518647562 ] ] ], [ [ [ 55.299076164764173, 25.233047510218469 ], [ 55.298896501707347, 25.233047510218469 ], [ 55.298896501707347, 25.233092425982672 ], [ 55.29898633323576, 25.233092425982672 ], [ 55.298979262117022, 25.233183762694875 ], [ 55.2990242, 25.2331609 ], [ 55.299031248999974, 25.233092425982672 ], [ 55.299076164764173, 25.233092425982676 ], [ 55.299076164764173, 25.233047510218469 ] ] ], [ [ [ 55.298744061351471, 25.241557762632887 ], [ 55.2989412, 25.2414664 ], [ 55.2988452, 25.241295 ], [ 55.298648161362692, 25.241386262626641 ], [ 55.298744061351471, 25.241557762632887 ] ] ], [ [ [ 55.2988783, 25.2404542 ], [ 55.2989392, 25.240399 ], [ 55.2988234, 25.2402469 ], [ 55.2987704, 25.2402747 ], [ 55.2987678, 25.2403073 ], [ 55.2988783, 25.2404542 ] ] ], [ [ [ 55.299011262094233, 25.233452162695833 ], [ 55.2990139, 25.2334095 ], [ 55.2989684, 25.2333953 ], [ 55.29892096209246, 25.233427562689229 ], [ 55.299011262094233, 25.233452162695833 ] ] ], [ [ [ 55.2988579, 25.2399343 ], [ 55.2989187, 25.2398791 ], [ 55.298803, 25.2397269 ], [ 55.2987499, 25.2397547 ], [ 55.2987474, 25.2397873 ], [ 55.2988579, 25.2399343 ] ] ], [ [ [ 55.298466761090154, 25.244318562597542 ], [ 55.298560261079949, 25.244477662603671 ], [ 55.2988515, 25.2443367 ], [ 55.298758, 25.2441776 ], [ 55.298466761090154, 25.244318562597542 ] ] ], [ [ [ 55.2986952, 25.2547943 ], [ 55.2987016, 25.254750399999988 ], [ 55.2984525, 25.2543417 ], [ 55.2983616, 25.2543414 ], [ 55.298262800371248, 25.25438627684861 ], [ 55.298561500307443, 25.254862876890957 ], [ 55.2986952, 25.2547943 ] ] ], [ [ [ 55.29898633323576, 25.233900909738388 ], [ 55.298941417471553, 25.233900909738384 ], [ 55.298941417471553, 25.233855993974178 ], [ 55.298896501707347, 25.233855993974178 ], [ 55.298896501707347, 25.233811078209971 ], [ 55.29898633323576, 25.233811078209968 ], [ 55.29898633323576, 25.233766162445765 ], [ 55.298716838650527, 25.233766162445765 ], [ 55.298716838650527, 25.233811078209971 ], [ 55.298806670178934, 25.233811078209971 ], [ 55.298806670178934, 25.233855993974178 ], [ 55.298851585943147, 25.233855993974181 ], [ 55.298851585943147, 25.233945825502595 ], [ 55.298806670178934, 25.233945825502591 ], [ 55.298806670178934, 25.233990741266805 ], [ 55.298761754414734, 25.233990741266805 ], [ 55.298761754414734, 25.234035657031004 ], [ 55.298716838650527, 25.234035657031001 ], [ 55.298716838650527, 25.234125488559418 ], [ 55.298761754414734, 25.234125488559414 ], [ 55.298761754414734, 25.234080572795204 ], [ 55.298851585943147, 25.2340805727952 ], [ 55.298851585943147, 25.233990741266801 ], [ 55.29898633323576, 25.233990741266798 ], [ 55.29898633323576, 25.233900909738388 ] ] ], [ [ [ 55.298922662083967, 25.233522562688854 ], [ 55.2989747, 25.2335177 ], [ 55.2989906, 25.2334616 ], [ 55.298938762090678, 25.23345596269041 ], [ 55.298922662083967, 25.233522562688854 ] ] ], [ [ [ 55.298851585943147, 25.233227173275299 ], [ 55.298851585943147, 25.233272089039502 ], [ 55.29898633323576, 25.233272089039499 ], [ 55.29898633323576, 25.233227173275296 ], [ 55.298851585943147, 25.233227173275299 ] ] ], [ [ [ 55.298851585943147, 25.235787371835027 ], [ 55.298941417471553, 25.235787371835034 ], [ 55.298941417471553, 25.235742456070831 ], [ 55.298851585943147, 25.235742456070831 ], [ 55.298851585943147, 25.235787371835027 ] ] ], [ [ [ 55.298634761363608, 25.24136946262573 ], [ 55.2988319, 25.2412781 ], [ 55.2987359, 25.2411067 ], [ 55.298538861374837, 25.241197962619488 ], [ 55.298634761363608, 25.24136946262573 ] ] ], [ [ [ 55.2987201, 25.2487449 ], [ 55.2985906, 25.248587 ], [ 55.2985159, 25.248592 ], [ 55.298094601432659, 25.248814976885082 ], [ 55.298221901410379, 25.248992676903413 ], [ 55.2987201, 25.2487449 ] ] ], [ [ [ 55.298896501707347, 25.235428045721381 ], [ 55.298896501707347, 25.235293298428768 ], [ 55.298851585943147, 25.235293298428765 ], [ 55.298851585943147, 25.235203466900359 ], [ 55.298761754414734, 25.235203466900362 ], [ 55.298761754414734, 25.235113635371945 ], [ 55.298716838650527, 25.235113635371945 ], [ 55.298716838650527, 25.235068719607739 ], [ 55.298627007122114, 25.235068719607739 ], [ 55.298627007122114, 25.235203466900359 ], [ 55.298671922886328, 25.235203466900359 ], [ 55.298671922886328, 25.235338214192975 ], [ 55.298582091357908, 25.235338214192975 ], [ 55.298582091357908, 25.235383129957182 ], [ 55.298537175593701, 25.235383129957182 ], [ 55.298537175593701, 25.235428045721388 ], [ 55.298492259829501, 25.235428045721385 ], [ 55.298492259829501, 25.235472961485595 ], [ 55.298537175593701, 25.235472961485598 ], [ 55.298537175593701, 25.235517877249801 ], [ 55.298671922886328, 25.235517877249798 ], [ 55.298671922886328, 25.235383129957182 ], [ 55.298806670178934, 25.235383129957185 ], [ 55.298806670178934, 25.235428045721388 ], [ 55.298896501707347, 25.235428045721381 ] ] ], [ [ [ 55.298602786504226, 25.240330810852871 ], [ 55.298641703123387, 25.240337377069 ], [ 55.2988109, 25.2402486 ], [ 55.2988265, 25.2402242 ], [ 55.298793, 25.2401714 ], [ 55.298576278715274, 25.240284592724883 ], [ 55.298543, 25.2402737 ], [ 55.298352403085438, 25.240391677022124 ], [ 55.298417703081782, 25.240442677031989 ], [ 55.298602786504226, 25.240330810852871 ] ] ], [ [ [ 55.2987536, 25.2405161 ], [ 55.2988144, 25.2404609 ], [ 55.2986987, 25.2403088 ], [ 55.2986456, 25.2403365 ], [ 55.2986431, 25.2403692 ], [ 55.2987536, 25.2405161 ] ] ], [ [ [ 55.2988183, 25.2395396 ], [ 55.298711, 25.2393614 ], [ 55.29867, 25.2393441 ], [ 55.298597103303869, 25.239381577072738 ], [ 55.29872180327569, 25.239588677090314 ], [ 55.2988183, 25.2395396 ] ] ], [ [ [ 55.2981921, 25.2526213 ], [ 55.297958900661747, 25.252734976818779 ], [ 55.297945100647333, 25.252802776815802 ], [ 55.298309900575724, 25.253352176867896 ], [ 55.298382400578234, 25.253374776879244 ], [ 55.2985993, 25.2532594 ], [ 55.2986248, 25.2531934 ], [ 55.298265, 25.2526422 ], [ 55.2981921, 25.2526213 ] ] ], [ [ [ 55.298896501707347, 25.233451752096318 ], [ 55.298806670178934, 25.233451752096318 ], [ 55.298806670178934, 25.233496667860535 ], [ 55.298851585943147, 25.233496667860528 ], [ 55.298851585943147, 25.233541583624728 ], [ 55.298896501707347, 25.233541583624731 ], [ 55.298896501707347, 25.233451752096318 ] ] ], [ [ [ 55.2987458, 25.2399881 ], [ 55.2988066, 25.2399329 ], [ 55.2986909, 25.2397807 ], [ 55.2986378, 25.2398085 ], [ 55.2986353, 25.2398411 ], [ 55.2987458, 25.2399881 ] ] ], [ [ [ 55.2985965, 25.2414384 ], [ 55.298406961339289, 25.241527262607892 ], [ 55.298585761318733, 25.241842962619565 ], [ 55.2987753, 25.2417541 ], [ 55.2985965, 25.2414384 ] ] ], [ [ [ 55.298340047874504, 25.24411663045484 ], [ 55.29843374786352, 25.244273830461577 ], [ 55.2987304, 25.2441284 ], [ 55.29863670000001, 25.2439712 ], [ 55.298340047874504, 25.24411663045484 ] ] ], [ [ [ 55.298761754414734, 25.234709393494093 ], [ 55.298851585943147, 25.234709393494096 ], [ 55.298851585943147, 25.234664477729886 ], [ 55.298761754414734, 25.234664477729883 ], [ 55.298761754414734, 25.234709393494093 ] ] ], [ [ [ 55.298531161375614, 25.24118556261897 ], [ 55.2987283, 25.2410942 ], [ 55.2986323, 25.2409228 ], [ 55.298435261386828, 25.241014062612734 ], [ 55.298531161375614, 25.24118556261897 ] ] ], [ [ [ 55.298514103227603, 25.239735477055444 ], [ 55.2987381, 25.2396208 ], [ 55.2984068, 25.2390991 ], [ 55.298176203295412, 25.239218677007308 ], [ 55.298514103227603, 25.239735477055444 ] ] ], [ [ [ 55.2983177, 25.2477611 ], [ 55.297750701552424, 25.24802667683905 ], [ 55.298050201478894, 25.248554076880946 ], [ 55.2986172, 25.2482885 ], [ 55.2983177, 25.2477611 ] ] ], [ [ [ 55.2987128, 25.2405344 ], [ 55.2986299, 25.240372 ], [ 55.2985994, 25.2403573 ], [ 55.2985464, 25.240385 ], [ 55.2986274, 25.2405503 ], [ 55.2986543, 25.2405646 ], [ 55.2987128, 25.2405344 ] ] ], [ [ [ 55.2983721, 25.2546707 ], [ 55.298207700294938, 25.254753776835614 ], [ 55.298343000264673, 25.25497667685471 ], [ 55.2985074, 25.2548935 ], [ 55.2983721, 25.2546707 ] ] ], [ [ [ 55.298537175593701, 25.233406836332119 ], [ 55.298447344065288, 25.233406836332115 ], [ 55.298447344065288, 25.233451752096318 ], [ 55.298402428301081, 25.233451752096329 ], [ 55.298402428301081, 25.233496667860528 ], [ 55.298627007122114, 25.233496667860528 ], [ 55.298627007122114, 25.233406836332119 ], [ 55.298806670178934, 25.233406836332115 ], [ 55.298806670178934, 25.233317004803709 ], [ 55.298761754414734, 25.233317004803705 ], [ 55.298761754414734, 25.233272089039499 ], [ 55.298627007122114, 25.233272089039502 ], [ 55.298627007122114, 25.233361920567905 ], [ 55.298537175593701, 25.233361920567908 ], [ 55.298537175593701, 25.233406836332119 ] ] ], [ [ [ 55.298851585943147, 25.229993238252465 ], [ 55.298761754414734, 25.229993238252465 ], [ 55.298761754414734, 25.230038154016672 ], [ 55.298851585943147, 25.230038154016672 ], [ 55.298851585943147, 25.229993238252465 ] ] ], [ [ [ 55.298627007122114, 25.233047510218469 ], [ 55.298627007122114, 25.232957678690056 ], [ 55.298582091357908, 25.232957678690056 ], [ 55.298582091357908, 25.233047510218469 ], [ 55.298537175593701, 25.233047510218466 ], [ 55.298537175593701, 25.233092425982679 ], [ 55.298582091357908, 25.233092425982676 ], [ 55.298582091357908, 25.233227173275292 ], [ 55.298671922886328, 25.233227173275292 ], [ 55.298671922886328, 25.233137341746879 ], [ 55.298806670178934, 25.233137341746879 ], [ 55.298806670178934, 25.233092425982676 ], [ 55.298761754414734, 25.233092425982676 ], [ 55.298761754414734, 25.233047510218469 ], [ 55.298716838650527, 25.233047510218469 ], [ 55.298716838650527, 25.233092425982669 ], [ 55.298671922886328, 25.233092425982672 ], [ 55.298671922886328, 25.233047510218469 ], [ 55.298627007122114, 25.233047510218469 ] ] ], [ [ [ 55.2986489, 25.2400388 ], [ 55.2987097, 25.2399836 ], [ 55.298594, 25.2398314 ], [ 55.2985409, 25.2398592 ], [ 55.2985384, 25.2398918 ], [ 55.2986489, 25.2400388 ] ] ], [ [ [ 55.298148901206496, 25.250011276880151 ], [ 55.298264401177342, 25.250218776896254 ], [ 55.2985494, 25.2500701 ], [ 55.2985593, 25.2499742 ], [ 55.2984796, 25.249836 ], [ 55.298148901206496, 25.250011276880151 ] ] ], [ [ [ 55.2985552, 25.2464865 ], [ 55.2985999, 25.2464642 ], [ 55.2983483, 25.2461125 ], [ 55.298175960906924, 25.246206862565817 ], [ 55.29833456089149, 25.246455762576336 ], [ 55.2985107, 25.2463675 ], [ 55.2985552, 25.2464865 ] ] ], [ [ [ 55.298174861123051, 25.24381056257846 ], [ 55.298332861105436, 25.244083362588793 ], [ 55.2986108, 25.2439507 ], [ 55.2984527, 25.2436779 ], [ 55.298174861123051, 25.24381056257846 ] ] ], [ [ [ 55.2986938, 25.2368316 ], [ 55.2986919, 25.2367758 ], [ 55.298627007122164, 25.236770774669978 ], [ 55.298627007122114, 25.236730602883362 ], [ 55.298492259829501, 25.236730602883359 ], [ 55.298492259829501, 25.236685687119149 ], [ 55.298447344065288, 25.236685687119156 ], [ 55.298447344065288, 25.236640771354949 ], [ 55.298357512536874, 25.236640771354949 ], [ 55.298357512536874, 25.236730602883362 ], [ 55.298402428301081, 25.236730602883366 ], [ 55.298402428301081, 25.236775518647573 ], [ 55.298492259829501, 25.236775518647566 ], [ 55.298492259829501, 25.236820434411776 ], [ 55.298582091357908, 25.236820434411769 ], [ 55.298582091357908, 25.236775518647566 ], [ 55.298617649759137, 25.236775518648685 ], [ 55.2986324, 25.2369526 ], [ 55.2986846, 25.2369312 ], [ 55.2986938, 25.2368316 ] ] ], [ [ [ 55.297622600387719, 25.253986776750743 ], [ 55.297766800352186, 25.254241276770916 ], [ 55.297859900356563, 25.254264376785535 ], [ 55.2984382, 25.2539602 ], [ 55.2982554, 25.253657 ], [ 55.297622600387719, 25.253986776750743 ] ] ], [ [ [ 55.298716838650527, 25.230172901309288 ], [ 55.298716838650527, 25.230262732837701 ], [ 55.298761754414734, 25.230262732837698 ], [ 55.298761754414734, 25.230172901309285 ], [ 55.298716838650527, 25.230172901309288 ] ] ], [ [ [ 55.298433503140075, 25.240148777037859 ], [ 55.2986104, 25.2400604 ], [ 55.2984971, 25.2398832 ], [ 55.298325503164541, 25.23996917702263 ], [ 55.2983178, 25.240006 ], [ 55.2983036, 25.2399826 ], [ 55.2982505, 25.2400103 ], [ 55.29833150000001, 25.2401756 ], [ 55.2983585, 25.2401899 ], [ 55.2984169, 25.2401597 ], [ 55.2984061, 25.240141 ], [ 55.298433503140075, 25.240148777037859 ] ] ], [ [ [ 55.2984734, 25.2412313 ], [ 55.2982999, 25.2413147 ], [ 55.2983968, 25.2414796 ], [ 55.2985703, 25.2413963 ], [ 55.2984734, 25.2412313 ] ] ], [ [ [ 55.2984918, 25.2404314 ], [ 55.298464, 25.2404212 ], [ 55.2983803, 25.2404923 ], [ 55.2983661, 25.2404689 ], [ 55.298313, 25.2404966 ], [ 55.298421, 25.2406762 ], [ 55.2984794, 25.240646 ], [ 55.2984686, 25.2406273 ], [ 55.2985747, 25.2405938 ], [ 55.2984918, 25.2404314 ] ] ], [ [ [ 55.298492259829501, 25.246477323716054 ], [ 55.298440555302228, 25.24648112841248 ], [ 55.298440555300054, 25.24651992694087 ], [ 55.2984151, 25.2464814 ], [ 55.2983698, 25.2465058 ], [ 55.2983957, 25.2465451 ], [ 55.298492259829501, 25.246522239480264 ], [ 55.298492259829501, 25.246477323716054 ] ] ], [ [ [ 55.298671922886328, 25.229993238252465 ], [ 55.298671922886328, 25.230038154016668 ], [ 55.298716838650527, 25.230038154016668 ], [ 55.298716838650527, 25.229993238252469 ], [ 55.298671922886328, 25.229993238252465 ] ] ], [ [ [ 55.297873161256781, 25.242179862564608 ], [ 55.298130961229688, 25.242606862581574 ], [ 55.2985426, 25.2424116 ], [ 55.2982956, 25.2419729 ], [ 55.297873161256781, 25.242179862564608 ] ] ], [ [ [ 55.298627007122114, 25.234978888079329 ], [ 55.298627007122114, 25.234933972315115 ], [ 55.298582091357908, 25.234933972315119 ], [ 55.298582091357908, 25.234978888079326 ], [ 55.298627007122114, 25.234978888079329 ] ] ], [ [ [ 55.298492259829501, 25.230532227422938 ], [ 55.298492259829501, 25.230577143187141 ], [ 55.298537175593701, 25.230577143187141 ], [ 55.298537175593701, 25.230622058951344 ], [ 55.298671922886328, 25.230622058951344 ], [ 55.298671922886328, 25.230577143187141 ], [ 55.298582091357908, 25.230577143187144 ], [ 55.298582091357908, 25.230532227422938 ], [ 55.298492259829501, 25.230532227422938 ] ] ], [ [ [ 55.298537175593701, 25.236955181704392 ], [ 55.298582091357908, 25.236955181704388 ], [ 55.298582091357908, 25.236865350175979 ], [ 55.298537175593701, 25.236865350175979 ], [ 55.298537175593701, 25.236955181704392 ] ] ], [ [ [ 55.2983647, 25.24447 ], [ 55.2982643, 25.2442926 ], [ 55.2981802, 25.244206 ], [ 55.2979934, 25.2440412 ], [ 55.29787617167608, 25.244000308265221 ], [ 55.297850471660425, 25.244175608262587 ], [ 55.297969571645936, 25.24440790826965 ], [ 55.298296471617604, 25.244908408289735 ], [ 55.298385173804533, 25.244950187748341 ], [ 55.298303781622309, 25.244955128158072 ], [ 55.298303781618948, 25.24500004392209 ], [ 55.298438528916506, 25.245000043930418 ], [ 55.2984698, 25.2448332 ], [ 55.2983647, 25.24447 ] ] ], [ [ [ 55.298671922886328, 25.230172901309281 ], [ 55.298671922886328, 25.230083069780871 ], [ 55.298582091357908, 25.230083069780871 ], [ 55.298582091357908, 25.230127985545071 ], [ 55.298627007122114, 25.230127985545078 ], [ 55.298627007122114, 25.230172901309285 ], [ 55.298671922886328, 25.230172901309281 ] ] ], [ [ [ 55.2982737, 25.2495711 ], [ 55.297953101241269, 25.249735276851979 ], [ 55.29807170121564, 25.249926076868785 ], [ 55.2983923, 25.2497619 ], [ 55.2982737, 25.2495711 ] ] ], [ [ [ 55.2983144, 25.2546 ], [ 55.2981899, 25.2543931 ], [ 55.297883400304421, 25.254545476786099 ], [ 55.298007900276232, 25.254752376803665 ], [ 55.2983144, 25.2546 ] ] ], [ [ [ 55.298492259829501, 25.234889056550912 ], [ 55.298582091357908, 25.234889056550909 ], [ 55.298582091357908, 25.234799225022503 ], [ 55.298492259829501, 25.234799225022499 ], [ 55.298492259829501, 25.234889056550912 ] ] ], [ [ [ 55.298217800281783, 25.24746825305753 ], [ 55.2982178002799, 25.24751316882163 ], [ 55.298397463340429, 25.247513168827879 ], [ 55.298402428301081, 25.247420554764386 ], [ 55.298267681008468, 25.247420554764382 ], [ 55.298217800281783, 25.24746825305753 ] ] ], [ [ [ 55.2984604, 25.2431659 ], [ 55.2984204, 25.2431269 ], [ 55.298142161171761, 25.243254462578967 ], [ 55.298100161164342, 25.243316162575507 ], [ 55.29817506116737, 25.243319262581082 ], [ 55.2984604, 25.2431659 ] ] ], [ [ [ 55.2983666, 25.2464977 ], [ 55.2984135, 25.2464732 ], [ 55.2983952, 25.2464444 ], [ 55.2983483, 25.2464689 ], [ 55.2983666, 25.2464977 ] ] ], [ [ [ 55.298582091357908, 25.230262732837694 ], [ 55.298582091357908, 25.230307648601904 ], [ 55.298627007122114, 25.230307648601912 ], [ 55.298627007122114, 25.230262732837701 ], [ 55.298582091357908, 25.230262732837694 ] ] ], [ [ [ 55.2981434, 25.2550771 ], [ 55.2982807, 25.2550049 ], [ 55.2981532, 25.2548066 ], [ 55.2980159, 25.2548787 ], [ 55.2981434, 25.2550771 ] ] ], [ [ [ 55.298366, 25.2410403 ], [ 55.2981793, 25.2411276 ], [ 55.2982829, 25.241309 ], [ 55.2984697, 25.2412217 ], [ 55.298366, 25.2410403 ] ] ], [ [ [ 55.2980366, 25.2488418 ], [ 55.297835801383293, 25.248943176842236 ], [ 55.298150901313072, 25.249461076886746 ], [ 55.2983517, 25.2493598 ], [ 55.2980366, 25.2488418 ] ] ], [ [ [ 55.298093003205224, 25.239644476989156 ], [ 55.29825390317454, 25.239882277012168 ], [ 55.2984833, 25.2397676 ], [ 55.2983183, 25.2395286 ], [ 55.298093003205224, 25.239644476989156 ] ] ], [ [ [ 55.298350420741841, 25.230760781351101 ], [ 55.298350420739141, 25.230805697115152 ], [ 55.298395336501969, 25.230850612881419 ], [ 55.298582091357908, 25.230846637772373 ], [ 55.298582091357908, 25.23080172200817 ], [ 55.298492259829501, 25.230756806243964 ], [ 55.298350420741841, 25.230760781351101 ] ] ], [ [ [ 55.298310960924717, 25.246075862576582 ], [ 55.2983602, 25.2460483 ], [ 55.2983387, 25.2460168 ], [ 55.298289460926604, 25.246044362575148 ], [ 55.298310960924717, 25.246075862576582 ] ] ], [ [ [ 55.2981239, 25.25332 ], [ 55.297831500507982, 25.253467476790068 ], [ 55.297956100480341, 25.253671576807676 ], [ 55.2982486, 25.2535241 ], [ 55.2981239, 25.25332 ] ] ], [ [ [ 55.298402428301081, 25.235697540306621 ], [ 55.298492259829501, 25.235697540306621 ], [ 55.298492259829501, 25.235607708778208 ], [ 55.298402428301081, 25.235607708778204 ], [ 55.298402428301081, 25.235697540306621 ] ] ], [ [ [ 55.2982523, 25.2386806 ], [ 55.2983898, 25.2388934 ], [ 55.2984391, 25.2388674 ], [ 55.2983016, 25.2386546 ], [ 55.2982523, 25.2386806 ] ] ], [ [ [ 55.298530590350367, 25.23094016047941 ], [ 55.298537175593701, 25.230891553536583 ], [ 55.298440758821997, 25.230895244711203 ], [ 55.298440758819488, 25.230940160475257 ], [ 55.298530590350367, 25.23094016047941 ] ] ], [ [ [ 55.297254600608987, 25.25266197670696 ], [ 55.297402700577607, 25.252896976727971 ], [ 55.2982247, 25.2524856 ], [ 55.298103, 25.2522952 ], [ 55.2980208, 25.2522684 ], [ 55.297254600608987, 25.25266197670696 ] ] ], [ [ [ 55.298177849480055, 25.235472961485598 ], [ 55.298177849480055, 25.235428045721385 ], [ 55.298222765244262, 25.235428045721388 ], [ 55.298222765244262, 25.235383129957182 ], [ 55.298267681008468, 25.235383129957178 ], [ 55.298267681008468, 25.235517877249794 ], [ 55.298447344065288, 25.235517877249794 ], [ 55.298447344065288, 25.235472961485595 ], [ 55.298402428301081, 25.235472961485595 ], [ 55.298402428301081, 25.235428045721388 ], [ 55.298357512536874, 25.235428045721385 ], [ 55.298357512536874, 25.235293298428768 ], [ 55.298222765244262, 25.235293298428768 ], [ 55.298222765244262, 25.235248382664562 ], [ 55.298132933715856, 25.235248382664558 ], [ 55.298132933715856, 25.235203466900355 ], [ 55.298043102187435, 25.235203466900359 ], [ 55.298043102187435, 25.235248382664562 ], [ 55.297998186423229, 25.235248382664562 ], [ 55.297998186423229, 25.235293298428768 ], [ 55.298043102187435, 25.235293298428768 ], [ 55.298043102187435, 25.235338214192968 ], [ 55.297953270659029, 25.235338214192982 ], [ 55.297953270659029, 25.235383129957182 ], [ 55.297908354894815, 25.235383129957182 ], [ 55.297908354894815, 25.235472961485591 ], [ 55.298043102187435, 25.235472961485598 ], [ 55.298043102187435, 25.235517877249794 ], [ 55.298088017951642, 25.235517877249794 ], [ 55.298088017951642, 25.235562793014005 ], [ 55.298132933715856, 25.235562793014005 ], [ 55.298132933715856, 25.235472961485595 ], [ 55.298177849480055, 25.235472961485598 ] ] ], [ [ [ 55.29814490303297, 25.24056127698702 ], [ 55.2983502, 25.2404747 ], [ 55.2983658, 25.2404503 ], [ 55.2983323, 25.2403975 ], [ 55.298130203046163, 25.240485776985533 ], [ 55.298114003039295, 25.240513376982626 ], [ 55.29814490303297, 25.24056127698702 ] ] ], [ [ [ 55.29828950000001, 25.2407429 ], [ 55.2983504, 25.2406877 ], [ 55.2982347, 25.2405356 ], [ 55.2981816, 25.2405634 ], [ 55.2981791, 25.240596 ], [ 55.29828950000001, 25.2407429 ] ] ], [ [ [ 55.298267681008468, 25.230038154016672 ], [ 55.298267681008468, 25.230083069780875 ], [ 55.298312596772675, 25.230083069780875 ], [ 55.298312596772675, 25.230172901309292 ], [ 55.298357512536874, 25.230172901309288 ], [ 55.298357512536874, 25.230127985545082 ], [ 55.298402428301081, 25.230127985545082 ], [ 55.298402428301081, 25.230083069780871 ], [ 55.298447344065288, 25.230083069780871 ], [ 55.298447344065288, 25.230038154016672 ], [ 55.298492259829501, 25.230038154016668 ], [ 55.298492259829501, 25.229993238252462 ], [ 55.298357512536874, 25.229993238252465 ], [ 55.298357512536874, 25.230038154016672 ], [ 55.298267681008468, 25.230038154016672 ] ] ], [ [ [ 55.2982432, 25.2386976 ], [ 55.297427903243282, 25.239120976888785 ], [ 55.297543803218893, 25.239304076905231 ], [ 55.2983592, 25.2388807 ], [ 55.2982432, 25.2386976 ] ] ], [ [ [ 55.2982269, 25.2460683 ], [ 55.2981315, 25.246121 ], [ 55.2981822, 25.2461961 ], [ 55.2982277, 25.246171 ], [ 55.2982047, 25.246137 ], [ 55.2982547, 25.2461095 ], [ 55.2982269, 25.2460683 ] ] ], [ [ [ 55.2981317, 25.2452474 ], [ 55.298109, 25.2452114 ], [ 55.297981, 25.2452775 ], [ 55.2980644, 25.2454096 ], [ 55.2982644, 25.2453062 ], [ 55.2982459, 25.2452769 ], [ 55.298163468996897, 25.24531986910926 ], [ 55.2981473, 25.2452944 ], [ 55.298178, 25.2452786 ], [ 55.2981517, 25.2452371 ], [ 55.2981317, 25.2452474 ] ] ], [ [ [ 55.2982599, 25.2402395 ], [ 55.2983207, 25.2401843 ], [ 55.298205, 25.2400322 ], [ 55.2981519, 25.24006 ], [ 55.2981494, 25.2400926 ], [ 55.2982599, 25.2402395 ] ] ], [ [ [ 55.298357512536874, 25.237000097468599 ], [ 55.298222765244262, 25.237000097468595 ], [ 55.298222765244262, 25.237089928997008 ], [ 55.298312596772675, 25.237089928997012 ], [ 55.298312596772675, 25.237045013232802 ], [ 55.298357512536874, 25.237045013232802 ], [ 55.298357512536874, 25.237000097468599 ] ] ], [ [ [ 55.298312596772675, 25.232912762925849 ], [ 55.298312596772675, 25.232957678690056 ], [ 55.298402428301081, 25.232957678690056 ], [ 55.298402428301081, 25.232912762925846 ], [ 55.298312596772675, 25.232912762925849 ] ] ], [ [ [ 55.2977544028059, 25.241544376913406 ], [ 55.298009402741265, 25.242003976948943 ], [ 55.2982671, 25.2418846 ], [ 55.298012, 25.241425 ], [ 55.2977544028059, 25.241544376913406 ] ] ], [ [ [ 55.2980911, 25.2427978 ], [ 55.297867661190814, 25.242908462560322 ], [ 55.298020861174642, 25.24316306257041 ], [ 55.2982443, 25.2430524 ], [ 55.2980911, 25.2427978 ] ] ], [ [ [ 55.298267681008468, 25.234574646201473 ], [ 55.298357512536874, 25.234574646201477 ], [ 55.298357512536874, 25.234529730437266 ], [ 55.298267681008468, 25.234529730437266 ], [ 55.298267681008468, 25.234574646201473 ] ] ], [ [ [ 55.298050103212887, 25.239583776982997 ], [ 55.2982835, 25.2394667 ], [ 55.2981453, 25.2392423 ], [ 55.29790660324241, 25.239360576962586 ], [ 55.298050103212887, 25.239583776982997 ] ] ], [ [ [ 55.297569100569163, 25.253022276753168 ], [ 55.297783100521954, 25.253371476783418 ], [ 55.298085, 25.2532178 ], [ 55.2979175, 25.2529296 ], [ 55.2978106, 25.2529065 ], [ 55.297569100569163, 25.253022276753168 ] ] ], [ [ [ 55.298262919374736, 25.230714559477413 ], [ 55.298312596772675, 25.230666974715554 ], [ 55.298357512536874, 25.230532227422941 ], [ 55.298402428301081, 25.230217817073491 ], [ 55.298088017951642, 25.230127985545078 ], [ 55.297998186423229, 25.230127985545082 ], [ 55.297723930213522, 25.230220486054321 ], [ 55.297723930208086, 25.230355233346625 ], [ 55.297768845969564, 25.230445064876321 ], [ 55.297961657360098, 25.230587701193581 ], [ 55.2979504, 25.2306289 ], [ 55.2980003, 25.2306401 ], [ 55.297983681970813, 25.230672410829047 ], [ 55.298086881972928, 25.230695610835546 ], [ 55.29810125074966, 25.230671457282714 ], [ 55.298173087844553, 25.230714559474414 ], [ 55.298262919374736, 25.230714559477413 ] ] ], [ [ [ 55.298062403007279, 25.24065367697278 ], [ 55.298145902989575, 25.240786276984622 ], [ 55.298172902989371, 25.240800576988782 ], [ 55.2982541, 25.2407576 ], [ 55.2981713, 25.2405952 ], [ 55.2981408, 25.2405805 ], [ 55.298064903013838, 25.240620976973553 ], [ 55.298062403007279, 25.24065367697278 ] ] ], [ [ [ 55.2979161, 25.2549198 ], [ 55.29774260020158, 25.255008076758319 ], [ 55.297869200173601, 25.255214876776218 ], [ 55.2980427, 25.2551266 ], [ 55.2979161, 25.2549198 ] ] ], [ [ [ 55.298312596772675, 25.235562793014005 ], [ 55.298218408676043, 25.235565234851006 ], [ 55.298218408672732, 25.235655066379223 ], [ 55.298312596772675, 25.235652624542421 ], [ 55.298312596772675, 25.235562793014005 ] ] ], [ [ [ 55.298312596772675, 25.235023803843529 ], [ 55.298222765244262, 25.235023803843529 ], [ 55.298222765244262, 25.235113635371945 ], [ 55.298267681008468, 25.235113635371945 ], [ 55.298267681008468, 25.235068719607739 ], [ 55.298312596772675, 25.235068719607735 ], [ 55.298312596772675, 25.235023803843529 ] ] ], [ [ [ 55.298245940863694, 25.233948955415379 ], [ 55.298270540862603, 25.233989055416071 ], [ 55.2983197, 25.2339641 ], [ 55.2982951, 25.233924 ], [ 55.298245940863694, 25.233948955415379 ] ] ], [ [ [ 55.298222765244262, 25.234439898908857 ], [ 55.298312596772675, 25.234439898908857 ], [ 55.298312596772675, 25.234350067380444 ], [ 55.298222765244262, 25.23435006738044 ], [ 55.298222765244262, 25.234439898908857 ] ] ], [ [ [ 55.2980277, 25.2511654 ], [ 55.2980776, 25.2509816 ], [ 55.2980337, 25.2508943 ], [ 55.2978729, 25.2508586 ], [ 55.297709300989482, 25.250917676799542 ], [ 55.2976594009492, 25.251101476789465 ], [ 55.297905200955995, 25.251187076827797 ], [ 55.2980277, 25.2511654 ] ] ], [ [ [ 55.2981613, 25.240291 ], [ 55.2982222, 25.2402358 ], [ 55.2981064, 25.2400837 ], [ 55.2980534, 25.2401115 ], [ 55.2980508, 25.2401441 ], [ 55.2981613, 25.240291 ] ] ], [ [ [ 55.2979024, 25.2366447 ], [ 55.297803540746216, 25.236771355394815 ], [ 55.298029840749486, 25.236798055401987 ], [ 55.2982614, 25.2367453 ], [ 55.2982403, 25.2366918 ], [ 55.2979024, 25.2366447 ] ] ], [ [ [ 55.297951060995963, 25.245109462554858 ], [ 55.297979960993075, 25.245155562556775 ], [ 55.2981236, 25.2450815 ], [ 55.2980947, 25.2450354 ], [ 55.297951060995963, 25.245109462554858 ] ] ], [ [ [ 55.297625560832785, 25.246758262521819 ], [ 55.2981034, 25.2465091 ], [ 55.2980209, 25.2463794 ], [ 55.297542960840822, 25.24662866251634 ], [ 55.297625560832785, 25.246758262521819 ] ] ], [ [ [ 55.298088017951642, 25.246612071008673 ], [ 55.297998186423229, 25.246612071008681 ], [ 55.297991802937808, 25.246660564302577 ], [ 55.298081634468602, 25.246660564306602 ], [ 55.298088017951642, 25.246612071008673 ] ] ], [ [ [ 55.29756740318134, 25.239509976906657 ], [ 55.29787630311629, 25.239998276950491 ], [ 55.2981746, 25.2398462 ], [ 55.2978712, 25.2393552 ], [ 55.29756740318134, 25.239509976906657 ] ] ], [ [ [ 55.298222765244262, 25.232957678690056 ], [ 55.298222765244262, 25.233002594454263 ], [ 55.298132933715856, 25.233002594454266 ], [ 55.298132933715856, 25.233092425982669 ], [ 55.298222765244262, 25.233092425982672 ], [ 55.298222765244262, 25.233047510218473 ], [ 55.298267681008468, 25.233047510218469 ], [ 55.298267681008468, 25.232957678690056 ], [ 55.298222765244262, 25.232957678690056 ] ] ], [ [ [ 55.2980521, 25.2451773 ], [ 55.2979822, 25.245212 ], [ 55.2980049, 25.2452493 ], [ 55.2980747, 25.2452145 ], [ 55.2980521, 25.2451773 ] ] ], [ [ [ 55.2978237, 25.2546019 ], [ 55.297586600241829, 25.254723376736607 ], [ 55.297703600216465, 25.254911976753171 ], [ 55.2979407, 25.2547904 ], [ 55.2978237, 25.2546019 ] ] ], [ [ [ 55.2981209, 25.2405812 ], [ 55.2981365, 25.2405568 ], [ 55.2980753, 25.2405019 ], [ 55.2979075, 25.2406071 ], [ 55.2979384, 25.240655 ], [ 55.2979745, 25.2406572 ], [ 55.2981209, 25.2405812 ] ] ], [ [ [ 55.297588169610414, 25.23421855691992 ], [ 55.297588169608211, 25.234263472683995 ], [ 55.297767933978307, 25.234391875991705 ], [ 55.297767933975329, 25.234443078960933 ], [ 55.29782545784866, 25.234432964429793 ], [ 55.297902579954211, 25.234488051517104 ], [ 55.298037327250071, 25.234488051522572 ], [ 55.298177849480055, 25.234439898908857 ], [ 55.298222765244262, 25.234305151616237 ], [ 55.298222765244262, 25.23426023585203 ], [ 55.297908354894815, 25.234170404323628 ], [ 55.297773607602203, 25.234170404323621 ], [ 55.297588169610414, 25.23421855691992 ] ] ], [ [ [ 55.297853914672039, 25.245269935981458 ], [ 55.297879546884303, 25.245269935988752 ], [ 55.2979841, 25.2454803 ], [ 55.2980656, 25.245441 ], [ 55.2979766, 25.2452898 ], [ 55.2979328, 25.2453109 ], [ 55.297908647807752, 25.245269935991622 ], [ 55.297953270659029, 25.245264598082496 ], [ 55.297953270659029, 25.245219682318286 ], [ 55.297863439130609, 25.245219682318286 ], [ 55.297853914672039, 25.245269935981458 ] ] ], [ [ [ 55.297928443897426, 25.240703813183199 ], [ 55.2979146, 25.240681 ], [ 55.2978615, 25.2407087 ], [ 55.297859, 25.2407414 ], [ 55.2979425, 25.240874 ], [ 55.2979695, 25.2408883 ], [ 55.2981187, 25.2408183 ], [ 55.2980358, 25.2406558 ], [ 55.298007, 25.2406432 ], [ 55.297928443897426, 25.240703813183199 ] ] ], [ [ [ 55.297928403080448, 25.240209276956406 ], [ 55.298012003062738, 25.240341976968271 ], [ 55.29803890306254, 25.240356176972412 ], [ 55.2981202, 25.2403132 ], [ 55.2980373, 25.2401508 ], [ 55.29800680000001, 25.2401361 ], [ 55.297931003086994, 25.240176676957194 ], [ 55.297928403080448, 25.240209276956406 ] ] ], [ [ [ 55.297998186423229, 25.234080572795207 ], [ 55.297998186423229, 25.234125488559414 ], [ 55.298043102187435, 25.234125488559414 ], [ 55.298043102187435, 25.234170404323624 ], [ 55.298177849480055, 25.234170404323628 ], [ 55.298177849480055, 25.234125488559414 ], [ 55.298132933715856, 25.234125488559418 ], [ 55.298132933715856, 25.234080572795197 ], [ 55.297998186423229, 25.234080572795207 ] ] ], [ [ [ 55.2978313, 25.248369 ], [ 55.297579101445933, 25.248493176806299 ], [ 55.297712101415215, 25.248717376825017 ], [ 55.2979643, 25.2485932 ], [ 55.2978313, 25.248369 ] ] ], [ [ [ 55.2977685, 25.253517 ], [ 55.297455800433504, 25.253668076727692 ], [ 55.297566800407239, 25.253858476743279 ], [ 55.2978795, 25.2537075 ], [ 55.2977685, 25.253517 ] ] ], [ [ [ 55.297998186423229, 25.235113635371949 ], [ 55.297953270659029, 25.235113635371949 ], [ 55.297953270659029, 25.235203466900359 ], [ 55.297998186423229, 25.235203466900362 ], [ 55.297998186423229, 25.235158551136152 ], [ 55.298132933715856, 25.235158551136148 ], [ 55.298132933715856, 25.235023803843525 ], [ 55.297998186423229, 25.235023803843532 ], [ 55.297998186423229, 25.235113635371949 ] ] ], [ [ [ 55.2977462, 25.2449132 ], [ 55.2977170154902, 25.24491336918609 ], [ 55.297701972720461, 25.244808069829077 ], [ 55.2977563, 25.2447793 ], [ 55.2977551, 25.2447341 ], [ 55.2977158, 25.2446731 ], [ 55.297593944545383, 25.244680693147814 ], [ 55.297359233339321, 25.244821119023488 ], [ 55.297316691117963, 25.244906203448483 ], [ 55.2973034, 25.2448849 ], [ 55.2971505, 25.2449641 ], [ 55.2971868, 25.2450214 ], [ 55.297271, 25.2449777 ], [ 55.297426, 25.2452223 ], [ 55.2974947, 25.2451867 ], [ 55.297460902249163, 25.245118990207892 ], [ 55.29754381092247, 25.245135529406383 ], [ 55.297491960965147, 25.245225662519978 ], [ 55.297569060966055, 25.245253362525588 ], [ 55.297745760974266, 25.245249162538798 ], [ 55.2979015, 25.2451606 ], [ 55.2979707, 25.2450488 ], [ 55.297986, 25.244956 ], [ 55.2978541, 25.2449562 ], [ 55.297728691838429, 25.245021280350656 ], [ 55.2977462, 25.2449132 ] ] ], [ [ [ 55.298132933715856, 25.230936469300783 ], [ 55.298177849480055, 25.23089155353658 ], [ 55.298177849480055, 25.230846637772373 ], [ 55.298128577320135, 25.230849079616881 ], [ 55.298083661553449, 25.230893995379624 ], [ 55.2980836615518, 25.230938911143731 ], [ 55.298132933715856, 25.230936469300783 ] ] ], [ [ [ 55.297685760884072, 25.246219362529171 ], [ 55.29779626087327, 25.246393362536491 ], [ 55.2979601, 25.2463078 ], [ 55.2978496, 25.2461338 ], [ 55.297685760884072, 25.246219362529171 ] ] ], [ [ [ 55.297546301328914, 25.249082276794347 ], [ 55.297510301307106, 25.249177376787515 ], [ 55.2976251012863, 25.249341376804004 ], [ 55.2979067, 25.2491984 ], [ 55.2977752, 25.2489782 ], [ 55.297546301328914, 25.249082276794347 ] ] ], [ [ [ 55.2978277, 25.2454848 ], [ 55.2977278, 25.245536 ], [ 55.2977527, 25.2455759 ], [ 55.2979538, 25.245473 ], [ 55.2978678, 25.2453356 ], [ 55.2977407, 25.2454004 ], [ 55.2978277, 25.2454848 ] ] ], [ [ [ 55.297585800117595, 25.255365276729176 ], [ 55.2977946, 25.2552545 ], [ 55.2974857, 25.2547631 ], [ 55.297263600181424, 25.254877076683197 ], [ 55.297246000166382, 25.254946176679589 ], [ 55.297479800112249, 25.255340876712495 ], [ 55.297585800117595, 25.255365276729176 ] ] ], [ [ [ 55.297475602754133, 25.241675276867344 ], [ 55.297723602687704, 25.242140776901692 ], [ 55.2979762, 25.2420279 ], [ 55.2977282, 25.2415623 ], [ 55.297475602754133, 25.241675276867344 ] ] ], [ [ [ 55.29753945722431, 25.242753132894858 ], [ 55.297663357210055, 25.242967632903202 ], [ 55.29796180000001, 25.2428174 ], [ 55.297845, 25.2426037 ], [ 55.29753945722431, 25.242753132894858 ] ] ], [ [ [ 55.2976046, 25.2407388 ], [ 55.297048002841528, 25.241013176806518 ], [ 55.297422302756239, 25.24163817685924 ], [ 55.297979, 25.2413637 ], [ 55.2976046, 25.2407388 ] ] ], [ [ [ 55.2979076, 25.2404179 ], [ 55.2979684, 25.2403627 ], [ 55.2978527, 25.2402105 ], [ 55.2977996, 25.2402383 ], [ 55.2977971, 25.2402709 ], [ 55.2979076, 25.2404179 ] ] ], [ [ [ 55.297804875623406, 25.24423083790062 ], [ 55.297870575617857, 25.244331737904538 ], [ 55.2979127, 25.2443062 ], [ 55.2978482, 25.2442058 ], [ 55.297804875623406, 25.24423083790062 ] ] ], [ [ [ 55.2978213, 25.2474437 ], [ 55.29775765679576, 25.247478632885802 ], [ 55.297773956794252, 25.247502932886917 ], [ 55.2978375, 25.247468 ], [ 55.2978213, 25.2474437 ] ] ], [ [ [ 55.297953270659029, 25.235562793014012 ], [ 55.297863439130609, 25.235562793014005 ], [ 55.297863439130609, 25.235652624542421 ], [ 55.297953270659029, 25.235652624542418 ], [ 55.297953270659029, 25.235607708778211 ], [ 55.297998186423229, 25.235607708778215 ], [ 55.297998186423229, 25.235517877249794 ], [ 55.297953270659029, 25.235517877249801 ], [ 55.297953270659029, 25.235562793014012 ] ] ], [ [ [ 55.2978987, 25.2406856 ], [ 55.2979143, 25.2406612 ], [ 55.2978531, 25.2406063 ], [ 55.2976853, 25.2407115 ], [ 55.2977162, 25.2407594 ], [ 55.2977523, 25.2407616 ], [ 55.2978987, 25.2406856 ] ] ], [ [ [ 55.2976525, 25.2511113 ], [ 55.297378300896021, 25.251238476742948 ], [ 55.297484900869108, 25.251429976757809 ], [ 55.2977591, 25.2513027 ], [ 55.2976525, 25.2511113 ] ] ], [ [ [ 55.297998186423229, 25.23071189047976 ], [ 55.297998186423229, 25.230756806243964 ], [ 55.298043102187435, 25.23075680624396 ], [ 55.298043102187435, 25.230711890479764 ], [ 55.297998186423229, 25.23071189047976 ] ] ], [ [ [ 55.297701702942099, 25.240813776913303 ], [ 55.297785202924388, 25.240946476925131 ], [ 55.29781210292419, 25.240960676929269 ], [ 55.2978934, 25.2409177 ], [ 55.2978105, 25.2407553 ], [ 55.297701702942099, 25.240813776913303 ] ] ], [ [ [ 55.2977829, 25.2482745 ], [ 55.2976505, 25.2480499 ], [ 55.297397001490367, 25.248173976780816 ], [ 55.297529401459528, 25.24839847679943 ], [ 55.2977829, 25.2482745 ] ] ], [ [ [ 55.297239100509273, 25.2531699766987 ], [ 55.297201900487444, 25.253264576691677 ], [ 55.297374000447228, 25.253556976715871 ], [ 55.2977038, 25.2534054 ], [ 55.2974898, 25.2530583 ], [ 55.297239100509273, 25.2531699766987 ] ] ], [ [ [ 55.2977579, 25.2473613 ], [ 55.297724520446295, 25.247378307157565 ], [ 55.297750520444744, 25.247421107158544 ], [ 55.297784, 25.2474041 ], [ 55.2977579, 25.2473613 ] ] ], [ [ [ 55.2976402, 25.245921 ], [ 55.297506660896516, 25.245993562517004 ], [ 55.297626660885498, 25.246174562525006 ], [ 55.2977522, 25.2461062 ], [ 55.2977979, 25.2460314 ], [ 55.2977388, 25.2459422 ], [ 55.2976402, 25.245921 ] ] ], [ [ [ 55.2978107, 25.2404686 ], [ 55.2978715, 25.2404134 ], [ 55.2977558, 25.2402612 ], [ 55.2977027, 25.240289 ], [ 55.2977002, 25.2403216 ], [ 55.2978107, 25.2404686 ] ] ], [ [ [ 55.297633660954844, 25.245409362529582 ], [ 55.297656560952767, 25.245443662531112 ], [ 55.2977887, 25.245371599999988 ], [ 55.2977659, 25.2453372 ], [ 55.297633660954844, 25.245409362529582 ] ] ], [ [ [ 55.297889862033955, 25.233570062611559 ], [ 55.297905062032591, 25.23359266261258 ], [ 55.2979501, 25.2335678 ], [ 55.2979196, 25.233544 ], [ 55.297889862033955, 25.233570062611559 ] ] ], [ [ [ 55.297364560738984, 25.247669762497498 ], [ 55.2977542, 25.2474604 ], [ 55.297687, 25.2473579 ], [ 55.297297360745254, 25.247567262493028 ], [ 55.297364560738984, 25.247669762497498 ] ] ], [ [ [ 55.2973359, 25.2447243 ], [ 55.2977854, 25.2445374 ], [ 55.297741, 25.244435 ], [ 55.297651544998423, 25.244488345424653 ], [ 55.297683776073789, 25.244456114326788 ], [ 55.297683776073789, 25.244321367034171 ], [ 55.297504905081354, 25.244366018777384 ], [ 55.2976461, 25.2442841 ], [ 55.2976218, 25.244245 ], [ 55.297598362703958, 25.244257227290337 ], [ 55.2974282, 25.2440203 ], [ 55.297101261041568, 25.244186562496346 ], [ 55.297058745512942, 25.244237220719587 ], [ 55.297001933730762, 25.244236078354199 ], [ 55.297001933721504, 25.244370825646271 ], [ 55.297046849477965, 25.244505572940895 ], [ 55.297143571846604, 25.244501711055612 ], [ 55.297169761012363, 25.244543962499559 ], [ 55.297382125503184, 25.244435951092512 ], [ 55.297135363794418, 25.24459614268789 ], [ 55.297135363790822, 25.244641058451883 ], [ 55.297320339709749, 25.24464105848892 ], [ 55.2972904, 25.2446821 ], [ 55.2973359, 25.2447243 ] ] ], [ [ [ 55.297336361214171, 25.242388662523442 ], [ 55.297511461195086, 25.242686262534924 ], [ 55.297806, 25.2425436 ], [ 55.2976309, 25.242246 ], [ 55.297336361214171, 25.242388662523442 ] ] ], [ [ [ 55.297746103083121, 25.240105976928444 ], [ 55.2978377, 25.2400582 ], [ 55.2975178, 25.2395441 ], [ 55.297426203152121, 25.23959187688315 ], [ 55.297746103083121, 25.240105976928444 ] ] ], [ [ [ 55.2977911, 25.2433322 ], [ 55.2977554, 25.243267 ], [ 55.2977234, 25.2432825 ], [ 55.2977581, 25.2433461 ], [ 55.2977911, 25.2433322 ] ] ], [ [ [ 55.2974709, 25.2541922 ], [ 55.297256500292086, 25.254301476688603 ], [ 55.297388400263181, 25.254515676707264 ], [ 55.2976028, 25.2544065 ], [ 55.2974709, 25.2541922 ] ] ], [ [ [ 55.297537, 25.2495046 ], [ 55.297359301211735, 25.249596476758597 ], [ 55.29747620118664, 25.249783676775159 ], [ 55.2976539, 25.2496918 ], [ 55.297537, 25.2495046 ] ] ], [ [ [ 55.2971384, 25.2473557 ], [ 55.2972493, 25.2475297 ], [ 55.2976811, 25.2473046 ], [ 55.2975702, 25.2471306 ], [ 55.2971384, 25.2473557 ] ] ], [ [ [ 55.2977137, 25.2405204 ], [ 55.2977745, 25.2404652 ], [ 55.2976588, 25.240313 ], [ 55.2976057, 25.2403408 ], [ 55.2976032, 25.2403734 ], [ 55.2977137, 25.2405204 ] ] ], [ [ [ 55.2976246, 25.2505356 ], [ 55.2975161, 25.2503623 ], [ 55.2971967, 25.250526 ], [ 55.2973052, 25.2506992 ], [ 55.2976246, 25.2505356 ] ] ], [ [ [ 55.2974254, 25.246358 ], [ 55.2975335, 25.2465286 ], [ 55.2976788, 25.2464533 ], [ 55.2975706, 25.2462826 ], [ 55.2974254, 25.246358 ] ] ], [ [ [ 55.2975125, 25.245414 ], [ 55.2976884, 25.2453105 ], [ 55.29766, 25.2452646 ], [ 55.297506933103655, 25.24534256156441 ], [ 55.297461, 25.2452684 ], [ 55.297431747367021, 25.245283642210875 ], [ 55.2974145, 25.2452558 ], [ 55.297355160953607, 25.245286362509454 ], [ 55.297436083877251, 25.24541686211737 ], [ 55.297370160939437, 25.245450762509698 ], [ 55.297387160937717, 25.245478162510825 ], [ 55.2975125, 25.245414 ] ] ], [ [ [ 55.2975072, 25.2485311 ], [ 55.297238801382029, 25.248656576750026 ], [ 55.29737040134917, 25.248891176768396 ], [ 55.2976388, 25.2487656 ], [ 55.2975072, 25.2485311 ] ] ], [ [ [ 55.297607960876334, 25.246266962523109 ], [ 55.2976729, 25.2462337 ], [ 55.2976421, 25.2461835 ], [ 55.297577160879506, 25.246216762521083 ], [ 55.297607960876334, 25.246266962523109 ] ] ], [ [ [ 55.2976496, 25.2465727 ], [ 55.2976038, 25.2465007 ], [ 55.2974819, 25.2465641 ], [ 55.2975278, 25.2466361 ], [ 55.2976496, 25.2465727 ] ] ], [ [ [ 55.297446803025935, 25.2402548768789 ], [ 55.2977393, 25.2401028 ], [ 55.2975984, 25.2398795 ], [ 55.297305803055686, 25.240031676858894 ], [ 55.297446803025935, 25.2402548768789 ] ] ], [ [ [ 55.297773607602203, 25.237134844761208 ], [ 55.297773607602203, 25.237000097468595 ], [ 55.297728691837996, 25.237000097468599 ], [ 55.297678406270641, 25.237048022914593 ], [ 55.297678406264509, 25.237182770206843 ], [ 55.297723322029718, 25.237182770208538 ], [ 55.297773607602203, 25.237134844761208 ] ] ], [ [ [ 55.2975902, 25.2456949 ], [ 55.2975075, 25.2456671 ], [ 55.297352660911379, 25.245753162506794 ], [ 55.297478560900238, 25.2459385625152 ], [ 55.2976356, 25.2458513 ], [ 55.2976411, 25.24577 ], [ 55.2975902, 25.2456949 ] ] ], [ [ [ 55.297683776073789, 25.235652624542421 ], [ 55.297773607602203, 25.235652624542418 ], [ 55.297773607602203, 25.235562793014008 ], [ 55.297683776073789, 25.235562793014005 ], [ 55.297683776073789, 25.235652624542421 ] ] ], [ [ [ 55.297545760880546, 25.246189762518878 ], [ 55.297565860878478, 25.246222462520201 ], [ 55.2976086, 25.2462003 ], [ 55.2975885, 25.2461677 ], [ 55.297545760880546, 25.246189762518878 ] ] ], [ [ [ 55.297679318113843, 25.237317006421193 ], [ 55.297679318110447, 25.237406837949404 ], [ 55.297728691837996, 25.237404339346448 ], [ 55.297728691837996, 25.237314507818038 ], [ 55.297679318113843, 25.237317006421193 ] ] ], [ [ [ 55.297618, 25.2405658 ], [ 55.2976788, 25.2405106 ], [ 55.2975631, 25.2403584 ], [ 55.29751, 25.2403862 ], [ 55.2975075, 25.2404188 ], [ 55.297618, 25.2405658 ] ] ], [ [ [ 55.297818523366402, 25.230127985545085 ], [ 55.29776590796132, 25.230132301346565 ], [ 55.297765907958393, 25.230177217110587 ], [ 55.297818523366402, 25.230172901309285 ], [ 55.297818523366402, 25.230127985545085 ] ] ], [ [ [ 55.2978165, 25.2300685 ], [ 55.2978158, 25.2300199 ], [ 55.297756941006092, 25.230023055408672 ], [ 55.297757641004232, 25.23007165540859 ], [ 55.2978165, 25.2300685 ] ] ], [ [ [ 55.297773607602203, 25.230532227422938 ], [ 55.297721296103596, 25.230536372860016 ], [ 55.297721296100782, 25.230581288624048 ], [ 55.297773607602203, 25.230577143187141 ], [ 55.297773607602203, 25.230532227422938 ] ] ], [ [ [ 55.2973309, 25.2461561 ], [ 55.2972774, 25.2461834 ], [ 55.297329, 25.2462662 ], [ 55.2973802, 25.2462401 ], [ 55.2974101, 25.2462882 ], [ 55.2975464, 25.2462187 ], [ 55.2974292, 25.2460305 ], [ 55.2972952, 25.2460988 ], [ 55.2973309, 25.2461561 ] ] ], [ [ [ 55.297638860309583, 25.236101782184477 ], [ 55.297683776073789, 25.236101782184477 ], [ 55.297683776073789, 25.236056866420267 ], [ 55.297638860309583, 25.236056866420267 ], [ 55.297638860309583, 25.236101782184477 ] ] ], [ [ [ 55.2973236, 25.2494921 ], [ 55.2974907, 25.2494093 ], [ 55.297372, 25.2492134 ], [ 55.2972049, 25.2492963 ], [ 55.2973236, 25.2494921 ] ] ], [ [ [ 55.297310938746861, 25.242350627882477 ], [ 55.2975906, 25.242212399999989 ], [ 55.2973021, 25.2417319 ], [ 55.297022438782371, 25.241870127860437 ], [ 55.297310938746861, 25.242350627882477 ] ] ], [ [ [ 55.2975038, 25.2374051 ], [ 55.2975295, 25.2374491 ], [ 55.2976513, 25.2373907 ], [ 55.2976243, 25.2373474 ], [ 55.2975038, 25.2374051 ] ] ], [ [ [ 55.296802400229907, 25.254399976614845 ], [ 55.2974127, 25.2540731 ], [ 55.2973345, 25.2539535 ], [ 55.2972467, 25.2539087 ], [ 55.296678300254854, 25.254210076597165 ], [ 55.296802400229907, 25.254399976614845 ] ] ], [ [ [ 55.297497223048978, 25.243965902366529 ], [ 55.297497223046349, 25.244010818130583 ], [ 55.29754902878117, 25.244006956684725 ], [ 55.29754902878117, 25.243962040920518 ], [ 55.297497223048978, 25.243965902366529 ] ] ], [ [ [ 55.2973, 25.2500151 ], [ 55.296953901057783, 25.250193576686954 ], [ 55.297110501024328, 25.250443476709165 ], [ 55.2974566, 25.250265 ], [ 55.2973, 25.2500151 ] ] ], [ [ [ 55.297587156308836, 25.236914070628394 ], [ 55.29758715630367, 25.237003902156502 ], [ 55.297638860309583, 25.237000097468599 ], [ 55.297638860309583, 25.236910265940185 ], [ 55.297587156308836, 25.236914070628394 ] ] ], [ [ [ 55.297683776073789, 25.229993238252465 ], [ 55.29754902878117, 25.229993238252462 ], [ 55.297541835694375, 25.23004218587284 ], [ 55.297676582982817, 25.23017693317178 ], [ 55.297721498748366, 25.23017693317404 ], [ 55.297728691837996, 25.230083069780875 ], [ 55.297683776073789, 25.229993238252465 ] ] ], [ [ [ 55.2974269, 25.2514681 ], [ 55.2971157, 25.2509574 ], [ 55.2968192, 25.2511052 ], [ 55.2971303, 25.2516159 ], [ 55.2974269, 25.2514681 ] ] ], [ [ [ 55.29754902878117, 25.235922119127654 ], [ 55.2974777, 25.2359033 ], [ 55.2974581, 25.2359233 ], [ 55.297504113017077, 25.235935968584457 ], [ 55.297504113016963, 25.235967034891861 ], [ 55.29754902878117, 25.235967034891857 ], [ 55.29754902878117, 25.236011950656067 ], [ 55.297638860309583, 25.236011950656067 ], [ 55.297638860309583, 25.235922119127654 ], [ 55.297593944545383, 25.235922119127654 ], [ 55.297593944545383, 25.235877203363437 ], [ 55.29754902878117, 25.23587720336344 ], [ 55.29754902878117, 25.235922119127654 ] ] ], [ [ [ 55.297024602849469, 25.240960576803367 ], [ 55.2975707, 25.240694 ], [ 55.2974304, 25.240433 ], [ 55.296994902906064, 25.24065317680212 ], [ 55.296924802870173, 25.240804476789187 ], [ 55.297024602849469, 25.240960576803367 ] ] ], [ [ [ 55.297288403063703, 25.239981676856683 ], [ 55.297578, 25.2398391 ], [ 55.2974265, 25.2396014 ], [ 55.297136803094325, 25.2397487768351 ], [ 55.297288403063703, 25.239981676856683 ] ] ], [ [ [ 55.297181401394162, 25.248565676741872 ], [ 55.2974502, 25.2484403 ], [ 55.2973199, 25.2482073 ], [ 55.297051101426838, 25.248332676723685 ], [ 55.297181401394162, 25.248565676741872 ] ] ], [ [ [ 55.2976168, 25.236312 ], [ 55.2975581, 25.2362704 ], [ 55.2975328, 25.2363016 ], [ 55.2975968, 25.2363367 ], [ 55.2976168, 25.236312 ] ] ], [ [ [ 55.297593944545383, 25.237224676289625 ], [ 55.297543557649576, 25.2372277427522 ], [ 55.297543557647494, 25.237272658516286 ], [ 55.297593944545383, 25.237269592053835 ], [ 55.297593944545383, 25.237224676289625 ] ] ], [ [ [ 55.2972799, 25.2495947 ], [ 55.297124501174295, 25.249674776720155 ], [ 55.297261901144473, 25.249896476739607 ], [ 55.2974173, 25.2498164 ], [ 55.2972799, 25.2495947 ] ] ], [ [ [ 55.297638860309583, 25.233227173275292 ], [ 55.29754902878117, 25.233137341746879 ], [ 55.297449471129731, 25.233142793249463 ], [ 55.297233962031065, 25.233280062564187 ], [ 55.297251051064919, 25.233308143909223 ], [ 55.296910481900419, 25.233591950852592 ], [ 55.296820650360957, 25.233681782374443 ], [ 55.296820650357255, 25.233726698138426 ], [ 55.296865566119585, 25.233771613905475 ], [ 55.297314723772416, 25.233861445464086 ], [ 55.297414281488557, 25.233855993974181 ], [ 55.297638860309583, 25.233227173275292 ] ] ], [ [ [ 55.297397, 25.2391428 ], [ 55.296823575028007, 25.239451628618912 ], [ 55.296972374874066, 25.239690628720044 ], [ 55.2975525, 25.2393903 ], [ 55.297397, 25.2391428 ] ] ], [ [ [ 55.2970575, 25.2529657 ], [ 55.2971085, 25.2530445 ], [ 55.2971801, 25.2530425 ], [ 55.2973612, 25.2529479 ], [ 55.2972901, 25.252846 ], [ 55.2970575, 25.2529657 ] ] ], [ [ [ 55.2973281, 25.2545468 ], [ 55.2971871, 25.2543159 ], [ 55.297036000253492, 25.254392776652292 ], [ 55.297176900222226, 25.254623576672213 ], [ 55.2973281, 25.2545468 ] ] ], [ [ [ 55.297121060810312, 25.246759662484159 ], [ 55.297243860798893, 25.246946562492326 ], [ 55.297319460802932, 25.246938862498016 ], [ 55.2974297, 25.2468472 ], [ 55.2973065, 25.2466597 ], [ 55.297121060810312, 25.246759662484159 ] ] ], [ [ [ 55.29745190261891, 25.233815166834518 ], [ 55.297451902613361, 25.233904998362608 ], [ 55.29754902878117, 25.233900909738384 ], [ 55.297593944545383, 25.233855993974178 ], [ 55.297593944545383, 25.233811078209968 ], [ 55.29745190261891, 25.233815166834518 ] ] ], [ [ [ 55.297238361056465, 25.244088862507105 ], [ 55.297405, 25.2440227 ], [ 55.2974521, 25.2439573 ], [ 55.2974331, 25.2439262 ], [ 55.297299, 25.2439263 ], [ 55.297176761062843, 25.24398786250304 ], [ 55.297238361056465, 25.244088862507105 ] ] ], [ [ [ 55.297493040758155, 25.236310355385942 ], [ 55.2975521, 25.2362388 ], [ 55.297497640760866, 25.236242355386242 ], [ 55.297493040758155, 25.236310355385942 ] ] ], [ [ [ 55.2971852, 25.2459117 ], [ 55.2971241, 25.2459446 ], [ 55.2971769, 25.2460248 ], [ 55.2972389, 25.2459915 ], [ 55.2972726, 25.2460428 ], [ 55.2973946, 25.2459771 ], [ 55.2972733, 25.2457926 ], [ 55.2971503, 25.2458588 ], [ 55.2971852, 25.2459117 ] ] ], [ [ [ 55.2972238, 25.24516 ], [ 55.297162060953433, 25.245193362495538 ], [ 55.297120660939889, 25.245323162491761 ], [ 55.297235860929163, 25.245498662499429 ], [ 55.2974021, 25.2454092 ], [ 55.2972238, 25.24516 ] ] ], [ [ [ 55.2970802, 25.2518803 ], [ 55.2969181, 25.2516221 ], [ 55.296341100665863, 25.251919376569305 ], [ 55.296703700588523, 25.252497276620723 ], [ 55.296762300583978, 25.252549576629502 ], [ 55.296877500591236, 25.252568576647711 ], [ 55.2972694, 25.2523663 ], [ 55.2973061, 25.2522767 ], [ 55.2970802, 25.2518803 ] ] ], [ [ [ 55.29745372611287, 25.237362490041008 ], [ 55.297453726110788, 25.237407405805087 ], [ 55.297504113016963, 25.237404339346444 ], [ 55.297504113016963, 25.237359423582244 ], [ 55.29745372611287, 25.237362490041008 ] ] ], [ [ [ 55.297459197252756, 25.23655093982654 ], [ 55.297459197252756, 25.236506024062336 ], [ 55.297504113016963, 25.236506024062333 ], [ 55.297504113016963, 25.23641619253392 ], [ 55.297414281488557, 25.23641619253392 ], [ 55.297414281488557, 25.236506024062333 ], [ 55.297369365724343, 25.236506024062336 ], [ 55.297369365724343, 25.236595855590735 ], [ 55.297414281488557, 25.236595855590739 ], [ 55.297414281488557, 25.236550939826532 ], [ 55.297459197252756, 25.23655093982654 ] ] ], [ [ [ 55.297459197252756, 25.235787371835034 ], [ 55.297459197252756, 25.235832287599241 ], [ 55.297504113016963, 25.235832287599241 ], [ 55.297504113016963, 25.235787371835031 ], [ 55.297459197252756, 25.235787371835034 ] ] ], [ [ [ 55.297003500565161, 25.252765276665624 ], [ 55.296958000538105, 25.252882876657001 ], [ 55.297007300531583, 25.252940776664232 ], [ 55.2972569, 25.2528072 ], [ 55.2971842, 25.2526811 ], [ 55.297003500565161, 25.252765276665624 ] ] ], [ [ [ 55.2972575, 25.2400217 ], [ 55.2969857, 25.2401641 ], [ 55.2971352, 25.2403977 ], [ 55.2973148, 25.2403036 ], [ 55.29733490000001, 25.2403351 ], [ 55.2974271, 25.2402867 ], [ 55.2972575, 25.2400217 ] ] ], [ [ [ 55.29745433413396, 25.234532456185264 ], [ 55.297454334132105, 25.23457737194936 ], [ 55.297504113016963, 25.234574646201473 ], [ 55.297504113016963, 25.23452973043727 ], [ 55.29745433413396, 25.234532456185264 ] ] ], [ [ [ 55.2969521, 25.2483671 ], [ 55.296662301356498, 25.248505576659536 ], [ 55.297002501274541, 25.249096476707223 ], [ 55.2972923, 25.2489579 ], [ 55.2969521, 25.2483671 ] ] ], [ [ [ 55.297504113016963, 25.230577143187137 ], [ 55.29754902878117, 25.230487311658731 ], [ 55.29754902878117, 25.230262732837698 ], [ 55.297504113016963, 25.230127985545074 ], [ 55.297324449960136, 25.230127985545078 ], [ 55.297182914807173, 25.230176706001082 ], [ 55.29700325172977, 25.230446200576864 ], [ 55.297003251724597, 25.230536032104972 ], [ 55.297048167487496, 25.230580947871164 ], [ 55.297504113016963, 25.230577143187137 ] ] ], [ [ [ 55.297123361077816, 25.243795662500077 ], [ 55.297154061074693, 25.243845462502104 ], [ 55.2973593, 25.2437662 ], [ 55.2973077, 25.2436909 ], [ 55.297123361077816, 25.243795662500077 ] ] ], [ [ [ 55.297414281488557, 25.237045013232798 ], [ 55.297361159033208, 25.237049612916973 ], [ 55.297361159030089, 25.237094528680995 ], [ 55.297414281488557, 25.237089928997012 ], [ 55.297414281488557, 25.237045013232798 ] ] ], [ [ [ 55.296954301213056, 25.249390776696163 ], [ 55.297093801184346, 25.249607776716001 ], [ 55.2972396, 25.2495303 ], [ 55.2971001, 25.2493133 ], [ 55.296954301213056, 25.249390776696163 ] ] ], [ [ [ 55.297228842885552, 25.24652547626231 ], [ 55.297279534195937, 25.246522239480264 ], [ 55.297279534195937, 25.246432407951843 ], [ 55.297183927124664, 25.246435644732344 ], [ 55.297183927122461, 25.246480560496423 ], [ 55.297228842885552, 25.24652547626231 ] ] ], [ [ [ 55.29716056079468, 25.24695226248609 ], [ 55.297216460789066, 25.247041962489774 ], [ 55.2972722, 25.247013 ], [ 55.297121, 25.2467707 ], [ 55.297065260804239, 25.246799662479784 ], [ 55.29716056079468, 25.24695226248609 ] ] ], [ [ [ 55.297369365724343, 25.235832287599237 ], [ 55.297414281488557, 25.235832287599244 ], [ 55.297414281488557, 25.235787371835034 ], [ 55.297369365724343, 25.235787371835031 ], [ 55.297369365724343, 25.235832287599237 ] ] ], [ [ [ 55.2968943, 25.2502463 ], [ 55.296675900999894, 25.250356476640643 ], [ 55.296984300931129, 25.250863476684195 ], [ 55.2972028, 25.2507533 ], [ 55.2968943, 25.2502463 ] ] ], [ [ [ 55.297319890771561, 25.23484669617044 ], [ 55.297319890768094, 25.234936527698643 ], [ 55.297414281488557, 25.234933972315126 ], [ 55.297414281488557, 25.234844140786709 ], [ 55.297319890771561, 25.23484669617044 ] ] ], [ [ [ 55.297189702667524, 25.236506024062326 ], [ 55.297189702667524, 25.23655093982654 ], [ 55.297324449960136, 25.236550939826532 ], [ 55.297324449960314, 25.23646944609229 ], [ 55.2973479, 25.2364738 ], [ 55.297378, 25.2363475 ], [ 55.297279534195958, 25.236328032096399 ], [ 55.297324449960136, 25.236326361005503 ], [ 55.297324449960136, 25.236281445241293 ], [ 55.297189702667524, 25.236281445241296 ], [ 55.297189702667524, 25.236326361005506 ], [ 55.297144786903317, 25.236326361005506 ], [ 55.297144786903317, 25.236371276769713 ], [ 55.29709987113911, 25.236371276769713 ], [ 55.29709987113911, 25.236416192533916 ], [ 55.297144786903317, 25.23641619253392 ], [ 55.297144786903317, 25.236506024062329 ], [ 55.297189702667524, 25.236506024062326 ] ], [ [ 55.29723461843173, 25.236461108298126 ], [ 55.297234618431915, 25.236452767269768 ], [ 55.29727954290307, 25.236461108304958 ], [ 55.29723461843173, 25.236461108298126 ] ], [ [ 55.29723461843173, 25.236371276769713 ], [ 55.297241145269929, 25.236371276770566 ], [ 55.297234618432249, 25.236410986218342 ], [ 55.29723461843173, 25.236371276769713 ] ] ], [ [ [ 55.2970695, 25.2497221 ], [ 55.29686840112204, 25.249819276677545 ], [ 55.296986101093871, 25.25002277669406 ], [ 55.2971872, 25.2499256 ], [ 55.2970695, 25.2497221 ] ] ], [ [ [ 55.2971211, 25.2546531 ], [ 55.2969808, 25.2544357 ], [ 55.296837500211559, 25.254512076619193 ], [ 55.29697780018283, 25.254729476639156 ], [ 55.2971211, 25.2546531 ] ] ], [ [ [ 55.296929661260599, 25.241674262496893 ], [ 55.297001961252342, 25.241801362501619 ], [ 55.2972966, 25.2416634 ], [ 55.2972243, 25.2415362 ], [ 55.296929661260599, 25.241674262496893 ] ] ], [ [ [ 55.2972216, 25.2438446 ], [ 55.2971351, 25.2438871 ], [ 55.297176, 25.2439552 ], [ 55.2972625, 25.2439127 ], [ 55.2972216, 25.2438446 ] ] ], [ [ [ 55.2970798, 25.2464636 ], [ 55.296978, 25.2465134 ], [ 55.2971019, 25.2467231 ], [ 55.2971896, 25.2466737 ], [ 55.2971743, 25.2466429 ], [ 55.2972254, 25.2465536 ], [ 55.2971867, 25.2464964 ], [ 55.2971327, 25.2465198 ], [ 55.2970798, 25.2464636 ] ] ], [ [ [ 55.2972342, 25.2455548 ], [ 55.2971902, 25.2454877 ], [ 55.2971488, 25.2455099 ], [ 55.2971928, 25.245577 ], [ 55.2972342, 25.2455548 ] ] ], [ [ [ 55.2973903, 25.2340898 ], [ 55.2973851, 25.2340481 ], [ 55.2973519, 25.2340307 ], [ 55.2973492, 25.234116 ], [ 55.2973903, 25.2340898 ] ] ], [ [ [ 55.297319890787186, 25.234442454293504 ], [ 55.297319890785445, 25.234487370057611 ], [ 55.297369365724343, 25.234484814673063 ], [ 55.297369365724343, 25.234439898908853 ], [ 55.297319890787186, 25.234442454293504 ] ] ], [ [ [ 55.297093387220265, 25.229996872581435 ], [ 55.297093387217792, 25.230041788345506 ], [ 55.29718321874369, 25.230131619877703 ], [ 55.297273050274534, 25.230131619881782 ], [ 55.297414281488557, 25.230083069780875 ], [ 55.297414281488557, 25.229993238252465 ], [ 55.297093387220265, 25.229996872581435 ] ] ], [ [ [ 55.2972425, 25.2359247 ], [ 55.2972663, 25.2358981 ], [ 55.297329, 25.2358993 ], [ 55.2972964, 25.235857 ], [ 55.2972124, 25.2358503 ], [ 55.2971863, 25.2358825 ], [ 55.2972078, 25.235953 ], [ 55.2972578, 25.2359702 ], [ 55.2972425, 25.2359247 ] ] ], [ [ [ 55.2969382, 25.2455532 ], [ 55.2971769, 25.2454909 ], [ 55.297095, 25.2453653 ], [ 55.2968877, 25.2454759 ], [ 55.2969382, 25.2455532 ] ] ], [ [ [ 55.2972496, 25.2340878 ], [ 55.2973246, 25.2340927 ], [ 55.2973263, 25.2340537 ], [ 55.297251, 25.2340569 ], [ 55.2972496, 25.2340878 ] ] ], [ [ [ 55.296604260799519, 25.246625562446315 ], [ 55.296655260794388, 25.246707462449677 ], [ 55.296777779358479, 25.24671083715338 ], [ 55.2968593, 25.2468357 ], [ 55.2969539, 25.2467852 ], [ 55.2969718, 25.2468126 ], [ 55.2970201, 25.2467869 ], [ 55.296973990209608, 25.246716241457058 ], [ 55.2970733, 25.246685 ], [ 55.296947168478823, 25.246482591314926 ], [ 55.2971457, 25.2463822 ], [ 55.2971103, 25.2463246 ], [ 55.296857839805433, 25.246452021193253 ], [ 55.297012, 25.2463632 ], [ 55.2968941, 25.2461778 ], [ 55.296751860839734, 25.246252262459304 ], [ 55.29681398396859, 25.2463955427536 ], [ 55.29678476595133, 25.246410729331874 ], [ 55.2967164, 25.246284 ], [ 55.2966375, 25.2462776 ], [ 55.2965801, 25.246308 ], [ 55.296561, 25.2463897 ], [ 55.2966104, 25.2464756 ], [ 55.2967071, 25.246496 ], [ 55.296761325506594, 25.246468051580948 ], [ 55.296766460425026, 25.246495952852811 ], [ 55.296582360801736, 25.246590262444855 ], [ 55.296604260799519, 25.246625562446315 ] ], [ [ 55.296604260799519, 25.246625562446315 ], [ 55.296788224376051, 25.246531179761138 ], [ 55.296788424856928, 25.24653150425733 ], [ 55.296604260799519, 25.246625562446315 ] ] ], [ [ [ 55.2969014, 25.2413504 ], [ 55.296733322958751, 25.241434709264816 ], [ 55.29686532294118, 25.241652209275923 ], [ 55.2971883, 25.2414917 ], [ 55.2970563, 25.2412742 ], [ 55.2969014, 25.2413504 ] ] ], [ [ [ 55.296804719132275, 25.247798816101156 ], [ 55.29686740149203, 25.24790537669918 ], [ 55.2970991, 25.2477899 ], [ 55.2970308, 25.2476258 ], [ 55.296846888218347, 25.247748340024135 ], [ 55.2968302, 25.2477206 ], [ 55.296694701498168, 25.247788776672891 ], [ 55.29671079490624, 25.247815527981004 ], [ 55.2966153, 25.2478624 ], [ 55.2966289, 25.247885 ], [ 55.2965976, 25.247833 ], [ 55.29651280146399, 25.247876276642792 ], [ 55.296544101456909, 25.247928276647215 ], [ 55.296592015170518, 25.247903824056948 ], [ 55.2966516, 25.2480029 ], [ 55.2968356, 25.2479125 ], [ 55.296775969687836, 25.247813281511217 ], [ 55.296804719132275, 25.247798816101156 ] ] ], [ [ [ 55.29709987113911, 25.247061228650736 ], [ 55.29709987113911, 25.247016312886529 ], [ 55.297054955374911, 25.247016312886533 ], [ 55.297054955374911, 25.247061228650736 ], [ 55.29709987113911, 25.247061228650736 ] ] ], [ [ [ 55.2970188, 25.2496303 ], [ 55.2968798, 25.2494074 ], [ 55.2967059, 25.2494961 ], [ 55.2968449, 25.249719 ], [ 55.2970188, 25.2496303 ] ] ], [ [ [ 55.297200462037438, 25.23319296256215 ], [ 55.297213762035838, 25.233217162563008 ], [ 55.2972464, 25.2332013 ], [ 55.2972331, 25.2331771 ], [ 55.297200462037438, 25.23319296256215 ] ] ], [ [ [ 55.296989460900335, 25.24569726247999 ], [ 55.2970655, 25.245658 ], [ 55.297016, 25.2455784 ], [ 55.296939860905326, 25.2456176624767 ], [ 55.296989460900335, 25.24569726247999 ] ] ], [ [ [ 55.2971215, 25.237769 ], [ 55.2971508, 25.2377957 ], [ 55.2971678, 25.2377805 ], [ 55.2971385, 25.2377537 ], [ 55.2971215, 25.237769 ] ] ], [ [ [ 55.296812502081288, 25.244830476725404 ], [ 55.296975014104426, 25.24470319736589 ], [ 55.2970617, 25.2446706 ], [ 55.2968841, 25.2444541 ], [ 55.296650602114944, 25.24457697670239 ], [ 55.296812502081288, 25.244830476725404 ] ] ], [ [ [ 55.297189702667524, 25.234844140786709 ], [ 55.297189702667524, 25.234799225022506 ], [ 55.297095311948013, 25.234801780399156 ], [ 55.29705039618122, 25.234846696161821 ], [ 55.297050396179486, 25.234891611925921 ], [ 55.297144786903317, 25.234889056550909 ], [ 55.297189702667524, 25.234844140786709 ] ] ], [ [ [ 55.296876821281273, 25.247563573787794 ], [ 55.296845, 25.2474394 ], [ 55.2966372, 25.2475386 ], [ 55.2967064, 25.2477121 ], [ 55.2967619, 25.2476856 ], [ 55.2967419, 25.2476515 ], [ 55.296838884518074, 25.247605217425498 ], [ 55.29685960154243, 25.247640876700938 ], [ 55.2970081, 25.247578 ], [ 55.2969036, 25.2473967 ], [ 55.296842901582117, 25.247427376700699 ], [ 55.296909795502813, 25.247543537139986 ], [ 55.296876821281273, 25.247563573787794 ] ] ], [ [ [ 55.2969044, 25.254766 ], [ 55.2965983, 25.2542606 ], [ 55.296023080134887, 25.254553028254467 ], [ 55.296326380062261, 25.25505392830015 ], [ 55.2969044, 25.254766 ] ] ], [ [ [ 55.297145662036556, 25.233175762558144 ], [ 55.297155162035509, 25.233192162558776 ], [ 55.2971998, 25.23317 ], [ 55.2971903, 25.2331536 ], [ 55.297145662036556, 25.233175762558144 ] ] ], [ [ [ 55.2969935, 25.2461059 ], [ 55.2969784, 25.2460784 ], [ 55.2969431, 25.2460942 ], [ 55.2969582, 25.2461217 ], [ 55.2969935, 25.2461059 ] ] ], [ [ [ 55.2967809, 25.2488588 ], [ 55.296396601225275, 25.249053776610801 ], [ 55.29656140118918, 25.249321376634118 ], [ 55.2969457, 25.2491264 ], [ 55.2967809, 25.2488588 ] ] ], [ [ [ 55.296482000891935, 25.250819576604368 ], [ 55.296632200861616, 25.251050076625763 ], [ 55.2969186, 25.2508968 ], [ 55.2967684, 25.2506663 ], [ 55.296482000891935, 25.250819576604368 ] ] ], [ [ [ 55.296733799132319, 25.24525061485167 ], [ 55.296853460920772, 25.245403962471396 ], [ 55.29695, 25.245354 ], [ 55.2969914, 25.2452091 ], [ 55.2969443, 25.2451338 ], [ 55.2969042, 25.2451221 ], [ 55.296731821829432, 25.245227929274051 ], [ 55.2967126, 25.2451945 ], [ 55.29668490000001, 25.2452076 ], [ 55.2967148, 25.2452596 ], [ 55.296733799132319, 25.24525061485167 ] ] ], [ [ [ 55.2966224, 25.2499441 ], [ 55.2967526, 25.250152 ], [ 55.2969221, 25.2500652 ], [ 55.2967919, 25.2498573 ], [ 55.2966224, 25.2499441 ] ] ], [ [ [ 55.2969249, 25.2404129 ], [ 55.296996, 25.2404675 ], [ 55.297055, 25.2404408 ], [ 55.2969383, 25.2403498 ], [ 55.2969249, 25.2404129 ] ] ], [ [ [ 55.2971041620373, 25.233147262555207 ], [ 55.297122562035227, 25.233179162556407 ], [ 55.2971544, 25.2331632 ], [ 55.2971359, 25.2331313 ], [ 55.2971041620373, 25.233147262555207 ] ] ], [ [ [ 55.2968152, 25.2461385 ], [ 55.2968286, 25.2460991 ], [ 55.296737046814584, 25.245970192323725 ], [ 55.296902960863186, 25.246066562471569 ], [ 55.2969486, 25.2460428 ], [ 55.2968314, 25.2458507 ], [ 55.296681460865827, 25.245928562455774 ], [ 55.296734783769111, 25.245968877845488 ], [ 55.2966419, 25.2459865 ], [ 55.296447360841356, 25.246084862437474 ], [ 55.296563360828777, 25.246281162445083 ], [ 55.2968152, 25.2461385 ] ] ], [ [ [ 55.296100700730648, 25.251466376536015 ], [ 55.296295400688798, 25.251778376563593 ], [ 55.296860100000011, 25.251501 ], [ 55.2966597, 25.2511799 ], [ 55.296100700730648, 25.251466376536015 ] ] ], [ [ [ 55.296875292318084, 25.247016312886529 ], [ 55.296875292318084, 25.246971397122323 ], [ 55.296785460789671, 25.246971397122323 ], [ 55.296785460789671, 25.247061228650733 ], [ 55.296830376553871, 25.247061228650736 ], [ 55.296830376553871, 25.247106144414939 ], [ 55.296875292318084, 25.247106144414943 ], [ 55.296875292318084, 25.247061228650736 ], [ 55.296920208082284, 25.247061228650736 ], [ 55.296920208082284, 25.247016312886529 ], [ 55.296875292318084, 25.247016312886529 ] ] ], [ [ [ 55.296778469919623, 25.236509942285096 ], [ 55.297054955374911, 25.236326361005503 ], [ 55.297054955374911, 25.236236529477093 ], [ 55.296785460789671, 25.2362365294771 ], [ 55.296553891094717, 25.236465026510039 ], [ 55.29655389109206, 25.236509942274086 ], [ 55.296778469919623, 25.236509942285096 ] ] ], [ [ [ 55.296782161067057, 25.243747362474874 ], [ 55.2969365, 25.2436635 ], [ 55.296872, 25.2435662 ], [ 55.296717761072983, 25.243650062470589 ], [ 55.296782161067057, 25.243747362474874 ] ] ], [ [ [ 55.296872, 25.2435662 ], [ 55.2968988, 25.2435517 ], [ 55.2968774, 25.2435195 ], [ 55.296638, 25.2436493 ], [ 55.2966594, 25.2436815 ], [ 55.296872, 25.2435662 ] ] ], [ [ [ 55.296695861279851, 25.241346062481185 ], [ 55.296971, 25.241187 ], [ 55.2967248, 25.2407217 ], [ 55.296429161311629, 25.240862762463859 ], [ 55.296695861279851, 25.241346062481185 ] ] ], [ [ [ 55.29624600850601, 25.240549833862303 ], [ 55.296399908481028, 25.240825933876138 ], [ 55.2966907, 25.2406913 ], [ 55.2966783, 25.2405713 ], [ 55.296587097055372, 25.240551478594007 ], [ 55.296656873923908, 25.240559928430418 ], [ 55.2967663, 25.2404986 ], [ 55.2969905, 25.2397848 ], [ 55.2964077, 25.2396364 ], [ 55.296298274560442, 25.239697728202341 ], [ 55.29606727372159, 25.240488527981842 ], [ 55.296254589899938, 25.240511212190217 ], [ 55.29624600850601, 25.240549833862303 ] ] ], [ [ [ 55.297010039610697, 25.238033160045333 ], [ 55.296957727618384, 25.238037305415109 ], [ 55.29695772761557, 25.238082221179152 ], [ 55.297010039610697, 25.23807807580954 ], [ 55.297010039610697, 25.238033160045333 ] ] ], [ [ [ 55.296574960738006, 25.247292962440575 ], [ 55.29665336073495, 25.247365262446042 ], [ 55.296694423822686, 25.247343795537898 ], [ 55.2967404, 25.2474164 ], [ 55.2968628, 25.247353 ], [ 55.2968097, 25.2472692 ], [ 55.296753622676135, 25.247298188277945 ], [ 55.2966596, 25.2471498 ], [ 55.296547260744404, 25.247208462438955 ], [ 55.296574960738006, 25.247292962440575 ] ] ], [ [ [ 55.2967411, 25.244263299999989 ], [ 55.296545902148267, 25.244353176688204 ], [ 55.296662102124209, 25.244534676704713 ], [ 55.2968643, 25.244428 ], [ 55.2967411, 25.244263299999989 ] ] ], [ [ [ 55.2969314, 25.2332257 ], [ 55.2970099, 25.2331871 ], [ 55.2969918, 25.2331571 ], [ 55.2969134, 25.2331956 ], [ 55.2969314, 25.2332257 ] ] ], [ [ [ 55.296777760108561, 25.245583324120648 ], [ 55.296830376553871, 25.245579008431935 ], [ 55.296830376553871, 25.245489176903526 ], [ 55.296777760114423, 25.24549349259259 ], [ 55.296777760108561, 25.245583324120648 ] ] ], [ [ [ 55.296933062005166, 25.233419562541002 ], [ 55.296943462004137, 25.233436162541686 ], [ 55.2969963, 25.2334085 ], [ 55.2969859, 25.2333919 ], [ 55.296933062005166, 25.233419562541002 ] ] ], [ [ [ 55.2967859, 25.2472211 ], [ 55.29675, 25.2471633 ], [ 55.2967097, 25.2471837 ], [ 55.2967456, 25.2472416 ], [ 55.2967859, 25.2472211 ] ] ], [ [ [ 55.296723382097319, 25.243199054950743 ], [ 55.296678961109841, 25.243222462469959 ], [ 55.296709861106791, 25.243271462472002 ], [ 55.2968421, 25.2431906 ], [ 55.2967943, 25.2431163 ], [ 55.296701661116003, 25.243165362471952 ], [ 55.296723382097319, 25.243199054950743 ] ] ], [ [ [ 55.2965257, 25.2434299 ], [ 55.2965487, 25.2434656 ], [ 55.2966014, 25.2434054 ], [ 55.2966365, 25.2434599 ], [ 55.2965791, 25.2435071 ], [ 55.2966389, 25.2435999 ], [ 55.2968322, 25.243498 ], [ 55.2967204, 25.2432699 ], [ 55.2964854, 25.2433938 ], [ 55.2965257, 25.2434299 ] ] ], [ [ [ 55.296282900493686, 25.252781076550178 ], [ 55.296456600454114, 25.253070976574662 ], [ 55.2966987, 25.2529507 ], [ 55.2965251, 25.2526608 ], [ 55.296282900493686, 25.252781076550178 ] ] ], [ [ [ 55.296302500928427, 25.250542676578799 ], [ 55.296428000901251, 25.250744876596571 ], [ 55.2967315, 25.2505896 ], [ 55.296606, 25.2503874 ], [ 55.296302500928427, 25.250542676578799 ] ] ], [ [ [ 55.296417701109775, 25.249661476607265 ], [ 55.296544101083448, 25.249859676625224 ], [ 55.2967283, 25.2497626 ], [ 55.296602, 25.2495645 ], [ 55.296417701109775, 25.249661476607265 ] ] ], [ [ [ 55.296896161999456, 25.233464762538006 ], [ 55.296905361998562, 25.233479262538616 ], [ 55.2969427, 25.2334593 ], [ 55.2969336, 25.2334449 ], [ 55.296896161999456, 25.233464762538006 ] ] ], [ [ [ 55.296354001240047, 25.248956476605105 ], [ 55.2967197, 25.2487784 ], [ 55.2965667, 25.2485189 ], [ 55.296201101275713, 25.248696976583616 ], [ 55.296354001240047, 25.248956476605105 ] ] ], [ [ [ 55.296700960754571, 25.247171262450621 ], [ 55.2967423, 25.2471493 ], [ 55.2967165, 25.2471088 ], [ 55.296675160757076, 25.247130762448915 ], [ 55.296700960754571, 25.247171262450621 ] ] ], [ [ [ 55.296362101024727, 25.250073976593683 ], [ 55.296487000994816, 25.250289976611196 ], [ 55.2966751, 25.2501991 ], [ 55.2965502, 25.249983 ], [ 55.296362101024727, 25.250073976593683 ] ] ], [ [ [ 55.2967104, 25.245255599999989 ], [ 55.296658, 25.2452818 ], [ 55.296688, 25.2453307 ], [ 55.2967403, 25.2453045 ], [ 55.2967104, 25.245255599999989 ] ] ], [ [ [ 55.2967615, 25.2437403 ], [ 55.2967388, 25.2437095 ], [ 55.2967029, 25.2437311 ], [ 55.2967256, 25.2437619 ], [ 55.2967615, 25.2437403 ] ] ], [ [ [ 55.2966075, 25.2469374 ], [ 55.296558360766952, 25.246963962441093 ], [ 55.296627232229852, 25.247069166110602 ], [ 55.2965887, 25.2470898 ], [ 55.2966214, 25.2471397 ], [ 55.2967092, 25.2470927 ], [ 55.2966075, 25.2469374 ] ] ], [ [ [ 55.2967555, 25.2431268 ], [ 55.2967336, 25.2430907 ], [ 55.296674261118795, 25.243120962470144 ], [ 55.296696261116516, 25.243156962471598 ], [ 55.2967555, 25.2431268 ] ] ], [ [ [ 55.296920208082284, 25.230577143187137 ], [ 55.296920208082284, 25.230487311658734 ], [ 55.296779584705938, 25.230490605254971 ], [ 55.296779584701468, 25.230580436783121 ], [ 55.296920208082284, 25.230577143187137 ] ] ], [ [ [ 55.2965303, 25.2448854 ], [ 55.2966794, 25.2448576 ], [ 55.2967207, 25.2447966 ], [ 55.2966401, 25.2446553 ], [ 55.2964453, 25.2447545 ], [ 55.2965303, 25.2448854 ] ] ], [ [ [ 55.2966108, 25.2477116 ], [ 55.2966678, 25.2476849 ], [ 55.2965956, 25.2475588 ], [ 55.2965565, 25.2476167 ], [ 55.2966108, 25.2477116 ] ] ], [ [ [ 55.296695629261258, 25.24495018773305 ], [ 55.296605797732845, 25.24495018773306 ], [ 55.2965980970841, 25.244999419178519 ], [ 55.296687928615398, 25.244999419183376 ], [ 55.296695629261258, 25.24495018773305 ] ] ], [ [ [ 55.296515966204439, 25.246522239480264 ], [ 55.296515966204439, 25.246567155244467 ], [ 55.296560881968638, 25.246567155244467 ], [ 55.296560881968738, 25.246532786025284 ], [ 55.296593, 25.2465843 ], [ 55.2966671, 25.2465466 ], [ 55.2966406, 25.2465041 ], [ 55.2966056, 25.2465219 ], [ 55.296586, 25.2464903 ], [ 55.296515966204439, 25.246522239480264 ] ] ], [ [ [ 55.29645939010706, 25.243258992264227 ], [ 55.2963481, 25.2430874 ], [ 55.2962948, 25.2431156 ], [ 55.2964107, 25.2432943 ], [ 55.296432989562355, 25.243282507027335 ], [ 55.296403961089915, 25.243308362448989 ], [ 55.296428961087436, 25.243348062450643 ], [ 55.2966866, 25.243215 ], [ 55.296633, 25.2431298 ], [ 55.29645939010706, 25.243258992264227 ] ] ], [ [ [ 55.296111724326579, 25.244321367034171 ], [ 55.296134402111996, 25.244338776622566 ], [ 55.2966732, 25.2440527 ], [ 55.2966526, 25.2440219 ], [ 55.296588762682156, 25.244057100294732 ], [ 55.29644087331026, 25.244010503795494 ], [ 55.2964114, 25.2438942 ], [ 55.296112402161903, 25.244069776622116 ], [ 55.296066808562372, 25.244141703977352 ], [ 55.296064886148486, 25.244231535519702 ], [ 55.295976977033966, 25.244231535505754 ], [ 55.295976977033966, 25.244276451269961 ], [ 55.296021892798166, 25.244276451269965 ], [ 55.296021892798166, 25.244321367034178 ], [ 55.296111724326579, 25.244321367034171 ] ] ], [ [ [ 55.296819, 25.2299625 ], [ 55.296771062307307, 25.229988662547139 ], [ 55.296794862305113, 25.230024662548725 ], [ 55.2968439, 25.2300001 ], [ 55.296819, 25.2299625 ] ] ], [ [ [ 55.2968439, 25.2300001 ], [ 55.296786562304341, 25.230029162548089 ], [ 55.296808862302292, 25.230062862549566 ], [ 55.2968651, 25.2300322 ], [ 55.2968439, 25.2300001 ] ] ], [ [ [ 55.296785460789671, 25.232463605283794 ], [ 55.296830376553871, 25.232463605283794 ], [ 55.296830376553871, 25.232418689519584 ], [ 55.296785460789671, 25.232418689519584 ], [ 55.296785460789671, 25.232463605283794 ] ] ], [ [ [ 55.2963921, 25.2475856 ], [ 55.2966182, 25.2474679 ], [ 55.2965765, 25.2474024 ], [ 55.2963504, 25.24752 ], [ 55.2963921, 25.2475856 ] ] ], [ [ [ 55.296830376553871, 25.232059363405941 ], [ 55.296785460789671, 25.232059363405938 ], [ 55.296785460789671, 25.232149194934351 ], [ 55.296830376553871, 25.232149194934347 ], [ 55.296830376553871, 25.232059363405941 ] ] ], [ [ [ 55.2966532, 25.2446291 ], [ 55.2964701, 25.2443441 ], [ 55.29596630204167, 25.244619976592489 ], [ 55.296121653843286, 25.244862235800877 ], [ 55.296106962077594, 25.244899486110537 ], [ 55.2959442, 25.2446438 ], [ 55.295842229741794, 25.24470904933348 ], [ 55.295842229741339, 25.244680693147817 ], [ 55.29566256668452, 25.244680693147814 ], [ 55.295662566685031, 25.244798678602155 ], [ 55.295607, 25.244829 ], [ 55.295635242523538, 25.244871412648173 ], [ 55.295484601924507, 25.244989576511248 ], [ 55.295742701870587, 25.245395176547902 ], [ 55.2962509, 25.2451256 ], [ 55.296112166155872, 25.244907661278631 ], [ 55.296149217081663, 25.244905670762208 ], [ 55.296272901977865, 25.245100576636045 ], [ 55.2963434, 25.245063 ], [ 55.296178423633869, 25.244803912156677 ], [ 55.296452902065589, 25.244735176668993 ], [ 55.2966532, 25.2446291 ] ] ], [ [ [ 55.296690664790916, 25.235026586350145 ], [ 55.296690664787143, 25.235116417878327 ], [ 55.296785460789671, 25.235113635371945 ], [ 55.296785460789671, 25.235023803843529 ], [ 55.296690664790916, 25.235026586350145 ] ] ], [ [ [ 55.2965274, 25.2471059 ], [ 55.296577, 25.2471262 ], [ 55.2965861, 25.2470883 ], [ 55.2966148, 25.2470708 ], [ 55.2965513, 25.2469762 ], [ 55.2964946, 25.2470048 ], [ 55.2964593, 25.2469544 ], [ 55.2963644, 25.2470014 ], [ 55.2963926, 25.2470419 ], [ 55.2963741, 25.2470749 ], [ 55.2964638, 25.2471446 ], [ 55.2965274, 25.2471059 ] ] ], [ [ [ 55.2963638, 25.2538328 ], [ 55.296090200242354, 25.253985976505636 ], [ 55.296280100206715, 25.254263476532856 ], [ 55.2964815, 25.2541511 ], [ 55.296512, 25.2540762 ], [ 55.2963638, 25.2538328 ] ] ], [ [ [ 55.296785460789671, 25.233676330917351 ], [ 55.296695629261258, 25.233676330917351 ], [ 55.296695629261258, 25.233721246681561 ], [ 55.296650713497051, 25.233721246681561 ], [ 55.296650713497051, 25.233766162445768 ], [ 55.296560881968638, 25.233766162445765 ], [ 55.296560881968638, 25.233811078209968 ], [ 55.296605797732845, 25.233811078209968 ], [ 55.296605797732845, 25.233945825502587 ], [ 55.296650713497051, 25.233945825502587 ], [ 55.296650713497051, 25.233990741266801 ], [ 55.296695629261258, 25.233990741266798 ], [ 55.296695629261258, 25.233900909738377 ], [ 55.296740545025465, 25.233900909738381 ], [ 55.296740545025465, 25.233811078209968 ], [ 55.296695629261258, 25.233811078209971 ], [ 55.296695629261258, 25.233766162445765 ], [ 55.296785460789671, 25.233766162445765 ], [ 55.296785460789671, 25.233676330917351 ] ] ], [ [ [ 55.2964968, 25.2473416 ], [ 55.2965227, 25.2473808 ], [ 55.2965891, 25.247345 ], [ 55.2965645, 25.2473021 ], [ 55.2965182, 25.2473009 ], [ 55.2964968, 25.2473416 ] ] ], [ [ [ 55.2965558, 25.2472435 ], [ 55.2965324, 25.2472064 ], [ 55.29644780000001, 25.24725 ], [ 55.2964712, 25.2472871 ], [ 55.2965558, 25.2472435 ] ] ], [ [ [ 55.296347762059483, 25.232529762502068 ], [ 55.296559862035487, 25.232900062515906 ], [ 55.2967451, 25.2328123 ], [ 55.296533, 25.232442 ], [ 55.296347762059483, 25.232529762502068 ] ] ], [ [ [ 55.296672940849092, 25.233554255365991 ], [ 55.296701740847887, 25.233599755366807 ], [ 55.2967337, 25.233583 ], [ 55.2967049, 25.2335375 ], [ 55.296672940849092, 25.233554255365991 ] ] ], [ [ [ 55.2961385, 25.2506287 ], [ 55.295765160659457, 25.250814821191508 ], [ 55.29574586064372, 25.250907121188188 ], [ 55.295983460604859, 25.251274921215245 ], [ 55.29608926060726, 25.251311321228449 ], [ 55.2964646, 25.2511147 ], [ 55.2964873, 25.2510413 ], [ 55.2962346, 25.2506384 ], [ 55.2961385, 25.2506287 ] ] ], [ [ [ 55.296511961108486, 25.243155562457851 ], [ 55.2965967, 25.2431124 ], [ 55.2965329, 25.2430098 ], [ 55.296403261110889, 25.243075462450172 ], [ 55.296433161106357, 25.243140362452053 ], [ 55.296511961108486, 25.243155562457851 ] ] ], [ [ [ 55.2965509, 25.2463016 ], [ 55.2964918, 25.2462138 ], [ 55.2964432, 25.2462405 ], [ 55.2965024, 25.2463283 ], [ 55.2965509, 25.2463016 ] ] ], [ [ [ 55.296504155813054, 25.235489515320676 ], [ 55.296475843401424, 25.235531641783844 ], [ 55.296517543400896, 25.235566741785039 ], [ 55.2966055, 25.2355548 ], [ 55.2966142, 25.2354816 ], [ 55.296572239218136, 25.235451687266412 ], [ 55.296695629261258, 25.235383129957182 ], [ 55.296695629261258, 25.235158551136145 ], [ 55.296515966204439, 25.234933972315122 ], [ 55.296321330875955, 25.234993860356404 ], [ 55.296336303147612, 25.234844140786709 ], [ 55.296241405831374, 25.234846980063669 ], [ 55.296106658532061, 25.234936811587065 ], [ 55.296061742764984, 25.234981727349563 ], [ 55.296061742763051, 25.235026643113645 ], [ 55.296245039570849, 25.23502437690539 ], [ 55.296021892798166, 25.235113635371953 ], [ 55.295882383643381, 25.23520613580785 ], [ 55.295882383641569, 25.235251051571943 ], [ 55.296062046689258, 25.23556546192664 ], [ 55.296286625512934, 25.235610377698233 ], [ 55.296426134676302, 25.235532864842636 ], [ 55.296426134676018, 25.235607708778208 ], [ 55.296471050440225, 25.235607708778211 ], [ 55.296453109588711, 25.235517877251439 ], [ 55.296504155813054, 25.235489515320676 ] ] ], [ [ [ 55.296356, 25.2496883 ], [ 55.296171701062477, 25.249785276566509 ], [ 55.296301701035411, 25.249989076584981 ], [ 55.296486, 25.249892 ], [ 55.296356, 25.2496883 ] ] ], [ [ [ 55.296108, 25.2487353 ], [ 55.295853201210278, 25.24886457652606 ], [ 55.296232001126874, 25.249481876579608 ], [ 55.2964868, 25.2493527 ], [ 55.296108, 25.2487353 ] ] ], [ [ [ 55.295982200558839, 25.252296576507607 ], [ 55.296196200510174, 25.252653276537771 ], [ 55.2964314, 25.2525362 ], [ 55.2962479, 25.2522304 ], [ 55.2961405, 25.2522173 ], [ 55.295982200558839, 25.252296576507607 ] ] ], [ [ [ 55.296291387383405, 25.236371276769713 ], [ 55.296246471619199, 25.23637127676972 ], [ 55.296246471619199, 25.236506024062336 ], [ 55.296201555854992, 25.236506024062336 ], [ 55.296201555854992, 25.236595855590746 ], [ 55.296291387383405, 25.236595855590746 ], [ 55.296291387383405, 25.236461108298126 ], [ 55.296381218911812, 25.236461108298126 ], [ 55.296381218911812, 25.236281445241293 ], [ 55.296336303147612, 25.236281445241293 ], [ 55.296336303147612, 25.236236529477097 ], [ 55.296381218911812, 25.236236529477097 ], [ 55.296381218912323, 25.236198412390117 ], [ 55.296556525340435, 25.236373718554191 ], [ 55.296601441105459, 25.236373718555562 ], [ 55.296650713497051, 25.2362814452413 ], [ 55.296650713497051, 25.236236529477097 ], [ 55.296381218911812, 25.235832287599234 ], [ 55.296331946535233, 25.235834729378023 ], [ 55.296242114998563, 25.236014392431724 ], [ 55.296242114996907, 25.236059308195824 ], [ 55.29632950453864, 25.236146697963218 ], [ 55.296246471619199, 25.236146697948687 ], [ 55.296246471619199, 25.236236529477097 ], [ 55.296291387383405, 25.236236529477097 ], [ 55.296291387383405, 25.236371276769713 ] ] ], [ [ [ 55.296437061119967, 25.242991462453137 ], [ 55.296458361117466, 25.243029662454521 ], [ 55.2965534, 25.2429828 ], [ 55.2965142, 25.2429193 ], [ 55.296437061119967, 25.242991462453137 ] ] ], [ [ [ 55.296374632817006, 25.24513354182227 ], [ 55.296515966204439, 25.245129850789883 ], [ 55.296515966204439, 25.244950187733057 ], [ 55.296464464357904, 25.244953878770186 ], [ 55.296374632822015, 25.245043710294155 ], [ 55.296374632817006, 25.24513354182227 ] ] ], [ [ [ 55.2964362, 25.2438543 ], [ 55.2965245, 25.243809 ], [ 55.296426134676139, 25.243664351067867 ], [ 55.296471050440225, 25.243647630571079 ], [ 55.296471050440225, 25.243602714806872 ], [ 55.2963101, 25.2436095 ], [ 55.296043102217361, 25.243748876614688 ], [ 55.296128774476884, 25.243854330475102 ], [ 55.296059902185895, 25.243919876615429 ], [ 55.29609580217241, 25.24400727662017 ], [ 55.2962055, 25.2439539 ], [ 55.296202492175631, 25.243925601900223 ], [ 55.296236702195174, 25.243958676643249 ], [ 55.2964362, 25.2438543 ] ] ], [ [ [ 55.296421068895846, 25.23475714854187 ], [ 55.296510900422291, 25.234846980073236 ], [ 55.296645647717753, 25.234846980078025 ], [ 55.296650713497051, 25.234709393494096 ], [ 55.296426134676018, 25.234709393494089 ], [ 55.296421068895846, 25.23475714854187 ] ] ], [ [ [ 55.296515966204439, 25.243512883278459 ], [ 55.296515966204439, 25.243467967514253 ], [ 55.296426134676018, 25.243467967514253 ], [ 55.296426134676018, 25.243512883278463 ], [ 55.296515966204439, 25.243512883278459 ] ] ], [ [ [ 55.295941820404281, 25.252925824727587 ], [ 55.296126820366375, 25.25322662475201 ], [ 55.2963781, 25.253099 ], [ 55.2961931, 25.2527981 ], [ 55.295941820404281, 25.252925824727587 ] ] ], [ [ [ 55.2960964, 25.2498152 ], [ 55.295867101005634, 25.249929676516153 ], [ 55.29617660093561, 25.250443776559798 ], [ 55.2964059, 25.2503293 ], [ 55.2960964, 25.2498152 ] ] ], [ [ [ 55.2964465, 25.2461301 ], [ 55.296405, 25.2460637 ], [ 55.29628796083076, 25.246123962425376 ], [ 55.296377160821798, 25.246267062431265 ], [ 55.2964622, 25.2462231 ], [ 55.2964465, 25.2461301 ] ] ], [ [ [ 55.296219933523972, 25.247347769208712 ], [ 55.2961777, 25.2473704 ], [ 55.2962347, 25.2474572 ], [ 55.2963257, 25.2474084 ], [ 55.296266648074159, 25.24732270156062 ], [ 55.2964459, 25.2472363 ], [ 55.2964178, 25.2471936 ], [ 55.296204260718795, 25.247323962412739 ], [ 55.296219933523972, 25.247347769208712 ] ] ], [ [ [ 55.296452561130891, 25.242877962454894 ], [ 55.29640460000001, 25.2427884 ], [ 55.2963422, 25.2427791 ], [ 55.2962305, 25.2428572 ], [ 55.2962218, 25.2429109 ], [ 55.2962635, 25.2429909 ], [ 55.2963118, 25.2430033 ], [ 55.2964448, 25.2429594 ], [ 55.296466073659388, 25.242902847526015 ], [ 55.2965028, 25.2429049 ], [ 55.2964807, 25.2428643 ], [ 55.296452561130891, 25.242877962454894 ] ] ], [ [ [ 55.296354502019135, 25.244927176651061 ], [ 55.2964506, 25.2448757 ], [ 55.2963751, 25.2447586 ], [ 55.296246502028211, 25.244827176634935 ], [ 55.29629530201823, 25.244902776641872 ], [ 55.296354502019135, 25.244927176651061 ] ] ], [ [ [ 55.296510191445805, 25.230086306581235 ], [ 55.296510191443602, 25.230131222345307 ], [ 55.296555107206686, 25.230176138111201 ], [ 55.296600022971973, 25.230176138113023 ], [ 55.296650713497051, 25.230127985545078 ], [ 55.296650713497051, 25.230083069780875 ], [ 55.296510191445805, 25.230086306581235 ] ] ], [ [ [ 55.296447361131904, 25.242864262454589 ], [ 55.2964711, 25.2428521 ], [ 55.296455, 25.2428242 ], [ 55.296431261133698, 25.242836362453531 ], [ 55.296447361131904, 25.242864262454589 ] ] ], [ [ [ 55.2964485, 25.2430324 ], [ 55.2964239, 25.2429928 ], [ 55.2963233, 25.2430441 ], [ 55.2963479, 25.2430836 ], [ 55.2964485, 25.2430324 ] ] ], [ [ [ 55.296152, 25.253501 ], [ 55.295877400289569, 25.253637376475556 ], [ 55.296023900256252, 25.253881576496223 ], [ 55.2962986, 25.2537452 ], [ 55.296152, 25.253501 ] ] ], [ [ [ 55.2962796, 25.2476436 ], [ 55.2963842, 25.2475896 ], [ 55.2963469, 25.2475305 ], [ 55.296225, 25.2475571 ], [ 55.2962796, 25.2476436 ] ] ], [ [ [ 55.2963808, 25.242741 ], [ 55.2964264, 25.2428156 ], [ 55.2964492, 25.2428042 ], [ 55.2964036, 25.2427296 ], [ 55.2963808, 25.242741 ] ] ], [ [ [ 55.296515966204439, 25.234125488559414 ], [ 55.296560881968638, 25.234125488559414 ], [ 55.296560881968638, 25.234080572795207 ], [ 55.296515966204439, 25.234080572795204 ], [ 55.296515966204439, 25.234125488559414 ] ] ], [ [ [ 55.296314860719427, 25.247371162420745 ], [ 55.2963733, 25.2473397 ], [ 55.2963475, 25.2473001 ], [ 55.296288960721846, 25.247331562419021 ], [ 55.296314860719427, 25.247371162420745 ] ] ], [ [ [ 55.296605797732845, 25.230532227422941 ], [ 55.296471050440225, 25.230217817073488 ], [ 55.296246471619199, 25.229993238252462 ], [ 55.296195882404817, 25.229996418254604 ], [ 55.29619588240331, 25.230069499347898 ], [ 55.296089, 25.2298903 ], [ 55.2958697, 25.2299973 ], [ 55.2959285, 25.2300545 ], [ 55.2958551, 25.2300903 ], [ 55.2959596, 25.2302656 ], [ 55.296195882398443, 25.230150308746492 ], [ 55.296240798150642, 25.2304006601331 ], [ 55.29642046120307, 25.230580323196552 ], [ 55.296555208498873, 25.230580323201917 ], [ 55.296605797732845, 25.230532227422941 ] ] ], [ [ [ 55.296368, 25.2472157 ], [ 55.2962271, 25.2469823 ], [ 55.2961041, 25.2470431 ], [ 55.2962451, 25.2472765 ], [ 55.296368, 25.2472157 ] ] ], [ [ [ 55.296515966204439, 25.23641619253392 ], [ 55.296464870102476, 25.236419656456661 ], [ 55.296464870097772, 25.23650948798479 ], [ 55.296515966204439, 25.236506024062333 ], [ 55.296515966204439, 25.23641619253392 ] ] ], [ [ [ 55.2963259, 25.2464973 ], [ 55.296264260793414, 25.246526262421469 ], [ 55.296232760785891, 25.246594262418746 ], [ 55.296280360780557, 25.246676662421859 ], [ 55.2963556, 25.2466385 ], [ 55.2963695, 25.2465658 ], [ 55.2963259, 25.2464973 ] ] ], [ [ [ 55.2965108, 25.2337716 ], [ 55.2964411, 25.2336517 ], [ 55.296178561939513, 25.233777362482815 ], [ 55.296241461932517, 25.233885662486934 ], [ 55.2965108, 25.2337716 ] ] ], [ [ [ 55.2963252, 25.2464923 ], [ 55.2962985, 25.2464487 ], [ 55.2962434, 25.2464762 ], [ 55.2962701, 25.2465199 ], [ 55.2963252, 25.2464923 ] ] ], [ [ [ 55.2965228, 25.2320795 ], [ 55.29651230000001, 25.2320616 ], [ 55.29644906210337, 25.232092662511949 ], [ 55.296459462102227, 25.232110562512627 ], [ 55.2965228, 25.2320795 ] ] ], [ [ [ 55.295755771318746, 25.243508180060243 ], [ 55.2958519, 25.2434569 ], [ 55.2957425, 25.2432863 ], [ 55.2956193, 25.2433509 ], [ 55.2957287, 25.2435215 ], [ 55.295671, 25.2435518 ], [ 55.295764, 25.2436968 ], [ 55.29583860000001, 25.2436577 ], [ 55.29581875878899, 25.243626770044095 ], [ 55.295989527929812, 25.243556042766063 ], [ 55.296029617324066, 25.243618488575361 ], [ 55.29579840000001, 25.2437579 ], [ 55.29581970000001, 25.2437912 ], [ 55.2963488, 25.2435136 ], [ 55.2963276, 25.2434805 ], [ 55.296261599516242, 25.243515669053878 ], [ 55.2962891, 25.2435007 ], [ 55.296216561458095, 25.243387518079071 ], [ 55.2962504, 25.2433624 ], [ 55.2960394, 25.2430333 ], [ 55.295758302300108, 25.243180976575623 ], [ 55.295789041839058, 25.243228944516495 ], [ 55.2957651, 25.2432415 ], [ 55.2958153, 25.2433197 ], [ 55.295839289965024, 25.243307354812934 ], [ 55.295792502274068, 25.243332476579361 ], [ 55.295867400123655, 25.243449417123511 ], [ 55.295755771318746, 25.243508180060243 ] ], [ [ 55.295889375997866, 25.243437848704268 ], [ 55.295914338372398, 25.243424464800231 ], [ 55.295914454977904, 25.243424646758189 ], [ 55.295889375997866, 25.243437848704268 ] ], [ [ 55.295734, 25.2435574 ], [ 55.295750720764048, 25.243548641506802 ], [ 55.295768285015711, 25.243576041753848 ], [ 55.2957516, 25.2435848 ], [ 55.295734, 25.2435574 ] ] ], [ [ [ 55.296426134676018, 25.237943328516923 ], [ 55.296426134676018, 25.237898412752713 ], [ 55.296374126629161, 25.23790238773628 ], [ 55.296374126626468, 25.23794730350032 ], [ 55.296426134676018, 25.237943328516923 ] ] ], [ [ [ 55.296336303147612, 25.23412548855941 ], [ 55.296471050440225, 25.234125488559414 ], [ 55.296471050440225, 25.234080572795204 ], [ 55.296336303147612, 25.234080572795204 ], [ 55.296336303147612, 25.23412548855941 ] ] ], [ [ [ 55.2960054, 25.2540411 ], [ 55.295737300171822, 25.254177376447007 ], [ 55.295879000141262, 25.254404976467089 ], [ 55.29596690014521, 25.254427676480887 ], [ 55.2961746, 25.254316 ], [ 55.2960054, 25.2540411 ] ] ], [ [ [ 55.296112661178249, 25.242186062433213 ], [ 55.2963433, 25.2420637 ], [ 55.2963188, 25.2420258 ], [ 55.296088161180585, 25.242148262431577 ], [ 55.296112661178249, 25.242186062433213 ] ] ], [ [ [ 55.296058860762031, 25.246773262404819 ], [ 55.2962717, 25.2466634 ], [ 55.2961796, 25.2465168 ], [ 55.295966760771172, 25.246626762398719 ], [ 55.296058860762031, 25.246773262404819 ] ] ], [ [ [ 55.2962496, 25.2469209 ], [ 55.2962304, 25.2468889 ], [ 55.2960692, 25.2469678 ], [ 55.2960883, 25.2469998 ], [ 55.2962496, 25.2469209 ] ] ], [ [ [ 55.2960512, 25.2518733 ], [ 55.295452701066793, 25.252180152852258 ], [ 55.295569201016434, 25.252367552885261 ], [ 55.2961678, 25.2520607 ], [ 55.2960512, 25.2518733 ] ] ], [ [ [ 55.296164960790875, 25.246505662414158 ], [ 55.2962217, 25.2464736 ], [ 55.2961935, 25.2464329 ], [ 55.29613686079329, 25.246465062412277 ], [ 55.296164960790875, 25.246505662414158 ] ] ], [ [ [ 55.296227, 25.2458235 ], [ 55.2961849, 25.2457571 ], [ 55.2960445, 25.2456871 ], [ 55.2959426, 25.2457062 ], [ 55.29579706083728, 25.245810662390394 ], [ 55.295863260830778, 25.245915262394774 ], [ 55.296111260826173, 25.24608816241237 ], [ 55.2962189, 25.2460319 ], [ 55.296227, 25.2458235 ] ] ], [ [ [ 55.2962035, 25.2318757 ], [ 55.295770962079509, 25.23202446246173 ], [ 55.295997362059389, 25.232358762476839 ], [ 55.29605206206071, 25.232370962480864 ], [ 55.2964146, 25.2322064 ], [ 55.2962035, 25.2318757 ] ] ], [ [ [ 55.296124, 25.2527168 ], [ 55.295903, 25.252367 ], [ 55.2956871, 25.2524786 ], [ 55.2959081, 25.2528284 ], [ 55.296124, 25.2527168 ] ] ], [ [ [ 55.295671500332801, 25.253312776446332 ], [ 55.295821600297813, 25.253567376467437 ], [ 55.2961002, 25.2534313 ], [ 55.29595, 25.2531767 ], [ 55.295671500332801, 25.253312776446332 ] ] ], [ [ [ 55.296420461228983, 25.230041334027607 ], [ 55.296426134676018, 25.229993238252465 ], [ 55.296330629700613, 25.229996418259965 ], [ 55.296330629698446, 25.23004133402404 ], [ 55.296420461228983, 25.230041334027607 ] ] ], [ [ [ 55.296291387383405, 25.235697540306621 ], [ 55.296336303147612, 25.235697540306614 ], [ 55.296336303147612, 25.235652624542418 ], [ 55.296291387383405, 25.235652624542418 ], [ 55.296291387383405, 25.235697540306621 ] ] ], [ [ [ 55.29602176194382, 25.233652562471789 ], [ 55.296040061941902, 25.233682862472982 ], [ 55.2963282, 25.2335406 ], [ 55.29631, 25.2335102 ], [ 55.29602176194382, 25.233652562471789 ] ] ], [ [ [ 55.296132261209969, 25.241844062436495 ], [ 55.2961998, 25.2418101 ], [ 55.2961153, 25.2416694 ], [ 55.296047761218922, 25.24170336243094 ], [ 55.296132261209969, 25.241844062436495 ] ] ], [ [ [ 55.296201555854992, 25.234305151616233 ], [ 55.296291387383405, 25.234305151616237 ], [ 55.296291387383405, 25.234215320087824 ], [ 55.296201555854992, 25.234215320087827 ], [ 55.296201555854992, 25.234305151616233 ] ] ], [ [ [ 55.296297, 25.2324778 ], [ 55.2963149, 25.2324734 ], [ 55.2963055, 25.2324419 ], [ 55.2962876, 25.2324462 ], [ 55.296297, 25.2324778 ] ] ], [ [ [ 55.296006760788636, 25.246452862402634 ], [ 55.296113, 25.2463974 ], [ 55.2960815, 25.2463476 ], [ 55.295975260791714, 25.246403162400551 ], [ 55.296006760788636, 25.246452862402634 ] ] ], [ [ [ 55.296029161185587, 25.242063762427637 ], [ 55.2961548, 25.2420089 ], [ 55.2961017, 25.2419401 ], [ 55.29596986118802, 25.242007662423504 ], [ 55.296029161185587, 25.242063762427637 ] ] ], [ [ [ 55.296156640090786, 25.2340805727952 ], [ 55.296246471619199, 25.234080572795211 ], [ 55.296246471619199, 25.233990741266801 ], [ 55.296156640090786, 25.233990741266798 ], [ 55.296156640090786, 25.2340805727952 ] ] ], [ [ [ 55.2958015, 25.2536809 ], [ 55.295531200221042, 25.253821776418089 ], [ 55.295687900188021, 25.254069376440334 ], [ 55.2959581, 25.2539285 ], [ 55.2958015, 25.2536809 ] ] ], [ [ [ 55.296111724326579, 25.236371276769717 ], [ 55.296111724326579, 25.236416192533913 ], [ 55.296201555854992, 25.236416192533923 ], [ 55.296201555854992, 25.236371276769717 ], [ 55.296111724326579, 25.236371276769717 ] ] ], [ [ [ 55.2958626, 25.2515689 ], [ 55.295261101147538, 25.251877352797869 ], [ 55.295383701094586, 25.252074452832595 ], [ 55.2959852, 25.251766 ], [ 55.2958626, 25.2515689 ] ] ], [ [ [ 55.296156640090786, 25.235652624542418 ], [ 55.296201555854992, 25.235652624542418 ], [ 55.296201555854992, 25.235607708778208 ], [ 55.296156640090786, 25.235607708778208 ], [ 55.296156640090786, 25.235652624542418 ] ] ], [ [ [ 55.296033561176934, 25.242161862427437 ], [ 55.2960892, 25.2421347 ], [ 55.2960718, 25.2421044 ], [ 55.296016161178905, 25.2421314624263 ], [ 55.296033561176934, 25.242161862427437 ] ] ], [ [ [ 55.295994080800156, 25.242188790896208 ], [ 55.2958613, 25.2422637 ], [ 55.2958937, 25.2423107 ], [ 55.2960825, 25.2422041 ], [ 55.2960501, 25.2421572 ], [ 55.295994080800156, 25.242188790896208 ] ] ], [ [ [ 55.295924640548876, 25.246594778677466 ], [ 55.2960217, 25.2465428 ], [ 55.2959527, 25.2464372 ], [ 55.2958998, 25.2464358 ], [ 55.295793860773991, 25.246510662386441 ], [ 55.295837581774641, 25.246577541551943 ], [ 55.295756260762346, 25.246621162383054 ], [ 55.295787260759447, 25.246668562385111 ], [ 55.295924640548876, 25.246594778677466 ] ] ], [ [ [ 55.295937061190529, 25.241963662421291 ], [ 55.29607870000001, 25.2418897 ], [ 55.2960008, 25.241752 ], [ 55.295860161199329, 25.241828462416272 ], [ 55.295937061190529, 25.241963662421291 ] ] ], [ [ [ 55.2960471, 25.2378549 ], [ 55.296133, 25.2378597 ], [ 55.296135, 25.237831 ], [ 55.296049, 25.2378262 ], [ 55.2960471, 25.2378549 ] ] ], [ [ [ 55.295636761880168, 25.23416946244031 ], [ 55.2961845, 25.2338958 ], [ 55.2961063, 25.2337675 ], [ 55.295452261878793, 25.234094062426951 ], [ 55.295530461870683, 25.234222462432104 ], [ 55.295636761880168, 25.23416946244031 ] ] ], [ [ [ 55.296156640090786, 25.235697540306617 ], [ 55.296111724326579, 25.235697540306617 ], [ 55.296111724326579, 25.235742456070827 ], [ 55.296066808562372, 25.235742456070831 ], [ 55.296066808562372, 25.235787371835034 ], [ 55.296156640090786, 25.235787371835034 ], [ 55.296156640090786, 25.235697540306617 ] ] ], [ [ [ 55.2959461, 25.2462504 ], [ 55.2960096, 25.2462164 ], [ 55.2956974, 25.2457393 ], [ 55.295634, 25.2457732 ], [ 55.2959461, 25.2462504 ] ] ], [ [ [ 55.2957482, 25.2528235 ], [ 55.295467800380685, 25.252965176417703 ], [ 55.295618700347305, 25.253211876439032 ], [ 55.295899, 25.2530702 ], [ 55.2957482, 25.2528235 ] ] ], [ [ [ 55.2959826, 25.2468112 ], [ 55.2959638, 25.246779 ], [ 55.2959302, 25.2467951 ], [ 55.295949, 25.2468272 ], [ 55.2959826, 25.2468112 ] ] ], [ [ [ 55.295193701984644, 25.244535676469898 ], [ 55.295211001973733, 25.244600576471935 ], [ 55.295388101987321, 25.244617276500051 ], [ 55.295427950404054, 25.244456904740517 ], [ 55.29546000201077, 25.244531276512539 ], [ 55.29560434030715, 25.244437896501182 ], [ 55.2957771, 25.2443747 ], [ 55.295766161180985, 25.244311310948103 ], [ 55.295899202072924, 25.244425376583969 ], [ 55.2959763, 25.2443834 ], [ 55.29579731397714, 25.244096788213138 ], [ 55.295707482448726, 25.244096788213142 ], [ 55.295720335721278, 25.244141703980706 ], [ 55.295675202101776, 25.244166176551108 ], [ 55.295698086862075, 25.244217380482088 ], [ 55.295659263491402, 25.244233233855219 ], [ 55.2956422, 25.2441478 ], [ 55.295383902050446, 25.244288676503132 ], [ 55.295422158989744, 25.24443478635736 ], [ 55.2952491, 25.2444156 ], [ 55.295193701984644, 25.244535676469898 ] ] ], [ [ [ 55.295887145505546, 25.246791734065496 ], [ 55.295932061269752, 25.246791734065496 ], [ 55.295932061269752, 25.246746818301293 ], [ 55.295887145505546, 25.24674681830129 ], [ 55.295887145505546, 25.246791734065496 ] ] ], [ [ [ 55.2959212, 25.242045 ], [ 55.2957035, 25.242149 ], [ 55.2957655, 25.2422458 ], [ 55.295992, 25.2421338 ], [ 55.2959212, 25.242045 ] ] ], [ [ [ 55.295841161207065, 25.241733362415356 ], [ 55.2959966, 25.2416449 ], [ 55.2959731, 25.2416112 ], [ 55.295817661209064, 25.241699662413787 ], [ 55.295841161207065, 25.241733362415356 ] ] ], [ [ [ 55.295336060724054, 25.246839362350531 ], [ 55.295444360730343, 25.246822762358693 ], [ 55.295502668188405, 25.246764349811052 ], [ 55.295582333936629, 25.246888510765022 ], [ 55.2955526, 25.2469043 ], [ 55.2955218, 25.246854 ], [ 55.29544940000001, 25.2468939 ], [ 55.2954246, 25.2469418 ], [ 55.295444, 25.2470049 ], [ 55.295491, 25.2470376 ], [ 55.295639889805663, 25.246977687301079 ], [ 55.295665360722616, 25.247016962374161 ], [ 55.2959125, 25.2468833 ], [ 55.295863, 25.2468062 ], [ 55.295656895589062, 25.246914955435258 ], [ 55.295607937274035, 25.246784871074649 ], [ 55.2957654, 25.2466981 ], [ 55.2957075, 25.2466121 ], [ 55.295539494931795, 25.246592382472048 ], [ 55.2954947, 25.2464664 ], [ 55.295414660761026, 25.246468062358364 ], [ 55.295391160748935, 25.246590562355951 ], [ 55.295471488076892, 25.246715754792866 ], [ 55.29541, 25.2466836 ], [ 55.295310960733836, 25.246718662349291 ], [ 55.295290860728805, 25.246764562347547 ], [ 55.295336060724054, 25.246839362350531 ] ] ], [ [ [ 55.2959771, 25.2415008 ], [ 55.295976977033966, 25.24140184236078 ], [ 55.295932061269752, 25.241401842360784 ], [ 55.2958846, 25.2412873 ], [ 55.295828061244436, 25.241312562416624 ], [ 55.295862861239861, 25.241380462418849 ], [ 55.295887145505652, 25.241369630983566 ], [ 55.295887145505546, 25.24140184236078 ], [ 55.295842229741339, 25.24140184236078 ], [ 55.295842229741339, 25.24149167388919 ], [ 55.295912249698354, 25.241491673904537 ], [ 55.2959285, 25.2415221 ], [ 55.2959771, 25.2415008 ] ] ], [ [ [ 55.2959197, 25.2438213 ], [ 55.2958536, 25.2438532 ], [ 55.2958737, 25.2438872 ], [ 55.2959397, 25.2438553 ], [ 55.2959197, 25.2438213 ] ] ], [ [ [ 55.296021892798166, 25.234125488559414 ], [ 55.296066808562372, 25.234125488559414 ], [ 55.296066808562372, 25.234080572795204 ], [ 55.296021892798166, 25.2340805727952 ], [ 55.296021892798166, 25.234125488559414 ] ] ], [ [ [ 55.295932061269752, 25.242749315286957 ], [ 55.295932061269752, 25.242659483758548 ], [ 55.295842229741339, 25.242659483758541 ], [ 55.295842229741339, 25.242749315286961 ], [ 55.295932061269752, 25.242749315286957 ] ] ], [ [ [ 55.295671, 25.2512589 ], [ 55.295098420576203, 25.251559324616206 ], [ 55.295223520551986, 25.251754924632802 ], [ 55.2957962, 25.2514545 ], [ 55.295671, 25.2512589 ] ] ], [ [ [ 55.29532760026752, 25.253481476389396 ], [ 55.295477700232532, 25.253736076410512 ], [ 55.2957563, 25.2536 ], [ 55.2956061, 25.2533454 ], [ 55.29532760026752, 25.253481476389396 ] ] ], [ [ [ 55.2957601611744, 25.242055762407599 ], [ 55.2959026, 25.2419809 ], [ 55.2958186, 25.2418345 ], [ 55.295670761183437, 25.241911662401698 ], [ 55.2957601611744, 25.242055762407599 ] ] ], [ [ [ 55.295842229741339, 25.24301880987219 ], [ 55.295887145505546, 25.24301880987219 ], [ 55.295887145505546, 25.24297389410799 ], [ 55.295842229741339, 25.242973894107987 ], [ 55.295842229741339, 25.24301880987219 ] ] ], [ [ [ 55.295817661216304, 25.241619362414209 ], [ 55.2959001, 25.241577 ], [ 55.2958598, 25.2415067 ], [ 55.29577806122068, 25.241551462411618 ], [ 55.295817661216304, 25.241619362414209 ] ] ], [ [ [ 55.295976977033966, 25.235113635371945 ], [ 55.295976977033966, 25.235023803843529 ], [ 55.295842229741339, 25.235023803843532 ], [ 55.295837062619235, 25.235071615655006 ], [ 55.29588197838244, 25.235116531420715 ], [ 55.295976977033966, 25.235113635371945 ] ] ], [ [ [ 55.295887145505546, 25.234933972315122 ], [ 55.295882484968466, 25.234981500202082 ], [ 55.295972316498627, 25.234981500205016 ], [ 55.295976977033966, 25.234933972315122 ], [ 55.295887145505546, 25.234933972315122 ] ] ], [ [ [ 55.295932061269752, 25.233586499388942 ], [ 55.295976977033966, 25.233586499388942 ], [ 55.295976977033966, 25.233541583624731 ], [ 55.295932061269752, 25.233541583624739 ], [ 55.295932061269752, 25.233586499388942 ] ] ], [ [ [ 55.2958074, 25.2457384 ], [ 55.2957812, 25.2456992 ], [ 55.2957399, 25.2457218 ], [ 55.2957661, 25.245761 ], [ 55.2958074, 25.2457384 ] ] ], [ [ [ 55.295842229741339, 25.235383129957185 ], [ 55.295842229741339, 25.235293298428768 ], [ 55.29579731397714, 25.235293298428765 ], [ 55.29579731397714, 25.235383129957182 ], [ 55.295752398212933, 25.235383129957182 ], [ 55.295752398212933, 25.235428045721388 ], [ 55.295842229741339, 25.235428045721388 ], [ 55.295842229741339, 25.235517877249794 ], [ 55.295932061269752, 25.235517877249794 ], [ 55.295932061269752, 25.235383129957182 ], [ 55.295842229741339, 25.235383129957185 ] ] ], [ [ [ 55.295301100414683, 25.252707576393977 ], [ 55.295420200390076, 25.252893276410909 ], [ 55.2956885, 25.2527516 ], [ 55.2955693, 25.2525659 ], [ 55.295301100414683, 25.252707576393977 ] ] ], [ [ [ 55.295625960789764, 25.246253462375279 ], [ 55.2957793, 25.2462311 ], [ 55.295761, 25.2461012 ], [ 55.295607760800671, 25.246123562374613 ], [ 55.295625960789764, 25.246253462375279 ] ] ], [ [ [ 55.295713761215417, 25.241578162406682 ], [ 55.2958431, 25.2415085 ], [ 55.2957773, 25.241406 ], [ 55.295643361221707, 25.241473862401975 ], [ 55.295713761215417, 25.241578162406682 ] ] ], [ [ [ 55.295796303117797, 25.241251093181006 ], [ 55.2958464, 25.2412261 ], [ 55.29582090000001, 25.241183 ], [ 55.29577754990374, 25.241222657336721 ], [ 55.2956714, 25.2410617 ], [ 55.295460261240713, 25.241173262389918 ], [ 55.295598461228458, 25.241377062399145 ], [ 55.295796303117797, 25.241251093181006 ] ] ], [ [ [ 55.2957442, 25.2377909 ], [ 55.29573439630768, 25.237707126117595 ], [ 55.29583716382156, 25.237721588951217 ], [ 55.295887145505546, 25.237673833931691 ], [ 55.295752398212933, 25.237224676289628 ], [ 55.2955278193919, 25.237179760525422 ], [ 55.295303240570874, 25.237224676289628 ], [ 55.295168493278254, 25.237269592053835 ], [ 55.295028680062309, 25.237407178573847 ], [ 55.295028680058451, 25.237497010102022 ], [ 55.295393040666752, 25.237644055315748 ], [ 55.295626965395314, 25.237680268516502 ], [ 55.2956711, 25.2378004 ], [ 55.2957357, 25.237829 ], [ 55.2957442, 25.2377909 ] ] ], [ [ [ 55.295821926279508, 25.232510060300804 ], [ 55.2959587, 25.2324334 ], [ 55.2957366, 25.2320292 ], [ 55.2956218, 25.2319075 ], [ 55.2951066, 25.2315843 ], [ 55.2950055, 25.2315928 ], [ 55.2948807, 25.231649 ], [ 55.29467502645798, 25.231793059249913 ], [ 55.295218125621162, 25.232781559703184 ], [ 55.295821926279508, 25.232510060300804 ] ] ], [ [ [ 55.2957492, 25.241574 ], [ 55.295629861206507, 25.241635762400115 ], [ 55.295662554314056, 25.241683236975323 ], [ 55.295598961197825, 25.241716862397379 ], [ 55.295617861196007, 25.241746362398629 ], [ 55.2958013, 25.2416555 ], [ 55.2957492, 25.241574 ] ] ], [ [ [ 55.2952907, 25.2462481 ], [ 55.2953851, 25.2462633 ], [ 55.2954016, 25.2461798 ], [ 55.2954272, 25.246184 ], [ 55.2954203, 25.2462188 ], [ 55.2955189, 25.2462347 ], [ 55.2955501, 25.2460765 ], [ 55.2955104, 25.2460701 ], [ 55.295518157567969, 25.246030855834054 ], [ 55.29557676414958, 25.246036117088952 ], [ 55.295597860802054, 25.246103362373979 ], [ 55.295727960810218, 25.246076762383822 ], [ 55.2957357, 25.246025 ], [ 55.2956972, 25.2459702 ], [ 55.29551510000001, 25.2459654 ], [ 55.295498172852582, 25.245993954096864 ], [ 55.2955245, 25.2458492 ], [ 55.2954777, 25.2458422 ], [ 55.2954814, 25.2458218 ], [ 55.2953677, 25.2458172 ], [ 55.295337, 25.2459856 ], [ 55.295495355386755, 25.246023287039812 ], [ 55.295282260797713, 25.245996462350998 ], [ 55.295242060777596, 25.246199762346905 ], [ 55.295300045765124, 25.246200763187577 ], [ 55.2952907, 25.2462481 ] ] ], [ [ [ 55.2957619, 25.242984 ], [ 55.2957279, 25.2429775 ], [ 55.295721, 25.2430075 ], [ 55.295755, 25.2430139 ], [ 55.2957619, 25.242984 ] ] ], [ [ [ 55.295691780795877, 25.241770086653304 ], [ 55.295620461190708, 25.241806362398496 ], [ 55.295656161187274, 25.241861862400867 ], [ 55.2957763, 25.2417986 ], [ 55.2957417, 25.2417439 ], [ 55.295691780795877, 25.241770086653304 ] ] ], [ [ [ 55.2955817, 25.2424733 ], [ 55.2956105, 25.2425177 ], [ 55.2957484, 25.2424718 ], [ 55.2957063, 25.2424071 ], [ 55.2955817, 25.2424733 ] ] ], [ [ [ 55.2957233, 25.2440437 ], [ 55.2956952, 25.2440041 ], [ 55.295599602115281, 25.244059176540237 ], [ 55.295627602110308, 25.244098676544258 ], [ 55.2957233, 25.2440437 ] ] ], [ [ [ 55.295652761262332, 25.241028162405044 ], [ 55.295679561259469, 25.241073062406809 ], [ 55.2957398, 25.2410429 ], [ 55.2957129, 25.240998 ], [ 55.295652761262332, 25.241028162405044 ] ] ], [ [ [ 55.295657197144877, 25.230265742461565 ], [ 55.29565719714283, 25.230310658225658 ], [ 55.295702112906, 25.230355573991435 ], [ 55.295842229741339, 25.230352564366111 ], [ 55.295887145505546, 25.230307648601908 ], [ 55.295887145505546, 25.230172901309292 ], [ 55.295747028679386, 25.230175910936779 ], [ 55.295657197144877, 25.230265742461565 ] ] ], [ [ [ 55.294937301830451, 25.245207376421252 ], [ 55.294959001822868, 25.245257276424145 ], [ 55.2950626, 25.2452561 ], [ 55.295084, 25.2451338 ], [ 55.294953371624544, 25.2451291802413 ], [ 55.294964541286937, 25.245064144253814 ], [ 55.29508530186861, 25.245082676446334 ], [ 55.295125976727959, 25.245040934507539 ], [ 55.295089901823395, 25.245318776444378 ], [ 55.295208281251782, 25.245338884760024 ], [ 55.295265701815005, 25.245448476471019 ], [ 55.295324601818642, 25.245458576480317 ], [ 55.295437987863494, 25.245444261139319 ], [ 55.295437987863977, 25.245388360593083 ], [ 55.29561640186737, 25.245349776528219 ], [ 55.2956767, 25.245294 ], [ 55.2955198, 25.2451011 ], [ 55.295437301879218, 25.245200576501283 ], [ 55.295394397127019, 25.245354429617741 ], [ 55.295366545636611, 25.245354429615361 ], [ 55.2954612, 25.2449027 ], [ 55.295348156335557, 25.244892905815433 ], [ 55.295348156335073, 25.24486035620464 ], [ 55.2952034, 25.2448632 ], [ 55.295169801905203, 25.244934876461532 ], [ 55.295192297643837, 25.244938249324083 ], [ 55.295127881123157, 25.244963923705573 ], [ 55.2951316, 25.244944 ], [ 55.294978019798052, 25.244920512394692 ], [ 55.2949887, 25.2448067 ], [ 55.2949125, 25.244794 ], [ 55.294785901794654, 25.24531817639577 ], [ 55.2948474, 25.2453118 ], [ 55.294948391235124, 25.245143902080038 ], [ 55.294937301830451, 25.245207376421252 ] ] ], [ [ [ 55.2958534, 25.2319476 ], [ 55.2958133, 25.2318788 ], [ 55.295757462089554, 25.231906362461348 ], [ 55.295797562085134, 25.231975162463975 ], [ 55.2958534, 25.2319476 ] ] ], [ [ [ 55.295572735156107, 25.242030663059662 ], [ 55.295572735156107, 25.242075578823869 ], [ 55.295707482448726, 25.242075578823872 ], [ 55.295707482448726, 25.242030663059662 ], [ 55.29566256668452, 25.242030663059666 ], [ 55.29566256668452, 25.241985747295455 ], [ 55.295617650920313, 25.241985747295452 ], [ 55.295617650920313, 25.242030663059666 ], [ 55.295572735156107, 25.242030663059662 ] ] ], [ [ [ 55.2954491, 25.2425523 ], [ 55.295370961078262, 25.242930362373912 ], [ 55.295619361085933, 25.242967362392243 ], [ 55.2956976, 25.2425892 ], [ 55.2954491, 25.2425523 ] ] ], [ [ [ 55.2953901, 25.2530123 ], [ 55.295109500309344, 25.253158176358202 ], [ 55.295264900276479, 25.253404376380249 ], [ 55.2955454, 25.2532585 ], [ 55.2953901, 25.2530123 ] ] ], [ [ [ 55.295211161225374, 25.241221062371071 ], [ 55.295361361236147, 25.241175462382522 ], [ 55.295702, 25.2409942 ], [ 55.2956047, 25.2408382 ], [ 55.295535761271061, 25.240873962397139 ], [ 55.295559309346778, 25.241028312022948 ], [ 55.295443380838591, 25.240867793689574 ], [ 55.2955964, 25.2407855 ], [ 55.2955735, 25.2407505 ], [ 55.295033745985712, 25.241034695598337 ], [ 55.295033745985634, 25.240997600482928 ], [ 55.294943914457221, 25.240997600482928 ], [ 55.294943914457221, 25.241132347775547 ], [ 55.294988830221428, 25.241132347775544 ], [ 55.294988830221428, 25.241177263539754 ], [ 55.295033745985634, 25.24117726353975 ], [ 55.295033745985663, 25.241135194068711 ], [ 55.295058861222792, 25.241174862359962 ], [ 55.295211161225374, 25.241221062371071 ] ] ], [ [ [ 55.2957101, 25.2385081 ], [ 55.295611403697791, 25.238558245298027 ], [ 55.295637303695955, 25.23860014529922 ], [ 55.295736, 25.2385501 ], [ 55.2957101, 25.2385081 ] ] ], [ [ [ 55.295455004309382, 25.24457768568552 ], [ 55.2954117, 25.2445979 ], [ 55.2954692, 25.2446982 ], [ 55.2955203, 25.2446742 ], [ 55.29549558414211, 25.2446310549178 ], [ 55.295648, 25.2445627 ], [ 55.2956146, 25.2444992 ], [ 55.295455004309382, 25.24457768568552 ] ] ], [ [ [ 55.295535361198993, 25.241672762392863 ], [ 55.2956841, 25.2415964 ], [ 55.2956224, 25.2414867 ], [ 55.295470361205744, 25.241565962388574 ], [ 55.295535361198993, 25.241672762392863 ] ] ], [ [ [ 55.295495, 25.2504395 ], [ 55.2955192, 25.2504759 ], [ 55.2955603, 25.2504535 ], [ 55.2955361, 25.2504172 ], [ 55.295495, 25.2504395 ] ] ], [ [ [ 55.2955425, 25.2462546 ], [ 55.2954905, 25.2462447 ], [ 55.2954795, 25.2462919 ], [ 55.295613, 25.2462996 ], [ 55.2955976, 25.2461764 ], [ 55.2955587, 25.2461789 ], [ 55.2955425, 25.2462546 ] ] ], [ [ [ 55.2957163, 25.2317302 ], [ 55.2957076, 25.2317887 ], [ 55.2958068, 25.2318008 ], [ 55.2958156, 25.2317424 ], [ 55.2957163, 25.2317302 ] ] ], [ [ [ 55.2951765, 25.2524506 ], [ 55.295257, 25.2525882 ], [ 55.2955193, 25.2524628 ], [ 55.2954388, 25.2523251 ], [ 55.2951765, 25.2524506 ] ] ], [ [ [ 55.2957597, 25.2337834 ], [ 55.295470361894594, 25.233927762429193 ], [ 55.295486261892933, 25.233954062430239 ], [ 55.2957756, 25.2338097 ], [ 55.2957597, 25.2337834 ] ] ], [ [ [ 55.2955278193919, 25.250205332145153 ], [ 55.295482903627693, 25.25020533214515 ], [ 55.295482903627693, 25.25025024790936 ], [ 55.295437987863494, 25.25025024790936 ], [ 55.295437987863494, 25.250295163673567 ], [ 55.2955278193919, 25.250295163673567 ], [ 55.2955278193919, 25.250205332145153 ] ] ], [ [ [ 55.2957359, 25.2352296 ], [ 55.2956965, 25.2352118 ], [ 55.295671461784842, 25.235243662437192 ], [ 55.295710861784968, 25.235261662440038 ], [ 55.2957359, 25.2352296 ] ] ], [ [ [ 55.295522449849244, 25.230265742456499 ], [ 55.295617650920313, 25.230262732837694 ], [ 55.29579731397714, 25.230083069780875 ], [ 55.29579731397714, 25.230038154016665 ], [ 55.295707482448726, 25.230038154016668 ], [ 55.295522449855376, 25.230130995164242 ], [ 55.295522449849244, 25.230265742456499 ] ] ], [ [ [ 55.2955891, 25.2438325 ], [ 55.2955618, 25.2437906 ], [ 55.295412402133955, 25.243870676512447 ], [ 55.295439702128427, 25.243912676516334 ], [ 55.2955891, 25.2438325 ] ] ], [ [ [ 55.295546061189484, 25.241783362393075 ], [ 55.2956157, 25.2417483 ], [ 55.2955995, 25.2417213 ], [ 55.295529861191206, 25.241756362392003 ], [ 55.295546061189484, 25.241783362393075 ] ] ], [ [ [ 55.295522361176978, 25.241910362390627 ], [ 55.2956055, 25.2418681 ], [ 55.2955855, 25.2418356 ], [ 55.295502461179019, 25.241877962389328 ], [ 55.295522361176978, 25.241910362390627 ] ] ], [ [ [ 55.2954174, 25.2440237 ], [ 55.295282302077347, 25.244099676489036 ], [ 55.295373102058143, 25.244243576501919 ], [ 55.2955379, 25.2441319 ], [ 55.295449730627574, 25.244046986166605 ], [ 55.2954772, 25.2440324 ], [ 55.2954583, 25.2440026 ], [ 55.2954174, 25.2440237 ] ] ], [ [ [ 55.295491161218273, 25.241437262390814 ], [ 55.2955715, 25.2413974 ], [ 55.2954213, 25.241194 ], [ 55.295292661225211, 25.241262962376933 ], [ 55.295400561213135, 25.241449762383994 ], [ 55.295491161218273, 25.241437262390814 ] ] ], [ [ [ 55.295617650920313, 25.237808581224304 ], [ 55.295617650920313, 25.237763665460093 ], [ 55.295567973184362, 25.23776633435099 ], [ 55.29556797318255, 25.237811250115094 ], [ 55.295617650920313, 25.237808581224304 ] ] ], [ [ [ 55.29553, 25.2423141 ], [ 55.2954589, 25.2421952 ], [ 55.295302061134265, 25.242275762372248 ], [ 55.295371861126846, 25.242392262376836 ], [ 55.29553, 25.2423141 ] ] ], [ [ [ 55.295097800458066, 25.252383476365157 ], [ 55.2953849, 25.2522385 ], [ 55.2952315, 25.2519854 ], [ 55.2951346, 25.2519623 ], [ 55.294909400499805, 25.252075176338526 ], [ 55.295097800458066, 25.252383476365157 ] ] ], [ [ [ 55.2954547, 25.2431044 ], [ 55.2955084, 25.2430756 ], [ 55.2953986, 25.2429425 ], [ 55.2953615, 25.2429624 ], [ 55.2954547, 25.2431044 ] ] ], [ [ [ 55.295409261278074, 25.240734062388444 ], [ 55.295392561269772, 25.24081796238675 ], [ 55.2955078, 25.2407487 ], [ 55.2954199, 25.2407281 ], [ 55.295409261278074, 25.240734062388444 ] ] ], [ [ [ 55.2954918, 25.2416789 ], [ 55.295402, 25.2415455 ], [ 55.2953267, 25.2415869 ], [ 55.2954166, 25.2417204 ], [ 55.2954918, 25.2416789 ] ] ], [ [ [ 55.2952134, 25.2527542 ], [ 55.294949300345372, 25.252893276335588 ], [ 55.295067400320875, 25.253077876352378 ], [ 55.2953315, 25.2529388 ], [ 55.2952134, 25.2527542 ] ] ], [ [ [ 55.2954803, 25.2386334 ], [ 55.295406711600847, 25.238669304578462 ], [ 55.29545361159758, 25.238749104580414 ], [ 55.2955271, 25.2387132 ], [ 55.2954803, 25.2386334 ] ] ], [ [ [ 55.295138302107034, 25.243875376468569 ], [ 55.295248402087331, 25.244031376484394 ], [ 55.2953662, 25.2439728 ], [ 55.2954193, 25.2439118 ], [ 55.295349299758108, 25.243828822820163 ], [ 55.2954519, 25.2437742 ], [ 55.295405, 25.2437012 ], [ 55.295275902140482, 25.243769876491768 ], [ 55.295299180226955, 25.243806031840439 ], [ 55.295138302107034, 25.243875376468569 ] ] ], [ [ [ 55.295452, 25.2436629 ], [ 55.2953913, 25.2435696 ], [ 55.2953397, 25.2435971 ], [ 55.2954003, 25.2436904 ], [ 55.295452, 25.2436629 ] ] ], [ [ [ 55.295383, 25.2470268 ], [ 55.295369, 25.2469649 ], [ 55.2953167, 25.2469267 ], [ 55.295173360706372, 25.246955462337763 ], [ 55.295238960697439, 25.247086662341957 ], [ 55.295316760701532, 25.247079462347809 ], [ 55.295383, 25.2470268 ] ] ], [ [ [ 55.295385061053956, 25.243206762373497 ], [ 55.2954326, 25.2431819 ], [ 55.2953891, 25.2431123 ], [ 55.295341661058316, 25.243137062370629 ], [ 55.295385061053956, 25.243206762373497 ] ] ], [ [ [ 55.295445295464987, 25.233527299458679 ], [ 55.2955304, 25.2334796 ], [ 55.2955444, 25.2334331 ], [ 55.2953413, 25.2330855 ], [ 55.2952891, 25.2330627 ], [ 55.2944268, 25.2334751 ], [ 55.294341695077449, 25.233522798800287 ], [ 55.294332895037186, 25.233574298792842 ], [ 55.294536894857522, 25.233923498899728 ], [ 55.294586294864843, 25.233937598928602 ], [ 55.295445295464987, 25.233527299458679 ] ] ], [ [ [ 55.295348156335073, 25.234350067380436 ], [ 55.29539307209928, 25.23435006738044 ], [ 55.29539307209928, 25.23439498314465 ], [ 55.295482903627693, 25.23439498314465 ], [ 55.295482903627693, 25.234350067380444 ], [ 55.2955278193919, 25.23435006738044 ], [ 55.2955278193919, 25.234305151616233 ], [ 55.295348156335073, 25.234305151616237 ], [ 55.295348156335073, 25.234350067380436 ] ] ], [ [ [ 55.2954393, 25.2385861 ], [ 55.295387611603729, 25.238609704577755 ], [ 55.295409411602044, 25.238649904578661 ], [ 55.2954611, 25.2386263 ], [ 55.2954393, 25.2385861 ] ] ], [ [ [ 55.295348156335073, 25.246612071008677 ], [ 55.295348156335073, 25.246567155244474 ], [ 55.2953240434069, 25.246567155246161 ], [ 55.2953434, 25.2464546 ], [ 55.295230160754855, 25.24644606234472 ], [ 55.295202349662468, 25.246591118293573 ], [ 55.2951595, 25.2465322 ], [ 55.295106732638281, 25.246522239506639 ], [ 55.295213409042461, 25.246522239480264 ], [ 55.295213409042461, 25.246432407951843 ], [ 55.295168493278254, 25.246432407951847 ], [ 55.295168493278254, 25.246387492187644 ], [ 55.294764251400402, 25.246387492187644 ], [ 55.294764251400402, 25.246432407951843 ], [ 55.294854082928808, 25.246432407951851 ], [ 55.294854082928808, 25.246477323716054 ], [ 55.294988830221428, 25.246477323716054 ], [ 55.294988830221428, 25.246432407951847 ], [ 55.295033745985634, 25.246432407951851 ], [ 55.295033745985897, 25.246508462338216 ], [ 55.2949566, 25.2464939 ], [ 55.294859360729433, 25.246545762316515 ], [ 55.294958860721401, 25.246683562323213 ], [ 55.295043560723521, 25.246701662329421 ], [ 55.295198171558546, 25.246612910240206 ], [ 55.295171760724777, 25.246750662338744 ], [ 55.295197660723353, 25.246779162340523 ], [ 55.2952867, 25.2467843 ], [ 55.295316319044417, 25.246612071010087 ], [ 55.295348156335073, 25.246612071008677 ] ] ], [ [ [ 55.295572735156107, 25.230038154016668 ], [ 55.295522449859469, 25.230041163636063 ], [ 55.295522449857422, 25.230086079400156 ], [ 55.295572735156107, 25.230083069780878 ], [ 55.295572735156107, 25.230038154016668 ] ] ], [ [ [ 55.295231487376675, 25.242660196793825 ], [ 55.295187, 25.2426827 ], [ 55.2952143, 25.2427261 ], [ 55.295247902078636, 25.242709010496885 ], [ 55.295203661088742, 25.242732062362485 ], [ 55.2953252, 25.242902 ], [ 55.2953665, 25.2428807 ], [ 55.295316989162721, 25.242747308604574 ], [ 55.2953894, 25.2427095 ], [ 55.295357821698879, 25.242659483765063 ], [ 55.29539307209928, 25.242659483758551 ], [ 55.29539307209928, 25.242614567994345 ], [ 55.295303240570874, 25.242614567994341 ], [ 55.295325863024402, 25.242702906763629 ], [ 55.295298109696986, 25.242717397882579 ], [ 55.2953123, 25.2426852 ], [ 55.2952804, 25.2426346 ], [ 55.295231487376675, 25.242660196793825 ] ] ], [ [ [ 55.2953985, 25.2420619 ], [ 55.2953736, 25.2420188 ], [ 55.295273161151805, 25.242067162371196 ], [ 55.295298061149019, 25.24211026237283 ], [ 55.2953985, 25.2420619 ] ] ], [ [ [ 55.2947806, 25.2440735 ], [ 55.2948389, 25.2440622 ], [ 55.294847648155603, 25.244015481128063 ], [ 55.294934402053137, 25.244054076433919 ], [ 55.2950293, 25.2440497 ], [ 55.295051985642161, 25.243890282642351 ], [ 55.295162350800638, 25.244066225561152 ], [ 55.295033, 25.2440967 ], [ 55.295008301501696, 25.244132789778853 ], [ 55.294967, 25.2441281 ], [ 55.2949629, 25.2441579 ], [ 55.2949105, 25.244152 ], [ 55.2949029, 25.2442064 ], [ 55.29493, 25.2442095 ], [ 55.2949162, 25.2443093 ], [ 55.2950463, 25.2443241 ], [ 55.295070563391043, 25.244148927847714 ], [ 55.2952484, 25.2440685 ], [ 55.2950213, 25.2437063 ], [ 55.294980003933546, 25.243728167156764 ], [ 55.2949344, 25.243654 ], [ 55.294831202109307, 25.243712876421313 ], [ 55.294774202088895, 25.243790476411306 ], [ 55.294877877733335, 25.243848435741015 ], [ 55.294846202082255, 25.243860176422025 ], [ 55.294847189156286, 25.244011828415697 ], [ 55.2947486, 25.2439966 ], [ 55.2947302, 25.2440942 ], [ 55.2947754, 25.2441012 ], [ 55.2947806, 25.2440735 ] ], [ [ 55.295017254377086, 25.243834914326705 ], [ 55.295037411063355, 25.243867047967679 ], [ 55.294977455240868, 25.243860053140651 ], [ 55.295017254377086, 25.243834914326705 ] ] ], [ [ [ 55.295164402062206, 25.244120076469954 ], [ 55.295266544000988, 25.244283999206935 ], [ 55.295091302011002, 25.244349076455656 ], [ 55.295088702003014, 25.244389076454777 ], [ 55.295157702007927, 25.244397576465712 ], [ 55.2953526, 25.2442933 ], [ 55.2952247, 25.2440882 ], [ 55.295164402062206, 25.244120076469954 ] ] ], [ [ [ 55.2951364, 25.2525672 ], [ 55.294844000368983, 25.252719476320724 ], [ 55.294931700350489, 25.252858176333174 ], [ 55.2952241, 25.2527059 ], [ 55.2951364, 25.2525672 ] ] ], [ [ [ 55.2952791, 25.2421204 ], [ 55.295239701772282, 25.242069779635482 ], [ 55.295369, 25.2420012 ], [ 55.2953435, 25.2419672 ], [ 55.295134900073499, 25.242071539661968 ], [ 55.295118760676772, 25.242045566506597 ], [ 55.2951654, 25.2420214 ], [ 55.2951237, 25.2419544 ], [ 55.294959361140485, 25.242038462347942 ], [ 55.2949767, 25.24212 ], [ 55.295001194208282, 25.242105723377382 ], [ 55.29503711167996, 25.242132039638552 ], [ 55.294906561125018, 25.242184062343235 ], [ 55.294966161119376, 25.242275962347183 ], [ 55.295153, 25.2422067 ], [ 55.295057579093545, 25.242125071762629 ], [ 55.295120531737808, 25.242092723261088 ], [ 55.295179561138021, 25.242173962363644 ], [ 55.2952791, 25.2421204 ] ] ], [ [ [ 55.295013661097585, 25.242540762349321 ], [ 55.2950347610956, 25.242573162350716 ], [ 55.2953459, 25.2424074 ], [ 55.2953134, 25.2423573 ], [ 55.295013661097585, 25.242540762349321 ] ] ], [ [ [ 55.2950406, 25.2479584 ], [ 55.2951063, 25.2480582 ], [ 55.295181310201613, 25.248017797854736 ], [ 55.295210501304481, 25.248061876432413 ], [ 55.2952591, 25.2480352 ], [ 55.2952291, 25.2479898 ], [ 55.295201170624658, 25.248005188256098 ], [ 55.2951364, 25.2479068 ], [ 55.2950406, 25.2479584 ] ] ], [ [ [ 55.295228161133444, 25.242248562366882 ], [ 55.295267061132179, 25.242281662369603 ], [ 55.2953377, 25.2422454 ], [ 55.2953095, 25.2421674 ], [ 55.295207661135464, 25.242216162365516 ], [ 55.295228161133444, 25.242248562366882 ] ] ], [ [ [ 55.2950428, 25.2409283 ], [ 55.2953544, 25.2407601 ], [ 55.2953589, 25.2407115 ], [ 55.2948744, 25.2406006 ], [ 55.2948549, 25.2406537 ], [ 55.2950428, 25.2409283 ] ] ], [ [ [ 55.2953374, 25.241946 ], [ 55.2953066, 25.2418902 ], [ 55.295244461163847, 25.241919462369847 ], [ 55.295275261160185, 25.241975262371845 ], [ 55.2953374, 25.241946 ] ] ], [ [ [ 55.2951988, 25.2446193 ], [ 55.2951302, 25.2446236 ], [ 55.2951209, 25.2446759 ], [ 55.2952748, 25.2446982 ], [ 55.2952866, 25.2446321 ], [ 55.2951988, 25.2446193 ] ] ], [ [ [ 55.2951314, 25.2427001 ], [ 55.295083861084088, 25.242724862353576 ], [ 55.295165711633572, 25.242904258131219 ], [ 55.295085088475439, 25.24293854509844 ], [ 55.2949881, 25.2427829 ], [ 55.294721761050518, 25.242919262325522 ], [ 55.294772361045425, 25.24300056232887 ], [ 55.294822316988657, 25.243018809878439 ], [ 55.294764251400402, 25.243018809872197 ], [ 55.294764251400402, 25.243063725636404 ], [ 55.294719335636195, 25.2430637256364 ], [ 55.294719335636195, 25.24310864140061 ], [ 55.294674419871988, 25.243108641400607 ], [ 55.294674419871988, 25.243198472929024 ], [ 55.294719335636195, 25.24319847292902 ], [ 55.294719335636195, 25.24324338869323 ], [ 55.294674419871988, 25.243243388693227 ], [ 55.294674419871988, 25.243333220221643 ], [ 55.294719335636195, 25.243333220221643 ], [ 55.294719335636195, 25.243378135985846 ], [ 55.294764251400402, 25.24337813598585 ], [ 55.294764251400402, 25.24333322022164 ], [ 55.294809167164608, 25.243333220221636 ], [ 55.294809167165077, 25.243301943841029 ], [ 55.294932791294912, 25.243254499136111 ], [ 55.294926761026076, 25.243290862338849 ], [ 55.294969961030034, 25.243268162342186 ], [ 55.295016961025524, 25.24334116234531 ], [ 55.2951441, 25.2432739 ], [ 55.2950718, 25.2431616 ], [ 55.295043837199991, 25.243176586810289 ], [ 55.2950029, 25.243113 ], [ 55.29492254938863, 25.243178130873371 ], [ 55.2948924, 25.2431313 ], [ 55.2949495, 25.2431021 ], [ 55.294959011384485, 25.243046945567357 ], [ 55.295039561051262, 25.243066962348461 ], [ 55.295211868002291, 25.24297859074915 ], [ 55.295235861064455, 25.243017062363371 ], [ 55.2953062, 25.2429807 ], [ 55.295213409042461, 25.242794231051171 ], [ 55.2951314, 25.2427001 ] ], [ [ 55.294854082928808, 25.243108641400614 ], [ 55.294854082929312, 25.243069733982502 ], [ 55.2948846, 25.2431187 ], [ 55.2948563, 25.2431336 ], [ 55.294854082928808, 25.243108641400614 ] ], [ [ 55.294771475924669, 25.243243388694154 ], [ 55.294764251400402, 25.243243388693223 ], [ 55.294764251400629, 25.243232165042954 ], [ 55.294771475924669, 25.243243388694154 ] ] ], [ [ [ 55.295482903627693, 25.230127985545085 ], [ 55.295482903627693, 25.230083069780875 ], [ 55.29543271963901, 25.230086022611562 ], [ 55.295432719637006, 25.230130938375655 ], [ 55.295482903627693, 25.230127985545085 ] ] ], [ [ [ 55.295482903627693, 25.230038154016675 ], [ 55.295482903627693, 25.229993238252469 ], [ 55.295432719643024, 25.229996191083394 ], [ 55.29543271964102, 25.23004110684748 ], [ 55.295482903627693, 25.230038154016675 ] ] ], [ [ [ 55.294996902135431, 25.24365907644842 ], [ 55.295111602118034, 25.243805376465087 ], [ 55.2952879, 25.2437074 ], [ 55.2951726, 25.2435803 ], [ 55.294996902135431, 25.24365907644842 ] ] ], [ [ [ 55.295123577514047, 25.245444261139312 ], [ 55.295123577514047, 25.245489176903522 ], [ 55.295258324806667, 25.245489176903522 ], [ 55.295258324806667, 25.245444261139316 ], [ 55.295213409042461, 25.245444261139323 ], [ 55.295213409042461, 25.24539934537512 ], [ 55.295168493278254, 25.245399345375112 ], [ 55.295168493278254, 25.245444261139316 ], [ 55.295123577514047, 25.245444261139312 ] ] ], [ [ [ 55.2953898, 25.236043 ], [ 55.2953283, 25.2360149 ], [ 55.295290081452208, 25.236060410632291 ], [ 55.2953898, 25.236043 ] ] ], [ [ [ 55.2950144, 25.2471834 ], [ 55.2950868, 25.2472966 ], [ 55.2952307, 25.2472212 ], [ 55.2951583, 25.247108 ], [ 55.2950144, 25.2471834 ] ] ], [ [ [ 55.2953675, 25.2361409 ], [ 55.2953694, 25.2360683 ], [ 55.295322023602409, 25.236076793519789 ], [ 55.295331223599874, 25.236132293520004 ], [ 55.2953675, 25.2361409 ] ] ], [ [ [ 55.2953026, 25.2414098 ], [ 55.2952556, 25.241337 ], [ 55.2951969, 25.241368 ], [ 55.2952439, 25.2414408 ], [ 55.2953026, 25.2414098 ] ] ], [ [ [ 55.2950921, 25.2457782 ], [ 55.29504410170626, 25.245902176430405 ], [ 55.2952157, 25.245917 ], [ 55.2952409, 25.2458058 ], [ 55.2950921, 25.2457782 ] ] ], [ [ [ 55.2950191, 25.2459048 ], [ 55.294989201690505, 25.245956676421006 ], [ 55.2952313, 25.2459766 ], [ 55.2952384, 25.2459374 ], [ 55.2950191, 25.2459048 ] ] ], [ [ [ 55.29510526116033, 25.241890162359621 ], [ 55.295126061158115, 25.241924962360979 ], [ 55.2952796, 25.241849 ], [ 55.2952588, 25.2418142 ], [ 55.29510526116033, 25.241890162359621 ] ] ], [ [ [ 55.2952048, 25.2470587 ], [ 55.2950213, 25.2467453 ], [ 55.294948660712166, 25.246780962321928 ], [ 55.295132160692013, 25.247094362333957 ], [ 55.2952048, 25.2470587 ] ] ], [ [ [ 55.2950334, 25.2459805 ], [ 55.2950059, 25.2461237 ], [ 55.2951735, 25.24615 ], [ 55.2951743, 25.2460026 ], [ 55.2950334, 25.2459805 ] ] ], [ [ [ 55.2952172, 25.2417305 ], [ 55.295146161173264, 25.24176686236332 ], [ 55.295164561171397, 25.241796662364546 ], [ 55.2952355, 25.2417604 ], [ 55.2952172, 25.2417305 ] ] ], [ [ [ 55.2951625, 25.246741 ], [ 55.2951652, 25.2467113 ], [ 55.2951029, 25.2467067 ], [ 55.2950698, 25.2467672 ], [ 55.2951331, 25.2467719 ], [ 55.2951625, 25.246741 ] ] ], [ [ [ 55.2951769, 25.2430406 ], [ 55.295054961048081, 25.243109862349375 ], [ 55.295108961043134, 25.243191162352975 ], [ 55.2952136, 25.2430957 ], [ 55.2951769, 25.2430406 ] ] ], [ [ [ 55.2943730009139, 25.252045452509925 ], [ 55.2944531008864, 25.252155852533033 ], [ 55.295048, 25.251837 ], [ 55.2950671, 25.2517508 ], [ 55.2948268, 25.2513782 ], [ 55.2947314, 25.2513713 ], [ 55.294147901021972, 25.251655552446806 ], [ 55.2943730009139, 25.252045452509925 ] ] ], [ [ [ 55.295064661178955, 25.241663762357792 ], [ 55.29513546117294, 25.241765162362537 ], [ 55.2952066, 25.2417246 ], [ 55.2951359, 25.2416233 ], [ 55.295064661178955, 25.241663762357792 ] ] ], [ [ [ 55.294607600444159, 25.252214776288671 ], [ 55.294579600423553, 25.252307576283123 ], [ 55.294758900383982, 25.252600176308469 ], [ 55.2950483, 25.2524537 ], [ 55.2948271, 25.2520929 ], [ 55.294607600444159, 25.252214776288671 ] ] ], [ [ [ 55.295025101267775, 25.248160676401632 ], [ 55.2951065, 25.2481173 ], [ 55.2950431, 25.2480182 ], [ 55.294961701280918, 25.248061576392626 ], [ 55.295025101267775, 25.248160676401632 ] ] ], [ [ [ 55.2951858, 25.2423645 ], [ 55.2951331, 25.2422469 ], [ 55.295024761119905, 25.242298862351436 ], [ 55.295092361115564, 25.242380062356048 ], [ 55.295128661116024, 25.242392862358681 ], [ 55.2951858, 25.2423645 ] ] ], [ [ [ 55.2949852, 25.250175 ], [ 55.294745460661815, 25.250299021065729 ], [ 55.294829060647558, 25.250432221075208 ], [ 55.2950688, 25.2503081 ], [ 55.2949852, 25.250175 ] ] ], [ [ [ 55.2949157, 25.2434713 ], [ 55.2951629, 25.2433421 ], [ 55.2951371, 25.2433016 ], [ 55.294956084575546, 25.243396488622103 ], [ 55.2949253, 25.2433981 ], [ 55.2948867, 25.2433376 ], [ 55.2948444, 25.2433597 ], [ 55.2949157, 25.2434713 ] ] ], [ [ [ 55.2951283, 25.2457001 ], [ 55.2950884, 25.2456927 ], [ 55.2950795, 25.2457321 ], [ 55.2951194, 25.2457395 ], [ 55.2951283, 25.2457001 ] ] ], [ [ [ 55.2950804, 25.247067 ], [ 55.2950261, 25.2469859 ], [ 55.2949051, 25.2469688 ], [ 55.2948487, 25.2469979 ], [ 55.2948871, 25.247113 ], [ 55.2949135, 25.2471008 ], [ 55.2949356, 25.2471418 ], [ 55.2950216, 25.2470983 ], [ 55.2950374, 25.2471216 ], [ 55.2950844, 25.2470956 ], [ 55.2950804, 25.247067 ] ] ], [ [ [ 55.294857035218655, 25.241827891279051 ], [ 55.294891114153017, 25.241880986902814 ], [ 55.294709561134901, 25.24197786232962 ], [ 55.29468456113046, 25.242014762327564 ], [ 55.294706261128397, 25.242048262329011 ], [ 55.2949286, 25.2419297 ], [ 55.294896315349327, 25.241880106109541 ], [ 55.294935759903801, 25.241858259298841 ], [ 55.294964461153093, 25.241901262349042 ], [ 55.2951533, 25.2417979 ], [ 55.2951104, 25.2417337 ], [ 55.294927881775344, 25.241800972653554 ], [ 55.294920516774852, 25.241780923490996 ], [ 55.2950164, 25.2417284 ], [ 55.2949766, 25.2416375 ], [ 55.294884214691116, 25.241688165012075 ], [ 55.2948602, 25.2416526 ], [ 55.29456166114327, 25.241812462319462 ], [ 55.294596861139638, 25.241869962321783 ], [ 55.2947202, 25.2418076 ], [ 55.294707382629227, 25.241786662540395 ], [ 55.294768461148834, 25.241852262334689 ], [ 55.294857035218655, 25.241827891279051 ] ] ], [ [ [ 55.2952499, 25.2342126 ], [ 55.295188561857586, 25.234199862406719 ], [ 55.295144061846699, 25.234298762402876 ], [ 55.2952054, 25.2343115 ], [ 55.2952499, 25.2342126 ] ] ], [ [ [ 55.295303240570874, 25.230172901309288 ], [ 55.295303240570874, 25.230083069780871 ], [ 55.295253157890343, 25.23008596581986 ], [ 55.295253157886407, 25.230175797348036 ], [ 55.295303240570874, 25.230172901309288 ] ] ], [ [ [ 55.295078661749841, 25.244815440440437 ], [ 55.295033745985634, 25.24481544044043 ], [ 55.295033745985634, 25.24486035620464 ], [ 55.295078661749841, 25.244860356204644 ], [ 55.295078661749841, 25.244815440440437 ] ] ], [ [ [ 55.2951529, 25.2344793 ], [ 55.2951228, 25.2344539 ], [ 55.295079761824866, 25.234509262396962 ], [ 55.295093061814043, 25.234635862397273 ], [ 55.295124661813155, 25.234661262399506 ], [ 55.2951979, 25.2346492 ], [ 55.2951529, 25.2344793 ] ] ], [ [ [ 55.2951033, 25.2415614 ], [ 55.295082, 25.2415293 ], [ 55.295008961185019, 25.241569262354133 ], [ 55.295030361183066, 25.241601362355567 ], [ 55.2951033, 25.2415614 ] ] ], [ [ [ 55.2950246, 25.2461333 ], [ 55.2949667, 25.2461251 ], [ 55.2949576, 25.2461777 ], [ 55.2950155, 25.2461859 ], [ 55.2950246, 25.2461333 ] ] ], [ [ [ 55.295033745985634, 25.245444261139319 ], [ 55.295033745985634, 25.245399345375112 ], [ 55.294988830221428, 25.245399345375116 ], [ 55.294988830221428, 25.245444261139319 ], [ 55.295033745985634, 25.245444261139319 ] ] ], [ [ [ 55.2948938, 25.2481678 ], [ 55.2949868, 25.2481204 ], [ 55.2949179, 25.2480099 ], [ 55.294825, 25.2480573 ], [ 55.2948938, 25.2481678 ] ] ], [ [ [ 55.294629504107817, 25.24145019474717 ], [ 55.294539672579369, 25.24144675812499 ], [ 55.294539672579496, 25.24147172711853 ], [ 55.2945247, 25.2414511 ], [ 55.2944389, 25.241502 ], [ 55.2944577, 25.2415279 ], [ 55.294539672579475, 25.241479270581337 ], [ 55.294629504107903, 25.241474713021237 ], [ 55.294749761172177, 25.241584362334713 ], [ 55.294799561167039, 25.241665762337991 ], [ 55.2950713, 25.2415237 ], [ 55.2949248, 25.2412951 ], [ 55.294629504107817, 25.24145019474717 ] ] ], [ [ [ 55.2949814, 25.2423101 ], [ 55.2949128, 25.2423477 ], [ 55.2949792, 25.2424485 ], [ 55.2950482, 25.2424117 ], [ 55.2949814, 25.2423101 ] ] ], [ [ [ 55.2947854, 25.2498273 ], [ 55.294488720808666, 25.249972124542076 ], [ 55.294636820776489, 25.250223124561504 ], [ 55.2949335, 25.2500783 ], [ 55.2947854, 25.2498273 ] ] ], [ [ [ 55.294983966993392, 25.235969760552127 ], [ 55.294983966989683, 25.236059592080309 ], [ 55.295123577514047, 25.23605686642027 ], [ 55.295123577514047, 25.236011950656067 ], [ 55.295078661749841, 25.235967034891861 ], [ 55.294983966993392, 25.235969760552127 ] ] ], [ [ [ 55.294902961794946, 25.234754362382464 ], [ 55.294871561787815, 25.23481806237978 ], [ 55.294912361788853, 25.234826462382777 ], [ 55.294993361792542, 25.234825362388833 ], [ 55.2951148, 25.2347733 ], [ 55.2950902, 25.2347205 ], [ 55.2950464, 25.2347059 ], [ 55.294902961794946, 25.234754362382464 ] ] ], [ [ [ 55.294803695966465, 25.237317574175236 ], [ 55.294893527492746, 25.237407405706858 ], [ 55.294983359023206, 25.2374074057103 ], [ 55.295078661749841, 25.237314507818034 ], [ 55.295033745985634, 25.237045013232795 ], [ 55.294854082928808, 25.236506024062336 ], [ 55.294404925286749, 25.23655093982654 ], [ 55.294399454108564, 25.23668875346257 ], [ 55.29444436986963, 25.236778584992457 ], [ 55.294803695966465, 25.237317574175236 ] ] ], [ [ [ 55.2945726, 25.245598 ], [ 55.294517101683716, 25.24576007634775 ], [ 55.2949287, 25.245817 ], [ 55.2949614, 25.2456676 ], [ 55.2945726, 25.245598 ] ] ], [ [ [ 55.294494756815162, 25.236011950656067 ], [ 55.294494756815162, 25.236056866420263 ], [ 55.294404925286749, 25.236056866420267 ], [ 55.294404925286749, 25.236146697948683 ], [ 55.294629504107782, 25.236146697948683 ], [ 55.294629504107782, 25.236056866420263 ], [ 55.294539672579369, 25.23605686642027 ], [ 55.294539672579369, 25.235967034891857 ], [ 55.294584588343575, 25.235967034891861 ], [ 55.294584588343575, 25.236011950656067 ], [ 55.294629504107782, 25.236011950656067 ], [ 55.294629504107782, 25.235967034891861 ], [ 55.294674419871988, 25.235967034891857 ], [ 55.294674419871988, 25.235922119127654 ], [ 55.294629504107782, 25.235922119127654 ], [ 55.294629504107782, 25.23587720336344 ], [ 55.294584588343575, 25.23587720336344 ], [ 55.294584588343575, 25.235787371835034 ], [ 55.294629504107782, 25.235787371835034 ], [ 55.294629504107782, 25.235742456070831 ], [ 55.294674419871988, 25.235742456070831 ], [ 55.294674419871988, 25.235787371835034 ], [ 55.294764251400402, 25.235787371835031 ], [ 55.294764251400402, 25.235652624542421 ], [ 55.294854082928808, 25.235652624542421 ], [ 55.294854082928808, 25.235697540306621 ], [ 55.295078661749841, 25.235697540306617 ], [ 55.295078661749841, 25.235652624542418 ], [ 55.295033745985634, 25.235652624542418 ], [ 55.295033745985634, 25.235607708778211 ], [ 55.294854082928808, 25.235607708778215 ], [ 55.294854082928808, 25.235562793014008 ], [ 55.294809167164608, 25.235562793014005 ], [ 55.294809167164608, 25.235607708778211 ], [ 55.294719335636195, 25.235607708778208 ], [ 55.294719335636195, 25.235562793014008 ], [ 55.294584588343575, 25.235562793014001 ], [ 55.294584588343575, 25.235607708778215 ], [ 55.294539672579369, 25.235607708778211 ], [ 55.294539672579369, 25.235697540306614 ], [ 55.294494756815162, 25.235697540306617 ], [ 55.294494756815162, 25.235742456070827 ], [ 55.294449841050955, 25.235742456070831 ], [ 55.294449841050955, 25.235832287599241 ], [ 55.294404925286749, 25.235832287599241 ], [ 55.294404925286749, 25.235967034891861 ], [ 55.294449841050955, 25.235967034891857 ], [ 55.294449841050955, 25.236011950656071 ], [ 55.294494756815162, 25.236011950656067 ] ] ], [ [ [ 55.294943914457221, 25.235203466900359 ], [ 55.295078661749841, 25.235203466900359 ], [ 55.295078661749841, 25.235113635371945 ], [ 55.294943914457221, 25.235113635371945 ], [ 55.294943914457221, 25.235203466900359 ] ] ], [ [ [ 55.294641301963019, 25.244376376383382 ], [ 55.294617001932856, 25.244520476377854 ], [ 55.294658901924358, 25.244584976383813 ], [ 55.2948861, 25.2446093 ], [ 55.2949411, 25.2444977 ], [ 55.2949335, 25.2444148 ], [ 55.2948184, 25.2443866 ], [ 55.2948258, 25.2443407 ], [ 55.2947293, 25.244328 ], [ 55.294701913627229, 25.244369236525152 ], [ 55.294641301963019, 25.244376376383382 ] ] ], [ [ [ 55.2949559, 25.2419781 ], [ 55.2949257, 25.2419921 ], [ 55.29494, 25.2420173 ], [ 55.2949701, 25.2420034 ], [ 55.2949559, 25.2419781 ] ] ], [ [ [ 55.295033745985634, 25.236326361005503 ], [ 55.294988830221428, 25.236101782184477 ], [ 55.294854082928808, 25.236101782184477 ], [ 55.294575976342948, 25.236241356141448 ], [ 55.29457597633639, 25.236331187669471 ], [ 55.294800555155632, 25.236465934975076 ], [ 55.294845470921445, 25.236465934977783 ], [ 55.295033745985634, 25.236326361005503 ] ] ], [ [ [ 55.294898998693021, 25.245938334545581 ], [ 55.294898998693021, 25.245893418781382 ], [ 55.294854082928808, 25.245893418781382 ], [ 55.294854082928808, 25.245938334545588 ], [ 55.294898998693021, 25.245938334545581 ] ] ], [ [ [ 55.2948633, 25.247124 ], [ 55.2946808, 25.2468381 ], [ 55.294610860688707, 25.246875062296208 ], [ 55.294553933666435, 25.247048239652191 ], [ 55.2945227, 25.2470402 ], [ 55.294390938783465, 25.247110177434365 ], [ 55.2943691, 25.2470763 ], [ 55.294326860655922, 25.247098962273832 ], [ 55.294424960650311, 25.247209362280561 ], [ 55.294497126225018, 25.247221052665228 ], [ 55.294487463545373, 25.247250447292785 ], [ 55.2944693, 25.2472221 ], [ 55.294418860646473, 25.247248862279896 ], [ 55.294470360641469, 25.247329662283303 ], [ 55.2948633, 25.247124 ] ] ], [ [ [ 55.294567061221848, 25.240943962324486 ], [ 55.2946688, 25.2410863 ], [ 55.294702, 25.2410701 ], [ 55.2946403, 25.2409666 ], [ 55.294620026707861, 25.240976492390974 ], [ 55.294647848833904, 25.240962006127212 ], [ 55.294693361219316, 25.24103406233343 ], [ 55.2948772, 25.2409292 ], [ 55.294862483737283, 25.240907768956838 ], [ 55.294943914457221, 25.240907768954514 ], [ 55.294943914457221, 25.240817937426101 ], [ 55.294854082928808, 25.240817937426101 ], [ 55.294854082929056, 25.24089553499882 ], [ 55.294804, 25.2408226 ], [ 55.294618722110911, 25.240914921446862 ], [ 55.2946036, 25.2408723 ], [ 55.294541761224075, 25.240906962322793 ], [ 55.294567061221848, 25.240943962324486 ] ], [ [ 55.294567061221848, 25.240943962324486 ], [ 55.294618269711037, 25.240915175761053 ], [ 55.2946183143764, 25.240915246476341 ], [ 55.294567061221848, 25.240943962324486 ] ] ], [ [ [ 55.294854082928808, 25.246701902537083 ], [ 55.294854082928808, 25.24665698677288 ], [ 55.294809167164608, 25.24665698677288 ], [ 55.294809167164608, 25.246701902537087 ], [ 55.294854082928808, 25.246701902537083 ] ] ], [ [ [ 55.294758261213232, 25.241133362337749 ], [ 55.2949258, 25.2410389 ], [ 55.2948654, 25.2409513 ], [ 55.294697861218459, 25.241045762333702 ], [ 55.294758261213232, 25.241133362337749 ] ] ], [ [ [ 55.29445450163854, 25.24596297633542 ], [ 55.2944665, 25.2460009 ], [ 55.294541082859389, 25.246014008003872 ], [ 55.294530401626957, 25.246060176346457 ], [ 55.294614801625926, 25.246106976359425 ], [ 55.294706301631116, 25.246124976373842 ], [ 55.2948275, 25.2460971 ], [ 55.2948522, 25.2459858 ], [ 55.294785, 25.2459178 ], [ 55.294626605443341, 25.245901398041426 ], [ 55.294636, 25.2458578 ], [ 55.294479401663317, 25.245847076340731 ], [ 55.29445450163854, 25.24596297633542 ] ] ], [ [ [ 55.294854082928808, 25.245399345375116 ], [ 55.294854082928808, 25.245354429610906 ], [ 55.294809167164608, 25.245354429610909 ], [ 55.294809167164608, 25.245399345375116 ], [ 55.294854082928808, 25.245399345375116 ] ] ], [ [ [ 55.2946129, 25.2413957 ], [ 55.2946387, 25.2414341 ], [ 55.29490830000001, 25.2412861 ], [ 55.2948825, 25.2412477 ], [ 55.2946129, 25.2413957 ] ] ], [ [ [ 55.294719335636195, 25.24836378581271 ], [ 55.294809167164608, 25.24836378581271 ], [ 55.294809167164608, 25.248318870048504 ], [ 55.294764251400402, 25.2483188700485 ], [ 55.294764251400402, 25.248273954284297 ], [ 55.294719335636195, 25.248273954284297 ], [ 55.294719335636195, 25.24836378581271 ] ] ], [ [ [ 55.294225262229929, 25.254607077037335 ], [ 55.294225262229929, 25.254472329744718 ], [ 55.294188067432003, 25.254472329745681 ], [ 55.294727, 25.2541997 ], [ 55.29458, 25.253961 ], [ 55.29392809997811, 25.25429077615631 ], [ 55.294090514937352, 25.254521678262634 ], [ 55.294090514937309, 25.254562161273132 ], [ 55.294000683408896, 25.254562161273135 ], [ 55.294000683408896, 25.254607077037338 ], [ 55.293910851880483, 25.254607077037335 ], [ 55.293910851880483, 25.254651992801545 ], [ 55.294090514937309, 25.254651992801541 ], [ 55.294090514937309, 25.254607077037338 ], [ 55.294135430701516, 25.254607077037342 ], [ 55.294135430701516, 25.254562161273135 ], [ 55.294180346465723, 25.254562161273135 ], [ 55.294180346465723, 25.254607077037338 ], [ 55.294225262229929, 25.254607077037335 ] ], [ [ 55.294099277639923, 25.254517245511341 ], [ 55.294180346465772, 25.25447623552602 ], [ 55.294180346465723, 25.254517245508929 ], [ 55.294099277639923, 25.254517245511341 ] ] ], [ [ [ 55.294523660598621, 25.250598621034619 ], [ 55.2947693, 25.2504564 ], [ 55.2946787, 25.2503287 ], [ 55.294433060611496, 25.250470921024196 ], [ 55.294523660598621, 25.250598621034619 ] ] ], [ [ [ 55.294622860635727, 25.247468162293949 ], [ 55.2947946, 25.2474219 ], [ 55.2946903, 25.2472526 ], [ 55.294535560644221, 25.247331162288166 ], [ 55.294578760636213, 25.247441062290807 ], [ 55.294622860635727, 25.247468162293949 ] ] ], [ [ [ 55.295033745985634, 25.230172901309292 ], [ 55.295033745985634, 25.230127985545078 ], [ 55.294983764609583, 25.230130824789303 ], [ 55.29498376460765, 25.230175740553392 ], [ 55.295033745985634, 25.230172901309292 ] ] ], [ [ [ 55.29420650175549, 25.245236376304046 ], [ 55.294315093758364, 25.245221606681937 ], [ 55.294315093758343, 25.245264598082493 ], [ 55.294404925286749, 25.245264598082493 ], [ 55.294404925286749, 25.245309513846703 ], [ 55.294449841050955, 25.245309513846703 ], [ 55.294449841050955, 25.245354429610909 ], [ 55.294584588343575, 25.245354429610906 ], [ 55.294584588343575, 25.245309513846706 ], [ 55.294539672579369, 25.245309513846703 ], [ 55.294539672579369, 25.245264598082493 ], [ 55.294494756815162, 25.245264598082493 ], [ 55.294494756815162, 25.245219682318286 ], [ 55.294318852986343, 25.245219682320535 ], [ 55.29447297822081, 25.245131031919151 ], [ 55.294527701790166, 25.245214676355662 ], [ 55.29472620178592, 25.245334076386055 ], [ 55.294809167164608, 25.244950187733057 ], [ 55.294694598904378, 25.244950187740884 ], [ 55.294708, 25.2448654 ], [ 55.2945843, 25.2448493 ], [ 55.294544371308078, 25.244994166576692 ], [ 55.2942451, 25.2449585 ], [ 55.294204015543471, 25.245129850791582 ], [ 55.294180346465723, 25.245129850789876 ], [ 55.29420650175549, 25.245236376304046 ] ] ], [ [ [ 55.293915901698774, 25.249791852415076 ], [ 55.29409290162215, 25.250076852465195 ], [ 55.2947371, 25.2497532 ], [ 55.2946363, 25.2495743 ], [ 55.2944131, 25.2495428 ], [ 55.293915901698774, 25.249791852415076 ] ] ], [ [ [ 55.2948342, 25.2406703 ], [ 55.294854, 25.2405771 ], [ 55.2947735, 25.2405632 ], [ 55.294823561257353, 25.240676262345055 ], [ 55.2948342, 25.2406703 ] ] ], [ [ [ 55.2947413, 25.2420942 ], [ 55.2947651, 25.242128 ], [ 55.2948248, 25.2420935 ], [ 55.294801, 25.2420597 ], [ 55.2947413, 25.2420942 ] ] ], [ [ [ 55.294184601197507, 25.251219752468479 ], [ 55.294304401139719, 25.251427952502056 ], [ 55.2946674, 25.2512448 ], [ 55.2946954, 25.2511585 ], [ 55.2946082, 25.2510068 ], [ 55.294184601197507, 25.251219752468479 ] ] ], [ [ [ 55.294988830221428, 25.229993238252462 ], [ 55.294938848850215, 25.229996077495443 ], [ 55.294893933083138, 25.23004099325793 ], [ 55.294893933081205, 25.230085909022016 ], [ 55.294988830221428, 25.230083069780871 ], [ 55.294988830221428, 25.229993238252462 ] ] ], [ [ [ 55.294629504107782, 25.248184122755884 ], [ 55.294629504107782, 25.248139206991674 ], [ 55.294719335636195, 25.248139206991677 ], [ 55.294719335636195, 25.248094291227474 ], [ 55.294674419871988, 25.248094291227474 ], [ 55.294674419871988, 25.248049375463268 ], [ 55.294584588343575, 25.248049375463264 ], [ 55.294584588343575, 25.248094291227478 ], [ 55.294539672579369, 25.248094291227478 ], [ 55.294539672579369, 25.248139206991677 ], [ 55.294584588343575, 25.248139206991674 ], [ 55.294584588343575, 25.248184122755887 ], [ 55.294629504107782, 25.248184122755884 ] ] ], [ [ [ 55.2947795, 25.2407724 ], [ 55.294636761233392, 25.240850262330191 ], [ 55.294656761231572, 25.240880262331522 ], [ 55.2947995, 25.2408023 ], [ 55.2947795, 25.2407724 ] ] ], [ [ [ 55.2947857, 25.2416731 ], [ 55.2947261, 25.2415824 ], [ 55.294633461162682, 25.241632462325782 ], [ 55.294693061157155, 25.24172306232974 ], [ 55.2947857, 25.2416731 ] ] ], [ [ [ 55.294746, 25.2423578 ], [ 55.2947205, 25.2423233 ], [ 55.2947029, 25.2423339 ], [ 55.2947284, 25.2423685 ], [ 55.294746, 25.2423578 ] ] ], [ [ [ 55.2947672, 25.240773 ], [ 55.2946968, 25.2406615 ], [ 55.294566761241214, 25.240729162325611 ], [ 55.294637061234262, 25.240840662330264 ], [ 55.2947672, 25.240773 ] ] ], [ [ [ 55.294656561251969, 25.240653962332708 ], [ 55.2947272, 25.2406226 ], [ 55.2947071, 25.2405837 ], [ 55.294636461254584, 25.240615162331416 ], [ 55.294656561251969, 25.240653962332708 ] ] ], [ [ [ 55.2946898, 25.2430309 ], [ 55.2946552, 25.2429776 ], [ 55.294606361037772, 25.243003862316467 ], [ 55.294640961034496, 25.243057162318763 ], [ 55.2946898, 25.2430309 ] ] ], [ [ [ 55.294584588343575, 25.243872209392109 ], [ 55.294584588343575, 25.244006956684728 ], [ 55.294629504107782, 25.244006956684725 ], [ 55.294629504107782, 25.243962040920518 ], [ 55.294674419871988, 25.243962040920518 ], [ 55.294674419871988, 25.243872209392112 ], [ 55.294584588343575, 25.243872209392109 ] ] ], [ [ [ 55.294849017317979, 25.230040993256331 ], [ 55.294854082928808, 25.229993238252462 ], [ 55.294764251400402, 25.229993238252462 ], [ 55.294759185787683, 25.230040993253137 ], [ 55.294849017317979, 25.230040993256331 ] ] ], [ [ [ 55.2944057, 25.250027 ], [ 55.294178320749509, 25.250147524493872 ], [ 55.294339020718731, 25.250396924515211 ], [ 55.2945664, 25.2502764 ], [ 55.2944057, 25.250027 ] ] ], [ [ [ 55.293996301179945, 25.251172752409314 ], [ 55.2945542, 25.250886 ], [ 55.2944538, 25.2507379 ], [ 55.2943658, 25.2507116 ], [ 55.29386620123406, 25.25096895237234 ], [ 55.293996301179945, 25.251172752409314 ] ] ], [ [ [ 55.2944485, 25.2406552 ], [ 55.294401081061366, 25.240679810554379 ], [ 55.294439081058073, 25.240740910556539 ], [ 55.2945588, 25.2406796 ], [ 55.29454, 25.2406493 ], [ 55.2946962, 25.24057 ], [ 55.2946771, 25.2405391 ], [ 55.2944485, 25.2406552 ] ] ], [ [ [ 55.294715080342542, 25.234981273026129 ], [ 55.294715080340922, 25.235026188790233 ], [ 55.294764251400402, 25.235023803843532 ], [ 55.294764251400402, 25.234978888079326 ], [ 55.294715080342542, 25.234981273026129 ] ] ], [ [ [ 55.294560061155728, 25.241673562320084 ], [ 55.294506161149194, 25.241719562315822 ], [ 55.294552561144556, 25.241793762318885 ], [ 55.2946684, 25.2416966 ], [ 55.294631, 25.2416368 ], [ 55.294560061155728, 25.241673562320084 ] ] ], [ [ [ 55.294294700087463, 25.253905376219347 ], [ 55.2944958, 25.2538056 ], [ 55.294196, 25.2533071 ], [ 55.293978900154237, 25.253405176174528 ], [ 55.293936100134637, 25.253485476166762 ], [ 55.294170000081692, 25.253873976199753 ], [ 55.294294700087463, 25.253905376219347 ] ] ], [ [ [ 55.294534161207316, 25.241088962321257 ], [ 55.294611961200253, 25.241205362326451 ], [ 55.2946615, 25.2411781 ], [ 55.2945837, 25.2410617 ], [ 55.294534161207316, 25.241088962321257 ] ] ], [ [ [ 55.2945285, 25.2482993 ], [ 55.2944493, 25.2483434 ], [ 55.2944821, 25.2483915 ], [ 55.2945612, 25.2483475 ], [ 55.2945285, 25.2482993 ] ] ], [ [ [ 55.2947319, 25.2321803 ], [ 55.2942667, 25.232408 ], [ 55.2943199, 25.232497 ], [ 55.2947852, 25.2322693 ], [ 55.2947319, 25.2321803 ] ] ], [ [ [ 55.294584588343575, 25.246477323716054 ], [ 55.294584588343575, 25.246387492187644 ], [ 55.294494756815162, 25.246387492187644 ], [ 55.294494756815162, 25.246432407951847 ], [ 55.294449841050955, 25.246432407951851 ], [ 55.294449841050955, 25.246522239480264 ], [ 55.294494756815162, 25.24652223948026 ], [ 55.294494756815162, 25.246567155244467 ], [ 55.294539672579369, 25.246567155244467 ], [ 55.294539672579369, 25.246477323716054 ], [ 55.294584588343575, 25.246477323716054 ] ] ], [ [ [ 55.294719, 25.2320973 ], [ 55.2944612, 25.2322266 ], [ 55.294485, 25.2322655 ], [ 55.2947428, 25.2321361 ], [ 55.294719, 25.2320973 ] ] ], [ [ [ 55.294404925286749, 25.242345073409108 ], [ 55.294404925286749, 25.242389989173315 ], [ 55.294360009522549, 25.242389989173308 ], [ 55.294360009522549, 25.242434904937522 ], [ 55.2942646, 25.242464 ], [ 55.2942816, 25.2424918 ], [ 55.294315093758854, 25.242474954036204 ], [ 55.294315093758343, 25.242524736465928 ], [ 55.294360009522549, 25.242524736465928 ], [ 55.294360009522549, 25.242614567994341 ], [ 55.294584588343575, 25.242614567994348 ], [ 55.294584588343575, 25.242345073409105 ], [ 55.294404925286749, 25.242345073409108 ] ] ], [ [ [ 55.294450413833424, 25.242023832291995 ], [ 55.2943679, 25.2418901 ], [ 55.294198961112286, 25.24197786229152 ], [ 55.294296861102779, 25.242131362298 ], [ 55.294457335765124, 25.242050078203562 ], [ 55.294402161111151, 25.242090262306089 ], [ 55.294430261108367, 25.242134862307946 ], [ 55.2945828, 25.2420556 ], [ 55.2944759, 25.2418932 ], [ 55.294429861127895, 25.241918262309067 ], [ 55.294450413833424, 25.242023832291995 ] ] ], [ [ [ 55.2944759, 25.2418932 ], [ 55.2944, 25.2417768 ], [ 55.294336361133269, 25.241812762302654 ], [ 55.294414861126512, 25.241926162307905 ], [ 55.2944759, 25.2418932 ] ] ], [ [ [ 55.294212, 25.2474261 ], [ 55.2943194, 25.2475919 ], [ 55.2944983, 25.2474971 ], [ 55.2942795, 25.2471421 ], [ 55.2941229, 25.2472226 ], [ 55.2941163, 25.2472742 ], [ 55.294212, 25.2474261 ] ] ], [ [ [ 55.29386740090176, 25.251828652353115 ], [ 55.294169300774101, 25.252306852438796 ], [ 55.294429, 25.2521708 ], [ 55.2941271, 25.2516926 ], [ 55.29386740090176, 25.251828652353115 ] ] ], [ [ [ 55.2943273, 25.2455787 ], [ 55.29426700166217, 25.245748776307884 ], [ 55.294478, 25.2457727 ], [ 55.2945155, 25.2456154 ], [ 55.2943273, 25.2455787 ] ] ], [ [ [ 55.294449841050955, 25.24706122865074 ], [ 55.294449841050955, 25.247016312886529 ], [ 55.294494756815162, 25.247016312886533 ], [ 55.294494756815162, 25.246971397122326 ], [ 55.294449841050955, 25.246971397122326 ], [ 55.294449841050955, 25.246926481358116 ], [ 55.294360009522549, 25.24692648135812 ], [ 55.294360009522549, 25.246971397122319 ], [ 55.294315093758343, 25.246971397122323 ], [ 55.294315093758343, 25.247016312886529 ], [ 55.294360009522549, 25.247016312886529 ], [ 55.294360009522549, 25.247061228650733 ], [ 55.294449841050955, 25.24706122865074 ] ] ], [ [ [ 55.294575, 25.2412254 ], [ 55.2945263, 25.2411482 ], [ 55.294334661183484, 25.241255262305486 ], [ 55.294382461178721, 25.241331562308655 ], [ 55.294575, 25.2412254 ] ] ], [ [ [ 55.294336053678826, 25.243546670992458 ], [ 55.294266602083255, 25.24357047633265 ], [ 55.2942958020665, 25.243671476336168 ], [ 55.2943664, 25.2436474 ], [ 55.294359665782238, 25.243624107000244 ], [ 55.2944952, 25.2435971 ], [ 55.2945361, 25.2435468 ], [ 55.2945006, 25.2434012 ], [ 55.294375202119006, 25.243438876351512 ], [ 55.294336053678826, 25.243546670992458 ] ] ], [ [ [ 55.2944073, 25.2440125 ], [ 55.2944137, 25.2439801 ], [ 55.294336297998569, 25.243967601240243 ], [ 55.294319391937513, 25.243923546658348 ], [ 55.294493602030833, 25.24395307636458 ], [ 55.2945293, 25.2438779 ], [ 55.294410254910304, 25.243857763950935 ], [ 55.2944014, 25.243801 ], [ 55.294350592144774, 25.243792409301896 ], [ 55.2944025, 25.2437598 ], [ 55.2944151, 25.2436952 ], [ 55.294005202043742, 25.243646576289986 ], [ 55.293994702032272, 25.243700776287685 ], [ 55.294211602046197, 25.24373517632197 ], [ 55.294237181017557, 25.243781134623635 ], [ 55.2940907, 25.2437546 ], [ 55.294000683408896, 25.243782377863695 ], [ 55.294014878164425, 25.243872209393587 ], [ 55.293946723747226, 25.244006956685826 ], [ 55.293910851880483, 25.244006956684725 ], [ 55.293896501939642, 25.24413167626707 ], [ 55.29435180196694, 25.244213976338933 ], [ 55.2944073, 25.2440125 ] ], [ [ 55.294269832427531, 25.243794402057013 ], [ 55.294321018542391, 25.243802571274003 ], [ 55.294285360748603, 25.24383486654623 ], [ 55.294269832427531, 25.243794402057013 ] ] ], [ [ [ 55.2944634, 25.2476357 ], [ 55.2944138, 25.247555 ], [ 55.2943153, 25.2476082 ], [ 55.2944265, 25.2476527 ], [ 55.2944634, 25.2476357 ] ] ], [ [ [ 55.29416328239288, 25.248247702926498 ], [ 55.294001201137434, 25.248332176235927 ], [ 55.293945901118782, 25.248401476226288 ], [ 55.294060301108544, 25.248510576243344 ], [ 55.294134901114674, 25.248515476255221 ], [ 55.2942452, 25.2484571 ], [ 55.294196675269994, 25.248319179598749 ], [ 55.294282101140638, 25.248453476279476 ], [ 55.2944514, 25.2483644 ], [ 55.29434245342749, 25.248193383866582 ], [ 55.294371, 25.2481784 ], [ 55.294352, 25.2481486 ], [ 55.29416328239288, 25.248247702926498 ] ], [ [ 55.294182040375311, 25.248277583212815 ], [ 55.294227883866817, 25.248253520413282 ], [ 55.294182053676479, 25.248277621018392 ], [ 55.294182040375311, 25.248277583212815 ] ] ], [ [ [ 55.294386501976206, 25.244183076344836 ], [ 55.294378801967994, 25.244221776343171 ], [ 55.294498, 25.2442248 ], [ 55.2945057, 25.2441861 ], [ 55.294386501976206, 25.244183076344836 ] ] ], [ [ [ 55.2943694, 25.2430601 ], [ 55.294010302122715, 25.24324057629542 ], [ 55.294040147985186, 25.243283689098135 ], [ 55.293936100577525, 25.243339642913313 ], [ 55.2939158, 25.2433071 ], [ 55.293852, 25.2433396 ], [ 55.2938782, 25.2433817 ], [ 55.293932432860991, 25.24335398854107 ], [ 55.294031202079225, 25.243475776296084 ], [ 55.294140287529949, 25.243428341940948 ], [ 55.294174302092479, 25.243477476318951 ], [ 55.294360009522585, 25.243381989925016 ], [ 55.294360009522549, 25.243423051750053 ], [ 55.294404925286749, 25.24342305175005 ], [ 55.294404925286749, 25.24337813598585 ], [ 55.294367504867175, 25.243378135986795 ], [ 55.2945148, 25.2433024 ], [ 55.2943694, 25.2430601 ] ] ], [ [ [ 55.293401316978773, 25.247008258449657 ], [ 55.29341910133261, 25.247037076157589 ], [ 55.293523878523303, 25.246983069387031 ], [ 55.293665801322035, 25.247212876195047 ], [ 55.2937443, 25.247172 ], [ 55.293708283362612, 25.247066781803774 ], [ 55.293782001354415, 25.247102376214894 ], [ 55.293940869170356, 25.247020424272748 ], [ 55.293970601379669, 25.24706437624549 ], [ 55.2940917, 25.2469983 ], [ 55.294145505678621, 25.246874896737012 ], [ 55.294182701420468, 25.246957476280624 ], [ 55.2943332, 25.2468786 ], [ 55.294169701893033, 25.24661207101153 ], [ 55.294180346466604, 25.246510987387637 ], [ 55.294212901508509, 25.246516976290479 ], [ 55.294244869328004, 25.246477101865768 ], [ 55.294240601513842, 25.246502976295066 ], [ 55.2944328, 25.2465131 ], [ 55.2944632, 25.2463294 ], [ 55.294302207672992, 25.246307649419037 ], [ 55.2943208, 25.2462324 ], [ 55.2942553, 25.2462204 ], [ 55.294211174911524, 25.246328114373934 ], [ 55.294174287590529, 25.246332020692204 ], [ 55.2941892, 25.2462529 ], [ 55.2940563, 25.2462375 ], [ 55.293947101499384, 25.246433676248927 ], [ 55.293960501495285, 25.246461476250737 ], [ 55.294090514937523, 25.246483793803822 ], [ 55.294090514938375, 25.246524306649786 ], [ 55.2938274, 25.2464773 ], [ 55.293695901461369, 25.246506976207915 ], [ 55.293994269751792, 25.246985755884161 ], [ 55.29395788710633, 25.247005956991931 ], [ 55.293965, 25.2469434 ], [ 55.2938895, 25.2468281 ], [ 55.2938402, 25.2468235 ], [ 55.293660657548294, 25.246927648552596 ], [ 55.2935509, 25.2466933 ], [ 55.293394501381222, 25.246773576156667 ], [ 55.293426817711975, 25.246825904272647 ], [ 55.293399719985111, 25.246840052923165 ], [ 55.293121242984938, 25.246962579882972 ], [ 55.2930969, 25.2469233 ], [ 55.2930374, 25.2469534 ], [ 55.2931515, 25.2471688 ], [ 55.2932255, 25.2471314 ], [ 55.29319864966525, 25.247087944874458 ], [ 55.293217801300912, 25.24710217612466 ], [ 55.293401316978773, 25.247008258449657 ] ] ], [ [ [ 55.2943656, 25.2442898 ], [ 55.29423880194102, 25.244292576319971 ], [ 55.2941988019045, 25.244461876311654 ], [ 55.294345101914047, 25.244484276334788 ], [ 55.294373584212074, 25.24437340827118 ], [ 55.2944753, 25.2443695 ], [ 55.2944859, 25.2442922 ], [ 55.2943656, 25.2442898 ] ] ], [ [ [ 55.2942438, 25.23853 ], [ 55.294086161411421, 25.238606162301046 ], [ 55.294392461377612, 25.239131362321103 ], [ 55.2945502, 25.2390552 ], [ 55.2942438, 25.23853 ] ] ], [ [ [ 55.294342161187302, 25.241216562306256 ], [ 55.2945141, 25.2411294 ], [ 55.2944432, 25.2410141 ], [ 55.294271161194565, 25.241101262301573 ], [ 55.294342161187302, 25.241216562306256 ] ] ], [ [ [ 55.2941293, 25.2409069 ], [ 55.294061761199501, 25.240943662286792 ], [ 55.294047661194938, 25.240987362285498 ], [ 55.29408479614294, 25.241043549490431 ], [ 55.2940569, 25.2410602 ], [ 55.294135761186816, 25.241120662291369 ], [ 55.2945073, 25.2409513 ], [ 55.2944879, 25.2409208 ], [ 55.294228012119653, 25.241056228944817 ], [ 55.2941293, 25.2409069 ] ] ], [ [ [ 55.2944948, 25.2415676 ], [ 55.2944738, 25.2415421 ], [ 55.2944268, 25.2415736 ], [ 55.2944478, 25.2415992 ], [ 55.2944948, 25.2415676 ] ] ], [ [ [ 55.294413, 25.2460599 ], [ 55.2944327, 25.2459616 ], [ 55.2942086, 25.2459212 ], [ 55.2941918, 25.2460166 ], [ 55.294413, 25.2460599 ] ] ], [ [ [ 55.2943646, 25.2484532 ], [ 55.2943479, 25.2484277 ], [ 55.294288, 25.2484599 ], [ 55.2943048, 25.2484854 ], [ 55.2943646, 25.2484532 ] ] ], [ [ [ 55.2943452, 25.2485218 ], [ 55.2943197, 25.2484853 ], [ 55.294282, 25.2485069 ], [ 55.2943075, 25.2485434 ], [ 55.2943452, 25.2485218 ] ] ], [ [ [ 55.29419746120157, 25.240987362296682 ], [ 55.294239761199989, 25.241025662299627 ], [ 55.2944442, 25.2409195 ], [ 55.294379, 25.2408015 ], [ 55.29415776120603, 25.240918462294086 ], [ 55.29419746120157, 25.240987362296682 ] ] ], [ [ [ 55.294399758082591, 25.236239425469265 ], [ 55.294399758078654, 25.236329256997436 ], [ 55.294444673841859, 25.236374172763163 ], [ 55.294494756815162, 25.236371276769709 ], [ 55.294494756815162, 25.236236529477093 ], [ 55.294399758082591, 25.236239425469265 ] ] ], [ [ [ 55.293697300186004, 25.253102676132929 ], [ 55.293790200166256, 25.253250376146099 ], [ 55.293893200172192, 25.25327027616235 ], [ 55.2942588, 25.2530852 ], [ 55.2941451, 25.2528883 ], [ 55.293697300186004, 25.253102676132929 ] ] ], [ [ [ 55.2944114, 25.2421455 ], [ 55.2943819, 25.242101 ], [ 55.294282761100035, 25.242154862296832 ], [ 55.294312261097318, 25.242199462298803 ], [ 55.2944114, 25.2421455 ] ] ], [ [ [ 55.294178301193767, 25.248127776266582 ], [ 55.2943278, 25.248049 ], [ 55.2942356, 25.2479041 ], [ 55.29408600121301, 25.24798287625347 ], [ 55.294178301193767, 25.248127776266582 ] ] ], [ [ [ 55.2941384, 25.2512613 ], [ 55.293758901025789, 25.251454752326936 ], [ 55.293886500969755, 25.251662252363026 ], [ 55.294266, 25.2514688 ], [ 55.2941384, 25.2512613 ] ] ], [ [ [ 55.2943879, 25.2417465 ], [ 55.2943403, 25.2416749 ], [ 55.294277261139975, 25.241709362298796 ], [ 55.294324861135628, 25.241780962301963 ], [ 55.2943879, 25.2417465 ] ] ], [ [ [ 55.294449841050955, 25.236461108298126 ], [ 55.294449841050955, 25.236416192533923 ], [ 55.294310838407299, 25.236373661701489 ], [ 55.294310838402438, 25.236508408993817 ], [ 55.294449841050955, 25.236461108298126 ] ] ], [ [ [ 55.2942571, 25.2428899 ], [ 55.294169802196869, 25.24293527632441 ], [ 55.294263902176759, 25.24308547633774 ], [ 55.2943503, 25.2430406 ], [ 55.2942571, 25.2428899 ] ] ], [ [ [ 55.294270177994136, 25.240728105897688 ], [ 55.294180346465723, 25.240728105897691 ], [ 55.294180346465723, 25.240817937426101 ], [ 55.294315093758343, 25.240817937426108 ], [ 55.294315093758343, 25.240773021661891 ], [ 55.294360009522549, 25.240773021661887 ], [ 55.294360009522549, 25.240683190133485 ], [ 55.294270177994136, 25.240683190133488 ], [ 55.294270177994136, 25.240728105897688 ] ] ], [ [ [ 55.2942083, 25.2455688 ], [ 55.294105201670746, 25.245624976283416 ], [ 55.294085601651233, 25.245716276279246 ], [ 55.2942599, 25.245723 ], [ 55.2942889, 25.245583 ], [ 55.2942083, 25.2455688 ] ] ], [ [ [ 55.294270177994136, 25.245893418781385 ], [ 55.294270177994136, 25.245803587252961 ], [ 55.294225262229929, 25.245803587252965 ], [ 55.294225262229929, 25.245893418781378 ], [ 55.294270177994136, 25.245893418781385 ] ] ], [ [ [ 55.2942779, 25.2416525 ], [ 55.2943122, 25.2416349 ], [ 55.2942867, 25.2415942 ], [ 55.2942524, 25.2416118 ], [ 55.2942779, 25.2416525 ] ] ], [ [ [ 55.2938984, 25.2557618 ], [ 55.2941163, 25.2555743 ], [ 55.2933982, 25.2549237 ], [ 55.292887259085347, 25.25537707274631 ], [ 55.293448458939935, 25.255920972980331 ], [ 55.2938984, 25.2557618 ] ] ], [ [ [ 55.294300594664058, 25.234075698752225 ], [ 55.2943857, 25.234028 ], [ 55.294401, 25.2339733 ], [ 55.2942012, 25.2336271 ], [ 55.294154, 25.2336044 ], [ 55.2932894, 25.2340128 ], [ 55.293204294286845, 25.234060498098611 ], [ 55.293197494246201, 25.234113498092288 ], [ 55.293399494065163, 25.23446359819793 ], [ 55.293449894073056, 25.23447739822743 ], [ 55.294300594664058, 25.234075698752225 ] ] ], [ [ [ 55.294315093758343, 25.236640771354949 ], [ 55.294315093758343, 25.236685687119145 ], [ 55.294360009522549, 25.236685687119156 ], [ 55.294360009522549, 25.236640771354949 ], [ 55.294315093758343, 25.236640771354949 ] ] ], [ [ [ 55.2942645, 25.2435128 ], [ 55.2942404, 25.2434697 ], [ 55.294170002086517, 25.243506176317933 ], [ 55.294194802080682, 25.24354857632142 ], [ 55.2942645, 25.2435128 ] ] ], [ [ [ 55.294135430701516, 25.239470464499927 ], [ 55.294270177994136, 25.239470464499924 ], [ 55.294270177994136, 25.239425548735721 ], [ 55.294315093758343, 25.239425548735721 ], [ 55.294315093758343, 25.239290801443097 ], [ 55.294270177994136, 25.239290801443097 ], [ 55.294270177994136, 25.239200969914695 ], [ 55.294225262229929, 25.239200969914688 ], [ 55.294225262229929, 25.239245885678887 ], [ 55.294180346465723, 25.239245885678883 ], [ 55.294180346465723, 25.239290801443097 ], [ 55.294135430701516, 25.239290801443104 ], [ 55.294135430701516, 25.239470464499927 ] ] ], [ [ [ 55.293706937472372, 25.244828379838232 ], [ 55.293773801791062, 25.244839976239366 ], [ 55.293841, 25.2448095 ], [ 55.293850187024169, 25.244766350664719 ], [ 55.293908205923024, 25.244775585301859 ], [ 55.293870098945682, 25.244885135325415 ], [ 55.2937055, 25.2448566 ], [ 55.2936735, 25.2450078 ], [ 55.2938551, 25.2450393 ], [ 55.293884188294406, 25.244902285996549 ], [ 55.294170901797628, 25.245000976301039 ], [ 55.2942372, 25.244752 ], [ 55.2942082, 25.2446886 ], [ 55.294155900541519, 25.244680693160674 ], [ 55.294180346465723, 25.244680693147817 ], [ 55.294180346465723, 25.244635777383614 ], [ 55.294000683408896, 25.244635777383611 ], [ 55.294000683408896, 25.244680693147814 ], [ 55.294151058871705, 25.244680693162735 ], [ 55.293949801259416, 25.244715999779061 ], [ 55.2939714, 25.2445988 ], [ 55.2938424, 25.2445794 ], [ 55.293808440572661, 25.24465285451868 ], [ 55.2937057, 25.244635 ], [ 55.29365210178868, 25.244792576220458 ], [ 55.293691197008023, 25.244824800753701 ], [ 55.2936405, 25.2448172 ], [ 55.29363129034666, 25.244860356205837 ], [ 55.293596441531044, 25.24486035620464 ], [ 55.293596441531044, 25.244905271968847 ], [ 55.293551525766837, 25.244905271968843 ], [ 55.293551525766837, 25.24499510349726 ], [ 55.293596441531044, 25.244995103497256 ], [ 55.29361212002604, 25.244950187734609 ], [ 55.2935835, 25.2450843 ], [ 55.2936475, 25.2450955 ], [ 55.293706937472372, 25.244828379838232 ] ] ], [ [ [ 55.294242161181828, 25.241228162298736 ], [ 55.2942833, 25.2412036 ], [ 55.2942625, 25.2411757 ], [ 55.294221361183418, 25.241200262297337 ], [ 55.294242161181828, 25.241228162298736 ] ] ], [ [ [ 55.2939248, 25.2444496 ], [ 55.2941773, 25.244486 ], [ 55.2942404, 25.2442265 ], [ 55.293893901927859, 25.244191376265977 ], [ 55.2938787019147, 25.244251976262852 ], [ 55.293982659441873, 25.244424406681627 ], [ 55.2939323, 25.2444151 ], [ 55.2939248, 25.2444496 ] ] ], [ [ [ 55.2941053, 25.2457434 ], [ 55.294035001596413, 25.245974976268212 ], [ 55.294148101603255, 25.245995076286064 ], [ 55.2942185, 25.2457636 ], [ 55.2941053, 25.2457434 ] ] ], [ [ [ 55.2942646, 25.2418828 ], [ 55.2942727, 25.2418555 ], [ 55.2941453, 25.2416844 ], [ 55.294077661129727, 25.241724962283818 ], [ 55.294054861125815, 25.241757162281946 ], [ 55.29415806111605, 25.241916062288801 ], [ 55.2942646, 25.2418828 ] ] ], [ [ [ 55.2942384, 25.2323255 ], [ 55.2942625, 25.232368 ], [ 55.2943957, 25.232306 ], [ 55.2943716, 25.2322636 ], [ 55.2942384, 25.2323255 ] ] ], [ [ [ 55.2941148, 25.2412526 ], [ 55.2940607, 25.2412828 ], [ 55.2941274, 25.2413958 ], [ 55.2942667, 25.241318 ], [ 55.2941945, 25.2412244 ], [ 55.294137, 25.2412851 ], [ 55.2941148, 25.2412526 ] ] ], [ [ [ 55.2941118, 25.252342399999989 ], [ 55.29397680000001, 25.2521347 ], [ 55.2937824, 25.252238 ], [ 55.2939174, 25.2524457 ], [ 55.2941118, 25.252342399999989 ] ] ], [ [ [ 55.2943318, 25.2325727 ], [ 55.2943662, 25.2326168 ], [ 55.2943845, 25.2326052 ], [ 55.2943501, 25.232561 ], [ 55.2943318, 25.2325727 ] ] ], [ [ [ 55.2942973, 25.2327301 ], [ 55.29434770000001, 25.2328129 ], [ 55.2943815, 25.232796 ], [ 55.2943312, 25.2327132 ], [ 55.2942973, 25.2327301 ] ] ], [ [ [ 55.294014401161618, 25.248213576239387 ], [ 55.2941649, 25.2481338 ], [ 55.2940733, 25.2479909 ], [ 55.293922701180541, 25.248070676226348 ], [ 55.294014401161618, 25.248213576239387 ] ] ], [ [ [ 55.293287980037832, 25.253843797306295 ], [ 55.29366177993122, 25.254174897515441 ], [ 55.2940728, 25.2539685 ], [ 55.2938237, 25.2535497 ], [ 55.293287980037832, 25.253843797306295 ] ] ], [ [ [ 55.293287980037832, 25.253843797306295 ], [ 55.2937972, 25.2535638 ], [ 55.2935947, 25.2532616 ], [ 55.293085580184318, 25.253541597198289 ], [ 55.293287980037832, 25.253843797306295 ] ] ], [ [ [ 55.2943748, 25.2321361 ], [ 55.294305, 25.2320148 ], [ 55.2942015, 25.2320635 ], [ 55.2942713, 25.2321848 ], [ 55.2943748, 25.2321361 ] ] ], [ [ [ 55.29396127044572, 25.242589916121354 ], [ 55.2938315, 25.2426677 ], [ 55.2938141, 25.2426396 ], [ 55.293742, 25.242676 ], [ 55.2937596, 25.2427045 ], [ 55.2936512, 25.2427592 ], [ 55.2936707, 25.2427909 ], [ 55.2936448, 25.242804 ], [ 55.2936197, 25.2427632 ], [ 55.2935619, 25.2427924 ], [ 55.2936186, 25.2428844 ], [ 55.2937463, 25.2428279 ], [ 55.2938147, 25.2428997 ], [ 55.2936348, 25.2430049 ], [ 55.2936552, 25.2430381 ], [ 55.293955767644718, 25.242887267763365 ], [ 55.29395576764469, 25.242928978343784 ], [ 55.293994546507697, 25.242928978356396 ], [ 55.293665102117231, 25.243099476241834 ], [ 55.293825702092441, 25.243306576265155 ], [ 55.2942214, 25.2431134 ], [ 55.2941571, 25.2430112 ], [ 55.294068360608023, 25.242953534995305 ], [ 55.2941755, 25.2428962 ], [ 55.2941451, 25.2428493 ], [ 55.294090514937828, 25.242878473468018 ], [ 55.294090514937309, 25.242839146815374 ], [ 55.294050442913445, 25.242839146822131 ], [ 55.2941735, 25.2427766 ], [ 55.2941372, 25.2427176 ], [ 55.293926193603696, 25.242819266111233 ], [ 55.2939093, 25.2427919 ], [ 55.2939491, 25.2427488 ], [ 55.293935936320707, 25.242646914051829 ], [ 55.293980925017259, 25.242621213237587 ], [ 55.294030702229058, 25.24270047630484 ], [ 55.2941098, 25.2426604 ], [ 55.2940327, 25.242533 ], [ 55.29396127044572, 25.242589916121354 ] ], [ [ 55.293962073669668, 25.242884062580405 ], [ 55.294000683409024, 25.242864438278048 ], [ 55.294000683408896, 25.242884062579584 ], [ 55.293962073669668, 25.242884062580405 ] ], [ [ 55.2938703, 25.2428407 ], [ 55.293831272591369, 25.242861203455753 ], [ 55.2938309, 25.2428606 ], [ 55.2938703, 25.2428407 ] ] ], [ [ [ 55.293564000233616, 25.252791076115159 ], [ 55.293543700215309, 25.252875776110951 ], [ 55.293633700195478, 25.253022476123675 ], [ 55.2940848, 25.252786 ], [ 55.2939564, 25.2525849 ], [ 55.293564000233616, 25.252791076115159 ] ] ], [ [ [ 55.294172761098309, 25.242119962288811 ], [ 55.2942205, 25.2420942 ], [ 55.2941635, 25.2419581 ], [ 55.294090661105756, 25.24199716228334 ], [ 55.294049117147274, 25.242077361031289 ], [ 55.294013561093372, 25.242096562277062 ], [ 55.294067361088302, 25.242179162280639 ], [ 55.2941134, 25.2421543 ], [ 55.294090314578412, 25.242118856598513 ], [ 55.294172761098309, 25.242119962288811 ] ] ], [ [ [ 55.2941299, 25.2482643 ], [ 55.2941052, 25.2482256 ], [ 55.293850201117834, 25.248359376211468 ], [ 55.293874801112715, 25.24839797621496 ], [ 55.2941299, 25.2482643 ] ] ], [ [ [ 55.294005401223238, 25.24789047624164 ], [ 55.2941322, 25.2478209 ], [ 55.294037655078561, 25.247679173197433 ], [ 55.2941192, 25.2476344 ], [ 55.2940827, 25.2475797 ], [ 55.293829501239856, 25.247718176215464 ], [ 55.293873072552373, 25.247751324658299 ], [ 55.293904401217674, 25.247869676225715 ], [ 55.293952401216721, 25.247898176233072 ], [ 55.294005401223238, 25.24789047624164 ] ] ], [ [ [ 55.294225262229929, 25.236550939826532 ], [ 55.294225262229929, 25.236595855590739 ], [ 55.294270177994136, 25.236595855590743 ], [ 55.294270177994136, 25.23655093982654 ], [ 55.294225262229929, 25.236550939826532 ] ] ], [ [ [ 55.294135430701516, 25.239021306857865 ], [ 55.294135430701516, 25.239066222622071 ], [ 55.294225262229929, 25.239066222622068 ], [ 55.294225262229929, 25.239021306857865 ], [ 55.294135430701516, 25.239021306857865 ] ] ], [ [ [ 55.2942138, 25.2324324 ], [ 55.2942586, 25.2325139 ], [ 55.294299, 25.2324958 ], [ 55.2942543, 25.2324142 ], [ 55.2942138, 25.2324324 ] ] ], [ [ [ 55.294003001275414, 25.247619476244335 ], [ 55.2940794, 25.2475781 ], [ 55.2940572, 25.247544 ], [ 55.293980801279922, 25.247585276241185 ], [ 55.294003001275414, 25.247619476244335 ] ] ], [ [ [ 55.2941575, 25.2384256 ], [ 55.294105361426325, 25.238450362303308 ], [ 55.294147261421337, 25.238526262306024 ], [ 55.2941995, 25.2385015 ], [ 55.2941575, 25.2384256 ] ] ], [ [ [ 55.294122481033178, 25.240907610535526 ], [ 55.2941646, 25.240886 ], [ 55.2941516, 25.2408647 ], [ 55.294109481034326, 25.240886410534792 ], [ 55.294122481033178, 25.240907610535526 ] ] ], [ [ [ 55.2938554, 25.2498269 ], [ 55.293447880807435, 25.250028827870089 ], [ 55.293626480764196, 25.250326127896944 ], [ 55.294034, 25.2501243 ], [ 55.2938554, 25.2498269 ] ] ], [ [ [ 55.2941308, 25.2422959 ], [ 55.2940248, 25.2421249 ], [ 55.293938761083524, 25.242169062271088 ], [ 55.294044661072768, 25.242340162278076 ], [ 55.2941308, 25.2422959 ] ] ], [ [ [ 55.294015561167022, 25.241281062281541 ], [ 55.2941389, 25.2412047 ], [ 55.294113, 25.2411709 ], [ 55.293989761168937, 25.241247162279802 ], [ 55.294015561167022, 25.241281062281541 ] ] ], [ [ [ 55.293832261094117, 25.241999362264043 ], [ 55.293931361085683, 25.242141462270684 ], [ 55.2940398, 25.2420822 ], [ 55.2940099, 25.2420364 ], [ 55.293962477881031, 25.242061668718399 ], [ 55.2941098, 25.2419785 ], [ 55.2941208, 25.2419376 ], [ 55.2940164, 25.2417879 ], [ 55.293897561109965, 25.241855662269689 ], [ 55.293950646595427, 25.24193184145096 ], [ 55.293913771315658, 25.241952858776529 ], [ 55.2937962, 25.2418397 ], [ 55.293742261101769, 25.241870362258013 ], [ 55.293832261094117, 25.241999362264043 ] ], [ [ 55.293832261094117, 25.241999362264043 ], [ 55.293883087959827, 25.241970400255838 ], [ 55.293883107426097, 25.241970427785922 ], [ 55.293832261094117, 25.241999362264043 ] ] ], [ [ [ 55.293935501200032, 25.247976176229482 ], [ 55.2940288, 25.2479275 ], [ 55.2940085, 25.247895 ], [ 55.293915301204379, 25.247943776226613 ], [ 55.293935501200032, 25.247976176229482 ] ] ], [ [ [ 55.2941234, 25.2324163 ], [ 55.2941446, 25.2324489 ], [ 55.2942444, 25.2323958 ], [ 55.2942232, 25.2323632 ], [ 55.2941234, 25.2324163 ] ] ], [ [ [ 55.294180346465723, 25.23641619253392 ], [ 55.294131074027675, 25.236418634244199 ], [ 55.294131074026019, 25.236463550008303 ], [ 55.294180346465723, 25.23646110829813 ], [ 55.294180346465723, 25.23641619253392 ] ] ], [ [ [ 55.293978501532372, 25.246278476255711 ], [ 55.29404250000001, 25.2462372 ], [ 55.2940099, 25.2461986 ], [ 55.293946001536753, 25.246239876250947 ], [ 55.293978501532372, 25.246278476255711 ] ] ], [ [ [ 55.294111, 25.238433 ], [ 55.2941506, 25.2384135 ], [ 55.2941005, 25.2383301 ], [ 55.294061, 25.2383495 ], [ 55.294111, 25.238433 ] ] ], [ [ [ 55.2941792, 25.2322606 ], [ 55.294071, 25.2323103 ], [ 55.2941241, 25.2324049 ], [ 55.2942323, 25.2323552 ], [ 55.2941792, 25.2322606 ] ] ], [ [ [ 55.293962164812477, 25.247488636962039 ], [ 55.2940071, 25.2474641 ], [ 55.2939884, 25.2474356 ], [ 55.293943427293904, 25.247460121334154 ], [ 55.293915586459882, 25.24741775182952 ], [ 55.2939607, 25.2473936 ], [ 55.2939339, 25.2473513 ], [ 55.29338870121456, 25.247632676145937 ], [ 55.293416001208968, 25.247674976149824 ], [ 55.293683950171555, 25.247553375442852 ], [ 55.293757301241683, 25.247673276204431 ], [ 55.2938232, 25.2476389 ], [ 55.293743774110652, 25.247509142010308 ], [ 55.29383960125304, 25.247654976217799 ], [ 55.2940107, 25.2475625 ], [ 55.293962164812477, 25.247488636962039 ] ] ], [ [ [ 55.2941931, 25.2324665 ], [ 55.294161840842953, 25.232480555288163 ], [ 55.294187340841567, 25.23252895528886 ], [ 55.2942186, 25.2325149 ], [ 55.2941931, 25.2324665 ] ] ], [ [ [ 55.294046, 25.2415128 ], [ 55.2940848, 25.241496 ], [ 55.294054, 25.2414377 ], [ 55.2940151, 25.2414546 ], [ 55.294046, 25.2415128 ] ] ], [ [ [ 55.29383530112694, 25.248304976209699 ], [ 55.2939901, 25.2482238 ], [ 55.2938984, 25.2480788 ], [ 55.293743501146274, 25.248159976196671 ], [ 55.29383530112694, 25.248304976209699 ] ] ], [ [ [ 55.294138, 25.2324577 ], [ 55.2941508, 25.2324771 ], [ 55.2942053, 25.2324476 ], [ 55.2941925, 25.2324282 ], [ 55.294138, 25.2324577 ] ] ], [ [ [ 55.2937931, 25.2509814 ], [ 55.29355040112015, 25.251108452268134 ], [ 55.293689601060976, 25.251329752307623 ], [ 55.2939324, 25.2512027 ], [ 55.2937931, 25.2509814 ] ] ], [ [ [ 55.294000683408896, 25.238841643801038 ], [ 55.294000683408896, 25.238796728036835 ], [ 55.29395576764469, 25.238796728036835 ], [ 55.29395576764469, 25.238751812272632 ], [ 55.293865936116276, 25.238751812272628 ], [ 55.293865936116276, 25.238796728036831 ], [ 55.293910851880483, 25.238796728036831 ], [ 55.293910851880483, 25.238886559565252 ], [ 55.294090514937309, 25.238886559565252 ], [ 55.294090514937309, 25.238841643801035 ], [ 55.294000683408896, 25.238841643801038 ] ] ], [ [ [ 55.294048, 25.241758 ], [ 55.2940185, 25.2417167 ], [ 55.293975461123694, 25.241741662276098 ], [ 55.294004961121288, 25.241782862278082 ], [ 55.294048, 25.241758 ] ] ], [ [ [ 55.293539000795548, 25.251942052245482 ], [ 55.293676200742148, 25.252147452284682 ], [ 55.2938971, 25.2520261 ], [ 55.29376, 25.2518207 ], [ 55.293539000795548, 25.251942052245482 ] ] ], [ [ [ 55.293952459031523, 25.241376228130591 ], [ 55.2939931, 25.2414434 ], [ 55.2940391, 25.2414206 ], [ 55.2939665, 25.2413008 ], [ 55.293909961157972, 25.241329562273403 ], [ 55.293952459031523, 25.241376228130591 ] ] ], [ [ [ 55.293940661353254, 25.239179662287135 ], [ 55.293959561351258, 25.23921106228838 ], [ 55.2940701, 25.239156 ], [ 55.2940512, 25.2391246 ], [ 55.293940661353254, 25.239179662287135 ] ] ], [ [ [ 55.29395576764469, 25.247151060179153 ], [ 55.29395576764469, 25.247106144414939 ], [ 55.293910851880483, 25.247106144414943 ], [ 55.293910851880483, 25.247151060179149 ], [ 55.29395576764469, 25.247151060179153 ] ] ], [ [ [ 55.2939622, 25.2422855 ], [ 55.293908061069146, 25.242313362268035 ], [ 55.293953961064453, 25.242387862271059 ], [ 55.2940081, 25.24236 ], [ 55.2939622, 25.2422855 ] ] ], [ [ [ 55.293910851880483, 25.249217185332622 ], [ 55.293910851880483, 25.249127353804216 ], [ 55.293865936116276, 25.249127353804209 ], [ 55.293865936116276, 25.249172269568415 ], [ 55.293821020352077, 25.249172269568415 ], [ 55.293821020352077, 25.249217185332622 ], [ 55.293910851880483, 25.249217185332622 ] ] ], [ [ [ 55.293836061185509, 25.240988062269718 ], [ 55.2939326611762, 25.241138662276121 ], [ 55.2940236, 25.2410906 ], [ 55.293927, 25.2409399 ], [ 55.293836061185509, 25.240988062269718 ] ] ], [ [ [ 55.294000683408896, 25.242389989173308 ], [ 55.29395576764469, 25.242389989173311 ], [ 55.29395576764469, 25.242434904937525 ], [ 55.294000683408896, 25.242434904937515 ], [ 55.294000683408896, 25.242389989173308 ] ] ], [ [ [ 55.2937844, 25.2488103 ], [ 55.2938196, 25.2488727 ], [ 55.2939103, 25.2488309 ], [ 55.2938752, 25.2487685 ], [ 55.2937844, 25.2488103 ] ] ], [ [ [ 55.293416778474217, 25.247779880878021 ], [ 55.293416778474217, 25.247869712406438 ], [ 55.293551525766993, 25.247862120129657 ], [ 55.29358140117963, 25.247907876173613 ], [ 55.293716083018602, 25.247835548538546 ], [ 55.293631001189482, 25.247881276181861 ], [ 55.293640101178568, 25.247942176182619 ], [ 55.293720801170316, 25.24802447619459 ], [ 55.2939072, 25.2479242 ], [ 55.293814620439761, 25.247782631255649 ], [ 55.2938549, 25.247761 ], [ 55.2938249, 25.247715 ], [ 55.293551525767008, 25.247861655689697 ], [ 55.293551525766837, 25.247779880878028 ], [ 55.293416778474217, 25.247779880878021 ] ] ], [ [ [ 55.2939897, 25.2417882 ], [ 55.2939656, 25.2417487 ], [ 55.293872461114084, 25.241797762268121 ], [ 55.293899261111598, 25.241838362269892 ], [ 55.2939897, 25.2417882 ] ] ], [ [ [ 55.2935295, 25.2511859 ], [ 55.293298700995784, 25.251306452183101 ], [ 55.29359790086815, 25.251783252267945 ], [ 55.2938286, 25.2516627 ], [ 55.2935295, 25.2511859 ] ] ], [ [ [ 55.293833761076428, 25.242196062263105 ], [ 55.293899461069799, 25.242301762267449 ], [ 55.2939479, 25.2422765 ], [ 55.2938822, 25.2421709 ], [ 55.293833761076428, 25.242196062263105 ] ] ], [ [ [ 55.2938822, 25.2421709 ], [ 55.2938295, 25.2420861 ], [ 55.2937694610807, 25.24211716225874 ], [ 55.293791674093363, 25.24215288321205 ], [ 55.293721361072137, 25.242188562254764 ], [ 55.293761546838979, 25.242295287148828 ], [ 55.2937449, 25.2422693 ], [ 55.293691561060982, 25.242297562251963 ], [ 55.293713761058847, 25.24233216225343 ], [ 55.2938558, 25.2422871 ], [ 55.293805533125109, 25.242204654330482 ], [ 55.2938822, 25.2421709 ] ] ], [ [ [ 55.2940042, 25.2381117 ], [ 55.2935979, 25.2373905 ], [ 55.2935254, 25.2373681 ], [ 55.293943961450275, 25.2381055622931 ], [ 55.2940042, 25.2381117 ] ] ], [ [ [ 55.29395576764469, 25.241491673889197 ], [ 55.293910851880483, 25.241491673889186 ], [ 55.293910851880483, 25.2415365896534 ], [ 55.29395576764469, 25.241536589653396 ], [ 55.29395576764469, 25.241491673889197 ] ] ], [ [ [ 55.294085, 25.2322743 ], [ 55.2940559, 25.2322212 ], [ 55.294019740849627, 25.232237855284168 ], [ 55.294048740848133, 25.232291055284971 ], [ 55.294085, 25.2322743 ] ] ], [ [ [ 55.293910851880483, 25.239605211792544 ], [ 55.29395576764469, 25.23960521179254 ], [ 55.29395576764469, 25.239470464499931 ], [ 55.293910851880483, 25.23947046449992 ], [ 55.293910851880483, 25.239605211792544 ] ] ], [ [ [ 55.293772, 25.2486313 ], [ 55.2937851, 25.2486527 ], [ 55.2938271, 25.2486318 ], [ 55.293814, 25.2486103 ], [ 55.293772, 25.2486313 ] ] ], [ [ [ 55.293326061124461, 25.241414462229379 ], [ 55.29341016111691, 25.241539462235 ], [ 55.2935353, 25.2414705 ], [ 55.293520048978699, 25.241447842919765 ], [ 55.293793978681101, 25.241331477198006 ], [ 55.29380698168449, 25.241356280291516 ], [ 55.293704461141694, 25.24140916225765 ], [ 55.293776261134475, 25.241524462262397 ], [ 55.2938506, 25.241486 ], [ 55.293829367586518, 25.241368637085444 ], [ 55.293907, 25.2413342 ], [ 55.293876606082812, 25.241276143531021 ], [ 55.293928, 25.241253 ], [ 55.2937939, 25.2410127 ], [ 55.293740461176725, 25.241038462262306 ], [ 55.293846833349889, 25.241245653435794 ], [ 55.293767615366754, 25.241281156612157 ], [ 55.2936877146469, 25.241147891218333 ], [ 55.293742, 25.241121 ], [ 55.2937082, 25.2410647 ], [ 55.293544861158395, 25.241145662247142 ], [ 55.293563652755751, 25.241177055936166 ], [ 55.293373761139975, 25.241265862233739 ], [ 55.293431703584424, 25.241356215757229 ], [ 55.29337128918052, 25.241389497212882 ], [ 55.2932998, 25.2412835 ], [ 55.293254761130875, 25.241308362224622 ], [ 55.293326061124461, 25.241414462229379 ] ] ], [ [ [ 55.293865936116276, 25.24167133694602 ], [ 55.293910851880483, 25.24167133694602 ], [ 55.293910851880483, 25.241626421181813 ], [ 55.293865936116276, 25.24162642118181 ], [ 55.293865936116276, 25.241581505417606 ], [ 55.293731188823664, 25.241581505417606 ], [ 55.293731188823664, 25.24162642118181 ], [ 55.293686273059457, 25.241626421181806 ], [ 55.293686273059457, 25.241716252710219 ], [ 55.293731188823664, 25.241716252710219 ], [ 55.293731188823664, 25.241761168474433 ], [ 55.293865936116276, 25.241761168474429 ], [ 55.293865936116276, 25.24167133694602 ] ] ], [ [ [ 55.2935806, 25.2485964 ], [ 55.2934579, 25.2486871 ], [ 55.2934982, 25.248752 ], [ 55.2934644, 25.2487666 ], [ 55.2934873, 25.2488101 ], [ 55.2935177, 25.248796 ], [ 55.293567, 25.2488797 ], [ 55.2938028, 25.2487589 ], [ 55.2937198, 25.2486185 ], [ 55.2936409, 25.2485841 ], [ 55.2935806, 25.2485964 ] ] ], [ [ [ 55.2936554, 25.248418 ], [ 55.293687, 25.248469 ], [ 55.2936416, 25.248492 ], [ 55.2937032, 25.2485918 ], [ 55.2937928, 25.2485465 ], [ 55.2936713, 25.2483498 ], [ 55.2934918, 25.2484405 ], [ 55.2935201, 25.2484863 ], [ 55.2936554, 25.248418 ] ] ], [ [ [ 55.293898355466339, 25.234926471865471 ], [ 55.2938393, 25.2350601 ], [ 55.2938818, 25.2350755 ], [ 55.2939821, 25.2348484 ], [ 55.293929061744215, 25.234838962309361 ], [ 55.293898355466339, 25.234926471865471 ] ] ], [ [ [ 55.2935719, 25.2504426 ], [ 55.293162720569605, 25.250645724336952 ], [ 55.293348920530342, 25.250954624361462 ], [ 55.293758, 25.2507514 ], [ 55.2935719, 25.2504426 ] ] ], [ [ [ 55.293865936116276, 25.23978487484937 ], [ 55.293910851880483, 25.23978487484937 ], [ 55.293910851880483, 25.239739959085153 ], [ 55.293821020352077, 25.239739959085156 ], [ 55.293821020352077, 25.23978487484937 ], [ 55.29377610458787, 25.239784874849367 ], [ 55.29377610458787, 25.239874706377776 ], [ 55.293821020352077, 25.239874706377776 ], [ 55.293821020352077, 25.239829790613573 ], [ 55.293865936116276, 25.23982979061357 ], [ 55.293865936116276, 25.23978487484937 ] ] ], [ [ [ 55.293686273059457, 25.245848503017172 ], [ 55.293686273059457, 25.245938334545585 ], [ 55.29377610458787, 25.245938334545585 ], [ 55.29377610458787, 25.245893418781382 ], [ 55.293821020352077, 25.245893418781378 ], [ 55.293821020352077, 25.245803587252965 ], [ 55.293731188823664, 25.245803587252965 ], [ 55.293731188823664, 25.245848503017172 ], [ 55.293686273059457, 25.245848503017172 ] ] ], [ [ [ 55.2938785, 25.2351746 ], [ 55.29383, 25.2350983 ], [ 55.293781161711941, 25.235124162296817 ], [ 55.293904361699894, 25.235318262304968 ], [ 55.2939538, 25.2352918 ], [ 55.2938785, 25.2351746 ] ] ], [ [ [ 55.2934911, 25.2373836 ], [ 55.293459461487025, 25.237460262260381 ], [ 55.293886761441364, 25.238176362288449 ], [ 55.2939127, 25.2381169 ], [ 55.2934911, 25.2373836 ] ] ], [ [ [ 55.2938516, 25.2423838 ], [ 55.2938448, 25.2423378 ], [ 55.293753661058687, 25.242353462256304 ], [ 55.293760461054838, 25.242399462256561 ], [ 55.2938516, 25.2423838 ] ] ], [ [ [ 55.293821020352077, 25.244096788213138 ], [ 55.293821020352077, 25.243962040920518 ], [ 55.29377610458787, 25.243962040920518 ], [ 55.29377610458787, 25.243917125156312 ], [ 55.293731188823664, 25.243917125156319 ], [ 55.293731188823664, 25.244096788213138 ], [ 55.293821020352077, 25.244096788213138 ] ] ], [ [ [ 55.293590401199864, 25.247807676176208 ], [ 55.2937666, 25.2477132 ], [ 55.2936755, 25.2475733 ], [ 55.293499301218262, 25.24766777616323 ], [ 55.293590401199864, 25.247807676176208 ] ] ], [ [ [ 55.293461694238424, 25.254786740094161 ], [ 55.293461694238424, 25.254741824329958 ], [ 55.293416778474217, 25.254741824329958 ], [ 55.293416778474217, 25.254831655858368 ], [ 55.293461694238424, 25.254831655858364 ], [ 55.293461694238424, 25.254921487386785 ], [ 55.293551525766837, 25.254921487386781 ], [ 55.293551525766837, 25.254966403150984 ], [ 55.29364135729525, 25.254966403150988 ], [ 55.29364135729525, 25.254921487386785 ], [ 55.293596441531044, 25.254921487386781 ], [ 55.293596441531044, 25.254876571622574 ], [ 55.293551525766837, 25.254876571622574 ], [ 55.293551525766837, 25.254831655858368 ], [ 55.29350661000263, 25.254831655858364 ], [ 55.29350661000263, 25.254786740094161 ], [ 55.293461694238424, 25.254786740094161 ] ] ], [ [ [ 55.293192199653191, 25.244006956684728 ], [ 55.293192199654214, 25.243915801124707 ], [ 55.293240252734257, 25.243920601326 ], [ 55.293194201886095, 25.244063976155537 ], [ 55.293200501851835, 25.244244276154493 ], [ 55.293565001886243, 25.244245176212768 ], [ 55.2937191, 25.2441816 ], [ 55.2936852, 25.2439513 ], [ 55.293601270952024, 25.243912420686016 ], [ 55.2937831, 25.243896 ], [ 55.293778, 25.2437811 ], [ 55.293630481285128, 25.243762034274265 ], [ 55.293722, 25.2437362 ], [ 55.2937586, 25.2435744 ], [ 55.2937261, 25.2435266 ], [ 55.293160601928449, 25.243828376152848 ], [ 55.293147283888985, 25.243917125156315 ], [ 55.293102368124778, 25.243917125156312 ], [ 55.293102368124778, 25.244006956684725 ], [ 55.293192199653191, 25.244006956684728 ] ] ], [ [ [ 55.293731188823664, 25.248184122755884 ], [ 55.293731188823664, 25.248094291227474 ], [ 55.293686273059457, 25.248094291227474 ], [ 55.293686273059457, 25.248184122755887 ], [ 55.293731188823664, 25.248184122755884 ] ] ], [ [ [ 55.293842361737035, 25.234875962302695 ], [ 55.2938169, 25.2349525 ], [ 55.2938575, 25.2349671 ], [ 55.2939098, 25.2348476 ], [ 55.2938692, 25.2348331 ], [ 55.293842361737035, 25.234875962302695 ] ] ], [ [ [ 55.293609461665596, 25.235553862281719 ], [ 55.293704361670223, 25.235549062288822 ], [ 55.2938825, 25.2354656 ], [ 55.2936664, 25.2350073 ], [ 55.2935406, 25.2348627 ], [ 55.29319516169592, 25.235014262253678 ], [ 55.293449161665812, 25.235472762270184 ], [ 55.293609461665596, 25.235553862281719 ] ] ], [ [ [ 55.293686273059457, 25.239200969914691 ], [ 55.293821020352077, 25.239200969914698 ], [ 55.293821020352077, 25.239111138386278 ], [ 55.293686273059457, 25.239111138386278 ], [ 55.293686273059457, 25.239200969914691 ] ] ], [ [ [ 55.293619301261657, 25.24750227618431 ], [ 55.2936982, 25.2474598 ], [ 55.293669, 25.2474147 ], [ 55.293590101267625, 25.247457076180154 ], [ 55.293619301261657, 25.24750227618431 ] ] ], [ [ [ 55.2936096, 25.2489495 ], [ 55.2935884, 25.2489155 ], [ 55.2933849, 25.249019 ], [ 55.293447, 25.2491188 ], [ 55.2936742, 25.2490033 ], [ 55.2936333, 25.2489374 ], [ 55.2936096, 25.2489495 ] ] ], [ [ [ 55.293686273059457, 25.238751812272628 ], [ 55.293731188823664, 25.238751812272632 ], [ 55.293731188823664, 25.238661980744219 ], [ 55.29377610458787, 25.238661980744219 ], [ 55.29377610458787, 25.238572149215805 ], [ 55.293731188823664, 25.238572149215802 ], [ 55.293731188823664, 25.238437401923193 ], [ 55.293821020352077, 25.238437401923193 ], [ 55.293821020352077, 25.238392486158975 ], [ 55.29377610458787, 25.238392486158979 ], [ 55.29377610458787, 25.238347570394779 ], [ 55.293731188823664, 25.238347570394776 ], [ 55.293731188823664, 25.238257738866363 ], [ 55.293551525766837, 25.238257738866356 ], [ 55.2934578, 25.2383196 ], [ 55.2935076, 25.2383988 ], [ 55.29364135729525, 25.238392486158979 ], [ 55.29364135729525, 25.238482317687396 ], [ 55.293551525766837, 25.238482317687392 ], [ 55.293551525766837, 25.238527233451592 ], [ 55.29350661000263, 25.238527233451602 ], [ 55.29350661000263, 25.238661980744219 ], [ 55.293551525766837, 25.238661980744219 ], [ 55.293551525766837, 25.238751812272625 ], [ 55.293596441531044, 25.238751812272632 ], [ 55.293596441531044, 25.238796728036831 ], [ 55.293686273059457, 25.238796728036828 ], [ 55.293686273059457, 25.238751812272628 ] ], [ [ 55.29359470241792, 25.238347570395025 ], [ 55.293596441531044, 25.238347570394779 ], [ 55.293596441531072, 25.238350339811415 ], [ 55.29359470241792, 25.238347570395025 ] ] ], [ [ [ 55.293731188823664, 25.244231535505758 ], [ 55.293686273059457, 25.244231535505758 ], [ 55.293686273059457, 25.244276451269965 ], [ 55.293731188823664, 25.244276451269968 ], [ 55.293731188823664, 25.244231535505758 ] ] ], [ [ [ 55.2936865, 25.2425179 ], [ 55.2937348, 25.2424919 ], [ 55.2936785, 25.2424064 ], [ 55.29363020000001, 25.2424324 ], [ 55.2936865, 25.2425179 ] ] ], [ [ [ 55.293731188823664, 25.242569652230138 ], [ 55.293686273059457, 25.242569652230138 ], [ 55.293686273059457, 25.242524736465928 ], [ 55.29364135729525, 25.242524736465928 ], [ 55.29364135729525, 25.242569652230134 ], [ 55.293551525766837, 25.242569652230134 ], [ 55.293551525766837, 25.242614567994337 ], [ 55.293514461359763, 25.242614567995322 ], [ 55.2935336, 25.2426048 ], [ 55.2934459, 25.2424644 ], [ 55.2934843, 25.2424448 ], [ 55.293432, 25.2423611 ], [ 55.2933359, 25.2424102 ], [ 55.2934758, 25.2426343 ], [ 55.29350661000268, 25.242618575176369 ], [ 55.29350661000263, 25.242659483758548 ], [ 55.293686273059457, 25.242659483758551 ], [ 55.293686273059457, 25.242614567994341 ], [ 55.293731188823664, 25.242614567994337 ], [ 55.293731188823664, 25.242569652230138 ] ] ], [ [ [ 55.2937419, 25.2415657 ], [ 55.2936663, 25.2414338 ], [ 55.293450361119, 25.241536062238005 ], [ 55.29352596111044, 25.241667962242953 ], [ 55.2937419, 25.2415657 ] ] ], [ [ [ 55.293716861718487, 25.235020062292566 ], [ 55.293772061712872, 25.235109462296212 ], [ 55.2938303, 25.2350798 ], [ 55.2937756, 25.2349901 ], [ 55.293716861718487, 25.235020062292566 ] ] ], [ [ [ 55.293461694239397, 25.243042735325499 ], [ 55.2934463, 25.2430171 ], [ 55.2928983582878, 25.243286775752988 ], [ 55.292951877396085, 25.243378135987403 ], [ 55.292922705067951, 25.24337813598585 ], [ 55.292922705067951, 25.243512883278463 ], [ 55.292967620832158, 25.243512883278466 ], [ 55.292967620832158, 25.243557799042666 ], [ 55.293012536596365, 25.243557799042666 ], [ 55.293012536596365, 25.243602714806872 ], [ 55.293057452360571, 25.243602714806872 ], [ 55.29305745236109, 25.243554770703003 ], [ 55.293143701946853, 25.243724876151326 ], [ 55.293242301959772, 25.243706476167311 ], [ 55.293478506184698, 25.243561024362148 ], [ 55.2937102, 25.2434639 ], [ 55.2936899, 25.2434298 ], [ 55.293589108, 25.243476041927238 ], [ 55.293565490705511, 25.243435742068375 ], [ 55.2936503, 25.2433894 ], [ 55.2935507, 25.2432497 ], [ 55.293459802058436, 25.243302876206688 ], [ 55.293485666355679, 25.243343455445018 ], [ 55.2934622, 25.243326 ], [ 55.293324602027845, 25.243394776184015 ], [ 55.293361871255698, 25.243461797465173 ], [ 55.2932966, 25.2434133 ], [ 55.293057452360891, 25.243530012819484 ], [ 55.293012536596365, 25.243512883278459 ], [ 55.293012536596365, 25.243467967514253 ], [ 55.292967620832158, 25.243467967514256 ], [ 55.292967620832421, 25.243391155095967 ], [ 55.293071158278131, 25.243476775765089 ], [ 55.29345, 25.24329 ], [ 55.293461694240008, 25.243152725050997 ], [ 55.293461694238424, 25.24319847292902 ], [ 55.293551525766837, 25.24319847292902 ], [ 55.293551525766837, 25.243108641400614 ], [ 55.293596441531044, 25.24310864140061 ], [ 55.293596441531044, 25.243063725636404 ], [ 55.293551525766837, 25.243063725636397 ], [ 55.293551525766837, 25.243018809872193 ], [ 55.293461694238424, 25.243018809872197 ], [ 55.293461694239397, 25.243042735325499 ] ] ], [ [ [ 55.2936952, 25.241947 ], [ 55.2937301, 25.241929 ], [ 55.2937046, 25.2418884 ], [ 55.2936697, 25.2419063 ], [ 55.2936952, 25.241947 ] ] ], [ [ [ 55.2935056, 25.2421155 ], [ 55.2937109, 25.242013 ], [ 55.29365210000001, 25.2419165 ], [ 55.2934468, 25.242019 ], [ 55.2935056, 25.2421155 ] ] ], [ [ [ 55.2936457, 25.2420884 ], [ 55.293535961067974, 25.242143662241165 ], [ 55.293594461061886, 25.242239862245022 ], [ 55.2937042, 25.2421846 ], [ 55.2936457, 25.2420884 ] ] ], [ [ [ 55.293596441531044, 25.246567155244467 ], [ 55.293596441531044, 25.246612071008677 ], [ 55.293551525766837, 25.246612071008673 ], [ 55.293551525766837, 25.246656986772877 ], [ 55.29364135729525, 25.24665698677288 ], [ 55.29364135729525, 25.24656715524447 ], [ 55.293596441531044, 25.246567155244467 ] ] ], [ [ [ 55.2936709, 25.244345 ], [ 55.2935935, 25.2443346 ], [ 55.293588, 25.2443681 ], [ 55.2936655, 25.2443784 ], [ 55.2936709, 25.244345 ] ] ], [ [ [ 55.293559201299303, 25.247278076177242 ], [ 55.2936265, 25.2472412 ], [ 55.2935914, 25.2471881 ], [ 55.293524101306261, 25.24722487617224 ], [ 55.293559201299303, 25.247278076177242 ] ] ], [ [ [ 55.2937618, 25.2348787 ], [ 55.2937931, 25.2348071 ], [ 55.2937521, 25.2347925 ], [ 55.2937208, 25.234864 ], [ 55.2937618, 25.2348787 ] ] ], [ [ [ 55.2936444, 25.2416505 ], [ 55.2935269, 25.2417041 ], [ 55.2935646, 25.2417716 ], [ 55.293682, 25.241718 ], [ 55.2936444, 25.2416505 ] ] ], [ [ [ 55.29339070000001, 25.2445068 ], [ 55.293312401765014, 25.244748276166629 ], [ 55.293561301779079, 25.244797676205874 ], [ 55.2936396, 25.2445562 ], [ 55.29339070000001, 25.2445068 ] ] ], [ [ [ 55.2936435, 25.2423942 ], [ 55.2936658, 25.2423827 ], [ 55.2936228, 25.2423148 ], [ 55.2936006, 25.2423263 ], [ 55.2936435, 25.2423942 ] ] ], [ [ [ 55.2934086, 25.2516165 ], [ 55.292995200736904, 25.251826752074134 ], [ 55.293119000682424, 25.252028352109143 ], [ 55.2935324, 25.2518182 ], [ 55.2934086, 25.2516165 ] ] ], [ [ [ 55.2936098, 25.2425109 ], [ 55.2936544, 25.2424894 ], [ 55.2936215, 25.2424336 ], [ 55.2935769, 25.2424551 ], [ 55.2936098, 25.2425109 ] ] ], [ [ [ 55.2934041, 25.2529663 ], [ 55.293085700253336, 25.253121252073562 ], [ 55.292780500119804, 25.253316651971456 ], [ 55.292888300068363, 25.253502552001713 ], [ 55.2934036, 25.2532541 ], [ 55.293499, 25.2531299 ], [ 55.2934041, 25.2529663 ] ] ], [ [ [ 55.2937006, 25.2349705 ], [ 55.293745, 25.2349475 ], [ 55.2936623, 25.2348171 ], [ 55.2936195, 25.2348393 ], [ 55.2937006, 25.2349705 ] ] ], [ [ [ 55.2933507, 25.2500667 ], [ 55.292934120616522, 25.250273624306782 ], [ 55.293107320579992, 25.250561024329585 ], [ 55.293524, 25.2503542 ], [ 55.2933507, 25.2500667 ] ] ], [ [ [ 55.2935049, 25.2423605 ], [ 55.2935199, 25.2423875 ], [ 55.2935435, 25.2423768 ], [ 55.293528744471047, 25.24235024004798 ], [ 55.2936183, 25.2423048 ], [ 55.2935994, 25.2422747 ], [ 55.293499561049849, 25.242326762237482 ], [ 55.2935049, 25.2423605 ] ] ], [ [ [ 55.2935199, 25.2423875 ], [ 55.2934975, 25.2423976 ], [ 55.2935148, 25.2424289 ], [ 55.2935372, 25.2424188 ], [ 55.2935199, 25.2423875 ] ] ], [ [ [ 55.2933527, 25.2472941 ], [ 55.293336248192048, 25.247267953376767 ], [ 55.293420701291538, 25.24725027615542 ], [ 55.293542, 25.2471619 ], [ 55.2934634, 25.2470373 ], [ 55.293289701302754, 25.247127976135861 ], [ 55.293313692027773, 25.247166047773025 ], [ 55.293282427240783, 25.247182618841265 ], [ 55.293257, 25.2471423 ], [ 55.2931768, 25.2471837 ], [ 55.2932725, 25.2473354 ], [ 55.2933527, 25.2472941 ] ] ], [ [ [ 55.29350661000263, 25.23965012755675 ], [ 55.29350661000263, 25.23969504332096 ], [ 55.293461694238424, 25.23969504332096 ], [ 55.293461694238424, 25.23973995908516 ], [ 55.293371862710011, 25.239739959085153 ], [ 55.293371862710011, 25.239784874849363 ], [ 55.293326946945811, 25.23978487484937 ], [ 55.293326946945811, 25.239874706377776 ], [ 55.293371862710011, 25.239874706377773 ], [ 55.293371862710011, 25.239919622141983 ], [ 55.293461694238424, 25.239919622141986 ], [ 55.293461694238424, 25.23987470637778 ], [ 55.293596441531044, 25.23987470637778 ], [ 55.293596441531044, 25.239829790613573 ], [ 55.29364135729525, 25.23982979061357 ], [ 55.29364135729525, 25.23969504332096 ], [ 55.293551525766837, 25.23969504332096 ], [ 55.293551525766837, 25.239650127556747 ], [ 55.29350661000263, 25.23965012755675 ] ] ], [ [ [ 55.2935647, 25.2448265 ], [ 55.2933157, 25.2447815 ], [ 55.2932642, 25.2450148 ], [ 55.2935132, 25.2450598 ], [ 55.2935647, 25.2448265 ] ] ], [ [ [ 55.2935511, 25.2427866 ], [ 55.2935145, 25.2428037 ], [ 55.2935338, 25.2428374 ], [ 55.2935704, 25.2428202 ], [ 55.2935511, 25.2427866 ] ] ], [ [ [ 55.293395249033402, 25.242135306077252 ], [ 55.2933781, 25.2421042 ], [ 55.293257561053252, 25.242170162220258 ], [ 55.293229361041881, 25.242282362217555 ], [ 55.293251719494897, 25.242316847870313 ], [ 55.2932212, 25.242333 ], [ 55.2932775, 25.2424203 ], [ 55.2934834, 25.2422952 ], [ 55.293469111062791, 25.242269281832026 ], [ 55.293515661053412, 25.242295162238847 ], [ 55.2935746, 25.2422673 ], [ 55.2934372, 25.2420241 ], [ 55.293376861068928, 25.242054962229776 ], [ 55.293395249033402, 25.242135306077252 ] ] ], [ [ [ 55.2934709, 25.247319 ], [ 55.2935004, 25.2473038 ], [ 55.2934746, 25.2472628 ], [ 55.2934451, 25.247278 ], [ 55.2934709, 25.247319 ] ] ], [ [ [ 55.292881099355547, 25.255341551957454 ], [ 55.2933735, 25.2549092 ], [ 55.2932997, 25.2548428 ], [ 55.292807299367219, 25.255275151935354 ], [ 55.292881099355547, 25.255341551957454 ] ] ], [ [ [ 55.293563961733945, 25.234773562282474 ], [ 55.293600061730359, 25.234831062284862 ], [ 55.2936525, 25.2348047 ], [ 55.2936159, 25.2347464 ], [ 55.293563961733945, 25.234773562282474 ] ] ], [ [ [ 55.293326946945811, 25.24867819616215 ], [ 55.293326946945811, 25.248633280397947 ], [ 55.293416778474217, 25.248633280397947 ], [ 55.293416778474217, 25.248543448869533 ], [ 55.293371862710011, 25.248543448869537 ], [ 55.293371862710011, 25.24858836463374 ], [ 55.293237115417398, 25.24858836463374 ], [ 55.293237115417398, 25.248633280397936 ], [ 55.293192199653191, 25.248633280397947 ], [ 55.293192199653191, 25.248678196162146 ], [ 55.293326946945811, 25.24867819616215 ] ] ], [ [ [ 55.2932351, 25.2512986 ], [ 55.293032800908286, 25.251402152095856 ], [ 55.293168600847693, 25.251625452134206 ], [ 55.2933709, 25.251522 ], [ 55.2932351, 25.2512986 ] ] ], [ [ [ 55.2934169, 25.2418495 ], [ 55.293401946420524, 25.241825644866953 ], [ 55.2935058, 25.2417921 ], [ 55.2932138, 25.2413261 ], [ 55.292879461097151, 25.24149806219561 ], [ 55.2929386098698, 25.241592620449445 ], [ 55.292862161084287, 25.241632062193606 ], [ 55.292876095269982, 25.241654299695842 ], [ 55.2927229, 25.2415752 ], [ 55.29267256107866, 25.241601462179627 ], [ 55.292964461049557, 25.242067362198931 ], [ 55.2930169, 25.24204 ], [ 55.293011127422083, 25.241869796417323 ], [ 55.29308116106246, 25.2419815622081 ], [ 55.2932013, 25.2419359 ], [ 55.293123012831948, 25.241762687691885 ], [ 55.293195139958023, 25.241836200548416 ], [ 55.2932357610728, 25.241942862219833 ], [ 55.2934169, 25.2418495 ] ] ], [ [ [ 55.2933115, 25.2376177 ], [ 55.292895261429457, 25.237821662216358 ], [ 55.293126561404726, 25.238209362231554 ], [ 55.2935428, 25.2380055 ], [ 55.2933115, 25.2376177 ] ] ], [ [ [ 55.2934271, 25.2443371 ], [ 55.293439, 25.2442725 ], [ 55.2932622, 25.2442558 ], [ 55.2932521, 25.2443107 ], [ 55.2934271, 25.2443371 ] ] ], [ [ [ 55.293326946945811, 25.248902774983183 ], [ 55.293326946945811, 25.248857859218976 ], [ 55.293282031181604, 25.248857859218965 ], [ 55.293282031181604, 25.248947690747379 ], [ 55.293371862710011, 25.248947690747382 ], [ 55.293371862710011, 25.248902774983176 ], [ 55.293326946945811, 25.248902774983183 ] ] ], [ [ [ 55.2932701605286, 25.247991362190216 ], [ 55.2933833, 25.2479296 ], [ 55.2933506, 25.2478805 ], [ 55.293237460531572, 25.247942362188038 ], [ 55.2932701605286, 25.247991362190216 ] ] ], [ [ [ 55.2934887, 25.2347027 ], [ 55.2935027, 25.2347266 ], [ 55.2935507, 25.2347034 ], [ 55.2935367, 25.2346796 ], [ 55.2934887, 25.2347027 ] ] ], [ [ [ 55.2934358, 25.2378088 ], [ 55.2934793, 25.2377876 ], [ 55.2933425, 25.2375583 ], [ 55.293299, 25.2375796 ], [ 55.2934358, 25.2378088 ] ] ], [ [ [ 55.292877789303745, 25.243243388693223 ], [ 55.2933982, 25.2429683 ], [ 55.2933423, 25.2428902 ], [ 55.293198, 25.2428268 ], [ 55.292844902057851, 25.243004076111767 ], [ 55.292827960601933, 25.243063725643154 ], [ 55.292787957775339, 25.243063725636397 ], [ 55.292787957775339, 25.243018809872201 ], [ 55.292698126246925, 25.243018809872197 ], [ 55.292698126246925, 25.243063725636404 ], [ 55.292653210482719, 25.2430637256364 ], [ 55.292653210482719, 25.243153557164813 ], [ 55.292698126246925, 25.243153557164813 ], [ 55.292698126246925, 25.24319847292902 ], [ 55.292787957775339, 25.243198472929016 ], [ 55.292787957775339, 25.243243388693227 ], [ 55.292877789303745, 25.243243388693223 ] ] ], [ [ [ 55.29320760133897, 25.246900376125332 ], [ 55.2933428, 25.2468296 ], [ 55.2933171, 25.2467888 ], [ 55.293192199653191, 25.24683664982971 ], [ 55.29320760133897, 25.246900376125332 ] ] ], [ [ [ 55.29328310177182, 25.244698676162507 ], [ 55.2933753, 25.2444799 ], [ 55.2932988, 25.2444651 ], [ 55.293262511229258, 25.244534771184046 ], [ 55.293108763186261, 25.244509769953083 ], [ 55.2931204, 25.2444518 ], [ 55.2930293, 25.2444631 ], [ 55.2929722, 25.2447235 ], [ 55.293293, 25.2447793 ], [ 55.2933007, 25.2447431 ], [ 55.2932453, 25.2447334 ], [ 55.293253770212075, 25.244693420601806 ], [ 55.29328310177182, 25.244698676162507 ] ] ], [ [ [ 55.2934177, 25.234687 ], [ 55.2934929, 25.2346502 ], [ 55.2932707, 25.2342788 ], [ 55.2931956, 25.2343156 ], [ 55.2934177, 25.234687 ] ] ], [ [ [ 55.2934212, 25.2347368 ], [ 55.2934356, 25.2347612 ], [ 55.2934913, 25.2347343 ], [ 55.293477, 25.23471 ], [ 55.2934212, 25.2347368 ] ] ], [ [ [ 55.2930408, 25.2549063 ], [ 55.293195, 25.2547695 ], [ 55.292912, 25.2545084 ], [ 55.292730339752012, 25.254660531153021 ], [ 55.293013439723651, 25.254921631203807 ], [ 55.2930408, 25.2549063 ] ] ], [ [ [ 55.293148260517391, 25.248055762180773 ], [ 55.2932642, 25.2479919 ], [ 55.2932407, 25.2479569 ], [ 55.293124660519503, 25.248020862179189 ], [ 55.293148260517391, 25.248055762180773 ] ] ], [ [ [ 55.2931294, 25.2477053 ], [ 55.292969460533669, 25.247787662168854 ], [ 55.293101760520429, 25.247999162177603 ], [ 55.2932634, 25.2479159 ], [ 55.2932024, 25.2477679 ], [ 55.2931294, 25.2477053 ] ] ], [ [ [ 55.2931655, 25.2450054 ], [ 55.2932511, 25.2450152 ], [ 55.293259, 25.2449675 ], [ 55.293172, 25.2449578 ], [ 55.2931655, 25.2450054 ] ] ], [ [ [ 55.2932483, 25.2348089 ], [ 55.2932708, 25.2348452 ], [ 55.2933997, 25.234779799999988 ], [ 55.2933772, 25.2347435 ], [ 55.2932483, 25.2348089 ] ] ], [ [ [ 55.293295191852593, 25.237028656233587 ], [ 55.2933642, 25.2370355 ], [ 55.2929432, 25.2363201 ], [ 55.292887291886501, 25.236347156212656 ], [ 55.293295191852593, 25.237028656233587 ] ] ], [ [ [ 55.2931321, 25.244919 ], [ 55.2932253, 25.2449521 ], [ 55.2932541, 25.2447953 ], [ 55.2929752, 25.2447533 ], [ 55.2929641, 25.2448133 ], [ 55.2930371, 25.2448243 ], [ 55.2930237, 25.2448973 ], [ 55.293067, 25.2449038 ], [ 55.2930603, 25.2449402 ], [ 55.2931264, 25.2449501 ], [ 55.2931321, 25.244919 ] ] ], [ [ [ 55.2934171, 25.2329043 ], [ 55.2932977, 25.232699 ], [ 55.2931184, 25.2327843 ], [ 55.2932378, 25.2329896 ], [ 55.2934171, 25.2329043 ] ] ], [ [ [ 55.292953, 25.2344701 ], [ 55.292818261722346, 25.234536262228112 ], [ 55.292995161703303, 25.234834262239726 ], [ 55.293326946945811, 25.234709393494089 ], [ 55.293326946945811, 25.234664477729886 ], [ 55.293371862710011, 25.234664477729886 ], [ 55.293371862710011, 25.234619561965673 ], [ 55.293326946945811, 25.234619561965676 ], [ 55.293326946945811, 25.23457464620147 ], [ 55.293282031181604, 25.234574646201473 ], [ 55.293282031181604, 25.234619561965676 ], [ 55.293235775497017, 25.2346195619936 ], [ 55.2931409, 25.2344704 ], [ 55.292953, 25.2344701 ] ] ], [ [ [ 55.2933018, 25.2311723 ], [ 55.2933122, 25.2311336 ], [ 55.2933926, 25.2311513 ], [ 55.2934051, 25.2311045 ], [ 55.2928577, 25.2309841 ], [ 55.2927639, 25.2312622 ], [ 55.2929554, 25.2313043 ], [ 55.2929735, 25.231237 ], [ 55.2930653, 25.2312572 ], [ 55.2930777, 25.2312114 ], [ 55.2931124, 25.231219 ], [ 55.2931185, 25.231196 ], [ 55.2931911, 25.231212 ], [ 55.2931986, 25.2311838 ], [ 55.2933018, 25.2311723 ] ] ], [ [ [ 55.2931726, 25.2476629 ], [ 55.2931464, 25.2476209 ], [ 55.2931028, 25.2476432 ], [ 55.293129, 25.2476852 ], [ 55.2931726, 25.2476629 ] ] ], [ [ [ 55.292877789303745, 25.249307016861028 ], [ 55.292877789303745, 25.249441764153648 ], [ 55.292922705067951, 25.249441764153655 ], [ 55.292922705067951, 25.249486679917847 ], [ 55.293102368124778, 25.249486679917855 ], [ 55.293102368124778, 25.249441764153648 ], [ 55.293147283888985, 25.249441764153651 ], [ 55.293147283888985, 25.249351932625235 ], [ 55.293102368124778, 25.249351932625242 ], [ 55.293102368124778, 25.249307016861028 ], [ 55.293057452360571, 25.249307016861032 ], [ 55.293057452360571, 25.249351932625242 ], [ 55.292967620832158, 25.249351932625242 ], [ 55.292967620832158, 25.249307016861035 ], [ 55.292877789303745, 25.249307016861028 ] ] ], [ [ [ 55.2929903, 25.2514525 ], [ 55.292814800812984, 25.251541552022932 ], [ 55.292935500757793, 25.251743452056935 ], [ 55.293111, 25.2516544 ], [ 55.2929903, 25.2514525 ] ] ], [ [ [ 55.292936302108451, 25.242787176128854 ], [ 55.292997302097199, 25.242875376137594 ], [ 55.2932325, 25.2427523 ], [ 55.2931939, 25.2426788 ], [ 55.292936302108451, 25.242787176128854 ] ] ], [ [ [ 55.2931473, 25.2468861 ], [ 55.2930935, 25.2469148 ], [ 55.2931194, 25.2469544 ], [ 55.2931732, 25.2469256 ], [ 55.2931473, 25.2468861 ] ] ], [ [ [ 55.2931348, 25.2480622 ], [ 55.2930698, 25.2479597 ], [ 55.2930336, 25.2479785 ], [ 55.2930987, 25.248081 ], [ 55.2931348, 25.2480622 ] ] ], [ [ [ 55.293147283888985, 25.237224676289625 ], [ 55.293147283888985, 25.237269592053828 ], [ 55.293057452360571, 25.237269592053831 ], [ 55.293057452360728, 25.23735183886442 ], [ 55.2930081, 25.2372703 ], [ 55.292811561466642, 25.237368362212532 ], [ 55.293011761445676, 25.237698962225711 ], [ 55.2932082, 25.2376009 ], [ 55.293062043106509, 25.237359423585669 ], [ 55.293282031181604, 25.237359423582248 ], [ 55.293282031181604, 25.237224676289632 ], [ 55.293237115417398, 25.237224676289632 ], [ 55.293237115417398, 25.237179760525422 ], [ 55.293192199653191, 25.237179760525422 ], [ 55.293192199653191, 25.237224676289625 ], [ 55.293147283888985, 25.237224676289625 ] ] ], [ [ [ 55.293237115417398, 25.237089928997012 ], [ 55.293282031181604, 25.237089928997005 ], [ 55.293282031181604, 25.237045013232798 ], [ 55.293225276769306, 25.237045013239157 ], [ 55.293259, 25.2370285 ], [ 55.292916, 25.2364426 ], [ 55.292860597151218, 25.236469729078358 ], [ 55.293197382311206, 25.237045013234287 ], [ 55.293192199653191, 25.237134844761218 ], [ 55.293237115417398, 25.237134844761215 ], [ 55.293237115417398, 25.237089928997012 ] ] ], [ [ [ 55.293012536596365, 25.244276451269965 ], [ 55.293165, 25.2442971 ], [ 55.2931746, 25.2442484 ], [ 55.2931613, 25.2442257 ], [ 55.293102368125297, 25.244235501610071 ], [ 55.293102368124778, 25.244186619741548 ], [ 55.293057452360571, 25.244186619741551 ], [ 55.293057452360571, 25.244231535505758 ], [ 55.293012536596365, 25.244231535505762 ], [ 55.293012536596365, 25.244276451269965 ] ] ], [ [ [ 55.292376400635533, 25.251785151877115 ], [ 55.292681000510349, 25.25225825196377 ], [ 55.293056, 25.2520592 ], [ 55.2927568, 25.2515833 ], [ 55.292376400635533, 25.251785151877115 ] ] ], [ [ [ 55.292967620832158, 25.248633280397947 ], [ 55.293102368124778, 25.248633280397947 ], [ 55.293102368124778, 25.248498533105323 ], [ 55.292967620832158, 25.248498533105327 ], [ 55.292967620832158, 25.248633280397947 ] ] ], [ [ [ 55.293147283888985, 25.244051872448932 ], [ 55.293102368124778, 25.244051872448932 ], [ 55.293102368124778, 25.244096788213142 ], [ 55.293057452360571, 25.244096788213142 ], [ 55.293057452360571, 25.244141703977348 ], [ 55.293147283888985, 25.244141703977348 ], [ 55.293147283888985, 25.244051872448932 ] ] ], [ [ [ 55.2926933, 25.254745 ], [ 55.2924864, 25.2549333 ], [ 55.2927788, 25.2551963 ], [ 55.2929858, 25.255008 ], [ 55.2926933, 25.254745 ] ] ], [ [ [ 55.2929456, 25.2481076 ], [ 55.2930565, 25.2480524 ], [ 55.2929902, 25.2479335 ], [ 55.2928781, 25.2479923 ], [ 55.2928989, 25.2480316 ], [ 55.2928578, 25.248064 ], [ 55.2928822, 25.2480888 ], [ 55.2929273, 25.2480712 ], [ 55.2929456, 25.2481076 ] ] ], [ [ [ 55.2931259, 25.2424866 ], [ 55.2929568, 25.242271 ], [ 55.2924469, 25.2425331 ], [ 55.2925874, 25.2427568 ], [ 55.2931259, 25.2424866 ] ] ], [ [ [ 55.292917638399601, 25.253711600864289 ], [ 55.292917638395743, 25.253801432392471 ], [ 55.292967620832158, 25.25379859328163 ], [ 55.292967620832158, 25.253708761753217 ], [ 55.292917638399601, 25.253711600864289 ] ] ], [ [ [ 55.292917334583656, 25.249669352443266 ], [ 55.292917334577517, 25.24980409973552 ], [ 55.293012536596365, 25.249801090267301 ], [ 55.293012536596365, 25.249666342974681 ], [ 55.292917334583656, 25.249669352443266 ] ] ], [ [ [ 55.2930359, 25.247561 ], [ 55.2930188, 25.2474901 ], [ 55.2928227, 25.2474588 ], [ 55.292703060546252, 25.247517462150405 ], [ 55.292815860539235, 25.247650462158116 ], [ 55.2930359, 25.247561 ] ] ], [ [ [ 55.293246, 25.2322408 ], [ 55.2931985, 25.2321572 ], [ 55.293172244780436, 25.232169884906742 ], [ 55.293219644778262, 25.232253384907985 ], [ 55.293246, 25.2322408 ] ] ], [ [ [ 55.2926054, 25.2428102 ], [ 55.292582602067981, 25.242822976071889 ], [ 55.292616202062995, 25.242865276076774 ], [ 55.292813302085968, 25.242843176108551 ], [ 55.293073, 25.2427027 ], [ 55.2930933, 25.2426356 ], [ 55.2930475, 25.2425758 ], [ 55.292877789303809, 25.242665780336896 ], [ 55.292787957775339, 25.242659483758544 ], [ 55.29280494997662, 25.242704399526946 ], [ 55.2926054, 25.2428102 ] ] ], [ [ [ 55.292927960566217, 25.247406562167782 ], [ 55.2930224, 25.2473573 ], [ 55.2929901, 25.2473061 ], [ 55.2928956605694, 25.247355362165649 ], [ 55.292927960566217, 25.247406562167782 ] ] ], [ [ [ 55.2931551, 25.2374237 ], [ 55.293131, 25.2373912 ], [ 55.2931015, 25.2374091 ], [ 55.2931256, 25.2374416 ], [ 55.2931551, 25.2374237 ] ] ], [ [ [ 55.2929094, 25.2509538 ], [ 55.2929626, 25.2509268 ], [ 55.2929186, 25.2508559 ], [ 55.2928654, 25.2508828 ], [ 55.2929094, 25.2509538 ] ] ], [ [ [ 55.292698126246925, 25.24665698677288 ], [ 55.292698126246925, 25.246701902537087 ], [ 55.292787957775339, 25.246701902537083 ], [ 55.292787957775339, 25.246746818301293 ], [ 55.292832873539545, 25.246746818301293 ], [ 55.292832873539545, 25.24670190253709 ], [ 55.292967620832158, 25.246701902537097 ], [ 55.292967620832158, 25.24665698677288 ], [ 55.293012536596365, 25.24665698677288 ], [ 55.293012536596365, 25.246612071008677 ], [ 55.292832873539545, 25.246612071008677 ], [ 55.292832873539545, 25.246567155244467 ], [ 55.292787957775339, 25.246567155244467 ], [ 55.292787957775339, 25.24665698677288 ], [ 55.292698126246925, 25.24665698677288 ] ] ], [ [ [ 55.292694861332301, 25.238800462196213 ], [ 55.2931239, 25.2385785 ], [ 55.2930948, 25.2385323 ], [ 55.292665661335185, 25.238754162194276 ], [ 55.292694861332301, 25.238800462196213 ] ] ], [ [ [ 55.2930871, 25.2384306 ], [ 55.2928474, 25.2385497 ], [ 55.2928752, 25.2385955 ], [ 55.2931149, 25.2384763 ], [ 55.2930871, 25.2384306 ] ] ], [ [ [ 55.2929641, 25.2481252 ], [ 55.2928508, 25.2481685 ], [ 55.2928629, 25.2481946 ], [ 55.2929762, 25.2481512 ], [ 55.2929641, 25.2481252 ] ] ], [ [ [ 55.293192199653191, 25.232508521048 ], [ 55.293147283888985, 25.232508521047997 ], [ 55.293147283888985, 25.2325534368122 ], [ 55.293192199653191, 25.232553436812204 ], [ 55.293192199653191, 25.232508521048 ] ] ], [ [ [ 55.292787957775438, 25.237858088770395 ], [ 55.292734523612239, 25.237853497011347 ], [ 55.293012, 25.2377184 ], [ 55.2928054, 25.2373699 ], [ 55.292383715897664, 25.237575082704399 ], [ 55.292383715897984, 25.237530400081759 ], [ 55.292639707560006, 25.237403504413031 ], [ 55.292601761452453, 25.237422662196582 ], [ 55.292619461450577, 25.237452062197747 ], [ 55.2926899, 25.2374165 ], [ 55.292672338071647, 25.237387329339406 ], [ 55.2929871, 25.2372313 ], [ 55.2928096, 25.2369376 ], [ 55.292109661443128, 25.237284562160614 ], [ 55.292287161424497, 25.237578262172288 ], [ 55.292365384354007, 25.237584002407715 ], [ 55.292305661422176, 25.23761306217348 ], [ 55.292512361399879, 25.23796166218705 ], [ 55.292608294718512, 25.237943328516916 ], [ 55.29251686139753, 25.237989862187231 ], [ 55.292750161372282, 25.238384362202542 ], [ 55.293099, 25.2382148 ], [ 55.2928657, 25.2378203 ], [ 55.292787957775438, 25.237858088770395 ] ] ], [ [ [ 55.2931683, 25.2331234 ], [ 55.2931461, 25.2330922 ], [ 55.293120261864573, 25.233107062258245 ], [ 55.29314246186275, 25.233138262259732 ], [ 55.2931683, 25.2331234 ] ] ], [ [ [ 55.292886661185875, 25.240517962201366 ], [ 55.2930571, 25.2404334 ], [ 55.2929716, 25.240291 ], [ 55.292801061194929, 25.240375562195741 ], [ 55.292886661185875, 25.240517962201366 ] ] ], [ [ [ 55.292822760510667, 25.247970462156935 ], [ 55.2929527, 25.2479026 ], [ 55.2928702, 25.2477723 ], [ 55.292742260518978, 25.247838962151626 ], [ 55.292822760510667, 25.247970462156935 ] ] ], [ [ [ 55.2922, 25.2505557 ], [ 55.2921613, 25.250644 ], [ 55.292613, 25.2513462 ], [ 55.2929033, 25.2511945 ], [ 55.2924554, 25.2504858 ], [ 55.2923315, 25.2504787 ], [ 55.2922, 25.2505557 ] ] ], [ [ [ 55.2930746, 25.2336665 ], [ 55.293049, 25.2336808 ], [ 55.2931027, 25.2337594 ], [ 55.2931284, 25.233745 ], [ 55.2930746, 25.2336665 ] ] ], [ [ [ 55.292976761387756, 25.238324062219771 ], [ 55.2930622, 25.2382802 ], [ 55.2930452, 25.2382526 ], [ 55.292959661389489, 25.238296462218646 ], [ 55.292976761387756, 25.238324062219771 ] ] ], [ [ [ 55.2926429, 25.2524477 ], [ 55.292150240388544, 25.252703682861362 ], [ 55.292365540241335, 25.25304718295904 ], [ 55.2928582, 25.2527912 ], [ 55.2926429, 25.2524477 ] ] ], [ [ [ 55.2927833, 25.250898 ], [ 55.2928249, 25.2509623 ], [ 55.2928836, 25.2509312 ], [ 55.2928421, 25.2508669 ], [ 55.2927833, 25.250898 ] ] ], [ [ [ 55.292783499086006, 25.25420533357191 ], [ 55.292832873539545, 25.254157919395276 ], [ 55.292832873539545, 25.254068087866866 ], [ 55.292653210482719, 25.25406808786687 ], [ 55.292648751794282, 25.254115502039486 ], [ 55.292738583320968, 25.254205333570507 ], [ 55.292783499086006, 25.25420533357191 ] ] ], [ [ [ 55.2927734, 25.2471441 ], [ 55.292619760569188, 25.247222362145759 ], [ 55.292745360556388, 25.247425762154048 ], [ 55.2929023, 25.247346 ], [ 55.2929221, 25.2472963 ], [ 55.2928579, 25.2471923 ], [ 55.2927734, 25.2471441 ] ] ], [ [ [ 55.292877789303745, 25.246342576423437 ], [ 55.292877789303745, 25.246387492187644 ], [ 55.292922705067951, 25.246387492187644 ], [ 55.292922705067951, 25.246342576423437 ], [ 55.292877789303745, 25.246342576423437 ] ] ], [ [ [ 55.2930504, 25.2371875 ], [ 55.292908, 25.2369487 ], [ 55.2928427, 25.2369806 ], [ 55.2929851, 25.2372194 ], [ 55.2930504, 25.2371875 ] ] ], [ [ [ 55.292794777580639, 25.250487123971507 ], [ 55.2928616, 25.2504531 ], [ 55.2928201, 25.2503852 ], [ 55.292756129818727, 25.250417723027198 ], [ 55.2927295, 25.2503806 ], [ 55.292634751568599, 25.2504353356004 ], [ 55.292665051560711, 25.250477435606932 ], [ 55.292756456443662, 25.250424575764708 ], [ 55.292794777580639, 25.250487123971507 ] ] ], [ [ [ 55.292877789303745, 25.245623924196142 ], [ 55.292922705067951, 25.245623924196138 ], [ 55.292922705067951, 25.245444261139319 ], [ 55.292743042011132, 25.245444261139316 ], [ 55.292743042011132, 25.245489176903526 ], [ 55.292832873539545, 25.245489176903522 ], [ 55.292832873539545, 25.245534092667725 ], [ 55.292787957775339, 25.245534092667732 ], [ 55.292787957775339, 25.245758671488758 ], [ 55.292877789303745, 25.245758671488758 ], [ 55.292877789303745, 25.245623924196142 ] ] ], [ [ [ 55.2929589, 25.2428807 ], [ 55.2929035, 25.2427988 ], [ 55.2927878, 25.2428629 ], [ 55.2928433, 25.2429448 ], [ 55.2929589, 25.2428807 ] ] ], [ [ [ 55.2929888, 25.2342309 ], [ 55.292861261746076, 25.234294162232608 ], [ 55.292946461737024, 25.234436362238199 ], [ 55.293074, 25.2343731 ], [ 55.2929888, 25.2342309 ] ] ], [ [ [ 55.2929643, 25.2405132 ], [ 55.2928567, 25.2405683 ], [ 55.292879, 25.2406038 ], [ 55.2929866, 25.2405488 ], [ 55.2929643, 25.2405132 ] ] ], [ [ [ 55.292935961218724, 25.240178062206859 ], [ 55.2929825, 25.240155 ], [ 55.2929724, 25.2401377 ], [ 55.292925861219821, 25.240160862206192 ], [ 55.292935961218724, 25.240178062206859 ] ] ], [ [ [ 55.292722900873876, 25.249067676023103 ], [ 55.2928568, 25.2489944 ], [ 55.2927986, 25.248907 ], [ 55.2927455, 25.2489054 ], [ 55.292649800888178, 25.248957876012646 ], [ 55.292722900873876, 25.249067676023103 ] ] ], [ [ [ 55.292141200876863, 25.248766775933483 ], [ 55.292189200867455, 25.248838975940334 ], [ 55.292237086746539, 25.248812728710561 ], [ 55.292202200864914, 25.248858475942193 ], [ 55.292240100858301, 25.248911275947648 ], [ 55.292518458814733, 25.248767689536333 ], [ 55.292733600911582, 25.248877976026954 ], [ 55.292858, 25.2488055 ], [ 55.2927856, 25.2487049 ], [ 55.2926785, 25.2486378 ], [ 55.292519573904528, 25.248730782945106 ], [ 55.292488255217606, 25.248687133427282 ], [ 55.2926183, 25.2486202 ], [ 55.2924854, 25.2484497 ], [ 55.29241020095612, 25.248488975979676 ], [ 55.292395232346983, 25.248543860836161 ], [ 55.2923482, 25.2484687 ], [ 55.29206290089865, 25.248615675922686 ], [ 55.292085500893798, 25.248651875925876 ], [ 55.292250606245766, 25.2486299214718 ], [ 55.292308908243442, 25.248718546209339 ], [ 55.292257870707367, 25.248785473862149 ], [ 55.2922176, 25.2487249 ], [ 55.292141200876863, 25.248766775933483 ] ], [ [ 55.292397921139283, 25.248618688492797 ], [ 55.292387158060492, 25.248602152369727 ], [ 55.292415880618307, 25.248586905244508 ], [ 55.29242566861933, 25.248602723566467 ], [ 55.292397921139283, 25.248618688492797 ] ] ], [ [ [ 55.292654732642106, 25.241882220453633 ], [ 55.292694861047693, 25.241955662179397 ], [ 55.292874161042221, 25.242104362191991 ], [ 55.2929286, 25.2420752 ], [ 55.2926313, 25.2416164 ], [ 55.292567261069557, 25.241650662171502 ], [ 55.292627951967312, 25.241811325659747 ], [ 55.2925432, 25.2416849 ], [ 55.2924064, 25.2417599 ], [ 55.292533, 25.241949 ], [ 55.292654732642106, 25.241882220453633 ] ] ], [ [ [ 55.292743042011132, 25.248633280397947 ], [ 55.292832873539545, 25.248633280397947 ], [ 55.292832873539545, 25.24858836463374 ], [ 55.292743042011132, 25.248588364633736 ], [ 55.292743042011132, 25.248633280397947 ] ] ], [ [ [ 55.292642260519933, 25.247779262144473 ], [ 55.292661160517909, 25.247810962145714 ], [ 55.2928317, 25.2477107 ], [ 55.2928101, 25.2476747 ], [ 55.292773434500241, 25.247693337193024 ], [ 55.2927452, 25.2476458 ], [ 55.292719051276478, 25.247659018300347 ], [ 55.2927283, 25.247628 ], [ 55.2926741, 25.2475407 ], [ 55.292553960531983, 25.247602362138824 ], [ 55.292645360522755, 25.247749562144868 ], [ 55.292662779142312, 25.247740524137761 ], [ 55.292642260519933, 25.247779262144473 ] ] ], [ [ [ 55.2930472, 25.2319578 ], [ 55.292968, 25.2318571 ], [ 55.292919144786111, 25.231888184899791 ], [ 55.292998344783882, 25.231988884901931 ], [ 55.2930472, 25.2319578 ] ] ], [ [ [ 55.292743042011132, 25.253529098696397 ], [ 55.292743042011132, 25.253484182932183 ], [ 55.292608294718512, 25.253304519875364 ], [ 55.292473547425892, 25.253214688346954 ], [ 55.292332720141928, 25.253218095256805 ], [ 55.292332720137296, 25.253307926784945 ], [ 55.292512383187081, 25.253532505612959 ], [ 55.292602214715451, 25.253577421380857 ], [ 55.292692046246131, 25.253577421384691 ], [ 55.292743042011132, 25.253529098696397 ] ] ], [ [ [ 55.2928836, 25.2402238 ], [ 55.2929194, 25.2401513 ], [ 55.2928806, 25.2400319 ], [ 55.2927826, 25.2399881 ], [ 55.2927378, 25.240078 ], [ 55.2928115, 25.2402034 ], [ 55.2928836, 25.2402238 ] ] ], [ [ [ 55.292698126246925, 25.246073081838201 ], [ 55.292698126246925, 25.246117997602415 ], [ 55.292653210482719, 25.246117997602411 ], [ 55.292653210482719, 25.246252744895028 ], [ 55.292787957775339, 25.246252744895024 ], [ 55.292787957775339, 25.246207829130821 ], [ 55.292832873539545, 25.246207829130821 ], [ 55.292832873539545, 25.246073081838201 ], [ 55.292698126246925, 25.246073081838201 ] ] ], [ [ [ 55.292542000699704, 25.249879575984895 ], [ 55.2927467, 25.2497704 ], [ 55.2925712, 25.2494995 ], [ 55.292366500735433, 25.249608675959912 ], [ 55.292542000699704, 25.249879575984895 ] ] ], [ [ [ 55.2929058, 25.2383753 ], [ 55.2928832, 25.2383371 ], [ 55.2928111, 25.238372 ], [ 55.2928225, 25.2383913 ], [ 55.2929058, 25.2383753 ] ] ], [ [ [ 55.2929086, 25.2366583 ], [ 55.2928357, 25.2365376 ], [ 55.2927906, 25.2365599 ], [ 55.2928635, 25.2366806 ], [ 55.2929086, 25.2366583 ] ] ], [ [ [ 55.2927823, 25.2404471 ], [ 55.292374861150535, 25.240658562162423 ], [ 55.292441461143781, 25.240766162166828 ], [ 55.2928511, 25.2405583 ], [ 55.2927823, 25.2404471 ] ] ], [ [ [ 55.292791561232761, 25.239951462197286 ], [ 55.2928475, 25.2399229 ], [ 55.2928287, 25.2398921 ], [ 55.292772761234701, 25.23992076219605 ], [ 55.292791561232761, 25.239951462197286 ] ] ], [ [ [ 55.2925951, 25.247242 ], [ 55.2924522, 25.2473126 ], [ 55.2924911, 25.2473769 ], [ 55.2924447, 25.2473998 ], [ 55.2925073, 25.2475034 ], [ 55.2925628, 25.2474759 ], [ 55.2925912, 25.247523 ], [ 55.2927249, 25.2474569 ], [ 55.2925951, 25.247242 ] ] ], [ [ [ 55.292639561575385, 25.236078062206566 ], [ 55.292759261562338, 25.236281562214408 ], [ 55.2928751, 25.236225 ], [ 55.2927554, 25.2360215 ], [ 55.292639561575385, 25.236078062206566 ] ] ], [ [ [ 55.292554561036305, 25.242013062168621 ], [ 55.292629161029154, 25.242129062173579 ], [ 55.2927439, 25.2420684 ], [ 55.2926693, 25.2419524 ], [ 55.292554561036305, 25.242013062168621 ] ] ], [ [ [ 55.2927439, 25.2420684 ], [ 55.292708661036428, 25.242087362179731 ], [ 55.292734461033646, 25.242130862181433 ], [ 55.2927713, 25.2421122 ], [ 55.2927439, 25.2420684 ] ] ], [ [ [ 55.292321761554135, 25.236157762182426 ], [ 55.292609961523254, 25.236641562201356 ], [ 55.2928408, 25.2365282 ], [ 55.2925526, 25.2360444 ], [ 55.292321761554135, 25.236157762182426 ] ] ], [ [ [ 55.292653210482719, 25.246567155244467 ], [ 55.292653210482719, 25.246612071008677 ], [ 55.292698126246925, 25.246612071008684 ], [ 55.292698126246925, 25.24656715524447 ], [ 55.292653210482719, 25.246567155244467 ] ] ], [ [ [ 55.292724661185005, 25.240448062189653 ], [ 55.2927794, 25.2404197 ], [ 55.2927505, 25.2403732 ], [ 55.292695761187915, 25.24040166218775 ], [ 55.292724661185005, 25.240448062189653 ] ] ], [ [ [ 55.2926802, 25.2471601 ], [ 55.2926451, 25.2471062 ], [ 55.2924697, 25.2471997 ], [ 55.2925047, 25.2472536 ], [ 55.2926802, 25.2471601 ] ] ], [ [ [ 55.292584961232414, 25.239853962182384 ], [ 55.292661361224731, 25.239976662187438 ], [ 55.2927505, 25.2399821 ], [ 55.2927801, 25.2398703 ], [ 55.2927152, 25.2397771 ], [ 55.292604361240159, 25.239777562184244 ], [ 55.292584961232414, 25.239853962182384 ] ] ], [ [ [ 55.292751, 25.2385956 ], [ 55.2925408, 25.2387039 ], [ 55.292571100000011, 25.238752 ], [ 55.2927813, 25.2386437 ], [ 55.292751, 25.2385956 ] ] ], [ [ [ 55.2925694, 25.2488414 ], [ 55.2925386, 25.2488032 ], [ 55.2924085, 25.2488365 ], [ 55.292335200865331, 25.248921575962736 ], [ 55.292458100843234, 25.249096175980409 ], [ 55.2925734, 25.2490713 ], [ 55.2926351, 25.2489772 ], [ 55.2925694, 25.2488414 ] ] ], [ [ [ 55.292458, 25.252209 ], [ 55.291964680454704, 25.252472179325107 ], [ 55.292084680379666, 25.252657579377491 ], [ 55.292578, 25.2523944 ], [ 55.292458, 25.252209 ] ] ], [ [ [ 55.292718661245615, 25.239773262192799 ], [ 55.2927521, 25.239757 ], [ 55.2927372, 25.2397301 ], [ 55.292703761247381, 25.239746362191827 ], [ 55.292718661245615, 25.239773262192799 ] ] ], [ [ [ 55.292698126246925, 25.236685687119152 ], [ 55.292653210482719, 25.236685687119152 ], [ 55.292653210482719, 25.236775518647566 ], [ 55.292787957775339, 25.236775518647562 ], [ 55.292787957775339, 25.236685687119145 ], [ 55.292743042011132, 25.236685687119152 ], [ 55.292743042011132, 25.236640771354949 ], [ 55.292698126246925, 25.236640771354949 ], [ 55.292698126246925, 25.236685687119152 ] ] ], [ [ [ 55.2927023, 25.2400107 ], [ 55.2926025, 25.2400631 ], [ 55.2926263, 25.2401001 ], [ 55.2927261, 25.2400477 ], [ 55.2927023, 25.2400107 ] ] ], [ [ [ 55.2928069, 25.2313784 ], [ 55.2928045, 25.2314379 ], [ 55.2928394, 25.231439 ], [ 55.2928417, 25.2313795 ], [ 55.2928069, 25.2313784 ] ] ], [ [ [ 55.292473547426333, 25.246360562925421 ], [ 55.292473547425892, 25.246297660659234 ], [ 55.2922673, 25.2462537 ], [ 55.292095301339323, 25.246352675953684 ], [ 55.291997901279181, 25.246615875935117 ], [ 55.292099901263896, 25.246744975949937 ], [ 55.292378201274005, 25.246829275993498 ], [ 55.2925688, 25.2467295 ], [ 55.2926196, 25.2465924 ], [ 55.292473547426333, 25.246360562925421 ] ] ], [ [ [ 55.292375609460002, 25.250075127414249 ], [ 55.29246544099145, 25.250075127419365 ], [ 55.292563378954306, 25.249980753324124 ], [ 55.292563378954306, 25.249935837559917 ], [ 55.292518463190099, 25.249890921795711 ], [ 55.292473547425892, 25.249890921795711 ], [ 55.292337135445983, 25.249981040251171 ], [ 55.2922715, 25.2498715 ], [ 55.2921734, 25.2499196 ], [ 55.2922474, 25.2500431 ], [ 55.292330693699419, 25.250002259772931 ], [ 55.292375609460002, 25.250075127414249 ] ] ], [ [ [ 55.2925838, 25.2475637 ], [ 55.2925557, 25.2475224 ], [ 55.2924748, 25.2475674 ], [ 55.2925028, 25.2476087 ], [ 55.2925838, 25.2475637 ] ] ], [ [ [ 55.292652261248776, 25.2397056621882 ], [ 55.2926927, 25.239679 ], [ 55.2926697, 25.2396518 ], [ 55.292629261250212, 25.239678362186634 ], [ 55.292652261248776, 25.2397056621882 ] ] ], [ [ [ 55.2925296, 25.2423087 ], [ 55.292648, 25.2422399 ], [ 55.292594, 25.24216 ], [ 55.292349694095826, 25.242305042591756 ], [ 55.292400694092372, 25.242380242594351 ], [ 55.2925296, 25.2423087 ] ] ], [ [ [ 55.292698126246925, 25.238572149215809 ], [ 55.292698126246925, 25.238482317687396 ], [ 55.292608294718512, 25.238482317687392 ], [ 55.292608294718512, 25.238527233451595 ], [ 55.292563378954306, 25.238527233451595 ], [ 55.292563378954306, 25.238572149215809 ], [ 55.292608294718512, 25.238572149215802 ], [ 55.292608294718512, 25.238617064980016 ], [ 55.292653210482719, 25.238617064980009 ], [ 55.292653210482719, 25.238572149215809 ], [ 55.292698126246925, 25.238572149215809 ] ] ], [ [ [ 55.2927801, 25.2313859 ], [ 55.2926953, 25.2313708 ], [ 55.2926728, 25.2314736 ], [ 55.2927577, 25.2314887 ], [ 55.2927801, 25.2313859 ] ] ], [ [ [ 55.291677600426361, 25.25086877583534 ], [ 55.292155800337106, 25.251564875903892 ], [ 55.2924988, 25.2513884 ], [ 55.2920534, 25.2506756 ], [ 55.291677600426361, 25.25086877583534 ] ] ], [ [ [ 55.292569161170192, 25.240536062177576 ], [ 55.2926251, 25.2405062 ], [ 55.2926, 25.2404671 ], [ 55.292543961172612, 25.240496862175913 ], [ 55.292569161170192, 25.240536062177576 ] ] ], [ [ [ 55.2926536, 25.2384087 ], [ 55.2926396, 25.2383884 ], [ 55.2925961, 25.2384127 ], [ 55.2926101, 25.2384331 ], [ 55.2926536, 25.2384087 ] ] ], [ [ [ 55.292526100000011, 25.2453391 ], [ 55.2925586, 25.2451958 ], [ 55.292276201587015, 25.245160375996225 ], [ 55.292243701556217, 25.245303675989387 ], [ 55.292526100000011, 25.2453391 ] ] ], [ [ [ 55.292470161255736, 25.239539062175503 ], [ 55.292446761247469, 25.239619262173321 ], [ 55.292516161239874, 25.239737462177885 ], [ 55.292579261241315, 25.23975256218251 ], [ 55.292634, 25.239633 ], [ 55.2925734, 25.2395332 ], [ 55.292470161255736, 25.239539062175503 ] ] ], [ [ [ 55.292288007027331, 25.253532392039816 ], [ 55.292288007025093, 25.253577307803887 ], [ 55.292332922788155, 25.25362222356981 ], [ 55.292428631661686, 25.25361893022481 ], [ 55.292428631661686, 25.253529098696401 ], [ 55.292288007027331, 25.253532392039816 ] ] ], [ [ [ 55.292628, 25.2383674 ], [ 55.2925833, 25.2383912 ], [ 55.2925948, 25.2384089 ], [ 55.2926396, 25.2383851 ], [ 55.292628, 25.2383674 ] ] ], [ [ [ 55.2926104, 25.2383347 ], [ 55.2924858, 25.2383978 ], [ 55.2925047, 25.2384283 ], [ 55.2926293, 25.2383652 ], [ 55.2926104, 25.2383347 ] ] ], [ [ [ 55.292583261261768, 25.239527762184 ], [ 55.292607, 25.2395138 ], [ 55.2925953, 25.2394979 ], [ 55.292571461262675, 25.239511862183207 ], [ 55.292583261261768, 25.239527762184 ] ] ], [ [ [ 55.292418261019229, 25.242135462157805 ], [ 55.292494861018199, 25.242184462163259 ], [ 55.2925685, 25.2421464 ], [ 55.2924972, 25.2420317 ], [ 55.292388461022227, 25.242087562155827 ], [ 55.292418261019229, 25.242135462157805 ] ] ], [ [ [ 55.291799810962807, 25.248229038520094 ], [ 55.291754895198601, 25.248229038520087 ], [ 55.291754895198601, 25.248318870048504 ], [ 55.291889642491213, 25.248318870048493 ], [ 55.291889642491213, 25.248273954284297 ], [ 55.29193455825542, 25.248273954284297 ], [ 55.29193455825542, 25.24822903852009 ], [ 55.291973164703784, 25.248229038520911 ], [ 55.2920227, 25.2483494 ], [ 55.29211145858126, 25.248300682886292 ], [ 55.292182700953816, 25.248389175944428 ], [ 55.2922647, 25.2483444 ], [ 55.292271764789703, 25.248260638395227 ], [ 55.292307282855333, 25.248242380584081 ], [ 55.292340900986375, 25.248298475970763 ], [ 55.2924821, 25.2482275 ], [ 55.2923523, 25.2480146 ], [ 55.292146186502379, 25.248135312853332 ], [ 55.292116529809704, 25.248118075449515 ], [ 55.2921628, 25.2480928 ], [ 55.292142783326518, 25.248062751885517 ], [ 55.292244229612578, 25.248006978101646 ], [ 55.292276501027622, 25.248053575963251 ], [ 55.2923928, 25.2479878 ], [ 55.2922877, 25.2478362 ], [ 55.292203231755956, 25.247900906002027 ], [ 55.292169628365599, 25.247857722109259 ], [ 55.2922738, 25.2477978 ], [ 55.2922072, 25.2477035 ], [ 55.292132301073337, 25.247746375943699 ], [ 55.292114179541116, 25.247829163682169 ], [ 55.292015201035674, 25.247883675923408 ], [ 55.292113736712174, 25.248030954112537 ], [ 55.291967700987229, 25.248110875913209 ], [ 55.292029104080711, 25.248198386806187 ], [ 55.291979474019705, 25.24822558136324 ], [ 55.291979474019627, 25.248139206991674 ], [ 55.291844726727014, 25.24813920699167 ], [ 55.291844726727014, 25.248184122755884 ], [ 55.291799810962807, 25.248184122755887 ], [ 55.291799810962807, 25.248229038520094 ] ] ], [ [ [ 55.2925596, 25.2382526 ], [ 55.2924537, 25.2383056 ], [ 55.2924993, 25.2383801 ], [ 55.2926052, 25.2383271 ], [ 55.2925596, 25.2382526 ] ] ], [ [ [ 55.2925552, 25.2397857 ], [ 55.2924888, 25.2398197 ], [ 55.2925137, 25.2398595 ], [ 55.2925801, 25.2398256 ], [ 55.2925552, 25.2397857 ] ] ], [ [ [ 55.2926157, 25.2368311 ], [ 55.2925307, 25.2366902 ], [ 55.2924871, 25.2367117 ], [ 55.292572, 25.2368526 ], [ 55.2926157, 25.2368311 ] ] ], [ [ [ 55.2925326, 25.2393916 ], [ 55.2924469, 25.239430599999988 ], [ 55.2924867, 25.2395021 ], [ 55.2925724, 25.2394631 ], [ 55.2925326, 25.2393916 ] ] ], [ [ [ 55.292518463190099, 25.239964537906189 ], [ 55.292518463190099, 25.240009453670389 ], [ 55.292473547425892, 25.2400094536704 ], [ 55.292473547425892, 25.240054369434599 ], [ 55.292563378954306, 25.240054369434599 ], [ 55.292563378954306, 25.239964537906193 ], [ 55.292518463190099, 25.239964537906189 ] ] ], [ [ [ 55.2925844, 25.238446 ], [ 55.2925709, 25.2384255 ], [ 55.292522, 25.2384521 ], [ 55.2925355, 25.2384725 ], [ 55.2925844, 25.238446 ] ] ], [ [ [ 55.2925709, 25.2384202 ], [ 55.2925602, 25.2384034 ], [ 55.2925099, 25.2384296 ], [ 55.2925206, 25.2384464 ], [ 55.2925709, 25.2384202 ] ] ], [ [ [ 55.2923677, 25.2378974 ], [ 55.2922473, 25.237956799999989 ], [ 55.2924523, 25.2382969 ], [ 55.2925727, 25.2382374 ], [ 55.2923677, 25.2378974 ] ] ], [ [ [ 55.2922231, 25.2497945 ], [ 55.2922673, 25.2497714 ], [ 55.2922983, 25.24982 ], [ 55.2923966, 25.2497687 ], [ 55.2922887, 25.2495996 ], [ 55.2922048, 25.2496433 ], [ 55.292184, 25.2496106 ], [ 55.2921253, 25.2496411 ], [ 55.2922231, 25.2497945 ] ] ], [ [ [ 55.292235291460067, 25.242080856150828 ], [ 55.292260991458072, 25.242121856152153 ], [ 55.2925015, 25.2419979 ], [ 55.2924758, 25.2419569 ], [ 55.292235291460067, 25.242080856150828 ] ] ], [ [ [ 55.292518463190099, 25.237045013232795 ], [ 55.292563378954306, 25.237045013232802 ], [ 55.292563378954306, 25.237000097468595 ], [ 55.292518463190099, 25.237000097468599 ], [ 55.292518463190099, 25.237045013232795 ] ] ], [ [ [ 55.292473547425892, 25.238661980744219 ], [ 55.292473547425892, 25.238617064980012 ], [ 55.29233880013328, 25.238617064980009 ], [ 55.29233880013328, 25.238706896508429 ], [ 55.292383715897479, 25.238706896508429 ], [ 55.292383715897479, 25.238751812272621 ], [ 55.292428631661686, 25.238751812272628 ], [ 55.292428631661686, 25.238796728036831 ], [ 55.292518463190099, 25.238796728036835 ], [ 55.292518463190099, 25.238661980744215 ], [ 55.292473547425892, 25.238661980744219 ] ] ], [ [ [ 55.29233880013328, 25.247285807471766 ], [ 55.29233880013328, 25.247330723235972 ], [ 55.292293884369073, 25.247330723235969 ], [ 55.292293884369073, 25.247420554764378 ], [ 55.292383715897479, 25.247420554764382 ], [ 55.292383715897479, 25.247285807471766 ], [ 55.29233880013328, 25.247285807471766 ] ] ], [ [ [ 55.292011161527064, 25.236305562158474 ], [ 55.292297661496086, 25.236789562177272 ], [ 55.2925332, 25.2366746 ], [ 55.2922466, 25.2361907 ], [ 55.292011161527064, 25.236305562158474 ] ] ], [ [ [ 55.292178791465567, 25.241975056147972 ], [ 55.292233291461272, 25.242062656150786 ], [ 55.292457, 25.2419473 ], [ 55.2923823, 25.2418312 ], [ 55.29218489146848, 25.24193675614849 ], [ 55.292178791465567, 25.241975056147972 ] ] ], [ [ [ 55.2922316, 25.2539405 ], [ 55.292170999871743, 25.253978275878779 ], [ 55.292227299866298, 25.254034075887159 ], [ 55.2922718, 25.2539939 ], [ 55.2922316, 25.2539405 ] ] ], [ [ [ 55.292248968604866, 25.254472329744722 ], [ 55.292199796798954, 25.25447471457494 ], [ 55.292199796795707, 25.254564546103165 ], [ 55.292248968604866, 25.254562161273132 ], [ 55.292248968604866, 25.254472329744722 ] ] ], [ [ [ 55.2924527, 25.2393979 ], [ 55.2924198, 25.2393342 ], [ 55.2923462, 25.2393137 ], [ 55.2922926, 25.2393382 ], [ 55.2922839, 25.2393939 ], [ 55.2923488, 25.2395107 ], [ 55.29239590000001, 25.239526 ], [ 55.2924527, 25.2393979 ] ] ], [ [ [ 55.292428631661686, 25.240323864019835 ], [ 55.292428631661686, 25.240278948255632 ], [ 55.292383715897479, 25.240278948255629 ], [ 55.292383715897479, 25.240323864019839 ], [ 55.292428631661686, 25.240323864019835 ] ] ], [ [ [ 55.292383715897508, 25.23920304206133 ], [ 55.292383715897479, 25.239245885678891 ], [ 55.292428631661686, 25.239245885678894 ], [ 55.292428631661686, 25.239200969914691 ], [ 55.292387860183553, 25.239200969915267 ], [ 55.2922898, 25.2390219 ], [ 55.2921371, 25.2390983 ], [ 55.2922438, 25.239273 ], [ 55.292383715897508, 25.23920304206133 ] ] ], [ [ [ 55.292222761173868, 25.240325262152851 ], [ 55.292352361182125, 25.240297362162682 ], [ 55.2923963, 25.2402369 ], [ 55.2923412, 25.2401473 ], [ 55.292300952537182, 25.240142921003105 ], [ 55.2923847, 25.2400981 ], [ 55.2923449, 25.2400368 ], [ 55.292252551600036, 25.240141877211762 ], [ 55.292144061181958, 25.240196962147667 ], [ 55.292222761173868, 25.240325262152851 ] ] ], [ [ [ 55.292063934860501, 25.253711771178786 ], [ 55.292063934856401, 25.253801602706957 ], [ 55.29220405284066, 25.25379859328163 ], [ 55.29220405284066, 25.253708761753217 ], [ 55.292063934860501, 25.253711771178786 ] ] ], [ [ [ 55.2922445, 25.2334484 ], [ 55.2920068, 25.2332078 ], [ 55.291930078911498, 25.233225423995499 ], [ 55.291960278899438, 25.233393023996694 ], [ 55.292257678867898, 25.233938124013576 ], [ 55.292305178864474, 25.234004824016381 ], [ 55.292441078863639, 25.234082024024904 ], [ 55.2924786, 25.2340008 ], [ 55.2924456, 25.2338144 ], [ 55.2922445, 25.2334484 ] ] ], [ [ [ 55.292383715897479, 25.236910265940189 ], [ 55.292428631661686, 25.236910265940185 ], [ 55.292428631661686, 25.236865350175982 ], [ 55.292383715897479, 25.236865350175972 ], [ 55.292383715897479, 25.236910265940189 ] ] ], [ [ [ 55.292383715897479, 25.239964537906193 ], [ 55.292314052102924, 25.23996453791095 ], [ 55.2922973, 25.2399353 ], [ 55.292231061206522, 25.239967362155376 ], [ 55.292273761201677, 25.240041962158166 ], [ 55.292383715897479, 25.240009453670393 ], [ 55.292383715897479, 25.239964537906193 ] ] ], [ [ [ 55.292265480892233, 25.241819010412598 ], [ 55.292286680889994, 25.241858410413776 ], [ 55.2923478, 25.2418305 ], [ 55.2923266, 25.241791 ], [ 55.292265480892233, 25.241819010412598 ] ] ], [ [ [ 55.2923488, 25.240363 ], [ 55.2923273, 25.2403289 ], [ 55.2922744, 25.2403562 ], [ 55.2922958, 25.2403903 ], [ 55.2923488, 25.240363 ] ] ], [ [ [ 55.292109053318725, 25.253127752684016 ], [ 55.292159137076453, 25.253079941054331 ], [ 55.292159137076453, 25.252945193761711 ], [ 55.292019221796259, 25.252948089624404 ], [ 55.292019221788387, 25.253127752680758 ], [ 55.292109053318725, 25.253127752684016 ] ] ], [ [ [ 55.2919148, 25.2551335 ], [ 55.2921308, 25.2549297 ], [ 55.2921284, 25.2548441 ], [ 55.2920114, 25.254737 ], [ 55.2919053996985, 25.254743575827554 ], [ 55.29167079963306, 25.25496677578748 ], [ 55.291673499622043, 25.255024975787247 ], [ 55.2918102996111, 25.255148675807721 ], [ 55.2919148, 25.2551335 ] ] ], [ [ [ 55.292285461367008, 25.23821476216877 ], [ 55.2923612, 25.2381785 ], [ 55.2923393, 25.23814 ], [ 55.292263561369502, 25.238176362167337 ], [ 55.292285461367008, 25.23821476216877 ] ] ], [ [ [ 55.2920231, 25.2519459 ], [ 55.291555460453402, 25.25219757225134 ], [ 55.291696860373889, 25.252413772307776 ], [ 55.2921645, 25.2521621 ], [ 55.2920231, 25.2519459 ] ] ], [ [ [ 55.29220405284066, 25.239560296028333 ], [ 55.29220405284066, 25.239650127556754 ], [ 55.292293884369073, 25.23965012755675 ], [ 55.292293884369073, 25.239605211792544 ], [ 55.29233880013328, 25.23960521179254 ], [ 55.29233880013328, 25.239515380264134 ], [ 55.292248968604866, 25.23951538026413 ], [ 55.292248968604866, 25.239560296028341 ], [ 55.29220405284066, 25.239560296028333 ] ] ], [ [ [ 55.29212550088986, 25.248691875931826 ], [ 55.292144600886218, 25.248720075934553 ], [ 55.2921998, 25.2486894 ], [ 55.2921806, 25.2486612 ], [ 55.29212550088986, 25.248691875931826 ] ] ], [ [ [ 55.292010761274753, 25.239102862143543 ], [ 55.292281, 25.2389611 ], [ 55.2922104, 25.238847 ], [ 55.292070061293686, 25.238921962148932 ], [ 55.291981761277675, 25.23905616214164 ], [ 55.292010761274753, 25.239102862143543 ] ] ], [ [ [ 55.292281, 25.2389611 ], [ 55.292059261278773, 25.239082062147276 ], [ 55.292080561276819, 25.239114162148695 ], [ 55.2923023, 25.2389932 ], [ 55.292281, 25.2389611 ] ] ], [ [ [ 55.2922104, 25.238847 ], [ 55.2921625, 25.2387732 ], [ 55.292031852703829, 25.238877170433781 ], [ 55.2919304, 25.2389273 ], [ 55.2919558, 25.2389679 ], [ 55.2922104, 25.238847 ] ] ], [ [ [ 55.292019661198715, 25.239950162139699 ], [ 55.292139461186231, 25.240147362147589 ], [ 55.2922864, 25.2400736 ], [ 55.2921666, 25.2398765 ], [ 55.292019661198715, 25.239950162139699 ] ] ], [ [ [ 55.292093175578167, 25.241987137529748 ], [ 55.292197075568616, 25.242156337535874 ], [ 55.2922543, 25.2421271 ], [ 55.2921503, 25.2419578 ], [ 55.292093175578167, 25.241987137529748 ] ] ], [ [ [ 55.2923191, 25.2369815 ], [ 55.2922327, 25.2368397 ], [ 55.2921883, 25.2368619 ], [ 55.2922747, 25.2370036 ], [ 55.2923191, 25.2369815 ] ] ], [ [ [ 55.29213630000001, 25.2497488 ], [ 55.2920933, 25.2496658 ], [ 55.291927300668497, 25.249739275888167 ], [ 55.292005300646814, 25.249889675898928 ], [ 55.2920791, 25.2498552 ], [ 55.29213630000001, 25.2497488 ] ] ], [ [ [ 55.2922723, 25.2399053 ], [ 55.2922342, 25.2398569 ], [ 55.292147761213506, 25.239848962149797 ], [ 55.292218761208815, 25.239935862154628 ], [ 55.2922723, 25.2399053 ] ] ], [ [ [ 55.292232761461818, 25.237137662170571 ], [ 55.292251661459957, 25.237167562171834 ], [ 55.2923106, 25.2371368 ], [ 55.2922917, 25.2371068 ], [ 55.292232761461818, 25.237137662170571 ] ] ], [ [ [ 55.29206930554804, 25.253529098696394 ], [ 55.29206930554804, 25.253439267167984 ], [ 55.291979474019627, 25.253304519875364 ], [ 55.291709979434394, 25.253124856818534 ], [ 55.2916600983338, 25.253127639105017 ], [ 55.29166009832813, 25.253262386397306 ], [ 55.291839761377311, 25.253531880988135 ], [ 55.291929592905689, 25.253576796755357 ], [ 55.292024389783833, 25.253574014460604 ], [ 55.29206930554804, 25.253529098696394 ] ] ], [ [ [ 55.291651500344713, 25.251278075826487 ], [ 55.291491000298286, 25.251439375798977 ], [ 55.291736600256471, 25.25177607583441 ], [ 55.2920741, 25.2515755 ], [ 55.2917952, 25.2511931 ], [ 55.291651500344713, 25.251278075826487 ] ] ], [ [ [ 55.29220405284066, 25.240997600482928 ], [ 55.29220405284066, 25.240952684718721 ], [ 55.292159137076453, 25.240952684718724 ], [ 55.292159137076453, 25.24099760048292 ], [ 55.29220405284066, 25.240997600482928 ] ] ], [ [ [ 55.2922195, 25.2392624 ], [ 55.2921591, 25.2391683 ], [ 55.2921134, 25.2391923 ], [ 55.2921738, 25.2392864 ], [ 55.2922195, 25.2392624 ] ] ], [ [ [ 55.292114221312247, 25.243467967514249 ], [ 55.292159137076453, 25.243467967514249 ], [ 55.292159137076453, 25.24337813598585 ], [ 55.292114221312247, 25.243378135985843 ], [ 55.292114221312247, 25.243467967514249 ] ] ], [ [ [ 55.291709979434394, 25.252675699176478 ], [ 55.291660605014378, 25.252768029085399 ], [ 55.29166060501268, 25.252812944849506 ], [ 55.29170552077602, 25.252857860615016 ], [ 55.291930099601217, 25.252857860622036 ], [ 55.292024389783833, 25.252765530704895 ], [ 55.292024389783833, 25.252720614940689 ], [ 55.291979474019627, 25.252675699176478 ], [ 55.291709979434394, 25.252675699176478 ] ] ], [ [ [ 55.29220405284066, 25.239425548735721 ], [ 55.29220405284066, 25.239380632971507 ], [ 55.292114221312247, 25.239380632971507 ], [ 55.292114221312247, 25.239425548735717 ], [ 55.29220405284066, 25.239425548735721 ] ] ], [ [ [ 55.291701561500069, 25.236452862134588 ], [ 55.291987861469195, 25.236935662153371 ], [ 55.2922258, 25.2368195 ], [ 55.2919395, 25.2363366 ], [ 55.291701561500069, 25.236452862134588 ] ] ], [ [ [ 55.291884677127307, 25.253891207102445 ], [ 55.291884677121629, 25.254025954394734 ], [ 55.291979474019627, 25.254023172102663 ], [ 55.291979474019627, 25.253888424810036 ], [ 55.291884677127307, 25.253891207102445 ] ] ], [ [ [ 55.291709161079353, 25.241120962110291 ], [ 55.2921629, 25.2408691 ], [ 55.2921016, 25.2407665 ], [ 55.291497961073325, 25.241084162094733 ], [ 55.291557361066985, 25.241183562098634 ], [ 55.291709161079353, 25.241120962110291 ] ] ], [ [ [ 55.2921292, 25.2402048 ], [ 55.292079661176217, 25.240228962142691 ], [ 55.292108179185391, 25.240278810073725 ], [ 55.2920771, 25.2402272 ], [ 55.291915861161904, 25.240307362130057 ], [ 55.291992861153787, 25.24043506213512 ], [ 55.292154, 25.2403549 ], [ 55.292116485700618, 25.240292603859114 ], [ 55.2921657, 25.2402686 ], [ 55.2921292, 25.2402048 ] ] ], [ [ [ 55.291929961389052, 25.237795862144473 ], [ 55.2921891, 25.2376753 ], [ 55.291997, 25.2373343 ], [ 55.291850761421003, 25.237402862140659 ], [ 55.291839761399501, 25.237635762138602 ], [ 55.291929961389052, 25.237795862144473 ] ] ], [ [ [ 55.292024389783833, 25.245803587252961 ], [ 55.292024389783833, 25.245848503017179 ], [ 55.29206930554804, 25.245848503017172 ], [ 55.29206930554804, 25.245803587252965 ], [ 55.292024389783833, 25.245803587252961 ] ] ], [ [ [ 55.291816800982083, 25.248063475889623 ], [ 55.291957, 25.2479877 ], [ 55.291909920983869, 25.247915930675909 ], [ 55.2920402, 25.247845 ], [ 55.2920154, 25.2478043 ], [ 55.291749400995606, 25.247960475880017 ], [ 55.291816800982083, 25.248063475889623 ] ] ], [ [ [ 55.291938661294274, 25.238850962139512 ], [ 55.292027761296225, 25.238873062146041 ], [ 55.2921076, 25.2388024 ], [ 55.2921388, 25.2387057 ], [ 55.291919261310952, 25.238656562139095 ], [ 55.291886661300332, 25.238758362136121 ], [ 55.291938661294274, 25.238850962139512 ] ] ], [ [ [ 55.29211560000001, 25.2401862 ], [ 55.2921008, 25.2400956 ], [ 55.2919977, 25.2399327 ], [ 55.291885761189093, 25.239991062129498 ], [ 55.292035761174354, 25.240228062139419 ], [ 55.29211560000001, 25.2401862 ] ] ], [ [ [ 55.292009361467315, 25.236967162154809 ], [ 55.292076261459897, 25.237082262159191 ], [ 55.2921485, 25.237047 ], [ 55.2920815, 25.2369319 ], [ 55.292009361467315, 25.236967162154809 ] ] ], [ [ [ 55.292097261473174, 25.236945262161491 ], [ 55.29211706147133, 25.2369754621628 ], [ 55.2921448, 25.2369603 ], [ 55.2921249, 25.2369301 ], [ 55.292097261473174, 25.236945262161491 ] ] ], [ [ [ 55.2920003, 25.2466552 ], [ 55.2919566, 25.2465782 ], [ 55.291874701267005, 25.246618375915372 ], [ 55.291918501256255, 25.246695475921495 ], [ 55.2920003, 25.2466552 ] ] ], [ [ [ 55.291485, 25.23215 ], [ 55.2916276, 25.2322006 ], [ 55.2920061, 25.2320204 ], [ 55.2921862, 25.2318239 ], [ 55.2922036, 25.2316826 ], [ 55.2915696, 25.2315455 ], [ 55.2912202, 25.2316965 ], [ 55.291485, 25.23215 ] ] ], [ [ [ 55.29169200108052, 25.247493175876166 ], [ 55.2919739, 25.2473421 ], [ 55.2919325, 25.2472786 ], [ 55.29163010109297, 25.247398375867352 ], [ 55.29169200108052, 25.247493175876166 ] ] ], [ [ [ 55.29193455825542, 25.246746818301297 ], [ 55.29193455825542, 25.2467917340655 ], [ 55.291889642491213, 25.246791734065496 ], [ 55.291889642491213, 25.246926481358116 ], [ 55.291979474019627, 25.24692648135812 ], [ 55.291979474019627, 25.246746818301293 ], [ 55.29193455825542, 25.246746818301297 ] ] ], [ [ [ 55.2920037, 25.2397216 ], [ 55.292024389783911, 25.239613045865376 ], [ 55.292024389783833, 25.23965012755675 ], [ 55.29206930554804, 25.239650127556743 ], [ 55.29206930554804, 25.239605211792544 ], [ 55.292025882910686, 25.23960521179276 ], [ 55.2920345, 25.23956 ], [ 55.2919803, 25.2394876 ], [ 55.291794661222326, 25.239577962124898 ], [ 55.291900661209247, 25.239774962131747 ], [ 55.2920037, 25.2397216 ] ] ], [ [ [ 55.2917726, 25.2489556 ], [ 55.291470100744085, 25.249124075822056 ], [ 55.291647700727346, 25.249297775848486 ], [ 55.2919341, 25.2491382 ], [ 55.2917726, 25.2489556 ] ] ], [ [ [ 55.2920757, 25.2386253 ], [ 55.2920492, 25.2385791 ], [ 55.292005361319802, 25.238600662145814 ], [ 55.292031861316808, 25.238646862147551 ], [ 55.2920757, 25.2386253 ] ] ], [ [ [ 55.291754895198601, 25.248049375463264 ], [ 55.291709979434394, 25.248049375463268 ], [ 55.291692468506049, 25.247959543939146 ], [ 55.2919358, 25.247821099999989 ], [ 55.2918962, 25.2477642 ], [ 55.2916424, 25.2479087 ], [ 55.291677847534451, 25.247959543941136 ], [ 55.291620147905981, 25.247959543934851 ], [ 55.291620147905981, 25.248094291227474 ], [ 55.291665063670187, 25.248094291227474 ], [ 55.291665063670187, 25.248139206991674 ], [ 55.291709979434394, 25.248139206991674 ], [ 55.291709979434394, 25.248094291227474 ], [ 55.2918051, 25.2480737 ], [ 55.2917798, 25.248038 ], [ 55.291754895198601, 25.248049375463264 ] ] ], [ [ [ 55.292024389783833, 25.241087432011334 ], [ 55.292024389783833, 25.241042516247134 ], [ 55.291979474019627, 25.241042516247138 ], [ 55.291979474019627, 25.241087432011337 ], [ 55.292024389783833, 25.241087432011334 ] ] ], [ [ [ 55.291776861148108, 25.240391962119222 ], [ 55.291861860368144, 25.240350829143591 ], [ 55.291973261144086, 25.240532962133141 ], [ 55.2920313, 25.2405032 ], [ 55.2919169, 25.2403161 ], [ 55.291864454419375, 25.240342857454877 ], [ 55.2918352, 25.2402925 ], [ 55.291744661151697, 25.240336462117124 ], [ 55.291776861148108, 25.240391962119222 ] ] ], [ [ [ 55.291793021792024, 25.250298968040461 ], [ 55.291793021786852, 25.250388799568569 ], [ 55.291889642491213, 25.250384995201973 ], [ 55.291889642491213, 25.250295163673563 ], [ 55.291793021792024, 25.250298968040461 ] ] ], [ [ [ 55.291398100577638, 25.24994937580113 ], [ 55.291652900521505, 25.250364675837137 ], [ 55.2917448, 25.2503172 ], [ 55.291656298328576, 25.250110789166843 ], [ 55.291740500574683, 25.250132675853806 ], [ 55.2918734, 25.2500485 ], [ 55.2918928, 25.2499989 ], [ 55.2917777, 25.2497993 ], [ 55.291606800607269, 25.24989857583509 ], [ 55.29159969525417, 25.24999150613522 ], [ 55.2915318, 25.2498809 ], [ 55.291398100577638, 25.24994937580113 ] ] ], [ [ [ 55.291979474019627, 25.23982979061357 ], [ 55.291979474019627, 25.239874706377773 ], [ 55.29193455825542, 25.239874706377773 ], [ 55.29193455825542, 25.239919622141986 ], [ 55.292024389783833, 25.239919622141976 ], [ 55.292024389783833, 25.239829790613566 ], [ 55.291979474019627, 25.23982979061357 ] ] ], [ [ [ 55.291912786420092, 25.239396212205168 ], [ 55.291958661238176, 25.239482762137634 ], [ 55.2920169, 25.2394562 ], [ 55.2919622, 25.239353 ], [ 55.291908264975788, 25.239377599245259 ], [ 55.2918717, 25.2393175 ], [ 55.2917147, 25.239242 ], [ 55.291614361240086, 25.239292562112961 ], [ 55.2917322612278, 25.239486662120722 ], [ 55.291912786420092, 25.239396212205168 ] ] ], [ [ [ 55.2920052, 25.2402072 ], [ 55.2918425, 25.2400208 ], [ 55.291703061172164, 25.240089162115336 ], [ 55.291825161158982, 25.240295162123353 ], [ 55.2920052, 25.2402072 ] ] ], [ [ [ 55.291805001030198, 25.24780887589063 ], [ 55.2918911, 25.2477639 ], [ 55.2918484, 25.2476951 ], [ 55.291762301039462, 25.247739975884596 ], [ 55.291805001030198, 25.24780887589063 ] ] ], [ [ [ 55.291979474019627, 25.237224676289625 ], [ 55.292024389783833, 25.237224676289625 ], [ 55.292024389783833, 25.237134844761211 ], [ 55.291979474019627, 25.237134844761208 ], [ 55.291979474019627, 25.237224676289625 ] ] ], [ [ [ 55.2920042, 25.2371041 ], [ 55.2919472, 25.2370095 ], [ 55.2916563, 25.237153 ], [ 55.2917133, 25.2372476 ], [ 55.2920042, 25.2371041 ] ] ], [ [ [ 55.291979474019627, 25.238347570394776 ], [ 55.291979474019627, 25.238302654630566 ], [ 55.29193455825542, 25.238302654630566 ], [ 55.29193455825542, 25.238347570394776 ], [ 55.291979474019627, 25.238347570394776 ] ] ], [ [ [ 55.2915967, 25.2470831 ], [ 55.291495301130183, 25.247139775848741 ], [ 55.291662101104905, 25.247352375872985 ], [ 55.2918425, 25.2472516 ], [ 55.2917416, 25.2471038 ], [ 55.291640117034, 25.247160491272705 ], [ 55.2915967, 25.2470831 ] ] ], [ [ [ 55.291704961123962, 25.240624462112628 ], [ 55.2919308, 25.2405105 ], [ 55.2918477, 25.240375 ], [ 55.291621861132491, 25.240489062107148 ], [ 55.291704961123962, 25.240624462112628 ] ] ], [ [ [ 55.2915961, 25.2477836 ], [ 55.2916573, 25.2477531 ], [ 55.291622, 25.2476951 ], [ 55.2917263, 25.247643 ], [ 55.2917733, 25.24772 ], [ 55.2918246, 25.2476944 ], [ 55.2917, 25.2474902 ], [ 55.2914831, 25.2475985 ], [ 55.2915961, 25.2477836 ] ] ], [ [ [ 55.291785361434073, 25.237225762136728 ], [ 55.291816461430848, 25.237276762138769 ], [ 55.2919622, 25.237203499999989 ], [ 55.2919311, 25.2371525 ], [ 55.291785361434073, 25.237225762136728 ] ] ], [ [ [ 55.291881261343484, 25.238277262138286 ], [ 55.2919333, 25.2382531 ], [ 55.291912, 25.2382134 ], [ 55.291859961346127, 25.238237562136902 ], [ 55.291881261343484, 25.238277262138286 ] ] ], [ [ [ 55.29158716134755, 25.238087862117347 ], [ 55.291797061324388, 25.238447562131089 ], [ 55.2919004, 25.2383974 ], [ 55.291844350972532, 25.238301323806155 ], [ 55.2918834, 25.238282 ], [ 55.29185480000001, 25.2382331 ], [ 55.291815824873844, 25.238252425856952 ], [ 55.291772352104978, 25.238177907024738 ], [ 55.2918087, 25.2381597 ], [ 55.2917578, 25.2380733 ], [ 55.291721835995723, 25.238091314729655 ], [ 55.2916905, 25.2380376 ], [ 55.29158716134755, 25.238087862117347 ] ] ], [ [ [ 55.2919004, 25.2383974 ], [ 55.291843561328463, 25.238425362134677 ], [ 55.291865861326109, 25.23846236213614 ], [ 55.2919222, 25.2384339 ], [ 55.2919004, 25.2383974 ] ] ], [ [ [ 55.2917976, 25.2470554 ], [ 55.2917181, 25.246939 ], [ 55.291630201172303, 25.246988175872048 ], [ 55.291709701157345, 25.247104575883434 ], [ 55.2917976, 25.2470554 ] ] ], [ [ [ 55.2919784, 25.2325476 ], [ 55.291935, 25.2324776 ], [ 55.291875561863485, 25.232508362168574 ], [ 55.291918961859103, 25.232578262171447 ], [ 55.2919784, 25.2325476 ] ] ], [ [ [ 55.291889642491213, 25.238212823102156 ], [ 55.291889642491213, 25.238167907337953 ], [ 55.291844726727014, 25.238167907337957 ], [ 55.291844726727014, 25.23821282310216 ], [ 55.291889642491213, 25.238212823102156 ] ] ], [ [ [ 55.2913145, 25.2366063 ], [ 55.2912977, 25.2366976 ], [ 55.2913249, 25.2367349 ], [ 55.291432381243297, 25.236682949891929 ], [ 55.291667361441355, 25.237087062128666 ], [ 55.2919032, 25.2369739 ], [ 55.2916219, 25.2364903 ], [ 55.291386161472531, 25.236603462110253 ], [ 55.291399647514652, 25.23662665513104 ], [ 55.2913145, 25.2366063 ] ] ], [ [ [ 55.2912381, 25.2486087 ], [ 55.2913296, 25.2486952 ], [ 55.29137, 25.2486602 ], [ 55.291398, 25.2486866 ], [ 55.2914595, 25.2486334 ], [ 55.291422257247454, 25.248598243620609 ], [ 55.291481862687966, 25.248558997399673 ], [ 55.291533300854447, 25.248584375838327 ], [ 55.2917347, 25.2484826 ], [ 55.2916527, 25.2483311 ], [ 55.29142120086523, 25.248473575821667 ], [ 55.291444386734923, 25.248509901871351 ], [ 55.2914027, 25.248462 ], [ 55.29133910085158, 25.248503875808183 ], [ 55.29141647271134, 25.248592783136953 ], [ 55.2913399, 25.2485205 ], [ 55.2912381, 25.2486087 ] ] ], [ [ [ 55.2918427, 25.2384291 ], [ 55.29178850000001, 25.2384574 ], [ 55.2918176, 25.2385031 ], [ 55.2918718, 25.2384748 ], [ 55.2918427, 25.2384291 ] ] ], [ [ [ 55.291659591827354, 25.249669409177415 ], [ 55.291709979434394, 25.249666342974681 ], [ 55.291709979434394, 25.249621427210471 ], [ 55.291659591829436, 25.249624493413336 ], [ 55.291659591827354, 25.249669409177415 ] ] ], [ [ [ 55.291620147905981, 25.252765530704892 ], [ 55.291665063670187, 25.252540951883866 ], [ 55.291620147905981, 25.252496036119659 ], [ 55.291530316377568, 25.252496036119652 ], [ 55.291301481567032, 25.252588252455482 ], [ 55.291301481565412, 25.252633168219596 ], [ 55.291436228855545, 25.252767915515943 ], [ 55.291570976148932, 25.252812831284075 ], [ 55.291620147905981, 25.252765530704892 ] ] ], [ [ [ 55.291751161198114, 25.239825062120325 ], [ 55.2918346, 25.2397818 ], [ 55.2917359, 25.2395979 ], [ 55.291549961202712, 25.239675262106115 ], [ 55.291585561197977, 25.239745362108394 ], [ 55.291751161198114, 25.239825062120325 ] ] ], [ [ [ 55.291544800662308, 25.249583575828762 ], [ 55.29159790065404, 25.249652375836465 ], [ 55.291695, 25.2495964 ], [ 55.291557, 25.2493755 ], [ 55.291235700642758, 25.249532975779896 ], [ 55.291323000625674, 25.249664175792368 ], [ 55.291530187523563, 25.249560570854971 ], [ 55.291544800662308, 25.249583575828762 ] ] ], [ [ [ 55.291615486529842, 25.25411561556971 ], [ 55.291620147905981, 25.254068087866866 ], [ 55.291530316377568, 25.254068087866859 ], [ 55.291525654999688, 25.254115615566775 ], [ 55.291615486529842, 25.25411561556971 ] ] ], [ [ [ 55.291508961148118, 25.24026046209994 ], [ 55.291582061140637, 25.240379262104756 ], [ 55.2917996, 25.2402691 ], [ 55.2917265, 25.2401503 ], [ 55.291508961148118, 25.24026046209994 ] ] ], [ [ [ 55.291692761257735, 25.239135462119645 ], [ 55.2918057, 25.2390806 ], [ 55.2917374, 25.2389636 ], [ 55.291669761269212, 25.238996862118658 ], [ 55.291692761257735, 25.239135462119645 ] ] ], [ [ [ 55.29181040000001, 25.2385028 ], [ 55.29179, 25.2384713 ], [ 55.2917508, 25.2384921 ], [ 55.2917711, 25.2385236 ], [ 55.29181040000001, 25.2385028 ] ] ], [ [ [ 55.2913672, 25.2513201 ], [ 55.2910497260496, 25.251507584055158 ], [ 55.2907991, 25.2512764 ], [ 55.2907731, 25.2514642 ], [ 55.2909631, 25.2516382 ], [ 55.291065175690399, 25.251552681754657 ], [ 55.291288420879617, 25.251855409943545 ], [ 55.29161830000001, 25.2516606 ], [ 55.2913672, 25.2513201 ] ] ], [ [ [ 55.2917076, 25.2383471 ], [ 55.2915888, 25.23841 ], [ 55.291669, 25.2385338 ], [ 55.2917878, 25.238471 ], [ 55.2917076, 25.2383471 ] ] ], [ [ [ 55.291754895198601, 25.237359423582244 ], [ 55.291799810962807, 25.237359423582248 ], [ 55.291799810962807, 25.237314507818038 ], [ 55.291754895198601, 25.237314507818034 ], [ 55.291754895198601, 25.237359423582244 ] ] ], [ [ [ 55.2915198, 25.2504142 ], [ 55.2916047, 25.250331 ], [ 55.2915198, 25.2501854 ], [ 55.291316500503207, 25.250294175784131 ], [ 55.291417400479368, 25.250466975798307 ], [ 55.2915198, 25.2504142 ] ] ], [ [ [ 55.2917896, 25.2307112 ], [ 55.2915932, 25.2314076 ], [ 55.2916803, 25.2314277 ], [ 55.29187670000001, 25.2307313 ], [ 55.2917896, 25.2307112 ] ] ], [ [ [ 55.2915594, 25.2468377 ], [ 55.291472601169765, 25.246923975847565 ], [ 55.291552801166347, 25.246980975859756 ], [ 55.2916395, 25.2468947 ], [ 55.2915594, 25.2468377 ] ] ], [ [ [ 55.2916102, 25.2474739 ], [ 55.29153070000001, 25.2473532 ], [ 55.291454480328689, 25.247394672439079 ], [ 55.2914227, 25.2473464 ], [ 55.2913509, 25.247385 ], [ 55.29147170104882, 25.247548975840296 ], [ 55.2916102, 25.2474739 ] ] ], [ [ [ 55.291350653320748, 25.252900277997512 ], [ 55.291350653320748, 25.252945193761718 ], [ 55.291395569084948, 25.252945193761718 ], [ 55.291395569084948, 25.253035025290121 ], [ 55.291530316377568, 25.253035025290121 ], [ 55.291530316377568, 25.252945193761711 ], [ 55.291485400613361, 25.252945193761718 ], [ 55.291485400613361, 25.252900277997512 ], [ 55.291350653320748, 25.252900277997512 ] ] ], [ [ [ 55.291709979434394, 25.239919622141983 ], [ 55.291709979434394, 25.23987470637778 ], [ 55.291620147905981, 25.239874706377776 ], [ 55.291620147905981, 25.239919622141986 ], [ 55.291709979434394, 25.239919622141983 ] ] ], [ [ [ 55.291530316377568, 25.248768027690563 ], [ 55.291575232141774, 25.248768027690556 ], [ 55.291575232141774, 25.248678196162146 ], [ 55.291530316377568, 25.248678196162146 ], [ 55.291530316377568, 25.248768027690563 ] ] ], [ [ [ 55.291305400896533, 25.248254875805635 ], [ 55.291430300885551, 25.248372975824271 ], [ 55.2915812, 25.2482493 ], [ 55.2914979, 25.2481706 ], [ 55.2914114, 25.2481701 ], [ 55.291305400896533, 25.248254875805635 ] ] ], [ [ [ 55.291709979434394, 25.238931475329451 ], [ 55.291709979434394, 25.238841643801042 ], [ 55.291665063670187, 25.238841643801042 ], [ 55.291665063670187, 25.238931475329462 ], [ 55.291709979434394, 25.238931475329451 ] ] ], [ [ [ 55.2916258, 25.2383807 ], [ 55.2917159, 25.2383396 ], [ 55.2916247, 25.238176 ], [ 55.2915346, 25.2382171 ], [ 55.2916258, 25.2383807 ] ] ], [ [ [ 55.291586948439623, 25.238033160050211 ], [ 55.291613533700811, 25.238033160057839 ], [ 55.291570761349732, 25.238055562116291 ], [ 55.291589661347885, 25.238085262117544 ], [ 55.291688082939636, 25.238033160053703 ], [ 55.291709979434394, 25.238033160045333 ], [ 55.291709979434394, 25.23789841275272 ], [ 55.291575232141774, 25.237898412752713 ], [ 55.291575232141774, 25.23794332851692 ], [ 55.2915014, 25.2379648 ], [ 55.2915329, 25.2380103 ], [ 55.291575232141774, 25.237988244281134 ], [ 55.291575232141895, 25.238016661591463 ], [ 55.2915634, 25.238 ], [ 55.291514361349712, 25.238028162112233 ], [ 55.291543761347285, 25.238069562114202 ], [ 55.291586948439623, 25.238033160050211 ] ] ], [ [ [ 55.291455781376804, 25.235153910391237 ], [ 55.2917488, 25.2350188 ], [ 55.2916763, 25.2348958 ], [ 55.291433058982101, 25.235014075686468 ], [ 55.291477263622156, 25.23508901021594 ], [ 55.291430981379108, 25.235111910389847 ], [ 55.291455781376804, 25.235153910391237 ] ] ], [ [ [ 55.2914603, 25.248621 ], [ 55.2915135, 25.248679 ], [ 55.2915581, 25.2486455 ], [ 55.291505, 25.2485875 ], [ 55.2914603, 25.248621 ] ] ], [ [ [ 55.2917591, 25.2339672 ], [ 55.2916915, 25.233842 ], [ 55.291619264362438, 25.233877248577546 ], [ 55.291690664354242, 25.234004848582106 ], [ 55.2917591, 25.2339672 ] ] ], [ [ [ 55.2917074, 25.2345074 ], [ 55.29161566035004, 25.234554318920566 ], [ 55.291657860345701, 25.234622718923376 ], [ 55.2917496, 25.2345757 ], [ 55.2917074, 25.2345074 ] ] ], [ [ [ 55.291588261131878, 25.24047936210469 ], [ 55.2916663, 25.2404436 ], [ 55.2916365, 25.2403884 ], [ 55.291558461135544, 25.240424062102765 ], [ 55.291588261131878, 25.24047936210469 ] ] ], [ [ [ 55.291494661208645, 25.239582362102478 ], [ 55.2916791, 25.2394932 ], [ 55.2915716, 25.2392996 ], [ 55.291468461228341, 25.239351162101755 ], [ 55.291448261214029, 25.239499962099458 ], [ 55.291494661208645, 25.239582362102478 ] ] ], [ [ [ 55.291485400613361, 25.252361288827032 ], [ 55.291391009106576, 25.252363843981225 ], [ 55.291391009103094, 25.252453675509425 ], [ 55.291485400613361, 25.252451120355445 ], [ 55.291485400613361, 25.252361288827032 ] ] ], [ [ [ 55.291215906028128, 25.248768027690559 ], [ 55.291170990263922, 25.248768027690563 ], [ 55.291170990263922, 25.248723111926356 ], [ 55.291081158735508, 25.248723111926356 ], [ 55.291081158735508, 25.24867819616215 ], [ 55.290991327207095, 25.24867819616215 ], [ 55.290991327207095, 25.248857859218965 ], [ 55.291081158735508, 25.248857859218973 ], [ 55.291081158735508, 25.248902774983183 ], [ 55.291126074499715, 25.248902774983183 ], [ 55.291126074499715, 25.248947690747386 ], [ 55.291260821792335, 25.248947690747386 ], [ 55.291260821792335, 25.248992606511592 ], [ 55.291485400613361, 25.248992606511592 ], [ 55.291485400613361, 25.248947690747382 ], [ 55.291530316377568, 25.248947690747379 ], [ 55.291530316377568, 25.248857859218973 ], [ 55.291485400613361, 25.248857859218973 ], [ 55.291485400613361, 25.248812943454769 ], [ 55.291395569084948, 25.248812943454766 ], [ 55.291395569084948, 25.24885785921898 ], [ 55.291215906028128, 25.248857859218973 ], [ 55.291215906028128, 25.248768027690559 ] ] ], [ [ [ 55.291210100526726, 25.250120375769104 ], [ 55.291287800509714, 25.250246475780092 ], [ 55.2915092, 25.2501336 ], [ 55.2914316, 25.2500075 ], [ 55.291210100526726, 25.250120375769104 ] ] ], [ [ [ 55.291397161239203, 25.239195762097268 ], [ 55.29148626124163, 25.239212662103828 ], [ 55.2916228, 25.2391505 ], [ 55.2916482, 25.2389366 ], [ 55.291530316377688, 25.238925846105122 ], [ 55.291530316377568, 25.238841643801031 ], [ 55.291395569084948, 25.238841643801042 ], [ 55.291395569084948, 25.238931475329455 ], [ 55.291521273733558, 25.238931475333306 ], [ 55.291457361262125, 25.238971262102961 ], [ 55.291397161239203, 25.239195762097268 ] ] ], [ [ [ 55.2913926, 25.2343098 ], [ 55.2915354, 25.2345624 ], [ 55.2917092, 25.2344601 ], [ 55.2915762, 25.2342248 ], [ 55.2913926, 25.2343098 ] ] ], [ [ [ 55.291416161114824, 25.240584062091287 ], [ 55.291507361105175, 25.240735762097287 ], [ 55.2916143, 25.2406825 ], [ 55.291523, 25.2405307 ], [ 55.291416161114824, 25.240584062091287 ] ] ], [ [ [ 55.2915091, 25.2385702 ], [ 55.2916272, 25.2385319 ], [ 55.291559, 25.2384226 ], [ 55.291529, 25.2384379 ], [ 55.2915146, 25.2384147 ], [ 55.2914237, 25.2384611 ], [ 55.2914404, 25.238488 ], [ 55.2913975, 25.2385099 ], [ 55.2914641, 25.2386167 ], [ 55.2915202, 25.238588 ], [ 55.2915091, 25.2385702 ] ] ], [ [ [ 55.291332401074293, 25.2473488758203 ], [ 55.2914866, 25.2472772 ], [ 55.291409, 25.2471644 ], [ 55.291262201087335, 25.247246975810235 ], [ 55.291332401074293, 25.2473488758203 ] ] ], [ [ [ 55.291257327330484, 25.248343575364363 ], [ 55.291388800868795, 25.248439275816875 ], [ 55.2914495, 25.2483927 ], [ 55.2913312, 25.2482842 ], [ 55.291298222414667, 25.248309558779301 ], [ 55.2911905, 25.2482101 ], [ 55.290985300832546, 25.248428675752457 ], [ 55.291171300819045, 25.248589775780371 ], [ 55.2913533, 25.2484267 ], [ 55.291257327330484, 25.248343575364363 ] ] ], [ [ [ 55.291575232141774, 25.239245885678891 ], [ 55.291575232141774, 25.239200969914691 ], [ 55.291530316377568, 25.239200969914684 ], [ 55.291530316377568, 25.239245885678891 ], [ 55.291575232141774, 25.239245885678891 ] ] ], [ [ [ 55.2913691, 25.2537096 ], [ 55.291303299840742, 25.253712775743001 ], [ 55.291286399827186, 25.253774575739591 ], [ 55.2913523, 25.2537714 ], [ 55.2913691, 25.2537096 ] ] ], [ [ [ 55.2914381, 25.2410857 ], [ 55.291321861060084, 25.24114456208126 ], [ 55.291416561049694, 25.241306162087472 ], [ 55.291536, 25.2412457 ], [ 55.2914381, 25.2410857 ] ] ], [ [ [ 55.2914881, 25.239579 ], [ 55.2914346, 25.239606 ], [ 55.2914948, 25.2397037 ], [ 55.2915483, 25.2396767 ], [ 55.2914881, 25.239579 ] ] ], [ [ [ 55.2914192, 25.2469439 ], [ 55.291445, 25.2468015 ], [ 55.2912094, 25.2467666 ], [ 55.2911904, 25.2468719 ], [ 55.2912419, 25.2468795 ], [ 55.2912369, 25.246907 ], [ 55.2913548, 25.246905 ], [ 55.2913496, 25.2469336 ], [ 55.2914192, 25.2469439 ] ] ], [ [ [ 55.291109356621064, 25.248058523247291 ], [ 55.291213300907913, 25.248150875792096 ], [ 55.2914187, 25.2479699 ], [ 55.2912824, 25.2478488 ], [ 55.291078734745867, 25.248028178679505 ], [ 55.2910615, 25.2480111 ], [ 55.290989400903349, 25.248064575757269 ], [ 55.291121900890538, 25.248195875776961 ], [ 55.291194, 25.2481424 ], [ 55.291109356621064, 25.248058523247291 ] ] ], [ [ [ 55.291349061112328, 25.240578762086301 ], [ 55.29152, 25.240494 ], [ 55.2914976, 25.2404568 ], [ 55.291326761114689, 25.240541662084841 ], [ 55.291349061112328, 25.240578762086301 ] ] ], [ [ [ 55.291305737556542, 25.249217185332622 ], [ 55.291395569084948, 25.249217185332618 ], [ 55.291395569084948, 25.249172269568419 ], [ 55.291305737556542, 25.249172269568415 ], [ 55.291305737556542, 25.249217185332622 ] ] ], [ [ [ 55.291076801326852, 25.254818789708981 ], [ 55.29091, 25.254664 ], [ 55.290654199550175, 25.254896375625648 ], [ 55.291020299519907, 25.255232475680376 ], [ 55.2911211, 25.2552189 ], [ 55.2913127, 25.2550377 ], [ 55.291093296964142, 25.254834097439748 ], [ 55.291166632855862, 25.254834097437886 ], [ 55.291215906028128, 25.254786740094168 ], [ 55.291215906028128, 25.254741824329955 ], [ 55.291170990263922, 25.254696908565752 ], [ 55.291076801330796, 25.254699350142829 ], [ 55.291076801326852, 25.254818789708981 ] ] ], [ [ [ 55.291350653320748, 25.252091794241803 ], [ 55.291121311861183, 25.25209446295003 ], [ 55.290986564558629, 25.252274126001922 ], [ 55.290986564554998, 25.252363957530115 ], [ 55.291305737556542, 25.252226541534423 ], [ 55.291350653320748, 25.252181625770213 ], [ 55.291350653320748, 25.252091794241803 ] ] ], [ [ [ 55.2915563, 25.2370364 ], [ 55.2913827, 25.2367505 ], [ 55.2913412, 25.2367712 ], [ 55.2915148, 25.237057 ], [ 55.2915563, 25.2370364 ] ] ], [ [ [ 55.29108220066432, 25.24934617575747 ], [ 55.291167400646756, 25.249478775769596 ], [ 55.2913668, 25.2493732 ], [ 55.2912816, 25.2492406 ], [ 55.29108220066432, 25.24934617575747 ] ] ], [ [ [ 55.2915581, 25.2339274 ], [ 55.291509161717158, 25.233951362133563 ], [ 55.291533061714475, 25.23399276213512 ], [ 55.2915819, 25.2339688 ], [ 55.2915581, 25.2339274 ] ] ], [ [ [ 55.2916214, 25.2309803 ], [ 55.2915989, 25.2308685 ], [ 55.2914942, 25.2306843 ], [ 55.291139068334097, 25.230875147038198 ], [ 55.291063968169119, 25.230942146933199 ], [ 55.290957867809361, 25.231116546777383 ], [ 55.290933167610596, 25.231229546734308 ], [ 55.290938067420441, 25.23135164672928 ], [ 55.29104176714479, 25.231576046844523 ], [ 55.291246267420505, 25.231502847120172 ], [ 55.2914949, 25.2313592 ], [ 55.2916214, 25.2309803 ] ] ], [ [ [ 55.291305737556542, 25.252900277997508 ], [ 55.291305737556542, 25.252765530704892 ], [ 55.291260821792335, 25.252765530704895 ], [ 55.291260821792335, 25.252675699176486 ], [ 55.291126074499715, 25.252675699176475 ], [ 55.291126074499715, 25.252810446469095 ], [ 55.291170990263922, 25.252810446469098 ], [ 55.291170990263922, 25.252855362233305 ], [ 55.291215906028128, 25.252855362233301 ], [ 55.291215906028128, 25.252900277997504 ], [ 55.291305737556542, 25.252900277997508 ] ] ], [ [ [ 55.2913193, 25.2471329 ], [ 55.2913807, 25.2471033 ], [ 55.2913536, 25.2470572 ], [ 55.2912922, 25.2470868 ], [ 55.2913193, 25.2471329 ] ] ], [ [ [ 55.2913915, 25.2408239 ], [ 55.2914579, 25.2407692 ], [ 55.2913683, 25.2406292 ], [ 55.2912241610954, 25.240705062076323 ], [ 55.291323361085809, 25.240860062082895 ], [ 55.2913915, 25.2408239 ] ] ], [ [ [ 55.291426561655861, 25.23459046212399 ], [ 55.291451061653255, 25.234631362125601 ], [ 55.2915388, 25.2345875 ], [ 55.2915143, 25.2345466 ], [ 55.291426561655861, 25.23459046212399 ] ] ], [ [ [ 55.291337661107946, 25.24062176208523 ], [ 55.2914021, 25.2405939 ], [ 55.2913876, 25.2405642 ], [ 55.291323061110049, 25.240591262084298 ], [ 55.291337661107946, 25.24062176208523 ] ] ], [ [ [ 55.2914021, 25.2405939 ], [ 55.29136676111019, 25.240611162087458 ], [ 55.291416061104478, 25.240698662090665 ], [ 55.2914514, 25.2406813 ], [ 55.2914021, 25.2405939 ] ] ], [ [ [ 55.2913662, 25.2402966 ], [ 55.2911856, 25.2403895 ], [ 55.2912724, 25.2405274 ], [ 55.291453, 25.2404344 ], [ 55.2913662, 25.2402966 ] ] ], [ [ [ 55.291443161320665, 25.238315162105387 ], [ 55.2914808, 25.2382608 ], [ 55.2914154, 25.2381534 ], [ 55.291238861318192, 25.238242362090539 ], [ 55.291306161311198, 25.238352962094968 ], [ 55.291351761312512, 25.238360762098324 ], [ 55.291443161320665, 25.238315162105387 ] ] ], [ [ [ 55.291440484849154, 25.239335717207304 ], [ 55.291440484849154, 25.239290801443094 ], [ 55.291350653320748, 25.239290801443101 ], [ 55.291350653320748, 25.239335717207311 ], [ 55.291440484849154, 25.239335717207304 ] ] ], [ [ [ 55.291444981583581, 25.232473410402786 ], [ 55.291485981579783, 25.232542710405085 ], [ 55.2915345, 25.2325177 ], [ 55.2914913, 25.2324477 ], [ 55.291444981583581, 25.232473410402786 ] ] ], [ [ [ 55.291222, 25.2541495 ], [ 55.2911668, 25.2541289 ], [ 55.2911309, 25.2542497 ], [ 55.2911696, 25.2542641 ], [ 55.291222, 25.2541495 ] ] ], [ [ [ 55.291388864387677, 25.233478848562768 ], [ 55.291422264383556, 25.233541748564882 ], [ 55.2915077, 25.2335033 ], [ 55.2914744, 25.2334404 ], [ 55.291388864387677, 25.233478848562768 ] ] ], [ [ [ 55.2911656, 25.2501102 ], [ 55.291028500497148, 25.250184175739317 ], [ 55.291173600487745, 25.250303975761163 ], [ 55.2912613, 25.2502565 ], [ 55.2911656, 25.2501102 ] ] ], [ [ [ 55.291362961386653, 25.237544262103512 ], [ 55.2914314, 25.2375082 ], [ 55.2913999, 25.2374587 ], [ 55.291331461389731, 25.237494662101426 ], [ 55.291362961386653, 25.237544262103512 ] ] ], [ [ [ 55.2913505, 25.2386622 ], [ 55.2913615, 25.2386796 ], [ 55.2914142, 25.2386526 ], [ 55.2913454, 25.2385428 ], [ 55.29131430000001, 25.2385587 ], [ 55.2912998, 25.2385354 ], [ 55.2912089, 25.238582 ], [ 55.2912257, 25.2386087 ], [ 55.2911826, 25.2386308 ], [ 55.2912495, 25.2387374 ], [ 55.2913505, 25.2386622 ] ] ], [ [ [ 55.2912823, 25.2397413 ], [ 55.291142602513744, 25.239810275876003 ], [ 55.291081802486794, 25.239919875865024 ], [ 55.291190702466949, 25.240075975880661 ], [ 55.2913431, 25.2399893 ], [ 55.2913878, 25.2399207 ], [ 55.2912823, 25.2397413 ] ] ], [ [ [ 55.291028500568999, 25.249812675743566 ], [ 55.291095000572049, 25.249829575754006 ], [ 55.2912472, 25.2497421 ], [ 55.2911709, 25.2496129 ], [ 55.2911104, 25.2495931 ], [ 55.290988700595108, 25.249658175738965 ], [ 55.290966800583419, 25.249707875734899 ], [ 55.291028500568999, 25.249812675743566 ] ] ], [ [ [ 55.2911508, 25.2537291 ], [ 55.291182, 25.2536605 ], [ 55.2911478, 25.2536477 ], [ 55.2911166, 25.2537164 ], [ 55.2911508, 25.2537291 ] ] ], [ [ [ 55.2913664, 25.2380278 ], [ 55.2913189, 25.238054 ], [ 55.2913524, 25.2381036 ], [ 55.2913998, 25.2380773 ], [ 55.2913664, 25.2380278 ] ] ], [ [ [ 55.291334761723128, 25.233799462121354 ], [ 55.2914106, 25.233902 ], [ 55.2914574, 25.233879 ], [ 55.2914175, 25.233758 ], [ 55.291334761723128, 25.233799462121354 ] ] ], [ [ [ 55.290383520957782, 25.233851606885676 ], [ 55.290964220921104, 25.234848306907399 ], [ 55.2914372, 25.2346223 ], [ 55.291016973050091, 25.233900909743955 ], [ 55.291081158735508, 25.233900909738377 ], [ 55.291081158735508, 25.233811078209971 ], [ 55.291036242971302, 25.233811078209964 ], [ 55.291036242971302, 25.233855993974178 ], [ 55.290991327207109, 25.233856884042385 ], [ 55.2908566, 25.2336256 ], [ 55.290383520957782, 25.233851606885676 ] ] ], [ [ [ 55.2912525, 25.2375433 ], [ 55.291153261372898, 25.237593862087614 ], [ 55.291243861363611, 25.237741262093579 ], [ 55.2913342, 25.2376951 ], [ 55.2913574, 25.2376528 ], [ 55.2913025, 25.2375635 ], [ 55.2912525, 25.2375433 ] ] ], [ [ [ 55.291291261394576, 25.237421162098816 ], [ 55.2913608, 25.2373878 ], [ 55.2912958, 25.2372738 ], [ 55.291226261401981, 25.237307262094578 ], [ 55.291291261394576, 25.237421162098816 ] ] ], [ [ [ 55.291131161020488, 25.241489862065201 ], [ 55.2912969, 25.2414073 ], [ 55.291169, 25.2411958 ], [ 55.291003361033908, 25.241278362056782 ], [ 55.291131161020488, 25.241489862065201 ] ] ], [ [ [ 55.291305737556542, 25.234215320087824 ], [ 55.291305737556542, 25.23426023585203 ], [ 55.291395569084948, 25.234260235852034 ], [ 55.291395569084948, 25.234215320087824 ], [ 55.291305737556542, 25.234215320087824 ] ] ], [ [ [ 55.29106566176339, 25.233220962104369 ], [ 55.291323861735179, 25.233660462121286 ], [ 55.2913826, 25.2336314 ], [ 55.2911243, 25.2331919 ], [ 55.29106566176339, 25.233220962104369 ] ] ], [ [ [ 55.291170990263922, 25.239156054150484 ], [ 55.291170990263922, 25.239066222622071 ], [ 55.291260821792335, 25.239066222622068 ], [ 55.291260821792335, 25.239021306857865 ], [ 55.291305737556542, 25.239021306857865 ], [ 55.291305737556542, 25.238931475329458 ], [ 55.291126074499715, 25.238931475329451 ], [ 55.291126074499715, 25.238976391093662 ], [ 55.291081158735508, 25.238976391093665 ], [ 55.291081158735508, 25.239111138386278 ], [ 55.291126074499715, 25.239111138386271 ], [ 55.291126074499715, 25.239156054150488 ], [ 55.291081158735508, 25.239156054150481 ], [ 55.291081158735508, 25.239245885678887 ], [ 55.291126074499715, 25.239245885678887 ], [ 55.291126074499715, 25.239290801443094 ], [ 55.291170990263922, 25.239290801443101 ], [ 55.291170990263922, 25.239335717207304 ], [ 55.291215906028128, 25.239335717207307 ], [ 55.291215906028128, 25.239290801443097 ], [ 55.291260821792335, 25.239290801443101 ], [ 55.291260821792335, 25.239200969914698 ], [ 55.291215906028128, 25.239200969914698 ], [ 55.291215906028128, 25.239156054150484 ], [ 55.291170990263922, 25.239156054150484 ] ] ], [ [ [ 55.29120480000001, 25.2405556 ], [ 55.291118961100565, 25.240596262069044 ], [ 55.29113566109276, 25.240690962069788 ], [ 55.291278, 25.2406242 ], [ 55.2912442, 25.2405643 ], [ 55.29120480000001, 25.2405556 ] ] ], [ [ [ 55.291214361270569, 25.238758362085957 ], [ 55.291240761267957, 25.238800262087707 ], [ 55.291299, 25.2387697 ], [ 55.2912726, 25.2387278 ], [ 55.291214361270569, 25.238758362085957 ] ] ], [ [ [ 55.291305737556542, 25.238167907337957 ], [ 55.291305737556542, 25.238078075809543 ], [ 55.291170990263922, 25.238078075809543 ], [ 55.291170990263922, 25.238167907337957 ], [ 55.291305737556542, 25.238167907337957 ] ] ], [ [ [ 55.2911427, 25.2490041 ], [ 55.2909748, 25.2488521 ], [ 55.290785000700012, 25.249015775713708 ], [ 55.29095280068654, 25.249167775738822 ], [ 55.2911427, 25.2490041 ] ] ], [ [ [ 55.291299, 25.2377759 ], [ 55.2912501, 25.2377689 ], [ 55.2912457, 25.237794 ], [ 55.2912947, 25.2378009 ], [ 55.291299, 25.2377759 ] ] ], [ [ [ 55.291115902521028, 25.239759475872319 ], [ 55.291138702515511, 25.239799275875505 ], [ 55.2912666, 25.2397372 ], [ 55.2912438, 25.2396974 ], [ 55.291115902521028, 25.239759475872319 ] ] ], [ [ [ 55.291192224001868, 25.240788636901112 ], [ 55.2912282, 25.2407695 ], [ 55.2911693, 25.2406774 ], [ 55.29103106108056, 25.240774862061539 ], [ 55.291130561070943, 25.240930262068137 ], [ 55.2912445, 25.2408702 ], [ 55.291192224001868, 25.240788636901112 ] ] ], [ [ [ 55.291182661318928, 25.238206762086534 ], [ 55.291208761315993, 25.238252062088229 ], [ 55.2912653, 25.2382245 ], [ 55.2912392, 25.238179099999989 ], [ 55.291182661318928, 25.238206762086534 ] ] ], [ [ [ 55.290867100853426, 25.248262775735444 ], [ 55.290949600845586, 25.248343775747717 ], [ 55.2911199, 25.2482083 ], [ 55.2910374, 25.2481272 ], [ 55.290867100853426, 25.248262775735444 ] ] ], [ [ [ 55.291004073734669, 25.24713798755695 ], [ 55.291024101080829, 25.247163775773103 ], [ 55.2910919, 25.2471588 ], [ 55.2911372, 25.2469462 ], [ 55.291038822661243, 25.246950501597187 ], [ 55.2910461, 25.2468939 ], [ 55.2908307, 25.2468409 ], [ 55.290735701068115, 25.247088075727842 ], [ 55.290978301077089, 25.247160675765812 ], [ 55.291004073734669, 25.24713798755695 ] ] ], [ [ [ 55.291215906028128, 25.238437401923186 ], [ 55.291177077325287, 25.238437401923989 ], [ 55.2912488, 25.2383608 ], [ 55.2911846, 25.2382581 ], [ 55.291009161298561, 25.238347262072839 ], [ 55.29107776129171, 25.238456962077368 ], [ 55.291170990263993, 25.23844054693058 ], [ 55.291170990263922, 25.238527233451595 ], [ 55.291215906028128, 25.238527233451592 ], [ 55.291215906028128, 25.238437401923186 ] ] ], [ [ [ 55.291129661382875, 25.237471762086493 ], [ 55.2912577, 25.2374108 ], [ 55.2911538, 25.2372293 ], [ 55.291038562859747, 25.237284076230676 ], [ 55.291018114397531, 25.237247784084989 ], [ 55.291182, 25.2371658 ], [ 55.2911223, 25.2370672 ], [ 55.29097246140563, 25.237142262076521 ], [ 55.291011759304425, 25.237250098072042 ], [ 55.290954961392544, 25.237278762074478 ], [ 55.291021261385566, 25.237388662078843 ], [ 55.291058388052875, 25.237369733757056 ], [ 55.291100342702464, 25.237431621085133 ], [ 55.291060061381593, 25.237451662081401 ], [ 55.291119461375011, 25.237553762085291 ], [ 55.2911628, 25.2375323 ], [ 55.291129661382875, 25.237471762086493 ] ] ], [ [ [ 55.291126074499715, 25.246746818301293 ], [ 55.291081158735508, 25.246701902537087 ], [ 55.290986362127306, 25.246704684816063 ], [ 55.290941446360279, 25.246749600578603 ], [ 55.290941446358389, 25.246794516342693 ], [ 55.291126074499715, 25.246791734065489 ], [ 55.291126074499715, 25.246746818301293 ] ] ], [ [ [ 55.290826602537955, 25.239529975828681 ], [ 55.290814702519747, 25.239618375825764 ], [ 55.290899102512569, 25.239696875838369 ], [ 55.291110040266524, 25.239586529805258 ], [ 55.29114180254588, 25.239643675877776 ], [ 55.29122490000001, 25.2396048 ], [ 55.2911015, 25.2393845 ], [ 55.2910177, 25.2393666 ], [ 55.29099490258303, 25.2393793758573 ], [ 55.291089586755284, 25.239549730217291 ], [ 55.2910043, 25.2394152 ], [ 55.290868402555759, 25.239458375836175 ], [ 55.290826602537955, 25.239529975828681 ] ] ], [ [ [ 55.290827200606735, 25.249518775714723 ], [ 55.29090670058833, 25.249652975725908 ], [ 55.2910815, 25.2495666 ], [ 55.291002, 25.2494324 ], [ 55.290827200606735, 25.249518775714723 ] ] ], [ [ [ 55.2909519, 25.2405364 ], [ 55.290922, 25.2404914 ], [ 55.290856661095198, 25.240527062049839 ], [ 55.290873868315899, 25.240552993700838 ], [ 55.290825761089096, 25.240579462047258 ], [ 55.290854461086496, 25.240622362049177 ], [ 55.29090235485085, 25.240595923493284 ], [ 55.290920761089311, 25.240623662054116 ], [ 55.290958066140412, 25.240585879521969 ], [ 55.291009061090179, 25.240657462060515 ], [ 55.2912056, 25.2405432 ], [ 55.2911303, 25.2404374 ], [ 55.2909519, 25.2405364 ] ] ], [ [ [ 55.291022761755535, 25.233287062100811 ], [ 55.291258861729119, 25.233695762116252 ], [ 55.2912904, 25.2336799 ], [ 55.2910543, 25.2332712 ], [ 55.291022761755535, 25.233287062100811 ] ] ], [ [ [ 55.290985956786017, 25.247333732638069 ], [ 55.291081158735508, 25.247330723235976 ], [ 55.291081158735508, 25.247240891707555 ], [ 55.290985956790102, 25.247243901109893 ], [ 55.290985956786017, 25.247333732638069 ] ] ], [ [ [ 55.290923360445291, 25.247762862016266 ], [ 55.291072, 25.2476303 ], [ 55.2909287, 25.2475025 ], [ 55.290780060450473, 25.247635062006253 ], [ 55.290923360445291, 25.247762862016266 ] ] ], [ [ [ 55.2910857, 25.2388117 ], [ 55.2910746, 25.238794 ], [ 55.2911945, 25.2387555 ], [ 55.2911257, 25.2386457 ], [ 55.2910946, 25.2386617 ], [ 55.29108, 25.2386384 ], [ 55.2909892, 25.238685 ], [ 55.2910059, 25.2387116 ], [ 55.2909629, 25.2387337 ], [ 55.2910297, 25.2388404 ], [ 55.2910857, 25.2388117 ] ] ], [ [ [ 55.29095886104858, 25.241093962054446 ], [ 55.2911506, 25.2409888 ], [ 55.2911103, 25.2409282 ], [ 55.290887361049471, 25.24104886204935 ], [ 55.290890061046866, 25.241079162049388 ], [ 55.29095886104858, 25.241093962054446 ] ] ], [ [ [ 55.2910034, 25.2335649 ], [ 55.2910163, 25.2335871 ], [ 55.2911303, 25.2335324 ], [ 55.2909971, 25.2333052 ], [ 55.2910406, 25.2332638 ], [ 55.2909716, 25.2331474 ], [ 55.2908094, 25.2332308 ], [ 55.2909721, 25.2335117 ], [ 55.290888961725678, 25.233552462089417 ], [ 55.290920161722255, 25.23360566209146 ], [ 55.2910034, 25.2335649 ] ] ], [ [ [ 55.2911303, 25.2335324 ], [ 55.291011740740352, 25.233589655184911 ], [ 55.291132140734689, 25.233794955188298 ], [ 55.2912507, 25.2337377 ], [ 55.2911303, 25.2335324 ] ] ], [ [ [ 55.2906152, 25.2505756 ], [ 55.290526300364419, 25.250624075653974 ], [ 55.290662700337364, 25.250830875673426 ], [ 55.290767987836531, 25.250785369132529 ], [ 55.290760769809523, 25.250837502913242 ], [ 55.290805685572565, 25.250882418679186 ], [ 55.290856579914482, 25.250879068608238 ], [ 55.290946411442889, 25.250789237079832 ], [ 55.290921227153284, 25.250719137031581 ], [ 55.2910086, 25.2506715 ], [ 55.2908839, 25.2504825 ], [ 55.2906152, 25.2505756 ] ] ], [ [ [ 55.290897138312218, 25.253576456034629 ], [ 55.290852222545546, 25.253621371797362 ], [ 55.29085222254389, 25.253666287561462 ], [ 55.290946411442889, 25.253663845989006 ], [ 55.290946411442889, 25.253574014460604 ], [ 55.290897138312218, 25.253576456034629 ] ] ], [ [ [ 55.291081158735508, 25.233990741266794 ], [ 55.291170990263922, 25.233990741266794 ], [ 55.291170990263922, 25.233945825502591 ], [ 55.291081158735508, 25.233945825502591 ], [ 55.291081158735508, 25.233990741266794 ] ] ], [ [ [ 55.290915861056597, 25.240983962051818 ], [ 55.2910713, 25.2409207 ], [ 55.2910021, 25.2407983 ], [ 55.290858861064351, 25.240869962048176 ], [ 55.290859561060003, 25.240918562047977 ], [ 55.290915861056597, 25.240983962051818 ] ] ], [ [ [ 55.290542200448606, 25.250196575661391 ], [ 55.290746200479333, 25.250137775694697 ], [ 55.2909055, 25.2500068 ], [ 55.2909453, 25.2498691 ], [ 55.2908039, 25.2497356 ], [ 55.290409000460301, 25.250070775641525 ], [ 55.290542200448606, 25.250196575661391 ] ] ], [ [ [ 55.2910458, 25.2400202 ], [ 55.2909928, 25.2400475 ], [ 55.2910151, 25.2400864 ], [ 55.2910714, 25.2400597 ], [ 55.2910458, 25.2400202 ] ] ], [ [ [ 55.290856579914482, 25.248633280397947 ], [ 55.290946411442889, 25.248633280397943 ], [ 55.290946411442889, 25.248543448869533 ], [ 55.290856579914482, 25.248543448869533 ], [ 55.290856579914482, 25.248633280397947 ] ] ], [ [ [ 55.2909304, 25.2491742 ], [ 55.2908379, 25.2490881 ], [ 55.2908067, 25.2491156 ], [ 55.2908521, 25.2491578 ], [ 55.290813, 25.2491922 ], [ 55.2908601, 25.249236 ], [ 55.2909304, 25.2491742 ] ] ], [ [ [ 55.2909334, 25.2488162 ], [ 55.2907643, 25.2486665 ], [ 55.290575400715468, 25.24883297568228 ], [ 55.290744500702587, 25.248982575707611 ], [ 55.2909334, 25.2488162 ] ] ], [ [ [ 55.290891661416133, 25.236986162071318 ], [ 55.290913761413812, 25.23702276207278 ], [ 55.291089, 25.2369356 ], [ 55.2910354, 25.2368466 ], [ 55.29090616142355, 25.236911062072803 ], [ 55.290937660918836, 25.236963295420736 ], [ 55.290891661416133, 25.236986162071318 ] ] ], [ [ [ 55.2908833, 25.2398168 ], [ 55.290754202462061, 25.23988707581303 ], [ 55.290815302447704, 25.239991375821614 ], [ 55.29092940245269, 25.240021575839492 ], [ 55.2910383, 25.2399618 ], [ 55.2909767, 25.2398539 ], [ 55.2908833, 25.2398168 ] ] ], [ [ [ 55.2910212, 25.2383862 ], [ 55.290807561277035, 25.23848706205705 ], [ 55.290875161270066, 25.238597462061499 ], [ 55.290922661271622, 25.238603562065013 ], [ 55.2910222, 25.238553 ], [ 55.2910532, 25.2385031 ], [ 55.291012671059967, 25.238436888138409 ], [ 55.2910421, 25.2384223 ], [ 55.2910212, 25.2383862 ] ] ], [ [ [ 55.2909309, 25.2467162 ], [ 55.290851501151025, 25.246716075750609 ], [ 55.290826201131146, 25.246806475745526 ], [ 55.2909057, 25.2468066 ], [ 55.2909309, 25.2467162 ] ] ], [ [ [ 55.2908256, 25.2540664 ], [ 55.2907798, 25.2540554 ], [ 55.2907669, 25.2540992 ], [ 55.2908128, 25.2541102 ], [ 55.2908256, 25.2540664 ] ] ], [ [ [ 55.290901495678682, 25.245534092667732 ], [ 55.290901495678682, 25.245399345375112 ], [ 55.290946411442889, 25.24539934537512 ], [ 55.290946411442889, 25.245354429610906 ], [ 55.290901495678682, 25.245354429610906 ], [ 55.290901495678682, 25.245309513846703 ], [ 55.290811664150276, 25.245309513846703 ], [ 55.290811664150276, 25.245354429610906 ], [ 55.290766748386069, 25.245354429610906 ], [ 55.290766748386069, 25.245444261139316 ], [ 55.290811664150276, 25.245444261139323 ], [ 55.290811664150276, 25.245534092667725 ], [ 55.290901495678682, 25.245534092667732 ] ] ], [ [ [ 55.2909679, 25.2401368 ], [ 55.2909115, 25.2401623 ], [ 55.2909574, 25.2402453 ], [ 55.2910137, 25.2402198 ], [ 55.2909679, 25.2401368 ] ] ], [ [ [ 55.290944861077108, 25.240770762055124 ], [ 55.2910049, 25.2407386 ], [ 55.2909451, 25.2406463 ], [ 55.290885061082804, 25.240678362051167 ], [ 55.290944861077108, 25.240770762055124 ] ] ], [ [ [ 55.29101, 25.2370404 ], [ 55.29094460000001, 25.2370728 ], [ 55.2909831, 25.2371363 ], [ 55.2910485, 25.2371039 ], [ 55.29101, 25.2370404 ] ] ], [ [ [ 55.290704360431896, 25.247803861999699 ], [ 55.290731468474355, 25.247827733796068 ], [ 55.290696260426969, 25.247854561998832 ], [ 55.290736660425189, 25.24789396200164 ], [ 55.2908906, 25.2477733 ], [ 55.2908051, 25.2476881 ], [ 55.290704360431896, 25.247803861999699 ] ] ], [ [ [ 55.290773299727768, 25.254036775654519 ], [ 55.2908016, 25.2539824 ], [ 55.290753, 25.2539771 ], [ 55.290724699724159, 25.254031575646806 ], [ 55.290773299727768, 25.254036775654519 ] ] ], [ [ [ 55.2909768, 25.2383147 ], [ 55.290904, 25.2383472 ], [ 55.2909383, 25.2384099 ], [ 55.2910111, 25.2383774 ], [ 55.2909768, 25.2383147 ] ] ], [ [ [ 55.290991327207095, 25.23807807580954 ], [ 55.290991327207095, 25.23798824428113 ], [ 55.290901495678682, 25.237988244281127 ], [ 55.290901495678682, 25.238078075809543 ], [ 55.290991327207095, 25.23807807580954 ] ] ], [ [ [ 55.2909437, 25.236755 ], [ 55.290837579183702, 25.236809727259679 ], [ 55.290813, 25.2367693 ], [ 55.290691461421311, 25.236830462057217 ], [ 55.290724861417829, 25.236885462059412 ], [ 55.29081677068914, 25.236839324005008 ], [ 55.290842461417803, 25.236943462067877 ], [ 55.2910082, 25.2368583 ], [ 55.2909437, 25.236755 ] ] ], [ [ [ 55.290811664150276, 25.250429910966183 ], [ 55.290761479150255, 25.250432863570634 ], [ 55.290761479148244, 25.250477779334719 ], [ 55.290811664150276, 25.25047482673039 ], [ 55.290811664150276, 25.250429910966183 ] ] ], [ [ [ 55.290903661260742, 25.238714762063012 ], [ 55.2909706, 25.238683 ], [ 55.2909291, 25.2386088 ], [ 55.290862061265599, 25.238640562060301 ], [ 55.290903661260742, 25.238714762063012 ] ] ], [ [ [ 55.2909543, 25.2392593 ], [ 55.2907881, 25.2389952 ], [ 55.290654, 25.2390642 ], [ 55.2907976, 25.23934 ], [ 55.2909543, 25.2392593 ] ] ], [ [ [ 55.2909439, 25.238264799999989 ], [ 55.2908998, 25.2382845 ], [ 55.2909225, 25.238326 ], [ 55.29096650000001, 25.2383063 ], [ 55.2909439, 25.238264799999989 ] ] ], [ [ [ 55.290781361063999, 25.240835962042578 ], [ 55.2909279, 25.2407595 ], [ 55.2908601, 25.2406526 ], [ 55.290713561070625, 25.24072916203809 ], [ 55.290781361063999, 25.240835962042578 ] ] ], [ [ [ 55.2909631, 25.2303945 ], [ 55.290945839546453, 25.230443911971996 ], [ 55.2910516, 25.2304636 ], [ 55.2910642, 25.2304169 ], [ 55.2909631, 25.2303945 ] ] ], [ [ [ 55.290734860424195, 25.247904062001449 ], [ 55.290775860422698, 25.247940862004317 ], [ 55.2908189, 25.2479054 ], [ 55.2907778, 25.2478686 ], [ 55.290734860424195, 25.247904062001449 ] ] ], [ [ [ 55.290423100655204, 25.249069875655206 ], [ 55.290596200640437, 25.249231175681057 ], [ 55.2907957, 25.2490763 ], [ 55.2906259, 25.2489125 ], [ 55.290423100655204, 25.249069875655206 ] ] ], [ [ [ 55.290587085329243, 25.247375639000172 ], [ 55.290407422272416, 25.247375639000175 ], [ 55.290309889732363, 25.247469785860648 ], [ 55.290309889720625, 25.247649448916778 ], [ 55.29033671665249, 25.2476762758563 ], [ 55.290279260419744, 25.247729861968359 ], [ 55.290260960411672, 25.247810361966582 ], [ 55.290388660407203, 25.247922461975502 ], [ 55.2905628, 25.2477641 ], [ 55.290469206777253, 25.24768204873714 ], [ 55.290607371807958, 25.247612791379549 ], [ 55.290655160443116, 25.247655361996813 ], [ 55.290811664150276, 25.247510386292799 ], [ 55.290811664150276, 25.247465470528585 ], [ 55.290587085329243, 25.247375639000172 ] ] ], [ [ [ 55.290624701095432, 25.246892275712323 ], [ 55.2907506, 25.246893 ], [ 55.2908204, 25.2466662 ], [ 55.2907134, 25.2466551 ], [ 55.290594001124219, 25.246728375709289 ], [ 55.290578701103875, 25.246826075705723 ], [ 55.290609140530208, 25.246869882032172 ], [ 55.2905136, 25.246859 ], [ 55.290484301077051, 25.246918475689569 ], [ 55.290587901084592, 25.246930275706003 ], [ 55.290624701095432, 25.246892275712323 ] ] ], [ [ [ 55.290856579914482, 25.237179760525422 ], [ 55.290856579914482, 25.237224676289628 ], [ 55.290901495678682, 25.237224676289625 ], [ 55.290901495678682, 25.237269592053835 ], [ 55.290946411442889, 25.237269592053831 ], [ 55.290946411442889, 25.237179760525422 ], [ 55.290856579914482, 25.237179760525422 ] ] ], [ [ [ 55.29078, 25.247206599999988 ], [ 55.2908049, 25.24712 ], [ 55.2907326, 25.247103 ], [ 55.2907077, 25.2471896 ], [ 55.29078, 25.247206599999988 ] ] ], [ [ [ 55.290873961597576, 25.23496556208076 ], [ 55.290903061594378, 25.23501526208268 ], [ 55.2909678, 25.2349834 ], [ 55.2909387, 25.2349336 ], [ 55.290873961597576, 25.23496556208076 ] ] ], [ [ [ 55.290632001093449, 25.249351932625235 ], [ 55.290721832621863, 25.249351932625238 ], [ 55.290721832621863, 25.249307016861032 ], [ 55.290766748386069, 25.249307016861035 ], [ 55.290766748386069, 25.249262101096825 ], [ 55.290721832621863, 25.249262101096829 ], [ 55.290721832621863, 25.249217185332622 ], [ 55.290632001093449, 25.249217185332618 ], [ 55.290632001093449, 25.249262101096829 ], [ 55.290587085329243, 25.249262101096829 ], [ 55.290587085329243, 25.249307016861035 ], [ 55.290632001093449, 25.249307016861028 ], [ 55.290632001093449, 25.249351932625235 ] ] ], [ [ [ 55.2907139, 25.2378723 ], [ 55.2907739, 25.2379539 ], [ 55.2909212, 25.2379193 ], [ 55.2908456, 25.2377999 ], [ 55.290727198354872, 25.237861238378002 ], [ 55.2907793, 25.2378179 ], [ 55.29074, 25.2377516 ], [ 55.290617902850151, 25.237812375814922 ], [ 55.290667702838618, 25.23789647582192 ], [ 55.2907139, 25.2378723 ] ] ], [ [ [ 55.2905324, 25.2488021 ], [ 55.2907622, 25.2486023 ], [ 55.2904511, 25.2483096 ], [ 55.290198400739783, 25.248522275625525 ], [ 55.290509600712724, 25.248814875671954 ], [ 55.2905324, 25.2488021 ] ] ], [ [ [ 55.2907909, 25.2376975 ], [ 55.290816, 25.2377417 ], [ 55.2909142, 25.2376959 ], [ 55.290889, 25.2376517 ], [ 55.2907909, 25.2376975 ] ] ], [ [ [ 55.290829061285002, 25.238409362059063 ], [ 55.290851561282558, 25.238447462060545 ], [ 55.2909017, 25.2384224 ], [ 55.2908793, 25.2383843 ], [ 55.290829061285002, 25.238409362059063 ] ] ], [ [ [ 55.2906754, 25.2544232 ], [ 55.290615004582122, 25.254367403592536 ], [ 55.2906503, 25.2543409 ], [ 55.290619, 25.254312 ], [ 55.2904666, 25.2544222 ], [ 55.2905694, 25.2545171 ], [ 55.2906754, 25.2544232 ] ] ], [ [ [ 55.2907589, 25.2469587 ], [ 55.290580301081476, 25.246942675704648 ], [ 55.290550301049549, 25.247093075698128 ], [ 55.2907288, 25.2471075 ], [ 55.2907589, 25.2469587 ] ] ], [ [ [ 55.290716664893729, 25.246390388020068 ], [ 55.290766748386069, 25.246387492187644 ], [ 55.290766748386069, 25.246252744895028 ], [ 55.290721832621863, 25.246207829130825 ], [ 55.290671749136436, 25.246210724962086 ], [ 55.290671749130524, 25.246345472254351 ], [ 55.290716664893729, 25.246390388020068 ] ] ], [ [ [ 55.290686061071433, 25.240706662036153 ], [ 55.2908457, 25.2406174 ], [ 55.290822, 25.2405827 ], [ 55.290662361073508, 25.240672062034562 ], [ 55.290686061071433, 25.240706662036153 ] ] ], [ [ [ 55.2906189, 25.2503865 ], [ 55.290461800389359, 25.250463475645482 ], [ 55.290543000372466, 25.25059067565703 ], [ 55.2906973, 25.2505092 ], [ 55.2906189, 25.2503865 ] ] ], [ [ [ 55.290798361230578, 25.238997562053633 ], [ 55.2908531, 25.238969 ], [ 55.2907942, 25.2388752 ], [ 55.290710561233809, 25.238918662047514 ], [ 55.290747561230127, 25.238977662049951 ], [ 55.290798361230578, 25.238997562053633 ] ] ], [ [ [ 55.2905053, 25.253865 ], [ 55.290317, 25.2540356 ], [ 55.2904743, 25.2541776 ], [ 55.2906245, 25.2540415 ], [ 55.2906024, 25.2540216 ], [ 55.2906405, 25.2539871 ], [ 55.2905053, 25.253865 ] ] ], [ [ [ 55.290571360403405, 25.24805426198844 ], [ 55.2907222, 25.2479207 ], [ 55.29059680000001, 25.2478081 ], [ 55.290445960408015, 25.247941661979684 ], [ 55.290571360403405, 25.24805426198844 ] ] ], [ [ [ 55.2906507, 25.2414715 ], [ 55.2908005, 25.241395 ], [ 55.2905725, 25.2410294 ], [ 55.2904301, 25.2411291 ], [ 55.2904806, 25.2412101 ], [ 55.2905401, 25.2411797 ], [ 55.2905509, 25.2411971 ], [ 55.2904967, 25.2412248 ], [ 55.2905378, 25.2412906 ], [ 55.2905989, 25.2412801 ], [ 55.2905434, 25.2413084 ], [ 55.2905899, 25.241383 ], [ 55.2906476, 25.2413535 ], [ 55.290661, 25.241375 ], [ 55.2906076, 25.2414023 ], [ 55.2906507, 25.2414715 ] ] ], [ [ [ 55.2907837, 25.233555 ], [ 55.2909094, 25.2334862 ], [ 55.2907732, 25.2332694 ], [ 55.2902624, 25.2335442 ], [ 55.2903244, 25.2336376 ], [ 55.2907011, 25.2334316 ], [ 55.2907837, 25.233555 ] ] ], [ [ [ 55.290546500519739, 25.249830875666259 ], [ 55.2906818, 25.249717 ], [ 55.2906813, 25.2496291 ], [ 55.290549, 25.2495764 ], [ 55.290405800531161, 25.249702775645222 ], [ 55.290546500519739, 25.249830875666259 ] ] ], [ [ [ 55.290794802812172, 25.238095675839968 ], [ 55.2908444, 25.2380693 ], [ 55.2907805, 25.2379657 ], [ 55.290730802826126, 25.23799207583092 ], [ 55.290794802812172, 25.238095675839968 ] ] ], [ [ [ 55.290678902412466, 25.240106675798476 ], [ 55.2908102, 25.2400383 ], [ 55.2907237, 25.2399002 ], [ 55.29054250242126, 25.239994275777939 ], [ 55.290595002410058, 25.240077975785386 ], [ 55.290678902412466, 25.240106675798476 ] ] ], [ [ [ 55.2907966, 25.2348269 ], [ 55.2908816, 25.2347847 ], [ 55.2908539, 25.2347392 ], [ 55.290769, 25.2347815 ], [ 55.2907966, 25.2348269 ] ] ], [ [ [ 55.290645761430625, 25.236704862054484 ], [ 55.290690361425874, 25.236779362057405 ], [ 55.2908526, 25.2366991 ], [ 55.290808, 25.2366246 ], [ 55.290645761430625, 25.236704862054484 ] ] ], [ [ [ 55.290811664150276, 25.239560296028341 ], [ 55.290811664150276, 25.239515380264134 ], [ 55.290721832621863, 25.239515380264134 ], [ 55.290721832621863, 25.239560296028333 ], [ 55.290811664150276, 25.239560296028341 ] ] ], [ [ [ 55.290706261450218, 25.236517262059991 ], [ 55.290748061446358, 25.23658056206277 ], [ 55.2908481, 25.2365264 ], [ 55.2908064, 25.236463 ], [ 55.290706261450218, 25.236517262059991 ] ] ], [ [ [ 55.290632001093449, 25.251552805071331 ], [ 55.290536697609056, 25.25155587122579 ], [ 55.290536697602796, 25.251690618518033 ], [ 55.290632001093449, 25.251687552363951 ], [ 55.290632001093449, 25.251552805071331 ] ] ], [ [ [ 55.290638561581424, 25.235029162062865 ], [ 55.290694761575516, 25.235122262066568 ], [ 55.2908611, 25.2350394 ], [ 55.2908048, 25.2349463 ], [ 55.290638561581424, 25.235029162062865 ] ] ], [ [ [ 55.2904318, 25.254969 ], [ 55.290289598987442, 25.255021251135574 ], [ 55.289790498747614, 25.255396250967301 ], [ 55.289810598664374, 25.255621250968595 ], [ 55.289953598694112, 25.255614551014506 ], [ 55.2901245, 25.2555247 ], [ 55.2905798, 25.2551026 ], [ 55.2904318, 25.254969 ] ] ], [ [ [ 55.290707112823867, 25.239319884920693 ], [ 55.2906175, 25.2393522 ], [ 55.2906469, 25.2394034 ], [ 55.290779, 25.2393576 ], [ 55.2907439, 25.2393008 ], [ 55.290707112823867, 25.239319884920693 ] ] ], [ [ [ 55.2905589, 25.2538 ], [ 55.2905302, 25.2538241 ], [ 55.2905452, 25.2538387 ], [ 55.2905739, 25.2538147 ], [ 55.2905589, 25.2538 ] ] ], [ [ [ 55.290554402879195, 25.237630975806834 ], [ 55.290640402860149, 25.23777167581898 ], [ 55.2907966, 25.2376922 ], [ 55.2907114, 25.2375966 ], [ 55.2906493, 25.2375822 ], [ 55.290554402879195, 25.237630975806834 ] ] ], [ [ [ 55.290310360660541, 25.245076661984822 ], [ 55.290276960646452, 25.245216361981594 ], [ 55.290552760653803, 25.245270362001889 ], [ 55.290580397747263, 25.24519330467875 ], [ 55.290580397740968, 25.245268345627746 ], [ 55.290625313506425, 25.245268345629853 ], [ 55.290676916857656, 25.245219682318286 ], [ 55.290676916857656, 25.245084935025666 ], [ 55.290610245662144, 25.24508752367392 ], [ 55.2906275, 25.2449997 ], [ 55.290598847140004, 25.244995103498582 ], [ 55.290632001093449, 25.244995103497256 ], [ 55.290632001093449, 25.244950187733057 ], [ 55.290676916857656, 25.244950187733057 ], [ 55.290676916857656, 25.244905271968847 ], [ 55.290632001093449, 25.244905271968847 ], [ 55.290632001093449, 25.24486035620464 ], [ 55.290552234762949, 25.244860356207365 ], [ 55.2905682, 25.2447936 ], [ 55.2904463, 25.2447697 ], [ 55.290396160689959, 25.244792761992741 ], [ 55.290382560684222, 25.244849661991424 ], [ 55.290542169565363, 25.244878071566593 ], [ 55.290542169565363, 25.244932397542375 ], [ 55.290454960680528, 25.244926061996427 ], [ 55.290445860666466, 25.245077461994939 ], [ 55.290580397751029, 25.245099044556124 ], [ 55.290580397750546, 25.245121488552666 ], [ 55.290310360660541, 25.245076661984822 ] ], [ [ 55.290554405084784, 25.244987974077574 ], [ 55.290561817022294, 25.24495018773473 ], [ 55.290587085329243, 25.24495018773305 ], [ 55.290587085329264, 25.244993216663257 ], [ 55.290554405084784, 25.244987974077574 ] ] ], [ [ [ 55.290692783691647, 25.238825110774247 ], [ 55.2906285, 25.2387267 ], [ 55.2904917, 25.2387998 ], [ 55.2905372, 25.2388699 ], [ 55.290464661223695, 25.238910062029206 ], [ 55.290527161218137, 25.239002462033376 ], [ 55.2907604, 25.2388735 ], [ 55.290722, 25.2388167 ], [ 55.290692783691647, 25.238825110774247 ] ] ], [ [ [ 55.2905752, 25.247104 ], [ 55.2905626, 25.2471703 ], [ 55.2906183, 25.2471789 ], [ 55.2906308, 25.2471126 ], [ 55.2905752, 25.247104 ] ] ], [ [ [ 55.290721832621863, 25.230622058951344 ], [ 55.290721832621863, 25.230711890479757 ], [ 55.290766748386069, 25.230711890479757 ], [ 55.290766748386069, 25.230666974715554 ], [ 55.290811664150276, 25.23066697471555 ], [ 55.290811664150276, 25.230622058951347 ], [ 55.290856579914482, 25.230622058951344 ], [ 55.290856579914482, 25.230442395894521 ], [ 55.290811664150276, 25.230442395894521 ], [ 55.290811664150276, 25.230487311658727 ], [ 55.290766748386069, 25.230487311658731 ], [ 55.290766748386069, 25.230622058951344 ], [ 55.290721832621863, 25.230622058951344 ] ] ], [ [ [ 55.290676916857656, 25.237000097468602 ], [ 55.290766748386069, 25.237000097468599 ], [ 55.290766748386069, 25.236910265940189 ], [ 55.290676916857656, 25.236910265940185 ], [ 55.290676916857656, 25.237000097468602 ] ] ], [ [ [ 55.290219102863958, 25.237545275754204 ], [ 55.29029820287343, 25.237535075766967 ], [ 55.2907624, 25.2373022 ], [ 55.2904673, 25.2368089 ], [ 55.289908502923637, 25.237084075709802 ], [ 55.290219102863958, 25.237545275754204 ] ] ], [ [ [ 55.290703261596683, 25.234891762068422 ], [ 55.290733561592994, 25.234947462070394 ], [ 55.2907909, 25.2349207 ], [ 55.2907606, 25.234865 ], [ 55.290703261596683, 25.234891762068422 ] ] ], [ [ [ 55.2903688, 25.2507281 ], [ 55.290216832166415, 25.250814654336814 ], [ 55.290295632158355, 25.250927754343142 ], [ 55.2905623, 25.2507758 ], [ 55.2905047, 25.2506932 ], [ 55.2903688, 25.2507281 ] ] ], [ [ [ 55.290721832621863, 25.238706896508429 ], [ 55.290721832621863, 25.238661980744222 ], [ 55.290632001093449, 25.238661980744215 ], [ 55.290632001093449, 25.238706896508429 ], [ 55.290721832621863, 25.238706896508429 ] ] ], [ [ [ 55.290316900471375, 25.249968275627957 ], [ 55.290403500478334, 25.249974775641746 ], [ 55.2905508, 25.2498512 ], [ 55.2904068, 25.2497235 ], [ 55.290267400493491, 25.24982967562163 ], [ 55.29026340047951, 25.249899975620188 ], [ 55.290316900471375, 25.249968275627957 ] ] ], [ [ [ 55.2907263, 25.2348016 ], [ 55.290681561601978, 25.234822462067179 ], [ 55.290699861599691, 25.23485676206835 ], [ 55.2907446, 25.2348359 ], [ 55.2907263, 25.2348016 ] ] ], [ [ [ 55.290676916857656, 25.239650127556754 ], [ 55.290676916857656, 25.239560296028337 ], [ 55.290632001093449, 25.239560296028333 ], [ 55.290632001093449, 25.239650127556747 ], [ 55.290676916857656, 25.239650127556754 ] ] ], [ [ [ 55.2904654, 25.2364653 ], [ 55.2907095, 25.2363439 ], [ 55.2906803, 25.236296 ], [ 55.2904363, 25.2364174 ], [ 55.2904654, 25.2364653 ] ] ], [ [ [ 55.2904977, 25.236452 ], [ 55.2904785, 25.2364807 ], [ 55.290505336390048, 25.236468093582083 ], [ 55.290545161441663, 25.236533062047886 ], [ 55.2907034, 25.236453 ], [ 55.290658, 25.2363791 ], [ 55.2904977, 25.236452 ] ] ], [ [ [ 55.290542169565036, 25.247151060179142 ], [ 55.290542169565036, 25.247106144414939 ], [ 55.290445650340146, 25.247109891947698 ], [ 55.290445650337595, 25.247154807711762 ], [ 55.290542169565036, 25.247151060179142 ] ] ], [ [ [ 55.290766748386069, 25.230756806243964 ], [ 55.290676916857656, 25.230756806243964 ], [ 55.290676916857656, 25.23084663777237 ], [ 55.290766748386069, 25.230846637772373 ], [ 55.290766748386069, 25.230756806243964 ] ] ], [ [ [ 55.2906494, 25.2386482 ], [ 55.2906188, 25.2385885 ], [ 55.2905809, 25.2386043 ], [ 55.2906115, 25.2386641 ], [ 55.2906494, 25.2386482 ] ] ], [ [ [ 55.290671, 25.2366914 ], [ 55.2906295, 25.2366187 ], [ 55.2905754, 25.236644 ], [ 55.2906169, 25.2367167 ], [ 55.290671, 25.2366914 ] ] ], [ [ [ 55.290497253800829, 25.248947690747382 ], [ 55.290497253800829, 25.248902774983183 ], [ 55.290447980834685, 25.248905216553666 ], [ 55.290447980833036, 25.248949966801508 ], [ 55.2904121, 25.2489186 ], [ 55.2903242, 25.2490007 ], [ 55.2903862, 25.249055 ], [ 55.2904741, 25.2489728 ], [ 55.290448160012609, 25.248950123439112 ], [ 55.290497253800829, 25.248947690747382 ] ] ], [ [ [ 55.290497253800829, 25.245713755724559 ], [ 55.290542169565036, 25.245713755724552 ], [ 55.290542169565036, 25.245668839960352 ], [ 55.290497253800829, 25.245668839960349 ], [ 55.290497253800829, 25.245713755724559 ] ] ], [ [ [ 55.2904154, 25.2542387 ], [ 55.2903785, 25.2542053 ], [ 55.290347, 25.2542338 ], [ 55.2903839, 25.2542672 ], [ 55.2904154, 25.2542387 ] ] ], [ [ [ 55.290385661575549, 25.234970162044309 ], [ 55.290662061585415, 25.234996462064789 ], [ 55.29068620000001, 25.2348745 ], [ 55.2906531, 25.2348197 ], [ 55.2905904, 25.2348138 ], [ 55.290398761586296, 25.234857462045895 ], [ 55.290385661575549, 25.234970162044309 ] ] ], [ [ [ 55.2904349, 25.236138499999988 ], [ 55.2903918, 25.2361588 ], [ 55.290421087263496, 25.236178943921946 ], [ 55.290393761464657, 25.23620376203834 ], [ 55.29043737292195, 25.236294071624506 ], [ 55.2904075, 25.2362932 ], [ 55.2904064, 25.2363231 ], [ 55.2904441, 25.2363242 ], [ 55.290444906356548, 25.236302281765642 ], [ 55.290487061455863, 25.236347162044535 ], [ 55.2906594, 25.2362617 ], [ 55.2905683, 25.2361101 ], [ 55.290445414629097, 25.236156849059959 ], [ 55.2904349, 25.236138499999988 ] ] ], [ [ [ 55.290367861557755, 25.235158862041974 ], [ 55.290428661551069, 25.235262762045956 ], [ 55.2906624, 25.2351499 ], [ 55.2906016, 25.2350461 ], [ 55.290367861557755, 25.235158862041974 ] ] ], [ [ [ 55.290407422272416, 25.245803587252968 ], [ 55.290407422272416, 25.245938334545585 ], [ 55.290497253800829, 25.245938334545585 ], [ 55.290497253800829, 25.245803587252972 ], [ 55.290407422272416, 25.245803587252968 ] ] ], [ [ [ 55.290362506508224, 25.248184122755887 ], [ 55.29031759074401, 25.248184122755884 ], [ 55.29031759074401, 25.248229038520087 ], [ 55.290407422272416, 25.248229038520094 ], [ 55.290407422272416, 25.248184122755884 ], [ 55.290452338036623, 25.248184122755884 ], [ 55.290452338036623, 25.248139206991674 ], [ 55.290362506508224, 25.248139206991674 ], [ 55.290362506508224, 25.248184122755887 ] ] ], [ [ [ 55.29026790035131, 25.250565075613309 ], [ 55.2904007, 25.2504455 ], [ 55.2901863, 25.2502648 ], [ 55.290053500365929, 25.25038427558108 ], [ 55.29026790035131, 25.250565075613309 ] ] ], [ [ [ 55.2905963, 25.2356453 ], [ 55.2905834, 25.2356109 ], [ 55.2905462, 25.2356223 ], [ 55.2905591, 25.2356567 ], [ 55.2905963, 25.2356453 ] ] ], [ [ [ 55.29011190068853, 25.248744875609152 ], [ 55.290268200685567, 25.248836875633099 ], [ 55.2904067, 25.2487239 ], [ 55.2902407, 25.2485671 ], [ 55.290071500692072, 25.248706675603124 ], [ 55.29011190068853, 25.248744875609152 ] ] ], [ [ [ 55.290346560975259, 25.241606262006027 ], [ 55.2905044, 25.2415259 ], [ 55.2902859, 25.2411723 ], [ 55.290128060997482, 25.241252661991609 ], [ 55.290346560975259, 25.241606262006027 ] ] ], [ [ [ 55.2905209, 25.2402793 ], [ 55.2904769, 25.2402044 ], [ 55.2904125, 25.2402353 ], [ 55.2904565, 25.2403102 ], [ 55.2905209, 25.2402793 ] ] ], [ [ [ 55.289800598948283, 25.254882550982273 ], [ 55.289953398867219, 25.255167051024667 ], [ 55.2903065, 25.2548575 ], [ 55.2903009, 25.2547679 ], [ 55.2901292, 25.254598 ], [ 55.289800598948283, 25.254882550982273 ] ] ], [ [ [ 55.290439261478056, 25.236077562042411 ], [ 55.290505261480249, 25.236085662047287 ], [ 55.2905633, 25.2360548 ], [ 55.2904997, 25.2359557 ], [ 55.290396061482184, 25.236010562039546 ], [ 55.290439261478056, 25.236077562042411 ] ] ], [ [ [ 55.290321, 25.2482507 ], [ 55.290133300752885, 25.248422575616246 ], [ 55.290197700748429, 25.248477175625926 ], [ 55.2903854, 25.2483052 ], [ 55.290321, 25.2482507 ] ] ], [ [ [ 55.289993502359621, 25.240043775689593 ], [ 55.2900738, 25.2400485 ], [ 55.290118965712537, 25.239926779297321 ], [ 55.290162902395629, 25.239940675717865 ], [ 55.290198065261343, 25.239895911607668 ], [ 55.2903005, 25.2399093 ], [ 55.290381346382752, 25.239707788791872 ], [ 55.290467, 25.239711 ], [ 55.2905045, 25.23959 ], [ 55.290438302086827, 25.239590549416761 ], [ 55.2904535, 25.2395458 ], [ 55.290363602492114, 25.239539975754532 ], [ 55.290343802478979, 25.239598175750697 ], [ 55.290400325733884, 25.239613928143797 ], [ 55.290368779500859, 25.239686591954747 ], [ 55.290169802454088, 25.239641575722374 ], [ 55.289993502359621, 25.240043775689593 ] ] ], [ [ [ 55.2903767, 25.246056 ], [ 55.2904063, 25.2459382 ], [ 55.290256360582461, 25.245915461976328 ], [ 55.290226760570519, 25.246033361973485 ], [ 55.2903767, 25.246056 ] ] ], [ [ [ 55.290407422272416, 25.245579008431935 ], [ 55.290407422272416, 25.245489176903522 ], [ 55.29031759074401, 25.245489176903522 ], [ 55.290223300806602, 25.24553659101942 ], [ 55.290223300803206, 25.245626422547641 ], [ 55.290407422272416, 25.245579008431935 ] ] ], [ [ [ 55.290373, 25.2458388 ], [ 55.2903974, 25.245713 ], [ 55.290258460602118, 25.245698661977645 ], [ 55.290234060589697, 25.245824361975153 ], [ 55.290373, 25.2458388 ] ] ], [ [ [ 55.2904706, 25.2404621 ], [ 55.2903782, 25.2403129 ], [ 55.290272674979938, 25.240346678272687 ], [ 55.290272674979803, 25.240323864019835 ], [ 55.29031759074401, 25.240323864019835 ], [ 55.29031759074401, 25.240278948255629 ], [ 55.290272674979803, 25.240278948255629 ], [ 55.290272674979803, 25.240234032491422 ], [ 55.290227759215597, 25.240234032491419 ], [ 55.290227759215597, 25.240278948255625 ], [ 55.29018284345139, 25.240278948255629 ], [ 55.29018284345139, 25.240323864019835 ], [ 55.290227759215597, 25.240323864019839 ], [ 55.290227759215675, 25.240361055657868 ], [ 55.290069802292109, 25.240430475697373 ], [ 55.290141402275715, 25.240550375707457 ], [ 55.290239802271039, 25.240622875722362 ], [ 55.2904338, 25.2405228 ], [ 55.2904706, 25.2404621 ] ] ], [ [ [ 55.2904147, 25.2408016 ], [ 55.2904652, 25.2408034 ], [ 55.290466, 25.2407616 ], [ 55.2904024, 25.2407492 ], [ 55.290400636755251, 25.240780240346687 ], [ 55.290279061042689, 25.240825662005143 ], [ 55.29030296104046, 25.240862062006737 ], [ 55.2904147, 25.2408016 ] ] ], [ [ [ 55.290128661674018, 25.233752162031635 ], [ 55.290202961667035, 25.233866162036563 ], [ 55.2905632, 25.2336738 ], [ 55.2904889, 25.2335598 ], [ 55.290128661674018, 25.233752162031635 ] ] ], [ [ [ 55.290362602590669, 25.239029575760199 ], [ 55.2904129, 25.2389725 ], [ 55.290407422272416, 25.238886559565252 ], [ 55.2904887, 25.2388883 ], [ 55.2904714, 25.2388506 ], [ 55.290407422272416, 25.238841643801042 ], [ 55.290407422272416, 25.238661980744226 ], [ 55.290452338036623, 25.238661980744222 ], [ 55.290452338036623, 25.238572149215809 ], [ 55.29031759074401, 25.238572149215798 ], [ 55.29031759074401, 25.238617064980016 ], [ 55.290227759215597, 25.238617064980016 ], [ 55.290227759215597, 25.238706896508425 ], [ 55.290272674979803, 25.238706896508425 ], [ 55.290272674979803, 25.238751812272628 ], [ 55.29031759074401, 25.238751812272632 ], [ 55.2902801, 25.2387565 ], [ 55.2902699, 25.2387899 ], [ 55.290297354392017, 25.238796728038526 ], [ 55.290272674979803, 25.238796728036839 ], [ 55.290272674979803, 25.238841643801038 ], [ 55.290297364012616, 25.238841643802733 ], [ 55.29015010259269, 25.238914875727527 ], [ 55.290128602577873, 25.238980975723329 ], [ 55.290254002575701, 25.239053775742558 ], [ 55.290362602590669, 25.239029575760199 ] ] ], [ [ [ 55.290328, 25.2497118 ], [ 55.2901443, 25.2495499 ], [ 55.290002600498966, 25.249671375581066 ], [ 55.290184900484732, 25.249834475608388 ], [ 55.290328, 25.2497118 ] ] ], [ [ [ 55.2904048, 25.2402355 ], [ 55.2903622, 25.2402572 ], [ 55.2904104, 25.2403343 ], [ 55.2904529, 25.2403126 ], [ 55.2904048, 25.2402355 ] ] ], [ [ [ 55.2902615, 25.2461136 ], [ 55.2902391, 25.2462168 ], [ 55.2901572, 25.2462022 ], [ 55.2901665, 25.2461597 ], [ 55.2901077, 25.2461492 ], [ 55.2900889, 25.2462357 ], [ 55.2903224, 25.2462771 ], [ 55.2903544, 25.2461302 ], [ 55.2902615, 25.2461136 ] ] ], [ [ [ 55.290272674979803, 25.248004459699061 ], [ 55.29018284345139, 25.248004459699061 ], [ 55.29018284345139, 25.248094291227478 ], [ 55.29031759074401, 25.248094291227474 ], [ 55.29031759074401, 25.248049375463271 ], [ 55.290272674979803, 25.248049375463268 ], [ 55.290272674979803, 25.248004459699061 ] ] ], [ [ [ 55.290407422272416, 25.23412548855941 ], [ 55.290407422272416, 25.234215320087827 ], [ 55.290497253800829, 25.234215320087827 ], [ 55.290497253800829, 25.234125488559414 ], [ 55.290407422272416, 25.23412548855941 ] ] ], [ [ [ 55.289773600779903, 25.248106375562323 ], [ 55.290099300754704, 25.248396475611113 ], [ 55.290297, 25.2482231 ], [ 55.29013792768729, 25.248081357966718 ], [ 55.290137927687184, 25.248049375463264 ], [ 55.2898705, 25.2480256 ], [ 55.289773600779903, 25.248106375562323 ] ] ], [ [ [ 55.2900695, 25.2446749 ], [ 55.290046660679884, 25.244732961966982 ], [ 55.290147860677436, 25.244809661974124 ], [ 55.2903158, 25.2448338 ], [ 55.2903408, 25.2447268 ], [ 55.2900695, 25.2446749 ] ] ], [ [ [ 55.290365, 25.2410383 ], [ 55.29016502367157, 25.241138894942534 ], [ 55.2900462, 25.2411864 ], [ 55.2900758, 25.2412333 ], [ 55.2903886, 25.2410772 ], [ 55.290365, 25.2410383 ] ] ], [ [ [ 55.290362506508224, 25.235383129957185 ], [ 55.290362506508224, 25.235428045721385 ], [ 55.29031759074401, 25.235428045721381 ], [ 55.29031759074401, 25.235517877249798 ], [ 55.290452338036623, 25.235517877249798 ], [ 55.290452338036623, 25.235428045721388 ], [ 55.290407422272416, 25.235428045721385 ], [ 55.290407422272416, 25.235383129957182 ], [ 55.290362506508224, 25.235383129957185 ] ] ], [ [ [ 55.2903424, 25.2399002 ], [ 55.290282302406553, 25.239942675736931 ], [ 55.290270302398675, 25.239977575734621 ], [ 55.2903663, 25.2399853 ], [ 55.2903908, 25.2399138 ], [ 55.2903424, 25.2399002 ] ] ], [ [ [ 55.29003440000001, 25.2503924 ], [ 55.2899044, 25.2505101 ], [ 55.2901061, 25.2506922 ], [ 55.2902361, 25.2505744 ], [ 55.29003440000001, 25.2503924 ] ] ], [ [ [ 55.2902702, 25.2394023 ], [ 55.290205602480043, 25.239524875729437 ], [ 55.290324502484168, 25.239561875748024 ], [ 55.290389, 25.2394393 ], [ 55.2902702, 25.2394023 ] ] ], [ [ [ 55.290399451137276, 25.23509851850358 ], [ 55.2904375, 25.2350811 ], [ 55.2903946, 25.2350032 ], [ 55.29030706156631, 25.235034162038108 ], [ 55.290354261560672, 25.235119862041174 ], [ 55.290399451137276, 25.23509851850358 ] ] ], [ [ [ 55.290362506508224, 25.239200969914688 ], [ 55.290362506508224, 25.239111138386278 ], [ 55.29031759074401, 25.239111138386271 ], [ 55.29031759074401, 25.239200969914691 ], [ 55.290362506508224, 25.239200969914688 ] ] ], [ [ [ 55.290296861460916, 25.236197662031145 ], [ 55.2903727, 25.2361197 ], [ 55.2903369, 25.2360614 ], [ 55.290242661466486, 25.23610936202757 ], [ 55.290296861460916, 25.236197662031145 ] ] ], [ [ [ 55.2903478, 25.2361714 ], [ 55.2903598, 25.2362098 ], [ 55.2904006, 25.2361888 ], [ 55.2903795, 25.2361551 ], [ 55.2903478, 25.2361714 ] ] ], [ [ [ 55.2904123, 25.2352552 ], [ 55.2903726, 25.2351849 ], [ 55.2902921, 25.2352221 ], [ 55.2903318, 25.2352925 ], [ 55.2904123, 25.2352552 ] ] ], [ [ [ 55.290163361009647, 25.241135161994858 ], [ 55.2903312, 25.2410505 ], [ 55.2902161, 25.2408624 ], [ 55.290048261021518, 25.240947061987278 ], [ 55.290163361009647, 25.241135161994858 ] ] ], [ [ [ 55.290052932203878, 25.244860356205301 ], [ 55.290093011922977, 25.24486035620464 ], [ 55.290093011922977, 25.24477052467623 ], [ 55.29004809615877, 25.244770524676227 ], [ 55.2899852, 25.2450542 ], [ 55.2901385, 25.2451031 ], [ 55.2901432, 25.2450784 ], [ 55.2902229, 25.2450908 ], [ 55.2902608, 25.2448928 ], [ 55.290052932203878, 25.244860356205301 ] ] ], [ [ [ 55.29013357047954, 25.24890521654406 ], [ 55.290133570477884, 25.24895013230817 ], [ 55.29018284345139, 25.248947690747375 ], [ 55.29018284345139, 25.248902774983179 ], [ 55.29013357047954, 25.24890521654406 ] ] ], [ [ [ 55.2901979, 25.2395307 ], [ 55.290154202460478, 25.239600875720342 ], [ 55.2902891, 25.2396214 ], [ 55.29031, 25.239564 ], [ 55.2901979, 25.2395307 ] ] ], [ [ [ 55.290013960529798, 25.246380161955763 ], [ 55.289948460484979, 25.246844661948387 ], [ 55.290054660487996, 25.246863361956219 ], [ 55.2901492, 25.2467973 ], [ 55.290212, 25.2465065 ], [ 55.2901566, 25.2463975 ], [ 55.290013960529798, 25.246380161955763 ] ] ], [ [ [ 55.290093011922977, 25.245354429610913 ], [ 55.290093011922977, 25.245399345375112 ], [ 55.29018284345139, 25.24539934537512 ], [ 55.29018284345139, 25.245354429610906 ], [ 55.290227759215597, 25.245354429610909 ], [ 55.290227759215597, 25.245309513846703 ], [ 55.290137927687184, 25.245309513846706 ], [ 55.290137927687184, 25.245264598082493 ], [ 55.290093011922977, 25.245264598082489 ], [ 55.290093011922977, 25.245309513846703 ], [ 55.29004809615877, 25.245309513846703 ], [ 55.29004809615877, 25.245219682318286 ], [ 55.290003180394564, 25.245219682318293 ], [ 55.290003180394564, 25.245354429610909 ], [ 55.290093011922977, 25.245354429610913 ] ] ], [ [ [ 55.289921100588458, 25.249168675573781 ], [ 55.289884900566733, 25.249263275566911 ], [ 55.289927000563686, 25.249299675573234 ], [ 55.2901583, 25.2490891 ], [ 55.2900829, 25.249024 ], [ 55.289921100588458, 25.249168675573781 ] ] ], [ [ [ 55.2902618, 25.2321257 ], [ 55.2903054, 25.2321053 ], [ 55.2902542, 25.2320158 ], [ 55.2903907, 25.231952 ], [ 55.2903679, 25.2319121 ], [ 55.2901878, 25.2319964 ], [ 55.2902618, 25.2321257 ] ] ], [ [ [ 55.2901917, 25.2458757 ], [ 55.29003560000001, 25.2458465 ], [ 55.2900067, 25.2459724 ], [ 55.2901628, 25.2460017 ], [ 55.2901917, 25.2458757 ] ] ], [ [ [ 55.2900897, 25.2501064 ], [ 55.2901309, 25.2500687 ], [ 55.2897381, 25.2497185 ], [ 55.289697, 25.2497562 ], [ 55.2900897, 25.2501064 ] ] ], [ [ [ 55.29018284345139, 25.23592211912765 ], [ 55.290137927687184, 25.235922119127654 ], [ 55.290137927687184, 25.23605686642027 ], [ 55.290272674979803, 25.23605686642027 ], [ 55.290272674979803, 25.236011950656067 ], [ 55.29031759074401, 25.236011950656064 ], [ 55.29031759074401, 25.235877203363437 ], [ 55.29018284345139, 25.235877203363437 ], [ 55.29018284345139, 25.23592211912765 ] ] ], [ [ [ 55.290088756168174, 25.245491561689857 ], [ 55.290133671931549, 25.2455364774553 ], [ 55.29018284345139, 25.245534092667729 ], [ 55.29018284345139, 25.245444261139316 ], [ 55.290088756169794, 25.245446645925743 ], [ 55.290088756168174, 25.245491561689857 ] ] ], [ [ [ 55.2900349, 25.2394311 ], [ 55.2900456375137, 25.239402355779543 ], [ 55.290022702473436, 25.239469275700824 ], [ 55.290175602480673, 25.23950687572485 ], [ 55.2902587, 25.2393073 ], [ 55.2901112, 25.2392648 ], [ 55.290056613798463, 25.239370329116706 ], [ 55.2900081, 25.2393555 ], [ 55.2899855, 25.239416 ], [ 55.2900349, 25.2394311 ] ] ], [ [ [ 55.2901514, 25.2468981 ], [ 55.289926760482302, 25.246863661946669 ], [ 55.289879360461669, 25.247069061942035 ], [ 55.2901039, 25.2471035 ], [ 55.2901514, 25.2468981 ] ] ], [ [ [ 55.289688598948146, 25.254827950947679 ], [ 55.2900399, 25.2545313 ], [ 55.2898847, 25.2543863 ], [ 55.289256798926701, 25.254671550813086 ], [ 55.289272898854691, 25.254865550813804 ], [ 55.289688598948146, 25.254827950947679 ] ] ], [ [ [ 55.290163, 25.2456627 ], [ 55.2899113, 25.2456131 ], [ 55.289865060578535, 25.245767061947905 ], [ 55.290116760585207, 25.245816561966432 ], [ 55.290163, 25.2456627 ] ] ], [ [ [ 55.289993802339879, 25.240146075688472 ], [ 55.289993202331956, 25.240186775687917 ], [ 55.290136002326861, 25.240283175709649 ], [ 55.2902336, 25.24019 ], [ 55.2902171, 25.2400348 ], [ 55.2901494, 25.2399842 ], [ 55.289993802339879, 25.240146075688472 ] ] ], [ [ [ 55.290272674979803, 25.233990741266794 ], [ 55.29031759074401, 25.233990741266801 ], [ 55.29031759074401, 25.233945825502595 ], [ 55.290272674979803, 25.233945825502591 ], [ 55.290272674979803, 25.233990741266794 ] ] ], [ [ [ 55.2901653, 25.2364913 ], [ 55.290058161415807, 25.236580762011283 ], [ 55.290119461409354, 25.236682362015326 ], [ 55.290166661409643, 25.23670236201874 ], [ 55.2902456, 25.2366552 ], [ 55.2902705, 25.2365602 ], [ 55.2902391, 25.2365057 ], [ 55.2901653, 25.2364913 ] ] ], [ [ [ 55.290043840284817, 25.248770412468559 ], [ 55.290043840283197, 25.248815328232673 ], [ 55.290093011922977, 25.248812943454769 ], [ 55.290093011922977, 25.248768027690563 ], [ 55.290043840284817, 25.248770412468559 ] ] ], [ [ [ 55.290211161693648, 25.233575062038724 ], [ 55.290252461689398, 25.233642362041451 ], [ 55.2902962, 25.233619799999989 ], [ 55.2902549, 25.2335525 ], [ 55.290211161693648, 25.233575062038724 ] ] ], [ [ [ 55.290227759215597, 25.234933972315122 ], [ 55.290272674979803, 25.234933972315122 ], [ 55.290272674979803, 25.234889056550916 ], [ 55.290227759215597, 25.234889056550912 ], [ 55.290227759215597, 25.234933972315122 ] ] ], [ [ [ 55.2901219, 25.2329531 ], [ 55.290038203725608, 25.23299787577723 ], [ 55.290064603720168, 25.233038975780982 ], [ 55.2902959, 25.2329033 ], [ 55.2902789, 25.2328725 ], [ 55.2901219, 25.2329531 ] ] ], [ [ [ 55.290149802845725, 25.237605575742439 ], [ 55.2902288, 25.2375644 ], [ 55.2901958, 25.237511 ], [ 55.290116802852921, 25.237552175737768 ], [ 55.290149802845725, 25.237605575742439 ] ] ], [ [ [ 55.29020460374494, 25.23297947580404 ], [ 55.290235903738193, 25.233029775808461 ], [ 55.2902909, 25.2330006 ], [ 55.2902596, 25.2329503 ], [ 55.29020460374494, 25.23297947580404 ] ] ], [ [ [ 55.2898449, 25.2474164 ], [ 55.289967, 25.2474804 ], [ 55.2900502, 25.2473604 ], [ 55.2899245, 25.2472916 ], [ 55.2898449, 25.2474164 ] ] ], [ [ [ 55.2901087, 25.2337343 ], [ 55.2902409, 25.2336637 ], [ 55.290191, 25.2335871 ], [ 55.29005870000001, 25.2336577 ], [ 55.2901087, 25.2337343 ] ] ], [ [ [ 55.290137927687184, 25.238841643801031 ], [ 55.290137927687184, 25.238796728036828 ], [ 55.290093011922977, 25.238796728036835 ], [ 55.290093011922977, 25.238841643801038 ], [ 55.290137927687184, 25.238841643801031 ] ] ], [ [ [ 55.29003, 25.2365674 ], [ 55.289946, 25.2364304 ], [ 55.289890261419366, 25.236458961999411 ], [ 55.290105161397236, 25.236809762013582 ], [ 55.2901609, 25.2367812 ], [ 55.29003, 25.2365674 ] ] ], [ [ [ 55.2901872, 25.2338511 ], [ 55.2901189, 25.2337406 ], [ 55.2900868, 25.2337569 ], [ 55.2901551, 25.2338673 ], [ 55.2901872, 25.2338511 ] ] ], [ [ [ 55.289923861862654, 25.231559862028039 ], [ 55.290064861854965, 25.231714262037734 ], [ 55.2902177, 25.2316396 ], [ 55.2900481, 25.2313523 ], [ 55.289934061876771, 25.231408262029593 ], [ 55.289892061866098, 25.231506062025954 ], [ 55.289923861862654, 25.231559862028039 ] ] ], [ [ [ 55.2900307, 25.2373591 ], [ 55.289798702860772, 25.237355475689149 ], [ 55.289781902830953, 25.237501475684802 ], [ 55.289839989688993, 25.237506874472157 ], [ 55.289833302826928, 25.237547575692489 ], [ 55.289933102804248, 25.237713875706554 ], [ 55.2901321, 25.2376037 ], [ 55.2900259, 25.2374195 ], [ 55.2900307, 25.2373591 ] ] ], [ [ [ 55.2900887, 25.2406663 ], [ 55.2899875, 25.2405073 ], [ 55.28977120222698, 25.240620875647455 ], [ 55.289773302215927, 25.24067907564713 ], [ 55.289866902204786, 25.240782675660906 ], [ 55.2900887, 25.2406663 ] ] ], [ [ [ 55.289953260510906, 25.246559661950268 ], [ 55.2900002, 25.2464068 ], [ 55.2899596, 25.2463647 ], [ 55.2898848, 25.2463496 ], [ 55.289829960507703, 25.246534761941199 ], [ 55.289953260510906, 25.246559661950268 ] ] ], [ [ [ 55.29004809615877, 25.239560296028333 ], [ 55.29004809615877, 25.239515380264123 ], [ 55.290003180394564, 25.23951538026413 ], [ 55.290003180394741, 25.239596887542167 ], [ 55.289916302439728, 25.239591475682417 ], [ 55.289786402355055, 25.239965775657371 ], [ 55.2899809, 25.2400018 ], [ 55.2900899, 25.2396878 ], [ 55.2900751, 25.2396173 ], [ 55.290032509389818, 25.239605211798548 ], [ 55.290093011922977, 25.23960521179254 ], [ 55.290093011922977, 25.239560296028337 ], [ 55.29004809615877, 25.239560296028333 ] ] ], [ [ [ 55.2899348, 25.2458287 ], [ 55.2898981, 25.2459891 ], [ 55.289965, 25.2460016 ], [ 55.2900017, 25.2458412 ], [ 55.2899348, 25.2458287 ] ] ], [ [ [ 55.29004809615877, 25.239066222622068 ], [ 55.290093011922977, 25.239066222622068 ], [ 55.290093011922977, 25.238976391093665 ], [ 55.29004809615877, 25.238976391093662 ], [ 55.29004809615877, 25.239066222622068 ] ] ], [ [ [ 55.2901058, 25.2362736 ], [ 55.290115, 25.2362036 ], [ 55.289883, 25.2361787 ], [ 55.2898738, 25.2362488 ], [ 55.2901058, 25.2362736 ] ] ], [ [ [ 55.2901601, 25.2318645 ], [ 55.2901327, 25.2318217 ], [ 55.290088461844192, 25.231845262038799 ], [ 55.290115961841558, 25.231888062040614 ], [ 55.2901601, 25.2318645 ] ] ], [ [ [ 55.2900963, 25.2357648 ], [ 55.2899776, 25.2357548 ], [ 55.289961561480872, 25.235811962008185 ], [ 55.290080461485211, 25.235822162016998 ], [ 55.2900963, 25.2357648 ] ] ], [ [ [ 55.289949261424169, 25.236434562003943 ], [ 55.290019061417119, 25.236547062008544 ], [ 55.2900798, 25.2365157 ], [ 55.29001, 25.2364032 ], [ 55.289949261424169, 25.236434562003943 ] ] ], [ [ [ 55.290093011922977, 25.232059363405934 ], [ 55.290093011922977, 25.232014447641735 ], [ 55.290003180394564, 25.232014447641742 ], [ 55.290003180394564, 25.232104279170137 ], [ 55.290137927687184, 25.232104279170141 ], [ 55.290137927687184, 25.232059363405934 ], [ 55.290093011922977, 25.232059363405934 ] ] ], [ [ [ 55.289980603695049, 25.233127775766544 ], [ 55.290000803690987, 25.23315867576941 ], [ 55.2901239, 25.2330922 ], [ 55.2901037, 25.2330613 ], [ 55.289980603695049, 25.233127775766544 ] ] ], [ [ [ 55.29004809615877, 25.238482317687399 ], [ 55.29004809615877, 25.238437401923193 ], [ 55.290003180394564, 25.238437401923193 ], [ 55.290003180394564, 25.238482317687399 ], [ 55.29004809615877, 25.238482317687399 ] ] ], [ [ [ 55.2898774, 25.2368449 ], [ 55.2899086, 25.2368959 ], [ 55.2900655, 25.2368176 ], [ 55.29003440000001, 25.2367665 ], [ 55.2898774, 25.2368449 ] ] ], [ [ [ 55.289919203702539, 25.2330588757575 ], [ 55.289943203696446, 25.233102175760848 ], [ 55.2900595, 25.2330471 ], [ 55.2900357, 25.2330038 ], [ 55.289919203702539, 25.2330588757575 ] ] ], [ [ [ 55.28989936164632, 25.233946862013479 ], [ 55.289946061641672, 25.234021262016569 ], [ 55.2900098, 25.233988 ], [ 55.2899629, 25.2339137 ], [ 55.28989936164632, 25.233946862013479 ] ] ] ] } }
]
}
