lat,lon,dist_to_green_m
25.244171924747377,55.30057311058045,76.49287807286707
25.247917694563057,55.314558148384094,19.901203860962397
25.246350501811705,55.3080028295517,16.263405897281455
25.239770982897284,55.305819511413574,37.44960197639616
25.240023301400328,55.30592679977417,54.240281134340115
25.237878577428233,55.29966652393341,13.450731435572107
25.235971585190256,55.30473589897156,19.987600840949714
25.250532872128375,55.31166136264801,65.37142467323034
25.244448494601613,55.30661344528198,129.2189177346803
25.253725350245915,55.30687630176544,22.68224948876874
25.24888323049771,55.31326532363891,43.33112342152295
25.241076240268526,55.305272340774536,153.79759332549952
25.24700067091753,55.307283997535706,116.33798951501903
25.24825247924863,55.30873239040375,67.17635831470335
25.23718468804074,55.302032232284546,53.87836611796621
25.24653002646475,55.308045744895935,36.7519859255872
25.24413795998504,55.307069420814514,116.23798301150951
25.2384365974886,55.30370593070984,173.03538652593372
25.248858970894844,55.30943512916565,58.51924407886882
25.246995818922173,55.308313965797424,32.23088601012676
25.24933445822816,55.312755703926086,67.46001790937446
25.246539730492486,55.308061838150024,38.24065497406814
25.24152749699094,55.29665172100067,153.12407545971547
25.253638019134,55.306436419487,50.79289161688288
25.244618317884377,55.30649542808533,135.7850543766621
25.248582411079695,55.3134423494339,48.03073445576282
25.2435217405055,55.307021141052246,101.46750961422231
25.24807295714062,55.31422019004822,13.022656216061666
25.242371779261777,55.30547082424164,10.730111262096624
25.251716718786483,55.31011641025543,6.80805738095245
25.24389050214431,55.30621647834778,54.4509625144555
25.248577559147492,55.31347990036011,44.87020059479339
25.25310917939277,55.30753076076507,52.783328221593294
25.251619682609217,55.310035943984985,7.5336333199330365
25.242575570655266,55.301393866539,183.8331330266944
25.244152516312937,55.307069420814514,117.07207270403583
25.24381772033055,55.304521322250366,45.87662724246804
25.248849267052336,55.31323850154877,47.74845495496954
25.243317950698696,55.301538705825806,137.19819694247818
25.24448731137288,55.30712306499481,135.89862563292485
25.247587760926876,55.30745029449463,100.31778473199708
25.239809801162608,55.306044816970825,28.01790127428452
25.243356767831116,55.30699968338013,86.77791620564932
25.244433938309182,55.30637741088867,111.4925712410971
25.23988258537669,55.29843807220459,246.86706476260002
25.24451157184862,55.30660271644592,133.60810103966315
25.24900938035455,55.3088504076004,2.6822173720136777
25.249732313546403,55.31240701675415,51.95770220400278
25.248577559147492,55.31347990036011,44.87020059479339
25.24606908425423,55.306302309036255,185.136280767391
25.238499677856,55.30370056629181,175.93423888031361
25.246156420807353,55.308040380477905,8.950729708451002
25.248849267052336,55.30892014503479,8.308673532980569
25.24428352318536,55.30701041221619,130.55236197130932
25.24779154357267,55.30844807624817,7.07915131690366
25.25381753301812,55.3061842918396,67.4791910401437
25.253584650090275,55.306570529937744,53.423060716374444
25.245428614279987,55.30769169330597,82.5005727550899
25.248436853029375,55.314043164253235,8.986503426779544
25.247189898585745,55.31270205974579,119.46560374712932
25.240566754858477,55.30436038970947,221.2895178655514
25.244404825719116,55.30692994594574,145.7453924383849
25.24887837857753,55.313259959220886,43.9995686192365
25.23989714221426,55.298277139663696,246.8912722923428
25.242269883436848,55.3052294254303,28.728509362164377
25.252580337349073,55.30897378921509,63.231686308977004
25.252051493002966,55.31043291091919,31.654259619088535
25.238645247809657,55.3009968996048,56.05430347432193
25.24779154357267,55.3142523765564,39.381320558582175
25.25281807396551,55.30588388442993,8.838448339973477
25.25091616800607,55.30743420124054,189.08835965128364
25.24381772033055,55.3071391582489,95.20614862267833
25.24102286570668,55.305052399635315,165.96485757615645
25.23778153019973,55.30062675476074,28.82480856323898
25.24869885739436,55.31014859676361,138.8844251981884
25.24444364250435,55.30667245388031,133.42692489745968
25.244555240692776,55.3068870306015,159.0872436592907
25.241241216038773,55.30136704444885,266.77104665635443
25.24887837857753,55.313259959220886,43.9995686192365
25.242376631441772,55.306532979011536,96.91818574326233
25.243434402058725,55.306044816970825,15.752086159420223
25.251483831830868,55.3052294254303,33.64020620097919
25.24303167396428,55.30350744724274,98.7432442993049
25.2437789033454,55.30615210533142,40.42601964623981
25.248354370056788,55.31387686729431,22.353507913319124
25.25226497173172,55.310014486312866,44.21317481475162
25.243919614857617,55.307273268699646,84.90914354225603
25.238955796461457,55.30218780040741,48.78497347567766
25.24747616552365,55.31365692615509,71.31668472717578
25.24239604015986,55.30539572238922,14.703039045107548
25.25179434767246,55.310786962509155,24.33647434205455
25.24936356963707,55.31271278858185,66.65736044024364
25.24665617876495,55.30819058418274,55.48909504335841
25.248514484011253,55.31350135803223,47.540664950702435
25.24546743073816,55.30922591686249,157.05050907304948
25.24692303896842,55.30817449092865,43.75935346283076
25.23937309496283,55.299280285835266,182.47265550950158
25.24915493771894,55.31289517879486,52.881300402334155
25.238664657123635,55.30100762844086,54.8334273045209
25.24089670755822,55.30299782752991,264.3143124918369
25.239431322546793,55.29624938964844,45.543642626723866
25.241794368457647,55.30551373958588,71.17902870246553
25.24164880227572,55.30640959739685,98.4688338618941
25.242289292172018,55.305535197258,16.19275814465133
25.244458198795584,55.298084020614624,81.31708420570045
25.23980494888012,55.300063490867615,192.13457657092627
25.23947499321646,55.30238091945648,107.12309087702683
25.241182989321914,55.30510067939758,147.4193975455268
25.239256639711215,55.30307292938232,149.85132996195523
25.24390991062063,55.30718207359314,93.81881847342906
25.23946528862456,55.29926419258118,192.85576052009895
25.241105353656025,55.3046715259552,157.71169584695204
25.238761703647057,55.299296379089355,116.29588312972024
25.241081092500252,55.305331349372864,152.1163054887671
25.242837587659025,55.29715597629547,136.65660176901966
25.243968136030944,55.30724108219147,90.4568204557813
25.23983891485348,55.300074219703674,193.2806071301987
25.244142812094537,55.30515432357788,40.150111668728705
25.239790392031495,55.297064781188965,143.12263250564465
25.237873725068653,55.30221462249756,83.58880512757075
25.242701727060933,55.29796600341797,202.47080204989174
25.241406191585057,55.30639350414276,85.54746660007534
25.239411913355255,55.29636740684509,58.39796954260653
25.24106653580448,55.30484318733215,162.30062815529058
25.25065416842301,55.31196177005768,29.58740262403161
25.241988456428984,55.30558884143829,49.80473702567001
25.237640811580732,55.3021502494812,102.44998180498997
25.24106653580448,55.30637204647064,69.88987178366374
25.238029000479315,55.30243992805481,88.11996547498599
25.243492627696895,55.30433893203735,64.84372819500342
25.24220680502623,55.3067421913147,94.27585359774586
25.243371324252564,55.30697286128998,89.78102091483946
25.242400892338893,55.305331349372864,14.226998386737671
25.236903249257963,55.301544070243835,6.316963654075272
25.25135768454348,55.30561029911041,68.47555954489314
25.240484266543575,55.30519187450409,142.48997417895342
25.242633796704908,55.301308035850525,188.3352172353952
25.24181377726873,55.29690384864807,146.31714616373836
25.24072687907463,55.30517578125,164.0400263127766
25.23970790318968,55.29873847961426,234.2006330345401
25.24186229928289,55.30637741088867,104.17074916108382
25.244463050892307,55.30717134475708,130.26348929503214
25.24416707263906,55.307069420814514,117.9224024804661
25.236757677218066,55.304832458496094,17.97936445514479
25.242852144142702,55.304574966430664,18.173587638220926
25.239402208758307,55.29637813568115,59.533749860233286
25.247903138686212,55.30849099159241,20.321358227674253
25.24747131354725,55.308308601379395,10.854242623428751
25.237141016548165,55.304049253463745,105.27908966422937
25.235884241317834,55.3047251701355,18.80654990548638
25.251648793470537,55.3101646900177,14.923554297138907
25.237194392814715,55.3019517660141,50.63497605156874
25.249339310130125,55.30888259410858,11.950970283527884
25.239067399689375,55.30190885066986,45.3146196413312
25.238121195160577,55.30025124549866,27.494771852495752
25.24233296181474,55.29769778251648,200.28465153290668
25.248063253235344,55.306811928749084,182.03005322642977
25.243487775561448,55.30607700347901,19.47477033748836
25.240649243117403,55.29677510261536,174.78970553066438
25.246850258971037,55.30817449092865,51.2908345967043
25.239610857421766,55.29691457748413,121.74291451005836
25.250008870743883,55.30927419662475,20.05808703088777
25.250746353525912,55.309553146362305,36.33229037272326
25.24190596907904,55.29745638370514,191.00549153098143
25.2376262544729,55.30212879180908,102.4384643425628
25.24246397064877,55.30171573162079,164.23363660576342
25.242381483621585,55.30545473098755,11.550940575501766
25.243696417210757,55.30468761920929,25.266687655893595
25.239416765653417,55.30100762844086,84.15446421327162
25.242944335165262,55.2998811006546,101.05839699491855
25.241076240268526,55.304805636405945,160.97117244857415
25.24247852717717,55.30195713043213,145.2913367916483
25.24449701556378,55.30645251274109,122.00276364157385
25.243827424574917,55.30037999153137,65.11607048576937
25.241178137094224,55.30440330505371,153.95493014787257
25.2442592626641,55.30718743801117,113.34259222295127
25.23928090123117,55.29970407485962,168.4132009203905
25.237116754601104,55.30372202396393,135.43528530518472
25.239096513558053,55.2983683347702,159.32664720969274
25.248300998691732,55.308560729026794,64.778961499548
25.253070365376104,55.30821204185486,65.94417769444954
25.23582601203468,55.3046715259552,14.03730482215895
25.237922248655806,55.29914617538452,54.95223251310661
25.24640387403356,55.307069420814514,102.24968392881455
25.239989335478484,55.300068855285645,203.76889934850152
25.24298800457264,55.30589461326599,12.314635166380448
25.24916464153702,55.308807492256165,16.687105411056525
25.24026106258728,55.30614674091339,78.10596202298495
25.25127035172932,55.30589997768402,99.40077051911251
25.239052842752415,55.30464470386505,133.03555665315514
25.24143045267591,55.30506849288941,123.3581341473743
25.245181159067613,55.30933856964111,151.3212181500826
25.238722885046982,55.29792845249176,119.69007553849521
25.249101566705576,55.31185448169708,144.9791424924344
25.239421617951407,55.30092716217041,90.61076607625284
25.248567855282516,55.31349062919617,44.55686859776664
25.242430005409076,55.30172646045685,166.10340810854325
25.24153234920466,55.30242919921875,222.8711293430377
25.254147449734972,55.305524468421936,132.03917884463988
25.23869377108879,55.30271351337433,94.70117253297971
25.247927398479945,55.314547419548035,18.66072063406852
25.242381483621585,55.30544936656952,12.06581371701669
25.241556610270337,55.297295451164246,197.82467746909467
25.241212102683814,55.3064900636673,64.14712291440698
25.235855126679738,55.30462861061096,8.435969694119013
25.24861637459968,55.3087055683136,36.53649625187916
25.235762930279776,55.30324995517731,65.94296418843693
25.23950895928203,55.299816727638245,186.38547751559696
25.24750527737784,55.30835688114166,8.822289837306
25.246646474746512,55.30812084674835,51.50687407886723
25.237470978547748,55.30149042606354,64.03147918603987
25.245350981326425,55.30973553657532,185.46969300392098
25.24322575995953,55.30010640621185,89.31754725875976
25.244244706349008,55.30097007751465,121.02388545099937
25.237388488131828,55.30209124088287,76.75992912943126
25.24239604015986,55.30500411987305,24.25680729232449
25.239072252001307,55.303807854652405,197.63596885735072
25.242818179011465,55.29815912246704,177.55822255016236
25.24735001407481,55.30843198299408,11.799906406215516
25.245942931344487,55.306307673454285,185.48194285191371
25.250314538492844,55.31188130378723,62.9481162276324
25.238218242117895,55.29860436916351,76.76669748393144
25.240115494568823,55.30419945716858,217.96933386597627
25.24410399521321,55.307305455207825,92.35166919664225
25.253870901959544,55.306071639060974,75.86390270163089
25.24969835033839,55.311318039894104,155.12563065621927
25.249664387120887,55.3124338388443,55.44539408715223
25.240586163865615,55.297075510025024,191.43188193133258
25.242502788053955,55.297799706459045,208.5130121376471
25.239416765653417,55.29636204242706,57.83843491625172
25.235112701052415,55.30445158481598,51.69389181722428
25.238756851322737,55.302574038505554,79.85112304625665
25.23703426394478,55.30176401138306,26.803715528952203
25.252895702147654,55.30790627002716,91.96721150888987
25.244006952955672,55.30047655105591,67.38225263654556
25.24336161997178,55.307074785232544,82.95120780876589
25.240062119585065,55.30590534210205,59.090976090435674
25.243968136030944,55.30724108219147,90.4568204557813
25.24882985936499,55.30892014503479,9.963168291841841
25.243968136030944,55.30724108219147,90.4568204557813
25.248582411079695,55.31347453594208,45.04751849817955
25.24139163492822,55.30539572238922,116.96729410242867
25.239445879438435,55.296324491500854,54.01875256729351
25.24811662470485,55.30690312385559,173.47508496309834
25.24632624170313,55.31067967414856,99.44533379945246
25.247209306535055,55.30824959278107,12.224173621087834
25.24494340750651,55.31057238578797,98.12804610745508
25.25006224135865,55.31210124492645,64.6069560815306
25.241042274640975,55.29695749282837,214.0609578834701
25.251896235510017,55.31064748764038,32.50334360764579
25.245239383868793,55.30988037586212,175.9349634280273
25.24735486605603,55.305551290512085,265.2913190523278
25.240741435811117,55.30520260334015,163.5219393645436
25.243002561038267,55.30592679977417,14.288975653677385
25.249562497411404,55.312541127204895,55.823724394349455
25.24284729198166,55.30667781829834,85.03957265017421
25.253274138825176,55.30786871910095,58.941322802509774
25.24364304379968,55.30702650547027,104.76652852284133
25.23934398116039,55.302332639694214,92.04458038013094
25.24173614200579,55.30644714832306,100.63315772496166
25.23922752588088,55.29663026332855,83.07584566988976
25.243827424574917,55.30612528324127,42.65707621882142
25.240367812356652,55.30589461326599,92.04177412479409
25.24512293423851,55.310819149017334,86.06073553088471
25.24439512152088,55.3068333864212,142.29194482727763
25.24361393102012,55.30028343200683,73.42568732471008
25.239072252001307,55.303807854652405,197.63596885735072
25.24008638094423,55.30607700347901,58.399249402659386
25.24645724623197,55.308024287223816,28.345682959970723
25.248873526657135,55.31298100948334,60.20178550325171
25.245821630346185,55.306296944618225,188.54415961204379
25.243968136030944,55.30724108219147,90.4568204557813
25.24469595130604,55.30668318271637,155.0611973141325
25.24540435398731,55.30910789966583,149.14008530200775
25.239494402397938,55.30240774154663,110.55039387055079
25.251139352390386,55.30646860599518,154.61570009576124
25.23886845473332,55.302311182022095,54.98114217502001
25.24049882330911,55.30624330043793,83.3718559808612
25.242255326883463,55.30649542808533,97.6886350096062
25.238834488488777,55.29764413833618,126.43619341160512
25.241401339366305,55.30541718006134,115.58665723242484
25.25407467406565,55.306050181388855,98.32959211084813
25.2437789033454,55.30610382556915,36.97362350262021
25.250906464327883,55.31134486198425,52.69368780332586
25.241891412482076,55.30640423297882,104.64944428111713
25.24153720141817,55.301082730293274,287.6177298431502
25.252439635867105,55.30909180641174,70.6558600351464
25.2479759180529,55.31398415565491,30.820654570958986
25.242672614055863,55.301554799079895,163.0140830682175
25.239606005131307,55.30243456363678,122.61474506053041
25.24603026798826,55.30791699886322,11.347757962072766
25.250091352593177,55.30916690826416,22.48932152701352
25.248155440304274,55.308555364608765,49.078068193856964
25.25193504990186,55.30973017215729,22.387403081818665
25.243832276696807,55.30711233615875,98.49676448366368
25.23978553974824,55.304054617881775,226.53699632560415
25.25234260026734,55.30894160270691,87.42578454973325
25.242527048925908,55.301823019981384,150.9114267935129
25.244550388599777,55.306302309036255,118.35906397651354
25.248524187880477,55.30717134475708,163.83792804435765
25.25073664983418,55.31150043010712,61.8323137923664
25.243905058501852,55.30622184276581,56.07775474771127
25.235947323009768,55.30464470386505,10.098448299033956
25.247728468028345,55.30689775943756,163.60361902905228
25.236694595946645,55.304816365242,11.005788715105295
25.23759714025205,55.301554799079895,79.7526798376031
25.241212102683814,55.3061842918396,94.70216711044347
25.243152977747656,55.30699968338013,69.03653172604048
25.251061723085822,55.31118392944336,51.4119168176569
25.252221305658622,55.30961215496063,56.2170527291498
25.24902878801322,55.31292736530304,54.49973136211322
25.244448494601613,55.30661344528198,129.2189177346803
25.241779811847294,55.30636668205261,109.10604551417774
25.249480015203034,55.30743956565857,167.51163154512432
25.243628487410778,55.30722498893738,82.68868378151627
25.244458198795584,55.30718207359314,129.05969926546356
25.2391110704898,55.30466616153717,137.38982362610855
25.24113446703653,55.306307673454285,78.89731677029276
25.242939483007945,55.30588388442993,15.848554056358916
25.23606378143197,55.302772521972656,59.56419593307452
25.248815303597453,55.309515595436096,68.66613002889099
25.24888323049771,55.31326532363891,43.33112342152295
25.24100345676928,55.305293798446655,161.3003058977871
25.24854359561664,55.313522815704346,43.58556252496894
25.242580422827142,55.30173182487488,154.01025585155386
25.253060661869995,55.30815303325653,67.62970830915026
25.242497935878987,55.30193030834198,145.45976408350475
25.25250270896538,55.30898988246918,69.34966327922112
25.251716718786483,55.310561656951904,34.23233059103973
25.249688646562916,55.31242847442627,54.05264512121567
25.244278671081517,55.30636668205261,96.95166933679782
25.24441452991657,55.30677437782288,139.1550958365219
25.24461346579389,55.30625939369202,122.6242340248566
25.240959786648816,55.305309891700745,165.78796506149038
25.245055005235983,55.31073868274689,88.15122663946138
25.24102771794055,55.30611455440521,97.12999496174373
25.24748101749981,55.30547618865967,250.2155369704933
25.240134903648027,55.30591607093811,66.41912361087019
25.24347807128997,55.307037234306335,96.33517762746507
25.24465713460141,55.29845952987671,100.52085484747582
25.24133340828341,55.30413508415222,148.08512199755756
25.241760403030796,55.305519104003906,74.92083674846046
25.241503235919453,55.30547618865967,103.68910745685676
25.248849267052336,55.31323850154877,47.74845495496954
25.244205889500225,55.3046178817749,63.69291465418531
25.241153875953017,55.301302671432495,257.60602206769715
25.2513964991074,55.309537053108215,47.923992698289815
25.243502331967207,55.307021141052246,99.54592393695465
25.24409914310219,55.3046715259552,51.05705552453564
25.2479759180529,55.314509868621826,13.279310571969273
25.242109761253673,55.30662953853607,110.72932849884464
25.24142560045813,55.30513286590576,120.97245257113563
25.242046682759963,55.30672073364258,107.40964947113673
25.24990698132332,55.309032797813416,11.735471106404932
25.24497251996756,55.30658662319183,174.59280988916217
25.242381483621585,55.30544400215149,12.587796292026438
25.244458198795584,55.306769013404846,142.2782587990604
25.24565180874515,55.31124830245972,98.05456718113335
25.245171454931366,55.3066349029541,181.61496738772144
25.241284886058097,55.30372202396393,177.75485367742286
25.243536296907195,55.30609309673309,21.22042349973636
25.248504780141232,55.308807492256165,44.68175121565974
25.25097439005889,55.309290289878845,20.008753698484522
25.244239854243578,55.307305455207825,102.14917296515965
25.240474562032247,55.30622720718384,85.65841478833352
25.23940706105688,55.29637277126312,58.963127910225744
25.24819910783883,55.30873775482178,62.521715891820755
25.23934398116039,55.30090034008026,86.96873672593743
25.241915673476058,55.303915143013,113.41718409366655
25.239635118871007,55.29738128185272,157.0564311436515
25.24251734457772,55.30571758747101,9.329197105054163
25.25015442691074,55.312010049819946,64.42475870080682
25.240959786648816,55.30522406101227,167.54593108162442
25.24747131354725,55.30534744262695,239.50371856066158
25.242425153231196,55.305052399635315,21.54723962166761
25.24882985936499,55.312020778656006,155.55583665059046
25.246845406969683,55.30815839767456,52.41665284017633
25.246272869447168,55.30800819396973,8.401272943906703
25.24711226675751,55.308271050453186,20.30201768004725
25.238286174941933,55.29847025871277,75.32187747352343
25.24559843619295,55.30850172042847,82.56023475724669
25.2474227937728,55.31370520591736,65.07922686728185
25.25268222452736,55.30875384807587,73.7596707703508
25.24657369458349,55.30711770057678,102.90101530609627
25.24329854212786,55.30601263046265,12.72507523281029
25.244812401345527,55.306575894355774,158.716099361523
25.24649606236153,55.312814712524414,100.65286327743532
25.251648793470537,55.31017005443573,15.108114665930493
25.241891412482076,55.30640423297882,104.64944428111713
25.239926255884217,55.3049236536026,134.9490820447423
25.243376176392673,55.306023359298706,14.14753359130445
25.244880330483667,55.30528306961059,121.87641819489
25.24390991062063,55.307267904281616,85.01370242261528
25.25119272250848,55.308045744895935,126.06504443319179
25.24232810963298,55.30569076538086,13.431797214336738
25.251590571740948,55.30999302864075,11.756843221339256
25.2444679029888,55.30715525150299,131.876620511974
25.2454383183957,55.30615210533142,203.54698163192234
25.245928375231088,55.30692458152771,117.87876824391725
25.243152977747656,55.30595898628235,18.94287293927861
25.248849267052336,55.31323850154877,47.74845495496954
25.24216313533819,55.30646860599518,97.4431447140945
25.24232810963298,55.30540645122528,19.332644045370866
25.24486092216236,55.3054279088974,119.9259725692931
25.24801958565196,55.31446695327759,8.919397106076213
25.24171673318233,55.30550301074982,79.84701836070647
25.252493005413925,55.307697057724,80.1106546571201
25.251886531910145,55.30970871448517,20.343925684051612
25.252822925728353,55.30846416950226,93.47161536499361
25.24498707619549,55.31064212322235,93.26702566719446
25.254157153154253,55.30601799488067,108.08198101366591
25.24543346633793,55.31096398830414,100.86196601898375
25.249775980514173,55.306801199913025,245.32045620376348
25.24380801608544,55.30723571777344,84.57621223264725
25.244463050892307,55.30716061592102,131.0763421551498
25.241847742680676,55.30638813972473,106.10159325483087
25.251595423552818,55.30998766422272,11.528317743784765
25.246772626925814,55.30816912651062,59.65708286528616
25.24245426629554,55.30524551868439,8.459550765400625
25.24186229928289,55.30559957027435,63.67313113022292
25.242740544390173,55.305830240249634,12.488230510709894
25.24154690584463,55.306570529937744,77.3259070824407
25.247325754165782,55.3056263923645,273.87960144395583
25.244026361413376,55.30458569526672,52.06541051431392
25.235539717653467,55.3046178817749,32.03768744268543
25.244851218000537,55.30548691749573,119.41849750261996
25.24167791552604,55.30210733413696,216.15410032511298
25.241954491056376,55.304532051086426,67.20699978659762
25.243536296907195,55.306071639060974,18.858808392570598
25.24386138942404,55.30615746974945,47.76967568120344
25.238378369428105,55.30134558677673,35.93049715287084
25.24713652670917,55.313512086868286,40.4224051427487
25.24239118798063,55.305524468421936,5.316443299809472
25.249931240716904,55.30611455440521,171.893158813477
25.25200297505775,55.30989110469818,22.008480569501685
25.246350501811705,55.308035016059875,17.427237739870577
25.239329424256553,55.30086815357208,88.74479225206694
25.246554286532657,55.308083295822144,40.47854966004008
25.244904590880935,55.30750393867493,118.17303428671254
25.251867124708028,55.30939757823944,51.84501069888643
25.239935960439297,55.30589461326599,46.64937230590558
25.251139352390386,55.30791699886322,138.49991887971373
25.251629386230434,55.30996084213257,10.514997299174446
25.243439254196304,55.3071928024292,85.72981043395528
25.2426095358543,55.3042209148407,57.127350477843045
25.246549434519466,55.30807256698608,39.60692713784006
25.24022224446608,55.30594289302826,75.104639014734
25.24212431782449,55.306570529937744,109.53642052229453
25.251595423552818,55.30998766422272,11.528317743784765
25.24326942926575,55.30600190162659,13.029885348624203
25.24043089172176,55.305567383766174,112.31432261812348
25.248752228584635,55.30874848365784,21.322673106022773
25.252813222202462,55.307766795158386,90.7645482859121
25.239033433500424,55.30217707157135,54.14194561957654
25.24812147665544,55.31424701213837,7.05406188761159
25.244026361413376,55.30983746051788,82.46806018433658
25.24230384872132,55.30551373958588,14.930854386553811
25.245889558920155,55.31146824359894,66.07981949301173
25.240809367224884,55.3063291311264,72.40135317865494
25.243371324252564,55.30684947967529,98.18134275662501
25.246471802282016,55.31191349029541,38.93730580333796
25.242245622513565,55.3016459941864,187.23515053458743
25.24671925486595,55.30815839767456,60.51728492516968
25.243439254196304,55.30686557292938,102.88631202121361
25.253439098033596,55.306801199913025,38.99180841071516
25.243473219153927,55.30710160732269,92.81962987370595
25.246350501811705,55.308018922805786,16.760442795078784
25.245418910163497,55.307788252830505,80.16388468021877
25.248771636284378,55.313034653663635,65.29229891698797
25.244967667891217,55.30600726604462,149.67416819795577
25.241779811847294,55.30536353588104,75.425036634134
25.246714402859325,55.30649542808533,173.0127878941685
25.24687451897502,55.30815839767456,49.41673810106517
25.247878878887647,55.31424701213837,31.908070984924123
25.24831555452089,55.31368374824524,44.008201916897114
25.241182989321914,55.29622256755829,131.9607250994145
25.247408237836694,55.308292508125305,5.415923415235304
25.24713652670917,55.30661344528198,182.43638767377473
25.242633796704908,55.30576050281525,8.83783235798996
25.244623169974687,55.30620574951172,121.34921720579308
25.24354114904071,55.30444085597992,53.095371551691166
25.244448494601613,55.3071928024292,127.46072290522518
25.239421617951407,55.296351313591,56.69113884726223
25.23797562457928,55.299054980278015,56.262124346180876
25.245603288244126,55.30996084213257,193.78260484213502
25.241726437594437,55.30633985996246,109.65243393921479
25.244453346698705,55.30661344528198,129.61074319500094
25.24826218313881,55.30748784542084,118.74117373193576
25.23831528899775,55.29844880104065,77.2929393336243
25.244812401345527,55.30620038509369,140.97431990242026
25.24887837857753,55.313259959220886,43.9995686192365
25.24733545812998,55.31368911266327,55.46506412362678
25.248402889459214,55.31361401081085,47.53611041619861
25.244458198795584,55.30659735202789,128.79017576839826
25.242624092365247,55.30293345451355,100.53278711692198
25.246559138545635,55.308077931404114,40.810987340774616
25.242017569597948,55.30557274818421,46.43373508026239
25.24067350435935,55.30624330043793,82.01559040649175
25.241973899841895,55.30466079711914,61.70333523568484
25.243968136030944,55.30724108219147,90.4568204557813
25.242944335165262,55.30670464038849,84.85779739746852
25.24215343096091,55.29686093330383,119.87843837557055
25.247277234333225,55.30841052532196,9.119941669964557
25.237786382562973,55.29983818531037,13.515600049000456
25.252730742201308,55.30575513839722,5.204878585334701
25.24887837857753,55.313259959220886,43.9995686192365
25.252036937621423,55.310078859329224,19.44117498530675
25.24208064810678,55.297563672065735,193.89192071702593
25.241804072863573,55.305535197258,70.02923123889057
25.2522116020847,55.31021296977997,37.48036503601841
25.239319719653025,55.29660880565643,85.35813869558704
25.24102771794055,55.30495047569275,167.87285160379116
25.23928090123117,55.29801428318024,179.30603573152106
25.248300998691732,55.30860364437103,66.1004070394437
25.238926682559057,55.29872238636017,151.63388586917307
25.244797845096684,55.306575894355774,157.35152433139905
25.242430005409076,55.306549072265625,96.54671450109709
25.24287155278482,55.29819667339325,170.6756691244406
25.24186715148323,55.30666708946228,94.17977398978539
25.248388333640506,55.31390905380249,18.9532473050267
25.25096468638536,55.311280488967896,51.08785709133289
25.24531701689365,55.3094619512558,169.86285177365036
25.251954457093134,55.310293436050415,13.001872416629814
25.2410713880366,55.30448913574219,163.6240214345689
25.24097434335738,55.30526161193848,165.12542988066744
25.242561014138488,55.29785871505737,214.44999445700202
25.24171673318233,55.30636131763458,107.07462366615799
25.24278421387075,55.297300815582275,152.1898124718551
25.24049882330911,55.30522406101227,141.2210924948075
25.2415129403486,55.29724717140198,196.97698660466224
25.24341014136793,55.306039452552795,15.173992127076557
25.23707793547568,55.30136704444885,20.24729608733337
25.24849507627043,55.31370520591736,33.17237288673497
25.2527647045615,55.30939221382141,30.0491939335647
25.252109714511633,55.310014486312866,27.01934065366067
25.2407171745827,55.30292809009552,257.04653399683315
25.2486745977547,55.31342089176178,45.686599665700534
25.245418910163497,55.31110346317291,91.631123301494
25.249101566705576,55.308807492256165,13.823628230399072
25.246355353832868,55.308045744895935,18.433669835719968
25.240901559797123,55.29619574546814,132.5627858037461
25.252827777490975,55.307777523994446,91.3508699769419
25.23888301169238,55.29760658740997,124.30293038045157
25.24432719211147,55.30637204647064,101.53974518306745
25.23563676667179,55.304542779922485,18.76143117886135
25.24125577271363,55.29710233211517,206.7120871488698
25.23785431562837,55.29972553253174,10.317409718687758
25.240979195593184,55.30445694923401,174.32003343897605
25.23746127379583,55.30222535133362,91.30347170026567
25.245540211563807,55.30887186527252,118.93715620798783
25.25078516828516,55.31143605709076,60.722831131234734
25.249499422786513,55.30910789966583,31.179283243305463
25.246476654298306,55.308029651641846,30.577803622405128
25.247121970738743,55.30670464038849,173.22720937442872
25.242949187322424,55.306811928749084,73.84192153915764
25.24361393102012,55.30712842941284,93.36559091858693
25.239402208758307,55.29638350009918,60.128723035971
25.249882721924862,55.31224608421326,57.67797984137458
25.251260648079437,55.30922055244446,43.351793898867236
25.240882150840363,55.30637204647064,67.69125444895363
25.23914988896587,55.296785831451416,78.19425561667622
25.2378057920141,55.299317836761475,33.331832168912655
25.23535532430519,55.304580330848694,37.22052875366152
25.24247852717717,55.30400633811951,81.10498931855737
25.23757287839599,55.302075147628784,94.72281585286392
25.235025356562858,55.30465543270111,29.2346974773669
25.243123864850673,55.30694603919983,71.13103372427565
25.23816971864892,55.30469834804535,59.5480783032497
25.241081092500252,55.30212342739105,257.9831960645648
25.235229160274173,55.30439794063568,52.046031764831106
25.24246397064877,55.30197858810425,145.13700145562257
25.24121695491013,55.30494511127472,147.01563794357665
25.237451569043145,55.30211806297302,84.3468597186201
25.24136737382962,55.30289590358734,238.63407142405364
25.242420301053116,55.3053206205368,12.568476804205803
25.24254645761998,55.29784798622131,213.389064833327
25.237577730767597,55.30125439167023,64.89122844725634
25.244254410559265,55.307273268699646,105.85385030647737
25.241420748240177,55.30538499355316,113.9472135778123
25.243968136030944,55.30724108219147,90.4568204557813
25.23914503665705,55.305578112602234,46.22725227065331
25.243366472112257,55.30292809009552,24.805631427578458
25.24431263580452,55.30723035335541,113.75767201169167
25.239542925338085,55.305798053741455,31.690408228558077
25.243473219153927,55.306060910224915,18.03366587634567
25.238193980385816,55.30170500278473,32.83586475111846
25.24332280284092,55.30596971511841,7.455532964163699
25.24133826050489,55.30535817146301,123.46344908758358
25.24357026183769,55.3070855140686,98.18699530565775
25.24236207490118,55.30547082424164,11.462598412497869
25.24236692708156,55.30562102794647,7.678932510657693
25.24030958522133,55.296818017959595,149.54608334450052
25.24005726731265,55.302525758743286,171.55895559498637
25.24385653730333,55.30615746974945,47.44122135041529
25.24418648107121,55.307321548461914,96.80614156138637
25.2422941443553,55.30569076538086,16.852652472479587
25.24305593473065,55.30697822570801,63.583357847605676
25.248427149153144,55.308764576911926,54.02350923372333
25.243342211407892,55.30151188373566,139.74851590305633
25.2463844659556,55.308035016059875,20.912454948258308
25.250202945594268,55.31058847904205,114.94517694340885
25.24146441819499,55.30299782752991,225.95952086279036
25.242585274998817,55.30172109603882,154.53481203298054
25.24235722272057,55.2971613407135,141.7874428557939
25.253317804519796,55.30714452266693,35.81629569606054
25.243385880672264,55.30437111854553,53.991536512050075
25.242298996538395,55.30167281627655,180.82698567774227
25.246850258971037,55.30815839767456,51.91473723380033
25.242905517901136,55.29821813106537,166.53138439886385
25.243201499227084,55.306795835494995,89.48439871858429
25.241493531489496,55.30127048492432,278.4800691560711
25.237742711286614,55.30221998691559,96.0331278563131
25.252983033793257,55.3086519241333,74.04411346444724
25.236131715460075,55.30458569526672,18.576559814657056
25.25405526721312,55.30610918998718,94.84715686273358
25.24283273549743,55.29817521572113,175.1590584501925
25.24189626468126,55.299232006073,210.57343646172464
25.240571607110567,55.29719352722168,199.9363687689185
25.23991169905011,55.29594898223877,60.127510025374185
25.24239118798063,55.30171036720276,170.46257560794442
25.240333846531115,55.30600726604462,86.27489871373355
25.251595423552818,55.30998766422272,11.528317743784765
25.24861637459968,55.31396269798279,12.181273865515319
25.248863822815792,55.31295955181122,62.64240482847676
25.24254160544676,55.30142068862915,183.57490816444835
25.24902878801322,55.31192421913147,145.1240713781495
25.24196419544953,55.30392050743103,109.8003976056864
25.241978752037795,55.306516885757446,110.32075305223775
25.239397356459538,55.29638350009918,60.1096797958664
25.250644464723877,55.311554074287415,68.53528036342149
25.24661736268652,55.30809938907623,47.690297432921724
25.243992396610352,55.30460715293884,47.71862414151067
25.239921403606388,55.30020296573639,187.46759161680123
25.239436174844187,55.296335220336914,55.06815348647232
25.24424955845423,55.30636131763458,94.0870637399237
25.24219710065246,55.29761731624603,195.35484344148068
25.242522196751892,55.297815799713135,210.07078811867285
25.24332280284092,55.3044193983078,45.37084190013805
25.23574837294707,55.30340552330017,69.63571026630432
25.244962815814674,55.31064212322235,92.02783870245061
25.236626662233107,55.30309975147247,131.821661051731
25.247912842604293,55.31427383422851,27.112874794564302
25.241939934465226,55.29748320579529,191.95158344659026
25.248427149153144,55.31358182430267,48.1019767358359
25.243473219153927,55.30433356761933,63.69462259788961
25.24714623068847,55.30823349952698,18.760701797223998
25.24675321890676,55.3081476688385,62.44314777881707
25.242235918142896,55.30112564563751,230.15649768142126
25.2363791890985,55.30237019062042,70.71329203558209
25.24990698132332,55.31224071979523,57.32445413716029
25.249077307146308,55.3129917383194,45.67317235746063
25.25374475715114,55.30624330043793,58.87697585849202
25.238383221767535,55.29834687709808,80.94643604841598
25.243652748057983,55.297831892967224,124.37144401897037
25.2424105966964,55.30399024486542,83.69349961026208
25.240775401522725,55.301302671432495,215.78005671045597
25.240586163865615,55.30518114566803,151.6192272935313
25.24357026183769,55.30437648296356,59.9075591166922
25.245181159067613,55.30660808086395,183.4387287690517
25.246549434519466,55.30807256698608,39.60692713784006
25.237199245201424,55.30193030834198,50.24367006356878
25.251687607941435,55.31026124954224,11.195848392081933
25.251134500560283,55.30944049358368,44.00618615531098
25.24040663043137,55.30573904514313,101.40585794445131
25.2444679029888,55.30639886856079,115.94971638810146
25.243968136030944,55.30724108219147,90.4568204557813
25.242536753273313,55.303078293800354,113.9907847575178
25.243575113969857,55.3002405166626,74.26774107485257
25.248936601606985,55.309011340141296,16.3692531739128
25.246908482972415,55.30823349952698,43.1985820177988
25.242590127170303,55.304033160209656,78.0125698747981
25.240435743979248,55.29720425605774,191.24159446316742
25.238189128038822,55.300133228302,42.23181945437634
25.244225297926164,55.30735909938812,96.77912023644666
25.248956009277265,55.31311511993408,43.4681014414635
25.24440967781794,55.30637204647064,108.93453276935092
25.248034141514836,55.31438648700714,8.744133650667267
25.239450731735246,55.296319127082825,53.50440774517585
25.241707028769422,55.30648469924927,95.35908145504509
25.2428084746865,55.30584096908569,13.11276970419505
25.253080068881417,55.30760049819946,57.9843723462023
25.24782065535129,55.31438648700714,30.89396612823371
25.243167534193503,55.3069406747818,74.82581028144011
25.24182833387502,55.29738664627075,188.48141705187393
25.244555240692776,55.30645251274109,127.31681998956756
25.248689153539075,55.31213879585266,149.6685551797415
25.25158571992887,55.30995547771454,14.38348656462915
25.23845600683589,55.29807329177856,87.59347276848888
25.243196647080012,55.30464470386505,17.87111097713422
25.244108847324057,55.307069420814514,114.61993517475486
25.247277234333225,55.30613601207733,235.60398848816578
25.247835211238012,55.3129380941391,135.58136555550993
25.24181377726873,55.29738128185272,188.81254320872785
25.243177238489764,55.30468225479126,13.919621074952147
25.251648793470537,55.31015396118164,13.823383459333774
25.24431263580452,55.30736982822418,103.1510382551707
25.24486092216236,55.30610918998718,143.4651247568531
25.24786432300617,55.30858755111694,23.615409360308277
25.24157116690741,55.297306180000305,197.7052545452914
25.2449288512734,55.306565165519714,169.2010975984809
25.23759714025205,55.301554799079895,79.7526798376031
25.24180892506624,55.3007447719574,257.5002190313594
25.239285753534578,55.300841331481934,88.32762780172185
25.24742764575113,55.313791036605835,66.09005624132126
25.244448494601613,55.30719816684723,127.05872910500364
25.248956009277265,55.30909180641174,20.46340502906209
25.24303167396428,55.30350208282471,98.24296235673711
25.24477358467809,55.306570529937744,154.76386029562624
25.2355445701062,55.30423700809479,16.069634242134093
25.243385880672264,55.30437111854553,53.991536512050075
25.247189898585745,55.306549072265625,191.68114986005233
25.242255326883463,55.30562102794647,19.984039314729863
25.240130051378515,55.302574038505554,181.16267142362142
25.23516607820956,55.30434966087341,55.94805177452875
25.241347964947224,55.30538499355316,121.93503660232064
25.23970790318968,55.29700040817261,133.59176605851667
25.24330339427084,55.30712306499481,74.73433802439158
25.241042274640975,55.3022038936615,256.40687572799044
25.25104231575193,55.30695140361786,171.36647918603342
25.2513285736124,55.30572295188904,80.3138208896165
25.24670955085253,55.30716061592102,105.654020155152
25.236772234429893,55.304065346717834,86.60589687715071
25.24692303896842,55.30818521976471,43.30704109422713
25.243196647080012,55.29746174812317,150.25521840661082
25.24403121352732,55.30458569526672,52.45007063478106
25.24251734457772,55.30576586723328,14.6750548513242
25.244691099218628,55.30591070652008,117.69435150655057
25.24450186765893,55.307074785232544,140.79795218132676
25.24220680502623,55.29762268066406,195.618226596852
25.24487547840364,55.30526161193848,121.34264586593929
25.237859167988717,55.302305817604065,91.14358022280776
25.240377516876492,55.297300815582275,196.1043686668516
25.23674312000449,55.301817655563354,6.294888338673713
25.240421187206167,55.30561029911041,109.01773456581994
25.240775401522725,55.305266976356506,162.47060129310057
25.244453346698705,55.30718743801117,128.26018984340283
25.241731289800217,55.306436419487,101.2454713013325
25.242027273986068,55.297536849975586,193.33911629507347
25.240624981870596,55.30275106430054,239.2478991730703
25.242376631441772,55.30671000480652,87.86130526673581
25.242061239338327,55.306543707847595,109.17782778549416
25.239436174844187,55.296335220336914,55.06815348647232
25.2410713880366,55.30520260334015,156.02327524129794
25.239261492015615,55.29702186584473,100.49140678453752
25.24433204421338,55.30697286128998,137.08308329160963
25.243337359266448,55.30706405639648,81.1831784904548
25.24148382705876,55.30636131763458,93.94232126452732
25.248708561248904,55.3133350610733,52.98590855809131
25.242561014138488,55.30673682689667,78.62510498040481
25.24037266461667,55.30588924884796,92.7027134570662
25.249839054995466,55.31118929386139,153.30057522508233
25.242449414118624,55.30065894126892,194.23046528593997
25.252294082438397,55.31023979187012,28.268064585944654
25.242895813583175,55.29987573623657,105.81660192212205
25.2437789033454,55.30615210533142,40.42601964623981
25.240023301400328,55.30591607093811,54.63267240823407
25.24341014136793,55.3069406747818,95.35651164279763
25.24543346633793,55.30924201011658,160.39021745927928
25.24265320538194,55.30672073364258,78.98839325408252
25.246641622736988,55.30646324157715,173.98871625640177
25.247534389225063,55.30743956565857,100.26692293040772
25.249489718995164,55.30893087387085,25.439580646382492
25.24200301301434,55.30471980571747,57.93766994197669
25.241124762577144,55.302037596702576,260.31586493314904
25.244268966873193,55.307283997535706,106.10731215637524
25.23839292644584,55.29828786849976,80.7480735039541
25.242226213771445,55.30565857887268,23.326568039297555
25.24114902372419,55.30625402927399,85.056982055034
25.244463050892307,55.30666172504425,134.1040811333342
25.248577559147492,55.31347990036011,44.87020059479339
25.249669239009677,55.3091561794281,14.784825004445958
25.24287155278482,55.30688166618347,63.68299130939693
25.24986331440263,55.3091025352478,4.927292768292947
25.242221361585436,55.30564248561859,23.722612741933368
25.24230384872132,55.30525088310242,24.658758089535958
25.243177238489764,55.30595362186432,17.19667275480904
25.240891855319106,55.30616283416748,90.87123572495747
25.241949638859523,55.30541718006134,55.6745830104499
25.244380565222045,55.30735373497009,108.69062676841483
25.24196904764581,55.30393123626709,108.51420072643334
25.24887837857753,55.313259959220886,43.9995686192365
25.243279133553894,55.306817293167114,93.28875011908369
25.2435217405055,55.30115246772766,156.65243439121014
25.252400821636485,55.30719816684723,31.64108047612557
25.244366008921503,55.30062675476074,86.05431194583909
25.242061239338327,55.30558884143829,41.77400816080539
25.2447299159124,55.305830240249634,117.2015885534769
25.23984861941554,55.30586779117584,39.9377222145678
25.247252974409648,55.30734300613403,109.48514645633745
25.24288610926442,55.30586779117584,15.995970670630136
25.24239118798063,55.305524468421936,5.316443299809472
25.249426644332488,55.31155943870544,148.34923252493337
25.254414293482768,55.30521869659424,176.52031389547122
25.24449701556378,55.30771315097809,74.42120719815449
25.24675321890676,55.30813157558441,63.04104828100269
25.23880537455733,55.304564237594604,116.46249273892622
25.252119418093727,55.309826731681824,36.34921290806201
25.24438541732185,55.307321548461914,112.1555677419866
25.2525706338038,55.30985891819,21.636067795881658
25.244191333178733,55.30725181102753,103.02863485867357
25.24038722139555,55.30591607093811,93.64077902133181
25.2527647045615,55.306543707847595,52.47658082154065
25.241018013472612,55.305288434028625,159.81352672435563
25.246001155780633,55.30627012252808,189.0746931608531
25.25104231575193,55.30964970588684,48.04773144485154
25.24003785822103,55.30609309673309,53.021193315088155
25.2467774789301,55.30718743801117,107.39501373484246
25.244836661756352,55.30748248100281,115.48557884085743
25.24833981423228,55.31366229057312,46.2237260412176
25.243958431797836,55.3071928024292,94.82363434088789
25.23815030925589,55.301812291145325,37.13533733551833
25.252337748485317,55.31023979187012,24.602241245414817
25.236311255208705,55.30235409736633,72.01076796220637
25.24468139504326,55.30486464500427,101.00049914078039
25.23707308308414,55.30212879180908,51.645477737645265
25.240954934412244,55.30520260334015,168.59172448231269
25.242104909063016,55.29996693134308,192.54325148965955
25.242371779261777,55.30571758747101,11.638644571415536
25.243701269337876,55.3044193983078,55.0440708445669
25.23893638719396,55.30217170715332,46.0180069934236
25.25163423804075,55.30996084213257,10.193182069864994
25.252459042977748,55.309268832206726,56.59395722748277
25.2492228644293,55.309048891067505,11.026257022528881
25.24249308370382,55.30188202857971,149.31549136394096
25.241265477162557,55.29711306095123,206.62875267462888
25.24729179028502,55.30734300613403,109.42648743467224
25.23897035341004,55.29725253582001,93.96160927406956
25.240916116512665,55.3044730424881,180.91872604278694
25.242852144142702,55.306828022003174,68.85619812956598
25.23826191322341,55.30010640621185,49.90459592378146
25.246539730492486,55.3119832277298,47.18459339144625
25.250707538754256,55.31189203262329,34.46295383794753
25.241779811847294,55.29918372631073,224.03463160636318
25.243468367017694,55.306044816970825,16.460783838627638
25.245603288244126,55.306806564331055,141.16270721233744
25.240979195593184,55.30619502067566,87.64071674681463
25.23914988896587,55.300771594047546,87.95986121590624
25.25263370683406,55.306763648986816,24.740215442729376
25.251595423552818,55.30998766422272,11.528317743784765
25.2398437671346,55.29546082019806,56.07366882924259
25.250770612751893,55.31144678592682,61.42360533312186
25.24265320538194,55.29793381690979,208.55169651019133
25.24136252160932,55.30651152133942,72.57811709140184
25.241551758057582,55.297284722328186,197.26402987032907
25.24079966273952,55.30519187450409,169.4405904648385
25.24167791552604,55.29733836650848,193.26001558996018
25.24160513238715,55.301034450531006,285.47664211819085
25.23962541429188,55.29625475406647,53.244631709220435
25.239081956624577,55.30388295650482,191.97008707383222
25.241018013472612,55.30517578125,162.50006141145477
25.238912125605225,55.30221462249756,48.08520042388052
25.241692472148618,55.30514359474182,93.51778743633898
25.23746612617188,55.301533341407776,65.83691697268097
25.240285323906704,55.2959007024765,100.63022404781361
25.242323257451048,55.306516885757446,97.68102856772079
25.242580422827142,55.30414581298828,65.57055515419496
25.251595423552818,55.30998766422272,11.528317743784765
25.23580174982513,55.30465006828308,13.395250176732864
25.244453346698705,55.30718207359314,128.6639412777772
25.251415906384707,55.31091034412384,28.979422310471342
25.24113931926594,55.304548144340515,155.1818942547712
25.249761424859997,55.30922055244446,10.236697206653602
25.25242508053208,55.30912399291992,71.01124840339253
25.24366730444399,55.306082367897034,26.241440707792908
25.24809721690046,55.30693531036377,169.48882926262823
25.242599831512692,55.29788553714752,216.4008253523828
25.24463287415472,55.30610382556915,118.80112523000889
25.24288610926442,55.30342161655426,101.22112308305874
25.239780687464787,55.304049253463745,227.07016086346647
25.240416334948108,55.29689311981201,163.7785543820364
25.2428084746865,55.29811084270477,182.49899454349656
25.24239118798063,55.30085206031799,213.38700677050835
25.241474122627267,55.302654504776,226.6009502362771
25.24366730444399,55.3069406747818,114.42288447938674
25.241983604233496,55.30309438705444,173.77815791566832
25.242905517901136,55.305835604667664,12.647894954673765
25.24003785822103,55.2959007024765,73.24015937205088
25.238344403046582,55.30434429645538,103.36439634430484
25.239746721475157,55.29995083808899,199.3084615653028
25.238160013952793,55.303582549095154,179.45881756133903
25.238907273286912,55.300567746162415,103.9152193328868
25.24829129480466,55.31249284744263,144.44250850801103
25.236893544460727,55.30262231826782,95.38798792933095
25.237859167988717,55.30415654182434,114.508221434426
25.24200301301434,55.305578112602234,48.08900352730184
25.25149838727866,55.30520260334015,30.360574762791163
25.24386138942404,55.30722498893738,87.48522220932115
25.243148125598637,55.300589203834534,135.20128922576714
25.246850258971037,55.30813694000244,52.829170852950625
25.242376631441772,55.30664026737213,94.96143301107554
25.246738662890422,55.30821740627289,61.9792105961944
25.240683208854804,55.30617356300354,89.80155420685519
25.236874134863925,55.30268132686615,101.6252605322894
25.251595423552818,55.30998766422272,11.528317743784765
25.246122456599707,55.311065912246704,67.77144559771845
25.241241216038773,55.30421555042267,153.7189840564304
25.24104712687405,55.30315339565277,240.29758852186816
25.243958431797836,55.30511677265167,19.69253873027814
25.239077104313058,55.303813219070435,197.51860838027852
25.247859471045302,55.31440258026123,26.349323576279943
25.251018056580193,55.307074785232544,174.33586971133394
25.242434857586744,55.29775142669678,204.1538184383088
25.242614388024805,55.305787324905396,12.235437821020255
25.23894609182807,55.29765486717224,131.89350881043427
25.243803163962586,55.30614674091339,42.04786296398612
25.242527048925908,55.30417799949646,61.888755199725466
25.24060072061893,55.30167281627655,196.18008158600142
25.24196419544953,55.305551290512085,52.25496004449936
25.252323193138096,55.30934929847717,61.058353237611335
25.241236363813428,55.30487537384033,143.84908388568738
25.239635118871007,55.29702186584473,133.95195641887986
25.249824499348833,55.312272906303406,57.67753873073406
25.24160998459776,55.303823947906494,143.3487228756669
25.24256586631095,55.305776596069336,16.460095130626605
25.2429637437927,55.30691385269165,64.16728406330574
25.253278990569797,55.30722498893738,35.17494114203777
25.247874026927363,55.30859291553497,24.747985532048354
25.24400210084076,55.30624330043793,65.12327084402268
25.24887837857753,55.313259959220886,43.9995686192365
25.24479299301335,55.305535197258,113.76954916558802
25.253070365376104,55.308319330215454,65.88475532981498
25.24143530489353,55.29719352722168,198.62169925616416
25.238334698364422,55.30262231826782,88.52738924495605
25.248858970894844,55.30889868736267,5.949375561803633
25.238718032721096,55.297579765319824,116.08312179312848
25.24884441513079,55.3132438659668,48.10342821889236
25.242386335801218,55.2977192401886,201.49398692250796
25.251144204220267,55.30815303325653,113.147605686176
25.2516439416608,55.31063139438629,29.89231637945395
25.237752416016036,55.300793051719666,46.15709251493297
25.24961101633133,55.31298637390137,30.094876953125624
25.24253190109971,55.297837257385254,212.3418088920955
25.24111505811696,55.30460178852081,157.17715479113517
25.246850258971037,55.30815839767456,51.91473723380033
25.244060326206903,55.30735373497009,85.15643501365763
25.24494340750651,55.31057238578797,98.12804610745508
25.237194392814715,55.302032232284546,54.789502560416956
25.246350501811705,55.30809938907623,21.417616999475726
25.251590571740948,55.30998766422272,12.00861839590433
25.250770612751893,55.31144678592682,61.42360533312186
25.23903828581369,55.30217170715332,54.17213911110981
25.251648793470537,55.31015396118164,13.823383459333774
25.245884706880403,55.30798673629761,25.96596574646297
25.24334706354917,55.306028723716736,13.999853888226982
25.24610790050781,55.311318039894104,49.186300528055625
25.249839054995466,55.312299728393555,54.29017082970921
25.24884441513079,55.31323850154877,48.265555763294515
25.243366472112257,55.30148506164551,142.36636563566273
25.25059109436492,55.30917763710022,17.374844583920538
25.248907490095732,55.30925810337067,38.59374278668099
25.248388333640506,55.31387686729431,22.49470078159569
25.248111772754015,55.30689775943756,173.9222653230246
25.246850258971037,55.30814230442047,52.591941129131875
25.242658057550727,55.3066349029541,88.46061521191517
25.237868872708887,55.304290652275085,99.58380026198462
25.25177979226011,55.30967116355896,20.512834251314295
25.24862122653032,55.31348526477814,41.718769217865095
25.247937102396097,55.31385004520416,44.68026179019521
25.24864548618068,55.31349062919617,39.883816555437086
25.251648793470537,55.31013250350952,11.583617488428077
25.251629386230434,55.30996084213257,10.514997299174446
25.252895702147654,55.307831168174744,87.446942618104
25.251595423552818,55.30998766422272,11.528317743784765
25.240110642298543,55.30593752861023,63.187174825026425
25.247325754165782,55.308319330215454,4.557285049257828
25.241081092500252,55.305331349372864,152.1163054887671
25.244463050892307,55.30716598033905,130.6691910775643
25.251629386230434,55.30996084213257,10.514997299174446
25.24302682181043,55.30686557292938,72.200805724725
25.23772330182541,55.30171036720276,84.52012918107705
25.24953823794415,55.3074449300766,169.15308728452052
25.239251787406644,55.296812653541565,89.8669994011243
25.242371779261777,55.30545473098755,12.139170109892609
25.24251249240332,55.297805070877075,208.99249469418933
25.247485869475796,55.30836224555969,9.929156740341496
25.241818629471027,55.30489146709442,80.26588754493459
25.23874229434857,55.30051946640015,89.32083454554835
25.24494825958385,55.31057238578797,98.344067497991
25.242240770328337,55.306785106658936,88.20698663854338
25.24649606236153,55.30814230442047,37.30402270861531
25.241503235919453,55.29724180698395,197.2625792918942
25.25316254864542,55.30743420124054,45.67455633357616
25.247883730847732,55.314032435417175,36.57538976146221
25.253604057017967,55.30683875083923,26.63855601186975
25.23918870742959,55.30559420585632,45.11672250509662
25.25124609260314,55.31100153923035,37.428665039644635
25.252861739824056,55.30791163444519,95.41019763747566
25.244831809674565,55.30539572238922,116.53889883920462
25.24441452991657,55.30689775943756,148.99636570530234
25.24275995305015,55.304269194602966,51.905209534633414
25.24236692708156,55.3054815530777,10.248706251942798
25.25204664120932,55.30999302864075,20.469462580310996
25.246549434519466,55.31284689903259,96.79032879859163
25.247514981327697,55.30668318271637,183.31852980418418
25.24160513238715,55.30546009540558,92.57481911676118
25.248737672807792,55.31344771385193,40.91338292390241
25.25429300094281,55.30524015426636,164.95105399640113
25.247383977939307,55.308319330215454,1.4016173484260612
25.246544582506075,55.312042236328125,53.74435637945987
25.25006224135865,55.31048655509949,130.55317387776205
25.24251734457772,55.29723644256592,146.2675147007628
25.235782340054016,55.30467689037323,17.066813096522687
25.244307783701817,55.30743956565857,96.67854158320674
25.24330339427084,55.30028343200683,99.53893350795221
25.236738267599563,55.30291736125946,127.30099142750079
25.23580174982513,55.30443012714386,4.295632591441569
25.237902839223253,55.30217170715332,78.1957677969636
25.238286174941933,55.29848098754883,75.84267016278272
25.24477843676219,55.30651152133942,151.77052652020492
25.2426095358543,55.30409753322601,70.82218163945157
25.237922248655806,55.299591422080994,17.79874905041287
25.23795621515528,55.29972553253174,21.49436030184217
25.23990199449308,55.30014395713806,191.21602629118598
25.242769657378982,55.298041105270386,191.29116661174467
25.244438790406875,55.30725717544556,121.1493458651599
25.240493971054136,55.305063128471375,153.48277512549637
25.24282788333565,55.2981698513031,175.95875089794535
25.24230870090402,55.29973089694977,165.16205730703732
25.2444679029888,55.30716061592102,131.46925092731564
25.24822821951979,55.3069943189621,167.31205384639253
25.24411369943472,55.30468225479126,51.34489927216408
25.23543781610084,55.30446231365204,30.371825056692145
25.238611281502713,55.30084669589996,72.9136341321145
25.240392073654775,55.30211269855499,184.9825767633106
25.24869885739436,55.31339943408966,47.14293370239139
25.240760844790344,55.306028723716736,105.80275317421966
25.24323546425117,55.3029066324234,34.86896864537784
25.25013987130191,55.31095862388611,126.23304432125893
25.237155573714105,55.30187666416168,43.782909071208515
25.2353747341445,55.304548144340515,40.59628274362907
25.238747146673475,55.30261158943176,83.85641065642496
25.244152516312937,55.307321548461914,94.3241954392177
25.242226213771445,55.29763340950012,196.16710066785737
25.25226497173172,55.307514667510986,69.08920416503175
25.24329854212786,55.304558873176575,32.618489742144064
25.24361393102012,55.30026733875275,72.36281541946735
25.252934516220137,55.30594825744629,17.344793871181352
25.24226017906811,55.3024023771286,144.58283205607958
25.23938765186145,55.299805998802185,174.36357261367056
25.246442690180203,55.310293436050415,140.945976084355
25.23554942255879,55.304580330848694,27.99271431089665
25.24116358041009,55.30442476272583,154.976639909467
25.24941694053533,55.30888795852661,18.847057552753917
25.24457464906293,55.30469834804535,94.30147838838512
25.24856300334973,55.31350135803223,43.95768262201096
25.237888282146827,55.30072331428528,33.820620657031895
25.24345381060786,55.30696213245392,98.09425118855371
25.243206351373956,55.30177474021912,114.45579968014935
25.242944335165262,55.30365765094757,118.01330149539481
25.247869174966866,55.31442403793335,25.031596429351485
25.247937102396097,55.31447768211365,18.012982824757827
25.25225526816128,55.31010031700134,42.23405685003103
25.244463050892307,55.30660808086395,129.99281118027116
25.24837377782008,55.31390368938446,19.383566628981665
25.251629386230434,55.30995547771454,10.99106253343756
25.24887837857753,55.313259959220886,43.9995686192365
25.246816294957355,55.3131365776062,64.65550743133542
25.25085794592532,55.30760586261749,170.00526809917278
25.246549434519466,55.30807256698608,39.60692713784006
25.243939023329276,55.30714988708496,98.33659899874631
25.248849267052336,55.31323850154877,47.74845495496954
25.251590571740948,55.30998766422272,12.00861839590433
25.239251787406644,55.301538705825806,45.71171241479425
25.249251975864965,55.3128308057785,58.68225598719716
25.24963527578403,55.3073912858963,178.73075959486036
25.24119754600372,55.30115246772766,264.3613557427656
25.244021509299245,55.30495584011078,27.099696380763202
25.247524685276773,55.30519187450409,222.37960399720234
25.244938555429,55.3106153011322,93.55540410854682
25.254035860357504,55.306050181388855,94.15274408328575
25.25147898001454,55.31109273433685,25.867279515814634
25.24887837857753,55.313259959220886,43.9995686192365
25.24253190109971,55.30174255371094,156.82113962688135
25.24167791552604,55.29674828052521,145.57019527036832
25.242371779261777,55.305529832839966,7.182091909363674
25.251847717502784,55.30523478984833,13.348205600418659
25.24458435324682,55.306291580200195,121.19586728467132
25.23978553974824,55.304054617881775,226.53699632560415
25.24065409536618,55.3029602766037,252.55993011901157
25.23691780645234,55.30168354511261,11.764753896016817
25.235001094193507,55.30462861061096,32.68658124123759
25.248723117029215,55.3138393163681,6.554614853934966
25.24714623068847,55.31337797641754,51.10046545229151
25.24129944272775,55.30364692211151,181.9336295538121
25.251629386230434,55.30996084213257,10.514997299174446
25.246369909895098,55.30811548233032,24.21354522640519
25.245132638378635,55.30666172504425,181.75455082199034
25.245481986906785,55.309295654296875,163.2580118157664
25.238921830241296,55.3022038936615,47.76064472696418
25.247883730847732,55.314053893089294,35.66264440102243
25.241876855883348,55.303062200546265,184.68612739552492
25.243531444773495,55.30712842941284,93.69187290459378
25.243885650024765,55.30448377132416,52.46812939508313
25.241949638859523,55.30541718006134,55.6745830104499
25.24713652670917,55.30836760997772,17.12065322985506
25.243143273449434,55.304301381111145,48.99507735389145
25.239770982897284,55.304033160209656,228.73355086137826
25.244438790406875,55.30736982822418,108.90479446309669
25.24239118798063,55.30550837516785,6.2621930499695475
25.246850258971037,55.30814230442047,52.591941129131875
25.24888323049771,55.31326532363891,43.33112342152295
25.244448494601613,55.3071928024292,127.46072290522518
25.24355085330714,55.30721426010132,84.02750510304799
25.24277450954308,55.30695676803589,53.156653905653116
25.246355353832868,55.308051109313965,18.714577132294792
25.242352370539805,55.30662417411804,97.6598693378683
25.23970790318968,55.29571831226349,36.85022216284593
25.24687451897502,55.3131902217865,58.81192427889172
25.246850258971037,55.30815839767456,51.91473723380033
25.238878159372888,55.302268266677856,51.186103715304625
25.24146927041123,55.30540108680725,108.35352258386318
25.244453346698705,55.30662417411804,130.4294627030593
25.235491193115223,55.303807854652405,26.564822448398584
25.25287144334608,55.307809710502625,88.6200755914076
25.24467654295529,55.30593752861023,117.6331223174159
25.24781580338866,55.30673682689667,183.34034563842593
25.242381483621585,55.30544400215149,12.587796292026438
25.24226017906811,55.3024023771286,144.58283205607958
25.251648793470537,55.31018614768982,14.635111230366483
25.24685511097223,55.3081476688385,51.863541544291984
25.244836661756352,55.30616819858551,142.5135959100081
25.24168761994129,55.29733836650848,192.62690487423555
25.24239118798063,55.305524468421936,5.316443299809472
25.23857246285461,55.297971367836,102.34709301803255
25.24642813412667,55.310792326927185,85.69078022661395
25.249014232269516,55.313029289245605,45.81993377268995
25.23815030925589,55.30169427394867,37.82698124399135
25.24231840526889,55.305583477020264,13.652485940834183
25.24152264477702,55.30542254447937,102.15489273092116
25.25018353812318,55.31194567680359,68.30386536995223
25.24463772624445,55.30601263046265,116.99262623566855
25.251527498169057,55.31075477600098,24.286269569571928
25.242313553086575,55.306763648986816,85.79711842494177
25.245826482388463,55.3114253282547,73.8361457204003
25.24434660051803,55.30711233615875,125.97751503007876
25.2487328208818,55.31336724758148,48.51222129042901
25.244521276037588,55.30700504779816,147.8383297092174
25.243875945785064,55.30618965625763,51.32227598877762
25.239052842752415,55.30065894126892,96.42992052797824
25.240988900064195,55.30525088310242,163.77176447926965
25.251629386230434,55.30995547771454,10.99106253343756
25.239426470249185,55.30400097370148,209.53098731466406
25.245016188646048,55.31070113182068,89.21265964427644
25.238373517088466,55.298330783843994,79.49843244140088
25.240615277370495,55.30513823032379,157.198131249981
25.248635782321116,55.310057401657104,131.75810688271847
25.23641315602916,55.304805636405945,12.38301028849109
25.24408458676791,55.304574966430664,57.62003315156523
25.246345649790385,55.30810475349426,21.435306648255846
25.249397532938687,55.31161308288574,144.80065763879745
25.242342666177635,55.30548691749573,12.042541575449748
25.24444364250435,55.30723035335541,124.06548651927874
25.248136032506096,55.30692458152771,171.7122601789949
25.252861739824056,55.30791163444519,95.41019763747566
25.25015927877996,55.30539572238922,94.3261616753754
25.24892204585224,55.31294345855713,59.63359383530496
25.239072252001307,55.29841661453247,157.4706986879676
25.240130051378515,55.30495047569275,140.72448418760422
25.245278200387418,55.30773997306824,96.63604050352696
25.251522646354474,55.30988037586212,18.504303907222187
25.24471535965368,55.30648469924927,144.23370617168263
25.244754176339725,55.30569612979889,113.98222853143442
25.238989762672105,55.30222535133362,54.405294219803345
25.251629386230434,55.30995547771454,10.99106253343756
25.236277288249568,55.30359327793121,87.94894540281214
25.24144986154512,55.29719889163971,197.9016607285124
25.237087640258196,55.303786396980286,127.5941615842219
25.251590571740948,55.30999302864075,11.756843221339256
25.24636020585379,55.31012177467346,160.47538589972237
25.252798666912213,55.30588388442993,10.029505943671053
25.238606429172393,55.30096471309662,59.91437597009246
25.23983891485348,55.30011177062988,189.87878779796614
25.250464946150473,55.30923664569855,9.72609023281213
25.24832040646355,55.30858755111694,67.63455831356892
25.248558151416745,55.313506722450256,43.84289988659611
25.242551309793015,55.301785469055176,151.90735737560595
25.247369421998528,55.31365692615509,59.53395497296533
25.243463514881284,55.29760658740997,128.1653120558251
25.246010859850628,55.3069406747818,114.81560022669298
25.242284439988495,55.299784541130066,168.7423527787373
25.241401339366305,55.302793979644775,234.4130610486121
25.237126459380505,55.30134558677673,22.805144795144376
25.252512412516054,55.30919373035431,59.60084109641133
25.248111772754015,55.30695676803589,167.5719363008445
25.251115093238027,55.30790090560913,139.71759606856276
25.24756835303802,55.30850172042847,1.6311928128856972
25.2378057920141,55.303335785865784,184.48945867182107
25.23785431562837,55.29975771903992,11.640869662527228
25.251590571740948,55.30999302864075,11.756843221339256
25.24220680502623,55.29762268066406,195.618226596852
25.23545237347072,55.30459642410278,36.578575697794086
25.237927101013454,55.30343234539032,188.54961156199482
25.241794368457647,55.30551373958588,71.17902870246553
25.251158759708773,55.30793845653534,136.64469897470207
25.242638648874475,55.304794907569885,4.311339430409582
25.249751721089567,55.30687093734741,237.12782284213404
25.237830053823657,55.299827456474304,15.463126067126268
25.24475902842461,55.30572295188904,115.48407310603332
25.24705404285379,55.30834078788757,25.76019343058168
25.250887056969177,55.30944585800171,34.26186421487757
25.239969926376048,55.30251502990723,162.32407799207186
25.24292977869267,55.3037166595459,113.20291752139534
25.250770612751893,55.31145751476288,60.795726653866076
25.24156631469523,55.29673755168915,154.76648003169714
25.23880052223474,55.297805070877075,131.72994478630173
25.237742711286614,55.30376493930817,159.15992653863913
25.24420103739328,55.30719816684723,108.3557457122409
25.24711226675751,55.30666172504425,176.4951079942444
25.25280837043924,55.3078418970108,96.47814612887571
25.248849267052336,55.31323850154877,47.74845495496954
25.248795895904692,55.31294882297516,68.95436952267396
25.24640387403356,55.31041145324707,128.0534339874113
25.244453346698705,55.30740737915039,105.20077647551125
25.239664232603715,55.29616892337799,48.02048891291142
25.239397356459538,55.29638350009918,60.1096797958664
25.24929079110169,55.312777161598206,64.70441270234123
25.235952175446272,55.30475199222565,21.829970006600206
25.240270767115614,55.305020213127136,141.90368136888063
25.243968136030944,55.30724108219147,90.4568204557813
25.24748101749981,55.306779742240906,172.34416125113594
25.24554991567061,55.30870020389557,102.73741772799295
25.243002561038267,55.3068870306015,68.8071007690649
25.24236692708156,55.30519187450409,19.77465020131101
25.24590896707717,55.30786871910095,25.757679496911415
25.24854359561664,55.313522815704346,43.58556252496894
25.251891383710188,55.30941367149353,50.69731280438341
25.241182989321914,55.304301381111145,156.53711541900248
25.244370861021892,55.307058691978455,132.25287824430046
25.253211066127477,55.30778288841248,56.15231703674646
25.251532349983435,55.30959069728851,34.11256127714511
25.247223862495005,55.30641496181488,206.13956642287224
25.25228923065444,55.30942440032959,59.80703115594511
25.24429807949581,55.307262539863586,110.06952755134873
25.250299982903183,55.310781598091125,104.97247469978235
25.24887837857753,55.313259959220886,43.9995686192365
25.24661736268652,55.30809938907623,47.690297432921724
25.25134312907882,55.30566394329071,74.05583602329612
25.25345850498455,55.30747175216675,13.614789403730647
25.251629386230434,55.30995547771454,10.99106253343756
25.239766130613248,55.3058785200119,32.20717160590626
25.244021509299245,55.304580330848694,52.106600669692604
25.247024930891456,55.3082549571991,30.09536306897335
25.243381028532568,55.29772996902466,142.64371717505568
25.24165365448459,55.30547082424164,87.09872708914199
25.24004756276723,55.30592679977417,56.798481710499075
25.252245564590055,55.30989110469818,44.95571693899033
25.246850258971037,55.30813694000244,52.829170852950625
25.24531216483105,55.30983209609985,185.40777592182442
25.24929079110169,55.30884504318237,12.896823664363199
25.241124762577144,55.29702186584473,213.01958180210826
25.24423015003218,55.30634522438049,91.28861075931802
25.2363791890985,55.30386686325073,86.67223771232597
25.243992396610352,55.30716061592102,99.66062149271391
25.246292277542963,55.306286215782166,187.07799256100597
25.250290279175783,55.3118759393692,65.53517151069548
25.24854844755022,55.31238555908203,134.01264236991355
25.24386624154458,55.304564237594604,43.468164175189315
25.24554991567061,55.308812856674194,112.870738775975
25.239426470249185,55.296351313591,56.73690074756187
25.244754176339725,55.306575894355774,153.28710148440322
25.244744472169387,55.305771231651306,115.94907354698415
25.24511323009763,55.30666172504425,183.0590467998408
25.248368925879532,55.30876994132995,60.24462506948272
25.245729441506494,55.30686557292938,129.9032045397541
25.248771636284378,55.313318967819214,50.69878939564666
25.247762431787052,55.31409680843353,47.467501033493654
25.247558649092426,55.31395196914673,73.44701728568792
25.244065178319502,55.30496656894684,31.680059939203698
25.250469798007305,55.30911326408386,23.03954573444175
25.237393340510778,55.30151724815369,58.02661070354378
25.248849267052336,55.31323850154877,47.74845495496954
25.235986142496245,55.30476272106171,23.056230293656082
25.252594892665485,55.30672073364258,28.944565066006426
25.247704208194904,55.31411290168762,53.618695736096036
25.23654417124422,55.30334651470184,127.8369620425581
25.245219975604822,55.30921518802643,147.37004580840224
25.242536753273313,55.304038524627686,77.38143047214676
25.23963026658151,55.30477881431579,144.97546475075526
25.24887837857753,55.313259959220886,43.9995686192365
25.24730149425191,55.308308601379395,2.839847656755341
25.236781939236806,55.304059982299805,87.43423681634052
25.251595423552818,55.30998766422272,11.528317743784765
25.2486745977547,55.30887186527252,25.331689110760436
25.24275995305015,55.3068870306015,60.63910992662872
25.2511830188524,55.30619502067566,132.23017151056885
25.25422992877417,55.30539035797119,148.5771850687238
25.245705181273937,55.30824422836304,55.04309079949292
25.244749324254656,55.30745029449463,113.1927108780344
25.25098409373166,55.30889332294464,29.483635646380044
25.24494340750651,55.31057238578797,98.12804610745508
25.248655190039443,55.30996084213257,121.03427170329292
25.24624860932306,55.30706405639648,100.60458105009084
25.25255122671099,55.30690312385559,9.495298856627269
25.24449701556378,55.30645787715912,122.34989210825039
25.25098409373166,55.30868947505951,51.05684161601392
25.244904590880935,55.30524551868439,124.60729213131565
25.2463844659556,55.3080028295517,19.95295787848742
25.239334276558026,55.30473053455353,142.32674392259003
25.2437303820965,55.307267904281616,79.15443796494483
25.251139352390386,55.306527614593506,158.2152963215676
25.237592287881213,55.30282080173493,147.63264666082412
25.247529537251012,55.305309891700745,232.23389972576737
25.239047990439687,55.29748857021332,120.607062232655
25.253225621368316,55.30770242214203,49.05661048809099
25.244846365919344,55.306565165519714,161.29888732042696
25.24644754219763,55.31024515628815,146.2899478680429
25.241280033834514,55.30409216880798,155.52780974168928
25.25274529749969,55.30946731567383,23.304082073046647
25.243502331967207,55.30121684074402,164.02227368887716
25.246918186969936,55.30724108219147,112.93563960941124
25.24714623068847,55.3066349029541,181.09368824655073
25.24641843008999,55.30808866024017,26.859992104132186
25.249077307146308,55.30896842479706,1.3263981634857245
25.241246068263905,55.30535280704498,133.65712273623677
25.24882500744266,55.31018614768982,139.32685012081936
25.247262678379656,55.313565731048584,50.24525284102739
25.252216453871753,55.30985891819,43.444544403805395
25.24783035927597,55.31412363052368,39.57348211729597
25.241891412482076,55.29744029045105,190.18622196132893
25.24820395978614,55.31383395195007,28.184674591495245
25.24990698132332,55.31112492084503,153.6502714728232
25.240950082175473,55.305272340774536,167.55178044218576
25.24801958565196,55.31385004520416,37.91596101608992
25.245195715270498,55.30665636062622,178.11620280237472
25.249751721089567,55.31236946582794,53.47170750085809
25.244817253428067,55.30545473098755,115.30823103334016
25.24884441513079,55.31323850154877,48.265555763294515
25.250280575447604,55.30925810337067,17.81717100177424
25.24366730444399,55.30086278915405,120.6695094428676
25.25135283272212,55.30563712120056,71.30102698909808
25.242269883436848,55.29766023159027,197.79741810159052
25.24888323049771,55.31324923038483,43.795848614862955
25.237019706764343,55.3039687871933,106.08519641005739
25.2455935841416,55.31125366687775,103.9215108219255
25.251847717502784,55.31071722507477,26.941792741729774
25.237611697363363,55.3016459941864,83.06549548002232
25.24638931797537,55.3080028295517,20.482429108250294
25.244652282512476,55.30471980571747,101.61781201874247
25.251944753497895,55.31058847904205,35.48300592122811
25.24269687489391,55.29717206954956,137.64345322103296
25.24754894514608,55.3052294254303,223.89040340515305
25.252866591585175,55.30884504318237,55.61913661951578
25.251590571740948,55.30999302864075,11.756843221339256
25.245690625132028,55.311323404312134,91.27546175012083
25.248611522668824,55.30867874622345,38.54270306797324
25.24160028017633,55.2967643737793,153.47826923166159
25.247898286726898,55.31290590763092,136.6245871922479
25.246966706945894,55.30820667743683,37.92596367085237
25.245088969741985,55.310781598091125,86.68646527947622
25.252653113913723,55.308818221092224,69.72671576556067
25.24944120002679,55.31265377998352,62.68072753718547
25.24341014136793,55.30017614364624,83.22248930069846
25.2409646388852,55.30523478984833,166.77042469310283
25.244836661756352,55.30612528324127,141.27189105916744
25.2541620048636,55.30549228191376,135.5351652463545
25.254200818531416,55.305771231651306,122.30070150434597
25.2409646388852,55.30516505241394,168.53404266485896
25.241202398230612,55.30500411987305,149.35918965543175
25.25076090906208,55.30923128128052,10.895948862283365
25.23840748346184,55.298282504081726,82.25947950902518
25.24887837857753,55.313254594802856,44.15267532467279
25.248849267052336,55.31323850154877,47.74845495496954
25.2513964991074,55.30967116355896,38.26802102945635
25.24488518256352,55.31060457229614,91.95953503826549
25.237689335260853,55.3022575378418,103.26177776748555
25.246355353832868,55.308045744895935,18.433669835719968
25.242682318391672,55.30282080173493,92.4454577209959
25.247786691608862,55.31411826610565,44.45702064284487
25.246850258971037,55.30815839767456,51.91473723380033
25.242502788053955,55.30667245388031,87.06790852900727
25.247058894846845,55.30835151672363,25.313071210923255
25.251595423552818,55.30998766422272,11.528317743784765
25.237587435510207,55.30111491680145,56.9746026281572
25.242599831512692,55.30296564102173,103.90558838591683
25.248567855282516,55.3134959936142,44.0867903080354
25.252624003293093,55.30987501144409,15.851412732188773
25.241042274640975,55.305304527282715,156.85140523287632
25.25050861285493,55.30941903591156,11.397686318690733
25.25247845008532,55.310052037239075,30.51636847908437
25.252163084203417,55.30973553657532,44.850550025633396
25.247869174966866,55.31440794467926,25.200267147602457
25.24863093039103,55.30871629714966,34.54454972962455
25.25280837043924,55.3078418970108,96.47814612887571
25.244341748416673,55.30743420124054,98.7742654425763
25.245093821813512,55.306023359298706,162.91494688418078
25.250615353621896,55.309279561042786,11.395811149134024
25.25115390787944,55.30968189239502,40.36724366527125
25.251648793470537,55.31018078327179,14.778067752731944
25.24884441513079,55.31323850154877,48.265555763294515
25.251648793470537,55.31014323234558,12.697039712836101
25.237019706764343,55.30397415161133,105.55183619142846
25.248960861194348,55.30884504318237,4.335683111155699
25.25003313011713,55.31213879585266,64.78515701970858
25.251629386230434,55.30995547771454,10.99106253343756
25.25123153712512,55.30921518802643,40.0679606874166
25.2529490714941,55.30615210533142,31.936500981815996
25.246627066707305,55.30810475349426,48.8976632194047
25.245477134850773,55.30923664569855,157.6199442269449
25.24072687907463,55.30614674091339,92.64051705287196
25.251658497089423,55.31024515628815,13.60690043996105
25.252410525195316,55.305551290512085,19.143224746633255
25.24131399939563,55.30421018600464,146.49866831070014
25.251216981645328,55.311065912246704,44.62765526982564
25.248029289560748,55.31282007694245,140.01687988297473
25.249717757886984,55.307310819625854,189.66444447240548
25.240246505793262,55.30611455440521,76.24964885796864
25.25208545555309,55.310019850730896,24.287740716333126
25.245161750794335,55.30666172504425,179.828457612127
25.24357996610182,55.30610918998718,24.0298230599197
25.25434151797333,55.30519723892212,172.13679774620414
25.246714402859325,55.30819058418274,61.35211242870274
25.2459671915296,55.30798673629761,16.84863062403215
25.244026361413376,55.307273268699646,90.46296273034895
25.2474227937728,55.31372129917145,65.06261543761781
25.242012717403625,55.30644178390503,101.18507631871391
25.25091131616705,55.307793617248535,149.1912820471912
25.252861739824056,55.30791163444519,95.41019763747566
25.24451642394321,55.30639350414276,120.12821313216637
25.25050376099965,55.30945122241974,15.008445093069257
25.246990966926603,55.31322777271271,57.12211339219283
25.248902638176503,55.30893623828888,7.596514163615588
25.24713652670917,55.30661344528198,182.43638767377473
25.23821338977187,55.29904425144195,80.67047570820907
25.246850258971037,55.30815839767456,51.91473723380033
25.25217278778123,55.310271978378296,34.497582373598654
25.251139352390386,55.31109273433685,48.796127187173624
25.24856300334973,55.30871629714966,41.29413176831448
25.252061196589665,55.30925810337067,73.4588620421349
25.25119757433625,55.30958533287048,50.18586146078189
25.248849267052336,55.3132438659668,47.58456560542707
25.247743023926105,55.31416118144989,48.96758441700008
25.244652282512476,55.30599117279053,117.52514691688734
25.242284439988495,55.305084586143494,34.00025307226326
25.24678233093418,55.30823349952698,56.878497756292944
25.251648793470537,55.31014859676361,13.258801329160345
25.245011336571437,55.30661880970001,180.10384160078635
25.242658057550727,55.297064781188965,125.83709216612631
25.246850258971037,55.30815839767456,51.91473723380033
25.251619682609217,55.3106689453125,30.312052125898628
25.240993752299417,55.29695212841034,213.91250898684606
25.242386335801218,55.2977192401886,201.49398692250796
25.249824499348833,55.30900597572327,14.806329102992786
25.244540684413153,55.304773449897766,88.01015010992008
25.235670733809897,55.30462324619293,21.726825453815106
25.245656660794182,55.3080028295517,51.34196235854963
25.238116342810656,55.30441403388977,87.67409345738042
25.24212431782449,55.30269205570221,154.31116409465542
25.24008638094423,55.298046469688416,242.6813845106467
25.242269883436848,55.3052294254303,28.728509362164377
25.244205889500225,55.301055908203125,130.20489384348636
25.235282537380215,55.30445158481598,46.81865521853781
25.245346129265172,55.30666172504425,168.5599836612441
25.23914988896587,55.30173182487488,42.70416739173446
25.242425153231196,55.30491828918457,21.027809231755466
25.24887837857753,55.31326532363891,43.854013059344204
25.2407462880562,55.303550362586975,237.22729412821525
25.244851218000537,55.30665099620819,166.8736835054654
25.253604057017967,55.30695676803589,14.32833810353701
25.241377078269636,55.30622184276581,99.10044719861867
25.252667669221424,55.308823585510254,68.27789325556245
25.243143273449434,55.30677437782288,87.61989974514324
25.241765255235208,55.30209124088287,207.67533078204593
25.247699356227617,55.31297028064728,126.77345363373004
25.25287144334608,55.308796763420105,60.52935920620912
25.246670734791152,55.30812084674835,54.05958726451685
25.24497251996756,55.31062602996826,94.10771798523436
25.245219975604822,55.30664026737213,178.05956538922825
25.243308246413665,55.30160307884216,130.330505773401
25.238305584313252,55.29915153980255,79.16207684831684
25.24088700307982,55.30296564102173,267.6631492143069
25.246515470421684,55.3082013130188,42.75833171281246
25.249509126577095,55.309032797813416,28.661084221991764
25.241779811847294,55.303062200546265,195.28780884179864
25.245501395128883,55.30683875083923,142.96010517459547
25.246850258971037,55.30813694000244,52.829170852950625
25.247844915161508,55.314279198646545,32.77832246311452
25.239756426044593,55.30584633350372,34.12042593474222
25.246156420807353,55.31117856502533,55.56374737326488
25.2520903073452,55.30962824821472,42.95690801779453
25.238029000479315,55.29939293861389,38.41663675464538
25.23826191322341,55.30010640621185,49.90459592378146
25.247243270438872,55.306286215782166,219.36300649563253
25.24265320538194,55.30121147632599,196.52556830006029
25.241207250457336,55.30436038970947,152.05441939512195
25.248131180556054,55.313801765441895,34.51840309185953
25.24111505811696,55.30462861061096,156.92390410209478
25.250018574493765,55.30596435070038,152.64696410929525
25.248960861194348,55.30917227268219,27.381513210217875
25.24025135805813,55.30239164829254,185.05573363694717
25.2462874255193,55.31076550483704,90.96967952712986
25.244822105510437,55.306565165519714,159.00030524674904
25.24453098022576,55.30738592147827,109.81205011499918
25.23834925538739,55.29860436916351,88.66900546467518
25.248169996150864,55.307042598724365,160.19233846742725
25.245069561454,55.30768632888794,117.21265124869373
25.236849872863587,55.30169427394867,8.378416351916865
25.25280837043924,55.3091561794281,30.845718317521534
25.237577730767597,55.30227899551392,105.3910573952775
25.25274529749969,55.30942976474762,27.455772030814142
25.236122010601235,55.30475735664368,12.939980222704438
25.24952853415591,55.31039535999298,142.88472485762813
25.245176306999596,55.310813784599304,90.64346444859638
25.251576016304185,55.30933320522308,59.330562740883295
25.24245426629554,55.30412971973419,67.70068565336874
25.242648353212985,55.30032098293304,153.7695616889062
25.251595423552818,55.30998766422272,11.528317743784765
25.254467662161986,55.30520260334015,182.17940139936007
25.249213160615852,55.31172573566437,146.62265604988357
25.24362363528074,55.30611991882324,26.99909976970689
25.244754176339725,55.306575894355774,153.28710148440322
25.24854359561664,55.313522815704346,43.58556252496894
25.244375713122068,55.30697822570801,139.53028997410715
25.243934171211663,55.29798746109009,114.69371658040873
25.23800473870948,55.29900133609772,57.855364070280864
25.24849992820593,55.30866265296936,50.18027379907056
25.239261492015615,55.29661953449249,86.73304134604463
25.248849267052336,55.31323850154877,47.74845495496954
25.249087010970584,55.313018560409546,42.53096971896398
25.248131180556054,55.313796401023865,35.04845393596293
25.25073664983418,55.31148433685303,62.628972088964005
25.24034840331464,55.306023359298706,87.73024364752241
25.242371779261777,55.305529832839966,7.182091909363674
25.243381028532568,55.30433356761933,56.84585269108366
25.25166820070754,55.31038999557495,22.869366451963465
25.24939268103904,55.31265377998352,67.3494666580188
25.24156631469523,55.306291580200195,105.7274636506193
25.24656399055847,55.308083295822144,41.50325782295264
25.24246882282509,55.30667781829834,87.54385474136377
25.24049882330911,55.30541718006134,127.73112878917995
25.248849267052336,55.31323850154877,47.74845495496954
25.247408237836694,55.30834078788757,3.8549158337138336
25.23691780645234,55.302536487579346,86.41246374974345
25.249887573804955,55.30647933483124,209.0974473450403
25.248461112716527,55.30860900878906,56.820633625409535
25.24661251067586,55.30817985534668,50.62651257185812
25.252124269884447,55.309821367263794,37.14396941321755
25.24592352319289,55.31012713909149,170.79815303688986
25.246413578071383,55.31024515628815,146.42365705782
25.24986331440263,55.312288999557495,54.144121498357
25.250702686906948,55.31150043010712,65.24848357959509
25.245642104646507,55.311301946640015,97.12391113130276
25.253133438146875,55.30747175216675,49.11790570904371
25.24431263580452,55.30637741088867,100.63422848339656
25.23951866387044,55.30573904514313,38.46028699007824
25.23565132401785,55.30417263507843,8.772316492561357
25.243099604097893,55.30698359012604,66.22081074922768
25.249281087293667,55.312771797180176,65.2554866590395
25.24143530489353,55.29719352722168,198.62169925616416
25.251648793470537,55.31013786792755,12.138490211445625
25.249858462521587,55.31225681304931,57.61630249863621
25.25144016547698,55.309810638427734,27.91671955346439
25.242061239338327,55.30558884143829,41.77400816080539
25.251629386230434,55.30996084213257,10.514997299174446
25.251648793470537,55.31015932559967,14.390454134677345
25.25233289670311,55.309515595436096,51.227835228090164
25.248640634250975,55.30883967876434,29.26458613847306
25.249125826260027,55.31295955181122,46.8876978466294
25.25111994506888,55.31113564968109,52.744667013405504
25.245520803347915,55.31111419200897,101.39762354346536
25.25098409373166,55.30962824821472,53.304694114137114
25.24118784154936,55.297043323516846,208.69333930838172
25.241663358901775,55.305277705192566,90.6003970117883
25.25281807396551,55.30588388442993,8.838448339973477
25.247330606147983,55.31358182430267,56.895363373207196
25.248858970894844,55.31323313713074,46.890197300429556
25.238072671652844,55.30246138572693,86.69450552847151
25.251648793470537,55.31017005443573,15.108114665930493
25.24491914711699,55.30517578125,126.18527817940563
25.23937794726255,55.30090570449829,88.98932775618815
25.24119754600372,55.30617356300354,95.25800027471891
25.246908482972415,55.3072464466095,111.75786696961542
25.246825998962223,55.3064900636673,177.9750824661112
25.239392504160577,55.29638886451721,60.69076660622319
25.25219219493451,55.30967116355896,50.40592430389363
25.241420748240177,55.30639350414276,86.60119255615041
25.25366227778251,55.30650079250336,56.27497655152124
25.25398249148857,55.30584633350372,96.95021938028647
25.24152264477702,55.29725253582001,196.6986810884102
25.25076090906208,55.31146824359894,61.116555546961145
25.24366730444399,55.30610918998718,28.562070816584573
25.247985621965157,55.30691921710968,168.74588635143854
25.25037761269455,55.311822295188904,61.38179352334452
25.24239604015986,55.29772460460663,201.89484566874387
25.24729179028502,55.305787324905396,270.45757981829394
25.250261167988924,55.31193494796753,65.07074049997577
25.24807295714062,55.31383395195007,35.09670989451199
25.247437349707184,55.3083461523056,7.115170086023156
25.2369905923982,55.304065346717834,95.06368579755296
25.247704208194904,55.31294882297516,128.74919370924323
25.24706859883233,55.30823349952698,26.32926010848836
25.247912842604293,55.31435966491699,21.909366111591822
25.248504780141232,55.308786034584045,45.10012095625536
25.24129459050472,55.2971076965332,203.7592306537672
25.249203456801624,55.30735909938812,169.09346271172294
25.241818629471027,55.303915143013,120.14981907842673
25.247990473920993,55.314322113990784,17.21709191414019
25.25225526816128,55.30992865562439,44.68000688584098
25.241124762577144,55.304558873176575,156.62969102411694
25.24740338585761,55.30737519264221,105.89656734901108
25.253249880099176,55.30724108219147,37.63864091845679
25.239198412043574,55.30078768730163,88.59008745993972
25.24494825958385,55.31058311462402,97.25554709063132
25.24730634623508,55.30842125415802,10.511271074795784
25.24385653730333,55.304532051086426,46.26276277628215
25.248849267052336,55.31323850154877,47.74845495496954
25.251061723085822,55.31117856502533,51.900054614042446
25.250683279515684,55.311532616615295,65.87139447888184
25.24390991062063,55.30474126338959,30.90230550776016
25.251833162096844,55.30968725681305,19.72179305481377
25.244890034643163,55.30661880970001,168.54715787392115
25.245195715270498,55.30666172504425,177.6292606045233
25.251464424564404,55.30956387519837,40.79799492990494
25.247961362183048,55.31286299228668,139.26101266038717
25.25324502835339,55.307305455207825,36.72600939841464
25.23856275819064,55.3009968996048,57.09585651597912
25.240707470089987,55.296780467033386,180.38049715194683
25.250979241895365,55.30898451805115,20.278631499768252
25.25309462413796,55.30823886394501,63.18362679539732
25.23949925469283,55.29623866081238,45.93156754321208
25.242027273986068,55.30394196510315,103.96426039312195
25.250843390400775,55.31140923500061,56.44999923595171
25.248247627303257,55.31373739242554,37.92353185948575
25.238470563844345,55.30370593070984,174.26510120384484
25.251629386230434,55.30996084213257,10.514997299174446
25.248660041968535,55.310052037239075,130.21295089637377
25.24487547840364,55.30749320983887,117.09809496323243
25.24887837857753,55.313259959220886,43.9995686192365
25.244691099218628,55.30486464500427,102.06489771797992
25.236956625628903,55.30236482620239,68.90033283048275
25.248892934337505,55.31323850154877,43.118201085213435
25.237927101013454,55.30239164829254,92.42591898840253
25.2397176077622,55.29582560062408,37.449718363807825
25.24579737013201,55.31011641025543,177.39965245053418
25.25163423804075,55.30996084213257,10.193182069864994
25.24665617876495,55.30820667743683,56.30196788679354
25.245739145598193,55.3080940246582,44.266418584729635
25.250882205129017,55.30925273895264,12.818902398854519
25.241018013472612,55.29614210128784,124.29086204878855
25.239421617951407,55.296351313591,56.69113884726223
25.24494340750651,55.31057238578797,98.12804610745508
25.242434857586744,55.30164062976837,172.44225064075098
25.239411913355255,55.30235409736633,99.62835861608976
25.23751464992175,55.302273631095886,99.20952934417477
25.240159164992676,55.2997362613678,244.5110856719716
25.23668489113274,55.30186057090759,9.930485372544503
25.24232810963298,55.30664563179016,96.61511236539909
25.2487425247336,55.3070855140686,185.48664796806742
25.248169996150864,55.3069406747818,171.01365434836768
25.242255326883463,55.30513823032379,33.51426442691272
25.24029017617005,55.30620038509369,82.05735734029398
25.246554286532657,55.308083295822144,40.47854966004008
25.239960221823665,55.29823958873749,248.25956000647255
25.23704882112351,55.30218780040741,55.31372078148842
25.239780687464787,55.304054617881775,226.47818529241232
25.24685511097223,55.30813694000244,52.33675440563753
25.25129461085068,55.30940294265747,54.74489508565082
25.249683794674898,55.31242311000824,54.84459848457594
25.24620979311445,55.30700504779816,107.05287091731417
25.24884441513079,55.31323850154877,48.265555763294515
25.23970305090313,55.300042033195496,188.1246734629816
25.243293689984657,55.30600190162659,11.78530957120875
25.236893544460727,55.301533341407776,4.711184710742438
25.235384439062983,55.30449450016022,37.151256656766584
25.237126459380505,55.30134558677673,22.805144795144376
25.24569547717951,55.30823886394501,55.6206306387225
25.239780687464787,55.3024560213089,140.6516709469066
25.244453346698705,55.30661344528198,129.61074319500094
25.239581743676258,55.29888868331909,217.32110430818847
25.251338277256863,55.31091034412384,27.319043929174388
25.2424105966964,55.29772996902466,202.21483899537643
25.243017117502134,55.29751539230347,171.05004232231926
25.24046485752017,55.29916763305664,303.9194084083156
25.24867944968301,55.30991792678833,115.59806614453065
25.23980494888012,55.29998302459717,199.61727887422686
25.242434857586744,55.30399560928345,82.73723156524107
25.253288694058483,55.30771315097809,44.580156030468295
25.251047167585696,55.30692458152771,170.91186288350167
25.242905517901136,55.30418336391449,61.339022627545106
25.238422040476095,55.29814302921295,83.14081422194931
25.241207250457336,55.30436038970947,152.05441939512195
25.24154690584463,55.306570529937744,77.3259070824407
25.25103261208382,55.30861437320709,60.49487678915056
25.243832276696807,55.30444622039795,54.319693459640376
25.239921403606388,55.30020296573639,187.46759161680123
25.2437303820965,55.30710697174072,96.78219261879076
25.24494340750651,55.31057238578797,98.12804610745508
25.239989335478484,55.2969628572464,141.55545630022772
25.24887837857753,55.31326532363891,43.854013059344204
25.249067603321237,55.313023924827576,43.041396001245396
25.23934883346128,55.29672145843506,97.65819519138262
25.2360492241353,55.302788615226746,59.179611984775825
25.242711431394422,55.30687630176544,61.520612360311716
25.2516439416608,55.30989110469818,6.217857633584527
25.242032126179836,55.3028529882431,164.69299526945608
25.252687076295643,55.307772159576416,88.49700503521625
25.251260648079437,55.30948877334595,57.585282532137164
25.2529490714941,55.30797064304352,84.74671221854523
25.24254160544676,55.30685484409332,66.40343162175877
25.24045030075058,55.30544400215149,121.6175745287753
25.244754176339725,55.30586779117584,121.48408137943579
25.252813222202462,55.307766795158386,90.7645482859121
25.245365537508988,55.30920445919037,159.03314460829415
25.246471802282016,55.310550928115845,112.31359204283918
25.254094080915053,55.30563175678253,120.13688889016373
25.244424234113268,55.307337641716,112.0798645637532
25.253507022348415,55.307283997535706,9.739696537050659
25.252298934222154,55.30745565891266,61.53345041079554
25.248383481700557,55.30864119529724,62.89066653572527
25.243584818233572,55.307042598724365,102.90367246081618
25.251629386230434,55.30996084213257,10.514997299174446
25.2422650312526,55.30650079250336,98.05881259291273
25.25299758906145,55.30796527862549,79.9516825575201
25.250397020134617,55.31181156635285,60.618127195814715
25.252129121674997,55.310325622558594,31.54658802592934
25.24552565540216,55.309027433395386,134.58592359657825
25.245603288244126,55.31108736991882,110.43923110904852
25.244826957592608,55.30760049819946,104.42078211334241
25.24085788964004,55.30621647834778,85.01530516008096
25.24327428140994,55.30434429645538,49.31872461844013
25.253041254855475,55.308292508125305,69.22500603025564
25.242056387145738,55.30659735202789,114.90405571672737
25.248708561248904,55.30984818935394,107.20983548654333
25.24135281716812,55.30520796775818,125.77113143782364
25.243080195492155,55.30592143535614,12.11627544924474
25.242400892338893,55.30497193336487,24.001092514692267
25.242973448105246,55.30588924884796,13.078922410574005
25.25274529749969,55.3058248758316,11.45311489260103
25.251590571740948,55.30998766422272,12.00861839590433
25.25381268129503,55.30673146247864,41.167936288354866
25.241847742680676,55.306527614593506,102.38041492683264
25.251124796899543,55.30934393405914,35.63803670733203
25.24494340750651,55.31057238578797,98.12804610745508
25.249174345354348,55.31287372112274,54.78088534705853
25.24905304758219,55.313045382499695,41.87163785228533
25.252012678648327,55.30534744262695,13.895131007506093
25.249101566705576,55.313034653663635,40.20852141511341
25.245457726624775,55.30993402004242,187.4303858368738
25.25247359830871,55.307047963142395,14.490983330215876
25.24879104398103,55.313302874565125,49.77795676515008
25.24802443760645,55.312814712524414,140.81807660651637
25.24857270721509,55.31348526477814,44.70660026120712
25.24888323049771,55.31326532363891,43.33112342152295
25.246850258971037,55.30815839767456,51.91473723380033
25.247097710784203,55.30652225017547,188.58181692824394
25.24442908621134,55.30637741088867,111.04727798126906
25.24915493771894,55.31284153461456,58.69848925070641
25.24175555082617,55.30197322368622,213.68772549107547
25.25128975902679,55.30584096908569,92.96250330891803
25.244060326206903,55.307058691978455,113.14129776725369
25.244220445819977,55.307262539863586,104.20792992553642
25.244938555429,55.31064212322235,90.8515906262494
25.24713652670917,55.30661344528198,182.43638767377473
25.23867921410708,55.30076086521149,82.24558957216776
25.241915673476058,55.30539035797119,60.10605223838851
25.237194392814715,55.30192494392395,49.53141078237971
25.24887837857753,55.313259959220886,43.9995686192365
25.2422941443553,55.30568540096283,16.63865898194476
25.243905058501852,55.306044816970825,42.25378735116578
25.248849267052336,55.31323850154877,47.74845495496954
25.250474649863932,55.3121280670166,35.623474748454896
25.25411833947247,55.3059321641922,106.80430772716528
25.24439512152088,55.30696213245392,142.2650120301132
25.24247852717717,55.301066637039185,220.1848424030806
25.24963527578403,55.30894696712494,28.019421797185416
25.246593102631223,55.3080940246582,44.944108117906126
25.251590571740948,55.30998766422272,12.00861839590433
25.23888786401166,55.297333002090454,96.80812061977723
25.244254410559265,55.30742347240448,94.372085384505
25.24801473369729,55.30697822570801,162.8742797302134
25.251629386230434,55.31095862388611,31.50857492432529
25.24900938035455,55.313571095466614,16.489986818013776
25.24418162896346,55.30719816684723,107.04883707298393
25.250823983032006,55.31141996383667,58.17165890735592
25.24930534681225,55.313292145729065,8.873296400245906
25.248849267052336,55.31323850154877,47.74845495496954
25.24494340750651,55.31057238578797,98.12804610745508
25.243934171211663,55.30046582221985,68.49992644489791
25.249043343755176,55.307326912879944,171.13131673423553
25.246845406969683,55.30721426010132,109.70887447447582
25.24943634812888,55.31262695789337,64.12999992177265
25.25000401886865,55.3121280670166,67.28333557058299
25.242711431394422,55.30394196510315,88.09149861825635
25.248849267052336,55.31323850154877,47.74845495496954
25.248849267052336,55.31323850154877,47.74845495496954
25.24523453180308,55.306565165519714,184.16060967549384
25.254312407757325,55.30520796775818,168.97615206860587
25.25163423804075,55.30995547771454,10.683597152724646
25.241944786662472,55.30640423297882,101.3497889142344
25.244448494601613,55.30719816684723,127.05872910500364
25.250979241895365,55.311259031295776,51.35276036861567
25.24332280284092,55.30696213245392,86.1082401156096
25.243085047643888,55.30468761920929,5.823100364242979
25.242284439988495,55.3050309419632,36.75677803489141
25.248858970894844,55.31295418739319,63.44436183617299
25.249130678170317,55.31295955181122,46.716732907491924
25.2455450636173,55.30773460865021,68.73228605070904
25.244725063826365,55.307562947273254,101.1330785930692
25.251018056580193,55.31123220920563,50.31381558459732
25.24177010743942,55.305562019348145,73.81951974012415
25.25314799339702,55.308083295822144,59.810531413184115
25.251663348898603,55.31038463115692,22.66296247776834
25.243968136030944,55.30724108219147,90.4568204557813
25.250891908809137,55.307772159576416,151.53683977796112
25.238897568649666,55.29726326465607,90.5704771227197
25.253507022348415,55.30709087848663,17.544338305610875
25.24484151383794,55.30666708946228,166.98723671262672
25.2492228644293,55.31286299228668,55.27065252904196
25.253783570952297,55.306559801101685,58.29698736975768
25.252604596208784,55.30984282493591,17.923022375518432
25.24142560045813,55.30294954776764,232.6492208784105
25.247340310111795,55.308276414871216,7.014646237699244
25.243968136030944,55.30724108219147,90.4568204557813
25.252294082438397,55.310298800468445,24.827201103666262
25.245307312768247,55.31101763248443,85.97556870175758
25.252352303830804,55.3093546628952,58.12387606631424
25.251648793470537,55.31013786792755,12.138490211445625
25.23987773309709,55.29832541942597,245.18059361418057
25.249994315117604,55.309263467788696,18.106788988125253
25.24378860759286,55.30611991882324,38.91673637478263
25.248810451674544,55.30710697174072,188.28017239386273
25.25270163159925,55.30960142612457,10.924883917254176
25.251896235510017,55.31037926673889,18.485979380374914
25.247277234333225,55.30826032161713,7.661780415729628
25.24530246070526,55.30999302864075,172.05134567974534
25.241973899841895,55.30393123626709,108.20896147724876
25.24239118798063,55.305545926094055,4.857121146495141
25.24515689872553,55.310808420181274,89.53487956221187
25.246845406969683,55.30815839767456,52.41665284017633
25.24275024872054,55.306763648986816,74.19486913693338
25.238096933409125,55.30019223690033,30.82939596410771
25.25170701517223,55.310550928115845,32.90423098894998
25.250105908207843,55.31043827533722,125.79801382123269
25.242575570655266,55.30684411525726,66.6407167514165
25.25115390787944,55.306313037872314,144.66868703257094
25.244797845096684,55.305567383766174,114.94732427394474
25.24756835303802,55.31297564506531,115.7558118123317
25.243706121464797,55.30034244060517,70.14161217702367
25.251435313658902,55.30534207820892,43.32812461843504
25.24800502978735,55.314284563064575,19.642083803952218
25.245287904515138,55.306570529937744,180.56301500869995
25.252798666912213,55.30775606632233,89.17974742783674
25.24645724623197,55.308024287223816,28.345682959970723
25.238727737372685,55.30271351337433,94.91646511113922
25.25225526816128,55.30738592147827,57.995007855599795
25.246646474746512,55.30811548233032,51.31573124352023
25.24606423222167,55.31139850616455,49.34442606635764
25.250372760834026,55.311784744262695,64.62430535892989
25.251629386230434,55.30996084213257,10.514997299174446
25.24587015076004,55.30691385269165,120.36156934801667
25.24515689872553,55.3108674287796,84.99284375822387
25.24084333291752,55.305288434028625,167.51650053895867
25.239504106987525,55.30576050281525,35.99408740914565
25.250023426368415,55.309032797813416,18.731499647490296
25.251595423552818,55.30998766422272,11.528317743784765
25.241944786662472,55.3003853559494,225.20691271669014
25.248213663680176,55.307047963142395,161.15722839434184
25.24549654307364,55.310025215148926,181.17387012051785
25.251595423552818,55.30998766422272,11.528317743784765
25.248810451674544,55.31212270259857,146.1391074615888
25.246525174450586,55.30807256698608,37.037046798527875
25.248960861194348,55.31199395656586,145.7092176759195
25.246699846838368,55.30815303325653,58.29043136127783
25.252730742201308,55.307793617248535,91.58570647669939
25.24029017617005,55.3059858083725,81.73217977315905
25.239018876559385,55.298523902893066,154.16188295234687
25.23834925538739,55.298776030540466,94.97529415518324
25.239397356459538,55.29638886451721,60.704848974675
25.23990684677169,55.29837369918823,248.81593845542224
25.249761424859997,55.30918836593628,7.177751647530499
25.242017569597948,55.30388832092285,109.60468067543628
25.252454191200385,55.31013786792755,23.626891200164955
25.24888323049771,55.31326532363891,43.33112342152295
25.244463050892307,55.30716598033905,130.6691910775643
25.23703426394478,55.30176401138306,26.803715528952203
25.239266344319788,55.30570149421692,36.67651345552128
25.24413795998504,55.307273268699646,97.47835444145335
25.241221807136228,55.30475735664368,144.64540803878373
25.241954491056376,55.30667245388031,101.90030895135688
25.24345866274469,55.30019223690033,82.28734938922497
25.251129648730014,55.30659198760986,163.22064892439235
25.254390034984453,55.305266976356506,170.9861048327565
25.239261492015615,55.29662489891052,86.77976894877402
25.24528305245137,55.3066349029541,174.7411314372098
25.240018449126353,55.298051834106445,237.61877813315508
25.24854359561664,55.313522815704346,43.58556252496894
25.241542053631505,55.29727399349213,197.06267574943064
25.251129648730014,55.31140923500061,27.860564632268375
25.24978568428267,55.30912399291992,2.259374595240719
25.25381753301812,55.306554436683655,59.840618091942716
25.2383977787847,55.30443549156189,97.26611233680197
25.237830053823657,55.3022575378418,90.31741941861611
25.243434402058725,55.30461251735687,38.44423845008861
25.24530246070526,55.30936539173126,165.08376218450283
25.24260468368358,55.30341625213623,124.4224617858771
25.252803518675847,55.30590534210205,11.703699992527843
25.239756426044593,55.30322849750519,194.42492633737854
25.247257826394744,55.30734300613403,109.46854226562046
25.243720677844408,55.300331711769104,68.16598056753521
25.24780124749964,55.31385004520416,55.233033789241745
25.24459890952123,55.30624330043793,120.42896687992479
25.24085788964004,55.30524551868439,171.42814635533927
25.249513978472095,55.30910789966583,32.03601617160305
25.244560092785605,55.30625402927399,116.97803015255056
25.24233296181474,55.29769778251648,200.28465153290668
25.25297818203684,55.30840516090393,76.12341167834833
25.238819931523935,55.30241310596466,63.74854108998488
25.24657854659571,55.308083295822144,43.04512118147467
25.24423015003218,55.3071928024292,110.8285085368049
25.24418648107121,55.30706405639648,119.5808495727007
25.235059323871795,55.30466616153717,27.664501377437738
25.243885650024765,55.30950486660004,44.008575723820805
25.2429637437927,55.304269194602966,51.777825858709626
25.239436174844187,55.305771231651306,34.817612053099054
25.24661251067586,55.30809938907623,47.17721238852863
25.252667669221424,55.30658662319183,44.744466974494024
25.240489118798937,55.30596971511841,103.86365775850055
25.252177639569837,55.30983209609985,41.2020219084791
25.241988456428984,55.29941976070404,199.13293430768243
25.248776488208833,55.313302874565125,51.15852521905749
25.237864020348898,55.30328750610352,176.78405234160059
25.240707470089987,55.30601799488067,106.95575699296928
25.238892716330767,55.3022575378418,50.93038265506488
25.242895813583175,55.30692458152771,60.041634338287174
25.251648793470537,55.31017541885376,14.943400370876224
25.239858323976833,55.29837369918823,243.45096010697455
25.242381483621585,55.30516505241394,20.01356721676547
25.246500914376867,55.310282707214355,142.1085674242111
25.239460436328315,55.296308398246765,52.497443979239115
25.24856300334973,55.30717670917511,165.68581236954168
25.243133569150444,55.30590534210205,12.804844542276468
25.242347518358812,55.30547618865967,12.280189528607428
25.252852036301302,55.308319330215454,90.11702174692765
25.241915673476058,55.30539035797119,60.10605223838851
25.237907691581697,55.2991783618927,51.051651588464196
25.242012717403625,55.30387759208679,110.90322741035963
25.24802443760645,55.31423091888428,17.972474686785983
25.244438790406875,55.306811928749084,143.9922660794214
25.241018013472612,55.30639886856079,65.80212329554077
25.242138874393575,55.306570529937744,109.03866122435156
25.24900938035455,55.30894696712494,8.195366819231419
25.244914295038495,55.30519723892212,125.6505044892386
25.24196904764581,55.30299782752991,173.39977023411524
25.24745675761696,55.313817858695984,69.7063510913136
25.244652282512476,55.306034088134766,119.04658282521021
25.23987773309709,55.297059416770935,145.9408481083863
25.244123403655436,55.307289361953735,95.07755523676889
25.23944102714141,55.30103981494904,83.98825311362965
25.24101316123837,55.29698431491852,217.27803379113988
25.247257826394744,55.312771797180176,115.03488768244186
25.250853094084007,55.31134486198425,58.02068305977359
25.244564944878235,55.30640959739685,125.6402215322202
25.24038722139555,55.305771231651306,98.09662409372268
25.24299770888325,55.29744565486908,171.13435447905394
25.24065894761476,55.30599653720856,109.33711136493058
25.242730840059025,55.305808782577515,9.889913115697945
25.24282788333565,55.29724717140198,146.6193160453875
25.23983891485348,55.30011177062988,189.87878779796614
25.244050621981177,55.30736446380615,83.55821553595199
25.239353685761984,55.29946267604828,177.30192528582617
25.24136737382962,55.29714524745941,200.39907029785698
25.242614388024805,55.305781960487366,11.901665526187891
25.24965468334273,55.31247675418854,52.58240576986789
25.24073658356579,55.30610918998718,96.8131432329354
25.240877298600665,55.30521869659424,174.85786016486662
25.239431322546793,55.296340584754944,55.60281869951561
25.237529207042925,55.30214488506317,93.38217868236949
25.252827777490975,55.30785799026489,95.46130271317992
25.23940706105688,55.30568540096283,44.693741742524296
25.249227716335724,55.310293436050415,143.24667647084306
25.250770612751893,55.31144678592682,61.42360533312186
25.241318851617866,55.30399024486542,157.35555054299357
25.24994579635076,55.31037926673889,129.5833932257834
25.236369484259427,55.30345916748047,104.79752951498551
25.238422040476095,55.30434966087341,106.84117626670923
25.24251734457772,55.30172109603882,159.6578398942298
25.241954491056376,55.30546545982361,54.034490537880274
25.235180635611982,55.30440866947174,56.27986749233928
25.25295877500912,55.30800819396973,82.34880341520851
25.23929545814083,55.302332639694214,87.66837270616803
25.252410525195316,55.30937075614929,51.98982895188597
25.242924926534755,55.29738128185272,162.71526539704064
25.244783288846108,55.306296944618225,141.6042161626975
25.237684482893695,55.30218780040741,99.91052840318878
25.2396690848918,55.3058248758316,31.094958308253965
25.24306078688332,55.29748320579529,165.43267942759275
25.241100501425265,55.30469834804535,158.14401491521735
25.24431263580452,55.30715525150299,119.90907047617391
25.237194392814715,55.30192494392395,49.53141078237971
25.24239604015986,55.30539572238922,14.703039045107548
25.250722094295085,55.30933320522308,22.533325567244358
25.24884441513079,55.31323850154877,48.265555763294515
25.246350501811705,55.308035016059875,17.427237739870577
25.23991655132835,55.3025096654892,156.77308222210667
25.24426411476874,55.3071928024292,113.23563676632436
25.238096933409125,55.29925346374512,54.59206588922198
25.24826218313881,55.30692994594574,175.30199834099983
25.246850258971037,55.30815839767456,51.91473723380033
25.250697835059427,55.3118759393692,36.474219397662395
25.237068230692387,55.301806926727295,32.73335891679361
25.23583571691715,55.304580330848694,5.344829476199516
25.246379613935616,55.31085669994354,79.11816109988484
25.24887837857753,55.313259959220886,43.9995686192365
25.240207687667407,55.2976655960083,222.2408507215925
25.240455153007304,55.29925882816315,301.361898365789
25.250794871973028,55.31141996383667,60.866486523699024
25.23793680572815,55.29913544654846,55.83424133610726
25.24424955845423,55.30634522438049,92.94261804797368
25.239300310443653,55.30572831630707,36.129679748717685
25.239858323976833,55.300084948539734,193.55374509195903
25.252459042977748,55.310041308403015,32.48975345752728
25.242716283560867,55.30690848827362,57.95797192698406
25.24311901270052,55.30593752861023,15.070049735050706
25.24303167396428,55.30350744724274,98.7432442993049
25.241556610270337,55.297295451164246,197.82467746909467
25.248155440304274,55.31415045261383,3.7243000313389056
25.248354370056788,55.30695676803589,176.2330118264593
25.24256586631095,55.304059982299805,75.12697847302162
25.246379613935616,55.3063291311264,183.07512303156125
25.2424105966964,55.305336713790894,13.03616903491289
25.25103261208382,55.30912399291992,17.1071741557175
25.2355833897213,55.3046715259552,32.13759836646647
25.241474122627267,55.30544936656952,107.16328409206477
25.238126047510264,55.30249893665314,86.41217926598158
25.242342666177635,55.30548691749573,12.042541575449748
25.24811662470485,55.306811928749084,183.30792319403378
25.242580422827142,55.29718279838562,139.5121883543593
25.253177103892085,55.30800819396973,59.793915190410914
25.241876855883348,55.29742956161499,189.9149912141476
25.241304294950567,55.30097544193268,279.5241368159581
25.24661736268652,55.30810475349426,47.8736974389605
25.245365537508988,55.3092098236084,159.39776476641026
25.248858970894844,55.31294882297516,63.86786142508372
25.253904864000987,55.30594289302826,84.43377117145256
25.240891855319106,55.30616819858551,90.27589857500779
25.24869885739436,55.31337797641754,49.441334736319035
25.247175342621716,55.313522815704346,43.42994555286119
25.243473219153927,55.30441403388977,57.45799375157697
25.250246612392885,55.31189203262329,68.79877605765667
25.24839803751983,55.30697286128998,176.55462813518486
25.244026361413376,55.30925810337067,37.48536818215117
25.24884441513079,55.31323850154877,48.265555763294515
25.25105687125263,55.30689239501953,170.00551623652555
25.252585189121405,55.30896842479706,63.16560030306885
25.23962541429188,55.30078768730163,117.68043967863545
25.24430293159891,55.30637204647064,99.42061738307123
25.247747875891633,55.3141450881958,48.48933732674515
25.244851218000537,55.305336713790894,118.6809695791527
25.242633796704908,55.30116856098175,201.73645800793395
25.237063378300466,55.30400633811951,104.68255265824068
25.24354600117401,55.30699968338013,104.9460026064844
25.252813222202462,55.305808782577515,4.707125733063774
25.24287155278482,55.306811928749084,71.12378839986906
25.24327428140994,55.30595362186432,8.597984121332264
25.23979524431458,55.29592752456665,46.98562909344906
25.244618317884377,55.3103631734848,90.31232746294863
25.24349747983213,55.30698359012604,101.04671161162767
25.247835211238012,55.31386613845825,51.20169803802898
25.2437934597163,55.30198395252228,88.62509425129201
25.240246505793262,55.295820236206055,96.14288301610017
25.239528368458068,55.29989719390869,185.3897619404798
25.240202835400822,55.30595898628235,72.63864049727013
25.242420301053116,55.30171036720276,168.11669619338915
25.239271196623775,55.29958605766296,167.3671237230572
25.248029289560748,55.31443476676941,7.220907416463295
25.241081092500252,55.301275849342346,249.83881070700716
25.25192534630509,55.30534207820892,17.81890380444162
25.24807780909299,55.307552218437195,103.42881859226061
25.238902420968387,55.29772460460663,137.33248836932313
25.242580422827142,55.304537415504456,22.317236249054464
25.244477607181224,55.3071391582489,133.8864758512083
25.25288114686728,55.30782043933869,88.25167387125856
25.238577315186305,55.29796600341797,103.00639308684319
25.244608613703193,55.306559801101685,139.027402501251
25.24898997269281,55.313056111335754,45.22816268824058
25.248111772754015,55.31266987323761,148.43285592083498
25.24982935123124,55.3092098236084,8.640153190979628
25.238916977923367,55.30062139034271,98.06223322094363
25.24006697185727,55.30596971511841,57.630200928114554
25.244623169974687,55.310288071632385,95.88842765720484
25.24505985730886,55.31071186065674,90.89117207957291
25.241789516254386,55.29737591743469,189.7331289352588
25.24457950115496,55.30636131763458,124.30927243464548
25.248461112716527,55.313544273376465,48.84243411946061
25.246850258971037,55.30814230442047,52.591941129131875
25.24935386583489,55.31160771846771,147.8615291010714
25.2416390978574,55.302273631095886,214.8618470027577
25.247204454548022,55.3134423494339,51.06628549090494
25.24779154357267,55.308566093444824,17.53046149527058
25.2414401571109,55.30625402927399,100.04893554071651
25.237388488131828,55.30093789100647,29.066830188604435
25.24291037005985,55.30368447303772,116.70619813903222
25.235510602932848,55.30387759208679,18.849065876045323
25.24786432300617,55.31440258026123,25.81668709971575
25.23727203097876,55.30196785926819,59.28216094714422
25.237291440512024,55.30145823955536,44.978890863136726
25.239431322546793,55.296340584754944,55.60281869951561
25.24899967652408,55.3130829334259,42.309516081788544
25.250523168419576,55.31166136264801,65.84743739075454
25.239436174844187,55.296335220336914,55.06815348647232
25.248863822815792,55.31295418739319,63.0656676373793
25.250202945594268,55.31197786331177,64.1347327555255
25.23867921410708,55.30064284801483,85.23042088587731
25.24412825576549,55.30461251735687,58.07220168188545
25.241241216038773,55.29708623886109,206.8603999223633
25.241226659362155,55.30424237251282,154.13537062610604
25.251881680109904,55.310282707214355,7.655320743062521
25.23752435466939,55.30294418334961,154.4797422272875
25.252876295106773,55.30816376209259,87.81595954257101
25.240945229938504,55.29869556427002,325.45721935077904
25.239974778651955,55.29570758342743,66.13919856780352
25.252129121674997,55.309553146362305,51.51744319964947
25.238009591063843,55.30243456363678,89.18166430930115
25.244108847324057,55.30459105968475,58.52202537480876
25.24887837857753,55.313259959220886,43.9995686192365
25.23687898726341,55.304043889045715,92.26335037937842
25.24487547840364,55.30772387981415,98.0705972191041
25.246010859850628,55.310041308403015,176.6387956636257
25.251648793470537,55.31008422374725,6.9011554032151645
25.246850258971037,55.30814230442047,52.591941129131875
25.244458198795584,55.30082523822784,110.15753016483352
25.240998604534457,55.305073857307434,167.754228081806
25.24521512353836,55.30761659145355,107.60224526702879
25.244817253428067,55.3054815530777,115.60525552363335
25.2516536452801,55.31012177467346,10.278042137135612
25.242764805214662,55.29996693134308,123.12860057003304
25.250338797805057,55.31183302402496,63.90450942966788
25.239285753534578,55.29961287975311,168.9519648502486
25.246733810884592,55.3122353553772,79.90361114059264
25.23938765186145,55.30473589897156,142.89484010907012
25.24997975948959,55.31047582626343,137.99803206213747
25.247364570017908,55.30736446380615,107.04972182720596
25.235728963167432,55.30459105968475,15.315335939816045
25.23871318039504,55.30098080635071,58.08855237232917
25.242323257451048,55.30570685863495,14.806350128010505
25.241881708083113,55.301817655563354,209.06185054487028
25.242900665742255,55.303781032562256,105.9675797906266
25.241173284866363,55.30446231365204,153.04642419876302
25.244390269421473,55.30636668205261,106.82676754896313
25.239077104313058,55.30221998691559,60.92279515384371
25.24193023007014,55.30550837516785,56.15857740882132
25.24164395006666,55.303818583488464,141.13222002489186
25.238771408295136,55.302547216415405,77.13875205930786
25.237830053823657,55.30238628387451,99.5222734906374
25.243385880672264,55.30437111854553,53.991536512050075
25.239421617951407,55.296351313591,56.69113884726223
25.242255326883463,55.3056800365448,20.5814371363273
25.243948727563932,55.307332277297974,80.48532280221409
25.24218254409037,55.30400097370148,89.95106808480173
25.24196419544953,55.30643105506897,102.76210072365723
25.24421559371359,55.306334495544434,89.28611781069701
25.237019706764343,55.30395805835724,107.15387912903368
25.24245911847227,55.30201077461243,143.4713878925323
25.24045030075058,55.295804142951965,112.19310098996219
25.242507640228737,55.30146360397339,182.02752785131224
25.23860157684186,55.29790699481964,107.27845101342352
25.23629669794167,55.30375957489014,81.63758917917126
25.24831070257804,55.31368374824524,43.95495534165836
25.243070491188135,55.30423700809479,55.343363870800935
25.2428084746865,55.30345380306244,109.8050410164687
25.242570718483194,55.304569602012634,19.05254907862369
25.24507926559839,55.3066349029541,187.5491673712884
25.242570718483194,55.30410289764404,70.39300372702492
25.251760385040953,55.310829877853394,24.696447358747633
25.241182989321914,55.30645251274109,66.17348041580429
25.240474562032247,55.30534207820892,130.62596593062344
25.241347964947224,55.298872590065,277.34952252147946
25.23793680572815,55.299789905548096,21.40573146516634
25.2479759180529,55.314574241638184,14.139450903632357
25.242483379352905,55.30574977397919,13.660214007696998
25.241978752037795,55.29751002788544,192.7869944433941
25.244361156820915,55.3069406747818,141.8754987790896
25.242939483007945,55.303523540496826,106.05679574644994
25.242755100885446,55.2999347448349,122.75037847314667
25.24114902372419,55.30444622039795,156.04475288554866
25.242648353212985,55.30475199222565,4.170636663506478
25.243832276696807,55.30614674091339,44.572543791388405
25.25296362676636,55.30608773231506,32.72306553429588
25.235714405830663,55.304312109947205,3.4136535106503088
25.242522196751892,55.30188739299774,146.48667016407254
25.245603288244126,55.30822277069092,63.67558504689798
25.236927511247643,55.3015011548996,6.900068807780608
25.23763110684237,55.30042290687561,34.656700814477524
25.239421617951407,55.30092716217041,90.61076607625284
25.23814545690716,55.30251502990723,86.68646089244973
25.24160028017633,55.30096471309662,290.1624899913365
25.24886867473657,55.31297564506531,61.00306918013688
25.24308989979542,55.30593752861023,14.067204762498418
25.24113446703653,55.304532051086426,155.96433490726304
25.237888282146827,55.29914081096649,51.469864415450814
25.24230870090402,55.30227899551392,143.90270055445654
25.24366730444399,55.3071928024292,86.50947987129531
25.239081956624577,55.29694676399231,79.15100087158311
25.242284439988495,55.29941976070404,166.2802717183383
25.239382799562097,55.29975235462189,176.3013334718869
25.2394701409206,55.296286940574646,50.352834728252276
25.244094290990944,55.30991792678833,83.28381802234604
25.243754642723378,55.302080512046814,77.20505922430746
25.243968136030944,55.30724108219147,90.4568204557813
25.252852036301302,55.30792236328125,96.72180618972331
25.24164880227572,55.30370593070984,150.0504371516317
25.251648793470537,55.31019151210785,14.515191948675495
25.250877353288672,55.307546854019165,176.53915658945976
25.25124609260314,55.30599117279053,109.46344877876258
25.252032085827196,55.30968725681305,33.91042746555468
25.24793225043813,55.31435966491699,19.94702454925236
25.250135019431895,55.305277705192566,88.28488636953698
25.246850258971037,55.30815839767456,51.91473723380033
25.24466683877874,55.307546854019165,99.34019534216051
25.24887837857753,55.313259959220886,43.9995686192365
25.24139648714737,55.30639886856079,84.39778941821365
25.25097439005889,55.30892550945282,25.779662844392334
25.250246612392885,55.31234264373779,33.044283351695526
25.242070943722936,55.30673146247864,104.7122123603041
25.248854118973668,55.30873775482178,15.412424804682749
25.242895813583175,55.30671536922455,82.17351396334807
25.23779123492605,55.29985427856445,13.460473328047927
25.25131886996718,55.30575513839722,83.73810943955742
25.240906412035827,55.30525624752045,172.6437947615491
25.24887837857753,55.313259959220886,43.9995686192365
25.25024176052716,55.310786962509155,111.4593366852318
25.241445009328103,55.30636668205261,90.6150801000826
25.245176306999596,55.30660808086395,183.74457831808002
25.24553050745624,55.30910789966583,142.1983292413145
25.251993271466375,55.310041308403015,14.006504291983072
25.247160786655986,55.30659735202789,185.43578717802305
25.24448731137288,55.30711770057678,136.31096582341934
25.24997975948959,55.31259477138519,18.133134160302767
25.24846596465341,55.30868411064148,52.5987229485314
25.246850258971037,55.30813694000244,52.829170852950625
25.24232810963298,55.30540645122528,19.332644045370866
25.2415129403486,55.29724717140198,196.97698660466224
25.24418648107121,55.30720353126526,106.89881062547128
25.2516536452801,55.310218334198,13.739184893950823
25.24251734457772,55.30309975147247,116.78938193234255
25.24086274188049,55.30520260334015,174.50335740927187
25.23932457195488,55.30574440956116,36.384779878095536
25.252648262144103,55.30968189239502,13.03168218669981
25.245574175934195,55.30783653259277,62.1420229111845
25.25263855860429,55.30866801738739,84.41190965664778
25.251590571740948,55.30999302864075,11.756843221339256
25.244477607181224,55.30713379383087,134.29707369696942
25.24999916699322,55.31211197376251,69.11885726920283
25.2422941443553,55.29767632484436,198.8965362103186
25.235287389843236,55.3045266866684,43.49397124524257
25.252890850387743,55.307831168174744,87.91106207691116
25.24323546425117,55.3059858083725,14.194904468234983
25.252032085827196,55.30977845191955,29.551599231474967
25.2463844659556,55.30814230442047,27.429972633110832
25.24160998459776,55.297311544418335,195.45829179736717
25.247650836544224,55.314016342163086,61.53769366635932
25.252526967840623,55.30999302864075,30.54079720251069
25.252594892665485,55.30889868736267,67.39701108749081
25.25332265626268,55.3071928024292,32.37023315796932
25.237737858921605,55.30376493930817,159.23617842183117
25.248897786257103,55.31196177005768,153.40679849524702
25.24199816081942,55.306527614593506,110.41746234557822
25.249824499348833,55.30664026737213,228.14552595968033
25.251939901699984,55.31059920787811,34.87294350685786
25.246350501811705,55.30801355838776,16.575040368926224
25.243871093664907,55.306082367897034,42.16558967595033
25.24167306331816,55.30220925807953,213.14996704989332
25.25177979226011,55.30518651008606,19.676286501499106
25.242245622513565,55.30660271644592,105.05180010284904
25.25108598224881,55.306769013404846,168.14717610338587
25.25215823241425,55.30984818935394,38.4223337824487
25.24277450954308,55.305830240249634,12.027103422301595
25.2529490714941,55.308083295822144,81.20014918583227
25.247835211238012,55.314064621925354,40.38900380050664
25.24800502978735,55.30863583087921,38.46837729038561
25.247417941794296,55.30844807624817,14.04640938488304
25.246355353832868,55.308056473731995,19.009990353225366
25.245481986906785,55.30623257160187,205.31644222060677
25.251629386230434,55.30995547771454,10.99106253343756
25.24856300334973,55.31363546848297,33.74513592266948
25.24282788333565,55.30669391155243,82.90193382594782
25.242507640228737,55.303308963775635,127.17571143255546
25.243948727563932,55.3062379360199,60.78157813230134
25.248849267052336,55.31323850154877,47.74845495496954
25.248781340133092,55.31334042549133,48.09362849915881
25.241726437594437,55.30498266220093,92.75941371374992
25.252095159137085,55.30990183353424,29.337367155212494
25.242216509399228,55.29762804508209,195.88898919155116
25.24685511097223,55.30813694000244,52.33675440563753
25.24233296181474,55.29952704906464,160.88529559457479
25.244108847324057,55.307300090789795,93.15143381315075
25.24101316123837,55.2962601184845,137.34064903418928
25.243036526117947,55.30466616153717,8.272828487755374
25.25305095836312,55.3077507019043,68.07467395997563
25.253885457121328,55.30673682689667,44.52433113478686
25.247854619084222,55.31433820724487,28.790164004208147
25.250945279035975,55.309284925460815,17.959475603105357
25.25155175723904,55.309762358665466,18.30635744672705
25.239077104313058,55.303813219070435,197.51860838027852
25.23915959358297,55.30076622962952,88.93069122583255
25.253870901959544,55.30645787715912,71.85064005571789
25.24181377726873,55.305578112602234,69.04885925183328
25.24722871448124,55.31349062919617,50.34712830233193
25.23561250442448,55.30462324619293,26.09969052000909
25.24713652670917,55.30661344528198,182.43638767377473
25.24186229928289,55.2974134683609,189.1467288500495
25.2437789033454,55.30720353126526,87.24128129063268
25.244205889500225,55.306323766708374,87.69434340508238
25.23931486735097,55.299564599990845,172.27482530844676
25.24186229928289,55.30390977859497,117.50927728910236
25.239101365868834,55.301817655563354,45.406535747526554
25.23795621515528,55.29910326004028,56.187705003634754
25.252803518675847,55.30590534210205,11.703699992527843
25.248752228584635,55.30889868736267,17.05870419778164
25.2428084746865,55.30586779117584,16.0723104948638
25.242143726582896,55.297579765319824,193.19366748995307
25.23969819861638,55.30063211917877,135.47962336375193
25.23760684499311,55.30214488506317,101.1751957411613
25.240362960096448,55.29688239097595,158.8076799959769
25.242352370539805,55.30548691749573,11.141168137058155
25.246350501811705,55.30800819396973,16.409162261412302
25.239261492015615,55.299580693244934,166.30274454698647
25.23953807304494,55.29913544654846,204.0300010993782
25.240159164992676,55.30596971511841,67.65383387200082
25.24520541940484,55.31085669994354,89.8182487812339
25.254249335598757,55.30566930770874,132.39252327222445
25.24857270721509,55.31348526477814,44.70660026120712
25.236927511247643,55.3015011548996,6.900068807780608
25.24146927041123,55.29668390750885,160.5021882403512
25.242842439820464,55.30413508415222,66.81176162037103
25.23937794726255,55.30572831630707,40.68978594552593
25.24448245927715,55.30660271644592,131.18521436459912
25.240197983134024,55.30496120452881,143.2340372767085
25.250891908809137,55.307520031929016,179.52196373731826
25.24449701556378,55.30648469924927,124.11382577258208
25.25012046382075,55.309032797813416,27.99520370013999
25.242269883436848,55.305567383766174,18.499830725321967
25.236806201250715,55.30167818069458,3.423089870307375
25.25275985279633,55.309327840805054,30.56802052169318
25.24984390687727,55.30645251274109,208.88069967533303
25.24862607846076,55.31341552734375,48.30399090742367
25.24235722272057,55.30548691749573,10.702676410750536
25.24231840526889,55.29769778251648,200.62349805546697
25.246593102631223,55.3080940246582,44.944108117906126
25.23822309446372,55.30022442340851,38.12253188172771
25.244890034643163,55.31060993671417,92.020370143502
25.239615709711984,55.30082523822784,114.10157345340511
25.24084818515857,55.30248284339905,247.9307530999252
25.243968136030944,55.30724108219147,90.4568204557813
25.248664893897455,55.31343162059784,44.9493067653517
25.2494751633067,55.31264305114746,59.47257788656376
25.236311255208705,55.30248820781708,78.09384453915125
25.244278671081517,55.30636668205261,96.95166933679782
25.242915222218343,55.2982234954834,165.41948870754948
25.238645247809657,55.29801428318024,109.34479555034318
25.250251464258422,55.31058847904205,109.56011270225493
25.242444561941525,55.306554436683655,96.6173579995907
25.238446302162643,55.29819667339325,85.76942832022094
25.241551758057582,55.297284722328186,197.26402987032907
25.24711226675751,55.30666172504425,176.4951079942444
25.24448245927715,55.30712306499481,135.50999752194537
25.243594522496537,55.307069420814514,99.91138243958574
25.25036305711245,55.3094083070755,12.565037265560518
25.24046000526384,55.30595898628235,100.81232776041847
25.250566835103086,55.31202614307403,30.766832627481033
25.24451642394321,55.30639350414276,120.12821313216637
25.252803518675847,55.30835151672363,95.52958077979828
25.242527048925908,55.29698967933655,119.03471539443304
25.24330339427084,55.30601799488067,13.148010433967352
25.236073486295467,55.304768085479736,18.45458637894711
25.241939934465226,55.29748320579529,191.95158344659026
25.243172386341755,55.30711233615875,62.814420824276624
25.2380435575389,55.30490756034851,32.71338990338006
25.247995325876644,55.31385004520416,39.96167433519704
25.236078338726912,55.30470371246338,17.911290089352526
25.248136032506096,55.30857682228088,47.85574328899723
25.24233296181474,55.30569612979889,13.259338570289692
25.25160027536448,55.30998229980469,11.35209473571047
25.24812147665544,55.30691921710968,171.8770154492311
25.244011805070382,55.30727863311768,89.12081094078088
25.252352303830804,55.309284925460815,63.174392770998864
25.24718504659795,55.30667781829834,179.78435410612448
25.251008352910148,55.311285853385925,46.960890762950456
25.243948727563932,55.30624866485596,61.70918164410325
25.248422297214745,55.31364619731903,43.57071882347559
25.238029000479315,55.29890477657318,59.373191247365924
25.253269287080386,55.30760049819946,38.73235467564472
25.254278445829883,55.30561029911041,138.51403488285737
25.253070365376104,55.30763268470764,60.24164479571941
25.241595427965336,55.306570529937744,80.31362965551483
25.2538611985174,55.30640959739685,73.59208372268594
25.253443949771626,55.30737519264221,14.937216544905414
25.246850258971037,55.30815839767456,51.91473723380033
25.25117331519553,55.30974626541138,32.919753352101274
25.24181377726873,55.303786396980286,131.634788896785
25.25274529749969,55.308598279953,86.01187734273961
25.249911833202415,55.30923664569855,11.269457897155768
25.23979524431458,55.29601335525513,49.78773901173397
25.24300741319307,55.30685484409332,72.2091853194473
25.239431322546793,55.296340584754944,55.60281869951561
25.246593102631223,55.3080940246582,44.944108117906126
25.25337602542153,55.307080149650574,31.96362501991707
25.25163423804075,55.30996084213257,10.193182069864994
25.242497935878987,55.30573904514313,12.047899530647461
25.24894145352485,55.31294345855713,58.29388457001621
25.245743997643743,55.31136631965637,84.268734447945
25.24793225043813,55.30750393867493,103.86698989941848
25.24168276773375,55.30545473098755,84.07365587397678
25.237699039994553,55.30170500278473,87.25293295529461
25.251590571740948,55.30999302864075,11.756843221339256
25.248276738972606,55.31376957893371,34.23946460174591
25.248669745826163,55.31336188316345,52.06406486335346
25.250780316440924,55.31143605709076,61.16976072638609
25.24546743073816,55.30922055244446,156.52197733690198
25.244341748416673,55.30735909938812,106.37303449021141
25.246850258971037,55.30815839767456,51.91473723380033
25.250843390400775,55.30766487121582,163.48711867347305
25.24642813412667,55.30811548233032,29.336188548820743
25.23862098616283,55.29786944389343,110.56688519924265
25.249368421537895,55.31033098697662,140.93505711841473
25.23937309496283,55.29971480369568,177.13728069154752
25.24954794173165,55.313050746917725,30.306373335672856
25.24106168357217,55.306286215782166,79.02750726610954
25.240324142007793,55.30601799488067,85.09360661945183
25.24693759496263,55.31323850154877,54.467442519623226
25.24888323049771,55.31326532363891,43.33112342152295
25.237897986864624,55.2996289730072,14.988373395115408
25.25283748101569,55.30826032161713,91.75709477893601
25.240586163865615,55.30610382556915,97.57561620883041
25.242430005409076,55.3057336807251,11.092736669520887
25.252924812703156,55.30814230442047,82.73160650114822
25.24757805698285,55.31376957893371,80.49947397131474
25.239135332038813,55.30463933944702,141.2041785419001
25.2407462880562,55.29874384403229,344.90860687750273
25.24479299301335,55.305535197258,113.76954916558802
25.24386138942404,55.30615746974945,47.76967568120344
25.24837377782008,55.312573313713074,131.66560435849829
25.24371097359152,55.30608773231506,30.03828631550302
25.242347518358812,55.30547618865967,12.280189528607428
25.23886845473332,55.29738664627075,101.18601345633321
25.246772626925814,55.313040018081665,75.66857591642109
25.247874026927363,55.31447768211365,24.855710153552902
25.236709153166014,55.304043889045715,87.65265169317918
25.24880074782817,55.30723571777344,176.7378860277119
25.23727688336237,55.30196249485016,59.568282337740825
25.238810226879707,55.30246138572693,68.65055326163133
25.25262885506369,55.30665636062622,36.38684855816424
25.244652282512476,55.306286215782166,127.77179042102037
25.23987773309709,55.30587315559387,42.239989681195944
25.253443949771626,55.30687093734741,33.01159017990275
25.25281807396551,55.30817449092865,94.15320995204884
25.24748101749981,55.31384468078613,72.87890705878765
25.25202723403278,55.3101110458374,17.833809925437496
25.247180194609925,55.30839443206787,13.801565597851972
25.23983406257213,55.30589461326599,36.88921264593445
25.244802697179807,55.305519104003906,114.55036382907362
25.253138289897123,55.30762195587158,52.82858749436075
25.239411913355255,55.29636204242706,57.8035833860325
25.252556078484503,55.30570685863495,8.750904940181545
25.25361376048066,55.307021141052246,7.857932248540896
25.250940427198145,55.30737519264221,187.80316825501762
25.24439512152088,55.310073494911194,94.49101797895177
25.248849267052336,55.31323850154877,47.74845495496954
25.249038491841404,55.308791399002075,9.892575048437045
25.246845406969683,55.30815839767456,52.41665284017633
25.25083853855888,55.31139850616455,57.331167673502655
25.249227716335724,55.31282007694245,59.98394266649342
25.25197386428131,55.30942440032959,52.63297487608731
25.244831809674565,55.30667781829834,166.78353016746223
25.248936601606985,55.3087592124939,12.624649573486321
25.246437838162535,55.30813694000244,31.580421116152305
25.246850258971037,55.30815839767456,51.91473723380033
25.244754176339725,55.30559420585632,110.84537992309176
25.242721135727095,55.305808782577515,9.625376091900396
25.248378629760424,55.30858755111694,65.97438993594267
25.2405424935952,55.30611455440521,96.7987430696536
25.251954457093134,55.3101646900177,10.618620356756747
25.25087250144813,55.3113716840744,54.85132342231524
25.25149838727866,55.31074941158295,21.112280856783485
25.244560092785605,55.30625402927399,116.97803015255056
25.25219219493451,55.31024515628815,36.22490030824852
25.247971066096483,55.30696213245392,163.78307616469635
25.248849267052336,55.30723035335541,180.82110545881758
25.238819931523935,55.30238628387451,60.89160758342349
25.246811442954623,55.30821204185486,54.226312582804994
25.24460376161231,55.30622184276581,120.00401511635448
25.24636020585379,55.308040380477905,18.65483112475669
25.247995325876644,55.3144508600235,11.086947608734881
25.243288837841263,55.30699968338013,80.59306658551976
25.25230378600573,55.30897915363312,89.41002520499518
25.2407171745827,55.296785831451416,181.60385890276027
25.252890850387743,55.307831168174744,87.91106207691116
25.24611275253862,55.31123757362366,54.225517380504364
25.248368925879532,55.31369984149933,41.98280162764941
25.243783755469224,55.30697822570801,111.84993861243566
25.248907490095732,55.30714988708496,190.6892028980328
25.24908215905853,55.313066840171814,38.12286723613969
25.248660041968535,55.3101110458374,136.34396493175737
25.24717049063335,55.30835688114166,13.173899393331684
25.24142560045813,55.29718279838562,198.55260955361965
25.240916116512665,55.306082367897034,99.79012364513251
25.237873725068653,55.30225217342377,86.1095619283085
25.247209306535055,55.30838906764984,10.809322074858317
25.238426892813777,55.29838442802429,86.67759474178584
25.243968136030944,55.30724108219147,90.4568204557813
25.251071426751608,55.31147360801697,30.173176955601694
25.24957220119694,55.30747175216675,167.7857198435996
25.25393397431465,55.30625939369202,79.84157929406518
25.242381483621585,55.30544400215149,12.587796292026438
25.24887837857753,55.313259959220886,43.9995686192365
25.248048697375975,55.31415045261383,15.155912580887932
25.242818179011465,55.302579402923584,79.65452048800356
25.252167935992432,55.31017005443573,33.74528960736597
25.249295643005382,55.30894696712494,3.906850212549128
25.24049882330911,55.30271351337433,224.78166837960754
25.24232810963298,55.30569076538086,13.431797214336738
25.248029289560748,55.30686020851135,176.04429147915098
25.247490721451612,55.30742347240448,101.30135726377006
25.23746612617188,55.301533341407776,65.83691697268097
25.246850258971037,55.30815839767456,51.91473723380033
25.245244235934308,55.31087815761566,90.94671274766573
25.252784111620215,55.30639350414276,49.951163357520485
25.250135019431895,55.311033725738525,129.152444713624
25.24463772624445,55.30601799488067,117.10656823002563
25.24711226675751,55.30666172504425,176.4951079942444
25.244890034643163,55.31060993671417,92.020370143502
25.24160513238715,55.296587347984314,142.05350120915875
25.24330339427084,55.306822657585144,94.7255652955993
25.242536753273313,55.30658662319183,95.5005264835671
25.24949457089096,55.31259477138519,59.493979910190646
25.248849267052336,55.31323850154877,47.74845495496954
25.254225077067503,55.3054279088974,145.47946047834031
25.248849267052336,55.31323850154877,47.74845495496954
25.24403121352732,55.304768085479736,38.14094786088176
25.24558388003828,55.308297872543335,69.59613639116365
25.24477358467809,55.305798053741455,120.09415259680064
25.249887573804955,55.31045973300934,140.40784956163762
25.2437934597163,55.30722498893738,85.30836460212119
25.250988945567727,55.30948340892792,40.30800242760055
25.24168761994129,55.303062200546265,205.37582184511098
25.237024559158016,55.30191421508789,31.882335356866655
25.2422941443553,55.29767632484436,198.8965362103186
25.243948727563932,55.3062379360199,60.78157813230134
25.24221165721285,55.30567467212677,25.191048071038978
25.242371779261777,55.30565857887268,7.524752382092409
25.24737427397899,55.30842125415802,10.2621769931523
25.25129461085068,55.309789180755615,28.056494919822722
25.24657854659571,55.30640959739685,177.97021999233664
25.240901559797123,55.29625475406647,138.94403827057172
25.248849267052336,55.31323850154877,47.74845495496954
25.240969491121376,55.2960991859436,120.49159577433238
25.252813222202462,55.30842661857605,94.42338976896446
25.23940706105688,55.29637277126312,58.963127910225744
25.2407171745827,55.30440866947174,203.89378261485535
25.242527048925908,55.30658662319183,95.7162519521752
25.238451154499373,55.30271351337433,95.58366054675018
25.239455584031887,55.296313762664795,52.99723558846561
25.243686712955935,55.30611455440521,30.3619887899084
25.24997005573661,55.309043526649475,13.619506238716731
25.25036305711245,55.31225144863129,29.04899518843687
25.237019706764343,55.30393660068512,109.2988248372678
25.25296362676636,55.308045744895935,80.6296406263041
25.242633796704908,55.301554799079895,165.5170841201327
25.242284439988495,55.3050309419632,36.75677803489141
25.236883839662696,55.30168354511261,10.426806355277687
25.24065409536618,55.30610918998718,96.82449677999745
25.24167791552604,55.29733836650848,193.26001558996018
25.242624092365247,55.30037462711334,159.42876255904142
25.24498707619549,55.310298800468445,123.34108107765172
25.249805091817297,55.30691385269165,234.72960905273212
25.24342469778297,55.306034088134766,14.511870687484963
25.242143726582896,55.306570529937744,108.87756448319249
25.244016657184915,55.304580330848694,51.730602030435605
25.248820155520164,55.31336724758148,43.45488883865841
25.244492163468436,55.30642569065094,119.85226347873808
25.241226659362155,55.301780104637146,266.5353654971398
25.241847742680676,55.29740810394287,189.4351807661724
25.2378057920141,55.29935002326965,29.79867639609926
25.247175342621716,55.30826568603515,14.122495844277653
25.25246389475494,55.310046672821045,31.720568362894173
25.24822821951979,55.30753076076507,112.74212947587935
25.24251734457772,55.30172109603882,159.6578398942298
25.250115611949965,55.30535817146301,95.33309212393875
25.237665073423216,55.30419945716858,113.6407174159506
25.24168276773375,55.30649542808533,92.77127090233772
25.244191333178733,55.30125439167023,152.14125646772962
25.24373523422227,55.30718743801117,88.04480345733921
25.24012034683892,55.299816727638245,234.78350861576843
25.252226157445293,55.30908107757568,89.15971134633267
25.244463050892307,55.30645251274109,118.9554377118071
25.242226213771445,55.29763340950012,196.16710066785737
25.24189626468126,55.3064900636673,109.15998245512367
25.25134798090056,55.31095325946808,32.13475753218861
25.246850258971037,55.30814230442047,52.591941129131875
25.242323257451048,55.30570685863495,14.806350128010505
25.2442592626641,55.30466616153717,64.93846724144446
25.250552279543655,55.31167209148407,63.37746515113887
25.24196904764581,55.3056263923645,51.716813878070255
25.240998604534457,55.30312657356262,246.15704070754262
25.250246612392885,55.31192421913147,66.85857685968207
25.243381028532568,55.30695140361786,92.02677878446077
25.239659380315388,55.305808782577515,32.36674026178144
25.246549434519466,55.308077931404114,39.783030336472045
25.24884441513079,55.31323850154877,48.265555763294515
25.24306078688332,55.30592143535614,11.98200280576208
25.240411482689836,55.30564785003662,106.11362519912298
25.240426039464054,55.30594289302826,97.34822644770205
25.240935525463986,55.30609309673309,98.6430475737372
25.253633167403738,55.30699968338013,8.634933765558483
25.24573429355246,55.31010031700134,182.08046817590355
25.24434660051803,55.3063827753067,103.97369817247821
25.23640830361107,55.30217707157135,49.638232204000715
25.24142560045813,55.30270278453827,231.77317673808005
25.24167306331816,55.29909789562225,237.1137304599487
25.244642578333995,55.306055545806885,118.50975176319807
25.23725262144241,55.3034645318985,167.72595739454832
25.24143045267591,55.303019285202026,225.93409888832548
25.241978752037795,55.30392587184906,108.39872703012524
25.238907273286912,55.30382931232453,184.61702209032885
25.24342469778297,55.30686020851135,101.9786448519755
25.243473219153927,55.30273497104645,5.162479996685296
25.2429346308504,55.30350744724274,104.96186457728092
25.24190596907904,55.29694139957428,142.85208324651907
25.24246397064877,55.30171573162079,164.23363660576342
25.25374960887696,55.30662953853607,49.93696482355835
25.245346129265172,55.307766795158386,88.5821963759919
25.242624092365247,55.29790163040161,213.34977495284056
25.24003785822103,55.30495047569275,136.43210764622145
25.24146441819499,55.30650079250336,79.91497398345888
25.244822105510437,55.30560493469238,118.45858983028455
25.239576891384655,55.296345949172974,60.006833099282744
25.23944102714141,55.3011953830719,74.71207193699485
25.241178137094224,55.306264758110046,85.01378925265391
25.236238468856087,55.30248284339905,70.01858132130815
25.25270648336675,55.306516885757446,53.26441282774031
25.242556161965837,55.304070711135864,73.8796253686926
25.242041830566777,55.297542214393616,193.2672477691651
25.24680659095172,55.3081476688385,56.86639385844869
25.248897786257103,55.30727863311768,176.39854418051394
25.24318209063763,55.30592143535614,13.775251183558819
25.250959834548297,55.307321548461914,184.39789397428774
25.24426411476874,55.30702650547027,127.85072005692146
25.24133826050489,55.30363619327545,179.54272240109069
25.24887837857753,55.31326532363891,43.854013059344204
25.237543764162368,55.30227899551392,102.22541007493471
25.24644754219763,55.31063675880432,102.83785919957286
25.238790817588963,55.30249357223511,71.66335400012244
25.23840748346184,55.29866337776184,97.65346648160792
25.2426289445352,55.30159771442413,162.01931469187363
25.24451642394321,55.307031869888306,145.3205159158467
25.24051338007287,55.30595898628235,106.68448700176688
25.250037981991227,55.3058785200119,143.593104886837
25.250644464723877,55.309537053108215,28.08037833936995
25.243968136030944,55.30724108219147,90.4568204557813
25.244700803393243,55.30586779117584,116.25556099226031
25.246835702966337,55.3082549571991,50.62970586322348
25.2538611985174,55.30673146247864,43.608982825879664
25.24168761994129,55.30661344528198,83.08573315656612
25.24247367500125,55.30575513839722,14.13236643962835
25.241158728181645,55.30447840690613,154.29006969852497
25.242066091530717,55.297558307647705,193.92034758652514
25.24702978288566,55.30658662319183,178.56577052334478
25.242376631441772,55.30115783214569,217.9569491958173
25.246850258971037,55.30815839767456,51.91473723380033
25.2536671295116,55.30691921710968,16.870796245311194
25.2386840664345,55.29936075210571,105.9953085157985
25.243958431797836,55.304558873176575,49.35119677898432
25.25283748101569,55.30892550945282,48.67023960600211
25.240741435811117,55.296791195869446,184.1503408442871
25.239965074099945,55.29814302921295,240.68722776657245
25.242386335801218,55.303308963775635,139.1395642117201
25.242298996538395,55.30167281627655,180.82698567774227
25.250775464596515,55.31144142150879,61.29155615674712
25.24269202272669,55.304515957832336,24.413532924834122
25.24093067322646,55.30234336853027,249.9987925881211
25.242915222218343,55.30669391155243,85.04398073572301
25.242856996303516,55.30585706233978,15.105246891566896
25.252910257426297,55.30584096908569,6.812198357384056
25.247912842604293,55.3069406747818,165.21906023892092
25.247990473920993,55.308550000190735,31.889910396376102
25.24153720141817,55.303818583488464,149.5848036920434
25.238776260618906,55.30063211917877,95.30760297184716
25.242376631441772,55.30571758747101,11.3225595441635
25.2426289445352,55.305787324905396,10.955792896241789
25.253880605400937,55.30646860599518,71.08065755515737
25.250707538754256,55.311511158943176,64.2732399698075
25.251590571740948,55.30999302864075,11.756843221339256
25.247131674719213,55.30639886856079,202.26167849256134
25.23990199449308,55.30011713504791,193.57111693516927
25.252832629253433,55.30838906764984,92.32344546389416
25.24961586822225,55.31250894069672,53.250037879485184
25.251013204745277,55.30710697174072,175.12170405568253
25.23956233450872,55.2989262342453,213.79593227619998
25.241915673476058,55.2974671125412,191.56655094769138
25.248582411079695,55.31347453594208,45.04751849817955
25.24989242568483,55.306286215782166,190.27045874019672
25.25163423804075,55.30996084213257,10.193182069864994
25.24160028017633,55.306334495544434,103.06016916614392
25.245617844396477,55.306296944618225,193.7752329036269
25.242376631441772,55.3054279088974,14.421898075894392
25.249683794674898,55.30919909477234,14.716335834032408
25.24449701556378,55.30650615692139,125.55796458053507
25.253283842314246,55.307697057724,43.73661207796887
25.246738662890422,55.30816376209259,62.744722349795715
25.239610857421766,55.30491292476654,130.0022136097175
25.252580337349073,55.30989646911621,21.042779682436993
25.242444561941525,55.29775679111481,204.58822432208763
25.245627548497055,55.30844807624817,76.06447628537339
25.249848758758915,55.30674755573273,237.53089915899338
25.251595423552818,55.30998766422272,11.528317743784765
25.24463772624445,55.30608773231506,118.84964003388062
25.251464424564404,55.310786962509155,20.33564949531222
25.247088006801036,55.30823886394501,24.119406627416495
25.24216313533819,55.30647397041321,98.00951606397236
25.2401494604554,55.302584767341614,183.62093621033614
25.25117331519553,55.308029651641846,127.21282638288407
25.23936824266292,55.3047251701355,143.61457814581019
25.242323257451048,55.30559957027435,12.964391933557108
25.243948727563932,55.30159771442413,134.5303047834438
25.237155573714105,55.30364155769348,145.35176611003658
25.241731289800217,55.30384540557861,132.36099942593097
25.238300731970696,55.30441403388977,94.29624018259545
25.240697765596465,55.306307673454285,74.85270474931407
25.243914762739237,55.30724108219147,87.95978796283846
25.243744938473213,55.30469834804535,24.764651394378863
25.24418648107121,55.30463933944702,60.49657041979901
25.25365742605318,55.3067421913147,36.523674625849054
25.23920326435028,55.29675900936127,82.99197316056772
25.25013987130191,55.312020778656006,64.5474290499142
25.24556932388188,55.30793309211731,61.03661515209872
25.243191794932756,55.30694603919983,76.27998462218146
25.239853471696293,55.306071639060974,32.56702709757195
25.235180635611982,55.30437111854553,55.75389833678188
25.242852144142702,55.29991328716278,111.87629527490252
25.238266765567506,55.30445694923401,88.39987039845667
25.247194750573357,55.31342089176178,51.69886332548425
25.24207579591497,55.299328565597534,189.80204688790144
25.24239604015986,55.30110418796539,221.62765685171058
25.250848242242498,55.30763268470764,167.04689585889935
25.24218254409037,55.304827094078064,39.31903712364396
25.248048697375975,55.314295291900635,15.60081441666009
25.239819505727,55.298550724983215,241.73913216949776
25.238795669911937,55.301061272621155,49.1437902236732
25.243448958470864,55.301308035850525,161.2417975825654
25.247917694563057,55.306828022003174,177.12050634851832
25.246850258971037,55.30815839767456,51.91473723380033
25.24136252160932,55.30363082885742,177.98650132584655
25.244021509299245,55.30495584011078,27.099696380763202
25.247447053662455,55.31363546848297,68.38185363904005
25.240411482689836,55.29763877391815,229.9126502654678
25.237771825472574,55.29944121837616,19.32808175910491
25.24254645761998,55.30412971973419,67.29048485087966
25.23944102714141,55.29632985591888,54.54006712706731
25.247757579822107,55.31385004520416,59.04387224031626
25.24855329948359,55.313512086868286,43.74255486891607
25.25037761269455,55.31222462654114,30.62128525661901
25.241949638859523,55.30541718006134,55.6745830104499
25.24995550010567,55.3062379360199,182.06790202555118
25.249882721924862,55.31221926212311,60.46342452086056
25.243439254196304,55.30439794063568,56.05252650796386
25.244404825719116,55.306806564331055,140.90171028196104
25.246636770727292,55.30819058418274,53.565437988870634
25.24685511097223,55.30813694000244,52.33675440563753
25.243099604097893,55.30675828456879,86.55552553533795
25.2437303820965,55.30449450016022,46.88771563352024
25.243279133553894,55.30599653720856,11.95876916708652
25.23991169905011,55.30586242675781,46.05459669228724
25.252522116065947,55.30911862850189,61.04100429913536
25.242070943722936,55.30477881431579,50.59939150560658
25.243133569150444,55.30595362186432,17.375672245056588
25.24139648714737,55.3062379360199,98.75219389887611
25.241309147173183,55.304017066955566,156.73721693481815
25.242061239338327,55.30143678188324,217.97335693679392
25.24938297723915,55.31270742416382,65.06896581997003
25.242677466223853,55.30461251735687,13.980137465864201
25.243764346972767,55.30614137649536,38.43316325959999
25.24884441513079,55.31323850154877,48.265555763294515
25.242949187322424,55.30585169792175,13.401089255199443
25.25124609260314,55.311028361320496,40.4051982841461
25.244560092785605,55.29839515686035,99.4248937612639
25.236631514642497,55.30191421508789,16.3703203762841
25.244448494601613,55.3071928024292,127.46072290522518
25.24082392395144,55.30520260334015,170.9506683406234
25.241852594881593,55.30648469924927,106.08826184296203
25.24221165721285,55.29990255832672,179.30779012584284
25.24072687907463,55.30294418334961,258.82802399368114
25.246593102631223,55.3080940246582,44.944108117906126
25.250382464554832,55.30937612056732,8.417908505684531
25.245477134850773,55.31114637851715,95.5468185497096
25.24727238234888,55.30588388442993,259.9156380612226
25.24097434335738,55.30526161193848,165.12542988066744
25.243686712955935,55.30611455440521,30.3619887899084
25.246510618406944,55.30710697174072,101.46713491608755
25.23696147802508,55.30145287513733,11.604148115600582
25.243968136030944,55.30724108219147,90.4568204557813
25.240993752299417,55.30363619327545,209.21365404347355
25.242400892338893,55.30683875083923,73.81959164969038
25.243206351373956,55.304301381111145,50.726591995476596
25.25386605023857,55.30659198760986,57.731000907760404
25.248849267052336,55.31323850154877,47.74845495496954
25.251629386230434,55.30996084213257,10.514997299174446
25.25429300094281,55.305578112602234,141.7761686720168
25.238718032721096,55.29772460460663,126.35398828591009
25.239683641754965,55.29713988304138,147.9142539737433
25.249295643005382,55.30885577201843,11.903784433044944
25.2470055229127,55.31337261199951,42.74548151309688
25.24378860759286,55.307069420814514,102.01580015683099
25.24567606898843,55.306828022003174,135.8669532394622
25.251314018144257,55.30924201011658,49.65884404701155
25.246845406969683,55.30815839767456,52.41665284017633
25.24434660051803,55.30695676803589,139.47907641524617
25.242284439988495,55.305556654930115,16.76025324090737
25.252328044920674,55.30734300613403,49.30143233351169
25.24139163492822,55.30539572238922,116.96729410242867
25.2487328208818,55.30875384807587,22.712929412637305
25.251590571740948,55.30998766422272,12.00861839590433
25.25198356787421,55.30998229980469,14.206266184938833
25.248165144202204,55.313791036605835,34.06901708277549
25.249911833202415,55.31221389770508,59.995371544535736
25.246132160659997,55.306296944618225,185.6587580584268
25.24887837857753,55.313259959220886,43.9995686192365
25.251954457093134,55.310577750205994,35.823204251393
25.250712390601393,55.309569239616394,35.234204767162375
25.253929122596176,55.30595898628235,86.16992591247117
25.24812632860585,55.313823223114014,32.687548426050014
25.2492228644293,55.3128308057785,58.832919292604174
25.244453346698705,55.30718743801117,128.26018984340283
25.24714623068847,55.3082549571991,17.528245518262953
25.242386335801218,55.30665099620819,93.45025788888273
25.244448494601613,55.30784726142883,58.62674774373937
25.246607658664985,55.31210660934448,62.078005769874714
25.248849267052336,55.31323850154877,47.74845495496954
25.252245564590055,55.31020760536194,34.718212744692515
25.244157368421853,55.30522406101227,41.85252364945237
25.24637476191546,55.30800819396973,19.021156253440896
25.248650338110153,55.30882894992829,28.35041017218824
25.240741435811117,55.30273497104645,250.37968363519025
25.24737427397899,55.31373739242554,59.712324602726106
25.249135530080423,55.30889868736267,7.709799123825249
25.248169996150864,55.31260013580322,147.64008124580877
25.242119465634417,55.30566930770874,35.23407255188896
25.25166820070754,55.31042754650116,26.496344192070023
25.24730634623508,55.306060910224915,244.43706194782519
25.245477134850773,55.308807492256165,117.10155015443732
25.239382799562097,55.30568540096283,45.19611486868648
25.25285688806278,55.307798981666565,89.49459162504121
25.252163084203417,55.30974090099335,44.67671866774947
25.245229679737207,55.306044816970825,177.51979852594798
25.244458198795584,55.30717670917511,129.46369600516698
25.23624817370562,55.302295088768005,63.38695650107606
25.23960115284069,55.3058248758316,29.01110783855052
25.248000177832097,55.30864655971527,38.81565208447776
25.2534924671413,55.30685484409332,30.634381281902357
25.24410399521321,55.304821729660034,41.09136461050503
25.24448731137288,55.30712306499481,135.89862563292485
25.248854118973668,55.31334042549133,41.63134236363842
25.247451905639792,55.313785672187805,68.69675699329196
25.25318195564057,55.30786871910095,65.26845401170372
25.244817253428067,55.30543863773346,115.16659861253297
25.250683279515684,55.311548709869385,65.26127334286653
25.24826218313881,55.308582186698914,61.27211583971302
25.239858323976833,55.30490219593048,135.18212102578832
25.24230384872132,55.30662417411804,99.93683187222952
25.24129459050472,55.30364692211151,182.33661771259827
25.247277234333225,55.31363546848297,49.76995895615917
25.253424542818337,55.30690848827362,32.1194203150548
25.245360685448347,55.310014486312866,174.29788158881726
25.242992856728037,55.30586779117584,9.907484081228024
25.24182348167311,55.30661880970001,93.63366260131215
25.249077307146308,55.313061475753784,38.91249385580046
25.243812868208096,55.3071391582489,95.0725694363562
25.241406191585057,55.30375957489014,164.77695297089343
25.251677904324865,55.31057238578797,30.438489424387853
25.24711226675751,55.30667781829834,175.02884175639136
25.242192248465315,55.301544070243835,199.2057659811448
25.24860181880655,55.31341552734375,49.52005568484146
25.248650338110153,55.31339943408966,48.86577542626807
25.248402889459214,55.31375348567963,36.2849673850652
25.247451905639792,55.31293272972107,110.79418804760702
25.247956510226047,55.314542055130005,15.382472067400862
25.250998649239335,55.30886650085449,32.85853285670167
25.253278990569797,55.307294726371765,33.14228186460317
25.252725890434775,55.3084534406662,101.80753214440735
25.249179197262706,55.31017541885376,134.32605643405446
25.243317950698696,55.30601263046265,12.246771663818203
25.24556932388188,55.30833542346954,73.20557522719089
25.247553797119338,55.306785106658936,172.4886814873373
25.243943875446703,55.304553508758545,48.89006110197983
25.235146668336952,55.30440866947174,56.241923626016465
25.251576016304185,55.3106689453125,26.932510983103565
25.244938555429,55.30764877796173,108.88889110968879
25.247985621965157,55.31386077404022,40.07325717574814
25.252541523163416,55.30888795852661,72.58294650651494
25.23797077222356,55.302032232284546,63.751435749136114
25.244361156820915,55.31013250350952,87.25566784021541
25.245758553779226,55.30997693538666,193.2621051662583
25.252803518675847,55.30938148498535,25.850296938619806
25.24106653580448,55.29616892337799,126.60270644731713
25.245457726624775,55.30922591686249,157.54869696471957
25.240426039464054,55.3056263923645,108.64536480638402
25.247675096388335,55.30687630176544,164.61944665119415
25.247514981327697,55.31293272972107,115.24179216706342
25.2435217405055,55.306066274642944,18.11012894968426
25.240159164992676,55.30421555042267,217.68742933135275
25.250979241895365,55.307262539863586,181.04641333796317
25.250319390355685,55.3118759393692,62.828090671022586
25.245918671154513,55.3079491853714,22.23968905763228
25.243783755469224,55.3061306476593,39.2492929916337
25.24530246070526,55.306055545806885,185.35249899175017
25.251110241406963,55.30668318271637,167.10459712199253
25.25139164728759,55.3094083070755,59.5628903177813
25.24384198093999,55.307294726371765,79.46770109301272
25.24854359561664,55.313522815704346,43.58556252496894
25.24248823152847,55.29712378978729,134.44045160647843
25.252590040893523,55.3068333864212,16.4292973734119
25.24763142866547,55.306769013404846,175.4502603401517
25.24884441513079,55.3132438659668,48.10342821889236
25.23547178329453,55.30447840690613,27.506369466331634
25.253274138825176,55.30760586261749,38.560085058950115
25.252590040893523,55.309810638427734,20.096476587453907
25.24764598457483,55.30850172042847,10.093646084912317
25.244235002137984,55.3072464466095,106.61625640303374
25.250887056969177,55.31167209148407,39.771928599047136
25.243220907813452,55.30702650547027,72.78671235176527
25.248810451674544,55.30970335006714,88.10846154896986
25.24520541940484,55.309805274009705,175.36399583419248
25.243982692379177,55.30576050281525,40.18186571824965
25.246549434519466,55.30807256698608,39.60692713784006
25.252730742201308,55.30945122241974,25.278640409223616
25.2527647045615,55.30844271183014,99.84044805685826
25.247155934666992,55.306264758110046,216.52118622436916
25.245195715270498,55.310014486312866,161.98278457432568
25.251415906384707,55.30543327331543,51.45533472469056
25.244433938309182,55.30677437782288,140.7124899052497
25.249033639927404,55.313050746917725,42.6227737968889
25.246850258971037,55.30815839767456,51.91473723380033
25.24665617876495,55.30811011791229,52.157565045444315
25.245394649868913,55.31108200550079,90.35052073267984
25.25425903900991,55.305545926094055,140.59869044018038
25.24578281400116,55.30791163444519,37.75548097372323
25.249533386050143,55.312530398368835,59.177869476551216
25.242337813996286,55.30535280704498,20.788066288386485
25.242172839714655,55.30563175678253,29.09018218908877
25.248752228584635,55.313286781311035,54.386522333333055
25.251629386230434,55.30995547771454,10.99106253343756
25.23970790318968,55.29700040817261,133.59176605851667
25.25281807396551,55.30588388442993,8.838448339973477
25.252226157445293,55.309574604034424,58.79357092599922
25.25247845008532,55.30565857887268,10.796080942884817
25.250236908661208,55.31194567680359,65.2560485535522
25.241663358901775,55.305277705192566,90.6003970117883
25.24139163492822,55.29889941215515,271.96205524940177
25.25108598224881,55.30969798564911,41.11806114694016
25.242769657378982,55.30665636062622,86.23389673531025
25.25091131616705,55.31132876873016,53.066817516608324
25.23860157684186,55.29822885990143,103.1350077566974
25.251663348898603,55.31059384346008,29.797866610215515
25.240547345848256,55.30607700347901,100.88741141865891
25.24526364419438,55.30961751937866,170.93787323903064
25.240508527818477,55.305325984954834,134.68337735285493
25.24429322739252,55.30716598033905,117.59867755696953
25.24052793683491,55.30537962913513,132.7874140519832
25.242905517901136,55.30587315559387,16.759876379130514
25.2477672837518,55.31384468078613,58.54663967628113
25.24448245927715,55.30712842941284,135.09783712540676
25.24322575995953,55.30438184738159,43.18476502949277
25.240435743979248,55.305529832839966,114.94957379843137
25.25304610660939,55.30771851539612,66.75165219082939
25.2468308509644,55.30817985534668,53.13800423197981
25.248383481700557,55.30861973762512,63.88058491139253
25.250600798068277,55.31199932098389,29.881097447062597
25.23582601203468,55.30461251735687,8.47347893074366
25.24579737013201,55.30688166618347,125.88369477457478
25.24608364035079,55.31014859676361,162.93983686659809
25.24466683877874,55.30621647834778,126.30257249521829
25.242352370539805,55.3066885471344,91.1562026511215
25.244021509299245,55.306264758110046,68.33455885864883
25.243220907813452,55.306801199913025,90.36760263546925
25.240377516876492,55.30601263046265,91.04741841919393
25.25272103866807,55.30949413776398,20.812781043963362
25.241595427965336,55.30646324157715,90.29504050225204
25.251449869112538,55.31084597110748,24.256347005124027
25.24177010743942,55.30635595321655,108.94779621528104
25.25108113041661,55.306801199913025,168.2184518046239
25.252493005413925,55.309038162231445,67.65658849011648
25.2527647045615,55.30857682228088,87.463186860649
25.242269883436848,55.305567383766174,18.499830725321967
25.240493971054136,55.30524551868439,139.22268419333813
25.249712906000127,55.31240701675415,53.53520975085724
25.252842332777774,55.306280851364136,41.38061728427526
25.251648793470537,55.31015396118164,13.823383459333774
25.251052019419262,55.30941903591156,36.69543005658383
25.248524187880477,55.30702650547027,177.6319609283612
25.251789495868536,55.31042754650116,23.600540268624155
25.240765697034675,55.30525088310242,162.58563829395482
25.24494340750651,55.31057238578797,98.12804610745508
25.24606423222167,55.30915081501007,131.26325001963522
25.24595748745614,55.31145751476288,58.87224920826345
25.2437789033454,55.307273268699646,79.71632043745528
25.242109761253673,55.30645787715912,98.32822386387394
25.239212968963106,55.30467689037323,146.54609229207094
25.24738882991916,55.30547082424164,255.92615212770212
25.2495527936251,55.312530398368835,57.3821523654746
25.245904115038215,55.31140387058258,66.0249397377909
25.240532789088547,55.30519187450409,146.4144338130958
25.243982692379177,55.307337641716,81.84022185931506
25.241852594881593,55.29740810394287,189.1654014510408
25.244472755085113,55.30714452266693,133.08593166357053
25.248669745826163,55.31338334083557,49.80128511720178
25.243618783150534,55.30706405639648,100.51851962761876
25.24239604015986,55.306543707847595,97.2439740289056
25.243017117502134,55.30674755573273,83.37579238956957
25.24239604015986,55.305545926094055,4.319095294418335
25.24468139504326,55.30662953853607,150.13430020851317
25.24711226675751,55.30664563179016,177.96722436017137
25.24231840526889,55.30550837516785,13.523692122000332
25.241794368457647,55.30548691749573,71.38166279349255
25.24438541732185,55.307015776634216,136.94831324067243
25.240508527818477,55.30520260334015,143.62748188123743
25.238664657123635,55.3008896112442,67.9331809463967
25.24125577271363,55.305336713790894,132.89137725515081
25.250130167561707,55.312031507492065,64.36910300058656
25.24997975948959,55.30615210533142,172.51297115318437
25.24441452991657,55.30640959739685,111.79308309901641
25.2407171745827,55.30611455440521,96.22077021510934
25.244399973620105,55.30636668205261,107.71001423295239
25.247786691608862,55.31413435935974,44.27131889067873
25.24465713460141,55.30742883682251,110.50440268236437
25.23867921410708,55.304532051086426,109.18076220849876
25.24849992820593,55.312326550483704,142.4800662351309
25.24277450954308,55.302654504776,82.78017221121989
25.238810226879707,55.30246138572693,68.65055326163133
25.239528368458068,55.30093252658844,98.99890490081926
25.246510618406944,55.30815839767456,39.614551344102026
25.251711866979463,55.3104704618454,29.244477964263798
25.249557645518337,55.312557220458984,55.308493371364364
25.251144204220267,55.30934393405914,37.31254762341353
25.24286184846416,55.30248820781708,78.27776519752528
25.239766130613248,55.304027795791626,229.27158914416765
25.244739620083905,55.30671000480652,160.70951576036387
25.24160028017633,55.30233800411224,217.38734300437787
25.25160512717595,55.310025215148926,9.221682078964626
25.241265477162557,55.30173718929291,270.313214088315
25.241779811847294,55.30536353588104,75.425036634134
25.246369909895098,55.308018922805786,18.809232264762326
25.252250416375745,55.30546009540558,16.498407688754842
25.24241544887485,55.30574977397919,13.045744386850961
25.241707028769422,55.29683411121368,149.2709626835408
25.24860667073777,55.31343162059784,47.69297097779167
25.248286442860845,55.30743420124054,125.25083291182152
25.241124762577144,55.30624866485596,84.81867434643742
25.244865774242967,55.305304527282715,120.30305451765939
25.238718032721096,55.29788553714752,120.36196397492495
25.24207579591497,55.30015468597412,201.90166032912796
25.251027760249485,55.31118929386139,53.204469216197815
25.25288599862759,55.30822813510895,86.349449416739
25.250581390660756,55.31161308288574,68.23070410853975
25.251435313658902,55.310829877853394,21.875750590726312
25.244623169974687,55.310770869255066,57.76638496202963
25.24997975948959,55.31216561794281,63.51348596929084
25.246234053246283,55.306280851364136,187.46105439080156
25.249824499348833,55.3068333864212,243.9151403473189
25.250207797461556,55.30920445919037,27.636685577939435
25.24997005573661,55.30591607093811,151.41063877985263
25.243875945785064,55.30725717544556,84.68373274269865
25.23590365107269,55.30475199222565,21.9646394142825
25.251474128198012,55.31085133552551,26.319018182817913
25.238727737372685,55.304548144340515,111.55851461848634
25.245928375231088,55.30795991420746,21.074882338718293
25.24045030075058,55.30508995056152,148.02186994654045
25.24432719211147,55.307337641716,106.70412514245201
25.250401871994143,55.309290289878845,4.29532158485518
25.252866591585175,55.30788481235504,93.32252973343302
25.252847184539647,55.30911326408386,30.756368992992396
25.238776260618906,55.30448913574219,120.01654799368082
25.25428814923869,55.30572295188904,133.36788881695693
25.24469595130604,55.30486464500427,102.59719689455474
25.252983033793257,55.30788481235504,82.74234217541628
25.24248823152847,55.297788977622986,207.509651883602
25.24812147665544,55.31394124031067,22.737625620982183
25.23727688336237,55.30341625213623,173.7228882841821
25.24332280284092,55.30601263046265,12.183914385271118
25.252124269884447,55.309579968452454,49.203771948582585
25.242721135727095,55.305787324905396,7.302838886556392
25.252313489572288,55.30725181102753,42.607923763875476
25.24449701556378,55.306549072265625,128.53000344793776
25.243250020687157,55.3069406747818,81.38867653852486
25.253215917874613,55.307283997535706,40.24334189023256
25.238189128038822,55.30437648296356,93.77011955369292
25.25142561002218,55.31114637851715,25.11499465965332
25.24639416999497,55.30809938907623,25.21379277990255
25.240828776193258,55.30513823032379,175.56526449614913
25.239198412043574,55.30167818069458,44.185621416363915
25.2455935841416,55.31124830245972,104.11960573732348
25.253055810116663,55.30769169330597,64.41437223068063
25.23914503665705,55.29827177524567,163.63596916574028
25.2382764702551,55.29851853847504,76.84211243898189
25.242012717403625,55.30667781829834,107.1279372550429
25.246850258971037,55.30813694000244,52.829170852950625
25.24256586631095,55.30422627925873,56.71322574727384
25.24997005573661,55.31215488910675,64.86615506024113
25.251648793470537,55.31014859676361,13.258801329160345
25.245792518088606,55.31121611595154,85.19652982824647
25.247684800324635,55.313812494277954,68.028492349818
25.245710033320833,55.30801355838776,45.54751115366133
25.249247123959503,55.31285762786865,55.719046908894875
25.24246882282509,55.30524551868439,6.99263442121054
25.236912954054404,55.30173182487488,15.86634658122226
25.24864548618068,55.30717134475708,171.41517327072347
25.24167791552604,55.29733836650848,193.26001558996018
25.246442690180203,55.308018922805786,26.640856229085255
25.239096513558053,55.30069649219513,93.73967971672499
25.249499422786513,55.31150043010712,150.54474928213557
25.242337813996286,55.30535280704498,20.788066288386485
25.239460436328315,55.30571222305298,41.17395223410816
25.252788963384404,55.307825803756714,96.40835057410209
25.251124796899543,55.30662417411804,165.78477943484265
25.25076090906208,55.31144142150879,62.6522771963757
25.24340043709023,55.302579402923584,23.544507316780496
25.23931001504873,55.29650688171387,74.19161744801208
25.25192534630509,55.30922591686249,71.8361546882628
25.25115390787944,55.30821204185486,107.13839134345977
25.237126459380505,55.30134558677673,22.805144795144376
25.250115611949965,55.31246602535248,29.781213819474022
25.23983891485348,55.30587315559387,38.71866947574034
25.25109083408084,55.30789017677307,140.41174663875586
25.24710256277548,55.307300090789795,115.98551092883291
25.25250270896538,55.30996084213257,31.410844523494383
25.244734767998253,55.3059321641922,123.07668899915014
25.24804384542246,55.3143435716629,11.820485911427825
25.248276738972606,55.31389832496643,19.94965447090894
25.249358717736072,55.309054255485535,15.167125883214602
25.24739368189884,55.30738592147827,104.68002946605749
25.238722885046982,55.29772460460663,126.84824146638262
25.240954934412244,55.302300453186035,250.77496762285347
25.24378860759286,55.30611991882324,38.91673637478263
25.237315702424223,55.30210196971893,70.31359446945216
25.252793815148408,55.30923128128052,28.4131825038252
25.237645663949607,55.30413508415222,121.10277425411252
25.247762431787052,55.31415045261383,46.847568583296535
25.251629386230434,55.30995547771454,10.99106253343756
25.24860181880655,55.30717670917511,168.11413510945013
25.25130916632115,55.305781960487366,86.59460667373743
25.24569547717951,55.308271050453186,57.62007549258247
25.248951157359983,55.30718207359314,187.17233726764846
25.24887837857753,55.313259959220886,43.9995686192365
25.23929060583781,55.302305817604065,85.48323842125308
25.248917193933607,55.31312584877014,46.23476465374104
25.24218254409037,55.3066349029541,105.6136173085337
25.2430413782714,55.3058785200119,7.62852294783089
25.240610425120167,55.3059858083725,110.54715851163586
25.242905517901136,55.30374348163605,110.14545499107336
25.248524187880477,55.31360864639282,38.9822464957725
25.25078516828516,55.31143605709076,60.722831131234734
25.24289096142388,55.30695676803589,56.51463224092597
25.239397356459538,55.29638350009918,60.1096797958664
25.244540684413153,55.30693531036377,154.9754948602888
25.243021969656382,55.307037234306335,56.107866290195794
25.24563240054708,55.30812621116638,56.63907603502693
25.23952351616435,55.305771231651306,34.84891180275425
25.24135281716812,55.30520796775818,125.77113143782364
25.24212431782449,55.303276777267456,164.48764888221046
25.250144723171715,55.31200468540192,65.5670475608873
25.247835211238012,55.31423628330231,36.40270681266438
25.252493005413925,55.30923128128052,57.92226846583325
25.24236692708156,55.305567383766174,7.97823853858571
25.24670955085253,55.313007831573486,79.12224825302097
25.240576459362444,55.30612528324127,95.26962650539795
25.25341969107953,55.307300090789795,17.71206766465239
25.25163423804075,55.30947268009186,42.95238759490599
25.241401339366305,55.303786396980286,163.24603991110126
25.243783755469224,55.30064821243286,93.60643779036884
25.250052537612248,55.309027433395386,21.691755143647026
25.24245911847227,55.29776751995087,205.54704637421082
25.238810226879707,55.30246138572693,68.65055326163133
25.242386335801218,55.30545473098755,11.283920464242172
25.247859471045302,55.31447768211365,26.446598154640416
25.23555427501115,55.303587913513184,47.9853355355969
25.248936601606985,55.31316876411438,41.869736759273806
25.245195715270498,55.30665636062622,178.11620280237472
25.244763880509296,55.30672609806061,163.93040393791858
25.24288125710474,55.30700504779816,51.142645981346
25.24884441513079,55.31323850154877,48.265555763294515
25.248038993468725,55.3138393163681,37.17933147652961
25.24982935123124,55.30900597572327,14.910272266260728
25.24731605020081,55.3136944770813,53.28134751457892
25.250435835005476,55.311768651008606,61.176180903123985
25.242041830566777,55.30660271644592,114.23616448822683
25.246423282108424,55.30801355838776,24.41050112769666
25.251139352390386,55.30650079250336,156.55540649521538
25.254336666271143,55.3053742647171,158.85525952815837
25.24571973741405,55.30814230442047,48.189516719215234
25.23882478384573,55.30243456363678,66.18676608295672
25.250309686629834,55.30918836593628,19.540435679393713
25.249795388050373,55.31044363975525,143.53071948009045
25.24399724872565,55.304537415504456,53.875074824516545
25.241226659362155,55.304773449897766,144.1479561896702
25.243987544494857,55.3072464466095,90.91706105236406
25.24568577308436,55.306313037872314,190.0221020917678
25.24761687275435,55.31375348567963,77.97541947227553
25.2529733302802,55.308018922805786,80.4453234086935
25.243803163962586,55.30611991882324,40.199811172418194
25.24887837857753,55.31326532363891,43.854013059344204
25.242735692224713,55.300063490867615,130.6397909162975
25.241420748240177,55.30634522438049,90.7074378022243
25.252861739824056,55.30791163444519,95.41019763747566
25.24142560045813,55.30624330043793,100.07564341856272
25.248805599751464,55.30889868736267,11.318174616872964
25.239576891384655,55.305803418159485,31.09086438518821
25.248000177832097,55.30865728855133,39.602140315643176
25.244812401345527,55.30747175216675,114.92424591598615
25.238232799154815,55.298523902893066,72.973115913725
25.243502331967207,55.3068870306015,107.1625417666358
25.243070491188135,55.30675292015076,85.48681898008927
25.24208064810678,55.29697358608246,134.75600074680185
25.247248122424352,55.30597507953644,249.6850586645684
25.242682318391672,55.305803418159485,9.182123316803557
25.244545536506536,55.30650079250336,129.50629003827052
25.243109308399568,55.30198931694031,96.49220736905765
25.25196901248455,55.31019687652588,11.482530089928533
25.243414993506477,55.30706405639648,88.74604156569258
25.24975657297487,55.31237483024597,52.668890813346685
25.249179197262706,55.31289517879486,52.34138413425991
25.237558321280066,55.304038524627686,134.21219684374393
25.2422941443553,55.30568540096283,16.63865898194476
25.242483379352905,55.30570685863495,9.312288867965355
25.24442908621134,55.30672073364258,136.21419825107066
25.244560092785605,55.30625402927399,116.97803015255056
25.251648793470537,55.3101646900177,14.923554297138907
25.24819910783883,55.313823223114014,29.478503898952244
25.25443370027791,55.30538499355316,166.73426496076073
25.246850258971037,55.30813694000244,52.829170852950625
25.248776488208833,55.30871093273163,22.353789582835685
25.2435217405055,55.3071928024292,86.67915489301225
25.25296847852337,55.306028723716736,26.985533956106288
25.24453098022576,55.306549072265625,131.46355665528375
25.253235324861237,55.307697057724,47.84155553147072
25.2485387436829,55.31346917152405,48.4287506332242
25.23944102714141,55.297810435295105,174.82085358552962
25.24615156877826,55.30795991420746,3.8749089403649952
25.247058894846845,55.31334042549133,48.69945829090627
25.23871318039504,55.29938220977783,108.52153820081793
25.2424105966964,55.306790471076965,78.1705758215184
25.243366472112257,55.306028723716736,14.396455301728077
25.2455935841416,55.30826032161713,66.56250745767538
25.249742017318383,55.30713379383087,209.33753921208583
25.248912342014776,55.30894696712494,8.851333949017578
25.24793225043813,55.31398415565491,34.60415265674316
25.248849267052336,55.31323850154877,47.74845495496954
25.24926167967531,55.30886113643646,10.711208430642834
25.251522646354474,55.30931174755096,63.118733537119944
25.25378842267658,55.30673682689667,39.60463698320716
25.24349747983213,55.297799706459045,135.8053403916052
25.248873526657135,55.31298100948334,60.20178550325171
25.251052019419262,55.30859291553497,63.40247858235522
25.24698126293491,55.31249284744263,117.42106407226355
25.25247845008532,55.31008958816528,26.729203436232428
25.242240770328337,55.30499339103699,41.51170349370324
25.24345381060786,55.30687093734741,103.81460812077614
25.237543764162368,55.30123293399811,60.48379052382806
25.235588242172312,55.30395805835724,6.879447966218494
25.251066574918795,55.308560729026794,67.29823257425
25.24118784154936,55.30645787715912,65.89822681280941
25.250372760834026,55.311827659606934,61.39029767168285
25.253914567439637,55.3067421913147,45.91279125224862
25.246549434519466,55.30807256698608,39.60692713784006
25.25196416068762,55.310556292533875,37.24765704394717
25.240998604534457,55.3022038936615,251.79325425807056
25.248102068851836,55.31415581703186,9.20558360821151
25.23987773309709,55.30009567737579,193.85775915364692
25.24500648449664,55.30661344528198,179.34092331841165
25.24660280665394,55.30809938907623,46.1527846224937
25.248305850634992,55.31386077404022,24.37392512324762
25.252803518675847,55.30590534210205,11.703699992527843
25.24240574451775,55.3056800365448,6.061472134854006
25.252987885549516,55.30844807624817,75.10270085661949
25.242347518358812,55.30523478984833,20.159980585278383
25.2523086377891,55.30760586261749,75.8452378515778
25.243968136030944,55.30724108219147,90.4568204557813
25.243968136030944,55.30724108219147,90.4568204557813
25.246141864719533,55.31161844730377,37.74575171457282
25.252662817452403,55.30866801738739,83.03986302852772
25.251867124708028,55.31069040298462,28.81507815193136
25.240668652111367,55.30601799488067,106.98437796878596
25.2424105966964,55.30518114566803,16.370310026124237
25.244807549262777,55.306575894355774,158.26071548956074
25.247641132605224,55.308533906936646,9.936610526555555
25.24106168357217,55.30621647834778,86.60148091208443
25.244171924747377,55.306307673454285,83.66913964010156
25.251648793470537,55.3101646900177,14.923554297138907
25.247340310111795,55.30674755573273,175.56326907588112
25.244390269421473,55.30692994594574,144.76400055394456
25.24037266461667,55.30591070652008,92.17920335229246
25.238994614987135,55.30217170715332,50.528832540084544
25.24742764575113,55.3084534406662,14.686839472656882
25.252075751968302,55.31040608882904,31.375457409877633
25.241765255235208,55.30652225017547,96.36810946872099
25.239450731735246,55.30485391616821,131.95813769048962
25.242944335165262,55.302284359931946,82.22804704571236
25.245190863203064,55.31084597110748,89.38721369691221
25.24503559694257,55.3066349029541,183.32837887526685
25.24685511097223,55.31235873699188,97.80120102962795
25.253317804519796,55.30763804912567,36.59996007282009
25.25228923065444,55.30948877334595,56.81881746744668
25.240493971054136,55.29595971107483,124.26664660520075
25.24862122653032,55.31219244003296,147.77864511086247
25.238189128038822,55.300133228302,42.23181945437634
25.24711226675751,55.30666172504425,176.4951079942444
25.245608140295104,55.30683875083923,137.6810214413527
25.244065178319502,55.30496656894684,31.680059939203698
25.238528791860674,55.301045179367065,52.77740184897091
25.25374960887696,55.306790471076965,32.57951230487271
25.250746353525912,55.311478972435,61.95192630794688
25.253511874083728,55.307058691978455,16.925655045204046
25.25006224135865,55.31208515167236,65.726270753348
25.239615709711984,55.29893159866333,219.1319853073369
25.24679688694529,55.312299728393555,89.16429825453493
25.243536296907195,55.302316546440125,49.209596054599814
25.243439254196304,55.304306745529175,63.269598600866566
25.239431322546793,55.299843549728394,177.27462027922033
25.25320136263261,55.307326912879944,41.39251112287958
25.239673937179717,55.300025939941406,188.05680769066132
25.24132855606176,55.30485928058624,133.48443704042683
25.240731731320324,55.30138850212097,210.17508049341635
25.25309462413796,55.307562947273254,55.20597928991043
25.24040663043137,55.306071639060974,93.95161819472499
25.24168276773375,55.305325984954834,86.92484433695994
25.248854118973668,55.31317412853241,49.73576656606827
25.246423282108424,55.31034171581268,135.6671669152188
25.24133340828341,55.30540108680725,123.29142361910749
25.239766130613248,55.304027795791626,229.27158914416765
25.24807780909299,55.30865728855133,46.36736530988086
25.24286184846416,55.30671000480652,81.86195705920728
25.244788140929828,55.3057336807251,118.9280160467698
25.251474128198012,55.309284925460815,67.66602363569024
25.245287904515138,55.309794545173645,182.547417402256
25.25150809090958,55.30517578125,27.49509711044552
25.240624981870596,55.30275642871857,239.4944196801755
25.25125094442876,55.311039090156555,41.61038722631677
25.244807549262777,55.30549228191376,114.67634537242537
25.24941208863646,55.30741810798645,167.51720968679115
25.242701727060933,55.30016541481018,139.41548932440062
25.24431748790704,55.30842661857605,14.452994676090608
25.241386782708872,55.30149579048157,274.52372159948237
25.2426095358543,55.30488073825836,3.8673694225094026
25.243895354263685,55.30714988708496,96.60063875467898
25.237267178594948,55.302080512046814,64.48123172931079
25.251061723085822,55.30788481235504,140.49626553938643
25.252386266296824,55.31021296977997,23.588899445640397
25.242658057550727,55.301533341407776,165.8919831309938
25.23844144982573,55.29811084270477,85.5293765359326
25.242032126179836,55.30422627925873,78.64744839637821
25.251590571740948,55.30999302864075,11.756843221339256
25.243308246413665,55.30685484409332,92.60402295826226
25.24113931926594,55.30534207820892,145.54672420184372
25.237126459380505,55.30198395252228,45.55885098950936
25.24239118798063,55.30540645122528,15.542330790897191
25.249062751408417,55.313066840171814,39.29440001458687
25.24448245927715,55.306538343429565,126.52567228102777
25.244273818977447,55.30717670917511,115.29454232553746
25.24448245927715,55.306575894355774,129.21614202253537
25.250814279346457,55.31141996383667,59.13764514705869
25.23797077222356,55.29972016811371,23.050540291373228
25.251944753497895,55.30942440032959,51.37826899620496
25.246869666974604,55.30815839767456,49.914716753350405
25.243803163962586,55.30614137649536,41.66779263182149
25.24183803827823,55.305529832839966,66.27095134502677
25.236286993096016,55.303802490234375,79.06739896238278
25.24327428140994,55.307047963142395,76.1865580810757
25.251663348898603,55.31033098697662,18.03311284248851
25.249533386050143,55.30738055706024,175.65861770127407
25.239174150507154,55.296780467033386,80.56874049143242
25.253172252143383,55.30746102333069,44.72416073321225
25.242134022204084,55.30661344528198,110.60545096249949
25.25087250144813,55.3077507019043,153.91366488585862
25.237490388049224,55.30418336391449,121.99129467456673
25.25024176052716,55.31051337718963,110.67196282027456
25.249751721089567,55.30918300151825,7.4678462296385595
25.246728958878563,55.30811548233032,60.07255187844255
25.241051979106956,55.304542779922485,164.8704992704218
25.247175342621716,55.30658125877381,187.8249036437983
25.24779154357267,55.31416654586792,43.57653405064226
25.251590571740948,55.30999302864075,11.756843221339256
25.248873526657135,55.31298100948334,60.20178550325171
25.24739368189884,55.306763648986816,173.7446589625617
25.24283273549743,55.304076075553894,73.32644606856182
25.24595748745614,55.31149506568909,58.188834747187734
25.249732313546403,55.30721962451935,199.85465516620238
25.24245911847227,55.30318558216095,126.17790643549667
25.24692789096669,55.308292508125305,39.932581265656395
25.245360685448347,55.30922055244446,159.70814364264112
25.24991668508136,55.31265914440155,18.8323892181509
25.252357155612245,55.30717670917511,33.388423109375715
25.248160292253345,55.31388759613037,24.617017186430182
25.250071945104267,55.309290289878845,26.30877538504425
25.25215338062486,55.310298800468445,33.08975850361841
25.254026156928543,55.30615746974945,90.82703017213454
25.254443403674344,55.305277705192566,174.80052859754838
25.249717757886984,55.307031869888306,219.10873924413607
25.251236388951313,55.309767723083496,29.736417792137097
25.247699356227617,55.31397342681885,57.97595421269944
25.251590571740948,55.30998766422272,12.00861839590433
25.248567855282516,55.307042598724365,178.5412092661528
25.250794871973028,55.31141459941864,61.218526064082894
25.246399022014373,55.30709624290466,99.22607551829743
25.253012144327855,55.30837297439575,72.50478498294538
25.24887837857753,55.313259959220886,43.9995686192365
25.24926167967531,55.307300090789795,176.56038379759192
25.245278200387418,55.309783816337585,181.01475448426868
25.244739620083905,55.30574977397919,114.54250997149877
25.249266531580176,55.312825441360474,59.2689830733821
25.246850258971037,55.30813694000244,52.829170852950625
25.25172642239994,55.3108674287796,26.642227184554965
25.23880537455733,55.30247747898102,70.2621631872829
25.23963026658151,55.30318558216095,182.12961161754927
25.246850258971037,55.30815839767456,51.91473723380033
25.24132370383991,55.30397951602936,157.52884136794222
25.252575485576543,55.308764576911926,79.758171060145
25.24887837857753,55.313259959220886,43.9995686192365
25.252905405666937,55.30627012252808,34.340297077777784
25.240110642298543,55.30594825744629,62.89333227236362
25.248300998691732,55.31391441822052,18.407340310426356
25.2402416535282,55.30616819858551,76.21932469208788
25.2380387051859,55.30026197433472,20.834835878912315
25.239455584031887,55.30111491680145,80.5388112918688
25.251663348898603,55.3104704618454,27.273588734831694
25.240523084581085,55.30508995056152,153.53176420996664
25.241124762577144,55.304580330848694,156.34932971512112
25.25312373464581,55.308035016059875,64.08477330558958
25.244953111660976,55.31059384346008,96.39287355619207
25.243531444773495,55.30020833015442,76.67731016451233
25.25123153712512,55.30936539173126,46.60172667659978
25.24448731137288,55.30646860599518,122.1825377667566
25.24360907888952,55.30465006828308,29.439663408630345
25.242803622523752,55.306769013404846,74.24610918233665
25.254001898352712,55.306313037872314,87.55886572927858
25.243240316396697,55.30690312385559,83.45910046269267
25.24173614200579,55.30547618865967,77.92743397668177
25.24429322739252,55.30734300613403,103.4913397467689
25.2511830188524,55.31110346317291,49.11858738259546
25.244016657184915,55.30564785003662,37.77678251811168
25.244322340009333,55.307337641716,106.29881421089686
25.23880537455733,55.30247747898102,70.2621631872829
25.240377516876492,55.305808782577515,95.68291823493452
25.251624534419943,55.30961215496063,27.95049472496297
25.2497905361666,55.312787890434265,21.420037453151505
25.24246397064877,55.30520260334015,10.452522850425183
25.244535832319528,55.3046715259552,91.4608340697086
25.243429549920933,55.306050181388855,16.313025895567062
25.25281807396551,55.30588388442993,8.838448339973477
25.243968136030944,55.30724108219147,90.4568204557813
25.242430005409076,55.30518114566803,14.766136181412467
25.24396328391451,55.307283997535706,85.97339613165025
25.24152264477702,55.30543863773346,101.9344580753295
25.242279587804816,55.299543142318726,166.82142363391696
25.241901116880243,55.30667781829834,96.603833669022
25.237990181645245,55.300524830818176,12.378000524926021
25.24884441513079,55.31323850154877,48.265555763294515
25.24855329948359,55.313506722450256,44.19223007443274
25.244152516312937,55.30738592147827,88.99606878993713
25.24021253993382,55.30262231826782,191.74193465934036
25.2378057920141,55.30336260795593,187.13637344825602
25.24435145261917,55.307321548461914,109.90858053275062
25.250887056969177,55.31133413314819,55.1542374818185
25.239460436328315,55.29910326004028,196.72590902768803
25.242027273986068,55.30394732952118,103.4602236710628
25.23797562457928,55.29972016811371,23.587743176081794
25.23774756365141,55.30375957489014,159.67535183047897
25.2362821406729,55.30476272106171,5.760939702830216
25.24239118798063,55.306779742240906,80.16498883890688
25.241876855883348,55.306554436683655,102.77852700256317
25.242837587659025,55.303818583488464,101.89711199246437
25.24879104398103,55.3101110458374,132.05137409493088
25.239819505727,55.29590606689453,49.2275273483677
25.2424105966964,55.305336713790894,13.03616903491289
25.24018827859986,55.2977192401886,226.81675140472618
25.248223367573445,55.31395733356476,14.526438559637022
25.23781549673852,55.299317836761475,33.49993661454298
25.24174584641638,55.30549228191376,76.70092030948832
25.240814219467257,55.30523478984833,168.04040427162005
25.2422941443553,55.30569076538086,16.852652472479587
25.244244706349008,55.30466079711914,63.9821054183487
25.24869885739436,55.31343698501587,43.14250792071424
25.249586756873796,55.31247675418854,58.030585485641645
25.247849767122943,55.306828022003174,174.70316283035467
25.254147449734972,55.305803418159485,115.4064661357316
25.24887837857753,55.313259959220886,43.9995686192365
25.23779608728894,55.299832820892334,14.638990389985825
25.251595423552818,55.30997157096863,12.454216310493157
25.24136737382962,55.30540645122528,119.47601463010186
25.245055005235983,55.307557582855225,125.23324229717596
25.242924926534755,55.30427455902099,51.37076131999869
25.242269883436848,55.30565321445465,18.44285803413265
25.23871318039504,55.29769778251648,127.07950560783752
25.23797562457928,55.29972016811371,23.587743176081794
25.24927623538936,55.312814712524414,60.478197021871374
25.236495647106963,55.3021502494812,43.52955525924282
25.24052793683491,55.30612528324127,95.8082587946781
25.244754176339725,55.30574440956116,115.82471113189673
25.246646474746512,55.30808866024017,50.45465376825251
25.241081092500252,55.30125439167023,250.08894557532605
25.24951883036688,55.309011340141296,29.11383935824108
25.238747146673475,55.29940366744995,111.6619080563528
25.246884222975257,55.30826568603515,45.12324338198591
25.246098196445587,55.31137704849243,46.86008033108174
25.243934171211663,55.30624330043793,60.088063397089634
25.244356304720142,55.30735373497009,107.56718316590997
25.245171454931366,55.30661880970001,183.07496556115797
25.2394701409206,55.2976655960083,164.49690116595494
25.23710704982092,55.302042961120605,47.589832928096754
25.238815079201927,55.30245065689087,67.62830378248574
25.23543781610084,55.304532051086426,33.62007514436466
25.241488679274227,55.30495047569275,117.45075196826332
25.251658497089423,55.30963361263275,24.88908665150395
25.25383208818631,55.30617892742157,69.15916751471538
25.24831555452089,55.31373739242554,38.09169113506304
25.24156631469523,55.30541718006134,97.43632453787876
25.248805599751464,55.31293272972107,69.35697533847106
25.239421617951407,55.29976308345795,179.726500880962
25.239101365868834,55.303030014038086,138.6295517497144
25.243943875446703,55.30493438243866,19.567117418586168
25.23772330182541,55.30172109603882,84.43347167502348
25.23894609182807,55.30063211917877,97.20800311956047
25.239935960439297,55.3059321641922,44.93545774196777
25.248761932434917,55.313259959220886,55.08364374456104
25.23784461090706,55.300835967063904,47.06199446824814
25.254026156928543,55.30571758747101,108.50866278859863
25.24196904764581,55.3056263923645,51.716813878070255
25.244419382015025,55.30637204647064,109.82195794192637
25.246020563919817,55.311516523361206,50.959295597862265
25.242420301053116,55.3057336807251,11.197355875237196
25.24364304379968,55.30724108219147,80.97666048204137
25.247107414766617,55.30834078788757,19.846158874381416
25.252575485576543,55.30565857887268,2.9753316902650297
25.247956510226047,55.31441330909729,15.524874353115546
25.24713652670917,55.30661344528198,182.43638767377473
25.251823458491913,55.3094083070755,49.9506686401367
25.241110205886585,55.30643105506897,65.08362751561542
25.24434660051803,55.30461251735687,76.29388252157457
25.24409914310219,55.30723571777344,98.33729097810362
25.24882500744266,55.31292200088501,68.63619386604012
25.246001155780633,55.30798137187958,13.036374016444595
25.238737442023464,55.299033522605896,125.9023731567412
25.2353747341445,55.304564237594604,39.168724921288906
25.237558321280066,55.301324129104614,67.7229872984845
25.24093067322646,55.30521869659424,170.83033412648393
25.237776677836237,55.30426383018494,103.87783531725277
25.2485387436829,55.313544273376465,42.270447554866124
25.241411043803637,55.30110418796539,288.5949930217883
25.247088006801036,55.30824422836304,23.87907200111182
25.246845406969683,55.30815839767456,52.41665284017633
25.24266776188767,55.30343770980835,120.2969533113728
25.241168432638332,55.30616819858551,94.78277714306229
25.23700029718769,55.30183374881744,25.901068400474227
25.24144986154512,55.301286578178406,281.3547382311906
25.24887837857753,55.313259959220886,43.9995686192365
25.24705404285379,55.307300090789795,117.05014782139688
25.251847717502784,55.30937612056732,53.83000459813915
25.24875708050986,55.30872166156769,22.905763444155614
25.24538979780941,55.30912399291992,151.51239733142546
25.24345866274469,55.30441403388977,56.528171564686566
25.25280837043924,55.30823349952698,94.95973507065197
25.23979524431458,55.30585169792175,36.59844265773751
25.238451154499373,55.29839515686035,89.59080602042106
25.251260648079437,55.31099617481232,36.90621510464901
25.24231840526889,55.30546545982361,15.597850673962297
25.247723616062046,55.31383395195007,63.13958933791553
25.24548683896259,55.306801199913025,147.39419913995684
25.24248823152847,55.297788977622986,207.509651883602
25.24292007437664,55.302332639694214,81.0699110758
25.25158086811662,55.31100153923035,32.43417732678451
25.245680921036467,55.30997157096863,197.50824449391195
25.237868872708887,55.29923737049103,43.52967931353947
25.24832040646355,55.30876994132995,65.5492056931257
25.250906464327883,55.30746102333069,186.0911079532567
25.241988456428984,55.30641496181488,99.86462262290866
25.24243970976424,55.30195713043213,148.71966700754086
25.24918404917088,55.307273268699646,178.26422717668035
25.242876404944894,55.30110955238342,195.47888255702506
25.24102771794055,55.30090570449829,251.50823492943817
25.238582167517805,55.29795527458191,103.80782009735161
25.24349747983213,55.306060910224915,17.571355583757374
25.24608364035079,55.311564803123474,43.69944941458699
25.253769015778317,55.306763648986816,36.07591288058624
25.245093821813512,55.310760140419006,88.87127897731985
25.244492163468436,55.306549072265625,128.1144975765952
25.2497905361666,55.309032797813416,11.658302481153227
25.23586483155988,55.30471444129944,17.65291288849855
25.24153720141817,55.306286215782166,104.09065359955008
25.239606005131307,55.296061635017395,34.91321196056339
25.25014957504132,55.30922055244446,30.16120341104922
25.245705181273937,55.30821740627289,53.45105214379324
25.24266776188767,55.30445694923401,31.19105737303353
25.242837587659025,55.3034645318985,108.38490691408289
25.237621402103244,55.30274569988251,143.24347041529936
25.240547345848256,55.306060910224915,102.66495627217726
25.24524908799961,55.31095862388611,85.08486772804397
25.252890850387743,55.30795991420746,91.22284209975591
25.24139163492822,55.30377030372619,165.22309913479464
25.244991928271062,55.31067430973053,90.39623872770774
25.2378057920141,55.303335785865784,184.48945867182107
25.237897986864624,55.2996289730072,14.988373395115408
25.24282788333565,55.30419945716858,59.623547491283894
25.25271133513404,55.30867874622345,79.43218239987748
25.239217821269236,55.2971076965332,101.73146590106457
25.24125577271363,55.30173718929291,269.24109222933464
25.248596966875112,55.31346380710602,45.15442563274359
25.247330606147983,55.31272351741791,123.32439535492598
25.24236207490118,55.30574440956116,14.693992982366149
25.250261167988924,55.3108674287796,110.7877765139489
25.251823458491913,55.31075477600098,24.80565218598697
25.23800473870948,55.29895305633545,57.019646570747476
25.245360685448347,55.311060547828674,88.27374206611728
25.2520903073452,55.30990719795227,28.57252480210125
25.23771844945962,55.30222535133362,98.648298446137
25.251876828309463,55.30937612056732,54.39268702285228
25.24374008634784,55.30611991882324,34.84030943481178
25.249130678170317,55.31298637390137,43.89820280711156
25.24265320538194,55.30125975608826,191.85830174141893
25.24466198669016,55.30598044395447,118.0085861252831
25.242624092365247,55.30435502529144,42.25158824770594
25.238698623415655,55.30269742012024,92.93809923068407
25.24410399521321,55.30717670917511,104.11405113456136
25.247083154809147,55.30822277069092,25.38793526898895
25.242134022204084,55.30563712120056,33.39993751858461
25.25312858639643,55.307514667510986,50.317519567313774
25.24226017906811,55.30395269393921,91.72495454799788
25.246481506314424,55.31197786331177,46.08022577659067
25.244472755085113,55.30714452266693,133.08593166357053
25.238790817588963,55.30051946640015,94.67075855294526
25.247665392451268,55.314032435417175,59.50897926471881
25.25129461085068,55.30973017215729,34.47319059181442
25.25111994506888,55.30665099620819,166.79778879040322
25.241085944731807,55.3036630153656,199.19643412806775
25.250848242242498,55.31139850616455,56.31100891371876
25.253754460602607,55.30672609806061,39.60168247121838
25.23559309462314,55.303523540496826,54.78679516782346
25.23779608728894,55.299832820892334,14.638990389985825
25.24371582571807,55.30612528324127,33.38040547835678
25.241779811847294,55.30661880970001,89.97419958581148
25.251532349983435,55.311044454574585,28.553942524209216
25.24300741319307,55.3022038936615,83.35567312766868
25.247985621965157,55.31437575817108,13.865369054040745
25.239421617951407,55.29635667800903,57.28468882267834
25.24735486605603,55.30664563179016,186.84725238528523
25.249329606325983,55.31021296977997,130.36576938815634
25.24448731137288,55.30650079250336,124.34188413139391
25.241343112726156,55.30290126800537,241.35982663568163
25.248956009277265,55.31313121318817,42.37689897717632
25.24146441819499,55.30641496181488,88.14838355082969
25.24362363528074,55.306066274642944,21.866404422235966
25.252032085827196,55.30977845191955,29.551599231474967
25.253511874083728,55.30718743801117,17.122197303773053
25.238955796461457,55.30217707157135,47.90591927358004
25.24069291334945,55.30296564102173,256.6248668865374
25.252876295106773,55.3058785200119,7.578923176856574
25.23606378143197,55.30468761920929,18.141966196168244
25.2424105966964,55.30518114566803,16.370310026124237
25.252624003293093,55.30888795852661,65.9474990319126
25.24157116690741,55.30645251274109,89.97968019409461
25.248558151416745,55.31350135803223,44.29956078019719
25.242924926534755,55.303523540496826,107.03426395353773
25.24390991062063,55.30622184276581,56.496862208195054
25.24969349845074,55.3071928024292,201.5458924294525
25.252866591585175,55.30824422836304,88.49715585906276
25.24875708050986,55.30721962451935,174.88637131163685
25.2414401571109,55.30543327331543,111.09937528658685
25.24761687275435,55.30839443206787,7.343767736882318
25.250023426368415,55.30918300151825,15.558407602472242
25.246093344414177,55.31143605709076,44.88169276315089
25.242337813996286,55.305299162864685,20.927631637385893
25.2424105966964,55.29772460460663,201.62720616177177
25.242594979341575,55.30424237251282,54.785982591075914
25.250067093231564,55.30931174755096,27.52033124220909
25.244623169974687,55.30484318733215,95.04150877885236
25.237897986864624,55.29974699020386,15.621702414632528
25.238708328068753,55.30275106430054,98.93740319159981
25.240377516876492,55.30589997768402,92.95916074462255
25.238708328068753,55.301029086112976,52.702514574545845
25.241042274640975,55.30525624752045,157.84811451430826
25.237548616535108,55.30138313770294,67.97069461994653
25.243943875446703,55.30711770057678,101.8499322213037
25.237043968730788,55.30387222766876,116.90938592482524
25.237931953370904,55.299092531204224,53.243111813736434
25.24456979697068,55.306795835494995,153.00991411779117
25.241347964947224,55.30375957489014,169.70011224984603
25.246758070911795,55.3130829334259,71.10749895736934
25.23934883346128,55.29935002326965,178.39781945222452
25.242017569597948,55.30387222766876,111.14118544455896
25.250178686254927,55.31240165233612,36.5647075600347
25.24524908799961,55.30952632427216,165.356644060281
25.242677466223853,55.305771231651306,6.064363146761803
25.250299982903183,55.30937075614929,15.60939231163148
25.24685511097223,55.30816376209259,51.19748020091864
25.252677372758924,55.30966579914093,9.854511689525166
25.239261492015615,55.30569076538086,37.489146499536496
25.250688131363788,55.311570167541504,64.00161443772713
25.243749790598383,55.30615210533142,38.12956776785098
25.240804514982287,55.30614137649536,93.24777069521788
25.2437789033454,55.30615210533142,40.42601964623981
25.251149056049968,55.306280851364136,141.96121701380304
25.253536132757414,55.30666708946228,47.03996016620715
25.236320960052424,55.30351281166077,96.94763455357189
25.243968136030944,55.30724108219147,90.4568204557813
25.242430005409076,55.305304527282715,11.029399694322358
25.252832629253433,55.308330059051514,92.26516145391092
25.24526364419438,55.3066349029541,175.89321623663818
25.24735001407481,55.31373739242554,57.02117745895054
25.2477818396449,55.306790471076965,176.608372370442
25.248854118973668,55.31322240829468,47.770001730882505
25.251731274206392,55.31036853790283,17.765493302544794
25.246268017422736,55.31173646450043,30.1925754443047
25.248694005466817,55.307069420814514,183.7430863125929
25.24396328391451,55.30725181102753,89.15086865334357
25.248102068851836,55.3068870306015,174.8242563414715
25.251648793470537,55.31015932559967,14.390454134677345
25.244564944878235,55.30763804912567,85.13891183670665
25.243885650024765,55.30713379383087,97.9340782562913
25.24241544887485,55.30574977397919,13.045744386850961
25.251212129818356,55.311039090156555,41.68912819506808
25.243628487410778,55.307074785232544,99.35298846147838
25.25018838999125,55.31198859214783,64.05601334041859
25.25150323909422,55.310797691345215,24.416863407072945
25.23746612617188,55.301533341407776,65.83691697268097
25.24297830026123,55.30687630176544,68.61864046058662
25.24431748790704,55.30469298362732,68.75959108450462
25.239397356459538,55.29638350009918,60.1096797958664
25.252895702147654,55.30817449092865,85.56392983457324
25.24420103739328,55.307267904281616,102.34939971011437
25.23903828581369,55.29717743396759,92.15252655871298
25.244424234113268,55.30685484409332,146.24563057005028
25.238402631123364,55.29827177524567,81.56554595261454
25.249669239009677,55.307337641716,185.4109618609438
25.24245426629554,55.30524551868439,8.459550765400625
25.244783288846108,55.307579040527344,103.33076362500411
25.239824358008903,55.298550724983215,242.2697998996275
25.248223367573445,55.307053327560425,160.9547911283941
25.242012717403625,55.30393660068512,105.33222821625967
25.24119754600372,55.3042209148407,158.0058762602837
25.24330339427084,55.29768168926239,147.7944840755301
25.243516888371232,55.306060910224915,17.49362223812067
25.2405521981011,55.30521333217621,146.42888254832238
25.24249308370382,55.30184984207153,151.66952691925047
25.242041830566777,55.297542214393616,193.2672477691651
25.248131180556054,55.31415045261383,6.1861437701913164
25.24200301301434,55.297526121139526,193.31120549488688
25.240115494568823,55.295782685279846,81.83697430473524
25.248257331193813,55.31397879123688,11.168972580131626
25.23690810165627,55.304043889045715,93.41358998218838
25.24139163492822,55.30115783214569,285.6097537217914
25.241944786662472,55.30390977859497,112.00785153461105
25.237383635752664,55.302069783210754,75.20294908112659
25.251280055378444,55.30587315559387,96.47110216292458
25.243934171211663,55.3071928024292,93.73428088157381
25.242570718483194,55.304059982299805,75.14592782236119
25.241182989321914,55.30471980571747,148.9441874100041
25.238941239511107,55.29713451862335,81.54294900011935
25.24181377726873,55.29738128185272,188.81254320872785
25.251003501074848,55.3112268447876,51.859323457262605
25.242095204681107,55.3056263923645,37.7158537739252
25.243385880672264,55.3014475107193,146.28473888187918
25.24908215905853,55.313061475753784,38.63130998220651
25.250076796976785,55.309027433395386,23.966584487269905
25.239033433500424,55.30300319194794,133.32536002569014
25.238198832732635,55.298588275909424,73.96912033347492
25.24143530489353,55.30540108680725,112.08441099736959
25.24411369943472,55.300546288490295,73.50779248136656
25.24833981423228,55.31366229057312,46.2237260412176
25.24812632860585,55.30870020389557,53.51552968483148
25.24286184846416,55.29819130897522,171.79425864579412
25.243594522496537,55.30714988708496,90.98003268976738
25.242313553086575,55.30089497566223,222.92482009080962
25.244550388599777,55.306302309036255,118.35906397651354
25.24685511097223,55.30814230442047,52.09728246689883
25.24374008634784,55.307053327560425,102.83042442459103
25.25062020547273,55.30950486660004,23.651616549503068
25.239542925338085,55.30093252658844,100.24833896307092
25.237558321280066,55.3015923500061,76.91985777920792
25.24168276773375,55.30091106891632,279.2407055933957
25.248781340133092,55.31309366226196,60.97284071838213
25.241090796963135,55.30474662780762,159.17203357551065
25.2450258927947,55.31070649623871,89.28591434183754
25.252929664461742,55.30586779117584,10.212700966512273
25.24884441513079,55.31323850154877,48.265555763294515
25.243875945785064,55.30722498893738,88.02874985649754
25.247558649092426,55.306763648986816,174.91672002547713
25.240993752299417,55.30639350414276,65.94402155445385
25.2444679029888,55.30658125877381,128.39389668047968
25.239397356459538,55.30575513839722,37.289019093998135
25.251595423552818,55.30998766422272,11.528317743784765
25.244812401345527,55.30747175216675,114.92424591598615
25.25208545555309,55.3054279088974,9.061290855737829
25.24902393609885,55.31309366226196,39.6080763060145
25.240775401522725,55.30521869659424,165.51820346580422
25.252827777490975,55.30908107757568,34.85323962039472
25.248000177832097,55.306801199913025,181.93378301082404
25.24439512152088,55.307321548461914,112.61116299267546
25.23880537455733,55.30247747898102,70.2621631872829
25.243783755469224,55.3061306476593,39.2492929916337
25.242895813583175,55.30589997768402,19.61048660758201
25.24089670755822,55.30521333217621,174.64132747306434
25.242740544390173,55.3058248758316,11.925880512962383
25.240993752299417,55.30625939369202,80.70230897900738
25.247044338867127,55.312557220458984,127.06873621976119
25.243919614857617,55.30496120452881,15.991720141200314
25.246491210346036,55.308035016059875,32.28537455274713
25.240377516876492,55.30600726604462,91.10045159225416
25.246850258971037,55.30815839767456,51.91473723380033
25.250853094084007,55.31141996383667,55.069612392955136
25.24385653730333,55.30723035335541,86.74655608791635
25.243448958470864,55.30015468597412,79.05717304349658
25.252221305658622,55.31019687652588,37.59360643190059
25.248145736405576,55.308550000190735,47.870167469540604
25.240489118798937,55.30525088310242,138.42417341591107
25.251139352390386,55.306436419487,152.73494208697815
25.240760844790344,55.296807289123535,186.93943244819312
25.248359221997887,55.31385540962219,24.716054978385834
25.23955262992378,55.3040224313736,218.54784577294964
25.242449414118624,55.30519187450409,12.413690026371041
25.242269883436848,55.3052294254303,28.728509362164377
25.25091131616705,55.30937075614929,26.160128888452
25.243968136030944,55.30724108219147,90.4568204557813
25.245064709381538,55.30667781829834,185.00146348909578
25.243036526117947,55.30466616153717,8.272828487755374
25.24306078688332,55.30700504779816,61.60438945177062
25.24888323049771,55.31326532363891,43.33112342152295
25.24862607846076,55.31345307826996,44.5756312213607
25.241182989321914,55.305309891700745,141.37215988599263
25.251595423552818,55.30961215496063,28.92883365805603
25.24146927041123,55.30374884605408,160.37849701440916
25.24845626077949,55.31408071517944,10.269047656300659
25.253060661869995,55.30849099159241,66.9815572784768
25.250406723853487,55.31177401542664,62.8564339505674
25.2410713880366,55.30448913574219,163.6240214345689
25.241852594881593,55.29740810394287,189.1654014510408
25.23788342978763,55.30350208282471,186.88977673873129
25.247383977939307,55.31361937522888,61.745763535538245
25.24069291334945,55.29677510261536,178.71798318153003
25.251648793470537,55.31017005443573,15.108114665930493
25.238358960068396,55.29827177524567,76.76032211247956
25.247883730847732,55.314032435417175,36.57538976146221
25.237645663949607,55.30166208744049,86.9690190892244
25.238645247809657,55.30374884605408,177.40537350655902
25.239654528026904,55.300036668777466,185.96562557654025
25.248956009277265,55.31311511993408,43.4681014414635
25.241042274640975,55.29695749282837,214.0609578834701
25.242269883436848,55.3056800365448,19.020809090418624
25.25091131616705,55.31133949756622,52.494248634660856
25.23970305090313,55.296093821525574,45.39503049234797
25.24969349845074,55.31243920326233,52.89487218751303
25.24750042540262,55.30848562717438,6.598183634751528
25.248849267052336,55.31290590763092,68.06998647365218
25.246350501811705,55.308029651641846,17.187226905355743
25.245273348323263,55.30944585800171,164.69774627964432
25.238737442023464,55.30264377593994,87.29732983208126
25.244157368421853,55.30462324619293,59.401983268843274
25.244448494601613,55.30661344528198,129.2189177346803
25.251474128198012,55.310786962509155,21.14866700283079
25.25199812326214,55.309301018714905,66.29149853653269
25.243448958470864,55.30712306499481,89.41409364882418
25.238727737372685,55.30265986919403,88.98077124937525
25.240877298600665,55.29688775539398,202.65122276396625
25.252434784088948,55.30919373035431,64.93760159433272
25.238722885046982,55.30444622039795,119.19319086119134
25.237679630526387,55.30224680900574,103.56934310106577
25.244492163468436,55.306516885757446,125.86778884050692
25.243448958470864,55.307047963142395,92.91569312615066
25.247286938301272,55.3135871887207,52.070234730726376
25.251944753497895,55.31059384346008,35.00869037147292
25.242643501043815,55.30162990093231,158.20018006717055
25.238519087193225,55.30275642871857,99.57335920421242
25.2479759180529,55.30864655971527,36.81520790120942
25.241236363813428,55.30536890029907,134.45087424208126
25.237728154191004,55.3022038936615,96.51663784640067
25.2426629097193,55.306806564331055,69.40946914536418
25.24371097359152,55.30614137649536,34.372594973658806
25.24475902842461,55.30558884143829,111.23468106755286
25.24157116690741,55.301082730293274,284.7535272175655
25.243293689984657,55.30697822570801,82.45533113961123
25.241056831339648,55.30314266681671,240.4380337596442
25.24153720141817,55.29919981956482,250.58377814035575
25.2444679029888,55.30715525150299,131.876620511974
25.249397532938687,55.30734837055206,174.54323446854198
25.241580871331134,55.30544400215149,95.44579698271092
25.241042274640975,55.30488610267639,165.3996415747985
25.24247852717717,55.3048700094223,15.781667224060577
25.24745675761696,55.305556654930115,259.0311300345874
25.244477607181224,55.30672609806061,140.32692858380224
25.241246068263905,55.30535280704498,133.65712273623677
25.240775401522725,55.30521869659424,165.51820346580422
25.24227473562094,55.30665099620819,98.79825650722458
25.24451157184862,55.30649542808533,126.12096012462942
25.23898005804145,55.30468225479126,123.97352670995231
25.251648793470537,55.31020760536194,14.298897902179942
25.241090796963135,55.3053206205368,151.24295557068226
25.24135281716812,55.30520796775818,125.77113143782364
25.24431748790704,55.30637204647064,100.6888035164019
25.251740977818685,55.30936002731323,55.195345954809646
25.25275985279633,55.30773997306824,86.3945224118961
25.247325754165782,55.30735909938812,107.72941195952322
25.242527048925908,55.30576586723328,14.654347529009042
25.25001372261893,55.3121280670166,67.17358245079691
25.24936356963707,55.31323313713074,17.978082577944374
25.24742764575113,55.3084534406662,14.686839472656882
25.246365057874556,55.308024287223816,18.48209784087968
25.24484151383794,55.305325984954834,117.64128339818738
25.246350501811705,55.308024287223816,16.964729426407917
25.238708328068753,55.30071258544922,87.7333589443235
25.245132638378635,55.310776233673096,90.29899913604224
25.242041830566777,55.297542214393616,193.2672477691651
25.248849267052336,55.31323850154877,47.74845495496954
25.243900206382875,55.30711233615875,100.71115210629078
25.25369623988226,55.30633985996246,54.134273426802075
25.23884904545189,55.298872590065,145.97453079398502
25.246850258971037,55.30814230442047,52.591941129131875
25.243919614857617,55.30623257160187,58.08283798661266
25.24735001407481,55.30736982822418,106.4852155275786
25.249426644332488,55.31316876411438,27.950859408688782
25.243803163962586,55.30714988708496,93.65679656009308
25.238645247809657,55.30284225940704,108.94205029545029
25.25160027536448,55.30984818935394,9.725952712023584
25.24802443760645,55.308533906936646,34.58499470075531
25.250081648849132,55.305535197258,111.25046518371767
25.243939023329276,55.30702650547027,111.12845517192008
25.247088006801036,55.31344771385193,41.027367471488944
25.250130167561707,55.305551290512085,108.8318038183057
25.238489973186205,55.30437111854553,108.79978155551854
25.247490721451612,55.31380712985992,73.26242495587229
25.24374008634784,55.30611991882324,34.84030943481178
25.248247627303257,55.307069420814514,160.21053277640345
25.24862122653032,55.313544273376465,36.23938511642438
25.23969334632945,55.30584633350372,30.13905807018999
25.24371097359152,55.30710160732269,97.08112901685946
25.242226213771445,55.30565857887268,23.326568039297555
25.242041830566777,55.30652225017547,107.83198981874268
25.239256639711215,55.29672145843506,87.77843211391861
25.2426629097193,55.305798053741455,9.451439734208531
25.238630690822134,55.299323201179504,101.54949458199728
25.242701727060933,55.306785106658936,71.63893165312133
25.243240316396697,55.3059858083725,13.787568457464008
25.249281087293667,55.31166136264801,147.52911137993345
25.241881708083113,55.30647397041321,109.22394119131519
25.23937794726255,55.30566930770874,46.57879329756545
25.244788140929828,55.306575894355774,156.44446582438738
25.251590571740948,55.30998766422272,12.00861839590433
25.23559794707377,55.30434966087341,11.44132826559184
25.240882150840363,55.30607700347901,100.42154114767881
25.24821851562693,55.30746638774872,118.54740403358483
25.251648793470537,55.31017541885376,14.943400370876224
25.24832525840604,55.30714452266693,155.8682942281104
25.24272598789318,55.30666172504425,85.36731621650877
25.242240770328337,55.304027795791626,84.64827387782557
25.248402889459214,55.31393587589264,16.36521300142726
25.23883934080999,55.30233800411224,56.4950432851633
25.24467654295529,55.306575894355774,146.17933960335995
25.24625346134829,55.30807256698608,12.5129907094744
25.238160013952793,55.29865264892578,75.43146487323368
25.242954039479372,55.30588924884796,14.794467341760354
25.24888323049771,55.31326532363891,43.33112342152295
25.241318851617866,55.306307673454285,87.5996486208813
25.24354114904071,55.306071639060974,18.940544081422207
25.246554286532657,55.308083295822144,40.47854966004008
25.245729441506494,55.30625939369202,194.65842500668367
25.251648793470537,55.31017541885376,14.943400370876224
25.241901116880243,55.30639350414276,103.05555181454477
25.248786192057153,55.31320631504059,55.490854706713264
25.24254160544676,55.306769013404846,75.61555407989437
25.24449701556378,55.30646860599518,123.04985571474903
25.24887837857753,55.31326532363891,43.854013059344204
25.242376631441772,55.30546009540558,11.342453350759438
25.24985361064036,55.31272351741791,17.742401293219437
25.248936601606985,55.30727863311768,176.43763186584192
25.243895354263685,55.305084586143494,12.592299165073292
25.251187870680525,55.31108736991882,47.27990525344717
25.242764805214662,55.298025012016296,193.05401055728214
25.2516439416608,55.30993402004242,9.926348467124628
25.24045030075058,55.30557274818421,113.87592699143472
25.248863822815792,55.30887722969055,4.448545354807856
25.242798770360807,55.30668318271637,83.61066094430932
25.245477134850773,55.30898451805115,133.24600965012004
25.24833981423228,55.31395733356476,13.658985610871433
25.250071945104267,55.312074422836304,65.66967985174803
25.24125577271363,55.30618965625763,95.99212996820218
25.249989463241803,55.305830240249634,142.55516663340114
25.244831809674565,55.30543863773346,116.77825474062129
25.24410399521321,55.30537962913513,35.73967430412044
25.244477607181224,55.30641496181488,117.8461245188737
25.24044544849366,55.30548691749573,118.45514288810925
25.248786192057153,55.31311511993408,59.377355047998805
25.250862797766445,55.307573676109314,173.5711984939993
25.247670244419908,55.313823223114014,68.68080371647504
25.24072202682875,55.30612528324127,95.02461441985928
25.246850258971037,55.30815839767456,51.91473723380033
25.24034840331464,55.297343730926514,198.28605931005492
25.239960221823665,55.300047397613525,203.64697817364208
25.237373930993797,55.30149579048157,54.92787952428943
25.25095013087362,55.30734837055206,186.08138662246225
25.24278906603429,55.306785106658936,72.25213222808381
25.249577053089425,55.312546491622925,54.15087414263634
25.242449414118624,55.30528306961059,8.414214723813847
25.25134798090056,55.30981600284576,27.242976095168167
25.251629386230434,55.31015396118164,14.63770178931446
25.242323257451048,55.30559957027435,12.964391933557108
25.25242993231062,55.31014323234558,24.948802540945035
25.245807074218263,55.3068870306015,125.01099749840233
25.24163424564793,55.30546009540558,89.3602479812652
25.244050621981177,55.305540561676025,35.62352928512722
25.23670430075977,55.30315339565277,142.27595673573288
25.242682318391672,55.305798053741455,8.609745939787656
25.242585274998817,55.30660271644592,92.83019279405278
25.24364304379968,55.30610382556915,26.530587262984305
25.240984047828775,55.30610918998718,97.17812773204652
25.241954491056376,55.30546545982361,54.034490537880274
25.24908215905853,55.313023924827576,42.254103581824765
25.251629386230434,55.30996084213257,10.514997299174446
25.242580422827142,55.30683875083923,67.10990869479274
25.240358107836045,55.305835604667664,92.71789514641122
25.24167791552604,55.30518651008606,92.92608799792598
25.24113446703653,55.305336713790894,146.17148021476038
25.24449701556378,55.30746638774872,100.16208359972528
25.25428329753437,55.305315256118774,158.52226070116723
25.244739620083905,55.305792689323425,116.40553695894756
25.236849872863587,55.30273497104645,107.30637465545047
25.2516536452801,55.310271978378296,15.1084815668022
25.242973448105246,55.30673682689667,82.58617985800639
25.25062505732332,55.30917227268219,18.632917888224767
25.251590571740948,55.30998766422272,12.00861839590433
25.249324754423625,55.312766432762146,66.18330069731161
25.24156146248288,55.30644714832306,89.98508951378098
25.24164880227572,55.297327637672424,194.23157451006077
25.244453346698705,55.3063827753067,113.611930986702
25.23931001504873,55.29951095581055,172.03404029999757
25.249911833202415,55.30620574951172,181.5537398821503
25.25422992877417,55.30561029911041,133.95281747349688
25.241818629471027,55.303915143013,120.14981907842673
25.244628022064788,55.30614137649536,119.48564538177571
25.242289292172018,55.30568540096283,17.145420537380232
25.244162220530555,55.30518651008606,42.16301015585084
25.25050861285493,55.30915081501007,18.483315015023884
25.250896760648928,55.30749320983887,182.50412395426963
25.246355353832868,55.308051109313965,18.714577132294792
25.242502788053955,55.30668318271637,85.91756247482834
25.250770612751893,55.31144678592682,61.42360533312186
25.245579027986334,55.30908644199371,137.66142701737206
25.24845626077949,55.31362473964691,42.424867498887075
25.24578281400116,55.31139850616455,79.21690318899512
25.242352370539805,55.304059982299805,77.39041907352542
25.238193980385816,55.30170500278473,32.83586475111846
25.242376631441772,55.30091106891632,219.1067008966667
25.241207250457336,55.30436038970947,152.05441939512195
25.238344403046582,55.30448913574219,89.12425729666094
25.242104909063016,55.297569036483765,193.50571970822924
25.235568832367107,55.30461251735687,29.201712147543226
25.24888323049771,55.31326532363891,43.33112342152295
25.24491914711699,55.31060457229614,93.78364216137561
25.23934883346128,55.29935002326965,178.39781945222452
25.248849267052336,55.31323850154877,47.74845495496954
25.2428084746865,55.30666708946228,85.52206516773174
25.23566588136218,55.30444622039795,8.527265946518273
25.251537201797618,55.310760140419006,25.513319061546913
25.23567558625743,55.30470907688141,28.10652645641268
25.243385880672264,55.304317474365234,58.58571008648704
25.235787192497085,55.30459105968475,10.726875785317945
25.25006224135865,55.312058329582214,67.6554871097805
25.23574837294707,55.30471444129944,22.67673923397246
25.24086274188049,55.30448377132416,186.58631279848447
25.2430413782714,55.307047963142395,56.58678946286171
25.247117118748235,55.31339406967163,47.62018934851748
25.24678233093418,55.308287143707275,56.076963410993606
25.25226982351664,55.30902206897736,91.02635395025008
25.2470055229127,55.31334578990936,45.43995641459732
25.24101316123837,55.305084586143494,165.8493128015335
25.2477818396449,55.30748784542084,103.44954019930883
25.251110241406963,55.30972480773926,37.31682027602381
25.24249308370382,55.30184984207153,151.66952691925047
25.241954491056376,55.30546545982361,54.034490537880274
25.238776260618906,55.304564237594604,114.10499219668735
25.23833955070559,55.29838979244232,77.54910297221042
25.24153234920466,55.29725790023804,196.42769372013996
25.24139648714737,55.30377030372619,164.81346866571948
25.252992737305576,55.30791699886322,82.62301562871858
25.238189128038822,55.301823019981384,33.05019215897383
25.241153875953017,55.30122756958008,258.45412625405345
25.249625572003552,55.3124874830246,54.03544530130777
25.240071824129306,55.30492901802063,140.1148367179221
25.239450731735246,55.296319127082825,53.50440774517585
25.240707470089987,55.3014475107193,207.1937763996178
25.252779259855828,55.305776596069336,6.0662382821689365
25.24855329948359,55.313512086868286,43.74255486891607
25.239635118871007,55.30576586723328,36.17082113679452
25.244079734656097,55.306275486946106,73.70874037527452
25.239445879438435,55.296324491500854,54.01875256729351
25.25377386750317,55.306769013404846,35.6936755579047
25.24991668508136,55.31123757362366,143.50596237151282
25.23999904002855,55.29560029506683,68.99032127265299
25.242420301053116,55.30673146247864,83.75618046086599
25.24488518256352,55.31060457229614,91.95953503826549
25.25076090906208,55.311478972435,60.53236678062342
25.24169732435574,55.3006911277771,265.1610947514424
25.24875708050986,55.31207978725433,152.6965362949607
25.251629386230434,55.30996084213257,10.514997299174446
25.251736126012617,55.310271978378296,7.783915328744931
25.243895354263685,55.304542779922485,47.07215158511212
25.252604596208784,55.308764576911926,77.73132492365121
25.24220680502623,55.30249893665314,147.82630223943957
25.23772330182541,55.303802490234375,155.35795786595344
25.239130479729397,55.297284722328186,107.85058966900148
25.240877298600665,55.29688775539398,202.65122276396625
25.23956233450872,55.299811363220215,192.13136270901717
25.238727737372685,55.30067503452301,91.43177337048112
25.235491193115223,55.304564237594604,30.9862860143184
25.242536753273313,55.30468225479126,6.064395678423702
25.239445879438435,55.30239164829254,105.07814738411072
25.24272598789318,55.29798209667206,199.43937122980478
25.237548616535108,55.30289590358734,151.4993278954135
25.248145736405576,55.307552218437195,106.4342311786472
25.24856300334973,55.31350135803223,43.95768262201096
25.242614388024805,55.30662417411804,90.05777639166126
25.252866591585175,55.30826032161713,88.52693785687448
25.250091352593177,55.312074422836304,64.0546113485438
25.241119910347138,55.304580330848694,156.8846582050801
25.24888323049771,55.31326532363891,43.33112342152295
25.24884441513079,55.308802127838135,9.752146923133134
25.24978568428267,55.30698895454407,226.11966302477884
25.244458198795584,55.30717670917511,129.46369600516698
25.24924227205385,55.31335115432739,2.3827957813479537
25.238426892813777,55.29825568199158,84.03481360691966
25.249678942786687,55.3124338388443,54.43645549906378
25.237529207042925,55.30227899551392,100.88143057007733
25.24887837857753,55.313259959220886,43.9995686192365
25.24887837857753,55.313276052474976,43.58585405728197
25.238029000479315,55.29896378517151,59.83402159628095
25.2426289445352,55.30690848827362,58.54515754084857
25.238475416180098,55.29815375804901,89.01580606833147
25.253686536426144,55.3068870306015,20.594154599054924
25.25166820070754,55.310309529304504,16.010562476524026
25.251546905425418,55.309327840805054,60.66319636150598
25.244953111660976,55.31060993671417,94.77229534970243
25.247160786655986,55.31348526477814,44.338700056184436
25.25163908985087,55.30996084213257,9.890239011061281
25.24941208863646,55.30890941619873,17.487736059267615
25.25014957504132,55.309317111968994,31.117292292172976
25.246059380188896,55.30800819396973,7.797149257319952
25.238795669911937,55.29767096042633,128.0337629904991
25.2455935841416,55.309048891067505,133.2057631567759
25.24021739220005,55.30598044395447,73.8210956162481
25.242522196751892,55.29725790023804,148.5512970769762
25.242483379352905,55.30060529708862,187.51256137332433
25.252012678648327,55.30986428260803,24.947369747698197
25.244890034643163,55.31060993671417,92.020370143502
25.25334691497416,55.30742883682251,25.208716485739952
25.235699848492143,55.30469298362732,24.882318693826207
25.239581743676258,55.30242919921875,120.00737436425055
25.238606429172393,55.302810072898865,105.42220564401543
25.25433181456876,55.30548691749573,150.9677280472877
25.24888323049771,55.31326532363891,43.33112342152295
25.241158728181645,55.30441403388977,155.77029563749696
25.24574884968912,55.311318039894104,85.30088781752661
25.251590571740948,55.30998766422272,12.00861839590433
25.238465711508397,55.29817521572113,87.89889718170049
25.24340043709023,55.30715525150299,83.0817261666515
25.2424105966964,55.29772996902466,202.21483899537643
25.254035860357504,55.30573904514313,108.1053557895164
25.24960131254889,55.30738055706024,178.3759518246606
25.24186229928289,55.2974134683609,189.1467288500495
25.24798077000912,55.30845880508423,27.64612755564034
25.24970320222583,55.31242311000824,53.17510558385363
25.23668489113274,55.30186057090759,9.930485372544503
25.252454191200385,55.31010031700134,27.02505703727217
25.250673575818908,55.30920445919037,14.845986971394384
25.252012678648327,55.310062766075134,16.425350846311762
25.240469709776303,55.297585129737854,228.12562412387504
25.252987885549516,55.30787408351898,81.59188497142875
25.240755992545814,55.30614137649536,93.28723693988167
25.248771636284378,55.31301319599152,66.63676453113264
25.254113487761373,55.30586779117584,108.97142711594205
25.248490224334745,55.313528180122375,47.451263461330306
25.244268966873193,55.30735909938812,100.29780438947482
25.25293936797831,55.30860364437103,79.88669966724773
25.246350501811705,55.31185448169708,35.31000626771181
25.24203697837339,55.30387759208679,109.54758351639107
25.251546905425418,55.30990183353424,16.42163413109348
25.24520541940484,55.30665099620819,177.9885779022785
25.250993797403623,55.30719816684723,178.35119474092204
25.248378629760424,55.30709624290466,163.25108125336502
25.243977840263295,55.3072464466095,90.41596826566214
25.25234260026734,55.307541489601135,67.78705732009858
25.240523084581085,55.30508995056152,153.53176420996664
25.24999916699322,55.31214416027069,65.57101111416402
25.248334962290382,55.31383395195007,27.280921949319726
25.24764598457483,55.30746638774872,100.32230401237284
25.24940238483815,55.31270742416382,63.2114754580404
25.253604057017967,55.30661344528198,51.23913949516628
25.24856300334973,55.3134959936142,44.42114585094099
25.24793225043813,55.31450450420379,18.161905408085488
25.25234745204915,55.30889332294464,89.64406124663998
25.249446051924497,55.31266450881958,61.82252558194526
25.247927398479945,55.31432747840881,22.179539146426183
25.24884441513079,55.313254594802856,47.79978075298567
25.24731605020081,55.30734837055206,108.88078374467192
25.24845626077949,55.30715525150299,161.48220062460996
25.246549434519466,55.30807256698608,39.60692713784006
25.24887837857753,55.313259959220886,43.9995686192365
25.24888323049771,55.31326532363891,43.33112342152295
25.25280837043924,55.30646860599518,50.562523719114836
25.242551309793015,55.30463397502899,11.65438187023931
25.244802697179807,55.306334495544434,145.20918961459176
25.25199812326214,55.30942440032959,53.804599278636644
25.23940706105688,55.29637277126312,58.963127910225744
25.248504780141232,55.313571095466614,43.182047548990006
25.241051979106956,55.30623257160187,84.64065383827358
25.24239118798063,55.305524468421936,5.316443299809472
25.246845406969683,55.30815839767456,52.41665284017633
25.23964967573822,55.297048687934875,137.20629957954716
25.246544582506075,55.30814230442047,42.014492037320814
25.252488153637913,55.30559957027435,11.494931792479855
25.246413578071383,55.308040380477905,24.15586545321685
25.243992396610352,55.304569602012634,50.78876655984512
25.25390001228135,55.30633985996246,76.55174816859075
25.249591608765684,55.30913472175598,23.254202225935728
25.237873725068653,55.30221462249756,83.58880512757075
25.248902638176503,55.31322777271271,42.49045859980273
25.243691565083452,55.307037234306335,103.94886189336124
25.244540684413153,55.30748784542084,99.45489462722351
25.251629386230434,55.30996084213257,10.514997299174446
25.2479759180529,55.314568877220154,13.930490550917664
25.240867594120743,55.306302309036255,75.50416051061224
25.252687076295643,55.30883967876434,65.56191571040007
25.24366730444399,55.30612528324127,30.01014103612572
25.24221165721285,55.30149042606354,201.73688298594254
25.250998649239335,55.311259031295776,49.74786265537587
25.240285323906704,55.306028723716736,80.70348438613388
25.251216981645328,55.30607700347901,119.01105743368637
25.245132638378635,55.307831168174744,110.44721116268558
25.24428837528906,55.30089497566223,113.32188960176528
25.240197983134024,55.3025096654892,185.0788223259258
25.24239118798063,55.30536353588104,14.824172223854523
25.253380877162087,55.30750393867493,22.935863530635306
25.238931534876585,55.30218243598938,46.56945733230684
25.240586163865615,55.29588460922241,114.99980739039033
25.24941208863646,55.31266450881958,64.90133052531036
25.238766555971196,55.3009968996048,56.640120148524396
25.244458198795584,55.30717670917511,129.46369600516698
25.245268496258944,55.30993938446045,173.58380421799478
25.25271133513404,55.30847489833832,100.1366110867376
25.242837587659025,55.30585169792175,15.000946550828765
25.24457950115496,55.304832458496094,90.53081768124063
25.24905304758219,55.313050746917725,41.377307605902104
25.24269687489391,55.30342161655426,116.66038186144749
25.248063253235344,55.30689775943756,172.70622973782486
25.242420301053116,55.30669391155243,87.63166515006853
25.2428084746865,55.30126512050629,183.35629700925028
25.243871093664907,55.306082367897034,42.16558967595033
25.242017569597948,55.30646860599518,103.59095921386634
25.24969349845074,55.30738055706024,181.48659025210895
25.24236692708156,55.30549228191376,9.483422672193216
25.23883934080999,55.297327637672424,93.88394300467071
25.242818179011465,55.30421555042267,57.781248205659715
25.2455935841416,55.30622720718384,201.96343146024154
25.24339073281179,55.30684947967529,99.81575288221522
25.240042710494237,55.29800355434418,235.8881706246644
25.25180890308306,55.30933320522308,58.12984812231406
25.24645724623197,55.30812621116638,32.69729997543297
25.253783570952297,55.3061842918396,63.74273223864476
25.242041830566777,55.30560493469238,43.74928111078825
25.248223367573445,55.30872166156769,63.7991056061525
25.24100345676928,55.29695749282837,214.40565043352754
25.24156146248288,55.30545473098755,97.45755083142839
25.248849267052336,55.31323850154877,47.74845495496954
25.25408437749074,55.30593752861023,103.06200321659504
25.2523086377891,55.30956387519837,52.227490680146836
25.253312952776724,55.3074985742569,29.946913062735366
25.24556447182935,55.30869483947754,101.27971979773112
25.25303640310136,55.30786871910095,76.98829613198627
25.246549434519466,55.31285226345062,96.1950021301819
25.24645724623197,55.30710697174072,99.66167440508626
25.249096714794103,55.313045382499695,39.392595163749746
25.24172158538849,55.30649542808533,95.43904571054466
25.24520056733776,55.31091034412384,85.02599527759608
25.240882150840363,55.30622720718384,83.75694621352682
25.24674836690151,55.31216561794281,73.37070820087894
25.249911833202415,55.309268832206726,14.783881079328948
25.238363812408625,55.29836297035217,79.29627723051266
25.23964967573822,55.297048687934875,137.20629957954716
25.24167306331816,55.30313193798065,201.54745460056816
25.241318851617866,55.29711306095123,202.08412721998414
25.254166856572752,55.30549228191376,135.95340467766923
25.23871318039504,55.299071073532104,121.47285880481579
25.238640395480672,55.29786944389343,112.61743131535356
25.242502788053955,55.297799706459045,208.5130121376471
25.246845406969683,55.30815839767456,52.41665284017633
25.2486745977547,55.30990719795227,114.71233800620209
25.240741435811117,55.29865801334381,342.1533309768955
25.24494340750651,55.31057238578797,98.12804610745508
25.2407462880562,55.30284225940704,255.71761059626832
25.242158283149635,55.30398488044739,92.72283814936651
25.241221807136228,55.30475735664368,144.64540803878373
25.23737878337333,55.302059054374695,74.19915677637782
25.244118551545156,55.30487537384033,39.9950605524677
25.248858970894844,55.3132438659668,46.54818306930202
25.252861739824056,55.30791163444519,95.41019763747566
25.238727737372685,55.30269205570221,92.54189754938002
25.245520803347915,55.311022996902466,105.78317815899503
25.242104909063016,55.30137240886688,219.36870003342827
25.246399022014373,55.30800819396973,21.652973363901832
25.245666364891704,55.30778288841248,54.2415096589488
25.237170130878283,55.30138313770294,29.159228276741437
25.246661030773893,55.30813157558441,53.42603516323155
25.241794368457647,55.296818017959595,140.97768220278908
25.244089438879513,55.301308035850525,158.10246856887636
25.24266776188767,55.304306745529175,47.77083241122531
25.248912342014776,55.31320095062256,42.62032589019357
25.241318851617866,55.30134558677673,275.51496227680576
25.243837128818484,55.3045266866684,46.015848663956255
25.251590571740948,55.30998766422272,12.00861839590433
25.244826957592608,55.30747711658478,115.34993033421232
25.243589670365154,55.3009968996048,137.82980377756473
25.24384198093999,55.30709087848663,101.07704006416306
25.247937102396097,55.314289927482605,23.921345390397875
25.243594522496537,55.30607700347901,21.298322670627154
25.246850258971037,55.30814230442047,52.591941129131875
25.24768965229248,55.314064621925354,56.06977497474636
25.243628487410778,55.30692994594574,114.67117283973712
25.24139648714737,55.30385076999664,159.1518621091426
25.24818455199572,55.308550000190735,51.990542900595834
25.25142075820355,55.30540108680725,48.397151496597985
25.244162220530555,55.30719816684723,105.76966337607537
25.252890850387743,55.307831168174744,87.91106207691116
25.25130916632115,55.31101763248443,39.26230408906208
25.244710507567063,55.3074449300766,111.59016251515577
25.2421679875265,55.30124366283417,224.9160096297244
25.24887837857753,55.313259959220886,43.9995686192365
25.24246397064877,55.30576050281525,14.42214797575297
25.241925377872292,55.29940903186798,206.14792119203454
25.249640127673985,55.30898451805115,24.633508962610332
25.25163423804075,55.30995547771454,10.683597152724646
25.246355353832868,55.308040380477905,18.167941334804137
25.246399022014373,55.30800819396973,21.652973363901832
25.249722609773656,55.31237483024597,55.23610703132952
25.243968136030944,55.30724108219147,90.4568204557813
25.24637476191546,55.3080028295517,18.895559014651706
25.249077307146308,55.31298100948334,46.74027632494705
25.248082661045142,55.31389832496643,29.133430913592587
25.24687451897502,55.308308601379395,45.70811050034451
25.237582583138988,55.30053555965424,29.857218384403616
25.24116358041009,55.304789543151855,151.20713814618213
25.254477365555672,55.305309891700745,175.5826576567822
25.250780316440924,55.31143605709076,61.16976072638609
25.244006952955672,55.30735373497009,81.76096847901384
25.23947984551212,55.299805998802185,183.816880513934
25.244162220530555,55.29799818992615,101.5746941682544
25.25320621438013,55.30791163444519,62.45486146389036
25.239766130613248,55.304027795791626,229.27158914416765
25.241158728181645,55.306280851364136,82.5935353148075
25.2405521981011,55.29727399349213,205.35036872579602
25.24905304758219,55.31291663646698,54.34730983176707
25.242944335165262,55.303544998168945,107.65486330317287
25.241488679274227,55.30495047569275,117.45075196826332
25.23801444341801,55.301801562309265,52.04392614141378
25.243647895928916,55.30710160732269,96.46499470164694
25.247854619084222,55.31386077404022,49.99627796430988
25.24395357968099,55.3058785200119,39.60848637248172
25.23970790318968,55.30059456825256,139.22165879327906
25.248781340133092,55.31310439109802,60.40575872121807
25.240853037399404,55.30118465423584,226.0197957979397
25.243070491188135,55.30697286128998,65.05144227255657
25.24219710065246,55.29708623886109,139.94269945121468
25.240484266543575,55.305299162864685,134.49608329944857
25.246476654298306,55.30636668205261,180.39626672703238
25.237655368686788,55.30217170715332,101.99457954269192
25.246539730492486,55.308077931404114,38.757745059027044
25.248383481700557,55.31398415565491,10.64693250093575
25.246059380188896,55.306286215782166,186.95625861889351
25.25000401886865,55.31212270259857,67.87521610987227
25.247194750573357,55.308281779289246,11.375985187308093
25.247723616062046,55.31416118144989,51.12162074016071
25.24051338007287,55.30524015426636,141.2275360630364
25.250819131189317,55.3113716840744,60.35817312484685
25.23894609182807,55.30216634273529,46.30025801563821
25.251590571740948,55.30997693538666,12.58178800312372
25.252114566302765,55.30949413776398,54.89718757562254
25.247922546521593,55.31382858753204,47.55271313254826
25.252522116065947,55.30687093734741,14.15101883670211
25.248247627303257,55.30861973762512,61.126771755262006
25.246850258971037,55.30814230442047,52.591941129131875
25.238630690822134,55.304574966430664,101.99037161656898
25.242269883436848,55.3056800365448,19.020809090418624
25.245346129265172,55.311022996902466,89.16224067474238
25.2409646388852,55.30523478984833,166.77042469310283
25.244448494601613,55.30661344528198,129.2189177346803
25.24114417149515,55.30615210533142,95.71232554981857
25.241663358901775,55.305277705192566,90.6003970117883
25.25116361153789,55.31108736991882,47.674347206181096
25.239416765653417,55.29636204242706,57.83843491625172
25.246850258971037,55.30813694000244,52.829170852950625
25.248276738972606,55.3069406747818,174.7293409316965
25.251629386230434,55.30995547771454,10.99106253343756
25.240547345848256,55.29909789562225,314.27769069294567
25.241935082267773,55.30561566352844,55.51709619350899
25.238771408295136,55.301066637039185,48.90803469982824
25.25098409373166,55.30784726142883,143.6675934236941
25.244157368421853,55.30522406101227,41.85252364945237
25.24938782913918,55.30898451805115,14.271316469330763
25.24927623538936,55.30736446380615,169.814370203733
25.24254160544676,55.30574977397919,13.00129109079799
25.24685511097223,55.30815303325653,51.63560946631682
25.23880537455733,55.30295491218567,122.46938586937314
25.24377405122138,55.30709624290466,98.77813880717201
25.245069561454,55.30666708946228,185.5877278862521
25.249281087293667,55.30902206897736,7.456428688990698
25.239067399689375,55.29693067073822,76.82809356588197
25.2467774789301,55.30813157558441,60.52301694917179
25.246850258971037,55.30814230442047,52.591941129131875
25.240993752299417,55.30515968799591,165.55914752065124
25.246646474746512,55.3129380941391,86.6555391360293
25.240484266543575,55.305309891700745,133.72874591114598
25.24448731137288,55.30642032623291,119.07115886372686
25.24494340750651,55.31057238578797,98.12804610745508
25.238795669911937,55.2974134683609,100.8264498189035
25.237504945173328,55.30226290225983,97.64985360610854
25.246442690180203,55.308051109313965,27.599088154792256
25.246335945747138,55.310288071632385,142.35660494523992
25.24831555452089,55.31383395195007,27.483357583921702
25.251052019419262,55.30914545059204,19.218867495580305
25.237019706764343,55.30392587184906,110.3749405172063
25.25267252099026,55.308571457862854,92.01500428797344
25.252240712804166,55.30956387519837,59.57607100226155
25.25219704672236,55.31018078327179,36.81090669639673
25.253938826032908,55.30644178390503,76.2386495965277
25.25202723403278,55.30942976474762,54.83640478880028
25.247893434767363,55.31444549560547,22.31336587331583
25.236757677218066,55.30168354511261,1.9963079940722668
25.246452394214913,55.308045744895935,28.43582735748926
25.237587435510207,55.30423700809479,112.36776559884802
25.242386335801218,55.30550301074982,7.0569593314668255
25.246170976893424,55.31012713909149,162.9402515754559
25.246539730492486,55.308077931404114,38.757745059027044
25.25280837043924,55.30919909477234,28.357056474655813
25.249019084184297,55.31014859676361,132.38390047814264
25.2393391288593,55.3039687871933,204.99105193725455
25.244438790406875,55.29815375804901,87.86516414017504
25.250101056336476,55.31209051609039,62.06108559813222
25.24231840526889,55.29769778251648,200.62349805546697
25.238907273286912,55.297306180000305,95.23104074134781
25.24106168357217,55.30622184276581,86.01781269666616
25.238358960068396,55.301308035850525,39.91292312609745
25.251648793470537,55.31014323234558,12.697039712836101
25.237965919867666,55.29968798160553,22.52943912040338
25.246044824089463,55.30796527862549,8.135675805984539
25.238533644194103,55.29794454574585,98.8899940519616
25.24288125710474,55.30692458152771,59.48905948494015
25.250770612751893,55.31148970127106,59.016290783045704
25.24429807949581,55.30717134475708,117.5008071652569
25.24997975948959,55.31218707561493,61.163049988127284
25.244477607181224,55.3071391582489,133.8864758512083
25.249295643005382,55.310309529304504,141.69827073481562
25.239654528026904,55.306034088134766,11.786081472228808
25.2516536452801,55.30992329120636,8.369116161070385
25.237684482893695,55.30261158943176,128.63290911179737
25.24678718293808,55.30817449092865,57.937478752264525
25.240828776193258,55.306060910224915,102.17470687813194
25.243342211407892,55.30601799488067,12.763448593527658
25.250227204928777,55.31195640563965,64.74800138675505
25.244463050892307,55.30717134475708,130.26348929503214
25.24423015003218,55.30720353126526,109.90467207250867
25.23952351616435,55.29610991477966,33.68093515493645
25.248752228584635,55.30887186527252,16.716737640827887
25.244235002137984,55.300589203834534,78.8883441141474
25.238062966948977,55.303550362586975,181.8978292585498
25.242638648874475,55.305792689323425,10.578811807989807
25.24093067322646,55.29690384864807,208.54000728449896
25.24125577271363,55.30619502067566,95.44732059613135
25.251323721789888,55.30938148498535,56.30936445933314
25.24902393609885,55.308780670166016,10.277777770708553
25.240969491121376,55.30609846115112,98.23866160485888
25.251100537744293,55.30671000480652,167.59997702969525
25.24435145261917,55.307074785232544,129.49937212451812
25.244472755085113,55.30640423297882,116.72961867097423
25.24173614200579,55.303056836128235,199.96527946479605
25.253764164053266,55.30664563179016,48.529621049201864
25.240707470089987,55.30616819858551,90.28767567623342
25.24070261784331,55.30519187450409,160.81776067169588
25.242100056872147,55.297059416770935,141.98286197276735
25.25196901248455,55.310550928115845,37.48929856691362
25.23944102714141,55.29632985591888,54.54006712706731
25.24133826050489,55.30534744262695,123.66802356673713
25.248048697375975,55.30693531036377,168.2924652360469
25.242352370539805,55.30564248561859,9.211140094514986
25.24994094447301,55.31218707561493,62.01898242226144
25.251527498169057,55.30995547771454,19.868294819236095
25.239751573759975,55.29700040817261,134.9905290432055
25.2479759180529,55.31436502933502,15.397973717520562
25.24704919086055,55.308319330215454,26.285523870634346
25.241178137094224,55.301334857940674,260.0104612930381
25.24180892506624,55.30387759208679,124.02627354860907
25.2507900201292,55.31145215034485,59.28798764157635
25.24775272785696,55.308544635772705,14.12341974068279
25.23964967573822,55.2999883890152,190.41504418821174
25.248165144202204,55.31393587589264,19.87099255414556
25.25119272250848,55.30974626541138,32.515034696402786
25.242852144142702,55.30115783214569,192.29413769158054
25.241207250457336,55.304773449897766,146.30144050486615
25.24689392697468,55.31323313713074,54.271594298391754
25.2437934597163,55.30720353126526,87.61763706590361
25.250319390355685,55.3118759393692,62.828090671022586
25.250823983032006,55.31174182891846,39.72000221925878
25.24898026886075,55.307310819625854,172.83039845792166
25.240426039464054,55.304328203201294,217.20030229111813
25.25027087171867,55.31188666820526,66.75397132828716
25.248849267052336,55.31323850154877,47.74845495496954
25.236631514642497,55.30184984207153,9.593771788336936
25.24887837857753,55.313259959220886,43.9995686192365
25.2437789033454,55.30714452266693,93.63605184057462
25.24175555082617,55.3031587600708,194.73830489167452
25.241318851617866,55.30620038509369,97.9620356696483
25.25163423804075,55.30996084213257,10.193182069864994
25.24168761994129,55.3063291311264,108.3301621878397
25.242201952839466,55.30672073364258,96.52639141777689
25.243376176392673,55.30691385269165,94.06917044375787
25.24713652670917,55.312519669532776,128.98223457854337
25.239353685761984,55.30573904514313,38.99562610305333
25.239077104313058,55.303813219070435,197.51860838027852
25.24371097359152,55.30608773231506,30.03828631550302
25.23869377108879,55.304532051086426,110.31507427566781
25.24844655690481,55.308796763420105,51.25043506296999
25.24500648449664,55.31066358089447,92.23207150225119
25.247971066096483,55.31437039375305,15.567088872506377
25.24044544849366,55.30200004577637,186.4212434257445
25.24421074160699,55.30471980571747,57.12536137052872
25.24413795998504,55.306291580200195,79.65903016973456
25.245365537508988,55.30937075614929,170.94027953081192
25.248849267052336,55.31323850154877,47.74845495496954
25.243036526117947,55.30590534210205,10.62901767889503
25.23895094414486,55.30059456825256,101.41064961483949
25.24831070257804,55.30736446380615,133.32800088088757
25.25108598224881,55.31113564968109,54.502521244298755
25.25382238474104,55.30648469924927,67.43498099337694
25.25045524243626,55.309268832206726,6.036881628447757
25.239761278329027,55.30247747898102,139.9028451718281
25.248849267052336,55.31323850154877,47.74845495496954
25.240872446360797,55.30619502067566,87.36938321581383
25.24025135805813,55.29958605766296,263.99940351435737
25.237907691581697,55.301780104637146,63.79131021069757
25.244540684413153,55.30634522438049,119.67872265787346
25.246593102631223,55.3080940246582,44.944108117906126
25.24119269377664,55.29894769191742,292.5099896569839
25.240377516876492,55.305808782577515,95.68291823493452
25.24944120002679,55.31262695789337,63.62277577630895
25.24392931909385,55.30717134475708,95.72422262822558
25.252842332777774,55.30900061130524,41.11591487770314
25.2495527936251,55.311511158943176,147.05047651135806
25.25409893262693,55.30565321445465,119.20721865101167
25.25377386750317,55.306286215782166,62.123808477014286
25.25274529749969,55.30860364437103,85.45990539080876
25.249965203859816,55.309027433395386,14.720627805958452
25.248359221997887,55.3086519241333,64.91866342196423
25.24039692591384,55.30569076538086,102.5664250422959
25.251144204220267,55.31116783618927,48.36070447512899
25.251629386230434,55.30996084213257,10.514997299174446
25.251595423552818,55.30998766422272,11.528317743784765
25.24855329948359,55.313512086868286,43.74255486891607
25.247840063199845,55.31384468078613,52.39655927809789
25.239727312333983,55.300557017326355,143.73001908897285
25.252386266296824,55.30892550945282,84.10555639999006
25.239576891384655,55.29599726200104,27.761622877513464
25.252434784088948,55.30890941619873,80.53282454279807
25.24918404917088,55.30892014503479,4.361746778888556
25.24887837857753,55.313259959220886,43.9995686192365
25.24477843676219,55.30746102333069,113.85800257956463
25.245195715270498,55.30658662319183,184.50438760995291
25.240484266543575,55.305266976356506,136.83446999687354
25.24729179028502,55.313506722450256,55.731392982988396
25.24887837857753,55.313259959220886,43.9995686192365
25.24356055757282,55.30607700347901,19.98757598831849
25.2437303820965,55.30721426010132,85.01942170065989
25.241842890479543,55.30390977859497,118.86924147535744
25.25139164728759,55.30925810337067,58.455105803145855
25.242764805214662,55.30667245388031,84.40950295219686
25.24697641093877,55.30819594860077,37.3756875520693
25.24156631469523,55.30638813972473,96.0440220934395
25.24174584641638,55.30634522438049,109.93102365081546
25.250959834548297,55.307831168174744,145.25709941919743
25.24469595130604,55.3048700094223,102.50843776674579
25.238135752209104,55.29915690422058,65.52210210203349
25.253710795064947,55.30674755573273,36.29732635652711
25.2392081166568,55.30160307884216,42.20877073426995
25.247757579822107,55.30846953392029,6.181451986294084
25.24188656028268,55.306543707847595,104.3727243242007
25.24177010743942,55.30311584472656,197.45593182509884
25.248655190039443,55.30706405639648,181.7731583353499
25.25263370683406,55.30768632888794,78.43380934783696
25.242192248465315,55.30564785003662,26.97955581465913
25.24887837857753,55.31326532363891,43.854013059344204
25.2402270967319,55.29760658740997,217.2159360315072
25.24288125710474,55.30668318271637,85.24316551380178
25.250047685738775,55.312530398368835,22.362541711387795
25.244322340009333,55.30714988708496,121.06650164276414
25.25018353812318,55.305309891700745,86.09624765701848
25.240484266543575,55.30528306961059,135.6585539161651
25.252507560740824,55.3099662065506,31.140478191456772
25.25268222452736,55.308560729026794,92.62696640800823
25.251609978987233,55.31063139438629,26.808922487700304
25.252522116065947,55.30996084213257,29.42095341268258
25.246845406969683,55.30815839767456,52.41665284017633
25.251944753497895,55.31018614768982,9.193931115811527
25.242221361585436,55.30659735202789,106.89801606968926
25.24097434335738,55.30225217342377,250.9617407544145
25.249489718995164,55.31258940696716,60.233966885584096
25.24345866274469,55.30700504779816,96.12368971977554
25.24310445624883,55.30595362186432,16.194166853659386
25.24111505811696,55.305288434028625,149.22493344361556
25.250557131397,55.31161844730377,68.63537418390172
25.248436853029375,55.314005613327026,11.418978447288517
25.25295877500912,55.30592679977417,17.024802438574955
25.24841744527616,55.30711770057678,163.0692470151509
25.253836939908652,55.30672609806061,42.85185090344793
25.249809943700484,55.31233727931976,52.37050216155233
25.24420103739328,55.30887186527252,33.461467410986295
25.24345381060786,55.306050181388855,16.650871839315773
25.251731274206392,55.31018614768982,6.053787581239975
25.249678942786687,55.310293436050415,129.04579237954343
25.242522196751892,55.30473053455353,0.6241263181259701
25.251139352390386,55.308297872543335,97.55247467360397
25.248902638176503,55.31294345855713,61.019961301905916
25.24085788964004,55.30524551868439,171.42814635533927
25.24459890952123,55.30662953853607,142.93916238941793
25.240023301400328,55.30251502990723,167.64398495677312
25.24841744527616,55.3135871887207,48.41737967858321
25.24823792341192,55.31383395195007,27.386271867451747
25.24879104398103,55.31314730644226,57.3419016101693
25.25269677983158,55.308807492256165,67.8795954504994
25.252594892665485,55.30875384807587,79.33283015870626
25.25142561002218,55.31087279319763,25.52952152629508
25.251445017294856,55.30987501144409,27.00442439122795
25.24239118798063,55.30544936656952,11.574510321136287
25.241318851617866,55.306323766708374,86.07981099447542
25.249669239009677,55.31292200088501,26.087404657962992
25.24887837857753,55.313259959220886,43.9995686192365
25.253584650090275,55.307080149650574,8.847062284096005
25.246918186969936,55.31242311000824,107.30804353411897
25.241076240268526,55.30614137649536,95.09273777060712
25.245190863203064,55.30661344528198,182.33840066334088
25.244463050892307,55.30660271644592,129.58955887619797
25.243958431797836,55.307262539863586,87.84494880804789
25.253060661869995,55.30767023563385,62.88965936025778
25.251629386230434,55.30996084213257,10.514997299174446
25.245821630346185,55.31123220920563,81.50674672967185
25.248849267052336,55.31323850154877,47.74845495496954
25.243463514881284,55.30687630176544,104.32750477938389
25.250969538222208,55.311301946640015,49.22622120654194
25.243744938473213,55.30710697174072,97.03194068379786
25.248305850634992,55.307074785232544,162.0701079056727
25.24637476191546,55.308029651641846,19.69630797364421
25.23962541429188,55.305792689323425,33.027788630783384
25.24833011034832,55.31385540962219,24.991983026080366
25.24888323049771,55.31326532363891,43.33112342152295
25.25340028412235,55.30696213245392,31.660153294565617
25.253075217128867,55.30778288841248,67.78988667076987
25.252803518675847,55.30590534210205,11.703699992527843
25.2405036755639,55.30521333217621,142.4233721198575
25.253002440817113,55.308566093444824,73.69402421050084
25.248558151416745,55.31350135803223,44.29956078019719
25.249625572003552,55.31145751476288,149.19692147767068
25.247859471045302,55.314268469810486,32.10627834465288
25.24494340750651,55.31057238578797,98.12804610745508
25.23950895928203,55.30572295188904,40.195759063202566
25.239664232603715,55.305776596069336,35.916841414912156
25.250634761024003,55.30945122241974,19.62407394818223
25.24318694278527,55.30596971511841,17.829228824943762
25.249179197262706,55.31294345855713,47.07523571555624
25.251061723085822,55.309317111968994,28.45076599967607
25.24495796373793,55.31063675880432,92.32140969094822
25.246204941087484,55.31091570854187,77.92574251244096
25.251590571740948,55.30998766422272,12.00861839590433
25.252784111620215,55.30584633350372,8.706787507200223
25.25341969107953,55.30739665031433,17.53705076567072
25.252716186901154,55.30868411064148,78.6578117557431
25.253967936338427,55.306264758110046,83.6108430947424
25.24819425589132,55.307053327560425,159.89534516311397
25.25016413064901,55.30914545059204,30.339688249009082
25.23862098616283,55.29788553714752,110.02691834224338
25.24773817196038,55.31411826610565,49.80571593934698
25.24989727756451,55.31224071979523,57.674726731700986
25.242313553086575,55.30572295188904,16.71001944415343
25.244361156820915,55.307031869888306,133.86242907902871
25.242425153231196,55.305309891700745,11.729579354041578
25.237587435510207,55.302075147628784,96.23434317441334
25.2407171745827,55.296785831451416,181.60385890276027
25.245540211563807,55.30850172042847,87.19755548010573
25.25302184783783,55.307831168174744,75.72652706848497
25.242633796704908,55.304269194602966,51.80954968817816
25.25263855860429,55.30866265296936,84.92060196541584
25.2464863583303,55.308061838150024,32.57191315004774
25.252439635867105,55.30886650085449,82.87182308105484
25.242269883436848,55.30565321445465,18.44285803413265
25.244817253428067,55.310524106025696,92.24068844796032
25.24231840526889,55.29769778251648,200.62349805546697
25.253997046636968,55.30614137649536,87.87953081283104
25.249533386050143,55.30892014503479,30.398777268617746
25.246850258971037,55.30813694000244,52.829170852950625
25.240916116512665,55.30293881893158,267.6896692584268
25.249145233900062,55.310266613960266,144.960507311326
25.24008638094423,55.29989719390869,225.40219046783733
25.24887837857753,55.31326532363891,43.854013059344204
25.240775401522725,55.29599189758301,115.33041896825469
25.25018838999125,55.31087815761566,118.94045477536662
25.250387316414944,55.30921518802643,12.24608600254697
25.249989463241803,55.31117856502533,143.2636816469199
25.247180194609925,55.3066349029541,183.28808363827392
25.244652282512476,55.30485391616821,98.00578504932126
25.24892204585224,55.30944585800171,57.042490049531175
25.24281332684907,55.305808782577515,9.67933844177154
25.25163423804075,55.30996084213257,10.193182069864994
25.2426629097193,55.29794454574585,206.95253634880012
25.24392931909385,55.30599117279053,41.26865001092207
25.237859167988717,55.29925882816315,40.9481374669841
25.251910790908425,55.310282707214355,8.911871109249164
25.251367388185628,55.31118929386139,28.050417036058985
25.24284729198166,55.30686020851135,65.25885398237149
25.237548616535108,55.30145287513733,70.28124253409682
25.24984390687727,55.311296582221985,144.49832222941282
25.24072202682875,55.306034088134766,105.14704059047915
25.239732164619554,55.300074219703674,186.74698865808918
25.238718032721096,55.30273497104645,97.21650619047927
25.241095649194293,55.30469298362732,158.69904178985928
25.25281807396551,55.30588388442993,8.838448339973477
25.24254645761998,55.301801562309265,151.02358699130914
25.23526312752618,55.304515957832336,45.09436764122574
25.253380877162087,55.307337641716,21.44086717602305
25.238281322598596,55.2991247177124,79.15293186310045
25.24038722139555,55.29597043991089,112.6339979162926
25.247413089815595,55.30572831630707,277.4460319400778
25.2391110704898,55.301785469055176,43.44104936694634
25.237786382562973,55.29983818531037,13.515600049000456
25.24038236913611,55.30599117279053,91.81792491244293
25.2516536452801,55.31049191951752,26.162255555949887
25.25163423804075,55.30996084213257,10.193182069864994
25.245346129265172,55.30925273895264,160.69947744917835
25.239363390362797,55.29939830303192,179.19347418090027
25.249179197262706,55.31340479850769,10.49292814419035
25.241949638859523,55.30541718006134,55.6745830104499
25.241042274640975,55.30498802661896,166.44686881713102
25.24364304379968,55.30722498893738,82.76033892196214
25.242658057550727,55.30340552330017,118.95070958268965
25.240392073654775,55.30572831630707,100.37196425377056
25.240916116512665,55.30617356300354,89.66795246365942
25.241939934465226,55.29924809932709,205.56628419608728
25.239858323976833,55.30484318733215,141.5420003572475
25.250998649239335,55.311259031295776,49.74786265537587
25.237990181645245,55.30200004577637,60.24848418956087
25.2414401571109,55.30297100543976,229.90491929811782
25.238989762672105,55.3046178817749,128.79295632865913
25.246379613935616,55.31049191951752,119.3556710660354
25.24274539655545,55.29800355434418,196.24638239641283
25.250537723982475,55.30925810337067,6.83107327461021
25.23815030925589,55.301812291145325,37.13533733551833
25.24245426629554,55.30517578125,13.466903161128768
25.24163424564793,55.30550301074982,88.9897648235458
25.242633796704908,55.30116856098175,201.73645800793395
25.25405526721312,55.30600726604462,97.5166880328686
25.23735452147369,55.30418336391449,110.31869411977381
25.245287904515138,55.31087815761566,94.34626547302263
25.242337813996286,55.305299162864685,20.927631637385893
25.24139163492822,55.30377030372619,165.22309913479464
25.254394886684494,55.30537962913513,163.61337399400085
25.238281322598596,55.29850780963898,76.73594554481646
25.239960221823665,55.300047397613525,203.64697817364208
25.24887837857753,55.31326532363891,43.854013059344204
25.238781112942434,55.29767632484436,128.1793575607346
25.24356540970534,55.30463397502899,31.490974237458236
25.251949605295607,55.31058311462402,35.64446996116888
25.241954491056376,55.305578112602234,53.45993163314695
25.24246882282509,55.30524551868439,6.99263442121054
25.251629386230434,55.30995547771454,10.99106253343756
25.2409646388852,55.3052294254303,166.89400289281502
25.239606005131307,55.29741883277893,156.92876252389215
25.243099604097893,55.306785106658936,84.00252568984111
25.248596966875112,55.30867874622345,39.9076174539549
25.238703475742295,55.29772460460663,124.87342987970348
25.238548201193257,55.30094861984253,62.66837947067609
25.243448958470864,55.30019760131836,83.29641667293411
25.24236207490118,55.30324459075928,138.63488354654834
25.249101566705576,55.31015932559967,133.40478906646925
25.252400821636485,55.30710697174072,24.826694225432476
25.244453346698705,55.30718743801117,128.26018984340283
25.24360907888952,55.30608773231506,23.08330486789458
25.242134022204084,55.29990792274475,187.83152893693182
25.24782550731372,55.31439185142517,30.25955887391979
25.24188656028268,55.305529832839966,60.8866676618825
25.240270767115614,55.2960079908371,100.5034686513749
25.24303167396428,55.307058691978455,54.98114323221885
25.247563501065315,55.31392514705658,73.96978719925747
25.242536753273313,55.30576586723328,14.712688836470939
25.24637476191546,55.308083295822144,22.42617933326806
25.242158283149635,55.30564248561859,30.71992041042138
25.241105353656025,55.30528306961059,150.3961707500968
25.24260468368358,55.30451059341431,24.994390171134253
25.24046485752017,55.306034088134766,100.55314777271774
25.240566754858477,55.306050181388855,103.66294871182568
25.249300494908923,55.312809348106384,61.20185374646815
25.239824358008903,55.3058248758316,40.990302111302285
25.243308246413665,55.30436038970947,49.70723829935733
25.247878878887647,55.31446695327759,24.13540969115091
25.24313842130003,55.30594825744629,17.099437395851485
25.245278200387418,55.30613601207733,186.8270084452793
25.24408458676791,55.30718743801117,101.96301727955125
25.25006224135865,55.31209588050842,64.97674673373946
25.24119269377664,55.30514359474182,144.8726830623775
25.24449701556378,55.30650615692139,125.55796458053507
25.242056387145738,55.3041136264801,86.41913262204659
25.240421187206167,55.29925346374512,297.7044340441581
25.252677372758924,55.3096067905426,12.4603713770651
25.251629386230434,55.30996084213257,10.514997299174446
25.248475668526524,55.3140914440155,12.507920732235975
25.238417188138182,55.29823958873749,82.79641804882989
25.244472755085113,55.30714988708496,132.67693041282342
25.24249308370382,55.29722034931183,144.91093382496445
25.2512024261638,55.30920445919037,36.65874950448894
25.243919614857617,55.30496120452881,15.991720141200314
25.24282788333565,55.30690848827362,59.54208699781802
25.251784644064415,55.309317111968994,59.81624759381336
25.239450731735246,55.299789905548096,181.50726281543643
25.24863093039103,55.31000912189483,127.02049112142024
25.24100345676928,55.30524015426636,162.43162322022224
25.253880605400937,55.30607700347901,76.73656528942637
25.24733545812998,55.30598044395447,253.79551604646113
25.250430983147297,55.30912399291992,21.419565869357424
25.23937794726255,55.296308398246765,51.74556284595308
25.23978553974824,55.30003130435944,193.94072889753065
25.248063253235344,55.30687093734741,175.6175794236792
25.241377078269636,55.30536890029907,119.01712539481241
25.24233296181474,55.306811928749084,80.08882968136643
25.239033433500424,55.30216634273529,53.3778065242541
25.24003785822103,55.29995620250702,216.92569288853298
25.24812632860585,55.307573676109314,103.36333137993024
25.239683641754965,55.30584096908569,30.155400926983024
25.251590571740948,55.30998766422272,12.00861839590433
25.24272598789318,55.29798209667206,199.43937122980478
25.242643501043815,55.2979177236557,210.62693122064908
25.24336161997178,55.30700504779816,86.90283946051838
25.239047990439687,55.29727935791016,101.50240468671032
25.24121695491013,55.30518114566803,141.06570712988085
25.251590571740948,55.30999302864075,11.756843221339256
25.245292756578703,55.30908107757568,144.38934336073646
25.24058131161412,55.29702186584473,186.8354736478607
25.240566754858477,55.30518114566803,150.00794240449085
25.235792044939956,55.30466616153717,15.465375774812205
25.250464946150473,55.31172037124634,63.49266996573101
25.2444679029888,55.30715525150299,131.876620511974
25.243720677844408,55.30716598033905,90.14517338961521
25.243594522496537,55.30714452266693,91.5754535409054
25.252832629253433,55.309064984321594,35.874711592063846
25.25315769689614,55.30749320983887,46.732611762359134
25.245016188646048,55.30989110469818,157.73790966414188
25.240707470089987,55.296780467033386,180.38049715194683
25.25385149507447,55.306044816970825,74.70804463929944
25.248849267052336,55.31323850154877,47.74845495496954
25.241265477162557,55.306436419487,72.35401354604736
25.246850258971037,55.30815839767456,51.91473723380033
25.244036065641083,55.30973553657532,74.15205097892726
25.2516536452801,55.31012177467346,10.278042137135612
25.252944219736293,55.30599653720856,22.581753255819553
25.240362960096448,55.30585706233978,92.55884401334339
25.238116342810656,55.29920518398285,60.02798257803403
25.239426470249185,55.296345949172974,56.14387481362497
25.254035860357504,55.30573904514313,108.1053557895164
25.24327428140994,55.3068333864212,91.62082124226569
25.241304294950567,55.3038614988327,166.62740804725345
25.23822309446372,55.30022442340851,38.12253188172771
25.242633796704908,55.301554799079895,165.5170841201327
25.244448494601613,55.30672073364258,137.67414651979624
25.240906412035827,55.30526161193848,172.53461053424323
25.23899946730197,55.297091603279114,82.2530846491051
25.238485120851024,55.29809474945069,90.52402731955084
25.24316268204508,55.307080149650574,64.03132630505974
25.24888323049771,55.31326532363891,43.33112342152295
25.251648793470537,55.31017005443573,15.108114665930493
25.242614388024805,55.29789090156555,214.94932634249665
25.2516536452801,55.31012713909149,10.83432766470615
25.242192248465315,55.30393660068512,96.05637308648019
25.242842439820464,55.306828022003174,68.60762048541905
25.242046682759963,55.30476272106171,53.14959522377761
25.240838480676302,55.305266976356506,168.3284795361787
25.24283273549743,55.30394196510315,88.19166576473832
25.240620129620652,55.30519187450409,153.70172173853493
25.241993308624306,55.30659198760986,110.42727883913777
25.24585559463793,55.311259031295776,76.80609730303338
25.240377516876492,55.30589997768402,92.95916074462255
25.240804514982287,55.30526161193848,165.49048585302396
25.25269192806371,55.309574604034424,13.93321560974634
25.240105790028068,55.303335785865784,229.09467583730165
25.24495796373793,55.31065285205841,90.72190208221525
25.24231840526889,55.30546545982361,15.597850673962297
25.249771128629632,55.31235337257385,53.45801754247241
25.23882478384573,55.30242919921875,65.61414136414096
25.238324993681488,55.29917299747467,79.31582707618409
25.247835211238012,55.31437575817108,29.559520618988845
25.241915673476058,55.30539035797119,60.10605223838851
25.240435743979248,55.306055545806885,97.22257800552552
25.247849767122943,55.3141987323761,37.27133034401576
25.2516439416608,55.31010568141937,9.16118231129433
25.235777487610733,55.30348062515259,62.43829482051437
25.244991928271062,55.307536125183105,121.92579995350106
25.25163908985087,55.30993938446045,10.710337677894099
25.23970790318968,55.29700040817261,133.59176605851667
25.2513285736124,55.309515595436096,54.909191391982546
25.2380387051859,55.30026197433472,20.834835878912315
25.24145956597856,55.306543707847595,75.34497620986865
25.250935575360117,55.31135022640228,49.5587114653696
25.242556161965837,55.30114710330963,208.08745122890755
25.24330339427084,55.30713379383087,74.19811778316304
25.24371582571807,55.307080149650574,99.51156856454807
25.251765236846023,55.30524015426636,22.162596713535535
25.24449701556378,55.30709087848663,139.15899349089594
25.23880052223474,55.299328565597534,119.40653628951193
25.24798077000912,55.30684411525726,176.88956389994118
25.240906412035827,55.305299162864685,171.8261650507627
25.240993752299417,55.30622720718384,84.25099845749618
25.23970790318968,55.29700040817261,133.59176605851667
25.251304314497844,55.31123757362366,33.14933380654077
25.240828776193258,55.30120611190796,222.9972549088847
25.251304314497844,55.31095862388611,32.76299574474973
25.248567855282516,55.31349062919617,44.55686859776664
25.245646956695936,55.3083997964859,70.81822474999012
25.25316254864542,55.30817985534668,56.029698338530935
25.23964967573822,55.297048687934875,137.20629957954716
25.24374008634784,55.30613601207733,36.09596336648999
25.243919614857617,55.30496120452881,15.991720141200314
25.242041830566777,55.30313730239868,168.59266999135437
25.24449701556378,55.30649542808533,124.83230296696131
25.252400821636485,55.30561029911041,12.601435594424164
25.24143045267591,55.30506849288941,123.3581341473743
25.241280033834514,55.29711306095123,205.38233329941735
25.242590127170303,55.30168890953064,156.8647765951013
25.242949187322424,55.30591607093811,17.064347884074298
25.239436174844187,55.296335220336914,55.06815348647232
25.23705852590834,55.30186593532562,33.130261895606374
25.243444106333683,55.306060910224915,17.6434414006908
25.24410399521321,55.30914545059204,33.11451230426073
25.2398631762572,55.30490756034851,134.7382351908853
25.24646695026551,55.308056473731995,30.33989917752369
25.24355085330714,55.301088094711304,148.81400575490773
25.24994094447301,55.309075713157654,8.806650813646938
25.24740338585761,55.313796401023865,63.49613025920062
25.25154205361163,55.31074941158295,25.540538476435156
25.24888323049771,55.31326532363891,43.33112342152295
25.24190596907904,55.305524468421936,58.75203743385451
25.241110205886585,55.3012490272522,253.36646682444035
25.25225526816128,55.30970335006714,55.68390608212796
25.24825247924863,55.30691921710968,176.07067010442196
25.236757677218066,55.30300319194794,136.77536583637485
25.245166602862952,55.30608773231506,173.36371286126737
25.239300310443653,55.29646933078766,70.17688547090965
25.247718764095534,55.308544635772705,14.10026432647333
25.246442690180203,55.30813157558441,31.675425091069197
25.2435217405055,55.306028723716736,13.949958022560168
25.24790799064536,55.314257740974426,28.72509899930716
25.244734767998253,55.310540199279785,84.68211519038043
25.25226497173172,55.309510231018066,58.53955726730574
25.253414839340536,55.3075897693634,24.994586133860256
25.25362831567324,55.3070855140686,4.253100685995145
25.25262885506369,55.30887722969055,66.44591296163048
25.240979195593184,55.29875457286835,320.20143232900557
25.252075751968302,55.30965507030487,39.925363300579704
25.253633167403738,55.30647933483124,52.30691568814629
25.25124609260314,55.311291217803955,31.488443574065442
25.24404091775463,55.30513823032379,29.09859682612464
25.244380565222045,55.30689239501953,146.04244303673966
25.251731274206392,55.30931174755096,60.60090895267145
25.248771636284378,55.31299710273743,67.68260292761097
25.240620129620652,55.30600190162659,108.73623218206389
25.24711226675751,55.30666172504425,176.4951079942444
25.246593102631223,55.3080940246582,44.944108117906126
25.254336666271143,55.3054815530777,151.74981784523493
25.246850258971037,55.30814230442047,52.591941129131875
25.249378125338936,55.3091025352478,20.604876571541276
25.252032085827196,55.31045973300934,32.72944082173516
25.238582167517805,55.30097007751465,59.662200123490756
25.25202723403278,55.309762358665466,29.61518456585214
25.25354098449158,55.307294726371765,6.280453327664152
25.24342469778297,55.30440330505371,54.456592691223804
25.245365537508988,55.31094789505005,95.78589124568903
25.242614388024805,55.29789090156555,214.94932634249665
25.2494848670992,55.3125786781311,61.23409386661833
25.251377091826996,55.30942976474762,58.527433632998864
25.25407952577828,55.30617892742157,96.44612721641778
25.246816294957355,55.30815839767456,55.44259535299327
25.24515689872553,55.30666708946228,179.66741280168162
25.24695215095514,55.31233727931976,100.84280606069538
25.244463050892307,55.30716598033905,130.6691910775643
25.248694005466817,55.31006813049317,130.5883176948904
25.24459890952123,55.3062379360199,120.1943392821829
25.250319390355685,55.31070113182068,102.09079239508416
25.241901116880243,55.30561029911041,59.3081947996627
25.250877353288672,55.31132876873016,56.3845429624507
25.24166821111004,55.306565165519714,85.69681735342982
25.24572458946038,55.30813694000244,47.459579243709214
25.24886867473657,55.313313603401184,41.97383361024834
25.241042274640975,55.305309891700745,156.75157857996376
25.244065178319502,55.30548691749573,34.211337507345014
25.23752435466939,55.30227899551392,100.4352177640827
25.251954457093134,55.31057238578797,36.31617597644595
25.24711226675751,55.30666172504425,176.4951079942444
25.253075217128867,55.30767560005188,61.68987453635175
25.248936601606985,55.30892014503479,6.917803421042633
25.2516536452801,55.31012177467346,10.278042137135612
25.25104231575193,55.30969798564911,43.33807268637402
25.248970565027932,55.31313121318817,41.09284782481699
25.244089438879513,55.30716598033905,104.27632051752761
25.249873018164138,55.30666708946228,228.32949120943132
25.24839318558027,55.31361401081085,48.34681536508
25.238645247809657,55.297821164131165,114.8659278889245
25.249087010970584,55.313056111335754,38.87014754470792
25.25170701517223,55.309317111968994,59.849822397806484
25.242556161965837,55.30114710330963,208.08745122890755
25.24970320222583,55.31042754650116,143.6293919216567
25.245501395128883,55.30920445919037,153.21849129909012
25.248577559147492,55.31347990036011,44.87020059479339
25.240018449126353,55.30417799949646,217.48700370517918
25.241847742680676,55.30550301074982,65.33389557891847
25.248849267052336,55.31323850154877,47.74845495496954
25.24192052567429,55.305562019348145,57.130986169348134
25.251687607941435,55.30518651008606,20.14255452734886
25.2424105966964,55.305336713790894,13.03616903491289
25.242905517901136,55.29821813106537,166.53138439886385
25.24888323049771,55.31326532363891,43.33112342152295
25.244463050892307,55.30476272106171,80.19985998727213
25.246864814974003,55.30816912651062,49.978876266744436
25.252439635867105,55.30702650547027,16.988338738039424
25.24872796895561,55.313313603401184,53.710633203019455
25.2409646388852,55.29693067073822,211.87724546129243
25.24693759496263,55.308292508125305,38.8610883765209
25.25092587168348,55.30740737915039,190.23135137816448
25.239455584031887,55.296313762664795,52.99723558846561
25.246903630973375,55.30658662319183,171.83323309584085
25.241085944731807,55.30613601207733,95.8929932085238
25.251284907202717,55.311039090156555,41.86412157669042
25.244914295038495,55.31063139438629,90.83345658598225
25.243250020687157,55.30599117279053,13.427369778146696
25.252774408091256,55.30851781368256,93.30304833863883
25.24316268204508,55.29733836650848,150.89695896484903
25.241085944731807,55.30623257160187,85.4339260447502
25.239615709711984,55.296072363853455,36.51592686761709
25.244754176339725,55.306575894355774,153.28710148440322
25.24967409089828,55.307305455207825,189.00750309614196
25.247636280635447,55.31395196914673,65.36199097378885
25.2479759180529,55.307541489601135,100.9708170467219
25.242992856728037,55.30363619327545,113.16797539585349
25.248286442860845,55.30872166156769,69.8460408280741
25.24887837857753,55.313259959220886,43.9995686192365
25.246350501811705,55.308024287223816,16.964729426407917
25.250775464596515,55.3094083070755,30.121054866016383
25.247859471045302,55.31441330909729,26.201355998737963
25.249882721924862,55.30923664569855,11.065320012102797
25.24794195435389,55.306790471076965,181.95898113452023
25.23971275547605,55.29566466808319,36.86633591909196
25.24661736268652,55.30809938907623,47.690297432921724
25.247223862495005,55.30670464038849,180.08560132303623
25.24236207490118,55.30563175678253,8.087524609587106
25.241280033834514,55.29711306095123,205.38233329941735
25.249533386050143,55.312551856040955,57.91681954984176
25.241595427965336,55.306296944618225,106.55174411230308
25.24449701556378,55.30645787715912,122.34989210825039
25.242711431394422,55.30010104179382,134.9633637245755
25.248422297214745,55.314032435417175,8.233814328646043
25.251648793470537,55.31014859676361,13.258801329160345
25.251648793470537,55.31019151210785,14.515191948675495
25.237873725068653,55.30340015888214,187.61904341021483
25.24458920533847,55.3066885471344,146.36938358971764
25.23855305352592,55.30372738838196,175.35003744668637
25.243749790598383,55.30036926269531,69.18132286449573
25.246840554968102,55.30817985534668,52.11540825048725
25.242104909063016,55.30274569988251,156.2923831153279
25.242434857586744,55.29775142669678,204.1538184383088
25.254094080915053,55.30559957027435,122.25404801290607
25.249606164440195,55.31248211860657,56.02404641268866
25.242677466223853,55.306806564331055,69.32101179470556
25.23970790318968,55.29700040817261,133.59176605851667
25.23932457195488,55.29667317867279,92.44500667120606
25.253138289897123,55.307536125183105,49.76629364068734
25.24139163492822,55.30377030372619,165.22309913479464
25.24193023007014,55.29747784137726,191.89760393008575
25.2420224217921,55.30666172504425,108.95939292663768
25.243696417210757,55.30611991882324,31.50954093701244
25.24332280284092,55.30442476272583,44.911865111780756
25.24152749699094,55.306280851364136,103.81592922663368
25.24916949344579,55.308823585510254,14.882449644525803
25.247553797119338,55.31387150287628,77.31362069300997
25.24887837857753,55.313259959220886,43.9995686192365
25.24771391212886,55.3140914440155,52.878152857252154
25.243152977747656,55.30594825744629,17.938639614852576
25.25425903900991,55.305315256118774,156.51762229756562
25.242041830566777,55.297542214393616,193.2672477691651
25.24282303117363,55.297322273254395,154.87435177721304
25.246093344414177,55.31115174293518,62.4333924727077
25.24418648107121,55.30720353126526,106.89881062547128
25.25150809090958,55.31074941158295,22.081144149651916
25.254307556054,55.3056800365448,137.47167036135565
25.23781549673852,55.3008896112442,53.63406017646782
25.247020078897062,55.30822277069092,31.757733378965955
25.23953322075161,55.29622256755829,45.488320817199096
25.24339073281179,55.306044816970825,16.106221288328204
25.2424105966964,55.30518114566803,16.370310026124237
25.24887837857753,55.31326532363891,43.854013059344204
25.239353685761984,55.2993768453598,178.46354578576222
25.23829587962797,55.29839515686035,73.13909066594937
25.25150323909422,55.31084060668945,27.56446299217361
25.23983406257213,55.295450091362,55.5825409798446
25.24738882991916,55.305814146995544,272.803799604142
25.25255122671099,55.309038162231445,61.9802277778982
25.248888082417693,55.31320095062256,45.08692890530526
25.246413578071383,55.31014859676361,157.13009612852784
25.242895813583175,55.301061272621155,190.21809160811512
25.24884441513079,55.3132438659668,48.10342821889236
25.24139648714737,55.30518651008606,121.90485919342746
25.248558151416745,55.313506722450256,43.84289988659611
25.251629386230434,55.30996084213257,10.514997299174446
25.242061239338327,55.30645251274109,99.8881539263429
25.23944102714141,55.29632985591888,54.54006712706731
25.24354114904071,55.30720889568329,84.70166210430659
25.252861739824056,55.30791163444519,95.41019763747566
25.243827424574917,55.30610382556915,40.748695443098434
25.23983891485348,55.30010640621185,190.36289624098458
25.241891412482076,55.30170500278473,214.68158731447016
25.24129944272775,55.30364692211151,181.9336295538121
25.2485387436829,55.313528180122375,43.52907279681721
25.23916444589123,55.30468761920929,141.46661254842186
25.24999916699322,55.306066274642944,163.28789858097966
25.250780316440924,55.31144142150879,60.840754145946356
25.241182989321914,55.30438721179962,153.8712105803185
25.248849267052336,55.31323850154877,47.74845495496954
25.24449701556378,55.30645787715912,122.34989210825039
25.24226017906811,55.29764950275421,196.90965333361112
25.24463772624445,55.30635595321655,129.70730101776724
25.23593276569916,55.30298173427582,61.22514926742146
25.24994579635076,55.30601263046265,161.65463924857795
25.251629386230434,55.30996084213257,10.514997299174446
25.25355068795929,55.30673146247864,39.74458479816359
25.241726437594437,55.30535280704498,81.45418955649117
25.240285323906704,55.304296016693115,214.06200979478956
25.247704208194904,55.306779742240906,175.7721161302129
25.249247123959503,55.31172573566437,144.20407800646936
25.246554286532657,55.308083295822144,40.47854966004008
25.248063253235344,55.314284563064575,13.744040363441673
25.24804384542246,55.30696213245392,165.26823177085578
25.244123403655436,55.305325984954834,38.09291927343666
25.251474128198012,55.30985891819,23.692376169034723
25.2397176077622,55.297059416770935,140.18980418893213
25.242371779261777,55.30570685863495,10.711773939493671
25.247684800324635,55.30668318271637,185.86044613769036
25.246850258971037,55.30815839767456,51.91473723380033
25.248815303597453,55.31292736530304,68.98654796770242
25.244336896315147,55.30062675476074,85.1755389182658
25.24254160544676,55.306763648986816,76.19388477335623
25.251076278584208,55.308533906936646,70.46271533492823
25.25193504990186,55.30934393405914,59.4671064731108
25.246340797768852,55.3109210729599,72.82016085165051
25.24884441513079,55.31323850154877,48.265555763294515
25.248849267052336,55.31323850154877,47.74845495496954
25.23679649644575,55.304059982299805,87.82999733043462
25.248087512997103,55.313823223114014,35.046289172567285
25.248441704967192,55.313565731048584,48.36295871195106
25.249300494908923,55.309075713157654,13.782354026416746
25.247743023926105,55.30669927597046,185.41851383130557
25.253172252143383,55.307541489601135,46.266144577949404
25.252167935992432,55.30541181564331,6.304550786592914
25.24887837857753,55.313259959220886,43.9995686192365
25.249145233900062,55.309027433395386,8.308732215364174
25.243880797904993,55.30620038509369,52.486045720213156
25.241076240268526,55.30094861984253,255.52253419965479
25.252653113913723,55.30571222305298,11.461433979239349
25.24795165826885,55.31385540962219,43.228185369487875
25.251013204745277,55.3091025352478,15.380935369565508
25.24323546425117,55.306806564331055,90.94698174458665
25.251110241406963,55.30838906764984,86.92699412469784
25.250988945567727,55.30871629714966,48.296217736893574
25.25139164728759,55.30952632427216,49.168330589977515
25.242711431394422,55.30675828456879,74.61965189403678
25.24721901050853,55.307332277297974,110.86358745133708
25.25200297505775,55.31050264835358,35.278889740509456
25.245418910163497,55.30618965625763,203.44614891565126
25.248053549329285,55.30848026275635,36.01822717162113
25.252546374937324,55.30882894992829,76.65689449161538
25.24335191569024,55.30684411525726,96.96602100338788
25.24884441513079,55.31323850154877,48.265555763294515
25.246539730492486,55.310314893722534,138.68484726215104
25.24862607846076,55.30883967876434,30.871541817294805
25.250639612874053,55.311564803123474,68.02412192788434
25.240610425120167,55.29690384864807,180.33395716093042
25.244802697179807,55.30669927597046,165.55398605764015
25.250474649863932,55.31170964241028,63.88214481722874
25.245394649868913,55.30992329120636,184.7289873032308
25.248053549329285,55.31446695327759,5.58970018273993
25.245093821813512,55.31074404716492,90.26813421869088
25.248650338110153,55.31391978263855,8.420401726410716
25.243017117502134,55.3035181760788,100.62143705425001
25.248776488208833,55.3130829334259,62.02520279826553
25.24657369458349,55.30816912651062,46.26368042629464
25.244453346698705,55.30661344528198,129.61074319500094
25.25332750800537,55.30759513378143,32.90372778404504
25.24887837857753,55.31326532363891,43.854013059344204
25.24166821111004,55.30075550079346,271.5088118948672
25.239251787406644,55.299591422080994,165.20253949397278
25.240906412035827,55.30293345451355,268.8521259854888
25.246093344414177,55.31006813049317,171.2899133489376
25.252614299751343,55.30975699424744,16.81714820343807
25.247922546521593,55.30689239501953,170.6081961650208
25.248223367573445,55.3137481212616,37.047868721185544
25.252983033793257,55.3085070848465,75.57031132545312
25.24818455199572,55.31383395195007,28.85292673457895
25.242192248465315,55.301544070243835,199.2057659811448
25.23983891485348,55.30010640621185,190.36289624098458
25.24990698132332,55.31221389770508,60.1557561679291
25.24148382705876,55.306264758110046,102.0555206334213
25.243021969656382,55.30590534210205,11.195677590357754
25.24336161997178,55.30459105968475,36.7506887329142
25.249771128629632,55.307069420814514,217.0739416029766
25.240557050353743,55.3051221370697,153.67880209720292
25.252231009231775,55.31017541885376,38.19877867745274
25.2426289445352,55.30661880970001,90.48573870899355
25.23810663811028,55.30424237251282,106.15845862962034
25.24711226675751,55.30646860599518,194.50825030058974
25.23568529115188,55.304564237594604,15.721299297981224
25.240295028433135,55.30262231826782,200.00149766641397
25.248897786257103,55.3087592124939,12.066077549547625
25.250236908661208,55.30916690826416,27.13606400207766
25.248475668526524,55.31359255313873,43.66553273923709
25.249620720113,55.31248211860657,54.83563005274238
25.244079734656097,55.30543327331543,33.88109992097278
25.244734767998253,55.31063139438629,77.36271101514963
25.251071426751608,55.30916690826416,21.603276349988015
25.244453346698705,55.30661344528198,129.61074319500094
25.248451408842257,55.30864655971527,55.79660518637886
25.2410713880366,55.304821729660034,161.60503720259854
25.2397176077622,55.29991328716278,201.33886866957016
25.24083362843487,55.30633985996246,71.22550092530267
25.242924926534755,55.30350208282471,105.1564755847723
25.243371324252564,55.30016005039215,83.93865851072562
25.24456979697068,55.30468761920929,94.23817557273692
25.243982692379177,55.3072464466095,90.6652611600156
25.243652748057983,55.30609846115112,26.64607086342504
25.251590571740948,55.30998766422272,12.00861839590433
25.244899738801877,55.30609309673309,147.20720428352823
25.237834906184982,55.30350208282471,187.1588121427492
25.244341748416673,55.30711770057678,125.17479472564317
25.24286184846416,55.30419409275055,60.15243126920713
25.235209750411613,55.30437111854553,53.03337651917634
25.244055474094125,55.30724108219147,95.19912865116187
25.242347518358812,55.29960215091705,159.49755347533457
25.245743997643743,55.3113716840744,84.11663575067927
25.25275500103099,55.30837297439575,101.00081818063869
25.24421559371359,55.306334495544434,89.28611781069701
25.239431322546793,55.296340584754944,55.60281869951561
25.244380565222045,55.30639350414276,107.69986151490677
25.239261492015615,55.296844840049744,92.0527240002325
25.253041254855475,55.30838906764984,69.18554967594251
25.238756851322737,55.29749393463135,107.95889834535602
25.243220907813452,55.30702650547027,72.78671235176527
25.244021509299245,55.307300090789795,87.64635330374527
25.242522196751892,55.3067421913147,79.03343717245976
25.23750009279884,55.30134558677673,61.782492520830445
25.253007292572576,55.307809710502625,75.69000794688432
25.24619523703302,55.306318402290344,183.27563014933884
25.242255326883463,55.30562102794647,19.984039314729863
25.238174570996676,55.29860436916351,73.01207138320608
25.252483301861687,55.30694603919983,12.040218197692889
25.245418910163497,55.31099081039429,97.86838423374915
25.242954039479372,55.30349135398865,102.232853859284
25.238756851322737,55.302579402923584,80.44141105834372
25.251435313658902,55.31091034412384,29.772120397524937
25.24063953861923,55.3062379360199,82.51787946907072
25.23826191322341,55.30014395713806,47.056332330288484
25.24323546425117,55.30695676803589,78.99338911821076
25.240644390868425,55.306071639060974,100.97900500412896
25.244050621981177,55.306280851364136,71.85144630679166
25.239411913355255,55.29636740684509,58.39796954260653
25.24236692708156,55.30217707157135,142.67520389633538
25.24239118798063,55.30549764633179,7.075379981968605
25.242522196751892,55.30188739299774,146.48667016407254
25.23801444341801,55.301801562309265,52.04392614141378
25.250770612751893,55.31145751476288,60.795726653866076
25.2516439416608,55.310540199279785,25.81700086190787
25.24070261784331,55.30268132686615,244.13013217930506
25.251833162096844,55.30934929847717,56.57790134367498
25.243206351373956,55.30596435070038,15.625180018440894
25.248334962290382,55.3072464466095,146.16819012443918
25.242376631441772,55.30335187911987,142.24764571587593
25.236510204350186,55.30382931232453,99.66127162503818
25.2440700304319,55.304784178733826,40.25585903233533
25.25085794592532,55.30772387981415,156.90670916865002
25.239426470249185,55.299307107925415,187.7118669993131
25.24453098022576,55.30696749687195,151.6139347649541
25.240018449126353,55.29586315155029,70.83567162695304
25.236539318831376,55.30193567276001,19.31435220563394
25.241774959643465,55.300809144973755,264.4952826282722
25.249712906000127,55.30711770057678,210.07124957832332
25.24189626468126,55.30491828918457,72.6494795170082
25.24277450954308,55.30424237251282,54.78656984773323
25.248038993468725,55.314520597457886,6.1814870209001835
25.239994187753624,55.29817521572113,245.50391121722203
25.25296362676636,55.30596971511841,21.094436404955804
25.24289096142388,55.30362010002136,117.88162173752558
25.24339073281179,55.306034088134766,14.947590514917842
25.239416765653417,55.29636204242706,57.83843491625172
25.236078338726912,55.30286371707916,66.72331032772317
25.23962056200203,55.29891550540924,220.2608335493617
25.238873307053197,55.304542779922485,123.67014748178389
25.242779361707036,55.30388832092285,94.05702701392873
25.2440700304319,55.304564237594604,57.213879261100175
25.243371324252564,55.30022442340851,90.02006125832551
25.237873725068653,55.301780104637146,67.56115718090305
25.24302682181043,55.29746174812317,168.49511185784985
25.238519087193225,55.30447840690613,101.1477578150394
25.23804840989172,55.30036389827728,13.417183394021075
25.24318209063763,55.303040742874146,48.212582244225715
25.23753891178943,55.30227899551392,101.77653847050045
25.236277288249568,55.30241847038269,74.3518041676646
25.244094290990944,55.30458569526672,57.67530915381187
25.239431322546793,55.296281576156616,49.090960148051565
25.242924926534755,55.29994547367096,105.98900937523524
25.243308246413665,55.301560163497925,135.0237554247961
25.24072687907463,55.30292809009552,258.0030157304745
25.23826191322341,55.30010640621185,49.90459592378146
25.239445879438435,55.296319127082825,53.428737710898076
25.242536753273313,55.3049236536026,8.688085529432406
25.23880537455733,55.30247747898102,70.2621631872829
25.24133340828341,55.30395269393921,158.23353099401626
25.240872446360797,55.305272340774536,171.20452870332034
25.249344162031917,55.30738055706024,169.63352859635344
25.23963026658151,55.300776958465576,118.88169840835955
25.237019706764343,55.30221998691559,56.72064899335599
25.24233296181474,55.30561566352844,11.494661029607176
25.23770874472747,55.29947340488434,16.873854816731498
25.242643501043815,55.30414581298828,65.53965909740853
25.240071824129306,55.30418872833252,217.79820809349624
25.239732164619554,55.29875457286835,237.27363445882182
25.241406191585057,55.303834676742554,159.42000603166684
25.240712322336435,55.29595971107483,115.01130267528977
25.242347518358812,55.30547618865967,12.280189528607428
25.244089438879513,55.30460178852081,56.13564143592996
25.250688131363788,55.309301018714905,18.774725214153097
25.2394846978076,55.30235946178436,106.77860748014095
25.2392081166568,55.29698967933655,93.57315318152328
25.24660280665394,55.30710160732269,105.84190653810793
25.24930534681225,55.31271278858185,71.9317500270546
25.248087512997103,55.31388759613037,29.58215926468751
25.24593807930688,55.30624866485596,192.05233561388292
25.247684800324635,55.30837833881378,7.142909476887636
25.23809208105824,55.298835039138794,66.4426923584335
25.246898778974128,55.30821204185486,44.872890436442724
25.25325958359015,55.30778288841248,52.422862290179076
25.25409893262693,55.30613601207733,99.15316877026551
25.24998461136579,55.311071276664734,146.31363613263716
25.251590571740948,55.30998766422272,12.00861839590433
25.250998649239335,55.30940294265747,32.336588598659375
25.239853471696293,55.29560029506683,52.9382977707507
25.254157153154253,55.305540561676025,131.79140598225348
25.25355553969287,55.307069420814514,12.023568065175454
25.25098409373166,55.30723035335541,179.93259880429815
25.247675096388335,55.30841052532196,6.706249129122325
25.240775401522725,55.306044816970825,104.06114191349216
25.243948727563932,55.29799282550812,114.13814538228291
25.244904590880935,55.30524551868439,124.60729213131565
25.238912125605225,55.298781394958496,152.90762337125267
25.252895702147654,55.3078418970108,88.0585911716373
25.243900206382875,55.307015776634216,110.89244100069784
25.24751012935286,55.31386613845825,76.52656042761706
25.24845626077949,55.31366229057312,39.54803846813622
25.24975657297487,55.31233727931976,55.86188543278235
25.24815058835503,55.30870020389557,55.723637518338805
25.252391118076915,55.30888259410858,86.21559148546173
25.25109083408084,55.309531688690186,49.68911643774916
25.248169996150864,55.31272351741791,139.99407432830816
25.248378629760424,55.31375348567963,36.06208147050208
25.248412593337378,55.314016342163086,8.731379377827324
25.25196901248455,55.310545563697815,38.00731237020174
25.252051493002966,55.30966579914093,37.03018213711873
25.24145956597856,55.306532979011536,76.42960149225584
25.242017569597948,55.30387222766876,111.14118544455896
25.251284907202717,55.30923128128052,46.24028825973901
25.23800473870948,55.30190885066986,55.17202519423198
25.245297608642105,55.31096398830414,88.77167703168006
25.247282086317327,55.313533544540405,53.54500686946742
25.241731289800217,55.29734909534454,190.80793781965278
25.24871826510264,55.30985355377197,107.34888885190612
25.248087512997103,55.306785106658936,185.4973515746847
25.252371710955416,55.30943512916565,51.25871208454792
25.243900206382875,55.30040681362152,63.85901306481756
25.240547345848256,55.301780104637146,191.83983847336918
25.25071724244833,55.31150043010712,63.77953090578941
25.248689153539075,55.3133350610733,54.295400260932105
25.252294082438397,55.3096067905426,52.89624190194832
25.246544582506075,55.30807256698608,39.091626550573984
25.253356618457403,55.30698359012604,35.460830970162455
25.24357026183769,55.30025124549866,75.36070019452603
25.24800988174242,55.307525396347046,103.74017601257253
25.251527498169057,55.310786962509155,25.9661815286049
25.250629909173767,55.31195104122162,32.02469666080805
25.23969334632945,55.29988646507263,202.68094889557997
25.24887837857753,55.313259959220886,43.9995686192365
25.2449288512734,55.31060457229614,94.20740239679175
25.23770874472747,55.30397951602936,136.2869788142741
25.24121695491013,55.30518114566803,141.06570712988085
25.25312373464581,55.3074985742569,50.549068175093105
25.24221165721285,55.30149042606354,201.73688298594254
25.246850258971037,55.306570529937744,170.8749149065898
25.24514234251799,55.310808420181274,88.40854664372988
25.248849267052336,55.31323850154877,47.74845495496954
25.23757287839599,55.30227899551392,104.9363753056632
25.24432719211147,55.30714452266693,121.86930533478103
25.243812868208096,55.30614674091339,42.878881555898914
25.2393391288593,55.29638886451721,60.85110402057118
25.246850258971037,55.30815839767456,51.91473723380033
25.24661736268652,55.30809938907623,47.690297432921724
25.242425153231196,55.30489146709442,20.53548967193448
25.25117331519553,55.31110346317291,49.26496852513222
25.25329839754636,55.3071391582489,37.89797601769755
25.25272103866807,55.30964434146881,6.079657551599588
25.247844915161508,55.31438112258911,28.375784463435313
25.24026106258728,55.29586315155029,97.75527632043371
25.242017569597948,55.30387222766876,111.14118544455896
25.238897568649666,55.30237019062042,62.28234342047492
25.252803518675847,55.30590534210205,11.703699992527843
25.24568577308436,55.308313965797424,61.35040509956881
25.25012531569132,55.312052965164185,62.998336926606484
25.247786691608862,55.31417727470398,44.12722937010244
25.248577559147492,55.31347990036011,44.87020059479339
25.246549434519466,55.30807256698608,39.60692713784006
25.249019084184297,55.308791399002075,8.975492955002073
25.239009171931073,55.29702186584473,77.70646374353166
25.25116846336678,55.30622720718384,135.88182934806494
25.24044544849366,55.30344307422638,264.63431610296357
25.249101566705576,55.31288981437683,55.08341665778357
25.2460787883188,55.30696213245392,111.90092116163432
25.252813222202462,55.30784726142883,96.28874301726219
25.24735971803706,55.30842661857605,10.999403343540216
25.23882478384573,55.30243992805481,66.75979017677798
25.238790817588963,55.30107736587525,47.42850868438996
25.23797077222356,55.29972016811371,23.050540291373228
25.242803622523752,55.29813230037689,180.9084625800694
25.24824277535768,55.31268060207367,135.9358691021433
25.247083154809147,55.30660271644592,180.1572835869828
25.24485607008154,55.30748784542084,116.27315138551052
25.251158759708773,55.30625402927399,138.9186997984894
25.25015927877996,55.31202614307403,62.70163874810542
25.248849267052336,55.31323850154877,47.74845495496954
25.246801738948577,55.30817449092865,56.39601710850668
25.242381483621585,55.30515968799591,20.38064342502833
25.25347306019573,55.30731618404389,11.530703999579103
25.24793225043813,55.314568877220154,18.572272944034406
25.235913355948952,55.30464470386505,10.644007449114014
25.245666364891704,55.308061838150024,51.1685934323892
25.24207579591497,55.30397415161133,98.11274426888586
25.24804384542246,55.3144508600235,5.796639129703279
25.250178686254927,55.31202614307403,61.34939609847093
25.2409646388852,55.29693067073822,211.87724546129243
25.23805811459674,55.29935538768768,43.584824875946886
25.254186263407448,55.30570149421692,124.54256784120453
25.25310917939277,55.307697057724,59.478426862939536
25.248994824608545,55.31309366226196,41.83411062195851
25.23798047693479,55.29972016811371,24.12500885144907
25.247874026927363,55.308512449264526,18.61945788013591
25.2516439416608,55.31070649623871,35.13400803852109
25.248994824608545,55.30720353126526,184.73414470666665
25.24342469778297,55.30600190162659,10.939543936994452
25.25108598224881,55.31117856502533,50.41381350776773
25.249708054113057,55.31239092350006,55.1413666232872
25.250348501528592,55.3118759393692,60.17277170520816
25.24441452991657,55.30640959739685,111.79308309901641
25.250202945594268,55.3052294254303,79.03545533513669
25.245642104646507,55.30786335468292,54.12180365100614
25.24420103739328,55.30887186527252,33.461467410986295
25.24012034683892,55.29786944389343,232.71577694818293
25.251629386230434,55.30995547771454,10.99106253343756
25.250071945104267,55.31101763248443,135.2814221393781
25.248689153539075,55.31335651874542,52.02135771107915
25.248892934337505,55.31294345855713,61.72966361994098
25.242551309793015,55.30670464038849,82.34256149246396
25.247990473920993,55.314536690711975,11.571898421590678
25.25382238474104,55.30667781829834,47.075088330237996
25.25050861285493,55.30946731567383,16.735250751794055
25.2463844659556,55.308040380477905,21.12694348147762
25.246728958878563,55.30813157558441,60.5788764275793
25.243968136030944,55.30724108219147,90.4568204557813
25.243696417210757,55.3072464466095,80.92853203989114
25.246355353832868,55.308061838150024,19.319244073712177
25.24883956320906,55.3132438659668,48.622719295866396
25.246995818922173,55.313286781311035,51.09520850141877
25.242376631441772,55.30550837516785,7.583347758363012
25.24233296181474,55.30524551868439,21.5293554187671
25.248034141514836,55.31391978263855,31.892445099637794
25.243827424574917,55.30720889568329,88.03302349929751
25.240358107836045,55.30264377593994,207.35548292275428
25.24757805698285,55.3129380941391,119.5009811919564
25.250794871973028,55.31139850616455,61.94574835319153
25.24887837857753,55.308764576911926,11.77357462719793
25.23940706105688,55.29685020446777,107.55308945421883
25.24129944272775,55.30365228652954,181.5386853421482
25.24461346579389,55.30619502067566,119.91869754788642
25.23918870742959,55.30227899551392,74.64365165794167
25.24299770888325,55.30590534210205,12.552222801364845
25.237068230692387,55.301806926727295,32.73335891679361
25.240071824129306,55.30589997768402,60.30548835055525
25.24386138942404,55.30699968338013,111.41159237332216
25.237005149582146,55.301393866539,15.644672269353988
25.252769556326484,55.30937075614929,29.737280639066004
25.24282788333565,55.29990255832672,113.92335866782639
25.244356304720142,55.30637204647064,104.1177089542957
25.247141378698927,55.30661880970001,182.2510981273325
25.240401778172696,55.30592679977417,95.00058076167733
25.254312407757325,55.3054279088974,153.07710731215144
25.24653002646475,55.31037390232086,132.0913878815304
25.248650338110153,55.30997157096863,122.34097417469708
25.23801444341801,55.303539633750916,182.77385873003453
25.237019706764343,55.30394196510315,108.76166421430142
25.240096085486527,55.30496656894684,137.45826008209917
25.251629386230434,55.30996084213257,10.514997299174446
25.23934398116039,55.29943585395813,176.54047314486337
25.242721135727095,55.30664563179016,87.13983235120271
25.237194392814715,55.30201613903046,53.86582989343033
25.242017569597948,55.30437111854553,69.32208035192514
25.242255326883463,55.30562102794647,19.984039314729863
25.25062020547273,55.31160771846771,66.1984362020573
25.238747146673475,55.30064821243286,92.64061887020162
25.239984483203173,55.30593752861023,49.77748707606017
25.24994094447301,55.31216561794281,64.33815661653605
25.242842439820464,55.30398488044739,83.45242612547221
25.24760231684148,55.313764214515686,78.60093640635435
25.24265320538194,55.30398488044739,83.43473638902437
25.252604596208784,55.309783816337585,17.971442016835628
25.2420224217921,55.301527976989746,214.59279975385633
25.24537524162973,55.30909717082977,149.88532412213544
25.24807780909299,55.314043164253235,18.18910623354228
25.248849267052336,55.31323850154877,47.74845495496954
25.243803163962586,55.30611991882324,40.199811172418194
25.242425153231196,55.305309891700745,11.729579354041578
25.24104712687405,55.305266976356506,157.08321157414866
25.244438790406875,55.30669391155243,134.76767552539218
25.2407171745827,55.30610918998718,96.81617356130577
25.251449869112538,55.30945122241974,52.098658974239314
25.23875199899821,55.30261158943176,83.91883627024443
25.2394701409206,55.2961528301239,35.87966970168682
25.24448731137288,55.30646860599518,122.1825377667566
25.23810178575981,55.301769375801086,42.23948290351044
25.24639416999497,55.31185448169708,33.672275880016976
25.247495573427216,55.30740737915039,103.1418256211096
25.24941208863646,55.30888259410858,18.615954477801072
25.24802443760645,55.31396269798279,28.85817080902542
25.252813222202462,55.309054255485535,38.163625396826326
25.250935575360117,55.307815074920654,146.9004988804338
25.2490045284394,55.31293272972107,55.319023737474986
25.247563501065315,55.31388223171234,75.83466707525355
25.24821851562693,55.30690312385559,176.57799461243818
25.24824277535768,55.30741810798645,124.54491821301369
25.24164880227572,55.303818583488464,140.75965198269458
25.240755992545814,55.30289053916931,259.0121545321158
25.246399022014373,55.308040380477905,22.634403758991983
25.241954491056376,55.29748857021332,191.7790530026435
25.25049890914417,55.31210660934448,33.577870330385615
25.243594522496537,55.30701041221619,106.4610822473511
25.248849267052336,55.31323850154877,47.74845495496954
25.24845626077949,55.314053893089294,10.608609994039517
25.252861739824056,55.30795991420746,94.2685029493535
25.243875945785064,55.304537415504456,46.61565827798144
25.2468308509644,55.30816376209259,53.72066971942426
25.251629386230434,55.30996084213257,10.514997299174446
25.240416334948108,55.30592679977417,96.58968676136358
25.244094290990944,55.306291580200195,76.1123136775952
25.253531281023072,55.3071928024292,15.132161078604861
25.247117118748235,55.30658662319183,183.70809749097654
25.254360924780116,55.30537962913513,160.61087144765034
25.24887837857753,55.313259959220886,43.9995686192365
25.24884441513079,55.31323850154877,48.265555763294515
25.24239604015986,55.30551373958588,5.469801972630511
25.248359221997887,55.30874311923981,61.90133519631966
25.253429394556942,55.30696213245392,28.700924093160225
25.243094751946742,55.30686020851135,76.71086796701009
25.25296362676636,55.3079491853714,84.11780892895202
25.243977840263295,55.307037234306335,111.54326275554946
25.24241544887485,55.305325984954834,12.857482141758227
25.243982692379177,55.3072464466095,90.6652611600156
25.23924693510189,55.30561566352844,44.534223116263426
25.249218012522675,55.31284689903259,57.095261384105584
25.249926388838578,55.31220316886902,60.68876843774698
25.23818427569165,55.2986741065979,78.00210660839136
25.246549434519466,55.30807256698608,39.60692713784006
25.24072202682875,55.30523478984833,159.66722435582284
25.238737442023464,55.299033522605896,125.9023731567412
25.245331573080293,55.309301018714905,162.95723176511868
25.24221165721285,55.30648469924927,97.63938757033411
25.245380093689818,55.30917227268219,156.63188729528537
25.250969538222208,55.307289361953735,182.64134387439182
25.24356540970534,55.30716061592102,89.88002498798906
25.244448494601613,55.30719816684723,127.05872910500364
25.2405521981011,55.30510067939758,154.95817073306063
25.244540684413153,55.30634522438049,119.67872265787346
25.249208308708845,55.31288981437683,52.46243438359329
25.249887573804955,55.312262177467346,55.81793768605762
25.245875002800375,55.3062379360199,194.08539889198815
25.251149056049968,55.30637741088867,148.5066226315347
25.251648793470537,55.31064748764038,31.339834609431048
25.249271383484867,55.312782526016235,64.03883530685899
25.24777213571636,55.314295291900635,39.081840001259174
25.24188656028268,55.305529832839966,60.8866676618825
25.237728154191004,55.30091643333435,57.58700315128707
25.24129459050472,55.30534744262695,128.44218087301672
25.253211066127477,55.30738055706024,40.52987413252204
25.237786382562973,55.30224144458771,93.23601857243428
25.246549434519466,55.30644178390503,173.7626265743
25.23674312000449,55.301828384399414,7.304068451258071
25.25280837043924,55.30841052532196,94.96206181340365
25.239746721475157,55.2986741065979,236.5923767127912
25.252910257426297,55.30865728855133,74.52161102748384
25.244244706349008,55.300578474998474,77.85877953621208
25.247893434767363,55.307520031929016,101.28503852106982
25.24817970004763,55.307546854019165,108.63302063998579
25.250052537612248,55.30560493469238,119.05636660338818
25.237728154191004,55.30425310134888,106.13087482109087
25.24887837857753,55.313302874565125,41.84956487655193
25.238257060879135,55.29870629310608,85.41063874050913
25.2525609302578,55.306795835494995,20.776140725397745
25.25253667138935,55.30908107757568,61.20084007835056
25.23691780645234,55.30149042606354,5.953653751188749
25.249072455233858,55.313007831573486,44.337558808544784
25.24811662470485,55.30691385269165,172.32048699806563
25.251663348898603,55.30997693538666,7.045363664399824
25.24448245927715,55.30713379383087,134.68704795149776
25.24471535965368,55.30600190162659,124.38881612428202
25.24854359561664,55.31351745128632,44.02073498178799
25.2414401571109,55.30374348163605,163.15542994532223
25.24823792341192,55.30861437320709,59.90680202448826
25.242386335801218,55.30550837516785,6.688218457804349
25.240668652111367,55.30439794063568,209.40584451555995
25.23951381157633,55.304017066955566,215.62497783003968
25.252910257426297,55.30592143535614,13.438418735391544
25.23885389777253,55.30061602592468,98.3099119116695
25.240183426332464,55.30597507953644,70.19759519525266
25.240809367224884,55.306044816970825,103.95832718085528
25.243900206382875,55.29785871505737,106.73227112340632
25.243968136030944,55.30724108219147,90.4568204557813
25.24200301301434,55.30387759208679,111.45908732762447
25.238072671652844,55.299296379089355,49.27977846273637
25.242900665742255,55.30238091945648,79.88529981344553
25.243943875446703,55.307326912879944,80.75514303023775
25.24552565540216,55.308560729026794,92.8982805823156
25.243216055667133,55.30596971511841,14.94606324296712
25.25003313011713,55.31211197376251,66.4754294528888
25.242104909063016,55.297569036483765,193.50571970822924
25.23903828581369,55.30064284801483,97.79034403007056
25.237733006556397,55.30246675014496,113.49072985867234
25.237878577428233,55.29976844787598,14.571149843335803
25.25163423804075,55.30996084213257,10.193182069864994
25.24181377726873,55.30636668205261,106.63041849746003
25.244477607181224,55.3071391582489,133.8864758512083
25.24888323049771,55.31326532363891,43.33112342152295
25.24079481049654,55.29685020446777,192.7668045238794
25.241212102683814,55.306334495544434,79.34953742689513
25.241508088134125,55.30540108680725,104.0931177914619
25.246850258971037,55.30814230442047,52.591941129131875
25.241973899841895,55.30445694923401,68.51856211338662
25.246733810884592,55.30822277069092,62.391976552964046
25.23829587962797,55.29845416545868,75.55271635618448
25.242216509399228,55.3040224313736,86.2337563699556
25.238053262244335,55.30198931694031,53.43039772794599
25.236733415194465,55.30390441417694,102.72638442495371
25.23948955010286,55.305776596069336,34.07940880747829
25.246365057874556,55.3063827753067,176.9874706034632
25.24111505811696,55.29872238636017,306.47083284590155
25.248669745826163,55.31225681304931,138.92898331406388
25.24139648714737,55.30536890029907,116.89220240076587
25.241386782708872,55.30145823955536,276.67629279126015
25.244448494601613,55.30664563179016,131.69942345051032
25.24698126293491,55.30659735202789,174.83651183338745
25.243240316396697,55.30598044395447,13.399734242309352
25.24521512353836,55.30962288379669,166.35108883722222
25.24961101633133,55.31041145324707,142.99647660070104
25.247587760926876,55.31395196914673,70.40034053945769
25.24075114030111,55.301340222358704,212.7098535024369
25.251139352390386,55.30818521976471,109.55855774718377
25.247262678379656,55.30666708946228,184.46908897750276
25.24905304758219,55.313056111335754,40.88567273941797
25.249562497411404,55.308957695961,33.148455708839755
25.249678942786687,55.30725717544556,194.33476401213952
25.248956009277265,55.309263467788696,36.733993524771506
25.24886867473657,55.31297028064728,61.42031125098354
25.247903138686212,55.31386077404022,46.20251209401119
25.246137012689857,55.30698895454407,108.85946399687353
25.248276738972606,55.31393587589264,15.782134141241915
25.237907691581697,55.301780104637146,63.79131021069757
25.246549434519466,55.30807256698608,39.60692713784006
25.24779154357267,55.31410753726959,44.087745739170835
25.248849267052336,55.31323850154877,47.74845495496954
25.24949457089096,55.31262695789337,58.0805631530619
25.25320136263261,55.30793309211731,61.54833962884694
25.2525609302578,55.30773460865021,83.65870817505056
25.251648793470537,55.31015932559967,14.390454134677345
25.24750527737784,55.30539572238922,241.438520315593
25.245409206046247,55.309263467788696,163.7682331338649
25.250173834386487,55.309032797813416,33.477017355481
25.246821146959903,55.31222462654114,82.78982957746977
25.247665392451268,55.30746102333069,101.55223527865752
25.25102290841494,55.307047963142395,173.6460211028458
25.243259724976852,55.30170500278473,120.34887928599609
25.240236801262967,55.297547578811646,211.8105593397298
25.23789313450584,55.29919981956482,48.29008692192711
25.251833162096844,55.30931174755096,60.72273497879056
25.24763142866547,55.30843198299408,8.578796971122921
25.251595423552818,55.30998766422272,11.528317743784765
25.25265796568314,55.308791399002075,71.79797667370765
25.24671925486595,55.30715525150299,106.72950001726001
25.250309686629834,55.309070348739624,30.453374068927907
25.242575570655266,55.30660808086395,92.40141807485061
25.250086500721252,55.30911862850189,21.807923868002327
25.251716718786483,55.3094619512558,43.853324413626304
25.24819425589132,55.30694603919983,171.2249060130727
25.252890850387743,55.307825803756714,87.61132727046191
25.24760231684148,55.30743956565857,101.86282207124339
25.238329846023035,55.29844880104065,78.78393509212522
25.250775464596515,55.30959606170654,42.017878546519086
25.24303167396428,55.29994010925293,95.20179992700172
25.251595423552818,55.30998766422272,11.528317743784765
25.240741435811117,55.302654504776,246.66892774910443
25.245278200387418,55.309789180755615,181.31715054889284
25.244812401345527,55.30747175216675,114.92424591598615
25.248480520462792,55.31396806240082,17.801525592605067
25.24039692591384,55.30506849288941,145.96491135681464
25.24733545812998,55.31366229057312,55.72069356143003
25.251784644064415,55.30942976474762,47.313223992457466
25.241663358901775,55.305277705192566,90.6003970117883
25.24192052567429,55.30642032623291,104.31078120183248
25.24188656028268,55.303915143013,115.37264363165602
25.251299462674353,55.305814146995544,90.065696814534
25.245661512843043,55.30909180641174,134.4879073384033
25.245511099238797,55.30620574951172,207.04080798461504
25.241168432638332,55.30443012714386,154.3196971380189
25.247636280635447,55.314032435417175,62.6409126542316
25.240314437483676,55.29572904109955,97.54765627455895
25.2508094275034,55.311795473098755,36.64601923900647
25.253026699592525,55.307777523994446,71.93462582943894
25.252061196589665,55.31009495258331,21.796269517857628
25.24153234920466,55.30365765094757,162.63303616158296
25.25215823241425,55.3099125623703,35.071769182032746
25.248582411079695,55.31347453594208,45.04751849817955
25.250848242242498,55.31136095523834,57.795158793362724
25.240780253766474,55.29869556427002,343.20798789559973
25.25140135092701,55.30984282493591,28.01981250195515
25.24565180874515,55.31006813049317,187.54441026182536
25.25091616800607,55.311291217803955,54.77602205290376
25.239921403606388,55.29837369918823,250.42560778107608
25.24119269377664,55.303067564964294,236.94055221195782
25.251595423552818,55.30998766422272,11.528317743784765
25.24251249240332,55.306822657585144,70.75298670992409
25.242954039479372,55.30349135398865,102.232853859284
25.246554286532657,55.308083295822144,40.47854966004008
25.242551309793015,55.3057336807251,11.465313278724498
25.237155573714105,55.30137240886688,27.152496371419105
25.246850258971037,55.30815839767456,51.91473723380033
25.242764805214662,55.298025012016296,193.05401055728214
25.239528368458068,55.30488073825836,131.88160639956607
25.251590571740948,55.30998766422272,12.00861839590433
25.244341748416673,55.30637204647064,102.82411173113876
25.25158571992887,55.310046672821045,11.36989185608262
25.24819425589132,55.314043164253235,9.656014197743396
25.247786691608862,55.31411826610565,44.45702064284487
25.241168432638332,55.30121147632599,260.27375392043945
25.24783035927597,55.314075350761414,40.5882004710711
25.24572458946038,55.30812621116638,47.00594049210787
25.248034141514836,55.31383395195007,37.98151138841151
25.25296362676636,55.308061838150024,80.17292870193995
25.245666364891704,55.3062379360199,198.6322500742962
25.24233296181474,55.30561566352844,11.494661029607176
25.247641132605224,55.314005613327026,62.90506084527281
25.251838013899015,55.31046509742737,27.919165683084337
25.23707308308414,55.303813219070435,124.21197859811585
25.249834203113465,55.312310457229614,53.50616961654874
25.252279527085932,55.30892550945282,94.44856137673032
25.25015442691074,55.30519187450409,81.36385402518339
25.24965468334273,55.31246602535248,53.45257432936275
25.243468367017694,55.30601263046265,13.096838051651854
25.241624541228447,55.297322273254395,195.3973106645452
25.25198356787421,55.310014486312866,13.126263012792789
25.251265499904463,55.30592679977417,102.35893608772273
25.250673575818908,55.311537981033325,66.67504053759286
25.239193559736677,55.302300453186035,76.56153531245697
25.247917694563057,55.31442403793335,19.65789506301659
25.246568842571065,55.308077931404114,41.84141915662257
25.254414293482768,55.305272340774536,172.66970343179707
25.25293936797831,55.306050181388855,27.87429280556164
25.247364570017908,55.308319330215454,1.617823463302951
25.245884706880403,55.31146824359894,66.61162133904095
25.253638019134,55.30697286128998,11.282638009210835
25.252895702147654,55.308786034584045,60.92794720101677
25.24472021174013,55.305808782577515,115.19604176049423
25.24898997269281,55.30897378921509,10.419150438895434
25.251124796899543,55.30944585800171,43.78425007000763
25.248461112716527,55.314064621925354,10.905320911848476
25.236529614005093,55.30394732952118,90.354611374551
25.245108378026885,55.310770869255066,88.98229118315078
25.248436853029375,55.312514305114746,131.11079171580502
25.24678233093418,55.306532979011536,171.73120163973223
25.249174345354348,55.311790108680725,144.20128019102106
25.248960861194348,55.31294345855713,57.00412323981342
25.24729179028502,55.30735373497009,108.2356088045191
25.24645724623197,55.31022369861603,148.6511010186757
25.252488153637913,55.30887722969055,77.8924633702071
25.246006007815737,55.31013786792755,166.58950326215992
25.246549434519466,55.30807256698608,39.60692713784006
25.239596300549863,55.30087888240814,108.60452229554775
25.24622434919412,55.31014859676361,159.46252441526983
25.248145736405576,55.31393051147461,21.69518849881736
25.24974686920406,55.312380194664,52.948936714298
25.251260648079437,55.311065912246704,44.63272003725838
25.24070261784331,55.30525088310242,156.8739704838029
25.24802443760645,55.30851781368256,33.9647313937891
25.247854619084222,55.30691921710968,165.25138609234313
25.252260119946584,55.30949950218201,59.433450994177626
25.250397020134617,55.311800837516785,61.4527492755296
25.2516536452801,55.31012713909149,10.83432766470615
25.24602541595415,55.31139314174652,53.578245469157885
25.248281590916804,55.31371057033539,40.79683101594612
25.23964967573822,55.29991328716278,197.6946615518101
25.24832525840604,55.307294726371765,140.91476774177795
25.253730201972505,55.306817293167114,29.127077961737182
25.25024176052716,55.309048891067505,36.353305939278165
25.251886531910145,55.31065821647644,31.58889085218294
25.246850258971037,55.30815839767456,51.91473723380033
25.251212129818356,55.30937612056732,45.49198861800808
25.236073486295467,55.304768085479736,18.45458637894711
25.24887837857753,55.313259959220886,43.9995686192365
25.25163423804075,55.30996084213257,10.193182069864994
25.25263370683406,55.30872702598572,79.19812804656823
25.24939268103904,55.31267523765564,66.01915659272099
25.244458198795584,55.30638813972473,114.39086599862642
25.24790799064536,55.30846953392029,20.019319181494346
25.253536132757414,55.30661880970001,52.17486816621259
25.248786192057153,55.31296491622925,68.61284602606673
25.246850258971037,55.30813694000244,52.829170852950625
25.24494340750651,55.307520031929016,119.59637073685228
25.25436577648132,55.3053206205368,165.106415749409
25.2424105966964,55.29772460460663,201.62720616177177
25.244749324254656,55.306565165519714,152.18217758293298
25.24795165826885,55.31443476676941,15.834867082698773
25.244307783701817,55.307294726371765,108.32728833152356
25.24967409089828,55.30741810798645,176.9004504324204
25.241076240268526,55.302064418792725,255.78620736835745
25.25223586101808,55.30896306037903,97.01601740274121
25.251178167024065,55.30920445919037,34.026662773197714
25.24688907497506,55.30816912651062,47.47066421673686
25.25339543238259,55.30689239501953,35.79756732951543
25.248136032506096,55.31408607959747,10.530944939711798
25.251149056049968,55.30919909477234,30.74365651084476
25.247840063199845,55.31294345855713,134.83251157242302
25.245729441506494,55.31118392944336,93.05684866387637
25.244477607181224,55.306532979011536,125.73142115523456
25.248378629760424,55.31244993209839,140.73876661172451
25.244846365919344,55.3066349029541,165.4355340149258
25.25310432764134,55.30760586261749,55.65062692704367
25.244812401345527,55.30747175216675,114.92424591598615
25.252861739824056,55.30892550945282,47.51793232073522
25.24243970976424,55.30528306961059,9.485331851856897
25.250202945594268,55.31095325946808,119.32248275400075
25.249974907613193,55.30913472175598,9.326803646055808
25.241925377872292,55.303083658218384,179.85457409185588
25.247927398479945,55.30863583087921,32.209297296827074
25.24996035198285,55.31219780445099,60.388147285204234
25.240867594120743,55.30616819858551,90.36871114237775
25.242119465634417,55.30645251274109,97.38210908320099
25.237922248655806,55.304306745529175,97.48199751970358
25.247859471045302,55.30859291553497,23.773803897863363
25.24705404285379,55.313308238983154,51.5572203332154
25.241377078269636,55.30401170253754,150.61174431485753
25.249329606325983,55.31276106834411,66.83372026321624
25.24884441513079,55.3132438659668,48.10342821889236
25.247175342621716,55.3134423494339,48.521678698904
25.246350501811705,55.308029651641846,17.187226905355743
25.248136032506096,55.3085070848465,45.58802380552708
25.24357996610182,55.306082367897034,21.21918276890199
25.238329846023035,55.298336148262024,74.90735043082842
25.24888323049771,55.31326532363891,43.33112342152295
25.24378860759286,55.30611991882324,38.91673637478263
25.247214158521885,55.313571095466614,44.99281466307717
25.24413310787537,55.306313037872314,80.87212934679931
25.244152516312937,55.30734300613403,92.52093470715118
25.24292977869267,55.30359864234924,113.44710470026305
25.252386266296824,55.307573676109314,69.38198263428184
25.251595423552818,55.30998766422272,11.528317743784765
25.246515470421684,55.308045744895935,35.181672176650466
25.24701037490769,55.30824959278107,31.812455189284087
25.249116122438807,55.31292200088501,51.181511215123244
25.244904590880935,55.31062602996826,90.96293174020417
25.248582411079695,55.313549637794495,38.479260446234434
25.24190596907904,55.30173182487488,211.71023038805993
25.24833011034832,55.3070855140686,162.05363314927519
25.244448494601613,55.30661344528198,129.2189177346803
25.248776488208833,55.31298100948334,68.33332071108252
25.246006007815737,55.306318402290344,183.69139722630257
25.2410713880366,55.30448913574219,163.6240214345689
25.247558649092426,55.30837833881378,4.48924406213683
25.23725262144241,55.30193567276001,56.020125909713514
25.243599374627735,55.30608773231506,22.605215687104874
25.245714885367533,55.30788481235504,45.72191096668184
25.23878596526582,55.3025096654892,73.31162531435092
25.250067093231564,55.312074422836304,66.07825273074674
25.24450671975389,55.307058691978455,142.44249171829037
25.251314018144257,55.31095862388611,32.69336832153786
25.23815030925589,55.301812291145325,37.13533733551833
25.241411043803637,55.303834676742554,159.00089880436158
25.247641132605224,55.31294882297516,123.59984162969845
25.238189128038822,55.304269194602966,105.2209428243384
25.254200818531416,55.30541718006134,144.18617100260664
25.245258792129675,55.30974626541138,177.0633694658975
25.24748101749981,55.31369984149933,71.55544934842268
25.25109083408084,55.30844271183014,80.60248852781088
25.24049882330911,55.297048687934875,182.59047909940446
25.249809943700484,55.312326550483704,53.3672418978676
25.249470311410136,55.30735909938812,175.66021319429228
25.242017569597948,55.30558884143829,46.59044608129323
25.243900206382875,55.30169427394867,122.73865097572461
25.24888323049771,55.31326532363891,43.33112342152295
25.24661736268652,55.30809938907623,47.690297432921724
25.24469595130604,55.304832458496094,103.20032152878655
25.252328044920674,55.30941367149353,56.63825730445262
25.24714623068847,55.30660808086395,183.53713682659202
25.25143046184064,55.3053742647171,46.19687521726741
25.2382764702551,55.30264914035797,93.44344130512167
25.24855329948359,55.313506722450256,44.19223007443274
25.251483831830868,55.3097140789032,27.555947404388508
25.241731289800217,55.29734909534454,190.80793781965278
25.2494848670992,55.31262159347534,59.30170757566246
25.252934516220137,55.30864655971527,75.24598863914996
25.25291996094441,55.30592679977417,14.473979596955184
25.244448494601613,55.30661344528198,129.2189177346803
25.24790799064536,55.31432747840881,24.0081014193291
25.238024148125746,55.30042290687561,8.971343338874782
25.23806781930101,55.29894232749939,63.87782572441987
25.24471535965368,55.30586242675781,117.39339262161675
25.248427149153144,55.308786034584045,53.568942248117374
25.24299770888325,55.30690848827362,66.46327357497586
25.242721135727095,55.30426383018494,52.39396115624673
25.247675096388335,55.313817858695984,68.56978006613012
25.252075751968302,55.30944585800171,56.29324895507286
25.239766130613248,55.29867947101593,238.82623310353006
25.2523086377891,55.30740737915039,56.42102584439132
25.24815058835503,55.30692994594574,171.56462987988272
25.239115922799996,55.30073940753937,89.91621814496831
25.244671690867097,55.306044816970825,121.40192143103393
25.251445017294856,55.30927419662475,64.63209950897455
25.250319390355685,55.31062602996826,102.09850570841377
25.241707028769422,55.30202686786651,216.30778730415565
25.248368925879532,55.31363546848297,48.96136404572154
25.243468367017694,55.307031869888306,95.65017768763731
25.247524685276773,55.31370520591736,76.38662990236448
25.24884441513079,55.31323850154877,48.265555763294515
25.24404091775463,55.30151724815369,146.19205111084756
25.24744220168492,55.30741274356842,101.95169096543889
25.251716718786483,55.30964970588684,23.120679461818092
25.23527768491699,55.3044730424881,47.82698590169005
25.243385880672264,55.30437111854553,53.991536512050075
25.236078338726912,55.30286908149719,67.09536279474398
25.23713616415914,55.30368447303772,140.12438549690424
25.251624534419943,55.31058847904205,25.64758290589161
25.24884441513079,55.3132438659668,48.10342821889236
25.249101566705576,55.313029289245605,40.743159342294724
25.252143677045495,55.31015396118164,30.850079329150145
25.237204097587934,55.30408143997192,106.66452779057023
25.246588250619595,55.30808866024017,44.250312580017805
25.241042274640975,55.30118465423584,246.79074294140295
25.240828776193258,55.30519723892212,171.73307516551836
25.2516536452801,55.310508012771606,26.277183971260097
25.242313553086575,55.301302671432495,209.4354304953514
25.238422040476095,55.299232006073,84.55402290518278
25.245511099238797,55.30914545059204,146.89029581492986
25.24801958565196,55.31448841094971,9.342848029476876
25.239960221823665,55.300047397613525,203.64697817364208
25.244375713122068,55.30692458152771,144.2723289888802
25.23898005804145,55.29715597629547,86.11502172601931
25.252890850387743,55.3087592124939,63.944822643866694
25.24779154357267,55.314322113990784,35.95730022523652
25.246355353832868,55.308061838150024,19.319244073712177
25.24727238234888,55.30833542346954,1.6610842504343846
25.248849267052336,55.31323850154877,47.74845495496954
25.241498383704567,55.302584767341614,224.44670245994234
25.242905517901136,55.29719352722168,141.79114756791154
25.244564944878235,55.30634522438049,122.02864993445066
25.25012531569132,55.30902206897736,28.99156654450533
25.24747616552365,55.306763648986816,174.09108632618137
25.252051493002966,55.30943512916565,55.74636624568051
25.246850258971037,55.30815839767456,51.91473723380033
25.252890850387743,55.307831168174744,87.91106207691116
25.249329606325983,55.307326912879944,175.08138713230184
25.23696147802508,55.30174791812897,20.38402574004992
25.240634686369873,55.30608773231506,99.19117093689684
25.23893638719396,55.30460715293884,124.65774786347727
25.248936601606985,55.31309902667999,46.2661813595129
25.25160027536448,55.30934393405914,57.6533324738533
25.24221165721285,55.30665636062622,101.85917672690506
25.242201952839466,55.30666172504425,101.94265899128055
25.247650836544224,55.313780307769775,73.17519622291671
25.242527048925908,55.301823019981384,150.9114267935129
25.237645663949607,55.30115246772766,64.6428865455919
25.247408237836694,55.30675828456879,174.3661155807312
25.240328994269547,55.29688775539398,156.6836085530645
25.24887837857753,55.313259959220886,43.9995686192365
25.240367812356652,55.29770314693451,233.8266030516936
25.24578766604499,55.307825803756714,39.985205543793775
25.245055005235983,55.31074404716492,87.66875101140866
25.25250270896538,55.310041308403015,30.701974250636564
25.24739853387831,55.313764214515686,62.573379010150894
25.241076240268526,55.30513823032379,157.39498479794747
25.23710704982092,55.30136168003082,22.158155660988697
25.24887837857753,55.313259959220886,43.9995686192365
25.246850258971037,55.30813694000244,52.829170852950625
25.24882500744266,55.313270688056946,48.714231393648234
25.247859471045302,55.30748784542084,104.23882279342897
25.249145233900062,55.30898451805115,4.232200571312699
25.24148382705876,55.306264758110046,102.0555206334213
25.24909186288245,55.313029289245605,41.22562882601322
25.244628022064788,55.30642569065094,132.55075010132785
25.240328994269547,55.2977728843689,238.76139844492434
25.239018876559385,55.30066967010498,94.41823868770342
25.242216509399228,55.30673682689667,94.13525498215604
25.23987773309709,55.297059416770935,145.9408481083863
25.25163423804075,55.30995547771454,10.683597152724646
25.247160786655986,55.30665099620819,180.57702908899765
25.25064931657353,55.311575531959534,66.41864005788418
25.244011805070382,55.304580330848694,51.35749881815313
25.238795669911937,55.29895305633545,136.1009569930849
25.25354583622554,55.30701041221619,14.733304304191472
25.23823765150007,55.30151724815369,39.13559874032256
25.250770612751893,55.31144678592682,61.42360533312186
25.24332280284092,55.3044193983078,45.37084190013805
25.243385880672264,55.30437111854553,53.991536512050075
25.239606005131307,55.29593825340271,27.192316373933576
25.24448245927715,55.30712842941284,135.09783712540676
25.24887837857753,55.31326532363891,43.854013059344204
25.251115093238027,55.31113028526306,53.49032121181167
25.24887837857753,55.313259959220886,43.9995686192365
25.247151082677817,55.308297872543335,15.343730341079194
25.239596300549863,55.29698967933655,129.59710287004364
25.23595702788255,55.30468225479126,14.070626747990085
25.248567855282516,55.31349062919617,44.55686859776664
25.24809236494887,55.31435430049896,9.22165338192285
25.2430122653477,55.30673146247864,84.78471064749496
25.24934901393348,55.31268060207367,69.82527981948932
25.25226497173172,55.310057401657104,44.21715415715837
25.238984910356866,55.30064821243286,96.0533616262666
25.24554991567061,55.30844807624817,82.45183058548773
25.243206351373956,55.30597507953644,16.176803491852315
25.242449414118624,55.30528306961059,8.414214723813847
25.251008352910148,55.311537981033325,34.16033756758177
25.243846833061284,55.30036926269531,62.96741058472098
25.24345866274469,55.30710697174072,91.0999350421368
25.24685511097223,55.308276414871216,48.15979729714029
25.246593102631223,55.3080940246582,44.944108117906126
25.246850258971037,55.30814230442047,52.591941129131875
25.23931486735097,55.296528339385986,76.50723303607231
25.250435835005476,55.30944049358368,13.728096067429469
25.23770874472747,55.302547216415405,121.63267031105543
25.246539730492486,55.308077931404114,38.757745059027044
25.24089670755822,55.30299782752991,264.3143124918369
25.246767774921334,55.30813694000244,61.319102591744894
25.242769657378982,55.30585169792175,14.467469125863737
25.247257826394744,55.3067421913147,176.14230236266363
25.248296146748316,55.31383395195007,27.20442301460518
25.24009123321548,55.30615210533142,59.43078590391605
25.25156631267869,55.30992865562439,15.692053425127327
25.252788963384404,55.3085070848465,93.95365565412445
25.251377091826996,55.305551290512085,62.55717630188402
25.246350501811705,55.308018922805786,16.760442795078784
25.23522430780882,55.304521322250366,44.32705996319692
25.25056198325015,55.30947804450989,18.485023635239184
25.247878878887647,55.314263105392456,30.75437102259659
25.243968136030944,55.30724108219147,90.4568204557813
25.246020563919817,55.311570167541504,50.7070273299696
25.24887837857753,55.313259959220886,43.9995686192365
25.246850258971037,55.30815839767456,51.91473723380033
25.23574837294707,55.30467689037323,19.618712627901914
25.240130051378515,55.30598044395447,64.25968421581292
25.235408701355837,55.30445158481598,33.134392511601334
25.251100537744293,55.30966579914093,43.80852734665415
25.24871826510264,55.3071928024292,174.43485727103652
25.23718468804074,55.30200004577637,52.0436020598994
25.24535583338748,55.30923664569855,160.40200571283475
25.25309462413796,55.30812621116638,64.411615267165
25.245860446678833,55.30690848827362,121.19089682592598
25.24336161997178,55.30439257621765,50.42537994303475
25.237116754601104,55.30190885066986,40.84653680571592
25.246593102631223,55.3080940246582,44.944108117906126
25.24645724623197,55.30641496181488,174.75907724211345
25.237776677836237,55.30424773693085,105.63611353078447
25.24646209824884,55.31025588512421,145.07153631646557
25.242590127170303,55.305781960487366,14.237758247353598
25.235855126679738,55.30470371246338,16.590491165570068
25.24714623068847,55.307300090789795,115.23432797655374
25.241178137094224,55.29644787311554,156.96814136784639
25.24221165721285,55.30647933483124,97.06355120778427
25.249664387120887,55.31242847442627,55.907461900271926
25.24485607008154,55.30535280704498,119.1867492335353
25.25109083408084,55.30847489833832,77.19211720719707
25.23784946326782,55.303271412849426,175.91670637531573
25.237635959211644,55.304070711135864,128.27424598363706
25.24247367500125,55.2977728843689,205.93008528402333
25.25103746391798,55.31122148036957,49.76537321251015
25.237888282146827,55.30072331428528,33.820620657031895
25.240377516876492,55.299339294433594,291.7488342298606
25.24688907497506,55.30817449092865,47.251557371826316
25.247544093172607,55.308330059051514,9.911300829770445
25.252556078484503,55.309032797813416,61.81590143224658
25.25274529749969,55.30645251274109,56.20169790203677
25.2525172642911,55.30892550945282,72.04825247596482
25.24168276773375,55.305325984954834,86.92484433695994
25.248480520462792,55.307015776634216,176.34294527530207
25.25320136263261,55.30745565891266,41.45853885218644
25.243288837841263,55.303030014038086,39.009117604842764
25.252022382238152,55.3097140789032,31.425172209062953
25.24410399521321,55.29810011386871,114.59842627650399
25.242449414118624,55.30496120452881,18.96698858943758
25.250780316440924,55.31143605709076,61.16976072638609
25.253972788055336,55.30637741088867,84.2977589818281
25.245064709381538,55.306055545806885,161.69830255883903
25.24941208863646,55.3126859664917,63.56440875943756
25.24804384542246,55.3085070848465,35.66346880106924
25.248000177832097,55.31448304653168,11.53853922101462
25.24685511097223,55.30813694000244,52.33675440563753
25.238446302162643,55.30270278453827,94.48285155837102
25.2405424935952,55.30517578125,148.41664813729486
25.247903138686212,55.314568877220154,21.716693770980072
25.24286184846416,55.29819130897522,171.79425864579412
25.241876855883348,55.29742956161499,189.9149912141476
25.239329424256553,55.30086815357208,88.74479225206694
25.25119272250848,55.30946731567383,50.537531999269355
25.24450671975389,55.31026124954224,88.54877373232088
25.24065409536618,55.30520796775818,155.4840353327987
25.25109568591266,55.3067421913147,167.52666850797004
25.238795669911937,55.301061272621155,49.1437902236732
25.240367812356652,55.30587315559387,92.61201436103865
25.24723356646733,55.30837833881378,7.990465083142075
25.248334962290382,55.30718207359314,152.56352543012272
25.24646695026551,55.308051109313965,30.155681821394662
25.23853849652735,55.299285650253296,93.46014506903816
25.247252974409648,55.31359255313873,48.28693534840129
25.24811662470485,55.30696213245392,167.13110096401886
25.25304610660939,55.30840516090393,68.58540155061814
25.24311901270052,55.306769013404846,86.65571088624324
25.24757320501051,55.31382858753204,77.5672687719489
25.242677466223853,55.3066349029541,88.36151773176839
25.252206750297432,55.309805274009705,45.54236363534249
25.24172158538849,55.30642569065094,101.54950294537143
25.251381943647388,55.3108674287796,23.308223924761258
25.24498222411971,55.3106689453125,90.39237107852627
25.24230384872132,55.30651152133942,98.1020718320965
25.247364570017908,55.31357645988464,60.68899837771185
25.25102290841494,55.311259031295776,47.802525893150246
25.244909442959823,55.30997693538666,142.56204937986655
25.250086500721252,55.30902206897736,25.196846088851153
25.25291510918545,55.30867874622345,72.08126887819013
25.240202835400822,55.29796063899994,246.19742320115193
25.2378057920141,55.304301381111145,99.23076630304615
25.23940706105688,55.29637277126312,58.963127910225744
25.236529614005093,55.30199468135834,25.882721005745257
25.247612020783578,55.30835151672363,9.754776659735096
25.246170976893424,55.306280851364136,187.4830837818346
25.25001372261893,55.30909717082977,14.340094752072647
25.24399724872565,55.30049800872803,69.9456848910746
25.24128973828151,55.29899597167969,280.9512668135561
25.24782065535129,55.31435430049896,31.74189144572308
25.239135332038813,55.3007447719574,90.1129785261899
25.24175555082617,55.30386686325073,128.7918151860457
25.24523453180308,55.30664563179016,176.66451153109222
25.2485387436829,55.313528180122375,43.52907279681721
25.239455584031887,55.30111491680145,80.5388112918688
25.249125826260027,55.31286835670471,56.56346198688207
25.244890034643163,55.31060993671417,92.020370143502
25.24531701689365,55.30765414237976,95.55106324729643
25.24809236494887,55.30688166618347,175.1562620773448
25.244802697179807,55.30566930770874,118.20522554616625
25.23621420672885,55.30242919921875,67.3996144471281
25.24503559694257,55.31071722507477,88.88028778220469
25.24985361064036,55.31227827072144,55.68182667154817
25.25291996094441,55.30610382556915,33.01104582837597
25.24856300334973,55.3134959936142,44.42114585094099
25.24869885739436,55.30868411064148,30.464326333901777
25.24412825576549,55.30459105968475,59.87993674504956
25.238189128038822,55.301823019981384,33.05019215897383
25.244788140929828,55.30641496181488,147.54885792281684
25.251008352910148,55.30863046646118,58.05953204878449
25.24854844755022,55.31351745128632,43.65674712765077
25.242939483007945,55.30097544193268,180.188441579378
25.248029289560748,55.306801199913025,182.4845180537767
25.25125094442876,55.3097140789032,35.717263363958864
25.244749324254656,55.30562102794647,111.04759351291598
25.24952853415591,55.30915081501007,30.290921553756625
25.252109714511633,55.3096067905426,46.104857913910955
25.25437062818233,55.30540645122528,159.6755995529464
25.245477134850773,55.30923128128052,157.08881425083462
25.24807295714062,55.31395196914673,26.335599214310587
25.25190593910915,55.31025052070618,5.81224034163979
25.245360685448347,55.30615746974945,196.06695332971765
25.248504780141232,55.30868411064148,48.65576773951459
25.245423762221833,55.309064984321594,143.96144422900522
25.241124762577144,55.304580330848694,156.34932971512112
25.242672614055863,55.301554799079895,163.0140830682175
25.240324142007793,55.29941976070404,283.689650100577
25.24884441513079,55.31323850154877,48.265555763294515
25.253710795064947,55.30670464038849,41.017279118803984
25.240411482689836,55.30568540096283,104.28228746367928
25.240993752299417,55.30518114566803,164.9614412585265
25.24940238483815,55.31271278858185,62.90757318616866
25.23686928246424,55.30162990093231,4.290584006036439
25.250586242512924,55.309301018714905,7.590602711987982
25.24403121352732,55.30719816684723,97.94103776190146
25.241221807136228,55.30414581298828,158.75001850090536
25.235918208386792,55.30474126338959,21.0740590495242
25.239077104313058,55.303813219070435,197.51860838027852
25.247524685276773,55.30839443206787,4.332686026204095
25.24245426629554,55.30409216880798,71.84253743287115
25.23885389777253,55.29942512512207,122.84031763161185
25.251629386230434,55.30995547771454,10.99106253343756
25.24520541940484,55.30771851539612,105.05698480838123
25.252813222202462,55.306334495544434,45.2699761753676
25.24494340750651,55.31057238578797,98.12804610745508
25.241411043803637,55.301055908203125,289.4626289491083
25.239411913355255,55.30312657356262,163.29536698205476
25.24800502978735,55.314509868621826,10.092795760729981
25.244812401345527,55.30747175216675,114.92424591598615
25.24223106595727,55.3024560213089,146.208860792638
25.2487425247336,55.31337797641754,46.91455540593531
25.244205889500225,55.30464470386505,61.723216633259234
25.24385653730333,55.29799818992615,121.2333365777827
25.244492163468436,55.30644178390503,120.87398761025138
25.237965919867666,55.30351281166077,185.5975122823947
25.242638648874475,55.30672609806061,78.52815651120342
25.23743215953546,55.30419945716858,115.95048055184577
25.237451569043145,55.3041672706604,119.82637987428552
25.250780316440924,55.31143605709076,61.16976072638609
25.238708328068753,55.300546288490295,85.99939694171611
25.247223862495005,55.307332277297974,110.82887105252838
25.242803622523752,55.29990792274475,116.64748248550643
25.241051979106956,55.30525624752045,156.79335938571768
25.241309147173183,55.297096967697144,201.75562577536869
25.24887837857753,55.313259959220886,43.9995686192365
25.246001155780633,55.30694603919983,114.34053490362545
25.24931990252105,55.31166672706604,144.52431322201613
25.235733815612647,55.303566455841064,51.92164470403272
25.239353685761984,55.30134558677673,59.41684929367486
25.246229201220316,55.308067202568054,11.1029293698416
25.24678718293808,55.3081476688385,58.886450931885456
25.249339310130125,55.31272351741791,68.4921829014737
25.24085788964004,55.3011953830719,226.36995874220744
25.25312858639643,55.30814230442047,60.375136404846245
25.24555961977663,55.30865728855133,98.33735766111612
25.239494402397938,55.29921591281891,197.15686816094194
25.24111505811696,55.29617965221405,127.38286678138101
25.24089670755822,55.30513823032379,176.5817242479049
25.243419845644823,55.30137777328491,153.69209438987752
25.25269192806371,55.30870020389557,78.33978401013206
25.246505766392005,55.307074785232544,104.67342449496634
25.241872003683397,55.30660808086395,98.55812482589204
25.237534059416276,55.301549434661865,73.27573022609329
25.25323047311487,55.30785799026489,60.875301203424314
25.24546257868157,55.30886650085449,123.3154285387888
25.254302704350465,55.30548691749573,148.32512654993744
25.252643410374276,55.308807492256165,71.32720502399772
25.24898026886075,55.3129380941391,56.26170715787776
25.25202723403278,55.30974626541138,30.288033869431583
25.240624981870596,55.30275106430054,239.2478991730703
25.24961101633133,55.3124874830246,55.2253249547186
25.24148382705876,55.30542254447937,106.42747099169715
25.25393397431465,55.30627012252808,79.84500819952062
25.248849267052336,55.31323850154877,47.74845495496954
25.251265499904463,55.311028361320496,40.508049386586016
25.246568842571065,55.308056473731995,41.21936182760995
25.250091352593177,55.30571222305298,125.26431278696177
25.24822821951979,55.312541127204895,146.35362088174855
25.25163423804075,55.30996084213257,10.193182069864994
25.24269687489391,55.305808782577515,9.481263719450077
25.238819931523935,55.3024023771286,62.604422185783775
25.24743249772925,55.31366229057312,66.43488468588616
25.2525706338038,55.30900597572327,62.037983705990335
25.236937216042165,55.301812291145325,18.521334860098943
25.239984483203173,55.30493438243866,135.91550686506446
25.243759494848163,55.30444622039795,52.586032535849505
25.245705181273937,55.30816912651062,50.899718259947015
25.25296847852337,55.30791699886322,85.05875688734717
25.249096714794103,55.31188666820526,142.7270924547889
25.23770874472747,55.30410289764404,122.87177109788252
25.247636280635447,55.306806564331055,171.42844484676638
25.24809236494887,55.3087055683136,50.873900557333506
25.248849267052336,55.31290590763092,68.06998647365218
25.240595868368004,55.297070145606995,191.76272239246487
25.248936601606985,55.31311511993408,45.17192889771592
25.252861739824056,55.30791163444519,95.41019763747566
25.24763142866547,55.31297564506531,120.7713576345806
25.241250920488863,55.30418872833252,153.87107435909022
25.24521512353836,55.30664026737213,178.36162859423246
25.239198412043574,55.30167818069458,44.185621416363915
25.23690810165627,55.30184984207153,17.11593228811117
25.24182348167311,55.30536890029907,70.59726576669478
25.23581630715144,55.30470371246338,17.746265864784576
25.24606423222167,55.31130731105805,53.911297023488906
25.245491691018216,55.30871093273163,107.73309583358714
25.24857270721509,55.31349062919617,44.230097501368626
25.25237656273606,55.31017541885376,27.33108852629737
25.25142075820355,55.309268832206726,61.874849532480006
25.243385880672264,55.30438721179962,52.66644166399022
25.242764805214662,55.305798053741455,8.876305685441393
25.24615156877826,55.308045744895935,9.248659160955407
25.24139648714737,55.306323766708374,90.94193748472742
25.248344666173963,55.31386077404022,24.208618167198384
25.25168275613325,55.30941367149353,49.09559808718485
25.246961854949177,55.308330059051514,35.9589963536401
25.23937794726255,55.296839475631714,104.1134300242149
25.244458198795584,55.30717670917511,129.46369600516698
25.24978568428267,55.31231582164765,55.851182489504176
25.242764805214662,55.298025012016296,193.05401055728214
25.238135752209104,55.29879212379456,71.2338299749697
25.239955369547175,55.300079584121704,200.49438687039782
25.240620129620652,55.306275486946106,78.37549001887803
25.24291037005985,55.30350744724274,106.6299403400881
25.252876295106773,55.308040380477905,90.15485499096359
25.23978553974824,55.304049253463745,227.12881861499454
25.23930516274629,55.30140995979309,52.44684557807438
25.243337359266448,55.30688166618347,92.99211403654934
25.24215343096091,55.29946804046631,180.84920010181236
25.2424105966964,55.305336713790894,13.03616903491289
25.248660041968535,55.30995011329651,119.7275761288238
25.24147897484312,55.30121147632599,283.70023257705253
25.24097434335738,55.30309975147247,250.17043631922948
25.238533644194103,55.30098080635071,59.53916184228534
25.252803518675847,55.30590534210205,11.703699992527843
25.2380872287072,55.29892086982727,65.88496590116854
25.242250474698626,55.30519187450409,31.79586007158552
25.252653113913723,55.30972480773926,13.2940565347067
25.239392504160577,55.29638886451721,60.69076660622319
25.242400892338893,55.30517041683197,17.95973438003755
25.24305593473065,55.30594289302826,14.385380654879606
25.24230384872132,55.30525088310242,24.658758089535958
25.242755100885446,55.30426383018494,52.54085639679083
25.235733815612647,55.30468761920929,21.613144972746223
25.246350501811705,55.3080028295517,16.263405897281455
25.242755100885446,55.30000448226929,125.82192319982408
25.244783288846108,55.30671000480652,164.54316017523732
25.24284729198166,55.30376493930817,107.81518842412201
25.246850258971037,55.30813694000244,52.829170852950625
25.23880052223474,55.297526121139526,112.81340117786436
25.237005149582146,55.301393866539,15.644672269353988
25.246539730492486,55.31034171581268,135.7113930106485
25.24167791552604,55.30498802661896,98.08592206505713
25.241280033834514,55.29711306095123,205.38233329941735
25.241386782708872,55.303775668144226,165.24891596204444
25.24714623068847,55.31345844268799,44.89345622087939
25.240770549278793,55.30261695384979,247.3247090068183
25.240940377701364,55.30524551868439,169.16937280939848
25.239411913355255,55.29636740684509,58.39796954260653
25.23932457195488,55.2979177236557,177.26709087205663
25.249712906000127,55.30900597572327,17.558174224640773
25.23951866387044,55.29621183872223,43.79415328365383
25.24269202272669,55.30665099620819,86.53548351339197
25.242109761253673,55.304065346717834,87.4985815765118
25.25362831567324,55.30685484409332,24.333986048241957
25.235219455343284,55.30443012714386,53.40365385111209
25.24711226675751,55.30666172504425,176.4951079942444
25.252245564590055,55.3103631734848,28.02501170927388
25.2407171745827,55.29873311519623,342.14673694216145
25.24986331440263,55.31034708023071,130.49849479694498
25.24003785822103,55.303319692611694,222.58175895273126
25.24874737665921,55.309773087501526,97.85846832848212
25.24934901393348,55.31276106834411,65.74135221911413
25.24049882330911,55.2991783618927,307.4494772766981
25.24177010743942,55.3038614988327,128.17651420894313
25.252604596208784,55.30892550945282,64.5808211346527
25.23954777763103,55.29615819454193,39.677041592666654
25.25163423804075,55.30996084213257,10.193182069864994
25.23804840989172,55.298835039138794,61.60106844310458
25.242561014138488,55.304580330848694,17.69375573385325
25.25288599862759,55.30909180641174,29.970541749567058
25.246510618406944,55.31042218208313,126.65665945945726
25.24528305245137,55.309542417526245,169.52324722250466
25.248296146748316,55.307047963142395,164.40333133136693
25.25210486272033,55.31011641025543,26.397896944490377
25.242269883436848,55.29766023159027,197.79741810159052
25.24760231684148,55.30849099159241,5.567807082507515
25.241309147173183,55.30291199684143,243.26498491512996
25.252556078484503,55.30988037586212,23.40677731666152
25.238732589698177,55.29923737049103,115.4365050165395
25.252677372758924,55.30669927597046,32.9153627077856
25.245535359510143,55.31120002269745,99.58656065609246
25.254399738384365,55.30546009540558,158.8695393370504
25.252381414516535,55.30922055244446,66.15800344495891
25.24884441513079,55.31323850154877,48.265555763294515
25.237728154191004,55.30427455902099,103.81155479534577
25.252095159137085,55.31037926673889,31.169436819273756
25.25308492063381,55.30826032161713,64.30436105074094
25.245001632421634,55.306055545806885,155.57049958304833
25.2477672837518,55.31295955181122,133.31055561835203
25.24593807930688,55.30692994594574,117.10443592358905
25.24748101749981,55.313823223114014,72.45962004929585
25.2479759180529,55.31445622444153,13.305294519696542
25.239460436328315,55.296308398246765,52.497443979239115
25.25268222452736,55.30770778656006,81.3418967771386
25.246559138545635,55.30712306499481,101.72391218848725
25.235767782723627,55.30473589897156,23.38304703798975
25.242420301053116,55.30411899089813,69.41301209649268
25.24857270721509,55.31348526477814,44.70660026120712
25.24809236494887,55.30695676803589,167.0472613516455
25.244390269421473,55.30686557292938,144.54136778596106
25.250115611949965,55.30563712120056,117.0873964745052
25.252725890434775,55.309531688690186,16.642404980992456
25.247786691608862,55.30857682228088,18.47277718109337
25.2471996025608,55.30672073364258,177.0092320753107
25.250280575447604,55.31062066555023,106.4288733077851
25.238528791860674,55.298025012016296,96.40478448962718
25.241726437594437,55.30662417411804,85.24457902827658
25.246680438807672,55.30814230442047,55.85694774872638
25.251488683646983,55.3099125623703,22.95149709772729
25.235559127463333,55.30459642410278,28.869771953183154
25.2386840664345,55.302772521972656,101.21505404212276
25.25223586101808,55.305524468421936,20.902766761730653
25.23690810165627,55.30172109603882,15.153194262199674
25.24817970004763,55.307557582855225,107.57354542945681
25.235588242172312,55.30363619327545,42.31352403045693
25.246850258971037,55.30813694000244,52.829170852950625
25.2523086377891,55.30750393867493,65.66534642846042
25.252866591585175,55.308018922805786,91.80445190580578
25.244768732593784,55.30566930770874,114.5981111465841
25.246272869447168,55.30799746513367,7.859137354417044
25.252328044920674,55.30550837516785,23.93590804248835
25.247636280635447,55.3083997964859,9.228866267222864
25.238926682559057,55.29719889163971,86.30323020811356
25.244822105510437,55.306565165519714,159.00030524674904
25.242289292172018,55.305535197258,16.19275814465133
25.248854118973668,55.3132438659668,47.06614562809748
25.248582411079695,55.308807492256165,36.18501576280502
25.243250020687157,55.30037462711334,111.26179828416888
25.253967936338427,55.30620574951172,83.84905163262435
25.239077104313058,55.29687166213989,74.49046540763118
25.24875708050986,55.313276052474976,54.553404073431096
25.249174345354348,55.31291663646698,50.100356559430914
25.25334691497416,55.307573676109314,29.799822689572153
25.24751012935286,55.31295955181122,112.64649236952695
25.24888323049771,55.31326532363891,43.33112342152295
25.239931108161855,55.30488073825836,139.65690734808976
25.25200297505775,55.31020224094391,15.138604309784691
25.24697155894242,55.30821204185486,37.2119035445515
25.24129944272775,55.30536890029907,127.52670761576451
25.246355353832868,55.31058847904205,108.98793318759509
25.24756835303802,55.3085070848465,1.4568567968273385
25.247141378698927,55.306334495544434,208.98410845724445
25.25262885506369,55.309783816337585,15.297680766572089
25.23894609182807,55.29722571372986,89.97765195176332
25.248257331193813,55.31373202800751,38.45052051036806
25.246539730492486,55.30816912651062,42.992238318318925
25.246850258971037,55.30813694000244,52.829170852950625
25.24410399521321,55.304821729660034,41.09136461050503
25.238795669911937,55.30249893665314,72.3554660951189
25.237674778158834,55.304076075553894,126.61722557194858
25.241173284866363,55.30446231365204,153.04642419876302
25.2362045018766,55.302547216415405,66.55030110949006
25.252439635867105,55.309290289878845,56.07420399869287
25.24793225043813,55.30861437320709,30.84752343196986
25.24745675761696,55.31290054321289,113.95330334929378
25.237941658085248,55.3020966053009,70.04967144341366
25.25158086811662,55.30947268009186,44.16014032769996
25.244812401345527,55.30747175216675,114.92424591598615
25.250804575660126,55.31139850616455,60.91716636557564
25.24964497956377,55.31246066093445,54.62147699528927
25.23667518631808,55.30174791812897,2.8259438164489175
25.244953111660976,55.30998766422272,145.39283487563404
25.23629669794167,55.30244529247284,76.63693389428484
25.252944219736293,55.30589461326599,13.352451076506522
25.24685511097223,55.30813694000244,52.33675440563753
25.24065409536618,55.301560163497925,201.28706094637027
25.24888323049771,55.31326532363891,43.33112342152295
25.243526592639583,55.30022442340851,78.00140935210425
25.25021750119555,55.30936002731323,24.057259725945947
25.24957220119694,55.312519669532776,56.30959049281424
25.249072455233858,55.30888259410858,8.402689046353146
25.242371779261777,55.30565857887268,7.524752382092409
25.248165144202204,55.31408607959747,9.319024284531405
25.24475902842461,55.30558884143829,111.23468106755286
25.251411054565665,55.309789180755615,31.573387690517997
25.24733545812998,55.313549637794495,58.461611138716705
25.254205670239017,55.30567467212677,127.90584691680493
25.243880797904993,55.30042827129364,66.93195982608182
25.23895094414486,55.29865801334381,151.44760567892428
25.24067350435935,55.30294418334961,253.59646918442377
25.25103746391798,55.30787408351898,141.3145839285767
25.23863554315149,55.29774606227875,117.01552457764271
25.251677904324865,55.309327840805054,58.62969957163853
25.249771128629632,55.31236946582794,52.070823325797996
25.24167791552604,55.30498802661896,98.08592206505713
25.24538979780941,55.30915081501007,154.03876722923005
25.241789516254386,55.29737591743469,189.7331289352588
25.245622696446873,55.30816912651062,59.276446255659344
25.2485387436829,55.31357645988464,39.87427938092322
25.250770612751893,55.31144678592682,61.42360533312186
25.24857270721509,55.31348526477814,44.70660026120712
25.247417941794296,55.313758850097656,64.67710693063559
25.248058401282435,55.307562947273254,101.5408781373891
25.253827236463778,55.30644714832306,71.00887514832102
25.238810226879707,55.30246138572693,68.65055326163133
25.23857246285461,55.302788615226746,102.97171796465193
25.240484266543575,55.30508995056152,150.56430213998965
25.24248823152847,55.30151188373566,179.1834442089899
25.244807549262777,55.305524468421936,115.17325664835948
25.25422992877417,55.30571758747101,127.90777428648721
25.25355068795929,55.30694603919983,18.726675505506666
25.251377091826996,55.309762358665466,34.014546167447286
25.24750527737784,55.31387686729431,76.26584223650461
25.24854844755022,55.31351745128632,43.65674712765077
25.251595423552818,55.30998766422272,11.528317743784765
25.251624534419943,55.30934393405914,57.2624153753282
25.247786691608862,55.30690848827362,164.12558779165667
25.239081956624577,55.30070722103119,92.12422710761768
25.244836661756352,55.305545926094055,118.74803164152058
25.251595423552818,55.30998766422272,11.528317743784765
25.252847184539647,55.30813157558441,91.43003184298662
25.248849267052336,55.31323850154877,47.74845495496954
25.24912097434951,55.31294345855713,48.75232719311413
25.25415230144472,55.3058785200119,112.47223228350197
25.25154205361163,55.30990719795227,17.122960429093038
25.252803518675847,55.30784726142883,97.23475956809345
25.253152845146687,55.30795454978943,64.9158124041796
25.246505766392005,55.308040380477905,33.99439609261878
25.24685511097223,55.30816376209259,51.19748020091864
25.2485387436829,55.313528180122375,43.52907279681721
25.24902878801322,55.313061475753784,42.00152777396831
25.24603026798826,55.311516523361206,49.887735613220705
25.248902638176503,55.31367301940918,11.200210000605313
25.248402889459214,55.31394124031067,15.791877870426937
25.251595423552818,55.30998766422272,11.528317743784765
25.24169732435574,55.297333002090454,191.51394497797412
25.252546374937324,55.30990719795227,24.98259377967426
25.251648793470537,55.31013250350952,11.583617488428077
25.252847184539647,55.30786871910095,94.2075791288511
25.244380565222045,55.298041105270386,85.74206755258375
25.24887837857753,55.31326532363891,43.854013059344204
25.246850258971037,55.30815839767456,51.91473723380033
25.243977840263295,55.30493974685669,22.875018500131738
25.23824250384513,55.30439257621765,93.98886840161381
25.24888323049771,55.31326532363891,43.33112342152295
25.244006952955672,55.304574966430664,51.42307949606078
25.24236692708156,55.30519187450409,19.77465020131101
25.244822105510437,55.30747175216675,115.53200874507057
25.24888323049771,55.31326532363891,43.33112342152295
25.24442908621134,55.307300090789795,116.27450019582136
25.244458198795584,55.30659735202789,128.79017576839826
25.247141378698927,55.30660808086395,183.23201904800038
25.24888323049771,55.31326532363891,43.33112342152295
25.249111270527933,55.30897915363312,3.993617053703046
25.244278671081517,55.30736982822418,100.30042706845664
25.251590571740948,55.30999302864075,11.756843221339256
25.24372552997056,55.30722498893738,83.75606891814026
25.252556078484503,55.3088504076004,74.21744666725876
25.240333846531115,55.305047035217285,143.5145909441294
25.239460436328315,55.30092716217041,93.72117434310094
25.244356304720142,55.300771594047546,101.29173298589609
25.246850258971037,55.30815839767456,51.91473723380033
25.241445009328103,55.303823947906494,156.85329017790997
25.24459890952123,55.30617356300354,117.57766930926579
25.251614830798346,55.31000912189483,8.590934622838502
25.2437789033454,55.30615210533142,40.42601964623981
25.239072252001307,55.303807854652405,197.63596885735072
25.243968136030944,55.30724108219147,90.4568204557813
25.25154205361163,55.31070649623871,24.18973636342639
25.23844144982573,55.30122756958008,39.0453987881825
25.24278906603429,55.30423700809479,55.34123825374529
25.24093067322646,55.29690384864807,208.54000728449896
25.237529207042925,55.30227899551392,100.88143057007733
25.240998604534457,55.30449986457825,171.40882895870797
25.24801958565196,55.3143972158432,9.41353629270644
25.242240770328337,55.29763877391815,196.31065019368145
25.242852144142702,55.297343730926514,157.55118422773037
25.243618783150534,55.300294160842896,73.72493772907573
25.240052415040022,55.29996693134308,216.98226184701483
25.244094290990944,55.304532051086426,61.62376431394835
25.23670430075977,55.30388832092285,102.97530203332413
25.243696417210757,55.30202686786651,81.95789402219461
25.23856761052272,55.29793918132782,102.68544436260022
25.237830053823657,55.303282141685486,177.96432046973231
25.24488518256352,55.30607700347901,145.0000258870407
25.251216981645328,55.31109809875488,47.49027886990717
25.244375713122068,55.30637204647064,105.8562788199804
25.23680134884833,55.30393123626709,101.83759182783456
25.24986331440263,55.309054255485535,9.713537813776757
25.247854619084222,55.306811928749084,176.56877483007267
25.24740338585761,55.30672073364258,178.52328818628706
25.242226213771445,55.29763340950012,196.16710066785737
25.24372552997056,55.30075013637543,106.59872918802685
25.25250270896538,55.30895233154297,71.61985059308154
25.24945090382201,55.30912399291992,27.93191630419282
25.253312952776724,55.307074785232544,38.95121284111219
25.24356055757282,55.30607700347901,19.98757598831849
25.235971585190256,55.30291736125946,62.32296117275275
25.242633796704908,55.301554799079895,165.5170841201327
25.236733415194465,55.303078293800354,140.9998716708876
25.25280837043924,55.30776143074035,90.04352586176788
25.23940706105688,55.29637277126312,58.963127910225744
25.23822309446372,55.29861509799957,77.92748654784583
25.248436853029375,55.31239092350006,141.23362185080373
25.23901402424532,55.29708623886109,82.96919430052077
25.239969926376048,55.30416190624237,218.03774909671233
25.239960221823665,55.300052762031555,203.17532616844963
25.252124269884447,55.30920445919037,81.92730864030756
25.239989335478484,55.29809474945069,238.68489985244156
25.239363390362797,55.29941439628601,178.9622744721526
25.249062751408417,55.313522815704346,12.289200137495792
25.24079966273952,55.30295491218567,266.54922460037295
25.247675096388335,55.314010977745056,59.12460269462548
25.25226497173172,55.30964970588684,55.640319877190706
25.243783755469224,55.307074785232544,101.32453818115367
25.23940706105688,55.29637277126312,58.963127910225744
25.2464863583303,55.31048119068146,120.05696352045054
25.245098673884826,55.31015396118164,143.54398732892747
25.251187870680525,55.31134486198425,28.768848662827946
25.248276738972606,55.30736982822418,131.03327181344739
25.244021509299245,55.304580330848694,52.106600669692604
25.251629386230434,55.30996084213257,10.514997299174446
25.251629386230434,55.30996084213257,10.514997299174446
25.24809721690046,55.3069406747818,168.910437764956
25.252653113913723,55.3096604347229,12.601687753749957
25.248305850634992,55.31384468078613,26.142617867313824
25.25140620274644,55.30546009540558,53.83555188795679
25.239072252001307,55.29694139957428,77.92296001155911
25.24282788333565,55.3068333864212,67.68171490364377
25.246607658664985,55.312042236328125,55.15449265764865
25.24181377726873,55.30646324157715,104.83594683443587
25.24783035927597,55.30842125415802,10.59271584575312
25.24183803827823,55.305529832839966,66.27095134502677
25.240324142007793,55.30264914035797,204.19283430755132
25.246554286532657,55.308083295822144,40.47854966004008
25.24624860932306,55.31084060668945,84.08183765740804
25.250853094084007,55.30925810337067,13.716074527611388
25.243259724976852,55.303089022636414,46.14640176245038
25.242381483621585,55.30544400215149,12.587796292026438
25.24164880227572,55.306313037872314,107.69817464678488
25.252221305658622,55.30974090099335,50.90319956085203
25.249771128629632,55.311259031295776,153.25114242587992
25.236762529622197,55.3028529882431,120.09707125435334
25.24547228279455,55.30918300151825,152.5823029971872
25.252793815148408,55.309306383132935,26.800048699464497
25.24121695491013,55.30110418796539,267.32459643748376
25.25076090906208,55.311806201934814,40.11400828558546
25.24160028017633,55.306334495544434,103.06016916614392
25.246141864719533,55.30698359012604,109.46651311406185
25.24754894514608,55.30742347240448,102.31738613421054
25.23929545814083,55.3056263923645,45.566287678485146
25.2479759180529,55.31442403793335,13.2223238324676
25.251445017294856,55.305315256118774,41.372401079061405
25.252056344796415,55.3101110458374,21.05409659838461
25.25302184783783,55.308276414871216,71.38283448639028
25.251993271466375,55.30992329120636,18.740901041022465
25.243968136030944,55.30724108219147,90.4568204557813
25.246792034941777,55.30824959278107,55.50965907028373
25.249101566705576,55.313018560409546,41.81736574532259
25.25129461085068,55.31095325946808,32.27626198415472
25.244933703351293,55.31059384346008,95.51427971363701
25.247650836544224,55.30843734741211,9.566271057398868
25.23983406257213,55.29702723026275,140.83554015204945
25.23946528862456,55.29642641544342,65.52192955887097
25.24169732435574,55.297333002090454,191.51394497797412
25.241876855883348,55.29742956161499,189.9149912141476
25.24606423222167,55.31136095523834,51.03158863769906
25.253919419158663,55.30636131763458,78.98751824067807
25.25244933942281,55.30760586261749,70.9592514550574
25.24833011034832,55.30721426010132,149.11798617917768
25.243968136030944,55.30724108219147,90.4568204557813
25.248849267052336,55.31323850154877,47.74845495496954
25.24486092216236,55.305277705192566,119.71893260827177
25.242915222218343,55.30700504779816,52.70491718136102
25.25316740039449,55.308024287223816,60.03771349343849
25.245991451709884,55.31136095523834,58.39819686650588
25.250353353390057,55.311822295188904,63.41170080983874
25.25297818203684,55.30797600746155,81.51436432885973
25.237878577428233,55.29922127723694,45.54296499986225
25.247345162093396,55.31371593475342,56.44569817911017
25.243647895928916,55.307058691978455,101.22245888538255
25.246539730492486,55.308077931404114,38.757745059027044
25.24996035198285,55.31217098236084,63.306517713302796
25.248136032506096,55.31389832496643,25.144947188513264
25.24409914310219,55.30723035335541,98.83103855636801
25.24831555452089,55.30711233615875,158.6765674677422
25.237786382562973,55.29937148094177,27.164989479316183
25.25253667138935,55.30899524688721,65.84230480165846
25.23536017676531,55.304574966430664,37.846090703750676
25.24207579591497,55.30644178390503,98.13869539894796
25.244564944878235,55.30684411525726,156.50582483141318
25.23836866474865,55.30366837978363,174.80876438875347
25.251663348898603,55.310277342796326,14.411408168331226
25.24412825576549,55.3071928024292,104.09354801077939
25.237766973108748,55.30222535133362,94.05915582252122
25.25272103866807,55.30661880970001,42.94694424869251
25.248985120776865,55.31022369861603,140.947845176549
25.24448245927715,55.306549072265625,127.28625341925584
25.23820853742565,55.30359864234924,178.49760255940933
25.244826957592608,55.306565165519714,159.4590342327664
25.25324017660742,55.30723035335541,39.0266362464207
25.244375713122068,55.307042598724365,133.96769111225086
25.24182833387502,55.29738664627075,188.48141705187393
25.250290279175783,55.310567021369934,105.24418803988432
25.237694187627795,55.301055908203125,65.32939544751633
25.241614836808186,55.29908180236816,243.77909330584504
25.244458198795584,55.30717134475708,129.86916614233542
25.24049882330911,55.297048687934875,182.59047909940446
25.244734767998253,55.30669927597046,159.55034451208508
25.248849267052336,55.31323850154877,47.74845495496954
25.242648353212985,55.30686020851135,63.606975193484125
25.250532872128375,55.30933320522308,2.318616892752087
25.251629386230434,55.30996084213257,10.514997299174446
25.24543346633793,55.30898988246918,136.38968207034756
25.253938826032908,55.30674755573273,47.13786328364965
25.240775401522725,55.29683411121368,189.97571902818774
25.238795669911937,55.30107736587525,47.36745925578115
25.23567558625743,55.30338406562805,67.36367051258375
25.24856300334973,55.31350135803223,43.95768262201096
25.237068230692387,55.301806926727295,32.73335891679361
25.248111772754015,55.31398952007294,20.50854021615567
25.250979241895365,55.30967652797699,49.15445103324549
25.239334276558026,55.29649615287781,72.76762324880565
25.25160027536448,55.31066358089447,28.338060381950918
25.254050415499503,55.30576586723328,107.91973450161318
25.244817253428067,55.30668318271637,165.8104075377498
25.250629909173767,55.311575531959534,67.91077912479808
25.251003501074848,55.3071391582489,176.51411132028514
25.242580422827142,55.30299246311188,106.69100259821369
25.251648793470537,55.31018078327179,14.778067752731944
25.247204454548022,55.306516885757446,195.53997393590467
25.238164866300963,55.30015468597412,38.677410513320375
25.246204941087484,55.31111419200897,58.2505820526271
25.243167534193503,55.30186057090759,106.86616612070289
25.246825998962223,55.30814230442047,55.07759307288404
25.25296362676636,55.308528542518616,77.75624515836714
25.248926897770673,55.30909180641174,22.801061550468244
25.23946528862456,55.296533703804016,77.32669498264401
25.23977583518112,55.304038524627686,228.19706899836
25.246525174450586,55.308051109313965,36.37184017138759
25.244244706349008,55.307037234306335,125.64329737724194
25.252114566302765,55.31035244464874,31.395181385470565
25.246593102631223,55.3080940246582,44.944108117906126
25.239455584031887,55.296313762664795,52.99723558846561
25.242430005409076,55.30569076538086,6.3391656157285485
25.246549434519466,55.30807256698608,39.60692713784006
25.240775401522725,55.30275642871857,254.7793034746848
25.24884441513079,55.31323850154877,48.265555763294515
25.24277450954308,55.30344307422638,111.70820652530004
25.251493535462927,55.30985891819,21.538399178695315
25.24732090218339,55.30675828456879,174.37208478668333
25.253143141647172,55.30791699886322,67.9556913301667
25.25160027536448,55.31063139438629,25.96125792993655
25.244152516312937,55.301340222358704,161.5731536132587
25.248567855282516,55.3134959936142,44.0867903080354
25.245346129265172,55.30988574028015,183.92953558006522
25.244817253428067,55.30995547771454,136.89630893060706
25.244453346698705,55.30718207359314,128.6639412777772
25.237766973108748,55.30371129512787,164.71624976263712
25.240765697034675,55.30518651008606,166.74877784343295
25.239766130613248,55.3040224313736,229.86408319124513
25.24846596465341,55.31367838382721,37.56284859699036
25.242109761253673,55.30317485332489,162.43481366084896
25.243575113969857,55.306044816970825,17.15388996585559
25.238994614987135,55.30385613441467,188.05617457741755
25.243982692379177,55.3072464466095,90.6652611600156
25.242148578772003,55.30399560928345,92.13725046973119
25.239382799562097,55.296565890312195,80.326683370273
25.24119754600372,55.30463933944702,147.70472649895723
25.25263370683406,55.30575513839722,14.47071371797276
25.25246389475494,55.309070348739624,69.05294836331859
25.24507926559839,55.30666172504425,185.38007263949294
25.243468367017694,55.304317474365234,64.58280723759007
25.240484266543575,55.30547082424164,123.03037071106183
25.23770874472747,55.30397951602936,136.2869788142741
25.237437011912675,55.3031051158905,165.27983532081893
25.239994187753624,55.30591607093811,51.604298439291775
25.235248570133606,55.30447840690613,49.49611747212587
25.244366008921503,55.307074785232544,130.54220615052978
25.24390991062063,55.304548144340515,47.35258554824243
25.253967936338427,55.305830240249634,96.4099227477512
25.252182491358255,55.30900597572327,98.61208781424149
25.24208064810678,55.30670464038849,106.23190114976043
25.244050621981177,55.30627012252808,70.99646476547869
25.243701269337876,55.30718207359314,88.08473629090565
25.250804575660126,55.309574604034424,42.631933207674926
25.24212917001439,55.29935538768768,183.721354639043
25.247927398479945,55.31386077404022,44.429139700518526
25.24298800457264,55.30463933944702,10.793731865877783
25.242032126179836,55.30643105506897,99.14112130140302
25.242551309793015,55.30415117740631,64.93250501218054
25.253938826032908,55.30597507953644,86.48698487939409
25.242376631441772,55.30550837516785,7.583347758363012
25.243385880672264,55.30437111854553,53.991536512050075
25.251648793470537,55.31017541885376,14.943400370876224
25.253725350245915,55.30638813972473,58.36889926108531
25.24888323049771,55.31326532363891,43.33112342152295
25.243638191670243,55.30609846115112,25.738191120982734
25.24399724872565,55.30720353126526,95.6369060305736
25.24332280284092,55.3044193983078,45.37084190013805
25.25095013087362,55.31160235404968,35.57403517610655
25.24389050214431,55.30710697174072,100.92778578958827
25.2380338528327,55.304328203201294,95.60163383192801
25.247524685276773,55.30841052532196,3.515907439153876
25.23774756365141,55.30375957489014,159.67535183047897
25.241983604233496,55.301570892333984,214.97654007845736
25.23953322075161,55.29915153980255,203.0500397935435
25.243099604097893,55.304290652275085,49.54408716906371
25.253099475889755,55.308029651641846,66.815384635376
25.240984047828775,55.30520260334015,165.44444058177334
25.250659020272263,55.30936539173126,16.3679007572144
25.242915222218343,55.30101835727692,185.39170191989274
25.24275024872054,55.30695140361786,53.42232098411054
25.24356055757282,55.30690312385559,111.09978625796853
25.248558151416745,55.31225681304931,145.2020076075374
25.24969835033839,55.31140387058258,148.60490878366517
25.242425153231196,55.30491828918457,21.027809231755466
25.24245426629554,55.30572295188904,10.11933954471593
25.23606378143197,55.304569602012634,10.846220740319328
25.23807752400448,55.30253112316131,92.45684978056694
25.252410525195316,55.31017541885376,24.208100885223324
25.24164880227572,55.306318402290344,107.17816462402776
25.24356540970534,55.301061272621155,145.42946028720652
25.240755992545814,55.30289053916931,259.0121545321158
25.243317950698696,55.307080149650574,78.42511312935035
25.239761278329027,55.29996156692505,199.104388973158
25.250358205251345,55.30909717082977,25.662026285659557
25.242376631441772,55.30326068401337,137.85899956313395
25.240683208854804,55.306291580200195,76.72527730005321
25.240959786648816,55.29861509799957,326.27327313668735
25.23798047693479,55.29972016811371,24.12500885144907
25.254297852646744,55.305293798446655,161.31282901086277
25.24460376161231,55.30483782291412,93.04387227129959
25.24530246070526,55.30665099620819,172.08637424491184
25.241110205886585,55.30465006828308,157.29933971037764
25.241168432638332,55.305299162864685,143.18201268822756
25.245821630346185,55.30793309211731,33.14387712864902
25.243405289229173,55.30685484409332,100.67538099401725
25.24248823152847,55.297788977622986,207.509651883602
25.243196647080012,55.3029602766037,41.59376646495695
25.243968136030944,55.30724108219147,90.4568204557813
25.23924208279692,55.29965043067932,164.15103452346986
25.239421617951407,55.29635667800903,57.28468882267834
25.245816778303748,55.31141996383667,75.01393915310281
25.239984483203173,55.30587315559387,52.532384356664004
25.23929060583781,55.30142605304718,50.535689497376765
25.252725890434775,55.30772387981415,83.87464735938774
25.246850258971037,55.30815839767456,51.91473723380033
25.241692472148618,55.30514359474182,93.51778743633898
25.252895702147654,55.30616283416748,37.10170490719433
25.24116358041009,55.30442476272583,154.976639909467
25.2407171745827,55.30617356300354,89.6713746504404
25.249067603321237,55.30900061130524,5.046794290855091
25.24887837857753,55.313259959220886,43.9995686192365
25.24062983412034,55.3052294254303,151.89335939702514
25.2487328208818,55.308780670166016,21.19961731652581
25.246607658664985,55.30807256698608,45.83229251873888
25.252100010928817,55.30946731567383,56.0658159106691
25.24318694278527,55.30596435070038,17.59160599177803
25.24247852717717,55.301066637039185,220.1848424030806
25.249989463241803,55.309290289878845,20.200036054463087
25.243123864850673,55.30064284801483,140.88095170742463
25.250115611949965,55.312052965164185,63.751594569222696
25.244962815814674,55.3106153011322,94.69807397639171
25.247180194609925,55.307321548461914,112.41918100446951
25.23949925469283,55.305787324905396,32.97780262528272
25.2447299159124,55.31062066555023,77.80752585612632
25.24698126293491,55.30725717544556,116.71301819614601
25.248388333640506,55.31367301940918,44.79479448228781
25.246321389680816,55.307074785232544,100.10856093101147
25.237742711286614,55.30085206031799,52.51053490063717
25.246554286532657,55.308083295822144,40.47854966004008
25.238557905858386,55.29800891876221,99.90744652778613
25.24488518256352,55.31060457229614,91.95953503826549
25.24660280665394,55.3080940246582,45.97023181945605
25.24854359561664,55.30863046646118,47.786456841584226
25.241779811847294,55.30491292476654,84.99832674024982
25.241246068263905,55.306286215782166,85.81119022643213
25.2534924671413,55.306769013404846,38.55868985724779
25.242580422827142,55.30576586723328,14.53569328984868
25.241726437594437,55.305047035217285,92.13933533530232
25.240236801262967,55.306023359298706,75.38356482580679
25.24886867473657,55.31320631504059,46.858897315072134
25.251590571740948,55.30998766422272,12.00861839590433
25.2519156427075,55.30942440032959,50.300154493701214
25.244783288846108,55.30562102794647,114.69556449183641
25.24661736268652,55.30809938907623,47.690297432921724
25.25417655999047,55.30573904514313,121.56389852357222
25.25226497173172,55.3099662065506,44.81804108197386
25.240988900064195,55.30620038509369,87.15243824685454
25.24964983145333,55.309075713157654,18.12792402966769
25.244477607181224,55.3071391582489,133.8864758512083
25.24857270721509,55.31348526477814,44.70660026120712
25.24884441513079,55.31323850154877,48.265555763294515
25.238358960068396,55.298582911491394,88.3460328803666
25.235578537270086,55.30460715293884,27.975543263608454
25.24554991567061,55.306280851364136,197.7608931702483
25.253089772385977,55.30760586261749,57.16699574922775
25.251590571740948,55.30998766422272,12.00861839590433
25.252512412516054,55.30763268470764,72.75764601719573
25.247189898585745,55.30611455440521,232.97395240783666
25.2463844659556,55.308040380477905,21.12694348147762
25.23884419313103,55.29764413833618,126.77338109622829
25.250227204928777,55.30934393405914,22.698724139409137
25.24497251996756,55.31065285205841,91.45901644672779
25.25270163159925,55.305792689323425,10.438083061183304
25.245821630346185,55.30801355838776,33.25851920600656
25.248771636284378,55.313050746917725,64.32339788618405
25.24175555082617,55.2973598241806,190.2871798444975
25.248470816590043,55.31393051147461,20.230432974633814
25.244016657184915,55.304580330848694,51.730602030435605
25.252177639569837,55.30914008617401,88.32177950051599
25.25262885506369,55.30773997306824,84.34343353498245
25.25281807396551,55.30585169792175,5.922920209820412
25.239960221823665,55.300047397613525,203.64697817364208
25.251789495868536,55.31046509742737,27.76293987102475
25.24119269377664,55.303067564964294,236.94055221195782
25.25163423804075,55.30996084213257,10.193182069864994
25.24887837857753,55.31326532363891,43.854013059344204
25.247810951425866,55.31420946121216,40.36151916087693
25.252439635867105,55.309317111968994,53.83360337309225
25.25163423804075,55.310073494911194,7.259765175498657
25.23741275002467,55.30414581298828,117.94925755917237
25.24611275253862,55.306286215782166,186.8439097901014
25.246593102631223,55.3080940246582,44.944108117906126
25.250702686906948,55.30919909477234,11.80469595797691
25.248956009277265,55.31362473964691,11.193202542416396
25.250921019844867,55.31133413314819,51.83610242086106
25.24898026886075,55.30893623828888,7.718955255559329
25.25287144334608,55.30790090560913,93.85183044710803
25.246694994830975,55.30826032161713,62.978756096726556
25.23964967573822,55.29874920845032,228.30414368411908
25.24798077000912,55.31457960605621,13.879331085283637
25.25268222452736,55.30873239040375,75.78860415899227
25.250586242512924,55.31160771846771,68.61263393052786
25.240183426332464,55.29973089694977,246.60559079460225
25.24886867473657,55.30889868736267,5.106931245111663
25.24558388003828,55.3111732006073,105.62953203714966
25.252381414516535,55.31019151210785,25.917950613457087
25.24160998459776,55.297311544418335,195.45829179736717
25.239960221823665,55.300047397613525,203.64697817364208
25.25290055390738,55.30591070652008,11.896010926788906
25.249751721089567,55.31236410140991,53.91948361472036
25.253502170612904,55.30725181102753,12.683484864585783
25.24504530108966,55.30599653720856,156.76596600825502
25.23779608728894,55.30173182487488,76.29629464186961
25.24524908799961,55.31091034412384,88.76943290068499
25.245947783381908,55.31132876873016,64.26112945856408
25.246772626925814,55.30815839767456,60.02169172314696
25.25301699608296,55.307777523994446,72.8465585894161
25.252653113913723,55.30884504318237,67.38722524297555
25.24266776188767,55.3015923500061,159.92874063863226
25.250862797766445,55.30959606170654,49.08977209796004
25.2516536452801,55.31012713909149,10.83432766470615
25.24249308370382,55.30415654182434,64.36598812583222
25.2410713880366,55.304821729660034,161.60503720259854
25.25411833947247,55.305803418159485,112.51662481339753
25.251648793470537,55.31013786792755,12.138490211445625
25.24883956320906,55.31320095062256,50.090086760399956
25.244880330483667,55.305331349372864,121.92785050358196
25.23944102714141,55.29674291610718,100.20068957224882
25.245642104646507,55.30809938907623,54.75675055758067
25.251648793470537,55.3101646900177,14.923554297138907
25.250979241895365,55.30895233154297,23.348690493810945
25.251629386230434,55.30995547771454,10.99106253343756
25.249902129444024,55.30902206897736,12.850552866718624
25.24888323049771,55.31326532363891,43.33112342152295
25.25428814923869,55.30575513839722,131.80164061935085
25.252798666912213,55.30783653259277,97.15060903884994
25.249775980514173,55.31032025814056,131.33838083068352
25.24254645761998,55.29784798622131,213.389064833327
25.251149056049968,55.31111419200897,50.8987383428144
25.248519335945957,55.313549637794495,43.450985326223716
25.237669925791124,55.30264914035797,132.7792383575875
25.24779154357267,55.314300656318665,36.87188417992021
25.252129121674997,55.309520959854126,53.91637381282068
25.2507900201292,55.31141996383667,61.3029071033766
25.236670333910453,55.304027795791626,87.34754057746278
25.245001632421634,55.30766487121582,112.8639614839833
25.248480520462792,55.313528180122375,48.26957754463035
25.24408458676791,55.304580330848694,57.23150744494931
25.25283748101569,55.307788252830505,90.88933343330635
25.25200297505775,55.31008422374725,15.748582811354858
25.247277234333225,55.30673146247864,177.3083717268302
25.246694994830975,55.30820667743683,60.14419646750116
25.249606164440195,55.30917763710022,22.09527054644722
25.24900938035455,55.31193494796753,145.89515793898798
25.252842332777774,55.30639886856079,44.008956205192575
25.248849267052336,55.31372129917145,10.489099131823414
25.248795895904692,55.31316339969635,56.13513649346326
25.24910641861686,55.30725181102753,179.81924469986348
25.237927101013454,55.30343770980835,189.1005932281048
25.24862122653032,55.30865728855133,39.021698239683666
25.249834203113465,55.30924737453461,12.759572480747323
25.24477843676219,55.30646860599518,149.39492714181026
25.243356767831116,55.2976655960083,141.68839114021813
25.251833162096844,55.30968725681305,19.72179305481377
25.248892934337505,55.309531688690186,67.10238883624241
25.242381483621585,55.29770851135254,200.4172418329293
25.241212102683814,55.30134558677673,263.69031700163816
25.250765760907072,55.309510231018066,34.72706111096864
25.24460376161231,55.30624330043793,120.92367999289196
25.246432986144683,55.308045744895935,26.386987696398506
25.25138679546758,55.309821367263794,28.928920974909744
25.238829636167353,55.30062675476074,97.1187473903058
25.24748101749981,55.306763648986816,174.12643563581616
25.246350501811705,55.308024287223816,16.964729426407917
25.25260944798015,55.30891478061676,64.99554753106806
25.242070943722936,55.30559420585632,40.638844786745985
25.251959308890477,55.310561656951904,37.02185297659584
25.246355353832868,55.308040380477905,18.167941334804137
25.244783288846108,55.305578112602234,113.60609752272899
25.243099604097893,55.30689239501953,74.10780120051969
25.239261492015615,55.30085206031799,85.85081489501839
25.248165144202204,55.30683875083923,181.75264732837584
25.239455584031887,55.29977917671203,182.46748074801067
25.250290279175783,55.309070348739624,31.45702770564314
25.243405289229173,55.30140995979309,150.2474527181643
25.25051831656488,55.31209588050842,31.892756102243542
25.243919614857617,55.30510604381561,15.283650632100304
25.24831070257804,55.3139466047287,15.14775537687687
25.24166821111004,55.306543707847595,87.54811319826295
25.25167305251631,55.31018614768982,12.023608285715667
25.242721135727095,55.30142605304718,172.1143718605488
25.25263370683406,55.30970871448517,15.06871376266281
25.24800502978735,55.31444013118744,9.912806931969724
25.24460376161231,55.30624330043793,120.92367999289196
25.251367388185628,55.305578112602234,65.20199502198685
25.24145471376194,55.30538499355316,110.22411010745319
25.24158572354274,55.297311544418335,197.14330316090908
25.251765236846023,55.3093546628952,55.6589996448101
25.25269192806371,55.308807492256165,68.17894991929697
25.239062547377245,55.302295088768005,65.56867975067243
25.242507640228737,55.30477881431579,5.163577710815668
25.248111772754015,55.308582186698914,45.595241805190525
25.24675321890676,55.30646324157715,177.81571199932722
25.242818179011465,55.30392587184906,89.91369443819562
25.24494340750651,55.31057238578797,98.12804610745508
25.24960131254889,55.312519669532776,53.74134279069008
25.251648793470537,55.31018614768982,14.635111230366483
25.25085794592532,55.30936539173126,25.426961389585873
25.25346335672181,55.307294726371765,13.299415543404999
25.250309686629834,55.312288999557495,30.139948706979073
25.247810951425866,55.3074985742569,102.47541009380689
25.243017117502134,55.30695676803589,63.00768878439488
25.24166821111004,55.3052294254303,91.98936979835625
25.2474227937728,55.30539572238922,247.0512024548435
25.251658497089423,55.31012713909149,10.65921292322009
25.253371173680776,55.30749320983887,23.566869489248287
25.24403121352732,55.304768085479736,38.14094786088176
25.251648793470537,55.31015932559967,14.390454134677345
25.237917396297945,55.29916226863861,53.08751382920839
25.25163908985087,55.30944049358368,46.42814761391046
25.25048920543267,55.31170964241028,63.01351596543615
25.24520056733776,55.30972480773926,170.27168743129332
25.250566835103086,55.31165599822998,64.37019335168424
25.24400210084076,55.30570149421692,38.55032664448078
25.24615156877826,55.3116774559021,38.335093889360074
25.244768732593784,55.30991792678833,136.33308054460267
25.2429346308504,55.30672609806061,82.2587290647542
25.24153720141817,55.30660271644592,73.73261329769554
25.239809801162608,55.300063490867615,192.4348407722175
25.24779639553624,55.314322113990784,35.45448284348116
25.24526364419438,55.306554436683655,183.4788208770262
25.251648793470537,55.31018078327179,14.778067752731944
25.248436853029375,55.31398415565491,13.204434454195285
25.238781112942434,55.29941976070404,115.0003870881846
25.249067603321237,55.313050746917725,40.49331040468612
25.24923742014801,55.30902206897736,7.659127612357513
25.247878878887647,55.30846953392029,16.943773468262595
25.250076796976785,55.31206369400024,66.0522243447333
25.247088006801036,55.30660271644592,180.4483118884543
25.23536502922522,55.304521322250366,40.269730462787486
25.24637476191546,55.308040380477905,20.131303068729597
25.249926388838578,55.306318402290344,191.410317428702
25.252580337349073,55.308807492256165,75.7974364642811
25.249057899495384,55.313029289245605,43.08412283355139
25.246423282108424,55.3107225894928,93.45023292416651
25.243177238489764,55.30691921710968,77.30125746732264
25.24860667073777,55.31346380710602,44.59189929619873
25.251576016304185,55.31071186065674,28.004003206669196
25.246850258971037,55.30813694000244,52.829170852950625
25.246646474746512,55.30813694000244,52.116928387027286
25.253676832969276,55.30697822570801,10.417129979768365
25.23959144825888,55.30599653720856,10.203806334508213
25.2462971295664,55.31098544597626,67.12946055942906
25.24820881173328,55.307520031929016,112.76385969967586
25.251629386230434,55.30995547771454,10.99106253343756
25.248684301611135,55.31387686729431,4.924793499301976
25.24015431272413,55.302547216415405,182.32496278259308
25.240561902606217,55.30596971511841,111.88748436811275
25.248737672807792,55.30872702598572,24.083786061311404
25.244239854243578,55.307321548461914,100.86778419321637
25.239319719653025,55.29952704906464,172.99865889247462
25.249732313546403,55.30695140361786,228.01644768766243
25.248582411079695,55.31347453594208,45.04751849817955
25.24884441513079,55.31323850154877,48.265555763294515
25.243749790598383,55.30608773231506,33.32180219153661
25.23983891485348,55.30010640621185,190.36289624098458
25.252769556326484,55.307809710502625,94.18272743420938
25.250494057288503,55.31167209148407,66.32069970683602
25.24864548618068,55.310025215148926,128.0431457503028
25.251590571740948,55.30998766422272,12.00861839590433
25.237665073423216,55.30419945716858,113.6407174159506
25.247917694563057,55.314284563064575,25.92084122744513
25.248034141514836,55.31435966491699,10.9062295003819
25.24051338007287,55.30519723892212,144.4273532414139
25.246850258971037,55.30815839767456,51.91473723380033
25.250998649239335,55.30716598033905,177.36933801955237
25.24986816628349,55.306559801101685,217.98373792493075
25.252827777490975,55.30917763710022,27.719401051470847
25.25059109436492,55.31202614307403,28.65131531275584
25.241081092500252,55.304784178733826,160.3353619743315
25.25348761540519,55.30671000480652,44.60737547334752
25.252056344796415,55.30999839305878,21.395984381574454
25.241226659362155,55.304773449897766,144.1479561896702
25.248863822815792,55.31012713909149,132.063757215508
25.24888323049771,55.31326532363891,43.33112342152295
25.24164880227572,55.297327637672424,194.23157451006077
25.248849267052336,55.31323850154877,47.74845495496954
25.251571164491523,55.30994474887848,16.249923099745857
25.25115390787944,55.31116783618927,47.91570717933333
25.251988419670397,55.30995547771454,16.128208517023037
25.24721901050853,55.308292508125305,8.438788746719704
25.24207579591497,55.30003130435944,197.58123735626734
25.253356618457403,55.307058691978455,34.13037504919457
25.24886867473657,55.31296491622925,61.84047170987342
25.24347807128997,55.30462324619293,35.23813340318321
25.237830053823657,55.303282141685486,177.96432046973231
25.24408458676791,55.30706405639648,113.84961589266287
25.24292977869267,55.30344307422638,99.75290120019905
25.24556932388188,55.30860900878906,93.5323801214077
25.24894145352485,55.31013250350952,131.34623983861408
25.25109083408084,55.31121611595154,46.63430542164465
25.2463844659556,55.3080028295517,19.95295787848742
25.248815303597453,55.313292145729065,48.17731191814546
25.24636020585379,55.3080028295517,17.3140264388251
25.24976627674492,55.31233191490173,55.66835508447545
25.250435835005476,55.31172573566437,64.90346733843498
25.243706121464797,55.30695676803589,112.99618820051828
25.2516439416608,55.310550928115845,26.126432364452214
25.25119272250848,55.30616819858551,129.20947012416693
25.247345162093396,55.30669927597046,180.91015288194157
25.246539730492486,55.30709624290466,103.69516103873285
25.248858970894844,55.30961751937866,77.33344934971444
25.238189128038822,55.29861509799957,75.01450993827675
25.246350501811705,55.30799746513367,16.138316485895675
25.24565180874515,55.30808866024017,53.411019148417324
25.251144204220267,55.30640423297882,150.44934571899964
25.23953807304494,55.30240774154663,114.63281783860138
25.23944102714141,55.29632985591888,54.54006712706731
25.251711866979463,55.31062602996826,36.18643303638401
25.25281807396551,55.30588388442993,8.838448339973477
25.244749324254656,55.30563712120056,111.51924145129612
25.24297830026123,55.30672073364258,84.446528710245
25.24332280284092,55.3044193983078,45.37084190013805
25.246850258971037,55.30815839767456,51.91473723380033
25.24688907497506,55.312283635139465,92.1512949063701
25.23645197536686,55.303818583488464,96.10216385113421
25.251590571740948,55.30999302864075,11.756843221339256
25.25158571992887,55.30997693538666,13.045545993583378
25.249819647466257,55.312299728393555,55.342481844472985
25.25365742605318,55.30684411525726,25.213236908178676
25.248854118973668,55.3129380941391,65.09649111708804
25.24494340750651,55.31060457229614,94.86242872949593
25.24876678435973,55.313801765441895,5.178473840157831
25.24888323049771,55.312058329582214,148.31237982797643
25.2520903073452,55.30538499355316,5.636423893899909
25.24111505811696,55.30450522899628,158.5490871353836
25.248926897770673,55.31315267086029,43.71329123313336
25.249805091817297,55.312326550483704,53.66111103259854
25.248596966875112,55.30884504318237,34.03856828981431
25.247267530364383,55.30839443206787,7.56106461280169
25.244870626323404,55.30537962913513,120.80745047309804
25.248509632076335,55.314016342163086,15.338215111746205
25.24329854212786,55.30702650547027,79.75135765845319
25.24801473369729,55.3085070848465,32.569051966586315
25.251212129818356,55.30610918998718,122.59469288550613
25.24470565548025,55.3059321641922,120.31241874362068
25.25290055390738,55.30786335468292,88.86345346789261
25.248519335945957,55.31348526477814,48.474003684679495
25.2525172642911,55.30882894992829,78.97627060935002
25.25390971572041,55.30598044395447,83.26658970653466
25.2459526354191,55.31152188777923,58.416728186488555
25.247529537251012,55.31373739242554,76.93847435499595
25.24815058835503,55.30867874622345,54.423515234672266
25.24472021174013,55.30587315559387,118.43202603928647
25.251988419670397,55.30917227268219,79.42112265103988
25.244817253428067,55.30624330043793,143.00519100547643
25.2516536452801,55.30934393405914,56.95805157452387
25.246850258971037,55.30814230442047,52.591941129131875
25.24272598789318,55.30695140361786,53.233317571414375
25.24521027147169,55.306570529937744,185.10876678810214
25.24239118798063,55.30544936656952,11.574510321136287
25.25220189850998,55.30986964702606,41.46661800576363
25.243371324252564,55.3059858083725,10.081769558665709
25.250309686629834,55.31188130378723,63.399606916419046
25.25160027536448,55.31067967414856,29.616687771179283
25.245671216940153,55.31114101409912,100.98358549172869
25.242400892338893,55.30536890029907,13.755885447079953
25.25367198124056,55.306779742240906,32.36117065013887
25.247641132605224,55.308523178100586,9.665963171959051
25.241983604233496,55.30020833015442,213.57294664331187
25.235709553384694,55.30466616153717,22.273905371169036
25.23717498326596,55.30190885066986,46.9024984949508
25.248892934337505,55.31317412853241,45.84735117457162
25.24313842130003,55.30689775943756,76.27437622122797
25.24543346633793,55.30675828456879,154.4293716374118
25.250207797461556,55.31194567680359,66.87067082009027
25.242347518358812,55.30523478984833,20.159980585278383
25.23794651044211,55.301823019981384,59.75306263895201
25.24268717055928,55.305808782577515,9.636082043058593
25.242376631441772,55.30397951602936,85.5149688928689
25.2494314962308,55.31264841556549,63.886077050558164
25.243783755469224,55.30064821243286,93.60643779036884
25.241226659362155,55.30634522438049,78.98437706964194
25.2428084746865,55.29811084270477,182.49899454349656
25.23991169905011,55.30017077922821,189.5516301208057
25.240096085486527,55.29791235923767,233.6474149172096
25.241503235919453,55.30376493930817,156.40961624526096
25.245370389569473,55.30919373035431,158.73667570737842
25.248917193933607,55.30917227268219,30.067655599628768
25.241872003683397,55.3053742647171,65.26193117864425
25.242061239338327,55.30147433280945,215.18836315262647
25.245360685448347,55.30609846115112,193.21468971165422
25.24101316123837,55.29698431491852,217.27803379113988
25.2421679875265,55.30393123626709,97.66688613785719
25.248761932434917,55.3133350610733,49.68937589826196
25.242682318391672,55.30448913574219,27.461696636947
25.241707028769422,55.30500948429108,95.41484877371464
25.240071824129306,55.29578804969787,76.957565107134
25.24145956597856,55.29720962047577,197.99637492765052
25.240105790028068,55.302557945251465,177.9603351510538
25.247903138686212,55.31290054321289,137.02901053578123
25.24332765498295,55.3068333864212,95.80710228381608
25.248834711287117,55.31291663646698,68.30622190540822
25.24089670755822,55.302520394325256,254.60400448222708
25.25296362676636,55.30873239040375,65.36931237388428
25.240853037399404,55.30118465423584,226.0197957979397
25.238858750093,55.3023487329483,58.3841054204846
25.24282303117363,55.30414044857025,66.13368573769122
25.237917396297945,55.30221462249756,79.72234245247951
25.239402208758307,55.29638350009918,60.128723035971
25.24970320222583,55.312380194664,56.35082229086773
25.240246505793262,55.29689848423004,151.60378570863946
25.25200297505775,55.31008958816528,15.586009144514284
25.241707028769422,55.30500948429108,95.41484877371464
25.244273818977447,55.30859291553497,24.274519697932675
25.241280033834514,55.305331349372864,130.34644311809538
25.24426411476874,55.3071928024292,113.23563676632436
25.24236692708156,55.300771594047546,209.33711041207505
25.249504274681897,55.3125786781311,59.30515627703767
25.25073664983418,55.31150043010712,61.8323137923664
25.252784111620215,55.30826568603515,97.69549693095679
25.248364073938816,55.31397342681885,11.610998151153495
25.243968136030944,55.30724108219147,90.4568204557813
25.23991169905011,55.30585169792175,46.6986681831758
25.247903138686212,55.30843734741211,18.782360669657184
25.242269883436848,55.30565321445465,18.44285803413265
25.254026156928543,55.306071639060974,92.53570027759316
25.243618783150534,55.30609309673309,24.119066441133278
25.24738882991916,55.31358182430267,63.14708676918858
25.24861637459968,55.31345844268799,44.566774861348485
25.24239604015986,55.305545926094055,4.319095294418335
25.24083362843487,55.30294418334961,269.3772461185526
25.251590571740948,55.30999302864075,11.756843221339256
25.24711226675751,55.30666172504425,176.4951079942444
25.241842890479543,55.305545926094055,65.71394016663685
25.247878878887647,55.30677437782288,181.3590744340258
25.242090352489853,55.30495584011078,54.06243657871733
25.239072252001307,55.303807854652405,197.63596885735072
25.239853471696293,55.30248820781708,149.46358818260825
25.251590571740948,55.30998766422272,12.00861839590433
25.246850258971037,55.30813694000244,52.829170852950625
25.251629386230434,55.30996084213257,10.514997299174446
25.241381930489354,55.3038614988327,159.7001399345486
25.239935960439297,55.30589461326599,46.64937230590558
25.252803518675847,55.30590534210205,11.703699992527843
25.246335945747138,55.311795473098755,30.22566234593004
25.24118784154936,55.30535817146301,139.9530098811156
25.244802697179807,55.30746638774872,114.81937735544072
25.24888323049771,55.31326532363891,43.33112342152295
25.240688061102233,55.30522406101227,157.35679788744508
25.23825220853466,55.30361473560333,177.607713557124
25.25193019810358,55.30972480773926,22.352103010391932
25.248519335945957,55.308823585510254,42.843776596902124
25.24404091775463,55.30717670917511,100.54645913239608
25.24887837857753,55.313259959220886,43.9995686192365
25.23944102714141,55.29915153980255,193.16807564576877
25.25281807396551,55.30588388442993,8.838448339973477
25.25006224135865,55.31111419200897,139.77279654677267
25.24887837857753,55.313259959220886,43.9995686192365
25.243943875446703,55.30593752861023,40.29260056989328
25.240906412035827,55.30618965625763,87.87694283213355
25.24339073281179,55.30698359012604,90.91022343429795
25.243924466975827,55.30725181102753,87.30147775808736
25.242561014138488,55.3049236536026,6.01783866171092
25.248849267052336,55.31323850154877,47.74845495496954
25.24004756276723,55.30611455440521,54.19972607795838
25.24820881173328,55.31393051147461,17.900026002175952
25.247160786655986,55.30618965625763,224.09693840531352
25.252119418093727,55.309810638427734,37.5138865677409
25.24239604015986,55.29772460460663,201.89484566874387
25.24386138942404,55.30616819858551,48.586504411500535
25.24777698768071,55.306817293167114,173.592449716153
25.23931001504873,55.30572295188904,37.24407940146059
25.24488518256352,55.306554436683655,164.40247273873769
25.248189403943627,55.31387686729431,24.221206680990804
25.243982692379177,55.30625939369202,65.0253430235299
25.241624541228447,55.3054279088974,90.86925144887432
25.24412825576549,55.30723035335541,100.66852345615578
25.237393340510778,55.30319094657898,171.87582139861152
25.25142561002218,55.310829877853394,21.30967373364524
25.243691565083452,55.30712306499481,94.46895748814374
25.235500898024455,55.30401170253754,11.870015600945939
25.247985621965157,55.31397342681885,30.842708495855856
25.243308246413665,55.30685484409332,92.60402295826226
25.242949187322424,55.30683875083923,71.08200064862098
25.248684301611135,55.31348526477814,38.619807178442336
25.242755100885446,55.30683875083923,65.92447239961774
25.242051534952935,55.30387759208679,108.75809577030037
25.24721901050853,55.30646860599518,200.8802178576852
25.247485869475796,55.31387150287628,74.03239655560854
25.247364570017908,55.30589997768402,263.16399290944196
25.24953823794415,55.31258404254913,55.68609281886624
25.240765697034675,55.3044193983078,198.38194640317886
25.2492228644293,55.312777161598206,64.77258512567818
25.244652282512476,55.30610382556915,120.87610710130275
25.239455584031887,55.30476272106171,141.8327511097357
25.24522482767111,55.30986428260803,176.12101820378746
25.239411913355255,55.3057336807251,39.317971589638844
25.24809721690046,55.30693531036377,169.48882926262823
25.250523168419576,55.31172037124634,60.06513801363026
25.24702978288566,55.30820667743683,31.486747411030652
25.244006952955672,55.307042598724365,112.24337592619175
25.25384664335273,55.30608773231506,72.78556035585055
25.24693274296476,55.31319558620453,59.03760257098091
25.24825247924863,55.307015776634216,165.97588175735535
25.24861637459968,55.31345844268799,44.566774861348485
25.246161272836247,55.31099081039429,72.53320320745331
25.2513964991074,55.30549228191376,56.859329758160264
25.24693759496263,55.308281779289246,39.00257046045037
25.252910257426297,55.30889332294464,49.02061242981778
25.242852144142702,55.3058785200119,17.546668246213894
25.240804514982287,55.298572182655334,341.0054904364662
25.245511099238797,55.30889332294464,122.69392829507288
25.24450186765893,55.30642569065094,120.74112718163688
25.251658497089423,55.31046509742737,26.77793684285294
25.24316268204508,55.306779742240906,88.34822582635313
25.24142560045813,55.29663026332855,161.72563487734314
25.254356073078696,55.30520796775818,172.50385197761776
25.24825247924863,55.313812494277954,29.57070033343153
25.238674361779474,55.297788977622986,119.15203966699322
25.251367388185628,55.30925273895264,55.69757214234699
25.250309686629834,55.31183838844299,66.10833958886225
25.25156631267869,55.31067430973053,26.450328402934375
25.244846365919344,55.30539572238922,118.15393135683189
25.24468139504326,55.30614674091339,125.31604889376841
25.253274138825176,55.30715525150299,39.13497042131052
25.245574175934195,55.310041308403015,184.64973326067553
25.23705852590834,55.301576256752014,21.508702375737563
25.24556447182935,55.30839443206787,77.45938193670986
25.243589670365154,55.30691385269165,112.48796464879915
25.250052537612248,55.30569076538086,126.15058402284173
25.25428814923869,55.30548691749573,147.01264530542113
25.247451905639792,55.31372129917145,68.29400249772874
25.244894886722605,55.3106153011322,91.66221361586929
25.251910790908425,55.31063139438629,33.97131560270026
25.249873018164138,55.31225681304931,56.9751231278982
25.25163423804075,55.30996084213257,10.193182069864994
25.248849267052336,55.31323850154877,47.74845495496954
25.24246397064877,55.30520796775818,10.005021696485723
25.245287904515138,55.30784726142883,93.13378902781938
25.245841038514072,55.31135559082031,74.27655463116719
25.24796621413985,55.31286299228668,139.12780308110842
25.25175068143021,55.30944585800171,45.616404554587724
25.251071426751608,55.3068333864212,168.90324301545522
25.25281807396551,55.30588388442993,8.838448339973477
25.252512412516054,55.30697822570801,8.160840974222307
25.25177494045562,55.310545563697815,36.66312778724927
25.24887837857753,55.313254594802856,44.15267532467279
25.252318341355277,55.31025588512421,25.04543480146137
25.24943634812888,55.30908107757568,23.703274527040318
25.24887837857753,55.313259959220886,43.9995686192365
25.2393391288593,55.30136704444885,57.2054946210727
25.25267252099026,55.309762358665466,10.332501899083125
25.23930516274629,55.30087351799011,86.64806476874713
25.246627066707305,55.30816376209259,51.289125102069185
25.24711226675751,55.30666172504425,176.4951079942444
25.24136737382962,55.30289590358734,238.63407142405364
25.252847184539647,55.30832469463349,90.65057307894243
25.24212431782449,55.30561029911041,34.574276188915505
25.25316254864542,55.30741274356842,45.71519847540752
25.25417655999047,55.3058248758316,117.30739800373478
25.24888323049771,55.31326532363891,43.33112342152295
25.24236692708156,55.30519187450409,19.77465020131101
25.24256586631095,55.30172646045685,155.53911280791797
25.250610501770893,55.31164526939392,63.80215711961369
25.245841038514072,55.30999302864075,188.00907431807502
25.250144723171715,55.30547082424164,101.24715870569963
25.248849267052336,55.31323850154877,47.74845495496954
25.25269677983158,55.309553146362305,15.654477392912765
25.245093821813512,55.309579968452454,152.18089721902717
25.24887837857753,55.313259959220886,43.9995686192365
25.24604967612281,55.31139850616455,50.849339415807826
25.25274044573375,55.30862510204315,83.46751029276355
25.241032570174212,55.304521322250366,167.32874372216764
25.244477607181224,55.306559801101685,127.6431528910952
25.252876295106773,55.3063291311264,38.27887779792319
25.24790799064536,55.31386613845825,45.399645769864314
25.24132370383991,55.30363082885742,181.13385619203012
25.24200786520906,55.30561029911041,47.47353910734406
25.243744938473213,55.30696749687195,112.33561611956864
25.24824277535768,55.31393051147461,16.736298429399373
25.25285688806278,55.30791699886322,96.18996549828606
25.25250270896538,55.31000912189483,33.76616636331392
25.24963527578403,55.30914545059204,18.42765192371379
25.251692459749435,55.31034708023071,17.40433163480776
25.24318209063763,55.306806564331055,87.22373077801068
25.242711431394422,55.30687630176544,61.520612360311716
25.24721901050853,55.306044816970825,241.3283710275527
25.247990473920993,55.31440794467926,11.97723748425905
25.24218254409037,55.29760658740997,194.68940827252032
25.246850258971037,55.30815839767456,51.91473723380033
25.236893544460727,55.30384004116058,114.25542145580022
25.240853037399404,55.3011953830719,225.83748135483566
25.240358107836045,55.29941976070404,285.89309573564105
25.252798666912213,55.30851781368256,92.50360177579586
25.242599831512692,55.30418336391449,61.314595628955566
25.241740994211185,55.30374884605408,139.87051284758218
25.241357669388805,55.3029066324234,239.7873963984738
25.248849267052336,55.31323850154877,47.74845495496954
25.242240770328337,55.30144214630127,203.255915065998
25.2523620073935,55.307273268699646,40.83475759293511
25.24278421387075,55.301318764686584,179.1877798408064
25.237927101013454,55.30244529247284,96.61161533582501
25.24265320538194,55.301538705825806,165.71345736852945
25.23880052223474,55.30248284339905,70.72319634238427
25.24547228279455,55.311044454574585,99.91190662860387
25.24879104398103,55.31313121318817,58.09807100951296
25.24200786520906,55.30289590358734,167.74415934058848
25.237825201462144,55.30338406562805,188.30246541988888
25.24463772624445,55.30615210533142,120.8770297376008
25.248795895904692,55.31317949295044,55.4673379285381
25.23888786401166,55.29751539230347,115.11710411032804
25.240979195593184,55.30512750148773,168.06843171290043
25.242386335801218,55.30410289764404,71.88525583638277
25.248771636284378,55.31323313713074,55.951499343226004
25.241891412482076,55.29744029045105,190.18622196132893
25.24931505061832,55.31274497509003,68.45148872408811
25.245515951293427,55.30899524688721,132.02212322304356
25.244089438879513,55.30142605304718,157.5392403643772
25.246471802282016,55.30811548233032,33.48388742432929
25.241411043803637,55.30110418796539,288.5949930217883
25.238373517088466,55.298556089401245,88.28666458009506
25.243822572452828,55.30614674091339,43.72064474598524
25.240591016116923,55.30273497104645,235.07651149821552
25.24278421387075,55.29713451862335,133.76646877229834
25.238324993681488,55.30263304710388,89.9875244532955
25.23951866387044,55.29898524284363,206.972809835206
25.250178686254927,55.3104704618454,117.63835960650249
25.237965919867666,55.30039072036743,4.431554965203798
25.248849267052336,55.31323850154877,47.74845495496954
25.24265320538194,55.30121147632599,196.52556830006029
25.23866950945164,55.300835967063904,73.89176117399683
25.23779123492605,55.29985427856445,13.460473328047927
25.251212129818356,55.311119556427,46.94273896915697
25.237859167988717,55.301753282547,69.19791876656198
25.243259724976852,55.30012249946594,88.08858739671541
25.241095649194293,55.30475735664368,158.64715195288167
25.238902420968387,55.30296564102173,125.49241508274702
25.24887837857753,55.313259959220886,43.9995686192365
25.24818455199572,55.313823223114014,29.97397167143975
25.252987885549516,55.30785799026489,80.52647772886735
25.238659804795446,55.29797673225403,111.69637647911483
25.251284907202717,55.31100153923035,37.7265914765481
25.24843200109136,55.313780307769775,33.903524260037074
25.242958891636135,55.297327637672424,157.4635738547953
25.24795165826885,55.31439185142517,16.618460327590164
25.242017569597948,55.29753148555755,193.21313763984423
25.252784111620215,55.3077507019043,88.18875213411422
25.24434660051803,55.30100226402283,126.12291681571249
25.23732540718775,55.30412435531616,112.3068116327705
25.243526592639583,55.30689775943756,108.74662307782054
25.25044068686347,55.30942440032959,11.98582018910424
25.24125577271363,55.29710233211517,206.7120871488698
25.2450258927947,55.306050181388855,157.63032736063798
25.251076278584208,55.3112268447876,46.607850014177274
25.25062020547273,55.31160235404968,66.60343017420769
25.241231511587884,55.306280851364136,85.65666474458567
25.24037266461667,55.30584096908569,94.0906410415018
25.243230612105435,55.304328203201294,48.863123742259624
25.247854619084222,55.30860900878906,24.957957540789835
25.25098409373166,55.308780670166016,41.26636413023989
25.242201952839466,55.30677437782288,91.7309346781844
25.23874229434857,55.30051946640015,89.32083454554835
25.237888282146827,55.30242919921875,98.40629434566829
25.24695215095514,55.306559801101685,176.94760316345312
25.24291037005985,55.30368447303772,116.70619813903222
25.253560391426277,55.30666708946228,46.29971776986114
25.250848242242498,55.307697057724,159.9030572170685
25.23970790318968,55.29700040817261,133.59176605851667
25.24660280665394,55.30823349952698,52.73497101141222
25.2414401571109,55.30297100543976,229.90491929811782
25.240096085486527,55.30497193336487,136.92166975056898
25.240523084581085,55.30434966087341,220.0911811677857
25.247810951425866,55.31385540962219,54.02440139847134
25.244768732593784,55.30563712120056,113.59416532946166
25.24423015003218,55.30720353126526,109.90467207250867
25.24245911847227,55.30072867870331,198.53434663214477
25.25163423804075,55.30996084213257,10.193182069864994
25.25253667138935,55.30914545059204,58.501501488160386
25.24347807128997,55.30687630176544,105.63679697724453
25.24444364250435,55.30643105506897,115.80749480484444
25.242138874393575,55.301313400268555,221.39988167574631
25.23990684677169,55.3025096654892,155.81701469078286
25.251852569304404,55.31036853790283,17.08976294406226
25.235908503510927,55.30468761920929,15.029257126435281
25.24200786520906,55.30440330505371,68.2034530752653
25.24131399939563,55.306436419487,75.44413971549707
25.25009620446491,55.30544936656952,103.51309278203782
25.239445879438435,55.296319127082825,53.428737710898076
25.244691099218628,55.30474126338959,105.03178592368904
25.25219704672236,55.30965507030487,51.64409158898979
25.24668529081562,55.30809938907623,54.92475274723214
25.251129648730014,55.308330059051514,93.8210585077713
25.241872003683397,55.3053742647171,65.26193117864425
25.24408458676791,55.30737519264221,84.9266268833226
25.253754460602607,55.306302309036255,60.07592271773574
25.248873526657135,55.308791399002075,9.080848223448024
25.244492163468436,55.306436419487,120.53143359790808
25.242386335801218,55.3054815530777,8.784391503168422
25.24249308370382,55.306570529937744,96.88074225771634
25.248640634250975,55.31344771385193,44.38371725441713
25.252163084203417,55.3054815530777,13.332509904144725
25.243992396610352,55.30713379383087,102.35099506732166
25.244108847324057,55.306286215782166,76.87121023459116
25.2409646388852,55.29693067073822,211.87724546129243
25.23973701690494,55.29994010925293,199.79988943414497
25.239732164619554,55.305798053741455,36.93930068256667
25.24116358041009,55.29649078845978,161.7388461487719
25.246758070911795,55.30816912651062,61.20171932808392
25.240765697034675,55.3051221370697,171.10912794197773
25.237141016548165,55.30136704444885,25.491073471675474
25.239353685761984,55.2964586019516,68.48266903389954
25.24121695491013,55.30110418796539,267.32459643748376
25.246593102631223,55.3080940246582,44.944108117906126
25.24457950115496,55.30750930309296,98.82586608004748
25.23520004547919,55.30448913574219,47.51844489093217
25.244094290990944,55.307321548461914,90.27721494593541
25.242735692224713,55.30343234539032,114.12361978404545
25.24282303117363,55.30585169792175,14.56320894908478
25.24854844755022,55.31351745128632,43.65674712765077
25.2398437671346,55.29698967933655,137.35028167646323
25.251008352910148,55.30785799026489,142.72620926382734
25.241124762577144,55.30615210533142,95.14423438901726
25.24132855606176,55.30368447303772,176.75203620209322
25.248131180556054,55.31394124031067,21.947638760108607
25.24049882330911,55.29700577259064,179.12599311597194
25.251207277991156,55.30969798564911,37.63526722910373
25.245811926261084,55.30623257160187,195.7679896409788
25.246593102631223,55.3080940246582,44.944108117906126
25.239450731735246,55.296319127082825,53.50440774517585
25.251716718786483,55.30939221382141,51.57622251671302
25.242876404944894,55.306806564331055,71.84004758204269
25.252556078484503,55.30994474887848,25.25238968614007
25.238975205725836,55.30208587646485,42.804187433282316
25.2502320567951,55.31193494796753,66.5592468691849
25.24775272785696,55.3083997964859,2.8747355092975986
25.243240316396697,55.304580330848694,26.097421673307796
25.2407171745827,55.296785831451416,181.60385890276027
25.242371779261777,55.30547618865967,10.286503033846001
25.24875708050986,55.31017541885376,139.9154967939125
25.237922248655806,55.30343234539032,188.7548031059214
25.25311888289498,55.30815839767456,61.14864892098158
25.24530246070526,55.31090497970581,93.47400700132012
25.253730201972505,55.306286215782166,57.28158199155427
25.249455755719353,55.31262159347534,62.31263492970605
25.2463844659556,55.30800819396973,20.07193968808998
25.23725262144241,55.30142605304718,39.413576342869135
25.249038491841404,55.30722498893738,182.4232951491596
25.250445538721237,55.31216025352478,34.39070172982785
25.243900206382875,55.30731618404389,79.68105324469805
25.25324502835339,55.307804346084595,55.27700441358229
25.23757287839599,55.302075147628784,94.72281585286392
25.242580422827142,55.305781960487366,15.205279818819228
25.244322340009333,55.30698895454407,135.0055048385824
25.24298315241704,55.303544998168945,105.18696976347908
25.24964497956377,55.3074449300766,173.20502459036538
25.242323257451048,55.305524468421936,12.581743392722045
25.240945229938504,55.29691457748413,210.35500785646528
25.249213160615852,55.30900597572327,7.028243841997537
25.244220445819977,55.30734300613403,97.65910475453069
25.25340998760133,55.30743956565857,18.234787574895332
25.239179002814836,55.29695212841034,88.69198298316792
25.24086274188049,55.306060910224915,102.28859626559681
25.23573866805765,55.30451059341431,7.325661474673505
25.240770549278793,55.29616892337799,133.8479682887028
25.243385880672264,55.30437111854553,53.991536512050075
25.24530246070526,55.30661880970001,175.13489478531824
25.246554286532657,55.308083295822144,40.47854966004008
25.246268017422736,55.307042598724365,103.10118319319952
25.24488518256352,55.30521869659424,122.46944359258858
25.23951381157633,55.305787324905396,33.17338800924508
25.250998649239335,55.309070348739624,15.212045132169932
25.24522482767111,55.31084597110748,92.14617266775224
25.23839292644584,55.29851317405701,88.07111128729797
25.245190863203064,55.30659735202789,183.81580035669148
25.24448245927715,55.30465543270111,86.86012013170553
25.24278906603429,55.30418336391449,61.295453771642
25.24459890952123,55.30624330043793,120.42896687992479
25.252483301861687,55.30909717082977,65.92181341433607
25.251590571740948,55.30998766422272,12.00861839590433
25.241901116880243,55.306554436683655,104.82805745842813
25.238291027285054,55.29869019985199,89.03767557411645
25.239819505727,55.29847025871277,240.371021875037
25.247248122424352,55.31265377998352,126.72353461231755
25.238766555971196,55.302541851997375,76.4671745432468
25.242134022204084,55.30675292015076,98.31119957566077
25.2470055229127,55.30821740627289,33.47910018791741
25.242323257451048,55.305524468421936,12.581743392722045
25.248946305442487,55.3093546628952,46.58892411770801
25.23772330182541,55.30022978782654,18.906403007398115
25.243143273449434,55.306801199913025,85.16131157074895
25.252420228753337,55.31012177467346,27.42543630964153
25.251464424564404,55.30942976474762,53.3976143044066
25.24079966273952,55.301275849342346,218.78009221030314
25.242677466223853,55.30336260795593,114.38675289791405
25.24182348167311,55.30390977859497,120.25242460836388
25.24494825958385,55.31057238578797,98.344067497991
25.24049882330911,55.297048687934875,182.59047909940446
25.247044338867127,55.307273268699646,120.19199468655836
25.24046000526384,55.30617892742157,91.23934241072453
25.237684482893695,55.30234336853027,108.98478786915891
25.244419382015025,55.306822657585144,143.3081065545694
25.23795621515528,55.303523540496826,184.39521832940216
25.243085047643888,55.30588924884796,8.731731270585383
25.244356304720142,55.30709087848663,128.4845524123067
25.23951381157633,55.304784178733826,141.44814399457633
25.245671216940153,55.30835688114166,65.63919995410696
25.237742711286614,55.30221998691559,96.0331278563131
25.239285753534578,55.30471444129944,143.25860393495557
25.24092582098872,55.303019285202026,260.36774757441503
25.236267583402352,55.30363082885742,84.8612634126936
25.2410713880366,55.30448913574219,163.6240214345689
25.242449414118624,55.30198395252228,146.08478663528402
25.2442592626641,55.29819130897522,106.16500937633892
25.239261492015615,55.30085206031799,85.85081489501839
25.241726437594437,55.30535280704498,81.45418955649117
25.242658057550727,55.30467689037323,8.105597438701617
25.240979195593184,55.30620038509369,87.04772453892569
25.243803163962586,55.30614137649536,41.66779263182149
25.250988945567727,55.309011340141296,18.553214542705437
25.24239118798063,55.30540645122528,15.542330790897191
25.238664657123635,55.299339294433594,104.59265849435808
25.245579027986334,55.308560729026794,88.80391771287826
25.244904590880935,55.31060993671417,92.61571657172645
25.237737858921605,55.30243992805481,111.08519419934528
25.239746721475157,55.30009031295776,186.10109056256783
25.248771636284378,55.31324923038483,54.88578236666617
25.24046000526384,55.30594289302826,101.07178688892404
25.2430413782714,55.3067421913147,85.06680116662548
25.24245426629554,55.30570149421692,7.808273801769663
25.238164866300963,55.298818945884705,74.45966108367831
25.250780316440924,55.31143605709076,61.16976072638609
25.24136252160932,55.30651152133942,72.57811709140184
25.254103784338596,55.30599117279053,103.18891397353232
25.239256639711215,55.30564785003662,41.59642905818176
25.240411482689836,55.29725253582001,193.90446292429965
25.242371779261777,55.305529832839966,7.182091909363674
25.251692459749435,55.310062766075134,3.06301281542995
25.241304294950567,55.30621111392975,96.15957174832164
25.244691099218628,55.30599117279053,121.44436063629173
25.242269883436848,55.29766023159027,197.79741810159052
25.249732313546403,55.31285762786865,23.661783165723694
25.24239604015986,55.306806564331055,77.25291836318448
25.240493971054136,55.30523478984833,140.02069015178537
25.244006952955672,55.30714452266693,101.97349005459307
25.238193980385816,55.30173718929291,32.22616103497054
25.25059109436492,55.31160235404968,69.00027379106433
25.24887837857753,55.313259959220886,43.9995686192365
25.249057899495384,55.31298637390137,47.201787632910076
25.24608364035079,55.31148433685303,44.557172081088375
25.252565782030914,55.30900597572327,62.48618157488758
25.24043089172176,55.30621647834778,87.9649462148838
25.25158571992887,55.30945122241974,46.32475397458562
25.246845406969683,55.30815839767456,52.41665284017633
25.24994579635076,55.31218707561493,61.89623918937433
25.23800473870948,55.29944121837616,32.99705162007025
25.24385168518241,55.30614674091339,46.170685012882075
25.24628257349545,55.31010031700134,163.7628023748744
25.242352370539805,55.3056800365448,10.49734622162835
25.24577310991299,55.308051109313965,39.34004603797051
25.252022382238152,55.30983746051788,27.272133666383244
25.24428352318536,55.30995011329651,95.4366213684641
25.252575485576543,55.30765950679779,75.28541681194469
25.25280837043924,55.30924201011658,26.498505549992036
25.242755100885446,55.30424773693085,54.32129390203355
25.243381028532568,55.30433356761933,56.84585269108366
25.250843390400775,55.30962288379669,49.434014995621375
25.24272598789318,55.304542779922485,21.531358420022926
25.243109308399568,55.30691921710968,72.39363743644073
25.247485869475796,55.3084534406662,8.620713983361446
25.244472755085113,55.30714452266693,133.08593166357053
25.244526128131767,55.304773449897766,86.46615362066704
25.243482923425788,55.306066274642944,18.38666426710819
25.253589501822475,55.306527614593506,50.94788171088966
25.244477607181224,55.30713379383087,134.29707369696942
25.25166820070754,55.31035244464874,19.46038499014025
25.247088006801036,55.306554436683655,184.97667983437373
25.248106920803025,55.31396269798279,22.5309931980503
25.242798770360807,55.304033160209656,77.96701186790266
25.24888323049771,55.30934393405914,48.24507945422477
25.24618068094985,55.31008958816528,166.80292138148394
25.240532789088547,55.30598044395447,108.5455948626373
25.250683279515684,55.30952632427216,29.488873685346984
25.248053549329285,55.31449913978577,5.490389236555167
25.24750042540262,55.305272340774536,230.9808259982516
25.247325754165782,55.31283617019653,111.9994279972288
25.242968595949066,55.3069406747818,61.77481250916701
25.25179434767246,55.30933320522308,58.05501220235654
25.2444679029888,55.30715525150299,131.876620511974
25.247985621965157,55.31458497047424,13.661508806812165
25.24661736268652,55.30809938907623,47.690297432921724
25.243885650024765,55.30620574951172,53.2792953120156
25.239334276558026,55.29949486255646,174.84840486568504
25.24658339860775,55.30817985534668,47.78258782296746
25.252245564590055,55.30745029449463,64.31539421678436
25.24584589055553,55.31010568141937,176.26815952644824
25.24912097434951,55.31346380710602,10.10728844128604
25.248567855282516,55.31349062919617,44.55686859776664
25.251677904324865,55.30946731567383,43.151498703153166
25.244477607181224,55.298330783843994,98.97475607094799
25.250474649863932,55.31174182891846,60.92173887697869
25.242347518358812,55.306527614593506,97.63245197557585
25.24553050745624,55.30994474887848,190.70506403735772
25.250144723171715,55.310550928115845,121.42597591387464
25.2463844659556,55.308040380477905,21.12694348147762
25.24887837857753,55.31326532363891,43.854013059344204
25.239072252001307,55.303807854652405,197.63596885735072
25.241590575754145,55.30640959739685,95.19091989882865
25.24139648714737,55.30518651008606,121.90485919342746
25.24326942926575,55.30599117279053,12.047571040863707
25.253715646792145,55.30664026737213,48.17464977883352
25.24951883036688,55.30892014503479,28.79915425516845
25.252847184539647,55.3080940246582,92.06633126762614
25.240547345848256,55.306060910224915,102.66495627217726
25.2523620073935,55.30762732028961,75.88738863644261
25.23781064437641,55.303534269332886,183.78982911894076
25.251629386230434,55.30995547771454,10.99106253343756
25.24494825958385,55.306060910224915,150.73031470150744
25.24448731137288,55.306527614593506,126.19039065152542
25.24701037490769,55.31239092350006,109.32342240319407
25.2397176077622,55.30243456363678,133.35669611653066
25.244453346698705,55.30718743801117,128.26018984340283
25.245137490448418,55.30666708946228,180.95489568859668
25.24831555452089,55.3069406747818,176.25864160539388
25.244021509299245,55.30462324619293,48.822577058275336
25.243381028532568,55.30433356761933,56.84585269108366
25.252866591585175,55.309043526649475,35.64727714620621
25.2487328208818,55.31008958816528,131.50361199788256
25.252929664461742,55.30621111392975,32.151394887213975
25.240314437483676,55.29950559139252,275.3434504528411
25.245710033320833,55.30815303325653,49.65614771205003
25.241173284866363,55.30118465423584,261.1925722716544
25.24459890952123,55.306313037872314,123.69965839206458
25.24029988069607,55.29774606227875,234.66971772286132
25.239445879438435,55.29686629772186,112.19953522281122
25.25103261208382,55.309317111968994,26.246137401269703
25.235491193115223,55.30463933944702,35.01506934915456
25.24706859883233,55.30834078788757,24.146776404194313
25.24729664226857,55.3083997964859,7.970513428865167
25.241847742680676,55.30388832092285,120.37843710947337
25.249499422786513,55.31025052070618,128.02456457598336
25.248795895904692,55.30887186527252,11.872150693518204
25.237665073423216,55.30419945716858,113.6407174159506
25.24640872605258,55.30801355838776,22.829853794893836
25.247286938301272,55.31366765499115,50.30219446519644
25.24870370932173,55.31339406967163,47.576671233040294
25.252944219736293,55.308528542518616,79.90956524036791
25.23822309446372,55.29857754707336,75.40203921824103
25.24430293159891,55.30699968338013,132.77478452225944
25.250435835005476,55.311800837516785,58.479543663164904
25.25230378600573,55.30945658683777,56.759489497703825
25.24114902372419,55.30192494392395,260.39399635623494
25.24809721690046,55.31422019004822,10.506432354242467
25.241236363813428,55.306286215782166,85.34530338468097
25.24607393628662,55.31123220920563,57.88804768340777
25.250780316440924,55.31143605709076,61.16976072638609
25.24146927041123,55.30648469924927,81.76819789199465
25.251993271466375,55.31051337718963,35.926203657852945
25.248650338110153,55.31343698501587,45.018704997270696
25.24487547840364,55.30762732028961,105.69819268922843
25.24495796373793,55.31060457229614,95.54029166212577
25.24313842130003,55.30469298362732,9.543049002594378
25.25293936797831,55.308812856674194,56.95386953605509
25.242949187322424,55.29740810394287,166.07851899707998
25.24727238234888,55.308292508125305,4.296458694355273
25.237965919867666,55.303528904914856,183.811325721299
25.25122668529872,55.306050181388855,116.01734896867852
25.24576340582402,55.31120002269745,88.8865261257299
25.2523086377891,55.30890941619873,92.45240169677457
25.247922546521593,55.31449377536774,19.421074857799056
25.248582411079695,55.31346917152405,45.53882817839204
25.25172642239994,55.31051337718963,33.56945641829606
25.24356540970534,55.30444622039795,52.22273064140278
25.249926388838578,55.31222999095917,57.822257244682284
25.251454720930028,55.310829877853394,23.11713453711568
25.245064709381538,55.30662417411804,185.55843816031202
25.251629386230434,55.310057401657104,6.8946296842252295
25.23929545814083,55.29951095581055,170.42191401572063
25.250993797403623,55.309043526649475,16.44725528507894
25.253992194921025,55.30622720718384,86.39304012124906
25.25119757433625,55.308077931404114,122.78923815244484
25.246724106872335,55.30822813510895,63.34234603935434
25.24982935123124,55.306538343429565,217.95651197137437
25.245515951293427,55.30860900878906,97.4937117814007
25.253424542818337,55.30725717544556,19.00414032421052
25.23880537455733,55.30246675014496,69.10274831879542
25.244812401345527,55.30747175216675,114.92424591598615
25.247524685276773,55.30846953392029,5.498494763540865
25.23971275547605,55.30246138572693,134.33568497078224
25.244812401345527,55.30747175216675,114.92424591598615
25.250678427667395,55.311511158943176,67.24807261340938
25.243385880672264,55.30437111854553,53.991536512050075
25.247379125959228,55.312782526016235,120.10124969139606
25.24768965229248,55.31398952007294,58.34702273231646
25.245758553779226,55.306307673454285,188.72680312481972
25.24461346579389,55.3061306476593,117.58570871045441
25.23987288081733,55.3032660484314,205.89236366154742
25.25336632193985,55.30740201473236,23.269639663097205
25.23882478384573,55.30243992805481,66.75979017677798
25.23857246285461,55.30448913574219,104.10544069237424
25.24621949716776,55.31173646450043,34.50872443054272
25.23882478384573,55.29936611652374,120.98449368158562
25.251629386230434,55.31058847904205,26.129954940376468
25.242017569597948,55.29753148555755,193.21313763984423
25.24139648714737,55.30140459537506,278.92252331049576
25.25242508053208,55.31017541885376,22.92928070934845
25.238994614987135,55.302042961120605,42.08882992188744
25.251823458491913,55.31037390232086,18.265326356563385
25.240712322336435,55.298808217048645,339.3356328426609
25.25146927638131,55.30525624752045,36.939290671724365
25.241789516254386,55.302032232284546,207.61924552465211
25.2380872287072,55.30193030834198,47.28120774370047
25.24318694278527,55.304312109947205,48.95148286197125
25.24961586822225,55.31249821186066,54.030781706173535
25.2512024261638,55.30613601207733,125.60074622850036
25.24883956320906,55.313270688056946,47.44607155184752
25.235699848492143,55.30461251735687,18.938801412851962
25.246850258971037,55.30815839767456,51.91473723380033
25.251629386230434,55.30995547771454,10.99106253343756
25.23922752588088,55.30082523822784,86.43699876004573
25.23772330182541,55.30172646045685,84.39641149831999
25.24460376161231,55.30620038509369,119.12487927734672
25.246840554968102,55.30722498893738,108.45205430243927
25.24685511097223,55.30817985534668,50.58576002767868
25.24196904764581,55.3056263923645,51.716813878070255
25.248169996150864,55.30693531036377,171.58495631159002
25.250969538222208,55.31123757362366,53.73993267329044
25.246554286532657,55.308083295822144,40.47854966004008
25.245511099238797,55.309064984321594,139.01357568207817
25.24232810963298,55.30669927597046,91.28210637234797
25.24282788333565,55.30425846576691,53.08804596669875
25.24505015316292,55.30666172504425,186.21928667233374
25.248247627303257,55.31394124031067,15.462316532268758
25.241707028769422,55.297327637672424,190.40243585179718
25.250266019853896,55.30934393405914,18.436679094996002
25.249072455233858,55.31290590763092,54.55971596626939
25.23590365107269,55.30465543270111,11.432800294578932
25.241032570174212,55.298824310302734,312.6770509110969
25.24538494574972,55.309569239616394,181.11833217669385
25.250275723583243,55.31070649623871,106.95845770050278
25.249251975864965,55.31019151210785,131.94059448404246
25.24203697837339,55.30415654182434,84.03511162849256
25.24246397064877,55.30576050281525,14.42214797575297
25.239052842752415,55.30065894126892,96.42992052797824
25.2407171745827,55.296785831451416,181.60385890276027
25.246661030773893,55.30712842941284,106.04817320378633
25.23784946326782,55.299811363220215,15.169883550229148
25.248912342014776,55.30902206897736,17.156602359259477
25.244894886722605,55.30528306961059,123.4921126030084
25.237043968730788,55.30142068862915,19.8512790973964
25.241231511587884,55.30627012252808,86.73913439479972
25.243385880672264,55.30437111854553,53.991536512050075
25.23710704982092,55.30200004577637,44.721323687262654
25.251677904324865,55.31091570854187,30.397708792594713
25.25417655999047,55.3059858083725,111.10311847200664
25.241988456428984,55.2975207567215,193.42455488153195
25.24247367500125,55.2977728843689,205.93008528402333
25.243914762739237,55.30723035335541,89.05570137022578
25.23781549673852,55.3008896112442,53.63406017646782
25.24642813412667,55.30801355838776,24.938382567339715
25.2513285736124,55.3109747171402,34.44167998909322
25.252769556326484,55.309327840805054,29.491800596917418
25.24334706354917,55.306028723716736,13.999853888226982
25.24592352319289,55.310014486312866,182.52014689595174
25.244176776855525,55.306323766708374,85.25272254187257
25.24089670755822,55.306313037872314,74.1916149244683
25.23616568245987,55.302557945251465,62.395771775590624
25.244904590880935,55.30523478984833,124.64376523192504
25.247437349707184,55.30668318271637,182.79326110015745
25.24132855606176,55.30139923095703,276.28110261305744
25.246850258971037,55.30815839767456,51.91473723380033
25.241420748240177,55.30374884605408,164.35411177371822
25.240998604534457,55.305288434028625,161.9341488736836
25.24318209063763,55.306806564331055,87.22373077801068
25.250576538808403,55.30949950218201,21.220411293633088
25.23588909375684,55.303046107292175,60.27291158334441
25.248276738972606,55.307031869888306,165.26183740624637
25.240561902606217,55.29696822166443,181.14627853588559
25.241318851617866,55.30134558677673,275.51496227680576
25.25303155134705,55.30774533748627,69.62017161878218
25.238019295771977,55.30420482158661,109.0938455318575
25.246816294957355,55.30817985534668,54.675826343031524
25.242386335801218,55.30550837516785,6.688218457804349
25.241260624938175,55.30519723892212,135.9104644454339
25.24457464906293,55.30674755573273,149.6262459555767
25.23725262144241,55.30142605304718,39.413576342869135
25.25146927638131,55.30983746051788,24.315384958955846
25.248490224334745,55.31244993209839,132.40607382375046
25.243657600186836,55.300310254096985,71.54951747920875
25.25109083408084,55.31117856502533,50.12863671701225
25.24926167967531,55.31274497509003,68.19871481603013
25.24491914711699,55.30517578125,126.18527817940563
25.241386782708872,55.3027617931366,235.9973310691344
25.246175828921736,55.30796527862549,3.5825944790358055
25.25379812612452,55.30614674091339,66.02803477242429
25.24167791552604,55.305519104003906,84.07138198742962
25.2462971295664,55.30808866024017,16.53007623604679
25.252890850387743,55.30896842479706,41.86664787704803
25.2498778700446,55.30636668205261,198.75491290418668
25.252594892665485,55.309773087501526,18.956620600608634
25.2507900201292,55.30922591686249,9.8373056903365
25.244880330483667,55.30528306961059,121.87641819489
25.24121695491013,55.304269194602966,154.11745173048465
25.24641843008999,55.31191349029541,39.4775005292649
25.239576891384655,55.30575513839722,36.441886853944496
25.242289292172018,55.30568540096283,17.145420537380232
25.235384439062983,55.304521322250366,38.30475036758637
25.252352303830804,55.30947268009186,51.13372023530535
25.246350501811705,55.30801355838776,16.575040368926224
25.244225297926164,55.307047963142395,123.44548792683551
25.24831070257804,55.307321548461914,137.52768442713636
25.25139164728759,55.31087815761566,24.74600475968484
25.251847717502784,55.31034171581268,14.200899496440861
25.251760385040953,55.309306383132935,61.03089440344171
25.242216509399228,55.29762804508209,195.88898919155116
25.249659535231885,55.30739665031433,178.79686540281415
25.23785431562837,55.29975771903992,11.640869662527228
25.24156146248288,55.30637204647064,97.40590976649233
25.24219710065246,55.306575894355774,107.8453781369643
25.239790392031495,55.30042827129364,159.01276439869497
25.2415129403486,55.306436419487,88.6402385416492
25.24887837857753,55.313259959220886,43.9995686192365
25.246995818922173,55.308297872543335,32.371417906557596
25.25163908985087,55.31008958816528,8.051995904766605
25.244380565222045,55.30702650547027,135.68648776184585
25.247534389225063,55.3138929605484,78.3100252258472
25.247607168812635,55.30684411525726,166.79319026412279
25.25228923065444,55.307326912879944,50.552503923285805
25.25424448389292,55.30559420585632,136.2791602509209
25.252391118076915,55.30938148498535,52.896121904718356
25.253589501822475,55.30693531036377,17.190711334121463
25.249014232269516,55.313045382499695,44.40443876022121
25.24460376161231,55.30614137649536,116.92354685562935
25.23866950945164,55.30092179775238,64.36525425857226
25.242924926534755,55.3058785200119,17.01198431690056
25.24236207490118,55.30120611190796,214.56678794871178
25.252575485576543,55.30998229980469,25.331816182137015
25.253303249290013,55.30785262584686,55.66698360664707
25.244492163468436,55.30710160732269,137.94100246676905
25.246699846838368,55.30812621116638,57.31773651734501
25.251614830798346,55.31010031700134,10.804846787193126
25.248558151416745,55.31350135803223,44.29956078019719
25.24528305245137,55.30988574028015,178.90503184106646
25.2444679029888,55.30716061592102,131.46925092731564
25.242594979341575,55.30574440956116,12.361309232100524
25.24113446703653,55.30448377132416,156.83016019019428
25.241158728181645,55.3019517660141,262.00503188268414
25.251959308890477,55.310567021369934,36.5189906533063
25.241221807136228,55.30475735664368,144.64540803878373
25.24876678435973,55.30968189239502,87.69625773303216
25.247747875891633,55.313817858695984,62.08198499628373
25.24884441513079,55.31323850154877,48.265555763294515
25.241692472148618,55.30547618865967,82.75342541534253
25.24136737382962,55.30296564102173,234.73468414625233
25.242648353212985,55.305792689323425,9.866526416768899
25.25226982351664,55.31022369861603,31.492490690208385
25.245414058104956,55.30672073364258,159.11815962285274
25.247447053662455,55.3073912858963,104.36689670469171
25.240770549278793,55.30518651008606,167.18125969631097
25.239411913355255,55.29636740684509,58.39796954260653
25.248111772754015,55.30689775943756,173.9222653230246
25.23621420672885,55.30475199222565,3.077358062636908
25.24253190109971,55.297837257385254,212.3418088920955
25.23807752400448,55.30434966087341,93.87957770560519
25.249606164440195,55.30747175216675,169.26705456986593
25.252861739824056,55.30791163444519,95.41019763747566
25.245646956695936,55.30842661857605,72.85944432648492
25.24821851562693,55.30695676803589,170.9148289566036
25.24220680502623,55.30249893665314,147.82630223943957
25.245448022510615,55.30892550945282,129.58256755878173
25.246520322436226,55.3080940246582,37.339899133501916
25.246918186969936,55.30818521976471,43.80825880077461
25.24450671975389,55.304784178733826,84.05664099835344
25.24129944272775,55.30171573162079,271.62734643845477
25.24790799064536,55.31447231769562,21.040347477072917
25.24325487283208,55.306811928749084,91.91225152531726
25.243099604097893,55.29751539230347,162.25195631346932
25.25269677983158,55.30859291553497,88.70622027889738
25.246500914376867,55.308061838150024,34.10932053579662
25.24448245927715,55.30712842941284,135.09783712540676
25.25098409373166,55.308807492256165,38.41959198118594
25.25208545555309,55.31008958816528,24.549402831911948
25.236301550364217,55.303786396980286,81.15513932764577
25.240707470089987,55.296780467033386,180.38049715194683
25.247257826394744,55.30621647834778,226.81867091823258
25.252793815148408,55.30918836593628,30.341502159465335
25.250993797403623,55.30883967876434,35.40511713527122
25.243385880672264,55.30437111854553,53.991536512050075
25.24762657669528,55.313796401023865,74.36507299496567
25.24154690584463,55.303786396980286,151.26356462211658
25.240901559797123,55.29689848423004,205.541669161421
25.2487328208818,55.30886650085449,18.86545756006544
25.23888786401166,55.30061602592468,98.43429336480919
25.244060326206903,55.30464470386505,50.51432750624599
25.24646695026551,55.307058691978455,105.11000526225173
25.24549654307364,55.30866265296936,103.33653319976655
25.242701727060933,55.29796600341797,202.47080204989174
25.24821851562693,55.308533906936646,55.177909982079726
25.240469709776303,55.3053742647171,127.98126991761796
25.248058401282435,55.30694603919983,167.35527922479125
25.246520322436226,55.308067202568054,36.34306437731638
25.24843200109136,55.31399488449097,11.937791413442895
25.242895813583175,55.2973598241806,159.8995847980715
25.238955796461457,55.30218243598938,48.34377734573762
25.24082392395144,55.29602408409119,116.71471480077425
25.243536296907195,55.30435502529144,62.616481425504034
25.253997046636968,55.30616283416748,87.54622069508721
25.242381483621585,55.30539035797119,16.160571139554545
25.23795621515528,55.30239701271057,90.63654130227307
25.25198356787421,55.30975162982941,25.648963687487292
25.253560391426277,55.30713379383087,11.87396448876492
25.248771636284378,55.313066840171814,63.39003734523955
25.24268717055928,55.304553508758545,20.296991060235996
25.2416390978574,55.29925882816315,238.71088477270078
25.248296146748316,55.30695140361786,174.36960080177397
25.237024559158016,55.30224680900574,59.60091570366007
25.24757805698285,55.30668318271637,184.0415283399658
25.244545536506536,55.30639350414276,122.86870055439695
25.23859187218021,55.29793381690979,105.44100984916486
25.24553050745624,55.30893623828888,125.5701211722282
25.24711226675751,55.31262695789337,124.98590258854915
25.249737165432492,55.30897915363312,18.933676990595536
25.24168761994129,55.29733836650848,192.62690487423555
25.253026699592525,55.30848562717438,70.76870832819361
25.23867921410708,55.30064284801483,85.23042088587731
25.248849267052336,55.31323850154877,47.74845495496954
25.246957002952257,55.3082013130188,39.14516168179717
25.24241544887485,55.305309891700745,12.749790903375024
25.243482923425788,55.306066274642944,18.38666426710819
25.248378629760424,55.308764576911926,59.29764009885925
25.252119418093727,55.309054255485535,96.74836417380631
25.24364304379968,55.30242919921875,36.908935437814485
25.243822572452828,55.30698895454407,111.54144013851652
25.24820881173328,55.314027070999146,9.180426528976453
25.246272869447168,55.30634522438049,180.43753514496115
25.235413553813817,55.3044730424881,33.30406339295671
25.249407236737383,55.30897915363312,16.286199224130513
25.24817970004763,55.31402170658112,12.187875645542608
25.240901559797123,55.29689848423004,205.541669161421
25.24554991567061,55.3087592124939,107.9833704299349
25.248136032506096,55.31383395195007,31.11892784880353
25.24777698768071,55.31419336795807,44.429372711006636
25.24777698768071,55.30846416950226,6.877068639448018
25.246350501811705,55.30800819396973,16.409162261412302
25.240741435811117,55.30286371707916,256.25596992082365
25.242041830566777,55.297542214393616,193.2672477691651
25.23562706177344,55.30465006828308,27.089381966793237
25.248068105188096,55.31445622444153,3.5826049464825074
25.24570032922682,55.30819594860077,52.73751775530023
25.251139352390386,55.308271050453186,100.40003086089048
25.244021509299245,55.30718743801117,98.47070223101757
25.241056831339648,55.29867947101593,313.9587443756196
25.245190863203064,55.30666708946228,177.45477817056835
25.24308989979542,55.30695676803589,67.79451679335668
25.24625346134829,55.311044454574585,62.66749947265634
25.248140884455935,55.31385540962219,28.788918536328723
25.244526128131767,55.30644178390503,123.97243587796835
25.24220680502623,55.3040224313736,86.66676984178781
25.251124796899543,55.30835688114166,90.81873620946708
25.246534878478712,55.30815839767456,41.92346238619093
25.24472021174013,55.3066885471344,157.54397949694493
25.252483301861687,55.30919909477234,61.538838951122614
25.238834488488777,55.300530195236206,99.62338774901491
25.245171454931366,55.30661880970001,183.07496556115797
25.247612020783578,55.31397879123688,66.88136833091492
25.24247852717717,55.306565165519714,96.70935931173229
25.244749324254656,55.30639350414276,142.62890712237407
25.25213397346536,55.309821367263794,37.977629541070044
25.25006224135865,55.305798053741455,134.791297878844
25.251265499904463,55.30948340892792,57.58358017426233
25.24887837857753,55.313259959220886,43.9995686192365
25.24421074160699,55.30740737915039,91.91314678082351
25.25320621438013,55.30734300613403,40.82663571141077
25.24817484809934,55.313780307769775,34.830053884125924
25.25201753044334,55.31048655509949,34.42573066995911
25.25108113041661,55.30850172042847,74.02836357093157
25.24500648449664,55.30599117279053,152.65291251167312
25.242425153231196,55.305309891700745,11.729579354041578
25.241090796963135,55.30637204647064,70.61702408300447
25.25098409373166,55.30963361263275,52.80052711080377
25.25091131616705,55.30964970588684,56.15144474812821
25.239397356459538,55.30574977397919,37.870419826367495
25.244036065641083,55.30458569526672,52.83742038030777
25.24514719458736,55.306050181388855,169.54535282234667
25.249567349304257,55.31144142150879,153.6103868685403
25.243968136030944,55.30724108219147,90.4568204557813
25.248271887028196,55.3070855140686,159.52827191907429
25.251876828309463,55.30927419662475,65.51107312944605
25.24363333954059,55.30716598033905,89.25389454747996
25.246559138545635,55.308077931404114,40.810987340774616
25.25147898001454,55.31082451343536,24.408086290094474
25.249902129444024,55.3091561794281,2.4374479481318283
25.24703948687352,55.31336188316345,45.55923314459256
25.251842865701025,55.305299162864685,17.94534432817489
25.25193504990186,55.305288434028625,11.769567522952544
25.244652282512476,55.30473053455353,101.25308015003763
25.244933703351293,55.306028723716736,147.54709853482345
25.248582411079695,55.31346917152405,45.53882817839204
25.249771128629632,55.31135022640228,146.6040816216243
25.249557645518337,55.312535762786865,56.6026077012511
25.246850258971037,55.30813694000244,52.829170852950625
25.24587985484048,55.306296944618225,187.52453490684894
25.2467774789301,55.3071928024292,106.91428628112462
25.24121695491013,55.3053206205368,137.44813196959993
25.244739620083905,55.31034708023071,100.23223369623892
25.252250416375745,55.31014323234558,39.037370450870604
25.2437934597163,55.30614674091339,41.2282387041627
25.24821851562693,55.30870020389557,62.11015208684758
25.25291996094441,55.30813157558441,83.42747079954272
25.248849267052336,55.31323850154877,47.74845495496954
25.25135768454348,55.3109747171402,34.59652998748161
25.246331093725217,55.307074785232544,100.24988589613399
25.24545287456779,55.31113564968109,93.53108598965937
25.24985361064036,55.312262177467346,57.29764445164166
25.24538979780941,55.30670464038849,162.00333273465404
25.244700803393243,55.306071639060974,125.20972910500433
25.242119465634417,55.30557274818421,35.15852272136611
25.242313553086575,55.304070711135864,77.43079763257622
25.244036065641083,55.307262539863586,92.04074848331054
25.244463050892307,55.30716598033905,130.6691910775643
25.24831070257804,55.3126323223114,132.91149448181926
25.252653113913723,55.3087592124939,75.03283643387556
25.24831070257804,55.31382858753204,27.98696918815488
25.250416427571608,55.311763286590576,63.02726421214523
25.25091131616705,55.311291217803955,55.22651456687077
25.243313098556285,55.30716061592102,73.90885298904026
25.24418162896346,55.307305455207825,97.78580868190859
25.246345649790385,55.308056473731995,18.090407429501415
25.248849267052336,55.31323850154877,47.74845495496954
25.249543089838,55.3125786781311,55.49703436505464
25.244336896315147,55.30712842941284,123.92287765677632
25.24855329948359,55.313512086868286,43.74255486891607
25.25163908985087,55.310567021369934,26.178274040823037
25.244424234113268,55.30674755573273,137.89154410695872
25.2435217405055,55.307058691978455,99.67065658360379
25.25285688806278,55.30787944793701,93.91330119815831
25.24248823152847,55.30686020851135,67.69702953462817
25.248582411079695,55.31344771385193,47.527885409920785
25.24822821951979,55.313791036605835,32.258227551450794
25.2460787883188,55.30800819396973,6.115756397658227
25.24093067322646,55.30523478984833,170.46165182490893
25.241576019119393,55.30639350414276,96.00437846308704
25.24278906603429,55.305835604667664,12.434878485673847
25.243803163962586,55.30611991882324,40.199811172418194
25.24420103739328,55.30706405639648,120.46404185839543
25.240426039464054,55.30607700347901,96.09984497745211
25.2516536452801,55.31012713909149,10.83432766470615
25.24856300334973,55.3134959936142,44.42114585094099
25.245093821813512,55.30665636062622,184.84864680261828
25.25115390787944,55.30812084674835,116.87754985948133
25.24511323009763,55.306060910224915,166.73417524244587
25.241280033834514,55.30538499355316,129.40055060023371
25.24732090218339,55.30570685863495,279.8964555237602
25.248296146748316,55.30874848365784,68.62588170472108
25.242633796704908,55.30673146247864,77.98758330014203
25.252730742201308,55.308512449264526,95.47446231234346
25.246850258971037,55.30815839767456,51.91473723380033
25.247417941794296,55.31284689903259,116.30893708961774
25.25291510918545,55.308067202568054,85.2689916377296
25.24030958522133,55.30596971511841,84.11670470195247
25.251299462674353,55.30962824821472,45.7225588246614
25.246636770727292,55.30713379383087,104.26749554966773
25.247248122424352,55.308287143707275,6.236210078883921
25.23983406257213,55.30588924884796,37.23002257705637
25.250877353288672,55.309579968452454,49.137017072377866
25.239751573759975,55.305835604667664,34.71363942299274
25.24468139504326,55.30592679977417,117.69825658857454
25.241381930489354,55.306286215782166,93.40013965577742
25.25125094442876,55.30595898628235,105.89657399766415
25.25133342543475,55.30569612979889,77.4321991155711
25.243871093664907,55.30617892742157,50.16556254748229
25.241280033834514,55.30635058879852,81.297728466984
25.242371779261777,55.30519723892212,19.023274972941966
25.245219975604822,55.30985355377197,176.62774466571807
25.24820881173328,55.313758850097656,36.15932424683063
25.24392931909385,55.30599117279053,41.26865001092207
25.24424955845423,55.30634522438049,92.94261804797368
25.24172158538849,55.30650079250336,94.97885952323031
25.24548683896259,55.30875384807587,111.75142264866938
25.24926167967531,55.30894696712494,1.1848236381740485
25.250261167988924,55.31195640563965,62.941925233993516
25.24438541732185,55.307273268699646,116.27703599257698
25.243099604097893,55.30593752861023,14.32849181024588
25.25109568591266,55.30918300151825,24.573919924154602
25.24607393628662,55.30696213245392,111.9231621716929
25.244463050892307,55.30735373497009,111.24254529786771
25.246850258971037,55.30815839767456,51.91473723380033
25.24494340750651,55.31057238578797,98.12804610745508
25.24160998459776,55.306307673454285,106.20198257457434
25.242255326883463,55.30567467212677,20.441303203992
25.251648793470537,55.31018078327179,14.778067752731944
25.243259724976852,55.30693531036377,82.5884810598439
25.252391118076915,55.309284925460815,60.11930476874078
25.25013987130191,55.30931174755096,32.19959931937844
25.244477607181224,55.30743420124054,102.98981864380181
25.25192534630509,55.3106153011322,34.57453858863033
25.24046485752017,55.305524468421936,118.00588512748152
25.25133342543475,55.30974626541138,33.80525718266501
25.242371779261777,55.30571758747101,11.638644571415536
25.24512778630869,55.30758440494537,117.93225724262905
25.24236207490118,55.30574440956116,14.693992982366149
25.24892204585224,55.31316876411438,43.27165827915449
25.242905517901136,55.29821813106537,166.53138439886385
25.239460436328315,55.296303033828735,51.9106287371797
25.23784946326782,55.303271412849426,175.91670637531573
25.252405673415993,55.30916690826416,69.22717221886727
25.246850258971037,55.30813694000244,52.829170852950625
25.246549434519466,55.30807256698608,39.60692713784006
25.237029411551504,55.30169427394867,21.492019733917644
25.240489118798937,55.3027081489563,223.5539132553487
25.244642578333995,55.306055545806885,118.50975176319807
25.239960221823665,55.300047397613525,203.64697817364208
25.242803622523752,55.29813230037689,180.9084625800694
25.241018013472612,55.30513286590576,163.76323563833085
25.244623169974687,55.307525396347046,99.21031810165448
25.250988945567727,55.30874848365784,44.84838784346191
25.241915673476058,55.30320703983307,182.63815597031
25.238096933409125,55.30019223690033,30.82939596410771
25.238873307053197,55.29740273952484,103.03268671268758
25.24102771794055,55.3050309419632,166.25708480730538
25.23931001504873,55.29960751533508,171.6468984992106
25.237039116337897,55.30399560928345,104.42285209591815
25.244065178319502,55.30496656894684,31.680059939203698
25.237611697363363,55.30221462249756,105.06357475593684
25.25111994506888,55.30919373035431,27.461299429193396
25.241988456428984,55.2975207567215,193.42455488153195
25.241124762577144,55.29889404773712,301.05524046393316
25.242158283149635,55.297595858573914,194.37569259601335
25.24142560045813,55.29718279838562,198.55260955361965
25.244933703351293,55.30660808086395,172.062264778455
25.242915222218343,55.30426383018494,52.47512544345834
25.23795621515528,55.30436038970947,91.5105877475137
25.248034141514836,55.31442403793335,6.838322630270575
25.251595423552818,55.30998766422272,11.528317743784765
25.24072687907463,55.30294418334961,258.82802399368114
25.240367812356652,55.305798053741455,95.05195522117167
25.251027760249485,55.307015776634216,172.99215916254175
25.24241544887485,55.303335785865784,137.6018298891173
25.24685511097223,55.30813694000244,52.33675440563753
25.243968136030944,55.30724108219147,90.4568204557813
25.248349518115475,55.31370520591736,41.41376686134708
25.250692983211707,55.311543345451355,64.4469974243518
25.24711226675751,55.30666172504425,176.4951079942444
25.24386624154458,55.29794991016388,116.57588075939235
25.24378860759286,55.30039608478546,68.98488012096011
25.25092587168348,55.30961215496063,52.96475368692711
25.23820853742565,55.29863655567169,78.1994170210003
25.242570718483194,55.304059982299805,75.14592782236119
25.245418910163497,55.309054255485535,143.24798004039178
25.238747146673475,55.297563672065735,115.12591076398063
25.24777698768071,55.31295955181122,134.14694021357477
25.2421679875265,55.30567467212677,29.972058914480854
25.23763110684237,55.30219852924347,105.72693686064574
25.250484353576596,55.31172573566437,61.79756242693874
25.241804072863573,55.30665099620819,89.6970776223081
25.242502788053955,55.297799706459045,208.5130121376471
25.241381930489354,55.30285835266113,236.79137679024095
25.247709060161952,55.30748784542084,100.41634364868646
25.243812868208096,55.307289361953735,79.01557240040113
25.24444364250435,55.30637741088867,112.3856078422201
25.251629386230434,55.30996084213257,10.514997299174446
25.25140620274644,55.31089961528778,27.502822378858408
25.24435145261917,55.30815303325653,23.61936753342283
25.250372760834026,55.30940294265747,11.46008554899542
25.25002827824288,55.31040608882904,128.85147657981494
25.24488518256352,55.30519723892212,122.41922297284579
25.24936356963707,55.31270742416382,66.94424221895288
25.24044544849366,55.306039452552795,98.37088767109013
25.24339558495113,55.306044816970825,15.994879836295151
25.243968136030944,55.30724108219147,90.4568204557813
25.253584650090275,55.3071928024292,9.472949174681018
25.247141378698927,55.31346917152405,43.71851473812803
25.25117331519553,55.30809938907623,119.7479464750745
25.249586756873796,55.310271978378296,128.1770319170954
25.24548683896259,55.30912935733795,146.5730757454112
25.24638931797537,55.308061838150024,22.60345580167187
25.253235324861237,55.30737519264221,37.789391521999086
25.251561460865673,55.30999839305878,14.593126661946888
25.25109568591266,55.31116783618927,50.870190187413
25.244492163468436,55.30666172504425,136.4241380935446
25.250430983147297,55.311768651008606,61.52290406219375
25.24374008634784,55.3061306476593,35.672383983229544
25.244472755085113,55.30714988708496,132.67693041282342
25.241032570174212,55.30612528324127,96.02669337695386
25.253904864000987,55.306516885757446,67.09044059130125
25.248655190039443,55.30874311923981,30.77002002200484
25.25136253636464,55.31096935272217,34.05979858638336
25.238766555971196,55.29899597167969,130.8282768167234
25.24574884968912,55.30796527862549,40.97807981563124
25.24777213571636,55.30843198299408,4.383572492166202
25.24046000526384,55.30540645122528,124.95402679146666
25.2353407669237,55.30450522899628,42.11119591353063
25.245108378026885,55.30665099620819,184.33177564991715
25.247883730847732,55.314295291900635,28.19441880110418
25.237121606990897,55.30136168003082,23.410950731736342
25.238320141339713,55.29865264892578,89.01810933173593
25.25285688806278,55.30892550945282,47.73846909281355
25.24503074486873,55.31068503856659,91.58441223469327
25.252531819615054,55.30911326408386,60.2585428744693
25.25440944178348,55.305331349372864,168.15036857337714
25.23855305352592,55.29791235923767,101.94563928243215
25.24052793683491,55.306071639060974,101.71675837800221
25.240814219467257,55.30613601207733,93.83222532785817
25.24884441513079,55.31323850154877,48.265555763294515
25.25202723403278,55.309805274009705,28.298026502375325
25.247912842604293,55.30849099159241,21.315068581466413
25.25013987130191,55.30933856964111,32.28364472618055
25.23978553974824,55.304049253463745,227.12881861499454
25.246850258971037,55.30815839767456,51.91473723380033
25.238921830241296,55.29875457286835,152.60399555373098
25.235646471569353,55.3046715259552,27.654507715055303
25.246185532977776,55.307037234306335,103.5095373971434
25.238708328068753,55.29771387577057,125.84921943980032
25.24887837857753,55.313259959220886,43.9995686192365
25.248451408842257,55.31361937522888,43.22718927873152
25.23922752588088,55.301576256752014,43.626843414300325
25.240319289745827,55.29739201068878,201.11832438903727
25.25318680738887,55.307804346084595,59.74363223618887
25.25032909408077,55.30923664569855,14.307495812781
25.247544093172607,55.306817293167114,168.81733668973402
25.251149056049968,55.30823886394501,104.1315652375833
25.25012531569132,55.31199932098389,67.40705003208066
25.241401339366305,55.306334495544434,90.31461979252552
25.23703426394478,55.30388832092285,114.83466033528796
25.25368168469781,55.30638813972473,53.674436338466315
25.250552279543655,55.31166136264801,64.46286140463862
25.247927398479945,55.314000248909,34.03219941577615
25.249179197262706,55.30883967876434,13.115470185169544
25.24807295714062,55.31274497509003,143.8184952932067
25.24849992820593,55.313506722450256,48.26517119716081
25.246355353832868,55.308056473731995,19.009990353225366
25.239193559736677,55.29701113700867,93.43766474367084
25.248810451674544,55.313758850097656,5.522002443990299
25.244254410559265,55.30721962451935,110.27612351668039
25.24823307146596,55.31385004520416,25.709976148670457
25.253710795064947,55.30684947967529,25.153483510263264
25.251590571740948,55.30998766422272,12.00861839590433
25.244734767998253,55.3058248758316,117.42472618769587
25.24963042389389,55.31138241291046,155.17674966964626
25.251134500560283,55.306559801101685,160.69684461210838
25.246850258971037,55.30815839767456,51.91473723380033
25.251454720930028,55.30528306961059,39.102002139731894
25.25149838727866,55.309301018714905,65.07763806813749
25.24739853387831,55.30837297439575,5.521595460109333
25.25134798090056,55.31091570854187,27.977765727736283
25.244472755085113,55.30714988708496,132.67693041282342
25.2437934597163,55.30034244060517,63.84648778831553
25.250387316414944,55.30908644199371,26.020537379783843
25.242420301053116,55.3053206205368,12.568476804205803
25.25124609260314,55.30601799488067,112.44061247893673
25.245137490448418,55.30770242214203,112.80120294490327
25.246850258971037,55.30814230442047,52.591941129131875
25.243968136030944,55.30724108219147,90.4568204557813
25.244846365919344,55.3066349029541,165.4355340149258
25.238009591063843,55.29901742935181,58.76519333301516
25.24860667073777,55.312321186065674,136.28300439328132
25.24404091775463,55.30714988708496,103.16220394896105
25.242677466223853,55.301560163497925,162.21760080088265
25.241726437594437,55.30385076999664,132.27728969235244
25.237762120744705,55.2993768453598,26.45280751519601
25.248737672807792,55.31218707561493,142.5525857069339
25.24919375298664,55.31290590763092,50.90371433971474
25.24128973828151,55.3064900636673,69.07485309997486
25.248849267052336,55.31323850154877,47.74845495496954
25.2380435575389,55.29891550540924,61.01839186363972
25.245535359510143,55.308807492256165,113.291882488514
25.251590571740948,55.30998766422272,12.00861839590433
25.24384198093999,55.30614674091339,45.434008536453405
25.250765760907072,55.309322476387024,20.719548620114256
25.24887837857753,55.313254594802856,44.15267532467279
25.244404825719116,55.30687630176544,146.51054785090534
25.24245426629554,55.30524551868439,8.459550765400625
25.248849267052336,55.31323850154877,47.74845495496954
25.236874134863925,55.30158162117005,1.4630485351969114
25.241881708083113,55.30389904975891,117.11525353267145
25.241207250457336,55.30436038970947,152.05441939512195
25.243919614857617,55.30496120452881,15.991720141200314
25.25369623988226,55.30642569065094,56.431472000454704
25.24040663043137,55.299339294433594,294.9627856927546
25.24494340750651,55.31057238578797,98.12804610745508
25.243502331967207,55.29774606227875,132.03686468506896
25.248849267052336,55.31323850154877,47.74845495496954
25.242381483621585,55.30515968799591,20.38064342502833
25.243492627696895,55.30017614364624,78.97939987364809
25.23770874472747,55.30099153518677,61.41708548445164
25.24245426629554,55.30320703983307,127.58623136006813
25.246510618406944,55.308067202568054,35.31647044799587
25.237757268380463,55.30073940753937,40.68251790493337
25.24563725259688,55.3081476688385,56.91008611251433
25.24867944968301,55.30718207359314,172.71674110348525
25.241042274640975,55.30123293399811,246.08392403939368
25.249188901078853,55.312814712524414,61.00139141834618
25.250494057288503,55.31171500682831,62.223552277881666
25.239761278329027,55.298545360565186,235.26995330366157
25.240042710494237,55.30495584011078,136.09465485679155
25.250542575836405,55.31165599822998,65.45016462748276
25.238334698364422,55.30364155769348,176.71274515859392
25.25151779453971,55.3094619512558,47.62033122315147
25.24888323049771,55.31326532363891,43.33112342152295
25.246442690180203,55.30817449092865,34.60400774499758
25.247189898585745,55.30659735202789,187.29789718859325
25.23859187218021,55.297821164131165,109.32337333532269
25.2428084746865,55.29809474945069,183.9412671001482
25.246491210346036,55.308035016059875,32.28537455274713
25.239397356459538,55.29936075210571,183.52521852922865
25.252323193138096,55.305567383766174,17.367372096776432
25.23958659596765,55.29900670051575,213.31910569546926
25.237771825472574,55.302305817604065,98.70332896457774
25.237951362798796,55.30345916748047,190.31564224553912
25.24771391212886,55.314037799835205,54.153222263171166
25.248257331193813,55.313812494277954,29.5321651952175
25.24497251996756,55.30661344528198,176.075238455892
25.250227204928777,55.309048891067505,37.30494429146471
25.249067603321237,55.31024515628815,142.92458322754428
25.24524908799961,55.30968725681305,172.96584641841193
25.248761932434917,55.309783816337585,98.36522472377375
25.253143141647172,55.3074449300766,47.85370765223799
25.240474562032247,55.30194103717804,187.70204678391903
25.24101316123837,55.29698431491852,217.27803379113988
25.24292007437664,55.303571820259094,111.64639932143491
25.24771391212886,55.308555364608765,15.354887163487112
25.24793225043813,55.314509868621826,18.08897024668129
25.238528791860674,55.29825568199158,95.29277013691602
25.251595423552818,55.30999302864075,11.26581363037582
25.251590571740948,55.30998766422272,12.00861839590433
25.241740994211185,55.29734909534454,190.20022032939605
25.251648793470537,55.31014323234558,12.697039712836101
25.251537201797618,55.31071186065674,23.78620539911956
25.247728468028345,55.308533906936646,12.81452645111106
25.247747875891633,55.30843734741211,2.5226964862357266
25.24864548618068,55.30999839305878,125.29282807491286
25.24313842130003,55.30469298362732,9.543049002594378
25.241551758057582,55.303040742874146,216.92086073679803
25.238916977923367,55.297536849975586,118.59055646014818
25.24449701556378,55.30647933483124,123.75732048401795
25.242444561941525,55.30685484409332,70.10524234666188
25.23963026658151,55.29601871967316,33.93508644591798
25.23795621515528,55.29972553253174,21.49436030184217
25.242895813583175,55.30459642410278,15.49807848834138
25.240959786648816,55.30363082885742,212.63031656632646
25.239887437656066,55.295809507369995,56.372455876077474
25.24182348167311,55.30390977859497,120.25242460836388
25.243381028532568,55.30438721179962,52.30224878211103
25.235782340054016,55.30469298362732,18.505487514613897
25.239426470249185,55.296345949172974,56.14387481362497
25.237160426102363,55.30194640159607,46.94665922297173
25.248902638176503,55.31020224094391,139.58563135777948
25.242444561941525,55.29775679111481,204.58822432208763
25.24657854659571,55.30808866024017,43.2236223341119
25.24133826050489,55.30393660068512,158.7745062465654
25.239722460048185,55.29992401599884,200.5588817840952
25.241580871331134,55.30309438705444,210.14796813898712
25.237369078614066,55.30413508415222,115.05436554740672
25.250615353621896,55.311564803123474,69.89334699980208
25.248723117029215,55.3088504076004,20.03527656420611
25.241503235919453,55.29724180698395,197.2625792918942
25.241124762577144,55.304580330848694,156.34932971512112
25.24974686920406,55.309070348739624,9.562669123136766
25.248490224334745,55.30716598033905,162.3631431225987
25.243434402058725,55.302804708480835,10.066849386969304
25.24121695491013,55.297059416770935,207.16959538162007
25.23725262144241,55.30142605304718,39.413576342869135
25.25002827824288,55.30576050281525,133.8232959780065
25.239319719653025,55.30141532421112,53.92393234948163
25.24780124749964,55.31411826610565,42.85421906291805
25.242032126179836,55.304269194602966,75.29640091117614
25.24658339860775,55.3080940246582,43.92042779559038
25.24887837857753,55.313259959220886,43.9995686192365
25.23962541429188,55.30243992805481,124.7666112658795
25.240775401522725,55.301302671432495,215.78005671045597
25.24486092216236,55.31046509742737,100.3104503113909
25.243206351373956,55.3069943189621,73.81348605246268
25.247097710784203,55.307283997535706,117.8388268371668
25.252769556326484,55.30834078788757,99.27505268239983
25.246204941087484,55.31167209148407,32.579675381649274
25.2462971295664,55.31022906303406,149.38403844261651
25.254278445829883,55.305787324905396,129.33044088208888
25.250823983032006,55.31138777732849,59.24485885404959
25.24487547840364,55.30524015426636,121.39417879224908
25.238708328068753,55.29770851135254,126.09406518303464
25.24318209063763,55.306790471076965,88.64876300591052
25.245069561454,55.30969798564911,156.26080613300635
25.251648793470537,55.31014323234558,12.697039712836101
25.251648793470537,55.31018614768982,14.635111230366483
25.24403121352732,55.30559420585632,37.59983114457668
25.24492399919528,55.31063675880432,90.72049597357817
25.251648793470537,55.31013250350952,11.583617488428077
25.244142812094537,55.305277705192566,40.00974202339482
25.240547345848256,55.30518651008606,148.00943741063827
25.25129461085068,55.309783816337585,28.637337693035104
25.246355353832868,55.308061838150024,19.319244073712177
25.24349747983213,55.30442476272583,55.67919339918549
25.24305108257775,55.306763648986816,83.42558618751252
25.25083853855888,55.30934929847717,23.95845917801962
25.251648793470537,55.31013786792755,12.138490211445625
25.250979241895365,55.30939757823944,30.957173568941908
25.24088700307982,55.3062379360199,82.54994742467983
25.243531444773495,55.30113101005554,154.0395825570529
25.24269202272669,55.306790471076965,71.05614931837604
25.251061723085822,55.30686557292938,169.66735757752593
25.248611522668824,55.307053327560425,180.09528033346706
25.24714623068847,55.307305455207825,114.64431182853382
25.247912842604293,55.31447768211365,20.63220644973391
25.24771391212886,55.3068333864212,170.1860941589943
25.24887837857753,55.313259959220886,43.9995686192365
25.244938555429,55.310577750205994,97.36754974374092
25.24915493771894,55.31181156635285,143.9988601929386
25.24887837857753,55.313259959220886,43.9995686192365
25.243968136030944,55.305819511413574,40.56719044659511
25.242425153231196,55.302064418792725,143.2698885198595
25.238232799154815,55.302547216415405,84.98069226189911
25.251648793470537,55.31013250350952,11.583617488428077
25.24854844755022,55.313512086868286,44.099257816308466
25.245448022510615,55.306790471076965,150.5244718551003
25.25296362676636,55.308786034584045,59.46311420128199
25.24233296181474,55.30222535133362,143.75551587192376
25.253880605400937,55.30635058879852,74.5579854809385
25.249814795583475,55.312305092811584,55.10431708868294
25.25200297505775,55.30539572238922,15.247012193869725
25.252895702147654,55.30819058418274,85.43302902177251
25.244826957592608,55.30538499355316,115.97094230114988
25.241081092500252,55.306296944618225,78.36608515719287
25.24448245927715,55.30712842941284,135.09783712540676
25.251590571740948,55.30999302864075,11.756843221339256
25.2485387436829,55.308818221092224,40.78052846325729
25.2437789033454,55.30615210533142,40.42601964623981
25.24608849238257,55.3116238117218,43.68927851705734
25.24668529081562,55.31210660934448,64.63177738175214
25.251629386230434,55.30996084213257,10.514997299174446
25.24256586631095,55.30689239501953,61.67696711634992
25.24448731137288,55.30711770057678,136.31096582341934
25.24839803751983,55.314000248909,9.433745587286438
25.240474562032247,55.30601799488067,101.73990850505314
25.24246397064877,55.30520796775818,10.005021696485723
25.24887837857753,55.313259959220886,43.9995686192365
25.25016898251782,55.309032797813416,32.97234867498747
25.25208060376079,55.309805274009705,34.124180211603985
25.253987343204894,55.30587315559387,96.04741389327424
25.25242508053208,55.30766487121582,77.94290261059227
25.253308101033458,55.307514667510986,30.959776754426844
25.249125826260027,55.307337641716,170.49022012618212
25.241304294950567,55.30520796775818,130.92448851057173
25.24188656028268,55.305551290512085,60.87158487244681
25.254443403674344,55.30526161193848,175.92336418585904
25.24727238234888,55.30662417411804,189.22069406172594
25.251648793470537,55.31014859676361,13.258801329160345
25.252051493002966,55.30910789966583,88.43241015764838
25.251527498169057,55.30944585800171,48.86412322189567
25.24937327343852,55.309064984321594,17.154301974322326
25.24459890952123,55.30740737915039,110.1085600007632
25.2398631762572,55.30499875545502,124.96128714210448
25.24688907497506,55.306527614593506,177.01243729873596
25.25138679546758,55.305519104003906,59.39057914472016
25.246825998962223,55.31309902667999,68.7943302392928
25.249805091817297,55.312294363975525,56.68079751829445
25.25346335672181,55.30717134475708,22.283899608470904
25.252434784088948,55.30712306499481,22.99399882901538
25.23784946326782,55.29984891414642,16.880782605914696
25.25287144334608,55.30622184276581,38.368990476575085
25.247155934666992,55.30670464038849,175.46213212706573
25.239431322546793,55.296345949172974,56.19524492624856
25.243046230424667,55.30592143535614,12.133969895514651
25.24743249772925,55.30564248561859,268.3701255972637
25.25136253636464,55.31092643737793,29.330904947821484
25.252677372758924,55.308802127838135,69.58261113718743
25.242269883436848,55.30565857887268,18.521641421399583
25.24585559463793,55.30793309211731,29.405539617748886
25.24040663043137,55.29594898223877,114.50051558566521
25.244036065641083,55.307053327560425,112.4961519959109
25.24718504659795,55.30731618404389,112.9568045787872
25.248558151416745,55.313506722450256,43.84289988659611
25.24657369458349,55.308083295822144,42.5305574948294
25.251731274206392,55.30964970588684,23.401653905447805
25.247636280635447,55.30668318271637,184.9418041163115
25.244366008921503,55.30637204647064,104.98506685230991
25.244235002137984,55.30734300613403,98.80025062804273
25.248786192057153,55.30959606170654,78.12326648546248
25.237029411551504,55.30390441417694,112.98870828709151
25.24887837857753,55.31326532363891,43.854013059344204
25.248558151416745,55.31345307826996,48.545056650769894
25.254516179122703,55.30523478984833,184.08776485855617
25.24589926299905,55.311291217803955,70.89089650807345
25.24429322739252,55.30735373497009,102.69492145992777
25.25073664983418,55.31145751476288,64.04549777677174
25.23990199449308,55.30000448226929,203.64047691943074
25.241818629471027,55.30387759208679,123.33896639938526
25.245350981326425,55.31091034412384,97.1343872179363
25.25163423804075,55.30996084213257,10.193182069864994
25.24718504659795,55.3125786781311,132.3201502045399
25.240246505793262,55.29789626598358,245.59888545675804
25.24538979780941,55.309306383132935,168.23794053687288
25.240576459362444,55.3059858083725,110.71674687168694
25.23823765150007,55.298572182655334,76.37162221960679
25.24888323049771,55.31326532363891,43.33112342152295
25.24854844755022,55.31351745128632,43.65674712765077
25.239606005131307,55.298818945884705,222.780144781576
25.24846596465341,55.30863583087921,54.89885043797682
25.24248823152847,55.30314803123474,121.64791175756856
25.244647430423328,55.304816365242,98.27833833997674
25.24908215905853,55.31295955181122,48.66814510131037
25.24143045267591,55.30487537384033,122.45304601810214
25.251381943647388,55.31089425086975,26.197482496494686
25.2494848670992,55.31310975551605,30.758469374674217
25.24239118798063,55.30536353588104,14.824172223854523
25.25001372261893,55.309032797813416,17.8981784576986
25.24845626077949,55.314069986343384,10.303478984313236
25.241702176562654,55.3063291311264,109.18379833086026
25.24413310787537,55.30721962451935,101.95150069290818
25.24646695026551,55.31023979187012,146.85255737998867
25.23793680572815,55.3004390001297,1.8525740913528166
25.245326721018287,55.30616283416748,192.97847231539592
25.251576016304185,55.310776233673096,30.174761657556694
25.249669239009677,55.30736982822418,181.9480950364614
25.248247627303257,55.30697822570801,169.71121627958635
25.24421074160699,55.31000912189483,85.13723737270074
25.24287155278482,55.30586779117584,16.054520873928002
25.24139648714737,55.30518651008606,121.90485919342746
25.24943634812888,55.31036853790283,142.53859104224313
25.24639416999497,55.308051109313965,22.581140747445566
25.251658497089423,55.31044363975525,27.07641691426807
25.25377386750317,55.306543707847595,59.80849466133091
25.248854118973668,55.31294345855713,64.67007218815367
25.247563501065315,55.31373202800751,80.6940417778841
25.241818629471027,55.30640423297882,109.50588598770501
25.24332280284092,55.30442476272583,44.911865111780756
25.248985120776865,55.31307756900787,43.86035221526463
25.24114902372419,55.305299162864685,145.29780283722852
25.238703475742295,55.30460715293884,104.9950239663753
25.248577559147492,55.31347453594208,45.35561407448309
25.242386335801218,55.3054815530777,8.784391503168422
25.24887837857753,55.313254594802856,44.15267532467279
25.238062966948977,55.301790833473206,46.59938550282417
25.248863822815792,55.30712842941284,190.29209713502615
25.2410713880366,55.29697895050049,215.31435333443034
25.239892289935284,55.29841661453247,247.6707206962378
25.242915222218343,55.2982234954834,165.41948870754948
25.25168275613325,55.31000912189483,2.9881248037126418
25.237922248655806,55.30350744724274,186.19072448892524
25.247073450824814,55.31244993209839,118.64360799849543
25.2422650312526,55.3056263923645,18.87422050335021
25.25158571992887,55.31072795391083,29.438664191014407
25.244089438879513,55.30513823032379,34.4218075804117
25.238135752209104,55.29915690422058,65.52210210203349
25.251760385040953,55.31046509742737,27.794489163321465
25.244763880509296,55.30567467212677,114.26175047570953
25.247495573427216,55.30847489833832,7.60566139182523
25.23650049952157,55.302048325538635,32.540401690098555
25.236427713282268,55.3033572435379,116.81675475263576
25.248805599751464,55.308823585510254,11.850552098362567
25.246690142823397,55.313029289245605,76.61347394391235
25.24021739220005,55.30595898628235,74.22578626636202
25.24332280284092,55.30442476272583,44.911865111780756
25.24038236913611,55.296801924705505,153.98583839885015
25.23952351616435,55.29604017734528,27.09829445957516
25.245443170453257,55.30941903591156,177.48155139729812
25.23950895928203,55.30477881431579,141.84461173296071
25.246850258971037,55.30815839767456,51.91473723380033
25.249795388050373,55.30672609806061,238.08025703382586
25.2462874255193,55.311795473098755,33.34116717658962
25.253177103892085,55.30736982822418,44.175834470447626
25.25103746391798,55.30698359012604,171.8729956364114
25.250173834386487,55.31198859214783,64.99717298844008
25.24888323049771,55.31326532363891,43.33112342152295
25.237674778158834,55.30162453651428,89.9215472556758
25.247985621965157,55.31395196914673,32.55387748854683
25.252512412516054,55.309016704559326,66.90242131975057
25.25115390787944,55.30634522438049,146.3189061732046
25.245346129265172,55.30665099620819,169.58665091891453
25.24038236913611,55.30576586723328,97.80558871561146
25.25426389071519,55.305819511413574,126.42457760178547
25.252779259855828,55.30931174755096,28.39585603353795
25.253972788055336,55.306763648986816,48.38567049079583
25.24286184846416,55.3058248758316,11.49825394512556
25.241925377872292,55.29671609401703,122.68297688021363
25.254060118926542,55.30591607093811,101.42360919800868
25.24067350435935,55.298872590065,333.34324821585096
25.252119418093727,55.31013786792755,28.02845020112228
25.250008870743883,55.31214952468872,64.85737448550641
25.247413089815595,55.31373739242554,64.01845668313693
25.248888082417693,55.30896306037903,10.698783227808883
25.237179835653436,55.30359864234924,150.80992496548438
25.248136032506096,55.30701041221619,162.52958783450987
25.250542575836405,55.30914545059204,19.205404820333317
25.249145233900062,55.31291663646698,50.82755492038681
25.24887837857753,55.31326532363891,43.854013059344204
25.23748553567414,55.30399560928345,135.0398089445073
25.25151294272473,55.309569239616394,37.262011061456114
25.242269883436848,55.3052294254303,28.728509362164377
25.241241216038773,55.306291580200195,85.04038275277968
25.242352370539805,55.30522406101227,19.936219071569727
25.239072252001307,55.303807854652405,197.63596885735072
25.23568529115188,55.30365765094757,40.795794144855165
25.251338277256863,55.30924737453461,52.41620258803191
25.248271887028196,55.313764214515686,34.83427554777651
25.24283273549743,55.3040224313736,79.27158635213465
25.251590571740948,55.30998766422272,12.00861839590433
25.251100537744293,55.30841588973999,83.76459601890738
25.23536017676531,55.304553508758545,40.22323842046521
25.249499422786513,55.31259477138519,59.005893957354104
25.249640127673985,55.31242847442627,57.63696370435333
25.242434857586744,55.301066637039185,222.75084339877947
25.241056831339648,55.29696822166443,215.14251444360906
25.24807295714062,55.30867874622345,47.34015613724105
25.250993797403623,55.30865728855133,54.7815977609085
25.24723356646733,55.30635595321655,212.22855662451423
25.247437349707184,55.31363010406494,67.39905674753783
25.243036526117947,55.2972686290741,152.87088170766395
25.244763880509296,55.30570149421692,115.19420413540838
25.24499678034644,55.31067430973053,90.66269086867611
25.245743997643743,55.30684947967529,131.06887844024328
25.243652748057983,55.307031869888306,104.22347015302078
25.2437789033454,55.30610382556915,36.97362350262021
25.24329854212786,55.304558873176575,32.618489742144064
25.253385728902455,55.307573676109314,26.25607231600957
25.25116846336678,55.30799746513367,130.53541515999942
25.24345381060786,55.30696213245392,98.09425118855371
25.244390269421473,55.30698895454407,139.59918686925508
25.2435217405055,55.30698895454407,103.11690542896771
25.237820349100417,55.3022575378418,91.18323044889667
25.246835702966337,55.30824959278107,50.729523627757864
25.239266344319788,55.298057198524475,177.27523581684835
25.250945279035975,55.311280488967896,52.80594288148007
25.24549654307364,55.307809710502625,71.22481441761596
25.248436853029375,55.3069943189621,176.25414749381605
25.248897786257103,55.31317412853241,45.366636551375905
25.237868872708887,55.30335187911987,182.9814348020715
25.242313553086575,55.30572295188904,16.71001944415343
25.24135281716812,55.30622184276581,97.71170830087908
25.25213397346536,55.30992865562439,31.90151509654783
25.24254645761998,55.29784798622131,213.389064833327
25.245608140295104,55.30818521976471,61.4518594427069
25.239678789467447,55.30242919921875,129.29551786820898
25.24887837857753,55.313254594802856,44.15267532467279
25.24794195435389,55.31462788581848,20.269780474868323
25.249902129444024,55.30639886856079,200.50232312670116
25.2435217405055,55.30710160732269,96.75293651264703
25.24716563864476,55.30837297439575,14.210968657168777
25.240853037399404,55.3011953830719,225.83748135483566
25.24119269377664,55.303067564964294,236.94055221195782
25.25119272250848,55.311044454574585,42.486061936334245
25.241051979106956,55.30211269855499,254.55095457040545
25.244458198795584,55.30659735202789,128.79017576839826
25.245365537508988,55.30919909477234,158.66992115028663
25.23934883346128,55.302316546440125,91.48864357743744
25.248281590916804,55.307021141052246,166.5670849539814
25.236888692061797,55.30164062976837,6.04286006554725
25.24888323049771,55.31326532363891,43.33112342152295
25.245642104646507,55.30811011791229,55.08233590234828
25.25198356787421,55.310529470443726,37.190320686567
25.24168276773375,55.3054815530777,83.77480698308689
25.245428614279987,55.310019850730896,177.60814767464433
25.240062119585065,55.302536487579346,172.55950211942238
25.246631918717384,55.30811011791229,49.59468206062094
25.243245168542003,55.306822657585144,90.30651748364987
25.246631918717384,55.30811011791229,49.59468206062094
25.250770612751893,55.31145215034485,61.10757133584139
25.246670734791152,55.31217098236084,70.84529573736134
25.24941208863646,55.31023442745209,129.20990316474573
25.241944786662472,55.29689848423004,136.44356571334941
25.25346335672181,55.30717670917511,21.956341987446866
25.251590571740948,55.30998766422272,12.00861839590433
25.241226659362155,55.305315256118774,136.498278285376
25.24963042389389,55.309038162231445,21.907954016709066
25.237150721325666,55.30198931694031,48.1784819129482
25.248786192057153,55.31340479850769,41.701670259729156
25.250290279175783,55.30938684940338,17.332252782564126
25.238494825521187,55.29812693595886,91.3051331518478
25.246772626925814,55.30817449092865,59.48288198196546
25.241993308624306,55.306570529937744,111.80665939320792
25.245229679737207,55.30612528324127,181.50007113791006
25.242250474698626,55.29983818531037,173.55127778042635
25.24164395006666,55.30097007751465,286.4615339505233
25.242735692224713,55.29799818992615,197.36114807236555
25.23779608728894,55.30224144458771,92.34547613143614
25.239081956624577,55.29737055301666,111.83678627940905
25.244691099218628,55.30486464500427,102.06489771797992
25.237592287881213,55.3022038936615,102.60226293758987
25.237417602402655,55.30151188373566,59.99135053617265
25.239043138126803,55.30219316482544,56.12395998782458
25.24101316123837,55.305014848709106,168.3908075897438
25.242250474698626,55.303308963775635,152.8358548509151
25.240591016116923,55.29713988304138,196.97203949560776
25.2378057920141,55.299827456474304,14.376019267829184
25.236403451192817,55.304800271987915,11.172852342840958
25.236670333910453,55.30183374881744,7.158652588657419
25.242255326883463,55.29712915420532,141.91938117388588
25.243599374627735,55.29784798622131,130.0481774833032
25.24021253993382,55.29785871505737,240.0794196463301
25.23895094414486,55.30384540557861,186.03752638955734
25.240809367224884,55.29686093330383,194.77380096559037
25.238931534876585,55.30235946178436,62.906870202697114
25.23691780645234,55.30168354511261,11.764753896016817
25.235530012747375,55.30469298362732,32.584328080988385
25.23886360241326,55.29739201068878,101.49995571250787
25.24196419544953,55.29749929904938,192.39013409199376
25.241973899841895,55.30393123626709,108.20896147724876
25.238810226879707,55.30246138572693,68.65055326163133
25.244045769867995,55.30459105968475,53.21555281996063
25.23795621515528,55.303523540496826,184.39521832940216
25.242434857586744,55.301066637039185,222.75084339877947
25.2429637437927,55.3034645318985,99.21725248899423
25.24438541732185,55.30093789100647,119.99895404326196
25.242201952839466,55.30118465423584,227.42580399870087
25.237141016548165,55.30136704444885,25.491073471675474
25.24378860759286,55.30187129974365,100.70000380337137
25.24067350435935,55.30294418334961,253.59646918442377
25.242958891636135,55.30419945716858,59.52971790885693
25.2416390978574,55.30082523822784,278.24116352418343
25.242134022204084,55.297574400901794,192.98076267327016
25.23902858118693,55.30062675476074,99.30175819544635
25.2422650312526,55.30139923095703,204.8786595586259
25.242051534952935,55.297547578811646,193.41185674377553
25.24113446703653,55.30124366283417,256.1089758453167
25.242585274998817,55.30490756034851,3.360679061684284
25.24247852717717,55.304832458496094,11.917053606709313
25.23865495246703,55.29809474945069,109.29409675226567
25.240891855319106,55.30113101005554,231.26167549190725
25.242721135727095,55.300036668777466,130.75922419224875
25.235500898024455,55.30448913574219,25.169610724474087
25.241740994211185,55.29734909534454,190.20022032939605
25.243924466975827,55.30450522899628,52.28500359665839
25.239940812716583,55.29818594455719,242.37774982791163
25.242497935878987,55.30193030834198,145.45976408350475
25.239610857421766,55.29983818531037,196.17211663151247
25.240159164992676,55.29691457748413,147.0924569352004
25.236874134863925,55.30158162117005,1.4630485351969114
25.239780687464787,55.30497193336487,125.7338868553049
25.237417602402655,55.30151188373566,59.99135053617265
25.24136737382962,55.30147433280945,277.5941580507467
25.239770982897284,55.30010104179382,186.57509715221252
25.242376631441772,55.29718279838562,143.5198342719846
25.241488679274227,55.29723107814789,197.4870802661616
25.24127518161073,55.30097544193268,276.3647107525279
25.238829636167353,55.30241847038269,64.62317395536896
25.24239604015986,55.29772460460663,201.89484566874387
25.243114160550135,55.30425846576691,53.25155464771708
25.238198832732635,55.29862582683563,76.60668454701118
25.2426289445352,55.30484318733215,2.540164209574491
25.23953807304494,55.29751002788544,157.5847162774504
25.242138874393575,55.3012490272522,226.63295992266896
25.242755100885446,55.29737055301666,159.7717332980921
25.241260624938175,55.3041672706604,153.8429791254173
25.240202835400822,55.29965579509735,254.57257706394574
25.23929060583781,55.30142605304718,50.535689497376765
25.2426289445352,55.30424773693085,54.17087771312852
25.240809367224884,55.30271887779236,256.6794844130529
25.238810226879707,55.30242919921875,65.1876282918489
25.24322575995953,55.30314803123474,53.64698697017721
25.239382799562097,55.29975235462189,176.3013334718869
25.238878159372888,55.297290086746216,92.09858348914995
25.237786382562973,55.30224144458771,93.23601857243428
25.236888692061797,55.301586985588074,2.6378626854920597
25.238858750093,55.3023487329483,58.3841054204846
25.238164866300963,55.2991247177124,70.33317752203608
25.242386335801218,55.2977192401886,201.49398692250796
25.24245911847227,55.30400097370148,81.86275271334587
25.241246068263905,55.297091603279114,206.8078570222894
25.237543764162368,55.30227899551392,102.22541007493471
25.24114902372419,55.297048687934875,212.5309142976617
25.242134022204084,55.297574400901794,192.98076267327016
25.239033433500424,55.30217707157135,54.14194561957654
25.23931486735097,55.29948949813843,172.7474097644983
25.243900206382875,55.30499875545502,13.097589081725381
25.2386840664345,55.3009432554245,62.026492598408545
25.23671885797799,55.30170500278473,4.526731412540447
25.242352370539805,55.29769241809845,199.2683602396106
25.23902372887325,55.30216634273529,52.5501748606035
25.242090352489853,55.30397415161133,97.30202956173298
25.23820368507924,55.302547216415405,86.46167527337055
25.24305108257775,55.304285287857056,49.998913924910006
25.23784946326782,55.299811363220215,15.169883550229148
25.2414401571109,55.30297100543976,229.90491929811782
25.242633796704908,55.300331711769104,155.77625008822886
25.2398631762572,55.30250430107117,151.252779277997
25.24177010743942,55.30311584472656,197.45593182509884
25.240595868368004,55.3051221370697,156.80940282352617
25.242497935878987,55.30491828918457,12.950663747228239
25.24349747983213,55.30021905899048,80.5691121743099
25.235530012747375,55.30463397502899,34.109767721138596
25.2397176077622,55.29990255832672,202.3825106906879
25.240828776193258,55.298561453819275,341.9034895207591
25.24424955845423,55.30116856098175,143.01624402181997
25.241265477162557,55.30400097370148,161.8217785767729
25.23707793547568,55.30209124088287,48.88278252695385
25.241381930489354,55.30101299285889,287.1406962977899
25.239746721475157,55.30051410198212,148.6882017568976
25.244171924747377,55.30113637447357,138.98206934211902
25.24118784154936,55.297043323516846,208.69333930838172
25.23987773309709,55.30009567737579,193.85775915364692
25.24230870090402,55.29945731163025,163.59607360004048
25.238373517088466,55.30264377593994,89.64811579648088
25.23823765150007,55.30440330505371,92.68451285390357
25.23954777763103,55.30238628387451,114.3149147245336
25.23825220853466,55.30361473560333,177.607713557124
25.2414401571109,55.30488073825836,121.46218817336123
25.237873725068653,55.30427455902099,101.32160448398962
25.240814219467257,55.30123829841614,220.89811359922817
25.240741435811117,55.30274569988251,250.84353681904318
25.242594979341575,55.30446767807007,29.813296343659122
25.244006952955672,55.30450522899628,57.34944923235339
25.23535532430519,55.304532051086426,41.73859475131267
25.23582115959316,55.30338943004608,73.56866313732732
25.237699039994553,55.30394732952118,140.00018198775118
25.241818629471027,55.30489146709442,80.26588754493459
25.2424105966964,55.29772996902466,202.21483899537643
25.237529207042925,55.30227899551392,100.88143057007733
25.242240770328337,55.30499339103699,41.51170349370324
25.237369078614066,55.30323386192322,175.22378641327572
25.237674778158834,55.30222535133362,102.84464300988384
25.24136252160932,55.30142068862915,279.96158867297873
25.242633796704908,55.301554799079895,165.5170841201327
25.239960221823665,55.300047397613525,203.64697817364208
25.239353685761984,55.29787480831146,175.00320532961993
25.24378860759286,55.29790163040161,119.0530618161692
25.241508088134125,55.30249893665314,224.40045287137292
25.24143045267591,55.305014848709106,124.83906518208076
25.23951381157633,55.296844840049744,112.26726633354946
25.242551309793015,55.303051471710205,111.5543237270474
25.2428084746865,55.29809474945069,183.9412671001482
25.23983891485348,55.30010640621185,190.36289624098458
25.23651505676419,55.30198395252228,25.270516364864392
25.24254645761998,55.30465006828308,9.790119883582609
25.242755100885446,55.29801428318024,194.6501174552309
25.238960648777834,55.29717743396759,86.61820115071677
25.240426039464054,55.30267596244812,215.69905633579629
25.241406191585057,55.3029066324234,234.41426876176752
25.242104909063016,55.30390441417694,103.35784278063707
25.24030473295879,55.30340552330017,250.2887748561071
25.244535832319528,55.29820740222931,84.3486353833454
25.236534466418306,55.30323922634125,132.29855534623397
25.24438541732185,55.3047251701355,73.79512463125255
25.237776677836237,55.30361473560333,175.2460449644722
25.236912954054404,55.302579402923584,91.00815097197719
25.24125577271363,55.29710233211517,206.7120871488698
25.238126047510264,55.29868483543396,71.43018502784477
25.240576459362444,55.30172109603882,194.0995051709257
25.242381483621585,55.30516505241394,20.01356721676547
25.2409646388852,55.29693067073822,211.87724546129243
25.23866950945164,55.30443012714386,116.24472384941696
25.24139648714737,55.299060344696045,268.0876165711384
25.24136252160932,55.30389368534088,159.29491048670423
25.240770549278793,55.30261695384979,247.3247090068183
25.242337813996286,55.3012490272522,212.40142232427354
25.2369905923982,55.30384004116058,117.82297675558415
25.24339558495113,55.30435502529144,56.04460908988559
25.23781064437641,55.303308963775635,181.60143672591212
25.24233296181474,55.29769778251648,200.28465153290668
25.241944786662472,55.30166745185852,212.09327435440719
25.24265320538194,55.30426383018494,52.53636287090193
25.240663799863157,55.30275106430054,243.178612453128
25.236442270533615,55.30215561389923,45.95871111480287
25.242347518358812,55.304086804389954,74.64933554444919
25.243686712955935,55.29773533344269,114.65417423206098
25.242575570655266,55.29785871505737,214.33613383425893
25.237766973108748,55.30168890953064,79.92577215612233
25.24239604015986,55.30212342739105,142.65198971147254
25.241915673476058,55.30390977859497,113.89583811063576
25.242502788053955,55.30110955238342,214.7159824833952
25.23585997911991,55.30448377132416,2.7426001263428175
25.23620935430283,55.30261158943176,68.13800389194965
25.23822309446372,55.30163526535034,32.485400417342056
25.236893544460727,55.301533341407776,4.711184710742438
25.241847742680676,55.303797125816345,128.44203795039533
25.24256586631095,55.30423164367676,56.119728284826756
25.24284729198166,55.29818594455719,173.23653090114445
25.24247367500125,55.301560163497925,176.129408678881
25.238451154499373,55.30113101005554,47.327736183623394
25.239455584031887,55.296308398246765,52.40925117948597
25.242643501043815,55.30449986457825,26.357588965349183
25.243356767831116,55.29766023159027,141.42549834028728
25.243385880672264,55.30437111854553,53.991536512050075
25.237834906184982,55.29925346374512,40.91897744321248
25.24069291334945,55.29677510261536,178.71798318153003
25.237694187627795,55.30387759208679,147.701966092559
25.24308989979542,55.304328203201294,45.308856642908374
25.236495647106963,55.30475199222565,13.787203032899555
25.23874229434857,55.297579765319824,116.71960867974245
25.240785106010037,55.296839475631714,191.19871251436285
25.24463287415472,55.29819130897522,76.1759823900509
25.23749524042414,55.3022575378418,96.42385942540427
25.23825220853466,55.29866874217987,84.20598010569901
25.241182989321914,55.30192494392395,264.1031598668342
25.24404091775463,55.30459105968475,52.81999326928272
25.240285323906704,55.29950559139252,273.43710815089975
25.23517093067724,55.3044730424881,49.10028221225345
25.237262326210967,55.30193030834198,56.85167303230927
25.241119910347138,55.3046178817749,156.48175477389404
25.238630690822134,55.29803574085235,107.37607652993319
25.239072252001307,55.303807854652405,197.63596885735072
25.237737858921605,55.30377030372619,158.6468902308029
25.242580422827142,55.30337333679199,123.93168428267988
25.23714586893702,55.30137240886688,26.27728512673009
25.24381772033055,55.30043363571167,70.7578065151907
25.241779811847294,55.29737055301666,189.81067753803168
25.239072252001307,55.303813219070435,197.1758718158433
25.238819931523935,55.29891014099121,140.96306224312062
25.239140184348017,55.30227899551392,70.50442721661133
25.237728154191004,55.302273631095886,100.5937713705412
25.239135332038813,55.2967643737793,75.92243074197778
25.240867594120743,55.29866874217987,334.5479570751361
25.241212102683814,55.304290652275085,153.8438524459558
25.242633796704908,55.30290126800537,98.84362760265103
25.237242916673058,55.302069783210754,61.56911282360788
25.24079966273952,55.30295491218567,266.54922460037295
25.23824250384513,55.300074219703674,51.05985599208163
25.239659380315388,55.29985964298248,200.50557151286463
25.235913355948952,55.30313193798065,67.92046467864228
25.241095649194293,55.29699504375458,214.03175839179283
25.24023194899752,55.3026008605957,192.65071326826703
25.23546693083888,55.304558873176575,32.653835177738834
25.241008309003945,55.298776030540466,316.5027531646049
25.23694692083592,55.30176401138306,19.04195513934011
25.242895813583175,55.303818583488464,101.79175718784764
25.24254645761998,55.301753282547,154.84257376537678
25.24239604015986,55.305041670799255,24.594909200422965
25.2410713880366,55.29697895050049,215.31435333443034
25.2405036755639,55.30511140823364,150.3221206740761
25.241779811847294,55.29935002326965,222.48718173564427
25.24079481049654,55.302574038505554,247.33206469693596
25.238722885046982,55.30461251735687,106.11941675378937
25.240993752299417,55.29695212841034,213.91250898684606
25.238135752209104,55.30474662780762,53.11112130399725
25.241818629471027,55.30489146709442,80.26588754493459
25.23580660226743,55.30318021774292,62.84135812852647
25.23969819861638,55.29587388038635,35.424429139653405
25.240853037399404,55.30118465423584,226.0197957979397
25.23801444341801,55.30249357223511,93.61299279049877
25.241847742680676,55.30190348625183,207.81137423563442
25.241051979106956,55.30493438243866,164.95915207546292
25.241110205886585,55.30109882354736,255.74881094398577
25.237830053823657,55.299827456474304,15.463126067126268
25.242012717403625,55.300278067588806,213.46438408956453
25.240663799863157,55.30517041683197,158.95000480363274
25.240712322336435,55.30296564102173,258.5194588008015
25.24180892506624,55.30389904975891,122.2069358224377
25.23624817370562,55.30253112316131,71.23969269208635
25.23918870742959,55.300798416137695,87.04433247279044
25.242216509399228,55.297054052352905,135.80616445736686
25.238722885046982,55.297579765319824,116.2057053234297
25.236738267599563,55.304059982299805,86.41752948919006
25.238664657123635,55.30458569526672,103.72983768613375
25.24129944272775,55.304038524627686,156.47419974394091
25.24356540970534,55.2976655960083,121.36265767128366
25.241799220660695,55.29737591743469,189.1587667666886
25.242342666177635,55.29963433742523,160.26547381979876
25.24127518161073,55.29711306095123,205.79723560979204
25.23756317365222,55.30218780040741,98.91032979911047
25.242837587659025,55.3034645318985,108.38490691408289
25.24168761994129,55.299291014671326,233.07050722507566
25.24332280284092,55.30442476272583,44.911865111780756
25.24079481049654,55.30444085597992,194.78805030134313
25.23883934080999,55.29739201068878,100.40687576800175
25.240197983134024,55.3025096654892,185.0788223259258
25.236311255208705,55.303775668144226,82.55667979000792
25.23781064437641,55.30233800411224,97.56093493935029
25.24236692708156,55.29769778251648,199.5426586716316
25.2415129403486,55.30120611190796,281.07410997237224
25.242284439988495,55.301082730293274,230.70425837036615
25.24340043709023,55.30439257621765,53.35006218199804
25.235656176466165,55.30350744724274,56.804463737567595
25.241343112726156,55.29637277126312,149.76753499280022
25.241221807136228,55.30475735664368,144.64540803878373
25.240532789088547,55.29692530632019,175.52461249656335
25.242682318391672,55.301560163497925,161.91031986483816
25.242240770328337,55.29763877391815,196.31065019368145
25.24323546425117,55.29764950275421,153.15392916017106
25.241076240268526,55.301275849342346,249.3029351338184
25.24265320538194,55.29793381690979,208.55169651019133
25.239460436328315,55.296303033828735,51.9106287371797
25.24341014136793,55.300133228302,79.12280467747448
25.243177238489764,55.30053555965424,129.15549903906327
25.23987773309709,55.30248284339905,151.5796326695495
25.24215343096091,55.30116856098175,232.2640397772468
25.24378860759286,55.30470371246338,25.784684101882814
25.2437934597163,55.297971367836,123.94531734682114
25.237839758546116,55.300524830818176,16.07270340039838
25.23969334632945,55.304065346717834,223.53634246114362
25.24153720141817,55.30492901802063,111.70014094571258
25.239402208758307,55.29638350009918,60.128723035971
25.238528791860674,55.29807329177856,95.60737254058266
25.24152264477702,55.29725253582001,196.6986810884102
25.239654528026904,55.29695212841034,126.89458425434795
25.240125199108817,55.30256867408752,180.41828429497056
25.242298996538395,55.29960215091705,164.87602290009227
25.23634036973756,55.303807854652405,84.570895499363
25.24030958522133,55.30227899551392,184.37934898185003
25.24190596907904,55.29669463634491,122.55384877819957
25.242624092365247,55.30338943004608,120.93738141366572
25.235850274239397,55.30471444129944,17.851453081849254
25.23595702788255,55.30473053455353,19.417564695832976
25.238029000479315,55.29898524284363,60.17773608936387
25.23884904545189,55.3029602766037,123.78015366092335
25.241381930489354,55.29715061187744,199.60843093535485
25.244171924747377,55.30460178852081,62.23558055548545
25.23886360241326,55.30458569526672,119.76390265925455
25.243492627696895,55.30020296573639,80.24508285107021
25.24046485752017,55.295814871788025,114.05747137842731
25.242561014138488,55.29785871505737,214.44999445700202
25.241051979106956,55.30313730239868,241.2408995404089
25.23814060455824,55.29875457286835,71.98678514583739
25.237995034000193,55.30035316944122,9.701699172026457
25.238218242117895,55.298593640327454,76.03802221722385
25.24127518161073,55.30434966087341,145.16400605222967
25.241081092500252,55.30506849288941,159.2742954269048
25.239382799562097,55.30399024486542,206.79813569240835
25.23948955010286,55.29689311981201,117.27363446420327
25.241318851617866,55.30134558677673,275.51496227680576
25.241095649194293,55.3047251701355,158.6328721967649
25.23973701690494,55.296034812927246,44.96497402329505
25.241153875953017,55.304564237594604,153.34909509188162
25.235884241317834,55.30473053455353,19.401502120407187
25.2440700304319,55.30459642410278,54.84358386711353
25.238645247809657,55.304515957832336,107.61382228589615
25.23949925469283,55.30093252658844,96.53266609712928
25.24075114030111,55.30282080173493,255.20148264704994
25.241212102683814,55.304580330848694,146.71751238711911
25.237320554806075,55.30201077461243,66.08959435249044
25.23795621515528,55.30216097831726,72.6842966849141
25.24182833387502,55.30068039894104,251.95996850422677
25.24168761994129,55.29733836650848,192.62690487423555
25.242614388024805,55.3015923500061,163.47427366921752
25.236840168062074,55.30484855175018,27.240357545201558
25.239392504160577,55.30098080635071,84.14721477282045
25.241663358901775,55.297333002090454,193.7387512470971
25.238645247809657,55.297837257385254,114.26251241448065
25.241420748240177,55.301340222358704,280.6059264122822
25.242381483621585,55.30515968799591,20.38064342502833
25.242658057550727,55.301533341407776,165.8919831309938
25.236985740003163,55.301785469055176,23.388936168040264
25.239319719653025,55.30141532421112,53.92393234948163
25.237534059416276,55.30227899551392,101.32854141791796
25.24171673318233,55.30509531497955,91.86824286289634
25.23748553567414,55.30139923095703,61.722480170857764
25.237141016548165,55.30137240886688,25.84540303776683
25.238829636167353,55.30236482620239,58.94585832323285
25.23983891485348,55.2984219789505,241.84693134319082
25.244089438879513,55.30513823032379,34.4218075804117
25.23561250442448,55.30460715293884,24.94089357156509
25.242992856728037,55.3008896112442,169.42687738316178
25.237941658085248,55.3020966053009,70.04967144341366
25.23969819861638,55.30003130435944,188.8795571046107
25.238810226879707,55.30242919921875,65.1876282918489
25.242138874393575,55.30397951602936,94.21791532747906
25.239960221823665,55.300047397613525,203.64697817364208
25.2355445701062,55.30373275279999,32.30947770036778
25.238489973186205,55.30446767807007,100.08195527907093
25.237990181645245,55.300524830818176,12.378000524926021
25.244036065641083,55.30458569526672,52.83742038030777
25.23857246285461,55.2979177236557,103.8428217550155
25.242895813583175,55.30371129512787,113.69988985745378
25.244370861021892,55.30070722103119,94.78246305849757
25.236820758456744,55.3027081489563,104.13240595775594
25.24268717055928,55.29796063899994,203.90996384676544
25.239455584031887,55.296308398246765,52.40925117948597
25.235714405830663,55.30465543270111,21.180994503079404
25.237941658085248,55.299543142318726,21.312880881051733
25.242444561941525,55.29775679111481,204.58822432208763
25.24459890952123,55.30469834804535,96.81766928737557
25.24145956597856,55.29720962047577,197.99637492765052
25.242192248465315,55.30401170253754,88.41795877534044
25.23801444341801,55.300304889678955,15.36394757326399
25.243201499227084,55.30047655105591,123.32162866089483
25.243482923425788,55.30124366283417,167.63983214359135
25.239426470249185,55.296351313591,56.73690074756187
25.23986802853736,55.29585242271423,54.11273728836158
25.23801444341801,55.2994841337204,31.406504203858812
25.237665073423216,55.30419945716858,113.6407174159506
25.235646471569353,55.30373811721802,31.242455906402416
25.24181377726873,55.29738128185272,188.81254320872785
25.239460436328315,55.30473053455353,145.41906700363506
25.242066091530717,55.297558307647705,193.92034758652514
25.23859187218021,55.299301743507385,98.29314598577002
25.243128717000644,55.30332505702973,75.91238931690971
25.240561902606217,55.30275106430054,232.88901862031418
25.23641315602916,55.30221998691559,53.79425349023523
25.238703475742295,55.30441403388977,120.15530620373214
25.24403121352732,55.304768085479736,38.14094786088176
25.23979524431458,55.29861509799957,240.42631466473134
25.24175555082617,55.30495047569275,88.64996419160602
25.242701727060933,55.30017077922821,139.7198877491534
25.235229160274173,55.30438184738159,51.94377187764603
25.24038236913611,55.30267059803009,211.05414227905405
25.23964967573822,55.29724717140198,150.3104771501426
25.240202835400822,55.30509531497955,130.79294974618895
25.239683641754965,55.30003130435944,188.07137742909245
25.242958891636135,55.29826104640961,159.2163112270741
25.241818629471027,55.301839113235474,214.007346579404
25.23912562741978,55.30222535133362,65.45822527169722
25.23884904545189,55.29740810394287,102.47376240400285
25.237529207042925,55.30064284801483,24.232533920480023
25.24070261784331,55.30292809009552,255.61361206618943
25.2353407669237,55.30451059341431,42.31737736647903
25.239819505727,55.29847025871277,240.371021875037
25.24025135805813,55.30239164829254,185.05573363694717
25.235743520502453,55.30458569526672,14.143848633374063
25.237834906184982,55.30350208282471,187.1588121427492
25.235398996439255,55.30445694923401,34.32841716919249
25.244026361413376,55.304580330848694,52.48543250818927
25.24380801608544,55.30059456825256,87.07195719540938
25.242221361585436,55.30320167541504,151.536830779999
25.23797562457928,55.299071073532104,56.845980756329226
25.238873307053197,55.30236482620239,60.65090707645182
25.242575570655266,55.30416190624237,63.82154081050488
25.24279391819765,55.29990792274475,117.65138830719795
25.237141016548165,55.30198395252228,46.94793416130824
25.237611697363363,55.30208587646485,99.17416015960447
25.24288610926442,55.30389368534088,93.44737032540306
25.242352370539805,55.29713451862335,139.0749866875543
25.237141016548165,55.30199468135834,47.558363146037394
25.242381483621585,55.30324995517731,136.88822536030176
25.241119910347138,55.2970165014267,213.12625526831047
25.237907691581697,55.299232006073,45.434919339078405
25.23763110684237,55.3009968996048,56.069285629418296
25.240663799863157,55.30515432357788,160.09437112105948
25.24069291334945,55.29677510261536,178.71798318153003
25.242143726582896,55.304816365242,43.23296306200399
25.239688494042294,55.29994547367096,196.6528572282332
25.239683641754965,55.30484318733215,138.3012375368755
25.243230612105435,55.30042827129364,117.45888383462906
25.2394701409206,55.29924809932709,193.75105109520416
25.238266765567506,55.30146896839142,41.19769756613461
25.238994614987135,55.29857754707336,153.17279136593928
25.237868872708887,55.299789905548096,15.007588346658808
25.24129459050472,55.2971076965332,203.7592306537672
25.242590127170303,55.29786944389343,215.42322250513408
25.2380872287072,55.304821729660034,43.34134909032802
25.242100056872147,55.30399560928345,94.69975791582526
25.242633796704908,55.2979177236557,211.27519733472425
25.24200786520906,55.30014932155609,208.7942190489141
25.238062966948977,55.301790833473206,46.59938550282417
25.243191794932756,55.30002057552338,85.55384664432239
25.23940706105688,55.29637277126312,58.963127910225744
25.237645663949607,55.302311182022095,110.5365287102357
25.24085788964004,55.3011953830719,226.36995874220744
25.23633066489539,55.30349671840668,98.86188793052811
25.237699039994553,55.3040224313736,131.83162364446758
25.243371324252564,55.30438184738159,52.03085147985421
25.238383221767535,55.29920518398285,82.46376537831247
25.242633796704908,55.30116856098175,201.73645800793395
25.237039116337897,55.301817655563354,29.71198073215164
25.237922248655806,55.304285287857056,99.86312925796933
25.241580871331134,55.303797125816345,147.739428796062
25.2426095358543,55.30441403388977,35.69277611236671
25.23918870742959,55.29670536518097,80.03260621368193
25.24275024872054,55.30269742012024,84.930257262568
25.241857447082324,55.303813219070435,126.36322146161999
25.242245622513565,55.30242919921875,145.35865421637806
25.24067350435935,55.30294418334961,253.59646918442377
25.238499677856,55.30110955238342,47.10065388481357
25.242682318391672,55.30022442340851,144.6783152053173
25.235326209540418,55.30447840690613,42.7498010943837
25.23585997911991,55.303303599357605,77.13298837866431
25.23771844945962,55.30239701271057,109.61766212142821
25.23798047693479,55.29972016811371,24.12500885144907
25.240008744577835,55.302525758743286,166.7127595834313
25.243065639035834,55.302075147628784,90.72399006154832
25.23880052223474,55.30248284339905,70.72319634238427
25.238994614987135,55.30458569526672,131.28550426609664
25.24026106258728,55.30262768268585,196.84759521885508
25.237728154191004,55.30171573162079,83.93753743706598
25.2426095358543,55.30167818069458,156.37861353336285
25.23734966909319,55.303282141685486,179.42433706175783
25.242779361707036,55.30388832092285,94.05702701392873
25.244050621981177,55.30459105968475,53.61360443030356
25.243943875446703,55.298051834106445,119.64655582843841
25.2420224217921,55.3015011548996,216.50115120921652
25.238291027285054,55.3044193983078,93.30567987678886
25.23931001504873,55.30140459537506,53.09289470412227
25.24100345676928,55.29639422893524,152.24096743630565
25.2428084746865,55.304558873176575,19.674872449396418
25.242323257451048,55.29694139957428,119.75830544930758
25.240731731320324,55.30291199684143,257.6678799264349
25.24251249240332,55.297805070877075,208.99249469418933
25.240275619379517,55.30512750148773,132.49098426433636
25.2378057920141,55.299827456474304,14.376019267829184
25.239052842752415,55.3006911277771,92.96846115567115
25.24136252160932,55.30142068862915,279.96158867297873
25.240615277370495,55.30437648296356,215.66485710874792
25.24102286570668,55.2969628572464,214.81608770986023
25.241032570174212,55.30500948429108,166.58459919120367
25.239411913355255,55.29636740684509,58.39796954260653
25.23947984551212,55.299054980278015,200.38708278180584
25.242066091530717,55.29702186584473,140.19045586777304
25.236083191158173,55.30470907688141,17.27237108793423
25.241988456428984,55.30392587184906,107.80018569781332
25.242250474698626,55.29940366744995,170.07793803114146
25.23766022105508,55.30410289764404,124.12485291415045
25.240508527818477,55.2960079908371,126.5411453712948
25.239392504160577,55.29638886451721,60.69076660622319
25.23953807304494,55.29983818531037,188.56820999989216
25.239416765653417,55.29636204242706,57.83843491625172
25.23789313450584,55.3034108877182,187.8293267599827
25.23930516274629,55.30140995979309,52.44684557807438
25.239018876559385,55.30200004577637,42.51813570825813
25.242502788053955,55.30174255371094,159.08196929740802
25.237320554806075,55.30147969722748,48.99003214566273
25.24084333291752,55.296066999435425,120.53201441313111
25.237092492649182,55.30409216880798,98.29930922078564
25.23781064437641,55.29987037181854,12.678096228310899
25.239436174844187,55.296335220336914,55.06815348647232
25.241236363813428,55.30483782291412,143.45922843972048
25.242226213771445,55.30483782291412,35.026670857616786
25.23811149046055,55.29877066612244,68.63891796449579
25.241789516254386,55.29737591743469,189.7331289352588
25.238557905858386,55.29800355434418,100.02091472603666
25.239431322546793,55.296345949172974,56.19524492624856
25.238795669911937,55.30463933944702,110.15883631963128
25.23851423485921,55.29811084270477,93.5805463071769
25.240877298600665,55.29688775539398,202.65122276396625
25.237422454780457,55.30208587646485,79.85861032630899
25.239445879438435,55.296324491500854,54.01875256729351
25.239101365868834,55.296839475631714,75.35216666535047
25.23844144982573,55.29816448688507,85.21827339087842
25.236277288249568,55.30465006828308,10.511988150858494
25.23705852590834,55.301823019981384,31.937863903957208
25.236859577664276,55.30183374881744,11.636200732030026
25.242284439988495,55.305084586143494,34.00025307226326
25.239266344319788,55.30149579048157,47.14619227373686
25.239732164619554,55.30409216880798,221.80686283964286
25.2391110704898,55.29699504375458,84.81348262470019
25.24468624713104,55.30486464500427,101.53266478472655
25.242430005409076,55.30516505241394,16.070697078767726
25.237766973108748,55.30222535133362,94.05915582252122
25.24102286570668,55.2969628572464,214.81608770986023
25.23797077222356,55.29972016811371,23.050540291373228
25.237728154191004,55.30165672302246,84.6695820889558
25.241891412482076,55.29744029045105,190.18622196132893
25.23859187218021,55.302788615226746,102.99498191649613
25.238664657123635,55.30274033546448,97.61311053617307
25.242658057550727,55.301533341407776,165.8919831309938
25.240328994269547,55.304317474365234,213.74526238470148
25.244060326206903,55.300530195236206,72.2227882045906
25.243211203520644,55.30427455902099,53.724846364271045
25.239654528026904,55.30003130435944,186.48651377110082
25.24254645761998,55.301801562309265,151.02358699130914
25.239183855122302,55.29686093330383,84.69420573934893
25.241386782708872,55.30149579048157,274.52372159948237
25.23969819861638,55.29710233211517,144.24474264100152
25.2398631762572,55.30012249946594,190.503006139303
25.240741435811117,55.302654504776,246.66892774910443
25.238790817588963,55.30051946640015,94.67075855294526
25.239426470249185,55.296345949172974,56.14387481362497
25.241901116880243,55.303056836128235,181.9297789835209
25.236039519269895,55.30293881893158,69.15145619781997
25.237286588128995,55.30415117740631,107.14024860743011
25.242386335801218,55.303308963775635,139.1395642117201
25.239450731735246,55.296313762664795,52.91535840355168
25.240256210322812,55.297799706459045,238.02579731424993
25.241284886058097,55.30168354511261,271.9507003698269
25.24085788964004,55.3011953830719,226.36995874220744
25.24153720141817,55.30492901802063,111.70014094571258
25.241182989321914,55.30510067939758,147.4193975455268
25.238116342810656,55.30187129974365,42.11795087089815
25.23859672451115,55.304569602012634,99.60866623935362
25.24256586631095,55.300562381744385,177.4401028950247
25.240275619379517,55.30498802661896,145.18132618867932
25.2415129403486,55.302536487579346,223.3665918243154
25.237655368686788,55.30216634273529,101.73639449796097
25.242056387145738,55.30395805835724,100.75021743356253
25.2393391288593,55.29967725276947,174.9035289409008
25.237092492649182,55.302059054374695,47.53394377703541
25.24173614200579,55.30385076999664,131.5581226055014
25.24072687907463,55.30272424221039,248.42911259489773
25.24300741319307,55.3042209148407,57.245656398714914
25.241085944731807,55.30449986457825,161.8344129819472
25.24132855606176,55.303813219070435,167.66306016817586
25.24357026183769,55.30026733875275,76.34007817854112
25.238009591063843,55.29901742935181,58.76519333301516
25.244380565222045,55.30066967010498,91.08181300133573
25.242430005409076,55.29701113700867,123.58924532999501
25.238373517088466,55.29836297035217,80.33718512950774
25.241085944731807,55.30448913574219,162.0311891435907
25.237645663949607,55.30413508415222,121.10277425411252
25.239921403606388,55.29823422431946,244.98187613710277
25.244390269421473,55.30066967010498,91.40118186701923
25.241347964947224,55.29902279376984,274.0752775127676
25.23944102714141,55.29632985591888,54.54006712706731
25.239222673575156,55.30470907688141,143.07348419849905
25.23746127379583,55.303062200546265,162.271724582251
25.24196419544953,55.29749929904938,192.39013409199376
25.24349747983213,55.30239701271057,40.245499203276886
25.242371779261777,55.30517041683197,20.538775812358903
25.239683641754965,55.30484318733215,138.3012375368755
25.235743520502453,55.30470371246338,22.123049110090605
25.24272598789318,55.30273497104645,87.38697866118491
25.242522196751892,55.300557017326355,180.77844681706074
25.24218254409037,55.30393123626709,97.02301030233072
25.240411482689836,55.29688775539398,162.97639144965368
25.236830463259793,55.30388832092285,107.22423688035627
25.239426470249185,55.29775142669678,168.66232891552278
25.24186229928289,55.2974134683609,189.1467288500495
25.241939934465226,55.30164062976837,214.24713277892403
25.24113931926594,55.30132949352264,255.75659077008018
25.239416765653417,55.29636204242706,57.83843491625172
25.239654528026904,55.300036668777466,185.96562557654025
25.235530012747375,55.30459642410278,30.71174714618812
25.241081092500252,55.304574966430664,161.23281381095003
25.24226017906811,55.304049253463745,81.64312210237938
25.242192248465315,55.302547216415405,148.4679545093001
25.242172839714655,55.29996156692505,185.104684084947
25.243575113969857,55.30224680900574,56.96422158069067
25.239567186800898,55.29697358608246,127.27637263783737
25.23752435466939,55.30227899551392,100.4352177640827
25.23795621515528,55.303523540496826,184.39521832940216
25.242818179011465,55.29815912246704,177.55822255016236
25.242954039479372,55.30345380306244,98.95200378210644
25.23831528899775,55.30137777328491,40.86431387882054
25.23888786401166,55.30061602592468,98.43429336480919
25.238019295771977,55.2989262342453,58.38222053624009
25.23826191322341,55.30010640621185,49.90459592378146
25.238082376355933,55.29895305633545,65.59190092946598
25.237019706764343,55.30395269393921,107.68918215614956
25.243948727563932,55.30459642410278,45.39559269083805
25.240455153007304,55.29691994190216,168.92642168067385
25.242590127170303,55.29786944389343,215.42322250513408
25.241236363813428,55.304816365242,143.29042514825906
25.237965919867666,55.30351281166077,185.5975122823947
25.24085788964004,55.30120074748993,226.2813113152888
25.24429807949581,55.300589203834534,80.10874646188314
25.23999904002855,55.305047035217285,124.88210453009691
25.236034666836872,55.30476272106171,22.6088049187959
25.23599099493117,55.303040742874146,69.86353302517426
25.241304294950567,55.30293881893158,241.0955725346538
25.24067350435935,55.30294418334961,253.59646918442377
25.239096513558053,55.30465006828308,136.88086410685924
25.237475830923415,55.30211806297302,86.75154004671532
25.2422941443553,55.30395805835724,90.01734658991525
25.239033433500424,55.30217707157135,54.14194561957654
25.239421617951407,55.29635667800903,57.28468882267834
25.24084818515857,55.30359327793121,225.18538494029656
25.239572039092877,55.299076437950134,209.44703234217926
25.23964967573822,55.30001521110535,187.7939982240152
25.2415129403486,55.29724717140198,196.97698660466224
25.243099604097893,55.30069649219513,146.6318953833836
25.242017569597948,55.29753148555755,193.21313763984423
25.23874229434857,55.30098080635071,58.49320844190873
25.2402270967319,55.3024560213089,185.86144631819064
25.24136737382962,55.29714524745941,200.39907029785698
25.242643501043815,55.2979177236557,210.62693122064908
25.235510602932848,55.3041136264801,10.805895176568463
25.239931108161855,55.297032594680786,145.57478078916373
25.23679649644575,55.30393660068512,101.137387553118
25.24318694278527,55.30320703983307,61.47699565769328
25.242090352489853,55.30139923095703,218.45482033583485
25.23853849652735,55.298046469688416,97.0791337372303
25.238834488488777,55.29738128185272,99.10007909021539
25.238732589698177,55.30267596244812,90.80612237793785
25.244045769867995,55.30459105968475,53.21555281996063
25.23697603521252,55.30145287513733,13.105343485072861
25.23527768491699,55.30439794063568,46.666242873283856
25.240421187206167,55.302053689956665,185.7300012162595
25.237587435510207,55.30217170715332,100.49556366639952
25.241246068263905,55.30443549156189,145.78775959466398
25.239722460048185,55.29997229576111,195.89716214990173
25.236122010601235,55.302772521972656,65.1466073487946
25.243575113969857,55.30101299285889,140.14976151044633
25.243376176392673,55.30438721179962,51.94108710122673
25.24139163492822,55.30377030372619,165.22309913479464
25.242590127170303,55.29786944389343,215.42322250513408
25.237529207042925,55.30227899551392,100.88143057007733
25.242434857586744,55.30323922634125,130.98515239914357
25.238135752209104,55.29869556427002,72.27550283777907
25.238300731970696,55.29847025871277,76.78314666577059
25.235243717669064,55.30445694923401,51.16502803589995
25.23513696339947,55.30448377132416,47.950061143016036
25.238164866300963,55.29914081096649,68.95980448322166
25.241207250457336,55.30436038970947,152.05441939512195
25.23947499321646,55.30400633811951,213.14368656763367
25.243385880672264,55.30437111854553,53.991536512050075
25.237742711286614,55.29950559139252,12.381863684635004
25.242449414118624,55.30198395252228,146.08478663528402
25.241357669388805,55.30374348163605,170.02385978134467
25.24038236913611,55.2959007024765,111.38198217921277
25.23970790318968,55.29700040817261,133.59176605851667
25.24340043709023,55.30460178852081,40.21617752104446
25.242624092365247,55.30400633811951,80.94953961536741
25.241988456428984,55.30294954776764,170.52460150467556
25.23757287839599,55.30227899551392,104.9363753056632
25.242400892338893,55.30513823032379,20.442619262656898
25.23836866474865,55.301281213760376,40.72526834625737
25.24231840526889,55.29769778251648,200.62349805546697
25.241178137094224,55.30187666416168,262.67070604650957
25.23857246285461,55.30440866947174,110.89154956693964
25.241857447082324,55.303813219070435,126.36322146161999
25.242507640228737,55.30146360397339,182.02752785131224
25.24015431272413,55.30498802661896,138.2774477928363
25.23826191322341,55.30014395713806,47.056332330288484
25.23834925538739,55.30442476272583,95.63373128500768
25.239994187753624,55.300025939941406,207.83923737266943
25.23920326435028,55.304768085479736,136.37082013327188
25.24440967781794,55.29828786849976,100.42537312499731
25.239436174844187,55.296340584754944,55.65990038653234
25.237965919867666,55.30348598957062,188.574496815672
25.23898005804145,55.302321910858154,62.16647349665765
25.241095649194293,55.29699504375458,214.03175839179283
25.237548616535108,55.30138313770294,67.97069461994653
25.24245426629554,55.30192494392395,149.61338077382104
25.241542053631505,55.30247211456299,221.07177898203022
25.23801444341801,55.30496656894684,25.46773497032188
25.23795621515528,55.29972553253174,21.49436030184217
25.24318209063763,55.30009031295776,91.50326436140742
25.242624092365247,55.29790163040161,213.34977495284056
25.241168432638332,55.30434966087341,156.52461448881675
25.241939934465226,55.30385076999664,117.72443041106011
25.23991655132835,55.300025939941406,202.6486150392401
25.235408701355837,55.304537415504456,36.71572915287584
25.23781064437641,55.30172109603882,74.76214590928949
25.2402270967319,55.29965579509735,256.1800823223525
25.23971275547605,55.304805636405945,142.79635104071818
25.237839758546116,55.30341625213623,190.82269732278561
25.23997963092765,55.29824495315552,250.13309283238726
25.242711431394422,55.297971367836,201.35359068477817
25.23713616415914,55.30136168003082,24.705936008032822
25.23674797240922,55.30392050743103,101.85050355906205
25.239416765653417,55.29636204242706,57.83843491625172
25.238819931523935,55.30451059341431,121.72728286824878
25.23920326435028,55.30468761920929,145.27897304386912
25.240343551053655,55.30514895915985,135.30920595115072
25.237383635752664,55.30149042606354,55.532640705669245
25.24260468368358,55.297284722328186,150.5527985326453
25.242599831512692,55.29788553714752,216.4008253523828
25.237116754601104,55.30184984207153,38.87229160020124
25.242944335165262,55.303523540496826,105.73445196522637
25.238815079201927,55.30246675014496,69.35878949785904
25.238878159372888,55.298840403556824,150.6632252254476
25.23797562457928,55.300562381744385,15.812318439126726
25.24298315241704,55.30342161655426,94.14307779303675
25.243317950698696,55.30434429645538,51.79200328726339
25.239931108161855,55.298309326171875,250.98209657964534
25.23633066489539,55.30237555503845,73.2666566769632
25.243516888371232,55.30265986919403,11.04104788092601
25.24146927041123,55.301334857940674,276.5051541955675
25.23856761052272,55.29814839363098,99.26306444068815
25.24272598789318,55.29798209667206,199.43937122980478
25.23969819861638,55.30320703983307,188.56043002085764
25.235714405830663,55.30466616153717,21.82591119472281
25.237917396297945,55.30221462249756,79.72234245247951
25.24021253993382,55.30500411987305,139.9417366418507
25.24300741319307,55.304296016693115,48.92997641247432
25.24399724872565,55.304574966430664,50.69821327700478
25.242672614055863,55.297333002090454,155.54445085925687
25.23948955010286,55.29625475406647,47.35932565267516
25.242119465634417,55.301324129104614,222.0334650433815
25.241542053631505,55.303051471710205,216.42975691520166
25.24212431782449,55.303915143013,101.33299627723663
25.23629669794167,55.303807854652405,79.92042659505148
25.241508088134125,55.3011417388916,285.9315571608478
25.243589670365154,55.30445694923401,50.888004768743876
25.244618317884377,55.30470907688141,98.43348470472118
25.238829636167353,55.2974671125412,107.72628501177155
25.238257060879135,55.302584767341614,87.62700069314904
25.241740994211185,55.29734909534454,190.20022032939605
25.23542811118662,55.304580330848694,37.51919413028084
25.24308989979542,55.29997229576111,91.48656463553601
25.23541840627159,55.304542779922485,36.08035689732752
25.24428352318536,55.30059456825256,80.35807527968299
25.24116358041009,55.29875457286835,300.3519183126586
25.24168761994129,55.303834676742554,136.50466623609995
25.23813089985977,55.29877066612244,70.7898174683844
25.238815079201927,55.29748857021332,109.39756496155685
25.239824358008903,55.30000448226929,198.78413285279456
25.241056831339648,55.304515957832336,164.7505751322983
25.241173284866363,55.297048687934875,210.34916466368756
25.237699039994553,55.3040224313736,131.83162364446758
25.242381483621585,55.29770851135254,200.4172418329293
25.239664232603715,55.30244529247284,128.7778972939003
25.239096513558053,55.29719352722168,97.87384220491697
25.24116358041009,55.297048687934875,211.22044861348022
25.238873307053197,55.300546288490295,104.12150843126666
25.242599831512692,55.3011417388916,206.17423820884562
25.239411913355255,55.29636740684509,58.39796954260653
25.240901559797123,55.30239164829254,249.08091673690717
25.23979524431458,55.30488610267639,135.3936715610057
25.24075114030111,55.301340222358704,212.7098535024369
25.24142560045813,55.29718279838562,198.55260955361965
25.241765255235208,55.29736518859863,190.19084559456383
25.239727312333983,55.29857754707336,232.2137964411886
25.24161968901842,55.30222535133362,218.34126685641803
25.242269883436848,55.29766023159027,197.79741810159052
25.24218254409037,55.30328750610352,158.8831921375683
25.239780687464787,55.304049253463745,227.07016086346647
25.24086274188049,55.30119001865387,226.99243185156155
25.239179002814836,55.303051471710205,144.07237580125914
25.23920326435028,55.30163526535034,42.79356817023893
25.24065409536618,55.29887795448303,331.10851742719444
25.24364304379968,55.3044730424881,49.28477145985789
25.241774959643465,55.3038614988327,127.82519073497403
25.241042274640975,55.30092179775238,252.60647623065856
25.23615112517541,55.30476272106171,9.948042727268286
25.24049882330911,55.29686629772186,168.30560934614874
25.24423015003218,55.30468225479126,61.27097912193979
25.240877298600665,55.30243456363678,248.55776953934654
25.241915673476058,55.2974671125412,191.56655094769138
25.23964967573822,55.297048687934875,137.20629957954716
25.243381028532568,55.30433356761933,56.84585269108366
25.238358960068396,55.29857754707336,88.04448275701625
25.238465711508397,55.298084020614624,88.51329260904932
25.237834906184982,55.30350208282471,187.1588121427492
25.242716283560867,55.30011713504791,135.34716010606786
25.24341014136793,55.30020296573639,85.81961907391177
25.240484266543575,55.29748320579529,219.51100995529814
25.23564161912067,55.30462861061096,24.23455728503949
25.24429807949581,55.301072001457214,132.93427384673373
25.24106653580448,55.30114710330963,250.07843523193347
25.237999886354928,55.299038887023926,58.316924434838164
25.242580422827142,55.304532051086426,22.904260108704364
25.237019706764343,55.301806926727295,27.394887739134962
25.2424105966964,55.29772996902466,202.21483899537643
25.237868872708887,55.303303599357605,178.14921401958597
25.240275619379517,55.2969092130661,154.58335547846278
25.241542053631505,55.303051471710205,216.42975691520166
25.23774756365141,55.30221462249756,95.26401818408537
25.237223507132057,55.30412971973419,104.00251345917282
25.24403121352732,55.30458569526672,52.45007063478106
25.235462078383023,55.30462861061096,34.65687779610932
25.241158728181645,55.30445694923401,154.748396162744
25.243555705440073,55.301082730293274,148.0423034206727
25.242677466223853,55.29794991016388,205.5083326455424
25.23915474127452,55.296807289123535,79.4925836615184
25.237786382562973,55.29983818531037,13.515600049000456
25.23851423485921,55.30100762844086,57.2325930982535
25.23986802853736,55.2999883890152,202.9607493912326
25.238708328068753,55.300546288490295,85.99939694171611
25.242735692224713,55.29799818992615,197.36114807236555
25.239455584031887,55.2961528301239,35.466238625412814
25.243919614857617,55.30510604381561,15.283650632100304
25.239780687464787,55.29860973358154,238.72370519057304
25.24248823152847,55.30151188373566,179.1834442089899
25.24247367500125,55.30414044857025,66.29908736101372
25.23512725846122,55.304521322250366,43.8597548056324
25.24247367500125,55.2977728843689,205.93008528402333
25.24318694278527,55.301817655563354,110.6025343469459
25.238286174941933,55.29849708080292,76.65192184187657
25.240557050353743,55.29726326465607,204.7731323146803
25.24468139504326,55.30486464500427,101.00049914078039
25.242051534952935,55.30395805835724,101.02918322535164
25.238198832732635,55.29910326004028,74.57729056885103
25.237839758546116,55.30234336853027,95.50912227756619
25.239266344319788,55.299559235572815,166.91280115989505
25.244278671081517,55.30462324619293,69.5038867263298
25.23990684677169,55.29551982879639,60.52046030279424
25.241110205886585,55.30469834804535,157.06718953930397
25.23853849652735,55.29800355434418,97.9080531341165
25.236126863030748,55.30265986919403,60.6406835018443
25.24067835660716,55.30515968799591,160.9541642834257
25.240950082175473,55.29860436916351,327.6411307989313
25.242852144142702,55.30387222766876,95.89436759065327
25.238756851322737,55.297837257385254,126.01945146720098
25.242769657378982,55.298041105270386,191.29116661174467
25.241503235919453,55.2989798784256,257.99014167493294
25.241051979106956,55.304832458496094,163.82958092823
25.23964967573822,55.2999883890152,190.41504418821174
25.23727688336237,55.302069783210754,64.77797718291521
25.239935960439297,55.300042033195496,202.49244659983162
25.240295028433135,55.297837257385254,243.60022572108798
25.2380387051859,55.2989262342453,60.53334290121697
25.239567186800898,55.304805636405945,141.20445722653957
25.24175555082617,55.30495047569275,88.64996419160602
25.238320141339713,55.29838442802429,75.31560304850471
25.241702176562654,55.303834676742554,135.4099604855452
25.242949187322424,55.30350208282471,103.50669349126
25.242735692224713,55.30338406562805,110.68938809092549
25.238470563844345,55.29820740222931,88.49783777231609
25.23522430780882,55.304574966430664,38.46633275311352
25.238955796461457,55.30218243598938,48.34377734573762
25.24211461344413,55.30009567737579,195.64810219612215
25.24188656028268,55.30049800872803,236.51708980584763
25.23920326435028,55.2981698513031,169.76909782240617
25.24233296181474,55.29769778251648,200.28465153290668
25.237965919867666,55.30246138572693,94.71146258232035
25.240134903648027,55.29799282550812,242.71978543798673
25.23885389777253,55.29940366744995,123.27163599697278
25.241779811847294,55.30387759208679,126.12092744739627
25.239819505727,55.30324459075928,200.2418948556687
25.23766022105508,55.30223608016968,104.83710887254463
25.237233211902932,55.30196785926819,55.29907572140288
25.241202398230612,55.304322838783264,153.7624400820924
25.23902858118693,55.297064781188965,82.49310865382571
25.237830053823657,55.299323201179504,33.23404249887666
25.241260624938175,55.298818945884705,288.15919713185497
25.2398631762572,55.2999883890152,202.65890352779843
25.23757287839599,55.302075147628784,94.72281585286392
25.242313553086575,55.303319692611694,146.9432280801168
25.242400892338893,55.305079221725464,23.781572841933542
25.242658057550727,55.30286371707916,95.59148596103735
25.23800473870948,55.30047655105591,8.997873893215262
25.24144986154512,55.30140459537506,273.95123716955413
25.243968136030944,55.304564237594604,49.533144674317356
25.241508088134125,55.303056836128235,217.84460905973827
25.241168432638332,55.30118465423584,260.6588936363917
25.23555427501115,55.3045266866684,23.061215441749674
25.23880537455733,55.30247747898102,70.2621631872829
25.244404825719116,55.30473053455353,75.51244982937104
25.236660629094615,55.30387759208679,102.20615425525656
25.241876855883348,55.29742956161499,189.9149912141476
25.242090352489853,55.3039687871933,97.81967543419229
25.23997963092765,55.303298234939575,216.43612692832122
25.239009171931073,55.29702186584473,77.70646374353166
25.242449414118624,55.30198395252228,146.08478663528402
25.24196419544953,55.3032124042511,179.11204457659653
25.23804840989172,55.29934465885162,43.594461303899756
25.23582601203468,55.30471444129944,18.493979705620315
25.242658057550727,55.30425846576691,53.17603410816486
25.23559309462314,55.304017066955566,1.6222785598899714
25.241304294950567,55.30364155769348,181.92825386689188
25.238897568649666,55.30237019062042,62.28234342047492
25.240566754858477,55.29901206493378,318.2628909119071
25.238645247809657,55.3044193983078,115.26860638774271
25.241008309003945,55.302300453186035,256.32538821223943
25.238320141339713,55.29844343662262,77.56110968763755
25.241081092500252,55.301275849342346,249.83881070700716
25.24160028017633,55.297311544418335,196.12959635409203
25.242764805214662,55.30425846576691,53.05710028226252
25.2426629097193,55.30397951602936,84.04615979422361
25.240877298600665,55.29688775539398,202.65122276396625
25.243507184102057,55.30442476272583,55.46321092531656
25.241857447082324,55.30318021774292,187.86030471626188
25.244336896315147,55.300793051719666,103.1342582110939
25.239528368458068,55.296319127082825,55.41744876616107
25.243094751946742,55.30322313308716,69.3207607787641
25.237927101013454,55.299092531204224,52.751991625684106
25.243317950698696,55.30273497104645,21.804801981613128
25.241226659362155,55.304805636405945,144.29641909108332
25.235646471569353,55.30463933944702,24.79052126399147
25.2440700304319,55.30465543270111,50.25410309984309
25.24085788964004,55.29621720314026,136.06311562678601
25.23590365107269,55.30471980571747,18.430178845260354
25.241915673476058,55.30044436454773,230.95533239384258
25.238160013952793,55.29865264892578,75.43146487323368
25.242507640228737,55.3006911277771,191.74613709564997
25.24236207490118,55.29698967933655,123.39197170775944
25.242769657378982,55.298041105270386,191.29116661174467
25.24072687907463,55.296785831451416,182.48490330297648
25.23955262992378,55.3040224313736,218.54784577294964
25.24023194899752,55.296828746795654,144.63921324898342
25.239576891384655,55.29991865158081,189.79177869135586
25.241095649194293,55.29699504375458,214.03175839179283
25.239120775109967,55.30175864696503,42.11849453212344
25.241231511587884,55.30299782752991,240.44028792667817
25.241119910347138,55.2970165014267,213.12625526831047
25.240595868368004,55.30273497104645,235.56720805026572
25.242944335165262,55.30367910861969,117.3110025384242
25.24137222604972,55.30387759208679,159.48401234967767
25.23567558625743,55.30470907688141,28.10652645641268
25.242803622523752,55.29813230037689,180.9084625800694
25.241847742680676,55.30060529708862,245.93849471858678
25.239334276558026,55.29688775539398,101.28895384204446
25.24038236913611,55.305057764053345,145.86946283056201
25.242143726582896,55.297579765319824,193.19366748995307
25.24136737382962,55.30282080173493,238.2495088712761
25.237548616535108,55.30145287513733,70.28124253409682
25.237068230692387,55.30193567276001,37.27370087403066
25.237699039994553,55.30235946178436,108.73927580933403
25.239542925338085,55.29895305633545,210.72872593087035
25.24172158538849,55.29913544654846,231.1597912918766
25.24079966273952,55.301275849342346,218.78009221030314
25.24196419544953,55.29749929904938,192.39013409199376
25.240828776193258,55.30120611190796,222.9972549088847
25.238193980385816,55.301817655563354,32.4197598638247
25.23797562457928,55.304312109947205,96.92477875153664
25.23924208279692,55.302316546440125,81.8766025827944
25.24463772624445,55.30484855175018,96.51966623178483
25.23821338977187,55.301560163497925,37.93877224607993
25.23753891178943,55.30227899551392,101.77653847050045
25.23980494888012,55.30247211456299,143.8684991298141
25.241386782708872,55.30149579048157,274.52372159948237
25.238819931523935,55.2974134683609,101.78685830723796
25.24268717055928,55.30425846576691,52.99098711673328
25.243094751946742,55.297563672065735,164.3673337317184
25.24371582571807,55.29785871505737,121.20823892947092
25.23826191322341,55.30158162117005,32.2634781493252
25.236286993096016,55.303802490234375,79.06739896238278
25.241590575754145,55.303078293800354,211.1673359088643
25.24167791552604,55.3031051158905,203.93284580438004
25.241226659362155,55.304805636405945,144.29641909108332
25.238834488488777,55.29738128185272,99.10007909021539
25.240595868368004,55.29902279376984,321.1769967183236
25.238878159372888,55.30458569526672,121.01195561932069
25.242027273986068,55.297536849975586,193.33911629507347
25.236985740003163,55.301785469055176,23.388936168040264
25.24329854212786,55.304558873176575,32.618489742144064
25.24220680502623,55.29762268066406,195.618226596852
25.235661028914265,55.30462324619293,22.38546744127915
25.239212968963106,55.30393123626709,198.0403006834068
25.23883934080999,55.30236482620239,59.29475547336753
25.237965919867666,55.30351281166077,185.5975122823947
25.23784946326782,55.29984891414642,16.880782605914696
25.2355445701062,55.30450522899628,22.211632147942126
25.2426629097193,55.300272703170776,149.40892479380878
25.243638191670243,55.29788017272949,129.13077609917866
25.236563580893716,55.30384540557861,102.25457381186563
25.242837587659025,55.30340015888214,103.34206386428389
25.24208064810678,55.297563672065735,193.89192071702593
25.24289096142388,55.29992401599884,108.39306865052211
25.24433204421338,55.30082523822784,106.52174462335849
25.24404091775463,55.30458569526672,53.22740102869285
25.23953322075161,55.29693067073822,121.99838435538248
25.242556161965837,55.30114710330963,208.08745122890755
25.241939934465226,55.29748320579529,191.95158344659026
25.242624092365247,55.30449986457825,26.182551569045604
25.24332280284092,55.3044193983078,45.37084190013805
25.244118551545156,55.30487537384033,39.9950605524677
25.240663799863157,55.30275106430054,243.178612453128
25.23978553974824,55.304054617881775,226.53699632560415
25.239285753534578,55.30143678188324,49.81871453676926
25.237228359517573,55.30351281166077,161.7290814136573
25.237063378300466,55.303834676742554,121.59823516829447
25.240644390868425,55.30272424221039,240.00748715072385
25.236786791639982,55.30393123626709,101.48788992250282
25.23542811118662,55.30465543270111,30.513463985899985
25.2428084746865,55.29814839363098,179.15780729407192
25.242672614055863,55.301554799079895,163.0140830682175
25.241488679274227,55.29723107814789,197.4870802661616
25.24072687907463,55.30291736125946,257.45842736032984
25.243618783150534,55.30096471309662,133.19933774615785
25.242536753273313,55.30183374881744,149.31030719503036
25.2401494604554,55.29563784599304,81.14142719761111
25.24164395006666,55.303062200546265,209.90116445553159
25.239300310443653,55.299537777900696,170.7836944561985
25.23703426394478,55.30176401138306,26.803715528952203
25.24282303117363,55.30392050743103,90.52630533977232
25.23857246285461,55.2979177236557,103.8428217550155
25.239416765653417,55.30123829841614,70.21145390442997
25.238897568649666,55.30224144458771,49.67591299470426
25.244118551545156,55.30487537384033,39.9950605524677
25.239504106987525,55.29919445514679,198.75275099441367
25.237097345039928,55.30375957489014,130.74639559574615
25.2426629097193,55.29794454574585,206.95253634880012
25.2384365974886,55.30370593070984,173.03538652593372
25.24333250712479,55.30013859272003,84.42454222141824
25.24040663043137,55.297611951828,227.06452180524283
25.239276048927564,55.29959678649902,167.88694464497922
25.242711431394422,55.297971367836,201.35359068477817
25.237344816712493,55.30202686786651,69.27610022329469
25.238494825521187,55.30274033546448,97.98927381246953
25.23807752400448,55.29888331890106,64.76872924849307
25.239402208758307,55.297837257385254,174.63844818067054
25.238417188138182,55.30450522899628,91.95166593174758
25.24171188097597,55.30314803123474,197.97101979720432
25.24106168357217,55.30485928058624,162.97857381590504
25.24145956597856,55.30267596244812,228.10567485567125
25.23816971864892,55.30165135860443,37.15743913280953
25.243259724976852,55.300068855285645,83.69974347345007
25.236888692061797,55.301586985588074,2.6378626854920597
25.23749524042414,55.30072867870331,24.415939784082198
25.241304294950567,55.30097544193268,279.5241368159581
25.243555705440073,55.301082730293274,148.0423034206727
25.24227473562094,55.30237555503845,143.88259756069442
25.23781064437641,55.29987037181854,12.678096228310899
25.241474122627267,55.29722571372986,198.16276133495003
25.239940812716583,55.30249893665314,158.6348144205922
25.23575807783573,55.304580330848694,13.094600077279559
25.2386840664345,55.30101835727692,53.697711497979796
25.241949638859523,55.29698431491852,143.73970276368732
25.240571607110567,55.29720962047577,201.27997069919695
25.23929060583781,55.299564599990845,169.5832490554515
25.242536753273313,55.30062675476074,184.565126140159
25.239450731735246,55.296319127082825,53.50440774517585
25.241508088134125,55.303775668144226,155.19963600073277
25.23572411072205,55.304580330848694,14.498402700846535
25.23871318039504,55.29765486717224,124.10679705708979
25.23962541429188,55.304827094078064,139.59547768492894
25.23871318039504,55.30265986919403,88.86282001326363
25.242924926534755,55.30364155769348,117.68863080149077
25.244026361413376,55.298046469688416,113.8878505632187
25.238193980385816,55.298781394958496,77.72950362029592
25.241246068263905,55.30100226402283,272.58602080323186
25.2424105966964,55.29772460460663,201.62720616177177
25.243555705440073,55.302579402923584,20.52191002889263
25.24261924019511,55.30335187911987,119.02380619686573
25.240353255575428,55.29767096042633,229.91341464047088
25.24286184846416,55.30368983745575,116.10039663443301
25.240455153007304,55.29691994190216,168.92642168067385
25.24144986154512,55.30497193336487,122.16217909346993
25.241726437594437,55.30311584472656,200.43814590979025
25.242192248465315,55.29950559139252,176.5179508161136
25.236956625628903,55.30171036720276,16.640040250452813
25.241381930489354,55.3048700094223,127.72644900735767
25.237558321280066,55.301565527915955,76.49641502080776
25.24268717055928,55.30147969722748,169.03648417628614
25.24128973828151,55.30137240886688,272.1166998274157
25.23866950945164,55.29772996902466,121.1867196223254
25.242677466223853,55.301560163497925,162.21760080088265
25.235510602932848,55.304580330848694,30.722105782930846
25.24044059623654,55.30268669128418,217.6657275903818
25.23778153019973,55.30412435531616,119.06156103158042
25.240760844790344,55.302788615226746,254.71555865125333
25.244278671081517,55.30462324619293,69.5038867263298
25.23748553567414,55.30225217342377,95.19799036000094
25.242502788053955,55.297799706459045,208.5130121376471
25.23880537455733,55.30247747898102,70.2621631872829
25.242352370539805,55.3048700094223,24.265388376690087
25.236932363645025,55.30239701271057,71.6232851751379
25.238795669911937,55.29776751995087,132.5921037168586
25.23760684499311,55.30120611190796,64.13880819048609
25.239610857421766,55.29700577259064,131.6571959053369
25.236985740003163,55.302305817604065,63.77474845655874
25.23757287839599,55.302075147628784,94.72281585286392
25.243385880672264,55.30437111854553,53.991536512050075
25.242269883436848,55.29766023159027,197.79741810159052
25.240634686369873,55.30268669128418,237.3799070405098
25.23934398116039,55.29674291610718,97.75567573043111
25.239043138126803,55.30463397502899,132.75430598062323
25.237640811580732,55.29960215091705,13.712950127164751
25.23932457195488,55.29947340488434,173.97357864814617
25.238732589698177,55.30103981494904,51.85563893914735
25.2398631762572,55.2999883890152,202.65890352779843
25.24216313533819,55.30318558216095,157.1178349299073
25.242648353212985,55.30409216880798,71.51382551596976
25.24089670755822,55.30109345912933,232.56762548591092
25.242590127170303,55.30168890953064,156.8647765951013
25.2405036755639,55.296791195869446,163.20251811981672
25.238494825521187,55.301045179367065,53.95505476715626
25.24067835660716,55.29677510261536,177.40350571466266
25.240882150840363,55.3036093711853,221.0647596140513
25.242119465634417,55.297563672065735,192.39542115812694
25.2380872287072,55.298781394958496,65.8891763866965
25.239300310443653,55.297971367836,180.9872795750821
25.235190340545984,55.30451059341431,45.05129895208685
25.239761278329027,55.297043323516846,139.85635041849264
25.243832276696807,55.30446767807007,52.04149288029435
25.24072687907463,55.296785831451416,182.48490330297648
25.23784946326782,55.299811363220215,15.169883550229148
25.23971275547605,55.300063490867615,186.6332074750098
25.240663799863157,55.30268669128418,240.36412275582276
25.24384198093999,55.301785469055176,111.30550001081474
25.2386840664345,55.300589203834534,84.25074107550715
25.237766973108748,55.30068576335907,35.06811252660617
25.237635959211644,55.30271351337433,140.5511360545506
25.235850274239397,55.30311584472656,61.345093954395004
25.23840748346184,55.30267059803009,91.7116273984929
25.239858323976833,55.300084948539734,193.55374509195903
25.24007667640113,55.29688775539398,139.41884329464838
25.236228764005773,55.304784178733826,5.466063984717261
25.23575807783573,55.30466616153717,18.01866967639365
25.241799220660695,55.30388832092285,123.81213262631155
25.241503235919453,55.303818583488464,152.36919836675546
25.238955796461457,55.30212342739105,43.73261672044814
25.238747146673475,55.3044730424881,119.14677782302348
25.242400892338893,55.30513823032379,20.442619262656898
25.24203697837339,55.304306745529175,72.08867932142985
25.23579689738264,55.30324995517731,68.13952038551585
25.243696417210757,55.302268266677856,55.483576038167534
25.24219710065246,55.29761731624603,195.35484344148068
25.241915673476058,55.2974671125412,191.56655094769138
25.241343112726156,55.30392587184906,158.99815587105567
25.239746721475157,55.30485928058624,137.40268248016943
25.24200301301434,55.297526121139526,193.31120549488688
25.241076240268526,55.301275849342346,249.3029351338184
25.24241544887485,55.30078768730163,206.53338987377748
25.238674361779474,55.2976655960083,124.46233759762357
25.24153234920466,55.29725790023804,196.42769372013996
25.239033433500424,55.30216634273529,53.3778065242541
25.241857447082324,55.30489683151245,76.20184421348108
25.23914503665705,55.29710233211517,94.99192278115163
25.242279587804816,55.30093252658844,228.52529392240749
25.243080195492155,55.300058126449585,97.84007661754443
25.24023194899752,55.29691994190216,152.44638640319315
25.2396690848918,55.29886186122894,227.43011850419208
25.2424105966964,55.30167281627655,171.7952306108469
25.242017569597948,55.30387222766876,111.14118544455896
25.23929545814083,55.30141532421112,51.2759611032774
25.240561902606217,55.305079221725464,157.402332842082
25.2386840664345,55.30375421047211,178.81055534714287
25.243822572452828,55.30053555965424,80.46774523167664
25.236621809823543,55.304800271987915,4.00856665778447
25.23932457195488,55.29968798160553,173.27090103933648
25.237766973108748,55.29939293861389,24.668632937774436
25.240959786648816,55.30236482620239,253.8883499349736
25.238960648777834,55.30298173427582,128.74935862758838
25.24448245927715,55.304773449897766,81.85078380654532
25.241833186076732,55.303062200546265,189.45450675355477
25.237441864289693,55.300830602645874,28.5312604566901
25.23886360241326,55.303818583488464,182.83698589822407
25.23519519301269,55.30443549156189,53.40430809589493
25.24086274188049,55.29688775539398,201.32874831382824
25.23970305090313,55.29866337776184,231.60088766615718
25.24404091775463,55.30139923095703,158.6055158426247
25.24148382705876,55.29916763305664,256.86569491404947
25.238790817588963,55.30107736587525,47.42850868438996
25.24129944272775,55.30364692211151,181.9336295538121
25.24268717055928,55.297316908836365,153.72997566178225
25.242158283149635,55.297595858573914,194.37569259601335
25.240100937757404,55.302557945251465,177.47544957873293
25.237470978547748,55.30149042606354,64.03147918603987
25.241852594881593,55.29740810394287,189.1654014510408
25.239397356459538,55.30474662780762,141.9691387645124
25.240362960096448,55.29688239097595,158.8076799959769
25.238354107728,55.298593640327454,88.4980151441238
25.240523084581085,55.30347526073456,262.5552891514416
25.24200786520906,55.30323386192322,175.16661020496397
25.237834906184982,55.30224144458771,88.82467311366882
25.23971275547605,55.29577195644379,37.68179345873144
25.236461680199355,55.30340552330017,116.57892104180834
25.24193023007014,55.29747784137726,191.89760393008575
25.237873725068653,55.30221462249756,83.58880512757075
25.239072252001307,55.303813219070435,197.1758718158433
25.240576459362444,55.30268132686615,231.19622603950586
25.240377516876492,55.30342698097229,257.834192623435
25.23964967573822,55.297048687934875,137.20629957954716
25.23824250384513,55.300074219703674,51.05985599208163
25.23717498326596,55.30199468135834,50.8127712842198
25.24332765498295,55.304574966430664,34.29273480000864
25.243905058501852,55.304574966430664,44.52883737626924
25.23759714025205,55.29974699020386,15.349504087472239
25.24156631469523,55.30240774154663,219.56385477452702
25.24340043709023,55.304306745529175,60.51778445464732
25.23969334632945,55.30493974685669,127.76022676008971
25.238354107728,55.29918909072876,80.82080112365215
25.235141815868303,55.30448377132416,47.926163375100465
25.24173614200579,55.299323201179504,227.4739160712212
25.23929545814083,55.30395805835724,202.45015461956427
25.243701269337876,55.300294160842896,66.75549730001795
25.242895813583175,55.30348598957062,105.82408499000319
25.23978553974824,55.304049253463745,227.12881861499454
25.243507184102057,55.30118465423584,160.57178563185394
25.24329854212786,55.29763340950012,146.02472874609194
25.24218254409037,55.29760658740997,194.68940827252032
25.241265477162557,55.301785469055176,270.88413945504874
25.24236692708156,55.30099153518677,226.2135565374521
25.24167306331816,55.30498802661896,98.6021854139157
25.238926682559057,55.29725790023804,91.75441598754287
25.242216509399228,55.29762804508209,195.88898919155116
25.24136737382962,55.296335220336914,145.99675222537763
25.242497935878987,55.30337870121002,131.9840327811978
25.23797077222356,55.299038887023926,55.21314775918059
25.238747146673475,55.30264377593994,87.40726600575258
25.23814545690716,55.30020296573639,33.21701612183727
25.242536753273313,55.30468225479126,6.064395678423702
25.241993308624306,55.30493438243866,62.98205636479273
25.24239118798063,55.30171036720276,170.46257560794442
25.237019706764343,55.30392050743103,110.9138781641081
25.236117158171524,55.304773449897766,13.901982702267834
25.240775401522725,55.30269742012024,252.29601149742825
25.23531165215543,55.304564237594604,39.06980151910599
25.241076240268526,55.304574966430664,161.76812096562227
25.238790817588963,55.3025096654892,73.41464057883115
25.24231840526889,55.29769778251648,200.62349805546697
25.239120775109967,55.30389904975891,193.5128101478707
25.23980009659745,55.300058126449585,192.33113003051503
25.244026361413376,55.29792845249176,103.20086050065859
25.24072687907463,55.30292809009552,258.0030157304745
25.24287155278482,55.29819667339325,170.6756691244406
25.24254645761998,55.29784798622131,213.389064833327
25.24208064810678,55.297563672065735,193.89192071702593
25.241872003683397,55.29938220977783,212.1339927123966
25.241503235919453,55.29724180698395,197.2625792918942
25.24172158538849,55.297333002090454,189.95466049546906
25.24158572354274,55.30496120452881,107.19777290046115
25.238606429172393,55.30096471309662,59.91437597009246
25.235573684818704,55.30367374420166,38.276934365981774
25.240576459362444,55.29713451862335,195.43602373220352
25.23785431562837,55.299822092056274,16.438274479490758
25.24241544887485,55.30071794986725,201.36192775625506
25.23821338977187,55.30260622501373,91.81215844379122
25.23779608728894,55.30173182487488,76.29629464186961
25.24139648714737,55.30152261257171,272.084142967466
25.24158572354274,55.30496120452881,107.19777290046115
25.242716283560867,55.30426383018494,52.37763020823801
25.238543348860404,55.298089385032654,97.01439178283275
25.237728154191004,55.30173718929291,83.79678379572563
25.235573684818704,55.3045266866684,21.631879084731867
25.237019706764343,55.30398488044739,104.48712811876892
25.242032126179836,55.30394732952118,103.17377327211831
25.23924208279692,55.300809144973755,88.790811149826
25.23733996433161,55.301029086112976,28.624411375474757
25.23590365107269,55.30465006828308,10.858391706267915
25.24282788333565,55.2998811006546,113.06961298330158
25.242134022204084,55.297574400901794,192.98076267327016
25.24221165721285,55.30149042606354,201.73688298594254
25.237766973108748,55.30371129512787,164.71624976263712
25.238320141339713,55.30146360397339,38.178045389546234
25.23954777763103,55.30475199222565,146.04967442098044
25.24268717055928,55.29796063899994,203.90996384676544
25.237082787867053,55.3040224313736,104.2356601211311
25.240624981870596,55.296034812927246,126.90703658377338
25.237927101013454,55.30343234539032,188.54961156199482
25.24239604015986,55.29691457748413,114.30432746191978
25.237864020348898,55.29995620250702,11.322637808020932
25.236277288249568,55.303555727005005,90.24621646530791
25.241411043803637,55.301055908203125,289.4626289491083
25.239431322546793,55.296345949172974,56.19524492624856
25.23691780645234,55.30168354511261,11.764753896016817
25.24190596907904,55.29745638370514,191.00549153098143
25.23867921410708,55.2977728843689,120.31017736760819
25.24241544887485,55.303335785865784,137.6018298891173
25.24404091775463,55.30513823032379,29.09859682612464
25.241110205886585,55.3012490272522,253.36646682444035
25.24245426629554,55.30192494392395,149.61338077382104
25.239101365868834,55.29702723026275,86.03046978801046
25.24399724872565,55.30513286590576,24.220553937498966
25.242381483621585,55.297064781188965,130.74127800555408
25.23841233580012,55.301286578178406,36.57342641616546
25.242643501043815,55.2979177236557,210.62693122064908
25.23813089985977,55.30173182487488,39.25036893659231
25.24333250712479,55.30298173427582,31.791668132419925
25.239421617951407,55.29635667800903,57.28468882267834
25.238189128038822,55.301790833473206,32.617602824352055
25.242420301053116,55.30171036720276,168.11669619338915
25.2353747341445,55.304521322250366,39.28475638251722
25.243196647080012,55.30464470386505,17.87111097713422
25.24182348167311,55.30197322368622,206.82748961658515
25.235510602932848,55.30365228652954,41.88270976689894
25.24082392395144,55.29866874217987,339.2381033318082
25.24196419544953,55.29749929904938,192.39013409199376
25.239450731735246,55.296313762664795,52.91535840355168
25.243371324252564,55.30438184738159,52.03085147985421
25.24392931909385,55.304553508758545,47.98643119084308
25.243943875446703,55.30493438243866,19.567117418586168
25.242706579227782,55.302772521972656,89.51185977163192
25.244424234113268,55.30474126338959,77.027963571178
25.24298315241704,55.30349135398865,100.3049556490247
25.238955796461457,55.29745638370514,112.43952144656643
25.23991655132835,55.30023515224457,184.38555824687043
25.242716283560867,55.304070711135864,73.80901971954154
25.23811149046055,55.29889404773712,68.52301541267255
25.242585274998817,55.30420482158661,59.000634661437005
25.238577315186305,55.30275642871857,99.40066366644247
25.239887437656066,55.29577195644379,56.793540730708514
25.24223106595727,55.30394196510315,93.92600865338343
25.24200301301434,55.297526121139526,193.31120549488688
25.239809801162608,55.30249357223511,145.4783016556533
25.24200301301434,55.30393660068512,105.9173290773294
25.241357669388805,55.30389904975891,159.3837856452744
25.241051979106956,55.30491292476654,164.65740420077967
25.239727312333983,55.29992938041687,200.30298552116042
25.243099604097893,55.297306180000305,157.2348660248829
25.24013975591734,55.299805998802185,237.03666926449694
25.2421679875265,55.302584767341614,150.53463695234285
25.242371779261777,55.303282141685486,139.32716827495713
25.237267178594948,55.30194103717804,57.74182660166518
25.240591016116923,55.30267596244812,232.4498904721449
25.23936824266292,55.29637813568115,59.501456151448835
25.237582583138988,55.30162990093231,79.72719670251736
25.241915673476058,55.2974671125412,191.56655094769138
25.238504530190596,55.298298597335815,93.17630647976736
25.24413795998504,55.30469298362732,52.513834216261856
25.243152977747656,55.3031051158905,55.40557705415927
25.239727312333983,55.29992938041687,200.30298552116042
25.239761278329027,55.29599189758301,45.40040457828281
25.243434402058725,55.30134558677673,157.1590674779373
25.24261924019511,55.30421018600464,58.31782653094099
25.24181377726873,55.29738128185272,188.81254320872785
25.239445879438435,55.296324491500854,54.01875256729351
25.239120775109967,55.298320055007935,161.38427329559926
25.239329424256553,55.29947340488434,174.5099836835285
25.243385880672264,55.30437111854553,53.991536512050075
25.237699039994553,55.29950559139252,14.119444964276756
25.23930516274629,55.29652297496796,76.02566719858122
25.24113931926594,55.30132949352264,255.75659077008018
25.237170130878283,55.30138850212097,29.50555866652691
25.237470978547748,55.30149042606354,64.03147918603987
25.24239604015986,55.30500411987305,24.25680729232449
25.243919614857617,55.30510604381561,15.283650632100304
25.237213802360372,55.302042961120605,57.24795374472276
25.241624541228447,55.30311584472656,205.68872223635677
25.24282303117363,55.30399024486542,82.79072954478987
25.23818427569165,55.30438721179962,92.47418201028964
25.240270767115614,55.299580693244934,265.75954174183227
25.242434857586744,55.30164062976837,172.44225064075098
25.240003892303292,55.30490756034851,139.45825511624963
25.23863554315149,55.29784262180328,113.04913885977554
25.24384198093999,55.3018981218338,99.20710281159054
25.23875199899821,55.30462324619293,107.6707641731912
25.23956233450872,55.29613137245178,37.905964598217324
25.238383221767535,55.3012490272522,41.75542909988117
25.24246882282509,55.30173718929291,162.17724905292766
25.240523084581085,55.299092531204224,311.740657375552
25.241731289800217,55.29734909534454,190.80793781965278
25.238708328068753,55.30460715293884,105.37739555475865
25.238446302162643,55.29924273490906,86.31552979417816
25.240110642298543,55.302563309669495,178.70449950352415
25.244045769867995,55.30463933944702,49.749017949811844
25.241202398230612,55.30500411987305,149.35918965543175
25.23620935430283,55.30462324619293,12.825603036754206
25.24193023007014,55.29747784137726,191.89760393008575
25.241304294950567,55.30097544193268,279.5241368159581
25.24119269377664,55.303067564964294,236.94055221195782
25.242954039479372,55.30369520187378,115.49978701393745
25.242730840059025,55.30345916748047,116.49531581872897
25.242158283149635,55.297595858573914,194.37569259601335
25.241707028769422,55.30500948429108,95.41484877371464
25.238984910356866,55.30062139034271,98.99075396749473
25.239319719653025,55.30141532421112,53.92393234948163
25.2353407669237,55.30442476272583,39.966653799499184
25.23882478384573,55.30243992805481,66.75979017677798
25.238873307053197,55.30236482620239,60.65090707645182
25.241085944731807,55.304768085479736,159.74670745410256
25.239353685761984,55.299323201179504,179.4427857885732
25.236320960052424,55.30368447303772,87.3474992819602
25.238616133832863,55.3044193983078,113.10932590420155
25.241503235919453,55.29643177986145,144.4072319570745
25.243385880672264,55.30437111854553,53.991536512050075
25.24146927041123,55.303813219070435,155.58640312143712
25.24245911847227,55.30486464500427,16.074305886110825
25.238994614987135,55.30462861061096,128.5694687166788
25.239431322546793,55.296340584754944,55.60281869951561
25.24082392395144,55.302654504776,254.54086326432164
25.24340043709023,55.30286908149719,17.446951323523596
25.242561014138488,55.30177474021912,152.00634382721174
25.23523886520428,55.30438721179962,50.92754038824282
25.23798047693479,55.29972016811371,24.12500885144907
25.24248823152847,55.297788977622986,207.509651883602
25.23797077222356,55.29972016811371,23.050540291373228
25.24298800457264,55.29990255832672,97.61286388474407
25.24311901270052,55.3031587600708,62.27252280983853
25.241343112726156,55.30097544193268,283.7392318647131
25.239261492015615,55.296549797058105,79.64558048899794
25.241318851617866,55.301586985588074,275.1333005709552
25.240785106010037,55.296839475631714,191.19871251436285
25.236859577664276,55.30385076999664,112.07257382103252
25.241042274640975,55.30118465423584,246.79074294140295
25.24136737382962,55.301586985588074,271.3815403892137
25.24444364250435,55.30475199222565,78.59136717619505
25.243987544494857,55.30161917209625,133.56434274297777
25.237864020348898,55.29969334602356,11.214065959900589
25.24297830026123,55.30224144458771,82.61183042549712
25.23880537455733,55.30063211917877,96.5980798489652
25.23788342978763,55.30348062515259,189.2700895828868
25.241876855883348,55.2967643737793,130.28074249464697
25.24326457712141,55.304322838783264,50.94800093649295
25.244424234113268,55.30087351799011,114.15669285008487
25.241280033834514,55.29711306095123,205.38233329941735
25.24418162896346,55.300562381744385,75.35880889846176
25.23918870742959,55.29673755168915,80.82436306840941
25.24072687907463,55.296785831451416,182.48490330297648
25.237480683298884,55.303024649620056,159.64783979988505
25.238383221767535,55.3012490272522,41.75542909988117
25.238577315186305,55.30449450016022,104.0281980150634
25.24243970976424,55.30489683151245,19.51622460085405
25.241377078269636,55.29713988304138,199.2014034897745
25.236874134863925,55.30259013175965,91.56798930713482
25.239072252001307,55.30067503452301,95.25437250791279
25.240610425120167,55.30268132686615,234.66635398873547
25.238747146673475,55.29940366744995,111.6619080563528
25.23897035341004,55.2986204624176,152.06874294875493
25.237927101013454,55.30237555503845,91.10244203979217
25.241488679274227,55.29723107814789,197.4870802661616
25.238916977923367,55.29747247695923,112.10092992135064
25.240571607110567,55.30271887779236,232.3780807111542
25.24156146248288,55.299060344696045,250.01378875802146
25.243429549920933,55.29770314693451,136.48990055736985
25.240731731320324,55.30138850212097,210.17508049341635
25.23983406257213,55.29565930366516,50.3319888846402
25.240775401522725,55.29683411121368,189.97571902818774
25.24093067322646,55.30244529247284,254.44360220115888
25.239397356459538,55.29638886451721,60.704848974675
25.238727737372685,55.29778361320496,124.90014284358026
25.242381483621585,55.30516505241394,20.01356721676547
25.24423015003218,55.3046178817749,65.70560338981805
25.244691099218628,55.30486464500427,102.06489771797992
25.237301145277485,55.30337333679199,179.18406926372435
25.239460436328315,55.296303033828735,51.9106287371797
25.237238064288093,55.30409753322601,107.74416689866483
25.23882478384573,55.29936611652374,120.98449368158562
25.23770389236111,55.30384004116058,151.60586484039985
25.24132855606176,55.29711842536926,201.65388683610587
25.2396690848918,55.30068039894104,129.40221125683522
25.24243970976424,55.30337333679199,137.245332946928
25.24203697837339,55.299285650253296,194.4519655441005
25.240804514982287,55.30357718467712,230.2005826369033
25.23999904002855,55.29691994190216,137.92127616987952
25.23983891485348,55.30010640621185,190.36289624098458
25.240765697034675,55.30294418334961,262.65127962425595
25.237126459380505,55.30201077461243,47.17150388720016
25.242735692224713,55.29799818992615,197.36114807236555
25.237830053823657,55.29986500740051,14.211327628368208
25.238776260618906,55.30063211917877,95.30760297184716
25.23902858118693,55.29713988304138,88.3580953894117
25.24466683877874,55.298282504081726,82.58437134933251
25.239047990439687,55.29847025871277,155.94647796297355
25.235102996112204,55.30451059341431,45.07376207563427
25.2444679029888,55.300776958465576,105.45717586187958
25.24371097359152,55.30216634273529,66.90158851627716
25.24104712687405,55.30496656894684,166.00714735207754
25.24251249240332,55.297805070877075,208.99249469418933
25.242682318391672,55.30021905899048,144.35981192134764
25.23880537455733,55.30247747898102,70.2621631872829
25.242066091530717,55.30388832092285,106.93823600845383
25.24332280284092,55.30442476272583,44.911865111780756
25.236849872863587,55.30263841152191,96.62353372397489
25.241551758057582,55.30235946178436,222.16224184898593
25.242381483621585,55.29770851135254,200.4172418329293
25.236777086833456,55.30392587184906,101.85206145929831
25.23718468804074,55.30193030834198,48.73437373379154
25.237669925791124,55.30168890953064,89.96074120338231
25.241110205886585,55.30465006828308,157.29933971037764
25.24014460818647,55.29694676399231,149.07320830420818
25.237699039994553,55.30170500278473,87.25293295529461
25.23962056200203,55.298786759376526,225.69612043268208
25.243065639035834,55.302075147628784,90.72399006154832
25.24157116690741,55.301029086112976,288.68014898636574
25.23727203097876,55.30196785926819,59.28216094714422
25.242939483007945,55.3046178817749,13.608338831450851
25.23964967573822,55.304043889045715,224.47829024531302
25.238019295771977,55.302048325538635,59.902721924943755
25.241119910347138,55.2970165014267,213.12625526831047
25.238771408295136,55.303791761398315,179.87543300033786
25.23746612617188,55.301533341407776,65.83691697268097
25.239402208758307,55.29637813568115,59.533749860233286
25.24182833387502,55.29738664627075,188.48141705187393
25.24182833387502,55.303786396980286,130.67250886229004
25.23969819861638,55.298808217048645,232.66525875017143
25.237417602402655,55.30397951602936,130.90274984827028
25.24104712687405,55.30495047569275,165.74060837480533
25.24408458676791,55.30466079711914,50.846877463289566
25.23824250384513,55.300074219703674,51.05985599208163
25.241105353656025,55.301302671432495,252.24029554347734
25.239300310443653,55.30140995979309,51.918576079283675
25.23559309462314,55.304569602012634,24.395666978475617
25.24139163492822,55.30287981033325,235.83849949078655
25.242755100885446,55.303915143013,91.16881623731359
25.240134903648027,55.305079221725464,128.38592647525022
25.23857246285461,55.30373811721802,175.10006078238294
25.239542925338085,55.30093252658844,100.24833896307092
25.244006952955672,55.304574966430664,51.42307949606078
25.242682318391672,55.304269194602966,51.82355892624742
25.244366008921503,55.30471444129944,72.36962452831261
25.241241216038773,55.29708623886109,206.8603999223633
25.242245622513565,55.29952704906464,170.57995153684075
25.237868872708887,55.299232006073,44.10359091515283
25.238029000479315,55.30433356761933,94.95404918579399
25.23923237818643,55.302295088768005,79.5674551280405
25.241158728181645,55.30201077461243,263.332673949016
25.23880052223474,55.30247747898102,70.14211247224733
25.23824250384513,55.300074219703674,51.05985599208163
25.23922752588088,55.29667854309082,83.74281629049437
25.23811149046055,55.29873847961426,68.93925961929287
25.243468367017694,55.30127048492432,165.32760728813514
25.242527048925908,55.3047251701355,1.1805252761072178
25.241056831339648,55.30489683151245,163.91798284424272
25.239115922799996,55.30071794986725,92.16086258989073
25.24132855606176,55.30396342277527,158.03490808755632
25.242856996303516,55.30394732952118,87.54415738039664
25.239994187753624,55.29567539691925,68.11946967080861
25.24332280284092,55.30442476272583,44.911865111780756
25.241173284866363,55.30446231365204,153.04642419876302
25.242527048925908,55.3011417388916,210.26328900031064
25.239460436328315,55.296303033828735,51.9106287371797
25.242090352489853,55.29944658279419,187.81885197184613
25.24199816081942,55.30393123626709,106.71044842173072
25.238926682559057,55.29719889163971,86.30323020811356
25.2369905923982,55.302284359931946,61.77043566467705
25.243385880672264,55.304317474365234,58.58571008648704
25.237674778158834,55.304076075553894,126.61722557194858
25.235331062001706,55.304086804389954,30.787342879975263
25.2426095358543,55.30167818069458,156.37861353336285
25.240920968750785,55.29689848423004,207.31483573397182
25.242347518358812,55.30169427394867,175.23469875019236
25.236563580893716,55.30193567276001,18.61439060423407
25.243832276696807,55.30471444129944,27.15176528811126
25.241939934465226,55.303030014038086,177.16507973382713
25.242313553086575,55.29967725276947,163.9094218241838
25.24161968901842,55.3008896112442,283.83260149207103
25.23826191322341,55.29845952987671,72.37856259493847
25.24049882330911,55.30188202857971,188.73126117882146
25.24254645761998,55.29784798622131,213.389064833327
25.240523084581085,55.29741883277893,216.11881915784585
25.24135281716812,55.30390977859497,159.1329306970618
25.24245911847227,55.30160307884216,173.642079029681
25.24051823232709,55.301828384399414,189.60303288740062
25.24215343096091,55.297585129737854,193.41417049226249
25.239615709711984,55.30240774154663,122.02876412366439
25.23811149046055,55.303566455841064,180.59330709390957
25.23814545690716,55.30256867408752,91.73133140628836
25.24260468368358,55.30039072036743,162.2225112089776
25.236384041517752,55.30343770980835,107.51267940636433
25.244152516312937,55.30459642410278,61.198562445199954
25.239950517270486,55.302525758743286,160.94263130462195
25.23815030925589,55.29866337776184,74.54790839374799
25.237674778158834,55.300337076187134,30.27705316491004
25.23884904545189,55.30464470386505,114.40879558782876
25.23983891485348,55.30010640621185,190.36289624098458
25.237204097587934,55.303555727005005,156.26906313256924
25.24272598789318,55.2972686290741,148.3783777258425
25.24399724872565,55.30149579048157,146.92332261658586
25.242614388024805,55.29789090156555,214.94932634249665
25.242856996303516,55.29987037181854,109.62564379621158
25.24283273549743,55.29817521572113,175.1590584501925
25.2415129403486,55.29724717140198,196.97698660466224
25.2415129403486,55.29724717140198,196.97698660466224
25.238587019849092,55.29795527458191,104.33103134756297
25.23953322075161,55.29618501663208,41.6488038905164
25.236903249257963,55.301544070243835,6.316963654075272
25.23691780645234,55.30244529247284,76.48270485720778
25.23880052223474,55.299328565597534,119.40653628951193
25.243419845644823,55.30439257621765,54.88085151584969
25.24333250712479,55.297536849975586,138.47873615024125
25.24139163492822,55.30377030372619,165.22309913479464
25.24332280284092,55.30442476272583,44.911865111780756
25.24175555082617,55.2968555688858,146.97255806518507
25.243919614857617,55.30510604381561,15.283650632100304
25.240416334948108,55.30517041683197,138.88998649079497
25.239402208758307,55.29637813568115,59.533749860233286
25.24274539655545,55.304279923439026,50.77898552626592
25.24136252160932,55.30142068862915,279.96158867297873
25.242216509399228,55.29762804508209,195.88898919155116
25.24143530489353,55.29719352722168,198.62169925616416
25.23517578314471,55.30442476272583,54.47369567167969
25.241231511587884,55.30451059341431,145.70357930960677
25.2353747341445,55.30444085597992,36.54260763078605
25.239416765653417,55.30123829841614,70.21145390442997
25.237043968730788,55.30142068862915,19.8512790973964
25.242764805214662,55.298025012016296,193.05401055728214
25.24118784154936,55.305052399635315,148.7926841479679
25.237155573714105,55.30410826206207,100.97621976550877
25.243085047643888,55.302032232284546,93.6361743444296
25.243526592639583,55.30025124549866,79.48369697318729
25.24079481049654,55.29685020446777,192.7668045238794
25.23785431562837,55.299795269966125,14.201383769920385
25.24269687489391,55.3043657541275,41.05595564679372
25.236194797023582,55.304773449897766,6.25740782025202
25.238625838492567,55.30275106430054,98.8849724830007
25.237131311769943,55.30197322368622,45.4203589288359
25.241503235919453,55.303040742874146,219.65209227768588
25.239431322546793,55.299307107925415,188.2414864065634
25.237170130878283,55.30138850212097,29.50555866652691
25.237941658085248,55.30062675476074,22.546757236836616
25.24143530489353,55.30274033546448,230.62076515590263
25.242711431394422,55.304322838783264,45.81771106108575
25.242837587659025,55.30384540557861,98.92328239299854
25.241076240268526,55.304574966430664,161.76812096562227
25.2424105966964,55.29772996902466,202.21483899537643
25.241488679274227,55.30495047569275,117.45075196826332
25.24164395006666,55.296528339385986,135.04191940190879
25.24418162896346,55.304558873176575,66.45844548423449
25.23694692083592,55.30187666416168,22.343906027259216
25.236893544460727,55.301533341407776,4.711184710742438
25.236670333910453,55.30321776866913,142.97750764945891
25.242939483007945,55.29744029045105,169.43485580535108
25.24106168357217,55.304548144340515,163.72575428145072
25.242269883436848,55.29971480369568,169.19919551354164
25.238291027285054,55.30152261257171,34.809305564719374
25.24355085330714,55.30109345912933,149.34874090167642
25.241042274640975,55.29695749282837,214.0609578834701
25.237242916673058,55.30198931694031,57.25651940979186
25.242779361707036,55.298057198524475,189.21288112674912
25.240164017261023,55.2977728843689,230.0958856665737
25.237582583138988,55.30421555042267,114.78736360253279
25.242430005409076,55.303271412849426,132.96519707189117
25.23704882112351,55.30385613441467,118.75546458345626
25.24009123321548,55.2998811006546,227.14472709339134
25.242298996538395,55.30321776866913,144.0330788298223
25.24136737382962,55.30388832092285,159.21003482283766
25.24169732435574,55.30373275279999,144.30918447185567
25.239921403606388,55.2969628572464,138.11535503753282
25.239047990439687,55.2970165014267,80.6241188145271
25.237825201462144,55.304279923439026,101.28349252577314
25.23720894997426,55.30139923095703,33.72718578166089
25.242599831512692,55.3011417388916,206.17423820884562
25.241988456428984,55.2975207567215,193.42455488153195
25.241100501425265,55.30460178852081,158.7857954976519
25.238810226879707,55.30246138572693,68.65055326163133
25.237917396297945,55.30048191547394,7.080355843967684
25.238587019849092,55.30088424682617,69.03128028347706
25.237737858921605,55.2994304895401,20.696936309169054
25.239960221823665,55.300047397613525,203.64697817364208
25.237281735745785,55.30392050743103,126.03416423379667
25.23888786401166,55.29723644256592,87.46137508513578
25.23922752588088,55.301576256752014,43.626843414300325
25.23969819861638,55.297064781188965,140.20666476340088
25.240547345848256,55.296807289123535,168.06728970380374
25.243337359266448,55.30442476272583,45.96321536053499
25.24256586631095,55.303019285202026,109.00943626380764
25.240775401522725,55.30275642871857,254.7793034746848
25.24278906603429,55.298067927360535,187.61621663982223
25.238281322598596,55.29890477657318,87.37866908024796
25.241401339366305,55.303807854652405,161.71910171304856
25.241207250457336,55.303040742874146,238.27913057989898
25.23963997116026,55.298840403556824,225.32620596594197
25.24003300594768,55.29810547828674,242.94580590449303
25.241304294950567,55.30293881893158,241.0955725346538
25.240484266543575,55.2969628572464,174.58479541894195
25.24260468368358,55.30163526535034,160.40113358123497
25.24239118798063,55.30513286590576,21.611335284129698
25.23973701690494,55.30244529247284,135.81828881098187
25.2386840664345,55.29792845249176,115.50234421985758
25.23817942334425,55.302536487579346,86.73605941531538
25.235952175446272,55.30312120914459,70.70281889408163
25.244239854243578,55.30471444129944,60.1590836736349
25.239450731735246,55.296313762664795,52.91535840355168
25.24366245231552,55.30032098293304,71.9422055240914
25.23979524431458,55.29851317405701,238.40010844365005
25.237160426102363,55.30198931694031,49.11267075933229
25.24127518161073,55.3041136264801,154.93061390417887
25.242536753273313,55.30468761920929,5.4850910399632715
25.240207687667407,55.29566466808319,86.15684833148006
25.23804840989172,55.29891550540924,61.55668390194114
25.24100345676928,55.3051221370697,165.64835972411342
25.242502788053955,55.30110955238342,214.7159824833952
25.24266776188767,55.30463933944702,11.427604799867819
25.237825201462144,55.30425846576691,103.64570927055959
25.24142560045813,55.30146360397339,272.6957910248847
25.235180635611982,55.30445158481598,51.521202992970515
25.241973899841895,55.30393123626709,108.20896147724876
25.243628487410778,55.30439257621765,58.08329898104509
25.23753891178943,55.30227899551392,101.77653847050045
25.2429637437927,55.30092716217041,174.60638388497733
25.240411482689836,55.29688775539398,162.97639144965368
25.23915474127452,55.30466616153717,141.63134944911533
25.243672156572273,55.30235409736633,45.62853916966758
25.238819931523935,55.30245065689087,67.76565276057926
25.241508088134125,55.303030014038086,220.39665211749727
25.24200301301434,55.297526121139526,193.31120549488688
25.240042710494237,55.29810547828674,243.7101879135103
25.243376176392673,55.30437111854553,53.28422343098164
25.239741869190155,55.29563248157501,40.23604081613313
25.237825201462144,55.3035181760788,185.44924390411225
25.236612105003843,55.30385613441467,102.63888915083349
25.241595427965336,55.303802490234375,146.17552797626345
25.24249308370382,55.30400097370148,81.61374804201286
25.241105353656025,55.301302671432495,252.24029554347734
25.242856996303516,55.303775668144226,106.58935222214569
25.238810226879707,55.30242919921875,65.1876282918489
25.237291440512024,55.30145823955536,44.978890863136726
25.240993752299417,55.30089497566223,248.1932082586095
25.244564944878235,55.30477881431579,90.4218661489545
25.244016657184915,55.304580330848694,51.730602030435605
25.240775401522725,55.29683411121368,189.97571902818774
25.239363390362797,55.29942512512207,178.81788955862416
25.24251734457772,55.304027795791626,78.56511872417586
25.239581743676258,55.29610991477966,37.16441710592886
25.23779608728894,55.303566455841064,180.36807627920058
25.23681590605493,55.301817655563354,6.840315669462125
25.24015431272413,55.30498802661896,138.2774477928363
25.244555240692776,55.304816365242,88.3072668278725
25.24332765498295,55.304574966430664,34.29273480000864
25.238732589698177,55.29923737049103,115.4365050165395
25.24157116690741,55.303818583488464,146.84441757158976
25.24253190109971,55.30336797237396,128.1490033671287
25.239033433500424,55.29702186584473,79.75292247138981
25.237907691581697,55.29986500740051,20.080812497224496
25.24254645761998,55.30419945716858,59.55524601995018
25.241280033834514,55.29711306095123,205.38233329941735
25.237543764162368,55.30227899551392,102.22541007493471
25.2376262544729,55.30422627925873,112.05629698632694
25.23686928246424,55.30162990093231,4.290584006036439
25.238921830241296,55.30221462249756,48.715161335249725
25.24333250712479,55.30009567737579,80.63280769096095
25.235986142496245,55.304542779922485,2.5720455023340247
25.241891412482076,55.29744029045105,190.18622196132893
25.237834906184982,55.30174791812897,71.90877327020148
25.241265477162557,55.29711306095123,206.62875267462888
25.243448958470864,55.30019760131836,83.29641667293411
25.237582583138988,55.30162990093231,79.72719670251736
25.237126459380505,55.30134558677673,22.805144795144376
25.2390043196166,55.297574400901794,126.54519167227589
25.239766130613248,55.304027795791626,229.27158914416765
25.237005149582146,55.30177474021912,25.49221759546803
25.23931486735097,55.29964506626129,172.2154198132176
25.242337813996286,55.301050543785095,230.1876168557606
25.23880537455733,55.30063211917877,96.5980798489652
25.237534059416276,55.30419945716858,118.42309918603975
25.2430122653477,55.30421555042267,57.877001831323234
25.2380387051859,55.30438721179962,89.15297285629356
25.2398631762572,55.2999883890152,202.65890352779843
25.24231840526889,55.304049253463745,79.54735410372889
25.23584056935809,55.30474126338959,20.97462015550707
25.24226017906811,55.29764950275421,196.90965333361112
25.239033433500424,55.30386686325073,189.84068457829653
25.23750979754763,55.30215561389923,92.00341834280432
25.23857246285461,55.2979177236557,103.8428217550155
25.24131399939563,55.296549797058105,168.8809469078125
25.23813089985977,55.3043657541275,93.2578107746189
25.240828776193258,55.30120611190796,222.9972549088847
25.2355445701062,55.30459642410278,29.761158314244334
25.237713597093645,55.30219852924347,97.63067036417733
25.239542925338085,55.30241310596466,115.40521447029602
25.241765255235208,55.29736518859863,190.19084559456383
25.23526312752618,55.3044730424881,49.40286931590377
25.240105790028068,55.29573976993561,80.94732354008124
25.242973448105246,55.29723107814789,147.25111185114955
25.24377405122138,55.30035316944122,66.10610593382206
25.23857246285461,55.30374348163605,174.5541776511166
25.239654528026904,55.300036668777466,185.96562557654025
25.242939483007945,55.3035181760788,105.58109639007185
25.237830053823657,55.3022575378418,90.31741941861611
25.240455153007304,55.29714524745941,187.47004489469154
25.243948727563932,55.30475199222565,33.614541269469534
25.24119754600372,55.30115246772766,264.3613557427656
25.2394846978076,55.29987037181854,181.77999361053213
25.23882478384573,55.304574966430664,117.26516891661583
25.24336161997178,55.30265986919403,20.09026690026442
25.238810226879707,55.30242919921875,65.1876282918489
25.241357669388805,55.29713988304138,200.80005801656205
25.23705367351603,55.301769375801086,28.75824268994281
25.237534059416276,55.30227899551392,101.32854141791796
25.239392504160577,55.29923737049103,185.60035941448268
25.24018827859986,55.29693067073822,150.44473621752405
25.24129944272775,55.30364692211151,181.9336295538121
25.24249308370382,55.30336260795593,131.52554033828184
25.23814060455824,55.30436038970947,94.08319850393191
25.243385880672264,55.30437111854553,53.991536512050075
25.238189128038822,55.301823019981384,33.05019215897383
25.238485120851024,55.304521322250366,95.07333117697993
25.2378057920141,55.303335785865784,184.48945867182107
25.23658784295121,55.30197858810425,23.04716880594613
25.24333250712479,55.30024588108063,94.29046464648556
25.239062547377245,55.30461251735687,135.85205411996316
25.236291845518934,55.30362546443939,87.49053232886058
25.238737442023464,55.30267059803009,90.26129723983892
25.23793680572815,55.29972553253174,19.353426781206906
25.244036065641083,55.30458569526672,52.83742038030777
25.240731731320324,55.30291199684143,257.6678799264349
25.2386840664345,55.30287444591522,112.52562629458002
25.23885389777253,55.2977728843689,138.48545279234142
25.238897568649666,55.298808217048645,152.79705116914923
25.24106653580448,55.30114710330963,250.07843523193347
25.244239854243578,55.30471444129944,60.1590836736349
25.237102197430517,55.30148506164551,26.35418412694758
25.238402631123364,55.30368983745575,173.58635939293902
25.241847742680676,55.29740810394287,189.4351807661724
25.24260468368358,55.30451059341431,24.994390171134253
25.237039116337897,55.30384004116058,119.9302379296312
25.24373523422227,55.3019517660141,90.8305465257538
25.242536753273313,55.30183374881744,149.31030719503036
25.238135752209104,55.30183374881744,39.09204659074611
25.239960221823665,55.300047397613525,203.64697817364208
25.243652748057983,55.30438721179962,58.7745098169212
25.23800473870948,55.3019517660141,56.67721878094542
25.239824358008903,55.30411899089813,219.9692541726137
25.23548634066036,55.304532051086426,29.13344628255127
25.240814219467257,55.30123829841614,220.89811359922817
25.2386840664345,55.30272424221039,95.85766048182779
25.242852144142702,55.30388295650482,94.70429009577923
25.237762120744705,55.30172109603882,80.13439677360887
25.24453098022576,55.304768085479736,87.15837146714162
25.24357026183769,55.297778248786926,127.84413974300091
25.242138874393575,55.30496656894684,49.920243831726715
25.241051979106956,55.30313730239868,241.2408995404089
25.237733006556397,55.30423164367676,108.33555977172716
25.238819931523935,55.2994304895401,119.0238324589172
25.23707793547568,55.30136704444885,20.24729608733337
25.24246397064877,55.30171573162079,164.23363660576342
25.23703426394478,55.30176401138306,26.803715528952203
25.238795669911937,55.301061272621155,49.1437902236732
25.242658057550727,55.301533341407776,165.8919831309938
25.241182989321914,55.30437648296356,154.17477619468835
25.24468624713104,55.30486464500427,101.53266478472655
25.23720894997426,55.30192494392395,51.0512400726897
25.239411913355255,55.29636740684509,58.39796954260653
25.240940377701364,55.30098617076874,239.88247476906798
25.237917396297945,55.30065894126892,26.276833339401215
25.24282303117363,55.29740810394287,164.36905491577332
25.23714586893702,55.30136704444885,25.928858096438038
25.240333846531115,55.30221998691559,183.82906063714307
25.240663799863157,55.30275106430054,243.178612453128
25.24287155278482,55.30425846576691,52.974669032872136
25.239120775109967,55.297070145606995,90.65223510462208
25.23643741811668,55.30389904975891,88.47592543327104
25.236883839662696,55.30168354511261,10.426806355277687
25.239756426044593,55.29999911785126,195.25677218487797
25.242818179011465,55.29815912246704,177.55822255016236
25.24332280284092,55.30442476272583,44.911865111780756
25.243977840263295,55.304564237594604,50.205527053736276
25.24072687907463,55.30293881893158,258.55194240737785
25.23766022105508,55.30425310134888,108.07787249641184
25.23987288081733,55.300310254096985,174.90138099553735
25.23852393952704,55.30276715755463,100.73215096580974
25.238587019849092,55.29810011386871,101.73023405993109
25.238960648777834,55.30218243598938,48.708753630224095
25.243085047643888,55.30468761920929,5.823100364242979
25.243085047643888,55.2975207567215,163.97036935770183
25.239426470249185,55.296351313591,56.73690074756187
25.242633796704908,55.30116856098175,201.73645800793395
25.236806201250715,55.30392587184906,102.53930170776304
25.239644823449353,55.297048687934875,137.09007720298288
25.241503235919453,55.29724180698395,197.2625792918942
25.243371324252564,55.30438184738159,52.03085147985421
25.239081956624577,55.302268266677856,64.9414524024727
25.238732589698177,55.30268669128418,91.99263642274558
25.23899946730197,55.29710233211517,83.11016945895265
25.239382799562097,55.29935538768768,182.02218983236918
25.241386782708872,55.30385613441467,159.63607619016997
25.235855126679738,55.30314266681671,63.70673851448663
25.237213802360372,55.30388832092285,124.59436101687636
25.24297830026123,55.29749393463135,174.5911152704157
25.235403848897647,55.30460178852081,35.544882170778834
25.24274539655545,55.29800355434418,196.24638239641283
25.242570718483194,55.30410289764404,70.39300372702492
25.24114902372419,55.297048687934875,212.5309142976617
25.240537641341973,55.297343730926514,210.40793485809192
25.23797077222356,55.301839113235474,57.28106767414936
25.240561902606217,55.30515968799591,151.21138023629894
25.23647138503108,55.303298234939575,124.7165124220903
25.237878577428233,55.304328203201294,95.34340242949379
25.243943875446703,55.30493438243866,19.567117418586168
25.239397356459538,55.29647469520569,70.2282042496842
25.243070491188135,55.30343234539032,89.4055331225446
25.241386782708872,55.30145823955536,276.67629279126015
25.24147897484312,55.30364692211151,167.55965086777474
25.241406191585057,55.30384004116058,159.04718268142173
25.238465711508397,55.29819667339325,87.9232419692765
25.242449414118624,55.30335187911987,135.13615768649083
25.242527048925908,55.3018444776535,149.28123406429148
25.24143530489353,55.29719352722168,198.62169925616416
25.23951866387044,55.297558307647705,159.65764771686554
25.242575570655266,55.3041672706604,63.22747449644422
25.242497935878987,55.30193030834198,145.45976408350475
25.239397356459538,55.29638886451721,60.704848974675
25.243885650024765,55.301812291145325,109.70470250646358
25.239450731735246,55.296319127082825,53.50440774517585
25.238727737372685,55.3029066324234,116.30088724244584
25.23563676667179,55.30345380306244,62.586796677047104
25.238232799154815,55.29859900474548,77.68524180288944
25.23679164404298,55.304059982299805,87.69496751994554
25.243191794932756,55.297569036483765,154.37433775644843
25.239445879438435,55.296324491500854,54.01875256729351
25.237757268380463,55.29941439628601,22.29540930118255
25.241556610270337,55.297295451164246,197.82467746909467
25.241212102683814,55.30475735664368,145.7224525487572
25.23853849652735,55.298057198524475,96.90739014875942
25.235617356874315,55.30409753322601,1.479563567412132
25.242420301053116,55.29774069786072,203.22030416350364
25.24286184846416,55.303834676742554,100.0274448929966
25.2398631762572,55.29847025871277,245.1749289943998
25.24460376161231,55.304794907569885,94.11001776958182
25.242682318391672,55.30418336391449,61.34175893340733
25.241270329386737,55.30297636985779,239.82822450946267
25.2428084746865,55.29811084270477,182.49899454349656
25.2430413782714,55.30349135398865,96.65814380175014
25.237766973108748,55.30364692211151,171.81311366744345
25.236243321280934,55.30475199222565,1.9745546613284066
25.23630640278654,55.303775668144226,82.04736472685228
25.23836866474865,55.298341512680054,79.23685900214166
25.23763110684237,55.3015923500061,84.99904899543571
25.243657600186836,55.300278067588806,69.24256548137217
25.237859167988717,55.30241310596466,99.31079953830276
25.237068230692387,55.301806926727295,32.73335891679361
25.23720894997426,55.30139923095703,33.72718578166089
25.242682318391672,55.30441403388977,35.772471219013646
25.23888786401166,55.29740273952484,103.72366274692797
25.23554942255879,55.30463397502899,32.32683262396427
25.24219710065246,55.29761731624603,195.35484344148068
25.238519087193225,55.30274033546448,97.79019292671579
25.24330339427084,55.30161917209625,128.6681152138979
25.235869683999667,55.30470371246338,16.429730009006366
25.24154690584463,55.303078293800354,213.58933491586484
25.244006952955672,55.304574966430664,51.42307949606078
25.242434857586744,55.30323922634125,130.98515239914357
25.24241544887485,55.304076075553894,74.20013447216292
25.237922248655806,55.29916226863861,53.26308384352549
25.239664232603715,55.29718279838562,148.24642801758037
25.241415896021977,55.30388832092285,154.89675258173708
25.242624092365247,55.30425846576691,52.96701867623852
25.241386782708872,55.30149579048157,274.52372159948237
25.242386335801218,55.2977192401886,201.49398692250796
25.243764346972767,55.30449986457825,46.787594959277584
25.24172158538849,55.297333002090454,189.95466049546906
25.24251249240332,55.3041672706604,63.093763365049355
25.24135281716812,55.301533341407776,275.69047659487063
25.23924693510189,55.29663562774658,85.27709798086121
25.2380435575389,55.29895842075348,61.36801165372693
25.237655368686788,55.30268132686615,136.5046513230561
25.24203697837339,55.30021905899048,208.48181307778225
25.239606005131307,55.29992938041687,192.53889193887287
25.242046682759963,55.30009031295776,202.6123052296791
25.237665073423216,55.302321910858154,109.39381381515999
25.24111505811696,55.30493974685669,158.10737187305062
25.242958891636135,55.29826104640961,159.2163112270741
25.24100345676928,55.29695749282837,214.40565043352754
25.24307534334025,55.3007447719574,152.07151251391673
25.23760684499311,55.30120611190796,64.13880819048609
25.241954491056376,55.29748857021332,191.7790530026435
25.24326457712141,55.3028529882431,29.46028939388653
25.241954491056376,55.29748857021332,191.7790530026435
25.238519087193225,55.299285650253296,91.4814209564916
25.242201952839466,55.29937148094177,175.57100318568445
25.24248823152847,55.297788977622986,207.509651883602
25.23608804358923,55.30272960662842,59.59434545017852
25.24364304379968,55.30091643333435,127.20241018211547
25.23771844945962,55.302520394325256,118.77107604956993
25.242226213771445,55.29763340950012,196.16710066785737
25.24239118798063,55.30324995517731,135.90066048060115
25.238334698364422,55.29841125011444,77.79648271004585
25.240547345848256,55.30272960662842,230.4200541686269
25.243065639035834,55.29738664627075,162.47713704509314
25.242580422827142,55.30337333679199,123.93168428267988
25.23844144982573,55.29820203781128,85.24765573644808
25.240688061102233,55.298797488212585,337.0576202933887
25.242143726582896,55.29691994190216,126.08458140208045
25.2426095358543,55.304033160209656,77.96738458494845
25.23770874472747,55.30237555503845,108.97058221852154
25.241857447082324,55.303813219070435,126.36322146161999
25.242090352489853,55.297574400901794,194.624920481203
25.242104909063016,55.304800271987915,47.15133768173562
25.24133340828341,55.301297307014465,277.5140391454126
25.242066091530717,55.30326068401337,169.96543059756365
25.236029814403707,55.30471444129944,18.928809113240746
25.239989335478484,55.29700577259064,145.75913359113835
25.237961067511563,55.29908180236816,55.75789806994105
25.238771408295136,55.30293881893158,120.25930545028918
25.23935853806249,55.30095398426056,83.5882501381979
25.23977583518112,55.29567003250122,43.875272160799284
25.236461680199355,55.302075147628784,36.888348026106364
25.240663799863157,55.30275106430054,243.178612453128
25.24432719211147,55.300589203834534,80.87049256798223
25.242837587659025,55.30426383018494,52.581717417916536
25.238611281502713,55.30449986457825,106.18776910796467
25.237286588128995,55.30113637447357,33.75933447314249
25.23871318039504,55.299071073532104,121.47285880481579
25.235622209323974,55.303797125816345,24.44784562064434
25.236020109536724,55.30473053455353,20.261175599043096
25.23788342978763,55.30350208282471,186.88977673873129
25.235326209540418,55.30461251735687,33.62575246139533
25.24313842130003,55.30425310134888,54.18996356963201
25.240819071709467,55.302525758743286,247.18604498718045
25.241779811847294,55.29737055301666,189.81067753803168
25.24136252160932,55.30121147632599,281.6646811220837
25.24363333954059,55.30218780040741,63.52275060719693
25.239421617951407,55.29635667800903,57.28468882267834
25.24114902372419,55.297048687934875,212.5309142976617
25.242716283560867,55.30395269393921,86.90715158849994
25.23648108986201,55.30209124088287,37.7489050527986
25.2428084746865,55.29809474945069,183.9412671001482
25.24172158538849,55.297333002090454,189.95466049546906
25.23983891485348,55.30011177062988,189.87878779796614
25.240270767115614,55.305025577545166,141.40903928722153
25.244278671081517,55.3046715259552,66.37227692153235
25.23760199262269,55.302284359931946,107.98902948483578
25.24220680502623,55.30394196510315,94.89422797190984
25.241241216038773,55.29897451400757,286.67247537619284
25.24287155278482,55.30350744724274,109.38388537960782
25.241168432638332,55.30439794063568,155.14373022287612
25.241284886058097,55.30392587184906,164.37032950175484
25.236335517316576,55.30373275279999,86.7253330685501
25.240130051378515,55.29798209667206,241.53348896986887
25.23784946326782,55.29984891414642,16.880782605914696
25.241978752037795,55.29751002788544,192.7869944433941
25.23781064437641,55.299317836761475,33.411649038396035
25.240765697034675,55.29611527919769,128.44868379329282
25.23734966909319,55.30395269393921,128.00279481752315
25.239572039092877,55.29985964298248,191.3193169846651
25.23822309446372,55.298523902893066,72.05944373502942
25.241241216038773,55.304070711135864,160.4492158300522
25.243230612105435,55.30174255371094,117.12280418255456
25.23757287839599,55.302075147628784,94.72281585286392
25.23840748346184,55.29823422431946,81.67516641452254
25.23713616415914,55.3020054101944,47.73793418827519
25.236010404669003,55.3028529882431,60.196055394132564
25.2407171745827,55.296785831451416,181.60385890276027
25.23944102714141,55.29632985591888,54.54006712706731
25.24060072061893,55.30349671840668,254.0067914390325
25.23882478384573,55.29936611652374,120.98449368158562
25.24144986154512,55.29719889163971,197.9016607285124
25.2380872287072,55.300299525260925,21.09325961376878
25.243240316396697,55.29760122299194,150.59851927736665
25.242371779261777,55.303282141685486,139.32716827495713
25.2428084746865,55.29809474945069,183.9412671001482
25.23793680572815,55.29972553253174,19.353426781206906
25.23710704982092,55.304033160209656,104.65456678984654
25.235209750411613,55.30444085597992,52.959564813835335
25.23717498326596,55.304065346717834,106.06416681924027
25.243293689984657,55.304296016693115,55.062495800547204
25.24017372179712,55.3033572435379,236.10091052774578
25.23813089985977,55.298797488212585,70.68426562913754
25.24015431272413,55.2968555688858,141.51679800587593
25.2426629097193,55.304515957832336,24.80610031022762
25.24292977869267,55.29823422431946,163.5119555143088
25.239353685761984,55.299773812294006,172.3676896263978
25.236490794692173,55.30202686786651,30.69096071567177
25.23863554315149,55.29793918132782,109.98790045493492
25.24208064810678,55.30389368534088,105.65149740079028
25.241988456428984,55.2975207567215,193.42455488153195
25.238766555971196,55.3009968996048,56.640120148524396
25.242570718483194,55.30334115028381,122.91834459741538
25.23749524042414,55.301538705825806,68.93246592336527
25.242585274998817,55.30044436454773,167.5215341673415
25.24045030075058,55.29679656028747,159.11903036799518
25.237800939651606,55.29986500740051,12.83652778297402
25.244594057429964,55.30470371246338,96.10481033052173
25.236806201250715,55.301806926727295,5.234936906534218
25.244419382015025,55.30463397502899,81.82948959682916
25.237786382562973,55.29983818531037,13.515600049000456
25.23969334632945,55.29592752456665,35.97921670501659
25.23848026851566,55.29834687709808,91.45935740640357
25.23949925469283,55.30093252658844,96.53266609712928
25.23955262992378,55.3040224313736,218.54784577294964
25.238747146673475,55.297563672065735,115.12591076398063
25.241488679274227,55.29723107814789,197.4870802661616
25.242939483007945,55.30347526073456,101.82086351100723
25.24380801608544,55.30059456825256,87.07195719540938
25.239072252001307,55.303813219070435,197.1758718158433
25.241794368457647,55.29662489891052,126.95704936396243
25.24182348167311,55.29936611652374,217.57379206399676
25.238819931523935,55.303807854652405,181.1770239350538
25.237194392814715,55.302032232284546,54.789502560416956
25.242216509399228,55.29762804508209,195.88898919155116
25.238494825521187,55.29800891876221,93.03924238223709
25.237407897646477,55.30217707157135,83.4131946815871
25.243356767831116,55.30435502529144,53.31162375966081
25.244045769867995,55.30459105968475,53.21555281996063
25.243133569150444,55.300079584121704,94.71876541081893
25.241726437594437,55.30086278915405,272.24903025859896
25.242027273986068,55.297536849975586,193.33911629507347
25.24260468368358,55.30043363571167,165.0878876080289
25.24433204421338,55.29823958873749,103.0629657881608
25.242420301053116,55.29774069786072,203.22030416350364
25.23886360241326,55.302300453186035,53.674124623162754
25.24200301301434,55.297526121139526,193.31120549488688
25.238135752209104,55.30183374881744,39.09204659074611
25.242561014138488,55.29785871505737,214.44999445700202
25.24302682181043,55.300036668777466,101.26826695261921
25.240954934412244,55.30515968799591,169.72605002619866
25.242522196751892,55.297815799713135,210.07078811867285
25.235204897945493,55.30447840690613,48.75776060524825
25.239096513558053,55.29693067073822,79.57858566476791
25.241503235919453,55.29724180698395,197.2625792918942
25.239426470249185,55.296345949172974,56.14387481362497
25.24291037005985,55.30349671840668,105.70504252419411
25.240605572869654,55.29894232749939,324.1719441506225
25.236985740003163,55.3018981218338,27.262844576618225
25.239654528026904,55.30071794986725,125.33239112152684
25.243143273449434,55.297542214393616,158.50748124209704
25.23834925538739,55.30140459537506,36.34468790298904
25.23947984551212,55.29627084732056,48.83446954247592
25.238543348860404,55.304548144340515,97.10048756760908
25.242556161965837,55.30049264431,173.36327728528084
25.243128717000644,55.30194103717804,100.33491994973473
25.239072252001307,55.303807854652405,197.63596885735072
25.237427307158057,55.300047397613525,17.494206413752615
25.24305108257775,55.30211806297302,87.71038633854185
25.243871093664907,55.30473053455353,28.513324253093483
25.24245911847227,55.30486464500427,16.074305886110825
25.23866950945164,55.300835967063904,73.89176117399683
25.24282788333565,55.29738664627075,162.0396909413188
25.24278421387075,55.30348062515259,113.81319373928771
25.24316268204508,55.30435502529144,43.64322201130406
25.23857246285461,55.30448913574219,104.10544069237424
25.23814545690716,55.30020296573639,33.21701612183727
25.239416765653417,55.29622793197632,43.0004006958305
25.24219710065246,55.29761731624603,195.35484344148068
25.24212431782449,55.29675364494324,111.63612250421211
25.240236801262967,55.30338406562805,243.18792411798114
25.237878577428233,55.29919445514679,48.408247978596464
25.241265477162557,55.30414044857025,154.60036643434103
25.238257060879135,55.30256867408752,85.99206339207248
25.23778153019973,55.30012249946594,6.756408134560642
25.23766022105508,55.30410289764404,124.12485291415045
25.242590127170303,55.29786944389343,215.42322250513408
25.238305584313252,55.29866874217987,88.80584030385229
25.242803622523752,55.29813230037689,180.9084625800694
25.242895813583175,55.29820740222931,168.12737126393827
25.237674778158834,55.30109882354736,64.97216277354204
25.242051534952935,55.297547578811646,193.41185674377553
25.23924208279692,55.29961824417114,164.10468287853087
25.238378369428105,55.298341512680054,80.28576431455897
25.241624541228447,55.297322273254395,195.3973106645452
25.241347964947224,55.303915143013,159.23222027804263
25.241542053631505,55.3011417388916,283.0072447158632
25.24167791552604,55.30498802661896,98.08592206505713
25.237534059416276,55.30227899551392,101.32854141791796
25.241153875953017,55.30447840690613,154.81940258646333
25.23760684499311,55.30278325080872,145.38590259006094
25.23654417124422,55.302059054374695,32.47255239038474
25.24072687907463,55.30294418334961,258.82802399368114
25.243342211407892,55.30437111854553,50.9108222815562
25.243002561038267,55.303582549095154,107.51757930342974
25.240571607110567,55.30269742012024,231.41219362514633
25.240741435811117,55.30286371707916,256.25596992082365
25.240945229938504,55.29691457748413,210.35500785646528
25.240624981870596,55.30275106430054,239.2478991730703
25.2398437671346,55.30011177062988,190.19329052425428
25.23756802602422,55.30285835266113,149.34195946170328
25.24245911847227,55.29776751995087,205.54704637421082
25.24168761994129,55.29733836650848,192.62690487423555
25.236646071869416,55.301790833473206,4.912121976668347
25.236286993096016,55.303775668144226,80.01394225807894
25.238451154499373,55.29820203781128,86.32434676811127
25.240916116512665,55.298582911491394,331.9316825716456
25.242148578772003,55.30392050743103,99.64008952127736
25.23871318039504,55.30265986919403,88.86282001326363
25.23697603521252,55.30145287513733,13.105343485072861
25.242066091530717,55.297558307647705,193.92034758652514
25.241915673476058,55.303915143013,113.41718409366655
25.239654528026904,55.29597043991089,33.56834334953365
25.238422040476095,55.29844880104065,88.32892783839475
25.237543764162368,55.30227899551392,102.22541007493471
25.239931108161855,55.303282141685486,211.4977506704402
25.24316268204508,55.29760122299194,158.63795867481392
25.241411043803637,55.29717206954956,198.8849155858471
25.23735452147369,55.30147969722748,52.15417642555665
25.240328994269547,55.305036306381226,144.15112848624747
25.236578138128777,55.3039687871933,89.58178223158127
25.243371324252564,55.30438184738159,52.03085147985421
25.24106168357217,55.304548144340515,163.72575428145072
25.24158572354274,55.29922127723694,244.98526550652343
25.235767782723627,55.3046715259552,17.671330286607056
25.24163424564793,55.297327637672424,195.21055991002615
25.238926682559057,55.2975207567215,117.40944289659177
25.24265320538194,55.29793381690979,208.55169651019133
25.237728154191004,55.30249357223511,115.92531831652869
25.24026591485155,55.29749393463135,208.0133203381652
25.238771408295136,55.301066637039185,48.90803469982824
25.23880052223474,55.301061272621155,49.09078401162846
25.239067399689375,55.29725253582001,100.55803605583876
25.241076240268526,55.30094861984253,255.52253419965479
25.24116358041009,55.30120074748993,259.8896526168648
25.24243970976424,55.30195713043213,148.71966700754086
25.23654902365689,55.30477881431579,7.330903799159818
25.23829587962797,55.30142068862915,41.618231667337454
25.24183803827823,55.29922127723694,217.12757375603957
25.236238468856087,55.30261158943176,71.3083208204307
25.241983604233496,55.30159771442413,213.16267724168142
25.244036065641083,55.30463397502899,49.27961663991377
25.24196419544953,55.30462861061096,63.34225376968176
25.24303167396428,55.30336797237396,86.13029877327592
25.241692472148618,55.303834676742554,136.13861157783418
25.244239854243578,55.30471444129944,60.1590836736349
25.2391692981993,55.303915143013,195.9015942011232
25.238470563844345,55.30272424221039,96.48745412652211
25.242119465634417,55.304038524627686,89.49727601678455
25.23734966909319,55.30212342739105,74.77280368943707
25.239770982897284,55.30010104179382,186.57509715221252
25.238630690822134,55.30098080635071,57.91411385598814
25.24249308370382,55.304821729660034,10.190652091264685
25.242711431394422,55.297971367836,201.35359068477817
25.24114417149515,55.30367910861969,192.962262586226
25.235680438704748,55.30465006828308,23.623721423261678
25.242046682759963,55.296780467033386,119.15753991703703
25.239300310443653,55.30141532421112,51.80518377683417
25.23963997116026,55.297032594680786,135.22993767009015
25.23733996433161,55.30147969722748,50.787981496341615
25.239960221823665,55.300047397613525,203.64697817364208
25.24129459050472,55.304279923439026,145.61133872482645
25.240561902606217,55.296066999435425,133.4734898733259
25.24357026183769,55.30025124549866,75.36070019452603
25.23616568245987,55.30261158943176,63.394154073714056
25.243065639035834,55.303282141685486,76.37536938042149
25.23880537455733,55.30247747898102,70.2621631872829
25.240979195593184,55.30445694923401,174.32003343897605
25.24190596907904,55.29745638370514,191.00549153098143
25.237912543939913,55.301801562309265,63.335147695812104
25.236578138128777,55.30316412448883,131.17254472535555
25.238941239511107,55.29723107814789,90.16125980920121
25.238955796461457,55.30218780040741,48.78497347567766
25.23797562457928,55.304322838783264,95.73470291665286
25.23859187218021,55.29789626598358,106.58794817175703
25.239770982897284,55.30010104179382,186.57509715221252
25.241231511587884,55.30299782752991,240.44028792667817
25.23956233450872,55.30316412448883,175.8192741202291
25.240954934412244,55.29872238636017,323.6740686151738
25.238664657123635,55.3008896112442,67.9331809463967
25.236781939236806,55.301817655563354,5.215412741844699
25.238766555971196,55.29899597167969,130.8282768167234
25.23827161791141,55.298534631729126,77.2738009819391
25.240416334948108,55.305041670799255,149.6327380051701
25.2396690848918,55.30245065689087,129.5433367193146
25.239256639711215,55.29967725276947,165.74873010674776
25.240435743979248,55.305079221725464,147.84383650752784
25.239115922799996,55.29687702655792,78.59888289353967
25.242633796704908,55.30423700809479,55.37941464605886
25.24086274188049,55.30119001865387,226.99243185156155
25.241178137094224,55.30309975147247,235.18304634020944
25.238659804795446,55.29774069786072,119.71750522007513
25.240916116512665,55.30293881893158,267.6896692584268
25.237029411551504,55.3016459941864,19.19095606640532
25.241182989321914,55.304548144340515,150.37967163220134
25.23781064437641,55.29987037181854,12.678096228310899
25.243240316396697,55.304580330848694,26.097421673307796
25.24133340828341,55.3016459941864,271.6545863801183
25.237126459380505,55.30201077461243,47.17150388720016
25.241042274640975,55.30490756034851,165.65723673046088
25.2440700304319,55.304784178733826,40.25585903233533
25.237242916673058,55.30121684074402,31.98358862480217
25.24272598789318,55.29798209667206,199.43937122980478
25.238281322598596,55.298534631729126,78.20074499135423
25.240474562032247,55.29687702655792,167.1457018900103
25.23989714221426,55.300272703170776,179.8167014563025
25.238174570996676,55.301817655563354,34.54837468861977
25.242633796704908,55.304296016693115,48.83497924071499
25.243152977747656,55.3018981218338,103.5985367781273
25.240916116512665,55.3044730424881,180.91872604278694
25.24119269377664,55.30514359474182,144.8726830623775
25.244628022064788,55.30470907688141,99.44953431968112
25.23785431562837,55.29972553253174,10.317409718687758
25.243744938473213,55.30032098293304,65.4627697428492
25.24265320538194,55.30125975608826,191.85830174141893
25.236888692061797,55.30164062976837,6.04286006554725
25.23880537455733,55.30247747898102,70.2621631872829
25.23977583518112,55.30009031295776,187.86532425646584
25.238135752209104,55.29885649681091,71.35383570071832
25.242973448105246,55.30361473560333,112.26009092337716
25.23922752588088,55.29691457748413,91.56226905030607
25.238834488488777,55.300530195236206,99.62338774901491
25.238062966948977,55.298802852630615,63.137786229376744
25.23894609182807,55.29722034931183,89.48993411927194
25.23760684499311,55.30214488506317,101.1751957411613
25.24351203623675,55.30116856098175,158.73049186451598
25.24278906603429,55.30425846576691,52.95957021082778
25.240906412035827,55.29867947101593,330.07797108208973
25.240969491121376,55.30093252658844,244.49238596009178
25.239392504160577,55.29639422893524,61.286078007067815
25.236612105003843,55.303282141685486,138.1350217897901
25.241794368457647,55.30190885066986,212.8331970843173
25.23575807783573,55.30438184738159,3.310983646009312
25.237728154191004,55.30241847038269,110.32290201714743
25.236825610858375,55.304049253463745,89.84583637515958
25.242104909063016,55.297569036483765,193.50571970822924
25.23599099493117,55.30470371246338,16.622655358960106
25.23950895928203,55.299789905548096,187.48212561218898
25.23912562741978,55.30227899551392,69.29608820547199
25.240663799863157,55.29677510261536,176.094042267154
25.241377078269636,55.30387222766876,159.4095498984937
25.243371324252564,55.30438184738159,52.03085147985421
25.24144986154512,55.29719889163971,197.9016607285124
25.24233296181474,55.3039687871933,87.73244618224629
25.242420301053116,55.29774069786072,203.22030416350364
25.23565132401785,55.30467689037323,27.85192035200247
25.238722885046982,55.301034450531006,52.294188572796834
25.239829210290637,55.300079584121704,192.17630781429077
25.239077104313058,55.303807854652405,197.9779089098773
25.238402631123364,55.29827177524567,81.56554595261454
25.238257060879135,55.30019223690033,43.27211117593409
25.239455584031887,55.296313762664795,52.99723558846561
25.241973899841895,55.30393123626709,108.20896147724876
25.24236692708156,55.29769778251648,199.5426586716316
25.24067835660716,55.303528904914856,244.83272512016853
25.23991169905011,55.29700040817261,141.42848233851768
25.2376262544729,55.302295088768005,110.9058624797059
25.24049882330911,55.29700577259064,179.12599311597194
25.244239854243578,55.30471444129944,60.1590836736349
25.24260468368358,55.30163526535034,160.40113358123497
25.24246882282509,55.30410289764404,70.4982551721115
25.238543348860404,55.30439257621765,110.3039720967075
25.235578537270086,55.30460178852081,27.646591855989268
25.244225297926164,55.30465006828308,63.00529599381866
25.237820349100417,55.30337333679199,187.4730845698028
25.242434857586744,55.30500948429108,19.953938774287884
25.24200301301434,55.297526121139526,193.31120549488688
25.241304294950567,55.30097544193268,279.5241368159581
25.242580422827142,55.304537415504456,22.317236249054464
25.241284886058097,55.30138313770294,271.51856641880863
25.237141016548165,55.30140995979309,28.551190945591618
25.23863554315149,55.304515957832336,106.83649483717416
25.242289292172018,55.30135095119476,207.08273895376573
25.238494825521187,55.29927492141723,89.51537179473077
25.23779123492605,55.30093789100647,59.52632400775731
25.238921830241296,55.29875457286835,152.60399555373098
25.23571925827646,55.303319692611694,70.10529649679597
25.23938765186145,55.29672682285309,98.19292626345968
25.241343112726156,55.30371129512787,173.57698830916144
25.24190596907904,55.30384004116058,120.8224189835533
25.238126047510264,55.29875993728638,70.32987028228841
25.2402270967319,55.3024560213089,185.86144631819064
25.23856761052272,55.30091643333435,65.79449766930303
25.23947984551212,55.29619038105011,40.18329732997209
25.239319719653025,55.29674291610718,95.12243293495068
25.242497935878987,55.304800271987915,7.775604057776029
25.241343112726156,55.30393123626709,158.66233531084654
25.24360422675872,55.30250430107117,28.300653349247472
25.23629669794167,55.303807854652405,79.92042659505148
25.242255326883463,55.30099153518677,234.98636068829472
25.239450731735246,55.29770851135254,166.68042416483604
25.237922248655806,55.30350744724274,186.19072448892524
25.242298996538395,55.29768705368042,199.93407819987215
25.24113446703653,55.30448377132416,156.83016019019428
25.24008152867276,55.298046469688416,242.2864980973331
25.237941658085248,55.30417799949646,111.74487500165627
25.23829587962797,55.30362546443939,177.44505057672828
25.242599831512692,55.304290652275085,49.4108476956029
25.237839758546116,55.299285650253296,37.53750757367841
25.239989335478484,55.302536487579346,165.32041385769682
25.24230870090402,55.30485928058624,27.63439938651049
25.23898005804145,55.302321910858154,62.16647349665765
25.24381772033055,55.30043363571167,70.7578065151907
25.23559309462314,55.3045266866684,20.330774171862906
25.243385880672264,55.30437111854553,53.991536512050075
25.2407171745827,55.30517041683197,163.5591609040977
25.243589670365154,55.3009968996048,137.82980377756473
25.238422040476095,55.298277139663696,83.77901562451157
25.24303167396428,55.30216634273529,84.76143724825725
25.23944102714141,55.296335220336914,55.1310509838021
25.2420224217921,55.30387759208679,110.35508246909536
25.242949187322424,55.30359864234924,112.23193341001426
25.24220680502623,55.30159771442413,194.01271318919558
25.24102286570668,55.30215561389923,252.7643833786409
25.23589879863428,55.30322313308716,73.35991017434493
25.23810178575981,55.301769375801086,42.23948290351044
25.239416765653417,55.30100762844086,84.15446421327162
25.241246068263905,55.30100226402283,272.58602080323186
25.23970790318968,55.29861509799957,230.93933505965208
25.24243970976424,55.30408143997192,73.21717241723091
25.236068633863823,55.30473589897156,18.636453087166664
25.23748553567414,55.30139923095703,61.722480170857764
25.237301145277485,55.30145287513733,45.553700309102275
25.24139648714737,55.30394732952118,152.77083316260007
25.243371324252564,55.30438184738159,52.03085147985421
25.240916116512665,55.30293881893158,267.6896692584268
25.240484266543575,55.30508995056152,150.56430213998965
25.238931534876585,55.30235946178436,62.906870202697114
25.241124762577144,55.301302671432495,254.3864837133707
25.24356540970534,55.301061272621155,145.42946028720652
25.23555427501115,55.30464470386505,32.59868392156525
25.242599831512692,55.30411899089813,68.45772265207566
25.24332280284092,55.30442476272583,44.911865111780756
25.240624981870596,55.30515432357788,156.82223542653668
25.239780687464787,55.304816365242,142.7115023057779
25.238193980385816,55.30173718929291,32.22616103497054
25.242187396277927,55.29686629772186,118.52025213669714
25.235699848492143,55.3046715259552,23.501320880472637
25.243958431797836,55.30044436454773,65.37426240961142
25.242643501043815,55.30162990093231,158.20018006717055
25.237965919867666,55.30059993267059,19.728759541376377
25.2386840664345,55.3009432554245,62.026492598408545
25.239659380315388,55.297064781188965,139.18586169925092
25.241901116880243,55.300304889678955,226.0388481689171
25.238402631123364,55.30122220516205,42.31599815817329
25.237534059416276,55.30227899551392,101.32854141791796
25.241100501425265,55.30098617076874,257.17819902007966
25.2405036755639,55.29750466346741,222.69019507577227
25.23732540718775,55.30332505702973,182.96917790390924
25.242376631441772,55.30326068401337,137.85899956313395
25.23937309496283,55.29642641544342,64.8500109837632
25.238198832732635,55.29910326004028,74.57729056885103
25.238771408295136,55.297810435295105,128.47561525512276
25.24332280284092,55.3044193983078,45.37084190013805
25.242905517901136,55.29719352722168,141.79114756791154
25.2383977787847,55.30267596244812,92.51456409911411
25.239673937179717,55.29592216014862,33.74404172559648
25.23751464992175,55.30215561389923,92.48090850013507
25.24008638094423,55.302541851997375,175.2448566074468
25.24168761994129,55.29733836650848,192.62690487423555
25.23710704982092,55.301334857940674,20.352300908791186
25.23797077222356,55.29971480369568,23.014668680688175
25.244118551545156,55.300546288490295,73.4869869132886
25.238402631123364,55.30444622039795,96.53323866492117
25.238402631123364,55.30368983745575,173.58635939293902
25.244045769867995,55.304542779922485,56.97599712268908
25.241944786662472,55.30392587184906,110.55077249354453
25.244011805070382,55.304574966430664,51.79010968150954
25.24426411476874,55.30462324619293,68.2303612851901
25.23720894997426,55.30139923095703,33.72718578166089
25.23810178575981,55.29925882816315,54.52500242248019
25.24403121352732,55.30458569526672,52.45007063478106
25.243317950698696,55.30441403388977,45.4969582408595
25.242284439988495,55.29694676399231,121.89738936772235
25.24157116690741,55.30227899551392,222.02536129549136
25.242148578772003,55.30003130435944,189.84950179592275
25.238703475742295,55.29915153980255,116.32150875505694
25.241381930489354,55.30101299285889,287.1406962977899
25.239043138126803,55.30195713043213,43.63488030897736
25.23593761813622,55.30471444129944,17.89975934134769
25.237820349100417,55.300047397613525,6.566020361949249
25.23912562741978,55.30474662780762,134.67994083130856
25.23937309496283,55.29639422893524,61.2776233024151
25.241081092500252,55.30216097831726,259.12947267255703
25.239052842752415,55.30471444129944,129.1356859045017
25.236311255208705,55.303823947906494,80.9773443738446
25.243293689984657,55.30440866947174,44.363239672043036
25.238955796461457,55.30220925807953,50.58138171802109
25.238606429172393,55.298062562942505,104.30603725345075
25.24322575995953,55.300047397613525,84.70878390097822
25.239960221823665,55.29567539691925,64.3501237766473
25.240979195593184,55.29863119125366,323.7078353200666
25.2410374224077,55.30221998691559,256.44364417121227
25.24371097359152,55.29791235923767,125.79420851782133
25.241576019119393,55.30493974685669,107.71922522404087
25.24292007437664,55.30421555042267,57.858318110375805
25.239450731735246,55.30115246772766,77.92900830112781
25.24069291334945,55.30510604381561,166.02988914052145
25.24119269377664,55.30434966087341,153.93618940204752
25.23797562457928,55.29972016811371,23.587743176081794
25.242012717403625,55.30387222766876,111.41496307833732
25.238402631123364,55.30122220516205,42.31599815817329
25.24113446703653,55.30448377132416,156.83016019019428
25.241944786662472,55.30492901802063,67.8618852412692
25.239319719653025,55.29974699020386,170.2431856855048
25.24265320538194,55.30470907688141,5.198936591536651
25.242939483007945,55.303555727005005,108.93572209714453
25.2409646388852,55.29693067073822,211.87724546129243
25.23902858118693,55.30227899551392,61.7188451982136
25.239077104313058,55.303813219070435,197.51860838027852
25.24165365448459,55.30216634273529,216.6144322011319
25.237776677836237,55.30361473560333,175.2460449644722
25.238708328068753,55.30267596244812,90.61341186134835
25.24006697185727,55.305063128471375,126.40883736074306
25.237897986864624,55.30233800411224,90.368640580161
25.2401494604554,55.29588997364044,85.50424311768612
25.23978553974824,55.304049253463745,227.12881861499454
25.239416765653417,55.29635667800903,57.244432755414124
25.237699039994553,55.30219852924347,99.04600513021293
25.24102286570668,55.305036306381226,166.56077793396727
25.238446302162643,55.30272960662842,97.42837857654342
25.242735692224713,55.29799818992615,197.36114807236555
25.23512725846122,55.30443012714386,53.95657333063233
25.237238064288093,55.302042961120605,59.553456808561876
25.235476635750015,55.304564237594604,32.199104778191256
25.23963997116026,55.30075013637543,121.69813652972663
25.241493531489496,55.30491828918457,116.2471011542374
25.239402208758307,55.29663026332855,87.50450751656453
25.24045030075058,55.297552943229675,223.95415116705703
25.238640395480672,55.297794342041016,115.42501316125438
25.236956625628903,55.30234336853027,66.62578941951466
25.239790392031495,55.300063490867615,191.24005679493183
25.240891855319106,55.30113101005554,231.26167549190725
25.243245168542003,55.297595858573914,149.87843655950985
25.23934883346128,55.29972553253174,174.19557030979357
25.24067350435935,55.30294418334961,253.59646918442377
25.241318851617866,55.30398488044739,157.66941956138635
25.243701269337876,55.30449986457825,46.11396444217897
25.2421679875265,55.29760122299194,194.60926604911904
25.241949638859523,55.30025660991669,219.03069706300883
25.23986802853736,55.2956485748291,54.123195883862905
25.2391110704898,55.29686629772186,77.58962477646793
25.24196904764581,55.30449986457825,67.00007994353102
25.239790392031495,55.30042827129364,159.01276439869497
25.242633796704908,55.30116856098175,201.73645800793395
25.24014460818647,55.297821164131165,231.5493212617243
25.237800939651606,55.29986500740051,12.83652778297402
25.240110642298543,55.302563309669495,178.70449950352415
25.240916116512665,55.30103981494904,235.90300352878165
25.239596300549863,55.29899597167969,214.71939492047287
25.24220680502623,55.30159771442413,194.01271318919558
25.242842439820464,55.302536487579346,78.4198178033583
25.23592791326189,55.303013920784,62.27099825722388
25.239572039092877,55.29593825340271,23.769775132053596
25.23979524431458,55.29699504375458,135.98667556054605
25.23980494888012,55.30488610267639,135.6052808110499
25.238737442023464,55.29764413833618,123.53122050640678
25.242221361585436,55.29977917671203,175.54901194328434
25.24278421387075,55.30338406562805,106.54522159425832
25.237912543939913,55.30350744724274,186.20737743217632
25.23978553974824,55.304049253463745,227.12881861499454
25.24410399521321,55.30492901802063,36.6834291138877
25.24067835660716,55.29677510261536,177.40350571466266
25.23752435466939,55.30227899551392,100.4352177640827
25.24067835660716,55.29677510261536,177.40350571466266
25.24245911847227,55.29776751995087,205.54704637421082
25.24435145261917,55.30470907688141,71.19969372223025
25.237504945173328,55.30298709869385,157.396671619867
25.238727737372685,55.30377030372619,179.5264556536368
25.241993308624306,55.29926955699921,199.4390100820147
25.238781112942434,55.2975207567215,111.58885514174504
25.240343551053655,55.305014848709106,147.02731859606246
25.239276048927564,55.30471980571747,142.5263021963801
25.238747146673475,55.29762268066406,121.47026040969153
25.236107453311547,55.30474662780762,14.380113610270634
25.243279133553894,55.30166745185852,123.93677338827662
25.237092492649182,55.301817655563354,35.56141870268211
25.241629393438288,55.30496656894684,102.63799756673139
25.243381028532568,55.30433356761933,56.84585269108366
25.24315782989646,55.3032660484314,68.68559672168743
25.239091661247087,55.30186057090759,47.6945536192891
25.241304294950567,55.29885649681091,282.47546101044236
25.24281332684907,55.30385613441467,97.63825730478445
25.23937794726255,55.30090570449829,88.98932775618815
25.240945229938504,55.303056836128235,255.8525842973412
25.24069291334945,55.29677510261536,178.71798318153003
25.243366472112257,55.30148506164551,142.36636563566273
25.24133826050489,55.30126512050629,278.36500902244387
25.236597547772845,55.30187129974365,11.12257922767687
25.237063378300466,55.30137777328491,20.13998925948297
25.236893544460727,55.302547216415405,87.13820293455379
25.236912954054404,55.30247747898102,79.87718858178701
25.2437789033454,55.297788977622986,110.79639370996749
25.242556161965837,55.30339479446411,127.49175069776764
25.23978553974824,55.304054617881775,226.53699632560415
25.243385880672264,55.30437111854553,53.991536512050075
25.23811149046055,55.298797488212585,68.53005333180528
25.24128973828151,55.30137240886688,272.1166998274157
25.241707028769422,55.297327637672424,190.40243585179718
25.23878596526582,55.302525758743286,75.06696778378195
25.237315702424223,55.30202686786651,66.34144935585904
25.24136737382962,55.29714524745941,200.39907029785698
25.23947984551212,55.29676973819733,103.5407538360789
25.24272598789318,55.29798209667206,199.43937122980478
25.242434857586744,55.29775142669678,204.1538184383088
25.24186715148323,55.30389368534088,118.57563705857613
25.241847742680676,55.29740810394287,189.4351807661724
25.236956625628903,55.30146896839142,10.76017574061779
25.241386782708872,55.30362546443939,176.4596659606962
25.239411913355255,55.29974699020386,179.48371350340116
25.24378860759286,55.30039608478546,68.98488012096011
25.23940706105688,55.29637813568115,59.55784828309777
25.24247852717717,55.30410826206207,69.81774510041924
25.243822572452828,55.304548144340515,43.225487630107054
25.23880537455733,55.297542214393616,114.67858350803532
25.244123403655436,55.30468761920929,51.714342393024026
25.236126863030748,55.30267059803009,61.02199155587953
25.23950895928203,55.29622793197632,45.12035394470047
25.241973899841895,55.3038614988327,114.67907787166206
25.242032126179836,55.30418872833252,81.6947921758387
25.241100501425265,55.30098617076874,257.17819902007966
25.23882478384573,55.30244529247284,67.33320344923182
25.23970790318968,55.29700040817261,133.59176605851667
25.2410374224077,55.30497193336487,167.163925357655
25.239271196623775,55.30469298362732,145.41261088757787
25.238485120851024,55.29809474945069,90.52402731955084
25.236849872863587,55.304043889045715,91.21315995161926
25.239858323976833,55.300084948539734,193.55374509195903
25.24132855606176,55.3039687871933,157.71277407573294
25.24245426629554,55.30490219593048,17.85206745815093
25.2393391288593,55.30136704444885,57.2054946210727
25.241226659362155,55.301061272621155,269.21107934724125
25.237694187627795,55.302579402923584,125.31135288300425
25.238625838492567,55.298051834106445,106.5942517728647
25.242085500298415,55.30410289764404,85.49008922723705
25.243919614857617,55.3044730424881,55.174465517627105
25.238548201193257,55.29803574085235,98.3282691064158
25.24239604015986,55.30110418796539,221.62765685171058
25.239455584031887,55.296308398246765,52.40925117948597
25.24114417149515,55.30450522899628,155.3606649028258
25.240571607110567,55.30271887779236,232.3780807111542
25.23929060583781,55.296576619148254,82.12745047428804
25.23944102714141,55.29632985591888,54.54006712706731
25.23800473870948,55.30190885066986,55.17202519423198
25.24085788964004,55.3011953830719,226.36995874220744
25.243448958470864,55.29776215553284,137.9920335378646
25.2402416535282,55.30427455902099,214.51431502530235
25.24246397064877,55.30491292476654,16.718236761820947
25.24072687907463,55.30291736125946,257.45842736032984
25.237043968730788,55.30215561389923,52.052753991223064
25.237043968730788,55.304070711135864,97.42325122948014
25.240683208854804,55.30274569988251,244.9093528120085
25.240663799863157,55.30268669128418,240.36412275582276
25.242376631441772,55.30115783214569,217.9569491958173
25.242551309793015,55.30463397502899,11.65438187023931
25.238795669911937,55.301061272621155,49.1437902236732
25.242507640228737,55.3041136264801,69.05970571974261
25.238334698364422,55.30134558677673,40.24555770270713
25.242798770360807,55.30261695384979,80.8250421796921
25.238776260618906,55.297563672065735,115.99316374824556
25.23705852590834,55.301785469055176,30.390738685790364
25.237990181645245,55.30211269855499,66.49633816665585
25.238931534876585,55.304564237594604,127.12321527893154
25.237558321280066,55.301565527915955,76.49641502080776
25.242192248465315,55.3049772977829,45.63028300681387
25.2392081166568,55.30160307884216,42.20877073426995
25.243381028532568,55.30433356761933,56.84585269108366
25.241076240268526,55.30475199222565,160.7934347496847
25.243526592639583,55.30022442340851,78.00140935210425
25.241153875953017,55.304564237594604,153.34909509188162
25.238790817588963,55.301029086112976,52.75336485211216
25.23962056200203,55.29996156692505,191.56634612355114
25.240484266543575,55.29710233211517,185.93295385366105
25.241153875953017,55.30122756958008,258.45412625405345
25.2363791890985,55.30223608016968,56.93997654412744
25.24239118798063,55.304059982299805,76.43930516522894
25.240634686369873,55.29894769191742,327.18210966833266
25.2410374224077,55.296345949172974,146.47932576489686
25.24017372179712,55.30260622501373,187.0871187836913
25.243143273449434,55.29999911785126,88.30861539852663
25.241207250457336,55.30370593070984,185.60207192265307
25.235568832367107,55.30466616153717,32.890769863683154
25.238630690822134,55.29786944389343,111.59166896164378
25.23714586893702,55.30386686325073,122.66750522208328
25.24327428140994,55.300331711769104,105.79562569270857
25.240508527818477,55.29740810394287,214.2072466894324
25.242561014138488,55.29708623886109,129.09854896234498
25.243754642723378,55.30070185661316,100.3703640733589
25.242032126179836,55.29943585395813,194.27794108934594
25.242284439988495,55.304033160209656,82.40173017366342
25.235995847365928,55.30289053916931,61.92897077842631
25.241731289800217,55.29734909534454,190.80793781965278
25.236442270533615,55.30226290225983,57.18896129826044
25.243502331967207,55.30121684074402,164.02227368887716
25.242051534952935,55.297547578811646,193.41185674377553
25.23952351616435,55.29644250869751,68.492525669873
25.240096085486527,55.29695749282837,147.0774735823127
25.235248570133606,55.30446767807007,50.66327041180109
25.238193980385816,55.30160844326019,36.74738249996834
25.24186229928289,55.303818583488464,125.56511824707522
25.23631610763067,55.303786396980286,82.69016021556405
25.24211461344413,55.30397951602936,95.47225127162827
25.239043138126803,55.29723107814789,97.00171072943985
25.24200301301434,55.297526121139526,193.31120549488688
25.23795621515528,55.2991247177124,57.2018941955496
25.24378860759286,55.30451059341431,46.16127859550744
25.239402208758307,55.29637813568115,59.533749860233286
25.23978553974824,55.304054617881775,226.53699632560415
25.238645247809657,55.302777886390686,101.79775692280465
25.242352370539805,55.29769241809845,199.2683602396106
25.24288125710474,55.30243456363678,78.83170314634862
25.24239604015986,55.29772460460663,201.89484566874387
25.24121695491013,55.29879212379456,293.5801255087899
25.23878596526582,55.297547578811646,114.59224720161072
25.241226659362155,55.301061272621155,269.21107934724125
25.24305108257775,55.3034645318985,93.57451187896235
25.24334706354917,55.30441403388977,47.568863159401815
25.24015431272413,55.302547216415405,182.32496278259308
25.239363390362797,55.304827094078064,132.4307910366863
25.24069291334945,55.29677510261536,178.71798318153003
25.238834488488777,55.3024023771286,63.076013797028644
25.24274539655545,55.2999883890152,126.06008198737905
25.241765255235208,55.29736518859863,190.19084559456383
25.24403121352732,55.304768085479736,38.14094786088176
25.239072252001307,55.303807854652405,197.63596885735072
25.239756426044593,55.295809507369995,41.870869580376976
25.239198412043574,55.30167818069458,44.185621416363915
25.239610857421766,55.29619574546814,46.827881746687055
25.240770549278793,55.29860436916351,340.53388467972985
25.23834925538739,55.30443549156189,94.58495813369814
25.23983891485348,55.30011177062988,189.87878779796614
25.242352370539805,55.29769241809845,199.2683602396106
25.241081092500252,55.30125439167023,250.08894557532605
25.241119910347138,55.301034450531006,258.1493965084869
25.242614388024805,55.29789090156555,214.94932634249665
25.241891412482076,55.29744029045105,190.18622196132893
25.24283273549743,55.30121147632599,187.65984957828962
25.242590127170303,55.30168890953064,156.8647765951013
25.240624981870596,55.30161917209625,198.3801396568475
25.241973899841895,55.30393123626709,108.20896147724876
25.236490794692173,55.30392050743103,91.136209915294
25.239271196623775,55.299548506736755,167.49940672140968
25.242677466223853,55.29794991016388,205.5083326455424
25.238354107728,55.30269205570221,95.37554039069555
25.243982692379177,55.304569602012634,50.08947402136722
25.237674778158834,55.30423700809479,109.3367311765417
25.23748553567414,55.30139923095703,61.722480170857764
25.23822309446372,55.29874384403229,81.21049504332818
25.24171673318233,55.30509531497955,91.86824286289634
25.24282788333565,55.30349671840668,111.7232295100629
25.2398437671346,55.30034780502319,169.63513101333274
25.242134022204084,55.297574400901794,192.98076267327016
25.23973701690494,55.30486464500427,136.65527314604333
25.23616083003192,55.30270278453827,65.79232873921346
25.24329854212786,55.30013859272003,86.70780450015906
25.23934883346128,55.30235409736633,93.85696398851046
25.242119465634417,55.297563672065735,192.39542115812694
25.23839292644584,55.29820740222931,79.88664747615427
25.23929060583781,55.299543142318726,169.67876190086872
25.24139163492822,55.30377030372619,165.22309913479464
25.239072252001307,55.303807854652405,197.63596885735072
25.23948955010286,55.30314803123474,169.85065230461282
25.235442668557653,55.304553508758545,34.46173018639433
25.240591016116923,55.30515432357788,154.0009831088678
25.242779361707036,55.29992938041687,120.02915526578651
25.23949925469283,55.29901742935181,203.75514662677688
25.24356055757282,55.30436038970947,61.76303219127033
25.24364304379968,55.297821164131165,124.41926852302817
25.239926255884217,55.29576122760773,61.227916791012625
25.239363390362797,55.296844840049744,102.75274563468525
25.238189128038822,55.30444085597992,86.95872539174078
25.237010001976415,55.30145287513733,16.691603955991773
25.24399724872565,55.30513286590576,24.220553937498966
25.24279391819765,55.30394732952118,87.49259704996928
25.24127518161073,55.30097544193268,276.3647107525279
25.239892289935284,55.29996693134308,206.44550956520465
25.23818427569165,55.29870629310608,77.40769579213371
25.239436174844187,55.296335220336914,55.06815348647232
25.239460436328315,55.296308398246765,52.497443979239115
25.23984861941554,55.29587924480438,52.1087282331471
25.236932363645025,55.30384004116058,115.57522278060807
25.24453098022576,55.304800271987915,86.14756731213889
25.23930516274629,55.29964506626129,171.13841017678726
25.2380872287072,55.30434429645538,94.64336738955654
25.244453346698705,55.30072867870331,99.8696637992063
25.24329854212786,55.300079584121704,81.66636460064069
25.239960221823665,55.300047397613525,203.64697817364208
25.23893638719396,55.29869019985199,151.2430964830186
25.24299770888325,55.303539633750916,103.79490412110499
25.236709153166014,55.30297100543976,133.21379298464691
25.242939483007945,55.29824495315552,161.91745459646293
25.237543764162368,55.30227899551392,102.22541007493471
25.238062966948977,55.3048700094223,37.37074890677751
25.24275024872054,55.30137240886688,175.680440374465
25.242973448105246,55.30000448226929,104.36134338106126
25.242430005409076,55.30516505241394,16.070697078767726
25.24349747983213,55.29773533344269,131.84844560777768
25.242070943722936,55.30396342277527,99.41225517954359
25.242561014138488,55.3049236536026,6.01783866171092
25.240683208854804,55.3015011548996,204.41372737575233
25.24164880227572,55.297327637672424,194.23157451006077
25.23679164404298,55.30278325080872,112.36181890169566
25.240392073654775,55.29592216014862,112.61994170802942
25.241595427965336,55.30367910861969,156.17841635137654
25.237383635752664,55.30149042606354,55.532640705669245
25.24158572354274,55.297311544418335,197.14330316090908
25.2409646388852,55.30516505241394,168.53404266485896
25.24084818515857,55.29688239097595,199.66566999332883
25.24332280284092,55.3044193983078,45.37084190013805
25.235462078383023,55.30460715293884,36.60813957786849
25.24082392395144,55.30448377132416,190.8475859328272
25.24121695491013,55.297059416770935,207.16959538162007
25.235680438704748,55.30465006828308,23.623721423261678
25.23875199899821,55.304548144340515,113.43637495170736
25.242352370539805,55.29769241809845,199.2683602396106
25.236029814403707,55.30475199222565,22.855796359690206
25.238810226879707,55.30246138572693,68.65055326163133
25.2420224217921,55.30474126338959,55.76053400494223
25.23779123492605,55.29985427856445,13.460473328047927
25.23797562457928,55.29949486255646,27.0522927306831
25.23964967573822,55.297048687934875,137.20629957954716
25.238189128038822,55.302541851997375,86.71817362588841
25.24142560045813,55.30362546443939,173.40147918868175
25.241415896021977,55.30382931232453,158.9586569613723
25.23880537455733,55.30247747898102,70.2621631872829
25.244278671081517,55.30462324619293,69.5038867263298
25.240168869529157,55.2979177236557,240.27017229289766
25.237897986864624,55.29974699020386,15.621702414632528
25.238164866300963,55.30015468597412,38.677410513320375
25.23856275819064,55.29788017272949,104.05607873170253
25.242915222218343,55.30375957489014,108.38855279247343
25.242269883436848,55.30484855175018,30.94476620892879
25.244021509299245,55.304580330848694,52.106600669692604
25.238499677856,55.30370056629181,175.93423888031361
25.241406191585057,55.3029066324234,234.41426876176752
25.241081092500252,55.30125439167023,250.08894557532605
25.24084818515857,55.29688239097595,199.66566999332883
25.241493531489496,55.29639422893524,143.86389418736735
25.243385880672264,55.30437111854553,53.991536512050075
25.239960221823665,55.298314690589905,254.2431940174804
25.241915673476058,55.2974671125412,191.56655094769138
25.242245622513565,55.3016459941864,187.23515053458743
25.242895813583175,55.29820740222931,168.12737126393827
25.24186229928289,55.300551652908325,241.66553470878588
25.24043089172176,55.29607772827149,119.47349272908419
25.239460436328315,55.30092716217041,93.72117434310094
25.241386782708872,55.303775668144226,165.24891596204444
25.23516607820956,55.30445158481598,51.46963355607943
25.237233211902932,55.30194103717804,54.19234996361461
25.242876404944894,55.30374348163605,110.12298586030042
25.242580422827142,55.30049264431,171.25712171039834
25.23978553974824,55.29996693134308,199.99097215098783
25.23750979754763,55.30421555042267,117.84922120178392
25.23863554315149,55.300798416137695,78.11033299709615
25.24236207490118,55.30120611190796,214.56678794871178
25.23829587962797,55.29849171638489,77.33867008185346
25.243385880672264,55.30437111854553,53.991536512050075
25.24136737382962,55.30289590358734,238.63407142405364
25.241445009328103,55.29909789562225,262.14013029037443
25.244060326206903,55.29812157154083,119.02634193142772
25.239009171931073,55.30062675476074,98.87401977418097
25.23639374635567,55.303818583488464,89.98424661148398
25.24167306331816,55.30498802661896,98.6021854139157
25.239450731735246,55.30107736587525,82.3928338654046
25.23592791326189,55.3046715259552,13.550476671969848
25.244060326206903,55.30051946640015,71.04139465123015
25.236937216042165,55.30242919921875,75.22055321388328
25.242677466223853,55.29794991016388,205.5083326455424
25.23930516274629,55.29695212841034,101.13481429677802
25.241124762577144,55.301302671432495,254.3864837133707
25.237713597093645,55.29947340488434,16.68682407518785
25.239727312333983,55.29992938041687,200.30298552116042
25.241488679274227,55.30260622501373,225.32783387409714
25.240741435811117,55.30288517475128,257.29947984673936
25.239494402397938,55.29761731624603,162.3929940723459
25.238363812408625,55.298293232917786,77.65111578894641
25.241081092500252,55.304574966430664,161.23281381095003
25.24193023007014,55.29747784137726,191.89760393008575
25.24160998459776,55.297311544418335,195.45829179736717
25.24400210084076,55.298084020614624,118.8500509629217
25.239819505727,55.3003853559494,164.72379492939868
25.24121695491013,55.297059416770935,207.16959538162007
25.23986802853736,55.30413508415222,218.90283154695533
25.237437011912675,55.3022038936615,87.7443944711509
25.23918870742959,55.300798416137695,87.04433247279044
25.241085944731807,55.29698967933655,214.6049980358515
25.238489973186205,55.298084020614624,91.18818145196535
25.23635492699934,55.30468761920929,6.193638624114913
25.23823765150007,55.29861509799957,79.1980541496908
25.24142560045813,55.30513286590576,120.97245257113563
25.24143045267591,55.30375957489014,162.75743759232068
25.237417602402655,55.30314803123474,168.638992081582
25.235248570133606,55.304537415504456,43.10000709498246
25.240624981870596,55.30509531497955,161.20337863620134
25.24133826050489,55.30126512050629,278.36500902244387
25.24119754600372,55.30134558677673,262.07803594311997
25.238912125605225,55.30466079711914,118.99598925342394
25.23795621515528,55.302064418792725,66.85974782448658
25.24418648107121,55.30460715293884,62.94962605537927
25.23756317365222,55.30116856098175,57.77792128384432
25.24021253993382,55.30500948429108,139.4325065877709
25.239688494042294,55.29696822166443,129.57253271007417
25.239402208758307,55.29637813568115,59.533749860233286
25.239965074099945,55.300058126449585,203.03468167990908
25.2391692981993,55.302268266677856,72.21693400035163
25.241032570174212,55.304521322250366,167.32874372216764
25.237529207042925,55.30227899551392,100.88143057007733
25.240945229938504,55.29691457748413,210.35500785646528
25.24247367500125,55.2977728843689,205.93008528402333
25.23964967573822,55.297048687934875,137.20629957954716
25.244278671081517,55.30462324619293,69.5038867263298
25.242027273986068,55.30433893203735,70.6203916445367
25.24288125710474,55.303802490234375,103.5702191540691
25.238688918761753,55.30458569526672,105.56834547986108
25.236015257102963,55.3047251701355,19.53783644424574
25.243696417210757,55.30448377132416,47.892076769004724
25.241095649194293,55.30500948429108,160.06146897316296
25.238300731970696,55.3026008605957,87.48227069690883
25.23897035341004,55.29734909534454,102.90479440243945
25.24038236913611,55.304322838783264,215.63892386226703
25.242148578772003,55.30263841152191,152.03072035706953
25.23924693510189,55.2981162071228,174.7482371090456
25.243381028532568,55.30433356761933,56.84585269108366
25.240765697034675,55.3044193983078,198.38194640317886
25.23859187218021,55.30375421047211,174.34188956811468
25.241119910347138,55.30197322368622,258.2488947703907
25.238373517088466,55.29825568199158,78.14387541840016
25.239770982897284,55.30010104179382,186.57509715221252
25.24007667640113,55.295589566230774,73.7571616128081
25.238266765567506,55.304317474365234,102.73989412069704
25.237301145277485,55.302064418792725,66.81361365348266
25.24418648107121,55.29814302921295,110.03642946780299
25.240532789088547,55.29733836650848,209.6075324941253
25.24006697185727,55.29693067073822,142.83094538726385
25.23932457195488,55.30470907688141,144.49227275330546
25.2424105966964,55.30167281627655,171.7952306108469
25.236568433305592,55.30190348625183,15.005660757048185
25.23977583518112,55.30410826206207,220.50036876702413
25.24142560045813,55.30293345451355,232.49384420370887
25.244526128131767,55.304773449897766,86.46615362066704
25.236956625628903,55.30171036720276,16.640040250452813
25.241207250457336,55.304773449897766,146.30144050486615
25.23964967573822,55.2999883890152,190.41504418821174
25.241008309003945,55.29865264892578,319.94774399210087
25.23947499321646,55.296335220336914,55.71532004596148
25.240042710494237,55.29698431491852,146.5328316261049
25.241595427965336,55.303051471710205,213.50518976625204
25.238509382524995,55.29811084270477,93.04365095458866
25.239271196623775,55.302305817604065,83.73389764186348
25.24119754600372,55.301828384399414,264.0086115903087
25.238810226879707,55.30246138572693,68.65055326163133
25.242172839714655,55.30399024486542,91.48667126422771
25.238475416180098,55.30116856098175,42.37409591093631
25.243531444773495,55.30443549156189,53.83364300767238
25.23962541429188,55.304821729660034,140.19013271746368
25.242507640228737,55.30401170253754,80.36959245073875
25.241556610270337,55.297295451164246,197.82467746909467
25.239445879438435,55.30475735664368,142.1208263898756
25.240008744577835,55.2981698513031,246.17891634516783
25.236980887607928,55.30143141746521,13.008495050393412
25.237141016548165,55.30184984207153,41.500843724521644
25.238975205725836,55.29735445976257,103.69469654923132
25.239460436328315,55.296303033828735,51.9106287371797
25.241401339366305,55.30384540557861,159.09750505947503
25.238606429172393,55.29810011386871,103.87706591141841
25.23964967573822,55.297048687934875,137.20629957954716
25.243021969656382,55.30084669589996,163.8647292998598
25.24145956597856,55.30489683151245,119.58154998817136
25.24086274188049,55.30259013175965,254.80977652984393
25.24164880227572,55.30382931232453,139.90092925298305
25.23880052223474,55.297552943229675,115.64472444589995
25.24113931926594,55.3048700094223,154.5038610140715
25.2401785740649,55.302584767341614,186.53213019479998
25.237868872708887,55.30337870121002,185.6784969348384
25.23852393952704,55.30370593070984,176.34310744164895
25.239572039092877,55.29746174812317,156.94051966915418
25.241804072863573,55.29663562774658,126.8314716554978
25.23781064437641,55.303308963775635,181.60143672591212
25.237179835653436,55.3019517660141,49.15540897860204
25.23629669794167,55.303571820259094,91.04713672858918
25.238926682559057,55.30460178852081,124.15027899753893
25.23971275547605,55.29990792274475,201.60160422570593
25.23823765150007,55.29910862445831,77.001914997054
25.23694692083592,55.304054617881775,94.01149769352119
25.239727312333983,55.29700577259064,134.76417351006427
25.24326942926575,55.30439257621765,44.39246823143629
25.241381930489354,55.29715061187744,199.60843093535485
25.240707470089987,55.30292809009552,256.09101082978356
25.24181377726873,55.29738128185272,188.81254320872785
25.2397176077622,55.29989719390869,202.90493984910677
25.241488679274227,55.29723107814789,197.4870802661616
25.24433204421338,55.30469834804535,69.86799840769096
25.2429637437927,55.30349671840668,102.0598292202768
25.23800473870948,55.3019517660141,56.67721878094542
25.242614388024805,55.30135095119476,185.42715852871638
25.242192248465315,55.3049772977829,45.63028300681387
25.24190596907904,55.29745638370514,191.00549153098143
25.24300741319307,55.304279923439026,50.71133768215193
25.237519502295655,55.301286578178406,62.710349854226756
25.241857447082324,55.301780104637146,213.48994454750897
25.242017569597948,55.30387222766876,111.14118544455896
25.242895813583175,55.29820740222931,168.12737126393827
25.242580422827142,55.30414581298828,65.57055515419496
25.23615597760376,55.30471980571747,9.110469910929798
25.241872003683397,55.30035853385925,231.34303630817908
25.244108847324057,55.30460715293884,57.13006308522113
25.23882478384573,55.29936611652374,120.98449368158562
25.237766973108748,55.30224144458771,95.02870130109405
25.23757287839599,55.30227899551392,104.9363753056632
25.236257878554383,55.304789543151855,6.444627610825785
25.24193023007014,55.29747784137726,191.89760393008575
25.24233296181474,55.29769778251648,200.28465153290668
25.24239118798063,55.30488073825836,21.89670815447245
25.23643741811668,55.30212342739105,42.87956619066149
25.241119910347138,55.30208587646485,261.07093127484217
25.243293689984657,55.302799344062805,24.73398786927426
25.24135281716812,55.30486464500427,130.86989856737543
25.242842439820464,55.30421555042267,57.90468079711413
25.237961067511563,55.29901206493378,53.3894225141977
25.23760199262269,55.301050543785095,55.480198164079304
25.235306799693376,55.30450522899628,45.6417456729562
25.2440700304319,55.304784178733826,40.25585903233533
25.239077104313058,55.303807854652405,197.9779089098773
25.23681105365293,55.304059982299805,88.25357232893009
25.240474562032247,55.30433893203735,218.58092919068687
25.240872446360797,55.298566818237305,337.0873452267156
25.239077104313058,55.303813219070435,197.51860838027852
25.23970305090313,55.296088457107544,45.031160759749596
25.23797077222356,55.301839113235474,57.28106767414936
25.23929060583781,55.296785831451416,93.12972790652609
25.2390043196166,55.29737055301666,106.93242597409433
25.23543781610084,55.304548144340515,34.5730599301738
25.23991169905011,55.30017077922821,189.5516301208057
25.239077104313058,55.303813219070435,197.51860838027852
25.24143530489353,55.29719352722168,198.62169925616416
25.23744671666651,55.30152261257171,63.37620923169608
25.2428084746865,55.29809474945069,183.9412671001482
25.23779123492605,55.29985427856445,13.460473328047927
25.240891855319106,55.29689311981201,204.31729097684124
25.239426470249185,55.296351313591,56.73690074756187
25.242337813996286,55.300835967063904,216.5084573916435
25.24157116690741,55.297306180000305,197.7052545452914
25.243822572452828,55.30053555965424,80.46774523167664
25.23886845473332,55.302300453186035,53.9009260652887
25.237393340510778,55.30151724815369,58.02661070354378
25.235680438704748,55.30423700809479,5.801143281705097
25.241056831339648,55.304515957832336,164.7505751322983
25.239960221823665,55.300047397613525,203.64697817364208
25.242633796704908,55.2979177236557,211.27519733472425
25.23983891485348,55.30011177062988,189.87878779796614
25.240765697034675,55.30294418334961,262.65127962425595
25.244021509299245,55.30495584011078,27.099696380763202
25.241876855883348,55.29742956161499,189.9149912141476
25.239416765653417,55.29919445514679,189.3429566392449
25.242764805214662,55.304548144340515,21.05701192249629
25.2442592626641,55.30458569526672,70.48926925370488
25.237558321280066,55.299789905548096,10.895966479502476
25.241226659362155,55.30184984207153,267.5436341518332
25.235913355948952,55.30451059341431,6.367327033355238
25.23964967573822,55.297048687934875,137.20629957954716
25.240877298600665,55.30117392539978,228.86659333830877
25.241857447082324,55.303089022636414,187.36372866923486
25.239780687464787,55.2959543466568,46.11696687376046
25.23772330182541,55.30170500278473,84.56971366376781
25.236616957413787,55.30400097370148,87.68649848031679
25.239567186800898,55.304800271987915,141.76048928591027
25.239392504160577,55.29638886451721,60.69076660622319
25.239960221823665,55.300047397613525,203.64697817364208
25.2409646388852,55.29873847961426,322.1960740864089
25.239450731735246,55.30115246772766,77.92900830112781
25.239072252001307,55.303813219070435,197.1758718158433
25.236369484259427,55.302295088768005,63.357287330062235
25.242900665742255,55.29745101928711,170.0059812079462
25.241954491056376,55.304574966430664,65.75916261457718
25.24332280284092,55.3044193983078,45.37084190013805
25.241119910347138,55.2970165014267,213.12625526831047
25.24374008634784,55.30441403388977,55.8807191969628
25.237995034000193,55.30035316944122,9.701699172026457
25.23846085917225,55.30446231365204,98.63976006659803
25.240018449126353,55.300025939941406,209.5076319969624
25.23997963092765,55.30493974685669,135.17067279204664
25.23670430075977,55.301828384399414,6.684701476571505
25.240125199108817,55.29592752456665,83.18736800210642
25.237092492649182,55.30385076999664,121.41786945218318
25.23831528899775,55.29843270778656,76.61552238248639
25.24468624713104,55.30486464500427,101.53266478472655
25.24416707263906,55.30469298362732,54.98397851768953
25.238543348860404,55.29819667339325,96.53877147759809
25.239572039092877,55.299065709114075,209.79014114562133
25.24088700307982,55.30296564102173,267.6631492143069
25.241226659362155,55.29624938964844,135.04779599590782
25.24413310787537,55.30122220516205,148.47185333151305
25.239673937179717,55.29879212379456,230.88311262879955
25.238334698364422,55.29862582683563,88.62121474683153
25.239397356459538,55.30237019062042,99.28833368335118
25.24083362843487,55.29687702655792,198.00359921780455
25.239445879438435,55.296324491500854,54.01875256729351
25.243371324252564,55.30010640621185,79.0070101655201
25.239610857421766,55.29988646507263,194.46259359035358
25.24281332684907,55.30385613441467,97.63825730478445
25.243628487410778,55.30446767807007,49.75880472916111
25.242556161965837,55.30460715293884,14.672855702844915
25.24133826050489,55.30394196510315,158.4426872861518
25.24366245231552,55.30447840690613,48.60053390446553
25.240615277370495,55.29696822166443,185.47979111064848
25.24072687907463,55.30294418334961,258.82802399368114
25.24153234920466,55.29725790023804,196.42769372013996
25.24366245231552,55.30211269855499,72.07370672632067
25.23955262992378,55.296045541763306,29.559933534400002
25.243017117502134,55.29725790023804,151.20634568706726
25.23991655132835,55.3049236536026,134.6287472988059
25.237762120744705,55.302295088768005,98.86086114888268
25.237699039994553,55.30219852924347,99.04600513021293
25.2405521981011,55.29614210128784,134.23603148838902
25.239567186800898,55.29687166213989,116.1281445327204
25.23745642141959,55.301527976989746,64.60655377784298
25.238810226879707,55.30246138572693,68.65055326163133
25.23686928246424,55.301801562309265,10.942910613164987
25.241357669388805,55.304065346717834,149.3855227631548
25.238334698364422,55.30134558677673,40.24555770270713
25.239334276558026,55.30309975147247,156.45213591525152
25.24245911847227,55.30160307884216,173.642079029681
25.241983604233496,55.30469298362732,60.2512334065775
25.24180892506624,55.30316412448883,191.67252348629484
25.23937309496283,55.301318764686584,62.38505653594313
25.24345381060786,55.30250430107117,29.049852572184083
25.241095649194293,55.30475735664368,158.64715195288167
25.237383635752664,55.3021502494812,79.54547580251092
25.239416765653417,55.30233800411224,99.11301694163471
25.238019295771977,55.29900670051575,59.55850147826832
25.24171673318233,55.30214488506317,210.71322031009075
25.243939023329276,55.30171573162079,121.69820178698548
25.243895354263685,55.305084586143494,12.592299165073292
25.23882478384573,55.30238628387451,61.04886806002984
25.23875199899821,55.301050543785095,51.04821840061529
25.24133340828341,55.301297307014465,277.5140391454126
25.23800473870948,55.3019517660141,56.67721878094542
25.23798532929011,55.29960215091705,24.646982496764377
25.243895354263685,55.305084586143494,12.592299165073292
25.237063378300466,55.30137777328491,20.13998925948297
25.24113931926594,55.30314266681671,234.32993903329702
25.24247852717717,55.304832458496094,11.917053606709313
25.241042274640975,55.30123293399811,246.08392403939368
25.2380872287072,55.30248284339905,87.53594487722413
25.243958431797836,55.30450522899628,54.24061009843614
25.24278906603429,55.298067927360535,187.61621663982223
25.238257060879135,55.30019223690033,43.27211117593409
25.237320554806075,55.30147969722748,48.99003214566273
25.24218254409037,55.30110955238342,235.23959223554888
25.241445009328103,55.29893159866333,265.4083821410224
25.23733996433161,55.302075147628784,71.16454339910298
25.241056831339648,55.30488073825836,163.73251712556694
25.2426095358543,55.30165672302246,158.21369674100902
25.237281735745785,55.3041136264801,109.71766554801923
25.238266765567506,55.29844880104065,72.36167157569572
25.237990181645245,55.30200004577637,60.24848418956087
25.237995034000193,55.30241310596466,88.6574487084213
25.241978752037795,55.300331711769104,219.3009986269764
25.24469595130604,55.30473053455353,105.88566715529154
25.237961067511563,55.301801562309265,57.957420079661055
25.24215343096091,55.297585129737854,193.41417049226249
25.242386335801218,55.2977192401886,201.49398692250796
25.23710704982092,55.30196249485016,42.491525463605406
25.235306799693376,55.30441403388977,43.57478063691718
25.24128973828151,55.304065346717834,155.96959000814408
25.241182989321914,55.296297669410706,140.29693977481773
25.236660629094615,55.303030014038086,131.36101047908684
25.238300731970696,55.29867947101593,89.12030366464475
25.239397356459538,55.301275849342346,66.58030907932255
25.23753891178943,55.30227899551392,101.77653847050045
25.236311255208705,55.30370593070984,85.38192943693575
25.242711431394422,55.297971367836,201.35359068477817
25.24164880227572,55.297327637672424,194.23157451006077
25.239931108161855,55.305025577545166,124.38413558779806
25.24168761994129,55.29733836650848,192.62690487423555
25.241779811847294,55.303775668144226,134.86787264002783
25.242221361585436,55.301050543785095,237.75077020050924
25.23991655132835,55.30023515224457,184.38555824687043
25.2410374224077,55.30364692211151,204.59007637962154
25.23914503665705,55.29691457748413,83.38286830031844
25.241076240268526,55.29885113239288,307.3047684274776
25.239819505727,55.29847025871277,240.371021875037
25.239596300549863,55.30087888240814,108.60452229554775
25.242051534952935,55.29679656028747,120.24895422394839
25.23979524431458,55.29851317405701,238.40010844365005
25.24102286570668,55.30088424682617,251.6268334544447
25.242434857586744,55.301066637039185,222.75084339877947
25.24133340828341,55.30395805835724,157.90731147902383
25.24139163492822,55.296549797058105,161.0436867752106
25.23629669794167,55.303807854652405,79.92042659505148
25.243769199097173,55.304532051086426,43.37381625628524
25.237577730767597,55.30227899551392,105.3910573952775
25.23531165215543,55.30448913574219,44.629525604012365
25.239256639711215,55.30394196510315,200.6982503881229
25.239853471696293,55.29850244522095,244.60791679603875
25.24113931926594,55.30314266681671,234.32993903329702
25.239052842752415,55.30065894126892,96.42992052797824
25.241207250457336,55.304773449897766,146.30144050486615
25.240911264274317,55.30361473560333,218.0668322018337
25.238257060879135,55.298550724983215,76.83812651883777
25.24058131161412,55.29685020446777,174.01324715562703
25.23831528899775,55.29844880104065,77.2929393336243
25.23630640278654,55.30374884605408,83.06669305229676
25.238446302162643,55.30445158481598,98.6872473685339
25.23753891178943,55.30227899551392,101.77653847050045
25.237694187627795,55.30421555042267,111.07428641024187
25.237699039994553,55.30394732952118,140.00018198775118
25.235728963167432,55.30337870121002,72.10719466872919
25.241939934465226,55.29748320579529,191.95158344659026
25.23785431562837,55.30344307422638,192.84719041135335
25.236762529622197,55.30393123626709,100.95984642143966
25.241663358901775,55.297333002090454,193.7387512470971
25.24466683877874,55.30485928058624,99.49950848819023
25.239179002814836,55.29719889163971,104.85984452955321
25.23970305090313,55.29698431491852,131.72627151026194
25.240197983134024,55.30424237251282,216.22625264188278
25.24429807949581,55.30468225479126,67.53162870442571
25.242740544390173,55.30419945716858,59.64152046817804
25.242172839714655,55.299843549728394,182.1171990820914
25.24268717055928,55.304532051086426,22.66930747196778
25.24266776188767,55.300272703170776,148.9612878954975
25.237043968730788,55.301790833473206,29.713879123940366
25.240634686369873,55.30514359474182,158.41694685636108
25.240571607110567,55.30511140823364,155.66883401112386
25.23756317365222,55.30151188373566,74.28887168213525
25.24006697185727,55.29795527458191,234.29835190875016
25.241881708083113,55.30382931232453,123.34263541662351
25.23770389236111,55.30384004116058,151.60586484039985
25.236903249257963,55.30249893665314,82.02335580709737
25.238164866300963,55.2991247177124,70.33317752203608
25.23729629289484,55.30199468135834,62.907695952125295
25.242677466223853,55.301570892333984,161.2419046866024
25.2426629097193,55.29722571372986,143.6692553855656
25.243099604097893,55.30338406562805,83.15263058687194
25.237441864289693,55.30211269855499,83.11660688171816
25.24646695026551,55.30201613903046,46.87651164702422
25.23888786401166,55.30225217342377,50.145122455352805
25.243594522496537,55.30445694923401,50.87552879570292
25.238659804795446,55.297805070877075,117.00381640184628
25.238955796461457,55.30218780040741,48.78497347567766
25.247937102396097,55.30009567737579,160.02865580379793
25.245219975604822,55.30421555042267,91.09036393240693
25.24595748745614,55.3019517660141,102.03671207868857
25.24723356646733,55.29967188835144,79.82628379217766
25.24729664226857,55.29971480369568,86.6407279633528
25.245307312768247,55.30419945716858,94.21284679271298
25.24723356646733,55.29967725276947,80.39411463851766
25.246452394214913,55.30460178852081,216.31302045579008
25.246059380188896,55.30338406562805,133.092407487877
25.246268017422736,55.3018981218338,72.54350062585532
25.25199812326214,55.30243992805481,119.17573862519626
25.248441704967192,55.30315339565277,55.596718444076515
25.239285753534578,55.304794907569885,134.41440530536434
25.24530246070526,55.30397951602936,74.21786907306465
25.2547781703759,55.30421555042267,174.51429381461136
25.245481986906785,55.30317485332489,70.34726301077697
25.24534127720375,55.304054617881775,83.35186414267457
25.25476361532108,55.30417799949646,171.28972902952782
25.246728958878563,55.30025124549866,143.98267602255314
25.245661512843043,55.298776030540466,111.02260457821775
25.250780316440924,55.304521322250366,23.80000441453637
25.248781340133092,55.300567746162415,77.10134789524463
25.24583618647239,55.302305817604065,111.45669240653795
25.24796621413985,55.30011713504791,163.92806538054515
25.250295131039593,55.30493438243866,48.85366469258097
25.246379613935616,55.30194103717804,59.449988119899146
25.246258313373303,55.30135631561279,115.40195653996626
25.254870352349073,55.304043889045715,153.02593640275379
25.24723356646733,55.29967725276947,80.39411463851766
25.246510618406944,55.30328750610352,123.86789883691306
25.24595748745614,55.30136168003082,136.40361014177495
25.245229679737207,55.30445694923401,116.14856517029473
25.254647174819937,55.30460178852081,219.7219686920308
25.249513978472095,55.30101299285889,19.60669067402395
25.245904115038215,55.29920518398285,125.82131307685016
25.248169996150864,55.30021905899048,154.4210078959383
25.254627768058896,55.30485928058624,218.88793724053036
25.24512293423851,55.304805636405945,150.23207422207287
25.2464863583303,55.29940903186798,75.24506242291699
25.246277721471387,55.30359327793121,157.84785971553325
25.24576340582402,55.30217170715332,119.2519694249327
25.250101056336476,55.30132949352264,21.799225707528144
25.250523168419576,55.30438184738159,19.32225079470106
25.245176306999596,55.304054617881775,72.99187168826965
25.24578766604499,55.30361473560333,104.04584154842243
25.247704208194904,55.30461251735687,161.9885969674082
25.245622696446873,55.30346989631653,84.6244416464227
25.24653002646475,55.30063211917877,179.54006854146806
25.250222353062256,55.30419945716858,51.526411638408874
25.245108378026885,55.30474126338959,142.90910441802168
25.24596233949296,55.30337333679199,122.33108890557334
25.24572458946038,55.299087166786194,133.09536079583214
25.246321389680816,55.30438721179962,191.01836474480086
25.245350981326425,55.30384004116058,67.68745382642406
25.246758070911795,55.299827456474304,97.66594865497635
25.24507926559839,55.30443012714386,108.45327501997058
25.25218734314649,55.30259013175965,145.8506332597712
25.247277234333225,55.30397951602936,148.46039550073283
25.24723356646733,55.29967725276947,80.39411463851766
25.247325754165782,55.30262768268585,57.28668021203521
25.245481986906785,55.30375957489014,75.75374166279009
25.245540211563807,55.30291736125946,86.5000538816212
25.247883730847732,55.30298709869385,26.1227321965757
25.24641843008999,55.30198395252228,53.32078589944541
25.252022382238152,55.30243992805481,121.09610004410189
25.24645724623197,55.30034244060517,162.81784519142101
25.244763880509296,55.298341512680054,83.8011747623201
25.246258313373303,55.29936611652374,94.10801053955078
25.246728958878563,55.304070711135864,189.70193018766025
25.254802428796665,55.30462861061096,216.87227055207805
25.247636280635447,55.304832458496094,184.57040458539404
25.24563240054708,55.302831530570984,100.13875430660107
25.25275985279633,55.30289053916931,152.86995666613075
25.250804575660126,55.30465543270111,9.054649406619275
25.24746646157068,55.3034108877182,82.54595114832068
25.248058401282435,55.30011713504791,170.413769563558
25.252318341355277,55.30262231826782,158.9991009204162
25.248068105188096,55.303276777267456,63.47665138623851
25.24545287456779,55.30357718467712,66.68629657836054
25.25110538957574,55.30194640159607,32.92423784920783
25.245273348323263,55.304054617881775,78.73608524637638
25.251488683646983,55.3024560213089,90.37268361363425
25.25180405127972,55.30237019062042,98.94368659153336
25.24782550731372,55.302788615226746,3.259670190485263
25.246665882782622,55.30042290687561,164.13537685655956
25.251532349983435,55.30508995056152,19.63684580629589
25.24723356646733,55.29967188835144,79.82628379217766
25.24558873209004,55.30274033546448,101.84189600440908
25.249591608765684,55.301029086112976,17.661194525839612
25.24796621413985,55.30011713504791,163.92806538054515
25.246015711885335,55.30362010002136,129.2120505293428
25.25469569170899,55.30471444129944,229.5931349610987
25.245608140295104,55.299033522605896,136.00867747099647
25.245176306999596,55.304043889045715,71.94971486551226
25.24658339860775,55.30285835266113,76.20195565469103
25.247747875891633,55.304279923439026,134.04319219173993
25.25125094442876,55.3048700094223,15.05361156138506
25.24505985730886,55.304553508758545,121.42781667542015
25.24521512353836,55.30426383018494,95.71334646119517
25.25242993231062,55.3027081489563,173.5229968988807
25.245860446678833,55.30159771442413,128.51795846081617
25.25451132742752,55.30510067939758,193.26546132497347
25.246966706945894,55.30387759208679,156.4663155464228
25.251784644064415,55.302332639694214,94.3603801073987
25.245646956695936,55.302289724349976,132.28079624960034
25.254613212986072,55.304832458496094,218.76708611173558
25.245515951293427,55.30348598957062,72.77658140714951
25.24723356646733,55.29966652393341,79.25885831872854
25.24751983330232,55.3027617931366,33.852100866795695
25.24531216483105,55.298786759376526,130.94874125281402
25.24704919086055,55.30246138572693,35.677707531025945
25.245457726624775,55.303571820259094,67.12248290137148
25.24548683896259,55.303539633750916,69.87628619106897
25.247728468028345,55.304537415504456,154.18953904977215
25.254656878199313,55.30449450016022,208.27014990358683
25.246758070911795,55.30010640621185,127.58977501448835
25.24762172472492,55.3041672706604,139.19282093588893
25.245889558920155,55.30362546443939,115.40961207724288
25.246957002952257,55.304043889045715,172.08022797444696
25.251731274206392,55.302316546440125,89.24943902406832
25.25151779453971,55.30514895915985,24.703129245772658
25.24771391212886,55.30021905899048,157.22308521557764
25.248063253235344,55.303561091423035,73.24803384840166
25.24768965229248,55.30426383018494,138.30879327886032
25.249513978472095,55.3009968996048,18.22128539173676
25.246593102631223,55.30208587646485,30.87643967960415
25.246641622736988,55.30050873756409,174.02972251698904
25.249557645518337,55.301023721694946,18.18736648205742
25.2460787883188,55.30167281627655,103.77507139831431
25.248140884455935,55.30020296573639,158.09945313376497
25.249805091817297,55.30116319656372,38.140343482696004
25.249513978472095,55.3009968996048,18.22128539173676
25.24951883036688,55.30101835727692,19.767473886979595
25.24636020585379,55.30345380306244,146.78074305724334
25.246365057874556,55.30125439167023,119.30907462614906
25.254685988332724,55.30444622039795,202.08704171619232
25.251711866979463,55.302295088768005,86.04743352611779
25.25215338062486,55.302584767341614,142.73280311319903
25.25347306019573,55.30336260795593,142.16430651623355
25.245098673884826,55.29843807220459,88.95111017389046
25.25471024677192,55.30445694923401,202.19932941020866
25.246593102631223,55.299307107925415,58.94542329042147
25.25130916632115,55.302075147628784,44.419565901746296
25.24525394006473,55.30411899089813,83.50073501031396
25.247413089815595,55.30366837978363,110.778109368442
25.250828834874483,55.304548144340515,21.26142969805055
25.25219219493451,55.30259013175965,146.2400472001613
25.24750042540262,55.30010104179382,134.89766099888607
25.25428329753437,55.303818583488464,167.44492046203175
25.247747875891633,55.30446767807007,147.29878673507977
25.25488975907136,55.30437648296356,187.28005175811555
25.2467774789301,55.299843549728394,98.77514321511296
25.246801738948577,55.30390441417694,170.4502866498605
25.245981747638353,55.30189275741577,101.61933961340686
25.2502320567951,55.30515968799591,72.1252324264885
25.246646474746512,55.30211269855499,24.252370517880543
25.247117118748235,55.30239164829254,36.48405206565966
25.246699846838368,55.303781032562256,168.6884673582407
25.25310917939277,55.303046107292175,136.74615395710575
25.246879370975225,55.29991328716278,104.00863891798886
25.250843390400775,55.30202686786651,58.257556376434835
25.24796621413985,55.30011713504791,163.92806538054515
25.244836661756352,55.30494511127472,117.21445767673598
25.249038491841404,55.30071258544922,45.439781734736044
25.24660280665394,55.300776958465576,162.2964927297825
25.251629386230434,55.30225217342377,76.80644195617975
25.24545287456779,55.303587913513184,66.89339820862818
25.2447299159124,55.30487537384033,106.15704401896987
25.24640872605258,55.30359864234924,160.20318533984351
25.247582908954953,55.302654504776,29.25913923421839
25.249717757886984,55.30110955238342,28.372064762323493
25.24585074259683,55.303571820259094,110.42600047171352
25.254443403674344,55.30498802661896,194.26864086274117
25.24590896707717,55.301790833473206,113.47053515561008
25.24951883036688,55.30095934867859,14.899489128629405
25.254603509603243,55.30491828918457,213.64839790634625
25.249460607616456,55.3009432554245,17.914890963979534
25.24547228279455,55.30334115028381,68.09059543259951
25.246039972055925,55.30151724815369,117.93888386973872
25.245195715270498,55.30388295650482,58.370450806569444
25.24543346633793,55.30365765094757,66.67046221443742
25.24558388003828,55.303040742874146,85.2458975088926
25.246661030773893,55.299537777900696,72.81435850470254
25.250372760834026,55.30445158481598,20.005502063956058
25.245219975604822,55.30419945716858,89.48809573017135
25.246442690180203,55.303807854652405,179.41681363577743
25.246331093725217,55.30416190624237,180.04323810698807
25.245661512843043,55.30222535133362,130.44142578883051
25.24796621413985,55.30011177062988,163.47258027381315
25.24644754219763,55.30197858810425,50.84406420717769
25.254977089283273,55.30426383018494,172.62642426003333
25.25373990542512,55.303813219070435,174.57980062844246
25.251736126012617,55.302321910858154,90.05004573381177
25.24777698768071,55.30276715755463,5.378758998098051
25.24796621413985,55.30011177062988,163.47258027381315
25.246365057874556,55.30362546443939,164.52638818305022
25.24470565548025,55.3048700094223,103.57414324943842
25.246845406969683,55.29945194721222,55.05479235618594
25.248776488208833,55.300567746162415,77.61358728985745
25.245273348323263,55.30460715293884,133.465805536578
25.245477134850773,55.2989262342453,137.36029279769733
25.246743514896053,55.303786396980286,165.54212192870304
25.24639416999497,55.302080512046814,51.50689487561344
25.24624860932306,55.30362010002136,154.90227259675802
25.24723356646733,55.29967188835144,79.82628379217766
25.246816294957355,55.29960215091705,71.87098614780382
25.247189898585745,55.29964506626129,75.6154611827903
25.247364570017908,55.30398488044739,145.31932153275093
25.25019809372679,55.305036306381226,64.17487375988216
25.246258313373303,55.29926955699921,89.81943884078929
25.249513978472095,55.3009968996048,18.22128539173676
25.24796621413985,55.30011177062988,163.47258027381315
25.24640872605258,55.301034450531006,139.9340879460253
25.245976895602283,55.301828384399414,104.87886503654127
25.24579737013201,55.30249357223511,119.28226269660853
25.249513978472095,55.3009968996048,18.22128539173676
25.24905304758219,55.30350208282471,24.002440275552036
25.246413578071383,55.29939830303192,81.03823869583228
25.245481986906785,55.30314803123474,70.98702853881449
25.246442690180203,55.299312472343445,73.24399800384333
25.246859962973215,55.30392587184906,168.04290013960951
25.246185532977776,55.299280285835266,97.81886493900802
25.246001155780633,55.2989798784256,107.88554332854665
25.25502075436567,55.30417799949646,162.19878674479722
25.24796621413985,55.30011713504791,163.92806538054515
25.24505985730886,55.3048700094223,142.590226401438
25.247723616062046,55.304328203201294,139.40532650582716
25.24723356646733,55.29967725276947,80.39411463851766
25.24556447182935,55.30312657356262,80.4463220253159
25.247383977939307,55.30408143997192,154.70420889884736
25.24738882991916,55.303298234939575,76.94820235859522
25.24528305245137,55.304285287857056,101.15819679739433
25.245481986906785,55.29875993728638,125.16033404407358
25.2513285736124,55.30498266220093,10.313596887511546
25.245574175934195,55.298813581466675,120.9811269289851
25.24692789096669,55.30395269393921,165.71115962275792
25.249513978472095,55.3009968996048,18.22128539173676
25.24570032922682,55.30237555503845,127.303910450336
25.247083154809147,55.304059982299805,166.2006894942122
25.24790799064536,55.30285835266113,14.362004785589932
25.24678233093418,55.30385076999664,167.53774024444354
25.2462971295664,55.30100226402283,147.86835046615138
25.245904115038215,55.30211806297302,104.13119714345645
25.25150809090958,55.3050309419632,20.126547790498385
25.250251464258422,55.30140995979309,31.383152747777448
25.247088006801036,55.30392587184906,153.15781749806993
25.24678718293808,55.30389368534088,170.6503215535362
25.254846093941865,55.30440866947174,192.12025224706377
25.251852569304404,55.30238091945648,103.33778457621054
25.251061723085822,55.30216097831726,56.743067266934524
25.246743514896053,55.29947876930237,62.48738303905778
25.24929079110169,55.30084669589996,18.189998623606616
25.245515951293427,55.303051471710205,77.75569937521865
25.251833162096844,55.30237555503845,101.47654515943947
25.246350501811705,55.29917299747467,76.75454767935086
25.24997005573661,55.304043889045715,22.80142386550629
25.248106920803025,55.30297100543976,39.15504540492914
25.247238418453193,55.29966115951538,78.85855851524647
25.248412593337378,55.30314266681671,58.431776148806286
25.245743997643743,55.30192494392395,125.63637186253422
25.246491210346036,55.3021502494812,39.123534669565174
25.245287904515138,55.304532051086426,126.2676455318219
25.251731274206392,55.302316546440125,89.24943902406832
25.246413578071383,55.30087888240814,156.12400418828997
25.24796621413985,55.30011713504791,163.92806538054515
25.247325754165782,55.3025096654892,61.93556608442826
25.253443949771626,55.30364155769348,170.1122419193265
25.24723356646733,55.29967188835144,79.82628379217766
25.24723356646733,55.29967188835144,79.82628379217766
25.25445795876749,55.30396342277527,167.71693727155596
25.24679688694529,55.30219852924347,5.030237540041614
25.25308492063381,55.30344307422638,173.48819177089248
25.245515951293427,55.303555727005005,73.28189906041555
25.24645724623197,55.3020054101944,48.39791926042261
25.24570032922682,55.298797488212585,109.63412099865127
25.25374960887696,55.303528904914856,144.33841808354157
25.24704919086055,55.29958605766296,66.66937122238708
25.24583133443052,55.30362546443939,109.01596617832966
25.254647174819937,55.304821729660034,222.66884944409296
25.24829129480466,55.30026733875275,139.94141667081504
25.248068105188096,55.30318021774292,53.970048558915025
25.254026156928543,55.30372202396393,157.945826516473
25.24945090382201,55.30096471309662,20.199663650677696
25.25116361153789,55.30487537384033,12.453307064189005
25.245574175934195,55.29899060726166,134.8616101488714
25.247417941794296,55.30414581298828,158.4478279638782
25.246714402859325,55.29958605766296,74.52879680500077
25.251488683646983,55.30218780040741,62.71336866261464
25.25150323909422,55.30217170715332,61.86816079017035
25.245608140295104,55.3029066324234,93.6975918385218
25.246006007815737,55.30175864696503,105.48273256215035
25.246243757297663,55.3044730424881,189.15937056129383
25.246355353832868,55.29937148094177,84.91359442820384
25.24656399055847,55.30293345451355,84.75180467090905
25.24723356646733,55.29966652393341,79.25885831872854
25.246607658664985,55.303786396980286,175.68870616365928
25.24926167967531,55.300841331481934,21.01309603222852
25.24534127720375,55.30387759208679,69.41104810264054
25.246103048476783,55.30175864696503,96.20986478483617
25.249669239009677,55.30386686325073,5.707003505619274
25.246437838162535,55.30210196971893,46.174571168078025
25.254719950146253,55.304800271987915,230.960125925656
25.251838013899015,55.30237555503845,101.8277394246763
25.24665132675584,55.29959678649902,78.94808670644845
25.24767994835659,55.30468225479126,169.44617416348706
25.25489461075145,55.304317474365234,180.85332747408347
25.247597464870154,55.30498266220093,199.5917769882087
25.24951883036688,55.30101835727692,19.767473886979595
25.246345649790385,55.30059993267059,187.93347214131458
25.24526364419438,55.30409216880798,81.5646480663756
25.24521512353836,55.304296016693115,98.98057309331047
25.247592612898615,55.30419945716858,143.747920081279
25.24641843008999,55.30385076999664,177.82945061620603
25.246544582506075,55.29926955699921,61.07474314461088
25.245617844396477,55.30292272567749,93.84617238790905
25.250295131039593,55.30424773693085,42.32687558194988
25.246481506314424,55.300798416137695,162.67429161031365
25.251018056580193,55.30468225479126,16.798052370653785
25.250319390355685,55.3046178817749,23.279377721756596
25.24535583338748,55.30334651470184,55.19113298912291
25.24553050745624,55.303555727005005,74.886612101957
25.254467662161986,55.30488610267639,201.67440788134954
25.248048697375975,55.30365228652954,75.44594968822221
25.245981747638353,55.303308963775635,124.48013356671727
25.24521512353836,55.304521322250366,122.33034498093221
25.24954794173165,55.30100226402283,16.52456272867744
25.251789495868536,55.30235946178436,96.99928206796497
25.24665132675584,55.29995083808899,114.46917650767361
25.24638931797537,55.30049800872803,181.6566942551123
25.24665132675584,55.303781032562256,172.71314640200768
25.250692983211707,55.30194640159607,67.31430791966018
25.251115093238027,55.30474662780762,18.43226356857054
25.254593806219617,55.30400097370148,162.58138726692368
25.254608361294757,55.3046715259552,226.94197544994114
25.25458410283521,55.30488073825836,213.48751428156191
25.24798077000912,55.30011177062988,164.51933326419868
25.246680438807672,55.30039608478546,160.86235613283574
25.245515951293427,55.30348598957062,72.77658140714951
25.250697835059427,55.30449986457825,20.723312099865367
25.24573429355246,55.302273631095886,122.50482976245587
25.24723356646733,55.29967188835144,79.82628379217766
25.25135768454348,55.30198931694031,36.666541121977716
25.249523682261497,55.303775668144226,12.822612956812208
25.2468308509644,55.30392587184906,170.1205719811188
25.24723356646733,55.29967725276947,80.39411463851766
25.247655688513447,55.29992938041687,126.46886104135925
25.25341969107953,55.30334651470184,144.19197046513344
25.24660280665394,55.300809144973755,158.77080688880667
25.245195715270498,55.30460178852081,130.18598480254622
25.246544582506075,55.29937148094177,67.59784326509653
25.246990966926603,55.304038524627686,169.49945550742925
25.245161750794335,55.30411899089813,78.63187486658364
25.25142561002218,55.30495584011078,21.486673639273565
25.246442690180203,55.30200004577637,50.098045417768304
25.24723356646733,55.29967188835144,79.82628379217766
25.25151294272473,55.30221462249756,66.58443951968432
25.24591381911594,55.29893159866333,107.38896319972739
25.246510618406944,55.30471980571747,229.25386452195036
25.25451132742752,55.305025577545166,198.9258993023629
25.24796621413985,55.30011177062988,163.47258027381315
25.25318195564057,55.30317485332489,142.81457487590154
25.24644754219763,55.30093252658844,149.32216399120253
25.24615156877826,55.30289590358734,106.80364075894467
25.247092858792698,55.3035181760788,117.03477710050784
25.245292756578703,55.30423700809479,96.97109693186624
25.245443170453257,55.29863655567169,119.44378413707776
25.2479759180529,55.30400097370148,95.87143306104042
25.24674836690151,55.300133228302,130.73346763356258
25.245617844396477,55.30359327793121,85.0507902215833
25.244700803393243,55.3048700094223,103.04126073401109
25.246733810884592,55.299805998802185,96.23508096573356
25.24604967612281,55.30173182487488,102.81168229082539
25.245239383868793,55.298534631729126,101.86345371955959
25.24796621413985,55.30011177062988,163.47258027381315
25.2464863583303,55.29943585395813,77.13667147629901
25.245360685448347,55.29859900474548,112.36271500600125
25.249198604894247,55.303587913513184,33.73518830222165
25.24796621413985,55.30011713504791,163.92806538054515
25.254622916368177,55.304821729660034,220.26702691245606
25.24740338585761,55.30368983745575,113.39214958281158
25.254613212986072,55.304832458496094,218.76708611173558
25.24585074259683,55.30364155769348,111.42353862546847
25.24761687275435,55.304784178733826,182.38574280543665
25.246452394214913,55.30210733413696,44.45636517262223
25.24548683896259,55.30320703983307,70.27267196310127
25.249101566705576,55.303528904914856,26.284638566879288
25.251207277991156,55.30201077461243,36.73673270161781
25.24951883036688,55.30095934867859,14.899489128629405
25.24796621413985,55.30011713504791,163.92806538054515
25.246665882782622,55.30373275279999,168.00188538188095
25.246816294957355,55.30384004116058,164.0837248509679
25.246520322436226,55.301066637039185,132.7797575486534
25.25133342543475,55.30488610267639,16.899094678230007
25.246520322436226,55.30065894126892,176.82843454662157
25.245190863203064,55.30449986457825,119.22178929768187
25.24723356646733,55.29967188835144,79.82628379217766
25.253507022348415,55.30367910861969,170.46147709458052
25.250921019844867,55.301828384399414,38.82887018912236
25.254195966823616,55.30410826206207,198.55298203273037
25.24665617876495,55.30445694923401,227.03495004400966
25.254603509603243,55.30484318733215,217.26865726077997
25.24796621413985,55.30011177062988,163.47258027381315
25.246559138545635,55.3006374835968,178.3690840260546
25.24507926559839,55.304827094078064,145.30339052036783
25.252226157445293,55.302579402923584,148.18818535589568
25.25324017660742,55.303534269332886,172.86455073919467
25.249882721924862,55.30124366283417,32.81372514255727
25.246345649790385,55.304574966430664,204.96355443253367
25.24515689872553,55.30484855175018,153.557495359737
25.245365537508988,55.30422627925873,100.22416214168533
25.25477331869115,55.30446767807007,200.89159646954752
25.252803518675847,55.30292272567749,151.37227962154964
25.24723356646733,55.29967188835144,79.82628379217766
25.249513978472095,55.3009968996048,18.22128539173676
25.24531701689365,55.30415654182434,90.79505562247057
25.253992194921025,55.30400633811951,189.72864068170045
25.248286442860845,55.303067564964294,61.619575018351526
25.254598657911515,55.3040224313736,164.32396374707815
25.245448022510615,55.303013920784,72.46462713387031
25.253516725818855,55.30341625213623,144.48427242388837
25.24491914711699,55.30511677265167,126.2047910821654
25.248155440304274,55.30300319194794,45.608612870125995
25.245307312768247,55.30419945716858,94.21284679271298
25.25334206323224,55.30324995517731,140.5336474209638
25.250324242218312,55.30425846576691,39.50732189751732
25.245195715270498,55.30393660068512,63.07136458161915
25.24525394006473,55.3041136264801,82.99387197912944
25.254637471439807,55.304794907569885,223.06760168303688
25.246175828921736,55.30365228652954,147.29477342952183
25.251614830798346,55.30213415622711,65.36776925273574
25.24697155894242,55.302305817604065,17.731936175161827
25.246321389680816,55.30434429645538,188.54469619204932
25.246665882782622,55.30041217803955,162.9786454509022
25.25215823241425,55.30289590358734,169.12167975691708
25.24723356646733,55.29967725276947,80.39411463851766
25.248669745826163,55.30050337314606,91.1406145804071
25.251571164491523,55.30221462249756,69.77927504826836
25.254103784338596,55.303775668144226,163.04920219049393
25.252177639569837,55.302557945251465,142.6133791169264
25.246544582506075,55.30218780040741,32.619174526078424
25.246122456599707,55.301055908203125,151.6199179788091
25.24798077000912,55.30290126800537,23.414079878467057
25.247650836544224,55.30284762382507,21.65801315614036
25.250173834386487,55.30141532421112,30.343382029328897
25.249620720113,55.301061272621155,20.921126278113984
25.248480520462792,55.3003853559494,115.46568933349344
25.25156631267869,55.30506849288941,15.18900849943691
25.254438551976236,55.304290652275085,198.99571655583276
25.254860648986774,55.304322838783264,182.55645342827725
25.246588250619595,55.30289590358734,79.9034457980471
25.24723356646733,55.29967725276947,80.39411463851766
25.254622916368177,55.304821729660034,220.26702691245606
25.246413578071383,55.30044972896576,175.67538779845802
25.247723616062046,55.29996693134308,134.20677758566575
25.254622916368177,55.30397415161133,158.34787173315203
25.251716718786483,55.302327275276184,89.2225281494064
25.246568842571065,55.302831530570984,74.07637558460839
25.2495527936251,55.30100762844086,16.793876747199267
25.252687076295643,55.30321776866913,183.168517045903
25.25233289670311,55.302563309669495,156.0295431107667
25.25424448389292,55.30414581298828,198.27642704211476
25.24518601113543,55.30400097370148,68.39321807950282
25.25042127943034,55.30446231365204,15.077679235345952
25.24796621413985,55.30011713504791,163.92806538054515
25.24795165826885,55.30010640621185,161.97765874377885
25.24804384542246,55.303030014038086,38.657892955891086
25.248354370056788,55.30032098293304,131.14227211645192
25.249562497411404,55.301023721694946,17.984565193439035
25.24619038500549,55.30186593532562,81.81009125516958
25.24497251996756,55.30489683151245,132.65073679445638
25.249567349304257,55.301034450531006,18.921128885657062
25.24678233093418,55.30002057552338,117.70212342627663
25.24703463487968,55.299827456474304,93.38682710845627
25.24693274296476,55.302284359931946,12.821164635235782
25.24610790050781,55.29901206493378,100.87421856361168
25.24964497956377,55.30385076999664,3.0152157274033926
25.24657854659571,55.300567746162415,182.138322491257
25.24631653765833,55.30192494392395,66.3899837120808
25.24695215095514,55.30390441417694,159.81280547725265
25.247937102396097,55.30034244060517,174.02830818591374
25.24996035198285,55.3012490272522,25.169998834318843
25.254491920644767,55.305057764053345,194.90417079069144
25.251139352390386,55.304832458496094,12.824316266694188
25.24723356646733,55.29967725276947,80.39411463851766
25.249125826260027,55.303544998168945,27.733322814012592
25.247408237836694,55.302563309669495,51.09820384774491
25.244870626323404,55.30498266220093,120.8211279500561
25.245705181273937,55.30272424221039,113.37281767596801
25.250392168274885,55.304580330848694,14.418312311604748
25.253303249290013,55.303582549095154,172.974259227176
25.246758070911795,55.29944121837616,58.06153220259859
25.24894145352485,55.30067503452301,56.81199208761984
25.24954794173165,55.303791761398315,9.592374466446332
25.246559138545635,55.30469298362732,231.83503146099162
25.24591381911594,55.29891014099121,105.31861514330942
25.246379613935616,55.30340015888214,140.45003705668202
25.24742764575113,55.30362546443939,105.77335636465796
25.249513978472095,55.30100226402283,18.67552261436167
25.24632624170313,55.29914081096649,78.49368806104934
25.247917694563057,55.300079584121704,157.27906554709392
25.24800502978735,55.30291736125946,26.612422524880653
25.25458895452752,55.30486464500427,214.75887075854044
25.24607393628662,55.30160844326019,108.53403687529426
25.254758763635778,55.30451059341431,205.9215019077874
25.245540211563807,55.298802852630615,123.04854790784132
25.24870370932173,55.30051946640015,86.98858441438122
25.246903630973375,55.30397415161133,169.23456436942354
25.24671925486595,55.30215561389923,14.876387013210325
25.24702978288566,55.303791761398315,144.64587643422908
25.24553050745624,55.30316412448883,75.86193801622848
25.246840554968102,55.29987573623657,100.6329050923424
25.24723356646733,55.29967725276947,80.39411463851766
25.244744472169387,55.30475199222565,110.42472157465342
25.25390971572041,55.303587913513184,145.52125080185772
25.25478787374479,55.30444622039795,198.11141274007386
25.24723356646733,55.29967725276947,80.39411463851766
25.24967409089828,55.30110418796539,26.34140497372262
25.24553050745624,55.303555727005005,74.886612101957
25.248402889459214,55.30034244060517,125.25410962174372
25.24619038500549,55.30198931694031,76.17841403633726
25.246442690180203,55.30316412448883,113.52802978379391
25.24671925486595,55.30397415161133,182.33048309788316
25.24665132675584,55.3045266866684,230.37537876013957
25.252929664461742,55.30334115028381,174.56291571068107
25.247553797119338,55.304070711135864,141.29196451307797
25.24735971803706,55.30392587184906,139.40501065162124
25.24700067091753,55.30390441417694,156.60708258233086
25.24638931797537,55.29934465885162,80.16012889260779
25.25213882525553,55.302525758743286,137.02638818255727
25.24525394006473,55.30374884605408,53.03834918933121
25.249543089838,55.30100226402283,16.796939334446694
25.24678233093418,55.302327275276184,13.320482944599647
25.254952830897366,55.30421555042267,168.16986970301716
25.247544093172607,55.30417263507843,147.089946302754
25.24661736268652,55.30065894126892,175.00827663183784
25.24657854659571,55.30212879180908,30.395606562505808
25.24706859883233,55.30236482620239,30.33720344627647
25.24723356646733,55.29967188835144,79.82628379217766
25.246093344414177,55.301549434661865,111.13980832079942
25.251556609052457,55.30224680900574,72.02903221892528
25.244700803393243,55.3048700094223,103.04126073401109
25.24757320501051,55.3041672706604,143.94613815906303
25.249513978472095,55.30099153518677,17.775389168609948
25.24796621413985,55.30011713504791,163.92806538054515
25.245409206046247,55.30318558216095,62.19263973653307
25.246704698845548,55.30414044857025,197.38996274683396
25.24994094447301,55.301281213760376,28.831756414492762
25.24660280665394,55.300337076187134,156.80076737908087
25.25492372082789,55.304296016693115,177.64752512522452
25.25385149507447,55.303566455841064,144.80588756613528
25.245894410959707,55.30151188373566,130.84930851625828
25.251139352390386,55.30476272106171,19.146721832876484
25.250853094084007,55.304564237594604,20.293890033434373
25.247267530364383,55.30325531959534,82.81398813565926
25.25223586101808,55.302574038505554,148.5890955490849
25.244962815814674,55.30493974685669,131.2289343205768
25.252590040893523,55.30275106430054,159.9299517474836
25.2536089087494,55.30341625213623,139.3623278975843
25.246835702966337,55.2999883890152,113.0204446512561
25.246301981589696,55.29941439628601,92.43755688679484
25.24674836690151,55.29945194721222,59.62998372647968
25.24796621413985,55.30011713504791,163.92806538054515
25.24611275253862,55.30196785926819,85.09709045024469
25.24743249772925,55.302563309669495,48.67498229175866
25.254593806219617,55.30485928058624,215.5059991195788
25.24740338585761,55.29977917671203,97.93359987164798
25.24638931797537,55.30093252658844,151.31805627599152
25.24595748745614,55.30368447303772,123.92121795689009
25.248592114943506,55.30046045780182,100.87658392089398
25.246243757297663,55.30448377132416,189.85725930868742
25.245287904515138,55.30364155769348,50.81548453586347
25.245370389569473,55.30393123626709,75.74390223324669
25.248271887028196,55.30026733875275,141.9100024872971
25.246166124864928,55.30142605304718,115.37495758032097
25.254685988332724,55.304054617881775,162.6335050324059
25.245346129265172,55.304033160209656,81.89051937570775
25.246476654298306,55.303791761398315,178.9541528652653
25.254603509603243,55.30485391616821,216.73554926850778
25.249596460657383,55.303818583488464,3.459277879058661
25.247408237836694,55.302552580833435,51.61636703206895
25.250430983147297,55.30440330505371,19.59386651889969
25.25226497173172,55.30259549617767,152.58577134934993
25.25037761269455,55.301527976989746,49.13286278412177
25.24723356646733,55.29967188835144,79.82628379217766
25.254166856572752,55.304086804389954,197.25464257387478
25.245166602862952,55.30409753322601,76.72022450844106
25.24723356646733,55.29967725276947,80.39411463851766
25.24576340582402,55.29901742935181,124.2649506428782
25.24723356646733,55.29967188835144,79.82628379217766
25.25255122671099,55.30274033546448,163.12151802147085
25.251449869112538,55.30497193336487,23.75966359783061
25.24941208863646,55.30091643333435,15.176891563894648
25.253769015778317,55.303523540496826,143.0409592174984
25.250993797403623,55.30466616153717,17.888301830452317
25.245307312768247,55.30395805835724,72.81404941077383
25.24615156877826,55.3009968996048,155.63636560959944
25.24660280665394,55.299312472343445,58.45750710176245
25.245244235934308,55.30414044857025,84.99450981985326
25.24957220119694,55.303802490234375,6.688109386955617
25.247495573427216,55.299843549728394,109.01255585372905
25.251619682609217,55.30514359474182,17.125022081722
25.24584589055553,55.3018981218338,115.64166552584065
25.247092858792698,55.30344307422638,111.18512836623337
25.24591381911594,55.29918372631073,124.32280173911339
25.24610790050781,55.301088094711304,149.45450371900077
25.24952853415591,55.30095398426056,13.6943420496184
25.24558873209004,55.30299782752991,87.4566631668109
25.254991644312483,55.30425846576691,171.64732146055175
25.252556078484503,55.30267596244812,159.3596766283919
25.24685511097223,55.30003130435944,117.36383878640123
25.245307312768247,55.30418872833252,93.20255377388547
25.245743997643743,55.3026008605957,124.95116871139096
25.246132160659997,55.3031051158905,125.54587379298562
25.250450390578862,55.301570892333984,57.44022812684607
25.244894886722605,55.30515432357788,123.53453341931662
25.249717757886984,55.30389368534088,6.307294053234093
25.249513978472095,55.30097007751465,16.088895511423864
25.245331573080293,55.30344843864441,52.40727020339254
25.250644464723877,55.304521322250366,14.36600120368209
25.244749324254656,55.30488610267639,108.14002325798128
25.244909442959823,55.30515968799591,125.13504969843008
25.24583133443052,55.30237019062042,112.82404787147085
25.254749060264544,55.3044730424881,202.35597888639543
25.246355353832868,55.30409216880798,179.40609021269248
25.24783035927597,55.30398488044739,109.37936052870529
25.24555476772372,55.30314803123474,78.86251314874205
25.24585074259683,55.29915153980255,130.6714379881006
25.246845406969683,55.30236482620239,16.07534736070034
25.247612020783578,55.30016541481018,146.6335316235756
25.25242508053208,55.303062200546265,194.03093679543767
25.25417655999047,55.30376493930817,161.51352185978286
25.24559843619295,55.3024560213089,124.30540607934839
25.254690840020956,55.30466079711914,224.15372105134205
25.252177639569837,55.302557945251465,142.6133791169264
25.252526967840623,55.30275106430054,166.0566260821408
25.24674836690151,55.299537777900696,68.053616545221
25.246772626925814,55.30392050743103,173.939609550431
25.24796621413985,55.30011177062988,163.47258027381315
25.245710033320833,55.302799344062805,109.3704884871548
25.245350981326425,55.30401170253754,80.47674919618281
25.246437838162535,55.30210196971893,46.174571168078025
25.247990473920993,55.30392050743103,90.25893667748828
25.24576340582402,55.30253112316131,124.02646809483204
25.246146716748996,55.30297100543976,113.17722269578239
25.254618064677217,55.304832458496094,219.24755070799102
25.246743514896053,55.30400097370148,182.76376737216344
25.24668529081562,55.3041136264801,196.4665211943897
25.245195715270498,55.304821729660034,153.7387228752353
25.24796621413985,55.30011177062988,163.47258027381315
25.24727238234888,55.29967725276947,81.78985658052527
25.251474128198012,55.30498802661896,23.765284479694785
25.246568842571065,55.302069783210754,34.09823115864115
25.24861637459968,55.30326068401337,36.083872662476665
25.24631653765833,55.304558873176575,201.30352838943995
25.250998649239335,55.30188202857971,34.70916128528329
25.246525174450586,55.2994304895401,73.50277065941263
25.253870901959544,55.303582549095154,145.96845619562046
25.24646695026551,55.29923737049103,67.04427500978895
25.246399022014373,55.29918909072876,72.12084566480698
25.25265796568314,55.3028529882431,159.5267065227575
25.246311685635632,55.29934465885162,87.74596054634816
25.249499422786513,55.30097007751465,17.3205896855683
25.246335945747138,55.30349671840668,152.1967285926942
25.24624860932306,55.30446231365204,188.90549756673693
25.25079972381667,55.30175864696503,49.44398426528709
25.247971066096483,55.30010640621185,163.36685579866148
25.246743514896053,55.30216634273529,11.945826978288029
25.246379613935616,55.304027795791626,179.3438103696473
25.24525394006473,55.3041136264801,82.99387197912944
25.245991451709884,55.29922127723694,116.71052838974961
25.24623890527208,55.30187129974365,76.82912774856703
25.246758070911795,55.29939293861389,53.46662156538434
25.247971066096483,55.303802490234375,87.4494073919135
25.25025631612378,55.304805636405945,40.29280436707184
25.249557645518337,55.301023721694946,18.18736648205742
25.246627066707305,55.29999911785126,120.43603661366197
25.250877353288672,55.304580330848694,19.812109633412287
25.24548683896259,55.3032124042511,70.18936076463807
25.24680659095172,55.30390977859497,170.53739527874416
25.24503074486873,55.304789543151855,140.61827249073417
25.246103048476783,55.30370593070984,140.24171043318944
25.24563240054708,55.30357718467712,86.40250241743578
25.25401160178363,55.30365765094757,151.0768448956828
25.251852569304404,55.30238091945648,103.33778457621054
25.24678718293808,55.30384004116058,166.30510584920327
25.25072694614164,55.30449450016022,23.98776976333487
25.25091616800607,55.301823019981384,39.07460734262518
25.25219219493451,55.302552580833435,143.39643067267505
25.254234780480587,55.303797125816345,165.097972928875
25.245181159067613,55.304017066955566,69.63912743242835
25.25308492063381,55.3031051158905,143.43570413974626
25.246413578071383,55.30388832092285,178.32472408264823
25.24796621413985,55.30011713504791,163.92806538054515
25.25155175723904,55.30511677265167,19.519355910755298
25.247607168812635,55.30267596244812,25.865602431080212
25.25452103081774,55.30394196510315,161.64289963388617
25.24739368189884,55.30267596244812,48.73873059713804
25.24953823794415,55.30100226402283,17.081957241823762
25.250479501720378,55.30158162117005,60.270792548562575
25.245535359510143,55.30347526073456,74.92594384076784
25.248412593337378,55.30035853385925,123.57113809230313
25.24796621413985,55.30011713504791,163.92806538054515
25.251896235510017,55.30239164829254,107.46834668384308
25.246442690180203,55.30087888240814,155.1826132300578
25.254656878199313,55.304564237594604,215.4491552789915
25.25170216336484,55.30512750148773,13.689012229720229
25.246690142823397,55.304317474365234,213.95892260711918
25.25285688806278,55.30296564102173,150.1215901046224
25.24640387403356,55.30393123626709,178.56696318083817
25.246301981589696,55.304290652275085,183.69860531955078
25.25218734314649,55.302584767341614,145.4394051093639
25.254598657911515,55.30485391616821,216.25352691542307
25.245768257868605,55.303534269332886,100.9710720293345
25.246627066707305,55.29951632022858,72.99031183713801
25.250615353621896,55.301576256752014,69.78847331367136
25.24745675761696,55.30271887779236,41.0974766875813
25.247461609593913,55.30359864234924,101.51930844755421
25.253274138825176,55.30320167541504,139.617495519877
25.24723356646733,55.29967725276947,80.39411463851766
25.246670734791152,55.30212879180908,21.030250185001574
25.24706374683969,55.30373811721802,137.62940483806773
25.25085794592532,55.301785469055176,43.78479892576706
25.254681136644308,55.30469298362732,227.88056215356775
25.25032909408077,55.3014475107193,38.70891720646266
25.247757579822107,55.30440330505371,141.73353608661196
25.24607393628662,55.3037166595459,137.28946164778858
25.24525394006473,55.3041136264801,82.99387197912944
25.251158759708773,55.30221462249756,59.857405107102764
25.25265796568314,55.30275106430054,153.41570153702335
25.247248122424352,55.30323922634125,83.28131906594143
25.245511099238797,55.303539633750916,72.55668153784255
25.254676284955693,55.304070711135864,164.71617357511798
25.24530246070526,55.30446231365204,119.78271302118034
25.245515951293427,55.303335785865784,72.89025404569233
25.247937102396097,55.300052762031555,156.39280378514957
25.246869666974604,55.304017066955566,175.30823881541204
25.24538979780941,55.30385613441467,72.22359650407698
25.24953823794415,55.30100226402283,17.081957241823762
25.245642104646507,55.29895842075348,127.2005575868317
25.24742764575113,55.303308963775635,75.27616200562039
25.24665617876495,55.30044972896576,167.28343183972729
25.24625346134829,55.299312472343445,92.09048535280454
25.245481986906785,55.303298234939575,69.00100794948689
25.252167935992432,55.302584767341614,143.88691556600716
25.24492399919528,55.305073857307434,126.74144580105715
25.24750527737784,55.30261158943176,39.07111668125549
25.245894410959707,55.303587913513184,115.42772984425174
25.24587015076004,55.30197322368622,110.73057974935624
25.254880055710615,55.304027795791626,150.97091418760803
25.24679688694529,55.30223071575165,4.5634867333467515
25.254608361294757,55.30484318733215,217.74976435794616
25.24897541694446,55.30345916748047,21.690741763002123
25.246525174450586,55.30377030372619,175.49331204881634
25.252114566302765,55.30256867408752,138.42312062294923
25.25019809372679,55.30141532421112,30.594005938529858
25.248169996150864,55.30018150806427,156.15703370478704
25.246471802282016,55.30342698097229,139.93350965583627
25.24723356646733,55.29967188835144,79.82628379217766
25.246365057874556,55.30099153518677,146.0898293880125
25.253380877162087,55.3036093711853,170.65581697982032
25.249533386050143,55.30098080635071,15.467532763021334
25.25484124225983,55.30420482158661,170.87955288987942
25.246801738948577,55.29992938041687,107.35369809652695
25.246835702966337,55.30394196510315,171.13823420144254
25.24798077000912,55.30292272567749,25.079506007247847
25.24657854659571,55.299285650253296,58.864546707783425
25.25065416842301,55.30445158481598,18.886148117132482
25.24632624170313,55.304285287857056,185.76107363051932
25.249543089838,55.30099153518677,15.790075559701549
25.2494751633067,55.30374884605408,18.96959519662356
25.2495527936251,55.30101299285889,17.326639735222688
25.249067603321237,55.30075550079346,41.643576583553624
25.24671925486595,55.29949486255646,65.37188897908132
25.254603509603243,55.30484855175018,217.00145002080424
25.2460787883188,55.303062200546265,125.73924232206521
25.250275723583243,55.30173182487488,66.67832149054173
25.24661251067586,55.29967188835144,88.31597250281628
25.251847717502784,55.30238091945648,102.98329094468752
25.24801958565196,55.30372738838196,80.07682221049178
25.252294082438397,55.30260622501373,155.79598431508018
25.24723356646733,55.29967725276947,80.39411463851766
25.246156420807353,55.30142605304718,116.0727443124259
25.246636770727292,55.304574966430664,231.75306455114574
25.245239383868793,55.30473053455353,145.26720181192326
25.25218734314649,55.30259013175965,145.8506332597712
25.24902878801322,55.30070185661316,46.71605729787639
25.248514484011253,55.30320167541504,46.76905075062241
25.247141378698927,55.30328750610352,95.87899265999737
25.249562497411404,55.301023721694946,17.984565193439035
25.24657854659571,55.30376493930817,173.835566248592
25.248592114943506,55.30324459075928,38.70485913777211
25.246044824089463,55.30166745185852,107.19370488703666
25.246699846838368,55.29985427856445,102.54621042064333
25.24723356646733,55.29967188835144,79.82628379217766
25.250392168274885,55.30450522899628,15.236348567419054
25.254846093941865,55.30433893203735,184.75834834707837
25.245612992345897,55.303046107292175,88.1059933143015
25.246301981589696,55.301318764686584,116.34255286525334
25.2450258927947,55.30485928058624,138.97522864076424
25.245671216940153,55.30273497104645,109.59104152103662
25.24723356646733,55.29967188835144,79.82628379217766
25.25125094442876,55.30202686786651,38.38563907710995
25.254622916368177,55.304821729660034,220.26702691245606
25.24563725259688,55.303582549095154,87.01418900167316
25.24528305245137,55.304038524627686,77.9344321990371
25.245137490448418,55.30469298362732,138.33682641195887
25.24598659967421,55.301291942596436,139.71782138726397
25.24641843008999,55.30395805835724,180.9721140532314
25.25454043759582,55.30497193336487,204.813163592912
25.24723356646733,55.29967725276947,80.39411463851766
25.248038993468725,55.30012786388397,170.12240355015356
25.254647174819937,55.304773449897766,225.12933277322963
25.2459526354191,55.29911398887634,118.91544114522851
25.25000401886865,55.30132949352264,27.077032391425202
25.254671433266893,55.30394732952118,153.01954445228188
25.24540435398731,55.30367374420166,64.1772739136107
25.24656399055847,55.29945194721222,72.05532007122105
25.24548683896259,55.30319631099701,70.45409791123852
25.245190863203064,55.3039687871933,65.68683570678702
25.246636770727292,55.29975235462189,94.89305633875519
25.250998649239335,55.30211806297302,55.3063065021351
25.246432986144683,55.2993768453598,77.91929664266173
25.24796621413985,55.30011177062988,163.47258027381315
25.250552279543655,55.30446767807007,10.436155317797398
25.24969349845074,55.30111491680145,28.040865046821907
25.246622214697013,55.30462324619293,233.25696270812804
25.25455984437083,55.304784178733826,216.03564620564828
25.246699846838368,55.29951632022858,68.51829342835838
25.24645724623197,55.30198395252228,49.61491618734494
25.246437838162535,55.30082523822784,161.05176373225726
25.24796621413985,55.30011713504791,163.92806538054515
25.252143677045495,55.30244529247284,131.4894463970376
25.245414058104956,55.30375957489014,68.95602839789007
25.24658339860775,55.3046715259552,232.66603510866332
25.246670734791152,55.30419409275055,204.39109582309973
25.244744472169387,55.298523902893066,103.5724850216099
25.2547781703759,55.30460715293884,215.4013281906812
25.245515951293427,55.30271351337433,97.51069590545957
25.24661736268652,55.299301743507385,56.45142896127822
25.24530246070526,55.303571820259094,50.168511577015956
25.24796621413985,55.30011713504791,163.92806538054515
25.248281590916804,55.300278067588806,140.4455821112671
25.254622916368177,55.30493974685669,214.47075429577086
25.24751012935286,55.30415117740631,149.4063524702617
25.245448022510615,55.30362010002136,67.11322780545133
25.24723356646733,55.29967188835144,79.82628379217766
25.2513285736124,55.30237019062042,77.12154521849104
25.246966706945894,55.30388832092285,157.41280582531988
25.246141864719533,55.301823019981384,88.83693749356028
25.246141864719533,55.30303537845611,118.88566291409374
25.25187197650884,55.30239164829254,105.65720794231683
25.24723356646733,55.29967725276947,80.39411463851766
25.252177639569837,55.302552580833435,142.20774934496953
25.246762922916673,55.300079584121704,124.56771810369747
25.24558388003828,55.30316412448883,81.67936930190108
25.254467662161986,55.30394732952118,165.64284775729942
25.24625346134829,55.29909789562225,85.57723048656916
25.24532186895607,55.30349671840668,51.27044085984345
25.24796621413985,55.30011713504791,163.92806538054515
25.246884222975257,55.299784541130066,89.80603753459275
25.246292277542963,55.2991247177124,81.8226952884085
25.24815058835503,55.30047118663788,147.43958916583952
25.254453107069963,55.30513286590576,186.0757571436512
25.247927398479945,55.30387222766876,94.56990945958252
25.250173834386487,55.30511677265167,73.14588509152529
25.24550624718393,55.3034645318985,71.70927507155902
25.246597954642652,55.300530195236206,177.5491233768263
25.24767994835659,55.30415117740631,132.67114781006993
25.24679688694529,55.29995620250702,110.37632302852026
25.24645724623197,55.2994841337204,83.09155187338727
25.25382238474104,55.30360400676727,149.70348214237669
25.24723356646733,55.29967725276947,80.39411463851766
25.245705181273937,55.302836894989014,106.84721313915513
25.246015711885335,55.29920518398285,113.69228918170737
25.244710507567063,55.3048700094223,104.10708439905592
25.246670734791152,55.29935538768768,56.12094669510793
25.25217278778123,55.302584767341614,144.27358869858517
25.246093344414177,55.30111491680145,147.855365985893
25.245292756578703,55.29887795448303,140.37136197882384
25.254132894604595,55.304070711135864,195.5820000918949
25.252182491358255,55.30259013175965,145.4621706953311
25.254914017469872,55.30421018600464,168.84054014775154
25.245579027986334,55.30249893665314,119.31263551966104
25.24548683896259,55.30319631099701,70.45409791123852
25.246699846838368,55.300337076187134,153.99253991889702
25.247194750573357,55.30243992805481,46.63143802832641
25.24607393628662,55.30115246772766,145.65678349270127
25.2454383183957,55.30307292938232,68.85652565864825
25.252667669221424,55.302810072898865,155.98086478751284
25.24706859883233,55.30235409736633,29.724500527967635
25.246059380188896,55.30149042606354,118.35003667170125
25.246423282108424,55.30382931232453,177.81566747893487
25.25475391195026,55.30393123626709,147.00247972617342
25.25357494662525,55.30337870121002,137.57522040422106
25.254826687212613,55.30448913574219,201.28585515184017
25.24555476772372,55.30314803123474,78.86251314874205
25.252352303830804,55.30263841152191,163.0187584301317
25.250295131039593,55.30469834804535,29.523740480917226
25.246544582506075,55.3046178817749,225.7466757965408
25.24723356646733,55.29967725276947,80.39411463851766
25.247995325876644,55.30011713504791,166.0249517165402
25.245972043566056,55.30191957950592,101.6094337789127
25.24640387403356,55.30094861984253,149.10339519065144
25.24862607846076,55.30046582221985,97.14383227362585
25.24693274296476,55.29987037181854,98.56575920332014
25.254346369675304,55.30423700809479,199.58056291945854
25.24632624170313,55.30101299285889,145.49175886771698
25.244826957592608,55.30493438243866,116.21334754294966
25.24520056733776,55.30444085597992,113.36188429457167
25.252182491358255,55.30259013175965,145.4621706953311
25.250018574493765,55.30123829841614,19.01205224376137
25.2470055229127,55.30382931232453,149.59188454203
25.247917694563057,55.3028529882431,14.648421154361964
25.25219219493451,55.30259013175965,146.2400472001613
25.246350501811705,55.30097544193268,148.33905099674755
25.250474649863932,55.30435502529144,22.850684400719338
25.2454383183957,55.30361473560333,65.92705130004535
25.24671925486595,55.2993768453598,54.462802004917634
25.24730149425191,55.30249357223511,59.85518948794512
25.24628257349545,55.30434429645538,184.85176660183916
25.24764598457483,55.30412435531616,134.5813833109377
25.25320621438013,55.30318558216095,142.23793036168632
25.245360685448347,55.29869019985199,122.00620110164267
25.254724801833103,55.30459105968475,215.59769015852532
25.247092858792698,55.30238091945648,33.56751587202871
25.24514719458736,55.30419945716858,86.18827073147645
25.246622214697013,55.30216097831726,24.695373018502067
25.24723356646733,55.29967188835144,79.82628379217766
25.251731274206392,55.302305817604065,88.31154308567784
25.249819647466257,55.30143678188324,49.99302123163528
25.247757579822107,55.30419945716858,128.07482502367876
25.24498222411971,55.30484318733215,134.38928883313443
25.2541620048636,55.30375957489014,160.955557085907
25.244710507567063,55.3048700094223,104.10708439905592
25.24735001407481,55.30400097370148,147.56229064238207
25.24608364035079,55.3016996383667,101.61677222825269
25.247869174966866,55.300047397613525,151.10811812249455
25.245161750794335,55.29873847961426,122.80338812385655
25.247020078897062,55.30233800411224,24.19391454475084
25.245268496258944,55.304076075553894,80.37969369042081
25.24543346633793,55.30395805835724,82.9904473766971
25.253967936338427,55.30363082885742,148.90155533150343
25.25447251385891,55.30488610267639,202.15245773222063
25.249513978472095,55.3009968996048,18.22128539173676
25.25213882525553,55.302579402923584,141.16658507032653
25.245884706880403,55.30217707157135,105.77439991809355
25.25447251385891,55.30509531497955,190.4833267435187
25.246471802282016,55.303051471710205,100.76042415864379
25.24883956320906,55.30060529708862,69.69274815351045
25.25108598224881,55.30473589897156,16.357173931483885
25.247461609593913,55.30412971973419,153.29288983248622
25.250397020134617,55.30443012714386,19.50462042032027
25.24565180874515,55.299038887023926,133.448690899335
25.24521512353836,55.30423164367676,92.46871869292511
25.251862272907005,55.30238628387451,104.49668394860588
25.24550624718393,55.30274569988251,94.34889205861246
25.246728958878563,55.29940366744995,56.24318324901628
25.246670734791152,55.29933393001557,54.40673139431533
25.2486745977547,55.30076622962952,85.17572659450327
25.249513978472095,55.30098080635071,16.911246693099322
25.247447053662455,55.303566455841064,98.92454483821598
25.24796621413985,55.30011177062988,163.47258027381315
25.247582908954953,55.29989182949066,118.56517737625107
25.245326721018287,55.30412435531616,88.47947307449594
25.25048920543267,55.30438184738159,19.61362401189737
25.246379613935616,55.301029086112976,141.6195018183731
25.246767774921334,55.30003130435944,119.2274230852006
25.24796621413985,55.30011713504791,163.92806538054515
25.254991644312483,55.30415117740631,160.12813856506708
25.25478787374479,55.30423700809479,176.32479794883434
25.25447251385891,55.30515968799591,185.69646141642417
25.24740338585761,55.30411899089813,158.01278501298904
25.24585074259683,55.302053689956665,110.98675705002908
25.254734505206272,55.30433893203735,189.02767941763588
25.24657854659571,55.30459105968475,227.24606868925275
25.24800988174242,55.30303537845611,36.89799548675751
25.246690142823397,55.30036926269531,157.71693104682407
25.24723356646733,55.29967725276947,80.39411463851766
25.24471535965368,55.3048700094223,104.6400832858669
25.24820881173328,55.303030014038086,52.155441791292404
25.24622434919412,55.300830602645874,168.5622837761257
25.251445017294856,55.305063128471375,23.824050533875354
25.253099475889755,55.30311584472656,143.28716652142012
25.24491914711699,55.30515432357788,126.22645477140551
25.244899738801877,55.304816365242,125.78292348567362
25.244991928271062,55.304811000823975,135.9768384341813
25.2462874255193,55.30448913574219,194.14230095158905
25.246001155780633,55.303539633750916,126.81396769357127
25.25390971572041,55.30359864234924,146.68224515837434
25.24793225043813,55.300058126449585,156.49355742307438
25.252182491358255,55.30259013175965,145.4621706953311
25.24580222217523,55.29884576797485,106.27785326495061
25.249513978472095,55.30099153518677,17.775389168609948
25.24723356646733,55.29967188835144,79.82628379217766
25.25136253636464,55.30493974685669,15.569734807709446
25.245972043566056,55.3036093711853,124.25709679366228
25.25064931657353,55.30167818069458,65.38857893038926
25.252240712804166,55.30294418334961,178.96727660950668
25.250319390355685,55.30148506164551,41.94055088007945
25.245307312768247,55.30419409275055,93.70716997220754
25.252182491358255,55.30259013175965,145.4621706953311
25.24553050745624,55.30319094657898,75.33425294862575
25.25452103081774,55.30397415161133,164.5577220665799
25.24660280665394,55.300047397613525,126.40580472635602
25.25247359830871,55.30271351337433,169.41454177598416
25.247121970738743,55.30250430107117,44.688034760102
25.246243757297663,55.30199468135834,70.4138195375444
25.250057389485537,55.3015923500061,51.248908487165636
25.248169996150864,55.3001868724823,155.9033909476763
25.251857421105797,55.30238091945648,103.6938633533036
25.24864548618068,55.303271412849426,34.00229841243741
25.247558649092426,55.30263841152191,32.44510282549413
25.245176306999596,55.304564237594604,125.5788920088944
25.24856300334973,55.3004390001297,104.74845749607134
25.247883730847732,55.30284225940704,11.299434132267905
25.2460787883188,55.30164062976837,105.90673102040203
25.252526967840623,55.30268132686615,162.5232948182777
25.245477134850773,55.303550362586975,68.93317398126008
25.24692789096669,55.30395805835724,166.18755472042403
25.252788963384404,55.3029066324234,151.46801900638258
25.24621949716776,55.30268132686615,85.50981001423527
25.24687451897502,55.29973089694977,84.13189606351882
25.246942446960347,55.303915143013,161.41294844543614
25.25181860668917,55.30236482620239,99.52204440342483
25.25490431411106,55.304553508758545,205.77862341672173
25.251891383710188,55.30239164829254,107.1031531378408
25.25488975907136,55.30423164367676,171.93081513075106
25.24546743073816,55.30338406562805,67.38674511304747
25.24554991567061,55.30287981033325,89.53105911838485
25.250756057216904,55.304564237594604,19.36916754451605
25.254302704350465,55.30417263507843,196.6340381918324
25.247665392451268,55.3027081489563,18.58107246404908
25.246699846838368,55.304038524627686,189.09255214662045
25.246631918717384,55.300540924072266,177.7564253711838
25.249533386050143,55.30100762844086,17.874520299383033
25.246292277542963,55.3011953830719,128.8140931234581
25.24748101749981,55.30259549617767,42.267809825305825
25.246515470421684,55.302042961120605,40.72263602206603
25.24555961977663,55.302836894989014,92.98957353952785
25.247592612898615,55.30486464500427,190.52690643251975
25.245714885367533,55.3036093711853,95.96861413821182
25.24572458946038,55.298802852630615,108.21382223939824
25.24796621413985,55.30011177062988,163.47258027381315
25.24750527737784,55.30340015888214,79.49082183599891
25.25218734314649,55.30259013175965,145.8506332597712
25.246661030773893,55.30032098293304,153.3052337824462
25.24657369458349,55.30086278915405,153.4811325813354
25.25407952577828,55.304049253463745,193.53067939425296
25.253793274400635,55.303528904914856,142.7213963975008
25.245360685448347,55.30397951602936,78.64084093146184
25.24549654307364,55.303550362586975,71.07321933999316
25.251901087309705,55.30239164829254,107.83499309251302
25.247447053662455,55.303582549095154,100.54534932007279
25.25379812612452,55.3035181760788,141.42104535213826
25.251823458491913,55.30236482620239,99.87139937093693
25.244890034643163,55.30517041683197,122.96013656838339
25.24640387403356,55.30121147632599,121.84524418073568
25.251959308890477,55.30240774154663,113.6037655683366
25.250819131189317,55.3046178817749,13.476203243544251
25.254928572506643,55.30425310134888,172.92495350328798
25.24674836690151,55.303786396980286,165.15205955600317
25.253065513623156,55.30307292938232,142.21071245751043
25.24602541595415,55.299065709114075,110.34188700858842
25.25208060376079,55.30284225940704,159.20632783191868
25.248849267052336,55.30338406562805,20.78283857178192
25.250173834386487,55.30137777328491,26.181052860776717
25.246039972055925,55.30344307422638,130.99444160991598
25.246898778974128,55.29994010925293,106.66995534048557
25.24556447182935,55.30346989631653,78.1618956418642
25.246559138545635,55.302804708480835,71.81475990559807
25.24500648449664,55.29848635196686,94.14519096828039
25.25410863605009,55.30372202396393,157.07199533740175
25.245350981326425,55.29891550540924,145.85079483147933
25.24553050745624,55.30300319194794,81.27746743420298
25.24952853415591,55.30096471309662,14.50579111749189
25.247607168812635,55.30409753322601,137.12021168938512
25.246694994830975,55.30213952064514,18.098894891911826
25.244953111660976,55.30490219593048,130.4519530547472
25.249557645518337,55.30101835727692,17.640405508857373
25.24748101749981,55.3033572435379,76.56357141763327
25.250576538808403,55.30440866947174,17.51519347524007
25.24692303896842,55.302273631095886,11.271106209020369
25.25059109436492,55.30190885066986,76.16141683691045
25.24762657669528,55.30418336391449,139.58579281430949
25.245239383868793,55.30415117740631,85.76152173173881
25.254593806219617,55.30493438243866,211.9259004834685
25.2455935841416,55.30320703983307,82.01554685166246
25.252687076295643,55.302831530570984,155.51490774455038
25.25218734314649,55.30259013175965,145.8506332597712
25.245258792129675,55.3037166595459,51.558597427697975
25.24796621413985,55.30011177062988,163.47258027381315
25.245942931344487,55.30187666416168,106.28193521709474
25.25218734314649,55.30259013175965,145.8506332597712
25.246772626925814,55.29941439628601,54.674776206438644
25.254637471439807,55.30497193336487,213.234344759448
25.2479759180529,55.30010640621185,163.71674241066373
25.24525394006473,55.3046715259552,139.5084159212382
25.25140135092701,55.30213415622711,53.42461570207988
25.24777213571636,55.30420482158661,127.05632299373342
25.246636770727292,55.29961824417114,81.82165918766724
25.24952853415591,55.30095934867859,14.093329233283066
25.246772626925814,55.300047397613525,120.844311915913
25.25335176671588,55.30321776866913,136.8733478238408
25.24843200109136,55.30036926269531,121.12587575581173
25.254297852646744,55.30382931232453,168.1897615950227
25.253371173680776,55.303292870521545,142.90572697841725
25.246607658664985,55.300562381744385,180.7265163572045
25.25405526721312,55.304027795791626,191.36657098012842
25.24632624170313,55.30111491680145,135.14304927791073
25.246500914376867,55.302069783210754,40.83895670992261
25.24657369458349,55.299553871154785,79.88995125391394
25.246646474746512,55.29942512512207,63.6987762232296
25.24472021174013,55.30487537384033,105.08992958284578
25.24796621413985,55.303013920784,32.333660394877434
25.24558873209004,55.303314328193665,80.86942674806195
25.246607658664985,55.300562381744385,180.7265163572045
25.24602541595415,55.29927492141723,114.55930667994399
25.245491691018216,55.30324995517731,70.28287445597711
25.247044338867127,55.2996289730072,71.400816342702
25.247694504260153,55.30418872833252,133.36911069810208
25.24793225043813,55.30286908149719,17.054904985104752
25.246675586799498,55.30218243598938,18.36457355406916
25.245972043566056,55.30188202857971,103.05380551569222
25.245816778303748,55.30235946178436,114.25522659036551
25.252182491358255,55.302579402923584,144.6387876694781
25.248334962290382,55.300310254096985,133.59092480736896
25.244914295038495,55.305079221725464,125.65482318579822
25.24546743073816,55.303550362586975,67.86348973401859
25.247345162093396,55.30324459075928,75.74054249457716
25.251867124708028,55.30238628387451,104.85435933110708
25.24846596465341,55.30316948890686,52.62027520667464
25.24621949716776,55.301297307014465,123.24173922832586
25.24723356646733,55.29967188835144,79.82628379217766
25.246515470421684,55.299521684646606,81.37475846333646
25.248087512997103,55.303282141685486,64.95423987392971
25.24767994835659,55.30271887779236,16.691219117830506
25.245021040720474,55.30485391616821,138.51117953465112
25.251314018144257,55.30491292476654,13.229578304402308
25.25436577648132,55.30387759208679,166.8855820978907
25.254826687212613,55.30416190624237,166.99188399723852
25.246670734791152,55.30439257621765,221.98859504702511
25.24625346134829,55.300782322883606,172.2395160749364
25.244894886722605,55.30515432357788,123.53453341931662
25.2464863583303,55.30275642871857,71.08960084513194
25.251445017294856,55.30498802661896,23.01277493468921
25.246554286532657,55.30014395713806,138.35255919494526
25.248926897770673,55.30342698097229,20.102655768285057
25.245409206046247,55.304054617881775,88.37081683089515
25.245181159067613,55.29870629310608,119.51629429652726
25.24723356646733,55.29967725276947,80.39411463851766
25.24793225043813,55.30412971973419,107.69184210201236
25.25316254864542,55.30349671840668,174.12662436298237
25.246665882782622,55.2994841337204,67.57398667356428
25.24723356646733,55.29966652393341,79.25885831872854
25.25299758906145,55.30303537845611,144.49413738085315
25.252182491358255,55.30259013175965,145.4621706953311
25.24593807930688,55.3020054101944,102.55300586081493
25.245612992345897,55.30357718467712,84.26623254958764
25.245287904515138,55.304017066955566,76.37962758170109
25.254884907391087,55.30444622039795,194.86065368296005
25.245705181273937,55.302836894989014,106.84721313915513
25.245515951293427,55.30348598957062,72.77658140714951
25.245991451709884,55.29925346374512,117.56043173287108
25.25140135092701,55.30493974685669,19.486319769988494
25.24782550731372,55.30028343200683,169.69794001441724
25.24888323049771,55.30087888240814,62.90480993544824
25.249722609773656,55.3011417388916,31.895565423365795
25.25478787374479,55.304269194602966,179.6531704158397
25.245807074218263,55.29894232749939,114.64370084585674
25.24723356646733,55.29967725276947,80.39411463851766
25.245622696446873,55.30262768268585,112.69745365406426
25.246098196445587,55.30324995517731,137.50478766456268
25.24625346134829,55.29919981956482,87.92985924177466
25.248068105188096,55.30309975147247,46.452570624513214
25.248082661045142,55.3029602766037,36.2925459536105
25.251939901699984,55.30275642871857,142.49818273310163
25.245307312768247,55.30418872833252,93.20255377388547
25.24548683896259,55.30319094657898,70.55217459337453
25.246792034941777,55.29987037181854,101.23691773673691
25.247340310111795,55.302520394325256,59.958782835758555
25.254574399450036,55.30490756034851,211.22601210592296
25.249557645518337,55.301023721694946,18.18736648205742
25.24788858280766,55.30417263507843,114.40732213050589
25.248082661045142,55.30319094657898,55.81540631320271
25.250848242242498,55.30170500278473,43.386912773351526
25.24498222411971,55.30485391616821,134.23526772822157
25.24548683896259,55.30313193798065,71.94814185726189
25.25110538957574,55.30218780040741,58.129907902383515
25.254802428796665,55.30449450016022,202.67569675270846
25.246845406969683,55.30223071575165,1.5131771908551455
25.248664893897455,55.30050337314606,91.64717745810317
25.25478787374479,55.30421018600464,173.5585756432552
25.252381414516535,55.30265986919403,167.02209673976594
25.25056198325015,55.30160844326019,68.29476399988552
25.24820881173328,55.30023515224457,149.7582602467296
25.249329606325983,55.30088424682617,16.77445753244902
25.24653002646475,55.30316412448883,110.15778197052026
25.246379613935616,55.3041136264801,182.80591088808822
25.24568577308436,55.30261158943176,119.179635244231
25.24713652670917,55.304076075553894,164.92842560598297
25.252604596208784,55.30316412448883,185.64565351526232
25.253002440817113,55.303056836128235,145.77770777989463
25.25036305711245,55.3047251701355,25.603913424003736
25.245423762221833,55.30363619327545,64.95919200141977
25.25427359412518,55.30386686325073,172.813712447569
25.254399738384365,55.30388295650482,164.84002015572673
25.245520803347915,55.30322849750519,73.7173192323928
25.254390034984453,55.30426383018494,199.34732366690065
25.251876828309463,55.30239164829254,106.0164394909809
25.248795895904692,55.3033572435379,23.441738429209117
25.246821146959903,55.30221462249756,1.8313775259644316
25.247534389225063,55.30510067939758,214.01012501894505
25.24802443760645,55.300133228302,169.49535512252183
25.247728468028345,55.30439257621765,143.42940993378372
25.2462971295664,55.30445694923401,192.98799099390808
25.24796621413985,55.30011713504791,163.92806538054515
25.246093344414177,55.299312472343445,108.65746392069963
25.24645724623197,55.300776958465576,165.65017039911513
25.24608849238257,55.299028158187866,103.09266336209707
25.247835211238012,55.30419945716858,120.95601886925671
25.25042127943034,55.304322838783264,28.082541779171063
25.24639416999497,55.304054617881775,181.89026170593402
25.2477672837518,55.30291736125946,18.6745925458877
25.246437838162535,55.301045179367065,137.7422185058796
25.251061723085822,55.30471980571747,15.604316015901546
25.24631653765833,55.303528904914856,156.31096178946692
25.24553050745624,55.303561091423035,74.95762741547426
25.24578766604499,55.30247747898102,119.88638933569578
25.248475668526524,55.30037999153137,116.19146895960647
25.252410525195316,55.30267596244812,170.64006690075428
25.245826482388463,55.29887795448303,107.54586697031483
25.24721901050853,55.30325531959534,86.91055545604445
25.24645724623197,55.30199468135834,48.99572434188683
25.245947783381908,55.30344843864441,120.74873702504371
25.247582908954953,55.305063128471375,207.32268059326051
25.246481506314424,55.300294160842896,156.8375842195473
25.24642813412667,55.303834676742554,178.4723421892682
25.247665392451268,55.30464470386505,167.55556082755993
25.247728468028345,55.30274033546448,10.896809903197562
25.24678718293808,55.2999883890152,114.09894679016702
25.246355353832868,55.30101835727692,143.71117506902644
25.24521027147169,55.30433356761933,102.61295587590354
25.24718504659795,55.30324459075928,89.13435193515318
25.247893434767363,55.302826166152954,10.639782556233516
25.249606164440195,55.301045179367065,19.209481677778502
25.246321389680816,55.299307107925415,84.95776872834165
25.25218734314649,55.30259013175965,145.8506332597712
25.25151294272473,55.3050309419632,19.59366821526194
25.25320621438013,55.3031587600708,139.79661851483658
25.25478787374479,55.30442476272583,195.86170215473769
25.24796621413985,55.30011713504791,163.92806538054515
25.24823792341192,55.303040742874146,55.48976303692786
25.246175828921736,55.299317836761475,100.28823172227602
25.25255122671099,55.30268669128418,160.37179428361037
25.24818455199572,55.303013920784,48.92536244208951
25.25456954775717,55.30468761920929,222.32973022783014
25.24639416999497,55.29945194721222,86.2562246915448
25.25283748101569,55.30294418334961,150.09834650498746
25.251677904324865,55.30227899551392,82.35224703785124
25.24723356646733,55.29967188835144,79.82628379217766
25.254593806219617,55.30486464500427,215.24154549445078
25.245307312768247,55.30417799949646,92.19657286799841
25.246500914376867,55.29925346374512,64.43684640271405
25.24556447182935,55.302541851997375,114.70718770688435
25.24631653765833,55.302032232284546,61.38954306676414
25.251886531910145,55.30239164829254,106.73942736170987
25.246277721471387,55.30268132686615,80.42529870463002
25.25244933942281,55.30270278453827,171.3212422894041
25.245258792129675,55.30368983745575,50.09342543446957
25.253565243159443,55.30372202396393,171.96237504966675
25.24952853415591,55.30099153518677,16.734247718070705
25.246593102631223,55.300562381744385,181.13879860303408
25.246607658664985,55.30044436454773,168.07810372688326
25.246913334971268,55.304038524627686,174.35435878095944
25.25449677234076,55.30514359474182,188.8992681737447
25.254278445829883,55.303823947906494,168.04455526421964
25.254608361294757,55.30484318733215,217.74976435794616
25.246059380188896,55.30312120914459,132.0779934789143
25.254724801833103,55.30473053455353,230.25603419818987
25.24532186895607,55.30393660068512,72.22607853093486
25.247883730847732,55.30002057552338,149.83236348319696
25.246694994830975,55.30015468597412,134.50220501713648
25.24470565548025,55.3048700094223,103.57414324943842
25.24636020585379,55.3041672706604,183.2262567293221
25.252182491358255,55.30259013175965,145.4621706953311
25.24796621413985,55.30011177062988,163.47258027381315
25.25285688806278,55.30294954776764,148.90547821125142
25.249513978472095,55.3009968996048,18.22128539173676
25.25441914518184,55.30498802661896,191.82872449528946
25.2463844659556,55.30123293399811,120.54105283233963
25.24653002646475,55.299532413482666,81.1650732599954
25.24723356646733,55.29967188835144,79.82628379217766
25.254564696064097,55.305041670799255,202.0505376191554
25.24826218313881,55.30026733875275,142.8963044657633
25.246093344414177,55.30158162117005,108.77847342633959
25.250901612488505,55.30459642410278,19.85148685815386
25.24549654307364,55.3031051158905,73.79899115036433
25.24796621413985,55.30011177062988,163.47258027381315
25.24796621413985,55.30011713504791,163.92806538054515
25.24751983330232,55.3041672706604,149.22442359784398
25.246471802282016,55.30092716217041,149.1386139330383
25.24796621413985,55.30011177062988,163.47258027381315
25.249446051924497,55.30373275279999,21.574159794930118
25.245511099238797,55.30349135398865,72.2478907991851
25.245229679737207,55.303818583488464,55.77222935827298
25.24723356646733,55.29967725276947,80.39411463851766
25.25475391195026,55.30437111854553,191.56606105274466
25.24796621413985,55.30011713504791,163.92806538054515
25.25479757711291,55.304290652275085,181.49694859250545
25.250348501528592,55.30427455902099,36.55751951899788
25.24723356646733,55.29966652393341,79.25885831872854
25.245190863203064,55.30398488044739,67.17602790095003
25.247257826394744,55.30409753322601,161.32991303072365
25.252182491358255,55.302574038505554,144.22902093429929
25.247961362183048,55.30011177062988,163.12572617096134
25.245132638378635,55.298561453819275,102.92262649197498
25.2464863583303,55.30275642871857,71.08960084513194
25.249819647466257,55.30395269393921,3.5120483335262085
25.24723356646733,55.29967188835144,79.82628379217766
25.25135768454348,55.30490756034851,17.10028528880881
25.245617844396477,55.30292272567749,93.84617238790905
25.24558388003828,55.30328750610352,80.31999393609253
25.246258313373303,55.304580330848694,197.6179337480776
25.254676284955693,55.30471980571747,230.80418223907006
25.245991451709884,55.301790833473206,105.23210368047866
25.24796621413985,55.30011713504791,163.92806538054515
25.249557645518337,55.30101835727692,17.640405508857373
25.25130916632115,55.3048700094223,16.92282249823467
25.24619038500549,55.3018444776535,82.98145019366983
25.25051346471001,55.30160844326019,64.90815155767076
25.24999916699322,55.304059982299805,26.4778132764797
25.24735486605603,55.302525758743286,58.24659738860363
25.24937327343852,55.30368983745575,27.40800534850028
25.245511099238797,55.30365765094757,74.93720310752849
25.247311198218057,55.29969871044159,85.58083026938381
25.249300494908923,55.30364692211151,34.82611958721252
25.25454043759582,55.30435502529144,199.6679728279435
25.246127308629937,55.299291014671326,104.31397938394818
25.25458410283521,55.30491828918457,211.69382726471636
25.248029289560748,55.30293345451355,29.817909558429537
25.24538494574972,55.30323922634125,58.596812916684435
25.246471802282016,55.299232006073,66.30770064474228
25.244933703351293,55.29865264892578,113.14763268087952
25.250047685738775,55.30409216880798,32.94061012088433
25.25019809372679,55.30418872833252,52.77793136807482
25.24596233949296,55.30187129974365,104.4932557570238
25.249921536960073,55.304017066955566,16.689670052663793
25.246335945747138,55.30191957950592,64.8299207711963
25.24640387403356,55.29947340488434,86.85848512626147
25.246957002952257,55.30389904975891,159.01277652054037
25.249513978472095,55.3009968996048,18.22128539173676
25.245108378026885,55.30486464500427,148.00878233623348
25.2463844659556,55.2991783618927,73.30249976534995
25.247189898585745,55.30409216880798,163.88007393793674
25.246554286532657,55.302815437316895,73.12155978601777
25.25450647573211,55.30515432357788,188.93439762318198
25.251284907202717,55.30485928058624,16.983675267458164
25.24796621413985,55.30011177062988,163.47258027381315
25.246500914376867,55.3006911277771,173.77754261276255
25.24556932388188,55.303561091423035,79.23521589527189
25.246534878478712,55.3020966053009,36.20003833250009
25.25419111511563,55.30376493930817,161.49242682414615
25.24723356646733,55.29966652393341,79.25885831872854
25.250600798068277,55.30442476272583,17.111233377251654
25.24573429355246,55.30362010002136,98.28262362325552
25.250906464327883,55.302064418792725,56.26876960271072
25.25265796568314,55.302826166152954,157.8628822638752
25.24804384542246,55.30365228652954,75.98036339862531
25.24611275253862,55.30145823955536,116.66702154761495
25.245579027986334,55.2987277507782,114.43623336991483
25.247529537251012,55.30262231826782,36.12712244011498
25.254690840020956,55.3046715259552,225.27547120725927
25.25128975902679,55.30496120452881,7.49585785473498
25.247330606147983,55.30410826206207,159.471028872319
25.25123153712512,55.302316546440125,70.51878442388315
25.25140135092701,55.30495584011078,18.894765748533015
25.246437838162535,55.30210196971893,46.174571168078025
25.254671433266893,55.304773449897766,227.51169369235618
25.247490721451612,55.303528904914856,93.13181037209308
25.244880330483667,55.30499339103699,121.87960663071969
25.246544582506075,55.30290126800537,82.24972496080464
25.254666581577897,55.30484855175018,223.2837837053607
25.252769556326484,55.30282080173493,147.34517606563125
25.24555476772372,55.30314803123474,78.86251314874205
25.246166124864928,55.29936075210571,103.1170979426376
25.24761687275435,55.30490756034851,192.03494709918087
25.246646474746512,55.30025124549866,146.28365194102892
25.245574175934195,55.302788615226746,97.3554633778997
25.24531216483105,55.303534269332886,50.53944070876927
25.244870626323404,55.298309326171875,76.76020713039755
25.2519156427075,55.30239164829254,108.94350248299483
25.24572458946038,55.30266523361206,118.91020064017536
25.252182491358255,55.30259013175965,145.4621706953311
25.245608140295104,55.30309975147247,85.87852440489134
25.25464232312997,55.304789543151855,223.82054635789373
25.246864814974003,55.29950022697449,59.46932007560091
25.246733810884592,55.30392050743103,176.86140651280215
25.251939901699984,55.30244529247284,115.13158929646299
25.24874737665921,55.303330421447754,26.47982527671692
25.254608361294757,55.30483782291412,218.0176807441832
25.248068105188096,55.30337333679199,73.3182108747739
25.25455499267737,55.30397415161133,162.42666951435965
25.24621949716776,55.30264914035797,83.42066780693763
25.246345649790385,55.30269742012024,75.9969051157983
25.246733810884592,55.3022038936615,11.558919892225619
25.246510618406944,55.30377030372619,175.81875963612868
25.246947298957835,55.302289724349976,14.501281550348507
25.251178167024065,55.30224144458771,62.53673038152995
25.245423762221833,55.30312657356262,65.37683007490922
25.24723356646733,55.29967725276947,80.39411463851766
25.24693759496263,55.30393660068512,163.63613685981898
25.246670734791152,55.30020833015442,140.96128969206478
25.24796621413985,55.30011713504791,163.92806538054515
25.24637476191546,55.30096471309662,148.4978896407767
25.246476654298306,55.30116319656372,123.95262949440071
25.24619038500549,55.29908180236816,92.28842127080667
25.25393397431465,55.30396342277527,185.92957438221748
25.248213663680176,55.30022978782654,149.50980728300374
25.25208545555309,55.302541851997375,134.03440899672347
25.245370389569473,55.30375421047211,64.38728865264322
25.24555476772372,55.30347526073456,77.0802394233732
25.25027087171867,55.30476272106171,35.91953476512714
25.25250270896538,55.30269742012024,165.72678023466236
25.245423762221833,55.30370593070984,67.4657179122063
25.247107414766617,55.30332505702973,101.41573443421667
25.249640127673985,55.301066637039185,21.616324396311885
25.24918404917088,55.300793051719666,28.628270442694586
25.245365537508988,55.303292870521545,56.07829993397836
25.251823458491913,55.30237019062042,100.32451873329165
25.246505766392005,55.30117392539978,121.81294085885871
25.24735971803706,55.30385613441467,132.2455523540063
25.254618064677217,55.304827094078064,219.5168694549607
25.246321389680816,55.30098617076874,148.44521143949632
25.254836390577637,55.30412971973419,163.27170880113968
25.254618064677217,55.304827094078064,219.5168694549607
25.251828310294485,55.30237019062042,100.67396991819453
25.245360685448347,55.303797125816345,65.8771963115785
25.247699356227617,55.30451059341431,154.48736023910274
25.245617844396477,55.30292272567749,93.84617238790905
25.25160027536448,55.30227899551392,77.55894359959274
25.24546257868157,55.30295491218567,76.94713682804687
25.25163423804075,55.302289724349976,80.57235851609197
25.249795388050373,55.30394196510315,1.770649592350482
25.246020563919817,55.30349135398865,128.79170250132537
25.245947783381908,55.301769375801086,110.63240146233863
25.252177639569837,55.30256867408752,143.42861335468703
25.251260648079437,55.302053689956665,41.41134155750161
25.254666581577897,55.304532051086426,211.73094176104374
25.24826218313881,55.303051471710205,58.38812431112513
25.245481986906785,55.30316412448883,70.58879775920644
25.24807780909299,55.30346989631653,72.447325458816
25.24644754219763,55.30272424221039,70.67436277372363
25.245617844396477,55.30292272567749,93.84617238790905
25.249839054995466,55.30121147632599,36.488436768087276
25.24552565540216,55.30320167541504,74.62214031228395
25.25503530938964,55.30426383018494,171.1053089368639
25.251867124708028,55.30238628387451,104.85435933110708
25.246767774921334,55.303807854652405,165.2689379517606
25.246272869447168,55.30265986919403,79.35508717174989
25.24723356646733,55.29967725276947,80.39411463851766
25.254632619749454,55.304553508758545,215.35199070800098
25.244894886722605,55.305025577545166,123.50951197184007
25.24477358467809,55.30490219593048,110.61466128302568
25.24471535965368,55.3048700094223,104.6400832858669
25.24492399919528,55.304794907569885,128.8488302628853
25.24747616552365,55.3034645318985,87.32785122461418
25.24796621413985,55.30011177062988,163.47258027381315
25.24723356646733,55.29967725276947,80.39411463851766
25.24555476772372,55.30314803123474,78.86251314874205
25.24671925486595,55.30028343200683,147.7054561047216
25.245244235934308,55.303781032562256,54.293314946851055
25.24591381911594,55.303539633750916,117.13492773716504
25.245161750794335,55.30476272106171,146.48547854860783
25.253929122596176,55.3036630153656,153.21615639976622
25.248388333640506,55.30312657356262,61.47289551079164
25.248723117029215,55.303314328193665,28.12884201936045
25.24678233093418,55.30390977859497,172.33384370874214
25.251876828309463,55.30240774154663,107.35170042953207
25.25484124225983,55.304537415504456,205.9375623984021
25.253618612211724,55.30347526073456,144.68016459984597
25.25322076962155,55.30312657356262,135.94876302961117
25.24723356646733,55.29967188835144,79.82628379217766
25.248131180556054,55.30298709869385,42.38147231910263
25.254826687212613,55.30411899089813,162.55968807142656
25.245074413526297,55.3044730424881,112.98632639190845
25.249324754423625,55.3008896112442,17.573425707547237
25.248068105188096,55.30016005039215,167.42097554139661
25.24723356646733,55.29966652393341,79.25885831872854
25.251207277991156,55.30201613903046,37.32958746802133
25.249324754423625,55.3036630153656,32.05857951537169
25.24796621413985,55.30011177062988,163.47258027381315
25.251381943647388,55.3049236536026,18.317003830437578
25.24630683361275,55.30445158481598,193.54594211746732
25.254462810464844,55.30497193336487,196.97542470345698
25.24568577308436,55.302788615226746,107.67784761190504
25.246957002952257,55.29975235462189,85.28285614548817
25.246704698845548,55.29947340488434,64.18277830629195
25.250804575660126,55.304537415504456,22.058849921746376
25.24632624170313,55.301297307014465,117.07074353832573
25.25448221725223,55.304322838783264,199.6177092761119
25.248771636284378,55.30334651470184,24.980534359377085
25.252924812703156,55.30300855636597,148.13125404416624
25.24723356646733,55.29967725276947,80.39411463851766
25.246505766392005,55.30109345912933,130.35685479734462
25.25049890914417,55.3015011548996,54.75816039582784
25.2492228644293,55.30360400676727,36.02400027756399
25.249421792434006,55.3037166595459,23.460235860025087
25.24751012935286,55.30343770980835,83.01383693948169
25.24783035927597,55.302810072898865,5.674211934742733
25.25218734314649,55.30259013175965,145.8506332597712
25.24698126293491,55.30385613441467,153.59320872803698
25.249344162031917,55.30087351799011,14.778529657088761
25.25421537365365,55.30412971973419,198.96015033569066
25.24927623538936,55.30363082885742,37.66761501957873
25.246694994830975,55.30373811721802,165.92991293491409
25.246268017422736,55.30439257621765,186.3387195711342
25.252847184539647,55.303292870521545,176.5907526376354
25.24675321890676,55.303807854652405,166.41987497900317
25.24796621413985,55.30011713504791,163.92806538054515
25.249174345354348,55.303571820259094,31.6114182923369
25.24954794173165,55.30100226402283,16.52456272867744
25.24777698768071,55.30410826206207,120.94996754088473
25.246321389680816,55.30064821243286,183.63213266966633
25.24841744527616,55.30034780502319,123.53418986188288
25.250959834548297,55.30176401138306,32.255080291491254
25.24620979311445,55.29937148094177,99.20773013613469
25.250722094295085,55.304580330848694,18.77228433509535
25.247709060161952,55.30288517475128,18.983954869712623
25.247704208194904,55.30273497104645,13.65408379185019
25.253885457121328,55.30392587184906,182.77787878049224
25.246335945747138,55.301045179367065,141.7821766947084
25.25064931657353,55.30445694923401,18.096173373107472
25.246093344414177,55.30300319194794,119.83232445193013
25.24593322726909,55.29901206493378,114.29332324180616
25.25510323281182,55.304306745529175,174.31696412667952
25.245918671154513,55.30367374420166,119.46723799143037
25.25272103866807,55.30285835266113,154.15221287976885
25.246015711885335,55.301801562309265,102.2920125417849
25.244710507567063,55.3048700094223,104.10708439905592
25.2513964991074,55.30239164829254,80.78035225216126
25.246311685635632,55.30444085597992,193.33200917279052
25.246413578071383,55.30459105968475,212.11171067671532
25.2460787883188,55.30161380767822,107.74141141379255
25.24796621413985,55.30011713504791,163.92806538054515
25.249742017318383,55.30390977859497,6.83214924232498
25.24658339860775,55.299564599990845,80.1822091796496
25.2495527936251,55.30101299285889,17.326639735222688
25.246539730492486,55.302053689956665,37.790475081183835
25.24488518256352,55.30500948429108,122.41231318456968
25.245181159067613,55.304027795791626,70.66518739287393
25.24522482767111,55.30418336391449,88.13883411108716
25.244909442959823,55.30515968799591,125.13504969843008
25.245608140295104,55.3029602766037,91.08797998451193
25.24472021174013,55.30487537384033,105.08992958284578
25.24545287456779,55.30348598957062,65.77565314010673
25.246277721471387,55.30462324619293,202.27355764500612
25.25428814923869,55.303834676742554,169.22878496293225
25.24657369458349,55.30221462249756,29.194759092916218
25.24574884968912,55.298818945884705,107.73977489223795
25.251284907202717,55.30234336853027,73.67305394772313
25.254026156928543,55.304017066955566,190.48557680187682
25.25452588251254,55.304773449897766,213.3282893188202
25.246214645141222,55.301393866539,114.81015167929993
25.24796621413985,55.30011177062988,163.47258027381315
25.247238418453193,55.29967188835144,79.99063103203852
25.249513978472095,55.3009968996048,18.22128539173676
25.246559138545635,55.300589203834534,183.64995011293297
25.245690625132028,55.30349671840668,92.18349588770458
25.25455984437083,55.30400097370148,164.61180272946254
25.25233289670311,55.30299782752991,190.04141357927605
25.24563240054708,55.30297636985779,92.84651405981833
25.252546374937324,55.302788615226746,166.20654944016192
25.246170976893424,55.30095398426056,158.7957954613823
25.24919375298664,55.30082523822784,27.926299795063205
25.25012046382075,55.30414044857025,42.63484335063372
25.251474128198012,55.30500948429108,23.695205185803616
25.245273348323263,55.30366837978363,50.482594915481606
25.247971066096483,55.30011177062988,163.82047054385427
25.24515689872553,55.30484855175018,153.557495359737
25.24565180874515,55.30348062515259,87.8517490848844
25.25472965351979,55.30410289764404,165.24612693837386
25.245904115038215,55.30364155769348,117.27259963042235
25.25451132742752,55.30486464500427,207.07354332410395
25.25299758906145,55.30297100543976,139.57892380467655
25.25402130521377,55.30366837978363,152.10960119926656
25.24603512002217,55.301769375801086,102.08102436030866
25.249577053089425,55.30101835727692,16.891465731345342
25.254739356892557,55.304548144340515,210.56793893219256
25.24952853415591,55.30095398426056,13.6943420496184
25.24739853387831,55.30372738838196,117.41772269600739
25.24695215095514,55.29977917671203,88.29333328762483
25.24678233093418,55.303823947906494,165.3974705481683
25.24638931797537,55.29918372631073,72.96396061709073
25.249513978472095,55.30097007751465,16.088895511423864
25.248300998691732,55.300288796424866,137.9952445413602
25.24540435398731,55.298840403556824,137.41803675379725
25.245491691018216,55.29898524284363,140.73260280770455
25.24795165826885,55.30287981033325,19.425594637400575
25.250372760834026,55.304290652275085,33.65947514847764
25.24796621413985,55.30011713504791,163.92806538054515
25.246166124864928,55.30185520648956,84.74425278857541
25.246593102631223,55.30047118663788,171.38258179517717
25.247044338867127,55.3023487329483,27.107171065198642
25.245758553779226,55.29910862445831,133.07049083019032
25.24693274296476,55.29969871044159,79.61611593441924
25.251236388951313,55.304821729660034,20.34929169184634
25.245535359510143,55.303550362586975,75.35574827817838
25.24524908799961,55.30412435531616,83.72994211189278
25.24624860932306,55.30123293399811,127.55926528025688
25.24916464153702,55.300776958465576,30.76783223890966
25.246918186969936,55.29983818531037,95.180843238721
25.24723356646733,55.29966652393341,79.25885831872854
25.250382464554832,55.30143678188324,40.93942883941856
25.25103261208382,55.30190348625183,33.61715545674922
25.24577310991299,55.30362010002136,102.53765405712663
25.245792518088606,55.29913008213043,133.19500172592615
25.245729441506494,55.30271887779236,115.93935263551421
25.246733810884592,55.30377030372619,165.10534690449322
25.24621949716776,55.299092531204224,89.22862560273204
25.252624003293093,55.302777886390686,158.1809523119082
25.247369421998528,55.304049253463745,151.84929157061907
25.24661251067586,55.30068576335907,172.13747608924797
25.24989727756451,55.30400097370148,13.464511637737665
25.251731274206392,55.302316546440125,89.24943902406832
25.25109083408084,55.30194640159607,33.679691447311356
25.25123153712512,55.3049236536026,9.066526125060815
25.244894886722605,55.30515432357788,123.53453341931662
25.254608361294757,55.30439257621765,200.0713573835335
25.254700543396822,55.30439794063568,196.5144842924981
25.25187197650884,55.30239164829254,105.65720794231683
25.247437349707184,55.30359864234924,102.61841470924249
25.24934901393348,55.30367910861969,29.385897257773358
25.245016188646048,55.30473053455353,140.11317164629563
25.25192049450638,55.30239164829254,109.31581405541144
25.24800502978735,55.30012249946594,167.1806966293016
25.254613212986072,55.30483782291412,218.49846590840676
25.24796621413985,55.30011177062988,163.47258027381315
25.245821630346185,55.3021502494812,112.9349141701665
25.24631653765833,55.3042209148407,181.4611055920546
25.254744208578657,55.30414044857025,168.34391868122668
25.25452588251254,55.30499875545502,202.13522123318265
25.250314538492844,55.30485928058624,40.65627797187908
25.24723356646733,55.29967188835144,79.82628379217766
25.25095498271105,55.30474126338959,9.464163180987224
25.246801738948577,55.30397415161133,176.29843564989253
25.247097710784203,55.30337870121002,106.02472494041926
25.247971066096483,55.30010640621185,163.36685579866148
25.246355353832868,55.30466079711914,211.60689768280275
25.24713652670917,55.30326068401337,94.52248782730163
25.252056344796415,55.30246138572693,125.46480262572511
25.24550624718393,55.30350208282471,71.7440923662963
25.24546743073816,55.303523540496826,67.575361692376
25.252182491358255,55.30259013175965,145.4621706953311
25.249513978472095,55.3009968996048,18.22128539173676
25.252182491358255,55.30259013175965,145.4621706953311
25.249513978472095,55.3009968996048,18.22128539173676
25.244822105510437,55.30488610267639,116.16249479682197
25.24555476772372,55.30313730239868,79.12286748928243
25.245491691018216,55.302793979644775,89.68833028607145
25.246399022014373,55.30269742012024,71.86699297371936
25.245118082168176,55.29845952987671,91.5055048387679
25.246627066707305,55.29965043067932,85.44390399422987
25.254884907391087,55.30411899089813,160.27170649423982
25.252531819615054,55.30275106430054,165.58288203045797
25.24589926299905,55.30212342739105,104.60371824632593
25.248058401282435,55.30294418334961,33.071429489482114
25.244812401345527,55.3049236536026,114.68900289876488
25.246413578071383,55.3020966053009,48.925979566902306
25.245477134850773,55.303534269332886,68.7476608288158
25.248805599751464,55.30059456825256,73.64563756811607
25.251842865701025,55.30237555503845,102.18056510460121
25.250173834386487,55.30417263507843,49.546514967332755
25.24558873209004,55.30323922634125,81.11471268152546
25.246170976893424,55.30265986919403,88.54777172137017
25.246452394214913,55.303807854652405,180.4714153535804
25.246801738948577,55.29995620250702,110.25872984674388
25.25218734314649,55.30259013175965,145.8506332597712
25.25142075820355,55.30497193336487,20.573322889769614
25.247330606147983,55.303271412849426,78.99952108785334
25.247699356227617,55.30419945716858,133.52985426618378
25.24723356646733,55.29967188835144,79.82628379217766
25.24656399055847,55.30298173427582,89.77790708151107
25.24723356646733,55.29967188835144,79.82628379217766
25.246758070911795,55.30387759208679,171.5507133328196
25.25354583622554,55.30337870121002,139.24004766697178
25.249247123959503,55.30361473560333,38.51735754528757
25.254792725428956,55.304322838783264,185.03329491696505
25.248951157359983,55.30344307422638,20.660596147430898
25.246505766392005,55.30112028121948,127.50297717953288
25.247369421998528,55.303797125816345,125.80452533918955
25.24796621413985,55.30011713504791,163.92806538054515
25.250678427667395,55.30446767807007,20.1525308095763
25.251493535462927,55.30500948429108,21.541511076131894
25.24668529081562,55.299543142318726,71.90298350375197
25.24723356646733,55.29967188835144,79.82628379217766
25.24796621413985,55.30011713504791,163.92806538054515
25.24969835033839,55.30112564563751,29.336450456420874
25.24547228279455,55.29866337776184,119.99542268839768
25.246525174450586,55.30294418334961,87.47687185824407
25.24809236494887,55.30017077922821,164.47668858168788
25.245574175934195,55.303083658218384,82.73684011195887
25.246399022014373,55.30397415161133,179.45471826553106
25.246054528155938,55.30363619327545,133.71240575673875
25.251561460865673,55.30211269855499,59.82627020727191
25.245307312768247,55.30418336391449,92.69901551855155
25.247684800324635,55.304574966430664,160.5703793027368
25.249513978472095,55.3009968996048,18.22128539173676
25.24479299301335,55.30491292476654,112.64335761853904
25.249513978472095,55.3009968996048,18.22128539173676
25.249814795583475,55.30120074748993,38.90878923009307
25.25105687125263,55.304768085479736,11.653348221500325
25.24623890527208,55.29910862445831,87.35338517016112
25.246646474746512,55.299591422080994,78.71713994598011
25.24689392697468,55.30385076999664,159.23444339478286
25.25440459008402,55.305084586143494,185.8641176142685
25.245292756578703,55.30400097370148,75.33017095793154
25.245481986906785,55.303534269332886,69.28402184224726
25.250969538222208,55.30471444129944,12.314686107208738
25.24642813412667,55.30322313308716,120.19936477726094
25.252177639569837,55.30259013175965,145.07466715179388
25.246137012689857,55.29913008213043,98.89798393025072
25.246093344414177,55.30173182487488,98.72636527188727
25.2460787883188,55.30165672302246,104.83109991292072
25.24952853415591,55.30101299285889,18.667964693053086
25.2536671295116,55.30346989631653,141.80694345158904
25.24534127720375,55.29857754707336,109.42872880798292
25.249513978472095,55.3009968996048,18.22128539173676
25.25175068143021,55.302327275276184,91.51603305211441
25.246728958878563,55.300278067588806,146.88743552558157
25.24554991567061,55.302574038505554,110.99831392492638
25.24587985484048,55.29888868331909,105.23131981148637
25.246520322436226,55.30071794986725,170.4138708908117
25.246724106872335,55.299805998802185,96.59143181778646
25.246986114930863,55.29951095581055,58.32949798089018
25.246214645141222,55.30370593070984,152.44192686616233
25.245904115038215,55.30190885066986,109.13067342310303
25.246500914376867,55.30091643333435,149.44672485197228
25.246491210346036,55.30202686786651,43.94424651974898
25.247757579822107,55.30433893203735,137.16418598518035
25.246335945747138,55.30365228652954,164.9301556624492
25.250581390660756,55.30164062976837,72.41097153824549
25.24520541940484,55.30386686325073,57.71503794779497
25.245331573080293,55.30438184738159,113.15189706813422
25.250067093231564,55.30135095119476,25.372361152401805
25.24976627674492,55.30116856098175,36.55570719286156
25.24750042540262,55.30348062515259,87.79448104244223
25.250435835005476,55.301554799079895,55.05636115904481
25.250202945594268,55.30495047569275,56.16860223730836
25.247204454548022,55.30243456363678,47.25039623380525
25.251876828309463,55.30239164829254,106.0164394909809
25.24488518256352,55.29841661453247,88.02489203559456
25.250581390660756,55.30164062976837,72.41097153824549
25.247141378698927,55.30394196510315,151.62199905385086
25.24704919086055,55.30343770980835,114.38182199745017
25.2470055229127,55.29970943927765,80.2737059172845
25.246607658664985,55.300557017326355,180.15018856673979
25.246093344414177,55.301801562309265,94.6965723082808
25.25436577648132,55.30509531497955,181.58650957122478
25.24639416999497,55.30196785926819,56.54452683178614
25.245258792129675,55.30410289764404,82.27198179850875
25.245287904515138,55.30424773693085,97.7450388744716
25.2474227937728,55.30410289764404,155.6762765940732
25.249523682261497,55.30101835727692,19.462182630248623
25.251901087309705,55.302300453186035,100.67020940140607
25.247078302817073,55.299580693244934,66.33181795661785
25.247733319994467,55.30275106430054,10.194553538357118
25.245671216940153,55.302831530570984,103.84991669801045
25.251828310294485,55.30237019062042,100.67396991819453
25.251149056049968,55.30198395252228,35.02970880600128
25.246204941087484,55.30087351799011,165.1175731138191
25.245540211563807,55.30298709869385,82.99180793703678
25.251857421105797,55.30238091945648,103.6938633533036
25.25362831567324,55.30375957489014,173.06928050704656
25.250236908661208,55.30487537384033,47.36282739235851
25.24723356646733,55.29967188835144,79.82628379217766
25.245661512843043,55.30359327793121,89.84569279730458
25.246452394214913,55.30349671840668,147.96667877682296
25.247971066096483,55.30011177062988,163.82047054385427
25.245457726624775,55.30345380306244,66.36208562170462
25.246292277542963,55.30189275741577,70.51816448212088
25.246607658664985,55.30466079711914,234.21496173931516
25.24695215095514,55.30387222766876,156.98607406061177
25.24723356646733,55.29967725276947,80.39411463851766
25.246399022014373,55.30468761920929,217.2565113031092
25.247020078897062,55.30359864234924,129.07241580998084
25.25498679263626,55.30433356761933,179.86779334705975
25.24548683896259,55.303271412849426,69.60334602033875
25.24593322726909,55.30199468135834,103.35892849807458
25.25436577648132,55.30392587184906,170.90936423610614
25.24645724623197,55.29950022697449,84.29003360569097
25.24546743073816,55.30290126800537,80.51376361263328
25.247859471045302,55.302810072898865,6.8285538206913845
25.24730634623508,55.29998302459717,115.22168995097812
25.24538494574972,55.30414044857025,93.80334126025355
25.25427359412518,55.30415654182434,197.19062888349274
25.25397763977205,55.30364692211151,150.47796745433968
25.246039972055925,55.301780104637146,101.03070297034014
25.253730201972505,55.30349135398865,141.22513983440965
25.247223862495005,55.29967725276947,80.07760658538534
25.24621949716776,55.29924809932709,93.09696300169799
25.254598657911515,55.30485391616821,216.25352691542307
25.252614299751343,55.302804708480835,160.65536255513913
25.25181860668917,55.3023487329483,98.16697059668303
25.251212129818356,55.304805636405945,20.925271469674776
25.24737427397899,55.29973089694977,91.70180659098686
25.24703463487968,55.304049253463745,167.91645402684378
25.24679688694529,55.29965579509735,78.2000260709229
25.24593322726909,55.30362546443939,120.20970659185294
25.24640872605258,55.30400633811951,181.60243960379435
25.251731274206392,55.302316546440125,89.24943902406832
25.24800988174242,55.30382931232453,84.32470311859214
25.246117604569264,55.29934465885162,107.39351170186879
25.250552279543655,55.30439794063568,17.900287105619018
25.247447053662455,55.303335785865784,76.50749358875221
25.24796621413985,55.30011177062988,163.47258027381315
25.245617844396477,55.30292272567749,93.84617238790905
25.252177639569837,55.302557945251465,142.6133791169264
25.245418910163497,55.29894769191742,143.75209117953506
25.2536671295116,55.30345380306244,140.18723119441682
25.24497737204372,55.304794907569885,134.67960299508002
25.24723356646733,55.29967188835144,79.82628379217766
25.246277721471387,55.30073404312134,176.25129567866057
25.25095498271105,55.3020966053009,55.811946956038284
25.251731274206392,55.302316546440125,89.24943902406832
25.24670955085253,55.29946804046631,63.39108848107497
25.246044824089463,55.30371129512787,134.0038482957846
25.24798077000912,55.30009567737579,163.16705365290952
25.245811926261084,55.303550362586975,105.93000485391808
25.248364073938816,55.30311048030853,64.53251949567195
25.252774408091256,55.30325531959534,179.2739677664853
25.24811662470485,55.3001868724823,161.28721773860826
25.248897786257103,55.3034108877182,19.794543537941212
25.248970565027932,55.30068039894104,53.52780555983892
25.24574884968912,55.30359327793121,99.45070448972963
25.251731274206392,55.302332639694214,90.66742176616226
25.247083154809147,55.299580693244934,66.38984727537138
25.245729441506494,55.3035181760788,96.57195502593581
25.246243757297663,55.3044730424881,189.15937056129383
25.254870352349073,55.3041672706604,165.8621571737052
25.24737427397899,55.304033160209656,149.9855627762951
25.24934901393348,55.3011417388916,41.133276278111516
25.24862122653032,55.30047655105591,97.2229961333761
25.250023426368415,55.304076075553894,29.709207968586245
25.247665392451268,55.30424773693085,139.57625264164324
25.246432986144683,55.30197322368622,52.53190265799728
25.246020563919817,55.30370593070984,131.2466714525087
25.24951883036688,55.30101835727692,19.767473886979595
25.25410863605009,55.304054617881775,193.92360318537732
25.24540435398731,55.303807854652405,70.6222867435727
25.24521512353836,55.29850780963898,98.39224611079892
25.254676284955693,55.30488610267639,222.48025659295865
25.24556447182935,55.30311048030853,80.88808409561076
25.251314018144257,55.30209124088287,46.27349904151579
25.245219975604822,55.303834676742554,56.22879909325065
25.246355353832868,55.302059054374695,56.341193739362915
25.250887056969177,55.30466616153717,13.312429413208072
25.246593102631223,55.304564237594604,227.00839473229357
25.25440459008402,55.30510604381561,184.1961199871082
25.252012678648327,55.302804708480835,151.44928835240384
25.253686536426144,55.30344843864441,138.74466018933094
25.249562497411404,55.30101299285889,16.880785570772765
25.24591381911594,55.302069783210754,103.78721261010007
25.24796621413985,55.30011713504791,163.92806538054515
25.24740338585761,55.300042033195496,124.81099283140493
25.254613212986072,55.30489146709442,215.8842229512141
25.246243757297663,55.30188739299774,75.47408198664306
25.245346129265172,55.304301381111145,106.12440032219368
25.246481506314424,55.302042961120605,44.06081175359688
25.245612992345897,55.3024023771286,129.876795967343
25.249077307146308,55.30351281166077,25.169660161731368
25.25138679546758,55.305020213127136,16.55829604102047
25.24796621413985,55.30011177062988,163.47258027381315
25.24723356646733,55.29967725276947,80.39411463851766
25.245258792129675,55.3041136264801,83.27863798310312
25.253836939908652,55.30388832092285,179.82895131698484
25.24796621413985,55.30011713504791,163.92806538054515
25.25078516828516,55.301753282547,50.939047847240396
25.246665882782622,55.299569964408875,75.5637425440442
25.245273348323263,55.298797488212585,131.18965365900306
25.251988419670397,55.30241847038269,116.73424271938694
25.246481506314424,55.29923737049103,65.5781549173074
25.246340797768852,55.30194103717804,63.16663323785469
25.246127308629937,55.299038887023926,98.85174589889867
25.24494825958385,55.30498266220093,129.43671894281704
25.246214645141222,55.30364155769348,151.41959143319886
25.25479757711291,55.30434966087341,187.64549021779058
25.254724801833103,55.30464470386505,221.22223966334383
25.24615156877826,55.30273497104645,95.11443602151856
25.249795388050373,55.30119001865387,40.158844230345984
25.25134312907882,55.302075147628784,45.23869144747052
25.245520803347915,55.30267596244812,100.724655949417
25.25471024677192,55.30462324619293,219.50456898357535
25.246607658664985,55.30071794986725,168.6833916796062
25.246331093725217,55.29924809932709,81.42035645565899
25.251018056580193,55.30477881431579,7.516068445885519
25.251847717502784,55.30238091945648,102.98329094468752
25.247607168812635,55.30267059803009,26.08437679774255
25.251867124708028,55.30238628387451,104.85435933110708
25.24656399055847,55.30461251735687,227.20332510369133
25.24641843008999,55.30392050743103,179.78871934030238
25.25181860668917,55.30236482620239,99.52204440342483
25.25163423804075,55.30509531497955,11.636999255152759
25.254676284955693,55.30443012714386,200.84380350417052
25.254186263407448,55.303818583488464,167.4517944601642
25.24871826510264,55.30053555965424,84.8739774151184
25.249513978472095,55.3009968996048,18.22128539173676
25.24592352319289,55.30202686786651,103.60552143420367
25.24546257868157,55.30342161655426,66.95027711515252
25.245195715270498,55.30395269393921,64.52202079190752
25.25218734314649,55.30259013175965,145.8506332597712
25.247189898585745,55.302547216415405,53.427769747528494
25.24738882991916,55.30373811721802,118.94277861406873
25.24549654307364,55.30348062515259,70.61738574495735
25.251736126012617,55.302311182022095,89.11261845553959
25.2485387436829,55.30042290687561,107.90929738625422
25.247209306535055,55.29966652393341,78.48146919514957
25.247073450824814,55.3033572435379,106.5893602951634
25.254734505206272,55.30392050743103,146.9723600116584
25.246122456599707,55.30149042606354,113.34733895050982
25.24546257868157,55.303555727005005,67.40245492129623
25.246549434519466,55.30374884605408,172.64131963537403
25.246437838162535,55.30039608478546,169.14420377503123
25.250071945104267,55.30410826206207,36.17201761120595
25.245137490448418,55.30423164367676,89.14055836256794
25.249887573804955,55.30121147632599,31.244051274362818
25.246413578071383,55.30384540557861,177.16766366350697
25.246369909895098,55.300551652908325,187.98244098743382
25.250586242512924,55.30448377132416,10.888792784580472
25.248053549329285,55.303555727005005,74.33341168838038
25.246277721471387,55.30117392539978,131.67586590470967
25.252182491358255,55.30259013175965,145.4621706953311
25.25027087171867,55.30423164367676,45.3705004922938
25.245918671154513,55.302053689956665,103.5596793926322
25.25103746391798,55.3018981218338,32.814341899368685
25.252531819615054,55.30271351337433,163.6387950815854
25.246234053246283,55.30137777328491,114.97587804574313
25.24656399055847,55.30286371707916,77.57061397253649
25.24608364035079,55.29918372631073,105.81986263907423
25.245074413526297,55.304773449897766,145.70172806513042
25.246714402859325,55.299789905548096,95.28418224645021
25.24796621413985,55.30011713504791,163.92806538054515
25.246442690180203,55.30470371246338,222.17678956653785
25.24869885739436,55.303303599357605,29.44308994159038
25.24641843008999,55.30272424221039,72.69419531908706
25.252182491358255,55.302552580833435,142.60304354380216
25.249577053089425,55.301281213760376,45.601236492469226
25.246986114930863,55.30242383480072,28.032533789832854
25.25179434767246,55.30267059803009,125.96595996660213
25.246010859850628,55.30324459075928,127.84470903900304
25.254598657911515,55.30485928058624,215.98834698036512
25.246694994830975,55.30423164367676,206.00515673440873
25.25357009489244,55.3034108877182,140.93478653272064
25.25320621438013,55.30319094657898,142.72863433010582
25.24661251067586,55.30447840690613,223.96268507363658
25.24555476772372,55.30314803123474,78.86251314874205
25.2462971295664,55.3006911277771,179.98959677029276
25.24645724623197,55.3031051158905,106.86610658800942
25.245161750794335,55.30463397502899,132.61252478488169
25.247582908954953,55.302804708480835,27.319409515990287
25.254123191183368,55.30372738838196,157.56723194043116
25.254758763635778,55.304574966430664,212.68011372789078
25.24559843619295,55.30357718467712,82.66464441205115
25.24640872605258,55.3038614988327,177.06465329246333
25.24723356646733,55.29966652393341,79.25885831872854
25.250479501720378,55.30187129974365,86.8376515901857
25.249513978472095,55.3009968996048,18.22128539173676
25.2495527936251,55.30100226402283,16.265462497170933
25.24763142866547,55.30268669128418,22.92546927030672
25.25455984437083,55.304773449897766,216.61303913673842
25.246792034941777,55.300063490867615,122.12871335067719
25.254322111163432,55.30418872833252,196.78050229815676
25.24796621413985,55.30011177062988,163.47258027381315
25.24727238234888,55.30247747898102,56.164265212890925
25.247544093172607,55.30263841152191,33.92283694871816
25.254991644312483,55.30412971973419,157.8312459330518
25.246161272836247,55.3027617931366,96.08928844204621
25.248873526657135,55.30340015888214,19.779861318084585
25.24796621413985,55.30011177062988,163.47258027381315
25.248567855282516,55.30323386192322,40.87151840639451
25.245889558920155,55.30365765094757,115.97057537697016
25.248155440304274,55.30019223690033,157.11842467525057
25.25272103866807,55.30286908149719,154.8564465429612
25.24552565540216,55.303024649620056,79.84892295159104
25.246515470421684,55.30216634273529,36.14991964540296
25.2547781703759,55.3041136264801,164.09020564304177
25.24796621413985,55.30011713504791,163.92806538054515
25.245680921036467,55.3021502494812,128.52111273867254
25.24661736268652,55.29973089694977,93.7629021284804
25.246020563919817,55.30171573162079,106.49947805541
25.249513978472095,55.3009968996048,18.22128539173676
25.245579027986334,55.303566455841064,80.37577039812737
25.245292756578703,55.3036093711853,50.16564129530592
25.246093344414177,55.301544070243835,111.53962991062043
25.254026156928543,55.30368983745575,154.4014082423287
25.246641622736988,55.30434966087341,220.02886925938276
25.246525174450586,55.30322313308716,116.56346596182536
25.24590896707717,55.303566455841064,116.81004131146956
25.24703948687352,55.299543142318726,61.85931393229336
25.2477818396449,55.302777886390686,5.1972919586212845
25.25146927638131,55.30218780040741,61.78924324416811
25.246122456599707,55.299312472343445,105.61612255587038
25.249513978472095,55.30098617076874,17.33847747712537
25.24548683896259,55.30321776866913,70.11100788481237
25.245821630346185,55.30198395252228,115.68041042908371
25.246627066707305,55.300567746162415,180.77601331261624
25.249543089838,55.30100226402283,16.796939334446694
25.253963084621333,55.30398488044739,187.79581445641486
25.2512024261638,55.302295088768005,68.24975251770245
25.246369909895098,55.30195713043213,59.474425877056014
25.248577559147492,55.30070722103119,96.29448392460465
25.24621949716776,55.299339294433594,96.73552225592877
25.2495527936251,55.30101299285889,17.326639735222688
25.250547427690137,55.30440330505371,17.21324236422473
25.24796621413985,55.30011177062988,163.47258027381315
25.249513978472095,55.30100762844086,19.137506913722603
25.24523453180308,55.3041672706604,87.06433945823353
25.251527498169057,55.305057764053345,18.704924986444823
25.246399022014373,55.30334651470184,134.11947489845173
25.24649606236153,55.30299782752991,94.22574469213882
25.25049890914417,55.30437111854553,20.639368415717406
25.254302704350465,55.30421018600464,199.97539625115508
25.24689392697468,55.30226290225983,7.925687130503943
25.246015711885335,55.30123829841614,142.0714961059016
25.24801473369729,55.30012786388397,168.33750502370853
25.24796621413985,55.30011177062988,163.47258027381315
25.24796621413985,55.30011177062988,163.47258027381315
25.2455935841416,55.3034645318985,81.40184617297551
25.24642813412667,55.303555727005005,155.01638396184208
25.24505985730886,55.29867947101593,115.5287760186613
25.24556932388188,55.30340552330017,78.71923269888393
25.24807295714062,55.30346989631653,72.9798506107724
25.245501395128883,55.30338943004608,71.15547882752197
25.24668529081562,55.30026733875275,146.86230197369952
25.24653002646475,55.30019223690033,144.32894812553968
25.24796621413985,55.30011177062988,163.47258027381315
25.25288599862759,55.30289590358734,142.5112711467053
25.24558873209004,55.2987277507782,113.59350738964852
25.246627066707305,55.30041217803955,164.0603278487691
25.24624860932306,55.30446767807007,189.2505480191934
25.246733810884592,55.30019223690033,137.4792707722677
25.24739368189884,55.304076075553894,153.80090047390527
25.24611275253862,55.301565527915955,108.34374494912429
25.246622214697013,55.29958605766296,79.65615310999317
25.24854359561664,55.30042827129364,107.18907969746033
25.244700803393243,55.3048700094223,103.04126073401109
25.24530246070526,55.30421018600464,94.94783501580726
25.24910641861686,55.30075013637543,37.40127978777326
25.249523682261497,55.30095398426056,14.104303614468618
25.247107414766617,55.303298234939575,99.59944781502254
25.245661512843043,55.30287981033325,100.32710718961455
25.249513978472095,55.3009968996048,18.22128539173676
25.250144723171715,55.30415654182434,45.86625989245374
25.246593102631223,55.30373275279999,170.04840354110038
25.251711866979463,55.30263304710388,117.99661994875525
25.2494848670992,55.30097544193268,18.96281212761608
25.25449677234076,55.30394196510315,163.22854453794443
25.24713652670917,55.30239164829254,38.338773148226245
25.246646474746512,55.30048191547394,171.01013476321873
25.245894410959707,55.30216097831726,104.79536896325392
25.24606423222167,55.299291014671326,110.96049748264699
25.25213882525553,55.30251502990723,136.21448450981518
25.245807074218263,55.30241310596466,116.27017245057495
25.245195715270498,55.30390441417694,60.22420659637052
25.245807074218263,55.30360400676727,106.01374473557084
25.248140884455935,55.30018150806427,159.0842223886661
25.249513978472095,55.3009968996048,18.22128539173676
25.25073179798801,55.3016459941864,56.36847056798668
25.24577310991299,55.301839113235474,125.40525861240586
25.24500648449664,55.304773449897766,138.2862945963102
25.245642104646507,55.302552580833435,119.91843586708228
25.253138289897123,55.30311584472656,140.54259196525655
25.251187870680525,55.304789543151855,20.001594873026544
25.245617844396477,55.30292272567749,93.84617238790905
25.24531216483105,55.298561453819275,106.77034523824567
25.24796621413985,55.30011713504791,163.92806538054515
25.254608361294757,55.30484318733215,217.74976435794616
25.245477134850773,55.30284225940704,85.14070604895694
25.246661030773893,55.29976844787598,95.35208120113158
25.246724106872335,55.302295088768005,15.001035394060096
25.251129648730014,55.3022038936615,59.2527610060996
25.249557645518337,55.30101835727692,17.640405508857373
25.25457925114273,55.30489146709442,212.48314072958198
25.246141864719533,55.30144214630127,115.79168277270128
25.247223862495005,55.30245065689087,50.01317701868096
25.244744472169387,55.30476272106171,110.12781267038389
25.248461112716527,55.30037999153137,117.68428626522591
25.24593322726909,55.30359864234924,119.84035740357825
25.254637471439807,55.304049253463745,164.70070933907382
25.24575370173426,55.299092531204224,131.83964959910506
25.246918186969936,55.30238628387451,20.53034646139867
25.24802443760645,55.30373811721802,79.82542430333022
25.250712390601393,55.30171573162079,58.511564229523714
25.24796621413985,55.30011713504791,163.92806538054515
25.24723356646733,55.29967188835144,79.82628379217766
25.249227716335724,55.300814509391785,24.01594534489754
25.246132160659997,55.30293881893158,111.69821734385678
25.25016898251782,55.30166208744049,57.705359318617525
25.254438551976236,55.30392050743103,165.2856354812589
25.251260648079437,55.30484318733215,18.135281616106536
25.24618068094985,55.299054980278015,93.06760231872704
25.250683279515684,55.30168354511261,61.61830126742133
25.251144204220267,55.30224144458771,63.05124759608182
25.249557645518337,55.301023721694946,18.18736648205742
25.248082661045142,55.30337870121002,74.1221932689538
25.246141864719533,55.301839113235474,87.96394589583004
25.244754176339725,55.30485928058624,109.07633610219033
25.252512412516054,55.30311584472656,189.9351747507717
25.245331573080293,55.30410289764404,86.88225540411293
25.244894886722605,55.30515432357788,123.53453341931662
25.250430983147297,55.30445694923401,14.753858705614105
25.25457925114273,55.30496120452881,209.2339418847971
25.24619038500549,55.30140995979309,115.0475259011654
25.246767774921334,55.29945731163025,59.11120178241974
25.254632619749454,55.304043889045715,164.45089998762765
25.245278200387418,55.304269194602966,99.32643384331453
25.246277721471387,55.301340222358704,115.72151646208798
25.24833011034832,55.300304889678955,134.3205056915882
25.247175342621716,55.3032660484314,91.44053374585768
25.2543269628662,55.30385076999664,167.63102773312062
25.24508411767027,55.29875457286835,123.94079190891945
25.25455499267737,55.30494511127472,207.5118423224753
25.247252974409648,55.30259013175965,61.814659760252084
25.249513978472095,55.30100762844086,19.137506913722603
25.25059594621669,55.3044193983078,17.351697591664124
25.245540211563807,55.30298173427582,83.24136822576887
25.246520322436226,55.3046178817749,223.52170959286124
25.24811662470485,55.30015468597412,162.78548657739032
25.251445017294856,55.30242383480072,85.55514460888409
25.246743514896053,55.300133228302,130.85704443207626
25.24668529081562,55.299339294433594,53.71267159996168
25.245972043566056,55.30357718467712,123.88834859506053
25.25218734314649,55.30259013175965,145.8506332597712
25.250338797805057,55.304784178733826,32.33467172261709
25.249101566705576,55.3007447719574,37.99913127309663
25.246869666974604,55.30224680900574,4.7021873341771565
25.24678718293808,55.303823947906494,165.02112868692822
25.24745675761696,55.30416190624237,155.26854230460688
25.24702978288566,55.30351281166077,121.58887779291432
25.247655688513447,55.30270278453827,19.790010235148852
25.25334206323224,55.303276777267456,143.1730272904209
25.254661729888696,55.30474662780762,227.95924923729146
25.24518601113543,55.30469298362732,139.63323030825384
25.253002440817113,55.30339479446411,174.2797153108707
25.24625346134829,55.29939293861389,95.95373173772045
25.24723356646733,55.29967725276947,80.39411463851766
25.25440944178348,55.30500948429108,189.84778426850403
25.248669745826163,55.30328750610352,31.665100061343193
25.246437838162535,55.30382931232453,179.39238695408855
25.255064419432372,55.304306745529175,175.1020526883944
25.253686536426144,55.303781032562256,173.0392671598884
25.24565180874515,55.29875993728638,110.5944265119032
25.24796621413985,55.30011177062988,163.47258027381315
25.2474227937728,55.30365765094757,109.25001089882718
25.24796621413985,55.30011177062988,163.47258027381315
25.245273348323263,55.304296016693115,101.72480003121466
25.24642813412667,55.30210196971893,47.20823920410633
25.250266019853896,55.30137240886688,28.104451286038593
25.249848758758915,55.3039687871933,7.031510264109888
25.25206604838276,55.30247747898102,127.47830999329574
25.246714402859325,55.30020296573639,139.14213307060007
25.250445538721237,55.30447840690613,11.908349567182368
25.245540211563807,55.30315339565277,77.15778439657971
25.249513978472095,55.3009968996048,18.22128539173676
25.25458410283521,55.30466616153717,224.9476594672549
25.254618064677217,55.304827094078064,219.5168694549607
25.24796621413985,55.30011713504791,163.92806538054515
25.24552565540216,55.29890477657318,131.7985268443551
25.244904590880935,55.30512750148773,124.61827194567093
25.244938555429,55.305025577545166,128.3559442598401
25.246345649790385,55.301281213760376,117.62357323260083
25.247718764095534,55.30445158481598,148.5034867334824
25.24723356646733,55.29967188835144,79.82628379217766
25.254200818531416,55.30377030372619,162.0827918204073
25.24644754219763,55.3020966053009,45.31972134894581
25.250387316414944,55.30466079711914,18.75295327458737
25.245646956695936,55.30292809009552,96.49700396956833
25.244938555429,55.304832458496094,129.75766516909752
25.24940238483815,55.30092716217041,16.592142237798168
25.246675586799498,55.29990255832672,108.50570411560415
25.24723356646733,55.29966652393341,79.25885831872854
25.25037761269455,55.301796197891235,76.48293697933703
25.24796621413985,55.30011713504791,163.92806538054515
25.24521512353836,55.304789543151855,150.8229134616436
25.253317804519796,55.303271412849426,143.90289067190812
25.2495527936251,55.30101835727692,17.863362370760623
25.24571973741405,55.30276715755463,112.13701242615475
25.25150809090958,55.302075147628784,52.986482310281296
25.24563240054708,55.30235409736633,134.49456273314834
25.247345162093396,55.30394196510315,141.6651711522599
25.254618064677217,55.304827094078064,219.5168694549607
25.24756835303802,55.30514359474182,215.15874124782945
25.245540211563807,55.30299246311188,82.74577999861256
25.24809721690046,55.30016005039215,164.48344033516446
25.252323193138096,55.30264914035797,161.37212836716108
25.254593806219617,55.30486464500427,215.24154549445078
25.24569547717951,55.302075147628784,127.69029217958052
25.24606423222167,55.29925882816315,109.92425205675546
25.249513978472095,55.3009968996048,18.22128539173676
25.24658339860775,55.29948949813843,73.67839300407871
25.247126822729086,55.29960751533508,70.03384231658698
25.246001155780633,55.3018444776535,101.68889777722332
25.245040449016216,55.2986204624176,108.95784443177185
25.247709060161952,55.304279923439026,137.54617947667197
25.24486092216236,55.30496656894684,119.79457459286174
25.249557645518337,55.30101835727692,17.640405508857373
25.245535359510143,55.30297100543976,83.2660001550341
25.247859471045302,55.303915143013,103.32923176123582
25.24796621413985,55.30011713504791,163.92806538054515
25.24729664226857,55.30322849750519,78.42079624748204
25.24653002646475,55.30090034008026,150.4133261586902
25.246185532977776,55.30091643333435,161.76850214470934
25.245244235934308,55.30441403388977,112.30722119031692
25.247971066096483,55.30011177062988,163.82047054385427
25.25143046184064,55.30216097831726,57.35608864503624
25.24823792341192,55.30025660991669,145.84069232432748
25.246505766392005,55.3002405166626,150.30702558933407
25.24780124749964,55.304043889045715,115.17023265429567
25.24548683896259,55.30319631099701,70.45409791123852
25.245515951293427,55.3032660484314,72.85876664347587
25.248359221997887,55.30059456825256,121.96826289299533
25.246117604569264,55.301785469055176,93.27147335443448
25.249567349304257,55.30101835727692,17.236373519912238
25.25470539508447,55.30446231365204,202.94971140323221
25.251493535462927,55.30508995056152,23.50774648596709
25.24723356646733,55.29967188835144,79.82628379217766
25.245520803347915,55.303550362586975,73.7494438507883
25.251527498169057,55.3051221370697,22.01265971089487
25.246758070911795,55.30395269393921,177.67610498657055
25.247088006801036,55.30359327793121,123.52706544064412
25.24796621413985,55.30011713504791,163.92806538054515
25.24608364035079,55.30196249485016,88.34584803755601
25.24644754219763,55.30208587646485,45.69452262473124
25.249513978472095,55.3009968996048,18.22128539173676
25.24723356646733,55.29967188835144,79.82628379217766
25.245540211563807,55.30298709869385,82.99180793703678
25.246277721471387,55.30370056629181,159.25696816406727
25.24723356646733,55.29966652393341,79.25885831872854
25.250683279515684,55.3016996383667,61.651477994940876
25.245680921036467,55.30267596244812,114.31190493948596
25.25117331519553,55.302273631095886,66.1467101605902
25.246733810884592,55.30016005039215,134.00322287541124
25.247844915161508,55.3029602766037,22.424599937561812
25.247757579822107,55.30276715755463,7.512423001399751
25.24723356646733,55.29967188835144,79.82628379217766
25.246607658664985,55.29970407485962,91.67762163006402
25.25163423804075,55.30259013175965,110.03594721820699
25.254734505206272,55.304553508758545,211.30889296016443
25.247490721451612,55.304049253463745,146.86606088249076
25.24671925486595,55.30375421047211,165.09376612816433
25.24796621413985,55.30011713504791,163.92806538054515
25.247874026927363,55.30298173427582,25.292311107378904
25.24796621413985,55.30011177062988,163.47258027381315
25.246864814974003,55.30225217342377,4.72397914858748
25.246379613935616,55.30458569526672,208.70754187631024
25.24661251067586,55.30223071575165,24.906458512509673
25.254603509603243,55.30484855175018,217.00145002080424
25.24727238234888,55.30248284339905,56.46928307207791
25.24471535965368,55.3048700094223,104.6400832858669
25.24631653765833,55.30442476272583,192.80144548529626
25.246481506314424,55.30072867870331,170.1947590349331
25.24631653765833,55.30464470386505,207.12353584108808
25.24556932388188,55.29870629310608,113.83121942234142
25.24606423222167,55.301533341407776,114.73864736728503
25.24692789096669,55.30387222766876,158.66177643117845
25.245307312768247,55.30419945716858,94.21284679271298
25.247083154809147,55.30367374420166,130.69365815415526
25.24545287456779,55.30359327793121,67.00464680685344
25.249873018164138,55.30398488044739,10.243311028419097
25.246132160659997,55.30365765094757,142.57315935283003
25.24585559463793,55.299060344696045,123.02157097802285
25.246966706945894,55.29951632022858,59.08568284698644
25.24565180874515,55.30278325080872,104.81232165790088
25.253793274400635,55.30385076999664,176.95380027645143
25.24571973741405,55.30243992805481,126.3521230300807
25.24739368189884,55.30411899089813,158.33499389130176
25.24723356646733,55.29967725276947,80.39411463851766
25.249513978472095,55.3009968996048,18.22128539173676
25.24744220168492,55.30362546443939,105.11022995959486
25.244894886722605,55.30517041683197,123.49867275553706
25.246481506314424,55.30471980571747,226.68019590442873
25.251833162096844,55.30237019062042,101.02508326340305
25.246098196445587,55.30161380767822,106.06791054930586
25.254826687212613,55.30451059341431,203.55922687130692
25.251736126012617,55.302311182022095,89.11261845553959
25.246554286532657,55.30303537845611,95.75213258146016
25.254530734207165,55.305063128471375,197.65847821591825
25.25009620446491,55.30412435531616,39.403429017141264
25.246995818922173,55.302321910858154,20.962848286009624
25.24510352595594,55.30434966087341,100.45847788061033
25.245535359510143,55.30260622501373,107.30452946322542
25.249111270527933,55.30100226402283,44.026386965613646
25.247379125959228,55.302536487579346,55.305271149162294
25.24714623068847,55.30240774154663,40.17318984054108
25.251910790908425,55.30239164829254,108.57258554596807
25.24485607008154,55.304805636405945,121.2178457074806
25.247956510226047,55.304070711135864,101.77295387633465
25.244744472169387,55.29825031757355,75.38428909038551
25.245947783381908,55.30191421508789,104.34898030060933
25.24796621413985,55.30011713504791,163.92806538054515
25.24671925486595,55.29963433742523,79.12617674232659
25.245743997643743,55.30233800411224,121.98645125229797
25.245021040720474,55.30468761920929,135.457148791068
25.245181159067613,55.304038524627686,71.69634466577293
25.245346129265172,55.30340015888214,53.93748144251761
25.245093821813512,55.30439257621765,104.78312451073913
25.249557645518337,55.301023721694946,18.18736648205742
25.245690625132028,55.30359327793121,93.04530428509865
25.248490224334745,55.30318558216095,49.67571205284442
25.251978716077858,55.30234336853027,110.24474734290807
25.248257331193813,55.30053555965424,134.30955277399744
25.246491210346036,55.301055908203125,134.8119002871162
25.246801738948577,55.29989719390869,103.87305867262835
25.246146716748996,55.30371129512787,145.1170473986082
25.252177639569837,55.302563309669495,143.0203375569206
25.254351221377092,55.3051221370697,178.72591010079012
25.24735971803706,55.3038614988327,132.79396385135897
25.251435313658902,55.302037596702576,45.18931333792023
25.24747616552365,55.303566455841064,97.5987932793942
25.247558649092426,55.305020213127136,205.5761728003883
25.24697641093877,55.30377030372619,146.502041990722
25.245928375231088,55.30143141746521,133.53481403659572
25.252983033793257,55.303051471710205,146.89743574843558
25.24538979780941,55.30371129512787,64.22452625206876
25.24796621413985,55.30011177062988,163.47258027381315
25.251852569304404,55.30235946178436,101.55997680862284
25.2485387436829,55.30321776866913,43.907819062031635
25.246340797768852,55.29941439628601,88.76937600765505
25.246947298957835,55.30390441417694,160.13981053544032
25.25166820070754,55.302305817604065,84.15392678648993
25.247461609593913,55.30337333679199,79.19196932432035
25.250387316414944,55.30151188373566,48.13910365817336
25.244802697179807,55.304768085479736,116.26960570226828
25.246117604569264,55.29924809932709,103.90205537717418
25.24952853415591,55.30095398426056,13.6943420496184
25.24526364419438,55.30433893203735,105.5376385811629
25.24515689872553,55.30416190624237,82.75188070325837
25.246292277542963,55.3044730424881,193.5570141691946
25.249543089838,55.30100226402283,16.796939334446694
25.246268017422736,55.29910862445831,84.16268906361543
25.246690142823397,55.29977917671203,95.16187946376192
25.24569547717951,55.30253112316131,125.87152411517182
25.24723356646733,55.29967725276947,80.39411463851766
25.25218734314649,55.30259013175965,145.8506332597712
25.245380093689818,55.30389368534088,73.87935806333202
25.246549434519466,55.30088424682617,151.6865220210686
25.24511323009763,55.304312109947205,96.75707267744629
25.254603509603243,55.30484855175018,217.00145002080424
25.25450162403652,55.30488073825836,205.29775813333555
25.251939901699984,55.30240774154663,112.09679703204534
25.24796621413985,55.30011177062988,163.47258027381315
25.25092587168348,55.3046178817749,20.015449759648828
25.25134312907882,55.30197858810425,34.989118603879085
25.24745675761696,55.303534269332886,95.23361262920672
25.250261167988924,55.30508995056152,65.56081172628416
25.254938275863523,55.30422627925873,169.76455339025048
25.246093344414177,55.30364692211151,138.14150167961222
25.24975657297487,55.301088094711304,28.216322305276705
25.247709060161952,55.30418872833252,131.98856948480685
25.24554991567061,55.303566455841064,77.16956653107417
25.246641622736988,55.30036926269531,159.0396673065324
25.24477843676219,55.304773449897766,113.51181059558081
25.24994579635076,55.304027795791626,19.57068192077703
25.24969349845074,55.30388295650482,5.444449212952195
25.24549654307364,55.29866874217987,118.04843231466334
25.245336425142114,55.304076075553894,84.85832568495259
25.251842865701025,55.30237555503845,102.18056510460121
25.24723356646733,55.29966652393341,79.25885831872854
25.245991451709884,55.30369520187378,127.84737671708382
25.24571973741405,55.30200004577637,126.3641904736171
25.25389030884152,55.3036093711853,148.3326714042978
25.24549654307364,55.30342698097229,70.74864876734088
25.245792518088606,55.302075147628784,117.01269631807614
25.24660280665394,55.3045266866684,225.7442776903747
25.245811926261084,55.30243456363678,116.20490817420234
25.246767774921334,55.30218243598938,8.72253340282702
25.24915008580959,55.303561091423035,29.46653513273253
25.24604967612281,55.30118465423584,144.3778506010891
25.254744208578657,55.304301381111145,184.75976097578518
25.24723356646733,55.29966652393341,79.25885831872854
25.2470055229127,55.302316546440125,21.577328342723
25.24685511097223,55.30384004116058,161.17504914272772
25.246665882782622,55.3022575378418,19.401328687056456
25.24831555452089,55.303083658218384,65.29962805030274
25.24488518256352,55.30489683151245,122.9992449083484
25.249513978472095,55.3009968996048,18.22128539173676
25.24723356646733,55.29967725276947,80.39411463851766
25.246792034941777,55.30387222766876,168.53366116903806
25.247971066096483,55.30010640621185,163.36685579866148
25.24723356646733,55.29967725276947,80.39411463851766
25.2534827636689,55.303335785865784,139.10629138392252
25.250979241895365,55.30186057090759,34.9792234352496
25.246132160659997,55.302799344062805,101.22529214378713
25.250494057288503,55.3044730424881,9.627679691441616
25.24780609946285,55.302793979644775,4.37742229538674
25.254598657911515,55.30491828918457,213.15939461958112
25.24723356646733,55.29967725276947,80.39411463851766
25.252182491358255,55.30259013175965,145.4621706953311
25.245603288244126,55.30314266681671,84.2542708077049
25.24723356646733,55.29967188835144,79.82628379217766
25.247126822729086,55.2998811006546,100.07382025979236
25.24954794173165,55.30100762844086,17.044946445420173
25.246840554968102,55.299553871154785,65.94839996876578
25.24745675761696,55.302579402923584,45.46942187014413
25.25218734314649,55.302541851997375,142.19653882969044
25.24621949716776,55.30187666416168,78.40570338163893
25.248470816590043,55.30064821243286,108.80814863738416
25.254690840020956,55.30395805835724,152.9730830978427
25.2474227937728,55.3040224313736,147.14157325393967
25.24951883036688,55.30095398426056,14.522666820814331
25.255049864411887,55.30436038970947,181.25741876714477
25.250333945943012,55.304548144340515,20.641321596441752
25.24550624718393,55.303078293800354,75.73701638821923
25.254744208578657,55.30438721179962,193.6197044242916
25.24503559694257,55.30464470386505,130.96673772826958
25.24801473369729,55.30296564102173,31.133525719755824
25.24590896707717,55.302080512046814,104.13474853473215
25.254613212986072,55.30483782291412,218.49846590840676
25.247728468028345,55.30422627925873,132.41089824648913
25.245884706880403,55.30218780040741,105.72710902848684
25.24747616552365,55.30260622501373,42.26208597733084
25.245991451709884,55.301769375801086,106.33219899113766
25.245574175934195,55.29871702194214,114.1266432478661
25.24740338585761,55.303276777267456,74.08065760052263
25.24603026798826,55.29897451400757,106.08977857141164
25.246481506314424,55.303786396980286,178.25390740931203
25.245307312768247,55.30418872833252,93.20255377388547
25.252594892665485,55.30278325080872,161.25841322296353
25.251144204220267,55.30196249485016,32.91934307997469
25.254564696064097,55.30500411987305,204.86980283141506
25.24615156877826,55.302826166152954,101.51787808707249
25.248781340133092,55.300819873809814,73.42146459419907
25.251372240006404,55.30212879180908,51.8480745253812
25.248863822815792,55.30061066150665,66.94176821262995
25.24603026798826,55.30318021774292,130.51940522071004
25.24578281400116,55.30223608016968,116.98894328613055
25.245171454931366,55.304070711135864,74.31166168345811
25.254593806219617,55.30485928058624,215.5059991195788
25.25095013087362,55.30463397502899,21.120503455446144
25.24585074259683,55.302300453186035,109.79705113583546
25.245069561454,55.30451059341431,116.95642774782362
25.250887056969177,55.30469298362732,11.841528994960797
25.245690625132028,55.29887795448303,116.92591722421858
25.252100010928817,55.30248820781708,131.0325010209061
25.246350501811705,55.29944121837616,89.50654012811661
25.25109568591266,55.304832458496094,10.060120636458167
25.24583133443052,55.30167818069458,126.77920183619597
25.25407467406565,55.30369520187378,154.40307701605875
25.250891908809137,55.301817655563354,41.33182006249296
25.250358205251345,55.30449450016022,19.181733810129604
25.249620720113,55.303834676742554,0.2946962907791332
25.254550140983724,55.3050309419632,201.66075024964223
25.246961854949177,55.30382931232453,152.58708757715343
25.24796621413985,55.30011713504791,163.92806538054515
25.251838013899015,55.30237555503845,101.8277394246763
25.24723356646733,55.29966652393341,79.25885831872854
25.24855329948359,55.30042290687561,106.41018700254985
25.251901087309705,55.30238628387451,107.40035660583999
25.245491691018216,55.30323922634125,70.38371950724174
25.246995818922173,55.30369520187378,138.78090179803579
25.252769556326484,55.30292272567749,154.2664796665224
25.254593806219617,55.30486464500427,215.24154549445078
25.24646695026551,55.30201077461243,47.167210494319114
25.2518137548862,55.30236482620239,99.17438329211637
25.24796621413985,55.30011177062988,163.47258027381315
25.250144723171715,55.301308035850525,18.48008030496974
25.24678233093418,55.30016005039215,132.84615768480933
25.246452394214913,55.30117928981781,123.16941790143376
25.247175342621716,55.29963433742523,74.06286382741177
25.244851218000537,55.30495584011078,118.7669097069832
25.244890034643163,55.30517041683197,122.96013656838339
25.250280575447604,55.305014848709106,57.44674265382483
25.24723356646733,55.29966652393341,79.25885831872854
25.253414839340536,55.303292870521545,139.82368803796032
25.24625346134829,55.30443549156189,187.64270272097784
25.253715646792145,55.303534269332886,146.24828504189614
25.251867124708028,55.30271351337433,134.15896503515103
25.247214158521885,55.2999347448349,107.5398944355059
25.249557645518337,55.30101835727692,17.640405508857373
25.24642813412667,55.3011953830719,122.4664929419939
25.248509632076335,55.30040144920349,111.79764387205317
25.25103261208382,55.30214488506317,56.301952416344776
25.247636280635447,55.3042209148407,140.7486162628564
25.24703948687352,55.303915143013,155.11363030957017
25.24585559463793,55.30225217342377,108.95469768234888
25.2462971295664,55.30191421508789,68.85138237570779
25.24593807930688,55.30194640159607,104.27101155504468
25.24555476772372,55.30314803123474,78.86251314874205
25.247437349707184,55.30332505702973,76.11754208054829
25.245331573080293,55.30390441417694,70.54846429946814
25.251411054565665,55.305041670799255,19.591680488105666
25.24796621413985,55.30011713504791,163.92806538054515
25.246413578071383,55.303282141685486,126.87862695454194
25.245457726624775,55.30349671840668,66.34097617991513
25.24994094447301,55.301275849342346,28.517720769227783
25.246631918717384,55.30372738838196,168.8267998486472
25.24512778630869,55.304269194602966,92.71329252397322
25.246340797768852,55.30423164367676,184.4011098339355
25.247641132605224,55.30471444129944,175.00023594754467
25.254598657911515,55.30485391616821,216.25352691542307
25.24615156877826,55.30197858810425,80.6371526296962
25.25003313011713,55.301281213760376,20.914481745246523
25.2516536452801,55.302289724349976,81.76705304576122
25.24698126293491,55.29961287975311,69.65539987050988
25.25116361153789,55.304773449897766,19.574081251133617
25.244865774242967,55.304784178733826,122.73056242921118
25.250275723583243,55.30146896839142,38.4538631658124
25.25443370027791,55.30517041683197,181.68242810885528
25.24700067091753,55.29967188835144,76.11642293507475
25.24777213571636,55.3041672706604,124.78450685464374
25.244909442959823,55.30515968799591,125.13504969843008
25.24520541940484,55.30438184738159,107.39914104885247
25.245603288244126,55.30268669128418,106.81106829565985
25.25346335672181,55.303298234939575,136.9957412999493
25.25456954775717,55.30491828918457,210.23045885388413
25.2464863583303,55.30461251735687,220.08301023176006
25.24524908799961,55.30376493930817,53.63705947373363
25.247563501065315,55.3041672706604,144.90211167692118
25.247898286726898,55.300063490867615,154.53123317858712
25.246588250619595,55.300835967063904,156.11162353763115
25.24796621413985,55.30011713504791,163.92806538054515
25.25295877500912,55.303024649620056,146.81380216842075
25.24796621413985,55.30011713504791,163.92806538054515
25.246627066707305,55.30059993267059,181.35553878776383
25.249557645518337,55.301023721694946,18.18736648205742
25.24796621413985,55.30010640621185,163.01799749018238
25.245307312768247,55.30418872833252,93.20255377388547
25.24523453180308,55.303802490234375,54.98253994291761
25.246699846838368,55.30034244060517,154.5723507231984
25.24723356646733,55.29967188835144,79.82628379217766
25.24653002646475,55.30278325080872,71.15846653846997
25.24521027147169,55.30385076999664,56.75840698846356
25.24579737013201,55.30175864696503,126.22786611560444
25.24735001407481,55.30400633811951,148.11862354649767
25.25193019810358,55.30239164829254,110.06456444440381
25.247655688513447,55.30475199222565,176.80014591783254
25.249562497411404,55.301023721694946,17.984565193439035
25.247956510226047,55.30288517475128,20.226271302225538
25.254792725428956,55.30437648296356,190.62967861114217
25.249513978472095,55.3009968996048,18.22128539173676
25.246340797768852,55.30268132686615,75.15645210095377
25.245161750794335,55.29879212379456,128.72340459999407
25.24554991567061,55.303561091423035,77.09598978276992
25.24804384542246,55.303078293800354,42.95665212892153
25.24554991567061,55.29901206493378,138.43427856310203
25.250969538222208,55.30465006828308,19.46001613403644
25.245671216940153,55.30246675014496,128.91690654696748
25.245491691018216,55.30350744724274,70.15482024193918
25.25135768454348,55.30500948429108,13.250333275945316
25.245511099238797,55.30348062515259,72.2331056883009
25.24505015316292,55.30459642410278,125.92985233354565
25.24549654307364,55.30346989631653,70.62234413655287
25.24595748745614,55.29893159866333,105.10079335099506
25.246942446960347,55.30393123626709,162.83648388692993
25.25347306019573,55.30335187911987,141.1872735243177
25.24552565540216,55.30263841152191,104.0091531579692
25.24587015076004,55.30221462249756,107.28322707771353
25.246549434519466,55.3031051158905,103.26269602607879
25.251823458491913,55.30237019062042,100.32451873329165
25.24796621413985,55.30011713504791,163.92806538054515
25.25492372082789,55.304043889045715,150.97712371190505
25.244890034643163,55.30517041683197,122.96013656838339
25.246835702966337,55.30399024486542,175.28289617642605
25.246122456599707,55.301812291145325,91.29824526509998
25.246762922916673,55.303834676742554,167.75704757667756
25.251862272907005,55.30238628387451,104.49668394860588
25.246122456599707,55.29920518398285,102.14863344258946
25.246001155780633,55.30189275741577,99.61058971248127
25.24757805698285,55.30494511127472,198.02537337011424
25.2467774789301,55.30386686325073,169.20365550411927
25.244725063826365,55.30487537384033,105.62346131186666
25.247859471045302,55.302826166152954,8.364931984044677
25.24628257349545,55.30201077461243,65.7517540975856
25.246185532977776,55.30136168003082,119.60871428054797
25.245889558920155,55.29915153980255,126.4069106518849
25.249543089838,55.30100226402283,16.796939334446694
25.245457726624775,55.3038614988327,78.80156316118277
25.24780124749964,55.30000984668732,143.17288141540027
25.24625346134829,55.304537415504456,194.27519800993497
25.246728958878563,55.30022442340851,141.08093894275686
25.245307312768247,55.30418872833252,93.20255377388547
25.24546257868157,55.30350744724274,66.92705218984322
25.25452103081774,55.30397415161133,164.5577220665799
25.249397532938687,55.30370593070984,25.0323559665758
25.245040449016216,55.29871702194214,119.67595072007062
25.247248122424352,55.30246675014496,53.24102201878345
25.246607658664985,55.300562381744385,180.7265163572045
25.25441914518184,55.30392050743103,166.64251946174198
25.244904590880935,55.305052399635315,124.65484818133582
25.249523682261497,55.30095398426056,14.104303614468618
25.24723356646733,55.29967725276947,80.39411463851766
25.24497737204372,55.29869019985199,116.90568835394262
25.2462874255193,55.304515957832336,195.87870449476983
25.254598657911515,55.30394732952118,157.2709564842123
25.252730742201308,55.30287444591522,154.34750108799818
25.244851218000537,55.298572182655334,105.69721201797337
25.249513978472095,55.30097544193268,16.494449083427224
25.248378629760424,55.300337076187134,127.9667054024171
25.245535359510143,55.30294954776764,84.33227011099171
25.245195715270498,55.30392050743103,61.63834029685728
25.246869666974604,55.3039687871933,171.0709490355279
25.247204454548022,55.30396342277527,150.35639359497765
25.247971066096483,55.30011177062988,163.82047054385427
25.25437062818233,55.30388832092285,167.4157501396599
25.245307312768247,55.30418872833252,93.20255377388547
25.246117604569264,55.30318021774292,133.1319534482571
25.24603026798826,55.29915153980255,110.97656271271903
25.24670955085253,55.300310254096985,150.8485259530366
25.246515470421684,55.30114710330963,124.34176300670909
25.247917694563057,55.30299782752991,28.418106472898614
25.254089229203004,55.30370593070984,155.44955670868598
25.2459526354191,55.29922664165497,121.0438531101922
25.24606908425423,55.30169427394867,103.28530178290931
25.24783035927597,55.2999883890152,143.30557015414004
25.254598657911515,55.30469834804535,224.49519019289176
25.24618068094985,55.30271351337433,91.10023087412314
25.249596460657383,55.30103981494904,18.745162954072434
25.251571164491523,55.30224144458771,72.32236551123621
25.251993271466375,55.30247747898102,121.78542282518342
25.244962815814674,55.29864192008972,111.66894017670145
25.245622696446873,55.303013920784,90.31361467708777
25.246137012689857,55.301023721694946,153.85480152190587
25.24723356646733,55.29967188835144,79.82628379217766
25.246413578071383,55.30195713043213,55.30331785068558
25.25478787374479,55.30423700809479,176.32479794883434
25.24882500744266,55.30337333679199,21.620397451137123
25.250246612392885,55.30421555042267,48.438461425994355
25.24646695026551,55.301050543785095,136.17004394914412
25.247248122424352,55.29966115951538,79.20191622794536
25.249499422786513,55.30375957489014,16.05333704914213
25.25223586101808,55.30249893665314,143.16430875174436
25.24624860932306,55.30450522899628,191.7003019143902
25.24630683361275,55.30110955238342,136.59743971918937
25.248951157359983,55.30064821243286,56.47412943830417
25.252231009231775,55.302574038505554,148.18824027594596
25.24833981423228,55.30309438705444,67.60813592126433
25.250775464596515,55.30198931694031,61.72155168273844
25.245617844396477,55.30287444591522,96.34617006804794
25.246491210346036,55.3033572435379,131.90056824724388
25.24593322726909,55.30360400676727,119.90840453092567
25.246525174450586,55.29945731163025,75.53202240931091
25.24525394006473,55.30411899089813,83.50073501031396
25.253089772385977,55.30311584472656,143.98527950359568
25.246622214697013,55.30062675476074,178.4743210036149
25.25156631267869,55.302525758743286,100.55620275363778
25.24528305245137,55.304279923439026,100.63104901043239
25.24661736268652,55.3020966053009,27.944540069930692
25.250756057216904,55.30451059341431,25.24044399122434
25.24565180874515,55.299060344696045,135.34033977640937
25.24832040646355,55.300299525260925,135.5453126125018
25.244725063826365,55.30487537384033,105.62346131186666
25.246627066707305,55.3044193983078,222.21265409640773
25.24796621413985,55.30011713504791,163.92806538054515
25.245807074218263,55.29885649681091,106.89736708215031
25.245666364891704,55.30359864234924,90.46509443446969
25.252439635867105,55.30261695384979,168.45096343833046
25.252929664461742,55.30299246311188,146.46724048021014
25.250397020134617,55.304306745529175,30.827789032424846
25.245307312768247,55.30418872833252,93.20255377388547
25.24621949716776,55.301334857940674,119.79923258649659
25.246743514896053,55.29943585395813,58.36612038198707
25.244817253428067,55.304789543151855,117.33538801551911
25.250445538721237,55.30433893203735,25.451718742047177
25.25440944178348,55.30390977859497,166.41156990365414
25.25452103081774,55.304784178733826,212.2727512628332
25.249771128629632,55.30392587184906,3.32838794749311
25.24804384542246,55.30040681362152,160.68819984048113
25.24558388003828,55.30335187911987,80.41159831302201
25.245875002800375,55.30183374881744,115.04239889446256
25.24747131354725,55.30349671840668,90.77594604075648
25.24525394006473,55.30437648296356,108.8899388372424
25.250702686906948,55.30447840690613,22.052986980884807
25.24553050745624,55.30317485332489,75.63724402432555
25.24498707619549,55.29838979244232,83.56037211548953
25.24558388003828,55.303566455841064,80.91033305916015
25.249513978472095,55.30100226402283,18.67552261436167
25.252056344796415,55.30239701271057,120.6441297827149
25.249887573804955,55.30116856098175,30.425592041581627
25.24657854659571,55.30051410198212,176.4067885960408
25.25062505732332,55.30444085597992,17.311580132114738
25.24899967652408,55.30347526073456,22.91755316173958
25.25452588251254,55.305041670799255,198.87628084020042
25.245622696446873,55.30291736125946,94.59364299303934
25.24796621413985,55.30011177062988,163.47258027381315
25.247810951425866,55.30294954776764,21.178062013965494
25.24723356646733,55.29967188835144,79.82628379217766
25.24585559463793,55.29916763305664,130.40192307472563
25.25142561002218,55.30212879180908,53.84555015433317
25.24748101749981,55.30415117740631,152.32485913233137
25.245171454931366,55.304059982299805,73.25924149664289
25.245511099238797,55.303544998168945,72.61532830160237
25.2462971295664,55.304542779922485,198.50904268432828
25.24630683361275,55.30368447303772,162.18787790882578
25.25471024677192,55.30410289764404,166.18501279731376
25.251765236846023,55.3023487329483,94.38638004092836
25.246792034941777,55.2996826171875,81.19799374010326
25.252876295106773,55.30298173427582,149.79764563598644
25.245928375231088,55.30350744724274,118.59544144039997
25.246301981589696,55.303561091423035,160.22790924827444
25.253278990569797,55.30323386192322,142.39708384516257
25.254928572506643,55.30435502529144,183.80149386770975
25.249513978472095,55.3009968996048,18.22128539173676
25.25104231575193,55.30470371246338,15.773514179676303
25.254613212986072,55.30459105968475,220.02660689070268
25.24660280665394,55.30075013637543,165.2361071644629
25.24665617876495,55.30427455902099,212.40790905259445
25.254938275863523,55.30410826206207,157.24264054849655
25.24723356646733,55.29967725276947,80.39411463851766
25.24674836690151,55.29975235462189,90.08002654958766
25.244725063826365,55.30487537384033,105.62346131186666
25.24902393609885,55.30348598957062,23.315494054884564
25.24796621413985,55.30011177062988,163.47258027381315
25.246772626925814,55.29970407485962,84.13594150039557
25.24608364035079,55.30147433280945,117.65177784045746
25.250086500721252,55.30136704444885,26.262263160619103
25.24657854659571,55.30009567737579,132.37808745893793
25.24717049063335,55.30242383480072,43.40213826681333
25.24796621413985,55.30011713504791,163.92806538054515
