{
"type": "FeatureCollection",
"name": "shadows_12",
"crs": { "type": "name", "properties": { "name": "urn:ogc:def:crs:OGC:1.3:CRS84" } },
"features": [
{ "type": "Feature", "properties": { }, "geometry": { "type": "MultiPolygon", "coordinates": [ [ [ [ 55.319536232736048, 25.249283673442978 ], [ 55.319979232810674, 25.249757473461568 ], [ 55.320721033015197, 25.249190073500824 ], [ 55.3207264, 25.2491616 ], [ 55.3202833, 25.2486878 ], [ 55.3195416, 25.2492552 ], [ 55.319536232736048, 25.249283673442978 ] ] ], [ [ [ 55.320435416286728, 25.244537757303245 ], [ 55.32051, 25.2440237 ], [ 55.3204238, 25.2431806 ], [ 55.3203784, 25.2431185 ], [ 55.3202101, 25.2430673 ], [ 55.32006, 25.2430673 ], [ 55.3198005, 25.2431362 ], [ 55.3197443, 25.2431773 ], [ 55.319587392556144, 25.24363460000254 ], [ 55.3195658, 25.243634599999989 ], [ 55.319564086720007, 25.243702523522725 ], [ 55.319465865077575, 25.24398878389546 ], [ 55.319467921713688, 25.243917125156315 ], [ 55.319378090185275, 25.243872209392112 ], [ 55.319288258656862, 25.243872209392105 ], [ 55.319285217351322, 25.243933260118439 ], [ 55.31937504888851, 25.244023091649005 ], [ 55.319454093365721, 25.244023091654061 ], [ 55.319399415493479, 25.244321957132421 ], [ 55.319546511159793, 25.244379944843075 ], [ 55.319546215566753, 25.244543757152652 ], [ 55.31968831568156, 25.244544057176693 ], [ 55.319707102067838, 25.244443252390571 ], [ 55.320135816029321, 25.244612257250999 ], [ 55.320291616155231, 25.244612357277362 ], [ 55.320435416286728, 25.244537757303245 ] ] ], [ [ [ 55.3204332333978, 25.241506473532596 ], [ 55.3204386, 25.241478 ], [ 55.320211, 25.2412742 ], [ 55.3199132, 25.241226 ], [ 55.319811726482016, 25.241266015068554 ], [ 55.3198206, 25.2410772 ], [ 55.319593764725276, 25.241075406527973 ], [ 55.3195931, 25.2409745 ], [ 55.3195415, 25.2409756 ], [ 55.319525116240513, 25.241166957219381 ], [ 55.319535816238641, 25.241218357220124 ], [ 55.319565835550748, 25.241218583298007 ], [ 55.31953933318141, 25.241677173488373 ], [ 55.320203433332821, 25.241710373520277 ], [ 55.3204332333978, 25.241506473532596 ] ], [ [ 55.319645233158312, 25.241331669835475 ], [ 55.319623991728811, 25.241340046134933 ], [ 55.319602708896504, 25.241348438756756 ], [ 55.319605647853919, 25.241331621657949 ], [ 55.319645233158312, 25.241331669835475 ] ] ], [ [ [ 55.3205179, 25.2344295 ], [ 55.3204585, 25.2340014 ], [ 55.320288, 25.234027 ], [ 55.3199926, 25.2343354 ], [ 55.319935352664849, 25.234723051626986 ], [ 55.320342253354021, 25.234757951772931 ], [ 55.320477653638783, 25.234643051827128 ], [ 55.3205179, 25.2344295 ] ] ], [ [ [ 55.3203376, 25.2380924 ], [ 55.319772630264566, 25.237952985772878 ], [ 55.3198126, 25.2377898 ], [ 55.3196999, 25.2377619 ], [ 55.319645552985001, 25.237921627329996 ], [ 55.3196886, 25.2376885 ], [ 55.3196349, 25.2376812 ], [ 55.319592903946493, 25.237908635263423 ], [ 55.3193869, 25.2378578 ], [ 55.319244749853588, 25.238409351212177 ], [ 55.319490435672044, 25.238469978658085 ], [ 55.319478450206198, 25.238528151291607 ], [ 55.319572950358385, 25.238554251324711 ], [ 55.319585480947779, 25.238493432685051 ], [ 55.320195451396991, 25.238643951546401 ], [ 55.3203376, 25.2380924 ] ] ], [ [ [ 55.319873053283892, 25.233064151678384 ], [ 55.320061553521178, 25.233267351737652 ], [ 55.320139853659661, 25.233260651766333 ], [ 55.320261553930294, 25.233123851816551 ], [ 55.3203093, 25.2328203 ], [ 55.3202518, 25.2326409 ], [ 55.3201811, 25.232593 ], [ 55.3198951, 25.2326241 ], [ 55.31983833266446, 25.232852916391945 ], [ 55.3197966, 25.2326186 ], [ 55.319482, 25.2326605 ], [ 55.319432552593433, 25.232899551526035 ], [ 55.319508252538782, 25.233323351534583 ], [ 55.319779353025979, 25.233282551634673 ], [ 55.319840870263249, 25.232876402148577 ], [ 55.319873053283892, 25.233064151678384 ] ] ], [ [ [ 55.319953415340862, 25.247256757165079 ], [ 55.319967015335358, 25.247337357165705 ], [ 55.320006815360436, 25.24737205717172 ], [ 55.32006551541776, 25.247323857182657 ], [ 55.3200843, 25.2472242 ], [ 55.3200117, 25.2470795 ], [ 55.3199641, 25.2471147 ], [ 55.319953415340862, 25.247256757165079 ] ] ], [ [ [ 55.320003198838592, 25.247583620428276 ], [ 55.3200193, 25.2474982 ], [ 55.3199687, 25.2474454 ], [ 55.3198954, 25.2475029 ], [ 55.319879298751914, 25.24758832041023 ], [ 55.319929998777788, 25.247641120416635 ], [ 55.320003198838592, 25.247583620428276 ] ] ], [ [ [ 55.320022033442612, 25.239114773526943 ], [ 55.3201364, 25.2387242 ], [ 55.31980039936807, 25.238641480899101 ], [ 55.319818, 25.2385552 ], [ 55.3196973, 25.2385261 ], [ 55.319679818761827, 25.238611795269779 ], [ 55.319191600000011, 25.2384916 ], [ 55.319077233238076, 25.238882173482651 ], [ 55.320022033442612, 25.239114773526943 ] ] ], [ [ [ 55.3200597, 25.2423269 ], [ 55.3200651, 25.2421425 ], [ 55.3197044, 25.2421339 ], [ 55.319650116074357, 25.242473057213353 ], [ 55.319696816112007, 25.242473557221238 ], [ 55.31970642454457, 25.242405762317457 ], [ 55.320040916399726, 25.242426557280439 ], [ 55.3200597, 25.2423269 ] ] ], [ [ [ 55.32017483388185, 25.232200773575435 ], [ 55.3200955, 25.2316805 ], [ 55.3199222, 25.231549 ], [ 55.3195322, 25.2316028 ], [ 55.319649633751631, 25.232354673549143 ], [ 55.320099833859196, 25.232292173571278 ], [ 55.32017483388185, 25.232200773575435 ] ] ], [ [ [ 55.319732585695476, 25.251308936582451 ], [ 55.319822417242577, 25.251308936586362 ], [ 55.319912248794388, 25.251219105062347 ], [ 55.319917079355747, 25.251103647429275 ], [ 55.319737416298921, 25.250923984372442 ], [ 55.319333174421068, 25.250609574023002 ], [ 55.319198427128448, 25.250609574023002 ], [ 55.319196692973534, 25.250651021890977 ], [ 55.318973848307422, 25.250250247909364 ], [ 55.318749269486389, 25.250115500616737 ], [ 55.318704353722183, 25.250115500616744 ], [ 55.318659437957976, 25.250160416380947 ], [ 55.31865514393747, 25.25027302662491 ], [ 55.319014470083914, 25.250991678862679 ], [ 55.319149217401431, 25.250991678867891 ], [ 55.319283964721052, 25.250946763109123 ], [ 55.31928109132447, 25.250819818232166 ], [ 55.319377244398204, 25.250923984372577 ], [ 55.319333174421068, 25.250923984372442 ], [ 55.319328343747763, 25.251039441981078 ], [ 55.319373259518947, 25.25108435774699 ], [ 55.319418175292498, 25.251084357748944 ], [ 55.319423005949481, 25.251013815900858 ], [ 55.319379089754356, 25.250925983512104 ], [ 55.319732585695476, 25.251308936582451 ] ] ], [ [ [ 55.319961995119954, 25.247734965113825 ], [ 55.319917079355747, 25.247734965113821 ], [ 55.319913859101504, 25.24779696496002 ], [ 55.319958774871949, 25.247796964961324 ], [ 55.319961995119954, 25.247734965113825 ] ] ], [ [ [ 55.319557753242101, 25.235293298428761 ], [ 55.319467921713688, 25.235293298428768 ], [ 55.319466745456417, 25.235329074246199 ], [ 55.3194326, 25.235326 ], [ 55.319343351086857, 25.235985051356074 ], [ 55.320008252218948, 25.236028651595177 ], [ 55.3200957, 25.2353857 ], [ 55.319556311858612, 25.235337138214312 ], [ 55.319557753242101, 25.235293298428761 ] ] ], [ [ [ 55.319467189491291, 25.247804190919403 ], [ 55.319464701394054, 25.24788679647509 ], [ 55.319509617164485, 25.247886796476386 ], [ 55.319644364478926, 25.247796964952208 ], [ 55.319647584770507, 25.247734965113821 ], [ 55.319538893990845, 25.247744394746938 ], [ 55.319907915267272, 25.247436657153639 ], [ 55.3199221, 25.2469646 ], [ 55.3198903, 25.2469317 ], [ 55.3196436, 25.2469391 ], [ 55.3190631, 25.2470535 ], [ 55.3186898, 25.2472513 ], [ 55.318666514259988, 25.247454856943151 ], [ 55.318750995815037, 25.247573379826811 ], [ 55.3187041, 25.2475911 ], [ 55.3186478, 25.2476741 ], [ 55.318629014164415, 25.247773756930169 ], [ 55.318659214167972, 25.247875656933164 ], [ 55.31877551424877, 25.247940256951502 ], [ 55.318835814299305, 25.247931556961891 ], [ 55.318885514343592, 25.247911456970712 ], [ 55.318937449913001, 25.247834963527566 ], [ 55.319058265487428, 25.24800445970061 ], [ 55.318973848307422, 25.248004459699057 ], [ 55.318970627911433, 25.248111375280981 ], [ 55.319060459452302, 25.248111375283585 ], [ 55.319063460316173, 25.248011747685805 ], [ 55.319152621044438, 25.248066516252678 ], [ 55.319150290993157, 25.248111375286193 ], [ 55.31928503830445, 25.248111375290105 ], [ 55.319329954076458, 25.248066459527362 ], [ 55.319333174421068, 25.247959543934858 ], [ 55.319280897579603, 25.247959543941505 ], [ 55.319467189491291, 25.247804190919403 ] ] ], [ [ [ 55.3200392, 25.2391371 ], [ 55.3199801, 25.2391177 ], [ 55.319948633419045, 25.239228073522717 ], [ 55.320004933431193, 25.239242673525354 ], [ 55.3200392, 25.2391371 ] ] ], [ [ [ 55.32000691088416, 25.240278948255625 ], [ 55.31987216359154, 25.240278948255632 ], [ 55.319865544700377, 25.240403897115215 ], [ 55.320000292031366, 25.240403897123247 ], [ 55.32000691088416, 25.240278948255625 ] ] ], [ [ [ 55.319868764424363, 25.247887745602387 ], [ 55.31987216359154, 25.247779880878028 ], [ 55.319827247827334, 25.247779880878031 ], [ 55.319823848653591, 25.247887745601005 ], [ 55.319868764424363, 25.247887745602387 ] ] ], [ [ [ 55.319966211666298, 25.237972011771806 ], [ 55.3200055, 25.2377958 ], [ 55.3199789, 25.23779 ], [ 55.319939511646879, 25.23796621176762 ], [ 55.319966211666298, 25.237972011771806 ] ] ], [ [ [ 55.3199288, 25.2367219 ], [ 55.3199792, 25.2362648 ], [ 55.3193128, 25.2362189 ], [ 55.319223750489485, 25.236875551272981 ], [ 55.319888551614312, 25.236935451511339 ], [ 55.3199288, 25.2367219 ] ] ], [ [ [ 55.3198738, 25.2428792 ], [ 55.3198142, 25.2428812 ], [ 55.31979621608447, 25.243000857227084 ], [ 55.319855816133028, 25.242998957237202 ], [ 55.3198738, 25.2428792 ] ] ], [ [ [ 55.31981119993651, 25.240563620525688 ], [ 55.319870299978291, 25.240558820534346 ], [ 55.3198808, 25.2404181 ], [ 55.3198218, 25.240423 ], [ 55.31981119993651, 25.240563620525688 ] ] ], [ [ [ 55.319782332063127, 25.247914628170648 ], [ 55.319737416298921, 25.247914628170648 ], [ 55.319734017108708, 25.247977577126338 ], [ 55.319778932879487, 25.247977577127706 ], [ 55.319782332063127, 25.247914628170648 ] ] ], [ [ [ 55.320005122185663, 25.231125623548778 ], [ 55.32000691088416, 25.231071216593403 ], [ 55.319917079355747, 25.231071216593406 ], [ 55.319915290650343, 25.231125623547324 ], [ 55.320005122185663, 25.231125623548778 ] ] ], [ [ [ 55.319915290661712, 25.230541718613814 ], [ 55.320005122197038, 25.230541718615264 ], [ 55.32000691088416, 25.230442395894524 ], [ 55.319917079355747, 25.230442395894521 ], [ 55.319915290661712, 25.230541718613814 ] ] ], [ [ [ 55.319885344650579, 25.23780746470424 ], [ 55.3198998, 25.2377379 ], [ 55.3198609, 25.2377306 ], [ 55.319846444639168, 25.237800264701789 ], [ 55.319885344650579, 25.23780746470424 ] ] ], [ [ [ 55.31959855406437, 25.250406824838738 ], [ 55.319688385608686, 25.250406824842077 ], [ 55.319692500534714, 25.250340079437773 ], [ 55.319602669006308, 25.250340079437773 ], [ 55.31959855406437, 25.250406824838738 ] ] ], [ [ [ 55.319825459038917, 25.235033295024049 ], [ 55.319870374806577, 25.235033295024778 ], [ 55.31987216359154, 25.234978888079326 ], [ 55.319827247827334, 25.234978888079333 ], [ 55.319825459038917, 25.235033295024049 ] ] ], [ [ [ 55.319464522464095, 25.248516566286515 ], [ 55.319644185552185, 25.24838181899991 ], [ 55.319647584770507, 25.248318870048507 ], [ 55.319512837477895, 25.2483188700485 ], [ 55.319378090185275, 25.24840870157691 ], [ 55.319374690922537, 25.248516566283769 ], [ 55.319464522464095, 25.248516566286515 ] ] ], [ [ [ 55.319447214092008, 25.251359856993986 ], [ 55.319494514119484, 25.251412457000903 ], [ 55.319543414166382, 25.251376557009927 ], [ 55.319557055514885, 25.251304191009627 ], [ 55.319598732936406, 25.251304191004305 ], [ 55.319602669006308, 25.251238394721895 ], [ 55.319557753242101, 25.251193478957685 ], [ 55.319512837477895, 25.251193478957685 ], [ 55.319466, 25.2512602 ], [ 55.319447214092008, 25.251359856993986 ] ] ], [ [ [ 55.319511048744886, 25.230945960484348 ], [ 55.319555964512546, 25.230945960485073 ], [ 55.319780543353481, 25.230811213196347 ], [ 55.319827247827334, 25.230666974715554 ], [ 55.319827247827334, 25.230622058951344 ], [ 55.319782332063127, 25.230577143187144 ], [ 55.319713086666518, 25.230577143191962 ], [ 55.319811854318161, 25.230461751772268 ], [ 55.3198521, 25.2302482 ], [ 55.3197362, 25.2301709 ], [ 55.319632876989381, 25.2303361000004 ], [ 55.3194768, 25.2304962 ], [ 55.319489033818513, 25.23057557355196 ], [ 55.319564533836349, 25.230568273555662 ], [ 55.319605981066182, 25.230517350674571 ], [ 55.319688036889495, 25.230580490927537 ], [ 55.319512837477895, 25.230711890479757 ], [ 55.319511048744886, 25.230945960484348 ] ] ], [ [ [ 55.31978054327476, 25.234853631966867 ], [ 55.319782332063127, 25.234799225022496 ], [ 55.319647584770507, 25.234799225022496 ], [ 55.319645795971766, 25.234853631964697 ], [ 55.31978054327476, 25.234853631966867 ] ] ], [ [ [ 55.3197165, 25.2392055 ], [ 55.3196642, 25.2391921 ], [ 55.319630216699039, 25.239340557275188 ], [ 55.319682516738581, 25.239353857283756 ], [ 55.3197165, 25.2392055 ] ] ], [ [ [ 55.319640965818621, 25.240358981337948 ], [ 55.319685881595618, 25.240358981340624 ], [ 55.319692500534714, 25.240323864019832 ], [ 55.319692500534714, 25.240009453670393 ], [ 55.319647584770507, 25.240009453670393 ], [ 55.319640965841288, 25.240044570990811 ], [ 55.319640965818621, 25.240358981337948 ] ] ], [ [ [ 55.319313, 25.249145 ], [ 55.3192563, 25.2491857 ], [ 55.319244312968387, 25.249249290658824 ], [ 55.319506713064762, 25.249547990683197 ], [ 55.3195496, 25.2494622 ], [ 55.3195199, 25.2493805 ], [ 55.319313, 25.249145 ] ] ], [ [ [ 55.319438433063659, 25.243293073473886 ], [ 55.319581933096799, 25.243293073480821 ], [ 55.3195873, 25.2432173 ], [ 55.319510955204031, 25.243217300017367 ], [ 55.319598733286867, 25.243129521954476 ], [ 55.319602669006308, 25.243018809872197 ], [ 55.319557753242101, 25.24297389410799 ], [ 55.319467921713688, 25.242973894107987 ], [ 55.319423005949481, 25.243018809872197 ], [ 55.319438433063659, 25.243293073473886 ] ] ], [ [ [ 55.319533633074016, 25.243491973477298 ], [ 55.319587333086425, 25.243491973479898 ], [ 55.3195927, 25.2433301 ], [ 55.319539, 25.2433301 ], [ 55.319533633074016, 25.243491973477298 ] ] ], [ [ [ 55.319559132977631, 25.245241773468127 ], [ 55.3195645, 25.2451818 ], [ 55.319537, 25.2451818 ], [ 55.31953163297127, 25.245241773466795 ], [ 55.319559132977631, 25.245241773468127 ] ] ], [ [ [ 55.3193029, 25.2463244 ], [ 55.319298914972158, 25.246472857070646 ], [ 55.319502215146791, 25.246422557106094 ], [ 55.3195062, 25.2462741 ], [ 55.3193029, 25.2463244 ] ] ], [ [ [ 55.319421217130838, 25.234988379253434 ], [ 55.31951104866441, 25.235078210783112 ], [ 55.319645795967389, 25.235078210785282 ], [ 55.319647584770507, 25.235023803843532 ], [ 55.319557753242101, 25.234933972315122 ], [ 55.319423005949481, 25.234933972315119 ], [ 55.319421217130838, 25.234988379253434 ] ] ], [ [ [ 55.319600880208476, 25.234629053143379 ], [ 55.319645795976143, 25.234629053144104 ], [ 55.319647584770507, 25.234574646201473 ], [ 55.319602669006308, 25.234574646201473 ], [ 55.319600880208476, 25.234629053143379 ] ] ], [ [ [ 55.319473433146499, 25.242014073483176 ], [ 55.31945901598975, 25.242131657188104 ], [ 55.319520516039233, 25.242132757198494 ], [ 55.3195377, 25.2416885 ], [ 55.319446745643496, 25.241688683934406 ], [ 55.3194643, 25.240977 ], [ 55.3194129, 25.2409769 ], [ 55.319392316023219, 25.241704557185717 ], [ 55.319438507188387, 25.241704736926362 ], [ 55.319434033141157, 25.241949773481661 ], [ 55.319477965822109, 25.241949684649352 ], [ 55.319473433146499, 25.242014073483176 ] ] ], [ [ [ 55.319464701535843, 25.243844377710975 ], [ 55.319509617306267, 25.243844377712279 ], [ 55.319512837477895, 25.243782377863699 ], [ 55.319467921713688, 25.243782377863695 ], [ 55.319464701535843, 25.243844377710975 ] ] ], [ [ [ 55.319473315708699, 25.243561957160754 ], [ 55.3194882, 25.243324 ], [ 55.3194346, 25.2433252 ], [ 55.319419615665055, 25.243563157151648 ], [ 55.319473315708699, 25.243561957160754 ] ] ], [ [ [ 55.319419606703299, 25.24824707170092 ], [ 55.319423005949481, 25.24813920699167 ], [ 55.319378090185275, 25.248139206991677 ], [ 55.319374690932513, 25.248247071699549 ], [ 55.319419606703299, 25.24824707170092 ] ] ], [ [ [ 55.318839101014802, 25.232283942226971 ], [ 55.318807441457871, 25.232315601788979 ], [ 55.3187997, 25.2322649 ], [ 55.318695, 25.2322779 ], [ 55.318641651325422, 25.232668751249594 ], [ 55.318927143732047, 25.232652759511389 ], [ 55.318927693028222, 25.232622260208057 ], [ 55.319017751617167, 25.232609653029179 ], [ 55.319016975267367, 25.232652759512838 ], [ 55.319106806802687, 25.232652759514277 ], [ 55.319107810205267, 25.232597045792382 ], [ 55.31915228227377, 25.232590820158173 ], [ 55.319196638338006, 25.232652759515734 ], [ 55.31924155410568, 25.232652759516451 ], [ 55.319331385641874, 25.232607843753787 ], [ 55.319333174421068, 25.232508521047997 ], [ 55.319283721684904, 25.232508521062286 ], [ 55.319306233670353, 25.232389073532346 ], [ 55.319350837894532, 25.232382587106706 ], [ 55.319375852651234, 25.232543651521361 ], [ 55.31945555279367, 25.232533451550708 ], [ 55.319477730534246, 25.232415776638813 ], [ 55.319496352864384, 25.23253325156551 ], [ 55.319576453007564, 25.232522951595005 ], [ 55.3196167, 25.2323094 ], [ 55.3195648, 25.2319819 ], [ 55.3194847, 25.2319923 ], [ 55.319462923196454, 25.232107848124635 ], [ 55.3194469, 25.2320045 ], [ 55.319424345244364, 25.232007354679165 ], [ 55.31945180000001, 25.2318218 ], [ 55.3194165, 25.2318258 ], [ 55.319408817196759, 25.231866565077674 ], [ 55.3193784, 25.231867 ], [ 55.319331951184445, 25.232201099113166 ], [ 55.3193112, 25.232018 ], [ 55.318905, 25.2320765 ], [ 55.318865903268396, 25.232283942228616 ], [ 55.318839101014802, 25.232283942226971 ] ], [ [ 55.318859651626852, 25.232383264930739 ], [ 55.318859257009954, 25.232553436827551 ], [ 55.318780666506207, 25.232557943067512 ], [ 55.31881358841072, 25.232383264929783 ], [ 55.318859651626852, 25.232383264930739 ] ] ], [ [ [ 55.319421624111328, 25.239955688567971 ], [ 55.319506039625878, 25.239955688571587 ], [ 55.319512837477895, 25.23982979061357 ], [ 55.319439208159579, 25.239858504173316 ], [ 55.319441, 25.2398155 ], [ 55.319415, 25.2398147 ], [ 55.319394116381076, 25.239962257222295 ], [ 55.319421624111328, 25.239955688567971 ] ] ], [ [ [ 55.319333174421068, 25.251552805071334 ], [ 55.319288258656862, 25.251552805071331 ], [ 55.319284143604882, 25.251619550455114 ], [ 55.31932905937704, 25.25161955045678 ], [ 55.319333174421068, 25.251552805071334 ] ] ], [ [ [ 55.319108595600035, 25.251058731665069 ], [ 55.319063679835836, 25.251058731665069 ], [ 55.319059564762206, 25.251215308570774 ], [ 55.319104480528317, 25.251350055864446 ], [ 55.319149396300475, 25.251350055866112 ], [ 55.319329059393148, 25.251260224344776 ], [ 55.319333174421068, 25.251193478957685 ], [ 55.319108595600035, 25.251058731665069 ] ] ], [ [ [ 55.318967337612804, 25.242787214139881 ], [ 55.31893721539948, 25.242955457082651 ], [ 55.319404515776938, 25.242956557161715 ], [ 55.3194245, 25.2424621 ], [ 55.3189506, 25.242461 ], [ 55.318931315440807, 25.242730157086356 ], [ 55.318967337612804, 25.242787214139881 ] ], [ [ 55.319093950007236, 25.242730534786642 ], [ 55.319079564913196, 25.242736974431701 ], [ 55.319050384340521, 25.242750037428436 ], [ 55.319051093818643, 25.242730435275398 ], [ 55.319093950007236, 25.242730534786642 ] ] ], [ [ [ 55.319157932967798, 25.243824873457154 ], [ 55.319400733023784, 25.24382627346888 ], [ 55.3194102, 25.2436334 ], [ 55.3192261, 25.243632 ], [ 55.319207219632879, 25.243742351069674 ], [ 55.3191637, 25.2437421 ], [ 55.319157932967798, 25.243824873457154 ] ] ], [ [ [ 55.3194644, 25.23915 ], [ 55.3194229, 25.2391379 ], [ 55.319407533296101, 25.239194173496763 ], [ 55.319449133304992, 25.239206273498706 ], [ 55.3194644, 25.23915 ] ] ], [ [ [ 55.319199199379547, 25.24322987037996 ], [ 55.319213815538191, 25.243370157120836 ], [ 55.319362715658606, 25.243369857146046 ], [ 55.319381348680515, 25.243229343706446 ], [ 55.319405633059816, 25.243229273472679 ], [ 55.31941040000001, 25.2430147 ], [ 55.3192029, 25.2430152 ], [ 55.319198316731161, 25.243221600000133 ], [ 55.3191896, 25.2430206 ], [ 55.3190971, 25.2430206 ], [ 55.319091732994941, 25.24309897345826 ], [ 55.319152733009034, 25.243098973461215 ], [ 55.319168233001804, 25.243283773460877 ], [ 55.319194633007903, 25.243283773462146 ], [ 55.319199199379547, 25.24322987037996 ] ] ], [ [ [ 55.319333174421068, 25.24822903852009 ], [ 55.319288258656862, 25.248229038520094 ], [ 55.319284859387636, 25.248336903224871 ], [ 55.319329775158415, 25.248336903226249 ], [ 55.319333174421068, 25.24822903852009 ] ] ], [ [ [ 55.319511048750137, 25.230676465899649 ], [ 55.319555964517797, 25.230676465900373 ], [ 55.319557753242101, 25.230622058951344 ], [ 55.319512837477895, 25.230622058951344 ], [ 55.319511048750137, 25.230676465899649 ] ] ], [ [ [ 55.3194393, 25.2389828 ], [ 55.319324, 25.2389549 ], [ 55.319273416446194, 25.239167057218427 ], [ 55.319384816530508, 25.239194957236695 ], [ 55.3194393, 25.2389828 ] ] ], [ [ [ 55.3193942, 25.2420036 ], [ 55.3193365, 25.2420036 ], [ 55.319331133109607, 25.242083073475886 ], [ 55.319388833122929, 25.242083073478671 ], [ 55.3193942, 25.2420036 ] ] ], [ [ [ 55.319146514802007, 25.246702357040064 ], [ 55.319209114837896, 25.246774257049161 ], [ 55.319298314918868, 25.246730957065157 ], [ 55.3193226, 25.2466071 ], [ 55.3192854, 25.2465444 ], [ 55.3192067, 25.2465422 ], [ 55.31917090000001, 25.2465785 ], [ 55.319146514802007, 25.246702357040064 ] ] ], [ [ [ 55.319240122504084, 25.24896477480566 ], [ 55.319288258656862, 25.248768027690559 ], [ 55.319288258656862, 25.248633280397947 ], [ 55.319198427128448, 25.248633280397947 ], [ 55.319108595600035, 25.248812943454766 ], [ 55.319105375192791, 25.248964774801752 ], [ 55.319240122504084, 25.24896477480566 ] ] ], [ [ [ 55.319063679835836, 25.249082438040002 ], [ 55.319059385938367, 25.249239964068718 ], [ 55.319104301708769, 25.249284879834455 ], [ 55.319239049026287, 25.249284879839671 ], [ 55.319198427128448, 25.249037522275799 ], [ 55.319108595600035, 25.249037522275799 ], [ 55.319063679835836, 25.249082438040002 ] ] ], [ [ [ 55.313796365903556, 25.254716531903423 ], [ 55.313796365881586, 25.254885529389576 ], [ 55.313788942734959, 25.254891025999633 ], [ 55.3136644, 25.2547381 ], [ 55.3136122, 25.2547793 ], [ 55.313606831043074, 25.254807773123201 ], [ 55.313730553506971, 25.254936027888753 ], [ 55.313531859040076, 25.255098124460588 ], [ 55.3135372, 25.2550698 ], [ 55.3134088, 25.2549368 ], [ 55.3133566, 25.254978 ], [ 55.31335123097238, 25.255006473109638 ], [ 55.313479530994222, 25.255139573115056 ], [ 55.313527017259389, 25.255102074415827 ], [ 55.3134668, 25.2551512 ], [ 55.313484030987411, 25.255273873114472 ], [ 55.313902931081522, 25.255319573134475 ], [ 55.314126331153091, 25.254978573147319 ], [ 55.3141626, 25.2548086 ], [ 55.3140006, 25.2547343 ], [ 55.3139432827181, 25.254776741839219 ], [ 55.313943282716842, 25.254663427960931 ], [ 55.31403983115257, 25.254646273145113 ], [ 55.314028989568548, 25.254578113084381 ], [ 55.314108628889791, 25.254683005433559 ], [ 55.314162013874288, 25.254683005455178 ], [ 55.314156586998664, 25.25480161794512 ], [ 55.314287730977611, 25.254801617960055 ], [ 55.314212777301584, 25.254876571622574 ], [ 55.314202428546615, 25.254972038851321 ], [ 55.3141595, 25.2549862 ], [ 55.314144231151964, 25.255068573147661 ], [ 55.314237031160182, 25.255294373150804 ], [ 55.314330831177649, 25.255366273154909 ], [ 55.314379431191341, 25.255324273157523 ], [ 55.314386, 25.2552639 ], [ 55.314312135726844, 25.255072061662467 ], [ 55.314515734294744, 25.255072061669019 ], [ 55.314605565873038, 25.255027145914671 ], [ 55.314617019179444, 25.254921487386778 ], [ 55.314347524594204, 25.254786740094165 ], [ 55.314292171680663, 25.254797177253533 ], [ 55.314301382325262, 25.254748329042439 ], [ 55.31466603128537, 25.254849073174221 ], [ 55.314769131314527, 25.254757873179759 ], [ 55.314803914859134, 25.254654979259008 ], [ 55.315141692110011, 25.254638089803418 ], [ 55.315411186896334, 25.254413511020743 ], [ 55.315425502935149, 25.254113003631065 ], [ 55.315200924114116, 25.253663845989006 ], [ 55.315111092586413, 25.253566204090685 ], [ 55.315111092591259, 25.253291667654459 ], [ 55.315254510235036, 25.253640056236542 ], [ 55.315347907753043, 25.253637175962357 ], [ 55.315338731506792, 25.253721273213493 ], [ 55.315426831515772, 25.2539156732166 ], [ 55.315564231550503, 25.253864673223557 ], [ 55.31556183200636, 25.253805100376539 ], [ 55.315615624150389, 25.253858892583708 ], [ 55.3154806, 25.2539052 ], [ 55.315475231525902, 25.253933673218842 ], [ 55.315563831534, 25.254145073221867 ], [ 55.31577864738361, 25.254064409849281 ], [ 55.31578538838739, 25.254028656595665 ], [ 55.315814713292099, 25.254057981396215 ], [ 55.315904544878613, 25.254057981408387 ], [ 55.315994376472503, 25.254013065657098 ], [ 55.316308787069481, 25.25374357111896 ], [ 55.316323818229968, 25.253531209059247 ], [ 55.316374447637813, 25.253520709897384 ], [ 55.316403092238843, 25.253371022867277 ], [ 55.31640309222859, 25.253450348828533 ], [ 55.316492923797817, 25.253450348837081 ], [ 55.316503481276094, 25.253259604111161 ], [ 55.31641364974768, 25.253259604111157 ], [ 55.316403092241764, 25.253342260025157 ], [ 55.3163946, 25.2533033 ], [ 55.316323818225449, 25.25327745214155 ], [ 55.316323818219267, 25.253214688346954 ], [ 55.316253898465106, 25.253144768608355 ], [ 55.316406850014936, 25.253119586875986 ], [ 55.316406850010885, 25.253160922958745 ], [ 55.316496681558924, 25.25325075449199 ], [ 55.316631428890972, 25.25325075450024 ], [ 55.317215334013163, 25.253026175716695 ], [ 55.317177217739179, 25.252720614940689 ], [ 55.316997554682359, 25.252361288827039 ], [ 55.316952638918153, 25.25231637306284 ], [ 55.316896550202024, 25.252316373086312 ], [ 55.316950347944605, 25.252298909950085 ], [ 55.3169584, 25.2522562 ], [ 55.316878955975469, 25.252056235813903 ], [ 55.317037343557367, 25.251984241343081 ], [ 55.317030481863895, 25.252379963440898 ], [ 55.317075397645404, 25.252424879209354 ], [ 55.317175309587817, 25.252424879231949 ], [ 55.317167197475662, 25.252504270533002 ], [ 55.317212113259238, 25.252504270537067 ], [ 55.317220580792274, 25.252421400650146 ], [ 55.317580432870137, 25.252301450102234 ], [ 55.317539038743774, 25.252458851313826 ], [ 55.317583538757901, 25.252569351319352 ], [ 55.31761335705972, 25.252559495080735 ], [ 55.317667648161525, 25.252659709998927 ], [ 55.317704721983759, 25.252645787775844 ], [ 55.317709322465497, 25.252765530705776 ], [ 55.317671291145444, 25.252765530704899 ], [ 55.31766896505296, 25.252867700676827 ], [ 55.317713880821664, 25.252867700677776 ], [ 55.317715867457103, 25.252780440681114 ], [ 55.31772771206272, 25.252807423560146 ], [ 55.317759524134715, 25.252795973148501 ], [ 55.317758975520938, 25.252821835803434 ], [ 55.317848807057651, 25.252821835805172 ], [ 55.317895843598755, 25.25263147486244 ], [ 55.317991912612896, 25.252837256716866 ], [ 55.318417712979162, 25.252729956791185 ], [ 55.3184365, 25.2526303 ], [ 55.318331237504218, 25.252378372874119 ], [ 55.318566385827843, 25.252378372853588 ], [ 55.318611301599852, 25.252333457090842 ], [ 55.31865621737343, 25.252243625564059 ], [ 55.318659437957976, 25.252136710006006 ], [ 55.318564504693477, 25.252158146143877 ], [ 55.318565682522646, 25.252112674733521 ], [ 55.318655501693613, 25.252112674723033 ], [ 55.318657835973163, 25.252073656312501 ], [ 55.318671254458323, 25.252104288784668 ], [ 55.318835354553421, 25.252045488803731 ], [ 55.3188477, 25.25198 ], [ 55.318779885679753, 25.251825189470289 ], [ 55.318827782162884, 25.25180859096989 ], [ 55.318839913495488, 25.251875256880449 ], [ 55.318914703200676, 25.251850758358618 ], [ 55.318879722720162, 25.251979825665291 ], [ 55.318924638492668, 25.251979825667036 ], [ 55.318969554267284, 25.251934909904779 ], [ 55.318973497506676, 25.251831499342401 ], [ 55.319013313647318, 25.251818456910996 ], [ 55.319028271091888, 25.251739111417415 ], [ 55.319147313780348, 25.251697856936186 ], [ 55.319156529074796, 25.251575583806734 ], [ 55.319194133146617, 25.251575583801539 ], [ 55.319198427128448, 25.251507889307131 ], [ 55.319127881527351, 25.251507889311739 ], [ 55.3190785, 25.2513912 ], [ 55.319005175666092, 25.251400839607836 ], [ 55.3190387, 25.251292 ], [ 55.318947534509498, 25.251117910318669 ], [ 55.3188062, 25.2507015 ], [ 55.318776469916251, 25.250710367162764 ], [ 55.3187844, 25.2506683 ], [ 55.3186706, 25.2503803 ], [ 55.3184292, 25.2504544 ], [ 55.318423832408953, 25.250482873382044 ], [ 55.31851937313165, 25.25067659487609 ], [ 55.31850111344707, 25.250773456846048 ], [ 55.318546213461005, 25.250883556851395 ], [ 55.318583680215283, 25.250871040321805 ], [ 55.318575513465184, 25.250978856854374 ], [ 55.31862301347789, 25.251104456859792 ], [ 55.318736721654133, 25.251061409307368 ], [ 55.3186855, 25.2510905 ], [ 55.318666713495674, 25.251190156865405 ], [ 55.318713213509881, 25.251304456870905 ], [ 55.318753405817276, 25.251291148179476 ], [ 55.318764906688102, 25.251314731030572 ], [ 55.318764797516216, 25.251432440732554 ], [ 55.31873352832838, 25.251436551481547 ], [ 55.3186882, 25.2513297 ], [ 55.3184709, 25.251405 ], [ 55.318482430495159, 25.251513200498952 ], [ 55.31843485913695, 25.251462973542917 ], [ 55.318389943372743, 25.251462973542921 ], [ 55.318384575712464, 25.25151406195307 ], [ 55.318354526164384, 25.251439887366079 ], [ 55.31838582816971, 25.251439887365802 ], [ 55.31836979286421, 25.251253084752488 ], [ 55.318388908273569, 25.25124615470795 ], [ 55.318456232362934, 25.251397873378167 ], [ 55.318675932418088, 25.251322673389232 ], [ 55.3186813, 25.2512942 ], [ 55.3185163, 25.2509123 ], [ 55.318471692232649, 25.25092848247321 ], [ 55.31844379212059, 25.250865526708036 ], [ 55.3184956, 25.2508202 ], [ 55.3184406, 25.2506961 ], [ 55.3182097, 25.2507798 ], [ 55.318239232342691, 25.25088687337071 ], [ 55.318291268558056, 25.250882550813863 ], [ 55.318235232339283, 25.250929373370262 ], [ 55.318294108186336, 25.250999783046925 ], [ 55.318276713200419, 25.251092056801426 ], [ 55.318305054568235, 25.251155977288047 ], [ 55.318255196080123, 25.251148563193478 ], [ 55.318253637537033, 25.251190852277848 ], [ 55.31821011027548, 25.251083408584698 ], [ 55.31825054410259, 25.251083408585782 ], [ 55.318255196080123, 25.250968900136655 ], [ 55.318188533615114, 25.250923984374154 ], [ 55.318148968948627, 25.250744119694684 ], [ 55.318379213360103, 25.250716856826589 ], [ 55.318398, 25.2506172 ], [ 55.318076, 25.2498345 ], [ 55.3178481, 25.2499222 ], [ 55.317841576642167, 25.249956803664219 ], [ 55.3178193, 25.2499073 ], [ 55.317370071137475, 25.250068947286511 ], [ 55.317444028429641, 25.249994989992846 ], [ 55.317446712324418, 25.249935837559921 ], [ 55.317311965031799, 25.249935837559921 ], [ 55.317266400440033, 25.2499950532269 ], [ 55.3171414, 25.2500028 ], [ 55.317143232134022, 25.250125773322218 ], [ 55.317220536041511, 25.250120978841633 ], [ 55.3165002, 25.2503844 ], [ 55.316499225375821, 25.250521870446764 ], [ 55.31641364974768, 25.250564658258803 ], [ 55.3163643961215, 25.250632582856952 ], [ 55.316172011034155, 25.250626752904008 ], [ 55.316442431948253, 25.250534073285888 ], [ 55.3164089, 25.2504128 ], [ 55.3159829, 25.2505588 ], [ 55.315991791583805, 25.250621291385592 ], [ 55.315960355814887, 25.250620338707652 ], [ 55.3159362, 25.2505634 ], [ 55.315849165110009, 25.250593614820104 ], [ 55.3158328, 25.2505352 ], [ 55.3156887, 25.2505838 ], [ 55.315683393668067, 25.250611944930871 ], [ 55.315515334463562, 25.250609574023002 ], [ 55.31537917008982, 25.250751837437477 ], [ 55.31532817178352, 25.250769544982685 ], [ 55.315335671406736, 25.250699405551419 ], [ 55.315245839878322, 25.250699405551419 ], [ 55.315220586290963, 25.25084116965385 ], [ 55.3152061, 25.250802 ], [ 55.3150386, 25.2507548 ], [ 55.3149193, 25.2508215 ], [ 55.314878282160265, 25.250967643290952 ], [ 55.314920165565091, 25.250967643294498 ], [ 55.314962182326703, 25.25102266848117 ], [ 55.314887, 25.2510509 ], [ 55.31477, 25.2511688 ], [ 55.31474051027314, 25.251424956195635 ], [ 55.314768710282522, 25.251490456199051 ], [ 55.31481571903953, 25.251507889332206 ], [ 55.314751766472057, 25.251507889307131 ], [ 55.314723910204179, 25.251696056187178 ], [ 55.314749637039043, 25.251748411103303 ], [ 55.3147231, 25.2517578 ], [ 55.314706799663043, 25.251844252525586 ], [ 55.314637, 25.2518674 ], [ 55.3145994, 25.2519642 ], [ 55.314663584985702, 25.252109333827274 ], [ 55.3133118, 25.2525852 ], [ 55.313556702495156, 25.253195181460097 ], [ 55.313524723770662, 25.253560111270865 ], [ 55.313569639527472, 25.253784690094136 ], [ 55.31393222128689, 25.254410968754545 ], [ 55.3138662, 25.254433 ], [ 55.313860831122028, 25.25446147313755 ], [ 55.313938614106306, 25.254651992803602 ], [ 55.313808535423732, 25.254651992801545 ], [ 55.313796365903556, 25.254716531903423 ] ], [ [ 55.318635713633867, 25.252023154159112 ], [ 55.318524690665363, 25.25200196271339 ], [ 55.318520811638656, 25.252111064212691 ], [ 55.318432583917271, 25.252109224890305 ], [ 55.31843485913695, 25.25200196271339 ], [ 55.318349457346891, 25.251904360932677 ], [ 55.318504932347572, 25.2518528733778 ], [ 55.318484591615594, 25.251760941506735 ], [ 55.318520026690457, 25.25173954421599 ], [ 55.318555074169247, 25.251822299662688 ], [ 55.318524690665363, 25.25182229965657 ], [ 55.318520217620375, 25.251935859 ], [ 55.318597474258574, 25.251935859006402 ], [ 55.318635713633867, 25.252023154159112 ] ], [ [ 55.318408891891799, 25.252153794044336 ], [ 55.318407031016484, 25.252225634907539 ], [ 55.31830011184433, 25.25227145729863 ], [ 55.318299200878052, 25.252301698682508 ], [ 55.31823740228787, 25.252153794043778 ], [ 55.318408891891799, 25.252153794044336 ] ], [ [ 55.317867630308243, 25.251176087434487 ], [ 55.317987412966779, 25.251090756752472 ], [ 55.318001981925974, 25.251013475000416 ], [ 55.318014312998393, 25.251042556758037 ], [ 55.318162638890875, 25.250991076344523 ], [ 55.318178962687213, 25.251056742950173 ], [ 55.317982, 25.251122 ], [ 55.317976632266614, 25.251150473356432 ], [ 55.318223779013145, 25.251760728581786 ], [ 55.318120448787504, 25.251642636599748 ], [ 55.318075533023304, 25.251642636599744 ], [ 55.318073034890936, 25.251760406303706 ], [ 55.318001292114367, 25.251588700361602 ], [ 55.31807231237989, 25.251614804850462 ], [ 55.318075533023304, 25.251462973542917 ], [ 55.317985701494891, 25.251462973542914 ], [ 55.31798321730443, 25.251545440846769 ], [ 55.317956, 25.2514803 ], [ 55.317899725359467, 25.251445971038144 ], [ 55.317937, 25.2513399 ], [ 55.317867630308243, 25.251176087434487 ] ], [ [ 55.318114595586522, 25.25063916604131 ], [ 55.318112152088055, 25.250631705196646 ], [ 55.318116275786835, 25.250630253247607 ], [ 55.318114595586522, 25.25063916604131 ] ], [ [ 55.317843171899092, 25.252518650670659 ], [ 55.317895520796675, 25.252630783412386 ], [ 55.317806038438064, 25.252630783412272 ], [ 55.31779124680974, 25.252660366686257 ], [ 55.317772334921877, 25.252617334541849 ], [ 55.3178095482155, 25.252604910009698 ], [ 55.317809100441977, 25.252541364992823 ], [ 55.317843171899092, 25.252518650670659 ] ], [ [ 55.317859326874071, 25.250062113898128 ], [ 55.317871098567601, 25.250058658531472 ], [ 55.31786828067564, 25.250073606256368 ], [ 55.317859326874071, 25.250062113898128 ] ], [ [ 55.317739608604654, 25.252628446017184 ], [ 55.317742589800147, 25.252612632575701 ], [ 55.317747842017695, 25.252625494883837 ], [ 55.317739608604654, 25.252628446017184 ] ], [ [ 55.317671291146269, 25.2521504760143 ], [ 55.317737896156892, 25.252293146573283 ], [ 55.317633061795455, 25.252271457313167 ], [ 55.317671291146269, 25.2521504760143 ] ], [ [ 55.31776043335956, 25.250450871419783 ], [ 55.3177606491438, 25.250444309921548 ], [ 55.317763057761269, 25.250449990489493 ], [ 55.31776043335956, 25.250450871419783 ] ], [ [ 55.317754543844899, 25.250429910968034 ], [ 55.317737931038643, 25.250429910971413 ], [ 55.31774384041622, 25.250404667613964 ], [ 55.317754543844899, 25.250429910968034 ] ], [ [ 55.317643176766559, 25.250167258304931 ], [ 55.317575023323577, 25.25019020097292 ], [ 55.317588432237258, 25.250119073343793 ], [ 55.317655836735256, 25.250094249577774 ], [ 55.317643176766559, 25.250167258304931 ] ], [ [ 55.317344176723118, 25.251844770754442 ], [ 55.317434008319303, 25.251710023473994 ], [ 55.317434378307773, 25.251519327244313 ], [ 55.317481403279807, 25.251514874293452 ], [ 55.317462212421439, 25.251680356651278 ], [ 55.317570568931359, 25.251934724412639 ], [ 55.317401796560212, 25.25186721542077 ], [ 55.317294798887716, 25.251867215447106 ], [ 55.317344176723118, 25.251844770754442 ] ], [ [ 55.317087386210773, 25.250654489787209 ], [ 55.316588271794366, 25.250639366770887 ], [ 55.31656341316404, 25.250564790897318 ], [ 55.317252341461007, 25.250308058465464 ], [ 55.317235412500629, 25.250397856639584 ], [ 55.317432212561819, 25.25087615666294 ], [ 55.317481228576746, 25.250859541504663 ], [ 55.317520703166188, 25.250956538342216 ], [ 55.317260290582503, 25.2510468045975 ], [ 55.317132301974972, 25.250699405551423 ], [ 55.317087386210773, 25.250654489787209 ] ], [ [ 55.317309281118824, 25.250084821517735 ], [ 55.31727690675541, 25.250101364366675 ], [ 55.317276400649945, 25.250051941055414 ], [ 55.317309281118824, 25.250084821517735 ] ], [ [ 55.316778073363622, 25.2521020914837 ], [ 55.316786731008818, 25.252098156199988 ], [ 55.316871031726393, 25.252316373089947 ], [ 55.316805394857269, 25.252316373079008 ], [ 55.3168187, 25.2522458 ], [ 55.316778073363622, 25.2521020914837 ] ], [ [ 55.316616136391829, 25.252423147254742 ], [ 55.316605857714329, 25.252412391577788 ], [ 55.3166219614833, 25.252406836918013 ], [ 55.316616136391829, 25.252423147254742 ] ], [ [ 55.316546002571265, 25.252349758705439 ], [ 55.316546657642526, 25.252291473795168 ], [ 55.316591201293804, 25.252397054996901 ], [ 55.316546002571265, 25.252349758705439 ] ], [ [ 55.316356029308146, 25.252293928277016 ], [ 55.316428116872231, 25.252261161575436 ], [ 55.316410428847959, 25.252368188922805 ], [ 55.316205764421262, 25.252439374400073 ], [ 55.316223166406779, 25.252347073448213 ], [ 55.316356029308146, 25.252293928277016 ] ], [ [ 55.315948302774579, 25.252528923041304 ], [ 55.315958272358571, 25.252518953449428 ], [ 55.316194996077961, 25.252443119787323 ], [ 55.315948302774579, 25.252528923041304 ] ], [ [ 55.315894801520422, 25.252198573043326 ], [ 55.315917865218815, 25.252255344655882 ], [ 55.31581253843067, 25.252226541540253 ], [ 55.315876057925074, 25.252152435385682 ], [ 55.315894801520422, 25.252198573043326 ] ], [ [ 55.315770513497704, 25.252706712054383 ], [ 55.315778747534502, 25.25269847804671 ], [ 55.315799999580136, 25.252748735617512 ], [ 55.315751510981386, 25.252706712056501 ], [ 55.315770513497704, 25.252706712054383 ] ], [ [ 55.315283, 25.252376 ], [ 55.315245839878749, 25.252297411877539 ], [ 55.315353776738206, 25.25225300474267 ], [ 55.315322429305638, 25.252431522771431 ], [ 55.315412260872272, 25.252521354309255 ], [ 55.315502092451879, 25.252521354319981 ], [ 55.315692137313029, 25.252367009319876 ], [ 55.315650081756175, 25.252451120355449 ], [ 55.315635766137937, 25.252606399423513 ], [ 55.315560250227769, 25.252540951883866 ], [ 55.315425502935149, 25.252540951883866 ], [ 55.315280429318314, 25.252582401590097 ], [ 55.3153181, 25.2524696 ], [ 55.315283, 25.252376 ] ], [ [ 55.315616695762031, 25.251514007760623 ], [ 55.315699161466064, 25.251717000243104 ], [ 55.315650081756175, 25.251687552363951 ], [ 55.315515334463562, 25.251687552363947 ], [ 55.315493764873402, 25.251763046325848 ], [ 55.315491864365605, 25.251687420934296 ], [ 55.315597019630005, 25.251465574110906 ], [ 55.315616695762031, 25.251514007760623 ] ], [ [ 55.315449783631379, 25.251167313924661 ], [ 55.315456265165942, 25.251119099803191 ], [ 55.315472507148101, 25.251159080371732 ], [ 55.315449783631379, 25.251167313924661 ] ], [ [ 55.315246581964509, 25.251761501201525 ], [ 55.31538653095803, 25.25174884670847 ], [ 55.315027098056227, 25.251873010309378 ], [ 55.314992703590576, 25.251791564580902 ], [ 55.315246581964509, 25.251761501201525 ] ], [ [ 55.315367882154803, 25.250857338401136 ], [ 55.315367882153531, 25.25086636362775 ], [ 55.31535868319348, 25.250857164659521 ], [ 55.315367882154803, 25.250857338401136 ] ], [ [ 55.315186111732956, 25.251013337433378 ], [ 55.315156008349909, 25.251103647429268 ], [ 55.315146047609112, 25.251156477896384 ], [ 55.315100682017025, 25.251047697542948 ], [ 55.315186111732956, 25.251013337433378 ] ], [ [ 55.315135621441016, 25.251350255716524 ], [ 55.315144789854912, 25.251301627777078 ], [ 55.315171399566516, 25.251328237499511 ], [ 55.315135621441016, 25.251350255716524 ] ], [ [ 55.315122563787362, 25.25218162577152 ], [ 55.315106736015203, 25.252204732134292 ], [ 55.315053705727202, 25.252149689767808 ], [ 55.31509792788335, 25.252132623041614 ], [ 55.315122563787362, 25.25218162577152 ] ], [ [ 55.314780039649591, 25.252988544890442 ], [ 55.314832778586926, 25.2530350252967 ], [ 55.314751766472057, 25.253079941054327 ], [ 55.314726826610276, 25.25314852595103 ], [ 55.314389623184582, 25.252781999417248 ], [ 55.31444739895381, 25.252717363215421 ], [ 55.314555639638279, 25.252897764223984 ], [ 55.314645471230321, 25.252897764237318 ], [ 55.314825134439062, 25.252628269809609 ], [ 55.314822808072748, 25.252730439594643 ], [ 55.315002471274845, 25.252730439625086 ], [ 55.315021261057296, 25.252540951883862 ], [ 55.314879113466802, 25.252234382866213 ], [ 55.314960438937788, 25.252143399447579 ], [ 55.314937510252619, 25.25230275621071 ], [ 55.315102590939794, 25.252675874178689 ], [ 55.315096060805224, 25.252810410622885 ], [ 55.315021261057296, 25.252765530704892 ], [ 55.314796682236263, 25.252765530704892 ], [ 55.314780039649591, 25.252988544890442 ] ], [ [ 55.31497634529309, 25.253079941054331 ], [ 55.31492233733816, 25.253052937087162 ], [ 55.315026660788426, 25.253073801749736 ], [ 55.315057230760203, 25.253160826570152 ], [ 55.31497634529309, 25.253079941054331 ] ], [ [ 55.314965317537322, 25.252137941475457 ], [ 55.314965429373252, 25.252137816358101 ], [ 55.314965429373252, 25.252137901105435 ], [ 55.314965317537322, 25.252137941475457 ] ], [ [ 55.314830408640191, 25.251507889334043 ], [ 55.31494666472431, 25.251466541289027 ], [ 55.31487947658028, 25.251507889329602 ], [ 55.314830408640191, 25.251507889334043 ] ], [ [ 55.314888156012579, 25.251803944603186 ], [ 55.31488734524757, 25.251808244711899 ], [ 55.314868614711926, 25.251812916862509 ], [ 55.314869898768713, 25.251806106530438 ], [ 55.314888156012579, 25.251803944603186 ] ], [ [ 55.314787855077029, 25.251734889417399 ], [ 55.314789897356739, 25.251724057680399 ], [ 55.314793584195492, 25.251732862432554 ], [ 55.314787855077029, 25.251734889417399 ] ], [ [ 55.314773454770283, 25.251950451528987 ], [ 55.314765118866703, 25.251936259077546 ], [ 55.314776919978847, 25.251932072990357 ], [ 55.314773454770283, 25.251950451528987 ] ], [ [ 55.314313845398836, 25.254679482205134 ], [ 55.314302608830445, 25.254713786174431 ], [ 55.314302608830445, 25.25468004400221 ], [ 55.314313845398836, 25.254679482205134 ] ] ], [ [ [ 55.318919015563282, 25.24208295709775 ], [ 55.319073215687368, 25.24208555712379 ], [ 55.319086633057161, 25.242014373464478 ], [ 55.319193233077826, 25.242082073469224 ], [ 55.319276033096862, 25.24208347347323 ], [ 55.3193174, 25.2419133 ], [ 55.3187931, 25.2419045 ], [ 55.318772715445533, 25.242080557073031 ], [ 55.318919015563282, 25.24208295709775 ] ] ], [ [ [ 55.318946133127625, 25.240253773468147 ], [ 55.319091633161136, 25.240255273475178 ], [ 55.319173868712276, 25.240181916554981 ], [ 55.319245933201813, 25.240168873483153 ], [ 55.319249501027365, 25.240114449823604 ], [ 55.319335233230085, 25.24003797348826 ], [ 55.3193423, 25.2398783 ], [ 55.3192521, 25.2397949 ], [ 55.3190288, 25.2397926 ], [ 55.3189559, 25.2398752 ], [ 55.318946133127625, 25.240253773468147 ] ] ], [ [ [ 55.31942121721044, 25.230901044718792 ], [ 55.319423005949481, 25.23080172200817 ], [ 55.319333174421068, 25.230801722008177 ], [ 55.319331385675113, 25.230901044717346 ], [ 55.31942121721044, 25.230901044718792 ] ] ], [ [ [ 55.3192073, 25.2390703 ], [ 55.319172916353807, 25.239221657200289 ], [ 55.319231916398522, 25.239236157209959 ], [ 55.3192663, 25.2390848 ], [ 55.3192073, 25.2390703 ] ] ], [ [ [ 55.319202415737472, 25.242351057140123 ], [ 55.3192232, 25.2421525 ], [ 55.3190381, 25.2421495 ], [ 55.319017315588482, 25.24234805710886 ], [ 55.319202415737472, 25.242351057140123 ] ] ], [ [ [ 55.319195385811156, 25.24393326011598 ], [ 55.319198427128448, 25.243872209392116 ], [ 55.319153511364242, 25.243872209392119 ], [ 55.319150470041073, 25.243933260114748 ], [ 55.319195385811156, 25.24393326011598 ] ] ], [ [ [ 55.319333174421068, 25.230622058951351 ], [ 55.319331385678609, 25.230721381660871 ], [ 55.319376301446276, 25.230721381661596 ], [ 55.319378090185275, 25.230622058951351 ], [ 55.319333174421068, 25.230622058951351 ] ] ], [ [ [ 55.319113314775251, 25.246701957034453 ], [ 55.3191533, 25.2465255 ], [ 55.3190253, 25.2463362 ], [ 55.3189043, 25.2463089 ], [ 55.3188523, 25.2464021 ], [ 55.318792396155146, 25.24671139367781 ], [ 55.318836814539026, 25.246764056986365 ], [ 55.318921414603501, 25.246783157000291 ], [ 55.319113314775251, 25.246701957034453 ] ] ], [ [ [ 55.319015543656654, 25.248830027507012 ], [ 55.319060459427092, 25.248830027508319 ], [ 55.319105375199094, 25.248785111745573 ], [ 55.319108595600035, 25.248723111926356 ], [ 55.319018764071629, 25.248723111926356 ], [ 55.319015543656654, 25.248830027507012 ] ] ], [ [ [ 55.319108595600035, 25.248408701576913 ], [ 55.319018764071629, 25.24840870157691 ], [ 55.319015364757988, 25.24847165050873 ], [ 55.319105196299539, 25.248471650511476 ], [ 55.319108595600035, 25.248408701576913 ] ] ], [ [ [ 55.319122715355945, 25.243901057094362 ], [ 55.31914960000001, 25.2435962 ], [ 55.3191079, 25.2435949 ], [ 55.319081115322589, 25.243899757087359 ], [ 55.319122715355945, 25.243901057094362 ] ] ], [ [ [ 55.3191836, 25.2403836 ], [ 55.3191862, 25.2402793 ], [ 55.3190078, 25.2402757 ], [ 55.31898641594578, 25.240479557142539 ], [ 55.319164816089192, 25.240483257172652 ], [ 55.3191836, 25.2403836 ] ] ], [ [ [ 55.319089115149097, 25.244779257070391 ], [ 55.3191079, 25.2446796 ], [ 55.3191077, 25.2446238 ], [ 55.3190745, 25.2446239 ], [ 55.319055715133501, 25.244723557065896 ], [ 55.319055915122242, 25.244779357064772 ], [ 55.319089115149097, 25.244779257070391 ] ] ], [ [ [ 55.319018764071629, 25.248498533105327 ], [ 55.318973848307422, 25.248498533105323 ], [ 55.318970448983883, 25.248561482035424 ], [ 55.319015364754662, 25.248561482036806 ], [ 55.319018764071629, 25.248498533105327 ] ] ], [ [ [ 55.3191613, 25.2377877 ], [ 55.319113, 25.2377766 ], [ 55.319011933260306, 25.238243673483296 ], [ 55.319068333272973, 25.238249773485979 ], [ 55.319061540708503, 25.238170692703175 ], [ 55.3191613, 25.2377877 ] ] ], [ [ [ 55.319102870901411, 25.241432214060762 ], [ 55.319108595600035, 25.241312010832363 ], [ 55.319018764071629, 25.24131201083237 ], [ 55.319013039350878, 25.241432214056136 ], [ 55.319102870901411, 25.241432214060762 ] ] ], [ [ [ 55.3189878, 25.2430996 ], [ 55.318960432223825, 25.243199788961775 ], [ 55.3189659, 25.2430694 ], [ 55.3188108, 25.2430674 ], [ 55.318790315214891, 25.243277357051099 ], [ 55.31883112888903, 25.243277909676273 ], [ 55.318829932922661, 25.243301373444407 ], [ 55.319067432977526, 25.243300873455894 ], [ 55.3190726, 25.2431996 ], [ 55.319027678384558, 25.243199675686753 ], [ 55.3190374, 25.2430996 ], [ 55.3189878, 25.2430996 ] ] ], [ [ [ 55.318998132741193, 25.247069773430123 ], [ 55.3189724, 25.246991 ], [ 55.3187243, 25.2471165 ], [ 55.318718932672304, 25.247144973416177 ], [ 55.31875003267654, 25.247195373417377 ], [ 55.318998132741193, 25.247069773430123 ] ] ], [ [ [ 55.319042, 25.2438057 ], [ 55.3189202, 25.2438045 ], [ 55.318901015169324, 25.243937357056094 ], [ 55.319022915267624, 25.243938457076691 ], [ 55.319042, 25.2438057 ] ] ], [ [ [ 55.318056931848183, 25.23547465493013 ], [ 55.31834593247158, 25.235795655086957 ], [ 55.318767633703295, 25.235840155348566 ], [ 55.319078434845842, 25.235563955565254 ], [ 55.3191582, 25.2351024 ], [ 55.3191078, 25.2350405 ], [ 55.3182067, 25.2349646 ], [ 55.3181431, 25.2350173 ], [ 55.318056931848183, 25.23547465493013 ] ] ], [ [ [ 55.318973848307422, 25.248273954284297 ], [ 55.318928932543216, 25.248273954284297 ], [ 55.318925533219762, 25.248381818977904 ], [ 55.318970448990541, 25.248381818979272 ], [ 55.318973848307422, 25.248273954284297 ] ] ], [ [ [ 55.319063679835836, 25.241222179303961 ], [ 55.319018764071629, 25.241222179303961 ], [ 55.319012860461967, 25.241298415879871 ], [ 55.319057776237578, 25.241298415882259 ], [ 55.319063679835836, 25.241222179303961 ] ] ], [ [ [ 55.319079516549024, 25.237898357212032 ], [ 55.3190983, 25.2377987 ], [ 55.3190736, 25.2377918 ], [ 55.319036716505046, 25.237944257203836 ], [ 55.319061416523596, 25.237951157207863 ], [ 55.319079516549024, 25.237898357212032 ] ] ], [ [ [ 55.3190589, 25.2392591 ], [ 55.318965, 25.239236 ], [ 55.318919716107779, 25.239424157153223 ], [ 55.318970818644566, 25.239436742113519 ], [ 55.318967050331018, 25.239506530899909 ], [ 55.319011966108356, 25.239506530902656 ], [ 55.3190589, 25.2392591 ] ] ], [ [ [ 55.31898511634089, 25.238542957182627 ], [ 55.319039216382635, 25.238552557191586 ], [ 55.3190674, 25.2384098 ], [ 55.3190133, 25.2384002 ], [ 55.31898511634089, 25.238542957182627 ] ] ], [ [ [ 55.319012681576545, 25.241119701939756 ], [ 55.319018764071629, 25.240997600482928 ], [ 55.318973848307422, 25.240952684718724 ], [ 55.318884016779009, 25.240952684718721 ], [ 55.318877934251645, 25.241074786168468 ], [ 55.318922850024634, 25.241119701934828 ], [ 55.319012681576545, 25.241119701939756 ] ] ], [ [ [ 55.319108595600035, 25.233855993974178 ], [ 55.319063679835836, 25.233811078209964 ], [ 55.319018764071629, 25.233811078209975 ], [ 55.318973848307422, 25.233855993974178 ], [ 55.318972059475207, 25.233910400907387 ], [ 55.319016975241993, 25.233955316672219 ], [ 55.319061891009667, 25.233955316672947 ], [ 55.319106806778194, 25.233910400909554 ], [ 55.319108595600035, 25.233855993974178 ] ] ], [ [ [ 55.318884016779009, 25.241806084238636 ], [ 55.31887847089655, 25.241880422573228 ], [ 55.318923386671472, 25.24188042257547 ], [ 55.318928932543216, 25.241806084238632 ], [ 55.318884016779009, 25.241806084238636 ] ] ], [ [ [ 55.3189127, 25.2402572 ], [ 55.318904433112856, 25.240341873465621 ], [ 55.318935533119955, 25.24034317346711 ], [ 55.3189437, 25.2402585 ], [ 55.3189127, 25.2402572 ] ] ], [ [ [ 55.318873815377536, 25.242812257074913 ], [ 55.3188926, 25.2427126 ], [ 55.3188926, 25.2426059 ], [ 55.3188705, 25.2426059 ], [ 55.318851715381506, 25.2427055570734 ], [ 55.318851715359678, 25.242812257071169 ], [ 55.318873815377536, 25.242812257074913 ] ] ], [ [ [ 55.318659437957976, 25.246926481358116 ], [ 55.318656575378704, 25.247031498707187 ], [ 55.318746406918187, 25.2470314987095 ], [ 55.318791322689322, 25.246986582946597 ], [ 55.318794185250596, 25.246926481358116 ], [ 55.318659437957976, 25.246926481358116 ] ] ], [ [ [ 55.318704353722183, 25.248094291227474 ], [ 55.31870113328727, 25.248156291037205 ], [ 55.318746049057708, 25.248156291038505 ], [ 55.318749269486389, 25.248094291227474 ], [ 55.318704353722183, 25.248094291227474 ] ] ], [ [ [ 55.318749269486389, 25.247959543934854 ], [ 55.318704353722183, 25.247959543934847 ], [ 55.318701133292002, 25.248021543745072 ], [ 55.318746049062433, 25.248021543746372 ], [ 55.318749269486389, 25.247959543934854 ] ] ], [ [ [ 55.318928932543216, 25.233945825502587 ], [ 55.318839101014802, 25.233945825502587 ], [ 55.318837312169599, 25.234045148197559 ], [ 55.318927143704926, 25.234045148199005 ], [ 55.318928932543216, 25.233945825502587 ] ] ], [ [ [ 55.318928932543216, 25.233855993974181 ], [ 55.318884016779009, 25.233855993974185 ], [ 55.318882227939888, 25.233910400905934 ], [ 55.318927143707548, 25.233910400906662 ], [ 55.318928932543216, 25.233855993974181 ] ] ], [ [ [ 55.318775715272878, 25.242936257055721 ], [ 55.3187952, 25.2427797 ], [ 55.3184956, 25.2427768 ], [ 55.318460715018922, 25.242933157002483 ], [ 55.318775715272878, 25.242936257055721 ] ] ], [ [ [ 55.318577415210719, 25.242456757032148 ], [ 55.318734915331525, 25.242488457058144 ], [ 55.3187762, 25.2422973 ], [ 55.3186187, 25.2422656 ], [ 55.318577415210719, 25.242456757032148 ] ] ], [ [ [ 55.318638, 25.2373333 ], [ 55.318623433217986, 25.23743307346934 ], [ 55.318670833225845, 25.237485973471301 ], [ 55.318802333255391, 25.23749977347758 ], [ 55.3188375, 25.2371441 ], [ 55.3187715, 25.2371372 ], [ 55.318675, 25.2371856 ], [ 55.318638, 25.2373333 ] ] ], [ [ [ 55.318686915143701, 25.243216857034859 ], [ 55.318686015132918, 25.243265957033675 ], [ 55.318726915165854, 25.243266557040592 ], [ 55.3187482, 25.2430575 ], [ 55.3187079, 25.2430576 ], [ 55.318694478460245, 25.243128803751652 ], [ 55.3186951, 25.2430566 ], [ 55.3186481, 25.2430554 ], [ 55.318639987089604, 25.243098440388458 ], [ 55.3186401, 25.2430736 ], [ 55.3185639, 25.2430733 ], [ 55.31854471501974, 25.243260957009873 ], [ 55.318620915081262, 25.243261257022755 ], [ 55.318627599034734, 25.243225797594111 ], [ 55.318627515085566, 25.24326625702377 ], [ 55.318675615124434, 25.24326635703191 ], [ 55.318689261955207, 25.2431939582405 ], [ 55.318686915143701, 25.243216857034859 ] ] ], [ [ [ 55.3184914, 25.2363828 ], [ 55.318459533223042, 25.236699273465771 ], [ 55.318807733301881, 25.236725573482452 ], [ 55.3188396, 25.2364091 ], [ 55.3184914, 25.2363828 ] ] ], [ [ [ 55.3186928, 25.2420977 ], [ 55.3186867329552, 25.242178873444161 ], [ 55.318749032969549, 25.242179573447167 ], [ 55.3187551, 25.2420983 ], [ 55.3186928, 25.2420977 ] ] ], [ [ [ 55.318476554416215, 25.248695280199229 ], [ 55.318507606646811, 25.248695280201591 ], [ 55.318476375497021, 25.24878606084047 ], [ 55.318611122809351, 25.248786060844601 ], [ 55.318656038581786, 25.248741145081947 ], [ 55.318659437957976, 25.24867819616215 ], [ 55.318614522193769, 25.248633280397947 ], [ 55.31856960642957, 25.248633280397943 ], [ 55.31852222976071, 25.248680657091153 ], [ 55.318524690665363, 25.248633280397939 ], [ 55.318479774901157, 25.248633280397947 ], [ 55.318476554416215, 25.248695280199229 ] ] ], [ [ [ 55.318666933193626, 25.238021773467931 ], [ 55.318614522193769, 25.238033160045326 ], [ 55.318610586522631, 25.238098956350317 ], [ 55.318715348625467, 25.238080479064433 ], [ 55.318709789379213, 25.238125196925687 ], [ 55.3186511, 25.2381202 ], [ 55.318636933174382, 25.238232473465228 ], [ 55.318696833187907, 25.238237573468094 ], [ 55.318703433309359, 25.238185266847484 ], [ 55.318740033200761, 25.238188373470472 ], [ 55.3187864, 25.237747 ], [ 55.318683943804622, 25.237739979855217 ], [ 55.318782633237952, 25.237720273475322 ], [ 55.3188015, 25.2375735 ], [ 55.3186907, 25.2375026 ], [ 55.3184809, 25.2374995 ], [ 55.3184507, 25.2375632 ], [ 55.318445212784155, 25.237743018487588 ], [ 55.3182014, 25.2377266 ], [ 55.318059925894957, 25.238750760720698 ], [ 55.3177908, 25.2387575 ], [ 55.317728232905907, 25.239236273415319 ], [ 55.318193233010113, 25.239290373437484 ], [ 55.3182678, 25.2387741 ], [ 55.318205079250525, 25.238767057994799 ], [ 55.31822356748831, 25.238734825784618 ], [ 55.318280333062333, 25.238740873444957 ], [ 55.318285734089727, 25.238626444997639 ], [ 55.318494916002294, 25.23826175710553 ], [ 55.3185693, 25.2379736 ], [ 55.318587132489753, 25.237757062635477 ], [ 55.318678108793947, 25.237741144992221 ], [ 55.318647716183065, 25.237981657137226 ], [ 55.318671061811379, 25.237983258236955 ], [ 55.318666933193626, 25.238021773467931 ] ] ], [ [ [ 55.318837312173095, 25.233865485141099 ], [ 55.318839101014802, 25.233811078209975 ], [ 55.318794185250596, 25.233811078209968 ], [ 55.318792396405435, 25.233865485140374 ], [ 55.318837312173095, 25.233865485141099 ] ] ], [ [ [ 55.3185748, 25.2501694 ], [ 55.3184248, 25.249797 ], [ 55.3183375, 25.2497511 ], [ 55.3181486, 25.2498095 ], [ 55.318129813323779, 25.249909156801195 ], [ 55.318282013376411, 25.250253256819789 ], [ 55.318414873321238, 25.250219200005667 ], [ 55.3183378, 25.2502432 ], [ 55.318319013387978, 25.250342856824194 ], [ 55.318367713401194, 25.250470656829769 ], [ 55.318588913603577, 25.250355656869612 ], [ 55.3186077, 25.250256 ], [ 55.3185748, 25.2501694 ] ] ], [ [ [ 55.318389943372743, 25.233361920567908 ], [ 55.318345027608537, 25.233137341746879 ], [ 55.318282927812199, 25.233137341752709 ], [ 55.318406075432975, 25.232483956691755 ], [ 55.318657233516845, 25.232452673500593 ], [ 55.3186441, 25.2323036 ], [ 55.318494149697322, 25.232322391555162 ], [ 55.318504690011991, 25.232266467037441 ], [ 55.318624633521118, 25.232250773500216 ], [ 55.318629475560201, 25.23221901638243 ], [ 55.318837312204593, 25.23224851763289 ], [ 55.318839101014802, 25.232104279170144 ], [ 55.318794185250596, 25.232059363405934 ], [ 55.31856960642957, 25.232059363405934 ], [ 55.318524690665363, 25.232104279170141 ], [ 55.318523166874989, 25.232150624906478 ], [ 55.318469025140878, 25.23214996083432 ], [ 55.318611343216745, 25.231394847669712 ], [ 55.318700953767028, 25.231299797244368 ], [ 55.3187319, 25.2311356 ], [ 55.318668133808657, 25.231093524274517 ], [ 55.318676, 25.2308741 ], [ 55.318581724161938, 25.230810629478405 ], [ 55.3187398, 25.2305878 ], [ 55.3182042, 25.2300803 ], [ 55.317683673023105, 25.230147046510083 ], [ 55.3177053, 25.2300323 ], [ 55.3176675, 25.2299869 ], [ 55.3176248, 25.2300102 ], [ 55.317596295082701, 25.230158250683367 ], [ 55.3171389, 25.2302169 ], [ 55.3167873, 25.230638 ], [ 55.316840833177608, 25.231083873420904 ], [ 55.317011633198433, 25.231401973427282 ], [ 55.317486433305, 25.231453573449926 ], [ 55.318074154476676, 25.231368058550071 ], [ 55.317737058607321, 25.233156565890777 ], [ 55.317751958414433, 25.233258465899539 ], [ 55.318058562965369, 25.233453666946986 ], [ 55.318212361105992, 25.233256012801387 ], [ 55.318253407201368, 25.233461243254631 ], [ 55.318343238736695, 25.233461243256077 ], [ 55.318388154505236, 25.233416327492684 ], [ 55.318389943372743, 25.233361920567908 ] ] ], [ [ [ 55.318477627997453, 25.245006492864096 ], [ 55.318522543764765, 25.245051408629067 ], [ 55.318567459533114, 25.245051408629937 ], [ 55.318569163196408, 25.244971085122561 ], [ 55.31861221472456, 25.244970156985701 ], [ 55.3186296, 25.244822 ], [ 55.3185694, 25.2448233 ], [ 55.318551344576171, 25.244950187737484 ], [ 55.318479774901157, 25.244950187733057 ], [ 55.318477627997453, 25.245006492864096 ] ] ], [ [ [ 55.318580214373647, 25.24655855694721 ], [ 55.3185983, 25.2464267 ], [ 55.3185526, 25.2464275 ], [ 55.318534514336541, 25.246559356939454 ], [ 55.318580214373647, 25.24655855694721 ] ] ], [ [ [ 55.318515777064249, 25.247536580459602 ], [ 55.3184973140404, 25.247859456906092 ], [ 55.318507748870076, 25.247901010102353 ], [ 55.31857084889193, 25.247901110106927 ], [ 55.31858, 25.2473805 ], [ 55.318517, 25.2473803 ], [ 55.318515777064249, 25.247536580459602 ] ] ], [ [ [ 55.318524690665363, 25.241626421181806 ], [ 55.318479774901157, 25.24162642118181 ], [ 55.31843485913695, 25.241671336946013 ], [ 55.318429492045006, 25.241969304964222 ], [ 55.318474407814328, 25.242059136494269 ], [ 55.318609155138056, 25.242059136500785 ], [ 55.318654070915265, 25.242014220739019 ], [ 55.318659437957976, 25.241940831531249 ], [ 55.318524690665363, 25.241626421181806 ] ] ], [ [ [ 55.318519144716163, 25.241566012207766 ], [ 55.318564060491077, 25.241566012210015 ], [ 55.318608976268713, 25.24152109644832 ], [ 55.318614522193769, 25.24144675812499 ], [ 55.318524690665363, 25.241446758124987 ], [ 55.318519144716163, 25.241566012207766 ] ] ], [ [ [ 55.318522006980452, 25.247075465354218 ], [ 55.318524690665363, 25.246971397122323 ], [ 55.318479774901157, 25.246926481358116 ], [ 55.318389943372743, 25.246926481358113 ], [ 55.318387259673578, 25.247030549586885 ], [ 55.318432175441657, 25.247075465352037 ], [ 55.318522006980452, 25.247075465354218 ] ] ], [ [ [ 55.3186258, 25.2392849 ], [ 55.3186315, 25.2391917 ], [ 55.3185885, 25.2391895 ], [ 55.318564015828869, 25.239382457093892 ], [ 55.318607015863186, 25.239384557101129 ], [ 55.3186258, 25.2392849 ] ] ], [ [ [ 55.318614522193769, 25.233766162445765 ], [ 55.318612733333914, 25.233910400901593 ], [ 55.318702564869241, 25.233910400903046 ], [ 55.318704353722183, 25.233811078209971 ], [ 55.318659437957976, 25.233766162445772 ], [ 55.318614522193769, 25.233766162445765 ] ] ], [ [ [ 55.318659437957976, 25.233945825502587 ], [ 55.318614522193769, 25.233945825502587 ], [ 55.318612733332159, 25.234000232429832 ], [ 55.318657649099819, 25.234000232430557 ], [ 55.318659437957976, 25.233945825502587 ] ] ], [ [ [ 55.318023461137443, 25.240361828583794 ], [ 55.318068376915477, 25.240361828586686 ], [ 55.318111696543475, 25.240318508979364 ], [ 55.318097876684547, 25.240451588214071 ], [ 55.3179013, 25.2404321 ], [ 55.317828014906837, 25.240981856936017 ], [ 55.317911214972376, 25.240990156949923 ], [ 55.317918924024191, 25.240944014349854 ], [ 55.318042415085351, 25.240956256972844 ], [ 55.318055832885157, 25.240885073421342 ], [ 55.318412132965356, 25.240920473438365 ], [ 55.3185474, 25.2396072 ], [ 55.3183869, 25.2395913 ], [ 55.318297270502811, 25.239776360838899 ], [ 55.318250177249418, 25.23977186384159 ], [ 55.318292015536656, 25.239736357040492 ], [ 55.3183193, 25.2395594 ], [ 55.3179128, 25.2395226 ], [ 55.317885715216377, 25.239696956972548 ], [ 55.317909855520035, 25.239739365613953 ], [ 55.3178788, 25.2397364 ], [ 55.317865712176946, 25.239832547365793 ], [ 55.3178972, 25.2395902 ], [ 55.3177619, 25.2395763 ], [ 55.317730432863947, 25.239962773411104 ], [ 55.317847232890216, 25.23997477341667 ], [ 55.317857518139022, 25.239895612927903 ], [ 55.318221437127775, 25.239932935873345 ], [ 55.3181397, 25.2401017 ], [ 55.318120448788264, 25.240250747260664 ], [ 55.318120448787504, 25.240144200963009 ], [ 55.318075533023304, 25.240144200963009 ], [ 55.318030617259097, 25.240234032491422 ], [ 55.318023461137443, 25.240361828583794 ] ] ], [ [ [ 55.3184929, 25.2433112 ], [ 55.3184594, 25.2433113 ], [ 55.318454732824584, 25.243496873425098 ], [ 55.318488232832316, 25.243496773426727 ], [ 55.3184929, 25.2433112 ] ] ], [ [ [ 55.318464114811341, 25.24396105698165 ], [ 55.3184829, 25.2437922 ], [ 55.3184346, 25.2437922 ], [ 55.318415814772301, 25.243961056973472 ], [ 55.318464114811341, 25.24396105698165 ] ] ], [ [ [ 55.318436933061967, 25.239365873448818 ], [ 55.318529433083086, 25.239369873453263 ], [ 55.318541, 25.2392269 ], [ 55.3184485, 25.2392228 ], [ 55.318436933061967, 25.239365873448818 ] ] ], [ [ [ 55.3184234, 25.2431585 ], [ 55.318419132829234, 25.243276673424692 ], [ 55.318480432843415, 25.243276073427655 ], [ 55.3184848, 25.2431579 ], [ 55.3184234, 25.2431585 ] ] ], [ [ [ 55.3184234, 25.2431585 ], [ 55.3184223, 25.2430627 ], [ 55.3183085, 25.2430638 ], [ 55.318290814814866, 25.24325925696693 ], [ 55.318404614907074, 25.243258156986215 ], [ 55.3184234, 25.2431585 ] ] ], [ [ [ 55.31843485913695, 25.245129850789883 ], [ 55.318389943372743, 25.24512985078988 ], [ 55.318387975366242, 25.24518520680504 ], [ 55.31843289113425, 25.245185206805829 ], [ 55.31843485913695, 25.245129850789883 ] ] ], [ [ [ 55.318406414769676, 25.243936756972392 ], [ 55.3184228, 25.2437329 ], [ 55.3183578, 25.2437342 ], [ 55.31834141471689, 25.243937956961364 ], [ 55.318406414769676, 25.243936756972392 ] ] ], [ [ [ 55.3182034, 25.2433506 ], [ 55.318196632767105, 25.243460573412833 ], [ 55.318416232817633, 25.243463673423442 ], [ 55.318423, 25.2433537 ], [ 55.3182034, 25.2433506 ] ] ], [ [ [ 55.3184127, 25.2435956 ], [ 55.3181355, 25.2435988 ], [ 55.318130832739321, 25.24367577340837 ], [ 55.318408032803511, 25.243672673421791 ], [ 55.3184127, 25.2435956 ] ] ], [ [ [ 55.318297815215665, 25.241328157008329 ], [ 55.318271415140579, 25.241590856998382 ], [ 55.318337815193992, 25.241592057009608 ], [ 55.3184125, 25.2412364 ], [ 55.3183166, 25.2412285 ], [ 55.318297815215665, 25.241328157008329 ] ] ], [ [ [ 55.318462850711384, 25.233363551153765 ], [ 55.3185031, 25.23315 ], [ 55.3184889, 25.2331284 ], [ 55.3184616, 25.2331418 ], [ 55.318421350643135, 25.233355351139078 ], [ 55.318437450661278, 25.233377551143935 ], [ 55.318462850711384, 25.233363551153765 ] ] ], [ [ [ 55.3184076, 25.2392056 ], [ 55.31832, 25.2392002 ], [ 55.318307282557122, 25.23933132763964 ], [ 55.3182656, 25.2393082 ], [ 55.318280733023236, 25.239411373440994 ], [ 55.318311533030318, 25.239411873442485 ], [ 55.31831667667511, 25.23934694265342 ], [ 55.318393333052725, 25.239351673446791 ], [ 55.3184076, 25.2392056 ] ] ], [ [ [ 55.318410833159746, 25.237589873458116 ], [ 55.3184234, 25.2374672 ], [ 55.3180788, 25.2374753 ], [ 55.318067033080531, 25.237587173441518 ], [ 55.318410833159746, 25.237589873458116 ] ] ], [ [ [ 55.318119433113644, 25.237227673446188 ], [ 55.318111733099215, 25.237444073444522 ], [ 55.318235233127062, 25.237455473450428 ], [ 55.318369133185158, 25.236990273459668 ], [ 55.3184371, 25.2364098 ], [ 55.3183091, 25.2363979 ], [ 55.318119433113644, 25.237227673446188 ] ] ], [ [ [ 55.318210280315917, 25.249621427210478 ], [ 55.31816536455171, 25.249666342974681 ], [ 55.31816250182753, 25.249726444538247 ], [ 55.318252333367006, 25.249726444540556 ], [ 55.318255196080123, 25.249621427210474 ], [ 55.318210280315917, 25.249621427210478 ] ] ], [ [ [ 55.31830011184433, 25.245309513846703 ], [ 55.318255196080123, 25.24508493502567 ], [ 55.318210280315917, 25.245084935025673 ], [ 55.318208312288426, 25.245454701386496 ], [ 55.318253228056435, 25.245454701387299 ], [ 55.318298143825402, 25.245409785623988 ], [ 55.31830011184433, 25.245309513846703 ] ] ], [ [ [ 55.3182509, 25.2422828 ], [ 55.318209614894172, 25.242550956967936 ], [ 55.318291414958544, 25.24255945698161 ], [ 55.3183341, 25.2422949 ], [ 55.3182509, 25.2422828 ] ] ], [ [ [ 55.3182485, 25.2438051 ], [ 55.318226014622375, 25.2439440569417 ], [ 55.318250214641559, 25.243945856945761 ], [ 55.3182726, 25.2438069 ], [ 55.3182485, 25.2438051 ] ] ], [ [ [ 55.318258832793802, 25.243249573417096 ], [ 55.3182649, 25.2430663 ], [ 55.3181502, 25.2430659 ], [ 55.318156832770271, 25.243249173412167 ], [ 55.318258832793802, 25.243249573417096 ] ] ], [ [ [ 55.318219632870893, 25.24177607342396 ], [ 55.3182848, 25.2412062 ], [ 55.3173006, 25.2411172 ], [ 55.317270732675659, 25.241367673380505 ], [ 55.318083632840207, 25.24176377341746 ], [ 55.318219632870893, 25.24177607342396 ] ] ], [ [ [ 55.31803833281144, 25.242076873413417 ], [ 55.318125432830662, 25.242092173417532 ], [ 55.3181764, 25.2418502 ], [ 55.3180893, 25.2418349 ], [ 55.31803833281144, 25.242076873413417 ] ] ], [ [ [ 55.3181764, 25.2418502 ], [ 55.31811141487016, 25.242280456956948 ], [ 55.318193914933737, 25.242295556970593 ], [ 55.3182545, 25.2418638 ], [ 55.3181764, 25.2418502 ] ] ], [ [ [ 55.3182189, 25.2438543 ], [ 55.3182248, 25.24376 ], [ 55.3181383, 25.2437555 ], [ 55.31811361453039, 25.243949556922566 ], [ 55.318200114599399, 25.243953956937109 ], [ 55.3182189, 25.2438543 ] ] ], [ [ [ 55.318120448787504, 25.249621427210478 ], [ 55.318075533023304, 25.249621427210478 ], [ 55.318072849209024, 25.249725495423615 ], [ 55.318117764978417, 25.249725495424705 ], [ 55.318120448787504, 25.249621427210478 ] ] ], [ [ [ 55.318072491376, 25.249457899063909 ], [ 55.318117407147568, 25.249412983301085 ], [ 55.318120448787504, 25.249351932625242 ], [ 55.317985701494891, 25.249351932625238 ], [ 55.31798265983732, 25.249412983297397 ], [ 55.31802757560591, 25.249457899062683 ], [ 55.318072491376, 25.249457899063909 ] ] ], [ [ [ 55.318243948902605, 25.236625550928849 ], [ 55.3182929, 25.2363252 ], [ 55.3182334, 25.2363204 ], [ 55.318184448801738, 25.236620650907494 ], [ 55.318243948902605, 25.236625550928849 ] ] ], [ [ [ 55.318030617259097, 25.24490527196885 ], [ 55.31802864922313, 25.245140291034563 ], [ 55.318118480759139, 25.245140291036154 ], [ 55.31816536455171, 25.244995103497249 ], [ 55.318120448787504, 25.24486035620464 ], [ 55.318075533023304, 25.244860356204644 ], [ 55.318030617259097, 25.24490527196885 ] ] ], [ [ [ 55.3180488, 25.2423151 ], [ 55.318016814748916, 25.242499356936378 ], [ 55.318140214845414, 25.242515156956937 ], [ 55.3181722, 25.2423309 ], [ 55.3180488, 25.2423151 ] ] ], [ [ [ 55.318120448787504, 25.245174766554083 ], [ 55.318030617259097, 25.245174766554079 ], [ 55.318028649221205, 25.245230122562777 ], [ 55.318118480757214, 25.245230122564365 ], [ 55.318120448787504, 25.245174766554083 ] ] ], [ [ [ 55.318042943700554, 25.247695750361967 ], [ 55.3180832, 25.2474822 ], [ 55.3180832, 25.2474458 ], [ 55.3180504, 25.2474458 ], [ 55.318040233037877, 25.247499733410347 ], [ 55.3179572, 25.2475001 ], [ 55.317952732463382, 25.247691473375859 ], [ 55.318042943700554, 25.247695750361967 ] ] ], [ [ [ 55.318118480769733, 25.244646217630955 ], [ 55.318120448787504, 25.244545945855197 ], [ 55.318030617259097, 25.244545945855197 ], [ 55.318028649233725, 25.244646217629374 ], [ 55.318118480769733, 25.244646217630955 ] ] ], [ [ [ 55.3180756, 25.2472076 ], [ 55.3180868, 25.2465796 ], [ 55.3180362, 25.2465788 ], [ 55.317995944015344, 25.246792350385238 ], [ 55.317984643720344, 25.24742035035311 ], [ 55.318035343807828, 25.247421150371466 ], [ 55.3180756, 25.2472076 ] ] ], [ [ [ 55.318037744443551, 25.245981050436608 ], [ 55.318078, 25.2457675 ], [ 55.3180775, 25.2456897 ], [ 55.3180222, 25.24569 ], [ 55.31798194438089, 25.245903550419818 ], [ 55.317982444347635, 25.245981350416528 ], [ 55.318037744443551, 25.245981050436608 ] ] ], [ [ [ 55.317940785730684, 25.251238394721891 ], [ 55.317937207224183, 25.251437040013876 ], [ 55.317982122995318, 25.251437040015325 ], [ 55.317985701494891, 25.251238394721891 ], [ 55.317940785730684, 25.251238394721891 ] ] ], [ [ [ 55.317395247268344, 25.237001450604279 ], [ 55.317324746907801, 25.237545350554431 ], [ 55.317824747750535, 25.23759785073344 ], [ 55.317906792236897, 25.237059404372729 ], [ 55.317935448176833, 25.237062650797469 ], [ 55.31811974857591, 25.236880250872446 ], [ 55.3181792, 25.2364924 ], [ 55.3176441, 25.2363138 ], [ 55.3174893, 25.2362998 ], [ 55.317395247268344, 25.237001450604279 ] ] ], [ [ [ 55.318078032786133, 25.242666573411825 ], [ 55.3180935, 25.24259 ], [ 55.3180157, 25.2425767 ], [ 55.317988732763062, 25.242708373407257 ], [ 55.318066432780235, 25.242721673410934 ], [ 55.318078032786133, 25.242666573411825 ] ] ], [ [ [ 55.3180776, 25.2377826 ], [ 55.31805853305633, 25.237967473438832 ], [ 55.318131433072864, 25.237972673442332 ], [ 55.3181505, 25.2377879 ], [ 55.3180776, 25.2377826 ] ] ], [ [ [ 55.317850954202271, 25.249531595682061 ], [ 55.31784827036337, 25.249680579654108 ], [ 55.317983017670244, 25.249725495421444 ], [ 55.317985701494891, 25.249531595682065 ], [ 55.317850954202271, 25.249531595682061 ] ] ], [ [ [ 55.317326142636269, 25.247291250119979 ], [ 55.317269042378214, 25.247654050083067 ], [ 55.317915543494244, 25.247662950317221 ], [ 55.3179558, 25.2474494 ], [ 55.317966605557658, 25.246793792534664 ], [ 55.3180203, 25.2465324 ], [ 55.3174838, 25.2465257 ], [ 55.317467172401301, 25.246613904247059 ], [ 55.3173758, 25.2466129 ], [ 55.317334842833901, 25.246875050141721 ], [ 55.317388631166928, 25.246875641338701 ], [ 55.317326142636269, 25.247291250119979 ] ], [ [ 55.317497543114932, 25.246876850200664 ], [ 55.317496911821955, 25.246924195559227 ], [ 55.317454393583077, 25.246923791530708 ], [ 55.317463315794669, 25.246876462178037 ], [ 55.317497543114932, 25.246876850200664 ] ], [ [ 55.31741338548624, 25.246875913411177 ], [ 55.317423493375216, 25.246876024504871 ], [ 55.317405420954465, 25.246923326154331 ], [ 55.31741338548624, 25.246875913411177 ] ] ], [ [ [ 55.318049033048304, 25.238067273437778 ], [ 55.318125833065757, 25.238072173441473 ], [ 55.3181346, 25.2380009 ], [ 55.3180578, 25.237996 ], [ 55.318049033048304, 25.238067273437778 ] ] ], [ [ [ 55.317940785730684, 25.2483188700485 ], [ 55.31793810194025, 25.248378022498187 ], [ 55.317983017709643, 25.248378022499278 ], [ 55.317985701494891, 25.2483188700485 ], [ 55.317940785730684, 25.2483188700485 ] ] ], [ [ [ 55.317998032811886, 25.241910173412453 ], [ 55.318037732820748, 25.241915273414339 ], [ 55.3180552, 25.2418091 ], [ 55.3180155, 25.2418041 ], [ 55.317998032811886, 25.241910173412453 ] ] ], [ [ [ 55.318027166468141, 25.242328595615138 ], [ 55.3180464, 25.2422262 ], [ 55.317940785730684, 25.242210326116485 ], [ 55.31789121835633, 25.242414666123668 ], [ 55.317891218354063, 25.242459581887648 ], [ 55.317936134124977, 25.242504497653499 ], [ 55.317998049168629, 25.242483610113727 ], [ 55.318027166468141, 25.242328595615138 ] ] ], [ [ [ 55.317910543314269, 25.248053550297971 ], [ 55.3179508, 25.24784 ], [ 55.3179508, 25.2477896 ], [ 55.3178868, 25.2477896 ], [ 55.3178465432255, 25.248003150277004 ], [ 55.317846643203573, 25.248053550274793 ], [ 55.317910543314269, 25.248053550297971 ] ] ], [ [ [ 55.317985701494891, 25.241985747295452 ], [ 55.317980692102566, 25.242147069770926 ], [ 55.31802560787645, 25.242147069772944 ], [ 55.318030617259097, 25.241985747295452 ], [ 55.317985701494891, 25.241985747295452 ] ] ], [ [ [ 55.3176943, 25.2379975 ], [ 55.317660806249933, 25.238234180360298 ], [ 55.3176148, 25.2382303 ], [ 55.317586032916971, 25.238485473412908 ], [ 55.318021433014124, 25.238543173433619 ], [ 55.3180451, 25.2380283 ], [ 55.3176943, 25.2379975 ] ] ], [ [ [ 55.317405887780332, 25.245680980744375 ], [ 55.3173652, 25.2457067 ], [ 55.317323143178598, 25.246042950174605 ], [ 55.317434843342703, 25.246109950212144 ], [ 55.317896344152011, 25.246087350380559 ], [ 55.31793660000001, 25.2458738 ], [ 55.3179359, 25.2453259 ], [ 55.317793, 25.2453259 ], [ 55.317771700002474, 25.245438892912297 ], [ 55.3177717, 25.245327 ], [ 55.3176289, 25.245327 ], [ 55.317588643839557, 25.245588734237494 ], [ 55.317535570869261, 25.245588106170025 ], [ 55.317536543852832, 25.245534092667732 ], [ 55.317474289229722, 25.245489176907785 ], [ 55.3174823, 25.2452778 ], [ 55.3174345, 25.2452791 ], [ 55.317405887780332, 25.245680980744375 ] ] ], [ [ [ 55.3180425, 25.2375793 ], [ 55.3179339, 25.2375728 ], [ 55.317920520389329, 25.237718749697592 ], [ 55.317850954202271, 25.237763665460097 ], [ 55.317846302815262, 25.237833258196403 ], [ 55.317909280598002, 25.237833258204773 ], [ 55.317893933018425, 25.237965873430888 ], [ 55.318016333046089, 25.237976173436746 ], [ 55.3180397, 25.2377735 ], [ 55.317939586630452, 25.237748269465907 ], [ 55.318026533061463, 25.237753473438552 ], [ 55.3180425, 25.2375793 ] ] ], [ [ [ 55.3172977, 25.2428957 ], [ 55.317263292072489, 25.242993825467266 ], [ 55.317295627309541, 25.243026160705917 ], [ 55.317292932573892, 25.243195773370712 ], [ 55.317962032728481, 25.243194473403072 ], [ 55.317967, 25.2430301 ], [ 55.3174227, 25.2428954 ], [ 55.3172977, 25.2428957 ] ] ], [ [ [ 55.317981586959164, 25.234955801962407 ], [ 55.318026502731314, 25.234955801964073 ], [ 55.318071418505482, 25.234910886201732 ], [ 55.318075533023304, 25.234844140786709 ], [ 55.317985701494891, 25.234844140786709 ], [ 55.317981586959164, 25.234955801962407 ] ] ], [ [ [ 55.3180379, 25.237338 ], [ 55.3179247, 25.2373276 ], [ 55.317911433054, 25.237426473434944 ], [ 55.318024633079531, 25.237436873440355 ], [ 55.3180379, 25.237338 ] ] ], [ [ [ 55.3179739, 25.2374407 ], [ 55.317961833057758, 25.237561273436572 ], [ 55.31802363307181, 25.237564973439547 ], [ 55.3180357, 25.2374443 ], [ 55.3179739, 25.2374407 ] ] ], [ [ [ 55.317808532302173, 25.249878473355878 ], [ 55.3178033, 25.2498253 ], [ 55.3177665, 25.2498383 ], [ 55.317771732292911, 25.249891473354023 ], [ 55.317808532302173, 25.249878473355878 ] ] ], [ [ [ 55.317803314522692, 25.242761556894777 ], [ 55.3178652, 25.2424651 ], [ 55.3176596, 25.242339 ], [ 55.3173243, 25.242374 ], [ 55.317273914114274, 25.242666556807137 ], [ 55.317803314522692, 25.242761556894777 ] ] ], [ [ [ 55.31793559782497, 25.235006412414812 ], [ 55.317940785730684, 25.234933972315122 ], [ 55.317850954202271, 25.234933972315122 ], [ 55.317626375381238, 25.235113635371945 ], [ 55.317621187392682, 25.235230991219854 ], [ 55.317711018941132, 25.235230991224057 ], [ 55.31793559782497, 25.235006412414812 ] ] ], [ [ [ 55.316822158645344, 25.249575415724692 ], [ 55.316801912291815, 25.249705856580594 ], [ 55.316881312354184, 25.249714756593846 ], [ 55.316902077161664, 25.249586832528379 ], [ 55.316972441375306, 25.249595366494667 ], [ 55.316952012413843, 25.249702556606081 ], [ 55.317075373875547, 25.249722044507219 ], [ 55.317054212471376, 25.249825156620833 ], [ 55.317368312713313, 25.249883756672798 ], [ 55.317391246242273, 25.24977194362846 ], [ 55.317699112993679, 25.249820656730112 ], [ 55.3177332, 25.2496417 ], [ 55.317674193896778, 25.249632387843452 ], [ 55.317712986287361, 25.249593595457991 ], [ 55.317716206909651, 25.249486679917855 ], [ 55.316952638918153, 25.249307016861035 ], [ 55.3165483970403, 25.249262101096829 ], [ 55.31641364974768, 25.249262101096825 ], [ 55.316323818219267, 25.249307016861028 ], [ 55.316320597407149, 25.249503763889475 ], [ 55.316366353993601, 25.249510300639173 ], [ 55.316343111935588, 25.249634056504394 ], [ 55.316407211985414, 25.24964385651505 ], [ 55.316430571569263, 25.249519474686259 ], [ 55.316512350770395, 25.249531157524352 ], [ 55.316506732019199, 25.249575173294705 ], [ 55.31664980644041, 25.249550794102213 ], [ 55.316637132047681, 25.249603373300832 ], [ 55.316715132064743, 25.249619673304522 ], [ 55.316728955682322, 25.249562101107173 ], [ 55.316822158645344, 25.249575415724692 ] ] ], [ [ [ 55.31730610000001, 25.2381976 ], [ 55.317267049267684, 25.23848433718733 ], [ 55.317222133503385, 25.238392486158975 ], [ 55.317177217739179, 25.238392486158979 ], [ 55.317132301974972, 25.238482317687399 ], [ 55.317081661182392, 25.238737268121252 ], [ 55.317081661162788, 25.239051678468691 ], [ 55.317171492713314, 25.239051678473334 ], [ 55.31721640849419, 25.238961846947809 ], [ 55.317267049269326, 25.238536152635533 ], [ 55.317300762191955, 25.238558667830773 ], [ 55.317254032823016, 25.238781373395089 ], [ 55.317313963047667, 25.238787089819137 ], [ 55.317239032794312, 25.2392131733918 ], [ 55.317653232887444, 25.239255873411576 ], [ 55.3177236, 25.2388057 ], [ 55.317596541674568, 25.238796770895028 ], [ 55.3176271, 25.2385348 ], [ 55.317560912965476, 25.238515096717183 ], [ 55.3175931, 25.2382243 ], [ 55.3175341, 25.2381988 ], [ 55.3174523, 25.2382134 ], [ 55.317419311176153, 25.238481690701512 ], [ 55.317397863821419, 25.238479650039586 ], [ 55.3174295, 25.2382073 ], [ 55.317371098435103, 25.238169783763702 ], [ 55.3176131153052, 25.238186256957867 ], [ 55.3176431, 25.2379509 ], [ 55.317351360994465, 25.237931134488164 ], [ 55.317519432933445, 25.237940673412936 ], [ 55.3175488, 25.2376585 ], [ 55.31738, 25.2376455 ], [ 55.31735688079646, 25.237868320695029 ], [ 55.317356880796005, 25.2378085812243 ], [ 55.317267049267592, 25.237808581224307 ], [ 55.317177217739179, 25.23798824428113 ], [ 55.317172029482862, 25.238195431619406 ], [ 55.31721694525455, 25.238240347385446 ], [ 55.31726186102879, 25.238240347387553 ], [ 55.317306776805559, 25.238195431625709 ], [ 55.317323770444595, 25.238094692709168 ], [ 55.317317815070695, 25.238166156908299 ], [ 55.317366934347007, 25.238169500326123 ], [ 55.31730610000001, 25.2381976 ] ], [ [ 55.317341056327741, 25.238562505365806 ], [ 55.317336526623762, 25.238562073966179 ], [ 55.317341559260534, 25.238559837242327 ], [ 55.317341056327741, 25.238562505365806 ] ] ], [ [ [ 55.317519432933445, 25.237940673412936 ], [ 55.317868333012413, 25.23796767342964 ], [ 55.317882, 25.2378521 ], [ 55.3175331, 25.2378251 ], [ 55.317519432933445, 25.237940673412936 ] ] ], [ [ [ 55.3178382, 25.2376839 ], [ 55.3177458, 25.2376774 ], [ 55.3177234154697, 25.237817856984201 ], [ 55.317815815543007, 25.237824456999704 ], [ 55.3178382, 25.2376839 ] ] ], [ [ [ 55.317363212086399, 25.252925856608567 ], [ 55.317579512277135, 25.252848456646799 ], [ 55.3175983, 25.2527488 ], [ 55.3174772, 25.2523775 ], [ 55.3172948, 25.2524157 ], [ 55.3172179, 25.2525256 ], [ 55.317199112015253, 25.252625256587045 ], [ 55.317363212086399, 25.252925856608567 ] ] ], [ [ [ 55.317696014898381, 25.240501856923675 ], [ 55.3177634, 25.2399857 ], [ 55.3173722, 25.2399483 ], [ 55.317329214652304, 25.240255856866714 ], [ 55.317428114687104, 25.240476356878851 ], [ 55.317696014898381, 25.240501856923675 ] ] ], [ [ [ 55.3175917, 25.2407936 ], [ 55.317568914706392, 25.240938156893076 ], [ 55.317634514758424, 25.240942956904075 ], [ 55.3176574, 25.2407984 ], [ 55.3175917, 25.2407936 ] ] ], [ [ [ 55.317759333770205, 25.232787506784927 ], [ 55.317761122673858, 25.232688184104823 ], [ 55.317716206909651, 25.232643268340617 ], [ 55.317671291145444, 25.232643268340617 ], [ 55.317626375381238, 25.23268818410482 ], [ 55.317624586467232, 25.232787506782753 ], [ 55.317759333770205, 25.232787506784927 ] ] ], [ [ [ 55.317387313951961, 25.243907456800486 ], [ 55.317386813943003, 25.243949256799532 ], [ 55.317441813987344, 25.243949756808838 ], [ 55.317460758794226, 25.243836824813997 ], [ 55.317523042948814, 25.243837462226971 ], [ 55.317519314048418, 25.243957456821796 ], [ 55.317566314086477, 25.243957156829765 ], [ 55.3175844, 25.243761 ], [ 55.3175374, 25.2437613 ], [ 55.317524377121096, 25.243830384627071 ], [ 55.3175317, 25.2436181 ], [ 55.3174633, 25.2436174 ], [ 55.3174567161591, 25.243808260147652 ], [ 55.3174061, 25.2438078 ], [ 55.317387313951961, 25.243907456800486 ] ] ], [ [ [ 55.317671291145444, 25.232194110698554 ], [ 55.317626375381238, 25.232149194934351 ], [ 55.317491628088625, 25.232149194934347 ], [ 55.317356880796005, 25.232239026462761 ], [ 55.317355091870013, 25.232338349137233 ], [ 55.317400007636792, 25.232383264902076 ], [ 55.317669502242765, 25.23238326490641 ], [ 55.317671291145444, 25.232194110698554 ] ] ], [ [ [ 55.317280270528876, 25.243646204110433 ], [ 55.317436314045636, 25.243643256814288 ], [ 55.3174538, 25.2434854 ], [ 55.3172632, 25.243489 ], [ 55.317244965709257, 25.243613360985957 ], [ 55.317119, 25.2434978 ], [ 55.3170718, 25.2435399 ], [ 55.317066432499807, 25.243568373357526 ], [ 55.317214132525983, 25.24370387336387 ], [ 55.317240910354158, 25.243679988916561 ], [ 55.317222913846095, 25.24377545677541 ], [ 55.317295413891777, 25.243838556786372 ], [ 55.317330213926603, 25.243805856792932 ], [ 55.317349, 25.2437062 ], [ 55.317280270528876, 25.243646204110433 ] ], [ [ 55.317262346191818, 25.243656396132437 ], [ 55.317264210290496, 25.243646507441298 ], [ 55.317273045554145, 25.24364634056926 ], [ 55.317262346191818, 25.243656396132437 ] ] ], [ [ [ 55.3172911, 25.2476634 ], [ 55.317286132307103, 25.247730973343387 ], [ 55.317357732323671, 25.247730473346856 ], [ 55.3173627, 25.2476628 ], [ 55.3172911, 25.2476634 ] ] ], [ [ [ 55.317403688967204, 25.230180929210277 ], [ 55.317578189082887, 25.230127729233622 ], [ 55.3175725, 25.2299073 ], [ 55.3173557, 25.2299318 ], [ 55.317299388918812, 25.230079529198445 ], [ 55.317314688910876, 25.230190929198645 ], [ 55.317403688967204, 25.230180929210277 ] ] ], [ [ [ 55.317315, 25.2477648 ], [ 55.317264, 25.2477658 ], [ 55.317261132291861, 25.247892973341209 ], [ 55.317312032303668, 25.247891973343677 ], [ 55.317315, 25.2477648 ] ] ], [ [ [ 55.3172598, 25.2479387 ], [ 55.3171474, 25.2479383 ], [ 55.317141632254724, 25.248055873334458 ], [ 55.317254132280681, 25.248056273339895 ], [ 55.3172598, 25.2479387 ] ] ], [ [ [ 55.31641443209908, 25.247845273300527 ], [ 55.3165045, 25.2473318 ], [ 55.316468363198325, 25.247325044011699 ], [ 55.3164888, 25.2471615 ], [ 55.31645498316346, 25.247160259016297 ], [ 55.316484915964537, 25.247010612303793 ], [ 55.316569141448269, 25.247010149857875 ], [ 55.316609122338797, 25.246754542219591 ], [ 55.316711214842599, 25.246753974265808 ], [ 55.316743326292638, 25.247063700002595 ], [ 55.316657, 25.2470637 ], [ 55.316623092362477, 25.24714874051293 ], [ 55.3166299, 25.2470525 ], [ 55.3165915, 25.2470503 ], [ 55.316551241305966, 25.247263849840042 ], [ 55.31657795488767, 25.247520382030899 ], [ 55.3165523, 25.2475213 ], [ 55.316512041031437, 25.2477348498048 ], [ 55.316539332124393, 25.247905673306217 ], [ 55.316674432155899, 25.247900673312792 ], [ 55.316674648126721, 25.24775719563419 ], [ 55.316691443851276, 25.247668103820263 ], [ 55.316713381602604, 25.247668061557704 ], [ 55.316716390076245, 25.247779880889453 ], [ 55.316683144332913, 25.247779880878024 ], [ 55.316681355053049, 25.247834287746699 ], [ 55.316717853880391, 25.247834287759439 ], [ 55.316724332157222, 25.248075073314158 ], [ 55.31692343220346, 25.248070673323816 ], [ 55.316926156849931, 25.24795668864915 ], [ 55.316957620131269, 25.24796903504437 ], [ 55.316959932211745, 25.248073173325565 ], [ 55.317032932228685, 25.248071873329106 ], [ 55.317033858795483, 25.247839104580251 ], [ 55.317040681192616, 25.247924119280725 ], [ 55.317085596960283, 25.24792411928145 ], [ 55.3170573, 25.2475985 ], [ 55.317005, 25.2476005 ], [ 55.31700891875667, 25.24782307078025 ], [ 55.3169604, 25.247824 ], [ 55.316955414966657, 25.247869712419664 ], [ 55.316902284706153, 25.247869712419181 ], [ 55.316868255057933, 25.247754952923867 ], [ 55.316939741763171, 25.247755749959055 ], [ 55.31698, 25.2475422 ], [ 55.316983554407003, 25.247208901975508 ], [ 55.317030478146172, 25.247209415924637 ], [ 55.31701301292847, 25.247429656663758 ], [ 55.31707941298226, 25.247429056675017 ], [ 55.317096816731549, 25.247210142496407 ], [ 55.31722534249662, 25.247211550086963 ], [ 55.3172656, 25.246998 ], [ 55.31726470000001, 25.2465102 ], [ 55.317173900134428, 25.2465095828831 ], [ 55.3171742, 25.2464714 ], [ 55.3170152, 25.2464704 ], [ 55.316974818007651, 25.246699733529667 ], [ 55.316944568622283, 25.246699408455207 ], [ 55.3169572, 25.246469 ], [ 55.316751, 25.2464701 ], [ 55.316738129110909, 25.246538373886956 ], [ 55.3166077, 25.2465391 ], [ 55.3165474, 25.2464958 ], [ 55.3164054, 25.2465017 ], [ 55.316400232170793, 25.246563173307486 ], [ 55.316434588358987, 25.246596333276322 ], [ 55.316422296233007, 25.246838563948934 ], [ 55.316179831534569, 25.246796044367272 ], [ 55.3162518, 25.2464645 ], [ 55.3161593, 25.2464596 ], [ 55.316152770655435, 25.246515301249147 ], [ 55.316091, 25.2465038 ], [ 55.316057046802833, 25.246669024734569 ], [ 55.316085, 25.2465302 ], [ 55.3160059, 25.2465155 ], [ 55.31596637166092, 25.246711810152362 ], [ 55.3158074, 25.2466192 ], [ 55.315776532019704, 25.24668347327659 ], [ 55.315951561134121, 25.2467853636896 ], [ 55.315942140440256, 25.246832149638305 ], [ 55.316020531268919, 25.246846717849355 ], [ 55.3158475, 25.2471213 ], [ 55.315808775994718, 25.24731469853435 ], [ 55.315361934042954, 25.247232882882649 ], [ 55.315506979376636, 25.247014198968646 ], [ 55.3155875, 25.2465871 ], [ 55.3154836, 25.2465307 ], [ 55.3153018, 25.2468048 ], [ 55.31522579230468, 25.247207955380819 ], [ 55.3150256, 25.2471713 ], [ 55.3149713, 25.2472273 ], [ 55.314913231777531, 25.247414873230454 ], [ 55.31494213177686, 25.247540473231101 ], [ 55.314976531783223, 25.247567473232603 ], [ 55.31641443209908, 25.247845273300527 ] ], [ [ 55.316887293255974, 25.247225254205663 ], [ 55.316927137536624, 25.247208284029707 ], [ 55.316935522903954, 25.247396581382475 ], [ 55.31691155852721, 25.2473963139688 ], [ 55.3169145, 25.2472249 ], [ 55.316887293255974, 25.247225254205663 ] ], [ [ 55.3167595, 25.2473589 ], [ 55.3167075, 25.247359 ], [ 55.316667306509324, 25.247593309876812 ], [ 55.316608597730351, 25.247590849287523 ], [ 55.316606345878853, 25.247540534483385 ], [ 55.3166405, 25.2475114 ], [ 55.316635005480073, 25.247316749872844 ], [ 55.316656432183777, 25.247352773315168 ], [ 55.31674373220406, 25.247350973319406 ], [ 55.316746355465483, 25.247305688982859 ], [ 55.316790538111931, 25.247290466066289 ], [ 55.316788805234488, 25.247394850808426 ], [ 55.316731516198551, 25.247603999840059 ], [ 55.3167595, 25.2473589 ] ], [ [ 55.3167372, 25.2472283 ], [ 55.316736026378187, 25.247250172273219 ], [ 55.316727944637414, 25.247231862079282 ], [ 55.316742095439515, 25.247156799475626 ], [ 55.316765119756347, 25.247227704152003 ], [ 55.3167372, 25.2472283 ] ], [ [ 55.316616741413554, 25.24727724986322 ], [ 55.316616741405554, 25.247295706306272 ], [ 55.316595293171396, 25.24729619980544 ], [ 55.316601378569565, 25.247263920179172 ], [ 55.316616741413554, 25.24727724986322 ] ], [ [ 55.31644600993895, 25.246579527127384 ], [ 55.316440528703374, 25.246582896911402 ], [ 55.316442447895412, 25.246562948361014 ], [ 55.316449142111331, 25.246562912689782 ], [ 55.31644600993895, 25.246579527127384 ] ], [ [ 55.31627206338063, 25.24741981157694 ], [ 55.316261930689542, 25.247415622015602 ], [ 55.316272530808767, 25.247417483103806 ], [ 55.31627206338063, 25.24741981157694 ] ], [ [ 55.316196120838335, 25.247388411608849 ], [ 55.316209557656713, 25.247322617301577 ], [ 55.316196670637979, 25.247388638934741 ], [ 55.316196120838335, 25.247388411608849 ] ] ], [ [ [ 55.317069821624578, 25.239983185716643 ], [ 55.3170337, 25.2399812 ], [ 55.317014914434118, 25.240080856817148 ], [ 55.316973296799901, 25.240503527092027 ], [ 55.316907723153946, 25.240503527076662 ], [ 55.316898956454992, 25.240639865104491 ], [ 55.316962911913961, 25.240639865115146 ], [ 55.316951432636422, 25.240777773368578 ], [ 55.316980232641122, 25.24081117336976 ], [ 55.317156975646824, 25.240829471770198 ], [ 55.31714581437209, 25.240900856822226 ], [ 55.317317714507844, 25.240916356851006 ], [ 55.3173441, 25.2407476 ], [ 55.3171722, 25.2407321 ], [ 55.317165774440021, 25.240773196557264 ], [ 55.3172595, 25.2399259 ], [ 55.3170802, 25.2399146 ], [ 55.317069821624578, 25.239983185716643 ] ] ], [ [ [ 55.316652513646474, 25.242498356705436 ], [ 55.316679213657757, 25.242548656708905 ], [ 55.317087013973854, 25.242614556776577 ], [ 55.3173242, 25.2414925 ], [ 55.3169291, 25.2414272 ], [ 55.3168627, 25.2414588 ], [ 55.316652513646474, 25.242498356705436 ] ] ], [ [ [ 55.317331732809713, 25.239315873395668 ], [ 55.3173425, 25.2392328 ], [ 55.3172766, 25.2392275 ], [ 55.317265832794803, 25.239310573392512 ], [ 55.317331732809713, 25.239315873395668 ] ] ], [ [ [ 55.31715181394739, 25.242999756779515 ], [ 55.317190713977723, 25.243005156785994 ], [ 55.3172191, 25.2428495 ], [ 55.3171802, 25.242844 ], [ 55.31715181394739, 25.242999756779515 ] ] ], [ [ [ 55.316916, 25.2411102 ], [ 55.316864214045992, 25.241382256764535 ], [ 55.317144614263604, 25.241426256811081 ], [ 55.3171965, 25.2411542 ], [ 55.316916, 25.2411102 ] ] ], [ [ [ 55.316838503730068, 25.245710547625439 ], [ 55.316773401835974, 25.245709943852919 ], [ 55.3168011, 25.2452836 ], [ 55.3166831, 25.2452826 ], [ 55.316642842240071, 25.245496149952196 ], [ 55.316639842105566, 25.245790949937945 ], [ 55.316677728234389, 25.245791270758442 ], [ 55.316651842023475, 25.246025449931828 ], [ 55.317087742776771, 25.246029450089814 ], [ 55.317128, 25.2458159 ], [ 55.3171217, 25.2456502 ], [ 55.316983488269798, 25.245648970104178 ], [ 55.3169989, 25.2452878 ], [ 55.3168809, 25.2452869 ], [ 55.316838503730068, 25.245710547625439 ] ] ], [ [ [ 55.317042470446566, 25.248139206991674 ], [ 55.317040681184729, 25.248328361157778 ], [ 55.317085596952403, 25.248328361158492 ], [ 55.317087386210773, 25.248139206991674 ], [ 55.317042470446566, 25.248139206991674 ] ] ], [ [ [ 55.317087386210773, 25.248004459699061 ], [ 55.317042470446566, 25.248004459699061 ], [ 55.317040681189113, 25.248103782337196 ], [ 55.31708559695678, 25.24810378233791 ], [ 55.317087386210773, 25.248004459699061 ] ] ], [ [ [ 55.3171477, 25.2428728 ], [ 55.3167625, 25.2427655 ], [ 55.316670632433677, 25.243136173340954 ], [ 55.316767380801679, 25.24319258426581 ], [ 55.316761232449757, 25.243219073344846 ], [ 55.317027832507009, 25.243292673357306 ], [ 55.3171477, 25.2428728 ] ] ], [ [ [ 55.317061032463606, 25.244165973353716 ], [ 55.317101632472983, 25.244165973355678 ], [ 55.3171069, 25.2440217 ], [ 55.3170663, 25.2440217 ], [ 55.317061032463606, 25.244165973353716 ] ] ], [ [ [ 55.316940782937401, 25.248617399866088 ], [ 55.3170349, 25.2481456 ], [ 55.3168355, 25.248096 ], [ 55.316741382290054, 25.248567799725823 ], [ 55.316940782937401, 25.248617399866088 ] ] ], [ [ [ 55.317087386210773, 25.237539086639064 ], [ 55.317083092490215, 25.237651696882285 ], [ 55.317172924035219, 25.237651696885759 ], [ 55.317177217739179, 25.237539086639071 ], [ 55.317087386210773, 25.237539086639064 ] ] ], [ [ [ 55.316907723153946, 25.239695043320957 ], [ 55.316901998014096, 25.239815246446085 ], [ 55.317036745339898, 25.239815246453041 ], [ 55.317042470446566, 25.23969504332096 ], [ 55.316907723153946, 25.239695043320957 ] ] ], [ [ [ 55.317042470446566, 25.239425548735721 ], [ 55.316997554682359, 25.239425548735724 ], [ 55.316992008485464, 25.239634634282464 ], [ 55.317036924260385, 25.239634634284712 ], [ 55.317042470446566, 25.239425548735721 ] ] ], [ [ [ 55.317042470446566, 25.238661980744219 ], [ 55.316997554682359, 25.238661980744215 ], [ 55.31699182963186, 25.238737268116619 ], [ 55.31703674540713, 25.238737268118943 ], [ 55.317042470446566, 25.238661980744219 ] ] ], [ [ [ 55.316772975861326, 25.2347543092583 ], [ 55.316765819783164, 25.234837189549197 ], [ 55.316855651328723, 25.234971936846541 ], [ 55.316945482877784, 25.235061768380021 ], [ 55.317035314433838, 25.235061768385815 ], [ 55.317042470446566, 25.234978888079333 ], [ 55.316817891625533, 25.234754309258296 ], [ 55.316772975861326, 25.2347543092583 ] ] ], [ [ [ 55.316952638918153, 25.237000097468599 ], [ 55.31694888191489, 25.237064944606136 ], [ 55.316993797686351, 25.237064944607653 ], [ 55.316997554682359, 25.237000097468599 ], [ 55.316952638918153, 25.237000097468599 ] ] ], [ [ [ 55.316946734870371, 25.239950942852598 ], [ 55.316952638918153, 25.239874706377776 ], [ 55.316907723153946, 25.239829790613577 ], [ 55.316862807389739, 25.239829790613577 ], [ 55.316856903322027, 25.239906027083912 ], [ 55.316901819094753, 25.239950942850207 ], [ 55.316946734870371, 25.239950942852598 ] ] ], [ [ [ 55.316808230313505, 25.240779357948949 ], [ 55.316808230294598, 25.240959021003846 ], [ 55.31685314607747, 25.240959021007761 ], [ 55.316898061865068, 25.240914105247946 ], [ 55.316907723153946, 25.240728105897695 ], [ 55.316817891625533, 25.240728105897691 ], [ 55.316808230313505, 25.240779357948949 ] ] ], [ [ [ 55.3168051, 25.2432508 ], [ 55.316764432445133, 25.243310673344457 ], [ 55.31679913245128, 25.243342573345945 ], [ 55.3168399, 25.2432827 ], [ 55.3168051, 25.2432508 ] ] ], [ [ [ 55.316762241017344, 25.241054547198907 ], [ 55.316762240996333, 25.241234210253598 ], [ 55.31680715678128, 25.241234210257936 ], [ 55.316852072571479, 25.241189294498607 ], [ 55.316862807389739, 25.240997600482928 ], [ 55.316772975861326, 25.240997600482928 ], [ 55.316762241017344, 25.241054547198907 ] ] ], [ [ [ 55.316810198389426, 25.240409591605818 ], [ 55.316855114172256, 25.240364675845111 ], [ 55.316862807389739, 25.240278948255629 ], [ 55.316817891625533, 25.240278948255636 ], [ 55.316772975861326, 25.240323864019839 ], [ 55.316765282610355, 25.240409591602702 ], [ 55.316810198389426, 25.240409591605818 ] ] ], [ [ [ 55.316715246342781, 25.23642715038326 ], [ 55.316724481969494, 25.2369292481938 ], [ 55.316814313511735, 25.236929248196702 ], [ 55.316862807389739, 25.236775518647566 ], [ 55.316862807389739, 25.23655093982654 ], [ 55.316755970478589, 25.236506024063942 ], [ 55.316760858874446, 25.236480090572346 ], [ 55.316904145071476, 25.236480090559319 ], [ 55.316907723153946, 25.23641619253392 ], [ 55.316862807389739, 25.236371276769713 ], [ 55.316781369964026, 25.236371276784414 ], [ 55.3168135, 25.2361253 ], [ 55.316773037323259, 25.236123630617911 ], [ 55.3168206, 25.235829 ], [ 55.3167513, 25.2358235 ], [ 55.316705860812, 25.236064538031961 ], [ 55.3167287, 25.2358187 ], [ 55.3166497, 25.2358124 ], [ 55.316609244116265, 25.236055159573603 ], [ 55.3166335, 25.2358133 ], [ 55.3165531, 25.2358068 ], [ 55.316493346065485, 25.236183350313642 ], [ 55.316527292636927, 25.236186079699092 ], [ 55.316484345910069, 25.236502250296152 ], [ 55.316692346261306, 25.236522550370701 ], [ 55.316720442788409, 25.23637349539608 ], [ 55.316715246342781, 25.23642715038326 ] ], [ [ 55.316741239190229, 25.23623652186734 ], [ 55.316745120985637, 25.236203955667904 ], [ 55.31674735135546, 25.236204096063346 ], [ 55.316741239190229, 25.23623652186734 ] ] ], [ [ [ 55.3167115, 25.2479564 ], [ 55.3166832, 25.2479564 ], [ 55.316664412513163, 25.248081756591141 ], [ 55.316692712536032, 25.248081756595941 ], [ 55.3167115, 25.2479564 ] ] ], [ [ [ 55.316683144332913, 25.249756174503094 ], [ 55.3165483970403, 25.249756174503098 ], [ 55.316544281583639, 25.249822919793463 ], [ 55.316679028900111, 25.249822919798465 ], [ 55.316683144332913, 25.249756174503094 ] ] ], [ [ [ 55.3167342, 25.2432516 ], [ 55.3167026, 25.2432735 ], [ 55.316714932432994, 25.243322773341987 ], [ 55.316746432441548, 25.243300773343645 ], [ 55.3167342, 25.2432516 ] ] ], [ [ [ 55.316726091964341, 25.244511470313945 ], [ 55.31672806009712, 25.244411198562588 ], [ 55.316683144332913, 25.244411198562585 ], [ 55.316681176196326, 25.244511470313149 ], [ 55.316726091964341, 25.244511470313945 ] ] ], [ [ [ 55.3166807, 25.2427581 ], [ 55.316643513550609, 25.242931156694901 ], [ 55.316685113582494, 25.242939656701765 ], [ 55.3167222, 25.2427666 ], [ 55.3166807, 25.2427581 ] ] ], [ [ [ 55.316683144332913, 25.237314507818041 ], [ 55.316679029453923, 25.237471084698182 ], [ 55.31672394522608, 25.237471084699841 ], [ 55.316772975861326, 25.237314507818038 ], [ 55.316683144332913, 25.237314507818041 ] ] ], [ [ [ 55.316812882437397, 25.233792737622295 ], [ 55.316817891625533, 25.233676330917358 ], [ 55.316772975861326, 25.233676330917358 ], [ 55.316767966663519, 25.23379273762027 ], [ 55.316812882437397, 25.233792737622295 ] ] ], [ [ [ 55.3166865, 25.2432098 ], [ 55.3165671, 25.2431847 ], [ 55.316531713374729, 25.243348956667262 ], [ 55.316651113466101, 25.243374056686957 ], [ 55.3166865, 25.2432098 ] ] ], [ [ [ 55.316588840075084, 25.237832309031408 ], [ 55.316723587393618, 25.237832309036847 ], [ 55.31672806009712, 25.237673833931687 ], [ 55.316640319555418, 25.237673833932305 ], [ 55.3166768, 25.237434 ], [ 55.3165938, 25.237425 ], [ 55.31655071454454, 25.23770825678799 ], [ 55.316598612004718, 25.237713450498227 ], [ 55.316588840075084, 25.237832309031408 ] ] ], [ [ [ 55.3166083, 25.2455789 ], [ 55.3166132, 25.2452752 ], [ 55.316488, 25.2452735 ], [ 55.316447741906131, 25.24548704988181 ], [ 55.316442841764371, 25.245790849866477 ], [ 55.316568041980531, 25.245792449911825 ], [ 55.3166083, 25.2455789 ] ] ], [ [ [ 55.316683144332913, 25.239605211792544 ], [ 55.316638228568706, 25.239605211792536 ], [ 55.316632861190598, 25.239768432444325 ], [ 55.316677776965172, 25.239768432446503 ], [ 55.316683144332913, 25.239605211792544 ] ] ], [ [ [ 55.316638228568706, 25.239470464499924 ], [ 55.316632861203722, 25.239543853624632 ], [ 55.316677776978295, 25.239543853626817 ], [ 55.316683144332913, 25.239470464499924 ], [ 55.316638228568706, 25.239470464499924 ] ] ], [ [ [ 55.3165483970403, 25.242210326116489 ], [ 55.316545534348094, 25.242315343426068 ], [ 55.316590450117836, 25.242315343427229 ], [ 55.316635365888963, 25.242270427664323 ], [ 55.316638228568706, 25.242210326116485 ], [ 55.3165483970403, 25.242210326116489 ] ] ], [ [ [ 55.316625132776892, 25.237086973374755 ], [ 55.316692232789627, 25.237133973377727 ], [ 55.3167087, 25.2370075 ], [ 55.3166396, 25.2370306 ], [ 55.316625132776892, 25.237086973374755 ] ] ], [ [ [ 55.316638228568706, 25.241401842360784 ], [ 55.316593312804507, 25.24140184236078 ], [ 55.316587945316215, 25.241475231471831 ], [ 55.316632861090788, 25.241475231474002 ], [ 55.316638228568706, 25.241401842360784 ] ] ], [ [ [ 55.316593312804507, 25.237898412752717 ], [ 55.31658830333761, 25.238014819424073 ], [ 55.316678134885372, 25.23801481942813 ], [ 55.316683144332913, 25.237853496988507 ], [ 55.316638228568706, 25.23785349698851 ], [ 55.316593312804507, 25.237898412752717 ] ] ], [ [ [ 55.31641364974768, 25.249756174503091 ], [ 55.316409534267152, 25.249822919788468 ], [ 55.316499365811474, 25.2498229197918 ], [ 55.316503481276094, 25.249756174503094 ], [ 55.31641364974768, 25.249756174503091 ] ] ], [ [ [ 55.315491145436852, 25.233660150062711 ], [ 55.315478845114995, 25.234345550027648 ], [ 55.316268646475471, 25.234361150313465 ], [ 55.316588947175326, 25.234029650444455 ], [ 55.31666094735008, 25.233915350475666 ], [ 55.3167133, 25.2336345 ], [ 55.3167073, 25.2334604 ], [ 55.316653013736698, 25.23338794586008 ], [ 55.3166963, 25.2331583 ], [ 55.3166801, 25.232952 ], [ 55.316583847310781, 25.232886981133991 ], [ 55.3166314, 25.2326347 ], [ 55.3163584, 25.2324692 ], [ 55.316004731218399, 25.23253417335123 ], [ 55.3160325, 25.232286 ], [ 55.3159554, 25.2322961 ], [ 55.315921561679183, 25.232549452494759 ], [ 55.3158255, 25.2325671 ], [ 55.315727435518319, 25.232984020193314 ], [ 55.3155332, 25.2330071 ], [ 55.315468792933913, 25.233348780121183 ], [ 55.315468492826021, 25.233501380110116 ], [ 55.31551951387636, 25.233509655862008 ], [ 55.315491145436852, 25.233660150062711 ] ], [ [ 55.31653331965969, 25.233551638337012 ], [ 55.316528527491542, 25.233538420324447 ], [ 55.316535658539628, 25.233538412299268 ], [ 55.31653331965969, 25.233551638337012 ] ], [ [ 55.3162965, 25.2333238 ], [ 55.315931647282298, 25.23338236008329 ], [ 55.315963229367696, 25.233151800901165 ], [ 55.316313861403948, 25.233161767661002 ], [ 55.3162965, 25.2333238 ] ] ], [ [ [ 55.31637127159059, 25.243318391525921 ], [ 55.316406771622148, 25.243325891532724 ], [ 55.316441704553696, 25.243171589063895 ], [ 55.31649707174131, 25.243181391553989 ], [ 55.3165848, 25.2427623 ], [ 55.316503, 25.2427477 ], [ 55.31637127159059, 25.243318391525921 ] ] ], [ [ [ 55.316545355447666, 25.241777303368735 ], [ 55.3165483970403, 25.241716252710219 ], [ 55.316503481276094, 25.241716252710223 ], [ 55.316500439677583, 25.241777303367503 ], [ 55.316545355447666, 25.241777303368735 ] ] ], [ [ [ 55.3165483970403, 25.240503527076655 ], [ 55.316503481276094, 25.240503527076662 ], [ 55.316495072259613, 25.240593051085629 ], [ 55.316539988040077, 25.240593051089029 ], [ 55.3165483970403, 25.240503527076655 ] ] ], [ [ [ 55.316483072596064, 25.238597906365985 ], [ 55.3165729, 25.2382242 ], [ 55.3164408, 25.2382078 ], [ 55.316427532661038, 25.238288173358058 ], [ 55.316549924599677, 25.238303368124612 ], [ 55.3161663, 25.2382966 ], [ 55.316104314000832, 25.238602456693783 ], [ 55.316432423138494, 25.238646312926861 ], [ 55.316422623826725, 25.238710149755207 ], [ 55.3163912, 25.2387054 ], [ 55.316354614141979, 25.238901056729937 ], [ 55.316454514219586, 25.238916256746531 ], [ 55.3165067, 25.2386767 ], [ 55.3165084, 25.2385984 ], [ 55.316483072596064, 25.238597906365985 ] ] ], [ [ [ 55.316501513177265, 25.242041103284016 ], [ 55.316503481276094, 25.241940831531256 ], [ 55.316458565511887, 25.241940831531252 ], [ 55.316456597409257, 25.242041103283228 ], [ 55.316501513177265, 25.242041103284016 ] ] ], [ [ [ 55.316456597352428, 25.244691133365603 ], [ 55.316458565511887, 25.244635777383614 ], [ 55.316368733983474, 25.244635777383611 ], [ 55.316366765816412, 25.244691133364004 ], [ 55.316456597352428, 25.244691133365603 ] ] ], [ [ [ 55.316636439603172, 25.231529865371549 ], [ 55.316638228568706, 25.231475458471262 ], [ 55.316593312804507, 25.231475458471262 ], [ 55.31659152383552, 25.231529865370824 ], [ 55.316636439603172, 25.231529865371549 ] ] ], [ [ [ 55.316337520530752, 25.246680597907751 ], [ 55.3163727, 25.246455 ], [ 55.3162647, 25.2464514 ], [ 55.316197032111518, 25.246774373296397 ], [ 55.316405532158456, 25.246795173306349 ], [ 55.3164228, 25.2466916 ], [ 55.316337520530752, 25.246680597907751 ] ], [ [ 55.316277458338377, 25.24671633462583 ], [ 55.316275179498533, 25.246730429389508 ], [ 55.316277418871948, 25.246716333273724 ], [ 55.316277458338377, 25.24671633462583 ] ] ], [ [ [ 55.316494893319081, 25.24086349477988 ], [ 55.316503481276094, 25.240683190133485 ], [ 55.316458565511887, 25.240683190133488 ], [ 55.316405061757479, 25.240863494772931 ], [ 55.316494893319081, 25.24086349477988 ] ] ], [ [ [ 55.316236641335088, 25.245955249784316 ], [ 55.316234041301065, 25.246022549780371 ], [ 55.316265341354843, 25.246023549791676 ], [ 55.316306522511091, 25.245786085689591 ], [ 55.316374141647088, 25.245786949841726 ], [ 55.3164144, 25.2455734 ], [ 55.3164194, 25.2452697 ], [ 55.3162941, 25.245268 ], [ 55.316253841572689, 25.245481549811704 ], [ 55.316268623679655, 25.24578560134043 ], [ 55.316236641335088, 25.245955249784316 ] ] ], [ [ [ 55.31641364974768, 25.242075578823872 ], [ 55.316368733983474, 25.242165410352282 ], [ 55.316366229110933, 25.242223613671211 ], [ 55.316456060649017, 25.242223613673243 ], [ 55.316458565511887, 25.242075578823872 ], [ 55.31641364974768, 25.242075578823872 ] ] ], [ [ [ 55.316589913731555, 25.232391806909291 ], [ 55.316593312804507, 25.232283942226964 ], [ 55.316368733983474, 25.23228394222696 ], [ 55.316365334877702, 25.23239180690241 ], [ 55.316589913731555, 25.232391806909291 ] ] ], [ [ [ 55.316590450438568, 25.232029633456708 ], [ 55.316593312804507, 25.231969531877532 ], [ 55.3165483970403, 25.231969531877528 ], [ 55.316545534668833, 25.23202963345555 ], [ 55.316590450438568, 25.232029633456708 ] ] ], [ [ [ 55.3163627, 25.2389617 ], [ 55.316354616405491, 25.239015878108049 ], [ 55.316331921472042, 25.239014461658694 ], [ 55.316336, 25.2389504 ], [ 55.3162582, 25.2389492 ], [ 55.316238514008241, 25.239096056706227 ], [ 55.316291071592289, 25.239096867375764 ], [ 55.316277514008043, 25.239251056709591 ], [ 55.316348914064818, 25.239255556721584 ], [ 55.316457914179999, 25.239123156742803 ], [ 55.3164802, 25.2389777 ], [ 55.3164402, 25.2389752 ], [ 55.316434938245912, 25.239006058603213 ], [ 55.3164408, 25.2389666 ], [ 55.3163627, 25.2389617 ] ] ], [ [ [ 55.3165027, 25.2365759 ], [ 55.3161526, 25.2365549 ], [ 55.316109714336633, 25.236982956728436 ], [ 55.316459814615222, 25.237003956787259 ], [ 55.3165027, 25.2365759 ] ] ], [ [ [ 55.315979732664843, 25.2364549733473 ], [ 55.316041432678809, 25.236459873350253 ], [ 55.316053939384638, 25.236291872065308 ], [ 55.316103843200345, 25.236294326334733 ], [ 55.316079, 25.2363137 ], [ 55.316078045216429, 25.23647985014976 ], [ 55.316403245771276, 25.236498550266891 ], [ 55.3164914, 25.2357951 ], [ 55.3163398, 25.235783 ], [ 55.31627957474393, 25.236200804846238 ], [ 55.3159464, 25.2361822 ], [ 55.315936032664631, 25.236286073346186 ], [ 55.315964270371403, 25.236287462101167 ], [ 55.315979732664843, 25.2364549733473 ] ] ], [ [ [ 55.3162286, 25.2493959 ], [ 55.316188511817835, 25.249598756478949 ], [ 55.316257411871156, 25.249610356490376 ], [ 55.3162975, 25.2494075 ], [ 55.3162286, 25.2493959 ] ] ], [ [ [ 55.316498651097127, 25.23046802196173 ], [ 55.316543566870671, 25.230468021963684 ], [ 55.3165483970403, 25.230397480130318 ], [ 55.316503481276094, 25.230397480130318 ], [ 55.316498651097127, 25.23046802196173 ] ] ], [ [ [ 55.316368733983474, 25.24319847292902 ], [ 55.316278902455061, 25.24319847292902 ], [ 55.316276218622441, 25.243257625353756 ], [ 55.316366050161228, 25.243257625355923 ], [ 55.316368733983474, 25.24319847292902 ] ] ], [ [ [ 55.316368733983474, 25.239425548735724 ], [ 55.316363187644697, 25.239499886959248 ], [ 55.316408103419619, 25.2394998869615 ], [ 55.31641364974768, 25.239425548735721 ], [ 55.316368733983474, 25.239425548735724 ] ] ], [ [ [ 55.31650151340547, 25.231396067190431 ], [ 55.316503481276094, 25.231295795414436 ], [ 55.316458565511887, 25.231295795414443 ], [ 55.316456597637469, 25.231396067189642 ], [ 55.31650151340547, 25.231396067190431 ] ] ], [ [ [ 55.3162872, 25.2380152 ], [ 55.316276732637412, 25.238096773351884 ], [ 55.316390832663231, 25.238105773357365 ], [ 55.3164013, 25.2380241 ], [ 55.3162872, 25.2380152 ] ] ], [ [ [ 55.316321134385269, 25.243482204175194 ], [ 55.316323818219267, 25.24342305175005 ], [ 55.316233986690854, 25.243423051750053 ], [ 55.316231302845175, 25.243527119937106 ], [ 55.316276218614561, 25.243527119938189 ], [ 55.316321134385269, 25.243482204175194 ] ] ], [ [ [ 55.3162431, 25.2398202 ], [ 55.316230432520911, 25.239906273338889 ], [ 55.316343232545321, 25.239934273344176 ], [ 55.3163559, 25.2398334 ], [ 55.3162431, 25.2398202 ] ] ], [ [ [ 55.3163174, 25.2387187 ], [ 55.316284614086584, 25.238895356718203 ], [ 55.316337114127379, 25.238903256726925 ], [ 55.31637, 25.2387265 ], [ 55.3163174, 25.2387187 ] ] ], [ [ [ 55.316276934286165, 25.244421638777759 ], [ 55.316278902455061, 25.244366282798374 ], [ 55.316233986690854, 25.244366282798381 ], [ 55.316232018518164, 25.24442163877697 ], [ 55.316276934286165, 25.244421638777759 ] ] ], [ [ [ 55.316363724879928, 25.230468971069239 ], [ 55.316453556427689, 25.230468971073286 ], [ 55.316458565511887, 25.230397480130311 ], [ 55.316368733983474, 25.230397480130307 ], [ 55.316363724879928, 25.230468971069239 ] ] ], [ [ [ 55.3153488, 25.2496689 ], [ 55.315353878321389, 25.249594316021152 ], [ 55.315498211261939, 25.249588056362256 ], [ 55.315514242706669, 25.24946616377073 ], [ 55.3155286112911, 25.249565656367881 ], [ 55.315626002190498, 25.249557457157483 ], [ 55.315629811366904, 25.249595056384418 ], [ 55.315704110480155, 25.249588840924595 ], [ 55.31570111141145, 25.249658956395155 ], [ 55.315761811460995, 25.249656656405474 ], [ 55.315799904853236, 25.249442358582201 ], [ 55.315856432766971, 25.249437647853831 ], [ 55.315855231874252, 25.249480573263746 ], [ 55.315976831902681, 25.24947467326966 ], [ 55.31597815149474, 25.249427504403037 ], [ 55.316042136139984, 25.249422172190648 ], [ 55.316016711680469, 25.249591256450014 ], [ 55.316096311743308, 25.249598656463341 ], [ 55.316123873087328, 25.249415360534492 ], [ 55.316186565838578, 25.249410135920147 ], [ 55.316189070926647, 25.249307016861035 ], [ 55.316144155162441, 25.249262101096829 ], [ 55.316009407869828, 25.249217185332622 ], [ 55.315245839878322, 25.249217185332622 ], [ 55.314886513764677, 25.249307016861028 ], [ 55.31484159800047, 25.249351932625242 ], [ 55.314839092765922, 25.249455051653801 ], [ 55.314884008533738, 25.249499967418899 ], [ 55.315233763234019, 25.249489536519718 ], [ 55.31520993170588, 25.249810573230551 ], [ 55.315292631724716, 25.249815173234524 ], [ 55.3153488, 25.2496689 ] ], [ [ 55.315347955690619, 25.249546489148333 ], [ 55.31531609208605, 25.249544709066839 ], [ 55.315321894288608, 25.249482192493677 ], [ 55.315354678971005, 25.249479460508088 ], [ 55.315347955690619, 25.249546489148333 ] ] ], [ [ [ 55.316186387421141, 25.231714273985002 ], [ 55.316248257029045, 25.231776143608204 ], [ 55.3161871, 25.2317843 ], [ 55.316165810815001, 25.231897244423447 ], [ 55.316186010804628, 25.232021744424372 ], [ 55.316403511010456, 25.231992844466788 ], [ 55.3164248, 25.2318799 ], [ 55.3164102, 25.2317904 ], [ 55.316364615171594, 25.231760625079708 ], [ 55.316368733983474, 25.231655121528082 ], [ 55.316323818219267, 25.231610205763875 ], [ 55.316189070926647, 25.231610205763879 ], [ 55.316186387421141, 25.231714273985002 ] ] ], [ [ [ 55.316150213443713, 25.241505656641063 ], [ 55.316205, 25.2412603 ], [ 55.316135676164471, 25.241246278356812 ], [ 55.31628820000001, 25.2406847 ], [ 55.3162864, 25.240073 ], [ 55.3160767, 25.2400585 ], [ 55.3157281, 25.2404029 ], [ 55.315677413190009, 25.240878356574086 ], [ 55.315840486116898, 25.241107311412556 ], [ 55.3156646, 25.2410683 ], [ 55.3156031, 25.2411916 ], [ 55.315586513010906, 25.241394456547944 ], [ 55.31579451316955, 25.241440656582199 ], [ 55.315868670797983, 25.241146882681878 ], [ 55.315906441297045, 25.241199912385362 ], [ 55.3158693, 25.2411924 ], [ 55.315814513186304, 25.241437756585647 ], [ 55.316150213443713, 25.241505656641063 ] ] ], [ [ [ 55.316042341077775, 25.245774649721874 ], [ 55.316180341316496, 25.245775349771922 ], [ 55.3162206, 25.2455618 ], [ 55.3162226, 25.2452634 ], [ 55.3160844, 25.2452627 ], [ 55.31604414121179, 25.245476249735855 ], [ 55.316042341077775, 25.245774649721874 ] ] ], [ [ [ 55.3159845, 25.2394141 ], [ 55.315930813602783, 25.239862256638158 ], [ 55.316173613794916, 25.239882156678863 ], [ 55.316244013889303, 25.239698956694589 ], [ 55.3162736, 25.2394912 ], [ 55.3162032, 25.239355 ], [ 55.3160664, 25.2393438 ], [ 55.3159845, 25.2394141 ] ] ], [ [ [ 55.31627314573651, 25.236064150239091 ], [ 55.316322, 25.2357555 ], [ 55.3159661, 25.2357291 ], [ 55.315917245131857, 25.23603785011116 ], [ 55.31627314573651, 25.236064150239091 ] ] ], [ [ [ 55.316054323634035, 25.249801090267301 ], [ 55.316049671275088, 25.249915598630164 ], [ 55.316094587048276, 25.249915598632054 ], [ 55.316099239398241, 25.249801090267301 ], [ 55.316054323634035, 25.249801090267301 ] ] ], [ [ [ 55.315746032454648, 25.23912697332009 ], [ 55.31587103248318, 25.239132573326099 ], [ 55.31588052262552, 25.239026500269063 ], [ 55.315946813787761, 25.239021656658387 ], [ 55.315950725982105, 25.238995973191443 ], [ 55.315946213785352, 25.239031056658082 ], [ 55.316015087456307, 25.239035769818539 ], [ 55.316001132513229, 25.239132273332402 ], [ 55.316060132526502, 25.239138373335212 ], [ 55.316072937592494, 25.239049821561771 ], [ 55.316217413998423, 25.239060756703374 ], [ 55.3162486, 25.2388275 ], [ 55.315944, 25.2388044 ], [ 55.315896515569406, 25.238938673570605 ], [ 55.315807792087917, 25.23891771870197 ], [ 55.3158196, 25.2388362 ], [ 55.3157241, 25.2387577 ], [ 55.31563, 25.2387747 ], [ 55.315579913478011, 25.239086456594919 ], [ 55.315647213512158, 25.239185356604246 ], [ 55.315713613564917, 25.239189756615396 ], [ 55.315739635105068, 25.239000846302002 ], [ 55.315795213668764, 25.239004556633073 ], [ 55.315800776778644, 25.238966150478078 ], [ 55.315795688566716, 25.239019583966446 ], [ 55.3157559, 25.2390178 ], [ 55.315746032454648, 25.23912697332009 ] ] ], [ [ [ 55.316323818219267, 25.232283942226967 ], [ 55.316278902455061, 25.232283942226974 ], [ 55.316233986690854, 25.232328857991178 ], [ 55.316230050861243, 25.232394654236614 ], [ 55.316319882404869, 25.232394654239812 ], [ 55.316323818219267, 25.232283942226967 ] ] ], [ [ [ 55.316097092292488, 25.24424292482836 ], [ 55.316142008060837, 25.24424292482923 ], [ 55.316144155162441, 25.244186619741555 ], [ 55.316099239398241, 25.244186619741551 ], [ 55.316097092292488, 25.24424292482836 ] ] ], [ [ [ 55.3158445, 25.2416353 ], [ 55.315649012847778, 25.242438056536784 ], [ 55.315926413062435, 25.242484656582779 ], [ 55.316002813131924, 25.242446856596509 ], [ 55.3161761, 25.2417567 ], [ 55.316138, 25.2416971 ], [ 55.3158445, 25.2416353 ] ] ], [ [ [ 55.316054323634035, 25.23821282310216 ], [ 55.316048777293524, 25.238287161317423 ], [ 55.31613860884336, 25.238287161321917 ], [ 55.316144155162441, 25.238212823102163 ], [ 55.316054323634035, 25.23821282310216 ] ] ], [ [ [ 55.316189070926647, 25.232328857991181 ], [ 55.316144155162441, 25.232328857991174 ], [ 55.316140040415554, 25.232395603346067 ], [ 55.316184956187712, 25.232395603347737 ], [ 55.316189070926647, 25.232328857991181 ] ] ], [ [ [ 55.3159147, 25.2502032 ], [ 55.3158657, 25.2502193 ], [ 55.315855941507103, 25.250271059922799 ], [ 55.3157299, 25.2503096 ], [ 55.315711111265898, 25.250409256381207 ], [ 55.315741711274953, 25.250485856384799 ], [ 55.315866811384453, 25.250445056406832 ], [ 55.315881731030835, 25.250365921355726 ], [ 55.315916711443371, 25.250354356417173 ], [ 55.3159355, 25.2502547 ], [ 55.3159147, 25.2502032 ] ] ], [ [ [ 55.316183525066023, 25.230876060275747 ], [ 55.316189070926647, 25.23080172200817 ], [ 55.316144155162441, 25.230801722008174 ], [ 55.316138609291094, 25.230876060273506 ], [ 55.316183525066023, 25.230876060275747 ] ] ], [ [ [ 55.316056947008406, 25.232309850328235 ], [ 55.3161270471347, 25.232298550354169 ], [ 55.3161673, 25.232085 ], [ 55.3161443, 25.2319677 ], [ 55.31607420000001, 25.2319789 ], [ 55.316033947020067, 25.232192450325137 ], [ 55.316056947008406, 25.232309850328235 ] ] ], [ [ [ 55.315917429205413, 25.244826829758164 ], [ 55.315962344973762, 25.244826829759035 ], [ 55.315964492105621, 25.244770524676227 ], [ 55.315919576341415, 25.24477052467623 ], [ 55.315917429205413, 25.244826829758164 ] ] ], [ [ [ 55.3159284, 25.2464412 ], [ 55.3158828, 25.2464409 ], [ 55.315877132053252, 25.2465072732825 ], [ 55.315922732063768, 25.246507573284706 ], [ 55.3159284, 25.2464412 ] ] ], [ [ [ 55.3159735, 25.2425334 ], [ 55.3156567, 25.2424738 ], [ 55.315502512581176, 25.243161956496895 ], [ 55.315819312825028, 25.24322155654929 ], [ 55.3159735, 25.2425334 ] ] ], [ [ [ 55.3159442, 25.2381171 ], [ 55.315932132551836, 25.238199773334618 ], [ 55.316014632570493, 25.238206373338567 ], [ 55.3160253, 25.2381235 ], [ 55.3159442, 25.2381171 ] ] ], [ [ [ 55.316099239398241, 25.23232885799117 ], [ 55.316054323634035, 25.232328857991178 ], [ 55.316049851063525, 25.232442417331697 ], [ 55.316094766836372, 25.232442417333509 ], [ 55.316099239398241, 25.23232885799117 ] ] ], [ [ [ 55.315925245496473, 25.235237950149763 ], [ 55.316001145628107, 25.235237450177316 ], [ 55.316041, 25.2349733 ], [ 55.3159651, 25.2349737 ], [ 55.315925245496473, 25.235237950149763 ] ] ], [ [ [ 55.315964492105621, 25.231385626942849 ], [ 55.315959482861075, 25.231457117858039 ], [ 55.316004398632515, 25.231502033624022 ], [ 55.316049314406392, 25.231502033626043 ], [ 55.316054323634035, 25.231385626942846 ], [ 55.315964492105621, 25.231385626942849 ] ] ], [ [ [ 55.316029, 25.2318236 ], [ 55.3158501, 25.2318247 ], [ 55.315818352096038, 25.231993127825675 ], [ 55.3157862, 25.231864 ], [ 55.3154765, 25.2319271 ], [ 55.3154398, 25.2319596 ], [ 55.315375393410164, 25.232301280141783 ], [ 55.315428793407499, 25.232515880157454 ], [ 55.315470793485595, 25.232570380177943 ], [ 55.31579609443309, 25.232504080371495 ], [ 55.315859331811943, 25.232157708390861 ], [ 55.315961546916839, 25.232142050301118 ], [ 55.316001347002214, 25.232104450317241 ], [ 55.316029, 25.2318236 ] ] ], [ [ [ 55.315964492105621, 25.236685687119156 ], [ 55.315919576341415, 25.236595855590739 ], [ 55.315784829048795, 25.236595855590739 ], [ 55.315780892960206, 25.236661651801636 ], [ 55.315870724499973, 25.236751483332846 ], [ 55.315960556043592, 25.236751483336029 ], [ 55.315964492105621, 25.236685687119156 ] ] ], [ [ [ 55.3158798, 25.2363248 ], [ 55.315847614213126, 25.236551656693056 ], [ 55.315903914257639, 25.236556456702477 ], [ 55.3159361, 25.2363296 ], [ 55.3158798, 25.2363248 ] ] ], [ [ [ 55.3159549, 25.2348436 ], [ 55.3159569, 25.2347896 ], [ 55.3158717, 25.234787 ], [ 55.315829445411048, 25.235054550123191 ], [ 55.315914645557413, 25.235057150153985 ], [ 55.3159549, 25.2348436 ] ] ], [ [ [ 55.31566861254754, 25.243982056507939 ], [ 55.3158327, 25.2433235 ], [ 55.315383236240272, 25.243227843937692 ], [ 55.3154158, 25.2430838 ], [ 55.3153491, 25.2430692 ], [ 55.315316432269412, 25.243213626412413 ], [ 55.3150607, 25.2431592 ], [ 55.314814211824974, 25.244138256359975 ], [ 55.315115812055609, 25.244202456409717 ], [ 55.315155823990473, 25.244190033320329 ], [ 55.315152608627642, 25.24424956857094 ], [ 55.315242440169186, 25.244249568573693 ], [ 55.315245839878322, 25.244186619741555 ], [ 55.31516681833142, 25.24418661974444 ], [ 55.315625012499538, 25.244044356499248 ], [ 55.31566861254754, 25.243982056507939 ] ] ], [ [ [ 55.315650081756175, 25.249846006031504 ], [ 55.315645966134383, 25.249957667052136 ], [ 55.315735797678698, 25.249957667055472 ], [ 55.315739913284588, 25.249890921795714 ], [ 55.315694997520382, 25.2498460060315 ], [ 55.315650081756175, 25.249846006031504 ] ] ], [ [ [ 55.315560250227769, 25.236595855590739 ], [ 55.315556314097307, 25.236751483321701 ], [ 55.315601229867198, 25.236796399087289 ], [ 55.315825808720469, 25.236931146387292 ], [ 55.31591564026408, 25.236931146390482 ], [ 55.315919576341415, 25.236820434411776 ], [ 55.315829744813001, 25.236730602883362 ], [ 55.315650081756175, 25.236595855590743 ], [ 55.315560250227769, 25.236595855590739 ] ] ], [ [ [ 55.315559744545702, 25.23596304998479 ], [ 55.315506744247465, 25.236433849944543 ], [ 55.315844932632729, 25.236472073340682 ], [ 55.3159233, 25.2357909 ], [ 55.3158727, 25.2357524 ], [ 55.315806747184439, 25.235748788935787 ], [ 55.3158153, 25.2357004 ], [ 55.3156894, 25.2356869 ], [ 55.315678387044208, 25.235749230438046 ], [ 55.3156, 25.2357495 ], [ 55.315559744545702, 25.23596304998479 ] ] ], [ [ [ 55.315874660577208, 25.237763665460097 ], [ 55.315829744813001, 25.237718749695897 ], [ 55.315784829048795, 25.237718749695894 ], [ 55.315739913284588, 25.237763665460097 ], [ 55.315735977138317, 25.237829461664308 ], [ 55.315870724453752, 25.237829461669083 ], [ 55.315874660577208, 25.237763665460097 ] ] ], [ [ [ 55.3157013, 25.25032 ], [ 55.3156011, 25.2502873 ], [ 55.315555011130293, 25.250455156353812 ], [ 55.315655311204672, 25.250487956370119 ], [ 55.3157013, 25.25032 ] ] ], [ [ [ 55.3157008, 25.2477915 ], [ 55.315623, 25.24777 ], [ 55.3155693, 25.247794 ], [ 55.3155237, 25.2478534 ], [ 55.315504911602154, 25.247953056397478 ], [ 55.315613211680329, 25.247998856414853 ], [ 55.315663611723487, 25.247987056423636 ], [ 55.315715911781105, 25.247912156434055 ], [ 55.3157347, 25.2478125 ], [ 55.3157008, 25.2477915 ] ] ], [ [ [ 55.3157874, 25.2371077 ], [ 55.315776448862032, 25.237206709999644 ], [ 55.315844448885315, 25.237209710004553 ], [ 55.3158555, 25.2371107 ], [ 55.3157874, 25.2371077 ] ] ], [ [ [ 55.315784829048795, 25.237449255110658 ], [ 55.315781071838423, 25.237514102206781 ], [ 55.315825987609891, 25.237514102208305 ], [ 55.315829744813001, 25.237449255110658 ], [ 55.315784829048795, 25.237449255110658 ] ] ], [ [ [ 55.3158095, 25.2347858 ], [ 55.31579129814385, 25.23490942004344 ], [ 55.315831598171449, 25.234911220049256 ], [ 55.3158498, 25.2347877 ], [ 55.3158095, 25.2347858 ] ] ], [ [ [ 55.315739913284588, 25.237539086639067 ], [ 55.315736156063281, 25.237603933733304 ], [ 55.315781071834749, 25.237603933734828 ], [ 55.315784829048795, 25.237539086639067 ], [ 55.315739913284588, 25.237539086639067 ] ] ], [ [ [ 55.3149365, 25.2398315 ], [ 55.314873812699048, 25.240104356454143 ], [ 55.315673413311238, 25.240270356586077 ], [ 55.3157361, 25.2399975 ], [ 55.3149365, 25.2398315 ] ] ], [ [ [ 55.315475311129426, 25.250144756346785 ], [ 55.3154809, 25.2499893 ], [ 55.3154288, 25.2499994 ], [ 55.315411252627754, 25.250092471209314 ], [ 55.3153046, 25.2498138 ], [ 55.3152246, 25.2498387 ], [ 55.315205810953806, 25.249938356305432 ], [ 55.315294525035711, 25.250118409966916 ], [ 55.315363610991064, 25.250379356322977 ], [ 55.315448358906821, 25.250351506669016 ], [ 55.315436811043412, 25.250412756334679 ], [ 55.315529811112469, 25.250442656349811 ], [ 55.3155757, 25.2502737 ], [ 55.3154827, 25.2502439 ], [ 55.315468537589084, 25.250280063806024 ], [ 55.315435332052388, 25.250152444619172 ], [ 55.315475311129426, 25.250144756346785 ] ] ], [ [ [ 55.315650081756175, 25.237449255110661 ], [ 55.315646324524032, 25.237514102202216 ], [ 55.315736156066961, 25.23751410220526 ], [ 55.315739913284588, 25.237449255110661 ], [ 55.315650081756175, 25.237449255110661 ] ] ], [ [ [ 55.315775883946515, 25.230983924917698 ], [ 55.315784829048795, 25.23089155353658 ], [ 55.315694997520382, 25.23089155353658 ], [ 55.315686052383548, 25.230983924910454 ], [ 55.315775883946515, 25.230983924917698 ] ] ], [ [ [ 55.315605165991983, 25.237089928997008 ], [ 55.315600693105274, 25.237158572531825 ], [ 55.315690524650961, 25.237158572535453 ], [ 55.315694997520382, 25.237089928997008 ], [ 55.315605165991983, 25.237089928997008 ] ] ], [ [ [ 55.315380277858097, 25.248244398766829 ], [ 55.315432478027468, 25.248257498803547 ], [ 55.3155237, 25.2477952 ], [ 55.3154715, 25.2477821 ], [ 55.315380277858097, 25.248244398766829 ] ] ], [ [ [ 55.315739913284588, 25.231205963886019 ], [ 55.315650081756175, 25.231205963886019 ], [ 55.315640420956306, 25.231302131701337 ], [ 55.31573025252203, 25.231302131709157 ], [ 55.315739913284588, 25.231205963886019 ] ] ], [ [ [ 55.315605165991983, 25.237269592053835 ], [ 55.315601587675772, 25.237333490033844 ], [ 55.315646503446885, 25.237333490035279 ], [ 55.315650081756175, 25.237269592053835 ], [ 55.315605165991983, 25.237269592053835 ] ] ], [ [ [ 55.315560250227769, 25.237628918167481 ], [ 55.315515334463562, 25.237673833931687 ], [ 55.315511577200446, 25.23773868101776 ], [ 55.315601408743383, 25.237738681020797 ], [ 55.315605165991983, 25.237628918167474 ], [ 55.315560250227769, 25.237628918167481 ] ] ], [ [ [ 55.3147499, 25.2405995 ], [ 55.314685712389682, 25.240872956406257 ], [ 55.315486413001757, 25.241043956538295 ], [ 55.3155506, 25.2407706 ], [ 55.3147499, 25.2405995 ] ] ], [ [ [ 55.3152382, 25.2477449 ], [ 55.315207811373305, 25.247897756348301 ], [ 55.315402311523435, 25.247932456380521 ], [ 55.3154327, 25.2477796 ], [ 55.3152382, 25.2477449 ] ] ], [ [ [ 55.315327411072168, 25.24984045632808 ], [ 55.315378811112716, 25.249845356336674 ], [ 55.3154037, 25.2496929 ], [ 55.3153523, 25.249688 ], [ 55.315327411072168, 25.24984045632808 ] ] ], [ [ [ 55.3155471, 25.2387777 ], [ 55.3150036, 25.2387352 ], [ 55.314960712977616, 25.239086656490052 ], [ 55.315504213408083, 25.239129256581201 ], [ 55.3155471, 25.2387777 ] ] ], [ [ [ 55.315290755642529, 25.2505197424946 ], [ 55.315281271604185, 25.250614960964032 ], [ 55.315371103169255, 25.25061496097171 ], [ 55.315380587170942, 25.2505197424946 ], [ 55.315290755642529, 25.2505197424946 ] ] ], [ [ [ 55.315515334463562, 25.237224676289625 ], [ 55.315470418699356, 25.237269592053835 ], [ 55.315466840362419, 25.237333490029496 ], [ 55.315556671904652, 25.237333490032398 ], [ 55.315560250227769, 25.237224676289625 ], [ 55.315515334463562, 25.237224676289625 ] ] ], [ [ [ 55.315425502935149, 25.239784874849367 ], [ 55.315418524968784, 25.239911721667305 ], [ 55.315463440746477, 25.239911721670129 ], [ 55.31550835652758, 25.239866805909099 ], [ 55.315515334463562, 25.239784874849367 ], [ 55.315425502935149, 25.239784874849367 ] ] ], [ [ [ 55.315380649270907, 25.23965657419215 ], [ 55.315414613227382, 25.239658356555001 ], [ 55.315419403389718, 25.239632946616844 ], [ 55.31550853546571, 25.239641277979629 ], [ 55.315515334463562, 25.239470464499924 ], [ 55.315474693208238, 25.239470464500506 ], [ 55.3154911, 25.2393004 ], [ 55.3153367, 25.2392923 ], [ 55.315316886990772, 25.239407919814678 ], [ 55.31527036906585, 25.239401866695687 ], [ 55.315282249169236, 25.239326867625515 ], [ 55.315328872379638, 25.239326867621546 ], [ 55.315335671406736, 25.239200969914688 ], [ 55.315245839878322, 25.239200969914688 ], [ 55.315241950340905, 25.239272992317861 ], [ 55.315138, 25.2392611 ], [ 55.315119458228388, 25.239382229402999 ], [ 55.315079422704997, 25.239377019748488 ], [ 55.3150953, 25.2392645 ], [ 55.3149692, 25.2392548 ], [ 55.314953219675012, 25.239368049490579 ], [ 55.3148895, 25.2393647 ], [ 55.314849412742454, 25.23979605645642 ], [ 55.315322613119768, 25.239820856536042 ], [ 55.315362713159416, 25.239785456543562 ], [ 55.315380649270907, 25.23965657419215 ] ], [ [ 55.315434440952835, 25.239542420005453 ], [ 55.31543558327661, 25.239524554611403 ], [ 55.31544317453092, 25.239524952855511 ], [ 55.315434440952835, 25.239542420005453 ] ] ], [ [ [ 55.315311054543223, 25.236149452640884 ], [ 55.315283043890688, 25.236364249866487 ], [ 55.315458044185476, 25.236382949929155 ], [ 55.315481472782103, 25.236258665503488 ], [ 55.315519748855934, 25.23626270998945 ], [ 55.3155339, 25.236173 ], [ 55.315498320801623, 25.236169240484141 ], [ 55.3155629, 25.2356579 ], [ 55.315366, 25.2356446 ], [ 55.315311054543223, 25.236149452640884 ] ] ], [ [ [ 55.315099248245851, 25.24155710991165 ], [ 55.31515485096137, 25.241567993005923 ], [ 55.315151893013322, 25.241648250693629 ], [ 55.315241724553601, 25.241738082224973 ], [ 55.315425048342895, 25.241737209933696 ], [ 55.3154709, 25.2415457 ], [ 55.3153395, 25.2415181 ], [ 55.315325823820807, 25.241571657853129 ], [ 55.315290755642529, 25.241536589653396 ], [ 55.31516206213206, 25.241536589656036 ], [ 55.3151706, 25.2414959 ], [ 55.3151144, 25.2414848 ], [ 55.315099248245851, 25.24155710991165 ] ] ], [ [ [ 55.315470418699356, 25.237449255110658 ], [ 55.315466840355413, 25.237513153085608 ], [ 55.315511756126526, 25.237513153087058 ], [ 55.315515334463562, 25.237449255110661 ], [ 55.315470418699356, 25.237449255110658 ] ] ], [ [ [ 55.315380587170942, 25.23641619253392 ], [ 55.315335671406736, 25.236461108298126 ], [ 55.315331556331536, 25.236527853604183 ], [ 55.315421387875851, 25.236527853607519 ], [ 55.315425502935149, 25.236416192533916 ], [ 55.315380587170942, 25.23641619253392 ] ] ], [ [ [ 55.315291713510717, 25.237788956573137 ], [ 55.315323913536488, 25.237790156578562 ], [ 55.3153443, 25.2376552 ], [ 55.3153121, 25.237654 ], [ 55.315291713510717, 25.237788956573137 ] ] ], [ [ [ 55.315414768614069, 25.2312629105882 ], [ 55.315425502935149, 25.23116104812182 ], [ 55.315335671406736, 25.231161048121816 ], [ 55.315324937044188, 25.231262910579506 ], [ 55.315414768614069, 25.2312629105882 ] ] ], [ [ [ 55.315357232684256, 25.23366547333379 ], [ 55.3153628, 25.2335698 ], [ 55.3152924, 25.2335696 ], [ 55.315286832668022, 25.233665273330388 ], [ 55.315357232684256, 25.23366547333379 ] ] ], [ [ [ 55.3153391, 25.2336928 ], [ 55.3152716, 25.2336894 ], [ 55.31525893265156, 25.233836673328014 ], [ 55.315326332666913, 25.233840073331258 ], [ 55.3153391, 25.2336928 ] ] ], [ [ [ 55.3153279, 25.2341659 ], [ 55.3153253, 25.2339906 ], [ 55.3152744, 25.2339884 ], [ 55.315249780374678, 25.234119004690452 ], [ 55.3151911, 25.2341179 ], [ 55.315183938045806, 25.23424361887567 ], [ 55.315225967644842, 25.2342453285628 ], [ 55.315188489234018, 25.234521099853076 ], [ 55.315239389408411, 25.234523199889821 ], [ 55.3153279, 25.2341659 ] ] ], [ [ [ 55.315106798706076, 25.233249951934578 ], [ 55.315151714478567, 25.233249951936315 ], [ 55.315153584345289, 25.233220472829128 ], [ 55.315269992471684, 25.233222780014792 ], [ 55.3153344, 25.2328811 ], [ 55.3153423, 25.2325513 ], [ 55.3152571, 25.2325496 ], [ 55.3150621, 25.2326631 ], [ 55.314997691870438, 25.233004779872292 ], [ 55.314992491706938, 25.233217279854088 ], [ 55.315108724974053, 25.233219583700922 ], [ 55.315106798706076, 25.233249951934578 ] ] ], [ [ [ 55.3150991, 25.2381558 ], [ 55.315009013098035, 25.238689056506516 ], [ 55.315197313246301, 25.238708056538002 ], [ 55.315264, 25.2382205 ], [ 55.3152415, 25.2381702 ], [ 55.3150991, 25.2381558 ] ] ], [ [ [ 55.315285388386691, 25.232357331329275 ], [ 55.315330304161265, 25.232357331331446 ], [ 55.315335671406736, 25.23232885799117 ], [ 55.315335671406736, 25.232014447641735 ], [ 55.315245839878322, 25.232014447641735 ], [ 55.315195556853297, 25.2320878367413 ], [ 55.315195556845424, 25.232222584033114 ], [ 55.315285388386691, 25.232357331329275 ] ] ], [ [ [ 55.315290755642529, 25.233406836332119 ], [ 55.315245839878322, 25.233406836332115 ], [ 55.315240651457565, 25.233479276314601 ], [ 55.315285567231797, 25.233479276316704 ], [ 55.315290755642529, 25.233406836332119 ] ] ], [ [ [ 55.3152597, 25.2356393 ], [ 55.3146771, 25.2355974 ], [ 55.31464993239544, 25.235812373286798 ], [ 55.31522783252607, 25.23585977331447 ], [ 55.3152597, 25.2356393 ] ] ], [ [ [ 55.315107671320767, 25.235281321631589 ], [ 55.3151074, 25.2352399 ], [ 55.3146459, 25.2352319 ], [ 55.314638032416866, 25.235399073288676 ], [ 55.314709693879635, 25.235418036020711 ], [ 55.314703043261034, 25.235510349694163 ], [ 55.315000143773467, 25.235514749801769 ], [ 55.315067443896787, 25.235499249826876 ], [ 55.315076724287209, 25.235450019463524 ], [ 55.315114425960729, 25.235450610861694 ], [ 55.315103243913015, 25.235603549835215 ], [ 55.315215044105877, 25.235605149875699 ], [ 55.3152573, 25.2352879 ], [ 55.315107671320767, 25.235281321631589 ] ] ], [ [ [ 55.31506617682151, 25.248498533105323 ], [ 55.314931429528883, 25.248498533105327 ], [ 55.314929461157249, 25.248553889051781 ], [ 55.31497437692429, 25.248598804816687 ], [ 55.315064208460313, 25.248598804818293 ], [ 55.31506617682151, 25.248498533105323 ] ] ], [ [ [ 55.3147868, 25.2339772 ], [ 55.314682787539738, 25.234456499491873 ], [ 55.314725787687038, 25.234458299522917 ], [ 55.314764194271966, 25.234254561762654 ], [ 55.314754487750093, 25.234499699540052 ], [ 55.315010088534656, 25.23461419971531 ], [ 55.315107088954278, 25.234518699794222 ], [ 55.3151876, 25.2340916 ], [ 55.315227, 25.2333012 ], [ 55.3150451, 25.2332647 ], [ 55.314858545567354, 25.233277704478645 ], [ 55.3148546, 25.2331015 ], [ 55.314826, 25.2331003 ], [ 55.314717732534838, 25.23369637330266 ], [ 55.314741016332803, 25.233697223856641 ], [ 55.314739744092869, 25.233758649785685 ], [ 55.3148346740332, 25.233808983279786 ], [ 55.3147868, 25.2339772 ] ] ], [ [ [ 55.315245839878322, 25.231655121528082 ], [ 55.315200924114116, 25.231610205763879 ], [ 55.31506617682151, 25.231610205763879 ], [ 55.315057947000902, 25.23178861216341 ], [ 55.315102862776975, 25.23183352793054 ], [ 55.315147778557069, 25.231833527933883 ], [ 55.315237610125322, 25.231743696412948 ], [ 55.315245839878322, 25.231655121528082 ] ] ], [ [ [ 55.3150335, 25.2414682 ], [ 55.315018148219245, 25.241540209905917 ], [ 55.315089948242822, 25.241554909910995 ], [ 55.3151053, 25.2414829 ], [ 55.3150335, 25.2414682 ] ] ], [ [ [ 55.315235463287962, 25.231261012348025 ], [ 55.315245839878322, 25.231161048121816 ], [ 55.315156008349909, 25.231161048121816 ], [ 55.315145631719467, 25.231261012339619 ], [ 55.315235463287962, 25.231261012348025 ] ] ], [ [ [ 55.3147838, 25.2359324 ], [ 55.314767432407372, 25.236072173290928 ], [ 55.315159132495943, 25.236103873309691 ], [ 55.3151755, 25.2359641 ], [ 55.3147838, 25.2359324 ] ] ], [ [ [ 55.314944577519412, 25.250346421361069 ], [ 55.3149701, 25.2502445 ], [ 55.3149264, 25.2501379 ], [ 55.314897211646141, 25.250147680800008 ], [ 55.3149082, 25.2500894 ], [ 55.3148097, 25.2499167 ], [ 55.314757, 25.2499351 ], [ 55.314732110545471, 25.250062156222619 ], [ 55.314813610580174, 25.250214456233245 ], [ 55.314842798983712, 25.250204675442269 ], [ 55.314831810584948, 25.250262956235328 ], [ 55.314876679398886, 25.250369263043396 ], [ 55.3146881, 25.2504766 ], [ 55.314669310389405, 25.250576256201256 ], [ 55.314707510409043, 25.250631156206595 ], [ 55.314956110639024, 25.250489656251656 ], [ 55.3149749, 25.25039 ], [ 55.314944577519412, 25.250346421361069 ] ] ], [ [ [ 55.315125959806601, 25.232565806644235 ], [ 55.315194, 25.2320549 ], [ 55.3151524, 25.2319549 ], [ 55.3150431, 25.2319508 ], [ 55.314947259349488, 25.232571106548797 ], [ 55.314994859440759, 25.232617106571119 ], [ 55.315092759686998, 25.232620706622967 ], [ 55.315125959806601, 25.232565806644235 ] ] ], [ [ [ 55.314794713825265, 25.249856446208533 ], [ 55.314796682236263, 25.249801090267304 ], [ 55.314617019179444, 25.249801090267301 ], [ 55.314527187651038, 25.249846006031511 ], [ 55.314529663327662, 25.249953488137759 ], [ 55.3145113, 25.2499039 ], [ 55.314392, 25.24994 ], [ 55.314372315509502, 25.250044401693685 ], [ 55.314398015516403, 25.250113701696748 ], [ 55.314517315625174, 25.250077701718705 ], [ 55.314529740978571, 25.250011800323641 ], [ 55.31454801039682, 25.250061256191447 ], [ 55.314667410500739, 25.25002515621243 ], [ 55.314675347078065, 25.249896235126453 ], [ 55.314794713825265, 25.249856446208533 ] ] ], [ [ [ 55.314617019179444, 25.246162913366614 ], [ 55.314615229767668, 25.24644189902574 ], [ 55.31470506130298, 25.246441899027193 ], [ 55.314839808609484, 25.246262235972896 ], [ 55.31484159800047, 25.246207829130821 ], [ 55.314751766472057, 25.246162913366614 ], [ 55.314617019179444, 25.246162913366614 ] ] ], [ [ [ 55.3149081, 25.2380372 ], [ 55.3149222, 25.2378937 ], [ 55.3147674, 25.2378812 ], [ 55.314734512991826, 25.238124356471808 ], [ 55.31488931311435, 25.238136856497764 ], [ 55.3149081, 25.2380372 ] ] ], [ [ [ 55.314145, 25.2434206 ], [ 55.314004738300873, 25.24406004905893 ], [ 55.314698139436615, 25.244208649303975 ], [ 55.3148396, 25.2435632 ], [ 55.314145, 25.2434206 ] ] ], [ [ [ 55.314654955870097, 25.25145507293086 ], [ 55.31469987164779, 25.251455072933695 ], [ 55.31470685070785, 25.251328226250301 ], [ 55.314661934943643, 25.251328226250308 ], [ 55.314654955870097, 25.25145507293086 ] ] ], [ [ [ 55.3147818, 25.2391875 ], [ 55.314771711494657, 25.239241014300397 ], [ 55.3145475, 25.2392156 ], [ 55.314519632146371, 25.239556573258195 ], [ 55.314769832203275, 25.239571273270215 ], [ 55.31478870310945, 25.239342791408351 ], [ 55.314820612811928, 25.239342956460984 ], [ 55.3148394, 25.2392433 ], [ 55.3148397, 25.2391878 ], [ 55.3147818, 25.2391875 ] ] ], [ [ [ 55.314615831463769, 25.251602673191123 ], [ 55.31465013147151, 25.25160597319276 ], [ 55.3146595, 25.2515436 ], [ 55.3146252, 25.2515402 ], [ 55.314615831463769, 25.251602673191123 ] ] ], [ [ [ 55.3149188, 25.23116 ], [ 55.3147227, 25.2311532 ], [ 55.314694632644866, 25.231723673313294 ], [ 55.314890732689733, 25.231730373322748 ], [ 55.3149188, 25.23116 ] ] ], [ [ [ 55.3147275, 25.2443287 ], [ 55.3146896, 25.2442895 ], [ 55.3139783, 25.2441365 ], [ 55.3139128, 25.244171 ], [ 55.313780944007632, 25.24456733649798 ], [ 55.3137504, 25.2445821 ], [ 55.313670337288364, 25.245047448893448 ], [ 55.313953337753084, 25.245105448993591 ], [ 55.314034336669614, 25.244735855815932 ], [ 55.31458893896059, 25.244862449235153 ], [ 55.3147275, 25.2443287 ] ] ], [ [ [ 55.314660145489768, 25.248777518760548 ], [ 55.314661934943643, 25.248723111926356 ], [ 55.314572103415237, 25.248723111926356 ], [ 55.314570313954448, 25.248777518759098 ], [ 55.314660145489768, 25.248777518760548 ] ] ], [ [ [ 55.314660145493271, 25.248597855704084 ], [ 55.314661934943643, 25.248543448869526 ], [ 55.314527187651038, 25.248543448869533 ], [ 55.314525398189417, 25.248642771466027 ], [ 55.314660145493271, 25.248597855704084 ] ] ], [ [ [ 55.314617019179444, 25.249351932625242 ], [ 55.314527187651038, 25.249351932625238 ], [ 55.314525040278127, 25.249453153433411 ], [ 55.314569956046476, 25.249453153434281 ], [ 55.314614871815884, 25.249408237671048 ], [ 55.314617019179444, 25.249351932625242 ] ] ], [ [ [ 55.314751766472057, 25.2362814452413 ], [ 55.314661934943643, 25.236281445241303 ], [ 55.314657461912695, 25.236395004506083 ], [ 55.314792209231236, 25.236395004511518 ], [ 55.314796682236263, 25.236326361005506 ], [ 55.314751766472057, 25.2362814452413 ] ] ], [ [ [ 55.31470685070785, 25.241446758124994 ], [ 55.314661934943643, 25.241446758124987 ], [ 55.314656388075484, 25.241521096250754 ], [ 55.314701303850406, 25.241521096252995 ], [ 55.31470685070785, 25.241446758124994 ] ] ], [ [ [ 55.314598571463293, 25.238606479862611 ], [ 55.3142767, 25.2385736 ], [ 55.314229971631164, 25.238904831870119 ], [ 55.314195, 25.2388465 ], [ 55.314157, 25.2388434 ], [ 55.314141032092721, 25.238979273243316 ], [ 55.314625112721878, 25.239011156434788 ], [ 55.314673505381144, 25.238668039129333 ], [ 55.31471751286621, 25.238670856457524 ], [ 55.3147452, 25.2384572 ], [ 55.3146219, 25.2384493 ], [ 55.314598571463293, 25.238606479862611 ] ] ], [ [ [ 55.314617019179444, 25.246073081838205 ], [ 55.314392440358411, 25.246073081838208 ], [ 55.314302608829998, 25.246162913366618 ], [ 55.314300819398397, 25.246217320200088 ], [ 55.314345735165176, 25.246262235964931 ], [ 55.314570314004385, 25.246217320204437 ], [ 55.314617019179444, 25.246073081838205 ] ] ], [ [ [ 55.3145215, 25.2520643 ], [ 55.3144673, 25.2520403 ], [ 55.314421231387158, 25.25214367317848 ], [ 55.314475431398265, 25.252167773180961 ], [ 55.3145215, 25.2520643 ] ] ], [ [ [ 55.314685487588989, 25.234410999497896 ], [ 55.314766, 25.2339839 ], [ 55.314766, 25.2339463 ], [ 55.3147432, 25.2339463 ], [ 55.314662687543034, 25.234373399484703 ], [ 55.314662687510058, 25.234410999481344 ], [ 55.314685487588989, 25.234410999497896 ] ] ], [ [ [ 55.314527187651038, 25.250879068608242 ], [ 55.314437356122617, 25.250879068608242 ], [ 55.314430198067782, 25.250961948620482 ], [ 55.314520029623871, 25.250961948626276 ], [ 55.314527187651038, 25.250879068608242 ] ] ], [ [ [ 55.314304189299321, 25.240538458143039 ], [ 55.314148339838489, 25.241122649242246 ], [ 55.31421593991098, 25.241224249262235 ], [ 55.314463240315895, 25.241277449349617 ], [ 55.3145035, 25.2410639 ], [ 55.314353162342059, 25.240558271136152 ], [ 55.314468612274005, 25.240581056375582 ], [ 55.3146706, 25.2397207 ], [ 55.314568229795839, 25.239700557596422 ], [ 55.314572103415237, 25.239605211792544 ], [ 55.314527187651038, 25.239560296028337 ], [ 55.314482271886824, 25.239560296028333 ], [ 55.314437356122617, 25.23960521179254 ], [ 55.314432703956967, 25.239719720140215 ], [ 55.314496428698575, 25.239719720158217 ], [ 55.314304189299321, 25.240538458143039 ] ] ], [ [ [ 55.314302363900261, 25.238341998832748 ], [ 55.314299912591608, 25.238363956393211 ], [ 55.314631512853119, 25.238395356448709 ], [ 55.3146771, 25.2380646 ], [ 55.3142652, 25.2380268 ], [ 55.314231932151387, 25.23833527325155 ], [ 55.314302363900261, 25.238341998832748 ] ] ], [ [ [ 55.314302608829998, 25.241356926596577 ], [ 55.31429616720898, 25.241480926008148 ], [ 55.314565661868897, 25.241480926023804 ], [ 55.3146105776487, 25.241436010262525 ], [ 55.314617019179444, 25.241356926596577 ], [ 55.314302608829998, 25.241356926596577 ] ] ], [ [ [ 55.314574086779444, 25.236126443915033 ], [ 55.3144571, 25.2361094 ], [ 55.314427332312938, 25.236344373272853 ], [ 55.314460832318368, 25.236383773274238 ], [ 55.314561432341407, 25.236387073279086 ], [ 55.314593015725762, 25.236226340916275 ], [ 55.314633942825537, 25.236230449636928 ], [ 55.3146811, 25.2359615 ], [ 55.3146043, 25.2359537 ], [ 55.314574086779444, 25.236126443915033 ] ] ], [ [ [ 55.314480482464667, 25.246441899023573 ], [ 55.314525398232341, 25.24644189902429 ], [ 55.314527187651038, 25.246387492187647 ], [ 55.314482271886824, 25.24638749218764 ], [ 55.314480482464667, 25.246441899023573 ] ] ], [ [ [ 55.314435566648825, 25.248912266049278 ], [ 55.314480482416485, 25.248912266049995 ], [ 55.314482271886824, 25.248723111926356 ], [ 55.314437356122617, 25.24867819616215 ], [ 55.314347524594204, 25.248678196162142 ], [ 55.314345735114365, 25.248867350283703 ], [ 55.314435566648825, 25.248912266049278 ] ] ], [ [ [ 55.314392440358411, 25.251418057778718 ], [ 55.314302608829998, 25.251418057778718 ], [ 55.314295808595318, 25.251543955330117 ], [ 55.314385640150014, 25.251543955335624 ], [ 55.314392440358411, 25.251418057778718 ] ] ], [ [ [ 55.314445012881443, 25.237520856435349 ], [ 55.3144638, 25.2374212 ], [ 55.3145746, 25.2364366 ], [ 55.314429, 25.2364418 ], [ 55.314410213053819, 25.236541456449867 ], [ 55.314300812762369, 25.237533356410669 ], [ 55.314445012881443, 25.237520856435349 ] ] ], [ [ [ 55.313985121363018, 25.233194052546271 ], [ 55.31403509155566, 25.233200338122924 ], [ 55.313990688778752, 25.233435879256866 ], [ 55.313980088455615, 25.233854479220803 ], [ 55.314154146723176, 25.233857677182716 ], [ 55.314098285781341, 25.234153999094694 ], [ 55.3140959856431, 25.23430249907976 ], [ 55.314122343716882, 25.234301932693793 ], [ 55.314099088299841, 25.234546079240484 ], [ 55.314479789349512, 25.234552979461025 ], [ 55.3146046, 25.2338662 ], [ 55.3146068, 25.2337218 ], [ 55.314539733054779, 25.233696320792788 ], [ 55.3145725, 25.2335225 ], [ 55.3145815, 25.2331095 ], [ 55.314182087392702, 25.233097891104755 ], [ 55.314236, 25.2328119 ], [ 55.314294, 25.2318773 ], [ 55.3140834, 25.231872 ], [ 55.313941321479142, 25.232868452543929 ], [ 55.313938721235957, 25.233178052518312 ], [ 55.313985121363018, 25.233194052546271 ] ] ], [ [ [ 55.314351715473968, 25.250128701688194 ], [ 55.3143714, 25.2500243 ], [ 55.3143458, 25.2499549 ], [ 55.3142265, 25.249991 ], [ 55.314206815358382, 25.250095401663213 ], [ 55.314232415365176, 25.250164801666237 ], [ 55.314351715473968, 25.250128701688194 ] ] ], [ [ [ 55.314268, 25.2510625 ], [ 55.314184309808709, 25.251496856099909 ], [ 55.31421375515604, 25.25150152510319 ], [ 55.314202709809059, 25.251567756101551 ], [ 55.314235009834611, 25.251570556106966 ], [ 55.314245632553906, 25.251506579737757 ], [ 55.314270709875764, 25.251510556114258 ], [ 55.3143544, 25.2510762 ], [ 55.314268, 25.2510625 ] ] ], [ [ [ 55.3145171, 25.2357698 ], [ 55.314510932361024, 25.235852273279828 ], [ 55.314559132372118, 25.235852873282159 ], [ 55.3145654, 25.2357704 ], [ 55.3145171, 25.2357698 ] ] ], [ [ [ 55.314491, 25.2358984 ], [ 55.314471232338505, 25.236080673276554 ], [ 55.314540332354134, 25.236085973279863 ], [ 55.3145601, 25.2359037 ], [ 55.314491, 25.2358984 ] ] ], [ [ [ 55.314302608829998, 25.250564658258803 ], [ 55.314296703421135, 25.250640894522569 ], [ 55.314341619196746, 25.250640894524956 ], [ 55.314347524594204, 25.250564658258799 ], [ 55.314302608829998, 25.250564658258803 ] ] ], [ [ [ 55.3134312304514, 25.237873428265985 ], [ 55.313495059988405, 25.2378734282605 ], [ 55.313498331986082, 25.238265773216465 ], [ 55.313643810061272, 25.23828238073526 ], [ 55.313563383534067, 25.239221378595335 ], [ 55.313893030219923, 25.239257045385397 ], [ 55.313828111973457, 25.239521056289188 ], [ 55.313910712024231, 25.23959905630155 ], [ 55.314388812385225, 25.239722856379949 ], [ 55.3145008, 25.2392883 ], [ 55.3144614, 25.239208 ], [ 55.3142162, 25.2391521 ], [ 55.3140149, 25.2391483 ], [ 55.313905353519651, 25.239223365009341 ], [ 55.3142464, 25.2367125 ], [ 55.314211700603956, 25.236713021207901 ], [ 55.314167861537378, 25.236640771354949 ], [ 55.314122945773178, 25.236640771354949 ], [ 55.314120867924302, 25.236714385536228 ], [ 55.3138336, 25.2367187 ], [ 55.313769185621226, 25.237060378869273 ], [ 55.313669171047593, 25.238035196624079 ], [ 55.313665, 25.237973 ], [ 55.313580356547249, 25.23782579399624 ], [ 55.313583956602706, 25.237763665460093 ], [ 55.313494125074293, 25.237718749695894 ], [ 55.3133958, 25.2377169 ], [ 55.3132494, 25.2377733 ], [ 55.313307531962735, 25.237911873209335 ], [ 55.3134312304514, 25.237873428265985 ] ] ], [ [ [ 55.3145699, 25.23233 ], [ 55.3145816, 25.2318803 ], [ 55.3144204, 25.2318769 ], [ 55.314355990644806, 25.232218579555923 ], [ 55.314344290296901, 25.232668179517013 ], [ 55.314505490740913, 25.232671679610341 ], [ 55.3145699, 25.23233 ] ] ], [ [ [ 55.314568525165939, 25.231539356440951 ], [ 55.314572103415237, 25.231475458471266 ], [ 55.314527187651038, 25.231385626942849 ], [ 55.314302608829998, 25.231340711178646 ], [ 55.314257693065791, 25.231430542707052 ], [ 55.314254114764616, 25.231629187958866 ], [ 55.314523609393071, 25.231584272203527 ], [ 55.314568525165939, 25.231539356440951 ] ] ], [ [ [ 55.314572103415237, 25.231161048121816 ], [ 55.314527187651038, 25.231116132357613 ], [ 55.314302608829998, 25.231071216593403 ], [ 55.314257693065791, 25.231116132357613 ], [ 55.314251788897046, 25.231192368746381 ], [ 55.314386536220987, 25.231237284517459 ], [ 55.314566199323423, 25.231237284527012 ], [ 55.314572103415237, 25.231161048121816 ] ] ], [ [ [ 55.314122945773178, 25.249396848389441 ], [ 55.314078030008972, 25.249441764153648 ], [ 55.314075703642196, 25.249499018294724 ], [ 55.314300282485704, 25.249499018299431 ], [ 55.314302608829998, 25.249396848389448 ], [ 55.314122945773178, 25.249396848389441 ] ] ], [ [ [ 55.314248745313357, 25.252139249525648 ], [ 55.314257693065791, 25.252001962713386 ], [ 55.314212777301584, 25.25200196271339 ], [ 55.314203829531856, 25.25213924952202 ], [ 55.314248745313357, 25.252139249525648 ] ] ], [ [ [ 55.314167861537378, 25.250474826730397 ], [ 55.314122945773178, 25.250519742494596 ], [ 55.314117935087175, 25.250591233220302 ], [ 55.314207766634951, 25.250591233224352 ], [ 55.314212777301584, 25.25047482673039 ], [ 55.314167861537378, 25.250474826730397 ] ] ], [ [ [ 55.314122945773178, 25.249935837559917 ], [ 55.314078030008972, 25.249980753324124 ], [ 55.314074629914295, 25.250043702098608 ], [ 55.314119545683404, 25.250088617864034 ], [ 55.314164461454176, 25.250088617865405 ], [ 55.314212777301584, 25.249935837559917 ], [ 55.314122945773178, 25.249935837559917 ] ] ], [ [ [ 55.314210987810505, 25.24891226604565 ], [ 55.314212777301584, 25.24876802769057 ], [ 55.314122945773178, 25.248768027690563 ], [ 55.314121156275171, 25.248912266044208 ], [ 55.314210987810505, 25.24891226604565 ] ] ], [ [ [ 55.314076240553071, 25.2465766463094 ], [ 55.314210987856931, 25.246531730547456 ], [ 55.314212777301584, 25.246297660659238 ], [ 55.314078030008972, 25.246297660659234 ], [ 55.313898366952145, 25.246387492187647 ], [ 55.313896577484165, 25.246486814778265 ], [ 55.314031324785404, 25.246576646308679 ], [ 55.314076240553071, 25.2465766463094 ] ] ], [ [ [ 55.312908103476268, 25.236353215289622 ], [ 55.312916639715716, 25.23654174899977 ], [ 55.312982339829986, 25.236540549023669 ], [ 55.313015374915452, 25.236365323543865 ], [ 55.313366346182193, 25.236318613777712 ], [ 55.313841332179067, 25.236320373244645 ], [ 55.314038432234028, 25.23615867325514 ], [ 55.314042448434122, 25.236101058807609 ], [ 55.314233642229254, 25.236009849501521 ], [ 55.314305542423348, 25.235851149534692 ], [ 55.3143458, 25.2356376 ], [ 55.3143192, 25.2347652 ], [ 55.3141236, 25.2347391 ], [ 55.314102828386979, 25.234859307721592 ], [ 55.3136973, 25.2348083 ], [ 55.3129319, 25.235427 ], [ 55.312858839977906, 25.235716149015669 ], [ 55.312885245011955, 25.236326361007194 ], [ 55.312859220582773, 25.236403546392584 ], [ 55.312904136358739, 25.236403546395049 ], [ 55.312908103476268, 25.236353215289622 ] ] ], [ [ [ 55.314163710677299, 25.247174956186498 ], [ 55.314185, 25.2468743 ], [ 55.3139635, 25.246872 ], [ 55.3138954, 25.2469163 ], [ 55.313875610459384, 25.247101856139228 ], [ 55.313945910501687, 25.247172756149659 ], [ 55.314163710677299, 25.247174956186498 ] ] ], [ [ [ 55.313988198480565, 25.250879068608246 ], [ 55.313890850798039, 25.251233341379326 ], [ 55.313892103478523, 25.251406360698017 ], [ 55.31393701925483, 25.251406360700553 ], [ 55.313940987879, 25.251328394266093 ], [ 55.314025598119514, 25.251413004443783 ], [ 55.314070513898251, 25.251413004446821 ], [ 55.314122945773178, 25.251283310486095 ], [ 55.314122945773178, 25.251058731665069 ], [ 55.314078030008972, 25.250834152844039 ], [ 55.314033114244765, 25.250834152844039 ], [ 55.313988198480565, 25.250879068608246 ] ] ], [ [ [ 55.314078030008972, 25.251462973542917 ], [ 55.314033114244765, 25.251462973542917 ], [ 55.314026492883663, 25.251587921972042 ], [ 55.314071408660666, 25.251587921974718 ], [ 55.314078030008972, 25.251462973542917 ] ] ], [ [ [ 55.3142142, 25.2412818 ], [ 55.314088, 25.2412553 ], [ 55.314035639469658, 25.241518449183665 ], [ 55.314162139677613, 25.241543749228445 ], [ 55.3142142, 25.2412818 ] ] ], [ [ [ 55.3140433, 25.2362196 ], [ 55.314038232225997, 25.236295273254314 ], [ 55.314065511154816, 25.236295078407554 ], [ 55.314045341696975, 25.23648004941219 ], [ 55.314197141960371, 25.236478749467334 ], [ 55.3142789, 25.236147 ], [ 55.3142283, 25.2361465 ], [ 55.314203119001135, 25.236205755287045 ], [ 55.314085, 25.2361917 ], [ 55.314079789562761, 25.236219338738881 ], [ 55.3140433, 25.2362196 ] ] ], [ [ [ 55.313984619407407, 25.250359061549709 ], [ 55.314074450949647, 25.250359061552611 ], [ 55.314078030008972, 25.250295163673567 ], [ 55.313943282716352, 25.25025024790936 ], [ 55.313939703638027, 25.250314145784234 ], [ 55.313984619407407, 25.250359061549709 ] ] ], [ [ [ 55.3141896, 25.238495 ], [ 55.314175932122488, 25.238608173247211 ], [ 55.314221532132805, 25.238611873249404 ], [ 55.3142352, 25.2384986 ], [ 55.3141896, 25.238495 ] ] ], [ [ [ 55.31394920000001, 25.2402401 ], [ 55.3137463, 25.2402006 ], [ 55.313548938821775, 25.241074149026844 ], [ 55.31374483912964, 25.241145649094747 ], [ 55.314065539670658, 25.24117834920969 ], [ 55.3141532, 25.2407657 ], [ 55.313865306078753, 25.240636986275454 ], [ 55.31394920000001, 25.2402401 ] ] ], [ [ [ 55.313978892723618, 25.252006400423127 ], [ 55.313988198480565, 25.25186721542077 ], [ 55.313853451187939, 25.251912131184977 ], [ 55.313844145372485, 25.252051316175564 ], [ 55.313889061150114, 25.252096231943082 ], [ 55.313933976932312, 25.252096231946854 ], [ 55.313978892723618, 25.252006400423127 ] ] ], [ [ [ 55.313530131572691, 25.24545637317518 ], [ 55.313717231604194, 25.245656473183043 ], [ 55.3140776, 25.2453006 ], [ 55.3138085, 25.2451694 ], [ 55.313530131572691, 25.24545637317518 ] ] ], [ [ [ 55.313251837064335, 25.243906348792489 ], [ 55.31392603816785, 25.244052549030705 ], [ 55.3140998, 25.2434113 ], [ 55.3134049, 25.2432686 ], [ 55.313251837064335, 25.243906348792489 ] ] ], [ [ [ 55.314254114759358, 25.231763935250942 ], [ 55.314257693065791, 25.231655121528082 ], [ 55.314167861537378, 25.231655121528078 ], [ 55.314164283217117, 25.231763935248047 ], [ 55.314254114759358, 25.231763935250942 ] ] ], [ [ [ 55.313988531654431, 25.245868773194907 ], [ 55.3140221, 25.2458208 ], [ 55.3139502, 25.2457359 ], [ 55.31391663164279, 25.245783873191936 ], [ 55.313988531654431, 25.245868773194907 ] ] ], [ [ [ 55.31353206140723, 25.25172456744335 ], [ 55.313891387632204, 25.251679651702098 ], [ 55.313936303413321, 25.251634735941071 ], [ 55.313943282716352, 25.251507889307131 ], [ 55.313673788131112, 25.251507889307128 ], [ 55.313539040838499, 25.251597720835537 ], [ 55.31353206140723, 25.25172456744335 ] ] ], [ [ [ 55.3139208, 25.2412201 ], [ 55.313902331901708, 25.241302473217932 ], [ 55.314055231935228, 25.24133277322515 ], [ 55.3140732, 25.2412521 ], [ 55.3139208, 25.2412201 ] ] ], [ [ [ 55.313943282716352, 25.241536589653393 ], [ 55.313939346100192, 25.241692217305399 ], [ 55.314029177643825, 25.241692217308586 ], [ 55.314033114244765, 25.241491673889193 ], [ 55.313988198480565, 25.241491673889186 ], [ 55.313943282716352, 25.241536589653393 ] ] ], [ [ [ 55.313808535423732, 25.250250247909364 ], [ 55.313804777367828, 25.250360010649214 ], [ 55.313849693139304, 25.250360010650731 ], [ 55.313894608912612, 25.250315094888233 ], [ 55.313898366952145, 25.250250247909364 ], [ 55.313808535423732, 25.250250247909364 ] ] ], [ [ [ 55.313983725057255, 25.24178489615689 ], [ 55.313988198480565, 25.241716252710223 ], [ 55.313898366952145, 25.241716252710226 ], [ 55.313893893511548, 25.241784896153266 ], [ 55.313983725057255, 25.24178489615689 ] ] ], [ [ [ 55.3137013, 25.2520121 ], [ 55.313682509277008, 25.252111756002069 ], [ 55.313703509283549, 25.252162756004562 ], [ 55.313804709372313, 25.25212885602242 ], [ 55.313808535423732, 25.25191213118498 ], [ 55.313718703895319, 25.25191213118498 ], [ 55.3137013, 25.2520121 ] ] ], [ [ [ 55.313938272462615, 25.241967406532563 ], [ 55.313943282716352, 25.241851000002839 ], [ 55.313898366952145, 25.241851000002836 ], [ 55.31389335668873, 25.241967406530538 ], [ 55.313938272462615, 25.241967406532563 ] ] ], [ [ [ 55.31367056692806, 25.250177500273214 ], [ 55.31380531424093, 25.250132584513075 ], [ 55.313808535423732, 25.250070584852537 ], [ 55.31362887236692, 25.250070584852537 ], [ 55.313583956602706, 25.250115500616737 ], [ 55.313580735387198, 25.250177500270599 ], [ 55.31367056692806, 25.250177500273214 ] ] ], [ [ [ 55.313611125878502, 25.254630427603679 ], [ 55.313661725885716, 25.254682227605471 ], [ 55.3137221, 25.2546139 ], [ 55.3136715, 25.2545621 ], [ 55.313611125878502, 25.254630427603679 ] ] ], [ [ [ 55.313853451187939, 25.241401842360784 ], [ 55.313808535423732, 25.241401842360787 ], [ 55.313805135604248, 25.241554622687438 ], [ 55.313894967145799, 25.241554622690195 ], [ 55.313898366952145, 25.241491673889186 ], [ 55.313853451187939, 25.241401842360784 ] ] ], [ [ [ 55.313449209310093, 25.25038499520198 ], [ 55.313445451192401, 25.250449842165072 ], [ 55.313625114278288, 25.250449842171157 ], [ 55.313759861594519, 25.250404926411704 ], [ 55.313763619659525, 25.25034007943777 ], [ 55.313673788131112, 25.250250247909364 ], [ 55.31362887236692, 25.250250247909356 ], [ 55.313449209310093, 25.25038499520198 ] ] ], [ [ [ 55.313808535423732, 25.242210326116492 ], [ 55.313763619659525, 25.242255241880695 ], [ 55.313758430407688, 25.242327681742921 ], [ 55.313848261956153, 25.242327681747124 ], [ 55.313853451187939, 25.242210326116481 ], [ 55.313808535423732, 25.242210326116492 ] ] ], [ [ [ 55.31367051886086, 25.24204980333921 ], [ 55.313668598866848, 25.242192934446877 ], [ 55.313713514641073, 25.24219293444898 ], [ 55.313758430417842, 25.242148018687136 ], [ 55.313803346199698, 25.242013271397397 ], [ 55.313853451187939, 25.241671336946016 ], [ 55.313808535423732, 25.241671336946016 ], [ 55.313673788131112, 25.241806084238636 ], [ 55.313670761615832, 25.242031706438759 ], [ 55.313354, 25.2419594 ], [ 55.313189469833816, 25.242597900008718 ], [ 55.3131361, 25.2425979 ], [ 55.313128047464701, 25.242678409758543 ], [ 55.313229647499895, 25.242678409765926 ], [ 55.313235308312734, 25.242621812362369 ], [ 55.313532447603954, 25.242687709787816 ], [ 55.31367051886086, 25.24204980333921 ] ] ], [ [ [ 55.313853451187939, 25.241222179303957 ], [ 55.313808535423732, 25.241222179303957 ], [ 55.313805493488971, 25.241283229889007 ], [ 55.313850409259061, 25.241283229890247 ], [ 55.313853451187939, 25.241222179303957 ] ] ], [ [ [ 55.313673788131112, 25.249531595682065 ], [ 55.313583956602706, 25.249531595682065 ], [ 55.313581272273616, 25.24959074802273 ], [ 55.313671103812403, 25.249590748024907 ], [ 55.313673788131112, 25.249531595682065 ] ] ], [ [ [ 55.3130845, 25.2411933 ], [ 55.312979637486045, 25.241871348784571 ], [ 55.313066537621218, 25.241906248814558 ], [ 55.313167237799384, 25.241897648851495 ], [ 55.313655438682531, 25.241811749032557 ], [ 55.313738338906226, 25.24162914907081 ], [ 55.3137786, 25.2414156 ], [ 55.3133612, 25.2412036 ], [ 55.3131384, 25.2411561 ], [ 55.3130845, 25.2411933 ] ] ], [ [ [ 55.3138919, 25.2311182 ], [ 55.3132921, 25.2310863 ], [ 55.3128347, 25.2313178 ], [ 55.312781022233587, 25.231602532233573 ], [ 55.312909576535908, 25.231804823085024 ], [ 55.312907715177666, 25.231848072090362 ], [ 55.313033122583391, 25.231999232331955 ], [ 55.313797324437104, 25.231845432710898 ], [ 55.313817976910379, 25.23173587774167 ], [ 55.313893536168244, 25.23168074747538 ], [ 55.313898366952145, 25.231565289999665 ], [ 55.313858032039015, 25.231484620179678 ], [ 55.3138919, 25.2311182 ] ] ], [ [ [ 55.3137302, 25.239753 ], [ 55.31371691191211, 25.239816770303385 ], [ 55.3136787, 25.2398105 ], [ 55.313656131925434, 25.239925073214216 ], [ 55.313759631948344, 25.239941973219132 ], [ 55.3137802, 25.2397622 ], [ 55.3137302, 25.239753 ] ] ], [ [ [ 55.313599531192118, 25.252232873138173 ], [ 55.3135855, 25.2521516 ], [ 55.3135102, 25.2521742 ], [ 55.313524231173396, 25.252255473134397 ], [ 55.313599531192118, 25.252232873138173 ] ] ], [ [ [ 55.3134017, 25.2330608 ], [ 55.3131113, 25.2330661 ], [ 55.313046886184367, 25.233407778710838 ], [ 55.313040685857992, 25.233848278675751 ], [ 55.313078925121225, 25.233848132372994 ], [ 55.313027953480983, 25.234118505425929 ], [ 55.313017653242355, 25.234448705398822 ], [ 55.313107353410835, 25.234540805440538 ], [ 55.313656154799595, 25.234548105732188 ], [ 55.313760155118217, 25.234463305793103 ], [ 55.3138192, 25.2341501 ], [ 55.3138226, 25.2338196 ], [ 55.3137304, 25.2337329 ], [ 55.313352960906229, 25.233715234320904 ], [ 55.3133925, 25.2335055 ], [ 55.3134017, 25.2330608 ] ] ], [ [ [ 55.31335623115028, 25.251987373127864 ], [ 55.313388131154639, 25.252038673129107 ], [ 55.31344693116715, 25.252057273131836 ], [ 55.313540531191848, 25.252004673136678 ], [ 55.313565, 25.2519249 ], [ 55.3135197, 25.2518256 ], [ 55.3134424, 25.2518019 ], [ 55.313368, 25.2518461 ], [ 55.31335623115028, 25.251987373127864 ] ] ], [ [ [ 55.313551442378255, 25.232977849389343 ], [ 55.31374084268559, 25.233024649455984 ], [ 55.3138297, 25.2325591 ], [ 55.3136007, 25.2325584 ], [ 55.313551442378255, 25.232977849389343 ] ] ], [ [ [ 55.3127125, 25.24831 ], [ 55.3124741, 25.2485618 ], [ 55.312465136781015, 25.248740009537116 ], [ 55.312409, 25.2486978 ], [ 55.31223073107018, 25.248914473091666 ], [ 55.312703931158651, 25.249270273112465 ], [ 55.312876831209607, 25.249082073121951 ], [ 55.3128822, 25.2490536 ], [ 55.312768776699684, 25.248968317117779 ], [ 55.312793587146786, 25.248943304988181 ], [ 55.312913109279314, 25.249064255935231 ], [ 55.313088109460558, 25.24887015596893 ], [ 55.3131069, 25.2487705 ], [ 55.313003554377346, 25.248700459881761 ], [ 55.31302688839066, 25.248634584259896 ], [ 55.313158909545109, 25.248736755983721 ], [ 55.313349709740685, 25.248535056020245 ], [ 55.313401809779606, 25.248550656028744 ], [ 55.313596410012757, 25.248180456069434 ], [ 55.3136152, 25.2480808 ], [ 55.313584923384269, 25.248072173520946 ], [ 55.3135643, 25.2475858 ], [ 55.3133588, 25.2471832 ], [ 55.3131183, 25.2469319 ], [ 55.3127535, 25.2471892 ], [ 55.31273470949882, 25.247288855942024 ], [ 55.313056009672344, 25.247709655987691 ], [ 55.31306810962495, 25.247988755983918 ], [ 55.313206303262, 25.248023862038526 ], [ 55.313092314953572, 25.248221574063177 ], [ 55.3129213, 25.2480892 ], [ 55.3127125, 25.24831 ] ], [ [ 55.312968750526437, 25.248589591034523 ], [ 55.312961748628595, 25.24859747675206 ], [ 55.312963937807638, 25.248585866441498 ], [ 55.312968750526437, 25.248589591034523 ] ], [ [ 55.312913171040442, 25.248664003343251 ], [ 55.312912184956048, 25.248663605601113 ], [ 55.31291351004915, 25.248662205416057 ], [ 55.312913171040442, 25.248664003343251 ] ], [ [ 55.312708033536083, 25.248879325566641 ], [ 55.312700879706775, 25.248917265331169 ], [ 55.312684081538613, 25.248904634768131 ], [ 55.312708033536083, 25.248879325566641 ] ] ], [ [ [ 55.31352993160904, 25.244834473178866 ], [ 55.313573631616315, 25.244882573180703 ], [ 55.313653031635852, 25.244862273184658 ], [ 55.3136362, 25.2447326 ], [ 55.31352993160904, 25.244834473178866 ] ] ], [ [ [ 55.313348784158684, 25.237484778594816 ], [ 55.313690185112257, 25.237473678793865 ], [ 55.3137546, 25.237132 ], [ 55.3137387, 25.2367305 ], [ 55.3133973, 25.2367416 ], [ 55.313332884396495, 25.237083278614264 ], [ 55.313348784158684, 25.237484778594816 ] ] ], [ [ [ 55.313670209300433, 25.242903044710971 ], [ 55.313673788131112, 25.242839146815378 ], [ 55.31362887236692, 25.242839146815378 ], [ 55.31362529352932, 25.242903044709525 ], [ 55.313670209300433, 25.242903044710971 ] ] ], [ [ [ 55.3134549, 25.253237 ], [ 55.3131906, 25.253218 ], [ 55.313171094715713, 25.253349435640626 ], [ 55.313089883196447, 25.253394351403774 ], [ 55.313079145200483, 25.253451297615651 ], [ 55.31307914518996, 25.253541129142995 ], [ 55.313124060969663, 25.253586044911014 ], [ 55.313213892539572, 25.253586044919714 ], [ 55.313224630489053, 25.253484182932191 ], [ 55.313192224465858, 25.253386964891053 ], [ 55.313430108808141, 25.253404155932358 ], [ 55.3134549, 25.253237 ] ] ], [ [ [ 55.313494125074293, 25.250160416380947 ], [ 55.313449209310093, 25.250160416380943 ], [ 55.313445630159187, 25.250224314240224 ], [ 55.313490545930307, 25.250224314241677 ], [ 55.313494125074293, 25.250160416380947 ] ] ], [ [ [ 55.313539040838499, 25.242839146815374 ], [ 55.313494125074293, 25.242839146815374 ], [ 55.313490546215952, 25.242903044705177 ], [ 55.313535461987072, 25.242903044706622 ], [ 55.313539040838499, 25.242839146815374 ] ] ], [ [ [ 55.313482931835225, 25.240783573200723 ], [ 55.313543031851623, 25.240740473203878 ], [ 55.3135235, 25.2406835 ], [ 55.3134634, 25.2407266 ], [ 55.313482931835225, 25.240783573200723 ] ] ], [ [ [ 55.313539040838499, 25.240952684718728 ], [ 55.313449209310093, 25.240952684718724 ], [ 55.313446167335762, 25.241058651058886 ], [ 55.313491083105845, 25.241058651060115 ], [ 55.31353599887742, 25.241013735297297 ], [ 55.313539040838499, 25.240952684718728 ] ] ], [ [ [ 55.3132435, 25.2384796 ], [ 55.313200911639186, 25.238678356200502 ], [ 55.313206611589713, 25.238942456195968 ], [ 55.313462211797173, 25.238937956239354 ], [ 55.313475645291476, 25.23858576810974 ], [ 55.313553011943135, 25.238583456262123 ], [ 55.3135675, 25.2382956 ], [ 55.3133662, 25.2382978 ], [ 55.313358431937097, 25.238576258546583 ], [ 55.313314951711973, 25.23857702374093 ], [ 55.313327, 25.2384336 ], [ 55.313264, 25.2384336 ], [ 55.3132435, 25.2384796 ] ] ], [ [ [ 55.313404293545879, 25.250384995201976 ], [ 55.313359377781673, 25.250384995201976 ], [ 55.313355440690749, 25.250450791266587 ], [ 55.313400356462566, 25.250450791268175 ], [ 55.313404293545879, 25.250384995201976 ] ] ], [ [ [ 55.3134995, 25.2408072 ], [ 55.313471431823736, 25.240934473199268 ], [ 55.313505831831307, 25.240940873200888 ], [ 55.3135338, 25.2408136 ], [ 55.3134995, 25.2408072 ] ] ], [ [ [ 55.313173746557453, 25.253192509667919 ], [ 55.313261946585698, 25.253218909674089 ], [ 55.3133468, 25.2529462 ], [ 55.3132573, 25.2529174 ], [ 55.313173746557453, 25.253192509667919 ] ] ], [ [ [ 55.313145427000407, 25.238088703858701 ], [ 55.313040364487051, 25.238078075836803 ], [ 55.3130591, 25.2379787 ], [ 55.3130308, 25.2379406 ], [ 55.3129697, 25.2379777 ], [ 55.312951199268745, 25.238233703441576 ], [ 55.313085946580323, 25.238323534974377 ], [ 55.313175778123934, 25.23832353497756 ], [ 55.313224285318434, 25.238173676520223 ], [ 55.313296711820108, 25.238172856227273 ], [ 55.313305794876726, 25.238124677920233 ], [ 55.313400535923222, 25.238187838586448 ], [ 55.313490367466152, 25.238187838589493 ], [ 55.313494125074293, 25.23798824428113 ], [ 55.313449209310093, 25.237943328516916 ], [ 55.3131639, 25.2379662 ], [ 55.313145427000407, 25.238088703858701 ] ] ], [ [ [ 55.313327231541649, 25.245186273166961 ], [ 55.313355331549317, 25.24516597316844 ], [ 55.3133462, 25.245121 ], [ 55.3133181, 25.2451413 ], [ 55.313327231541649, 25.245186273166961 ] ] ], [ [ [ 55.313167186895434, 25.255032840386303 ], [ 55.313212102683856, 25.25503284039138 ], [ 55.313224630489053, 25.254921487386778 ], [ 55.313179714724846, 25.254921487386778 ], [ 55.313167186895434, 25.255032840386303 ] ] ], [ [ [ 55.312756608712895, 25.251211255863957 ], [ 55.312777883130707, 25.251216593002539 ], [ 55.312735708661123, 25.251381455856862 ], [ 55.312746408644742, 25.251503655856123 ], [ 55.312819608683661, 25.251602555866462 ], [ 55.312876508726369, 25.25161865587577 ], [ 55.312950499077942, 25.25157260867066 ], [ 55.313174524811565, 25.251715076380602 ], [ 55.313264356360037, 25.251715076384802 ], [ 55.31326954625326, 25.251597720835541 ], [ 55.313179714724846, 25.251507889307131 ], [ 55.313064609349759, 25.251507889349821 ], [ 55.3130751, 25.2514065 ], [ 55.3130168, 25.2513938 ], [ 55.312977155374512, 25.251507889322241 ], [ 55.3130035, 25.2513259 ], [ 55.3129685, 25.2512119 ], [ 55.312896359912401, 25.251161718401416 ], [ 55.3129339, 25.2509297 ], [ 55.3128946, 25.2508169 ], [ 55.3127868, 25.2507608 ], [ 55.3127298, 25.2507878 ], [ 55.312679802674523, 25.250923984374104 ], [ 55.312595809790174, 25.250923984372452 ], [ 55.312593125306208, 25.250983136685047 ], [ 55.312669001027906, 25.251028052452419 ], [ 55.312668131037988, 25.251190273099283 ], [ 55.312756608712895, 25.251211255863957 ] ] ], [ [ [ 55.31326954625326, 25.240952684718721 ], [ 55.313224630489053, 25.240997600482924 ], [ 55.313221946368174, 25.241056752840315 ], [ 55.313401609445748, 25.241056752844663 ], [ 55.313404293545879, 25.240952684718721 ], [ 55.31326954625326, 25.240952684718721 ] ] ], [ [ [ 55.313224630489053, 25.251732468128157 ], [ 55.313179714724846, 25.251732468128161 ], [ 55.313172556216053, 25.251815348052453 ], [ 55.313217471994093, 25.251815348055338 ], [ 55.313224630489053, 25.251732468128157 ] ] ], [ [ [ 55.313122271125437, 25.254898093090482 ], [ 55.313167186913844, 25.254898093095555 ], [ 55.313179714724846, 25.254786740094161 ], [ 55.313134798960647, 25.254786740094158 ], [ 55.313122271125437, 25.254898093090482 ] ] ], [ [ [ 55.313224630489053, 25.25047482673039 ], [ 55.313179714724846, 25.250474826730386 ], [ 55.3131764934407, 25.250536826371224 ], [ 55.313221409211131, 25.250536826372528 ], [ 55.313224630489053, 25.25047482673039 ] ] ], [ [ [ 55.3134256, 25.2347342 ], [ 55.3133572, 25.2347269 ], [ 55.31329558497751, 25.235063212645141 ], [ 55.313363985142381, 25.235070512680203 ], [ 55.3134256, 25.2347342 ] ] ], [ [ [ 55.31313679320526, 25.251064952347964 ], [ 55.3131776, 25.2509329 ], [ 55.3131402, 25.2508913 ], [ 55.3130971, 25.2509172 ], [ 55.313077593164984, 25.251020652338507 ], [ 55.31307849316039, 25.251045852338127 ], [ 55.31313679320526, 25.251064952347964 ] ] ], [ [ [ 55.313131577671854, 25.250491910605874 ], [ 55.313176493443855, 25.250446994843127 ], [ 55.313179714724846, 25.250384995201976 ], [ 55.313044967432234, 25.25038499520198 ], [ 55.313041746132562, 25.250446994839216 ], [ 55.31308666190143, 25.25049191060457 ], [ 55.313131577671854, 25.250491910605874 ] ] ], [ [ [ 55.313134798960647, 25.253618930224807 ], [ 55.313044967432234, 25.253618930224807 ], [ 55.313034587319088, 25.253718893986541 ], [ 55.313124418887632, 25.253718893994947 ], [ 55.313134798960647, 25.253618930224807 ] ] ], [ [ [ 55.3117407, 25.2445609 ], [ 55.3117004339963, 25.244774448190405 ], [ 55.312377834838657, 25.245528248402707 ], [ 55.312620821048831, 25.245349621051503 ], [ 55.3125183, 25.2454435 ], [ 55.312499509666324, 25.245543155938567 ], [ 55.312804209841616, 25.245889755982972 ], [ 55.313218910237921, 25.245591456059444 ], [ 55.3132377, 25.2454918 ], [ 55.3132082, 25.2453217 ], [ 55.3129744, 25.2450558 ], [ 55.312854972012914, 25.245141687874856 ], [ 55.3128874, 25.2449697 ], [ 55.3122099, 25.2442159 ], [ 55.3117407, 25.2445609 ] ] ], [ [ [ 55.31327483192824, 25.238372573205009 ], [ 55.313318931938383, 25.238373173207137 ], [ 55.313325, 25.2382999 ], [ 55.3132809, 25.2382993 ], [ 55.31327483192824, 25.238372573205009 ] ] ], [ [ [ 55.313224630489053, 25.238302654630576 ], [ 55.313220693893818, 25.238368450743167 ], [ 55.313265609665628, 25.238368450744765 ], [ 55.31326954625326, 25.238302654630566 ], [ 55.313224630489053, 25.238302654630576 ] ] ], [ [ [ 55.313041209214212, 25.251303241667724 ], [ 55.313086124985688, 25.251303241669248 ], [ 55.313089883196447, 25.251238394721891 ], [ 55.313044967432234, 25.251238394721895 ], [ 55.313041209214212, 25.251303241667724 ] ] ], [ [ [ 55.3132192, 25.237194 ], [ 55.313211147968026, 25.237271409812873 ], [ 55.313259447984748, 25.23727140981638 ], [ 55.3132675, 25.237194 ], [ 55.3132192, 25.237194 ] ] ], [ [ [ 55.312987165838642, 25.254765243990722 ], [ 55.313000051668027, 25.254651992801545 ], [ 55.312910220139621, 25.254651992801541 ], [ 55.312897334260427, 25.254765243980287 ], [ 55.312987165838642, 25.254765243990722 ] ] ], [ [ [ 55.3131883, 25.2383671 ], [ 55.313128094745032, 25.2383700081872 ], [ 55.3131342, 25.2383287 ], [ 55.3130777, 25.2383306 ], [ 55.313060316002954, 25.238422806926131 ], [ 55.3130652, 25.2383263 ], [ 55.3129429, 25.2383263 ], [ 55.31293753184687, 25.238432373188328 ], [ 55.313059056575803, 25.238432373194531 ], [ 55.313096877892875, 25.23846209853992 ], [ 55.313093311585355, 25.238516656185649 ], [ 55.313166011640369, 25.238534856197578 ], [ 55.3132046, 25.2384019 ], [ 55.3131883, 25.2383671 ] ] ], [ [ [ 55.312995935474127, 25.25224837091784 ], [ 55.313000051668027, 25.252181625770213 ], [ 55.31295513590382, 25.252181625770209 ], [ 55.312910220139621, 25.252226541534416 ], [ 55.312906103925769, 25.252338202442505 ], [ 55.312951019697927, 25.252338202444172 ], [ 55.312995935474127, 25.25224837091784 ] ] ], [ [ [ 55.313191147965235, 25.237224209811853 ], [ 55.3131618, 25.2370779 ], [ 55.3129808, 25.2371313 ], [ 55.313010047897841, 25.23727760979823 ], [ 55.313191147965235, 25.237224209811853 ] ] ], [ [ [ 55.312700531552196, 25.242532973152429 ], [ 55.312705395201682, 25.242417175989832 ], [ 55.312929582851638, 25.24241627868042 ], [ 55.312914637052174, 25.242603448728268 ], [ 55.313080937340175, 25.242603448788646 ], [ 55.3131212, 25.242282 ], [ 55.313010513140469, 25.24228200002085 ], [ 55.3130383, 25.2420548 ], [ 55.3130022, 25.2420319 ], [ 55.312728939650491, 25.242032990268431 ], [ 55.312730557082787, 25.241985747295463 ], [ 55.312685641318581, 25.241985747295459 ], [ 55.312661631543207, 25.242533073150547 ], [ 55.312700531552196, 25.242532973152429 ] ] ], [ [ [ 55.312910220139621, 25.250789237079832 ], [ 55.312908430510554, 25.250843643881655 ], [ 55.312998262045888, 25.250843643883101 ], [ 55.313000051668027, 25.250789237079832 ], [ 55.312910220139621, 25.250789237079832 ] ] ], [ [ [ 55.312106281372216, 25.252500668472855 ], [ 55.312046, 25.2525304 ], [ 55.312069458237737, 25.252630783413657 ], [ 55.312011904855503, 25.252675699176475 ], [ 55.312005461807807, 25.252754782610197 ], [ 55.312095293361125, 25.252754782615419 ], [ 55.31209893335248, 25.252684729207086 ], [ 55.312188346262076, 25.252667609601041 ], [ 55.312179799306719, 25.252540146157198 ], [ 55.312308808068906, 25.252587155759368 ], [ 55.312484308230133, 25.252492855791086 ], [ 55.312528097923106, 25.25230201616257 ], [ 55.312853808566281, 25.252310355857503 ], [ 55.312946108676009, 25.252139055876725 ], [ 55.3129649, 25.2520394 ], [ 55.3129084, 25.2519289 ], [ 55.312685641318808, 25.252035556177798 ], [ 55.312685641318581, 25.251957046949183 ], [ 55.312640725554381, 25.251957046949187 ], [ 55.312595809790174, 25.25200196271339 ], [ 55.312598018195409, 25.252094333631668 ], [ 55.312548165719242, 25.252142526074735 ], [ 55.3125458, 25.2520721 ], [ 55.312500220357336, 25.25206028764168 ], [ 55.312505978261761, 25.252001962713393 ], [ 55.312416146733348, 25.25195704694918 ], [ 55.312326315204935, 25.251957046949183 ], [ 55.312281399441019, 25.251986701857298 ], [ 55.312281399440728, 25.251912131184987 ], [ 55.312191567912315, 25.251912131184977 ], [ 55.312181903489659, 25.252053214240792 ], [ 55.312258975819404, 25.252053214250839 ], [ 55.312285676160322, 25.252147893789093 ], [ 55.312147444918217, 25.252218256243431 ], [ 55.3121553, 25.2521766 ], [ 55.3120677, 25.2520447 ], [ 55.3119201, 25.252149 ], [ 55.311901307808789, 25.252248655697368 ], [ 55.311969507842889, 25.252351355706779 ], [ 55.312022296654149, 25.252336423787284 ], [ 55.312004707856083, 25.252425855711198 ], [ 55.312106281372216, 25.252500668472855 ] ] ], [ [ [ 55.31271892386831, 25.255073010586074 ], [ 55.312898587015084, 25.255073010604928 ], [ 55.312910220139621, 25.254966403150991 ], [ 55.3128203886112, 25.254921487386781 ], [ 55.312730557082787, 25.254921487386785 ], [ 55.31271892386831, 25.255073010586074 ] ] ], [ [ [ 55.313174525746582, 25.235186075247967 ], [ 55.313179714724846, 25.235068719607732 ], [ 55.313134798960647, 25.235068719607735 ], [ 55.313129609972357, 25.23518607524586 ], [ 55.313174525746582, 25.235186075247967 ] ] ], [ [ [ 55.312910220139621, 25.250609574023006 ], [ 55.312908072588911, 25.25066587903278 ], [ 55.312952988357267, 25.250665879033651 ], [ 55.31295513590382, 25.250609574023006 ], [ 55.312910220139621, 25.250609574023006 ] ] ], [ [ [ 55.312715370804618, 25.241633322117742 ], [ 55.312631631582605, 25.241741573153806 ], [ 55.312707331596521, 25.241802373157103 ], [ 55.312783275040871, 25.241724946518218 ], [ 55.312815937266848, 25.241724848731685 ], [ 55.312856140517077, 25.241496379586678 ], [ 55.312979163366741, 25.241415646345569 ], [ 55.313042, 25.2411049 ], [ 55.3125136, 25.2410925 ], [ 55.312390963065702, 25.241666946285633 ], [ 55.31248346309976, 25.241740946293714 ], [ 55.312715193508275, 25.241588875217669 ], [ 55.312715370804618, 25.241633322117742 ] ] ], [ [ [ 55.312955911595182, 25.237926456174673 ], [ 55.31298847704339, 25.237874706011862 ], [ 55.313029231898241, 25.237916073195848 ], [ 55.3130659, 25.2378624 ], [ 55.312966, 25.2377689 ], [ 55.3129133, 25.2377739 ], [ 55.312894511556408, 25.237873556165376 ], [ 55.312955911595182, 25.237926456174673 ] ] ], [ [ [ 55.312857046559024, 25.251924809656256 ], [ 55.3128651, 25.2518821 ], [ 55.312812, 25.2517942 ], [ 55.31271670000001, 25.2518412 ], [ 55.312708646511197, 25.251883909645844 ], [ 55.312761846521902, 25.251971909648908 ], [ 55.312857046559024, 25.251924809656256 ] ] ], [ [ [ 55.3102335, 25.2458341 ], [ 55.310188, 25.2459166 ], [ 55.310147730711684, 25.246130147565879 ], [ 55.310268930748755, 25.246523747592306 ], [ 55.310349930869251, 25.246568847619724 ], [ 55.310835531765569, 25.246443147801717 ], [ 55.310848423364078, 25.246374782037591 ], [ 55.310883431856304, 25.246425447819902 ], [ 55.311134986287833, 25.246248286087337 ], [ 55.3109724, 25.2463674 ], [ 55.310932131872377, 25.246580947830644 ], [ 55.311525432609031, 25.247243748016512 ], [ 55.311668657508235, 25.247138877848442 ], [ 55.311777931062345, 25.24726187307958 ], [ 55.311931572296771, 25.247150283234333 ], [ 55.311956124485029, 25.247192985579449 ], [ 55.3118352, 25.2473 ], [ 55.311866431074755, 25.247399073083059 ], [ 55.312028731103439, 25.247549373090024 ], [ 55.312191781047844, 25.24745056896905 ], [ 55.312215766303034, 25.247478117737153 ], [ 55.312076, 25.2475813 ], [ 55.312035733251001, 25.2477948481772 ], [ 55.312128581355225, 25.247897767144163 ], [ 55.3120624, 25.2479051 ], [ 55.3118825, 25.2481013 ], [ 55.311869033105836, 25.248172718559104 ], [ 55.3118113, 25.2481277 ], [ 55.3112589, 25.2487161 ], [ 55.311245053755592, 25.248789527804448 ], [ 55.3108851, 25.2491707 ], [ 55.310844830490083, 25.249384247673646 ], [ 55.311306031132617, 25.24974044782525 ], [ 55.31168423196371, 25.249339847980512 ], [ 55.31169196599933, 25.249298833194256 ], [ 55.31171083202134, 25.249313547991349 ], [ 55.312268233243628, 25.248728948219895 ], [ 55.312278409168584, 25.2486749819344 ], [ 55.312411433562467, 25.248567748279104 ], [ 55.312466520301342, 25.248272359091771 ], [ 55.312555733898705, 25.24837124834028 ], [ 55.312778234362469, 25.248192848429042 ], [ 55.312856234551276, 25.248070548462834 ], [ 55.312922, 25.2477539 ], [ 55.3129089, 25.2476038 ], [ 55.3127194, 25.2473937 ], [ 55.31265761810301, 25.247396162341239 ], [ 55.3126657, 25.2473533 ], [ 55.3125567, 25.2472344 ], [ 55.312512449110322, 25.247267609583744 ], [ 55.3125268, 25.2471915 ], [ 55.3121706, 25.2467976 ], [ 55.312149608102274, 25.246813513412796 ], [ 55.3121544, 25.2467881 ], [ 55.311912414150875, 25.246533566544343 ], [ 55.3119188, 25.2464997 ], [ 55.3116774, 25.2462387 ], [ 55.311506864538785, 25.246387492188905 ], [ 55.31147291568503, 25.246387492187644 ], [ 55.31146539913761, 25.246468515919993 ], [ 55.31121675310991, 25.246190700121907 ], [ 55.311255732616303, 25.246163247966848 ], [ 55.311287681734719, 25.24585164074189 ], [ 55.311370255341821, 25.245792174773179 ], [ 55.311347632885735, 25.245912148011445 ], [ 55.311614933219417, 25.246206648095363 ], [ 55.311973933958292, 25.245940048237642 ], [ 55.3120142, 25.2457265 ], [ 55.3117469, 25.245432 ], [ 55.311654182681067, 25.245500853788087 ], [ 55.3116755, 25.2453878 ], [ 55.3114406, 25.245121 ], [ 55.3110929, 25.2453714 ], [ 55.31105263251844, 25.245584947918921 ], [ 55.311081522290308, 25.245617761041576 ], [ 55.311054998551832, 25.245637287024486 ], [ 55.3109365, 25.2455036 ], [ 55.3107463, 25.2456829 ], [ 55.310721563873045, 25.245814079113472 ], [ 55.3106301, 25.245718 ], [ 55.3104859, 25.2457804 ], [ 55.31047208909262, 25.245853640267505 ], [ 55.3104501, 25.2457807 ], [ 55.3102335, 25.2458341 ] ], [ [ 55.311781594644508, 25.246996478736378 ], [ 55.311799404941283, 25.247015220345652 ], [ 55.311774673691289, 25.247033182708815 ], [ 55.311781594644508, 25.246996478736378 ] ], [ [ 55.311560551480348, 25.246457173409798 ], [ 55.311609755981252, 25.246514902153098 ], [ 55.311580631592165, 25.246597266256515 ], [ 55.311508959184152, 25.246517186022409 ], [ 55.311555230690558, 25.246517186018721 ], [ 55.311560551480348, 25.246457173409798 ] ], [ [ 55.311129966608327, 25.245672784248541 ], [ 55.311285694541986, 25.245849660092802 ], [ 55.3111537, 25.2457181 ], [ 55.311116316721524, 25.245745172783835 ], [ 55.311129966608327, 25.245672784248541 ] ] ], [ [ [ 55.312740431879043, 25.237104773186694 ], [ 55.312757931878593, 25.237181373187081 ], [ 55.312924331918829, 25.237150173195321 ], [ 55.312921223367866, 25.237084645018726 ], [ 55.313044911844081, 25.237062156207774 ], [ 55.313056, 25.2369066 ], [ 55.31299940000001, 25.236788 ], [ 55.312771226283019, 25.236813722108117 ], [ 55.3126665660551, 25.23680505375988 ], [ 55.3126661, 25.2367633 ], [ 55.3125871, 25.2367657 ], [ 55.312584265273742, 25.236812257861242 ], [ 55.3125562, 25.2368022 ], [ 55.312552611435436, 25.237115256123271 ], [ 55.312740431879043, 25.237104773186694 ] ], [ [ 55.312595831861017, 25.236842273181257 ], [ 55.312639316236023, 25.236840206146884 ], [ 55.31263883707522, 25.236853426268564 ], [ 55.312592624850289, 25.236867285502527 ], [ 55.312595831861017, 25.236842273181257 ] ] ], [ [ [ 55.312808934486576, 25.254488156565486 ], [ 55.3128203886112, 25.254382498216302 ], [ 55.312775472846994, 25.254382498216305 ], [ 55.312764018700229, 25.254488156560857 ], [ 55.312808934486576, 25.254488156565486 ] ] ], [ [ [ 55.313000051668027, 25.237314507818038 ], [ 55.312997367627659, 25.237418575945028 ], [ 55.313042283397046, 25.237418575946116 ], [ 55.313044967432234, 25.237314507818031 ], [ 55.313000051668027, 25.237314507818038 ] ] ], [ [ [ 55.312362282279992, 25.254295206033902 ], [ 55.312541945392852, 25.254429953339685 ], [ 55.312586861174346, 25.254429953343305 ], [ 55.312631776960231, 25.25438503758317 ], [ 55.312640725554459, 25.254251239396382 ], [ 55.312676513783515, 25.254251239398222 ], [ 55.31276634535616, 25.254161407878115 ], [ 55.312775472846994, 25.254068087866862 ], [ 55.312730557082787, 25.254023172102666 ], [ 55.312640725554381, 25.254023172102659 ], [ 55.312586682233245, 25.254116492099577 ], [ 55.312586682224307, 25.254206323627074 ], [ 55.312623904197181, 25.254243545594928 ], [ 55.312371230969148, 25.254202835159486 ], [ 55.312362282279992, 25.254295206033902 ] ] ], [ [ [ 55.313000051668027, 25.236595855590743 ], [ 55.312910220139621, 25.236595855590746 ], [ 55.312904673146789, 25.236670193658767 ], [ 55.312994504696626, 25.236670193663262 ], [ 55.313000051668027, 25.236595855590743 ] ] ], [ [ [ 55.312910220139621, 25.241895915767053 ], [ 55.312865304375407, 25.241895915767053 ], [ 55.312861904403007, 25.241958864534862 ], [ 55.312906820173787, 25.241958864536233 ], [ 55.312910220139621, 25.241895915767053 ] ] ], [ [ [ 55.312995220532009, 25.234824850913821 ], [ 55.313000051668027, 25.234754309258296 ], [ 55.31295513590382, 25.234754309258296 ], [ 55.312950304758473, 25.234824850911867 ], [ 55.312995220532009, 25.234824850913821 ] ] ], [ [ [ 55.3128002, 25.2389341 ], [ 55.312794731780869, 25.238996773178048 ], [ 55.312914131808419, 25.238997073183832 ], [ 55.3129196, 25.2389343 ], [ 55.3128002, 25.2389341 ] ] ], [ [ [ 55.3128517, 25.2431022 ], [ 55.3128233, 25.2431029 ], [ 55.312815547313086, 25.243172509731441 ], [ 55.312843947322939, 25.243172309733506 ], [ 55.3128517, 25.2431022 ] ] ], [ [ [ 55.312650846525216, 25.251496209645097 ], [ 55.3125752, 25.2512274 ], [ 55.312461062497555, 25.251238394721891 ], [ 55.312416146733348, 25.251283310486095 ], [ 55.312410598734381, 25.251357648439001 ], [ 55.312484228488728, 25.251357648446721 ], [ 55.312547146486516, 25.251527609637293 ], [ 55.312595386717796, 25.251513002683097 ], [ 55.312589188019572, 25.251587921886216 ], [ 55.312634103793336, 25.251632837652771 ], [ 55.312723935347329, 25.251632837658139 ], [ 55.312730557082787, 25.251507889307131 ], [ 55.312612273872624, 25.251507889313729 ], [ 55.312650846525216, 25.251496209645097 ] ] ], [ [ [ 55.31203841871347, 25.238294258764174 ], [ 55.312380334114209, 25.238323000449284 ], [ 55.3123271, 25.2383304 ], [ 55.312323131705817, 25.238418773158656 ], [ 55.312455431736517, 25.238416073165091 ], [ 55.312467527810441, 25.2383554636247 ], [ 55.312444311054591, 25.238547656075053 ], [ 55.312447211015666, 25.238749156071353 ], [ 55.312477457350475, 25.238748789717345 ], [ 55.312464610996457, 25.238911556070914 ], [ 55.312506611030464, 25.238911256078026 ], [ 55.312514205077811, 25.238870977523394 ], [ 55.31262261113261, 25.238870156098532 ], [ 55.312636603837369, 25.238795938851229 ], [ 55.31277153615644, 25.238817608367327 ], [ 55.312816451930182, 25.238772692604908 ], [ 55.3128203886112, 25.238661980744208 ], [ 55.312776630499613, 25.238661980757698 ], [ 55.312778031069136, 25.238521210016501 ], [ 55.312884011415306, 25.2385211561501 ], [ 55.3129027, 25.238327099999989 ], [ 55.312760030631829, 25.238327045205004 ], [ 55.31288581149888, 25.238120156158768 ], [ 55.3128999, 25.237915 ], [ 55.3127671, 25.2376038 ], [ 55.312678788901827, 25.237485512314883 ], [ 55.312726411490253, 25.237533356143992 ], [ 55.312821719859954, 25.237529680725359 ], [ 55.312829231870403, 25.23760277318803 ], [ 55.312901231887487, 25.237594673191566 ], [ 55.3128891, 25.2372086 ], [ 55.3127573, 25.2372142 ], [ 55.3126376, 25.2373256 ], [ 55.312621833975072, 25.23740922429198 ], [ 55.3125653, 25.2373335 ], [ 55.3124866, 25.237335 ], [ 55.312270876937752, 25.237388205397561 ], [ 55.3120904, 25.2373943 ], [ 55.312078033539308, 25.237459735225645 ], [ 55.3120371, 25.2374609 ], [ 55.312033731690022, 25.237546973149854 ], [ 55.312053898334931, 25.237546406219202 ], [ 55.3120126, 25.2376194 ], [ 55.31197251081197, 25.237870856009231 ], [ 55.311991210746839, 25.238262656004231 ], [ 55.31203841871347, 25.238294258764174 ] ] ], [ [ [ 55.312885752889038, 25.234477305326728 ], [ 55.3129448, 25.2341641 ], [ 55.3129563, 25.2336332 ], [ 55.3121104, 25.2336104 ], [ 55.31205135112679, 25.233923604918765 ], [ 55.312053650785678, 25.234462704884685 ], [ 55.312885752889038, 25.234477305326728 ] ] ], [ [ [ 55.312905210043432, 25.235005463072675 ], [ 55.312910220139621, 25.234933972315122 ], [ 55.312865304375407, 25.234933972315122 ], [ 55.312860294269534, 25.235005463070646 ], [ 55.312905210043432, 25.235005463072675 ] ] ], [ [ [ 55.3128203886112, 25.240997600482928 ], [ 55.312775472846994, 25.24099760048292 ], [ 55.312773683398589, 25.241052007302017 ], [ 55.312818599166256, 25.241052007302748 ], [ 55.3128203886112, 25.240997600482928 ] ] ], [ [ [ 55.312640725554381, 25.250429910966183 ], [ 55.312371230969148, 25.250519742494596 ], [ 55.312368367503097, 25.250624759669954 ], [ 55.312548030582064, 25.250624759674594 ], [ 55.312682777894075, 25.250534928149957 ], [ 55.312685641318581, 25.25047482673039 ], [ 55.312640725554381, 25.250429910966183 ] ] ], [ [ [ 55.3128528, 25.2359355 ], [ 55.3128021, 25.2359372 ], [ 55.312761839619263, 25.236150748961045 ], [ 55.31277533949455, 25.23648824895086 ], [ 55.312826039583086, 25.236486548969349 ], [ 55.3128663, 25.236273 ], [ 55.3128528, 25.2359355 ] ] ], [ [ [ 55.3109768, 25.2322653 ], [ 55.3105425, 25.2324893 ], [ 55.310503205085197, 25.232692610428632 ], [ 55.310480223578899, 25.23270330666471 ], [ 55.310504, 25.2325772 ], [ 55.3104772, 25.2325348 ], [ 55.3097235, 25.2329254 ], [ 55.309717413876051, 25.232957678691161 ], [ 55.30963136935258, 25.232957678690063 ], [ 55.309586453588373, 25.233002594454266 ], [ 55.309582337650866, 25.233069339562778 ], [ 55.309672169195181, 25.233069339566111 ], [ 55.309701981336659, 25.233039527437935 ], [ 55.309721667582465, 25.233119656347853 ], [ 55.309853176403749, 25.233051503379336 ], [ 55.309785771504266, 25.233408996030171 ], [ 55.309819478025283, 25.233539921907379 ], [ 55.309762371042396, 25.2338427959744 ], [ 55.309782371077667, 25.233881495985464 ], [ 55.309825371242518, 25.233863296018331 ], [ 55.309871280939262, 25.233619807677979 ], [ 55.310075861667769, 25.233705919580387 ], [ 55.310041935846016, 25.234019148068754 ], [ 55.310094935938601, 25.23401724808809 ], [ 55.3101352, 25.2338037 ], [ 55.3101306, 25.233694899999989 ], [ 55.310106893196682, 25.233695705139073 ], [ 55.310277973088141, 25.233545896375414 ], [ 55.3103585, 25.2331188 ], [ 55.310203225403342, 25.232870093450863 ], [ 55.310281595695955, 25.23282947851769 ], [ 55.310509031578285, 25.233441973100494 ], [ 55.310770031641034, 25.233399073113382 ], [ 55.311224376716616, 25.233144997098517 ], [ 55.311287708797167, 25.232881011528377 ], [ 55.311258676931899, 25.233034997133259 ], [ 55.311305777029588, 25.233109497160804 ], [ 55.311565770699509, 25.232974765918112 ], [ 55.311511282032235, 25.233263777829251 ], [ 55.311715482370197, 25.233587977924692 ], [ 55.312141783685313, 25.233396578185978 ], [ 55.312204873798009, 25.233052889589096 ], [ 55.31222415744277, 25.233045165270536 ], [ 55.312249484171765, 25.233128578267689 ], [ 55.312808085709662, 25.233141778591168 ], [ 55.3129193, 25.2323647 ], [ 55.3128388, 25.2322438 ], [ 55.3121607, 25.2326093 ], [ 55.312105477536406, 25.232902212987721 ], [ 55.312068, 25.2328454 ], [ 55.312015550288805, 25.232828913268172 ], [ 55.3120326, 25.2327372 ], [ 55.3120008, 25.2326913 ], [ 55.311943, 25.2326753 ], [ 55.3118863, 25.2327009 ], [ 55.311863446273186, 25.232781101663626 ], [ 55.3117785, 25.2327544 ], [ 55.311587462503766, 25.232889896887546 ], [ 55.311643089648079, 25.232501184866887 ], [ 55.311813896705459, 25.232414382838147 ], [ 55.311918419670825, 25.232580131757878 ], [ 55.312832422064893, 25.232093732229199 ], [ 55.3128861, 25.231809 ], [ 55.3126401, 25.2314189 ], [ 55.3117191, 25.2318942 ], [ 55.311665419321621, 25.232178931659316 ], [ 55.311754283086785, 25.232319849391285 ], [ 55.311669117482253, 25.232363129534953 ], [ 55.3116889, 25.2322582 ], [ 55.3115474, 25.2320394 ], [ 55.3112752, 25.2321834 ], [ 55.311270077017546, 25.232210572632336 ], [ 55.3112558, 25.2321878 ], [ 55.3111665, 25.2322336 ], [ 55.311134041855581, 25.232405758934352 ], [ 55.3110566, 25.2322829 ], [ 55.3109768, 25.2322653 ] ] ], [ [ [ 55.3124689, 25.2418177 ], [ 55.312464631531618, 25.241953773144459 ], [ 55.31275613159908, 25.241951373158582 ], [ 55.3127607, 25.2418414 ], [ 55.3127306, 25.2418156 ], [ 55.3124689, 25.2418177 ] ] ], [ [ [ 55.312311278082078, 25.235876997643587 ], [ 55.312671979339363, 25.235867497906316 ], [ 55.312761479697272, 25.23581279797617 ], [ 55.312842, 25.2353857 ], [ 55.3128239, 25.2348197 ], [ 55.312731, 25.2347831 ], [ 55.3124526, 25.2347904 ], [ 55.3123174, 25.2348899 ], [ 55.312236878315929, 25.2353169976396 ], [ 55.312254277897438, 25.235862497603502 ], [ 55.312311278082078, 25.235876997643587 ] ] ], [ [ [ 55.312730557082787, 25.233272089039499 ], [ 55.312728767780712, 25.233371411637322 ], [ 55.312818599316046, 25.233371411638764 ], [ 55.31286351508458, 25.233326495875382 ], [ 55.312865304375407, 25.233272089039506 ], [ 55.312730557082787, 25.233272089039499 ] ] ], [ [ [ 55.312509, 25.2431565 ], [ 55.312427771669761, 25.243641997034388 ], [ 55.312582872191633, 25.243659497145444 ], [ 55.3126642, 25.2431583 ], [ 55.312509, 25.2431565 ] ] ], [ [ [ 55.312371230969148, 25.250699405551423 ], [ 55.312236483676521, 25.250699405551419 ], [ 55.312187451635701, 25.25090089796781 ], [ 55.31227728318003, 25.250900897971135 ], [ 55.312366738302536, 25.250856170422523 ], [ 55.312352108442724, 25.250933755801178 ], [ 55.312442908471162, 25.251153255812 ], [ 55.312503083997747, 25.251132933754896 ], [ 55.312502219962106, 25.251168494357401 ], [ 55.312547135733581, 25.251168494358918 ], [ 55.312550894025975, 25.251013815900858 ], [ 55.3124469, 25.2508084 ], [ 55.312398243295682, 25.25082485365456 ], [ 55.312416146733348, 25.250744321315629 ], [ 55.312371230969148, 25.250699405551423 ] ] ], [ [ [ 55.312388846204826, 25.254110509602715 ], [ 55.312482646241534, 25.254062609609964 ], [ 55.312505978261761, 25.25393334057425 ], [ 55.312416146733348, 25.253933340574246 ], [ 55.312371230969148, 25.253978256338449 ], [ 55.312362461275335, 25.254069678112867 ], [ 55.312388846204826, 25.254110509602715 ] ] ], [ [ [ 55.312506546442279, 25.251871209631275 ], [ 55.3124764, 25.2517671 ], [ 55.3124129, 25.2517995 ], [ 55.312443046417435, 25.251903509626384 ], [ 55.312506546442279, 25.251871209631275 ] ] ], [ [ [ 55.312684739356996, 25.236444248919948 ], [ 55.312725, 25.2362307 ], [ 55.3127196, 25.2359311 ], [ 55.3126042, 25.2359328 ], [ 55.312563939278576, 25.236146348889406 ], [ 55.312569239156289, 25.236445948877943 ], [ 55.312684739356996, 25.236444248919948 ] ] ], [ [ [ 55.312499535436238, 25.251542057014021 ], [ 55.312505978261761, 25.251462973542921 ], [ 55.312461062497555, 25.251373142014508 ], [ 55.312416146733348, 25.251373142014504 ], [ 55.312409703886082, 25.251497141244908 ], [ 55.312454619659583, 25.251542057011399 ], [ 55.312499535436238, 25.251542057014021 ] ] ], [ [ [ 55.312461062497555, 25.253259604111154 ], [ 55.312416146733348, 25.253259604111165 ], [ 55.312409166841789, 25.253341534871559 ], [ 55.312454082619482, 25.253341534874391 ], [ 55.312461062497555, 25.253259604111154 ] ] ], [ [ [ 55.312416146733348, 25.254966403150984 ], [ 55.312371230969148, 25.254831655858368 ], [ 55.312326315204935, 25.254831655858361 ], [ 55.312281399440728, 25.254876571622571 ], [ 55.312273345526599, 25.255009112737284 ], [ 55.312408092861972, 25.255054028510862 ], [ 55.312416146733348, 25.254966403150984 ] ] ], [ [ [ 55.3124849, 25.2389619 ], [ 55.312480031705505, 25.239043173162539 ], [ 55.312630231740251, 25.239041973169822 ], [ 55.3126351, 25.2389607 ], [ 55.3124849, 25.2389619 ] ] ], [ [ [ 55.309671124915049, 25.250684748013168 ], [ 55.309637591548423, 25.250862561591724 ], [ 55.309764891586873, 25.251270361617753 ], [ 55.309958634234768, 25.251209345803712 ], [ 55.309966828155872, 25.251235547271936 ], [ 55.310194528576019, 25.251177147357264 ], [ 55.310207218170255, 25.251109858317765 ], [ 55.310265928705462, 25.251164047383796 ], [ 55.310430029007556, 25.251123547445221 ], [ 55.310467705233336, 25.250923759454167 ], [ 55.310931129808459, 25.251276647620411 ], [ 55.311079730136143, 25.251116747681536 ], [ 55.311091236905291, 25.251055728349073 ], [ 55.311123730228175, 25.251080747699127 ], [ 55.311311030640155, 25.250881547776068 ], [ 55.31133204046121, 25.250770133139692 ], [ 55.311502221517713, 25.250590977181034 ], [ 55.311543231156563, 25.250621647872023 ], [ 55.311700131503741, 25.25045004793667 ], [ 55.311736399971529, 25.25025771259822 ], [ 55.311763008100804, 25.250278055715018 ], [ 55.312060704954717, 25.249957245779772 ], [ 55.312111532415514, 25.249996748106344 ], [ 55.312268032758951, 25.249832048170536 ], [ 55.3123083, 25.2496185 ], [ 55.312232792837278, 25.249559816913951 ], [ 55.312432433255466, 25.249349848251789 ], [ 55.3124727, 25.2491363 ], [ 55.3121513, 25.2488863 ], [ 55.3118517, 25.2492014 ], [ 55.31184146453689, 25.249255680682403 ], [ 55.3116801, 25.2494166 ], [ 55.311671378024521, 25.249462853896606 ], [ 55.311639, 25.2494381 ], [ 55.3112938, 25.2498053 ], [ 55.311277726132545, 25.249890540169059 ], [ 55.3112536, 25.2498725 ], [ 55.3106952, 25.2505002 ], [ 55.310681734805783, 25.2505716038484 ], [ 55.3105226, 25.2504512 ], [ 55.3103968, 25.2504879 ], [ 55.310376119077205, 25.250597566254775 ], [ 55.310339005066602, 25.250517906568032 ], [ 55.310447614071876, 25.250371910985447 ], [ 55.3104852, 25.2501726 ], [ 55.3102293, 25.2494193 ], [ 55.310201476899472, 25.249426165821266 ], [ 55.3102241, 25.2493062 ], [ 55.3100497, 25.2487713 ], [ 55.3099701, 25.2487361 ], [ 55.3096359, 25.2488257 ], [ 55.309595628477602, 25.24903924723526 ], [ 55.30965051106196, 25.249236662728798 ], [ 55.3095294, 25.2488551 ], [ 55.3091788, 25.2489471 ], [ 55.3091345, 25.2490143 ], [ 55.309102282034026, 25.249185137637653 ], [ 55.309268882080858, 25.249708837667349 ], [ 55.309338277323491, 25.249691867057575 ], [ 55.309311112454026, 25.249835910622426 ], [ 55.3095482125104, 25.250633410669547 ], [ 55.309587012555504, 25.250676410680921 ], [ 55.309671124915049, 25.250684748013168 ] ], [ [ 55.3111615, 25.2505401 ], [ 55.311101668028194, 25.250495295085475 ], [ 55.311202521357323, 25.250366833694731 ], [ 55.311345446520733, 25.250473726518379 ], [ 55.311256766574189, 25.250595276917032 ], [ 55.3112087, 25.2505583 ], [ 55.311145373940775, 25.250625615738794 ], [ 55.3111615, 25.2505401 ] ], [ [ 55.310047217401895, 25.250701497172713 ], [ 55.310016383746685, 25.250602844391732 ], [ 55.310068136966152, 25.25059056721469 ], [ 55.310047217401895, 25.250701497172713 ] ], [ [ 55.309743768110557, 25.249539112339576 ], [ 55.309692455366289, 25.249551774426841 ], [ 55.309713422894042, 25.249440590475757 ], [ 55.309743768110557, 25.249539112339576 ] ], [ [ 55.309688074752032, 25.249355007399469 ], [ 55.309698994665958, 25.249352143534107 ], [ 55.309694586019816, 25.249375521172578 ], [ 55.309688074752032, 25.249355007399469 ] ] ], [ [ [ 55.3121997, 25.2406018 ], [ 55.312164431531514, 25.240771073136983 ], [ 55.312417331586744, 25.240825273148889 ], [ 55.312450859084962, 25.240690500821071 ], [ 55.312412310554286, 25.240864156021345 ], [ 55.312509410628522, 25.240884856037358 ], [ 55.3125515, 25.2406957 ], [ 55.3123167, 25.2406112 ], [ 55.3121997, 25.2406018 ] ] ], [ [ [ 55.312470731419253, 25.243897773133178 ], [ 55.3124894, 25.2438064 ], [ 55.3124297, 25.2437961 ], [ 55.312411031406072, 25.243887473130343 ], [ 55.312470731419253, 25.243897773133178 ] ] ], [ [ [ 55.312285046199932, 25.253756709598331 ], [ 55.3122931, 25.253714 ], [ 55.3121949, 25.2536702 ], [ 55.312081546116289, 25.253906109582214 ], [ 55.312179746146462, 25.253949909588954 ], [ 55.312285046199932, 25.253756709598331 ] ] ], [ [ [ 55.312146652148115, 25.254068087866866 ], [ 55.312138419282903, 25.25420157808086 ], [ 55.312183335058975, 25.254246493847994 ], [ 55.312228250839098, 25.25424649385133 ], [ 55.31227316662325, 25.254201578090864 ], [ 55.312281399440728, 25.25406808786687 ], [ 55.312146652148115, 25.254068087866866 ] ] ], [ [ [ 55.312411731393567, 25.244103973129093 ], [ 55.312418, 25.2440606 ], [ 55.3123935, 25.2440594 ], [ 55.312387231387987, 25.24410277312791 ], [ 55.312411731393567, 25.244103973129093 ] ] ], [ [ [ 55.312395836035535, 25.242872648527889 ], [ 55.3124361, 25.2426591 ], [ 55.3124364, 25.2422539 ], [ 55.3120465, 25.2422537 ], [ 55.312006235538767, 25.242467248404544 ], [ 55.312005935360382, 25.242872448386322 ], [ 55.312395836035535, 25.242872648527889 ] ] ], [ [ [ 55.312479538999135, 25.236450148845194 ], [ 55.3125198, 25.2362366 ], [ 55.3125158, 25.2359321 ], [ 55.3123976, 25.2359334 ], [ 55.31235733892062, 25.236146948814376 ], [ 55.312361438794099, 25.236451448802256 ], [ 55.312479538999135, 25.236450148845194 ] ] ], [ [ [ 55.312281399440728, 25.253079941054331 ], [ 55.312236483676521, 25.253035025290124 ], [ 55.312191567912315, 25.253035025290128 ], [ 55.312186019748324, 25.253199194748863 ], [ 55.312230935523253, 25.253199194751112 ], [ 55.312275851300903, 25.25315427898942 ], [ 55.312281399440728, 25.253079941054331 ] ] ], [ [ [ 55.311523152797918, 25.242185727197075 ], [ 55.3114513, 25.2422386 ], [ 55.311370768865757, 25.242665696354013 ], [ 55.311510769213974, 25.242821396441769 ], [ 55.311600969584596, 25.242755096513207 ], [ 55.3116815, 25.242328 ], [ 55.311577714440389, 25.242212658067313 ], [ 55.311682264451107, 25.242264262415468 ], [ 55.311680831329774, 25.24231027310439 ], [ 55.311736385769642, 25.242290975857397 ], [ 55.311887262751327, 25.242365446228536 ], [ 55.312426863064402, 25.241819746287288 ], [ 55.3124376, 25.2417628 ], [ 55.3121648, 25.2413968 ], [ 55.3120036, 25.2412738 ], [ 55.3113803, 25.2419012 ], [ 55.311369562559939, 25.241958146183265 ], [ 55.311523152797918, 25.242185727197075 ] ] ], [ [ [ 55.312236483676521, 25.2535740144606 ], [ 55.312191567912315, 25.2535740144606 ], [ 55.31218369305941, 25.253660690714586 ], [ 55.312228608838836, 25.253660690717783 ], [ 55.312236483676521, 25.2535740144606 ] ] ], [ [ [ 55.312461062497555, 25.236730602883362 ], [ 55.312191567912315, 25.236730602883362 ], [ 55.311832241798676, 25.236775518647566 ], [ 55.311823652486048, 25.236910907205743 ], [ 55.312407557636398, 25.236910907250955 ], [ 55.312452473421402, 25.236865991490657 ], [ 55.312461062497555, 25.236730602883362 ] ] ], [ [ [ 55.312048766655366, 25.254694702374334 ], [ 55.312183513994675, 25.254694702384114 ], [ 55.312191567912315, 25.254517245508925 ], [ 55.312056820619702, 25.254517245508932 ], [ 55.312048766655366, 25.254694702374334 ] ] ], [ [ [ 55.312326315204935, 25.24099760048292 ], [ 55.312236483676521, 25.240997600482928 ], [ 55.312234157338466, 25.24109977037126 ], [ 55.312368904644572, 25.241099770374078 ], [ 55.312371230969148, 25.241042516247131 ], [ 55.312326315204935, 25.24099760048292 ] ] ], [ [ [ 55.312191567912315, 25.252900277997512 ], [ 55.312101736383909, 25.252900277997512 ], [ 55.312096367185397, 25.252973666822697 ], [ 55.312186198734551, 25.252973666827039 ], [ 55.312191567912315, 25.252900277997512 ] ] ], [ [ [ 55.312191567912315, 25.252765530704892 ], [ 55.312146652148115, 25.252765530704885 ], [ 55.312140925022412, 25.252840817737304 ], [ 55.312185840797682, 25.252840817739628 ], [ 55.312191567912315, 25.252765530704892 ] ] ], [ [ [ 55.311974231572044, 25.239328273136358 ], [ 55.312238131633698, 25.239315873149206 ], [ 55.3123, 25.2392009 ], [ 55.3122617, 25.2391804 ], [ 55.3119693, 25.2392453 ], [ 55.311974231572044, 25.239328273136358 ] ] ], [ [ [ 55.3112753, 25.2551307 ], [ 55.311556930519004, 25.255669373018783 ], [ 55.31205043064633, 25.255442173044038 ], [ 55.3117688, 25.2549036 ], [ 55.3114929, 25.2547032 ], [ 55.3112693, 25.2549311 ], [ 55.311250506712334, 25.255030755529027 ], [ 55.311339690920803, 25.255101068578728 ], [ 55.3112753, 25.2551307 ] ] ], [ [ [ 55.31186946146299, 25.255052130269224 ], [ 55.312004208800232, 25.255052130278582 ], [ 55.312049124583083, 25.255007214517882 ], [ 55.312056820619702, 25.254921487386781 ], [ 55.311922073327082, 25.254921487386781 ], [ 55.311877157562876, 25.254966403150988 ], [ 55.31186946146299, 25.255052130269224 ] ] ], [ [ [ 55.312191567912315, 25.238437401923189 ], [ 55.312187273245499, 25.238550011972606 ], [ 55.312277104790503, 25.238550011976084 ], [ 55.312281399440728, 25.238437401923193 ], [ 55.312191567912315, 25.238437401923189 ] ] ], [ [ [ 55.312049482628268, 25.253882422218776 ], [ 55.312056820619702, 25.253753677517427 ], [ 55.311966989091289, 25.25375367751743 ], [ 55.311959651071497, 25.253882422212826 ], [ 55.312049482628268, 25.253882422218776 ] ] ], [ [ [ 55.3122178, 25.2421447 ], [ 55.3121854, 25.2421145 ], [ 55.312093231430332, 25.242219173124894 ], [ 55.312125631436054, 25.242249273126291 ], [ 55.3122178, 25.2421447 ] ] ], [ [ [ 55.312142536212278, 25.243130470793989 ], [ 55.312187451984428, 25.243130470795659 ], [ 55.312191567912315, 25.242973894107987 ], [ 55.312146652148115, 25.242973894107987 ], [ 55.312101736383909, 25.243018809872197 ], [ 55.312097620442138, 25.24308555502833 ], [ 55.312142536212278, 25.243130470793989 ] ] ], [ [ [ 55.31204644025842, 25.252012094873866 ], [ 55.312056820619702, 25.251867215420766 ], [ 55.312011904855503, 25.251867215420774 ], [ 55.311966989091289, 25.251912131184984 ], [ 55.311956608689883, 25.252012094865457 ], [ 55.31204644025842, 25.252012094873866 ] ] ], [ [ [ 55.312011904855503, 25.254741824329958 ], [ 55.312011904855503, 25.254651992801541 ], [ 55.311877157562876, 25.254472329744715 ], [ 55.311697494506049, 25.254472329744726 ], [ 55.311607662977643, 25.254562161273132 ], [ 55.311599787842013, 25.254648837477017 ], [ 55.311869282499281, 25.254873416315217 ], [ 55.311914198278707, 25.254873416318411 ], [ 55.312011904855503, 25.254741824329958 ] ] ], [ [ [ 55.312236483676521, 25.238347570394779 ], [ 55.312191567912315, 25.238347570394772 ], [ 55.312187273251809, 25.238415264680636 ], [ 55.312232189024314, 25.238415264682377 ], [ 55.312236483676521, 25.238347570394779 ] ] ], [ [ [ 55.311607662978147, 25.254006627066218 ], [ 55.311607662977643, 25.253888424810043 ], [ 55.31147291568503, 25.253888424810036 ], [ 55.31138308415661, 25.253978256338453 ], [ 55.311374314085619, 25.254114593798462 ], [ 55.31148012141572, 25.254099370954503 ], [ 55.311467560550433, 25.254165978962593 ], [ 55.311519960567672, 25.254260878967791 ], [ 55.311547563048684, 25.254248387692236 ], [ 55.311509956302459, 25.254424258651561 ], [ 55.311824366754578, 25.254469174437698 ], [ 55.311832241798676, 25.254247750923692 ], [ 55.311708820756245, 25.254186040439372 ], [ 55.312008946078684, 25.254047809575678 ], [ 55.312017, 25.2540051 ], [ 55.3119334, 25.2538566 ], [ 55.311607662978147, 25.254006627066218 ] ], [ [ 55.311590013117737, 25.254175569261012 ], [ 55.311550328345092, 25.254081819231502 ], [ 55.311598119306595, 25.254069871475149 ], [ 55.311647687020269, 25.25415791939594 ], [ 55.311590013117737, 25.254175569261012 ] ] ], [ [ [ 55.312191567912315, 25.240997600482928 ], [ 55.312056820619702, 25.240997600482928 ], [ 55.312054136362697, 25.241101668576118 ], [ 55.312188883670864, 25.241101668579383 ], [ 55.312191567912315, 25.240997600482928 ] ] ], [ [ [ 55.311453733683095, 25.244514648112425 ], [ 55.311592633856577, 25.24466744815604 ], [ 55.312094434889381, 25.244294548354926 ], [ 55.3121347, 25.244081 ], [ 55.3119959, 25.2439282 ], [ 55.311494, 25.2443011 ], [ 55.311453733683095, 25.244514648112425 ] ] ], [ [ [ 55.311966989091289, 25.252496036119656 ], [ 55.311922073327082, 25.252540951883862 ], [ 55.311915093341838, 25.252622882618738 ], [ 55.312004924897238, 25.252622882624394 ], [ 55.312011904855503, 25.252496036119663 ], [ 55.311966989091289, 25.252496036119656 ] ] ], [ [ [ 55.312152, 25.2393663 ], [ 55.312146831606434, 25.23942157314416 ], [ 55.312183631614943, 25.239421273145943 ], [ 55.3121888, 25.2393661 ], [ 55.312152, 25.2393663 ] ] ], [ [ [ 55.311785569866366, 25.235912448039734 ], [ 55.311781241986615, 25.235999304458318 ], [ 55.311871073538533, 25.235999304463245 ], [ 55.31215647754923, 25.23587339753152 ], [ 55.312236483676521, 25.235338214192971 ], [ 55.3121877, 25.2348012 ], [ 55.312099771828464, 25.234804179837855 ], [ 55.312101736383909, 25.2347543092583 ], [ 55.312056820619702, 25.234754309258296 ], [ 55.312054796017918, 25.234805704023245 ], [ 55.311919939029934, 25.234810274109613 ], [ 55.311922073327082, 25.234754309258296 ], [ 55.311787326034462, 25.234754309258296 ], [ 55.311783031467499, 25.234822003545627 ], [ 55.311806186542249, 25.234833581090172 ], [ 55.311715976501439, 25.235329397260287 ], [ 55.311740676073853, 25.235913997225982 ], [ 55.311785569866366, 25.235912448039734 ] ] ], [ [ [ 55.312056820619702, 25.238482317687392 ], [ 55.312052525928003, 25.238550011967398 ], [ 55.312142357473, 25.238550011970869 ], [ 55.312146652148115, 25.238482317687392 ], [ 55.312056820619702, 25.238482317687392 ] ] ], [ [ [ 55.312118831598632, 25.239444373142671 ], [ 55.3121183, 25.2393336 ], [ 55.3119308, 25.2393447 ], [ 55.311931331554696, 25.239455373133527 ], [ 55.312118831598632, 25.239444373142671 ] ] ], [ [ [ 55.311922073327082, 25.252406204591246 ], [ 55.311832241798676, 25.252406204591249 ], [ 55.311824724873283, 25.252490982626554 ], [ 55.311914556430743, 25.25249098263264 ], [ 55.311922073327082, 25.252406204591246 ] ] ], [ [ [ 55.311832241798676, 25.25186721542077 ], [ 55.311787326034462, 25.25186721542077 ], [ 55.311742410270256, 25.25191213118498 ], [ 55.31165257874185, 25.252046878477604 ], [ 55.311641840234337, 25.252148740330004 ], [ 55.311741211805582, 25.252148740351533 ], [ 55.311732924616585, 25.252231928154945 ], [ 55.311777840394477, 25.252276843922527 ], [ 55.311822756177015, 25.252276843926371 ], [ 55.311832241798676, 25.252226541534419 ], [ 55.311832241798676, 25.252136710006006 ], [ 55.311800648285988, 25.252136710012238 ], [ 55.311911334954594, 25.252058908828751 ], [ 55.311922073327082, 25.252001962713386 ], [ 55.311922073327082, 25.251912131184973 ], [ 55.311832241798676, 25.25186721542077 ] ] ], [ [ [ 55.311824903948406, 25.251232392137339 ], [ 55.311914735508765, 25.251187476379446 ], [ 55.311922073327082, 25.251103647429272 ], [ 55.311832241798676, 25.251103647429272 ], [ 55.311787326034462, 25.251148563193471 ], [ 55.311779988170017, 25.251232392134369 ], [ 55.311824903948406, 25.251232392137339 ] ] ], [ [ [ 55.310709347693518, 25.252496036119656 ], [ 55.310656556632274, 25.252807291093653 ], [ 55.310748414539724, 25.252833536289806 ], [ 55.310683757254459, 25.253176394915453 ], [ 55.310893364696192, 25.253538357299561 ], [ 55.310976364768905, 25.253504157314062 ], [ 55.3109948, 25.2534064 ], [ 55.310873473104785, 25.253165927930368 ], [ 55.310888660370068, 25.253085393829416 ], [ 55.31091300683056, 25.253122655511607 ], [ 55.311049417253017, 25.253144113378678 ], [ 55.311023758042964, 25.253169772582748 ], [ 55.311018567556708, 25.253332043781779 ], [ 55.31106348333094, 25.253332043783882 ], [ 55.311153314887051, 25.253197296496243 ], [ 55.311149248862463, 25.25312485682106 ], [ 55.311230710036881, 25.252930426895027 ], [ 55.311434207274061, 25.253014955602207 ], [ 55.311609607433709, 25.252927955633755 ], [ 55.311649004310127, 25.252760371306596 ], [ 55.311735251241608, 25.252803494764329 ], [ 55.311825082797689, 25.252803494770131 ], [ 55.311787326034462, 25.252540951883862 ], [ 55.311742410270256, 25.252540951883862 ], [ 55.311660735267303, 25.252622626894897 ], [ 55.3116701, 25.2524778 ], [ 55.3116037, 25.2524624 ], [ 55.311515572792608, 25.252508195548923 ], [ 55.3114423, 25.2523875 ], [ 55.3113868, 25.252415 ], [ 55.311368007323068, 25.25251465560142 ], [ 55.311400414850482, 25.252568037559556 ], [ 55.311283106851278, 25.252628996693634 ], [ 55.3112149, 25.2525082 ], [ 55.311158505335584, 25.252496036119663 ], [ 55.311150809196114, 25.252697745016217 ], [ 55.311113589571832, 25.252807416144918 ], [ 55.311113589571377, 25.252226541534419 ], [ 55.311068673807171, 25.252181625770213 ], [ 55.311023758042964, 25.252181625770216 ], [ 55.310931220272778, 25.252255656096015 ], [ 55.310933926514558, 25.252226541534419 ], [ 55.310889010750344, 25.252226541534416 ], [ 55.310882696184905, 25.25229447536238 ], [ 55.310754263457731, 25.252406204591239 ], [ 55.310709347693518, 25.252496036119656 ] ], [ [ 55.310923423308253, 25.252901054570888 ], [ 55.310926557581261, 25.252884434264111 ], [ 55.310944254922418, 25.252889490629713 ], [ 55.310923423308253, 25.252901054570888 ] ] ], [ [ [ 55.3113847, 25.2432439 ], [ 55.31131185761592, 25.243297368492883 ], [ 55.3113305, 25.2431985 ], [ 55.310985, 25.2428049 ], [ 55.31051, 25.2431462 ], [ 55.310469732485963, 25.243359747806661 ], [ 55.310821832918457, 25.243763547916501 ], [ 55.310890541212437, 25.243711987720122 ], [ 55.310873332990212, 25.243803247933432 ], [ 55.311216133416153, 25.244185348040855 ], [ 55.31131036624619, 25.244116164404392 ], [ 55.311425931156329, 25.244267873080382 ], [ 55.311938231296821, 25.24388877310745 ], [ 55.3119436, 25.2438603 ], [ 55.3118244, 25.2437284 ], [ 55.311689236136566, 25.243828401627585 ], [ 55.3117274, 25.243626 ], [ 55.3113847, 25.2432439 ] ] ], [ [ [ 55.311877157562876, 25.238886559565245 ], [ 55.311873041766759, 25.238953304731918 ], [ 55.312007789083239, 25.238953304736917 ], [ 55.312011904855503, 25.238841643801035 ], [ 55.311922073327082, 25.238841643801038 ], [ 55.311877157562876, 25.238886559565245 ] ] ], [ [ [ 55.311140057948144, 25.234054639117396 ], [ 55.311196975356069, 25.234586996949762 ], [ 55.311967278022337, 25.234587897509005 ], [ 55.3120478, 25.2341608 ], [ 55.3120486, 25.2336147 ], [ 55.3112206, 25.2336137 ], [ 55.311157386173647, 25.233948983094439 ], [ 55.311158505335584, 25.233900909738377 ], [ 55.311068673807171, 25.233900909738381 ], [ 55.311065094924203, 25.233964807585409 ], [ 55.31111001069182, 25.234054639114909 ], [ 55.311140057948144, 25.234054639117396 ] ] ], [ [ [ 55.311877157562876, 25.239111138386274 ], [ 55.311874831236715, 25.239213308271935 ], [ 55.311964662774102, 25.239213308273829 ], [ 55.311966989091289, 25.239066222622068 ], [ 55.311922073327082, 25.239066222622068 ], [ 55.311877157562876, 25.239111138386274 ] ] ], [ [ [ 55.311917778599984, 25.238774590782128 ], [ 55.311962694372482, 25.238774590783869 ], [ 55.311966989091289, 25.238527233451595 ], [ 55.311922073327082, 25.238527233451599 ], [ 55.311877157562876, 25.238617064980016 ], [ 55.311872862829581, 25.238729675016405 ], [ 55.311917778599984, 25.238774590782128 ] ] ], [ [ [ 55.311733819569604, 25.251382386831878 ], [ 55.311607662977643, 25.251328226250305 ], [ 55.311562747213436, 25.251373142014504 ], [ 55.311553082586123, 25.251514225021289 ], [ 55.311777661500528, 25.251514225040864 ], [ 55.311787326034462, 25.251283310486091 ], [ 55.311742410270256, 25.251283310486095 ], [ 55.311733819569604, 25.251382386831878 ] ] ], [ [ [ 55.311922073327082, 25.241042516247131 ], [ 55.311877157562876, 25.241042516247134 ], [ 55.311873936427915, 25.241149431647887 ], [ 55.311918852198339, 25.241149431649188 ], [ 55.311922073327082, 25.241042516247131 ] ] ], [ [ [ 55.311877157562876, 25.237404339346444 ], [ 55.311871431329905, 25.237479626462559 ], [ 55.31196126288043, 25.237479626467199 ], [ 55.311966989091289, 25.237404339346444 ], [ 55.311877157562876, 25.237404339346444 ] ] ], [ [ [ 55.311705034865035, 25.242813748279691 ], [ 55.311786635005078, 25.242816648309187 ], [ 55.311846235127433, 25.242773048332779 ], [ 55.3118865, 25.2425595 ], [ 55.3118144, 25.2424789 ], [ 55.311754788438272, 25.242522563121749 ], [ 55.3117637, 25.2424753 ], [ 55.3117279, 25.2424361 ], [ 55.3116781, 25.2424733 ], [ 55.311597569445254, 25.242900396497753 ], [ 55.311633369534825, 25.242939596520255 ], [ 55.311683169739993, 25.242902396559742 ], [ 55.311705034865035, 25.242813748279691 ] ] ], [ [ [ 55.311914736636993, 25.237083926533597 ], [ 55.311922073327082, 25.236955181704388 ], [ 55.311832241798676, 25.236955181704392 ], [ 55.311824905083832, 25.237039010763819 ], [ 55.311869820858611, 25.237083926530627 ], [ 55.311914736636993, 25.237083926533597 ] ] ], [ [ [ 55.311689935948152, 25.240286748387113 ], [ 55.311703913171847, 25.240423153036932 ], [ 55.311649535691295, 25.240712548353418 ], [ 55.311818235976887, 25.240727448414006 ], [ 55.3118585, 25.2405139 ], [ 55.3118585, 25.240412 ], [ 55.311786472857733, 25.240414397661063 ], [ 55.311824, 25.2400725 ], [ 55.3117302, 25.2400732 ], [ 55.311689935948152, 25.240286748387113 ] ] ], [ [ [ 55.311832241798676, 25.239829790613573 ], [ 55.311742410270256, 25.239829790613573 ], [ 55.31173936811134, 25.239890841146654 ], [ 55.311829199651505, 25.239890841149119 ], [ 55.311832241798676, 25.239829790613573 ] ] ], [ [ [ 55.311752617713459, 25.239258224034831 ], [ 55.31182991546801, 25.239213308271001 ], [ 55.311832241798676, 25.239156054150488 ], [ 55.311787326034462, 25.239111138386278 ], [ 55.311742410270256, 25.239111138386274 ], [ 55.311697494506049, 25.239156054150484 ], [ 55.311694110268149, 25.239427655929603 ], [ 55.311737010303162, 25.239425955936905 ], [ 55.311752617713459, 25.239258224034831 ] ] ], [ [ [ 55.31178392593106, 25.241240212277219 ], [ 55.311787326034462, 25.241177263539754 ], [ 55.311742410270256, 25.24117726353975 ], [ 55.311739010160281, 25.241240212275841 ], [ 55.31178392593106, 25.241240212277219 ] ] ], [ [ [ 55.311766, 25.239054 ], [ 55.3117646, 25.2389918 ], [ 55.3117276, 25.2389925 ], [ 55.311720947291704, 25.239097409688366 ], [ 55.311757947304578, 25.239096709691065 ], [ 55.311766, 25.239054 ] ] ], [ [ [ 55.311625497790189, 25.237984868768951 ], [ 55.311748910608131, 25.237983955968989 ], [ 55.3117672, 25.2378337 ], [ 55.3115745, 25.2378352 ], [ 55.311567960026153, 25.237869886730458 ], [ 55.3115201, 25.2378701 ], [ 55.311501610395361, 25.238047155925763 ], [ 55.311613810486094, 25.238046855944788 ], [ 55.311625497790189, 25.237984868768951 ] ] ], [ [ [ 55.311697494506049, 25.241087432011337 ], [ 55.311607662977643, 25.241087432011337 ], [ 55.311604083897244, 25.241151329847206 ], [ 55.311693915439477, 25.241151329850108 ], [ 55.311697494506049, 25.241087432011337 ] ] ], [ [ [ 55.3110702361611, 25.237357048292999 ], [ 55.311072236122918, 25.23745194828949 ], [ 55.311206036355635, 25.237449548338187 ], [ 55.311230930025523, 25.237345752018147 ], [ 55.311242436409565, 25.237470248350476 ], [ 55.311421288234264, 25.237467159953578 ], [ 55.311417536685916, 25.23753134841132 ], [ 55.311444436732536, 25.237531248421089 ], [ 55.311474993491387, 25.237466232533759 ], [ 55.311470736773906, 25.237540748430213 ], [ 55.311496236818016, 25.23754084843948 ], [ 55.311504058722079, 25.237499362582749 ], [ 55.311525136868049, 25.237540848449964 ], [ 55.311539414973815, 25.237465120032862 ], [ 55.311676737164809, 25.237462748508499 ], [ 55.311717, 25.2372492 ], [ 55.311708, 25.2368277 ], [ 55.311292505673499, 25.236835109531281 ], [ 55.31124833686399, 25.236775518647566 ], [ 55.311158505335584, 25.236775518647562 ], [ 55.311111742511763, 25.236843476659107 ], [ 55.311064, 25.2368452 ], [ 55.311028681925649, 25.237032517601847 ], [ 55.3107623, 25.2370387 ], [ 55.310722035604236, 25.237252248171238 ], [ 55.310737035526351, 25.237488848166123 ], [ 55.311044136061483, 25.237481048277981 ], [ 55.31107214219513, 25.237332511944093 ], [ 55.3110702361611, 25.237357048292999 ] ] ], [ [ [ 55.311648999652597, 25.241555571724916 ], [ 55.31165257874185, 25.241491673889193 ], [ 55.311562747213436, 25.241491673889193 ], [ 55.31155916811035, 25.24155557172201 ], [ 55.311648999652597, 25.241555571724916 ] ] ], [ [ [ 55.3114323, 25.2523032 ], [ 55.3113991, 25.2522537 ], [ 55.3113386, 25.2522869 ], [ 55.311363746001668, 25.252379209543715 ], [ 55.31142424602556, 25.252345909548414 ], [ 55.3114323, 25.2523032 ] ] ], [ [ [ 55.311418514194585, 25.251692938963256 ], [ 55.311427999920816, 25.251597720835541 ], [ 55.31138308415661, 25.251552805071334 ], [ 55.311338168392403, 25.251552805071334 ], [ 55.311293252628204, 25.25159772083553 ], [ 55.311238851050497, 25.251827686239086 ], [ 55.311328682615574, 25.251827686246767 ], [ 55.311418514194585, 25.251692938963256 ] ] ], [ [ [ 55.311424599744882, 25.241779201434646 ], [ 55.311514431289766, 25.241689369909324 ], [ 55.31151783144923, 25.24158150541761 ], [ 55.31147291568503, 25.241581505417603 ], [ 55.31138308415661, 25.241671336946016 ], [ 55.311379683974117, 25.241779201433264 ], [ 55.311424599744882, 25.241779201434646 ] ] ], [ [ [ 55.311331188088182, 25.254509344664001 ], [ 55.311338168392403, 25.254427413980515 ], [ 55.311293252628204, 25.254427413980515 ], [ 55.311286272310497, 25.254509344661177 ], [ 55.311331188088182, 25.254509344664001 ] ] ], [ [ [ 55.31151783144923, 25.241356926596573 ], [ 55.31147291568503, 25.241356926596577 ], [ 55.311469336573374, 25.241420824427028 ], [ 55.311514252344494, 25.241420824428488 ], [ 55.31151783144923, 25.241356926596573 ] ] ], [ [ [ 55.311469336585638, 25.241106414078843 ], [ 55.311514252358513, 25.241061498316267 ], [ 55.31151783144923, 25.240952684718724 ], [ 55.31138308415661, 25.240952684718724 ], [ 55.311379505045146, 25.241061498311915 ], [ 55.311424420814518, 25.241106414077393 ], [ 55.311469336585638, 25.241106414078843 ] ] ], [ [ [ 55.311427999920816, 25.241222179303957 ], [ 55.31138308415661, 25.241222179303957 ], [ 55.311379505036378, 25.241286077132056 ], [ 55.311424420807498, 25.241286077133495 ], [ 55.311427999920816, 25.241222179303957 ] ] ], [ [ [ 55.310854831232461, 25.240714373073907 ], [ 55.310860131222896, 25.240898773073067 ], [ 55.310906831233737, 25.240897673075324 ], [ 55.310908768407579, 25.240758184974851 ], [ 55.311364235186716, 25.240736548248751 ], [ 55.3114364, 25.2403395 ], [ 55.3113331, 25.2403391 ], [ 55.311320282067157, 25.240407081138777 ], [ 55.3112268, 25.2404081 ], [ 55.311188713612076, 25.240517127607507 ], [ 55.3111882, 25.2404859 ], [ 55.3109321, 25.2404897 ], [ 55.310895262531481, 25.24068506698223 ], [ 55.3108602, 25.2406859 ], [ 55.310854831232461, 25.240714373073907 ] ] ], [ [ [ 55.311113589571377, 25.253349435639571 ], [ 55.311063841285439, 25.253509808639173 ], [ 55.311243504377245, 25.253554724410975 ], [ 55.31124833686399, 25.25339435140377 ], [ 55.311203421099783, 25.253349435639564 ], [ 55.311113589571377, 25.253349435639571 ] ] ], [ [ [ 55.3114476, 25.2380035 ], [ 55.3114428, 25.2378394 ], [ 55.3113467, 25.2378418 ], [ 55.311332710246958, 25.238105455895926 ], [ 55.311428810325083, 25.238103155912267 ], [ 55.3114476, 25.2380035 ] ] ], [ [ [ 55.311228159674926, 25.239381162395677 ], [ 55.311253447021109, 25.240335509643351 ], [ 55.311403847073514, 25.240331809654311 ], [ 55.3113837, 25.2393502 ], [ 55.311241650018516, 25.239353694584693 ], [ 55.3112536, 25.2392249 ], [ 55.3111964, 25.2392263 ], [ 55.311177609871613, 25.239325955844201 ], [ 55.311179909861913, 25.239382355843407 ], [ 55.311228159674926, 25.239381162395677 ] ] ], [ [ [ 55.311203421099783, 25.251867215420774 ], [ 55.311194293210633, 25.251960535324894 ], [ 55.311239208992475, 25.251960535328596 ], [ 55.31124833686399, 25.25186721542077 ], [ 55.311203421099783, 25.251867215420774 ] ] ], [ [ [ 55.3113766, 25.239206 ], [ 55.311358710017608, 25.239327655874856 ], [ 55.311404310054762, 25.239326155882619 ], [ 55.3114222, 25.2392045 ], [ 55.3113766, 25.239206 ] ] ], [ [ [ 55.31124833686399, 25.242030663059662 ], [ 55.311244578732811, 25.242095509983013 ], [ 55.311334410275748, 25.242095509986051 ], [ 55.311338168392403, 25.241940831531256 ], [ 55.311293252628204, 25.241940831531249 ], [ 55.31124833686399, 25.242030663059662 ] ] ], [ [ [ 55.3113426100021, 25.239339855871879 ], [ 55.3113603, 25.2392066 ], [ 55.3112939, 25.239209 ], [ 55.311276209948076, 25.239341655860574 ], [ 55.3113426100021, 25.239339855871879 ] ] ], [ [ [ 55.310964934382646, 25.240993048092289 ], [ 55.3109679343465, 25.241087248089162 ], [ 55.311154747230376, 25.241107363171547 ], [ 55.31115560849009, 25.241082208459222 ], [ 55.31121743478149, 25.241080548180076 ], [ 55.311231400403052, 25.241006481054317 ], [ 55.311313331321337, 25.24100467309438 ], [ 55.3113175, 25.2409306 ], [ 55.311245403502511, 25.240932215055683 ], [ 55.3112546, 25.2407728 ], [ 55.3110052, 25.2407795 ], [ 55.310964934382646, 25.240993048092289 ] ] ], [ [ [ 55.311110009920519, 25.253817575287034 ], [ 55.311113589571377, 25.253753677517427 ], [ 55.311068673807171, 25.253753677517423 ], [ 55.311065094149392, 25.253817575285591 ], [ 55.311110009920519, 25.253817575287034 ] ] ], [ [ [ 55.31108904684951, 25.241641409619739 ], [ 55.311216746882266, 25.241772109627846 ], [ 55.311270146904505, 25.241729409632104 ], [ 55.3112782, 25.241686699999988 ], [ 55.3111506, 25.241556 ], [ 55.31108904684951, 25.241641409619739 ] ] ], [ [ [ 55.311050068098211, 25.242274796156018 ], [ 55.311117168330881, 25.242274496204786 ], [ 55.3111977, 25.2417856 ], [ 55.3111306, 25.2417856 ], [ 55.311050068098211, 25.242274796156018 ] ] ], [ [ [ 55.3108918, 25.2548249 ], [ 55.3109059, 25.2547357 ], [ 55.3108569, 25.2547294 ], [ 55.310719155462486, 25.255355694746335 ], [ 55.3107500555477, 25.255380594766571 ], [ 55.310804055807417, 25.255297994813194 ], [ 55.3108918, 25.2548249 ] ] ], [ [ [ 55.311023758042964, 25.24113234777554 ], [ 55.310978842278757, 25.24113234777554 ], [ 55.310975263098058, 25.241241161354971 ], [ 55.311020178869178, 25.241241161356424 ], [ 55.311023758042964, 25.24113234777554 ] ] ], [ [ [ 55.311113589571377, 25.233676330917351 ], [ 55.311023758042964, 25.233676330917351 ], [ 55.31102053705002, 25.2337383305556 ], [ 55.311110368590874, 25.233738330558218 ], [ 55.311113589571377, 25.233676330917351 ] ] ], [ [ [ 55.3109752630928, 25.241375908647061 ], [ 55.310978842278757, 25.24131201083236 ], [ 55.310933926514558, 25.24126709506816 ], [ 55.310889010750344, 25.24126709506816 ], [ 55.310844094986138, 25.241312010832363 ], [ 55.310840515779439, 25.241375908642709 ], [ 55.3109752630928, 25.241375908647061 ] ] ], [ [ [ 55.310766, 25.2550411 ], [ 55.3106984, 25.2549909 ], [ 55.3106351, 25.2549862 ], [ 55.3105933, 25.2550313 ], [ 55.310512754656955, 25.25545839458718 ], [ 55.310621554963454, 25.255538694659066 ], [ 55.310685455246855, 25.255468194711806 ], [ 55.310766, 25.2550411 ] ] ], [ [ [ 55.309852742007749, 25.247817766608151 ], [ 55.309833529381486, 25.247919647371738 ], [ 55.309902729404421, 25.248140347387015 ], [ 55.30994484501057, 25.248129542408179 ], [ 55.310075229492853, 25.248619347428274 ], [ 55.310156508563104, 25.248598767735857 ], [ 55.310181830610418, 25.248684372993818 ], [ 55.310413932048093, 25.248628188094216 ], [ 55.310464730091589, 25.248792347562027 ], [ 55.310743630605728, 25.248721747666501 ], [ 55.3107839, 25.2485082 ], [ 55.3105622, 25.2478103 ], [ 55.310540719643335, 25.247815740808427 ], [ 55.3104799, 25.2475507 ], [ 55.310434837638475, 25.247562253789976 ], [ 55.3104528, 25.247467 ], [ 55.3103861, 25.2472443 ], [ 55.310356466527374, 25.247251567731446 ], [ 55.3103667, 25.2471973 ], [ 55.3103009, 25.2469777 ], [ 55.310272539596028, 25.246984658800855 ], [ 55.3102856, 25.2469154 ], [ 55.3102284, 25.2467342 ], [ 55.3096427, 25.2468854 ], [ 55.309602429341666, 25.247098947324467 ], [ 55.309673143730571, 25.247276658609444 ], [ 55.309661529338925, 25.247338247335243 ], [ 55.309727329356491, 25.24755774734933 ], [ 55.30975056891667, 25.247552049054704 ], [ 55.309740329357659, 25.247606347351887 ], [ 55.309807129375599, 25.247828947366202 ], [ 55.309852742007749, 25.247817766608151 ] ] ], [ [ [ 55.3109335, 25.2341393 ], [ 55.3108487, 25.2342065 ], [ 55.310829072799152, 25.234260235862646 ], [ 55.3108633, 25.2340787 ], [ 55.310840988889197, 25.233956327048684 ], [ 55.310870637311112, 25.233949648372786 ], [ 55.3109109, 25.2337361 ], [ 55.3108812, 25.2335894 ], [ 55.310786933935553, 25.233630860891754 ], [ 55.3107864, 25.2335487 ], [ 55.3107327, 25.2335535 ], [ 55.310666536911398, 25.23405534829395 ], [ 55.310712836880327, 25.234308748299437 ], [ 55.310797169258038, 25.234296121462517 ], [ 55.310795600283477, 25.234324133688929 ], [ 55.310826521031743, 25.234324133700802 ], [ 55.310810763308261, 25.234407709981937 ], [ 55.310848263353385, 25.234446509993127 ], [ 55.310933163519657, 25.234379310025005 ], [ 55.3109711, 25.2341781 ], [ 55.3109335, 25.2341393 ] ] ], [ [ [ 55.310864847078847, 25.23814500963471 ], [ 55.3108722, 25.2380787 ], [ 55.3108095, 25.2380801 ], [ 55.310802147057011, 25.238146409630144 ], [ 55.310864847078847, 25.23814500963471 ] ] ], [ [ [ 55.310754263457731, 25.243872209392112 ], [ 55.310709347693518, 25.243872209392112 ], [ 55.310697893841414, 25.243977867656799 ], [ 55.310742809627754, 25.243977867661439 ], [ 55.310754263457731, 25.243872209392112 ] ] ], [ [ [ 55.310838189583585, 25.23689667058143 ], [ 55.310844094986138, 25.236820434411776 ], [ 55.310799179221931, 25.236820434411776 ], [ 55.310793273807974, 25.236896670579039 ], [ 55.310838189583585, 25.23689667058143 ] ] ], [ [ [ 55.3108039, 25.2379848 ], [ 55.3107006, 25.2379882 ], [ 55.310694047026203, 25.238070909622959 ], [ 55.310797347062298, 25.238067309630502 ], [ 55.3108039, 25.2379848 ] ] ], [ [ [ 55.310791347053261, 25.238146609629354 ], [ 55.3107988, 25.2380803 ], [ 55.3107365, 25.2380817 ], [ 55.310729047031558, 25.238148009624815 ], [ 55.310791347053261, 25.238146609629354 ] ] ], [ [ [ 55.310734, 25.2409167 ], [ 55.3107286, 25.2407505 ], [ 55.310685503881331, 25.240751643003911 ], [ 55.3107111, 25.2404311 ], [ 55.31042142344576, 25.24043786570757 ], [ 55.31039, 25.2392303 ], [ 55.3102627, 25.2392346 ], [ 55.310182167386891, 25.239661695759178 ], [ 55.310208733150915, 25.240815947825563 ], [ 55.310243688877385, 25.240815131483384 ], [ 55.310218633024533, 25.24114284781454 ], [ 55.310693733852787, 25.241130247987662 ], [ 55.310734, 25.2409167 ] ] ], [ [ [ 55.3107264, 25.2380819 ], [ 55.3106622, 25.2380833 ], [ 55.310644009669765, 25.238206555777115 ], [ 55.310708209721923, 25.238205155788027 ], [ 55.3107264, 25.2380819 ] ] ], [ [ [ 55.307159127013854, 25.242764946630459 ], [ 55.307578627834658, 25.242550246792515 ], [ 55.307586265738543, 25.242509746186105 ], [ 55.307639430378117, 25.242625872906764 ], [ 55.307679401810205, 25.242612464774837 ], [ 55.307649419819221, 25.242689474717562 ], [ 55.307294752134588, 25.242794231051466 ], [ 55.307205918085451, 25.242794231051171 ], [ 55.307192493736537, 25.242910329024717 ], [ 55.307272857147083, 25.242910329037031 ], [ 55.307257427084267, 25.242992146656025 ], [ 55.30738042712273, 25.243389446682958 ], [ 55.307463520017286, 25.243368396948146 ], [ 55.307411027070543, 25.243628846683368 ], [ 55.307414208699768, 25.243778914099842 ], [ 55.307459124495431, 25.243778914106443 ], [ 55.307493510398054, 25.243468987646267 ], [ 55.307708427680581, 25.243412646801119 ], [ 55.307775673744139, 25.243151242687347 ], [ 55.307806227920459, 25.243252146843833 ], [ 55.307843430321313, 25.243242305668264 ], [ 55.307832427944525, 25.243300646851189 ], [ 55.307863527958673, 25.243391046858441 ], [ 55.307892890561483, 25.243382779745652 ], [ 55.307928627988126, 25.243580646873617 ], [ 55.308002652398784, 25.243575186136333 ], [ 55.307993102425499, 25.243733358751498 ], [ 55.3078899, 25.2437603 ], [ 55.307849360393867, 25.24387176036026 ], [ 55.3077718, 25.2438847 ], [ 55.307722310471824, 25.24402297768043 ], [ 55.3076924, 25.2440172 ], [ 55.30762022710897, 25.244366046726419 ], [ 55.307726113301236, 25.24438650789337 ], [ 55.307771029085359, 25.244465937957855 ], [ 55.307860860686382, 25.244465937973089 ], [ 55.307937043351835, 25.244247663902922 ], [ 55.307999227731798, 25.244442446860745 ], [ 55.308141627994772, 25.244405246914145 ], [ 55.3081819, 25.2441917 ], [ 55.308152540409679, 25.244099674153933 ], [ 55.308262597167023, 25.244119899301861 ], [ 55.30828389642685, 25.243945990786532 ], [ 55.308377827652819, 25.243985152040121 ], [ 55.308283896426396, 25.244141703977345 ], [ 55.308262776111199, 25.24429861325687 ], [ 55.308307691905846, 25.24434352902859 ], [ 55.308487355125862, 25.244343529062824 ], [ 55.308532270941207, 25.244298613308235 ], [ 55.3085759, 25.2441015 ], [ 55.308553391012481, 25.244027750029264 ], [ 55.308630393902035, 25.244119899374876 ], [ 55.308622281554882, 25.244207832700884 ], [ 55.308667197349273, 25.244252748472537 ], [ 55.308712113153938, 25.244252748481021 ], [ 55.308721862786143, 25.244201048616571 ], [ 55.308777525546901, 25.244278807211462 ], [ 55.308757565864646, 25.244429564247152 ], [ 55.308847397471894, 25.244429564263697 ], [ 55.308867801361075, 25.244276451269972 ], [ 55.308782978386922, 25.244276451271396 ], [ 55.308868104640119, 25.244239671802109 ], [ 55.308878930566465, 25.244296872956852 ], [ 55.308938930581292, 25.244280172959861 ], [ 55.308930979804629, 25.244212506044331 ], [ 55.308987450365663, 25.244025322433544 ], [ 55.308978329589429, 25.244073847232976 ], [ 55.309060929695242, 25.244158647259187 ], [ 55.309180430034743, 25.244063246826215 ], [ 55.309199229968179, 25.244082547312843 ], [ 55.309525130646755, 25.243822647442858 ], [ 55.309533019592521, 25.243780812617306 ], [ 55.309601159100474, 25.243765137564925 ], [ 55.309574530695549, 25.243906347457063 ], [ 55.309664006169996, 25.244006956687951 ], [ 55.309586453588373, 25.244006956684725 ], [ 55.309568735023575, 25.244145833321415 ], [ 55.309658566620442, 25.244145833335779 ], [ 55.3096762851169, 25.244020763532042 ], [ 55.309773030941322, 25.244129547519183 ], [ 55.310166134938278, 25.243847351553541 ], [ 55.310189341280356, 25.243872167324408 ], [ 55.31011993151796, 25.244184547642746 ], [ 55.310150361518325, 25.244198469827918 ], [ 55.310147831544413, 25.24423434765065 ], [ 55.310339831787061, 25.244439047711236 ], [ 55.310540532202232, 25.244285147791025 ], [ 55.3105808, 25.2440716 ], [ 55.3102053, 25.243671 ], [ 55.310173836483401, 25.24369514095369 ], [ 55.3101848, 25.243637 ], [ 55.3099756, 25.2434016 ], [ 55.309806241713872, 25.243538288578222 ], [ 55.309811032409399, 25.243467967514256 ], [ 55.309754524780431, 25.243467967537825 ], [ 55.3098624, 25.2433555 ], [ 55.3098053, 25.2432985 ], [ 55.3096054, 25.2434623 ], [ 55.309528294155328, 25.243571042751039 ], [ 55.309469947462667, 25.243511199968278 ], [ 55.309615330988741, 25.243399647494524 ], [ 55.3096816, 25.243133 ], [ 55.3091004, 25.2424715 ], [ 55.308984926266739, 25.242517082621163 ], [ 55.3090061, 25.2424048 ], [ 55.3089678, 25.2422787 ], [ 55.308894042520635, 25.242297039719226 ], [ 55.3089061, 25.2422331 ], [ 55.3087947, 25.2421082 ], [ 55.3087316, 25.2421542 ], [ 55.308707790535159, 25.242280458480952 ], [ 55.308614408622489, 25.242304234573307 ], [ 55.3086391, 25.2421733 ], [ 55.3085906, 25.2420855 ], [ 55.308515211739369, 25.242119541049526 ], [ 55.3085702, 25.2418285 ], [ 55.3082802, 25.2415214 ], [ 55.3081791, 25.2417301 ], [ 55.308094928919402, 25.242116246999522 ], [ 55.308098828823113, 25.242350846990462 ], [ 55.308173880117032, 25.242316281702571 ], [ 55.308179330519536, 25.242339772934624 ], [ 55.308214130527965, 25.242333072936354 ], [ 55.308217540393443, 25.242296173693894 ], [ 55.30826418336207, 25.242274691965818 ], [ 55.308240428957674, 25.242602747030649 ], [ 55.308293079268758, 25.242742699426795 ], [ 55.308246761335383, 25.242755364570506 ], [ 55.3082375, 25.2427002 ], [ 55.308154, 25.2427242 ], [ 55.308137684478503, 25.242785190401982 ], [ 55.3081289, 25.2427308 ], [ 55.30809618477123, 25.242739039557634 ], [ 55.3081106, 25.2426626 ], [ 55.3080325, 25.2424012 ], [ 55.307746607237618, 25.242471116756835 ], [ 55.3079095284739, 25.242399546919494 ], [ 55.308094, 25.2412845 ], [ 55.3080023, 25.2411819 ], [ 55.30686450000001, 25.2417119 ], [ 55.306824226802739, 25.241925446546293 ], [ 55.306869426825202, 25.24205244655704 ], [ 55.306982836980218, 25.242106692788145 ], [ 55.306946126848672, 25.242301346573786 ], [ 55.307072826882639, 25.242723446600959 ], [ 55.307159127013854, 25.242764946630459 ] ], [ [ 55.3090432, 25.2434493 ], [ 55.3090141, 25.2434565 ], [ 55.309002548653744, 25.243517755205552 ], [ 55.308957632889488, 25.243423051750053 ], [ 55.308812020010151, 25.243333220224542 ], [ 55.308828026561962, 25.243248340203973 ], [ 55.309458812534892, 25.243509235342977 ], [ 55.309115037015445, 25.243783311808407 ], [ 55.3091213, 25.2437501 ], [ 55.309021133049434, 25.243643443853134 ], [ 55.3090432, 25.2434493 ] ], [ [ 55.308955699036119, 25.243679219313705 ], [ 55.308941556351783, 25.243754215638319 ], [ 55.308898947199474, 25.243707595186596 ], [ 55.308955699036119, 25.243679219313705 ] ], [ [ 55.308808058910863, 25.243950832226549 ], [ 55.308822885596868, 25.243872209392112 ], [ 55.308822885597372, 25.243819766751354 ], [ 55.308902922146842, 25.243879234610926 ], [ 55.308896637481745, 25.243912561015218 ], [ 55.308808058910863, 25.243950832226549 ] ], [ [ 55.308622818613735, 25.243710912011341 ], [ 55.308806277520496, 25.243710912098578 ], [ 55.308797573817486, 25.243757066089852 ], [ 55.308643222540049, 25.243737462099485 ], [ 55.308553391011635, 25.243782377863695 ], [ 55.308532092035612, 25.243964358749761 ], [ 55.308508475247429, 25.243917125156315 ], [ 55.308469471257318, 25.243917125163037 ], [ 55.308532092082594, 25.243760573248498 ], [ 55.308553391011635, 25.243557799042666 ], [ 55.308355807735452, 25.243512883299189 ], [ 55.308379555139645, 25.24347356168272 ], [ 55.308463745827083, 25.243450861153025 ], [ 55.308473030520503, 25.243481172942055 ], [ 55.308619453346878, 25.243444667343141 ], [ 55.308630429247287, 25.243481047133077 ], [ 55.308678676187562, 25.243469165038608 ], [ 55.308622818613735, 25.243710912011341 ] ], [ [ 55.308749700376573, 25.242609936353997 ], [ 55.3087736, 25.2424832 ], [ 55.30875726818357, 25.2424416762479 ], [ 55.308789245209894, 25.242477528351088 ], [ 55.308798230702543, 25.242590779399173 ], [ 55.308749700376573, 25.242609936353997 ] ], [ [ 55.308634029529273, 25.242853247162447 ], [ 55.308776033805778, 25.243197404783892 ], [ 55.3086583, 25.2432264 ], [ 55.308631846894585, 25.243366675210581 ], [ 55.308566616134435, 25.243382929454938 ], [ 55.3086073, 25.2431522 ], [ 55.3085648, 25.2430514 ], [ 55.308456447234533, 25.24308005104168 ], [ 55.3084967, 25.2428666 ], [ 55.308449403873439, 25.24271427584323 ], [ 55.308671616259183, 25.24265393142921 ], [ 55.308634029529273, 25.242853247162447 ] ], [ [ 55.308733054068952, 25.24408795119453 ], [ 55.308733499195654, 25.244087283505905 ], [ 55.308733054068959, 25.244089643906936 ], [ 55.308733054068952, 25.24408795119453 ] ], [ [ 55.308698301986801, 25.242630225429352 ], [ 55.308697860101752, 25.242611480307364 ], [ 55.308708715438812, 25.242608713394297 ], [ 55.308705169991299, 25.242627514344697 ], [ 55.308698301986801, 25.242630225429352 ] ], [ [ 55.308063292572029, 25.243819931443792 ], [ 55.308233381509133, 25.243917125170732 ], [ 55.308149149133783, 25.243917125156319 ], [ 55.308128772485375, 25.244025174948273 ], [ 55.308063292572029, 25.243819931443792 ] ], [ [ 55.30777039545012, 25.243023945744532 ], [ 55.307768025016024, 25.243016295285582 ], [ 55.307771838225932, 25.243016295285656 ], [ 55.30777039545012, 25.243023945744532 ] ], [ [ 55.307745363911081, 25.242471420464412 ], [ 55.307722305100036, 25.242477053041856 ], [ 55.30772518731024, 25.242461769781048 ], [ 55.307745363911081, 25.242471420464412 ] ], [ [ 55.307687437031959, 25.242569857194784 ], [ 55.307683715304229, 25.242560759640909 ], [ 55.307689679397548, 25.242557966817014 ], [ 55.307687437031959, 25.242569857194784 ] ] ], [ [ [ 55.3106536, 25.2380835 ], [ 55.3105893, 25.2380849 ], [ 55.310571109610528, 25.238208155764735 ], [ 55.310635509662859, 25.238206755775678 ], [ 55.3106536, 25.2380835 ] ] ], [ [ [ 55.310420030339763, 25.254244872972222 ], [ 55.3101009, 25.2536923 ], [ 55.3099725, 25.2537574 ], [ 55.310291630306288, 25.25430987296561 ], [ 55.310420030339763, 25.254244872972222 ] ] ], [ [ [ 55.3106048, 25.2336209 ], [ 55.3101856, 25.2336621 ], [ 55.310058435753078, 25.234295948062382 ], [ 55.310063056993613, 25.234519998313896 ], [ 55.310596057708501, 25.234453798461491 ], [ 55.3106263, 25.2342934 ], [ 55.3106181, 25.2342392 ], [ 55.310570312639662, 25.234245143248486 ], [ 55.3106661, 25.2337336 ], [ 55.3106463, 25.2336406 ], [ 55.3106048, 25.2336209 ] ] ], [ [ [ 55.310534609580877, 25.238208955758527 ], [ 55.3105528, 25.2380857 ], [ 55.3104933, 25.238087 ], [ 55.310475109532533, 25.238210255748417 ], [ 55.310534609580877, 25.238208955758527 ] ] ], [ [ [ 55.309842630170479, 25.242136286024458 ], [ 55.3098273, 25.2421195 ], [ 55.3096883, 25.2422188 ], [ 55.309648031470168, 25.242432347549652 ], [ 55.30990393178466, 25.242725347629513 ], [ 55.309863663405814, 25.242938895234843 ], [ 55.309961563646453, 25.243050995295949 ], [ 55.31011026425486, 25.242944695413478 ], [ 55.310178120244629, 25.24258484323963 ], [ 55.310202967296355, 25.242567300633123 ], [ 55.310220032373593, 25.242630847748543 ], [ 55.31043133280582, 25.242479847832048 ], [ 55.3104716, 25.2422663 ], [ 55.3104535, 25.2422053 ], [ 55.3101203, 25.2418194 ], [ 55.310054979004903, 25.241865545262382 ], [ 55.3100749, 25.2417599 ], [ 55.3099388, 25.2416083 ], [ 55.3098888, 25.2416449 ], [ 55.309877996188945, 25.241702194525214 ], [ 55.309723222596396, 25.241524616511938 ], [ 55.3097369, 25.2413856 ], [ 55.309698, 25.2414165 ], [ 55.309685725341652, 25.241481594294186 ], [ 55.3092962, 25.241756 ], [ 55.309255930994382, 25.2419695474279 ], [ 55.309549131354451, 25.242305847519376 ], [ 55.309858790609546, 25.242085085274518 ], [ 55.309842630170479, 25.242136286024458 ] ] ], [ [ [ 55.310439853108285, 25.243512883278466 ], [ 55.310394937344086, 25.243512883278459 ], [ 55.310383304413705, 25.243619490616357 ], [ 55.310428220200386, 25.243619490621068 ], [ 55.310439853108285, 25.243512883278466 ] ] ], [ [ [ 55.310254820385424, 25.253692318956507 ], [ 55.310260190051459, 25.253618930224807 ], [ 55.310170358523052, 25.253618930224803 ], [ 55.310164988836256, 25.253692318952162 ], [ 55.310254820385424, 25.253692318956507 ] ] ], [ [ [ 55.310440309504592, 25.238209355742537 ], [ 55.3104589, 25.2380824 ], [ 55.3103806, 25.2380827 ], [ 55.310361509440867, 25.238209655729172 ], [ 55.310440309504592, 25.238209355742537 ] ] ], [ [ [ 55.310097330825705, 25.244674573013622 ], [ 55.310110030826152, 25.244716973013976 ], [ 55.310285730861558, 25.244805373021975 ], [ 55.310331730874154, 25.244771673024399 ], [ 55.3103371, 25.2447432 ], [ 55.3102251, 25.2446163 ], [ 55.3101027, 25.2446461 ], [ 55.310097330825705, 25.244674573013622 ] ] ], [ [ [ 55.310354809435452, 25.238209655728031 ], [ 55.3103739, 25.2380827 ], [ 55.310302, 25.238083 ], [ 55.310283409377696, 25.238209955715931 ], [ 55.310354809435452, 25.238209655728031 ] ] ], [ [ [ 55.310344473960029, 25.236939688114266 ], [ 55.310350021579872, 25.236865350175979 ], [ 55.310305105815665, 25.236865350175972 ], [ 55.310299558185108, 25.236939688112013 ], [ 55.310344473960029, 25.236939688114266 ] ] ], [ [ [ 55.309911930256504, 25.253662272951068 ], [ 55.310017630284925, 25.253594072956599 ], [ 55.310042, 25.2535016 ], [ 55.309996318680398, 25.253337312698299 ], [ 55.3100089, 25.2532706 ], [ 55.3098951, 25.2530961 ], [ 55.3098565, 25.2531167 ], [ 55.309845323003422, 25.253228018338529 ], [ 55.3096327, 25.2531161 ], [ 55.3094893, 25.2531688 ], [ 55.30944323014895, 25.253649972928432 ], [ 55.309663930192194, 25.253782072938336 ], [ 55.309911930256504, 25.253662272951068 ] ] ], [ [ [ 55.310254821366406, 25.236938739007535 ], [ 55.310260190051459, 25.236865350175975 ], [ 55.310215274287259, 25.236865350175975 ], [ 55.310209905591833, 25.23693873900536 ], [ 55.310254821366406, 25.236938739007535 ] ] ], [ [ [ 55.310134130839977, 25.244575873015986 ], [ 55.3101395, 25.2445474 ], [ 55.3099563, 25.24433 ], [ 55.3098705, 25.2443369 ], [ 55.309939530792214, 25.244624173006279 ], [ 55.310134130839977, 25.244575873015986 ] ] ], [ [ [ 55.309988105891634, 25.254054655335352 ], [ 55.3100069, 25.253955 ], [ 55.3099786, 25.2539092 ], [ 55.3098718, 25.2539632 ], [ 55.309853005780724, 25.254062855312274 ], [ 55.309881305794214, 25.254108655316116 ], [ 55.309988105891634, 25.254054655335352 ] ] ], [ [ [ 55.310086667049227, 25.239669595689104 ], [ 55.310121067168971, 25.23966889571415 ], [ 55.3102006, 25.2392037 ], [ 55.3101662, 25.2392046 ], [ 55.310086667049227, 25.239669595689104 ] ] ], [ [ [ 55.3100939, 25.2447736 ], [ 55.3100516, 25.2446283 ], [ 55.3100323, 25.2446229 ], [ 55.310012130806626, 25.244664373009545 ], [ 55.310060830808112, 25.244831073010914 ], [ 55.310095430816652, 25.244821673012652 ], [ 55.3100939, 25.2447736 ] ] ], [ [ [ 55.3098649, 25.2537967 ], [ 55.3097925, 25.2537904 ], [ 55.3096655, 25.2538515 ], [ 55.30976653019956, 25.254061072941646 ], [ 55.309834930217278, 25.254028172945159 ], [ 55.309894330239445, 25.253884272948891 ], [ 55.3098649, 25.2537967 ] ] ], [ [ [ 55.309308429564631, 25.245431947292175 ], [ 55.3092246, 25.245468 ], [ 55.3091876, 25.2455381 ], [ 55.309147329145183, 25.245751647219368 ], [ 55.309333429195533, 25.246370847259286 ], [ 55.30962182972906, 25.246293447367528 ], [ 55.309647316151981, 25.246158296691242 ], [ 55.309686529847149, 25.246279747391647 ], [ 55.309954930343181, 25.246208847492316 ], [ 55.3099952, 25.2459953 ], [ 55.3098112, 25.2453708 ], [ 55.3097667, 25.2453255 ], [ 55.3095117, 25.2454 ], [ 55.309487684424454, 25.245527351304389 ], [ 55.3094502, 25.2454086 ], [ 55.309406697806551, 25.245420054066823 ], [ 55.309505230658175, 25.245200572981808 ], [ 55.3094827, 25.2450865 ], [ 55.3091454, 25.2451715 ], [ 55.309119129237509, 25.245430247223482 ], [ 55.309318199200447, 25.245380140651488 ], [ 55.309308429564631, 25.245431947292175 ] ], [ [ 55.309380165950792, 25.245427039859944 ], [ 55.309348592994169, 25.245435352959095 ], [ 55.309376347825392, 25.245365504389774 ], [ 55.30936692967321, 25.24541544731418 ], [ 55.309380165950792, 25.245427039859944 ] ] ], [ [ [ 55.309941305529364, 25.241200991062023 ], [ 55.309990695466226, 25.240997600482928 ], [ 55.309945779702019, 25.240952684718724 ], [ 55.309811032409399, 25.240952684718717 ], [ 55.309806558210816, 25.241200991056584 ], [ 55.309941305529364, 25.241200991062023 ] ] ], [ [ [ 55.309630530152468, 25.245363747412245 ], [ 55.309661251066231, 25.245210673003104 ], [ 55.309661251051658, 25.245299406687945 ], [ 55.309706166844904, 25.245299406694034 ], [ 55.309885830032634, 25.245209575191488 ], [ 55.309900863937813, 25.24508493502567 ], [ 55.309855948173613, 25.24504001926147 ], [ 55.309811032409399, 25.245040019261467 ], [ 55.309676030896021, 25.245131198903405 ], [ 55.3096343, 25.2451202 ], [ 55.309589630086016, 25.245353747397843 ], [ 55.309630530152468, 25.245363747412245 ] ] ], [ [ [ 55.3094872, 25.2470258 ], [ 55.3094, 25.2469954 ], [ 55.3086611, 25.2471822 ], [ 55.3086182, 25.2472429 ], [ 55.308576527394294, 25.247486746934385 ], [ 55.308871227492475, 25.248425246999499 ], [ 55.309704334256459, 25.248211314052792 ], [ 55.309724429037367, 25.248272847316311 ], [ 55.309788129157631, 25.248250247340462 ], [ 55.3098284, 25.2480367 ], [ 55.3094872, 25.2470258 ] ] ], [ [ [ 55.309873147702035, 25.234459729476942 ], [ 55.309876170692078, 25.234690595981277 ], [ 55.309933370891173, 25.234689396022929 ], [ 55.3100139, 25.2342623 ], [ 55.3099838, 25.2337077 ], [ 55.3099459, 25.2337084 ], [ 55.309865371142038, 25.234135496023047 ], [ 55.309873147702035, 25.234459729476942 ] ] ], [ [ [ 55.308903339839439, 25.240542949135012 ], [ 55.3089167, 25.2404721 ], [ 55.3086616, 25.2401862 ], [ 55.308358, 25.2404077 ], [ 55.308349049607678, 25.240455162926249 ], [ 55.3082198, 25.2403105 ], [ 55.308098, 25.2403996 ], [ 55.308065962605411, 25.240569488546537 ], [ 55.308442737684452, 25.240991193390016 ], [ 55.308427829955335, 25.241070247167254 ], [ 55.308784130394713, 25.241474647278622 ], [ 55.308835090483619, 25.241437914849065 ], [ 55.308823430451753, 25.241499747291783 ], [ 55.309003530676179, 25.24169884734831 ], [ 55.309470031635627, 25.241353647533206 ], [ 55.3095103, 25.2411401 ], [ 55.30941157086707, 25.241030942941538 ], [ 55.30966493219735, 25.240843047626832 ], [ 55.309723204608936, 25.240635641116906 ], [ 55.309834232555495, 25.240695047694949 ], [ 55.3099065, 25.2403754 ], [ 55.3098791, 25.2401286 ], [ 55.309435, 25.2401379 ], [ 55.309392705386315, 25.24040530267408 ], [ 55.3093613, 25.2403925 ], [ 55.309214, 25.2405011 ], [ 55.30917373139404, 25.240735535362081 ], [ 55.308965, 25.2404985 ], [ 55.308903339839439, 25.240542949135012 ] ], [ [ 55.309365393901409, 25.241021414262566 ], [ 55.30929338391531, 25.241050510971309 ], [ 55.309310597678433, 25.240959225028273 ], [ 55.309365393901409, 25.241021414262566 ] ] ], [ [ [ 55.309257431956702, 25.239784147526148 ], [ 55.30948813235792, 25.23978014761013 ], [ 55.309527063834928, 25.239503800237603 ], [ 55.309834133080734, 25.239498447748385 ], [ 55.3098744, 25.2392849 ], [ 55.3098597, 25.2388824 ], [ 55.309819129974798, 25.238882897374449 ], [ 55.3098371, 25.2385765 ], [ 55.309802527999075, 25.238535996075306 ], [ 55.3098011, 25.2376717 ], [ 55.3095182, 25.2376803 ], [ 55.309477933168523, 25.237893847690735 ], [ 55.309486443179566, 25.238123305156698 ], [ 55.3091886, 25.2381296 ], [ 55.309148332400561, 25.238343147550928 ], [ 55.309160532143288, 25.238977147527017 ], [ 55.309229234521986, 25.238975238697883 ], [ 55.309192632114467, 25.23916934753008 ], [ 55.309202232012041, 25.239440447521456 ], [ 55.309231732033048, 25.239508947529114 ], [ 55.309278537198864, 25.239508131808712 ], [ 55.309257431956702, 25.239784147526148 ] ] ], [ [ [ 55.309853263696702, 25.239933858656958 ], [ 55.309855948173613, 25.239874706377773 ], [ 55.309811032409399, 25.23982979061357 ], [ 55.309676285116787, 25.239829790613573 ], [ 55.309673600617828, 25.239978774416681 ], [ 55.309808347925987, 25.239978774419946 ], [ 55.309853263696702, 25.239933858656958 ] ] ], [ [ [ 55.308895323606578, 25.244895285354502 ], [ 55.308847677588759, 25.244931102272215 ], [ 55.308765008614252, 25.244659591586434 ], [ 55.308777969832668, 25.244545945855197 ], [ 55.30873204129589, 25.244551316319672 ], [ 55.3087149, 25.2444176 ], [ 55.3084527, 25.2444812 ], [ 55.308454769857399, 25.24453471647082 ], [ 55.308312848214705, 25.244570061449316 ], [ 55.3082837, 25.2443916 ], [ 55.3078318, 25.244505 ], [ 55.307824078041001, 25.244545945856437 ], [ 55.30778982302013, 25.244545945855197 ], [ 55.307772281963892, 25.244728788860709 ], [ 55.307841587382171, 25.244773704636707 ], [ 55.307855535567981, 25.244820860912519 ], [ 55.308052903017909, 25.244766681025926 ], [ 55.308038727624748, 25.244841846857224 ], [ 55.308212227675021, 25.245411446894803 ], [ 55.308625443470596, 25.245308455838472 ], [ 55.30860622835791, 25.245410347038018 ], [ 55.308622428363513, 25.245461447041617 ], [ 55.30867633931387, 25.245447482174576 ], [ 55.308679328411728, 25.245576047057167 ], [ 55.309013329027238, 25.245491747182299 ], [ 55.3090536, 25.2452782 ], [ 55.3090367, 25.2452234 ], [ 55.308999698184024, 25.245232739124738 ], [ 55.309005091904439, 25.245204137522858 ], [ 55.309660507299192, 25.245034657605633 ], [ 55.309750187802877, 25.245034657618469 ], [ 55.309766116645193, 25.244905271968847 ], [ 55.30969337615165, 25.244860356206253 ], [ 55.30955306592098, 25.244350172647994 ], [ 55.3095775, 25.2442206 ], [ 55.3095346, 25.2440435 ], [ 55.3094894, 25.2440524 ], [ 55.309468416931701, 25.244163671907529 ], [ 55.309451706295754, 25.244006956684728 ], [ 55.309406790531547, 25.244006956684728 ], [ 55.30936187476734, 25.244051872448932 ], [ 55.309343261144519, 25.244152635255134 ], [ 55.3089617, 25.2442471 ], [ 55.308968430586027, 25.244315672961076 ], [ 55.309462850175869, 25.244193192027229 ], [ 55.308899, 25.2443543 ], [ 55.308903376770083, 25.244414198224966 ], [ 55.3088564, 25.2444261 ], [ 55.308816129059998, 25.244639647148745 ], [ 55.308895323606578, 25.244895285354502 ] ] ], [ [ [ 55.309791931167219, 25.237636973040775 ], [ 55.3098019, 25.2373366 ], [ 55.3097794, 25.2372731 ], [ 55.309742981421913, 25.237274354312596 ], [ 55.3097502, 25.2369307 ], [ 55.309713392338523, 25.236932215434173 ], [ 55.3097351, 25.2366123 ], [ 55.3097126, 25.2360868 ], [ 55.3091458, 25.2361104 ], [ 55.309105533213078, 25.236323947625642 ], [ 55.309120137528517, 25.236711629730294 ], [ 55.309085532927639, 25.23689514759285 ], [ 55.30911003274371, 25.237410647578702 ], [ 55.309142853171423, 25.237409296228474 ], [ 55.309154131018239, 25.237666673009699 ], [ 55.309427331081885, 25.237656873022996 ], [ 55.309421267888439, 25.237397832469107 ], [ 55.309530729944186, 25.237393325211077 ], [ 55.309541331108861, 25.237645573028587 ], [ 55.309791931167219, 25.237636973040775 ] ] ], [ [ [ 55.309900863937813, 25.230083069780875 ], [ 55.309855948173613, 25.230083069780878 ], [ 55.309851832414786, 25.230149814912732 ], [ 55.309896748186944, 25.230149814914402 ], [ 55.309900863937813, 25.230083069780875 ] ] ], [ [ [ 55.30949470547263, 25.254152455249653 ], [ 55.3095135, 25.2540528 ], [ 55.309485, 25.2539934 ], [ 55.309422, 25.2540182 ], [ 55.309403205405729, 25.254117855234856 ], [ 55.309431805416679, 25.25417725523846 ], [ 55.30949470547263, 25.254152455249653 ] ] ], [ [ [ 55.3096045, 25.2451314 ], [ 55.3095758, 25.2451578 ], [ 55.309550930005372, 25.245384747382392 ], [ 55.309581130069759, 25.245357247394594 ], [ 55.3096045, 25.2451314 ] ] ], [ [ [ 55.308624695464744, 25.236282445883109 ], [ 55.3086118, 25.2359445 ], [ 55.3083943, 25.2359531 ], [ 55.3083161, 25.2360161 ], [ 55.308275831818037, 25.236229647328461 ], [ 55.308282531734918, 25.23644534732124 ], [ 55.308497438259003, 25.236448134593225 ], [ 55.308495031982758, 25.236718747386227 ], [ 55.30853110249457, 25.236717801115514 ], [ 55.308558430917948, 25.237030972984645 ], [ 55.30895843101117, 25.237015773004106 ], [ 55.308947867653274, 25.235997993509304 ], [ 55.309320233728968, 25.235995547718307 ], [ 55.309359199986034, 25.235788894494338 ], [ 55.309368333815009, 25.235989247736061 ], [ 55.309392033849498, 25.236004147743998 ], [ 55.309608534227216, 25.235997547822929 ], [ 55.309664934354494, 25.235930047846431 ], [ 55.30970520000001, 25.2357165 ], [ 55.3096831, 25.2345 ], [ 55.3092059, 25.2345151 ], [ 55.309187109228532, 25.234614755605108 ], [ 55.309213766487652, 25.235081366589863 ], [ 55.309178862517385, 25.2353610021311 ], [ 55.3087549, 25.2353694 ], [ 55.30871463286168, 25.235582947516782 ], [ 55.308724798664542, 25.235941770808644 ], [ 55.3086633, 25.2359443 ], [ 55.308624695464744, 25.236282445883109 ] ], [ [ 55.309355204018921, 25.23555496812298 ], [ 55.309354382068236, 25.235519732182851 ], [ 55.309361887296255, 25.235519523932986 ], [ 55.309355204018921, 25.23555496812298 ] ] ], [ [ [ 55.309579930744505, 25.244020872992454 ], [ 55.3095704, 25.2439723 ], [ 55.3095295, 25.2439972 ], [ 55.309539030733603, 25.244045772990336 ], [ 55.309579930744505, 25.244020872992454 ] ] ], [ [ [ 55.3095478, 25.2451469 ], [ 55.3095191, 25.2451733 ], [ 55.309494229900359, 25.245400247361108 ], [ 55.309524429964711, 25.245372847373304 ], [ 55.3095478, 25.2451469 ] ] ], [ [ [ 55.309294925898655, 25.253723646916555 ], [ 55.309346225976562, 25.253748646934081 ], [ 55.3094134, 25.2533095 ], [ 55.3093647, 25.2533099 ], [ 55.309294925898655, 25.253723646916555 ] ] ], [ [ [ 55.309087205187808, 25.253934555185097 ], [ 55.309099405187645, 25.253983455186134 ], [ 55.309373705398535, 25.254036655231541 ], [ 55.3093988, 25.2537969 ], [ 55.3091082, 25.2537862 ], [ 55.309087205187808, 25.253934555185097 ] ] ], [ [ [ 55.3089187, 25.2540725 ], [ 55.308855904895665, 25.254447155135168 ], [ 55.309121105091158, 25.254539555178216 ], [ 55.309269705207342, 25.254558955203013 ], [ 55.30933610000001, 25.2543559 ], [ 55.3093413, 25.2541278 ], [ 55.3089187, 25.2540725 ] ] ], [ [ [ 55.308466108841998, 25.233658555502839 ], [ 55.308473608825409, 25.23376905550181 ], [ 55.308708308931855, 25.234174855533126 ], [ 55.30937850953665, 25.233865555653185 ], [ 55.309533309684518, 25.233754155681744 ], [ 55.3095688, 25.2336318 ], [ 55.3092978, 25.2332008 ], [ 55.3092632, 25.233195 ], [ 55.3085065, 25.2335394 ], [ 55.308466108841998, 25.233658555502839 ] ] ], [ [ [ 55.308957632889488, 25.251732468128161 ], [ 55.308955293118892, 25.251757366473214 ], [ 55.3081825, 25.2519326 ], [ 55.3080974, 25.251986 ], [ 55.308028660655957, 25.252241534847826 ], [ 55.3079825, 25.2521673 ], [ 55.3078255, 25.2522444 ], [ 55.307785223839126, 25.252457946424492 ], [ 55.307819023794139, 25.252693546426237 ], [ 55.307921414366042, 25.252869912824497 ], [ 55.30786464749044, 25.253170892867143 ], [ 55.307892347549341, 25.253213092883502 ], [ 55.307916647644966, 25.253200092902322 ], [ 55.307976098002555, 25.252884884265907 ], [ 55.308043624092797, 25.252899446498663 ], [ 55.308180824361834, 25.252828146551721 ], [ 55.308207331965129, 25.252687599970809 ], [ 55.308352824657035, 25.252834546613943 ], [ 55.308443324810355, 25.252842446646486 ], [ 55.308700825366309, 25.252592546751242 ], [ 55.309257426608866, 25.251959346981813 ], [ 55.3093027, 25.2517058 ], [ 55.309244, 25.2516919 ], [ 55.309001186834543, 25.251746959768447 ], [ 55.308957632889488, 25.251732468128161 ] ] ], [ [ [ 55.309178630998652, 25.238097873008321 ], [ 55.30947833106827, 25.23809047302289 ], [ 55.3094708, 25.2376894 ], [ 55.3091668, 25.2376981 ], [ 55.309178630998652, 25.238097873008321 ] ] ], [ [ [ 55.3089483, 25.2530893 ], [ 55.308872, 25.2530825 ], [ 55.3087768, 25.2531584 ], [ 55.308736525085678, 25.253371946729359 ], [ 55.308768325110506, 25.253440846737835 ], [ 55.308852510861747, 25.253488205564434 ], [ 55.308821925092907, 25.253692246746073 ], [ 55.309178025694479, 25.253727346873912 ], [ 55.3092678, 25.2531028 ], [ 55.3091354, 25.2530898 ], [ 55.308993867909585, 25.253238758374344 ], [ 55.309006, 25.2531782 ], [ 55.3089483, 25.2530893 ] ] ], [ [ [ 55.309172546216509, 25.250346414956912 ], [ 55.309217461999381, 25.250346414960823 ], [ 55.309262377787, 25.250301499201015 ], [ 55.309272043238927, 25.250205332145153 ], [ 55.30922712747472, 25.250205332145157 ], [ 55.309182211710514, 25.250250247909364 ], [ 55.309172546216509, 25.250346414956912 ] ] ], [ [ [ 55.3091954, 25.2460716 ], [ 55.309133487803159, 25.246086871874532 ], [ 55.3091507, 25.2459956 ], [ 55.3090907, 25.2458061 ], [ 55.308617292291629, 25.245928751376326 ], [ 55.3086289, 25.2458672 ], [ 55.3085607, 25.2456373 ], [ 55.3082013, 25.2457294 ], [ 55.3081678, 25.245778 ], [ 55.308127527273463, 25.245991546838081 ], [ 55.308177127276245, 25.246180746847642 ], [ 55.308336039990706, 25.246142129222285 ], [ 55.30832362751805, 25.24620794689967 ], [ 55.308355604445666, 25.246308940737379 ], [ 55.308332727436152, 25.246430246893038 ], [ 55.308394327452646, 25.246635546906241 ], [ 55.308545127730106, 25.246598546962684 ], [ 55.308571182244101, 25.246460390900392 ], [ 55.308628227851592, 25.246649646990598 ], [ 55.309135828785806, 25.246524447180636 ], [ 55.309203828937797, 25.246446547208819 ], [ 55.3092441, 25.246233 ], [ 55.3091954, 25.2460716 ] ], [ [ 55.308574328351931, 25.246348040545925 ], [ 55.308578334071591, 25.246347002749346 ], [ 55.308576666434135, 25.246355845550251 ], [ 55.308574328351931, 25.246348040545925 ] ] ], [ [ [ 55.309377531514187, 25.230075073065773 ], [ 55.3094499, 25.2299984 ], [ 55.3093976, 25.2299389 ], [ 55.309325231505596, 25.230015673063594 ], [ 55.309377531514187, 25.230075073065773 ] ] ], [ [ [ 55.309128525418984, 25.250027259117829 ], [ 55.309137295946314, 25.249890921795707 ], [ 55.309047464417901, 25.249890921795714 ], [ 55.309038693860977, 25.24998234334695 ], [ 55.309083609637824, 25.250027259114272 ], [ 55.309128525418984, 25.250027259117829 ] ] ], [ [ [ 55.30926763147739, 25.230270373059284 ], [ 55.309390831506633, 25.230256573065336 ], [ 55.3094092, 25.2301535 ], [ 55.309311170576457, 25.230111585769354 ], [ 55.309316959003141, 25.230038154016668 ], [ 55.309282346155641, 25.230038154023138 ], [ 55.309327410289868, 25.229987255725419 ], [ 55.3093462, 25.2298876 ], [ 55.3090014, 25.229379 ], [ 55.308421, 25.228832 ], [ 55.3079097, 25.2292017 ], [ 55.307873109247133, 25.229343455492348 ], [ 55.308654909645789, 25.230479755601163 ], [ 55.30872973134197, 25.23046327303209 ], [ 55.309178399461388, 25.230131431528296 ], [ 55.309176127368488, 25.230160255008023 ], [ 55.309247510288344, 25.230147021453355 ], [ 55.30922853146933, 25.230254073057488 ], [ 55.30926763147739, 25.230270373059284 ] ] ], [ [ [ 55.309272043238927, 25.239919622141979 ], [ 55.30922712747472, 25.239919622141983 ], [ 55.309224979834127, 25.239975927105888 ], [ 55.309269895602483, 25.239975927106752 ], [ 55.309272043238927, 25.239919622141979 ] ] ], [ [ [ 55.309047029995476, 25.254707072902935 ], [ 55.3090201, 25.2546314 ], [ 55.3089617, 25.2546642 ], [ 55.308988729980101, 25.25473977289991 ], [ 55.309047029995476, 25.254707072902935 ] ] ], [ [ [ 55.309002548653694, 25.239874706377773 ], [ 55.309000579963197, 25.240019893766039 ], [ 55.309045495730238, 25.240064809530942 ], [ 55.309225158802271, 25.240064809534129 ], [ 55.30922712747472, 25.240009453670396 ], [ 55.309137295946314, 25.239919622141983 ], [ 55.309002548653694, 25.239874706377773 ] ] ], [ [ [ 55.308399264919217, 25.251095840645149 ], [ 55.308976426568591, 25.25094294692515 ], [ 55.3090167, 25.2507294 ], [ 55.3089295, 25.250431 ], [ 55.308835, 25.2504536 ], [ 55.308801702885226, 25.250691020663382 ], [ 55.3081586, 25.2508544 ], [ 55.30811832502706, 25.251067946607723 ], [ 55.308146925036176, 25.251159946614003 ], [ 55.308221409713148, 25.251141024123338 ], [ 55.308240225172156, 25.251218346645299 ], [ 55.308383025435546, 25.251181946698829 ], [ 55.308399264919217, 25.251095840645149 ] ] ], [ [ [ 55.309002548653694, 25.249621427210474 ], [ 55.308957632889488, 25.249621427210478 ], [ 55.308949757280431, 25.249708103269267 ], [ 55.30899467305985, 25.249708103272457 ], [ 55.309002548653694, 25.249621427210474 ] ] ], [ [ [ 55.309002548653694, 25.249441764153651 ], [ 55.308912717125281, 25.249441764153651 ], [ 55.308905736472305, 25.249523694723024 ], [ 55.30899556802769, 25.249523694728691 ], [ 55.309002548653694, 25.249441764153651 ] ] ], [ [ [ 55.30903302361542, 25.238511421344086 ], [ 55.3090282, 25.2385114 ], [ 55.308987731941791, 25.238754647474199 ], [ 55.309033032020139, 25.238754847490647 ], [ 55.3090736, 25.2384672 ], [ 55.3090414, 25.238467 ], [ 55.30903302361542, 25.238511421344086 ] ] ], [ [ [ 55.308822885596868, 25.249307016861035 ], [ 55.308816620893531, 25.249385151036037 ], [ 55.308906452446152, 25.24938515104111 ], [ 55.308912717125281, 25.249262101096825 ], [ 55.308867801361075, 25.249262101096829 ], [ 55.308822885596868, 25.249307016861035 ] ] ], [ [ [ 55.308728926409763, 25.250328546862697 ], [ 55.30883902663205, 25.250256746905908 ], [ 55.3088793, 25.2500432 ], [ 55.3088676, 25.2500072 ], [ 55.308833980306439, 25.250016166391575 ], [ 55.3088471, 25.2499466 ], [ 55.3087997, 25.2497937 ], [ 55.3078772, 25.2500274 ], [ 55.307840055103121, 25.250224349633132 ], [ 55.307797, 25.2500823 ], [ 55.3076975, 25.2501069 ], [ 55.307811529954861, 25.250528972867972 ], [ 55.307849950289089, 25.250519464428553 ], [ 55.307949724827424, 25.250857546555856 ], [ 55.307975482577696, 25.25085144606501 ], [ 55.307959629959882, 25.251027272872182 ], [ 55.308097729990429, 25.251050272878736 ], [ 55.308132627155224, 25.25079440136507 ], [ 55.308460325776032, 25.250711846747937 ], [ 55.308475027747718, 25.250633892320231 ], [ 55.30857612604008, 25.250567446796481 ], [ 55.3086164, 25.2503539 ], [ 55.308593634359063, 25.250279911726143 ], [ 55.308627161190643, 25.250271940645558 ], [ 55.308651226266065, 25.250349246833526 ], [ 55.308728926409763, 25.250328546862697 ] ] ], [ [ [ 55.308978594758763, 25.237763643713578 ], [ 55.3090179, 25.2375552 ], [ 55.3089887, 25.2370428 ], [ 55.3085543, 25.2370568 ], [ 55.308516571252348, 25.237334787268715 ], [ 55.3083693, 25.2373379 ], [ 55.308370630841665, 25.237593272972198 ], [ 55.308448830856356, 25.237650672975644 ], [ 55.308655230904222, 25.237646972985665 ], [ 55.308659382759821, 25.237489246740388 ], [ 55.308687775229231, 25.237488331722421 ], [ 55.308695331840042, 25.237833447409152 ], [ 55.308756365227076, 25.237832012685832 ], [ 55.308768630905277, 25.23807597298859 ], [ 55.30903053096602, 25.23807127300131 ], [ 55.3090217, 25.2377981 ], [ 55.308978594758763, 25.237763643713578 ] ] ], [ [ [ 55.308923231775829, 25.238878247445239 ], [ 55.30895673183155, 25.238883447457169 ], [ 55.3090084, 25.2386103 ], [ 55.3088177, 25.2386028 ], [ 55.308765231506428, 25.238868747388263 ], [ 55.308918931758505, 25.238900747442671 ], [ 55.308923231775829, 25.238878247445239 ] ] ], [ [ [ 55.308450966129158, 25.238564175336403 ], [ 55.30844933080062, 25.238604472969982 ], [ 55.308988230925635, 25.238594172996148 ], [ 55.3089912, 25.2384559 ], [ 55.308741493771883, 25.238492217182149 ], [ 55.3088038, 25.2381284 ], [ 55.308683676736514, 25.238123557525142 ], [ 55.3086862, 25.2377674 ], [ 55.30864, 25.2377511 ], [ 55.3084541, 25.2377708 ], [ 55.308413831286387, 25.237984347300142 ], [ 55.308422331169531, 25.23828394728984 ], [ 55.308491066943304, 25.238282377775391 ], [ 55.308450966129158, 25.238564175336403 ] ] ], [ [ [ 55.308637484071738, 25.253690497178447 ], [ 55.308771883825834, 25.253651199506859 ], [ 55.3087633, 25.2534524 ], [ 55.3086712, 25.2531897 ], [ 55.308637137289992, 25.253199460279042 ], [ 55.308643222540049, 25.253079941054335 ], [ 55.308463559483222, 25.253079941054331 ], [ 55.308414963862525, 25.253170749733993 ], [ 55.3084097, 25.2531321 ], [ 55.3083831, 25.2531351 ], [ 55.308352451268185, 25.253297603788717 ], [ 55.3083757, 25.2531456 ], [ 55.3083502, 25.2531431 ], [ 55.308322609982028, 25.253289385862413 ], [ 55.3083019, 25.2531989 ], [ 55.308259, 25.2532177 ], [ 55.30824928804104, 25.253269193864117 ], [ 55.3081923, 25.2532535 ], [ 55.3081353, 25.253345 ], [ 55.308097968177833, 25.253697064329177 ], [ 55.308187799724308, 25.253786895862053 ], [ 55.308502210158487, 25.253786895879824 ], [ 55.308637484071738, 25.253690497178447 ] ], [ [ 55.308568889902588, 25.253574014502444 ], [ 55.308513853149734, 25.253574014564958 ], [ 55.30853311714921, 25.253471873828921 ], [ 55.308568889902588, 25.253574014502444 ] ], [ [ 55.30841352304391, 25.253204135342639 ], [ 55.308457294419021, 25.253247906710566 ], [ 55.30856844608779, 25.253247906725736 ], [ 55.308530900633336, 25.253446979214978 ], [ 55.3085102, 25.2533843 ], [ 55.308392081064852, 25.25331782378441 ], [ 55.30841352304391, 25.253204135342639 ] ] ], [ [ [ 55.308822885596868, 25.249486679917855 ], [ 55.308733054068455, 25.249486679917855 ], [ 55.30872571537283, 25.249570508670097 ], [ 55.308815546929608, 25.24957050867604 ], [ 55.308822885596868, 25.249486679917855 ] ] ], [ [ [ 55.308421997377614, 25.255057682162249 ], [ 55.308437323796817, 25.25512514654222 ], [ 55.308473523856861, 25.255131246555102 ], [ 55.30848175968125, 25.255088000121006 ], [ 55.308515123941909, 25.25510174657154 ], [ 55.3085945, 25.2547469 ], [ 55.308559327692734, 25.254685211165988 ], [ 55.308681873202325, 25.254685211167853 ], [ 55.308688138304248, 25.254562161273135 ], [ 55.308643222540049, 25.254517245508929 ], [ 55.308589309895623, 25.254526242393066 ], [ 55.3085672, 25.2544779 ], [ 55.308547995534958, 25.254488467826238 ], [ 55.308553391011635, 25.254382498216302 ], [ 55.308507837082011, 25.254382498223144 ], [ 55.3084812, 25.2543256 ], [ 55.308444283576321, 25.254345055961 ], [ 55.3084366, 25.2542402 ], [ 55.3084051, 25.2542578 ], [ 55.308374782410276, 25.254485983142633 ], [ 55.3080022, 25.2546595 ], [ 55.307961923083859, 25.254873046380702 ], [ 55.308053870120538, 25.255021827437091 ], [ 55.308028423074397, 25.255156746392178 ], [ 55.308150523211033, 25.255327246428934 ], [ 55.308214923339193, 25.255289546454026 ], [ 55.308241721082247, 25.255147465186841 ], [ 55.308421997377614, 25.255057682162249 ] ], [ [ 55.3084956, 25.2545173 ], [ 55.308485929354838, 25.254568574615487 ], [ 55.308484629298732, 25.254505548106923 ], [ 55.308516956240005, 25.254505548109055 ], [ 55.3084956, 25.2545173 ] ] ], [ [ [ 55.3086997, 25.244349 ], [ 55.308687, 25.2443071 ], [ 55.3084151, 25.2443747 ], [ 55.30842243045236, 25.244445072933861 ], [ 55.30869433051911, 25.244377472947438 ], [ 55.3086997, 25.244349 ] ] ], [ [ [ 55.308643222540049, 25.248363785812707 ], [ 55.308553391011635, 25.248363785812707 ], [ 55.308551064119257, 25.248421039840633 ], [ 55.308640895656659, 25.248421039842508 ], [ 55.308643222540049, 25.248363785812707 ] ] ], [ [ [ 55.308594930435305, 25.245416472936423 ], [ 55.3085838, 25.2453378 ], [ 55.3083652, 25.2453967 ], [ 55.308359830380503, 25.245425172924968 ], [ 55.308376330381378, 25.245475272925482 ], [ 55.308594930435305, 25.245416472936423 ] ] ], [ [ [ 55.308460874590402, 25.248647516853225 ], [ 55.308550706129189, 25.248647516855399 ], [ 55.308553391011635, 25.24858836463374 ], [ 55.308508475247429, 25.248543448869533 ], [ 55.308463559483222, 25.248543448869533 ], [ 55.308460874590402, 25.248647516853225 ] ] ], [ [ [ 55.308508475247429, 25.248184122755884 ], [ 55.308463559483222, 25.24822903852009 ], [ 55.308461232585273, 25.248286292546474 ], [ 55.308551064122675, 25.248286292548357 ], [ 55.308553391011635, 25.248184122755884 ], [ 55.308508475247429, 25.248184122755884 ] ] ], [ [ [ 55.3084914, 25.2497226 ], [ 55.3085198, 25.2495344 ], [ 55.3084142, 25.2492061 ], [ 55.3081058, 25.2489248 ], [ 55.307738, 25.2490215 ], [ 55.307697725103843, 25.249235046536832 ], [ 55.307907925188019, 25.249872146584732 ], [ 55.308339430120107, 25.249789872897974 ], [ 55.308486030156246, 25.249751072905305 ], [ 55.3084914, 25.2497226 ] ] ], [ [ [ 55.308403230951974, 25.235837872984234 ], [ 55.308689231018249, 25.23583347299812 ], [ 55.3086783, 25.2353612 ], [ 55.3083943, 25.2353717 ], [ 55.308403230951974, 25.235837872984234 ] ] ], [ [ [ 55.30850650634148, 25.248104731296667 ], [ 55.308508475247429, 25.248049375463268 ], [ 55.308463559483222, 25.248049375463268 ], [ 55.308461590573472, 25.248104731295864 ], [ 55.30850650634148, 25.248104731296667 ] ] ], [ [ [ 55.308508475247429, 25.247869712406438 ], [ 55.308418643719016, 25.247869712406438 ], [ 55.308416674809322, 25.247925068238644 ], [ 55.308506506345338, 25.247925068240239 ], [ 55.308508475247429, 25.247869712406438 ] ] ], [ [ [ 55.3083795, 25.2543745 ], [ 55.308280305103622, 25.25416848612613 ], [ 55.3083012, 25.2540577 ], [ 55.308269, 25.2540104 ], [ 55.3081959, 25.254051 ], [ 55.308183073498768, 25.25411900667331 ], [ 55.3078599, 25.2543084 ], [ 55.307854529741661, 25.254336872847361 ], [ 55.307954029755223, 25.254497872851218 ], [ 55.308024129768484, 25.254547972854319 ], [ 55.308243429823776, 25.254468972865418 ], [ 55.308374129857839, 25.254402972872139 ], [ 55.3083795, 25.2543745 ] ] ], [ [ [ 55.3086587, 25.2341263 ], [ 55.3083452, 25.2336414 ], [ 55.3074161, 25.2341018 ], [ 55.307360630805782, 25.234224672943352 ], [ 55.307398230786795, 25.234696972942363 ], [ 55.307487530804536, 25.234745972946385 ], [ 55.308653331108246, 25.234154773006384 ], [ 55.3086587, 25.2341263 ] ] ], [ [ [ 55.308461411590073, 25.247746354280199 ], [ 55.308463559483222, 25.247690049349611 ], [ 55.308418643719016, 25.247690049349611 ], [ 55.308416495821717, 25.247746354279329 ], [ 55.308461411590073, 25.247746354280199 ] ] ], [ [ [ 55.3085104, 25.2395284 ], [ 55.308467531633362, 25.239784681481517 ], [ 55.308519831706768, 25.239789781497116 ], [ 55.3085627, 25.2395335 ], [ 55.3085104, 25.2395284 ] ] ], [ [ [ 55.308099440004014, 25.248241483718331 ], [ 55.308070026116816, 25.248397446709593 ], [ 55.308213926164719, 25.248855746741398 ], [ 55.308387426485353, 25.248810046806494 ], [ 55.30842770000001, 25.2485965 ], [ 55.3082805, 25.2481391 ], [ 55.30815693565706, 25.248171624597564 ], [ 55.3082087, 25.2479182 ], [ 55.3081357, 25.247623 ], [ 55.3075266, 25.2477783 ], [ 55.307486325283946, 25.247991846515596 ], [ 55.307575625303244, 25.248299946534278 ], [ 55.30762022536679, 25.248331146549088 ], [ 55.307756109668532, 25.248338813390813 ], [ 55.307714725388998, 25.24865314656904 ], [ 55.307778525407983, 25.248861446582914 ], [ 55.307899125586012, 25.248931746623594 ], [ 55.308107025969043, 25.248879646701482 ], [ 55.3081473, 25.2486661 ], [ 55.308026363091528, 25.248271249278947 ], [ 55.308099440004014, 25.248241483718331 ] ] ], [ [ [ 55.308087860288268, 25.230896237923599 ], [ 55.308077149881839, 25.230993484213602 ], [ 55.3079909, 25.2310671 ], [ 55.307972108953514, 25.23116675547109 ], [ 55.308008908974671, 25.231208555476453 ], [ 55.308052686908304, 25.231177063863093 ], [ 55.308097509034233, 25.231267155490258 ], [ 55.308120255942804, 25.231250760658771 ], [ 55.30810950903561, 25.231307755491436 ], [ 55.308202639718992, 25.231391408088164 ], [ 55.3081678, 25.2314157 ], [ 55.30818313115698, 25.231468472999623 ], [ 55.308364784158663, 25.231318338925746 ], [ 55.308380709248745, 25.231336655536811 ], [ 55.308474905652396, 25.231276796272784 ], [ 55.308500009351199, 25.231306955557638 ], [ 55.308532909382357, 25.231284555563683 ], [ 55.3085835, 25.2310817 ], [ 55.308554135140632, 25.231022293865447 ], [ 55.308631809527071, 25.230968155587053 ], [ 55.3086506, 25.2308685 ], [ 55.3086201749406, 25.230832822406029 ], [ 55.308658, 25.2307791 ], [ 55.3086262, 25.2307457 ], [ 55.3084957, 25.2308473 ], [ 55.308517199021516, 25.230904081632623 ], [ 55.3083867, 25.2310368 ], [ 55.308364632943878, 25.231121541131493 ], [ 55.308310313082309, 25.231155631922107 ], [ 55.3082656, 25.2311063 ], [ 55.308223081099207, 25.231137825335971 ], [ 55.3082972, 25.2309704 ], [ 55.308167566533285, 25.230836284307404 ], [ 55.308217009228471, 25.230790255520454 ], [ 55.3082358, 25.2306906 ], [ 55.3081407, 25.2305794 ], [ 55.3080401, 25.2306467 ], [ 55.308004809051567, 25.230817155483923 ], [ 55.308087860288268, 25.230896237923599 ] ] ], [ [ [ 55.3081136, 25.2395681 ], [ 55.3079685, 25.2394032 ], [ 55.307894255264273, 25.239456681469811 ], [ 55.3079169, 25.2393366 ], [ 55.3075936, 25.2389771 ], [ 55.307529274266798, 25.239024415976452 ], [ 55.3075507, 25.2389108 ], [ 55.3074156, 25.2387625 ], [ 55.307323794760293, 25.238829627607139 ], [ 55.3073456, 25.238714 ], [ 55.3069821, 25.2382798 ], [ 55.3064959, 25.2386321 ], [ 55.306455627517572, 25.238845646550089 ], [ 55.306831927982451, 25.239270546667839 ], [ 55.306906416803486, 25.239216576479492 ], [ 55.307122525439929, 25.239487002764232 ], [ 55.30720513010241, 25.239427016192039 ], [ 55.307484430511259, 25.239741672916459 ], [ 55.307549616377855, 25.239704937580505 ], [ 55.3075058, 25.2397365 ], [ 55.307465528781051, 25.239950046867694 ], [ 55.307610528959735, 25.240114846913013 ], [ 55.307769402436193, 25.240000464181744 ], [ 55.307841030573648, 25.240082272931691 ], [ 55.307909727924184, 25.240033104040389 ], [ 55.307982029603103, 25.240114647048014 ], [ 55.308043324808743, 25.240068351025155 ], [ 55.307975230589342, 25.240343272936645 ], [ 55.308031930598801, 25.240405372939019 ], [ 55.308514130731226, 25.240045072964534 ], [ 55.3085195, 25.2400166 ], [ 55.3082469, 25.2397182 ], [ 55.3081035, 25.2398254 ], [ 55.30804334230578, 25.240068280382868 ], [ 55.3080836, 25.2398548 ], [ 55.308037385854462, 25.239807525625764 ], [ 55.308073329907458, 25.239781647096073 ], [ 55.3081136, 25.2395681 ] ] ], [ [ [ 55.308613031300197, 25.23071677302492 ], [ 55.3085956, 25.2306629 ], [ 55.30854833128496, 25.230721973021765 ], [ 55.308571131288737, 25.230747473022717 ], [ 55.308613031300197, 25.23071677302492 ] ] ], [ [ [ 55.308238980662196, 25.247645133585412 ], [ 55.308237011740175, 25.247790320943121 ], [ 55.308326843276191, 25.247790320944709 ], [ 55.308328812190602, 25.247690049349615 ], [ 55.308283896426396, 25.247645133585419 ], [ 55.308238980662196, 25.247645133585412 ] ] ], [ [ [ 55.308328812190602, 25.247240891707555 ], [ 55.308238980662196, 25.247240891707563 ], [ 55.308235758806958, 25.247302891216378 ], [ 55.30832559034782, 25.24730289121899 ], [ 55.308328812190602, 25.247240891707555 ] ] ], [ [ [ 55.30836893124016, 25.230779973012723 ], [ 55.308537931286125, 25.230661073021608 ], [ 55.3085094, 25.2305932 ], [ 55.3083404, 25.2307121 ], [ 55.30836893124016, 25.230779973012723 ] ] ], [ [ [ 55.307406230200307, 25.23648514700109 ], [ 55.307445929821469, 25.237504146969957 ], [ 55.307491265335386, 25.237502671061868 ], [ 55.307511330639564, 25.237657072930187 ], [ 55.307573130651996, 25.237688372932997 ], [ 55.307827630711138, 25.237681672945367 ], [ 55.30782785966796, 25.237491712718526 ], [ 55.307864900617382, 25.237490506746671 ], [ 55.307853345505066, 25.237780807906411 ], [ 55.307546, 25.237783 ], [ 55.307507, 25.2378138 ], [ 55.307449129550825, 25.238132946942997 ], [ 55.307479929315043, 25.238791146924751 ], [ 55.307640986166504, 25.238786621908798 ], [ 55.307687230610611, 25.238844772931632 ], [ 55.307751772511388, 25.238783509178948 ], [ 55.308277130705207, 25.23876874721541 ], [ 55.308346130856833, 25.238695547243747 ], [ 55.3083864, 25.238482 ], [ 55.3083572, 25.2377816 ], [ 55.308162528248118, 25.237781294166567 ], [ 55.3082231, 25.2375442 ], [ 55.3082216, 25.2373448 ], [ 55.307979390722963, 25.237346269788205 ], [ 55.3079627, 25.2365834 ], [ 55.3079356266812, 25.236584188691797 ], [ 55.307945195808948, 25.23646037960609 ], [ 55.308126431459968, 25.236456047264056 ], [ 55.3081667, 25.2362425 ], [ 55.3081605, 25.2360314 ], [ 55.30813811582631, 25.236012172983429 ], [ 55.308300131956891, 25.236009247347138 ], [ 55.3083404, 25.2357957 ], [ 55.308331, 25.235374 ], [ 55.3080818, 25.2353785 ], [ 55.308041531692403, 25.235592047271847 ], [ 55.308049988805578, 25.235971454515898 ], [ 55.307975843369483, 25.235973241179085 ], [ 55.308012, 25.2357815 ], [ 55.3079943, 25.2353865 ], [ 55.3074207, 25.235407899999988 ], [ 55.307380430534984, 25.235621447030336 ], [ 55.307399430409987, 25.235980947021169 ], [ 55.30747719762779, 25.236010162108705 ], [ 55.3074366, 25.2360451 ], [ 55.307396330282657, 25.236258647007627 ], [ 55.307406230200307, 25.23648514700109 ] ], [ [ 55.307762777954387, 25.236001433863297 ], [ 55.307828011876545, 25.235999440028806 ], [ 55.307795485347867, 25.236306928942234 ], [ 55.30776498751986, 25.236307693126893 ], [ 55.307762777954387, 25.236001433863297 ] ] ], [ [ [ 55.3082173, 25.2308404 ], [ 55.308263731207163, 25.230928973006737 ], [ 55.308317748655227, 25.230947872579112 ], [ 55.308289109232724, 25.231053755527181 ], [ 55.308329409254597, 25.231105855532928 ], [ 55.308365309288227, 25.231083255539488 ], [ 55.3083841, 25.2309836 ], [ 55.308357926003843, 25.230949697212036 ], [ 55.308408731241514, 25.230913873013854 ], [ 55.3084004, 25.2308441 ], [ 55.3083173, 25.230773 ], [ 55.3082173, 25.2308404 ] ] ], [ [ [ 55.308194064897982, 25.246746818301293 ], [ 55.308149149133783, 25.246746818301297 ], [ 55.308144674341392, 25.246815461487348 ], [ 55.308189590114232, 25.246815461489167 ], [ 55.308194064897982, 25.246746818301293 ] ] ], [ [ [ 55.308320631244946, 25.230507873012016 ], [ 55.3083716, 25.2304462 ], [ 55.3083371, 25.2304074 ], [ 55.308286131239257, 25.230469073010568 ], [ 55.308320631244946, 25.230507873012016 ] ] ], [ [ [ 55.30804660932742, 25.245511647025328 ], [ 55.308046609314964, 25.245601478552469 ], [ 55.308136440892468, 25.245601478562769 ], [ 55.308149149133783, 25.245489176903526 ], [ 55.308104233369576, 25.245444261139323 ], [ 55.30805931760537, 25.245444261139323 ], [ 55.30804660932742, 25.245511647025328 ] ] ], [ [ [ 55.307512222137262, 25.255253846200208 ], [ 55.307699222405915, 25.255379846262542 ], [ 55.307771722525558, 25.255393446288288 ], [ 55.307968622940322, 25.255226046367351 ], [ 55.3080089, 25.2550125 ], [ 55.3079159, 25.2548704 ], [ 55.307724638318561, 25.254836068159591 ], [ 55.3078309, 25.2544073 ], [ 55.3078372, 25.2542815 ], [ 55.3077742, 25.2541793 ], [ 55.3077165, 25.2542084 ], [ 55.307697725450957, 25.2543079411451 ], [ 55.3076753, 25.2542705 ], [ 55.3072864, 25.2544932 ], [ 55.307246121916677, 25.254706746127933 ], [ 55.307428822067699, 25.255083346177521 ], [ 55.307478962034111, 25.255058766113834 ], [ 55.307457822079485, 25.255170846184143 ], [ 55.307512222137262, 25.255253846200208 ] ] ], [ [ [ 55.30469614053046, 25.254404156362405 ], [ 55.304858817892445, 25.254451445271339 ], [ 55.304968218107994, 25.254392345313761 ], [ 55.30498838009764, 25.254285461210287 ], [ 55.30503861824193, 25.254365145340589 ], [ 55.30544271903365, 25.254156945496849 ], [ 55.305459030264004, 25.254070473255084 ], [ 55.305492119129084, 25.254134545515825 ], [ 55.306074320265473, 25.253844245740506 ], [ 55.306092455074506, 25.253748102932636 ], [ 55.306121320369243, 25.253793445759872 ], [ 55.306243720609316, 25.253729745807213 ], [ 55.306267634278392, 25.253602964856793 ], [ 55.306330320771899, 25.253701245839984 ], [ 55.306684321466484, 25.253516445976956 ], [ 55.306715441753745, 25.253351454642647 ], [ 55.306780421658964, 25.253457346014532 ], [ 55.307073922232235, 25.253310046127826 ], [ 55.307099637653863, 25.25317370727711 ], [ 55.307166722408226, 25.253275446163091 ], [ 55.307414222891367, 25.253151846258607 ], [ 55.30742217852049, 25.25310966617058 ], [ 55.307446922948813, 25.253150046270573 ], [ 55.307545023140143, 25.253101446308403 ], [ 55.307611, 25.252813 ], [ 55.3075351, 25.2526936 ], [ 55.307441961337936, 25.252741633413656 ], [ 55.30747190000001, 25.2525829 ], [ 55.307407, 25.2524164 ], [ 55.3072091, 25.2524966 ], [ 55.307194754611906, 25.252572657830587 ], [ 55.307157244192453, 25.252512632386246 ], [ 55.307178523949311, 25.252399809290829 ], [ 55.307230522866035, 25.252485346221636 ], [ 55.307496223388036, 25.252345046324493 ], [ 55.307516536445668, 25.252237346741637 ], [ 55.307560723514023, 25.252312646349392 ], [ 55.307800723980513, 25.252197346441786 ], [ 55.307818587120693, 25.252102634858069 ], [ 55.307845424080362, 25.252146346460311 ], [ 55.307893924168219, 25.252137646478328 ], [ 55.307999024393197, 25.252040046520893 ], [ 55.308044, 25.2517637 ], [ 55.3079816, 25.2516404 ], [ 55.307933823067508, 25.251651477308901 ], [ 55.3079302, 25.2514302 ], [ 55.3078021, 25.250972 ], [ 55.3077019, 25.2509242 ], [ 55.307501, 25.2509655 ], [ 55.3074602, 25.2510366 ], [ 55.307419923737051, 25.251250146345733 ], [ 55.307509578965394, 25.251516893733438 ], [ 55.3073144, 25.2516107 ], [ 55.30729815208813, 25.25169684606967 ], [ 55.3072359, 25.2515903 ], [ 55.3069614, 25.2517215 ], [ 55.306938540604307, 25.251842697906753 ], [ 55.3069073, 25.251785 ], [ 55.3068622, 25.2517785 ], [ 55.3066812, 25.2518715 ], [ 55.306625117805808, 25.252092538421515 ], [ 55.3065563, 25.2520039 ], [ 55.3065248, 25.2520199 ], [ 55.306468521598688, 25.252365145950002 ], [ 55.306508421663104, 25.252429336278279 ], [ 55.306480221525014, 25.252578845944697 ], [ 55.306605326121442, 25.252777717623285 ], [ 55.306544629527124, 25.252834272792835 ], [ 55.306627529538098, 25.252973672796006 ], [ 55.306774869003078, 25.252898732881985 ], [ 55.306805781112317, 25.252947095371056 ], [ 55.3066687, 25.2529961 ], [ 55.306631286636481, 25.253194455824971 ], [ 55.306514434595051, 25.253255456687526 ], [ 55.3065321, 25.2531618 ], [ 55.306465025309407, 25.253056436088198 ], [ 55.3064828, 25.2529622 ], [ 55.3064138, 25.2528487 ], [ 55.3060603, 25.2530244 ], [ 55.306041931841939, 25.253121780564886 ], [ 55.3059963, 25.2530501 ], [ 55.3058739, 25.2531139 ], [ 55.305858682710166, 25.253194575192929 ], [ 55.3058186, 25.2531281 ], [ 55.3047728, 25.2536441 ], [ 55.304750940528947, 25.253759982606375 ], [ 55.3047006, 25.2536754 ], [ 55.3044729, 25.2537862 ], [ 55.304457879883849, 25.253865824284031 ], [ 55.3042785, 25.2535357 ], [ 55.304196356853033, 25.253572233210654 ], [ 55.304218, 25.2534575 ], [ 55.3039903, 25.2530659 ], [ 55.3037181, 25.2531954 ], [ 55.303677816304692, 25.253408944888442 ], [ 55.303905516526982, 25.253800544953744 ], [ 55.303967115494125, 25.253771239203267 ], [ 55.303946816564093, 25.253878844965257 ], [ 55.304167316767717, 25.254284545027303 ], [ 55.30425979697079, 25.25424344645031 ], [ 55.304311057843258, 25.25438574535098 ], [ 55.304391957871609, 25.254462745357902 ], [ 55.304487857913067, 25.254487045366922 ], [ 55.304611857972347, 25.254470145379145 ], [ 55.30469614053046, 25.254404156362405 ] ], [ [ 55.307073374996776, 25.253029878773638 ], [ 55.3069956, 25.252903 ], [ 55.30684493995026, 25.252947810411413 ], [ 55.307005729631911, 25.252863772815001 ], [ 55.306983767294042, 25.252792482448008 ], [ 55.307171281850721, 25.252697107847716 ], [ 55.307239559696455, 25.252825326744478 ], [ 55.3070984, 25.2528972 ], [ 55.307073374996776, 25.253029878773638 ] ], [ [ 55.307110580618861, 25.252138978628643 ], [ 55.307108413231958, 25.252150469902226 ], [ 55.307103544517972, 25.252142341587145 ], [ 55.307110580618861, 25.252138978628643 ] ], [ [ 55.307000663750607, 25.252116394020995 ], [ 55.307007110156462, 25.252082215951152 ], [ 55.307021144948955, 25.252106236799367 ], [ 55.307000663750607, 25.252116394020995 ] ], [ [ 55.306905116348617, 25.252625549800943 ], [ 55.306844471391074, 25.252656332110984 ], [ 55.306863500796105, 25.252555441735058 ], [ 55.30690278637973, 25.252621624597367 ], [ 55.306905116348617, 25.252625549800943 ] ], [ [ 55.306792727355045, 25.252307069507673 ], [ 55.306804192628874, 25.252301332307862 ], [ 55.306800714015971, 25.252319775286377 ], [ 55.306792727355045, 25.252307069507673 ] ], [ [ 55.306673912376333, 25.252286424812379 ], [ 55.306682450410008, 25.252241157925059 ], [ 55.306699290753642, 25.252273376789145 ], [ 55.306673912376333, 25.252286424812379 ] ], [ [ 55.305943938341855, 25.253423396309206 ], [ 55.306033634841633, 25.253356602527095 ], [ 55.306071729383746, 25.253416472766432 ], [ 55.306194129415758, 25.25335277277274 ], [ 55.306186113011968, 25.253303260713494 ], [ 55.306311661660224, 25.253240823984122 ], [ 55.306296020878413, 25.253323745844398 ], [ 55.306317848855144, 25.253358080979705 ], [ 55.306271495824902, 25.253496531103192 ], [ 55.3062107, 25.2534009 ], [ 55.3060882, 25.2534646 ], [ 55.306070807014144, 25.253556810263358 ], [ 55.3059883, 25.2534176 ], [ 55.305943938341855, 25.253423396309206 ] ], [ [ 55.305406422279056, 25.253821881882711 ], [ 55.30544521614496, 25.253802740943033 ], [ 55.305433500367158, 25.25386485104643 ], [ 55.305406422279056, 25.253821881882711 ] ], [ [ 55.304817406879238, 25.254001466865564 ], [ 55.304817843350428, 25.253999153022825 ], [ 55.304818810577423, 25.254000757116508 ], [ 55.304817406879238, 25.254001466865564 ] ], [ [ 55.304615533990059, 25.254236693041861 ], [ 55.304579083735661, 25.254221906625457 ], [ 55.30462229105116, 25.254200872580231 ], [ 55.304615533990059, 25.254236693041861 ] ], [ [ 55.304403878658043, 25.254179415789586 ], [ 55.30445871732956, 25.254155045139086 ], [ 55.304474688238884, 25.254070380797916 ], [ 55.304560431074492, 25.254214339978976 ], [ 55.304403878658043, 25.254179415789586 ] ] ], [ [ [ 55.306983024375299, 25.248075646328914 ], [ 55.307091824404154, 25.248438846352222 ], [ 55.307209688551218, 25.248443291176109 ], [ 55.307230629934111, 25.248593372851371 ], [ 55.307256621911172, 25.248587056372831 ], [ 55.307240724559918, 25.248671346395948 ], [ 55.307267324566574, 25.248761046401604 ], [ 55.307289428818315, 25.248755660520342 ], [ 55.307343529940887, 25.248922772854876 ], [ 55.30738932995213, 25.248911472857166 ], [ 55.3073889, 25.2488635 ], [ 55.307360527716142, 25.248854578632404 ], [ 55.307378891101337, 25.248802524710563 ], [ 55.30757812510803, 25.248754046514879 ], [ 55.3076184, 25.2485405 ], [ 55.3075727, 25.2483868 ], [ 55.307280977639152, 25.248457918560842 ], [ 55.307272083037788, 25.248427989137159 ], [ 55.307423124999097, 25.248390946474778 ], [ 55.307471725102793, 25.248346546494435 ], [ 55.307512, 25.248133 ], [ 55.307403, 25.2477691 ], [ 55.307373626182084, 25.247776294575864 ], [ 55.3073886, 25.2476969 ], [ 55.3072421, 25.2472073 ], [ 55.307207958088114, 25.247215658194261 ], [ 55.3072197, 25.247153399999988 ], [ 55.307112772522125, 25.246796009318327 ], [ 55.30718050898745, 25.24677848559482 ], [ 55.307159525202167, 25.246889746446115 ], [ 55.307319325266668, 25.24737284648258 ], [ 55.307378841013261, 25.247357830021429 ], [ 55.307496330045886, 25.247733072869373 ], [ 55.308077930189242, 25.247578772898486 ], [ 55.3080833, 25.2475503 ], [ 55.3079383, 25.2470873 ], [ 55.307917628038012, 25.247092596549749 ], [ 55.3079323, 25.2470148 ], [ 55.3077865, 25.2465224 ], [ 55.307717896623643, 25.246540384119676 ], [ 55.3077373, 25.2464375 ], [ 55.3075874, 25.2459445 ], [ 55.3074458, 25.2459797 ], [ 55.307416060911557, 25.246137386679813 ], [ 55.3073702, 25.2459924 ], [ 55.3069843, 25.2460923 ], [ 55.306932918492812, 25.246301565793008 ], [ 55.3069437, 25.2462444 ], [ 55.3068275, 25.2458716 ], [ 55.3067863389821, 25.245882103211354 ], [ 55.3067999, 25.2458102 ], [ 55.3067415, 25.2456134 ], [ 55.3063697, 25.2457037 ], [ 55.306329424191745, 25.245917246187897 ], [ 55.306387824206361, 25.246114146200316 ], [ 55.306424584169505, 25.246105208407307 ], [ 55.306410224215632, 25.24618134620545 ], [ 55.306538177888974, 25.246551050172076 ], [ 55.306527824232724, 25.246605946229202 ], [ 55.306626324261075, 25.246929646250528 ], [ 55.306689070904092, 25.246914011469226 ], [ 55.306675824322824, 25.246984246266077 ], [ 55.306815216917059, 25.247450288306037 ], [ 55.306802324307085, 25.247518646288146 ], [ 55.306948024345566, 25.248005346319349 ], [ 55.306998541995412, 25.247993370099074 ], [ 55.306983024375299, 25.248075646328914 ] ], [ [ 55.307505524915847, 25.246596056332532 ], [ 55.307514129887011, 25.246550429972629 ], [ 55.307526343533937, 25.246590598848815 ], [ 55.307505524915847, 25.246596056332532 ] ], [ [ 55.307068113913083, 25.246687491443453 ], [ 55.307046616640868, 25.246692572966325 ], [ 55.307055115061104, 25.246647512547241 ], [ 55.307068113913083, 25.246687491443453 ] ] ], [ [ [ 55.308067046393418, 25.242079655701289 ], [ 55.308047, 25.242017 ], [ 55.3079913, 25.2420446 ], [ 55.307951028607874, 25.242258146940891 ], [ 55.307975228632174, 25.2422982469479 ], [ 55.308076930504079, 25.242200072930505 ], [ 55.308067046393418, 25.242079655701289 ] ] ], [ [ [ 55.30791025108428, 25.24525069429966 ], [ 55.30791025107726, 25.245295610063163 ], [ 55.307955166862108, 25.245340525832461 ], [ 55.308000082653969, 25.245340525838252 ], [ 55.308014401841163, 25.245174766554076 ], [ 55.30792457031275, 25.245174766554076 ], [ 55.30791025108428, 25.24525069429966 ] ] ], [ [ [ 55.3081291, 25.2328907 ], [ 55.308120651760341, 25.232960154979747 ], [ 55.308159551775361, 25.232959554982902 ], [ 55.308168, 25.2328901 ], [ 55.3081291, 25.2328907 ] ] ], [ [ [ 55.30792457031275, 25.245040019261463 ], [ 55.30792457031275, 25.244995103497256 ], [ 55.307879654548543, 25.24499510349726 ], [ 55.307863187426413, 25.245127336164419 ], [ 55.307908103222424, 25.245127336171098 ], [ 55.30792457031275, 25.245040019261463 ] ] ], [ [ [ 55.307851166871515, 25.240295208613038 ], [ 55.307845362386608, 25.240325988491431 ], [ 55.307919162459861, 25.240407288509871 ], [ 55.3079729, 25.2402213 ], [ 55.3078725, 25.2400641 ], [ 55.3078249, 25.2401005 ], [ 55.30779286233372, 25.240270388478226 ], [ 55.307830662371643, 25.240310888487716 ], [ 55.307851166871515, 25.240295208613038 ] ] ], [ [ [ 55.307834738784337, 25.246477323716057 ], [ 55.307828831995444, 25.246553559662068 ], [ 55.307873747771069, 25.246553559664456 ], [ 55.307879654548543, 25.24647732371605 ], [ 55.307834738784337, 25.246477323716057 ] ] ], [ [ [ 55.307754852719377, 25.249846626854481 ], [ 55.3076944, 25.2498585 ], [ 55.307699729964035, 25.249931772866123 ], [ 55.307772029981557, 25.24991767286971 ], [ 55.307772926334437, 25.249870427332205 ], [ 55.307823129996734, 25.249860272872532 ], [ 55.3078285, 25.2498318 ], [ 55.3078121, 25.2497656 ], [ 55.307757317222269, 25.249776680660375 ], [ 55.307722964265025, 25.249654553348133 ], [ 55.307752, 25.2495006 ], [ 55.3077349, 25.2494362 ], [ 55.3076846, 25.2494471 ], [ 55.30767538458727, 25.249495961916935 ], [ 55.3075337, 25.2490237 ], [ 55.3073845, 25.2490612 ], [ 55.307608529948538, 25.249836772862274 ], [ 55.3077457442716, 25.249802255349056 ], [ 55.307754852719377, 25.249846626854481 ] ] ], [ [ [ 55.307848931090838, 25.231280772984558 ], [ 55.307917231102095, 25.231357672987404 ], [ 55.3080134, 25.2312632 ], [ 55.3079749, 25.2312198 ], [ 55.3079078, 25.2312134 ], [ 55.307848931090838, 25.231280772984558 ] ] ], [ [ [ 55.307871422015374, 25.233675073709431 ], [ 55.30787142200731, 25.233764905237017 ], [ 55.307916337787411, 25.233764905240353 ], [ 55.30792457031275, 25.233631415153152 ], [ 55.307879654548543, 25.233631415153145 ], [ 55.307871422015374, 25.233675073709431 ] ] ], [ [ [ 55.307421430751788, 25.235386272939369 ], [ 55.307895030862028, 25.23537057296241 ], [ 55.3078907, 25.234828 ], [ 55.3078671, 25.2347716 ], [ 55.307475, 25.2349201 ], [ 55.3074359, 25.2349675 ], [ 55.307400130765387, 25.235070072940221 ], [ 55.307421430751788, 25.235386272939369 ] ] ], [ [ [ 55.307730693323649, 25.24508166268026 ], [ 55.3077579, 25.2449374 ], [ 55.3077217, 25.2448434 ], [ 55.307695, 25.2448518 ], [ 55.307667793275463, 25.244996062667397 ], [ 55.307704093290035, 25.245090062673469 ], [ 55.307730693323649, 25.24508166268026 ] ] ], [ [ [ 55.3074798, 25.2537635 ], [ 55.307316584029607, 25.253852799416237 ], [ 55.307309923485192, 25.253787674086421 ], [ 55.307419756258788, 25.253765707413034 ], [ 55.307430496906484, 25.253618930224803 ], [ 55.307385581142277, 25.25352909869639 ], [ 55.307161002321251, 25.25352909869639 ], [ 55.306936423500218, 25.253663845989006 ], [ 55.306900221612501, 25.254035246032227 ], [ 55.306963869571376, 25.254142829115242 ], [ 55.306918021497097, 25.25436794602383 ], [ 55.30697292155164, 25.254460246039649 ], [ 55.307081221729185, 25.254483246077989 ], [ 55.307586922715387, 25.254233046273015 ], [ 55.3076272, 25.2540195 ], [ 55.3074798, 25.2537635 ] ] ], [ [ [ 55.307688177969311, 25.245596733029405 ], [ 55.307733093762131, 25.245551817270581 ], [ 55.307744907255923, 25.245444261139319 ], [ 55.307699991491724, 25.245444261139316 ], [ 55.307655075727517, 25.245489176903522 ], [ 55.307643262182289, 25.245596733024616 ], [ 55.307688177969311, 25.245596733029405 ] ] ], [ [ [ 55.307603001303541, 25.231782917016123 ], [ 55.307827580193674, 25.231782917030625 ], [ 55.307917411756733, 25.231693085508734 ], [ 55.30792457031275, 25.231610205763879 ], [ 55.307879654548543, 25.231565289999672 ], [ 55.30778982302013, 25.231565289999672 ], [ 55.307610159963311, 25.231700037292288 ], [ 55.307603001303541, 25.231782917016123 ] ] ], [ [ [ 55.307712831086498, 25.230818472980719 ], [ 55.307913231140944, 25.230678372991257 ], [ 55.3079186, 25.2306499 ], [ 55.3077887, 25.2305004 ], [ 55.30771572919101, 25.230562212492487 ], [ 55.307698, 25.2305424 ], [ 55.3076657, 25.2305661 ], [ 55.30766033108749, 25.230594572979513 ], [ 55.307735311017773, 25.23067827359467 ], [ 55.307659831078041, 25.230753972978537 ], [ 55.307712831086498, 25.230818472980719 ] ] ], [ [ [ 55.3076897, 25.2438317 ], [ 55.3076828, 25.2438103 ], [ 55.3076126, 25.2438287 ], [ 55.307538854177722, 25.244277193425841 ], [ 55.307609154437394, 25.244258793478586 ], [ 55.3076897, 25.2438317 ] ] ], [ [ [ 55.307699991491724, 25.233676330917355 ], [ 55.307691758886897, 25.233764905223673 ], [ 55.3077815904471, 25.233764905230341 ], [ 55.30778982302013, 25.233676330917355 ], [ 55.307699991491724, 25.233676330917355 ] ] ], [ [ [ 55.306392622637205, 25.249703346041489 ], [ 55.306444022639973, 25.249899646051407 ], [ 55.306522122755176, 25.249945346077752 ], [ 55.306705823096046, 25.249893846146819 ], [ 55.306733465850144, 25.249747285731818 ], [ 55.306775623223196, 25.249879646172829 ], [ 55.306991723620811, 25.249826746253753 ], [ 55.307021617124683, 25.249674376804162 ], [ 55.307062223750975, 25.249808446280195 ], [ 55.307222131001716, 25.249768842819091 ], [ 55.307193993993607, 25.249918026962639 ], [ 55.3071601, 25.2498002 ], [ 55.3063145, 25.2500064 ], [ 55.306276978582858, 25.250205332160299 ], [ 55.306217771272919, 25.250205332145153 ], [ 55.306199869937579, 25.250300241450926 ], [ 55.306199869920022, 25.250390072977559 ], [ 55.306379533044982, 25.250749399113086 ], [ 55.306490788902913, 25.2507516600737 ], [ 55.306515529637416, 25.250837872803324 ], [ 55.306561316889848, 25.250827170044065 ], [ 55.30651282963322, 25.250898572802832 ], [ 55.306552042552006, 25.250915185067434 ], [ 55.306563822382032, 25.250958646047568 ], [ 55.306729122684487, 25.250922046109295 ], [ 55.306763394977175, 25.25074033805878 ], [ 55.306816227481946, 25.250727464464319 ], [ 55.306756622700881, 25.250993146116123 ], [ 55.306795822690994, 25.25117014612244 ], [ 55.307101023253971, 25.251092246236883 ], [ 55.3071413, 25.2508787 ], [ 55.307118055751872, 25.250797939364272 ], [ 55.307136565828664, 25.250623196854072 ], [ 55.307241759466983, 25.25053882785063 ], [ 55.307296574953504, 25.250532914051981 ], [ 55.307310823841924, 25.250581446335982 ], [ 55.307370723952026, 25.250567046358398 ], [ 55.307380974662458, 25.250512696475884 ], [ 55.307437429870198, 25.250499172850027 ], [ 55.307442519636353, 25.250472186510436 ], [ 55.307450224119677, 25.250498946390348 ], [ 55.307514224237146, 25.250483946414278 ], [ 55.3075545, 25.2502704 ], [ 55.3074459, 25.2498931 ], [ 55.3073819, 25.2499082 ], [ 55.307342166451754, 25.250118870762858 ], [ 55.3073185, 25.2500382 ], [ 55.30725850000001, 25.2500525 ], [ 55.307248273623934, 25.250106720840957 ], [ 55.307212861817852, 25.249983617797284 ], [ 55.307264024027745, 25.249974146346144 ], [ 55.3073043, 25.2497606 ], [ 55.307273892273486, 25.249716935667191 ], [ 55.3073399, 25.249463 ], [ 55.3072859, 25.2493007 ], [ 55.307203657617173, 25.249297151287639 ], [ 55.3072288, 25.2491698 ], [ 55.3071936, 25.2490546 ], [ 55.307121495930325, 25.249036912705201 ], [ 55.30714960000001, 25.2489037 ], [ 55.3071152, 25.2487923 ], [ 55.3070813, 25.2487645 ], [ 55.307038619351886, 25.248775281895092 ], [ 55.307072, 25.2485958 ], [ 55.3070097, 25.2484919 ], [ 55.3065269, 25.2485978 ], [ 55.306507786245213, 25.248699140517804 ], [ 55.3064876, 25.2486196 ], [ 55.3064433, 25.2485899 ], [ 55.306262, 25.2486297 ], [ 55.3062036, 25.2487111 ], [ 55.306163322582279, 25.248924645992961 ], [ 55.306211322592233, 25.249091146002968 ], [ 55.306248036379124, 25.249082567477458 ], [ 55.306234422604298, 25.249154746008521 ], [ 55.306300522627069, 25.249363446023221 ], [ 55.306329903968759, 25.249355845040895 ], [ 55.306314022616782, 25.249440046024695 ], [ 55.306376722634994, 25.249645746038293 ], [ 55.306404807747839, 25.249638742051271 ], [ 55.306392622637205, 25.249703346041489 ] ], [ [ 55.307418389139535, 25.250388374305036 ], [ 55.307403763146404, 25.250391870358012 ], [ 55.307409950510454, 25.250359064476623 ], [ 55.307418389139535, 25.250388374305036 ] ] ], [ [ [ 55.307545529985276, 25.248961472864444 ], [ 55.3075509, 25.248933 ], [ 55.3075395, 25.2489105 ], [ 55.30750782997724, 25.248949972862679 ], [ 55.307545529985276, 25.248961472864444 ] ] ], [ [ [ 55.307415460468128, 25.250913876815297 ], [ 55.307430496906484, 25.250789237079832 ], [ 55.307385581142277, 25.250789237079829 ], [ 55.307370544674868, 25.250913876809197 ], [ 55.307415460468128, 25.250913876815297 ] ] ], [ [ [ 55.307675008763987, 25.230920555425861 ], [ 55.3076938, 25.2308209 ], [ 55.3076401, 25.2307602 ], [ 55.3075082, 25.2308557 ], [ 55.307489408606941, 25.230955355393661 ], [ 55.307561008648193, 25.231036255404121 ], [ 55.307675008763987, 25.230920555425861 ] ] ], [ [ [ 55.3074102, 25.2489841 ], [ 55.3074015, 25.2489465 ], [ 55.3073611, 25.2489542 ], [ 55.307364429939994, 25.249020272855301 ], [ 55.307404829949782, 25.249012572857314 ], [ 55.3074102, 25.2489841 ] ] ], [ [ [ 55.307601748348013, 25.23385568584316 ], [ 55.307610159963311, 25.233766162445768 ], [ 55.307565244199104, 25.233766162445765 ], [ 55.30755683256757, 25.23385568583975 ], [ 55.307601748348013, 25.23385568584316 ] ] ], [ [ [ 55.30737251388468, 25.249870374204583 ], [ 55.307385581142277, 25.249756174503091 ], [ 55.307340665378071, 25.249756174503091 ], [ 55.307327598095227, 25.249870374199297 ], [ 55.30737251388468, 25.249870374204583 ] ] ], [ [ [ 55.307536431048931, 25.230764872972493 ], [ 55.307638731076977, 25.230688972977902 ], [ 55.3076144, 25.2306276 ], [ 55.307512, 25.2307035 ], [ 55.307536431048931, 25.230764872972493 ] ] ], [ [ [ 55.307430496906484, 25.243467967514253 ], [ 55.307430496906484, 25.24342305175005 ], [ 55.307385581142277, 25.243423051750053 ], [ 55.307370187900652, 25.243549589794949 ], [ 55.307415103694588, 25.243549589801187 ], [ 55.307430496906484, 25.243467967514253 ] ] ], [ [ [ 55.307370545846453, 25.243772270419694 ], [ 55.307385581142277, 25.243647630571086 ], [ 55.307295749613864, 25.243647630571076 ], [ 55.307280714259953, 25.243772270407511 ], [ 55.307370545846453, 25.243772270419694 ] ] ], [ [ [ 55.307341531049069, 25.229994272967645 ], [ 55.307397831058211, 25.230059972969983 ], [ 55.3075742, 25.2299117 ], [ 55.3075179, 25.2298459 ], [ 55.307341531049069, 25.229994272967645 ] ] ], [ [ [ 55.3074835, 25.2311199 ], [ 55.3074271, 25.2311578 ], [ 55.307408308479523, 25.231257455373616 ], [ 55.307473508520097, 25.231316455383435 ], [ 55.30751440855601, 25.231302455390654 ], [ 55.3075332, 25.2312028 ], [ 55.3074835, 25.2311199 ] ] ], [ [ [ 55.307527731043976, 25.230815172971766 ], [ 55.3074609, 25.2307032 ], [ 55.3074077, 25.2307409 ], [ 55.307474531029484, 25.230852872968971 ], [ 55.307527731043976, 25.230815172971766 ] ] ], [ [ [ 55.305804938318246, 25.232015088487586 ], [ 55.305939685656419, 25.232060004261811 ], [ 55.306613422368294, 25.232060004314032 ], [ 55.307332074873592, 25.231925257078405 ], [ 55.307466822220164, 25.231880341325063 ], [ 55.307475412670691, 25.231789868820702 ], [ 55.307116086557045, 25.231789868820702 ], [ 55.306672256801463, 25.231835783576368 ], [ 55.30665170000001, 25.2317946 ], [ 55.306495362030702, 25.23180285029893 ], [ 55.306634107807966, 25.231482955237642 ], [ 55.3066319, 25.2310916 ], [ 55.3065546, 25.2310167 ], [ 55.306318307721831, 25.231020726951034 ], [ 55.306407107725789, 25.230989255209451 ], [ 55.3064058, 25.2308029 ], [ 55.3059805, 25.230895 ], [ 55.305961707364922, 25.230994655133809 ], [ 55.305984007363008, 25.231091855135556 ], [ 55.306022456790245, 25.231084569747427 ], [ 55.3057472, 25.2315532 ], [ 55.305728966845528, 25.231655074124024 ], [ 55.3056753, 25.2316158 ], [ 55.3056043, 25.2316953 ], [ 55.30559141330464, 25.231763634894254 ], [ 55.30559519162567, 25.231822618617706 ], [ 55.305628691644614, 25.231846818622149 ], [ 55.305646058549868, 25.231803668479248 ], [ 55.305683413346124, 25.231831034903998 ], [ 55.305757531832086, 25.231735528801355 ], [ 55.305901452629747, 25.231915520979708 ], [ 55.305813529395067, 25.231924616113325 ], [ 55.305804938318246, 25.232015088487586 ] ] ], [ [ [ 55.307237051463431, 25.243451216384742 ], [ 55.307281967254262, 25.243451216390323 ], [ 55.307295749613864, 25.243333220221636 ], [ 55.307250833849658, 25.24333322022164 ], [ 55.307237051463431, 25.243451216384742 ] ] ], [ [ [ 55.30686750000001, 25.2544922 ], [ 55.3065383, 25.254652 ], [ 55.306532929416207, 25.254680472781246 ], [ 55.306849429459142, 25.255195472793517 ], [ 55.306926929475893, 25.25521507279716 ], [ 55.307100329521752, 25.255116272806152 ], [ 55.3071344, 25.2549796 ], [ 55.30686750000001, 25.2544922 ] ] ], [ [ [ 55.30742298028499, 25.231425489091258 ], [ 55.307430496906484, 25.231295795414439 ], [ 55.307385581142277, 25.231295795414443 ], [ 55.307378064506267, 25.231425489088213 ], [ 55.30742298028499, 25.231425489091258 ] ] ], [ [ [ 55.3067644, 25.2364534 ], [ 55.306669028759771, 25.236859046716496 ], [ 55.306657828563473, 25.237261746694411 ], [ 55.306680328580072, 25.237312646700314 ], [ 55.307226429529997, 25.237302546899212 ], [ 55.3072818, 25.2370287 ], [ 55.307260244726329, 25.236852155713613 ], [ 55.3072929, 25.2363303 ], [ 55.3072663, 25.2358977 ], [ 55.3069559, 25.2359157 ], [ 55.306795899525511, 25.236453369623408 ], [ 55.3067644, 25.2364534 ] ] ], [ [ [ 55.3068715, 25.230830099999988 ], [ 55.306941330897729, 25.231001472942264 ], [ 55.307115371264096, 25.231161048121926 ], [ 55.307071170792838, 25.231161048121816 ], [ 55.30706329613065, 25.231247724207993 ], [ 55.307108211910055, 25.231247724211187 ], [ 55.30711603949868, 25.231161566092787 ], [ 55.307302430967148, 25.231239272958341 ], [ 55.3073443, 25.2310949 ], [ 55.3069997, 25.2307981 ], [ 55.3068715, 25.230830099999988 ] ] ], [ [ [ 55.307152053595026, 25.234128027685156 ], [ 55.307286800952618, 25.233993280404754 ], [ 55.307295749613864, 25.233855993974178 ], [ 55.307205918085451, 25.233855993974178 ], [ 55.307161002321251, 25.233900909738384 ], [ 55.307107137813531, 25.234128027681525 ], [ 55.307152053595026, 25.234128027685156 ] ] ], [ [ [ 55.307295749613864, 25.231475458471259 ], [ 55.307295749613864, 25.231340711178639 ], [ 55.307250833849658, 25.231340711178639 ], [ 55.307243317162751, 25.231515320606732 ], [ 55.307288232941467, 25.23151532060978 ], [ 55.307295749613864, 25.231475458471259 ] ] ], [ [ [ 55.306891507736012, 25.23435006738044 ], [ 55.306846591971805, 25.234305151616237 ], [ 55.306756760443392, 25.234305151616237 ], [ 55.306711844679185, 25.23439498314465 ], [ 55.306703432673125, 25.234574337995564 ], [ 55.306748348453574, 25.234574337998964 ], [ 55.306847250826742, 25.23447543572199 ], [ 55.3065033, 25.2350557 ], [ 55.306463029101486, 25.235269246712733 ], [ 55.307175630357172, 25.235219046973928 ], [ 55.3072159, 25.2350055 ], [ 55.3071946, 25.2344456 ], [ 55.3070435, 25.2343697 ], [ 55.306885621356443, 25.234412712763813 ], [ 55.306891507736012, 25.23435006738044 ] ] ], [ [ [ 55.304773829497222, 25.246366272745572 ], [ 55.305295679108617, 25.246235810447448 ], [ 55.305310660422343, 25.246284785037361 ], [ 55.3047794, 25.2464176 ], [ 55.304739121123511, 25.246631145577783 ], [ 55.30479246532083, 25.246805530089858 ], [ 55.304763603130944, 25.24692095459805 ], [ 55.304776103121036, 25.247018454598141 ], [ 55.304810903130317, 25.247110354602125 ], [ 55.304892903186008, 25.24716195461496 ], [ 55.305465403678909, 25.24701505471517 ], [ 55.3054842, 25.2469154 ], [ 55.305459043756137, 25.24684212951696 ], [ 55.305589303821066, 25.246810254740463 ], [ 55.305635703826738, 25.246965454745098 ], [ 55.305772303944003, 25.246932054768973 ], [ 55.305778755949497, 25.24689784691677 ], [ 55.305787203957223, 25.246926254771619 ], [ 55.305927304078985, 25.246884754796262 ], [ 55.3059902, 25.2467275 ], [ 55.3059382, 25.2465489 ], [ 55.305850744838395, 25.246507467677304 ], [ 55.3058792, 25.2463566 ], [ 55.305853322393375, 25.246271718005929 ], [ 55.305876020300644, 25.246197785107181 ], [ 55.305919523331085, 25.246260146023545 ], [ 55.306047823566487, 25.246230146071529 ], [ 55.3060881, 25.2460166 ], [ 55.3060309, 25.245817 ], [ 55.3058958, 25.2458487 ], [ 55.305874586178618, 25.245961175257019 ], [ 55.3058443, 25.2458596 ], [ 55.305622027569029, 25.245914194239912 ], [ 55.3056859, 25.2456647 ], [ 55.3056406, 25.2455249 ], [ 55.3055316, 25.2454707 ], [ 55.305327897089185, 25.245525260468934 ], [ 55.3053572, 25.2453699 ], [ 55.3053163, 25.2452463 ], [ 55.305296259545088, 25.245251740854844 ], [ 55.3052672, 25.2450839 ], [ 55.305184102860267, 25.245105033359344 ], [ 55.305231003651819, 25.244856371276605 ], [ 55.305265322768662, 25.2449618458438 ], [ 55.305501923206123, 25.244898845932628 ], [ 55.305526391758029, 25.244769114766033 ], [ 55.305563723319622, 25.244884145955758 ], [ 55.305793123743683, 25.244823246041882 ], [ 55.305821496196927, 25.244672814450055 ], [ 55.305865123877226, 25.244803146068953 ], [ 55.306370224812795, 25.24466484625875 ], [ 55.306399038628491, 25.244512070336064 ], [ 55.306436624938073, 25.244641446283929 ], [ 55.306863125725251, 25.244531046443893 ], [ 55.306972425991709, 25.244355446491465 ], [ 55.3070127, 25.2441419 ], [ 55.3069081, 25.2438459 ], [ 55.3067096, 25.2438945 ], [ 55.3064199, 25.2442317 ], [ 55.306390022719469, 25.244390115233358 ], [ 55.3062363, 25.2439308 ], [ 55.3057312, 25.2440692 ], [ 55.305704291271738, 25.244211871271109 ], [ 55.30565270000001, 25.2440529 ], [ 55.3054233, 25.2441138 ], [ 55.305398694636253, 25.244244256885558 ], [ 55.3053609, 25.2441281 ], [ 55.3051243, 25.2441911 ], [ 55.305102803987609, 25.244305069596898 ], [ 55.3050707, 25.244207 ], [ 55.3047987, 25.2442829 ], [ 55.304778429615496, 25.244366472757726 ], [ 55.304851329620419, 25.244569672760036 ], [ 55.305119326574165, 25.244513147630293 ], [ 55.3048748, 25.2445859 ], [ 55.304794244024244, 25.245012991364671 ], [ 55.304871973950782, 25.245221080760583 ], [ 55.304838821838786, 25.245396845669269 ], [ 55.304914054166801, 25.245634955587775 ], [ 55.3048274, 25.2456575 ], [ 55.304808442399427, 25.245758008244287 ], [ 55.3047853, 25.2456817 ], [ 55.3045218, 25.2457502 ], [ 55.3044784, 25.2458151 ], [ 55.30443812086704, 25.246028645495294 ], [ 55.304497620898523, 25.246191445509641 ], [ 55.304572321010099, 25.246231945534991 ], [ 55.304721116839232, 25.246194032243125 ], [ 55.304773829497222, 25.246366272745572 ] ], [ [ 55.30567345842271, 25.246555007836712 ], [ 55.305673398683879, 25.246555022443442 ], [ 55.305673423211687, 25.246554892399672 ], [ 55.30567345842271, 25.246555007836712 ] ], [ [ 55.305411267765272, 25.246630434919041 ], [ 55.305402436831223, 25.246677254963629 ], [ 55.305410381664046, 25.246627591839143 ], [ 55.305411267765272, 25.246630434919041 ] ], [ [ 55.305277963720741, 25.246052338183585 ], [ 55.30528632232663, 25.246050245802738 ], [ 55.305301854447571, 25.24596789707941 ], [ 55.305299562206571, 25.246123027360564 ], [ 55.305277963720741, 25.246052338183585 ] ], [ [ 55.305255155968041, 25.245600159112644 ], [ 55.30526559747733, 25.245597333772334 ], [ 55.305261255554392, 25.24562035399692 ], [ 55.305255155968041, 25.245600159112644 ] ], [ [ 55.30517843746388, 25.245528843715224 ], [ 55.305188639054911, 25.245559648023821 ], [ 55.305171832807147, 25.245563860501324 ], [ 55.30517843746388, 25.245528843715224 ] ], [ [ 55.304847418012208, 25.246060929631636 ], [ 55.304860420502102, 25.246101876645007 ], [ 55.304838669191689, 25.246107313449706 ], [ 55.304847418012208, 25.246060929631636 ] ] ], [ [ [ 55.306826224039007, 25.24822284626535 ], [ 55.306833804059934, 25.248182656475272 ], [ 55.306854829866928, 25.248258672835153 ], [ 55.306922429883429, 25.248243372838523 ], [ 55.3069278, 25.2482149 ], [ 55.3068979, 25.2481067 ], [ 55.306845895418114, 25.248118547200782 ], [ 55.3068665, 25.2480093 ], [ 55.3066801, 25.247401 ], [ 55.3066267, 25.2474144 ], [ 55.306586423885079, 25.247627946204787 ], [ 55.306772723940441, 25.248236246245295 ], [ 55.306826224039007, 25.24822284626535 ] ] ], [ [ [ 55.306485529410125, 25.254597472779448 ], [ 55.306799229491936, 25.254438172795602 ], [ 55.3068046, 25.2544097 ], [ 55.3065728, 25.254009 ], [ 55.3064339, 25.2539758 ], [ 55.3061966, 25.2540928 ], [ 55.30619122937005, 25.254121272768014 ], [ 55.306485529410125, 25.254597472779448 ] ] ], [ [ [ 55.3070808, 25.2299265 ], [ 55.3069085, 25.2299672 ], [ 55.306891054543129, 25.230059716002884 ], [ 55.306848165716708, 25.230061434910464 ], [ 55.3068413, 25.2298532 ], [ 55.306707, 25.2298389 ], [ 55.3065315, 25.2299169 ], [ 55.306512708010438, 25.230016555247655 ], [ 55.306550608007292, 25.230181255250645 ], [ 55.306903876419149, 25.230138901721954 ], [ 55.306913208299129, 25.230186355312028 ], [ 55.30699030836179, 25.230184455325137 ], [ 55.307080108445874, 25.230128055341542 ], [ 55.307100908474105, 25.230072255346226 ], [ 55.3071197, 25.2299726 ], [ 55.3070808, 25.2299265 ] ] ], [ [ [ 55.306936423500218, 25.234035657030997 ], [ 55.306927474678822, 25.234217859194541 ], [ 55.307017306241796, 25.234217859201795 ], [ 55.307026255028632, 25.234035657031001 ], [ 55.306936423500218, 25.234035657030997 ] ] ], [ [ [ 55.3064987, 25.2373618 ], [ 55.3064326, 25.2372809 ], [ 55.3058995, 25.2372907 ], [ 55.3058098, 25.2373964 ], [ 55.30576462682734, 25.237693546350467 ], [ 55.305977526931322, 25.238295846400923 ], [ 55.305995726953299, 25.238317546406567 ], [ 55.306115041233589, 25.238233082810293 ], [ 55.306437230336378, 25.238599772872522 ], [ 55.306929230470686, 25.238246072898473 ], [ 55.3069346, 25.2382176 ], [ 55.3065537, 25.2377857 ], [ 55.30646165409027, 25.237851848918247 ], [ 55.3064984, 25.237657 ], [ 55.3064987, 25.2373618 ] ] ], [ [ [ 55.306134486387514, 25.235954673467656 ], [ 55.3058276, 25.2370466 ], [ 55.305799498452615, 25.237195607919723 ], [ 55.305826098460322, 25.237275307923984 ], [ 55.30633089907095, 25.237272708052085 ], [ 55.306408299186685, 25.237200208073975 ], [ 55.306731615070909, 25.236076756205453 ], [ 55.306773829285675, 25.236074846789656 ], [ 55.3069467, 25.2353843 ], [ 55.3063508, 25.2354328 ], [ 55.306134486387514, 25.235954673467656 ] ] ], [ [ [ 55.305759663469942, 25.243335759143392 ], [ 55.30580457925582, 25.243290843383267 ], [ 55.305858445159274, 25.243108641400603 ], [ 55.305858445159288, 25.242974324868669 ], [ 55.305922424691218, 25.243176746162547 ], [ 55.306001226650736, 25.243156365929682 ], [ 55.30608242997139, 25.243431672826507 ], [ 55.306126929979271, 25.24347257282842 ], [ 55.306384530042386, 25.24341047284128 ], [ 55.306300528071276, 25.243078958358335 ], [ 55.306367252095463, 25.24306170159462 ], [ 55.306460730061232, 25.243389172845109 ], [ 55.306744530130636, 25.243322972859247 ], [ 55.3066248, 25.2428558 ], [ 55.306573199702314, 25.242867850415546 ], [ 55.3065856, 25.2428021 ], [ 55.306491, 25.2425028 ], [ 55.306438221196196, 25.242516450249223 ], [ 55.3064523, 25.2424418 ], [ 55.3063766, 25.2421945 ], [ 55.3057812, 25.2423436 ], [ 55.305740924649179, 25.242557146124291 ], [ 55.305759574245208, 25.24261807149588 ], [ 55.305588950574041, 25.242345073409108 ], [ 55.305409287517215, 25.242389989173315 ], [ 55.305402127324115, 25.242742363253047 ], [ 55.30553687464419, 25.242922026317149 ], [ 55.305609806625242, 25.24292202633713 ], [ 55.305544034809834, 25.24297389410799 ], [ 55.305535084588804, 25.243066264542698 ], [ 55.305580000343973, 25.243335759128883 ], [ 55.305759663469942, 25.243335759143392 ] ], [ [ 55.305813529395067, 25.242839146815374 ], [ 55.305813529396104, 25.242794334382975 ], [ 55.305842830336516, 25.242797883802123 ], [ 55.305827824658905, 25.242877446141549 ], [ 55.305858246087922, 25.242973695036827 ], [ 55.30577283854911, 25.242888287501877 ], [ 55.305813529395067, 25.242839146815374 ] ] ], [ [ [ 55.306891507736012, 25.231655121528082 ], [ 55.306846591971805, 25.231655121528082 ], [ 55.306838359246449, 25.231743695789497 ], [ 55.306883275026543, 25.231743695792826 ], [ 55.306891507736012, 25.231655121528082 ] ] ], [ [ [ 55.306891507736012, 25.231385626942849 ], [ 55.306891507736012, 25.231295795414436 ], [ 55.306846591971805, 25.231295795414436 ], [ 55.306838359274671, 25.231429285442921 ], [ 55.306883275054773, 25.231429285446264 ], [ 55.306891507736012, 25.231385626942849 ] ] ], [ [ [ 55.306752106740902, 25.239719719817881 ], [ 55.306756760443392, 25.23960521179254 ], [ 55.306711844679185, 25.23960521179254 ], [ 55.306707190967707, 25.239719719816001 ], [ 55.306752106740902, 25.239719719817881 ] ] ], [ [ [ 55.3066391, 25.2472964 ], [ 55.3066364, 25.2472479 ], [ 55.3065772, 25.2472505 ], [ 55.30653962385469, 25.247512646192931 ], [ 55.30659882395841, 25.247509946214571 ], [ 55.3066391, 25.2472964 ] ] ], [ [ [ 55.3068367080851, 25.230929155283548 ], [ 55.3068555, 25.2308295 ], [ 55.3067844, 25.2306841 ], [ 55.3065739, 25.2307751 ], [ 55.306565520986524, 25.230819534184423 ], [ 55.3065414, 25.2307834 ], [ 55.3064565, 25.2307988 ], [ 55.306500830802662, 25.230889172921586 ], [ 55.30655951772318, 25.230851369663931 ], [ 55.306583330816331, 25.230980672925039 ], [ 55.306650835476823, 25.230952842074604 ], [ 55.306675807940714, 25.230999555254801 ], [ 55.3068367080851, 25.230929155283548 ] ] ], [ [ [ 55.306229324144148, 25.245631046164306 ], [ 55.306600524829207, 25.245535146303535 ], [ 55.3066408, 25.2453216 ], [ 55.3065637, 25.2450776 ], [ 55.306528145372951, 25.245086785631575 ], [ 55.3065401, 25.2450234 ], [ 55.3064886, 25.2448474 ], [ 55.3064028, 25.2447939 ], [ 55.3061624, 25.2448491 ], [ 55.3060975, 25.244913 ], [ 55.3060572240678, 25.245126546124318 ], [ 55.306127824098354, 25.245335246140641 ], [ 55.306163786153441, 25.245325743343958 ], [ 55.306152224117852, 25.245387046147197 ], [ 55.306229324144148, 25.245631046164306 ] ] ], [ [ [ 55.306709517836254, 25.239213308163531 ], [ 55.306711844679185, 25.239156054150488 ], [ 55.306622013150779, 25.239156054150488 ], [ 55.306619686298873, 25.239213308161641 ], [ 55.306709517836254, 25.239213308163531 ] ] ], [ [ [ 55.304645334383068, 25.255390290327554 ], [ 55.304676434385641, 25.255509890339475 ], [ 55.304746834574551, 25.255572490385081 ], [ 55.30481983486527, 25.255529590442023 ], [ 55.304899354301305, 25.255412765820775 ], [ 55.304998117628671, 25.255600145270581 ], [ 55.305527318673526, 25.255309345476046 ], [ 55.305580518800262, 25.25523074549891 ], [ 55.305599731519088, 25.255128891900387 ], [ 55.305645818925946, 25.255202245523932 ], [ 55.305817199506308, 25.255114171868208 ], [ 55.305772319065646, 25.255383045561846 ], [ 55.305868519172094, 25.255520045590689 ], [ 55.306163719750039, 25.255368945704792 ], [ 55.30617921549608, 25.255286795128281 ], [ 55.306443320318536, 25.255177845815009 ], [ 55.3064836, 25.2549643 ], [ 55.3064264, 25.2548649 ], [ 55.3061692, 25.254986 ], [ 55.306153888709183, 25.255067172924669 ], [ 55.306098441411244, 25.254969550994886 ], [ 55.306390020382509, 25.254822245811532 ], [ 55.3064303, 25.2546087 ], [ 55.3062998, 25.2543974 ], [ 55.306223512322006, 25.254435940598096 ], [ 55.3062401, 25.254348 ], [ 55.3061182, 25.2541375 ], [ 55.3058453, 25.2542668 ], [ 55.305814768946256, 25.254428659436332 ], [ 55.3057511, 25.2543267 ], [ 55.3054181, 25.2544968 ], [ 55.305388048555763, 25.254656113354176 ], [ 55.3052994, 25.2545274 ], [ 55.3050972, 25.2546244 ], [ 55.304968646014004, 25.25506750152752 ], [ 55.3050083, 25.2548491 ], [ 55.3049907, 25.2547769 ], [ 55.304952, 25.2547088 ], [ 55.3048051, 25.2547737 ], [ 55.3047402, 25.2548738 ], [ 55.304645334383068, 25.255390290327554 ] ], [ [ 55.305992367254937, 25.254999985649125 ], [ 55.306004815462643, 25.254933991818497 ], [ 55.306033135967326, 25.254979847071809 ], [ 55.305992367254937, 25.254999985649125 ] ], [ [ 55.30587902903634, 25.254608042353148 ], [ 55.305843548261016, 25.254626276306869 ], [ 55.305854855259945, 25.254566332716447 ], [ 55.30587902903634, 25.254608042353148 ] ] ], [ [ [ 55.305639720134238, 25.252430045645756 ], [ 55.305741991091907, 25.252379962226001 ], [ 55.305794029378568, 25.252410472758971 ], [ 55.305846299123239, 25.25238422541258 ], [ 55.305825320427033, 25.252495445710323 ], [ 55.306030829407881, 25.252843672767867 ], [ 55.306110529425219, 25.252861972771619 ], [ 55.306459129517499, 25.25266137278971 ], [ 55.306408348468501, 25.252537847261692 ], [ 55.3064969, 25.2524526 ], [ 55.306436327663427, 25.252389509388266 ], [ 55.3062367, 25.2520163 ], [ 55.306048, 25.2521254 ], [ 55.306042352060949, 25.252155343397359 ], [ 55.306003326508538, 25.25209197392001 ], [ 55.306230329504437, 25.251982572782669 ], [ 55.3062357, 25.2519541 ], [ 55.3061216, 25.2517604 ], [ 55.306065990844168, 25.251787178798274 ], [ 55.306084, 25.2516917 ], [ 55.305891898635679, 25.251403846251943 ], [ 55.305939021108394, 25.251393645800952 ], [ 55.3059793, 25.251180099999988 ], [ 55.3059646, 25.2511243 ], [ 55.3058892, 25.2511406 ], [ 55.305860835922147, 25.251399068363668 ], [ 55.305357933535461, 25.251497105927225 ], [ 55.305364371754123, 25.251409997647926 ], [ 55.305556320457619, 25.251365845663052 ], [ 55.305748733111905, 25.251051471170253 ], [ 55.305797954834574, 25.251051471162906 ], [ 55.305813529395067, 25.250879068608238 ], [ 55.305781251753203, 25.250879068614537 ], [ 55.3057034, 25.2505866 ], [ 55.3056371, 25.2505563 ], [ 55.3050469, 25.2506921 ], [ 55.305006293152502, 25.250763436301927 ], [ 55.304999, 25.2507375 ], [ 55.3049018, 25.2507598 ], [ 55.304875870682572, 25.250897263070321 ], [ 55.304735551054122, 25.250744321315626 ], [ 55.304690635289923, 25.250744321315629 ], [ 55.304680430792494, 25.250888251001118 ], [ 55.304815178109223, 25.251202661359404 ], [ 55.304905009667053, 25.251292492895082 ], [ 55.305039757018818, 25.251292492907492 ], [ 55.305043766202672, 25.251253591505723 ], [ 55.305164584979536, 25.251333559735343 ], [ 55.305094877167775, 25.251373142014508 ], [ 55.305082703508248, 25.25152751173097 ], [ 55.305318547443626, 25.251527511783774 ], [ 55.305266519775515, 25.251775345539357 ], [ 55.305497319997748, 25.2521793456052 ], [ 55.30553077757687, 25.252162561848046 ], [ 55.305518520013287, 25.252227545610751 ], [ 55.305639720134238, 25.252430045645756 ] ], [ [ 55.306167698458459, 25.252637608172748 ], [ 55.306153789971688, 25.252612689364522 ], [ 55.306156171191482, 25.252600064973507 ], [ 55.306175492399156, 25.252633830896329 ], [ 55.306167698458459, 25.252637608172748 ] ], [ [ 55.3059328, 25.2520927 ], [ 55.305872141311717, 25.251991318435568 ], [ 55.305894766693982, 25.251979968479414 ], [ 55.305965123176371, 25.252099469600108 ], [ 55.30592799324404, 25.252118183617963 ], [ 55.3059328, 25.2520927 ] ], [ [ 55.305930156085438, 25.252249011319911 ], [ 55.305930333657251, 25.25224930012412 ], [ 55.305900420359329, 25.252264364469632 ], [ 55.305903316300331, 25.252249011321577 ], [ 55.305930156085438, 25.252249011319911 ] ], [ [ 55.305857021517205, 25.252327379658254 ], [ 55.305855247981356, 25.252324498718064 ], [ 55.30585780072763, 25.252323248600323 ], [ 55.305857021517205, 25.252327379658254 ] ] ], [ [ [ 55.306617359430447, 25.239540056756326 ], [ 55.306622013150779, 25.239470464499924 ], [ 55.306577097386572, 25.239470464499924 ], [ 55.306572443657252, 25.239540056754439 ], [ 55.306617359430447, 25.239540056756326 ] ] ], [ [ [ 55.306462623979108, 25.246926046191184 ], [ 55.3065029, 25.2467125 ], [ 55.306371, 25.2462715 ], [ 55.306046, 25.246351 ], [ 55.306005723346601, 25.246564546041263 ], [ 55.306138323382498, 25.247005446069743 ], [ 55.306462623979108, 25.246926046191184 ] ] ], [ [ [ 55.306487265858159, 25.239380632971514 ], [ 55.306442350093953, 25.23938063297151 ], [ 55.306436980377612, 25.23949893736707 ], [ 55.306526811926759, 25.239498937371422 ], [ 55.306532181622366, 25.239425548735717 ], [ 55.306487265858159, 25.239380632971514 ] ] ], [ [ [ 55.305786686681365, 25.230384365770682 ], [ 55.30574824628188, 25.230392620871569 ], [ 55.3057437, 25.2303472 ], [ 55.3056934, 25.2303554 ], [ 55.305688030644674, 25.230383872885216 ], [ 55.305763130635022, 25.230844572886095 ], [ 55.305850730656218, 25.230827872890455 ], [ 55.305847310895416, 25.230761899824156 ], [ 55.305880730667369, 25.230755672892339 ], [ 55.305882510015913, 25.23071145744025 ], [ 55.305950007416492, 25.230696955138036 ], [ 55.3059688, 25.2305973 ], [ 55.305919641994159, 25.230409879764277 ], [ 55.305992951476554, 25.230395904787859 ], [ 55.306052030705352, 25.230781972900473 ], [ 55.306111230719381, 25.230775872903394 ], [ 55.306098229244434, 25.230671334595421 ], [ 55.306191350010373, 25.230652306708933 ], [ 55.306188707603248, 25.230726455177901 ], [ 55.306226176596226, 25.230721235627893 ], [ 55.306233607635001, 25.230748455185058 ], [ 55.306452730802718, 25.230698472920395 ], [ 55.3064465, 25.2306223 ], [ 55.306401586810821, 25.230631272945413 ], [ 55.30639713050337, 25.230602021749522 ], [ 55.306519026159172, 25.230579928193357 ], [ 55.306525930824286, 25.230618872924417 ], [ 55.306630630849327, 25.230603672929568 ], [ 55.3066246, 25.2305109 ], [ 55.306555039145387, 25.230520998623767 ], [ 55.3065284, 25.2301747 ], [ 55.306478289712587, 25.230183452102665 ], [ 55.306469, 25.2301402 ], [ 55.306389989454424, 25.230153986268611 ], [ 55.3064066, 25.2300659 ], [ 55.3063739, 25.2299366 ], [ 55.3061602, 25.2299326 ], [ 55.3060655, 25.229958 ], [ 55.306046707625633, 25.230057655167776 ], [ 55.30607985002063, 25.230191241453483 ], [ 55.306032027922129, 25.230219372810868 ], [ 55.3060222, 25.2301826 ], [ 55.3059925, 25.2301892 ], [ 55.30598044648071, 25.230253118953421 ], [ 55.3058515, 25.2302777 ], [ 55.305846784880764, 25.230302703768501 ], [ 55.3058407, 25.2302767 ], [ 55.3057891, 25.2302866 ], [ 55.305786686681365, 25.230384365770682 ] ], [ [ 55.3062701, 25.2305404 ], [ 55.3062215, 25.2302557 ], [ 55.306174171549351, 25.230259240724152 ], [ 55.306270627515246, 25.230219290173867 ], [ 55.306327019578603, 25.230591974708112 ], [ 55.3063205, 25.2305535 ], [ 55.306266200643826, 25.230561078192295 ], [ 55.3062701, 25.2305404 ] ], [ [ 55.305819127726835, 25.230752966142528 ], [ 55.305815350949054, 25.230753686968022 ], [ 55.305817134858884, 25.230744227148826 ], [ 55.305819127726835, 25.230752966142528 ] ] ], [ [ [ 55.3054636, 25.2488522 ], [ 55.305508529509922, 25.24904447276521 ], [ 55.305693389796296, 25.248998034091283 ], [ 55.30574312174879, 25.249164845829458 ], [ 55.305820652133924, 25.249145403652854 ], [ 55.305808421841952, 25.249210245851167 ], [ 55.305858721857085, 25.249374045862115 ], [ 55.30588845663771, 25.249366589322097 ], [ 55.305875921860945, 25.249433045865732 ], [ 55.305926121875899, 25.249596845876663 ], [ 55.305956667280938, 25.249589172619313 ], [ 55.305953855515362, 25.249689094402651 ], [ 55.305866552195738, 25.249710987489053 ], [ 55.3058803, 25.2496381 ], [ 55.30583, 25.2494743 ], [ 55.3056027, 25.2495313 ], [ 55.305562421180802, 25.249744845737801 ], [ 55.305622514500321, 25.249906189899363 ], [ 55.305619723972441, 25.250010815841573 ], [ 55.305711077477717, 25.250002747083045 ], [ 55.305747321335822, 25.25012084578821 ], [ 55.305974621754686, 25.250063745873408 ], [ 55.30598905884338, 25.249987203894964 ], [ 55.306010321819734, 25.250056445886706 ], [ 55.306230259910286, 25.250001195461582 ], [ 55.306237929618995, 25.250057972794519 ], [ 55.306303929635213, 25.250041372797824 ], [ 55.3062979, 25.2499759 ], [ 55.306239262772372, 25.249990648152902 ], [ 55.306307602801333, 25.249621427210474 ], [ 55.30624832787084, 25.249621427216614 ], [ 55.3062618, 25.24955 ], [ 55.3062115, 25.2493861 ], [ 55.306180954766866, 25.249393773287416 ], [ 55.3061937, 25.2493262 ], [ 55.3061434, 25.2491624 ], [ 55.306113786923376, 25.249169842394142 ], [ 55.3061263, 25.2491035 ], [ 55.306076, 25.2489397 ], [ 55.305998469830818, 25.2489591422794 ], [ 55.3060107, 25.2488943 ], [ 55.305960951488551, 25.248732196999715 ], [ 55.3060605, 25.2483245 ], [ 55.3060475, 25.2482702 ], [ 55.3059685, 25.2482857 ], [ 55.305953361709641, 25.248365961023609 ], [ 55.305852, 25.2479042 ], [ 55.30580429926183, 25.247914797281386 ], [ 55.3057961, 25.247884599999988 ], [ 55.3056966, 25.2479067 ], [ 55.3056697, 25.2479447 ], [ 55.305629421994318, 25.248158245833157 ], [ 55.305702822002864, 25.248428045847771 ], [ 55.305745430054735, 25.24841855667243 ], [ 55.305817922082639, 25.248700145877443 ], [ 55.305864295520678, 25.248689113691647 ], [ 55.305876003864455, 25.24875160118879 ], [ 55.3057331, 25.2487875 ], [ 55.305716154591181, 25.248877340648605 ], [ 55.3056909, 25.2487951 ], [ 55.3054636, 25.2488522 ] ] ], [ [ [ 55.305748529960702, 25.242298272817084 ], [ 55.306351330108455, 25.24215207284718 ], [ 55.3062862, 25.2418952 ], [ 55.3056851, 25.2420469 ], [ 55.305748529960702, 25.242298272817084 ] ] ], [ [ [ 55.306352518565539, 25.239200969914695 ], [ 55.306217771272919, 25.239111138386281 ], [ 55.306127939744513, 25.239111138386274 ], [ 55.306119706087131, 25.239289544053701 ], [ 55.306344284983616, 25.239334459834183 ], [ 55.306352518565539, 25.239200969914695 ] ] ], [ [ [ 55.305993422389982, 25.248692545941594 ], [ 55.306032822445303, 25.248721945954593 ], [ 55.306152522667553, 25.248688045999636 ], [ 55.3061801, 25.2484376 ], [ 55.3060337, 25.248479 ], [ 55.305993422389982, 25.248692545941594 ] ] ], [ [ [ 55.305767777056801, 25.240384525329102 ], [ 55.3057913, 25.2402598 ], [ 55.3055633, 25.2395248 ], [ 55.3049478, 25.2396825 ], [ 55.304907524375501, 25.23989604594038 ], [ 55.305131424436453, 25.240639545988508 ], [ 55.305213668370122, 25.240617485325728 ], [ 55.305191024496587, 25.240737546005793 ], [ 55.305307724537116, 25.241105146031774 ], [ 55.305353785031272, 25.241093173306744 ], [ 55.305334024541871, 25.241197946037182 ], [ 55.305488624601068, 25.241672446072151 ], [ 55.305565970077183, 25.241651819955326 ], [ 55.30567642996207, 25.241990772815424 ], [ 55.306260930106156, 25.241834972844682 ], [ 55.3062663, 25.2418065 ], [ 55.3059589, 25.2408285 ], [ 55.305907552894851, 25.240842193257418 ], [ 55.3059266, 25.2407412 ], [ 55.3058098, 25.2403736 ], [ 55.305767777056801, 25.240384525329102 ] ] ], [ [ [ 55.3061974, 25.2457256 ], [ 55.3061675, 25.245627 ], [ 55.306127692303178, 25.245636885175742 ], [ 55.3061444, 25.2455483 ], [ 55.3060793, 25.2453463 ], [ 55.306050819298541, 25.245353796250715 ], [ 55.3060647, 25.2452802 ], [ 55.3059908, 25.2450411 ], [ 55.3056839, 25.2451187 ], [ 55.305657349852368, 25.245259468122558 ], [ 55.3055752, 25.2449986 ], [ 55.3053153, 25.2450655 ], [ 55.305402229699723, 25.245387172781882 ], [ 55.305645070940955, 25.245324570428266 ], [ 55.305717423283788, 25.245571345980892 ], [ 55.305798292224715, 25.245550904982061 ], [ 55.305841329783526, 25.245687372801363 ], [ 55.305947951491113, 25.245659790407156 ], [ 55.305954423, 25.245679911822332 ], [ 55.3058546, 25.2457047 ], [ 55.305879129783797, 25.245831872802341 ], [ 55.306192029860618, 25.245754072817963 ], [ 55.3061974, 25.2457256 ] ] ], [ [ [ 55.306256422672369, 25.234338369986983 ], [ 55.306262687037126, 25.234260235852034 ], [ 55.306217771272919, 25.234215320087824 ], [ 55.306127939744513, 25.234215320087827 ], [ 55.3060381082161, 25.234305151616237 ], [ 55.306031843787792, 25.234383285738183 ], [ 55.306211506892993, 25.234383285748343 ], [ 55.306256422672369, 25.234338369986983 ] ] ], [ [ [ 55.306217771272919, 25.234664477729893 ], [ 55.30617285550872, 25.234619561965676 ], [ 55.306127939744513, 25.23461956196568 ], [ 55.306083023980307, 25.234664477729886 ], [ 55.306077117507698, 25.23474071366001 ], [ 55.30612203328041, 25.234785629426312 ], [ 55.306166949056021, 25.234785629428711 ], [ 55.306211864834516, 25.234740713667193 ], [ 55.306217771272919, 25.234664477729893 ] ] ], [ [ [ 55.305942022684484, 25.247819945961933 ], [ 55.3059823, 25.2476064 ], [ 55.3059675, 25.2475579 ], [ 55.3058182, 25.247595 ], [ 55.305777922405255, 25.247808545902785 ], [ 55.305792622409356, 25.247857145905954 ], [ 55.305942022684484, 25.247819945961933 ] ] ], [ [ [ 55.305926429485758, 25.251103572773189 ], [ 55.3058955, 25.2509417 ], [ 55.3058302, 25.2509562 ], [ 55.305861029469803, 25.251118072769923 ], [ 55.305926429485758, 25.251103572773189 ] ] ], [ [ [ 55.30590336092348, 25.24328830445743 ], [ 55.305858445159274, 25.243333220221633 ], [ 55.305853433077232, 25.243539457905563 ], [ 55.305943264625, 25.24353945790963 ], [ 55.305988180401343, 25.243494542147698 ], [ 55.305993192451893, 25.243333220221636 ], [ 55.305948276687687, 25.243288304457433 ], [ 55.30590336092348, 25.24328830445743 ] ] ], [ [ [ 55.305757156266573, 25.252601693763935 ], [ 55.305802072052913, 25.252601693768582 ], [ 55.305813529395067, 25.252496036119663 ], [ 55.30576861363086, 25.252496036119659 ], [ 55.305757156266573, 25.252601693763935 ] ] ], [ [ [ 55.305810129556178, 25.249443772777443 ], [ 55.3057652, 25.2492515 ], [ 55.3055379, 25.2493086 ], [ 55.305582829500338, 25.249500872766088 ], [ 55.305810129556178, 25.249443772777443 ] ] ], [ [ [ 55.3060395, 25.2307606 ], [ 55.3060299, 25.2307113 ], [ 55.3059574, 25.2307228 ], [ 55.305961630683406, 25.230800572895991 ], [ 55.306034130700809, 25.230789072899576 ], [ 55.3060395, 25.2307606 ] ] ], [ [ [ 55.30573382955177, 25.249218372775093 ], [ 55.3056906, 25.2490285 ], [ 55.3054694, 25.2490829 ], [ 55.305512629497493, 25.249272772764048 ], [ 55.30573382955177, 25.249218372775093 ] ] ], [ [ [ 55.3056717, 25.2529986 ], [ 55.3056273, 25.252921 ], [ 55.3055238, 25.2529695 ], [ 55.305483519532551, 25.253183045555264 ], [ 55.305527919575404, 25.253260545567944 ], [ 55.305631419776006, 25.253212145607748 ], [ 55.3056717, 25.2529986 ] ] ], [ [ [ 55.304579630374981, 25.230621272830088 ], [ 55.304533930358609, 25.23072077282729 ], [ 55.304599730362689, 25.230910372829339 ], [ 55.304750429358059, 25.230880935105155 ], [ 55.30476273039568, 25.230989172836768 ], [ 55.304863690269357, 25.230971509425789 ], [ 55.304860812078694, 25.231076602848596 ], [ 55.304995559426253, 25.231076602860135 ], [ 55.305005045639362, 25.230936469300786 ], [ 55.304939134238268, 25.23091727722306 ], [ 55.305045066266409, 25.230898016887192 ], [ 55.305082030469677, 25.230983972852279 ], [ 55.305296230521513, 25.230942872862894 ], [ 55.305264966442351, 25.230849491370147 ], [ 55.305326990171366, 25.23082371253243 ], [ 55.305332706856788, 25.23099505502713 ], [ 55.305389006903297, 25.23098995503679 ], [ 55.305401086111651, 25.230925902073448 ], [ 55.305449730558571, 25.230915072870506 ], [ 55.305456490499601, 25.230845200784071 ], [ 55.305512364624875, 25.230832580113795 ], [ 55.305510330573696, 25.230895572873564 ], [ 55.305594730593384, 25.230891872877663 ], [ 55.305588101652567, 25.230774373296402 ], [ 55.305674407181669, 25.230756555090057 ], [ 55.3056932, 25.2306569 ], [ 55.305652895352324, 25.230497076356201 ], [ 55.3056596, 25.2303797 ], [ 55.305600287729725, 25.230389491854215 ], [ 55.305633866338248, 25.230307648601904 ], [ 55.305633866338532, 25.230088095441907 ], [ 55.305693710178971, 25.230077411464798 ], [ 55.305639830648616, 25.230126572884419 ], [ 55.305683430648337, 25.230303172885478 ], [ 55.305974930721902, 25.230195672900244 ], [ 55.3059635, 25.2299198 ], [ 55.3058452, 25.2299062 ], [ 55.305829444450417, 25.23002276626465 ], [ 55.305714538470234, 25.230068528644814 ], [ 55.3056998, 25.2299577 ], [ 55.30561130000001, 25.2299734 ], [ 55.305623594209052, 25.230083069783646 ], [ 55.305543388223413, 25.230085656130935 ], [ 55.3055232, 25.2299998 ], [ 55.3054547, 25.2300151 ], [ 55.305438375455608, 25.230101665963222 ], [ 55.305358086603995, 25.230101815133725 ], [ 55.305364371753008, 25.230038154016672 ], [ 55.305319455988801, 25.230038154016665 ], [ 55.305311022253285, 25.230123577582148 ], [ 55.3051983, 25.2301757 ], [ 55.305179506880577, 25.230275355016168 ], [ 55.305212206875893, 25.230427055018549 ], [ 55.305329196182704, 25.230414896501721 ], [ 55.305324827490338, 25.230438062630387 ], [ 55.3051704, 25.2304679 ], [ 55.305165080473429, 25.230496107956402 ], [ 55.3051491, 25.2304085 ], [ 55.3049518, 25.2304403 ], [ 55.304937141971351, 25.23051802663905 ], [ 55.3048818, 25.23053 ], [ 55.304882507158695, 25.230581429311943 ], [ 55.304861, 25.2305385 ], [ 55.304819616995736, 25.230544678037852 ], [ 55.304825382582536, 25.230487311658731 ], [ 55.304780466818329, 25.230487311658734 ], [ 55.304772676084795, 25.23056482765325 ], [ 55.304714233712552, 25.230573538275102 ], [ 55.30469870000001, 25.2304407 ], [ 55.304640149478814, 25.230448980881935 ], [ 55.3046352, 25.2301814 ], [ 55.3045535, 25.2301946 ], [ 55.304535077717503, 25.230292285731611 ], [ 55.3043189, 25.2303628 ], [ 55.304313530327043, 25.230391272818565 ], [ 55.304347130325809, 25.230544772819282 ], [ 55.304445230348421, 25.23054517282403 ], [ 55.304638170201763, 25.230451479046312 ], [ 55.304641299602743, 25.230524376434033 ], [ 55.30452, 25.2305434 ], [ 55.304523330362215, 25.230617372827396 ], [ 55.304579630374981, 25.230621272830088 ] ], [ [ 55.305508034877384, 25.230182320898791 ], [ 55.305519879100736, 25.230179692693838 ], [ 55.305513233140687, 25.230206276523806 ], [ 55.305508034877384, 25.230182320898791 ] ], [ [ 55.305486243092531, 25.230343420115709 ], [ 55.305491383959158, 25.230341080360979 ], [ 55.305491233737271, 25.230342601934421 ], [ 55.305486243092531, 25.230343420115709 ] ], [ [ 55.305433806997094, 25.230708955050243 ], [ 55.305449625580614, 25.230739581783592 ], [ 55.305371152083822, 25.230757363282535 ], [ 55.305357643743122, 25.230603016405031 ], [ 55.305402429473766, 25.230584895949278 ], [ 55.305433806997094, 25.230708955050243 ] ], [ [ 55.305395637380876, 25.230395081796466 ], [ 55.305393883741793, 25.230385455438189 ], [ 55.305397787801041, 25.230383678593491 ], [ 55.305395637380876, 25.230395081796466 ] ], [ [ 55.305137013597083, 25.230552776259099 ], [ 55.305111106745578, 25.230664354996446 ], [ 55.305156466813415, 25.230800973205454 ], [ 55.305096622537626, 25.230812260958036 ], [ 55.305074440396673, 25.230674457884113 ], [ 55.305104506739511, 25.230667954995251 ], [ 55.305137013597083, 25.230552776259099 ] ], [ [ 55.305139839467692, 25.230548039562002 ], [ 55.305142650312696, 25.230533134467194 ], [ 55.305149634730171, 25.230531620833947 ], [ 55.305143665684959, 25.230541626092769 ], [ 55.305139839467692, 25.230548039562002 ] ], [ [ 55.305060209020446, 25.230565155312728 ], [ 55.305055589865454, 25.230589649249058 ], [ 55.305050493620364, 25.230566721198894 ], [ 55.305060209020446, 25.230565155312728 ] ], [ [ 55.3048512, 25.2308618 ], [ 55.304788757807742, 25.23087279729037 ], [ 55.304836286405965, 25.230779465452965 ], [ 55.304861230219736, 25.230860034793135 ], [ 55.3048512, 25.2308618 ] ], [ [ 55.304744842361067, 25.230638997361076 ], [ 55.304760464171814, 25.230636662135563 ], [ 55.30479084202679, 25.230831766046709 ], [ 55.304744842361067, 25.230638997361076 ] ] ], [ [ [ 55.3059352, 25.2309099 ], [ 55.3058501, 25.2309269 ], [ 55.305845007252579, 25.231082855112181 ], [ 55.305930107324798, 25.231065855126964 ], [ 55.3059352, 25.2309099 ] ] ], [ [ [ 55.305578203413134, 25.248755154697971 ], [ 55.305597, 25.2486555 ], [ 55.305552671493274, 25.248511145957877 ], [ 55.3055822, 25.2484088 ], [ 55.3055319, 25.248245 ], [ 55.305497661695057, 25.248253589741783 ], [ 55.3055129, 25.248172799999988 ], [ 55.3054626, 25.248009 ], [ 55.3052353, 25.2480661 ], [ 55.30521650324166, 25.248165754648909 ], [ 55.305266803248713, 25.248329554654013 ], [ 55.305301129127571, 25.248320931694668 ], [ 55.305285903249363, 25.248401654655762 ], [ 55.305330176728006, 25.248546116729372 ], [ 55.305302689554892, 25.248637923691405 ], [ 55.3052783, 25.2485585 ], [ 55.3050511, 25.2486156 ], [ 55.305095929428497, 25.248807872746621 ], [ 55.305326613645143, 25.248732831020632 ], [ 55.305351003217751, 25.248812254658233 ], [ 55.305578203413134, 25.248755154697971 ] ] ], [ [ [ 55.305764138902276, 25.236125509563326 ], [ 55.30576861363086, 25.236056866420267 ], [ 55.305723697866654, 25.23605686642027 ], [ 55.305719223129429, 25.236125509561518 ], [ 55.305764138902276, 25.236125509563326 ] ] ], [ [ [ 55.3050613, 25.2496059 ], [ 55.305011, 25.249442 ], [ 55.3047837, 25.2494991 ], [ 55.304743419776209, 25.249712645441441 ], [ 55.30479371979132, 25.249876445452404 ], [ 55.304829151047706, 25.249867560416117 ], [ 55.304816119803661, 25.249936645457861 ], [ 55.304866319818608, 25.250100445468778 ], [ 55.305010647984119, 25.250064188979692 ], [ 55.305029129335892, 25.250124372735524 ], [ 55.305205826194197, 25.250079984798607 ], [ 55.305252120424733, 25.250241945602735 ], [ 55.30548512085246, 25.250187145689907 ], [ 55.3055254, 25.2499736 ], [ 55.3054449, 25.2495831 ], [ 55.3052287, 25.2496349 ], [ 55.305197253000387, 25.249878578998743 ], [ 55.30512109022586, 25.249897711875317 ], [ 55.3051339, 25.2498298 ], [ 55.3050836, 25.249666 ], [ 55.305048289838091, 25.24967487419169 ], [ 55.3050613, 25.2496059 ] ] ], [ [ [ 55.305274540224595, 25.243557799042673 ], [ 55.305271855109595, 25.243661866963944 ], [ 55.305361686647068, 25.2437067827302 ], [ 55.305586265495343, 25.243661866971575 ], [ 55.305588950574041, 25.243602714806876 ], [ 55.305409287517215, 25.243557799042666 ], [ 55.305274540224595, 25.243557799042673 ] ] ], [ [ [ 55.3057586, 25.2310045 ], [ 55.3057442, 25.2309454 ], [ 55.3055886, 25.2309763 ], [ 55.305584207031224, 25.231135055066861 ], [ 55.305739807163235, 25.231104155093892 ], [ 55.3057586, 25.2310045 ] ] ], [ [ [ 55.305672517436186, 25.236449410856963 ], [ 55.305678782102454, 25.236371276769713 ], [ 55.305588950574041, 25.236371276769713 ], [ 55.305582685883586, 25.23644941085189 ], [ 55.305672517436186, 25.236449410856963 ] ] ], [ [ [ 55.305674486335931, 25.236349139284659 ], [ 55.305678782102454, 25.236236529477093 ], [ 55.305588950574041, 25.23623652947709 ], [ 55.305584654790934, 25.23634913928117 ], [ 55.305674486335931, 25.236349139284659 ] ] ], [ [ [ 55.3053924, 25.2477814 ], [ 55.305309405176232, 25.247802221812218 ], [ 55.3053205, 25.2477434 ], [ 55.305279697929159, 25.247610529669611 ], [ 55.305449121942225, 25.247566245794086 ], [ 55.3054894, 25.2473527 ], [ 55.3053999, 25.2470546 ], [ 55.3049458, 25.247186 ], [ 55.3049116, 25.2472329 ], [ 55.304871320994074, 25.247446445589365 ], [ 55.304873620964692, 25.247522345586805 ], [ 55.304945465119737, 25.247657623889491 ], [ 55.304772, 25.2477012 ], [ 55.304766629415646, 25.247729672737087 ], [ 55.304816929417655, 25.24789347273855 ], [ 55.30504412947348, 25.247836372749905 ], [ 55.305048245894326, 25.247814548853682 ], [ 55.305074503181388, 25.247900054630364 ], [ 55.305163178718132, 25.247877807770067 ], [ 55.305210029500401, 25.248030772756785 ], [ 55.305437329556241, 25.247973672768151 ], [ 55.3053924, 25.2477814 ] ], [ [ 55.305035897814157, 25.247674253490548 ], [ 55.305025475479496, 25.247729509285254 ], [ 55.305010570033282, 25.247680873570719 ], [ 55.305035897814157, 25.247674253490548 ] ] ], [ [ [ 55.305409287517215, 25.243063725636404 ], [ 55.305398547178257, 25.243165586990941 ], [ 55.305443462942144, 25.24334525004997 ], [ 55.305533294512045, 25.243345250058685 ], [ 55.305544034809834, 25.243153557164817 ], [ 55.305499119045628, 25.243063725636397 ], [ 55.305409287517215, 25.243063725636404 ] ] ], [ [ [ 55.3057021, 25.2308014 ], [ 55.3056408, 25.2308087 ], [ 55.305640430605088, 25.230872172880002 ], [ 55.305701830619682, 25.230864872883014 ], [ 55.3057021, 25.2308014 ] ] ], [ [ [ 55.305629570573963, 25.236124560462962 ], [ 55.305633866338248, 25.236056866420267 ], [ 55.305588950574041, 25.236056866420267 ], [ 55.305584654801464, 25.236124560461221 ], [ 55.305629570573963, 25.236124560462962 ] ] ], [ [ [ 55.3053122, 25.2491301 ], [ 55.305242927909738, 25.24914750187515 ], [ 55.305255, 25.2490835 ], [ 55.3052047, 25.2489197 ], [ 55.3049774, 25.2489768 ], [ 55.304957800505179, 25.249080708256493 ], [ 55.3049297, 25.2489892 ], [ 55.3047024, 25.2490462 ], [ 55.304697029320721, 25.24907467272568 ], [ 55.304747329322737, 25.249238572727144 ], [ 55.304937277102511, 25.249190856022327 ], [ 55.304987420356497, 25.249354145546217 ], [ 55.305056692652343, 25.249336743764289 ], [ 55.305044620435091, 25.249400745564927 ], [ 55.305094920450223, 25.249564545575886 ], [ 55.305180723496044, 25.249542991125242 ], [ 55.305198129405682, 25.249599672746843 ], [ 55.305425429461536, 25.249542572758198 ], [ 55.3053805, 25.2493503 ], [ 55.305350437335456, 25.249357852061109 ], [ 55.3053625, 25.2492939 ], [ 55.3053122, 25.2491301 ] ] ], [ [ [ 55.303376830088432, 25.230774572770876 ], [ 55.303393930087772, 25.230853272771235 ], [ 55.303318751011126, 25.231251891523375 ], [ 55.303360250986209, 25.231443691536388 ], [ 55.303426128412674, 25.231422029453348 ], [ 55.303422969977326, 25.231708270694511 ], [ 55.303512801534609, 25.231798102230055 ], [ 55.303647548880363, 25.231843018005957 ], [ 55.305399264419393, 25.232022681219249 ], [ 55.305623843337166, 25.232022681239567 ], [ 55.305633866338248, 25.231879700349111 ], [ 55.305475017102317, 25.231809100879659 ], [ 55.305633866338248, 25.231565289999669 ], [ 55.305633866338248, 25.231430542707056 ], [ 55.305439824817881, 25.231256265959843 ], [ 55.305489633015362, 25.231256265957359 ], [ 55.305534548802527, 25.231211350197473 ], [ 55.305544034809834, 25.231116132357609 ], [ 55.305499119045628, 25.231071216593403 ], [ 55.305409287517215, 25.23107121659341 ], [ 55.305364371753008, 25.231116132357609 ], [ 55.305355422282886, 25.23120596388711 ], [ 55.305274540224595, 25.231250879650229 ], [ 55.305265233077158, 25.231345148370309 ], [ 55.30530077210333, 25.231475458486582 ], [ 55.305229624460388, 25.231475458471262 ], [ 55.305220317272187, 25.231569727185246 ], [ 55.305265233049802, 25.231614642952749 ], [ 55.305338731479708, 25.231614642962988 ], [ 55.305380282540945, 25.231766996626359 ], [ 55.305229624460388, 25.231700037292292 ], [ 55.30347052908553, 25.231348091752814 ], [ 55.303482473007392, 25.231284761860643 ], [ 55.303727430141386, 25.231251572785016 ], [ 55.303721432380556, 25.23113948645101 ], [ 55.303772105568669, 25.231129654759595 ], [ 55.30379090000001, 25.23103 ], [ 55.303742424585352, 25.230825776606032 ], [ 55.303757705610771, 25.230867554762625 ], [ 55.303813905658849, 25.230854454772441 ], [ 55.3038327, 25.2307548 ], [ 55.3037857, 25.2306242 ], [ 55.303745572857672, 25.230632211735983 ], [ 55.3037244, 25.2304576 ], [ 55.3035936, 25.2304523 ], [ 55.3034234, 25.2305287 ], [ 55.303404605374631, 25.230628354707719 ], [ 55.303427040205214, 25.230738152645621 ], [ 55.3033822, 25.2307461 ], [ 55.303376830088432, 25.230774572770876 ] ], [ [ 55.303557, 25.2308286 ], [ 55.303529837554372, 25.230902207727354 ], [ 55.303514569821743, 25.230831878212665 ], [ 55.303562530128417, 25.230823372779579 ], [ 55.303561844998704, 25.23076686891595 ], [ 55.303617799493537, 25.230742563206551 ], [ 55.303603837211824, 25.230819511091777 ], [ 55.303557, 25.2308286 ] ], [ [ 55.303603684996865, 25.231198220878838 ], [ 55.30354853963923, 25.231210066472617 ], [ 55.30351570539797, 25.231108554358279 ], [ 55.303532123178442, 25.23102150243443 ], [ 55.303603684996865, 25.231198220878838 ] ] ], [ [ [ 55.305588950574041, 25.235113635371945 ], [ 55.305454203281421, 25.234978888079329 ], [ 55.305409287517215, 25.234978888079333 ], [ 55.305274540224595, 25.235068719607739 ], [ 55.305270960395681, 25.235357196083154 ], [ 55.305450623480155, 25.235357196088962 ], [ 55.305585370795256, 25.235312280329289 ], [ 55.305588950574041, 25.235113635371945 ] ] ], [ [ [ 55.3053716, 25.2389478 ], [ 55.305344985441472, 25.238954450728325 ], [ 55.3053598, 25.2388759 ], [ 55.3052525, 25.2385294 ], [ 55.305174569689719, 25.238549159114573 ], [ 55.3051961, 25.238435 ], [ 55.3051201, 25.2381607 ], [ 55.3050425, 25.2381052 ], [ 55.3045737, 25.2382311 ], [ 55.3045284, 25.2382987 ], [ 55.304488124257475, 25.238512245849829 ], [ 55.30458622429834, 25.238805745872355 ], [ 55.304617920587276, 25.238797725672434 ], [ 55.304598924279588, 25.23889844587282 ], [ 55.304706324313273, 25.239244945896367 ], [ 55.304772865887507, 25.23922807196983 ], [ 55.304895629919493, 25.239640872791593 ], [ 55.305163329985113, 25.239575672804957 ], [ 55.305046650057072, 25.239158644117172 ], [ 55.305169128885915, 25.239127584998858 ], [ 55.305297030018444, 25.239533672811692 ], [ 55.305519430073048, 25.239478072822806 ], [ 55.3053716, 25.2389478 ] ] ], [ [ [ 55.305544034809834, 25.236506024062326 ], [ 55.305499119045628, 25.236506024062333 ], [ 55.305492854321763, 25.236584158138484 ], [ 55.305537770098077, 25.236584158141028 ], [ 55.305544034809834, 25.236506024062326 ] ] ], [ [ [ 55.305494823224883, 25.236798296917605 ], [ 55.305499119045628, 25.236730602883362 ], [ 55.305454203281421, 25.236730602883366 ], [ 55.305449907452385, 25.236798296915861 ], [ 55.305494823224883, 25.236798296917605 ] ] ], [ [ [ 55.30549500223762, 25.236348190183023 ], [ 55.305499119045628, 25.2362814452413 ], [ 55.305454203281421, 25.2362814452413 ], [ 55.30545008646547, 25.236348190181353 ], [ 55.30549500223762, 25.236348190183023 ] ] ], [ [ [ 55.305495002245692, 25.23616852712702 ], [ 55.305499119045628, 25.236101782184473 ], [ 55.305454203281421, 25.236101782184477 ], [ 55.305450086473535, 25.236168527125351 ], [ 55.305495002245692, 25.23616852712702 ] ] ], [ [ [ 55.305454203281421, 25.236640771354949 ], [ 55.305409287517215, 25.236640771354949 ], [ 55.305404991684092, 25.236708465386144 ], [ 55.305449907456591, 25.236708465387888 ], [ 55.305454203281421, 25.236640771354949 ] ] ], [ [ [ 55.305454203281421, 25.236461108298126 ], [ 55.305364371753008, 25.236461108298126 ], [ 55.305358106992863, 25.236584158130871 ], [ 55.30544793854547, 25.236584158135951 ], [ 55.305454203281421, 25.236461108298126 ] ] ], [ [ [ 55.304817318742742, 25.252354245350102 ], [ 55.304832168953546, 25.252275519175733 ], [ 55.304867518837504, 25.25233654536915 ], [ 55.305115619319047, 25.252218945464634 ], [ 55.305128872390256, 25.25214868525013 ], [ 55.305218703960719, 25.252149688798607 ], [ 55.305229624460388, 25.25200196271339 ], [ 55.30515390724679, 25.252001962717017 ], [ 55.3050374, 25.251801 ], [ 55.304977820300415, 25.251829252369479 ], [ 55.3049989, 25.2517175 ], [ 55.3048962, 25.25154 ], [ 55.304831727417898, 25.251570504650871 ], [ 55.3048531, 25.2514572 ], [ 55.3047379, 25.2512593 ], [ 55.30466397531481, 25.251294491241811 ], [ 55.3046788, 25.2512159 ], [ 55.304544508716191, 25.251032471516677 ], [ 55.3045575, 25.2509636 ], [ 55.304336, 25.2505913 ], [ 55.3037753, 25.2508642 ], [ 55.303735017429048, 25.2510777450136 ], [ 55.303956517649098, 25.251449945077507 ], [ 55.304003797842562, 25.251426941819215 ], [ 55.303988517679024, 25.251507945086555 ], [ 55.304107317800714, 25.251699245121198 ], [ 55.30416536276131, 25.251669765652707 ], [ 55.304147917843345, 25.251762245133143 ], [ 55.30426311795199, 25.25196904516579 ], [ 55.304318952659067, 25.251943602961294 ], [ 55.304304117999628, 25.252022245178313 ], [ 55.304418218113049, 25.252213845211237 ], [ 55.304450929316822, 25.252197902127058 ], [ 55.304440018132389, 25.25225574521729 ], [ 55.304569518260621, 25.252474345254601 ], [ 55.304817318742742, 25.252354245350102 ] ] ], [ [ [ 55.305403201770964, 25.236448461747237 ], [ 55.305409287517215, 25.236371276769713 ], [ 55.305364371753008, 25.236371276769713 ], [ 55.305358285995013, 25.236448461744764 ], [ 55.305403201770964, 25.236448461747237 ] ] ], [ [ [ 55.3051595, 25.2527898 ], [ 55.3051287, 25.2527352 ], [ 55.3050229, 25.2527841 ], [ 55.304982618746223, 25.252997645381413 ], [ 55.30501341877558, 25.253052245390165 ], [ 55.30511921898038, 25.253003345430837 ], [ 55.3051595, 25.2527898 ] ] ], [ [ [ 55.305018, 25.2478975 ], [ 55.304792, 25.2479521 ], [ 55.304773202906702, 25.248051754576075 ], [ 55.304818802911846, 25.248206354580578 ], [ 55.30484520816087, 25.248199986973841 ], [ 55.304832802910973, 25.248265754581713 ], [ 55.304883102918033, 25.248429554586824 ], [ 55.304916943819414, 25.248421053458106 ], [ 55.304965429410856, 25.24859457274157 ], [ 55.305192629466674, 25.248537472752915 ], [ 55.305198, 25.248509 ], [ 55.3051478, 25.2483452 ], [ 55.305113942413584, 25.248353690489779 ], [ 55.3051292, 25.2482728 ], [ 55.3050789, 25.248109 ], [ 55.305051592438979, 25.248115859950097 ], [ 55.3050636, 25.2480522 ], [ 55.305018, 25.2478975 ] ] ], [ [ [ 55.305360433915816, 25.236302325319553 ], [ 55.305364371753008, 25.236236529477097 ], [ 55.305319455988801, 25.236236529477097 ], [ 55.305315518143999, 25.236302325317961 ], [ 55.305360433915816, 25.236302325319553 ] ] ], [ [ [ 55.305229624460388, 25.24328830445743 ], [ 55.305184708696189, 25.243243388693227 ], [ 55.305139792931982, 25.243243388693227 ], [ 55.305005045639362, 25.243288304457426 ], [ 55.305001465451404, 25.243486949363398 ], [ 55.30504638122077, 25.243531865128872 ], [ 55.30513621276301, 25.243531865131786 ], [ 55.305226044310508, 25.243397117842598 ], [ 55.305229624460388, 25.24328830445743 ] ] ], [ [ [ 55.305222285223692, 25.24251873351519 ], [ 55.305229624460388, 25.242434904937518 ], [ 55.305184708696189, 25.242434904937522 ], [ 55.30517736944531, 25.242518733512217 ], [ 55.305222285223692, 25.24251873351519 ] ] ], [ [ [ 55.30504351902907, 25.252594345421617 ], [ 55.3050838, 25.2523808 ], [ 55.3050207, 25.2522705 ], [ 55.3049571, 25.2523002 ], [ 55.304916818845001, 25.25251374537914 ], [ 55.304979918905779, 25.252624145397149 ], [ 55.30504351902907, 25.252594345421617 ] ] ], [ [ [ 55.304381074146491, 25.25342778154144 ], [ 55.304363415949283, 25.253521390734477 ], [ 55.304459716000579, 25.253682090749319 ], [ 55.304584516110829, 25.253703690773012 ], [ 55.304745016278659, 25.253620490806124 ], [ 55.304765249538733, 25.253513229028037 ], [ 55.304810616347062, 25.253587290819645 ], [ 55.304985416528858, 25.253500890855605 ], [ 55.3050414, 25.2533006 ], [ 55.3049256, 25.2531167 ], [ 55.304894110739205, 25.25313214933168 ], [ 55.3049064, 25.253067 ], [ 55.3047634, 25.2528344 ], [ 55.304732486356485, 25.252849956500583 ], [ 55.3047434, 25.2527921 ], [ 55.3046037, 25.2525638 ], [ 55.304544615274459, 25.252593354108249 ], [ 55.3045643, 25.252489 ], [ 55.3043273, 25.2521097 ], [ 55.3037914, 25.2523837 ], [ 55.303769915641006, 25.252497590643781 ], [ 55.304003915769428, 25.252871890680236 ], [ 55.304039742442455, 25.252854007386858 ], [ 55.304020315764625, 25.252956990681394 ], [ 55.304155115837439, 25.253177590702276 ], [ 55.304202966627535, 25.253153694655307 ], [ 55.304188215855291, 25.253231890707397 ], [ 55.304326115930273, 25.253455490728804 ], [ 55.304381074146491, 25.25342778154144 ] ], [ [ 55.30466471802481, 25.253345630856902 ], [ 55.304638848458481, 25.253304717821546 ], [ 55.304675958286168, 25.253286043365275 ], [ 55.30466471802481, 25.253345630856902 ] ], [ [ 55.304622980229354, 25.253283448194793 ], [ 55.304581332493036, 25.253305148812856 ], [ 55.304594243300293, 25.25323670554986 ], [ 55.304622980229354, 25.253283448194793 ] ], [ [ 55.304497709219014, 25.253052022730571 ], [ 55.304481766482709, 25.253026160553375 ], [ 55.304504757950028, 25.253014655775182 ], [ 55.304497709219014, 25.253052022730571 ] ], [ [ 55.304419814523527, 25.252952255564647 ], [ 55.304447713668523, 25.252997901376922 ], [ 55.304407363396706, 25.253018261647853 ], [ 55.304419814523527, 25.252952255564647 ] ], [ [ 55.304304068660457, 25.252722065490616 ], [ 55.304349042657243, 25.252699616052972 ], [ 55.304331432227201, 25.252792972646787 ], [ 55.304291871415451, 25.252728153922504 ], [ 55.304304068660457, 25.252722065490616 ] ] ], [ [ [ 55.305274540224595, 25.231116132357609 ], [ 55.305264875123989, 25.231212299269725 ], [ 55.305309790906847, 25.23121229927364 ], [ 55.305319455988801, 25.231116132357609 ], [ 55.305274540224595, 25.231116132357609 ] ] ], [ [ [ 55.304990729368377, 25.249418772737869 ], [ 55.3049458, 25.2492265 ], [ 55.3047186, 25.2492836 ], [ 55.304763429312544, 25.249475872726514 ], [ 55.304990729368377, 25.249418772737869 ] ] ], [ [ [ 55.305229624460388, 25.231205963886026 ], [ 55.305229624460388, 25.231116132357609 ], [ 55.305139792931982, 25.231116132357609 ], [ 55.30513030675521, 25.231256265926593 ], [ 55.305220138320252, 25.231256265934288 ], [ 55.305229624460388, 25.231205963886026 ] ] ], [ [ [ 55.30494974740315, 25.242669615361958 ], [ 55.304994663187408, 25.242669615366172 ], [ 55.305039578976753, 25.24262469960669 ], [ 55.305049961403569, 25.242524736465931 ], [ 55.304960129875155, 25.242524736465931 ], [ 55.30494974740315, 25.242669615361958 ] ] ], [ [ [ 55.3045463, 25.2407525 ], [ 55.304613529774571, 25.2410024727698 ], [ 55.305063329885485, 25.240881872792329 ], [ 55.3048594, 25.2401522 ], [ 55.304821246029391, 25.240162110993666 ], [ 55.3048333, 25.2400982 ], [ 55.3047611, 25.2398779 ], [ 55.304707166982048, 25.239892365247567 ], [ 55.3047267, 25.2397888 ], [ 55.3046574, 25.2395685 ], [ 55.304211, 25.2396833 ], [ 55.304170723099368, 25.239896845672465 ], [ 55.304240023122539, 25.240117145687808 ], [ 55.304290824024619, 25.240104081421489 ], [ 55.304270423133374, 25.240212245694611 ], [ 55.304342623161567, 25.240432545710995 ], [ 55.304595246476381, 25.240364791034512 ], [ 55.304583523581158, 25.240426945798834 ], [ 55.304675878339829, 25.240717757731563 ], [ 55.3045463, 25.2407525 ] ] ], [ [ [ 55.304813209897866, 25.243128263908424 ], [ 55.304992873054687, 25.243083348164564 ], [ 55.305005045639362, 25.243018809872193 ], [ 55.304915214110949, 25.242569652230134 ], [ 55.30460080376151, 25.242569652230134 ], [ 55.30458863101299, 25.242724022011362 ], [ 55.304678462540686, 25.243083348130021 ], [ 55.304723378322421, 25.243128263898555 ], [ 55.304813209897866, 25.243128263908424 ] ] ], [ [ [ 55.304996453350334, 25.241761809164565 ], [ 55.305005045639362, 25.24162642118181 ], [ 55.304915214110949, 25.24158150541761 ], [ 55.304870298346742, 25.241581505417603 ], [ 55.304825737526897, 25.24162606623765 ], [ 55.3047428, 25.2413956 ], [ 55.3046684, 25.2414144 ], [ 55.304659241885453, 25.241462955901255 ], [ 55.3043236, 25.2415488 ], [ 55.304304803841731, 25.241648454630308 ], [ 55.304371103851807, 25.241860554637135 ], [ 55.304776611997184, 25.241756841522339 ], [ 55.304771874442118, 25.241806724910919 ], [ 55.304816790218716, 25.241851640678188 ], [ 55.304906621780312, 25.241851640685152 ], [ 55.304996453350334, 25.241761809164565 ] ] ], [ [ [ 55.305094877167775, 25.231475458471255 ], [ 55.305085032969124, 25.231572574458795 ], [ 55.305129948752338, 25.231572574462795 ], [ 55.305139792931982, 25.231475458471266 ], [ 55.305094877167775, 25.231475458471255 ] ] ], [ [ [ 55.304956907691931, 25.243709629997412 ], [ 55.304960129875155, 25.243602714806869 ], [ 55.304915214110949, 25.243602714806872 ], [ 55.304911991921493, 25.243709629996104 ], [ 55.304956907691931, 25.243709629997412 ] ] ], [ [ [ 55.304550020676658, 25.237323605217018 ], [ 55.304552399789046, 25.23746250899956 ], [ 55.3042981, 25.2375265 ], [ 55.304257824198103, 25.237740045800656 ], [ 55.304409524244043, 25.238233145833743 ], [ 55.30498912531251, 25.238085346051065 ], [ 55.3050294, 25.2378718 ], [ 55.304859574285871, 25.237385212131095 ], [ 55.3048711, 25.2373241 ], [ 55.3048141, 25.2371321 ], [ 55.304779690900993, 25.237140453848237 ], [ 55.3047956, 25.2370561 ], [ 55.3046452, 25.236624 ], [ 55.304584643637817, 25.2366407690822 ], [ 55.3046028, 25.2365445 ], [ 55.3045344, 25.2363285 ], [ 55.3039635, 25.2364763 ], [ 55.303923224080371, 25.236689845725998 ], [ 55.303991624103851, 25.236905845741191 ], [ 55.304026476596235, 25.23689682290226 ], [ 55.304009724100112, 25.236985645744202 ], [ 55.304166724179346, 25.237423845781681 ], [ 55.304221080434935, 25.237409883911056 ], [ 55.304254929896217, 25.237513872773228 ], [ 55.304499129956397, 25.23744887278546 ], [ 55.304314286317961, 25.236822312486197 ], [ 55.304397971595542, 25.236800647267259 ], [ 55.304379224777449, 25.236900045882376 ], [ 55.304517524826991, 25.237332145913317 ], [ 55.304550020676658, 25.237323605217018 ] ] ], [ [ [ 55.3048203, 25.2486028 ], [ 55.30477, 25.248439 ], [ 55.3045427, 25.2484961 ], [ 55.304523902593566, 25.248595754522402 ], [ 55.304565983850125, 25.248732790516218 ], [ 55.304536002554215, 25.248835254519456 ], [ 55.304586302561269, 25.248999054524567 ], [ 55.304813602756724, 25.248941954564341 ], [ 55.3048324, 25.2488423 ], [ 55.304790318763168, 25.248705264111784 ], [ 55.3048203, 25.2486028 ] ] ], [ [ [ 55.3049706, 25.2301133 ], [ 55.304977336188927, 25.230211967836716 ], [ 55.3047583, 25.2302824 ], [ 55.304789730432375, 25.230469172841179 ], [ 55.304885230454353, 25.230470172845799 ], [ 55.305077930504098, 25.230380072855681 ], [ 55.3050207, 25.2301063 ], [ 55.3049706, 25.2301133 ] ] ], [ [ [ 55.304960129875155, 25.231295795414432 ], [ 55.304950464624994, 25.231391962297188 ], [ 55.304995380407867, 25.231391962301103 ], [ 55.305005045639362, 25.231295795414432 ], [ 55.304960129875155, 25.231295795414432 ] ] ], [ [ [ 55.304775729433878, 25.24745437273917 ], [ 55.3047811, 25.2474259 ], [ 55.3047483, 25.247401 ], [ 55.30471372941917, 25.247460972736121 ], [ 55.30474662942531, 25.24748587273757 ], [ 55.304775729433878, 25.24745437273917 ] ] ], [ [ [ 55.303776, 25.2464349 ], [ 55.3037687, 25.2464103 ], [ 55.3036612, 25.2464374 ], [ 55.303633218333829, 25.246585742391851 ], [ 55.303592682971527, 25.246464728029942 ], [ 55.3036596, 25.2461866 ], [ 55.3036204, 25.2460569 ], [ 55.3035191, 25.2459986 ], [ 55.303467225107781, 25.246014683855844 ], [ 55.3035179, 25.2457841 ], [ 55.3034659, 25.2456142 ], [ 55.3034002, 25.2455802 ], [ 55.3031977, 25.2456209 ], [ 55.303165557397222, 25.24571541462382 ], [ 55.3031424, 25.2456425 ], [ 55.3028889, 25.2457077 ], [ 55.302868613488243, 25.245815244397168 ], [ 55.3028296, 25.2456992 ], [ 55.3027121, 25.2457316 ], [ 55.302706065555768, 25.245763590016484 ], [ 55.302698, 25.2457388 ], [ 55.3025565, 25.2457764 ], [ 55.302551402857318, 25.245803420959135 ], [ 55.3025429, 25.2457798 ], [ 55.3024167, 25.245817 ], [ 55.302520628989875, 25.246144572637622 ], [ 55.302701217833508, 25.24608604486103 ], [ 55.302707713197407, 25.246051611530557 ], [ 55.302718917864681, 25.246084844867525 ], [ 55.302885314325053, 25.24603362955153 ], [ 55.302925165408617, 25.246155676126762 ], [ 55.3027708, 25.2462041 ], [ 55.302719017683145, 25.246498044849062 ], [ 55.302794269839218, 25.246651636884931 ], [ 55.3027431, 25.2466656 ], [ 55.302702817487493, 25.246879144826107 ], [ 55.302768117514489, 25.247074944841092 ], [ 55.302806871431386, 25.247064379052329 ], [ 55.302831229002841, 25.247146772646715 ], [ 55.302898715075912, 25.247130424494852 ], [ 55.302871115303205, 25.247178497102755 ], [ 55.3028558, 25.2471553 ], [ 55.3027333, 25.2472214 ], [ 55.302727928972935, 25.247249872641099 ], [ 55.302878228994203, 25.247479272647009 ], [ 55.302904644804279, 25.247464473953947 ], [ 55.302928162041461, 25.247496893188934 ], [ 55.30290080000001, 25.2475111 ], [ 55.302860517388822, 25.247724644845626 ], [ 55.302994417527948, 25.247935644884883 ], [ 55.303103510513985, 25.247878984164544 ], [ 55.30314422902827, 25.247945872657123 ], [ 55.303231629046842, 25.247973472661197 ], [ 55.303430384159341, 25.247917908575495 ], [ 55.303456660484812, 25.248043984637064 ], [ 55.303294200000011, 25.2480875 ], [ 55.303254001629973, 25.248289054313275 ], [ 55.30346790173023, 25.248643054342189 ], [ 55.303846972593071, 25.248537626313613 ], [ 55.30385612915633, 25.248565972687949 ], [ 55.303977429186219, 25.24853397269402 ], [ 55.3038239, 25.2480111 ], [ 55.303796673945612, 25.247997613909213 ], [ 55.304010315556823, 25.247939068585815 ], [ 55.303999302292276, 25.247997454445873 ], [ 55.304043727938613, 25.248142124846378 ], [ 55.304009902249938, 25.248245554442484 ], [ 55.304060202256984, 25.248409354447602 ], [ 55.304099115380389, 25.248399579131814 ], [ 55.304145329224063, 25.24855007270207 ], [ 55.304372629279904, 25.248492972713425 ], [ 55.3043277, 25.2483007 ], [ 55.304295711243554, 25.248308735915646 ], [ 55.304261874378888, 25.248107929708343 ], [ 55.304290523890224, 25.248031941032298 ], [ 55.304311102523485, 25.248098954496658 ], [ 55.304402618056976, 25.248076005239788 ], [ 55.30439110258034, 25.248137054509456 ], [ 55.304518329314782, 25.248471872720614 ], [ 55.304745529370607, 25.248414772731973 ], [ 55.3047509, 25.2483863 ], [ 55.3047006, 25.2482225 ], [ 55.304671343870162, 25.248229852685881 ], [ 55.3046875, 25.2481442 ], [ 55.3046372, 25.2479803 ], [ 55.304545696432186, 25.248003286647272 ], [ 55.3045572, 25.2479423 ], [ 55.3045069, 25.2477784 ], [ 55.3042796, 25.2478355 ], [ 55.304265978616613, 25.247907713517019 ], [ 55.3042454, 25.2478407 ], [ 55.304045095319367, 25.247891018531188 ], [ 55.3041072, 25.2476457 ], [ 55.3040416, 25.24744 ], [ 55.3039581, 25.2474034 ], [ 55.303901767882842, 25.247418516568239 ], [ 55.3039609, 25.2472571 ], [ 55.3039414, 25.2471837 ], [ 55.303919860250666, 25.247189266296413 ], [ 55.303913, 25.2470588 ], [ 55.3038375, 25.2470193 ], [ 55.3037549, 25.2470395 ], [ 55.303740821742785, 25.247114134533913 ], [ 55.3037239, 25.2470609 ], [ 55.303609, 25.2470908 ], [ 55.303594173690485, 25.247169399701033 ], [ 55.3035728, 25.2471004 ], [ 55.303536571606685, 25.247109332436448 ], [ 55.3035674, 25.2469459 ], [ 55.303544288207249, 25.246876740847235 ], [ 55.303612619072595, 25.246858045157964 ], [ 55.303641821374519, 25.246703232272623 ], [ 55.303735719377968, 25.246648445212109 ], [ 55.303776, 25.2464349 ] ], [ [ 55.303461001952563, 25.247532454364219 ], [ 55.303642502108865, 25.247485754395992 ], [ 55.303657749270343, 25.247404923712548 ], [ 55.303681302141435, 25.247479854402705 ], [ 55.303823090690429, 25.247440179493847 ], [ 55.303818908307264, 25.247462351978236 ], [ 55.3035674, 25.2475408 ], [ 55.30355592870157, 25.247601613150607 ], [ 55.3035358, 25.2475392 ], [ 55.3034175, 25.2475705 ], [ 55.303396963064884, 25.247679372275147 ], [ 55.3033647, 25.2475863 ], [ 55.303320912136691, 25.24759873241138 ], [ 55.3031922, 25.2473598 ], [ 55.30313262563584, 25.247390732136164 ], [ 55.3031471, 25.247314 ], [ 55.302971162217723, 25.247089941267912 ], [ 55.302953905380534, 25.247024291905646 ], [ 55.303004203941377, 25.247010578530407 ], [ 55.303034329051698, 25.247113472656753 ], [ 55.303235783236097, 25.247065164383695 ], [ 55.303306345626595, 25.247219807525763 ], [ 55.303271801836054, 25.247354954335805 ], [ 55.303368801884098, 25.24750295434918 ], [ 55.303461001952563, 25.247532454364219 ] ], [ [ 55.303603702506244, 25.248004598956165 ], [ 55.303603749679816, 25.248004348874176 ], [ 55.303603817021553, 25.248004568282802 ], [ 55.303603702506244, 25.248004598956165 ] ], [ [ 55.303351059368239, 25.246503981438334 ], [ 55.30332798034371, 25.246510304870675 ], [ 55.303337460001359, 25.246460049974317 ], [ 55.303351059368239, 25.246503981438334 ] ], [ [ 55.303270629212193, 25.246108172060953 ], [ 55.303312964984805, 25.24609812529102 ], [ 55.303297042748198, 25.246182534713679 ], [ 55.303270629212193, 25.246108172060953 ] ], [ [ 55.3032269, 25.2467473 ], [ 55.303179226848442, 25.246604280604231 ], [ 55.303205639977598, 25.246545857660298 ], [ 55.303222218513454, 25.246591845027897 ], [ 55.303288617803815, 25.246572279162372 ], [ 55.303258518514767, 25.24673184503483 ], [ 55.303284361652842, 25.246808959499859 ], [ 55.303244601903906, 25.246915844733355 ], [ 55.30321264578987, 25.246822865792776 ], [ 55.3032269, 25.2467473 ] ], [ [ 55.303206000033128, 25.246055693670009 ], [ 55.303212235220776, 25.246074427642572 ], [ 55.303201899476093, 25.246077432096641 ], [ 55.303206000033128, 25.246055693670009 ] ], [ [ 55.303145143546622, 25.246151334316732 ], [ 55.303143868161911, 25.246147744805072 ], [ 55.303145920188022, 25.246147217094979 ], [ 55.303145143546622, 25.246151334316732 ] ], [ [ 55.303033866874856, 25.246586255880725 ], [ 55.303029400612168, 25.246587474634385 ], [ 55.303031405311764, 25.246576847193619 ], [ 55.303034371088707, 25.246586118290857 ], [ 55.303033866874856, 25.246586255880725 ] ], [ [ 55.302992607341082, 25.246186643760584 ], [ 55.302990840249798, 25.246196011601658 ], [ 55.302988413348899, 25.246187722305045 ], [ 55.302992607341082, 25.246186643760584 ] ] ], [ [ [ 55.304690635289923, 25.250654489787216 ], [ 55.304555887997303, 25.250429910966183 ], [ 55.304510972233096, 25.250429910966183 ], [ 55.30450399017969, 25.250556757014404 ], [ 55.304548905947108, 25.250691504308811 ], [ 55.304683653276776, 25.250736420081161 ], [ 55.304690635289923, 25.250654489787216 ] ] ], [ [ [ 55.304113788162155, 25.247243105577677 ], [ 55.304126302539295, 25.247293854482116 ], [ 55.304167002573877, 25.247285654489197 ], [ 55.304178121801137, 25.247226705968028 ], [ 55.304199779479333, 25.247221185093554 ], [ 55.304137719690019, 25.247522345319201 ], [ 55.304155319689862, 25.247592045322488 ], [ 55.304491620251277, 25.247640045442623 ], [ 55.304681520649098, 25.247483345518695 ], [ 55.30472180000001, 25.2472698 ], [ 55.3046471, 25.2470311 ], [ 55.304615832838095, 25.247038799340846 ], [ 55.3046303, 25.2469621 ], [ 55.3045523, 25.2467238 ], [ 55.3043289, 25.2467836 ], [ 55.304323254043283, 25.246813532365771 ], [ 55.3043023, 25.2467462 ], [ 55.304028, 25.2468161 ], [ 55.303987719646841, 25.247029645286702 ], [ 55.304058319669053, 25.247257245302187 ], [ 55.304113788162155, 25.247243105577677 ] ] ], [ [ [ 55.304248703603193, 25.242590354601116 ], [ 55.304747904033263, 25.242460454688544 ], [ 55.3047829, 25.2423233 ], [ 55.3046621, 25.2419545 ], [ 55.3046017, 25.2419242 ], [ 55.3041337, 25.2420406 ], [ 55.3040909, 25.2420867 ], [ 55.304072103543341, 25.242186354579598 ], [ 55.304183203559539, 25.242545054590952 ], [ 55.304248703603193, 25.242590354601116 ] ] ], [ [ [ 55.304735551054122, 25.231430542707052 ], [ 55.304725527720073, 25.231528607757539 ], [ 55.30481535928719, 25.231528607765661 ], [ 55.304825382582536, 25.231430542707052 ], [ 55.304735551054122, 25.231430542707052 ] ] ], [ [ [ 55.3044441, 25.2486886 ], [ 55.3043938, 25.2485247 ], [ 55.3041665, 25.2485818 ], [ 55.304147702271884, 25.248681454456761 ], [ 55.30419800227893, 25.248845254461887 ], [ 55.304269189136029, 25.248827403012161 ], [ 55.304254202311725, 25.248906854470139 ], [ 55.30430450231875, 25.249070754475252 ], [ 55.304531802514212, 25.249013654515007 ], [ 55.3045506, 25.248914 ], [ 55.3045003, 25.2487502 ], [ 55.304429113303307, 25.248768051525406 ], [ 55.3044441, 25.2486886 ] ] ], [ [ [ 55.304407529457308, 25.24560417273236 ], [ 55.304463529469182, 25.245622172734961 ], [ 55.30457952949768, 25.245592972740756 ], [ 55.3044994, 25.2452868 ], [ 55.304384, 25.2453184 ], [ 55.3043296, 25.2453706 ], [ 55.304369129450158, 25.245574772730663 ], [ 55.304407529457308, 25.24560417273236 ] ] ], [ [ [ 55.304352529094096, 25.238840285314932 ], [ 55.3043768, 25.2387116 ], [ 55.3043086, 25.2384986 ], [ 55.3038613, 25.2386159 ], [ 55.303821022963035, 25.23882944559309 ], [ 55.3038892229875, 25.239042445608348 ], [ 55.303965033011224, 25.239022565357825 ], [ 55.303940423027534, 25.239153045622018 ], [ 55.304013523055644, 25.239377045638566 ], [ 55.304317754452256, 25.23929580094136 ], [ 55.304416229811395, 25.239596872768615 ], [ 55.304652229869575, 25.239533672780443 ], [ 55.3046576, 25.2395052 ], [ 55.3045233, 25.2390946 ], [ 55.304494178170643, 25.23910239875153 ], [ 55.3045054, 25.2390429 ], [ 55.3044323, 25.238819 ], [ 55.304352529094096, 25.238840285314932 ] ] ], [ [ [ 55.304554098054027, 25.234000232202984 ], [ 55.304733761124666, 25.234000232205883 ], [ 55.304735551054122, 25.233855993974178 ], [ 55.30446605646889, 25.233541583624735 ], [ 55.304421140704683, 25.233541583624731 ], [ 55.30441935075455, 25.233820569144338 ], [ 55.304554098054027, 25.234000232202984 ] ] ], [ [ [ 55.304730506502096, 25.230352554938403 ], [ 55.3047493, 25.2302529 ], [ 55.3047279, 25.2301691 ], [ 55.3046734, 25.2301806 ], [ 55.304654606455614, 25.230280254927028 ], [ 55.304676106455823, 25.230363954928936 ], [ 55.304730506502096, 25.230352554938403 ] ] ], [ [ [ 55.3046521, 25.231042 ], [ 55.3046424, 25.2309999 ], [ 55.3045747, 25.2310126 ], [ 55.304576345520573, 25.23109750924079 ], [ 55.304644045545139, 25.231084709245831 ], [ 55.3046521, 25.231042 ] ] ], [ [ [ 55.304039520851077, 25.244494645419 ], [ 55.304122920921877, 25.244662145441829 ], [ 55.304407021445556, 25.244590145548361 ], [ 55.3044473, 25.2443766 ], [ 55.3043721, 25.2441339 ], [ 55.3043362260956, 25.24414299866983 ], [ 55.3043519, 25.2440599 ], [ 55.304202600000011, 25.2435599 ], [ 55.304137052794147, 25.243577546497963 ], [ 55.3041583, 25.2434649 ], [ 55.3039956, 25.2429649 ], [ 55.3038987, 25.2429169 ], [ 55.3036765, 25.2429955 ], [ 55.30363622071782, 25.243209045329877 ], [ 55.303813720779146, 25.243768745369369 ], [ 55.303897461806173, 25.243743895656792 ], [ 55.303877420853681, 25.24385014538889 ], [ 55.304030020900171, 25.24434554542222 ], [ 55.304057974010711, 25.244338388445509 ], [ 55.304039520851077, 25.244494645419 ] ] ], [ [ [ 55.3039493, 25.23573 ], [ 55.3036743, 25.2358643 ], [ 55.303655504483068, 25.235963954638859 ], [ 55.303938204605608, 25.236480054676051 ], [ 55.3045359051209, 25.236322054780747 ], [ 55.3045547, 25.2362224 ], [ 55.3044662, 25.2359599 ], [ 55.3039493, 25.23573 ] ] ], [ [ [ 55.304374120595718, 25.246393645455687 ], [ 55.3044144, 25.2461801 ], [ 55.3043326, 25.2459436 ], [ 55.304303369866538, 25.245951804497089 ], [ 55.3043188, 25.24587 ], [ 55.304251, 25.245662 ], [ 55.304213433633173, 25.245672025072679 ], [ 55.304228, 25.2455948 ], [ 55.3041571, 25.2453849 ], [ 55.3041271, 25.2453645 ], [ 55.3039439, 25.2454164 ], [ 55.303903620116579, 25.245629945318761 ], [ 55.303980602159577, 25.245893747305001 ], [ 55.3039356, 25.2457505 ], [ 55.303751234067356, 25.245797885311291 ], [ 55.303920529336473, 25.245746972707884 ], [ 55.3038421, 25.2454571 ], [ 55.3036882, 25.2454893 ], [ 55.303617129276113, 25.245581472694177 ], [ 55.303772129283836, 25.246060172698826 ], [ 55.303992890524697, 25.246003336393219 ], [ 55.304004335485502, 25.246038482736488 ], [ 55.3038069, 25.2460939 ], [ 55.303766619581417, 25.246307445238621 ], [ 55.303841719607995, 25.246542845255391 ], [ 55.304064320019705, 25.246483345339009 ], [ 55.304100303782931, 25.246292576546463 ], [ 55.30415152018405, 25.246453045372082 ], [ 55.304374120595718, 25.246393645455687 ] ], [ [ 55.304080010994916, 25.246198708408837 ], [ 55.304060282351152, 25.246141669009251 ], [ 55.30409238262488, 25.246133119739426 ], [ 55.304080010994916, 25.246198708408837 ] ] ], [ [ [ 55.304510972233096, 25.231250879650229 ], [ 55.304501306801086, 25.231347046494278 ], [ 55.304546222583959, 25.231347046498204 ], [ 55.304555887997303, 25.231250879650229 ], [ 55.304510972233096, 25.231250879650229 ] ] ], [ [ [ 55.304286393412063, 25.250384995201973 ], [ 55.304196561883657, 25.250384995201976 ], [ 55.304191728094281, 25.250455536389815 ], [ 55.30428155964136, 25.250455536393734 ], [ 55.304286393412063, 25.250384995201973 ] ] ], [ [ [ 55.304415412573974, 25.238467772883549 ], [ 55.304421140704683, 25.238347570394772 ], [ 55.30433130917627, 25.238347570394772 ], [ 55.304325581023441, 25.238467772878909 ], [ 55.304415412573974, 25.238467772883549 ] ] ], [ [ [ 55.304045738603577, 25.230713230048355 ], [ 55.3040074, 25.2307198 ], [ 55.303994414197049, 25.230788656270196 ], [ 55.3039738, 25.2307026 ], [ 55.3038395, 25.2307289 ], [ 55.303820705669665, 25.230828554774135 ], [ 55.303909005665474, 25.231196754781418 ], [ 55.304010966891873, 25.231176772859289 ], [ 55.304007770183098, 25.231209451880144 ], [ 55.304097601746761, 25.231209451887544 ], [ 55.304101776897546, 25.231166770366773 ], [ 55.304180005893556, 25.231151954828331 ], [ 55.3041867, 25.2310001 ], [ 55.3040774, 25.2310208 ], [ 55.304053450627904, 25.23111613236421 ], [ 55.304032558014256, 25.230947891613564 ], [ 55.304209705960176, 25.23094405483771 ], [ 55.304302006044828, 25.230894754854393 ], [ 55.304315081438475, 25.230825422664768 ], [ 55.304449606122347, 25.231098154875184 ], [ 55.304499406164524, 25.23108865488383 ], [ 55.3045182, 25.230989 ], [ 55.3044333, 25.2306274 ], [ 55.3043139, 25.2306503 ], [ 55.304300657507149, 25.2307205183645 ], [ 55.3042875, 25.2306718 ], [ 55.304259439370128, 25.230676608702236 ], [ 55.3042565, 25.2305869 ], [ 55.304168810898894, 25.230600338103251 ], [ 55.3041975, 25.2303532 ], [ 55.3041747, 25.2302501 ], [ 55.3041123, 25.2302613 ], [ 55.304095641861174, 25.230370622484102 ], [ 55.3040285, 25.230372 ], [ 55.303861, 25.2304428 ], [ 55.303842205745688, 25.230542454783759 ], [ 55.303881105746129, 25.230693554787198 ], [ 55.303933905786984, 25.230702254795968 ], [ 55.304056843086904, 25.230654349159188 ], [ 55.304045738603577, 25.230713230048355 ] ] ], [ [ [ 55.304371033822321, 25.238285262548128 ], [ 55.304376224940476, 25.23816790733796 ], [ 55.30433130917627, 25.23807807580954 ], [ 55.304241477647857, 25.238078075809543 ], [ 55.304239032091964, 25.238154521993518 ], [ 55.3041992, 25.2380237 ], [ 55.304162710396234, 25.238033455878384 ], [ 55.304173, 25.2379789 ], [ 55.3040979, 25.2377528 ], [ 55.303645, 25.237876 ], [ 55.303604722913754, 25.238089545547552 ], [ 55.303679822944396, 25.238315645564739 ], [ 55.303988876264889, 25.23823157587108 ], [ 55.304077229796377, 25.238517672758636 ], [ 55.304317629855319, 25.238458772770638 ], [ 55.30427780511085, 25.238281865382913 ], [ 55.304371033822321, 25.238285262548128 ] ] ], [ [ [ 55.304456391008756, 25.23143687801781 ], [ 55.30446605646889, 25.231295795414439 ], [ 55.304376224940476, 25.231295795414436 ], [ 55.304366559443025, 25.231436878009976 ], [ 55.304456391008756, 25.23143687801781 ] ] ], [ [ [ 55.303858103560799, 25.241258254562656 ], [ 55.304309303949147, 25.241142554641637 ], [ 55.3043281, 25.2410429 ], [ 55.3042589, 25.2408223 ], [ 55.3038078, 25.240938 ], [ 55.303789003550214, 25.241037654555544 ], [ 55.303858103560799, 25.241258254562656 ] ] ], [ [ [ 55.30415164611945, 25.250115500616744 ], [ 55.304106730355244, 25.250115500616737 ], [ 55.304061814591037, 25.250160416380947 ], [ 55.304057696904984, 25.250227161205764 ], [ 55.304102612673113, 25.250316992735435 ], [ 55.30414752844527, 25.250316992737108 ], [ 55.304192444219446, 25.250272076974781 ], [ 55.304196561883657, 25.250205332145153 ], [ 55.30415164611945, 25.250115500616744 ] ] ], [ [ [ 55.304270803768965, 25.241869254619932 ], [ 55.3042896, 25.2417696 ], [ 55.30415880000001, 25.2413605 ], [ 55.3039187, 25.2414233 ], [ 55.303899903540277, 25.241522954564225 ], [ 55.3040272035595, 25.241930754577307 ], [ 55.304270803768965, 25.241869254619932 ] ] ], [ [ [ 55.302667315626927, 25.250969644630061 ], [ 55.30268437944801, 25.250996025412558 ], [ 55.3024682, 25.2511004 ], [ 55.302426482704341, 25.251321537221415 ], [ 55.302668182951479, 25.251730937293491 ], [ 55.302740208137145, 25.251696174836823 ], [ 55.302719915351169, 25.251803744611845 ], [ 55.302932215554947, 25.252176644672392 ], [ 55.303076940861985, 25.252164886012451 ], [ 55.303049915701017, 25.252308144709314 ], [ 55.303294915944214, 25.252720244779997 ], [ 55.303560416457508, 25.252599044881986 ], [ 55.3036007, 25.2523855 ], [ 55.3033527, 25.2519721 ], [ 55.303201609097997, 25.252042609177007 ], [ 55.3032439, 25.251814 ], [ 55.3030418, 25.251459 ], [ 55.302992767375471, 25.251481844806015 ], [ 55.3030153, 25.2513624 ], [ 55.3029100360962, 25.251183983277322 ], [ 55.303048452290618, 25.251110666006571 ], [ 55.303018915240763, 25.251245690527977 ], [ 55.303230715349073, 25.251618190560176 ], [ 55.303297699386164, 25.251585088005747 ], [ 55.303280815382131, 25.251674590568541 ], [ 55.303574715537017, 25.252171990613693 ], [ 55.304122916104006, 25.251914190726183 ], [ 55.3041444, 25.2518003 ], [ 55.3038382, 25.2513013 ], [ 55.303793579736151, 25.251322898358875 ], [ 55.3038115, 25.2512279 ], [ 55.3036026, 25.2508564 ], [ 55.3035073, 25.2508376 ], [ 55.303435890887066, 25.250872502165912 ], [ 55.3034806, 25.2506419 ], [ 55.3033771, 25.2504851 ], [ 55.303250353208561, 25.250485012022239 ], [ 55.303253330835325, 25.250429910966183 ], [ 55.303208415071126, 25.250429910966176 ], [ 55.303205013369663, 25.250492859405423 ], [ 55.303234296756244, 25.250492859407874 ], [ 55.3030161, 25.2505995 ], [ 55.302994514559089, 25.250713924793548 ], [ 55.3029416, 25.2506322 ], [ 55.3027076, 25.2507561 ], [ 55.302667315626927, 25.250969644630061 ] ], [ [ 55.303086079059206, 25.250997872264012 ], [ 55.303107143407146, 25.251033181202519 ], [ 55.30307660235006, 25.251048108428158 ], [ 55.303086079059206, 25.250997872264012 ] ] ], [ [ [ 55.3043719, 25.2310384 ], [ 55.3043639, 25.2310075 ], [ 55.3043041, 25.2310202 ], [ 55.304293305985311, 25.231150754847569 ], [ 55.304353106036224, 25.231138054857986 ], [ 55.3043719, 25.2310384 ] ] ], [ [ [ 55.304106730355244, 25.25002566908833 ], [ 55.304016898826831, 25.250025669088327 ], [ 55.304013139198766, 25.250090515733021 ], [ 55.30410297074171, 25.250090515736066 ], [ 55.304106730355244, 25.25002566908833 ] ] ], [ [ [ 55.303707, 25.2544893 ], [ 55.303582, 25.2546678 ], [ 55.303523215345052, 25.254981744761793 ], [ 55.303555415344057, 25.255110844767742 ], [ 55.30372401565748, 25.255062444831232 ], [ 55.303792015818594, 25.254964044860376 ], [ 55.3038459, 25.2546888 ], [ 55.303832506789931, 25.254573583477171 ], [ 55.303904032566045, 25.254535489864818 ], [ 55.3039846, 25.2541084 ], [ 55.3038934, 25.2539583 ], [ 55.3037879, 25.2540122 ], [ 55.303707331969044, 25.254439289730339 ], [ 55.303732329141489, 25.254482229974293 ], [ 55.303707, 25.2544893 ] ] ], [ [ [ 55.304286030339519, 25.230070072819146 ], [ 55.3042596, 25.2299139 ], [ 55.3041481, 25.2299365 ], [ 55.304176930313034, 25.230092372813733 ], [ 55.304286030339519, 25.230070072819146 ] ] ], [ [ [ 55.304008602065032, 25.249141554423552 ], [ 55.3040101, 25.2489842 ], [ 55.303893, 25.249013 ], [ 55.303891501964451, 25.249170354403066 ], [ 55.304008602065032, 25.249141554423552 ] ] ], [ [ [ 55.3023522, 25.2484759 ], [ 55.30233071522796, 25.248589790457878 ], [ 55.302491115314375, 25.248853090482712 ], [ 55.302553762477672, 25.248821874924989 ], [ 55.302519416235327, 25.249003944664263 ], [ 55.30267831639965, 25.249256144710781 ], [ 55.302697983287125, 25.249246011028358 ], [ 55.302689016401743, 25.249293544712991 ], [ 55.302822516531137, 25.249525144751193 ], [ 55.302864700809288, 25.249505244735609 ], [ 55.302851816560597, 25.249573544759681 ], [ 55.303021416729884, 25.249856644808709 ], [ 55.303107816878978, 25.24985794484008 ], [ 55.303350844995826, 25.249744898409446 ], [ 55.302862774476772, 25.249982479391093 ], [ 55.3029184, 25.249734 ], [ 55.3026882, 25.2493504 ], [ 55.30264715750063, 25.249371179254723 ], [ 55.302661, 25.2492978 ], [ 55.3023783, 25.2488232 ], [ 55.302053851707647, 25.248981768514128 ], [ 55.3020679, 25.2489073 ], [ 55.3019339, 25.2486835 ], [ 55.3016838, 25.2488061 ], [ 55.301643514711181, 25.249019644344898 ], [ 55.301777514844844, 25.24924344438363 ], [ 55.301815098265926, 25.249225020937722 ], [ 55.301801114861227, 25.249299144389735 ], [ 55.302103115161295, 25.24980624447689 ], [ 55.302134783469263, 25.249790802241598 ], [ 55.302122815174314, 25.249854244481909 ], [ 55.302181595580159, 25.249956945212706 ], [ 55.302117, 25.2499119 ], [ 55.302065786191548, 25.24993582733693 ], [ 55.3020826, 25.2498467 ], [ 55.3018618, 25.2494497 ], [ 55.301778608416818, 25.249487535604416 ], [ 55.3018038, 25.249354 ], [ 55.3015628, 25.248943 ], [ 55.301512833743288, 25.248966092028198 ], [ 55.301527, 25.248891 ], [ 55.301467, 25.2487869 ], [ 55.3011838, 25.2489206 ], [ 55.301143513794706, 25.249134144157843 ], [ 55.301203613852977, 25.249238344175051 ], [ 55.301285244311451, 25.249199763813692 ], [ 55.301204370184273, 25.24962845114143 ], [ 55.301446370828195, 25.250032451328 ], [ 55.301530207675022, 25.249995898806688 ], [ 55.301493628012132, 25.250189796500038 ], [ 55.301714328621294, 25.250586796683439 ], [ 55.301951228858321, 25.250479098429039 ], [ 55.30208381473188, 25.250706444429561 ], [ 55.302410915299234, 25.25070484454864 ], [ 55.302583315633299, 25.250624344614963 ], [ 55.302604459770208, 25.250512261132855 ], [ 55.302661515775895, 25.250608144644129 ], [ 55.303818518027931, 25.250044845090205 ], [ 55.303852445325475, 25.249864987822662 ], [ 55.303923486695247, 25.249864987820438 ], [ 55.303968402468122, 25.249820072057851 ], [ 55.303971983062624, 25.249756174503098 ], [ 55.303927067298417, 25.249711258738888 ], [ 55.303882151534211, 25.249711258738888 ], [ 55.303836022762972, 25.24979303727493 ], [ 55.3037048, 25.2495726 ], [ 55.303533433965967, 25.249656017822641 ], [ 55.3035846, 25.2493327 ], [ 55.3033941, 25.2490172 ], [ 55.303354884573849, 25.249036646765191 ], [ 55.3033674, 25.2489703 ], [ 55.3032807, 25.2488199 ], [ 55.303250166676399, 25.248834302909696 ], [ 55.3032639, 25.2487615 ], [ 55.3030982, 25.2485066 ], [ 55.303068179986475, 25.248522548982514 ], [ 55.3030793, 25.2484636 ], [ 55.3029321, 25.2482229 ], [ 55.3026958, 25.2483411 ], [ 55.302666709198085, 25.248495312448583 ], [ 55.3025844, 25.2483602 ], [ 55.3023522, 25.2484759 ] ], [ [ 55.302729847127388, 25.248702766243689 ], [ 55.302733678738967, 25.248682454609281 ], [ 55.302742207182895, 25.248696400222087 ], [ 55.302729847127388, 25.248702766243689 ] ], [ [ 55.302633269613594, 25.250094195932618 ], [ 55.302615294063422, 25.250102945902775 ], [ 55.30262617586942, 25.250045261879798 ], [ 55.302649655205528, 25.250086219904357 ], [ 55.302633269613594, 25.250094195932618 ] ], [ [ 55.302494777241982, 25.250185220383937 ], [ 55.302542989763573, 25.250161298765939 ], [ 55.302527625943426, 25.250242741341566 ], [ 55.302494777241982, 25.250185220383937 ] ] ], [ [ [ 55.304034, 25.2450751 ], [ 55.3040151, 25.2450158 ], [ 55.3039349, 25.2450367 ], [ 55.303925801739588, 25.245084935032505 ], [ 55.303882151534211, 25.24508493502567 ], [ 55.303913520274598, 25.245309545336706 ], [ 55.303993720422682, 25.245288645366809 ], [ 55.304034, 25.2450751 ] ] ], [ [ [ 55.3040111, 25.240066 ], [ 55.303970909121723, 25.240076206139886 ], [ 55.3039893, 25.2399787 ], [ 55.3039189, 25.2397587 ], [ 55.3034672, 25.239877 ], [ 55.303448403492652, 25.239976654519907 ], [ 55.303518803504417, 25.24019655452727 ], [ 55.30355956482309, 25.240185888266183 ], [ 55.30354180350588, 25.240280054529421 ], [ 55.30360900351581, 25.240496354536312 ], [ 55.303637765734223, 25.24048904909456 ], [ 55.303765729584306, 25.240908972729262 ], [ 55.304005229643181, 25.240847872741227 ], [ 55.303887754739073, 25.240425553015832 ], [ 55.304059403903224, 25.240381954615124 ], [ 55.3040782, 25.2402823 ], [ 55.3040111, 25.240066 ] ] ], [ [ [ 55.302582385489032, 25.237579295229317 ], [ 55.302564721296285, 25.23767294518801 ], [ 55.302587921322605, 25.237704445195039 ], [ 55.302627821571853, 25.237651273745914 ], [ 55.302663721452213, 25.237708145222442 ], [ 55.302885521886509, 25.237593745308217 ], [ 55.302906949845315, 25.237480139302374 ], [ 55.302981622049899, 25.237600545342854 ], [ 55.30312586332326, 25.237528650443778 ], [ 55.303118203716991, 25.23758245451387 ], [ 55.303167703756806, 25.237583354522261 ], [ 55.303225274066484, 25.237384225580307 ], [ 55.303247822589725, 25.237420945447695 ], [ 55.303304322685875, 25.237424745468083 ], [ 55.303452336211031, 25.237349697900502 ], [ 55.303380022724888, 25.237634145486233 ], [ 55.303452322746637, 25.237869445501996 ], [ 55.304035723825443, 25.237713045721115 ], [ 55.304076, 25.2374995 ], [ 55.3039553, 25.2371101 ], [ 55.3038896, 25.2370979 ], [ 55.303768441442351, 25.237161366941759 ], [ 55.303841623802548, 25.237000545682427 ], [ 55.3038819, 25.236787 ], [ 55.3038297, 25.2366606 ], [ 55.303795268156648, 25.23667837727746 ], [ 55.3038142, 25.236578 ], [ 55.3037742, 25.2364784 ], [ 55.3036312, 25.2364211 ], [ 55.3035443, 25.2364315 ], [ 55.3032778, 25.2365687 ], [ 55.303259788700025, 25.23666419425054 ], [ 55.3032003, 25.2366085 ], [ 55.3030264, 25.2366975 ], [ 55.302993102754918, 25.236835094001243 ], [ 55.3029369, 25.2367459 ], [ 55.3026965, 25.2368699 ], [ 55.302683073647735, 25.236941083210226 ], [ 55.3026511, 25.2368905 ], [ 55.302631540306777, 25.236900614016115 ], [ 55.302790887331255, 25.236771229992037 ], [ 55.302802022095776, 25.236788845313878 ], [ 55.303064722610351, 25.236652845415492 ], [ 55.303084257588552, 25.236549273645135 ], [ 55.303131422738744, 25.236623445441076 ], [ 55.303645023745254, 25.236356445639771 ], [ 55.3036853, 25.2361429 ], [ 55.3035635, 25.2359512 ], [ 55.3030498, 25.2362182 ], [ 55.303030358228099, 25.236321277824732 ], [ 55.3029849, 25.2362494 ], [ 55.3027222, 25.2363853 ], [ 55.302716851542264, 25.236413656401858 ], [ 55.3027054, 25.2363956 ], [ 55.301968, 25.2367769 ], [ 55.301895320390237, 25.237097744970299 ], [ 55.301990820494908, 25.237235744998863 ], [ 55.302086320659626, 25.237237145033529 ], [ 55.302213043192431, 25.237176208595233 ], [ 55.302198529436282, 25.237261972675032 ], [ 55.302353229460387, 25.237459872681356 ], [ 55.302478742323544, 25.237398879129181 ], [ 55.302511021301349, 25.237449945178454 ], [ 55.302534144038368, 25.237437988857664 ], [ 55.302524721308366, 25.237487945181744 ], [ 55.302582385489032, 25.237579295229317 ] ], [ [ 55.303487898221128, 25.23730832429619 ], [ 55.303505006907756, 25.237217615347742 ], [ 55.303542206680007, 25.237279875890213 ], [ 55.303487898221128, 25.23730832429619 ] ], [ [ 55.302388168962793, 25.237136172900943 ], [ 55.3023544, 25.2370914 ], [ 55.302301452847679, 25.237117988040744 ], [ 55.302404384344129, 25.237050204253073 ], [ 55.302388168962793, 25.237136172900943 ] ] ], [ [ [ 55.304061814591037, 25.231340711178639 ], [ 55.304052506949368, 25.231434979795907 ], [ 55.304097422731544, 25.231434979799687 ], [ 55.304106730355244, 25.231340711178639 ], [ 55.304061814591037, 25.231340711178639 ] ] ], [ [ [ 55.303238502893841, 25.242068654440587 ], [ 55.303325102906051, 25.242350254449395 ], [ 55.303520303073874, 25.242301154483556 ], [ 55.3035391, 25.2422015 ], [ 55.3032062, 25.2411446 ], [ 55.303084860787784, 25.241175390507447 ], [ 55.303250847756445, 25.241123251728112 ], [ 55.303235003067748, 25.241207254457979 ], [ 55.303472403104799, 25.24196175448251 ], [ 55.303502814364819, 25.241953952848299 ], [ 55.30348870310624, 25.242018954484088 ], [ 55.303530803113325, 25.242150154488499 ], [ 55.303572460490699, 25.242162422320639 ], [ 55.303558603120194, 25.242226254491619 ], [ 55.303600703127302, 25.242357454496027 ], [ 55.303633672812275, 25.242371990044408 ], [ 55.303620503127867, 25.242432654497822 ], [ 55.30366260313496, 25.24256395450222 ], [ 55.303695205103516, 25.242578609390602 ], [ 55.303728503149941, 25.242750454509505 ], [ 55.303743703158297, 25.242769654511687 ], [ 55.303909203300904, 25.242726454540666 ], [ 55.3039339, 25.2426096 ], [ 55.3038922, 25.2424649 ], [ 55.303860471107541, 25.242458579939036 ], [ 55.3038263, 25.2422784 ], [ 55.303794312763344, 25.242272147374024 ], [ 55.3038061, 25.2422166 ], [ 55.3037644, 25.2420719 ], [ 55.303723760287966, 25.24206792212691 ], [ 55.3037362, 25.2420093 ], [ 55.3036945, 25.2418647 ], [ 55.30366291334326, 25.241858342811565 ], [ 55.3034402, 25.2410603 ], [ 55.303402341511557, 25.241069906816911 ], [ 55.3034183, 25.2409853 ], [ 55.3033229, 25.2407317 ], [ 55.3029586, 25.24083 ], [ 55.302944618225538, 25.240904125522427 ], [ 55.3028441, 25.2407394 ], [ 55.3021098, 25.241106 ], [ 55.302092366998387, 25.241198418679584 ], [ 55.3020572, 25.2411409 ], [ 55.3013247, 25.241507 ], [ 55.301305901426922, 25.24160665412219 ], [ 55.301411001476552, 25.241778654136443 ], [ 55.301474237266596, 25.241747040834554 ], [ 55.301462501511878, 25.241809254144552 ], [ 55.301569201562316, 25.241983654159018 ], [ 55.302301702229499, 25.241616954291025 ], [ 55.302313495312134, 25.24155443459691 ], [ 55.30234430226659, 25.24160395429853 ], [ 55.303026056788475, 25.241257331752195 ], [ 55.303256394303993, 25.24197380162807 ], [ 55.303238502893841, 25.242068654440587 ] ], [ [ 55.302958572547062, 25.240960276596596 ], [ 55.302970048635117, 25.240978999508723 ], [ 55.302939883757553, 25.240994338325095 ], [ 55.302949194522959, 25.240944976611619 ], [ 55.302958572547062, 25.240960276596596 ] ], [ [ 55.302230871926426, 25.241370887916453 ], [ 55.302257307191994, 25.241357686596384 ], [ 55.302249176661739, 25.241400789677478 ], [ 55.302230871926426, 25.241370887916453 ] ], [ [ 55.30216089395492, 25.241320253962677 ], [ 55.302183894443232, 25.241357967185245 ], [ 55.302150640730119, 25.241374610049885 ], [ 55.30216089395492, 25.241320253962677 ] ] ], [ [ [ 55.3038558, 25.2468632 ], [ 55.3038446, 25.2468105 ], [ 55.3037853, 25.2468208 ], [ 55.303791029238852, 25.246901972694726 ], [ 55.303850429253174, 25.246891672697657 ], [ 55.3038558, 25.2468632 ] ] ], [ [ [ 55.303582502110316, 25.245207582340505 ], [ 55.303572519653052, 25.245379945209542 ], [ 55.303691119872695, 25.24534754525413 ], [ 55.303713084776057, 25.245231098342696 ], [ 55.303769820090785, 25.245161545291079 ], [ 55.3038101, 25.244948 ], [ 55.3037525, 25.2446912 ], [ 55.303448, 25.244803 ], [ 55.303407719527407, 25.245016545165875 ], [ 55.303447219544424, 25.245133445175007 ], [ 55.303582502110316, 25.245207582340505 ] ] ], [ [ [ 55.303697654668269, 25.248883484629484 ], [ 55.303702488477398, 25.248812943454769 ], [ 55.303657572713185, 25.248768027690559 ], [ 55.303522825420565, 25.248812943454769 ], [ 55.30351799157409, 25.24888348462164 ], [ 55.30360782311881, 25.248928400389527 ], [ 55.303652738892346, 25.248928400391488 ], [ 55.303697654668269, 25.248883484629484 ] ] ], [ [ [ 55.2992604, 25.253647 ], [ 55.299220108382741, 25.253860543246084 ], [ 55.299380208546033, 25.254119743292751 ], [ 55.299478148662885, 25.254070281948003 ], [ 55.299448294703282, 25.254228507091064 ], [ 55.299666794911857, 25.254580907150562 ], [ 55.30019849588237, 25.254311407342474 ], [ 55.3002361, 25.2541121 ], [ 55.2998132, 25.2534297 ], [ 55.299706845047986, 25.253483593819599 ], [ 55.2997399, 25.2533084 ], [ 55.299577, 25.2530507 ], [ 55.299498696892535, 25.253091197797914 ], [ 55.2995253, 25.2529502 ], [ 55.2992728, 25.2525273 ], [ 55.299182337665208, 25.252490140711149 ], [ 55.299204900295948, 25.252370558557597 ], [ 55.299273409082161, 25.252481343327279 ], [ 55.299422940343305, 25.252402756302839 ], [ 55.299658227937044, 25.252822272458879 ], [ 55.300077930979747, 25.252630996874061 ], [ 55.300167921169219, 25.252774787303704 ], [ 55.300258190649224, 25.252726233517837 ], [ 55.300231521307907, 25.252867587341683 ], [ 55.300460321779973, 25.253231987475587 ], [ 55.300665522583671, 25.253126687634389 ], [ 55.300677410997331, 25.253063675234468 ], [ 55.301053103875198, 25.252881826971553 ], [ 55.301089707391732, 25.252941213320074 ], [ 55.301249708441418, 25.252855513526942 ], [ 55.301329589940714, 25.25243210216788 ], [ 55.302010028438737, 25.253530972568761 ], [ 55.301996599522838, 25.253602153988798 ], [ 55.30304750002847, 25.25527815413221 ], [ 55.303263900221111, 25.255192154170736 ], [ 55.303408800357531, 25.255098354197308 ], [ 55.3036161, 25.2543883 ], [ 55.3028315, 25.2530922 ], [ 55.302769337800179, 25.253120656153623 ], [ 55.302802, 25.2529406 ], [ 55.302735, 25.2527902 ], [ 55.302642400000011, 25.2526628 ], [ 55.302548987207558, 25.252655467702599 ], [ 55.3025369, 25.2525468 ], [ 55.301962, 25.2514818 ], [ 55.3017804, 25.2513938 ], [ 55.30153010285143, 25.251362518257885 ], [ 55.3015974, 25.2510058 ], [ 55.3014362, 25.2507052 ], [ 55.3013461, 25.2506438 ], [ 55.3012235, 25.2506256 ], [ 55.301071384169788, 25.25070511654415 ], [ 55.301162, 25.2502248 ], [ 55.3006398, 25.2492953 ], [ 55.300422, 25.2493956 ], [ 55.300357539547178, 25.24973727016333 ], [ 55.300591139914722, 25.250134870270852 ], [ 55.300781673126075, 25.250067337042559 ], [ 55.300298958808163, 25.25028190339188 ], [ 55.3003116, 25.2502149 ], [ 55.3000898, 25.249853 ], [ 55.2998838, 25.2499562 ], [ 55.299766229633086, 25.250579356633395 ], [ 55.2992617, 25.2508303 ], [ 55.299221409624785, 25.251043843372752 ], [ 55.299461209866607, 25.251438243442376 ], [ 55.300053111021604, 25.251143743671005 ], [ 55.300074615423142, 25.251029764003203 ], [ 55.300168277117564, 25.250974563669779 ], [ 55.300233740682124, 25.251095007184713 ], [ 55.300213928164695, 25.251130172495959 ], [ 55.300335328180154, 25.251344572500571 ], [ 55.300425669592464, 25.251302701993293 ], [ 55.300377114661501, 25.251560060337574 ], [ 55.3003344, 25.2514892 ], [ 55.300229353438766, 25.25154104765048 ], [ 55.3002637, 25.251359 ], [ 55.3001504, 25.2511637 ], [ 55.300005, 25.2512327 ], [ 55.299972056418227, 25.251407309653981 ], [ 55.2999109, 25.2513086 ], [ 55.2993353, 25.2516033 ], [ 55.299302824394545, 25.251775423397362 ], [ 55.2992286, 25.2516509 ], [ 55.298999, 25.2517589 ], [ 55.298964053471366, 25.251944116365699 ], [ 55.29889390000001, 25.2518343 ], [ 55.2983394, 25.252105 ], [ 55.298286807402171, 25.252414942971079 ], [ 55.298524607647259, 25.252794043040673 ], [ 55.298621007798943, 25.252828843074198 ], [ 55.298749035778386, 25.252763086271568 ], [ 55.298696107831063, 25.253051443091568 ], [ 55.298956508110919, 25.253440543168939 ], [ 55.299066080116944, 25.253383155640975 ], [ 55.299190827784471, 25.253582172431656 ], [ 55.299393979776873, 25.253477972754734 ], [ 55.299442621519056, 25.2535548917154 ], [ 55.2992604, 25.253647 ] ], [ [ 55.300908100384994, 25.252646569503256 ], [ 55.300954488864029, 25.252721831497499 ], [ 55.300720247575924, 25.252836627004289 ], [ 55.3007461, 25.2526996 ], [ 55.300635444988565, 25.252523316420575 ], [ 55.300710344980232, 25.252483029104841 ], [ 55.300835828217203, 25.252683572516851 ], [ 55.300908100384994, 25.252646569503256 ] ], [ [ 55.300763007116402, 25.252210464065087 ], [ 55.30078156203686, 25.252040430236267 ], [ 55.300839016486528, 25.252011048446285 ], [ 55.300805496251172, 25.252188719595402 ], [ 55.300763007116402, 25.252210464065087 ] ], [ [ 55.30045781512343, 25.251132318572271 ], [ 55.300424928706214, 25.251074239075795 ], [ 55.300472787867712, 25.251052957194577 ], [ 55.30045781512343, 25.251132318572271 ] ], [ [ 55.300108279233413, 25.251627179763144 ], [ 55.300182238288834, 25.251592082375634 ], [ 55.30030182814626, 25.251790472496282 ], [ 55.300384447307472, 25.251749694363152 ], [ 55.300447319334978, 25.251848251070868 ], [ 55.300190078404441, 25.251975083225911 ], [ 55.3002213, 25.2518096 ], [ 55.300108279233413, 25.251627179763144 ] ], [ [ 55.300109, 25.2521248 ], [ 55.300072071824175, 25.252320527976831 ], [ 55.2999808, 25.2521921 ], [ 55.299898666297025, 25.252166199640723 ], [ 55.300134012641571, 25.252046956400086 ], [ 55.300109, 25.2521248 ] ], [ [ 55.299566390485644, 25.253676767126663 ], [ 55.299526140209871, 25.25361157724172 ], [ 55.299588656296116, 25.253579274392767 ], [ 55.299566390485644, 25.253676767126663 ] ], [ [ 55.299598167427682, 25.252306272914428 ], [ 55.299490115059733, 25.252360263843912 ], [ 55.299523151908645, 25.252185165478849 ], [ 55.299598167427682, 25.252306272914428 ] ], [ [ 55.299336977024574, 25.253321301743451 ], [ 55.299299192472759, 25.25326106430477 ], [ 55.299353732213717, 25.253232499319246 ], [ 55.299336977024574, 25.253321301743451 ] ] ], [ [ [ 55.303424929411896, 25.242507972703198 ], [ 55.303516329413398, 25.242842272705623 ], [ 55.303561429422125, 25.242871172707641 ], [ 55.303727629463161, 25.242825772715971 ], [ 55.3036186, 25.2424305 ], [ 55.3034303, 25.2424795 ], [ 55.303424929411896, 25.242507972703198 ] ] ], [ [ [ 55.30358082931847, 25.244715672697577 ], [ 55.303696129346839, 25.244686072703345 ], [ 55.3036835, 25.2446001 ], [ 55.3035681, 25.2446297 ], [ 55.30358082931847, 25.244715672697577 ] ] ], [ [ [ 55.303433229569485, 25.239852172719441 ], [ 55.303673829628636, 25.239790572731472 ], [ 55.303559295438909, 25.239378976913542 ], [ 55.303734603855744, 25.239333954581888 ], [ 55.3037534, 25.2392343 ], [ 55.3036841, 25.2390138 ], [ 55.3032367, 25.2391287 ], [ 55.30321790345991, 25.239228354496422 ], [ 55.303433229569485, 25.239852172719441 ] ] ], [ [ [ 55.303640603845189, 25.239015154572602 ], [ 55.3036594, 25.2389155 ], [ 55.3035881, 25.2387006 ], [ 55.303317357960616, 25.238774123247666 ], [ 55.3033343, 25.2386843 ], [ 55.303213294149643, 25.238311813323278 ], [ 55.303406103810531, 25.238260454548566 ], [ 55.3034249, 25.2381608 ], [ 55.3033547, 25.2379453 ], [ 55.3029057, 25.238065 ], [ 55.302886903410666, 25.238164654462462 ], [ 55.3029564318852, 25.238377993942425 ], [ 55.302945103401612, 25.238438054466634 ], [ 55.303078003425064, 25.238847154480641 ], [ 55.303134242224509, 25.238832189103984 ], [ 55.303117103441089, 25.238923054485685 ], [ 55.303188303454533, 25.239137954493284 ], [ 55.303640603845189, 25.239015154572602 ] ] ], [ [ [ 55.303610866920849, 25.234629052885367 ], [ 55.303700698458812, 25.234494305594481 ], [ 55.303702488477398, 25.234439898908857 ], [ 55.303612656948978, 25.234439898908853 ], [ 55.303477909656358, 25.234529730437266 ], [ 55.303476119618743, 25.234584137119082 ], [ 55.303521035385529, 25.234629052883918 ], [ 55.303610866920849, 25.234629052885367 ] ] ], [ [ [ 55.303435129281226, 25.244777272690143 ], [ 55.303527829303953, 25.244754672694768 ], [ 55.3035097, 25.2446472 ], [ 55.303431470527435, 25.244666335877625 ], [ 55.303432993892152, 25.244635777383614 ], [ 55.303298246599532, 25.244635777383614 ], [ 55.303295203174741, 25.244741743432648 ], [ 55.303413523854417, 25.244705040993384 ], [ 55.303435129281226, 25.244777272690143 ] ] ], [ [ [ 55.303521035390787, 25.234359558299218 ], [ 55.303655782694655, 25.234314642537285 ], [ 55.303657572713185, 25.23426023585203 ], [ 55.303612656948978, 25.234170404323621 ], [ 55.303522825420565, 25.234125488559414 ], [ 55.303432993892152, 25.234125488559414 ], [ 55.303476119624008, 25.234314642534379 ], [ 55.303521035390787, 25.234359558299218 ] ] ], [ [ [ 55.303610866938399, 25.233730737603043 ], [ 55.303655782706059, 25.233730737603768 ], [ 55.303657572713185, 25.233541583624728 ], [ 55.303522825420565, 25.233541583624735 ], [ 55.303521035404827, 25.233640906073358 ], [ 55.303610866938399, 25.233730737603043 ] ] ], [ [ [ 55.303657572713185, 25.229993238252462 ], [ 55.303567741184771, 25.229993238252465 ], [ 55.303559686442767, 25.230080863192651 ], [ 55.303649518002267, 25.230080863199177 ], [ 55.303657572713185, 25.229993238252462 ] ] ], [ [ [ 55.3019378, 25.2450165 ], [ 55.3013409, 25.2451874 ], [ 55.301320690234199, 25.245294530753537 ], [ 55.3012961, 25.24525 ], [ 55.301248845839162, 25.24527135742613 ], [ 55.3012601, 25.2452117 ], [ 55.3011186, 25.2449598 ], [ 55.3006048, 25.245196 ], [ 55.300564514430413, 25.245409544113969 ], [ 55.300706114564839, 25.245661444154212 ], [ 55.300737489701334, 25.245647017940751 ], [ 55.300727014582954, 25.245702544159975 ], [ 55.300923214766463, 25.246057844215457 ], [ 55.300956719705006, 25.246042701226678 ], [ 55.300907729427841, 25.24630238842196 ], [ 55.300934529474929, 25.24635438843681 ], [ 55.300993126410589, 25.246379672747633 ], [ 55.3008321, 25.2464575 ], [ 55.300791814269125, 25.246671044140182 ], [ 55.300867702734259, 25.246799487879603 ], [ 55.3007528, 25.2468522 ], [ 55.300737359868265, 25.246934043562501 ], [ 55.3007122, 25.2468918 ], [ 55.3004987, 25.2469959 ], [ 55.300479899632613, 25.247095553867226 ], [ 55.300612399694067, 25.247317853885093 ], [ 55.300825799887932, 25.2472137539235 ], [ 55.300841393458342, 25.247131096958 ], [ 55.300875099933208, 25.247187353932421 ], [ 55.301066827300524, 25.247083567654578 ], [ 55.301107106220265, 25.247153279924692 ], [ 55.301080304169268, 25.2472823263778 ], [ 55.3010311, 25.247197 ], [ 55.3008735, 25.2472713 ], [ 55.3008365, 25.2473187 ], [ 55.300807013892083, 25.247587944104652 ], [ 55.300891913974368, 25.247735144128949 ], [ 55.300918481112497, 25.247722610739693 ], [ 55.300907513981329, 25.247780744132577 ], [ 55.301005614077297, 25.247948844160749 ], [ 55.301040281218185, 25.247932300153135 ], [ 55.301028614097213, 25.247994144167084 ], [ 55.301125614192152, 25.248160244194946 ], [ 55.30118876929545, 25.248130058778351 ], [ 55.301170114239014, 25.248228944208059 ], [ 55.301459214516257, 25.248737044290504 ], [ 55.301720415022153, 25.248615544390965 ], [ 55.301729565354016, 25.248567039985758 ], [ 55.301748515077506, 25.248600344401872 ], [ 55.302009715583402, 25.248478844502348 ], [ 55.30205, 25.2482653 ], [ 55.301761, 25.2477571 ], [ 55.301698369773305, 25.247786246011479 ], [ 55.3017163, 25.2476912 ], [ 55.3015045, 25.247302 ], [ 55.301480089109972, 25.247314186626884 ], [ 55.3014905, 25.247259 ], [ 55.301344376937038, 25.247055529838633 ], [ 55.301523215403954, 25.246971044392872 ], [ 55.301537402883277, 25.24689583816378 ], [ 55.301558715482869, 25.246931444407554 ], [ 55.30179495422054, 25.246824203823117 ], [ 55.301779831237184, 25.246904370036564 ], [ 55.3017487, 25.2468473 ], [ 55.3015571, 25.2469351 ], [ 55.301483915217126, 25.247241044366479 ], [ 55.301587615319583, 25.247416444396354 ], [ 55.301625089032754, 25.247398954762897 ], [ 55.301614715350027, 25.24745394440453 ], [ 55.301834215561087, 25.247838444467178 ], [ 55.301904035337429, 25.247805836934056 ], [ 55.302024500692795, 25.24801295411033 ], [ 55.302078678528723, 25.24798719630337 ], [ 55.302198528794015, 25.248215972609639 ], [ 55.302773128942491, 25.247947072639114 ], [ 55.3026559, 25.2477044 ], [ 55.302246666818711, 25.247895912372751 ], [ 55.3022631, 25.2478088 ], [ 55.30212202085346, 25.247566241178358 ], [ 55.3021338, 25.2475038 ], [ 55.30210103466586, 25.247446401804098 ], [ 55.302137468756321, 25.247429656218998 ], [ 55.302187828832615, 25.247515672613297 ], [ 55.302442828898684, 25.247393372626405 ], [ 55.3024482, 25.2473649 ], [ 55.3023385, 25.2471778 ], [ 55.302295577486063, 25.247198377260737 ], [ 55.3023031, 25.2471585 ], [ 55.3022124, 25.2469972 ], [ 55.302164824833937, 25.247019075258731 ], [ 55.3021811, 25.2469328 ], [ 55.3020738, 25.2467648 ], [ 55.30198, 25.2467387 ], [ 55.30187012242493, 25.246785867291454 ], [ 55.3019423, 25.2464898 ], [ 55.3016989, 25.2460799 ], [ 55.3015977, 25.2460689 ], [ 55.301516707988746, 25.246109328180275 ], [ 55.301557040301823, 25.24589552885584 ], [ 55.301605415981747, 25.245981144467102 ], [ 55.302077816871659, 25.24581804464626 ], [ 55.302108912180174, 25.24565320557425 ], [ 55.30214711701209, 25.245771644673553 ], [ 55.302721818074154, 25.245619944889398 ], [ 55.302759127420366, 25.245422158442665 ], [ 55.302818318245464, 25.245610444924914 ], [ 55.303354019233858, 25.245472645125929 ], [ 55.3033943, 25.2452591 ], [ 55.303322099020811, 25.244921406491255 ], [ 55.303343162363738, 25.24486035620464 ], [ 55.303309046126152, 25.244860356205891 ], [ 55.3031862, 25.2444066 ], [ 55.303029105123912, 25.244447023433558 ], [ 55.3030831, 25.2441725 ], [ 55.3030521, 25.2441112 ], [ 55.302921822818085, 25.244075733231732 ], [ 55.3029376, 25.2438528 ], [ 55.3023905, 25.2439816 ], [ 55.302350218057143, 25.244195144818015 ], [ 55.302366018060326, 25.244250144821304 ], [ 55.302504801682396, 25.244217478248959 ], [ 55.302455018086135, 25.244541944840606 ], [ 55.302496190216146, 25.244549490537807 ], [ 55.302478618082723, 25.244642644844685 ], [ 55.302502218084243, 25.244732144849259 ], [ 55.302565693327928, 25.244714592755791 ], [ 55.30258993761106, 25.244883961309977 ], [ 55.3020186, 25.2450348 ], [ 55.301990884053602, 25.24518172520828 ], [ 55.3019378, 25.2450165 ] ], [ [ 55.301982615145448, 25.245309829756227 ], [ 55.301988347664221, 25.245279441147783 ], [ 55.301996551276098, 25.245304873394836 ], [ 55.301982615145448, 25.245309829756227 ] ], [ [ 55.301286051716758, 25.24628951770373 ], [ 55.301279947768222, 25.24632187391542 ], [ 55.301265887035278, 25.246298075634407 ], [ 55.301286051716758, 25.24628951770373 ] ] ], [ [ [ 55.302949230055972, 25.229644372756887 ], [ 55.303101230070453, 25.229995772762166 ], [ 55.303187930088448, 25.230030172766163 ], [ 55.303386030135293, 25.230010972775879 ], [ 55.303551730179649, 25.229906472784531 ], [ 55.3035678, 25.2293719 ], [ 55.3030475, 25.229472 ], [ 55.302939, 25.2295494 ], [ 55.302949230055972, 25.229644372756887 ] ] ], [ [ [ 55.303476119621372, 25.234449389826736 ], [ 55.303477909656358, 25.23435006738044 ], [ 55.303388078127945, 25.23435006738044 ], [ 55.303386288086053, 25.234449389825279 ], [ 55.303476119621372, 25.234449389826736 ] ] ], [ [ [ 55.302952, 25.2426572 ], [ 55.3025809, 25.2428419 ], [ 55.302562102168125, 25.242941554307546 ], [ 55.302648388171548, 25.243083347975286 ], [ 55.3022941, 25.2432647 ], [ 55.302275301849576, 25.243364354250041 ], [ 55.302375101897518, 25.243523754263641 ], [ 55.303305102746783, 25.243047754431441 ], [ 55.3033239, 25.2429481 ], [ 55.3032242, 25.2427886 ], [ 55.302847772076959, 25.242981287278599 ], [ 55.302855829255257, 25.242938572673033 ], [ 55.303043629304092, 25.242845172682689 ], [ 55.302952, 25.2426572 ] ] ], [ [ [ 55.303386288092192, 25.234134979476462 ], [ 55.303431203860733, 25.234090063713072 ], [ 55.303432993892152, 25.234035657031001 ], [ 55.303298246599532, 25.233945825502587 ], [ 55.303208415071126, 25.233945825502591 ], [ 55.303251540790079, 25.23409006371017 ], [ 55.303386288092192, 25.234134979476462 ] ] ], [ [ [ 55.303388078127945, 25.233451752096318 ], [ 55.303386288104477, 25.233506158778837 ], [ 55.303431203872137, 25.233506158779562 ], [ 55.303432993892152, 25.233451752096318 ], [ 55.303388078127945, 25.233451752096318 ] ] ], [ [ [ 55.3025404, 25.2390819 ], [ 55.302507092359001, 25.239089980040635 ], [ 55.3025305, 25.2390562 ], [ 55.3025076, 25.2389924 ], [ 55.3024624, 25.2390057 ], [ 55.302479466069677, 25.239096681845794 ], [ 55.3023549, 25.2391269 ], [ 55.302314620130161, 25.239340445022407 ], [ 55.302375020158642, 25.239513545036623 ], [ 55.302463505928074, 25.239489673082002 ], [ 55.302526529369381, 25.239694772676419 ], [ 55.302691479897291, 25.239643184403402 ], [ 55.302744620670119, 25.239805745157966 ], [ 55.302773852108729, 25.239797924131487 ], [ 55.302752716375522, 25.239909977271925 ], [ 55.3026032, 25.2399516 ], [ 55.302562920197502, 25.240165145075789 ], [ 55.302608320217594, 25.24029824508635 ], [ 55.302697689089321, 25.240273353562799 ], [ 55.302768929379177, 25.240482472683471 ], [ 55.302957338498835, 25.240429995687876 ], [ 55.302949352509373, 25.240492790831457 ], [ 55.3027962, 25.2405277 ], [ 55.302837529380874, 25.240723772685357 ], [ 55.303103152043882, 25.240645905027694 ], [ 55.303127829447533, 25.240729872699401 ], [ 55.303184129461371, 25.240715572702207 ], [ 55.303175963716363, 25.240643465395294 ], [ 55.303194329464631, 25.240700072702797 ], [ 55.303243629476761, 25.240687472705268 ], [ 55.303249, 25.240659 ], [ 55.303239114028777, 25.240627331386417 ], [ 55.303241330933552, 25.240626764998122 ], [ 55.30326052948061, 25.240688172706079 ], [ 55.303318429494851, 25.240673372708979 ], [ 55.303127, 25.2400326 ], [ 55.303098878661068, 25.24004040079928 ], [ 55.3030461, 25.2398341 ], [ 55.302998033708548, 25.239846523821551 ], [ 55.3030116, 25.2397746 ], [ 55.302964992689915, 25.23965530549938 ], [ 55.3029871, 25.2395381 ], [ 55.3028889, 25.2392377 ], [ 55.3026867, 25.2392918 ], [ 55.302658568834993, 25.239440940305688 ], [ 55.3026195, 25.2393027 ], [ 55.302570877857981, 25.239314495154932 ], [ 55.3025404, 25.2390819 ] ], [ [ 55.3028414, 25.240031 ], [ 55.302838077033009, 25.240021236501555 ], [ 55.302845539532484, 25.240019383185988 ], [ 55.302842653852956, 25.24003468192182 ], [ 55.3028414, 25.240031 ] ] ], [ [ [ 55.303388078127945, 25.234709393494086 ], [ 55.303343162363738, 25.234709393494093 ], [ 55.303341372312246, 25.234763800173379 ], [ 55.303386288079913, 25.2347638001741 ], [ 55.303388078127945, 25.234709393494086 ] ] ], [ [ [ 55.3033399, 25.2378455 ], [ 55.3033188, 25.2378512 ], [ 55.303318029657689, 25.237893372725551 ], [ 55.30333902966288, 25.2378876727266 ], [ 55.3033399, 25.2378455 ] ] ], [ [ [ 55.303253330835325, 25.234170404323624 ], [ 55.303208415071126, 25.234215320087831 ], [ 55.303206625018916, 25.234269726765913 ], [ 55.303341372321015, 25.234314642532205 ], [ 55.303343162363738, 25.234215320087827 ], [ 55.303298246599532, 25.234170404323621 ], [ 55.303253330835325, 25.234170404323624 ] ] ], [ [ [ 55.30334137234032, 25.233326495721638 ], [ 55.303343162363738, 25.233272089039495 ], [ 55.303298246599532, 25.233272089039502 ], [ 55.30329645657266, 25.233326495720913 ], [ 55.30334137234032, 25.233326495721638 ] ] ], [ [ [ 55.303304590205997, 25.230876918301583 ], [ 55.303308590202526, 25.230912418301536 ], [ 55.303353090234047, 25.230908318308078 ], [ 55.3033652, 25.2307874 ], [ 55.3033207, 25.2307915 ], [ 55.303304590205997, 25.230876918301583 ] ] ], [ [ [ 55.303092809497727, 25.242372676369737 ], [ 55.303035100345241, 25.242263004493516 ], [ 55.3030762, 25.2421516 ], [ 55.3029795, 25.2420013 ], [ 55.3029013, 25.2420424 ], [ 55.302882502591096, 25.242142054378636 ], [ 55.302965924379301, 25.242271802406346 ], [ 55.3028356, 25.2423279 ], [ 55.302816802479427, 25.242427554361523 ], [ 55.302911302518979, 25.242606954373816 ], [ 55.303147902736121, 25.242480554416598 ], [ 55.3031747, 25.2423103 ], [ 55.303092809497727, 25.242372676369737 ] ] ], [ [ [ 55.302774428510524, 25.255317672595183 ], [ 55.302860028528762, 25.255343872599177 ], [ 55.302942828550172, 25.255304972603426 ], [ 55.3029706, 25.2552098 ], [ 55.3026948, 25.254718 ], [ 55.3026099, 25.2547239 ], [ 55.3025349, 25.2547597 ], [ 55.302519828480392, 25.25482847258575 ], [ 55.302774428510524, 25.255317672595183 ] ] ], [ [ [ 55.303253330835325, 25.234754309258296 ], [ 55.303028752014299, 25.234754309258296 ], [ 55.303026961937739, 25.234808715932406 ], [ 55.303251540776046, 25.23480871593603 ], [ 55.303253330835325, 25.234754309258296 ] ] ], [ [ [ 55.303116793487106, 25.234090063707988 ], [ 55.303118583542712, 25.234035657030997 ], [ 55.303073667778506, 25.234035657030997 ], [ 55.303071877719439, 25.234090063707267 ], [ 55.303116793487106, 25.234090063707988 ] ] ], [ [ [ 55.302938920485886, 25.233586499388942 ], [ 55.302934982350081, 25.233697210920798 ], [ 55.302979898118025, 25.233787042450405 ], [ 55.303114645433453, 25.233787042455202 ], [ 55.303118583542712, 25.233721246681558 ], [ 55.302983836250093, 25.233586499388945 ], [ 55.302938920485886, 25.233586499388942 ] ] ], [ [ [ 55.302945002685966, 25.241925854393756 ], [ 55.3029638, 25.2418262 ], [ 55.302938409076035, 25.241784679962464 ], [ 55.302978, 25.2416752 ], [ 55.3029528, 25.2416314 ], [ 55.3028982, 25.2416572 ], [ 55.302889301205312, 25.241704377139801 ], [ 55.3028673, 25.2416684 ], [ 55.3023149, 25.2419448 ], [ 55.302296102137241, 25.242044454281146 ], [ 55.302392502182769, 25.242202254294206 ], [ 55.302945002685966, 25.241925854393756 ] ] ], [ [ [ 55.30302696193511, 25.234943463224756 ], [ 55.303028752014299, 25.234889056550916 ], [ 55.302938920485886, 25.234889056550912 ], [ 55.302937130399783, 25.234943463223303 ], [ 55.30302696193511, 25.234943463224756 ] ] ], [ [ [ 55.302136229145411, 25.241978172643854 ], [ 55.30287022933625, 25.241613672681634 ], [ 55.3027828, 25.2414322 ], [ 55.3020487, 25.2417968 ], [ 55.302136229145411, 25.241978172643854 ] ] ], [ [ [ 55.302759257429059, 25.235248382664562 ], [ 55.302756393254988, 25.235398315404179 ], [ 55.302846224794457, 25.235398315406503 ], [ 55.302936056336733, 25.235308483880686 ], [ 55.302938920485886, 25.235248382664558 ], [ 55.302759257429059, 25.235248382664562 ] ] ], [ [ [ 55.3027747, 25.2388446 ], [ 55.302571, 25.2388961 ], [ 55.302662429427556, 25.239237672685732 ], [ 55.30286622947763, 25.239186172695923 ], [ 55.3027747, 25.2388446 ] ] ], [ [ [ 55.302804173193266, 25.243557799042666 ], [ 55.302759257429059, 25.243557799042669 ], [ 55.302752454403972, 25.243638780181136 ], [ 55.30279737018131, 25.2436387801839 ], [ 55.302804173193266, 25.243557799042666 ] ] ], [ [ [ 55.302380528928708, 25.246635872627902 ], [ 55.302445110734652, 25.246614773073937 ], [ 55.302397228930673, 25.246668272628526 ], [ 55.302467628940022, 25.246785972631237 ], [ 55.302522967313031, 25.246760054183373 ], [ 55.302578917267795, 25.246890744780526 ], [ 55.302711017523372, 25.2468298448313 ], [ 55.3027513, 25.2466163 ], [ 55.302691, 25.2465092 ], [ 55.302666242926783, 25.24652060474742 ], [ 55.3026766, 25.2464657 ], [ 55.3025475, 25.2462447 ], [ 55.302528895075064, 25.246253250068893 ], [ 55.3024727, 25.2461323 ], [ 55.302451010802891, 25.246142577460567 ], [ 55.3023876, 25.2460064 ], [ 55.302356846284994, 25.246021216385778 ], [ 55.3023766, 25.2457899 ], [ 55.3022158, 25.2458435 ], [ 55.302158244453388, 25.246148607605335 ], [ 55.302119228894284, 25.246194072617865 ], [ 55.30215253373477, 25.246308089327226 ], [ 55.302185921499763, 25.246297140894434 ], [ 55.302380528928708, 25.246635872627902 ] ] ], [ [ [ 55.3013775, 25.2428072 ], [ 55.30135870120273, 25.242906854103992 ], [ 55.301452201244111, 25.243073354116394 ], [ 55.301636601410522, 25.24298865414946 ], [ 55.301651985992379, 25.242907098182201 ], [ 55.301671301448842, 25.2429385541564 ], [ 55.302276627667972, 25.242634718862472 ], [ 55.30226200197265, 25.242712254261399 ], [ 55.302356302016477, 25.24287005427411 ], [ 55.302719602346521, 25.24269245433949 ], [ 55.3027384, 25.2425928 ], [ 55.30265104803204, 25.24244678157735 ], [ 55.302779602458656, 25.242382254356158 ], [ 55.3027984, 25.2422826 ], [ 55.3027031, 25.2421273 ], [ 55.3015948, 25.2426837 ], [ 55.301581028527892, 25.242756704632448 ], [ 55.3015618, 25.2427225 ], [ 55.3013775, 25.2428072 ] ] ], [ [ [ 55.3028143, 25.2378997 ], [ 55.302768, 25.23778 ], [ 55.3027293, 25.2377922 ], [ 55.30268902136519, 25.23800574521831 ], [ 55.302775921416604, 25.238231045239836 ], [ 55.302814721489185, 25.238218745254496 ], [ 55.302855, 25.2380052 ], [ 55.3028143, 25.2378997 ] ] ], [ [ [ 55.302890245568243, 25.234100503704372 ], [ 55.302894004721679, 25.234035657031001 ], [ 55.302849088957473, 25.234035657031001 ], [ 55.302845329796774, 25.234100503702852 ], [ 55.302890245568243, 25.234100503704372 ] ] ], [ [ [ 55.302740729407894, 25.239881472685692 ], [ 55.3026957, 25.2396958 ], [ 55.3024732, 25.2397542 ], [ 55.302518129353082, 25.239939772674546 ], [ 55.302740729407894, 25.239881472685692 ] ] ], [ [ [ 55.302608228920562, 25.247671672632769 ], [ 55.3024759, 25.2474044 ], [ 55.302184, 25.247542 ], [ 55.30231632884508, 25.247809272617786 ], [ 55.302608228920562, 25.247671672632769 ] ] ], [ [ [ 55.30257959437224, 25.243557799042662 ], [ 55.302572791291261, 25.243683695933964 ], [ 55.302617707068613, 25.243683695936721 ], [ 55.30266262284929, 25.243638780175619 ], [ 55.302669425900653, 25.243557799042666 ], [ 55.30257959437224, 25.243557799042662 ] ] ], [ [ [ 55.302759257429059, 25.234035657031004 ], [ 55.30271434166486, 25.234035657031001 ], [ 55.302710761491113, 25.234099554607656 ], [ 55.302755677262226, 25.234099554609102 ], [ 55.302759257429059, 25.234035657031004 ] ] ], [ [ [ 55.302440908871766, 25.23342771631917 ], [ 55.302485824637792, 25.233562463612792 ], [ 55.302575656179478, 25.23360737938 ], [ 55.302710403494906, 25.233607379384793 ], [ 55.30271434166486, 25.233496667860532 ], [ 55.302534678608033, 25.233317004803705 ], [ 55.30244484707962, 25.233317004803705 ], [ 55.302440908871766, 25.23342771631917 ] ] ], [ [ [ 55.302517102619873, 25.240562754349611 ], [ 55.3025359, 25.2404631 ], [ 55.302447, 25.2403143 ], [ 55.3013315, 25.2408597 ], [ 55.301312701565259, 25.24095935413688 ], [ 55.301418812082169, 25.241099739567442 ], [ 55.301403001592206, 25.241183554147522 ], [ 55.3014962016357, 25.241338654160099 ], [ 55.302583102623608, 25.240804454355757 ], [ 55.3026019, 25.2407048 ], [ 55.302517102619873, 25.240562754349611 ] ] ], [ [ [ 55.302669425900653, 25.235113635371945 ], [ 55.30257959437224, 25.235113635371945 ], [ 55.302575835121935, 25.235223397794158 ], [ 55.302620750893404, 25.235223397795679 ], [ 55.302665666666705, 25.235178482033188 ], [ 55.302669425900653, 25.235113635371945 ] ] ], [ [ [ 55.302531098408402, 25.234054638837819 ], [ 55.302576014179515, 25.234054638839279 ], [ 55.302665845725265, 25.233964807314123 ], [ 55.302669425900653, 25.233900909738381 ], [ 55.30257959437224, 25.233900909738388 ], [ 55.302531098408402, 25.234054638837819 ] ] ], [ [ [ 55.302309129112508, 25.24322017264484 ], [ 55.302500529162188, 25.243126572654671 ], [ 55.3024079, 25.2429341 ], [ 55.3022165, 25.2430277 ], [ 55.302309129112508, 25.24322017264484 ] ] ], [ [ [ 55.301487053106577, 25.239061257837012 ], [ 55.3014252, 25.2389877 ], [ 55.3013454, 25.2389839 ], [ 55.3012554, 25.2390246 ], [ 55.301243236595084, 25.239089081680557 ], [ 55.3012208, 25.2390496 ], [ 55.3011332, 25.2390903 ], [ 55.301087029065464, 25.239210472609489 ], [ 55.301147129073136, 25.239316172611776 ], [ 55.30123552894959, 25.239275127901379 ], [ 55.301307118357421, 25.239404844653059 ], [ 55.301476318684017, 25.239328344718022 ], [ 55.301485042425107, 25.239282097326683 ], [ 55.301503918737787, 25.239314744728677 ], [ 55.301668719057119, 25.239237444792078 ], [ 55.301686372747461, 25.239143855890195 ], [ 55.301727019168617, 25.239213444814364 ], [ 55.301877819464181, 25.239135044872729 ], [ 55.301891913653577, 25.239060325464621 ], [ 55.301918419548329, 25.239103544888906 ], [ 55.302086819878021, 25.239016844954037 ], [ 55.302099578822357, 25.238949203542795 ], [ 55.302132319962212, 25.239004544971138 ], [ 55.302291520272185, 25.238926445032533 ], [ 55.302304570137885, 25.23885726060124 ], [ 55.302329520350078, 25.238898945047595 ], [ 55.302494820670134, 25.238821945111148 ], [ 55.3025351, 25.2386084 ], [ 55.302487878612887, 25.238529599979167 ], [ 55.3025167, 25.2383768 ], [ 55.3024271, 25.2382254 ], [ 55.302351636549062, 25.238261858851072 ], [ 55.302372, 25.2381539 ], [ 55.302293, 25.238015 ], [ 55.3021109, 25.2380998 ], [ 55.302070620159292, 25.238313344979645 ], [ 55.302116820203665, 25.238394344992813 ], [ 55.302196420325608, 25.23843044502015 ], [ 55.302295474334386, 25.238384322457382 ], [ 55.30225399061122, 25.238589810976983 ], [ 55.3021699, 25.2385867 ], [ 55.302078, 25.2386311 ], [ 55.302064704398866, 25.238701586671198 ], [ 55.3020322, 25.2386486 ], [ 55.301947155744209, 25.238691258275434 ], [ 55.301950773673354, 25.238617064980009 ], [ 55.301905857909148, 25.238617064980009 ], [ 55.301899950118198, 25.238738216425368 ], [ 55.301921534706281, 25.238738216428221 ], [ 55.301888016769503, 25.238870065933089 ], [ 55.3018523, 25.238809 ], [ 55.3017608, 25.2387924 ], [ 55.3016711, 25.2388352 ], [ 55.301653597060124, 25.238927989972627 ], [ 55.3016149, 25.238861 ], [ 55.3015254, 25.2389033 ], [ 55.301487053106577, 25.239061257837012 ] ] ], [ [ [ 55.300261454220987, 25.253588787826207 ], [ 55.3002183, 25.2535195 ], [ 55.3001205, 25.2535693 ], [ 55.300115127997074, 25.253597772476429 ], [ 55.300229728012759, 25.253781772480878 ], [ 55.300296793969984, 25.253747622354947 ], [ 55.300354754529039, 25.253843414978967 ], [ 55.3003028, 25.2538703 ], [ 55.300265196089548, 25.254069607375239 ], [ 55.300495896312768, 25.25443440743836 ], [ 55.300573921296419, 25.254394049855332 ], [ 55.300545810379241, 25.254543043698067 ], [ 55.300664410500495, 25.254734443732662 ], [ 55.300773507694068, 25.254748832196274 ], [ 55.300758080151418, 25.2548306019156 ], [ 55.3007226, 25.2547705 ], [ 55.3004694, 25.2548928 ], [ 55.300464028, 25.254921272485451 ], [ 55.300566628013527, 25.255095072489386 ], [ 55.300799563912513, 25.254982560469195 ], [ 55.300880058798583, 25.255105574166706 ], [ 55.300862310638671, 25.255199643783847 ], [ 55.300893610671515, 25.255248243793062 ], [ 55.300951415023725, 25.255210570941276 ], [ 55.301072910913277, 25.255404843851306 ], [ 55.30154331183698, 25.255157944033545 ], [ 55.301600912456912, 25.254852942345426 ], [ 55.301745612235585, 25.255048644112055 ], [ 55.302091112896143, 25.254907944244074 ], [ 55.302255213237224, 25.254778944309571 ], [ 55.3022955, 25.2545654 ], [ 55.30216, 25.2543289 ], [ 55.302051955329638, 25.254385832755403 ], [ 55.3020796, 25.2542393 ], [ 55.3018759, 25.2539101 ], [ 55.3016553, 25.2540217 ], [ 55.301633998361005, 25.254134609186057 ], [ 55.3014144, 25.2542467 ], [ 55.301374111850812, 25.254460244003226 ], [ 55.301533412014443, 25.254715644049753 ], [ 55.301620642792592, 25.254671138737582 ], [ 55.30159342923718, 25.254823814112953 ], [ 55.3015178, 25.2546975 ], [ 55.301445001095445, 25.254733192985995 ], [ 55.3014663, 25.2546203 ], [ 55.301384, 25.2544805 ], [ 55.3012689, 25.2544478 ], [ 55.30118788582373, 25.254487678926687 ], [ 55.3012355, 25.2542522 ], [ 55.3011274, 25.254064 ], [ 55.301052851334653, 25.254100907556552 ], [ 55.3010797, 25.2539586 ], [ 55.300967953246953, 25.253777357336297 ], [ 55.301036911559244, 25.253795143910295 ], [ 55.301390435967939, 25.253622203306815 ], [ 55.301632528322372, 25.254027972547483 ], [ 55.301841828377121, 25.253918772558286 ], [ 55.3018472, 25.2538903 ], [ 55.301662290434493, 25.253592996167605 ], [ 55.301722613764476, 25.253592996163526 ], [ 55.301726194852336, 25.253529098696397 ], [ 55.301636363323915, 25.25352909869639 ], [ 55.301635221424995, 25.253549473567841 ], [ 55.3015508, 25.2534803 ], [ 55.301490520682655, 25.253505582825746 ], [ 55.3015354, 25.2532787 ], [ 55.3014563, 25.2531294 ], [ 55.301355024116276, 25.253180298071126 ], [ 55.3013877, 25.2530071 ], [ 55.3012964, 25.2528633 ], [ 55.3007409, 25.2531518 ], [ 55.300700611165723, 25.253365343807154 ], [ 55.300791911260625, 25.253509143833941 ], [ 55.300881959587635, 25.253462377429141 ], [ 55.300856605719247, 25.253596761590359 ], [ 55.300729040319311, 25.25365404509493 ], [ 55.30075750000001, 25.2535032 ], [ 55.3006213, 25.2532791 ], [ 55.3002873, 25.2534518 ], [ 55.300261454220987, 25.253588787826207 ] ], [ [ 55.301792717801611, 25.254522434095733 ], [ 55.301766536615041, 25.254536229837072 ], [ 55.301774648568632, 25.254493232451569 ], [ 55.301792717801611, 25.254522434095733 ] ], [ [ 55.300973940694924, 25.254592992271281 ], [ 55.300947104971762, 25.254606201976689 ], [ 55.3009553957151, 25.254562258560455 ], [ 55.300961636561091, 25.254572601218833 ], [ 55.300973940694924, 25.254592992271281 ] ], [ [ 55.300879952145081, 25.254252567826406 ], [ 55.300878289262478, 25.254261381604607 ], [ 55.300870180309666, 25.254304361472943 ], [ 55.30084681640119, 25.254269279939653 ], [ 55.300879952145081, 25.254252567826406 ] ], [ [ 55.300741362967692, 25.25420142052884 ], [ 55.300764266665851, 25.254238551717709 ], [ 55.300731169891783, 25.254255446570621 ], [ 55.300741362967692, 25.25420142052884 ] ], [ [ 55.300553468219661, 25.253798216099437 ], [ 55.300600430917335, 25.253774849248423 ], [ 55.300586247246535, 25.253850026383407 ], [ 55.300553468219661, 25.253798216099437 ] ], [ [ 55.300503990241388, 25.253766189483862 ], [ 55.300510956177334, 25.253729268331288 ], [ 55.300538225160778, 25.253774123018324 ], [ 55.300503990241388, 25.253766189483862 ] ] ], [ [ [ 55.302353328795817, 25.24879487261369 ], [ 55.30222950000001, 25.2485496 ], [ 55.3019804, 25.248671 ], [ 55.30210432873119, 25.248916372600892 ], [ 55.302353328795817, 25.24879487261369 ] ] ], [ [ [ 55.302530919356002, 25.235088650500572 ], [ 55.302534678608033, 25.234978888079329 ], [ 55.30244484707962, 25.234978888079326 ], [ 55.302441087813072, 25.235088650497524 ], [ 55.302530919356002, 25.235088650500572 ] ] ], [ [ [ 55.302399931315414, 25.23426023585203 ], [ 55.302355015551207, 25.234305151616237 ], [ 55.302351614321985, 25.234413015854251 ], [ 55.302441445863529, 25.234413015857015 ], [ 55.302486361635971, 25.234368100094361 ], [ 55.302489762843827, 25.234305151616233 ], [ 55.30244484707962, 25.23426023585203 ], [ 55.302399931315414, 25.23426023585203 ] ] ], [ [ [ 55.299885251768686, 25.241561568979392 ], [ 55.2993825, 25.2418126 ], [ 55.299326913754371, 25.24207454381299 ], [ 55.299414713847234, 25.242209043838919 ], [ 55.29945632443237, 25.242188150462546 ], [ 55.299445213883338, 25.242247043848309 ], [ 55.299525922579612, 25.242402845919123 ], [ 55.2993555, 25.2424782 ], [ 55.299345378679796, 25.242531849395171 ], [ 55.2992886, 25.2425368 ], [ 55.299276315250985, 25.24260191669099 ], [ 55.2991074, 25.2426821 ], [ 55.29910202840189, 25.242710572492285 ], [ 55.299279528424947, 25.243016372499074 ], [ 55.299534428490894, 25.242895272512175 ], [ 55.299524522174039, 25.242802127218457 ], [ 55.299577228501008, 25.242891372514258 ], [ 55.29965468522861, 25.242853951497988 ], [ 55.299667066929082, 25.24287493682704 ], [ 55.2995246, 25.2429471 ], [ 55.299518421098917, 25.242979852164897 ], [ 55.2993366, 25.2430585 ], [ 55.299331228432727, 25.243086972501171 ], [ 55.299577328465432, 25.243498172510648 ], [ 55.299744785396285, 25.243416193351766 ], [ 55.299754085657732, 25.243432515627887 ], [ 55.2995765, 25.2435196 ], [ 55.299571128461075, 25.243548072510045 ], [ 55.299732428483615, 25.24379867251638 ], [ 55.299911591829456, 25.243708943621844 ], [ 55.2997613, 25.2438037 ], [ 55.299755928487073, 25.243832172517312 ], [ 55.300070128527842, 25.244374072529325 ], [ 55.300248088347921, 25.244272882801848 ], [ 55.300277200038039, 25.244322853890772 ], [ 55.300315519341822, 25.244304285503329 ], [ 55.300307300057234, 25.244347853895345 ], [ 55.300404000102596, 25.244507553908434 ], [ 55.300579900262662, 25.244420353940125 ], [ 55.3005987, 25.2443207 ], [ 55.300502, 25.244161 ], [ 55.3004630983651, 25.244180284978786 ], [ 55.300471, 25.2441384 ], [ 55.3001499, 25.2436081 ], [ 55.300125324874415, 25.243620275673312 ], [ 55.3001353, 25.2435674 ], [ 55.2998075, 25.242992 ], [ 55.299769148564707, 25.24300988180994 ], [ 55.299778072837938, 25.242962576879236 ], [ 55.299896714375571, 25.242905343983125 ], [ 55.299901941930621, 25.24287763407634 ], [ 55.299917114411635, 25.242903643990626 ], [ 55.300009014590053, 25.242859844026032 ], [ 55.300037653997109, 25.242708032970807 ], [ 55.300104014771982, 25.242820244062372 ], [ 55.300290615134799, 25.242730044134312 ], [ 55.300310207530259, 25.242626187844426 ], [ 55.300337849886525, 25.242672410683152 ], [ 55.30031070038261, 25.242776253928778 ], [ 55.300392140379088, 25.242908937031977 ], [ 55.3002708, 25.2429713 ], [ 55.300252000274682, 25.243070953912657 ], [ 55.300354000323786, 25.243233253926576 ], [ 55.30089510081816, 25.242955154024269 ], [ 55.3009139, 25.2428555 ], [ 55.30082205045062, 25.242709351179549 ], [ 55.300950600926704, 25.242644854040183 ], [ 55.3009694, 25.2425452 ], [ 55.30091034267199, 25.242448983047083 ], [ 55.301106416714156, 25.242351144448108 ], [ 55.3011467, 25.2421376 ], [ 55.3010389, 25.2419622 ], [ 55.300995355715834, 25.241983502195293 ], [ 55.3010119, 25.2418958 ], [ 55.3009088, 25.2417292 ], [ 55.300643306248247, 25.241863592677781 ], [ 55.3006796, 25.2416712 ], [ 55.3005957, 25.2414883 ], [ 55.300547745957765, 25.241511849680762 ], [ 55.3005613, 25.24144 ], [ 55.300489083766116, 25.241281322654959 ], [ 55.300816616754858, 25.241117644397914 ], [ 55.300847917213929, 25.240951718476328 ], [ 55.300878601205731, 25.241001954062284 ], [ 55.301797502042511, 25.240542654227891 ], [ 55.3018163, 25.240443 ], [ 55.3015765, 25.2400505 ], [ 55.301067597165847, 25.240304814128354 ], [ 55.3011008, 25.2401288 ], [ 55.301047632854186, 25.240040034494889 ], [ 55.301144529021705, 25.240182972606476 ], [ 55.301621200610448, 25.239949290074563 ], [ 55.301658454824178, 25.240011769624374 ], [ 55.301639802003741, 25.240110654210135 ], [ 55.301873402112115, 25.240502354241617 ], [ 55.302381402573474, 25.240254454333012 ], [ 55.3024002, 25.2401548 ], [ 55.3023466, 25.239864 ], [ 55.3022594, 25.2397178 ], [ 55.302192726906981, 25.239750337730111 ], [ 55.3022291, 25.2394221 ], [ 55.3021923, 25.2393641 ], [ 55.302130826220512, 25.239419334715521 ], [ 55.3021536, 25.2392986 ], [ 55.3020586, 25.2391417 ], [ 55.30075630000001, 25.23979 ], [ 55.30071601707067, 25.240003544411202 ], [ 55.300811259229576, 25.240155951621428 ], [ 55.300793717097271, 25.240248944428483 ], [ 55.300882524920993, 25.240397299605593 ], [ 55.3006576, 25.2405097 ], [ 55.300647762216066, 25.240561850651378 ], [ 55.3006195, 25.2405156 ], [ 55.300280052616031, 25.24068525109854 ], [ 55.300311, 25.2405212 ], [ 55.300198478225859, 25.24035622891493 ], [ 55.3002125, 25.2402819 ], [ 55.3001765, 25.2402156 ], [ 55.3001248, 25.2402385 ], [ 55.300092678646173, 25.240408773383965 ], [ 55.299910784935477, 25.240499109070488 ], [ 55.2999212, 25.2404439 ], [ 55.2998227, 25.2402811 ], [ 55.299129, 25.2406246 ], [ 55.299088713885865, 25.240838143781684 ], [ 55.299127761204119, 25.240902680875351 ], [ 55.2988931, 25.2410118 ], [ 55.298887728450396, 25.241040272491865 ], [ 55.29898362846248, 25.241211772495493 ], [ 55.29906728630742, 25.241173464887403 ], [ 55.299126022097532, 25.241278503252452 ], [ 55.2990969, 25.2412927 ], [ 55.299056613536351, 25.241506243740073 ], [ 55.299264513741917, 25.241857243800013 ], [ 55.299853814887207, 25.241573444027175 ], [ 55.299862944691732, 25.241525048678582 ], [ 55.299885251768686, 25.241561568979392 ] ], [ [ 55.301910701181406, 25.239809762926772 ], [ 55.301946822876253, 25.239870343125226 ], [ 55.301894453100815, 25.239895900390398 ], [ 55.301910701181406, 25.239809762926772 ] ], [ [ 55.301887935139909, 25.239631202157128 ], [ 55.301884342659662, 25.239625570122143 ], [ 55.301889477277456, 25.239623026664187 ], [ 55.301888261669909, 25.239629471090034 ], [ 55.301887935139909, 25.239631202157128 ] ], [ [ 55.30015546493587, 25.242201801942667 ], [ 55.300125999843061, 25.242150797996889 ], [ 55.300169145051036, 25.242129285779672 ], [ 55.30015546493587, 25.242201801942667 ] ], [ [ 55.299988291073802, 25.243826931036811 ], [ 55.29994157749173, 25.243748516602821 ], [ 55.299977236963734, 25.243731909749332 ], [ 55.299966399896391, 25.243789353849134 ], [ 55.299988291073802, 25.243826931036811 ] ], [ [ 55.299924864178195, 25.242251084042341 ], [ 55.299923703339417, 25.24225723739665 ], [ 55.299921330627043, 25.242252845863451 ], [ 55.299924864178195, 25.242251084042341 ] ], [ [ 55.299642602710392, 25.240775449817583 ], [ 55.299632114829905, 25.24083104397975 ], [ 55.299715023494201, 25.240967641968222 ], [ 55.299690669582013, 25.241016447339891 ], [ 55.299336927156553, 25.241175688750253 ], [ 55.2993686, 25.2410078 ], [ 55.299326210615526, 25.240932117349757 ], [ 55.299642602710392, 25.240775449817583 ] ], [ [ 55.299603241733863, 25.24312151879306 ], [ 55.299619747257907, 25.2431131541355 ], [ 55.299614592648986, 25.243140476957805 ], [ 55.299603241733863, 25.24312151879306 ] ] ], [ [ [ 55.302441266843346, 25.234638543767272 ], [ 55.30244484707962, 25.234574646201473 ], [ 55.302399931315414, 25.234574646201473 ], [ 55.302396351072233, 25.234638543765811 ], [ 55.302441266843346, 25.234638543767272 ] ] ], [ [ [ 55.302440013971193, 25.230647684404929 ], [ 55.302484929744736, 25.230647684406875 ], [ 55.302489762843827, 25.230577143187137 ], [ 55.30244484707962, 25.230577143187141 ], [ 55.302440013971193, 25.230647684404929 ] ] ], [ [ [ 55.302089480610817, 25.244049537524877 ], [ 55.3019607, 25.2441092 ], [ 55.301920417256689, 25.244322744655953 ], [ 55.302047317377905, 25.244546844692081 ], [ 55.302201217675837, 25.244475444751259 ], [ 55.302248717835717, 25.244298944776446 ], [ 55.302289, 25.2440854 ], [ 55.3022441, 25.2440051 ], [ 55.302211577167888, 25.244019406830052 ], [ 55.3022245, 25.2439509 ], [ 55.3021796, 25.2438686 ], [ 55.3021185, 25.2438957 ], [ 55.302089480610817, 25.244049537524877 ] ] ], [ [ [ 55.30217532898952, 25.244790872628972 ], [ 55.30225320000001, 25.2447252 ], [ 55.3021567, 25.2445715 ], [ 55.302078828976249, 25.2446371726252 ], [ 55.30217532898952, 25.244790872628972 ] ] ], [ [ [ 55.302377824757514, 25.23331062725606 ], [ 55.3024026, 25.2332774 ], [ 55.3023825, 25.2332423 ], [ 55.302357624755352, 25.233275527255426 ], [ 55.302377824757514, 25.23331062725606 ] ] ], [ [ [ 55.302350540433615, 25.230645786219554 ], [ 55.302395456206462, 25.23064578622137 ], [ 55.302399931315414, 25.230577143187141 ], [ 55.302355015551207, 25.230577143187141 ], [ 55.302350540433615, 25.230645786219554 ] ] ], [ [ [ 55.300042742010142, 25.237888140146172 ], [ 55.299979060813079, 25.237923823733375 ], [ 55.2999388, 25.237829 ], [ 55.2998906, 25.2378571 ], [ 55.299854698876239, 25.238047412733934 ], [ 55.2996167, 25.2381689 ], [ 55.299585751276659, 25.238332957403397 ], [ 55.2995177, 25.2382232 ], [ 55.299213554216692, 25.238377418981987 ], [ 55.2992328, 25.2382754 ], [ 55.2992034, 25.2382313 ], [ 55.29915530000001, 25.2382575 ], [ 55.299115014972763, 25.238471043897299 ], [ 55.29914441500425, 25.238515143906021 ], [ 55.299191956495299, 25.238489248194696 ], [ 55.299172715019779, 25.238591243912911 ], [ 55.299458915312201, 25.239052943996388 ], [ 55.299564222802395, 25.238999512891723 ], [ 55.29953931541683, 25.239131544022108 ], [ 55.299820115703305, 25.239585544103953 ], [ 55.29987817645948, 25.239556143519192 ], [ 55.299857915734442, 25.239663544114222 ], [ 55.300073415953484, 25.240013844176939 ], [ 55.300168816108815, 25.240036244210646 ], [ 55.300773517286373, 25.239739444443945 ], [ 55.300831, 25.2394535 ], [ 55.3006173, 25.2390894 ], [ 55.300552036846177, 25.239122127110488 ], [ 55.300572, 25.2390163 ], [ 55.3002703, 25.238551 ], [ 55.300192629254525, 25.238592209286629 ], [ 55.3002154, 25.2384715 ], [ 55.300030001051347, 25.238174333883517 ], [ 55.300085828900869, 25.238075772567701 ], [ 55.300093715398376, 25.237963642033982 ], [ 55.300158228918214, 25.23806497257128 ], [ 55.300307921207462, 25.2379889508791 ], [ 55.300363117309963, 25.238070144369395 ], [ 55.300438517458936, 25.238028244398706 ], [ 55.300448627707148, 25.237974648388104 ], [ 55.300533289663534, 25.237974648376383 ], [ 55.300548117661968, 25.23799804443993 ], [ 55.300619117801126, 25.237961144467416 ], [ 55.300627803211853, 25.237915101341105 ], [ 55.300651717861335, 25.237952544479661 ], [ 55.301383319296072, 25.23757024476291 ], [ 55.301407314879235, 25.23744303430496 ], [ 55.301789419773556, 25.238083344887659 ], [ 55.301900965906547, 25.238126933879879 ], [ 55.3018573, 25.2381495 ], [ 55.301827478189097, 25.238307599576714 ], [ 55.301762, 25.2382015 ], [ 55.3015996, 25.2382943 ], [ 55.301589392030522, 25.238348416636814 ], [ 55.3015732, 25.2383229 ], [ 55.3014163, 25.2384092 ], [ 55.30140403443432, 25.238474224176308 ], [ 55.3013719, 25.2384207 ], [ 55.3012092, 25.2385059 ], [ 55.301197861039292, 25.238566011291894 ], [ 55.3011744, 25.2385281 ], [ 55.3010105, 25.2386137 ], [ 55.300984290136675, 25.238752644978511 ], [ 55.3009188, 25.2386434 ], [ 55.3007528, 25.2387267 ], [ 55.300738126249847, 25.238804488237658 ], [ 55.3007116, 25.2387622 ], [ 55.3006616, 25.2387878 ], [ 55.300704528995752, 25.238893272592826 ], [ 55.300723179507017, 25.238883723537846 ], [ 55.300716428994335, 25.238964272592987 ], [ 55.300808929007466, 25.239104572596641 ], [ 55.300978429051938, 25.239013372605402 ], [ 55.300997130258104, 25.238870726836364 ], [ 55.301065718125599, 25.238981544584185 ], [ 55.301154518299136, 25.2389365446185 ], [ 55.301194591089647, 25.238762194943387 ], [ 55.301214618465202, 25.238795544646685 ], [ 55.301335718655082, 25.238840544688728 ], [ 55.301428218835198, 25.238795144724406 ], [ 55.301441336262357, 25.238725604694057 ], [ 55.30147431892275, 25.238777544741964 ], [ 55.301560719092137, 25.238732544775409 ], [ 55.301593599715908, 25.238563385807879 ], [ 55.301621719252104, 25.238608944803122 ], [ 55.301676768468724, 25.238619732236025 ], [ 55.301675371245935, 25.238648384885558 ], [ 55.301720287021553, 25.238648384887956 ], [ 55.301821819612492, 25.23857724487733 ], [ 55.301851809720418, 25.238418253594034 ], [ 55.30191481979945, 25.238518244913799 ], [ 55.302000919968037, 25.238473844947098 ], [ 55.3020681, 25.2381455 ], [ 55.302030176609549, 25.238085505206687 ], [ 55.302066020269152, 25.238045344989956 ], [ 55.3021196, 25.2377898 ], [ 55.3021085, 25.2377278 ], [ 55.3016725, 25.237013 ], [ 55.301565421431945, 25.236974286309277 ], [ 55.3015374, 25.236889 ], [ 55.3014433, 25.2369367 ], [ 55.301466902776859, 25.237011879916803 ], [ 55.3013526, 25.2370703 ], [ 55.301327096471852, 25.23720550491424 ], [ 55.3012715, 25.2371184 ], [ 55.3005398, 25.2375007 ], [ 55.300531328893562, 25.237545607086741 ], [ 55.3005033, 25.2375014 ], [ 55.3004323, 25.2375382 ], [ 55.300392889617058, 25.237747121162649 ], [ 55.3003465, 25.2377729 ], [ 55.30031842842169, 25.237921711353472 ], [ 55.3002806, 25.2378608 ], [ 55.300258765848511, 25.237871875865 ], [ 55.30017, 25.237711 ], [ 55.3000081, 25.2378004 ], [ 55.300042742010142, 25.237888140146172 ] ], [ [ 55.299966737631699, 25.238072931947347 ], [ 55.299954602100605, 25.238053480458674 ], [ 55.299963477662381, 25.238006430747998 ], [ 55.299975828322452, 25.238024741813021 ], [ 55.299966737631699, 25.238072931947347 ] ], [ [ 55.299789078687091, 25.238763367199546 ], [ 55.299794898401778, 25.238732517134192 ], [ 55.299831194711395, 25.238790674232511 ], [ 55.299778938503493, 25.238817119846281 ], [ 55.299789078687091, 25.238763367199546 ] ] ], [ [ [ 55.301671, 25.242 ], [ 55.301652201605577, 25.242099654170687 ], [ 55.301746472337264, 25.24224239005099 ], [ 55.301730501622181, 25.242327054179228 ], [ 55.301822601665684, 25.242477754191711 ], [ 55.302012101838301, 25.242382854225863 ], [ 55.3020309, 25.2422832 ], [ 55.301929549779288, 25.24213722756037 ], [ 55.3019464, 25.2420479 ], [ 55.3018507, 25.2419029 ], [ 55.301671, 25.242 ] ] ], [ [ [ 55.301837728957494, 25.244007572617267 ], [ 55.3019518289872, 25.243950172623141 ], [ 55.3019237, 25.2438634 ], [ 55.301812, 25.2439228 ], [ 55.301837728957494, 25.244007572617267 ] ] ], [ [ [ 55.302040605201768, 25.234709393494093 ], [ 55.301995689437561, 25.234664477729886 ], [ 55.301950773673354, 25.234664477729886 ], [ 55.301905857909148, 25.234709393494093 ], [ 55.301902277582919, 25.234818206805961 ], [ 55.301947193352284, 25.234863122571433 ], [ 55.301992109123404, 25.234863122572889 ], [ 55.302037024896272, 25.23481820681031 ], [ 55.302040605201768, 25.234709393494093 ] ] ], [ [ [ 55.30190281465282, 25.234186538841698 ], [ 55.302037561963061, 25.234186538845403 ], [ 55.302040605201768, 25.234035657031004 ], [ 55.301995689437561, 25.233990741266805 ], [ 55.301950773673354, 25.233990741266801 ], [ 55.301905857909148, 25.234035657031001 ], [ 55.30190281465282, 25.234186538841698 ] ] ], [ [ [ 55.301991930098445, 25.235088650482286 ], [ 55.301995689437561, 25.234978888079326 ], [ 55.301905857909148, 25.234978888079326 ], [ 55.301902098555516, 25.235088650479234 ], [ 55.301991930098445, 25.235088650482286 ] ] ], [ [ [ 55.301860942144941, 25.233451752096322 ], [ 55.301857361860947, 25.233560565411736 ], [ 55.301947193403187, 25.233560565414646 ], [ 55.301992109176055, 25.23351564965208 ], [ 55.301995689437561, 25.233451752096318 ], [ 55.301950773673354, 25.233406836332115 ], [ 55.301905857909148, 25.233406836332119 ], [ 55.301860942144941, 25.233451752096322 ] ] ], [ [ [ 55.30190209854814, 25.235268313535308 ], [ 55.301905857909148, 25.235203466900362 ], [ 55.301816026380735, 25.235203466900362 ], [ 55.301812267005218, 25.235268313532263 ], [ 55.30190209854814, 25.235268313535308 ] ] ], [ [ [ 55.3011111, 25.2442906 ], [ 55.301131828773983, 25.244357372580939 ], [ 55.301721828926638, 25.244077272611239 ], [ 55.3017565, 25.2440135 ], [ 55.3017304, 25.2439869 ], [ 55.3011111, 25.2442906 ] ] ], [ [ [ 55.3016108, 25.2436127 ], [ 55.301574814553462, 25.243630874683607 ], [ 55.3015856, 25.2435737 ], [ 55.3014785, 25.2434002 ], [ 55.3005667, 25.2438604 ], [ 55.300547900331289, 25.243960053944306 ], [ 55.300654900382149, 25.244133553958854 ], [ 55.300702156804796, 25.244109705764618 ], [ 55.300691300404651, 25.244167253964331 ], [ 55.300792500452772, 25.244331253978093 ], [ 55.301693201274091, 25.243876254140531 ], [ 55.301712, 25.2437766 ], [ 55.301680016907326, 25.243724801347813 ], [ 55.301732101341834, 25.243699354150831 ], [ 55.3017509, 25.2435997 ], [ 55.3017199, 25.2435476 ], [ 55.301663, 25.2435753 ], [ 55.301645380140727, 25.243668704847508 ], [ 55.3016108, 25.2436127 ] ] ], [ [ [ 55.301858972984071, 25.233776602428151 ], [ 55.301860942144941, 25.233721246681558 ], [ 55.301771110616528, 25.233721246681558 ], [ 55.301769141448062, 25.233776602426556 ], [ 55.301858972984071, 25.233776602428151 ] ] ], [ [ [ 55.301675371234353, 25.23882804794119 ], [ 55.301765202788467, 25.238783132182078 ], [ 55.301771110616528, 25.238661980744219 ], [ 55.301681279088122, 25.238661980744219 ], [ 55.301630455458742, 25.238828047938796 ], [ 55.301675371234353, 25.23882804794119 ] ] ], [ [ [ 55.301816026380735, 25.234170404323621 ], [ 55.301771110616528, 25.234170404323624 ], [ 55.301768067341094, 25.234231454602046 ], [ 55.301812983111169, 25.234231454603275 ], [ 55.301816026380735, 25.234170404323621 ] ] ], [ [ [ 55.301816026380735, 25.234080572795211 ], [ 55.301726194852336, 25.2340805727952 ], [ 55.301723151574002, 25.234141623072706 ], [ 55.301812983114154, 25.234141623075168 ], [ 55.301816026380735, 25.234080572795211 ] ] ], [ [ [ 55.301681279088122, 25.233227173275292 ], [ 55.301591447559709, 25.233227173275292 ], [ 55.301586077081566, 25.233390393236352 ], [ 55.301630992853504, 25.233435309002481 ], [ 55.301675908628077, 25.233435309004648 ], [ 55.301681279088122, 25.233227173275292 ] ] ], [ [ [ 55.301632603932269, 25.234953903178031 ], [ 55.301636363323915, 25.234889056550912 ], [ 55.301591447559709, 25.234889056550909 ], [ 55.301587688160808, 25.234953903176503 ], [ 55.301632603932269, 25.234953903178031 ] ] ], [ [ [ 55.301588762390764, 25.230995621406382 ], [ 55.301633678160158, 25.230995621407466 ], [ 55.301636363323915, 25.23093646930079 ], [ 55.301591447559709, 25.230936469300783 ], [ 55.301588762390764, 25.230995621406382 ] ] ], [ [ [ 55.301406593010825, 25.233209781083207 ], [ 55.301541340333507, 25.233209781089524 ], [ 55.301586256110276, 25.23316486532768 ], [ 55.301591447559709, 25.233047510218469 ], [ 55.301456700267089, 25.233047510218469 ], [ 55.301411784502882, 25.233092425982672 ], [ 55.301406593010825, 25.233209781083207 ] ] ], [ [ [ 55.300369891937507, 25.243631323196215 ], [ 55.300464000291896, 25.243821653932962 ], [ 55.301381601130245, 25.243350154098614 ], [ 55.3014004, 25.2432505 ], [ 55.3013004, 25.2430913 ], [ 55.301121396640021, 25.243183299430612 ], [ 55.301013, 25.2429896 ], [ 55.3002562, 25.2433575 ], [ 55.300237400183597, 25.243457153902092 ], [ 55.300347400234493, 25.243642253916914 ], [ 55.300369891937507, 25.243631323196215 ] ] ], [ [ [ 55.300140825506325, 25.247739987735052 ], [ 55.30027542577664, 25.247962687813061 ], [ 55.300405849527678, 25.247898139516622 ], [ 55.300638613282437, 25.248310644011003 ], [ 55.300721024180362, 25.248271416849121 ], [ 55.300704813376562, 25.248357344032996 ], [ 55.300769713439742, 25.248469244051595 ], [ 55.300836623572785, 25.248437495074047 ], [ 55.300812013469596, 25.248567944062575 ], [ 55.300886113539832, 25.248700044083616 ], [ 55.301181314110728, 25.248564644197103 ], [ 55.3012216, 25.2483511 ], [ 55.3011475, 25.248219 ], [ 55.30106708565642, 25.248255883905401 ], [ 55.3010924, 25.2481217 ], [ 55.3010275, 25.2480098 ], [ 55.30095842340107, 25.248042577218932 ], [ 55.3009747, 25.2479563 ], [ 55.3006696, 25.247424 ], [ 55.300554558968237, 25.247475492442007 ], [ 55.3005625, 25.2474334 ], [ 55.300443314514133, 25.247236145850238 ], [ 55.300464, 25.2471265 ], [ 55.3002663, 25.2467893 ], [ 55.3001512, 25.2468445 ], [ 55.300073, 25.2470042 ], [ 55.300049364811962, 25.247129479055427 ], [ 55.300193264896002, 25.247370379079818 ], [ 55.300212277625434, 25.247361253623442 ], [ 55.300140825506325, 25.247739987735052 ] ] ], [ [ [ 55.301363109277688, 25.235582723865136 ], [ 55.301366868738675, 25.235517877249798 ], [ 55.301321952974469, 25.235517877249791 ], [ 55.301318193506219, 25.235582723863608 ], [ 55.301363109277688, 25.235582723865136 ] ] ], [ [ [ 55.30132050000001, 25.2346624 ], [ 55.301325, 25.2345648 ], [ 55.3012818, 25.2345648 ], [ 55.301265921496345, 25.234628793795256 ], [ 55.3012626, 25.2344014 ], [ 55.3011722, 25.2343097 ], [ 55.3011197, 25.2343092 ], [ 55.301077229346966, 25.234370472637913 ], [ 55.301150829359059, 25.234453872640984 ], [ 55.3012300436244, 25.23448729867015 ], [ 55.3011606, 25.2344859 ], [ 55.301141246983633, 25.234608468102355 ], [ 55.3011203, 25.2346059 ], [ 55.301103529323392, 25.234876072636172 ], [ 55.301277829362249, 25.234899472644489 ], [ 55.30132050000001, 25.2346624 ] ] ], [ [ [ 55.301224129395052, 25.234128372646488 ], [ 55.3012159, 25.2340348 ], [ 55.3011399, 25.2340778 ], [ 55.301061829352186, 25.234220572638066 ], [ 55.301156929373285, 25.234235272642586 ], [ 55.301224129395052, 25.234128372646488 ] ] ], [ [ [ 55.301228362029654, 25.233965756355907 ], [ 55.301232121446063, 25.233900909738384 ], [ 55.301142289917649, 25.233900909738384 ], [ 55.301138530486732, 25.233965756352863 ], [ 55.301228362029654, 25.233965756355907 ] ] ], [ [ [ 55.3010207, 25.2448255 ], [ 55.300933063581411, 25.244826031974071 ], [ 55.3009983, 25.2447672 ], [ 55.3007751, 25.2444071 ], [ 55.3005647, 25.2445138 ], [ 55.300559328630939, 25.244542272552064 ], [ 55.300735952031715, 25.244827228298217 ], [ 55.300638900566454, 25.244844047274331 ], [ 55.3006517, 25.2447762 ], [ 55.3005255, 25.2445526 ], [ 55.3003394, 25.244651 ], [ 55.300294199946485, 25.244835753882931 ], [ 55.300394099994797, 25.244993653896593 ], [ 55.300422469268369, 25.244979659389557 ], [ 55.300539828588519, 25.245188672547258 ], [ 55.301067228724513, 25.244946372574283 ], [ 55.3010207, 25.2448255 ] ] ], [ [ [ 55.30113835147003, 25.233876873912948 ], [ 55.301142289917649, 25.233811078209971 ], [ 55.301097374153443, 25.233811078209968 ], [ 55.30109343569822, 25.233876873911353 ], [ 55.30113835147003, 25.233876873912948 ] ] ], [ [ [ 55.300804217517594, 25.239334544473255 ], [ 55.300887517601879, 25.23947084449745 ], [ 55.300991017805138, 25.239416144537547 ], [ 55.3010635, 25.2391014 ], [ 55.3010172, 25.2390297 ], [ 55.3008445, 25.239121 ], [ 55.300804217517594, 25.239334544473255 ] ] ], [ [ [ 55.301139067682648, 25.230145069144715 ], [ 55.301183983453079, 25.230145069146026 ], [ 55.301187205681863, 25.230083069780875 ], [ 55.301142289917649, 25.230083069780875 ], [ 55.301139067682648, 25.230145069144715 ] ] ], [ [ [ 55.3009134, 25.2444173 ], [ 55.300869428706804, 25.244469672567533 ], [ 55.300896428710608, 25.244510972568602 ], [ 55.3009458, 25.2444569 ], [ 55.3009134, 25.2444173 ] ] ], [ [ [ 55.301052458389236, 25.235922119127654 ], [ 55.301007542625037, 25.23592211912765 ], [ 55.301001992831104, 25.236041372367854 ], [ 55.301046908606025, 25.236041372370096 ], [ 55.301052458389236, 25.235922119127654 ] ] ], [ [ [ 55.301048340909382, 25.233787991469722 ], [ 55.301052458389236, 25.233721246681558 ], [ 55.301007542625037, 25.233721246681554 ], [ 55.301003425137232, 25.233787991468056 ], [ 55.301048340909382, 25.233787991469722 ] ] ], [ [ [ 55.299465401262914, 25.23516035394443 ], [ 55.299694301432751, 25.23523375398176 ], [ 55.300105467689626, 25.235268313474315 ], [ 55.300107345733558, 25.235235920931732 ], [ 55.300349301980361, 25.235143754094853 ], [ 55.300557919169734, 25.234993044234376 ], [ 55.300554804438868, 25.235087701346554 ], [ 55.300644635981108, 25.235087701349457 ], [ 55.30082429907435, 25.234863122535131 ], [ 55.300827879568203, 25.234754309258303 ], [ 55.300717206093466, 25.234775151222038 ], [ 55.300781851611312, 25.234650825443271 ], [ 55.300779025258876, 25.234730273416339 ], [ 55.300868856802495, 25.234730273419537 ], [ 55.300913772576237, 25.234685357657128 ], [ 55.300917711096616, 25.23461956196568 ], [ 55.300798107614277, 25.234619561971812 ], [ 55.3008974, 25.2343651 ], [ 55.3008847, 25.2341959 ], [ 55.300804347599843, 25.234082987382198 ], [ 55.300868677806633, 25.234102401811043 ], [ 55.300913593580809, 25.234057486048709 ], [ 55.300917711096616, 25.233990741266798 ], [ 55.30087279533241, 25.233855993974181 ], [ 55.300827879568203, 25.233811078209975 ], [ 55.300782963803996, 25.233811078209975 ], [ 55.300779014981387, 25.234047389487486 ], [ 55.3006357, 25.233846 ], [ 55.3004668, 25.2336909 ], [ 55.3002525, 25.2335906 ], [ 55.2999209, 25.2335276 ], [ 55.2995875, 25.233591 ], [ 55.2992518, 25.2338031 ], [ 55.2991068, 25.2339856 ], [ 55.2989931, 25.2342212 ], [ 55.298960901004797, 25.23443225387398 ], [ 55.298980700973367, 25.23466335387252 ], [ 55.299204401083777, 25.235005853903338 ], [ 55.299281401131665, 25.235075553914957 ], [ 55.299465401262914, 25.23516035394443 ] ] ], [ [ [ 55.3006118, 25.2459106 ], [ 55.2997117, 25.246354 ], [ 55.299768528334106, 25.246489272502068 ], [ 55.299971328377531, 25.246547472511551 ], [ 55.30068902856393, 25.246195172548479 ], [ 55.3007438, 25.2460222 ], [ 55.300703, 25.2459368 ], [ 55.3006118, 25.2459106 ] ] ], [ [ [ 55.300782963803996, 25.23605686642027 ], [ 55.300777413945617, 25.236221035412303 ], [ 55.300867245495461, 25.236221035416808 ], [ 55.30087279533241, 25.236101782184477 ], [ 55.300827879568203, 25.236056866420263 ], [ 55.300782963803996, 25.23605686642027 ] ] ], [ [ [ 55.30087279533241, 25.235787371835031 ], [ 55.300827879568203, 25.235787371835031 ], [ 55.30082232974231, 25.235861709303109 ], [ 55.300867245517232, 25.235861709305368 ], [ 55.30087279533241, 25.235787371835031 ] ] ], [ [ [ 55.300738048039797, 25.236236529477093 ], [ 55.30065766664076, 25.236236529479669 ], [ 55.3008218, 25.2353664 ], [ 55.300767, 25.2352408 ], [ 55.2999128, 25.2355453 ], [ 55.299644246756245, 25.236968928171951 ], [ 55.299699147020412, 25.237094928267489 ], [ 55.300091351843037, 25.23699392924895 ], [ 55.300553257771732, 25.236790030430093 ], [ 55.30064364416593, 25.236310866933746 ], [ 55.30073249816526, 25.236310866937899 ], [ 55.300738048039797, 25.236236529477093 ] ] ], [ [ [ 55.300823583036511, 25.233564361729037 ], [ 55.300827879568203, 25.233496667860535 ], [ 55.30069313227559, 25.233496667860532 ], [ 55.300688835719022, 25.233564361723811 ], [ 55.300823583036511, 25.233564361729037 ] ] ], [ [ [ 55.300736078844729, 25.230946909269402 ], [ 55.30078099461273, 25.230946909270191 ], [ 55.300825910381697, 25.230901993506894 ], [ 55.300827879568203, 25.230846637772373 ], [ 55.300782963803996, 25.23080172200817 ], [ 55.300738048039797, 25.23080172200817 ], [ 55.300736078844729, 25.230946909269402 ] ] ], [ [ [ 55.300643919935986, 25.233788940542031 ], [ 55.300778667253475, 25.23378894054726 ], [ 55.300782963803996, 25.233721246681561 ], [ 55.300648216511391, 25.233496667860539 ], [ 55.300513469218764, 25.233496667860532 ], [ 55.30050917262691, 25.233609277480838 ], [ 55.300643919935986, 25.233788940542031 ] ] ], [ [ [ 55.299266299115097, 25.244838853708284 ], [ 55.299608399271754, 25.245422453754195 ], [ 55.299849699490551, 25.245306653797599 ], [ 55.299866906871763, 25.245215444527584 ], [ 55.299962099566699, 25.24537825381519 ], [ 55.300028421585104, 25.24534653589809 ], [ 55.300010099592065, 25.245443653821976 ], [ 55.300141399653072, 25.245663353839685 ], [ 55.300197283743714, 25.245636037790653 ], [ 55.300180999672968, 25.245722353845174 ], [ 55.300329399740555, 25.245977353865044 ], [ 55.300500099895395, 25.245895153895749 ], [ 55.3005645, 25.2457048 ], [ 55.3004515, 25.2455153 ], [ 55.300391442801661, 25.245540926371039 ], [ 55.3004102, 25.2454415 ], [ 55.3002789, 25.2452218 ], [ 55.300201957046333, 25.245259409788908 ], [ 55.3002199, 25.2451643 ], [ 55.3001083, 25.2449736 ], [ 55.300077987795859, 25.24498810269192 ], [ 55.3000901, 25.2449239 ], [ 55.2999814, 25.2447332 ], [ 55.299925345796304, 25.244759338065496 ], [ 55.2999422, 25.24467 ], [ 55.2998352, 25.2444826 ], [ 55.2995956, 25.2445945 ], [ 55.299576799395759, 25.244694153764055 ], [ 55.299683799443756, 25.244881553778313 ], [ 55.299725724012639, 25.244861973884063 ], [ 55.299711236571035, 25.244938765698269 ], [ 55.2995264, 25.2446235 ], [ 55.299371969977507, 25.24469754712446 ], [ 55.299378602127035, 25.244530335611859 ], [ 55.299475299356729, 25.244484653751201 ], [ 55.299484556102115, 25.244435587932998 ], [ 55.299523962246788, 25.244503196759077 ], [ 55.2994433, 25.2445691 ], [ 55.299456528371266, 25.244627972498041 ], [ 55.299585016298401, 25.244562576561396 ], [ 55.299708699534328, 25.244538453789698 ], [ 55.2997624, 25.244358 ], [ 55.2992524, 25.2434738 ], [ 55.2991424, 25.2434383 ], [ 55.2990429, 25.243472 ], [ 55.299028366077863, 25.243558687687777 ], [ 55.299006, 25.2435199 ], [ 55.2988809, 25.243579 ], [ 55.298905628300858, 25.243659672477087 ], [ 55.299020536475794, 25.243605387346328 ], [ 55.299082263271579, 25.24374537252536 ], [ 55.2989969, 25.2437857 ], [ 55.298984883869167, 25.243849391135363 ], [ 55.29886, 25.2436334 ], [ 55.2987988, 25.2435945 ], [ 55.2987078, 25.2436321 ], [ 55.298684198846352, 25.243856653629958 ], [ 55.299171499064165, 25.244713753694818 ], [ 55.29928309203131, 25.24474984320646 ], [ 55.299266299115097, 25.244838853708284 ] ], [ [ 55.299863227936292, 25.245120615646989 ], [ 55.299852181745742, 25.245179167043243 ], [ 55.299827598078984, 25.24513723629833 ], [ 55.299863227936292, 25.245120615646989 ] ], [ [ 55.299328899996041, 25.244444375122804 ], [ 55.299029924420388, 25.24392729018389 ], [ 55.299133299204811, 25.24387845370579 ], [ 55.299139786772983, 25.243844066341289 ], [ 55.299433120863213, 25.244347340758829 ], [ 55.2993388, 25.2443919 ], [ 55.299328899996041, 25.244444375122804 ] ] ], [ [ [ 55.300690805048511, 25.23063439709593 ], [ 55.300735720817208, 25.230634397096875 ], [ 55.300738048039797, 25.230577143187141 ], [ 55.30069313227559, 25.230577143187141 ], [ 55.300690805048511, 25.23063439709593 ] ] ], [ [ [ 55.300639430316053, 25.230724228623885 ], [ 55.300594529446542, 25.23077147263599 ], [ 55.300647129453367, 25.230861972637999 ], [ 55.3007061, 25.230808 ], [ 55.300645959904514, 25.230721127980193 ], [ 55.300648216511391, 25.230622058951344 ], [ 55.300603300747177, 25.230622058951344 ], [ 55.300600973508828, 25.230724228622226 ], [ 55.300639430316053, 25.230724228623885 ] ] ], [ [ [ 55.30060151055774, 25.231035791707402 ], [ 55.300603300747177, 25.230891553536583 ], [ 55.30055838498297, 25.23089155353658 ], [ 55.300513469218764, 25.230936469300786 ], [ 55.300511679022421, 25.231035791705949 ], [ 55.30060151055774, 25.231035791707402 ] ] ], [ [ [ 55.300316343862292, 25.233185808912275 ], [ 55.300458343903294, 25.233278508921781 ], [ 55.3005283, 25.2331587 ], [ 55.3004662, 25.2331178 ], [ 55.300439954221943, 25.23315064268974 ], [ 55.3003601, 25.2330984 ], [ 55.300316343862292, 25.233185808912275 ] ] ], [ [ [ 55.300468553454564, 25.233451752096318 ], [ 55.300378721926144, 25.233272089039495 ], [ 55.300199058869325, 25.233317004803705 ], [ 55.300154143105118, 25.233361920567912 ], [ 55.300149846455348, 25.23342961441092 ], [ 55.300329509541129, 25.233519445945891 ], [ 55.300464256858632, 25.23351944595111 ], [ 55.300468553454564, 25.233451752096318 ] ] ], [ [ [ 55.29970689931455, 25.245601753767168 ], [ 55.299833999373014, 25.245817253784264 ], [ 55.299893152603254, 25.245788702080777 ], [ 55.299875899393982, 25.245880153790061 ], [ 55.299991199446715, 25.246077153805526 ], [ 55.30008399951685, 25.246100853820778 ], [ 55.300262699678285, 25.246018053852868 ], [ 55.3002815, 25.2459184 ], [ 55.3001394, 25.2456659 ], [ 55.300083185712786, 25.245692226812913 ], [ 55.300101, 25.2455978 ], [ 55.2999738, 25.2453823 ], [ 55.2997257, 25.2455021 ], [ 55.29970689931455, 25.245601753767168 ] ] ], [ [ [ 55.300285828969052, 25.237700272579648 ], [ 55.300370528991195, 25.237656172584025 ], [ 55.3003614, 25.2376049 ], [ 55.3002767, 25.237649 ], [ 55.300285828969052, 25.237700272579648 ] ] ], [ [ [ 55.300421668467713, 25.230991825027928 ], [ 55.300466584235728, 25.230991825028724 ], [ 55.300468553454564, 25.230936469300786 ], [ 55.300423637690351, 25.230936469300786 ], [ 55.300421668467713, 25.230991825027928 ] ] ], [ [ [ 55.300285309994727, 25.230416461879003 ], [ 55.300464973079208, 25.230416461884815 ], [ 55.300468553454564, 25.230307648601904 ], [ 55.300288890397731, 25.230083069780871 ], [ 55.300154143105118, 25.230083069780871 ], [ 55.300150562691925, 25.230146967290494 ], [ 55.300240394225376, 25.230371546113535 ], [ 55.300285309994727, 25.230416461879003 ] ] ], [ [ [ 55.300262143852336, 25.233085708909236 ], [ 55.3002702, 25.233043 ], [ 55.2996806, 25.2328681 ], [ 55.299657787209433, 25.232945314459215 ], [ 55.299660069698852, 25.232912762925846 ], [ 55.29961396103969, 25.232929775268122 ], [ 55.299480406642026, 25.232822931397429 ], [ 55.299300743585199, 25.232822931397433 ], [ 55.299165996292587, 25.232912762925853 ], [ 55.299161162377544, 25.233028219751926 ], [ 55.299206078146348, 25.233118051281821 ], [ 55.299385741231006, 25.233297714345518 ], [ 55.299879814739889, 25.233297714367097 ], [ 55.299924730515798, 25.233252798605097 ], [ 55.299929564284092, 25.233182257511089 ], [ 55.299804453864205, 25.23308216951428 ], [ 55.300217643826443, 25.233204908904931 ], [ 55.300262143852336, 25.233085708909236 ] ], [ [ 55.299797471015708, 25.233076583246696 ], [ 55.299692502201495, 25.232992608265569 ], [ 55.299808569559261, 25.233027096039688 ], [ 55.299797471015708, 25.233076583246696 ] ] ], [ [ [ 55.299981727987543, 25.253235272472114 ], [ 55.2999353, 25.2531249 ], [ 55.299843, 25.2531726 ], [ 55.29989092796356, 25.253286472467398 ], [ 55.299981727987543, 25.253235272472114 ] ] ], [ [ [ 55.300241647348983, 25.231128470491477 ], [ 55.300243974633531, 25.231071216593403 ], [ 55.300199058869325, 25.231071216593403 ], [ 55.300196731580286, 25.231128470490539 ], [ 55.300241647348983, 25.231128470491477 ] ] ], [ [ [ 55.299836689330597, 25.231132266829242 ], [ 55.299926520870763, 25.231132266831704 ], [ 55.300196015494222, 25.231042435311004 ], [ 55.300199058869325, 25.23093646930079 ], [ 55.299884648519878, 25.23093646930079 ], [ 55.299836689330597, 25.231132266829242 ] ] ], [ [ [ 55.300149309381112, 25.23329771437886 ], [ 55.300154143105118, 25.233227173275292 ], [ 55.300064311576705, 25.233227173275296 ], [ 55.300059477834033, 25.233297714374938 ], [ 55.300149309381112, 25.23329771437886 ] ] ], [ [ [ 55.300109227340918, 25.229993238252472 ], [ 55.300104930840853, 25.230060932109826 ], [ 55.300194762385843, 25.230060932113307 ], [ 55.300199058869325, 25.229993238252462 ], [ 55.300109227340918, 25.229993238252472 ] ] ], [ [ [ 55.2995552, 25.2546318 ], [ 55.299479693851154, 25.254670081531973 ], [ 55.2995012, 25.2545561 ], [ 55.2994322, 25.2544379 ], [ 55.2988805, 25.2547012 ], [ 55.298840207260469, 25.254914743060532 ], [ 55.298909107327809, 25.255032943080316 ], [ 55.298989050945025, 25.254994797041629 ], [ 55.298964607383738, 25.25512434309644 ], [ 55.299059707480986, 25.255277743124182 ], [ 55.299168859381922, 25.255222403949595 ], [ 55.299136907564559, 25.255391743147179 ], [ 55.299224707651753, 25.255539243172539 ], [ 55.299788408749301, 25.255264743390043 ], [ 55.2998287, 25.2550512 ], [ 55.2997409, 25.2549037 ], [ 55.299616512610726, 25.254964272125548 ], [ 55.2996503, 25.2547852 ], [ 55.2995552, 25.2546318 ] ] ], [ [ [ 55.296631328748042, 25.241337604753248 ], [ 55.296687697729347, 25.241439753341322 ], [ 55.296952197974527, 25.241286653389476 ], [ 55.296971, 25.241187 ], [ 55.296787539541612, 25.240840273500297 ], [ 55.296840858293976, 25.240577929861036 ], [ 55.296888410246616, 25.24065430656831 ], [ 55.297359114663458, 25.240415307442234 ], [ 55.297369398104031, 25.240360802259762 ], [ 55.297418716219845, 25.240438871642493 ], [ 55.2970177, 25.2406404 ], [ 55.2969476, 25.2407917 ], [ 55.296907310035209, 25.241005242980158 ], [ 55.297007110139305, 25.241161343009498 ], [ 55.297043790878426, 25.241143553032309 ], [ 55.297030510156681, 25.241213943015669 ], [ 55.29722367668996, 25.241536489927892 ], [ 55.297175633054522, 25.241558837044824 ], [ 55.2971883, 25.2414917 ], [ 55.2970563, 25.2412742 ], [ 55.2967469, 25.2414271 ], [ 55.296722904733841, 25.241554276650621 ], [ 55.296854904812946, 25.241771776673449 ], [ 55.2969275840547, 25.241735695872944 ], [ 55.296993797883182, 25.241895053383818 ], [ 55.297032153618211, 25.241877226143234 ], [ 55.297012953732242, 25.241978987743426 ], [ 55.297301453888444, 25.242459487788697 ], [ 55.297335684600981, 25.242442673444756 ], [ 55.297328198032773, 25.242482353428343 ], [ 55.297503298113149, 25.242779953451858 ], [ 55.297548267960607, 25.242758300215858 ], [ 55.297531060925287, 25.242849500696778 ], [ 55.297654960982953, 25.243064000713822 ], [ 55.297867973029362, 25.242957235600031 ], [ 55.297859498355365, 25.243002153507732 ], [ 55.298012698426881, 25.243256753528442 ], [ 55.298225498620347, 25.243152053566771 ], [ 55.2982443, 25.2430524 ], [ 55.2980911, 25.2427978 ], [ 55.297952645541962, 25.242865921211706 ], [ 55.29796180000001, 25.2428174 ], [ 55.297845, 25.2426037 ], [ 55.297789574321975, 25.242630660356543 ], [ 55.297806, 25.2425436 ], [ 55.2976309, 25.242246 ], [ 55.297579600232794, 25.242270701291229 ], [ 55.2975906, 25.242212399999989 ], [ 55.2973021, 25.2417319 ], [ 55.297281794026404, 25.241741874492057 ], [ 55.2972966, 25.2416634 ], [ 55.297239159056716, 25.241562342098053 ], [ 55.297404810529727, 25.241838943123916 ], [ 55.297471255079309, 25.241806374478518 ], [ 55.297458110605696, 25.241876043141666 ], [ 55.297706110830269, 25.242341543211076 ], [ 55.297865249486193, 25.242272223273311 ], [ 55.298122798630082, 25.24270055355877 ], [ 55.298523798993003, 25.242511253630845 ], [ 55.2985426, 25.2424116 ], [ 55.2982956, 25.2419729 ], [ 55.298245860495882, 25.241997178001522 ], [ 55.2982671, 25.2418846 ], [ 55.298012, 25.241425 ], [ 55.297963259928913, 25.241447128205582 ], [ 55.297979, 25.2413637 ], [ 55.297842888394044, 25.241136520937211 ], [ 55.2978958, 25.2408927 ], [ 55.297811331361252, 25.240756639146269 ], [ 55.2978584807855, 25.240732162670007 ], [ 55.297909511810218, 25.240915043349045 ], [ 55.298019911936748, 25.241061943382654 ], [ 55.298078412051289, 25.241031843405302 ], [ 55.29809571405486, 25.240935118137187 ], [ 55.298155412198028, 25.241001343434689 ], [ 55.29821381231244, 25.240971143457294 ], [ 55.298253237649661, 25.240750830409308 ], [ 55.298284128326827, 25.240771372464188 ], [ 55.298342628342091, 25.240741172467203 ], [ 55.298336211631501, 25.240607133502824 ], [ 55.298475912825054, 25.240837543558683 ], [ 55.298534412939638, 25.240807343581327 ], [ 55.298570294029965, 25.240508321119332 ], [ 55.298648928421507, 25.240593072482941 ], [ 55.298707428436778, 25.24056287248597 ], [ 55.298713865748041, 25.240518580366793 ], [ 55.298748228447273, 25.240544572488055 ], [ 55.298806628462522, 25.240514372491081 ], [ 55.298794663804728, 25.240392952014453 ], [ 55.298872928479689, 25.240482672494476 ], [ 55.298931428494967, 25.240452472497502 ], [ 55.298937873861888, 25.240408124609541 ], [ 55.29897482850582, 25.240438372499685 ], [ 55.299033328521091, 25.240408172502697 ], [ 55.299025597996113, 25.240272411195502 ], [ 55.299104928539876, 25.240369872506406 ], [ 55.299163428555147, 25.240339672509432 ], [ 55.299169763198535, 25.240296086117105 ], [ 55.299202828565384, 25.24032017251146 ], [ 55.299261328580663, 25.240289972514478 ], [ 55.299256238874911, 25.240169099364159 ], [ 55.299331628598758, 25.24025827251808 ], [ 55.299390028614013, 25.240228072521091 ], [ 55.299395857996892, 25.240187962332637 ], [ 55.299434519932312, 25.240204508341886 ], [ 55.299529714874225, 25.240327243965051 ], [ 55.299588214988795, 25.240297043987702 ], [ 55.299628215053339, 25.240073504782082 ], [ 55.299660128684131, 25.240095672534988 ], [ 55.299718628699402, 25.24006547253801 ], [ 55.29971018832682, 25.239929167850807 ], [ 55.299795628718897, 25.240036272541914 ], [ 55.299854028734153, 25.240006072544926 ], [ 55.299859614124337, 25.239967640584421 ], [ 55.299889528743492, 25.239986572546766 ], [ 55.299947928758741, 25.239956372549784 ], [ 55.2999557, 25.2399029 ], [ 55.2998705, 25.2397655 ], [ 55.299817127915276, 25.239762674466444 ], [ 55.2998308, 25.2396902 ], [ 55.2998046, 25.2396427 ], [ 55.2997422, 25.2396709 ], [ 55.299726919706217, 25.239751899125043 ], [ 55.2996786, 25.2397173 ], [ 55.299527, 25.2397949 ], [ 55.299502094185002, 25.239868648010415 ], [ 55.2994513, 25.2398301 ], [ 55.29929547636128, 25.239914769096394 ], [ 55.299332719987923, 25.239706635920331 ], [ 55.299365028637489, 25.239729372522849 ], [ 55.299423428652737, 25.239699172525871 ], [ 55.29942982491864, 25.239655161564883 ], [ 55.2994619286629, 25.239677572527871 ], [ 55.299520328678142, 25.239647372530889 ], [ 55.299526595056022, 25.239604255149374 ], [ 55.299558828688234, 25.23962687253287 ], [ 55.29961722870349, 25.239596672535885 ], [ 55.29962322962232, 25.239555381574011 ], [ 55.299684328717397, 25.23962377253898 ], [ 55.299742728732646, 25.239593672541989 ], [ 55.2997505, 25.2395402 ], [ 55.2996348, 25.239388 ], [ 55.2995817, 25.2394158 ], [ 55.299575556824891, 25.239463464216765 ], [ 55.2995093, 25.239391 ], [ 55.2994562, 25.2394188 ], [ 55.299449888483423, 25.239467770172695 ], [ 55.2994124, 25.2394417 ], [ 55.2993593, 25.2394695 ], [ 55.29935287108912, 25.239519380853523 ], [ 55.2993155, 25.2394935 ], [ 55.299262400000011, 25.2395213 ], [ 55.299256860494609, 25.239564279964654 ], [ 55.29921980000001, 25.2395389 ], [ 55.2991667, 25.2395667 ], [ 55.299154771952175, 25.239635321697538 ], [ 55.2991064, 25.2395918 ], [ 55.2990533, 25.2396196 ], [ 55.299045962291267, 25.23967653147195 ], [ 55.2989956, 25.2396297 ], [ 55.2989425, 25.2396575 ], [ 55.298934320258468, 25.239704557327833 ], [ 55.2988987, 25.2396815 ], [ 55.2988456, 25.2397093 ], [ 55.298840060430507, 25.239752279861293 ], [ 55.298780769134162, 25.239738538762367 ], [ 55.298808048565498, 25.239593939555782 ], [ 55.298957214186423, 25.239637443787618 ], [ 55.299066268858859, 25.239239461066969 ], [ 55.299063814517304, 25.239304843841314 ], [ 55.299110214580359, 25.239344143856442 ], [ 55.299209314745561, 25.239358643891862 ], [ 55.299240580389814, 25.239192911185786 ], [ 55.299321414952409, 25.239329643933942 ], [ 55.299415315136329, 25.239281143970292 ], [ 55.2994556, 25.2390676 ], [ 55.2992973, 25.2388056 ], [ 55.2992061, 25.2388529 ], [ 55.299171955992087, 25.239033890694902 ], [ 55.2991066, 25.2390247 ], [ 55.299100039807804, 25.239059474121916 ], [ 55.2990115, 25.2389899 ], [ 55.2988293, 25.2389529 ], [ 55.2986227, 25.2390374 ], [ 55.298561117993906, 25.239342106040127 ], [ 55.2984068, 25.2390991 ], [ 55.298199, 25.2392059 ], [ 55.29818115055771, 25.239300511846352 ], [ 55.2981453, 25.2392423 ], [ 55.2979294, 25.2393478 ], [ 55.297914717285053, 25.239425625404778 ], [ 55.2978712, 25.2393552 ], [ 55.2975902, 25.2394972 ], [ 55.297566565841045, 25.239622470170023 ], [ 55.297522160976889, 25.2395511084041 ], [ 55.297531385569201, 25.239502214597007 ], [ 55.298318913320259, 25.239094243579647 ], [ 55.298358889253727, 25.238882347145175 ], [ 55.298384428458483, 25.238921872480095 ], [ 55.2984391, 25.2388674 ], [ 55.2983016, 25.2386546 ], [ 55.298247740661886, 25.238704767211349 ], [ 55.2974507, 25.2391082 ], [ 55.297433278228105, 25.239200541973432 ], [ 55.297397, 25.2391428 ], [ 55.296933, 25.2393903 ], [ 55.29686461681581, 25.239752746233652 ], [ 55.2964077, 25.2396364 ], [ 55.2961767, 25.2404272 ], [ 55.295983301038483, 25.241452204814816 ], [ 55.296572905787947, 25.241523605829926 ], [ 55.296631328748042, 25.241337604753248 ] ], [ [ 55.2992835, 25.2399353 ], [ 55.29927681522183, 25.239970734445187 ], [ 55.299261137673263, 25.239946024753802 ], [ 55.2992835, 25.2399353 ] ], [ [ 55.298817776390159, 25.240210450554137 ], [ 55.2987653, 25.2401693 ], [ 55.2986137, 25.2402469 ], [ 55.298591168476648, 25.240308060769209 ], [ 55.298567057420996, 25.240275523848098 ], [ 55.298611177259382, 25.240044468274473 ], [ 55.298643528451102, 25.24006727248582 ], [ 55.29870192846635, 25.240037072488846 ], [ 55.298708194986965, 25.239993955334178 ], [ 55.298740428476442, 25.240016572490834 ], [ 55.298798828491698, 25.239986372493849 ], [ 55.2988066, 25.2399329 ], [ 55.298706599216388, 25.239788317981613 ], [ 55.298748208484128, 25.239767823926986 ], [ 55.298742028488597, 25.239815772492111 ], [ 55.298825528500089, 25.239948472495364 ], [ 55.298852528505485, 25.239962772496597 ], [ 55.298912239803293, 25.239923550082896 ], [ 55.299010214096405, 25.240050643788408 ], [ 55.299068614210803, 25.240020443811009 ], [ 55.299110818387099, 25.239784591435352 ], [ 55.299208951158889, 25.239946357732894 ], [ 55.299077, 25.2400139 ], [ 55.29904875134055, 25.240105366396218 ], [ 55.298994, 25.2400606 ], [ 55.2988423, 25.2401382 ], [ 55.298817776390159, 25.240210450554137 ] ], [ [ 55.298476488512918, 25.240307745489993 ], [ 55.298480803789687, 25.240283630868344 ], [ 55.298497859434711, 25.240296806279783 ], [ 55.298476488512918, 25.240307745489993 ] ], [ [ 55.298470900002854, 25.239896916763417 ], [ 55.29845758850422, 25.239903885870959 ], [ 55.298461589701695, 25.239882677222777 ], [ 55.298470900002854, 25.239896916763417 ] ], [ [ 55.298389012895605, 25.240335243549566 ], [ 55.298362662555462, 25.240445355014934 ], [ 55.2983046, 25.2403954 ], [ 55.298153, 25.240473 ], [ 55.298128558571889, 25.240544283365651 ], [ 55.298084236812684, 25.240502577520672 ], [ 55.298121642752172, 25.240293549212439 ], [ 55.298155928323737, 25.240319472460655 ], [ 55.298214428339008, 25.240289272463677 ], [ 55.298221095109405, 25.240243402139271 ], [ 55.298254528349517, 25.240267972465748 ], [ 55.298315696352077, 25.240218727433987 ], [ 55.298389012895605, 25.240335243549566 ] ], [ [ 55.2981064, 25.2400837 ], [ 55.2980534, 25.2401115 ], [ 55.298046364408215, 25.240165400833138 ], [ 55.29800680000001, 25.2401361 ], [ 55.2979538, 25.2401639 ], [ 55.297929961948498, 25.240300711916788 ], [ 55.2978832, 25.2402253 ], [ 55.2978527, 25.2402105 ], [ 55.297804173201349, 25.240235905745209 ], [ 55.297822081997815, 25.240140981876188 ], [ 55.297858812037511, 25.240199043362679 ], [ 55.298134312575819, 25.240059743469196 ], [ 55.298153136594877, 25.239959966877791 ], [ 55.298202792833465, 25.240033355541701 ], [ 55.2981519, 25.24006 ], [ 55.298145222683786, 25.240111806073038 ], [ 55.2981064, 25.2400837 ] ], [ [ 55.2980846596489, 25.240625697179944 ], [ 55.298069887896837, 25.240710708329502 ], [ 55.298030846628357, 25.240653632900479 ], [ 55.2980846596489, 25.240625697179944 ] ], [ [ 55.297557932756973, 25.240761670396342 ], [ 55.2975707, 25.240694 ], [ 55.297439690146938, 25.240450282490759 ], [ 55.297506165672189, 25.240415948056842 ], [ 55.297502128165306, 25.240447272428163 ], [ 55.297612628182186, 25.240594272432645 ], [ 55.297671028197442, 25.240564072435664 ], [ 55.297676443959425, 25.240526810303127 ], [ 55.297708328206944, 25.240548872437568 ], [ 55.2977667282222, 25.240518672440579 ], [ 55.297773143548163, 25.240474532848239 ], [ 55.297805328232371, 25.240497072442579 ], [ 55.297863728247627, 25.240466872445598 ], [ 55.297869994915629, 25.240423755525171 ], [ 55.297926041209145, 25.240434058225034 ], [ 55.29799500242769, 25.240543002220008 ], [ 55.2979075, 25.2406071 ], [ 55.297948498256844, 25.240701180293939 ], [ 55.2978531, 25.2406063 ], [ 55.2977015, 25.2406839 ], [ 55.297679928189169, 25.240739972435048 ], [ 55.297729825124009, 25.240789030145692 ], [ 55.297705815000711, 25.240907735659562 ], [ 55.2976046, 25.2407388 ], [ 55.297557932756973, 25.240761670396342 ] ], [ [ 55.297955288724808, 25.242138736639212 ], [ 55.297955406507462, 25.24213894892436 ], [ 55.297955232664485, 25.242139033777036 ], [ 55.297955288724808, 25.242138736639212 ] ], [ [ 55.297793288190327, 25.240287269700023 ], [ 55.297786958142012, 25.240277061371167 ], [ 55.297795140480268, 25.240272898853139 ], [ 55.297793288190327, 25.240287269700023 ] ], [ [ 55.297707288153156, 25.240272475064089 ], [ 55.297713916742772, 25.240283127583726 ], [ 55.297704331622896, 25.240288145779836 ], [ 55.297706226289542, 25.240278103338838 ], [ 55.297707288153156, 25.240272475064089 ] ], [ [ 55.297699529172171, 25.240313600553922 ], [ 55.297696253581471, 25.240339013887077 ], [ 55.297682870619212, 25.240324680170126 ], [ 55.297699529172171, 25.240313600553922 ] ], [ [ 55.297600160237344, 25.24038377954977 ], [ 55.297591192579091, 25.240372031809226 ], [ 55.297602422017562, 25.240366231817841 ], [ 55.297600160237344, 25.24038377954977 ] ] ], [ [ [ 55.299925804600086, 25.235358144996244 ], [ 55.299929564284092, 25.235293298428768 ], [ 55.299884648519878, 25.235293298428768 ], [ 55.299880888828618, 25.235358144994724 ], [ 55.299925804600086, 25.235358144996244 ] ] ], [ [ [ 55.299634, 25.2502325 ], [ 55.2993989, 25.2503453 ], [ 55.29937248948508, 25.250485280317942 ], [ 55.2993158, 25.2503963 ], [ 55.299212612598346, 25.250450036378375 ], [ 55.2992356, 25.2503282 ], [ 55.2989359, 25.2498129 ], [ 55.2987206, 25.2499153 ], [ 55.298680309090173, 25.250128843216782 ], [ 55.298980009382525, 25.250644143302793 ], [ 55.299094740633983, 25.250589575562696 ], [ 55.299171727948604, 25.250710372447884 ], [ 55.299382880421788, 25.250600278483834 ], [ 55.299441610157338, 25.250700543468291 ], [ 55.299676810614415, 25.250587743558953 ], [ 55.2997171, 25.2503742 ], [ 55.299634, 25.2502325 ] ] ], [ [ [ 55.299565046443192, 25.230110593284536 ], [ 55.299924372636987, 25.230110593301383 ], [ 55.299929564284092, 25.229993238252469 ], [ 55.299480406642026, 25.229993238252458 ], [ 55.299475214897278, 25.230065677516368 ], [ 55.299565046443192, 25.230110593284536 ] ] ], [ [ [ 55.2996671, 25.2456825 ], [ 55.2995363, 25.2454591 ], [ 55.29924050000001, 25.2456007 ], [ 55.299221698902151, 25.2457003536827 ], [ 55.299352498961987, 25.245923753700254 ], [ 55.299648299230142, 25.24578215375346 ], [ 55.2996671, 25.2456825 ] ] ], [ [ [ 55.299743993048203, 25.236267849295231 ], [ 55.299749901227273, 25.236101782184477 ], [ 55.299704985463059, 25.236101782184477 ], [ 55.299699077272585, 25.236267849292837 ], [ 55.299743993048203, 25.236267849295231 ] ] ], [ [ [ 55.299704985463059, 25.235607708778211 ], [ 55.299525322406232, 25.235607708778208 ], [ 55.299519772272383, 25.235816793473891 ], [ 55.299609603822219, 25.235816793478403 ], [ 55.299699435380219, 25.235682046191119 ], [ 55.299704985463059, 25.235607708778211 ] ] ], [ [ [ 55.299564150893673, 25.23649337719025 ], [ 55.299653982445577, 25.236493377195181 ], [ 55.299660069698852, 25.23641619253392 ], [ 55.299570238170446, 25.236416192533916 ], [ 55.299564150893673, 25.23649337719025 ] ] ], [ [ [ 55.299435490877819, 25.235472961485598 ], [ 55.29939057511362, 25.235517877249794 ], [ 55.299386815333314, 25.235582723798032 ], [ 55.299566478419166, 25.235582723804136 ], [ 55.299656309963936, 25.235537808043166 ], [ 55.299660069698852, 25.235428045721385 ], [ 55.299435490877819, 25.235472961485598 ] ] ], [ [ [ 55.2993656, 25.2451851 ], [ 55.29930961732542, 25.245213286064807 ], [ 55.2993265, 25.2451238 ], [ 55.2992236, 25.2449387 ], [ 55.299139221340184, 25.244977054026918 ], [ 55.2991554, 25.2448913 ], [ 55.2990155, 25.2446562 ], [ 55.29899549412643, 25.24466594609062 ], [ 55.2990072, 25.2446039 ], [ 55.2988899, 25.2444081 ], [ 55.2985999, 25.2445522 ], [ 55.298581098599726, 25.244651853595826 ], [ 55.298691698651012, 25.244837353610727 ], [ 55.298745432036483, 25.244813122071957 ], [ 55.298731898673751, 25.244884853616558 ], [ 55.29887179873856, 25.245119853635412 ], [ 55.298929197863394, 25.245091912848142 ], [ 55.298914398762626, 25.245170353641594 ], [ 55.299017398807834, 25.245355553655212 ], [ 55.299117698128711, 25.245309912958518 ], [ 55.299078, 25.2453299 ], [ 55.299059198826427, 25.245429553660763 ], [ 55.299177698882659, 25.245622053676875 ], [ 55.299465299144842, 25.245477253728751 ], [ 55.2994841, 25.2453776 ], [ 55.2993656, 25.2451851 ] ] ], [ [ [ 55.299247592490303, 25.230845379949354 ], [ 55.299255827821, 25.230756806243967 ], [ 55.2992109120568, 25.23071189047976 ], [ 55.299076164764173, 25.230756806243967 ], [ 55.299068108384489, 25.231024093905823 ], [ 55.299202855719798, 25.231069009679434 ], [ 55.299562181957832, 25.231069009705571 ], [ 55.299607097741529, 25.231024093945042 ], [ 55.299615153934646, 25.23093646930079 ], [ 55.299200161030384, 25.230891553548222 ], [ 55.299247592490303, 25.230845379949354 ] ] ], [ [ [ 55.2987283, 25.2410942 ], [ 55.2986323, 25.2409228 ], [ 55.2984459, 25.2410081 ], [ 55.298427099203053, 25.241107753643771 ], [ 55.298626599291282, 25.241463153670221 ], [ 55.298644735572076, 25.24145484893354 ], [ 55.298817799372785, 25.24181875369527 ], [ 55.298873961902885, 25.241793494354663 ], [ 55.298859499395917, 25.241870153701264 ], [ 55.299241928447259, 25.242487872500408 ], [ 55.299423328493894, 25.242406872509687 ], [ 55.2994287, 25.2423784 ], [ 55.2991789, 25.2418754 ], [ 55.299145855712048, 25.241890167922648 ], [ 55.2990544, 25.24169 ], [ 55.299006432309248, 25.241711927341125 ], [ 55.2990207, 25.2416363 ], [ 55.2987283, 25.2410942 ] ] ], [ [ [ 55.299338498248396, 25.230480359330357 ], [ 55.299428329804449, 25.23048035933617 ], [ 55.299473245585986, 25.230435443575221 ], [ 55.299563077156087, 25.230255780525642 ], [ 55.299570238170446, 25.230172901309288 ], [ 55.299525322406232, 25.230127985545082 ], [ 55.299480406642026, 25.230127985545074 ], [ 55.299345659349406, 25.230217817073498 ], [ 55.2992109120568, 25.230352564366108 ], [ 55.29920375091784, 25.230435443557788 ], [ 55.299338498248396, 25.230480359330357 ] ] ], [ [ [ 55.299435490877819, 25.236191613712887 ], [ 55.299300743585199, 25.235787371835034 ], [ 55.299076164764173, 25.235787371835034 ], [ 55.298941417471553, 25.235832287599241 ], [ 55.298982215283274, 25.236168526884896 ], [ 55.299084219016095, 25.236236529483708 ], [ 55.299031248999974, 25.236236529477097 ], [ 55.299027489132108, 25.236301376010118 ], [ 55.299117320675023, 25.23630137601317 ], [ 55.299119708714599, 25.236260189287727 ], [ 55.299251709908127, 25.236348189950927 ], [ 55.299341541452428, 25.236348189954267 ], [ 55.299431373000779, 25.236258358429605 ], [ 55.299435490877819, 25.236191613712887 ] ] ], [ [ [ 55.298853127861506, 25.250940672431042 ], [ 55.298973127877467, 25.251140872435673 ], [ 55.299143027921602, 25.251057472444415 ], [ 55.2990284, 25.2508288 ], [ 55.2988585, 25.2509122 ], [ 55.298853127861506, 25.250940672431042 ] ] ], [ [ [ 55.298762913748789, 25.241819753780494 ], [ 55.2987753, 25.2417541 ], [ 55.2985965, 25.2414384 ], [ 55.2984176, 25.2415213 ], [ 55.29839879907481, 25.241620953628225 ], [ 55.29857759915447, 25.241936653651997 ], [ 55.298615440467692, 25.241919118516329 ], [ 55.298602699164483, 25.241986653655211 ], [ 55.29878819924933, 25.242303453680094 ], [ 55.298835603732783, 25.24228203492542 ], [ 55.299011728388024, 25.242591572488617 ], [ 55.299189028433794, 25.242509072497715 ], [ 55.2991944, 25.2424806 ], [ 55.2990142, 25.2421639 ], [ 55.298973307237333, 25.242182927964812 ], [ 55.2989845, 25.2421236 ], [ 55.2988013, 25.2418015 ], [ 55.298762913748789, 25.241819753780494 ] ] ], [ [ [ 55.299165996292587, 25.235293298428768 ], [ 55.299161341288205, 25.235452721921408 ], [ 55.299251172834595, 25.235452721925185 ], [ 55.299255827821, 25.235338214192975 ], [ 55.2992109120568, 25.235293298428765 ], [ 55.299165996292587, 25.235293298428768 ] ] ], [ [ [ 55.299293224407123, 25.230572089026744 ], [ 55.299300743585199, 25.230487311658727 ], [ 55.299255827821, 25.230487311658731 ], [ 55.299248308628414, 25.230572089023699 ], [ 55.299293224407123, 25.230572089026744 ] ] ], [ [ [ 55.298912301135331, 25.233605053883025 ], [ 55.298980962140568, 25.233659887693623 ], [ 55.299160625236219, 25.233704803466274 ], [ 55.299205541013436, 25.233659887704516 ], [ 55.299255827821, 25.233451752096315 ], [ 55.29910850674564, 25.233485887275055 ], [ 55.29912108052838, 25.233406836332115 ], [ 55.299076164764173, 25.233361920567908 ], [ 55.299031248999974, 25.233361920567908 ], [ 55.299026547839503, 25.23351320690422 ], [ 55.299007658237883, 25.233519503428312 ], [ 55.2990047, 25.2334035 ], [ 55.2989316, 25.2334216 ], [ 55.298912301135331, 25.233605053883025 ] ] ], [ [ [ 55.29835464777878, 25.23674578821219 ], [ 55.298489395085184, 25.236835619743797 ], [ 55.298579226624653, 25.236835619746124 ], [ 55.298610163839591, 25.236804682542093 ], [ 55.298627028628331, 25.236981072503465 ], [ 55.298679228641632, 25.236959672506131 ], [ 55.29869323657482, 25.236778176133448 ], [ 55.298752800347955, 25.236813153788876 ], [ 55.299035400597141, 25.236711453838986 ], [ 55.299070594578467, 25.23661629716446 ], [ 55.299203929473848, 25.236632869884414 ], [ 55.2992109120568, 25.236506024062333 ], [ 55.29912108052838, 25.236506024062333 ], [ 55.299074844688917, 25.236566428834998 ], [ 55.298989947777976, 25.236548077062807 ], [ 55.299031248999974, 25.236371276769717 ], [ 55.298716838650527, 25.235967034891861 ], [ 55.298671922886328, 25.235967034891861 ], [ 55.298537175593701, 25.236101782184473 ], [ 55.298488141786962, 25.236229471848294 ], [ 55.298355770740883, 25.236261367639703 ], [ 55.298357512536874, 25.236236529477097 ], [ 55.298312596772675, 25.2362365294771 ], [ 55.298296100068463, 25.236377353720417 ], [ 55.298306000065764, 25.236429453721012 ], [ 55.298556174462945, 25.236462456737712 ], [ 55.298622889083823, 25.23666260027553 ], [ 55.298696205776849, 25.236662600282358 ], [ 55.298691490736431, 25.23677560263943 ], [ 55.298625203793343, 25.236768436192143 ], [ 55.298627007122114, 25.236730602883362 ], [ 55.298447344065288, 25.236640771354949 ], [ 55.298357512536874, 25.236640771354949 ], [ 55.29835464777878, 25.23674578821219 ] ] ], [ [ [ 55.298458598549935, 25.244412253580023 ], [ 55.298552098592829, 25.24457135359258 ], [ 55.298832698847313, 25.244436353643067 ], [ 55.2988515, 25.2443367 ], [ 55.298758, 25.2441776 ], [ 55.298717435652847, 25.244197116043118 ], [ 55.2987304, 25.2441284 ], [ 55.29863670000001, 25.2439712 ], [ 55.298603918038999, 25.2439871769379 ], [ 55.2986108, 25.2439507 ], [ 55.298459548969412, 25.243689717856778 ], [ 55.299056599238511, 25.243412453702497 ], [ 55.2991047, 25.2432184 ], [ 55.2990242, 25.2430831 ], [ 55.2989248, 25.2430521 ], [ 55.298193646378095, 25.243399734464163 ], [ 55.298426098755193, 25.243284853598066 ], [ 55.2984499, 25.2431346 ], [ 55.2981381, 25.2432577 ], [ 55.2981086, 25.2432973 ], [ 55.298091998459526, 25.243409853538704 ], [ 55.298174927235848, 25.243408985671852 ], [ 55.298156198491192, 25.243508253547557 ], [ 55.298295145586522, 25.24375260871626 ], [ 55.2981855, 25.2438046 ], [ 55.298166698418356, 25.243904253541057 ], [ 55.298340479206821, 25.244169573545157 ], [ 55.298331107868066, 25.24421924437814 ], [ 55.298424807915644, 25.244376444391957 ], [ 55.298469460425444, 25.244354682258052 ], [ 55.298458598549935, 25.244412253580023 ] ] ], [ [ [ 55.299165996292587, 25.236955181704396 ], [ 55.29912108052838, 25.236955181704396 ], [ 55.299116067350923, 25.237026671827035 ], [ 55.299160983124807, 25.237026671829074 ], [ 55.299165996292587, 25.236955181704396 ] ] ], [ [ [ 55.297119397893503, 25.253072517852353 ], [ 55.297174727348768, 25.253070972336833 ], [ 55.297320384224228, 25.252994886582897 ], [ 55.297385205539577, 25.253097742612173 ], [ 55.297965103210537, 25.252808520872801 ], [ 55.297935777062186, 25.252961047529983 ], [ 55.2979175, 25.2529296 ], [ 55.2978106, 25.2529065 ], [ 55.2975919, 25.2530095 ], [ 55.297560923899255, 25.253173660546256 ], [ 55.2974898, 25.2530583 ], [ 55.2972619, 25.2531572 ], [ 55.297184405029832, 25.253465342522574 ], [ 55.29735650519924, 25.253757742572141 ], [ 55.297468854248734, 25.253706947882236 ], [ 55.29743830529204, 25.253868842596948 ], [ 55.297549305400523, 25.254059242628838 ], [ 55.297637223686266, 25.254017330776854 ], [ 55.297605105440702, 25.254187542643397 ], [ 55.297749305578485, 25.254442042684506 ], [ 55.297842405729611, 25.254465142717372 ], [ 55.298397906820355, 25.254173742932707 ], [ 55.298434857525912, 25.253977914240814 ], [ 55.298519807057268, 25.254115342979702 ], [ 55.298850007699791, 25.253955343107098 ], [ 55.2989045, 25.2536522 ], [ 55.2987787, 25.2534138 ], [ 55.2986857, 25.2533928 ], [ 55.298566548267715, 25.253453425571763 ], [ 55.2986248, 25.2531934 ], [ 55.298265, 25.2526422 ], [ 55.298198736126828, 25.252623202540178 ], [ 55.2982247, 25.2524856 ], [ 55.298103, 25.2522952 ], [ 55.2980208, 25.2522684 ], [ 55.2972774, 25.2526492 ], [ 55.297249882780278, 25.252795028466036 ], [ 55.2971842, 25.2526811 ], [ 55.2970263, 25.2527525 ], [ 55.296940504775357, 25.25308364245085 ], [ 55.29698980483527, 25.253141542466217 ], [ 55.297119397893503, 25.253072517852353 ] ], [ [ 55.298349384068409, 25.253570704072683 ], [ 55.298314579659653, 25.25375515812733 ], [ 55.2982554, 25.253657 ], [ 55.298220057590022, 25.253675366582605 ], [ 55.2982486, 25.2535241 ], [ 55.2981239, 25.25332 ], [ 55.298059659579394, 25.25335209645597 ], [ 55.298081652423377, 25.253235541149433 ], [ 55.298292406910889, 25.253552942922109 ], [ 55.298349384068409, 25.253570704072683 ] ], [ [ 55.297849197283711, 25.253868092708544 ], [ 55.297869694878855, 25.253759463415463 ], [ 55.297915102851974, 25.253833843473288 ], [ 55.297849197283711, 25.253868092708544 ] ], [ [ 55.297824431667195, 25.253612990914455 ], [ 55.297792714524526, 25.253558557414397 ], [ 55.297839123758052, 25.2535351284277 ], [ 55.297824431667195, 25.253612990914455 ] ], [ [ 55.297694279582018, 25.253455854371129 ], [ 55.297740064790524, 25.253530565371165 ], [ 55.297674258253267, 25.253561959166689 ], [ 55.297694279582018, 25.253455854371129 ] ] ], [ [ [ 55.298975768540139, 25.247027392961463 ], [ 55.29898633323576, 25.246881565593913 ], [ 55.298941417471553, 25.246836649829703 ], [ 55.298851585943147, 25.246836649829703 ], [ 55.298806670178934, 25.24688156559391 ], [ 55.298796105396526, 25.247072308707999 ], [ 55.298930852750345, 25.24707230872086 ], [ 55.298975768540139, 25.247027392961463 ] ] ], [ [ [ 55.299165996292587, 25.232328857991174 ], [ 55.29912108052838, 25.232283942226967 ], [ 55.299031248999974, 25.232283942226967 ], [ 55.29898633323576, 25.232328857991174 ], [ 55.298979708975558, 25.232408889897819 ], [ 55.299024624749308, 25.232453805664392 ], [ 55.299114456303286, 25.23245380566977 ], [ 55.299159372083523, 25.232408889908573 ], [ 55.299165996292587, 25.232328857991174 ] ] ], [ [ [ 55.298941417471553, 25.235428045721385 ], [ 55.298851585943147, 25.235517877249798 ], [ 55.29884746799307, 25.235584621947883 ], [ 55.298982215305486, 25.2356744534809 ], [ 55.299027131077651, 25.23567445348257 ], [ 55.299116962628013, 25.235539706193904 ], [ 55.29912108052838, 25.235472961485595 ], [ 55.299076164764173, 25.235428045721392 ], [ 55.298941417471553, 25.235428045721385 ] ] ], [ [ [ 55.2990433, 25.2408864 ], [ 55.2989473, 25.240715 ], [ 55.2987609, 25.2408003 ], [ 55.298851428444365, 25.241000272490343 ], [ 55.299037928492439, 25.240914872499904 ], [ 55.2990433, 25.2408864 ] ] ], [ [ [ 55.2991417, 25.2332483 ], [ 55.299112543434163, 25.233315308823531 ], [ 55.299129243436241, 25.233357408824368 ], [ 55.2991417, 25.2332483 ] ] ], [ [ [ 55.29793560788503, 25.249936042954293 ], [ 55.298054208006484, 25.25012684298893 ], [ 55.298157380737813, 25.250074390755181 ], [ 55.298131408102712, 25.250212043013207 ], [ 55.298246908211446, 25.250419543045961 ], [ 55.298509108725462, 25.250283643147515 ], [ 55.2985593, 25.2499742 ], [ 55.2984796, 25.249836 ], [ 55.298367117839099, 25.249895364698467 ], [ 55.2983923, 25.2497619 ], [ 55.298283667659582, 25.249587135686724 ], [ 55.298311408695653, 25.249573343107368 ], [ 55.298340291566468, 25.249420264560143 ], [ 55.298405108881298, 25.249520343143853 ], [ 55.298871009796954, 25.249273543324527 ], [ 55.2989113, 25.24906 ], [ 55.2987852, 25.2488653 ], [ 55.298687631827669, 25.248916984745609 ], [ 55.2987201, 25.2487449 ], [ 55.2985906, 25.248587 ], [ 55.2985159, 25.248592 ], [ 55.2981174, 25.2488022 ], [ 55.29809256817839, 25.248933807702393 ], [ 55.2980366, 25.2488418 ], [ 55.2978586, 25.2489304 ], [ 55.297831722417442, 25.249072848290773 ], [ 55.2977752, 25.2489782 ], [ 55.2975691, 25.2490695 ], [ 55.297492807363618, 25.249378142818074 ], [ 55.297607607490278, 25.249542142852519 ], [ 55.297866407995876, 25.249411942952577 ], [ 55.297893619446384, 25.249267725516148 ], [ 55.298124384448897, 25.249647011389641 ], [ 55.2979759, 25.2497225 ], [ 55.29793560788503, 25.249936042954293 ] ], [ [ 55.298291298888181, 25.249260505621745 ], [ 55.298239848144931, 25.249175924761886 ], [ 55.298314191392684, 25.249139175601524 ], [ 55.298291298888181, 25.249260505621745 ] ] ], [ [ [ 55.299115530466864, 25.233032016090039 ], [ 55.29912108052838, 25.232912762925849 ], [ 55.299076164764173, 25.23282293139744 ], [ 55.29898633323576, 25.232822931397433 ], [ 55.299025698917035, 25.233032016085545 ], [ 55.299115530466864, 25.233032016090039 ] ] ], [ [ [ 55.29898633323576, 25.236730602883359 ], [ 55.29898167812695, 25.236800194833048 ], [ 55.299026593900145, 25.236800194834942 ], [ 55.299031248999974, 25.236730602883362 ], [ 55.29898633323576, 25.236730602883359 ] ] ], [ [ [ 55.29897056310417, 25.233158537557557 ], [ 55.298957615629604, 25.233227173285613 ], [ 55.298851585943147, 25.233227173275299 ], [ 55.298847110022329, 25.233295816152932 ], [ 55.298981857340863, 25.233295816158375 ], [ 55.299023631038907, 25.233163916123043 ], [ 55.299071151790933, 25.233119000360873 ], [ 55.299076164764173, 25.233047510218469 ], [ 55.298896501707347, 25.233047510218469 ], [ 55.298891488695403, 25.233119000352733 ], [ 55.29897056310417, 25.233158537557557 ] ] ], [ [ [ 55.297990405771174, 25.254953142749397 ], [ 55.298028138078188, 25.254934575949555 ], [ 55.298138027451849, 25.255105572371448 ], [ 55.298247073907092, 25.25504822970014 ], [ 55.298325506253022, 25.25517744286136 ], [ 55.298467106529351, 25.255107042916077 ], [ 55.298491195519254, 25.254979378836907 ], [ 55.298544006681702, 25.25506364294602 ], [ 55.298654906898413, 25.255007842988896 ], [ 55.2987016, 25.254750399999988 ], [ 55.2984525, 25.2543417 ], [ 55.2982856, 25.2543735 ], [ 55.298259939096539, 25.254509494383804 ], [ 55.2981899, 25.2543931 ], [ 55.2979062, 25.2545327 ], [ 55.2978769530013, 25.254687696581531 ], [ 55.2978237, 25.2546019 ], [ 55.2976094, 25.2547106 ], [ 55.297573221122903, 25.254902329578886 ], [ 55.2974857, 25.2547631 ], [ 55.2972864, 25.2548643 ], [ 55.297228504365741, 25.255146942463256 ], [ 55.297462304597033, 25.255541642530709 ], [ 55.297568304769946, 25.255566042568219 ], [ 55.297754305135385, 25.255468042640345 ], [ 55.297784811768217, 25.25530637281771 ], [ 55.297851705327204, 25.255415642678162 ], [ 55.298002405621574, 25.255340142736426 ], [ 55.2980427, 25.2551266 ], [ 55.297916239813517, 25.254920028384571 ], [ 55.297929188045188, 25.254851408410893 ], [ 55.297990405771174, 25.254953142749397 ] ], [ [ 55.298300290640654, 25.254674774935854 ], [ 55.298315384051371, 25.254698857732912 ], [ 55.298293716639272, 25.254709614930519 ], [ 55.298300290640654, 25.254674774935854 ] ], [ [ 55.298210947467496, 25.254844621371873 ], [ 55.298203391877593, 25.254884663217588 ], [ 55.298185650046825, 25.254857069434994 ], [ 55.298210947467496, 25.254844621371873 ] ], [ [ 55.297734523510719, 25.2551589302977 ], [ 55.297700799647906, 25.255105282291268 ], [ 55.297749292362461, 25.25508066266935 ], [ 55.297734523510719, 25.2551589302977 ] ] ], [ [ [ 55.298846930944357, 25.234105248988989 ], [ 55.298981678268497, 25.234015417466704 ], [ 55.29898633323576, 25.233766162445765 ], [ 55.298716838650527, 25.233766162445765 ], [ 55.298712183622513, 25.234150164747295 ], [ 55.298846930944357, 25.234105248988989 ] ] ], [ [ [ 55.298941417471553, 25.235742456070831 ], [ 55.298851585943147, 25.235742456070831 ], [ 55.298845677564969, 25.235818691608166 ], [ 55.298935509116191, 25.235818691612966 ], [ 55.298941417471553, 25.235742456070831 ] ] ], [ [ [ 55.298935688348372, 25.232763470582253 ], [ 55.298941417471553, 25.232643268340617 ], [ 55.298806670178934, 25.232643268340617 ], [ 55.298716838650527, 25.23268818410482 ], [ 55.298537175593701, 25.232867847161646 ], [ 55.298531446359775, 25.23294313361701 ], [ 55.298666193685563, 25.232943133623976 ], [ 55.298935688348372, 25.232763470582253 ] ] ], [ [ [ 55.298896501707347, 25.235293298428768 ], [ 55.298851585943147, 25.235203466900359 ], [ 55.298716838650527, 25.235068719607739 ], [ 55.298627007122114, 25.235068719607739 ], [ 55.298488857995586, 25.235490994072464 ], [ 55.298533773764689, 25.235535909837875 ], [ 55.298668521077012, 25.235535909842017 ], [ 55.298893099934197, 25.235446078320848 ], [ 55.298896501707347, 25.235293298428768 ] ] ], [ [ [ 55.298806670178934, 25.233451752096318 ], [ 55.298802015200842, 25.233521344055447 ], [ 55.298846930971756, 25.233566259821306 ], [ 55.298891846744944, 25.233566259823188 ], [ 55.298896501707347, 25.233451752096318 ], [ 55.298806670178934, 25.233451752096318 ] ] ], [ [ [ 55.298851585943147, 25.234664477729886 ], [ 55.298761754414734, 25.234664477729883 ], [ 55.298756204164093, 25.234738815101323 ], [ 55.298846035713929, 25.234738815105832 ], [ 55.298851585943147, 25.234664477729886 ] ] ], [ [ [ 55.29792400836206, 25.248806743000678 ], [ 55.29795846778493, 25.248624110407089 ], [ 55.298032708573189, 25.24875484304258 ], [ 55.298576909627087, 25.248502043252028 ], [ 55.2986172, 25.2482885 ], [ 55.2983177, 25.2477611 ], [ 55.2977735, 25.2480139 ], [ 55.297738530912206, 25.248199233505147 ], [ 55.2976505, 25.2480499 ], [ 55.2974198, 25.2481612 ], [ 55.297388093032581, 25.248329241611703 ], [ 55.2973199, 25.2482073 ], [ 55.2970739, 25.2483199 ], [ 55.29703713079352, 25.248514767221955 ], [ 55.2969521, 25.2483671 ], [ 55.2966851, 25.2484928 ], [ 55.296652663605897, 25.248664701164891 ], [ 55.2965667, 25.2485189 ], [ 55.2962239, 25.2486842 ], [ 55.296189264379251, 25.24886775207564 ], [ 55.296108, 25.2487353 ], [ 55.295876, 25.2488518 ], [ 55.295835704630981, 25.249065342228629 ], [ 55.2962145050153, 25.249682642338918 ], [ 55.29644650546841, 25.249566242428628 ], [ 55.296475719307381, 25.249411422648034 ], [ 55.296543905656556, 25.249522142466073 ], [ 55.29690540636296, 25.249339942605896 ], [ 55.296931123208822, 25.249203652150825 ], [ 55.296985006519634, 25.249297242636796 ], [ 55.297252007037514, 25.249171442739655 ], [ 55.297288628950405, 25.248977355692251 ], [ 55.29735290724728, 25.249091942779959 ], [ 55.297598507722356, 25.24897914287444 ], [ 55.29763043032969, 25.248809958038798 ], [ 55.297694607915673, 25.248918142912164 ], [ 55.29792400836206, 25.248806743000678 ] ], [ [ 55.297758388890244, 25.248404406765204 ], [ 55.297777171645478, 25.248304859813906 ], [ 55.297817422524176, 25.248375739121865 ], [ 55.297758388890244, 25.248404406765204 ] ], [ [ 55.297570912350494, 25.248644630106345 ], [ 55.297538301730285, 25.248586520723197 ], [ 55.29758623622029, 25.248563415856079 ], [ 55.297570912350494, 25.248644630106345 ] ], [ [ 55.297479276794625, 25.248543913326881 ], [ 55.297426040270935, 25.248568342339869 ], [ 55.297442436348064, 25.248481446032809 ], [ 55.297479276794625, 25.248543913326881 ] ], [ [ 55.297224537518971, 25.248840222436979 ], [ 55.2971782678257, 25.248759869501811 ], [ 55.297245506282337, 25.24872909301315 ], [ 55.297224537518971, 25.248840222436979 ] ], [ [ 55.296711453430795, 25.248822103819517 ], [ 55.296743448168336, 25.248877676205844 ], [ 55.296696502670571, 25.248901337319467 ], [ 55.296711453430795, 25.248822103819517 ] ], [ [ 55.296403565578004, 25.24912491527677 ], [ 55.296390271119769, 25.249195369787696 ], [ 55.296359945593949, 25.249145942815545 ], [ 55.296403565578004, 25.24912491527677 ] ] ], [ [ [ 55.298267043078646, 25.234029208755601 ], [ 55.298311643096064, 25.234006808759055 ], [ 55.298309530649696, 25.233947523135733 ], [ 55.298484919158156, 25.233894906411457 ], [ 55.298529834940133, 25.233849990650594 ], [ 55.298537175593701, 25.233766162445765 ], [ 55.298412393474685, 25.233516598629901 ], [ 55.298623247303262, 25.233516598627268 ], [ 55.298802910392794, 25.233426767105332 ], [ 55.298806670178934, 25.233317004803709 ], [ 55.298761754414734, 25.233272089039499 ], [ 55.298627007122114, 25.233272089039502 ], [ 55.298447344065288, 25.233406836332115 ], [ 55.298400094640208, 25.233492000945397 ], [ 55.298312596772675, 25.233317004803709 ], [ 55.298177849480055, 25.233272089039499 ], [ 55.297728691837996, 25.233496667860532 ], [ 55.297638860309583, 25.233766162445768 ], [ 55.29763151936907, 25.233894906354863 ], [ 55.297990845585247, 25.234029653670213 ], [ 55.298246734193562, 25.233966362071243 ], [ 55.298267043078646, 25.234029208755601 ] ] ], [ [ [ 55.298755488322087, 25.230071371992835 ], [ 55.298845319874687, 25.230071371997919 ], [ 55.298851585943147, 25.229993238252465 ], [ 55.298761754414734, 25.229993238252465 ], [ 55.298755488322087, 25.230071371992835 ] ] ], [ [ [ 55.298532699621198, 25.233116153084286 ], [ 55.298577615387458, 25.233250900378049 ], [ 55.298667446933152, 25.23325090038168 ], [ 55.298802194256062, 25.233161068859157 ], [ 55.298806670178934, 25.233092425982676 ], [ 55.298627007122114, 25.232957678690056 ], [ 55.298582091357908, 25.232957678690056 ], [ 55.298532699621198, 25.233116153084286 ] ] ], [ [ [ 55.298167797927086, 25.246300553491132 ], [ 55.29832639800415, 25.246549453512873 ], [ 55.298365204721506, 25.246530155722883 ], [ 55.298390328010903, 25.246573572434663 ], [ 55.298435628022787, 25.24654907243702 ], [ 55.298445941683148, 25.246490006822871 ], [ 55.298435346648574, 25.246585827922996 ], [ 55.298480262435952, 25.246585827927873 ], [ 55.298492259829501, 25.246477323716054 ], [ 55.298471446594938, 25.246477323717752 ], [ 55.298502178748059, 25.246412664364971 ], [ 55.298549828051165, 25.246514972442764 ], [ 55.2985945280628, 25.246492672445061 ], [ 55.2985088, 25.246315 ], [ 55.298484905310453, 25.246326997333661 ], [ 55.298348062743628, 25.246112629706253 ], [ 55.2983387, 25.2460168 ], [ 55.2983001, 25.2460384 ], [ 55.298286803505732, 25.246146119641839 ], [ 55.298232786514269, 25.246175650261765 ], [ 55.2982547, 25.2461095 ], [ 55.2982269, 25.2460683 ], [ 55.2981315, 25.246121 ], [ 55.298182749993927, 25.246221305560898 ], [ 55.298167797927086, 25.246300553491132 ] ] ], [ [ [ 55.29875566733844, 25.23029500172732 ], [ 55.298761754414734, 25.230172901309285 ], [ 55.298716838650527, 25.230172901309288 ], [ 55.298710751562481, 25.230295001724855 ], [ 55.29875566733844, 25.23029500172732 ] ] ], [ [ [ 55.298671922886328, 25.235787371835027 ], [ 55.298537175593701, 25.235742456070831 ], [ 55.29853073000298, 25.23582153884194 ], [ 55.298575645773305, 25.235911370372325 ], [ 55.298665477326608, 25.235911370377558 ], [ 55.298671922886328, 25.235787371835027 ] ] ], [ [ [ 55.298294528295678, 25.241343172461271 ], [ 55.298391428308364, 25.241508072464985 ], [ 55.298564928353322, 25.241424772473902 ], [ 55.298366, 25.2410403 ], [ 55.2981793, 25.2411276 ], [ 55.298294528295678, 25.241343172461271 ] ] ], [ [ [ 55.298492259829501, 25.234170404323621 ], [ 55.298487425710505, 25.234240945349555 ], [ 55.298532341484041, 25.23424094535152 ], [ 55.298667088809395, 25.234151113829473 ], [ 55.298671922886328, 25.234080572795211 ], [ 55.298582091357908, 25.2340805727952 ], [ 55.298492259829501, 25.234170404323621 ] ] ], [ [ [ 55.29871075157741, 25.230070422905342 ], [ 55.298716838650527, 25.229993238252469 ], [ 55.298671922886328, 25.229993238252465 ], [ 55.298665835801458, 25.230070422902873 ], [ 55.29871075157741, 25.230070422905342 ] ] ], [ [ [ 55.298627007122114, 25.234933972315115 ], [ 55.298582091357908, 25.234933972315119 ], [ 55.298576362005782, 25.235009258759643 ], [ 55.298621277781045, 25.235009258761977 ], [ 55.298627007122114, 25.234933972315115 ] ] ], [ [ [ 55.298530551332355, 25.23065717507982 ], [ 55.298665298663323, 25.230657175087881 ], [ 55.298671922886328, 25.230577143187141 ], [ 55.298582091357908, 25.230532227422938 ], [ 55.298492259829501, 25.230532227422938 ], [ 55.29848563555862, 25.230612259313265 ], [ 55.298530551332355, 25.23065717507982 ] ] ], [ [ [ 55.298537175593701, 25.236865350175979 ], [ 55.298533952757772, 25.236972265203736 ], [ 55.298578868528196, 25.236972265205051 ], [ 55.298582091357908, 25.236865350175979 ], [ 55.298537175593701, 25.236865350175979 ] ] ], [ [ [ 55.2984698, 25.2448332 ], [ 55.2983997, 25.2445502 ], [ 55.2982643, 25.2442926 ], [ 55.2979934, 25.2440412 ], [ 55.297886, 25.2439948 ], [ 55.297797567763652, 25.244314713582195 ], [ 55.297863267792636, 25.244415613590313 ], [ 55.297900005479498, 25.244373483266795 ], [ 55.298053130691734, 25.24465286085784 ], [ 55.298302907355833, 25.245001543961607 ], [ 55.298297018204366, 25.245077673571775 ], [ 55.298431765587218, 25.245077673590735 ], [ 55.2984698, 25.2448332 ] ] ], [ [ [ 55.298671922886328, 25.230083069780871 ], [ 55.298582091357908, 25.230083069780871 ], [ 55.298576362309227, 25.230158356256297 ], [ 55.298621278081676, 25.23020327202255 ], [ 55.298666193856945, 25.230203272024866 ], [ 55.298671922886328, 25.230083069780871 ] ] ], [ [ [ 55.297818523366402, 25.236146697948683 ], [ 55.297812614696959, 25.236267849192142 ], [ 55.297992277799395, 25.236267849201724 ], [ 55.298531267118314, 25.23608818617485 ], [ 55.298576182896824, 25.236043270413344 ], [ 55.298582091357908, 25.235922119127654 ], [ 55.298088017951642, 25.23592211912765 ], [ 55.297818523366402, 25.236146697948683 ] ] ], [ [ [ 55.298582091357908, 25.234799225022503 ], [ 55.298492259829501, 25.234799225022499 ], [ 55.298486351418049, 25.234920376310779 ], [ 55.298576182969271, 25.234920376315571 ], [ 55.298582091357908, 25.234799225022503 ] ] ], [ [ [ 55.298213990836132, 25.24755689124607 ], [ 55.298393653960723, 25.247556891260306 ], [ 55.298402428301081, 25.247420554764386 ], [ 55.298267681008468, 25.247420554764382 ], [ 55.298222765244262, 25.247465470528589 ], [ 55.298213990836132, 25.24755689124607 ] ] ], [ [ [ 55.298627007122114, 25.230262732837701 ], [ 55.298582091357908, 25.230262732837694 ], [ 55.298576720364331, 25.230336121142617 ], [ 55.298621636138904, 25.230336121144802 ], [ 55.298627007122114, 25.230262732837701 ] ] ], [ [ [ 55.298344980025483, 25.230868157903519 ], [ 55.29838989580773, 25.230913073672177 ], [ 55.298444994892719, 25.230913073701657 ], [ 55.298435706761602, 25.230998159782814 ], [ 55.298525538334928, 25.230998159792257 ], [ 55.298582091357908, 25.23080172200817 ], [ 55.298492259829501, 25.230756806243964 ], [ 55.298357512536874, 25.230756806243964 ], [ 55.298344980025483, 25.230868157903519 ] ] ], [ [ [ 55.298484919010548, 25.235736452728862 ], [ 55.298492259829501, 25.235607708778208 ], [ 55.298402428301081, 25.235607708778204 ], [ 55.298395087453798, 25.235736452722897 ], [ 55.298484919010548, 25.235736452728862 ] ] ], [ [ [ 55.298125950888213, 25.235599807247706 ], [ 55.298218270465014, 25.235586618820289 ], [ 55.298215066251061, 25.235693435113223 ], [ 55.298304897809189, 25.235693435119472 ], [ 55.298312596772881, 25.235573143655682 ], [ 55.298440361335409, 25.235554891503678 ], [ 55.298447344065288, 25.235472961485595 ], [ 55.298357512536874, 25.235293298428768 ], [ 55.298096909937733, 25.235203466906924 ], [ 55.298126309011302, 25.235193667207014 ], [ 55.298132933715856, 25.235023803843525 ], [ 55.297998186423229, 25.235023803843532 ], [ 55.297953270659029, 25.235113635371949 ], [ 55.297946645900083, 25.23523858296014 ], [ 55.298016198333769, 25.235230370759894 ], [ 55.297908354894815, 25.235383129957182 ], [ 55.297901372006635, 25.235509975705821 ], [ 55.297935222860261, 25.235526901156422 ], [ 55.297863439130609, 25.235562793014005 ], [ 55.297857709559395, 25.23568299518125 ], [ 55.297947541109934, 25.235682995185893 ], [ 55.297992456888004, 25.235638079424294 ], [ 55.297996300631787, 25.235557440054304 ], [ 55.298125950888213, 25.235599807247706 ] ] ], [ [ [ 55.298351425047358, 25.234921325386999 ], [ 55.298441256605237, 25.234831493864124 ], [ 55.298447344065288, 25.234709393494093 ], [ 55.298357512536874, 25.2347093934941 ], [ 55.298222765244262, 25.234844140786713 ], [ 55.298216677719495, 25.234921325379588 ], [ 55.298351425047358, 25.234921325386999 ] ] ], [ [ [ 55.297765192739647, 25.230487002812065 ], [ 55.297952427938633, 25.230626293380112 ], [ 55.297945924035048, 25.230652627090144 ], [ 55.297995348804676, 25.2306637133055 ], [ 55.297990845844474, 25.230795718673775 ], [ 55.298035761622842, 25.230795718676752 ], [ 55.298038313926114, 25.23076657175665 ], [ 55.298079886606686, 25.23077591754323 ], [ 55.298093510355592, 25.230710942873813 ], [ 55.298169434738881, 25.230756497425507 ], [ 55.298259266299773, 25.230756497432338 ], [ 55.298304182084337, 25.230711581671958 ], [ 55.298349097877164, 25.230576834384024 ], [ 55.298402428301081, 25.230307648601901 ], [ 55.298402428301081, 25.230217817073491 ], [ 55.298357115338497, 25.230204870561437 ], [ 55.298484919464151, 25.230077066485105 ], [ 55.298492259829501, 25.229993238252462 ], [ 55.298357512536874, 25.229993238252465 ], [ 55.298267681008468, 25.230038154016672 ], [ 55.298260340568696, 25.23012198223406 ], [ 55.298292562985445, 25.230186427073036 ], [ 55.297998186423229, 25.230127985545082 ], [ 55.297815509476024, 25.230188877930338 ], [ 55.297818523366402, 25.230127985545085 ], [ 55.297773607602203, 25.230127985545085 ], [ 55.297720276979838, 25.230262423989721 ], [ 55.297720276967453, 25.230397171281084 ], [ 55.297765192739647, 25.230487002812065 ] ] ], [ [ [ 55.297145127816137, 25.244992572383669 ], [ 55.297181427821158, 25.245049872385092 ], [ 55.297265629739883, 25.245006162336871 ], [ 55.297420627864604, 25.245250772395497 ], [ 55.297501645515794, 25.245224758798781 ], [ 55.297485843314128, 25.245308510932187 ], [ 55.2974145, 25.2452558 ], [ 55.2973658, 25.2452804 ], [ 55.297355349077392, 25.245335789841914 ], [ 55.2972238, 25.24516 ], [ 55.2971727, 25.2451874 ], [ 55.297116114709809, 25.245397681072241 ], [ 55.297095, 25.2453653 ], [ 55.296931520754285, 25.245452520517727 ], [ 55.2969914, 25.2452091 ], [ 55.2969443, 25.2451338 ], [ 55.2969042, 25.2451221 ], [ 55.2967435, 25.2452045 ], [ 55.2967381628943, 25.245238957210432 ], [ 55.2967126, 25.2451945 ], [ 55.29668490000001, 25.2452076 ], [ 55.296695142592334, 25.245263228706996 ], [ 55.296652627683763, 25.245310272357862 ], [ 55.296682627687829, 25.245359172359031 ], [ 55.296722647961147, 25.245339123972098 ], [ 55.296816342870926, 25.245489176904989 ], [ 55.296785460789671, 25.245489176903526 ], [ 55.296771850946591, 25.245651138415525 ], [ 55.296816766737059, 25.245651138421064 ], [ 55.296830376554013, 25.245496008506436 ], [ 55.296887692998787, 25.245475937105532 ], [ 55.29693282773254, 25.245581672369848 ], [ 55.297144264246661, 25.245533939184742 ], [ 55.297187427789936, 25.245605472382067 ], [ 55.297367071529393, 25.245517560734456 ], [ 55.297378997439232, 25.245571853372358 ], [ 55.297640214797703, 25.245425051800442 ], [ 55.297625497652596, 25.245503053415678 ], [ 55.297648397664055, 25.245537353418847 ], [ 55.29776667323577, 25.245473007696901 ], [ 55.297789111737131, 25.245504601866021 ], [ 55.2977278, 25.245536 ], [ 55.297747327919282, 25.245604372409247 ], [ 55.297948427971768, 25.24550147241963 ], [ 55.297879198845813, 25.245353811663978 ], [ 55.297978727978332, 25.245508772421051 ], [ 55.298149810950058, 25.245391094408369 ], [ 55.298165584086284, 25.245434317292993 ], [ 55.298248284151086, 25.245391617305799 ], [ 55.2982459, 25.2452769 ], [ 55.298177429617397, 25.245312295711816 ], [ 55.2981517, 25.2452371 ], [ 55.298109, 25.2452114 ], [ 55.298071645343278, 25.245230690197609 ], [ 55.2981236, 25.2450815 ], [ 55.2980947, 25.2450354 ], [ 55.2979617, 25.2451035 ], [ 55.297953259871079, 25.245219682318286 ], [ 55.297907809971306, 25.245219682325121 ], [ 55.297951897989222, 25.245148453478542 ], [ 55.297986, 25.244956 ], [ 55.2978541, 25.2449562 ], [ 55.297728691838429, 25.245021280350656 ], [ 55.2977462, 25.2449132 ], [ 55.297713878336104, 25.244891409125788 ], [ 55.2977551, 25.2447341 ], [ 55.2977158, 25.2446731 ], [ 55.297593944545383, 25.244680693147814 ], [ 55.297369365724343, 25.244815440440433 ], [ 55.297323085252195, 25.244912504934945 ], [ 55.2973034, 25.2448849 ], [ 55.2971505, 25.2449641 ], [ 55.297145127816137, 25.244992572383669 ] ], [ [ 55.297971797984601, 25.245249253479823 ], [ 55.297994971370265, 25.245270285106201 ], [ 55.297945707884047, 25.245304681820574 ], [ 55.297953270659029, 25.245219699526739 ], [ 55.297971797984601, 25.245249253479823 ] ], [ [ 55.297852545865425, 25.24527741789549 ], [ 55.297846606740116, 25.245346405073644 ], [ 55.297787796509596, 25.245376388582972 ], [ 55.2977659, 25.2453372 ], [ 55.297673913764008, 25.245387278049414 ], [ 55.297682046528038, 25.245344173853578 ], [ 55.297737597776099, 25.245342853438075 ], [ 55.297852545865425, 25.24527741789549 ] ], [ [ 55.2975068, 25.2453423 ], [ 55.297506793251763, 25.245342335765862 ], [ 55.297495066298112, 25.245323401952763 ], [ 55.297523671270234, 25.245333678966432 ], [ 55.2975068, 25.2453423 ] ], [ [ 55.296730494743137, 25.245288463982615 ], [ 55.296725583505612, 25.24528043189245 ], [ 55.296732225369468, 25.245277290795144 ], [ 55.296730494743137, 25.245288463982615 ] ] ], [ [ [ 55.298222765244262, 25.237000097468595 ], [ 55.298220437605764, 25.23710226707292 ], [ 55.298310269143158, 25.237102267074818 ], [ 55.298355184912992, 25.237057351311666 ], [ 55.298357512536874, 25.237000097468599 ], [ 55.298222765244262, 25.237000097468595 ] ] ], [ [ [ 55.298402428301081, 25.232912762925846 ], [ 55.298312596772675, 25.232912762925849 ], [ 55.298306509399787, 25.232989947536741 ], [ 55.29839634095169, 25.232989947541679 ], [ 55.298402428301081, 25.232912762925846 ] ] ], [ [ [ 55.298357512536874, 25.234529730437266 ], [ 55.298267681008468, 25.234529730437266 ], [ 55.298261593516351, 25.234606915034739 ], [ 55.298351425068262, 25.234606915039681 ], [ 55.298357512536874, 25.234529730437266 ] ] ], [ [ [ 55.298222765244262, 25.235023803843529 ], [ 55.298216319613879, 25.235147802365372 ], [ 55.298261235390527, 25.235147802367994 ], [ 55.298306151170337, 25.235102886606718 ], [ 55.298312596772675, 25.235023803843529 ], [ 55.298222765244262, 25.235023803843529 ] ] ], [ [ [ 55.298312596772675, 25.234350067380444 ], [ 55.298222765244262, 25.23435006738044 ], [ 55.298217214881412, 25.234469320490732 ], [ 55.298307046431248, 25.234469320495233 ], [ 55.298312596772675, 25.234350067380444 ] ] ], [ [ [ 55.297458707037634, 25.24998444277848 ], [ 55.297613607340772, 25.249905342838428 ], [ 55.2976539, 25.2496918 ], [ 55.297537, 25.2495046 ], [ 55.2973821, 25.2495837 ], [ 55.297356655689093, 25.249718548262553 ], [ 55.2972799, 25.2495947 ], [ 55.297221893214932, 25.249624140873909 ], [ 55.2972396, 25.2495303 ], [ 55.2971001, 25.2493133 ], [ 55.2969771, 25.249378 ], [ 55.29695023873883, 25.249520355471002 ], [ 55.2968798, 25.2494074 ], [ 55.2967059, 25.2494961 ], [ 55.29683952746646, 25.24974747234042 ], [ 55.296988273396948, 25.249671602555694 ], [ 55.297032113045304, 25.249739797498687 ], [ 55.2968912, 25.2498065 ], [ 55.296860842097011, 25.249967385058699 ], [ 55.2967919, 25.2498573 ], [ 55.296701716240655, 25.249903482638452 ], [ 55.2967283, 25.2497626 ], [ 55.296602, 25.2495645 ], [ 55.2964405, 25.2496487 ], [ 55.296415449878523, 25.249781453480256 ], [ 55.296356, 25.2496883 ], [ 55.2961945, 25.2497725 ], [ 55.296164954623201, 25.249929074176794 ], [ 55.2960964, 25.2498152 ], [ 55.2958899, 25.2499169 ], [ 55.295849604186024, 25.250130442185942 ], [ 55.296150283047545, 25.250629889343287 ], [ 55.2957834, 25.2508046 ], [ 55.295731862842324, 25.25106773367888 ], [ 55.29596946304202, 25.251435533734934 ], [ 55.296075263175815, 25.251471933764446 ], [ 55.296432363736379, 25.251285533875176 ], [ 55.296485247886039, 25.251052175074602 ], [ 55.296591246140189, 25.251214842034681 ], [ 55.2961235, 25.2514536 ], [ 55.296083203913952, 25.25166714220212 ], [ 55.296277904113843, 25.251979142259046 ], [ 55.296357549598916, 25.251940253113276 ], [ 55.296323604130912, 25.252120142269384 ], [ 55.296686204504589, 25.252698042375535 ], [ 55.296744804583085, 25.252750342394528 ], [ 55.296860004774288, 25.252769342435638 ], [ 55.297229105497173, 25.252579842578545 ], [ 55.2973061, 25.2522767 ], [ 55.2969181, 25.2516221 ], [ 55.29682857681685, 25.251668057194543 ], [ 55.296860100000011, 25.251501 ], [ 55.296681692210818, 25.251215138109405 ], [ 55.296818902929715, 25.251142004362578 ], [ 55.297124927421017, 25.251644372342945 ], [ 55.297398975083993, 25.251507810577479 ], [ 55.29746740632789, 25.251630742707857 ], [ 55.297718806813819, 25.251516242804541 ], [ 55.297751164147023, 25.251344757908686 ], [ 55.297887707162943, 25.25138784287179 ], [ 55.297987407339569, 25.251378942908488 ], [ 55.298037307506931, 25.25119514293489 ], [ 55.2980776, 25.2509816 ], [ 55.2980337, 25.2508943 ], [ 55.2978729, 25.2508586 ], [ 55.2977321, 25.2509049 ], [ 55.297671498955772, 25.251145412618442 ], [ 55.2976525, 25.2511113 ], [ 55.2974011, 25.2512257 ], [ 55.297372275761745, 25.251378458312331 ], [ 55.29713100691071, 25.250982519772879 ], [ 55.297162506092015, 25.250966842626593 ], [ 55.2972028, 25.2507533 ], [ 55.297126114988089, 25.25062727352234 ], [ 55.297210000395566, 25.250584280180156 ], [ 55.297299827515225, 25.250727672356909 ], [ 55.297619227598602, 25.2505640723734 ], [ 55.2975161, 25.2503623 ], [ 55.297429904770944, 25.250406477193483 ], [ 55.2974566, 25.250265 ], [ 55.297325638813142, 25.250056014122027 ], [ 55.297377006876069, 25.2500299427467 ], [ 55.297402558163142, 25.249894527883789 ], [ 55.297458707037634, 25.24998444277848 ] ], [ [ 55.297156427345428, 25.250088685018312 ], [ 55.297175723734533, 25.249986420519484 ], [ 55.297219172397, 25.250056526445832 ], [ 55.297156427345428, 25.250088685018312 ] ], [ [ 55.297119611319467, 25.249808741155679 ], [ 55.297109421687168, 25.249791123559692 ], [ 55.297124424710866, 25.249783231750243 ], [ 55.297119611319467, 25.249808741155679 ] ], [ [ 55.296947761766646, 25.250334161320776 ], [ 55.2968943, 25.2502463 ], [ 55.2966987, 25.2503437 ], [ 55.296670764407558, 25.250491745615609 ], [ 55.29662464641769, 25.250417442322775 ], [ 55.2966751, 25.2501991 ], [ 55.296579109748798, 25.250033019262332 ], [ 55.296636206674975, 25.250003197342274 ], [ 55.296747227419715, 25.250180472333348 ], [ 55.296898801291547, 25.250102852246677 ], [ 55.296968637588158, 25.250223527676294 ], [ 55.296947761766646, 25.250334161320776 ] ], [ [ 55.296951579509368, 25.251039211279764 ], [ 55.296885513425224, 25.25107214401686 ], [ 55.296905898339659, 25.25096411317806 ], [ 55.296951579509368, 25.251039211279764 ] ], [ [ 55.296724241433367, 25.250665475148864 ], [ 55.296735432007914, 25.250683872134619 ], [ 55.296711282347616, 25.250696744038166 ], [ 55.296718853929747, 25.250656618244243 ], [ 55.296724241433367, 25.250665475148864 ] ], [ [ 55.29646673676789, 25.25100851448958 ], [ 55.296423246181945, 25.250939174107291 ], [ 55.296485814935885, 25.250907410644324 ], [ 55.29646673676789, 25.25100851448958 ] ], [ [ 55.296494132784325, 25.250009524269192 ], [ 55.29646085269966, 25.250025268390221 ], [ 55.296470743935942, 25.249972849717999 ], [ 55.296494132784325, 25.250009524269192 ] ], [ [ 55.296454284370249, 25.250464419979764 ], [ 55.296372575869732, 25.250505900021693 ], [ 55.296398580886652, 25.250368087428452 ], [ 55.296454284370249, 25.250464419979764 ] ], [ [ 55.29635139427721, 25.250238762726571 ], [ 55.296312919589887, 25.250174853876072 ], [ 55.296368975025501, 25.250145594074663 ], [ 55.29635139427721, 25.250238762726571 ] ], [ [ 55.296182296052159, 25.250633120629189 ], [ 55.296318478152912, 25.250566051970267 ], [ 55.296288584384236, 25.250724471906356 ], [ 55.2962346, 25.2506384 ], [ 55.296182296052159, 25.250633120629189 ] ] ], [ [ [ 55.294016241761241, 25.23227800846179 ], [ 55.294045241766604, 25.232331208463425 ], [ 55.294069068834062, 25.232320535146748 ], [ 55.294183841793632, 25.232569108471392 ], [ 55.294210541803885, 25.232557608473435 ], [ 55.29419853926693, 25.232476823945323 ], [ 55.294212689422018, 25.232438286074277 ], [ 55.294253227879274, 25.232542372317685 ], [ 55.294298111923375, 25.232500506829542 ], [ 55.294314169753939, 25.232527370475463 ], [ 55.294693846737104, 25.232341571351689 ], [ 55.294570059536852, 25.232997655292234 ], [ 55.294747982102336, 25.233321493727079 ], [ 55.2944268, 25.2334751 ], [ 55.294349936530573, 25.233884820855906 ], [ 55.2942012, 25.2336271 ], [ 55.294154, 25.2336044 ], [ 55.2932894, 25.2340128 ], [ 55.293237171417339, 25.234295229459619 ], [ 55.293190227528186, 25.234344072255283 ], [ 55.293219184459751, 25.234392494741215 ], [ 55.293190389157644, 25.234548206245343 ], [ 55.2931409, 25.2344704 ], [ 55.293055665868344, 25.234470263945326 ], [ 55.293074, 25.2343731 ], [ 55.2929888, 25.2342309 ], [ 55.2928719, 25.2342882 ], [ 55.292853096080094, 25.23438785283717 ], [ 55.292913775450721, 25.234489127559414 ], [ 55.292828900000011, 25.2345303 ], [ 55.29281009599562, 25.234629952824797 ], [ 55.292986996077282, 25.234927952848636 ], [ 55.293136922815641, 25.234871259427898 ], [ 55.293213947855136, 25.235004756621272 ], [ 55.293186996201854, 25.23510795287886 ], [ 55.293440996312832, 25.235566452912437 ], [ 55.29355659639117, 25.235639652930558 ], [ 55.293696196503298, 25.23564275295422 ], [ 55.29386369665454, 25.235565252984312 ], [ 55.2938773, 25.2354138 ], [ 55.293822016849148, 25.235295426585026 ], [ 55.293896196712282, 25.235411952993044 ], [ 55.293934996747844, 25.235391453000066 ], [ 55.2939538, 25.2352918 ], [ 55.293826461454252, 25.235100143379253 ], [ 55.29380030727615, 25.235030616337237 ], [ 55.293858457799629, 25.235021531651675 ], [ 55.293833927633059, 25.235088572282095 ], [ 55.293876427641962, 25.235103972284069 ], [ 55.293960168309773, 25.234955130714667 ], [ 55.294235277852415, 25.234825224651509 ], [ 55.29431651796876, 25.234407596918764 ], [ 55.294471579629572, 25.234673024998269 ], [ 55.294520979925643, 25.234687125063065 ], [ 55.295016999668633, 25.234450205415424 ], [ 55.294970158700025, 25.234730299530987 ], [ 55.2949136, 25.2347484 ], [ 55.294863397596359, 25.234911753167886 ], [ 55.294941228406437, 25.234919650299766 ], [ 55.294941228403971, 25.234993124247492 ], [ 55.295001483854641, 25.235113635386995 ], [ 55.294943914457221, 25.235113635371945 ], [ 55.294939079548982, 25.23522909200177 ], [ 55.295059212168972, 25.235229092012965 ], [ 55.295120891470987, 25.23535245036442 ], [ 55.295210723009767, 25.235352450366605 ], [ 55.29548750825267, 25.23523034102087 ], [ 55.29539307209928, 25.235293298428768 ], [ 55.295123577514047, 25.235652624542418 ], [ 55.295117668192248, 25.235773775645221 ], [ 55.295162583935969, 25.236267849050645 ], [ 55.295658379553586, 25.237193336752689 ], [ 55.2955278193919, 25.237179760525422 ], [ 55.295168493278254, 25.237269592053835 ], [ 55.295033745985634, 25.237404339346448 ], [ 55.29502479226047, 25.237541624750531 ], [ 55.295389541760727, 25.237684208513326 ], [ 55.295622353911227, 25.237724702217992 ], [ 55.295665727895027, 25.237828872354665 ], [ 55.295730327908259, 25.237857472357629 ], [ 55.295743492737301, 25.23775498677027 ], [ 55.295833276305252, 25.237766203634752 ], [ 55.295878192091131, 25.237721287874628 ], [ 55.295887145505546, 25.237628918167481 ], [ 55.295852669530191, 25.237525490483549 ], [ 55.295971067815763, 25.237525490483318 ], [ 55.297548286729672, 25.237232056644885 ], [ 55.297539359826452, 25.23732084246172 ], [ 55.297584275609324, 25.237320842465635 ], [ 55.297587955157297, 25.237224676290417 ], [ 55.297674286240984, 25.237208614257202 ], [ 55.297674286238134, 25.237230061864189 ], [ 55.297719202020659, 25.237230061868036 ], [ 55.297755819006959, 25.237193444907678 ], [ 55.298171940849677, 25.23707633296171 ], [ 55.298177849480055, 25.236955181704392 ], [ 55.298056827198693, 25.236834159805809 ], [ 55.298253342831181, 25.236788008729881 ], [ 55.2982403, 25.2366918 ], [ 55.2979024, 25.2366447 ], [ 55.297885652143954, 25.23666298473389 ], [ 55.297773607602203, 25.236550939826532 ], [ 55.297587055651128, 25.236434347213422 ], [ 55.297680195034658, 25.236435174174385 ], [ 55.297770026578661, 25.236390258413266 ], [ 55.297773607602203, 25.236011950656067 ], [ 55.29763695344321, 25.236011950842265 ], [ 55.297638860309583, 25.235922119127654 ], [ 55.297593944545383, 25.235877203363437 ], [ 55.29754902878117, 25.23587720336344 ], [ 55.297506297619556, 25.235919934526191 ], [ 55.2974643, 25.2359104 ], [ 55.297452728417646, 25.235951772452623 ], [ 55.297483228423268, 25.235976072453965 ], [ 55.297503231822695, 25.235945210799532 ], [ 55.297535491410002, 25.236011950898693 ], [ 55.29723461843173, 25.236011950656067 ], [ 55.297186121566426, 25.236075848046177 ], [ 55.297212649122308, 25.236200346514931 ], [ 55.296310938711564, 25.235636778273452 ], [ 55.296423577172582, 25.235574201547465 ], [ 55.296420762873993, 25.235636181182631 ], [ 55.296465678648566, 25.235636181184812 ], [ 55.296469655304101, 25.235548602621435 ], [ 55.296477345414203, 25.235544330341522 ], [ 55.296514200451526, 25.235605110453232 ], [ 55.296597800479979, 25.235595610459139 ], [ 55.2966235, 25.2355184 ], [ 55.296605630372895, 25.235473060871652 ], [ 55.29668721355489, 25.235427736746512 ], [ 55.29669562926135, 25.235160140328233 ], [ 55.296776687027666, 25.235160140332255 ], [ 55.296785460789671, 25.235113635371945 ], [ 55.296785460789671, 25.235023803843529 ], [ 55.296695629261258, 25.235023803843532 ], [ 55.296686855466845, 25.23514758391638 ], [ 55.296515966204439, 25.234933972315122 ], [ 55.296334469944604, 25.234988604718659 ], [ 55.296336303147982, 25.234855873295526 ], [ 55.296429968454774, 25.234814549982477 ], [ 55.29650701330867, 25.234891594808712 ], [ 55.296641760653117, 25.234891594819615 ], [ 55.296650713497307, 25.234717161205126 ], [ 55.29750142728156, 25.234229556320404 ], [ 55.297591258824298, 25.234094809030367 ], [ 55.297593944545383, 25.234035657031001 ], [ 55.296830376553871, 25.233855993974178 ], [ 55.296756956161602, 25.23386403394289 ], [ 55.296785460789671, 25.233676330917351 ], [ 55.296695629261258, 25.233676330917351 ], [ 55.296560881968638, 25.233766162445765 ], [ 55.296580282141591, 25.2339138661787 ], [ 55.296246075424527, 25.234008130994727 ], [ 55.296166587855559, 25.233990741269494 ], [ 55.2961845, 25.2338958 ], [ 55.2961063, 25.2337675 ], [ 55.2954629, 25.2340881 ], [ 55.295444098214148, 25.234187753281716 ], [ 55.295468306209429, 25.234227501463998 ], [ 55.295385020427169, 25.234250991995133 ], [ 55.295467692326426, 25.233826744244922 ], [ 55.295716969554192, 25.233714657604956 ], [ 55.2959587, 25.2324334 ], [ 55.295897752754321, 25.232322482332503 ], [ 55.29598919901084, 25.232452453410634 ], [ 55.296043899052513, 25.232464653419672 ], [ 55.296395799369321, 25.23230605348277 ], [ 55.2964146, 25.2322064 ], [ 55.2962035, 25.2318757 ], [ 55.295845880236023, 25.231987457943891 ], [ 55.2958133, 25.2318788 ], [ 55.2957681, 25.2319004 ], [ 55.295768595537119, 25.232087428883233 ], [ 55.2956218, 25.2319075 ], [ 55.2951066, 25.2315843 ], [ 55.2950055, 25.2315928 ], [ 55.2948807, 25.231649 ], [ 55.2948118, 25.2317164 ], [ 55.294735009990873, 25.232123400324223 ], [ 55.294719, 25.2320973 ], [ 55.2944612, 25.2322266 ], [ 55.294455469805648, 25.232256970484503 ], [ 55.294479269809074, 25.232295870485487 ], [ 55.294723498637097, 25.232184412210124 ], [ 55.294262653105939, 25.232429448631709 ], [ 55.2941792, 25.2322606 ], [ 55.294078891460174, 25.232306675183732 ], [ 55.2940559, 25.2322212 ], [ 55.294016241761241, 25.23227800846179 ] ], [ [ 55.296156427449652, 25.234000074450549 ], [ 55.296155662891678, 25.234033632181927 ], [ 55.296002327163315, 25.23407688093415 ], [ 55.296156427449652, 25.234000074450549 ] ], [ [ 55.295969225108259, 25.235017820128753 ], [ 55.296074180335047, 25.234971516310001 ], [ 55.296057855476256, 25.235071257827411 ], [ 55.296127836990898, 25.235071257869702 ], [ 55.295970514700564, 25.235147887468177 ], [ 55.295969225108259, 25.235017820128753 ] ], [ [ 55.29574087814607, 25.235280485522939 ], [ 55.2957131, 25.2352094 ], [ 55.295680767057569, 25.235242915333302 ], [ 55.295617650920313, 25.235203466900359 ], [ 55.295548423570004, 25.235203466905187 ], [ 55.295837111473851, 25.235076105448822 ], [ 55.295833097500818, 25.235117122652287 ], [ 55.29587801327817, 25.235162038419741 ], [ 55.295949288260154, 25.235162038430111 ], [ 55.295887145505546, 25.235203466900359 ], [ 55.295878729519217, 25.235292989393674 ], [ 55.295927807731147, 25.235378876422637 ], [ 55.295842229741339, 25.235293298428768 ], [ 55.295788757768321, 25.235310410858496 ], [ 55.29574087814607, 25.235280485522939 ] ], [ [ 55.295931474847379, 25.235399610562421 ], [ 55.295931954409603, 25.235386133117359 ], [ 55.295944200879497, 25.235407564456185 ], [ 55.295931474847379, 25.235399610562421 ] ], [ [ 55.293869217852681, 25.235002650966042 ], [ 55.293867091013986, 25.235001842665945 ], [ 55.29387107108586, 25.23499720203537 ], [ 55.293869217852681, 25.235002650966042 ] ], [ [ 55.293775620606681, 25.235203946696359 ], [ 55.293772735466462, 25.235198752142306 ], [ 55.293777001546893, 25.235196628067758 ], [ 55.293775620606681, 25.235203946696359 ] ], [ [ 55.293716957273951, 25.235069973704775 ], [ 55.293712964080484, 25.235091136575111 ], [ 55.293704481769126, 25.235075864556389 ], [ 55.293716957273951, 25.235069973704775 ] ] ], [ [ [ 55.297537597421247, 25.246283453384418 ], [ 55.297420027797813, 25.246386472388693 ], [ 55.297520018544859, 25.246544274622657 ], [ 55.297476527798757, 25.246592572390199 ], [ 55.297522427805127, 25.246664572392003 ], [ 55.297548233993012, 25.246651139633542 ], [ 55.297534797328829, 25.246722353374768 ], [ 55.297617397368967, 25.246851953386084 ], [ 55.29799343077736, 25.246656210413018 ], [ 55.297986905036183, 25.246716778843261 ], [ 55.298076736608159, 25.24671677885242 ], [ 55.2981034, 25.2465091 ], [ 55.2980209, 25.2463794 ], [ 55.297649596285389, 25.246572719687393 ], [ 55.297612007576134, 25.246513602746695 ], [ 55.297673427850732, 25.246481772400415 ], [ 55.297615174545705, 25.24635292238338 ], [ 55.297654097505159, 25.24633335340317 ], [ 55.297671847118345, 25.246239280288002 ], [ 55.297693762569331, 25.246227378437403 ], [ 55.297677597528313, 25.24631305340759 ], [ 55.297788097581886, 25.246487053422726 ], [ 55.297941297722062, 25.246407453450423 ], [ 55.2979601, 25.2463078 ], [ 55.2978496, 25.2461338 ], [ 55.297743849558131, 25.246188746080961 ], [ 55.2977979, 25.2460314 ], [ 55.2977388, 25.2459422 ], [ 55.297620427460146, 25.245931714830348 ], [ 55.2976411, 25.24577 ], [ 55.2975902, 25.2456949 ], [ 55.2975075, 25.2456671 ], [ 55.2973633, 25.2457472 ], [ 55.297344497354864, 25.245846853360757 ], [ 55.297470397418536, 25.246032253378253 ], [ 55.297513378304693, 25.246008384951264 ], [ 55.297498497429949, 25.24608725338188 ], [ 55.297560982440281, 25.246181501642806 ], [ 55.297537597421247, 25.246283453384418 ] ] ], [ [ [ 55.298261056494979, 25.233082626312946 ], [ 55.298267681008468, 25.232957678690056 ], [ 55.298132933715856, 25.233002594454266 ], [ 55.298126309160764, 25.233127542068754 ], [ 55.298216140714743, 25.233127542074136 ], [ 55.298261056494979, 25.233082626312946 ] ] ], [ [ [ 55.297583738781363, 25.234314333543058 ], [ 55.297763580950516, 25.234442792382207 ], [ 55.297763580944498, 25.23449304753186 ], [ 55.297819097363195, 25.234482446911997 ], [ 55.297898149243643, 25.234538912390526 ], [ 55.298032896595359, 25.23453891240295 ], [ 55.29816764395207, 25.234493996651679 ], [ 55.298222765244262, 25.23426023585203 ], [ 55.297908354894815, 25.234170404323628 ], [ 55.297773607602203, 25.234170404323621 ], [ 55.297593944545383, 25.234215320087824 ], [ 55.297583738781363, 25.234314333543058 ] ] ], [ [ [ 55.298171761991313, 25.234202673154691 ], [ 55.298177849480055, 25.234125488559414 ], [ 55.298132933715856, 25.234080572795197 ], [ 55.297998186423229, 25.234080572795207 ], [ 55.297992098890482, 25.234157757380899 ], [ 55.298037014663443, 25.23420267314728 ], [ 55.298171761991313, 25.234202673154691 ] ] ], [ [ [ 55.298080319310344, 25.2309772799026 ], [ 55.298125235089408, 25.230977279905719 ], [ 55.298170150872245, 25.23093236414503 ], [ 55.298177849480055, 25.230846637772373 ], [ 55.298132933715856, 25.23084663777237 ], [ 55.298088017951642, 25.23089155353658 ], [ 55.298080319310344, 25.2309772799026 ] ] ], [ [ [ 55.298081214141106, 25.235823436981367 ], [ 55.298088017951642, 25.235697540306617 ], [ 55.297953270659029, 25.235697540306617 ], [ 55.297683776073789, 25.235787371835034 ], [ 55.29767697214173, 25.235868352720395 ], [ 55.29781171946707, 25.23595818425639 ], [ 55.297946466799083, 25.235958184264682 ], [ 55.298036298357097, 25.235913268506344 ], [ 55.298081214141106, 25.235823436981367 ] ] ], [ [ [ 55.29781816016655, 25.247570500645406 ], [ 55.2978375, 25.247468 ], [ 55.2978213, 25.2474437 ], [ 55.2977686, 25.2474725 ], [ 55.297749260108311, 25.247575000633265 ], [ 55.297765560116737, 25.247599300635585 ], [ 55.29781816016655, 25.247570500645406 ] ] ], [ [ [ 55.297735397318888, 25.247560053391332 ], [ 55.297784, 25.2474041 ], [ 55.2977579, 25.2473613 ], [ 55.297723347085977, 25.247413340147645 ], [ 55.297687, 25.2473579 ], [ 55.297308, 25.2475613 ], [ 55.297289196937498, 25.247660953313407 ], [ 55.297356396970763, 25.24776345332268 ], [ 55.297735397318888, 25.247560053391332 ] ] ], [ [ [ 55.297123975030395, 25.244576956454125 ], [ 55.297128133179513, 25.244724041776816 ], [ 55.297295269422456, 25.244724041834488 ], [ 55.297330527873022, 25.244752772394108 ], [ 55.297780027987784, 25.244565872417034 ], [ 55.297741, 25.244435 ], [ 55.297682347760805, 25.244463684559655 ], [ 55.297683776073789, 25.244321367034171 ], [ 55.297639068645353, 25.244321367034203 ], [ 55.2976218, 25.244245 ], [ 55.297598174436743, 25.244256923239334 ], [ 55.297438973327289, 25.244026872588766 ], [ 55.2974331, 25.2439262 ], [ 55.297299, 25.2439263 ], [ 55.2971874, 25.2439819 ], [ 55.297168597575322, 25.244081553367778 ], [ 55.297201355826822, 25.244135264139171 ], [ 55.297061240036889, 25.244240962509647 ], [ 55.297010039610697, 25.244231535505754 ], [ 55.296995713787666, 25.244442209145216 ], [ 55.297040629558445, 25.244576956441506 ], [ 55.297123975030395, 25.244576956454125 ] ] ], [ [ [ 55.297783937412447, 25.243370163232598 ], [ 55.2977911, 25.2433322 ], [ 55.2977554, 25.243267 ], [ 55.297716237395498, 25.243320463228613 ], [ 55.297750937401204, 25.243384063230351 ], [ 55.297783937412447, 25.243370163232598 ] ] ], [ [ [ 55.291186958916938, 25.252675699191716 ], [ 55.291126074499715, 25.252675699176475 ], [ 55.29111872998309, 25.252849358262587 ], [ 55.291208561532635, 25.252939189796233 ], [ 55.291298393089413, 25.252939189802198 ], [ 55.291305737556542, 25.252765530704892 ], [ 55.29126385810099, 25.25268177179812 ], [ 55.291299113660394, 25.252660506562197 ], [ 55.291432961303265, 25.252805391588275 ], [ 55.291565698516024, 25.252850307361431 ], [ 55.29164784824345, 25.252975913537544 ], [ 55.291795215669893, 25.252897121320512 ], [ 55.291926676604945, 25.252897121288399 ], [ 55.291951730332734, 25.252872067592939 ], [ 55.291911001770877, 25.253087857972648 ], [ 55.292031002157813, 25.253273258081286 ], [ 55.292116521868905, 25.253228014375285 ], [ 55.292094228621295, 25.253346130240235 ], [ 55.292309529330431, 25.25368963044204 ], [ 55.29241824234591, 25.253673976289388 ], [ 55.292426613216215, 25.253629624627667 ], [ 55.292509707162772, 25.253587038656047 ], [ 55.292597547238557, 25.25363095868331 ], [ 55.292687378808466, 25.253630958692042 ], [ 55.292732294598707, 25.253586042932739 ], [ 55.29273085926382, 25.253465908830876 ], [ 55.2928582, 25.2527912 ], [ 55.292743604906619, 25.252608369728815 ], [ 55.292975396502477, 25.252486282090494 ], [ 55.293009068938801, 25.252307867258217 ], [ 55.293083996928452, 25.252429882174713 ], [ 55.293451798365439, 25.252245282459338 ], [ 55.293486264176131, 25.252062659513186 ], [ 55.293540657310551, 25.252149339084376 ], [ 55.293503998459684, 25.252343582488571 ], [ 55.293641198754045, 25.252548982570126 ], [ 55.293816499445839, 25.252453182706475 ], [ 55.293834925071785, 25.252355550116924 ], [ 55.293912026630153, 25.25247417218192 ], [ 55.293967744596522, 25.252444564902937 ], [ 55.294134300322071, 25.252708382915177 ], [ 55.294348401161244, 25.252597883081108 ], [ 55.294368853960982, 25.252489506612964 ], [ 55.294418101438417, 25.252557383135528 ], [ 55.294567944935828, 25.252477374639124 ], [ 55.294562100908337, 25.252508341610291 ], [ 55.294741401090057, 25.2528009416625 ], [ 55.294860264398999, 25.252741331929315 ], [ 55.294826501184936, 25.252920241688152 ], [ 55.294914201275773, 25.253058941713881 ], [ 55.294941046608365, 25.253045051121685 ], [ 55.294931801290801, 25.253094041718725 ], [ 55.295049901414082, 25.253278641753472 ], [ 55.295113430423633, 25.253245389882736 ], [ 55.29509200145165, 25.253358941765207 ], [ 55.295247401612421, 25.25360514181078 ], [ 55.295332994154279, 25.253560934148119 ], [ 55.295310101687086, 25.253682241830155 ], [ 55.295460201834992, 25.253936841873426 ], [ 55.295536846383975, 25.253899898058574 ], [ 55.295513701889938, 25.254022541889075 ], [ 55.295670402052359, 25.254270141935052 ], [ 55.295747739803829, 25.254230097794309 ], [ 55.295719802090382, 25.254378141948202 ], [ 55.295861502235638, 25.254605741989625 ], [ 55.295949402377921, 25.254628442020618 ], [ 55.29603971256963, 25.254580136749826 ], [ 55.296004415912101, 25.254767178170926 ], [ 55.296307716237308, 25.255268078264827 ], [ 55.296861417389479, 25.254993778493048 ], [ 55.296893067128998, 25.254826056578374 ], [ 55.296960303996478, 25.254930242375291 ], [ 55.297080804233275, 25.254866642422027 ], [ 55.297105460408929, 25.254735980180712 ], [ 55.297159404388076, 25.254824342452554 ], [ 55.297287804638735, 25.25476034250218 ], [ 55.29731363751192, 25.254623443065928 ], [ 55.297370904802044, 25.254716442534413 ], [ 55.297562505176458, 25.254620042608504 ], [ 55.2976028, 25.2544065 ], [ 55.2974709, 25.2541922 ], [ 55.297381753797175, 25.254237098843493 ], [ 55.2974127, 25.2540731 ], [ 55.2973345, 25.2539535 ], [ 55.2972467, 25.2539087 ], [ 55.2967011, 25.2541973 ], [ 55.296667572013988, 25.254374975035422 ], [ 55.2965983, 25.2542606 ], [ 55.296453789336468, 25.254333734426609 ], [ 55.296512, 25.2540762 ], [ 55.2963638, 25.2538328 ], [ 55.29627241549921, 25.253883957920056 ], [ 55.2962986, 25.2537452 ], [ 55.296152, 25.253501 ], [ 55.296080416291993, 25.253536138062824 ], [ 55.2961002, 25.2534313 ], [ 55.29595, 25.2531767 ], [ 55.295871785308684, 25.253214415646262 ], [ 55.295899, 25.2530702 ], [ 55.2957482, 25.2528235 ], [ 55.295667291786231, 25.25286398559534 ], [ 55.2956885, 25.2527516 ], [ 55.295658981371098, 25.252705613402629 ], [ 55.295771123336607, 25.252648569467336 ], [ 55.295902727067514, 25.252856872276343 ], [ 55.296114673577115, 25.252747315903534 ], [ 55.296156267041319, 25.252816644633981 ], [ 55.2959631, 25.2529139 ], [ 55.295925489465176, 25.253113205940441 ], [ 55.296110489640668, 25.253414005990745 ], [ 55.296340490060125, 25.253298306073777 ], [ 55.296367921143165, 25.253152940816815 ], [ 55.296439103823865, 25.253271742259813 ], [ 55.296658404251133, 25.253164242344507 ], [ 55.2966987, 25.2529507 ], [ 55.2965251, 25.2526608 ], [ 55.296395946160523, 25.252724081913506 ], [ 55.2964314, 25.2525362 ], [ 55.2962479, 25.2522304 ], [ 55.29613801921267, 25.252218517509988 ], [ 55.2961678, 25.2520607 ], [ 55.2960512, 25.2518733 ], [ 55.295955792016443, 25.251921841151322 ], [ 55.2959852, 25.251766 ], [ 55.2958626, 25.2515689 ], [ 55.295765264569994, 25.251618434689362 ], [ 55.2957962, 25.2514545 ], [ 55.295671, 25.2512589 ], [ 55.2951197, 25.2515474 ], [ 55.295082088663229, 25.251746705710875 ], [ 55.295207188785085, 25.251942305745228 ], [ 55.295298651165282, 25.251894451745187 ], [ 55.295269619348247, 25.252048294546668 ], [ 55.2952315, 25.2519854 ], [ 55.2951346, 25.2519623 ], [ 55.295014481227376, 25.252021706621694 ], [ 55.2950671, 25.2517508 ], [ 55.2948268, 25.2513782 ], [ 55.2947314, 25.2513713 ], [ 55.294647639253689, 25.25141158446954 ], [ 55.2946954, 25.2511585 ], [ 55.2946082, 25.2510068 ], [ 55.294523476571619, 25.251048803234529 ], [ 55.2945542, 25.250886 ], [ 55.2944538, 25.2507379 ], [ 55.2943658, 25.2507116 ], [ 55.2939118, 25.2509434 ], [ 55.293878903602398, 25.251117712647684 ], [ 55.2937931, 25.2509814 ], [ 55.293596, 25.2510829 ], [ 55.29356567752167, 25.251243571373198 ], [ 55.2935295, 25.2511859 ], [ 55.2933443, 25.2512809 ], [ 55.29331588000499, 25.251431488569523 ], [ 55.2932351, 25.2512986 ], [ 55.2930784, 25.2513766 ], [ 55.293046373422897, 25.251546296478729 ], [ 55.2929903, 25.2514525 ], [ 55.2928604, 25.251516 ], [ 55.292826711571642, 25.251694499955782 ], [ 55.2927568, 25.2515833 ], [ 55.292422, 25.2517596 ], [ 55.292341394569917, 25.25218668165525 ], [ 55.292381739937639, 25.252249345582307 ], [ 55.292122108750377, 25.252386703620065 ], [ 55.2921645, 25.2521621 ], [ 55.2920231, 25.2519459 ], [ 55.2916193, 25.2521618 ], [ 55.291556215320448, 25.252496036125262 ], [ 55.291454925666116, 25.252526192458355 ], [ 55.291591601576272, 25.251802055010238 ], [ 55.291719096217456, 25.251976840598072 ], [ 55.292033796845381, 25.251789040721214 ], [ 55.29205817074817, 25.251659899056513 ], [ 55.292138297036715, 25.251765640760354 ], [ 55.292458497663539, 25.251601940884409 ], [ 55.2924988, 25.2513884 ], [ 55.2920534, 25.2506756 ], [ 55.2917004, 25.250856 ], [ 55.29166009651513, 25.25106954061728 ], [ 55.291753023086898, 25.25121828755783 ], [ 55.2915138, 25.2514266 ], [ 55.291499930010914, 25.25150008661209 ], [ 55.2913672, 25.2513201 ], [ 55.2911346, 25.2514604 ], [ 55.290962632003591, 25.25237150546883 ], [ 55.291186958916938, 25.252675699191716 ] ], [ [ 55.297250083726531, 25.254352040348078 ], [ 55.297269284858736, 25.254341774674057 ], [ 55.297253613812778, 25.254424822384212 ], [ 55.297219239270092, 25.254368530988149 ], [ 55.297250083726531, 25.254352040348078 ] ], [ [ 55.297009736854982, 25.254480538789633 ], [ 55.297043204662231, 25.254462645686949 ], [ 55.297033020167241, 25.254516617166846 ], [ 55.297009736854982, 25.254480538789633 ] ], [ [ 55.296799563145356, 25.254592904969567 ], [ 55.29684746959537, 25.254567292559958 ], [ 55.296832404259291, 25.254647128645761 ], [ 55.296799563145356, 25.254592904969567 ] ], [ [ 55.296300837477773, 25.252794067983075 ], [ 55.296274953646787, 25.252931234051118 ], [ 55.296216179949383, 25.25283563931464 ], [ 55.296300837477773, 25.252794067983075 ] ], [ [ 55.296176398384453, 25.254338272032061 ], [ 55.296245447167472, 25.254439172494145 ], [ 55.296141421684318, 25.254491817658366 ], [ 55.296171694277952, 25.254331397950065 ], [ 55.296176398384453, 25.254338272032061 ] ], [ [ 55.296025128909292, 25.254073153717531 ], [ 55.296101179698248, 25.254035837968484 ], [ 55.296077944763226, 25.254158963969079 ], [ 55.296025128909292, 25.254073153717531 ] ], [ [ 55.295929654830196, 25.254079235125076 ], [ 55.295947573690199, 25.253984280510757 ], [ 55.29598716767071, 25.254050279365572 ], [ 55.295929654830196, 25.254079235125076 ] ], [ [ 55.295844394567325, 25.253748720639759 ], [ 55.295880017564322, 25.253731549816646 ], [ 55.295869335628979, 25.253788154936885 ], [ 55.295844394567325, 25.253748720639759 ] ], [ [ 55.295734488114981, 25.253715583796666 ], [ 55.295743854617413, 25.253665949608138 ], [ 55.295764085344011, 25.253700264964095 ], [ 55.295734488114981, 25.253715583796666 ] ], [ [ 55.295666433232171, 25.253447669385313 ], [ 55.295635608382248, 25.253395418959776 ], [ 55.295680537684504, 25.253372928233691 ], [ 55.295666433232171, 25.253447669385313 ] ], [ [ 55.295570555921834, 25.253362539600012 ], [ 55.295521282755708, 25.25338629943834 ], [ 55.295536326768612, 25.253306579903565 ], [ 55.295570555921834, 25.253362539600012 ] ], [ [ 55.295470597844755, 25.25305839333717 ], [ 55.295458756366742, 25.253121142360154 ], [ 55.295431968782495, 25.253078675473585 ], [ 55.295470597844755, 25.25305839333717 ] ], [ [ 55.2952241, 25.2527059 ], [ 55.2951364, 25.2525672 ], [ 55.295015029438616, 25.252630001265505 ], [ 55.295037028331137, 25.252513428831413 ], [ 55.295080301772622, 25.252584241795681 ], [ 55.295198164648873, 25.252525288317628 ], [ 55.295251626931218, 25.252616672246148 ], [ 55.295426916564587, 25.25253287014803 ], [ 55.295447624453381, 25.252629811978188 ], [ 55.2953239, 25.2526948 ], [ 55.29529007377198, 25.252874047473753 ], [ 55.295214624085027, 25.252756113348607 ], [ 55.2952241, 25.2527059 ] ], [ [ 55.295325051689069, 25.252972970003711 ], [ 55.295360182736268, 25.253027746074022 ], [ 55.295309806536736, 25.253053754930313 ], [ 55.295325051689069, 25.252972970003711 ] ] ], [ [ [ 55.297243927688363, 25.247558172373143 ], [ 55.297675727801298, 25.247333072395445 ], [ 55.2975702, 25.2471306 ], [ 55.2971384, 25.2473557 ], [ 55.297243927688363, 25.247558172373143 ] ] ], [ [ [ 55.297773607602203, 25.235562793014008 ], [ 55.297683776073789, 25.235562793014005 ], [ 55.297679120761494, 25.235677300678947 ], [ 55.297768952307877, 25.235677300682724 ], [ 55.297773607602203, 25.235562793014008 ] ] ], [ [ [ 55.297720813480396, 25.237446098949761 ], [ 55.297728691837996, 25.237314507818038 ], [ 55.297683776073789, 25.237314507818038 ], [ 55.297675897700984, 25.23744609894657 ], [ 55.297720813480396, 25.237446098949761 ] ] ], [ [ [ 55.29775414324574, 25.230111808753371 ], [ 55.297808443264593, 25.230111208757325 ], [ 55.2978158, 25.2300199 ], [ 55.2977615, 25.2300205 ], [ 55.29775414324574, 25.230111808753371 ] ] ], [ [ [ 55.297715621897574, 25.230646426264109 ], [ 55.297760537687005, 25.230646426269416 ], [ 55.297773607602203, 25.230532227422938 ], [ 55.297728691837996, 25.23053222742293 ], [ 55.297715621897574, 25.230646426264109 ] ] ], [ [ [ 55.297323627780933, 25.246294672384558 ], [ 55.297404727798366, 25.246316672388364 ], [ 55.29754102783393, 25.246247172395396 ], [ 55.2974292, 25.2460305 ], [ 55.2972952, 25.2460988 ], [ 55.297272027773879, 25.246211872382538 ], [ 55.297323627780933, 25.246294672384558 ] ] ], [ [ [ 55.297318227590338, 25.249520572365014 ], [ 55.297485327633794, 25.249437772373625 ], [ 55.2974907, 25.2494093 ], [ 55.297372, 25.2492134 ], [ 55.2972049, 25.2492963 ], [ 55.297199527574413, 25.249324772360421 ], [ 55.297318227590338, 25.249520572365014 ] ] ], [ [ [ 55.297646823647, 25.237414427044385 ], [ 55.2976243, 25.2373474 ], [ 55.297499323617927, 25.237428827038347 ], [ 55.297525023620722, 25.23747282703917 ], [ 55.297646823647, 25.237414427044385 ] ] ], [ [ [ 55.297536852162807, 25.24407149414391 ], [ 55.29754902878117, 25.243962040920518 ], [ 55.297504113016963, 25.243962040920518 ], [ 55.297491936375096, 25.244071494138971 ], [ 55.297536852162807, 25.24407149414391 ] ] ], [ [ [ 55.297683776073789, 25.229993238252465 ], [ 55.29754902878117, 25.229993238252462 ], [ 55.297536316898224, 25.230105538914167 ], [ 55.297671064245733, 25.230240286220361 ], [ 55.297715980034475, 25.230240286225516 ], [ 55.297728691837996, 25.230083069780875 ], [ 55.297683776073789, 25.229993238252465 ] ] ], [ [ [ 55.297397092770503, 25.233947105853783 ], [ 55.297638860309583, 25.233272089039502 ], [ 55.297638860309583, 25.233227173275292 ], [ 55.29754902878117, 25.233137341746879 ], [ 55.297459197252756, 25.233137341746879 ], [ 55.2972446, 25.2332741 ], [ 55.297235181993493, 25.233324021795905 ], [ 55.296830376553871, 25.233676330917355 ], [ 55.29681318743831, 25.233767442709709 ], [ 55.296813187429876, 25.233812358473052 ], [ 55.296858103218831, 25.23385727424338 ], [ 55.297397092770503, 25.233947105853783 ] ] ], [ [ [ 55.297267672231555, 25.247036996596037 ], [ 55.297372997141146, 25.246999353341483 ], [ 55.2974297, 25.2468472 ], [ 55.2973065, 25.2466597 ], [ 55.29707590000001, 25.2467937 ], [ 55.297057096907601, 25.246893353290016 ], [ 55.297208296980031, 25.247135653310636 ], [ 55.297253397021208, 25.247112653318794 ], [ 55.297267672231555, 25.247036996596037 ] ] ], [ [ [ 55.297446305748224, 25.233879412125962 ], [ 55.297446305735569, 25.233969243653085 ], [ 55.297536137313742, 25.233969243663548 ], [ 55.297581053109155, 25.233924327905218 ], [ 55.297593944545383, 25.233811078209968 ], [ 55.297459197252756, 25.233811078209971 ], [ 55.297446305748224, 25.233879412125962 ] ] ], [ [ [ 55.297171527759978, 25.246053272378621 ], [ 55.297267227781028, 25.246071272383151 ], [ 55.297389227813042, 25.246005572389471 ], [ 55.2972733, 25.2457926 ], [ 55.2971503, 25.2458588 ], [ 55.29711872775249, 25.245973072376533 ], [ 55.297171527759978, 25.246053272378621 ] ] ], [ [ [ 55.297504113016963, 25.237359423582244 ], [ 55.297459197252756, 25.237359423582248 ], [ 55.297449528246489, 25.237455589745036 ], [ 55.297494444029354, 25.237455589748951 ], [ 55.297504113016963, 25.237359423582244 ] ] ], [ [ [ 55.297504113016963, 25.235787371835031 ], [ 55.297459197252756, 25.235787371835034 ], [ 55.297456332412182, 25.235847472907679 ], [ 55.297501248181916, 25.235847472908841 ], [ 55.297504113016963, 25.235787371835031 ] ] ], [ [ [ 55.297504113016963, 25.23452973043727 ], [ 55.297459197252756, 25.234529730437266 ], [ 55.297450602846595, 25.234620202138441 ], [ 55.297495518627386, 25.234620202141926 ], [ 55.297504113016963, 25.23452973043727 ] ] ], [ [ [ 55.297414281488557, 25.230083069780875 ], [ 55.297414281488557, 25.229993238252465 ], [ 55.29709987113911, 25.229993238252465 ], [ 55.297088412320015, 25.230098895286336 ], [ 55.297179152352392, 25.230188726823268 ], [ 55.297010039610697, 25.230442395894524 ], [ 55.296998043548115, 25.230595815923245 ], [ 55.297042959329595, 25.230640731691715 ], [ 55.297492117203127, 25.230640731740394 ], [ 55.29754902878117, 25.230487311658731 ], [ 55.29754902878117, 25.230262732837698 ], [ 55.297504113016963, 25.230127985545074 ], [ 55.297405808256443, 25.23012798557216 ], [ 55.297414281488557, 25.230083069780875 ] ] ], [ [ [ 55.297257127903706, 25.243941172395399 ], [ 55.297260809703801, 25.243909885596466 ], [ 55.29734049775854, 25.243865853401498 ], [ 55.2973593, 25.2437662 ], [ 55.2973077, 25.2436909 ], [ 55.297134, 25.2437897 ], [ 55.297115197571642, 25.243889353362729 ], [ 55.297170627881236, 25.243983672390936 ], [ 55.297257127903706, 25.243941172395399 ] ] ], [ [ [ 55.296586, 25.2464903 ], [ 55.296515966204439, 25.246522239480264 ], [ 55.296509161132931, 25.246603220212556 ], [ 55.296554076910276, 25.24660322021532 ], [ 55.296557354439798, 25.246564217372228 ], [ 55.296587627592302, 25.246612772346925 ], [ 55.296574196560314, 25.24668395321234 ], [ 55.296647096595152, 25.246801153222279 ], [ 55.296815817728579, 25.246805800535359 ], [ 55.296853927639049, 25.246864172358343 ], [ 55.297014727679034, 25.246815372366449 ], [ 55.297054496927821, 25.246784653291854 ], [ 55.297069401490774, 25.246705661494797 ], [ 55.297096527701676, 25.246751572370801 ], [ 55.297184227724834, 25.246702172375354 ], [ 55.297220251782967, 25.246572177641774 ], [ 55.297269326926958, 25.246576337003081 ], [ 55.297279534195937, 25.246432407951843 ], [ 55.297189702667524, 25.246432407951851 ], [ 55.297183215919041, 25.246495330985049 ], [ 55.297127575267034, 25.246478258839986 ], [ 55.2971457, 25.2463822 ], [ 55.2971103, 25.2463246 ], [ 55.297009752278157, 25.246375112588559 ], [ 55.2968941, 25.2461778 ], [ 55.296798897730426, 25.246227354392847 ], [ 55.296823965590988, 25.246119111397778 ], [ 55.29689479692702, 25.246160253277779 ], [ 55.29692979695897, 25.246142453284094 ], [ 55.2969486, 25.2460428 ], [ 55.2968314, 25.2458507 ], [ 55.2966921, 25.2459226 ], [ 55.29668283834512, 25.24597168490261 ], [ 55.296458, 25.2460789 ], [ 55.296447368454828, 25.246135244353304 ], [ 55.296405, 25.2460637 ], [ 55.2962986, 25.246118 ], [ 55.296279796418169, 25.246217653172071 ], [ 55.296368996460856, 25.246360753184231 ], [ 55.296443396528808, 25.246322753197671 ], [ 55.296450107813293, 25.246287185268017 ], [ 55.296497027586405, 25.246356772344047 ], [ 55.296532856301866, 25.246337048091934 ], [ 55.296566599709784, 25.246368777003337 ], [ 55.296586, 25.2464903 ] ], [ [ 55.296782278981908, 25.246435555379204 ], [ 55.296768085933316, 25.246495094533632 ], [ 55.296667074654465, 25.246546559351511 ], [ 55.296645968111307, 25.246512709237756 ], [ 55.296701727623834, 25.246524472352984 ], [ 55.296760127639082, 25.246494372356011 ], [ 55.296782278981908, 25.246435555379204 ] ], [ [ 55.296718952990908, 25.246287594479416 ], [ 55.296758991328538, 25.246264895247979 ], [ 55.296747203288305, 25.246327369423753 ], [ 55.296718952990908, 25.246287594479416 ] ], [ [ 55.296467812495628, 25.246226978323865 ], [ 55.296460734478885, 25.246230866863652 ], [ 55.296460871956313, 25.246215233248911 ], [ 55.296467812495628, 25.246226978323865 ] ] ], [ [ [ 55.297414281488557, 25.235787371835034 ], [ 55.297369365724343, 25.235787371835031 ], [ 55.297366321819453, 25.235848421986983 ], [ 55.297411237589543, 25.235848421988219 ], [ 55.297414281488557, 25.235787371835034 ] ] ], [ [ [ 55.297406224185821, 25.234976680999573 ], [ 55.297414281488557, 25.234844140786709 ], [ 55.297324449960136, 25.234844140786706 ], [ 55.297316392626307, 25.234976680993029 ], [ 55.297406224185821, 25.234976680999573 ] ] ], [ [ [ 55.297369365724343, 25.234439898908853 ], [ 55.297324449960136, 25.234439898908857 ], [ 55.297316392665827, 25.234527523355005 ], [ 55.297361308445588, 25.234527523358278 ], [ 55.297369365724343, 25.234439898908853 ] ] ], [ [ [ 55.297203323631983, 25.235976727033602 ], [ 55.297253323640753, 25.235993927035544 ], [ 55.297324523657913, 25.23592302703878 ], [ 55.2972964, 25.235857 ], [ 55.2972124, 25.2358503 ], [ 55.2971863, 25.2358825 ], [ 55.297203323631983, 25.235976727033602 ] ] ], [ [ [ 55.296615298304047, 25.24786240293917 ], [ 55.2965976, 25.247833 ], [ 55.2965356, 25.2478635 ], [ 55.296495306208648, 25.248077042513156 ], [ 55.296526606239972, 25.248129042522233 ], [ 55.296588606360785, 25.248098542546177 ], [ 55.296612015011647, 25.247974484788486 ], [ 55.296646227522551, 25.248031372341291 ], [ 55.296689560085547, 25.24801007723638 ], [ 55.296707406592446, 25.248039742592074 ], [ 55.296786613479554, 25.248000806940794 ], [ 55.296849906810031, 25.248106142640989 ], [ 55.29705880721707, 25.248003442721657 ], [ 55.2970991, 25.2477899 ], [ 55.2970308, 25.2476258 ], [ 55.296995839175665, 25.247642979605359 ], [ 55.2970081, 25.247578 ], [ 55.2969036, 25.2473967 ], [ 55.2968657, 25.2474146 ], [ 55.296857100250328, 25.247460176536389 ], [ 55.296845, 25.2474394 ], [ 55.2966372, 25.2475386 ], [ 55.296701027552281, 25.247740572345688 ], [ 55.296756527566657, 25.247714072348547 ], [ 55.296753803801124, 25.247671727859569 ], [ 55.296829660043613, 25.247635528046334 ], [ 55.29683969062414, 25.247652946014679 ], [ 55.296826590252564, 25.247722374447672 ], [ 55.296615298304047, 25.24786240293917 ] ] ], [ [ [ 55.297054955374911, 25.247016312886533 ], [ 55.297047613191189, 25.247100140884847 ], [ 55.297092528969571, 25.247100140887824 ], [ 55.29709987113911, 25.247016312886529 ], [ 55.297054955374911, 25.247016312886533 ] ] ], [ [ [ 55.297227599836916, 25.233300953603262 ], [ 55.2972464, 25.2332013 ], [ 55.2972331, 25.2331771 ], [ 55.297192299811343, 25.233286653597563 ], [ 55.297227599836916, 25.233300953603262 ] ] ], [ [ [ 55.2970655, 25.245658 ], [ 55.297016, 25.2455784 ], [ 55.2969505, 25.2456117 ], [ 55.296931697049068, 25.245711353293434 ], [ 55.296981297072797, 25.245790953300201 ], [ 55.297046697132501, 25.245757653312005 ], [ 55.2970655, 25.245658 ] ] ], [ [ [ 55.297162428241677, 25.237808972427437 ], [ 55.2971678, 25.2377805 ], [ 55.2971385, 25.2377537 ], [ 55.297116128231671, 25.237797472425253 ], [ 55.297145428236867, 25.237824172426517 ], [ 55.297162428241677, 25.237808972427437 ] ] ], [ [ [ 55.295195359382376, 25.244906073387764 ], [ 55.295150984074517, 25.245021642248506 ], [ 55.2951614, 25.2449678 ], [ 55.2951306, 25.2449624 ], [ 55.295077405003781, 25.245236242124115 ], [ 55.295107384955102, 25.24524156114974 ], [ 55.295072404870375, 25.245519542109594 ], [ 55.295190784487566, 25.245539650448755 ], [ 55.295248205117723, 25.245649242167815 ], [ 55.295307105215279, 25.245659342188812 ], [ 55.29534800872208, 25.245458497286826 ], [ 55.295393740129292, 25.245458497293988 ], [ 55.295374905379248, 25.245553642218248 ], [ 55.295428605453836, 25.245595442235935 ], [ 55.295598905768543, 25.24555054229997 ], [ 55.295643849752366, 25.245468092791999 ], [ 55.295725205967287, 25.245595942343932 ], [ 55.296210606920987, 25.245339142532224 ], [ 55.296226372495489, 25.245255589314098 ], [ 55.296255407015224, 25.245301342550228 ], [ 55.296303107108741, 25.245276542568714 ], [ 55.296331569065018, 25.245125701183657 ], [ 55.29636957878094, 25.245110745930958 ], [ 55.296369578770474, 25.245191540870895 ], [ 55.29650432613051, 25.24519154088507 ], [ 55.296515966204439, 25.244950187733057 ], [ 55.296471050440225, 25.244950187733057 ], [ 55.296428520319068, 25.244992717878581 ], [ 55.296439654231463, 25.244933710410457 ], [ 55.296512832394306, 25.244895245639121 ], [ 55.296598127694303, 25.244916472357563 ], [ 55.296688573012233, 25.244864589007022 ], [ 55.296795008068621, 25.245031242758824 ], [ 55.296989108473575, 25.2448749428365 ], [ 55.297018368013809, 25.244719868998505 ], [ 55.2970617, 25.2446706 ], [ 55.2968841, 25.2444541 ], [ 55.296856671055011, 25.244468432857026 ], [ 55.2968643, 25.244428 ], [ 55.2967411, 25.244263299999989 ], [ 55.2965687, 25.2443404 ], [ 55.296545776303702, 25.244461892350749 ], [ 55.296476623490975, 25.244354254011935 ], [ 55.296632908124664, 25.244266242734096 ], [ 55.2966732, 25.2440527 ], [ 55.2966526, 25.2440219 ], [ 55.296593100417262, 25.244063997563757 ], [ 55.296441079791293, 25.244010549632414 ], [ 55.296483233510756, 25.243856080416833 ], [ 55.2965245, 25.243809 ], [ 55.29644642558813, 25.243686885485243 ], [ 55.296471050440225, 25.243602714806872 ], [ 55.296329017821186, 25.243618442704165 ], [ 55.2963488, 25.2435136 ], [ 55.2963276, 25.2434805 ], [ 55.296289076043138, 25.243500662620125 ], [ 55.296239042164174, 25.243422594760244 ], [ 55.2962504, 25.2433624 ], [ 55.2960394, 25.2430333 ], [ 55.2957811, 25.2431682 ], [ 55.295755106501822, 25.243305958794945 ], [ 55.2957425, 25.2432863 ], [ 55.2956193, 25.2433509 ], [ 55.29561392755727, 25.243379372318962 ], [ 55.295711049729697, 25.243530826099725 ], [ 55.295665627557419, 25.243580272320273 ], [ 55.295785106848392, 25.243830342444902 ], [ 55.295870307002453, 25.24381554247659 ], [ 55.295970230283928, 25.243754000829082 ], [ 55.295958007140015, 25.243848042507075 ], [ 55.295988207171568, 25.24389514251596 ], [ 55.296041125331342, 25.243867400163602 ], [ 55.29602560721235, 25.243949642527145 ], [ 55.2960634925387, 25.244008895130555 ], [ 55.296042407166155, 25.244120642525594 ], [ 55.296071541644281, 25.244218888390499 ], [ 55.295976977033966, 25.244231535505754 ], [ 55.295970530136245, 25.244310618066876 ], [ 55.296045758254543, 25.244355533841254 ], [ 55.296034907024442, 25.244413042509748 ], [ 55.296115829955738, 25.24453788082862 ], [ 55.2959891, 25.2446072 ], [ 55.295973506900793, 25.244689838867647 ], [ 55.2959442, 25.2446438 ], [ 55.295840653987064, 25.244715391872102 ], [ 55.295842229741339, 25.244680693147817 ], [ 55.29566256668452, 25.244680693147814 ], [ 55.295658612060258, 25.244800836546599 ], [ 55.295607, 25.244829 ], [ 55.295621492748566, 25.244887304600159 ], [ 55.2955074, 25.2449768 ], [ 55.295414341174627, 25.245354429616206 ], [ 55.295369202787988, 25.245354429615812 ], [ 55.2954612, 25.2449027 ], [ 55.29534726111266, 25.244893166260567 ], [ 55.295348156335073, 25.24486035620464 ], [ 55.295242465520062, 25.244869012702932 ], [ 55.29525400903438, 25.244807047534323 ], [ 55.295370605695702, 25.244818042249662 ], [ 55.295404882389128, 25.244636390771387 ], [ 55.295468005856321, 25.244836342284319 ], [ 55.295607706124713, 25.244776242337895 ], [ 55.29563557213514, 25.244628563090419 ], [ 55.295736806431073, 25.244588242393334 ], [ 55.295750910723598, 25.244513494477665 ], [ 55.295881706665305, 25.244626142444407 ], [ 55.295936006772202, 25.244596942465488 ], [ 55.2959763, 25.2443834 ], [ 55.29579731397714, 25.244096788213138 ], [ 55.295713282749993, 25.24409678821479 ], [ 55.2957233, 25.2440437 ], [ 55.2956952, 25.2440041 ], [ 55.2956224, 25.2440464 ], [ 55.295598813529594, 25.244171400079036 ], [ 55.295522626901423, 25.244212841755733 ], [ 55.2955379, 25.2441319 ], [ 55.295491085497098, 25.244076772029828 ], [ 55.295548806344215, 25.244046042349176 ], [ 55.2955891, 25.2438325 ], [ 55.2955618, 25.2437906 ], [ 55.295436207504068, 25.24385736441603 ], [ 55.2954519, 25.2437742 ], [ 55.295410896610271, 25.243710378098086 ], [ 55.295452, 25.2436629 ], [ 55.2953913, 25.2435696 ], [ 55.295334327478258, 25.24362557230392 ], [ 55.295388935897982, 25.243709647640632 ], [ 55.2952987, 25.2437571 ], [ 55.295288798154466, 25.243809575780226 ], [ 55.295267230905068, 25.243816937797945 ], [ 55.2952879, 25.2437074 ], [ 55.2951726, 25.2435803 ], [ 55.2950197, 25.2436463 ], [ 55.29498024386919, 25.243728557371625 ], [ 55.2949344, 25.243654 ], [ 55.294854, 25.2437001 ], [ 55.294797, 25.2437777 ], [ 55.294724827308343, 25.244122672271342 ], [ 55.294770027318371, 25.244129672273505 ], [ 55.294824848512604, 25.244096002578694 ], [ 55.294831005023234, 25.244223042079803 ], [ 55.294899264387986, 25.244248311543021 ], [ 55.294910827338668, 25.244337772279099 ], [ 55.295082905403149, 25.24435094216582 ], [ 55.295147041477215, 25.244320121719518 ], [ 55.2951141, 25.2443363 ], [ 55.295071205277686, 25.244589842150841 ], [ 55.295140205393437, 25.244598342175593 ], [ 55.295204365159442, 25.244563805737236 ], [ 55.29519140734682, 25.24463247599094 ], [ 55.2951302, 25.2446236 ], [ 55.295115527364402, 25.244704372286854 ], [ 55.295178853453592, 25.244713555527994 ], [ 55.295146805272459, 25.244899042164516 ], [ 55.295195359382376, 25.244906073387764 ] ], [ [ 55.295703120218704, 25.244150646317451 ], [ 55.295704050730841, 25.244145714908854 ], [ 55.29570372775914, 25.244150319578747 ], [ 55.295703120218704, 25.244150646317451 ] ], [ [ 55.295402312541057, 25.244032190903123 ], [ 55.295395902357619, 25.244035798418082 ], [ 55.295410599730808, 25.243988272035882 ], [ 55.295402312541057, 25.244032190903123 ] ], [ [ 55.295331352077817, 25.244405904934347 ], [ 55.29534411659818, 25.244426134135541 ], [ 55.295327874712974, 25.244424333462799 ], [ 55.295331352077817, 25.244405904934347 ] ], [ [ 55.295026403091974, 25.244134845207782 ], [ 55.295010800618996, 25.244133073552849 ], [ 55.295021345627255, 25.244070095346434 ], [ 55.2950373859641, 25.244095666689667 ], [ 55.295026403091974, 25.244134845207782 ] ] ], [ [ [ 55.297181645294948, 25.23488684945562 ], [ 55.297189702667524, 25.234799225022506 ], [ 55.29709987113911, 25.234799225022506 ], [ 55.297054955374911, 25.234844140786709 ], [ 55.297046897951731, 25.234931765209609 ], [ 55.297136729511237, 25.234931765216146 ], [ 55.297181645294948, 25.23488684945562 ] ] ], [ [ [ 55.297180999805697, 25.233269653596 ], [ 55.2971998, 25.23317 ], [ 55.2971903, 25.2331536 ], [ 55.2971563, 25.2331698 ], [ 55.297137499770599, 25.233269453588612 ], [ 55.297180999805697, 25.233269653596 ] ] ], [ [ [ 55.2969935, 25.2461059 ], [ 55.2969784, 25.2460784 ], [ 55.2969431, 25.2460942 ], [ 55.296952827703791, 25.246150172367418 ], [ 55.2969935, 25.2461059 ] ] ], [ [ [ 55.2971544, 25.2331632 ], [ 55.2971359, 25.2331313 ], [ 55.2971148, 25.2331413 ], [ 55.297114399751244, 25.233272853584619 ], [ 55.2971544, 25.2331632 ] ] ], [ [ [ 55.296823929693296, 25.247140311241285 ], [ 55.296868845469959, 25.247140311243903 ], [ 55.296913761249776, 25.247095395482631 ], [ 55.296920208082284, 25.247016312886529 ], [ 55.296875292318084, 25.246971397122323 ], [ 55.296785460789671, 25.246971397122323 ], [ 55.296779013919817, 25.24709539547478 ], [ 55.296823929693296, 25.247140311241285 ] ] ], [ [ [ 55.296632627774969, 25.243677772366649 ], [ 55.296605797732845, 25.243692546335282 ], [ 55.296600783642006, 25.243808952070381 ], [ 55.296735530961207, 25.243853867840432 ], [ 55.296740029230506, 25.243789732017152 ], [ 55.29677399730582, 25.243841053305761 ], [ 55.296917697437955, 25.243763153331805 ], [ 55.2969365, 25.2436635 ], [ 55.2968774, 25.2435195 ], [ 55.296638, 25.2436493 ], [ 55.296632627774969, 25.243677772366649 ] ], [ [ 55.296723030099201, 25.24367256016501 ], [ 55.296713148129015, 25.243724933996532 ], [ 55.29670073603058, 25.243742568891054 ], [ 55.296663178249595, 25.243705011098601 ], [ 55.296723030099201, 25.24367256016501 ] ] ], [ [ [ 55.296952052406503, 25.238147358687286 ], [ 55.296996968195941, 25.23814735869259 ], [ 55.297010039610697, 25.238033160045333 ], [ 55.296965123846491, 25.238033160045322 ], [ 55.296952052406503, 25.238147358687286 ] ] ], [ [ [ 55.2965324, 25.2472064 ], [ 55.29644780000001, 25.24725 ], [ 55.296442427519693, 25.247278472335893 ], [ 55.296465827522916, 25.247315572336806 ], [ 55.296544184102018, 25.247275190003741 ], [ 55.2964968, 25.2473416 ], [ 55.296517327529308, 25.247409272338746 ], [ 55.296570615261636, 25.247392703689567 ], [ 55.296645196458464, 25.247458953208195 ], [ 55.296857427609481, 25.247381472355428 ], [ 55.2968097, 25.2472692 ], [ 55.296753622676135, 25.247298188277945 ], [ 55.296722691795111, 25.247249372649495 ], [ 55.296740227588955, 25.247270072350407 ], [ 55.2967859, 25.2472211 ], [ 55.2966075, 25.2469374 ], [ 55.296562435597444, 25.246992789421707 ], [ 55.2964593, 25.2469544 ], [ 55.2963644, 25.2470014 ], [ 55.296368727512949, 25.247103372333367 ], [ 55.296458427529572, 25.247173072337297 ], [ 55.296571627556794, 25.247154672342901 ], [ 55.29658976303859, 25.247128092844655 ], [ 55.296616027566259, 25.247168172344988 ], [ 55.296684535909712, 25.247131499334728 ], [ 55.296676153317378, 25.247175924772083 ], [ 55.2966596, 25.2471498 ], [ 55.2965579, 25.2472025 ], [ 55.296551461590823, 25.247236621583916 ], [ 55.2965324, 25.2472064 ] ] ], [ [ [ 55.297004528474716, 25.233215572447218 ], [ 55.2969918, 25.2331571 ], [ 55.2969134, 25.2331956 ], [ 55.296908028451952, 25.233224072442486 ], [ 55.296926028454337, 25.233254172443178 ], [ 55.297004528474716, 25.233215572447218 ] ] ], [ [ [ 55.296977499592359, 25.233508153556446 ], [ 55.2969963, 25.2334085 ], [ 55.2969859, 25.2333919 ], [ 55.2969068, 25.2334588 ], [ 55.296897199514191, 25.233572953541447 ], [ 55.296977499592359, 25.233508153556446 ] ] ], [ [ [ 55.296395797090376, 25.243402053250673 ], [ 55.296420797102421, 25.2434417532541 ], [ 55.296482325949903, 25.243410092158935 ], [ 55.296514060729834, 25.243467967514821 ], [ 55.296426134676018, 25.243467967514253 ], [ 55.296423448543408, 25.243527119457106 ], [ 55.296513280082195, 25.243527119459287 ], [ 55.29651585670144, 25.24347037891614 ], [ 55.29663352777807, 25.243628372366988 ], [ 55.296826827828681, 25.243526472376985 ], [ 55.2968021, 25.2433966 ], [ 55.296756269766739, 25.243325526712283 ], [ 55.296823297458808, 25.243290253325657 ], [ 55.2968421, 25.2431906 ], [ 55.2967943, 25.2431163 ], [ 55.296753427754396, 25.243137782860821 ], [ 55.2967336, 25.2430907 ], [ 55.29668490000001, 25.243115 ], [ 55.296670777409275, 25.243189849179153 ], [ 55.296633, 25.2431298 ], [ 55.296589160497859, 25.243152358924117 ], [ 55.2965534, 25.2429828 ], [ 55.2964036, 25.2427296 ], [ 55.296385233131005, 25.242785513594587 ], [ 55.2963422, 25.2427791 ], [ 55.2962305, 25.2428572 ], [ 55.296216427722207, 25.242939372350861 ], [ 55.29625812772715, 25.2430193723524 ], [ 55.296306427737562, 25.243031772354673 ], [ 55.296422800849484, 25.242993360501821 ], [ 55.2963233, 25.2430441 ], [ 55.296332351391676, 25.243095732287792 ], [ 55.296289427727046, 25.243144072353179 ], [ 55.296411358077847, 25.24331958182708 ], [ 55.296395797090376, 25.243402053250673 ] ], [ [ 55.296684321672934, 25.243244474914341 ], [ 55.296675008984558, 25.243293831738757 ], [ 55.296671363290685, 25.243295753875664 ], [ 55.296681813156205, 25.243240370071092 ], [ 55.296684321672934, 25.243244474914341 ] ], [ [ 55.296457055433436, 25.243240237096806 ], [ 55.296479525435998, 25.243244571411775 ], [ 55.296460834500493, 25.243261219293675 ], [ 55.296445820432837, 25.243238069938062 ], [ 55.296457055433436, 25.243240237096806 ] ], [ [ 55.296444519164062, 25.242971877847229 ], [ 55.296450117778534, 25.242982188416732 ], [ 55.296441098788314, 25.243020485857333 ], [ 55.296424001915604, 25.242992964059326 ], [ 55.296444519164062, 25.242971877847229 ] ], [ [ 55.296441225769961, 25.242833973367855 ], [ 55.296438989849435, 25.242845823574672 ], [ 55.296434043616252, 25.242837564443825 ], [ 55.296441225769961, 25.242833973367855 ] ], [ [ 55.296358747766241, 25.243103817244599 ], [ 55.296412595932182, 25.243076411432892 ], [ 55.296396455098687, 25.243161956206752 ], [ 55.296358747766241, 25.243103817244599 ] ] ], [ [ [ 55.296775076044227, 25.230542358399759 ], [ 55.296775076034038, 25.230632189927135 ], [ 55.29690982338677, 25.230632189939776 ], [ 55.296920208082284, 25.230487311658734 ], [ 55.296785460789671, 25.230487311658727 ], [ 55.296775076044227, 25.230542358399759 ] ] ], [ [ [ 55.2966678, 25.2476849 ], [ 55.2965956, 25.2475588 ], [ 55.2965616, 25.2475747 ], [ 55.296551127523273, 25.247645172338981 ], [ 55.296605427530238, 25.247740072341045 ], [ 55.2966678, 25.2476849 ] ] ], [ [ [ 55.296695629261258, 25.24495018773305 ], [ 55.296605797732845, 25.24495018773306 ], [ 55.296592187871489, 25.245067233467598 ], [ 55.296682019452454, 25.24506723347864 ], [ 55.296695629261258, 25.24495018773305 ] ] ], [ [ [ 55.296846300179581, 25.230131853604767 ], [ 55.2968651, 25.2300322 ], [ 55.296819, 25.2299625 ], [ 55.2967817, 25.2299827 ], [ 55.296762900122381, 25.230082353591634 ], [ 55.296800700137688, 25.230156553596505 ], [ 55.296846300179581, 25.230131853604767 ] ] ], [ [ [ 55.296830376553871, 25.232418689519584 ], [ 55.296785460789671, 25.232418689519584 ], [ 55.296783670278451, 25.23247309609739 ], [ 55.296828586046104, 25.232473096098119 ], [ 55.296830376553871, 25.232418689519584 ] ] ], [ [ [ 55.296274227457737, 25.247672072325379 ], [ 55.296612827546248, 25.247496372342862 ], [ 55.2965765, 25.2474024 ], [ 55.296348069174662, 25.247532352500205 ], [ 55.296225, 25.2475571 ], [ 55.296274227457737, 25.247672072325379 ] ] ], [ [ [ 55.296782775031943, 25.232163431155666 ], [ 55.296827690801322, 25.232163431156764 ], [ 55.296830376553871, 25.232059363405941 ], [ 55.296785460789671, 25.232059363405938 ], [ 55.296782775031943, 25.232163431155666 ] ] ], [ [ [ 55.2967451, 25.2328123 ], [ 55.296533, 25.232442 ], [ 55.2963584, 25.2325238 ], [ 55.296339599258751, 25.232623453466584 ], [ 55.296551699354033, 25.232993753494863 ], [ 55.29672629951186, 25.232911953526234 ], [ 55.2967451, 25.2328123 ] ] ], [ [ [ 55.29672564258054, 25.233625708647011 ], [ 55.2967337, 25.233583 ], [ 55.2967049, 25.2335375 ], [ 55.296669442563839, 25.233594408643196 ], [ 55.296698242569803, 25.233639908644886 ], [ 55.29672564258054, 25.233625708647011 ] ] ], [ [ [ 55.296368, 25.2472157 ], [ 55.2962271, 25.2469823 ], [ 55.2961041, 25.2470431 ], [ 55.296239579832161, 25.247304727936505 ], [ 55.29617232745025, 25.247398872322066 ], [ 55.296229327458313, 25.247485672324309 ], [ 55.296354496227529, 25.247439353159205 ], [ 55.296368015238713, 25.247367707333485 ], [ 55.296427096307461, 25.247335953173707 ], [ 55.2964459, 25.2472363 ], [ 55.2964178, 25.2471936 ], [ 55.296368, 25.2472157 ] ] ], [ [ [ 55.296550676207204, 25.230226998951451 ], [ 55.2965955919911, 25.230226998955597 ], [ 55.296640507780005, 25.230182083196038 ], [ 55.296650713497051, 25.230083069780875 ], [ 55.296515966204439, 25.230083069780871 ], [ 55.29650576042831, 25.230182083183617 ], [ 55.296550676207204, 25.230226998951451 ] ] ], [ [ [ 55.295887145505546, 25.230307648601908 ], [ 55.295887145505823, 25.230181540125152 ], [ 55.295954228403737, 25.230294072413699 ], [ 55.296191528994171, 25.230178284386135 ], [ 55.296236444746278, 25.230450628660062 ], [ 55.296416107860814, 25.230630291731156 ], [ 55.296550855211478, 25.230630291743363 ], [ 55.296595770999943, 25.230585375983736 ], [ 55.296605797732845, 25.230487311658738 ], [ 55.296471050440225, 25.230217817073488 ], [ 55.296344535792862, 25.230091302564638 ], [ 55.296416107919832, 25.230091302566699 ], [ 55.296426134676018, 25.229993238252465 ], [ 55.296336303147612, 25.229993238252462 ], [ 55.296327970144617, 25.230074736908065 ], [ 55.296246471619199, 25.229993238252462 ], [ 55.296201555854992, 25.229993238252458 ], [ 55.296191529005924, 25.230062196474496 ], [ 55.296089, 25.2298903 ], [ 55.2958697, 25.2299973 ], [ 55.295892023388355, 25.230072283701634 ], [ 55.295849728389904, 25.230118772409678 ], [ 55.295881995730284, 25.230172901311555 ], [ 55.295752398212933, 25.230172901309285 ], [ 55.29566256668452, 25.230262732837701 ], [ 55.295653076737032, 25.230357949839902 ], [ 55.295697992514896, 25.230402865607491 ], [ 55.295832739862441, 25.230402865619045 ], [ 55.295887145505546, 25.230307648601908 ] ] ], [ [ [ 55.29543619559275, 25.24691645301407 ], [ 55.295438627302275, 25.247033372288609 ], [ 55.295485627311201, 25.2470660722907 ], [ 55.29560125713644, 25.247024398117325 ], [ 55.295657195731465, 25.247110653047571 ], [ 55.295893695948863, 25.246982953090441 ], [ 55.2959125, 25.2468833 ], [ 55.295863, 25.2468062 ], [ 55.295662007846538, 25.24692284726375 ], [ 55.2956509, 25.2469057 ], [ 55.295634462498882, 25.246859470986745 ], [ 55.295746595868025, 25.246797753069313 ], [ 55.295759071933951, 25.246731635800209 ], [ 55.29577909590158, 25.246762253075573 ], [ 55.2959699901741, 25.246660069026774 ], [ 55.29595859605525, 25.246720453106956 ], [ 55.296050696099584, 25.24686695311954 ], [ 55.296256609987275, 25.246743371837091 ], [ 55.296272196298467, 25.24677035315921 ], [ 55.296336796357295, 25.246738153170863 ], [ 55.2963695, 25.2465658 ], [ 55.2962985, 25.2464487 ], [ 55.2962434, 25.2464762 ], [ 55.296263116984775, 25.246545736360769 ], [ 55.296239038975564, 25.246611411920913 ], [ 55.2961935, 25.2464329 ], [ 55.2961475, 25.2464591 ], [ 55.296131991980474, 25.246541286857259 ], [ 55.296010161510921, 25.246603949402971 ], [ 55.296017691807606, 25.246536665728531 ], [ 55.296094196210753, 25.246497053134675 ], [ 55.296113, 25.2463974 ], [ 55.2960815, 25.2463476 ], [ 55.2959859, 25.2463972 ], [ 55.295972604250665, 25.246467662178517 ], [ 55.2959527, 25.2464372 ], [ 55.2958998, 25.2464358 ], [ 55.2958045, 25.2465047 ], [ 55.295754353237236, 25.246681692038251 ], [ 55.2957075, 25.2466121 ], [ 55.295539489250068, 25.246592366492631 ], [ 55.2954947, 25.2464664 ], [ 55.2954253, 25.2464621 ], [ 55.295383419323606, 25.246684913399569 ], [ 55.2953216, 25.2467127 ], [ 55.295282695480651, 25.246858252989188 ], [ 55.295327895501806, 25.246933052995317 ], [ 55.29543619559275, 25.24691645301407 ] ], [ [ 55.295493090769511, 25.246855839317806 ], [ 55.295499718705244, 25.246866169118068 ], [ 55.295457026170858, 25.246889697182315 ], [ 55.295461343853553, 25.246869457871192 ], [ 55.295493090769511, 25.246855839317806 ] ] ], [ [ [ 55.296491999125628, 25.233871253466369 ], [ 55.2965108, 25.2337716 ], [ 55.2964411, 25.2336517 ], [ 55.2961892, 25.2337714 ], [ 55.296170398865883, 25.233871053411747 ], [ 55.29623329889445, 25.233979353420164 ], [ 55.296491999125628, 25.233871253466369 ] ] ], [ [ [ 55.296440899430323, 25.232186353492938 ], [ 55.296451299435056, 25.232204253494327 ], [ 55.296503999482766, 25.232179153503807 ], [ 55.29651230000001, 25.2320616 ], [ 55.2964597, 25.2320867 ], [ 55.296440899430323, 25.232186353492938 ] ] ], [ [ [ 55.29636868436473, 25.23796484832533 ], [ 55.296368684358583, 25.238009764088915 ], [ 55.296413600146977, 25.238009764094002 ], [ 55.296426134676018, 25.237898412752713 ], [ 55.296381218911812, 25.237898412752713 ], [ 55.29636868436473, 25.23796484832533 ] ] ], [ [ [ 55.2963433, 25.2420637 ], [ 55.2963188, 25.2420258 ], [ 55.29609880000001, 25.2421423 ], [ 55.296079997073505, 25.242241953221278 ], [ 55.296104497085523, 25.242279753224647 ], [ 55.296324497287216, 25.242163353264473 ], [ 55.2963433, 25.2420637 ] ] ], [ [ [ 55.2962496, 25.2469209 ], [ 55.2962304, 25.2468889 ], [ 55.2960692, 25.2469678 ], [ 55.296082927451359, 25.24702827231993 ], [ 55.29624422749324, 25.246949372328242 ], [ 55.2962496, 25.2469209 ] ] ], [ [ [ 55.295792591215523, 25.245884770426223 ], [ 55.2956974, 25.2457393 ], [ 55.295634, 25.2457732 ], [ 55.295940727462515, 25.246278872317504 ], [ 55.2960096, 25.2462164 ], [ 55.295893171080884, 25.246038475320677 ], [ 55.296103096282721, 25.246181853142783 ], [ 55.296200096371443, 25.246131553160318 ], [ 55.296227, 25.2458235 ], [ 55.2961849, 25.2457571 ], [ 55.2960445, 25.2456871 ], [ 55.2959426, 25.2457062 ], [ 55.2958077, 25.2458047 ], [ 55.295792591215523, 25.245884770426223 ] ] ], [ [ [ 55.29630939902556, 25.233640253440186 ], [ 55.29631, 25.2335102 ], [ 55.2960324, 25.2336466 ], [ 55.296013598764858, 25.233746253387718 ], [ 55.296031898773421, 25.233776553390189 ], [ 55.29630939902556, 25.233640253440186 ] ] ], [ [ [ 55.2961998, 25.2418101 ], [ 55.2961153, 25.2416694 ], [ 55.2960584, 25.2416974 ], [ 55.296039597132257, 25.241797053223724 ], [ 55.296124097171628, 25.241937753235138 ], [ 55.296180997223352, 25.241909753245402 ], [ 55.2961998, 25.2418101 ] ] ], [ [ [ 55.296309528356197, 25.232501872417757 ], [ 55.2963149, 25.2324734 ], [ 55.2963055, 25.2324419 ], [ 55.296282228351494, 25.232474672416597 ], [ 55.296309528356197, 25.232501872417757 ] ] ], [ [ [ 55.295527196724485, 25.241766453137288 ], [ 55.29549429665574, 25.241971653127411 ], [ 55.295514196665167, 25.242004053130106 ], [ 55.295586696731213, 25.241967753143189 ], [ 55.295600960362663, 25.241826416956428 ], [ 55.295625145561033, 25.241831957283303 ], [ 55.295612296765803, 25.241900053148949 ], [ 55.295647996783245, 25.241955553153861 ], [ 55.295674657048082, 25.241941436274264 ], [ 55.295665704152043, 25.241988884764446 ], [ 55.295617650920313, 25.241985747295452 ], [ 55.295572735156107, 25.242030663059662 ], [ 55.295569332649983, 25.242093611295999 ], [ 55.295704079962313, 25.242093611300142 ], [ 55.295705143637974, 25.242073932610626 ], [ 55.295740692565268, 25.242131232343166 ], [ 55.29569812764727, 25.242177472330251 ], [ 55.295760127655896, 25.242274272332676 ], [ 55.295990723284177, 25.242140566412932 ], [ 55.296017332423752, 25.242175676873742 ], [ 55.2958613, 25.2422637 ], [ 55.295855927676961, 25.242292172337223 ], [ 55.295888327681688, 25.242339172338511 ], [ 55.295986728274059, 25.242283659080737 ], [ 55.296018297005666, 25.242329453208971 ], [ 55.296063697047629, 25.242303753217225 ], [ 55.296088723970954, 25.242133871053092 ], [ 55.296135997146152, 25.242108553233578 ], [ 55.2961548, 25.2420089 ], [ 55.2961017, 25.2419401 ], [ 55.29606574205723, 25.24195837567143 ], [ 55.29607870000001, 25.2418897 ], [ 55.2960008, 25.241752 ], [ 55.2958708, 25.2418225 ], [ 55.295856178169082, 25.241899993427015 ], [ 55.2958186, 25.2418345 ], [ 55.295764199360129, 25.241862731261779 ], [ 55.295757011793505, 25.241768106801608 ], [ 55.295795098789014, 25.241688365426029 ], [ 55.295826250972958, 25.241704559526291 ], [ 55.295809496947072, 25.241793353184701 ], [ 55.295832996959142, 25.24182705318799 ], [ 55.295977797093101, 25.241744553214318 ], [ 55.2959966, 25.2416449 ], [ 55.2959731, 25.2416112 ], [ 55.295884076732342, 25.241661921160677 ], [ 55.2959001, 25.241577 ], [ 55.2958598, 25.2415067 ], [ 55.295841561687595, 25.241516652840122 ], [ 55.295840828121158, 25.241504960982194 ], [ 55.295906292184945, 25.241504960998554 ], [ 55.29592312773601, 25.24155057234492 ], [ 55.2959771, 25.2415008 ], [ 55.295976977033966, 25.24140184236078 ], [ 55.2958846, 25.2412873 ], [ 55.2958387, 25.2413066 ], [ 55.295839763015195, 25.241503301813982 ], [ 55.2957773, 25.241406 ], [ 55.295654, 25.2414679 ], [ 55.295643405778669, 25.241524047412934 ], [ 55.2956224, 25.2414867 ], [ 55.295481, 25.24156 ], [ 55.295465841271266, 25.241640337735276 ], [ 55.295402, 25.2415455 ], [ 55.2953267, 25.2415869 ], [ 55.295411227606188, 25.241748872318869 ], [ 55.295487566338572, 25.241701337414316 ], [ 55.295527196724485, 25.241766453137288 ] ], [ [ 55.295931509680202, 25.242055996997152 ], [ 55.295974461870706, 25.242033701252254 ], [ 55.295963763503394, 25.242090401073906 ], [ 55.295931509680202, 25.242055996997152 ] ], [ [ 55.295898318345699, 25.242003592105462 ], [ 55.295922905193208, 25.242046818873753 ], [ 55.295887464407052, 25.242061116256149 ], [ 55.295898318345699, 25.242003592105462 ] ], [ [ 55.295603311161102, 25.241727651936333 ], [ 55.295606772026147, 25.241725887673937 ], [ 55.295605690792136, 25.241731617988425 ], [ 55.295603311161102, 25.241727651936333 ] ] ], [ [ [ 55.296049, 25.2378262 ], [ 55.296041727978618, 25.237883372372593 ], [ 55.29612762799816, 25.237888172376731 ], [ 55.296135, 25.237831 ], [ 55.296049, 25.2378262 ] ] ], [ [ [ 55.295927074332951, 25.24681166468519 ], [ 55.295943627429324, 25.246855672314194 ], [ 55.29597722743803, 25.246839672315925 ], [ 55.2959638, 25.246779 ], [ 55.295928844547234, 25.246802283314821 ], [ 55.295932061269752, 25.246746818301293 ], [ 55.295887145505546, 25.24674681830129 ], [ 55.295883384697838, 25.24681166468352 ], [ 55.295927074332951, 25.24681166468519 ] ] ], [ [ [ 55.2959397, 25.2438553 ], [ 55.2959197, 25.2438213 ], [ 55.2958536, 25.2438532 ], [ 55.295868327584529, 25.243915672328118 ], [ 55.2959397, 25.2438553 ] ] ], [ [ [ 55.295839901720797, 25.242761653298146 ], [ 55.295929733258184, 25.242761653300033 ], [ 55.295932061269752, 25.242659483758548 ], [ 55.295842229741339, 25.242659483758541 ], [ 55.295839901720797, 25.242761653298146 ] ] ], [ [ [ 55.295840080792985, 25.243030198804956 ], [ 55.295884996561341, 25.243030198805826 ], [ 55.295887145505546, 25.24297389410799 ], [ 55.295842229741339, 25.242973894107987 ], [ 55.295840080792985, 25.243030198804956 ] ] ], [ [ [ 55.2957812, 25.2456992 ], [ 55.2957399, 25.2457218 ], [ 55.295760727449682, 25.245789472311685 ], [ 55.295802027460553, 25.245766872313833 ], [ 55.2957812, 25.2456992 ] ] ], [ [ [ 55.295976977033966, 25.233541583624731 ], [ 55.295932061269752, 25.233541583624739 ], [ 55.295929017251552, 25.233602633744752 ], [ 55.295973933021635, 25.233602633745988 ], [ 55.295976977033966, 25.233541583624731 ] ] ], [ [ [ 55.295526127363765, 25.246330272297062 ], [ 55.295607627382708, 25.246328072301033 ], [ 55.2956119287281, 25.246305277229787 ], [ 55.295617795856515, 25.246347153056849 ], [ 55.295760495975216, 25.246330753081441 ], [ 55.295761, 25.2461012 ], [ 55.295732239540378, 25.246104507666068 ], [ 55.2957357, 25.246025 ], [ 55.2956972, 25.2459702 ], [ 55.29551510000001, 25.2459654 ], [ 55.295492736105857, 25.246022862857028 ], [ 55.2955245, 25.2458492 ], [ 55.2954814, 25.2458218 ], [ 55.2953677, 25.2458172 ], [ 55.295334705937563, 25.245997270369578 ], [ 55.2952929, 25.2459905 ], [ 55.295233895557267, 25.246293452992717 ], [ 55.295379727332211, 25.246291772290185 ], [ 55.295390760572971, 25.246235290082346 ], [ 55.295487414372822, 25.246258961384715 ], [ 55.295474127352335, 25.246320372294601 ], [ 55.295526127363765, 25.246330272297062 ] ], [ [ 55.295600116501731, 25.246196532026694 ], [ 55.295603538128816, 25.246196360946268 ], [ 55.295601467069943, 25.24620733657725 ], [ 55.295600116501731, 25.246196532026694 ] ], [ [ 55.295568599203804, 25.246129807769233 ], [ 55.295542414227093, 25.246254583670172 ], [ 55.295516188270128, 25.246249590653886 ], [ 55.295539457561816, 25.246130820694439 ], [ 55.295568599203804, 25.246129807769233 ] ] ], [ [ [ 55.295564763830114, 25.241433100357671 ], [ 55.295590296836224, 25.241470753154189 ], [ 55.295787397017065, 25.241365753189886 ], [ 55.295827597057766, 25.24132575319755 ], [ 55.2958464, 25.2412261 ], [ 55.29582090000001, 25.241183 ], [ 55.295776541690593, 25.24122112856411 ], [ 55.295721825646112, 25.241138161529594 ], [ 55.2957398, 25.2410429 ], [ 55.2956047, 25.2408382 ], [ 55.295584508956985, 25.240848520640426 ], [ 55.2955735, 25.2407505 ], [ 55.29549995592177, 25.240790272230686 ], [ 55.2955078, 25.2407487 ], [ 55.2954199, 25.2407281 ], [ 55.295396770669683, 25.240846074135593 ], [ 55.295057918523717, 25.24102177302661 ], [ 55.295033745985634, 25.240997600482928 ], [ 55.294943914457221, 25.240997600482928 ], [ 55.294940870058802, 25.241148482078614 ], [ 55.295050696441741, 25.241268553066725 ], [ 55.295202996555318, 25.241314753091636 ], [ 55.295297001632896, 25.24129037974317 ], [ 55.29529589661378, 25.24139555310574 ], [ 55.295392396661377, 25.241543453119043 ], [ 55.295552696800442, 25.241497053147256 ], [ 55.295564763830114, 25.241433100357671 ] ], [ [ 55.295539285327685, 25.24090570652438 ], [ 55.295527596888924, 25.240967653154065 ], [ 55.295529723101524, 25.240981589767188 ], [ 55.295496280556229, 25.240928777639422 ], [ 55.295539285327685, 25.24090570652438 ] ], [ [ 55.295462414455017, 25.24121227160596 ], [ 55.295457366748536, 25.241239023371282 ], [ 55.295443731403502, 25.241222001902589 ], [ 55.295462414455017, 25.24121227160596 ] ] ], [ [ [ 55.295715627600913, 25.243035972325959 ], [ 55.295749627608387, 25.243042372327572 ], [ 55.2957619, 25.242984 ], [ 55.2957279, 25.2429775 ], [ 55.295715627600913, 25.243035972325959 ] ] ], [ [ [ 55.295605127604155, 25.242546172323525 ], [ 55.295743027638686, 25.242500272330496 ], [ 55.2957063, 25.2424071 ], [ 55.2955817, 25.2424733 ], [ 55.295605127604155, 25.242546172323525 ] ] ], [ [ [ 55.295356127520556, 25.242990872308773 ], [ 55.295449327533738, 25.243132872312451 ], [ 55.295503027547831, 25.243104072315234 ], [ 55.295486664093737, 25.243042503655751 ], [ 55.295555743478921, 25.243052793245017 ], [ 55.295526028574805, 25.243163047936765 ], [ 55.295570944342465, 25.243163047937497 ], [ 55.295615860111013, 25.243118132174111 ], [ 55.2956976, 25.2425892 ], [ 55.2954491, 25.2425523 ], [ 55.295356127520556, 25.242990872308773 ] ] ], [ [ [ 55.295631627744356, 25.238665282714244 ], [ 55.295722927802196, 25.238619382725695 ], [ 55.295736, 25.2385501 ], [ 55.2957101, 25.2385081 ], [ 55.2956188, 25.2385541 ], [ 55.29560572773579, 25.238623382711786 ], [ 55.295631627744356, 25.238665282714244 ] ] ], [ [ [ 55.295513827115826, 25.250504372271521 ], [ 55.295554927126631, 25.250481972273651 ], [ 55.2955361, 25.2504172 ], [ 55.295495, 25.2504395 ], [ 55.295513827115826, 25.250504372271521 ] ] ], [ [ [ 55.295801428278409, 25.23182927239711 ], [ 55.2958156, 25.2317424 ], [ 55.2957163, 25.2317302 ], [ 55.295702228256218, 25.231817172392361 ], [ 55.295801428278409, 25.23182927239711 ] ] ], [ [ [ 55.295756798523918, 25.233909353340668 ], [ 55.2957597, 25.2337834 ], [ 55.295481, 25.2339218 ], [ 55.295462198262932, 25.234021453288271 ], [ 55.29547809827038, 25.234047753290426 ], [ 55.295756798523918, 25.233909353340668 ] ] ], [ [ [ 55.295482903627693, 25.25020533214515 ], [ 55.295437987863494, 25.25025024790936 ], [ 55.295432077681781, 25.250326483169058 ], [ 55.29552190923301, 25.250326483173854 ], [ 55.2955278193919, 25.250205332145153 ], [ 55.295482903627693, 25.25020533214515 ] ] ], [ [ [ 55.295518329408104, 25.23017828677342 ], [ 55.295518329394135, 25.230313034064618 ], [ 55.295608160959169, 25.230313034072314 ], [ 55.295787824107862, 25.230133371032803 ], [ 55.29579731397714, 25.230038154016665 ], [ 55.295707482448726, 25.230038154016668 ], [ 55.29556566807176, 25.23010906123514 ], [ 55.295572735156107, 25.230038154016668 ], [ 55.2955278193919, 25.230038154016668 ], [ 55.295518329408104, 25.23017828677342 ] ] ], [ [ [ 55.295564318820688, 25.237853187905525 ], [ 55.295609234601145, 25.237853187908939 ], [ 55.295617650920313, 25.237763665460093 ], [ 55.295572735156107, 25.237763665460097 ], [ 55.295564318820688, 25.237853187905525 ] ] ], [ [ [ 55.294607527439695, 25.241424172281796 ], [ 55.294622702303933, 25.241446758126894 ], [ 55.294539672579369, 25.24144675812499 ], [ 55.294538605418289, 25.241470256933873 ], [ 55.2945247, 25.2414511 ], [ 55.2944389, 25.241502 ], [ 55.294453872653122, 25.241555455566218 ], [ 55.29442142738629, 25.241602072271679 ], [ 55.294442427389626, 25.24162767227255 ], [ 55.29448942740234, 25.241596072275023 ], [ 55.294474648606155, 25.241543130450584 ], [ 55.294537389522006, 25.241505910028202 ], [ 55.29461792556549, 25.241505910032473 ], [ 55.294609596027485, 25.241550052985861 ], [ 55.294660354232661, 25.241617758400722 ], [ 55.2945168, 25.2417136 ], [ 55.294497995883212, 25.241813252961379 ], [ 55.294588695925597, 25.241963652973652 ], [ 55.29470488463685, 25.241888764877785 ], [ 55.294766231638114, 25.241947412884976 ], [ 55.2946952, 25.2420088 ], [ 55.294676395966711, 25.24210845298553 ], [ 55.29469809597736, 25.242141952988522 ], [ 55.29473610386701, 25.242121737236133 ], [ 55.294759727431838, 25.242156472284801 ], [ 55.294819427447649, 25.242121972287908 ], [ 55.294815098004705, 25.242079721538691 ], [ 55.294909796171567, 25.242029353026851 ], [ 55.294924015470755, 25.241953996251912 ], [ 55.294947612318879, 25.241981941972341 ], [ 55.294934627478725, 25.242045772293956 ], [ 55.294964727486487, 25.242031872295509 ], [ 55.294963231465182, 25.241991162400627 ], [ 55.2951109521794, 25.241910421789406 ], [ 55.295100419955112, 25.241966239000288 ], [ 55.29497, 25.2420325 ], [ 55.29494302747699, 25.242108372293984 ], [ 55.294964286565161, 25.242153200314725 ], [ 55.2949172, 25.2421781 ], [ 55.294898396111314, 25.242277753019728 ], [ 55.294935640094586, 25.242335181237259 ], [ 55.29490742745304, 25.242376172290662 ], [ 55.294973827462464, 25.242476972293286 ], [ 55.295044017636243, 25.242433864928543 ], [ 55.295117162420581, 25.242485377489444 ], [ 55.2950243, 25.2425348 ], [ 55.295005496124567, 25.242634453030458 ], [ 55.29502659613496, 25.242666853033363 ], [ 55.295327096410631, 25.242507053087785 ], [ 55.295338890140371, 25.242444550065915 ], [ 55.295363696444539, 25.242485953094441 ], [ 55.295511196578566, 25.242413753121024 ], [ 55.29553, 25.2423141 ], [ 55.2954589, 25.2421952 ], [ 55.295335268916958, 25.242258284002137 ], [ 55.295322292402616, 25.242188657029516 ], [ 55.295379696524122, 25.242161553103944 ], [ 55.2953985, 25.2420619 ], [ 55.2953066, 25.2418902 ], [ 55.2952685802993, 25.241907401148797 ], [ 55.2952588, 25.2418142 ], [ 55.295221951250099, 25.241832204280158 ], [ 55.2952355, 25.2417604 ], [ 55.2951359, 25.2416233 ], [ 55.295086290885912, 25.24165154281587 ], [ 55.2951033, 25.2415614 ], [ 55.2948825, 25.2412477 ], [ 55.2946129, 25.2413957 ], [ 55.294607527439695, 25.241424172281796 ] ], [ [ 55.295142599688674, 25.242261818039069 ], [ 55.295211512063574, 25.2422461738166 ], [ 55.29521999635795, 25.242342253073037 ], [ 55.295258896382578, 25.242375353078945 ], [ 55.295296352257289, 25.242356437890979 ], [ 55.295168107539702, 25.242458263833889 ], [ 55.2951871, 25.2423317 ], [ 55.295142599688674, 25.242261818039069 ] ], [ [ 55.295277464435699, 25.242182434244228 ], [ 55.295266416408836, 25.242187619064797 ], [ 55.295269873877615, 25.242169295570793 ], [ 55.295277464435699, 25.242182434244228 ] ], [ [ 55.295158284159804, 25.242059111587562 ], [ 55.295153005578101, 25.242001485709473 ], [ 55.29524720795694, 25.241955325420893 ], [ 55.295237782382252, 25.2420052780468 ], [ 55.295158284159804, 25.242059111587562 ] ], [ [ 55.295139171096508, 25.241872778610414 ], [ 55.295140663028072, 25.241864871861686 ], [ 55.295144062687456, 25.241870377830388 ], [ 55.295139171096508, 25.241872778610414 ] ], [ [ 55.2950164, 25.2417284 ], [ 55.29498926862518, 25.241656502940909 ], [ 55.295022196331082, 25.241695053052954 ], [ 55.295073559972593, 25.241667021569587 ], [ 55.29505861534215, 25.241746223098438 ], [ 55.295010857685455, 25.241757772327386 ], [ 55.2950164, 25.2417284 ] ], [ [ 55.295007883553865, 25.242350380398022 ], [ 55.295025363702514, 25.24234608856257 ], [ 55.29502083645761, 25.242370081221928 ], [ 55.295007883553865, 25.242350380398022 ] ] ], [ [ [ 55.295404202052616, 25.238709688219227 ], [ 55.295448402062405, 25.238808888222682 ], [ 55.295515102100993, 25.238776788230354 ], [ 55.2955271, 25.2387132 ], [ 55.2954393, 25.2385861 ], [ 55.2953944, 25.2386059 ], [ 55.295404202052616, 25.238709688219227 ] ] ], [ [ [ 55.293241800873631, 25.247395641358558 ], [ 55.293295600929234, 25.247480941374334 ], [ 55.293470901261394, 25.247416141441118 ], [ 55.293530492087001, 25.247222880183916 ], [ 55.293506601319045, 25.247425641453692 ], [ 55.293541701356396, 25.247478841464094 ], [ 55.293586201444093, 25.247454741481395 ], [ 55.293606677046142, 25.247346241665451 ], [ 55.293648301569746, 25.247413641505862 ], [ 55.293704001678599, 25.247385541527414 ], [ 55.293722901884237, 25.247285389110132 ], [ 55.293764501819673, 25.247303141553164 ], [ 55.293916902117815, 25.24722554161217 ], [ 55.293926480136676, 25.247174787026076 ], [ 55.293953102163066, 25.247265141623583 ], [ 55.2940514023568, 25.24721184166178 ], [ 55.294095766974763, 25.247092996337443 ], [ 55.294128124424041, 25.247076228047231 ], [ 55.294165202577496, 25.247158241705641 ], [ 55.294292902827785, 25.247092141755132 ], [ 55.294314867590259, 25.24697574675238 ], [ 55.294311869983233, 25.247033396226808 ], [ 55.294365292873366, 25.247078311994755 ], [ 55.2943375, 25.247093 ], [ 55.294318694632764, 25.247192652818327 ], [ 55.294418108498434, 25.247303265662076 ], [ 55.294410694676316, 25.24734255283083 ], [ 55.294462194701332, 25.247423352837878 ], [ 55.294534849528226, 25.247385348496323 ], [ 55.294531994747722, 25.24747215284874 ], [ 55.294570594766057, 25.247534752853994 ], [ 55.294614694796131, 25.247561852860912 ], [ 55.294712594877005, 25.247553352877741 ], [ 55.294775794934623, 25.24752155288915 ], [ 55.294786551870011, 25.247464549139305 ], [ 55.294942123510793, 25.247474961282499 ], [ 55.295031955048756, 25.247340213991606 ], [ 55.295033577115497, 25.247250256974539 ], [ 55.295081427202653, 25.247325072269518 ], [ 55.29522532724031, 25.247249672276958 ], [ 55.295195256408775, 25.247109275106091 ], [ 55.295230795372497, 25.247180352973629 ], [ 55.295308595436865, 25.24717315298701 ], [ 55.295364195491402, 25.247126452997438 ], [ 55.295369, 25.2469649 ], [ 55.2953167, 25.2469267 ], [ 55.2952489, 25.2469224 ], [ 55.295184, 25.2469495 ], [ 55.295173485828798, 25.247005218590314 ], [ 55.295046775556671, 25.246788809855751 ], [ 55.295087831290843, 25.246797410018068 ], [ 55.295081395322484, 25.246836152955442 ], [ 55.29514369537192, 25.246840652965933 ], [ 55.295163468159991, 25.246721717241623 ], [ 55.295189921220725, 25.246706507984783 ], [ 55.295163595387237, 25.246844352969244 ], [ 55.295267895463397, 25.246883952986149 ], [ 55.295313538050863, 25.246624409000162 ], [ 55.295345828166823, 25.246624408999459 ], [ 55.295348156335073, 25.246567155244474 ], [ 55.295323606484146, 25.246567155246161 ], [ 55.2953434, 25.2464546 ], [ 55.2952408, 25.2464401 ], [ 55.295209959994331, 25.246601582494321 ], [ 55.295161919318424, 25.246535526565037 ], [ 55.295210901772258, 25.246535526544456 ], [ 55.295213409042461, 25.246432407951843 ], [ 55.295168493278254, 25.246387492187644 ], [ 55.294764251400402, 25.246387492187644 ], [ 55.294761744084262, 25.246445695006113 ], [ 55.29492715614473, 25.246509505933151 ], [ 55.29487, 25.2465398 ], [ 55.294851195176854, 25.24663945292043 ], [ 55.294958557806929, 25.246778933133431 ], [ 55.294940495200699, 25.246874652930682 ], [ 55.295003785348008, 25.246982746449493 ], [ 55.2949051, 25.2469688 ], [ 55.2948487, 25.2469979 ], [ 55.294867366644837, 25.247116107219117 ], [ 55.2946808, 25.2468381 ], [ 55.2946215, 25.2468691 ], [ 55.294561935957788, 25.247050299468039 ], [ 55.2945227, 25.2470402 ], [ 55.294390857415777, 25.247109934170272 ], [ 55.294370401528241, 25.247078311996077 ], [ 55.294446617292934, 25.247078311994787 ], [ 55.294491533064949, 25.247033396232052 ], [ 55.294494756815162, 25.246971397122326 ], [ 55.294449841050955, 25.246926481358116 ], [ 55.294360009522549, 25.24692648135812 ], [ 55.294315826718623, 25.24697066416244 ], [ 55.2943332, 25.2468786 ], [ 55.294207936206242, 25.246680701920223 ], [ 55.294248504349795, 25.246560810994815 ], [ 55.294223102877964, 25.246703741747115 ], [ 55.294392503161269, 25.246726641807808 ], [ 55.2944632, 25.2463294 ], [ 55.294305913287388, 25.246308150061498 ], [ 55.2943208, 25.2462324 ], [ 55.2942553, 25.2462204 ], [ 55.294176630196596, 25.246596873410468 ], [ 55.2942303, 25.2463316 ], [ 55.2941886, 25.246324 ], [ 55.294146875922728, 25.246477323722441 ], [ 55.2941892, 25.2462529 ], [ 55.2940563, 25.2462375 ], [ 55.294033183637282, 25.246286568824324 ], [ 55.29404250000001, 25.2462372 ], [ 55.2940099, 25.2461986 ], [ 55.2939688, 25.2462271 ], [ 55.293928502483624, 25.246440641651592 ], [ 55.293954956288765, 25.246500088558719 ], [ 55.2938274, 25.2464773 ], [ 55.2937187, 25.2464942 ], [ 55.293678401932823, 25.246707741548502 ], [ 55.293773261343809, 25.246861359496851 ], [ 55.293665731392842, 25.246942471210964 ], [ 55.2935509, 25.2466933 ], [ 55.2934173, 25.2467608 ], [ 55.293402800490078, 25.246837632495087 ], [ 55.293338657613731, 25.246851550310165 ], [ 55.2933171, 25.2467888 ], [ 55.293192199653191, 25.24683664982971 ], [ 55.29318947562885, 25.246926942776113 ], [ 55.293171203975618, 25.246936176749116 ], [ 55.2931473, 25.2468861 ], [ 55.2930374, 25.2469534 ], [ 55.293094600249191, 25.247099999619461 ], [ 55.293080400691188, 25.247175241309634 ], [ 55.293124400735977, 25.247246541322465 ], [ 55.293200300842585, 25.247302941347602 ], [ 55.29322182539434, 25.247292062205563 ], [ 55.293252247440897, 25.247340286046576 ], [ 55.293241800873631, 25.247395641358558 ] ], [ [ 55.295079323415706, 25.247111757974242 ], [ 55.295096180917568, 25.247140548874615 ], [ 55.2950144, 25.2471834 ], [ 55.29502190965615, 25.247232014475866 ], [ 55.294937628477726, 25.247168803638967 ], [ 55.295079323415706, 25.247111757974242 ] ] ], [ [ [ 55.2953523, 25.2431311 ], [ 55.295333496267098, 25.243230753073735 ], [ 55.295376896287856, 25.243300453079652 ], [ 55.295413796321547, 25.243281553086312 ], [ 55.2954326, 25.2431819 ], [ 55.2953891, 25.2431123 ], [ 55.2953523, 25.2431311 ] ] ], [ [ [ 55.2953705, 25.2426796 ], [ 55.29539307209928, 25.242614567994345 ], [ 55.295303240570874, 25.242614567994341 ], [ 55.295301480567737, 25.242668038147119 ], [ 55.2952804, 25.2426346 ], [ 55.295187, 25.2426827 ], [ 55.295201444201467, 25.242794231052503 ], [ 55.2951314, 25.2427001 ], [ 55.2950945, 25.2427189 ], [ 55.295075696143464, 25.242818553038529 ], [ 55.295122751393592, 25.242921686303994 ], [ 55.29508439417053, 25.242937430893846 ], [ 55.2949881, 25.2427829 ], [ 55.2947324, 25.2429133 ], [ 55.294713595810911, 25.243012952972926 ], [ 55.294735275363351, 25.24304778593061 ], [ 55.294675295669251, 25.243107765604293 ], [ 55.2946898, 25.2430309 ], [ 55.2946552, 25.2429776 ], [ 55.294617, 25.2429979 ], [ 55.294598195700267, 25.243097552951543 ], [ 55.294632795717277, 25.243150852956301 ], [ 55.294674389844744, 25.243112566011387 ], [ 55.294672628985694, 25.243342710979416 ], [ 55.29471754475248, 25.243387626744269 ], [ 55.29476246052014, 25.243387626744987 ], [ 55.294895737745435, 25.243299681461771 ], [ 55.294904455463211, 25.243351258054954 ], [ 55.2948444, 25.2433597 ], [ 55.29483902737784, 25.243388172281279 ], [ 55.294962995904903, 25.243536353004366 ], [ 55.295144096070686, 25.243441753037121 ], [ 55.2951629, 25.2433421 ], [ 55.29513765258433, 25.243263905759417 ], [ 55.295194796162285, 25.243195353050901 ], [ 55.295199682770068, 25.243074805200891 ], [ 55.295227696206261, 25.243110753058264 ], [ 55.295287396260754, 25.243080353069036 ], [ 55.2953062, 25.2429807 ], [ 55.295283204205965, 25.242943785780199 ], [ 55.295361127526505, 25.24290917230951 ], [ 55.2953894, 25.2427095 ], [ 55.2953705, 25.2426796 ] ], [ [ 55.295302070894941, 25.242668974528051 ], [ 55.29531267075329, 25.242668974531021 ], [ 55.295310229005779, 25.242681914976089 ], [ 55.295302070894941, 25.242668974528051 ] ], [ [ 55.295052826710517, 25.243171593050267 ], [ 55.295033040681162, 25.243159815114751 ], [ 55.295057389972882, 25.243147409693478 ], [ 55.295052826710517, 25.243171593050267 ] ], [ [ 55.294955896166897, 25.243396220313667 ], [ 55.294935910961271, 25.24337545459078 ], [ 55.294961795939798, 25.243361853007809 ], [ 55.294976863347586, 25.243385255578584 ], [ 55.294955896166897, 25.243396220313667 ] ], [ [ 55.294966390391025, 25.243154758840291 ], [ 55.294922477712667, 25.243177859119239 ], [ 55.294905009528215, 25.243150576529175 ], [ 55.294933080652513, 25.243136221422404 ], [ 55.294966390391025, 25.243154758840291 ] ], [ [ 55.2948563, 25.2431336 ], [ 55.294850805916539, 25.243125064129998 ], [ 55.294852571740087, 25.243116214715435 ], [ 55.294867173740585, 25.243127883796419 ], [ 55.2948563, 25.2431336 ] ] ], [ [ [ 55.2952591, 25.2480352 ], [ 55.2952291, 25.2479898 ], [ 55.2952033, 25.2480038 ], [ 55.295163003839242, 25.248217342021633 ], [ 55.295193003871262, 25.248262642030525 ], [ 55.295218803922069, 25.248248742040548 ], [ 55.2952591, 25.2480352 ] ] ], [ [ [ 55.29393339549641, 25.241475452872479 ], [ 55.294014328749221, 25.241458687189859 ], [ 55.294040627301939, 25.241541272253549 ], [ 55.294079427311885, 25.241524472255538 ], [ 55.294010273463201, 25.241372955170174 ], [ 55.294069791266786, 25.241335776411908 ], [ 55.294122027327603, 25.241424272258207 ], [ 55.294261327364332, 25.241346472265437 ], [ 55.294279786465076, 25.241222220006339 ], [ 55.294374295862987, 25.241425252948471 ], [ 55.294556196030562, 25.241325052981502 ], [ 55.294570501584687, 25.241249239691495 ], [ 55.294603796074362, 25.241299052990119 ], [ 55.294642696110174, 25.241277752997185 ], [ 55.2946615, 25.2411781 ], [ 55.294595204438366, 25.241078912311732 ], [ 55.294631086801267, 25.241060521760261 ], [ 55.294750096207373, 25.241227053016495 ], [ 55.294906996352339, 25.241138553045012 ], [ 55.2949258, 25.2410389 ], [ 55.294871390527241, 25.240959988254527 ], [ 55.294875517972102, 25.240926750491816 ], [ 55.294940332820723, 25.240926750488413 ], [ 55.29494384619737, 25.240820011220279 ], [ 55.295037427566385, 25.240956772305459 ], [ 55.295349027648193, 25.240788572321595 ], [ 55.2953589, 25.2407115 ], [ 55.2948744, 25.2406006 ], [ 55.294849527539121, 25.240682172297983 ], [ 55.294942427166475, 25.240817937426552 ], [ 55.294854082928808, 25.240817937426101 ], [ 55.294851645589851, 25.240891985541545 ], [ 55.29471455405541, 25.240689619015246 ], [ 55.2947272, 25.2406226 ], [ 55.2946771, 25.2405391 ], [ 55.2944102, 25.2406747 ], [ 55.294394082296954, 25.240760116827463 ], [ 55.294432082312504, 25.240821216831904 ], [ 55.294470382342467, 25.240801716837836 ], [ 55.294481127450403, 25.240744772279712 ], [ 55.294641735115668, 25.240637631894884 ], [ 55.294630795473587, 25.240695607886884 ], [ 55.2945774, 25.2407232 ], [ 55.294558596135694, 25.240822852992412 ], [ 55.294593383030829, 25.24087802709272 ], [ 55.2945524, 25.240901 ], [ 55.294533596078963, 25.241000652984436 ], [ 55.294577062156989, 25.241065334604272 ], [ 55.2945448, 25.241083 ], [ 55.294531070242641, 25.241155761867848 ], [ 55.294508697241746, 25.241158032276516 ], [ 55.294471339855221, 25.241059862021636 ], [ 55.2945073, 25.2409513 ], [ 55.2944879, 25.2409208 ], [ 55.294439178779307, 25.24094611027251 ], [ 55.294379, 25.2408015 ], [ 55.2941684, 25.2409125 ], [ 55.294160539265796, 25.240954157935445 ], [ 55.2941646, 25.240886 ], [ 55.2941516, 25.2408647 ], [ 55.2941186, 25.2408813 ], [ 55.2940724, 25.2409377 ], [ 55.294039495663192, 25.241081052898757 ], [ 55.294103002341224, 25.241177141884524 ], [ 55.2940004, 25.2412412 ], [ 55.293983783144654, 25.241329259947719 ], [ 55.2939665, 25.2413008 ], [ 55.2939206, 25.2413236 ], [ 55.293901795481602, 25.241423252868191 ], [ 55.29393339549641, 25.241475452872479 ] ], [ [ 55.294138155814849, 25.241208643790213 ], [ 55.294216428654174, 25.241165218856011 ], [ 55.294229295795077, 25.241185552928844 ], [ 55.29426862318531, 25.241165130679114 ], [ 55.294220066061939, 25.241257543833928 ], [ 55.2941945, 25.2412244 ], [ 55.294130938900416, 25.241246889628318 ], [ 55.294138155814849, 25.241208643790213 ] ] ], [ [ [ 55.295482903627693, 25.230083069780875 ], [ 55.295482903627693, 25.229993238252469 ], [ 55.295437987863494, 25.229993238252469 ], [ 55.295428676900144, 25.230177337686087 ], [ 55.295473592682313, 25.230177337689877 ], [ 55.295482903627693, 25.230083069780875 ] ] ], [ [ [ 55.2952556, 25.241337 ], [ 55.295191527576151, 25.241396472310317 ], [ 55.295238527582725, 25.241469272312155 ], [ 55.2953026, 25.2414098 ], [ 55.2952556, 25.241337 ] ] ], [ [ [ 55.294952227238518, 25.246206172269943 ], [ 55.295010127251409, 25.246214372272707 ], [ 55.295019030479317, 25.246164498905909 ], [ 55.29519100478047, 25.246190142122732 ], [ 55.2952409, 25.2458058 ], [ 55.2950921, 25.2457782 ], [ 55.295065185082606, 25.245911650797467 ], [ 55.2950191, 25.2459048 ], [ 55.294952227238518, 25.246206172269943 ] ] ], [ [ [ 55.2951364, 25.2479068 ], [ 55.2950406, 25.2479584 ], [ 55.295100927162437, 25.24808667226592 ], [ 55.295196727187587, 25.248035072270884 ], [ 55.2951364, 25.2479068 ] ] ], [ [ [ 55.295007603506626, 25.248361441958568 ], [ 55.295066203621602, 25.248330841981286 ], [ 55.2951065, 25.2481173 ], [ 55.2950431, 25.2480182 ], [ 55.2949845, 25.2480488 ], [ 55.294974662114221, 25.248100933595403 ], [ 55.2949179, 25.2480099 ], [ 55.294825, 25.2480573 ], [ 55.294819627097532, 25.248085772252249 ], [ 55.294888427106926, 25.248196272254937 ], [ 55.294963933284173, 25.248157788482811 ], [ 55.294944203440451, 25.248262341939917 ], [ 55.295007603506626, 25.248361441958568 ] ] ], [ [ [ 55.293332586083238, 25.251142005141261 ], [ 55.293720386788884, 25.250950705281159 ], [ 55.293758, 25.2507514 ], [ 55.293625523845968, 25.250531579452655 ], [ 55.293982160107952, 25.250356426124512 ], [ 55.294057902022189, 25.250478383059544 ], [ 55.29420669317183, 25.250404286540341 ], [ 55.294322687913322, 25.250584305501327 ], [ 55.294439599350902, 25.250522701728457 ], [ 55.294419061176733, 25.250631533311942 ], [ 55.29450966125728, 25.25075923333377 ], [ 55.294737061618925, 25.250627233404781 ], [ 55.294760083835236, 25.250505237151007 ], [ 55.294815061739143, 25.25059283342874 ], [ 55.295036562086231, 25.250478933497394 ], [ 55.2950688, 25.2503081 ], [ 55.2949852, 25.250175 ], [ 55.294907741874582, 25.250214795705592 ], [ 55.2949335, 25.2500783 ], [ 55.2947854, 25.2498273 ], [ 55.294716876283168, 25.249860367622421 ], [ 55.2947371, 25.2497532 ], [ 55.2946363, 25.2495743 ], [ 55.2944131, 25.2495428 ], [ 55.2939615, 25.2497663 ], [ 55.29392742877814, 25.249946840607659 ], [ 55.2938554, 25.2498269 ], [ 55.2934722, 25.2500152 ], [ 55.293435828322316, 25.250207925762471 ], [ 55.2933507, 25.2500667 ], [ 55.2929554, 25.250261699999989 ], [ 55.292917785692659, 25.250461005028686 ], [ 55.293090985854491, 25.250748405075569 ], [ 55.293169692839783, 25.25070960917828 ], [ 55.293146385909225, 25.250833105090862 ], [ 55.293332586083238, 25.251142005141261 ] ], [ [ 55.294739893611101, 25.250414951955825 ], [ 55.29470708942663, 25.250368714710628 ], [ 55.294752780030379, 25.250346665829685 ], [ 55.294739893611101, 25.250414951955825 ] ], [ [ 55.294541500995265, 25.250408340661735 ], [ 55.294560332282039, 25.250308553072543 ], [ 55.294599385400048, 25.250374740211697 ], [ 55.294541500995265, 25.250408340661735 ] ], [ [ 55.293500692983194, 25.250477698814105 ], [ 55.293517313507813, 25.250389630298717 ], [ 55.293554335609585, 25.250451257709209 ], [ 55.293500692983194, 25.250477698814105 ] ] ], [ [ [ 55.295114027301608, 25.245767972280412 ], [ 55.2951283, 25.2457001 ], [ 55.2950884, 25.2456927 ], [ 55.295074127292828, 25.245760572278517 ], [ 55.295114027301608, 25.245767972280412 ] ] ], [ [ [ 55.295033424520376, 25.24540911131421 ], [ 55.2951316, 25.244944 ], [ 55.294978019798052, 25.244920512394692 ], [ 55.2949887, 25.2448067 ], [ 55.2949125, 25.244794 ], [ 55.294768404344161, 25.245518941998895 ], [ 55.29480710440837, 25.245525342012705 ], [ 55.294911104664621, 25.245352442058341 ], [ 55.294928427525271, 25.245262052937782 ], [ 55.294941504670767, 25.245458042064669 ], [ 55.295022304805592, 25.245469642093585 ], [ 55.295033424520376, 25.24540911131421 ] ] ], [ [ [ 55.295249192834397, 25.230131472827896 ], [ 55.295249192825437, 25.2302213043554 ], [ 55.295294108607258, 25.230221304359105 ], [ 55.295303240570874, 25.230083069780871 ], [ 55.295258324806667, 25.230083069780875 ], [ 55.295249192834397, 25.230131472827896 ] ] ], [ [ [ 55.295031955097109, 25.244869846965198 ], [ 55.295076870864776, 25.244869846965923 ], [ 55.295078661749841, 25.244815440440437 ], [ 55.295033745985634, 25.24481544044043 ], [ 55.295031955097109, 25.244869846965198 ] ] ], [ [ [ 55.295068991763969, 25.23736575800957 ], [ 55.295078661749841, 25.237269592053831 ], [ 55.295033745985634, 25.237045013232795 ], [ 55.294860573547396, 25.23652549599683 ], [ 55.295018524842256, 25.236407032613215 ], [ 55.295033745985634, 25.23623652947709 ], [ 55.294989043544923, 25.236102422155636 ], [ 55.295114982106206, 25.236102422161661 ], [ 55.295123577514047, 25.236011950656067 ], [ 55.295078661749841, 25.235967034891861 ], [ 55.294988830221428, 25.235967034891861 ], [ 55.294980234763898, 25.236101782188143 ], [ 55.294854082928808, 25.236101782184477 ], [ 55.294584588343575, 25.236236529477093 ], [ 55.294569366906458, 25.236407032551426 ], [ 55.294751457230561, 25.236516286756302 ], [ 55.294404925286749, 25.23655093982654 ], [ 55.29439525508738, 25.23673693725857 ], [ 55.294799497066755, 25.237365757986019 ], [ 55.294889328623, 25.237455589521318 ], [ 55.294979160188731, 25.237455589529169 ], [ 55.295068991763969, 25.23736575800957 ] ] ], [ [ [ 55.294530387821794, 25.246176041809317 ], [ 55.294512903574898, 25.246260941872546 ], [ 55.294597303700456, 25.246307741901205 ], [ 55.294787204028069, 25.246310641970243 ], [ 55.294844811446595, 25.246022727195541 ], [ 55.294888404326692, 25.246030542019653 ], [ 55.2949614, 25.2456676 ], [ 55.2945726, 25.245598 ], [ 55.294437003486244, 25.246163741849251 ], [ 55.294530387821794, 25.246176041809317 ] ] ], [ [ [ 55.295074005914138, 25.235722216333322 ], [ 55.295078661749841, 25.235652624542418 ], [ 55.295033745985634, 25.235607708778211 ], [ 55.294854082928808, 25.235562793014008 ], [ 55.294584588343575, 25.235562793014001 ], [ 55.294404925286749, 25.235832287599241 ], [ 55.294400269293433, 25.236171373944696 ], [ 55.294624848159387, 25.236171373954154 ], [ 55.295074005914138, 25.235722216333322 ] ] ], [ [ [ 55.294674419871988, 25.235338214192975 ], [ 55.294629504107782, 25.235428045721388 ], [ 55.294626101707543, 25.235535909717751 ], [ 55.295075259415263, 25.235535909731556 ], [ 55.295078661749841, 25.235472961485595 ], [ 55.294898998693021, 25.235203466900355 ], [ 55.294764251400402, 25.235203466900362 ], [ 55.294674419871988, 25.235338214192975 ] ] ], [ [ [ 55.294721190905626, 25.244372110005568 ], [ 55.2946641, 25.2443636 ], [ 55.294599504402946, 25.244721241973139 ], [ 55.294641404447098, 25.244785741985506 ], [ 55.294845804784742, 25.244822842058301 ], [ 55.294900804929135, 25.244711242083337 ], [ 55.2949335, 25.2444148 ], [ 55.294817389555192, 25.244386449383367 ], [ 55.2948258, 25.2443407 ], [ 55.2947293, 25.244328 ], [ 55.294721190905626, 25.244372110005568 ] ] ], [ [ [ 55.294896849566832, 25.246892954499117 ], [ 55.294898998693021, 25.246791734065496 ], [ 55.294854082928808, 25.246791734065493 ], [ 55.294764251400402, 25.246881565593913 ], [ 55.294762102260712, 25.246937870260595 ], [ 55.29485193379741, 25.246937870262336 ], [ 55.294896849566832, 25.246892954499117 ] ] ], [ [ [ 55.294809167164608, 25.24665698677288 ], [ 55.294806659845918, 25.246715189591622 ], [ 55.294851575614956, 25.246715189592635 ], [ 55.294854082928808, 25.24665698677288 ], [ 55.294809167164608, 25.24665698677288 ] ] ], [ [ [ 55.294806838897848, 25.248376123787612 ], [ 55.294809167164608, 25.248318870048504 ], [ 55.294764251400402, 25.248273954284297 ], [ 55.294719335636195, 25.248273954284297 ], [ 55.29471700736044, 25.248376123785718 ], [ 55.294806838897848, 25.248376123787612 ] ] ], [ [ [ 55.292745494620199, 25.253718181812381 ], [ 55.292853294829882, 25.253904081874275 ], [ 55.29311689434553, 25.253778989536311 ], [ 55.293020237989175, 25.254291119739495 ], [ 55.29322263880114, 25.254593319964268 ], [ 55.29341298529954, 25.254761922479116 ], [ 55.293412837815687, 25.254852535430192 ], [ 55.293457753583638, 25.254942366959806 ], [ 55.293547585125332, 25.254987282727019 ], [ 55.293637416668957, 25.254987282730227 ], [ 55.293628620333436, 25.25490875044872 ], [ 55.293922343043285, 25.254765720887328 ], [ 55.29394004527785, 25.254671923336979 ], [ 55.294021684669659, 25.254671923348639 ], [ 55.294057599055407, 25.254730241326822 ], [ 55.29468670028502, 25.254413241570258 ], [ 55.294727, 25.2541997 ], [ 55.29458, 25.253961 ], [ 55.294021061523047, 25.254242646218398 ], [ 55.2940728, 25.2539685 ], [ 55.2938237, 25.2535497 ], [ 55.293797117722598, 25.253564235960294 ], [ 55.2935947, 25.2532616 ], [ 55.293460241313774, 25.253335267104465 ], [ 55.293499, 25.2531299 ], [ 55.2934041, 25.2529663 ], [ 55.2931313, 25.2530957 ], [ 55.2928261, 25.2532911 ], [ 55.292745494620199, 25.253718181812381 ] ], [ [ 55.293956600591216, 25.254584202739217 ], [ 55.293959195543628, 25.254570453014427 ], [ 55.293965058714647, 25.254579973685516 ], [ 55.293956600591216, 25.254584202739217 ] ] ], [ [ [ 55.29497987719509, 25.230220355254264 ], [ 55.295024792976569, 25.230220355257906 ], [ 55.295033745985634, 25.230127985545078 ], [ 55.294988830221428, 25.230127985545074 ], [ 55.29497987719509, 25.230220355254264 ] ] ], [ [ [ 55.294200892723026, 25.245188053600842 ], [ 55.294189003376758, 25.245437141791498 ], [ 55.294249403477004, 25.245447041813062 ], [ 55.294430689187372, 25.245354483370779 ], [ 55.294477738270274, 25.245365818522281 ], [ 55.294662704157403, 25.24552734196002 ], [ 55.294708704233763, 25.24553484197644 ], [ 55.294809167164608, 25.244950187733057 ], [ 55.294692991232282, 25.244950187740361 ], [ 55.294708, 25.2448654 ], [ 55.2945843, 25.2448493 ], [ 55.294558959741643, 25.244992218031495 ], [ 55.2942451, 25.2449585 ], [ 55.294212101399417, 25.245129850791294 ], [ 55.294180346465723, 25.245129850789876 ], [ 55.294177839121119, 25.245188053598618 ], [ 55.294200892723026, 25.245188053600842 ] ], [ [ 55.2944992, 25.2450002 ], [ 55.294457008617293, 25.24521968233644 ], [ 55.29445675687483, 25.245219682336529 ], [ 55.2944992, 25.2450002 ] ] ], [ [ [ 55.2947735, 25.2405632 ], [ 55.294754696327018, 25.240662853029086 ], [ 55.294815396354061, 25.240769953037166 ], [ 55.294854, 25.2405771 ], [ 55.2947735, 25.2405632 ] ] ], [ [ [ 55.294898998693021, 25.230038154016668 ], [ 55.294890045640912, 25.230130523719481 ], [ 55.294979877203872, 25.230130523726746 ], [ 55.294988830221428, 25.229993238252462 ], [ 55.294943914457221, 25.229993238252469 ], [ 55.294898998693021, 25.230038154016668 ] ] ], [ [ [ 55.294584588343575, 25.248049375463264 ], [ 55.294539672579369, 25.248094291227478 ], [ 55.294537344291349, 25.248151544961484 ], [ 55.29458226005891, 25.248196460726529 ], [ 55.29471700736616, 25.248151544965268 ], [ 55.294719335636195, 25.248094291227474 ], [ 55.294674419871988, 25.248049375463268 ], [ 55.294584588343575, 25.248049375463264 ] ] ], [ [ [ 55.2947029, 25.2423339 ], [ 55.29469752740539, 25.242362372280542 ], [ 55.294723027409248, 25.242396972281586 ], [ 55.294746, 25.2423578 ], [ 55.2947029, 25.2423339 ] ] ], [ [ [ 55.294582797437187, 25.244016447439712 ], [ 55.294627713204846, 25.244016447440437 ], [ 55.294672628973387, 25.24397153167704 ], [ 55.294674419871988, 25.243872209392112 ], [ 55.294584588343575, 25.243872209392109 ], [ 55.294582797437187, 25.244016447439712 ] ] ], [ [ [ 55.294755298300871, 25.230085607944815 ], [ 55.294845129863823, 25.230085607952084 ], [ 55.294854082928808, 25.229993238252462 ], [ 55.294764251400402, 25.229993238252462 ], [ 55.294755298300871, 25.230085607944815 ] ] ], [ [ [ 55.294764251400402, 25.234978888079326 ], [ 55.294719335636195, 25.234978888079329 ], [ 55.294711814609002, 25.235063665098476 ], [ 55.294756730387718, 25.235063665101531 ], [ 55.294764251400402, 25.234978888079326 ] ] ], [ [ [ 55.294197362567061, 25.253309365652719 ], [ 55.2942588, 25.2530852 ], [ 55.2941451, 25.2528883 ], [ 55.294057666437638, 25.252929774526116 ], [ 55.2940848, 25.252786 ], [ 55.2939564, 25.2525849 ], [ 55.2935868, 25.2527783 ], [ 55.293526198863397, 25.25307654120736 ], [ 55.29361619895468, 25.253223241233574 ], [ 55.293703544698211, 25.253177621069849 ], [ 55.293679799029533, 25.253303441253149 ], [ 55.293772699125398, 25.253451141280372 ], [ 55.293875699295072, 25.253471041317013 ], [ 55.293990553314401, 25.253413313069522 ], [ 55.293918599274576, 25.253686241322995 ], [ 55.294152499508634, 25.254074741390799 ], [ 55.294277199710841, 25.254106141434836 ], [ 55.294455500058085, 25.254019141503697 ], [ 55.2944958, 25.2538056 ], [ 55.294197362567061, 25.253309365652719 ] ] ], [ [ [ 55.293492451875409, 25.247884897588804 ], [ 55.29355050211452, 25.24797404383229 ], [ 55.293533801085587, 25.248062541435036 ], [ 55.293563901117409, 25.248108641443935 ], [ 55.293613510749289, 25.248082105269432 ], [ 55.293622601203971, 25.248142941463783 ], [ 55.293703301307488, 25.248225241489504 ], [ 55.293756991419997, 25.248196525924154 ], [ 55.293726001287119, 25.24836074149168 ], [ 55.293817801382254, 25.248505741518635 ], [ 55.293845695232527, 25.248491287488427 ], [ 55.29383270138409, 25.248560141521626 ], [ 55.293857301409702, 25.248598741528859 ], [ 55.293936877700695, 25.248557326413703 ], [ 55.293928401531311, 25.248602241554604 ], [ 55.293967501571984, 25.248663641566093 ], [ 55.2940428016814, 25.248711341591395 ], [ 55.29411740180845, 25.248716241618354 ], [ 55.294204901980102, 25.248670641652279 ], [ 55.294220947861398, 25.248585613660758 ], [ 55.294264602090728, 25.248654241674764 ], [ 55.294411102378078, 25.248577941731558 ], [ 55.294448675754573, 25.248378836117848 ], [ 55.294476726998717, 25.248419972233609 ], [ 55.2945612, 25.2483475 ], [ 55.2945285, 25.2482993 ], [ 55.294446722627264, 25.248357057823085 ], [ 55.294362294867121, 25.248224529505421 ], [ 55.294352, 25.2481486 ], [ 55.294304317295889, 25.248173437407292 ], [ 55.2943278, 25.248049 ], [ 55.2942356, 25.2479041 ], [ 55.2941088, 25.2479701 ], [ 55.294094019188449, 25.248023222871307 ], [ 55.2941322, 25.2478209 ], [ 55.29409463256664, 25.247764584886191 ], [ 55.2941192, 25.2476344 ], [ 55.2940572, 25.247544 ], [ 55.294009394282547, 25.247569419086464 ], [ 55.2940071, 25.2474641 ], [ 55.2939884, 25.2474356 ], [ 55.293948751585852, 25.247456915409803 ], [ 55.2939607, 25.2473936 ], [ 55.2939339, 25.2473513 ], [ 55.2937411, 25.2474576 ], [ 55.293734295545597, 25.247493656868613 ], [ 55.293669, 25.2474147 ], [ 55.2936129, 25.2474443 ], [ 55.29359852444442, 25.247520475750726 ], [ 55.2934115, 25.2476199 ], [ 55.293371200904879, 25.247833441386067 ], [ 55.293413912759021, 25.247884897571815 ], [ 55.293492451875409, 25.247884897588804 ] ], [ [ 55.293907494292817, 25.248093180305556 ], [ 55.293875818195851, 25.2480904926365 ], [ 55.293881210850117, 25.248061916921628 ], [ 55.293909278157805, 25.248083727580436 ], [ 55.293907494292817, 25.248093180305556 ] ] ], [ [ [ 55.294446617311927, 25.246539322826244 ], [ 55.294491533080773, 25.246584238591602 ], [ 55.294536448851204, 25.246584238592909 ], [ 55.294581364624797, 25.246494407066123 ], [ 55.294584588343575, 25.246387492187644 ], [ 55.294494756815162, 25.246387492187644 ], [ 55.294449841050955, 25.246432407951851 ], [ 55.294446617311927, 25.246539322826244 ] ] ], [ [ [ 55.294259227296557, 25.242492472258473 ], [ 55.294276227298852, 25.242520272259142 ], [ 55.294313896101251, 25.242501326428567 ], [ 55.294358218626122, 25.242624058748465 ], [ 55.294582797464436, 25.242624058752099 ], [ 55.294584588343575, 25.242345073409105 ], [ 55.294404925286749, 25.242345073409108 ], [ 55.294259227296557, 25.242492472258473 ] ] ], [ [ [ 55.2938516, 25.2423838 ], [ 55.293848377677229, 25.24232643342479 ], [ 55.29394579529967, 25.242481552853519 ], [ 55.293998892488332, 25.242444395686181 ], [ 55.294004054442354, 25.24238143892471 ], [ 55.294036495382763, 25.24243385286994 ], [ 55.294111995451637, 25.242395552883576 ], [ 55.2941308, 25.2422959 ], [ 55.29410002627683, 25.242225172827894 ], [ 55.294201695565576, 25.24219385290305 ], [ 55.294217015801131, 25.242112664304777 ], [ 55.294304095627908, 25.242293152918382 ], [ 55.294392595709297, 25.242245152934426 ], [ 55.294401805114774, 25.242196347912333 ], [ 55.294422095736543, 25.242228552939789 ], [ 55.29456399586627, 25.242155252965439 ], [ 55.2945828, 25.2420556 ], [ 55.2944, 25.2417768 ], [ 55.294380051819843, 25.241788091426812 ], [ 55.2943879, 25.2417465 ], [ 55.2943403, 25.2416749 ], [ 55.2942879, 25.2417034 ], [ 55.294269095700344, 25.241803052922688 ], [ 55.294316695724099, 25.24187465292928 ], [ 55.294336197842142, 25.241864045878387 ], [ 55.294330318726026, 25.24190951978732 ], [ 55.294252758310193, 25.241949598387492 ], [ 55.2942727, 25.2418555 ], [ 55.2941453, 25.2416844 ], [ 55.2940655, 25.2417512 ], [ 55.294049587799769, 25.241835525442941 ], [ 55.2940185, 25.2417167 ], [ 55.293979383822652, 25.241771291745941 ], [ 55.2939656, 25.2417487 ], [ 55.2938831, 25.2417918 ], [ 55.293864430539301, 25.241891657646022 ], [ 55.2937962, 25.2418397 ], [ 55.2937529, 25.2418644 ], [ 55.29373409523496, 25.241964052828372 ], [ 55.293821928465611, 25.242089947076963 ], [ 55.293732, 25.2421826 ], [ 55.293683395106179, 25.242391252810812 ], [ 55.293705595117018, 25.242425852813859 ], [ 55.293752097633934, 25.242382772371734 ], [ 55.293752295140919, 25.242493152820391 ], [ 55.293832795207962, 25.242483452834271 ], [ 55.2938516, 25.2423838 ] ], [ [ 55.294199742017661, 25.242024141819769 ], [ 55.294195416592899, 25.242009543503908 ], [ 55.2942032962575, 25.242005306332956 ], [ 55.294199742017661, 25.242024141819769 ] ], [ [ 55.294110468660435, 25.241986320860402 ], [ 55.294116427299436, 25.241958220926303 ], [ 55.294128459369297, 25.241976747029323 ], [ 55.294110468660435, 25.241986320860402 ] ], [ [ 55.293948837986555, 25.242292227084896 ], [ 55.293944522269953, 25.24229439982528 ], [ 55.293945844827725, 25.242287391109315 ], [ 55.293948837986555, 25.242292227084896 ] ], [ [ 55.293914019677409, 25.242222019083925 ], [ 55.293937280065606, 25.242227328015762 ], [ 55.293932633644964, 25.242251951096105 ], [ 55.293914019677409, 25.242222019083925 ] ] ], [ [ [ 55.2944634, 25.2476357 ], [ 55.294419596264461, 25.247564430621804 ], [ 55.2944983, 25.2474971 ], [ 55.2942795, 25.2471421 ], [ 55.2941229, 25.2472226 ], [ 55.294110926979847, 25.247302672222514 ], [ 55.294321227007686, 25.247655672230625 ], [ 55.29442112702926, 25.247681172235328 ], [ 55.2944634, 25.2476357 ] ] ], [ [ [ 55.2942889, 25.245583 ], [ 55.2942083, 25.2455688 ], [ 55.294128, 25.2456122 ], [ 55.294017502754436, 25.2461757416959 ], [ 55.294130602941465, 25.246195841736199 ], [ 55.294184257238591, 25.245931992308115 ], [ 55.29420616349104, 25.24593481192003 ], [ 55.294186427071139, 25.246045072233706 ], [ 55.294407627119675, 25.246088372244184 ], [ 55.2945155, 25.2456154 ], [ 55.2943273, 25.2455787 ], [ 55.294268146311659, 25.245860674249922 ], [ 55.294270177994136, 25.245803587252961 ], [ 55.29424566333109, 25.245803587254656 ], [ 55.2942889, 25.245583 ] ], [ [ 55.294223963085827, 25.24591429842167 ], [ 55.294256896781029, 25.245914298423607 ], [ 55.294253741700949, 25.245929338024386 ], [ 55.294222132151937, 25.245923639541477 ], [ 55.294223963085827, 25.24591429842167 ] ] ], [ [ [ 55.2936879, 25.2430867 ], [ 55.293647603380343, 25.243300241690108 ], [ 55.293808203567238, 25.243507341739321 ], [ 55.293930430729347, 25.243448211524022 ], [ 55.293916103730957, 25.243559841776282 ], [ 55.294020168688149, 25.243675078074936 ], [ 55.293977203686282, 25.243901541783213 ], [ 55.294013468736388, 25.243907293390034 ], [ 55.29395526003497, 25.244022377105484 ], [ 55.293910851880483, 25.244006956684725 ], [ 55.293909060921358, 25.244061363192912 ], [ 55.293935541058737, 25.244061363195005 ], [ 55.293861203242628, 25.244452741716234 ], [ 55.29394705378494, 25.24459513864025 ], [ 55.2938424, 25.2445794 ], [ 55.293827986535852, 25.244656251257403 ], [ 55.2937057, 25.244635 ], [ 55.293668711180807, 25.244821429566183 ], [ 55.2936405, 25.2448172 ], [ 55.293631393000112, 25.244860356205823 ], [ 55.29357118293138, 25.244885614810318 ], [ 55.2936396, 25.2445562 ], [ 55.29339070000001, 25.2445068 ], [ 55.293258826915789, 25.245043272194632 ], [ 55.293507826970639, 25.245088272206463 ], [ 55.29354975365743, 25.244973918461341 ], [ 55.29354883925884, 25.245009339601673 ], [ 55.293601611832486, 25.245001482803382 ], [ 55.29357812698543, 25.245112772209719 ], [ 55.293642126999544, 25.24512397221277 ], [ 55.293665234145351, 25.245018589856226 ], [ 55.293849727050784, 25.245067772223191 ], [ 55.293873709705245, 25.244973789825952 ], [ 55.293850602940594, 25.245096841683473 ], [ 55.29415340341879, 25.245201741789089 ], [ 55.2942372, 25.244752 ], [ 55.2942082, 25.2446886 ], [ 55.294178501613715, 25.244684110082684 ], [ 55.294180346465723, 25.244635777383614 ], [ 55.294152508646071, 25.244635777397924 ], [ 55.294209147135717, 25.244392118671218 ], [ 55.294181303704526, 25.244662641823432 ], [ 55.294327603948012, 25.244685041875719 ], [ 55.294346738378344, 25.244573123378967 ], [ 55.294435004178936, 25.244583041919412 ], [ 55.2945057, 25.2441861 ], [ 55.2944093, 25.2441703 ], [ 55.294372604751359, 25.244363151656959 ], [ 55.294359175130147, 25.244289182226201 ], [ 55.294388917324916, 25.244139030552464 ], [ 55.29447610443912, 25.244153841953633 ], [ 55.2945293, 25.2438779 ], [ 55.294410254910304, 25.243857763950935 ], [ 55.29440473015022, 25.243822347763171 ], [ 55.294495804646523, 25.243760341978451 ], [ 55.2945361, 25.2435468 ], [ 55.294495943243341, 25.243402330150335 ], [ 55.2945148, 25.2433024 ], [ 55.2943694, 25.2430601 ], [ 55.294344254180253, 25.243072639306128 ], [ 55.2942571, 25.2428899 ], [ 55.2941926, 25.2429225 ], [ 55.294171533270244, 25.243034140610838 ], [ 55.294154159865599, 25.243009289431182 ], [ 55.2941735, 25.2427766 ], [ 55.2941372, 25.2427176 ], [ 55.294092287465126, 25.242753205525553 ], [ 55.2941098, 25.2426604 ], [ 55.2940327, 25.242533 ], [ 55.293975, 25.2425627 ], [ 55.293930345658339, 25.242637873832571 ], [ 55.2938141, 25.2426396 ], [ 55.293560053160647, 25.242802186852092 ], [ 55.2935145, 25.2428037 ], [ 55.293528427105905, 25.242865872220754 ], [ 55.293567050876241, 25.242837947823357 ], [ 55.293613227122727, 25.242912872224597 ], [ 55.293751816595872, 25.24291372196349 ], [ 55.2936348, 25.2430049 ], [ 55.293649827122152, 25.243066572225448 ], [ 55.293807005445032, 25.242987224354295 ], [ 55.293799023554321, 25.243029522697483 ], [ 55.2936879, 25.2430867 ] ], [ [ 55.294241439631406, 25.243635005237497 ], [ 55.294278372703054, 25.243616137708951 ], [ 55.294267861102576, 25.243671842490116 ], [ 55.294235458274542, 25.243666702564109 ], [ 55.294241439631406, 25.243635005237497 ] ], [ [ 55.294122987114733, 25.243629392946687 ], [ 55.294138129619334, 25.243651266426852 ], [ 55.29409427535262, 25.243644311202566 ], [ 55.294120804053897, 25.243631441847629 ], [ 55.294122987114733, 25.243629392946687 ] ], [ [ 55.293998534251429, 25.244692082040832 ], [ 55.294082377754478, 25.24469208206968 ], [ 55.294084492728544, 25.24469237089205 ], [ 55.293949257027478, 25.244717352212067 ], [ 55.293966163617235, 25.244626835319547 ], [ 55.293998534251429, 25.244692082040832 ] ], [ [ 55.293952329912962, 25.24280430838704 ], [ 55.293954715124372, 25.242808106493385 ], [ 55.293951343452463, 25.242809535972484 ], [ 55.293952329912962, 25.24280430838704 ] ] ], [ [ [ 55.2941575, 25.2384256 ], [ 55.2941005, 25.2383301 ], [ 55.294061, 25.2383495 ], [ 55.29411351111078, 25.238457590195758 ], [ 55.294097196231142, 25.238544052961664 ], [ 55.294121642570211, 25.238588336421639 ], [ 55.294077996183603, 25.238699852955151 ], [ 55.294384296323166, 25.239225052996215 ], [ 55.294531396456442, 25.239154853022693 ], [ 55.2945502, 25.2390552 ], [ 55.2942438, 25.23853 ], [ 55.294189202496504, 25.238556073120751 ], [ 55.2941995, 25.2385015 ], [ 55.2941575, 25.2384256 ] ] ], [ [ [ 55.294220963472725, 25.254989180896473 ], [ 55.29426587924312, 25.255034096662204 ], [ 55.294310795015626, 25.255034096663952 ], [ 55.294315093758343, 25.254966403150984 ], [ 55.294270177994136, 25.254921487386781 ], [ 55.294225262229929, 25.254921487386781 ], [ 55.294220963472725, 25.254989180896473 ] ] ], [ [ [ 55.294404925286749, 25.236236529477097 ], [ 55.294395792356788, 25.23637476391864 ], [ 55.294424600912819, 25.236403572473513 ], [ 55.294315093758343, 25.236371276769713 ], [ 55.294307572478722, 25.236545885277391 ], [ 55.294442319818565, 25.236500969522723 ], [ 55.294449531678424, 25.236419679687909 ], [ 55.294485623915968, 25.236419679689806 ], [ 55.294494756815162, 25.236236529477093 ], [ 55.294404925286749, 25.236236529477097 ] ] ], [ [ [ 55.294356606887533, 25.240791054101649 ], [ 55.294360009522549, 25.240683190133485 ], [ 55.294270177994136, 25.240683190133488 ], [ 55.294180346465723, 25.240728105897691 ], [ 55.294176943802775, 25.240835969860168 ], [ 55.294311691115091, 25.240835969864314 ], [ 55.294356606887533, 25.240791054101649 ] ] ], [ [ [ 55.2942867, 25.2415942 ], [ 55.294247027343779, 25.241640272262991 ], [ 55.294272527347275, 25.241680972263978 ], [ 55.2943122, 25.2416349 ], [ 55.2942867, 25.2415942 ] ] ], [ [ [ 55.293785554438074, 25.256359715294018 ], [ 55.294003455726546, 25.256172215539898 ], [ 55.2941163, 25.2555743 ], [ 55.2933982, 25.2549237 ], [ 55.293364891740822, 25.254954810706419 ], [ 55.2933735, 25.2549092 ], [ 55.2932997, 25.2548428 ], [ 55.293156570539274, 25.254973116183869 ], [ 55.293195, 25.2547695 ], [ 55.292912, 25.2545084 ], [ 55.2927577, 25.2546452 ], [ 55.292732253409397, 25.254780024870595 ], [ 55.2926933, 25.254745 ], [ 55.292481026153446, 25.254961772097516 ], [ 55.292773426205542, 25.25522477211015 ], [ 55.292917651493745, 25.255093576010903 ], [ 55.29297061521634, 25.25514242371057 ], [ 55.2928529, 25.2552496 ], [ 55.292772292986825, 25.255676681656173 ], [ 55.292846093184039, 25.255743081704018 ], [ 55.29288132210457, 25.255711006990229 ], [ 55.292838250361186, 25.255939214380167 ], [ 55.29339945241265, 25.256483114884539 ], [ 55.293785554438074, 25.256359715294018 ] ] ], [ [ [ 55.294360009522549, 25.236640771354949 ], [ 55.294315093758343, 25.236640771354949 ], [ 55.294309184170373, 25.23671700664416 ], [ 55.294354099945984, 25.236717006646554 ], [ 55.294360009522549, 25.236640771354949 ] ] ], [ [ [ 55.294135430701516, 25.239290801443104 ], [ 55.294130774485183, 25.239495140467383 ], [ 55.294265521804761, 25.23949514047305 ], [ 55.294310437580229, 25.239450224710968 ], [ 55.294315093758343, 25.239290801443097 ], [ 55.294270177994136, 25.239200969914695 ], [ 55.294225262229929, 25.239200969914688 ], [ 55.294135430701516, 25.239290801443104 ] ] ], [ [ [ 55.294232669744609, 25.23235587047234 ], [ 55.294256769747889, 25.232398370473316 ], [ 55.294389969784561, 25.232336370480603 ], [ 55.2943716, 25.2322636 ], [ 55.2942384, 25.2323255 ], [ 55.294232669744609, 25.23235587047234 ] ] ], [ [ [ 55.294379127902971, 25.232633672323253 ], [ 55.2943845, 25.2326052 ], [ 55.2943501, 25.232561 ], [ 55.29432642789272, 25.23260117232088 ], [ 55.294360827898068, 25.232645272322291 ], [ 55.294379127902971, 25.232633672323253 ] ] ], [ [ [ 55.294342327882298, 25.232841372320223 ], [ 55.2943815, 25.232796 ], [ 55.2943312, 25.2327132 ], [ 55.294291927875513, 25.232758572318268 ], [ 55.294342327882298, 25.232841372320223 ] ] ], [ [ [ 55.2942015, 25.2320635 ], [ 55.294265569761521, 25.23221517047493 ], [ 55.294369069790044, 25.232166470480607 ], [ 55.294305, 25.2320148 ], [ 55.2942015, 25.2320635 ] ] ], [ [ [ 55.294263193928629, 25.236632869572649 ], [ 55.294270177994136, 25.23655093982654 ], [ 55.294225262229929, 25.236550939826532 ], [ 55.294218278150943, 25.236632869569814 ], [ 55.294263193928629, 25.236632869572649 ] ] ], [ [ [ 55.294220247884525, 25.23909279674718 ], [ 55.294225262229929, 25.239021306857865 ], [ 55.294135430701516, 25.239021306857865 ], [ 55.294130416336749, 25.239092796743105 ], [ 55.294220247884525, 25.23909279674718 ] ] ], [ [ [ 55.294172646067146, 25.236501918580736 ], [ 55.294180346465723, 25.23641619253392 ], [ 55.294135430701516, 25.23641619253392 ], [ 55.294127730288075, 25.236501918577609 ], [ 55.294172646067146, 25.236501918580736 ] ] ], [ [ [ 55.293905658391296, 25.238914082752522 ], [ 55.294085321488218, 25.238914082760957 ], [ 55.294090514937309, 25.238841643801035 ], [ 55.29395576764469, 25.238751812272632 ], [ 55.293865936116276, 25.238751812272628 ], [ 55.293860742622172, 25.238824251222514 ], [ 55.293905658391296, 25.238914082752522 ] ] ], [ [ [ 55.294051296047826, 25.239255652938965 ], [ 55.2940701, 25.239156 ], [ 55.2940512, 25.2391246 ], [ 55.2939513, 25.2391737 ], [ 55.293932495948205, 25.239273352918406 ], [ 55.293951395957016, 25.239304752920955 ], [ 55.294051296047826, 25.239255652938965 ] ] ], [ [ [ 55.2928728, 25.2416261 ], [ 55.29286824349888, 25.241650245577496 ], [ 55.2927229, 25.2415752 ], [ 55.2926832, 25.2415955 ], [ 55.292668439893525, 25.241673715323465 ], [ 55.2926313, 25.2416164 ], [ 55.2925779, 25.2416447 ], [ 55.292564357760867, 25.241716461346677 ], [ 55.2925432, 25.2416849 ], [ 55.2924064, 25.2417599 ], [ 55.292527626927019, 25.241977472177453 ], [ 55.292626638062274, 25.241923157126308 ], [ 55.292642920723679, 25.241966261168642 ], [ 55.2925652, 25.2420071 ], [ 55.292546394245889, 25.242106752623442 ], [ 55.292584144575116, 25.242165452874453 ], [ 55.292562661354722, 25.242177339248169 ], [ 55.2925015, 25.2419979 ], [ 55.2924758, 25.2419569 ], [ 55.292452975317289, 25.241968626920688 ], [ 55.2923823, 25.2418312 ], [ 55.292343790175458, 25.241851748110815 ], [ 55.2923266, 25.241791 ], [ 55.2922746, 25.2418139 ], [ 55.292258910567135, 25.241897038195695 ], [ 55.2921932, 25.2419321 ], [ 55.2921799574776, 25.242006079003982 ], [ 55.2921503, 25.2419578 ], [ 55.2921027, 25.2419818 ], [ 55.292085864044267, 25.242071012755112 ], [ 55.292203768861391, 25.242233195711787 ], [ 55.292202261783586, 25.242354564128856 ], [ 55.292292093317151, 25.242444395658548 ], [ 55.292337009084818, 25.24244439565927 ], [ 55.29233880013328, 25.242345073409112 ], [ 55.292293884369073, 25.242210326116489 ], [ 55.292238593904877, 25.242210326122958 ], [ 55.292244520337988, 25.24217892214909 ], [ 55.29225461340021, 25.242195023912906 ], [ 55.292390910304867, 25.242124997266384 ], [ 55.292380294096361, 25.242181252593642 ], [ 55.292445581601278, 25.242251853472723 ], [ 55.2923578, 25.2423005 ], [ 55.292343471635988, 25.242376425777259 ], [ 55.292394471655605, 25.242451625782667 ], [ 55.292629194264947, 25.242339552632657 ], [ 55.292632370899653, 25.242216774732221 ], [ 55.292700509807524, 25.242180970764714 ], [ 55.292726294367043, 25.242224552651574 ], [ 55.292752494390825, 25.2422118526563 ], [ 55.292770105696896, 25.242118528728032 ], [ 55.292865994485382, 25.242198052675878 ], [ 55.292909794525542, 25.242174852683803 ], [ 55.292922559625715, 25.242107208759393 ], [ 55.292956294565954, 25.242161052692012 ], [ 55.29299809460413, 25.242139652699557 ], [ 55.293014954140347, 25.241982626627905 ], [ 55.293072994677885, 25.242075252713651 ], [ 55.293111994710124, 25.242071752720346 ], [ 55.293182494774527, 25.2420355527331 ], [ 55.293192785454643, 25.241981020340091 ], [ 55.293227594810773, 25.242036552740739 ], [ 55.293486995050138, 25.241891752787875 ], [ 55.2935058, 25.2417921 ], [ 55.293405102181552, 25.241631443173834 ], [ 55.293446136631843, 25.241608865311616 ], [ 55.293559227175606, 25.241800072228621 ], [ 55.293676627205855, 25.241746472234649 ], [ 55.293685250975237, 25.241683104462105 ], [ 55.293684482128768, 25.24172574345523 ], [ 55.293729397895547, 25.241770659220073 ], [ 55.293864145198533, 25.241770659222247 ], [ 55.293910851880483, 25.241626421181813 ], [ 55.293832578016058, 25.241581505429064 ], [ 55.29385010162278, 25.241450158353107 ], [ 55.293888195468433, 25.241433852865661 ], [ 55.293928, 25.241253 ], [ 55.293884665743711, 25.241170258052392 ], [ 55.293924495539173, 25.241232352876054 ], [ 55.294004795612722, 25.241190252890579 ], [ 55.2940236, 25.2410906 ], [ 55.293927, 25.2409399 ], [ 55.2938467, 25.2409821 ], [ 55.293829351971596, 25.241074034382514 ], [ 55.2937939, 25.2410127 ], [ 55.2937511, 25.2410325 ], [ 55.293736217492729, 25.241111368194556 ], [ 55.2937082, 25.2410647 ], [ 55.2933844, 25.2412599 ], [ 55.2933711, 25.2413895 ], [ 55.2932998, 25.2412835 ], [ 55.2932654, 25.2413024 ], [ 55.293250016096778, 25.241383923270522 ], [ 55.2932138, 25.2413261 ], [ 55.2928901, 25.2414921 ], [ 55.2928728, 25.2416261 ] ], [ [ 55.293725145028688, 25.241210320915187 ], [ 55.293737991968065, 25.241142240102523 ], [ 55.293806132728079, 25.241262901017304 ], [ 55.293774692097294, 25.241292959785703 ], [ 55.293725145028688, 25.241210320915187 ] ], [ [ 55.293745274106151, 25.241581505423358 ], [ 55.293738917484148, 25.241581505420928 ], [ 55.293740395755513, 25.24157367153153 ], [ 55.293745274106151, 25.241581505423358 ] ], [ [ 55.293701237032344, 25.241468293279947 ], [ 55.293702982340974, 25.241467415829067 ], [ 55.293698668890734, 25.241490274332254 ], [ 55.29368946296723, 25.241474212669761 ], [ 55.293701237032344, 25.241468293279947 ] ] ], [ [ [ 55.293865936116276, 25.249127353804209 ], [ 55.293821020352077, 25.249172269568415 ], [ 55.293816184469996, 25.249242810309539 ], [ 55.293906016017068, 25.249242810313469 ], [ 55.293910851880483, 25.249127353804216 ], [ 55.293865936116276, 25.249127353804209 ] ] ], [ [ [ 55.293814226817446, 25.248901172198547 ], [ 55.293904926840845, 25.248859372203199 ], [ 55.2938752, 25.2487685 ], [ 55.2937844, 25.2488103 ], [ 55.293814226817446, 25.248901172198547 ] ] ], [ [ [ 55.2935979, 25.2373905 ], [ 55.2935254, 25.2373681 ], [ 55.293514722285373, 25.23742468711426 ], [ 55.2934911, 25.2373836 ], [ 55.293451295912746, 25.237553952872599 ], [ 55.293878596110822, 25.23827005293024 ], [ 55.293905760712065, 25.238148062824969 ], [ 55.293935796171581, 25.238199252941452 ], [ 55.293985396209166, 25.238211352949623 ], [ 55.2940042, 25.2381117 ], [ 55.2935979, 25.2373905 ] ] ], [ [ [ 55.293908165515518, 25.24155082577688 ], [ 55.293953081284904, 25.241550825777974 ], [ 55.29395576764469, 25.241491673889197 ], [ 55.293910851880483, 25.241491673889186 ], [ 55.293908165515518, 25.24155082577688 ] ] ], [ [ [ 55.29395576764469, 25.239470464499931 ], [ 55.293910851880483, 25.23947046449992 ], [ 55.293906553786911, 25.239627989599292 ], [ 55.29395146955941, 25.239627989601033 ], [ 55.29395576764469, 25.239470464499931 ] ] ], [ [ [ 55.293821726833336, 25.24866027220035 ], [ 55.293814, 25.2486103 ], [ 55.293772, 25.2486313 ], [ 55.293779726822407, 25.248681172198182 ], [ 55.293821726833336, 25.24866027220035 ] ] ], [ [ [ 55.293688239722698, 25.248604739886336 ], [ 55.2935806, 25.2485964 ], [ 55.2934579, 25.2486871 ], [ 55.293459026741651, 25.248795072181927 ], [ 55.293561626758702, 25.24890817218623 ], [ 55.293797426820248, 25.248787372198411 ], [ 55.293709898684824, 25.248614183080083 ], [ 55.2937928, 25.2485465 ], [ 55.2936713, 25.2483498 ], [ 55.2934918, 25.2484405 ], [ 55.293486426767124, 25.248468972185208 ], [ 55.293514726770979, 25.248514772186301 ], [ 55.293544226778664, 25.248499872187825 ], [ 55.293657883002076, 25.248555558070635 ], [ 55.293688239722698, 25.248604739886336 ] ] ], [ [ [ 55.293906911953712, 25.239805754504783 ], [ 55.293910851880483, 25.239739959085153 ], [ 55.293821020352077, 25.239739959085156 ], [ 55.29377610458787, 25.239784874849367 ], [ 55.293772164634419, 25.239895586027995 ], [ 55.293817080406228, 25.239895586029597 ], [ 55.293906911953712, 25.239805754504783 ] ] ], [ [ [ 55.293815289144248, 25.245923789145561 ], [ 55.293821020352077, 25.245803587252965 ], [ 55.293731188823664, 25.245803587252965 ], [ 55.293686273059457, 25.245848503017172 ], [ 55.293680541815625, 25.245968704902491 ], [ 55.293770373366158, 25.245968704907146 ], [ 55.293815289144248, 25.245923789145561 ] ] ], [ [ [ 55.29290590372311, 25.243412495207426 ], [ 55.292920914043329, 25.243522374007522 ], [ 55.293010745576893, 25.243612205537207 ], [ 55.293053839390979, 25.243612205538174 ], [ 55.293030602120261, 25.243735341445795 ], [ 55.29311389936511, 25.243905593920651 ], [ 55.293100218900172, 25.244018345561894 ], [ 55.293146469202327, 25.244018345569629 ], [ 55.293140362152464, 25.24405187244982 ], [ 55.293057452360571, 25.244096788213142 ], [ 55.293055303128646, 25.244153092853324 ], [ 55.293145134665359, 25.244153092855072 ], [ 55.293145971170937, 25.244113696616253 ], [ 55.293201437785704, 25.244119237394962 ], [ 55.293183002071565, 25.24444504146949 ], [ 55.293547502702381, 25.244445941602251 ], [ 55.29367880295213, 25.244395141652365 ], [ 55.293698186189012, 25.244285942011537 ], [ 55.293729397846313, 25.244285942010595 ], [ 55.293720790142643, 25.244110046155892 ], [ 55.293819229385164, 25.244106278955577 ], [ 55.293821020352077, 25.243962040920518 ], [ 55.293778745725994, 25.24391976629569 ], [ 55.293778, 25.2437811 ], [ 55.293717845878703, 25.24377332553377 ], [ 55.2937586, 25.2435744 ], [ 55.2937261, 25.2435266 ], [ 55.293695286706978, 25.243542929055184 ], [ 55.2937102, 25.2434639 ], [ 55.2936899, 25.2434298 ], [ 55.293638495663167, 25.243451953858099 ], [ 55.2936503, 25.2433894 ], [ 55.2935507, 25.2432497 ], [ 55.2934826, 25.2432901 ], [ 55.293474148209768, 25.243334887675037 ], [ 55.293441280834244, 25.243336204481874 ], [ 55.29346026773166, 25.243169470399881 ], [ 55.293459903261436, 25.243207963667434 ], [ 55.293549734796756, 25.243207963668887 ], [ 55.293596441531044, 25.243063725636404 ], [ 55.293551525766837, 25.243018809872193 ], [ 55.293461694238424, 25.243018809872197 ], [ 55.293461471221214, 25.243042363943584 ], [ 55.2934463, 25.2430171 ], [ 55.293383141624339, 25.243048097209908 ], [ 55.2933982, 25.2429683 ], [ 55.2933423, 25.2428902 ], [ 55.293217123321753, 25.24283378354767 ], [ 55.2932325, 25.2427523 ], [ 55.2931939, 25.2426788 ], [ 55.29307842954627, 25.242714400595151 ], [ 55.2931259, 25.2424866 ], [ 55.2929568, 25.242271 ], [ 55.2924469, 25.2425331 ], [ 55.292441526872835, 25.24256157216977 ], [ 55.292582026892134, 25.242785272175258 ], [ 55.292727752889306, 25.242710447602676 ], [ 55.292744182589182, 25.242736618163637 ], [ 55.2926054, 25.2428102 ], [ 55.292565101627638, 25.243023741308107 ], [ 55.292598701667188, 25.243066041318453 ], [ 55.292657485980307, 25.243059450140919 ], [ 55.292649628405727, 25.243172538615582 ], [ 55.29280050589842, 25.243262370152554 ], [ 55.292779601845162, 25.243373141370583 ], [ 55.292833501904887, 25.243449441386808 ], [ 55.29290590372311, 25.243412495207426 ] ], [ [ 55.293056476656162, 25.243566991820668 ], [ 55.293061575985327, 25.243571208722859 ], [ 55.293055853834964, 25.243601530845961 ], [ 55.293056476656162, 25.243566991820668 ] ], [ [ 55.292850942411228, 25.243050302199123 ], [ 55.292816214438851, 25.243032938213201 ], [ 55.292863043461757, 25.243007695324625 ], [ 55.292850942411228, 25.243050302199123 ] ] ], [ [ [ 55.293821020352077, 25.239111138386278 ], [ 55.293686273059457, 25.239111138386278 ], [ 55.293681616766968, 25.239225645864639 ], [ 55.293816364086553, 25.239225645870313 ], [ 55.293821020352077, 25.239111138386278 ] ] ], [ [ [ 55.2933849, 25.249019 ], [ 55.293441626716941, 25.249147272178973 ], [ 55.293668826776191, 25.249031772190694 ], [ 55.2936742, 25.2490033 ], [ 55.2935884, 25.2489155 ], [ 55.2933849, 25.249019 ] ] ], [ [ [ 55.293551525766837, 25.238257738866356 ], [ 55.293452427353635, 25.238348072244086 ], [ 55.293522141391563, 25.23843238531035 ], [ 55.293502670055773, 25.238682860390156 ], [ 55.293592501593587, 25.23881760768538 ], [ 55.293682333137212, 25.238817607688574 ], [ 55.293772164686629, 25.238682860399759 ], [ 55.293821020352077, 25.238392486158975 ], [ 55.293731188823664, 25.238257738866363 ], [ 55.293551525766837, 25.238257738866356 ] ] ], [ [ [ 55.293464594928636, 25.242394852773536 ], [ 55.293469693138199, 25.242367836105966 ], [ 55.293498320579062, 25.242383752100931 ], [ 55.293509427125507, 25.242457372222272 ], [ 55.293599495035672, 25.242404452796265 ], [ 55.293605732377941, 25.242371399386414 ], [ 55.293638127157259, 25.242422672228731 ], [ 55.293660427163083, 25.242411172229883 ], [ 55.293623085301654, 25.242315250511481 ], [ 55.293685395129792, 25.242284252813384 ], [ 55.2937042, 25.2421846 ], [ 55.2936457, 25.2420884 ], [ 55.2935466, 25.2421377 ], [ 55.293535277832021, 25.242197699296106 ], [ 55.293503890473936, 25.24214214323899 ], [ 55.293705527195208, 25.242041472234284 ], [ 55.29365210000001, 25.2419165 ], [ 55.2933875, 25.242049 ], [ 55.293376966658037, 25.242104818749755 ], [ 55.2932682, 25.2421642 ], [ 55.293215827063349, 25.242361472208582 ], [ 55.293289594769405, 25.242481552741957 ], [ 55.293341303639373, 25.242455934758414 ], [ 55.293470427104445, 25.242662772219148 ], [ 55.293505614381829, 25.242644813325629 ], [ 55.293504819039647, 25.242668974498759 ], [ 55.293684482110301, 25.242668974501669 ], [ 55.293729397878842, 25.242624058738279 ], [ 55.293731188823664, 25.242569652230138 ], [ 55.293698537044939, 25.242537000455879 ], [ 55.2937348, 25.2424919 ], [ 55.2936785, 25.2424064 ], [ 55.2935769, 25.2424551 ], [ 55.293571527138305, 25.242483572225144 ], [ 55.293604427142625, 25.242539372226396 ], [ 55.293651997065446, 25.242502133831408 ], [ 55.293666880443155, 25.242524736467612 ], [ 55.293529543405739, 25.242591634597339 ], [ 55.293464594928636, 25.242394852773536 ] ] ], [ [ [ 55.2937046, 25.2418884 ], [ 55.293664327191962, 25.241934772232923 ], [ 55.293689827195458, 25.241975472233918 ], [ 55.2937301, 25.241929 ], [ 55.2937046, 25.2418884 ] ] ], [ [ [ 55.293551525766837, 25.246612071008673 ], [ 55.293545436237054, 25.246689255264794 ], [ 55.293635267788979, 25.246689255269736 ], [ 55.29364135729525, 25.24656715524447 ], [ 55.293596441531044, 25.246567155244467 ], [ 55.293551525766837, 25.246612071008673 ] ] ], [ [ [ 55.29345811241248, 25.239938603631831 ], [ 55.293592859727589, 25.239893687872168 ], [ 55.293637775500471, 25.2398487721096 ], [ 55.29364135729525, 25.23969504332096 ], [ 55.293551525766837, 25.239650127556747 ], [ 55.29350661000263, 25.23965012755675 ], [ 55.293326946945811, 25.23978487484937 ], [ 55.293323365100882, 25.239893687863439 ], [ 55.293368280870233, 25.239938603628925 ], [ 55.29345811241248, 25.239938603631831 ] ] ], [ [ [ 55.293188975663924, 25.248695279463732 ], [ 55.293323722975217, 25.248695279467668 ], [ 55.293413554517656, 25.24865036370624 ], [ 55.293416778474217, 25.248543448869533 ], [ 55.293237115417398, 25.24858836463374 ], [ 55.293192199653191, 25.248633280397947 ], [ 55.293188975663924, 25.248695279463732 ] ] ], [ [ [ 55.292306642942229, 25.237658275191688 ], [ 55.292297494949203, 25.237706752673237 ], [ 55.29274199514979, 25.23847805273266 ], [ 55.292954286843667, 25.238375359570639 ], [ 55.292968595345265, 25.238417752772449 ], [ 55.293043395413477, 25.238379852785961 ], [ 55.29309100888608, 25.238257148131368 ], [ 55.293118395489856, 25.238303052800319 ], [ 55.293523995858209, 25.238105152873416 ], [ 55.2935428, 25.2380055 ], [ 55.293439751473514, 25.237832728092844 ], [ 55.2934793, 25.2377876 ], [ 55.2933425, 25.2375583 ], [ 55.293299, 25.2375796 ], [ 55.29330210976336, 25.237622284011675 ], [ 55.293194227116473, 25.237674948782548 ], [ 55.2932082, 25.2376009 ], [ 55.293126654265656, 25.237466172500813 ], [ 55.2931551, 25.2374237 ], [ 55.293131, 25.2373912 ], [ 55.293099268394798, 25.237420926285825 ], [ 55.293080999607923, 25.237390743056675 ], [ 55.293276121287832, 25.237390743047641 ], [ 55.293282031181604, 25.237224676289632 ], [ 55.293237115417398, 25.237179760525422 ], [ 55.293192199653191, 25.237179760525422 ], [ 55.293057452360571, 25.237269592053831 ], [ 55.293053739467865, 25.237345704510155 ], [ 55.2930081, 25.2372703 ], [ 55.292976816081392, 25.237285798945109 ], [ 55.2930504, 25.2371875 ], [ 55.292908, 25.2369487 ], [ 55.292841007614619, 25.236989568655378 ], [ 55.2928096, 25.2369376 ], [ 55.292560084776035, 25.237061036980521 ], [ 55.292563378954306, 25.237000097468595 ], [ 55.292518463190099, 25.237000097468599 ], [ 55.292515060424478, 25.237063045630027 ], [ 55.292556024481421, 25.237063045631842 ], [ 55.292300680663615, 25.237189365333645 ], [ 55.2922917, 25.2371068 ], [ 55.2922434, 25.2371317 ], [ 55.292225499871329, 25.237226557462172 ], [ 55.2921203, 25.2372786 ], [ 55.292101494858379, 25.237378252646796 ], [ 55.292278994941412, 25.237671952670823 ], [ 55.292306642942229, 25.237658275191688 ] ], [ [ 55.292895517583347, 25.237870720370957 ], [ 55.292893097496545, 25.237866628100207 ], [ 55.292896611595296, 25.237864922788727 ], [ 55.292895998073135, 25.237868174074308 ], [ 55.292895517583347, 25.237870720370957 ] ] ], [ [ [ 55.293326946945811, 25.248857859218976 ], [ 55.293282031181604, 25.248857859218965 ], [ 55.293278986305673, 25.248963824978222 ], [ 55.293368817845831, 25.248963824980699 ], [ 55.293371862710011, 25.248902774983176 ], [ 55.293326946945811, 25.248857859218976 ] ] ], [ [ [ 55.292866600676376, 25.248037168018186 ], [ 55.292858026643188, 25.248108472156837 ], [ 55.292937791285574, 25.248135254444396 ], [ 55.2928508, 25.2481685 ], [ 55.29285752663634, 25.248223072156119 ], [ 55.292970826665048, 25.248179672161886 ], [ 55.292955355118075, 25.248128542046537 ], [ 55.293051126689399, 25.248080872166376 ], [ 55.29305233541303, 25.248044931388996 ], [ 55.293093326697466, 25.248109472168252 ], [ 55.293120081778696, 25.248095538780621 ], [ 55.293140093483458, 25.248149452597907 ], [ 55.293250009308998, 25.248067094527709 ], [ 55.293261993595223, 25.248085052619981 ], [ 55.293364493689545, 25.248029252638574 ], [ 55.2933833, 25.2479296 ], [ 55.2933506, 25.2478805 ], [ 55.293260842747998, 25.247929450547229 ], [ 55.2932355, 25.2478208 ], [ 55.293133358598567, 25.24770869463633 ], [ 55.2931726, 25.2476629 ], [ 55.2931464, 25.2476209 ], [ 55.2931028, 25.2476432 ], [ 55.293121064818756, 25.247709565297018 ], [ 55.2929801, 25.2477817 ], [ 55.292961293394058, 25.24788135257311 ], [ 55.293028970672005, 25.248003029937969 ], [ 55.2929902, 25.2479335 ], [ 55.292942107800442, 25.247958725899537 ], [ 55.2929527, 25.2479026 ], [ 55.2928702, 25.2477723 ], [ 55.292814649643546, 25.247801046026847 ], [ 55.292826826612213, 25.247736523008641 ], [ 55.293017093484529, 25.247660652587207 ], [ 55.2930359, 25.247561 ], [ 55.2930188, 25.2474901 ], [ 55.292958170688742, 25.247480422836801 ], [ 55.293003593515493, 25.247456952589193 ], [ 55.2930224, 25.2473573 ], [ 55.2929901, 25.2473061 ], [ 55.292912703318144, 25.247346091367096 ], [ 55.2929221, 25.2472963 ], [ 55.2928579, 25.2471923 ], [ 55.2927734, 25.2471441 ], [ 55.2926304, 25.2472164 ], [ 55.292618315019219, 25.247280435404441 ], [ 55.2925951, 25.247242 ], [ 55.2924522, 25.2473126 ], [ 55.292439326586447, 25.24742827214056 ], [ 55.292527803413819, 25.247537917269575 ], [ 55.2924748, 25.2475674 ], [ 55.292497426587595, 25.247637172142134 ], [ 55.292563871879437, 25.247600258110182 ], [ 55.292545793096316, 25.247696052506328 ], [ 55.292652993140074, 25.247904652520191 ], [ 55.292748111951774, 25.247858370689322 ], [ 55.292734093199876, 25.247932652533397 ], [ 55.292814593237892, 25.248064152544334 ], [ 55.292866600676376, 25.248037168018186 ] ], [ [ 55.292883493420746, 25.247445652568995 ], [ 55.292892312989864, 25.247423514596765 ], [ 55.292901585969155, 25.247471391215168 ], [ 55.29284908238396, 25.247463010972698 ], [ 55.292883493420746, 25.247445652568995 ] ], [ [ 55.29273040297241, 25.247653021305393 ], [ 55.292722885525841, 25.247656689999225 ], [ 55.292724820176325, 25.247646438752422 ], [ 55.29273040297241, 25.247653021305393 ] ], [ [ 55.2925838, 25.2475637 ], [ 55.292716938618, 25.247486651652402 ], [ 55.292728010193471, 25.247504581225769 ], [ 55.292700242544647, 25.247582807842743 ], [ 55.2926741, 25.2475407 ], [ 55.29257901228101, 25.24758906882921 ], [ 55.2925838, 25.2475637 ] ] ], [ [ [ 55.293054926873083, 25.24496867218517 ], [ 55.293168607765459, 25.244979534400457 ], [ 55.293160126893547, 25.245033872189897 ], [ 55.293245726912737, 25.245043672194001 ], [ 55.293235873811589, 25.244894114851448 ], [ 55.293265602014451, 25.244899441479202 ], [ 55.293299809985037, 25.24474750288968 ], [ 55.293321202175839, 25.244751641506088 ], [ 55.2933753, 25.2444799 ], [ 55.2932988, 25.2444651 ], [ 55.293284160024989, 25.244538638759312 ], [ 55.293160471765894, 25.244516541703888 ], [ 55.2931204, 25.2444518 ], [ 55.2930293, 25.2444631 ], [ 55.292958726858323, 25.244841772181275 ], [ 55.293054926873083, 25.24496867218517 ] ] ], [ [ [ 55.293282031181604, 25.246432407951847 ], [ 55.293147283888985, 25.246162913366614 ], [ 55.293057452360571, 25.246162913366611 ], [ 55.293012536596365, 25.246207829130825 ], [ 55.293005551416243, 25.246289758722444 ], [ 55.293050467187072, 25.246379590253007 ], [ 55.293230130284115, 25.24655925331977 ], [ 55.293275046061808, 25.246559253322609 ], [ 55.293282031181604, 25.246432407951847 ] ] ], [ [ [ 55.293282031181604, 25.245713755724555 ], [ 55.293282031181604, 25.245489176903526 ], [ 55.293147283888985, 25.245489176903526 ], [ 55.292922705067951, 25.245668839960345 ], [ 55.292871699654448, 25.245835855713569 ], [ 55.292871699645474, 25.245970603005276 ], [ 55.293231025856151, 25.24592568726116 ], [ 55.293282031181604, 25.245713755724555 ] ] ], [ [ [ 55.29328881487028, 25.237101824133486 ], [ 55.293349514906737, 25.237113324141355 ], [ 55.2933642, 25.2370355 ], [ 55.2929432, 25.2363201 ], [ 55.292919924283702, 25.23633105328128 ], [ 55.292922705067951, 25.236281445241303 ], [ 55.292861346069778, 25.236297888480937 ], [ 55.2928751, 25.236225 ], [ 55.2927554, 25.2360215 ], [ 55.2926502, 25.2360721 ], [ 55.292631395534421, 25.236171752762136 ], [ 55.292751095589303, 25.236375252778231 ], [ 55.292832322941472, 25.236336183409005 ], [ 55.29282929175573, 25.236390258253348 ], [ 55.292889467658767, 25.236374998131847 ], [ 55.292899085602947, 25.236450683304117 ], [ 55.2928685, 25.2364653 ], [ 55.292854531042806, 25.236539327788119 ], [ 55.293188997739598, 25.237110651426175 ], [ 55.293186289751112, 25.237166164223279 ], [ 55.293231205526723, 25.23716616422568 ], [ 55.293278909979136, 25.237085275613456 ], [ 55.29328881487028, 25.237101824133486 ] ] ], [ [ [ 55.293232427615777, 25.233018072265271 ], [ 55.293411727662161, 25.232932772274481 ], [ 55.2932977, 25.232699 ], [ 55.2931184, 25.2327843 ], [ 55.293232427615777, 25.233018072265271 ] ] ], [ [ [ 55.292759064847168, 25.231287825027341 ], [ 55.292950564884713, 25.231329925035485 ], [ 55.293387764983592, 25.231176925055419 ], [ 55.2934051, 25.2311045 ], [ 55.2928577, 25.2309841 ], [ 55.292759064847168, 25.231287825027341 ] ] ], [ [ [ 55.29291768987067, 25.249513253925741 ], [ 55.293097352966228, 25.249513253933888 ], [ 55.293142268742578, 25.249468338171972 ], [ 55.293147283888985, 25.249351932625235 ], [ 55.293102368124778, 25.249307016861028 ], [ 55.292877789303745, 25.249307016861028 ], [ 55.292872774099244, 25.249468338159762 ], [ 55.29291768987067, 25.249513253925741 ] ] ], [ [ [ 55.293075526916404, 25.244311972190108 ], [ 55.293159626935029, 25.244325572194111 ], [ 55.2931746, 25.2442484 ], [ 55.293101505552649, 25.24422724357915 ], [ 55.293102368124778, 25.244186619741548 ], [ 55.293057452360571, 25.244186619741551 ], [ 55.293012536596365, 25.244231535505762 ], [ 55.293010387357128, 25.24428784014475 ], [ 55.29308022974336, 25.244287840150832 ], [ 55.293075526916404, 25.244311972190108 ] ] ], [ [ [ 55.292965292374241, 25.248645618333384 ], [ 55.293100039680347, 25.248645618336219 ], [ 55.293102368124778, 25.248498533105323 ], [ 55.292967620832158, 25.248498533105327 ], [ 55.292965292374241, 25.248645618333384 ] ] ], [ [ [ 55.293012536596365, 25.249801090267301 ], [ 55.293012536596365, 25.249666342974681 ], [ 55.292922705067951, 25.249666342974674 ], [ 55.292913211981187, 25.249851391064311 ], [ 55.293003043546243, 25.249851391072024 ], [ 55.293012536596365, 25.249801090267301 ] ] ], [ [ [ 55.293168978709041, 25.232207361173963 ], [ 55.293216378717482, 25.232290861176491 ], [ 55.293238478725463, 25.232280661178081 ], [ 55.2931985, 25.2321572 ], [ 55.293168978709041, 25.232207361173963 ] ] ], [ [ [ 55.2928421, 25.2508669 ], [ 55.292777926459131, 25.250926472136076 ], [ 55.29281952646496, 25.250990772137719 ], [ 55.292880979830372, 25.250945083237433 ], [ 55.292904026484976, 25.250982272141872 ], [ 55.292957226498856, 25.250955272144619 ], [ 55.2929186, 25.2508559 ], [ 55.292862450090908, 25.250898430391242 ], [ 55.2928421, 25.2508669 ] ] ], [ [ [ 55.292961889363475, 25.246732272851887 ], [ 55.293006805141559, 25.246687357090288 ], [ 55.293012536596365, 25.246612071008677 ], [ 55.292787957775339, 25.246567155244467 ], [ 55.292698126246925, 25.24665698677288 ], [ 55.29269239471185, 25.24673227283791 ], [ 55.292782226259583, 25.246777188606497 ], [ 55.292961889363475, 25.246732272851887 ] ] ], [ [ [ 55.2931239, 25.2385785 ], [ 55.2930948, 25.2385323 ], [ 55.2926763, 25.2387482 ], [ 55.292657495005514, 25.238847852710563 ], [ 55.29268669501959, 25.238894152714565 ], [ 55.293105095402019, 25.238678152790211 ], [ 55.2931239, 25.2385785 ] ] ], [ [ [ 55.2931149, 25.2384763 ], [ 55.2930871, 25.2384306 ], [ 55.2928474, 25.2385497 ], [ 55.292842027199228, 25.238578172213057 ], [ 55.292869827202956, 25.238623972214125 ], [ 55.293109527265287, 25.238504772226488 ], [ 55.2931149, 25.2384763 ] ] ], [ [ [ 55.291767926412597, 25.247748472106011 ], [ 55.291763900886806, 25.247839524063394 ], [ 55.2916424, 25.2479087 ], [ 55.291652623638669, 25.247959543941164 ], [ 55.291620147905981, 25.247959543934851 ], [ 55.291618177569902, 25.248104730996179 ], [ 55.29166309333695, 25.248149646761075 ], [ 55.29174015262609, 25.24811750324978 ], [ 55.291731897921174, 25.248161240773964 ], [ 55.291767810990223, 25.248216122740505 ], [ 55.291752745748212, 25.248330258889165 ], [ 55.291887493053274, 25.248330258891787 ], [ 55.291960454532209, 25.248257297437807 ], [ 55.291950198232996, 25.248311640846772 ], [ 55.292149409807287, 25.248570329191534 ], [ 55.2920857, 25.2486029 ], [ 55.292045398175446, 25.248816440858828 ], [ 55.29206799819864, 25.248852640865433 ], [ 55.292116771507523, 25.248846155402983 ], [ 55.292123698244488, 25.248967540880585 ], [ 55.29217169829581, 25.249039740894844 ], [ 55.292190282798821, 25.249029651204992 ], [ 55.292222598352112, 25.249112040910141 ], [ 55.292330026161743, 25.249057021914307 ], [ 55.292317698512299, 25.249122340944332 ], [ 55.292440598648241, 25.249296940981299 ], [ 55.292533098813792, 25.249284841015552 ], [ 55.292594798962121, 25.249190741042259 ], [ 55.292621773870273, 25.249047810578841 ], [ 55.292651383348861, 25.249057519921003 ], [ 55.292632299041223, 25.249158641057367 ], [ 55.292705399119463, 25.249268441079085 ], [ 55.292816499338556, 25.249207941122293 ], [ 55.292846691486119, 25.249047962068285 ], [ 55.292920734821855, 25.249047962065639 ], [ 55.292967620832158, 25.248812943454769 ], [ 55.292922705067951, 25.248812943454762 ], [ 55.292832667821628, 25.24895816028533 ], [ 55.292858, 25.2488055 ], [ 55.2927856, 25.2487049 ], [ 55.2926785, 25.2486378 ], [ 55.292607039005553, 25.248679868336144 ], [ 55.2926183, 25.2486202 ], [ 55.2924854, 25.2484497 ], [ 55.292433, 25.2484762 ], [ 55.292413049094506, 25.248572333163693 ], [ 55.292356981446986, 25.248482733347359 ], [ 55.292441799027451, 25.248441041020136 ], [ 55.2924821, 25.2482275 ], [ 55.292379400162062, 25.248058801147113 ], [ 55.2923928, 25.2479878 ], [ 55.2922877, 25.2478362 ], [ 55.292264022440193, 25.247849607781109 ], [ 55.2922738, 25.2477978 ], [ 55.2922072, 25.2477035 ], [ 55.2921551, 25.2477336 ], [ 55.292128312690004, 25.247826848030002 ], [ 55.292038, 25.2478709 ], [ 55.292002471965588, 25.248091575751182 ], [ 55.291979059724035, 25.248158716941997 ], [ 55.291979474019627, 25.248139206991674 ], [ 55.291928405948447, 25.248139207006147 ], [ 55.29193777584949, 25.24808956016831 ], [ 55.29199989843061, 25.248058540876254 ], [ 55.2920402, 25.247845 ], [ 55.2920154, 25.2478043 ], [ 55.291938477834449, 25.247855723562402 ], [ 55.291787511475754, 25.247633617761515 ], [ 55.291933598537376, 25.247555640874648 ], [ 55.2919739, 25.2473421 ], [ 55.2919325, 25.2472786 ], [ 55.291830702732355, 25.247314108657552 ], [ 55.2918425, 25.2472516 ], [ 55.291778315314296, 25.247157581250764 ], [ 55.2917976, 25.2470554 ], [ 55.2917181, 25.246939 ], [ 55.291653, 25.2469754 ], [ 55.29162487692097, 25.247124411195351 ], [ 55.291602373204782, 25.247091417691738 ], [ 55.2916395, 25.2468947 ], [ 55.2915594, 25.2468377 ], [ 55.2914954, 25.2469112 ], [ 55.29145509789852, 25.247124740719574 ], [ 55.291511024588345, 25.247164489087233 ], [ 55.291477797842731, 25.24734054071817 ], [ 55.29149833621031, 25.247370652732755 ], [ 55.29146563400667, 25.247388287948436 ], [ 55.2914866, 25.2472772 ], [ 55.291409, 25.2471644 ], [ 55.291285, 25.2472342 ], [ 55.291244697391775, 25.247447740628388 ], [ 55.291314897468453, 25.24754964064941 ], [ 55.29141539466027, 25.247508157522077 ], [ 55.291388597551816, 25.247650140671769 ], [ 55.29145419762154, 25.247749740691205 ], [ 55.291528311512543, 25.247709833337122 ], [ 55.291590726367936, 25.24781207209703 ], [ 55.291767926412597, 25.247748472106011 ] ], [ [ 55.292245398663397, 25.248495240946131 ], [ 55.29225151688842, 25.248462822933373 ], [ 55.292289902624837, 25.248443349152918 ], [ 55.292315204798342, 25.248485568447133 ], [ 55.292234885245939, 25.248526630915212 ], [ 55.292245398663397, 25.248495240946131 ] ], [ [ 55.291865893350447, 25.247897458651252 ], [ 55.291868255129742, 25.247884944664314 ], [ 55.291894226276, 25.247870168310619 ], [ 55.291891025827788, 25.247887126041835 ], [ 55.291865893350447, 25.247897458651252 ] ], [ [ 55.291715994312035, 25.247971573698067 ], [ 55.291751416497377, 25.247951420215315 ], [ 55.291766810014309, 25.247976258918886 ], [ 55.291753527004161, 25.248046639076414 ], [ 55.291715994312035, 25.247971573698067 ] ], [ [ 55.291626204438018, 25.247527046805693 ], [ 55.291597460785098, 25.247541398760621 ], [ 55.291605933745714, 25.247496504768463 ], [ 55.291626330002615, 25.247526381500872 ], [ 55.291626204438018, 25.247527046805693 ] ] ], [ [ [ 55.293186648205022, 25.232582858153382 ], [ 55.293192199653191, 25.232508521048 ], [ 55.293147283888985, 25.232508521047997 ], [ 55.293141732430108, 25.232582858151119 ], [ 55.293186648205022, 25.232582858153382 ] ] ], [ [ [ 55.293112096533221, 25.233200752906047 ], [ 55.293149496558847, 25.233223052911939 ], [ 55.2931683, 25.2331234 ], [ 55.2931461, 25.2330922 ], [ 55.293112096533221, 25.233200752906047 ] ] ], [ [ [ 55.2927064, 25.2403957 ], [ 55.292689459381172, 25.240485471365595 ], [ 55.292623423317423, 25.240515085004361 ], [ 55.2926, 25.2404671 ], [ 55.2925546, 25.2404909 ], [ 55.292542291306802, 25.240556125468395 ], [ 55.2923855, 25.2406526 ], [ 55.292366694379126, 25.240752252621242 ], [ 55.292433294410813, 25.240859852630319 ], [ 55.292832294774712, 25.240657952702389 ], [ 55.292849982615962, 25.24056422125005 ], [ 55.292872910697128, 25.240636068495913 ], [ 55.293038294966834, 25.240533052740023 ], [ 55.2930571, 25.2404334 ], [ 55.2929716, 25.240291 ], [ 55.2928117, 25.2403696 ], [ 55.292793621927345, 25.240465399409498 ], [ 55.2927505, 25.2403732 ], [ 55.2927064, 25.2403957 ] ] ], [ [ [ 55.2922, 25.2505557 ], [ 55.292155926330395, 25.250672472107372 ], [ 55.292607626393469, 25.251374672125127 ], [ 55.292897926469429, 25.251222972140141 ], [ 55.292639799153356, 25.250777570872881 ], [ 55.292699337309237, 25.250742536989573 ], [ 55.2927597, 25.2504227 ], [ 55.2927295, 25.2503806 ], [ 55.2926689, 25.2504162 ], [ 55.292609689741653, 25.25072992949422 ], [ 55.2924554, 25.2504858 ], [ 55.2923315, 25.2504787 ], [ 55.2922, 25.2505557 ] ] ], [ [ [ 55.293097327539407, 25.233787872254101 ], [ 55.2931284, 25.233745 ], [ 55.2930746, 25.2336665 ], [ 55.293043627531631, 25.233709272251971 ], [ 55.293097327539407, 25.233787872254101 ] ] ], [ [ [ 55.292653210482719, 25.25406808786687 ], [ 55.292645328967325, 25.254154762726362 ], [ 55.292735160518433, 25.254244594260392 ], [ 55.292780076297852, 25.254244594263589 ], [ 55.292824992081144, 25.254199678502978 ], [ 55.292832873539545, 25.254068087866866 ], [ 55.292653210482719, 25.25406808786687 ] ] ], [ [ [ 55.292917331824249, 25.246415964357485 ], [ 55.292922705067951, 25.246342576423437 ], [ 55.292877789303745, 25.246342576423437 ], [ 55.292872416049669, 25.246415964355304 ], [ 55.292917331824249, 25.246415964357485 ] ] ], [ [ [ 55.292845121267732, 25.250540414569112 ], [ 55.2928616, 25.2504531 ], [ 55.2928201, 25.2503852 ], [ 55.2927625, 25.250414 ], [ 55.292746021204579, 25.250501314555059 ], [ 55.292787621221812, 25.250569214560013 ], [ 55.292845121267732, 25.250540414569112 ] ] ], [ [ [ 55.292782047213514, 25.245789990872488 ], [ 55.292871878764736, 25.245789990877292 ], [ 55.292922705067951, 25.245623924196138 ], [ 55.292922705067951, 25.245444261139319 ], [ 55.292743042011132, 25.245444261139316 ], [ 55.292782047213514, 25.245789990872488 ] ] ], [ [ [ 55.2929825, 25.240155 ], [ 55.2929365, 25.2401549 ], [ 55.292927794931252, 25.240271752726716 ], [ 55.292963694963774, 25.240254652733171 ], [ 55.2929825, 25.240155 ] ] ], [ [ [ 55.292743042011132, 25.248588364633736 ], [ 55.292740892644638, 25.248644669257065 ], [ 55.29283072418135, 25.248644669258809 ], [ 55.292832873539545, 25.24858836463374 ], [ 55.292743042011132, 25.248588364633736 ] ] ], [ [ [ 55.292915878650405, 25.231925661159117 ], [ 55.292995078667722, 25.232026361163655 ], [ 55.293039678684487, 25.231997661166929 ], [ 55.2930472, 25.2319578 ], [ 55.292968, 25.2318571 ], [ 55.292915878650405, 25.231925661159117 ] ] ], [ [ [ 55.2927378, 25.240078 ], [ 55.292806127093833, 25.240231872201424 ], [ 55.292878227109277, 25.240252272204803 ], [ 55.2929194, 25.2401513 ], [ 55.2928806, 25.2400319 ], [ 55.2928311053941, 25.240009778953244 ], [ 55.2928287, 25.2398921 ], [ 55.2927834, 25.2399148 ], [ 55.2927378, 25.240078 ] ] ], [ [ [ 55.292647299854742, 25.246284064268298 ], [ 55.292782047181589, 25.2462840642755 ], [ 55.292826962960106, 25.246239148513997 ], [ 55.292832873539545, 25.246073081838201 ], [ 55.292698126246925, 25.246073081838201 ], [ 55.292653210482719, 25.246117997602411 ], [ 55.292647299854742, 25.246284064268298 ] ] ], [ [ [ 55.292324470547399, 25.250101594739903 ], [ 55.292369386332226, 25.250146510509218 ], [ 55.292459217915962, 25.250146510520857 ], [ 55.292526389968245, 25.250079338548687 ], [ 55.29270639880594, 25.249983941047343 ], [ 55.2927467, 25.2497704 ], [ 55.2925712, 25.2494995 ], [ 55.2923893, 25.2495959 ], [ 55.292365797900118, 25.249720427253322 ], [ 55.2922887, 25.2495996 ], [ 55.2921253, 25.2496411 ], [ 55.29221772639459, 25.24982297211546 ], [ 55.292292926410454, 25.249848472118963 ], [ 55.292353727902565, 25.249816741558195 ], [ 55.292423430176129, 25.249924333326415 ], [ 55.292338360208518, 25.249983084278757 ], [ 55.2922715, 25.2498715 ], [ 55.2921734, 25.2499196 ], [ 55.292242026385594, 25.250071572115161 ], [ 55.292329780336424, 25.250028544969339 ], [ 55.292324470547399, 25.250101594739903 ] ] ], [ [ [ 55.2923324, 25.2361518 ], [ 55.292313595261319, 25.236251452706441 ], [ 55.292601795394702, 25.236735252745312 ], [ 55.292651824841002, 25.236710851540099 ], [ 55.292646225918304, 25.236812532525981 ], [ 55.292780973251361, 25.236812532534493 ], [ 55.292787957775339, 25.236685687119145 ], [ 55.292760242706919, 25.236657972056051 ], [ 55.292812013258377, 25.236632721559207 ], [ 55.292858127312691, 25.236709072225011 ], [ 55.2929086, 25.2366583 ], [ 55.2925526, 25.2360444 ], [ 55.2923324, 25.2361518 ] ] ], [ [ [ 55.292698126246925, 25.24656715524447 ], [ 55.292653210482719, 25.246567155244467 ], [ 55.292647478942214, 25.246642441307745 ], [ 55.292692394717484, 25.246642441310083 ], [ 55.292698126246925, 25.24656715524447 ] ] ], [ [ [ 55.2926802, 25.2471601 ], [ 55.2926451, 25.2471062 ], [ 55.2924697, 25.2471997 ], [ 55.292464326603977, 25.247228172142965 ], [ 55.292499326608898, 25.247282072144341 ], [ 55.292674826654917, 25.247188572153433 ], [ 55.2926802, 25.2471601 ] ] ], [ [ [ 55.2927801, 25.2398703 ], [ 55.292741248124571, 25.239814506571332 ], [ 55.2927372, 25.2397301 ], [ 55.292707553656719, 25.239776680292941 ], [ 55.29267460828703, 25.23977487192019 ], [ 55.2926927, 25.239679 ], [ 55.2926697, 25.2396518 ], [ 55.2926399, 25.2396724 ], [ 55.292576794714265, 25.239947652673806 ], [ 55.292637301340001, 25.240044827566088 ], [ 55.2926025, 25.2400631 ], [ 55.292620927057143, 25.240128572193044 ], [ 55.292731694811856, 25.240081752697339 ], [ 55.2927801, 25.2398703 ] ] ], [ [ [ 55.2927813, 25.2386437 ], [ 55.292751, 25.2385956 ], [ 55.2925408, 25.2387039 ], [ 55.29253542711939, 25.238732372197237 ], [ 55.292565727123574, 25.238780472198432 ], [ 55.292775927178447, 25.238672172209284 ], [ 55.2927813, 25.2386437 ] ] ], [ [ [ 55.292834027614859, 25.23146747225519 ], [ 55.2928417, 25.2313795 ], [ 55.2928069, 25.2313784 ], [ 55.292799127606877, 25.231466372253504 ], [ 55.292834027614859, 25.23146747225519 ] ] ], [ [ [ 55.292428395170361, 25.246302508005545 ], [ 55.2922673, 25.2462537 ], [ 55.2921181, 25.2463399 ], [ 55.2920207, 25.2466031 ], [ 55.291980398944062, 25.246816640924866 ], [ 55.29208239906383, 25.246945740956246 ], [ 55.292360699508677, 25.247030041053883 ], [ 55.29252849983763, 25.246943041118939 ], [ 55.2926196, 25.2465924 ], [ 55.292470683041806, 25.246356371813082 ], [ 55.292473547425892, 25.246297660659234 ], [ 55.292428395170361, 25.246302508005545 ] ] ], [ [ [ 55.292604712812221, 25.238636046447422 ], [ 55.292649628583341, 25.238636046448871 ], [ 55.292694544356216, 25.238591130686299 ], [ 55.292698126246925, 25.238482317687396 ], [ 55.292608294718512, 25.238482317687392 ], [ 55.292563378954306, 25.238527233451595 ], [ 55.292559797042863, 25.238591130681943 ], [ 55.292604712812221, 25.238636046447422 ] ] ], [ [ [ 55.292752327593099, 25.231517172250925 ], [ 55.2927801, 25.2313859 ], [ 55.2926953, 25.2313708 ], [ 55.292667427574386, 25.231502072246883 ], [ 55.292752327593099, 25.231517172250925 ] ] ], [ [ [ 55.292504527128372, 25.238458072197385 ], [ 55.292530127131762, 25.238500972198363 ], [ 55.292579027144605, 25.238474472200906 ], [ 55.29257083192806, 25.238420560731438 ], [ 55.292604727151293, 25.238461572202219 ], [ 55.2926536, 25.2384087 ], [ 55.2923677, 25.2378974 ], [ 55.2922473, 25.237956799999989 ], [ 55.292336093765492, 25.238141497228842 ], [ 55.2922742, 25.2381704 ], [ 55.292255394799412, 25.238270052654283 ], [ 55.29227729480921, 25.238308452657208 ], [ 55.292342394868037, 25.238278152668908 ], [ 55.292360531862087, 25.238182040618025 ], [ 55.292504527128372, 25.238458072197385 ] ] ], [ [ [ 55.2925586, 25.2451958 ], [ 55.292299, 25.2451476 ], [ 55.292226199947898, 25.245504441073319 ], [ 55.292485800376255, 25.245552641165759 ], [ 55.2925586, 25.2451958 ] ] ], [ [ [ 55.2925821, 25.2395059 ], [ 55.292576107009737, 25.23953765808254 ], [ 55.2924808, 25.2395331 ], [ 55.292438594650847, 25.239712952655225 ], [ 55.292508327045276, 25.239887972189013 ], [ 55.2925747270626, 25.239854072192436 ], [ 55.292615194789484, 25.23973265268485 ], [ 55.292634, 25.239633 ], [ 55.292596240730944, 25.239570815614126 ], [ 55.292607, 25.2395138 ], [ 55.2925821, 25.2395059 ] ] ], [ [ [ 55.292610327246663, 25.236859572212079 ], [ 55.2925332, 25.2366746 ], [ 55.2922466, 25.2361907 ], [ 55.2920218, 25.2362996 ], [ 55.292002994980017, 25.236399252650536 ], [ 55.292289495111994, 25.236883252689115 ], [ 55.292505004916237, 25.236778803884633 ], [ 55.29256662723531, 25.236881072209826 ], [ 55.292610327246663, 25.236859572212079 ] ] ], [ [ [ 55.2925724, 25.2394631 ], [ 55.2925326, 25.2393916 ], [ 55.2924469, 25.239430599999988 ], [ 55.292441527055054, 25.239459072188332 ], [ 55.292481327060038, 25.239530572189835 ], [ 55.292567027082107, 25.239491572194233 ], [ 55.2925724, 25.2394631 ] ] ], [ [ [ 55.292473547425892, 25.2400094536704 ], [ 55.292471577335235, 25.240064809236145 ], [ 55.292561408871258, 25.240064809237737 ], [ 55.292563378954306, 25.239964537906193 ], [ 55.292518463190099, 25.239964537906189 ], [ 55.292473547425892, 25.2400094536704 ] ] ], [ [ [ 55.292428631661686, 25.247555302057002 ], [ 55.292383715897479, 25.247510386292795 ], [ 55.292293884369073, 25.247510386292795 ], [ 55.292290302064387, 25.247574283478585 ], [ 55.292380133604873, 25.24761919924552 ], [ 55.292425049375993, 25.247619199246977 ], [ 55.292428631661686, 25.247555302057002 ] ] ], [ [ [ 55.292518463190099, 25.238661980744215 ], [ 55.292473547425892, 25.238617064980012 ], [ 55.29233880013328, 25.238617064980009 ], [ 55.292335397279594, 25.238724928893841 ], [ 55.292425228817791, 25.23881476042466 ], [ 55.292515060359335, 25.238814760427431 ], [ 55.292518463190099, 25.238661980744215 ] ] ], [ [ [ 55.292293884369073, 25.247330723235969 ], [ 55.292289764724643, 25.247442383399804 ], [ 55.292379596268958, 25.247442383403143 ], [ 55.292383715897479, 25.247285807471766 ], [ 55.29233880013328, 25.247285807471766 ], [ 55.292293884369073, 25.247330723235969 ] ] ], [ [ [ 55.292209796072349, 25.254234840675622 ], [ 55.2922718, 25.2539939 ], [ 55.2922316, 25.2539405 ], [ 55.2921938, 25.253965499999989 ], [ 55.292153495999401, 25.25417904065759 ], [ 55.292209796072349, 25.254234840675622 ] ] ], [ [ [ 55.292196529393891, 25.254602022193431 ], [ 55.292241445172621, 25.254602022196483 ], [ 55.292248968604866, 25.254472329744722 ], [ 55.29220405284066, 25.254472329744726 ], [ 55.292196529393891, 25.254602022193431 ] ] ], [ [ [ 55.292338506661615, 25.239530317049685 ], [ 55.292390527037675, 25.239554472185283 ], [ 55.2924527, 25.2393979 ], [ 55.2924198, 25.2393342 ], [ 55.2923462, 25.2393137 ], [ 55.2922926, 25.2393382 ], [ 55.292278527019576, 25.239422372180631 ], [ 55.292330207020854, 25.2395153802665 ], [ 55.292248968604866, 25.23951538026413 ], [ 55.29220405284066, 25.239560296028333 ], [ 55.292202082735905, 25.239660567354388 ], [ 55.292291914271914, 25.239660567355983 ], [ 55.292336830040888, 25.239615651592668 ], [ 55.292338506661615, 25.239530317049685 ] ] ], [ [ [ 55.291911994040937, 25.240610152546903 ], [ 55.291922134766246, 25.240556416991769 ], [ 55.291965094080446, 25.240626652555594 ], [ 55.292012494123632, 25.240602852564148 ], [ 55.292030764245645, 25.240506038971429 ], [ 55.292135194253255, 25.240454552588108 ], [ 55.292155505160785, 25.240322623064788 ], [ 55.292214594324733, 25.240418952602365 ], [ 55.292344194435188, 25.240391052624989 ], [ 55.29238273352982, 25.240308790293003 ], [ 55.29238192489381, 25.240333354746525 ], [ 55.29242684066147, 25.24033335474725 ], [ 55.292428631661686, 25.240278948255632 ], [ 55.292388365044879, 25.240278948256265 ], [ 55.292367381233703, 25.240189874220153 ], [ 55.2923847, 25.2400981 ], [ 55.292333943382587, 25.240042624640104 ], [ 55.292338232995917, 25.240019893476493 ], [ 55.292381745800192, 25.240019893470439 ], [ 55.292383715897479, 25.239964537906193 ], [ 55.292314052102924, 25.23996453791095 ], [ 55.2922973, 25.2399353 ], [ 55.292263658518074, 25.23995109213844 ], [ 55.2922723, 25.2399053 ], [ 55.2921959, 25.2398404 ], [ 55.2921584, 25.239843 ], [ 55.292150576192995, 25.239884459010973 ], [ 55.2920303, 25.2399442 ], [ 55.292024483996975, 25.239975019281044 ], [ 55.2919977, 25.2399327 ], [ 55.2918964, 25.2399851 ], [ 55.291882884023437, 25.240056721323196 ], [ 55.2918425, 25.2400208 ], [ 55.2917137, 25.2400832 ], [ 55.291698362930241, 25.240164470558337 ], [ 55.2915196, 25.2402545 ], [ 55.291500793761315, 25.240354152482329 ], [ 55.29156230317421, 25.240454115774224 ], [ 55.291550293767671, 25.240517752487332 ], [ 55.291580093780382, 25.240573052491239 ], [ 55.291618749785556, 25.240555961288447 ], [ 55.291696793844849, 25.240718152508048 ], [ 55.291911994040937, 25.240610152546903 ] ], [ [ 55.292145809400367, 25.240233832330603 ], [ 55.292146700662677, 25.240233388989189 ], [ 55.292146416681184, 25.240234893824237 ], [ 55.292145809400367, 25.240233832330603 ] ], [ [ 55.292110432951311, 25.240213580472091 ], [ 55.292111421729267, 25.240208340885065 ], [ 55.292113681476437, 25.240212060596498 ], [ 55.292110432951311, 25.240213580472091 ] ], [ [ 55.291993668359027, 25.240268306456997 ], [ 55.291993691122833, 25.24026818583107 ], [ 55.291993743909366, 25.240268269233667 ], [ 55.291993668359027, 25.240268306456997 ] ], [ [ 55.291859214161093, 25.240393774614468 ], [ 55.29185895901086, 25.240393358574917 ], [ 55.291864480945996, 25.240365866003817 ], [ 55.291859214161093, 25.240393774614468 ] ], [ [ 55.291736812434756, 25.240430701485909 ], [ 55.291661604704608, 25.240468480055618 ], [ 55.291659005577699, 25.240430088189051 ], [ 55.291744645487491, 25.240386957825855 ], [ 55.291736812434756, 25.240430701485909 ] ] ], [ [ [ 55.292023913251128, 25.238962714667995 ], [ 55.291973594390896, 25.239149852587957 ], [ 55.292002594404721, 25.239196552591899 ], [ 55.292052051505422, 25.239170681058113 ], [ 55.292072394458799, 25.239207852603538 ], [ 55.292154071961541, 25.239163357635896 ], [ 55.292108026992047, 25.239220772173546 ], [ 55.292168427000469, 25.239314872175928 ], [ 55.292218334703598, 25.239268575062514 ], [ 55.292238427017416, 25.239301472179413 ], [ 55.292382291048071, 25.239229540197407 ], [ 55.292380671226915, 25.239262019917877 ], [ 55.292425586996991, 25.239262019919117 ], [ 55.292428631661686, 25.239200969914691 ], [ 55.292395775360035, 25.239200969916038 ], [ 55.2921625, 25.2387732 ], [ 55.292121551813104, 25.238797100625611 ], [ 55.2921388, 25.2387057 ], [ 55.29206423895544, 25.238686033626642 ], [ 55.2920492, 25.2385791 ], [ 55.292016, 25.2385947 ], [ 55.292001868843762, 25.238669582725326 ], [ 55.2919299, 25.2386506 ], [ 55.291878494375275, 25.238852052578022 ], [ 55.291950426968853, 25.238996372167239 ], [ 55.292023913251128, 25.238962714667995 ] ] ], [ [ [ 55.292194559045683, 25.253848893974698 ], [ 55.29220405284066, 25.253708761753217 ], [ 55.29206930554804, 25.253708761753224 ], [ 55.292059811698067, 25.253848893963127 ], [ 55.292194559045683, 25.253848893974698 ] ] ], [ [ [ 55.2923416, 25.2336074 ], [ 55.2921404, 25.2333212 ], [ 55.2920068, 25.2332078 ], [ 55.2919394, 25.2332202 ], [ 55.291909823703989, 25.233337914745309 ], [ 55.291953123709931, 25.233475114749236 ], [ 55.292250523822254, 25.234020214783541 ], [ 55.29229802384387, 25.234086914789405 ], [ 55.292433923926147, 25.234164114808237 ], [ 55.2924786, 25.2340008 ], [ 55.2924704, 25.2339045 ], [ 55.2923416, 25.2336074 ] ] ], [ [ [ 55.292428631661686, 25.236865350175982 ], [ 55.292383715897479, 25.236865350175972 ], [ 55.29238049221091, 25.236927349260434 ], [ 55.292425407981334, 25.236927349261748 ], [ 55.292428631661686, 25.236865350175982 ] ] ], [ [ [ 55.291874495001217, 25.255347040503484 ], [ 55.292090495465281, 25.255143240591373 ], [ 55.2921284, 25.2548441 ], [ 55.2920114, 25.254737 ], [ 55.2919282, 25.2547308 ], [ 55.2916936, 25.254954 ], [ 55.291655994676113, 25.255225740429275 ], [ 55.291792794858601, 25.255349440473594 ], [ 55.291874495001217, 25.255347040503484 ] ] ], [ [ [ 55.2922327, 25.2368397 ], [ 55.2919395, 25.2363366 ], [ 55.2917122, 25.2364469 ], [ 55.291693394699635, 25.236546552594806 ], [ 55.291979694831689, 25.237029352633378 ], [ 55.29200990281867, 25.237014707193353 ], [ 55.292001194842584, 25.237060852636379 ], [ 55.292068094872974, 25.237175952645341 ], [ 55.292129694928761, 25.237146652656435 ], [ 55.292139309715765, 25.236951968012537 ], [ 55.292201963197208, 25.236921592223517 ], [ 55.292269327157825, 25.237032072194484 ], [ 55.292313727169372, 25.23700997219677 ], [ 55.2922327, 25.2368397 ] ] ], [ [ [ 55.2920933, 25.2496658 ], [ 55.2919501, 25.2497265 ], [ 55.291909797445435, 25.249940040758982 ], [ 55.291987797514267, 25.250090440780667 ], [ 55.292075997695868, 25.25002504081575 ], [ 55.292095997758146, 25.249962340825842 ], [ 55.29213630000001, 25.2497488 ], [ 55.2920933, 25.2496658 ] ] ], [ [ [ 55.291835949335479, 25.253575603084894 ], [ 55.291925780893465, 25.25362051885579 ], [ 55.292015612455778, 25.253620518862927 ], [ 55.292060528241237, 25.253575603102718 ], [ 55.29206930554804, 25.253439267167984 ], [ 55.291979474019627, 25.253304519875364 ], [ 55.291709979434394, 25.253124856818534 ], [ 55.291665063670187, 25.25312485681853 ], [ 55.291656286236737, 25.253306108488026 ], [ 55.291835949335479, 25.253575603084894 ] ] ], [ [ [ 55.292159137076453, 25.240952684718724 ], [ 55.292156987835433, 25.241008989348963 ], [ 55.292201903603797, 25.24100898934984 ], [ 55.29220405284066, 25.240952684718721 ], [ 55.292159137076453, 25.240952684718724 ] ] ], [ [ [ 55.292159137076453, 25.24337813598585 ], [ 55.292114221312247, 25.243378135985843 ], [ 55.292109743596711, 25.243491694304289 ], [ 55.292154659369551, 25.243491694306112 ], [ 55.292159137076453, 25.24337813598585 ] ] ], [ [ [ 55.292114221312247, 25.239380632971507 ], [ 55.292112072104018, 25.239436937604648 ], [ 55.292201903640724, 25.239436937606396 ], [ 55.29220405284066, 25.239380632971507 ], [ 55.292114221312247, 25.239380632971507 ] ] ], [ [ [ 55.291880865069203, 25.254069676489895 ], [ 55.291970696631502, 25.254069676497025 ], [ 55.291979474019627, 25.253888424810036 ], [ 55.291889642491213, 25.253888424810036 ], [ 55.291880865069203, 25.254069676489895 ] ] ], [ [ [ 55.291549193610642, 25.241277252471242 ], [ 55.291978379132999, 25.241071199243258 ], [ 55.291977324759905, 25.24109882087367 ], [ 55.292022240528269, 25.241098820874548 ], [ 55.292024199444491, 25.241047502622134 ], [ 55.292144094154757, 25.240968752578862 ], [ 55.2921629, 25.2408691 ], [ 55.2921016, 25.2407665 ], [ 55.2915086, 25.2410782 ], [ 55.291490899644415, 25.241171991610742 ], [ 55.2914381, 25.2410857 ], [ 55.2913325, 25.2411386 ], [ 55.291313593421812, 25.241269752431325 ], [ 55.291384693455399, 25.241385852440988 ], [ 55.29140839347167, 25.241399852444722 ], [ 55.291517193570783, 25.241345352464375 ], [ 55.291534641142924, 25.241252900387561 ], [ 55.291549193610642, 25.241277252471242 ] ] ], [ [ [ 55.291831594568137, 25.237729452593541 ], [ 55.291921794608101, 25.237889552605523 ], [ 55.292170294832424, 25.237774952650177 ], [ 55.2921891, 25.2376753 ], [ 55.291997, 25.2373343 ], [ 55.2918614, 25.2373969 ], [ 55.291831594568137, 25.237729452593541 ] ] ], [ [ [ 55.292063394797864, 25.2458798223619 ], [ 55.29206930554804, 25.245803587252965 ], [ 55.292024389783833, 25.245803587252961 ], [ 55.292018479022261, 25.245879822359509 ], [ 55.292063394797864, 25.2458798223619 ] ] ], [ [ [ 55.2918975, 25.2466056 ], [ 55.291857198729588, 25.246819140879847 ], [ 55.291884806328817, 25.24695210626291 ], [ 55.291974637875896, 25.246952106266836 ], [ 55.291978969820811, 25.246768220956138 ], [ 55.2920003, 25.2466552 ], [ 55.2919566, 25.2465782 ], [ 55.2918975, 25.2466056 ] ] ], [ [ [ 55.290839873935873, 25.233138183287107 ], [ 55.290877560940373, 25.233195753042612 ], [ 55.29080402704119, 25.233259272145869 ], [ 55.29095487999529, 25.233519965607421 ], [ 55.2908996, 25.2335465 ], [ 55.290880794639399, 25.233646152517355 ], [ 55.290911994653669, 25.233699352521548 ], [ 55.290984594719468, 25.23366455253462 ], [ 55.290997999353806, 25.233593519007037 ], [ 55.291128640624528, 25.233835108237439 ], [ 55.291271594927643, 25.233779552581012 ], [ 55.29128594425967, 25.233703512052426 ], [ 55.291315694968489, 25.233754152589054 ], [ 55.291363795012089, 25.233731052597712 ], [ 55.2913826, 25.2336314 ], [ 55.2911243, 25.2331919 ], [ 55.2910763, 25.233215 ], [ 55.291062888971744, 25.233286067958201 ], [ 55.291000428528683, 25.233196032503727 ], [ 55.291163578626374, 25.233114984265445 ], [ 55.291209379556612, 25.233038084431026 ], [ 55.291415111387209, 25.232067981789623 ], [ 55.291479627260578, 25.232178472185151 ], [ 55.29162222729051, 25.232229072191767 ], [ 55.292000727388441, 25.232048872211241 ], [ 55.292180827441541, 25.231852372221159 ], [ 55.2922036, 25.2316826 ], [ 55.2916279, 25.2315461 ], [ 55.291509259475497, 25.231571577418197 ], [ 55.2916214, 25.2309803 ], [ 55.2915989, 25.2308685 ], [ 55.2914942, 25.2306843 ], [ 55.2912514, 25.2308371 ], [ 55.2911453, 25.2310115 ], [ 55.290789274149752, 25.232880283230635 ], [ 55.290839873935873, 25.233138183287107 ] ], [ [ 55.291030165688163, 25.233298239286125 ], [ 55.291021120748134, 25.233346170260027 ], [ 55.291008201138602, 25.233324134323819 ], [ 55.291030165688163, 25.233298239286125 ] ] ], [ [ [ 55.292024037868487, 25.239615099761167 ], [ 55.292022419663866, 25.239660567351184 ], [ 55.292067335431874, 25.239660567351972 ], [ 55.29206930554804, 25.239605211792544 ], [ 55.29202591535887, 25.239605211792767 ], [ 55.2920169, 25.2394562 ], [ 55.2919622, 25.239353 ], [ 55.291912524193556, 25.239384599813818 ], [ 55.2918717, 25.2393175 ], [ 55.2917147, 25.239242 ], [ 55.291625, 25.2392866 ], [ 55.291609623803176, 25.239368078291335 ], [ 55.2915716, 25.2392996 ], [ 55.2914791, 25.2393452 ], [ 55.291429226811061, 25.239634472138096 ], [ 55.291489426819219, 25.239732172140442 ], [ 55.291542926833152, 25.239705172143196 ], [ 55.291533913706139, 25.239653352159937 ], [ 55.2916602940467, 25.239592852525401 ], [ 55.291677216944798, 25.239503178296129 ], [ 55.291724094100815, 25.239580352536507 ], [ 55.291901084872386, 25.239483234127075 ], [ 55.291919055031727, 25.239517137611163 ], [ 55.2918053, 25.239572 ], [ 55.291786494132459, 25.239671652545209 ], [ 55.29189249417761, 25.23986865255911 ], [ 55.291984894262008, 25.239821252575808 ], [ 55.292024037868487, 25.239615099761167 ] ] ], [ [ [ 55.290915527077544, 25.24984099052126 ], [ 55.290966745105401, 25.249816190294517 ], [ 55.290949295795549, 25.249908640410275 ], [ 55.291010995856226, 25.250013440428063 ], [ 55.291077495963975, 25.250030340451548 ], [ 55.291206896221027, 25.249955640502073 ], [ 55.291242020129658, 25.249769544427227 ], [ 55.291305496431796, 25.249864940542079 ], [ 55.291488496787387, 25.249777340612724 ], [ 55.291501121325346, 25.24974313341502 ], [ 55.291580396913169, 25.249853140642813 ], [ 55.291654697060892, 25.249809940671849 ], [ 55.291709979434394, 25.249621427210471 ], [ 55.291632918701239, 25.249497025044594 ], [ 55.291893797676977, 25.249351740779552 ], [ 55.2919341, 25.2491382 ], [ 55.2917726, 25.2489556 ], [ 55.2914929, 25.2491113 ], [ 55.291452596924628, 25.249324840619934 ], [ 55.291515656651235, 25.249397290387282 ], [ 55.291347358104595, 25.249476209592647 ], [ 55.2913668, 25.2493732 ], [ 55.2912816, 25.2492406 ], [ 55.291105, 25.2493334 ], [ 55.291065942332843, 25.249540337900243 ], [ 55.291002, 25.2494324 ], [ 55.29085, 25.249506 ], [ 55.290809695637087, 25.249719540367867 ], [ 55.290838638942063, 25.249768398120057 ], [ 55.2908039, 25.2497356 ], [ 55.290653731414366, 25.249865711462739 ], [ 55.2906813, 25.2496291 ], [ 55.290549, 25.2495764 ], [ 55.2904286, 25.24969 ], [ 55.290420057842432, 25.249735257144806 ], [ 55.29031136212825, 25.249799948536353 ], [ 55.290328, 25.2497118 ], [ 55.2901443, 25.2495499 ], [ 55.2900254, 25.2496586 ], [ 55.289985094141514, 25.249872140060379 ], [ 55.290167394385385, 25.250035240119541 ], [ 55.290265989394953, 25.249945168956931 ], [ 55.290245894492479, 25.250100740145207 ], [ 55.290299394555042, 25.250169040161659 ], [ 55.290385994702184, 25.250175540192942 ], [ 55.290414383144245, 25.250150275712862 ], [ 55.290391494669393, 25.250271540190631 ], [ 55.290524694844663, 25.25039734023354 ], [ 55.29072869522394, 25.250338540310558 ], [ 55.290865195512488, 25.250220340365619 ], [ 55.2909453, 25.2498691 ], [ 55.290915527077544, 25.24984099052126 ] ], [ [ 55.291224025170408, 25.249702857724863 ], [ 55.291195960190628, 25.249655334850885 ], [ 55.29123707209483, 25.2496337313822 ], [ 55.291224025170408, 25.249702857724863 ] ], [ [ 55.291098424349322, 25.249599432933593 ], [ 55.291072739465413, 25.249613015543918 ], [ 55.291080552761684, 25.249571618711919 ], [ 55.291091788053819, 25.249589104619812 ], [ 55.291098424349322, 25.249599432933593 ] ] ], [ [ [ 55.291877641185621, 25.25044858288183 ], [ 55.291889642491213, 25.250295163673563 ], [ 55.291799810962807, 25.250295163673563 ], [ 55.291787809610867, 25.250448582872082 ], [ 55.291877641185621, 25.25044858288183 ] ] ], [ [ [ 55.291479496397002, 25.250627740571282 ], [ 55.291564396580732, 25.250544540605961 ], [ 55.29157808308026, 25.250472025186145 ], [ 55.29163539669451, 25.250565440630901 ], [ 55.291704496829496, 25.250530740657648 ], [ 55.291744348070139, 25.250319594491522 ], [ 55.291833097170674, 25.250262040716581 ], [ 55.291852497226138, 25.250212440725871 ], [ 55.2918928, 25.2499989 ], [ 55.2917777, 25.2497993 ], [ 55.2916296, 25.2498858 ], [ 55.291607308471377, 25.250003908586795 ], [ 55.2915318, 25.2498809 ], [ 55.2914209, 25.2499366 ], [ 55.291404988053273, 25.250020906446824 ], [ 55.2912329, 25.2501076 ], [ 55.29121744898584, 25.250189463440861 ], [ 55.2911656, 25.2501102 ], [ 55.2910513, 25.2501714 ], [ 55.291010995692481, 25.250384940411383 ], [ 55.291042995726357, 25.250433840420854 ], [ 55.291156095891019, 25.250504740458911 ], [ 55.291220996018737, 25.250470040484135 ], [ 55.291235850407951, 25.250391338351541 ], [ 55.291270296114185, 25.250447240503121 ], [ 55.291311962885935, 25.250426239369229 ], [ 55.291298996142871, 25.250494940511434 ], [ 55.291399896241487, 25.250667740540468 ], [ 55.291479496397002, 25.250627740571282 ] ] ], [ [ [ 55.29193455825542, 25.239874706377773 ], [ 55.291932588122044, 25.239930061934231 ], [ 55.292022419658068, 25.239930061935819 ], [ 55.292024389783833, 25.239829790613566 ], [ 55.291979474019627, 25.23982979061357 ], [ 55.29193455825542, 25.239874706377773 ] ] ], [ [ [ 55.291546211841464, 25.23698644861517 ], [ 55.29170792701391, 25.237276072165741 ], [ 55.29179333113877, 25.237233942708155 ], [ 55.291752387806866, 25.237372710593618 ], [ 55.291943394746085, 25.237303152621475 ], [ 55.2919622, 25.237203499999989 ], [ 55.291937420079329, 25.237162864121 ], [ 55.29197928381619, 25.237142212838112 ], [ 55.29197678755834, 25.237238912379091 ], [ 55.292021703327734, 25.237238912380178 ], [ 55.292024389783833, 25.237134844761211 ], [ 55.291994220175077, 25.237134844762721 ], [ 55.2920042, 25.2371041 ], [ 55.2919472, 25.2370095 ], [ 55.291891276076754, 25.237037087157542 ], [ 55.2919032, 25.2369739 ], [ 55.2916219, 25.2364903 ], [ 55.2913968, 25.2365975 ], [ 55.291391658500231, 25.236624745301533 ], [ 55.2913145, 25.2366063 ], [ 55.291292326950284, 25.236726072148851 ], [ 55.291345326960162, 25.236766172151178 ], [ 55.291397710574927, 25.236731059969525 ], [ 55.291546211841464, 25.23698644861517 ] ] ], [ [ [ 55.29193455825542, 25.238302654630566 ], [ 55.291932229955947, 25.238359908335124 ], [ 55.291977145724637, 25.238359908336069 ], [ 55.291979474019627, 25.238302654630566 ], [ 55.29193455825542, 25.238302654630566 ] ] ], [ [ [ 55.291613575789327, 25.238396882192507 ], [ 55.291583426916901, 25.238438472152744 ], [ 55.291663626928141, 25.238562272155896 ], [ 55.291745749992515, 25.238518860333546 ], [ 55.291765726952306, 25.238552072160925 ], [ 55.291835588299321, 25.238519374279207 ], [ 55.291857694419321, 25.23855605258067 ], [ 55.29190339446086, 25.238533552588923 ], [ 55.2919222, 25.2384339 ], [ 55.291882546887507, 25.23836679718346 ], [ 55.29191449450699, 25.238352752594587 ], [ 55.2919333, 25.2382531 ], [ 55.291912, 25.2382134 ], [ 55.291887494784881, 25.23822417282614 ], [ 55.291889642491213, 25.238167907337953 ], [ 55.291844726727014, 25.238167907337957 ], [ 55.291842577522388, 25.238224211968753 ], [ 55.291887405744191, 25.238224211969634 ], [ 55.291866531646761, 25.23825315865988 ], [ 55.29185480000001, 25.2382331 ], [ 55.291815514150422, 25.238251893230849 ], [ 55.2918087, 25.2381597 ], [ 55.2917578, 25.2380733 ], [ 55.291721551357547, 25.238090826816155 ], [ 55.291694000175511, 25.238043599843188 ], [ 55.291709979434394, 25.23789841275272 ], [ 55.291575232141774, 25.237898412752713 ], [ 55.2915014, 25.2379648 ], [ 55.291506194224588, 25.238121852529986 ], [ 55.291535594239832, 25.238163252534122 ], [ 55.29156293516683, 25.238147446082245 ], [ 55.29158604391683, 25.238193633362421 ], [ 55.291529226915721, 25.238245572151264 ], [ 55.291613575789327, 25.238396882192507 ] ], [ [ 55.291592323033179, 25.238043927475115 ], [ 55.291592384861509, 25.238043599843135 ], [ 55.291592953921977, 25.238043599843326 ], [ 55.291592323033179, 25.238043927475115 ] ] ], [ [ [ 55.291910795671576, 25.232671952712888 ], [ 55.291959595716065, 25.232647252721708 ], [ 55.2919784, 25.2325476 ], [ 55.291935, 25.2324776 ], [ 55.2918862, 25.2325024 ], [ 55.29186739565089, 25.232602052706973 ], [ 55.291910795671576, 25.232671952712888 ] ] ], [ [ [ 55.290991327207095, 25.24867819616215 ], [ 55.290984520352836, 25.24886089985797 ], [ 55.290916718696138, 25.248904581915333 ], [ 55.2909334, 25.2488162 ], [ 55.2907643, 25.2486665 ], [ 55.290747074240493, 25.248682439818552 ], [ 55.2907622, 25.2486023 ], [ 55.2904511, 25.2483096 ], [ 55.290371507106343, 25.248378806815619 ], [ 55.2903854, 25.2483052 ], [ 55.290339140903463, 25.248266052169612 ], [ 55.290400436159281, 25.248266052167562 ], [ 55.290445351940406, 25.248221136406539 ], [ 55.290452338036623, 25.248139206991674 ], [ 55.290362506508224, 25.248139206991674 ], [ 55.290285287063824, 25.248285156864181 ], [ 55.290297, 25.2482231 ], [ 55.290188655820877, 25.248126559529727 ], [ 55.290311500272139, 25.248126559531535 ], [ 55.29031759074401, 25.248049375463271 ], [ 55.290272674979803, 25.248004459699061 ], [ 55.29018284345139, 25.248004459699061 ], [ 55.290177259478376, 25.248116404764712 ], [ 55.290137927687184, 25.248049375463264 ], [ 55.2898705, 25.2480256 ], [ 55.2897964, 25.2480936 ], [ 55.289756094434779, 25.248307140047139 ], [ 55.29007183015154, 25.248588364646274 ], [ 55.29004809615877, 25.248588364633736 ], [ 55.290040930772143, 25.248671243086772 ], [ 55.290102645508071, 25.248686671798175 ], [ 55.290080308551033, 25.248768027691955 ], [ 55.29004809615877, 25.248768027690563 ], [ 55.290053994686112, 25.248907440128818 ], [ 55.290130224899599, 25.24898850064141 ], [ 55.290250694969423, 25.249037640194686 ], [ 55.290372805052428, 25.248903480104698 ], [ 55.290400454587292, 25.248929477010716 ], [ 55.290318826002682, 25.249029172027921 ], [ 55.290380826013816, 25.249083472030602 ], [ 55.290469944988835, 25.248994813861071 ], [ 55.290492095397234, 25.24901564028368 ], [ 55.29057490036466, 25.248943645671478 ], [ 55.2904459, 25.2490571 ], [ 55.29040559513502, 25.249270640240692 ], [ 55.290578695363742, 25.249431940296564 ], [ 55.290640419350446, 25.249382302806413 ], [ 55.290716100433883, 25.249382302806701 ], [ 55.290761016211974, 25.249337387045124 ], [ 55.290768977318407, 25.249217882408171 ], [ 55.290935296009351, 25.249368540429412 ], [ 55.291102396365297, 25.249217640497097 ], [ 55.2911427, 25.2490041 ], [ 55.291120786358455, 25.24898426159459 ], [ 55.291254015003162, 25.249028671137946 ], [ 55.291478593889885, 25.24902867115177 ], [ 55.291523509670583, 25.248983755390665 ], [ 55.291530316377568, 25.248857859218973 ], [ 55.291417090277896, 25.248790173439883 ], [ 55.291449478384457, 25.24874606749847 ], [ 55.291524776236677, 25.248780666287775 ], [ 55.291523509683948, 25.24880409233521 ], [ 55.291568425461293, 25.248804092337974 ], [ 55.29157093563866, 25.248757664214398 ], [ 55.291694397620503, 25.248696140736289 ], [ 55.2917347, 25.2484826 ], [ 55.2916527, 25.2483311 ], [ 55.291556279335538, 25.248381340804709 ], [ 55.2915812, 25.2482493 ], [ 55.2914979, 25.2481706 ], [ 55.2914114, 25.2481701 ], [ 55.2913282, 25.2482421 ], [ 55.29129979401867, 25.248312291368009 ], [ 55.291269885097137, 25.248283395305432 ], [ 55.291378397299127, 25.248183440644119 ], [ 55.2914187, 25.2479699 ], [ 55.2912824, 25.2478488 ], [ 55.291094703535528, 25.248044002860631 ], [ 55.2910615, 25.2480111 ], [ 55.2910122, 25.2480518 ], [ 55.290990618087903, 25.248166147968579 ], [ 55.2908899, 25.24825 ], [ 55.290849596259797, 25.248463540438784 ], [ 55.290930984558429, 25.248543448873413 ], [ 55.290856579914482, 25.248543448869533 ], [ 55.290851026933233, 25.24866270152247 ], [ 55.290940858483076, 25.248662701526975 ], [ 55.290933408596388, 25.248543448872915 ], [ 55.290993453897038, 25.248493499501489 ], [ 55.290967796391392, 25.248629440474428 ], [ 55.29102408785878, 25.248678196168484 ], [ 55.290991327207095, 25.24867819616215 ] ], [ [ 55.291274458851476, 25.248676624234992 ], [ 55.291336785027454, 25.24872209305488 ], [ 55.291387427588049, 25.24878028590641 ], [ 55.291222788211243, 25.248725406144512 ], [ 55.291274458851476, 25.248676624234992 ] ], [ [ 55.290091460697901, 25.248588364653767 ], [ 55.290128882129025, 25.248554002972632 ], [ 55.290122396454016, 25.248588364660257 ], [ 55.290091460697901, 25.248588364653767 ] ] ], [ [ [ 55.291618177745995, 25.239930061928629 ], [ 55.291708009282011, 25.239930061930224 ], [ 55.291708994182564, 25.23990238910082 ], [ 55.291742994046523, 25.239918752532638 ], [ 55.291815794113006, 25.239881452545795 ], [ 55.2918346, 25.2397818 ], [ 55.2917359, 25.2395979 ], [ 55.2915606, 25.2396693 ], [ 55.291541793914753, 25.23976895250156 ], [ 55.29157739392911, 25.239839052506142 ], [ 55.291651475216355, 25.239874706383983 ], [ 55.291620147905981, 25.239874706377776 ], [ 55.291618177745995, 25.239930061928629 ] ] ], [ [ [ 55.29161190777382, 25.254156660790045 ], [ 55.291620147905981, 25.254068087866866 ], [ 55.291530316377568, 25.254068087866859 ], [ 55.291522076213596, 25.254156660783355 ], [ 55.29161190777382, 25.254156660790045 ] ] ], [ [ [ 55.291661594151002, 25.23909055253613 ], [ 55.291684594141103, 25.239229152537145 ], [ 55.291786894233795, 25.239180252555567 ], [ 55.2918057, 25.2390806 ], [ 55.2917374, 25.2389636 ], [ 55.2916804, 25.2389909 ], [ 55.291661594151002, 25.23909055253613 ] ] ], [ [ [ 55.291674927348055, 25.231456172198964 ], [ 55.29187670000001, 25.2307313 ], [ 55.2917896, 25.2307112 ], [ 55.291587827329131, 25.231436072194853 ], [ 55.291674927348055, 25.231456172198964 ] ] ], [ [ [ 55.291343487997338, 25.252983156500555 ], [ 55.29138840376833, 25.253072988031164 ], [ 55.291523151102453, 25.253072988039897 ], [ 55.291530316377568, 25.252945193761711 ], [ 55.291485400613361, 25.252900277997512 ], [ 55.291350653320748, 25.252900277997512 ], [ 55.291343487997338, 25.252983156500555 ] ] ], [ [ [ 55.291665063670187, 25.238841643801042 ], [ 55.291663093535284, 25.23894191511906 ], [ 55.291708009303292, 25.238941915119849 ], [ 55.291709979434394, 25.238841643801042 ], [ 55.291665063670187, 25.238841643801042 ] ] ], [ [ [ 55.2917488, 25.2350188 ], [ 55.2916763, 25.2348958 ], [ 55.2914439, 25.235008 ], [ 55.291423981220994, 25.23519221649455 ], [ 55.29144878123077, 25.235234216497417 ], [ 55.291729636832343, 25.235120350776224 ], [ 55.2917488, 25.2350188 ] ] ], [ [ [ 55.291682653380917, 25.234096754498616 ], [ 55.291740653433294, 25.234064954508938 ], [ 55.2917591, 25.2339672 ], [ 55.2916915, 25.233842 ], [ 55.2916297, 25.2338714 ], [ 55.291611253350069, 25.233969154489326 ], [ 55.291682653380917, 25.234096754498616 ] ] ], [ [ [ 55.291649615945573, 25.234717301698321 ], [ 55.291730616020132, 25.234676301713076 ], [ 55.2917496, 25.2345757 ], [ 55.2917074, 25.2345074 ], [ 55.2916264, 25.2345483 ], [ 55.291607415925348, 25.234648901692516 ], [ 55.291649615945573, 25.234717301698321 ] ] ], [ [ [ 55.2915328, 25.2389243 ], [ 55.291530316377568, 25.238841643801031 ], [ 55.291395569084948, 25.238841643801042 ], [ 55.291393598927229, 25.238941915114253 ], [ 55.291504959520871, 25.238941915125054 ], [ 55.291468, 25.2389653 ], [ 55.291396105873218, 25.239290801449926 ], [ 55.291350653320748, 25.239290801443101 ], [ 55.291348683150524, 25.239346156990429 ], [ 55.291438514686533, 25.239346156992021 ], [ 55.291440187267888, 25.239299162573275 ], [ 55.291603994071657, 25.239250152523002 ], [ 55.2916482, 25.2389366 ], [ 55.2915328, 25.2389243 ] ] ], [ [ [ 55.290152211968177, 25.233894517940758 ], [ 55.290194794020806, 25.233959852394118 ], [ 55.290387966311606, 25.23385685694916 ], [ 55.290378853813188, 25.233905144243103 ], [ 55.29095955396415, 25.234901844287606 ], [ 55.291418615878079, 25.234682981366131 ], [ 55.291442894871679, 25.234725052590353 ], [ 55.291519994941744, 25.234687152604256 ], [ 55.291538476814047, 25.234586960477522 ], [ 55.291703827176661, 25.234488572182229 ], [ 55.2915762, 25.2342248 ], [ 55.2913926, 25.2343098 ], [ 55.291507021708597, 25.234550177788076 ], [ 55.291431812224019, 25.234613051034284 ], [ 55.291083675967087, 25.234015417136384 ], [ 55.291166333733436, 25.234015417137858 ], [ 55.291170990263922, 25.233945825502591 ], [ 55.291081158735508, 25.233945825502591 ], [ 55.291077241316643, 25.234004370927256 ], [ 55.291031900093607, 25.233926534682837 ], [ 55.291076323093733, 25.233926534677948 ], [ 55.291081158735508, 25.233811078209971 ], [ 55.291036242971302, 25.233811078209964 ], [ 55.290991272616075, 25.233856790327021 ], [ 55.2908566, 25.2336256 ], [ 55.29052734646671, 25.233782542078572 ], [ 55.2905632, 25.2336738 ], [ 55.290533074728138, 25.233627578211824 ], [ 55.29077832701622, 25.233583472142673 ], [ 55.290904027049272, 25.233514672149195 ], [ 55.2907732, 25.2332694 ], [ 55.2902218, 25.2335691 ], [ 55.290212247827746, 25.233619716919055 ], [ 55.290191, 25.2335871 ], [ 55.29005870000001, 25.2336577 ], [ 55.290096333842364, 25.233752058828927 ], [ 55.290081426843535, 25.233785372107597 ], [ 55.290152211968177, 25.233894517940758 ] ], [ [ 55.290294453680431, 25.233629053769032 ], [ 55.290311329988292, 25.233654477096785 ], [ 55.290287231128929, 25.233667326141163 ], [ 55.290294453680431, 25.233629053769032 ] ], [ [ 55.290136026858491, 25.233745272110493 ], [ 55.290205226876623, 25.233708472114074 ], [ 55.290221873429594, 25.23369951704229 ], [ 55.290135338009584, 25.233767194457229 ], [ 55.290136026858491, 25.233745272110493 ] ] ], [ [ [ 55.2912056, 25.2405432 ], [ 55.2911303, 25.2404374 ], [ 55.290952483989393, 25.240541086160572 ], [ 55.290922, 25.2404914 ], [ 55.2908673, 25.2405211 ], [ 55.290831922082475, 25.240597227271152 ], [ 55.290673, 25.2406661 ], [ 55.290654192992641, 25.240765752329718 ], [ 55.290677893004677, 25.240800352333036 ], [ 55.290713383974271, 25.240780510786745 ], [ 55.290705393022272, 25.240822852337242 ], [ 55.290773193055102, 25.240929652346541 ], [ 55.290866011433081, 25.240881501616204 ], [ 55.290844693100773, 25.240988452357463 ], [ 55.290894363586119, 25.241062168324486 ], [ 55.290881893092923, 25.241172852359931 ], [ 55.290950693145476, 25.241187652371316 ], [ 55.291131793312196, 25.241088452404203 ], [ 55.291146331970673, 25.24101141534349 ], [ 55.29122569341245, 25.240969852422655 ], [ 55.2912445, 25.2408702 ], [ 55.291221156857105, 25.240806820271715 ], [ 55.291315193488074, 25.240953752438219 ], [ 55.291439093605646, 25.240868852461062 ], [ 55.291441539146177, 25.240733551349511 ], [ 55.291499193662318, 25.240829452472106 ], [ 55.291595493749838, 25.240782152489476 ], [ 55.2916143, 25.2406825 ], [ 55.291512056425844, 25.240536092161236 ], [ 55.2914976, 25.2404568 ], [ 55.2913374, 25.2405357 ], [ 55.291320712941129, 25.240654116393856 ], [ 55.291267051698391, 25.240682213174615 ], [ 55.291278, 25.2406242 ], [ 55.2912056, 25.2405432 ] ], [ [ 55.29121272627674, 25.240745304260919 ], [ 55.291227354760075, 25.240738550948997 ], [ 55.291223037459694, 25.240761427511057 ], [ 55.29121272627674, 25.240745304260919 ] ], [ [ 55.2910417, 25.2407689 ], [ 55.291027629499112, 25.240843456254414 ], [ 55.290992759826267, 25.240802927830025 ], [ 55.291002733379592, 25.240750080400858 ], [ 55.291115706451933, 25.240684265665518 ], [ 55.291108359417017, 25.240733955494175 ], [ 55.2910417, 25.2407689 ] ], [ [ 55.291067881264404, 25.240938815074195 ], [ 55.29107373387707, 25.240947955734431 ], [ 55.291065295848036, 25.240952514581927 ], [ 55.291067881264404, 25.240938815074195 ] ], [ [ 55.290912168131925, 25.240842859023807 ], [ 55.290914550045457, 25.24083023790033 ], [ 55.290920156636069, 25.240838900920561 ], [ 55.290912168131925, 25.240842859023807 ] ], [ [ 55.290890415909715, 25.240700399004211 ], [ 55.290886365437082, 25.240694012638521 ], [ 55.29089148432795, 25.240685540891175 ], [ 55.290892835661687, 25.240687577377035 ], [ 55.290890415909715, 25.240700399004211 ] ] ], [ [ [ 55.2914237, 25.2384611 ], [ 55.291392126866882, 25.238538372142862 ], [ 55.291458726875973, 25.238645172145461 ], [ 55.291621826918607, 25.238560372153891 ], [ 55.291559, 25.2384226 ], [ 55.2915146, 25.2384147 ], [ 55.2914237, 25.2384611 ] ] ], [ [ [ 55.2913261, 25.2537 ], [ 55.291268894556644, 25.253975340344272 ], [ 55.291311994627073, 25.253984940359555 ], [ 55.2913691, 25.2537096 ], [ 55.2913261, 25.2537 ] ] ], [ [ [ 55.291185026327817, 25.246900372082763 ], [ 55.291231526336496, 25.246935472084814 ], [ 55.29141382637642, 25.246972372093452 ], [ 55.291445, 25.2468015 ], [ 55.2912094, 25.2467666 ], [ 55.291185026327817, 25.246900372082763 ] ] ], [ [ [ 55.291305737556542, 25.249172269568415 ], [ 55.291298572511415, 25.249255148098307 ], [ 55.291388404067483, 25.249255148104119 ], [ 55.291395569084948, 25.249172269568419 ], [ 55.291305737556542, 25.249172269568415 ] ] ], [ [ [ 55.291170990263922, 25.254696908565752 ], [ 55.291081158735508, 25.254696908565752 ], [ 55.291073455770409, 25.254815685076675 ], [ 55.29091, 25.254664 ], [ 55.290677, 25.2548836 ], [ 55.290636692966807, 25.255097140063423 ], [ 55.291002793452925, 25.255433240181826 ], [ 55.291080793588414, 25.255432440210299 ], [ 55.291272394000259, 25.255251240288281 ], [ 55.2913127, 25.2550377 ], [ 55.291134642777976, 25.254872465777844 ], [ 55.291208203105498, 25.254827550013214 ], [ 55.291215906028128, 25.254741824329955 ], [ 55.291170990263922, 25.254696908565752 ] ] ], [ [ [ 55.291550926990077, 25.237064872159394 ], [ 55.2913827, 25.2367505 ], [ 55.2913412, 25.2367712 ], [ 55.291509426979289, 25.237085472157244 ], [ 55.291550926990077, 25.237064872159394 ] ] ], [ [ [ 55.291524895069173, 25.23408645261766 ], [ 55.291563095103726, 25.234068452624538 ], [ 55.2915819, 25.2339688 ], [ 55.2915581, 25.2339274 ], [ 55.2915198, 25.2339454 ], [ 55.291500995058378, 25.234045052614473 ], [ 55.291524895069173, 25.23408645261766 ] ] ], [ [ [ 55.2913807, 25.2471033 ], [ 55.2913536, 25.2470572 ], [ 55.291286826338698, 25.247115272086425 ], [ 55.291313926342248, 25.247161372087461 ], [ 55.2913807, 25.2471033 ] ] ], [ [ [ 55.291453, 25.2404344 ], [ 55.2913662, 25.2402966 ], [ 55.2911856, 25.2403895 ], [ 55.291180226707553, 25.240417972121314 ], [ 55.291267026719488, 25.240555872124702 ], [ 55.29144762676664, 25.240462872134035 ], [ 55.291453, 25.2404344 ] ] ], [ [ [ 55.2910111, 25.2383774 ], [ 55.2909439, 25.238264799999989 ], [ 55.2908998, 25.2382845 ], [ 55.290927038084305, 25.238427607684244 ], [ 55.290898026279791, 25.23844186657173 ], [ 55.2908793, 25.2383843 ], [ 55.2908397, 25.2384034 ], [ 55.2908182, 25.2384811 ], [ 55.290799393559219, 25.238580752400178 ], [ 55.290895493590035, 25.23880845241176 ], [ 55.290951793640836, 25.238782652421875 ], [ 55.29096453118354, 25.238672149254644 ], [ 55.291034393744553, 25.238602752439686 ], [ 55.291050106831186, 25.238519490401082 ], [ 55.291114793818494, 25.238559052454278 ], [ 55.291214114969762, 25.238536724162948 ], [ 55.291248078667842, 25.238364622308939 ], [ 55.291297993989609, 25.238446652487784 ], [ 55.291343594024845, 25.238454452495372 ], [ 55.291434994108066, 25.238408852511874 ], [ 55.2914808, 25.2382608 ], [ 55.2914154, 25.2381534 ], [ 55.291264467425187, 25.238228911789061 ], [ 55.2912392, 25.238179099999989 ], [ 55.2911933, 25.2382008 ], [ 55.291182263976836, 25.238259279353638 ], [ 55.2910198, 25.2383413 ], [ 55.2910111, 25.2383774 ] ], [ [ 55.291231305163066, 25.238332813729901 ], [ 55.291230574062482, 25.238331644197192 ], [ 55.291231618639507, 25.238331152632075 ], [ 55.291231305163066, 25.238332813729901 ] ] ], [ [ [ 55.291518381742478, 25.232603116554763 ], [ 55.2915345, 25.2325177 ], [ 55.2914913, 25.2324477 ], [ 55.2914541, 25.2324683 ], [ 55.291437981695523, 25.232553716543944 ], [ 55.291478981711691, 25.232623016548665 ], [ 55.291518381742478, 25.232603116554763 ] ] ], [ [ [ 55.2911262, 25.2542177 ], [ 55.291125525880489, 25.254278172035715 ], [ 55.291164225888593, 25.254292572037517 ], [ 55.291222, 25.2541495 ], [ 55.2911668, 25.2541289 ], [ 55.2911262, 25.2542177 ] ] ], [ [ [ 55.291489253327612, 25.233601054476534 ], [ 55.2915077, 25.2335033 ], [ 55.2914744, 25.2334404 ], [ 55.2913993, 25.233473 ], [ 55.291380853247837, 25.233570754459084 ], [ 55.291414253261614, 25.233633654463357 ], [ 55.291489253327612, 25.233601054476534 ] ] ], [ [ [ 55.2914314, 25.2375082 ], [ 55.2913999, 25.2374587 ], [ 55.2913421, 25.2374887 ], [ 55.291323294186498, 25.237588352510056 ], [ 55.291354794201752, 25.23763795251438 ], [ 55.291412594254631, 25.237607852524839 ], [ 55.2914314, 25.2375082 ] ] ], [ [ [ 55.29117722681017, 25.238659272131681 ], [ 55.291233058347984, 25.238748235393413 ], [ 55.291206193832096, 25.238852052463685 ], [ 55.291232593844818, 25.238893952467297 ], [ 55.29128019388834, 25.238869352475906 ], [ 55.291283737991627, 25.238745477346647 ], [ 55.291408826862344, 25.238681072142811 ], [ 55.2914142, 25.2386526 ], [ 55.2913454, 25.2385428 ], [ 55.2912998, 25.2385354 ], [ 55.2912089, 25.238582 ], [ 55.29117722681017, 25.238659272131681 ] ] ], [ [ [ 55.2912823, 25.2397413 ], [ 55.291264182499148, 25.23975001004861 ], [ 55.2912438, 25.2396974 ], [ 55.29120389175025, 25.239716120058702 ], [ 55.29122490000001, 25.2396048 ], [ 55.2911015, 25.2393845 ], [ 55.2910177, 25.2393666 ], [ 55.291007558249866, 25.239420339526951 ], [ 55.2908912, 25.2394456 ], [ 55.2908494, 25.2395172 ], [ 55.290798499999795, 25.239775540810061 ], [ 55.290818053631959, 25.239852093206583 ], [ 55.290777, 25.2398743 ], [ 55.290760902740686, 25.239959595400482 ], [ 55.2907237, 25.2399002 ], [ 55.2905653, 25.2399815 ], [ 55.290524999341429, 25.240195040691539 ], [ 55.290577499395447, 25.240278740706923 ], [ 55.290661399528062, 25.24030744073622 ], [ 55.290769899740418, 25.240251840778257 ], [ 55.290785219448452, 25.240170665664941 ], [ 55.290920875156189, 25.240217441517924 ], [ 55.290952026663348, 25.240273772111085 ], [ 55.29100832667784, 25.240248272113973 ], [ 55.29100948990969, 25.240114459083685 ], [ 55.2910714, 25.2400597 ], [ 55.2910458, 25.2400202 ], [ 55.291025284342417, 25.240030767502912 ], [ 55.2910383, 25.2399618 ], [ 55.290970604151148, 25.239851478632069 ], [ 55.291071900462825, 25.239798940908649 ], [ 55.291078772398158, 25.239762527667366 ], [ 55.291121279921597, 25.239839006308255 ], [ 55.29106430030793, 25.24012064089144 ], [ 55.291173200427714, 25.240276740924124 ], [ 55.291302800684662, 25.240202840974675 ], [ 55.291347500792277, 25.240134240994045 ], [ 55.2913878, 25.2399207 ], [ 55.2912823, 25.2397413 ] ] ], [ [ [ 55.291111225908537, 25.253744872038219 ], [ 55.291145425915687, 25.25375757203981 ], [ 55.291182, 25.2536605 ], [ 55.2911478, 25.2536477 ], [ 55.291111225908537, 25.253744872038219 ] ] ], [ [ [ 55.2913998, 25.2380773 ], [ 55.2913664, 25.2380278 ], [ 55.291313526875513, 25.23808247214177 ], [ 55.291347026880338, 25.238132072143088 ], [ 55.2913998, 25.2380773 ] ] ], [ [ [ 55.291452027152665, 25.233907472173463 ], [ 55.291458, 25.233825400000011 ], [ 55.2914175, 25.233758 ], [ 55.2913454, 25.2337935 ], [ 55.291326594948721, 25.233893152587989 ], [ 55.291367094967605, 25.233960452593475 ], [ 55.291452027152665, 25.233907472173463 ] ] ], [ [ [ 55.291293601087695, 25.237805744726014 ], [ 55.291338594165126, 25.237752452509227 ], [ 55.2913574, 25.2376528 ], [ 55.2913025, 25.2375635 ], [ 55.2912525, 25.2375433 ], [ 55.2911639, 25.2375879 ], [ 55.291145094022141, 25.237687552477681 ], [ 55.29123569406503, 25.237834952490005 ], [ 55.291289326884794, 25.237829372142098 ], [ 55.291293601087695, 25.237805744726014 ] ] ], [ [ [ 55.29067494668071, 25.237010537244839 ], [ 55.290764778216726, 25.237010537246434 ], [ 55.290765874556818, 25.236954739327942 ], [ 55.290802565410274, 25.236936526138798 ], [ 55.290834293904766, 25.237037152438443 ], [ 55.290897658287783, 25.237004796231769 ], [ 55.290883493935731, 25.237079852445913 ], [ 55.290905593946064, 25.237116452448905 ], [ 55.290939520526699, 25.237099715931301 ], [ 55.290977726851899, 25.237164772130939 ], [ 55.290946793926715, 25.237372452450543 ], [ 55.29101309395768, 25.23748235245953 ], [ 55.291048444481575, 25.237460315839723 ], [ 55.291051893976075, 25.237545352464803 ], [ 55.291111294003073, 25.237647452472768 ], [ 55.291143994032687, 25.237631952478662 ], [ 55.291159942877663, 25.237547439851859 ], [ 55.291238894134324, 25.237510452497336 ], [ 55.291249254185516, 25.237455554491625 ], [ 55.291283094169131, 25.237514852504763 ], [ 55.29134199422235, 25.237487452515357 ], [ 55.2913608, 25.2373878 ], [ 55.2912958, 25.2372738 ], [ 55.2912369, 25.2373013 ], [ 55.291226515910623, 25.237356325448459 ], [ 55.291165996064628, 25.237250604993697 ], [ 55.291182, 25.2371658 ], [ 55.2911223, 25.2370672 ], [ 55.291048469679993, 25.237103849991712 ], [ 55.291021456395875, 25.23705929562151 ], [ 55.291070194095724, 25.237035252478602 ], [ 55.291089, 25.2369356 ], [ 55.2910354, 25.2368466 ], [ 55.291007842814295, 25.236860192723519 ], [ 55.2909437, 25.236755 ], [ 55.290831569492433, 25.236799842664414 ], [ 55.2908526, 25.2366991 ], [ 55.290813853258044, 25.236634377308871 ], [ 55.2908481, 25.2365264 ], [ 55.2908064, 25.236463 ], [ 55.2907169, 25.2365113 ], [ 55.290698093882355, 25.236610952424201 ], [ 55.290731775388977, 25.236661958135837 ], [ 55.29067092836695, 25.236691779577814 ], [ 55.2906295, 25.2366187 ], [ 55.2905754, 25.236644 ], [ 55.29061152679202, 25.236745172115654 ], [ 55.290651165952298, 25.236726634773309 ], [ 55.290637593794912, 25.236798552409986 ], [ 55.290694032248226, 25.236867250351104 ], [ 55.29067494668071, 25.237010537244839 ] ] ], [ [ [ 55.290995193143509, 25.241372052375024 ], [ 55.291122993203281, 25.241583552392338 ], [ 55.29127809334436, 25.241506952420309 ], [ 55.2912969, 25.2414073 ], [ 55.291169, 25.2411958 ], [ 55.291014, 25.2412724 ], [ 55.290995193143509, 25.241372052375024 ] ] ], [ [ [ 55.291395569084948, 25.234215320087824 ], [ 55.291305737556542, 25.234215320087824 ], [ 55.291301260136152, 25.234283962655237 ], [ 55.291391091681831, 25.234283962658882 ], [ 55.291395569084948, 25.234215320087824 ] ] ], [ [ [ 55.291126074499715, 25.238931475329451 ], [ 55.291081158735508, 25.238976391093665 ], [ 55.291079188544408, 25.239256325457401 ], [ 55.291169020078492, 25.239346156987217 ], [ 55.2912139358465, 25.239346156988024 ], [ 55.291258851615467, 25.239301241224712 ], [ 55.291305737556542, 25.238931475329458 ], [ 55.291126074499715, 25.238931475329451 ] ] ], [ [ [ 55.291305737556542, 25.238078075809543 ], [ 55.291170990263922, 25.238078075809543 ], [ 55.291169199209136, 25.238177398049302 ], [ 55.29130394651213, 25.238177398051491 ], [ 55.291305737556542, 25.238078075809543 ] ] ], [ [ [ 55.2907991, 25.2512764 ], [ 55.290767725961572, 25.251492672034995 ], [ 55.290957725995227, 25.251666672043193 ], [ 55.2910827, 25.251538 ], [ 55.2907991, 25.2512764 ] ] ], [ [ [ 55.290564377422683, 25.247130354842803 ], [ 55.290532796226636, 25.247293840375796 ], [ 55.290688496484307, 25.247321040431327 ], [ 55.290708233618524, 25.247219461078974 ], [ 55.290730311393318, 25.247224652260133 ], [ 55.290718196549946, 25.247288840443602 ], [ 55.290960796938116, 25.247361440528785 ], [ 55.290972888425863, 25.247321135716966 ], [ 55.290981833588752, 25.247381023893276 ], [ 55.291071665153808, 25.247381023900996 ], [ 55.2911372, 25.2469462 ], [ 55.29103870058983, 25.246951451042179 ], [ 55.2910461, 25.2468939 ], [ 55.29090396225039, 25.246858926498902 ], [ 55.2909309, 25.2467162 ], [ 55.2908743, 25.2467033 ], [ 55.290725953432421, 25.247128263918047 ], [ 55.2908204, 25.2466662 ], [ 55.2907134, 25.2466551 ], [ 55.2906168, 25.2467156 ], [ 55.290589634225405, 25.246867660276184 ], [ 55.2905136, 25.246859 ], [ 55.290440515542926, 25.247213698678056 ], [ 55.290530347116977, 25.247213698687663 ], [ 55.290539815847517, 25.247127557290462 ], [ 55.290564377422683, 25.247130354842803 ] ] ], [ [ [ 55.291117297483737, 25.246838238462782 ], [ 55.291126074499715, 25.246746818301293 ], [ 55.291081158735508, 25.246701902537087 ], [ 55.290991327207095, 25.246701902537087 ], [ 55.290946411442889, 25.246746818301293 ], [ 55.290937634359153, 25.246838238448522 ], [ 55.291117297483737, 25.246838238462782 ] ] ], [ [ [ 55.290303976811032, 25.247710771374727 ], [ 55.290252791200203, 25.247904052111942 ], [ 55.290380491280352, 25.248016152131306 ], [ 55.290454421719041, 25.247947240978903 ], [ 55.290437791322724, 25.248035352140658 ], [ 55.290563191400921, 25.248147952159631 ], [ 55.290703391540482, 25.24802035218616 ], [ 55.290712505853243, 25.247972062174149 ], [ 55.290767691589537, 25.24803455219681 ], [ 55.29080009162179, 25.248005052202931 ], [ 55.290818578841993, 25.247907101589185 ], [ 55.290871791706905, 25.247872952217893 ], [ 55.290880693861325, 25.247825785844448 ], [ 55.290915191745363, 25.24785655222562 ], [ 55.291053191882938, 25.247729952251742 ], [ 55.291072, 25.2476303 ], [ 55.2909287, 25.2475025 ], [ 55.2907907, 25.2476291 ], [ 55.29069622798422, 25.247897379060241 ], [ 55.29059680000001, 25.2478081 ], [ 55.290545721017821, 25.247854588480045 ], [ 55.2905628, 25.2477641 ], [ 55.290516340928093, 25.247723370303028 ], [ 55.290581556947657, 25.247690762373917 ], [ 55.290646991550702, 25.24774905218224 ], [ 55.290764291667678, 25.247641252204463 ], [ 55.290811664150276, 25.247465470528585 ], [ 55.290587085329243, 25.247375639000172 ], [ 55.290407422272416, 25.247375639000175 ], [ 55.29031759074401, 25.247465470528589 ], [ 55.290303976811032, 25.247710771374727 ] ] ], [ [ [ 55.29108, 25.2386384 ], [ 55.2909892, 25.238685 ], [ 55.2909629, 25.2387337 ], [ 55.291024326762567, 25.23886887212301 ], [ 55.291189126805591, 25.238783972131515 ], [ 55.2911257, 25.2386457 ], [ 55.29108, 25.2386384 ] ] ], [ [ [ 55.290803722584997, 25.250510280184102 ], [ 55.290811664150276, 25.250429910966183 ], [ 55.290766748386069, 25.250429910966183 ], [ 55.290763610748321, 25.250524178268495 ], [ 55.290689635081499, 25.250549809569257 ], [ 55.2906973, 25.2505092 ], [ 55.2906189, 25.2503865 ], [ 55.2904846, 25.2504507 ], [ 55.290444294587743, 25.250664240192251 ], [ 55.290468685585829, 25.250702448749127 ], [ 55.2902296, 25.2508075 ], [ 55.290207028653896, 25.250927082449621 ], [ 55.290285828702416, 25.251040182462862 ], [ 55.290543198485494, 25.250877000923598 ], [ 55.290645194773795, 25.251031640249014 ], [ 55.290968295398088, 25.250885040373383 ], [ 55.2910086, 25.2506715 ], [ 55.2908839, 25.2504825 ], [ 55.290803722584997, 25.250510280184102 ] ] ], [ [ [ 55.290856579914482, 25.2536189302248 ], [ 55.290848876967488, 25.253704655892644 ], [ 55.290938708525637, 25.253704655898911 ], [ 55.290946411442889, 25.253574014460604 ], [ 55.290901495678682, 25.253574014460607 ], [ 55.290856579914482, 25.2536189302248 ] ] ], [ [ [ 55.290707193470219, 25.254232340127956 ], [ 55.29075579355213, 25.254237540145439 ], [ 55.290774941476002, 25.254130887105013 ], [ 55.29080742581521, 25.254138672021096 ], [ 55.2908256, 25.2540664 ], [ 55.290788134622375, 25.254057401766381 ], [ 55.2908016, 25.2539824 ], [ 55.290753, 25.2539771 ], [ 55.290707193470219, 25.254232340127956 ] ] ], [ [ [ 55.290901495678682, 25.245309513846703 ], [ 55.290811664150276, 25.245309513846703 ], [ 55.290766748386069, 25.245354429610906 ], [ 55.290760658208242, 25.245476529486098 ], [ 55.290805573978218, 25.245566361016365 ], [ 55.290895405530136, 25.245566361021314 ], [ 55.290946411442889, 25.24539934537512 ], [ 55.290946411442889, 25.245354429610906 ], [ 55.290901495678682, 25.245309513846703 ] ] ], [ [ [ 55.290901495678682, 25.237988244281127 ], [ 55.290899704604918, 25.238087566516704 ], [ 55.290989536140245, 25.238087566518153 ], [ 55.290991327207095, 25.23798824428113 ], [ 55.290901495678682, 25.237988244281127 ] ] ], [ [ [ 55.2904129, 25.2389725 ], [ 55.29039863242977, 25.238941915097413 ], [ 55.29044576723625, 25.238901599898803 ], [ 55.290472113916628, 25.238920982234983 ], [ 55.290456493195201, 25.239003752332998 ], [ 55.290518993226712, 25.239096152341695 ], [ 55.290706088866997, 25.238992770823234 ], [ 55.290715169831813, 25.239032725615402 ], [ 55.290648626662694, 25.239092672103403 ], [ 55.290792226679628, 25.239368472108733 ], [ 55.290948926720553, 25.239287772116832 ], [ 55.290834300534144, 25.23906861505488 ], [ 55.2908531, 25.238969 ], [ 55.2907942, 25.2388752 ], [ 55.290756416181438, 25.238894609503429 ], [ 55.290722, 25.2388167 ], [ 55.290692783691647, 25.238825110774247 ], [ 55.2906285, 25.2387267 ], [ 55.2904917, 25.2387998 ], [ 55.290519960634441, 25.238879424823764 ], [ 55.290486930927131, 25.238897673869332 ], [ 55.2904714, 25.2388506 ], [ 55.290450601854666, 25.238858409265813 ], [ 55.290452338036623, 25.238572149215809 ], [ 55.29031759074401, 25.238572149215798 ], [ 55.290227759215597, 25.238617064980016 ], [ 55.29022578896388, 25.238717336272916 ], [ 55.290272341983851, 25.238853720822437 ], [ 55.2901729, 25.2389021 ], [ 55.290111099071318, 25.239181740586158 ], [ 55.290236499256345, 25.239254540628593 ], [ 55.290345099455024, 25.23923034066927 ], [ 55.2904129, 25.2389725 ] ] ], [ [ [ 55.2910642, 25.2304169 ], [ 55.2909631, 25.2303945 ], [ 55.290942261763078, 25.230484957326247 ], [ 55.291043361796845, 25.230507257333574 ], [ 55.2910642, 25.2304169 ] ] ], [ [ [ 55.290854430641829, 25.237236065139381 ], [ 55.29089934640912, 25.237280980904355 ], [ 55.290944262177483, 25.237280980905222 ], [ 55.290946411442889, 25.237179760525422 ], [ 55.290856579914482, 25.237179760525422 ], [ 55.290854430641829, 25.237236065139381 ] ] ], [ [ [ 55.290948994399123, 25.235083052498872 ], [ 55.2909678, 25.2349834 ], [ 55.2909387, 25.2349336 ], [ 55.2908846, 25.2349596 ], [ 55.29086579433681, 25.235059252485211 ], [ 55.290894894350096, 25.235108952489128 ], [ 55.290948994399123, 25.235083052498872 ] ] ], [ [ [ 55.2907114, 25.2375966 ], [ 55.2906493, 25.2375822 ], [ 55.2905772, 25.2376182 ], [ 55.290536900403289, 25.237831740801941 ], [ 55.290611577432621, 25.237953915813854 ], [ 55.290600400433291, 25.238013140816943 ], [ 55.290650200482453, 25.238097240831323 ], [ 55.29073900066517, 25.238031440866635 ], [ 55.29075291550874, 25.237957708044455 ], [ 55.290763434981621, 25.237974327668233 ], [ 55.290713300549584, 25.238192840850026 ], [ 55.290777300614742, 25.238296440868702 ], [ 55.290804100667117, 25.23828284087908 ], [ 55.2908444, 25.2380693 ], [ 55.290789363645963, 25.237980070492309 ], [ 55.290870826779866, 25.23797107212091 ], [ 55.2909212, 25.2379193 ], [ 55.2908456, 25.2377999 ], [ 55.290775880723658, 25.237836018329538 ], [ 55.290789054284105, 25.237732183909351 ], [ 55.290810626777777, 25.237770172119191 ], [ 55.290908826803133, 25.237724372124241 ], [ 55.2909142, 25.2376959 ], [ 55.290889, 25.2376517 ], [ 55.290796053884634, 25.237695093805641 ], [ 55.2907114, 25.2375966 ] ] ], [ [ [ 55.290577293090422, 25.254583340064826 ], [ 55.2906754, 25.2544232 ], [ 55.290619, 25.254312 ], [ 55.290461225716903, 25.254450672002392 ], [ 55.290577293090422, 25.254583340064826 ] ] ], [ [ [ 55.290721832621863, 25.246207829130825 ], [ 55.290676916857656, 25.246207829130821 ], [ 55.290667781464514, 25.246390978926829 ], [ 55.290712697241865, 25.24643589469429 ], [ 55.290757613023708, 25.246435894698003 ], [ 55.290766748386069, 25.246252744895028 ], [ 55.290721832621863, 25.246207829130825 ] ] ], [ [ [ 55.290468925733059, 25.254206072004234 ], [ 55.290619125775763, 25.254069972012353 ], [ 55.2906405, 25.2539871 ], [ 55.2905053, 25.253865 ], [ 55.290311625705073, 25.254064071997433 ], [ 55.290468925733059, 25.254206072004234 ] ] ], [ [ [ 55.2908005, 25.241395 ], [ 55.2905725, 25.2410294 ], [ 55.2904808, 25.2410762 ], [ 55.29042472648969, 25.241157572080169 ], [ 55.290645326520504, 25.241499972088846 ], [ 55.290795126559587, 25.241423472096578 ], [ 55.2908005, 25.241395 ] ] ], [ [ [ 55.290791226944499, 25.234855372135687 ], [ 55.290876226966596, 25.234813172140079 ], [ 55.2908539, 25.2347392 ], [ 55.290769, 25.2347815 ], [ 55.290791226944499, 25.234855372135687 ] ] ], [ [ [ 55.290811664150276, 25.239515380264134 ], [ 55.290721832621863, 25.239515380264134 ], [ 55.290719862393573, 25.239570735799759 ], [ 55.290809693929596, 25.239570735801362 ], [ 55.290811664150276, 25.239515380264134 ] ] ], [ [ [ 55.290532496174123, 25.251738802004024 ], [ 55.290622327739889, 25.251738802011879 ], [ 55.290632001093449, 25.251552805071331 ], [ 55.290542169565036, 25.251552805071334 ], [ 55.290532496174123, 25.251738802004024 ] ] ], [ [ [ 55.290338892338376, 25.23520047671655 ], [ 55.290286726804858, 25.235250572108814 ], [ 55.29032642680987, 25.235320972110323 ], [ 55.290384095149967, 25.235294251268922 ], [ 55.290420493916002, 25.235356452403263 ], [ 55.290643594118201, 25.235249552443442 ], [ 55.290658665905156, 25.235169686999114 ], [ 55.290686594159844, 25.235215952451458 ], [ 55.290842294301427, 25.235139052479546 ], [ 55.2908611, 25.2350394 ], [ 55.2908048, 25.2349463 ], [ 55.29078414230392, 25.23495650937809 ], [ 55.2907606, 25.234865 ], [ 55.290737136266799, 25.234875450659128 ], [ 55.2907263, 25.2348016 ], [ 55.2906922, 25.2348165 ], [ 55.290682431886971, 25.234868261555746 ], [ 55.2906531, 25.2348197 ], [ 55.2905904, 25.2348138 ], [ 55.2904094, 25.2348515 ], [ 55.290386027137217, 25.235007059370787 ], [ 55.29031770000001, 25.2350282 ], [ 55.290298893864779, 25.235127852387372 ], [ 55.290338892338376, 25.23520047671655 ] ], [ [ 55.290678520805102, 25.23492576131666 ], [ 55.290701553344377, 25.234997326172728 ], [ 55.290665101259798, 25.235015341356277 ], [ 55.290678520805102, 25.23492576131666 ] ], [ [ 55.290625839762995, 25.23508748303928 ], [ 55.290636870781441, 25.23508853265448 ], [ 55.290634332624123, 25.235101982365528 ], [ 55.290625839762995, 25.23508748303928 ] ], [ [ 55.290430794663266, 25.235068924115765 ], [ 55.290533505897344, 25.235078697323623 ], [ 55.290428463907702, 25.235128981869551 ], [ 55.290430794663266, 25.235068924115765 ] ] ], [ [ [ 55.2904318, 25.254969 ], [ 55.290271359212198, 25.255043667162564 ], [ 55.2903009, 25.2547679 ], [ 55.2901292, 25.254598 ], [ 55.290006031978962, 25.254710722887147 ], [ 55.2900399, 25.2545313 ], [ 55.2898847, 25.2543863 ], [ 55.2893024, 25.254646 ], [ 55.289221781216078, 25.255073079121377 ], [ 55.28923788110076, 25.255267079115701 ], [ 55.289653582574353, 25.255229479422283 ], [ 55.289800479752351, 25.2550992093982 ], [ 55.289765582914292, 25.255284079499074 ], [ 55.289829859921085, 25.255403757553097 ], [ 55.289755482426251, 25.255797779445579 ], [ 55.289775582297473, 25.256022779440034 ], [ 55.289918582798904, 25.256016079544931 ], [ 55.290043883289798, 25.255951779642086 ], [ 55.290499185239717, 25.255529680012042 ], [ 55.2905798, 25.2551026 ], [ 55.2904318, 25.254969 ] ] ], [ [ [ 55.29069089329947, 25.239417752364197 ], [ 55.290725993316144, 25.239474552368979 ], [ 55.290760193347339, 25.239457252375161 ], [ 55.290779, 25.2393576 ], [ 55.2907439, 25.2393008 ], [ 55.2906175, 25.2393522 ], [ 55.290641526641124, 25.239431872101036 ], [ 55.29069089329947, 25.239417752364197 ] ] ], [ [ [ 55.290539825769358, 25.253867172009706 ], [ 55.290568525777395, 25.253843172011244 ], [ 55.2905589, 25.2538 ], [ 55.2905302, 25.2538241 ], [ 55.290539825769358, 25.253867172009706 ] ] ], [ [ [ 55.2904068, 25.2447868 ], [ 55.290374391907442, 25.244943352194632 ], [ 55.290458008933285, 25.244959785621887 ], [ 55.290452090609513, 25.245096366831262 ], [ 55.290321, 25.2450707 ], [ 55.290268791746684, 25.245310052168993 ], [ 55.290544591958479, 25.245364052214782 ], [ 55.29057526316334, 25.245223437596717 ], [ 55.290575263147886, 25.245327236620646 ], [ 55.290620178934908, 25.245327236625442 ], [ 55.290665094727736, 25.245282320866643 ], [ 55.290676916857656, 25.245084935025666 ], [ 55.290611089481651, 25.245084935031027 ], [ 55.290676916857656, 25.244905271968847 ], [ 55.290632001093449, 25.24486035620464 ], [ 55.290554094595798, 25.244860356207795 ], [ 55.2905682, 25.2447936 ], [ 55.2904463, 25.2447697 ], [ 55.2904068, 25.2447868 ] ], [ [ 55.29055465088107, 25.244988013508401 ], [ 55.290556546552729, 25.244978103033514 ], [ 55.290568712861003, 25.244990269341109 ], [ 55.29055465088107, 25.244988013508401 ] ], [ [ 55.290540644918941, 25.244932152675204 ], [ 55.290538980656024, 25.244931885384787 ], [ 55.29054083717795, 25.244923099098294 ], [ 55.290540644918941, 25.244932152675204 ] ] ], [ [ [ 55.29020159986058, 25.237746040683575 ], [ 55.290280700002008, 25.237735840712865 ], [ 55.290722100863114, 25.237515740883616 ], [ 55.2907624, 25.2373022 ], [ 55.2904673, 25.2368089 ], [ 55.2899313, 25.2370713 ], [ 55.289890999526094, 25.237284840591066 ], [ 55.289936011089004, 25.237351677005822 ], [ 55.2898215, 25.2373427 ], [ 55.289764399123015, 25.237702240526183 ], [ 55.289823151684963, 25.237707342119343 ], [ 55.289815799191686, 25.237748340542858 ], [ 55.289915599291177, 25.237914640571763 ], [ 55.290091799639129, 25.237817240640361 ], [ 55.290102850313616, 25.237758686213663 ], [ 55.290132299714045, 25.237806340655613 ], [ 55.29020159986058, 25.237746040683575 ] ] ], [ [ [ 55.290811664150276, 25.230442395894521 ], [ 55.290766748386069, 25.230487311658731 ], [ 55.290721832621863, 25.230622058951344 ], [ 55.290716459790772, 25.230740362636443 ], [ 55.290761375565353, 25.230740362638617 ], [ 55.290851207119765, 25.230650531115106 ], [ 55.290856579914482, 25.230442395894521 ], [ 55.290811664150276, 25.230442395894521 ] ] ], [ [ [ 55.2905809, 25.2386043 ], [ 55.290630209986638, 25.238716387209966 ], [ 55.290720041521965, 25.238716387211422 ], [ 55.290721832621863, 25.238661980744222 ], [ 55.290646799269474, 25.238661980747974 ], [ 55.2906188, 25.2385885 ], [ 55.2905809, 25.2386043 ] ] ], [ [ [ 55.290632001093449, 25.239560296028333 ], [ 55.290630030855624, 25.239660567326379 ], [ 55.290674946623632, 25.239660567327174 ], [ 55.290676916857656, 25.239560296028337 ], [ 55.290632001093449, 25.239560296028333 ] ] ], [ [ [ 55.290429393711086, 25.236388152383171 ], [ 55.290473126773939, 25.236509172110338 ], [ 55.290507278137959, 25.236470272310022 ], [ 55.29049169372756, 25.236552852390307 ], [ 55.290536993748965, 25.236626752396472 ], [ 55.290684593883427, 25.236552652423129 ], [ 55.2907034, 25.236453 ], [ 55.290665629200753, 25.236391518463591 ], [ 55.2907095, 25.2363439 ], [ 55.2906803, 25.236296 ], [ 55.29065009049674, 25.23631103050192 ], [ 55.2906594, 25.2362617 ], [ 55.290551691809497, 25.236116310978812 ], [ 55.2905633, 25.2360548 ], [ 55.2904997, 25.2359557 ], [ 55.2904067, 25.2360046 ], [ 55.290387893735932, 25.236104252382059 ], [ 55.290415781767649, 25.236147504645523 ], [ 55.290364569026515, 25.236162785062092 ], [ 55.2903369, 25.2360614 ], [ 55.2902533, 25.2361034 ], [ 55.290234493591704, 25.236203052353897 ], [ 55.290288693617327, 25.23629135236126 ], [ 55.290328993654057, 25.236271052368547 ], [ 55.290337164325734, 25.236227757071379 ], [ 55.290397323117752, 25.236206163822207 ], [ 55.29038559369436, 25.236297452377617 ], [ 55.290429393711086, 25.236388152383171 ] ] ], [ [ [ 55.290671544008291, 25.230875109926057 ], [ 55.290761375557437, 25.23087510993043 ], [ 55.290766748386069, 25.230756806243964 ], [ 55.290676916857656, 25.230756806243964 ], [ 55.290671544008291, 25.230875109926057 ] ] ], [ [ [ 55.290542169565036, 25.245668839960352 ], [ 55.290497253800829, 25.245668839960349 ], [ 55.290489909655705, 25.245752667534312 ], [ 55.290534825434094, 25.245752667537293 ], [ 55.290542169565036, 25.245668839960352 ] ] ], [ [ [ 55.290378525706913, 25.254295671999298 ], [ 55.2904154, 25.2542387 ], [ 55.2903785, 25.2542053 ], [ 55.29034162570035, 25.25426227199771 ], [ 55.290378525706913, 25.254295671999298 ] ] ], [ [ [ 55.290497253800829, 25.245803587252972 ], [ 55.290407422272416, 25.245803587252968 ], [ 55.290400257211651, 25.245936955006378 ], [ 55.290356217573574, 25.245927881526629 ], [ 55.2903974, 25.245713 ], [ 55.2902691, 25.2456927 ], [ 55.290225891586971, 25.245918052148962 ], [ 55.290263757326883, 25.245924072903989 ], [ 55.290219417352219, 25.246123340865207 ], [ 55.2901077, 25.2461492 ], [ 55.290083526110848, 25.24626417203303 ], [ 55.290317026162334, 25.246305572044125 ], [ 55.290400257208809, 25.245965344496842 ], [ 55.290490088763669, 25.245976297285026 ], [ 55.290497253800829, 25.245803587252972 ] ] ], [ [ [ 55.2904007, 25.2504455 ], [ 55.2901863, 25.2502648 ], [ 55.2900763, 25.2503715 ], [ 55.290066831474974, 25.250421663952476 ], [ 55.29003440000001, 25.2503924 ], [ 55.289899025817007, 25.250538571998483 ], [ 55.290100725852895, 25.250720672007194 ], [ 55.290147051959146, 25.250678693483188 ], [ 55.290250394207078, 25.250765840116998 ], [ 55.290360394444704, 25.250659040161906 ], [ 55.2904007, 25.2504455 ] ] ], [ [ [ 55.2905909268502, 25.235673772121061 ], [ 55.2905834, 25.2356109 ], [ 55.2905462, 25.2356223 ], [ 55.290553726840947, 25.235685172119187 ], [ 55.2905909268502, 25.235673772121061 ] ] ], [ [ [ 55.290307758121358, 25.241207673244098 ], [ 55.29036979267832, 25.241176852272734 ], [ 55.2903886, 25.2410772 ], [ 55.290365, 25.2410383 ], [ 55.290330243458932, 25.241055568311413 ], [ 55.2902161, 25.2408624 ], [ 55.2900589, 25.2409411 ], [ 55.290040092439909, 25.241040752219508 ], [ 55.2901092665672, 25.241153798762014 ], [ 55.2900408263977, 25.241214872061168 ], [ 55.290070426401769, 25.24126177206233 ], [ 55.29015742637872, 25.241227733875206 ], [ 55.290119892441531, 25.241346352226682 ], [ 55.29033839254538, 25.241699952256443 ], [ 55.290485592679616, 25.241625552283036 ], [ 55.2905044, 25.2415259 ], [ 55.290307758121358, 25.241207673244098 ] ] ], [ [ [ 55.289975998369101, 25.240244540489211 ], [ 55.289975698305568, 25.240387540482686 ], [ 55.290084437917557, 25.240460947292323 ], [ 55.290055520135631, 25.240614169631286 ], [ 55.2899875, 25.2405073 ], [ 55.289794, 25.2406081 ], [ 55.289755797707883, 25.240879840380419 ], [ 55.289849397824298, 25.240983440409899 ], [ 55.290048398214502, 25.2408798404871 ], [ 55.2900849860238, 25.2406859786763 ], [ 55.290222298540357, 25.240823640553003 ], [ 55.290393498875247, 25.240736340619328 ], [ 55.290424298943556, 25.240702340632087 ], [ 55.2904706, 25.2404621 ], [ 55.290408110670512, 25.240361197360311 ], [ 55.290515526560576, 25.240307772089665 ], [ 55.2905209, 25.2402793 ], [ 55.2904769, 25.2402044 ], [ 55.2903622, 25.2402572 ], [ 55.290374573993461, 25.240314060676443 ], [ 55.290315669870054, 25.240332915736563 ], [ 55.29031759074401, 25.240278948255629 ], [ 55.290272674979803, 25.240234032491422 ], [ 55.290224715330517, 25.240237076378047 ], [ 55.290225238874605, 25.240111354782901 ], [ 55.290266004107707, 25.240108371109578 ], [ 55.290252798877518, 25.240178340593083 ], [ 55.290325998995222, 25.240198840618845 ], [ 55.290390510073543, 25.239915336222762 ], [ 55.290426699290421, 25.239924540667857 ], [ 55.290464199408667, 25.239803540686953 ], [ 55.2905045, 25.23959 ], [ 55.290445870565989, 25.239586226067654 ], [ 55.2904535, 25.2395458 ], [ 55.2903864, 25.2395272 ], [ 55.290348742817841, 25.239680019358278 ], [ 55.290339525563347, 25.239676995838021 ], [ 55.290389, 25.2394393 ], [ 55.2902702, 25.2394023 ], [ 55.290213701235764, 25.239535393861207 ], [ 55.2902587, 25.2393073 ], [ 55.2901112, 25.2392648 ], [ 55.290034387592883, 25.239515380265573 ], [ 55.290003180394564, 25.23951538026413 ], [ 55.290001587692821, 25.23959643549582 ], [ 55.2899391, 25.2395787 ], [ 55.2898092, 25.239953 ], [ 55.289768898044905, 25.240166540417217 ], [ 55.289940598320683, 25.240215340477622 ], [ 55.290089346363537, 25.239690733501256 ], [ 55.290154601636061, 25.239706780556265 ], [ 55.2900163, 25.240031 ], [ 55.289975998369101, 25.240244540489211 ] ], [ [ 55.290202318353998, 25.240355748977549 ], [ 55.290212507162678, 25.240365937784816 ], [ 55.290199616693307, 25.240370063975838 ], [ 55.290202318353998, 25.240355748977549 ] ] ], [ [ [ 55.290407422272416, 25.245489176903522 ], [ 55.29031759074401, 25.245489176903522 ], [ 55.290227759215597, 25.245534092667729 ], [ 55.290219877610262, 25.245665683193039 ], [ 55.290399540731805, 25.245620767442031 ], [ 55.290407422272416, 25.245489176903522 ] ] ], [ [ [ 55.2903908, 25.2407653 ], [ 55.2902897, 25.2408197 ], [ 55.290270892651364, 25.240919352261304 ], [ 55.290294792663182, 25.240955752264611 ], [ 55.29039806484856, 25.240889743218183 ], [ 55.290446392796511, 25.240903052291507 ], [ 55.290466, 25.2407616 ], [ 55.2903908, 25.2407653 ] ] ], [ [ [ 55.290497253800829, 25.234125488559414 ], [ 55.290407422272416, 25.23412548855941 ], [ 55.290405273029009, 25.234226708936056 ], [ 55.290495104565707, 25.234226708937793 ], [ 55.290497253800829, 25.234125488559414 ] ] ], [ [ [ 55.2900695, 25.2446749 ], [ 55.289979826156333, 25.245082672035057 ], [ 55.290133126188856, 25.245131572042219 ], [ 55.290217526209069, 25.245119272046395 ], [ 55.290254582898065, 25.244925337072374 ], [ 55.290296991846937, 25.24493345218168 ], [ 55.2903408, 25.2447268 ], [ 55.2900695, 25.2446749 ] ], [ [ 55.290088945938365, 25.244864891699709 ], [ 55.290090749642324, 25.244866258735581 ], [ 55.290088899479251, 25.244865969963119 ], [ 55.290088945938365, 25.244864891699709 ] ] ], [ [ [ 55.290450188766755, 25.235529266095785 ], [ 55.290452338036623, 25.235428045721388 ], [ 55.290407422272416, 25.235383129957182 ], [ 55.290362506508224, 25.235383129957185 ], [ 55.29031759074401, 25.235428045721381 ], [ 55.290315441461701, 25.235529266093163 ], [ 55.290450188766755, 25.235529266095785 ] ] ], [ [ [ 55.290212, 25.2465065 ], [ 55.2901566, 25.2463975 ], [ 55.2900246, 25.2463742 ], [ 55.289950803717197, 25.246860230431167 ], [ 55.28987119104427, 25.247162752062529 ], [ 55.290085091208837, 25.247203152098088 ], [ 55.290212, 25.2465065 ] ] ], [ [ [ 55.290227759215597, 25.245309513846703 ], [ 55.290003180394564, 25.245219682318293 ], [ 55.289996015251042, 25.245392392322991 ], [ 55.290085846803592, 25.245437308092665 ], [ 55.29017567835966, 25.245437308098484 ], [ 55.290220594141225, 25.24539239233755 ], [ 55.290227759215597, 25.245309513846703 ] ] ], [ [ [ 55.290176573820872, 25.247992761299969 ], [ 55.29018284345139, 25.247914628170648 ], [ 55.290137927687184, 25.247914628170648 ], [ 55.290093011922977, 25.247959543934851 ], [ 55.290086742265181, 25.248037677058761 ], [ 55.290131658041489, 25.248037677061312 ], [ 55.290176573820872, 25.247992761299969 ] ] ], [ [ [ 55.2899077, 25.2492505 ], [ 55.28986739411755, 25.249464040035789 ], [ 55.289909494174424, 25.249500440049506 ], [ 55.290117994622761, 25.249302640134403 ], [ 55.2901583, 25.2490891 ], [ 55.2900829, 25.249024 ], [ 55.2899439, 25.2491559 ], [ 55.2899077, 25.2492505 ] ] ], [ [ [ 55.2901878, 25.2319964 ], [ 55.290256426979731, 25.232154172125863 ], [ 55.2903054, 25.2321053 ], [ 55.290265976292744, 25.232036256565838 ], [ 55.290385327019678, 25.23198047213317 ], [ 55.2903907, 25.231952 ], [ 55.2903679, 25.2319121 ], [ 55.2901878, 25.2319964 ] ] ], [ [ [ 55.289959626096, 25.246030072028407 ], [ 55.289991449582502, 25.24588721474132 ], [ 55.290025091548628, 25.245893830855213 ], [ 55.290001326107337, 25.246000872030606 ], [ 55.290157426141654, 25.246030172038019 ], [ 55.2901917, 25.2458757 ], [ 55.2901191676157, 25.24586213214489 ], [ 55.290163, 25.2456627 ], [ 55.2899113, 25.2456131 ], [ 55.289856891300531, 25.245860752087371 ], [ 55.289924689738228, 25.24587408555745 ], [ 55.289892726081284, 25.246017572025231 ], [ 55.289959626096, 25.246030072028407 ] ] ], [ [ [ 55.29012552589527, 25.250097172012122 ], [ 55.2901309, 25.2500687 ], [ 55.2897381, 25.2497185 ], [ 55.289697, 25.2497562 ], [ 55.289691625813425, 25.249784671992902 ], [ 55.290084325883541, 25.250134872009898 ], [ 55.29012552589527, 25.250097172012122 ] ] ], [ [ [ 55.290175320093851, 25.245573953526122 ], [ 55.29018284345139, 25.245444261139316 ], [ 55.290093011922977, 25.245444261139316 ], [ 55.290085488540093, 25.245529037756182 ], [ 55.290130404315128, 25.24557395352306 ], [ 55.290175320093851, 25.245573953526122 ] ] ], [ [ [ 55.290270346572406, 25.236069204331567 ], [ 55.290315262342247, 25.236024288568423 ], [ 55.29031759074401, 25.235877203363437 ], [ 55.29018284345139, 25.235877203363437 ], [ 55.290137927687184, 25.235922119127654 ], [ 55.290135599266307, 25.236069204328725 ], [ 55.290270346572406, 25.236069204331567 ] ] ], [ [ [ 55.29031759074401, 25.233945825502595 ], [ 55.290272674979803, 25.233945825502591 ], [ 55.290270525729234, 25.234002130112945 ], [ 55.290315441497583, 25.234002130113822 ], [ 55.29031759074401, 25.233945825502595 ] ] ], [ [ [ 55.290211193455789, 25.236772552338 ], [ 55.2902705, 25.2365602 ], [ 55.2902391, 25.2365057 ], [ 55.2901653, 25.2364913 ], [ 55.2901218, 25.2365175 ], [ 55.290060725607283, 25.236617584449771 ], [ 55.2900798, 25.2365157 ], [ 55.29001, 25.2364032 ], [ 55.2899009, 25.236453 ], [ 55.289882093235143, 25.23655265228664 ], [ 55.290018120759889, 25.236774629263909 ], [ 55.2898774, 25.2368449 ], [ 55.289903226618016, 25.23692437208015 ], [ 55.290060535526592, 25.236843905593368 ], [ 55.290096993336611, 25.236903452315847 ], [ 55.290142093377696, 25.236880852323981 ], [ 55.290158126385464, 25.236795896810495 ], [ 55.290211193455789, 25.236772552338 ] ] ], [ [ [ 55.290270525707072, 25.23494536115901 ], [ 55.290272674979803, 25.234889056550916 ], [ 55.290227759215597, 25.234889056550912 ], [ 55.290225609938716, 25.23494536115814 ], [ 55.290270525707072, 25.23494536115901 ] ] ], [ [ [ 55.290108001697945, 25.233207740853135 ], [ 55.290193803727377, 25.23314472751937 ], [ 55.290218401878981, 25.233230540892343 ], [ 55.290250601941935, 25.233214140904828 ], [ 55.2902909, 25.2330006 ], [ 55.2902789, 25.2328725 ], [ 55.290061, 25.2329851 ], [ 55.290051906703283, 25.233033285308252 ], [ 55.2900357, 25.2330038 ], [ 55.289942, 25.2330461 ], [ 55.289901701318009, 25.233259640775614 ], [ 55.289925701340472, 25.233302940782419 ], [ 55.28997187464325, 25.233282051753385 ], [ 55.289983301415276, 25.233359440800889 ], [ 55.290083601612537, 25.23330574083985 ], [ 55.290108001697945, 25.233207740853135 ] ] ], [ [ [ 55.290044826035817, 25.247388872024413 ], [ 55.2900502, 25.2473604 ], [ 55.2899245, 25.2472916 ], [ 55.289839525985116, 25.247444872014103 ], [ 55.289961626009543, 25.247508872019651 ], [ 55.290044826035817, 25.247388872024413 ] ] ], [ [ [ 55.290093011922977, 25.238796728036835 ], [ 55.290091041656943, 25.238852083562833 ], [ 55.290135957424951, 25.238852083563629 ], [ 55.290137927687184, 25.238796728036828 ], [ 55.290093011922977, 25.238796728036835 ] ] ], [ [ [ 55.290198894480611, 25.231739252441319 ], [ 55.2902177, 25.2316396 ], [ 55.2900481, 25.2313523 ], [ 55.2899447, 25.2314023 ], [ 55.289883894254871, 25.231599752390675 ], [ 55.290056694351634, 25.2318079524157 ], [ 55.290198894480611, 25.231739252441319 ] ] ], [ [ [ 55.289821791114242, 25.24662845206533 ], [ 55.289945091208772, 25.246653352085779 ], [ 55.2900002, 25.2464068 ], [ 55.2899596, 25.2463647 ], [ 55.2898848, 25.2463496 ], [ 55.289821791114242, 25.24662845206533 ] ] ], [ [ [ 55.29004809615877, 25.238976391093662 ], [ 55.290046125884103, 25.239076662382573 ], [ 55.290091041652111, 25.239076662383372 ], [ 55.290093011922977, 25.238976391093665 ], [ 55.29004809615877, 25.238976391093662 ] ] ], [ [ [ 55.289883, 25.2361787 ], [ 55.289868426647999, 25.23627727208234 ], [ 55.290100426700086, 25.236302072093466 ], [ 55.290115, 25.2362036 ], [ 55.289883, 25.2361787 ] ] ], [ [ [ 55.289980126487706, 25.239444472068811 ], [ 55.290029526498223, 25.239459572071127 ], [ 55.29005750000001, 25.2393706 ], [ 55.2900081, 25.2393555 ], [ 55.289980126487706, 25.239444472068811 ] ] ], [ [ [ 55.29008029434376, 25.231938952416971 ], [ 55.290107794357183, 25.231981752420744 ], [ 55.290141294387851, 25.231964152426819 ], [ 55.2901601, 25.2318645 ], [ 55.2901327, 25.2318217 ], [ 55.2900991, 25.2318393 ], [ 55.29008029434376, 25.231938952416971 ] ] ], [ [ [ 55.2899776, 25.2357548 ], [ 55.289953393425769, 25.235905652312312 ], [ 55.290072293519714, 25.235915852332319 ], [ 55.2900963, 25.2357648 ], [ 55.2899776, 25.2357548 ] ] ], [ [ [ 55.290093011922977, 25.232014447641735 ], [ 55.290003180394564, 25.232014447641742 ], [ 55.290001389368655, 25.232113769874658 ], [ 55.290136136671642, 25.232113769876847 ], [ 55.290137927687184, 25.232059363405934 ], [ 55.290093011922977, 25.232014447641735 ] ] ], [ [ [ 55.290003180394564, 25.238437401923193 ], [ 55.290001210128672, 25.238492757448373 ], [ 55.290046125896687, 25.238492757449176 ], [ 55.29004809615877, 25.238437401923193 ], [ 55.290003180394564, 25.238437401923193 ] ] ], [ [ [ 55.289937893781406, 25.23411495234717 ], [ 55.28999099382991, 25.234087652356781 ], [ 55.2900098, 25.233988 ], [ 55.2899629, 25.2339137 ], [ 55.28991, 25.2339409 ], [ 55.28989119375899, 25.234040552340797 ], [ 55.289937893781406, 25.23411495234717 ] ] ] ] } }
]
}
