id,x1,y1,x2,y2,length
0,329203.6565760055,2794247.45205194,329937.748850213,2793802.5648388285,906.0896907930578
1,329917.7054008164,2794177.842772108,329397.89325095515,2792652.424603571,1700.605272382793
2,329804.4399496668,2793927.485508604,329968.1346047805,2794219.2054728554,351.7271681730598
3,329790.84183075384,2793918.0962847555,329749.89389957953,2793940.9562447146,46.89894022097337
4,329800.544762534,2793990.2142821886,329504.144489228,2793115.5778953256,1013.8240067866685
5,329813.70071134774,2793971.68125041,329210.4045821358,2794260.8599525723,699.1480490900408
6,328025.1858504175,2791613.490916542,328116.07969869184,2791605.844567056,91.21490182303258
7,327783.5427113989,2791559.798838,327781.3911354607,2791533.2497177604,26.636160843983667
8,327783.5427113989,2791559.798838,328999.44836857804,2793778.360028688,2532.2873965711215
9,327783.5427113989,2791559.798838,327823.7087124628,2791543.224534282,43.45129670325994
10,328224.3968564434,2792528.62989261,327755.6068871313,2791619.699398493,1101.3411754949566
11,327861.7783492969,2791796.7845353223,328381.58559564257,2792742.769635258,1731.325433469638
12,327851.7236244535,2791781.059581965,327833.9575012559,2791773.8188898833,19.184961696479775
13,327851.7236244535,2791781.059581965,327854.6296458456,2791826.5316808126,45.64404155287457
14,327877.99414908263,2791831.873299899,327854.6296458456,2791826.5316808126,23.96732997179831
15,328122.09493341396,2792284.1603510324,328083.6990605747,2792226.5653769346,69.22011335164409
16,329723.2405516926,2791828.029286222,329760.38429438643,2791778.574896807,61.849771654684204
17,329723.2405516926,2791828.029286222,329754.90194739605,2791896.259484416,75.54420452737003
18,329723.2405516926,2791828.029286222,329927.7211859911,2791695.180478207,243.85983102203124
19,329221.4756178118,2791979.1973568057,329252.8755994424,2791983.398552802,31.679786839592534
20,329221.4756178118,2791979.1973568057,329250.1300773256,2792050.898690909,77.21502031501797
21,329252.8755994424,2791983.398552802,329160.10621883324,2792028.250216337,103.04285370884676
22,329160.10621883324,2792028.250216337,329098.07035128283,2791983.8016695627,224.6157620322808
23,329160.10621883324,2792028.250216337,329172.78396204347,2792007.6511157,24.18776798195208
24,330142.4300259516,2793355.1200539307,329297.58025984745,2792263.5087580336,1499.6605911054764
25,329661.5188423699,2792767.350215046,329718.20780416427,2792758.051078782,57.446604117078074
26,329271.2675626818,2792015.580968972,329463.6140987645,2791907.8808912034,248.03266506708127
27,329271.2675626818,2792015.580968972,329218.45526332123,2792071.2167729954,134.2388422450371
28,329218.45526332123,2792071.2167729954,329592.82888980303,2793342.8238567333,1325.67487600105
29,329218.45526332123,2792071.2167729954,329172.78396204347,2792007.6511157,78.27170975381793
30,329747.0171019742,2793857.297592472,329699.1624256209,2793734.1248003026,297.21700773989767
31,329749.89389957953,2793940.9562447146,329728.4025473647,2793966.396238544,33.302725204779364
32,329705.4404241063,2793719.8325705775,329699.1624256209,2793734.1248003026,15.61028812983854
33,329316.0881366786,2792406.3597644167,329374.9709322318,2792516.586224844,124.96822072245561
34,329361.03019031766,2792574.434516434,329355.3093248374,2792596.9730163887,23.25322089620386
35,329374.9709322318,2792516.586224844,329368.74769578094,2792480.118124001,36.99528417271671
36,329374.9709322318,2792516.586224844,330134.06827431265,2793361.583864564,1138.6641226582676
37,329818.8811380736,2793982.2510032733,329790.38966823893,2793995.028131851,31.229196643458756
38,329818.8811380736,2793982.2510032733,329828.9423302063,2793972.3756785616,14.097858890347666
39,329824.8565933225,2793963.132592649,329880.7833662274,2793920.875038938,743.8057573875916
40,329790.38966823893,2793995.028131851,329760.6457727476,2793934.727937956,157.15562317646402
41,328715.8907904188,2792342.0472591952,327821.1933294436,2792892.133649387,1137.396993563763
42,328238.4322074213,2792533.3704071334,328297.8365269675,2792628.431258711,279.6773318489318
43,328351.02774523955,2792599.1525722276,328297.8365269675,2792628.431258711,148.10386791584594
44,327797.82323495543,2792842.679031914,328715.9950377735,2792315.259061561,1091.6393437167621
45,328346.7984441514,2792584.261820381,328306.7736041378,2792498.205088284,125.99210534222698
46,327782.55953678663,2793884.8760029944,328082.4653929482,2794179.50591842,420.4251630463991
47,327782.55953678663,2793884.8760029944,329421.81016489083,2793118.8647529394,1816.2051634476154
48,327795.3117098008,2793897.331661741,327817.7814207756,2793875.3987626564,31.399685619522955
49,327782.7747755946,2793851.9378068987,328163.41283479985,2794234.0450445083,562.4721927118569
50,327794.9463970752,2793864.6888933037,329054.3898498113,2793211.873066064,1419.913074040698
51,327812.7705505742,2793867.198238108,327817.7814207756,2793875.3987626564,32.43851804059026
52,328541.71124966245,2793026.0455499226,329219.86804190464,2794255.555859108,1430.9111072681474
53,328738.0906711857,2793392.825029145,328772.79536417255,2793371.0048542386,59.818378016512554
54,328713.5354500538,2793363.225027977,328730.22703484993,2793397.9983849204,65.37202923100618
55,328768.0056903461,2793361.937114977,328756.60990344465,2793340.390418681,44.88464484443914
56,329516.1340269461,2793090.7891351827,329421.81016489083,2793118.8647529394,98.43980364741859
57,329512.54979323165,2793079.0029201997,329054.3898498113,2793211.873066064,477.12755878106094
58,329519.4181833257,2793101.1500605834,329547.8070383741,2793092.084938118,49.17992392296386
59,329507.81668894633,2793093.5748576033,329505.07431451586,2793081.434613114,34.00623767424261
60,329505.07431451586,2793081.434613114,329490.2851527259,2793068.759371948,19.477706360690593
61,329482.8227976953,2792977.115859747,329467.97839096416,2792964.064676933,19.765874229143837
62,328744.682840182,2793346.9113498754,328713.5354500538,2793363.225027977,62.36484983537782
63,327807.5934032063,2793857.0168368537,327791.6465687951,2793848.4459785293,18.104174661017584
64,327828.6968887304,2791626.4244862804,327930.45926885767,2791778.573873558,183.9338141182583
65,327871.5604520753,2791699.9589228313,327881.9145003322,2791683.752851186,19.23130451853006
66,330000.23993070563,2793780.708644683,330287.1784546901,2793663.399564995,309.9921559066192
67,328088.30400922487,2792655.619045699,328085.49391313514,2792674.7313336786,19.317768811320747
68,328088.30400922487,2792655.619045699,328224.3968564434,2792528.62989261,186.13841104484868
69,327965.53471991594,2792441.1554509564,327860.0957103365,2792238.026807076,724.8347341636113
70,327922.5390291135,2792772.1637744927,327900.5342353355,2792770.6157795154,22.059175815571717
71,327783.85683726484,2792800.6046606344,327798.33742530795,2792825.2908333912,37.852432968641914
72,327796.6382760014,2792822.4099801467,327776.5362075883,2792837.355529649,25.04920366832074
73,327926.4843846031,2792622.890727538,327825.48857081396,2792434.738930369,213.60817895981086
74,327772.6795192937,2792713.273691346,327994.76166704367,2792582.772621158,309.8350306554231
75,327887.4284437317,2792552.221376521,327955.1246505452,2792512.3431238295,78.56876895224266
76,327994.76166704367,2792582.772621158,327925.88978174445,2792474.7278777277,266.734927593116
77,327903.96210774046,2792636.1275626183,327942.3645017595,2792702.174585257,76.39995461943327
78,327863.26472607243,2792508.5152281793,327970.83507970424,2792438.0194116835,129.26702347399208
79,327844.0303733554,2792473.70863065,327821.57813536737,2792437.0375576424,42.99849516185401
80,327876.3829458802,2792532.2328628497,327840.1556313345,2792673.608062776,145.94302132452466
81,328025.6346671113,2792644.6615678053,327860.90148713795,2792748.830725886,195.09260102815415
82,328025.6346671113,2792644.6615678053,328072.0134465031,2792635.1542133666,47.34322513616684
83,327814.9031633966,2792688.441822247,327880.24874489265,2792784.6218497534,116.59843215590209
84,327808.83864087984,2792249.103502507,327889.2760434525,2792397.258690432,216.19995979998546
85,327872.13990705414,2792361.0627493802,327892.8064947289,2792395.1864808514,39.904311189716914
86,327836.12192483136,2792298.7853355007,327879.73482900084,2792274.534325561,49.901872665126945
87,328504.2295034934,2792977.4777726154,328510.8018613623,2792968.188524653,11.379192223513208
88,328510.8018613623,2792968.188524653,328527.12208462,2792958.487686071,18.985677664431254
89,328595.0135821406,2793123.3118123566,328601.14693482616,2793133.4481327073,55.84559745381286
90,328171.6544583562,2793410.267603536,328252.7211470849,2793546.0864259587,158.17398632273756
91,328171.6544583562,2793410.267603536,328229.103709019,2793369.855925528,227.58206006434295
92,328211.9545751546,2793478.440264416,328431.78134140547,2793348.8051546155,415.1436510585338
93,328203.2343900243,2793390.778777941,328233.240985943,2793443.351263529,60.53314829756586
94,328071.4866442287,2793396.7622494237,328142.59952071833,2793518.2500217687,259.00392084709404
95,328252.7211470849,2793546.0864259587,328315.96652925294,2793509.1132586137,73.25977265847148
96,328252.7211470849,2793546.0864259587,328142.59952071833,2793518.2500217687,113.58537754413548
97,328256.2913456276,2793543.9916299116,328260.2122058016,2793548.882698967,164.27597618226645
98,328059.24969949806,2794157.024387671,327985.1427208056,2794229.243981322,103.49640760886165
99,328046.98778582993,2794144.2631648267,328042.40755559225,2794172.2827342995,28.391456152784446
100,328066.2470998813,2794163.8038776685,328042.40755559225,2794172.2827342995,25.302467897025192
101,328066.2470998813,2794163.8038776685,328122.54348547664,2794193.874382746,63.8241201013731
102,328042.40755559225,2794172.2827342995,327820.00676058314,2793938.6047201445,322.5949905378432
103,327985.1427208056,2794229.243981322,328013.9017897176,2794256.662210946,39.73466195161574
104,327853.03976609866,2793859.285320793,327860.35248748085,2793843.328272109,67.53811240730215
105,327853.03976609866,2793859.285320793,328122.3511998508,2793717.4379500546,404.8517469433418
106,327940.1231239974,2793814.6508611017,327969.05895432335,2793855.892365693,50.379995808016936
107,327841.3826196069,2793881.4017632375,328163.69573075394,2794191.3018625295,447.8241092273659
108,327841.3826196069,2793881.4017632375,327817.7814207756,2793875.3987626564,24.35267135765607
109,328545.94759375905,2794218.4762387876,328699.13961288007,2794132.4735975075,197.11899939535024
110,328247.04449316475,2793638.5614312915,328573.6470419535,2794212.4751637494,668.78162398826
111,328574.70809815975,2794201.6051258747,328572.905169524,2794198.4596339813,21.534814354052635
112,328704.569455622,2794141.9873993145,328492.92138430395,2794259.4732290963,254.72926696428854
113,328567.5361247185,2794200.898430692,328551.2611935097,2794206.8986623604,29.21475569200812
114,328136.2005593759,2794207.0278252885,328312.7184383736,2794106.3558023917,203.3400174419575
115,328154.0869330319,2794224.780358803,328176.10105204256,2794184.4419182795,45.954447224199
116,328249.8443600722,2794145.362875176,328243.5686896505,2794148.5998687567,82.45557280801967
117,328286.19553891034,2794124.0963932658,328315.23208981333,2794110.7219160995,31.968702316669614
118,328267.48213979776,2794182.4168739324,328315.63364736317,2794266.1212840667,96.56729770624108
119,328950.8261972726,2793776.6928448984,328900.86670972453,2793778.4215823663,49.98938816684658
120,328928.9319430839,2793736.745132053,328909.46938692697,2793763.9887297284,33.48140837046503
121,328962.42182431393,2793797.3619705685,328969.33061505447,2793829.024483954,32.40750134436703
122,328900.86670972453,2793778.4215823663,328461.9611024263,2794029.8724402455,505.88630526174757
123,328900.86670972453,2793778.4215823663,328969.33061505447,2793829.024483954,85.13495158936358
124,328907.22198531835,2793697.8364595342,328893.65767934534,2793695.9696976324,13.692158212920775
125,328909.46938692697,2793763.9887297284,328893.65767934534,2793695.9696976324,69.83264869619998
126,328759.05027954007,2794210.9898769422,328602.59288427886,2793938.400480868,330.2298375435738
127,328704.569455622,2794141.9873993145,328593.03428896517,2793944.149336655,246.63005331414664
128,328612.7544584888,2793954.789196462,328618.6566480892,2793949.0977731794,31.10491938719066
129,328622.8700361919,2793939.7276565847,328618.6566480892,2793949.0977731794,10.273836883199355
130,328710.3238868288,2794133.3843328357,328704.569455622,2794141.9873993145,10.350180257044153
131,328759.05027954007,2794210.9898769422,328826.1582003612,2794171.311271207,77.9606618111384
132,329390.57756073633,2794039.7816787385,328968.7371230206,2793276.189671055,899.0818567066669
133,329375.59040104615,2794008.9521050015,329396.8998334026,2794036.223387029,34.63909734952628
134,329363.0320923482,2793986.1789073874,329386.0558063589,2793972.849466771,26.60386050927974
135,329232.92725599644,2794102.612695379,329039.2189850288,2793784.348968193,587.5754997840929
136,329232.92725599644,2794102.612695379,329311.28122632275,2794084.563085995,80.4060511703706
137,329223.2592999053,2794085.353244366,329293.4830385886,2794045.748528879,80.62200049285455
138,329311.28122632275,2794084.563085995,329127.4439318025,2793737.2708391133,393.24354142774115
139,329311.28122632275,2794084.563085995,329588.2750872378,2793928.911784207,317.7323236136691
140,329124.4463287563,2793806.2145628403,329083.9196906008,2793842.431469934,120.51417013952484
141,329124.4463287563,2793806.2145628403,329154.46586877713,2793792.3864509803,33.05131556648022
142,329109.318378621,2793884.694746123,329182.0511354044,2793842.66493427,84.00332727763856
143,329138.57329808373,2793763.318872695,329122.82059387595,2793739.7442847798,28.35328702680548
144,329018.69392536976,2793795.298843839,329203.9312607299,2793699.691483953,219.07392967211905
145,329407.6683510054,2793584.090170407,329441.8098001331,2793689.3334698016,175.76361831257927
146,329407.6683510054,2793584.090170407,329395.45867960993,2793553.8348217737,32.62609686310674
147,329429.06314878585,2793653.235638451,329435.50556856336,2793691.141160843,38.44910142526089
148,329612.80130320735,2793489.4564767145,329161.51828602585,2793623.3119028425,672.1886560527023
149,329390.1172533204,2793150.3384787044,329590.77561824466,2793841.928377545,733.182605853484
150,329539.04676667857,2793663.292581413,329536.8736162537,2793657.1384011083,75.061374932626
151,329545.53643775824,2793685.7879223307,329518.7633991073,2793694.2567132716,28.080527391861214
152,329303.61118388677,2793879.1943261344,329575.4543907428,2793790.9628573507,286.5256489880506
153,329309.88931886514,2793890.49228962,329232.1267770418,2793933.9253761917,89.0698934543708
154,329300.43594782066,2793873.473794168,329337.21342683694,2793862.662652185,38.446321414799506
155,329391.1131675056,2793847.4702194007,329384.8789696669,2793849.232744008,75.71734872071336
156,329438.77810683835,2793833.9851257894,329406.7655103101,2793699.4134255927,138.57736391240326
157,328860.97967202496,2793428.8465263178,329057.4366236316,2793760.6219928344,593.0286224038757
158,328860.97967202496,2793428.8465263178,328997.39852926944,2793327.7836318654,170.77080779039824
159,328922.8202575982,2793541.1163738547,328909.7935007451,2793548.304687593,14.878449129933696
160,328920.0275267955,2793374.4924962795,329098.18092473055,2793686.603756421,359.721483928194
161,329038.0419510086,2793719.1359056584,329172.5908566992,2793643.267721623,154.62207393489433
162,329057.4366236316,2793760.6219928344,329074.13461783377,2793765.7173483786,17.458111538680157
163,329057.4366236316,2793760.6219928344,329021.622513136,2793767.1566345813,85.48423036884424
164,328948.68998280645,2793587.882242378,328907.4545922597,2793610.305280345,46.937725394601685
165,329090.85723894427,2793690.651194387,329079.59828793374,2793660.7385686957,31.961369707986975
166,329018.69392536976,2793795.298843839,329007.93401379196,2793824.780825621,31.384119343118282
167,329018.69392536976,2793795.298843839,328983.7731145026,2793785.626089292,36.23568975676068
168,328785.7516119493,2793416.3386978847,329242.6142020179,2794204.3424967662,1005.4503913901763
169,329040.7163866482,2793871.714218666,329018.2101703122,2793896.48140942,33.46555709389184
170,328980.5972991021,2793779.872395053,328983.12325667107,2793748.5780007364,31.39617137939118
171,329590.77561824466,2793841.928377545,329719.36109650915,2793801.2251614225,134.87448684243395
172,329590.77561824466,2793841.928377545,329588.2750872378,2793928.911784207,87.01934089525558
173,329588.2750872378,2793928.911784207,329630.6070052376,2794012.715836611,93.88881978645678
174,329577.00466624135,2793796.4602067186,329541.5473454137,2793804.927631769,36.49721045046738
175,329699.7513551852,2793736.0892817387,329666.72322531545,2793746.2650300814,34.56013913490771
176,329742.21751529386,2793892.187494306,329741.98305540835,2793905.572763713,177.3300108781986
177,329638.88707219856,2793495.1765019773,329612.80130320735,2793489.4564767145,26.7055431113036
178,329679.1830698607,2793630.0541550885,329666.3955956532,2793625.063898888,13.726694924621219
179,329167.45737416856,2793315.808420673,329238.84280378954,2793292.086124716,75.22564699585028
180,329167.45737416856,2793315.808420673,329158.5144311207,2793297.7643644526,20.13862446255132
181,329167.45737416856,2793315.808420673,329161.91632817424,2793335.7746770885,20.720873194910478
182,329233.3628995216,2793293.761632031,329208.82687803113,2793202.566331509,94.5931059474772
183,329158.5144311207,2793297.7643644526,329062.6257463739,2793324.632737862,99.58187260811486
184,329158.5144311207,2793297.7643644526,329139.18990124564,2793222.765987479,77.7126074597251
185,329161.91632817424,2793335.7746770885,329371.1860874287,2793275.7596679004,217.71850084502967
186,329161.91632817424,2793335.7746770885,329172.6221190958,2793352.201223004,19.607278494881847
187,329255.73594233417,2793326.1706516813,329172.6221190958,2793352.201223004,87.09479373124393
188,329255.73594233417,2793326.1706516813,329263.6566796353,2793345.4573345482,56.46836652304653
189,329183.6708520957,2793348.716096706,329249.7533965864,2793596.0754331537,256.30530914366454
190,329263.6566796353,2793345.4573345482,329377.7001170104,2793313.730733299,118.37433351511278
191,329263.6566796353,2793345.4573345482,329257.88167807704,2793370.843686286,26.034928414456328
192,329252.7421314199,2793308.4945678655,329238.84280378954,2793292.086124716,21.50414646460045
193,329377.7001170104,2793313.730733299,329406.3223137979,2793271.2840525787,51.19522295219191
194,329377.7001170104,2793313.730733299,329283.6814937083,2793388.9962863275,120.43423516709467
195,329257.88167807704,2793370.843686286,329278.68681869225,2793438.6892027804,71.04260444655905
196,329257.88167807704,2793370.843686286,329192.07417349785,2793389.454931834,68.38864028319412
197,329272.14304100553,2793414.3445986216,329283.6814937083,2793388.9962863275,27.850903520951316
198,329260.05134572706,2793378.305091001,329283.6814937083,2793388.9962863275,25.936182277305768
199,329273.49034563004,2793417.31867807,329282.8927874571,2793437.4618353555,22.22954560365862
200,329172.6221190958,2793352.201223004,329168.17601981753,2793374.302801054,22.54434632197107
201,329189.93804874766,2793381.4613629505,329168.17601981753,2793374.302801054,22.9091883658536
202,329090.8258650823,2793496.0313545726,329457.5710105425,2793382.847717232,454.1149753292149
203,329212.5160030296,2793458.0250340733,329203.52341388696,2793433.644908474,25.98571114541902
204,329174.51200881007,2793469.1288834265,329169.1215861995,2793470.7035895325,60.197520419520544
205,329201.695802568,2793425.348333604,329183.7416328266,2793418.1416662214,19.34653110682047
206,329195.81728350034,2793403.432538089,329183.7416328266,2793418.1416662214,19.03102177008332
207,329183.7416328266,2793418.1416662214,329168.17601981753,2793374.302801054,46.52025803367523
208,329062.6257463739,2793324.632737862,329053.552598894,2793293.9059533356,32.03837218902053
209,329062.6257463739,2793324.632737862,329050.6895064633,2793358.3391830204,35.75749247953068
210,329154.1798675625,2793268.8720330596,329133.9812898012,2793262.668638764,21.12970999248669
211,329801.48766569304,2794209.991458422,329754.04688841774,2794125.9743387746,96.48603707360755
212,329801.48766569304,2794209.991458422,329804.9213434773,2794224.261113512,14.676961521679573
213,329801.48766569304,2794209.991458422,329878.2855018305,2794242.0265426277,83.2115031438722
214,329774.90571986337,2794163.144552373,329714.75247697264,2794232.874133753,92.09162434048079
215,329878.2855018305,2794242.0265426277,329868.5920817391,2794247.4881438697,11.126162015480583
216,329458.5183467559,2794121.0576227815,329532.6608403255,2794246.0141399316,212.0703892412528
217,329503.8017175476,2794196.017001078,329686.17814291554,2794111.053846241,201.93382787796241
218,329487.08658296353,2794167.136705459,329473.2636085708,2794143.914092561,27.02525431640496
219,329588.04871234484,2794148.3715615827,329581.14563672495,2794170.592588919,23.26857341793008
220,329754.04688841774,2794125.9743387746,329737.3005926246,2794112.1825059243,21.694540238569555
221,329754.04688841774,2794125.9743387746,329789.22132012865,2794106.299964034,40.30287418557121
222,329737.3005926246,2794112.1825059243,329696.42365795467,2794109.42925812,41.10552636278255
223,329737.3005926246,2794112.1825059243,329788.64296528924,2794060.3553797696,72.95265749984246
224,329725.242513538,2794109.875013319,329724.5689000369,2794046.782747405,63.09870026543624
225,329480.2710007626,2794109.2066707066,329507.6526302913,2794144.2780536087,44.693262755567034
226,329470.8695351464,2794140.210967792,329485.03855366417,2794118.1751951324,26.198022109923855
227,329690.4037819102,2794234.576650335,329635.69039485767,2794128.318083707,119.71205491513555
228,329648.31415962963,2794159.532174478,329627.7221983781,2794130.7781151365,35.36700152380945
229,329648.31415962963,2794159.532174478,329638.4502314729,2794182.643483263,25.12826441368241
230,329512.0628991717,2794235.1736004762,329532.6608403255,2794246.0141399316,23.276436055800247
231,328199.8159882704,2792514.673334537,328019.8901368939,2792178.421838309,382.0293274278911
232,328146.72347013536,2792417.6604699446,328168.91762980964,2792403.9297344363,26.098157430082505
233,327971.6113075776,2792299.355336493,328031.1455498589,2792264.8767041694,68.79754435493119
234,327971.6113075776,2792299.355336493,327927.93397251295,2792226.6286729905,84.83441036830934
235,327966.8721405366,2792306.2175748404,328048.11137518194,2792464.51096542,178.03889467992371
236,327966.8721405366,2792306.2175748404,327903.28624231747,2792254.227621079,82.13477792295596
237,327992.6775560944,2792360.9701061784,327965.91529266816,2792375.9888906428,30.688477161356037
238,328037.6848536611,2792441.678460646,328132.87762467604,2792393.741359715,107.21393766302087
239,328040.21378333704,2792447.2186319004,327999.34340888204,2792427.996836362,45.16486390783818
240,328081.56812979,2792426.032376075,328089.0918506206,2792463.070745484,75.49937740127424
241,328095.1904372175,2792319.7306301934,328113.8694103374,2792305.3022356136,23.60259746226314
242,329047.16891633614,2792446.666911634,328996.23473665246,2792349.3358330033,110.10990982619482
243,329047.16891633614,2792446.666911634,329059.8105298688,2792442.397223855,13.343186517534319
244,329045.77378365095,2792450.2849197704,328993.34254328324,2792485.6329991533,63.63951572973009
245,329045.77378365095,2792450.2849197704,329052.6823457402,2792461.9736505537,13.577726520499779
246,329037.6379266096,2792422.005632285,329028.4822706209,2792427.051070793,10.453826396217876
247,328975.51744606346,2792301.407940335,329194.1285052867,2792883.5033493703,691.3401352751474
248,328514.0643674178,2792650.880552806,328869.78531913285,2793267.193976069,842.7847982467972
249,328576.4830359168,2792736.7315722443,328782.2518374587,2792601.6981118894,247.83876974812176
250,328586.10580840183,2792754.26818179,328509.66767475894,2792797.6439667577,87.88769536380336
251,328628.6554369227,2792686.673255191,328635.0191933034,2792683.1695092386,59.49636477060848
252,328534.04854873056,2792686.974609405,328468.46431089164,2792722.613452444,74.64194119979871
253,329121.5988702221,2792716.298095366,328768.3441571918,2792922.264326614,492.78083476617843
254,329047.4587959013,2792754.290961086,329082.5772104681,2792775.4163066447,40.9827191224608
255,329011.79053784837,2792775.7679529837,328981.27861270646,2792722.12570729,61.71278765375328
256,329082.5772104681,2792775.4163066447,328946.81536185235,2792866.0007203086,282.54527857609276
257,329082.5772104681,2792775.4163066447,329133.4627252438,2792928.0833210815,161.1793842957182
258,329080.4758726519,2792728.7154343505,328993.34254328324,2792485.6329991533,260.2174851412037
259,328768.3441571918,2792922.264326614,328852.0078421939,2793092.4289580435,251.0906889381784
260,328797.9522326919,2792990.4299071864,328803.7265036987,2792966.6275030784,24.492787652277908
261,328801.95115393004,2792997.513606543,328740.10090852686,2793032.760527189,71.18847007373141
262,328782.94518759253,2792963.788636629,328803.7265036987,2792966.6275030784,20.97432387042282
263,328803.7265036987,2792966.6275030784,329070.3690404766,2792813.967238691,307.2528070182076
264,329099.17580426857,2792832.3696044246,329070.3690404766,2792813.967238691,34.18298852866518
265,329100.7285929495,2792837.246508291,328945.7709159506,2792924.4398695743,177.80484783261315
266,329095.8337643434,2792820.646882704,329167.03088827163,2792806.5425609928,72.81914588943829
267,329070.3690404766,2792813.967238691,329084.9115858983,2792782.3438613545,34.806947891453355
268,329028.0651915269,2792607.7401230293,329012.9811334708,2792626.0212827204,23.700835577885275
269,329025.1520374506,2792595.6796513204,329106.81916863914,2792570.420086959,85.48617044837884
270,329034.72385723836,2792631.5514411186,329012.9811334708,2792626.0212827204,22.434988048645682
271,329012.9811334708,2792626.0212827204,328711.1105649936,2792797.7507242393,347.299354210179
272,328646.1294379723,2792710.7573304973,328725.6724549749,2792855.261210446,192.00133987585693
273,328693.92274054454,2792800.2282891152,328711.1105649936,2792797.7507242393,17.365472553475712
274,328701.5304515903,2792815.397610025,328711.1105649936,2792797.7507242393,20.079620284118683
275,328687.6865773483,2792788.3428840926,328623.4203088463,2792822.2250325633,84.20280635121091
276,328993.34254328324,2792485.6329991533,328782.2518374587,2792601.6981118894,341.3592234030757
277,328823.36516404024,2792578.9441224625,328843.0919331906,2792613.0699346173,39.41721413488983
278,328788.90669868037,2792598.102135375,328782.2518374587,2792601.6981118894,65.48188968665585
279,328867.0114006244,2792554.097702621,328787.38166923565,2792408.3090670872,166.41406919440936
280,328834.4080414492,2792598.0470933225,328804.4410939573,2792635.3385084257,47.84002071891399
281,328820.0213830094,2792662.6704821168,328804.4410939573,2792635.3385084257,31.460805586790933
282,328678.4975085343,2792742.185932318,328994.9125316581,2792564.4116835953,552.5311989135664
283,328833.86777739355,2792654.895714978,328874.4621971651,2792726.5450078985,82.36620072208223
284,328737.37385758664,2792709.1034689094,328767.98076208105,2792765.3917014753,64.07142676823635
285,328666.8292624117,2792901.249372027,329046.2939546078,2792672.4717555493,521.9478924940335
286,328884.43152748956,2792776.29256269,328916.05541747576,2792832.590374386,64.58616315779602
287,328918.15800539707,2792756.6455077287,328900.574614267,2792724.6638100646,36.496640057296496
288,328850.91514113336,2792795.0175677864,328818.6290428557,2792736.5791107295,66.7641027366457
289,328892.6929844519,2792790.5896152253,328911.02929375676,2792799.2534374124,20.28009008396349
290,328873.26601792336,2792855.8084585234,328889.2371733006,2792884.5978586185,32.9227500848425
291,328906.0383022306,2792815.701079904,328911.02929375676,2792799.2534374124,17.18822096518093
292,328908.94858685107,2792739.8900106912,328872.1545460236,2792743.246752729,36.94684232142223
293,329016.4159249155,2792562.954563629,328994.9125316581,2792564.4116835953,21.552705634809655
294,329010.93828944373,2792544.9000164303,328994.9125316581,2792564.4116835953,25.2493577772022
295,329183.7084864135,2792904.893779114,329198.787994039,2792900.6266435804,15.6716302881487
296,329183.7084864135,2792904.893779114,329263.4290794734,2793153.42142615,261.0954677770659
297,329182.93769658287,2792904.493622204,329177.3817362899,2792890.583221362,14.978916728462096
298,329182.93769658287,2792904.493622204,328789.6382072262,2793124.02646973,451.0002833956585
299,329190.81785634364,2792928.5222133165,329152.2044841552,2792917.023313824,40.289169776726055
300,329190.81785634364,2792928.5222133165,329201.49939403066,2792924.654030874,11.360373355160222
301,329177.3817362899,2792890.583221362,329119.2284871959,2792948.214771813,81.9079046675669
302,329178.59747216257,2792887.9202054357,329054.0777655274,2792462.365910222,443.45974588398565
303,329157.5793321548,2792911.8041202417,329124.87290968164,2792812.780195932,104.28541440057555
304,329119.2284871959,2792948.214771813,329114.38813876675,2792939.1143265516,32.51432528087934
305,329119.2284871959,2792948.214771813,329006.16146125016,2793011.1712799645,129.4215887153943
306,328824.60393874673,2793108.4401655565,328792.10246746725,2793128.470840413,38.20524130205807
307,329143.2267248366,2792282.672164691,329030.67080516915,2792349.0668539386,196.90105472685195
308,329143.2267248366,2792282.672164691,329172.5427523716,2792270.304468542,31.818066856281337
309,329131.3351820905,2792289.701812332,329067.25361324765,2792175.753197131,130.735192973476
310,329393.9060274885,2793024.1556103816,329153.88654575986,2792196.4386791904,875.0463228970913
311,329199.87990446656,2792898.5301759206,329215.97779169865,2792885.542821906,20.683649040625376
312,329265.85709671327,2793127.069229242,329295.4408650026,2793144.0441519087,34.23416370541766
313,329251.74701230973,2793083.599641905,329271.0724251764,2793065.3095052787,26.60828217456497
314,329281.3716376181,2793148.5089310943,329278.5790635648,2793141.188322209,31.53480780758364
315,329263.4290794734,2793153.42142615,329271.38915033615,2793163.845144114,13.115510830010033
316,329377.9062765972,2792953.8564729923,329260.62783442356,2792988.1605603336,122.19252805761892
317,329393.9060274885,2793024.1556103816,329271.0724251764,2793065.3095052787,129.6527000457891
318,329393.9060274885,2793024.1556103816,329416.308078387,2793060.464007939,42.66323496474834
319,329347.5362448323,2793042.2992669386,329371.47934846015,2793120.895370825,82.16215526315798
320,329416.308078387,2793060.464007939,329490.2851527259,2793068.759371948,74.44071864092824
321,329416.308078387,2793060.464007939,329431.5804196276,2793055.518928992,16.052981429089343
322,328852.25377134176,2792448.4219701076,328981.39038633707,2792370.6604525144,226.10442804122633
323,328852.25377134176,2792448.4219701076,328821.92835755553,2792470.950727269,37.777977983817266
324,328860.137351559,2792443.9796359716,328880.1772406436,2792481.3474280504,42.402229179180885
325,328853.81876975065,2792523.5560574033,328874.92206117656,2792549.4113116506,33.374287725740054
326,328836.912108849,2792495.720151125,328754.1678297552,2792544.945859187,96.27972817230388
327,328452.043038745,2792681.4559108824,328468.46431089164,2792722.613452444,70.32881199923747
328,328452.043038745,2792681.4559108824,328739.685433913,2792519.992922725,330.1969722498637
329,328452.61474443227,2792684.428679747,328405.1987844143,2792708.2829881986,53.07825634032296
330,328451.3850887261,2792668.502837435,328470.1220385318,2792585.544863729,85.04818468638922
331,328451.3850887261,2792668.502837435,328382.5823395874,2792660.1030061473,69.31360223438782
332,328477.9867948218,2792670.237174024,328463.1114095686,2792615.910278916,56.32662441958864
333,328680.16268146865,2792397.8458350883,328769.36828049645,2792571.7065313933,210.68383714815394
334,328735.97712841595,2792513.5923985504,328711.0419442146,2792533.682484389,32.02147654545894
335,328711.0419442146,2792533.682484389,328669.42489535105,2792463.342687068,81.72922270056944
336,328649.5871134301,2792869.9948003776,328581.555171422,2792902.4514909163,75.3775954386432
337,328468.46431089164,2792722.613452444,328591.21613698,2792919.034896114,485.83514091385325
338,330027.2581988681,2792986.825875395,329792.5969411967,2792729.320135805,367.6762478215603
339,329887.676358726,2792821.9664755287,329897.9427467576,2792813.10788071,29.394685464436925
340,329792.5969411967,2792729.320135805,329777.3487459133,2792737.0229038144,17.083327966498043
341,329792.5969411967,2792729.320135805,329800.57419961365,2792701.0815121313,29.343764564685653
342,329777.3487459133,2792737.0229038144,330126.9575787653,2793190.894001625,574.938557065951
343,329777.3487459133,2792737.0229038144,329764.5148102697,2792736.408922811,12.848613807595237
344,329800.57419961365,2792701.0815121313,330032.1685123674,2792979.8957892405,388.4736159779578
345,329439.7577427615,2792343.9041441656,329743.7336633253,2792714.370291781,579.5069024968949
346,329719.07225766784,2792686.642089581,329748.5943465084,2792691.4883204084,29.917213819810645
347,329743.7336633253,2792714.370291781,329748.5943465084,2792691.4883204084,23.39253844519335
348,329748.5943465084,2792691.4883204084,329766.7060704725,2792679.141019733,21.920090759767188
349,329746.15892398794,2792721.341105627,329764.5148102697,2792736.408922811,23.748214161987356
350,329746.15892398794,2792721.341105627,329718.20780416427,2792758.051078782,46.13986593437569
351,329766.7060704725,2792679.141019733,329794.8147132626,2792689.3669156386,29.910946935370028
352,329766.7060704725,2792679.141019733,329779.9265074014,2792663.2216816456,20.693121507811576
353,329794.8147132626,2792689.3669156386,329764.27435078775,2792040.566107842,649.5463664220595
354,329779.9265074014,2792663.2216816456,329713.32750498864,2792626.471897604,76.06558847128366
355,329779.9265074014,2792663.2216816456,329752.2922305665,2792014.8052821956,649.2452870397808
356,330215.62357050634,2792192.447595206,329789.3043550153,2792213.678131359,476.9518569397683
357,329926.3744037835,2792205.3964932733,329978.7580402213,2792202.8881887514,52.583704783011115
358,329885.1611625104,2792207.5983993392,329886.00121864025,2792228.7358270586,21.154115898871716
359,329941.144888912,2792004.875577178,329952.44082041533,2792184.541297603,344.53730213805517
360,330228.1512465337,2791986.2945611714,330188.2328645417,2792463.482945843,608.7777049176284
361,330176.56051955116,2792194.1674317685,330176.2513742732,2792169.5337765836,24.635594950608315
362,330192.77311428625,2792417.40782432,330238.7294049399,2792421.4728580764,46.135725312254074
363,330221.25814733165,2792128.3680691705,330209.6952183377,2792128.712548528,11.568059169404943
364,330188.2328645417,2792463.482945843,330190.3609412274,2792476.4950812226,13.185005783625078
365,330188.2328645417,2792463.482945843,330202.4640498627,2792479.8770822133,21.709314659011472
366,330190.3609412274,2792476.4950812226,330277.7686186977,2792488.592310599,88.37438314187497
367,330190.3609412274,2792476.4950812226,330136.11221031036,2792476.422715559,54.452275142566236
368,330179.63350056927,2792478.3578899386,330175.0849052913,2792202.6384862647,275.7569206407894
369,329497.8545847947,2792283.0734385774,329371.6276234855,2792292.20870117,203.90840948914123
370,329434.2640938616,2792285.370390374,329443.91591266345,2792199.759260781,204.09604996770767
371,329472.88098836073,2792284.241149118,329472.8868165964,2792295.0975839593,10.856436405607562
372,329439.7577427615,2792343.9041441656,329372.47055714624,2792395.8113183905,84.98188091614443
373,329522.72571614664,2792450.5152593707,329501.4053876824,2792049.8797141495,519.1634527463541
374,329503.20616821334,2792084.043934368,329483.99245936953,2792084.153083469,19.214018868019878
375,329502.90370346606,2792078.4311661455,329476.61253430555,2792087.01559179,27.6735553666226
376,329506.2852907083,2792142.8961360664,329506.6578303918,2792149.2724082954,70.3989709785275
377,329522.72571614664,2792450.5152593707,329459.2815533924,2792501.9304811643,81.66202801588621
378,329521.2282970075,2792442.0261688796,329497.00430378434,2792419.499496469,33.1805045074208
379,329718.20780416427,2792758.051078782,329372.47055714624,2792395.8113183905,688.266530055253
380,329622.4012235743,2792570.1879276047,329765.1388709876,2792555.385599764,143.83086035854421
381,329598.3166709862,2792541.1011268413,329535.4871397568,2792594.901129551,82.71632418148867
382,329629.55795526574,2792579.226132869,329661.32876905374,2792561.788046581,36.24184683656127
383,329661.32876905374,2792561.788046581,329660.4073012591,2792547.819132354,13.999273823326055
384,329607.90552243975,2792311.210241165,329600.7971126434,2792140.387421753,233.85723218512516
385,329607.90552243975,2792311.210241165,329611.35219406825,2792342.473444049,31.452621510240842
386,329607.25523722405,2792295.576205916,329686.52286014246,2792292.4069743473,266.4674439198595
387,329515.93233836227,2792343.974441474,329688.9047485356,2792340.754873433,268.9185446563514
388,330271.2511331807,2792487.909682292,330269.93064785027,2792498.3063585702,10.48020150558346
389,330105.2976210189,2793151.728191179,330133.20169502,2793128.113853473,36.555085708471026
390,330119.06904331583,2793168.460327372,330088.4413837425,2793150.898578506,35.30536154994498
391,330133.20169502,2793128.113853473,330143.77893621277,2793140.80940582,16.52437837375171
392,330133.20169502,2793128.113853473,330171.52772148035,2793030.987786528,105.09193333637042
393,330143.77893621277,2793140.80940582,330170.159590279,2793135.4819716965,26.913202397739333
394,330143.77893621277,2793140.80940582,330168.5928678928,2793146.313811432,25.417114048708854
395,330156.79458642524,2793084.51353208,330258.8715466529,2793110.5396212917,105.34259883336505
396,328701.96132947935,2794118.224596442,328693.8145624108,2794123.2797358865,32.54587312238321
397,327947.4851391041,2793797.8069878328,327966.7987028122,2793800.973358851,19.571398737225298
398,328114.0401839181,2793691.343714787,328110.45272605505,2793640.551602984,50.91864565519355
399,328161.56165574933,2793667.387036212,328146.9062665066,2793666.8864127565,14.663937319165063
400,328110.45272605505,2793640.551602984,328121.7487902767,2793633.5728077632,13.278024289640804
401,328110.45272605505,2793640.551602984,327947.2894935366,2793371.3994354373,315.0633317870286
402,328528.40161859774,2794152.0525915516,328500.1153238211,2794153.0981828985,28.305613108650167
403,328513.9333857399,2794126.545848651,328500.1153238211,2794153.0981828985,29.932679285193238
404,328538.9796304753,2794171.0947261504,328515.4386470446,2794184.066673527,26.87841735716256
405,328500.1153238211,2794153.0981828985,328312.53587885905,2794260.9760389943,216.57876832963913
406,328252.3448122507,2793647.356646353,328267.55065627093,2793644.39401004,15.491768985191337
407,328252.3448122507,2793647.356646353,328243.3290788556,2793654.6054784823,11.568449156746729
408,328459.789278608,2793525.068759616,328480.3098425546,2793529.6496523577,21.0256539255854
409,328545.94759375905,2794218.4762387876,328551.2611935097,2794206.8986623604,12.738705516607546
410,328437.44303634344,2793989.67069018,328465.77988228376,2794052.146472429,68.69500212461966
411,328481.276507011,2794024.4871585285,328466.2682600639,2794005.6674300767,45.16085251759655
412,328585.4722147336,2793948.4438104583,328599.0391487553,2793963.2494875514,20.081577961997873
413,328723.7352007299,2793868.679616903,328725.87900582864,2793849.4208225915,19.377746479697304
414,328466.79970613343,2794038.03104771,328481.276507011,2794024.4871585285,19.846164772428036
415,328694.45232834964,2794147.377689207,328688.49240089674,2794138.1697168606,30.16868954602551
416,330233.1651209042,2791962.67978861,329790.42567412776,2791994.4072807464,445.2036472580486
417,330233.1651209042,2791962.67978861,330250.6396310503,2791970.913122727,19.316994992209224
418,330233.1651209042,2791962.67978861,330232.85848433536,2791982.4135925355,19.73618614013879
419,330206.2500490822,2791962.54109373,330206.55646910815,2791982.145351005,19.606651844008645
420,330206.55646910815,2791982.145351005,329773.5643769483,2792015.7230426865,436.7007769942486
421,330177.5573571304,2791969.293134201,330170.24688575184,2791957.6310868426,13.763950754136951
422,330250.6396310503,2791970.913122727,330268.4319436567,2791972.351665814,17.850372379787746
423,330228.1512465337,2791986.2945611714,330213.32231416064,2791987.344682427,14.86606841015714
424,330101.6937126941,2791977.2798735118,330093.8693759744,2791996.122130954,20.402228080031065
425,330213.32231416064,2791987.344682427,330220.50746082026,2792009.100401232,22.913282595992705
426,329982.44255961216,2792701.387068854,329986.73265455326,2792712.4444378056,39.886217584232725
427,329982.44255961216,2792701.387068854,330096.63444225537,2792693.782067106,140.88869667773574
428,329986.73265455326,2792712.4444378056,330109.23316215095,2792702.142867692,123.09928713022876
429,329986.73265455326,2792712.4444378056,329884.8102829224,2792786.3422601228,126.31124646037624
430,330049.6589777451,2792703.9656623527,330050.6764798884,2792484.973239203,219.00909107290704
431,329963.11701067275,2792725.3923538765,329973.37600773014,2792737.5822090018,15.93234410243938
432,329987.0108969951,2792721.7575784903,329932.86437661096,2792783.444939917,82.08427652330201
433,329987.0108969951,2792721.7575784903,330017.0216547712,2792747.070469211,39.26051475625428
434,329927.7211859911,2791695.180478207,329924.95664527686,2791707.7223188197,12.84291444025186
435,329929.58670771366,2791692.8860397297,329966.7041051333,2791757.5474541313,74.56656838763891
436,329929.58670771366,2791692.8860397297,330237.42347781855,2791592.8420944302,323.685446104222
437,329924.95664527686,2791707.7223188197,329902.46555620816,2791719.6922863815,25.47801426575914
438,329764.5148102697,2792736.408922811,329717.92679526773,2792768.545540915,56.5968670950515
439,329717.92679526773,2792768.545540915,329699.24436327623,2792813.1815823554,48.38811280261224
440,329717.92679526773,2792768.545540915,329720.45548156707,2792818.1545130457,49.67337687610781
441,329720.45548156707,2792818.1545130457,329700.1039585805,2792814.234255793,20.725658127034844
442,329720.45548156707,2792818.1545130457,330034.9037998188,2793193.579146592,489.80461118898984
443,329834.8968080428,2792931.383536219,329887.49614748097,2792887.7613055264,68.41193456966501
444,329834.8968080428,2792931.383536219,329819.0057869038,2792933.62179818,16.047877412463155
445,329834.8968080428,2792931.383536219,329827.57964975527,2792943.207243407,13.904706292199485
446,329871.5460018426,2792902.9283360615,329878.3751657899,2792886.746040347,17.564286914390394
447,329871.5460018426,2792902.9283360615,329887.3845090784,2792897.3119925414,16.804809608997576
448,329819.0057869038,2792933.62179818,329799.38508538937,2792930.1131778103,19.931942825942176
449,329827.57964975527,2792943.207243407,329828.13862819155,2792966.818633607,23.618005929117743
450,329685.496339274,2792649.5100870333,329713.32750498864,2792626.471897604,36.12937803530547
451,329905.8349020488,2791793.76201338,330088.73827677727,2791686.9323118017,342.3503794372816
452,329966.7041051333,2791757.5474541313,330045.8770091985,2791809.9823731887,94.96193697829747
453,329992.2927385828,2791743.50032536,330130.38041686785,2791686.6644095397,150.350617017663
454,329910.61565955286,2791790.9213435883,329872.64340718184,2791730.413999741,71.45326598218642
455,329962.45878552046,2791750.8764220416,330162.0253019565,2791668.608918153,344.8536589914777
456,330045.8770091985,2791809.9823731887,330045.41845112573,2791828.8318614285,18.855065165785028
457,330045.8770091985,2791809.9823731887,330236.9091886929,2791812.126833457,191.0447261007891
458,330165.34428441914,2791672.9320120043,330263.7671292337,2791675.918091948,253.2498893766367
459,330165.34428441914,2791672.9320120043,330164.7919015968,2791811.1926661073,138.26269152199234
460,330263.7671292337,2791675.918091948,330237.42347781855,2791592.8420944302,87.15279303314477
461,330165.3147723224,2791743.6544757425,330268.8015653629,2791743.9182899767,103.48712951316722
462,330162.0253019565,2791668.608918153,330164.6025219953,2791607.3926680256,61.2704769266492
463,330088.73827677727,2791686.9323118017,330086.16558897553,2791702.728640295,16.004459265979026
464,330165.2431571862,2791751.5983166774,330130.4738378639,2791751.9128000634,34.7722278802345
465,330236.9091886929,2791812.126833457,330238.55961188336,2791946.9145625546,134.86978833161075
466,330092.88698006957,2791810.32268397,330095.1729383379,2791699.447250291,110.90321695847167
467,329883.2252649129,2791959.8179819635,329861.98274195264,2791846.6458708467,115.16066564998223
468,329883.2252649129,2791959.8179819635,329873.4521719663,2791981.5208621244,23.801856083502866
469,329883.2252649129,2791959.8179819635,329900.4512193593,2791977.1158413384,24.412075813905194
470,329881.4086831192,2791949.970281744,329893.61962309945,2791938.639048671,16.65844825174236
471,329372.47055714624,2792395.8113183905,329339.5306621826,2792279.020672336,121.67381916452686
472,329346.4432039473,2792319.002897453,329371.6276234855,2792292.20870117,36.77205381711879
473,329339.5306621826,2792279.020672336,329371.6276234855,2792292.20870117,34.70070646835252
474,329339.5306621826,2792279.020672336,329572.1551963976,2791815.07531525,523.3568860152436
475,329794.7771620826,2792924.2333123027,329795.73237133486,2792907.2607838786,16.999386630785864
476,329761.9108391798,2792868.9685276016,329740.99946398824,2792886.2032817923,50.75457563708363
477,329858.6044192929,2792977.8569018543,329830.7600194963,2792970.164466168,28.887439603079777
478,329801.56572525925,2792780.6981156506,329759.6136968605,2792816.930546635,55.4324971636606
479,329840.02811061,2792828.2819810943,329780.6580463966,2792835.0774814626,59.75770536050777
480,329997.6175698335,2792955.6480527585,329986.6939346668,2792964.3154318193,13.944507179019597
481,329986.6939346668,2792964.3154318193,329971.0011362906,2792963.083595315,15.741071820222153
482,329991.7617327358,2792960.2968782214,330120.33011195844,2793028.1964463755,145.39662819831779
483,329971.0011362906,2792963.083595315,329959.2547231786,2792971.2185151116,14.288286849577194
484,329889.28193009924,2792845.487150995,329880.34620820126,2792853.5978700006,12.067762370281203
485,330027.2581988681,2792986.825875395,330282.89446817874,2793054.604301853,265.02738324280665
486,330012.5176971697,2793036.518898318,329949.27716381766,2793088.8045328767,82.0557898008894
487,330034.6509431818,2793055.5830584895,330088.1938651047,2793054.1903427993,53.5610319638453
488,330034.6509431818,2793055.5830584895,330015.17200097936,2793032.065402302,30.537015929549995
489,330130.86892204836,2793022.5804708777,330122.0962450901,2793035.6519463807,15.76953755259461
490,330121.99745895166,2793020.5648918375,330125.1707811492,2793006.090351498,30.44145521257392
491,327804.7655207539,2792138.8500589756,328070.70648817386,2792618.7308403715,565.3280227042048
492,328021.93409540877,2792152.1406447226,327864.64449318754,2792246.299719262,206.77636345217851
493,327900.7368931596,2792292.2470516837,327879.66964330646,2792229.801544344,66.18919651545153
494,327868.89555504953,2792234.336620462,327915.47088601335,2792213.2385729374,70.22110523071447
495,328676.69076407474,2791841.0595434634,328574.10563774547,2791898.480259369,135.0203885497508
496,328639.9150218625,2791860.380072141,328676.951963641,2791887.9609502694,46.17834876467294
497,328682.64404663385,2791834.5478029223,328544.82927014865,2791579.136732935,345.8388174820997
498,328544.82927014865,2791579.136732935,328510.84499603475,2791565.1213971153,36.76085588213653
499,328544.82927014865,2791579.136732935,328561.9480893852,2791536.878466057,45.59402473539943
500,328510.84499603475,2791565.1213971153,328486.0763271911,2791538.0390482335,36.7006890567506
501,328510.84499603475,2791565.1213971153,328495.6904655436,2791582.661734946,23.180233942420383
502,328561.9480893852,2791536.878466057,328562.3704284001,2791524.8755229586,12.010371071305535
503,328561.9480893852,2791536.878466057,328572.98481784854,2791529.947801957,13.032401161880593
504,328527.12208462,2792958.487686071,328617.76853000105,2792944.754243092,91.68088959142399
505,328487.7550189451,2792888.3857892617,328392.9087036276,2792737.8513269294,177.92258956908333
506,328459.25358567305,2792814.667671506,328382.5823395874,2792660.1030061473,494.83732152986533
507,328701.18824184756,2792452.538170772,328475.23913757585,2792579.0768314335,259.6666467775148
508,328715.3752557525,2792477.2289384087,328669.42489535105,2792463.342687068,48.00274572683317
509,328451.8496331518,2792535.082999838,328902.28160754795,2792279.5904248473,1048.2342130529755
510,329256.06213802705,2793168.4366079974,329249.20981787454,2793149.1918296213,20.42936436254042
511,328946.81536185235,2792866.0007203086,328940.95836208237,2792855.3954816624,43.82499530229673
512,328940.95836208237,2792855.3954816624,328881.1019591283,2792869.9225575714,61.59403306384566
513,329169.3470182511,2792815.2206964623,329261.9151822435,2792833.9040576946,94.43480805224964
514,329167.03088827163,2792806.5425609928,329179.6326429408,2792743.28261911,64.50290278562669
515,329261.9151822435,2792833.9040576946,329274.06209121074,2792869.4997548303,37.61118253966729
516,329261.9151822435,2792833.9040576946,329319.01646555116,2792814.9933074974,60.15183831618825
517,329212.34150744986,2793169.7197086955,329244.47520596697,2793146.0611049817,39.90368541973584
518,329194.3314181217,2793174.8657918246,329187.7081941113,2793153.823493759,22.060040892283492
519,329244.47520596697,2793146.0611049817,329249.409349751,2793114.7142811595,31.732777039274353
520,328937.2457353389,2792964.971689961,329090.3091242955,2792877.813199996,412.1017339190986
521,328937.2457353389,2792964.971689961,328954.63859966735,2792994.662657781,34.41025172215495
522,328961.09401606786,2792951.398568992,328928.9377502898,2792894.3984090993,65.44527152712669
523,328945.96806143865,2792979.872234728,328994.001679337,2792967.4335307567,49.61803910771394
524,328835.16402341425,2793024.1239273045,328814.44321095117,2793019.6890044436,21.190106415796794
525,328835.16402341425,2793024.1239273045,328824.55436106474,2793037.6405424112,17.183242392341004
526,329078.1009689007,2792984.1399601353,329127.8823405646,2792956.114926667,57.12836507652665
527,329078.1009689007,2792984.1399601353,329106.1313905801,2793083.078846064,127.18535135564483
528,329095.27752669377,2792974.4068569536,329132.8195540538,2793105.296722415,136.16739954472683
529,329081.8101316036,2792996.2125389576,329013.29392792046,2793036.605081302,79.66367013292162
530,329132.8195540538,2793105.296722415,329167.8230084397,2793095.8592036297,36.25391658001317
531,329132.8195540538,2793105.296722415,329106.1313905801,2793083.078846064,34.72595713796812
532,328815.82443041576,2792887.5871421504,328782.9822879742,2792832.9777541133,63.7243405767312
533,329131.90963551716,2792148.471091795,329071.89819500945,2792183.6929110447,69.58411846883575
534,329131.90963551716,2792148.471091795,329230.94895311113,2792193.3278917726,132.4797485317946
535,329131.90963551716,2792148.471091795,329144.4330561357,2792183.4969712673,37.19742325499117
536,329071.89819500945,2792183.6929110447,329067.25361324765,2792175.753197131,308.0349685469538
537,329144.4330561357,2792183.4969712673,329153.88654575986,2792196.4386791904,16.02673610065158
538,329144.4330561357,2792183.4969712673,328990.49492189183,2792277.0573180425,180.31110942594256
539,329127.8823405646,2792956.114926667,329167.8230084397,2793095.8592036297,152.40836385011707
540,329167.8230084397,2793095.8592036297,329178.14226308704,2793066.5048647486,31.11533749813962
541,329178.14226308704,2793066.5048647486,329240.9239011989,2793049.1061409884,65.15063330621474
542,329064.16156564734,2793209.3788609374,329004.0005624249,2793003.62116992,214.37840638858063
543,329041.54762649897,2793134.04549898,328999.4369483621,2793229.2180661396,104.07269936375427
544,329054.3898498113,2793211.873066064,329058.245353385,2793226.7576287277,15.37579635326777
545,329155.87162699894,2793185.8424535384,329150.74862707604,2793163.928207743,22.505094911903132
546,329161.0991720217,2792208.267640155,329230.94895311113,2792193.3278917726,71.42960170658242
547,329230.94895311113,2792193.3278917726,329490.2851527259,2793068.759371948,913.7278467761373
548,329287.14301666955,2792370.6436091787,329274.7755864481,2792379.883674261,15.438009360359441
549,329165.45296823006,2792246.6536342422,329177.48674147343,2792286.803794009,41.914759068617165
550,329138.37962470227,2792200.4342518067,329103.82255385706,2792208.7028393624,35.532529962951266
551,329138.37962470227,2792200.4342518067,329135.84431071085,2792187.172559157,13.501863166608036
552,329087.3179033308,2793015.8730500373,329019.6026226649,2793034.331875663,70.18609177845286
553,329106.1313905801,2793083.078846064,329032.9858763745,2793105.52788163,76.5129103240319
554,328849.05399908737,2793231.64072273,328758.72740472027,2793245.8228944177,91.43318677445183
555,328758.72740472027,2793245.8228944177,328700.1595488773,2793139.981830184,120.96497268295788
556,328758.72740472027,2793245.8228944177,328704.6678917572,2793277.1938042957,62.502820933155704
557,328869.78531913285,2793267.193976069,328866.26986936247,2793292.7402817537,25.78705336464895
558,328869.78531913285,2793267.193976069,328892.2068953392,2793277.877656337,24.836829581201382
559,329011.82172496576,2792999.0467535513,328994.001679337,2792967.4335307567,36.30546012621976
560,329030.1946213066,2792988.3124901536,329007.947311019,2792993.036002404,22.743227189945852
561,329289.3107607227,2792656.652371305,329367.6032459175,2792637.0424745954,80.71097377019917
562,329259.6473500259,2792560.7913511447,329333.59831710183,2792538.8321397626,77.14988650501155
563,329303.0309129718,2792703.5389664103,329304.4104226652,2792708.2629817934,76.43064792777395
564,329337.5504562128,2792820.9853734965,329414.45887897676,2792792.364506693,82.0613155428582
565,329333.2022482991,2792806.959980527,329318.0926471702,2792812.0471137543,15.942991273526061
566,329345.1051839932,2792846.3918239633,329215.97779169865,2792885.542821906,135.03285532854326
567,329129.86229502875,2792930.200401514,329120.7861740056,2792900.8362234305,30.73484874436429
568,328950.79230710666,2793034.703267513,328901.63387722673,2793152.553546186,127.69197081890964
569,328705.51676219405,2792971.86992169,328700.1595488773,2793139.981830184,168.19724585148916
570,328690.06733181933,2792943.727717362,328658.96606400725,2792935.912711166,32.06810224136214
571,328690.06733181933,2792943.727717362,328768.3441571918,2792922.264326614,81.16611690105424
572,328700.1595488773,2793139.981830184,328666.3145287038,2793166.078498228,42.73782251760836
573,329004.13565418904,2792350.244092356,329030.67080516915,2792349.0668539386,26.561252376883882
574,329413.47397500405,2792787.768444157,329417.34460602363,2792763.9239238803,24.156633286205672
575,329444.85858774406,2792893.201636098,329449.354607607,2792871.0109509327,22.64157023497279
576,329308.03912221733,2792860.1088380776,329303.2699640221,2792840.671579361,20.013792651820854
577,329308.03912221733,2792860.1088380776,329346.3044694996,2792850.409118468,39.53397833429608
578,329242.6553520143,2792878.1714753723,329288.7120583519,2792902.2500391332,51.97314902865979
579,330243.08770765236,2793554.7898830115,330280.44668477564,2793629.540919924,83.5886878336854
580,330243.08770765236,2793554.7898830115,330245.24383414,2793528.308451426,26.56906284075774
581,330243.08770765236,2793554.7898830115,330218.28312776855,2793537.9302780535,29.991889946310806
582,330272.1142220039,2793611.03437741,330049.83425546915,2793724.2851120466,249.46765806094513
583,330245.24383414,2793528.308451426,330262.8969561286,2793502.7624845384,31.127249822534022
584,330245.24383414,2793528.308451426,330218.28312776855,2793537.9302780535,28.626198414983453
585,330218.28312776855,2793537.9302780535,330205.6337879371,2793534.3003865713,13.159859814736778
586,330267.4105620795,2793430.510243216,330288.5696985867,2793460.3437601174,36.57523463265494
587,330267.4105620795,2793430.510243216,330262.9656795385,2793431.9729357096,274.58931100188494
588,329953.21131068864,2793119.6406913972,330253.0666322699,2793446.797731125,444.9466889128766
589,330125.99179779773,2793588.087396908,330263.70802055905,2793343.4057637677,990.2199466750527
590,330175.30934353103,2793502.2999957707,330187.9357251108,2793541.811943023,41.48035061892134
591,330175.30934353103,2793502.2999957707,330167.0991442377,2793494.3493495383,11.428917181787838
592,330205.6337879371,2793534.3003865713,330187.9357251108,2793541.811943023,19.226151672403347
593,330262.9656795385,2793431.9729357096,330252.94433534064,2793431.4340219772,10.03582420844753
594,330272.18070689944,2793366.6519482844,330290.2666371933,2793337.0349692823,34.702540538115755
595,329914.5733614486,2793094.059798182,329885.2986837638,2793090.3844307624,29.504492526042714
596,330287.1784546901,2793663.399564995,330295.09575504967,2793644.810959229,20.204452710093857
597,330287.1784546901,2793663.399564995,330280.44668477564,2793629.540919924,34.74465542865702
598,330295.09575504967,2793644.810959229,330282.7394096012,2793650.8706146604,13.762219907860326
599,330295.09575504967,2793644.810959229,330280.44668477564,2793629.540919924,21.16056143532514
600,330035.98638011946,2793209.1745171207,330034.9037998188,2793193.579146592,15.632899988052003
601,330252.94433534064,2793431.4340219772,330211.16236715496,2793406.4900463587,48.72256434683993
602,330252.7385048064,2793364.458767722,330209.9184086436,2793392.469780959,51.16812970952006
603,330263.70802055905,2793343.4057637677,330183.76343683945,2793336.28903506,80.2607269690369
604,330209.9184086436,2793392.469780959,330180.85485248663,2793382.2772826627,30.79898241849724
605,330209.9184086436,2793392.469780959,330211.16236715496,2793406.4900463587,14.07534278977691
606,330100.1350430612,2793664.717829253,330214.25483328605,2793602.266748465,130.09021489926917
607,330207.32768238656,2793410.8143102815,330172.042858258,2793446.762450545,61.924103991175556
608,330159.053556578,2793356.6948673753,330183.76343683945,2793336.28903506,32.04646899451635
609,329210.4045821358,2794260.8599525723,329098.4057446594,2794077.470000106,215.0453651826772
610,329248.3793386073,2794239.6420946647,329212.84971102374,2794178.47438207,91.85826274489193
611,329276.3134646639,2794224.289588426,329266.39873575314,2794244.1227386706,22.173310488206088
612,329256.6125338471,2794235.0404087557,329242.5739029988,2794209.1287492686,50.372639150470725
613,329275.1234118291,2794201.8492893404,329242.6142020179,2794204.3424967662,32.60467460070958
614,329418.7808144466,2794119.1881661993,329378.27578731405,2794046.916102762,82.84870775400059
615,329670.63018585887,2793994.0546485134,329688.76842226216,2793969.56518596,30.475061870028856
616,328660.40007862897,2794010.617447531,328798.8715878516,2793928.2479982763,276.9672096709128
617,328766.5803629891,2793947.2127326997,328796.17408224277,2793956.2987454794,30.957129186962675
618,328798.8715878516,2793928.2479982763,328871.09471010324,2793921.661810625,72.5228050722856
619,328798.8715878516,2793928.2479982763,328796.17408224277,2793956.2987454794,28.180151794590447
620,328717.30748282094,2793977.6480287504,328863.3905270083,2794235.5251823566,296.57991727845797
621,328796.17408224277,2793956.2987454794,328962.377191506,2794247.034642854,334.9053191091668
622,328289.2463090952,2793712.1716480516,328379.4252182654,2793857.302880691,313.077739221053
623,328296.7672353336,2793726.056790977,328319.9851479533,2793728.8528290973,23.385664317856197
624,328267.55065627093,2793644.39401004,328726.2131994532,2793412.8052785923,514.287833295904
625,328176.10105204256,2794184.4419182795,328193.07501515455,2794234.255242356,52.625874617781314
626,328109.44672084675,2794150.304241102,328112.6093480375,2794184.318343275,34.16081611123458
627,328634.16005042195,2793449.653947038,328638.81319331285,2793432.036149939,18.22192397598283
628,328613.14086373016,2793460.588524538,328801.34571212647,2793809.3372574206,397.28824151754816
629,328783.6629723242,2793519.557878706,328783.6629723242,2793519.557878706,510.42244416391515
630,328726.2131994532,2793412.8052785923,328730.22703484993,2793397.9983849204,15.341283349248373
631,328163.41283479985,2794234.0450445083,328193.07501515455,2794234.255242356,29.662925117562278
632,328863.3905270083,2794235.5251823566,328922.91283222305,2794202.2465366544,164.4265037469926
633,328922.91283222305,2794202.2465366544,328937.2647740245,2794201.1122341217,14.396696694296192
634,328922.91283222305,2794202.2465366544,328930.5716093303,2794188.8780374215,15.40693475416813
635,328796.24223602924,2793800.140550271,328798.50330108975,2793782.1764337346,18.10585259374611
636,328798.50330108975,2793782.1764337346,328684.85910656035,2793578.5925858715,233.17811625159788
637,328798.50330108975,2793782.1764337346,328789.88710073754,2793789.165034112,11.094117528904318
638,328739.7415020692,2793673.5682311156,328726.93180714705,2793680.3773323675,14.506968803225151
639,328235.59517777397,2793801.644426176,328451.05928004073,2794182.2578118565,437.7373145796698
640,328235.59517777397,2793801.644426176,328304.7077915879,2793760.298262341,80.53607050297217
641,328235.59517777397,2793801.644426176,328223.1185731722,2793793.405655896,14.951354390696949
642,328244.9148099839,2793818.3316272483,328164.6189578458,2793818.398969604,80.29588037740447
643,328223.1185731722,2793793.405655896,328290.038281212,2793734.8718153615,88.90701778725021
644,328986.0885963633,2794252.2959323316,328980.69794948807,2794253.8264285927,138.10224432743496
645,328986.0885963633,2794252.2959323316,329031.31948469824,2794221.7354357643,54.58733561921402
646,328980.69794948807,2794253.8264285927,328962.377191506,2794247.034642854,19.53915368078488
647,329031.31948469824,2794221.7354357643,329048.9823163046,2794231.471335237,20.168375217027137
648,329031.31948469824,2794221.7354357643,328871.09471010324,2793921.661810625,340.5200310842528
649,329048.9823163046,2794231.471335237,329032.15240231634,2794177.656134481,56.385475410276214
650,328871.09471010324,2793921.661810625,328878.0052995672,2793897.723151507,24.928338463090743
651,328888.126158459,2793952.3210249078,328905.1059603258,2793953.4244699846,17.015618192521792
652,328876.3219342534,2793902.430501261,329010.67119118234,2794171.1036475785,300.48296196574796
653,328801.8641309941,2793343.2960807914,328777.1198849056,2793371.980374129,37.88227024304616
654,328777.1198849056,2793371.980374129,328773.00994304783,2793394.3215911086,22.716108782125264
655,328675.66309608927,2794090.1201967015,328571.57896161627,2794031.8721951004,119.27420819067744
656,328571.57896161627,2794031.8721951004,328503.86665441084,2794083.479814565,210.5954598968816
657,328663.40049745503,2793570.733070845,328684.85910656035,2793578.5925858715,22.852655889185357
658,328672.5951586629,2793586.3364616707,328783.6629723242,2793519.557878706,129.60112536517528
659,328650.3231379085,2793553.2402029643,328319.9851479533,2793728.8528290973,375.3168074848171
660,328229.64365836274,2793647.977301749,328220.727911333,2793630.57597305,32.85122913117297
661,328243.3290788556,2793654.6054784823,328232.60074984503,2793653.933028201,10.74938290038606
662,328218.36210756825,2793792.5244311476,328203.7773815956,2793769.024591063,27.657850887104324
663,328218.36210756825,2793792.5244311476,327935.99310025235,2793951.685106532,324.28913304891495
664,328203.7773815956,2793769.024591063,328178.4677885141,2793755.4319641716,28.728644377399647
665,328203.7773815956,2793769.024591063,328179.04756067414,2793783.6185267265,28.71492852771375
666,328801.34571212647,2793809.3372574206,328811.5989349857,2793817.0618522367,12.837365153098565
667,328801.34571212647,2793809.3372574206,328800.3324923785,2793823.2088247854,13.908522402232064
668,328561.5879097394,2794189.4414965073,328573.5245220515,2794195.6600881633,13.459331174851178
669,328481.788377015,2794039.4250914278,328483.0270173145,2794025.0853308197,14.393156849264027
670,328782.9029926355,2793337.753309041,328759.9452410478,2793335.651066737,23.05380187010607
671,328759.9452410478,2793335.651066737,328717.78086171875,2793300.6684697955,54.787014638167086
672,328893.65767934534,2793695.9696976324,328857.85897239717,2793631.2833094317,73.93156455535032
673,328011.2844596242,2793907.522392035,328005.8943183203,2793910.6817593314,61.602652397892285
674,328084.6409582164,2793864.869205661,328028.28903275356,2793767.9537757454,112.10771632285947
675,328024.5131136265,2793935.282229331,328054.2434874737,2793985.963464382,58.757848192434096
676,328818.870199427,2793995.1172151715,328778.8124578509,2794017.3375214012,45.80791055181717
677,328146.978041268,2793110.32977209,328154.21742232016,2792994.9474348975,116.18974220535446
678,328086.2583178424,2793099.602187116,328266.52244758874,2793134.1251310282,188.53575960519768
679,328154.91828573926,2793071.5328983553,328232.5679163276,2793086.4770706194,79.07460663934806
680,328204.49270070076,2793121.7740947227,328191.28582387324,2793195.700188591,75.09653087981843
681,328144.53357419604,2793109.840154475,328127.5364051183,2793188.345454709,80.32425546302896
682,327815.73378197546,2793128.135019489,328250.6995535765,2793213.9114669766,528.9700870858054
683,328227.59111200966,2793208.69905904,328133.8521804577,2793189.8161485023,96.29648172413596
684,328250.6995535765,2793213.9114669766,328247.8118821642,2793228.5048256936,177.55666132196464
685,328250.6995535765,2793213.9114669766,328408.19731448195,2793185.3582787816,160.06507815990668
686,328185.3891578452,2793205.014269104,328188.47339408693,2793220.97195063,16.253003195689463
687,328313.04871619336,2792976.800907243,328381.5556241742,2792934.997895575,227.70459675877484
688,328313.04871619336,2792976.800907243,328388.1774133912,2793102.747741591,146.65239932826236
689,328323.3267762024,2792970.5331752314,328282.51788928034,2792902.023196501,79.74322816036462
690,328351.0043986723,2793040.4284659424,328418.74301394477,2793000.0312189413,78.86987742030497
691,328246.69725860696,2793008.994330493,328138.0435892891,2792813.116669682,224.2094309915153
692,328246.69725860696,2793008.994330493,328224.7349539319,2793125.804273614,118.86015901196566
693,327977.6576386691,2793411.9137767116,327993.15572468645,2793401.0151609182,18.946516735608174
694,327988.4042535755,2793430.6432245253,328004.43261342443,2793425.0000071633,16.992769687196766
695,328005.41209631297,2793462.4096092926,328018.4192182771,2793455.287117383,14.83175666137987
696,328004.43261342443,2793425.0000071633,328013.15815220354,2793458.311887902,34.43568534748642
697,327915.74984194664,2793622.8764489326,327982.91598372057,2793582.9492646465,78.13751289780612
698,327915.74984194664,2793622.8764489326,327843.2193123974,2793523.12102543,123.33621623376027
699,327919.69966208603,2793620.5330086173,327990.8546503259,2793742.13027814,140.8913701256264
700,327843.2193123974,2793523.12102543,327909.0709762836,2793456.666922422,93.55527480138312
701,328238.2404534664,2792843.6606258657,328109.9604664404,2792920.7764696237,149.67504059508633
702,328275.21946332953,2792906.49170776,328198.89205050457,2792776.760799187,154.09175044664653
703,327996.15319312277,2792903.8221755144,328242.6911392091,2792750.59199673,323.1835471168533
704,328239.1466506063,2792845.2000612537,328303.7171393662,2792804.399391414,76.3809051926769
705,327878.46956798027,2793350.329170318,327844.110084074,2793346.9334064894,178.01362747286424
706,327878.46956798027,2793350.329170318,327916.13086556003,2793147.595773759,206.20363161040007
707,327844.110084074,2793346.9334064894,327847.42615012074,2793331.204500669,16.0746624328361
708,327844.110084074,2793346.9334064894,327835.09029740037,2793351.490563129,10.105653283013147
709,327847.42615012074,2793331.204500669,327840.2817711826,2793323.2083644206,10.722888851303564
710,327835.09029740037,2793351.490563129,327813.62071282393,2793393.495364032,47.17357693452577
711,327835.09029740037,2793351.490563129,327820.44798731396,2793344.1327090086,16.38704555202104
712,328165.877632892,2793202.980019697,328159.58336859907,2793218.270290931,16.535118911142458
713,328159.58336859907,2793218.270290931,327914.35353361495,2793156.7800318664,253.82829543006062
714,328164.2725728023,2793226.530416203,328182.3088043715,2793228.2288997164,18.116028689037638
715,328164.2725728023,2793226.530416203,328161.4254210626,2793264.132620097,37.70983970677105
716,328097.7057619178,2793192.5021765996,328087.79075997404,2793205.91090078,16.693173151972616
717,327813.62071282393,2793393.495364032,327805.4324405969,2793430.124369865,37.55203580105852
718,327811.34521034796,2793406.2753181653,327825.35240527213,2793420.7312785946,20.12899156878875
719,328275.21946332953,2792906.49170776,328340.77633058454,2792866.420913313,217.15908254392906
720,328260.7408394247,2792881.8826117334,328242.1832009551,2792892.3211852815,21.292011724781393
721,328318.2487879328,2792676.772029656,328253.7051114617,2792660.209603378,120.12416017149667
722,328253.7051114617,2792660.209603378,328235.0152288869,2792664.224517171,19.116255999069576
723,328283.80401071545,2792666.773550742,328297.8365269675,2792628.431258711,40.82943632406007
724,328259.7532009976,2792666.768637386,328259.77040351025,2792668.9175790013,56.6164274696384
725,328266.52244758874,2793134.1251310282,328367.77073975385,2793115.1372156097,103.01338552971873
726,328500.7123408624,2793141.1242743167,328294.3866807424,2792788.487735412,409.5627746738106
727,328337.06956606056,2793241.2526824153,328337.3856403415,2793234.4023756892,404.1301190350814
728,328494.58284498536,2793131.298133284,328505.0716214455,2793120.1977963746,60.31828660521454
729,328510.9150624331,2793137.660404388,328501.1196671154,2793123.9812320317,16.83761054140906
730,328510.9150624331,2793137.660404388,328559.34555490443,2793114.4692687285,53.69675385146685
731,328088.0104373326,2793354.7875386435,328000.33852040675,2793403.3277798546,123.55913191906185
732,328040.2336718002,2793383.3118484877,328047.5830735576,2793395.55948985,14.284829761568355
733,328040.2336718002,2793383.3118484877,328045.40107522614,2793370.539495404,13.778064503571986
734,328000.33852040675,2793403.3277798546,328007.21906302474,2793418.317671648,16.493596415008327
735,328007.21906302474,2793418.317671648,328147.21143733413,2793326.1625693664,167.69083647455608
736,327993.15572468645,2793401.0151609182,327933.71095219237,2793341.5281641465,84.26200329969265
737,328364.1447906594,2793388.3703174302,328315.96652925294,2793509.1132586137,130.00001045305657
738,328431.78134140547,2793348.8051546155,328495.48259410553,2793456.5298283733,246.94583795882784
739,328273.9766537392,2793441.116877066,328315.96652925294,2793509.1132586137,79.91656617527148
740,328013.15815220354,2793458.311887902,328146.9062665066,2793666.8864127565,248.54377450656483
741,328146.9062665066,2793666.8864127565,328497.3721142631,2793474.4413804375,400.07047744208666
742,328159.9570989094,2793662.4222503128,328121.7487902767,2793633.5728077632,47.87656194831517
743,328531.6983661295,2793223.330037273,328596.17014340055,2793346.565851408,139.08154424660654
744,328531.6983661295,2793223.330037273,328601.60219600756,2793168.582197481,226.71597151952372
745,328596.17014340055,2793346.565851408,328474.33361192804,2793419.0880252765,141.80070796428066
746,328596.17014340055,2793346.565851408,328713.5354500538,2793363.225027977,118.58386703773982
747,328542.06729808566,2793377.638908087,328435.64459436474,2793199.82159923,207.24665010751679
748,328700.9667659298,2793360.4484978216,328559.34555490443,2793114.4692687285,284.85991689821435
749,328700.9667659298,2793360.4484978216,328686.10939020757,2793389.3622623873,32.507651325714065
750,328183.3306198237,2792696.2651790082,328161.8850733293,2792693.5353670153,21.618587788288508
751,328235.0152288869,2792664.224517171,327966.447970018,2792849.750719053,375.0902428450316
752,328147.1741164916,2792719.678329604,328184.8024141432,2792785.1818725527,75.54206062167741
753,328203.152103719,2792683.772115456,328242.6911392091,2792750.59199673,77.6416889367001
754,328070.54479932686,2792854.9634945365,328154.21742232016,2792994.9474348975,317.31463986171553
755,328127.5168663765,2792819.642495283,328089.052860978,2792753.4074786436,76.59345364005017
756,328033.96645101527,2792877.6401198143,327992.98923399195,2792898.256853646,45.87901014003858
757,328090.84502005274,2792888.8927112804,328020.87090346275,2792930.1619812865,81.23748912531758
758,327824.5190178739,2793324.3949628593,327840.2817711826,2793323.2083644206,15.80735296390848
759,327840.2817711826,2793323.2083644206,327853.7173725036,2793200.124997946,123.81450030419653
760,327826.23826069327,2793290.0750384484,327845.40611977817,2793198.6133605335,93.4498084557847
761,327909.0709762836,2793456.666922422,328022.602949908,2793650.398047329,224.54697008480474
762,327909.0709762836,2793456.666922422,327882.3914103828,2793432.0805161987,36.280719502772875
763,327896.59495165164,2793723.244777742,328075.38899535156,2793618.9406705517,353.26141903500707
764,328075.38899535156,2793618.9406705517,328086.5945687026,2793600.0872009657,21.932126881729964
765,328075.38899535156,2793618.9406705517,328096.335621641,2793616.613866786,21.075463664516345
766,328486.31414468645,2793117.2451133262,328476.6513971138,2793145.0186680304,29.406445408398508
767,328486.31414468645,2793117.2451133262,328505.0716214455,2793120.1977963746,18.988451004473266
768,328476.6513971138,2793145.0186680304,328408.19731448195,2793185.3582787816,79.46457170545163
769,328030.826370344,2793171.1627143873,328052.0950098734,2793141.801079765,36.25549082728409
770,328069.2837859275,2793179.0710945902,328062.34305185935,2793141.1169065298,38.583599893417755
771,328052.0950098734,2793141.801079765,328065.07810758345,2793141.4809557907,13.030032480751515
772,327853.7173725036,2793200.124997946,327914.35353361495,2793156.7800318664,74.53542861459533
773,327960.27589734667,2793371.3561075507,327980.0367054966,2793357.3567637103,24.217166776904822
774,328528.0227108471,2793472.224859635,328495.48259410553,2793456.5298283733,36.12745775521226
775,328491.0676436781,2793491.3268675962,328497.3721142631,2793474.4413804375,18.024040222624514
776,328495.48259410553,2793456.5298283733,328497.3721142631,2793474.4413804375,18.01094066870645
777,328249.1464796966,2793221.730206393,328188.47339408693,2793220.97195063,238.66111809923802
778,328182.3088043715,2793228.2288997164,328147.21143733413,2793326.1625693664,104.57710464304775
779,327952.3902484622,2793363.690613519,327882.3914103828,2793432.0805161987,98.09150322531477
780,327980.0367054966,2793357.3567637103,327985.744397787,2793367.2656052522,11.435160339321683
781,327980.0367054966,2793357.3567637103,327997.6567730004,2793310.4935920527,50.06619255188199
782,328375.2197401191,2792915.270558617,328370.92234184616,2792881.5035135006,34.03940316482327
783,328370.92234184616,2792881.5035135006,328357.2423977209,2792884.8897347725,14.092812557191728
784,328370.92234184616,2792881.5035135006,328419.6964261196,2792840.0618817164,64.00250105776394
785,328573.81904350367,2793114.8840589826,328318.2487879328,2792676.772029656,829.8071922717971
786,328331.8381093774,2792871.885075005,328358.2107104137,2792901.6497558304,39.76745289895547
787,328313.0169335153,2792820.2782073566,328380.6795806865,2792778.5745941964,79.48223180576406
788,328467.74336518906,2793251.370988636,328371.526593243,2793312.6793666887,114.30836508595993
789,328450.0844667401,2793223.0133356857,328409.4268537782,2793247.3359724795,47.37754903288796
790,328263.53773952625,2793690.962154371,328232.4008205817,2793665.9553710255,39.93553473610079
791,328232.4008205817,2793665.9553710255,328232.60074984503,2793653.933028201,12.02400510217732
792,328232.4008205817,2793665.9553710255,328166.2293584661,2793692.995834119,71.54114386529207
793,328169.62352368195,2793265.4686331428,328154.2874430168,2793262.971472021,27.813076499253754
794,328388.1774133912,2793102.747741591,328455.0767244998,2793062.12866583,126.01158021675016
795,328420.9621716046,2793082.8454052783,328461.85347842705,2793153.182577829,81.35979852519519
796,328367.77073975385,2793115.1372156097,328408.19731448195,2793185.3582787816,81.02657377212688
797,328573.81904350367,2793114.8840589826,328559.34555490443,2793114.4692687285,14.479431038100788
798,328062.34305185935,2793141.1169065298,328078.9767335041,2793041.168808719,101.33401742320345
799,328140.87623297866,2793694.226404881,328131.09700594423,2793712.7404380557,20.938068339301147
800,328447.7546820624,2793049.6367557165,328513.0574256062,2793008.617278024,77.11709190900116
801,327836.72282378696,2793239.114907949,327821.99124829343,2793220.004234857,24.12959060080458
802,328122.5405687877,2792941.853455205,328051.7541903092,2792983.409855191,82.08316366900266
803,328379.06192271825,2792927.452082807,328403.7806487122,2792911.839604733,29.23636239991695
804,327825.35240527213,2793420.7312785946,327882.3914103828,2793432.0805161987,58.157143140028886
805,327825.35240527213,2793420.7312785946,327805.4324405969,2793430.124369865,22.02351371313279
806,327990.52420169895,2793788.2307686056,328016.3343213834,2793833.2454694184,51.88916618511634
807,328408.18692056794,2792823.922997251,328408.6221296798,2792808.9841474197,14.94518789638004
808,328216.2739684494,2793475.837425795,328206.1402725141,2793395.8710555304,80.60590652423545
809,327792.81777564855,2793437.9953917395,327782.9637093646,2793430.831416153,12.182986847850481
810,328371.91746306233,2792940.8808041667,328358.2107104137,2792901.6497558304,41.55659059321706
811,328411.96648309124,2792988.4518910125,328442.74778610887,2792970.236765035,35.76701594822437
812,328245.2321095057,2793305.4310469944,328229.103709019,2793369.855925528,66.5585014468857
813,328245.2321095057,2793305.4310469944,328184.49509362783,2793291.6789682116,315.0819847019659
814,328237.1263186708,2793344.6841775896,328147.21143733413,2793326.1625693664,91.80270075428295
815,328229.2774689514,2793301.822765909,328231.3986952846,2793343.5050821984,52.81341121217663
816,328371.526593243,2793312.6793666887,328337.06956606056,2793241.2526824153,79.30358093141162
817,328549.06861586554,2793074.71824072,328542.6592880236,2793096.8671204215,23.057587805469737
818,328542.6592880236,2793096.8671204215,328505.0716214455,2793120.1977963746,44.23972331757251
819,328542.6592880236,2793096.8671204215,328559.5111272477,2793092.554622588,17.394887835144573
820,328161.4254210626,2793264.132620097,328088.0104373326,2793354.7875386435,116.65365014742372
821,327792.09758132644,2793837.184796325,327791.6465687951,2793848.4459785293,11.270210155232675
822,328192.0373312145,2792904.235501424,328213.2297188835,2792896.577247934,22.533666848298246
823,328200.127890237,2792917.71456678,328132.1971701417,2792958.04889121,79.00278767178949
824,328242.6911392091,2792750.59199673,328294.3866807424,2792788.487735412,64.09770685986565
825,328073.2434369513,2793399.431912259,328047.5830735576,2793395.55948985,25.950913371466214
826,327929.84156247356,2793974.972172906,327935.99310025235,2793951.685106532,24.085864679303548
827,327853.1430387633,2793924.379421064,327886.71243782295,2793932.305062472,34.49232298568443
828,327910.4970537476,2793955.8979941104,327935.99310025235,2793951.685106532,25.84176482207397
829,329873.5446596982,2793295.7643892774,329819.1704803733,2793316.6991080577,74.52608284938255
830,329873.5446596982,2793295.7643892774,330058.53786133707,2793505.3176754443,280.03408588728854
831,329777.0060383218,2793169.3928927435,329906.9907960574,2793561.4720179364,428.52801126527464
832,330005.71141785616,2793452.1532775555,330000.31203295465,2793445.8069480197,86.48332376663623
833,330034.74294340576,2793486.252244212,330053.8805224356,2793510.715818727,31.05983594870696
834,329973.71705141617,2793480.516465799,329862.1860657564,2793615.819598365,175.34565857758707
835,329880.90623820823,2793292.2929902696,329935.96203536773,2793243.8209912046,73.7203799852741
836,329880.90623820823,2793292.2929902696,329901.27702559147,2793328.250975257,41.327299245790876
837,330058.53786133707,2793505.3176754443,329859.5358333121,2793726.290193451,402.61679699619606
838,330088.6065069728,2793462.4001714177,330057.8773364625,2793391.8091658116,128.41538269385734
839,329882.36032362795,2793056.223419679,329878.95695273514,2793081.225084715,25.23224500546929
840,329885.2986837638,2793090.3844307624,330172.042858258,2793446.762450545,457.8753429554971
841,329885.2986837638,2793090.3844307624,329867.8253167921,2793097.372878843,18.81905842228404
842,329604.7153416367,2793220.2835198278,329777.0060383218,2793169.3928927435,179.67885780798625
843,329604.7153416367,2793220.2835198278,329583.86438784166,2793248.651282096,35.34937160152792
844,329604.7153416367,2793220.2835198278,329591.2604874712,2793219.9323514625,13.459436089059057
845,329654.73801030195,2793205.8169503952,329647.13035375706,2793182.5491043255,24.479973423826372
846,329596.1054420336,2793229.4316938836,329627.3595526939,2793355.073253451,129.75649373171723
847,329591.2604874712,2793219.9323514625,329569.2741021924,2793202.1631717538,28.269150768135958
848,329591.2604874712,2793219.9323514625,329473.45448930014,2792900.529332519,341.31848649416287
849,329766.2849485004,2793039.615350194,329731.0827984814,2793020.494530485,40.05991902508908
850,329766.2849485004,2793039.615350194,329840.9097414542,2793119.446582934,109.37405555021307
851,329766.2849485004,2793039.615350194,329760.26765889575,2793055.444082821,16.93388764467585
852,329731.0827984814,2793020.494530485,329571.9917797154,2793084.402213869,172.1469385233298
853,329731.0827984814,2793020.494530485,329787.1662511905,2792960.7537377886,81.94092981997022
854,329655.0800055658,2793059.360540253,329674.7549939834,2793125.6033668793,69.10294709117984
855,330057.8773364625,2793391.8091658116,329837.18007888424,2793122.506732566,348.2220895299751
856,330057.8773364625,2793391.8091658116,330108.4861206955,2793355.0478598257,62.55112036834612
857,329955.553145159,2793632.071127098,329987.2015716911,2793658.770168113,41.406058651830875
858,329859.5358333121,2793726.290193451,329697.9590112939,2793193.673976387,556.9511412766117
859,329859.5358333121,2793726.290193451,329751.38958592585,2793762.070796566,113.91164287725948
860,329840.2424961257,2793680.6475758245,329860.0434539701,2793675.346851228,20.49818559791705
861,329751.38958592585,2793762.070796566,329852.1176623036,2793864.571364237,143.70981784006412
862,329751.38958592585,2793762.070796566,329704.83853833127,2793584.022938936,185.055934163736
863,329232.34332248033,2794213.523029123,329194.94531447743,2794230.1583812563,63.19903330909669
864,329354.5945800132,2793240.80711862,329340.23090493237,2793143.6673150477,98.55045565252951
865,329536.8096310826,2793194.8065232714,329234.4457779082,2793277.385610728,432.7884847699013
866,329344.79156459385,2793202.4898225483,329219.4702044112,2793235.5886936975,129.6345337238664
867,329236.05018124275,2793230.4939274127,329214.57310198975,2793220.3849058477,23.737254479832472
868,329225.4777535272,2793254.157282634,329238.84280378954,2793292.086124716,40.2434313314435
869,329635.4598658658,2794038.0567434994,329668.2721347236,2794117.1729402132,85.67441855325139
870,329638.33823754225,2794046.6170727657,329485.03855366417,2794118.1751951324,169.1784795822527
871,329638.33823754225,2794046.6170727657,329777.48760571587,2794025.721723142,140.70949612236868
872,328740.8275812384,2792361.062927707,328799.07168691716,2792433.153368676,92.88844504550636
873,328749.18703947007,2792356.0052113477,328766.2126962018,2792365.3501545503,19.42166189094718
874,328451.8496331518,2792535.082999838,328462.3946005308,2792512.482856304,24.939182520439573
875,328451.8496331518,2792535.082999838,328384.3717636403,2792612.123054423,102.4130503609943
876,328453.1292988709,2792534.2913059294,328475.23913757585,2792579.0768314335,49.945853303656804
877,328384.3717636403,2792612.123054423,328382.5823395874,2792660.1030061473,48.01330863331453
878,328384.3717636403,2792612.123054423,328351.02774523955,2792599.1525722276,35.77788383188751
879,328657.3702140604,2792932.4211580837,328640.8368372116,2792951.5520163355,25.285218754749803
880,328657.3702140604,2792932.4211580837,328655.8734187193,2792928.7954130284,11.5991482234386
881,328670.9475070535,2792908.996214741,328655.8734187193,2792928.7954130284,24.88446085285418
882,328626.09358173376,2792959.282983611,328640.8368372116,2792951.5520163355,123.16187473577057
883,328713.548676749,2793252.0890861643,328608.0478124927,2792926.631719186,352.92582696287343
884,328640.8368372116,2792951.5520163355,328632.4359750538,2792933.423836823,19.980124559927766
885,328545.8548274555,2792950.728199613,328655.8734187193,2792928.7954130284,148.97131301605077
886,328693.82705184957,2793258.110545854,328579.5092529308,2792985.098108095,296.06235550752496
887,328564.40582200163,2793020.850306873,328579.5092529308,2792985.098108095,38.81151044858942
888,328470.1220385318,2792585.544863729,328448.25509695616,2792564.685030721,90.32336229799252
889,329215.97779169865,2792885.542821906,329195.0010137949,2792883.979769343,21.03493153155822
890,329227.9560996966,2792882.2343534827,329233.4302068256,2792955.1144903954,234.44566437903023
891,327980.0605056661,2791962.9041321925,328010.59115690005,2791985.0712080393,37.72929785152084
892,328043.3215924995,2792082.829831336,328055.67004564684,2792044.375773004,40.38810341376765
893,328010.59115690005,2791985.0712080393,328294.496141101,2791827.579811103,324.66226003015066
894,328010.59115690005,2791985.0712080393,328025.4300182793,2791989.55761249,15.502246028463427
895,328051.1559542933,2791996.7970963363,328051.1559542933,2791996.7970963363,117.69253486762767
896,328044.04073791904,2791983.2059907853,328025.4300182793,2791989.55761249,19.664739606418447
897,328073.07568615174,2792034.383709612,328055.67004564684,2792044.375773004,20.069819436527368
898,328025.4300182793,2791989.55761249,328055.67004564684,2792044.375773004,62.60612008260849
899,328144.34846336,2792247.3198266085,328173.30106682645,2792225.4273234215,36.29786416969314
900,329018.2101703122,2793896.48140942,329008.802333963,2793901.419348133,10.624999929740753
901,328969.33061505447,2793829.024483954,329142.97551902523,2794114.9157610787,389.3441072535146
902,329069.4110387365,2793985.8216548567,329058.2683354351,2793993.783662871,13.695014000876933
903,329888.8053594304,2793187.3619652633,329876.1860465006,2793197.3690681225,16.105563214463142
904,329876.1860465006,2793197.3690681225,329791.67170753796,2793225.1304134484,88.95710081042371
905,329876.1860465006,2793197.3690681225,329880.6516678102,2793178.325110586,19.56052382570607
906,329784.8260947296,2793202.351430398,329770.7595598614,2793171.8089734297,33.62601791551019
907,330015.97045907634,2791968.8070648233,330019.46230186976,2791954.8048832268,14.4310102057263
908,330170.24688575184,2791957.6310868426,330165.3479369366,2791955.06707264,97.03685635283142
909,329501.4053876824,2792049.8797141495,329508.215681763,2792023.394887026,27.346410609637093
910,329501.4053876824,2792049.8797141495,329520.97798518377,2792019.866379139,35.8313668648595
911,329501.8151026312,2792057.6070413482,329469.92892304726,2792074.7699246127,140.5003750526554
912,329508.215681763,2792023.394887026,329497.83802442416,2791938.678740166,85.89583338859063
913,329508.215681763,2792023.394887026,329564.6813395501,2791996.118447257,62.98101426058
914,329469.92892304726,2792074.7699246127,329476.61253430555,2792087.01559179,13.950878971157222
915,329469.92892304726,2792074.7699246127,329488.5952128752,2792059.202674336,24.30575358069717
916,329443.3428352292,2792077.5421462115,329419.6651217128,2792083.2245266708,24.350021869572803
917,329476.61253430555,2792087.01559179,329443.91591266345,2792199.759260781,117.45395091100464
918,329458.45105082216,2792142.6347953347,329384.23460979364,2792143.7254076903,74.22445388313619
919,329497.8545847947,2792283.0734385774,329512.6118787923,2792276.3625178863,16.211544733670426
920,329497.8545847947,2792283.0734385774,329513.33786985977,2792290.799170737,17.303729476917077
921,329472.8868165964,2792295.0975839593,329481.65945913317,2792294.8208606523,25.424000640576377
922,329481.65945913317,2792294.8208606523,329472.21010650496,2792366.9252418773,72.7209189775721
923,329472.21010650496,2792366.9252418773,329459.3504916897,2792350.7139239945,20.69243050244721
924,329461.97166703595,2792354.026465649,329452.89616653905,2792363.0476202974,12.79632527187224
925,329480.21411560517,2792399.2055726484,329418.2158819164,2792451.8324219207,81.32260598907634
926,329647.23447736254,2791961.6454587225,329596.22590499866,2791991.013038783,58.858552806665
927,329647.23447736254,2791961.6454587225,329651.0763096183,2792056.3255527294,94.75800692418505
928,329647.23447736254,2791961.6454587225,329665.79578712815,2792005.7572795204,47.85786199070503
929,329651.0763096183,2792056.3255527294,329665.79578712815,2792005.7572795204,52.66700365035528
930,329651.0763096183,2792056.3255527294,329599.86144810234,2792058.0781416036,51.24483982886837
931,329665.79578712815,2792005.7572795204,329684.0312460951,2792005.572083005,18.23639935633398
932,329613.5321487483,2791981.046446322,329617.79924277565,2792057.464554823,76.53715044545301
933,329596.22590499866,2791991.013038783,329581.32743164035,2792037.7506488473,49.054752093394924
934,329599.86144810234,2792058.0781416036,329581.32743164035,2792037.7506488473,27.508484654206015
935,329581.32743164035,2792037.7506488473,329567.9413353263,2792038.1518648644,13.392107706469975
936,329684.0312460951,2792005.572083005,329677.50396207004,2791928.074623145,77.87391040257944
937,329684.0312460951,2792005.572083005,329644.5824713389,2792068.748253043,74.48110022268474
938,329682.1803917529,2791960.1864354387,329667.73357992584,2791933.9581772904,29.943812340128492
939,329644.5824713389,2792068.748253043,329567.9413353263,2792038.1518648644,82.52274049538897
940,329644.5824713389,2792068.748253043,329646.9471852571,2792138.1335913455,69.42566353408087
941,329567.9413353263,2792038.1518648644,329564.6813395501,2791996.118447257,42.17124746858763
942,329567.3831289138,2792025.0313930213,329556.44690711546,2792000.7420025254,26.637857231560535
943,329602.49786883703,2792181.8311863337,329681.11522788525,2792178.98034347,266.74414611052356
944,330037.93186523195,2793020.8121537855,330010.3588700036,2793033.898372837,30.540280994941703
945,330037.93186523195,2793020.8121537855,330122.04387647985,2793041.911698636,91.72260806284554
946,330015.90307019465,2793031.7127961866,330088.1938651047,2793054.1903427993,75.70468367580824
947,330122.04387647985,2793041.911698636,330088.1938651047,2793054.1903427993,36.00817091416014
948,329117.6454716275,2792346.627742096,329228.0236629187,2792728.7465504585,484.6108223635031
949,329117.6454716275,2792346.627742096,329097.8702646266,2792309.4335435303,42.12442544252219
950,329118.09769024234,2792348.1286514727,329108.93955887365,2792359.366713885,14.497083049805415
951,329190.8349701696,2792331.31321288,329119.770422466,2792353.724119029,74.51455330833075
952,329210.19068108517,2792395.9643200245,329212.04218207113,2792402.1557564526,89.69238830859345
953,329158.51772226265,2792414.8068667627,329113.59590666916,2792428.8783227243,47.07424900724719
954,329158.51772226265,2792414.8068667627,329153.7097435418,2792398.704641043,59.66986403271896
955,329174.6145224138,2792537.359944064,329192.61372201797,2792532.0810977994,75.30027315047536
956,329120.2752501981,2792355.401613528,329062.69464613014,2792374.795487977,60.768403594827646
957,329113.59590666916,2792428.8783227243,329109.1666396711,2792413.2476842147,63.633118549919175
958,329192.61372201797,2792532.0810977994,329187.61105577776,2792514.9178245394,65.82499917789693
959,329209.6268991664,2792654.6226349706,329228.8331683334,2792648.3980292645,73.88024495583417
960,329147.5010127046,2792545.368333442,329143.0853799992,2792530.812089619,62.55926492799304
961,329228.8331683334,2792648.3980292645,329236.0995297559,2792673.287403843,66.14807575803356
962,329219.83161311154,2792688.7915841565,329233.745018231,2792727.023698065,40.6851001710827
963,329184.057323123,2792662.7998049287,329178.5301343099,2792644.790144013,67.24654886119644
964,329219.26078958286,2792731.3718898837,329224.9094479216,2792753.423532878,22.763617897433377
965,329267.24108754465,2792717.0184014738,329150.44374737743,2792752.0705481754,140.23915863106288
966,329224.9094479216,2792753.423532878,329263.5338290479,2792741.813634438,67.95697674642997
967,329179.6326429408,2792743.28261911,329147.89293800766,2792709.6515032095,46.243494958159836
968,329263.5338290479,2792741.813634438,329279.28323091345,2792787.422777401,48.251885382476345
969,329279.28323091345,2792787.422777401,329313.1686883293,2792796.3118862943,35.031992252796506
970,329279.28323091345,2792787.422777401,329268.66416290705,2792809.8237425736,24.790478938445133
971,329313.1686883293,2792796.3118862943,329319.01646555116,2792814.9933074974,19.575290898539777
972,329313.1686883293,2792796.3118862943,329268.66416290705,2792809.8237425736,46.51046165296355
973,329268.66416290705,2792809.8237425736,329274.5560585492,2792829.6013227683,20.636547982002597
974,329274.5560585492,2792829.6013227683,329303.2699640221,2792840.671579361,30.77399792900553
975,329319.01646555116,2792814.9933074974,329303.2699640221,2792840.671579361,30.121851807388964
976,329324.35330478405,2792857.0670161746,329310.3369620533,2792897.6899520755,42.974306658471825
977,329213.0081051226,2792961.5649556257,329364.9691710195,2792911.5019604173,193.26934367677922
978,329273.6669565834,2792941.9776047696,329292.11560279515,2792969.1630611666,32.854247618240514
979,329273.6669565834,2792941.9776047696,329269.28610225185,2792891.8380665346,50.330559097791735
980,329273.8739078833,2793027.032574879,329299.1065926829,2793041.713877636,191.20951324745215
981,329240.9239011989,2793049.1061409884,329275.18673004425,2793063.994676232,37.357862923110176
982,329299.1065926829,2793041.713877636,329291.13637481735,2793022.5053437836,48.65979692895202
983,329375.8386846337,2793002.4156414145,329329.55404549534,2792975.403995233,53.5900816345352
984,329331.9535852773,2793010.668509473,329324.34578249214,2792981.850684155,29.805129076972705
985,329281.50608304155,2793025.0418998497,329315.7495066889,2792978.502780498,57.779768891199595
986,330030.6529896166,2793677.8875511773,329800.2586801237,2793920.259840461,334.4089316577772
987,328899.5153677595,2793595.959850504,328879.42332202126,2793590.1875580773,20.904776052569655
988,328928.7456373236,2793648.74289843,328924.1793731303,2793673.25007171,24.928945241370247
989,328878.0052995672,2793897.723151507,328830.3733955763,2793819.8485289738,91.286664483198
990,328878.0052995672,2793897.723151507,328990.22788693546,2793865.838670025,116.66417305664149
991,329718.6178154051,2793575.762446684,329800.8020014623,2793547.9633260323,118.6972695397818
992,329718.6178154051,2793575.762446684,329705.58146121335,2793576.6134302504,13.064099802226957
993,329745.95094403916,2793567.741227265,329754.48313336854,2793595.6502657863,29.184117014888123
994,329704.83853833127,2793584.022938936,329691.8841686724,2793610.585118116,29.55275039725421
995,329705.58146121335,2793576.6134302504,329635.1466501795,2793382.9916209253,206.48488492606015
996,329705.58146121335,2793576.6134302504,329677.36323048885,2793560.750470194,32.37131518756446
997,329708.7257616116,2793632.6953667793,329693.5648059557,2793616.0365237724,22.524911248002123
998,330187.9357251108,2793541.811943023,329987.5002724199,2793771.4856817243,304.8350323444418
999,329620.60482558736,2793371.5206588097,329635.1466501795,2793382.9916209253,18.521545138726147
1000,329616.5939383764,2793357.8454468646,329627.3595526939,2793355.073253451,11.116811951095823
1001,329635.1466501795,2793382.9916209253,329651.7311297995,2793383.059687121,16.584619298391218
1002,329674.9066276124,2793511.2845645905,329708.23406611336,2793500.8281590026,34.92927962117222
1003,329651.7311297995,2793383.059687121,329824.0283403576,2793332.84519607,179.47237609499592
1004,329715.05793920084,2793258.59775477,329647.72662612644,2793299.492814856,78.77760887315742
1005,329627.3595526939,2793355.073253451,329594.0613590906,2793347.084467219,34.24310737503676
1006,329587.77967211907,2793261.131259126,329602.0666696448,2793269.957744524,16.79360422234592
1007,329616.89646029193,2793320.2758786995,329688.9367559511,2793298.9073880217,75.14264163912298
1008,329552.8122557552,2793106.301510024,329571.9917797154,2793084.402213869,29.110707848031613
1009,329561.1123032173,2793132.5295154336,329588.3675177259,2793136.650590193,27.565013605721703
1010,329571.9917797154,2793084.402213869,329543.17772566166,2793078.9160480844,29.331684677664146
1011,329465.52932704624,2792877.686533269,329493.0915728807,2792889.3366746004,29.923288396818386
1012,329514.75779292686,2792985.5868955865,329540.11099800013,2792977.8672455004,26.50241507746202
1013,329453.86666732066,2792840.5004296284,329456.2024188633,2792791.6055816137,48.9506067137985
1014,329493.0915728807,2792889.3366746004,329402.9438890399,2792614.285561811,289.6068738145201
1015,329493.0915728807,2792889.3366746004,329648.34436797415,2792808.50494524,175.0559676926457
1016,329576.18945998687,2792703.407651474,329648.34436797415,2792808.50494524,238.39545116143626
1017,329618.1831923633,2792756.097770303,329634.1142676465,2792757.824729076,16.02440470917036
1018,329648.34436797415,2792808.50494524,329657.8667881905,2792786.9822185594,23.535170501727006
1019,329590.0654040711,2792840.335060165,329604.27110963594,2792891.469749028,53.19836896306593
1020,329402.9438890399,2792614.285561811,329401.60132519365,2792562.1468991926,52.155945177284664
1021,329402.9438890399,2792614.285561811,329420.8261149699,2792613.317864255,17.908390289789562
1022,329401.60132519365,2792562.1468991926,329456.0449090225,2792584.8795850067,58.99897307966537
1023,329401.60132519365,2792562.1468991926,329346.2579995545,2792496.8527064673,85.5933133863412
1024,329456.0449090225,2792584.8795850067,329576.18945998687,2792703.407651474,168.77089697823547
1025,329456.0449090225,2792584.8795850067,329441.20740410464,2792601.9828415676,22.642282066402917
1026,329346.2579995545,2792496.8527064673,329413.91796414705,2792446.591286902,84.28572469830402
1027,329346.2579995545,2792496.8527064673,329338.34806163446,2792527.9710994763,32.10796632248013
1028,329456.2024188633,2792791.6055816137,329583.3724480317,2792712.9329354535,149.53796030619483
1029,329576.18945998687,2792703.407651474,329588.94776759006,2792703.6125208456,12.759952365000379
1030,329420.8261149699,2792613.317864255,329441.20740410464,2792601.9828415676,23.321228229201903
1031,329338.34806163446,2792527.9710994763,329328.58765892655,2792525.01450823,10.198376969769654
1032,329220.29532313335,2793178.8473405815,329208.82687803113,2793202.566331509,26.346076817704272
1033,328872.1545460236,2792743.246752729,328900.574614267,2792724.6638100646,33.95623708593615
1034,328872.1545460236,2792743.246752729,328874.4621971651,2792726.5450078985,16.86041322687331
1035,328902.61661832576,2792728.382386126,329040.6044010583,2792650.3985272925,158.49955969027323
1036,329893.61962309945,2791938.639048671,329881.32467273856,2791843.888017958,128.22444060381662
1037,329880.2699799269,2791856.1757439114,329861.98274195264,2791846.6458708467,20.62138582530012
1038,328697.7164557943,2791957.8003807133,328671.19903163787,2791939.746394915,37.50829079923711
1039,328671.19903163787,2791939.746394915,328678.95084940054,2791927.2629351425,14.694470254058412
1040,328671.19903163787,2791939.746394915,328659.01671957015,2791980.324652324,42.36748401380605
1041,328739.188656745,2791973.604627948,328678.95084940054,2791927.2629351425,82.08068544389366
1042,328678.95084940054,2791927.2629351425,328765.4402226013,2791887.040477277,95.38478806087335
1043,330259.6089318164,2793049.6676365915,330265.5458612131,2793059.507983158,11.4925867935954
1044,330282.89446817874,2793054.604301853,330270.12316759443,2793065.3772986224,16.763896733115814
1045,330265.5458612131,2793059.507983158,330273.8115974356,2793061.43155081,208.45103858868862
1046,330267.71312873624,2793069.229460671,330218.0845724118,2793225.14422661,164.14769712830503
1047,330126.9575787653,2793190.894001625,330087.1564634566,2793228.2727255668,54.60126173753294
1048,330126.9575787653,2793190.894001625,330190.0606050382,2793249.6350665153,86.56763224556809
1049,330087.1564634566,2793228.2727255668,330034.9037998188,2793193.579146592,62.72148977280901
1050,330087.1564634566,2793228.2727255668,330085.0687804795,2793247.3531938875,19.19434009160225
1051,330168.4232326244,2793224.2832079553,330191.99949985516,2793202.6398262563,32.00431764470206
1052,330218.0845724118,2793225.14422661,330208.6661577006,2793248.5706488653,25.325259245115095
1053,330218.0845724118,2793225.14422661,330279.099812128,2793249.2265404863,65.59586360356931
1054,330213.265574763,2793234.532426029,330203.5524897265,2793244.1149995537,13.644403111970519
1055,330248.44035297557,2793237.1263273084,330244.8123666969,2793255.5170917897,18.74519945607794
1056,330208.9666973267,2793273.3152216272,330063.57573887886,2793242.3278970346,364.14924841738224
1057,330208.6661577006,2793248.5706488653,330192.1856828174,2793253.585405385,17.22654449759711
1058,330192.1856828174,2793253.585405385,330191.3534391164,2793265.139173994,11.583704012177478
1059,329876.34122160333,2793049.4861112894,329856.83225704764,2793045.23378468,19.967022302524036
1060,329878.95695273514,2793081.225084715,329867.8253167921,2793097.372878843,19.61286756101588
1061,329999.7226379914,2793220.1543827364,329950.71416602714,2793261.615207261,64.19369357285922
1062,329867.8253167921,2793097.372878843,329777.0060383218,2793169.3928927435,115.96360948392024
1063,330130.7159954172,2793545.4994226047,330167.0991442377,2793494.3493495383,62.76992506596739
1064,330130.7159954172,2793545.4994226047,330062.3652679266,2793571.7822203357,73.22982592540176
1065,330170.159590279,2793135.4819716965,330168.5928678928,2793146.313811432,10.94455897208601
1066,329908.0840484962,2793371.214713945,329932.30806160986,2793401.939747271,167.56092740969268
1067,329908.0840484962,2793371.214713945,329908.8898839839,2793409.65652852,38.450259799415434
1068,329932.30806160986,2793401.939747271,329955.7980783756,2793393.524187608,74.26158895721662
1069,329864.9381292957,2793323.6121104,329870.9899934252,2793420.2696297728,295.5844990931705
1070,329908.8898839839,2793409.65652852,329935.9763199572,2793492.5564653333,87.21281177327315
1071,329870.9899934252,2793420.2696297728,329852.17873590987,2793426.5881199576,19.84406025802756
1072,329870.9899934252,2793420.2696297728,329922.57360753673,2793508.345066904,102.06934834064214
1073,329922.57360753673,2793508.345066904,329953.2180150038,2793471.9892807263,47.54941123779527
1074,329857.2367009064,2793443.42961741,329843.73403128155,2793447.266324074,14.03717938275024
1075,329946.0536283667,2793480.7202457394,329962.9002283785,2793493.635937218,21.227883039278506
1076,329911.972263208,2793555.4161364813,329878.277819291,2793513.466333226,53.806147827661114
1077,329622.18285565067,2792970.4745104364,329649.7696842798,2793060.911874191,94.5513086024119
1078,329622.18285565067,2792970.4745104364,329594.7669806591,2792978.419390755,76.14747561642801
1079,329632.30312376295,2793003.6366545153,329730.1222201092,2792975.3967398526,101.81405816932724
1080,329730.1222201092,2792975.3967398526,329754.0420869135,2792959.453462087,28.74627165116759
1081,329730.1222201092,2792975.3967398526,329742.4378563445,2792987.6823977428,17.395754817585647
1082,329684.9667000538,2792988.394768324,329629.62499381474,2792897.3873779923,106.9134590734495
1083,329669.9385221944,2792992.7382594477,329688.3170002827,2793013.621660106,27.81878645611177
1084,329614.33408401906,2793071.2619626983,329620.5824556049,2793090.592044045,20.317863118390086
1085,329566.3664709951,2793192.8942227056,329573.5392852619,2793176.84033881,17.58341413501365
1086,329569.31402247533,2793302.884553268,329499.28747790493,2793335.328549366,77.17726237221777
1087,329554.17524513457,2793252.8473042874,329558.42937511054,2793225.8518113424,27.328634455344787
1088,329499.28747790493,2793335.328549366,329436.92386663344,2793134.90356607,571.7687589010183
1089,329478.28620723175,2793267.828661951,329551.6086944055,2793244.2609007303,77.01705326935917
1090,329612.80130320735,2793489.4564767145,329600.5477565409,2793371.7179397894,119.32947072604443
1091,329530.8005390167,2793515.0277315313,329498.0480642107,2793522.331161082,33.55688735742912
1092,329660.803511322,2793078.6196992667,329731.0574880908,2793057.7060717703,134.73826013099634
1093,329620.5824556049,2793090.592044045,329572.08497562376,2793105.39399281,50.70604748705672
1094,329620.5824556049,2793090.592044045,329621.30175238894,2793078.906695703,11.707465726681738
1095,329583.09208486637,2793120.9751062975,329590.72733707074,2793143.2233940284,23.52296460008283
1096,329590.72733707074,2793143.2233940284,329647.13035375706,2793182.5491043255,68.75908508472757
1097,329784.55470273667,2793143.15366847,329647.13035375706,2793182.5491043255,154.53019341213084
1098,329784.55470273667,2793143.15366847,329776.1179015981,2793145.253887998,182.2078241921249
1099,329790.3319771151,2793142.682160546,329800.66288060206,2793152.5888944115,14.313313478612399
1100,329790.3319771151,2793142.682160546,329805.61673094693,2793127.512297684,21.53481922280388
1101,329696.44668158353,2793167.183196329,329704.1434595087,2793191.9344036393,25.92031353483497
1102,329834.82665349764,2793124.441764409,329815.35639622004,2793095.2301433105,35.105693636063535
1103,329690.76075235894,2793195.7143465383,329706.7394281933,2793230.8743698453,38.620529778421776
1104,329733.3421144559,2791862.07797835,329747.93370919663,2791914.238190806,54.3723895961779
1105,329733.3421144559,2791862.07797835,329613.78611831705,2791876.366692522,165.364301448699
1106,329738.50967773737,2791873.1685622125,329722.00517587503,2791901.226423921,32.552145634060345
1107,329613.78611831705,2791876.366692522,329497.83802442416,2791938.678740166,131.64047783843202
1108,329613.78611831705,2791876.366692522,329619.90114147426,2791889.0737836943,14.101903214547809
1109,328842.2883569263,2792611.6731802286,329004.3672882224,2792522.4502051556,185.01437579538847
1110,328651.5090423224,2792721.0361627513,328843.0919331906,2792613.0699346173,236.22421131538175
1111,328797.3277453858,2792639.3280140897,328760.3494373982,2792613.8178060693,44.924002213450976
1112,328594.4757979617,2792971.1383480546,328537.90601061797,2793116.1257768446,155.63256518877472
1113,328010.9324091554,2791604.3553048437,327974.6752561704,2791568.535135592,88.13039471478679
1114,328010.9324091554,2791604.3553048437,327983.4382134364,2791718.1005917056,117.29410565594449
1115,328000.5028503201,2791659.8342427267,327965.6698516141,2791671.0448943325,36.592574496446105
1116,328020.8786237058,2791620.2700761375,327997.93475903047,2791743.9943140964,126.25848532619425
1117,327999.1157490378,2791729.0902776606,327983.4382134364,2791718.1005917056,19.14571283403466
1118,327983.4382134364,2791718.1005917056,327961.24659813766,2791748.7589312973,37.850056401443204
1119,327966.77654032514,2791741.4656884745,327982.54600543773,2791752.553889481,19.277557716054524
1120,327969.29886973643,2791757.574489593,327971.46258293034,2791761.3246362093,104.72062386922569
1121,327961.24659813766,2791748.7589312973,327926.5618230781,2791767.644977143,39.49324434152006
1122,327961.24659813766,2791748.7589312973,327971.46258293034,2791761.3246362093,16.26914123121582
1123,328000.5231582996,2791742.3107763254,328020.06810058997,2791715.0871283957,33.51315824769132
1124,327887.0121299331,2791761.3237175127,327892.1846741869,2791771.095340519,74.60154143313913
1125,327920.67697362695,2791794.5732349213,327920.67697362695,2791794.5732349213,75.66960795203937
1126,327920.67697362695,2791794.5732349213,328028.53684522386,2791950.9661791855,191.1237218234661
1127,327957.70444600016,2791761.023154156,327951.0607725361,2791801.1883502696,40.71094909178074
1128,330108.4861206955,2793355.0478598257,330119.22990538797,2793355.3449580735,10.747891741517423
1129,330172.042858258,2793446.762450545,330167.0991442377,2793494.3493495383,47.843006428389806
1130,328710.297375006,2792232.101323331,328717.8427438857,2792245.5100326263,20.085969319386898
1131,328713.1761330095,2792237.4377679536,328776.26727953774,2792339.776500132,120.22357869451518
1132,328672.53514228633,2792266.5338018253,328769.9841793795,2792232.6199062523,149.37674196844154
1133,328712.0617391439,2792235.369188983,328381.88597039203,2792384.365976883,602.0697122159215
1134,328816.1994336817,2791833.2677741856,328897.6058313696,2791939.2638517646,133.64942965329726
1135,328816.1994336817,2791833.2677741856,328427.4674658086,2791857.299951506,492.9200934744528
1136,328812.31880231586,2791838.7451278474,328798.6484524469,2791840.5908402093,691.2977788601146
1137,328897.6058313696,2791939.2638517646,328907.81479431724,2791985.629558374,47.58084191641203
1138,328427.4674658086,2791857.299951506,328130.5944540265,2792034.6833631354,346.17511474284834
1139,328427.4674658086,2791857.299951506,328415.85440773715,2791835.434946139,24.75953607245795
1140,328867.99544856173,2791836.755946087,328952.88727671327,2791997.72207163,191.4177400896305
1141,328600.44053795276,2792301.467704716,328584.31896276475,2792318.964868298,73.68523413792491
1142,328570.9240713832,2792340.127602129,328498.8724138964,2792406.2243204275,97.77636481512852
1143,328584.31896276475,2792318.964868298,328613.76132813224,2792304.67780657,32.73360708308367
1144,328584.31896276475,2792318.964868298,328614.3097882217,2792328.8876279653,31.589725719128506
1145,328498.8724138964,2792406.2243204275,328481.4147483194,2792373.1447522338,37.449648083121765
1146,328498.8724138964,2792406.2243204275,328301.38019937766,2792458.2814463675,205.4506444538316
1147,328613.76132813224,2792304.67780657,328628.6771073601,2792291.4167158874,19.958381599521505
1148,328614.3097882217,2792328.8876279653,328597.6312456154,2792367.6396669797,42.188793668944534
1149,328646.0974893931,2792281.7907838644,328672.53514228633,2792266.5338018253,30.52417061032405
1150,328489.47256158886,2792390.402039641,328366.2598331077,2792413.090372876,125.28422456455775
1151,328367.86167494225,2792429.7537248353,328368.0663485282,2792394.2567860587,35.66019595255423
1152,328367.86167494225,2792429.7537248353,328317.18048096355,2792419.473645912,51.713281135280305
1153,328366.2598331077,2792413.090372876,328305.9419821142,2792378.671450549,69.44714078076441
1154,328317.18048096355,2792419.473645912,328149.0405796906,2792175.651113665,297.8399907901625
1155,328317.18048096355,2792419.473645912,328301.38019937766,2792458.2814463675,41.90100564886486
1156,328301.38019937766,2792458.2814463675,328306.7736041378,2792498.205088284,40.28630038577708
1157,328135.67602691415,2792029.378866522,328114.3818042283,2792041.0265660016,24.27164648224671
1158,328273.30601940997,2791952.2893251292,328244.13681643136,2792027.835714532,80.98438504401226
1159,328278.99603289604,2791951.253327657,328295.8977402082,2791953.143723162,17.007095731796753
1160,328278.99603289604,2791951.253327657,328459.91400459874,2791847.0291308477,208.79499856780785
1161,328258.22170852334,2791961.010903067,328173.88639685523,2792178.6812077565,233.45276237359346
1162,328769.9841793795,2792232.6199062523,328908.3488225172,2792145.823191025,186.23625769803
1163,328202.22633144225,2792105.338601595,328184.60998791887,2792097.9404942854,19.10674098045994
1164,328241.9712459493,2792004.876067225,328410.6225200654,2792107.0482933037,197.20303965711122
1165,328184.60998791887,2792097.9404942854,328153.69164560875,2792180.089774775,87.7753515990172
1166,328184.60998791887,2792097.9404942854,328164.2954332335,2792023.265885227,247.2578916514292
1167,328164.2954332335,2792023.265885227,328139.63620980317,2792050.8201699187,36.977234956984084
1168,328164.2954332335,2792023.265885227,328189.96152251057,2792009.1366530186,29.29817983379236
1169,328248.1527869713,2791989.3768501244,328244.12088681996,2791968.6232820405,21.14158951088467
1170,328908.3488225172,2792145.823191025,328881.65238564316,2792127.1064114994,32.60395052797201
1171,328908.3488225172,2792145.823191025,328952.88727671327,2791997.72207163,154.65321033910536
1172,328952.88727671327,2791997.72207163,328918.6670558774,2791999.195970039,34.251948557831774
1173,328914.54580341885,2791962.5241784584,328860.57908495504,2791970.606692534,54.66993417864993
1174,328918.6670558774,2791999.195970039,328881.65238564316,2792127.1064114994,133.15842762357408
1175,328672.53514228633,2792266.5338018253,328498.9368402652,2792162.471517502,202.51347680408992
1176,328368.0663485282,2792394.2567860587,328305.9419821142,2792378.671450549,64.04950886066696
1177,328305.9419821142,2792378.671450549,328314.4689976735,2792370.1549489563,12.051588846389688
1178,328813.8577093005,2792173.8825955424,328381.7126373257,2792379.438406057,558.4231247591249
1179,328498.9368402652,2792162.471517502,328509.46034735336,2792142.120578014,22.916785449008003
1180,328498.9368402652,2792162.471517502,328467.4729316749,2792192.9695790457,43.81905181203053
1181,328510.5497566357,2792169.2481727246,328507.341810875,2792146.689455887,22.785667016147862
1182,328467.4729316749,2792192.9695790457,328522.7313217935,2792176.372131226,89.16331945579161
1183,328467.4729316749,2792192.9695790457,328483.7716347586,2792151.2864889726,44.75631486449136
1184,328314.4689976735,2792370.1549489563,328419.52731469035,2792191.88246888,206.95009155532148
1185,328419.52731469035,2792191.88246888,328453.55374025344,2792200.590526799,35.12303957976959
1186,328419.52731469035,2792191.88246888,328399.91030546126,2792169.720162095,29.597210901226553
1187,328383.76018682827,2792253.2879022635,328561.2333060181,2792224.195978197,179.8417306435674
1188,328383.76018682827,2792253.2879022635,328318.162100775,2792174.41283139,102.58842868070236
1189,328399.91030546126,2792169.720162095,328397.4681672395,2792151.1509519503,136.20893997906754
1190,328580.8854878347,2792210.1879900466,328561.2333060181,2792224.195978197,24.133627621409946
1191,328531.9131531478,2792182.138266367,328503.7839355512,2792211.00981608,40.309046942655876
1192,328614.081002077,2792231.2701459345,328561.2333060181,2792224.195978197,53.31906627006184
1193,328267.24392447644,2792126.4812942874,328312.2377065623,2792140.2897955524,47.06500965232224
1194,328267.24392447644,2792126.4812942874,328307.0233602404,2792043.7989419624,92.43625606334793
1195,328267.24392447644,2792126.4812942874,328228.8293145963,2792164.235705309,53.869853781102734
1196,328312.2377065623,2792140.2897955524,328323.2995621623,2792073.4369417103,67.76185295685632
1197,328312.2377065623,2792140.2897955524,328318.162100775,2792174.41283139,34.63351009571934
1198,328323.2995621623,2792073.4369417103,328331.56719157635,2792058.7532397555,16.85125512312868
1199,328318.162100775,2792174.41283139,328292.0837610784,2792176.682384271,26.176911040285965
1200,328331.56719157635,2792058.7532397555,328449.1168192781,2791976.1707248953,143.65857695750677
1201,328387.4037270219,2792093.273498128,328501.9546100612,2791975.2240910335,164.4918457568627
1202,328449.1168192781,2791976.1707248953,328454.75022483023,2791960.3351465375,16.80776011373351
1203,328449.1168192781,2791976.1707248953,328493.7426973283,2791972.060111859,44.81479812839561
1204,328522.7313217935,2792176.372131226,328534.8937097477,2791976.0142311347,200.72670925863952
1205,328397.4681672395,2792151.1509519503,328426.93123905954,2792117.0223111124,45.08699065716765
1206,328397.4681672395,2792151.1509519503,328410.6225200654,2792107.0482933037,46.0226194166597
1207,328424.8348064154,2792087.5699958773,328442.45233337884,2792077.586813246,158.0978247361621
1208,328424.8348064154,2792087.5699958773,328410.6225200654,2792107.0482933037,24.11209559381126
1209,328442.45233337884,2792077.586813246,328490.1821164157,2792077.5135650435,47.72983924176918
1210,328505.4351032481,2792049.503098265,328467.69280897896,2792116.5166510744,76.91652196685462
1211,328505.4351032481,2792049.503098265,328511.6176434541,2792119.936995208,114.9931406653369
1212,328467.69280897896,2792116.5166510744,328448.6614159602,2792130.217821192,23.450287478550866
1213,328467.69280897896,2792116.5166510744,328463.8454569534,2792138.9099969054,22.72144482892061
1214,328490.1821164157,2792077.5135650435,328511.6176434541,2792119.936995208,47.53135014202188
1215,328483.7716347586,2792151.2864889726,328426.93123905954,2792117.0223111124,66.3758211253909
1216,328501.9546100612,2791975.2240910335,328589.51965929585,2791973.051222706,87.89137042401846
1217,328244.13681643136,2792027.835714532,328297.6238617587,2792362.3592005624,338.77252947029643
1218,328335.06204956694,2792334.2442357615,328238.9461067899,2792253.175528388,157.15957910489342
1219,328323.51382853894,2792353.2125003,328300.43671585177,2792357.7260803,23.514368679447376
1220,328323.51382853894,2792353.2125003,328332.00955177646,2792370.818652862,19.548757540566193
1221,328238.9461067899,2792253.175528388,328224.89012636093,2792174.59945539,80.18602857521336
1222,328627.5685291651,2792239.684868903,328706.15867075545,2792103.3485092414,159.03785080929094
1223,328637.2019657312,2792223.831945162,328740.4951161263,2792171.587124346,115.88724027268063
1224,328642.14073186996,2792248.6176181003,328694.49631874124,2792240.709634441,52.94944458812646
1225,328642.14073186996,2792248.6176181003,328637.81701462186,2792271.6040734826,23.389563097343853
1226,328652.9430251672,2792049.739457083,328668.3224223578,2792041.2361546983,17.574884149398038
1227,328576.03461927327,2791975.9915579245,328684.43138284405,2792068.8715122878,162.82115067506084
1228,328656.4745157806,2792047.733917419,328641.1363776763,2792022.093966185,29.879478695688412
1229,328660.78550123435,2792054.7693275018,328660.5377144589,2792045.544397001,49.720967475486546
1230,328689.5813838645,2792151.737062062,328529.4720022741,2791862.233104564,383.2832454176094
1231,328589.51965929585,2791973.051222706,328622.58410970063,2791959.8704871596,35.63749186159325
1232,328744.79645211436,2792083.118302065,328684.43138284405,2792068.8715122878,62.08311248060838
1233,328744.79645211436,2792083.118302065,328747.86948032014,2792109.37884227,26.439732869580226
1234,328744.79645211436,2792083.118302065,328793.4727326193,2792075.833374544,49.21839547143815
1235,328747.86948032014,2792109.37884227,328844.3177369804,2792068.731680383,104.66354657793805
1236,328747.86948032014,2792109.37884227,328759.5099052582,2792131.077568127,24.623854217991045
1237,328793.4727326193,2792075.833374544,328830.40761763765,2792050.8059957996,44.61564095847141
1238,328793.4727326193,2792075.833374544,328789.7760453117,2792066.37512852,10.154994578932635
1239,328844.3177369804,2792068.731680383,328830.40761763765,2792050.8059957996,40.79518014774046
1240,328830.40761763765,2792050.8059957996,328857.75914339593,2791989.0430778335,67.54823459569373
1241,328857.75914339593,2791989.0430778335,328847.8457358079,2791987.573201035,10.021785659684753
1242,328857.75914339593,2791989.0430778335,328845.94418069476,2791998.9523034994,15.420314423808756
1243,328626.68570511875,2791995.7227135133,328592.7691163932,2791942.41231214,120.17914266598221
1244,328604.6833636331,2792000.022707573,328635.49948711577,2791983.558118506,34.94114840735374
1245,328780.03996165446,2791857.5098680034,328773.630934639,2791887.7344709956,30.896638220356504
1246,328780.03996165446,2791857.5098680034,328700.391159765,2791856.2578196526,79.65864213942515
1247,328780.03996165446,2791857.5098680034,328855.7326710209,2791951.502867037,120.68168924302914
1248,328773.630934639,2791887.7344709956,328779.3985578795,2791888.846858439,22.294794258785764
1249,328700.391159765,2791856.2578196526,328682.39539746917,2791873.0141430227,24.67640733789966
1250,328855.7326710209,2791951.502867037,328845.0281832407,2791956.0030126465,11.611949411860765
1251,328855.7326710209,2791951.502867037,328842.7085295436,2791947.867789001,13.521910129375708
1252,328882.10203545727,2791969.0273187966,328902.0221916187,2791985.7249482214,25.992757643261033
1253,328882.10203545727,2791969.0273187966,328894.4229045322,2791948.122259361,24.265723248238636
1254,328860.57908495504,2791970.606692534,328891.62460016983,2791940.380814484,43.329294003600744
1255,328860.57908495504,2791970.606692534,328866.4558651346,2791987.5261821863,17.911048974753687
1256,328866.4558651346,2791987.5261821863,328864.94476839266,2792016.2375702527,28.751125509509514
1257,328866.4558651346,2791987.5261821863,328893.06102110643,2792001.3918959796,30.001539015253325
1258,328724.53344286693,2792097.4550216245,328731.9127980416,2792069.8768384587,46.02997644985891
1259,328660.2518235481,2791924.275928865,328622.58410970063,2791959.8704871596,51.82498670205932
1260,328660.2518235481,2791924.275928865,328682.39539746917,2791873.0141430227,55.878062563174645
1261,328710.37506601005,2792189.682249162,328692.82006219844,2792157.645009032,36.53168294961512
1262,328740.4951161263,2792171.587124346,328759.5910815487,2792170.9355746116,19.111889516827535
1263,328740.4951161263,2792171.587124346,328732.03176284605,2792154.9109000885,18.700930571162697
1264,328749.7101514875,2792171.226786174,328750.04598068027,2792146.8063840815,24.422711143542077
1265,328732.03176284605,2792154.9109000885,328700.5252943074,2792171.7385306964,35.73100708783905
1266,328732.03176284605,2792154.9109000885,328730.6558064978,2792115.4570096335,39.477876436099464
1267,328787.5487750239,2792148.37021408,328768.2622854772,2792139.541272683,26.143494758365556
1268,328787.5487750239,2792148.37021408,328780.44707947434,2792160.4687356544,14.028838297052319
1269,328782.0734050217,2792146.4565091045,328792.00084396324,2792118.7796555194,29.403441055518773
1270,328789.9723916579,2792148.7937527653,328844.4810509067,2792126.2582022203,58.98342963467888
1271,328780.44707947434,2792160.4687356544,328759.5910815487,2792170.9355746116,23.335110182538195
1272,328780.44707947434,2792160.4687356544,328792.3708077446,2792170.3214037116,15.467720055289314
1273,328486.0763271911,2791538.0390482335,328480.4949233651,2791519.0332579943,19.80838537803789
1274,328486.0763271911,2791538.0390482335,328354.9436778084,2791548.6524194754,131.56145097725738
1275,328354.9436778084,2791548.6524194754,328433.63761301944,2791506.2114931312,89.44928283789613
1276,328354.9436778084,2791548.6524194754,328299.5509778882,2791521.4934797822,61.692456667733154
1277,328384.62736492616,2791527.050354208,328370.91845003515,2791524.288469728,13.984361028248623
1278,328454.75022483023,2791960.3351465375,328567.42568760004,2791901.7110581207,260.77932806358933
1279,328496.4626935099,2791940.2092796303,328493.7426973283,2791972.060111859,31.966762314610598
1280,328541.322404269,2791882.9652187983,328571.76331003394,2791866.294769892,34.706714479601374
1281,328567.5585130724,2791931.2879451313,328597.72495887557,2791915.230321088,34.17418367125746
1282,328684.43138284405,2792068.8715122878,328652.8889464943,2792086.054196916,35.91893780714894
1283,328679.0673569457,2792093.266952076,328664.8158756987,2792074.658901991,32.86822405002094
1284,328702.1817172617,2792074.141559368,328706.15867075545,2792103.3485092414,29.4782490428832
1285,329603.1521809143,2794024.594068302,329575.3124342904,2794009.125409945,31.848561717058626
1286,327859.8955320952,2791841.265118532,327965.3777578924,2791880.336985864,112.4860470279135
1287,327859.8955320952,2791841.265118532,327952.8279286346,2792005.192191267,535.8417992331604
1288,327965.3777578924,2791880.336985864,328012.268272251,2791929.1274018055,67.66997136496501
1289,327965.3777578924,2791880.336985864,327976.22401615407,2791856.8796146377,25.843559800011413
1290,327976.22401615407,2791856.8796146377,327989.6418591342,2791849.441808148,15.341430213635931
1291,327865.29669025866,2791850.7901043394,327854.6296458456,2791826.5316808126,212.84593165651867
1292,328113.8694103374,2792305.3022356136,328132.1275836035,2792303.752020468,18.323865804235577
1293,328108.27664069494,2792294.151116459,328021.93409540877,2792152.1406447226,166.20613663314714
1294,328168.91762980964,2792403.9297344363,328183.87467570236,2792402.687377292,15.008553331700032
1295,328168.91762980964,2792403.9297344363,328175.10219239106,2792387.8986681253,17.18266281438902
1296,327952.8279286346,2792005.192191267,327789.3123235246,2792104.294506003,191.2291894393915
1297,327922.50368927256,2791951.7157550254,327939.238514931,2791942.8509451523,61.71635518751158
1298,327957.21566625335,2792013.4782590936,327967.12742126884,2792056.025298355,43.686307207308
1299,327806.13472884544,2792095.2068329514,327842.67030545487,2792174.3607309107,87.2606857876652
1300,327994.95677851525,2792059.9034069856,328004.42188500613,2792064.1478980067,10.373232134314243
1301,328165.05684921,2792093.547021554,328159.17932907224,2792108.3777395333,15.952913174594858
1302,328159.17932907224,2792108.3777395333,328154.98998278775,2792167.278031742,59.049090124939895
1303,328159.17932907224,2792108.3777395333,328114.3818042283,2792041.0265660016,80.88880520965323
1304,329444.8788162115,2793112.968360662,329436.92386663344,2793134.90356607,23.33311936017475
1305,329421.81016489083,2793118.8647529394,329436.92386663344,2793134.90356607,22.037865300397687
1306,329396.9499163527,2793126.500885014,329390.1172533204,2793150.3384787044,24.7975030409463
1307,329442.07968351676,2793151.466759615,329504.144489228,2793115.5778953256,71.69414681805017
1308,329369.00096428965,2793135.2838348323,329390.1172533204,2793150.3384787044,25.93337549470191
1309,329191.17774552613,2793187.6232717456,329208.82687803113,2793202.566331509,23.125460282376906
1310,329146.4524522614,2793201.0941096414,329139.18990124564,2793222.765987479,22.8563981473577
1311,329118.69630237826,2793209.1661649006,329139.18990124564,2793222.765987479,24.59558433344237
1312,329144.43854773516,2793237.079065307,329133.9812898012,2793262.668638764,27.643815098571604
1313,328968.7371230206,2793276.189671055,328946.9112178404,2793265.598038215,24.260107649117124
1314,328968.7371230206,2793276.189671055,328980.2159929271,2793251.739153823,27.010965314961485
1315,328850.1603667544,2793319.0773964426,328860.1067190735,2793335.967534807,19.601191250125847
1316,328972.5413995915,2793283.0321540064,329053.552598894,2793293.9059533356,81.73771421003339
1317,327821.99124829343,2793220.004234857,327841.9867361077,2793214.144169859,20.836503898401773
1318,327845.40611977817,2793198.6133605335,327814.04977860407,2793136.730963786,69.37327409762585
1319,328415.5099011046,2793191.5468237903,328435.64459436474,2793199.82159923,21.768734029792725
1320,328375.6999792557,2793215.980665127,328387.44957929093,2793236.7692843047,23.883724838610483
1321,329717.7251684744,2793660.0999904396,329824.5919056955,2793629.8632299285,111.06197013596518
1322,329685.15234026,2793648.844945033,329677.8317815517,2793661.953879799,15.014484689940012
1323,329677.8317815517,2793661.953879799,329661.1069436089,2793676.3112315917,22.04209052488029
1324,329694.7853244578,2793682.556081357,329681.7711314619,2793677.158780332,14.08900556059739
1325,329661.1069436089,2793676.3112315917,329681.7711314619,2793677.158780332,20.681561800095526
1326,329661.1069436089,2793676.3112315917,329552.40729487594,2793709.7518465286,113.80330249411418
1327,329681.7711314619,2793677.158780332,329699.1624256209,2793734.1248003026,59.56826687481352
1328,329691.4270762873,2793710.2935654805,329703.1322829901,2793711.7524834974,11.795774910344598
1329,329590.7634705432,2793696.2517251144,329551.4347645501,2793706.130491983,40.58909133467751
1330,329614.25769126613,2793416.3228128115,329608.2762149569,2793430.965839027,15.817593862075494
1331,329554.1856069538,2793211.2933012866,329537.9751256168,2793198.547304319,20.621351649932418
1332,329541.1341986797,2793170.203003036,329552.27353259036,2793144.3061026167,28.1910306887189
1333,329502.47194840445,2793671.8517168714,329232.3128404914,2793750.8019428006,288.3243491324315
1334,329397.6105360518,2793702.0547183733,329358.2467308003,2793564.6179872826,142.9628071100781
1335,329364.85504512093,2793711.4744626163,329324.4378282354,2793574.4166748654,143.0494074502256
1336,329400.7826539652,2793701.139532869,329414.90562493075,2793736.1232497487,37.804103519527494
1337,329326.75681102485,2793573.7559584505,329287.0786099396,2793436.234723576,143.13088305044434
1338,329363.8581873232,2793562.9962540646,329323.5669836317,2793425.5712966803,143.3770385109352
1339,329322.85426665656,2793723.5589307356,329280.4905172908,2793587.1683400883,180.9383558992609
1340,329318.08610062726,2793724.937402923,329323.34457401175,2793743.2496023118,19.052248916710713
1341,329327.95226073894,2793741.9285473386,329400.44029172865,2793771.434360766,78.26306704167915
1342,329358.55097165174,2793713.2932670643,329352.23732516693,2793676.0286706546,37.79566479780086
1343,329287.61758350703,2793585.0953964554,329292.63665326685,2793583.6362033444,78.83930378152992
1344,330198.1343395272,2791743.741197153,330198.682473535,2791765.7463479307,22.011976550099956
1345,329554.54706049606,2794044.9699668474,329572.02648498374,2794010.5958982487,38.563024679746185
1346,329518.80635315273,2794062.070906345,329520.6373296666,2794010.7230220074,51.3805186906781
1347,329571.32880402345,2794004.7997732544,329546.66839056415,2793952.2348886495,58.173830591461616
1348,329563.7892624899,2793989.3190091387,329532.3325093461,2794006.6096229376,35.89557972637914
1349,328653.76129637525,2794029.7338163448,328660.40007862897,2794010.617447531,20.23632838341984
1350,328643.3849934042,2794011.497747287,328660.40007862897,2794010.617447531,17.03784179016866
1351,328618.2690469619,2793963.825536474,328618.6566480892,2793949.0977731794,14.732862800515235
1352,328710.73325895326,2793981.9853091715,328728.33508825995,2794003.5641257786,27.84725697633225
1353,328611.5942513783,2793974.5340734036,328598.21287411195,2793966.417231828,15.650698856864953
1354,328598.21287411195,2793966.417231828,328580.97292422876,2793964.663858281,17.328883136842734
1355,328489.95543915284,2794013.7309713257,328483.0270173145,2794025.0853308197,13.301297255909184
1356,328546.461705817,2793970.60723205,328525.33617806004,2793960.3730227877,23.473963496516454
1357,328525.1762660061,2793982.7196744136,328525.33617806004,2793960.3730227877,22.347223781730552
1358,328525.33617806004,2793960.3730227877,328449.9911193146,2793843.944585779,138.8824070486949
1359,328480.01703566324,2794007.797282794,328466.2682600639,2794005.6674300767,13.9127676282818
1360,328496.5380009137,2793913.1465120846,328684.47004757955,2793797.612233335,220.70259540245016
1361,328493.605900445,2793908.3536267173,328522.49144632736,2793894.9372469536,31.84923871752173
1362,328621.0209151211,2793837.5441628746,328581.45545621007,2793769.8596758214,78.40035456080776
1363,328467.23592950095,2793865.1288164314,328454.5426765826,2793841.383184389,26.925335851798373
1364,328422.4372283288,2793963.9049710394,328399.29494741186,2793964.65283579,23.15436174293675
1365,328411.01304560597,2793944.8958033537,328399.29494741186,2793964.65283579,22.970723888820935
1366,328399.29494741186,2793964.65283579,328350.3688775017,2793997.7438866124,59.111181915162966
1367,328385.6515434889,2793973.212144036,328407.4614461734,2794011.9637054577,44.467464147863275
1368,328366.1047968075,2794025.4611005536,328290.3444330124,2794067.6226221127,86.70194128475477
1369,328124.5360461364,2794029.6373018767,328279.10986243386,2793944.5539721684,270.19769480068936
1370,328037.4372115447,2793957.3185330867,327991.8253219002,2793983.1901332145,52.5025791236684
1371,328205.4544661217,2794168.2714628475,328124.5360461364,2794029.6373018767,160.82836192903508
1372,328210.9292058121,2794165.432362071,328194.58553718915,2794143.816027758,27.099472562594844
1373,328299.3376595576,2794237.923805598,328283.6207052816,2794246.59820094,17.951818466668783
1374,329414.9157993106,2793236.0802938524,329406.3223137979,2793271.2840525787,36.23744778155766
1375,329421.56910012197,2793258.7396992235,329470.86212459806,2793243.960363634,51.46096600794817
1376,329406.3223137979,2793271.2840525787,329429.14704610367,2793288.4109533927,28.535927115183547
1377,329133.9812898012,2793262.668638764,329053.552598894,2793293.9059533356,86.281771786931
1378,329050.6895064633,2793358.3391830204,329051.21315171605,2793408.5385558545,50.202103912921004
1379,329050.6895064633,2793358.3391830204,329031.12275823695,2793359.073936749,19.5805387871436
1380,328513.05006549135,2794247.541543017,328512.2820496517,2794269.59680741,22.068632394627727
1381,328492.92138430395,2794259.4732290963,328512.2820496517,2794269.59680741,21.847704698273855
1382,328647.37911495427,2794172.4457760095,328645.89150515286,2794198.1548439534,25.752070935538157
1383,328623.84615075425,2794185.262332178,328645.89150515286,2794198.1548439534,25.53849076267452
1384,328645.89150515286,2794198.1548439534,328677.9107232047,2794253.1951998766,63.67629988630492
1385,328667.0968334025,2794234.599087565,328682.27215251594,2794225.3005643855,17.797551615824077
1386,328672.8848303938,2794244.5514638806,328658.7173109479,2794258.645142895,19.983753286543436
1387,328677.9107232047,2794253.1951998766,328658.7173109479,2794258.645142895,19.952166623375007
1388,328754.41516405984,2793850.55497682,328760.15174707345,2793860.4194185096,11.411204779468793
1389,328523.40467071533,2793612.588072305,328567.5481617076,2793686.0968880528,85.92053498703217
1390,328518.1446931703,2793615.701254995,328534.6091526144,2793634.9235633938,25.309594326243513
1391,328593.2442192843,2793571.22322498,328552.2051734277,2793492.268834143,88.9831395110341
1392,328550.16396353155,2793661.867807667,328562.1983877311,2793689.2776623517,29.935388750859634
1393,328319.9851479533,2793728.8528290973,328310.4622382302,2793748.5266707162,21.857398144364655
1394,328362.85756299563,2793802.166691004,328688.2259691814,2793612.9364626594,389.04957531938123
1395,328612.60048365407,2793660.4338817056,328618.611331044,2793656.945641931,56.44192470119411
1396,328362.85756299563,2793802.166691004,328356.4075168785,2793825.8117926735,24.509058078269494
1397,328362.85756299563,2793802.166691004,328340.48383305664,2793799.1937003606,22.5703891137842
1398,328659.19848369586,2793633.499625997,328691.52268712095,2793618.6774889026,35.57380924980295
1399,328630.170140018,2793682.61122901,328725.87900582864,2793849.4208225915,193.9386336750906
1400,328655.1837081268,2793724.557378564,328401.5651394174,2793871.235189018,293.11529317407013
1401,328657.932078409,2793729.1642960836,328626.7210132765,2793744.3490871293,34.70891046703814
1402,328757.68719472847,2794053.243396145,328776.13602713775,2794041.4774316614,21.88143819518827
1403,328960.90311446553,2794081.125125909,328952.85186029517,2794089.7571271285,11.80398825677621
1404,328963.7173562842,2794086.1743870494,328891.40946059953,2794121.0215190784,80.57519269099203
1405,328902.66832525725,2794117.4780615726,328893.8595340857,2794125.155890927,11.685198564891197
1406,328880.0056443546,2794101.169811494,328809.25699600694,2794142.179269123,81.77497696743691
1407,328928.85201145575,2794185.941933948,328940.38858447986,2794178.0745213176,13.963835384264954
1408,328167.4039037773,2793276.331269027,328184.49509362783,2793291.6789682116,22.97086504167356
1409,328162.09538925346,2793297.8349452387,328184.49509362783,2793291.6789682116,23.230213283923238
1410,328088.0104373326,2793354.7875386435,328057.2169977395,2793301.4055457856,61.69997282442517
1411,328053.8854606111,2793365.8674293007,327973.16308567993,2793292.2159194304,109.27326626719743
1412,328072.2676408548,2793374.1860993113,328071.4866442287,2793396.7622494237,22.589654924854777
1413,328052.12441049644,2793386.63922232,328071.4866442287,2793396.7622494237,21.848839164587762
1414,328070.7467727697,2793088.8651849725,328086.2583178424,2793099.602187116,18.865080057438945
1415,328067.1436883537,2793108.1980594574,328086.2583178424,2793099.602187116,20.95848472087631
1416,328078.9767335041,2793041.168808719,328154.21742232016,2792994.9474348975,88.30388809040998
1417,328078.9767335041,2793041.168808719,327973.44778052357,2792845.573866172,222.4146241998617
1418,328087.72253569803,2793099.860532667,328087.8344378064,2793035.7276435993,64.13298669373441
1419,328087.72253569803,2793099.860532667,328065.07810758345,2793141.4809557907,47.38174485635555
1420,328065.07810758345,2793141.4809557907,328128.63070583576,2793183.2799097183,76.06632168088693
1421,329016.7400933143,2792372.5290376204,329030.67080516915,2792349.0668539386,27.286238214529153
1422,329020.55602882616,2792377.886929808,329052.9169038733,2792409.560216589,45.28160033955732
1423,329045.45287108666,2792340.349954645,329057.7250827097,2792370.637515236,32.68836195135824
1424,328996.23473665246,2792349.3358330033,328808.12781458744,2792321.493309676,190.15630474427365
1425,328996.23473665246,2792349.3358330033,328981.39038633707,2792370.6604525144,25.982573651992965
1426,329006.690699953,2792369.8421922983,328981.39038633707,2792370.6604525144,25.31354220266676
1427,328977.14017285215,2792373.195665624,328959.8796431866,2792383.5170646426,387.4714484153113
1428,328931.1626273267,2792600.2243767744,328962.6521870048,2792654.651798526,62.88033561639641
1429,328712.00113726774,2792836.258073659,328836.107537666,2792768.218620559,141.5336207335551
1430,329361.4866055611,2792214.335850841,329441.5861304509,2792212.373313172,80.12356358569821
1431,328481.0378916227,2794062.0672740755,328465.77988228376,2794052.146472429,18.19970203868133
1432,328465.77988228376,2794052.146472429,328402.5571349118,2794089.92753279,73.65137002989509
1433,328289.6648346535,2793894.302341373,328358.0392226166,2793852.7663902803,80.0018259948751
1434,328235.8592478589,2793968.3785027354,328377.8654890915,2794225.7600231147,294.30577690232025
1435,328269.1865204148,2793860.485966303,328051.2882740769,2793980.9493948985,249.15452323920974
1436,328266.44923376583,2793855.9676040574,328233.1167267566,2793878.580510227,40.28552432401594
1437,328169.0115650849,2793915.919645132,328207.6256577486,2793983.9142511175,78.19408286666676
1438,328054.2434874737,2793985.963464382,328124.5360461364,2794029.6373018767,82.75534958449919
1439,328054.2434874737,2793985.963464382,328082.4751813378,2793966.3284836547,34.38838476293691
1440,328139.2893360216,2793933.2358778594,328157.2884686162,2793963.0068140803,34.7890416313325
1441,328129.0382449452,2794027.1650345474,328144.08743281453,2794057.0953055983,33.50073403236299
1442,328178.1916605772,2794000.118928311,328161.01686488563,2793969.4069278287,35.188074409786864
1443,328199.260152195,2794082.7602369846,328272.67794132465,2794037.038604783,86.61854443672647
1444,328247.5624174931,2794055.3374548466,328275.6858154913,2794042.240376345,31.02352301474395
1445,328315.63364736317,2794266.1212840667,328343.1084701299,2794246.4078107006,33.828152863445894
1446,328551.2611935097,2794206.8986623604,328552.86701451,2794196.088182825,10.929095519171309
1447,328573.5245220515,2794195.6600881633,328584.0943101695,2794196.578507031,10.609614228416541
1448,328739.50600508344,2793859.4290420297,328725.87900582864,2793849.4208225915,16.907381968015684
1449,328630.5606339986,2793217.2470979327,328651.35205831134,2793226.47765945,22.748331606406637
1450,328022.82921253913,2792137.738751694,328008.0949316261,2792131.9548877003,15.828838135595774
1451,328026.68245863606,2792143.6165933395,328037.7407912912,2792128.9304551533,37.838768219727186
1452,328008.0949316261,2792131.9548877003,327967.12742126884,2792056.025298355,86.2765289229421
1453,328008.0949316261,2792131.9548877003,327924.3925022709,2792179.502915186,96.26829070289226
1454,327967.12742126884,2792056.025298355,327835.5600492531,2792130.2825611997,151.1653581026868
1455,327978.26901777217,2792149.3500391087,327992.09475905413,2792169.270062946,24.247854991061608
1456,327924.3925022709,2792179.502915186,327942.9194208157,2792197.490904683,34.62571006041711
1457,327924.3925022709,2792179.502915186,327932.25609890965,2792203.608694936,25.35596122149784
1458,328021.93409540877,2792152.1406447226,328049.2281687915,2792150.3868753216,27.35035921033506
1459,327922.0469286653,2792175.7107777777,327882.2909252841,2792103.1670053136,82.72326594240702
1460,327922.0469286653,2792175.7107777777,327891.0614499845,2792193.818806006,35.894210400235465
1461,327950.6858857229,2792063.379725999,327942.5172817289,2792048.5723851356,16.911044753727836
1462,327858.27081908076,2792172.987984413,327826.281738354,2792113.7944425107,143.78473686796076
1463,327851.1141851968,2792121.299704233,327891.0614499845,2792193.818806006,82.79374424416865
1464,327826.281738354,2792113.7944425107,327942.5172817289,2792048.5723851356,133.28397620082936
1465,327853.20187156217,2792164.2231730525,327842.67030545487,2792174.3607309107,14.617932959190906
1466,327858.27081908076,2792172.987984413,327891.0614499845,2792193.818806006,38.847761882978055
1467,327838.3110737286,2792167.525573657,327803.6184061846,2792131.0545509257,50.3360375911288
1468,328028.2119117179,2792163.2719513476,327886.2271678035,2792241.527454796,162.12214939472508
1469,329754.90194739605,2791896.259484416,329757.82893087686,2791966.3356334628,70.13725042756097
1470,329746.8346512248,2791870.925769384,329756.7127170615,2791872.7955570254,10.05347156451479
1471,328675.38533496356,2792126.3595761014,328703.6609586477,2792111.4006775473,31.98883948388526
1472,328697.39402019023,2792131.3319824133,328683.35204028105,2792122.104425498,16.80252976186249
1473,329980.9456578281,2792912.5867135692,329897.9427467576,2792813.10788071,473.1566517022574
1474,329979.8636451272,2792909.066414358,329994.0302524081,2792902.6957471035,15.533131143447305
1475,329994.0302524081,2792902.6957471035,330031.9026531086,2792949.1132353586,91.59744142708291
1476,330031.9026531086,2792949.1132353586,330073.3516149905,2792974.6813173476,48.70054679038769
1477,330031.9026531086,2792949.1132353586,330053.23578341294,2792940.569915484,22.980225478866227
1478,330073.3516149905,2792974.6813173476,330149.84533426864,2792884.919094448,117.93449770477652
1479,330073.3516149905,2792974.6813173476,330069.35417607316,2792932.369086028,42.50064043202168
1480,330097.0336941818,2792702.3071441003,330095.77193651197,2792675.6470691697,26.689917748070584
1481,330097.0336941818,2792702.3071441003,330105.5703044118,2792711.339324773,12.427952442765271
1482,330105.5703044118,2792711.339324773,330175.6278551151,2792746.0202433523,78.17177575096474
1483,328591.21613698,2792919.034896114,328608.0478124927,2792926.631719186,18.46664618585537
1484,328911.02929375676,2792799.2534374124,329071.66526654677,2792710.0161343766,183.75923977385025
1485,329896.0762024736,2794128.252461365,329926.8471095072,2794148.537064993,36.85530984822999
1486,329917.7054008164,2794177.842772108,329928.8318209298,2794168.563408472,14.488057634723733
1487,329928.8318209298,2794168.563408472,329944.1743081962,2794170.087537239,15.418005189301647
1488,329928.8318209298,2794168.563408472,329926.8471095072,2794148.537064993,20.124450615639557
1489,329133.6416182753,2794134.4647214846,329103.69341473863,2794150.684911537,34.05861800500398
1490,329166.47018352995,2794187.535046661,329150.91556553764,2794229.8284210046,45.06301869903343
1491,329103.69341473863,2794150.684911537,329091.7147795822,2794081.343285576,227.42627040996945
1492,329130.973151147,2794224.652151139,329150.91556553764,2794229.8284210046,20.60324395450242
1493,329773.5643769483,2792015.7230426865,329764.27435078775,2792040.566107842,26.523244002051644
1494,329769.038216907,2792013.9631762356,329743.4207578691,2792015.2492313483,25.64972035298181
1495,329769.038216907,2792013.9631762356,329767.73649285233,2791988.17877486,25.817239197847716
1496,329926.94990928716,2791983.407471707,329941.144888912,2792004.875577178,25.73668585993308
1497,329981.78505246254,2791978.663901704,329986.2706964541,2791989.2313858257,11.480101161700372
1498,329954.07220059226,2791981.5932707577,329941.144888912,2792004.875577178,26.63045586393343
1499,329986.2706964541,2791989.2313858257,329984.8072177668,2792015.504717888,26.319156053168857
1500,329986.2706964541,2791989.2313858257,330221.7393999401,2792003.689948609,235.95718359813276
1501,329999.8669671803,2791969.46354128,329988.5473036058,2791958.7049525846,15.616722260330643
1502,329919.14605486265,2791974.997611251,329930.68246005557,2791958.9002543055,19.804381975054884
1503,329930.68246005557,2791958.9002543055,329988.5473036058,2791958.7049525846,57.86517313425768
1504,329930.68246005557,2791958.9002543055,329893.61962309945,2791938.639048671,42.239440538457785
1505,329747.93370919663,2791914.238190806,329749.77201245946,2791989.080521282,74.86490359264162
1506,329747.93370919663,2791914.238190806,329722.00517587503,2791901.226423921,29.010255388003124
1507,329749.77201245946,2791989.080521282,329742.3807834956,2791989.4504579497,43.37467736588954
1508,329722.00517587503,2791901.226423921,329564.6813395501,2791996.118447257,183.72611893607618
1509,330250.2637101656,2791957.8125391267,330238.55961188336,2791946.9145625546,15.992242180723387
1510,328283.6994190274,2792514.8381639565,328306.7736041378,2792498.205088284,100.3475398645063
1511,328251.82100121985,2792531.627351061,328238.4322074213,2792533.3704071334,13.5017792846773
1512,328439.27545785863,2792763.1639553905,328477.77606550115,2792740.2425635788,44.80722030463556
1513,329686.17814291554,2794111.053846241,329696.42365795467,2794109.42925812,10.373517483506498
1514,329686.17814291554,2794111.053846241,329694.23868088337,2794128.7215648894,65.15400243740793
1515,329694.23868088337,2794128.7215648894,329655.01501818263,2794155.636891241,47.570269163451485
1516,329246.3203326688,2793597.071494242,329241.63243413606,2793598.426820934,81.3998652606675
1517,328159.41742857127,2792274.7130359346,328188.99335295823,2792255.0947448662,35.491022073003954
1518,328238.4322074213,2792533.3704071334,328224.3968564434,2792528.62989261,14.814302380442204
1519,328318.2487879328,2792676.772029656,328311.63478619955,2792689.928166762,14.751552742479701
1520,327930.88426743844,2791927.7136232583,327916.0269843005,2791935.2584245605,16.663219644793152
1521,329642.6836893595,2792595.7998132086,329578.79264271667,2792647.7075625784,82.31937977020105
1522,329713.32750498864,2792626.471897604,329712.7052022644,2792558.6155321267,67.859218949646
1523,329782.1511452982,2792570.9577917336,329765.1388709876,2792555.385599764,23.06318798334096
1524,329765.1388709876,2792555.385599764,329780.36255953356,2792538.510511583,22.727280832904256
1525,329701.5903467807,2792559.309330157,329697.5329868365,2792559.559804723,78.4658422166192
1526,329570.7387637073,2792901.7737921863,329676.36426986486,2792869.31415157,230.18002567467107
1527,329665.9762870572,2792872.5024886155,329595.5209572179,2792856.7061977936,72.20440642021418
1528,329973.8183151816,2792403.9613168472,329979.64974422345,2792687.607841382,561.7150945146133
1529,329977.5196836385,2792659.2194203357,329932.7521659981,2792660.7015591995,44.79204810334082
1530,329979.2373523841,2792682.0518444604,329933.7032615093,2792684.2636920675,45.588262613479685
1531,329974.79281136673,2792614.609162777,329943.842865253,2792615.607433316,30.96604121472535
1532,329935.8138364629,2792660.596605549,329935.36086022016,2792641.3929631757,19.20898404089711
1533,329856.9752493792,2792772.213278576,329857.1046989404,2792761.676420573,10.537653142755454
1534,329871.2687754014,2792789.547929434,329884.8102829224,2792786.3422601228,13.915773125309258
1535,329857.1046989404,2792761.676420573,329836.15108791797,2792737.1251105377,490.2333212092624
1536,329888.08408289857,2792790.289193768,329836.15108791797,2792737.1251105377,148.4759007698109
1537,329842.2068828653,2792705.1109117568,329836.15108791797,2792737.1251105377,32.58192099973144
1538,329805.63387120864,2792621.122921181,329793.60924249433,2792628.785110729,14.25836324231583
1539,328154.98998278775,2792167.278031742,328149.0405796906,2792175.651113665,10.27150904695352
1540,328114.3818042283,2792041.0265660016,328149.0405796906,2792175.651113665,139.01438612668142
1541,328099.77749519376,2792300.0972682736,328085.4728940448,2792302.7383464375,14.546370952845344
1542,328099.77749519376,2792300.0972682736,328039.5438225282,2792214.519484787,104.65014261478608
1543,328056.64810616453,2792259.3348177834,328031.1455498589,2792264.8767041694,26.097756279729715
1544,328518.72068557935,2792550.819269427,328532.58410570736,2792576.987357042,29.613564916373495
1545,329290.2848915538,2792381.682051786,329274.7755864481,2792379.883674261,15.61322217176631
1546,329897.9427467576,2792813.10788071,329888.08408289857,2792790.289193768,24.857307312879147
1547,329882.7486199655,2792803.4726991565,329888.08408289857,2792790.289193768,14.222235374128624
1548,330062.511503938,2791866.847506267,330064.661801991,2791882.418372743,15.718640670372805
1549,330062.511503938,2791866.847506267,330239.43874933966,2791873.2125401716,177.19885341140002
1550,330056.9371085769,2791860.2485280074,329995.93964740704,2791866.176967624,61.28488121433459
1551,330056.9371085769,2791860.2485280074,330057.4295887479,2791848.1119007813,12.146615048854475
1552,329996.02996428055,2791878.9820405045,329995.93964740704,2791866.176967624,12.80539138834565
1553,329995.93964740704,2791866.176967624,329974.2434229593,2791845.955155593,29.65885765017757
1554,329974.2434229593,2791845.955155593,330045.41845112573,2791828.8318614285,73.20581833116402
1555,330057.4295887479,2791848.1119007813,330045.41845112573,2791828.8318614285,22.715354816192903
1556,330112.38703739893,2791794.4689554353,330092.8771919949,2791794.2929009264,19.51063973524631
1557,330112.38703739893,2791794.4689554353,330111.80329301325,2791690.165593215,104.30499570017736
1558,330112.38703739893,2791794.4689554353,330130.4738378639,2791751.9128000634,46.24022827690377
1559,330092.8771919949,2791794.2929009264,330063.4851266247,2791717.2818880486,82.42930068363204
1560,330130.4738378639,2791751.9128000634,330130.38041686785,2791686.6644095397,65.24845740259273
1561,330130.38041686785,2791686.6644095397,330147.8917440033,2791751.594498631,67.25000407036042
1562,328678.4975085343,2792742.185932318,328660.80220034986,2792738.012009405,18.180912084565982
1563,328678.4975085343,2792742.185932318,328670.2344342579,2792755.628631008,15.779244106028086
1564,328817.61976333207,2792178.9530895804,328907.81479431724,2791985.629558374,213.32869317666123
1565,328817.61976333207,2792178.9530895804,328806.3506591966,2792163.4976759837,19.12785878195743
1566,328790.81525987666,2792330.8850247944,328766.2126962018,2792365.3501545503,42.34538119401471
1567,328741.10152336897,2792109.630663103,328730.6558064978,2792115.4570096335,11.960740564332804
1568,328759.5099052582,2792131.077568127,328768.2622854772,2792139.541272683,12.175321528115198
1569,328759.5099052582,2792131.077568127,328792.00084396324,2792118.7796555194,34.74046275504932
1570,328864.94476839266,2792016.2375702527,328875.8747022819,2792017.6170573854,11.016643752632941
1571,328864.94476839266,2792016.2375702527,328848.8807695069,2792076.5837350055,62.86542147965932
1572,328875.8747022819,2792017.6170573854,328896.0198076826,2792009.0759212915,21.88095695759404
1573,328875.8747022819,2792017.6170573854,328883.0156765565,2792035.705923458,19.447380013433097
1574,328853.453319372,2792045.352127605,328874.6861787238,2792062.276829892,27.15289788856713
1575,328852.6370987877,2792091.558134767,328848.8807695069,2792076.5837350055,15.447768522351787
1576,328852.6370987877,2792091.558134767,328848.56683913886,2792118.6844947618,27.43002770981926
1577,328852.6370987877,2792091.558134767,328823.7808650894,2792105.2389919143,31.93506028694655
1578,328851.9773073372,2792087.988252181,328868.9208490455,2792080.462430161,18.53973038367025
1579,328823.7808650894,2792105.2389919143,328854.98825225706,2792122.103962059,56.58689437240304
1580,328560.52649099135,2791844.67968814,328529.4720022741,2791862.233104564,35.67465028051259
1581,328567.2002621452,2791868.800832455,328554.3927958674,2791844.1037782016,49.414475452952715
1582,328260.0194990772,2792085.2072167853,328224.89012636093,2792174.59945539,96.04788639874533
1583,328251.63112178573,2792141.1807181067,328257.5990143201,2792153.3130837907,13.520726252422305
1584,328224.89012636093,2792174.59945539,328244.21660391346,2792169.878574603,19.894709095558635
1585,328279.0923598651,2792089.0751691246,328264.68386930565,2792082.7551458827,15.733635752099097
1586,328829.4022341206,2791921.9249958238,328816.9663712288,2791931.343581785,15.602822088440242
1587,328829.4022341206,2791921.9249958238,328819.7834493723,2791911.090413909,72.49368513721376
1588,328819.7834493723,2791911.090413909,328779.3985578795,2791888.846858439,46.105479292881654
1589,328779.3985578795,2791888.846858439,328773.5390209346,2791910.7337776213,22.658260982197056
1590,328765.4402226013,2791887.040477277,328752.29057473363,2791969.0519021787,83.7658532134901
1591,328294.821967575,2792036.7197264265,328372.35602725093,2791974.5738545284,99.81527018047517
1592,328454.75022483023,2791960.3351465375,328416.46845679265,2791953.8079969585,38.83423033498473
1593,328416.46845679265,2791953.8079969585,328382.0606082905,2791973.0770977708,39.50942592095788
1594,328416.46845679265,2791953.8079969585,328418.4086631541,2791941.5309920097,12.429370508532047
1595,329510.1859576263,2793104.0913273543,329504.144489228,2793115.5778953256,12.978466171579353
1596,329534.3637820623,2793187.0051446054,329460.44539830263,2793210.4807882356,77.55664575968024
1597,330147.65790134936,2792398.476744095,329963.87770265574,2792404.296715224,363.3265134201808
1598,329959.5143243766,2792310.4429776473,329956.1130932574,2792247.4516596096,63.084128696264564
1599,330063.4959423705,2792400.9847093574,330063.5987903362,2792387.5125238583,13.472578068968758
1600,329960.7960910553,2792338.675878914,329901.4894496179,2792341.071911278,59.355022446922675
1601,329958.8449219806,2792298.0661383164,329900.09897031495,2792299.391626135,58.76090328659828
1602,329967.8904443317,2792502.320212468,330050.6764798884,2792484.973239203,84.5839533519981
1603,329967.8904443317,2792502.320212468,329950.10362448706,2792518.906020405,24.319950351496015
1604,329962.4830328554,2792375.899060311,329772.2470848469,2792384.383929476,190.55917263569657
1605,330048.09135875385,2792092.2228283533,330004.7343411968,2792093.841976491,66.37514793058557
1606,330048.09135875385,2792092.2228283533,330052.8256814629,2792199.6203091703,107.50189475009506
1607,330004.7343411968,2792093.841976491,329998.92284092744,2792005.80027967,88.23340655466386
1608,330004.7343411968,2792093.841976491,329986.9655716671,2792101.4874837175,19.34380912207429
1609,330049.1840507244,2792118.253564393,329988.0096492572,2792122.03520511,61.29117555881418
1610,330049.1840507244,2792118.253564393,330071.8394249782,2792068.860139474,54.405880924556044
1611,330010.05087325035,2792136.868754476,330012.23399628093,2792181.519054942,44.703639201633656
1612,329983.1671649809,2792181.706970331,330051.90044615156,2792179.7025434384,101.63848419151957
1613,329988.782326698,2792137.8227801365,329986.9655716671,2792101.4874837175,126.31032953231598
1614,330030.41300101345,2792135.9483033046,330032.5757686886,2792180.587779994,44.69183866356215
1615,330049.7472765505,2792131.008386857,330065.5591112544,2792130.4110091035,15.823115271133984
1616,329987.61576842156,2792113.942107756,329947.9173134526,2792116.4349571923,39.77664673191234
1617,330081.02279147436,2792198.379970282,330082.307620135,2792219.655818261,21.314608369481704
1618,330088.19282251666,2792198.057300532,330097.7889077232,2792163.84970588,35.52807879900495
1619,330153.4970873768,2792216.679420037,330175.0849052913,2792202.6384862647,421.7167077712562
1620,330111.6844986412,2792218.4893505853,330115.0445500678,2792272.6409023404,54.25569558193647
1621,329960.5172054221,2792225.0740636983,329778.64446935814,2792233.741635047,182.08012526937006
1622,329778.64446935814,2792233.741635047,329789.48809209664,2792221.0759580885,16.673437765175816
1623,329681.6882265157,2792136.444474766,329697.7440839602,2792520.296501285,449.90067715803394
1624,329693.2353080602,2792428.649074035,329735.6603737847,2792427.516935268,42.44016894310073
1625,329691.12447687995,2792385.8257104377,329736.2602462922,2792383.906156827,45.17656877742316
1626,329541.46474321553,2792144.0149625484,329739.9826380926,2792133.6060757837,258.31675560935565
1627,329711.4144325737,2792134.99580156,329711.685524953,2792150.9337099483,15.940213764847687
1628,329735.07861893426,2792133.8450264125,329742.3807834956,2791989.4504579497,145.50053527369712
1629,329711.685524953,2792150.9337099483,329739.5035501515,2792149.9854650465,71.44965767892506
1630,329771.4578272457,2792199.102348238,329789.16553302633,2792211.4531893507,21.589490966625437
1631,328766.24891723733,2793081.4945107107,328753.7318866954,2793088.388461709,14.28994800394857
1632,329090.3091242955,2792877.813199996,329115.0931706893,2792882.463100991,25.216473482945524
1633,329090.3091242955,2792877.813199996,329104.6529548442,2792849.6044045226,31.646194350541847
1634,328725.5490372608,2791602.0403474406,328725.78929868166,2791547.76568537,54.275193858806425
1635,328725.5490372608,2791602.0403474406,328668.58262204495,2791596.9453081917,57.40705593539103
1636,328725.5490372608,2791602.0403474406,328740.8835074088,2791613.832821526,19.344467420304177
1637,328725.78929868166,2791547.76568537,328572.98481784854,2791529.947801957,153.83980737120058
1638,328572.98481784854,2791529.947801957,328562.3704284001,2791524.8755229586,11.76406722183002
1639,327823.7087124628,2791543.224534282,327893.71756291605,2791557.234301459,71.3968677053847
1640,328027.68253678654,2791612.517552614,328448.7607614654,2791735.037760178,438.540844802634
1641,328013.55745645356,2791680.096452422,328184.87706358836,2791645.9269506787,174.69391127971076
1642,328448.7607614654,2791735.037760178,328377.46287004283,2791690.753982148,83.93117607845774
1643,329905.67725299904,2792375.239352161,329900.09897031495,2792299.391626135,76.14562452628881
1644,329790.38966823893,2793995.028131851,329777.48760571587,2794025.721723142,33.29504112766902
1645,330279.099812128,2793249.2265404863,330237.4297104657,2793281.3994251033,75.57071898270887
1646,330258.51636757405,2793265.293190376,330244.8123666969,2793255.5170917897,16.833649147090522
1647,330244.8123666969,2793255.5170917897,330208.9666973267,2793273.3152216272,40.021062433551194
1648,330230.157706491,2793290.40851975,330208.9666973267,2793273.3152216272,27.22571780717046
1649,328172.25157019973,2793689.618024276,328191.4050447133,2793723.794534511,39.17766503727449
1650,328062.2107497236,2793236.922541571,328067.8956001514,2793207.7811806416,121.34825754232693
1651,328062.2107497236,2793236.922541571,328049.05257672886,2793242.4848721414,14.28555346968845
1652,328062.2107497236,2793236.922541571,328049.05257672886,2793242.4848721414,147.61989365765703
1653,328065.577767216,2793219.631042352,328027.51749555615,2793211.2523480244,38.97673996273337
1654,328065.577767216,2793219.631042352,328079.45991703146,2793340.782637638,121.9443443701422
1655,328053.42255585635,2793281.9008203326,328057.2169977395,2793301.4055457856,19.870382588182398
1656,328049.05257672886,2793242.4848721414,328030.22400743305,2793211.7496902356,36.04395134429148
1657,328033.9302095084,2793212.4226523726,328037.9299062757,2793190.2154745143,22.564492519489256
1658,328067.8956001514,2793207.7811806416,328142.5964023465,2793221.44397333,130.86488959686145
1659,327933.71095219237,2793341.5281641465,327881.09363583976,2793337.2235308085,52.79310417398656
1660,327933.71095219237,2793341.5281641465,327973.16308567993,2793292.2159194304,63.15194625394285
1661,327973.16308567993,2793292.2159194304,327998.46981274034,2793173.1804466075,121.69582832851421
1662,327955.3915080634,2793164.777126696,327945.57481850823,2793177.9853054667,16.456712316327916
1663,328080.62648385856,2793189.207461922,328087.79075997404,2793205.91090078,18.189087791221183
1664,327941.22057209536,2793162.0105792363,327945.57481850823,2793177.9853054667,16.55751611683692
1665,329593.9988905791,2794088.1093143495,329600.1724973117,2794103.1309468932,16.24077782524723
1666,329600.1724973117,2794103.1309468932,329563.6415815082,2794120.673779931,40.52479241687455
1667,329600.1724973117,2794103.1309468932,329601.9305766595,2794120.3241406726,17.28284569527218
1668,329556.4062283899,2794105.344280509,329563.6415815082,2794120.673779931,16.95122081973273
1669,329563.6415815082,2794120.673779931,329598.6758488959,2794121.871777555,35.05474418249617
1670,329601.9305766595,2794120.3241406726,329610.1378512291,2794137.635468681,19.158325429745556
1671,329723.4067237897,2794109.6987259686,329703.6770383242,2794124.6035010917,24.726763031959067
1672,329735.2606217527,2794230.998462564,329720.3658874717,2794247.426507797,22.17507112699159
1673,329720.3658874717,2794247.426507797,329714.75247697264,2794232.874133753,33.70761973639282
1674,329739.1646002509,2794204.20681098,329667.7877462994,2794156.2957600653,85.9658308851315
1675,329714.75247697264,2794232.874133753,329655.01501818263,2794155.636891241,97.64300084254128
1676,329667.7877462994,2794156.2957600653,329655.01501818263,2794155.636891241,12.78971038266612
1677,329119.47936881817,2792896.2885536957,328994.001679337,2792967.4335307567,144.24374620257598
1678,329042.89148963144,2792414.3507584613,329061.1194441953,2792405.6346465414,20.204676964288225
1679,329026.7945622541,2792467.319123882,329052.6823457402,2792461.9736505537,26.433906614900962
1680,329013.36580796505,2792474.678503476,328989.9485918917,2792432.3459232715,48.3778211152078
1681,329968.799326212,2792517.718350969,330003.2409601408,2792515.535243991,71.97752910348449
1682,330050.6764798884,2792484.973239203,330133.9783349697,2792495.8582221447,84.01001079415227
1683,330050.6764798884,2792484.973239203,330145.11788640247,2792425.6941227624,111.51443476988266
1684,329950.10362448706,2792518.906020405,329939.82779408456,2792542.2658363325,25.52006447163695
1685,330133.9783349697,2792495.8582221447,330144.11252218287,2792513.356149939,20.22076228937144
1686,330133.9783349697,2792495.8582221447,330136.11221031036,2792476.422715559,19.55229756844791
1687,330144.11252218287,2792513.356149939,330095.77193651197,2792675.6470691697,210.67552883631313
1688,327833.9575012559,2791773.8188898833,327852.3203041534,2791810.542041569,366.2357993583249
1689,327755.6068871313,2791619.699398493,327752.35211931996,2791633.1564676394,13.845079397314557
1690,327852.3203041534,2791810.542041569,327785.22392037103,2791856.6499185916,81.58631501962903
1691,329423.3427171069,2793765.229759336,329400.44029172865,2793771.434360766,23.72800385853709
1692,329432.50682174973,2793796.86398635,329445.09262320364,2793832.199457824,37.54003559359484
1693,329232.70963961,2793671.322617043,329216.8387256367,2793624.020121605,49.894007505705815
1694,329232.70963961,2793671.322617043,329196.26116775,2793685.885332231,39.35047322165494
1695,329216.8387256367,2793624.020121605,329215.84984334675,2793676.5538988383,52.54308364163906
1696,329200.70445946645,2793693.88299723,329173.4820905477,2793713.0263788276,33.319219137462945
1697,329175.50834564096,2793648.5151265254,329147.8712117615,2793660.3522425336,30.065403447524076
1698,329170.45641941467,2793580.3710422055,329129.159832277,2793605.153787728,48.16220011626336
1699,329094.3516036298,2793502.3677918953,329129.8127242783,2793482.1896285587,40.823062028461194
1700,329013.28010193846,2793539.2191091646,329085.021401164,2793485.5694234017,89.90127274191983
1701,328937.7221200938,2793400.191485744,328926.4118585336,2793371.0439971704,31.264966123541925
1702,329018.2658901765,2793365.3737319335,329031.12275823695,2793359.073936749,14.317348766196323
1703,329051.21315171605,2793408.5385558545,329031.12275823695,2793359.073936749,53.3888794920364
1704,329000.0482123855,2793332.5580333048,328972.32604990085,2793345.6816046326,30.671589740733612
1705,328091.5865662632,2793200.1574061266,328154.2874430168,2793262.971472021,88.75250317524296
1706,328018.4192182771,2793455.287117383,328123.9850537576,2793629.5784039334,203.8799001391257
1707,328018.4192182771,2793455.287117383,328047.5830735576,2793395.55948985,66.46743522616968
1708,327987.5031880626,2793191.831516958,327889.84740197257,2793173.1884021848,99.41940602529553
1709,329280.2816176482,2793837.181558214,329202.3350040307,2793879.6200923566,88.7507957969486
1710,329265.7043292095,2793810.922163361,329186.5884084603,2793850.9272807054,88.65516527375918
1711,329296.62163192907,2793866.6092075063,329217.58669526456,2793907.4218423995,88.95050522898069
1712,329153.7541095071,2793959.33148915,329230.32215839694,2793930.6358119557,82.457006038697
1713,329186.942802388,2794019.354379387,329174.05364883493,2794026.2416183515,14.61384069529803
1714,329541.0040756505,2793843.35328774,329484.57071244804,2793894.924276965,76.44796538815943
1715,329541.0040756505,2793843.35328774,329527.39230961807,2793808.9280031463,43.479393510510704
1716,329484.57071244804,2793894.924276965,329402.77496921865,2793883.027799558,82.65633542053017
1717,329484.57071244804,2793894.924276965,329523.87969141145,2793965.040409282,80.3832559566428
1718,329318.1036134614,2794080.721488656,329300.1651505986,2794057.9276338364,29.03618180088597
1719,328382.77502675814,2794222.839541433,328368.333769468,2794202.6501122583,24.822630048360992
1720,328416.36206132517,2794202.87140144,328431.14628410904,2794227.8644448514,29.038344689279057
1721,328178.4677885141,2793755.4319641716,328191.02738766035,2793776.5424692812,24.564139649071496
1722,328178.4677885141,2793755.4319641716,328166.1553885074,2793762.501179321,14.197499665656515
1723,328370.50990220194,2793874.0443395716,328375.22998856026,2793859.361269476,15.42309186466213
1724,328334.0418142921,2794143.285532925,328408.9571255255,2794101.245737091,85.90487931972221
1725,328323.040277243,2794124.237836652,328268.0803926588,2794154.957582231,62.96262130785205
1726,328441.24014337617,2794156.337652738,328458.1386614407,2794178.046920573,27.51094732455408
1727,328404.95840927865,2794094.173227669,328417.80850272265,2794086.621030527,14.905052270676629
1728,329138.3109902326,2792712.043520705,329121.5988702221,2792716.298095366,36.997369799461524
1729,329147.89293800766,2792709.6515032095,329046.48842953995,2792342.5635684007,381.3467424119428
1730,329119.5718164406,2792677.8605501223,329075.1272026177,2792689.7548674755,46.008680205446744
1731,329121.5988702221,2792716.298095366,329112.6832598741,2792679.7089738385,37.65968563373401
1732,329295.66716691724,2792549.535719955,329285.82277973363,2792502.3897437467,48.16279717416994
1733,329028.4822706209,2792427.051070793,329005.55989800266,2792460.552871153,40.59317422696353
1734,329443.91591266345,2792199.759260781,329484.15500322485,2792199.4072437687,40.240630278186195
1735,329053.77721091267,2792361.215619633,329096.23226537113,2792346.477213904,44.940546715578705
1736,329050.10665774613,2792352.21118892,329046.7493831906,2792343.280347669,92.91244436821162
1737,329101.28840736253,2792362.277181392,329093.4738819244,2792337.8932979405,46.83263904446028
1738,329055.9143357425,2792334.180226591,329051.4336519368,2792340.0085201263,59.7499743699551
1739,329956.1130932574,2792247.4516596096,329956.72909673234,2792261.1917685205,146.81643034949292
1740,329745.2392099395,2792077.2966722175,329511.74980313977,2792086.373470579,331.40956843742845
1741,329676.66331474844,2792136.6849682364,329680.73210969294,2792170.1559546813,33.71738462425066
1742,329646.6419569008,2792129.8953588894,329511.74980313977,2792086.373470579,141.7393661211081
1743,329646.6419569008,2792129.8953588894,329734.8619029382,2792127.8323706132,88.24406382000139
1744,329802.7921509857,2793554.7956058746,329767.9939783407,2793561.2600339334,35.40001150978857
1745,329826.04488071194,2793634.841156046,329827.44456143025,2793639.5871134335,82.93476519331247
1746,329325.0964547671,2792924.755828034,329310.3369620533,2792897.6899520755,30.82862738717577
1747,329334.56775256095,2792921.589863697,329317.56249734556,2792876.2402349873,124.28977993351037
1748,329307.56869485136,2792930.6268018987,329306.0172592949,2792925.0519430307,89.94005342263944
1749,329310.3369620533,2792897.6899520755,329288.7120583519,2792902.2500391332,22.100471806503887
1750,329283.83039298106,2792938.5702283597,329295.18016977696,2792978.075485828,41.119480418596474
1751,327792.17534568335,2792109.1546206065,327781.8750605077,2792090.7519326466,70.50379297766032
1752,327770.93343328335,2792097.1725004,327781.8750605077,2792090.7519326466,12.686327151318656
1753,328295.8977402082,2791953.143723162,328304.75377883896,2791968.950640787,18.118721396212788
1754,328304.75377883896,2791968.950640787,328314.42142734316,2792022.5236956608,54.439756774124945
1755,328304.75377883896,2791968.950640787,328289.3306501543,2791986.7051609214,23.517990637602516
1756,328497.27379111433,2792660.864293596,328452.9815598666,2792686.340545749,51.09639099457878
1757,329999.90917840484,2791954.3747271965,330165.3479369366,2791955.06707264,268.2014036352769
1758,330076.04916650546,2791951.535237527,330093.8171063777,2791884.4119377015,69.43512847804818
1759,330169.8189243945,2791946.813226557,330238.55961188336,2791946.9145625546,68.74076218246944
1760,330158.24690276035,2791953.6717324974,330138.5107601305,2791884.870092937,71.57639926773929
1761,330164.0526644177,2791908.0571097163,330195.5637117702,2791886.6023853202,38.12153333964264
1762,330138.5107601305,2791884.870092937,330119.23799355165,2791887.515930879,19.453534126681863
1763,330134.1427814345,2792037.8016958674,330132.80657685,2792019.6505012717,18.200310655145355
1764,330134.1427814345,2792037.8016958674,330130.9213320981,2792051.6785902744,14.245909385139079
1765,330134.1427814345,2792037.8016958674,330107.1216625816,2792035.6261816854,27.108557027824723
1766,330132.80657685,2792019.6505012717,330102.9692883306,2792017.886995036,137.63144578045117
1767,330105.9290691674,2792053.798045318,330107.1216625816,2792035.6261816854,45.33445674201619
1768,330107.1216625816,2792035.6261816854,330102.9692883306,2792017.886995036,18.218697947323594
1769,330071.8394249782,2792068.860139474,330134.2765069917,2792066.1154589504,80.8808779727897
1770,330077.9025908145,2791977.168685366,330084.5298781209,2791996.206156142,20.158031416620922
1771,330093.8693759744,2791996.122130954,330094.1499574868,2792013.6551304236,17.53524440605896
1772,329985.0982373029,2792005.78562366,330081.5213641173,2792018.2116657863,97.3586866770799
1773,329999.92309700174,2792020.4550340422,330012.82227857236,2792019.794490118,12.9160831318068
1774,330065.7989984582,2792016.3153350055,330071.8394249782,2792068.860139474,52.89086148999407
1775,327945.3160201437,2791673.474931049,327930.02256170614,2791670.5120756933,275.3897436053573
1776,327931.9098664042,2791662.8220036323,327965.6698516141,2791671.0448943325,34.746983294647016
1777,327965.6020654662,2791584.846699979,327982.14819571143,2791588.8461052417,17.022622258192694
1778,327963.8522260847,2791677.0834309408,327955.63335072587,2791689.25200235,14.684142545856016
1779,327982.14819571143,2791588.8461052417,327972.9931624139,2791627.259606133,39.48938699730547
1780,327906.3891816858,2791663.8554687677,327876.96329440316,2791583.6250132807,85.45647330675523
1781,327906.3891816858,2791663.8554687677,327875.1426740141,2791678.964580553,34.70777291361775
1782,327876.96329440316,2791583.6250132807,327858.49784942647,2791627.5853070063,47.68102434541774
1783,327858.49784942647,2791627.5853070063,327875.1426740141,2791678.964580553,54.00814693873312
1784,328033.6236313648,2792493.9524949444,328089.0918506206,2792463.070745484,63.485477056949726
1785,328033.6236313648,2792493.9524949444,328048.11137518194,2792464.51096542,32.81308247717993
1786,328033.6236313648,2792493.9524949444,328097.5209131666,2792480.1680220193,65.36722661610544
1787,328089.0918506206,2792463.070745484,328048.11137518194,2792464.51096542,41.005775210829825
1788,327801.78383903473,2793733.0815933165,327896.59495165164,2793723.244777742,95.32003995124235
1789,327896.59495165164,2793723.244777742,327847.04445540905,2793674.821261071,69.28267203742463
1790,329238.4441741373,2793450.4414961534,329233.74276082404,2793432.377083702,18.66618022935357
1791,329233.74276082404,2793432.377083702,329255.68831486104,2793426.1510829553,61.11057333456115
1792,329414.47417267674,2792055.1073503722,329468.71384445357,2792051.9090285636,54.43818325492284
1793,328842.51857112086,2794035.950960163,328809.68773140264,2794056.8389554084,38.912369228256054
1794,328809.68773140264,2794056.8389554084,328811.1196785895,2794095.9377135145,39.124971031131686
1795,329151.26171677123,2793724.573513968,329167.6703915582,2793736.275192475,117.63687629953395
1796,329832.1073495645,2793654.6500062016,329822.66025706613,2793658.1033783285,10.058495698638273
1797,329860.0434539701,2793675.346851228,329891.5594018142,2793640.242814903,47.17571763941085
1798,329860.0434539701,2793675.346851228,329877.4995011874,2793628.5993746584,49.90030210386674
1799,329891.5594018142,2793640.242814903,329862.1860657564,2793615.819598365,38.200675616024256
1800,329941.3508504428,2792559.2293388555,329943.842865253,2792615.607433316,90.48579708512702
1801,329941.3508504428,2792559.2293388555,329971.3950393225,2792559.1065415605,30.044439828627638
1802,329942.52223837917,2792585.8905530707,329972.97987518203,2792584.998173405,30.470706934415865
1803,328801.4329299941,2792325.123006338,328822.0459552893,2792361.575074014,41.87660504000073
1804,328766.2126962018,2792365.3501545503,328780.88135711657,2792387.498003598,26.56495493061311
1805,328780.88135711657,2792387.498003598,328926.11173795315,2792327.445634854,157.83601882181654
1806,328780.88135711657,2792387.498003598,328784.0549602221,2792397.0293330094,10.045794992079232
1807,329199.6354205959,2794043.1670789407,329185.7489166702,2794050.8534520543,15.871840564968423
1808,329189.55354772304,2794024.2511591734,329259.21652307117,2793983.301838846,80.8070353969063
1809,329206.1494577107,2794054.79436096,329276.72615495196,2794015.207265722,80.92100038219039
1810,330093.8171063777,2791884.4119377015,330113.3585228442,2791887.113378592,19.727258816220502
1811,329905.8349020488,2791793.76201338,329915.1476582439,2791806.772451184,15.999966243962302
1812,329905.8349020488,2791793.76201338,329861.98274195264,2791846.6458708467,68.70017704244374
1813,329867.4902416897,2791879.9769302816,329890.22828441754,2791870.0421369714,24.902386794860277
1814,329883.9724917598,2791881.3871361953,329928.81889423035,2791883.57085497,44.8995372162808
1815,329419.6651217128,2792083.2245266708,329400.8154484588,2792095.426458422,22.454338561780325
1816,327943.2711257793,2792369.3751148568,327940.21841853444,2792363.8526968686,90.1046998548448
1817,328785.10632912733,2792397.3040602477,328810.6793010356,2792381.404673542,30.11311384105087
1818,328789.45334795665,2792402.4225329896,328800.6633437596,2792387.7351365383,18.47656949820235
1819,327970.1553078603,2791789.2803417267,327986.528134742,2791819.3045072877,34.20343016838275
1820,327970.1553078603,2791789.2803417267,328044.6378312799,2791744.697018535,86.80621522552875
1821,327970.1553078603,2791789.2803417267,327957.8714004891,2791791.59672263,12.500400025268801
1822,328044.6378312799,2791744.697018535,328049.5492198935,2791755.336107014,11.718017826632206
1823,327957.8714004891,2791791.59672263,327951.0607725361,2791801.1883502696,77.96424962761934
1824,327957.8714004891,2791791.59672263,328041.9710236293,2791944.0267280983,174.09372721374226
1825,328040.3414846667,2791787.2252077237,327988.1323774397,2791846.425580425,79.14100886198952
1826,328040.3414846667,2791787.2252077237,328036.2260628532,2791763.891533973,23.693818337249812
1827,328040.3414846667,2791787.2252077237,327986.528134742,2791819.3045072877,62.64948595666636
1828,327998.7940234846,2791830.636657123,327986.528134742,2791819.3045072877,16.699390603704252
1829,328029.1218279607,2791974.798918893,328028.53684522386,2791950.9661791855,23.839917927085175
1830,328053.42562091874,2791961.3071127054,328032.53798985813,2791948.6553945933,24.420464830019924
1831,328041.9710236293,2791944.0267280983,328025.68372918596,2791952.431515513,27.566702277726662
1832,328058.2584575594,2791958.631268173,328061.53317313694,2791964.9706750964,26.15317498487704
1833,328209.9029404988,2791677.3592228773,328204.9229605144,2791664.483171918,13.805538343455396
1834,328209.9029404988,2791677.3592228773,328321.14744102635,2791875.985483443,227.86069567335346
1835,328219.6988222145,2791678.2762381085,328219.87093583785,2791690.249514929,11.974513807234652
1836,328226.25398367655,2791672.354868441,328241.34718297404,2791666.6907305666,16.12101494610591
1837,328236.3357254499,2791736.2917600246,328225.37851100334,2791661.3321597963,791.545948874704
1838,328225.37851100334,2791661.3321597963,328377.46287004283,2791690.753982148,155.17935600033985
1839,328284.2734843793,2791672.2944264347,328291.513198848,2791692.530944881,21.492560210877627
1840,328242.0983243208,2791733.0281278207,328236.3357254499,2791736.2917600246,27.69228932075552
1841,328321.14744102635,2791875.985483443,328319.6748023825,2791890.959639173,15.082253192230679
1842,328119.1522290944,2792005.671012418,328336.9656350912,2791894.1302173613,271.3468895414036
1843,328336.9656350912,2791894.1302173613,328334.2806034342,2791883.429567942,11.032374766773065
1844,328336.9656350912,2791894.1302173613,328346.5653497556,2791881.9776099613,15.48678108115359
1845,328334.2806034342,2791883.429567942,328346.5653497556,2791881.9776099613,12.370253601211594
1846,328346.5653497556,2791881.9776099613,328419.6778191293,2791842.9417536976,82.88082560017575
1847,328311.3602339786,2791901.1572916186,328319.6748023825,2791890.959639173,13.157665565927719
1848,328419.6778191293,2791842.9417536976,328418.76652074396,2791768.674493207,74.27285133548905
1849,328218.67330582294,2791951.5535953846,328172.35493675305,2791866.806699198,96.59457285942104
1850,328258.9183705312,2791763.4014076493,328193.5330956883,2791784.8698169603,69.00254318990592
1851,328580.1063709067,2792515.344718369,328583.0963298887,2792561.26997395,46.02248314548256
1852,330092.2166864051,2792020.182206647,330090.5451696386,2792036.3217278314,16.225847046049292
1853,329693.83609215316,2792079.2949962756,329742.3807834956,2791989.4504579497,102.1206547400175
1854,329767.73649285233,2791988.17877486,329906.4388070778,2791783.285677829,247.42577307674293
1855,329757.62115561264,2792109.2118571927,329739.9826380926,2792133.6060757837,30.1030762709118
1856,329931.8450244126,2792538.0346579403,329934.7461282711,2792710.317233025,186.8288478697591
1857,329935.36086022016,2792641.3929631757,329943.842865253,2792615.607433316,27.144759338205116
1858,327854.9159815248,2791856.1731832824,327886.64745564363,2791914.0960953203,66.0450618041045
1859,327809.5968770964,2791868.39283986,327784.27101557236,2791867.285999418,25.35003664098871
1860,328048.1053818349,2791736.8650294635,328031.05562078184,2791716.210427609,26.782586315442437
1861,328031.05562078184,2791716.210427609,328026.409234511,2791734.3600736684,18.73495549679177
1862,329074.9469575238,2792322.9503277824,329033.6047244277,2792251.121581605,82.87721889863431
1863,327984.32164695056,2792867.1487987023,327977.9376171095,2792842.8912501205,25.083550390848536
1864,327973.44778052357,2792845.573866172,328006.81345606,2792791.3097718623,63.70133621263649
1865,328316.70618437126,2792679.0737017193,328285.31185950455,2792679.9927938855,31.407775538014263
1866,328329.612751144,2792690.9518667576,328271.02025515644,2792726.4919105624,68.52864583294149
1867,328235.0152288869,2792664.224517171,328264.92823037057,2792714.8817970105,58.829819467025615
1868,328031.1455498589,2792264.8767041694,327991.45340364764,2792194.9130604886,80.43865928737584
1869,327999.43789768417,2792283.2373880097,327962.5034151598,2792213.825910488,78.62639004216557
1870,328230.86570626526,2793625.2072404292,328243.00086369476,2793558.949747541,67.35961260039721
1871,328384.11248752824,2793305.684455389,328363.1176000619,2793270.899595394,40.6436551429965
1872,328036.19500010286,2792973.6926794373,328013.7606564674,2792988.257633055,26.74843243738801
1873,328036.19500010286,2792973.6926794373,328053.4160064643,2793133.9631049517,161.19296620709162
1874,328013.7606564674,2792988.257633055,327976.4900116287,2792952.4948528553,51.653435648637554
1875,328013.7606564674,2792988.257633055,328051.4987165791,2793080.6239682725,99.77825946809814
1876,328043.7041460279,2793131.649364466,328051.4987165791,2793080.6239682725,51.63396562644934
1877,328005.99955722946,2793155.2266992177,328005.99955722946,2793155.2266992177,88.96764551438454
1878,328049.27823539753,2793099.3410535143,327980.66389058484,2793149.987627963,85.28190803167163
1879,328005.99955722946,2793155.2266992177,327815.6893626122,2793115.938512966,194.32327160677374
1880,328034.8177863335,2793136.4151610504,328025.22219983547,2793117.0949735143,21.571854965906876
1881,327820.00676058314,2793938.6047201445,327790.5850706331,2793947.8419266846,30.83766891612539
1882,329965.81249205477,2794214.803447218,329957.3316409648,2794226.1654213066,14.178127182309815
1883,329866.3914624747,2792836.7574656126,329854.61816319823,2792846.7650011587,15.4519042049756
1884,329963.8824270911,2792954.6318938653,329954.8283040901,2792966.1450169557,14.64681353102036
1885,329930.46720344137,2792938.1911467845,329868.40333628585,2792989.52071455,80.53973015398005
1886,330123.732125322,2793012.6776973316,330032.1685123674,2792979.8957892405,97.25507038397667
1887,329878.3751657899,2792886.746040347,329922.02033651643,2792928.282781142,60.42377935802083
1888,329759.7690349879,2792153.3973385775,329739.9826380926,2792133.6060757837,27.985631761182248
1889,329766.88011477777,2792285.347182385,329686.3047911688,2792287.889871577,80.61543303251281
1890,329504.90553292236,2792425.238077223,329518.834541336,2792416.776175475,16.297885033751427
1891,329516.205136204,2792349.631897173,329559.4199003796,2792344.778121206,43.48649197036482
1892,329697.7440839602,2792520.296501285,329675.0862808358,2792522.09940407,22.729419281553383
1893,329776.26449407975,2792459.4425971243,329694.91613511724,2792462.9255897296,81.42288832620739
1894,330029.41693366435,2792257.9964676197,330024.02538041316,2792285.194307256,27.780024263645018
1895,330204.7341667325,2791887.4954287475,330240.01540233905,2791887.0528324186,35.284011640310474
1896,330136.11221031036,2792476.422715559,330089.0156613813,2792461.7817556397,49.3197995574711
1897,329969.24320151214,2792702.162240319,329968.45184110396,2792682.486495839,19.69165234655057
1898,329969.24320151214,2792702.162240319,329909.63752805407,2792755.177722245,79.77368205129014
1899,330221.8773999359,2792106.248562508,330207.3554870871,2792106.862804723,14.53551855288541
1900,329888.08408289857,2792790.289193768,329899.16936665773,2792777.6426891885,16.817814731996343
1901,330175.6278551151,2792746.0202433523,330149.84533426864,2792884.919094448,141.29025615704822
1902,330183.76343683945,2793336.28903506,330181.4181085354,2793354.9185178694,18.77653308258735
1903,330238.6832264808,2792099.7454101993,330236.66491786554,2792127.6098034442,27.937393947473968
1904,330156.2382668605,2792270.506397436,330153.4970873768,2792216.679420037,53.89673052090808
1905,330153.4970873768,2792216.679420037,330175.0849052913,2792202.6384862647,25.75231452732564
1906,330027.7640859724,2792269.194969259,330048.2364135673,2792268.2399126827,20.494593281470117
1907,329957.7544564828,2792277.8402585424,330026.9186974204,2792274.8886218295,69.22719396129577
1908,330024.02538041316,2792285.194307256,330080.02115145186,2792357.727926488,92.43919032444592
1909,330046.4850616285,2792310.1036554263,330132.61826792656,2792300.037815187,86.78183360996826
1910,329919.5363407927,2792731.5013384344,329909.03288041253,2792739.9419252924,13.474649771517463
1911,329919.5363407927,2792731.5013384344,329934.05929429794,2792748.6559189977,22.477219128884236
1912,329909.03288041253,2792739.9419252924,329908.37082774495,2792711.3245645803,59.11977055741899
1913,329934.7461282711,2792710.317233025,329879.5280949128,2792712.418364185,55.257995034353335
1914,329880.23328448227,2792731.6409964347,329879.5280949128,2792712.418364185,19.235562974360004
1915,329879.5280949128,2792712.418364185,329909.63752805407,2792755.177722245,52.296660178230674
1916,329933.9840544033,2792691.3722700276,329877.12085301935,2792675.625187395,59.0033412873236
1917,329909.63752805407,2792755.177722245,329913.1694782211,2792766.034120355,11.41648159027668
1918,329933.2792628794,2792673.7781093186,329877.12085301935,2792675.625187395,56.188777308547415
1919,329942.9847182919,2792741.3208364444,329958.3607779371,2792755.0083658225,20.585715209566608
1920,329913.1694782211,2792766.034120355,329932.86437661096,2792783.444939917,26.2873669357127
1921,329987.17817718134,2792888.2031453713,329987.0870423307,2792839.261471555,48.97072863671975
1922,329987.17817718134,2792888.2031453713,330051.13841940416,2792886.7015714813,63.977866652968544
1923,330130.9213320981,2792051.6785902744,330151.92579999345,2792054.5611099005,21.205222151998512
1924,329675.0862808358,2792522.09940407,329672.02447653585,2792540.6050769635,18.757253925131884
1925,329675.0862808358,2792522.09940407,329648.67273538007,2792538.5062061064,31.094348949626198
1926,329648.67273538007,2792538.5062061064,329660.4073012591,2792547.819132354,14.981009033606925
1927,329518.45450354414,2792572.9374387455,329582.23821825674,2792522.094264543,81.56831876108716
1928,329540.5677940274,2792471.9370175013,329506.49823596206,2792500.460261441,44.433210908048295
1929,330268.8015653629,2791743.9182899767,330268.42551836197,2791788.656039095,44.73932953815961
1930,330060.7012898325,2791797.311287026,330006.98487242556,2791797.3211904936,53.716420829573536
1931,329620.2951902959,2792408.541179931,329616.7096205148,2792342.2398119913,66.39825073973921
1932,329659.7096550857,2792340.335827817,329688.67604787584,2792336.1935920357,29.261066770413404
1933,329641.73663330474,2792211.6688696016,329682.44824625144,2792209.638704042,40.76220063884676
1934,329683.80295426596,2792237.2170926984,329643.85826202517,2792240.932548016,40.11711662654065
1935,329421.6574122896,2792055.8255041656,329400.1081789335,2792061.7026490537,22.36527814189072
1936,329274.7755864481,2792379.883674261,329253.8003223233,2792385.6873840755,21.763381003746368
1937,329636.4620719814,2792915.458230475,329568.9435692531,2792933.6237126696,69.91947478376005
1938,329762.9349859019,2793562.7527834317,329744.9432017881,2793508.4973061127,57.160838338749315
1939,330073.4674403477,2793627.0773068387,330005.4361365603,2793570.5257753087,88.46657003300415
1940,330028.5119221313,2793541.9977795104,330096.30981991545,2793601.620981071,90.28555524692712
1941,329909.7451913103,2793271.7682392295,329976.6540120817,2793353.491775257,105.61979618525525
1942,329608.9453402825,2793399.3073405125,329599.2509041537,2793402.3319298998,10.155305648644916
1943,328247.8118821642,2793228.5048256936,328175.68122540234,2793266.4551832722,81.50497705815319
1944,328361.30096113554,2792748.145065316,328294.3866807424,2792788.487735412,78.1348318678428
1945,328953.5367515279,2792992.782233075,328836.6341467718,2793059.090017976,134.39844246583738
1946,328995.61072321655,2792970.3821233124,329001.37627166975,2792980.9331461824,96.33876416580316
1947,328986.2132496579,2792489.1683949386,329002.0480809903,2792514.337112289,29.735605196268374
1948,327942.6098382416,2793142.1186722666,327818.0930029836,2793102.137744853,131.63579069111995
1949,327884.988589242,2793130.233681194,327888.16255365335,2793116.7887082687,13.81453390629365
1950,327976.4900116287,2792952.4948528553,327927.3207705844,2792869.2695442913,96.66471047104974
1951,327976.4900116287,2792952.4948528553,327818.35468404304,2792924.0084471945,160.68060598001927
1952,328942.50042139366,2792357.3487231536,328954.72975322907,2792386.617562913,31.72099522390907
1953,328948.3401767869,2792390.487045614,328969.26387527806,2792425.251507163,40.575472213417356
1954,329319.3283715489,2793575.899152591,329330.8153155368,2793604.7566460697,31.059697552621763
1955,329368.73680330755,2793561.583174797,329352.8426048368,2793516.396760454,47.90028795519197
1956,329287.1777564158,2793733.8244374767,329255.35477873124,2793636.7499696966,102.43769098241933
1957,329255.70980842307,2793745.4659803896,329234.52936027694,2793754.7953055967,57.91332257564065
1958,329224.5911770895,2793736.896726414,329229.3022543329,2793734.1895687333,21.1672276825234
1959,329495.24436281394,2793836.1533554844,329488.5313704949,2793819.91997052,17.566646045321814
1960,329470.76230728184,2793824.940845054,329460.978705738,2793791.3092762907,35.02572307114849
1961,329560.3231248159,2793737.491308404,329518.7633991073,2793694.2567132716,59.970334476674964
1962,329377.3496668064,2793851.3550333185,329368.52849409415,2793820.5584433717,32.03502839314871
1963,328179.9541327491,2793595.6659667245,328081.70256604394,2793429.23543344,193.27413977511793
1964,328146.2348109058,2793537.1364096683,328089.41833488306,2793570.1845687646,65.72893401924223
1965,328197.37180220115,2793342.4860073705,328229.103709019,2793369.855925528,41.90496784676323
1966,328235.55954303953,2793352.215063437,328206.1402725141,2793395.8710555304,52.643509798618204
1967,328045.40107522614,2793370.539495404,328009.03428997623,2793375.6657944615,36.72631224940679
1968,328175.68122540234,2793266.4551832722,328230.3460207458,2793296.3144312156,62.28815728281279
1969,327815.6893626122,2793115.938512966,327818.0930029836,2793102.137744853,14.00852196165408
1970,329164.65250017616,2793628.966458101,329194.49298649584,2793612.0942513947,34.280110602619395
1971,329179.943944159,2793498.7606723793,329214.3786452208,2793606.3262225413,112.98015248584775
1972,329257.0769920696,2793473.902312856,329279.3128241302,2793546.5487395944,75.97325546046027
1973,329272.8040047559,2793699.752401022,329280.883634956,2793735.6320758513,36.85701278919286
1974,327985.744397787,2793367.2656052522,328009.03428997623,2793375.6657944615,24.758478485888613
1975,328917.6450481189,2792409.297997877,328906.748262309,2792392.1871726066,20.28596269397385
1976,328969.26387527806,2792425.251507163,328965.9831832289,2792427.165174919,46.386507606040524
1977,329973.1046259643,2793610.5141114807,330002.72271744354,2793635.1892741527,38.54990266868653
1978,329752.1374699442,2793530.164075872,329704.71156680747,2793543.5341747883,49.27449475506578
1979,328567.7007606442,2793777.6114830556,328585.2894172708,2793800.4975302056,28.964532064935447
1980,328394.71270390897,2793892.5478878245,328401.5651394174,2793871.235189018,22.38720623078899
1981,328380.87858692463,2793869.4150149114,328401.5651394174,2793871.235189018,20.766475093630056
1982,328401.5651394174,2793871.235189018,328379.4252182654,2793857.302880691,26.15884790917183
1983,328116.12712323014,2793720.7851151195,328133.6861090294,2793753.951548512,37.527726900008425
1984,328229.3461013907,2793971.9619362676,328247.52162706025,2793995.017368422,29.35817918718404
1985,329663.9738227426,2793737.5479773534,329615.5472193322,2793726.6035844204,49.647916920454605
1986,329666.72322531545,2793746.2650300814,329619.67337555985,2793786.218150264,61.724712833355305
1987,329488.7044956341,2793490.045554095,329467.24388798233,2793496.375843769,22.374768113680123
1988,329459.00315732986,2793387.7594076954,329421.0871252469,2793397.0778550357,39.04432032641094
1989,329467.24388798233,2793496.375843769,329395.3780944017,2793423.6461108443,102.24630232072906
1990,329395.3780944017,2793423.6461108443,329357.5236019144,2793462.586790327,54.30781822204993
1991,329395.3780944017,2793423.6461108443,329390.1496988911,2793406.120054167,18.289307867278495
1992,329328.90721064975,2793424.0083661317,329334.3488871072,2793453.6400701376,30.127225643258
1993,329190.8411170752,2793152.9863092992,329148.57984485815,2793164.52058392,43.80706967313645
1994,329173.29999856406,2793157.7719981917,329126.25695898186,2793154.466686947,47.15901457365881
1995,329148.57984485815,2793164.52058392,329126.25695898186,2793154.466686947,24.482485131151417
1996,328841.44749767415,2793067.6368111665,328856.58855047915,2793089.756567192,26.88246853514758
1997,328082.4653929482,2794179.50591842,328120.0789466043,2794252.0218147403,81.69048070480635
1998,329372.53337847843,2793834.543860335,329322.26736764226,2793848.6823943458,52.21656814995075
1999,329381.642912406,2793944.888634836,329350.0428462755,2793962.790783913,36.31874338450422
2000,329338.68243244593,2793942.339966408,329343.6343706313,2793939.5633359863,20.816737493969732
2001,329386.0558063589,2793972.849466771,329384.7355138619,2793953.6456244034,19.24917489021273
2002,329386.0558063589,2793972.849466771,329410.0038613865,2793980.87805716,25.258020572467125
2003,328188.6231883501,2791895.779978635,328026.9349792174,2791986.669247846,399.0902194311827
2004,328179.0259815305,2791878.7528618993,328110.2415299148,2791833.253202602,82.47132701893393
2005,328179.0259815305,2791878.7528618993,328179.74128841376,2791804.9301535683,73.82617374121666
2006,328110.2415299148,2791833.253202602,328179.74128841376,2791804.9301535683,75.04939398803647
2007,328110.2415299148,2791833.253202602,328145.7676820976,2791770.3213481167,72.26705939493814
2008,328179.74128841376,2791804.9301535683,328144.44924995466,2791868.844898697,73.01117693754003
2009,328172.35493675305,2791866.806699198,328144.44924995466,2791868.844898697,27.980021674162952
2010,328172.35493675305,2791866.806699198,328188.1178295287,2791858.3533690907,17.886519464748567
2011,328172.0987850941,2791818.8526941612,328145.7676820976,2791770.3213481167,140.31442226876518
2012,328172.0987850941,2791818.8526941612,328102.5842322268,2791778.5690494794,80.34329581371411
2013,328144.44924995466,2791868.844898697,328102.5842322268,2791778.5690494794,99.75839112776049
2014,328145.7676820976,2791770.3213481167,328102.5842322268,2791778.5690494794,43.96401847546989
2015,328215.90638055786,2791946.315523621,328282.4004103461,2791844.727126684,121.41523129218028
2016,328215.90638055786,2791946.315523621,328077.37437291304,2791956.350035237,138.89495514768544
2017,328399.68624296936,2791718.1564351274,328377.46287004283,2791690.753982148,35.2813369008436
2018,328302.2297817587,2791674.681067944,328302.9329359493,2791685.628416362,10.969907164821848
2019,328251.3758155005,2791728.036019426,328278.40502054954,2791679.924163917,55.184495703764036
2020,328251.3758155005,2791728.036019426,328415.85440773715,2791835.434946139,196.43761544892655
2021,328428.18136043684,2791828.5653288052,328415.85440773715,2791835.434946139,14.111888788214696
2022,328236.92564456945,2792893.263111362,328232.7252973219,2792902.8768850095,10.49130881963695
2023,328232.7252973219,2792902.8768850095,328213.2297188835,2792896.577247934,20.48811865278785
2024,328232.7252973219,2792902.8768850095,328242.3136691288,2792912.9138070256,13.880802479184979
2025,328213.2297188835,2792896.577247934,328213.4542538099,2792915.052751351,18.62388785194484
2026,328262.6359349076,2791995.219555323,328267.7081465557,2792020.934008065,26.209929622770364
2027,328603.2123687143,2791953.092287306,328604.84203296655,2791956.0627390174,11.57199378005826
2028,328571.57341320335,2791903.010049159,328589.166654186,2791935.6338205645,45.14539208976272
2029,328606.3921551475,2791930.4748200676,328594.3849431346,2791937.129742574,13.728114724441497
2030,328576.05154801375,2791947.0996167446,328587.2382352341,2791940.8981938832,12.790606571653326
2031,328627.27343540813,2791988.027060136,328635.6792031162,2792004.11682084,18.153163614977547
2032,328651.646933937,2792011.8354877173,328642.7203275407,2792017.476492911,10.559604223198749
2033,328291.513198848,2791692.530944881,328302.9329359493,2791685.628416362,13.343736186533288
2034,328676.69076407474,2791841.0595434634,328681.61240759544,2791852.551709712,12.501698285862059
2035,328568.4129534374,2791896.126260193,328552.70927981654,2791866.314570856,33.69483975404004
2036,328231.26238965825,2792257.4827546338,328235.4847112652,2792267.0449834554,10.452952682886663
2037,328231.26238965825,2792257.4827546338,328220.955148229,2792257.5249712737,10.307327884812503
2038,328225.24723672244,2792195.5879963147,328199.38109931414,2792205.044751462,27.540647819930598
2039,328244.21660391346,2792169.878574603,328247.5883313271,2792186.2535802512,16.718533301076047
2040,327895.65280607925,2792729.8437556024,327888.7284906516,2792747.8784714523,19.318310483285728
2041,327891.7959668505,2792296.7255637078,327873.3314491945,2792278.09431948,26.23092971553683
2042,327825.48857081396,2792434.738930369,327902.927742766,2792389.2417131057,98.88746706282804
2043,328740.8835074088,2791613.832821526,328767.04881938593,2791600.828435542,29.21879453134523
2044,328740.8835074088,2791613.832821526,328773.4041511328,2791504.2134823143,114.34155761343044
2045,328788.39314617636,2791530.9104251545,328773.4041511328,2791504.2134823143,30.662230866477834
2046,328788.39314617636,2791530.9104251545,328767.04881938593,2791600.828435542,73.1034093780354
2047,328324.9850771517,2791504.874953646,328299.5509778882,2791521.4934797822,30.382047598497106
2048,327904.05062084226,2791962.541114007,327905.2176342031,2792013.109128817,50.58147923889484
2049,327904.05062084226,2791962.541114007,327896.5393669747,2791948.722469802,15.72812329332
2050,327831.88714909373,2791908.8990376154,327822.76518082514,2791894.414072829,17.117958697261813
2051,327831.88714909373,2791908.8990376154,327896.5393669747,2791948.722469802,75.95420208171521
2052,327831.88714909373,2791908.8990376154,327781.1337068494,2791941.4388168138,60.29053686480365
2053,327871.1527654234,2791934.111978027,327897.1405237543,2791919.1361523643,29.993981685411057
2054,328267.7081465557,2792020.934008065,328249.8479288238,2792029.2587806853,19.705055610370454
2055,328714.3156534165,2792159.4999070894,328707.9736287051,2792148.0257132533,13.110240334511849
2056,328409.4268537782,2793247.3359724795,328387.44957929093,2793236.7692843047,24.38555910519305
2057,328409.4268537782,2793247.3359724795,328378.841615254,2793296.0357983606,57.50765041649687
2058,328387.44957929093,2793236.7692843047,328375.19576631323,2793243.7378174574,14.096679991856359
2059,328230.3460207458,2793296.3144312156,328282.3134786207,2793235.9433480436,79.65729320875643
2060,329327.9610585342,2793923.0332135577,329249.6056109178,2793965.775773254,89.25526640251407
2061,328340.9789710166,2792005.5806843378,328335.4472598282,2791993.6753928047,13.127672876777142
2062,328309.1581812452,2791994.4520131378,328296.8768750201,2792005.6970382207,16.65175881735044
2063,328372.35602725093,2791974.5738545284,328373.71428861073,2791963.2901733518,11.365136814695182
2064,328040.3045808772,2793486.360063205,328096.35798527487,2793453.498667079,64.97580703553207
2065,330122.5728246885,2792028.763241813,330113.57684500364,2792036.143357953,11.635882636506667
2066,330122.5728246885,2792028.763241813,330129.16014498495,2792037.3989621005,10.86132835204794
2067,330142.10679214564,2792053.3660651576,330134.2765069917,2792066.1154589504,14.96196536810551
2068,330212.0794234467,2792106.7259879443,330214.17861558474,2792058.809349321,47.96259860144688
2069,328503.7839355512,2792211.00981608,328504.5011954546,2792207.9763982,17.825633585434275
2070,328264.68386930565,2792082.7551458827,328260.26771825063,2792070.625239997,12.908795719704766
2071,328380.1365269196,2791979.471420811,328371.8791922381,2791989.4135151524,12.923962857252244
2072,328680.46124889207,2792040.20730723,328716.5705843833,2792065.396053346,61.0282886153874
2073,328684.423175584,2792044.344677873,328699.2682840808,2792032.6355242054,18.909571043697763
2074,328675.30821435875,2792033.5148949167,328659.49492969655,2791993.4240039526,43.096861951856816
2075,328736.6029364418,2792071.047151724,328738.05660265265,2792058.5215706667,12.611739031783266
2076,328693.2535144466,2791861.543795711,328681.61240759544,2791852.551709712,14.709621998252786
2077,328681.61240759544,2791852.551709712,328682.39539746917,2791873.0141430227,20.557923002861546
2078,328706.15867075545,2792103.3485092414,328724.53344286693,2792097.4550216245,19.316380880897135
2079,328763.9190120398,2792143.4846468884,328759.4772046731,2792146.011271694,16.776841883757303
2080,328755.79567818216,2792171.1940874085,328764.3383300357,2792181.3997052843,13.309077237630209
2081,328535.2679135987,2791855.235850216,328548.2171258465,2791879.188858946,48.715514779513825
2082,328806.3506591966,2792163.4976759837,328795.3937020735,2792170.3274711734,12.911274597452596
2083,328683.35204028105,2792122.104425498,328679.0673569457,2792093.266952076,29.213176625606415
2084,329986.8527150428,2792886.35720137,329932.86437661096,2792783.444939917,116.21391587930735
2085,330031.28562579677,2792887.172549256,330006.86335434817,2792839.112658197,53.90918726263546
2086,329987.0870423307,2792839.261471555,330006.86335434817,2792839.112658197,19.776871907043994
2087,329987.0870423307,2792839.261471555,330052.54138738033,2792761.778995748,101.49631917959402
2088,329901.0446824322,2792331.339899898,329858.50485212135,2792332.9825321077,42.57153278251132
2089,329858.50485212135,2792332.9825321077,329905.4872513929,2792370.5446489737,60.151961437413675
2090,329858.50485212135,2792332.9825321077,329885.6936670975,2792290.8321403353,50.15862025985644
2091,329900.09897031495,2792299.391626135,329885.6936670975,2792290.8321403353,16.756418410310378
2092,329885.6936670975,2792290.8321403353,329881.62636249734,2792241.4087199164,49.71969356297086
2093,329882.6126676444,2792262.156578343,329852.9856823934,2792263.4596320656,29.655626853358054
2094,329885.1301051467,2792274.0559853227,329897.7665568205,2792273.3543053255,12.655918209396736
2095,330145.11788640247,2792425.6941227624,330140.69915170653,2792476.6199257616,105.78805555315566
2096,330147.65790134936,2792398.476744095,330108.25969637546,2792232.2137187556,170.86723544939164
2097,330132.61826792656,2792300.037815187,330083.9674079367,2792322.9487289353,53.77560921580586
2098,330083.9674079367,2792322.9487289353,330060.32633564615,2792322.7027929532,23.64235148105882
2099,330083.9674079367,2792322.9487289353,330083.2185995185,2792307.448882324,15.517923798529809
2100,330080.02115145186,2792357.727926488,330063.5987903362,2792387.5125238583,34.01200060454602
2101,330080.02115145186,2792357.727926488,330127.7755282636,2792379.7939809896,52.63508404487166
2102,330073.77635309566,2792764.6473482912,330069.2532206774,2792791.1806831993,66.67207214861989
2103,330073.77635309566,2792764.6473482912,330052.54138738033,2792761.778995748,21.427814056559715
2104,330072.1531486362,2792774.9924719394,330118.59391265514,2792788.84392088,48.46243421930863
2105,330052.54138738033,2792761.778995748,330052.3384988301,2792740.013189134,21.766752199626215
2106,330164.4055631963,2792812.7844348922,330113.3920126815,2792799.84326865,52.62942256787937
2107,330069.2532206774,2792791.1806831993,330076.37807477696,2792792.099293443,84.79333473625731
2108,330076.37807477696,2792792.099293443,330080.7584310899,2792801.5270802034,10.39570510499055
2109,330080.7584310899,2792801.5270802034,330109.47201243043,2792811.025925895,30.246637107963334
2110,330080.7584310899,2792801.5270802034,330069.1690408479,2792810.147350434,14.443788458491841
2111,330118.59391265514,2792788.84392088,330109.47201243043,2792811.025925895,24.01721107037452
2112,330118.59391265514,2792788.84392088,330128.8044077168,2792786.754897594,10.422006893753515
2113,330017.0216547712,2792747.070469211,330030.8623299338,2792713.939394906,35.90588215794368
2114,330017.0216547712,2792747.070469211,330033.8666707752,2792786.263437336,42.65962159493688
2115,330029.3498813521,2792790.840026503,330030.4936567724,2792824.137339132,33.31695142456063
2116,330029.8419670544,2792805.146678674,330099.3671378393,2792807.8848032136,69.57906796347028
2117,330015.8475672088,2792805.987190599,330006.86335434817,2792839.112658197,34.32218938689104
2118,330154.8062189547,2792860.341109048,330102.7938703237,2792848.8859129283,53.25885774456394
2119,330109.47201243043,2792811.025925895,330101.5449495814,2792876.197893619,65.7849771071993
2120,330128.8044077168,2792786.754897594,330144.2049221911,2792777.5329309683,17.95050179015233
2121,330149.84533426864,2792884.919094448,330057.72652846936,2792883.3950983565,92.13141128829488
2122,330144.2049221911,2792777.5329309683,330119.6353730277,2792756.2392498422,32.51282211669798
2123,330063.5987903362,2792387.5125238583,330088.0012339924,2792400.2559999228,27.529537565984263
2124,330127.7755282636,2792379.7939809896,330127.31242890033,2792399.086652092,19.298228397756876
2125,328883.0156765565,2792035.705923458,328897.7383765008,2792023.8656105725,18.89314433538937
2126,328798.6484524469,2791840.5908402093,328732.17853235954,2791813.791956454,71.66889455647991
2127,328798.6484524469,2791840.5908402093,328791.75668880594,2791850.183032434,11.811289419810135
2128,328690.8170247538,2791935.7314952747,328705.1567302556,2791924.6823642226,18.102774673648305
2129,328678.4197594945,2791961.7225803137,328663.60164105246,2791980.3441513367,23.79788943429945
2130,328678.4197594945,2791961.7225803137,328697.5277419406,2791959.608501197,19.373310397890638
2131,328659.01671957015,2791980.324652324,328659.49492969655,2791993.4240039526,13.108077586621306
2132,328759.50819012267,2791907.177980678,328773.5390209346,2791910.7337776213,14.474387903264843
2133,328815.1301461309,2792025.9516487434,328830.15076531377,2792036.075367926,18.117586275797535
2134,328815.1301461309,2792025.9516487434,328799.0981295678,2792031.46086649,16.95219853762013
2135,328815.1301461309,2792025.9516487434,328820.4895119858,2792016.3012976637,11.038662886729819
2136,328799.0981295678,2792031.46086649,328770.75947468996,2792049.42250968,33.81354397841144
2137,328820.4895119858,2792016.3012976637,328814.29488001857,2791997.3585519586,19.929904165821238
2138,328784.38503116573,2792043.2568593454,328767.66635425924,2792023.9598463164,25.532114470691877
2139,328816.97696778306,2791989.536719243,328798.78147649555,2791976.1629773155,22.58169338952837
2140,328816.97696778306,2791989.536719243,328847.8457358079,2791987.573201035,31.027009338956702
2141,328816.97696778306,2791989.536719243,328815.5345846315,2791961.538442691,28.035405455397978
2142,328813.1371581448,2791956.0186388134,328815.5345846315,2791961.538442691,95.38714654988354
2143,328813.1371581448,2791956.0186388134,328816.9663712288,2791931.343581785,24.97040873110744
2144,328815.5345846315,2791961.538442691,328798.78147649555,2791976.1629773155,22.238337285007297
2145,328815.5345846315,2791961.538442691,328845.0281832407,2791956.0030126465,30.135386518882864
2146,328787.65276907675,2791919.2515299227,328773.5390209346,2791910.7337776213,16.484841245464878
2147,328787.65276907675,2791919.2515299227,328808.762807271,2791921.6653854325,21.247597769722475
2148,328816.9663712288,2791931.343581785,328808.762807271,2791921.6653854325,12.687235563609383
2149,328773.5390209346,2791910.7337776213,328760.1833167659,2791934.255405061,27.048877818727124
2150,328751.2080559912,2792051.5199489817,328715.4931706448,2792042.367222511,36.86903086807897
2151,328751.2080559912,2792051.5199489817,328738.05660265265,2792058.5215706667,14.899108400711274
2152,328751.2080559912,2792051.5199489817,328770.75947468996,2792049.42250968,19.66360152051737
2153,328715.4931706448,2792042.367222511,328726.31230592646,2792056.4878161047,17.78889686502539
2154,328699.2682840808,2792032.6355242054,328690.43735833076,2792021.1596057955,14.480398922427351
2155,328699.2682840808,2792032.6355242054,328710.7178162071,2792012.9709717985,22.754920506872054
2156,328770.75947468996,2792049.42250968,328767.66635425924,2792023.9598463164,25.649846384924743
2157,328767.66635425924,2792023.9598463164,328754.0461249534,2791991.5293215835,35.17455871500569
2158,328690.43735833076,2792021.1596057955,328686.52228912653,2792011.17239765,10.727166141104977
2159,328695.947040029,2792016.2265715245,328710.7178162071,2792012.9709717985,15.125301930195366
2160,328686.52228912653,2792011.17239765,328664.0767616455,2791993.1998234787,28.754393164159037
2161,328710.7178162071,2792012.9709717985,328739.8498485544,2791988.429846008,38.09123473660723
2162,328739.8498485544,2791988.429846008,328754.0461249534,2791991.5293215835,14.530692084035962
2163,328739.188656745,2791973.604627948,328752.29057473363,2791969.0519021787,13.870384526367502
2164,328752.29057473363,2791969.0519021787,328761.0386201469,2791979.5540342336,13.668323827419083
2165,328754.0461249534,2791991.5293215835,328761.0386201469,2791979.5540342336,13.867317554004565
2166,328761.0386201469,2791979.5540342336,328798.78147649555,2791976.1629773155,37.894887153481235
2167,328729.36779031897,2791981.8380872915,328723.94590243767,2791990.5254734345,10.240485642552075
2168,328723.31600132555,2791974.1932362188,328710.19865575916,2791976.729970548,13.36038082408308
2169,328381.7126373257,2792379.438406057,328367.15953469207,2792378.3711660663,14.59218275183818
2170,328820.82169315655,2792109.475024963,328796.30364459165,2792119.600389061,26.526547147202063
2171,327866.83739231015,2792760.0216974174,327888.7284906516,2792747.8784714523,25.0335399700839
2172,327966.447970018,2792849.750719053,327937.57127500576,2792828.360441543,35.936158486795804
2173,327821.1933294436,2792892.133649387,327822.3311073989,2792919.781365711,27.671117733106552
2174,327888.7284906516,2792747.8784714523,327900.5342353355,2792770.6157795154,25.619539179166555
2175,327798.33742530795,2792825.2908333912,327797.82323495543,2792842.679031914,17.39579948115923
2176,327798.33742530795,2792825.2908333912,327813.8982890764,2792832.736711415,17.250553056779204
2177,327772.5074106958,2792839.8440167685,327822.3311073989,2792919.781365711,94.19331456681901
2178,327900.5342353355,2792770.6157795154,327880.24874489265,2792784.6218497534,24.65098630926814
2179,327880.24874489265,2792784.6218497534,327874.92187094246,2792797.540296566,13.973612780374799
2180,328464.53789373557,2794078.927044355,328426.8388508386,2794101.1849986254,43.779382860645605
2181,328464.53789373557,2794078.927044355,328417.80850272265,2794086.621030527,47.35856213673004
2182,328426.8388508386,2794101.1849986254,328417.80850272265,2794086.621030527,17.13640434461908
2183,328242.03932457184,2794207.4443614664,328229.48563404905,2794215.314242821,14.816550822634454
2184,328242.03932457184,2794207.4443614664,328283.6207052816,2794246.59820094,57.11422211022839
2185,328229.48563404905,2794215.314242821,328259.2570027329,2794270.9140349454,63.068782115778745
2186,329098.07035128283,2791983.8016695627,329058.8683053296,2792031.2124909717,61.51899213733518
2187,329098.07035128283,2791983.8016695627,329111.81613448204,2792007.8890985125,27.733567912729455
2188,329007.9632072955,2792253.6611922774,329083.1056562731,2792211.047171538,86.39141864482268
2189,329199.1683847763,2793563.4798750435,329209.5101313443,2793607.739232163,45.45153918960394
