  0
SECTION
  2
HEADER
  9
$ACADVER
  1
AC1024
  9
$ACADMAINTVER
 70
6
  9
$DWGCODEPAGE
  3
ANSI_1252
  9
$LASTSAVEDBY
  1
ezdxf
  9
$INSBASE
 10
0.0
 20
0.0
 30
0.0
  9
$EXTMIN
 10
1e+20
 20
1e+20
 30
1e+20
  9
$EXTMAX
 10
-1e+20
 20
-1e+20
 30
-1e+20
  9
$LIMMIN
 10
0.0
 20
0.0
  9
$LIMMAX
 10
420.0
 20
297.0
  9
$ORTHOMODE
 70
0
  9
$REGENMODE
 70
1
  9
$FILLMODE
 70
1
  9
$QTEXTMODE
 70
0
  9
$MIRRTEXT
 70
1
  9
$LTSCALE
 40
1.0
  9
$ATTMODE
 70
1
  9
$TEXTSIZE
 40
2.5
  9
$TRACEWID
 40
1.0
  9
$TEXTSTYLE
  7
Standard
  9
$CLAYER
  8
0
  9
$CELTYPE
  6
ByLayer
  9
$CECOLOR
 62
256
  9
$CELTSCALE
 40
1.0
  9
$DISPSILH
 70
0
  9
$DIMSCALE
 40
1.0
  9
$DIMASZ
 40
2.5
  9
$DIMEXO
 40
0.625
  9
$DIMDLI
 40
3.75
  9
$DIMRND
 40
0.0
  9
$DIMDLE
 40
0.0
  9
$DIMEXE
 40
1.25
  9
$DIMTP
 40
0.0
  9
$DIMTM
 40
0.0
  9
$DIMTXT
 40
2.5
  9
$DIMCEN
 40
2.5
  9
$DIMTSZ
 40
0.0
  9
$DIMTOL
 70
0
  9
$DIMLIM
 70
0
  9
$DIMTIH
 70
0
  9
$DIMTOH
 70
0
  9
$DIMSE1
 70
0
  9
$DIMSE2
 70
0
  9
$DIMTAD
 70
1
  9
$DIMZIN
 70
8
  9
$DIMBLK
  1

  9
$DIMASO
 70
1
  9
$DIMSHO
 70
1
  9
$DIMPOST
  1

  9
$DIMAPOST
  1

  9
$DIMALT
 70
0
  9
$DIMALTD
 70
3
  9
$DIMALTF
 40
0.03937007874
  9
$DIMLFAC
 40
1.0
  9
$DIMTOFL
 70
1
  9
$DIMTVP
 40
0.0
  9
$DIMTIX
 70
0
  9
$DIMSOXD
 70
0
  9
$DIMSAH
 70
0
  9
$DIMBLK1
  1

  9
$DIMBLK2
  1

  9
$DIMSTYLE
  2
ISO-25
  9
$DIMCLRD
 70
0
  9
$DIMCLRE
 70
0
  9
$DIMCLRT
 70
0
  9
$DIMTFAC
 40
1.0
  9
$DIMGAP
 40
0.625
  9
$DIMJUST
 70
0
  9
$DIMSD1
 70
0
  9
$DIMSD2
 70
0
  9
$DIMTOLJ
 70
0
  9
$DIMTZIN
 70
8
  9
$DIMALTZ
 70
0
  9
$DIMALTTZ
 70
0
  9
$DIMUPT
 70
0
  9
$DIMDEC
 70
2
  9
$DIMTDEC
 70
2
  9
$DIMALTU
 70
2
  9
$DIMALTTD
 70
3
  9
$DIMTXSTY
  7
Standard
  9
$DIMAUNIT
 70
0
  9
$DIMADEC
 70
0
  9
$DIMALTRND
 40
0.0
  9
$DIMAZIN
 70
0
  9
$DIMDSEP
 70
44
  9
$DIMATFIT
 70
3
  9
$DIMFRAC
 70
0
  9
$DIMLDRBLK
  1

  9
$DIMLUNIT
 70
2
  9
$DIMLWD
 70
-2
  9
$DIMLWE
 70
-2
  9
$DIMTMOVE
 70
0
  9
$DIMFXL
 40
1.0
  9
$DIMFXLON
 70
0
  9
$DIMJOGANG
 40
0.785398163397
  9
$DIMTFILL
 70
0
  9
$DIMTFILLCLR
 70
0
  9
$DIMARCSYM
 70
0
  9
$DIMLTYPE
  6

  9
$DIMLTEX1
  6

  9
$DIMLTEX2
  6

  9
$DIMTXTDIRECTION
 70
0
  9
$LUNITS
 70
2
  9
$LUPREC
 70
4
  9
$SKETCHINC
 40
1.0
  9
$FILLETRAD
 40
10.0
  9
$AUNITS
 70
0
  9
$AUPREC
 70
2
  9
$MENU
  1
.
  9
$ELEVATION
 40
0.0
  9
$PELEVATION
 40
0.0
  9
$THICKNESS
 40
0.0
  9
$LIMCHECK
 70
0
  9
$CHAMFERA
 40
0.0
  9
$CHAMFERB
 40
0.0
  9
$CHAMFERC
 40
0.0
  9
$CHAMFERD
 40
0.0
  9
$SKPOLY
 70
0
  9
$TDCREATE
 40
2461079.6582638887
  9
$TDUCREATE
 40
2458532.153996898
  9
$TDUPDATE
 40
2461079.6582638887
  9
$TDUUPDATE
 40
2458532.1544311
  9
$TDINDWG
 40
0.0
  9
$TDUSRTIMER
 40
0.0
  9
$USRTIMER
 70
1
  9
$ANGBASE
 50
0.0
  9
$ANGDIR
 70
0
  9
$PDMODE
 70
0
  9
$PDSIZE
 40
0.0
  9
$PLINEWID
 40
0.0
  9
$SPLFRAME
 70
0
  9
$SPLINETYPE
 70
6
  9
$SPLINESEGS
 70
8
  9
$HANDSEED
  5
8C0
  9
$SURFTAB1
 70
6
  9
$SURFTAB2
 70
6
  9
$SURFTYPE
 70
6
  9
$SURFU
 70
6
  9
$SURFV
 70
6
  9
$UCSBASE
  2

  9
$UCSNAME
  2

  9
$UCSORG
 10
0.0
 20
0.0
 30
0.0
  9
$UCSXDIR
 10
1.0
 20
0.0
 30
0.0
  9
$UCSYDIR
 10
0.0
 20
1.0
 30
0.0
  9
$UCSORTHOREF
  2

  9
$UCSORTHOVIEW
 70
0
  9
$UCSORGTOP
 10
0.0
 20
0.0
 30
0.0
  9
$UCSORGBOTTOM
 10
0.0
 20
0.0
 30
0.0
  9
$UCSORGLEFT
 10
0.0
 20
0.0
 30
0.0
  9
$UCSORGRIGHT
 10
0.0
 20
0.0
 30
0.0
  9
$UCSORGFRONT
 10
0.0
 20
0.0
 30
0.0
  9
$UCSORGBACK
 10
0.0
 20
0.0
 30
0.0
  9
$PUCSBASE
  2

  9
$PUCSNAME
  2

  9
$PUCSORG
 10
0.0
 20
0.0
 30
0.0
  9
$PUCSXDIR
 10
1.0
 20
0.0
 30
0.0
  9
$PUCSYDIR
 10
0.0
 20
1.0
 30
0.0
  9
$PUCSORTHOREF
  2

  9
$PUCSORTHOVIEW
 70
0
  9
$PUCSORGTOP
 10
0.0
 20
0.0
 30
0.0
  9
$PUCSORGBOTTOM
 10
0.0
 20
0.0
 30
0.0
  9
$PUCSORGLEFT
 10
0.0
 20
0.0
 30
0.0
  9
$PUCSORGRIGHT
 10
0.0
 20
0.0
 30
0.0
  9
$PUCSORGFRONT
 10
0.0
 20
0.0
 30
0.0
  9
$PUCSORGBACK
 10
0.0
 20
0.0
 30
0.0
  9
$USERI1
 70
0
  9
$USERI2
 70
0
  9
$USERI3
 70
0
  9
$USERI4
 70
0
  9
$USERI5
 70
0
  9
$USERR1
 40
0.0
  9
$USERR2
 40
0.0
  9
$USERR3
 40
0.0
  9
$USERR4
 40
0.0
  9
$USERR5
 40
0.0
  9
$WORLDVIEW
 70
1
  9
$SHADEDGE
 70
3
  9
$SHADEDIF
 70
70
  9
$TILEMODE
 70
1
  9
$MAXACTVP
 70
64
  9
$PINSBASE
 10
0.0
 20
0.0
 30
0.0
  9
$PLIMCHECK
 70
0
  9
$PEXTMIN
 10
1e+20
 20
1e+20
 30
1e+20
  9
$PEXTMAX
 10
-1e+20
 20
-1e+20
 30
-1e+20
  9
$PLIMMIN
 10
0.0
 20
0.0
  9
$PLIMMAX
 10
420.0
 20
297.0
  9
$UNITMODE
 70
0
  9
$VISRETAIN
 70
1
  9
$PLINEGEN
 70
0
  9
$PSLTSCALE
 70
1
  9
$TREEDEPTH
 70
3020
  9
$CMLSTYLE
  2
Standard
  9
$CMLJUST
 70
0
  9
$CMLSCALE
 40
20.0
  9
$PROXYGRAPHICS
 70
1
  9
$MEASUREMENT
 70
1
  9
$CELWEIGHT
370
-1
  9
$ENDCAPS
280
0
  9
$JOINSTYLE
280
0
  9
$LWDISPLAY
290
0
  9
$INSUNITS
 70
6
  9
$HYPERLINKBASE
  1

  9
$STYLESHEET
  1

  9
$XEDIT
290
1
  9
$CEPSNTYPE
380
0
  9
$PSTYLEMODE
290
1
  9
$FINGERPRINTGUID
  2
{96148F82-9AE9-4134-9FB8-F510800AF390}
  9
$VERSIONGUID
  2
{E532791F-B5ED-4387-A873-D6D7A6123ADC}
  9
$EXTNAMES
290
1
  9
$PSVPSCALE
 40
0.0
  9
$OLESTARTUP
290
0
  9
$SORTENTS
280
127
  9
$INDEXCTL
280
0
  9
$HIDETEXT
280
1
  9
$XCLIPFRAME
280
1
  9
$HALOGAP
280
0
  9
$OBSCOLOR
 70
257
  9
$OBSLTYPE
280
0
  9
$INTERSECTIONDISPLAY
280
0
  9
$INTERSECTIONCOLOR
 70
257
  9
$DIMASSOC
280
2
  9
$PROJECTNAME
  1

  9
$CAMERADISPLAY
290
0
  9
$LENSLENGTH
 40
50.0
  9
$CAMERAHEIGHT
 40
0.0
  9
$STEPSPERSEC
 40
24.0
  9
$STEPSIZE
 40
100.0
  9
$3DDWFPREC
 40
2.0
  9
$PSOLWIDTH
 40
0.005
  9
$PSOLHEIGHT
 40
0.08
  9
$LOFTANG1
 40
1.570796326795
  9
$LOFTANG2
 40
1.570796326795
  9
$LOFTMAG1
 40
0.0
  9
$LOFTMAG2
 40
0.0
  9
$LOFTPARAM
 70
7
  9
$LOFTNORMALS
280
1
  9
$LATITUDE
 40
37.795
  9
$LONGITUDE
 40
-122.394
  9
$NORTHDIRECTION
 40
0.0
  9
$TIMEZONE
 70
-8000
  9
$LIGHTGLYPHDISPLAY
280
1
  9
$TILEMODELIGHTSYNCH
280
1
  9
$CMATERIAL
347
20
  9
$SOLIDHIST
280
0
  9
$SHOWHIST
280
1
  9
$DWFFRAME
280
2
  9
$DGNFRAME
280
2
  9
$REALWORLDSCALE
290
1
  9
$INTERFERECOLOR
 62
256
  9
$CSHADOW
280
0
  9
$SHADOWPLANELOCATION
 40
0.0
  0
ENDSEC
  0
SECTION
  2
CLASSES
  0
CLASS
  1
ACDBDICTIONARYWDFLT
  2
AcDbDictionaryWithDefault
  3
ObjectDBX Classes
 90
0
 91
0
280
0
281
0
  0
CLASS
  1
SUN
  2
AcDbSun
  3
SCENEOE
 90
1153
 91
0
280
0
281
0
  0
CLASS
  1
VISUALSTYLE
  2
AcDbVisualStyle
  3
ObjectDBX Classes
 90
4095
 91
0
280
0
281
0
  0
CLASS
  1
MATERIAL
  2
AcDbMaterial
  3
ObjectDBX Classes
 90
1153
 91
0
280
0
281
0
  0
CLASS
  1
SCALE
  2
AcDbScale
  3
ObjectDBX Classes
 90
1153
 91
0
280
0
281
0
  0
CLASS
  1
TABLESTYLE
  2
AcDbTableStyle
  3
ObjectDBX Classes
 90
4095
 91
0
280
0
281
0
  0
CLASS
  1
MLEADERSTYLE
  2
AcDbMLeaderStyle
  3
ACDB_MLEADERSTYLE_CLASS
 90
4095
 91
0
280
0
281
0
  0
CLASS
  1
DICTIONARYVAR
  2
AcDbDictionaryVar
  3
ObjectDBX Classes
 90
0
 91
0
280
0
281
0
  0
CLASS
  1
CELLSTYLEMAP
  2
AcDbCellStyleMap
  3
ObjectDBX Classes
 90
1152
 91
0
280
0
281
0
  0
CLASS
  1
MENTALRAYRENDERSETTINGS
  2
AcDbMentalRayRenderSettings
  3
SCENEOE
 90
1024
 91
0
280
0
281
0
  0
CLASS
  1
ACDBDETAILVIEWSTYLE
  2
AcDbDetailViewStyle
  3
ObjectDBX Classes
 90
1025
 91
0
280
0
281
0
  0
CLASS
  1
ACDBSECTIONVIEWSTYLE
  2
AcDbSectionViewStyle
  3
ObjectDBX Classes
 90
1025
 91
0
280
0
281
0
  0
CLASS
  1
RASTERVARIABLES
  2
AcDbRasterVariables
  3
ISM
 90
0
 91
0
280
0
281
0
  0
CLASS
  1
LAYOUT
  2
AcDbLayout
  3
ObjectDBX Classes
 90
0
 91
0
280
0
281
0
  0
CLASS
  1
ACDBPLACEHOLDER
  2
AcDbPlaceHolder
  3
ObjectDBX Classes
 90
0
 91
0
280
0
281
0
  0
ENDSEC
  0
SECTION
  2
TABLES
  0
TABLE
  2
VPORT
  5
8
330
0
100
AcDbSymbolTable
 70
1
  0
VPORT
  5
23
330
8
100
AcDbSymbolTableRecord
100
AcDbViewportTableRecord
  2
*Active
 70
0
 10
0.0
 20
0.0
 11
1.0
 21
1.0
 12
0.0
 22
0.0
 13
0.0
 23
0.0
 14
0.5
 24
0.5
 15
0.5
 25
0.5
 16
0.0
 26
0.0
 36
1.0
 17
0.0
 27
0.0
 37
0.0
 40
1000.0
 41
1.34
 42
50.0
 43
0.0
 44
0.0
 50
0.0
 51
0.0
 71
0
 72
1000
 73
1
 74
3
 75
0
 76
0
 77
0
 78
0
281
0
 65
0
146
0.0
  0
ENDTAB
  0
TABLE
  2
LTYPE
  5
2
330
0
100
AcDbSymbolTable
 70
3
  0
LTYPE
  5
24
330
2
100
AcDbSymbolTableRecord
100
AcDbLinetypeTableRecord
  2
ByBlock
 70
0
  3

 72
65
 73
0
 40
0.0
  0
LTYPE
  5
25
330
2
100
AcDbSymbolTableRecord
100
AcDbLinetypeTableRecord
  2
ByLayer
 70
0
  3

 72
65
 73
0
 40
0.0
  0
LTYPE
  5
26
330
2
100
AcDbSymbolTableRecord
100
AcDbLinetypeTableRecord
  2
Continuous
 70
0
  3

 72
65
 73
0
 40
0.0
  0
ENDTAB
  0
TABLE
  2
LAYER
  5
1
330
0
100
AcDbSymbolTable
 70
2
  0
LAYER
  5
27
330
1
100
AcDbSymbolTableRecord
100
AcDbLayerTableRecord
  2
0
 70
0
 62
7
  6
Continuous
370
-3
390
13
347
21
  0
LAYER
  5
28
330
1
100
AcDbSymbolTableRecord
100
AcDbLayerTableRecord
  2
Defpoints
 70
0
 62
7
  6
Continuous
290
0
370
-3
390
13
347
21
  0
ENDTAB
  0
TABLE
  2
STYLE
  5
5
330
0
100
AcDbSymbolTable
 70
1
  0
STYLE
  5
29
330
5
100
AcDbSymbolTableRecord
100
AcDbTextStyleTableRecord
  2
Standard
 70
0
 40
0.0
 41
1.0
 50
0.0
 71
0
 42
2.5
  3
txt
  4

  0
ENDTAB
  0
TABLE
  2
VIEW
  5
7
330
0
100
AcDbSymbolTable
 70
0
  0
ENDTAB
  0
TABLE
  2
UCS
  5
6
330
0
100
AcDbSymbolTable
 70
0
  0
ENDTAB
  0
TABLE
  2
APPID
  5
3
330
0
100
AcDbSymbolTable
 70
3
  0
APPID
  5
2A
330
3
100
AcDbSymbolTableRecord
100
AcDbRegAppTableRecord
  2
ACAD
 70
0
  0
APPID
  5
8BD
330
3
100
AcDbSymbolTableRecord
100
AcDbRegAppTableRecord
  2
HATCHBACKGROUNDCOLOR
 70
0
  0
APPID
  5
8BE
330
3
100
AcDbSymbolTableRecord
100
AcDbRegAppTableRecord
  2
EZDXF
 70
0
  0
ENDTAB
  0
TABLE
  2
DIMSTYLE
  5
4
330
0
100
AcDbSymbolTable
 70
1
100
AcDbDimStyleTable
  0
DIMSTYLE
105
2B
330
4
100
AcDbSymbolTableRecord
100
AcDbDimStyleTableRecord
  2
Standard
 70
0
 40
1.0
 41
2.5
 42
0.625
 43
3.75
 44
1.25
 45
0.0
 46
0.0
 47
0.0
 48
0.0
 49
2.5
140
2.5
141
2.5
142
0.0
143
0.03937007874
144
1.0
145
0.0
146
1.0
147
0.625
148
0.0
 69
0
 70
0
 71
0
 72
0
 73
0
 74
0
 75
0
 76
0
 77
1
 78
8
 79
3
170
0
171
3
172
1
173
0
174
0
175
0
176
0
177
0
178
0
179
2
271
2
272
2
273
2
274
3
275
0
276
0
277
2
278
44
279
0
280
0
281
0
282
0
283
0
284
8
285
0
286
0
288
0
289
3
290
0
371
-2
372
-2
  0
ENDTAB
  0
TABLE
  2
BLOCK_RECORD
  5
9
330
0
100
AcDbSymbolTable
 70
2
  0
BLOCK_RECORD
  5
17
330
9
100
AcDbSymbolTableRecord
100
AcDbBlockTableRecord
  2
*Model_Space
340
1A
 70
0
280
1
281
0
  0
BLOCK_RECORD
  5
1B
330
9
100
AcDbSymbolTableRecord
100
AcDbBlockTableRecord
  2
*Paper_Space
340
1E
 70
0
280
1
281
0
  0
ENDTAB
  0
ENDSEC
  0
SECTION
  2
BLOCKS
  0
BLOCK
  5
18
330
17
100
AcDbEntity
  8
0
100
AcDbBlockBegin
  2
*Model_Space
 70
0
 10
0.0
 20
0.0
 30
0.0
  3
*Model_Space
  1

  0
ENDBLK
  5
19
330
17
100
AcDbEntity
  8
0
100
AcDbBlockEnd
  0
BLOCK
  5
1C
330
1B
100
AcDbEntity
  8
0
100
AcDbBlockBegin
  2
*Paper_Space
 70
0
 10
0.0
 20
0.0
 30
0.0
  3
*Paper_Space
  1

  0
ENDBLK
  5
1D
330
1B
100
AcDbEntity
  8
0
100
AcDbBlockEnd
  0
ENDSEC
  0
SECTION
  2
ENTITIES
  0
LWPOLYLINE
  5
2F
330
17
100
AcDbEntity
  8
0
100
AcDbPolyline
 90
18
 70
0
 10
329203.6565760055
 20
2794247.45205194
 10
329212.5074154268
 20
2794241.502084007
 10
329238.4666566368
 20
2794224.5348819643
 10
329247.813335835
 20
2794218.755926962
 10
329275.1234118291
 20
2794201.8492893404
 10
329280.44136396726
 20
2794198.5473347735
 10
329418.7808144466
 20
2794119.1881661993
 10
329518.80635315273
 20
2794062.070906345
 10
329554.54706049606
 20
2794044.9699668474
 10
329603.1521809143
 20
2794024.594068302
 10
329630.6070052376
 20
2794012.715836611
 10
329670.63018585887
 20
2793994.0546485134
 10
329728.4025473647
 20
2793966.396238544
 10
329767.58043740113
 20
2793946.9926915816
 10
329796.49136986444
 20
2793932.3158908463
 10
329777.9339564333
 20
2793941.932611567
 10
329804.4399496668
 20
2793927.485508604
 10
329937.748850213
 20
2793802.5648388285
  0
LWPOLYLINE
  5
30
330
17
100
AcDbEntity
  8
0
100
AcDbPolyline
 90
21
 70
0
 10
329917.7054008164
 20
2794177.842772108
 10
329896.0762024736
 20
2794128.252461365
 10
329818.8811380736
 20
2793982.2510032733
 10
329796.49136986444
 20
2793932.3158908463
 10
329813.70071134774
 20
2793971.68125041
 10
329790.84183075384
 20
2793918.0962847555
 10
329693.5648059557
 20
2793616.0365237724
 10
329691.8841686724
 20
2793610.585118116
 10
329677.36323048885
 20
2793560.750470194
 10
329620.60482558736
 20
2793371.5206588097
 10
329616.5939383764
 20
2793357.8454468646
 10
329587.77967211907
 20
2793261.131259126
 10
329583.86438784166
 20
2793248.651282096
 10
329569.2741021924
 20
2793202.1631717538
 10
329566.3664709951
 20
2793192.8942227056
 10
329552.27353259036
 20
2793144.3061026167
 10
329538.3140012736
 20
2793095.11809589
 10
329473.45448930014
 20
2792900.529332519
 10
329465.52932704624
 20
2792877.686533269
 10
329453.86666732066
 20
2792840.5004296284
 10
329397.89325095515
 20
2792652.424603571
  0
LWPOLYLINE
  5
31
330
17
100
AcDbEntity
  8
0
100
AcDbPolyline
 90
8
 70
0
 10
329804.4399496668
 20
2793927.485508604
 10
329800.2586801237
 20
2793920.259840461
 10
329824.8565933225
 20
2793963.132592649
 10
329828.9423302063
 20
2793972.3756785616
 10
329926.8471095072
 20
2794148.537064993
 10
329944.1743081962
 20
2794170.087537239
 10
329965.81249205477
 20
2794214.803447218
 10
329968.1346047805
 20
2794219.2054728554
  0
LWPOLYLINE
  5
32
330
17
100
AcDbEntity
  8
0
100
AcDbPolyline
 90
4
 70
0
 10
329790.84183075384
 20
2793918.0962847555
 10
329771.97182185686
 20
2793928.492412414
 10
329760.6457727476
 20
2793934.727937956
 10
329749.89389957953
 20
2793940.9562447146
  0
LWPOLYLINE
  5
33
330
17
100
AcDbEntity
  8
0
100
AcDbPolyline
 90
24
 70
0
 10
329800.544762534
 20
2793990.2142821886
 10
329777.9339564333
 20
2793941.932611567
 10
329795.7808388972
 20
2793982.320187158
 10
329771.97182185686
 20
2793928.492412414
 10
329747.0171019742
 20
2793857.297592472
 10
329705.4404241063
 20
2793719.8325705775
 10
329703.1322829901
 20
2793711.7524834974
 10
329694.7853244578
 20
2793682.556081357
 10
329685.15234026
 20
2793648.844945033
 10
329679.1830698607
 20
2793630.0541550885
 10
329641.90862124943
 20
2793504.6988231223
 10
329638.88707219856
 20
2793495.1765019773
 10
329614.25769126613
 20
2793416.3228128115
 10
329608.9453402825
 20
2793399.3073405125
 10
329600.5477565409
 20
2793371.7179397894
 10
329594.0613590906
 20
2793347.084467219
 10
329592.82888980303
 20
2793342.8238567333
 10
329569.31402247533
 20
2793302.884553268
 10
329554.17524513457
 20
2793252.8473042874
 10
329551.6086944055
 20
2793244.2609007303
 10
329537.9751256168
 20
2793198.547304319
 10
329536.8096310826
 20
2793194.8065232714
 10
329534.3637820623
 20
2793187.0051446054
 10
329504.144489228
 20
2793115.5778953256
  0
LWPOLYLINE
  5
34
330
17
100
AcDbEntity
  8
0
100
AcDbPolyline
 90
13
 70
0
 10
329813.70071134774
 20
2793971.68125041
 10
329824.8565933225
 20
2793963.132592649
 10
329795.7808388972
 20
2793982.320187158
 10
329786.9809662708
 20
2793987.549025762
 10
329635.4598658658
 20
2794038.0567434994
 10
329480.2710007626
 20
2794109.2066707066
 10
329458.5183467559
 20
2794121.0576227815
 10
329327.6709105999
 20
2794193.774638307
 10
329276.3134646639
 20
2794224.289588426
 10
329256.6125338471
 20
2794235.0404087557
 10
329248.3793386073
 20
2794239.6420946647
 10
329219.86804190464
 20
2794255.555859108
 10
329210.4045821358
 20
2794260.8599525723
  0
LINE
  5
35
330
17
100
AcDbEntity
  8
0
100
AcDbLine
 10
328025.1858504175
 20
2791613.490916542
 30
0.0
 11
328116.07969869184
 21
2791605.844567056
 31
0.0
  0
LINE
  5
36
330
17
100
AcDbEntity
  8
0
100
AcDbLine
 10
327783.5427113989
 20
2791559.798838
 30
0.0
 11
327781.3911354607
 21
2791533.2497177604
 31
0.0
  0
LWPOLYLINE
  5
37
330
17
100
AcDbEntity
  8
0
100
AcDbPolyline
 90
30
 70
0
 10
327783.5427113989
 20
2791559.798838
 10
327887.0121299331
 20
2791761.3237175127
 10
327892.1846741869
 20
2791771.095340519
 10
327914.7949234699
 20
2791817.757046894
 10
327980.0605056661
 20
2791962.9041321925
 10
328043.3215924995
 20
2792082.829831336
 10
328144.34846336
 20
2792247.3198266085
 10
328159.41742857127
 20
2792274.7130359346
 10
328283.6994190274
 20
2792514.8381639565
 10
328287.91310949845
 20
2792522.140572948
 10
328331.0529313326
 20
2792594.0220258497
 10
328337.821360188
 20
2792606.5319925193
 10
328459.25358567305
 20
2792814.667671506
 10
328487.7550189451
 20
2792888.3857892617
 10
328527.12208462
 20
2792958.487686071
 10
328564.40582200163
 20
2793020.850306873
 10
328693.82705184957
 20
2793258.110545854
 10
328704.6678917572
 20
2793277.1938042957
 10
328717.78086171875
 20
2793300.6684697955
 10
328744.682840182
 20
2793346.9113498754
 10
328750.49108664214
 20
2793356.054810893
 10
328757.7749026871
 20
2793367.949123706
 10
328763.2995301797
 20
2793376.974320646
 10
328773.00994304783
 20
2793394.3215911086
 10
328785.7516119493
 20
2793416.3386978847
 10
328899.5153677595
 20
2793595.959850504
 10
328907.4545922597
 20
2793610.305280345
 10
328928.7456373236
 20
2793648.74289843
 10
328983.12325667107
 20
2793748.5780007364
 10
328999.44836857804
 20
2793778.360028688
  0
LINE
  5
38
330
17
100
AcDbEntity
  8
0
100
AcDbLine
 10
327783.5427113989
 20
2791559.798838
 30
0.0
 11
327823.7087124628
 21
2791543.224534282
 31
0.0
  0
LWPOLYLINE
  5
39
330
17
100
AcDbEntity
  8
0
100
AcDbPolyline
 90
14
 70
0
 10
328224.3968564434
 20
2792528.62989261
 10
328168.91762980964
 20
2792403.9297344363
 10
328113.8694103374
 20
2792305.3022356136
 10
328108.27664069494
 20
2792294.151116459
 10
328083.6990605747
 20
2792226.5653769346
 10
328049.2281687915
 20
2792150.3868753216
 10
328037.7407912912
 20
2792128.9304551533
 10
328004.42188500613
 20
2792064.1478980067
 10
327939.238514931
 20
2791942.8509451523
 10
327930.88426743844
 20
2791927.7136232583
 10
327861.7783492969
 20
2791796.7845353223
 10
327877.99414908263
 20
2791831.873299899
 10
327851.7236244535
 20
2791781.059581965
 10
327755.6068871313
 20
2791619.699398493
  0
LWPOLYLINE
  5
3A
330
17
100
AcDbEntity
  8
0
100
AcDbPolyline
 90
14
 70
0
 10
327861.7783492969
 20
2791796.7845353223
 10
328122.09493341396
 20
2792284.1603510324
 10
328132.1275836035
 20
2792303.752020468
 10
328175.10219239106
 20
2792387.8986681253
 10
328183.87467570236
 20
2792402.687377292
 10
328251.82100121985
 20
2792531.627351061
 10
328256.7740148528
 20
2792540.8147290046
 10
328294.30374083796
 20
2792616.821888019
 10
328299.40467037243
 20
2792627.3478562627
 10
328408.6221296798
 20
2792808.9841474197
 10
328504.2295034934
 20
2792977.4777726154
 10
328541.71124966245
 20
2793026.0455499226
 10
328510.8018613623
 20
2792968.188524653
 10
328381.58559564257
 20
2792742.769635258
  0
LINE
  5
3B
330
17
100
AcDbEntity
  8
0
100
AcDbLine
 10
327851.7236244535
 20
2791781.059581965
 30
0.0
 11
327833.9575012559
 21
2791773.8188898833
 31
0.0
  0
LWPOLYLINE
  5
3C
330
17
100
AcDbEntity
  8
0
100
AcDbPolyline
 90
3
 70
0
 10
327851.7236244535
 20
2791781.059581965
 10
327852.3203041534
 20
2791810.542041569
 10
327854.6296458456
 20
2791826.5316808126
  0
LINE
  5
3D
330
17
100
AcDbEntity
  8
0
100
AcDbLine
 10
327877.99414908263
 20
2791831.873299899
 30
0.0
 11
327854.6296458456
 21
2791826.5316808126
 31
0.0
  0
LINE
  5
3E
330
17
100
AcDbEntity
  8
0
100
AcDbLine
 10
328122.09493341396
 20
2792284.1603510324
 30
0.0
 11
328083.6990605747
 21
2792226.5653769346
 31
0.0
  0
LINE
  5
3F
330
17
100
AcDbEntity
  8
0
100
AcDbLine
 10
329723.2405516926
 20
2791828.029286222
 30
0.0
 11
329760.38429438643
 21
2791778.574896807
 31
0.0
  0
LWPOLYLINE
  5
40
330
17
100
AcDbEntity
  8
0
100
AcDbPolyline
 90
3
 70
0
 10
329723.2405516926
 20
2791828.029286222
 10
329746.8346512248
 20
2791870.925769384
 10
329754.90194739605
 20
2791896.259484416
  0
LWPOLYLINE
  5
41
330
17
100
AcDbEntity
  8
0
100
AcDbPolyline
 90
4
 70
0
 10
329723.2405516926
 20
2791828.029286222
 10
329872.64340718184
 20
2791730.413999741
 10
329895.06306066806
 20
2791716.7720936
 10
329927.7211859911
 20
2791695.180478207
  0
LINE
  5
42
330
17
100
AcDbEntity
  8
0
100
AcDbLine
 10
329221.4756178118
 20
2791979.1973568057
 30
0.0
 11
329252.8755994424
 21
2791983.398552802
 31
0.0
  0
LINE
  5
43
330
17
100
AcDbEntity
  8
0
100
AcDbLine
 10
329221.4756178118
 20
2791979.1973568057
 30
0.0
 11
329250.1300773256
 21
2792050.898690909
 31
0.0
  0
LINE
  5
44
330
17
100
AcDbEntity
  8
0
100
AcDbLine
 10
329252.8755994424
 20
2791983.398552802
 30
0.0
 11
329160.10621883324
 21
2792028.250216337
 31
0.0
  0
LWPOLYLINE
  5
45
330
17
100
AcDbEntity
  8
0
100
AcDbPolyline
 90
3
 70
0
 10
329160.10621883324
 20
2792028.250216337
 10
329036.14055135543
 20
2791942.996732522
 10
329098.07035128283
 20
2791983.8016695627
  0
LINE
  5
46
330
17
100
AcDbEntity
  8
0
100
AcDbLine
 10
329160.10621883324
 20
2792028.250216337
 30
0.0
 11
329172.78396204347
 21
2792007.6511157
 31
0.0
  0
LWPOLYLINE
  5
47
330
17
100
AcDbEntity
  8
0
100
AcDbPolyline
 90
10
 70
0
 10
330142.4300259516
 20
2793355.1200539307
 10
329953.21131068864
 20
2793119.6406913972
 10
329830.7600194963
 20
2792970.164466168
 10
329828.13862819155
 20
2792966.818633607
 10
329799.38508538937
 20
2792930.1131778103
 10
329794.7771620826
 20
2792924.2333123027
 10
329700.1039585805
 20
2792814.234255793
 10
329661.5188423699
 20
2792767.350215046
 10
329699.24436327623
 20
2792813.1815823554
 10
329297.58025984745
 20
2792263.5087580336
  0
LINE
  5
48
330
17
100
AcDbEntity
  8
0
100
AcDbLine
 10
329661.5188423699
 20
2792767.350215046
 30
0.0
 11
329718.20780416427
 21
2792758.051078782
 31
0.0
  0
LWPOLYLINE
  5
49
330
17
100
AcDbEntity
  8
0
100
AcDbPolyline
 90
3
 70
0
 10
329271.2675626818
 20
2792015.580968972
 10
329259.5194140171
 20
2792022.819155232
 10
329463.6140987645
 20
2791907.8808912034
  0
LWPOLYLINE
  5
4A
330
17
100
AcDbEntity
  8
0
100
AcDbPolyline
 90
4
 70
0
 10
329271.2675626818
 20
2792015.580968972
 10
329250.1300773256
 20
2792050.898690909
 10
329259.5194140171
 20
2792022.819155232
 10
329218.45526332123
 20
2792071.2167729954
  0
LWPOLYLINE
  5
4B
330
17
100
AcDbEntity
  8
0
100
AcDbPolyline
 90
13
 70
0
 10
329218.45526332123
 20
2792071.2167729954
 10
329316.0881366786
 20
2792406.3597644167
 10
329361.03019031766
 20
2792574.434516434
 10
329417.34460602363
 20
2792763.9239238803
 10
329449.354607607
 20
2792871.0109509327
 10
329482.8227976953
 20
2792977.115859747
 10
329512.54979323165
 20
2793079.0029201997
 10
329516.1340269461
 20
2793090.7891351827
 10
329519.4181833257
 20
2793101.1500605834
 10
329541.1341986797
 20
2793170.203003036
 10
329554.1856069538
 20
2793211.2933012866
 10
329558.42937511054
 20
2793225.8518113424
 10
329592.82888980303
 20
2793342.8238567333
  0
LINE
  5
4C
330
17
100
AcDbEntity
  8
0
100
AcDbLine
 10
329218.45526332123
 20
2792071.2167729954
 30
0.0
 11
329172.78396204347
 21
2792007.6511157
 31
0.0
  0
LWPOLYLINE
  5
4D
330
17
100
AcDbEntity
  8
0
100
AcDbPolyline
 90
7
 70
0
 10
329747.0171019742
 20
2793857.297592472
 10
329749.89389957953
 20
2793940.9562447146
 10
329741.98305540835
 20
2793905.572763713
 10
329742.21751529386
 20
2793892.187494306
 10
329719.36109650915
 20
2793801.2251614225
 10
329699.7513551852
 20
2793736.0892817387
 10
329699.1624256209
 20
2793734.1248003026
  0
LINE
  5
4E
330
17
100
AcDbEntity
  8
0
100
AcDbLine
 10
329749.89389957953
 20
2793940.9562447146
 30
0.0
 11
329728.4025473647
 21
2793966.396238544
 31
0.0
  0
LINE
  5
4F
330
17
100
AcDbEntity
  8
0
100
AcDbLine
 10
329705.4404241063
 20
2793719.8325705775
 30
0.0
 11
329699.1624256209
 21
2793734.1248003026
 31
0.0
  0
LINE
  5
50
330
17
100
AcDbEntity
  8
0
100
AcDbLine
 10
329316.0881366786
 20
2792406.3597644167
 30
0.0
 11
329374.9709322318
 21
2792516.586224844
 31
0.0
  0
LINE
  5
51
330
17
100
AcDbEntity
  8
0
100
AcDbLine
 10
329361.03019031766
 20
2792574.434516434
 30
0.0
 11
329355.3093248374
 21
2792596.9730163887
 31
0.0
  0
LINE
  5
52
330
17
100
AcDbEntity
  8
0
100
AcDbLine
 10
329374.9709322318
 20
2792516.586224844
 30
0.0
 11
329368.74769578094
 21
2792480.118124001
 31
0.0
  0
LWPOLYLINE
  5
53
330
17
100
AcDbEntity
  8
0
100
AcDbPolyline
 90
10
 70
0
 10
329374.9709322318
 20
2792516.586224844
 10
329588.94776759006
 20
2792703.6125208456
 10
329634.1142676465
 20
2792757.824729076
 10
329657.8667881905
 20
2792786.9822185594
 10
329682.7142706008
 20
2792817.488560719
 10
329740.99946398824
 20
2792886.2032817923
 10
329876.34122160333
 20
2793049.4861112894
 10
329882.36032362795
 20
2793056.223419679
 10
329914.5733614486
 20
2793094.059798182
 10
330134.06827431265
 20
2793361.583864564
  0
LWPOLYLINE
  5
54
330
17
100
AcDbEntity
  8
0
100
AcDbPolyline
 90
3
 70
0
 10
329818.8811380736
 20
2793982.2510032733
 10
329800.544762534
 20
2793990.2142821886
 10
329790.38966823893
 20
2793995.028131851
  0
LINE
  5
55
330
17
100
AcDbEntity
  8
0
100
AcDbLine
 10
329818.8811380736
 20
2793982.2510032733
 30
0.0
 11
329828.9423302063
 21
2793972.3756785616
 31
0.0
  0
LWPOLYLINE
  5
56
330
17
100
AcDbEntity
  8
0
100
AcDbPolyline
 90
6
 70
0
 10
329824.8565933225
 20
2793963.132592649
 10
329987.5002724199
 20
2793771.4856817243
 10
330100.1350430612
 20
2793664.717829253
 10
330049.83425546915
 20
2793724.2851120466
 10
330000.23993070563
 20
2793780.708644683
 10
329880.7833662274
 20
2793920.875038938
  0
LWPOLYLINE
  5
57
330
17
100
AcDbEntity
  8
0
100
AcDbPolyline
 90
4
 70
0
 10
329790.38966823893
 20
2793995.028131851
 10
329767.58043740113
 20
2793946.9926915816
 10
329786.9809662708
 20
2793987.549025762
 10
329760.6457727476
 20
2793934.727937956
  0
LWPOLYLINE
  5
58
330
17
100
AcDbEntity
  8
0
100
AcDbPolyline
 90
10
 70
0
 10
328715.8907904188
 20
2792342.0472591952
 10
328462.3946005308
 20
2792512.482856304
 10
328346.7984441514
 20
2792584.261820381
 10
328294.30374083796
 20
2792616.821888019
 10
328331.0529313326
 20
2792594.0220258497
 10
328291.1846486721
 20
2792618.7558349585
 10
328161.8850733293
 20
2792693.5353670153
 10
328006.81345606
 20
2792791.3097718623
 10
327937.57127500576
 20
2792828.360441543
 10
327821.1933294436
 20
2792892.133649387
  0
LWPOLYLINE
  5
59
330
17
100
AcDbEntity
  8
0
100
AcDbPolyline
 90
4
 70
0
 10
328238.4322074213
 20
2792533.3704071334
 10
328291.1846486721
 20
2792618.7558349585
 10
328244.70689155394
 20
2792549.0438732444
 10
328297.8365269675
 20
2792628.431258711
  0
LWPOLYLINE
  5
5A
330
17
100
AcDbEntity
  8
0
100
AcDbPolyline
 90
4
 70
0
 10
328351.02774523955
 20
2792599.1525722276
 10
328299.40467037243
 20
2792627.3478562627
 10
328337.821360188
 20
2792606.5319925193
 10
328297.8365269675
 20
2792628.431258711
  0
LWPOLYLINE
  5
5B
330
17
100
AcDbEntity
  8
0
100
AcDbPolyline
 90
11
 70
0
 10
327797.82323495543
 20
2792842.679031914
 10
327813.8982890764
 20
2792832.736711415
 10
327874.92187094246
 20
2792797.540296566
 10
327922.5390291135
 20
2792772.1637744927
 10
328085.49391313514
 20
2792674.7313336786
 10
328256.7740148528
 20
2792540.8147290046
 10
328244.70689155394
 20
2792549.0438732444
 10
328287.91310949845
 20
2792522.140572948
 10
328309.71225472796
 20
2792511.4283311903
 10
328597.6312456154
 20
2792367.6396669797
 10
328715.9950377735
 20
2792315.259061561
  0
LWPOLYLINE
  5
5C
330
17
100
AcDbEntity
  8
0
100
AcDbPolyline
 90
4
 70
0
 10
328346.7984441514
 20
2792584.261820381
 10
328351.02774523955
 20
2792599.1525722276
 10
328309.71225472796
 20
2792511.4283311903
 10
328306.7736041378
 20
2792498.205088284
  0
LWPOLYLINE
  5
5D
330
17
100
AcDbEntity
  8
0
100
AcDbPolyline
 90
6
 70
0
 10
327782.55953678663
 20
2793884.8760029944
 10
327795.3117098008
 20
2793897.331661741
 10
328046.98778582993
 20
2794144.2631648267
 10
328059.24969949806
 20
2794157.024387671
 10
328066.2470998813
 20
2794163.8038776685
 10
328082.4653929482
 20
2794179.50591842
  0
LWPOLYLINE
  5
5E
330
17
100
AcDbEntity
  8
0
100
AcDbPolyline
 90
33
 70
0
 10
327782.55953678663
 20
2793884.8760029944
 10
327802.92134487885
 20
2793873.0510751056
 10
327812.7705505742
 20
2793867.198238108
 10
327860.35248748085
 20
2793843.328272109
 10
327947.4851391041
 20
2793797.8069878328
 10
328140.87623297866
 20
2793694.226404881
 10
328229.64365836274
 20
2793647.977301749
 10
328237.5085732759
 20
2793643.7231011475
 10
328247.04449316475
 20
2793638.5614312915
 10
328459.789278608
 20
2793525.068759616
 10
328638.81319331285
 20
2793432.036149939
 10
328724.1755967953
 20
2793387.949605492
 10
328732.9128305868
 20
2793382.5436219783
 10
328757.7749026871
 20
2793367.949123706
 10
328768.0056903461
 20
2793361.937114977
 10
328801.8641309941
 20
2793343.2960807914
 10
328806.68861022865
 20
2793340.786751974
 10
328850.1603667544
 20
2793319.0773964426
 10
328946.9112178404
 20
2793265.598038215
 10
328980.2159929271
 20
2793251.739153823
 10
329058.245353385
 20
2793226.7576287277
 10
329118.69630237826
 20
2793209.1661649006
 10
329146.4524522614
 20
2793201.0941096414
 10
329191.17774552613
 20
2793187.6232717456
 10
329220.29532313335
 20
2793178.8473405815
 10
329256.06213802705
 20
2793168.4366079974
 10
329271.38915033615
 20
2793163.845144114
 10
329275.41401949385
 20
2793162.631144553
 10
329285.6019066407
 20
2793159.5779473893
 10
329340.23090493237
 20
2793143.6673150477
 10
329369.00096428965
 20
2793135.2838348323
 10
329396.9499163527
 20
2793126.500885014
 10
329421.81016489083
 20
2793118.8647529394
  0
LWPOLYLINE
  5
5F
330
17
100
AcDbEntity
  8
0
100
AcDbPolyline
 90
3
 70
0
 10
327795.3117098008
 20
2793897.331661741
 10
327811.2732229716
 20
2793881.7408070723
 10
327817.7814207756
 20
2793875.3987626564
  0
LWPOLYLINE
  5
60
330
17
100
AcDbEntity
  8
0
100
AcDbPolyline
 90
10
 70
0
 10
327782.7747755946
 20
2793851.9378068987
 10
327802.92134487885
 20
2793873.0510751056
 10
327794.9463970752
 20
2793864.6888933037
 10
327811.2732229716
 20
2793881.7408070723
 10
327853.1430387633
 20
2793924.379421064
 10
328112.6093480375
 20
2794184.318343275
 10
328122.54348547664
 20
2794193.874382746
 10
328136.2005593759
 20
2794207.0278252885
 10
328154.0869330319
 20
2794224.780358803
 10
328163.41283479985
 20
2794234.0450445083
  0
LWPOLYLINE
  5
61
330
17
100
AcDbEntity
  8
0
100
AcDbPolyline
 90
17
 70
0
 10
327794.9463970752
 20
2793864.6888933037
 10
327807.5934032063
 20
2793857.0168368537
 10
328114.0401839181
 20
2793691.343714787
 10
328161.56165574933
 20
2793667.387036212
 10
328222.8476819815
 20
2793634.858452865
 10
328230.57678082434
 20
2793631.01586567
 10
328491.0676436781
 20
2793491.3268675962
 10
328528.0227108471
 20
2793472.224859635
 10
328717.93045717385
 20
2793376.1307807257
 10
328726.9185538284
 20
2793370.644070073
 10
328750.49108664214
 20
2793356.054810893
 10
328761.3376076771
 20
2793349.337079898
 10
328782.9029926355
 20
2793337.753309041
 10
328866.26986936247
 20
2793292.7402817537
 10
328892.2068953392
 20
2793277.877656337
 10
328999.4369483621
 20
2793229.2180661396
 10
329054.3898498113
 20
2793211.873066064
  0
LWPOLYLINE
  5
62
330
17
100
AcDbEntity
  8
0
100
AcDbPolyline
 90
3
 70
0
 10
327812.7705505742
 20
2793867.198238108
 10
327807.5934032063
 20
2793857.0168368537
 10
327817.7814207756
 20
2793875.3987626564
  0
LWPOLYLINE
  5
63
330
17
100
AcDbEntity
  8
0
100
AcDbPolyline
 90
19
 70
0
 10
328541.71124966245
 20
2793026.0455499226
 10
328595.0135821406
 20
2793123.3118123566
 10
328601.14693482616
 20
2793133.4481327073
 10
328651.35205831134
 20
2793226.47765945
 10
328721.389079139
 20
2793359.6470408197
 10
328732.9128305868
 20
2793382.5436219783
 10
328726.9185538284
 20
2793370.644070073
 10
328738.0906711857
 20
2793392.825029145
 10
328907.22198531835
 20
2793697.8364595342
 10
328928.9319430839
 20
2793736.745132053
 10
328950.8261972726
 20
2793776.6928448984
 10
328962.42182431393
 20
2793797.3619705685
 10
329010.54894993384
 20
2793884.1818659278
 10
329018.2101703122
 20
2793896.48140942
 10
329069.4110387365
 20
2793985.8216548567
 10
329142.97551902523
 20
2794114.9157610787
 10
329204.37283834955
 20
2794225.9957778016
 10
329212.5074154268
 20
2794241.502084007
 10
329219.86804190464
 20
2794255.555859108
  0
LWPOLYLINE
  5
64
330
17
100
AcDbEntity
  8
0
100
AcDbPolyline
 90
4
 70
0
 10
328738.0906711857
 20
2793392.825029145
 10
328730.22703484993
 20
2793397.9983849204
 10
328763.2995301797
 20
2793376.974320646
 10
328772.79536417255
 20
2793371.0048542386
  0
LWPOLYLINE
  5
65
330
17
100
AcDbEntity
  8
0
100
AcDbPolyline
 90
4
 70
0
 10
328713.5354500538
 20
2793363.225027977
 10
328724.1755967953
 20
2793387.949605492
 10
328717.93045717385
 20
2793376.1307807257
 10
328730.22703484993
 20
2793397.9983849204
  0
LWPOLYLINE
  5
66
330
17
100
AcDbEntity
  8
0
100
AcDbPolyline
 90
4
 70
0
 10
328768.0056903461
 20
2793361.937114977
 10
328772.79536417255
 20
2793371.0048542386
 10
328761.3376076771
 20
2793349.337079898
 10
328756.60990344465
 20
2793340.390418681
  0
LWPOLYLINE
  5
67
330
17
100
AcDbEntity
  8
0
100
AcDbPolyline
 90
4
 70
0
 10
329516.1340269461
 20
2793090.7891351827
 10
329507.81668894633
 20
2793093.5748576033
 10
329444.8788162115
 20
2793112.968360662
 10
329421.81016489083
 20
2793118.8647529394
  0
LWPOLYLINE
  5
68
330
17
100
AcDbEntity
  8
0
100
AcDbPolyline
 90
13
 70
0
 10
329512.54979323165
 20
2793079.0029201997
 10
329505.07431451586
 20
2793081.434613114
 10
329371.47934846015
 20
2793120.895370825
 10
329295.4408650026
 20
2793144.0441519087
 10
329281.3716376181
 20
2793148.5089310943
 10
329273.4997220675
 20
2793150.657730517
 10
329263.4290794734
 20
2793153.42142615
 10
329252.1097152372
 20
2793157.0317492187
 10
329212.34150744986
 20
2793169.7197086955
 10
329194.3314181217
 20
2793174.8657918246
 10
329155.87162699894
 20
2793185.8424535384
 10
329064.16156564734
 20
2793209.3788609374
 10
329054.3898498113
 20
2793211.873066064
  0
LWPOLYLINE
  5
69
330
17
100
AcDbEntity
  8
0
100
AcDbPolyline
 90
4
 70
0
 10
329519.4181833257
 20
2793101.1500605834
 10
329510.1859576263
 20
2793104.0913273543
 10
329538.3140012736
 20
2793095.11809589
 10
329547.8070383741
 20
2793092.084938118
  0
LWPOLYLINE
  5
6A
330
17
100
AcDbEntity
  8
0
100
AcDbPolyline
 90
3
 70
0
 10
329507.81668894633
 20
2793093.5748576033
 10
329510.1859576263
 20
2793104.0913273543
 10
329505.07431451586
 20
2793081.434613114
  0
LINE
  5
6B
330
17
100
AcDbEntity
  8
0
100
AcDbLine
 10
329505.07431451586
 20
2793081.434613114
 30
0.0
 11
329490.2851527259
 21
2793068.759371948
 31
0.0
  0
LINE
  5
6C
330
17
100
AcDbEntity
  8
0
100
AcDbLine
 10
329482.8227976953
 20
2792977.115859747
 30
0.0
 11
329467.97839096416
 21
2792964.064676933
 31
0.0
  0
LWPOLYLINE
  5
6D
330
17
100
AcDbEntity
  8
0
100
AcDbPolyline
 90
4
 70
0
 10
328744.682840182
 20
2793346.9113498754
 10
328756.60990344465
 20
2793340.390418681
 10
328721.389079139
 20
2793359.6470408197
 10
328713.5354500538
 20
2793363.225027977
  0
LINE
  5
6E
330
17
100
AcDbEntity
  8
0
100
AcDbLine
 10
327807.5934032063
 20
2793857.0168368537
 30
0.0
 11
327791.6465687951
 21
2793848.4459785293
 31
0.0
  0
LWPOLYLINE
  5
6F
330
17
100
AcDbEntity
  8
0
100
AcDbPolyline
 90
4
 70
0
 10
327828.6968887304
 20
2791626.4244862804
 10
327871.5604520753
 20
2791699.9589228313
 10
327926.5618230781
 20
2791767.644977143
 10
327930.45926885767
 20
2791778.573873558
  0
LINE
  5
70
330
17
100
AcDbEntity
  8
0
100
AcDbLine
 10
327871.5604520753
 20
2791699.9589228313
 30
0.0
 11
327881.9145003322
 21
2791683.752851186
 31
0.0
  0
LINE
  5
71
330
17
100
AcDbEntity
  8
0
100
AcDbLine
 10
330000.23993070563
 20
2793780.708644683
 30
0.0
 11
330287.1784546901
 21
2793663.399564995
 31
0.0
  0
LINE
  5
72
330
17
100
AcDbEntity
  8
0
100
AcDbLine
 10
328088.30400922487
 20
2792655.619045699
 30
0.0
 11
328085.49391313514
 21
2792674.7313336786
 31
0.0
  0
LINE
  5
73
330
17
100
AcDbEntity
  8
0
100
AcDbLine
 10
328088.30400922487
 20
2792655.619045699
 30
0.0
 11
328224.3968564434
 21
2792528.62989261
 31
0.0
  0
LWPOLYLINE
  5
74
330
17
100
AcDbEntity
  8
0
100
AcDbPolyline
 90
11
 70
0
 10
327965.53471991594
 20
2792441.1554509564
 10
328088.30400922487
 20
2792655.619045699
 10
328072.0134465031
 20
2792635.1542133666
 10
328070.70648817386
 20
2792618.7308403715
 10
327970.83507970424
 20
2792438.0194116835
 10
327935.24446925335
 20
2792373.642568874
 10
327932.5130783377
 20
2792368.825068663
 10
327891.7959668505
 20
2792296.7255637078
 10
327879.73482900084
 20
2792274.534325561
 10
327864.64449318754
 20
2792246.299719262
 10
327860.0957103365
 20
2792238.026807076
  0
LINE
  5
75
330
17
100
AcDbEntity
  8
0
100
AcDbLine
 10
327922.5390291135
 20
2792772.1637744927
 30
0.0
 11
327900.5342353355
 21
2792770.6157795154
 31
0.0
  0
LWPOLYLINE
  5
76
330
17
100
AcDbEntity
  8
0
100
AcDbPolyline
 90
4
 70
0
 10
327783.85683726484
 20
2792800.6046606344
 10
327781.5189927184
 20
2792796.624121968
 10
327796.6382760014
 20
2792822.4099801467
 10
327798.33742530795
 20
2792825.2908333912
  0
LINE
  5
77
330
17
100
AcDbEntity
  8
0
100
AcDbLine
 10
327796.6382760014
 20
2792822.4099801467
 30
0.0
 11
327776.5362075883
 21
2792837.355529649
 31
0.0
  0
LWPOLYLINE
  5
78
330
17
100
AcDbEntity
  8
0
100
AcDbPolyline
 90
6
 70
0
 10
327926.4843846031
 20
2792622.890727538
 10
327887.4284437317
 20
2792552.221376521
 10
327876.3829458802
 20
2792532.2328628497
 10
327863.26472607243
 20
2792508.5152281793
 10
327844.0303733554
 20
2792473.70863065
 10
327825.48857081396
 20
2792434.738930369
  0
LWPOLYLINE
  5
79
330
17
100
AcDbEntity
  8
0
100
AcDbPolyline
 90
6
 70
0
 10
327772.6795192937
 20
2792713.273691346
 10
327814.9031633966
 20
2792688.441822247
 10
327840.1556313345
 20
2792673.608062776
 10
327926.4843846031
 20
2792622.890727538
 10
327903.96210774046
 20
2792636.1275626183
 10
327994.76166704367
 20
2792582.772621158
  0
LINE
  5
7A
330
17
100
AcDbEntity
  8
0
100
AcDbLine
 10
327887.4284437317
 20
2792552.221376521
 30
0.0
 11
327955.1246505452
 21
2792512.3431238295
 31
0.0
  0
LWPOLYLINE
  5
7B
330
17
100
AcDbEntity
  8
0
100
AcDbPolyline
 90
4
 70
0
 10
327994.76166704367
 20
2792582.772621158
 10
328025.6346671113
 20
2792644.6615678053
 10
327955.1246505452
 20
2792512.3431238295
 10
327925.88978174445
 20
2792474.7278777277
  0
LINE
  5
7C
330
17
100
AcDbEntity
  8
0
100
AcDbLine
 10
327903.96210774046
 20
2792636.1275626183
 30
0.0
 11
327942.3645017595
 21
2792702.174585257
 31
0.0
  0
LWPOLYLINE
  5
7D
330
17
100
AcDbEntity
  8
0
100
AcDbPolyline
 90
4
 70
0
 10
327863.26472607243
 20
2792508.5152281793
 10
327925.88978174445
 20
2792474.7278777277
 10
327965.53471991594
 20
2792441.1554509564
 10
327970.83507970424
 20
2792438.0194116835
  0
LINE
  5
7E
330
17
100
AcDbEntity
  8
0
100
AcDbLine
 10
327844.0303733554
 20
2792473.70863065
 30
0.0
 11
327821.57813536737
 21
2792437.0375576424
 31
0.0
  0
LINE
  5
7F
330
17
100
AcDbEntity
  8
0
100
AcDbLine
 10
327876.3829458802
 20
2792532.2328628497
 30
0.0
 11
327840.1556313345
 21
2792673.608062776
 31
0.0
  0
LWPOLYLINE
  5
80
330
17
100
AcDbEntity
  8
0
100
AcDbPolyline
 90
4
 70
0
 10
328025.6346671113
 20
2792644.6615678053
 10
327942.3645017595
 20
2792702.174585257
 10
327895.65280607925
 20
2792729.8437556024
 10
327860.90148713795
 20
2792748.830725886
  0
LINE
  5
81
330
17
100
AcDbEntity
  8
0
100
AcDbLine
 10
328025.6346671113
 20
2792644.6615678053
 30
0.0
 11
328072.0134465031
 21
2792635.1542133666
 31
0.0
  0
LWPOLYLINE
  5
82
330
17
100
AcDbEntity
  8
0
100
AcDbPolyline
 90
5
 70
0
 10
327814.9031633966
 20
2792688.441822247
 10
327860.90148713795
 20
2792748.830725886
 10
327866.83739231015
 20
2792760.0216974174
 10
327871.3045842124
 20
2792768.229173923
 10
327880.24874489265
 20
2792784.6218497534
  0
LWPOLYLINE
  5
83
330
17
100
AcDbEntity
  8
0
100
AcDbPolyline
 90
6
 70
0
 10
327808.83864087984
 20
2792249.103502507
 10
327847.5611822397
 20
2792319.610758646
 10
327836.12192483136
 20
2792298.7853355007
 10
327872.13990705414
 20
2792361.0627493802
 10
327884.8553267142
 20
2792388.751502573
 10
327889.2760434525
 20
2792397.258690432
  0
LWPOLYLINE
  5
84
330
17
100
AcDbEntity
  8
0
100
AcDbPolyline
 90
3
 70
0
 10
327872.13990705414
 20
2792361.0627493802
 10
327888.15505650407
 20
2792386.75977383
 10
327892.8064947289
 20
2792395.1864808514
  0
LWPOLYLINE
  5
85
330
17
100
AcDbEntity
  8
0
100
AcDbPolyline
 90
3
 70
0
 10
327836.12192483136
 20
2792298.7853355007
 10
327873.3314491945
 20
2792278.09431948
 10
327879.73482900084
 20
2792274.534325561
  0
LINE
  5
86
330
17
100
AcDbEntity
  8
0
100
AcDbLine
 10
328504.2295034934
 20
2792977.4777726154
 30
0.0
 11
328510.8018613623
 21
2792968.188524653
 31
0.0
  0
LINE
  5
87
330
17
100
AcDbEntity
  8
0
100
AcDbLine
 10
328510.8018613623
 20
2792968.188524653
 30
0.0
 11
328527.12208462
 21
2792958.487686071
 31
0.0
  0
LWPOLYLINE
  5
88
330
17
100
AcDbEntity
  8
0
100
AcDbPolyline
 90
3
 70
0
 10
328595.0135821406
 20
2793123.3118123566
 10
328573.81904350367
 20
2793114.8840589826
 10
328601.14693482616
 20
2793133.4481327073
  0
LWPOLYLINE
  5
89
330
17
100
AcDbEntity
  8
0
100
AcDbPolyline
 90
3
 70
0
 10
328171.6544583562
 20
2793410.267603536
 10
328211.9545751546
 20
2793478.440264416
 10
328252.7211470849
 20
2793546.0864259587
  0
LWPOLYLINE
  5
8A
330
17
100
AcDbEntity
  8
0
100
AcDbPolyline
 90
4
 70
0
 10
328171.6544583562
 20
2793410.267603536
 10
328103.83982781094
 20
2793450.0136570544
 10
328203.2343900243
 20
2793390.778777941
 10
328229.103709019
 20
2793369.855925528
  0
LWPOLYLINE
  5
8B
330
17
100
AcDbEntity
  8
0
100
AcDbPolyline
 90
6
 70
0
 10
328211.9545751546
 20
2793478.440264416
 10
328142.59952071833
 20
2793518.2500217687
 10
328216.2739684494
 20
2793475.837425795
 10
328273.9766537392
 20
2793441.116877066
 10
328364.1447906594
 20
2793388.3703174302
 10
328431.78134140547
 20
2793348.8051546155
  0
LWPOLYLINE
  5
8C
330
17
100
AcDbEntity
  8
0
100
AcDbPolyline
 90
3
 70
0
 10
328203.2343900243
 20
2793390.778777941
 10
328206.1402725141
 20
2793395.8710555304
 10
328233.240985943
 20
2793443.351263529
  0
LWPOLYLINE
  5
8D
330
17
100
AcDbEntity
  8
0
100
AcDbPolyline
 90
4
 70
0
 10
328071.4866442287
 20
2793396.7622494237
 10
328103.83982781094
 20
2793450.0136570544
 10
328073.2434369513
 20
2793399.431912259
 10
328142.59952071833
 20
2793518.2500217687
  0
LWPOLYLINE
  5
8E
330
17
100
AcDbEntity
  8
0
100
AcDbPolyline
 90
3
 70
0
 10
328252.7211470849
 20
2793546.0864259587
 10
328256.2913456276
 20
2793543.9916299116
 10
328315.96652925294
 20
2793509.1132586137
  0
LINE
  5
8F
330
17
100
AcDbEntity
  8
0
100
AcDbLine
 10
328252.7211470849
 20
2793546.0864259587
 30
0.0
 11
328142.59952071833
 21
2793518.2500217687
 31
0.0
  0
LWPOLYLINE
  5
90
330
17
100
AcDbEntity
  8
0
100
AcDbPolyline
 90
3
 70
0
 10
328256.2913456276
 20
2793543.9916299116
 10
328216.2739684494
 20
2793475.837425795
 10
328260.2122058016
 20
2793548.882698967
  0
LWPOLYLINE
  5
91
330
17
100
AcDbEntity
  8
0
100
AcDbPolyline
 90
3
 70
0
 10
328059.24969949806
 20
2794157.024387671
 10
328042.40755559225
 20
2794172.2827342995
 10
327985.1427208056
 20
2794229.243981322
  0
LINE
  5
92
330
17
100
AcDbEntity
  8
0
100
AcDbLine
 10
328046.98778582993
 20
2794144.2631648267
 30
0.0
 11
328042.40755559225
 21
2794172.2827342995
 31
0.0
  0
LINE
  5
93
330
17
100
AcDbEntity
  8
0
100
AcDbLine
 10
328066.2470998813
 20
2794163.8038776685
 30
0.0
 11
328042.40755559225
 21
2794172.2827342995
 31
0.0
  0
LINE
  5
94
330
17
100
AcDbEntity
  8
0
100
AcDbLine
 10
328066.2470998813
 20
2794163.8038776685
 30
0.0
 11
328122.54348547664
 21
2794193.874382746
 31
0.0
  0
LINE
  5
95
330
17
100
AcDbEntity
  8
0
100
AcDbLine
 10
328042.40755559225
 20
2794172.2827342995
 30
0.0
 11
327820.00676058314
 21
2793938.6047201445
 31
0.0
  0
LINE
  5
96
330
17
100
AcDbEntity
  8
0
100
AcDbLine
 10
327985.1427208056
 20
2794229.243981322
 30
0.0
 11
328013.9017897176
 21
2794256.662210946
 31
0.0
  0
LWPOLYLINE
  5
97
330
17
100
AcDbEntity
  8
0
100
AcDbPolyline
 90
3
 70
0
 10
327853.03976609866
 20
2793859.285320793
 10
327841.3826196069
 20
2793881.4017632375
 10
327860.35248748085
 20
2793843.328272109
  0
LWPOLYLINE
  5
98
330
17
100
AcDbEntity
  8
0
100
AcDbPolyline
 90
10
 70
0
 10
327853.03976609866
 20
2793859.285320793
 10
327940.1231239974
 20
2793814.6508611017
 10
327966.7987028122
 20
2793800.973358851
 10
327990.52420169895
 20
2793788.2307686056
 10
328028.28903275356
 20
2793767.9537757454
 10
328116.12712323014
 20
2793720.7851151195
 10
328122.3511998508
 20
2793717.4379500546
 10
328131.09700594423
 20
2793712.7404380557
 10
328166.2293584661
 20
2793692.995834119
 10
328122.3511998508
 20
2793717.4379500546
  0
LINE
  5
99
330
17
100
AcDbEntity
  8
0
100
AcDbLine
 10
327940.1231239974
 20
2793814.6508611017
 30
0.0
 11
327969.05895432335
 21
2793855.892365693
 31
0.0
  0
LWPOLYLINE
  5
9A
330
17
100
AcDbEntity
  8
0
100
AcDbPolyline
 90
6
 70
0
 10
327841.3826196069
 20
2793881.4017632375
 10
327886.71243782295
 20
2793932.305062472
 10
327910.4970537476
 20
2793955.8979941104
 10
327929.84156247356
 20
2793974.972172906
 10
328109.44672084675
 20
2794150.304241102
 10
328163.69573075394
 20
2794191.3018625295
  0
LINE
  5
9B
330
17
100
AcDbEntity
  8
0
100
AcDbLine
 10
327841.3826196069
 20
2793881.4017632375
 30
0.0
 11
327817.7814207756
 21
2793875.3987626564
 31
0.0
  0
LWPOLYLINE
  5
9C
330
17
100
AcDbEntity
  8
0
100
AcDbPolyline
 90
7
 70
0
 10
328545.94759375905
 20
2794218.4762387876
 10
328569.4663897064
 20
2794204.551902291
 10
328560.1335021999
 20
2794209.81049709
 10
328574.70809815975
 20
2794201.6051258747
 10
328584.0943101695
 20
2794196.578507031
 10
328688.49240089674
 20
2794138.1697168606
 10
328699.13961288007
 20
2794132.4735975075
  0
LWPOLYLINE
  5
9D
330
17
100
AcDbEntity
  8
0
100
AcDbPolyline
 90
20
 70
0
 10
328247.04449316475
 20
2793638.5614312915
 10
328252.3448122507
 20
2793647.356646353
 10
328289.2463090952
 20
2793712.1716480516
 10
328296.7672353336
 20
2793726.056790977
 10
328310.4622382302
 20
2793748.5266707162
 10
328340.48383305664
 20
2793799.1937003606
 10
328356.4075168785
 20
2793825.8117926735
 10
328375.22998856026
 20
2793859.361269476
 10
328380.87858692463
 20
2793869.4150149114
 10
328394.71270390897
 20
2793892.5478878245
 10
328460.36679772177
 20
2794002.6736461134
 10
328467.63282122114
 20
2794014.7563605723
 10
328472.843751697
 20
2794023.6746394928
 10
328476.3655992521
 20
2794029.6897137747
 10
328481.788377015
 20
2794039.4250914278
 10
328503.86665441084
 20
2794083.479814565
 10
328561.5879097394
 20
2794189.4414965073
 10
328569.4663897064
 20
2794204.551902291
 10
328567.5361247185
 20
2794200.898430692
 10
328573.6470419535
 20
2794212.4751637494
  0
LWPOLYLINE
  5
9E
330
17
100
AcDbEntity
  8
0
100
AcDbPolyline
 90
3
 70
0
 10
328574.70809815975
 20
2794201.6051258747
 10
328579.14881876356
 20
2794209.381075653
 10
328572.905169524
 20
2794198.4596339813
  0
LWPOLYLINE
  5
9F
330
17
100
AcDbEntity
  8
0
100
AcDbPolyline
 90
11
 70
0
 10
328704.569455622
 20
2794141.9873993145
 10
328694.45232834964
 20
2794147.377689207
 10
328647.37911495427
 20
2794172.4457760095
 10
328623.84615075425
 20
2794185.262332178
 10
328612.77931544924
 20
2794191.2297107014
 10
328573.6470419535
 20
2794212.4751637494
 10
328579.14881876356
 20
2794209.381075653
 10
328564.1739803602
 20
2794217.8020021934
 10
328537.2425405171
 20
2794233.519974551
 10
328513.05006549135
 20
2794247.541543017
 10
328492.92138430395
 20
2794259.4732290963
  0
LWPOLYLINE
  5
A0
330
17
100
AcDbEntity
  8
0
100
AcDbPolyline
 90
4
 70
0
 10
328567.5361247185
 20
2794200.898430692
 10
328572.905169524
 20
2794198.4596339813
 10
328557.8499409945
 20
2794205.3084888887
 10
328551.2611935097
 20
2794206.8986623604
  0
LWPOLYLINE
  5
A1
330
17
100
AcDbEntity
  8
0
100
AcDbPolyline
 90
9
 70
0
 10
328136.2005593759
 20
2794207.0278252885
 10
328163.69573075394
 20
2794191.3018625295
 10
328176.10105204256
 20
2794184.4419182795
 10
328205.4544661217
 20
2794168.2714628475
 10
328210.9292058121
 20
2794165.432362071
 10
328243.5686896505
 20
2794148.5998687567
 10
328249.8443600722
 20
2794145.362875176
 10
328286.19553891034
 20
2794124.0963932658
 10
328312.7184383736
 20
2794106.3558023917
  0
LINE
  5
A2
330
17
100
AcDbEntity
  8
0
100
AcDbLine
 10
328154.0869330319
 20
2794224.780358803
 30
0.0
 11
328176.10105204256
 21
2794184.4419182795
 31
0.0
  0
LWPOLYLINE
  5
A3
330
17
100
AcDbEntity
  8
0
100
AcDbPolyline
 90
3
 70
0
 10
328249.8443600722
 20
2794145.362875176
 10
328267.48213979776
 20
2794182.4168739324
 10
328243.5686896505
 20
2794148.5998687567
  0
LINE
  5
A4
330
17
100
AcDbEntity
  8
0
100
AcDbLine
 10
328286.19553891034
 20
2794124.0963932658
 30
0.0
 11
328315.23208981333
 21
2794110.7219160995
 31
0.0
  0
LWPOLYLINE
  5
A5
330
17
100
AcDbEntity
  8
0
100
AcDbPolyline
 90
4
 70
0
 10
328267.48213979776
 20
2794182.4168739324
 10
328299.3376595576
 20
2794237.923805598
 10
328312.53587885905
 20
2794260.9760389943
 10
328315.63364736317
 20
2794266.1212840667
  0
LINE
  5
A6
330
17
100
AcDbEntity
  8
0
100
AcDbLine
 10
328950.8261972726
 20
2793776.6928448984
 30
0.0
 11
328900.86670972453
 21
2793778.4215823663
 31
0.0
  0
LINE
  5
A7
330
17
100
AcDbEntity
  8
0
100
AcDbLine
 10
328928.9319430839
 20
2793736.745132053
 30
0.0
 11
328909.46938692697
 21
2793763.9887297284
 31
0.0
  0
LINE
  5
A8
330
17
100
AcDbEntity
  8
0
100
AcDbLine
 10
328962.42182431393
 20
2793797.3619705685
 30
0.0
 11
328969.33061505447
 21
2793829.024483954
 31
0.0
  0
LWPOLYLINE
  5
A9
330
17
100
AcDbEntity
  8
0
100
AcDbPolyline
 90
20
 70
0
 10
328900.86670972453
 20
2793778.4215823663
 10
328896.15654718876
 20
2793781.1953172726
 10
328830.3733955763
 20
2793819.8485289738
 10
328760.15174707345
 20
2793860.4194185096
 10
328709.3434688909
 20
2793889.76634859
 10
328704.9927885417
 20
2793892.280805164
 10
328686.2898331725
 20
2793903.0862758905
 10
328682.0092522022
 20
2793905.566618009
 10
328675.0980967629
 20
2793909.553681852
 10
328667.99695872504
 20
2793913.653938006
 10
328642.23294914817
 20
2793928.537070879
 10
328622.8700361919
 20
2793939.7276565847
 10
328608.5992787947
 20
2793948.0841944246
 10
328599.01187300147
 20
2793953.9441929585
 10
328593.35902707186
 20
2793957.0512574725
 10
328580.97292422876
 20
2793964.663858281
 10
328489.95543915284
 20
2794013.7309713257
 10
328479.19435410923
 20
2794019.9826059043
 10
328472.843751697
 20
2794023.6746394928
 10
328461.9611024263
 20
2794029.8724402455
  0
LINE
  5
AA
330
17
100
AcDbEntity
  8
0
100
AcDbLine
 10
328900.86670972453
 20
2793778.4215823663
 30
0.0
 11
328969.33061505447
 21
2793829.024483954
 31
0.0
  0
LINE
  5
AB
330
17
100
AcDbEntity
  8
0
100
AcDbLine
 10
328907.22198531835
 20
2793697.8364595342
 30
0.0
 11
328893.65767934534
 21
2793695.9696976324
 31
0.0
  0
LINE
  5
AC
330
17
100
AcDbEntity
  8
0
100
AcDbLine
 10
328909.46938692697
 20
2793763.9887297284
 30
0.0
 11
328893.65767934534
 21
2793695.9696976324
 31
0.0
  0
LWPOLYLINE
  5
AD
330
17
100
AcDbEntity
  8
0
100
AcDbPolyline
 90
10
 70
0
 10
328759.05027954007
 20
2794210.9898769422
 10
328710.3238868288
 20
2794133.3843328357
 10
328708.9049092071
 20
2794131.1202119146
 10
328701.96132947935
 20
2794118.224596442
 10
328653.76129637525
 20
2794029.7338163448
 10
328643.3849934042
 20
2794011.497747287
 10
328618.2690469619
 20
2793963.825536474
 10
328608.5992787947
 20
2793948.0841944246
 10
328612.7544584888
 20
2793954.789196462
 10
328602.59288427886
 20
2793938.400480868
  0
LWPOLYLINE
  5
AE
330
17
100
AcDbEntity
  8
0
100
AcDbPolyline
 90
9
 70
0
 10
328704.569455622
 20
2794141.9873993145
 10
328699.13961288007
 20
2794132.4735975075
 10
328693.8145624108
 20
2794123.2797358865
 10
328675.66309608927
 20
2794090.1201967015
 10
328622.35181905667
 20
2793995.0252311463
 10
328611.5942513783
 20
2793974.5340734036
 10
328599.01187300147
 20
2793953.9441929585
 10
328604.07412853674
 20
2793962.266182071
 10
328593.03428896517
 20
2793944.149336655
  0
LWPOLYLINE
  5
AF
330
17
100
AcDbEntity
  8
0
100
AcDbPolyline
 90
3
 70
0
 10
328612.7544584888
 20
2793954.789196462
 10
328604.07412853674
 20
2793962.266182071
 10
328618.6566480892
 20
2793949.0977731794
  0
LINE
  5
B0
330
17
100
AcDbEntity
  8
0
100
AcDbLine
 10
328622.8700361919
 20
2793939.7276565847
 30
0.0
 11
328618.6566480892
 21
2793949.0977731794
 31
0.0
  0
LINE
  5
B1
330
17
100
AcDbEntity
  8
0
100
AcDbLine
 10
328710.3238868288
 20
2794133.3843328357
 30
0.0
 11
328704.569455622
 21
2794141.9873993145
 31
0.0
  0
LINE
  5
B2
330
17
100
AcDbEntity
  8
0
100
AcDbLine
 10
328759.05027954007
 20
2794210.9898769422
 30
0.0
 11
328826.1582003612
 21
2794171.311271207
 31
0.0
  0
LWPOLYLINE
  5
B3
330
17
100
AcDbEntity
  8
0
100
AcDbPolyline
 90
33
 70
0
 10
329390.57756073633
 20
2794039.7816787385
 10
329375.59040104615
 20
2794008.9521050015
 10
329380.24202981876
 20
2794021.5002875775
 10
329363.0320923482
 20
2793986.1789073874
 10
329350.0428462755
 20
2793962.790783913
 10
329338.68243244593
 20
2793942.339966408
 10
329327.9610585342
 20
2793923.0332135577
 10
329309.88931886514
 20
2793890.49228962
 10
329303.61118388677
 20
2793879.1943261344
 10
329300.43594782066
 20
2793873.473794168
 10
329296.62163192907
 20
2793866.6092075063
 10
329280.2816176482
 20
2793837.181558214
 10
329265.7043292095
 20
2793810.922163361
 10
329234.52936027694
 20
2793754.7953055967
 10
329232.3128404914
 20
2793750.8019428006
 10
329224.5911770895
 20
2793736.896726414
 10
329203.9312607299
 20
2793699.691483953
 10
329200.70445946645
 20
2793693.88299723
 10
329196.26116775
 20
2793685.885332231
 10
329175.50834564096
 20
2793648.5151265254
 10
329172.5908566992
 20
2793643.267721623
 10
329164.65250017616
 20
2793628.966458101
 10
329161.51828602585
 20
2793623.3119028425
 10
329145.878937482
 20
2793595.160593736
 10
329094.3516036298
 20
2793502.3677918953
 10
329090.8258650823
 20
2793496.0313545726
 10
329085.021401164
 20
2793485.5694234017
 10
329045.2671648122
 20
2793413.986592718
 10
329018.2658901765
 20
2793365.3737319335
 10
329000.0482123855
 20
2793332.5580333048
 10
328997.39852926944
 20
2793327.7836318654
 10
328972.5413995915
 20
2793283.0321540064
 10
328968.7371230206
 20
2793276.189671055
  0
LWPOLYLINE
  5
B4
330
17
100
AcDbEntity
  8
0
100
AcDbPolyline
 90
3
 70
0
 10
329375.59040104615
 20
2794008.9521050015
 10
329384.238962597
 20
2794018.89081396
 10
329396.8998334026
 20
2794036.223387029
  0
LINE
  5
B5
330
17
100
AcDbEntity
  8
0
100
AcDbLine
 10
329363.0320923482
 20
2793986.1789073874
 30
0.0
 11
329386.0558063589
 21
2793972.849466771
 31
0.0
  0
LWPOLYLINE
  5
B6
330
17
100
AcDbEntity
  8
0
100
AcDbPolyline
 90
13
 70
0
 10
329232.92725599644
 20
2794102.612695379
 10
329280.44136396726
 20
2794198.5473347735
 10
329223.2592999053
 20
2794085.353244366
 10
329206.1494577107
 20
2794054.79436096
 10
329199.6354205959
 20
2794043.1670789407
 10
329189.55354772304
 20
2794024.2511591734
 10
329186.942802388
 20
2794019.354379387
 10
329153.7541095071
 20
2793959.33148915
 10
329109.318378621
 20
2793884.694746123
 10
329083.9196906008
 20
2793842.431469934
 10
329052.1732464852
 20
2793806.5076088416
 10
329048.795580977
 20
2793800.7232180815
 10
329039.2189850288
 20
2793784.348968193
  0
LINE
  5
B7
330
17
100
AcDbEntity
  8
0
100
AcDbLine
 10
329232.92725599644
 20
2794102.612695379
 30
0.0
 11
329311.28122632275
 21
2794084.563085995
 31
0.0
  0
LINE
  5
B8
330
17
100
AcDbEntity
  8
0
100
AcDbLine
 10
329223.2592999053
 20
2794085.353244366
 30
0.0
 11
329293.4830385886
 21
2794045.748528879
 31
0.0
  0
LWPOLYLINE
  5
B9
330
17
100
AcDbEntity
  8
0
100
AcDbPolyline
 90
17
 70
0
 10
329311.28122632275
 20
2794084.563085995
 10
329303.6599965987
 20
2794068.2193865865
 10
329300.1651505986
 20
2794057.9276338364
 10
329293.4830385886
 20
2794045.748528879
 10
329276.72615495196
 20
2794015.207265722
 10
329259.21652307117
 20
2793983.301838846
 10
329249.6056109178
 20
2793965.775773254
 10
329232.1267770418
 20
2793933.9253761917
 10
329230.32215839694
 20
2793930.6358119557
 10
329217.58669526456
 20
2793907.4218423995
 10
329202.3350040307
 20
2793879.6200923566
 10
329186.5884084603
 20
2793850.9272807054
 10
329182.0511354044
 20
2793842.66493427
 10
329154.46586877713
 20
2793792.3864509803
 10
329151.69166189537
 20
2793787.3144907984
 10
329138.57329808373
 20
2793763.318872695
 10
329127.4439318025
 20
2793737.2708391133
  0
LWPOLYLINE
  5
BA
330
17
100
AcDbEntity
  8
0
100
AcDbPolyline
 90
9
 70
0
 10
329311.28122632275
 20
2794084.563085995
 10
329318.1036134614
 20
2794080.721488656
 10
329378.27578731405
 20
2794046.916102762
 10
329390.57756073633
 20
2794039.7816787385
 10
329396.8998334026
 20
2794036.223387029
 10
329523.87969141145
 20
2793965.040409282
 10
329540.7961197301
 20
2793955.5326358946
 10
329546.66839056415
 20
2793952.2348886495
 10
329588.2750872378
 20
2793928.911784207
  0
LWPOLYLINE
  5
BB
330
17
100
AcDbEntity
  8
0
100
AcDbPolyline
 90
3
 70
0
 10
329124.4463287563
 20
2793806.2145628403
 10
329151.69166189537
 20
2793787.3144907984
 10
329083.9196906008
 20
2793842.431469934
  0
LINE
  5
BC
330
17
100
AcDbEntity
  8
0
100
AcDbLine
 10
329124.4463287563
 20
2793806.2145628403
 30
0.0
 11
329154.46586877713
 21
2793792.3864509803
 31
0.0
  0
LINE
  5
BD
330
17
100
AcDbEntity
  8
0
100
AcDbLine
 10
329109.318378621
 20
2793884.694746123
 30
0.0
 11
329182.0511354044
 21
2793842.66493427
 31
0.0
  0
LINE
  5
BE
330
17
100
AcDbEntity
  8
0
100
AcDbLine
 10
329138.57329808373
 20
2793763.318872695
 30
0.0
 11
329122.82059387595
 21
2793739.7442847798
 31
0.0
  0
LWPOLYLINE
  5
BF
330
17
100
AcDbEntity
  8
0
100
AcDbPolyline
 90
9
 70
0
 10
329018.69392536976
 20
2793795.298843839
 10
329039.2189850288
 20
2793784.348968193
 10
329074.13461783377
 20
2793765.7173483786
 10
329127.4439318025
 20
2793737.2708391133
 10
329122.82059387595
 20
2793739.7442847798
 10
329151.26171677123
 20
2793724.573513968
 10
329173.4820905477
 20
2793713.0263788276
 10
329186.5297888721
 20
2793708.2973909886
 10
329203.9312607299
 20
2793699.691483953
  0
LWPOLYLINE
  5
C0
330
17
100
AcDbEntity
  8
0
100
AcDbPolyline
 90
4
 70
0
 10
329407.6683510054
 20
2793584.090170407
 10
329401.84300085786
 20
2793551.9817938637
 10
329429.06314878585
 20
2793653.235638451
 10
329441.8098001331
 20
2793689.3334698016
  0
LINE
  5
C1
330
17
100
AcDbEntity
  8
0
100
AcDbLine
 10
329407.6683510054
 20
2793584.090170407
 30
0.0
 11
329395.45867960993
 21
2793553.8348217737
 31
0.0
  0
LINE
  5
C2
330
17
100
AcDbEntity
  8
0
100
AcDbLine
 10
329429.06314878585
 20
2793653.235638451
 30
0.0
 11
329435.50556856336
 21
2793691.141160843
 31
0.0
  0
LWPOLYLINE
  5
C3
330
17
100
AcDbEntity
  8
0
100
AcDbPolyline
 90
22
 70
0
 10
329612.80130320735
 20
2793489.4564767145
 10
329553.0494011473
 20
2793508.0893919133
 10
329530.8005390167
 20
2793515.0277315313
 10
329401.84300085786
 20
2793551.9817938637
 10
329499.4699723853
 20
2793527.2319056517
 10
329395.45867960993
 20
2793553.8348217737
 10
329368.73680330755
 20
2793561.583174797
 10
329363.8581873232
 20
2793562.9962540646
 10
329358.2467308003
 20
2793564.6179872826
 10
329326.75681102485
 20
2793573.7559584505
 10
329324.4378282354
 20
2793574.4166748654
 10
329319.3283715489
 20
2793575.899152591
 10
329292.63665326685
 20
2793583.6362033444
 10
329287.61758350703
 20
2793585.0953964554
 10
329280.4905172908
 20
2793587.1683400883
 10
329249.7533965864
 20
2793596.0754331537
 10
329246.3203326688
 20
2793597.071494242
 10
329241.63243413606
 20
2793598.426820934
 10
329214.3786452208
 20
2793606.3262225413
 10
329209.5101313443
 20
2793607.739232163
 10
329194.49298649584
 20
2793612.0942513947
 10
329161.51828602585
 20
2793623.3119028425
  0
LWPOLYLINE
  5
C4
330
17
100
AcDbEntity
  8
0
100
AcDbPolyline
 90
19
 70
0
 10
329390.1172533204
 20
2793150.3384787044
 10
329413.77797890257
 20
2793232.1397665096
 10
329414.9157993106
 20
2793236.0802938524
 10
329421.56910012197
 20
2793258.7396992235
 10
329429.14704610367
 20
2793288.4109533927
 10
329457.5710105425
 20
2793382.847717232
 10
329459.00315732986
 20
2793387.7594076954
 10
329488.7044956341
 20
2793490.045554095
 10
329498.0480642107
 20
2793522.331161082
 10
329499.4699723853
 20
2793527.2319056517
 10
329539.04676667857
 20
2793663.292581413
 10
329536.8736162537
 20
2793657.1384011083
 10
329545.53643775824
 20
2793685.7879223307
 10
329551.4347645501
 20
2793706.130491983
 10
329552.40729487594
 20
2793709.7518465286
 10
329560.3231248159
 20
2793737.491308404
 10
329575.4543907428
 20
2793790.9628573507
 10
329577.00466624135
 20
2793796.4602067186
 10
329590.77561824466
 20
2793841.928377545
  0
LWPOLYLINE
  5
C5
330
17
100
AcDbEntity
  8
0
100
AcDbPolyline
 90
4
 70
0
 10
329539.04676667857
 20
2793663.292581413
 10
329509.26486122503
 20
2793671.245409171
 10
329502.47194840445
 20
2793671.8517168714
 10
329536.8736162537
 20
2793657.1384011083
  0
LINE
  5
C6
330
17
100
AcDbEntity
  8
0
100
AcDbLine
 10
329545.53643775824
 20
2793685.7879223307
 30
0.0
 11
329518.7633991073
 21
2793694.2567132716
 31
0.0
  0
LWPOLYLINE
  5
C7
330
17
100
AcDbEntity
  8
0
100
AcDbPolyline
 90
15
 70
0
 10
329303.61118388677
 20
2793879.1943261344
 10
329319.72381849354
 20
2793871.4578385707
 10
329337.21342683694
 20
2793862.662652185
 10
329377.3496668064
 20
2793851.3550333185
 10
329384.8789696669
 20
2793849.232744008
 10
329391.1131675056
 20
2793847.4702194007
 10
329438.77810683835
 20
2793833.9851257894
 10
329445.09262320364
 20
2793832.199457824
 10
329470.76230728184
 20
2793824.940845054
 10
329488.5313704949
 20
2793819.91997052
 10
329527.39230961807
 20
2793808.9280031463
 10
329533.6969131887
 20
2793807.1535812276
 10
329541.5473454137
 20
2793804.927631769
 10
329556.52596494555
 20
2793797.527001008
 10
329575.4543907428
 20
2793790.9628573507
  0
LINE
  5
C8
330
17
100
AcDbEntity
  8
0
100
AcDbLine
 10
329309.88931886514
 20
2793890.49228962
 30
0.0
 11
329232.1267770418
 21
2793933.9253761917
 31
0.0
  0
LWPOLYLINE
  5
C9
330
17
100
AcDbEntity
  8
0
100
AcDbPolyline
 90
3
 70
0
 10
329300.43594782066
 20
2793873.473794168
 10
329317.6711752097
 20
2793866.8752565305
 10
329337.21342683694
 20
2793862.662652185
  0
LWPOLYLINE
  5
CA
330
17
100
AcDbEntity
  8
0
100
AcDbPolyline
 90
5
 70
0
 10
329391.1131675056
 20
2793847.4702194007
 10
329396.5464429104
 20
2793862.080150347
 10
329402.77496921865
 20
2793883.027799558
 10
329391.8780628494
 20
2793864.177417056
 10
329384.8789696669
 20
2793849.232744008
  0
LWPOLYLINE
  5
CB
330
17
100
AcDbEntity
  8
0
100
AcDbPolyline
 90
8
 70
0
 10
329438.77810683835
 20
2793833.9851257894
 10
329435.23097442696
 20
2793817.146850347
 10
329432.50682174973
 20
2793796.86398635
 10
329425.03869330103
 20
2793771.0908349063
 10
329423.3427171069
 20
2793765.229759336
 10
329414.90562493075
 20
2793736.1232497487
 10
329414.6817065382
 20
2793731.949632972
 10
329406.7655103101
 20
2793699.4134255927
  0
LWPOLYLINE
  5
CC
330
17
100
AcDbEntity
  8
0
100
AcDbPolyline
 90
8
 70
0
 10
328860.97967202496
 20
2793428.8465263178
 10
328806.68861022865
 20
2793340.786751974
 10
328922.8202575982
 20
2793541.1163738547
 10
328934.2416309977
 20
2793561.532893644
 10
328943.67888129165
 20
2793578.8172525447
 10
328948.68998280645
 20
2793587.882242378
 10
329038.0419510086
 20
2793719.1359056584
 10
329057.4366236316
 20
2793760.6219928344
  0
LWPOLYLINE
  5
CD
330
17
100
AcDbEntity
  8
0
100
AcDbPolyline
 90
5
 70
0
 10
328860.97967202496
 20
2793428.8465263178
 10
328920.0275267955
 20
2793374.4924962795
 10
328926.4118585336
 20
2793371.0439971704
 10
328972.32604990085
 20
2793345.6816046326
 10
328997.39852926944
 20
2793327.7836318654
  0
LINE
  5
CE
330
17
100
AcDbEntity
  8
0
100
AcDbLine
 10
328922.8202575982
 20
2793541.1163738547
 30
0.0
 11
328909.7935007451
 21
2793548.304687593
 31
0.0
  0
LWPOLYLINE
  5
CF
330
17
100
AcDbEntity
  8
0
100
AcDbPolyline
 90
6
 70
0
 10
328920.0275267955
 20
2793374.4924962795
 10
328937.7221200938
 20
2793400.191485744
 10
329004.3300956717
 20
2793523.014201741
 10
329013.28010193846
 20
2793539.2191091646
 10
329079.59828793374
 20
2793660.7385686957
 10
329098.18092473055
 20
2793686.603756421
  0
LWPOLYLINE
  5
D0
330
17
100
AcDbEntity
  8
0
100
AcDbPolyline
 90
5
 70
0
 10
329038.0419510086
 20
2793719.1359056584
 10
329090.85723894427
 20
2793690.651194387
 10
329098.18092473055
 20
2793686.603756421
 10
329147.8712117615
 20
2793660.3522425336
 10
329172.5908566992
 20
2793643.267721623
  0
LINE
  5
D1
330
17
100
AcDbEntity
  8
0
100
AcDbLine
 10
329057.4366236316
 20
2793760.6219928344
 30
0.0
 11
329074.13461783377
 21
2793765.7173483786
 31
0.0
  0
LWPOLYLINE
  5
D2
330
17
100
AcDbEntity
  8
0
100
AcDbPolyline
 90
3
 70
0
 10
329057.4366236316
 20
2793760.6219928344
 10
328999.44836857804
 20
2793778.360028688
 10
329021.622513136
 20
2793767.1566345813
  0
LINE
  5
D3
330
17
100
AcDbEntity
  8
0
100
AcDbLine
 10
328948.68998280645
 20
2793587.882242378
 30
0.0
 11
328907.4545922597
 21
2793610.305280345
 31
0.0
  0
LINE
  5
D4
330
17
100
AcDbEntity
  8
0
100
AcDbLine
 10
329090.85723894427
 20
2793690.651194387
 30
0.0
 11
329079.59828793374
 21
2793660.7385686957
 31
0.0
  0
LINE
  5
D5
330
17
100
AcDbEntity
  8
0
100
AcDbLine
 10
329018.69392536976
 20
2793795.298843839
 30
0.0
 11
329007.93401379196
 21
2793824.780825621
 31
0.0
  0
LINE
  5
D6
330
17
100
AcDbEntity
  8
0
100
AcDbLine
 10
329018.69392536976
 20
2793795.298843839
 30
0.0
 11
328983.7731145026
 21
2793785.626089292
 31
0.0
  0
LWPOLYLINE
  5
D7
330
17
100
AcDbEntity
  8
0
100
AcDbPolyline
 90
9
 70
0
 10
328785.7516119493
 20
2793416.3386978847
 10
328879.42332202126
 20
2793590.1875580773
 10
328924.1793731303
 20
2793673.25007171
 10
328980.5972991021
 20
2793779.872395053
 10
329007.93401379196
 20
2793824.780825621
 10
328983.7731145026
 20
2793785.626089292
 10
329040.7163866482
 20
2793871.714218666
 10
329212.84971102374
 20
2794178.47438207
 10
329242.6142020179
 20
2794204.3424967662
  0
LINE
  5
D8
330
17
100
AcDbEntity
  8
0
100
AcDbLine
 10
329040.7163866482
 20
2793871.714218666
 30
0.0
 11
329018.2101703122
 21
2793896.48140942
 31
0.0
  0
LINE
  5
D9
330
17
100
AcDbEntity
  8
0
100
AcDbLine
 10
328980.5972991021
 20
2793779.872395053
 30
0.0
 11
328983.12325667107
 21
2793748.5780007364
 31
0.0
  0
LWPOLYLINE
  5
DA
330
17
100
AcDbEntity
  8
0
100
AcDbPolyline
 90
3
 70
0
 10
329590.77561824466
 20
2793841.928377545
 10
329707.6820689988
 20
2793805.0390701145
 10
329719.36109650915
 20
2793801.2251614225
  0
LINE
  5
DB
330
17
100
AcDbEntity
  8
0
100
AcDbLine
 10
329590.77561824466
 20
2793841.928377545
 30
0.0
 11
329588.2750872378
 21
2793928.911784207
 31
0.0
  0
LINE
  5
DC
330
17
100
AcDbEntity
  8
0
100
AcDbLine
 10
329588.2750872378
 20
2793928.911784207
 30
0.0
 11
329630.6070052376
 21
2794012.715836611
 31
0.0
  0
LWPOLYLINE
  5
DD
330
17
100
AcDbEntity
  8
0
100
AcDbPolyline
 90
3
 70
0
 10
329577.00466624135
 20
2793796.4602067186
 10
329557.99163547147
 20
2793801.906528348
 10
329541.5473454137
 20
2793804.927631769
  0
LINE
  5
DE
330
17
100
AcDbEntity
  8
0
100
AcDbLine
 10
329699.7513551852
 20
2793736.0892817387
 30
0.0
 11
329666.72322531545
 21
2793746.2650300814
 31
0.0
  0
LWPOLYLINE
  5
DF
330
17
100
AcDbEntity
  8
0
100
AcDbPolyline
 90
4
 70
0
 10
329742.21751529386
 20
2793892.187494306
 10
329733.65327517263
 20
2793902.5314695374
 10
329688.76842226216
 20
2793969.56518596
 10
329741.98305540835
 20
2793905.572763713
  0
LINE
  5
E0
330
17
100
AcDbEntity
  8
0
100
AcDbLine
 10
329638.88707219856
 20
2793495.1765019773
 30
0.0
 11
329612.80130320735
 21
2793489.4564767145
 31
0.0
  0
LINE
  5
E1
330
17
100
AcDbEntity
  8
0
100
AcDbLine
 10
329679.1830698607
 20
2793630.0541550885
 30
0.0
 11
329666.3955956532
 21
2793625.063898888
 31
0.0
  0
LWPOLYLINE
  5
E2
330
17
100
AcDbEntity
  8
0
100
AcDbPolyline
 90
3
 70
0
 10
329167.45737416856
 20
2793315.808420673
 10
329233.3628995216
 20
2793293.761632031
 10
329238.84280378954
 20
2793292.086124716
  0
LINE
  5
E3
330
17
100
AcDbEntity
  8
0
100
AcDbLine
 10
329167.45737416856
 20
2793315.808420673
 30
0.0
 11
329158.5144311207
 21
2793297.7643644526
 31
0.0
  0
LINE
  5
E4
330
17
100
AcDbEntity
  8
0
100
AcDbLine
 10
329167.45737416856
 20
2793315.808420673
 30
0.0
 11
329161.91632817424
 21
2793335.7746770885
 31
0.0
  0
LWPOLYLINE
  5
E5
330
17
100
AcDbEntity
  8
0
100
AcDbPolyline
 90
5
 70
0
 10
329233.3628995216
 20
2793293.761632031
 10
329225.4777535272
 20
2793254.157282634
 10
329219.4702044112
 20
2793235.5886936975
 10
329214.57310198975
 20
2793220.3849058477
 10
329208.82687803113
 20
2793202.566331509
  0
LINE
  5
E6
330
17
100
AcDbEntity
  8
0
100
AcDbLine
 10
329158.5144311207
 20
2793297.7643644526
 30
0.0
 11
329062.6257463739
 21
2793324.632737862
 31
0.0
  0
LWPOLYLINE
  5
E7
330
17
100
AcDbEntity
  8
0
100
AcDbPolyline
 90
4
 70
0
 10
329158.5144311207
 20
2793297.7643644526
 10
329154.1798675625
 20
2793268.8720330596
 10
329144.43854773516
 20
2793237.079065307
 10
329139.18990124564
 20
2793222.765987479
  0
LWPOLYLINE
  5
E8
330
17
100
AcDbEntity
  8
0
100
AcDbPolyline
 90
3
 70
0
 10
329161.91632817424
 20
2793335.7746770885
 10
329252.7421314199
 20
2793308.4945678655
 10
329371.1860874287
 20
2793275.7596679004
  0
LINE
  5
E9
330
17
100
AcDbEntity
  8
0
100
AcDbLine
 10
329161.91632817424
 20
2793335.7746770885
 30
0.0
 11
329172.6221190958
 21
2793352.201223004
 31
0.0
  0
LWPOLYLINE
  5
EA
330
17
100
AcDbEntity
  8
0
100
AcDbPolyline
 90
3
 70
0
 10
329255.73594233417
 20
2793326.1706516813
 10
329183.6708520957
 20
2793348.716096706
 10
329172.6221190958
 20
2793352.201223004
  0
LWPOLYLINE
  5
EB
330
17
100
AcDbEntity
  8
0
100
AcDbPolyline
 90
3
 70
0
 10
329255.73594233417
 20
2793326.1706516813
 10
329252.7421314199
 20
2793308.4945678655
 10
329263.6566796353
 20
2793345.4573345482
  0
LWPOLYLINE
  5
EC
330
17
100
AcDbEntity
  8
0
100
AcDbPolyline
 90
8
 70
0
 10
329183.6708520957
 20
2793348.716096706
 10
329189.93804874766
 20
2793381.4613629505
 10
329192.07417349785
 20
2793389.454931834
 10
329195.81728350034
 20
2793403.432538089
 10
329201.695802568
 20
2793425.348333604
 10
329203.52341388696
 20
2793433.644908474
 10
329208.11934911646
 20
2793459.310222717
 10
329249.7533965864
 20
2793596.0754331537
  0
LINE
  5
ED
330
17
100
AcDbEntity
  8
0
100
AcDbLine
 10
329263.6566796353
 20
2793345.4573345482
 30
0.0
 11
329377.7001170104
 21
2793313.730733299
 31
0.0
  0
LINE
  5
EE
330
17
100
AcDbEntity
  8
0
100
AcDbLine
 10
329263.6566796353
 20
2793345.4573345482
 30
0.0
 11
329257.88167807704
 21
2793370.843686286
 31
0.0
  0
LINE
  5
EF
330
17
100
AcDbEntity
  8
0
100
AcDbLine
 10
329252.7421314199
 20
2793308.4945678655
 30
0.0
 11
329238.84280378954
 21
2793292.086124716
 31
0.0
  0
LINE
  5
F0
330
17
100
AcDbEntity
  8
0
100
AcDbLine
 10
329377.7001170104
 20
2793313.730733299
 30
0.0
 11
329406.3223137979
 21
2793271.2840525787
 31
0.0
  0
LINE
  5
F1
330
17
100
AcDbEntity
  8
0
100
AcDbLine
 10
329377.7001170104
 20
2793313.730733299
 30
0.0
 11
329283.6814937083
 21
2793388.9962863275
 31
0.0
  0
LWPOLYLINE
  5
F2
330
17
100
AcDbEntity
  8
0
100
AcDbPolyline
 90
5
 70
0
 10
329257.88167807704
 20
2793370.843686286
 10
329260.05134572706
 20
2793378.305091001
 10
329272.14304100553
 20
2793414.3445986216
 10
329273.49034563004
 20
2793417.31867807
 10
329278.68681869225
 20
2793438.6892027804
  0
LINE
  5
F3
330
17
100
AcDbEntity
  8
0
100
AcDbLine
 10
329257.88167807704
 20
2793370.843686286
 30
0.0
 11
329192.07417349785
 21
2793389.454931834
 31
0.0
  0
LINE
  5
F4
330
17
100
AcDbEntity
  8
0
100
AcDbLine
 10
329272.14304100553
 20
2793414.3445986216
 30
0.0
 11
329283.6814937083
 21
2793388.9962863275
 31
0.0
  0
LINE
  5
F5
330
17
100
AcDbEntity
  8
0
100
AcDbLine
 10
329260.05134572706
 20
2793378.305091001
 30
0.0
 11
329283.6814937083
 21
2793388.9962863275
 31
0.0
  0
LINE
  5
F6
330
17
100
AcDbEntity
  8
0
100
AcDbLine
 10
329273.49034563004
 20
2793417.31867807
 30
0.0
 11
329282.8927874571
 21
2793437.4618353555
 31
0.0
  0
LINE
  5
F7
330
17
100
AcDbEntity
  8
0
100
AcDbLine
 10
329172.6221190958
 20
2793352.201223004
 30
0.0
 11
329168.17601981753
 21
2793374.302801054
 31
0.0
  0
LINE
  5
F8
330
17
100
AcDbEntity
  8
0
100
AcDbLine
 10
329189.93804874766
 20
2793381.4613629505
 30
0.0
 11
329168.17601981753
 21
2793374.302801054
 31
0.0
  0
LWPOLYLINE
  5
F9
330
17
100
AcDbEntity
  8
0
100
AcDbPolyline
 90
18
 70
0
 10
329090.8258650823
 20
2793496.0313545726
 10
329107.697037903
 20
2793488.4955405043
 10
329129.8127242783
 20
2793482.1896285587
 10
329169.1215861995
 20
2793470.7035895325
 10
329208.11934911646
 20
2793459.310222717
 10
329174.51200881007
 20
2793469.1288834265
 10
329212.5160030296
 20
2793458.0250340733
 10
329238.4441741373
 20
2793450.4414961534
 10
329246.7959381393
 20
2793448.009652501
 10
329252.1561564561
 20
2793446.435359926
 10
329278.68681869225
 20
2793438.6892027804
 10
329282.8927874571
 20
2793437.4618353555
 10
329287.0786099396
 20
2793436.234723576
 10
329323.5669836317
 20
2793425.5712966803
 10
329328.90721064975
 20
2793424.0083661317
 10
329390.1496988911
 20
2793406.120054167
 10
329421.0871252469
 20
2793397.0778550357
 10
329457.5710105425
 20
2793382.847717232
  0
LINE
  5
FA
330
17
100
AcDbEntity
  8
0
100
AcDbLine
 10
329212.5160030296
 20
2793458.0250340733
 30
0.0
 11
329203.52341388696
 21
2793433.644908474
 31
0.0
  0
LWPOLYLINE
  5
FB
330
17
100
AcDbEntity
  8
0
100
AcDbPolyline
 90
3
 70
0
 10
329174.51200881007
 20
2793469.1288834265
 10
329179.943944159
 20
2793498.7606723793
 10
329169.1215861995
 20
2793470.7035895325
  0
LINE
  5
FC
330
17
100
AcDbEntity
  8
0
100
AcDbLine
 10
329201.695802568
 20
2793425.348333604
 30
0.0
 11
329183.7416328266
 21
2793418.1416662214
 31
0.0
  0
LINE
  5
FD
330
17
100
AcDbEntity
  8
0
100
AcDbLine
 10
329195.81728350034
 20
2793403.432538089
 30
0.0
 11
329183.7416328266
 21
2793418.1416662214
 31
0.0
  0
LINE
  5
FE
330
17
100
AcDbEntity
  8
0
100
AcDbLine
 10
329183.7416328266
 20
2793418.1416662214
 30
0.0
 11
329168.17601981753
 21
2793374.302801054
 31
0.0
  0
LINE
  5
FF
330
17
100
AcDbEntity
  8
0
100
AcDbLine
 10
329062.6257463739
 20
2793324.632737862
 30
0.0
 11
329053.552598894
 21
2793293.9059533356
 31
0.0
  0
LINE
  5
100
330
17
100
AcDbEntity
  8
0
100
AcDbLine
 10
329062.6257463739
 20
2793324.632737862
 30
0.0
 11
329050.6895064633
 21
2793358.3391830204
 31
0.0
  0
LINE
  5
101
330
17
100
AcDbEntity
  8
0
100
AcDbLine
 10
329154.1798675625
 20
2793268.8720330596
 30
0.0
 11
329133.9812898012
 21
2793262.668638764
 31
0.0
  0
LWPOLYLINE
  5
102
330
17
100
AcDbEntity
  8
0
100
AcDbPolyline
 90
3
 70
0
 10
329801.48766569304
 20
2794209.991458422
 10
329774.90571986337
 20
2794163.144552373
 10
329754.04688841774
 20
2794125.9743387746
  0
LINE
  5
103
330
17
100
AcDbEntity
  8
0
100
AcDbLine
 10
329801.48766569304
 20
2794209.991458422
 30
0.0
 11
329804.9213434773
 21
2794224.261113512
 31
0.0
  0
LINE
  5
104
330
17
100
AcDbEntity
  8
0
100
AcDbLine
 10
329801.48766569304
 20
2794209.991458422
 30
0.0
 11
329878.2855018305
 21
2794242.0265426277
 31
0.0
  0
LWPOLYLINE
  5
105
330
17
100
AcDbEntity
  8
0
100
AcDbPolyline
 90
3
 70
0
 10
329774.90571986337
 20
2794163.144552373
 10
329739.1646002509
 20
2794204.20681098
 10
329714.75247697264
 20
2794232.874133753
  0
LINE
  5
106
330
17
100
AcDbEntity
  8
0
100
AcDbLine
 10
329878.2855018305
 20
2794242.0265426277
 30
0.0
 11
329868.5920817391
 21
2794247.4881438697
 31
0.0
  0
LWPOLYLINE
  5
107
330
17
100
AcDbEntity
  8
0
100
AcDbPolyline
 90
9
 70
0
 10
329458.5183467559
 20
2794121.0576227815
 10
329470.8695351464
 20
2794140.210967792
 10
329473.2636085708
 20
2794143.914092561
 10
329476.93186984654
 20
2794149.5952054816
 10
329503.8017175476
 20
2794196.017001078
 10
329487.08658296353
 20
2794167.136705459
 10
329515.0693761284
 20
2794215.538541284
 10
329525.84987477737
 20
2794234.778200909
 10
329532.6608403255
 20
2794246.0141399316
  0
LWPOLYLINE
  5
108
330
17
100
AcDbEntity
  8
0
100
AcDbPolyline
 90
8
 70
0
 10
329503.8017175476
 20
2794196.017001078
 10
329588.04871234484
 20
2794148.3715615827
 10
329606.34828383883
 20
2794139.112297203
 10
329610.1378512291
 20
2794137.635468681
 10
329627.7221983781
 20
2794130.7781151365
 10
329635.69039485767
 20
2794128.318083707
 10
329668.2721347236
 20
2794117.1729402132
 10
329686.17814291554
 20
2794111.053846241
  0
LINE
  5
109
330
17
100
AcDbEntity
  8
0
100
AcDbLine
 10
329487.08658296353
 20
2794167.136705459
 30
0.0
 11
329473.2636085708
 21
2794143.914092561
 31
0.0
  0
LINE
  5
10A
330
17
100
AcDbEntity
  8
0
100
AcDbLine
 10
329588.04871234484
 20
2794148.3715615827
 30
0.0
 11
329581.14563672495
 21
2794170.592588919
 31
0.0
  0
LINE
  5
10B
330
17
100
AcDbEntity
  8
0
100
AcDbLine
 10
329754.04688841774
 20
2794125.9743387746
 30
0.0
 11
329737.3005926246
 21
2794112.1825059243
 31
0.0
  0
LINE
  5
10C
330
17
100
AcDbEntity
  8
0
100
AcDbLine
 10
329754.04688841774
 20
2794125.9743387746
 30
0.0
 11
329789.22132012865
 21
2794106.299964034
 31
0.0
  0
LWPOLYLINE
  5
10D
330
17
100
AcDbEntity
  8
0
100
AcDbPolyline
 90
4
 70
0
 10
329737.3005926246
 20
2794112.1825059243
 10
329725.242513538
 20
2794109.875013319
 10
329723.4067237897
 20
2794109.6987259686
 10
329696.42365795467
 20
2794109.42925812
  0
LINE
  5
10E
330
17
100
AcDbEntity
  8
0
100
AcDbLine
 10
329737.3005926246
 20
2794112.1825059243
 30
0.0
 11
329788.64296528924
 21
2794060.3553797696
 31
0.0
  0
LWPOLYLINE
  5
10F
330
17
100
AcDbEntity
  8
0
100
AcDbPolyline
 90
3
 70
0
 10
329725.242513538
 20
2794109.875013319
 10
329725.33126338455
 20
2794093.7220533458
 10
329724.5689000369
 20
2794046.782747405
  0
LWPOLYLINE
  5
110
330
17
100
AcDbEntity
  8
0
100
AcDbPolyline
 90
3
 70
0
 10
329480.2710007626
 20
2794109.2066707066
 10
329485.03855366417
 20
2794118.1751951324
 10
329507.6526302913
 20
2794144.2780536087
  0
LINE
  5
111
330
17
100
AcDbEntity
  8
0
100
AcDbLine
 10
329470.8695351464
 20
2794140.210967792
 30
0.0
 11
329485.03855366417
 21
2794118.1751951324
 31
0.0
  0
LWPOLYLINE
  5
112
330
17
100
AcDbEntity
  8
0
100
AcDbPolyline
 90
3
 70
0
 10
329690.4037819102
 20
2794234.576650335
 10
329648.31415962963
 20
2794159.532174478
 10
329635.69039485767
 20
2794128.318083707
  0
LINE
  5
113
330
17
100
AcDbEntity
  8
0
100
AcDbLine
 10
329648.31415962963
 20
2794159.532174478
 30
0.0
 11
329627.7221983781
 21
2794130.7781151365
 31
0.0
  0
LINE
  5
114
330
17
100
AcDbEntity
  8
0
100
AcDbLine
 10
329648.31415962963
 20
2794159.532174478
 30
0.0
 11
329638.4502314729
 21
2794182.643483263
 31
0.0
  0
LINE
  5
115
330
17
100
AcDbEntity
  8
0
100
AcDbLine
 10
329512.0628991717
 20
2794235.1736004762
 30
0.0
 11
329532.6608403255
 21
2794246.0141399316
 31
0.0
  0
LWPOLYLINE
  5
116
330
17
100
AcDbEntity
  8
0
100
AcDbPolyline
 90
8
 70
0
 10
328199.8159882704
 20
2792514.673334537
 10
328146.72347013536
 20
2792417.6604699446
 10
328132.87762467604
 20
2792393.741359715
 10
328095.1904372175
 20
2792319.7306301934
 10
328085.4728940448
 20
2792302.7383464375
 10
328056.64810616453
 20
2792259.3348177834
 10
328039.5438225282
 20
2792214.519484787
 10
328019.8901368939
 20
2792178.421838309
  0
LINE
  5
117
330
17
100
AcDbEntity
  8
0
100
AcDbLine
 10
328146.72347013536
 20
2792417.6604699446
 30
0.0
 11
328168.91762980964
 21
2792403.9297344363
 31
0.0
  0
LWPOLYLINE
  5
118
330
17
100
AcDbEntity
  8
0
100
AcDbPolyline
 90
3
 70
0
 10
327971.6113075776
 20
2792299.355336493
 10
327999.43789768417
 20
2792283.2373880097
 10
328031.1455498589
 20
2792264.8767041694
  0
LINE
  5
119
330
17
100
AcDbEntity
  8
0
100
AcDbLine
 10
327971.6113075776
 20
2792299.355336493
 30
0.0
 11
327927.93397251295
 21
2792226.6286729905
 31
0.0
  0
LWPOLYLINE
  5
11A
330
17
100
AcDbEntity
  8
0
100
AcDbPolyline
 90
5
 70
0
 10
327966.8721405366
 20
2792306.2175748404
 10
327992.6775560944
 20
2792360.9701061784
 10
328037.6848536611
 20
2792441.678460646
 10
328040.21378333704
 20
2792447.2186319004
 10
328048.11137518194
 20
2792464.51096542
  0
LINE
  5
11B
330
17
100
AcDbEntity
  8
0
100
AcDbLine
 10
327966.8721405366
 20
2792306.2175748404
 30
0.0
 11
327903.28624231747
 21
2792254.227621079
 31
0.0
  0
LINE
  5
11C
330
17
100
AcDbEntity
  8
0
100
AcDbLine
 10
327992.6775560944
 20
2792360.9701061784
 30
0.0
 11
327965.91529266816
 21
2792375.9888906428
 31
0.0
  0
LWPOLYLINE
  5
11D
330
17
100
AcDbEntity
  8
0
100
AcDbPolyline
 90
3
 70
0
 10
328037.6848536611
 20
2792441.678460646
 10
328081.56812979
 20
2792426.032376075
 10
328132.87762467604
 20
2792393.741359715
  0
LINE
  5
11E
330
17
100
AcDbEntity
  8
0
100
AcDbLine
 10
328040.21378333704
 20
2792447.2186319004
 30
0.0
 11
327999.34340888204
 21
2792427.996836362
 31
0.0
  0
LWPOLYLINE
  5
11F
330
17
100
AcDbEntity
  8
0
100
AcDbPolyline
 90
3
 70
0
 10
328081.56812979
 20
2792426.032376075
 10
328097.5209131666
 20
2792480.1680220193
 10
328089.0918506206
 20
2792463.070745484
  0
LINE
  5
120
330
17
100
AcDbEntity
  8
0
100
AcDbLine
 10
328095.1904372175
 20
2792319.7306301934
 30
0.0
 11
328113.8694103374
 21
2792305.3022356136
 31
0.0
  0
LWPOLYLINE
  5
121
330
17
100
AcDbEntity
  8
0
100
AcDbPolyline
 90
4
 70
0
 10
329047.16891633614
 20
2792446.666911634
 10
329037.6379266096
 20
2792422.005632285
 10
329006.690699953
 20
2792369.8421922983
 10
328996.23473665246
 20
2792349.3358330033
  0
LINE
  5
122
330
17
100
AcDbEntity
  8
0
100
AcDbLine
 10
329047.16891633614
 20
2792446.666911634
 30
0.0
 11
329059.8105298688
 21
2792442.397223855
 31
0.0
  0
LWPOLYLINE
  5
123
330
17
100
AcDbEntity
  8
0
100
AcDbPolyline
 90
4
 70
0
 10
329045.77378365095
 20
2792450.2849197704
 10
329026.7945622541
 20
2792467.319123882
 10
329013.36580796505
 20
2792474.678503476
 10
328993.34254328324
 20
2792485.6329991533
  0
LINE
  5
124
330
17
100
AcDbEntity
  8
0
100
AcDbLine
 10
329045.77378365095
 20
2792450.2849197704
 30
0.0
 11
329052.6823457402
 21
2792461.9736505537
 31
0.0
  0
LINE
  5
125
330
17
100
AcDbEntity
  8
0
100
AcDbLine
 10
329037.6379266096
 20
2792422.005632285
 30
0.0
 11
329028.4822706209
 21
2792427.051070793
 31
0.0
  0
LWPOLYLINE
  5
126
330
17
100
AcDbEntity
  8
0
100
AcDbPolyline
 90
13
 70
0
 10
328975.51744606346
 20
2792301.407940335
 10
329004.13565418904
 20
2792350.244092356
 10
329016.7400933143
 20
2792372.5290376204
 10
329020.55602882616
 20
2792377.886929808
 10
329059.8105298688
 20
2792442.397223855
 10
329042.89148963144
 20
2792414.3507584613
 10
329066.31177672616
 20
2792454.5453086686
 10
329098.7479657055
 20
2792572.770887739
 10
329138.3109902326
 20
2792712.043520705
 10
329150.44374737743
 20
2792752.0705481754
 10
329167.03088827163
 20
2792806.5425609928
 10
329169.3470182511
 20
2792815.2206964623
 10
329194.1285052867
 20
2792883.5033493703
  0
LWPOLYLINE
  5
127
330
17
100
AcDbEntity
  8
0
100
AcDbPolyline
 90
17
 70
0
 10
328514.0643674178
 20
2792650.880552806
 10
328576.4830359168
 20
2792736.7315722443
 10
328534.04854873056
 20
2792686.974609405
 10
328586.10580840183
 20
2792754.26818179
 10
328623.4203088463
 20
2792822.2250325633
 10
328649.5871134301
 20
2792869.9948003776
 10
328666.8292624117
 20
2792901.249372027
 10
328670.9475070535
 20
2792908.996214741
 10
328683.97228062537
 20
2792932.6381541844
 10
328690.06733181933
 20
2792943.727717362
 10
328705.51676219405
 20
2792971.86992169
 10
328740.10090852686
 20
2793032.760527189
 10
328766.24891723733
 20
2793081.4945107107
 10
328789.6382072262
 20
2793124.02646973
 10
328792.10246746725
 20
2793128.470840413
 10
328849.05399908737
 20
2793231.64072273
 10
328869.78531913285
 20
2793267.193976069
  0
LWPOLYLINE
  5
128
330
17
100
AcDbEntity
  8
0
100
AcDbPolyline
 90
5
 70
0
 10
328576.4830359168
 20
2792736.7315722443
 10
328628.6554369227
 20
2792686.673255191
 10
328635.0191933034
 20
2792683.1695092386
 10
328760.3494373982
 20
2792613.8178060693
 10
328782.2518374587
 20
2792601.6981118894
  0
LINE
  5
129
330
17
100
AcDbEntity
  8
0
100
AcDbLine
 10
328586.10580840183
 20
2792754.26818179
 30
0.0
 11
328509.66767475894
 21
2792797.6439667577
 31
0.0
  0
LWPOLYLINE
  5
12A
330
17
100
AcDbEntity
  8
0
100
AcDbPolyline
 90
3
 70
0
 10
328628.6554369227
 20
2792686.673255191
 10
328646.1294379723
 20
2792710.7573304973
 10
328635.0191933034
 20
2792683.1695092386
  0
LINE
  5
12B
330
17
100
AcDbEntity
  8
0
100
AcDbLine
 10
328534.04854873056
 20
2792686.974609405
 30
0.0
 11
328468.46431089164
 21
2792722.613452444
 31
0.0
  0
LWPOLYLINE
  5
12C
330
17
100
AcDbEntity
  8
0
100
AcDbPolyline
 90
8
 70
0
 10
329121.5988702221
 20
2792716.298095366
 10
329047.4587959013
 20
2792754.290961086
 10
329080.4758726519
 20
2792728.7154343505
 10
329011.79053784837
 20
2792775.7679529837
 10
328916.05541747576
 20
2792832.590374386
 10
328873.26601792336
 20
2792855.8084585234
 10
328815.82443041576
 20
2792887.5871421504
 10
328768.3441571918
 20
2792922.264326614
  0
LINE
  5
12D
330
17
100
AcDbEntity
  8
0
100
AcDbLine
 10
329047.4587959013
 20
2792754.290961086
 30
0.0
 11
329082.5772104681
 21
2792775.4163066447
 31
0.0
  0
LWPOLYLINE
  5
12E
330
17
100
AcDbEntity
  8
0
100
AcDbPolyline
 90
3
 70
0
 10
329011.79053784837
 20
2792775.7679529837
 10
328997.6218418669
 20
2792750.8662094367
 10
328981.27861270646
 20
2792722.12570729
  0
LWPOLYLINE
  5
12F
330
17
100
AcDbEntity
  8
0
100
AcDbPolyline
 90
4
 70
0
 10
329082.5772104681
 20
2792775.4163066447
 10
328940.95836208237
 20
2792855.3954816624
 10
328889.2371733006
 20
2792884.5978586185
 10
328946.81536185235
 20
2792866.0007203086
  0
LWPOLYLINE
  5
130
330
17
100
AcDbEntity
  8
0
100
AcDbPolyline
 90
10
 70
0
 10
329082.5772104681
 20
2792775.4163066447
 10
329084.9115858983
 20
2792782.3438613545
 10
329095.8337643434
 20
2792820.646882704
 10
329099.17580426857
 20
2792832.3696044246
 10
329100.7285929495
 20
2792837.246508291
 10
329104.6529548442
 20
2792849.6044045226
 10
329115.0931706893
 20
2792882.463100991
 10
329119.47936881817
 20
2792896.2885536957
 10
329120.7861740056
 20
2792900.8362234305
 10
329133.4627252438
 20
2792928.0833210815
  0
LWPOLYLINE
  5
131
330
17
100
AcDbEntity
  8
0
100
AcDbPolyline
 90
12
 70
0
 10
329080.4758726519
 20
2792728.7154343505
 10
329071.66526654677
 20
2792710.0161343766
 10
329046.2939546078
 20
2792672.4717555493
 10
329040.6044010583
 20
2792650.3985272925
 10
329034.72385723836
 20
2792631.5514411186
 10
329028.0651915269
 20
2792607.7401230293
 10
329025.1520374506
 20
2792595.6796513204
 10
329016.4159249155
 20
2792562.954563629
 10
329010.93828944373
 20
2792544.9000164303
 10
329004.3672882224
 20
2792522.4502051556
 10
329002.0480809903
 20
2792514.337112289
 10
328993.34254328324
 20
2792485.6329991533
  0
LWPOLYLINE
  5
132
330
17
100
AcDbEntity
  8
0
100
AcDbPolyline
 90
10
 70
0
 10
328768.3441571918
 20
2792922.264326614
 10
328797.9522326919
 20
2792990.4299071864
 10
328782.94518759253
 20
2792963.788636629
 10
328801.95115393004
 20
2792997.513606543
 10
328814.44321095117
 20
2793019.6890044436
 10
328824.55436106474
 20
2793037.6405424112
 10
328836.6341467718
 20
2793059.090017976
 10
328841.44749767415
 20
2793067.6368111665
 10
328845.00613974134
 20
2793078.1492296276
 10
328852.0078421939
 20
2793092.4289580435
  0
LINE
  5
133
330
17
100
AcDbEntity
  8
0
100
AcDbLine
 10
328797.9522326919
 20
2792990.4299071864
 30
0.0
 11
328803.7265036987
 21
2792966.6275030784
 31
0.0
  0
LINE
  5
134
330
17
100
AcDbEntity
  8
0
100
AcDbLine
 10
328801.95115393004
 20
2792997.513606543
 30
0.0
 11
328740.10090852686
 21
2793032.760527189
 31
0.0
  0
LINE
  5
135
330
17
100
AcDbEntity
  8
0
100
AcDbLine
 10
328782.94518759253
 20
2792963.788636629
 30
0.0
 11
328803.7265036987
 21
2792966.6275030784
 31
0.0
  0
LWPOLYLINE
  5
136
330
17
100
AcDbEntity
  8
0
100
AcDbPolyline
 90
4
 70
0
 10
328803.7265036987
 20
2792966.6275030784
 10
328928.9377502898
 20
2792894.3984090993
 10
328954.15675650816
 20
2792880.0546405246
 10
329070.3690404766
 20
2792813.967238691
  0
LINE
  5
137
330
17
100
AcDbEntity
  8
0
100
AcDbLine
 10
329099.17580426857
 20
2792832.3696044246
 30
0.0
 11
329070.3690404766
 21
2792813.967238691
 31
0.0
  0
LINE
  5
138
330
17
100
AcDbEntity
  8
0
100
AcDbLine
 10
329100.7285929495
 20
2792837.246508291
 30
0.0
 11
328945.7709159506
 21
2792924.4398695743
 31
0.0
  0
LWPOLYLINE
  5
139
330
17
100
AcDbEntity
  8
0
100
AcDbPolyline
 90
4
 70
0
 10
329095.8337643434
 20
2792820.646882704
 10
329124.87290968164
 20
2792812.780195932
 10
329158.25772190286
 20
2792809.1459182487
 10
329167.03088827163
 20
2792806.5425609928
  0
LINE
  5
13A
330
17
100
AcDbEntity
  8
0
100
AcDbLine
 10
329070.3690404766
 20
2792813.967238691
 30
0.0
 11
329084.9115858983
 21
2792782.3438613545
 31
0.0
  0
LINE
  5
13B
330
17
100
AcDbEntity
  8
0
100
AcDbLine
 10
329028.0651915269
 20
2792607.7401230293
 30
0.0
 11
329012.9811334708
 21
2792626.0212827204
 31
0.0
  0
LWPOLYLINE
  5
13C
330
17
100
AcDbEntity
  8
0
100
AcDbPolyline
 90
4
 70
0
 10
329025.1520374506
 20
2792595.6796513204
 10
329089.45569642156
 20
2792575.7685694634
 10
329098.7479657055
 20
2792572.770887739
 10
329106.81916863914
 20
2792570.420086959
  0
LINE
  5
13D
330
17
100
AcDbEntity
  8
0
100
AcDbLine
 10
329034.72385723836
 20
2792631.5514411186
 30
0.0
 11
329012.9811334708
 21
2792626.0212827204
 31
0.0
  0
LWPOLYLINE
  5
13E
330
17
100
AcDbEntity
  8
0
100
AcDbPolyline
 90
6
 70
0
 10
329012.9811334708
 20
2792626.0212827204
 10
328962.6521870048
 20
2792654.651798526
 10
328864.5557885861
 20
2792710.4519609706
 10
328818.6290428557
 20
2792736.5791107295
 10
328767.98076208105
 20
2792765.3917014753
 10
328711.1105649936
 20
2792797.7507242393
  0
LWPOLYLINE
  5
13F
330
17
100
AcDbEntity
  8
0
100
AcDbPolyline
 90
9
 70
0
 10
328646.1294379723
 20
2792710.7573304973
 10
328651.5090423224
 20
2792721.0361627513
 10
328660.80220034986
 20
2792738.012009405
 10
328670.2344342579
 20
2792755.628631008
 10
328693.92274054454
 20
2792800.2282891152
 10
328687.6865773483
 20
2792788.3428840926
 10
328701.5304515903
 20
2792815.397610025
 10
328712.00113726774
 20
2792836.258073659
 10
328725.6724549749
 20
2792855.261210446
  0
LINE
  5
140
330
17
100
AcDbEntity
  8
0
100
AcDbLine
 10
328693.92274054454
 20
2792800.2282891152
 30
0.0
 11
328711.1105649936
 21
2792797.7507242393
 31
0.0
  0
LINE
  5
141
330
17
100
AcDbEntity
  8
0
100
AcDbLine
 10
328701.5304515903
 20
2792815.397610025
 30
0.0
 11
328711.1105649936
 21
2792797.7507242393
 31
0.0
  0
LWPOLYLINE
  5
142
330
17
100
AcDbEntity
  8
0
100
AcDbPolyline
 90
3
 70
0
 10
328687.6865773483
 20
2792788.3428840926
 10
328692.53319157043
 20
2792785.1796392803
 10
328623.4203088463
 20
2792822.2250325633
  0
LWPOLYLINE
  5
143
330
17
100
AcDbEntity
  8
0
100
AcDbPolyline
 90
7
 70
0
 10
328993.34254328324
 20
2792485.6329991533
 10
328986.2132496579
 20
2792489.1683949386
 10
328874.92206117656
 20
2792549.4113116506
 10
328823.36516404024
 20
2792578.9441224625
 10
328867.0114006244
 20
2792554.097702621
 10
328788.90669868037
 20
2792598.102135375
 10
328782.2518374587
 20
2792601.6981118894
  0
LWPOLYLINE
  5
144
330
17
100
AcDbEntity
  8
0
100
AcDbPolyline
 90
4
 70
0
 10
328823.36516404024
 20
2792578.9441224625
 10
328834.4080414492
 20
2792598.0470933225
 10
328842.2883569263
 20
2792611.6731802286
 10
328843.0919331906
 20
2792613.0699346173
  0
LWPOLYLINE
  5
145
330
17
100
AcDbEntity
  8
0
100
AcDbPolyline
 90
3
 70
0
 10
328788.90669868037
 20
2792598.102135375
 10
328769.36828049645
 20
2792571.7065313933
 10
328782.2518374587
 20
2792601.6981118894
  0
LWPOLYLINE
  5
146
330
17
100
AcDbEntity
  8
0
100
AcDbPolyline
 90
7
 70
0
 10
328867.0114006244
 20
2792554.097702621
 10
328853.81876975065
 20
2792523.5560574033
 10
328836.912108849
 20
2792495.720151125
 10
328821.92835755553
 20
2792470.950727269
 10
328818.8512844442
 20
2792465.860491767
 10
328799.07168691716
 20
2792433.153368676
 10
328787.38166923565
 20
2792408.3090670872
  0
LINE
  5
147
330
17
100
AcDbEntity
  8
0
100
AcDbLine
 10
328834.4080414492
 20
2792598.0470933225
 30
0.0
 11
328804.4410939573
 21
2792635.3385084257
 31
0.0
  0
LWPOLYLINE
  5
148
330
17
100
AcDbEntity
  8
0
100
AcDbPolyline
 90
3
 70
0
 10
328820.0213830094
 20
2792662.6704821168
 10
328810.42784740834
 20
2792645.8312762314
 10
328804.4410939573
 20
2792635.3385084257
  0
LWPOLYLINE
  5
149
330
17
100
AcDbEntity
  8
0
100
AcDbPolyline
 90
6
 70
0
 10
328678.4975085343
 20
2792742.185932318
 10
328820.0213830094
 20
2792662.6704821168
 10
328737.37385758664
 20
2792709.1034689094
 10
328833.86777739355
 20
2792654.895714978
 10
328931.1626273267
 20
2792600.2243767744
 10
328994.9125316581
 20
2792564.4116835953
  0
LWPOLYLINE
  5
14A
330
17
100
AcDbEntity
  8
0
100
AcDbPolyline
 90
3
 70
0
 10
328833.86777739355
 20
2792654.895714978
 10
328864.5557885861
 20
2792710.4519609706
 10
328874.4621971651
 20
2792726.5450078985
  0
LINE
  5
14B
330
17
100
AcDbEntity
  8
0
100
AcDbLine
 10
328737.37385758664
 20
2792709.1034689094
 30
0.0
 11
328767.98076208105
 21
2792765.3917014753
 31
0.0
  0
LWPOLYLINE
  5
14C
330
17
100
AcDbEntity
  8
0
100
AcDbPolyline
 90
8
 70
0
 10
328666.8292624117
 20
2792901.249372027
 10
328725.6724549749
 20
2792855.261210446
 10
328782.9822879742
 20
2792832.9777541133
 10
328884.43152748956
 20
2792776.29256269
 10
328850.91514113336
 20
2792795.0175677864
 10
328918.15800539707
 20
2792756.6455077287
 10
328981.27861270646
 20
2792722.12570729
 10
329046.2939546078
 20
2792672.4717555493
  0
LWPOLYLINE
  5
14D
330
17
100
AcDbEntity
  8
0
100
AcDbPolyline
 90
4
 70
0
 10
328884.43152748956
 20
2792776.29256269
 10
328892.6929844519
 20
2792790.5896152253
 10
328906.0383022306
 20
2792815.701079904
 10
328916.05541747576
 20
2792832.590374386
  0
LWPOLYLINE
  5
14E
330
17
100
AcDbEntity
  8
0
100
AcDbPolyline
 90
4
 70
0
 10
328918.15800539707
 20
2792756.6455077287
 10
328908.94858685107
 20
2792739.8900106912
 10
328902.61661832576
 20
2792728.382386126
 10
328900.574614267
 20
2792724.6638100646
  0
LWPOLYLINE
  5
14F
330
17
100
AcDbEntity
  8
0
100
AcDbPolyline
 90
3
 70
0
 10
328850.91514113336
 20
2792795.0175677864
 10
328836.107537666
 20
2792768.218620559
 10
328818.6290428557
 20
2792736.5791107295
  0
LINE
  5
150
330
17
100
AcDbEntity
  8
0
100
AcDbLine
 10
328892.6929844519
 20
2792790.5896152253
 30
0.0
 11
328911.02929375676
 21
2792799.2534374124
 31
0.0
  0
LWPOLYLINE
  5
151
330
17
100
AcDbEntity
  8
0
100
AcDbPolyline
 90
3
 70
0
 10
328873.26601792336
 20
2792855.8084585234
 10
328881.1019591283
 20
2792869.9225575714
 10
328889.2371733006
 20
2792884.5978586185
  0
LINE
  5
152
330
17
100
AcDbEntity
  8
0
100
AcDbLine
 10
328906.0383022306
 20
2792815.701079904
 30
0.0
 11
328911.02929375676
 21
2792799.2534374124
 31
0.0
  0
LINE
  5
153
330
17
100
AcDbEntity
  8
0
100
AcDbLine
 10
328908.94858685107
 20
2792739.8900106912
 30
0.0
 11
328872.1545460236
 21
2792743.246752729
 31
0.0
  0
LINE
  5
154
330
17
100
AcDbEntity
  8
0
100
AcDbLine
 10
329016.4159249155
 20
2792562.954563629
 30
0.0
 11
328994.9125316581
 21
2792564.4116835953
 31
0.0
  0
LINE
  5
155
330
17
100
AcDbEntity
  8
0
100
AcDbLine
 10
329010.93828944373
 20
2792544.9000164303
 30
0.0
 11
328994.9125316581
 21
2792564.4116835953
 31
0.0
  0
LINE
  5
156
330
17
100
AcDbEntity
  8
0
100
AcDbLine
 10
329183.7084864135
 20
2792904.893779114
 30
0.0
 11
329198.787994039
 21
2792900.6266435804
 31
0.0
  0
LWPOLYLINE
  5
157
330
17
100
AcDbEntity
  8
0
100
AcDbPolyline
 90
6
 70
0
 10
329183.7084864135
 20
2792904.893779114
 10
329190.81785634364
 20
2792928.5222133165
 10
329229.9871216773
 20
2793051.9029460507
 10
329249.409349751
 20
2793114.7142811595
 10
329259.8506078932
 20
2793146.0996620916
 10
329263.4290794734
 20
2793153.42142615
  0
LINE
  5
158
330
17
100
AcDbEntity
  8
0
100
AcDbLine
 10
329182.93769658287
 20
2792904.493622204
 30
0.0
 11
329177.3817362899
 21
2792890.583221362
 31
0.0
  0
LWPOLYLINE
  5
159
330
17
100
AcDbEntity
  8
0
100
AcDbPolyline
 90
16
 70
0
 10
329182.93769658287
 20
2792904.493622204
 10
329152.2044841552
 20
2792917.023313824
 10
329133.4627252438
 20
2792928.0833210815
 10
329129.86229502875
 20
2792930.200401514
 10
329114.38813876675
 20
2792939.1143265516
 10
329067.9906939472
 20
2792966.2325561293
 10
329030.1946213066
 20
2792988.3124901536
 10
329011.82172496576
 20
2792999.0467535513
 10
329004.0005624249
 20
2793003.62116992
 10
328950.79230710666
 20
2793034.703267513
 10
328941.43102542334
 20
2793040.1834463147
 10
328856.58855047915
 20
2793089.756567192
 10
328852.0078421939
 20
2793092.4289580435
 10
328824.60393874673
 20
2793108.4401655565
 10
328811.099765199
 20
2793112.964759561
 10
328789.6382072262
 20
2793124.02646973
  0
LINE
  5
15A
330
17
100
AcDbEntity
  8
0
100
AcDbLine
 10
329190.81785634364
 20
2792928.5222133165
 30
0.0
 11
329152.2044841552
 21
2792917.023313824
 31
0.0
  0
LINE
  5
15B
330
17
100
AcDbEntity
  8
0
100
AcDbLine
 10
329190.81785634364
 20
2792928.5222133165
 30
0.0
 11
329201.49939403066
 21
2792924.654030874
 31
0.0
  0
LWPOLYLINE
  5
15C
330
17
100
AcDbEntity
  8
0
100
AcDbPolyline
 90
4
 70
0
 10
329177.3817362899
 20
2792890.583221362
 10
329157.5793321548
 20
2792911.8041202417
 10
329152.2044841552
 20
2792917.023313824
 10
329119.2284871959
 20
2792948.214771813
  0
LWPOLYLINE
  5
15D
330
17
100
AcDbEntity
  8
0
100
AcDbPolyline
 90
6
 70
0
 10
329178.59747216257
 20
2792887.9202054357
 10
329158.25772190286
 20
2792809.1459182487
 10
329129.99459567637
 20
2792714.120452971
 10
329119.5718164406
 20
2792677.8605501223
 10
329089.45569642156
 20
2792575.7685694634
 10
329054.0777655274
 20
2792462.365910222
  0
LINE
  5
15E
330
17
100
AcDbEntity
  8
0
100
AcDbLine
 10
329157.5793321548
 20
2792911.8041202417
 30
0.0
 11
329124.87290968164
 21
2792812.780195932
 31
0.0
  0
LWPOLYLINE
  5
15F
330
17
100
AcDbEntity
  8
0
100
AcDbPolyline
 90
3
 70
0
 10
329119.2284871959
 20
2792948.214771813
 10
329124.46044995304
 20
2792958.0081920484
 10
329114.38813876675
 20
2792939.1143265516
  0
LWPOLYLINE
  5
160
330
17
100
AcDbEntity
  8
0
100
AcDbPolyline
 90
4
 70
0
 10
329119.2284871959
 20
2792948.214771813
 10
329073.3546177908
 20
2792972.911344823
 10
329034.02104192146
 20
2792995.3098049047
 10
329006.16146125016
 20
2793011.1712799645
  0
LWPOLYLINE
  5
161
330
17
100
AcDbEntity
  8
0
100
AcDbPolyline
 90
3
 70
0
 10
328824.60393874673
 20
2793108.4401655565
 10
328812.9072455298
 20
2793116.4647271987
 10
328792.10246746725
 20
2793128.470840413
  0
LWPOLYLINE
  5
162
330
17
100
AcDbEntity
  8
0
100
AcDbPolyline
 90
9
 70
0
 10
329143.2267248366
 20
2792282.672164691
 10
329170.7021332541
 20
2792264.1793671944
 10
329131.3351820905
 20
2792289.701812332
 10
329105.28134581866
 20
2792305.0638002893
 10
329097.8702646266
 20
2792309.4335435303
 10
329074.9469575238
 20
2792322.9503277824
 10
329055.9143357425
 20
2792334.180226591
 10
329045.45287108666
 20
2792340.349954645
 10
329030.67080516915
 20
2792349.0668539386
  0
LINE
  5
163
330
17
100
AcDbEntity
  8
0
100
AcDbLine
 10
329143.2267248366
 20
2792282.672164691
 30
0.0
 11
329172.5427523716
 21
2792270.304468542
 31
0.0
  0
LWPOLYLINE
  5
164
330
17
100
AcDbEntity
  8
0
100
AcDbPolyline
 90
4
 70
0
 10
329131.3351820905
 20
2792289.701812332
 10
329090.6270208671
 20
2792217.798433985
 10
329071.89819500945
 20
2792183.6929110447
 10
329067.25361324765
 20
2792175.753197131
  0
LWPOLYLINE
  5
165
330
17
100
AcDbEntity
  8
0
100
AcDbPolyline
 90
22
 70
0
 10
329393.9060274885
 20
2793024.1556103816
 10
329377.9062765972
 20
2792953.8564729923
 10
329364.9691710195
 20
2792911.5019604173
 10
329346.3044694996
 20
2792850.409118468
 10
329345.1051839932
 20
2792846.3918239633
 10
329337.5504562128
 20
2792820.9853734965
 10
329333.2022482991
 20
2792806.959980527
 10
329304.4104226652
 20
2792708.2629817934
 10
329303.0309129718
 20
2792703.5389664103
 10
329289.3107607227
 20
2792656.652371305
 10
329259.6473500259
 20
2792560.7913511447
 10
329212.04218207113
 20
2792402.1557564526
 10
329210.19068108517
 20
2792395.9643200245
 10
329190.8349701696
 20
2792331.31321288
 10
329189.446296931
 20
2792326.666868205
 10
329181.6101057759
 20
2792300.5550366654
 10
329177.48674147343
 20
2792286.803794009
 10
329170.7021332541
 20
2792264.1793671944
 10
329172.5427523716
 20
2792270.304468542
 10
329165.45296823006
 20
2792246.6536342422
 10
329155.97558972973
 20
2792215.056724104
 10
329153.88654575986
 20
2792196.4386791904
  0
LINE
  5
166
330
17
100
AcDbEntity
  8
0
100
AcDbLine
 10
329199.87990446656
 20
2792898.5301759206
 30
0.0
 11
329215.97779169865
 21
2792885.542821906
 31
0.0
  0
LWPOLYLINE
  5
167
330
17
100
AcDbEntity
  8
0
100
AcDbPolyline
 90
3
 70
0
 10
329265.85709671327
 20
2793127.069229242
 10
329278.8081539961
 20
2793136.1892110086
 10
329295.4408650026
 20
2793144.0441519087
  0
LINE
  5
168
330
17
100
AcDbEntity
  8
0
100
AcDbLine
 10
329251.74701230973
 20
2793083.599641905
 30
0.0
 11
329271.0724251764
 21
2793065.3095052787
 31
0.0
  0
LWPOLYLINE
  5
169
330
17
100
AcDbEntity
  8
0
100
AcDbPolyline
 90
3
 70
0
 10
329281.3716376181
 20
2793148.5089310943
 10
329285.6019066407
 20
2793159.5779473893
 10
329278.5790635648
 20
2793141.188322209
  0
LINE
  5
16A
330
17
100
AcDbEntity
  8
0
100
AcDbLine
 10
329263.4290794734
 20
2793153.42142615
 30
0.0
 11
329271.38915033615
 21
2793163.845144114
 31
0.0
  0
LWPOLYLINE
  5
16B
330
17
100
AcDbEntity
  8
0
100
AcDbPolyline
 90
7
 70
0
 10
329377.9062765972
 20
2792953.8564729923
 10
329347.11908207077
 20
2792962.9078801577
 10
329329.16029921913
 20
2792968.1528155208
 10
329319.84462711227
 20
2792970.873699119
 10
329313.16901084816
 20
2792972.819046169
 10
329295.18016977696
 20
2792978.075485828
 10
329260.62783442356
 20
2792988.1605603336
  0
LWPOLYLINE
  5
16C
330
17
100
AcDbEntity
  8
0
100
AcDbPolyline
 90
5
 70
0
 10
329393.9060274885
 20
2793024.1556103816
 10
329347.5362448323
 20
2793042.2992669386
 10
329303.5152343653
 20
2793054.940876023
 10
329275.18673004425
 20
2793063.994676232
 10
329271.0724251764
 20
2793065.3095052787
  0
LINE
  5
16D
330
17
100
AcDbEntity
  8
0
100
AcDbLine
 10
329393.9060274885
 20
2793024.1556103816
 30
0.0
 11
329416.308078387
 21
2793060.464007939
 31
0.0
  0
LINE
  5
16E
330
17
100
AcDbEntity
  8
0
100
AcDbLine
 10
329347.5362448323
 20
2793042.2992669386
 30
0.0
 11
329371.47934846015
 21
2793120.895370825
 31
0.0
  0
LINE
  5
16F
330
17
100
AcDbEntity
  8
0
100
AcDbLine
 10
329416.308078387
 20
2793060.464007939
 30
0.0
 11
329490.2851527259
 21
2793068.759371948
 31
0.0
  0
LINE
  5
170
330
17
100
AcDbEntity
  8
0
100
AcDbLine
 10
329416.308078387
 20
2793060.464007939
 30
0.0
 11
329431.5804196276
 21
2793055.518928992
 31
0.0
  0
LWPOLYLINE
  5
171
330
17
100
AcDbEntity
  8
0
100
AcDbPolyline
 90
11
 70
0
 10
328852.25377134176
 20
2792448.4219701076
 10
328818.8512844442
 20
2792465.860491767
 10
328860.137351559
 20
2792443.9796359716
 10
328862.84715672
 20
2792442.3390363874
 10
328917.6450481189
 20
2792409.297997877
 10
328945.04059018265
 20
2792392.50065974
 10
328948.3401767869
 20
2792390.487045614
 10
328954.72975322907
 20
2792386.617562913
 10
328959.8796431866
 20
2792383.5170646426
 10
328977.14017285215
 20
2792373.195665624
 10
328981.39038633707
 20
2792370.6604525144
  0
LINE
  5
172
330
17
100
AcDbEntity
  8
0
100
AcDbLine
 10
328852.25377134176
 20
2792448.4219701076
 30
0.0
 11
328821.92835755553
 21
2792470.950727269
 31
0.0
  0
LINE
  5
173
330
17
100
AcDbEntity
  8
0
100
AcDbLine
 10
328860.137351559
 20
2792443.9796359716
 30
0.0
 11
328880.1772406436
 21
2792481.3474280504
 31
0.0
  0
LINE
  5
174
330
17
100
AcDbEntity
  8
0
100
AcDbLine
 10
328853.81876975065
 20
2792523.5560574033
 30
0.0
 11
328874.92206117656
 21
2792549.4113116506
 31
0.0
  0
LINE
  5
175
330
17
100
AcDbEntity
  8
0
100
AcDbLine
 10
328836.912108849
 20
2792495.720151125
 30
0.0
 11
328754.1678297552
 21
2792544.945859187
 31
0.0
  0
LWPOLYLINE
  5
176
330
17
100
AcDbEntity
  8
0
100
AcDbPolyline
 90
5
 70
0
 10
328452.043038745
 20
2792681.4559108824
 10
328451.3850887261
 20
2792668.502837435
 10
328452.61474443227
 20
2792684.428679747
 10
328452.9815598666
 20
2792686.340545749
 10
328468.46431089164
 20
2792722.613452444
  0
LWPOLYLINE
  5
177
330
17
100
AcDbEntity
  8
0
100
AcDbPolyline
 90
6
 70
0
 10
328452.043038745
 20
2792681.4559108824
 10
328477.9867948218
 20
2792670.237174024
 10
328497.27379111433
 20
2792660.864293596
 10
328514.0643674178
 20
2792650.880552806
 10
328711.0419442146
 20
2792533.682484389
 10
328739.685433913
 20
2792519.992922725
  0
LINE
  5
178
330
17
100
AcDbEntity
  8
0
100
AcDbLine
 10
328452.61474443227
 20
2792684.428679747
 30
0.0
 11
328405.1987844143
 21
2792708.2829881986
 31
0.0
  0
LWPOLYLINE
  5
179
330
17
100
AcDbEntity
  8
0
100
AcDbPolyline
 90
3
 70
0
 10
328451.3850887261
 20
2792668.502837435
 10
328463.1114095686
 20
2792615.910278916
 10
328470.1220385318
 20
2792585.544863729
  0
LINE
  5
17A
330
17
100
AcDbEntity
  8
0
100
AcDbLine
 10
328451.3850887261
 20
2792668.502837435
 30
0.0
 11
328382.5823395874
 21
2792660.1030061473
 31
0.0
  0
LINE
  5
17B
330
17
100
AcDbEntity
  8
0
100
AcDbLine
 10
328477.9867948218
 20
2792670.237174024
 30
0.0
 11
328463.1114095686
 21
2792615.910278916
 31
0.0
  0
LWPOLYLINE
  5
17C
330
17
100
AcDbEntity
  8
0
100
AcDbPolyline
 90
8
 70
0
 10
328680.16268146865
 20
2792397.8458350883
 10
328701.18824184756
 20
2792452.538170772
 10
328715.3752557525
 20
2792477.2289384087
 10
328719.1566232864
 20
2792483.827939207
 10
328739.685433913
 20
2792519.992922725
 10
328735.97712841595
 20
2792513.5923985504
 10
328754.1678297552
 20
2792544.945859187
 10
328769.36828049645
 20
2792571.7065313933
  0
LINE
  5
17D
330
17
100
AcDbEntity
  8
0
100
AcDbLine
 10
328735.97712841595
 20
2792513.5923985504
 30
0.0
 11
328711.0419442146
 21
2792533.682484389
 31
0.0
  0
LINE
  5
17E
330
17
100
AcDbEntity
  8
0
100
AcDbLine
 10
328711.0419442146
 20
2792533.682484389
 30
0.0
 11
328669.42489535105
 21
2792463.342687068
 31
0.0
  0
LINE
  5
17F
330
17
100
AcDbEntity
  8
0
100
AcDbLine
 10
328649.5871134301
 20
2792869.9948003776
 30
0.0
 11
328581.555171422
 21
2792902.4514909163
 31
0.0
  0
LWPOLYLINE
  5
180
330
17
100
AcDbEntity
  8
0
100
AcDbPolyline
 90
5
 70
0
 10
328468.46431089164
 20
2792722.613452444
 10
328477.77606550115
 20
2792740.2425635788
 10
328581.555171422
 20
2792902.4514909163
 10
328509.66767475894
 20
2792797.6439667577
 10
328591.21613698
 20
2792919.034896114
  0
LWPOLYLINE
  5
181
330
17
100
AcDbEntity
  8
0
100
AcDbPolyline
 90
6
 70
0
 10
330027.2581988681
 20
2792986.825875395
 10
329997.6175698335
 20
2792955.6480527585
 10
329904.45577293064
 20
2792842.2942062826
 10
329887.676358726
 20
2792821.9664755287
 10
329893.6921577716
 20
2792829.235581697
 10
329792.5969411967
 20
2792729.320135805
  0
LWPOLYLINE
  5
182
330
17
100
AcDbEntity
  8
0
100
AcDbPolyline
 90
4
 70
0
 10
329887.676358726
 20
2792821.9664755287
 10
329881.75763762323
 20
2792827.2254300583
 10
329893.7266024346
 20
2792816.7501824065
 10
329897.9427467576
 20
2792813.10788071
  0
LINE
  5
183
330
17
100
AcDbEntity
  8
0
100
AcDbLine
 10
329792.5969411967
 20
2792729.320135805
 30
0.0
 11
329777.3487459133
 21
2792737.0229038144
 31
0.0
  0
LINE
  5
184
330
17
100
AcDbEntity
  8
0
100
AcDbLine
 10
329792.5969411967
 20
2792729.320135805
 30
0.0
 11
329800.57419961365
 21
2792701.0815121313
 31
0.0
  0
LWPOLYLINE
  5
185
330
17
100
AcDbEntity
  8
0
100
AcDbPolyline
 90
16
 70
0
 10
329777.3487459133
 20
2792737.0229038144
 10
329801.56572525925
 20
2792780.6981156506
 10
329840.02811061
 20
2792828.2819810943
 10
329854.61816319823
 20
2792846.7650011587
 10
329878.56627523
 20
2792877.105729142
 10
329887.49614748097
 20
2792887.7613055264
 10
329922.02033651643
 20
2792928.282781142
 10
329930.46720344137
 20
2792938.1911467845
 10
329954.8283040901
 20
2792966.1450169557
 10
329959.2547231786
 20
2792971.2185151116
 10
330010.3588700036
 20
2793033.898372837
 10
330012.5176971697
 20
2793036.518898318
 10
330026.2999766327
 20
2793053.2951295166
 10
330105.2976210189
 20
2793151.728191179
 10
330119.06904331583
 20
2793168.460327372
 10
330126.9575787653
 20
2793190.894001625
  0
LINE
  5
186
330
17
100
AcDbEntity
  8
0
100
AcDbLine
 10
329777.3487459133
 20
2792737.0229038144
 30
0.0
 11
329764.5148102697
 21
2792736.408922811
 31
0.0
  0
LWPOLYLINE
  5
187
330
17
100
AcDbEntity
  8
0
100
AcDbPolyline
 90
10
 70
0
 10
329800.57419961365
 20
2792701.0815121313
 10
329794.8147132626
 20
2792689.3669156386
 10
329831.62106469
 20
2792741.4471400036
 10
329856.9752493792
 20
2792772.213278576
 10
329871.2687754014
 20
2792789.547929434
 10
329882.7486199655
 20
2792803.4726991565
 10
329893.7266024346
 20
2792816.7501824065
 10
329968.49422178115
 20
2792908.7218753677
 10
329977.1685349413
 20
2792919.092687739
 10
330032.1685123674
 20
2792979.8957892405
  0
LWPOLYLINE
  5
188
330
17
100
AcDbEntity
  8
0
100
AcDbPolyline
 90
17
 70
0
 10
329439.7577427615
 20
2792343.9041441656
 10
329452.89616653905
 20
2792363.0476202974
 10
329480.21411560517
 20
2792399.2055726484
 10
329497.00430378434
 20
2792419.499496469
 10
329522.72571614664
 20
2792450.5152593707
 10
329524.89466147433
 20
2792453.124512616
 10
329540.5677940274
 20
2792471.9370175013
 10
329543.17606241954
 20
2792475.0281736106
 10
329579.89594130125
 20
2792519.3210156155
 10
329582.23821825674
 20
2792522.094264543
 10
329598.3166709862
 20
2792541.1011268413
 10
329622.4012235743
 20
2792570.1879276047
 10
329629.55795526574
 20
2792579.226132869
 10
329642.6836893595
 20
2792595.7998132086
 10
329719.07225766784
 20
2792686.642089581
 10
329685.496339274
 20
2792649.5100870333
 10
329743.7336633253
 20
2792714.370291781
  0
LINE
  5
189
330
17
100
AcDbEntity
  8
0
100
AcDbLine
 10
329719.07225766784
 20
2792686.642089581
 30
0.0
 11
329748.5943465084
 21
2792691.4883204084
 31
0.0
  0
LINE
  5
18A
330
17
100
AcDbEntity
  8
0
100
AcDbLine
 10
329743.7336633253
 20
2792714.370291781
 30
0.0
 11
329748.5943465084
 21
2792691.4883204084
 31
0.0
  0
LINE
  5
18B
330
17
100
AcDbEntity
  8
0
100
AcDbLine
 10
329748.5943465084
 20
2792691.4883204084
 30
0.0
 11
329766.7060704725
 21
2792679.141019733
 31
0.0
  0
LINE
  5
18C
330
17
100
AcDbEntity
  8
0
100
AcDbLine
 10
329746.15892398794
 20
2792721.341105627
 30
0.0
 11
329764.5148102697
 21
2792736.408922811
 31
0.0
  0
LINE
  5
18D
330
17
100
AcDbEntity
  8
0
100
AcDbLine
 10
329746.15892398794
 20
2792721.341105627
 30
0.0
 11
329718.20780416427
 21
2792758.051078782
 31
0.0
  0
LINE
  5
18E
330
17
100
AcDbEntity
  8
0
100
AcDbLine
 10
329766.7060704725
 20
2792679.141019733
 30
0.0
 11
329794.8147132626
 21
2792689.3669156386
 31
0.0
  0
LINE
  5
18F
330
17
100
AcDbEntity
  8
0
100
AcDbLine
 10
329766.7060704725
 20
2792679.141019733
 30
0.0
 11
329779.9265074014
 21
2792663.2216816456
 31
0.0
  0
LWPOLYLINE
  5
190
330
17
100
AcDbEntity
  8
0
100
AcDbPolyline
 90
8
 70
0
 10
329794.8147132626
 20
2792689.3669156386
 10
329793.60924249433
 20
2792628.785110729
 10
329787.46478265326
 20
2792509.58498422
 10
329780.98707051016
 20
2792383.919480283
 10
329772.9506621466
 20
2792228.063751796
 10
329771.4578272457
 20
2792199.102348238
 10
329770.697154821
 20
2792184.289484544
 10
329764.27435078775
 20
2792040.566107842
  0
LINE
  5
191
330
17
100
AcDbEntity
  8
0
100
AcDbLine
 10
329779.9265074014
 20
2792663.2216816456
 30
0.0
 11
329713.32750498864
 21
2792626.471897604
 31
0.0
  0
LWPOLYLINE
  5
192
330
17
100
AcDbEntity
  8
0
100
AcDbPolyline
 90
9
 70
0
 10
329779.9265074014
 20
2792663.2216816456
 10
329782.1511452982
 20
2792570.9577917336
 10
329780.36255953356
 20
2792538.510511583
 10
329776.26449407975
 20
2792459.4425971243
 10
329772.2470848469
 20
2792384.383929476
 10
329766.88011477777
 20
2792285.347182385
 10
329759.7690349879
 20
2792153.3973385775
 10
329757.62115561264
 20
2792109.2118571927
 10
329752.2922305665
 20
2792014.8052821956
  0
LWPOLYLINE
  5
193
330
17
100
AcDbEntity
  8
0
100
AcDbPolyline
 90
12
 70
0
 10
330215.62357050634
 20
2792192.447595206
 10
330176.56051955116
 20
2792194.1674317685
 10
330088.19282251666
 20
2792198.057300532
 10
330081.02279147436
 20
2792198.379970282
 10
330052.8256814629
 20
2792199.6203091703
 10
329978.7580402213
 20
2792202.8881887514
 10
329955.83918925707
 20
2792206.4109582077
 10
329926.3744037835
 20
2792205.3964932733
 10
329951.2570212657
 20
2792206.601475598
 10
329885.1611625104
 20
2792207.5983993392
 10
329793.43981018045
 20
2792212.418606807
 10
329789.3043550153
 20
2792213.678131359
  0
LWPOLYLINE
  5
194
330
17
100
AcDbEntity
  8
0
100
AcDbPolyline
 90
4
 70
0
 10
329926.3744037835
 20
2792205.3964932733
 10
329951.1134597898
 20
2792202.393623949
 10
329955.7553795193
 20
2792202.146965557
 10
329978.7580402213
 20
2792202.8881887514
  0
LWPOLYLINE
  5
195
330
17
100
AcDbEntity
  8
0
100
AcDbPolyline
 90
3
 70
0
 10
329885.1611625104
 20
2792207.5983993392
 10
329885.5168490779
 20
2792216.6557688294
 10
329886.00121864025
 20
2792228.7358270586
  0
LWPOLYLINE
  5
196
330
17
100
AcDbEntity
  8
0
100
AcDbPolyline
 90
12
 70
0
 10
329941.144888912
 20
2792004.875577178
 10
329947.42223311344
 20
2792104.2996464334
 10
329947.9173134526
 20
2792116.4349571923
 10
329952.44082041533
 20
2792184.541297603
 10
329955.7553795193
 20
2792202.146965557
 10
329955.83918925707
 20
2792206.4109582077
 10
329956.92246985494
 20
2792225.2632497293
 10
329956.1130932574
 20
2792247.4516596096
 10
329951.2570212657
 20
2792206.601475598
 10
329952.66394036426
 20
2792225.549402578
 10
329951.1134597898
 20
2792202.393623949
 10
329952.44082041533
 20
2792184.541297603
  0
LWPOLYLINE
  5
197
330
17
100
AcDbEntity
  8
0
100
AcDbPolyline
 90
11
 70
0
 10
330228.1512465337
 20
2791986.2945611714
 10
330221.7393999401
 20
2792003.689948609
 10
330220.50746082026
 20
2792009.100401232
 10
330222.0093958515
 20
2792058.943742836
 10
330222.1389799465
 20
2792084.5323528135
 10
330221.8773999359
 20
2792106.248562508
 10
330221.35534643644
 20
2792125.674889637
 10
330215.62357050634
 20
2792192.447595206
 10
330221.25814733165
 20
2792128.3680691705
 10
330192.77311428625
 20
2792417.40782432
 10
330188.2328645417
 20
2792463.482945843
  0
LINE
  5
198
330
17
100
AcDbEntity
  8
0
100
AcDbLine
 10
330176.56051955116
 20
2792194.1674317685
 30
0.0
 11
330176.2513742732
 21
2792169.5337765836
 31
0.0
  0
LINE
  5
199
330
17
100
AcDbEntity
  8
0
100
AcDbLine
 10
330192.77311428625
 20
2792417.40782432
 30
0.0
 11
330238.7294049399
 21
2792421.4728580764
 31
0.0
  0
LINE
  5
19A
330
17
100
AcDbEntity
  8
0
100
AcDbLine
 10
330221.25814733165
 20
2792128.3680691705
 30
0.0
 11
330209.6952183377
 21
2792128.712548528
 31
0.0
  0
LINE
  5
19B
330
17
100
AcDbEntity
  8
0
100
AcDbLine
 10
330188.2328645417
 20
2792463.482945843
 30
0.0
 11
330190.3609412274
 21
2792476.4950812226
 31
0.0
  0
LINE
  5
19C
330
17
100
AcDbEntity
  8
0
100
AcDbLine
 10
330188.2328645417
 20
2792463.482945843
 30
0.0
 11
330202.4640498627
 21
2792479.8770822133
 31
0.0
  0
LWPOLYLINE
  5
19D
330
17
100
AcDbEntity
  8
0
100
AcDbPolyline
 90
4
 70
0
 10
330190.3609412274
 20
2792476.4950812226
 10
330202.4640498627
 20
2792479.8770822133
 10
330271.2511331807
 20
2792487.909682292
 10
330277.7686186977
 20
2792488.592310599
  0
LWPOLYLINE
  5
19E
330
17
100
AcDbEntity
  8
0
100
AcDbPolyline
 90
4
 70
0
 10
330190.3609412274
 20
2792476.4950812226
 10
330179.63350056927
 20
2792478.3578899386
 10
330140.69915170653
 20
2792476.6199257616
 10
330136.11221031036
 20
2792476.422715559
  0
LINE
  5
19F
330
17
100
AcDbEntity
  8
0
100
AcDbLine
 10
330179.63350056927
 20
2792478.3578899386
 30
0.0
 11
330175.0849052913
 21
2792202.6384862647
 31
0.0
  0
LWPOLYLINE
  5
1A0
330
17
100
AcDbEntity
  8
0
100
AcDbPolyline
 90
5
 70
0
 10
329497.8545847947
 20
2792283.0734385774
 10
329434.2640938616
 20
2792285.370390374
 10
329472.88098836073
 20
2792284.241149118
 10
329427.86142552656
 20
2792285.8166743014
 10
329371.6276234855
 20
2792292.20870117
  0
LWPOLYLINE
  5
1A1
330
17
100
AcDbEntity
  8
0
100
AcDbPolyline
 90
5
 70
0
 10
329434.2640938616
 20
2792285.370390374
 10
329439.7577427615
 20
2792343.9041441656
 10
329433.58838799165
 20
2792255.745066058
 10
329441.5861304509
 20
2792212.373313172
 10
329443.91591266345
 20
2792199.759260781
  0
LINE
  5
1A2
330
17
100
AcDbEntity
  8
0
100
AcDbLine
 10
329472.88098836073
 20
2792284.241149118
 30
0.0
 11
329472.8868165964
 21
2792295.0975839593
 31
0.0
  0
LINE
  5
1A3
330
17
100
AcDbEntity
  8
0
100
AcDbLine
 10
329439.7577427615
 20
2792343.9041441656
 30
0.0
 11
329372.47055714624
 21
2792395.8113183905
 31
0.0
  0
LWPOLYLINE
  5
1A4
330
17
100
AcDbEntity
  8
0
100
AcDbPolyline
 90
15
 70
0
 10
329522.72571614664
 20
2792450.5152593707
 10
329521.2282970075
 20
2792442.0261688796
 10
329518.834541336
 20
2792416.776175475
 10
329516.205136204
 20
2792349.631897173
 10
329515.93233836227
 20
2792343.974441474
 10
329513.7555365559
 20
2792299.157849372
 10
329513.33786985977
 20
2792290.799170737
 10
329512.6118787923
 20
2792276.3625178863
 10
329508.52137042105
 20
2792185.2194096823
 10
329506.6578303918
 20
2792149.2724082954
 10
329503.20616821334
 20
2792084.043934368
 10
329506.2852907083
 20
2792142.8961360664
 10
329502.90370346606
 20
2792078.4311661455
 10
329501.8151026312
 20
2792057.6070413482
 10
329501.4053876824
 20
2792049.8797141495
  0
LINE
  5
1A5
330
17
100
AcDbEntity
  8
0
100
AcDbLine
 10
329503.20616821334
 20
2792084.043934368
 30
0.0
 11
329483.99245936953
 21
2792084.153083469
 31
0.0
  0
LWPOLYLINE
  5
1A6
330
17
100
AcDbEntity
  8
0
100
AcDbPolyline
 90
3
 70
0
 10
329502.90370346606
 20
2792078.4311661455
 10
329483.99245936953
 20
2792084.153083469
 10
329476.61253430555
 20
2792087.01559179
  0
LWPOLYLINE
  5
1A7
330
17
100
AcDbEntity
  8
0
100
AcDbPolyline
 90
3
 70
0
 10
329506.2852907083
 20
2792142.8961360664
 10
329541.46474321553
 20
2792144.0149625484
 10
329506.6578303918
 20
2792149.2724082954
  0
LINE
  5
1A8
330
17
100
AcDbEntity
  8
0
100
AcDbLine
 10
329522.72571614664
 20
2792450.5152593707
 30
0.0
 11
329459.2815533924
 21
2792501.9304811643
 31
0.0
  0
LWPOLYLINE
  5
1A9
330
17
100
AcDbEntity
  8
0
100
AcDbPolyline
 90
3
 70
0
 10
329521.2282970075
 20
2792442.0261688796
 10
329504.90553292236
 20
2792425.238077223
 10
329497.00430378434
 20
2792419.499496469
  0
LWPOLYLINE
  5
1AA
330
17
100
AcDbEntity
  8
0
100
AcDbPolyline
 90
8
 70
0
 10
329718.20780416427
 20
2792758.051078782
 10
329578.79264271667
 20
2792647.7075625784
 10
329535.4871397568
 20
2792594.901129551
 10
329459.2815533924
 20
2792501.9304811643
 10
329518.45450354414
 20
2792572.9374387455
 10
329418.2158819164
 20
2792451.8324219207
 10
329413.91796414705
 20
2792446.591286902
 10
329372.47055714624
 20
2792395.8113183905
  0
LWPOLYLINE
  5
1AB
330
17
100
AcDbEntity
  8
0
100
AcDbPolyline
 90
6
 70
0
 10
329622.4012235743
 20
2792570.1879276047
 10
329661.32876905374
 20
2792561.788046581
 10
329697.5329868365
 20
2792559.559804723
 10
329701.5903467807
 20
2792559.309330157
 10
329712.7052022644
 20
2792558.6155321267
 10
329765.1388709876
 20
2792555.385599764
  0
LINE
  5
1AC
330
17
100
AcDbEntity
  8
0
100
AcDbLine
 10
329598.3166709862
 20
2792541.1011268413
 30
0.0
 11
329535.4871397568
 21
2792594.901129551
 31
0.0
  0
LINE
  5
1AD
330
17
100
AcDbEntity
  8
0
100
AcDbLine
 10
329629.55795526574
 20
2792579.226132869
 30
0.0
 11
329661.32876905374
 21
2792561.788046581
 31
0.0
  0
LINE
  5
1AE
330
17
100
AcDbEntity
  8
0
100
AcDbLine
 10
329661.32876905374
 20
2792561.788046581
 30
0.0
 11
329660.4073012591
 21
2792547.819132354
 31
0.0
  0
LWPOLYLINE
  5
1AF
330
17
100
AcDbEntity
  8
0
100
AcDbPolyline
 90
7
 70
0
 10
329607.90552243975
 20
2792311.210241165
 10
329607.31408030225
 20
2792342.6572304415
 10
329607.25523722405
 20
2792295.576205916
 10
329607.04972658254
 20
2792291.258349549
 10
329603.04997482436
 20
2792192.8690608223
 10
329602.49786883703
 20
2792181.8311863337
 10
329600.7971126434
 20
2792140.387421753
  0
LINE
  5
1B0
330
17
100
AcDbEntity
  8
0
100
AcDbLine
 10
329607.90552243975
 20
2792311.210241165
 30
0.0
 11
329611.35219406825
 21
2792342.473444049
 31
0.0
  0
LWPOLYLINE
  5
1B1
330
17
100
AcDbEntity
  8
0
100
AcDbPolyline
 90
3
 70
0
 10
329607.25523722405
 20
2792295.576205916
 10
329513.7555365559
 20
2792299.157849372
 10
329686.52286014246
 20
2792292.4069743473
  0
LWPOLYLINE
  5
1B2
330
17
100
AcDbEntity
  8
0
100
AcDbPolyline
 90
7
 70
0
 10
329515.93233836227
 20
2792343.974441474
 10
329607.31408030225
 20
2792342.6572304415
 10
329559.4199003796
 20
2792344.778121206
 10
329611.35219406825
 20
2792342.473444049
 10
329616.7096205148
 20
2792342.2398119913
 10
329659.7096550857
 20
2792340.335827817
 10
329688.9047485356
 20
2792340.754873433
  0
LWPOLYLINE
  5
1B3
330
17
100
AcDbEntity
  8
0
100
AcDbPolyline
 90
3
 70
0
 10
330271.2511331807
 20
2792487.909682292
 10
330270.480490805
 20
2792493.945796341
 10
330269.93064785027
 20
2792498.3063585702
  0
LINE
  5
1B4
330
17
100
AcDbEntity
  8
0
100
AcDbLine
 10
330105.2976210189
 20
2793151.728191179
 30
0.0
 11
330133.20169502
 21
2793128.113853473
 31
0.0
  0
LINE
  5
1B5
330
17
100
AcDbEntity
  8
0
100
AcDbLine
 10
330119.06904331583
 20
2793168.460327372
 30
0.0
 11
330088.4413837425
 21
2793150.898578506
 31
0.0
  0
LINE
  5
1B6
330
17
100
AcDbEntity
  8
0
100
AcDbLine
 10
330133.20169502
 20
2793128.113853473
 30
0.0
 11
330143.77893621277
 21
2793140.80940582
 31
0.0
  0
LWPOLYLINE
  5
1B7
330
17
100
AcDbEntity
  8
0
100
AcDbPolyline
 90
4
 70
0
 10
330133.20169502
 20
2793128.113853473
 10
330156.79458642524
 20
2793084.51353208
 10
330165.9116355581
 20
2793050.721817356
 10
330171.52772148035
 20
2793030.987786528
  0
LINE
  5
1B8
330
17
100
AcDbEntity
  8
0
100
AcDbLine
 10
330143.77893621277
 20
2793140.80940582
 30
0.0
 11
330170.159590279
 21
2793135.4819716965
 31
0.0
  0
LINE
  5
1B9
330
17
100
AcDbEntity
  8
0
100
AcDbLine
 10
330143.77893621277
 20
2793140.80940582
 30
0.0
 11
330168.5928678928
 21
2793146.313811432
 31
0.0
  0
LINE
  5
1BA
330
17
100
AcDbEntity
  8
0
100
AcDbLine
 10
330156.79458642524
 20
2793084.51353208
 30
0.0
 11
330258.8715466529
 21
2793110.5396212917
 31
0.0
  0
LWPOLYLINE
  5
1BB
330
17
100
AcDbEntity
  8
0
100
AcDbPolyline
 90
3
 70
0
 10
328701.96132947935
 20
2794118.224596442
 10
328711.98515912343
 20
2794112.625011332
 10
328693.8145624108
 20
2794123.2797358865
  0
LINE
  5
1BC
330
17
100
AcDbEntity
  8
0
100
AcDbLine
 10
327947.4851391041
 20
2793797.8069878328
 30
0.0
 11
327966.7987028122
 21
2793800.973358851
 31
0.0
  0
LINE
  5
1BD
330
17
100
AcDbEntity
  8
0
100
AcDbLine
 10
328114.0401839181
 20
2793691.343714787
 30
0.0
 11
328110.45272605505
 21
2793640.551602984
 31
0.0
  0
LINE
  5
1BE
330
17
100
AcDbEntity
  8
0
100
AcDbLine
 10
328161.56165574933
 20
2793667.387036212
 30
0.0
 11
328146.9062665066
 21
2793666.8864127565
 31
0.0
  0
LWPOLYLINE
  5
1BF
330
17
100
AcDbEntity
  8
0
100
AcDbPolyline
 90
3
 70
0
 10
328110.45272605505
 20
2793640.551602984
 10
328118.2197730172
 20
2793635.7335882424
 10
328121.7487902767
 20
2793633.5728077632
  0
LWPOLYLINE
  5
1C0
330
17
100
AcDbEntity
  8
0
100
AcDbPolyline
 90
7
 70
0
 10
328110.45272605505
 20
2793640.551602984
 10
328096.335621641
 20
2793616.613866786
 10
328086.5945687026
 20
2793600.0872009657
 10
328005.41209631297
 20
2793462.4096092926
 10
327988.4042535755
 20
2793430.6432245253
 10
327977.6576386691
 20
2793411.9137767116
 10
327947.2894935366
 20
2793371.3994354373
  0
LINE
  5
1C1
330
17
100
AcDbEntity
  8
0
100
AcDbLine
 10
328528.40161859774
 20
2794152.0525915516
 30
0.0
 11
328500.1153238211
 21
2794153.0981828985
 31
0.0
  0
LINE
  5
1C2
330
17
100
AcDbEntity
  8
0
100
AcDbLine
 10
328513.9333857399
 20
2794126.545848651
 30
0.0
 11
328500.1153238211
 21
2794153.0981828985
 31
0.0
  0
LINE
  5
1C3
330
17
100
AcDbEntity
  8
0
100
AcDbLine
 10
328538.9796304753
 20
2794171.0947261504
 30
0.0
 11
328515.4386470446
 21
2794184.066673527
 31
0.0
  0
LWPOLYLINE
  5
1C4
330
17
100
AcDbEntity
  8
0
100
AcDbPolyline
 90
11
 70
0
 10
328500.1153238211
 20
2794153.0981828985
 10
328458.1386614407
 20
2794178.046920573
 10
328451.05928004073
 20
2794182.2578118565
 10
328422.3815602286
 20
2794199.294316733
 10
328416.36206132517
 20
2794202.87140144
 10
328388.30444922484
 20
2794219.5456146426
 10
328382.77502675814
 20
2794222.839541433
 10
328377.8654890915
 20
2794225.7600231147
 10
328343.1084701299
 20
2794246.4078107006
 10
328326.15954685165
 20
2794253.269899547
 10
328312.53587885905
 20
2794260.9760389943
  0
LINE
  5
1C5
330
17
100
AcDbEntity
  8
0
100
AcDbLine
 10
328252.3448122507
 20
2793647.356646353
 30
0.0
 11
328267.55065627093
 21
2793644.39401004
 31
0.0
  0
LINE
  5
1C6
330
17
100
AcDbEntity
  8
0
100
AcDbLine
 10
328252.3448122507
 20
2793647.356646353
 30
0.0
 11
328243.3290788556
 21
2793654.6054784823
 31
0.0
  0
LINE
  5
1C7
330
17
100
AcDbEntity
  8
0
100
AcDbLine
 10
328459.789278608
 20
2793525.068759616
 30
0.0
 11
328480.3098425546
 21
2793529.6496523577
 31
0.0
  0
LINE
  5
1C8
330
17
100
AcDbEntity
  8
0
100
AcDbLine
 10
328545.94759375905
 20
2794218.4762387876
 30
0.0
 11
328551.2611935097
 21
2794206.8986623604
 31
0.0
  0
LWPOLYLINE
  5
1C9
330
17
100
AcDbEntity
  8
0
100
AcDbPolyline
 90
3
 70
0
 10
328437.44303634344
 20
2793989.67069018
 10
328459.0873807724
 20
2794040.7987200664
 10
328465.77988228376
 20
2794052.146472429
  0
LWPOLYLINE
  5
1CA
330
17
100
AcDbEntity
  8
0
100
AcDbPolyline
 90
4
 70
0
 10
328481.276507011
 20
2794024.4871585285
 10
328471.83457331057
 20
2794012.4209611015
 10
328479.19435410923
 20
2794019.9826059043
 10
328466.2682600639
 20
2794005.6674300767
  0
LWPOLYLINE
  5
1CB
330
17
100
AcDbEntity
  8
0
100
AcDbPolyline
 90
3
 70
0
 10
328585.4722147336
 20
2793948.4438104583
 10
328593.35902707186
 20
2793957.0512574725
 10
328599.0391487553
 20
2793963.2494875514
  0
LINE
  5
1CC
330
17
100
AcDbEntity
  8
0
100
AcDbLine
 10
328723.7352007299
 20
2793868.679616903
 30
0.0
 11
328725.87900582864
 21
2793849.4208225915
 31
0.0
  0
LWPOLYLINE
  5
1CD
330
17
100
AcDbEntity
  8
0
100
AcDbPolyline
 90
3
 70
0
 10
328466.79970613343
 20
2794038.03104771
 10
328476.3655992521
 20
2794029.6897137747
 10
328481.276507011
 20
2794024.4871585285
  0
LWPOLYLINE
  5
1CE
330
17
100
AcDbEntity
  8
0
100
AcDbPolyline
 90
3
 70
0
 10
328694.45232834964
 20
2794147.377689207
 10
328699.3524506949
 20
2794155.635292159
 10
328688.49240089674
 20
2794138.1697168606
  0
LWPOLYLINE
  5
1CF
330
17
100
AcDbEntity
  8
0
100
AcDbPolyline
 90
10
 70
0
 10
330233.1651209042
 20
2791962.67978861
 10
330206.2500490822
 20
2791962.54109373
 10
330177.5573571304
 20
2791969.293134201
 10
330015.97045907634
 20
2791968.8070648233
 10
329999.8669671803
 20
2791969.46354128
 10
329981.750514728
 20
2791970.3004181725
 10
329919.14605486265
 20
2791974.997611251
 10
329900.4512193593
 20
2791977.1158413384
 10
329873.4521719663
 20
2791981.5208621244
 10
329790.42567412776
 20
2791994.4072807464
  0
LINE
  5
1D0
330
17
100
AcDbEntity
  8
0
100
AcDbLine
 10
330233.1651209042
 20
2791962.67978861
 30
0.0
 11
330250.6396310503
 21
2791970.913122727
 31
0.0
  0
LINE
  5
1D1
330
17
100
AcDbEntity
  8
0
100
AcDbLine
 10
330233.1651209042
 20
2791962.67978861
 30
0.0
 11
330232.85848433536
 21
2791982.4135925355
 31
0.0
  0
LINE
  5
1D2
330
17
100
AcDbEntity
  8
0
100
AcDbLine
 10
330206.2500490822
 20
2791962.54109373
 30
0.0
 11
330206.55646910815
 21
2791982.145351005
 31
0.0
  0
LWPOLYLINE
  5
1D3
330
17
100
AcDbEntity
  8
0
100
AcDbPolyline
 90
8
 70
0
 10
330206.55646910815
 20
2791982.145351005
 10
330101.6937126941
 20
2791977.2798735118
 10
330077.9025908145
 20
2791977.168685366
 10
330036.62513034465
 20
2791977.5208551073
 10
329981.78505246254
 20
2791978.663901704
 10
329954.07220059226
 20
2791981.5932707577
 10
329926.94990928716
 20
2791983.407471707
 10
329773.5643769483
 20
2792015.7230426865
  0
LINE
  5
1D4
330
17
100
AcDbEntity
  8
0
100
AcDbLine
 10
330177.5573571304
 20
2791969.293134201
 30
0.0
 11
330170.24688575184
 21
2791957.6310868426
 31
0.0
  0
LINE
  5
1D5
330
17
100
AcDbEntity
  8
0
100
AcDbLine
 10
330250.6396310503
 20
2791970.913122727
 30
0.0
 11
330268.4319436567
 21
2791972.351665814
 31
0.0
  0
LINE
  5
1D6
330
17
100
AcDbEntity
  8
0
100
AcDbLine
 10
330228.1512465337
 20
2791986.2945611714
 30
0.0
 11
330213.32231416064
 21
2791987.344682427
 31
0.0
  0
LINE
  5
1D7
330
17
100
AcDbEntity
  8
0
100
AcDbLine
 10
330101.6937126941
 20
2791977.2798735118
 30
0.0
 11
330093.8693759744
 21
2791996.122130954
 31
0.0
  0
LWPOLYLINE
  5
1D8
330
17
100
AcDbEntity
  8
0
100
AcDbPolyline
 90
3
 70
0
 10
330213.32231416064
 20
2791987.344682427
 10
330218.63770164485
 20
2792003.828563379
 10
330220.50746082026
 20
2792009.100401232
  0
LWPOLYLINE
  5
1D9
330
17
100
AcDbEntity
  8
0
100
AcDbPolyline
 90
3
 70
0
 10
329982.44255961216
 20
2792701.387068854
 10
329979.64974422345
 20
2792687.607841382
 10
329986.73265455326
 20
2792712.4444378056
  0
LWPOLYLINE
  5
1DA
330
17
100
AcDbEntity
  8
0
100
AcDbPolyline
 90
4
 70
0
 10
329982.44255961216
 20
2792701.387068854
 10
329969.24320151214
 20
2792702.162240319
 10
330049.5602731621
 20
2792696.910188972
 10
330096.63444225537
 20
2792693.782067106
  0
LWPOLYLINE
  5
1DB
330
17
100
AcDbEntity
  8
0
100
AcDbPolyline
 90
4
 70
0
 10
329986.73265455326
 20
2792712.4444378056
 10
330049.6589777451
 20
2792703.9656623527
 10
330097.0336941818
 20
2792702.3071441003
 10
330109.23316215095
 20
2792702.142867692
  0
LWPOLYLINE
  5
1DC
330
17
100
AcDbEntity
  8
0
100
AcDbPolyline
 90
8
 70
0
 10
329986.73265455326
 20
2792712.4444378056
 10
329963.11701067275
 20
2792725.3923538765
 10
329942.9847182919
 20
2792741.3208364444
 10
329934.05929429794
 20
2792748.6559189977
 10
329913.1694782211
 20
2792766.034120355
 10
329899.16936665773
 20
2792777.6426891885
 10
329886.9623919217
 20
2792785.2184716454
 10
329884.8102829224
 20
2792786.3422601228
  0
LWPOLYLINE
  5
1DD
330
17
100
AcDbEntity
  8
0
100
AcDbPolyline
 90
6
 70
0
 10
330049.6589777451
 20
2792703.9656623527
 10
330049.5602731621
 20
2792696.910188972
 10
330049.34316336666
 20
2792680.4287887425
 10
330048.948615195
 20
2792668.2700542663
 10
330050.58983178274
 20
2792493.3160914937
 10
330050.6764798884
 20
2792484.973239203
  0
LINE
  5
1DE
330
17
100
AcDbEntity
  8
0
100
AcDbLine
 10
329963.11701067275
 20
2792725.3923538765
 30
0.0
 11
329973.37600773014
 21
2792737.5822090018
 31
0.0
  0
LWPOLYLINE
  5
1DF
330
17
100
AcDbEntity
  8
0
100
AcDbPolyline
 90
4
 70
0
 10
329987.0108969951
 20
2792721.7575784903
 10
329973.37600773014
 20
2792737.5822090018
 10
329958.3607779371
 20
2792755.0083658225
 10
329932.86437661096
 20
2792783.444939917
  0
LINE
  5
1E0
330
17
100
AcDbEntity
  8
0
100
AcDbLine
 10
329987.0108969951
 20
2792721.7575784903
 30
0.0
 11
330017.0216547712
 21
2792747.070469211
 31
0.0
  0
LINE
  5
1E1
330
17
100
AcDbEntity
  8
0
100
AcDbLine
 10
329927.7211859911
 20
2791695.180478207
 30
0.0
 11
329924.95664527686
 21
2791707.7223188197
 31
0.0
  0
LWPOLYLINE
  5
1E2
330
17
100
AcDbEntity
  8
0
100
AcDbPolyline
 90
3
 70
0
 10
329929.58670771366
 20
2791692.8860397297
 10
329962.45878552046
 20
2791750.8764220416
 10
329966.7041051333
 20
2791757.5474541313
  0
LINE
  5
1E3
330
17
100
AcDbEntity
  8
0
100
AcDbLine
 10
329929.58670771366
 20
2791692.8860397297
 30
0.0
 11
330237.42347781855
 21
2791592.8420944302
 31
0.0
  0
LINE
  5
1E4
330
17
100
AcDbEntity
  8
0
100
AcDbLine
 10
329924.95664527686
 20
2791707.7223188197
 30
0.0
 11
329902.46555620816
 21
2791719.6922863815
 31
0.0
  0
LINE
  5
1E5
330
17
100
AcDbEntity
  8
0
100
AcDbLine
 10
329764.5148102697
 20
2792736.408922811
 30
0.0
 11
329717.92679526773
 21
2792768.545540915
 31
0.0
  0
LINE
  5
1E6
330
17
100
AcDbEntity
  8
0
100
AcDbLine
 10
329717.92679526773
 20
2792768.545540915
 30
0.0
 11
329699.24436327623
 21
2792813.1815823554
 31
0.0
  0
LINE
  5
1E7
330
17
100
AcDbEntity
  8
0
100
AcDbLine
 10
329717.92679526773
 20
2792768.545540915
 30
0.0
 11
329720.45548156707
 21
2792818.1545130457
 31
0.0
  0
LINE
  5
1E8
330
17
100
AcDbEntity
  8
0
100
AcDbLine
 10
329720.45548156707
 20
2792818.1545130457
 30
0.0
 11
329700.1039585805
 21
2792814.234255793
 31
0.0
  0
LWPOLYLINE
  5
1E9
330
17
100
AcDbEntity
  8
0
100
AcDbPolyline
 90
9
 70
0
 10
329720.45548156707
 20
2792818.1545130457
 10
329761.9108391798
 20
2792868.9685276016
 10
329795.73237133486
 20
2792907.2607838786
 10
329819.0057869038
 20
2792933.62179818
 10
329827.57964975527
 20
2792943.207243407
 10
329858.6044192929
 20
2792977.8569018543
 10
329868.40333628585
 20
2792989.52071455
 10
329949.27716381766
 20
2793088.8045328767
 10
330034.9037998188
 20
2793193.579146592
  0
LWPOLYLINE
  5
1EA
330
17
100
AcDbEntity
  8
0
100
AcDbPolyline
 90
4
 70
0
 10
329834.8968080428
 20
2792931.383536219
 10
329871.5460018426
 20
2792902.9283360615
 10
329883.3615965353
 20
2792891.4801329756
 10
329887.49614748097
 20
2792887.7613055264
  0
LINE
  5
1EB
330
17
100
AcDbEntity
  8
0
100
AcDbLine
 10
329834.8968080428
 20
2792931.383536219
 30
0.0
 11
329819.0057869038
 21
2792933.62179818
 31
0.0
  0
LINE
  5
1EC
330
17
100
AcDbEntity
  8
0
100
AcDbLine
 10
329834.8968080428
 20
2792931.383536219
 30
0.0
 11
329827.57964975527
 21
2792943.207243407
 31
0.0
  0
LINE
  5
1ED
330
17
100
AcDbEntity
  8
0
100
AcDbLine
 10
329871.5460018426
 20
2792902.9283360615
 30
0.0
 11
329878.3751657899
 21
2792886.746040347
 31
0.0
  0
LINE
  5
1EE
330
17
100
AcDbEntity
  8
0
100
AcDbLine
 10
329871.5460018426
 20
2792902.9283360615
 30
0.0
 11
329887.3845090784
 21
2792897.3119925414
 31
0.0
  0
LINE
  5
1EF
330
17
100
AcDbEntity
  8
0
100
AcDbLine
 10
329819.0057869038
 20
2792933.62179818
 30
0.0
 11
329799.38508538937
 21
2792930.1131778103
 31
0.0
  0
LINE
  5
1F0
330
17
100
AcDbEntity
  8
0
100
AcDbLine
 10
329827.57964975527
 20
2792943.207243407
 30
0.0
 11
329828.13862819155
 21
2792966.818633607
 31
0.0
  0
LINE
  5
1F1
330
17
100
AcDbEntity
  8
0
100
AcDbLine
 10
329685.496339274
 20
2792649.5100870333
 30
0.0
 11
329713.32750498864
 21
2792626.471897604
 31
0.0
  0
LWPOLYLINE
  5
1F2
330
17
100
AcDbEntity
  8
0
100
AcDbPolyline
 90
5
 70
0
 10
329905.8349020488
 20
2791793.76201338
 10
329966.7041051333
 20
2791757.5474541313
 10
329910.61565955286
 20
2791790.9213435883
 10
329992.2927385828
 20
2791743.50032536
 10
330088.73827677727
 20
2791686.9323118017
  0
LINE
  5
1F3
330
17
100
AcDbEntity
  8
0
100
AcDbLine
 10
329966.7041051333
 20
2791757.5474541313
 30
0.0
 11
330045.8770091985
 21
2791809.9823731887
 31
0.0
  0
LWPOLYLINE
  5
1F4
330
17
100
AcDbEntity
  8
0
100
AcDbPolyline
 90
6
 70
0
 10
329992.2927385828
 20
2791743.50032536
 10
330063.4851266247
 20
2791717.2818880486
 10
330086.16558897553
 20
2791702.728640295
 10
330095.1729383379
 20
2791699.447250291
 10
330111.80329301325
 20
2791690.165593215
 10
330130.38041686785
 20
2791686.6644095397
  0
LWPOLYLINE
  5
1F5
330
17
100
AcDbEntity
  8
0
100
AcDbPolyline
 90
3
 70
0
 10
329910.61565955286
 20
2791790.9213435883
 10
329906.4388070778
 20
2791783.285677829
 10
329872.64340718184
 20
2791730.413999741
  0
LWPOLYLINE
  5
1F6
330
17
100
AcDbEntity
  8
0
100
AcDbPolyline
 90
3
 70
0
 10
329962.45878552046
 20
2791750.8764220416
 10
329906.4388070778
 20
2791783.285677829
 10
330162.0253019565
 20
2791668.608918153
  0
LINE
  5
1F7
330
17
100
AcDbEntity
  8
0
100
AcDbLine
 10
330045.8770091985
 20
2791809.9823731887
 30
0.0
 11
330045.41845112573
 21
2791828.8318614285
 31
0.0
  0
LWPOLYLINE
  5
1F8
330
17
100
AcDbEntity
  8
0
100
AcDbPolyline
 90
6
 70
0
 10
330045.8770091985
 20
2791809.9823731887
 10
330049.63583138393
 20
2791810.012718711
 10
330072.49086335057
 20
2791810.179942686
 10
330092.88698006957
 20
2791810.32268397
 10
330164.7919015968
 20
2791811.1926661073
 10
330236.9091886929
 20
2791812.126833457
  0
LWPOLYLINE
  5
1F9
330
17
100
AcDbEntity
  8
0
100
AcDbPolyline
 90
3
 70
0
 10
330165.34428441914
 20
2791672.9320120043
 10
330088.73827677727
 20
2791686.9323118017
 10
330263.7671292337
 20
2791675.918091948
  0
LWPOLYLINE
  5
1FA
330
17
100
AcDbEntity
  8
0
100
AcDbPolyline
 90
4
 70
0
 10
330165.34428441914
 20
2791672.9320120043
 10
330165.3147723224
 20
2791743.6544757425
 10
330165.2431571862
 20
2791751.5983166774
 10
330164.7919015968
 20
2791811.1926661073
  0
LINE
  5
1FB
330
17
100
AcDbEntity
  8
0
100
AcDbLine
 10
330263.7671292337
 20
2791675.918091948
 30
0.0
 11
330237.42347781855
 21
2791592.8420944302
 31
0.0
  0
LWPOLYLINE
  5
1FC
330
17
100
AcDbEntity
  8
0
100
AcDbPolyline
 90
3
 70
0
 10
330165.3147723224
 20
2791743.6544757425
 10
330198.1343395272
 20
2791743.741197153
 10
330268.8015653629
 20
2791743.9182899767
  0
LINE
  5
1FD
330
17
100
AcDbEntity
  8
0
100
AcDbLine
 10
330162.0253019565
 20
2791668.608918153
 30
0.0
 11
330164.6025219953
 21
2791607.3926680256
 31
0.0
  0
LINE
  5
1FE
330
17
100
AcDbEntity
  8
0
100
AcDbLine
 10
330088.73827677727
 20
2791686.9323118017
 30
0.0
 11
330086.16558897553
 21
2791702.728640295
 31
0.0
  0
LWPOLYLINE
  5
1FF
330
17
100
AcDbEntity
  8
0
100
AcDbPolyline
 90
3
 70
0
 10
330165.2431571862
 20
2791751.5983166774
 10
330147.8917440033
 20
2791751.594498631
 10
330130.4738378639
 20
2791751.9128000634
  0
LWPOLYLINE
  5
200
330
17
100
AcDbEntity
  8
0
100
AcDbPolyline
 90
4
 70
0
 10
330236.9091886929
 20
2791812.126833457
 10
330239.43874933966
 20
2791873.2125401716
 10
330240.01540233905
 20
2791887.0528324186
 10
330238.55961188336
 20
2791946.9145625546
  0
LWPOLYLINE
  5
201
330
17
100
AcDbEntity
  8
0
100
AcDbPolyline
 90
3
 70
0
 10
330092.88698006957
 20
2791810.32268397
 10
330092.8771919949
 20
2791794.2929009264
 10
330095.1729383379
 20
2791699.447250291
  0
LWPOLYLINE
  5
202
330
17
100
AcDbEntity
  8
0
100
AcDbPolyline
 90
4
 70
0
 10
329883.2252649129
 20
2791959.8179819635
 10
329881.4086831192
 20
2791949.970281744
 10
329867.4902416897
 20
2791879.9769302816
 10
329861.98274195264
 20
2791846.6458708467
  0
LINE
  5
203
330
17
100
AcDbEntity
  8
0
100
AcDbLine
 10
329883.2252649129
 20
2791959.8179819635
 30
0.0
 11
329873.4521719663
 21
2791981.5208621244
 31
0.0
  0
LINE
  5
204
330
17
100
AcDbEntity
  8
0
100
AcDbLine
 10
329883.2252649129
 20
2791959.8179819635
 30
0.0
 11
329900.4512193593
 21
2791977.1158413384
 31
0.0
  0
LINE
  5
205
330
17
100
AcDbEntity
  8
0
100
AcDbLine
 10
329881.4086831192
 20
2791949.970281744
 30
0.0
 11
329893.61962309945
 21
2791938.639048671
 31
0.0
  0
LWPOLYLINE
  5
206
330
17
100
AcDbEntity
  8
0
100
AcDbPolyline
 90
3
 70
0
 10
329372.47055714624
 20
2792395.8113183905
 10
329346.4432039473
 20
2792319.002897453
 10
329339.5306621826
 20
2792279.020672336
  0
LINE
  5
207
330
17
100
AcDbEntity
  8
0
100
AcDbLine
 10
329346.4432039473
 20
2792319.002897453
 30
0.0
 11
329371.6276234855
 21
2792292.20870117
 31
0.0
  0
LINE
  5
208
330
17
100
AcDbEntity
  8
0
100
AcDbLine
 10
329339.5306621826
 20
2792279.020672336
 30
0.0
 11
329371.6276234855
 21
2792292.20870117
 31
0.0
  0
LWPOLYLINE
  5
209
330
17
100
AcDbEntity
  8
0
100
AcDbPolyline
 90
7
 70
0
 10
329339.5306621826
 20
2792279.020672336
 10
329361.4866055611
 20
2792214.335850841
 10
329384.23460979364
 20
2792143.7254076903
 10
329400.8154484588
 20
2792095.426458422
 10
329414.1392750598
 20
2792057.316107744
 10
329414.47417267674
 20
2792055.1073503722
 10
329572.1551963976
 20
2791815.07531525
  0
LINE
  5
20A
330
17
100
AcDbEntity
  8
0
100
AcDbLine
 10
329794.7771620826
 20
2792924.2333123027
 30
0.0
 11
329795.73237133486
 21
2792907.2607838786
 31
0.0
  0
LWPOLYLINE
  5
20B
330
17
100
AcDbEntity
  8
0
100
AcDbPolyline
 90
3
 70
0
 10
329761.9108391798
 20
2792868.9685276016
 10
329732.04903924244
 20
2792893.9376379442
 10
329740.99946398824
 20
2792886.2032817923
  0
LINE
  5
20C
330
17
100
AcDbEntity
  8
0
100
AcDbLine
 10
329858.6044192929
 20
2792977.8569018543
 30
0.0
 11
329830.7600194963
 21
2792970.164466168
 31
0.0
  0
LINE
  5
20D
330
17
100
AcDbEntity
  8
0
100
AcDbLine
 10
329801.56572525925
 20
2792780.6981156506
 30
0.0
 11
329759.6136968605
 21
2792816.930546635
 31
0.0
  0
LINE
  5
20E
330
17
100
AcDbEntity
  8
0
100
AcDbLine
 10
329840.02811061
 20
2792828.2819810943
 30
0.0
 11
329780.6580463966
 21
2792835.0774814626
 31
0.0
  0
LWPOLYLINE
  5
20F
330
17
100
AcDbEntity
  8
0
100
AcDbPolyline
 90
3
 70
0
 10
329997.6175698335
 20
2792955.6480527585
 10
329991.7617327358
 20
2792960.2968782214
 10
329986.6939346668
 20
2792964.3154318193
  0
LINE
  5
210
330
17
100
AcDbEntity
  8
0
100
AcDbLine
 10
329986.6939346668
 20
2792964.3154318193
 30
0.0
 11
329971.0011362906
 21
2792963.083595315
 31
0.0
  0
LINE
  5
211
330
17
100
AcDbEntity
  8
0
100
AcDbLine
 10
329991.7617327358
 20
2792960.2968782214
 30
0.0
 11
330120.33011195844
 21
2793028.1964463755
 31
0.0
  0
LINE
  5
212
330
17
100
AcDbEntity
  8
0
100
AcDbLine
 10
329971.0011362906
 20
2792963.083595315
 30
0.0
 11
329959.2547231786
 21
2792971.2185151116
 31
0.0
  0
LINE
  5
213
330
17
100
AcDbEntity
  8
0
100
AcDbLine
 10
329889.28193009924
 20
2792845.487150995
 30
0.0
 11
329880.34620820126
 21
2792853.5978700006
 31
0.0
  0
LWPOLYLINE
  5
214
330
17
100
AcDbEntity
  8
0
100
AcDbPolyline
 90
6
 70
0
 10
330027.2581988681
 20
2792986.825875395
 10
330121.99745895166
 20
2793020.5648918375
 10
330130.86892204836
 20
2793022.5804708777
 10
330171.52772148035
 20
2793030.987786528
 10
330259.6089318164
 20
2793049.6676365915
 10
330282.89446817874
 20
2793054.604301853
  0
LINE
  5
215
330
17
100
AcDbEntity
  8
0
100
AcDbLine
 10
330012.5176971697
 20
2793036.518898318
 30
0.0
 11
329949.27716381766
 21
2793088.8045328767
 31
0.0
  0
LINE
  5
216
330
17
100
AcDbEntity
  8
0
100
AcDbLine
 10
330034.6509431818
 20
2793055.5830584895
 30
0.0
 11
330088.1938651047
 21
2793054.1903427993
 31
0.0
  0
LINE
  5
217
330
17
100
AcDbEntity
  8
0
100
AcDbLine
 10
330034.6509431818
 20
2793055.5830584895
 30
0.0
 11
330015.17200097936
 21
2793032.065402302
 31
0.0
  0
LWPOLYLINE
  5
218
330
17
100
AcDbEntity
  8
0
100
AcDbPolyline
 90
3
 70
0
 10
330130.86892204836
 20
2793022.5804708777
 10
330125.76522922964
 20
2793029.357855022
 10
330122.0962450901
 20
2793035.6519463807
  0
LWPOLYLINE
  5
219
330
17
100
AcDbEntity
  8
0
100
AcDbPolyline
 90
4
 70
0
 10
330121.99745895166
 20
2793020.5648918375
 10
330120.33011195844
 20
2793028.1964463755
 10
330123.732125322
 20
2793012.6776973316
 10
330125.1707811492
 20
2793006.090351498
  0
LWPOLYLINE
  5
21A
330
17
100
AcDbEntity
  8
0
100
AcDbPolyline
 90
9
 70
0
 10
327804.7655207539
 20
2792138.8500589756
 10
327834.16003873374
 20
2792171.511132492
 10
327844.40052682965
 20
2792190.7676319713
 10
327872.60872022493
 20
2792241.0803001802
 10
327868.89555504953
 20
2792234.336620462
 10
327900.7368931596
 20
2792292.2470516837
 10
327940.21841853444
 20
2792363.8526968686
 10
327943.2711257793
 20
2792369.3751148568
 10
328070.70648817386
 20
2792618.7308403715
  0
LWPOLYLINE
  5
21B
330
17
100
AcDbEntity
  8
0
100
AcDbPolyline
 90
8
 70
0
 10
328021.93409540877
 20
2792152.1406447226
 10
327992.09475905413
 20
2792169.270062946
 10
327942.9194208157
 20
2792197.490904683
 10
327932.25609890965
 20
2792203.608694936
 10
327915.47088601335
 20
2792213.2385729374
 10
327872.60872022493
 20
2792241.0803001802
 10
327882.381351475
 20
2792234.652521156
 10
327864.64449318754
 20
2792246.299719262
  0
LWPOLYLINE
  5
21C
330
17
100
AcDbEntity
  8
0
100
AcDbPolyline
 90
4
 70
0
 10
327900.7368931596
 20
2792292.2470516837
 10
327886.2271678035
 20
2792241.527454796
 10
327882.381351475
 20
2792234.652521156
 10
327879.66964330646
 20
2792229.801544344
  0
LWPOLYLINE
  5
21D
330
17
100
AcDbEntity
  8
0
100
AcDbPolyline
 90
4
 70
0
 10
327868.89555504953
 20
2792234.336620462
 10
327860.0957103365
 20
2792238.026807076
 10
327879.66964330646
 20
2792229.801544344
 10
327915.47088601335
 20
2792213.2385729374
  0
LWPOLYLINE
  5
21E
330
17
100
AcDbEntity
  8
0
100
AcDbPolyline
 90
6
 70
0
 10
328676.69076407474
 20
2791841.0595434634
 10
328657.58589472977
 20
2791850.5959343463
 10
328665.61365466163
 20
2791847.170870991
 10
328639.9150218625
 20
2791860.380072141
 10
328585.2856322682
 20
2791891.747173301
 10
328574.10563774547
 20
2791898.480259369
  0
LINE
  5
21F
330
17
100
AcDbEntity
  8
0
100
AcDbLine
 10
328639.9150218625
 20
2791860.380072141
 30
0.0
 11
328676.951963641
 21
2791887.9609502694
 31
0.0
  0
LWPOLYLINE
  5
220
330
17
100
AcDbEntity
  8
0
100
AcDbPolyline
 90
3
 70
0
 10
328682.64404663385
 20
2791834.5478029223
 10
328700.391159765
 20
2791856.2578196526
 10
328544.82927014865
 20
2791579.136732935
  0
LINE
  5
221
330
17
100
AcDbEntity
  8
0
100
AcDbLine
 10
328544.82927014865
 20
2791579.136732935
 30
0.0
 11
328510.84499603475
 21
2791565.1213971153
 31
0.0
  0
LINE
  5
222
330
17
100
AcDbEntity
  8
0
100
AcDbLine
 10
328544.82927014865
 20
2791579.136732935
 30
0.0
 11
328561.9480893852
 21
2791536.878466057
 31
0.0
  0
LINE
  5
223
330
17
100
AcDbEntity
  8
0
100
AcDbLine
 10
328510.84499603475
 20
2791565.1213971153
 30
0.0
 11
328486.0763271911
 21
2791538.0390482335
 31
0.0
  0
LINE
  5
224
330
17
100
AcDbEntity
  8
0
100
AcDbLine
 10
328510.84499603475
 20
2791565.1213971153
 30
0.0
 11
328495.6904655436
 21
2791582.661734946
 31
0.0
  0
LINE
  5
225
330
17
100
AcDbEntity
  8
0
100
AcDbLine
 10
328561.9480893852
 20
2791536.878466057
 30
0.0
 11
328562.3704284001
 21
2791524.8755229586
 31
0.0
  0
LINE
  5
226
330
17
100
AcDbEntity
  8
0
100
AcDbLine
 10
328561.9480893852
 20
2791536.878466057
 30
0.0
 11
328572.98481784854
 21
2791529.947801957
 31
0.0
  0
LINE
  5
227
330
17
100
AcDbEntity
  8
0
100
AcDbLine
 10
328527.12208462
 20
2792958.487686071
 30
0.0
 11
328617.76853000105
 21
2792944.754243092
 31
0.0
  0
LINE
  5
228
330
17
100
AcDbEntity
  8
0
100
AcDbLine
 10
328487.7550189451
 20
2792888.3857892617
 30
0.0
 11
328392.9087036276
 21
2792737.8513269294
 31
0.0
  0
LWPOLYLINE
  5
229
330
17
100
AcDbEntity
  8
0
100
AcDbPolyline
 90
5
 70
0
 10
328459.25358567305
 20
2792814.667671506
 10
328545.8548274555
 20
2792950.728199613
 10
328439.27545785863
 20
2792763.1639553905
 10
328405.1987844143
 20
2792708.2829881986
 10
328382.5823395874
 20
2792660.1030061473
  0
LWPOLYLINE
  5
22A
330
17
100
AcDbEntity
  8
0
100
AcDbPolyline
 90
8
 70
0
 10
328701.18824184756
 20
2792452.538170772
 10
328669.42489535105
 20
2792463.342687068
 10
328659.0407778331
 20
2792469.2348013497
 10
328632.39858776814
 20
2792485.0151045523
 10
328610.7568018988
 20
2792497.8296558266
 10
328532.76024995086
 20
2792542.3881338593
 10
328518.72068557935
 20
2792550.819269427
 10
328475.23913757585
 20
2792579.0768314335
  0
LINE
  5
22B
330
17
100
AcDbEntity
  8
0
100
AcDbLine
 10
328715.3752557525
 20
2792477.2289384087
 30
0.0
 11
328669.42489535105
 21
2792463.342687068
 31
0.0
  0
LWPOLYLINE
  5
22C
330
17
100
AcDbEntity
  8
0
100
AcDbPolyline
 90
10
 70
0
 10
328451.8496331518
 20
2792535.082999838
 10
328680.16268146865
 20
2792397.8458350883
 10
328453.1292988709
 20
2792534.2913059294
 10
328740.8275812384
 20
2792361.062927707
 10
328749.18703947007
 20
2792356.0052113477
 10
328776.26727953774
 20
2792339.776500132
 10
328790.81525987666
 20
2792330.8850247944
 10
328801.4329299941
 20
2792325.123006338
 10
328808.12781458744
 20
2792321.493309676
 10
328902.28160754795
 20
2792279.5904248473
  0
LWPOLYLINE
  5
22D
330
17
100
AcDbEntity
  8
0
100
AcDbPolyline
 90
3
 70
0
 10
329256.06213802705
 20
2793168.4366079974
 10
329252.1097152372
 20
2793157.0317492187
 10
329249.20981787454
 20
2793149.1918296213
  0
LWPOLYLINE
  5
22E
330
17
100
AcDbEntity
  8
0
100
AcDbPolyline
 90
3
 70
0
 10
328946.81536185235
 20
2792866.0007203086
 10
328954.15675650816
 20
2792880.0546405246
 10
328940.95836208237
 20
2792855.3954816624
  0
LINE
  5
22F
330
17
100
AcDbEntity
  8
0
100
AcDbLine
 10
328940.95836208237
 20
2792855.3954816624
 30
0.0
 11
328881.1019591283
 21
2792869.9225575714
 31
0.0
  0
LINE
  5
230
330
17
100
AcDbEntity
  8
0
100
AcDbLine
 10
329169.3470182511
 20
2792815.2206964623
 30
0.0
 11
329261.9151822435
 21
2792833.9040576946
 31
0.0
  0
LINE
  5
231
330
17
100
AcDbEntity
  8
0
100
AcDbLine
 10
329167.03088827163
 20
2792806.5425609928
 30
0.0
 11
329179.6326429408
 21
2792743.28261911
 31
0.0
  0
LINE
  5
232
330
17
100
AcDbEntity
  8
0
100
AcDbLine
 10
329261.9151822435
 20
2792833.9040576946
 30
0.0
 11
329274.06209121074
 21
2792869.4997548303
 31
0.0
  0
LWPOLYLINE
  5
233
330
17
100
AcDbEntity
  8
0
100
AcDbPolyline
 90
3
 70
0
 10
329261.9151822435
 20
2792833.9040576946
 10
329274.5560585492
 20
2792829.6013227683
 10
329319.01646555116
 20
2792814.9933074974
  0
LINE
  5
234
330
17
100
AcDbEntity
  8
0
100
AcDbLine
 10
329212.34150744986
 20
2793169.7197086955
 30
0.0
 11
329244.47520596697
 21
2793146.0611049817
 31
0.0
  0
LINE
  5
235
330
17
100
AcDbEntity
  8
0
100
AcDbLine
 10
329194.3314181217
 20
2793174.8657918246
 30
0.0
 11
329187.7081941113
 21
2793153.823493759
 31
0.0
  0
LINE
  5
236
330
17
100
AcDbEntity
  8
0
100
AcDbLine
 10
329244.47520596697
 20
2793146.0611049817
 30
0.0
 11
329249.409349751
 21
2793114.7142811595
 31
0.0
  0
LWPOLYLINE
  5
237
330
17
100
AcDbEntity
  8
0
100
AcDbPolyline
 90
4
 70
0
 10
328937.2457353389
 20
2792964.971689961
 10
328835.16402341425
 20
2793024.1239273045
 10
328961.09401606786
 20
2792951.398568992
 10
329090.3091242955
 20
2792877.813199996
  0
LWPOLYLINE
  5
238
330
17
100
AcDbEntity
  8
0
100
AcDbPolyline
 90
4
 70
0
 10
328937.2457353389
 20
2792964.971689961
 10
328945.96806143865
 20
2792979.872234728
 10
328953.5367515279
 20
2792992.782233075
 10
328954.63859966735
 20
2792994.662657781
  0
LWPOLYLINE
  5
239
330
17
100
AcDbEntity
  8
0
100
AcDbPolyline
 90
3
 70
0
 10
328961.09401606786
 20
2792951.398568992
 10
328945.7709159506
 20
2792924.4398695743
 10
328928.9377502898
 20
2792894.3984090993
  0
LINE
  5
23A
330
17
100
AcDbEntity
  8
0
100
AcDbLine
 10
328945.96806143865
 20
2792979.872234728
 30
0.0
 11
328994.001679337
 21
2792967.4335307567
 31
0.0
  0
LINE
  5
23B
330
17
100
AcDbEntity
  8
0
100
AcDbLine
 10
328835.16402341425
 20
2793024.1239273045
 30
0.0
 11
328814.44321095117
 21
2793019.6890044436
 31
0.0
  0
LINE
  5
23C
330
17
100
AcDbEntity
  8
0
100
AcDbLine
 10
328835.16402341425
 20
2793024.1239273045
 30
0.0
 11
328824.55436106474
 21
2793037.6405424112
 31
0.0
  0
LWPOLYLINE
  5
23D
330
17
100
AcDbEntity
  8
0
100
AcDbPolyline
 90
5
 70
0
 10
329078.1009689007
 20
2792984.1399601353
 10
329095.27752669377
 20
2792974.4068569536
 10
329111.43357251864
 20
2792965.2405738747
 10
329124.46044995304
 20
2792958.0081920484
 10
329127.8823405646
 20
2792956.114926667
  0
LWPOLYLINE
  5
23E
330
17
100
AcDbEntity
  8
0
100
AcDbPolyline
 90
5
 70
0
 10
329078.1009689007
 20
2792984.1399601353
 10
329073.3546177908
 20
2792972.911344823
 10
329081.8101316036
 20
2792996.2125389576
 10
329087.3179033308
 20
2793015.8730500373
 10
329106.1313905801
 20
2793083.078846064
  0
LINE
  5
23F
330
17
100
AcDbEntity
  8
0
100
AcDbLine
 10
329095.27752669377
 20
2792974.4068569536
 30
0.0
 11
329132.8195540538
 21
2793105.296722415
 31
0.0
  0
LWPOLYLINE
  5
240
330
17
100
AcDbEntity
  8
0
100
AcDbPolyline
 90
3
 70
0
 10
329081.8101316036
 20
2792996.2125389576
 10
329019.6026226649
 20
2793034.331875663
 10
329013.29392792046
 20
2793036.605081302
  0
LWPOLYLINE
  5
241
330
17
100
AcDbEntity
  8
0
100
AcDbPolyline
 90
3
 70
0
 10
329132.8195540538
 20
2793105.296722415
 10
329150.36017185287
 20
2793100.4666790836
 10
329167.8230084397
 20
2793095.8592036297
  0
LINE
  5
242
330
17
100
AcDbEntity
  8
0
100
AcDbLine
 10
329132.8195540538
 20
2793105.296722415
 30
0.0
 11
329106.1313905801
 21
2793083.078846064
 31
0.0
  0
LINE
  5
243
330
17
100
AcDbEntity
  8
0
100
AcDbLine
 10
328815.82443041576
 20
2792887.5871421504
 30
0.0
 11
328782.9822879742
 21
2792832.9777541133
 31
0.0
  0
LINE
  5
244
330
17
100
AcDbEntity
  8
0
100
AcDbLine
 10
329131.90963551716
 20
2792148.471091795
 30
0.0
 11
329071.89819500945
 21
2792183.6929110447
 31
0.0
  0
LWPOLYLINE
  5
245
330
17
100
AcDbEntity
  8
0
100
AcDbPolyline
 90
3
 70
0
 10
329131.90963551716
 20
2792148.471091795
 10
329121.46945918637
 20
2792142.775846611
 10
329230.94895311113
 20
2792193.3278917726
  0
LINE
  5
246
330
17
100
AcDbEntity
  8
0
100
AcDbLine
 10
329131.90963551716
 20
2792148.471091795
 30
0.0
 11
329144.4330561357
 21
2792183.4969712673
 31
0.0
  0
LWPOLYLINE
  5
247
330
17
100
AcDbEntity
  8
0
100
AcDbPolyline
 90
4
 70
0
 10
329071.89819500945
 20
2792183.6929110447
 10
328990.49492189183
 20
2792277.0573180425
 10
328975.51744606346
 20
2792301.407940335
 10
329067.25361324765
 20
2792175.753197131
  0
LINE
  5
248
330
17
100
AcDbEntity
  8
0
100
AcDbLine
 10
329144.4330561357
 20
2792183.4969712673
 30
0.0
 11
329153.88654575986
 21
2792196.4386791904
 31
0.0
  0
LWPOLYLINE
  5
249
330
17
100
AcDbEntity
  8
0
100
AcDbPolyline
 90
7
 70
0
 10
329144.4330561357
 20
2792183.4969712673
 10
329135.84431071085
 20
2792187.172559157
 10
329103.82255385706
 20
2792208.7028393624
 10
329090.6270208671
 20
2792217.798433985
 10
329054.8192555052
 20
2792238.723052025
 10
329033.6047244277
 20
2792251.121581605
 10
328990.49492189183
 20
2792277.0573180425
  0
LWPOLYLINE
  5
24A
330
17
100
AcDbEntity
  8
0
100
AcDbPolyline
 90
3
 70
0
 10
329127.8823405646
 20
2792956.114926667
 10
329178.14226308704
 20
2793066.5048647486
 10
329167.8230084397
 20
2793095.8592036297
  0
LINE
  5
24B
330
17
100
AcDbEntity
  8
0
100
AcDbLine
 10
329167.8230084397
 20
2793095.8592036297
 30
0.0
 11
329178.14226308704
 21
2793066.5048647486
 31
0.0
  0
LWPOLYLINE
  5
24C
330
17
100
AcDbEntity
  8
0
100
AcDbPolyline
 90
3
 70
0
 10
329178.14226308704
 20
2793066.5048647486
 10
329229.9871216773
 20
2793051.9029460507
 10
329240.9239011989
 20
2793049.1061409884
  0
LWPOLYLINE
  5
24D
330
17
100
AcDbEntity
  8
0
100
AcDbPolyline
 90
6
 70
0
 10
329064.16156564734
 20
2793209.3788609374
 10
329041.54762649897
 20
2793134.04549898
 10
329032.9858763745
 20
2793105.52788163
 10
329013.29392792046
 20
2793036.605081302
 10
329006.16146125016
 20
2793011.1712799645
 10
329004.0005624249
 20
2793003.62116992
  0
LINE
  5
24E
330
17
100
AcDbEntity
  8
0
100
AcDbLine
 10
329041.54762649897
 20
2793134.04549898
 30
0.0
 11
328999.4369483621
 21
2793229.2180661396
 31
0.0
  0
LINE
  5
24F
330
17
100
AcDbEntity
  8
0
100
AcDbLine
 10
329054.3898498113
 20
2793211.873066064
 30
0.0
 11
329058.245353385
 21
2793226.7576287277
 31
0.0
  0
LINE
  5
250
330
17
100
AcDbEntity
  8
0
100
AcDbLine
 10
329155.87162699894
 20
2793185.8424535384
 30
0.0
 11
329150.74862707604
 21
2793163.928207743
 31
0.0
  0
LINE
  5
251
330
17
100
AcDbEntity
  8
0
100
AcDbLine
 10
329161.0991720217
 20
2792208.267640155
 30
0.0
 11
329230.94895311113
 21
2792193.3278917726
 31
0.0
  0
LWPOLYLINE
  5
252
330
17
100
AcDbEntity
  8
0
100
AcDbPolyline
 90
13
 70
0
 10
329230.94895311113
 20
2792193.3278917726
 10
329287.14301666955
 20
2792370.6436091787
 10
329290.2848915538
 20
2792381.682051786
 10
329328.58765892655
 20
2792525.01450823
 10
329331.24119350826
 20
2792534.0872192415
 10
329333.59831710183
 20
2792538.8321397626
 10
329355.3093248374
 20
2792596.9730163887
 10
329367.6032459175
 20
2792637.0424745954
 10
329413.47397500405
 20
2792787.768444157
 10
329414.45887897676
 20
2792792.364506693
 10
329444.85858774406
 20
2792893.201636098
 10
329467.97839096416
 20
2792964.064676933
 10
329490.2851527259
 20
2793068.759371948
  0
LINE
  5
253
330
17
100
AcDbEntity
  8
0
100
AcDbLine
 10
329287.14301666955
 20
2792370.6436091787
 30
0.0
 11
329274.7755864481
 21
2792379.883674261
 31
0.0
  0
LINE
  5
254
330
17
100
AcDbEntity
  8
0
100
AcDbLine
 10
329165.45296823006
 20
2792246.6536342422
 30
0.0
 11
329177.48674147343
 21
2792286.803794009
 31
0.0
  0
LINE
  5
255
330
17
100
AcDbEntity
  8
0
100
AcDbLine
 10
329138.37962470227
 20
2792200.4342518067
 30
0.0
 11
329103.82255385706
 21
2792208.7028393624
 31
0.0
  0
LINE
  5
256
330
17
100
AcDbEntity
  8
0
100
AcDbLine
 10
329138.37962470227
 20
2792200.4342518067
 30
0.0
 11
329135.84431071085
 21
2792187.172559157
 31
0.0
  0
LINE
  5
257
330
17
100
AcDbEntity
  8
0
100
AcDbLine
 10
329087.3179033308
 20
2793015.8730500373
 30
0.0
 11
329019.6026226649
 21
2793034.331875663
 31
0.0
  0
LINE
  5
258
330
17
100
AcDbEntity
  8
0
100
AcDbLine
 10
329106.1313905801
 20
2793083.078846064
 30
0.0
 11
329032.9858763745
 21
2793105.52788163
 31
0.0
  0
LINE
  5
259
330
17
100
AcDbEntity
  8
0
100
AcDbLine
 10
328849.05399908737
 20
2793231.64072273
 30
0.0
 11
328758.72740472027
 21
2793245.8228944177
 31
0.0
  0
LINE
  5
25A
330
17
100
AcDbEntity
  8
0
100
AcDbLine
 10
328758.72740472027
 20
2793245.8228944177
 30
0.0
 11
328700.1595488773
 21
2793139.981830184
 31
0.0
  0
LWPOLYLINE
  5
25B
330
17
100
AcDbEntity
  8
0
100
AcDbPolyline
 90
4
 70
0
 10
328758.72740472027
 20
2793245.8228944177
 10
328745.68616947776
 20
2793253.476814076
 10
328733.4941951699
 20
2793260.566087858
 10
328704.6678917572
 20
2793277.1938042957
  0
LINE
  5
25C
330
17
100
AcDbEntity
  8
0
100
AcDbLine
 10
328869.78531913285
 20
2793267.193976069
 30
0.0
 11
328866.26986936247
 21
2793292.7402817537
 31
0.0
  0
LINE
  5
25D
330
17
100
AcDbEntity
  8
0
100
AcDbLine
 10
328869.78531913285
 20
2793267.193976069
 30
0.0
 11
328892.2068953392
 21
2793277.877656337
 31
0.0
  0
LWPOLYLINE
  5
25E
330
17
100
AcDbEntity
  8
0
100
AcDbPolyline
 90
5
 70
0
 10
329011.82172496576
 20
2792999.0467535513
 10
329007.947311019
 20
2792993.036002404
 10
329001.37627166975
 20
2792980.9331461824
 10
328995.61072321655
 20
2792970.3821233124
 10
328994.001679337
 20
2792967.4335307567
  0
LINE
  5
25F
330
17
100
AcDbEntity
  8
0
100
AcDbLine
 10
329030.1946213066
 20
2792988.3124901536
 30
0.0
 11
329007.947311019
 21
2792993.036002404
 31
0.0
  0
LINE
  5
260
330
17
100
AcDbEntity
  8
0
100
AcDbLine
 10
329289.3107607227
 20
2792656.652371305
 30
0.0
 11
329367.6032459175
 21
2792637.0424745954
 31
0.0
  0
LWPOLYLINE
  5
261
330
17
100
AcDbEntity
  8
0
100
AcDbPolyline
 90
3
 70
0
 10
329259.6473500259
 20
2792560.7913511447
 10
329295.66716691724
 20
2792549.535719955
 10
329333.59831710183
 20
2792538.8321397626
  0
LWPOLYLINE
  5
262
330
17
100
AcDbEntity
  8
0
100
AcDbPolyline
 90
3
 70
0
 10
329303.0309129718
 20
2792703.5389664103
 10
329267.24108754465
 20
2792717.0184014738
 10
329304.4104226652
 20
2792708.2629817934
  0
LINE
  5
263
330
17
100
AcDbEntity
  8
0
100
AcDbLine
 10
329337.5504562128
 20
2792820.9853734965
 30
0.0
 11
329414.45887897676
 21
2792792.364506693
 31
0.0
  0
LINE
  5
264
330
17
100
AcDbEntity
  8
0
100
AcDbLine
 10
329333.2022482991
 20
2792806.959980527
 30
0.0
 11
329318.0926471702
 21
2792812.0471137543
 31
0.0
  0
LWPOLYLINE
  5
265
330
17
100
AcDbEntity
  8
0
100
AcDbPolyline
 90
6
 70
0
 10
329345.1051839932
 20
2792846.3918239633
 10
329308.03912221733
 20
2792860.1088380776
 10
329274.06209121074
 20
2792869.4997548303
 10
329242.6553520143
 20
2792878.1714753723
 10
329227.9560996966
 20
2792882.2343534827
 10
329215.97779169865
 20
2792885.542821906
  0
LINE
  5
266
330
17
100
AcDbEntity
  8
0
100
AcDbLine
 10
329129.86229502875
 20
2792930.200401514
 30
0.0
 11
329120.7861740056
 21
2792900.8362234305
 31
0.0
  0
LINE
  5
267
330
17
100
AcDbEntity
  8
0
100
AcDbLine
 10
328950.79230710666
 20
2793034.703267513
 30
0.0
 11
328901.63387722673
 21
2793152.553546186
 31
0.0
  0
LINE
  5
268
330
17
100
AcDbEntity
  8
0
100
AcDbLine
 10
328705.51676219405
 20
2792971.86992169
 30
0.0
 11
328700.1595488773
 21
2793139.981830184
 31
0.0
  0
LINE
  5
269
330
17
100
AcDbEntity
  8
0
100
AcDbLine
 10
328690.06733181933
 20
2792943.727717362
 30
0.0
 11
328658.96606400725
 21
2792935.912711166
 31
0.0
  0
LINE
  5
26A
330
17
100
AcDbEntity
  8
0
100
AcDbLine
 10
328690.06733181933
 20
2792943.727717362
 30
0.0
 11
328768.3441571918
 21
2792922.264326614
 31
0.0
  0
LINE
  5
26B
330
17
100
AcDbEntity
  8
0
100
AcDbLine
 10
328700.1595488773
 20
2793139.981830184
 30
0.0
 11
328666.3145287038
 21
2793166.078498228
 31
0.0
  0
LINE
  5
26C
330
17
100
AcDbEntity
  8
0
100
AcDbLine
 10
329004.13565418904
 20
2792350.244092356
 30
0.0
 11
329030.67080516915
 21
2792349.0668539386
 31
0.0
  0
LINE
  5
26D
330
17
100
AcDbEntity
  8
0
100
AcDbLine
 10
329413.47397500405
 20
2792787.768444157
 30
0.0
 11
329417.34460602363
 21
2792763.9239238803
 31
0.0
  0
LINE
  5
26E
330
17
100
AcDbEntity
  8
0
100
AcDbLine
 10
329444.85858774406
 20
2792893.201636098
 30
0.0
 11
329449.354607607
 21
2792871.0109509327
 31
0.0
  0
LINE
  5
26F
330
17
100
AcDbEntity
  8
0
100
AcDbLine
 10
329308.03912221733
 20
2792860.1088380776
 30
0.0
 11
329303.2699640221
 21
2792840.671579361
 31
0.0
  0
LWPOLYLINE
  5
270
330
17
100
AcDbEntity
  8
0
100
AcDbPolyline
 90
3
 70
0
 10
329308.03912221733
 20
2792860.1088380776
 10
329324.35330478405
 20
2792857.0670161746
 10
329346.3044694996
 20
2792850.409118468
  0
LWPOLYLINE
  5
271
330
17
100
AcDbEntity
  8
0
100
AcDbPolyline
 90
3
 70
0
 10
329242.6553520143
 20
2792878.1714753723
 10
329269.28610225185
 20
2792891.8380665346
 10
329288.7120583519
 20
2792902.2500391332
  0
LWPOLYLINE
  5
272
330
17
100
AcDbEntity
  8
0
100
AcDbPolyline
 90
3
 70
0
 10
330243.08770765236
 20
2793554.7898830115
 10
330272.1142220039
 20
2793611.03437741
 10
330280.44668477564
 20
2793629.540919924
  0
LINE
  5
273
330
17
100
AcDbEntity
  8
0
100
AcDbLine
 10
330243.08770765236
 20
2793554.7898830115
 30
0.0
 11
330245.24383414
 21
2793528.308451426
 31
0.0
  0
LINE
  5
274
330
17
100
AcDbEntity
  8
0
100
AcDbLine
 10
330243.08770765236
 20
2793554.7898830115
 30
0.0
 11
330218.28312776855
 21
2793537.9302780535
 31
0.0
  0
LINE
  5
275
330
17
100
AcDbEntity
  8
0
100
AcDbLine
 10
330272.1142220039
 20
2793611.03437741
 30
0.0
 11
330049.83425546915
 21
2793724.2851120466
 31
0.0
  0
LWPOLYLINE
  5
276
330
17
100
AcDbEntity
  8
0
100
AcDbPolyline
 90
3
 70
0
 10
330245.24383414
 20
2793528.308451426
 10
330247.26579009235
 20
2793526.4551957874
 10
330262.8969561286
 20
2793502.7624845384
  0
LINE
  5
277
330
17
100
AcDbEntity
  8
0
100
AcDbLine
 10
330245.24383414
 20
2793528.308451426
 30
0.0
 11
330218.28312776855
 21
2793537.9302780535
 31
0.0
  0
LINE
  5
278
330
17
100
AcDbEntity
  8
0
100
AcDbLine
 10
330218.28312776855
 20
2793537.9302780535
 30
0.0
 11
330205.6337879371
 21
2793534.3003865713
 31
0.0
  0
LINE
  5
279
330
17
100
AcDbEntity
  8
0
100
AcDbLine
 10
330267.4105620795
 20
2793430.510243216
 30
0.0
 11
330288.5696985867
 21
2793460.3437601174
 31
0.0
  0
LWPOLYLINE
  5
27A
330
17
100
AcDbEntity
  8
0
100
AcDbPolyline
 90
6
 70
0
 10
330267.4105620795
 20
2793430.510243216
 10
330272.18070689944
 20
2793366.6519482844
 10
330252.94433534064
 20
2793431.4340219772
 10
330253.0666322699
 20
2793446.797731125
 10
330262.8969561286
 20
2793502.7624845384
 10
330262.9656795385
 20
2793431.9729357096
  0
LWPOLYLINE
  5
27B
330
17
100
AcDbEntity
  8
0
100
AcDbPolyline
 90
8
 70
0
 10
329953.21131068864
 20
2793119.6406913972
 10
330035.98638011946
 20
2793209.1745171207
 10
330063.57573887886
 20
2793242.3278970346
 10
330159.053556578
 20
2793356.6948673753
 10
330180.85485248663
 20
2793382.2772826627
 10
330207.32768238656
 20
2793410.8143102815
 10
330221.718887849
 20
2793424.78031604
 10
330253.0666322699
 20
2793446.797731125
  0
LWPOLYLINE
  5
27C
330
17
100
AcDbEntity
  8
0
100
AcDbPolyline
 90
14
 70
0
 10
330125.99179779773
 20
2793588.087396908
 10
329937.748850213
 20
2793802.5648388285
 10
330030.6529896166
 20
2793677.8875511773
 10
330073.4674403477
 20
2793627.0773068387
 10
330096.30981991545
 20
2793601.620981071
 10
330099.99442559836
 20
2793597.3871882693
 10
330121.79431907006
 20
2793565.92862787
 10
330175.30934353103
 20
2793502.2999957707
 10
330129.5087372886
 20
2793555.2632702747
 10
330185.9224654818
 20
2793484.175988295
 10
330221.718887849
 20
2793424.78031604
 10
330226.0308158705
 20
2793416.738921177
 10
330252.7385048064
 20
2793364.458767722
 10
330263.70802055905
 20
2793343.4057637677
  0
LINE
  5
27D
330
17
100
AcDbEntity
  8
0
100
AcDbLine
 10
330175.30934353103
 20
2793502.2999957707
 30
0.0
 11
330187.9357251108
 21
2793541.811943023
 31
0.0
  0
LINE
  5
27E
330
17
100
AcDbEntity
  8
0
100
AcDbLine
 10
330175.30934353103
 20
2793502.2999957707
 30
0.0
 11
330167.0991442377
 21
2793494.3493495383
 31
0.0
  0
LINE
  5
27F
330
17
100
AcDbEntity
  8
0
100
AcDbLine
 10
330205.6337879371
 20
2793534.3003865713
 30
0.0
 11
330187.9357251108
 21
2793541.811943023
 31
0.0
  0
LINE
  5
280
330
17
100
AcDbEntity
  8
0
100
AcDbLine
 10
330262.9656795385
 20
2793431.9729357096
 30
0.0
 11
330252.94433534064
 21
2793431.4340219772
 31
0.0
  0
LINE
  5
281
330
17
100
AcDbEntity
  8
0
100
AcDbLine
 10
330272.18070689944
 20
2793366.6519482844
 30
0.0
 11
330290.2666371933
 21
2793337.0349692823
 31
0.0
  0
LINE
  5
282
330
17
100
AcDbEntity
  8
0
100
AcDbLine
 10
329914.5733614486
 20
2793094.059798182
 30
0.0
 11
329885.2986837638
 21
2793090.3844307624
 31
0.0
  0
LINE
  5
283
330
17
100
AcDbEntity
  8
0
100
AcDbLine
 10
330287.1784546901
 20
2793663.399564995
 30
0.0
 11
330295.09575504967
 21
2793644.810959229
 31
0.0
  0
LWPOLYLINE
  5
284
330
17
100
AcDbEntity
  8
0
100
AcDbPolyline
 90
3
 70
0
 10
330287.1784546901
 20
2793663.399564995
 10
330282.7394096012
 20
2793650.8706146604
 10
330280.44668477564
 20
2793629.540919924
  0
LINE
  5
285
330
17
100
AcDbEntity
  8
0
100
AcDbLine
 10
330295.09575504967
 20
2793644.810959229
 30
0.0
 11
330282.7394096012
 21
2793650.8706146604
 31
0.0
  0
LINE
  5
286
330
17
100
AcDbEntity
  8
0
100
AcDbLine
 10
330295.09575504967
 20
2793644.810959229
 30
0.0
 11
330280.44668477564
 21
2793629.540919924
 31
0.0
  0
LINE
  5
287
330
17
100
AcDbEntity
  8
0
100
AcDbLine
 10
330035.98638011946
 20
2793209.1745171207
 30
0.0
 11
330034.9037998188
 21
2793193.579146592
 31
0.0
  0
LWPOLYLINE
  5
288
330
17
100
AcDbEntity
  8
0
100
AcDbPolyline
 90
3
 70
0
 10
330252.94433534064
 20
2793431.4340219772
 10
330226.0308158705
 20
2793416.738921177
 10
330211.16236715496
 20
2793406.4900463587
  0
LINE
  5
289
330
17
100
AcDbEntity
  8
0
100
AcDbLine
 10
330252.7385048064
 20
2793364.458767722
 30
0.0
 11
330209.9184086436
 21
2793392.469780959
 31
0.0
  0
LINE
  5
28A
330
17
100
AcDbEntity
  8
0
100
AcDbLine
 10
330263.70802055905
 20
2793343.4057637677
 30
0.0
 11
330183.76343683945
 21
2793336.28903506
 31
0.0
  0
LINE
  5
28B
330
17
100
AcDbEntity
  8
0
100
AcDbLine
 10
330209.9184086436
 20
2793392.469780959
 30
0.0
 11
330180.85485248663
 21
2793382.2772826627
 31
0.0
  0
LINE
  5
28C
330
17
100
AcDbEntity
  8
0
100
AcDbLine
 10
330209.9184086436
 20
2793392.469780959
 30
0.0
 11
330211.16236715496
 21
2793406.4900463587
 31
0.0
  0
LINE
  5
28D
330
17
100
AcDbEntity
  8
0
100
AcDbLine
 10
330100.1350430612
 20
2793664.717829253
 30
0.0
 11
330214.25483328605
 21
2793602.266748465
 31
0.0
  0
LWPOLYLINE
  5
28E
330
17
100
AcDbEntity
  8
0
100
AcDbPolyline
 90
3
 70
0
 10
330207.32768238656
 20
2793410.8143102815
 10
330211.16236715496
 20
2793406.4900463587
 10
330172.042858258
 20
2793446.762450545
  0
LINE
  5
28F
330
17
100
AcDbEntity
  8
0
100
AcDbLine
 10
330159.053556578
 20
2793356.6948673753
 30
0.0
 11
330183.76343683945
 21
2793336.28903506
 31
0.0
  0
LWPOLYLINE
  5
290
330
17
100
AcDbEntity
  8
0
100
AcDbPolyline
 90
7
 70
0
 10
329210.4045821358
 20
2794260.8599525723
 10
329203.6565760055
 20
2794247.45205194
 10
329194.94531447743
 20
2794230.1583812563
 10
329181.7431873036
 20
2794210.6615151027
 10
329166.47018352995
 20
2794187.535046661
 10
329133.6416182753
 20
2794134.4647214846
 10
329098.4057446594
 20
2794077.470000106
  0
LWPOLYLINE
  5
291
330
17
100
AcDbEntity
  8
0
100
AcDbPolyline
 90
5
 70
0
 10
329248.3793386073
 20
2794239.6420946647
 10
329254.0626648428
 20
2794248.5214347914
 10
329238.4666566368
 20
2794224.5348819643
 10
329232.34332248033
 20
2794213.523029123
 10
329212.84971102374
 20
2794178.47438207
  0
LINE
  5
292
330
17
100
AcDbEntity
  8
0
100
AcDbLine
 10
329276.3134646639
 20
2794224.289588426
 30
0.0
 11
329266.39873575314
 21
2794244.1227386706
 31
0.0
  0
LWPOLYLINE
  5
293
330
17
100
AcDbEntity
  8
0
100
AcDbPolyline
 90
4
 70
0
 10
329256.6125338471
 20
2794235.0404087557
 10
329261.5945309427
 20
2794244.2277173013
 10
329247.813335835
 20
2794218.755926962
 10
329242.5739029988
 20
2794209.1287492686
  0
LINE
  5
294
330
17
100
AcDbEntity
  8
0
100
AcDbLine
 10
329275.1234118291
 20
2794201.8492893404
 30
0.0
 11
329242.6142020179
 21
2794204.3424967662
 31
0.0
  0
LINE
  5
295
330
17
100
AcDbEntity
  8
0
100
AcDbLine
 10
329418.7808144466
 20
2794119.1881661993
 30
0.0
 11
329378.27578731405
 21
2794046.916102762
 31
0.0
  0
LINE
  5
296
330
17
100
AcDbEntity
  8
0
100
AcDbLine
 10
329670.63018585887
 20
2793994.0546485134
 30
0.0
 11
329688.76842226216
 21
2793969.56518596
 31
0.0
  0
LWPOLYLINE
  5
297
330
17
100
AcDbEntity
  8
0
100
AcDbPolyline
 90
5
 70
0
 10
328660.40007862897
 20
2794010.617447531
 10
328710.73325895326
 20
2793981.9853091715
 10
328766.5803629891
 20
2793947.2127326997
 10
328717.30748282094
 20
2793977.6480287504
 10
328798.8715878516
 20
2793928.2479982763
  0
LINE
  5
298
330
17
100
AcDbEntity
  8
0
100
AcDbLine
 10
328766.5803629891
 20
2793947.2127326997
 30
0.0
 11
328796.17408224277
 21
2793956.2987454794
 31
0.0
  0
LINE
  5
299
330
17
100
AcDbEntity
  8
0
100
AcDbLine
 10
328798.8715878516
 20
2793928.2479982763
 30
0.0
 11
328871.09471010324
 21
2793921.661810625
 31
0.0
  0
LINE
  5
29A
330
17
100
AcDbEntity
  8
0
100
AcDbLine
 10
328798.8715878516
 20
2793928.2479982763
 30
0.0
 11
328796.17408224277
 21
2793956.2987454794
 31
0.0
  0
LWPOLYLINE
  5
29B
330
17
100
AcDbEntity
  8
0
100
AcDbPolyline
 90
6
 70
0
 10
328717.30748282094
 20
2793977.6480287504
 10
328728.33508825995
 20
2794003.5641257786
 10
328757.68719472847
 20
2794053.243396145
 10
328809.25699600694
 20
2794142.179269123
 10
328826.1582003612
 20
2794171.311271207
 10
328863.3905270083
 20
2794235.5251823566
  0
LWPOLYLINE
  5
29C
330
17
100
AcDbEntity
  8
0
100
AcDbPolyline
 90
10
 70
0
 10
328796.17408224277
 20
2793956.2987454794
 10
328818.870199427
 20
2793995.1172151715
 10
328842.51857112086
 20
2794035.950960163
 10
328880.0056443546
 20
2794101.169811494
 10
328891.40946059953
 20
2794121.0215190784
 10
328893.8595340857
 20
2794125.155890927
 10
328928.85201145575
 20
2794185.941933948
 10
328930.5716093303
 20
2794188.8780374215
 10
328937.2647740245
 20
2794201.1122341217
 10
328962.377191506
 20
2794247.034642854
  0
LWPOLYLINE
  5
29D
330
17
100
AcDbEntity
  8
0
100
AcDbPolyline
 90
5
 70
0
 10
328289.2463090952
 20
2793712.1716480516
 10
328267.55065627093
 20
2793644.39401004
 10
328319.9851479533
 20
2793728.8528290973
 10
328362.85756299563
 20
2793802.166691004
 10
328379.4252182654
 20
2793857.302880691
  0
LINE
  5
29E
330
17
100
AcDbEntity
  8
0
100
AcDbLine
 10
328296.7672353336
 20
2793726.056790977
 30
0.0
 11
328319.9851479533
 21
2793728.8528290973
 31
0.0
  0
LWPOLYLINE
  5
29F
330
17
100
AcDbEntity
  8
0
100
AcDbPolyline
 90
6
 70
0
 10
328267.55065627093
 20
2793644.39401004
 10
328480.3098425546
 20
2793529.6496523577
 10
328552.2051734277
 20
2793492.268834143
 10
328613.14086373016
 20
2793460.588524538
 10
328634.16005042195
 20
2793449.653947038
 10
328726.2131994532
 20
2793412.8052785923
  0
LINE
  5
2A0
330
17
100
AcDbEntity
  8
0
100
AcDbLine
 10
328176.10105204256
 20
2794184.4419182795
 30
0.0
 11
328193.07501515455
 21
2794234.255242356
 31
0.0
  0
LINE
  5
2A1
330
17
100
AcDbEntity
  8
0
100
AcDbLine
 10
328109.44672084675
 20
2794150.304241102
 30
0.0
 11
328112.6093480375
 21
2794184.318343275
 31
0.0
  0
LINE
  5
2A2
330
17
100
AcDbEntity
  8
0
100
AcDbLine
 10
328634.16005042195
 20
2793449.653947038
 30
0.0
 11
328638.81319331285
 21
2793432.036149939
 31
0.0
  0
LWPOLYLINE
  5
2A3
330
17
100
AcDbEntity
  8
0
100
AcDbPolyline
 90
10
 70
0
 10
328613.14086373016
 20
2793460.588524538
 10
328650.3231379085
 20
2793553.2402029643
 10
328663.40049745503
 20
2793570.733070845
 10
328672.5951586629
 20
2793586.3364616707
 10
328688.2259691814
 20
2793612.9364626594
 10
328691.52268712095
 20
2793618.6774889026
 10
328726.93180714705
 20
2793680.3773323675
 10
328789.88710073754
 20
2793789.165034112
 10
328796.24223602924
 20
2793800.140550271
 10
328801.34571212647
 20
2793809.3372574206
  0
LWPOLYLINE
  5
2A4
330
17
100
AcDbEntity
  8
0
100
AcDbPolyline
 90
4
 70
0
 10
328783.6629723242
 20
2793519.557878706
 10
328726.2131994532
 20
2793412.8052785923
 10
328857.85897239717
 20
2793631.2833094317
 10
328783.6629723242
 20
2793519.557878706
  0
LINE
  5
2A5
330
17
100
AcDbEntity
  8
0
100
AcDbLine
 10
328726.2131994532
 20
2793412.8052785923
 30
0.0
 11
328730.22703484993
 21
2793397.9983849204
 31
0.0
  0
LINE
  5
2A6
330
17
100
AcDbEntity
  8
0
100
AcDbLine
 10
328163.41283479985
 20
2794234.0450445083
 30
0.0
 11
328193.07501515455
 21
2794234.255242356
 31
0.0
  0
LWPOLYLINE
  5
2A7
330
17
100
AcDbEntity
  8
0
100
AcDbPolyline
 90
3
 70
0
 10
328863.3905270083
 20
2794235.5251823566
 10
328821.39503127086
 20
2794259.010692168
 10
328922.91283222305
 20
2794202.2465366544
  0
LINE
  5
2A8
330
17
100
AcDbEntity
  8
0
100
AcDbLine
 10
328922.91283222305
 20
2794202.2465366544
 30
0.0
 11
328937.2647740245
 21
2794201.1122341217
 31
0.0
  0
LINE
  5
2A9
330
17
100
AcDbEntity
  8
0
100
AcDbLine
 10
328922.91283222305
 20
2794202.2465366544
 30
0.0
 11
328930.5716093303
 21
2794188.8780374215
 31
0.0
  0
LINE
  5
2AA
330
17
100
AcDbEntity
  8
0
100
AcDbLine
 10
328796.24223602924
 20
2793800.140550271
 30
0.0
 11
328798.50330108975
 21
2793782.1764337346
 31
0.0
  0
LWPOLYLINE
  5
2AB
330
17
100
AcDbEntity
  8
0
100
AcDbPolyline
 90
3
 70
0
 10
328798.50330108975
 20
2793782.1764337346
 10
328739.7415020692
 20
2793673.5682311156
 10
328684.85910656035
 20
2793578.5925858715
  0
LINE
  5
2AC
330
17
100
AcDbEntity
  8
0
100
AcDbLine
 10
328798.50330108975
 20
2793782.1764337346
 30
0.0
 11
328789.88710073754
 21
2793789.165034112
 31
0.0
  0
LINE
  5
2AD
330
17
100
AcDbEntity
  8
0
100
AcDbLine
 10
328739.7415020692
 20
2793673.5682311156
 30
0.0
 11
328726.93180714705
 21
2793680.3773323675
 31
0.0
  0
LWPOLYLINE
  5
2AE
330
17
100
AcDbEntity
  8
0
100
AcDbPolyline
 90
15
 70
0
 10
328235.59517777397
 20
2793801.644426176
 10
328244.9148099839
 20
2793818.3316272483
 10
328266.44923376583
 20
2793855.9676040574
 10
328269.1865204148
 20
2793860.485966303
 10
328289.6648346535
 20
2793894.302341373
 10
328307.6350470891
 20
2793924.993310901
 10
328309.66713401646
 20
2793928.7230061186
 10
328348.0399103434
 20
2793993.641297726
 10
328350.3688775017
 20
2793997.7438866124
 10
328366.1047968075
 20
2794025.4611005536
 10
328402.5571349118
 20
2794089.92753279
 10
328404.95840927865
 20
2794094.173227669
 10
328408.9571255255
 20
2794101.245737091
 10
328441.24014337617
 20
2794156.337652738
 10
328451.05928004073
 20
2794182.2578118565
  0
LINE
  5
2AF
330
17
100
AcDbEntity
  8
0
100
AcDbLine
 10
328235.59517777397
 20
2793801.644426176
 30
0.0
 11
328304.7077915879
 21
2793760.298262341
 31
0.0
  0
LINE
  5
2B0
330
17
100
AcDbEntity
  8
0
100
AcDbLine
 10
328235.59517777397
 20
2793801.644426176
 30
0.0
 11
328223.1185731722
 21
2793793.405655896
 31
0.0
  0
LINE
  5
2B1
330
17
100
AcDbEntity
  8
0
100
AcDbLine
 10
328244.9148099839
 20
2793818.3316272483
 30
0.0
 11
328164.6189578458
 21
2793818.398969604
 31
0.0
  0
LINE
  5
2B2
330
17
100
AcDbEntity
  8
0
100
AcDbLine
 10
328223.1185731722
 20
2793793.405655896
 30
0.0
 11
328290.038281212
 21
2793734.8718153615
 31
0.0
  0
LWPOLYLINE
  5
2B3
330
17
100
AcDbEntity
  8
0
100
AcDbPolyline
 90
3
 70
0
 10
328986.0885963633
 20
2794252.2959323316
 10
329048.9823163046
 20
2794231.471335237
 10
328980.69794948807
 20
2794253.8264285927
  0
LINE
  5
2B4
330
17
100
AcDbEntity
  8
0
100
AcDbLine
 10
328986.0885963633
 20
2794252.2959323316
 30
0.0
 11
329031.31948469824
 21
2794221.7354357643
 31
0.0
  0
LINE
  5
2B5
330
17
100
AcDbEntity
  8
0
100
AcDbLine
 10
328980.69794948807
 20
2794253.8264285927
 30
0.0
 11
328962.377191506
 21
2794247.034642854
 31
0.0
  0
LINE
  5
2B6
330
17
100
AcDbEntity
  8
0
100
AcDbLine
 10
329031.31948469824
 20
2794221.7354357643
 30
0.0
 11
329048.9823163046
 21
2794231.471335237
 31
0.0
  0
LWPOLYLINE
  5
2B7
330
17
100
AcDbEntity
  8
0
100
AcDbPolyline
 90
6
 70
0
 10
329031.31948469824
 20
2794221.7354357643
 10
329010.67119118234
 20
2794171.1036475785
 10
328963.7173562842
 20
2794086.1743870494
 10
328960.90311446553
 20
2794081.125125909
 10
328888.126158459
 20
2793952.3210249078
 10
328871.09471010324
 20
2793921.661810625
  0
LINE
  5
2B8
330
17
100
AcDbEntity
  8
0
100
AcDbLine
 10
329048.9823163046
 20
2794231.471335237
 30
0.0
 11
329032.15240231634
 21
2794177.656134481
 31
0.0
  0
LWPOLYLINE
  5
2B9
330
17
100
AcDbEntity
  8
0
100
AcDbPolyline
 90
3
 70
0
 10
328871.09471010324
 20
2793921.661810625
 10
328876.3219342534
 20
2793902.430501261
 10
328878.0052995672
 20
2793897.723151507
  0
LINE
  5
2BA
330
17
100
AcDbEntity
  8
0
100
AcDbLine
 10
328888.126158459
 20
2793952.3210249078
 30
0.0
 11
328905.1059603258
 21
2793953.4244699846
 31
0.0
  0
LWPOLYLINE
  5
2BB
330
17
100
AcDbEntity
  8
0
100
AcDbPolyline
 90
3
 70
0
 10
328876.3219342534
 20
2793902.430501261
 10
328905.1059603258
 20
2793953.4244699846
 10
329010.67119118234
 20
2794171.1036475785
  0
LINE
  5
2BC
330
17
100
AcDbEntity
  8
0
100
AcDbLine
 10
328801.8641309941
 20
2793343.2960807914
 30
0.0
 11
328777.1198849056
 21
2793371.980374129
 31
0.0
  0
LINE
  5
2BD
330
17
100
AcDbEntity
  8
0
100
AcDbLine
 10
328777.1198849056
 20
2793371.980374129
 30
0.0
 11
328773.00994304783
 21
2793394.3215911086
 31
0.0
  0
LINE
  5
2BE
330
17
100
AcDbEntity
  8
0
100
AcDbLine
 10
328675.66309608927
 20
2794090.1201967015
 30
0.0
 11
328571.57896161627
 21
2794031.8721951004
 31
0.0
  0
LWPOLYLINE
  5
2BF
330
17
100
AcDbEntity
  8
0
100
AcDbPolyline
 90
3
 70
0
 10
328571.57896161627
 20
2794031.8721951004
 10
328622.35181905667
 20
2793995.0252311463
 10
328503.86665441084
 20
2794083.479814565
  0
LINE
  5
2C0
330
17
100
AcDbEntity
  8
0
100
AcDbLine
 10
328663.40049745503
 20
2793570.733070845
 30
0.0
 11
328684.85910656035
 21
2793578.5925858715
 31
0.0
  0
LWPOLYLINE
  5
2C1
330
17
100
AcDbEntity
  8
0
100
AcDbPolyline
 90
3
 70
0
 10
328672.5951586629
 20
2793586.3364616707
 10
328684.85910656035
 20
2793578.5925858715
 10
328783.6629723242
 20
2793519.557878706
  0
LWPOLYLINE
  5
2C2
330
17
100
AcDbEntity
  8
0
100
AcDbPolyline
 90
5
 70
0
 10
328650.3231379085
 20
2793553.2402029643
 10
328593.2442192843
 20
2793571.22322498
 10
328523.40467071533
 20
2793612.588072305
 10
328518.1446931703
 20
2793615.701254995
 10
328319.9851479533
 20
2793728.8528290973
  0
LWPOLYLINE
  5
2C3
330
17
100
AcDbEntity
  8
0
100
AcDbPolyline
 90
4
 70
0
 10
328229.64365836274
 20
2793647.977301749
 10
328232.60074984503
 20
2793653.933028201
 10
328222.8476819815
 20
2793634.858452865
 10
328220.727911333
 20
2793630.57597305
  0
LINE
  5
2C4
330
17
100
AcDbEntity
  8
0
100
AcDbLine
 10
328243.3290788556
 20
2793654.6054784823
 30
0.0
 11
328232.60074984503
 21
2793653.933028201
 31
0.0
  0
LINE
  5
2C5
330
17
100
AcDbEntity
  8
0
100
AcDbLine
 10
328218.36210756825
 20
2793792.5244311476
 30
0.0
 11
328203.7773815956
 21
2793769.024591063
 31
0.0
  0
LWPOLYLINE
  5
2C6
330
17
100
AcDbEntity
  8
0
100
AcDbPolyline
 90
6
 70
0
 10
328218.36210756825
 20
2793792.5244311476
 10
328164.6189578458
 20
2793818.398969604
 10
328084.6409582164
 20
2793864.869205661
 10
328011.2844596242
 20
2793907.522392035
 10
328005.8943183203
 20
2793910.6817593314
 10
327935.99310025235
 20
2793951.685106532
  0
LINE
  5
2C7
330
17
100
AcDbEntity
  8
0
100
AcDbLine
 10
328203.7773815956
 20
2793769.024591063
 30
0.0
 11
328178.4677885141
 21
2793755.4319641716
 31
0.0
  0
LWPOLYLINE
  5
2C8
330
17
100
AcDbEntity
  8
0
100
AcDbPolyline
 90
3
 70
0
 10
328203.7773815956
 20
2793769.024591063
 10
328191.02738766035
 20
2793776.5424692812
 10
328179.04756067414
 20
2793783.6185267265
  0
LINE
  5
2C9
330
17
100
AcDbEntity
  8
0
100
AcDbLine
 10
328801.34571212647
 20
2793809.3372574206
 30
0.0
 11
328811.5989349857
 21
2793817.0618522367
 31
0.0
  0
LINE
  5
2CA
330
17
100
AcDbEntity
  8
0
100
AcDbLine
 10
328801.34571212647
 20
2793809.3372574206
 30
0.0
 11
328800.3324923785
 21
2793823.2088247854
 31
0.0
  0
LINE
  5
2CB
330
17
100
AcDbEntity
  8
0
100
AcDbLine
 10
328561.5879097394
 20
2794189.4414965073
 30
0.0
 11
328573.5245220515
 21
2794195.6600881633
 31
0.0
  0
LINE
  5
2CC
330
17
100
AcDbEntity
  8
0
100
AcDbLine
 10
328481.788377015
 20
2794039.4250914278
 30
0.0
 11
328483.0270173145
 21
2794025.0853308197
 31
0.0
  0
LINE
  5
2CD
330
17
100
AcDbEntity
  8
0
100
AcDbLine
 10
328782.9029926355
 20
2793337.753309041
 30
0.0
 11
328759.9452410478
 21
2793335.651066737
 31
0.0
  0
LINE
  5
2CE
330
17
100
AcDbEntity
  8
0
100
AcDbLine
 10
328759.9452410478
 20
2793335.651066737
 30
0.0
 11
328717.78086171875
 21
2793300.6684697955
 31
0.0
  0
LINE
  5
2CF
330
17
100
AcDbEntity
  8
0
100
AcDbLine
 10
328893.65767934534
 20
2793695.9696976324
 30
0.0
 11
328857.85897239717
 21
2793631.2833094317
 31
0.0
  0
LWPOLYLINE
  5
2D0
330
17
100
AcDbEntity
  8
0
100
AcDbPolyline
 90
3
 70
0
 10
328011.2844596242
 20
2793907.522392035
 10
328024.5131136265
 20
2793935.282229331
 10
328005.8943183203
 20
2793910.6817593314
  0
LINE
  5
2D1
330
17
100
AcDbEntity
  8
0
100
AcDbLine
 10
328084.6409582164
 20
2793864.869205661
 30
0.0
 11
328028.28903275356
 21
2793767.9537757454
 31
0.0
  0
LWPOLYLINE
  5
2D2
330
17
100
AcDbEntity
  8
0
100
AcDbPolyline
 90
5
 70
0
 10
328024.5131136265
 20
2793935.282229331
 10
328037.4372115447
 20
2793957.3185330867
 10
328038.940851392
 20
2793959.891704529
 10
328051.2882740769
 20
2793980.9493948985
 10
328054.2434874737
 20
2793985.963464382
  0
LINE
  5
2D3
330
17
100
AcDbEntity
  8
0
100
AcDbLine
 10
328818.870199427
 20
2793995.1172151715
 30
0.0
 11
328778.8124578509
 21
2794017.3375214012
 31
0.0
  0
LWPOLYLINE
  5
2D4
330
17
100
AcDbEntity
  8
0
100
AcDbPolyline
 90
3
 70
0
 10
328146.978041268
 20
2793110.32977209
 10
328154.91828573926
 20
2793071.5328983553
 10
328154.21742232016
 20
2792994.9474348975
  0
LWPOLYLINE
  5
2D5
330
17
100
AcDbEntity
  8
0
100
AcDbPolyline
 90
7
 70
0
 10
328086.2583178424
 20
2793099.602187116
 10
328087.72253569803
 20
2793099.860532667
 10
328146.978041268
 20
2793110.32977209
 10
328144.53357419604
 20
2793109.840154475
 10
328204.49270070076
 20
2793121.7740947227
 10
328224.7349539319
 20
2793125.804273614
 10
328266.52244758874
 20
2793134.1251310282
  0
LINE
  5
2D6
330
17
100
AcDbEntity
  8
0
100
AcDbLine
 10
328154.91828573926
 20
2793071.5328983553
 30
0.0
 11
328232.5679163276
 21
2793086.4770706194
 31
0.0
  0
LINE
  5
2D7
330
17
100
AcDbEntity
  8
0
100
AcDbLine
 10
328204.49270070076
 20
2793121.7740947227
 30
0.0
 11
328191.28582387324
 21
2793195.700188591
 31
0.0
  0
LWPOLYLINE
  5
2D8
330
17
100
AcDbEntity
  8
0
100
AcDbPolyline
 90
3
 70
0
 10
328144.53357419604
 20
2793109.840154475
 10
328128.63070583576
 20
2793183.2799097183
 10
328127.5364051183
 20
2793188.345454709
  0
LWPOLYLINE
  5
2D9
330
17
100
AcDbEntity
  8
0
100
AcDbPolyline
 90
10
 70
0
 10
327815.73378197546
 20
2793128.135019489
 10
327916.13086556003
 20
2793147.595773759
 10
328030.826370344
 20
2793171.1627143873
 10
328069.2837859275
 20
2793179.0710945902
 10
328127.5364051183
 20
2793188.345454709
 10
328133.8521804577
 20
2793189.8161485023
 10
328165.877632892
 20
2793202.980019697
 10
328227.59111200966
 20
2793208.69905904
 10
328185.3891578452
 20
2793205.014269104
 10
328250.6995535765
 20
2793213.9114669766
  0
LWPOLYLINE
  5
2DA
330
17
100
AcDbEntity
  8
0
100
AcDbPolyline
 90
3
 70
0
 10
328227.59111200966
 20
2793208.69905904
 10
328191.28582387324
 20
2793195.700188591
 10
328133.8521804577
 20
2793189.8161485023
  0
LWPOLYLINE
  5
2DB
330
17
100
AcDbEntity
  8
0
100
AcDbPolyline
 90
4
 70
0
 10
328250.6995535765
 20
2793213.9114669766
 10
328266.52244758874
 20
2793134.1251310282
 10
328249.1464796966
 20
2793221.730206393
 10
328247.8118821642
 20
2793228.5048256936
  0
LINE
  5
2DC
330
17
100
AcDbEntity
  8
0
100
AcDbLine
 10
328250.6995535765
 20
2793213.9114669766
 30
0.0
 11
328408.19731448195
 21
2793185.3582787816
 31
0.0
  0
LINE
  5
2DD
330
17
100
AcDbEntity
  8
0
100
AcDbLine
 10
328185.3891578452
 20
2793205.014269104
 30
0.0
 11
328188.47339408693
 21
2793220.97195063
 31
0.0
  0
LWPOLYLINE
  5
2DE
330
17
100
AcDbEntity
  8
0
100
AcDbPolyline
 90
5
 70
0
 10
328313.04871619336
 20
2792976.800907243
 10
328246.69725860696
 20
2793008.994330493
 10
328323.3267762024
 20
2792970.5331752314
 10
328371.91746306233
 20
2792940.8808041667
 10
328381.5556241742
 20
2792934.997895575
  0
LWPOLYLINE
  5
2DF
330
17
100
AcDbEntity
  8
0
100
AcDbPolyline
 90
3
 70
0
 10
328313.04871619336
 20
2792976.800907243
 10
328351.0043986723
 20
2793040.4284659424
 10
328388.1774133912
 20
2793102.747741591
  0
LINE
  5
2E0
330
17
100
AcDbEntity
  8
0
100
AcDbLine
 10
328323.3267762024
 20
2792970.5331752314
 30
0.0
 11
328282.51788928034
 21
2792902.023196501
 31
0.0
  0
LINE
  5
2E1
330
17
100
AcDbEntity
  8
0
100
AcDbLine
 10
328351.0043986723
 20
2793040.4284659424
 30
0.0
 11
328418.74301394477
 21
2793000.0312189413
 31
0.0
  0
LWPOLYLINE
  5
2E2
330
17
100
AcDbEntity
  8
0
100
AcDbPolyline
 90
6
 70
0
 10
328246.69725860696
 20
2793008.994330493
 10
328215.52660861216
 20
2792943.3643446555
 10
328200.127890237
 20
2792917.71456678
 10
328192.0373312145
 20
2792904.235501424
 10
328177.54430850164
 20
2792880.091948892
 10
328138.0435892891
 20
2792813.116669682
  0
LWPOLYLINE
  5
2E3
330
17
100
AcDbEntity
  8
0
100
AcDbPolyline
 90
3
 70
0
 10
328246.69725860696
 20
2793008.994330493
 10
328232.5679163276
 20
2793086.4770706194
 10
328224.7349539319
 20
2793125.804273614
  0
LINE
  5
2E4
330
17
100
AcDbEntity
  8
0
100
AcDbLine
 10
327977.6576386691
 20
2793411.9137767116
 30
0.0
 11
327993.15572468645
 21
2793401.0151609182
 31
0.0
  0
LINE
  5
2E5
330
17
100
AcDbEntity
  8
0
100
AcDbLine
 10
327988.4042535755
 20
2793430.6432245253
 30
0.0
 11
328004.43261342443
 21
2793425.0000071633
 31
0.0
  0
LWPOLYLINE
  5
2E6
330
17
100
AcDbEntity
  8
0
100
AcDbPolyline
 90
3
 70
0
 10
328005.41209631297
 20
2793462.4096092926
 10
328013.15815220354
 20
2793458.311887902
 10
328018.4192182771
 20
2793455.287117383
  0
LINE
  5
2E7
330
17
100
AcDbEntity
  8
0
100
AcDbLine
 10
328004.43261342443
 20
2793425.0000071633
 30
0.0
 11
328013.15815220354
 21
2793458.311887902
 31
0.0
  0
LWPOLYLINE
  5
2E8
330
17
100
AcDbEntity
  8
0
100
AcDbPolyline
 90
3
 70
0
 10
327915.74984194664
 20
2793622.8764489326
 10
327919.69966208603
 20
2793620.5330086173
 10
327982.91598372057
 20
2793582.9492646465
  0
LINE
  5
2E9
330
17
100
AcDbEntity
  8
0
100
AcDbLine
 10
327915.74984194664
 20
2793622.8764489326
 30
0.0
 11
327843.2193123974
 21
2793523.12102543
 31
0.0
  0
LWPOLYLINE
  5
2EA
330
17
100
AcDbEntity
  8
0
100
AcDbPolyline
 90
3
 70
0
 10
327919.69966208603
 20
2793620.5330086173
 10
327959.4277877582
 20
2793687.23886226
 10
327990.8546503259
 20
2793742.13027814
  0
LINE
  5
2EB
330
17
100
AcDbEntity
  8
0
100
AcDbLine
 10
327843.2193123974
 20
2793523.12102543
 30
0.0
 11
327909.0709762836
 21
2793456.666922422
 31
0.0
  0
LWPOLYLINE
  5
2EC
330
17
100
AcDbEntity
  8
0
100
AcDbPolyline
 90
3
 70
0
 10
328238.2404534664
 20
2792843.6606258657
 10
328177.54430850164
 20
2792880.091948892
 10
328109.9604664404
 20
2792920.7764696237
  0
LWPOLYLINE
  5
2ED
330
17
100
AcDbEntity
  8
0
100
AcDbPolyline
 90
5
 70
0
 10
328275.21946332953
 20
2792906.49170776
 10
328260.7408394247
 20
2792881.8826117334
 10
328238.2404534664
 20
2792843.6606258657
 10
328239.1466506063
 20
2792845.2000612537
 10
328198.89205050457
 20
2792776.760799187
  0
LWPOLYLINE
  5
2EE
330
17
100
AcDbEntity
  8
0
100
AcDbPolyline
 90
9
 70
0
 10
327996.15319312277
 20
2792903.8221755144
 10
328002.93790908647
 20
2792899.3711170247
 10
328033.96645101527
 20
2792877.6401198143
 10
328070.54479932686
 20
2792854.9634945365
 10
328127.5168663765
 20
2792819.642495283
 10
328138.0435892891
 20
2792813.116669682
 10
328198.89205050457
 20
2792776.760799187
 10
328184.8024141432
 20
2792785.1818725527
 10
328242.6911392091
 20
2792750.59199673
  0
LINE
  5
2EF
330
17
100
AcDbEntity
  8
0
100
AcDbLine
 10
328239.1466506063
 20
2792845.2000612537
 30
0.0
 11
328303.7171393662
 21
2792804.399391414
 31
0.0
  0
LWPOLYLINE
  5
2F0
330
17
100
AcDbEntity
  8
0
100
AcDbPolyline
 90
3
 70
0
 10
327878.46956798027
 20
2793350.329170318
 10
327947.2894935366
 20
2793371.3994354373
 10
327844.110084074
 20
2793346.9334064894
  0
LWPOLYLINE
  5
2F1
330
17
100
AcDbEntity
  8
0
100
AcDbPolyline
 90
5
 70
0
 10
327878.46956798027
 20
2793350.329170318
 10
327880.2135926574
 20
2793341.6992343515
 10
327881.09363583976
 20
2793337.2235308085
 10
327914.35353361495
 20
2793156.7800318664
 10
327916.13086556003
 20
2793147.595773759
  0
LINE
  5
2F2
330
17
100
AcDbEntity
  8
0
100
AcDbLine
 10
327844.110084074
 20
2793346.9334064894
 30
0.0
 11
327847.42615012074
 21
2793331.204500669
 31
0.0
  0
LINE
  5
2F3
330
17
100
AcDbEntity
  8
0
100
AcDbLine
 10
327844.110084074
 20
2793346.9334064894
 30
0.0
 11
327835.09029740037
 21
2793351.490563129
 31
0.0
  0
LINE
  5
2F4
330
17
100
AcDbEntity
  8
0
100
AcDbLine
 10
327847.42615012074
 20
2793331.204500669
 30
0.0
 11
327840.2817711826
 21
2793323.2083644206
 31
0.0
  0
LINE
  5
2F5
330
17
100
AcDbEntity
  8
0
100
AcDbLine
 10
327835.09029740037
 20
2793351.490563129
 30
0.0
 11
327813.62071282393
 21
2793393.495364032
 31
0.0
  0
LINE
  5
2F6
330
17
100
AcDbEntity
  8
0
100
AcDbLine
 10
327835.09029740037
 20
2793351.490563129
 30
0.0
 11
327820.44798731396
 21
2793344.1327090086
 31
0.0
  0
LINE
  5
2F7
330
17
100
AcDbEntity
  8
0
100
AcDbLine
 10
328165.877632892
 20
2793202.980019697
 30
0.0
 11
328159.58336859907
 21
2793218.270290931
 31
0.0
  0
LWPOLYLINE
  5
2F8
330
17
100
AcDbEntity
  8
0
100
AcDbPolyline
 90
7
 70
0
 10
328159.58336859907
 20
2793218.270290931
 10
328097.7057619178
 20
2793192.5021765996
 10
328080.62648385856
 20
2793189.207461922
 10
327998.46981274034
 20
2793173.1804466075
 10
327955.3915080634
 20
2793164.777126696
 10
327941.22057209536
 20
2793162.0105792363
 10
327914.35353361495
 20
2793156.7800318664
  0
LINE
  5
2F9
330
17
100
AcDbEntity
  8
0
100
AcDbLine
 10
328164.2725728023
 20
2793226.530416203
 30
0.0
 11
328182.3088043715
 21
2793228.2288997164
 31
0.0
  0
LINE
  5
2FA
330
17
100
AcDbEntity
  8
0
100
AcDbLine
 10
328164.2725728023
 20
2793226.530416203
 30
0.0
 11
328161.4254210626
 21
2793264.132620097
 31
0.0
  0
LWPOLYLINE
  5
2FB
330
17
100
AcDbEntity
  8
0
100
AcDbPolyline
 90
3
 70
0
 10
328097.7057619178
 20
2793192.5021765996
 10
328091.5865662632
 20
2793200.1574061266
 10
328087.79075997404
 20
2793205.91090078
  0
LWPOLYLINE
  5
2FC
330
17
100
AcDbEntity
  8
0
100
AcDbPolyline
 90
3
 70
0
 10
327813.62071282393
 20
2793393.495364032
 10
327811.34521034796
 20
2793406.2753181653
 10
327805.4324405969
 20
2793430.124369865
  0
LINE
  5
2FD
330
17
100
AcDbEntity
  8
0
100
AcDbLine
 10
327811.34521034796
 20
2793406.2753181653
 30
0.0
 11
327825.35240527213
 21
2793420.7312785946
 31
0.0
  0
LWPOLYLINE
  5
2FE
330
17
100
AcDbEntity
  8
0
100
AcDbPolyline
 90
5
 70
0
 10
328275.21946332953
 20
2792906.49170776
 10
328215.52660861216
 20
2792943.3643446555
 10
328282.51788928034
 20
2792902.023196501
 10
328331.8381093774
 20
2792871.885075005
 10
328340.77633058454
 20
2792866.420913313
  0
LINE
  5
2FF
330
17
100
AcDbEntity
  8
0
100
AcDbLine
 10
328260.7408394247
 20
2792881.8826117334
 30
0.0
 11
328242.1832009551
 21
2792892.3211852815
 31
0.0
  0
LWPOLYLINE
  5
300
330
17
100
AcDbEntity
  8
0
100
AcDbPolyline
 90
4
 70
0
 10
328318.2487879328
 20
2792676.772029656
 10
328257.8195640058
 20
2792660.4897186183
 10
328283.80401071545
 20
2792666.773550742
 10
328253.7051114617
 20
2792660.209603378
  0
LINE
  5
301
330
17
100
AcDbEntity
  8
0
100
AcDbLine
 10
328253.7051114617
 20
2792660.209603378
 30
0.0
 11
328235.0152288869
 21
2792664.224517171
 31
0.0
  0
LINE
  5
302
330
17
100
AcDbEntity
  8
0
100
AcDbLine
 10
328283.80401071545
 20
2792666.773550742
 30
0.0
 11
328297.8365269675
 21
2792628.431258711
 31
0.0
  0
LWPOLYLINE
  5
303
330
17
100
AcDbEntity
  8
0
100
AcDbPolyline
 90
3
 70
0
 10
328259.7532009976
 20
2792666.768637386
 10
328285.31185950455
 20
2792679.9927938855
 10
328259.77040351025
 20
2792668.9175790013
  0
LINE
  5
304
330
17
100
AcDbEntity
  8
0
100
AcDbLine
 10
328266.52244758874
 20
2793134.1251310282
 30
0.0
 11
328367.77073975385
 21
2793115.1372156097
 31
0.0
  0
LWPOLYLINE
  5
305
330
17
100
AcDbEntity
  8
0
100
AcDbPolyline
 90
16
 70
0
 10
328500.7123408624
 20
2793141.1242743167
 10
328494.58284498536
 20
2793131.298133284
 10
328486.31414468645
 20
2793117.2451133262
 10
328455.0767244998
 20
2793062.12866583
 10
328447.7546820624
 20
2793049.6367557165
 10
328418.74301394477
 20
2793000.0312189413
 10
328411.96648309124
 20
2792988.4518910125
 10
328381.5556241742
 20
2792934.997895575
 10
328379.06192271825
 20
2792927.452082807
 10
328375.2197401191
 20
2792915.270558617
 10
328365.13731547643
 20
2792898.0501038055
 10
328357.2423977209
 20
2792884.8897347725
 10
328340.77633058454
 20
2792866.420913313
 10
328313.0169335153
 20
2792820.2782073566
 10
328303.7171393662
 20
2792804.399391414
 10
328294.3866807424
 20
2792788.487735412
  0
LWPOLYLINE
  5
306
330
17
100
AcDbEntity
  8
0
100
AcDbPolyline
 90
9
 70
0
 10
328337.06956606056
 20
2793241.2526824153
 10
328380.0229769451
 20
2793223.1820004308
 10
328435.64459436474
 20
2793199.82159923
 10
328500.7123408624
 20
2793141.1242743167
 10
328510.9150624331
 20
2793137.660404388
 10
328437.15373241005
 20
2793178.9977082945
 10
328415.5099011046
 20
2793191.5468237903
 10
328375.6999792557
 20
2793215.980665127
 10
328337.3856403415
 20
2793234.4023756892
  0
LWPOLYLINE
  5
307
330
17
100
AcDbEntity
  8
0
100
AcDbPolyline
 90
4
 70
0
 10
328494.58284498536
 20
2793131.298133284
 10
328476.6513971138
 20
2793145.0186680304
 10
328501.1196671154
 20
2793123.9812320317
 10
328505.0716214455
 20
2793120.1977963746
  0
LWPOLYLINE
  5
308
330
17
100
AcDbEntity
  8
0
100
AcDbPolyline
 90
3
 70
0
 10
328510.9150624331
 20
2793137.660404388
 10
328506.4664912787
 20
2793130.881592268
 10
328501.1196671154
 20
2793123.9812320317
  0
LINE
  5
309
330
17
100
AcDbEntity
  8
0
100
AcDbLine
 10
328510.9150624331
 20
2793137.660404388
 30
0.0
 11
328559.34555490443
 21
2793114.4692687285
 31
0.0
  0
LWPOLYLINE
  5
30A
330
17
100
AcDbEntity
  8
0
100
AcDbPolyline
 90
5
 70
0
 10
328088.0104373326
 20
2793354.7875386435
 10
328057.97113000264
 20
2793372.617484108
 10
328040.2336718002
 20
2793383.3118484877
 10
328050.2121862959
 20
2793377.291403526
 10
328000.33852040675
 20
2793403.3277798546
  0
LWPOLYLINE
  5
30B
330
17
100
AcDbEntity
  8
0
100
AcDbPolyline
 90
3
 70
0
 10
328040.2336718002
 20
2793383.3118484877
 10
328044.8426714608
 20
2793390.8085614513
 10
328047.5830735576
 20
2793395.55948985
  0
LINE
  5
30C
330
17
100
AcDbEntity
  8
0
100
AcDbLine
 10
328040.2336718002
 20
2793383.3118484877
 30
0.0
 11
328045.40107522614
 21
2793370.539495404
 31
0.0
  0
LINE
  5
30D
330
17
100
AcDbEntity
  8
0
100
AcDbLine
 10
328000.33852040675
 20
2793403.3277798546
 30
0.0
 11
328007.21906302474
 21
2793418.317671648
 31
0.0
  0
LWPOLYLINE
  5
30E
330
17
100
AcDbEntity
  8
0
100
AcDbPolyline
 90
5
 70
0
 10
328007.21906302474
 20
2793418.317671648
 10
328044.8426714608
 20
2793390.8085614513
 10
328052.12441049644
 20
2793386.63922232
 10
328072.2676408548
 20
2793374.1860993113
 10
328147.21143733413
 20
2793326.1625693664
  0
LWPOLYLINE
  5
30F
330
17
100
AcDbEntity
  8
0
100
AcDbPolyline
 90
4
 70
0
 10
327993.15572468645
 20
2793401.0151609182
 10
327960.27589734667
 20
2793371.3561075507
 10
327952.3902484622
 20
2793363.690613519
 10
327933.71095219237
 20
2793341.5281641465
  0
LINE
  5
310
330
17
100
AcDbEntity
  8
0
100
AcDbLine
 10
328364.1447906594
 20
2793388.3703174302
 30
0.0
 11
328315.96652925294
 21
2793509.1132586137
 31
0.0
  0
LWPOLYLINE
  5
311
330
17
100
AcDbEntity
  8
0
100
AcDbPolyline
 90
5
 70
0
 10
328431.78134140547
 20
2793348.8051546155
 10
328391.24180515495
 20
2793302.990636836
 10
328474.33361192804
 20
2793419.0880252765
 10
328475.9104001826
 20
2793421.870798879
 10
328495.48259410553
 20
2793456.5298283733
  0
LINE
  5
312
330
17
100
AcDbEntity
  8
0
100
AcDbLine
 10
328273.9766537392
 20
2793441.116877066
 30
0.0
 11
328315.96652925294
 21
2793509.1132586137
 31
0.0
  0
LWPOLYLINE
  5
313
330
17
100
AcDbEntity
  8
0
100
AcDbPolyline
 90
3
 70
0
 10
328013.15815220354
 20
2793458.311887902
 10
328118.2197730172
 20
2793635.7335882424
 10
328146.9062665066
 20
2793666.8864127565
  0
LWPOLYLINE
  5
314
330
17
100
AcDbEntity
  8
0
100
AcDbPolyline
 90
5
 70
0
 10
328146.9062665066
 20
2793666.8864127565
 10
328159.9570989094
 20
2793662.4222503128
 10
328220.727911333
 20
2793630.57597305
 10
328230.86570626526
 20
2793625.2072404292
 10
328497.3721142631
 20
2793474.4413804375
  0
LINE
  5
315
330
17
100
AcDbEntity
  8
0
100
AcDbLine
 10
328159.9570989094
 20
2793662.4222503128
 30
0.0
 11
328121.7487902767
 21
2793633.5728077632
 31
0.0
  0
LINE
  5
316
330
17
100
AcDbEntity
  8
0
100
AcDbLine
 10
328531.6983661295
 20
2793223.330037273
 30
0.0
 11
328596.17014340055
 21
2793346.565851408
 31
0.0
  0
LWPOLYLINE
  5
317
330
17
100
AcDbEntity
  8
0
100
AcDbPolyline
 90
3
 70
0
 10
328531.6983661295
 20
2793223.330037273
 10
328471.3637362552
 20
2793257.1964920154
 10
328601.60219600756
 20
2793168.582197481
  0
LWPOLYLINE
  5
318
330
17
100
AcDbEntity
  8
0
100
AcDbPolyline
 90
3
 70
0
 10
328596.17014340055
 20
2793346.565851408
 10
328542.06729808566
 20
2793377.638908087
 10
328474.33361192804
 20
2793419.0880252765
  0
LWPOLYLINE
  5
319
330
17
100
AcDbEntity
  8
0
100
AcDbPolyline
 90
3
 70
0
 10
328596.17014340055
 20
2793346.565851408
 10
328700.9667659298
 20
2793360.4484978216
 10
328713.5354500538
 20
2793363.225027977
  0
LWPOLYLINE
  5
31A
330
17
100
AcDbEntity
  8
0
100
AcDbPolyline
 90
5
 70
0
 10
328542.06729808566
 20
2793377.638908087
 10
328471.3637362552
 20
2793257.1964920154
 10
328467.74336518906
 20
2793251.370988636
 10
328450.0844667401
 20
2793223.0133356857
 10
328435.64459436474
 20
2793199.82159923
  0
LWPOLYLINE
  5
31B
330
17
100
AcDbEntity
  8
0
100
AcDbPolyline
 90
4
 70
0
 10
328700.9667659298
 20
2793360.4484978216
 10
328630.5606339986
 20
2793217.2470979327
 10
328601.60219600756
 20
2793168.582197481
 10
328559.34555490443
 20
2793114.4692687285
  0
LINE
  5
31C
330
17
100
AcDbEntity
  8
0
100
AcDbLine
 10
328700.9667659298
 20
2793360.4484978216
 30
0.0
 11
328686.10939020757
 21
2793389.3622623873
 31
0.0
  0
LINE
  5
31D
330
17
100
AcDbEntity
  8
0
100
AcDbLine
 10
328183.3306198237
 20
2792696.2651790082
 30
0.0
 11
328161.8850733293
 21
2792693.5353670153
 31
0.0
  0
LWPOLYLINE
  5
31E
330
17
100
AcDbEntity
  8
0
100
AcDbPolyline
 90
9
 70
0
 10
328235.0152288869
 20
2792664.224517171
 10
328183.3306198237
 20
2792696.2651790082
 10
328203.152103719
 20
2792683.772115456
 10
328147.1741164916
 20
2792719.678329604
 10
328089.052860978
 20
2792753.4074786436
 10
328031.1628686414
 20
2792788.6627450516
 10
327977.9376171095
 20
2792842.8912501205
 10
327973.44778052357
 20
2792845.573866172
 10
327966.447970018
 20
2792849.750719053
  0
LINE
  5
31F
330
17
100
AcDbEntity
  8
0
100
AcDbLine
 10
328147.1741164916
 20
2792719.678329604
 30
0.0
 11
328184.8024141432
 21
2792785.1818725527
 31
0.0
  0
LINE
  5
320
330
17
100
AcDbEntity
  8
0
100
AcDbLine
 10
328203.152103719
 20
2792683.772115456
 30
0.0
 11
328242.6911392091
 21
2792750.59199673
 31
0.0
  0
LWPOLYLINE
  5
321
330
17
100
AcDbEntity
  8
0
100
AcDbPolyline
 90
7
 70
0
 10
328070.54479932686
 20
2792854.9634945365
 10
328031.1628686414
 20
2792788.6627450516
 10
328090.84502005274
 20
2792888.8927112804
 10
328109.9604664404
 20
2792920.7764696237
 10
328122.5405687877
 20
2792941.853455205
 10
328132.1971701417
 20
2792958.04889121
 10
328154.21742232016
 20
2792994.9474348975
  0
LINE
  5
322
330
17
100
AcDbEntity
  8
0
100
AcDbLine
 10
328127.5168663765
 20
2792819.642495283
 30
0.0
 11
328089.052860978
 21
2792753.4074786436
 31
0.0
  0
LWPOLYLINE
  5
323
330
17
100
AcDbEntity
  8
0
100
AcDbPolyline
 90
3
 70
0
 10
328033.96645101527
 20
2792877.6401198143
 10
328000.03284183267
 20
2792894.3564102463
 10
327992.98923399195
 20
2792898.256853646
  0
LINE
  5
324
330
17
100
AcDbEntity
  8
0
100
AcDbLine
 10
328090.84502005274
 20
2792888.8927112804
 30
0.0
 11
328020.87090346275
 21
2792930.1619812865
 31
0.0
  0
LINE
  5
325
330
17
100
AcDbEntity
  8
0
100
AcDbLine
 10
327824.5190178739
 20
2793324.3949628593
 30
0.0
 11
327840.2817711826
 21
2793323.2083644206
 31
0.0
  0
LINE
  5
326
330
17
100
AcDbEntity
  8
0
100
AcDbLine
 10
327840.2817711826
 20
2793323.2083644206
 30
0.0
 11
327853.7173725036
 21
2793200.124997946
 31
0.0
  0
LWPOLYLINE
  5
327
330
17
100
AcDbEntity
  8
0
100
AcDbPolyline
 90
4
 70
0
 10
327826.23826069327
 20
2793290.0750384484
 10
327836.72282378696
 20
2793239.114907949
 10
327841.9867361077
 20
2793214.144169859
 10
327845.40611977817
 20
2793198.6133605335
  0
LWPOLYLINE
  5
328
330
17
100
AcDbEntity
  8
0
100
AcDbPolyline
 90
3
 70
0
 10
327909.0709762836
 20
2793456.666922422
 10
327982.91598372057
 20
2793582.9492646465
 10
328022.602949908
 20
2793650.398047329
  0
LINE
  5
329
330
17
100
AcDbEntity
  8
0
100
AcDbLine
 10
327909.0709762836
 20
2793456.666922422
 30
0.0
 11
327882.3914103828
 21
2793432.0805161987
 31
0.0
  0
LWPOLYLINE
  5
32A
330
17
100
AcDbEntity
  8
0
100
AcDbPolyline
 90
4
 70
0
 10
327896.59495165164
 20
2793723.244777742
 10
328022.602949908
 20
2793650.398047329
 10
327959.4277877582
 20
2793687.23886226
 10
328075.38899535156
 20
2793618.9406705517
  0
LINE
  5
32B
330
17
100
AcDbEntity
  8
0
100
AcDbLine
 10
328075.38899535156
 20
2793618.9406705517
 30
0.0
 11
328086.5945687026
 21
2793600.0872009657
 31
0.0
  0
LINE
  5
32C
330
17
100
AcDbEntity
  8
0
100
AcDbLine
 10
328075.38899535156
 20
2793618.9406705517
 30
0.0
 11
328096.335621641
 21
2793616.613866786
 31
0.0
  0
LINE
  5
32D
330
17
100
AcDbEntity
  8
0
100
AcDbLine
 10
328486.31414468645
 20
2793117.2451133262
 30
0.0
 11
328476.6513971138
 21
2793145.0186680304
 31
0.0
  0
LINE
  5
32E
330
17
100
AcDbEntity
  8
0
100
AcDbLine
 10
328486.31414468645
 20
2793117.2451133262
 30
0.0
 11
328505.0716214455
 21
2793120.1977963746
 31
0.0
  0
LWPOLYLINE
  5
32F
330
17
100
AcDbEntity
  8
0
100
AcDbPolyline
 90
3
 70
0
 10
328476.6513971138
 20
2793145.0186680304
 10
328461.85347842705
 20
2793153.182577829
 10
328408.19731448195
 20
2793185.3582787816
  0
LINE
  5
330
330
17
100
AcDbEntity
  8
0
100
AcDbLine
 10
328030.826370344
 20
2793171.1627143873
 30
0.0
 11
328052.0950098734
 21
2793141.801079765
 31
0.0
  0
LINE
  5
331
330
17
100
AcDbEntity
  8
0
100
AcDbLine
 10
328069.2837859275
 20
2793179.0710945902
 30
0.0
 11
328062.34305185935
 21
2793141.1169065298
 31
0.0
  0
LWPOLYLINE
  5
332
330
17
100
AcDbEntity
  8
0
100
AcDbPolyline
 90
3
 70
0
 10
328052.0950098734
 20
2793141.801079765
 10
328062.34305185935
 20
2793141.1169065298
 10
328065.07810758345
 20
2793141.4809557907
  0
LINE
  5
333
330
17
100
AcDbEntity
  8
0
100
AcDbLine
 10
327853.7173725036
 20
2793200.124997946
 30
0.0
 11
327914.35353361495
 21
2793156.7800318664
 31
0.0
  0
LINE
  5
334
330
17
100
AcDbEntity
  8
0
100
AcDbLine
 10
327960.27589734667
 20
2793371.3561075507
 30
0.0
 11
327980.0367054966
 21
2793357.3567637103
 31
0.0
  0
LINE
  5
335
330
17
100
AcDbEntity
  8
0
100
AcDbLine
 10
328528.0227108471
 20
2793472.224859635
 30
0.0
 11
328495.48259410553
 21
2793456.5298283733
 31
0.0
  0
LINE
  5
336
330
17
100
AcDbEntity
  8
0
100
AcDbLine
 10
328491.0676436781
 20
2793491.3268675962
 30
0.0
 11
328497.3721142631
 21
2793474.4413804375
 31
0.0
  0
LINE
  5
337
330
17
100
AcDbEntity
  8
0
100
AcDbLine
 10
328495.48259410553
 20
2793456.5298283733
 30
0.0
 11
328497.3721142631
 21
2793474.4413804375
 31
0.0
  0
LWPOLYLINE
  5
338
330
17
100
AcDbEntity
  8
0
100
AcDbPolyline
 90
3
 70
0
 10
328249.1464796966
 20
2793221.730206393
 10
328337.3856403415
 20
2793234.4023756892
 10
328188.47339408693
 20
2793220.97195063
  0
LWPOLYLINE
  5
339
330
17
100
AcDbEntity
  8
0
100
AcDbPolyline
 90
5
 70
0
 10
328182.3088043715
 20
2793228.2288997164
 10
328169.62352368195
 20
2793265.4686331428
 10
328167.4039037773
 20
2793276.331269027
 10
328162.09538925346
 20
2793297.8349452387
 10
328147.21143733413
 20
2793326.1625693664
  0
LWPOLYLINE
  5
33A
330
17
100
AcDbEntity
  8
0
100
AcDbPolyline
 90
3
 70
0
 10
327952.3902484622
 20
2793363.690613519
 10
327947.2894935366
 20
2793371.3994354373
 10
327882.3914103828
 20
2793432.0805161987
  0
LINE
  5
33B
330
17
100
AcDbEntity
  8
0
100
AcDbLine
 10
327980.0367054966
 20
2793357.3567637103
 30
0.0
 11
327985.744397787
 21
2793367.2656052522
 31
0.0
  0
LINE
  5
33C
330
17
100
AcDbEntity
  8
0
100
AcDbLine
 10
327980.0367054966
 20
2793357.3567637103
 30
0.0
 11
327997.6567730004
 21
2793310.4935920527
 31
0.0
  0
LINE
  5
33D
330
17
100
AcDbEntity
  8
0
100
AcDbLine
 10
328375.2197401191
 20
2792915.270558617
 30
0.0
 11
328370.92234184616
 21
2792881.5035135006
 31
0.0
  0
LINE
  5
33E
330
17
100
AcDbEntity
  8
0
100
AcDbLine
 10
328370.92234184616
 20
2792881.5035135006
 30
0.0
 11
328357.2423977209
 21
2792884.8897347725
 31
0.0
  0
LINE
  5
33F
330
17
100
AcDbEntity
  8
0
100
AcDbLine
 10
328370.92234184616
 20
2792881.5035135006
 30
0.0
 11
328419.6964261196
 21
2792840.0618817164
 31
0.0
  0
LWPOLYLINE
  5
340
330
17
100
AcDbEntity
  8
0
100
AcDbPolyline
 90
11
 70
0
 10
328573.81904350367
 20
2793114.8840589826
 10
328559.5111272477
 20
2793092.554622588
 10
328549.06861586554
 20
2793074.71824072
 10
328513.0574256062
 20
2793008.617278024
 10
328419.6964261196
 20
2792840.0618817164
 10
328497.6657080185
 20
2792981.08383263
 10
328408.18692056794
 20
2792823.922997251
 10
328380.6795806865
 20
2792778.5745941964
 10
328361.30096113554
 20
2792748.145065316
 10
328329.612751144
 20
2792690.9518667576
 10
328318.2487879328
 20
2792676.772029656
  0
LINE
  5
341
330
17
100
AcDbEntity
  8
0
100
AcDbLine
 10
328331.8381093774
 20
2792871.885075005
 30
0.0
 11
328358.2107104137
 21
2792901.6497558304
 31
0.0
  0
LINE
  5
342
330
17
100
AcDbEntity
  8
0
100
AcDbLine
 10
328313.0169335153
 20
2792820.2782073566
 30
0.0
 11
328380.6795806865
 21
2792778.5745941964
 31
0.0
  0
LWPOLYLINE
  5
343
330
17
100
AcDbEntity
  8
0
100
AcDbPolyline
 90
4
 70
0
 10
328467.74336518906
 20
2793251.370988636
 10
328391.24180515495
 20
2793302.990636836
 10
328384.11248752824
 20
2793305.684455389
 10
328371.526593243
 20
2793312.6793666887
  0
LINE
  5
344
330
17
100
AcDbEntity
  8
0
100
AcDbLine
 10
328450.0844667401
 20
2793223.0133356857
 30
0.0
 11
328409.4268537782
 21
2793247.3359724795
 31
0.0
  0
LINE
  5
345
330
17
100
AcDbEntity
  8
0
100
AcDbLine
 10
328263.53773952625
 20
2793690.962154371
 30
0.0
 11
328232.4008205817
 21
2793665.9553710255
 31
0.0
  0
LINE
  5
346
330
17
100
AcDbEntity
  8
0
100
AcDbLine
 10
328232.4008205817
 20
2793665.9553710255
 30
0.0
 11
328232.60074984503
 21
2793653.933028201
 31
0.0
  0
LWPOLYLINE
  5
347
330
17
100
AcDbEntity
  8
0
100
AcDbPolyline
 90
3
 70
0
 10
328232.4008205817
 20
2793665.9553710255
 10
328172.25157019973
 20
2793689.618024276
 10
328166.2293584661
 20
2793692.995834119
  0
LWPOLYLINE
  5
348
330
17
100
AcDbEntity
  8
0
100
AcDbPolyline
 90
4
 70
0
 10
328169.62352368195
 20
2793265.4686331428
 10
328175.68122540234
 20
2793266.4551832722
 10
328161.4254210626
 20
2793264.132620097
 10
328154.2874430168
 20
2793262.971472021
  0
LWPOLYLINE
  5
349
330
17
100
AcDbEntity
  8
0
100
AcDbPolyline
 90
4
 70
0
 10
328388.1774133912
 20
2793102.747741591
 10
328367.77073975385
 20
2793115.1372156097
 10
328420.9621716046
 20
2793082.8454052783
 10
328455.0767244998
 20
2793062.12866583
  0
LINE
  5
34A
330
17
100
AcDbEntity
  8
0
100
AcDbLine
 10
328420.9621716046
 20
2793082.8454052783
 30
0.0
 11
328461.85347842705
 21
2793153.182577829
 31
0.0
  0
LINE
  5
34B
330
17
100
AcDbEntity
  8
0
100
AcDbLine
 10
328367.77073975385
 20
2793115.1372156097
 30
0.0
 11
328408.19731448195
 21
2793185.3582787816
 31
0.0
  0
LINE
  5
34C
330
17
100
AcDbEntity
  8
0
100
AcDbLine
 10
328573.81904350367
 20
2793114.8840589826
 30
0.0
 11
328559.34555490443
 21
2793114.4692687285
 31
0.0
  0
LWPOLYLINE
  5
34D
330
17
100
AcDbEntity
  8
0
100
AcDbPolyline
 90
4
 70
0
 10
328062.34305185935
 20
2793141.1169065298
 10
328067.1436883537
 20
2793108.1980594574
 10
328070.7467727697
 20
2793088.8651849725
 10
328078.9767335041
 20
2793041.168808719
  0
LINE
  5
34E
330
17
100
AcDbEntity
  8
0
100
AcDbLine
 10
328140.87623297866
 20
2793694.226404881
 30
0.0
 11
328131.09700594423
 21
2793712.7404380557
 31
0.0
  0
LINE
  5
34F
330
17
100
AcDbEntity
  8
0
100
AcDbLine
 10
328447.7546820624
 20
2793049.6367557165
 30
0.0
 11
328513.0574256062
 21
2793008.617278024
 31
0.0
  0
LINE
  5
350
330
17
100
AcDbEntity
  8
0
100
AcDbLine
 10
327836.72282378696
 20
2793239.114907949
 30
0.0
 11
327821.99124829343
 21
2793220.004234857
 31
0.0
  0
LINE
  5
351
330
17
100
AcDbEntity
  8
0
100
AcDbLine
 10
328122.5405687877
 20
2792941.853455205
 30
0.0
 11
328051.7541903092
 21
2792983.409855191
 31
0.0
  0
LINE
  5
352
330
17
100
AcDbEntity
  8
0
100
AcDbLine
 10
328379.06192271825
 20
2792927.452082807
 30
0.0
 11
328403.7806487122
 21
2792911.839604733
 31
0.0
  0
LINE
  5
353
330
17
100
AcDbEntity
  8
0
100
AcDbLine
 10
327825.35240527213
 20
2793420.7312785946
 30
0.0
 11
327882.3914103828
 21
2793432.0805161987
 31
0.0
  0
LINE
  5
354
330
17
100
AcDbEntity
  8
0
100
AcDbLine
 10
327825.35240527213
 20
2793420.7312785946
 30
0.0
 11
327805.4324405969
 21
2793430.124369865
 31
0.0
  0
LINE
  5
355
330
17
100
AcDbEntity
  8
0
100
AcDbLine
 10
327990.52420169895
 20
2793788.2307686056
 30
0.0
 11
328016.3343213834
 21
2793833.2454694184
 31
0.0
  0
LINE
  5
356
330
17
100
AcDbEntity
  8
0
100
AcDbLine
 10
328408.18692056794
 20
2792823.922997251
 30
0.0
 11
328408.6221296798
 21
2792808.9841474197
 31
0.0
  0
LINE
  5
357
330
17
100
AcDbEntity
  8
0
100
AcDbLine
 10
328216.2739684494
 20
2793475.837425795
 30
0.0
 11
328206.1402725141
 21
2793395.8710555304
 31
0.0
  0
LINE
  5
358
330
17
100
AcDbEntity
  8
0
100
AcDbLine
 10
327792.81777564855
 20
2793437.9953917395
 30
0.0
 11
327782.9637093646
 21
2793430.831416153
 31
0.0
  0
LINE
  5
359
330
17
100
AcDbEntity
  8
0
100
AcDbLine
 10
328371.91746306233
 20
2792940.8808041667
 30
0.0
 11
328358.2107104137
 21
2792901.6497558304
 31
0.0
  0
LINE
  5
35A
330
17
100
AcDbEntity
  8
0
100
AcDbLine
 10
328411.96648309124
 20
2792988.4518910125
 30
0.0
 11
328442.74778610887
 21
2792970.236765035
 31
0.0
  0
LWPOLYLINE
  5
35B
330
17
100
AcDbEntity
  8
0
100
AcDbPolyline
 90
4
 70
0
 10
328245.2321095057
 20
2793305.4310469944
 10
328237.1263186708
 20
2793344.6841775896
 10
328235.55954303953
 20
2793352.215063437
 10
328229.103709019
 20
2793369.855925528
  0
LWPOLYLINE
  5
35C
330
17
100
AcDbEntity
  8
0
100
AcDbPolyline
 90
4
 70
0
 10
328245.2321095057
 20
2793305.4310469944
 10
328371.526593243
 20
2793312.6793666887
 10
328229.2774689514
 20
2793301.822765909
 10
328184.49509362783
 20
2793291.6789682116
  0
LWPOLYLINE
  5
35D
330
17
100
AcDbEntity
  8
0
100
AcDbPolyline
 90
3
 70
0
 10
328237.1263186708
 20
2793344.6841775896
 10
328231.3986952846
 20
2793343.5050821984
 10
328147.21143733413
 20
2793326.1625693664
  0
LWPOLYLINE
  5
35E
330
17
100
AcDbEntity
  8
0
100
AcDbPolyline
 90
3
 70
0
 10
328229.2774689514
 20
2793301.822765909
 10
328230.3460207458
 20
2793296.3144312156
 10
328231.3986952846
 20
2793343.5050821984
  0
LINE
  5
35F
330
17
100
AcDbEntity
  8
0
100
AcDbLine
 10
328371.526593243
 20
2793312.6793666887
 30
0.0
 11
328337.06956606056
 21
2793241.2526824153
 31
0.0
  0
LINE
  5
360
330
17
100
AcDbEntity
  8
0
100
AcDbLine
 10
328549.06861586554
 20
2793074.71824072
 30
0.0
 11
328542.6592880236
 21
2793096.8671204215
 31
0.0
  0
LINE
  5
361
330
17
100
AcDbEntity
  8
0
100
AcDbLine
 10
328542.6592880236
 20
2793096.8671204215
 30
0.0
 11
328505.0716214455
 21
2793120.1977963746
 31
0.0
  0
LINE
  5
362
330
17
100
AcDbEntity
  8
0
100
AcDbLine
 10
328542.6592880236
 20
2793096.8671204215
 30
0.0
 11
328559.5111272477
 21
2793092.554622588
 31
0.0
  0
LINE
  5
363
330
17
100
AcDbEntity
  8
0
100
AcDbLine
 10
328161.4254210626
 20
2793264.132620097
 30
0.0
 11
328088.0104373326
 21
2793354.7875386435
 31
0.0
  0
LINE
  5
364
330
17
100
AcDbEntity
  8
0
100
AcDbLine
 10
327792.09758132644
 20
2793837.184796325
 30
0.0
 11
327791.6465687951
 21
2793848.4459785293
 31
0.0
  0
LINE
  5
365
330
17
100
AcDbEntity
  8
0
100
AcDbLine
 10
328192.0373312145
 20
2792904.235501424
 30
0.0
 11
328213.2297188835
 21
2792896.577247934
 31
0.0
  0
LINE
  5
366
330
17
100
AcDbEntity
  8
0
100
AcDbLine
 10
328200.127890237
 20
2792917.71456678
 30
0.0
 11
328132.1971701417
 21
2792958.04889121
 31
0.0
  0
LINE
  5
367
330
17
100
AcDbEntity
  8
0
100
AcDbLine
 10
328242.6911392091
 20
2792750.59199673
 30
0.0
 11
328294.3866807424
 21
2792788.487735412
 31
0.0
  0
LINE
  5
368
330
17
100
AcDbEntity
  8
0
100
AcDbLine
 10
328073.2434369513
 20
2793399.431912259
 30
0.0
 11
328047.5830735576
 21
2793395.55948985
 31
0.0
  0
LINE
  5
369
330
17
100
AcDbEntity
  8
0
100
AcDbLine
 10
327929.84156247356
 20
2793974.972172906
 30
0.0
 11
327935.99310025235
 21
2793951.685106532
 31
0.0
  0
LINE
  5
36A
330
17
100
AcDbEntity
  8
0
100
AcDbLine
 10
327853.1430387633
 20
2793924.379421064
 30
0.0
 11
327886.71243782295
 21
2793932.305062472
 31
0.0
  0
LINE
  5
36B
330
17
100
AcDbEntity
  8
0
100
AcDbLine
 10
327910.4970537476
 20
2793955.8979941104
 30
0.0
 11
327935.99310025235
 21
2793951.685106532
 31
0.0
  0
LWPOLYLINE
  5
36C
330
17
100
AcDbEntity
  8
0
100
AcDbPolyline
 90
4
 70
0
 10
329873.5446596982
 20
2793295.7643892774
 10
329880.90623820823
 20
2793292.2929902696
 10
329862.0152782346
 20
2793299.4987005126
 10
329819.1704803733
 20
2793316.6991080577
  0
LWPOLYLINE
  5
36D
330
17
100
AcDbEntity
  8
0
100
AcDbPolyline
 90
7
 70
0
 10
329873.5446596982
 20
2793295.7643892774
 10
329901.27702559147
 20
2793328.250975257
 10
329955.7980783756
 20
2793393.524187608
 10
330000.31203295465
 20
2793445.8069480197
 10
330005.71141785616
 20
2793452.1532775555
 10
330034.74294340576
 20
2793486.252244212
 10
330058.53786133707
 20
2793505.3176754443
  0
LWPOLYLINE
  5
36E
330
17
100
AcDbEntity
  8
0
100
AcDbPolyline
 90
11
 70
0
 10
329777.0060383218
 20
2793169.3928927435
 10
329784.8260947296
 20
2793202.351430398
 10
329791.67170753796
 20
2793225.1304134484
 10
329819.1704803733
 20
2793316.6991080577
 10
329817.18268332863
 20
2793310.055123549
 10
329824.0283403576
 20
2793332.84519607
 10
329852.17873590987
 20
2793426.5881199576
 10
329857.2367009064
 20
2793443.42961741
 10
329858.5931648739
 20
2793447.943481769
 10
329878.277819291
 20
2793513.466333226
 10
329906.9907960574
 20
2793561.4720179364
  0
LWPOLYLINE
  5
36F
330
17
100
AcDbEntity
  8
0
100
AcDbPolyline
 90
3
 70
0
 10
330005.71141785616
 20
2793452.1532775555
 10
329973.71705141617
 20
2793480.516465799
 10
330000.31203295465
 20
2793445.8069480197
  0
LINE
  5
370
330
17
100
AcDbEntity
  8
0
100
AcDbLine
 10
330034.74294340576
 20
2793486.252244212
 30
0.0
 11
330053.8805224356
 21
2793510.715818727
 31
0.0
  0
LWPOLYLINE
  5
371
330
17
100
AcDbEntity
  8
0
100
AcDbPolyline
 90
5
 70
0
 10
329973.71705141617
 20
2793480.516465799
 10
329962.9002283785
 20
2793493.635937218
 10
329911.972263208
 20
2793555.4161364813
 10
329906.9907960574
 20
2793561.4720179364
 10
329862.1860657564
 20
2793615.819598365
  0
LWPOLYLINE
  5
372
330
17
100
AcDbEntity
  8
0
100
AcDbPolyline
 90
4
 70
0
 10
329880.90623820823
 20
2793292.2929902696
 10
329900.7517760393
 20
2793278.4727797974
 10
329909.7451913103
 20
2793271.7682392295
 10
329935.96203536773
 20
2793243.8209912046
  0
LINE
  5
373
330
17
100
AcDbEntity
  8
0
100
AcDbLine
 10
329880.90623820823
 20
2793292.2929902696
 30
0.0
 11
329901.27702559147
 21
2793328.250975257
 31
0.0
  0
LWPOLYLINE
  5
374
330
17
100
AcDbEntity
  8
0
100
AcDbPolyline
 90
8
 70
0
 10
330058.53786133707
 20
2793505.3176754443
 10
330088.6065069728
 20
2793462.4001714177
 10
330053.8805224356
 20
2793510.715818727
 10
330028.5119221313
 20
2793541.9977795104
 10
330005.4361365603
 20
2793570.5257753087
 10
329973.1046259643
 20
2793610.5141114807
 10
329955.553145159
 20
2793632.071127098
 10
329859.5358333121
 20
2793726.290193451
  0
LWPOLYLINE
  5
375
330
17
100
AcDbEntity
  8
0
100
AcDbPolyline
 90
3
 70
0
 10
330088.6065069728
 20
2793462.4001714177
 10
330096.45088630787
 20
2793486.939212514
 10
330057.8773364625
 20
2793391.8091658116
  0
LINE
  5
376
330
17
100
AcDbEntity
  8
0
100
AcDbLine
 10
329882.36032362795
 20
2793056.223419679
 30
0.0
 11
329878.95695273514
 21
2793081.225084715
 31
0.0
  0
LWPOLYLINE
  5
377
330
17
100
AcDbEntity
  8
0
100
AcDbPolyline
 90
4
 70
0
 10
329885.2986837638
 20
2793090.3844307624
 10
329999.7226379914
 20
2793220.1543827364
 10
330108.4861206955
 20
2793355.0478598257
 10
330172.042858258
 20
2793446.762450545
  0
LINE
  5
378
330
17
100
AcDbEntity
  8
0
100
AcDbLine
 10
329885.2986837638
 20
2793090.3844307624
 30
0.0
 11
329867.8253167921
 21
2793097.372878843
 31
0.0
  0
LWPOLYLINE
  5
379
330
17
100
AcDbEntity
  8
0
100
AcDbPolyline
 90
9
 70
0
 10
329604.7153416367
 20
2793220.2835198278
 10
329654.73801030195
 20
2793205.8169503952
 10
329658.9642264014
 20
2793204.589452528
 10
329690.76075235894
 20
2793195.7143465383
 10
329697.9590112939
 20
2793193.673976387
 10
329700.7098468742
 20
2793192.897112294
 10
329704.1434595087
 20
2793191.9344036393
 10
329770.7595598614
 20
2793171.8089734297
 10
329777.0060383218
 20
2793169.3928927435
  0
LWPOLYLINE
  5
37A
330
17
100
AcDbEntity
  8
0
100
AcDbPolyline
 90
3
 70
0
 10
329604.7153416367
 20
2793220.2835198278
 10
329596.1054420336
 20
2793229.4316938836
 10
329583.86438784166
 20
2793248.651282096
  0
LINE
  5
37B
330
17
100
AcDbEntity
  8
0
100
AcDbLine
 10
329604.7153416367
 20
2793220.2835198278
 30
0.0
 11
329591.2604874712
 21
2793219.9323514625
 31
0.0
  0
LINE
  5
37C
330
17
100
AcDbEntity
  8
0
100
AcDbLine
 10
329654.73801030195
 20
2793205.8169503952
 30
0.0
 11
329647.13035375706
 21
2793182.5491043255
 31
0.0
  0
LWPOLYLINE
  5
37D
330
17
100
AcDbEntity
  8
0
100
AcDbPolyline
 90
4
 70
0
 10
329596.1054420336
 20
2793229.4316938836
 10
329602.0666696448
 20
2793269.957744524
 10
329616.89646029193
 20
2793320.2758786995
 10
329627.3595526939
 20
2793355.073253451
  0
LINE
  5
37E
330
17
100
AcDbEntity
  8
0
100
AcDbLine
 10
329591.2604874712
 20
2793219.9323514625
 30
0.0
 11
329569.2741021924
 21
2793202.1631717538
 31
0.0
  0
LWPOLYLINE
  5
37F
330
17
100
AcDbEntity
  8
0
100
AcDbPolyline
 90
10
 70
0
 10
329591.2604874712
 20
2793219.9323514625
 10
329573.5392852619
 20
2793176.84033881
 10
329563.2211823878
 20
2793137.576702703
 10
329561.1123032173
 20
2793132.5295154336
 10
329552.8122557552
 20
2793106.301510024
 10
329547.8070383741
 20
2793092.084938118
 10
329543.17772566166
 20
2793078.9160480844
 10
329517.487096029
 20
2792995.090723639
 10
329514.75779292686
 20
2792985.5868955865
 10
329473.45448930014
 20
2792900.529332519
  0
LINE
  5
380
330
17
100
AcDbEntity
  8
0
100
AcDbLine
 10
329766.2849485004
 20
2793039.615350194
 30
0.0
 11
329731.0827984814
 21
2793020.494530485
 31
0.0
  0
LWPOLYLINE
  5
381
330
17
100
AcDbEntity
  8
0
100
AcDbPolyline
 90
3
 70
0
 10
329766.2849485004
 20
2793039.615350194
 10
329815.35639622004
 20
2793095.2301433105
 10
329840.9097414542
 20
2793119.446582934
  0
LINE
  5
382
330
17
100
AcDbEntity
  8
0
100
AcDbLine
 10
329766.2849485004
 20
2793039.615350194
 30
0.0
 11
329760.26765889575
 21
2793055.444082821
 31
0.0
  0
LWPOLYLINE
  5
383
330
17
100
AcDbEntity
  8
0
100
AcDbPolyline
 90
6
 70
0
 10
329731.0827984814
 20
2793020.494530485
 10
329655.0800055658
 20
2793059.360540253
 10
329649.7696842798
 20
2793060.911874191
 10
329618.8207229814
 20
2793069.90931615
 10
329614.33408401906
 20
2793071.2619626983
 10
329571.9917797154
 20
2793084.402213869
  0
LINE
  5
384
330
17
100
AcDbEntity
  8
0
100
AcDbLine
 10
329731.0827984814
 20
2793020.494530485
 30
0.0
 11
329787.1662511905
 21
2792960.7537377886
 31
0.0
  0
LWPOLYLINE
  5
385
330
17
100
AcDbEntity
  8
0
100
AcDbPolyline
 90
3
 70
0
 10
329655.0800055658
 20
2793059.360540253
 10
329660.803511322
 20
2793078.6196992667
 10
329674.7549939834
 20
2793125.6033668793
  0
LWPOLYLINE
  5
386
330
17
100
AcDbEntity
  8
0
100
AcDbPolyline
 90
9
 70
0
 10
330057.8773364625
 20
2793391.8091658116
 10
330034.8261540384
 20
2793363.7943897326
 10
329970.7575571294
 20
2793285.9675993593
 10
329950.71416602714
 20
2793261.615207261
 10
329941.5682886428
 20
2793250.585666399
 10
329935.96203536773
 20
2793243.8209912046
 10
329888.8053594304
 20
2793187.3619652633
 10
329880.6516678102
 20
2793178.325110586
 10
329837.18007888424
 20
2793122.506732566
  0
LINE
  5
387
330
17
100
AcDbEntity
  8
0
100
AcDbLine
 10
330057.8773364625
 20
2793391.8091658116
 30
0.0
 11
330108.4861206955
 21
2793355.0478598257
 31
0.0
  0
LINE
  5
388
330
17
100
AcDbEntity
  8
0
100
AcDbLine
 10
329955.553145159
 20
2793632.071127098
 30
0.0
 11
329987.2015716911
 21
2793658.770168113
 31
0.0
  0
LWPOLYLINE
  5
389
330
17
100
AcDbEntity
  8
0
100
AcDbPolyline
 90
13
 70
0
 10
329859.5358333121
 20
2793726.290193451
 10
329840.2424961257
 20
2793680.6475758245
 10
329832.1073495645
 20
2793654.6500062016
 10
329831.359811569
 20
2793652.0893003168
 10
329827.44456143025
 20
2793639.5871134335
 10
329826.04488071194
 20
2793634.841156046
 10
329824.5919056955
 20
2793629.8632299285
 10
329802.7921509857
 20
2793554.7956058746
 10
329800.8020014623
 20
2793547.9633260323
 10
329744.585455425
 20
2793356.8208676553
 10
329715.05793920084
 20
2793258.59775477
 10
329706.7394281933
 20
2793230.8743698453
 10
329697.9590112939
 20
2793193.673976387
  0
LINE
  5
38A
330
17
100
AcDbEntity
  8
0
100
AcDbLine
 10
329859.5358333121
 20
2793726.290193451
 30
0.0
 11
329751.38958592585
 21
2793762.070796566
 31
0.0
  0
LINE
  5
38B
330
17
100
AcDbEntity
  8
0
100
AcDbLine
 10
329840.2424961257
 20
2793680.6475758245
 30
0.0
 11
329860.0434539701
 21
2793675.346851228
 31
0.0
  0
LINE
  5
38C
330
17
100
AcDbEntity
  8
0
100
AcDbLine
 10
329751.38958592585
 20
2793762.070796566
 30
0.0
 11
329852.1176623036
 21
2793864.571364237
 31
0.0
  0
LWPOLYLINE
  5
38D
330
17
100
AcDbEntity
  8
0
100
AcDbPolyline
 90
4
 70
0
 10
329751.38958592585
 20
2793762.070796566
 10
329717.7251684744
 20
2793660.0999904396
 10
329708.7257616116
 20
2793632.6953667793
 10
329704.83853833127
 20
2793584.022938936
  0
LWPOLYLINE
  5
38E
330
17
100
AcDbEntity
  8
0
100
AcDbPolyline
 90
4
 70
0
 10
329232.34332248033
 20
2794213.523029123
 10
329242.5739029988
 20
2794209.1287492686
 10
329204.37283834955
 20
2794225.9957778016
 10
329194.94531447743
 20
2794230.1583812563
  0
LWPOLYLINE
  5
38F
330
17
100
AcDbEntity
  8
0
100
AcDbPolyline
 90
3
 70
0
 10
329354.5945800132
 20
2793240.80711862
 10
329344.79156459385
 20
2793202.4898225483
 10
329340.23090493237
 20
2793143.6673150477
  0
LWPOLYLINE
  5
390
330
17
100
AcDbEntity
  8
0
100
AcDbPolyline
 90
5
 70
0
 10
329536.8096310826
 20
2793194.8065232714
 10
329462.3355998964
 20
2793216.560980898
 10
329354.5945800132
 20
2793240.80711862
 10
329413.77797890257
 20
2793232.1397665096
 10
329234.4457779082
 20
2793277.385610728
  0
LWPOLYLINE
  5
391
330
17
100
AcDbEntity
  8
0
100
AcDbPolyline
 90
3
 70
0
 10
329344.79156459385
 20
2793202.4898225483
 10
329236.05018124275
 20
2793230.4939274127
 10
329219.4702044112
 20
2793235.5886936975
  0
LINE
  5
392
330
17
100
AcDbEntity
  8
0
100
AcDbLine
 10
329236.05018124275
 20
2793230.4939274127
 30
0.0
 11
329214.57310198975
 21
2793220.3849058477
 31
0.0
  0
LWPOLYLINE
  5
393
330
17
100
AcDbEntity
  8
0
100
AcDbPolyline
 90
3
 70
0
 10
329225.4777535272
 20
2793254.157282634
 10
329234.4457779082
 20
2793277.385610728
 10
329238.84280378954
 20
2793292.086124716
  0
LWPOLYLINE
  5
394
330
17
100
AcDbEntity
  8
0
100
AcDbPolyline
 90
3
 70
0
 10
329635.4598658658
 20
2794038.0567434994
 10
329638.33823754225
 20
2794046.6170727657
 10
329668.2721347236
 20
2794117.1729402132
  0
LINE
  5
395
330
17
100
AcDbEntity
  8
0
100
AcDbLine
 10
329638.33823754225
 20
2794046.6170727657
 30
0.0
 11
329485.03855366417
 21
2794118.1751951324
 31
0.0
  0
LINE
  5
396
330
17
100
AcDbEntity
  8
0
100
AcDbLine
 10
329638.33823754225
 20
2794046.6170727657
 30
0.0
 11
329777.48760571587
 21
2794025.721723142
 31
0.0
  0
LWPOLYLINE
  5
397
330
17
100
AcDbEntity
  8
0
100
AcDbPolyline
 90
4
 70
0
 10
328740.8275812384
 20
2792361.062927707
 10
328776.378342554
 20
2792402.698762334
 10
328779.4209115078
 20
2792409.0412530345
 10
328799.07168691716
 20
2792433.153368676
  0
LINE
  5
398
330
17
100
AcDbEntity
  8
0
100
AcDbLine
 10
328749.18703947007
 20
2792356.0052113477
 30
0.0
 11
328766.2126962018
 21
2792365.3501545503
 31
0.0
  0
LINE
  5
399
330
17
100
AcDbEntity
  8
0
100
AcDbLine
 10
328451.8496331518
 20
2792535.082999838
 30
0.0
 11
328462.3946005308
 21
2792512.482856304
 31
0.0
  0
LINE
  5
39A
330
17
100
AcDbEntity
  8
0
100
AcDbLine
 10
328451.8496331518
 20
2792535.082999838
 30
0.0
 11
328384.3717636403
 21
2792612.123054423
 31
0.0
  0
LINE
  5
39B
330
17
100
AcDbEntity
  8
0
100
AcDbLine
 10
328453.1292988709
 20
2792534.2913059294
 30
0.0
 11
328475.23913757585
 21
2792579.0768314335
 31
0.0
  0
LINE
  5
39C
330
17
100
AcDbEntity
  8
0
100
AcDbLine
 10
328384.3717636403
 20
2792612.123054423
 30
0.0
 11
328382.5823395874
 21
2792660.1030061473
 31
0.0
  0
LINE
  5
39D
330
17
100
AcDbEntity
  8
0
100
AcDbLine
 10
328384.3717636403
 20
2792612.123054423
 30
0.0
 11
328351.02774523955
 21
2792599.1525722276
 31
0.0
  0
LINE
  5
39E
330
17
100
AcDbEntity
  8
0
100
AcDbLine
 10
328657.3702140604
 20
2792932.4211580837
 30
0.0
 11
328640.8368372116
 21
2792951.5520163355
 31
0.0
  0
LWPOLYLINE
  5
39F
330
17
100
AcDbEntity
  8
0
100
AcDbPolyline
 90
3
 70
0
 10
328657.3702140604
 20
2792932.4211580837
 10
328658.96606400725
 20
2792935.912711166
 10
328655.8734187193
 20
2792928.7954130284
  0
LINE
  5
3A0
330
17
100
AcDbEntity
  8
0
100
AcDbLine
 10
328670.9475070535
 20
2792908.996214741
 30
0.0
 11
328655.8734187193
 21
2792928.7954130284
 31
0.0
  0
LWPOLYLINE
  5
3A1
330
17
100
AcDbEntity
  8
0
100
AcDbPolyline
 90
3
 70
0
 10
328626.09358173376
 20
2792959.282983611
 10
328579.5092529308
 20
2792985.098108095
 10
328640.8368372116
 20
2792951.5520163355
  0
LWPOLYLINE
  5
3A2
330
17
100
AcDbEntity
  8
0
100
AcDbPolyline
 90
8
 70
0
 10
328713.548676749
 20
2793252.0890861643
 10
328666.3145287038
 20
2793166.078498228
 10
328626.09358173376
 20
2792959.282983611
 10
328627.7132044302
 20
2792962.2646384533
 10
328624.0321934424
 20
2792954.833534409
 10
328617.76853000105
 20
2792944.754243092
 10
328615.69108828774
 20
2792941.4238891806
 10
328608.0478124927
 20
2792926.631719186
  0
LINE
  5
3A3
330
17
100
AcDbEntity
  8
0
100
AcDbLine
 10
328640.8368372116
 20
2792951.5520163355
 30
0.0
 11
328632.4359750538
 21
2792933.423836823
 31
0.0
  0
LWPOLYLINE
  5
3A4
330
17
100
AcDbEntity
  8
0
100
AcDbPolyline
 90
4
 70
0
 10
328545.8548274555
 20
2792950.728199613
 10
328632.4359750538
 20
2792933.423836823
 10
328615.69108828774
 20
2792941.4238891806
 10
328655.8734187193
 20
2792928.7954130284
  0
LWPOLYLINE
  5
3A5
330
17
100
AcDbEntity
  8
0
100
AcDbPolyline
 90
3
 70
0
 10
328693.82705184957
 20
2793258.110545854
 10
328661.676945315
 20
2793173.005679846
 10
328579.5092529308
 20
2792985.098108095
  0
LINE
  5
3A6
330
17
100
AcDbEntity
  8
0
100
AcDbLine
 10
328564.40582200163
 20
2793020.850306873
 30
0.0
 11
328579.5092529308
 21
2792985.098108095
 31
0.0
  0
LWPOLYLINE
  5
3A7
330
17
100
AcDbEntity
  8
0
100
AcDbPolyline
 90
3
 70
0
 10
328470.1220385318
 20
2792585.544863729
 10
328489.44766941154
 20
2792608.6193342595
 10
328448.25509695616
 20
2792564.685030721
  0
LINE
  5
3A8
330
17
100
AcDbEntity
  8
0
100
AcDbLine
 10
329215.97779169865
 20
2792885.542821906
 30
0.0
 11
329195.0010137949
 21
2792883.979769343
 31
0.0
  0
LWPOLYLINE
  5
3A9
330
17
100
AcDbEntity
  8
0
100
AcDbPolyline
 90
7
 70
0
 10
329227.9560996966
 20
2792882.2343534827
 10
329233.6629565592
 20
2792898.5246565375
 10
329245.55214882904
 20
2792936.8487960035
 10
329249.2124691997
 20
2792949.8525866643
 10
329260.62783442356
 20
2792988.1605603336
 10
329273.8739078833
 20
2793027.032574879
 10
329233.4302068256
 20
2792955.1144903954
  0
LINE
  5
3AA
330
17
100
AcDbEntity
  8
0
100
AcDbLine
 10
327980.0605056661
 20
2791962.9041321925
 30
0.0
 11
328010.59115690005
 21
2791985.0712080393
 31
0.0
  0
LINE
  5
3AB
330
17
100
AcDbEntity
  8
0
100
AcDbLine
 10
328043.3215924995
 20
2792082.829831336
 30
0.0
 11
328055.67004564684
 21
2792044.375773004
 31
0.0
  0
LWPOLYLINE
  5
3AC
330
17
100
AcDbEntity
  8
0
100
AcDbPolyline
 90
7
 70
0
 10
328010.59115690005
 20
2791985.0712080393
 10
328029.1218279607
 20
2791974.798918893
 10
328053.42562091874
 20
2791961.3071127054
 10
328058.2584575594
 20
2791958.631268173
 10
328184.84178356803
 20
2791888.4167103404
 10
328278.30654567666
 20
2791836.5590962167
 10
328294.496141101
 20
2791827.579811103
  0
LINE
  5
3AD
330
17
100
AcDbEntity
  8
0
100
AcDbLine
 10
328010.59115690005
 20
2791985.0712080393
 30
0.0
 11
328025.4300182793
 21
2791989.55761249
 31
0.0
  0
LWPOLYLINE
  5
3AE
330
17
100
AcDbEntity
  8
0
100
AcDbPolyline
 90
4
 70
0
 10
328051.1559542933
 20
2791996.7970963363
 10
328044.04073791904
 20
2791983.2059907853
 10
328073.07568615174
 20
2792034.383709612
 10
328051.1559542933
 20
2791996.7970963363
  0
LINE
  5
3AF
330
17
100
AcDbEntity
  8
0
100
AcDbLine
 10
328044.04073791904
 20
2791983.2059907853
 30
0.0
 11
328025.4300182793
 21
2791989.55761249
 31
0.0
  0
LINE
  5
3B0
330
17
100
AcDbEntity
  8
0
100
AcDbLine
 10
328073.07568615174
 20
2792034.383709612
 30
0.0
 11
328055.67004564684
 21
2792044.375773004
 31
0.0
  0
LWPOLYLINE
  5
3B1
330
17
100
AcDbEntity
  8
0
100
AcDbPolyline
 90
3
 70
0
 10
328025.4300182793
 20
2791989.55761249
 10
328034.24035486334
 20
2792005.708377845
 10
328055.67004564684
 20
2792044.375773004
  0
LINE
  5
3B2
330
17
100
AcDbEntity
  8
0
100
AcDbLine
 10
328144.34846336
 20
2792247.3198266085
 30
0.0
 11
328173.30106682645
 21
2792225.4273234215
 31
0.0
  0
LINE
  5
3B3
330
17
100
AcDbEntity
  8
0
100
AcDbLine
 10
329018.2101703122
 20
2793896.48140942
 30
0.0
 11
329008.802333963
 21
2793901.419348133
 31
0.0
  0
LWPOLYLINE
  5
3B4
330
17
100
AcDbEntity
  8
0
100
AcDbPolyline
 90
8
 70
0
 10
328969.33061505447
 20
2793829.024483954
 10
329002.2670710329
 20
2793889.7259461093
 10
328990.22788693546
 20
2793865.838670025
 10
329008.802333963
 20
2793901.419348133
 10
329058.2683354351
 20
2793993.783662871
 10
329084.4015159086
 20
2794038.375083654
 10
329106.0938142622
 20
2794075.1682868497
 10
329142.97551902523
 20
2794114.9157610787
  0
LINE
  5
3B5
330
17
100
AcDbEntity
  8
0
100
AcDbLine
 10
329069.4110387365
 20
2793985.8216548567
 30
0.0
 11
329058.2683354351
 21
2793993.783662871
 31
0.0
  0
LINE
  5
3B6
330
17
100
AcDbEntity
  8
0
100
AcDbLine
 10
329888.8053594304
 20
2793187.3619652633
 30
0.0
 11
329876.1860465006
 21
2793197.3690681225
 31
0.0
  0
LINE
  5
3B7
330
17
100
AcDbEntity
  8
0
100
AcDbLine
 10
329876.1860465006
 20
2793197.3690681225
 30
0.0
 11
329791.67170753796
 21
2793225.1304134484
 31
0.0
  0
LINE
  5
3B8
330
17
100
AcDbEntity
  8
0
100
AcDbLine
 10
329876.1860465006
 20
2793197.3690681225
 30
0.0
 11
329880.6516678102
 21
2793178.325110586
 31
0.0
  0
LINE
  5
3B9
330
17
100
AcDbEntity
  8
0
100
AcDbLine
 10
329784.8260947296
 20
2793202.351430398
 30
0.0
 11
329770.7595598614
 21
2793171.8089734297
 31
0.0
  0
LINE
  5
3BA
330
17
100
AcDbEntity
  8
0
100
AcDbLine
 10
330015.97045907634
 20
2791968.8070648233
 30
0.0
 11
330019.46230186976
 21
2791954.8048832268
 31
0.0
  0
LWPOLYLINE
  5
3BB
330
17
100
AcDbEntity
  8
0
100
AcDbPolyline
 90
4
 70
0
 10
330170.24688575184
 20
2791957.6310868426
 10
330169.8189243945
 20
2791946.813226557
 10
330164.0526644177
 20
2791908.0571097163
 10
330165.3479369366
 20
2791955.06707264
  0
LINE
  5
3BC
330
17
100
AcDbEntity
  8
0
100
AcDbLine
 10
329501.4053876824
 20
2792049.8797141495
 30
0.0
 11
329508.215681763
 21
2792023.394887026
 31
0.0
  0
LINE
  5
3BD
330
17
100
AcDbEntity
  8
0
100
AcDbLine
 10
329501.4053876824
 20
2792049.8797141495
 30
0.0
 11
329520.97798518377
 21
2792019.866379139
 31
0.0
  0
LWPOLYLINE
  5
3BE
330
17
100
AcDbEntity
  8
0
100
AcDbPolyline
 90
5
 70
0
 10
329501.8151026312
 20
2792057.6070413482
 10
329488.5952128752
 20
2792059.202674336
 10
329417.1243666274
 20
2792079.102277176
 10
329443.3428352292
 20
2792077.5421462115
 10
329469.92892304726
 20
2792074.7699246127
  0
LWPOLYLINE
  5
3BF
330
17
100
AcDbEntity
  8
0
100
AcDbPolyline
 90
3
 70
0
 10
329508.215681763
 20
2792023.394887026
 10
329497.16916930926
 20
2791971.965669687
 10
329497.83802442416
 20
2791938.678740166
  0
LWPOLYLINE
  5
3C0
330
17
100
AcDbEntity
  8
0
100
AcDbPolyline
 90
4
 70
0
 10
329508.215681763
 20
2792023.394887026
 10
329520.97798518377
 20
2792019.866379139
 10
329556.44690711546
 20
2792000.7420025254
 10
329564.6813395501
 20
2791996.118447257
  0
LINE
  5
3C1
330
17
100
AcDbEntity
  8
0
100
AcDbLine
 10
329469.92892304726
 20
2792074.7699246127
 30
0.0
 11
329476.61253430555
 21
2792087.01559179
 31
0.0
  0
LINE
  5
3C2
330
17
100
AcDbEntity
  8
0
100
AcDbLine
 10
329469.92892304726
 20
2792074.7699246127
 30
0.0
 11
329488.5952128752
 21
2792059.202674336
 31
0.0
  0
LINE
  5
3C3
330
17
100
AcDbEntity
  8
0
100
AcDbLine
 10
329443.3428352292
 20
2792077.5421462115
 30
0.0
 11
329419.6651217128
 21
2792083.2245266708
 31
0.0
  0
LWPOLYLINE
  5
3C4
330
17
100
AcDbEntity
  8
0
100
AcDbPolyline
 90
3
 70
0
 10
329476.61253430555
 20
2792087.01559179
 10
329458.45105082216
 20
2792142.6347953347
 10
329443.91591266345
 20
2792199.759260781
  0
LINE
  5
3C5
330
17
100
AcDbEntity
  8
0
100
AcDbLine
 10
329458.45105082216
 20
2792142.6347953347
 30
0.0
 11
329384.23460979364
 21
2792143.7254076903
 31
0.0
  0
LINE
  5
3C6
330
17
100
AcDbEntity
  8
0
100
AcDbLine
 10
329497.8545847947
 20
2792283.0734385774
 30
0.0
 11
329512.6118787923
 21
2792276.3625178863
 31
0.0
  0
LINE
  5
3C7
330
17
100
AcDbEntity
  8
0
100
AcDbLine
 10
329497.8545847947
 20
2792283.0734385774
 30
0.0
 11
329513.33786985977
 21
2792290.799170737
 31
0.0
  0
LWPOLYLINE
  5
3C8
330
17
100
AcDbEntity
  8
0
100
AcDbPolyline
 90
3
 70
0
 10
329472.8868165964
 20
2792295.0975839593
 10
329464.56737902487
 20
2792295.3575232076
 10
329481.65945913317
 20
2792294.8208606523
  0
LINE
  5
3C9
330
17
100
AcDbEntity
  8
0
100
AcDbLine
 10
329481.65945913317
 20
2792294.8208606523
 30
0.0
 11
329472.21010650496
 21
2792366.9252418773
 31
0.0
  0
LWPOLYLINE
  5
3CA
330
17
100
AcDbEntity
  8
0
100
AcDbPolyline
 90
3
 70
0
 10
329472.21010650496
 20
2792366.9252418773
 10
329461.97166703595
 20
2792354.026465649
 10
329459.3504916897
 20
2792350.7139239945
  0
LINE
  5
3CB
330
17
100
AcDbEntity
  8
0
100
AcDbLine
 10
329461.97166703595
 20
2792354.026465649
 30
0.0
 11
329452.89616653905
 21
2792363.0476202974
 31
0.0
  0
LINE
  5
3CC
330
17
100
AcDbEntity
  8
0
100
AcDbLine
 10
329480.21411560517
 20
2792399.2055726484
 30
0.0
 11
329418.2158819164
 21
2792451.8324219207
 31
0.0
  0
LWPOLYLINE
  5
3CD
330
17
100
AcDbEntity
  8
0
100
AcDbPolyline
 90
4
 70
0
 10
329647.23447736254
 20
2791961.6454587225
 10
329629.52799230325
 20
2791971.8386042216
 10
329613.5321487483
 20
2791981.046446322
 10
329596.22590499866
 20
2791991.013038783
  0
LINE
  5
3CE
330
17
100
AcDbEntity
  8
0
100
AcDbLine
 10
329647.23447736254
 20
2791961.6454587225
 30
0.0
 11
329651.0763096183
 21
2792056.3255527294
 31
0.0
  0
LINE
  5
3CF
330
17
100
AcDbEntity
  8
0
100
AcDbLine
 10
329647.23447736254
 20
2791961.6454587225
 30
0.0
 11
329665.79578712815
 21
2792005.7572795204
 31
0.0
  0
LINE
  5
3D0
330
17
100
AcDbEntity
  8
0
100
AcDbLine
 10
329651.0763096183
 20
2792056.3255527294
 30
0.0
 11
329665.79578712815
 21
2792005.7572795204
 31
0.0
  0
LWPOLYLINE
  5
3D1
330
17
100
AcDbEntity
  8
0
100
AcDbPolyline
 90
4
 70
0
 10
329651.0763096183
 20
2792056.3255527294
 10
329633.6521747818
 20
2792056.9215506376
 10
329617.79924277565
 20
2792057.464554823
 10
329599.86144810234
 20
2792058.0781416036
  0
LINE
  5
3D2
330
17
100
AcDbEntity
  8
0
100
AcDbLine
 10
329665.79578712815
 20
2792005.7572795204
 30
0.0
 11
329684.0312460951
 21
2792005.572083005
 31
0.0
  0
LINE
  5
3D3
330
17
100
AcDbEntity
  8
0
100
AcDbLine
 10
329613.5321487483
 20
2791981.046446322
 30
0.0
 11
329617.79924277565
 21
2792057.464554823
 31
0.0
  0
LINE
  5
3D4
330
17
100
AcDbEntity
  8
0
100
AcDbLine
 10
329596.22590499866
 20
2791991.013038783
 30
0.0
 11
329581.32743164035
 21
2792037.7506488473
 31
0.0
  0
LINE
  5
3D5
330
17
100
AcDbEntity
  8
0
100
AcDbLine
 10
329599.86144810234
 20
2792058.0781416036
 30
0.0
 11
329581.32743164035
 21
2792037.7506488473
 31
0.0
  0
LINE
  5
3D6
330
17
100
AcDbEntity
  8
0
100
AcDbLine
 10
329581.32743164035
 20
2792037.7506488473
 30
0.0
 11
329567.9413353263
 21
2792038.1518648644
 31
0.0
  0
LWPOLYLINE
  5
3D7
330
17
100
AcDbEntity
  8
0
100
AcDbPolyline
 90
3
 70
0
 10
329684.0312460951
 20
2792005.572083005
 10
329682.1803917529
 20
2791960.1864354387
 10
329677.50396207004
 20
2791928.074623145
  0
LINE
  5
3D8
330
17
100
AcDbEntity
  8
0
100
AcDbLine
 10
329684.0312460951
 20
2792005.572083005
 30
0.0
 11
329644.5824713389
 21
2792068.748253043
 31
0.0
  0
LINE
  5
3D9
330
17
100
AcDbEntity
  8
0
100
AcDbLine
 10
329682.1803917529
 20
2791960.1864354387
 30
0.0
 11
329667.73357992584
 21
2791933.9581772904
 31
0.0
  0
LINE
  5
3DA
330
17
100
AcDbEntity
  8
0
100
AcDbLine
 10
329644.5824713389
 20
2792068.748253043
 30
0.0
 11
329567.9413353263
 21
2792038.1518648644
 31
0.0
  0
LWPOLYLINE
  5
3DB
330
17
100
AcDbEntity
  8
0
100
AcDbPolyline
 90
4
 70
0
 10
329644.5824713389
 20
2792068.748253043
 10
329645.0011308065
 20
2792081.194718695
 10
329646.6419569008
 20
2792129.8953588894
 10
329646.9471852571
 20
2792138.1335913455
  0
LWPOLYLINE
  5
3DC
330
17
100
AcDbEntity
  8
0
100
AcDbPolyline
 90
3
 70
0
 10
329567.9413353263
 20
2792038.1518648644
 10
329567.3831289138
 20
2792025.0313930213
 10
329564.6813395501
 20
2791996.118447257
  0
LINE
  5
3DD
330
17
100
AcDbEntity
  8
0
100
AcDbLine
 10
329567.3831289138
 20
2792025.0313930213
 30
0.0
 11
329556.44690711546
 21
2792000.7420025254
 31
0.0
  0
LWPOLYLINE
  5
3DE
330
17
100
AcDbEntity
  8
0
100
AcDbPolyline
 90
3
 70
0
 10
329602.49786883703
 20
2792181.8311863337
 10
329508.52137042105
 20
2792185.2194096823
 10
329681.11522788525
 20
2792178.98034347
  0
LWPOLYLINE
  5
3DF
330
17
100
AcDbEntity
  8
0
100
AcDbPolyline
 90
4
 70
0
 10
330037.93186523195
 20
2793020.8121537855
 10
330015.90307019465
 20
2793031.7127961866
 10
330015.17200097936
 20
2793032.065402302
 10
330010.3588700036
 20
2793033.898372837
  0
LWPOLYLINE
  5
3E0
330
17
100
AcDbEntity
  8
0
100
AcDbPolyline
 90
3
 70
0
 10
330037.93186523195
 20
2793020.8121537855
 10
330122.0962450901
 20
2793035.6519463807
 10
330122.04387647985
 20
2793041.911698636
  0
LINE
  5
3E1
330
17
100
AcDbEntity
  8
0
100
AcDbLine
 10
330015.90307019465
 20
2793031.7127961866
 30
0.0
 11
330088.1938651047
 21
2793054.1903427993
 31
0.0
  0
LINE
  5
3E2
330
17
100
AcDbEntity
  8
0
100
AcDbLine
 10
330122.04387647985
 20
2793041.911698636
 30
0.0
 11
330088.1938651047
 21
2793054.1903427993
 31
0.0
  0
LWPOLYLINE
  5
3E3
330
17
100
AcDbEntity
  8
0
100
AcDbPolyline
 90
10
 70
0
 10
329117.6454716275
 20
2792346.627742096
 10
329105.28134581866
 20
2792305.0638002893
 10
329118.09769024234
 20
2792348.1286514727
 10
329119.770422466
 20
2792353.724119029
 10
329120.2752501981
 20
2792355.401613528
 10
329139.7808513676
 20
2792420.726513695
 10
329174.6145224138
 20
2792537.359944064
 10
329209.6268991664
 20
2792654.6226349706
 10
329219.83161311154
 20
2792688.7915841565
 10
329228.0236629187
 20
2792728.7465504585
  0
LINE
  5
3E4
330
17
100
AcDbEntity
  8
0
100
AcDbLine
 10
329117.6454716275
 20
2792346.627742096
 30
0.0
 11
329097.8702646266
 21
2792309.4335435303
 31
0.0
  0
LINE
  5
3E5
330
17
100
AcDbEntity
  8
0
100
AcDbLine
 10
329118.09769024234
 20
2792348.1286514727
 30
0.0
 11
329108.93955887365
 21
2792359.366713885
 31
0.0
  0
LINE
  5
3E6
330
17
100
AcDbEntity
  8
0
100
AcDbLine
 10
329190.8349701696
 20
2792331.31321288
 30
0.0
 11
329119.770422466
 21
2792353.724119029
 31
0.0
  0
LWPOLYLINE
  5
3E7
330
17
100
AcDbEntity
  8
0
100
AcDbPolyline
 90
3
 70
0
 10
329210.19068108517
 20
2792395.9643200245
 10
329253.8003223233
 20
2792385.6873840755
 10
329212.04218207113
 20
2792402.1557564526
  0
LWPOLYLINE
  5
3E8
330
17
100
AcDbEntity
  8
0
100
AcDbPolyline
 90
3
 70
0
 10
329158.51772226265
 20
2792414.8068667627
 10
329139.7808513676
 20
2792420.726513695
 10
329113.59590666916
 20
2792428.8783227243
  0
LWPOLYLINE
  5
3E9
330
17
100
AcDbEntity
  8
0
100
AcDbPolyline
 90
3
 70
0
 10
329158.51772226265
 20
2792414.8068667627
 10
329164.98245423974
 20
2792435.2418650175
 10
329153.7097435418
 20
2792398.704641043
  0
LWPOLYLINE
  5
3EA
330
17
100
AcDbEntity
  8
0
100
AcDbPolyline
 90
3
 70
0
 10
329174.6145224138
 20
2792537.359944064
 10
329147.5010127046
 20
2792545.368333442
 10
329192.61372201797
 20
2792532.0810977994
  0
LWPOLYLINE
  5
3EB
330
17
100
AcDbEntity
  8
0
100
AcDbPolyline
 90
4
 70
0
 10
329120.2752501981
 20
2792355.401613528
 10
329108.93955887365
 20
2792359.366713885
 10
329101.28840736253
 20
2792362.277181392
 10
329062.69464613014
 20
2792374.795487977
  0
LWPOLYLINE
  5
3EC
330
17
100
AcDbEntity
  8
0
100
AcDbPolyline
 90
3
 70
0
 10
329113.59590666916
 20
2792428.8783227243
 10
329120.0602756479
 20
2792451.672942353
 10
329109.1666396711
 20
2792413.2476842147
  0
LWPOLYLINE
  5
3ED
330
17
100
AcDbEntity
  8
0
100
AcDbPolyline
 90
3
 70
0
 10
329192.61372201797
 20
2792532.0810977994
 10
329199.3325704993
 20
2792555.0940947537
 10
329187.61105577776
 20
2792514.9178245394
  0
LWPOLYLINE
  5
3EE
330
17
100
AcDbEntity
  8
0
100
AcDbPolyline
 90
3
 70
0
 10
329209.6268991664
 20
2792654.6226349706
 10
329184.057323123
 20
2792662.7998049287
 10
329228.8331683334
 20
2792648.3980292645
  0
LWPOLYLINE
  5
3EF
330
17
100
AcDbEntity
  8
0
100
AcDbPolyline
 90
3
 70
0
 10
329147.5010127046
 20
2792545.368333442
 10
329154.366571089
 20
2792568.02496182
 10
329143.0853799992
 20
2792530.812089619
  0
LWPOLYLINE
  5
3F0
330
17
100
AcDbEntity
  8
0
100
AcDbPolyline
 90
3
 70
0
 10
329228.8331683334
 20
2792648.3980292645
 10
329223.1990115089
 20
2792629.0935679646
 10
329236.0995297559
 20
2792673.287403843
  0
LINE
  5
3F1
330
17
100
AcDbEntity
  8
0
100
AcDbLine
 10
329219.83161311154
 20
2792688.7915841565
 30
0.0
 11
329233.745018231
 21
2792727.023698065
 31
0.0
  0
LWPOLYLINE
  5
3F2
330
17
100
AcDbEntity
  8
0
100
AcDbPolyline
 90
3
 70
0
 10
329184.057323123
 20
2792662.7998049287
 10
329191.150557674
 20
2792685.941008445
 10
329178.5301343099
 20
2792644.790144013
  0
LINE
  5
3F3
330
17
100
AcDbEntity
  8
0
100
AcDbLine
 10
329219.26078958286
 20
2792731.3718898837
 30
0.0
 11
329224.9094479216
 21
2792753.423532878
 31
0.0
  0
LWPOLYLINE
  5
3F4
330
17
100
AcDbEntity
  8
0
100
AcDbPolyline
 90
6
 70
0
 10
329267.24108754465
 20
2792717.0184014738
 10
329233.745018231
 20
2792727.023698065
 10
329219.26078958286
 20
2792731.3718898837
 10
329228.0236629187
 20
2792728.7465504585
 10
329179.6326429408
 20
2792743.28261911
 10
329150.44374737743
 20
2792752.0705481754
  0
LWPOLYLINE
  5
3F5
330
17
100
AcDbEntity
  8
0
100
AcDbPolyline
 90
3
 70
0
 10
329224.9094479216
 20
2792753.423532878
 10
329211.6167842919
 20
2792757.1806334094
 10
329263.5338290479
 20
2792741.813634438
  0
LINE
  5
3F6
330
17
100
AcDbEntity
  8
0
100
AcDbLine
 10
329179.6326429408
 20
2792743.28261911
 30
0.0
 11
329147.89293800766
 21
2792709.6515032095
 31
0.0
  0
LWPOLYLINE
  5
3F7
330
17
100
AcDbEntity
  8
0
100
AcDbPolyline
 90
3
 70
0
 10
329263.5338290479
 20
2792741.813634438
 10
329268.4265408275
 20
2792755.8653731016
 10
329279.28323091345
 20
2792787.422777401
  0
LINE
  5
3F8
330
17
100
AcDbEntity
  8
0
100
AcDbLine
 10
329279.28323091345
 20
2792787.422777401
 30
0.0
 11
329313.1686883293
 21
2792796.3118862943
 31
0.0
  0
LINE
  5
3F9
330
17
100
AcDbEntity
  8
0
100
AcDbLine
 10
329279.28323091345
 20
2792787.422777401
 30
0.0
 11
329268.66416290705
 21
2792809.8237425736
 31
0.0
  0
LWPOLYLINE
  5
3FA
330
17
100
AcDbEntity
  8
0
100
AcDbPolyline
 90
3
 70
0
 10
329313.1686883293
 20
2792796.3118862943
 10
329318.0926471702
 20
2792812.0471137543
 10
329319.01646555116
 20
2792814.9933074974
  0
LINE
  5
3FB
330
17
100
AcDbEntity
  8
0
100
AcDbLine
 10
329313.1686883293
 20
2792796.3118862943
 30
0.0
 11
329268.66416290705
 21
2792809.8237425736
 31
0.0
  0
LINE
  5
3FC
330
17
100
AcDbEntity
  8
0
100
AcDbLine
 10
329268.66416290705
 20
2792809.8237425736
 30
0.0
 11
329274.5560585492
 21
2792829.6013227683
 31
0.0
  0
LINE
  5
3FD
330
17
100
AcDbEntity
  8
0
100
AcDbLine
 10
329274.5560585492
 20
2792829.6013227683
 30
0.0
 11
329303.2699640221
 21
2792840.671579361
 31
0.0
  0
LINE
  5
3FE
330
17
100
AcDbEntity
  8
0
100
AcDbLine
 10
329319.01646555116
 20
2792814.9933074974
 30
0.0
 11
329303.2699640221
 21
2792840.671579361
 31
0.0
  0
LWPOLYLINE
  5
3FF
330
17
100
AcDbEntity
  8
0
100
AcDbPolyline
 90
3
 70
0
 10
329324.35330478405
 20
2792857.0670161746
 10
329317.56249734556
 20
2792876.2402349873
 10
329310.3369620533
 20
2792897.6899520755
  0
LWPOLYLINE
  5
400
330
17
100
AcDbEntity
  8
0
100
AcDbPolyline
 90
11
 70
0
 10
329213.0081051226
 20
2792961.5649556257
 10
329249.2124691997
 20
2792949.8525866643
 10
329233.4302068256
 20
2792955.1144903954
 10
329273.6669565834
 20
2792941.9776047696
 10
329283.83039298106
 20
2792938.5702283597
 10
329291.23484540096
 20
2792936.095000435
 10
329307.56869485136
 20
2792930.6268018987
 10
329325.0964547671
 20
2792924.755828034
 10
329334.56775256095
 20
2792921.589863697
 10
329343.7379562453
 20
2792918.5163292917
 10
329364.9691710195
 20
2792911.5019604173
  0
LINE
  5
401
330
17
100
AcDbEntity
  8
0
100
AcDbLine
 10
329273.6669565834
 20
2792941.9776047696
 30
0.0
 11
329292.11560279515
 21
2792969.1630611666
 31
0.0
  0
LINE
  5
402
330
17
100
AcDbEntity
  8
0
100
AcDbLine
 10
329273.6669565834
 20
2792941.9776047696
 30
0.0
 11
329269.28610225185
 21
2792891.8380665346
 31
0.0
  0
LWPOLYLINE
  5
403
330
17
100
AcDbEntity
  8
0
100
AcDbPolyline
 90
6
 70
0
 10
329273.8739078833
 20
2793027.032574879
 10
329281.50608304155
 20
2793025.0418998497
 10
329291.13637481735
 20
2793022.5053437836
 10
329331.9535852773
 20
2793010.668509473
 10
329375.8386846337
 20
2793002.4156414145
 10
329299.1065926829
 20
2793041.713877636
  0
LINE
  5
404
330
17
100
AcDbEntity
  8
0
100
AcDbLine
 10
329240.9239011989
 20
2793049.1061409884
 30
0.0
 11
329275.18673004425
 21
2793063.994676232
 31
0.0
  0
LWPOLYLINE
  5
405
330
17
100
AcDbEntity
  8
0
100
AcDbPolyline
 90
3
 70
0
 10
329299.1065926829
 20
2793041.713877636
 10
329303.5152343653
 20
2793054.940876023
 10
329291.13637481735
 20
2793022.5053437836
  0
LINE
  5
406
330
17
100
AcDbEntity
  8
0
100
AcDbLine
 10
329375.8386846337
 20
2793002.4156414145
 30
0.0
 11
329329.55404549534
 21
2792975.403995233
 31
0.0
  0
LINE
  5
407
330
17
100
AcDbEntity
  8
0
100
AcDbLine
 10
329331.9535852773
 20
2793010.668509473
 30
0.0
 11
329324.34578249214
 21
2792981.850684155
 31
0.0
  0
LINE
  5
408
330
17
100
AcDbEntity
  8
0
100
AcDbLine
 10
329281.50608304155
 20
2793025.0418998497
 30
0.0
 11
329315.7495066889
 21
2792978.502780498
 31
0.0
  0
LWPOLYLINE
  5
409
330
17
100
AcDbEntity
  8
0
100
AcDbPolyline
 90
3
 70
0
 10
330030.6529896166
 20
2793677.8875511773
 10
329852.1176623036
 20
2793864.571364237
 10
329800.2586801237
 20
2793920.259840461
  0
LINE
  5
40A
330
17
100
AcDbEntity
  8
0
100
AcDbLine
 10
328899.5153677595
 20
2793595.959850504
 30
0.0
 11
328879.42332202126
 21
2793590.1875580773
 31
0.0
  0
LINE
  5
40B
330
17
100
AcDbEntity
  8
0
100
AcDbLine
 10
328928.7456373236
 20
2793648.74289843
 30
0.0
 11
328924.1793731303
 21
2793673.25007171
 31
0.0
  0
LINE
  5
40C
330
17
100
AcDbEntity
  8
0
100
AcDbLine
 10
328878.0052995672
 20
2793897.723151507
 30
0.0
 11
328830.3733955763
 21
2793819.8485289738
 31
0.0
  0
LINE
  5
40D
330
17
100
AcDbEntity
  8
0
100
AcDbLine
 10
328878.0052995672
 20
2793897.723151507
 30
0.0
 11
328990.22788693546
 21
2793865.838670025
 31
0.0
  0
LWPOLYLINE
  5
40E
330
17
100
AcDbEntity
  8
0
100
AcDbPolyline
 90
7
 70
0
 10
329718.6178154051
 20
2793575.762446684
 10
329704.83853833127
 20
2793584.022938936
 10
329745.95094403916
 20
2793567.741227265
 10
329762.9349859019
 20
2793562.7527834317
 10
329767.9939783407
 20
2793561.2600339334
 10
329779.8016124282
 20
2793555.638850095
 10
329800.8020014623
 20
2793547.9633260323
  0
LINE
  5
40F
330
17
100
AcDbEntity
  8
0
100
AcDbLine
 10
329718.6178154051
 20
2793575.762446684
 30
0.0
 11
329705.58146121335
 21
2793576.6134302504
 31
0.0
  0
LINE
  5
410
330
17
100
AcDbEntity
  8
0
100
AcDbLine
 10
329745.95094403916
 20
2793567.741227265
 30
0.0
 11
329754.48313336854
 21
2793595.6502657863
 31
0.0
  0
LINE
  5
411
330
17
100
AcDbEntity
  8
0
100
AcDbLine
 10
329704.83853833127
 20
2793584.022938936
 30
0.0
 11
329691.8841686724
 21
2793610.585118116
 31
0.0
  0
LWPOLYLINE
  5
412
330
17
100
AcDbEntity
  8
0
100
AcDbPolyline
 90
3
 70
0
 10
329705.58146121335
 20
2793576.6134302504
 10
329674.9066276124
 20
2793511.2845645905
 10
329635.1466501795
 20
2793382.9916209253
  0
LINE
  5
413
330
17
100
AcDbEntity
  8
0
100
AcDbLine
 10
329705.58146121335
 20
2793576.6134302504
 30
0.0
 11
329677.36323048885
 21
2793560.750470194
 31
0.0
  0
LINE
  5
414
330
17
100
AcDbEntity
  8
0
100
AcDbLine
 10
329708.7257616116
 20
2793632.6953667793
 30
0.0
 11
329693.5648059557
 21
2793616.0365237724
 31
0.0
  0
LINE
  5
415
330
17
100
AcDbEntity
  8
0
100
AcDbLine
 10
330187.9357251108
 20
2793541.811943023
 30
0.0
 11
329987.5002724199
 21
2793771.4856817243
 31
0.0
  0
LINE
  5
416
330
17
100
AcDbEntity
  8
0
100
AcDbLine
 10
329620.60482558736
 20
2793371.5206588097
 30
0.0
 11
329635.1466501795
 21
2793382.9916209253
 31
0.0
  0
LINE
  5
417
330
17
100
AcDbEntity
  8
0
100
AcDbLine
 10
329616.5939383764
 20
2793357.8454468646
 30
0.0
 11
329627.3595526939
 21
2793355.073253451
 31
0.0
  0
LINE
  5
418
330
17
100
AcDbEntity
  8
0
100
AcDbLine
 10
329635.1466501795
 20
2793382.9916209253
 30
0.0
 11
329651.7311297995
 21
2793383.059687121
 31
0.0
  0
LINE
  5
419
330
17
100
AcDbEntity
  8
0
100
AcDbLine
 10
329674.9066276124
 20
2793511.2845645905
 30
0.0
 11
329708.23406611336
 21
2793500.8281590026
 31
0.0
  0
LWPOLYLINE
  5
41A
330
17
100
AcDbEntity
  8
0
100
AcDbPolyline
 90
3
 70
0
 10
329651.7311297995
 20
2793383.059687121
 10
329744.585455425
 20
2793356.8208676553
 10
329824.0283403576
 20
2793332.84519607
  0
LINE
  5
41B
330
17
100
AcDbEntity
  8
0
100
AcDbLine
 10
329715.05793920084
 20
2793258.59775477
 30
0.0
 11
329647.72662612644
 21
2793299.492814856
 31
0.0
  0
LINE
  5
41C
330
17
100
AcDbEntity
  8
0
100
AcDbLine
 10
329627.3595526939
 20
2793355.073253451
 30
0.0
 11
329594.0613590906
 21
2793347.084467219
 31
0.0
  0
LINE
  5
41D
330
17
100
AcDbEntity
  8
0
100
AcDbLine
 10
329587.77967211907
 20
2793261.131259126
 30
0.0
 11
329602.0666696448
 21
2793269.957744524
 31
0.0
  0
LINE
  5
41E
330
17
100
AcDbEntity
  8
0
100
AcDbLine
 10
329616.89646029193
 20
2793320.2758786995
 30
0.0
 11
329688.9367559511
 21
2793298.9073880217
 31
0.0
  0
LINE
  5
41F
330
17
100
AcDbEntity
  8
0
100
AcDbLine
 10
329552.8122557552
 20
2793106.301510024
 30
0.0
 11
329571.9917797154
 21
2793084.402213869
 31
0.0
  0
LINE
  5
420
330
17
100
AcDbEntity
  8
0
100
AcDbLine
 10
329561.1123032173
 20
2793132.5295154336
 30
0.0
 11
329588.3675177259
 21
2793136.650590193
 31
0.0
  0
LINE
  5
421
330
17
100
AcDbEntity
  8
0
100
AcDbLine
 10
329571.9917797154
 20
2793084.402213869
 30
0.0
 11
329543.17772566166
 21
2793078.9160480844
 31
0.0
  0
LINE
  5
422
330
17
100
AcDbEntity
  8
0
100
AcDbLine
 10
329465.52932704624
 20
2792877.686533269
 30
0.0
 11
329493.0915728807
 21
2792889.3366746004
 31
0.0
  0
LINE
  5
423
330
17
100
AcDbEntity
  8
0
100
AcDbLine
 10
329514.75779292686
 20
2792985.5868955865
 30
0.0
 11
329540.11099800013
 21
2792977.8672455004
 31
0.0
  0
LINE
  5
424
330
17
100
AcDbEntity
  8
0
100
AcDbLine
 10
329453.86666732066
 20
2792840.5004296284
 30
0.0
 11
329456.2024188633
 21
2792791.6055816137
 31
0.0
  0
LWPOLYLINE
  5
425
330
17
100
AcDbEntity
  8
0
100
AcDbPolyline
 90
3
 70
0
 10
329493.0915728807
 20
2792889.3366746004
 10
329456.2024188633
 20
2792791.6055816137
 10
329402.9438890399
 20
2792614.285561811
  0
LWPOLYLINE
  5
426
330
17
100
AcDbEntity
  8
0
100
AcDbPolyline
 90
3
 70
0
 10
329493.0915728807
 20
2792889.3366746004
 10
329590.0654040711
 20
2792840.335060165
 10
329648.34436797415
 20
2792808.50494524
  0
LWPOLYLINE
  5
427
330
17
100
AcDbEntity
  8
0
100
AcDbPolyline
 90
4
 70
0
 10
329576.18945998687
 20
2792703.407651474
 10
329618.1831923633
 20
2792756.097770303
 10
329583.3724480317
 20
2792712.9329354535
 10
329648.34436797415
 20
2792808.50494524
  0
LINE
  5
428
330
17
100
AcDbEntity
  8
0
100
AcDbLine
 10
329618.1831923633
 20
2792756.097770303
 30
0.0
 11
329634.1142676465
 21
2792757.824729076
 31
0.0
  0
LINE
  5
429
330
17
100
AcDbEntity
  8
0
100
AcDbLine
 10
329648.34436797415
 20
2792808.50494524
 30
0.0
 11
329657.8667881905
 21
2792786.9822185594
 31
0.0
  0
LWPOLYLINE
  5
42A
330
17
100
AcDbEntity
  8
0
100
AcDbPolyline
 90
5
 70
0
 10
329590.0654040711
 20
2792840.335060165
 10
329594.8297107356
 20
2792854.6211494263
 10
329595.5209572179
 20
2792856.7061977936
 10
329601.7085681975
 20
2792876.003804973
 10
329604.27110963594
 20
2792891.469749028
  0
LINE
  5
42B
330
17
100
AcDbEntity
  8
0
100
AcDbLine
 10
329402.9438890399
 20
2792614.285561811
 30
0.0
 11
329401.60132519365
 21
2792562.1468991926
 31
0.0
  0
LINE
  5
42C
330
17
100
AcDbEntity
  8
0
100
AcDbLine
 10
329402.9438890399
 20
2792614.285561811
 30
0.0
 11
329420.8261149699
 21
2792613.317864255
 31
0.0
  0
LINE
  5
42D
330
17
100
AcDbEntity
  8
0
100
AcDbLine
 10
329401.60132519365
 20
2792562.1468991926
 30
0.0
 11
329456.0449090225
 21
2792584.8795850067
 31
0.0
  0
LINE
  5
42E
330
17
100
AcDbEntity
  8
0
100
AcDbLine
 10
329401.60132519365
 20
2792562.1468991926
 30
0.0
 11
329346.2579995545
 21
2792496.8527064673
 31
0.0
  0
LINE
  5
42F
330
17
100
AcDbEntity
  8
0
100
AcDbLine
 10
329456.0449090225
 20
2792584.8795850067
 30
0.0
 11
329576.18945998687
 21
2792703.407651474
 31
0.0
  0
LINE
  5
430
330
17
100
AcDbEntity
  8
0
100
AcDbLine
 10
329456.0449090225
 20
2792584.8795850067
 30
0.0
 11
329441.20740410464
 21
2792601.9828415676
 31
0.0
  0
LWPOLYLINE
  5
431
330
17
100
AcDbEntity
  8
0
100
AcDbPolyline
 90
3
 70
0
 10
329346.2579995545
 20
2792496.8527064673
 10
329368.74769578094
 20
2792480.118124001
 10
329413.91796414705
 20
2792446.591286902
  0
LINE
  5
432
330
17
100
AcDbEntity
  8
0
100
AcDbLine
 10
329346.2579995545
 20
2792496.8527064673
 30
0.0
 11
329338.34806163446
 21
2792527.9710994763
 31
0.0
  0
LINE
  5
433
330
17
100
AcDbEntity
  8
0
100
AcDbLine
 10
329456.2024188633
 20
2792791.6055816137
 30
0.0
 11
329583.3724480317
 21
2792712.9329354535
 31
0.0
  0
LINE
  5
434
330
17
100
AcDbEntity
  8
0
100
AcDbLine
 10
329576.18945998687
 20
2792703.407651474
 30
0.0
 11
329588.94776759006
 21
2792703.6125208456
 31
0.0
  0
LINE
  5
435
330
17
100
AcDbEntity
  8
0
100
AcDbLine
 10
329420.8261149699
 20
2792613.317864255
 30
0.0
 11
329441.20740410464
 21
2792601.9828415676
 31
0.0
  0
LINE
  5
436
330
17
100
AcDbEntity
  8
0
100
AcDbLine
 10
329338.34806163446
 20
2792527.9710994763
 30
0.0
 11
329328.58765892655
 21
2792525.01450823
 31
0.0
  0
LINE
  5
437
330
17
100
AcDbEntity
  8
0
100
AcDbLine
 10
329220.29532313335
 20
2793178.8473405815
 30
0.0
 11
329208.82687803113
 21
2793202.566331509
 31
0.0
  0
LINE
  5
438
330
17
100
AcDbEntity
  8
0
100
AcDbLine
 10
328872.1545460236
 20
2792743.246752729
 30
0.0
 11
328900.574614267
 21
2792724.6638100646
 31
0.0
  0
LINE
  5
439
330
17
100
AcDbEntity
  8
0
100
AcDbLine
 10
328872.1545460236
 20
2792743.246752729
 30
0.0
 11
328874.4621971651
 21
2792726.5450078985
 31
0.0
  0
LINE
  5
43A
330
17
100
AcDbEntity
  8
0
100
AcDbLine
 10
328902.61661832576
 20
2792728.382386126
 30
0.0
 11
329040.6044010583
 21
2792650.3985272925
 31
0.0
  0
LWPOLYLINE
  5
43B
330
17
100
AcDbEntity
  8
0
100
AcDbPolyline
 90
6
 70
0
 10
329893.61962309945
 20
2791938.639048671
 10
329885.20763473155
 20
2791889.868467879
 10
329883.9724917598
 20
2791881.3871361953
 10
329880.2699799269
 20
2791856.1757439114
 10
329882.70912326477
 20
2791872.2636330505
 10
329881.32467273856
 20
2791843.888017958
  0
LINE
  5
43C
330
17
100
AcDbEntity
  8
0
100
AcDbLine
 10
329880.2699799269
 20
2791856.1757439114
 30
0.0
 11
329861.98274195264
 21
2791846.6458708467
 31
0.0
  0
LWPOLYLINE
  5
43D
330
17
100
AcDbEntity
  8
0
100
AcDbPolyline
 90
5
 70
0
 10
328697.7164557943
 20
2791957.8003807133
 10
328682.8582413808
 20
2791947.7855216274
 10
328673.7086367634
 20
2791941.3874190906
 10
328675.9547587334
 20
2791942.909919992
 10
328671.19903163787
 20
2791939.746394915
  0
LWPOLYLINE
  5
43E
330
17
100
AcDbEntity
  8
0
100
AcDbPolyline
 90
3
 70
0
 10
328671.19903163787
 20
2791939.746394915
 10
328674.8132893542
 20
2791933.9289448354
 10
328678.95084940054
 20
2791927.2629351425
  0
LINE
  5
43F
330
17
100
AcDbEntity
  8
0
100
AcDbLine
 10
328671.19903163787
 20
2791939.746394915
 30
0.0
 11
328659.01671957015
 21
2791980.324652324
 31
0.0
  0
LWPOLYLINE
  5
440
330
17
100
AcDbEntity
  8
0
100
AcDbPolyline
 90
6
 70
0
 10
328739.188656745
 20
2791973.604627948
 10
328706.7303487003
 20
2791954.2742304537
 10
328690.8170247538
 20
2791935.7314952747
 10
328681.21782326
 20
2791928.8405635953
 10
328683.36348039325
 20
2791930.386493775
 10
328678.95084940054
 20
2791927.2629351425
  0
LINE
  5
441
330
17
100
AcDbEntity
  8
0
100
AcDbLine
 10
328678.95084940054
 20
2791927.2629351425
 30
0.0
 11
328765.4402226013
 21
2791887.040477277
 31
0.0
  0
LINE
  5
442
330
17
100
AcDbEntity
  8
0
100
AcDbLine
 10
330259.6089318164
 20
2793049.6676365915
 30
0.0
 11
330265.5458612131
 21
2793059.507983158
 31
0.0
  0
LWPOLYLINE
  5
443
330
17
100
AcDbEntity
  8
0
100
AcDbPolyline
 90
3
 70
0
 10
330282.89446817874
 20
2793054.604301853
 10
330273.8115974356
 20
2793061.43155081
 10
330270.12316759443
 20
2793065.3772986224
  0
LWPOLYLINE
  5
444
330
17
100
AcDbEntity
  8
0
100
AcDbPolyline
 90
3
 70
0
 10
330265.5458612131
 20
2793059.507983158
 10
330165.9116355581
 20
2793050.721817356
 10
330273.8115974356
 20
2793061.43155081
  0
LWPOLYLINE
  5
445
330
17
100
AcDbEntity
  8
0
100
AcDbPolyline
 90
4
 70
0
 10
330267.71312873624
 20
2793069.229460671
 10
330258.8715466529
 20
2793110.5396212917
 10
330238.29208772874
 20
2793179.9248359175
 10
330218.0845724118
 20
2793225.14422661
  0
LINE
  5
446
330
17
100
AcDbEntity
  8
0
100
AcDbLine
 10
330126.9575787653
 20
2793190.894001625
 30
0.0
 11
330087.1564634566
 21
2793228.2727255668
 31
0.0
  0
LWPOLYLINE
  5
447
330
17
100
AcDbEntity
  8
0
100
AcDbPolyline
 90
3
 70
0
 10
330126.9575787653
 20
2793190.894001625
 10
330168.4232326244
 20
2793224.2832079553
 10
330190.0606050382
 20
2793249.6350665153
  0
LINE
  5
448
330
17
100
AcDbEntity
  8
0
100
AcDbLine
 10
330087.1564634566
 20
2793228.2727255668
 30
0.0
 11
330034.9037998188
 21
2793193.579146592
 31
0.0
  0
LINE
  5
449
330
17
100
AcDbEntity
  8
0
100
AcDbLine
 10
330087.1564634566
 20
2793228.2727255668
 30
0.0
 11
330085.0687804795
 21
2793247.3531938875
 31
0.0
  0
LINE
  5
44A
330
17
100
AcDbEntity
  8
0
100
AcDbLine
 10
330168.4232326244
 20
2793224.2832079553
 30
0.0
 11
330191.99949985516
 21
2793202.6398262563
 31
0.0
  0
LWPOLYLINE
  5
44B
330
17
100
AcDbEntity
  8
0
100
AcDbPolyline
 90
3
 70
0
 10
330218.0845724118
 20
2793225.14422661
 10
330213.265574763
 20
2793234.532426029
 10
330208.6661577006
 20
2793248.5706488653
  0
LWPOLYLINE
  5
44C
330
17
100
AcDbEntity
  8
0
100
AcDbPolyline
 90
3
 70
0
 10
330218.0845724118
 20
2793225.14422661
 10
330248.44035297557
 20
2793237.1263273084
 10
330279.099812128
 20
2793249.2265404863
  0
LINE
  5
44D
330
17
100
AcDbEntity
  8
0
100
AcDbLine
 10
330213.265574763
 20
2793234.532426029
 30
0.0
 11
330203.5524897265
 21
2793244.1149995537
 31
0.0
  0
LINE
  5
44E
330
17
100
AcDbEntity
  8
0
100
AcDbLine
 10
330248.44035297557
 20
2793237.1263273084
 30
0.0
 11
330244.8123666969
 21
2793255.5170917897
 31
0.0
  0
LWPOLYLINE
  5
44F
330
17
100
AcDbEntity
  8
0
100
AcDbPolyline
 90
4
 70
0
 10
330208.9666973267
 20
2793273.3152216272
 10
330085.0687804795
 20
2793247.3531938875
 10
330191.3534391164
 20
2793265.139173994
 10
330063.57573887886
 20
2793242.3278970346
  0
LINE
  5
450
330
17
100
AcDbEntity
  8
0
100
AcDbLine
 10
330208.6661577006
 20
2793248.5706488653
 30
0.0
 11
330192.1856828174
 21
2793253.585405385
 31
0.0
  0
LINE
  5
451
330
17
100
AcDbEntity
  8
0
100
AcDbLine
 10
330192.1856828174
 20
2793253.585405385
 30
0.0
 11
330191.3534391164
 21
2793265.139173994
 31
0.0
  0
LINE
  5
452
330
17
100
AcDbEntity
  8
0
100
AcDbLine
 10
329876.34122160333
 20
2793049.4861112894
 30
0.0
 11
329856.83225704764
 21
2793045.23378468
 31
0.0
  0
LINE
  5
453
330
17
100
AcDbEntity
  8
0
100
AcDbLine
 10
329878.95695273514
 20
2793081.225084715
 30
0.0
 11
329867.8253167921
 21
2793097.372878843
 31
0.0
  0
LINE
  5
454
330
17
100
AcDbEntity
  8
0
100
AcDbLine
 10
329999.7226379914
 20
2793220.1543827364
 30
0.0
 11
329950.71416602714
 21
2793261.615207261
 31
0.0
  0
LWPOLYLINE
  5
455
330
17
100
AcDbEntity
  8
0
100
AcDbPolyline
 90
6
 70
0
 10
329867.8253167921
 20
2793097.372878843
 10
329840.9097414542
 20
2793119.446582934
 10
329837.18007888424
 20
2793122.506732566
 10
329834.82665349764
 20
2793124.441764409
 10
329800.66288060206
 20
2793152.5888944115
 10
329777.0060383218
 20
2793169.3928927435
  0
LINE
  5
456
330
17
100
AcDbEntity
  8
0
100
AcDbLine
 10
330130.7159954172
 20
2793545.4994226047
 30
0.0
 11
330167.0991442377
 21
2793494.3493495383
 31
0.0
  0
LINE
  5
457
330
17
100
AcDbEntity
  8
0
100
AcDbLine
 10
330130.7159954172
 20
2793545.4994226047
 30
0.0
 11
330062.3652679266
 21
2793571.7822203357
 31
0.0
  0
LINE
  5
458
330
17
100
AcDbEntity
  8
0
100
AcDbLine
 10
330170.159590279
 20
2793135.4819716965
 30
0.0
 11
330168.5928678928
 21
2793146.313811432
 31
0.0
  0
LWPOLYLINE
  5
459
330
17
100
AcDbEntity
  8
0
100
AcDbPolyline
 90
3
 70
0
 10
329908.0840484962
 20
2793371.214713945
 10
329864.9381292957
 20
2793323.6121104
 10
329932.30806160986
 20
2793401.939747271
  0
LINE
  5
45A
330
17
100
AcDbEntity
  8
0
100
AcDbLine
 10
329908.0840484962
 20
2793371.214713945
 30
0.0
 11
329908.8898839839
 21
2793409.65652852
 31
0.0
  0
LWPOLYLINE
  5
45B
330
17
100
AcDbEntity
  8
0
100
AcDbPolyline
 90
3
 70
0
 10
329932.30806160986
 20
2793401.939747271
 10
329908.8898839839
 20
2793409.65652852
 10
329955.7980783756
 20
2793393.524187608
  0
LWPOLYLINE
  5
45C
330
17
100
AcDbEntity
  8
0
100
AcDbPolyline
 90
3
 70
0
 10
329864.9381292957
 20
2793323.6121104
 10
329922.57360753673
 20
2793508.345066904
 10
329870.9899934252
 20
2793420.2696297728
  0
LINE
  5
45D
330
17
100
AcDbEntity
  8
0
100
AcDbLine
 10
329908.8898839839
 20
2793409.65652852
 30
0.0
 11
329935.9763199572
 21
2793492.5564653333
 31
0.0
  0
LINE
  5
45E
330
17
100
AcDbEntity
  8
0
100
AcDbLine
 10
329870.9899934252
 20
2793420.2696297728
 30
0.0
 11
329852.17873590987
 21
2793426.5881199576
 31
0.0
  0
LINE
  5
45F
330
17
100
AcDbEntity
  8
0
100
AcDbLine
 10
329870.9899934252
 20
2793420.2696297728
 30
0.0
 11
329922.57360753673
 21
2793508.345066904
 31
0.0
  0
LWPOLYLINE
  5
460
330
17
100
AcDbEntity
  8
0
100
AcDbPolyline
 90
4
 70
0
 10
329922.57360753673
 20
2793508.345066904
 10
329935.9763199572
 20
2793492.5564653333
 10
329946.0536283667
 20
2793480.7202457394
 10
329953.2180150038
 20
2793471.9892807263
  0
LINE
  5
461
330
17
100
AcDbEntity
  8
0
100
AcDbLine
 10
329857.2367009064
 20
2793443.42961741
 30
0.0
 11
329843.73403128155
 21
2793447.266324074
 31
0.0
  0
LINE
  5
462
330
17
100
AcDbEntity
  8
0
100
AcDbLine
 10
329946.0536283667
 20
2793480.7202457394
 30
0.0
 11
329962.9002283785
 21
2793493.635937218
 31
0.0
  0
LINE
  5
463
330
17
100
AcDbEntity
  8
0
100
AcDbLine
 10
329911.972263208
 20
2793555.4161364813
 30
0.0
 11
329878.277819291
 21
2793513.466333226
 31
0.0
  0
LWPOLYLINE
  5
464
330
17
100
AcDbEntity
  8
0
100
AcDbPolyline
 90
3
 70
0
 10
329622.18285565067
 20
2792970.4745104364
 10
329632.30312376295
 20
2793003.6366545153
 10
329649.7696842798
 20
2793060.911874191
  0
LWPOLYLINE
  5
465
330
17
100
AcDbEntity
  8
0
100
AcDbPolyline
 90
3
 70
0
 10
329622.18285565067
 20
2792970.4745104364
 10
329645.0410068763
 20
2792963.838904295
 10
329594.7669806591
 20
2792978.419390755
  0
LWPOLYLINE
  5
466
330
17
100
AcDbEntity
  8
0
100
AcDbPolyline
 90
6
 70
0
 10
329632.30312376295
 20
2793003.6366545153
 10
329669.9385221944
 20
2792992.7382594477
 10
329684.9667000538
 20
2792988.394768324
 10
329704.80322616943
 20
2792982.6392389163
 10
329726.869738988
 20
2792976.346079751
 10
329730.1222201092
 20
2792975.3967398526
  0
LINE
  5
467
330
17
100
AcDbEntity
  8
0
100
AcDbLine
 10
329730.1222201092
 20
2792975.3967398526
 30
0.0
 11
329754.0420869135
 21
2792959.453462087
 31
0.0
  0
LINE
  5
468
330
17
100
AcDbEntity
  8
0
100
AcDbLine
 10
329730.1222201092
 20
2792975.3967398526
 30
0.0
 11
329742.4378563445
 21
2792987.6823977428
 31
0.0
  0
LWPOLYLINE
  5
469
330
17
100
AcDbEntity
  8
0
100
AcDbPolyline
 90
3
 70
0
 10
329684.9667000538
 20
2792988.394768324
 10
329636.4620719814
 20
2792915.458230475
 10
329629.62499381474
 20
2792897.3873779923
  0
LINE
  5
46A
330
17
100
AcDbEntity
  8
0
100
AcDbLine
 10
329669.9385221944
 20
2792992.7382594477
 30
0.0
 11
329688.3170002827
 21
2793013.621660106
 31
0.0
  0
LWPOLYLINE
  5
46B
330
17
100
AcDbEntity
  8
0
100
AcDbPolyline
 90
3
 70
0
 10
329614.33408401906
 20
2793071.2619626983
 10
329617.293633017
 20
2793079.854503752
 10
329620.5824556049
 20
2793090.592044045
  0
LINE
  5
46C
330
17
100
AcDbEntity
  8
0
100
AcDbLine
 10
329566.3664709951
 20
2793192.8942227056
 30
0.0
 11
329573.5392852619
 21
2793176.84033881
 31
0.0
  0
LINE
  5
46D
330
17
100
AcDbEntity
  8
0
100
AcDbLine
 10
329569.31402247533
 20
2793302.884553268
 30
0.0
 11
329499.28747790493
 21
2793335.328549366
 31
0.0
  0
LINE
  5
46E
330
17
100
AcDbEntity
  8
0
100
AcDbLine
 10
329554.17524513457
 20
2793252.8473042874
 30
0.0
 11
329558.42937511054
 21
2793225.8518113424
 31
0.0
  0
LWPOLYLINE
  5
46F
330
17
100
AcDbEntity
  8
0
100
AcDbPolyline
 90
8
 70
0
 10
329499.28747790493
 20
2793335.328549366
 10
329553.0494011473
 20
2793508.0893919133
 10
329478.28620723175
 20
2793267.828661951
 10
329470.86212459806
 20
2793243.960363634
 10
329462.3355998964
 20
2793216.560980898
 10
329460.44539830263
 20
2793210.4807882356
 10
329442.07968351676
 20
2793151.466759615
 10
329436.92386663344
 20
2793134.90356607
  0
LINE
  5
470
330
17
100
AcDbEntity
  8
0
100
AcDbLine
 10
329478.28620723175
 20
2793267.828661951
 30
0.0
 11
329551.6086944055
 21
2793244.2609007303
 31
0.0
  0
LWPOLYLINE
  5
471
330
17
100
AcDbEntity
  8
0
100
AcDbPolyline
 90
4
 70
0
 10
329612.80130320735
 20
2793489.4564767145
 10
329608.2762149569
 20
2793430.965839027
 10
329599.2509041537
 20
2793402.3319298998
 10
329600.5477565409
 20
2793371.7179397894
  0
LINE
  5
472
330
17
100
AcDbEntity
  8
0
100
AcDbLine
 10
329530.8005390167
 20
2793515.0277315313
 30
0.0
 11
329498.0480642107
 21
2793522.331161082
 31
0.0
  0
LWPOLYLINE
  5
473
330
17
100
AcDbEntity
  8
0
100
AcDbPolyline
 90
3
 70
0
 10
329660.803511322
 20
2793078.6196992667
 10
329631.41559511074
 20
2793087.564223441
 10
329731.0574880908
 20
2793057.7060717703
  0
LINE
  5
474
330
17
100
AcDbEntity
  8
0
100
AcDbLine
 10
329620.5824556049
 20
2793090.592044045
 30
0.0
 11
329572.08497562376
 21
2793105.39399281
 31
0.0
  0
LINE
  5
475
330
17
100
AcDbEntity
  8
0
100
AcDbLine
 10
329620.5824556049
 20
2793090.592044045
 30
0.0
 11
329621.30175238894
 21
2793078.906695703
 31
0.0
  0
LWPOLYLINE
  5
476
330
17
100
AcDbEntity
  8
0
100
AcDbPolyline
 90
3
 70
0
 10
329583.09208486637
 20
2793120.9751062975
 10
329588.3675177259
 20
2793136.650590193
 10
329590.72733707074
 20
2793143.2233940284
  0
LINE
  5
477
330
17
100
AcDbEntity
  8
0
100
AcDbLine
 10
329590.72733707074
 20
2793143.2233940284
 30
0.0
 11
329647.13035375706
 21
2793182.5491043255
 31
0.0
  0
LWPOLYLINE
  5
478
330
17
100
AcDbEntity
  8
0
100
AcDbPolyline
 90
7
 70
0
 10
329784.55470273667
 20
2793143.15366847
 10
329790.3319771151
 20
2793142.682160546
 10
329776.1179015981
 20
2793145.253887998
 10
329696.44668158353
 20
2793167.183196329
 10
329692.50251354475
 20
2793168.40713026
 10
329651.8171751578
 20
2793181.094242448
 10
329647.13035375706
 20
2793182.5491043255
  0
LWPOLYLINE
  5
479
330
17
100
AcDbEntity
  8
0
100
AcDbPolyline
 90
3
 70
0
 10
329784.55470273667
 20
2793143.15366847
 10
329760.26765889575
 20
2793055.444082821
 10
329776.1179015981
 20
2793145.253887998
  0
LINE
  5
47A
330
17
100
AcDbEntity
  8
0
100
AcDbLine
 10
329790.3319771151
 20
2793142.682160546
 30
0.0
 11
329800.66288060206
 21
2793152.5888944115
 31
0.0
  0
LINE
  5
47B
330
17
100
AcDbEntity
  8
0
100
AcDbLine
 10
329790.3319771151
 20
2793142.682160546
 30
0.0
 11
329805.61673094693
 21
2793127.512297684
 31
0.0
  0
LINE
  5
47C
330
17
100
AcDbEntity
  8
0
100
AcDbLine
 10
329696.44668158353
 20
2793167.183196329
 30
0.0
 11
329704.1434595087
 21
2793191.9344036393
 31
0.0
  0
LINE
  5
47D
330
17
100
AcDbEntity
  8
0
100
AcDbLine
 10
329834.82665349764
 20
2793124.441764409
 30
0.0
 11
329815.35639622004
 21
2793095.2301433105
 31
0.0
  0
LINE
  5
47E
330
17
100
AcDbEntity
  8
0
100
AcDbLine
 10
329690.76075235894
 20
2793195.7143465383
 30
0.0
 11
329706.7394281933
 21
2793230.8743698453
 31
0.0
  0
LWPOLYLINE
  5
47F
330
17
100
AcDbEntity
  8
0
100
AcDbPolyline
 90
3
 70
0
 10
329733.3421144559
 20
2791862.07797835
 10
329738.50967773737
 20
2791873.1685622125
 10
329747.93370919663
 20
2791914.238190806
  0
LWPOLYLINE
  5
480
330
17
100
AcDbEntity
  8
0
100
AcDbPolyline
 90
3
 70
0
 10
329733.3421144559
 20
2791862.07797835
 10
329595.1988414688
 20
2791856.626977263
 10
329613.78611831705
 20
2791876.366692522
  0
LINE
  5
481
330
17
100
AcDbEntity
  8
0
100
AcDbLine
 10
329738.50967773737
 20
2791873.1685622125
 30
0.0
 11
329722.00517587503
 21
2791901.226423921
 31
0.0
  0
LWPOLYLINE
  5
482
330
17
100
AcDbEntity
  8
0
100
AcDbPolyline
 90
3
 70
0
 10
329613.78611831705
 20
2791876.366692522
 10
329609.1178364259
 20
2791878.530296246
 10
329497.83802442416
 20
2791938.678740166
  0
LINE
  5
483
330
17
100
AcDbEntity
  8
0
100
AcDbLine
 10
329613.78611831705
 20
2791876.366692522
 30
0.0
 11
329619.90114147426
 21
2791889.0737836943
 31
0.0
  0
LINE
  5
484
330
17
100
AcDbEntity
  8
0
100
AcDbLine
 10
328842.2883569263
 20
2792611.6731802286
 30
0.0
 11
329004.3672882224
 21
2792522.4502051556
 31
0.0
  0
LWPOLYLINE
  5
485
330
17
100
AcDbEntity
  8
0
100
AcDbPolyline
 90
4
 70
0
 10
328651.5090423224
 20
2792721.0361627513
 10
328804.4410939573
 20
2792635.3385084257
 10
328797.3277453858
 20
2792639.3280140897
 10
328843.0919331906
 20
2792613.0699346173
  0
LINE
  5
486
330
17
100
AcDbEntity
  8
0
100
AcDbLine
 10
328797.3277453858
 20
2792639.3280140897
 30
0.0
 11
328760.3494373982
 21
2792613.8178060693
 31
0.0
  0
LINE
  5
487
330
17
100
AcDbEntity
  8
0
100
AcDbLine
 10
328594.4757979617
 20
2792971.1383480546
 30
0.0
 11
328537.90601061797
 21
2793116.1257768446
 31
0.0
  0
LWPOLYLINE
  5
488
330
17
100
AcDbEntity
  8
0
100
AcDbPolyline
 90
3
 70
0
 10
328010.9324091554
 20
2791604.3553048437
 10
328020.8786237058
 20
2791620.2700761375
 10
327974.6752561704
 20
2791568.535135592
  0
LWPOLYLINE
  5
489
330
17
100
AcDbEntity
  8
0
100
AcDbPolyline
 90
5
 70
0
 10
328010.9324091554
 20
2791604.3553048437
 10
328000.5028503201
 20
2791659.8342427267
 10
327995.3574203901
 20
2791680.7376214215
 10
327993.0149049804
 20
2791692.255427699
 10
327983.4382134364
 20
2791718.1005917056
  0
LINE
  5
48A
330
17
100
AcDbEntity
  8
0
100
AcDbLine
 10
328000.5028503201
 20
2791659.8342427267
 30
0.0
 11
327965.6698516141
 21
2791671.0448943325
 31
0.0
  0
LWPOLYLINE
  5
48B
330
17
100
AcDbEntity
  8
0
100
AcDbPolyline
 90
4
 70
0
 10
328020.8786237058
 20
2791620.2700761375
 10
328001.92447617836
 20
2791694.789880524
 10
327999.1157490378
 20
2791729.0902776606
 10
327997.93475903047
 20
2791743.9943140964
  0
LINE
  5
48C
330
17
100
AcDbEntity
  8
0
100
AcDbLine
 10
327999.1157490378
 20
2791729.0902776606
 30
0.0
 11
327983.4382134364
 21
2791718.1005917056
 31
0.0
  0
LWPOLYLINE
  5
48D
330
17
100
AcDbEntity
  8
0
100
AcDbPolyline
 90
3
 70
0
 10
327983.4382134364
 20
2791718.1005917056
 10
327966.77654032514
 20
2791741.4656884745
 10
327961.24659813766
 20
2791748.7589312973
  0
LINE
  5
48E
330
17
100
AcDbEntity
  8
0
100
AcDbLine
 10
327966.77654032514
 20
2791741.4656884745
 30
0.0
 11
327982.54600543773
 21
2791752.553889481
 31
0.0
  0
LWPOLYLINE
  5
48F
330
17
100
AcDbEntity
  8
0
100
AcDbPolyline
 90
5
 70
0
 10
327969.29886973643
 20
2791757.574489593
 10
327997.93475903047
 20
2791743.9943140964
 10
327982.54600543773
 20
2791752.553889481
 10
328000.5231582996
 20
2791742.3107763254
 10
327971.46258293034
 20
2791761.3246362093
  0
LINE
  5
490
330
17
100
AcDbEntity
  8
0
100
AcDbLine
 10
327961.24659813766
 20
2791748.7589312973
 30
0.0
 11
327926.5618230781
 21
2791767.644977143
 31
0.0
  0
LWPOLYLINE
  5
491
330
17
100
AcDbEntity
  8
0
100
AcDbPolyline
 90
3
 70
0
 10
327961.24659813766
 20
2791748.7589312973
 10
327969.29886973643
 20
2791757.574489593
 10
327971.46258293034
 20
2791761.3246362093
  0
LINE
  5
492
330
17
100
AcDbEntity
  8
0
100
AcDbLine
 10
328000.5231582996
 20
2791742.3107763254
 30
0.0
 11
328020.06810058997
 21
2791715.0871283957
 31
0.0
  0
LWPOLYLINE
  5
493
330
17
100
AcDbEntity
  8
0
100
AcDbPolyline
 90
3
 70
0
 10
327887.0121299331
 20
2791761.3237175127
 10
327926.5618230781
 20
2791767.644977143
 10
327892.1846741869
 20
2791771.095340519
  0
LWPOLYLINE
  5
494
330
17
100
AcDbEntity
  8
0
100
AcDbPolyline
 90
4
 70
0
 10
327920.67697362695
 20
2791794.5732349213
 10
327930.45926885767
 20
2791778.573873558
 10
327914.97545449744
 20
2791812.9357554256
 10
327920.67697362695
 20
2791794.5732349213
  0
LWPOLYLINE
  5
495
330
17
100
AcDbEntity
  8
0
100
AcDbPolyline
 90
3
 70
0
 10
327920.67697362695
 20
2791794.5732349213
 10
327976.22401615407
 20
2791856.8796146377
 10
328028.53684522386
 20
2791950.9661791855
  0
LINE
  5
496
330
17
100
AcDbEntity
  8
0
100
AcDbLine
 10
327957.70444600016
 20
2791761.023154156
 30
0.0
 11
327951.0607725361
 21
2791801.1883502696
 31
0.0
  0
LINE
  5
497
330
17
100
AcDbEntity
  8
0
100
AcDbLine
 10
330108.4861206955
 20
2793355.0478598257
 30
0.0
 11
330119.22990538797
 21
2793355.3449580735
 31
0.0
  0
LINE
  5
498
330
17
100
AcDbEntity
  8
0
100
AcDbLine
 10
330172.042858258
 20
2793446.762450545
 30
0.0
 11
330167.0991442377
 21
2793494.3493495383
 31
0.0
  0
LWPOLYLINE
  5
499
330
17
100
AcDbEntity
  8
0
100
AcDbPolyline
 90
4
 70
0
 10
328710.297375006
 20
2792232.101323331
 10
328713.1761330095
 20
2792237.4377679536
 10
328712.0617391439
 20
2792235.369188983
 10
328717.8427438857
 20
2792245.5100326263
  0
LINE
  5
49A
330
17
100
AcDbEntity
  8
0
100
AcDbLine
 10
328713.1761330095
 20
2792237.4377679536
 30
0.0
 11
328776.26727953774
 21
2792339.776500132
 31
0.0
  0
LWPOLYLINE
  5
49B
330
17
100
AcDbEntity
  8
0
100
AcDbPolyline
 90
4
 70
0
 10
328672.53514228633
 20
2792266.5338018253
 10
328717.8427438857
 20
2792245.5100326263
 10
328696.3712003484
 20
2792253.5032766266
 10
328769.9841793795
 20
2792232.6199062523
  0
LWPOLYLINE
  5
49C
330
17
100
AcDbEntity
  8
0
100
AcDbPolyline
 90
6
 70
0
 10
328712.0617391439
 20
2792235.369188983
 10
328817.61976333207
 20
2792178.9530895804
 10
328697.7477702743
 20
2792243.6484855968
 10
328664.0328098777
 20
2792262.6976454128
 10
328639.4120014696
 20
2792276.6133400314
 10
328381.88597039203
 20
2792384.365976883
  0
LINE
  5
49D
330
17
100
AcDbEntity
  8
0
100
AcDbLine
 10
328816.1994336817
 20
2791833.2677741856
 30
0.0
 11
328897.6058313696
 21
2791939.2638517646
 31
0.0
  0
LWPOLYLINE
  5
49E
330
17
100
AcDbEntity
  8
0
100
AcDbPolyline
 90
3
 70
0
 10
328816.1994336817
 20
2791833.2677741856
 10
328867.99544856173
 20
2791836.755946087
 10
328427.4674658086
 20
2791857.299951506
  0
LWPOLYLINE
  5
49F
330
17
100
AcDbEntity
  8
0
100
AcDbPolyline
 90
3
 70
0
 10
328812.31880231586
 20
2791838.7451278474
 10
328459.91400459874
 20
2791847.0291308477
 10
328798.6484524469
 20
2791840.5908402093
  0
LWPOLYLINE
  5
4A0
330
17
100
AcDbEntity
  8
0
100
AcDbPolyline
 90
4
 70
0
 10
328897.6058313696
 20
2791939.2638517646
 10
328899.82118959486
 20
2791945.5282026464
 10
328904.59561919153
 20
2791964.5221686685
 10
328907.81479431724
 20
2791985.629558374
  0
LWPOLYLINE
  5
4A1
330
17
100
AcDbEntity
  8
0
100
AcDbPolyline
 90
6
 70
0
 10
328427.4674658086
 20
2791857.299951506
 10
328273.30601940997
 20
2791952.2893251292
 10
328258.22170852334
 20
2791961.010903067
 10
328244.12088681996
 20
2791968.6232820405
 10
328135.67602691415
 20
2792029.378866522
 10
328130.5944540265
 20
2792034.6833631354
  0
LWPOLYLINE
  5
4A2
330
17
100
AcDbEntity
  8
0
100
AcDbPolyline
 90
3
 70
0
 10
328427.4674658086
 20
2791857.299951506
 10
328419.6778191293
 20
2791842.9417536976
 10
328415.85440773715
 20
2791835.434946139
  0
LWPOLYLINE
  5
4A3
330
17
100
AcDbEntity
  8
0
100
AcDbPolyline
 90
3
 70
0
 10
328867.99544856173
 20
2791836.755946087
 10
328937.38853694487
 20
2791998.3943293057
 10
328952.88727671327
 20
2791997.72207163
  0
LWPOLYLINE
  5
4A4
330
17
100
AcDbEntity
  8
0
100
AcDbPolyline
 90
3
 70
0
 10
328600.44053795276
 20
2792301.467704716
 10
328570.9240713832
 20
2792340.127602129
 10
328584.31896276475
 20
2792318.964868298
  0
LINE
  5
4A5
330
17
100
AcDbEntity
  8
0
100
AcDbLine
 10
328570.9240713832
 20
2792340.127602129
 30
0.0
 11
328498.8724138964
 21
2792406.2243204275
 31
0.0
  0
LWPOLYLINE
  5
4A6
330
17
100
AcDbEntity
  8
0
100
AcDbPolyline
 90
3
 70
0
 10
328584.31896276475
 20
2792318.964868298
 10
328603.9419423712
 20
2792309.8205683045
 10
328613.76132813224
 20
2792304.67780657
  0
LINE
  5
4A7
330
17
100
AcDbEntity
  8
0
100
AcDbLine
 10
328584.31896276475
 20
2792318.964868298
 30
0.0
 11
328614.3097882217
 21
2792328.8876279653
 31
0.0
  0
LWPOLYLINE
  5
4A8
330
17
100
AcDbEntity
  8
0
100
AcDbPolyline
 90
3
 70
0
 10
328498.8724138964
 20
2792406.2243204275
 10
328489.47256158886
 20
2792390.402039641
 10
328481.4147483194
 20
2792373.1447522338
  0
LWPOLYLINE
  5
4A9
330
17
100
AcDbEntity
  8
0
100
AcDbPolyline
 90
3
 70
0
 10
328498.8724138964
 20
2792406.2243204275
 10
328367.86167494225
 20
2792429.7537248353
 10
328301.38019937766
 20
2792458.2814463675
  0
LINE
  5
4AA
330
17
100
AcDbEntity
  8
0
100
AcDbLine
 10
328613.76132813224
 20
2792304.67780657
 30
0.0
 11
328628.6771073601
 21
2792291.4167158874
 31
0.0
  0
LINE
  5
4AB
330
17
100
AcDbEntity
  8
0
100
AcDbLine
 10
328614.3097882217
 20
2792328.8876279653
 30
0.0
 11
328597.6312456154
 21
2792367.6396669797
 31
0.0
  0
LINE
  5
4AC
330
17
100
AcDbEntity
  8
0
100
AcDbLine
 10
328646.0974893931
 20
2792281.7907838644
 30
0.0
 11
328672.53514228633
 21
2792266.5338018253
 31
0.0
  0
LINE
  5
4AD
330
17
100
AcDbEntity
  8
0
100
AcDbLine
 10
328489.47256158886
 20
2792390.402039641
 30
0.0
 11
328366.2598331077
 21
2792413.090372876
 31
0.0
  0
LWPOLYLINE
  5
4AE
330
17
100
AcDbEntity
  8
0
100
AcDbPolyline
 90
3
 70
0
 10
328367.86167494225
 20
2792429.7537248353
 10
328366.2598331077
 20
2792413.090372876
 10
328368.0663485282
 20
2792394.2567860587
  0
LINE
  5
4AF
330
17
100
AcDbEntity
  8
0
100
AcDbLine
 10
328367.86167494225
 20
2792429.7537248353
 30
0.0
 11
328317.18048096355
 21
2792419.473645912
 31
0.0
  0
LINE
  5
4B0
330
17
100
AcDbEntity
  8
0
100
AcDbLine
 10
328366.2598331077
 20
2792413.090372876
 30
0.0
 11
328305.9419821142
 21
2792378.671450549
 31
0.0
  0
LWPOLYLINE
  5
4B1
330
17
100
AcDbEntity
  8
0
100
AcDbPolyline
 90
5
 70
0
 10
328317.18048096355
 20
2792419.473645912
 10
328188.99335295823
 20
2792255.0947448662
 10
328173.30106682645
 20
2792225.4273234215
 10
328153.69164560875
 20
2792180.089774775
 10
328149.0405796906
 20
2792175.651113665
  0
LINE
  5
4B2
330
17
100
AcDbEntity
  8
0
100
AcDbLine
 10
328317.18048096355
 20
2792419.473645912
 30
0.0
 11
328301.38019937766
 21
2792458.2814463675
 31
0.0
  0
LINE
  5
4B3
330
17
100
AcDbEntity
  8
0
100
AcDbLine
 10
328301.38019937766
 20
2792458.2814463675
 30
0.0
 11
328306.7736041378
 21
2792498.205088284
 31
0.0
  0
LINE
  5
4B4
330
17
100
AcDbEntity
  8
0
100
AcDbLine
 10
328135.67602691415
 20
2792029.378866522
 30
0.0
 11
328114.3818042283
 21
2792041.0265660016
 31
0.0
  0
LWPOLYLINE
  5
4B5
330
17
100
AcDbEntity
  8
0
100
AcDbPolyline
 90
4
 70
0
 10
328273.30601940997
 20
2791952.2893251292
 10
328257.65205728693
 20
2791992.347096453
 10
328250.5667451456
 20
2792010.4722183435
 10
328244.13681643136
 20
2792027.835714532
  0
LINE
  5
4B6
330
17
100
AcDbEntity
  8
0
100
AcDbLine
 10
328278.99603289604
 20
2791951.253327657
 30
0.0
 11
328295.8977402082
 21
2791953.143723162
 31
0.0
  0
LWPOLYLINE
  5
4B7
330
17
100
AcDbEntity
  8
0
100
AcDbPolyline
 90
3
 70
0
 10
328278.99603289604
 20
2791951.253327657
 10
328447.2355642435
 20
2791853.991799867
 10
328459.91400459874
 20
2791847.0291308477
  0
LWPOLYLINE
  5
4B8
330
17
100
AcDbEntity
  8
0
100
AcDbPolyline
 90
5
 70
0
 10
328258.22170852334
 20
2791961.010903067
 10
328248.1527869713
 20
2791989.3768501244
 10
328241.9712459493
 20
2792004.876067225
 10
328202.22633144225
 20
2792105.338601595
 10
328173.88639685523
 20
2792178.6812077565
  0
LWPOLYLINE
  5
4B9
330
17
100
AcDbEntity
  8
0
100
AcDbPolyline
 90
3
 70
0
 10
328769.9841793795
 20
2792232.6199062523
 10
328881.65238564316
 20
2792127.1064114994
 10
328908.3488225172
 20
2792145.823191025
  0
LINE
  5
4BA
330
17
100
AcDbEntity
  8
0
100
AcDbLine
 10
328202.22633144225
 20
2792105.338601595
 30
0.0
 11
328184.60998791887
 21
2792097.9404942854
 31
0.0
  0
LWPOLYLINE
  5
4BB
330
17
100
AcDbEntity
  8
0
100
AcDbPolyline
 90
10
 70
0
 10
328241.9712459493
 20
2792004.876067225
 10
328250.5667451456
 20
2792010.4722183435
 10
328255.7864100094
 20
2792013.662947925
 10
328267.7081465557
 20
2792020.934008065
 10
328282.458244165
 20
2792029.5539557636
 10
328294.821967575
 20
2792036.7197264265
 10
328307.0233602404
 20
2792043.7989419624
 10
328331.56719157635
 20
2792058.7532397555
 10
328387.4037270219
 20
2792093.273498128
 10
328410.6225200654
 20
2792107.0482933037
  0
LWPOLYLINE
  5
4BC
330
17
100
AcDbEntity
  8
0
100
AcDbPolyline
 90
3
 70
0
 10
328184.60998791887
 20
2792097.9404942854
 10
328159.8873213519
 20
2792163.3384916233
 10
328153.69164560875
 20
2792180.089774775
  0
LWPOLYLINE
  5
4BD
330
17
100
AcDbEntity
  8
0
100
AcDbPolyline
 90
4
 70
0
 10
328184.60998791887
 20
2792097.9404942854
 10
328189.96152251057
 20
2792009.1366530186
 10
328165.05684921
 20
2792093.547021554
 10
328164.2954332335
 20
2792023.265885227
  0
LINE
  5
4BE
330
17
100
AcDbEntity
  8
0
100
AcDbLine
 10
328164.2954332335
 20
2792023.265885227
 30
0.0
 11
328139.63620980317
 21
2792050.8201699187
 31
0.0
  0
LINE
  5
4BF
330
17
100
AcDbEntity
  8
0
100
AcDbLine
 10
328164.2954332335
 20
2792023.265885227
 30
0.0
 11
328189.96152251057
 21
2792009.1366530186
 31
0.0
  0
LINE
  5
4C0
330
17
100
AcDbEntity
  8
0
100
AcDbLine
 10
328248.1527869713
 20
2791989.3768501244
 30
0.0
 11
328244.12088681996
 21
2791968.6232820405
 31
0.0
  0
LWPOLYLINE
  5
4C1
330
17
100
AcDbEntity
  8
0
100
AcDbPolyline
 90
3
 70
0
 10
328908.3488225172
 20
2792145.823191025
 10
328896.33241290523
 20
2792137.400672408
 10
328881.65238564316
 20
2792127.1064114994
  0
LINE
  5
4C2
330
17
100
AcDbEntity
  8
0
100
AcDbLine
 10
328908.3488225172
 20
2792145.823191025
 30
0.0
 11
328952.88727671327
 21
2791997.72207163
 31
0.0
  0
LWPOLYLINE
  5
4C3
330
17
100
AcDbEntity
  8
0
100
AcDbPolyline
 90
3
 70
0
 10
328952.88727671327
 20
2791997.72207163
 10
328937.38853694487
 20
2791998.3943293057
 10
328918.6670558774
 20
2791999.195970039
  0
LWPOLYLINE
  5
4C4
330
17
100
AcDbEntity
  8
0
100
AcDbPolyline
 90
5
 70
0
 10
328914.54580341885
 20
2791962.5241784584
 10
328904.59561919153
 20
2791964.5221686685
 10
328899.35907868284
 20
2791965.5632454026
 10
328882.10203545727
 20
2791969.0273187966
 10
328860.57908495504
 20
2791970.606692534
  0
LINE
  5
4C5
330
17
100
AcDbEntity
  8
0
100
AcDbLine
 10
328918.6670558774
 20
2791999.195970039
 30
0.0
 11
328881.65238564316
 21
2792127.1064114994
 31
0.0
  0
LWPOLYLINE
  5
4C6
330
17
100
AcDbEntity
  8
0
100
AcDbPolyline
 90
11
 70
0
 10
328672.53514228633
 20
2792266.5338018253
 10
328664.0328098777
 20
2792262.6976454128
 10
328659.7116466244
 20
2792259.6283313828
 10
328642.14073186996
 20
2792248.6176181003
 10
328627.5685291651
 20
2792239.684868903
 10
328614.081002077
 20
2792231.2701459345
 10
328580.8854878347
 20
2792210.1879900466
 10
328531.9131531478
 20
2792182.138266367
 10
328522.7313217935
 20
2792176.372131226
 10
328510.5497566357
 20
2792169.2481727246
 10
328498.9368402652
 20
2792162.471517502
  0
LINE
  5
4C7
330
17
100
AcDbEntity
  8
0
100
AcDbLine
 10
328368.0663485282
 20
2792394.2567860587
 30
0.0
 11
328305.9419821142
 21
2792378.671450549
 31
0.0
  0
LINE
  5
4C8
330
17
100
AcDbEntity
  8
0
100
AcDbLine
 10
328305.9419821142
 20
2792378.671450549
 30
0.0
 11
328314.4689976735
 21
2792370.1549489563
 31
0.0
  0
LWPOLYLINE
  5
4C9
330
17
100
AcDbEntity
  8
0
100
AcDbPolyline
 90
6
 70
0
 10
328813.8577093005
 20
2792173.8825955424
 10
328710.297375006
 20
2792232.101323331
 10
328659.7116466244
 20
2792259.6283313828
 10
328694.49631874124
 20
2792240.709634441
 10
328637.81701462186
 20
2792271.6040734826
 10
328381.7126373257
 20
2792379.438406057
  0
LWPOLYLINE
  5
4CA
330
17
100
AcDbEntity
  8
0
100
AcDbPolyline
 90
3
 70
0
 10
328498.9368402652
 20
2792162.471517502
 10
328507.341810875
 20
2792146.689455887
 10
328509.46034735336
 20
2792142.120578014
  0
LINE
  5
4CB
330
17
100
AcDbEntity
  8
0
100
AcDbLine
 10
328498.9368402652
 20
2792162.471517502
 30
0.0
 11
328467.4729316749
 21
2792192.9695790457
 31
0.0
  0
LINE
  5
4CC
330
17
100
AcDbEntity
  8
0
100
AcDbLine
 10
328510.5497566357
 20
2792169.2481727246
 30
0.0
 11
328507.341810875
 21
2792146.689455887
 31
0.0
  0
LWPOLYLINE
  5
4CD
330
17
100
AcDbEntity
  8
0
100
AcDbPolyline
 90
3
 70
0
 10
328467.4729316749
 20
2792192.9695790457
 10
328453.55374025344
 20
2792200.590526799
 10
328522.7313217935
 20
2792176.372131226
  0
LINE
  5
4CE
330
17
100
AcDbEntity
  8
0
100
AcDbLine
 10
328467.4729316749
 20
2792192.9695790457
 30
0.0
 11
328483.7716347586
 21
2792151.2864889726
 31
0.0
  0
LWPOLYLINE
  5
4CF
330
17
100
AcDbEntity
  8
0
100
AcDbPolyline
 90
6
 70
0
 10
328314.4689976735
 20
2792370.1549489563
 10
328317.0088650201
 20
2792365.4477491323
 10
328323.51382853894
 20
2792353.2125003
 10
328335.06204956694
 20
2792334.2442357615
 10
328383.76018682827
 20
2792253.2879022635
 10
328419.52731469035
 20
2792191.88246888
  0
LINE
  5
4D0
330
17
100
AcDbEntity
  8
0
100
AcDbLine
 10
328419.52731469035
 20
2792191.88246888
 30
0.0
 11
328453.55374025344
 21
2792200.590526799
 31
0.0
  0
LINE
  5
4D1
330
17
100
AcDbEntity
  8
0
100
AcDbLine
 10
328419.52731469035
 20
2792191.88246888
 30
0.0
 11
328399.91030546126
 21
2792169.720162095
 31
0.0
  0
LINE
  5
4D2
330
17
100
AcDbEntity
  8
0
100
AcDbLine
 10
328383.76018682827
 20
2792253.2879022635
 30
0.0
 11
328561.2333060181
 21
2792224.195978197
 31
0.0
  0
LINE
  5
4D3
330
17
100
AcDbEntity
  8
0
100
AcDbLine
 10
328383.76018682827
 20
2792253.2879022635
 30
0.0
 11
328318.162100775
 21
2792174.41283139
 31
0.0
  0
LWPOLYLINE
  5
4D4
330
17
100
AcDbEntity
  8
0
100
AcDbPolyline
 90
3
 70
0
 10
328399.91030546126
 20
2792169.720162095
 10
328387.4037270219
 20
2792093.273498128
 10
328397.4681672395
 20
2792151.1509519503
  0
LINE
  5
4D5
330
17
100
AcDbEntity
  8
0
100
AcDbLine
 10
328580.8854878347
 20
2792210.1879900466
 30
0.0
 11
328561.2333060181
 21
2792224.195978197
 31
0.0
  0
LINE
  5
4D6
330
17
100
AcDbEntity
  8
0
100
AcDbLine
 10
328531.9131531478
 20
2792182.138266367
 30
0.0
 11
328503.7839355512
 21
2792211.00981608
 31
0.0
  0
LINE
  5
4D7
330
17
100
AcDbEntity
  8
0
100
AcDbLine
 10
328614.081002077
 20
2792231.2701459345
 30
0.0
 11
328561.2333060181
 21
2792224.195978197
 31
0.0
  0
LINE
  5
4D8
330
17
100
AcDbEntity
  8
0
100
AcDbLine
 10
328267.24392447644
 20
2792126.4812942874
 30
0.0
 11
328312.2377065623
 21
2792140.2897955524
 31
0.0
  0
LWPOLYLINE
  5
4D9
330
17
100
AcDbEntity
  8
0
100
AcDbPolyline
 90
3
 70
0
 10
328267.24392447644
 20
2792126.4812942874
 10
328279.0923598651
 20
2792089.0751691246
 10
328307.0233602404
 20
2792043.7989419624
  0
LWPOLYLINE
  5
4DA
330
17
100
AcDbEntity
  8
0
100
AcDbPolyline
 90
3
 70
0
 10
328267.24392447644
 20
2792126.4812942874
 10
328251.63112178573
 20
2792141.1807181067
 10
328228.8293145963
 20
2792164.235705309
  0
LINE
  5
4DB
330
17
100
AcDbEntity
  8
0
100
AcDbLine
 10
328312.2377065623
 20
2792140.2897955524
 30
0.0
 11
328323.2995621623
 21
2792073.4369417103
 31
0.0
  0
LINE
  5
4DC
330
17
100
AcDbEntity
  8
0
100
AcDbLine
 10
328312.2377065623
 20
2792140.2897955524
 30
0.0
 11
328318.162100775
 21
2792174.41283139
 31
0.0
  0
LINE
  5
4DD
330
17
100
AcDbEntity
  8
0
100
AcDbLine
 10
328323.2995621623
 20
2792073.4369417103
 30
0.0
 11
328331.56719157635
 21
2792058.7532397555
 31
0.0
  0
LINE
  5
4DE
330
17
100
AcDbEntity
  8
0
100
AcDbLine
 10
328318.162100775
 20
2792174.41283139
 30
0.0
 11
328292.0837610784
 21
2792176.682384271
 31
0.0
  0
LINE
  5
4DF
330
17
100
AcDbEntity
  8
0
100
AcDbLine
 10
328331.56719157635
 20
2792058.7532397555
 30
0.0
 11
328449.1168192781
 21
2791976.1707248953
 31
0.0
  0
LINE
  5
4E0
330
17
100
AcDbEntity
  8
0
100
AcDbLine
 10
328387.4037270219
 20
2792093.273498128
 30
0.0
 11
328501.9546100612
 21
2791975.2240910335
 31
0.0
  0
LINE
  5
4E1
330
17
100
AcDbEntity
  8
0
100
AcDbLine
 10
328449.1168192781
 20
2791976.1707248953
 30
0.0
 11
328454.75022483023
 21
2791960.3351465375
 31
0.0
  0
LINE
  5
4E2
330
17
100
AcDbEntity
  8
0
100
AcDbLine
 10
328449.1168192781
 20
2791976.1707248953
 30
0.0
 11
328493.7426973283
 21
2791972.060111859
 31
0.0
  0
LINE
  5
4E3
330
17
100
AcDbEntity
  8
0
100
AcDbLine
 10
328522.7313217935
 20
2792176.372131226
 30
0.0
 11
328534.8937097477
 21
2791976.0142311347
 31
0.0
  0
LINE
  5
4E4
330
17
100
AcDbEntity
  8
0
100
AcDbLine
 10
328397.4681672395
 20
2792151.1509519503
 30
0.0
 11
328426.93123905954
 21
2792117.0223111124
 31
0.0
  0
LINE
  5
4E5
330
17
100
AcDbEntity
  8
0
100
AcDbLine
 10
328397.4681672395
 20
2792151.1509519503
 30
0.0
 11
328410.6225200654
 21
2792107.0482933037
 31
0.0
  0
LWPOLYLINE
  5
4E6
330
17
100
AcDbEntity
  8
0
100
AcDbPolyline
 90
3
 70
0
 10
328424.8348064154
 20
2792087.5699958773
 10
328505.4351032481
 20
2792049.503098265
 10
328442.45233337884
 20
2792077.586813246
  0
LINE
  5
4E7
330
17
100
AcDbEntity
  8
0
100
AcDbLine
 10
328424.8348064154
 20
2792087.5699958773
 30
0.0
 11
328410.6225200654
 21
2792107.0482933037
 31
0.0
  0
LINE
  5
4E8
330
17
100
AcDbEntity
  8
0
100
AcDbLine
 10
328442.45233337884
 20
2792077.586813246
 30
0.0
 11
328490.1821164157
 21
2792077.5135650435
 31
0.0
  0
LWPOLYLINE
  5
4E9
330
17
100
AcDbEntity
  8
0
100
AcDbPolyline
 90
3
 70
0
 10
328505.4351032481
 20
2792049.503098265
 10
328490.1821164157
 20
2792077.5135650435
 10
328467.69280897896
 20
2792116.5166510744
  0
LWPOLYLINE
  5
4EA
330
17
100
AcDbEntity
  8
0
100
AcDbPolyline
 90
3
 70
0
 10
328505.4351032481
 20
2792049.503098265
 10
328509.46034735336
 20
2792142.120578014
 10
328511.6176434541
 20
2792119.936995208
  0
LINE
  5
4EB
330
17
100
AcDbEntity
  8
0
100
AcDbLine
 10
328467.69280897896
 20
2792116.5166510744
 30
0.0
 11
328448.6614159602
 21
2792130.217821192
 31
0.0
  0
LINE
  5
4EC
330
17
100
AcDbEntity
  8
0
100
AcDbLine
 10
328467.69280897896
 20
2792116.5166510744
 30
0.0
 11
328463.8454569534
 21
2792138.9099969054
 31
0.0
  0
LINE
  5
4ED
330
17
100
AcDbEntity
  8
0
100
AcDbLine
 10
328490.1821164157
 20
2792077.5135650435
 30
0.0
 11
328511.6176434541
 21
2792119.936995208
 31
0.0
  0
LWPOLYLINE
  5
4EE
330
17
100
AcDbEntity
  8
0
100
AcDbPolyline
 90
4
 70
0
 10
328483.7716347586
 20
2792151.2864889726
 10
328463.8454569534
 20
2792138.9099969054
 10
328448.6614159602
 20
2792130.217821192
 10
328426.93123905954
 20
2792117.0223111124
  0
LWPOLYLINE
  5
4EF
330
17
100
AcDbEntity
  8
0
100
AcDbPolyline
 90
4
 70
0
 10
328501.9546100612
 20
2791975.2240910335
 10
328534.8937097477
 20
2791976.0142311347
 10
328576.03461927327
 20
2791975.9915579245
 10
328589.51965929585
 20
2791973.051222706
  0
LINE
  5
4F0
330
17
100
AcDbEntity
  8
0
100
AcDbLine
 10
328244.13681643136
 20
2792027.835714532
 30
0.0
 11
328297.6238617587
 21
2792362.3592005624
 31
0.0
  0
LWPOLYLINE
  5
4F1
330
17
100
AcDbEntity
  8
0
100
AcDbPolyline
 90
3
 70
0
 10
328335.06204956694
 20
2792334.2442357615
 10
328347.37776179845
 20
2792344.002928383
 10
328238.9461067899
 20
2792253.175528388
  0
LINE
  5
4F2
330
17
100
AcDbEntity
  8
0
100
AcDbLine
 10
328323.51382853894
 20
2792353.2125003
 30
0.0
 11
328300.43671585177
 21
2792357.7260803
 31
0.0
  0
LINE
  5
4F3
330
17
100
AcDbEntity
  8
0
100
AcDbLine
 10
328323.51382853894
 20
2792353.2125003
 30
0.0
 11
328332.00955177646
 21
2792370.818652862
 31
0.0
  0
LWPOLYLINE
  5
4F4
330
17
100
AcDbEntity
  8
0
100
AcDbPolyline
 90
3
 70
0
 10
328238.9461067899
 20
2792253.175528388
 10
328225.24723672244
 20
2792195.5879963147
 10
328224.89012636093
 20
2792174.59945539
  0
LWPOLYLINE
  5
4F5
330
17
100
AcDbEntity
  8
0
100
AcDbPolyline
 90
8
 70
0
 10
328627.5685291651
 20
2792239.684868903
 10
328637.2019657312
 20
2792223.831945162
 10
328659.6549787278
 20
2792197.857479013
 10
328689.5813838645
 20
2792151.737062062
 10
328697.39402019023
 20
2792131.3319824133
 10
328703.6609586477
 20
2792111.4006775473
 10
328704.77704340266
 20
2792108.0298824604
 10
328706.15867075545
 20
2792103.3485092414
  0
LWPOLYLINE
  5
4F6
330
17
100
AcDbEntity
  8
0
100
AcDbPolyline
 90
3
 70
0
 10
328637.2019657312
 20
2792223.831945162
 10
328710.37506601005
 20
2792189.682249162
 10
328740.4951161263
 20
2792171.587124346
  0
LINE
  5
4F7
330
17
100
AcDbEntity
  8
0
100
AcDbLine
 10
328642.14073186996
 20
2792248.6176181003
 30
0.0
 11
328694.49631874124
 21
2792240.709634441
 31
0.0
  0
LINE
  5
4F8
330
17
100
AcDbEntity
  8
0
100
AcDbLine
 10
328642.14073186996
 20
2792248.6176181003
 30
0.0
 11
328637.81701462186
 21
2792271.6040734826
 31
0.0
  0
LWPOLYLINE
  5
4F9
330
17
100
AcDbEntity
  8
0
100
AcDbPolyline
 90
5
 70
0
 10
328652.9430251672
 20
2792049.739457083
 10
328656.4745157806
 20
2792047.733917419
 10
328660.5377144589
 20
2792045.544397001
 10
328663.44026043464
 20
2792044.001024981
 10
328668.3224223578
 20
2792041.2361546983
  0
LWPOLYLINE
  5
4FA
330
17
100
AcDbEntity
  8
0
100
AcDbPolyline
 90
9
 70
0
 10
328576.03461927327
 20
2791975.9915579245
 10
328615.8236692476
 20
2792019.6006655074
 10
328624.615644106
 20
2792027.1996930144
 10
328636.7388754766
 20
2792037.6700864765
 10
328652.9430251672
 20
2792049.739457083
 10
328645.26367591147
 20
2792044.0649947277
 10
328660.78550123435
 20
2792054.7693275018
 10
328680.2141368637
 20
2792066.055669539
 10
328684.43138284405
 20
2792068.8715122878
  0
LWPOLYLINE
  5
4FB
330
17
100
AcDbEntity
  8
0
100
AcDbPolyline
 90
4
 70
0
 10
328656.4745157806
 20
2792047.733917419
 10
328652.0256849729
 20
2792040.1574262674
 10
328647.03069650114
 20
2792031.624055854
 10
328641.1363776763
 20
2792022.093966185
  0
LWPOLYLINE
  5
4FC
330
17
100
AcDbEntity
  8
0
100
AcDbPolyline
 90
3
 70
0
 10
328660.78550123435
 20
2792054.7693275018
 10
328664.8158756987
 20
2792074.658901991
 10
328660.5377144589
 20
2792045.544397001
  0
LWPOLYLINE
  5
4FD
330
17
100
AcDbEntity
  8
0
100
AcDbPolyline
 90
25
 70
0
 10
328689.5813838645
 20
2792151.737062062
 10
328675.38533496356
 20
2792126.3595761014
 10
328655.0745302803
 20
2792089.959254027
 10
328652.8889464943
 20
2792086.054196916
 10
328650.87841499277
 20
2792082.446032662
 10
328633.2487221536
 20
2792050.8972373195
 10
328615.8236692476
 20
2792019.6006655074
 10
328628.55792490055
 20
2792042.5151146855
 10
328613.8090511495
 20
2792015.6712921113
 10
328611.6676707821
 20
2792012.0758677647
 10
328609.0923558672
 20
2792007.6329244426
 10
328606.6405995894
 20
2792003.3989008632
 10
328604.6833636331
 20
2792000.022707573
 10
328589.51965929585
 20
2791973.051222706
 10
328585.99948265875
 20
2791966.4046273353
 10
328584.43991655036
 20
2791963.4000554257
 10
328582.58089066704
 20
2791959.823214686
 10
328576.05154801375
 20
2791947.0996167446
 10
328569.4279016
 20
2791934.8868091963
 10
328567.5585130724
 20
2791931.2879451313
 10
328555.0606611722
 20
2791907.960656959
 10
328541.322404269
 20
2791882.9652187983
 10
328539.68334504525
 20
2791880.0502830283
 10
328534.8814754096
 20
2791871.6585155483
 10
328529.4720022741
 20
2791862.233104564
  0
LWPOLYLINE
  5
4FE
330
17
100
AcDbEntity
  8
0
100
AcDbPolyline
 90
3
 70
0
 10
328589.51965929585
 20
2791973.051222706
 10
328606.6752654165
 20
2791967.1508706184
 10
328622.58410970063
 20
2791959.8704871596
  0
LWPOLYLINE
  5
4FF
330
17
100
AcDbEntity
  8
0
100
AcDbPolyline
 90
7
 70
0
 10
328744.79645211436
 20
2792083.118302065
 10
328736.3963743283
 20
2792081.7955311825
 10
328729.2132081968
 20
2792080.2911923714
 10
328721.0789701034
 20
2792078.4776294595
 10
328713.65973997646
 20
2792076.6328650354
 10
328702.1817172617
 20
2792074.141559368
 10
328684.43138284405
 20
2792068.8715122878
  0
LINE
  5
500
330
17
100
AcDbEntity
  8
0
100
AcDbLine
 10
328744.79645211436
 20
2792083.118302065
 30
0.0
 11
328747.86948032014
 21
2792109.37884227
 31
0.0
  0
LINE
  5
501
330
17
100
AcDbEntity
  8
0
100
AcDbLine
 10
328744.79645211436
 20
2792083.118302065
 30
0.0
 11
328793.4727326193
 21
2792075.833374544
 31
0.0
  0
LINE
  5
502
330
17
100
AcDbEntity
  8
0
100
AcDbLine
 10
328747.86948032014
 20
2792109.37884227
 30
0.0
 11
328844.3177369804
 21
2792068.731680383
 31
0.0
  0
LINE
  5
503
330
17
100
AcDbEntity
  8
0
100
AcDbLine
 10
328747.86948032014
 20
2792109.37884227
 30
0.0
 11
328759.5099052582
 21
2792131.077568127
 31
0.0
  0
LINE
  5
504
330
17
100
AcDbEntity
  8
0
100
AcDbLine
 10
328793.4727326193
 20
2792075.833374544
 30
0.0
 11
328830.40761763765
 21
2792050.8059957996
 31
0.0
  0
LINE
  5
505
330
17
100
AcDbEntity
  8
0
100
AcDbLine
 10
328793.4727326193
 20
2792075.833374544
 30
0.0
 11
328789.7760453117
 21
2792066.37512852
 31
0.0
  0
LWPOLYLINE
  5
506
330
17
100
AcDbEntity
  8
0
100
AcDbPolyline
 90
3
 70
0
 10
328844.3177369804
 20
2792068.731680383
 10
328848.8807695069
 20
2792076.5837350055
 10
328830.40761763765
 20
2792050.8059957996
  0
LINE
  5
507
330
17
100
AcDbEntity
  8
0
100
AcDbLine
 10
328830.40761763765
 20
2792050.8059957996
 30
0.0
 11
328857.75914339593
 21
2791989.0430778335
 31
0.0
  0
LINE
  5
508
330
17
100
AcDbEntity
  8
0
100
AcDbLine
 10
328857.75914339593
 20
2791989.0430778335
 30
0.0
 11
328847.8457358079
 21
2791987.573201035
 31
0.0
  0
LINE
  5
509
330
17
100
AcDbEntity
  8
0
100
AcDbLine
 10
328857.75914339593
 20
2791989.0430778335
 30
0.0
 11
328845.94418069476
 21
2791998.9523034994
 31
0.0
  0
LWPOLYLINE
  5
50A
330
17
100
AcDbEntity
  8
0
100
AcDbPolyline
 90
8
 70
0
 10
328626.68570511875
 20
2791995.7227135133
 10
328625.4263091657
 20
2791993.3457890092
 10
328606.6752654165
 20
2791967.1508706184
 10
328623.6610550566
 20
2791990.0114745838
 10
328601.5097717846
 20
2791957.8885177136
 10
328599.890181575
 20
2791954.917938773
 10
328597.87024563027
 20
2791951.365290329
 10
328592.7691163932
 20
2791942.41231214
  0
LWPOLYLINE
  5
50B
330
17
100
AcDbEntity
  8
0
100
AcDbPolyline
 90
9
 70
0
 10
328604.6833636331
 20
2792000.022707573
 10
328609.246792182
 20
2791997.5498841293
 10
328612.8612726886
 20
2791995.731610653
 10
328616.1835911565
 20
2791993.917038145
 10
328619.566778798
 20
2791992.134930029
 10
328623.6610550566
 20
2791990.0114745838
 10
328627.27343540813
 20
2791988.027060136
 10
328631.1662222033
 20
2791985.9061586284
 10
328635.49948711577
 20
2791983.558118506
  0
LINE
  5
50C
330
17
100
AcDbEntity
  8
0
100
AcDbLine
 10
328780.03996165446
 20
2791857.5098680034
 30
0.0
 11
328773.630934639
 21
2791887.7344709956
 31
0.0
  0
LINE
  5
50D
330
17
100
AcDbEntity
  8
0
100
AcDbLine
 10
328780.03996165446
 20
2791857.5098680034
 30
0.0
 11
328700.391159765
 21
2791856.2578196526
 31
0.0
  0
LINE
  5
50E
330
17
100
AcDbEntity
  8
0
100
AcDbLine
 10
328780.03996165446
 20
2791857.5098680034
 30
0.0
 11
328855.7326710209
 21
2791951.502867037
 31
0.0
  0
LWPOLYLINE
  5
50F
330
17
100
AcDbEntity
  8
0
100
AcDbPolyline
 90
3
 70
0
 10
328773.630934639
 20
2791887.7344709956
 10
328765.4402226013
 20
2791887.040477277
 10
328779.3985578795
 20
2791888.846858439
  0
LWPOLYLINE
  5
510
330
17
100
AcDbEntity
  8
0
100
AcDbPolyline
 90
3
 70
0
 10
328700.391159765
 20
2791856.2578196526
 10
328693.2535144466
 20
2791861.543795711
 10
328682.39539746917
 20
2791873.0141430227
  0
LINE
  5
511
330
17
100
AcDbEntity
  8
0
100
AcDbLine
 10
328855.7326710209
 20
2791951.502867037
 30
0.0
 11
328845.0281832407
 21
2791956.0030126465
 31
0.0
  0
LINE
  5
512
330
17
100
AcDbEntity
  8
0
100
AcDbLine
 10
328855.7326710209
 20
2791951.502867037
 30
0.0
 11
328842.7085295436
 21
2791947.867789001
 31
0.0
  0
LINE
  5
513
330
17
100
AcDbEntity
  8
0
100
AcDbLine
 10
328882.10203545727
 20
2791969.0273187966
 30
0.0
 11
328902.0221916187
 21
2791985.7249482214
 31
0.0
  0
LINE
  5
514
330
17
100
AcDbEntity
  8
0
100
AcDbLine
 10
328882.10203545727
 20
2791969.0273187966
 30
0.0
 11
328894.4229045322
 21
2791948.122259361
 31
0.0
  0
LINE
  5
515
330
17
100
AcDbEntity
  8
0
100
AcDbLine
 10
328860.57908495504
 20
2791970.606692534
 30
0.0
 11
328891.62460016983
 21
2791940.380814484
 31
0.0
  0
LINE
  5
516
330
17
100
AcDbEntity
  8
0
100
AcDbLine
 10
328860.57908495504
 20
2791970.606692534
 30
0.0
 11
328866.4558651346
 21
2791987.5261821863
 31
0.0
  0
LINE
  5
517
330
17
100
AcDbEntity
  8
0
100
AcDbLine
 10
328866.4558651346
 20
2791987.5261821863
 30
0.0
 11
328864.94476839266
 21
2792016.2375702527
 31
0.0
  0
LINE
  5
518
330
17
100
AcDbEntity
  8
0
100
AcDbLine
 10
328866.4558651346
 20
2791987.5261821863
 30
0.0
 11
328893.06102110643
 21
2792001.3918959796
 31
0.0
  0
LWPOLYLINE
  5
519
330
17
100
AcDbEntity
  8
0
100
AcDbPolyline
 90
5
 70
0
 10
328724.53344286693
 20
2792097.4550216245
 10
328725.55313486786
 20
2792094.42887014
 10
328729.2132081968
 20
2792080.2911923714
 10
328727.0228994426
 20
2792088.749354392
 10
328731.9127980416
 20
2792069.8768384587
  0
LINE
  5
51A
330
17
100
AcDbEntity
  8
0
100
AcDbLine
 10
328660.2518235481
 20
2791924.275928865
 30
0.0
 11
328622.58410970063
 21
2791959.8704871596
 31
0.0
  0
LWPOLYLINE
  5
51B
330
17
100
AcDbEntity
  8
0
100
AcDbPolyline
 90
3
 70
0
 10
328660.2518235481
 20
2791924.275928865
 10
328676.951963641
 20
2791887.9609502694
 10
328682.39539746917
 20
2791873.0141430227
  0
LWPOLYLINE
  5
51C
330
17
100
AcDbEntity
  8
0
100
AcDbPolyline
 90
3
 70
0
 10
328710.37506601005
 20
2792189.682249162
 10
328700.5252943074
 20
2792171.7385306964
 10
328692.82006219844
 20
2792157.645009032
  0
LWPOLYLINE
  5
51D
330
17
100
AcDbEntity
  8
0
100
AcDbPolyline
 90
4
 70
0
 10
328740.4951161263
 20
2792171.587124346
 10
328749.7101514875
 20
2792171.226786174
 10
328755.79567818216
 20
2792171.1940874085
 10
328759.5910815487
 20
2792170.9355746116
  0
LINE
  5
51E
330
17
100
AcDbEntity
  8
0
100
AcDbLine
 10
328740.4951161263
 20
2792171.587124346
 30
0.0
 11
328732.03176284605
 21
2792154.9109000885
 31
0.0
  0
LINE
  5
51F
330
17
100
AcDbEntity
  8
0
100
AcDbLine
 10
328749.7101514875
 20
2792171.226786174
 30
0.0
 11
328750.04598068027
 21
2792146.8063840815
 31
0.0
  0
LWPOLYLINE
  5
520
330
17
100
AcDbEntity
  8
0
100
AcDbPolyline
 90
4
 70
0
 10
328732.03176284605
 20
2792154.9109000885
 10
328719.6348659147
 20
2792161.016749549
 10
328712.6609188146
 20
2792164.8937360505
 10
328700.5252943074
 20
2792171.7385306964
  0
LINE
  5
521
330
17
100
AcDbEntity
  8
0
100
AcDbLine
 10
328732.03176284605
 20
2792154.9109000885
 30
0.0
 11
328730.6558064978
 21
2792115.4570096335
 31
0.0
  0
LWPOLYLINE
  5
522
330
17
100
AcDbEntity
  8
0
100
AcDbPolyline
 90
4
 70
0
 10
328787.5487750239
 20
2792148.37021408
 10
328789.9723916579
 20
2792148.7937527653
 10
328782.0734050217
 20
2792146.4565091045
 10
328768.2622854772
 20
2792139.541272683
  0
LINE
  5
523
330
17
100
AcDbEntity
  8
0
100
AcDbLine
 10
328787.5487750239
 20
2792148.37021408
 30
0.0
 11
328780.44707947434
 21
2792160.4687356544
 31
0.0
  0
LWPOLYLINE
  5
524
330
17
100
AcDbEntity
  8
0
100
AcDbPolyline
 90
4
 70
0
 10
328782.0734050217
 20
2792146.4565091045
 10
328785.6065514905
 20
2792136.618760048
 10
328788.1759632374
 20
2792129.4519510246
 10
328792.00084396324
 20
2792118.7796555194
  0
LINE
  5
525
330
17
100
AcDbEntity
  8
0
100
AcDbLine
 10
328789.9723916579
 20
2792148.7937527653
 30
0.0
 11
328844.4810509067
 21
2792126.2582022203
 31
0.0
  0
LINE
  5
526
330
17
100
AcDbEntity
  8
0
100
AcDbLine
 10
328780.44707947434
 20
2792160.4687356544
 30
0.0
 11
328759.5910815487
 21
2792170.9355746116
 31
0.0
  0
LINE
  5
527
330
17
100
AcDbEntity
  8
0
100
AcDbLine
 10
328780.44707947434
 20
2792160.4687356544
 30
0.0
 11
328792.3708077446
 21
2792170.3214037116
 31
0.0
  0
LINE
  5
528
330
17
100
AcDbEntity
  8
0
100
AcDbLine
 10
328486.0763271911
 20
2791538.0390482335
 30
0.0
 11
328480.4949233651
 21
2791519.0332579943
 31
0.0
  0
LINE
  5
529
330
17
100
AcDbEntity
  8
0
100
AcDbLine
 10
328486.0763271911
 20
2791538.0390482335
 30
0.0
 11
328354.9436778084
 21
2791548.6524194754
 31
0.0
  0
LWPOLYLINE
  5
52A
330
17
100
AcDbEntity
  8
0
100
AcDbPolyline
 90
3
 70
0
 10
328354.9436778084
 20
2791548.6524194754
 10
328387.63904228376
 20
2791532.5179964676
 10
328433.63761301944
 20
2791506.2114931312
  0
LINE
  5
52B
330
17
100
AcDbEntity
  8
0
100
AcDbLine
 10
328354.9436778084
 20
2791548.6524194754
 30
0.0
 11
328299.5509778882
 21
2791521.4934797822
 31
0.0
  0
LINE
  5
52C
330
17
100
AcDbEntity
  8
0
100
AcDbLine
 10
328384.62736492616
 20
2791527.050354208
 30
0.0
 11
328370.91845003515
 21
2791524.288469728
 31
0.0
  0
LWPOLYLINE
  5
52D
330
17
100
AcDbEntity
  8
0
100
AcDbPolyline
 90
4
 70
0
 10
328454.75022483023
 20
2791960.3351465375
 10
328555.0606611722
 20
2791907.960656959
 10
328496.4626935099
 20
2791940.2092796303
 10
328567.42568760004
 20
2791901.7110581207
  0
LINE
  5
52E
330
17
100
AcDbEntity
  8
0
100
AcDbLine
 10
328496.4626935099
 20
2791940.2092796303
 30
0.0
 11
328493.7426973283
 21
2791972.060111859
 31
0.0
  0
LWPOLYLINE
  5
52F
330
17
100
AcDbEntity
  8
0
100
AcDbPolyline
 90
7
 70
0
 10
328541.322404269
 20
2791882.9652187983
 10
328544.87477687973
 20
2791881.014778395
 10
328548.2171258465
 20
2791879.188858946
 10
328556.9733933192
 20
2791874.41404697
 10
328565.1987954038
 20
2791869.8896841696
 10
328567.2002621452
 20
2791868.800832455
 10
328571.76331003394
 20
2791866.294769892
  0
LWPOLYLINE
  5
530
330
17
100
AcDbEntity
  8
0
100
AcDbPolyline
 90
9
 70
0
 10
328567.5585130724
 20
2791931.2879451313
 10
328570.75141586387
 20
2791929.5968609313
 10
328573.9441791167
 20
2791927.894701194
 10
328577.83753788937
 20
2791925.818090371
 10
328582.4219793383
 20
2791923.4114620658
 10
328586.1249044584
 20
2791921.414812674
 10
328590.3687749413
 20
2791919.167594496
 10
328593.661587908
 20
2791917.4087820197
 10
328597.72495887557
 20
2791915.230321088
  0
LWPOLYLINE
  5
531
330
17
100
AcDbEntity
  8
0
100
AcDbPolyline
 90
3
 70
0
 10
328684.43138284405
 20
2792068.8715122878
 10
328667.9495619349
 20
2792077.8429580797
 10
328652.8889464943
 20
2792086.054196916
  0
LWPOLYLINE
  5
532
330
17
100
AcDbEntity
  8
0
100
AcDbPolyline
 90
4
 70
0
 10
328679.0673569457
 20
2792093.266952076
 10
328667.9495619349
 20
2792077.8429580797
 10
328671.62418559834
 20
2792080.776447871
 10
328664.8158756987
 20
2792074.658901991
  0
LWPOLYLINE
  5
533
330
17
100
AcDbEntity
  8
0
100
AcDbPolyline
 90
3
 70
0
 10
328702.1817172617
 20
2792074.141559368
 10
328703.3193988984
 20
2792083.62109928
 10
328706.15867075545
 20
2792103.3485092414
  0
LINE
  5
534
330
17
100
AcDbEntity
  8
0
100
AcDbLine
 10
329603.1521809143
 20
2794024.594068302
 30
0.0
 11
329575.3124342904
 21
2794009.125409945
 31
0.0
  0
LINE
  5
535
330
17
100
AcDbEntity
  8
0
100
AcDbLine
 10
327859.8955320952
 20
2791841.265118532
 30
0.0
 11
327965.3777578924
 21
2791880.336985864
 31
0.0
  0
LWPOLYLINE
  5
536
330
17
100
AcDbEntity
  8
0
100
AcDbPolyline
 90
13
 70
0
 10
327859.8955320952
 20
2791841.265118532
 10
327854.6296458456
 20
2791826.5316808126
 10
327865.29669025866
 20
2791850.7901043394
 10
327913.30922081775
 20
2791935.48131087
 10
327914.75234820676
 20
2791938.033092353
 10
327922.50368927256
 20
2791951.7157550254
 10
327952.8279286346
 20
2792005.192191267
 10
327957.21566625335
 20
2792013.4782590936
 10
327989.4939723137
 20
2792059.784512924
 10
328022.82921253913
 20
2792137.738751694
 10
328026.68245863606
 20
2792143.6165933395
 10
327994.95677851525
 20
2792059.9034069856
 10
327952.8279286346
 20
2792005.192191267
  0
LINE
  5
537
330
17
100
AcDbEntity
  8
0
100
AcDbLine
 10
327965.3777578924
 20
2791880.336985864
 30
0.0
 11
328012.268272251
 21
2791929.1274018055
 31
0.0
  0
LINE
  5
538
330
17
100
AcDbEntity
  8
0
100
AcDbLine
 10
327965.3777578924
 20
2791880.336985864
 30
0.0
 11
327976.22401615407
 21
2791856.8796146377
 31
0.0
  0
LWPOLYLINE
  5
539
330
17
100
AcDbEntity
  8
0
100
AcDbPolyline
 90
3
 70
0
 10
327976.22401615407
 20
2791856.8796146377
 10
327980.7466739963
 20
2791854.3738591326
 10
327989.6418591342
 20
2791849.441808148
  0
LWPOLYLINE
  5
53A
330
17
100
AcDbEntity
  8
0
100
AcDbPolyline
 90
8
 70
0
 10
327865.29669025866
 20
2791850.7901043394
 10
327854.9159815248
 20
2791856.1731832824
 10
327809.5968770964
 20
2791868.39283986
 10
327762.948613763
 20
2791879.8873324506
 10
327784.27101557236
 20
2791867.285999418
 10
327789.8395041422
 20
2791863.825225965
 10
327827.38479620893
 20
2791840.127721206
 10
327854.6296458456
 20
2791826.5316808126
  0
LINE
  5
53B
330
17
100
AcDbEntity
  8
0
100
AcDbLine
 10
328113.8694103374
 20
2792305.3022356136
 30
0.0
 11
328132.1275836035
 21
2792303.752020468
 31
0.0
  0
LWPOLYLINE
  5
53C
330
17
100
AcDbEntity
  8
0
100
AcDbPolyline
 90
3
 70
0
 10
328108.27664069494
 20
2792294.151116459
 10
328028.2119117179
 20
2792163.2719513476
 10
328021.93409540877
 20
2792152.1406447226
  0
LINE
  5
53D
330
17
100
AcDbEntity
  8
0
100
AcDbLine
 10
328168.91762980964
 20
2792403.9297344363
 30
0.0
 11
328183.87467570236
 21
2792402.687377292
 31
0.0
  0
LINE
  5
53E
330
17
100
AcDbEntity
  8
0
100
AcDbLine
 10
328168.91762980964
 20
2792403.9297344363
 30
0.0
 11
328175.10219239106
 21
2792387.8986681253
 31
0.0
  0
LWPOLYLINE
  5
53F
330
17
100
AcDbEntity
  8
0
100
AcDbPolyline
 90
3
 70
0
 10
327952.8279286346
 20
2792005.192191267
 10
327806.13472884544
 20
2792095.2068329514
 10
327789.3123235246
 20
2792104.294506003
  0
LWPOLYLINE
  5
540
330
17
100
AcDbEntity
  8
0
100
AcDbPolyline
 90
3
 70
0
 10
327922.50368927256
 20
2791951.7157550254
 10
327904.05062084226
 20
2791962.541114007
 10
327939.238514931
 20
2791942.8509451523
  0
LINE
  5
541
330
17
100
AcDbEntity
  8
0
100
AcDbLine
 10
327957.21566625335
 20
2792013.4782590936
 30
0.0
 11
327967.12742126884
 21
2792056.025298355
 31
0.0
  0
LWPOLYLINE
  5
542
330
17
100
AcDbEntity
  8
0
100
AcDbPolyline
 90
3
 70
0
 10
327806.13472884544
 20
2792095.2068329514
 10
327838.3110737286
 20
2792167.525573657
 10
327842.67030545487
 20
2792174.3607309107
  0
LINE
  5
543
330
17
100
AcDbEntity
  8
0
100
AcDbLine
 10
327994.95677851525
 20
2792059.9034069856
 30
0.0
 11
328004.42188500613
 21
2792064.1478980067
 31
0.0
  0
LINE
  5
544
330
17
100
AcDbEntity
  8
0
100
AcDbLine
 10
328165.05684921
 20
2792093.547021554
 30
0.0
 11
328159.17932907224
 21
2792108.3777395333
 31
0.0
  0
LINE
  5
545
330
17
100
AcDbEntity
  8
0
100
AcDbLine
 10
328159.17932907224
 20
2792108.3777395333
 30
0.0
 11
328154.98998278775
 21
2792167.278031742
 31
0.0
  0
LINE
  5
546
330
17
100
AcDbEntity
  8
0
100
AcDbLine
 10
328159.17932907224
 20
2792108.3777395333
 30
0.0
 11
328114.3818042283
 21
2792041.0265660016
 31
0.0
  0
LINE
  5
547
330
17
100
AcDbEntity
  8
0
100
AcDbLine
 10
329444.8788162115
 20
2793112.968360662
 30
0.0
 11
329436.92386663344
 21
2793134.90356607
 31
0.0
  0
LINE
  5
548
330
17
100
AcDbEntity
  8
0
100
AcDbLine
 10
329421.81016489083
 20
2793118.8647529394
 30
0.0
 11
329436.92386663344
 21
2793134.90356607
 31
0.0
  0
LINE
  5
549
330
17
100
AcDbEntity
  8
0
100
AcDbLine
 10
329396.9499163527
 20
2793126.500885014
 30
0.0
 11
329390.1172533204
 21
2793150.3384787044
 31
0.0
  0
LINE
  5
54A
330
17
100
AcDbEntity
  8
0
100
AcDbLine
 10
329442.07968351676
 20
2793151.466759615
 30
0.0
 11
329504.144489228
 21
2793115.5778953256
 31
0.0
  0
LINE
  5
54B
330
17
100
AcDbEntity
  8
0
100
AcDbLine
 10
329369.00096428965
 20
2793135.2838348323
 30
0.0
 11
329390.1172533204
 21
2793150.3384787044
 31
0.0
  0
LINE
  5
54C
330
17
100
AcDbEntity
  8
0
100
AcDbLine
 10
329191.17774552613
 20
2793187.6232717456
 30
0.0
 11
329208.82687803113
 21
2793202.566331509
 31
0.0
  0
LINE
  5
54D
330
17
100
AcDbEntity
  8
0
100
AcDbLine
 10
329146.4524522614
 20
2793201.0941096414
 30
0.0
 11
329139.18990124564
 21
2793222.765987479
 31
0.0
  0
LINE
  5
54E
330
17
100
AcDbEntity
  8
0
100
AcDbLine
 10
329118.69630237826
 20
2793209.1661649006
 30
0.0
 11
329139.18990124564
 21
2793222.765987479
 31
0.0
  0
LINE
  5
54F
330
17
100
AcDbEntity
  8
0
100
AcDbLine
 10
329144.43854773516
 20
2793237.079065307
 30
0.0
 11
329133.9812898012
 21
2793262.668638764
 31
0.0
  0
LINE
  5
550
330
17
100
AcDbEntity
  8
0
100
AcDbLine
 10
328968.7371230206
 20
2793276.189671055
 30
0.0
 11
328946.9112178404
 21
2793265.598038215
 31
0.0
  0
LINE
  5
551
330
17
100
AcDbEntity
  8
0
100
AcDbLine
 10
328968.7371230206
 20
2793276.189671055
 30
0.0
 11
328980.2159929271
 21
2793251.739153823
 31
0.0
  0
LINE
  5
552
330
17
100
AcDbEntity
  8
0
100
AcDbLine
 10
328850.1603667544
 20
2793319.0773964426
 30
0.0
 11
328860.1067190735
 21
2793335.967534807
 31
0.0
  0
LINE
  5
553
330
17
100
AcDbEntity
  8
0
100
AcDbLine
 10
328972.5413995915
 20
2793283.0321540064
 30
0.0
 11
329053.552598894
 21
2793293.9059533356
 31
0.0
  0
LINE
  5
554
330
17
100
AcDbEntity
  8
0
100
AcDbLine
 10
327821.99124829343
 20
2793220.004234857
 30
0.0
 11
327841.9867361077
 21
2793214.144169859
 31
0.0
  0
LINE
  5
555
330
17
100
AcDbEntity
  8
0
100
AcDbLine
 10
327845.40611977817
 20
2793198.6133605335
 30
0.0
 11
327814.04977860407
 21
2793136.730963786
 31
0.0
  0
LINE
  5
556
330
17
100
AcDbEntity
  8
0
100
AcDbLine
 10
328415.5099011046
 20
2793191.5468237903
 30
0.0
 11
328435.64459436474
 21
2793199.82159923
 31
0.0
  0
LWPOLYLINE
  5
557
330
17
100
AcDbEntity
  8
0
100
AcDbPolyline
 90
3
 70
0
 10
328375.6999792557
 20
2793215.980665127
 10
328380.0229769451
 20
2793223.1820004308
 10
328387.44957929093
 20
2793236.7692843047
  0
LINE
  5
558
330
17
100
AcDbEntity
  8
0
100
AcDbLine
 10
329717.7251684744
 20
2793660.0999904396
 30
0.0
 11
329824.5919056955
 21
2793629.8632299285
 31
0.0
  0
LINE
  5
559
330
17
100
AcDbEntity
  8
0
100
AcDbLine
 10
329685.15234026
 20
2793648.844945033
 30
0.0
 11
329677.8317815517
 21
2793661.953879799
 31
0.0
  0
LINE
  5
55A
330
17
100
AcDbEntity
  8
0
100
AcDbLine
 10
329677.8317815517
 20
2793661.953879799
 30
0.0
 11
329661.1069436089
 21
2793676.3112315917
 31
0.0
  0
LINE
  5
55B
330
17
100
AcDbEntity
  8
0
100
AcDbLine
 10
329694.7853244578
 20
2793682.556081357
 30
0.0
 11
329681.7711314619
 21
2793677.158780332
 31
0.0
  0
LINE
  5
55C
330
17
100
AcDbEntity
  8
0
100
AcDbLine
 10
329661.1069436089
 20
2793676.3112315917
 30
0.0
 11
329681.7711314619
 21
2793677.158780332
 31
0.0
  0
LWPOLYLINE
  5
55D
330
17
100
AcDbEntity
  8
0
100
AcDbPolyline
 90
4
 70
0
 10
329661.1069436089
 20
2793676.3112315917
 10
329590.7634705432
 20
2793696.2517251144
 10
329584.5718238475
 20
2793698.9995640535
 10
329552.40729487594
 20
2793709.7518465286
  0
LWPOLYLINE
  5
55E
330
17
100
AcDbEntity
  8
0
100
AcDbPolyline
 90
4
 70
0
 10
329681.7711314619
 20
2793677.158780332
 10
329691.4270762873
 20
2793710.2935654805
 10
329696.7305834006
 20
2793726.6223318567
 10
329699.1624256209
 20
2793734.1248003026
  0
LINE
  5
55F
330
17
100
AcDbEntity
  8
0
100
AcDbLine
 10
329691.4270762873
 20
2793710.2935654805
 30
0.0
 11
329703.1322829901
 21
2793711.7524834974
 31
0.0
  0
LWPOLYLINE
  5
560
330
17
100
AcDbEntity
  8
0
100
AcDbPolyline
 90
3
 70
0
 10
329590.7634705432
 20
2793696.2517251144
 10
329584.0561804846
 20
2793697.2557246187
 10
329551.4347645501
 20
2793706.130491983
  0
LINE
  5
561
330
17
100
AcDbEntity
  8
0
100
AcDbLine
 10
329614.25769126613
 20
2793416.3228128115
 30
0.0
 11
329608.2762149569
 21
2793430.965839027
 31
0.0
  0
LINE
  5
562
330
17
100
AcDbEntity
  8
0
100
AcDbLine
 10
329554.1856069538
 20
2793211.2933012866
 30
0.0
 11
329537.9751256168
 21
2793198.547304319
 31
0.0
  0
LINE
  5
563
330
17
100
AcDbEntity
  8
0
100
AcDbLine
 10
329541.1341986797
 20
2793170.203003036
 30
0.0
 11
329552.27353259036
 21
2793144.3061026167
 31
0.0
  0
LWPOLYLINE
  5
564
330
17
100
AcDbEntity
  8
0
100
AcDbPolyline
 90
15
 70
0
 10
329502.47194840445
 20
2793671.8517168714
 10
329441.8098001331
 20
2793689.3334698016
 10
329435.50556856336
 20
2793691.141160843
 10
329406.7655103101
 20
2793699.4134255927
 10
329397.6105360518
 20
2793702.0547183733
 10
329400.7826539652
 20
2793701.139532869
 10
329364.85504512093
 20
2793711.4744626163
 10
329358.55097165174
 20
2793713.2932670643
 10
329322.85426665656
 20
2793723.5589307356
 10
329318.08610062726
 20
2793724.937402923
 10
329287.1777564158
 20
2793733.8244374767
 10
329280.883634956
 20
2793735.6320758513
 10
329271.55801836814
 20
2793738.3199239573
 10
329254.1284683563
 20
2793741.5089072026
 10
329232.3128404914
 20
2793750.8019428006
  0
LINE
  5
565
330
17
100
AcDbEntity
  8
0
100
AcDbLine
 10
329397.6105360518
 20
2793702.0547183733
 30
0.0
 11
329358.2467308003
 21
2793564.6179872826
 31
0.0
  0
LWPOLYLINE
  5
566
330
17
100
AcDbEntity
  8
0
100
AcDbPolyline
 90
4
 70
0
 10
329364.85504512093
 20
2793711.4744626163
 10
329352.23732516693
 20
2793676.0286706546
 10
329330.8153155368
 20
2793604.7566460697
 10
329324.4378282354
 20
2793574.4166748654
  0
LWPOLYLINE
  5
567
330
17
100
AcDbEntity
  8
0
100
AcDbPolyline
 90
3
 70
0
 10
329400.7826539652
 20
2793701.139532869
 10
329412.70607725705
 20
2793732.6724735103
 10
329414.90562493075
 20
2793736.1232497487
  0
LINE
  5
568
330
17
100
AcDbEntity
  8
0
100
AcDbLine
 10
329326.75681102485
 20
2793573.7559584505
 30
0.0
 11
329287.0786099396
 21
2793436.234723576
 31
0.0
  0
LWPOLYLINE
  5
569
330
17
100
AcDbEntity
  8
0
100
AcDbPolyline
 90
4
 70
0
 10
329363.8581873232
 20
2793562.9962540646
 10
329352.8426048368
 20
2793516.396760454
 10
329334.3488871072
 20
2793453.6400701376
 10
329323.5669836317
 20
2793425.5712966803
  0
LWPOLYLINE
  5
56A
330
17
100
AcDbEntity
  8
0
100
AcDbPolyline
 90
3
 70
0
 10
329322.85426665656
 20
2793723.5589307356
 10
329327.95226073894
 20
2793741.9285473386
 10
329280.4905172908
 20
2793587.1683400883
  0
LINE
  5
56B
330
17
100
AcDbEntity
  8
0
100
AcDbLine
 10
329318.08610062726
 20
2793724.937402923
 30
0.0
 11
329323.34457401175
 21
2793743.2496023118
 31
0.0
  0
LINE
  5
56C
330
17
100
AcDbEntity
  8
0
100
AcDbLine
 10
329327.95226073894
 20
2793741.9285473386
 30
0.0
 11
329400.44029172865
 21
2793771.434360766
 31
0.0
  0
LINE
  5
56D
330
17
100
AcDbEntity
  8
0
100
AcDbLine
 10
329358.55097165174
 20
2793713.2932670643
 30
0.0
 11
329352.23732516693
 21
2793676.0286706546
 31
0.0
  0
LWPOLYLINE
  5
56E
330
17
100
AcDbEntity
  8
0
100
AcDbPolyline
 90
3
 70
0
 10
329287.61758350703
 20
2793585.0953964554
 10
329279.3128241302
 20
2793546.5487395944
 10
329292.63665326685
 20
2793583.6362033444
  0
LINE
  5
56F
330
17
100
AcDbEntity
  8
0
100
AcDbLine
 10
330198.1343395272
 20
2791743.741197153
 30
0.0
 11
330198.682473535
 21
2791765.7463479307
 31
0.0
  0
LINE
  5
570
330
17
100
AcDbEntity
  8
0
100
AcDbLine
 10
329554.54706049606
 20
2794044.9699668474
 30
0.0
 11
329572.02648498374
 21
2794010.5958982487
 31
0.0
  0
LINE
  5
571
330
17
100
AcDbEntity
  8
0
100
AcDbLine
 10
329518.80635315273
 20
2794062.070906345
 30
0.0
 11
329520.6373296666
 21
2794010.7230220074
 31
0.0
  0
LWPOLYLINE
  5
572
330
17
100
AcDbEntity
  8
0
100
AcDbPolyline
 90
5
 70
0
 10
329571.32880402345
 20
2794004.7997732544
 10
329563.7892624899
 20
2793989.3190091387
 10
329558.50566752383
 20
2793978.5733911237
 10
329553.47076332226
 20
2793964.379354333
 10
329546.66839056415
 20
2793952.2348886495
  0
LINE
  5
573
330
17
100
AcDbEntity
  8
0
100
AcDbLine
 10
329563.7892624899
 20
2793989.3190091387
 30
0.0
 11
329532.3325093461
 21
2794006.6096229376
 31
0.0
  0
LINE
  5
574
330
17
100
AcDbEntity
  8
0
100
AcDbLine
 10
328653.76129637525
 20
2794029.7338163448
 30
0.0
 11
328660.40007862897
 21
2794010.617447531
 31
0.0
  0
LINE
  5
575
330
17
100
AcDbEntity
  8
0
100
AcDbLine
 10
328643.3849934042
 20
2794011.497747287
 30
0.0
 11
328660.40007862897
 21
2794010.617447531
 31
0.0
  0
LINE
  5
576
330
17
100
AcDbEntity
  8
0
100
AcDbLine
 10
328618.2690469619
 20
2793963.825536474
 30
0.0
 11
328618.6566480892
 21
2793949.0977731794
 31
0.0
  0
LINE
  5
577
330
17
100
AcDbEntity
  8
0
100
AcDbLine
 10
328710.73325895326
 20
2793981.9853091715
 30
0.0
 11
328728.33508825995
 21
2794003.5641257786
 31
0.0
  0
LINE
  5
578
330
17
100
AcDbEntity
  8
0
100
AcDbLine
 10
328611.5942513783
 20
2793974.5340734036
 30
0.0
 11
328598.21287411195
 21
2793966.417231828
 31
0.0
  0
LINE
  5
579
330
17
100
AcDbEntity
  8
0
100
AcDbLine
 10
328598.21287411195
 20
2793966.417231828
 30
0.0
 11
328580.97292422876
 21
2793964.663858281
 31
0.0
  0
LINE
  5
57A
330
17
100
AcDbEntity
  8
0
100
AcDbLine
 10
328489.95543915284
 20
2794013.7309713257
 30
0.0
 11
328483.0270173145
 21
2794025.0853308197
 31
0.0
  0
LINE
  5
57B
330
17
100
AcDbEntity
  8
0
100
AcDbLine
 10
328546.461705817
 20
2793970.60723205
 30
0.0
 11
328525.33617806004
 21
2793960.3730227877
 31
0.0
  0
LINE
  5
57C
330
17
100
AcDbEntity
  8
0
100
AcDbLine
 10
328525.1762660061
 20
2793982.7196744136
 30
0.0
 11
328525.33617806004
 21
2793960.3730227877
 31
0.0
  0
LWPOLYLINE
  5
57D
330
17
100
AcDbEntity
  8
0
100
AcDbPolyline
 90
5
 70
0
 10
328525.33617806004
 20
2793960.3730227877
 10
328496.5380009137
 20
2793913.1465120846
 10
328493.605900445
 20
2793908.3536267173
 10
328467.23592950095
 20
2793865.1288164314
 10
328449.9911193146
 20
2793843.944585779
  0
LINE
  5
57E
330
17
100
AcDbEntity
  8
0
100
AcDbLine
 10
328480.01703566324
 20
2794007.797282794
 30
0.0
 11
328466.2682600639
 21
2794005.6674300767
 31
0.0
  0
LWPOLYLINE
  5
57F
330
17
100
AcDbEntity
  8
0
100
AcDbPolyline
 90
5
 70
0
 10
328496.5380009137
 20
2793913.1465120846
 10
328522.49144632736
 20
2793894.9372469536
 10
328621.0209151211
 20
2793837.5441628746
 10
328625.1213139257
 20
2793835.1547109527
 10
328684.47004757955
 20
2793797.612233335
  0
LINE
  5
580
330
17
100
AcDbEntity
  8
0
100
AcDbLine
 10
328493.605900445
 20
2793908.3536267173
 30
0.0
 11
328522.49144632736
 21
2793894.9372469536
 31
0.0
  0
LWPOLYLINE
  5
581
330
17
100
AcDbEntity
  8
0
100
AcDbPolyline
 90
3
 70
0
 10
328621.0209151211
 20
2793837.5441628746
 10
328599.11660696357
 20
2793800.0563938683
 10
328581.45545621007
 20
2793769.8596758214
  0
LINE
  5
582
330
17
100
AcDbEntity
  8
0
100
AcDbLine
 10
328467.23592950095
 20
2793865.1288164314
 30
0.0
 11
328454.5426765826
 21
2793841.383184389
 31
0.0
  0
LINE
  5
583
330
17
100
AcDbEntity
  8
0
100
AcDbLine
 10
328422.4372283288
 20
2793963.9049710394
 30
0.0
 11
328399.29494741186
 21
2793964.65283579
 31
0.0
  0
LINE
  5
584
330
17
100
AcDbEntity
  8
0
100
AcDbLine
 10
328411.01304560597
 20
2793944.8958033537
 30
0.0
 11
328399.29494741186
 21
2793964.65283579
 31
0.0
  0
LWPOLYLINE
  5
585
330
17
100
AcDbEntity
  8
0
100
AcDbPolyline
 90
5
 70
0
 10
328399.29494741186
 20
2793964.65283579
 10
328385.6515434889
 20
2793973.212144036
 10
328379.5545959827
 20
2793977.045018229
 10
328373.1162905797
 20
2793980.9708532677
 10
328350.3688775017
 20
2793997.7438866124
  0
LINE
  5
586
330
17
100
AcDbEntity
  8
0
100
AcDbLine
 10
328385.6515434889
 20
2793973.212144036
 30
0.0
 11
328407.4614461734
 21
2794011.9637054577
 31
0.0
  0
LINE
  5
587
330
17
100
AcDbEntity
  8
0
100
AcDbLine
 10
328366.1047968075
 20
2794025.4611005536
 30
0.0
 11
328290.3444330124
 21
2794067.6226221127
 31
0.0
  0
LWPOLYLINE
  5
588
330
17
100
AcDbEntity
  8
0
100
AcDbPolyline
 90
13
 70
0
 10
328124.5360461364
 20
2794029.6373018767
 10
328129.0382449452
 20
2794027.1650345474
 10
328178.1916605772
 20
2794000.118928311
 10
328207.6256577486
 20
2793983.9142511175
 10
328229.3461013907
 20
2793971.9619362676
 10
328235.8592478589
 20
2793968.3785027354
 10
328279.10986243386
 20
2793944.5539721684
 10
328293.9324261372
 20
2793932.8555401484
 10
328307.6350470891
 20
2793924.993310901
 10
328309.66713401646
 20
2793928.7230061186
 10
328317.0123883288
 20
2793921.639429785
 10
328296.2958580621
 20
2793937.2900284687
 10
328279.10986243386
 20
2793944.5539721684
  0
LWPOLYLINE
  5
589
330
17
100
AcDbEntity
  8
0
100
AcDbPolyline
 90
3
 70
0
 10
328037.4372115447
 20
2793957.3185330867
 10
328018.0708354505
 20
2793969.7840562225
 10
327991.8253219002
 20
2793983.1901332145
  0
LWPOLYLINE
  5
58A
330
17
100
AcDbEntity
  8
0
100
AcDbPolyline
 90
6
 70
0
 10
328205.4544661217
 20
2794168.2714628475
 10
328194.58553718915
 20
2794143.816027758
 10
328170.7480048633
 20
2794101.722777889
 10
328168.48365732783
 20
2794097.951740706
 10
328144.08743281453
 20
2794057.0953055983
 10
328124.5360461364
 20
2794029.6373018767
  0
LINE
  5
58B
330
17
100
AcDbEntity
  8
0
100
AcDbLine
 10
328210.9292058121
 20
2794165.432362071
 30
0.0
 11
328194.58553718915
 21
2794143.816027758
 31
0.0
  0
LINE
  5
58C
330
17
100
AcDbEntity
  8
0
100
AcDbLine
 10
328299.3376595576
 20
2794237.923805598
 30
0.0
 11
328283.6207052816
 21
2794246.59820094
 31
0.0
  0
LINE
  5
58D
330
17
100
AcDbEntity
  8
0
100
AcDbLine
 10
329414.9157993106
 20
2793236.0802938524
 30
0.0
 11
329406.3223137979
 21
2793271.2840525787
 31
0.0
  0
LINE
  5
58E
330
17
100
AcDbEntity
  8
0
100
AcDbLine
 10
329421.56910012197
 20
2793258.7396992235
 30
0.0
 11
329470.86212459806
 21
2793243.960363634
 31
0.0
  0
LINE
  5
58F
330
17
100
AcDbEntity
  8
0
100
AcDbLine
 10
329406.3223137979
 20
2793271.2840525787
 30
0.0
 11
329429.14704610367
 21
2793288.4109533927
 31
0.0
  0
LINE
  5
590
330
17
100
AcDbEntity
  8
0
100
AcDbLine
 10
329133.9812898012
 20
2793262.668638764
 30
0.0
 11
329053.552598894
 21
2793293.9059533356
 31
0.0
  0
LINE
  5
591
330
17
100
AcDbEntity
  8
0
100
AcDbLine
 10
329050.6895064633
 20
2793358.3391830204
 30
0.0
 11
329051.21315171605
 21
2793408.5385558545
 31
0.0
  0
LINE
  5
592
330
17
100
AcDbEntity
  8
0
100
AcDbLine
 10
329050.6895064633
 20
2793358.3391830204
 30
0.0
 11
329031.12275823695
 21
2793359.073936749
 31
0.0
  0
LINE
  5
593
330
17
100
AcDbEntity
  8
0
100
AcDbLine
 10
328513.05006549135
 20
2794247.541543017
 30
0.0
 11
328512.2820496517
 21
2794269.59680741
 31
0.0
  0
LINE
  5
594
330
17
100
AcDbEntity
  8
0
100
AcDbLine
 10
328492.92138430395
 20
2794259.4732290963
 30
0.0
 11
328512.2820496517
 21
2794269.59680741
 31
0.0
  0
LINE
  5
595
330
17
100
AcDbEntity
  8
0
100
AcDbLine
 10
328647.37911495427
 20
2794172.4457760095
 30
0.0
 11
328645.89150515286
 21
2794198.1548439534
 31
0.0
  0
LINE
  5
596
330
17
100
AcDbEntity
  8
0
100
AcDbLine
 10
328623.84615075425
 20
2794185.262332178
 30
0.0
 11
328645.89150515286
 21
2794198.1548439534
 31
0.0
  0
LWPOLYLINE
  5
597
330
17
100
AcDbEntity
  8
0
100
AcDbPolyline
 90
4
 70
0
 10
328645.89150515286
 20
2794198.1548439534
 10
328667.0968334025
 20
2794234.599087565
 10
328672.8848303938
 20
2794244.5514638806
 10
328677.9107232047
 20
2794253.1951998766
  0
LINE
  5
598
330
17
100
AcDbEntity
  8
0
100
AcDbLine
 10
328667.0968334025
 20
2794234.599087565
 30
0.0
 11
328682.27215251594
 21
2794225.3005643855
 31
0.0
  0
LINE
  5
599
330
17
100
AcDbEntity
  8
0
100
AcDbLine
 10
328672.8848303938
 20
2794244.5514638806
 30
0.0
 11
328658.7173109479
 21
2794258.645142895
 31
0.0
  0
LINE
  5
59A
330
17
100
AcDbEntity
  8
0
100
AcDbLine
 10
328677.9107232047
 20
2794253.1951998766
 30
0.0
 11
328658.7173109479
 21
2794258.645142895
 31
0.0
  0
LINE
  5
59B
330
17
100
AcDbEntity
  8
0
100
AcDbLine
 10
328754.41516405984
 20
2793850.55497682
 30
0.0
 11
328760.15174707345
 21
2793860.4194185096
 31
0.0
  0
LWPOLYLINE
  5
59C
330
17
100
AcDbEntity
  8
0
100
AcDbPolyline
 90
4
 70
0
 10
328523.40467071533
 20
2793612.588072305
 10
328534.6091526144
 20
2793634.9235633938
 10
328550.16396353155
 20
2793661.867807667
 10
328567.5481617076
 20
2793686.0968880528
  0
LINE
  5
59D
330
17
100
AcDbEntity
  8
0
100
AcDbLine
 10
328518.1446931703
 20
2793615.701254995
 30
0.0
 11
328534.6091526144
 21
2793634.9235633938
 31
0.0
  0
LINE
  5
59E
330
17
100
AcDbEntity
  8
0
100
AcDbLine
 10
328593.2442192843
 20
2793571.22322498
 30
0.0
 11
328552.2051734277
 21
2793492.268834143
 31
0.0
  0
LINE
  5
59F
330
17
100
AcDbEntity
  8
0
100
AcDbLine
 10
328550.16396353155
 20
2793661.867807667
 30
0.0
 11
328562.1983877311
 21
2793689.2776623517
 31
0.0
  0
LINE
  5
5A0
330
17
100
AcDbEntity
  8
0
100
AcDbLine
 10
328319.9851479533
 20
2793728.8528290973
 30
0.0
 11
328310.4622382302
 21
2793748.5266707162
 31
0.0
  0
LWPOLYLINE
  5
5A1
330
17
100
AcDbEntity
  8
0
100
AcDbPolyline
 90
8
 70
0
 10
328362.85756299563
 20
2793802.166691004
 10
328567.5481617076
 20
2793686.0968880528
 10
328562.1983877311
 20
2793689.2776623517
 10
328612.60048365407
 20
2793660.4338817056
 10
328618.611331044
 20
2793656.945641931
 10
328659.19848369586
 20
2793633.499625997
 10
328675.270637943
 20
2793620.9771277197
 10
328688.2259691814
 20
2793612.9364626594
  0
LWPOLYLINE
  5
5A2
330
17
100
AcDbEntity
  8
0
100
AcDbPolyline
 90
3
 70
0
 10
328612.60048365407
 20
2793660.4338817056
 10
328630.170140018
 20
2793682.61122901
 10
328618.611331044
 20
2793656.945641931
  0
LINE
  5
5A3
330
17
100
AcDbEntity
  8
0
100
AcDbLine
 10
328362.85756299563
 20
2793802.166691004
 30
0.0
 11
328356.4075168785
 21
2793825.8117926735
 31
0.0
  0
LINE
  5
5A4
330
17
100
AcDbEntity
  8
0
100
AcDbLine
 10
328362.85756299563
 20
2793802.166691004
 30
0.0
 11
328340.48383305664
 21
2793799.1937003606
 31
0.0
  0
LWPOLYLINE
  5
5A5
330
17
100
AcDbEntity
  8
0
100
AcDbPolyline
 90
3
 70
0
 10
328659.19848369586
 20
2793633.499625997
 10
328677.92653483443
 20
2793625.441205389
 10
328691.52268712095
 20
2793618.6774889026
  0
LWPOLYLINE
  5
5A6
330
17
100
AcDbEntity
  8
0
100
AcDbPolyline
 90
5
 70
0
 10
328630.170140018
 20
2793682.61122901
 10
328655.1837081268
 20
2793724.557378564
 10
328657.932078409
 20
2793729.1642960836
 10
328684.47004757955
 20
2793797.612233335
 10
328725.87900582864
 20
2793849.4208225915
  0
LWPOLYLINE
  5
5A7
330
17
100
AcDbEntity
  8
0
100
AcDbPolyline
 90
9
 70
0
 10
328655.1837081268
 20
2793724.557378564
 10
328626.7210132765
 20
2793744.3490871293
 10
328585.6268044136
 20
2793767.502548182
 10
328581.45545621007
 20
2793769.8596758214
 10
328572.61247077736
 20
2793774.8461525505
 10
328567.7007606442
 20
2793777.6114830556
 10
328454.5426765826
 20
2793841.383184389
 10
328449.9911193146
 20
2793843.944585779
 10
328401.5651394174
 20
2793871.235189018
  0
LINE
  5
5A8
330
17
100
AcDbEntity
  8
0
100
AcDbLine
 10
328657.932078409
 20
2793729.1642960836
 30
0.0
 11
328626.7210132765
 21
2793744.3490871293
 31
0.0
  0
LINE
  5
5A9
330
17
100
AcDbEntity
  8
0
100
AcDbLine
 10
328757.68719472847
 20
2794053.243396145
 30
0.0
 11
328776.13602713775
 21
2794041.4774316614
 31
0.0
  0
LINE
  5
5AA
330
17
100
AcDbEntity
  8
0
100
AcDbLine
 10
328960.90311446553
 20
2794081.125125909
 30
0.0
 11
328952.85186029517
 21
2794089.7571271285
 31
0.0
  0
LWPOLYLINE
  5
5AB
330
17
100
AcDbEntity
  8
0
100
AcDbPolyline
 90
4
 70
0
 10
328963.7173562842
 20
2794086.1743870494
 10
328952.85186029517
 20
2794089.7571271285
 10
328902.66832525725
 20
2794117.4780615726
 10
328891.40946059953
 20
2794121.0215190784
  0
LINE
  5
5AC
330
17
100
AcDbEntity
  8
0
100
AcDbLine
 10
328902.66832525725
 20
2794117.4780615726
 30
0.0
 11
328893.8595340857
 21
2794125.155890927
 31
0.0
  0
LINE
  5
5AD
330
17
100
AcDbEntity
  8
0
100
AcDbLine
 10
328880.0056443546
 20
2794101.169811494
 30
0.0
 11
328809.25699600694
 21
2794142.179269123
 31
0.0
  0
LINE
  5
5AE
330
17
100
AcDbEntity
  8
0
100
AcDbLine
 10
328928.85201145575
 20
2794185.941933948
 30
0.0
 11
328940.38858447986
 21
2794178.0745213176
 31
0.0
  0
LINE
  5
5AF
330
17
100
AcDbEntity
  8
0
100
AcDbLine
 10
328167.4039037773
 20
2793276.331269027
 30
0.0
 11
328184.49509362783
 21
2793291.6789682116
 31
0.0
  0
LINE
  5
5B0
330
17
100
AcDbEntity
  8
0
100
AcDbLine
 10
328162.09538925346
 20
2793297.8349452387
 30
0.0
 11
328184.49509362783
 21
2793291.6789682116
 31
0.0
  0
LWPOLYLINE
  5
5B1
330
17
100
AcDbEntity
  8
0
100
AcDbPolyline
 90
5
 70
0
 10
328088.0104373326
 20
2793354.7875386435
 10
328084.00776103814
 20
2793348.224749521
 10
328079.45991703146
 20
2793340.782637638
 10
328062.44082283427
 20
2793312.8825888312
 10
328057.2169977395
 20
2793301.4055457856
  0
LINE
  5
5B2
330
17
100
AcDbEntity
  8
0
100
AcDbLine
 10
328053.8854606111
 20
2793365.8674293007
 30
0.0
 11
327973.16308567993
 21
2793292.2159194304
 31
0.0
  0
LINE
  5
5B3
330
17
100
AcDbEntity
  8
0
100
AcDbLine
 10
328072.2676408548
 20
2793374.1860993113
 30
0.0
 11
328071.4866442287
 21
2793396.7622494237
 31
0.0
  0
LINE
  5
5B4
330
17
100
AcDbEntity
  8
0
100
AcDbLine
 10
328052.12441049644
 20
2793386.63922232
 30
0.0
 11
328071.4866442287
 21
2793396.7622494237
 31
0.0
  0
LINE
  5
5B5
330
17
100
AcDbEntity
  8
0
100
AcDbLine
 10
328070.7467727697
 20
2793088.8651849725
 30
0.0
 11
328086.2583178424
 21
2793099.602187116
 31
0.0
  0
LINE
  5
5B6
330
17
100
AcDbEntity
  8
0
100
AcDbLine
 10
328067.1436883537
 20
2793108.1980594574
 30
0.0
 11
328086.2583178424
 21
2793099.602187116
 31
0.0
  0
LWPOLYLINE
  5
5B7
330
17
100
AcDbEntity
  8
0
100
AcDbPolyline
 90
3
 70
0
 10
328078.9767335041
 20
2793041.168808719
 10
328087.8344378064
 20
2793035.7276435993
 10
328154.21742232016
 20
2792994.9474348975
  0
LWPOLYLINE
  5
5B8
330
17
100
AcDbEntity
  8
0
100
AcDbPolyline
 90
7
 70
0
 10
328078.9767335041
 20
2793041.168808719
 10
328051.7541903092
 20
2792983.409855191
 10
328020.87090346275
 20
2792930.1619812865
 10
328002.93790908647
 20
2792899.3711170247
 10
328000.03284183267
 20
2792894.3564102463
 10
327984.32164695056
 20
2792867.1487987023
 10
327973.44778052357
 20
2792845.573866172
  0
LINE
  5
5B9
330
17
100
AcDbEntity
  8
0
100
AcDbLine
 10
328087.72253569803
 20
2793099.860532667
 30
0.0
 11
328087.8344378064
 21
2793035.7276435993
 31
0.0
  0
LINE
  5
5BA
330
17
100
AcDbEntity
  8
0
100
AcDbLine
 10
328087.72253569803
 20
2793099.860532667
 30
0.0
 11
328065.07810758345
 21
2793141.4809557907
 31
0.0
  0
LINE
  5
5BB
330
17
100
AcDbEntity
  8
0
100
AcDbLine
 10
328065.07810758345
 20
2793141.4809557907
 30
0.0
 11
328128.63070583576
 21
2793183.2799097183
 31
0.0
  0
LINE
  5
5BC
330
17
100
AcDbEntity
  8
0
100
AcDbLine
 10
329016.7400933143
 20
2792372.5290376204
 30
0.0
 11
329030.67080516915
 21
2792349.0668539386
 31
0.0
  0
LINE
  5
5BD
330
17
100
AcDbEntity
  8
0
100
AcDbLine
 10
329020.55602882616
 20
2792377.886929808
 30
0.0
 11
329052.9169038733
 21
2792409.560216589
 31
0.0
  0
LWPOLYLINE
  5
5BE
330
17
100
AcDbEntity
  8
0
100
AcDbPolyline
 90
7
 70
0
 10
329045.45287108666
 20
2792340.349954645
 10
329046.48842953995
 20
2792342.5635684007
 10
329046.7493831906
 20
2792343.280347669
 10
329050.10665774613
 20
2792352.21118892
 10
329053.77721091267
 20
2792361.215619633
 10
329056.8130780639
 20
2792368.6328237127
 10
329057.7250827097
 20
2792370.637515236
  0
LINE
  5
5BF
330
17
100
AcDbEntity
  8
0
100
AcDbLine
 10
328996.23473665246
 20
2792349.3358330033
 30
0.0
 11
328808.12781458744
 21
2792321.493309676
 31
0.0
  0
LINE
  5
5C0
330
17
100
AcDbEntity
  8
0
100
AcDbLine
 10
328996.23473665246
 20
2792349.3358330033
 30
0.0
 11
328981.39038633707
 21
2792370.6604525144
 31
0.0
  0
LINE
  5
5C1
330
17
100
AcDbEntity
  8
0
100
AcDbLine
 10
329006.690699953
 20
2792369.8421922983
 30
0.0
 11
328981.39038633707
 21
2792370.6604525144
 31
0.0
  0
LWPOLYLINE
  5
5C2
330
17
100
AcDbEntity
  8
0
100
AcDbPolyline
 90
6
 70
0
 10
328977.14017285215
 20
2792373.195665624
 10
329028.4822706209
 20
2792427.051070793
 10
328902.28160754795
 20
2792279.5904248473
 10
328926.11173795315
 20
2792327.445634854
 10
328942.50042139366
 20
2792357.3487231536
 10
328959.8796431866
 20
2792383.5170646426
  0
LINE
  5
5C3
330
17
100
AcDbEntity
  8
0
100
AcDbLine
 10
328931.1626273267
 20
2792600.2243767744
 30
0.0
 11
328962.6521870048
 21
2792654.651798526
 31
0.0
  0
LINE
  5
5C4
330
17
100
AcDbEntity
  8
0
100
AcDbLine
 10
328712.00113726774
 20
2792836.258073659
 30
0.0
 11
328836.107537666
 21
2792768.218620559
 31
0.0
  0
LINE
  5
5C5
330
17
100
AcDbEntity
  8
0
100
AcDbLine
 10
329361.4866055611
 20
2792214.335850841
 30
0.0
 11
329441.5861304509
 21
2792212.373313172
 31
0.0
  0
LINE
  5
5C6
330
17
100
AcDbEntity
  8
0
100
AcDbLine
 10
328481.0378916227
 20
2794062.0672740755
 30
0.0
 11
328465.77988228376
 21
2794052.146472429
 31
0.0
  0
LINE
  5
5C7
330
17
100
AcDbEntity
  8
0
100
AcDbLine
 10
328465.77988228376
 20
2794052.146472429
 30
0.0
 11
328402.5571349118
 21
2794089.92753279
 31
0.0
  0
LINE
  5
5C8
330
17
100
AcDbEntity
  8
0
100
AcDbLine
 10
328289.6648346535
 20
2793894.302341373
 30
0.0
 11
328358.0392226166
 21
2793852.7663902803
 31
0.0
  0
LWPOLYLINE
  5
5C9
330
17
100
AcDbEntity
  8
0
100
AcDbPolyline
 90
11
 70
0
 10
328235.8592478589
 20
2793968.3785027354
 10
328247.52162706025
 20
2793995.017368422
 10
328272.67794132465
 20
2794037.038604783
 10
328275.6858154913
 20
2794042.240376345
 10
328290.3444330124
 20
2794067.6226221127
 10
328312.7184383736
 20
2794106.3558023917
 10
328315.23208981333
 20
2794110.7219160995
 10
328323.040277243
 20
2794124.237836652
 10
328334.0418142921
 20
2794143.285532925
 10
328368.333769468
 20
2794202.6501122583
 10
328377.8654890915
 20
2794225.7600231147
  0
LWPOLYLINE
  5
5CA
330
17
100
AcDbEntity
  8
0
100
AcDbPolyline
 90
7
 70
0
 10
328269.1865204148
 20
2793860.485966303
 10
328256.15115897276
 20
2793867.7415356734
 10
328233.1167267566
 20
2793878.580510227
 10
328169.0115650849
 20
2793915.919645132
 10
328139.2893360216
 20
2793933.2358778594
 10
328082.4751813378
 20
2793966.3284836547
 10
328051.2882740769
 20
2793980.9493948985
  0
LWPOLYLINE
  5
5CB
330
17
100
AcDbEntity
  8
0
100
AcDbPolyline
 90
3
 70
0
 10
328266.44923376583
 20
2793855.9676040574
 10
328253.74816907156
 20
2793864.1605738383
 10
328233.1167267566
 20
2793878.580510227
  0
LINE
  5
5CC
330
17
100
AcDbEntity
  8
0
100
AcDbLine
 10
328169.0115650849
 20
2793915.919645132
 30
0.0
 11
328207.6256577486
 21
2793983.9142511175
 31
0.0
  0
LINE
  5
5CD
330
17
100
AcDbEntity
  8
0
100
AcDbLine
 10
328054.2434874737
 20
2793985.963464382
 30
0.0
 11
328124.5360461364
 21
2794029.6373018767
 31
0.0
  0
LINE
  5
5CE
330
17
100
AcDbEntity
  8
0
100
AcDbLine
 10
328054.2434874737
 20
2793985.963464382
 30
0.0
 11
328082.4751813378
 21
2793966.3284836547
 31
0.0
  0
LINE
  5
5CF
330
17
100
AcDbEntity
  8
0
100
AcDbLine
 10
328139.2893360216
 20
2793933.2358778594
 30
0.0
 11
328157.2884686162
 21
2793963.0068140803
 31
0.0
  0
LINE
  5
5D0
330
17
100
AcDbEntity
  8
0
100
AcDbLine
 10
328129.0382449452
 20
2794027.1650345474
 30
0.0
 11
328144.08743281453
 21
2794057.0953055983
 31
0.0
  0
LINE
  5
5D1
330
17
100
AcDbEntity
  8
0
100
AcDbLine
 10
328178.1916605772
 20
2794000.118928311
 30
0.0
 11
328161.01686488563
 21
2793969.4069278287
 31
0.0
  0
LWPOLYLINE
  5
5D2
330
17
100
AcDbEntity
  8
0
100
AcDbPolyline
 90
3
 70
0
 10
328199.260152195
 20
2794082.7602369846
 10
328247.5624174931
 20
2794055.3374548466
 10
328272.67794132465
 20
2794037.038604783
  0
LINE
  5
5D3
330
17
100
AcDbEntity
  8
0
100
AcDbLine
 10
328247.5624174931
 20
2794055.3374548466
 30
0.0
 11
328275.6858154913
 21
2794042.240376345
 31
0.0
  0
LWPOLYLINE
  5
5D4
330
17
100
AcDbEntity
  8
0
100
AcDbPolyline
 90
3
 70
0
 10
328315.63364736317
 20
2794266.1212840667
 10
328328.58949313936
 20
2794257.393357581
 10
328343.1084701299
 20
2794246.4078107006
  0
LINE
  5
5D5
330
17
100
AcDbEntity
  8
0
100
AcDbLine
 10
328551.2611935097
 20
2794206.8986623604
 30
0.0
 11
328552.86701451
 21
2794196.088182825
 31
0.0
  0
LINE
  5
5D6
330
17
100
AcDbEntity
  8
0
100
AcDbLine
 10
328573.5245220515
 20
2794195.6600881633
 30
0.0
 11
328584.0943101695
 21
2794196.578507031
 31
0.0
  0
LINE
  5
5D7
330
17
100
AcDbEntity
  8
0
100
AcDbLine
 10
328739.50600508344
 20
2793859.4290420297
 30
0.0
 11
328725.87900582864
 21
2793849.4208225915
 31
0.0
  0
LINE
  5
5D8
330
17
100
AcDbEntity
  8
0
100
AcDbLine
 10
328630.5606339986
 20
2793217.2470979327
 30
0.0
 11
328651.35205831134
 21
2793226.47765945
 31
0.0
  0
LINE
  5
5D9
330
17
100
AcDbEntity
  8
0
100
AcDbLine
 10
328022.82921253913
 20
2792137.738751694
 30
0.0
 11
328008.0949316261
 21
2792131.9548877003
 31
0.0
  0
LWPOLYLINE
  5
5DA
330
17
100
AcDbEntity
  8
0
100
AcDbPolyline
 90
3
 70
0
 10
328026.68245863606
 20
2792143.6165933395
 10
328021.93409540877
 20
2792152.1406447226
 10
328037.7407912912
 20
2792128.9304551533
  0
LINE
  5
5DB
330
17
100
AcDbEntity
  8
0
100
AcDbLine
 10
328008.0949316261
 20
2792131.9548877003
 30
0.0
 11
327967.12742126884
 21
2792056.025298355
 31
0.0
  0
LWPOLYLINE
  5
5DC
330
17
100
AcDbEntity
  8
0
100
AcDbPolyline
 90
3
 70
0
 10
328008.0949316261
 20
2792131.9548877003
 10
327978.26901777217
 20
2792149.3500391087
 10
327924.3925022709
 20
2792179.502915186
  0
LWPOLYLINE
  5
5DD
330
17
100
AcDbEntity
  8
0
100
AcDbPolyline
 90
6
 70
0
 10
327967.12742126884
 20
2792056.025298355
 10
327950.6858857229
 20
2792063.379725999
 10
327882.2909252841
 20
2792103.1670053136
 10
327867.1476916799
 20
2792111.9784243437
 10
327851.1141851968
 20
2792121.299704233
 10
327835.5600492531
 20
2792130.2825611997
  0
LINE
  5
5DE
330
17
100
AcDbEntity
  8
0
100
AcDbLine
 10
327978.26901777217
 20
2792149.3500391087
 30
0.0
 11
327992.09475905413
 21
2792169.270062946
 31
0.0
  0
LWPOLYLINE
  5
5DF
330
17
100
AcDbEntity
  8
0
100
AcDbPolyline
 90
3
 70
0
 10
327924.3925022709
 20
2792179.502915186
 10
327922.0469286653
 20
2792175.7107777777
 10
327942.9194208157
 20
2792197.490904683
  0
LINE
  5
5E0
330
17
100
AcDbEntity
  8
0
100
AcDbLine
 10
327924.3925022709
 20
2792179.502915186
 30
0.0
 11
327932.25609890965
 21
2792203.608694936
 31
0.0
  0
LINE
  5
5E1
330
17
100
AcDbEntity
  8
0
100
AcDbLine
 10
328021.93409540877
 20
2792152.1406447226
 30
0.0
 11
328049.2281687915
 21
2792150.3868753216
 31
0.0
  0
LINE
  5
5E2
330
17
100
AcDbEntity
  8
0
100
AcDbLine
 10
327922.0469286653
 20
2792175.7107777777
 30
0.0
 11
327882.2909252841
 21
2792103.1670053136
 31
0.0
  0
LWPOLYLINE
  5
5E3
330
17
100
AcDbEntity
  8
0
100
AcDbPolyline
 90
3
 70
0
 10
327922.0469286653
 20
2792175.7107777777
 10
327906.5095851411
 20
2792184.4274656996
 10
327891.0614499845
 20
2792193.818806006
  0
LINE
  5
5E4
330
17
100
AcDbEntity
  8
0
100
AcDbLine
 10
327950.6858857229
 20
2792063.379725999
 30
0.0
 11
327942.5172817289
 21
2792048.5723851356
 31
0.0
  0
LWPOLYLINE
  5
5E5
330
17
100
AcDbEntity
  8
0
100
AcDbPolyline
 90
4
 70
0
 10
327858.27081908076
 20
2792172.987984413
 10
327835.5600492531
 20
2792130.2825611997
 10
327853.20187156217
 20
2792164.2231730525
 10
327826.281738354
 20
2792113.7944425107
  0
LINE
  5
5E6
330
17
100
AcDbEntity
  8
0
100
AcDbLine
 10
327851.1141851968
 20
2792121.299704233
 30
0.0
 11
327891.0614499845
 21
2792193.818806006
 31
0.0
  0
LINE
  5
5E7
330
17
100
AcDbEntity
  8
0
100
AcDbLine
 10
327826.281738354
 20
2792113.7944425107
 30
0.0
 11
327942.5172817289
 21
2792048.5723851356
 31
0.0
  0
LINE
  5
5E8
330
17
100
AcDbEntity
  8
0
100
AcDbLine
 10
327853.20187156217
 20
2792164.2231730525
 30
0.0
 11
327842.67030545487
 21
2792174.3607309107
 31
0.0
  0
LINE
  5
5E9
330
17
100
AcDbEntity
  8
0
100
AcDbLine
 10
327858.27081908076
 20
2792172.987984413
 30
0.0
 11
327891.0614499845
 21
2792193.818806006
 31
0.0
  0
LINE
  5
5EA
330
17
100
AcDbEntity
  8
0
100
AcDbLine
 10
327838.3110737286
 20
2792167.525573657
 30
0.0
 11
327803.6184061846
 21
2792131.0545509257
 31
0.0
  0
LINE
  5
5EB
330
17
100
AcDbEntity
  8
0
100
AcDbLine
 10
328028.2119117179
 20
2792163.2719513476
 30
0.0
 11
327886.2271678035
 21
2792241.527454796
 31
0.0
  0
LINE
  5
5EC
330
17
100
AcDbEntity
  8
0
100
AcDbLine
 10
329754.90194739605
 20
2791896.259484416
 30
0.0
 11
329757.82893087686
 21
2791966.3356334628
 31
0.0
  0
LINE
  5
5ED
330
17
100
AcDbEntity
  8
0
100
AcDbLine
 10
329746.8346512248
 20
2791870.925769384
 30
0.0
 11
329756.7127170615
 21
2791872.7955570254
 31
0.0
  0
LWPOLYLINE
  5
5EE
330
17
100
AcDbEntity
  8
0
100
AcDbPolyline
 90
3
 70
0
 10
328675.38533496356
 20
2792126.3595761014
 10
328683.35204028105
 20
2792122.104425498
 10
328703.6609586477
 20
2792111.4006775473
  0
LINE
  5
5EF
330
17
100
AcDbEntity
  8
0
100
AcDbLine
 10
328697.39402019023
 20
2792131.3319824133
 30
0.0
 11
328683.35204028105
 21
2792122.104425498
 31
0.0
  0
LWPOLYLINE
  5
5F0
330
17
100
AcDbEntity
  8
0
100
AcDbPolyline
 90
4
 70
0
 10
329980.9456578281
 20
2792912.5867135692
 10
330125.1707811492
 20
2793006.090351498
 10
329976.4117587047
 20
2792907.7804319737
 10
329897.9427467576
 20
2792813.10788071
  0
LINE
  5
5F1
330
17
100
AcDbEntity
  8
0
100
AcDbLine
 10
329979.8636451272
 20
2792909.066414358
 30
0.0
 11
329994.0302524081
 21
2792902.6957471035
 31
0.0
  0
LWPOLYLINE
  5
5F2
330
17
100
AcDbEntity
  8
0
100
AcDbPolyline
 90
3
 70
0
 10
329994.0302524081
 20
2792902.6957471035
 10
329987.17817718134
 20
2792888.2031453713
 10
330031.9026531086
 20
2792949.1132353586
  0
LINE
  5
5F3
330
17
100
AcDbEntity
  8
0
100
AcDbLine
 10
330031.9026531086
 20
2792949.1132353586
 30
0.0
 11
330073.3516149905
 21
2792974.6813173476
 31
0.0
  0
LINE
  5
5F4
330
17
100
AcDbEntity
  8
0
100
AcDbLine
 10
330031.9026531086
 20
2792949.1132353586
 30
0.0
 11
330053.23578341294
 21
2792940.569915484
 31
0.0
  0
LINE
  5
5F5
330
17
100
AcDbEntity
  8
0
100
AcDbLine
 10
330073.3516149905
 20
2792974.6813173476
 30
0.0
 11
330149.84533426864
 21
2792884.919094448
 31
0.0
  0
LINE
  5
5F6
330
17
100
AcDbEntity
  8
0
100
AcDbLine
 10
330073.3516149905
 20
2792974.6813173476
 30
0.0
 11
330069.35417607316
 21
2792932.369086028
 31
0.0
  0
LWPOLYLINE
  5
5F7
330
17
100
AcDbEntity
  8
0
100
AcDbPolyline
 90
3
 70
0
 10
330097.0336941818
 20
2792702.3071441003
 10
330096.63444225537
 20
2792693.782067106
 10
330095.77193651197
 20
2792675.6470691697
  0
LINE
  5
5F8
330
17
100
AcDbEntity
  8
0
100
AcDbLine
 10
330097.0336941818
 20
2792702.3071441003
 30
0.0
 11
330105.5703044118
 21
2792711.339324773
 31
0.0
  0
LINE
  5
5F9
330
17
100
AcDbEntity
  8
0
100
AcDbLine
 10
330105.5703044118
 20
2792711.339324773
 30
0.0
 11
330175.6278551151
 21
2792746.0202433523
 31
0.0
  0
LINE
  5
5FA
330
17
100
AcDbEntity
  8
0
100
AcDbLine
 10
328591.21613698
 20
2792919.034896114
 30
0.0
 11
328608.0478124927
 21
2792926.631719186
 31
0.0
  0
LWPOLYLINE
  5
5FB
330
17
100
AcDbEntity
  8
0
100
AcDbPolyline
 90
3
 70
0
 10
328911.02929375676
 20
2792799.2534374124
 10
328997.6218418669
 20
2792750.8662094367
 10
329071.66526654677
 20
2792710.0161343766
  0
LINE
  5
5FC
330
17
100
AcDbEntity
  8
0
100
AcDbLine
 10
329896.0762024736
 20
2794128.252461365
 30
0.0
 11
329926.8471095072
 21
2794148.537064993
 31
0.0
  0
LINE
  5
5FD
330
17
100
AcDbEntity
  8
0
100
AcDbLine
 10
329917.7054008164
 20
2794177.842772108
 30
0.0
 11
329928.8318209298
 21
2794168.563408472
 31
0.0
  0
LINE
  5
5FE
330
17
100
AcDbEntity
  8
0
100
AcDbLine
 10
329928.8318209298
 20
2794168.563408472
 30
0.0
 11
329944.1743081962
 21
2794170.087537239
 31
0.0
  0
LINE
  5
5FF
330
17
100
AcDbEntity
  8
0
100
AcDbLine
 10
329928.8318209298
 20
2794168.563408472
 30
0.0
 11
329926.8471095072
 21
2794148.537064993
 31
0.0
  0
LINE
  5
600
330
17
100
AcDbEntity
  8
0
100
AcDbLine
 10
329133.6416182753
 20
2794134.4647214846
 30
0.0
 11
329103.69341473863
 21
2794150.684911537
 31
0.0
  0
LINE
  5
601
330
17
100
AcDbEntity
  8
0
100
AcDbLine
 10
329166.47018352995
 20
2794187.535046661
 30
0.0
 11
329150.91556553764
 21
2794229.8284210046
 31
0.0
  0
LWPOLYLINE
  5
602
330
17
100
AcDbEntity
  8
0
100
AcDbPolyline
 90
3
 70
0
 10
329103.69341473863
 20
2794150.684911537
 10
329130.973151147
 20
2794224.652151139
 10
329091.7147795822
 20
2794081.343285576
  0
LINE
  5
603
330
17
100
AcDbEntity
  8
0
100
AcDbLine
 10
329130.973151147
 20
2794224.652151139
 30
0.0
 11
329150.91556553764
 21
2794229.8284210046
 31
0.0
  0
LINE
  5
604
330
17
100
AcDbEntity
  8
0
100
AcDbLine
 10
329773.5643769483
 20
2792015.7230426865
 30
0.0
 11
329764.27435078775
 21
2792040.566107842
 31
0.0
  0
LWPOLYLINE
  5
605
330
17
100
AcDbEntity
  8
0
100
AcDbPolyline
 90
3
 70
0
 10
329769.038216907
 20
2792013.9631762356
 10
329752.2922305665
 20
2792014.8052821956
 10
329743.4207578691
 20
2792015.2492313483
  0
LINE
  5
606
330
17
100
AcDbEntity
  8
0
100
AcDbLine
 10
329769.038216907
 20
2792013.9631762356
 30
0.0
 11
329767.73649285233
 21
2791988.17877486
 31
0.0
  0
LINE
  5
607
330
17
100
AcDbEntity
  8
0
100
AcDbLine
 10
329926.94990928716
 20
2791983.407471707
 30
0.0
 11
329941.144888912
 21
2792004.875577178
 31
0.0
  0
LINE
  5
608
330
17
100
AcDbEntity
  8
0
100
AcDbLine
 10
329981.78505246254
 20
2791978.663901704
 30
0.0
 11
329986.2706964541
 21
2791989.2313858257
 31
0.0
  0
LINE
  5
609
330
17
100
AcDbEntity
  8
0
100
AcDbLine
 10
329954.07220059226
 20
2791981.5932707577
 30
0.0
 11
329941.144888912
 21
2792004.875577178
 31
0.0
  0
LWPOLYLINE
  5
60A
330
17
100
AcDbEntity
  8
0
100
AcDbPolyline
 90
3
 70
0
 10
329986.2706964541
 20
2791989.2313858257
 10
329985.0982373029
 20
2792005.78562366
 10
329984.8072177668
 20
2792015.504717888
  0
LWPOLYLINE
  5
60B
330
17
100
AcDbEntity
  8
0
100
AcDbPolyline
 90
5
 70
0
 10
329986.2706964541
 20
2791989.2313858257
 10
330084.5298781209
 20
2791996.206156142
 10
330093.8693759744
 20
2791996.122130954
 10
330218.63770164485
 20
2792003.828563379
 10
330221.7393999401
 20
2792003.689948609
  0
LINE
  5
60C
330
17
100
AcDbEntity
  8
0
100
AcDbLine
 10
329999.8669671803
 20
2791969.46354128
 30
0.0
 11
329988.5473036058
 21
2791958.7049525846
 31
0.0
  0
LINE
  5
60D
330
17
100
AcDbEntity
  8
0
100
AcDbLine
 10
329919.14605486265
 20
2791974.997611251
 30
0.0
 11
329930.68246005557
 21
2791958.9002543055
 31
0.0
  0
LINE
  5
60E
330
17
100
AcDbEntity
  8
0
100
AcDbLine
 10
329930.68246005557
 20
2791958.9002543055
 30
0.0
 11
329988.5473036058
 21
2791958.7049525846
 31
0.0
  0
LINE
  5
60F
330
17
100
AcDbEntity
  8
0
100
AcDbLine
 10
329930.68246005557
 20
2791958.9002543055
 30
0.0
 11
329893.61962309945
 21
2791938.639048671
 31
0.0
  0
LINE
  5
610
330
17
100
AcDbEntity
  8
0
100
AcDbLine
 10
329747.93370919663
 20
2791914.238190806
 30
0.0
 11
329749.77201245946
 21
2791989.080521282
 31
0.0
  0
LINE
  5
611
330
17
100
AcDbEntity
  8
0
100
AcDbLine
 10
329747.93370919663
 20
2791914.238190806
 30
0.0
 11
329722.00517587503
 21
2791901.226423921
 31
0.0
  0
LWPOLYLINE
  5
612
330
17
100
AcDbEntity
  8
0
100
AcDbPolyline
 90
3
 70
0
 10
329749.77201245946
 20
2791989.080521282
 10
329767.73649285233
 20
2791988.17877486
 10
329742.3807834956
 20
2791989.4504579497
  0
LWPOLYLINE
  5
613
330
17
100
AcDbEntity
  8
0
100
AcDbPolyline
 90
4
 70
0
 10
329722.00517587503
 20
2791901.226423921
 10
329677.50396207004
 20
2791928.074623145
 10
329667.73357992584
 20
2791933.9581772904
 10
329564.6813395501
 20
2791996.118447257
  0
LINE
  5
614
330
17
100
AcDbEntity
  8
0
100
AcDbLine
 10
330250.2637101656
 20
2791957.8125391267
 30
0.0
 11
330238.55961188336
 21
2791946.9145625546
 31
0.0
  0
LWPOLYLINE
  5
615
330
17
100
AcDbEntity
  8
0
100
AcDbPolyline
 90
3
 70
0
 10
328283.6994190274
 20
2792514.8381639565
 10
328251.82100121985
 20
2792531.627351061
 10
328306.7736041378
 20
2792498.205088284
  0
LINE
  5
616
330
17
100
AcDbEntity
  8
0
100
AcDbLine
 10
328251.82100121985
 20
2792531.627351061
 30
0.0
 11
328238.4322074213
 21
2792533.3704071334
 31
0.0
  0
LINE
  5
617
330
17
100
AcDbEntity
  8
0
100
AcDbLine
 10
328439.27545785863
 20
2792763.1639553905
 30
0.0
 11
328477.77606550115
 21
2792740.2425635788
 31
0.0
  0
LINE
  5
618
330
17
100
AcDbEntity
  8
0
100
AcDbLine
 10
329686.17814291554
 20
2794111.053846241
 30
0.0
 11
329696.42365795467
 21
2794109.42925812
 31
0.0
  0
LWPOLYLINE
  5
619
330
17
100
AcDbEntity
  8
0
100
AcDbPolyline
 90
3
 70
0
 10
329686.17814291554
 20
2794111.053846241
 10
329679.2940289796
 20
2794089.2059533023
 10
329694.23868088337
 20
2794128.7215648894
  0
LINE
  5
61A
330
17
100
AcDbEntity
  8
0
100
AcDbLine
 10
329694.23868088337
 20
2794128.7215648894
 30
0.0
 11
329655.01501818263
 21
2794155.636891241
 31
0.0
  0
LWPOLYLINE
  5
61B
330
17
100
AcDbEntity
  8
0
100
AcDbPolyline
 90
3
 70
0
 10
329246.3203326688
 20
2793597.071494242
 10
329255.35477873124
 20
2793636.7499696966
 10
329241.63243413606
 20
2793598.426820934
  0
LINE
  5
61C
330
17
100
AcDbEntity
  8
0
100
AcDbLine
 10
328159.41742857127
 20
2792274.7130359346
 30
0.0
 11
328188.99335295823
 21
2792255.0947448662
 31
0.0
  0
LINE
  5
61D
330
17
100
AcDbEntity
  8
0
100
AcDbLine
 10
328238.4322074213
 20
2792533.3704071334
 30
0.0
 11
328224.3968564434
 21
2792528.62989261
 31
0.0
  0
LWPOLYLINE
  5
61E
330
17
100
AcDbEntity
  8
0
100
AcDbPolyline
 90
3
 70
0
 10
328318.2487879328
 20
2792676.772029656
 10
328316.70618437126
 20
2792679.0737017193
 10
328311.63478619955
 20
2792689.928166762
  0
LINE
  5
61F
330
17
100
AcDbEntity
  8
0
100
AcDbLine
 10
327930.88426743844
 20
2791927.7136232583
 30
0.0
 11
327916.0269843005
 21
2791935.2584245605
 31
0.0
  0
LINE
  5
620
330
17
100
AcDbEntity
  8
0
100
AcDbLine
 10
329642.6836893595
 20
2792595.7998132086
 30
0.0
 11
329578.79264271667
 21
2792647.7075625784
 31
0.0
  0
LINE
  5
621
330
17
100
AcDbEntity
  8
0
100
AcDbLine
 10
329713.32750498864
 20
2792626.471897604
 30
0.0
 11
329712.7052022644
 21
2792558.6155321267
 31
0.0
  0
LINE
  5
622
330
17
100
AcDbEntity
  8
0
100
AcDbLine
 10
329782.1511452982
 20
2792570.9577917336
 30
0.0
 11
329765.1388709876
 21
2792555.385599764
 31
0.0
  0
LINE
  5
623
330
17
100
AcDbEntity
  8
0
100
AcDbLine
 10
329765.1388709876
 20
2792555.385599764
 30
0.0
 11
329780.36255953356
 21
2792538.510511583
 31
0.0
  0
LWPOLYLINE
  5
624
330
17
100
AcDbEntity
  8
0
100
AcDbPolyline
 90
3
 70
0
 10
329701.5903467807
 20
2792559.309330157
 10
329697.7440839602
 20
2792520.296501285
 10
329697.5329868365
 20
2792559.559804723
  0
LWPOLYLINE
  5
625
330
17
100
AcDbEntity
  8
0
100
AcDbPolyline
 90
5
 70
0
 10
329570.7387637073
 20
2792901.7737921863
 10
329604.27110963594
 20
2792891.469749028
 10
329665.9762870572
 20
2792872.5024886155
 10
329608.7775381107
 20
2792890.083620058
 10
329676.36426986486
 20
2792869.31415157
  0
LINE
  5
626
330
17
100
AcDbEntity
  8
0
100
AcDbLine
 10
329665.9762870572
 20
2792872.5024886155
 30
0.0
 11
329595.5209572179
 21
2792856.7061977936
 31
0.0
  0
LWPOLYLINE
  5
627
330
17
100
AcDbEntity
  8
0
100
AcDbPolyline
 90
15
 70
0
 10
329973.8183151816
 20
2792403.9613168472
 10
329959.5143243766
 20
2792310.4429776473
 10
329960.7960910553
 20
2792338.675878914
 10
329962.4830328554
 20
2792375.899060311
 10
329963.87770265574
 20
2792404.296715224
 10
329967.8904443317
 20
2792502.320212468
 10
329968.799326212
 20
2792517.718350969
 10
329969.5869699883
 20
2792529.8832241395
 10
329971.3950393225
 20
2792559.1065415605
 10
329972.97987518203
 20
2792584.998173405
 10
329973.79137049866
 20
2792598.2594741215
 10
329977.5196836385
 20
2792659.2194203357
 10
329974.79281136673
 20
2792614.609162777
 10
329979.2373523841
 20
2792682.0518444604
 10
329979.64974422345
 20
2792687.607841382
  0
LWPOLYLINE
  5
628
330
17
100
AcDbEntity
  8
0
100
AcDbPolyline
 90
3
 70
0
 10
329977.5196836385
 20
2792659.2194203357
 10
329935.8138364629
 20
2792660.596605549
 10
329932.7521659981
 20
2792660.7015591995
  0
LWPOLYLINE
  5
629
330
17
100
AcDbEntity
  8
0
100
AcDbPolyline
 90
3
 70
0
 10
329979.2373523841
 20
2792682.0518444604
 10
329968.45184110396
 20
2792682.486495839
 10
329933.7032615093
 20
2792684.2636920675
  0
LINE
  5
62A
330
17
100
AcDbEntity
  8
0
100
AcDbLine
 10
329974.79281136673
 20
2792614.609162777
 30
0.0
 11
329943.842865253
 21
2792615.607433316
 31
0.0
  0
LINE
  5
62B
330
17
100
AcDbEntity
  8
0
100
AcDbLine
 10
329935.8138364629
 20
2792660.596605549
 30
0.0
 11
329935.36086022016
 21
2792641.3929631757
 31
0.0
  0
LINE
  5
62C
330
17
100
AcDbEntity
  8
0
100
AcDbLine
 10
329856.9752493792
 20
2792772.213278576
 30
0.0
 11
329857.1046989404
 21
2792761.676420573
 31
0.0
  0
LINE
  5
62D
330
17
100
AcDbEntity
  8
0
100
AcDbLine
 10
329871.2687754014
 20
2792789.547929434
 30
0.0
 11
329884.8102829224
 21
2792786.3422601228
 31
0.0
  0
LWPOLYLINE
  5
62E
330
17
100
AcDbEntity
  8
0
100
AcDbPolyline
 90
6
 70
0
 10
329857.1046989404
 20
2792761.676420573
 10
329842.2068828653
 20
2792705.1109117568
 10
329805.63387120864
 20
2792621.122921181
 10
329793.25237503747
 20
2792512.3149246597
 10
329800.21622457483
 20
2792624.5698797945
 10
329836.15108791797
 20
2792737.1251105377
  0
LWPOLYLINE
  5
62F
330
17
100
AcDbEntity
  8
0
100
AcDbPolyline
 90
4
 70
0
 10
329888.08408289857
 20
2792790.289193768
 10
329857.1046989404
 20
2792761.676420573
 10
329884.8102829224
 20
2792786.3422601228
 10
329836.15108791797
 20
2792737.1251105377
  0
LINE
  5
630
330
17
100
AcDbEntity
  8
0
100
AcDbLine
 10
329842.2068828653
 20
2792705.1109117568
 30
0.0
 11
329836.15108791797
 21
2792737.1251105377
 31
0.0
  0
LWPOLYLINE
  5
631
330
17
100
AcDbEntity
  8
0
100
AcDbPolyline
 90
3
 70
0
 10
329805.63387120864
 20
2792621.122921181
 10
329800.21622457483
 20
2792624.5698797945
 10
329793.60924249433
 20
2792628.785110729
  0
LINE
  5
632
330
17
100
AcDbEntity
  8
0
100
AcDbLine
 10
328154.98998278775
 20
2792167.278031742
 30
0.0
 11
328149.0405796906
 21
2792175.651113665
 31
0.0
  0
LINE
  5
633
330
17
100
AcDbEntity
  8
0
100
AcDbLine
 10
328114.3818042283
 20
2792041.0265660016
 30
0.0
 11
328149.0405796906
 21
2792175.651113665
 31
0.0
  0
LINE
  5
634
330
17
100
AcDbEntity
  8
0
100
AcDbLine
 10
328099.77749519376
 20
2792300.0972682736
 30
0.0
 11
328085.4728940448
 21
2792302.7383464375
 31
0.0
  0
LINE
  5
635
330
17
100
AcDbEntity
  8
0
100
AcDbLine
 10
328099.77749519376
 20
2792300.0972682736
 30
0.0
 11
328039.5438225282
 21
2792214.519484787
 31
0.0
  0
LINE
  5
636
330
17
100
AcDbEntity
  8
0
100
AcDbLine
 10
328056.64810616453
 20
2792259.3348177834
 30
0.0
 11
328031.1455498589
 21
2792264.8767041694
 31
0.0
  0
LINE
  5
637
330
17
100
AcDbEntity
  8
0
100
AcDbLine
 10
328518.72068557935
 20
2792550.819269427
 30
0.0
 11
328532.58410570736
 21
2792576.987357042
 31
0.0
  0
LINE
  5
638
330
17
100
AcDbEntity
  8
0
100
AcDbLine
 10
329290.2848915538
 20
2792381.682051786
 30
0.0
 11
329274.7755864481
 21
2792379.883674261
 31
0.0
  0
LINE
  5
639
330
17
100
AcDbEntity
  8
0
100
AcDbLine
 10
329897.9427467576
 20
2792813.10788071
 30
0.0
 11
329888.08408289857
 21
2792790.289193768
 31
0.0
  0
LINE
  5
63A
330
17
100
AcDbEntity
  8
0
100
AcDbLine
 10
329882.7486199655
 20
2792803.4726991565
 30
0.0
 11
329888.08408289857
 21
2792790.289193768
 31
0.0
  0
LINE
  5
63B
330
17
100
AcDbEntity
  8
0
100
AcDbLine
 10
330062.511503938
 20
2791866.847506267
 30
0.0
 11
330064.661801991
 21
2791882.418372743
 31
0.0
  0
LWPOLYLINE
  5
63C
330
17
100
AcDbEntity
  8
0
100
AcDbPolyline
 90
5
 70
0
 10
330062.511503938
 20
2791866.847506267
 10
330072.0778792168
 20
2791867.170510549
 10
330130.28738205973
 20
2791872.732087616
 10
330157.5956922991
 20
2791872.876787073
 10
330239.43874933966
 20
2791873.2125401716
  0
LINE
  5
63D
330
17
100
AcDbEntity
  8
0
100
AcDbLine
 10
330056.9371085769
 20
2791860.2485280074
 30
0.0
 11
329995.93964740704
 21
2791866.176967624
 31
0.0
  0
LINE
  5
63E
330
17
100
AcDbEntity
  8
0
100
AcDbLine
 10
330056.9371085769
 20
2791860.2485280074
 30
0.0
 11
330057.4295887479
 21
2791848.1119007813
 31
0.0
  0
LINE
  5
63F
330
17
100
AcDbEntity
  8
0
100
AcDbLine
 10
329996.02996428055
 20
2791878.9820405045
 30
0.0
 11
329995.93964740704
 21
2791866.176967624
 31
0.0
  0
LINE
  5
640
330
17
100
AcDbEntity
  8
0
100
AcDbLine
 10
329995.93964740704
 20
2791866.176967624
 30
0.0
 11
329974.2434229593
 21
2791845.955155593
 31
0.0
  0
LINE
  5
641
330
17
100
AcDbEntity
  8
0
100
AcDbLine
 10
329974.2434229593
 20
2791845.955155593
 30
0.0
 11
330045.41845112573
 21
2791828.8318614285
 31
0.0
  0
LINE
  5
642
330
17
100
AcDbEntity
  8
0
100
AcDbLine
 10
330057.4295887479
 20
2791848.1119007813
 30
0.0
 11
330045.41845112573
 21
2791828.8318614285
 31
0.0
  0
LINE
  5
643
330
17
100
AcDbEntity
  8
0
100
AcDbLine
 10
330112.38703739893
 20
2791794.4689554353
 30
0.0
 11
330092.8771919949
 21
2791794.2929009264
 31
0.0
  0
LINE
  5
644
330
17
100
AcDbEntity
  8
0
100
AcDbLine
 10
330112.38703739893
 20
2791794.4689554353
 30
0.0
 11
330111.80329301325
 21
2791690.165593215
 31
0.0
  0
LINE
  5
645
330
17
100
AcDbEntity
  8
0
100
AcDbLine
 10
330112.38703739893
 20
2791794.4689554353
 30
0.0
 11
330130.4738378639
 21
2791751.9128000634
 31
0.0
  0
LINE
  5
646
330
17
100
AcDbEntity
  8
0
100
AcDbLine
 10
330092.8771919949
 20
2791794.2929009264
 30
0.0
 11
330063.4851266247
 21
2791717.2818880486
 31
0.0
  0
LINE
  5
647
330
17
100
AcDbEntity
  8
0
100
AcDbLine
 10
330130.4738378639
 20
2791751.9128000634
 30
0.0
 11
330130.38041686785
 21
2791686.6644095397
 31
0.0
  0
LINE
  5
648
330
17
100
AcDbEntity
  8
0
100
AcDbLine
 10
330130.38041686785
 20
2791686.6644095397
 30
0.0
 11
330147.8917440033
 21
2791751.594498631
 31
0.0
  0
LINE
  5
649
330
17
100
AcDbEntity
  8
0
100
AcDbLine
 10
328678.4975085343
 20
2792742.185932318
 30
0.0
 11
328660.80220034986
 21
2792738.012009405
 31
0.0
  0
LINE
  5
64A
330
17
100
AcDbEntity
  8
0
100
AcDbLine
 10
328678.4975085343
 20
2792742.185932318
 30
0.0
 11
328670.2344342579
 21
2792755.628631008
 31
0.0
  0
LINE
  5
64B
330
17
100
AcDbEntity
  8
0
100
AcDbLine
 10
328817.61976333207
 20
2792178.9530895804
 30
0.0
 11
328907.81479431724
 21
2791985.629558374
 31
0.0
  0
LWPOLYLINE
  5
64C
330
17
100
AcDbEntity
  8
0
100
AcDbPolyline
 90
3
 70
0
 10
328817.61976333207
 20
2792178.9530895804
 10
328813.8577093005
 20
2792173.8825955424
 10
328806.3506591966
 20
2792163.4976759837
  0
LINE
  5
64D
330
17
100
AcDbEntity
  8
0
100
AcDbLine
 10
328790.81525987666
 20
2792330.8850247944
 30
0.0
 11
328766.2126962018
 21
2792365.3501545503
 31
0.0
  0
LINE
  5
64E
330
17
100
AcDbEntity
  8
0
100
AcDbLine
 10
328741.10152336897
 20
2792109.630663103
 30
0.0
 11
328730.6558064978
 21
2792115.4570096335
 31
0.0
  0
LINE
  5
64F
330
17
100
AcDbEntity
  8
0
100
AcDbLine
 10
328759.5099052582
 20
2792131.077568127
 30
0.0
 11
328768.2622854772
 21
2792139.541272683
 31
0.0
  0
LINE
  5
650
330
17
100
AcDbEntity
  8
0
100
AcDbLine
 10
328759.5099052582
 20
2792131.077568127
 30
0.0
 11
328792.00084396324
 21
2792118.7796555194
 31
0.0
  0
LINE
  5
651
330
17
100
AcDbEntity
  8
0
100
AcDbLine
 10
328864.94476839266
 20
2792016.2375702527
 30
0.0
 11
328875.8747022819
 21
2792017.6170573854
 31
0.0
  0
LWPOLYLINE
  5
652
330
17
100
AcDbEntity
  8
0
100
AcDbPolyline
 90
4
 70
0
 10
328864.94476839266
 20
2792016.2375702527
 10
328853.453319372
 20
2792045.352127605
 10
328852.2226575995
 20
2792053.2109874203
 10
328848.8807695069
 20
2792076.5837350055
  0
LINE
  5
653
330
17
100
AcDbEntity
  8
0
100
AcDbLine
 10
328875.8747022819
 20
2792017.6170573854
 30
0.0
 11
328896.0198076826
 21
2792009.0759212915
 31
0.0
  0
LINE
  5
654
330
17
100
AcDbEntity
  8
0
100
AcDbLine
 10
328875.8747022819
 20
2792017.6170573854
 30
0.0
 11
328883.0156765565
 21
2792035.705923458
 31
0.0
  0
LINE
  5
655
330
17
100
AcDbEntity
  8
0
100
AcDbLine
 10
328853.453319372
 20
2792045.352127605
 30
0.0
 11
328874.6861787238
 21
2792062.276829892
 31
0.0
  0
LWPOLYLINE
  5
656
330
17
100
AcDbEntity
  8
0
100
AcDbPolyline
 90
3
 70
0
 10
328852.6370987877
 20
2792091.558134767
 10
328851.9773073372
 20
2792087.988252181
 10
328848.8807695069
 20
2792076.5837350055
  0
LINE
  5
657
330
17
100
AcDbEntity
  8
0
100
AcDbLine
 10
328852.6370987877
 20
2792091.558134767
 30
0.0
 11
328848.56683913886
 21
2792118.6844947618
 31
0.0
  0
LINE
  5
658
330
17
100
AcDbEntity
  8
0
100
AcDbLine
 10
328852.6370987877
 20
2792091.558134767
 30
0.0
 11
328823.7808650894
 21
2792105.2389919143
 31
0.0
  0
LINE
  5
659
330
17
100
AcDbEntity
  8
0
100
AcDbLine
 10
328851.9773073372
 20
2792087.988252181
 30
0.0
 11
328868.9208490455
 21
2792080.462430161
 31
0.0
  0
LWPOLYLINE
  5
65A
330
17
100
AcDbEntity
  8
0
100
AcDbPolyline
 90
5
 70
0
 10
328823.7808650894
 20
2792105.2389919143
 10
328832.6257857623
 20
2792109.868541715
 10
328848.56683913886
 20
2792118.6844947618
 10
328839.4117101744
 20
2792113.4274069485
 10
328854.98825225706
 20
2792122.103962059
  0
LWPOLYLINE
  5
65B
330
17
100
AcDbEntity
  8
0
100
AcDbPolyline
 90
6
 70
0
 10
328560.52649099135
 20
2791844.67968814
 10
328556.0143720318
 20
2791847.229421365
 10
328554.1749397554
 20
2791848.3826906113
 10
328536.8154621995
 20
2791858.085476294
 10
328533.5439126068
 20
2791859.932657499
 10
328529.4720022741
 20
2791862.233104564
  0
LWPOLYLINE
  5
65C
330
17
100
AcDbEntity
  8
0
100
AcDbPolyline
 90
5
 70
0
 10
328567.2002621452
 20
2791868.800832455
 10
328565.9607141656
 20
2791866.4015046707
 10
328556.0143720318
 20
2791847.229421365
 10
328560.98250905646
 20
2791856.8155260594
 10
328554.3927958674
 20
2791844.1037782016
  0
LWPOLYLINE
  5
65D
330
17
100
AcDbEntity
  8
0
100
AcDbPolyline
 90
3
 70
0
 10
328260.0194990772
 20
2792085.2072167853
 10
328228.8293145963
 20
2792164.235705309
 10
328224.89012636093
 20
2792174.59945539
  0
LINE
  5
65E
330
17
100
AcDbEntity
  8
0
100
AcDbLine
 10
328251.63112178573
 20
2792141.1807181067
 30
0.0
 11
328257.5990143201
 21
2792153.3130837907
 31
0.0
  0
LINE
  5
65F
330
17
100
AcDbEntity
  8
0
100
AcDbLine
 10
328224.89012636093
 20
2792174.59945539
 30
0.0
 11
328244.21660391346
 21
2792169.878574603
 31
0.0
  0
LINE
  5
660
330
17
100
AcDbEntity
  8
0
100
AcDbLine
 10
328279.0923598651
 20
2792089.0751691246
 30
0.0
 11
328264.68386930565
 21
2792082.7551458827
 31
0.0
  0
LWPOLYLINE
  5
661
330
17
100
AcDbEntity
  8
0
100
AcDbPolyline
 90
3
 70
0
 10
328829.4022341206
 20
2791921.9249958238
 10
328828.2331688864
 20
2791922.7041710312
 10
328816.9663712288
 20
2791931.343581785
  0
LWPOLYLINE
  5
662
330
17
100
AcDbEntity
  8
0
100
AcDbPolyline
 90
3
 70
0
 10
328829.4022341206
 20
2791921.9249958238
 10
328842.7085295436
 20
2791947.867789001
 10
328819.7834493723
 20
2791911.090413909
  0
LINE
  5
663
330
17
100
AcDbEntity
  8
0
100
AcDbLine
 10
328819.7834493723
 20
2791911.090413909
 30
0.0
 11
328779.3985578795
 21
2791888.846858439
 31
0.0
  0
LWPOLYLINE
  5
664
330
17
100
AcDbEntity
  8
0
100
AcDbPolyline
 90
4
 70
0
 10
328779.3985578795
 20
2791888.846858439
 10
328778.7654404319
 20
2791891.369597761
 10
328775.59675924835
 20
2791902.9419925655
 10
328773.5390209346
 20
2791910.7337776213
  0
LWPOLYLINE
  5
665
330
17
100
AcDbEntity
  8
0
100
AcDbPolyline
 90
6
 70
0
 10
328765.4402226013
 20
2791887.040477277
 10
328765.05042529746
 20
2791888.884374462
 10
328761.7598621848
 20
2791899.5831450913
 10
328759.50819012267
 20
2791907.177980678
 10
328760.1833167659
 20
2791934.255405061
 10
328752.29057473363
 20
2791969.0519021787
  0
LWPOLYLINE
  5
666
330
17
100
AcDbEntity
  8
0
100
AcDbPolyline
 90
4
 70
0
 10
328294.821967575
 20
2792036.7197264265
 10
328314.42142734316
 20
2792022.5236956608
 10
328340.9789710166
 20
2792005.5806843378
 10
328372.35602725093
 20
2791974.5738545284
  0
LINE
  5
667
330
17
100
AcDbEntity
  8
0
100
AcDbLine
 10
328454.75022483023
 20
2791960.3351465375
 30
0.0
 11
328416.46845679265
 21
2791953.8079969585
 31
0.0
  0
LWPOLYLINE
  5
668
330
17
100
AcDbEntity
  8
0
100
AcDbPolyline
 90
3
 70
0
 10
328416.46845679265
 20
2791953.8079969585
 10
328399.07206364523
 20
2791962.1709914925
 10
328382.0606082905
 20
2791973.0770977708
  0
LINE
  5
669
330
17
100
AcDbEntity
  8
0
100
AcDbLine
 10
328416.46845679265
 20
2791953.8079969585
 30
0.0
 11
328418.4086631541
 21
2791941.5309920097
 31
0.0
  0
LINE
  5
66A
330
17
100
AcDbEntity
  8
0
100
AcDbLine
 10
329510.1859576263
 20
2793104.0913273543
 30
0.0
 11
329504.144489228
 21
2793115.5778953256
 31
0.0
  0
LINE
  5
66B
330
17
100
AcDbEntity
  8
0
100
AcDbLine
 10
329534.3637820623
 20
2793187.0051446054
 30
0.0
 11
329460.44539830263
 21
2793210.4807882356
 31
0.0
  0
LWPOLYLINE
  5
66C
330
17
100
AcDbEntity
  8
0
100
AcDbPolyline
 90
6
 70
0
 10
330147.65790134936
 20
2792398.476744095
 10
330127.31242890033
 20
2792399.086652092
 10
330088.0012339924
 20
2792400.2559999228
 10
329973.8183151816
 20
2792403.9613168472
 10
330063.4959423705
 20
2792400.9847093574
 10
329963.87770265574
 20
2792404.296715224
  0
LWPOLYLINE
  5
66D
330
17
100
AcDbEntity
  8
0
100
AcDbPolyline
 90
6
 70
0
 10
329959.5143243766
 20
2792310.4429776473
 10
329958.8449219806
 20
2792298.0661383164
 10
329958.5821928206
 20
2792293.1951012965
 10
329957.7544564828
 20
2792277.8402585424
 10
329956.72909673234
 20
2792261.1917685205
 10
329956.1130932574
 20
2792247.4516596096
  0
LINE
  5
66E
330
17
100
AcDbEntity
  8
0
100
AcDbLine
 10
330063.4959423705
 20
2792400.9847093574
 30
0.0
 11
330063.5987903362
 21
2792387.5125238583
 31
0.0
  0
LINE
  5
66F
330
17
100
AcDbEntity
  8
0
100
AcDbLine
 10
329960.7960910553
 20
2792338.675878914
 30
0.0
 11
329901.4894496179
 21
2792341.071911278
 31
0.0
  0
LINE
  5
670
330
17
100
AcDbEntity
  8
0
100
AcDbLine
 10
329958.8449219806
 20
2792298.0661383164
 30
0.0
 11
329900.09897031495
 21
2792299.391626135
 31
0.0
  0
LINE
  5
671
330
17
100
AcDbEntity
  8
0
100
AcDbLine
 10
329967.8904443317
 20
2792502.320212468
 30
0.0
 11
330050.6764798884
 21
2792484.973239203
 31
0.0
  0
LINE
  5
672
330
17
100
AcDbEntity
  8
0
100
AcDbLine
 10
329967.8904443317
 20
2792502.320212468
 30
0.0
 11
329950.10362448706
 21
2792518.906020405
 31
0.0
  0
LWPOLYLINE
  5
673
330
17
100
AcDbEntity
  8
0
100
AcDbPolyline
 90
5
 70
0
 10
329962.4830328554
 20
2792375.899060311
 10
329905.67725299904
 20
2792375.239352161
 10
329786.1946191012
 20
2792383.787502231
 10
329780.98707051016
 20
2792383.919480283
 10
329772.2470848469
 20
2792384.383929476
  0
LWPOLYLINE
  5
674
330
17
100
AcDbEntity
  8
0
100
AcDbPolyline
 90
3
 70
0
 10
330048.09135875385
 20
2792092.2228283533
 10
330059.590201641
 20
2792092.388607315
 10
330004.7343411968
 20
2792093.841976491
  0
LWPOLYLINE
  5
675
330
17
100
AcDbEntity
  8
0
100
AcDbPolyline
 90
6
 70
0
 10
330048.09135875385
 20
2792092.2228283533
 10
330049.1840507244
 20
2792118.253564393
 10
330049.7472765505
 20
2792131.008386857
 10
330049.92915644596
 20
2792135.060663375
 10
330051.90044615156
 20
2792179.7025434384
 10
330052.8256814629
 20
2792199.6203091703
  0
LWPOLYLINE
  5
676
330
17
100
AcDbEntity
  8
0
100
AcDbPolyline
 90
4
 70
0
 10
330004.7343411968
 20
2792093.841976491
 10
330002.55353011884
 20
2792059.804409304
 10
329999.92309700174
 20
2792020.4550340422
 10
329998.92284092744
 20
2792005.80027967
  0
LINE
  5
677
330
17
100
AcDbEntity
  8
0
100
AcDbLine
 10
330004.7343411968
 20
2792093.841976491
 30
0.0
 11
329986.9655716671
 21
2792101.4874837175
 31
0.0
  0
LINE
  5
678
330
17
100
AcDbEntity
  8
0
100
AcDbLine
 10
330049.1840507244
 20
2792118.253564393
 30
0.0
 11
329988.0096492572
 21
2792122.03520511
 31
0.0
  0
LWPOLYLINE
  5
679
330
17
100
AcDbEntity
  8
0
100
AcDbPolyline
 90
3
 70
0
 10
330049.1840507244
 20
2792118.253564393
 10
330059.590201641
 20
2792092.388607315
 10
330071.8394249782
 20
2792068.860139474
  0
LINE
  5
67A
330
17
100
AcDbEntity
  8
0
100
AcDbLine
 10
330010.05087325035
 20
2792136.868754476
 30
0.0
 11
330012.23399628093
 21
2792181.519054942
 31
0.0
  0
LWPOLYLINE
  5
67B
330
17
100
AcDbEntity
  8
0
100
AcDbPolyline
 90
5
 70
0
 10
329983.1671649809
 20
2792181.706970331
 10
330012.23399628093
 20
2792181.519054942
 10
329995.8195652723
 20
2792182.268084188
 10
330032.5757686886
 20
2792180.587779994
 10
330051.90044615156
 20
2792179.7025434384
  0
LWPOLYLINE
  5
67C
330
17
100
AcDbEntity
  8
0
100
AcDbPolyline
 90
5
 70
0
 10
329988.782326698
 20
2792137.8227801365
 10
329995.8195652723
 20
2792182.268084188
 10
329988.0096492572
 20
2792122.03520511
 10
329987.61576842156
 20
2792113.942107756
 10
329986.9655716671
 20
2792101.4874837175
  0
LINE
  5
67D
330
17
100
AcDbEntity
  8
0
100
AcDbLine
 10
330030.41300101345
 20
2792135.9483033046
 30
0.0
 11
330032.5757686886
 21
2792180.587779994
 31
0.0
  0
LINE
  5
67E
330
17
100
AcDbEntity
  8
0
100
AcDbLine
 10
330049.7472765505
 20
2792131.008386857
 30
0.0
 11
330065.5591112544
 21
2792130.4110091035
 31
0.0
  0
LINE
  5
67F
330
17
100
AcDbEntity
  8
0
100
AcDbLine
 10
329987.61576842156
 20
2792113.942107756
 30
0.0
 11
329947.9173134526
 21
2792116.4349571923
 31
0.0
  0
LWPOLYLINE
  5
680
330
17
100
AcDbEntity
  8
0
100
AcDbPolyline
 90
3
 70
0
 10
330081.02279147436
 20
2792198.379970282
 10
330081.5578768911
 20
2792207.2910686266
 10
330082.307620135
 20
2792219.655818261
  0
LINE
  5
681
330
17
100
AcDbEntity
  8
0
100
AcDbLine
 10
330088.19282251666
 20
2792198.057300532
 30
0.0
 11
330097.7889077232
 21
2792163.84970588
 31
0.0
  0
LWPOLYLINE
  5
682
330
17
100
AcDbEntity
  8
0
100
AcDbPolyline
 90
6
 70
0
 10
330153.4970873768
 20
2792216.679420037
 10
330111.6844986412
 20
2792218.4893505853
 10
330082.307620135
 20
2792219.655818261
 10
330081.5578768911
 20
2792207.2910686266
 10
329960.5172054221
 20
2792225.0740636983
 10
330175.0849052913
 20
2792202.6384862647
  0
LINE
  5
683
330
17
100
AcDbEntity
  8
0
100
AcDbLine
 10
330111.6844986412
 20
2792218.4893505853
 30
0.0
 11
330115.0445500678
 21
2792272.6409023404
 31
0.0
  0
LWPOLYLINE
  5
684
330
17
100
AcDbEntity
  8
0
100
AcDbPolyline
 90
6
 70
0
 10
329960.5172054221
 20
2792225.0740636983
 10
329956.92246985494
 20
2792225.2632497293
 10
329952.66394036426
 20
2792225.549402578
 10
329949.139725378
 20
2792225.737704495
 10
329886.00121864025
 20
2792228.7358270586
 10
329778.64446935814
 20
2792233.741635047
  0
LINE
  5
685
330
17
100
AcDbEntity
  8
0
100
AcDbLine
 10
329778.64446935814
 20
2792233.741635047
 30
0.0
 11
329789.48809209664
 21
2792221.0759580885
 31
0.0
  0
LWPOLYLINE
  5
686
330
17
100
AcDbEntity
  8
0
100
AcDbPolyline
 90
15
 70
0
 10
329681.6882265157
 20
2792136.444474766
 10
329680.73210969294
 20
2792170.1559546813
 10
329681.11522788525
 20
2792178.98034347
 10
329682.44824625144
 20
2792209.638704042
 10
329683.80295426596
 20
2792237.2170926984
 10
329686.3047911688
 20
2792287.889871577
 10
329686.52286014246
 20
2792292.4069743473
 10
329688.67604787584
 20
2792336.1935920357
 10
329688.9047485356
 20
2792340.754873433
 10
329691.12447687995
 20
2792385.8257104377
 10
329692.84277786047
 20
2792420.6778121223
 10
329691.2212062648
 20
2792387.9071679744
 10
329693.2353080602
 20
2792428.649074035
 10
329694.91613511724
 20
2792462.9255897296
 10
329697.7440839602
 20
2792520.296501285
  0
LINE
  5
687
330
17
100
AcDbEntity
  8
0
100
AcDbLine
 10
329693.2353080602
 20
2792428.649074035
 30
0.0
 11
329735.6603737847
 21
2792427.516935268
 31
0.0
  0
LINE
  5
688
330
17
100
AcDbEntity
  8
0
100
AcDbLine
 10
329691.12447687995
 20
2792385.8257104377
 30
0.0
 11
329736.2602462922
 21
2792383.906156827
 31
0.0
  0
LWPOLYLINE
  5
689
330
17
100
AcDbEntity
  8
0
100
AcDbPolyline
 90
8
 70
0
 10
329541.46474321553
 20
2792144.0149625484
 10
329600.7971126434
 20
2792140.387421753
 10
329646.9471852571
 20
2792138.1335913455
 10
329676.66331474844
 20
2792136.6849682364
 10
329711.4144325737
 20
2792134.99580156
 10
329681.6882265157
 20
2792136.444474766
 10
329735.07861893426
 20
2792133.8450264125
 10
329739.9826380926
 20
2792133.6060757837
  0
LINE
  5
68A
330
17
100
AcDbEntity
  8
0
100
AcDbLine
 10
329711.4144325737
 20
2792134.99580156
 30
0.0
 11
329711.685524953
 21
2792150.9337099483
 31
0.0
  0
LWPOLYLINE
  5
68B
330
17
100
AcDbEntity
  8
0
100
AcDbPolyline
 90
5
 70
0
 10
329735.07861893426
 20
2792133.8450264125
 10
329734.8619029382
 20
2792127.8323706132
 10
329745.2392099395
 20
2792077.2966722175
 10
329743.4207578691
 20
2792015.2492313483
 10
329742.3807834956
 20
2791989.4504579497
  0
LWPOLYLINE
  5
68C
330
17
100
AcDbEntity
  8
0
100
AcDbPolyline
 90
3
 70
0
 10
329711.685524953
 20
2792150.9337099483
 10
329689.89033109363
 20
2792151.673273919
 10
329739.5035501515
 20
2792149.9854650465
  0
LINE
  5
68D
330
17
100
AcDbEntity
  8
0
100
AcDbLine
 10
329771.4578272457
 20
2792199.102348238
 30
0.0
 11
329789.16553302633
 21
2792211.4531893507
 31
0.0
  0
LINE
  5
68E
330
17
100
AcDbEntity
  8
0
100
AcDbLine
 10
328766.24891723733
 20
2793081.4945107107
 30
0.0
 11
328753.7318866954
 21
2793088.388461709
 31
0.0
  0
LINE
  5
68F
330
17
100
AcDbEntity
  8
0
100
AcDbLine
 10
329090.3091242955
 20
2792877.813199996
 30
0.0
 11
329115.0931706893
 21
2792882.463100991
 31
0.0
  0
LINE
  5
690
330
17
100
AcDbEntity
  8
0
100
AcDbLine
 10
329090.3091242955
 20
2792877.813199996
 30
0.0
 11
329104.6529548442
 21
2792849.6044045226
 31
0.0
  0
LINE
  5
691
330
17
100
AcDbEntity
  8
0
100
AcDbLine
 10
328725.5490372608
 20
2791602.0403474406
 30
0.0
 11
328725.78929868166
 21
2791547.76568537
 31
0.0
  0
LWPOLYLINE
  5
692
330
17
100
AcDbEntity
  8
0
100
AcDbPolyline
 90
4
 70
0
 10
328725.5490372608
 20
2791602.0403474406
 10
328699.7435359596
 20
2791597.293140244
 10
328688.1099784535
 20
2791596.875393463
 10
328668.58262204495
 20
2791596.9453081917
  0
LINE
  5
693
330
17
100
AcDbEntity
  8
0
100
AcDbLine
 10
328725.5490372608
 20
2791602.0403474406
 30
0.0
 11
328740.8835074088
 21
2791613.832821526
 31
0.0
  0
LINE
  5
694
330
17
100
AcDbEntity
  8
0
100
AcDbLine
 10
328725.78929868166
 20
2791547.76568537
 30
0.0
 11
328572.98481784854
 21
2791529.947801957
 31
0.0
  0
LINE
  5
695
330
17
100
AcDbEntity
  8
0
100
AcDbLine
 10
328572.98481784854
 20
2791529.947801957
 30
0.0
 11
328562.3704284001
 21
2791524.8755229586
 31
0.0
  0
LINE
  5
696
330
17
100
AcDbEntity
  8
0
100
AcDbLine
 10
327823.7087124628
 20
2791543.224534282
 30
0.0
 11
327893.71756291605
 21
2791557.234301459
 31
0.0
  0
LINE
  5
697
330
17
100
AcDbEntity
  8
0
100
AcDbLine
 10
328027.68253678654
 20
2791612.517552614
 30
0.0
 11
328448.7607614654
 21
2791735.037760178
 31
0.0
  0
LINE
  5
698
330
17
100
AcDbEntity
  8
0
100
AcDbLine
 10
328013.55745645356
 20
2791680.096452422
 30
0.0
 11
328184.87706358836
 21
2791645.9269506787
 31
0.0
  0
LINE
  5
699
330
17
100
AcDbEntity
  8
0
100
AcDbLine
 10
328448.7607614654
 20
2791735.037760178
 30
0.0
 11
328377.46287004283
 21
2791690.753982148
 31
0.0
  0
LWPOLYLINE
  5
69A
330
17
100
AcDbEntity
  8
0
100
AcDbPolyline
 90
5
 70
0
 10
329905.67725299904
 20
2792375.239352161
 10
329905.4872513929
 20
2792370.5446489737
 10
329901.4894496179
 20
2792341.071911278
 10
329901.0446824322
 20
2792331.339899898
 10
329900.09897031495
 20
2792299.391626135
  0
LINE
  5
69B
330
17
100
AcDbEntity
  8
0
100
AcDbLine
 10
329790.38966823893
 20
2793995.028131851
 30
0.0
 11
329777.48760571587
 21
2794025.721723142
 31
0.0
  0
LWPOLYLINE
  5
69C
330
17
100
AcDbEntity
  8
0
100
AcDbPolyline
 90
4
 70
0
 10
330279.099812128
 20
2793249.2265404863
 10
330258.51636757405
 20
2793265.293190376
 10
330230.157706491
 20
2793290.40851975
 10
330237.4297104657
 20
2793281.3994251033
  0
LINE
  5
69D
330
17
100
AcDbEntity
  8
0
100
AcDbLine
 10
330258.51636757405
 20
2793265.293190376
 30
0.0
 11
330244.8123666969
 21
2793255.5170917897
 31
0.0
  0
LINE
  5
69E
330
17
100
AcDbEntity
  8
0
100
AcDbLine
 10
330244.8123666969
 20
2793255.5170917897
 30
0.0
 11
330208.9666973267
 21
2793273.3152216272
 31
0.0
  0
LINE
  5
69F
330
17
100
AcDbEntity
  8
0
100
AcDbLine
 10
330230.157706491
 20
2793290.40851975
 30
0.0
 11
330208.9666973267
 21
2793273.3152216272
 31
0.0
  0
LINE
  5
6A0
330
17
100
AcDbEntity
  8
0
100
AcDbLine
 10
328172.25157019973
 20
2793689.618024276
 30
0.0
 11
328191.4050447133
 21
2793723.794534511
 31
0.0
  0
LWPOLYLINE
  5
6A1
330
17
100
AcDbEntity
  8
0
100
AcDbPolyline
 90
4
 70
0
 10
328062.2107497236
 20
2793236.922541571
 10
328053.42255585635
 20
2793281.9008203326
 10
328065.577767216
 20
2793219.631042352
 10
328067.8956001514
 20
2793207.7811806416
  0
LINE
  5
6A2
330
17
100
AcDbEntity
  8
0
100
AcDbLine
 10
328062.2107497236
 20
2793236.922541571
 30
0.0
 11
328049.05257672886
 21
2793242.4848721414
 31
0.0
  0
LWPOLYLINE
  5
6A3
330
17
100
AcDbEntity
  8
0
100
AcDbPolyline
 90
3
 70
0
 10
328062.2107497236
 20
2793236.922541571
 10
328062.44082283427
 20
2793312.8825888312
 10
328049.05257672886
 20
2793242.4848721414
  0
LWPOLYLINE
  5
6A4
330
17
100
AcDbEntity
  8
0
100
AcDbPolyline
 90
4
 70
0
 10
328065.577767216
 20
2793219.631042352
 10
328033.9302095084
 20
2793212.4226523726
 10
328030.22400743305
 20
2793211.7496902356
 10
328027.51749555615
 20
2793211.2523480244
  0
LINE
  5
6A5
330
17
100
AcDbEntity
  8
0
100
AcDbLine
 10
328065.577767216
 20
2793219.631042352
 30
0.0
 11
328079.45991703146
 21
2793340.782637638
 31
0.0
  0
LINE
  5
6A6
330
17
100
AcDbEntity
  8
0
100
AcDbLine
 10
328053.42255585635
 20
2793281.9008203326
 30
0.0
 11
328057.2169977395
 21
2793301.4055457856
 31
0.0
  0
LINE
  5
6A7
330
17
100
AcDbEntity
  8
0
100
AcDbLine
 10
328049.05257672886
 20
2793242.4848721414
 30
0.0
 11
328030.22400743305
 21
2793211.7496902356
 31
0.0
  0
LINE
  5
6A8
330
17
100
AcDbEntity
  8
0
100
AcDbLine
 10
328033.9302095084
 20
2793212.4226523726
 30
0.0
 11
328037.9299062757
 21
2793190.2154745143
 31
0.0
  0
LWPOLYLINE
  5
6A9
330
17
100
AcDbEntity
  8
0
100
AcDbPolyline
 90
4
 70
0
 10
328067.8956001514
 20
2793207.7811806416
 10
328040.8812730894
 20
2793202.840296207
 10
328086.70964757085
 20
2793211.220002361
 10
328142.5964023465
 20
2793221.44397333
  0
LINE
  5
6AA
330
17
100
AcDbEntity
  8
0
100
AcDbLine
 10
327933.71095219237
 20
2793341.5281641465
 30
0.0
 11
327881.09363583976
 21
2793337.2235308085
 31
0.0
  0
LINE
  5
6AB
330
17
100
AcDbEntity
  8
0
100
AcDbLine
 10
327933.71095219237
 20
2793341.5281641465
 30
0.0
 11
327973.16308567993
 21
2793292.2159194304
 31
0.0
  0
LWPOLYLINE
  5
6AC
330
17
100
AcDbEntity
  8
0
100
AcDbPolyline
 90
3
 70
0
 10
327973.16308567993
 20
2793292.2159194304
 10
327996.53963444824
 20
2793182.233696117
 10
327998.46981274034
 20
2793173.1804466075
  0
LINE
  5
6AD
330
17
100
AcDbEntity
  8
0
100
AcDbLine
 10
327955.3915080634
 20
2793164.777126696
 30
0.0
 11
327945.57481850823
 21
2793177.9853054667
 31
0.0
  0
LWPOLYLINE
  5
6AE
330
17
100
AcDbEntity
  8
0
100
AcDbPolyline
 90
3
 70
0
 10
328080.62648385856
 20
2793189.207461922
 10
328085.3599666058
 20
2793199.361366534
 10
328087.79075997404
 20
2793205.91090078
  0
LINE
  5
6AF
330
17
100
AcDbEntity
  8
0
100
AcDbLine
 10
327941.22057209536
 20
2793162.0105792363
 30
0.0
 11
327945.57481850823
 21
2793177.9853054667
 31
0.0
  0
LINE
  5
6B0
330
17
100
AcDbEntity
  8
0
100
AcDbLine
 10
329593.9988905791
 20
2794088.1093143495
 30
0.0
 11
329600.1724973117
 21
2794103.1309468932
 31
0.0
  0
LINE
  5
6B1
330
17
100
AcDbEntity
  8
0
100
AcDbLine
 10
329600.1724973117
 20
2794103.1309468932
 30
0.0
 11
329563.6415815082
 21
2794120.673779931
 31
0.0
  0
LINE
  5
6B2
330
17
100
AcDbEntity
  8
0
100
AcDbLine
 10
329600.1724973117
 20
2794103.1309468932
 30
0.0
 11
329601.9305766595
 21
2794120.3241406726
 31
0.0
  0
LINE
  5
6B3
330
17
100
AcDbEntity
  8
0
100
AcDbLine
 10
329556.4062283899
 20
2794105.344280509
 30
0.0
 11
329563.6415815082
 21
2794120.673779931
 31
0.0
  0
LINE
  5
6B4
330
17
100
AcDbEntity
  8
0
100
AcDbLine
 10
329563.6415815082
 20
2794120.673779931
 30
0.0
 11
329598.6758488959
 21
2794121.871777555
 31
0.0
  0
LINE
  5
6B5
330
17
100
AcDbEntity
  8
0
100
AcDbLine
 10
329601.9305766595
 20
2794120.3241406726
 30
0.0
 11
329610.1378512291
 21
2794137.635468681
 31
0.0
  0
LINE
  5
6B6
330
17
100
AcDbEntity
  8
0
100
AcDbLine
 10
329723.4067237897
 20
2794109.6987259686
 30
0.0
 11
329703.6770383242
 21
2794124.6035010917
 31
0.0
  0
LINE
  5
6B7
330
17
100
AcDbEntity
  8
0
100
AcDbLine
 10
329735.2606217527
 20
2794230.998462564
 30
0.0
 11
329720.3658874717
 21
2794247.426507797
 31
0.0
  0
LWPOLYLINE
  5
6B8
330
17
100
AcDbEntity
  8
0
100
AcDbPolyline
 90
3
 70
0
 10
329720.3658874717
 20
2794247.426507797
 10
329724.747705383
 20
2794255.380778112
 10
329714.75247697264
 20
2794232.874133753
  0
LINE
  5
6B9
330
17
100
AcDbEntity
  8
0
100
AcDbLine
 10
329739.1646002509
 20
2794204.20681098
 30
0.0
 11
329667.7877462994
 21
2794156.2957600653
 31
0.0
  0
LINE
  5
6BA
330
17
100
AcDbEntity
  8
0
100
AcDbLine
 10
329714.75247697264
 20
2794232.874133753
 30
0.0
 11
329655.01501818263
 21
2794155.636891241
 31
0.0
  0
LINE
  5
6BB
330
17
100
AcDbEntity
  8
0
100
AcDbLine
 10
329667.7877462994
 20
2794156.2957600653
 30
0.0
 11
329655.01501818263
 21
2794155.636891241
 31
0.0
  0
LINE
  5
6BC
330
17
100
AcDbEntity
  8
0
100
AcDbLine
 10
329119.47936881817
 20
2792896.2885536957
 30
0.0
 11
328994.001679337
 21
2792967.4335307567
 31
0.0
  0
LWPOLYLINE
  5
6BD
330
17
100
AcDbEntity
  8
0
100
AcDbPolyline
 90
3
 70
0
 10
329042.89148963144
 20
2792414.3507584613
 10
329052.9169038733
 20
2792409.560216589
 10
329061.1194441953
 20
2792405.6346465414
  0
LINE
  5
6BE
330
17
100
AcDbEntity
  8
0
100
AcDbLine
 10
329026.7945622541
 20
2792467.319123882
 30
0.0
 11
329052.6823457402
 21
2792461.9736505537
 31
0.0
  0
LWPOLYLINE
  5
6BF
330
17
100
AcDbEntity
  8
0
100
AcDbPolyline
 90
3
 70
0
 10
329013.36580796505
 20
2792474.678503476
 10
329005.55989800266
 20
2792460.552871153
 10
328989.9485918917
 20
2792432.3459232715
  0
LWPOLYLINE
  5
6C0
330
17
100
AcDbEntity
  8
0
100
AcDbPolyline
 90
3
 70
0
 10
329968.799326212
 20
2792517.718350969
 10
329950.10362448706
 20
2792518.906020405
 10
330003.2409601408
 20
2792515.535243991
  0
LINE
  5
6C1
330
17
100
AcDbEntity
  8
0
100
AcDbLine
 10
330050.6764798884
 20
2792484.973239203
 30
0.0
 11
330133.9783349697
 21
2792495.8582221447
 31
0.0
  0
LWPOLYLINE
  5
6C2
330
17
100
AcDbEntity
  8
0
100
AcDbPolyline
 90
3
 70
0
 10
330050.6764798884
 20
2792484.973239203
 10
330089.0156613813
 20
2792461.7817556397
 10
330145.11788640247
 20
2792425.6941227624
  0
LINE
  5
6C3
330
17
100
AcDbEntity
  8
0
100
AcDbLine
 10
329950.10362448706
 20
2792518.906020405
 30
0.0
 11
329939.82779408456
 21
2792542.2658363325
 31
0.0
  0
LINE
  5
6C4
330
17
100
AcDbEntity
  8
0
100
AcDbLine
 10
330133.9783349697
 20
2792495.8582221447
 30
0.0
 11
330144.11252218287
 21
2792513.356149939
 31
0.0
  0
LINE
  5
6C5
330
17
100
AcDbEntity
  8
0
100
AcDbLine
 10
330133.9783349697
 20
2792495.8582221447
 30
0.0
 11
330136.11221031036
 21
2792476.422715559
 31
0.0
  0
LWPOLYLINE
  5
6C6
330
17
100
AcDbEntity
  8
0
100
AcDbPolyline
 90
3
 70
0
 10
330144.11252218287
 20
2792513.356149939
 10
330153.6434099254
 20
2792494.835889765
 10
330095.77193651197
 20
2792675.6470691697
  0
LWPOLYLINE
  5
6C7
330
17
100
AcDbEntity
  8
0
100
AcDbPolyline
 90
3
 70
0
 10
327833.9575012559
 20
2791773.8188898833
 10
327752.35211931996
 20
2791633.1564676394
 10
327852.3203041534
 20
2791810.542041569
  0
LINE
  5
6C8
330
17
100
AcDbEntity
  8
0
100
AcDbLine
 10
327755.6068871313
 20
2791619.699398493
 30
0.0
 11
327752.35211931996
 21
2791633.1564676394
 31
0.0
  0
LWPOLYLINE
  5
6C9
330
17
100
AcDbEntity
  8
0
100
AcDbPolyline
 90
3
 70
0
 10
327852.3203041534
 20
2791810.542041569
 10
327823.70230219176
 20
2791833.4279705156
 10
327785.22392037103
 20
2791856.6499185916
  0
LINE
  5
6CA
330
17
100
AcDbEntity
  8
0
100
AcDbLine
 10
329423.3427171069
 20
2793765.229759336
 30
0.0
 11
329400.44029172865
 21
2793771.434360766
 31
0.0
  0
LWPOLYLINE
  5
6CB
330
17
100
AcDbEntity
  8
0
100
AcDbPolyline
 90
3
 70
0
 10
329432.50682174973
 20
2793796.86398635
 10
329440.0500410184
 20
2793815.8120882055
 10
329445.09262320364
 20
2793832.199457824
  0
LINE
  5
6CC
330
17
100
AcDbEntity
  8
0
100
AcDbLine
 10
329232.70963961
 20
2793671.322617043
 30
0.0
 11
329216.8387256367
 21
2793624.020121605
 31
0.0
  0
LWPOLYLINE
  5
6CD
330
17
100
AcDbEntity
  8
0
100
AcDbPolyline
 90
3
 70
0
 10
329232.70963961
 20
2793671.322617043
 10
329215.84984334675
 20
2793676.5538988383
 10
329196.26116775
 20
2793685.885332231
  0
LINE
  5
6CE
330
17
100
AcDbEntity
  8
0
100
AcDbLine
 10
329216.8387256367
 20
2793624.020121605
 30
0.0
 11
329215.84984334675
 21
2793676.5538988383
 31
0.0
  0
LWPOLYLINE
  5
6CF
330
17
100
AcDbEntity
  8
0
100
AcDbPolyline
 90
3
 70
0
 10
329200.70445946645
 20
2793693.88299723
 10
329184.2249666726
 20
2793704.4934779126
 10
329173.4820905477
 20
2793713.0263788276
  0
LINE
  5
6D0
330
17
100
AcDbEntity
  8
0
100
AcDbLine
 10
329175.50834564096
 20
2793648.5151265254
 30
0.0
 11
329147.8712117615
 21
2793660.3522425336
 31
0.0
  0
LWPOLYLINE
  5
6D1
330
17
100
AcDbEntity
  8
0
100
AcDbPolyline
 90
3
 70
0
 10
329170.45641941467
 20
2793580.3710422055
 10
329145.878937482
 20
2793595.160593736
 10
329129.159832277
 20
2793605.153787728
  0
LWPOLYLINE
  5
6D2
330
17
100
AcDbEntity
  8
0
100
AcDbPolyline
 90
3
 70
0
 10
329094.3516036298
 20
2793502.3677918953
 10
329110.0266796041
 20
2793492.6647074977
 10
329129.8127242783
 20
2793482.1896285587
  0
LWPOLYLINE
  5
6D3
330
17
100
AcDbEntity
  8
0
100
AcDbPolyline
 90
3
 70
0
 10
329013.28010193846
 20
2793539.2191091646
 10
329060.84339295106
 20
2793499.2905751797
 10
329085.021401164
 20
2793485.5694234017
  0
LINE
  5
6D4
330
17
100
AcDbEntity
  8
0
100
AcDbLine
 10
328937.7221200938
 20
2793400.191485744
 30
0.0
 11
328926.4118585336
 21
2793371.0439971704
 31
0.0
  0
LINE
  5
6D5
330
17
100
AcDbEntity
  8
0
100
AcDbLine
 10
329018.2658901765
 20
2793365.3737319335
 30
0.0
 11
329031.12275823695
 21
2793359.073936749
 31
0.0
  0
LINE
  5
6D6
330
17
100
AcDbEntity
  8
0
100
AcDbLine
 10
329051.21315171605
 20
2793408.5385558545
 30
0.0
 11
329031.12275823695
 21
2793359.073936749
 31
0.0
  0
LINE
  5
6D7
330
17
100
AcDbEntity
  8
0
100
AcDbLine
 10
329000.0482123855
 20
2793332.5580333048
 30
0.0
 11
328972.32604990085
 21
2793345.6816046326
 31
0.0
  0
LINE
  5
6D8
330
17
100
AcDbEntity
  8
0
100
AcDbLine
 10
328091.5865662632
 20
2793200.1574061266
 30
0.0
 11
328154.2874430168
 21
2793262.971472021
 31
0.0
  0
LWPOLYLINE
  5
6D9
330
17
100
AcDbEntity
  8
0
100
AcDbPolyline
 90
4
 70
0
 10
328018.4192182771
 20
2793455.287117383
 10
328040.3045808772
 20
2793486.360063205
 10
328089.41833488306
 20
2793570.1845687646
 10
328123.9850537576
 20
2793629.5784039334
  0
LINE
  5
6DA
330
17
100
AcDbEntity
  8
0
100
AcDbLine
 10
328018.4192182771
 20
2793455.287117383
 30
0.0
 11
328047.5830735576
 21
2793395.55948985
 31
0.0
  0
LWPOLYLINE
  5
6DB
330
17
100
AcDbEntity
  8
0
100
AcDbPolyline
 90
3
 70
0
 10
327987.5031880626
 20
2793191.831516958
 10
327944.4070392822
 20
2793183.605713089
 10
327889.84740197257
 20
2793173.1884021848
  0
LINE
  5
6DC
330
17
100
AcDbEntity
  8
0
100
AcDbLine
 10
329280.2816176482
 20
2793837.181558214
 30
0.0
 11
329202.3350040307
 21
2793879.6200923566
 31
0.0
  0
LINE
  5
6DD
330
17
100
AcDbEntity
  8
0
100
AcDbLine
 10
329265.7043292095
 20
2793810.922163361
 30
0.0
 11
329186.5884084603
 21
2793850.9272807054
 31
0.0
  0
LINE
  5
6DE
330
17
100
AcDbEntity
  8
0
100
AcDbLine
 10
329296.62163192907
 20
2793866.6092075063
 30
0.0
 11
329217.58669526456
 21
2793907.4218423995
 31
0.0
  0
LWPOLYLINE
  5
6DF
330
17
100
AcDbEntity
  8
0
100
AcDbPolyline
 90
4
 70
0
 10
329153.7541095071
 20
2793959.33148915
 10
329170.1337860875
 20
2793950.4171565766
 10
329214.58528268826
 20
2793939.397933202
 10
329230.32215839694
 20
2793930.6358119557
  0
LINE
  5
6E0
330
17
100
AcDbEntity
  8
0
100
AcDbLine
 10
329186.942802388
 20
2794019.354379387
 30
0.0
 11
329174.05364883493
 21
2794026.2416183515
 31
0.0
  0
LINE
  5
6E1
330
17
100
AcDbEntity
  8
0
100
AcDbLine
 10
329541.0040756505
 20
2793843.35328774
 30
0.0
 11
329484.57071244804
 21
2793894.924276965
 31
0.0
  0
LWPOLYLINE
  5
6E2
330
17
100
AcDbEntity
  8
0
100
AcDbPolyline
 90
3
 70
0
 10
329541.0040756505
 20
2793843.35328774
 10
329533.6969131887
 20
2793807.1535812276
 10
329527.39230961807
 20
2793808.9280031463
  0
LINE
  5
6E3
330
17
100
AcDbEntity
  8
0
100
AcDbLine
 10
329484.57071244804
 20
2793894.924276965
 30
0.0
 11
329402.77496921865
 21
2793883.027799558
 31
0.0
  0
LINE
  5
6E4
330
17
100
AcDbEntity
  8
0
100
AcDbLine
 10
329484.57071244804
 20
2793894.924276965
 30
0.0
 11
329523.87969141145
 21
2793965.040409282
 31
0.0
  0
LWPOLYLINE
  5
6E5
330
17
100
AcDbEntity
  8
0
100
AcDbPolyline
 90
3
 70
0
 10
329318.1036134614
 20
2794080.721488656
 10
329307.6159047305
 20
2794066.3526390935
 10
329300.1651505986
 20
2794057.9276338364
  0
LINE
  5
6E6
330
17
100
AcDbEntity
  8
0
100
AcDbLine
 10
328382.77502675814
 20
2794222.839541433
 30
0.0
 11
328368.333769468
 21
2794202.6501122583
 31
0.0
  0
LINE
  5
6E7
330
17
100
AcDbEntity
  8
0
100
AcDbLine
 10
328416.36206132517
 20
2794202.87140144
 30
0.0
 11
328431.14628410904
 21
2794227.8644448514
 31
0.0
  0
LINE
  5
6E8
330
17
100
AcDbEntity
  8
0
100
AcDbLine
 10
328178.4677885141
 20
2793755.4319641716
 30
0.0
 11
328191.02738766035
 21
2793776.5424692812
 31
0.0
  0
LINE
  5
6E9
330
17
100
AcDbEntity
  8
0
100
AcDbLine
 10
328178.4677885141
 20
2793755.4319641716
 30
0.0
 11
328166.1553885074
 21
2793762.501179321
 31
0.0
  0
LINE
  5
6EA
330
17
100
AcDbEntity
  8
0
100
AcDbLine
 10
328370.50990220194
 20
2793874.0443395716
 30
0.0
 11
328375.22998856026
 21
2793859.361269476
 31
0.0
  0
LINE
  5
6EB
330
17
100
AcDbEntity
  8
0
100
AcDbLine
 10
328334.0418142921
 20
2794143.285532925
 30
0.0
 11
328408.9571255255
 21
2794101.245737091
 31
0.0
  0
LINE
  5
6EC
330
17
100
AcDbEntity
  8
0
100
AcDbLine
 10
328323.040277243
 20
2794124.237836652
 30
0.0
 11
328268.0803926588
 21
2794154.957582231
 31
0.0
  0
LINE
  5
6ED
330
17
100
AcDbEntity
  8
0
100
AcDbLine
 10
328441.24014337617
 20
2794156.337652738
 30
0.0
 11
328458.1386614407
 21
2794178.046920573
 31
0.0
  0
LINE
  5
6EE
330
17
100
AcDbEntity
  8
0
100
AcDbLine
 10
328404.95840927865
 20
2794094.173227669
 30
0.0
 11
328417.80850272265
 21
2794086.621030527
 31
0.0
  0
LWPOLYLINE
  5
6EF
330
17
100
AcDbEntity
  8
0
100
AcDbPolyline
 90
4
 70
0
 10
329138.3109902326
 20
2792712.043520705
 10
329147.89293800766
 20
2792709.6515032095
 10
329129.99459567637
 20
2792714.120452971
 10
329121.5988702221
 20
2792716.298095366
  0
LWPOLYLINE
  5
6F0
330
17
100
AcDbEntity
  8
0
100
AcDbPolyline
 90
5
 70
0
 10
329147.89293800766
 20
2792709.6515032095
 10
329106.81916863914
 20
2792570.420086959
 10
329061.1194441953
 20
2792405.6346465414
 10
329052.99354672374
 20
2792386.1179990508
 10
329046.48842953995
 20
2792342.5635684007
  0
LWPOLYLINE
  5
6F1
330
17
100
AcDbEntity
  8
0
100
AcDbPolyline
 90
3
 70
0
 10
329119.5718164406
 20
2792677.8605501223
 10
329112.6832598741
 20
2792679.7089738385
 10
329075.1272026177
 20
2792689.7548674755
  0
LINE
  5
6F2
330
17
100
AcDbEntity
  8
0
100
AcDbLine
 10
329121.5988702221
 20
2792716.298095366
 30
0.0
 11
329112.6832598741
 21
2792679.7089738385
 31
0.0
  0
LINE
  5
6F3
330
17
100
AcDbEntity
  8
0
100
AcDbLine
 10
329295.66716691724
 20
2792549.535719955
 30
0.0
 11
329285.82277973363
 21
2792502.3897437467
 31
0.0
  0
LINE
  5
6F4
330
17
100
AcDbEntity
  8
0
100
AcDbLine
 10
329028.4822706209
 20
2792427.051070793
 30
0.0
 11
329005.55989800266
 21
2792460.552871153
 31
0.0
  0
LINE
  5
6F5
330
17
100
AcDbEntity
  8
0
100
AcDbLine
 10
329443.91591266345
 20
2792199.759260781
 30
0.0
 11
329484.15500322485
 21
2792199.4072437687
 31
0.0
  0
LWPOLYLINE
  5
6F6
330
17
100
AcDbEntity
  8
0
100
AcDbPolyline
 90
3
 70
0
 10
329053.77721091267
 20
2792361.215619633
 10
329057.8300137565
 20
2792359.8018133207
 10
329096.23226537113
 20
2792346.477213904
  0
LWPOLYLINE
  5
6F7
330
17
100
AcDbEntity
  8
0
100
AcDbPolyline
 90
5
 70
0
 10
329050.10665774613
 20
2792352.21118892
 10
329054.86284497345
 20
2792350.64448029
 10
329093.4738819244
 20
2792337.8932979405
 10
329051.8224937479
 20
2792341.277588502
 10
329046.7493831906
 20
2792343.280347669
  0
LWPOLYLINE
  5
6F8
330
17
100
AcDbEntity
  8
0
100
AcDbPolyline
 90
4
 70
0
 10
329101.28840736253
 20
2792362.277181392
 10
329096.23226537113
 20
2792346.477213904
 10
329099.4733689279
 20
2792356.583810121
 10
329093.4738819244
 20
2792337.8932979405
  0
LWPOLYLINE
  5
6F9
330
17
100
AcDbEntity
  8
0
100
AcDbPolyline
 90
3
 70
0
 10
329055.9143357425
 20
2792334.180226591
 10
329067.820777004
 20
2792310.7879751488
 10
329051.4336519368
 20
2792340.0085201263
  0
LWPOLYLINE
  5
6FA
330
17
100
AcDbEntity
  8
0
100
AcDbPolyline
 90
3
 70
0
 10
329956.1130932574
 20
2792247.4516596096
 10
330029.41693366435
 20
2792257.9964676197
 10
329956.72909673234
 20
2792261.1917685205
  0
LWPOLYLINE
  5
6FB
330
17
100
AcDbEntity
  8
0
100
AcDbPolyline
 90
5
 70
0
 10
329745.2392099395
 20
2792077.2966722175
 10
329645.0011308065
 20
2792081.194718695
 10
329693.83609215316
 20
2792079.2949962756
 10
329563.8682030793
 20
2792084.365443451
 10
329511.74980313977
 20
2792086.373470579
  0
LINE
  5
6FC
330
17
100
AcDbEntity
  8
0
100
AcDbLine
 10
329676.66331474844
 20
2792136.6849682364
 30
0.0
 11
329680.73210969294
 21
2792170.1559546813
 31
0.0
  0
LINE
  5
6FD
330
17
100
AcDbEntity
  8
0
100
AcDbLine
 10
329646.6419569008
 20
2792129.8953588894
 30
0.0
 11
329511.74980313977
 21
2792086.373470579
 31
0.0
  0
LINE
  5
6FE
330
17
100
AcDbEntity
  8
0
100
AcDbLine
 10
329646.6419569008
 20
2792129.8953588894
 30
0.0
 11
329734.8619029382
 21
2792127.8323706132
 31
0.0
  0
LWPOLYLINE
  5
6FF
330
17
100
AcDbEntity
  8
0
100
AcDbPolyline
 90
3
 70
0
 10
329802.7921509857
 20
2793554.7956058746
 10
329781.1153279147
 20
2793559.156220066
 10
329767.9939783407
 20
2793561.2600339334
  0
LWPOLYLINE
  5
700
330
17
100
AcDbEntity
  8
0
100
AcDbPolyline
 90
3
 70
0
 10
329826.04488071194
 20
2793634.841156046
 10
329862.1860657564
 20
2793615.819598365
 10
329827.44456143025
 20
2793639.5871134335
  0
LINE
  5
701
330
17
100
AcDbEntity
  8
0
100
AcDbLine
 10
329325.0964547671
 20
2792924.755828034
 30
0.0
 11
329310.3369620533
 21
2792897.6899520755
 31
0.0
  0
LWPOLYLINE
  5
702
330
17
100
AcDbEntity
  8
0
100
AcDbPolyline
 90
4
 70
0
 10
329334.56775256095
 20
2792921.589863697
 10
329345.2149550732
 20
2792956.5287668398
 10
329343.7379562453
 20
2792918.5163292917
 10
329317.56249734556
 20
2792876.2402349873
  0
LWPOLYLINE
  5
703
330
17
100
AcDbEntity
  8
0
100
AcDbPolyline
 90
3
 70
0
 10
329307.56869485136
 20
2792930.6268018987
 10
329319.84462711227
 20
2792970.873699119
 10
329306.0172592949
 20
2792925.0519430307
  0
LINE
  5
704
330
17
100
AcDbEntity
  8
0
100
AcDbLine
 10
329310.3369620533
 20
2792897.6899520755
 30
0.0
 11
329288.7120583519
 21
2792902.2500391332
 31
0.0
  0
LWPOLYLINE
  5
705
330
17
100
AcDbEntity
  8
0
100
AcDbPolyline
 90
3
 70
0
 10
329283.83039298106
 20
2792938.5702283597
 10
329292.11560279515
 20
2792969.1630611666
 10
329295.18016977696
 20
2792978.075485828
  0
LWPOLYLINE
  5
706
330
17
100
AcDbEntity
  8
0
100
AcDbPolyline
 90
4
 70
0
 10
327792.17534568335
 20
2792109.1546206065
 10
327803.6184061846
 20
2792131.0545509257
 10
327789.3123235246
 20
2792104.294506003
 10
327781.8750605077
 20
2792090.7519326466
  0
LINE
  5
707
330
17
100
AcDbEntity
  8
0
100
AcDbLine
 10
327770.93343328335
 20
2792097.1725004
 30
0.0
 11
327781.8750605077
 21
2792090.7519326466
 31
0.0
  0
LINE
  5
708
330
17
100
AcDbEntity
  8
0
100
AcDbLine
 10
328295.8977402082
 20
2791953.143723162
 30
0.0
 11
328304.75377883896
 21
2791968.950640787
 31
0.0
  0
LWPOLYLINE
  5
709
330
17
100
AcDbEntity
  8
0
100
AcDbPolyline
 90
3
 70
0
 10
328304.75377883896
 20
2791968.950640787
 10
328309.1581812452
 20
2791994.4520131378
 10
328314.42142734316
 20
2792022.5236956608
  0
LINE
  5
70A
330
17
100
AcDbEntity
  8
0
100
AcDbLine
 10
328304.75377883896
 20
2791968.950640787
 30
0.0
 11
328289.3306501543
 21
2791986.7051609214
 31
0.0
  0
LINE
  5
70B
330
17
100
AcDbEntity
  8
0
100
AcDbLine
 10
328497.27379111433
 20
2792660.864293596
 30
0.0
 11
328452.9815598666
 21
2792686.340545749
 31
0.0
  0
LWPOLYLINE
  5
70C
330
17
100
AcDbEntity
  8
0
100
AcDbPolyline
 90
6
 70
0
 10
329999.90917840484
 20
2791954.3747271965
 10
330070.6264136848
 20
2791951.3928438076
 10
330019.46230186976
 20
2791954.8048832268
 10
330076.04916650546
 20
2791951.535237527
 10
330158.24690276035
 20
2791953.6717324974
 10
330165.3479369366
 20
2791955.06707264
  0
LINE
  5
70D
330
17
100
AcDbEntity
  8
0
100
AcDbLine
 10
330076.04916650546
 20
2791951.535237527
 30
0.0
 11
330093.8171063777
 21
2791884.4119377015
 31
0.0
  0
LINE
  5
70E
330
17
100
AcDbEntity
  8
0
100
AcDbLine
 10
330169.8189243945
 20
2791946.813226557
 30
0.0
 11
330238.55961188336
 21
2791946.9145625546
 31
0.0
  0
LINE
  5
70F
330
17
100
AcDbEntity
  8
0
100
AcDbLine
 10
330158.24690276035
 20
2791953.6717324974
 30
0.0
 11
330138.5107601305
 21
2791884.870092937
 31
0.0
  0
LINE
  5
710
330
17
100
AcDbEntity
  8
0
100
AcDbLine
 10
330164.0526644177
 20
2791908.0571097163
 30
0.0
 11
330195.5637117702
 21
2791886.6023853202
 31
0.0
  0
LINE
  5
711
330
17
100
AcDbEntity
  8
0
100
AcDbLine
 10
330138.5107601305
 20
2791884.870092937
 30
0.0
 11
330119.23799355165
 21
2791887.515930879
 31
0.0
  0
LINE
  5
712
330
17
100
AcDbEntity
  8
0
100
AcDbLine
 10
330134.1427814345
 20
2792037.8016958674
 30
0.0
 11
330132.80657685
 21
2792019.6505012717
 31
0.0
  0
LINE
  5
713
330
17
100
AcDbEntity
  8
0
100
AcDbLine
 10
330134.1427814345
 20
2792037.8016958674
 30
0.0
 11
330130.9213320981
 21
2792051.6785902744
 31
0.0
  0
LWPOLYLINE
  5
714
330
17
100
AcDbEntity
  8
0
100
AcDbPolyline
 90
5
 70
0
 10
330134.1427814345
 20
2792037.8016958674
 10
330129.16014498495
 20
2792037.3989621005
 10
330121.62574258284
 20
2792036.7956236503
 10
330113.57684500364
 20
2792036.143357953
 10
330107.1216625816
 20
2792035.6261816854
  0
LWPOLYLINE
  5
715
330
17
100
AcDbEntity
  8
0
100
AcDbPolyline
 90
5
 70
0
 10
330132.80657685
 20
2792019.6505012717
 10
330186.46404905594
 20
2792014.213542761
 10
330125.9955825871
 20
2792018.8829870583
 10
330123.28512436943
 20
2792018.8837765427
 10
330102.9692883306
 20
2792017.886995036
  0
LWPOLYLINE
  5
716
330
17
100
AcDbEntity
  8
0
100
AcDbPolyline
 90
3
 70
0
 10
330105.9290691674
 20
2792053.798045318
 10
330101.8811922107
 20
2792066.854472136
 10
330107.1216625816
 20
2792035.6261816854
  0
LINE
  5
717
330
17
100
AcDbEntity
  8
0
100
AcDbLine
 10
330107.1216625816
 20
2792035.6261816854
 30
0.0
 11
330102.9692883306
 21
2792017.886995036
 31
0.0
  0
LWPOLYLINE
  5
718
330
17
100
AcDbEntity
  8
0
100
AcDbPolyline
 90
7
 70
0
 10
330071.8394249782
 20
2792068.860139474
 10
330085.89268891537
 20
2792069.436988116
 10
330101.8811922107
 20
2792066.854472136
 10
330093.0364588637
 20
2792069.424840322
 10
330119.6201042466
 20
2792066.4545298587
 10
330126.23819478916
 20
2792066.3049843246
 10
330134.2765069917
 20
2792066.1154589504
  0
LINE
  5
719
330
17
100
AcDbEntity
  8
0
100
AcDbLine
 10
330077.9025908145
 20
2791977.168685366
 30
0.0
 11
330084.5298781209
 21
2791996.206156142
 31
0.0
  0
LINE
  5
71A
330
17
100
AcDbEntity
  8
0
100
AcDbLine
 10
330093.8693759744
 20
2791996.122130954
 30
0.0
 11
330094.1499574868
 21
2792013.6551304236
 31
0.0
  0
LWPOLYLINE
  5
71B
330
17
100
AcDbEntity
  8
0
100
AcDbPolyline
 90
4
 70
0
 10
329985.0982373029
 20
2792005.78562366
 10
329998.92284092744
 20
2792005.80027967
 10
330065.7989984582
 20
2792016.3153350055
 10
330081.5213641173
 20
2792018.2116657863
  0
LINE
  5
71C
330
17
100
AcDbEntity
  8
0
100
AcDbLine
 10
329999.92309700174
 20
2792020.4550340422
 30
0.0
 11
330012.82227857236
 21
2792019.794490118
 31
0.0
  0
LINE
  5
71D
330
17
100
AcDbEntity
  8
0
100
AcDbLine
 10
330065.7989984582
 20
2792016.3153350055
 30
0.0
 11
330071.8394249782
 21
2792068.860139474
 31
0.0
  0
LWPOLYLINE
  5
71E
330
17
100
AcDbEntity
  8
0
100
AcDbPolyline
 90
6
 70
0
 10
327945.3160201437
 20
2791673.474931049
 10
327946.9604725413
 20
2791666.496950196
 10
327956.76319751923
 20
2791623.5553062
 10
327931.9098664042
 20
2791662.8220036323
 10
327965.6020654662
 20
2791584.846699979
 10
327930.02256170614
 20
2791670.5120756933
  0
LWPOLYLINE
  5
71F
330
17
100
AcDbEntity
  8
0
100
AcDbPolyline
 90
3
 70
0
 10
327931.9098664042
 20
2791662.8220036323
 10
327946.9604725413
 20
2791666.496950196
 10
327965.6698516141
 20
2791671.0448943325
  0
LINE
  5
720
330
17
100
AcDbEntity
  8
0
100
AcDbLine
 10
327965.6020654662
 20
2791584.846699979
 30
0.0
 11
327982.14819571143
 21
2791588.8461052417
 31
0.0
  0
LINE
  5
721
330
17
100
AcDbEntity
  8
0
100
AcDbLine
 10
327963.8522260847
 20
2791677.0834309408
 30
0.0
 11
327955.63335072587
 21
2791689.25200235
 31
0.0
  0
LINE
  5
722
330
17
100
AcDbEntity
  8
0
100
AcDbLine
 10
327982.14819571143
 20
2791588.8461052417
 30
0.0
 11
327972.9931624139
 21
2791627.259606133
 31
0.0
  0
LINE
  5
723
330
17
100
AcDbEntity
  8
0
100
AcDbLine
 10
327906.3891816858
 20
2791663.8554687677
 30
0.0
 11
327876.96329440316
 21
2791583.6250132807
 31
0.0
  0
LINE
  5
724
330
17
100
AcDbEntity
  8
0
100
AcDbLine
 10
327906.3891816858
 20
2791663.8554687677
 30
0.0
 11
327875.1426740141
 21
2791678.964580553
 31
0.0
  0
LINE
  5
725
330
17
100
AcDbEntity
  8
0
100
AcDbLine
 10
327876.96329440316
 20
2791583.6250132807
 30
0.0
 11
327858.49784942647
 21
2791627.5853070063
 31
0.0
  0
LINE
  5
726
330
17
100
AcDbEntity
  8
0
100
AcDbLine
 10
327858.49784942647
 20
2791627.5853070063
 30
0.0
 11
327875.1426740141
 21
2791678.964580553
 31
0.0
  0
LINE
  5
727
330
17
100
AcDbEntity
  8
0
100
AcDbLine
 10
328033.6236313648
 20
2792493.9524949444
 30
0.0
 11
328089.0918506206
 21
2792463.070745484
 31
0.0
  0
LINE
  5
728
330
17
100
AcDbEntity
  8
0
100
AcDbLine
 10
328033.6236313648
 20
2792493.9524949444
 30
0.0
 11
328048.11137518194
 21
2792464.51096542
 31
0.0
  0
LINE
  5
729
330
17
100
AcDbEntity
  8
0
100
AcDbLine
 10
328033.6236313648
 20
2792493.9524949444
 30
0.0
 11
328097.5209131666
 21
2792480.1680220193
 31
0.0
  0
LINE
  5
72A
330
17
100
AcDbEntity
  8
0
100
AcDbLine
 10
328089.0918506206
 20
2792463.070745484
 30
0.0
 11
328048.11137518194
 21
2792464.51096542
 31
0.0
  0
LINE
  5
72B
330
17
100
AcDbEntity
  8
0
100
AcDbLine
 10
327801.78383903473
 20
2793733.0815933165
 30
0.0
 11
327896.59495165164
 21
2793723.244777742
 31
0.0
  0
LINE
  5
72C
330
17
100
AcDbEntity
  8
0
100
AcDbLine
 10
327896.59495165164
 20
2793723.244777742
 30
0.0
 11
327847.04445540905
 21
2793674.821261071
 31
0.0
  0
LINE
  5
72D
330
17
100
AcDbEntity
  8
0
100
AcDbLine
 10
329238.4441741373
 20
2793450.4414961534
 30
0.0
 11
329233.74276082404
 21
2793432.377083702
 31
0.0
  0
LWPOLYLINE
  5
72E
330
17
100
AcDbEntity
  8
0
100
AcDbPolyline
 90
3
 70
0
 10
329233.74276082404
 20
2793432.377083702
 10
329215.3209892303
 20
2793437.605908923
 10
329255.68831486104
 20
2793426.1510829553
  0
LWPOLYLINE
  5
72F
330
17
100
AcDbEntity
  8
0
100
AcDbPolyline
 90
3
 70
0
 10
329414.47417267674
 20
2792055.1073503722
 10
329421.6574122896
 20
2792055.8255041656
 10
329468.71384445357
 20
2792051.9090285636
  0
LWPOLYLINE
  5
730
330
17
100
AcDbEntity
  8
0
100
AcDbPolyline
 90
3
 70
0
 10
328842.51857112086
 20
2794035.950960163
 10
328824.3892125084
 20
2794047.4912226447
 10
328809.68773140264
 20
2794056.8389554084
  0
LINE
  5
731
330
17
100
AcDbEntity
  8
0
100
AcDbLine
 10
328809.68773140264
 20
2794056.8389554084
 30
0.0
 11
328811.1196785895
 21
2794095.9377135145
 31
0.0
  0
LWPOLYLINE
  5
732
330
17
100
AcDbEntity
  8
0
100
AcDbPolyline
 90
4
 70
0
 10
329151.26171677123
 20
2793724.573513968
 10
329160.68766741874
 20
2793740.1964270608
 10
329191.43011979584
 20
2793779.60065879
 10
329167.6703915582
 20
2793736.275192475
  0
LINE
  5
733
330
17
100
AcDbEntity
  8
0
100
AcDbLine
 10
329832.1073495645
 20
2793654.6500062016
 30
0.0
 11
329822.66025706613
 21
2793658.1033783285
 31
0.0
  0
LINE
  5
734
330
17
100
AcDbEntity
  8
0
100
AcDbLine
 10
329860.0434539701
 20
2793675.346851228
 30
0.0
 11
329891.5594018142
 21
2793640.242814903
 31
0.0
  0
LINE
  5
735
330
17
100
AcDbEntity
  8
0
100
AcDbLine
 10
329860.0434539701
 20
2793675.346851228
 30
0.0
 11
329877.4995011874
 21
2793628.5993746584
 31
0.0
  0
LWPOLYLINE
  5
736
330
17
100
AcDbEntity
  8
0
100
AcDbPolyline
 90
3
 70
0
 10
329891.5594018142
 20
2793640.242814903
 10
329877.4995011874
 20
2793628.5993746584
 10
329862.1860657564
 20
2793615.819598365
  0
LWPOLYLINE
  5
737
330
17
100
AcDbEntity
  8
0
100
AcDbPolyline
 90
5
 70
0
 10
329941.3508504428
 20
2792559.2293388555
 10
329939.82779408456
 20
2792542.2658363325
 10
329942.52223837917
 20
2792585.8905530707
 10
329943.0970479992
 20
2792598.756019254
 10
329943.842865253
 20
2792615.607433316
  0
LINE
  5
738
330
17
100
AcDbEntity
  8
0
100
AcDbLine
 10
329941.3508504428
 20
2792559.2293388555
 30
0.0
 11
329971.3950393225
 21
2792559.1065415605
 31
0.0
  0
LINE
  5
739
330
17
100
AcDbEntity
  8
0
100
AcDbLine
 10
329942.52223837917
 20
2792585.8905530707
 30
0.0
 11
329972.97987518203
 21
2792584.998173405
 31
0.0
  0
LINE
  5
73A
330
17
100
AcDbEntity
  8
0
100
AcDbLine
 10
328801.4329299941
 20
2792325.123006338
 30
0.0
 11
328822.0459552893
 21
2792361.575074014
 31
0.0
  0
LINE
  5
73B
330
17
100
AcDbEntity
  8
0
100
AcDbLine
 10
328766.2126962018
 20
2792365.3501545503
 30
0.0
 11
328780.88135711657
 21
2792387.498003598
 31
0.0
  0
LWPOLYLINE
  5
73C
330
17
100
AcDbEntity
  8
0
100
AcDbPolyline
 90
3
 70
0
 10
328780.88135711657
 20
2792387.498003598
 10
328810.6793010356
 20
2792381.404673542
 10
328926.11173795315
 20
2792327.445634854
  0
LINE
  5
73D
330
17
100
AcDbEntity
  8
0
100
AcDbLine
 10
328780.88135711657
 20
2792387.498003598
 30
0.0
 11
328784.0549602221
 21
2792397.0293330094
 31
0.0
  0
LINE
  5
73E
330
17
100
AcDbEntity
  8
0
100
AcDbLine
 10
329199.6354205959
 20
2794043.1670789407
 30
0.0
 11
329185.7489166702
 21
2794050.8534520543
 31
0.0
  0
LINE
  5
73F
330
17
100
AcDbEntity
  8
0
100
AcDbLine
 10
329189.55354772304
 20
2794024.2511591734
 30
0.0
 11
329259.21652307117
 21
2793983.301838846
 31
0.0
  0
LINE
  5
740
330
17
100
AcDbEntity
  8
0
100
AcDbLine
 10
329206.1494577107
 20
2794054.79436096
 30
0.0
 11
329276.72615495196
 21
2794015.207265722
 31
0.0
  0
LINE
  5
741
330
17
100
AcDbEntity
  8
0
100
AcDbLine
 10
330093.8171063777
 20
2791884.4119377015
 30
0.0
 11
330113.3585228442
 21
2791887.113378592
 31
0.0
  0
LINE
  5
742
330
17
100
AcDbEntity
  8
0
100
AcDbLine
 10
329905.8349020488
 20
2791793.76201338
 30
0.0
 11
329915.1476582439
 21
2791806.772451184
 31
0.0
  0
LINE
  5
743
330
17
100
AcDbEntity
  8
0
100
AcDbLine
 10
329905.8349020488
 20
2791793.76201338
 30
0.0
 11
329861.98274195264
 21
2791846.6458708467
 31
0.0
  0
LWPOLYLINE
  5
744
330
17
100
AcDbEntity
  8
0
100
AcDbPolyline
 90
3
 70
0
 10
329867.4902416897
 20
2791879.9769302816
 10
329882.70912326477
 20
2791872.2636330505
 10
329890.22828441754
 20
2791870.0421369714
  0
LINE
  5
745
330
17
100
AcDbEntity
  8
0
100
AcDbLine
 10
329883.9724917598
 20
2791881.3871361953
 30
0.0
 11
329928.81889423035
 21
2791883.57085497
 31
0.0
  0
LINE
  5
746
330
17
100
AcDbEntity
  8
0
100
AcDbLine
 10
329419.6651217128
 20
2792083.2245266708
 30
0.0
 11
329400.8154484588
 21
2792095.426458422
 31
0.0
  0
LWPOLYLINE
  5
747
330
17
100
AcDbEntity
  8
0
100
AcDbPolyline
 90
7
 70
0
 10
327943.2711257793
 20
2792369.3751148568
 10
327935.24446925335
 20
2792373.642568874
 10
327928.20869670506
 20
2792377.3878318095
 10
327902.927742766
 20
2792389.2417131057
 10
327925.90704609273
 20
2792373.085541365
 10
327932.5130783377
 20
2792368.825068663
 10
327940.21841853444
 20
2792363.8526968686
  0
LWPOLYLINE
  5
748
330
17
100
AcDbEntity
  8
0
100
AcDbPolyline
 90
3
 70
0
 10
328785.10632912733
 20
2792397.3040602477
 10
328800.6633437596
 20
2792387.7351365383
 10
328810.6793010356
 20
2792381.404673542
  0
LINE
  5
749
330
17
100
AcDbEntity
  8
0
100
AcDbLine
 10
328789.45334795665
 20
2792402.4225329896
 30
0.0
 11
328800.6633437596
 21
2792387.7351365383
 31
0.0
  0
LWPOLYLINE
  5
74A
330
17
100
AcDbEntity
  8
0
100
AcDbPolyline
 90
3
 70
0
 10
327970.1553078603
 20
2791789.2803417267
 10
327977.0446779282
 20
2791802.530865381
 10
327986.528134742
 20
2791819.3045072877
  0
LINE
  5
74B
330
17
100
AcDbEntity
  8
0
100
AcDbLine
 10
327970.1553078603
 20
2791789.2803417267
 30
0.0
 11
328044.6378312799
 21
2791744.697018535
 31
0.0
  0
LINE
  5
74C
330
17
100
AcDbEntity
  8
0
100
AcDbLine
 10
327970.1553078603
 20
2791789.2803417267
 30
0.0
 11
327957.8714004891
 21
2791791.59672263
 31
0.0
  0
LINE
  5
74D
330
17
100
AcDbEntity
  8
0
100
AcDbLine
 10
328044.6378312799
 20
2791744.697018535
 30
0.0
 11
328049.5492198935
 21
2791755.336107014
 31
0.0
  0
LWPOLYLINE
  5
74E
330
17
100
AcDbEntity
  8
0
100
AcDbPolyline
 90
3
 70
0
 10
327957.8714004891
 20
2791791.59672263
 10
327971.46258293034
 20
2791761.3246362093
 10
327951.0607725361
 20
2791801.1883502696
  0
LWPOLYLINE
  5
74F
330
17
100
AcDbEntity
  8
0
100
AcDbPolyline
 90
4
 70
0
 10
327957.8714004891
 20
2791791.59672263
 10
327988.1323774397
 20
2791846.425580425
 10
327989.6418591342
 20
2791849.441808148
 10
328041.9710236293
 20
2791944.0267280983
  0
LWPOLYLINE
  5
750
330
17
100
AcDbEntity
  8
0
100
AcDbPolyline
 90
3
 70
0
 10
328040.3414846667
 20
2791787.2252077237
 10
327998.7940234846
 20
2791830.636657123
 10
327988.1323774397
 20
2791846.425580425
  0
LINE
  5
751
330
17
100
AcDbEntity
  8
0
100
AcDbLine
 10
328040.3414846667
 20
2791787.2252077237
 30
0.0
 11
328036.2260628532
 21
2791763.891533973
 31
0.0
  0
LINE
  5
752
330
17
100
AcDbEntity
  8
0
100
AcDbLine
 10
328040.3414846667
 20
2791787.2252077237
 30
0.0
 11
327986.528134742
 21
2791819.3045072877
 31
0.0
  0
LINE
  5
753
330
17
100
AcDbEntity
  8
0
100
AcDbLine
 10
327998.7940234846
 20
2791830.636657123
 30
0.0
 11
327986.528134742
 21
2791819.3045072877
 31
0.0
  0
LINE
  5
754
330
17
100
AcDbEntity
  8
0
100
AcDbLine
 10
328029.1218279607
 20
2791974.798918893
 30
0.0
 11
328028.53684522386
 21
2791950.9661791855
 31
0.0
  0
LINE
  5
755
330
17
100
AcDbEntity
  8
0
100
AcDbLine
 10
328053.42562091874
 20
2791961.3071127054
 30
0.0
 11
328032.53798985813
 21
2791948.6553945933
 31
0.0
  0
LWPOLYLINE
  5
756
330
17
100
AcDbEntity
  8
0
100
AcDbPolyline
 90
4
 70
0
 10
328041.9710236293
 20
2791944.0267280983
 10
328028.53684522386
 20
2791950.9661791855
 10
328032.53798985813
 20
2791948.6553945933
 10
328025.68372918596
 20
2791952.431515513
  0
LWPOLYLINE
  5
757
330
17
100
AcDbEntity
  8
0
100
AcDbPolyline
 90
3
 70
0
 10
328058.2584575594
 20
2791958.631268173
 10
328053.8588649697
 20
2791950.2013060274
 10
328061.53317313694
 20
2791964.9706750964
  0
LINE
  5
758
330
17
100
AcDbEntity
  8
0
100
AcDbLine
 10
328209.9029404988
 20
2791677.3592228773
 30
0.0
 11
328204.9229605144
 21
2791664.483171918
 31
0.0
  0
LWPOLYLINE
  5
759
330
17
100
AcDbEntity
  8
0
100
AcDbPolyline
 90
6
 70
0
 10
328209.9029404988
 20
2791677.3592228773
 10
328219.87093583785
 20
2791690.249514929
 10
328242.0983243208
 20
2791733.0281278207
 10
328258.9183705312
 20
2791763.4014076493
 10
328294.496141101
 20
2791827.579811103
 10
328321.14744102635
 20
2791875.985483443
  0
LINE
  5
75A
330
17
100
AcDbEntity
  8
0
100
AcDbLine
 10
328219.6988222145
 20
2791678.2762381085
 30
0.0
 11
328219.87093583785
 21
2791690.249514929
 31
0.0
  0
LINE
  5
75B
330
17
100
AcDbEntity
  8
0
100
AcDbLine
 10
328226.25398367655
 20
2791672.354868441
 30
0.0
 11
328241.34718297404
 21
2791666.6907305666
 31
0.0
  0
LWPOLYLINE
  5
75C
330
17
100
AcDbEntity
  8
0
100
AcDbPolyline
 90
5
 70
0
 10
328236.3357254499
 20
2791736.2917600246
 10
328031.05562078184
 20
2791716.210427609
 10
328204.9229605144
 20
2791664.483171918
 10
328020.06810058997
 20
2791715.0871283957
 10
328225.37851100334
 20
2791661.3321597963
  0
LWPOLYLINE
  5
75D
330
17
100
AcDbEntity
  8
0
100
AcDbPolyline
 90
5
 70
0
 10
328225.37851100334
 20
2791661.3321597963
 10
328241.34718297404
 20
2791666.6907305666
 10
328284.2734843793
 20
2791672.2944264347
 10
328302.2297817587
 20
2791674.681067944
 10
328377.46287004283
 20
2791690.753982148
  0
LINE
  5
75E
330
17
100
AcDbEntity
  8
0
100
AcDbLine
 10
328284.2734843793
 20
2791672.2944264347
 30
0.0
 11
328291.513198848
 21
2791692.530944881
 31
0.0
  0
LWPOLYLINE
  5
75F
330
17
100
AcDbEntity
  8
0
100
AcDbPolyline
 90
3
 70
0
 10
328242.0983243208
 20
2791733.0281278207
 10
328251.3758155005
 20
2791728.036019426
 10
328236.3357254499
 20
2791736.2917600246
  0
LWPOLYLINE
  5
760
330
17
100
AcDbEntity
  8
0
100
AcDbPolyline
 90
3
 70
0
 10
328321.14744102635
 20
2791875.985483443
 10
328320.5861900464
 20
2791886.550060464
 10
328319.6748023825
 20
2791890.959639173
  0
LWPOLYLINE
  5
761
330
17
100
AcDbEntity
  8
0
100
AcDbPolyline
 90
5
 70
0
 10
328119.1522290944
 20
2792005.671012418
 10
328218.67330582294
 20
2791951.5535953846
 10
328324.30296480376
 20
2791898.3565112688
 10
328311.3602339786
 20
2791901.1572916186
 10
328336.9656350912
 20
2791894.1302173613
  0
LINE
  5
762
330
17
100
AcDbEntity
  8
0
100
AcDbLine
 10
328336.9656350912
 20
2791894.1302173613
 30
0.0
 11
328334.2806034342
 21
2791883.429567942
 31
0.0
  0
LINE
  5
763
330
17
100
AcDbEntity
  8
0
100
AcDbLine
 10
328336.9656350912
 20
2791894.1302173613
 30
0.0
 11
328346.5653497556
 21
2791881.9776099613
 31
0.0
  0
LINE
  5
764
330
17
100
AcDbEntity
  8
0
100
AcDbLine
 10
328334.2806034342
 20
2791883.429567942
 30
0.0
 11
328346.5653497556
 21
2791881.9776099613
 31
0.0
  0
LINE
  5
765
330
17
100
AcDbEntity
  8
0
100
AcDbLine
 10
328346.5653497556
 20
2791881.9776099613
 30
0.0
 11
328419.6778191293
 21
2791842.9417536976
 31
0.0
  0
LINE
  5
766
330
17
100
AcDbEntity
  8
0
100
AcDbLine
 10
328311.3602339786
 20
2791901.1572916186
 30
0.0
 11
328319.6748023825
 21
2791890.959639173
 31
0.0
  0
LINE
  5
767
330
17
100
AcDbEntity
  8
0
100
AcDbLine
 10
328419.6778191293
 20
2791842.9417536976
 30
0.0
 11
328418.76652074396
 21
2791768.674493207
 31
0.0
  0
LWPOLYLINE
  5
768
330
17
100
AcDbEntity
  8
0
100
AcDbPolyline
 90
7
 70
0
 10
328218.67330582294
 20
2791951.5535953846
 10
328215.90638055786
 20
2791946.315523621
 10
328188.6231883501
 20
2791895.779978635
 10
328184.84178356803
 20
2791888.4167103404
 10
328181.18989897845
 20
2791882.5251908447
 10
328179.0259815305
 20
2791878.7528618993
 10
328172.35493675305
 20
2791866.806699198
  0
LWPOLYLINE
  5
769
330
17
100
AcDbEntity
  8
0
100
AcDbPolyline
 90
3
 70
0
 10
328258.9183705312
 20
2791763.4014076493
 10
328252.8174561198
 20
2791767.0016705026
 10
328193.5330956883
 20
2791784.8698169603
  0
LINE
  5
76A
330
17
100
AcDbEntity
  8
0
100
AcDbLine
 10
328580.1063709067
 20
2792515.344718369
 30
0.0
 11
328583.0963298887
 21
2792561.26997395
 31
0.0
  0
LINE
  5
76B
330
17
100
AcDbEntity
  8
0
100
AcDbLine
 10
330092.2166864051
 20
2792020.182206647
 30
0.0
 11
330090.5451696386
 21
2792036.3217278314
 31
0.0
  0
LINE
  5
76C
330
17
100
AcDbEntity
  8
0
100
AcDbLine
 10
329693.83609215316
 20
2792079.2949962756
 30
0.0
 11
329742.3807834956
 21
2791989.4504579497
 31
0.0
  0
LINE
  5
76D
330
17
100
AcDbEntity
  8
0
100
AcDbLine
 10
329767.73649285233
 20
2791988.17877486
 30
0.0
 11
329906.4388070778
 21
2791783.285677829
 31
0.0
  0
LINE
  5
76E
330
17
100
AcDbEntity
  8
0
100
AcDbLine
 10
329757.62115561264
 20
2792109.2118571927
 30
0.0
 11
329739.9826380926
 21
2792133.6060757837
 31
0.0
  0
LWPOLYLINE
  5
76F
330
17
100
AcDbEntity
  8
0
100
AcDbPolyline
 90
8
 70
0
 10
329931.8450244126
 20
2792538.0346579403
 10
329931.9376727304
 20
2792530.9767773664
 10
329928.629235672
 20
2792635.694839049
 10
329932.7521659981
 20
2792660.7015591995
 10
329933.2792628794
 20
2792673.7781093186
 10
329933.7032615093
 20
2792684.2636920675
 10
329933.9840544033
 20
2792691.3722700276
 10
329934.7461282711
 20
2792710.317233025
  0
LINE
  5
770
330
17
100
AcDbEntity
  8
0
100
AcDbLine
 10
329935.36086022016
 20
2792641.3929631757
 30
0.0
 11
329943.842865253
 21
2792615.607433316
 31
0.0
  0
LINE
  5
771
330
17
100
AcDbEntity
  8
0
100
AcDbLine
 10
327854.9159815248
 20
2791856.1731832824
 30
0.0
 11
327886.64745564363
 21
2791914.0960953203
 31
0.0
  0
LINE
  5
772
330
17
100
AcDbEntity
  8
0
100
AcDbLine
 10
327809.5968770964
 20
2791868.39283986
 30
0.0
 11
327784.27101557236
 21
2791867.285999418
 31
0.0
  0
LINE
  5
773
330
17
100
AcDbEntity
  8
0
100
AcDbLine
 10
328048.1053818349
 20
2791736.8650294635
 30
0.0
 11
328031.05562078184
 21
2791716.210427609
 31
0.0
  0
LINE
  5
774
330
17
100
AcDbEntity
  8
0
100
AcDbLine
 10
328031.05562078184
 20
2791716.210427609
 30
0.0
 11
328026.409234511
 21
2791734.3600736684
 31
0.0
  0
LWPOLYLINE
  5
775
330
17
100
AcDbEntity
  8
0
100
AcDbPolyline
 90
3
 70
0
 10
329074.9469575238
 20
2792322.9503277824
 10
329067.820777004
 20
2792310.7879751488
 10
329033.6047244277
 20
2792251.121581605
  0
LINE
  5
776
330
17
100
AcDbEntity
  8
0
100
AcDbLine
 10
327984.32164695056
 20
2792867.1487987023
 30
0.0
 11
327977.9376171095
 21
2792842.8912501205
 31
0.0
  0
LINE
  5
777
330
17
100
AcDbEntity
  8
0
100
AcDbLine
 10
327973.44778052357
 20
2792845.573866172
 30
0.0
 11
328006.81345606
 21
2792791.3097718623
 31
0.0
  0
LINE
  5
778
330
17
100
AcDbEntity
  8
0
100
AcDbLine
 10
328316.70618437126
 20
2792679.0737017193
 30
0.0
 11
328285.31185950455
 21
2792679.9927938855
 31
0.0
  0
LINE
  5
779
330
17
100
AcDbEntity
  8
0
100
AcDbLine
 10
328329.612751144
 20
2792690.9518667576
 30
0.0
 11
328271.02025515644
 21
2792726.4919105624
 31
0.0
  0
LINE
  5
77A
330
17
100
AcDbEntity
  8
0
100
AcDbLine
 10
328235.0152288869
 20
2792664.224517171
 30
0.0
 11
328264.92823037057
 21
2792714.8817970105
 31
0.0
  0
LINE
  5
77B
330
17
100
AcDbEntity
  8
0
100
AcDbLine
 10
328031.1455498589
 20
2792264.8767041694
 30
0.0
 11
327991.45340364764
 21
2792194.9130604886
 31
0.0
  0
LINE
  5
77C
330
17
100
AcDbEntity
  8
0
100
AcDbLine
 10
327999.43789768417
 20
2792283.2373880097
 30
0.0
 11
327962.5034151598
 21
2792213.825910488
 31
0.0
  0
LINE
  5
77D
330
17
100
AcDbEntity
  8
0
100
AcDbLine
 10
328230.86570626526
 20
2793625.2072404292
 30
0.0
 11
328243.00086369476
 21
2793558.949747541
 31
0.0
  0
LWPOLYLINE
  5
77E
330
17
100
AcDbEntity
  8
0
100
AcDbPolyline
 90
3
 70
0
 10
328384.11248752824
 20
2793305.684455389
 10
328378.841615254
 20
2793296.0357983606
 10
328363.1176000619
 20
2793270.899595394
  0
LWPOLYLINE
  5
77F
330
17
100
AcDbEntity
  8
0
100
AcDbPolyline
 90
3
 70
0
 10
328036.19500010286
 20
2792973.6926794373
 10
328027.6394878122
 20
2792979.130034862
 10
328013.7606564674
 20
2792988.257633055
  0
LINE
  5
780
330
17
100
AcDbEntity
  8
0
100
AcDbLine
 10
328036.19500010286
 20
2792973.6926794373
 30
0.0
 11
328053.4160064643
 21
2793133.9631049517
 31
0.0
  0
LINE
  5
781
330
17
100
AcDbEntity
  8
0
100
AcDbLine
 10
328013.7606564674
 20
2792988.257633055
 30
0.0
 11
327976.4900116287
 21
2792952.4948528553
 31
0.0
  0
LINE
  5
782
330
17
100
AcDbEntity
  8
0
100
AcDbLine
 10
328013.7606564674
 20
2792988.257633055
 30
0.0
 11
328051.4987165791
 21
2793080.6239682725
 31
0.0
  0
LWPOLYLINE
  5
783
330
17
100
AcDbEntity
  8
0
100
AcDbPolyline
 90
3
 70
0
 10
328043.7041460279
 20
2793131.649364466
 10
328049.27823539753
 20
2793099.3410535143
 10
328051.4987165791
 20
2793080.6239682725
  0
LWPOLYLINE
  5
784
330
17
100
AcDbEntity
  8
0
100
AcDbPolyline
 90
4
 70
0
 10
328005.99955722946
 20
2793155.2266992177
 10
328043.7041460279
 20
2793131.649364466
 10
328034.8177863335
 20
2793136.4151610504
 10
328005.99955722946
 20
2793155.2266992177
  0
LWPOLYLINE
  5
785
330
17
100
AcDbEntity
  8
0
100
AcDbPolyline
 90
3
 70
0
 10
328049.27823539753
 20
2793099.3410535143
 10
328025.22219983547
 20
2793117.0949735143
 10
327980.66389058484
 20
2793149.987627963
  0
LWPOLYLINE
  5
786
330
17
100
AcDbEntity
  8
0
100
AcDbPolyline
 90
6
 70
0
 10
328005.99955722946
 20
2793155.2266992177
 10
327980.66389058484
 20
2793149.987627963
 10
327955.3181274135
 20
2793144.748731174
 10
327942.6098382416
 20
2793142.1186722666
 10
327884.988589242
 20
2793130.233681194
 10
327815.6893626122
 20
2793115.938512966
  0
LINE
  5
787
330
17
100
AcDbEntity
  8
0
100
AcDbLine
 10
328034.8177863335
 20
2793136.4151610504
 30
0.0
 11
328025.22219983547
 21
2793117.0949735143
 31
0.0
  0
LINE
  5
788
330
17
100
AcDbEntity
  8
0
100
AcDbLine
 10
327820.00676058314
 20
2793938.6047201445
 30
0.0
 11
327790.5850706331
 21
2793947.8419266846
 31
0.0
  0
LINE
  5
789
330
17
100
AcDbEntity
  8
0
100
AcDbLine
 10
329965.81249205477
 20
2794214.803447218
 30
0.0
 11
329957.3316409648
 21
2794226.1654213066
 31
0.0
  0
LINE
  5
78A
330
17
100
AcDbEntity
  8
0
100
AcDbLine
 10
329866.3914624747
 20
2792836.7574656126
 30
0.0
 11
329854.61816319823
 21
2792846.7650011587
 31
0.0
  0
LINE
  5
78B
330
17
100
AcDbEntity
  8
0
100
AcDbLine
 10
329963.8824270911
 20
2792954.6318938653
 30
0.0
 11
329954.8283040901
 21
2792966.1450169557
 31
0.0
  0
LINE
  5
78C
330
17
100
AcDbEntity
  8
0
100
AcDbLine
 10
329930.46720344137
 20
2792938.1911467845
 30
0.0
 11
329868.40333628585
 21
2792989.52071455
 31
0.0
  0
LINE
  5
78D
330
17
100
AcDbEntity
  8
0
100
AcDbLine
 10
330123.732125322
 20
2793012.6776973316
 30
0.0
 11
330032.1685123674
 21
2792979.8957892405
 31
0.0
  0
LWPOLYLINE
  5
78E
330
17
100
AcDbEntity
  8
0
100
AcDbPolyline
 90
4
 70
0
 10
329878.3751657899
 20
2792886.746040347
 10
329883.3615965353
 20
2792891.4801329756
 10
329887.3845090784
 20
2792897.3119925414
 10
329922.02033651643
 20
2792928.282781142
  0
LINE
  5
78F
330
17
100
AcDbEntity
  8
0
100
AcDbLine
 10
329759.7690349879
 20
2792153.3973385775
 30
0.0
 11
329739.9826380926
 21
2792133.6060757837
 31
0.0
  0
LINE
  5
790
330
17
100
AcDbEntity
  8
0
100
AcDbLine
 10
329766.88011477777
 20
2792285.347182385
 30
0.0
 11
329686.3047911688
 21
2792287.889871577
 31
0.0
  0
LINE
  5
791
330
17
100
AcDbEntity
  8
0
100
AcDbLine
 10
329504.90553292236
 20
2792425.238077223
 30
0.0
 11
329518.834541336
 21
2792416.776175475
 31
0.0
  0
LINE
  5
792
330
17
100
AcDbEntity
  8
0
100
AcDbLine
 10
329516.205136204
 20
2792349.631897173
 30
0.0
 11
329559.4199003796
 21
2792344.778121206
 31
0.0
  0
LINE
  5
793
330
17
100
AcDbEntity
  8
0
100
AcDbLine
 10
329697.7440839602
 20
2792520.296501285
 30
0.0
 11
329675.0862808358
 21
2792522.09940407
 31
0.0
  0
LINE
  5
794
330
17
100
AcDbEntity
  8
0
100
AcDbLine
 10
329776.26449407975
 20
2792459.4425971243
 30
0.0
 11
329694.91613511724
 21
2792462.9255897296
 31
0.0
  0
LWPOLYLINE
  5
795
330
17
100
AcDbEntity
  8
0
100
AcDbPolyline
 90
4
 70
0
 10
330029.41693366435
 20
2792257.9964676197
 10
330027.7640859724
 20
2792269.194969259
 10
330026.9186974204
 20
2792274.8886218295
 10
330024.02538041316
 20
2792285.194307256
  0
LINE
  5
796
330
17
100
AcDbEntity
  8
0
100
AcDbLine
 10
330204.7341667325
 20
2791887.4954287475
 30
0.0
 11
330240.01540233905
 21
2791887.0528324186
 31
0.0
  0
LINE
  5
797
330
17
100
AcDbEntity
  8
0
100
AcDbLine
 10
330136.11221031036
 20
2792476.422715559
 30
0.0
 11
330089.0156613813
 21
2792461.7817556397
 31
0.0
  0
LINE
  5
798
330
17
100
AcDbEntity
  8
0
100
AcDbLine
 10
329969.24320151214
 20
2792702.162240319
 30
0.0
 11
329968.45184110396
 21
2792682.486495839
 31
0.0
  0
LWPOLYLINE
  5
799
330
17
100
AcDbEntity
  8
0
100
AcDbPolyline
 90
3
 70
0
 10
329969.24320151214
 20
2792702.162240319
 10
329926.830202202
 20
2792740.2499297136
 10
329909.63752805407
 20
2792755.177722245
  0
LWPOLYLINE
  5
79A
330
17
100
AcDbEntity
  8
0
100
AcDbPolyline
 90
3
 70
0
 10
330221.8773999359
 20
2792106.248562508
 10
330212.0794234467
 20
2792106.7259879443
 10
330207.3554870871
 20
2792106.862804723
  0
LWPOLYLINE
  5
79B
330
17
100
AcDbEntity
  8
0
100
AcDbPolyline
 90
3
 70
0
 10
329888.08408289857
 20
2792790.289193768
 10
329889.7140642073
 20
2792788.5072878175
 10
329899.16936665773
 20
2792777.6426891885
  0
LWPOLYLINE
  5
79C
330
17
100
AcDbEntity
  8
0
100
AcDbPolyline
 90
4
 70
0
 10
330175.6278551151
 20
2792746.0202433523
 10
330164.4055631963
 20
2792812.7844348922
 10
330154.8062189547
 20
2792860.341109048
 10
330149.84533426864
 20
2792884.919094448
  0
LINE
  5
79D
330
17
100
AcDbEntity
  8
0
100
AcDbLine
 10
330183.76343683945
 20
2793336.28903506
 30
0.0
 11
330181.4181085354
 21
2793354.9185178694
 31
0.0
  0
LINE
  5
79E
330
17
100
AcDbEntity
  8
0
100
AcDbLine
 10
330238.6832264808
 20
2792099.7454101993
 30
0.0
 11
330236.66491786554
 21
2792127.6098034442
 31
0.0
  0
LINE
  5
79F
330
17
100
AcDbEntity
  8
0
100
AcDbLine
 10
330156.2382668605
 20
2792270.506397436
 30
0.0
 11
330153.4970873768
 21
2792216.679420037
 31
0.0
  0
LINE
  5
7A0
330
17
100
AcDbEntity
  8
0
100
AcDbLine
 10
330153.4970873768
 20
2792216.679420037
 30
0.0
 11
330175.0849052913
 21
2792202.6384862647
 31
0.0
  0
LWPOLYLINE
  5
7A1
330
17
100
AcDbEntity
  8
0
100
AcDbPolyline
 90
3
 70
0
 10
330027.7640859724
 20
2792269.194969259
 10
330036.2833433142
 20
2792268.7999313925
 10
330048.2364135673
 20
2792268.2399126827
  0
LINE
  5
7A2
330
17
100
AcDbEntity
  8
0
100
AcDbLine
 10
329957.7544564828
 20
2792277.8402585424
 30
0.0
 11
330026.9186974204
 21
2792274.8886218295
 31
0.0
  0
LWPOLYLINE
  5
7A3
330
17
100
AcDbEntity
  8
0
100
AcDbPolyline
 90
4
 70
0
 10
330024.02538041316
 20
2792285.194307256
 10
330046.4850616285
 20
2792310.1036554263
 10
330060.32633564615
 20
2792322.7027929532
 10
330080.02115145186
 20
2792357.727926488
  0
LWPOLYLINE
  5
7A4
330
17
100
AcDbEntity
  8
0
100
AcDbPolyline
 90
3
 70
0
 10
330046.4850616285
 20
2792310.1036554263
 10
330083.2185995185
 20
2792307.448882324
 10
330132.61826792656
 20
2792300.037815187
  0
LINE
  5
7A5
330
17
100
AcDbEntity
  8
0
100
AcDbLine
 10
329919.5363407927
 20
2792731.5013384344
 30
0.0
 11
329909.03288041253
 21
2792739.9419252924
 31
0.0
  0
LWPOLYLINE
  5
7A6
330
17
100
AcDbEntity
  8
0
100
AcDbPolyline
 90
3
 70
0
 10
329919.5363407927
 20
2792731.5013384344
 10
329926.830202202
 20
2792740.2499297136
 10
329934.05929429794
 20
2792748.6559189977
  0
LWPOLYLINE
  5
7A7
330
17
100
AcDbEntity
  8
0
100
AcDbPolyline
 90
4
 70
0
 10
329909.03288041253
 20
2792739.9419252924
 10
329909.63752805407
 20
2792755.177722245
 10
329908.81015354965
 20
2792730.240352552
 10
329908.37082774495
 20
2792711.3245645803
  0
LWPOLYLINE
  5
7A8
330
17
100
AcDbEntity
  8
0
100
AcDbPolyline
 90
3
 70
0
 10
329934.7461282711
 20
2792710.317233025
 10
329908.37082774495
 20
2792711.3245645803
 10
329879.5280949128
 20
2792712.418364185
  0
LINE
  5
7A9
330
17
100
AcDbEntity
  8
0
100
AcDbLine
 10
329880.23328448227
 20
2792731.6409964347
 30
0.0
 11
329879.5280949128
 21
2792712.418364185
 31
0.0
  0
LINE
  5
7AA
330
17
100
AcDbEntity
  8
0
100
AcDbLine
 10
329879.5280949128
 20
2792712.418364185
 30
0.0
 11
329909.63752805407
 21
2792755.177722245
 31
0.0
  0
LINE
  5
7AB
330
17
100
AcDbEntity
  8
0
100
AcDbLine
 10
329933.9840544033
 20
2792691.3722700276
 30
0.0
 11
329877.12085301935
 21
2792675.625187395
 31
0.0
  0
LINE
  5
7AC
330
17
100
AcDbEntity
  8
0
100
AcDbLine
 10
329909.63752805407
 20
2792755.177722245
 30
0.0
 11
329913.1694782211
 21
2792766.034120355
 31
0.0
  0
LINE
  5
7AD
330
17
100
AcDbEntity
  8
0
100
AcDbLine
 10
329933.2792628794
 20
2792673.7781093186
 30
0.0
 11
329877.12085301935
 21
2792675.625187395
 31
0.0
  0
LINE
  5
7AE
330
17
100
AcDbEntity
  8
0
100
AcDbLine
 10
329942.9847182919
 20
2792741.3208364444
 30
0.0
 11
329958.3607779371
 21
2792755.0083658225
 31
0.0
  0
LINE
  5
7AF
330
17
100
AcDbEntity
  8
0
100
AcDbLine
 10
329913.1694782211
 20
2792766.034120355
 30
0.0
 11
329932.86437661096
 21
2792783.444939917
 31
0.0
  0
LWPOLYLINE
  5
7B0
330
17
100
AcDbEntity
  8
0
100
AcDbPolyline
 90
3
 70
0
 10
329987.17817718134
 20
2792888.2031453713
 10
329986.8527150428
 20
2792886.35720137
 10
329987.0870423307
 20
2792839.261471555
  0
LWPOLYLINE
  5
7B1
330
17
100
AcDbEntity
  8
0
100
AcDbPolyline
 90
3
 70
0
 10
329987.17817718134
 20
2792888.2031453713
 10
330031.28562579677
 20
2792887.172549256
 10
330051.13841940416
 20
2792886.7015714813
  0
LWPOLYLINE
  5
7B2
330
17
100
AcDbEntity
  8
0
100
AcDbPolyline
 90
4
 70
0
 10
330130.9213320981
 20
2792051.6785902744
 10
330134.48610355577
 20
2792052.3096040464
 10
330142.10679214564
 20
2792053.3660651576
 10
330151.92579999345
 20
2792054.5611099005
  0
LINE
  5
7B3
330
17
100
AcDbEntity
  8
0
100
AcDbLine
 10
329675.0862808358
 20
2792522.09940407
 30
0.0
 11
329672.02447653585
 21
2792540.6050769635
 31
0.0
  0
LINE
  5
7B4
330
17
100
AcDbEntity
  8
0
100
AcDbLine
 10
329675.0862808358
 20
2792522.09940407
 30
0.0
 11
329648.67273538007
 21
2792538.5062061064
 31
0.0
  0
LINE
  5
7B5
330
17
100
AcDbEntity
  8
0
100
AcDbLine
 10
329648.67273538007
 20
2792538.5062061064
 30
0.0
 11
329660.4073012591
 21
2792547.819132354
 31
0.0
  0
LINE
  5
7B6
330
17
100
AcDbEntity
  8
0
100
AcDbLine
 10
329518.45450354414
 20
2792572.9374387455
 30
0.0
 11
329582.23821825674
 21
2792522.094264543
 31
0.0
  0
LINE
  5
7B7
330
17
100
AcDbEntity
  8
0
100
AcDbLine
 10
329540.5677940274
 20
2792471.9370175013
 30
0.0
 11
329506.49823596206
 21
2792500.460261441
 31
0.0
  0
LINE
  5
7B8
330
17
100
AcDbEntity
  8
0
100
AcDbLine
 10
330268.8015653629
 20
2791743.9182899767
 30
0.0
 11
330268.42551836197
 21
2791788.656039095
 31
0.0
  0
LWPOLYLINE
  5
7B9
330
17
100
AcDbEntity
  8
0
100
AcDbPolyline
 90
3
 70
0
 10
330060.7012898325
 20
2791797.311287026
 10
330049.41599026014
 20
2791797.320056836
 10
330006.98487242556
 20
2791797.3211904936
  0
LINE
  5
7BA
330
17
100
AcDbEntity
  8
0
100
AcDbLine
 10
329620.2951902959
 20
2792408.541179931
 30
0.0
 11
329616.7096205148
 21
2792342.2398119913
 31
0.0
  0
LINE
  5
7BB
330
17
100
AcDbEntity
  8
0
100
AcDbLine
 10
329659.7096550857
 20
2792340.335827817
 30
0.0
 11
329688.67604787584
 21
2792336.1935920357
 31
0.0
  0
LINE
  5
7BC
330
17
100
AcDbEntity
  8
0
100
AcDbLine
 10
329641.73663330474
 20
2792211.6688696016
 30
0.0
 11
329682.44824625144
 21
2792209.638704042
 31
0.0
  0
LINE
  5
7BD
330
17
100
AcDbEntity
  8
0
100
AcDbLine
 10
329683.80295426596
 20
2792237.2170926984
 30
0.0
 11
329643.85826202517
 21
2792240.932548016
 31
0.0
  0
LWPOLYLINE
  5
7BE
330
17
100
AcDbEntity
  8
0
100
AcDbPolyline
 90
3
 70
0
 10
329421.6574122896
 20
2792055.8255041656
 10
329414.1392750598
 20
2792057.316107744
 10
329400.1081789335
 20
2792061.7026490537
  0
LINE
  5
7BF
330
17
100
AcDbEntity
  8
0
100
AcDbLine
 10
329274.7755864481
 20
2792379.883674261
 30
0.0
 11
329253.8003223233
 21
2792385.6873840755
 31
0.0
  0
LINE
  5
7C0
330
17
100
AcDbEntity
  8
0
100
AcDbLine
 10
329636.4620719814
 20
2792915.458230475
 30
0.0
 11
329568.9435692531
 21
2792933.6237126696
 31
0.0
  0
LWPOLYLINE
  5
7C1
330
17
100
AcDbEntity
  8
0
100
AcDbPolyline
 90
3
 70
0
 10
329762.9349859019
 20
2793562.7527834317
 10
329752.1374699442
 20
2793530.164075872
 10
329744.9432017881
 20
2793508.4973061127
  0
LINE
  5
7C2
330
17
100
AcDbEntity
  8
0
100
AcDbLine
 10
330073.4674403477
 20
2793627.0773068387
 30
0.0
 11
330005.4361365603
 21
2793570.5257753087
 31
0.0
  0
LWPOLYLINE
  5
7C3
330
17
100
AcDbEntity
  8
0
100
AcDbPolyline
 90
3
 70
0
 10
330028.5119221313
 20
2793541.9977795104
 10
330062.3652679266
 20
2793571.7822203357
 10
330096.30981991545
 20
2793601.620981071
  0
LWPOLYLINE
  5
7C4
330
17
100
AcDbEntity
  8
0
100
AcDbPolyline
 90
3
 70
0
 10
329909.7451913103
 20
2793271.7682392295
 10
329916.8881113207
 20
2793280.551943788
 10
329976.6540120817
 20
2793353.491775257
  0
LINE
  5
7C5
330
17
100
AcDbEntity
  8
0
100
AcDbLine
 10
329608.9453402825
 20
2793399.3073405125
 30
0.0
 11
329599.2509041537
 21
2793402.3319298998
 31
0.0
  0
LINE
  5
7C6
330
17
100
AcDbEntity
  8
0
100
AcDbLine
 10
328247.8118821642
 20
2793228.5048256936
 30
0.0
 11
328175.68122540234
 21
2793266.4551832722
 31
0.0
  0
LINE
  5
7C7
330
17
100
AcDbEntity
  8
0
100
AcDbLine
 10
328361.30096113554
 20
2792748.145065316
 30
0.0
 11
328294.3866807424
 21
2792788.487735412
 31
0.0
  0
LINE
  5
7C8
330
17
100
AcDbEntity
  8
0
100
AcDbLine
 10
328953.5367515279
 20
2792992.782233075
 30
0.0
 11
328836.6341467718
 21
2793059.090017976
 31
0.0
  0
LWPOLYLINE
  5
7C9
330
17
100
AcDbEntity
  8
0
100
AcDbPolyline
 90
3
 70
0
 10
328995.61072321655
 20
2792970.3821233124
 10
328954.63859966735
 20
2792994.662657781
 10
329001.37627166975
 20
2792980.9331461824
  0
LINE
  5
7CA
330
17
100
AcDbEntity
  8
0
100
AcDbLine
 10
328986.2132496579
 20
2792489.1683949386
 30
0.0
 11
329002.0480809903
 21
2792514.337112289
 31
0.0
  0
LWPOLYLINE
  5
7CB
330
17
100
AcDbEntity
  8
0
100
AcDbPolyline
 90
3
 70
0
 10
327942.6098382416
 20
2793142.1186722666
 10
327888.16255365335
 20
2793116.7887082687
 10
327818.0930029836
 20
2793102.137744853
  0
LINE
  5
7CC
330
17
100
AcDbEntity
  8
0
100
AcDbLine
 10
327884.988589242
 20
2793130.233681194
 30
0.0
 11
327888.16255365335
 21
2793116.7887082687
 31
0.0
  0
LINE
  5
7CD
330
17
100
AcDbEntity
  8
0
100
AcDbLine
 10
327976.4900116287
 20
2792952.4948528553
 30
0.0
 11
327927.3207705844
 21
2792869.2695442913
 31
0.0
  0
LINE
  5
7CE
330
17
100
AcDbEntity
  8
0
100
AcDbLine
 10
327976.4900116287
 20
2792952.4948528553
 30
0.0
 11
327818.35468404304
 21
2792924.0084471945
 31
0.0
  0
LINE
  5
7CF
330
17
100
AcDbEntity
  8
0
100
AcDbLine
 10
328942.50042139366
 20
2792357.3487231536
 30
0.0
 11
328954.72975322907
 21
2792386.617562913
 31
0.0
  0
LINE
  5
7D0
330
17
100
AcDbEntity
  8
0
100
AcDbLine
 10
328948.3401767869
 20
2792390.487045614
 30
0.0
 11
328969.26387527806
 21
2792425.251507163
 31
0.0
  0
LINE
  5
7D1
330
17
100
AcDbEntity
  8
0
100
AcDbLine
 10
329319.3283715489
 20
2793575.899152591
 30
0.0
 11
329330.8153155368
 21
2793604.7566460697
 31
0.0
  0
LINE
  5
7D2
330
17
100
AcDbEntity
  8
0
100
AcDbLine
 10
329368.73680330755
 20
2793561.583174797
 30
0.0
 11
329352.8426048368
 21
2793516.396760454
 31
0.0
  0
LWPOLYLINE
  5
7D3
330
17
100
AcDbEntity
  8
0
100
AcDbPolyline
 90
4
 70
0
 10
329287.1777564158
 20
2793733.8244374767
 10
329278.07310327713
 20
2793709.3238313096
 10
329272.8040047559
 20
2793699.752401022
 10
329255.35477873124
 20
2793636.7499696966
  0
LWPOLYLINE
  5
7D4
330
17
100
AcDbEntity
  8
0
100
AcDbPolyline
 90
3
 70
0
 10
329255.70980842307
 20
2793745.4659803896
 10
329271.55801836814
 20
2793738.3199239573
 10
329234.52936027694
 20
2793754.7953055967
  0
LWPOLYLINE
  5
7D5
330
17
100
AcDbEntity
  8
0
100
AcDbPolyline
 90
3
 70
0
 10
329224.5911770895
 20
2793736.896726414
 10
329217.7386918062
 20
2793740.7608952746
 10
329229.3022543329
 20
2793734.1895687333
  0
LINE
  5
7D6
330
17
100
AcDbEntity
  8
0
100
AcDbLine
 10
329495.24436281394
 20
2793836.1533554844
 30
0.0
 11
329488.5313704949
 21
2793819.91997052
 31
0.0
  0
LINE
  5
7D7
330
17
100
AcDbEntity
  8
0
100
AcDbLine
 10
329470.76230728184
 20
2793824.940845054
 30
0.0
 11
329460.978705738
 21
2793791.3092762907
 31
0.0
  0
LINE
  5
7D8
330
17
100
AcDbEntity
  8
0
100
AcDbLine
 10
329560.3231248159
 20
2793737.491308404
 30
0.0
 11
329518.7633991073
 21
2793694.2567132716
 31
0.0
  0
LWPOLYLINE
  5
7D9
330
17
100
AcDbEntity
  8
0
100
AcDbPolyline
 90
3
 70
0
 10
329377.3496668064
 20
2793851.3550333185
 10
329372.53337847843
 20
2793834.543860335
 10
329368.52849409415
 20
2793820.5584433717
  0
LWPOLYLINE
  5
7DA
330
17
100
AcDbEntity
  8
0
100
AcDbPolyline
 90
4
 70
0
 10
328179.9541327491
 20
2793595.6659667245
 10
328146.2348109058
 20
2793537.1364096683
 10
328096.35798527487
 20
2793453.498667079
 10
328081.70256604394
 20
2793429.23543344
  0
LINE
  5
7DB
330
17
100
AcDbEntity
  8
0
100
AcDbLine
 10
328146.2348109058
 20
2793537.1364096683
 30
0.0
 11
328089.41833488306
 21
2793570.1845687646
 31
0.0
  0
LINE
  5
7DC
330
17
100
AcDbEntity
  8
0
100
AcDbLine
 10
328197.37180220115
 20
2793342.4860073705
 30
0.0
 11
328229.103709019
 21
2793369.855925528
 31
0.0
  0
LINE
  5
7DD
330
17
100
AcDbEntity
  8
0
100
AcDbLine
 10
328235.55954303953
 20
2793352.215063437
 30
0.0
 11
328206.1402725141
 21
2793395.8710555304
 31
0.0
  0
LINE
  5
7DE
330
17
100
AcDbEntity
  8
0
100
AcDbLine
 10
328045.40107522614
 20
2793370.539495404
 30
0.0
 11
328009.03428997623
 21
2793375.6657944615
 31
0.0
  0
LINE
  5
7DF
330
17
100
AcDbEntity
  8
0
100
AcDbLine
 10
328175.68122540234
 20
2793266.4551832722
 30
0.0
 11
328230.3460207458
 21
2793296.3144312156
 31
0.0
  0
LINE
  5
7E0
330
17
100
AcDbEntity
  8
0
100
AcDbLine
 10
327815.6893626122
 20
2793115.938512966
 30
0.0
 11
327818.0930029836
 21
2793102.137744853
 31
0.0
  0
LINE
  5
7E1
330
17
100
AcDbEntity
  8
0
100
AcDbLine
 10
329164.65250017616
 20
2793628.966458101
 30
0.0
 11
329194.49298649584
 21
2793612.0942513947
 31
0.0
  0
LWPOLYLINE
  5
7E2
330
17
100
AcDbEntity
  8
0
100
AcDbPolyline
 90
3
 70
0
 10
329179.943944159
 20
2793498.7606723793
 10
329199.1683847763
 20
2793563.4798750435
 10
329214.3786452208
 20
2793606.3262225413
  0
LINE
  5
7E3
330
17
100
AcDbEntity
  8
0
100
AcDbLine
 10
329257.0769920696
 20
2793473.902312856
 30
0.0
 11
329279.3128241302
 21
2793546.5487395944
 31
0.0
  0
LWPOLYLINE
  5
7E4
330
17
100
AcDbEntity
  8
0
100
AcDbPolyline
 90
3
 70
0
 10
329272.8040047559
 20
2793699.752401022
 10
329274.098207607
 20
2793710.4928989327
 10
329280.883634956
 20
2793735.6320758513
  0
LINE
  5
7E5
330
17
100
AcDbEntity
  8
0
100
AcDbLine
 10
327985.744397787
 20
2793367.2656052522
 30
0.0
 11
328009.03428997623
 21
2793375.6657944615
 31
0.0
  0
LINE
  5
7E6
330
17
100
AcDbEntity
  8
0
100
AcDbLine
 10
328917.6450481189
 20
2792409.297997877
 30
0.0
 11
328906.748262309
 21
2792392.1871726066
 31
0.0
  0
LWPOLYLINE
  5
7E7
330
17
100
AcDbEntity
  8
0
100
AcDbPolyline
 90
3
 70
0
 10
328969.26387527806
 20
2792425.251507163
 10
328989.9485918917
 20
2792432.3459232715
 10
328965.9831832289
 20
2792427.165174919
  0
LINE
  5
7E8
330
17
100
AcDbEntity
  8
0
100
AcDbLine
 10
329973.1046259643
 20
2793610.5141114807
 30
0.0
 11
330002.72271744354
 21
2793635.1892741527
 31
0.0
  0
LINE
  5
7E9
330
17
100
AcDbEntity
  8
0
100
AcDbLine
 10
329752.1374699442
 20
2793530.164075872
 30
0.0
 11
329704.71156680747
 21
2793543.5341747883
 31
0.0
  0
LWPOLYLINE
  5
7EA
330
17
100
AcDbEntity
  8
0
100
AcDbPolyline
 90
3
 70
0
 10
328567.7007606442
 20
2793777.6114830556
 10
328579.63063397363
 20
2793791.2193080313
 10
328585.2894172708
 20
2793800.4975302056
  0
LINE
  5
7EB
330
17
100
AcDbEntity
  8
0
100
AcDbLine
 10
328394.71270390897
 20
2793892.5478878245
 30
0.0
 11
328401.5651394174
 21
2793871.235189018
 31
0.0
  0
LINE
  5
7EC
330
17
100
AcDbEntity
  8
0
100
AcDbLine
 10
328380.87858692463
 20
2793869.4150149114
 30
0.0
 11
328401.5651394174
 21
2793871.235189018
 31
0.0
  0
LINE
  5
7ED
330
17
100
AcDbEntity
  8
0
100
AcDbLine
 10
328401.5651394174
 20
2793871.235189018
 30
0.0
 11
328379.4252182654
 21
2793857.302880691
 31
0.0
  0
LINE
  5
7EE
330
17
100
AcDbEntity
  8
0
100
AcDbLine
 10
328116.12712323014
 20
2793720.7851151195
 30
0.0
 11
328133.6861090294
 21
2793753.951548512
 31
0.0
  0
LINE
  5
7EF
330
17
100
AcDbEntity
  8
0
100
AcDbLine
 10
328229.3461013907
 20
2793971.9619362676
 30
0.0
 11
328247.52162706025
 21
2793995.017368422
 31
0.0
  0
LINE
  5
7F0
330
17
100
AcDbEntity
  8
0
100
AcDbLine
 10
329663.9738227426
 20
2793737.5479773534
 30
0.0
 11
329615.5472193322
 21
2793726.6035844204
 31
0.0
  0
LINE
  5
7F1
330
17
100
AcDbEntity
  8
0
100
AcDbLine
 10
329666.72322531545
 20
2793746.2650300814
 30
0.0
 11
329619.67337555985
 21
2793786.218150264
 31
0.0
  0
LINE
  5
7F2
330
17
100
AcDbEntity
  8
0
100
AcDbLine
 10
329488.7044956341
 20
2793490.045554095
 30
0.0
 11
329467.24388798233
 21
2793496.375843769
 31
0.0
  0
LINE
  5
7F3
330
17
100
AcDbEntity
  8
0
100
AcDbLine
 10
329459.00315732986
 20
2793387.7594076954
 30
0.0
 11
329421.0871252469
 21
2793397.0778550357
 31
0.0
  0
LINE
  5
7F4
330
17
100
AcDbEntity
  8
0
100
AcDbLine
 10
329467.24388798233
 20
2793496.375843769
 30
0.0
 11
329395.3780944017
 21
2793423.6461108443
 31
0.0
  0
LINE
  5
7F5
330
17
100
AcDbEntity
  8
0
100
AcDbLine
 10
329395.3780944017
 20
2793423.6461108443
 30
0.0
 11
329357.5236019144
 21
2793462.586790327
 31
0.0
  0
LINE
  5
7F6
330
17
100
AcDbEntity
  8
0
100
AcDbLine
 10
329395.3780944017
 20
2793423.6461108443
 30
0.0
 11
329390.1496988911
 21
2793406.120054167
 31
0.0
  0
LINE
  5
7F7
330
17
100
AcDbEntity
  8
0
100
AcDbLine
 10
329328.90721064975
 20
2793424.0083661317
 30
0.0
 11
329334.3488871072
 21
2793453.6400701376
 31
0.0
  0
LWPOLYLINE
  5
7F8
330
17
100
AcDbEntity
  8
0
100
AcDbPolyline
 90
5
 70
0
 10
329190.8411170752
 20
2793152.9863092992
 10
329187.7081941113
 20
2793153.823493759
 10
329173.29999856406
 20
2793157.7719981917
 10
329150.74862707604
 20
2793163.928207743
 10
329148.57984485815
 20
2793164.52058392
  0
LINE
  5
7F9
330
17
100
AcDbEntity
  8
0
100
AcDbLine
 10
329173.29999856406
 20
2793157.7719981917
 30
0.0
 11
329126.25695898186
 21
2793154.466686947
 31
0.0
  0
LINE
  5
7FA
330
17
100
AcDbEntity
  8
0
100
AcDbLine
 10
329148.57984485815
 20
2793164.52058392
 30
0.0
 11
329126.25695898186
 21
2793154.466686947
 31
0.0
  0
LWPOLYLINE
  5
7FB
330
17
100
AcDbEntity
  8
0
100
AcDbPolyline
 90
3
 70
0
 10
328841.44749767415
 20
2793067.6368111665
 10
328848.37423218373
 20
2793075.990694406
 10
328856.58855047915
 20
2793089.756567192
  0
LINE
  5
7FC
330
17
100
AcDbEntity
  8
0
100
AcDbLine
 10
328082.4653929482
 20
2794179.50591842
 30
0.0
 11
328120.0789466043
 21
2794252.0218147403
 31
0.0
  0
LINE
  5
7FD
330
17
100
AcDbEntity
  8
0
100
AcDbLine
 10
329372.53337847843
 20
2793834.543860335
 30
0.0
 11
329322.26736764226
 21
2793848.6823943458
 31
0.0
  0
LINE
  5
7FE
330
17
100
AcDbEntity
  8
0
100
AcDbLine
 10
329381.642912406
 20
2793944.888634836
 30
0.0
 11
329350.0428462755
 21
2793962.790783913
 31
0.0
  0
LWPOLYLINE
  5
7FF
330
17
100
AcDbEntity
  8
0
100
AcDbPolyline
 90
3
 70
0
 10
329338.68243244593
 20
2793942.339966408
 10
329332.06954514154
 20
2793946.023809893
 10
329343.6343706313
 20
2793939.5633359863
  0
LINE
  5
800
330
17
100
AcDbEntity
  8
0
100
AcDbLine
 10
329386.0558063589
 20
2793972.849466771
 30
0.0
 11
329384.7355138619
 21
2793953.6456244034
 31
0.0
  0
LINE
  5
801
330
17
100
AcDbEntity
  8
0
100
AcDbLine
 10
329386.0558063589
 20
2793972.849466771
 30
0.0
 11
329410.0038613865
 21
2793980.87805716
 31
0.0
  0
LWPOLYLINE
  5
802
330
17
100
AcDbEntity
  8
0
100
AcDbPolyline
 90
5
 70
0
 10
328188.6231883501
 20
2791895.779978635
 10
328282.4004103461
 20
2791844.727126684
 10
328077.37437291304
 20
2791956.350035237
 10
328061.53317313694
 20
2791964.9706750964
 10
328026.9349792174
 20
2791986.669247846
  0
LINE
  5
803
330
17
100
AcDbEntity
  8
0
100
AcDbLine
 10
328179.0259815305
 20
2791878.7528618993
 30
0.0
 11
328110.2415299148
 21
2791833.253202602
 31
0.0
  0
LINE
  5
804
330
17
100
AcDbEntity
  8
0
100
AcDbLine
 10
328179.0259815305
 20
2791878.7528618993
 30
0.0
 11
328179.74128841376
 21
2791804.9301535683
 31
0.0
  0
LINE
  5
805
330
17
100
AcDbEntity
  8
0
100
AcDbLine
 10
328110.2415299148
 20
2791833.253202602
 30
0.0
 11
328179.74128841376
 21
2791804.9301535683
 31
0.0
  0
LWPOLYLINE
  5
806
330
17
100
AcDbEntity
  8
0
100
AcDbPolyline
 90
4
 70
0
 10
328110.2415299148
 20
2791833.253202602
 10
328117.85964661225
 20
2791819.7962134485
 10
328131.62643685093
 20
2791795.393493147
 10
328145.7676820976
 20
2791770.3213481167
  0
LWPOLYLINE
  5
807
330
17
100
AcDbEntity
  8
0
100
AcDbPolyline
 90
4
 70
0
 10
328179.74128841376
 20
2791804.9301535683
 10
328172.0987850941
 20
2791818.8526941612
 10
328159.0667928759
 20
2791842.404102423
 10
328144.44924995466
 20
2791868.844898697
  0
LINE
  5
808
330
17
100
AcDbEntity
  8
0
100
AcDbLine
 10
328172.35493675305
 20
2791866.806699198
 30
0.0
 11
328144.44924995466
 21
2791868.844898697
 31
0.0
  0
LINE
  5
809
330
17
100
AcDbEntity
  8
0
100
AcDbLine
 10
328172.35493675305
 20
2791866.806699198
 30
0.0
 11
328188.1178295287
 21
2791858.3533690907
 31
0.0
  0
LWPOLYLINE
  5
80A
330
17
100
AcDbEntity
  8
0
100
AcDbPolyline
 90
3
 70
0
 10
328172.0987850941
 20
2791818.8526941612
 10
328188.1178295287
 20
2791858.3533690907
 10
328145.7676820976
 20
2791770.3213481167
  0
LWPOLYLINE
  5
80B
330
17
100
AcDbEntity
  8
0
100
AcDbPolyline
 90
3
 70
0
 10
328172.0987850941
 20
2791818.8526941612
 10
328131.62643685093
 20
2791795.393493147
 10
328102.5842322268
 20
2791778.5690494794
  0
LWPOLYLINE
  5
80C
330
17
100
AcDbEntity
  8
0
100
AcDbPolyline
 90
3
 70
0
 10
328144.44924995466
 20
2791868.844898697
 10
328117.85964661225
 20
2791819.7962134485
 10
328102.5842322268
 20
2791778.5690494794
  0
LINE
  5
80D
330
17
100
AcDbEntity
  8
0
100
AcDbLine
 10
328145.7676820976
 20
2791770.3213481167
 30
0.0
 11
328102.5842322268
 21
2791778.5690494794
 31
0.0
  0
LINE
  5
80E
330
17
100
AcDbEntity
  8
0
100
AcDbLine
 10
328215.90638055786
 20
2791946.315523621
 30
0.0
 11
328282.4004103461
 21
2791844.727126684
 31
0.0
  0
LINE
  5
80F
330
17
100
AcDbEntity
  8
0
100
AcDbLine
 10
328215.90638055786
 20
2791946.315523621
 30
0.0
 11
328077.37437291304
 21
2791956.350035237
 31
0.0
  0
LINE
  5
810
330
17
100
AcDbEntity
  8
0
100
AcDbLine
 10
328399.68624296936
 20
2791718.1564351274
 30
0.0
 11
328377.46287004283
 21
2791690.753982148
 31
0.0
  0
LINE
  5
811
330
17
100
AcDbEntity
  8
0
100
AcDbLine
 10
328302.2297817587
 20
2791674.681067944
 30
0.0
 11
328302.9329359493
 21
2791685.628416362
 31
0.0
  0
LINE
  5
812
330
17
100
AcDbEntity
  8
0
100
AcDbLine
 10
328251.3758155005
 20
2791728.036019426
 30
0.0
 11
328278.40502054954
 21
2791679.924163917
 31
0.0
  0
LINE
  5
813
330
17
100
AcDbEntity
  8
0
100
AcDbLine
 10
328251.3758155005
 20
2791728.036019426
 30
0.0
 11
328415.85440773715
 21
2791835.434946139
 31
0.0
  0
LINE
  5
814
330
17
100
AcDbEntity
  8
0
100
AcDbLine
 10
328428.18136043684
 20
2791828.5653288052
 30
0.0
 11
328415.85440773715
 21
2791835.434946139
 31
0.0
  0
LINE
  5
815
330
17
100
AcDbEntity
  8
0
100
AcDbLine
 10
328236.92564456945
 20
2792893.263111362
 30
0.0
 11
328232.7252973219
 21
2792902.8768850095
 31
0.0
  0
LINE
  5
816
330
17
100
AcDbEntity
  8
0
100
AcDbLine
 10
328232.7252973219
 20
2792902.8768850095
 30
0.0
 11
328213.2297188835
 21
2792896.577247934
 31
0.0
  0
LINE
  5
817
330
17
100
AcDbEntity
  8
0
100
AcDbLine
 10
328232.7252973219
 20
2792902.8768850095
 30
0.0
 11
328242.3136691288
 21
2792912.9138070256
 31
0.0
  0
LWPOLYLINE
  5
818
330
17
100
AcDbEntity
  8
0
100
AcDbPolyline
 90
3
 70
0
 10
328213.2297188835
 20
2792896.577247934
 10
328214.50886528305
 20
2792907.650233163
 10
328213.4542538099
 20
2792915.052751351
  0
LINE
  5
819
330
17
100
AcDbEntity
  8
0
100
AcDbLine
 10
328262.6359349076
 20
2791995.219555323
 30
0.0
 11
328267.7081465557
 21
2792020.934008065
 31
0.0
  0
LWPOLYLINE
  5
81A
330
17
100
AcDbEntity
  8
0
100
AcDbPolyline
 90
3
 70
0
 10
328603.2123687143
 20
2791953.092287306
 10
328601.2423856949
 20
2791949.505771427
 10
328604.84203296655
 20
2791956.0627390174
  0
LWPOLYLINE
  5
81B
330
17
100
AcDbEntity
  8
0
100
AcDbPolyline
 90
4
 70
0
 10
328571.57341320335
 20
2791903.010049159
 10
328584.3211677164
 20
2791926.976716155
 10
328582.4219793383
 20
2791923.4114620658
 10
328589.166654186
 20
2791935.6338205645
  0
LINE
  5
81C
330
17
100
AcDbEntity
  8
0
100
AcDbLine
 10
328606.3921551475
 20
2791930.4748200676
 30
0.0
 11
328594.3849431346
 21
2791937.129742574
 31
0.0
  0
LINE
  5
81D
330
17
100
AcDbEntity
  8
0
100
AcDbLine
 10
328576.05154801375
 20
2791947.0996167446
 30
0.0
 11
328587.2382352341
 21
2791940.8981938832
 31
0.0
  0
LWPOLYLINE
  5
81E
330
17
100
AcDbEntity
  8
0
100
AcDbPolyline
 90
5
 70
0
 10
328627.27343540813
 20
2791988.027060136
 10
328629.03924985265
 20
2791991.405680339
 10
328631.1768652736
 20
2791995.49967002
 10
328633.5415902501
 20
2792000.022830561
 10
328635.6792031162
 20
2792004.11682084
  0
LINE
  5
81F
330
17
100
AcDbEntity
  8
0
100
AcDbLine
 10
328651.646933937
 20
2792011.8354877173
 30
0.0
 11
328642.7203275407
 21
2792017.476492911
 31
0.0
  0
LINE
  5
820
330
17
100
AcDbEntity
  8
0
100
AcDbLine
 10
328291.513198848
 20
2791692.530944881
 30
0.0
 11
328302.9329359493
 21
2791685.628416362
 31
0.0
  0
LINE
  5
821
330
17
100
AcDbEntity
  8
0
100
AcDbLine
 10
328676.69076407474
 20
2791841.0595434634
 30
0.0
 11
328681.61240759544
 21
2791852.551709712
 31
0.0
  0
LWPOLYLINE
  5
822
330
17
100
AcDbEntity
  8
0
100
AcDbPolyline
 90
4
 70
0
 10
328568.4129534374
 20
2791896.126260193
 10
328556.9733933192
 20
2791874.41404697
 10
328555.58985182195
 20
2791871.7839036607
 10
328552.70927981654
 20
2791866.314570856
  0
LINE
  5
823
330
17
100
AcDbEntity
  8
0
100
AcDbLine
 10
328231.26238965825
 20
2792257.4827546338
 30
0.0
 11
328235.4847112652
 21
2792267.0449834554
 31
0.0
  0
LINE
  5
824
330
17
100
AcDbEntity
  8
0
100
AcDbLine
 10
328231.26238965825
 20
2792257.4827546338
 30
0.0
 11
328220.955148229
 21
2792257.5249712737
 31
0.0
  0
LINE
  5
825
330
17
100
AcDbEntity
  8
0
100
AcDbLine
 10
328225.24723672244
 20
2792195.5879963147
 30
0.0
 11
328199.38109931414
 21
2792205.044751462
 31
0.0
  0
LINE
  5
826
330
17
100
AcDbEntity
  8
0
100
AcDbLine
 10
328244.21660391346
 20
2792169.878574603
 30
0.0
 11
328247.5883313271
 21
2792186.2535802512
 31
0.0
  0
LINE
  5
827
330
17
100
AcDbEntity
  8
0
100
AcDbLine
 10
327895.65280607925
 20
2792729.8437556024
 30
0.0
 11
327888.7284906516
 21
2792747.8784714523
 31
0.0
  0
LINE
  5
828
330
17
100
AcDbEntity
  8
0
100
AcDbLine
 10
327891.7959668505
 20
2792296.7255637078
 30
0.0
 11
327873.3314491945
 21
2792278.09431948
 31
0.0
  0
LWPOLYLINE
  5
829
330
17
100
AcDbEntity
  8
0
100
AcDbPolyline
 90
5
 70
0
 10
327825.48857081396
 20
2792434.738930369
 10
327821.57813536737
 20
2792437.0375576424
 10
327889.2760434525
 20
2792397.258690432
 10
327892.8064947289
 20
2792395.1864808514
 10
327902.927742766
 20
2792389.2417131057
  0
LWPOLYLINE
  5
82A
330
17
100
AcDbEntity
  8
0
100
AcDbPolyline
 90
4
 70
0
 10
328740.8835074088
 20
2791613.832821526
 10
328748.8743387767
 20
2791609.8654600806
 10
328757.64624977426
 20
2791605.5115663935
 10
328767.04881938593
 20
2791600.828435542
  0
LINE
  5
82B
330
17
100
AcDbEntity
  8
0
100
AcDbLine
 10
328740.8835074088
 20
2791613.832821526
 30
0.0
 11
328773.4041511328
 21
2791504.2134823143
 31
0.0
  0
LWPOLYLINE
  5
82C
330
17
100
AcDbEntity
  8
0
100
AcDbPolyline
 90
4
 70
0
 10
328788.39314617636
 20
2791530.9104251545
 10
328783.35230928985
 20
2791521.147914035
 10
328778.43544725806
 20
2791511.627554342
 10
328773.4041511328
 20
2791504.2134823143
  0
LINE
  5
82D
330
17
100
AcDbEntity
  8
0
100
AcDbLine
 10
328788.39314617636
 20
2791530.9104251545
 30
0.0
 11
328767.04881938593
 21
2791600.828435542
 31
0.0
  0
LINE
  5
82E
330
17
100
AcDbEntity
  8
0
100
AcDbLine
 10
328324.9850771517
 20
2791504.874953646
 30
0.0
 11
328299.5509778882
 21
2791521.4934797822
 31
0.0
  0
LINE
  5
82F
330
17
100
AcDbEntity
  8
0
100
AcDbLine
 10
327904.05062084226
 20
2791962.541114007
 30
0.0
 11
327905.2176342031
 21
2792013.109128817
 31
0.0
  0
LINE
  5
830
330
17
100
AcDbEntity
  8
0
100
AcDbLine
 10
327904.05062084226
 20
2791962.541114007
 30
0.0
 11
327896.5393669747
 21
2791948.722469802
 31
0.0
  0
LINE
  5
831
330
17
100
AcDbEntity
  8
0
100
AcDbLine
 10
327831.88714909373
 20
2791908.8990376154
 30
0.0
 11
327822.76518082514
 21
2791894.414072829
 31
0.0
  0
LWPOLYLINE
  5
832
330
17
100
AcDbEntity
  8
0
100
AcDbPolyline
 90
3
 70
0
 10
327831.88714909373
 20
2791908.8990376154
 10
327871.1527654234
 20
2791934.111978027
 10
327896.5393669747
 20
2791948.722469802
  0
LWPOLYLINE
  5
833
330
17
100
AcDbEntity
  8
0
100
AcDbPolyline
 90
3
 70
0
 10
327831.88714909373
 20
2791908.8990376154
 10
327821.90969762066
 20
2791915.085721841
 10
327781.1337068494
 20
2791941.4388168138
  0
LINE
  5
834
330
17
100
AcDbEntity
  8
0
100
AcDbLine
 10
327871.1527654234
 20
2791934.111978027
 30
0.0
 11
327897.1405237543
 21
2791919.1361523643
 31
0.0
  0
LINE
  5
835
330
17
100
AcDbEntity
  8
0
100
AcDbLine
 10
328267.7081465557
 20
2792020.934008065
 30
0.0
 11
328249.8479288238
 21
2792029.2587806853
 31
0.0
  0
LINE
  5
836
330
17
100
AcDbEntity
  8
0
100
AcDbLine
 10
328714.3156534165
 20
2792159.4999070894
 30
0.0
 11
328707.9736287051
 21
2792148.0257132533
 31
0.0
  0
LINE
  5
837
330
17
100
AcDbEntity
  8
0
100
AcDbLine
 10
328409.4268537782
 20
2793247.3359724795
 30
0.0
 11
328387.44957929093
 21
2793236.7692843047
 31
0.0
  0
LINE
  5
838
330
17
100
AcDbEntity
  8
0
100
AcDbLine
 10
328409.4268537782
 20
2793247.3359724795
 30
0.0
 11
328378.841615254
 21
2793296.0357983606
 31
0.0
  0
LINE
  5
839
330
17
100
AcDbEntity
  8
0
100
AcDbLine
 10
328387.44957929093
 20
2793236.7692843047
 30
0.0
 11
328375.19576631323
 21
2793243.7378174574
 31
0.0
  0
LINE
  5
83A
330
17
100
AcDbEntity
  8
0
100
AcDbLine
 10
328230.3460207458
 20
2793296.3144312156
 30
0.0
 11
328282.3134786207
 21
2793235.9433480436
 31
0.0
  0
LINE
  5
83B
330
17
100
AcDbEntity
  8
0
100
AcDbLine
 10
329327.9610585342
 20
2793923.0332135577
 30
0.0
 11
329249.6056109178
 21
2793965.775773254
 31
0.0
  0
LINE
  5
83C
330
17
100
AcDbEntity
  8
0
100
AcDbLine
 10
328340.9789710166
 20
2792005.5806843378
 30
0.0
 11
328335.4472598282
 21
2791993.6753928047
 31
0.0
  0
LINE
  5
83D
330
17
100
AcDbEntity
  8
0
100
AcDbLine
 10
328309.1581812452
 20
2791994.4520131378
 30
0.0
 11
328296.8768750201
 21
2792005.6970382207
 31
0.0
  0
LINE
  5
83E
330
17
100
AcDbEntity
  8
0
100
AcDbLine
 10
328372.35602725093
 20
2791974.5738545284
 30
0.0
 11
328373.71428861073
 21
2791963.2901733518
 31
0.0
  0
LINE
  5
83F
330
17
100
AcDbEntity
  8
0
100
AcDbLine
 10
328040.3045808772
 20
2793486.360063205
 30
0.0
 11
328096.35798527487
 21
2793453.498667079
 31
0.0
  0
LINE
  5
840
330
17
100
AcDbEntity
  8
0
100
AcDbLine
 10
330122.5728246885
 20
2792028.763241813
 30
0.0
 11
330113.57684500364
 21
2792036.143357953
 31
0.0
  0
LINE
  5
841
330
17
100
AcDbEntity
  8
0
100
AcDbLine
 10
330122.5728246885
 20
2792028.763241813
 30
0.0
 11
330129.16014498495
 21
2792037.3989621005
 31
0.0
  0
LINE
  5
842
330
17
100
AcDbEntity
  8
0
100
AcDbLine
 10
330142.10679214564
 20
2792053.3660651576
 30
0.0
 11
330134.2765069917
 21
2792066.1154589504
 31
0.0
  0
LINE
  5
843
330
17
100
AcDbEntity
  8
0
100
AcDbLine
 10
330212.0794234467
 20
2792106.7259879443
 30
0.0
 11
330214.17861558474
 21
2792058.809349321
 31
0.0
  0
LWPOLYLINE
  5
844
330
17
100
AcDbEntity
  8
0
100
AcDbPolyline
 90
3
 70
0
 10
328503.7839355512
 20
2792211.00981608
 10
328502.2730654746
 20
2792218.2075883267
 10
328504.5011954546
 20
2792207.9763982
  0
LINE
  5
845
330
17
100
AcDbEntity
  8
0
100
AcDbLine
 10
328264.68386930565
 20
2792082.7551458827
 30
0.0
 11
328260.26771825063
 21
2792070.625239997
 31
0.0
  0
LINE
  5
846
330
17
100
AcDbEntity
  8
0
100
AcDbLine
 10
328380.1365269196
 20
2791979.471420811
 30
0.0
 11
328371.8791922381
 21
2791989.4135151524
 31
0.0
  0
LWPOLYLINE
  5
847
330
17
100
AcDbEntity
  8
0
100
AcDbPolyline
 90
4
 70
0
 10
328680.46124889207
 20
2792040.20730723
 10
328675.30821435875
 20
2792033.5148949167
 10
328684.423175584
 20
2792044.344677873
 10
328716.5705843833
 20
2792065.396053346
  0
LWPOLYLINE
  5
848
330
17
100
AcDbEntity
  8
0
100
AcDbPolyline
 90
4
 70
0
 10
328684.423175584
 20
2792044.344677873
 10
328685.510083591
 20
2792043.444669645
 10
328692.90507596993
 20
2792037.8009241954
 10
328699.2682840808
 20
2792032.6355242054
  0
LINE
  5
849
330
17
100
AcDbEntity
  8
0
100
AcDbLine
 10
328675.30821435875
 20
2792033.5148949167
 30
0.0
 11
328659.49492969655
 21
2791993.4240039526
 31
0.0
  0
LWPOLYLINE
  5
84A
330
17
100
AcDbEntity
  8
0
100
AcDbPolyline
 90
3
 70
0
 10
328736.6029364418
 20
2792071.047151724
 10
328736.90177156846
 20
2792069.182247604
 10
328738.05660265265
 20
2792058.5215706667
  0
LINE
  5
84B
330
17
100
AcDbEntity
  8
0
100
AcDbLine
 10
328693.2535144466
 20
2791861.543795711
 30
0.0
 11
328681.61240759544
 21
2791852.551709712
 31
0.0
  0
LWPOLYLINE
  5
84C
330
17
100
AcDbEntity
  8
0
100
AcDbPolyline
 90
3
 70
0
 10
328681.61240759544
 20
2791852.551709712
 10
328681.0143786054
 20
2791858.6411614395
 10
328682.39539746917
 20
2791873.0141430227
  0
LWPOLYLINE
  5
84D
330
17
100
AcDbEntity
  8
0
100
AcDbPolyline
 90
3
 70
0
 10
328706.15867075545
 20
2792103.3485092414
 10
328715.156121326
 20
2792100.919298349
 10
328724.53344286693
 20
2792097.4550216245
  0
LWPOLYLINE
  5
84E
330
17
100
AcDbEntity
  8
0
100
AcDbPolyline
 90
3
 70
0
 10
328763.9190120398
 20
2792143.4846468884
 10
328768.2622854772
 20
2792139.541272683
 10
328759.4772046731
 20
2792146.011271694
  0
LINE
  5
84F
330
17
100
AcDbEntity
  8
0
100
AcDbLine
 10
328755.79567818216
 20
2792171.1940874085
 30
0.0
 11
328764.3383300357
 21
2792181.3997052843
 31
0.0
  0
LWPOLYLINE
  5
850
330
17
100
AcDbEntity
  8
0
100
AcDbPolyline
 90
5
 70
0
 10
328535.2679135987
 20
2791855.235850216
 10
328541.9229716194
 20
2791867.536871671
 10
328536.8154621995
 20
2791858.085476294
 10
328546.7107224049
 20
2791876.4051792757
 10
328548.2171258465
 20
2791879.188858946
  0
LINE
  5
851
330
17
100
AcDbEntity
  8
0
100
AcDbLine
 10
328806.3506591966
 20
2792163.4976759837
 30
0.0
 11
328795.3937020735
 21
2792170.3274711734
 31
0.0
  0
LWPOLYLINE
  5
852
330
17
100
AcDbEntity
  8
0
100
AcDbPolyline
 90
3
 70
0
 10
328683.35204028105
 20
2792122.104425498
 10
328681.3966499991
 20
2792102.9529680084
 10
328679.0673569457
 20
2792093.266952076
  0
LINE
  5
853
330
17
100
AcDbEntity
  8
0
100
AcDbLine
 10
329986.8527150428
 20
2792886.35720137
 30
0.0
 11
329932.86437661096
 21
2792783.444939917
 31
0.0
  0
LINE
  5
854
330
17
100
AcDbEntity
  8
0
100
AcDbLine
 10
330031.28562579677
 20
2792887.172549256
 30
0.0
 11
330006.86335434817
 21
2792839.112658197
 31
0.0
  0
LINE
  5
855
330
17
100
AcDbEntity
  8
0
100
AcDbLine
 10
329987.0870423307
 20
2792839.261471555
 30
0.0
 11
330006.86335434817
 21
2792839.112658197
 31
0.0
  0
LWPOLYLINE
  5
856
330
17
100
AcDbEntity
  8
0
100
AcDbPolyline
 90
6
 70
0
 10
329987.0870423307
 20
2792839.261471555
 10
330015.8475672088
 20
2792805.987190599
 10
330029.3498813521
 20
2792790.840026503
 10
330030.4641066794
 20
2792789.707145196
 10
330033.8666707752
 20
2792786.263437336
 10
330052.54138738033
 20
2792761.778995748
  0
LINE
  5
857
330
17
100
AcDbEntity
  8
0
100
AcDbLine
 10
329901.0446824322
 20
2792331.339899898
 30
0.0
 11
329858.50485212135
 21
2792332.9825321077
 31
0.0
  0
LINE
  5
858
330
17
100
AcDbEntity
  8
0
100
AcDbLine
 10
329858.50485212135
 20
2792332.9825321077
 30
0.0
 11
329905.4872513929
 21
2792370.5446489737
 31
0.0
  0
LINE
  5
859
330
17
100
AcDbEntity
  8
0
100
AcDbLine
 10
329858.50485212135
 20
2792332.9825321077
 30
0.0
 11
329885.6936670975
 21
2792290.8321403353
 31
0.0
  0
LINE
  5
85A
330
17
100
AcDbEntity
  8
0
100
AcDbLine
 10
329900.09897031495
 20
2792299.391626135
 30
0.0
 11
329885.6936670975
 21
2792290.8321403353
 31
0.0
  0
LWPOLYLINE
  5
85B
330
17
100
AcDbEntity
  8
0
100
AcDbPolyline
 90
5
 70
0
 10
329885.6936670975
 20
2792290.8321403353
 10
329885.2273125214
 20
2792276.979367429
 10
329885.1301051467
 20
2792274.0559853227
 10
329882.6126676444
 20
2792262.156578343
 10
329881.62636249734
 20
2792241.4087199164
  0
LINE
  5
85C
330
17
100
AcDbEntity
  8
0
100
AcDbLine
 10
329882.6126676444
 20
2792262.156578343
 30
0.0
 11
329852.9856823934
 21
2792263.4596320656
 31
0.0
  0
LINE
  5
85D
330
17
100
AcDbEntity
  8
0
100
AcDbLine
 10
329885.1301051467
 20
2792274.0559853227
 30
0.0
 11
329897.7665568205
 21
2792273.3543053255
 31
0.0
  0
LWPOLYLINE
  5
85E
330
17
100
AcDbEntity
  8
0
100
AcDbPolyline
 90
3
 70
0
 10
330145.11788640247
 20
2792425.6941227624
 10
330147.65790134936
 20
2792398.476744095
 10
330140.69915170653
 20
2792476.6199257616
  0
LINE
  5
85F
330
17
100
AcDbEntity
  8
0
100
AcDbLine
 10
330147.65790134936
 20
2792398.476744095
 30
0.0
 11
330108.25969637546
 21
2792232.2137187556
 31
0.0
  0
LINE
  5
860
330
17
100
AcDbEntity
  8
0
100
AcDbLine
 10
330132.61826792656
 20
2792300.037815187
 30
0.0
 11
330083.9674079367
 21
2792322.9487289353
 31
0.0
  0
LINE
  5
861
330
17
100
AcDbEntity
  8
0
100
AcDbLine
 10
330083.9674079367
 20
2792322.9487289353
 30
0.0
 11
330060.32633564615
 21
2792322.7027929532
 31
0.0
  0
LINE
  5
862
330
17
100
AcDbEntity
  8
0
100
AcDbLine
 10
330083.9674079367
 20
2792322.9487289353
 30
0.0
 11
330083.2185995185
 21
2792307.448882324
 31
0.0
  0
LINE
  5
863
330
17
100
AcDbEntity
  8
0
100
AcDbLine
 10
330080.02115145186
 20
2792357.727926488
 30
0.0
 11
330063.5987903362
 21
2792387.5125238583
 31
0.0
  0
LWPOLYLINE
  5
864
330
17
100
AcDbEntity
  8
0
100
AcDbPolyline
 90
3
 70
0
 10
330080.02115145186
 20
2792357.727926488
 10
330090.35870190844
 20
2792361.7191435113
 10
330127.7755282636
 20
2792379.7939809896
  0
LWPOLYLINE
  5
865
330
17
100
AcDbEntity
  8
0
100
AcDbPolyline
 90
4
 70
0
 10
330073.77635309566
 20
2792764.6473482912
 10
330076.86473015073
 20
2792745.011501358
 10
330072.1531486362
 20
2792774.9924719394
 10
330069.2532206774
 20
2792791.1806831993
  0
LINE
  5
866
330
17
100
AcDbEntity
  8
0
100
AcDbLine
 10
330073.77635309566
 20
2792764.6473482912
 30
0.0
 11
330052.54138738033
 21
2792761.778995748
 31
0.0
  0
LWPOLYLINE
  5
867
330
17
100
AcDbEntity
  8
0
100
AcDbPolyline
 90
3
 70
0
 10
330072.1531486362
 20
2792774.9924719394
 10
330079.91004997084
 20
2792777.2989791264
 10
330118.59391265514
 20
2792788.84392088
  0
LINE
  5
868
330
17
100
AcDbEntity
  8
0
100
AcDbLine
 10
330052.54138738033
 20
2792761.778995748
 30
0.0
 11
330052.3384988301
 21
2792740.013189134
 31
0.0
  0
LINE
  5
869
330
17
100
AcDbEntity
  8
0
100
AcDbLine
 10
330164.4055631963
 20
2792812.7844348922
 30
0.0
 11
330113.3920126815
 21
2792799.84326865
 31
0.0
  0
LWPOLYLINE
  5
86A
330
17
100
AcDbEntity
  8
0
100
AcDbPolyline
 90
3
 70
0
 10
330069.2532206774
 20
2792791.1806831993
 10
330030.4641066794
 20
2792789.707145196
 10
330076.37807477696
 20
2792792.099293443
  0
LINE
  5
86B
330
17
100
AcDbEntity
  8
0
100
AcDbLine
 10
330076.37807477696
 20
2792792.099293443
 30
0.0
 11
330080.7584310899
 21
2792801.5270802034
 31
0.0
  0
LWPOLYLINE
  5
86C
330
17
100
AcDbEntity
  8
0
100
AcDbPolyline
 90
3
 70
0
 10
330080.7584310899
 20
2792801.5270802034
 10
330099.3671378393
 20
2792807.8848032136
 10
330109.47201243043
 20
2792811.025925895
  0
LINE
  5
86D
330
17
100
AcDbEntity
  8
0
100
AcDbLine
 10
330080.7584310899
 20
2792801.5270802034
 30
0.0
 11
330069.1690408479
 21
2792810.147350434
 31
0.0
  0
LWPOLYLINE
  5
86E
330
17
100
AcDbEntity
  8
0
100
AcDbPolyline
 90
3
 70
0
 10
330118.59391265514
 20
2792788.84392088
 10
330113.3920126815
 20
2792799.84326865
 10
330109.47201243043
 20
2792811.025925895
  0
LINE
  5
86F
330
17
100
AcDbEntity
  8
0
100
AcDbLine
 10
330118.59391265514
 20
2792788.84392088
 30
0.0
 11
330128.8044077168
 21
2792786.754897594
 31
0.0
  0
LINE
  5
870
330
17
100
AcDbEntity
  8
0
100
AcDbLine
 10
330017.0216547712
 20
2792747.070469211
 30
0.0
 11
330030.8623299338
 21
2792713.939394906
 31
0.0
  0
LINE
  5
871
330
17
100
AcDbEntity
  8
0
100
AcDbLine
 10
330017.0216547712
 20
2792747.070469211
 30
0.0
 11
330033.8666707752
 21
2792786.263437336
 31
0.0
  0
LWPOLYLINE
  5
872
330
17
100
AcDbEntity
  8
0
100
AcDbPolyline
 90
3
 70
0
 10
330029.3498813521
 20
2792790.840026503
 10
330029.8419670544
 20
2792805.146678674
 10
330030.4936567724
 20
2792824.137339132
  0
LINE
  5
873
330
17
100
AcDbEntity
  8
0
100
AcDbLine
 10
330029.8419670544
 20
2792805.146678674
 30
0.0
 11
330099.3671378393
 21
2792807.8848032136
 31
0.0
  0
LINE
  5
874
330
17
100
AcDbEntity
  8
0
100
AcDbLine
 10
330015.8475672088
 20
2792805.987190599
 30
0.0
 11
330006.86335434817
 21
2792839.112658197
 31
0.0
  0
LINE
  5
875
330
17
100
AcDbEntity
  8
0
100
AcDbLine
 10
330154.8062189547
 20
2792860.341109048
 30
0.0
 11
330102.7938703237
 21
2792848.8859129283
 31
0.0
  0
LWPOLYLINE
  5
876
330
17
100
AcDbEntity
  8
0
100
AcDbPolyline
 90
3
 70
0
 10
330109.47201243043
 20
2792811.025925895
 10
330102.7938703237
 20
2792848.8859129283
 10
330101.5449495814
 20
2792876.197893619
  0
LINE
  5
877
330
17
100
AcDbEntity
  8
0
100
AcDbLine
 10
330128.8044077168
 20
2792786.754897594
 30
0.0
 11
330144.2049221911
 21
2792777.5329309683
 31
0.0
  0
LINE
  5
878
330
17
100
AcDbEntity
  8
0
100
AcDbLine
 10
330149.84533426864
 20
2792884.919094448
 30
0.0
 11
330057.72652846936
 21
2792883.3950983565
 31
0.0
  0
LINE
  5
879
330
17
100
AcDbEntity
  8
0
100
AcDbLine
 10
330144.2049221911
 20
2792777.5329309683
 30
0.0
 11
330119.6353730277
 21
2792756.2392498422
 31
0.0
  0
LINE
  5
87A
330
17
100
AcDbEntity
  8
0
100
AcDbLine
 10
330063.5987903362
 20
2792387.5125238583
 30
0.0
 11
330088.0012339924
 21
2792400.2559999228
 31
0.0
  0
LINE
  5
87B
330
17
100
AcDbEntity
  8
0
100
AcDbLine
 10
330127.7755282636
 20
2792379.7939809896
 30
0.0
 11
330127.31242890033
 21
2792399.086652092
 31
0.0
  0
LINE
  5
87C
330
17
100
AcDbEntity
  8
0
100
AcDbLine
 10
328883.0156765565
 20
2792035.705923458
 30
0.0
 11
328897.7383765008
 21
2792023.8656105725
 31
0.0
  0
LINE
  5
87D
330
17
100
AcDbEntity
  8
0
100
AcDbLine
 10
328798.6484524469
 20
2791840.5908402093
 30
0.0
 11
328732.17853235954
 21
2791813.791956454
 31
0.0
  0
LINE
  5
87E
330
17
100
AcDbEntity
  8
0
100
AcDbLine
 10
328798.6484524469
 20
2791840.5908402093
 30
0.0
 11
328791.75668880594
 21
2791850.183032434
 31
0.0
  0
LINE
  5
87F
330
17
100
AcDbEntity
  8
0
100
AcDbLine
 10
328690.8170247538
 20
2791935.7314952747
 30
0.0
 11
328705.1567302556
 21
2791924.6823642226
 31
0.0
  0
LINE
  5
880
330
17
100
AcDbEntity
  8
0
100
AcDbLine
 10
328678.4197594945
 20
2791961.7225803137
 30
0.0
 11
328663.60164105246
 21
2791980.3441513367
 31
0.0
  0
LWPOLYLINE
  5
881
330
17
100
AcDbEntity
  8
0
100
AcDbPolyline
 90
3
 70
0
 10
328678.4197594945
 20
2791961.7225803137
 10
328688.5371263174
 20
2791959.4010404064
 10
328697.5277419406
 20
2791959.608501197
  0
LINE
  5
882
330
17
100
AcDbEntity
  8
0
100
AcDbLine
 10
328659.01671957015
 20
2791980.324652324
 30
0.0
 11
328659.49492969655
 21
2791993.4240039526
 31
0.0
  0
LINE
  5
883
330
17
100
AcDbEntity
  8
0
100
AcDbLine
 10
328759.50819012267
 20
2791907.177980678
 30
0.0
 11
328773.5390209346
 21
2791910.7337776213
 31
0.0
  0
LWPOLYLINE
  5
884
330
17
100
AcDbEntity
  8
0
100
AcDbPolyline
 90
4
 70
0
 10
328815.1301461309
 20
2792025.9516487434
 10
328818.1584227075
 20
2792027.9738702285
 10
328828.8686237233
 20
2792035.083477678
 10
328830.15076531377
 20
2792036.075367926
  0
LINE
  5
885
330
17
100
AcDbEntity
  8
0
100
AcDbLine
 10
328815.1301461309
 20
2792025.9516487434
 30
0.0
 11
328799.0981295678
 21
2792031.46086649
 31
0.0
  0
LINE
  5
886
330
17
100
AcDbEntity
  8
0
100
AcDbLine
 10
328815.1301461309
 20
2792025.9516487434
 30
0.0
 11
328820.4895119858
 21
2792016.3012976637
 31
0.0
  0
LWPOLYLINE
  5
887
330
17
100
AcDbEntity
  8
0
100
AcDbPolyline
 90
3
 70
0
 10
328799.0981295678
 20
2792031.46086649
 10
328784.38503116573
 20
2792043.2568593454
 10
328770.75947468996
 20
2792049.42250968
  0
LINE
  5
888
330
17
100
AcDbEntity
  8
0
100
AcDbLine
 10
328820.4895119858
 20
2792016.3012976637
 30
0.0
 11
328814.29488001857
 21
2791997.3585519586
 31
0.0
  0
LINE
  5
889
330
17
100
AcDbEntity
  8
0
100
AcDbLine
 10
328784.38503116573
 20
2792043.2568593454
 30
0.0
 11
328767.66635425924
 21
2792023.9598463164
 31
0.0
  0
LINE
  5
88A
330
17
100
AcDbEntity
  8
0
100
AcDbLine
 10
328816.97696778306
 20
2791989.536719243
 30
0.0
 11
328798.78147649555
 21
2791976.1629773155
 31
0.0
  0
LWPOLYLINE
  5
88B
330
17
100
AcDbEntity
  8
0
100
AcDbPolyline
 90
3
 70
0
 10
328816.97696778306
 20
2791989.536719243
 10
328827.4724504154
 20
2791990.0243383
 10
328847.8457358079
 20
2791987.573201035
  0
LINE
  5
88C
330
17
100
AcDbEntity
  8
0
100
AcDbLine
 10
328816.97696778306
 20
2791989.536719243
 30
0.0
 11
328815.5345846315
 21
2791961.538442691
 31
0.0
  0
LWPOLYLINE
  5
88D
330
17
100
AcDbEntity
  8
0
100
AcDbPolyline
 90
3
 70
0
 10
328813.1371581448
 20
2791956.0186388134
 10
328787.65276907675
 20
2791919.2515299227
 10
328815.5345846315
 20
2791961.538442691
  0
LINE
  5
88E
330
17
100
AcDbEntity
  8
0
100
AcDbLine
 10
328813.1371581448
 20
2791956.0186388134
 30
0.0
 11
328816.9663712288
 21
2791931.343581785
 31
0.0
  0
LINE
  5
88F
330
17
100
AcDbEntity
  8
0
100
AcDbLine
 10
328815.5345846315
 20
2791961.538442691
 30
0.0
 11
328798.78147649555
 21
2791976.1629773155
 31
0.0
  0
LWPOLYLINE
  5
890
330
17
100
AcDbEntity
  8
0
100
AcDbPolyline
 90
3
 70
0
 10
328815.5345846315
 20
2791961.538442691
 10
328823.8719731805
 20
2791958.696693682
 10
328845.0281832407
 20
2791956.0030126465
  0
LINE
  5
891
330
17
100
AcDbEntity
  8
0
100
AcDbLine
 10
328787.65276907675
 20
2791919.2515299227
 30
0.0
 11
328773.5390209346
 21
2791910.7337776213
 31
0.0
  0
LINE
  5
892
330
17
100
AcDbEntity
  8
0
100
AcDbLine
 10
328787.65276907675
 20
2791919.2515299227
 30
0.0
 11
328808.762807271
 21
2791921.6653854325
 31
0.0
  0
LINE
  5
893
330
17
100
AcDbEntity
  8
0
100
AcDbLine
 10
328816.9663712288
 20
2791931.343581785
 30
0.0
 11
328808.762807271
 21
2791921.6653854325
 31
0.0
  0
LINE
  5
894
330
17
100
AcDbEntity
  8
0
100
AcDbLine
 10
328773.5390209346
 20
2791910.7337776213
 30
0.0
 11
328760.1833167659
 21
2791934.255405061
 31
0.0
  0
LINE
  5
895
330
17
100
AcDbEntity
  8
0
100
AcDbLine
 10
328751.2080559912
 20
2792051.5199489817
 30
0.0
 11
328715.4931706448
 21
2792042.367222511
 31
0.0
  0
LINE
  5
896
330
17
100
AcDbEntity
  8
0
100
AcDbLine
 10
328751.2080559912
 20
2792051.5199489817
 30
0.0
 11
328738.05660265265
 21
2792058.5215706667
 31
0.0
  0
LINE
  5
897
330
17
100
AcDbEntity
  8
0
100
AcDbLine
 10
328751.2080559912
 20
2792051.5199489817
 30
0.0
 11
328770.75947468996
 21
2792049.42250968
 31
0.0
  0
LINE
  5
898
330
17
100
AcDbEntity
  8
0
100
AcDbLine
 10
328715.4931706448
 20
2792042.367222511
 30
0.0
 11
328726.31230592646
 21
2792056.4878161047
 31
0.0
  0
LINE
  5
899
330
17
100
AcDbEntity
  8
0
100
AcDbLine
 10
328699.2682840808
 20
2792032.6355242054
 30
0.0
 11
328690.43735833076
 21
2792021.1596057955
 31
0.0
  0
LINE
  5
89A
330
17
100
AcDbEntity
  8
0
100
AcDbLine
 10
328699.2682840808
 20
2792032.6355242054
 30
0.0
 11
328710.7178162071
 21
2792012.9709717985
 31
0.0
  0
LINE
  5
89B
330
17
100
AcDbEntity
  8
0
100
AcDbLine
 10
328770.75947468996
 20
2792049.42250968
 30
0.0
 11
328767.66635425924
 21
2792023.9598463164
 31
0.0
  0
LINE
  5
89C
330
17
100
AcDbEntity
  8
0
100
AcDbLine
 10
328767.66635425924
 20
2792023.9598463164
 30
0.0
 11
328754.0461249534
 21
2791991.5293215835
 31
0.0
  0
LINE
  5
89D
330
17
100
AcDbEntity
  8
0
100
AcDbLine
 10
328690.43735833076
 20
2792021.1596057955
 30
0.0
 11
328686.52228912653
 21
2792011.17239765
 31
0.0
  0
LINE
  5
89E
330
17
100
AcDbEntity
  8
0
100
AcDbLine
 10
328695.947040029
 20
2792016.2265715245
 30
0.0
 11
328710.7178162071
 21
2792012.9709717985
 31
0.0
  0
LINE
  5
89F
330
17
100
AcDbEntity
  8
0
100
AcDbLine
 10
328686.52228912653
 20
2792011.17239765
 30
0.0
 11
328664.0767616455
 21
2791993.1998234787
 31
0.0
  0
LINE
  5
8A0
330
17
100
AcDbEntity
  8
0
100
AcDbLine
 10
328710.7178162071
 20
2792012.9709717985
 30
0.0
 11
328739.8498485544
 21
2791988.429846008
 31
0.0
  0
LINE
  5
8A1
330
17
100
AcDbEntity
  8
0
100
AcDbLine
 10
328739.8498485544
 20
2791988.429846008
 30
0.0
 11
328754.0461249534
 21
2791991.5293215835
 31
0.0
  0
LINE
  5
8A2
330
17
100
AcDbEntity
  8
0
100
AcDbLine
 10
328739.188656745
 20
2791973.604627948
 30
0.0
 11
328752.29057473363
 21
2791969.0519021787
 31
0.0
  0
LINE
  5
8A3
330
17
100
AcDbEntity
  8
0
100
AcDbLine
 10
328752.29057473363
 20
2791969.0519021787
 30
0.0
 11
328761.0386201469
 21
2791979.5540342336
 31
0.0
  0
LINE
  5
8A4
330
17
100
AcDbEntity
  8
0
100
AcDbLine
 10
328754.0461249534
 20
2791991.5293215835
 30
0.0
 11
328761.0386201469
 21
2791979.5540342336
 31
0.0
  0
LINE
  5
8A5
330
17
100
AcDbEntity
  8
0
100
AcDbLine
 10
328761.0386201469
 20
2791979.5540342336
 30
0.0
 11
328798.78147649555
 21
2791976.1629773155
 31
0.0
  0
LINE
  5
8A6
330
17
100
AcDbEntity
  8
0
100
AcDbLine
 10
328729.36779031897
 20
2791981.8380872915
 30
0.0
 11
328723.94590243767
 21
2791990.5254734345
 31
0.0
  0
LINE
  5
8A7
330
17
100
AcDbEntity
  8
0
100
AcDbLine
 10
328723.31600132555
 20
2791974.1932362188
 30
0.0
 11
328710.19865575916
 21
2791976.729970548
 31
0.0
  0
LINE
  5
8A8
330
17
100
AcDbEntity
  8
0
100
AcDbLine
 10
328381.7126373257
 20
2792379.438406057
 30
0.0
 11
328367.15953469207
 21
2792378.3711660663
 31
0.0
  0
LINE
  5
8A9
330
17
100
AcDbEntity
  8
0
100
AcDbLine
 10
328820.82169315655
 20
2792109.475024963
 30
0.0
 11
328796.30364459165
 21
2792119.600389061
 31
0.0
  0
LINE
  5
8AA
330
17
100
AcDbEntity
  8
0
100
AcDbLine
 10
327866.83739231015
 20
2792760.0216974174
 30
0.0
 11
327888.7284906516
 21
2792747.8784714523
 31
0.0
  0
LINE
  5
8AB
330
17
100
AcDbEntity
  8
0
100
AcDbLine
 10
327966.447970018
 20
2792849.750719053
 30
0.0
 11
327937.57127500576
 21
2792828.360441543
 31
0.0
  0
LINE
  5
8AC
330
17
100
AcDbEntity
  8
0
100
AcDbLine
 10
327821.1933294436
 20
2792892.133649387
 30
0.0
 11
327822.3311073989
 21
2792919.781365711
 31
0.0
  0
LWPOLYLINE
  5
8AD
330
17
100
AcDbEntity
  8
0
100
AcDbPolyline
 90
3
 70
0
 10
327888.7284906516
 20
2792747.8784714523
 10
327892.9219819908
 20
2792755.9564982415
 10
327900.5342353355
 20
2792770.6157795154
  0
LINE
  5
8AE
330
17
100
AcDbEntity
  8
0
100
AcDbLine
 10
327798.33742530795
 20
2792825.2908333912
 30
0.0
 11
327797.82323495543
 21
2792842.679031914
 31
0.0
  0
LINE
  5
8AF
330
17
100
AcDbEntity
  8
0
100
AcDbLine
 10
327798.33742530795
 20
2792825.2908333912
 30
0.0
 11
327813.8982890764
 21
2792832.736711415
 31
0.0
  0
LINE
  5
8B0
330
17
100
AcDbEntity
  8
0
100
AcDbLine
 10
327772.5074106958
 20
2792839.8440167685
 30
0.0
 11
327822.3311073989
 21
2792919.781365711
 31
0.0
  0
LINE
  5
8B1
330
17
100
AcDbEntity
  8
0
100
AcDbLine
 10
327900.5342353355
 20
2792770.6157795154
 30
0.0
 11
327880.24874489265
 21
2792784.6218497534
 31
0.0
  0
LINE
  5
8B2
330
17
100
AcDbEntity
  8
0
100
AcDbLine
 10
327880.24874489265
 20
2792784.6218497534
 30
0.0
 11
327874.92187094246
 21
2792797.540296566
 31
0.0
  0
LINE
  5
8B3
330
17
100
AcDbEntity
  8
0
100
AcDbLine
 10
328464.53789373557
 20
2794078.927044355
 30
0.0
 11
328426.8388508386
 21
2794101.1849986254
 31
0.0
  0
LINE
  5
8B4
330
17
100
AcDbEntity
  8
0
100
AcDbLine
 10
328464.53789373557
 20
2794078.927044355
 30
0.0
 11
328417.80850272265
 21
2794086.621030527
 31
0.0
  0
LINE
  5
8B5
330
17
100
AcDbEntity
  8
0
100
AcDbLine
 10
328426.8388508386
 20
2794101.1849986254
 30
0.0
 11
328417.80850272265
 21
2794086.621030527
 31
0.0
  0
LINE
  5
8B6
330
17
100
AcDbEntity
  8
0
100
AcDbLine
 10
328242.03932457184
 20
2794207.4443614664
 30
0.0
 11
328229.48563404905
 21
2794215.314242821
 31
0.0
  0
LINE
  5
8B7
330
17
100
AcDbEntity
  8
0
100
AcDbLine
 10
328242.03932457184
 20
2794207.4443614664
 30
0.0
 11
328283.6207052816
 21
2794246.59820094
 31
0.0
  0
LINE
  5
8B8
330
17
100
AcDbEntity
  8
0
100
AcDbLine
 10
328229.48563404905
 20
2794215.314242821
 30
0.0
 11
328259.2570027329
 21
2794270.9140349454
 31
0.0
  0
LINE
  5
8B9
330
17
100
AcDbEntity
  8
0
100
AcDbLine
 10
329098.07035128283
 20
2791983.8016695627
 30
0.0
 11
329058.8683053296
 21
2792031.2124909717
 31
0.0
  0
LINE
  5
8BA
330
17
100
AcDbEntity
  8
0
100
AcDbLine
 10
329098.07035128283
 20
2791983.8016695627
 30
0.0
 11
329111.81613448204
 21
2792007.8890985125
 31
0.0
  0
LWPOLYLINE
  5
8BB
330
17
100
AcDbEntity
  8
0
100
AcDbPolyline
 90
3
 70
0
 10
329007.9632072955
 20
2792253.6611922774
 10
329049.89889291103
 20
2792230.4877194953
 10
329083.1056562731
 20
2792211.047171538
  0
LINE
  5
8BC
330
17
100
AcDbEntity
  8
0
100
AcDbLine
 10
329199.1683847763
 20
2793563.4798750435
 30
0.0
 11
329209.5101313443
 21
2793607.739232163
 31
0.0
  0
ENDSEC
  0
SECTION
  2
OBJECTS
  0
DICTIONARY
  5
A
330
0
100
AcDbDictionary
281
1
  3
ACAD_COLOR
350
B
  3
ACAD_GROUP
350
C
  3
ACAD_LAYOUT
350
D
  3
ACAD_MATERIAL
350
E
  3
ACAD_MLEADERSTYLE
350
F
  3
ACAD_MLINESTYLE
350
10
  3
ACAD_PLOTSETTINGS
350
11
  3
ACAD_PLOTSTYLENAME
350
12
  3
ACAD_SCALELIST
350
14
  3
ACAD_TABLESTYLE
350
15
  3
ACAD_VISUALSTYLE
350
16
  3
EZDXF_META
350
2D
  0
DICTIONARY
  5
B
330
A
100
AcDbDictionary
281
1
  0
DICTIONARY
  5
C
330
A
100
AcDbDictionary
281
1
  0
DICTIONARY
  5
D
330
A
100
AcDbDictionary
281
1
  3
Model
350
1A
  3
Layout1
350
1E
  0
DICTIONARY
  5
E
330
A
100
AcDbDictionary
281
1
  3
ByBlock
350
1F
  3
ByLayer
350
20
  3
Global
350
21
  0
DICTIONARY
  5
F
330
A
100
AcDbDictionary
281
1
  3
Standard
350
2C
  0
DICTIONARY
  5
10
330
A
100
AcDbDictionary
281
1
  3
Standard
350
22
  0
DICTIONARY
  5
11
330
A
100
AcDbDictionary
281
1
  0
ACDBDICTIONARYWDFLT
  5
12
330
A
100
AcDbDictionary
281
1
  3
Normal
350
13
100
AcDbDictionaryWithDefault
340
13
  0
ACDBPLACEHOLDER
  5
13
330
12
  0
DICTIONARY
  5
14
330
A
100
AcDbDictionary
281
1
  0
DICTIONARY
  5
15
330
A
100
AcDbDictionary
281
1
  0
DICTIONARY
  5
16
330
A
100
AcDbDictionary
281
1
  0
LAYOUT
  5
1A
330
D
100
AcDbPlotSettings
  1

  4
A3
  6

 40
7.5
 41
20.0
 42
7.5
 43
20.0
 44
420.0
 45
297.0
 46
0.0
 47
0.0
 48
0.0
 49
0.0
140
0.0
141
0.0
142
1.0
143
1.0
 70
1024
 72
1
 73
0
 74
5
  7

 75
16
 76
0
 77
2
 78
300
147
1.0
148
0.0
149
0.0
100
AcDbLayout
  1
Model
 70
1
 71
0
 10
0.0
 20
0.0
 11
420.0
 21
297.0
 12
0.0
 22
0.0
 32
0.0
 14
1e+20
 24
1e+20
 34
1e+20
 15
-1e+20
 25
-1e+20
 35
-1e+20
146
0.0
 13
0.0
 23
0.0
 33
0.0
 16
1.0
 26
0.0
 36
0.0
 17
0.0
 27
1.0
 37
0.0
 76
1
330
17
  0
LAYOUT
  5
1E
330
D
100
AcDbPlotSettings
  1

  4
A3
  6

 40
7.5
 41
20.0
 42
7.5
 43
20.0
 44
420.0
 45
297.0
 46
0.0
 47
0.0
 48
0.0
 49
0.0
140
0.0
141
0.0
142
1.0
143
1.0
 70
0
 72
1
 73
0
 74
5
  7

 75
16
 76
0
 77
2
 78
300
147
1.0
148
0.0
149
0.0
100
AcDbLayout
  1
Layout1
 70
1
 71
1
 10
0.0
 20
0.0
 11
420.0
 21
297.0
 12
0.0
 22
0.0
 32
0.0
 14
1e+20
 24
1e+20
 34
1e+20
 15
-1e+20
 25
-1e+20
 35
-1e+20
146
0.0
 13
0.0
 23
0.0
 33
0.0
 16
1.0
 26
0.0
 36
0.0
 17
0.0
 27
1.0
 37
0.0
 76
1
330
1B
  0
MATERIAL
  5
1F
102
{ACAD_REACTORS
330
E
102
}
330
E
100
AcDbMaterial
  1
ByBlock
  2

 70
0
 40
1.0
 71
1
 41
1.0
 91
-1023410177
 42
1.0
 72
1
  3

 73
1
 74
1
 75
1
 44
0.5
 73
0
 45
1.0
 46
1.0
 77
1
  4

 78
1
 79
1
170
1
 48
1.0
171
1
  6

172
1
173
1
174
1
140
1.0
141
1.0
175
1
  7

176
1
177
1
178
1
143
1.0
179
1
  8

270
1
271
1
272
1
145
1.0
146
1.0
273
1
  9

274
1
275
1
276
1
 42
1.0
 72
1
  3

 73
1
 74
1
 75
1
 94
63
  0
MATERIAL
  5
20
102
{ACAD_REACTORS
330
E
102
}
330
E
100
AcDbMaterial
  1
ByLayer
  2

 70
0
 40
1.0
 71
1
 41
1.0
 91
-1023410177
 42
1.0
 72
1
  3

 73
1
 74
1
 75
1
 44
0.5
 73
0
 45
1.0
 46
1.0
 77
1
  4

 78
1
 79
1
170
1
 48
1.0
171
1
  6

172
1
173
1
174
1
140
1.0
141
1.0
175
1
  7

176
1
177
1
178
1
143
1.0
179
1
  8

270
1
271
1
272
1
145
1.0
146
1.0
273
1
  9

274
1
275
1
276
1
 42
1.0
 72
1
  3

 73
1
 74
1
 75
1
 94
63
  0
MATERIAL
  5
21
102
{ACAD_REACTORS
330
E
102
}
330
E
100
AcDbMaterial
  1
Global
  2

 70
0
 40
1.0
 71
1
 41
1.0
 91
-1023410177
 42
1.0
 72
1
  3

 73
1
 74
1
 75
1
 44
0.5
 73
0
 45
1.0
 46
1.0
 77
1
  4

 78
1
 79
1
170
1
 48
1.0
171
1
  6

172
1
173
1
174
1
140
1.0
141
1.0
175
1
  7

176
1
177
1
178
1
143
1.0
179
1
  8

270
1
271
1
272
1
145
1.0
146
1.0
273
1
  9

274
1
275
1
276
1
 42
1.0
 72
1
  3

 73
1
 74
1
 75
1
 94
63
  0
MLINESTYLE
  5
22
102
{ACAD_REACTORS
330
10
102
}
330
10
100
AcDbMlineStyle
  2
Standard
 70
0
  3

 62
256
 51
90.0
 52
90.0
 71
2
 49
0.5
 62
256
  6
BYLAYER
 49
-0.5
 62
256
  6
BYLAYER
  0
MLEADERSTYLE
  5
2C
102
{ACAD_REACTORS
330
F
102
}
330
F
100
AcDbMLeaderStyle
179
2
170
2
171
1
172
0
 90
2
 40
0.0
 41
0.0
173
1
 91
-1056964608
 92
-2
290
1
 42
2.0
291
1
 43
8.0
  3
Standard
 44
4.0
300

342
29
174
1
175
1
176
0
178
1
 93
-1056964608
 45
4.0
292
0
297
0
 46
4.0
 94
-1056964608
 47
1.0
 49
1.0
140
1.0
294
1
141
0.0
177
0
142
1.0
295
0
296
0
143
3.75
271
0
272
9
273
9
  0
DICTIONARY
  5
2D
330
A
100
AcDbDictionary
280
1
281
1
  3
CREATED_BY_EZDXF
350
2E
  3
WRITTEN_BY_EZDXF
350
8BF
  0
DICTIONARYVAR
  5
2E
330
2D
100
DictionaryVariables
280
0
  1
1.4.3 @ 2026-02-07T11:47:54.396357+00:00
  0
DICTIONARYVAR
  5
8BF
330
2D
100
DictionaryVariables
280
0
  1
1.4.3 @ 2026-02-07T11:47:54.450140+00:00
  0
ENDSEC
  0
EOF
