shade_06,shade_08,shade_10,shade_12,shade_14,shade_16,shade_18,shade_avg,length,mid_lat,mid_lon
1.0,0.0,0.0,0.0,0.0,0.0,0.0,0.14285714285714285,9.299,25.25206395,55.31004085
0.8594,0.0,0.0,0.0,0.0,0.0,0.0,0.12277142857142857,15.349,25.2520208,55.30997395
1.0,0.0,0.0,0.0,0.0,0.0,0.0,0.14285714285714285,20.896,25.252128710276853,55.309908885763846
1.0,0.0,0.0,0.0,0.0,0.0,0.0,0.14285714285714285,43.091,25.252263831212527,55.31008430609616
0.5996,0.0,0.0,0.0,0.0,1.0,0.7643,0.3377,94.805,25.230879005441707,55.29315204803602
1.0,0.0,0.0,0.0,0.0,0.0,0.0,0.14285714285714285,26.792,25.23031946473302,55.29030712896245
1.0,0.0,0.0,0.0,0.0,0.0,0.0,0.14285714285714285,18.707,25.23251575,55.2910183
1.0,0.0,0.0,0.0,0.0,0.0,0.1174,0.15962857142857143,39.204,25.232752584074056,55.29113156885865
0.5962,0.0643,0.0,0.0,0.0,0.0,0.3701,0.14722857142857143,554.647,25.23476986886712,55.29238383290421
1.0,1.0,0.0,0.0,0.0,0.0,0.0,0.2857142857142857,67.208,25.23283647226018,55.309676124374555
1.0,0.0,0.0,0.0,0.0,0.0,0.8335,0.2619285714285714,45.945,25.234338119073378,55.30471369287331
0.4942,0.0,0.0,0.0,0.0,0.0,0.188,0.09745714285714284,482.996,25.233584883979958,55.30495314512361
1.0,0.0,0.0,0.0,0.0,0.0,0.0,0.14285714285714285,112.293,25.234681932929508,55.30437207140664
1.0,0.2384,0.0,0.0,0.0,0.0,0.3848,0.23188571428571428,632.128,25.23936028110468,55.306861999679626
1.0,0.0,0.0,0.0,0.0,0.0,0.0,0.14285714285714285,220.577,25.234246173512265,55.305988479709434
1.0,0.0,0.0,0.0,0.0,0.0,0.0,0.14285714285714285,13.796,25.2347555,55.30496915
1.0,0.0,0.0,0.0,0.0,0.0,0.0,0.14285714285714285,143.822,25.23509805587008,55.30443265232561
1.0,0.0,0.0,0.0,0.0,0.0,0.0,0.14285714285714285,43.006,25.234931480499096,55.304936326323464
0.8715,0.0,0.0,0.0,0.0,0.0,0.6227,0.21345714285714287,75.688,25.25172525,55.3096388
0.5594,0.0,0.0,0.0,0.0,0.076,0.7461,0.19735714285714284,85.737,25.251781368436617,55.309545548178406
0.8736,0.0833,0.0404,0.0,0.0,0.0,0.3706,0.19541428571428573,144.103,25.25077948043477,55.309322338597426
1.0,0.0,0.0,0.0,0.0,0.0,0.6465,0.23521428571428574,350.49,25.236728945510237,55.30498759569947
1.0,0.0,0.0,0.0,0.0,0.412,0.5191,0.27587142857142855,174.592,25.23901787626329,55.30563400179125
1.0,0.0,0.0,0.0,0.0,0.0,0.4421,0.2060142857142857,126.6,25.238764936440404,55.305692994282666
1.0,0.0,0.0,0.0,0.0,0.0,0.0,0.14285714285714285,20.834,25.2524896,55.3100774
1.0,0.0,0.0,0.0,0.0,0.0,0.0,0.14285714285714285,11.804,25.2524906,55.31019205
1.0,0.0,0.0,0.0,0.0,0.0,0.0,0.14285714285714285,14.059,25.25240465,55.3102229
1.0,0.0,0.0,0.0,0.0,0.0,0.0,0.14285714285714285,11.516,25.25219225,55.309764
1.0,0.0,0.0,0.0,0.0,0.0,0.0,0.14285714285714285,14.747,25.252109,55.30978695
1.0,0.0,0.0,0.0,0.0,0.0,0.0,0.14285714285714285,44.287,25.25235334727666,55.30990164915798
1.0,1.0,0.0,0.0,0.0,0.0,0.0,0.2857142857142857,3.669,25.24004775,55.2952408
1.0,1.0,0.0,0.0,0.0,0.0,0.0,0.2857142857142857,11.73,25.240087,55.29528105
1.0,1.0,0.0,0.0,0.0,0.0,0.0,0.2857142857142857,43.238,25.239938418238705,55.29544020999728
1.0,1.0,0.0,0.0,0.0,0.0,0.0,0.2857142857142857,85.031,25.239696414548355,55.29507027578398
1.0,1.0,0.8963,0.0,0.0,0.0,0.0,0.4137571428571429,18.521,25.23979445,55.29570275
1.0,1.0,0.8612,0.0,0.0,0.0,0.0,0.4087428571428572,14.261,25.23989445,55.2956568
1.0,0.7581,0.0,0.0,0.0,0.0,0.0,0.25115714285714286,84.1,25.239506495464013,55.295420779183104
1.0,1.0,0.0,0.0,0.0,0.0,0.0,0.2857142857142857,17.845,25.25148385,55.2900797
1.0,1.0,0.0,0.0,0.0,0.0,0.0,0.2857142857142857,23.548,25.251373278226122,55.29011827004944
1.0,1.0,0.0,0.0,0.0,0.0,0.0,0.2857142857142857,12.068,25.2513622,55.2902617
1.0,1.0,0.0,0.0,0.0,0.0,0.0,0.2857142857142857,11.57,25.2512843,55.29018175
1.0,1.0,0.0,0.0,0.0,0.0,0.0,0.2857142857142857,11.453,25.25129665,55.29027005
1.0,0.0,0.0,0.0,0.0,0.0,0.0,0.14285714285714285,11.543,25.2470481,55.29953835
1.0,0.0,0.0,0.0,0.0,0.0,0.0,0.14285714285714285,28.82,25.24693695,55.2996376
1.0,0.0,0.0,0.0,0.0,0.0,0.0,0.14285714285714285,13.361,25.24694735,55.2994843
1.0,0.0,0.0,0.0,0.0,0.0,0.0,0.14285714285714285,10.272,25.2470253,55.2994696
1.0,0.0,0.0,0.0,0.0,0.0,0.0,0.14285714285714285,11.863,25.24684595,55.29981305
1.0,0.0,0.0,0.0,0.0,0.0,0.0,0.14285714285714285,13.981,25.2468184,55.2997265
1.0,0.0,0.0,0.0,0.0,0.0,0.0,0.14285714285714285,10.607,25.24691355,55.29978875
1.0,0.0,0.0,0.0,0.0,0.0,0.0,0.14285714285714285,12.361,25.2444037,55.30730655
1.0,0.0,0.0,0.0,0.0,0.0,0.0,0.14285714285714285,10.905,25.24450405,55.30733925
1.0,0.0,0.0,0.0,0.0,0.0,0.0,0.14285714285714285,8.761,25.2444692,55.30728215
1.0,0.0,0.0,0.0,0.0,0.0,0.0,0.14285714285714285,7.852,25.24436085,55.30725225000001
1.0,0.06,0.0,0.0,0.0,0.3776,0.4748,0.2732,106.499,25.243888746237715,55.30714836230409
1.0,0.0,0.0,0.0,0.0,0.0,0.0,0.14285714285714285,10.857,25.2467227,55.29966285
1.0,0.0,0.0,0.0,0.0,0.0,0.0,0.14285714285714285,27.716,25.2468288,55.2995732
1.0,0.0,0.0,0.0,0.0,0.0,0.0,0.14285714285714285,12.756,25.2467346,55.29974535
1.0,0.0,0.0,0.0,0.0,0.0,0.0,0.14285714285714285,10.528,25.24691755,55.29941035
1.0,0.0,0.0,0.0,0.0,0.0,0.0,0.14285714285714285,12.343,25.246843357310183,55.29942853634729
1.0,1.0,0.0,0.0,0.0,0.0,0.0,0.2857142857142857,14.788,25.2512122,55.29020595000001
1.0,1.0,0.0,0.0,0.0,0.0,0.0,0.2857142857142857,17.65,25.25118785,55.2900831
0.9125,0.5685,0.6248,0.3599,0.0,0.0,0.0,0.35224285714285714,85.326,25.23138005,55.29096845
0.9475,0.0527,0.0,0.0,0.0,0.0,0.0,0.14288571428571428,184.482,25.251358042718568,55.31143284500426
1.0,0.0,0.0,0.0,0.0,0.0,0.611,0.23014285714285715,19.845,25.24045312020212,55.29320309476453
1.0,0.0,0.0,0.0,0.0,0.0,0.0,0.14285714285714285,189.94,25.240984851861246,55.292370505071915
0.8221,0.1756,0.0,0.0,0.0,0.0,0.0,0.14252857142857142,203.333,25.239969812994396,55.29396830887113
1.0,0.0,0.0,0.0,0.0,0.0,0.0,0.14285714285714285,25.338,25.24173875,55.29022915
1.0,0.0,0.0,0.0,0.0,0.0,0.0,0.14285714285714285,4.628,25.2416215,55.29015575
1.0,0.045,0.0,0.0,0.0,0.7833,0.7557,0.36914285714285716,80.952,25.2397306,55.29141575
0.9168,0.6332,0.1421,0.0831,0.0831,0.1476,0.3829,0.3412571428571428,79.165,25.23987465,55.29194645
1.0,0.231,0.0,0.0,0.0,0.0,0.0,0.17585714285714288,26.115,25.24011025,55.2914925
1.0,0.0,0.0,0.0,0.0,0.3105,0.7903,0.3001142857142857,39.87,25.2388539,55.29089885
1.0,0.4469,0.3563,0.2999,0.2999,0.2999,0.7511,0.49342857142857144,27.174,25.2391199,55.2910557
1.0,0.1356,0.0736,0.0208,0.0208,0.0464,0.0661,0.19475714285714285,71.956,25.238846279478892,55.29129983315906
1.0,0.263,0.1955,0.167,0.167,0.3275,0.8075,0.41821428571428576,81.023,25.23937735,55.29209555
0.9376,0.1045,0.0911,0.0812,0.0812,0.0824,0.7968,0.3106857142857143,69.998,25.239974056817612,55.292451290714375
1.0,0.6084,0.0,0.0,0.0,0.0,0.6471,0.32221428571428573,29.277,25.2405652,55.29061565
1.0,0.4525,0.0,0.0,0.0,0.0,0.0,0.20750000000000002,48.968,25.24074035,55.2902783
1.0,0.0628,0.0,0.0,0.0,0.0633,0.4677,0.22768571428571427,78.961,25.240937055861195,55.29069077620172
1.0,0.5838,0.5938,0.4591,0.4591,0.9273,1.0,0.7175857142857142,22.896,25.23931855,55.29117284999999
1.0,0.4939,0.031,0.0225,0.1534,0.5943,0.9882,0.4690428571428571,184.103,25.239788253860766,55.29064495220144
1.0,0.0952,0.0,0.0,0.0,0.0,0.8703,0.2807857142857143,73.975,25.2403342,55.2910609
1.0,0.8364,0.0,0.0,0.0,0.1007,0.7351,0.38174285714285716,48.309,25.2374936,55.29097945000001
1.0,0.4223,0.0,0.0,0.0,1.0,1.0,0.4889,23.822,25.23721045,55.29080465
1.0,0.4169,0.0438,0.0171,0.0171,0.7017,0.8092,0.42940000000000006,56.828,25.23689,55.29061695
1.0,0.0,0.0,0.0,0.0,0.0,0.2165,0.17378571428571427,62.075,25.243554737745622,55.29746140493097
1.0,0.0,0.0,0.0,0.0,0.0,0.1839,0.16912857142857143,65.77,25.243498591674438,55.297510664609156
1.0,0.7705,0.6892,0.5928,0.5749,0.5749,0.9348,0.7338714285714285,111.328,25.24420955750532,55.29790814090881
1.0,0.0,0.0,0.0,0.0,0.7527,0.7869,0.3628,79.388,25.2474974,55.2941348
1.0,0.1232,0.0,0.0,0.0,0.067,0.791,0.2830285714285714,37.101,25.24710125,55.29409705
1.0,0.6584,0.0,0.0,0.0,0.0,0.0439,0.24318571428571428,78.577,25.2473629,55.29360005
1.0,0.1339,0.0904,0.0112,0.0314,0.6755,0.8774,0.4028285714285714,79.171,25.24811505,55.29452855
1.0,0.0,0.0,0.0,0.0,0.0,0.0,0.14285714285714285,4.138,25.24841345,55.29474445
1.0,0.2451,0.1532,0.0,0.0,0.0,0.1916,0.22712857142857143,151.051,25.248521741548736,55.29412133255148
1.0,1.0,0.0,0.0,0.0,0.0,0.576,0.368,17.72,25.253857,55.29266915
1.0,0.292,0.0,0.0,0.0,0.0,0.0,0.18457142857142858,9.753,25.2539463,55.2927635
0.8376,0.0743,0.0,0.0,0.0,0.0,0.0,0.13027142857142857,22.98,25.25398991965266,55.29265006603618
0.6682,0.0,0.0,0.0,0.0,0.0,0.0503,0.10264285714285715,80.849,25.2543049,55.2922723
1.0,0.0734,0.0,0.0,0.0,0.4064,1.0,0.3542571428571429,39.774,25.2546841,55.2921255
1.0,0.0611,0.0,0.0,0.0,0.0,0.0,0.15158571428571427,17.602,25.2511324,55.2907573
1.0,0.2447,0.0,0.0,0.0,0.0,0.0,0.1778142857142857,97.797,25.25100755,55.291155
1.0,1.0,0.0686,0.0,0.0,0.0,0.0,0.29551428571428573,26.48,25.251292086628,55.29064050963824
1.0,1.0,0.0,0.0,0.0,1.0,1.0,0.5714285714285714,6.011,25.2543898,55.2978138
1.0,1.0,0.0,0.0,0.0,0.1458,1.0,0.44939999999999997,8.983,25.2544388,55.29780785
1.0,1.0,0.0,0.0,0.0,1.0,1.0,0.5714285714285714,10.708,25.254426,55.29774095000001
1.0,1.0,0.0,0.0,0.0,1.0,1.0,0.5714285714285714,4.143,25.2543862,55.29777825
0.6236,0.4802,0.0,0.0,0.0,0.0,0.3364,0.20574285714285717,31.662,25.2543061,55.29362415
0.2586,0.0,0.0,0.0,0.0,0.0,1.0,0.1798,25.229,25.25445665,55.29357435
0.0,0.0,0.0,0.0,0.0,0.0,0.1394,0.019914285714285714,18.981,25.25431535,55.29341975
1.0,0.0,0.0,0.0,0.0,0.8186,1.0,0.4026571428571429,42.1,25.253738,55.29480425
1.0,0.0,0.0,0.0,0.0,1.0,1.0,0.42857142857142855,7.057,25.25384615,55.29459115
1.0,0.0,0.0,0.0,0.0021,1.0,0.8478,0.4071285714285714,41.19,25.25399867237428,55.29471087155908
1.0,0.0,0.0,0.0,0.0,0.2752,0.3378,0.23042857142857143,45.673,25.25040265,55.30152055
1.0,0.0,0.0,0.0,0.3212,1.0,1.0,0.47445714285714286,23.76,25.25067815,55.30168295
1.0,0.0,0.0,0.0,0.0,0.0017,0.1874,0.1698714285714286,55.223,25.250530969052438,55.301376623534
1.0,0.0,0.0,0.0,0.0,0.7997,1.0,0.39995714285714284,44.67,25.25004425000001,55.3013091
1.0,0.0,0.0,0.0,0.0,0.5063,0.2489,0.2507428571428571,35.63,25.250362130888625,55.30134209547674
1.0,1.0,0.0,0.0,0.0,0.0,0.0,0.2857142857142857,11.422,25.25204815,55.2981791
1.0,1.0,0.0,0.0,0.0,0.0,0.0,0.2857142857142857,11.234,25.2521181,55.29816035
1.0,1.0,0.9892,0.0,0.0,0.0,0.0,0.4270285714285714,7.907,25.2521227,55.2982285
1.0,1.0,0.0,0.0,0.0,0.0,0.0,0.2857142857142857,16.532,25.252055158888744,55.298279577121626
1.0,0.8242,0.6641,0.0,0.0,0.0917,0.1318,0.3874,91.847,25.25412955,55.29943165
1.0,1.0,0.0,0.0,0.0,0.0,1.0,0.42857142857142855,2.678,25.2537662,55.2991878
1.0,0.9694,0.0,0.0,0.0,0.0,0.026,0.28505714285714284,10.517,25.253817734188345,55.299169245686606
1.0,0.021,0.0,0.0,0.0,0.0,0.3474,0.19548571428571426,26.074,25.2526257,55.3057528
1.0,0.0,0.0,0.0,0.0,0.0,0.0,0.14285714285714285,13.454,25.25278697700123,55.305833832595496
1.0,0.0,0.0,0.0,0.0,0.0,0.0,0.14285714285714285,13.214,25.252773229041093,55.3058574117022
1.0,0.9313,0.0,0.0,0.0,0.781,0.7898,0.5003,19.833,25.25347995,55.304339
1.0,0.6687,0.5524,0.3929,0.4225,0.5476,0.753,0.6195857142857142,108.09,25.25400408739575,55.30459176814255
1.0,0.9854,0.6667,0.0,0.0,0.3132,1.0,0.5664714285714286,90.431,25.25356872917769,55.304769167011926
1.0,1.0,0.2585,0.0,0.1921,0.9787,1.0,0.6327571428571428,57.096,25.25100426623015,55.30311567796143
1.0,0.9423,0.0,0.0,0.8056,0.9343,1.0,0.6688857142857143,49.431,25.251384487438468,55.30306366904219
1.0,1.0,0.7519,0.4198,0.5379,0.5521,0.8838,0.7350714285714286,54.779,25.250981807012984,55.3028070306321
1.0,1.0,0.3057,0.0,0.0,0.0,1.0,0.47224285714285713,33.153,25.25081572567349,55.30349827531854
1.0,1.0,0.0,0.0,0.0,0.904,1.0,0.5577142857142857,33.224,25.25078261249272,55.30348001972903
1.0,0.0834,0.0,0.0,0.0,1.0,1.0,0.4404857142857143,27.419,25.250593902003935,55.303555580948654
1.0,0.0,0.0,0.0,0.0,0.1392,1.0,0.3056,28.499,25.25036453427404,55.3034434809968
1.0,0.0,0.0,0.0,0.0,0.1691,1.0,0.30987142857142863,28.506,25.250380799181734,55.30341111216407
1.0,1.0,0.8189,0.0,0.0,0.8215,0.8,0.6343428571428572,72.624,25.249211,55.30628715000001
1.0,1.0,0.8762,0.0,0.0,0.6125,0.5806,0.5813285714285714,32.768,25.248752083042223,55.30616062985524
1.0,1.0,0.7616,0.0,0.0,0.6392,0.5772,0.5682857142857143,32.865,25.248763541122525,55.30612022130256
1.0,0.0,0.0,0.0,0.0,0.2301,0.8623,0.29891428571428574,23.493,25.2497295,55.3075102
1.0,0.0,0.0,0.0,0.0,0.0,0.0,0.14285714285714285,6.548,25.2495997,55.307469
1.0,0.0399,0.0,0.0,0.0,0.0,0.0,0.14855714285714286,30.8,25.249663038230434,55.307331337579406
1.0,1.0,0.0,0.0,0.0,1.0,1.0,0.5714285714285714,12.958,25.25160105,55.30514595
1.0,1.0,0.0,0.0,0.0,0.5884,1.0,0.5126285714285714,6.56,25.2515237,55.3051001
1.0,1.0,0.6581,0.0,0.0,0.295,1.0,0.5647285714285715,17.861,25.2515157,55.30519595
1.0,0.0,0.0,0.0,0.0,0.0,0.0,0.14285714285714285,6.47,25.2512809,55.30595695
1.0,0.0,0.0,0.0,0.0,0.0,0.0,0.14285714285714285,49.471,25.25121515,55.3062254
1.0,0.0,0.0,0.0,0.0,0.2096,0.6392,0.2641142857142857,15.637,25.25133955,55.30601405
1.0,1.0,0.9082,0.0,0.0,0.878,0.8727,0.6655571428571428,128.508,25.24794425,55.30107845000001
1.0,1.0,0.2882,0.0,0.0,0.4348,0.958,0.5258571428571429,88.855,25.247148359072924,55.30100571651537
1.0,0.6598,0.3978,0.0,0.1039,0.7534,0.8086,0.5319285714285715,104.162,25.247044559852984,55.30050088349984
1.0,0.8249,0.8271,0.3228,0.7575,1.0,1.0,0.8189000000000001,45.928,25.25026295,55.30259325
1.0,0.9883,0.8236,0.0,0.8217,0.9804,0.9973,0.8016142857142857,165.11,25.249530794227667,55.30202948287745
1.0,1.0,0.0,0.0,0.0,0.7459,1.0,0.5351285714285714,59.985,25.24995023623956,55.30276402882421
1.0,0.1992,0.0,0.0,0.0,1.0,1.0,0.45702857142857145,32.562,25.250884152627158,55.30222189936525
1.0,1.0,0.0,0.0,0.0,0.4418,0.8034,0.4636,57.368,25.251238504932342,55.302347243404036
1.0,0.1217,0.0,0.0,0.0,1.0,1.0,0.44595714285714283,46.118,25.25084671136727,55.30207003276297
1.0,0.0,0.0,0.0,0.0,1.0,1.0,0.42857142857142855,6.589,25.25064245,55.3019372
1.0,0.0,0.0,0.0,0.0,1.0,1.0,0.42857142857142855,36.66,25.250728671823126,55.302121443681195
0.9603,0.0,0.0,0.0,0.0,0.1379,0.6481,0.2494714285714286,122.438,25.25108615,55.308553
1.0,0.375,0.2257,0.0,0.1011,0.9111,1.0,0.5161285714285714,98.92,25.251673556792145,55.30805560604172
1.0,0.1161,0.0,0.0,0.4223,0.8217,0.9098,0.46712857142857145,47.669,25.251039998142698,55.30790500584149
0.0,0.0,0.0,0.0,0.0,0.0,0.0,0.0,12.271,25.25090975,55.3091937
0.9406,0.0,0.0,0.0,0.0,0.5214,0.6915,0.30764285714285716,68.255,25.2505981,55.30915865
0.85,0.0,0.0,0.0,0.0,0.0565,0.1284,0.14784285714285714,94.207,25.25130292428429,55.30936865547468
1.0,0.3229,0.276,0.2732,0.2732,1.0,1.0,0.5921857142857144,10.024,25.24816455,55.3085058
1.0,0.1807,0.17,0.1297,0.1566,0.3886,0.8036,0.4041714285714285,131.238,25.248776850515863,55.30869331188833
1.0,0.1415,0.1445,0.1035,0.1461,0.3938,0.854,0.3976285714285714,126.739,25.248747915271238,55.30858385729556
1.0,0.0,0.0,0.0,0.0467,0.2951,1.0,0.33454285714285714,69.414,25.24635285,55.30416315
1.0,0.1266,0.2527,0.0,0.2067,0.2817,0.4178,0.32649999999999996,20.195,25.24636665,55.30379145000001
1.0,0.0,0.0,0.0,0.3106,1.0,0.9257,0.4623285714285714,23.212,25.246528809625293,55.30377976789838
1.0,0.5203,0.0446,0.0,0.0,0.0,0.5447,0.30137142857142857,75.416,25.24664985,55.30435055
1.0,0.4462,0.3666,0.0,0.0,0.1512,0.5761,0.36287142857142857,20.914,25.2466397,55.3047477
1.0,1.0,0.9524,0.0,0.0,0.0,0.0,0.4217714285714286,19.641,25.246476276493663,55.30471029351794
1.0,1.0,0.0,0.0,0.0,0.0274,0.5558,0.36902857142857143,118.547,25.246581870813255,55.305352938993465
1.0,1.0,0.0,0.0,0.0,1.0,0.933,0.5618571428571428,30.901,25.246824576238602,55.30471608817383
1.0,0.9238,0.5173,0.0,0.0,0.9768,1.0,0.6311285714285714,38.139,25.24718665,55.30480365
1.0,1.0,1.0,0.0,0.0,0.0,1.0,0.5714285714285714,3.275,25.2473635,55.3048679
1.0,1.0,0.8993,0.0,0.0,0.8288,1.0,0.6754428571428572,29.541,25.247223069495014,55.30489867555362
1.0,1.0,0.0,0.0,0.0,0.0,1.0,0.42857142857142855,11.574,25.246762998976493,55.30393655091682
1.0,1.0,0.8588,0.0,0.0,0.0,0.5466,0.4864857142857143,34.08,25.246895087043335,55.30400954351013
1.0,0.0,0.0,0.0,0.0,0.0,0.0,0.14285714285714285,4.575,25.24774305,55.3042422
1.0,0.0,0.0,0.0,0.0,0.0,0.0,0.14285714285714285,34.967,25.247791,55.3040529
1.0,0.6802,0.2824,0.0,0.1962,0.5596,0.6589,0.4824714285714286,143.447,25.24836825,55.30441835
1.0,0.0,0.0,0.0,0.0238,0.8984,0.7247,0.3781285714285714,26.238,25.247633188510303,55.30419445841204
1.0,0.6294,0.7325,0.0,0.0,0.2886,1.0,0.5215,22.77,25.24734205,55.304133
1.0,0.0,0.0,0.0,0.0,1.0,1.0,0.42857142857142855,8.526,25.24747885,55.30416935
1.0,0.0,0.0,0.0,0.0,0.5139,1.0,0.3591285714285714,19.825,25.247397349551804,55.30407569599903
1.0,1.0,0.0,0.0,0.0,0.0,1.0,0.42857142857142855,8.303,25.24708,55.3040597
1.0,1.0,0.5494,0.0,0.0,0.0,0.8744,0.4891142857142857,23.481,25.24699748658709,55.30394574203494
1.0,0.8105,0.0301,0.0,0.0,0.1958,0.8075,0.40627142857142856,102.518,25.246443471340072,55.30327709832325
1.0,1.0,0.8162,0.0,0.0,1.0,0.8435,0.6656714285714286,30.397,25.246154081406083,55.30374754649354
0.5521,0.0,0.0,0.0,0.0,0.0,0.0,0.07887142857142858,54.0,25.25437945,55.309887
0.4899,0.0,0.0,0.0,0.0,0.0,0.0,0.06998571428571429,14.908,25.254655627093236,55.310037669273314
0.7878,0.1123,0.0738,0.0542,0.0,0.0,0.0,0.14687142857142854,141.634,25.25451333361166,55.31053927530734
1.0,1.0,0.0,0.0,0.0,0.0,0.2372,0.3196,22.596,25.25452115,55.3071176
1.0,0.5527,0.3508,0.0,0.0,0.0,0.8952,0.39981428571428573,33.452,25.2543011,55.30698175
1.0,0.7051,0.0,0.0,0.0,0.0,0.4903,0.3136285714285714,96.764,25.25421905985568,55.30748250779149
1.0,0.0,0.0,0.0,0.0,0.0228,0.9462,0.28128571428571425,21.996,25.25375823330371,55.309478739721534
1.0,0.0,0.0,0.0,0.0,0.0,0.0,0.14285714285714285,12.295,25.2536890080697,55.30933176502352
1.0,0.6789,0.1792,0.0,0.213,0.4545,0.836,0.4802285714285714,118.258,25.25327827480723,55.30955413400379
1.0,0.0,0.0,0.0,0.0,0.0,1.0,0.2857142857142857,40.286,25.2537418,55.3097314
0.4643,0.0,0.0,0.0,0.0,0.0,0.7311,0.17077142857142857,42.734,25.253997832943405,55.309656337545505
1.0,1.0,0.0,0.0,0.0,0.0,0.0,0.2857142857142857,24.759,25.25369835,55.3067315
1.0,0.7746,0.0,0.0,0.0,0.0,0.0,0.2535142857142857,22.842,25.25383775,55.3066829
1.0,0.4907,0.0,0.0,0.0,0.0,0.0,0.21295714285714284,149.648,25.254067399127745,55.305966863360595
0.4631,0.0,0.0,0.0,0.0,0.2733,1.0,0.24805714285714284,86.262,25.2544606,55.3087061
1.0,1.0,0.5627,0.0,0.0,0.0,1.0,0.5089571428571429,20.319,25.25409005,55.3068513
1.0,1.0,0.0,0.0,0.0,0.0,0.9286,0.41837142857142856,6.778,25.25398445,55.30678415
1.0,0.7283,0.0,0.0,0.0,0.0,1.0,0.38975714285714286,95.137,25.25440948144683,55.306927459824465
1.0,0.6546,0.579,0.0,0.0,0.0,0.2409,0.3535,110.879,25.2386654,55.29407415
1.0,0.099,0.0,0.0,0.0,0.5114,1.0,0.3729142857142857,8.493,25.237164855262186,55.29206670426963
1.0,1.0,0.4364,0.0,0.0,0.7335,0.8185,0.5697714285714286,61.251,25.237449428644897,55.29215911549232
1.0,0.5823,0.2855,0.046,0.1149,0.3493,0.6457,0.4319571428571428,105.683,25.237098064431393,55.29167551932321
1.0,0.9136,0.5415,0.0,0.0,0.0,0.706,0.45158571428571426,92.647,25.23806195,55.29251335
1.0,0.0,0.0,0.0,0.0,0.0,0.3363,0.19090000000000001,6.108,25.23845395,55.2927438
1.0,0.0,0.0,0.0,0.0,0.0,0.0,0.14285714285714285,49.816,25.238394568264514,55.292951598572195
1.0,0.6355,0.0,0.0,0.0,0.0,0.0574,0.2418428571428571,27.706,25.23811575,55.2937496
1.0,0.0696,0.0,0.0,0.0,0.0,0.3592,0.2041142857142857,61.367,25.23816027783208,55.29343487922127
1.0,0.974,0.0,0.0,0.0,0.0052,1.0,0.42560000000000003,84.036,25.23766702696939,55.293514386259204
1.0,0.0,0.0,0.0,0.0,0.4727,1.0,0.35324285714285714,3.89,25.23860555,55.30274265
1.0,0.0,0.0,0.0,0.0,0.8873,0.9503,0.4053714285714286,26.681,25.23847452501054,55.302711037543375
1.0,0.0742,0.0,0.0,0.0,0.3036,1.0,0.3396857142857143,14.374,25.238557800089172,55.30280886163961
1.0,0.0,0.0,0.0,0.0,1.0,1.0,0.42857142857142855,20.055,25.2412336,55.29808855
1.0,0.0,0.0,0.0,0.0,0.2104,1.0,0.31577142857142854,80.392,25.240891203762313,55.298238548880704
1.0,0.3828,0.3285,0.0,0.8351,1.0,1.0,0.6494857142857143,77.314,25.240994747643416,55.297814583055626
1.0,0.0,0.0,0.0,0.0,0.6654,1.0,0.3807714285714286,41.623,25.2414611,55.30253575
1.0,0.0,0.0,0.0,0.0,0.0729,0.2874,0.19432857142857143,47.098,25.24141114652224,55.30291572390603
1.0,0.5894,0.5894,0.5923,0.8663,1.0,1.0,0.805342857142857,41.956,25.24124438833551,55.30287383519034
1.0,1.0,0.0,0.0,0.0,0.0,1.0,0.42857142857142855,8.155,25.2435015,55.3002275
1.0,0.6707,0.0,0.0,0.0,0.8011,1.0,0.49597142857142856,30.655,25.2433482,55.3001353
1.0,1.0,0.2494,0.0,0.0,0.0,1.0,0.4642,25.08,25.24335853222179,55.300224886423216
1.0,1.0,0.0,0.0,0.0,0.0,1.0,0.42857142857142855,5.135,25.242099,55.303225
1.0,1.0,0.0,0.0,0.0,0.0,1.0,0.42857142857142855,12.232,25.2420238,55.30320175
1.0,0.5778,0.0,0.0,0.0,0.0,0.5511,0.3041285714285714,36.682,25.241962500463508,55.303092876884584
1.0,1.0,1.0,0.0,0.0,0.0,1.0,0.5714285714285714,12.451,25.2399865,55.3025263
1.0,0.1106,0.1894,0.0,0.0,0.0,0.5329,0.26184285714285715,24.81,25.24014895,55.30257154999999
1.0,0.1005,0.1917,0.0,0.0,0.703,1.0,0.4278857142857143,24.437,25.240132286757405,55.30247543987778
1.0,1.0,0.5078,0.0,0.0,0.9185,1.0,0.6323285714285714,17.017,25.2418094,55.2992363
1.0,0.7376,0.0,0.0,0.0,0.5738,0.9358,0.4638857142857143,13.458,25.2416865,55.2991693
1.0,1.0,0.0,0.0,0.0,0.0573,1.0,0.4367571428571429,17.355,25.24173214903412,55.2992851546085
1.0,0.2489,0.0,0.0,0.0,0.251,0.8091,0.3298571428571428,39.409,25.2398423,55.3003398
1.0,1.0,0.0,0.0,0.0,1.0,0.8363,0.5480428571428572,50.203,25.23964815,55.30073015
1.0,1.0,0.0,0.0,0.0,0.0721,0.0,0.2960142857142857,22.12,25.23984465,55.3005656
1.0,0.1997,0.0,0.0,0.0,1.0,1.0,0.4571,19.429,25.24043665,55.30042175
1.0,1.0,0.0,0.0,0.0,0.6185,1.0,0.5169285714285714,15.873,25.2404789,55.3005375
1.0,1.0,0.0,0.0,0.0,0.6238,1.0,0.5176857142857143,94.758,25.24071805,55.30005525
1.0,0.779,0.0,0.0,0.0,0.0,1.0,0.39699999999999996,39.018,25.24145945,55.3012619
1.0,0.0496,0.0,0.0,0.0,0.5095,1.0,0.3655857142857143,38.376,25.2416288,55.3009258
1.0,0.0,0.0,0.0,0.0,0.0,0.837,0.2624285714285714,16.554,25.2416112,55.3011334
1.0,0.2335,0.0,0.0,0.0,0.0,1.0,0.3190714285714286,111.294,25.241807,55.30187875
1.0,0.0,0.0,0.0,0.6079,0.9483,1.0,0.5080285714285714,48.659,25.24216035,55.3011863
1.0,0.0,0.0,0.0,0.0,0.0,1.0,0.2857142857142857,19.685,25.2419812,55.30135145
1.0,0.2158,0.0,0.0,0.0,0.0,0.7404,0.27945714285714285,19.169,25.24129655,55.30138585
1.0,0.9896,0.0,0.0,0.0,0.0,0.0746,0.2948857142857143,71.909,25.2412205,55.3017459
1.0,1.0,0.5385,0.0,0.0,0.0,0.8859,0.48919999999999997,33.989,25.2397837,55.3024713
1.0,0.0949,0.0,0.0,0.0,0.6608,0.9145,0.38145714285714283,18.931,25.2395537,55.30240395
1.0,0.0808,0.0,0.0,0.0,0.4914,0.8324,0.34351428571428577,21.785,25.239632261866497,55.30232276461208
1.0,0.0,0.0,0.0,0.0,0.0,0.0,0.14285714285714285,0.868,25.24273935,55.3040437
1.0,0.0,0.0,0.0,0.0,0.0,0.0,0.14285714285714285,16.977,25.242738777502588,55.304126647783775
1.0,0.0,0.0,0.0,0.0,0.2757,0.4161,0.2416857142857143,24.761,25.242848472218796,55.304080579621626
1.0,0.0,0.0,0.0,0.0,1.0,0.9479,0.4211285714285714,2.936,25.24259935,55.3039927
1.0,0.0,0.0,0.0,0.0349,0.1365,0.0961,0.18107142857142858,29.112,25.242707207449886,55.30388791476016
1.0,0.0,0.0,0.0,0.0,0.1405,0.0,0.16292857142857145,16.208,25.24268066460254,55.30399786079975
1.0,0.0,0.0,0.0,0.0,0.8693,0.9287,0.39971428571428574,82.094,25.242228241385817,55.30391883007663
1.0,0.0,0.0,0.0,0.0,0.3291,1.0,0.33272857142857143,17.608,25.242551190805184,55.3040718868714
1.0,0.0,0.0,0.0,0.0,0.0,0.0,0.14285714285714285,7.499,25.24282385,55.3037603
1.0,0.719,0.0,0.0,0.0,0.0,0.0,0.24557142857142855,21.755,25.24289595,55.3036396
1.0,0.0,0.0,0.0,0.0,0.0,0.0,0.14285714285714285,33.159,25.242792168274175,55.303886552049164
1.0,0.0,0.0,0.0,0.0,0.1973,0.2727,0.21,43.601,25.242860717610395,55.30393548733892
1.0,0.8965,0.5181,0.0,0.0,0.0,0.0,0.34494285714285716,52.994,25.242998092934887,55.303615377753665
1.0,0.7749,0.0,0.0,0.0,0.0,0.0,0.25355714285714287,31.728,25.2444669,55.3005948
1.0,0.9686,0.0,0.0,0.0,0.0,0.0,0.28122857142857144,14.241,25.24455569315756,55.30039004458996
1.0,0.9808,0.0,0.0,0.0,0.0,0.0,0.28297142857142854,14.189,25.24457392237331,55.30039971942332
1.0,1.0,1.0,0.0,0.0,1.0,1.0,0.7142857142857143,13.81,25.23715095,55.30366425
1.0,0.9354,0.2157,0.0,0.0,0.8624,1.0,0.5733571428571429,33.187,25.23703398256044,55.303858636161344
1.0,1.0,0.3409,0.0,0.0,0.0419,1.0,0.4832571428571429,31.811,25.237068023734754,55.303870737579985
1.0,0.0,0.0,0.0,0.0,0.0,0.0,0.14285714285714285,2.37,25.242695,55.30420325
1.0,0.0,0.0,0.0,0.0,0.0,0.4054,0.20077142857142857,24.312,25.242813466807387,55.30420619269372
1.0,0.8669,0.5855,0.0,0.0,0.0,0.0,0.3503428571428571,45.855,25.2445591,55.3047677
1.0,0.6732,0.9294,0.5615,0.0,0.0,0.0,0.4520142857142857,15.858,25.24479945806803,55.30489773957849
1.0,0.3061,0.5133,0.0,0.0,0.0,0.3988,0.31688571428571427,17.209,25.244829852438706,55.30486089305983
1.0,0.0,0.0,0.0,0.0,0.0,0.0,0.14285714285714285,7.672,25.24493675,55.30489735
1.0,0.0,0.0,0.0,0.0,0.0,0.0,0.14285714285714285,8.149,25.24496065,55.3049471
1.0,0.0,0.0,0.0,0.0,0.0,0.0,0.14285714285714285,10.429,25.2449818,55.30485775
1.0,0.5673,0.0,0.0,0.0,0.0,0.0,0.2239,12.2,25.24502367490672,55.3049189160028
1.0,0.0,0.0,0.0,0.0,0.089,0.3523,0.2059,74.16,25.24352365937356,55.30607440720556
1.0,0.8173,0.0,0.0,0.0,0.0,0.0,0.2596142857142857,50.493,25.243934862256516,55.30589472891652
1.0,0.654,0.0336,0.0,0.6039,0.6132,0.7043,0.5155714285714286,46.036,25.24397935131908,55.306255590671014
1.0,1.0,0.0,0.0,0.0,0.0,1.0,0.42857142857142855,9.045,25.2385633,55.3008545
1.0,1.0,0.0,0.0,0.0,0.424,1.0,0.48914285714285716,37.662,25.23865914199976,55.300648003689716
1.0,0.9641,0.0366,0.0,0.0,0.4229,1.0,0.4890857142857143,37.831,25.238685843187582,55.30066532042627
1.0,0.8884,0.5888,0.0,0.0,0.9287,1.0,0.6294142857142857,32.646,25.2391347,55.30073905
1.0,0.3134,0.0,0.0,0.0,1.0,1.0,0.4733428571428572,33.489,25.239376252511683,55.300927442063355
1.0,0.3188,0.0,0.0,0.4719,1.0,1.0,0.5415285714285715,33.401,25.239401058687484,55.30088196416663
1.0,1.0,0.0,0.0,0.0,1.0,1.0,0.5714285714285714,3.038,25.24065415,55.29681645000001
1.0,1.0,0.0,0.0,0.0,0.8076,1.0,0.5439428571428572,13.043,25.240582266207234,55.29680937435398
1.0,1.0,0.4114,0.0,0.0,0.1428,1.0,0.5077428571428572,28.276,25.24059474104664,55.296944426020744
1.0,1.0,0.8,0.0,0.0,0.0,1.0,0.5428571428571428,28.923,25.23932955,55.2997592
1.0,1.0,1.0,0.0,0.0,0.0,1.0,0.5714285714285714,7.416,25.239187,55.2996709
1.0,0.675,0.1918,0.0,0.0,0.0,1.0,0.40954285714285715,31.75,25.239278775759924,55.29954689808571
1.0,0.0,0.0,0.0,0.0,0.0,0.0766,0.1538,35.788,25.24250725,55.2988343
1.0,0.5523,0.0,0.0,0.0,0.0,1.0,0.36461428571428567,54.609,25.2421481,55.29862385
0.7787,0.0,0.0,0.0,0.0,0.0,0.8642,0.2347,75.763,25.24251977701238,55.298414521616394
0.91,0.0937,0.003,0.0,0.0,0.0,0.8415,0.2640285714285714,137.416,25.24159476718584,55.31060870662737
0.5905,0.0,0.0,0.0,0.0,0.0,0.0,0.08435714285714287,17.299,25.241265827035257,55.31003938417705
1.0,0.0,0.0,0.0,0.0,0.0,0.1916,0.17022857142857142,30.772,25.24110601579599,55.31017730721144
0.6929,0.0,0.0,0.0,0.0,0.7578,1.0,0.35009999999999997,37.485,25.240955645024773,55.30951217018789
1.0,0.0,0.0,0.0,0.0,0.4607,1.0,0.35152857142857147,24.12,25.240978480531837,55.30964037684117
0.4017,0.0,0.0,0.0,0.0,1.0,1.0,0.3431,7.42,25.241117097187388,55.309640117321955
0.3806,0.0,0.0,0.0,0.0,0.0,1.0,0.19722857142857145,22.381,25.240814438251963,55.30976529706398
0.7362,0.0,0.0,0.0,0.0,0.6271,1.0,0.3376142857142857,30.513,25.240871162155422,55.30953193477138
1.0,0.9631,0.1428,0.0,0.0,0.0,0.7184,0.40347142857142854,31.34,25.240794497795257,55.31000889247716
1.0,0.4952,0.0,0.0,0.0,0.0,1.0,0.35645714285714286,20.726,25.24069833427589,55.30992831341196
1.0,0.0,0.0,0.0,0.0,0.0,0.3535,0.19335714285714284,51.062,25.241159001959907,55.31034268098646
0.9882,0.4683,0.602,0.0,0.0,0.0,1.0,0.43692857142857144,13.171,25.24091676783861,55.31017067728958
1.0,0.0,0.0,0.0,0.0,0.0,0.0,0.14285714285714285,41.203,25.236519,55.31130115
1.0,0.0,0.0,0.0,0.0,0.0,0.0,0.14285714285714285,25.289,25.236526493435218,55.311627575543575
1.0,0.0,0.0,0.0,0.0,0.0,0.0,0.14285714285714285,25.135,25.236493017384245,55.31162740292324
1.0,0.3359,0.0,0.0,0.0,0.0,0.0,0.19084285714285715,39.035,25.23643285,55.31418415
0.8915,0.6047,0.4894,0.0,0.8551,0.8782,0.9744,0.6704714285714285,226.966,25.23744135,55.3142507
0.9338,0.6716,0.0,0.0,0.0,0.2084,0.2461,0.2942714285714286,64.589,25.236138706959654,55.314413370881404
1.0,0.0,0.0,0.0,0.4385,0.2856,0.1441,0.2668857142857143,13.941,25.238931715555086,55.31407028823364
1.0,0.0,0.0,0.0,0.0,0.0,0.0,0.14285714285714285,13.169,25.239014127335246,55.314149167706546
1.0,0.0,0.0,0.0,0.0,0.0,0.0,0.14285714285714285,11.133,25.239002069570425,55.314039790518315
1.0,0.0,0.0,0.0,0.0,0.0,1.0,0.2857142857142857,6.408,25.23717905,55.30658
1.0,0.0,0.0,0.0,0.0,0.0,1.0,0.2857142857142857,38.568,25.2371745,55.3068035
1.0,0.6185,0.6933,0.0,0.0,0.5197,0.8409,0.5246285714285714,29.891,25.23704374619078,55.30660218648588
1.0,0.0,0.0,0.0,0.0,0.8588,1.0,0.4084,59.131,25.23744296153239,55.30662895134142
1.0,0.8833,0.0,0.0,0.0,0.0,1.0,0.41190000000000004,5.642,25.23534255,55.30732005
1.0,0.7487,0.7299,0.0,0.0,0.0445,0.9909,0.502,59.157,25.2356337,55.3073328
1.0,1.0,0.0,0.0,0.0,0.3641,1.0,0.4805857142857143,19.498,25.235373863670368,55.3072249619096
1.0,0.0,0.0,0.0,0.0,1.0,1.0,0.42857142857142855,3.399,25.2386901,55.3074797
1.0,0.0,0.0,0.0,0.0,1.0,1.0,0.42857142857142855,8.66,25.23863995696233,55.30746130164167
1.0,0.4597,0.0,0.0,0.0,1.0,1.0,0.4942428571428571,40.699,25.23854615912584,55.30733277265206
1.0,0.8369,0.781,0.0,0.7731,0.8106,0.7635,0.7092999999999999,81.697,25.238906652654773,55.307151051906985
1.0,0.2041,0.0,0.0,0.0,0.3545,1.0,0.36551428571428574,37.826,25.23963715,55.3083257
1.0,0.0,0.0,0.0,0.0,0.0,0.1767,0.1681,11.549,25.239811,55.30847835
1.0,0.0,0.0,0.0,0.0,0.0,0.9242,0.2748857142857143,40.818,25.23971127665253,55.30863392178863
1.0,0.7268,0.0,0.0,0.0,0.7891,1.0,0.5022714285714286,15.707,25.2373598,55.30832965
1.0,0.2691,0.0,0.0,0.0,0.5889,0.9873,0.40647142857142854,31.652,25.2375719088763,55.308321914631335
1.0,0.5801,0.0,0.0,0.0,0.5784,0.9872,0.44938571428571433,31.71,25.237570565490575,55.30835340152705
1.0,0.0,0.0,0.0,0.0,0.0,0.5763,0.2251857142857143,69.144,25.23906055,55.31455255
1.0,0.0473,0.0,0.0,0.2935,0.1663,0.0738,0.22584285714285715,22.757,25.23895725553236,55.3141287502506
1.0,0.7173,0.0,0.0,1.0,1.0,1.0,0.6738999999999999,46.472,25.2386631,55.3140979
0.2944,0.0,0.0,0.0,0.0,0.8801,1.0,0.31064285714285716,126.432,25.24462535,55.3127777
0.6625,0.0,0.0,0.0,0.0,0.0,1.0,0.23750000000000002,21.707,25.2451504,55.3132309
0.0725,0.0,0.0,0.0,0.0,0.0,1.0,0.15321428571428572,36.618,25.24497182157013,55.313305726535816
0.0,0.0,0.0,0.0,0.0,0.0,0.4624,0.06605714285714286,16.551,25.244922,55.3134952
0.8682,0.6726,0.3716,0.0,0.0,0.0,0.6434,0.36511428571428567,50.205,25.244678691426433,55.31357986961089
1.0,0.0,0.0,0.0,0.0,0.0,0.0,0.14285714285714285,10.233,25.2525597,55.3099438
1.0,0.2655,0.0,0.0,0.0,0.0,0.0,0.1807857142857143,9.242,25.2525725,55.31001095000001
1.0,1.0,0.5053,0.0,0.0,0.537,1.0,0.5774714285714285,14.685,25.2536973,55.29914725
1.0,1.0,0.0,0.0,0.0,0.0,1.0,0.42857142857142855,9.98,25.253757436648673,55.29913188541377
1.0,0.3778,0.0,0.0,0.0,0.0,0.0,0.19682857142857144,98.251,25.25086035,55.2912299
1.0,0.506,0.0,0.0,0.0,0.0,0.0,0.21514285714285714,53.202,25.25116468820073,55.29055646696829
1.0,1.0,0.0,0.0,0.0,0.0,0.0,0.2857142857142857,53.185,25.2496126,55.29356915
1.0,0.0767,0.0,0.0,0.0,0.0092,0.3591,0.20642857142857143,348.203,25.250447893354423,55.29180036414572
1.0,0.4675,0.0,0.0,0.0,0.0,0.7297,0.31388571428571427,56.672,25.249491159206457,55.29338303501784
1.0,0.7153,0.0,0.0,0.0,0.1218,0.9268,0.39484285714285716,29.399,25.25380825,55.2973164
1.0,1.0,0.0,0.0,0.8137,1.0,1.0,0.6876714285714286,21.839,25.25401075,55.2974379
1.0,0.8497,0.3121,0.0,0.0,0.3422,1.0,0.5005714285714286,29.013,25.25391082503423,55.29724578474361
1.0,1.0,0.0,0.0,0.0,0.0,1.0,0.42857142857142855,10.863,25.2544983,55.29778075
1.0,1.0,0.0,0.0,0.0,0.0,1.0,0.42857142857142855,6.309,25.25446115,55.2978556
1.0,0.0,0.0,0.0,0.0,0.0,0.0,0.14285714285714285,10.838,25.24927955,55.29461095
1.0,0.0,0.0,0.0,0.0,0.0,0.0,0.14285714285714285,10.294,25.2492968,55.29468435
1.0,0.545,0.0,0.0,0.0,0.0,0.0,0.2207142857142857,241.028,25.24874889061633,55.295717799143404
1.0,1.0,0.0,0.0,0.0,0.0,1.0,0.42857142857142855,31.172,25.2545912,55.29759875
1.0,1.0,0.0,0.0,0.0,0.1519,1.0,0.45027142857142854,8.98,25.2544855,55.29771385
1.0,1.0,0.0,0.0,0.3289,1.0,1.0,0.6184142857142857,5.062,25.25442875,55.29768325000001
1.0,0.9379,0.0,0.0,0.0,0.5859,1.0,0.5034,16.619,25.254487520621627,55.2976233611461
1.0,1.0,0.0,0.0,0.0,1.0,1.0,0.5714285714285714,9.955,25.2527755,55.2967167
1.0,1.0,0.0,0.0,0.0,1.0,1.0,0.5714285714285714,12.867,25.2527076,55.2967458
1.0,0.3474,0.0,0.0,0.0,0.7028,1.0,0.4357428571428571,37.247,25.25259265,55.29659755
1.0,1.0,0.0,0.0,0.0,0.1462,1.0,0.44945714285714283,4.805,25.2526676,55.2968217
1.0,1.0,0.0,0.0,0.0,1.0,1.0,0.5714285714285714,10.355,25.25271845,55.296826
1.0,0.4989,0.0,0.0,0.0,0.39,1.0,0.4127,14.133,25.252622959247468,55.296765385603926
1.0,1.0,0.0,0.0,0.0,0.0,0.9577,0.4225285714285714,11.502,25.25209945,55.29808335
1.0,1.0,0.0,0.0,0.0,0.0,0.7704,0.39577142857142855,11.151,25.2520295,55.2981021
1.0,1.0,0.0,0.0,0.0,0.0,1.0,0.42857142857142855,8.693,25.25207385,55.2980165
1.0,0.9249,0.0,0.0,0.0,0.0,0.0,0.2749857142857143,139.72,25.25169635,55.2987555
1.0,1.0,0.0,0.0,0.0,1.0,1.0,0.5714285714285714,12.519,25.25278635,55.2967969
1.0,0.8981,0.0,0.0,0.0,1.0,1.0,0.5568714285714286,9.509,25.2528508,55.296766
1.0,1.0,0.0,0.0,0.0,0.0712,1.0,0.43874285714285716,7.343,25.2527427,55.29688305
1.0,1.0,0.5683,0.0,0.0,1.0,1.0,0.6526142857142857,6.987,25.25278635,55.2968684
1.0,0.0,0.0,0.0,0.0,0.0,0.0,0.14285714285714285,11.457,25.25387725,55.29908595000001
1.0,0.9678,0.0,0.0,0.0,0.0,0.608,0.36797142857142856,10.982,25.25381025,55.29911015
1.0,0.6263,0.0,0.0,0.0,0.0,1.0,0.3751857142857143,12.069,25.2537921,55.2990306
1.0,1.0,0.0,0.0,0.0,0.8068,1.0,0.5438285714285714,10.651,25.2537252,55.29905795
1.0,1.0,0.0,0.0,0.0,0.0,0.0,0.2857142857142857,6.447,25.2521577,55.29808415
1.0,1.0,0.0,0.0,0.0,0.0,0.0,0.2857142857142857,9.764,25.252181857394437,55.29813698862359
0.6857,0.0,0.0,0.0,0.0,0.0,0.0953,0.11157142857142856,31.199,25.234313124429296,55.31444792145447
0.2175,0.0,0.0,0.0,0.0,0.0,1.0,0.17392857142857143,20.965,25.234439515509724,55.31429421077842
0.205,0.0,0.0,0.0,0.0,0.0,1.0,0.17214285714285715,29.793,25.234391202836562,55.31417333782537
0.0253,0.0,0.0,0.0,0.0,0.0,0.0,0.0036142857142857144,19.616,25.23440072981491,55.31466329542499
0.4176,0.0,0.0,0.0,0.0,0.0,0.1983,0.08798571428571429,21.134,25.23444485122821,55.31459819540206
0.0,0.0,0.0,0.0,0.0,0.0,0.0,0.0,6.108,25.2345509381926,55.31455199354519
0.4906,0.0,0.0,0.0,0.0,0.0,0.0,0.07008571428571428,23.151,25.234537152552484,55.31469001976482
0.2841,0.0,0.0,0.0,0.0,0.0,1.0,0.18344285714285716,105.118,25.234487163124413,55.31379589365138
0.0,0.0,0.0,0.0,0.0,0.0,1.0,0.14285714285714285,8.61,25.234553868697674,55.314346025333236
1.0,0.104,0.0,0.0,0.0,0.0,0.0,0.15771428571428572,11.904,25.24104548533949,55.312020179321905
1.0,0.4212,0.417,0.3458,0.4207,0.4567,0.5662,0.5182285714285715,63.783,25.241044013296847,55.31235203268745
1.0,0.0,0.0,0.0,0.0,0.0158,0.2372,0.17900000000000002,26.995,25.241148021471474,55.311921415996764
1.0,0.0,0.0,0.0,0.0,0.0,0.0,0.14285714285714285,10.906,25.241139510640913,55.31205564508949
1.0,1.0,1.0,0.0,0.0,0.0,0.0,0.42857142857142855,2.962,25.23189565,55.3115922
1.0,1.0,0.4632,0.0,0.0,0.0,0.0,0.3518857142857143,39.339,25.23200697740408,55.31142331897917
1.0,1.0,0.6605,0.0,0.0,0.0,0.0,0.38007142857142856,14.183,25.23196850950433,55.31158130922921
1.0,0.4908,0.1254,0.0,0.0,0.0,0.0213,0.23392857142857146,57.143,25.241414591557927,55.30959277744002
1.0,1.0,0.1067,0.0,0.0,0.0,0.7856,0.4131857142857143,53.531,25.241746666257132,55.30922232173002
1.0,1.0,0.7747,0.0,0.0,0.0,0.7885,0.5090285714285715,60.886,25.24179193471796,55.30928471608452
1.0,1.0,0.0,0.0,0.0,0.0,1.0,0.42857142857142855,1.361,25.2419768,55.3091799
1.0,0.7009,0.0,0.0,0.0,0.0,0.828,0.3612714285714285,59.46,25.241763,55.30899135
1.0,0.6953,0.0,0.0,0.0,0.0,0.9088,0.3720142857142857,65.188,25.241592412009012,55.30910024472648
1.0,1.0,0.9997,0.0,0.0,0.0,0.0,0.4285285714285714,46.414,25.24292805,55.31069095
1.0,1.0,0.1781,0.0,0.0,0.0,0.0,0.31115714285714285,16.036,25.243065062691674,55.31042845732153
1.0,1.0,1.0,0.0,0.0,0.0,0.0,0.42857142857142855,13.942,25.243106823767082,55.31046947812898
0.8796,0.9227,0.9295,0.0,0.0,1.0,1.0,0.6759714285714286,50.132,25.2406625,55.309224
1.0,1.0,0.0,0.0,0.0,0.4145,1.0,0.48778571428571427,29.177,25.23241135,55.31208975
1.0,0.9746,0.0,0.0,0.659,1.0,1.0,0.6619428571428572,65.247,25.23262075,55.3116815
1.0,1.0,0.0,0.0,0.0,0.6207,1.0,0.5172428571428572,7.925,25.23244295,55.31194125000001
1.0,0.5816,0.3141,0.0,0.1527,0.7259,0.9843,0.5369428571428572,105.746,25.232812214673547,55.312297639950025
1.0,0.1198,0.1054,0.092,0.1002,0.0717,0.5046,0.28481428571428574,98.304,25.23175105,55.314432
1.0,0.7847,0.6608,0.0,0.0,0.0,0.6474,0.44184285714285715,70.993,25.2320512,55.31393925
1.0,0.0,0.0,0.0,0.0,0.0,0.0,0.14285714285714285,5.46,25.2317123,55.3139276
1.0,0.173,0.1478,0.0568,0.1433,0.1526,0.6797,0.3361714285714286,79.607,25.231752256100705,55.313554429549555
1.0,0.663,0.624,0.0,0.0,0.4786,0.8606,0.5180285714285714,59.824,25.23271105,55.31392705
1.0,0.0,0.0,0.0,0.0,0.0,1.0,0.2857142857142857,72.002,25.2329883,55.3142789
1.0,0.0,0.0,0.0,0.0,0.0,0.6342,0.23345714285714284,71.789,25.232972,55.31356435
1.0,0.0,0.0,0.0,0.0,0.2573,0.0,0.1796142857142857,10.051,25.23424515,55.3110998
1.0,0.0,0.0,0.0,0.0,0.0,0.0,0.14285714285714285,24.177,25.234391376872125,55.31106753199062
1.0,0.0,0.0,0.0,0.0,0.0,0.0,0.14285714285714285,24.945,25.234378470419383,55.31118395178542
1.0,0.8711,0.8968,0.0,0.0,0.0,0.6907,0.4940857142857143,81.641,25.237824604477268,55.30584787273099
1.0,0.7462,0.2112,0.0,0.0,0.0,0.9054,0.4089714285714286,65.792,25.23720511463079,55.30566472052356
1.0,1.0,0.6703,0.0,0.0,0.0,0.3301,0.4286285714285714,39.083,25.237325784126902,55.30583919157039
1.0,0.2326,0.0,0.0,0.0,0.0,0.6522,0.2692571428571428,56.504,25.23720635,55.30626875
1.0,0.4539,0.0,0.0,0.0,0.0,0.0,0.2077,35.622,25.23718808539439,55.30582263058215
1.0,1.0,0.0187,0.0,0.0,0.0,1.0,0.43124285714285715,20.695,25.24200045,55.30928485
1.0,0.4663,0.119,0.0,0.0,0.0,0.939,0.36061428571428567,145.355,25.24248345000001,55.30964705
1.0,0.9956,0.7404,0.0,0.0,0.0,0.8671,0.5147285714285713,65.695,25.242252252774605,55.30958673384547
1.0,0.0,0.0,0.0,0.0,0.0,1.0,0.2857142857142857,17.064,25.24290875,55.3101158
1.0,0.3968,0.0,0.0,0.0,0.0,0.9995,0.3423285714285714,35.217,25.2429525,55.31023545
1.0,0.3239,0.3942,0.0,0.0,0.0,1.0,0.38830000000000003,51.166,25.24265745,55.30995615
1.0,0.0,0.0,0.0,0.0,0.0,1.0,0.2857142857142857,7.484,25.2430121,55.3101325
1.0,0.9755,0.0,0.0,0.0,0.0,0.4435,0.3455714285714286,46.711,25.2432062,55.3102954
1.0,0.9322,0.0,0.0,0.0,0.0,0.9975,0.4185285714285714,20.094,25.243062336862074,55.31025109482829
1.0,1.0,0.4647,0.0,0.0,0.0,0.0,0.3521,12.879,25.24311655,55.31039125
1.0,1.0,1.0,0.0,0.0,0.0,0.7034,0.5290571428571429,46.577,25.24331845,55.310585
1.0,1.0,0.2362,0.0,0.0,0.0,0.433,0.3813142857142857,23.93,25.243266543295974,55.310426174922014
1.0,1.0,0.0,0.0,0.0,0.0,1.0,0.42857142857142855,4.258,25.24338875,55.3104486
1.0,0.0,0.0,0.0,0.0,0.9306,1.0,0.4186571428571429,61.29,25.24190735,55.3103832
1.0,0.6447,0.6077,0.0,0.8486,1.0,1.0,0.7287142857142858,55.466,25.24185155,55.30998485
0.9381,0.0,0.0,0.0,0.0,0.2837,0.8341,0.29369999999999996,50.967,25.241499798237573,55.310065340246716
1.0,1.0,0.3341,0.0,0.0,0.0,1.0,0.4763,16.951,25.24219855,55.3111562
0.9333,0.3675,0.1654,0.0,0.0,0.0,0.6599,0.30372857142857146,146.971,25.242775,55.31166405
1.0,1.0,0.2889,0.0,0.0,0.0,1.0,0.4698428571428571,7.993,25.242267118572638,55.311170538288174
0.9084,0.0912,0.0,0.0,0.0,0.0,0.6674,0.23814285714285716,150.176,25.2428402,55.31154535000001
1.0,0.0,0.0,0.0,0.0,0.0,1.0,0.2857142857142857,6.47,25.24335105,55.3120352
1.0,0.0,0.0,0.0,0.0,0.0,0.6413,0.23447142857142858,135.802,25.24360122149021,55.312137695681265
1.0,0.2995,0.0,0.0,0.0,0.0,1.0,0.3285,3.735,25.24229835,55.31106935
1.0,0.6624,0.0,0.0,0.0,0.0,1.0,0.38034285714285715,6.382,25.24229445384222,55.31110647436531
0.707,0.0,0.0,0.0,0.0,0.0,1.0,0.24385714285714283,7.48,25.24331255,55.31208995
0.9044,0.0,0.0,0.0,0.0,0.0,0.8769,0.25447142857142857,43.188,25.243439703676323,55.31225941599698
1.0,0.0,0.0,0.0,0.0,0.5172,1.0,0.3596,21.748,25.2441001,55.31232445
1.0,0.0,0.0,0.0,0.0,0.3242,1.0,0.33202857142857145,8.648,25.2441874,55.3124331
1.0,0.0,0.0,0.0,0.0,0.0,0.0,0.14285714285714285,41.46,25.24395145,55.31363475000001
1.0,0.0,0.0,0.0,0.0,0.0,0.0,0.14285714285714285,8.499,25.2439415,55.31340775
1.0,0.0,0.0,0.0,0.0,0.0,0.0,0.14285714285714285,9.085,25.24390159173849,55.31338960180413
1.0,0.0,0.0,0.0,0.0,0.0,1.0,0.2857142857142857,58.54,25.23683165,55.29125495
1.0,0.0,0.0,0.0,0.0,0.0,0.8187,0.2598142857142857,7.718,25.23656845,55.2911006
1.0,0.0,0.0,0.0,0.0,0.0,1.0,0.2857142857142857,9.521,25.2366222,55.29107875
1.0,0.0,0.0,0.0,0.0,0.0,0.9862,0.28374285714285713,11.696,25.23657065,55.2911675
1.0,0.2721,0.139,0.0,0.0,0.0,0.0,0.20158571428571428,20.19,25.23320735,55.2988699
1.0,0.0604,0.0921,0.0,0.4178,0.2971,0.241,0.3012,17.952,25.233177376296783,55.29901306850002
1.0,0.981,0.981,0.3985,0.6339,0.6339,0.6339,0.751742857142857,16.132,25.23312542381455,55.298986546359686
0.3381,0.1499,0.1128,0.0223,0.0716,0.0709,0.5667,0.19032857142857143,294.47,25.23179888050757,55.298649140638226
1.0,0.0,0.0,0.0,0.0,0.0213,0.0,0.1459,36.84,25.23062976446893,55.297708023071266
1.0,0.7649,0.664,0.636,0.624,0.624,0.624,0.7052714285714285,46.47,25.230506490390567,55.297948642522286
1.0,0.0,0.0,0.0,0.0,0.0,0.0,0.14285714285714285,80.605,25.242831360610452,55.297333132311515
1.0,0.2106,0.0,0.0,0.0,0.0,0.0,0.17294285714285712,79.583,25.24217695985391,55.29701209972419
1.0,0.0,0.0,0.0,0.0,0.0,0.0493,0.14989999999999998,178.36,25.24182352100086,55.296687380266675
1.0,1.0,1.0,0.0,0.0,0.1586,0.9103,0.5812714285714286,28.548,25.23871505,55.29938415
1.0,0.8887,0.7199,0.2467,0.0,0.0,0.0,0.40790000000000004,60.212,25.2383599552396,55.29918804357918
1.0,0.8072,0.3109,0.0,0.0,0.0,0.5826,0.3858142857142858,34.613,25.238628537989776,55.299150711125186
1.0,1.0,0.0,0.0,0.0,0.0,0.0,0.2857142857142857,15.98,25.24510855,55.30480895000001
1.0,1.0,0.0,0.0,0.0,0.0,0.0,0.2857142857142857,4.199,25.24508345,55.30490535000001
1.0,0.7033,0.0,0.0,0.0,0.0,0.0,0.24332857142857142,13.193,25.24504313434121,55.30484406007119
1.0,0.8568,0.0,0.0,0.0,0.0,0.0,0.26525714285714286,12.146,25.2423149,55.3016728
1.0,0.1257,0.0,0.0,0.0,0.0,0.0,0.16081428571428572,15.899,25.24242695,55.30173675
1.0,0.0,0.0,0.0,0.0,0.0,0.1228,0.16040000000000001,70.437,25.242507198192175,55.30140131552183
1.0,0.0,0.0,0.0,0.0,0.0,1.0,0.2857142857142857,9.013,25.2418908,55.30390525
1.0,0.6958,0.0,0.0,0.0,0.0,0.8621,0.36541428571428575,73.258,25.242246132847978,55.304021886168634
1.0,0.0,0.0,0.0,0.0,0.1918,0.3103,0.2145857142857143,111.834,25.241926107934024,55.30442606310552
1.0,0.0,0.0,0.0,0.0,0.0,0.0,0.14285714285714285,18.706,25.2451572,55.3042088
1.0,0.0,0.0,0.0,0.0,0.0,0.0,0.14285714285714285,40.562,25.24503947702774,55.30446719071075
1.0,0.0,0.0,0.0,0.0,0.0,0.0,0.14285714285714285,41.693,25.24508001075269,55.304496652988284
1.0,0.0,0.0,0.0,0.0,0.0,0.0,0.14285714285714285,27.429,25.2431955,55.301713
1.0,0.0,0.0,0.0,0.0,0.0,0.2814,0.18305714285714286,17.308,25.24332315,55.30163615
1.0,0.7652,0.0,0.0,0.0,0.0,0.1018,0.26671428571428574,117.946,25.243513974686667,55.30108218168636
1.0,0.0,0.0,0.0,0.0,0.0,0.0,0.14285714285714285,19.735,25.24340155,55.30307525
1.0,0.0,0.0,0.0,0.0,0.0,0.0,0.14285714285714285,12.674,25.243499040221547,55.30300754597642
1.0,0.0,0.0,0.0,0.0,0.0,0.0,0.14285714285714285,12.234,25.24339315535607,55.30296740887902
1.0,0.0,0.0,0.0,0.0,0.0,0.6374,0.2339142857142857,136.635,25.2439515,55.3033392
1.0,0.0,0.0,0.0,0.0,0.0,0.0,0.14285714285714285,18.568,25.24331815,55.30324185
1.0,0.0,0.0,0.0,0.0919,0.382,0.9926,0.35235714285714287,16.185,25.24232685,55.3010105
1.0,0.6034,0.0,0.0,0.889,1.0,1.0,0.6417714285714285,65.616,25.24240285,55.30068545
1.0,1.0,0.0,0.0,0.0,0.0,0.0,0.2857142857142857,10.622,25.245065,55.30497615
1.0,0.9845,0.8603,0.0,0.0,0.0,0.0,0.40640000000000004,69.561,25.23606275,55.3033282
1.0,1.0,0.0,0.0,0.0,0.0,0.0,0.2857142857142857,12.263,25.23587406306111,55.30358024422363
1.0,1.0,0.0,0.0,0.5351,0.8567,0.9256,0.6167714285714286,38.622,25.236063386701943,55.30370835161262
1.0,1.0,0.0,0.0,0.0,0.0,0.0,0.2857142857142857,3.909,25.24320555,55.3034699
1.0,0.8657,0.0,0.0,0.0,0.0,0.514,0.3399571428571428,145.84,25.2438302,55.30367645
1.0,1.0,0.8197,0.0,0.0,0.0,0.0903,0.41571428571428576,143.991,25.243583930028315,55.30378547735276
1.0,0.8656,0.8814,0.0,0.7904,0.8148,0.9425,0.7563857142857142,78.922,25.2451348,55.3027153
1.0,0.0,0.0,0.0,0.0,0.0,1.0,0.2857142857142857,10.071,25.2454868,55.30277415
1.0,0.0,0.0,0.0,0.0,0.0,0.1276,0.16108571428571428,94.64,25.245384353506626,55.30328144444469
1.0,0.6709,0.0096,0.0,0.0,0.0785,1.0,0.3941428571428572,74.992,25.23634017813383,55.30425711695149
1.0,0.2222,0.0,0.0,0.2175,0.3024,0.5967,0.3341142857142857,153.85,25.235868892837463,55.30415523835287
1.0,0.0,0.0,0.0,0.5264,0.8874,0.8787,0.4703571428571429,186.678,25.23712351314841,55.304883092696556
1.0,1.0,0.7571,0.0,0.7499,0.9555,1.0,0.7803571428571427,33.1,25.23665415,55.30390375000001
1.0,1.0,1.0,0.0,0.2181,1.0,1.0,0.7454428571428571,8.551,25.23647953766916,55.30388324196878
1.0,1.0,0.2625,0.0,0.3151,0.7101,0.9027,0.5986285714285715,22.994,25.236439745373044,55.30377556755026
1.0,1.0,0.3015,0.0,0.1474,0.6681,0.9488,0.5808285714285715,18.987,25.23642667871299,55.30385551679154
1.0,0.0,0.0,0.0,0.0,0.0,0.0,0.14285714285714285,79.384,25.24481255,55.3055053
1.0,0.0,0.0,0.0,0.0,0.0,0.0,0.14285714285714285,14.743,25.24493205,55.3050564
1.0,0.0,0.0,0.2322,0.0,0.0,0.0,0.17602857142857142,18.405,25.24487840677678,55.305043514659594
1.0,0.0,0.0,0.0,0.0,0.0,0.0,0.14285714285714285,20.488,25.24364295,55.3030508
1.0,0.0938,0.0,0.0,0.001,0.0716,0.0996,0.18085714285714283,87.998,25.24367113902681,55.3026294866761
1.0,1.0,0.0,0.0,0.0,0.0,0.0,0.2857142857142857,29.001,25.2425541,55.30164625
1.0,0.7472,0.0,0.0,0.0,0.0,0.4081,0.3079,133.636,25.24219915,55.30235315
1.0,0.4899,0.0,0.0,0.0,0.0803,0.9208,0.35585714285714287,70.092,25.24381145,55.3027397
1.0,0.0,0.0,0.0,0.0,0.5918,0.8963,0.35544285714285717,70.03,25.2440364,55.30316605000001
1.0,0.624,0.0,0.0,0.0,0.0,0.9346,0.36551428571428574,118.151,25.2451836,55.30040885
1.0,0.4103,0.0,0.0,0.0,0.0302,0.3533,0.25625714285714285,125.251,25.245909647133136,55.30024042124283
1.0,0.7857,0.3946,0.0,0.0,0.0,0.3482,0.36121428571428565,41.26,25.245814633865955,55.300784879576916
1.0,0.0,0.0,0.0,0.0,0.0,0.0,0.14285714285714285,9.058,25.2435917,55.3022906
1.0,0.0,0.0,0.0,0.0,0.0,0.0,0.14285714285714285,21.271,25.2435241,55.30242155000001
1.0,0.0,0.0,0.0,0.0,0.0,0.0,0.14285714285714285,7.167,25.24354415,55.30231085
1.0,0.0,0.0,0.0,0.0,0.0,0.5984,0.22834285714285715,141.201,25.24389025,55.3035073
1.0,0.0,0.0,0.0,0.0,0.0,1.0,0.2857142857142857,18.036,25.244483,55.30377895
1.0,0.0,0.0,0.0,0.0,0.0,1.0,0.2857142857142857,18.169,25.2445236,55.30360465
1.0,1.0,0.877,0.0,0.0,0.8676,0.8298,0.6534857142857142,100.685,25.24007805,55.3049855
1.0,1.0,0.8856,0.0,0.0,0.1242,0.0306,0.4343428571428572,49.02,25.2407248,55.30519185
0.8546,0.7685,0.7052,0.0,0.0,0.1342,0.9041,0.48094285714285717,81.345,25.240412880174055,55.305515688738275
1.0,0.0,0.0,0.0,0.0,0.0,0.0,0.14285714285714285,43.758,25.2433792,55.30270235
1.0,0.0426,0.0,0.0,0.0,0.0,0.0,0.14894285714285713,53.723,25.24316195,55.30312325
1.0,0.0,0.0,0.0,0.0,0.0,0.0,0.14285714285714285,8.587,25.243311664448587,55.30291807006742
1.0,0.0,0.0,0.0,0.0,0.0,0.0,0.14285714285714285,14.734,25.24193775,55.3055642
1.0,0.1082,0.0,0.0,0.0,0.0,0.0,0.1583142857142857,26.596,25.2421164,55.3056208
1.0,0.0,0.0,0.0,0.0,0.0,0.044,0.14914285714285716,85.128,25.241900434093484,55.305989104082265
1.0,1.0,0.0,0.0,0.0,0.0,0.0,0.2857142857142857,17.851,25.24300285,55.30343255
1.0,1.0,0.0,0.0,0.0,0.0,0.0,0.2857142857142857,10.335,25.24308355,55.30337865
1.0,0.2085,0.0,0.0,0.0,0.0,0.0,0.17264285714285713,61.6,25.24374915,55.3019855
1.0,0.0,0.0,0.0,0.0,0.0,0.0,0.14285714285714285,7.88,25.2436461,55.30226175
1.0,0.468,0.65,0.0,0.0,0.0,0.2068,0.3321142857142857,33.186,25.24478495,55.30472315
1.0,0.4442,0.1484,0.0,0.0,0.4554,0.4248,0.3532571428571428,65.968,25.2443581,55.30458085
1.0,0.4249,0.5071,0.0,0.0,0.0,0.2697,0.3145285714285714,32.24,25.244786954781947,55.304659704201285
1.0,1.0,0.0,0.0,0.0,0.0,0.5556,0.3650857142857143,16.491,25.236277542212154,55.30380192842164
1.0,0.3625,0.0,0.0,0.0,0.8445,1.0,0.45814285714285713,9.78,25.23623417271197,55.30370266070991
1.0,1.0,0.0,0.0,0.0,1.0,1.0,0.5714285714285714,6.698,25.2439008,55.30237105
1.0,1.0,0.7689,0.1425,0.0,0.5083,0.4596,0.5541857142857143,71.927,25.2442229,55.302433
1.0,0.3309,0.0,0.0,0.0,0.2473,0.3427,0.2744142857142857,26.506,25.2437955,55.3023058
1.0,0.4396,0.0,0.0,0.0,0.0,0.0,0.20565714285714284,14.893,25.2432458,55.3033877
1.0,0.0,0.0,0.0,0.0,0.0,0.8345,0.26207142857142857,70.204,25.243568,55.2994608
1.0,0.0,0.0,0.0,0.0,0.0,0.9913,0.28447142857142854,32.188,25.2431633,55.2992181
1.0,0.7192,0.0,0.0,0.0,0.5212,0.9241,0.45207142857142857,225.012,25.243942776688986,55.29890332865617
1.0,0.0,0.0,0.0,0.0,0.0,0.0,0.14285714285714285,11.867,25.24500935,55.3047512
1.0,0.0,0.0,0.0,0.0,0.0,0.0,0.14285714285714285,8.175,25.244960667085763,55.304789883701766
1.0,0.7979,0.0,0.0,0.0,0.0,0.0,0.25684285714285715,63.441,25.23600035,55.3032542
1.0,0.0,0.0,0.0,0.0,1.0,1.0,0.42857142857142855,56.744,25.23749195,55.30219585
1.0,0.8231,0.1279,0.0,0.0,0.1965,0.2398,0.3410428571428571,198.569,25.236622996612184,55.30224899602043
1.0,0.3131,0.0,0.0,0.0,0.2328,1.0,0.3637,30.71,25.237144030407798,55.302108523043245
1.0,1.0,0.0,0.0,0.0,0.0,0.0,0.2857142857142857,11.133,25.2431694,55.30342745
1.0,0.0,0.0,0.0,0.3895,0.8802,0.9019,0.45308571428571426,47.165,25.244507715172567,55.30334799482893
1.0,0.0,0.0,0.0,0.0,0.0,1.0,0.2857142857142857,4.717,25.2417309,55.3063472
1.0,0.0,0.0,0.0,0.0,0.4805,0.7709,0.32162857142857143,105.678,25.24220855,55.30649635
1.0,0.0,0.0,0.0,0.0,0.0,1.0,0.2857142857142857,16.823,25.2424577,55.30108795
1.0,0.1424,0.0,0.0,0.0,0.0,0.2232,0.1950857142857143,75.667,25.24224677551774,55.301367923368
0.8618,0.0,0.0,0.0,0.7902,0.8149,0.7066,0.45335714285714285,42.055,25.24016275,55.3058477
0.9674,0.0,0.0,0.0,0.0,0.6507,0.9137,0.3616857142857143,158.086,25.241027062489028,55.30612483283806
1.0,0.0,0.0,0.0,0.0,0.4189,0.6568,0.2965285714285715,37.735,25.24227065,55.30489065
1.0,0.0,0.0,0.0,0.0,0.0,0.0,0.14285714285714285,35.204,25.24239155,55.3051179
1.0,0.0,0.0,0.0,0.0,0.0,0.0,0.14285714285714285,32.539,25.24246935,55.3047923
1.0,0.0,0.0,0.0,0.0,0.0,0.2044,0.17205714285714285,260.509,25.242206727268407,55.29674053456153
1.0,1.0,0.053,0.0,0.0,0.7718,1.0,0.5464,6.219,25.23642415,55.30392135
1.0,0.6186,0.6541,0.0,0.0,0.0,1.0,0.4675285714285714,41.089,25.244363730658684,55.30397705612377
0.6985,0.0045,0.0045,0.0,0.0,0.0452,0.1376,0.12718571428571426,63.465,25.2489836,55.31462155
0.7775,0.0259,0.0253,0.0,0.0,0.0782,0.2224,0.16132857142857143,26.728,25.248608199720053,55.314488498741134
0.3954,0.3063,0.2876,0.0,0.0,0.2912,0.3468,0.23247142857142858,30.108,25.24864507549091,55.314362330254546
0.0158,0.1727,0.0,0.0,0.0,0.0,0.0,0.02692857142857143,36.651,25.247744623463277,55.31484134486741
0.7496,0.217,0.0,0.0,0.0,0.0,0.3838,0.19291428571428573,302.644,25.24584697643756,55.31257505873586
0.0,0.0,0.0,0.0,0.0,0.0,1.0,0.14285714285714285,21.066,25.2481664089262,55.313870109356785
0.0,0.0,0.0,0.0,0.0,0.0,0.207,0.02957142857142857,69.555,25.2478148583988,55.31409873901129
0.0,0.0,0.0,0.0,0.0,0.0,0.1398,0.019971428571428574,58.53,25.24833651310015,55.31396095340975
0.0,0.0,0.0,0.0,0.0,0.0,0.0,0.0,2.745,25.24848105,55.31451585
0.4624,0.0,0.0,0.0,0.0,0.0,0.0,0.06605714285714286,29.039,25.24854338956367,55.31437513281809
0.1008,0.0,0.0,0.0,0.0,0.0,0.0,0.0144,4.674,25.24761535,55.31471575
0.9795,0.0,0.0,0.0,0.0,0.0,0.0,0.13992857142857143,67.045,25.247323766224714,55.314725504217385
0.6397,0.0,0.0,0.0,0.0,0.0,0.3488,0.1412142857142857,346.628,25.245752448575402,55.312349655659375
1.0,0.115,0.0,0.0,0.0,0.0,0.0,0.15928571428571428,34.293,25.249656681012933,55.31500924708448
1.0,0.0,0.0,0.0,0.0,0.0,0.0,0.14285714285714285,15.007,25.24955938596323,55.314918107580056
1.0,0.5966,0.5953,0.5966,0.5972,0.5966,0.5966,0.6541285714285714,21.3,25.249473403630326,55.3149172497522
0.0,0.0,0.0,0.0,0.0,0.0,0.0,0.0,13.246,25.248559442543588,55.31417329509365
1.0,0.7477,0.0,0.0,0.0,0.0,0.4773,0.3178571428571429,193.633,25.244078112025825,55.311068603853336
1.0,0.6401,0.0,0.0,0.0,0.0,0.6882,0.3326142857142857,123.452,25.245150821432052,55.31208220833248
0.6674,0.0335,0.0,0.0,0.0,0.0,0.0,0.10012857142857143,34.781,25.24690045,55.3148848
0.8853,0.0,0.0,0.0,0.0,0.0,0.0,0.12647142857142857,68.815,25.24731479692504,55.314663086388315
1.0,0.0,0.0,0.0,0.0,0.0,0.0,0.14285714285714285,14.481,25.24966192877192,55.31486936023825
1.0,0.2614,0.211,0.0498,0.0498,0.0498,0.0498,0.23880000000000007,21.671,25.249503918100405,55.31484640095456
0.2958,0.0,0.0,0.0,0.0,0.0,0.0,0.04225714285714286,23.801,25.2469167,55.31465625
0.3461,0.0,0.0,0.0,0.0,0.0,0.0,0.04944285714285714,52.502,25.24715957014222,55.314397665022376
0.7107,0.0,0.0,0.0,0.0,0.0,0.0,0.10152857142857143,58.866,25.24724633207414,55.31446603299991
0.5942,0.0,0.0,0.0,0.0,0.0,0.0,0.08488571428571427,130.728,25.249398764051737,55.31360339932431
1.0,0.3074,0.125,0.0112,0.0112,0.0112,0.0112,0.21102857142857148,20.356,25.2493231,55.3148023
0.0,0.0,0.0,0.0,0.0,0.0,0.0,0.0,9.148,25.24751605,55.314307
0.0,0.0,0.0,0.0,0.0,0.0,0.0,0.0,38.315,25.24765325,55.3144393
0.0,0.0,0.0,0.0,0.0,0.0,0.0,0.0,20.075,25.24748825,55.31421455
0.2041,0.0,0.0,0.0,0.0,0.0,0.0,0.029157142857142857,33.665,25.2470471,55.3137782
0.7858,0.0,0.0,0.0,0.0,0.0,0.0,0.11225714285714286,31.218,25.247223632614702,55.31402479059238
0.718,0.0,0.0,0.0,0.0,0.0,0.0,0.10257142857142856,38.977,25.24729401457526,55.31401448633119
1.0,1.0,0.0,0.0,0.0,0.0,0.0,0.2857142857142857,10.844,25.2549609,55.3041898
1.0,1.0,0.0,0.0,0.0,0.0,0.0,0.2857142857142857,15.907,25.25487365,55.30420145000001
1.0,1.0,0.1584,0.0,0.0,0.0,0.0,0.30834285714285714,32.642,25.25486613418026,55.30437902218122
1.0,0.9607,0.0,0.0,0.0,0.0,0.0,0.2801,59.721,25.2545269,55.3050581
1.0,0.9075,0.7527,0.0,0.0,0.0,0.0,0.38002857142857144,22.33,25.25474808320907,55.3047461032019
1.0,0.8659,0.5735,0.0,0.0,0.0,0.0,0.3484857142857143,22.432,25.25470909808283,55.30470284907691
1.0,0.0,0.0,0.0,0.0,0.0,0.0,0.14285714285714285,6.258,25.2544444,55.3048189
1.0,0.0,0.0,0.0,0.0,0.0,0.4592,0.20845714285714287,159.425,25.25407950615305,55.30553705311836
0.0,0.0,0.0,0.0,0.0,0.0,0.4303,0.06147142857142857,64.006,25.25250675,55.30903255
0.6289,0.0,0.0,0.0,0.0,0.0,0.2799,0.12982857142857143,43.691,25.252299735194704,55.30951660025374
0.5836,0.0,0.0,0.0,0.0,0.0,1.0,0.22622857142857145,33.527,25.25227734056893,55.309435587952095
1.0,1.0,0.8399,0.0,0.0,0.8945,1.0,0.6763428571428571,37.436,25.25201865,55.29993795
1.0,0.4211,0.0,0.0,0.0,0.8727,1.0,0.47054285714285715,57.902,25.25223695,55.29953005
1.0,1.0,0.8629,0.0,0.0,0.0,1.0,0.5518428571428571,31.67,25.252128202840694,55.2999278467604
1.0,0.0,0.0,0.0,0.0,1.0,1.0,0.42857142857142855,15.833,25.2499892,55.29510465000001
1.0,0.0,0.0,0.0,0.0,0.7204,0.8162,0.36237142857142857,74.772,25.249631460616854,55.29488913252486
1.0,0.0,0.0,0.0,0.0,0.5776,0.8241,0.3431,74.164,25.249617662622356,55.29495654511057
1.0,1.0,0.0,0.0,0.0,0.0,0.0,0.2857142857142857,14.169,25.25420645,55.2938236
1.0,0.716,0.5668,0.0,0.0,0.0,0.0,0.3261142857142857,70.193,25.254081534489885,55.2934780339006
0.6025,0.0,0.0,0.0,0.0,0.0,0.0,0.08607142857142858,23.68,25.24764405,55.2984197
0.8623,0.0,0.0,0.0,0.0,0.0,0.1858,0.14972857142857143,18.284,25.24751665,55.2985489
0.9695,0.0,0.0,0.0,0.0,0.0,0.0,0.1385,102.545,25.247380522667054,55.29897332154856
0.7146,0.5865,0.5118,0.4652,0.4652,0.4652,1.0,0.6012142857142856,29.613,25.25462515,55.2939006
0.3886,0.0,0.0,0.0,0.0,0.0,1.0,0.1983714285714286,13.16,25.25458015,55.2937077
1.0,0.9489,0.6018,0.0,0.0,0.0317,0.1152,0.3853714285714286,74.412,25.25442405,55.30052045
1.0,0.9881,0.9157,0.0,0.0,0.0,0.0,0.41482857142857144,68.164,25.2545692,55.3009987
1.0,0.4143,0.0725,0.0,0.0,0.0,0.8238,0.33008571428571426,48.096,25.2548196,55.3004913
1.0,1.0,0.0,0.0,0.0,1.0,1.0,0.5714285714285714,18.378,25.250698042019682,55.300108785025415
1.0,0.8643,0.7407,0.0,0.0,0.2445,0.8518,0.5287571428571428,123.961,25.250119884690783,55.29983567660635
1.0,1.0,0.0,0.0,0.0,1.0,1.0,0.5714285714285714,13.026,25.250646766042514,55.30006919532395
1.0,0.0,0.0,0.0,1.0,1.0,1.0,0.5714285714285714,19.162,25.25080345,55.2945696
1.0,0.0,0.0,0.0,0.0033,0.1106,0.9874,0.30018571428571433,80.512,25.25054495,55.29487
1.0,0.0,0.0,0.0,0.0162,0.2984,1.0,0.33065714285714287,15.156,25.250684403412826,55.29446628932301
0.0,0.0,0.0,0.0,0.0,0.0,1.0,0.14285714285714285,5.596,25.254888,55.30189015000001
0.6677,0.0,0.0,0.0,0.0,0.6745,1.0,0.3346,55.421,25.25475968014556,55.30215461002747
0.5127,0.0,0.0,0.0,0.0,0.0,0.153,0.0951,72.912,25.25485558398288,55.30223386679893
1.0,1.0,1.0,0.0,0.7403,1.0,0.962,0.8146142857142856,35.163,25.25202305,55.3008997
1.0,1.0,1.0,0.4035,0.1075,0.6551,0.9824,0.7355,19.997,25.2517972,55.30084425
1.0,1.0,0.8999,0.0,0.1088,0.6693,1.0,0.6682857142857143,84.001,25.251810245749773,55.30046968026338
1.0,0.0,0.0,0.0,0.0,0.0,0.0,0.14285714285714285,5.435,25.24664395,55.3002267
1.0,0.5852,0.0,0.0,0.0,0.0,0.0,0.22645714285714286,38.041,25.246778321672373,55.300072909608865
1.0,0.0,0.0,0.0,0.0,0.0,0.0,0.14285714285714285,38.633,25.246737208894483,55.30003340431938
1.0,0.4836,0.0,0.0,0.0,1.0,1.0,0.49765714285714285,37.901,25.2535327,55.2989441
1.0,0.7773,0.5239,0.0,0.2321,0.5582,0.9144,0.5722714285714285,142.996,25.253221190691832,55.29830052414085
1.0,0.6866,0.0,0.0,0.0,0.7926,1.0,0.4970285714285714,109.319,25.2529522370316,55.29859327548033
1.0,0.0,0.0,0.0,0.0,0.3881,0.6004,0.2840714285714286,20.386,25.254648688924263,55.30246046042734
1.0,0.0,0.0,0.0,0.0308,0.8749,1.0,0.41509999999999997,56.652,25.25437436850933,55.30230067267808
1.0,1.0,1.0,0.0239,0.0,0.2016,0.658,0.5547857142857142,28.604,25.252059939038098,55.30007241266661
1.0,0.0,0.0,0.0,0.0,0.6118,1.0,0.37311428571428573,18.156,25.24876315,55.29884435
1.0,0.0,0.0,0.0,0.0,0.7187,0.9027,0.37448571428571426,21.995,25.248609639094205,55.29873894346562
1.0,0.0,0.0,0.0,0.0,0.7275,1.0,0.3896428571428571,24.096,25.248712938269016,55.29891378259638
0.8574,0.6295,0.0,0.0,0.0066,0.0188,0.0798,0.2274428571428571,201.639,25.24784732860965,55.2976789275281
1.0,0.0,0.0,0.0,0.0,0.0,0.0147,0.14495714285714284,96.019,25.247243856553755,55.29899975404677
1.0,0.911,0.0,0.0,0.0,0.0,0.7881,0.3855857142857143,65.011,25.254466426168335,55.302529622822306
1.0,0.0,0.0,0.0,0.0,0.0,0.0,0.14285714285714285,8.937,25.24932105,55.294524
1.0,0.0,0.0,0.0,0.0,0.0,0.0,0.14285714285714285,12.374,25.24935175,55.2945915
1.0,0.0,0.0,0.0,0.0,0.0,0.0,0.14285714285714285,14.513,25.249244555531757,55.29452969049121
1.0,0.0,0.0,0.0,0.0,0.0,1.0,0.2857142857142857,4.83,25.25064755,55.29437805
1.0,0.5098,0.0,0.0,0.0,0.0,1.0,0.35854285714285716,27.723,25.2505364,55.2942836
1.0,0.7199,0.6189,0.0,0.0,0.0,1.0,0.47697142857142855,60.376,25.25074005982069,55.294081351248536
1.0,0.8444,0.3784,0.1262,0.1558,0.1558,0.8344,0.4992857142857143,56.98,25.254414041631918,55.29391164310103
1.0,1.0,0.2309,0.0,0.0,0.0,0.0,0.31870000000000004,25.502,25.2472124,55.29997165
1.0,0.0153,0.0,0.0,0.0,0.0,0.0,0.14504285714285717,19.931,25.24703345,55.2998627
1.0,0.7915,0.0,0.0,0.0,0.0,0.0,0.25592857142857145,23.11,25.247009248748032,55.29992203920288
0.8904,0.9562,0.8145,0.0,0.1627,0.9038,1.0,0.6753714285714286,52.477,25.2546225,55.30156055
0.0,0.0,0.008,0.0,0.014,0.9106,1.0,0.27608571428571427,20.3,25.2548761931806,55.301768062451984
1.0,1.0,0.0,0.0,0.0,1.0,1.0,0.5714285714285714,12.714,25.2507283,55.30005855
1.0,1.0,0.0,0.0,0.0,1.0,1.0,0.5714285714285714,10.545,25.25082,55.30011415
0.7317,0.6415,0.0,0.0,0.0,0.0,0.6559,0.2898714285714286,48.88,25.254338222316076,55.2937357381266
1.0,0.9423,0.7498,0.0,0.0,0.3018,0.4327,0.48951428571428574,120.979,25.25378395,55.2974315
1.0,0.7074,0.3163,0.0,0.0,0.0605,0.7042,0.39834285714285717,49.414,25.2531023,55.2970449
1.0,1.0,0.72,0.0,0.0,0.0,0.0,0.3885714285714285,90.022,25.253032645801603,55.29744589685423
1.0,0.0,0.0,0.0,0.0,0.0,0.0,0.14285714285714285,24.467,25.24665385,55.29990735
1.0,0.0,0.0,0.0,0.0,0.0,0.0,0.14285714285714285,23.204,25.246598346340654,55.299900490145056
1.0,0.4717,0.0,0.0,0.0,0.0,0.0,0.21024285714285715,94.712,25.24640135804508,55.30043024957824
1.0,0.0,0.0,0.0,0.0,0.0,0.0,0.14285714285714285,20.432,25.25050775,55.301128
1.0,0.0,0.0,0.0,0.5094,0.9108,0.7648,0.455,76.903,25.25015715623066,55.30121912274073
1.0,1.0,0.4481,0.0,0.0,0.5077,0.8009,0.5366714285714286,84.825,25.2514693,55.29265135
1.0,1.0,0.0,0.0,0.0,1.0,0.0,0.42857142857142855,6.246,25.25167155,55.29225765
1.0,1.0,0.965,0.0,0.0,0.2051,0.2373,0.4867714285714285,30.874,25.251782414980063,55.29235119812365
1.0,1.0,0.9785,0.0,0.0,0.0,0.975,0.5647857142857143,45.078,25.2523643,55.3001793
1.0,0.7594,0.2912,0.0,0.1741,0.2376,0.6015,0.4376857142857143,39.742,25.24430245,55.29377385
1.0,0.0,0.0,0.0,0.0,0.0357,1.0,0.29081428571428575,58.557,25.24453205,55.2940167
1.0,0.0,0.0,0.0,0.0,0.0,1.0,0.2857142857142857,2.489,25.24447475000001,55.2937199
1.0,0.0,0.0,0.0,0.0,0.0,0.0054,0.14362857142857144,23.656,25.24539915,55.29463405
0.2585,0.0,0.0,0.0,0.0,0.0,0.0,0.03692857142857143,42.418,25.245354311561293,55.29431064109008
0.7576,0.4346,0.4153,0.1241,0.1241,0.3759,0.3778,0.37277142857142864,39.014,25.24529951498091,55.294345744732354
1.0,0.5325,0.0,0.0,0.0,0.0,1.0,0.36178571428571427,12.035,25.2432631,55.2954485
1.0,0.4292,0.0,0.0,0.0,0.2724,0.6989,0.3429285714285714,74.269,25.24358015,55.29558145
1.0,0.2925,0.0,0.0,0.0,0.0036,1.0,0.3280142857142857,75.034,25.24345844921521,55.295073118188746
1.0,0.0,0.0,0.0,0.0,1.0,1.0,0.42857142857142855,24.048,25.247279401499537,55.29204115904346
1.0,0.0,0.0,0.0,0.0,0.0687,0.2488,0.1882142857142857,36.321,25.24748995742231,55.29220742461156
1.0,0.0531,0.0,0.0,0.0,0.2259,1.0,0.32557142857142857,17.95,25.24733980031399,55.292202007814375
1.0,1.0,0.0,0.0,0.0,0.0,0.0,0.2857142857142857,4.591,25.24906685,55.29139205
1.0,0.6678,0.4055,0.3269,0.3591,0.8736,0.9738,0.6581000000000001,133.042,25.248644779239033,55.290929811107844
1.0,0.0,0.0,0.0,0.0,0.0,0.5555,0.2222142857142857,70.77,25.24224135,55.2943679
1.0,0.5256,0.0,0.0,0.0,0.6325,0.8292,0.42675714285714283,77.805,25.2417762,55.29448035
1.0,0.0,0.0,0.0,0.0,0.0,1.0,0.2857142857142857,1.791,25.2420874,55.2946758
1.0,0.0,0.0,0.0,0.0,0.0,0.2773,0.18247142857142856,34.849,25.246583661110318,55.29086700464166
1.0,0.0,0.0,0.0,0.0,0.0,0.0,0.14285714285714285,16.973,25.246510670283264,55.29072757250338
1.0,0.0,0.0,0.0,0.0,0.0,0.0,0.14285714285714285,10.242,25.246601991626715,55.29065279791307
1.0,0.0,0.0,0.0,0.0,0.0,0.0,0.14285714285714285,17.514,25.245377857433486,55.293861717557185
1.0,0.3753,0.0,0.0,0.0,0.0,0.0,0.19647142857142857,9.647,25.245492387798347,55.2938630342187
1.0,0.0,0.0,0.0,0.0,0.0,0.0,0.14285714285714285,69.715,25.24529210839611,55.29355913038424
1.0,0.6261,0.0,0.0,0.0,0.0,0.2968,0.2747,13.028,25.24705245,55.2903755
1.0,1.0,0.0,0.0,0.0,0.0,1.0,0.42857142857142855,9.35,25.24698885,55.2903416
1.0,0.98,0.2843,0.0,0.0,0.0,0.7954,0.4371,49.255,25.246786436602616,55.29046705437
1.0,0.6016,0.0,0.0,0.0,0.0,0.0,0.22879999999999998,8.556,25.24263205,55.295067
1.0,0.6456,0.0,0.0,0.0,0.1901,0.9688,0.40064285714285713,70.147,25.2428148,55.29473195
1.0,0.392,0.009,0.0,0.0,0.0,0.4177,0.25981428571428566,28.623,25.2425399,55.2949602
1.0,0.0,0.0,0.0,0.0,0.0,0.0,0.14285714285714285,4.117,25.2404277,55.2948684
1.0,0.0,0.0,0.0,0.0,0.0,0.2014,0.17162857142857144,26.697,25.24045905,55.29501735
1.0,0.0,0.0,0.0,0.0,0.0,0.0,0.14285714285714285,6.617,25.24045716966719,55.29489946050734
1.0,0.0,0.0,0.0,0.0,0.0,1.0,0.2857142857142857,42.546,25.24466565,55.29470865
1.0,0.0,0.0,0.0,0.0,0.0,1.0,0.2857142857142857,20.61,25.24460635,55.2944016
1.0,0.6983,0.5231,0.0,0.1759,0.5135,1.0,0.5586857142857143,40.243,25.24444865000001,55.29454315
1.0,0.2957,0.0,0.0,0.0,0.0582,0.1788,0.21895714285714288,11.608,25.2447509,55.2972092
1.0,0.0878,0.0,0.0,0.0,0.0,0.9051,0.2847,74.012,25.24495865343383,55.296919122720624
1.0,1.0,0.0,0.0,0.0,0.0,0.0,0.2857142857142857,10.763,25.2447802664213,55.29728976611142
1.0,0.0,0.0,0.0,0.0,0.0,0.9622,0.28031428571428574,44.814,25.247026026493025,55.292442359847904
1.0,0.0,0.0,0.0,0.0,0.0,1.0,0.2857142857142857,17.443,25.247166724630578,55.29228629110663
1.0,0.0,0.0,0.0,0.0,0.0,1.0,0.2857142857142857,7.597,25.24709218884467,55.29220473170377
0.8051,0.0259,0.0,0.0,0.0,0.0,0.3265,0.1653571428571429,78.332,25.2468371,55.29619055
1.0,0.0,0.0,0.0,0.0,0.0,0.0,0.14285714285714285,104.427,25.2472447,55.2954016
1.0,0.0,0.0,0.0,0.0,0.0,0.2959,0.18512857142857145,173.444,25.247635275615384,55.29588549832416
1.0,0.6874,0.2991,0.0,0.2522,0.2532,0.4287,0.4172285714285714,35.307,25.247457141495097,55.2922991279741
1.0,0.0396,0.0,0.0,0.0,0.0,1.0,0.29137142857142856,7.313,25.247272110878093,55.29229367233291
1.0,0.9599,0.0,0.0,0.0,0.0,1.0,0.4228428571428572,14.3,25.2469203,55.2903123
1.0,0.5805,0.0,0.0,0.0,0.0,1.0,0.3686428571428571,53.349,25.246620908587573,55.29034700110975
1.0,0.862,0.0,0.0,0.0,0.0,1.0,0.40885714285714286,36.749,25.246704383635603,55.29039636449619
1.0,0.3036,0.0,0.0,0.0,0.0,0.1264,0.20428571428571426,43.848,25.24937959706788,55.29350220783252
1.0,1.0,0.0,0.0,0.0,0.0,0.0,0.2857142857142857,13.804,25.249483424778816,55.29372671227513
1.0,1.0,0.0,0.0,0.0,0.0,0.0,0.2857142857142857,14.734,25.249507851688655,55.29373363960166
0.6707,0.2318,0.0,0.0,0.0,0.0,0.7883,0.24154285714285711,150.036,25.24606190769717,55.29795533984911
1.0,0.0,0.0,0.0,0.0,0.0,0.0,0.14285714285714285,62.406,25.246800371852867,55.29789144022889
1.0,0.0,0.0,0.0,0.0,0.0258,0.1984,0.17488571428571428,144.168,25.246553502001497,55.29874234154098
0.3642,0.0,0.0,0.0,0.0,0.0,0.0,0.05202857142857143,21.258,25.24530506079509,55.29400688855838
1.0,0.0,0.0,0.0,0.0,0.0,0.0,0.14285714285714285,34.61,25.245253929092733,55.293749943225535
1.0,0.0,0.0,0.0,0.0,0.0,0.0,0.14285714285714285,21.584,25.24073005,55.29403875
1.0,0.14,0.0,0.0,0.0,0.0,0.0,0.16285714285714287,43.07,25.2408472,55.2939641
1.0,0.9273,0.2701,0.0,0.0,0.0,0.0,0.3139142857142857,23.426,25.24068835,55.29424415
1.0,0.1569,0.0,0.0,0.0,0.0,0.0,0.16527142857142857,67.018,25.24200705,55.29329055
1.0,0.5682,0.4823,0.0,0.0,0.0,0.0,0.2929285714285714,43.028,25.24226345,55.29282265000001
1.0,0.0,0.0,0.0,0.2418,0.6878,0.7383,0.3811285714285714,39.634,25.2423175,55.2931042
1.0,0.8197,0.7939,0.0,0.7725,0.7899,0.9048,0.7258285714285714,77.312,25.24186058546635,55.29281605160178
1.0,0.0,0.0,0.0,0.0,0.0,1.0,0.2857142857142857,22.138,25.246455659683924,55.29045889295933
1.0,0.2977,0.0,0.0,0.0,0.0,0.4791,0.25382857142857146,16.561,25.24635540034508,55.29058206944005
1.0,0.0,0.0,0.0,0.0,0.0,0.2793,0.18275714285714287,34.741,25.246218392949697,55.290518904398155
1.0,0.6097,0.0,0.0,0.0,0.0,1.0,0.3728142857142857,93.651,25.24787225,55.290996
1.0,0.5088,0.2655,0.0,0.0,0.0,0.696,0.3529,78.451,25.2490312,55.2922367
1.0,0.0,0.0,0.0,0.0,0.0,0.1241,0.1605857142857143,61.43,25.24919895,55.29269335
1.0,0.4662,0.0,0.0,0.0,0.0,0.8595,0.3322428571428571,73.107,25.24950055,55.29211355
1.0,0.4323,0.4378,0.0392,0.0,1.0,1.0,0.5584714285714286,16.345,25.2446423,55.29713925
1.0,0.0,0.0,0.0032,0.0,1.0,1.0,0.4290285714285714,9.827,25.24467322080492,55.297211971455376
1.0,0.0,0.0,0.0,0.0,0.7015,0.9004,0.37170000000000003,22.631,25.244770015820343,55.297091579781934
1.0,0.0,0.0,0.0,0.0,0.0,0.6559,0.23655714285714285,39.206,25.2450508,55.29276185000001
1.0,0.0,0.0,0.0,0.0,0.0,0.0,0.14285714285714285,116.923,25.24489995,55.2920038
1.0,0.0,0.0,0.0,0.0,0.0,0.0,0.14285714285714285,38.32,25.244902025945784,55.292704435449636
0.6919,0.0,0.0,0.0,0.0,0.0,0.2278,0.13138571428571427,79.39,25.2471185,55.29728095
0.9402,0.2384,0.1291,0.0029,0.0082,0.2628,0.5902,0.31025714285714284,82.358,25.24698205,55.29673545
1.0,0.0,0.0,0.0,0.0,0.0,1.0,0.2857142857142857,3.207,25.24731435,55.29694985
0.9366,0.3488,0.1719,0.0679,0.0901,0.0901,0.3949,0.30004285714285717,126.454,25.24580976655908,55.290685905130864
1.0,0.31,0.2551,0.0,0.0,0.0,0.0,0.2235857142857143,10.953,25.24639616129676,55.29070008976527
1.0,0.3576,0.264,0.2013,0.2031,0.5483,1.0,0.5106142857142857,45.328,25.246965927818643,55.29199434333799
1.0,0.0,0.0,0.0,0.0,0.2707,1.0,0.3243857142857142,20.416,25.24711512021257,55.292080351940356
1.0,0.0,0.0,0.0,0.0,0.0,0.0,0.14285714285714285,41.576,25.2478716,55.2972838
1.0,0.0,0.0,0.0,0.0,0.6566,0.6606,0.33102857142857145,37.529,25.24773900964225,55.29729675180173
0.8972,0.1035,0.0622,0.0381,0.0368,0.0384,0.0699,0.1780142857142857,212.723,25.247369676066935,55.29841918821291
0.6404,0.0,0.0,0.0,0.0,0.0,0.2301,0.12435714285714285,62.734,25.245450151341565,55.294428144580564
1.0,0.2545,0.0,0.0,0.0,0.0,0.0,0.17921428571428571,9.683,25.24551599538066,55.29410199786332
0.9571,0.0,0.0,0.0,0.0,0.0,0.0,0.13672857142857142,17.191,25.245405551108913,55.294130348964885
1.0,0.0307,0.0,0.0,0.0,0.0,1.0,0.29009999999999997,11.018,25.246776041779835,55.29180808323226
1.0,0.8977,0.7282,0.0773,0.2071,0.2127,0.7245,0.5496428571428571,24.219,25.24674985461631,55.29194495295269
0.421,0.0,0.0,0.0,0.0,0.0,0.3014,0.10319999999999999,43.542,25.242594950121116,55.29607087125537
0.0,0.0,0.0,0.0,0.0,0.0,0.293,0.04185714285714286,14.376,25.24244584684709,55.29591486705936
0.6493,0.0,0.0,0.0,0.0,0.0,0.286,0.1336142857142857,67.973,25.24222746527229,55.29619274035645
1.0,0.1565,0.0,0.0,0.0,0.0,0.28,0.20521428571428574,29.903,25.2471144,55.2902651
0.0,0.0,0.0,0.0,0.0,0.0,1.0,0.14285714285714285,10.473,25.24232175,55.2956415
0.7796,0.0104,0.0,0.0,0.0,0.1994,0.9362,0.27508571428571427,54.007,25.24208927448017,55.295549170127
0.0,0.0,0.0,0.0,0.0,0.0,0.5767,0.08238571428571428,24.808,25.24237970789974,55.29576903403049
1.0,0.584,0.2224,0.1112,0.1112,0.553,0.6352,0.4595714285714285,146.65,25.2481503,55.2916855
1.0,0.6463,0.0,0.0,0.0,0.0,0.7644,0.34438571428571435,73.522,25.2488905,55.2917279
1.0,0.0,0.0,0.0,0.0,0.0,0.9496,0.2785142857142857,47.237,25.247105460476686,55.292483899352256
1.0,0.1714,0.1336,0.0,0.0,0.0,0.0,0.18642857142857142,33.485,25.245658,55.29681205
1.0,0.0,0.0,0.0,0.0,0.0,0.267,0.181,6.875,25.2458135,55.2969155
1.0,0.7666,0.3317,0.0,0.0,0.0,0.0,0.2997571428571429,93.629,25.24599492106588,55.296497213939524
1.0,0.0,0.0,0.0,0.1688,0.9441,1.0,0.44470000000000004,51.41,25.2499314,55.29494445
1.0,0.0,0.0,0.0,0.6337,0.8237,0.9375,0.4849857142857143,40.533,25.249604365851177,55.2946707686343
1.0,0.0,0.0,0.0,0.4636,0.6564,0.7753,0.41361428571428577,41.704,25.249566112005937,55.2947182682247
1.0,1.0,0.0,0.0,0.0,0.0,0.0,0.2857142857142857,19.334,25.24555387894459,55.29397668015078
1.0,0.8918,0.7951,0.0,0.0,0.0,0.0,0.38384285714285715,39.917,25.24570641173512,55.29398850567047
1.0,1.0,0.0,0.0,0.0,0.2446,0.9562,0.45725714285714286,38.343,25.24434835,55.29629085
1.0,1.0,0.0,0.0,0.0,0.0,0.5956,0.3708,23.867,25.24449105,55.29602485
1.0,0.9724,0.3007,0.1585,0.1592,0.6625,1.0,0.6076142857142857,72.741,25.2441529,55.29594635
1.0,1.0,0.7111,0.399,0.3109,0.3109,0.8356,0.6525000000000001,22.788,25.24460635,55.29807255
1.0,1.0,1.0,1.0,1.0,1.0,1.0,1.0,11.876,25.2446917,55.298207
1.0,0.0,0.0,0.0,0.0,0.0,0.5522,0.22174285714285716,58.896,25.2451339,55.2932407
1.0,0.0,0.0,0.0,0.0,0.0,0.3179,0.1882714285714286,40.68,25.24492368471632,55.29288647241421
1.0,1.0,0.0,0.0,0.0,0.0,0.0,0.2857142857142857,20.992,25.2498301,55.2935481
1.0,0.5965,0.0,0.0,0.0,0.0,0.0,0.22807142857142856,219.272,25.250202615974384,55.29263109194556
1.0,0.6436,0.0,0.0,0.0,0.0,0.0,0.23479999999999998,100.038,25.249542408723997,55.29404077636309
1.0,0.2114,0.0,0.0,0.0,1.0,1.0,0.4587714285714286,39.902,25.24416885,55.2966254
1.0,0.0,0.0,0.0,0.0,0.7339,1.0,0.3905571428571429,14.515,25.2440205,55.29676045
1.0,0.7427,0.3152,0.0605,0.0,0.7002,0.8378,0.5223428571428572,63.514,25.24432785,55.29694755
1.0,0.0,0.0,0.0,0.0,0.0,0.7207,0.2458142857142857,17.207,25.24659633623424,55.29052778598794
1.0,0.0,0.0,0.0,0.0,0.0,0.6353,0.23361428571428572,39.071,25.246215267724715,55.290444104258754
1.0,0.0,0.0,0.0,0.0,0.0,0.8923,0.2703285714285714,52.217,25.245833217019463,55.29058031617121
1.0,0.184,0.0,0.0,0.0,0.843,0.9462,0.4247428571428572,24.606,25.24285765,55.2934496
1.0,0.0,0.0,0.0,0.0,0.9169,0.9813,0.41402857142857147,37.265,25.2426168,55.29329565000001
1.0,0.4318,0.2221,0.2224,0.2224,0.3876,0.8107,0.471,78.862,25.24258205,55.29372645
1.0,0.0,0.0,0.0,0.0,0.0,0.0,0.14285714285714285,6.476,25.2451861,55.29356045
0.1627,0.0,0.0,0.0,0.0,0.0,0.0,0.023242857142857145,58.103,25.245208377817097,55.29387675408497
1.0,0.0,0.0,0.0,0.0,0.0,0.0,0.14285714285714285,29.231,25.24278385,55.29618215000001
1.0,0.0,0.0,0.0,0.0,0.0,0.317,0.18814285714285714,12.852,25.242796893860607,55.296042630950474
1.0,0.0,0.0,0.0,0.0,0.0,0.0,0.14285714285714285,7.977,25.242887286869628,55.29606986282891
1.0,0.2548,0.0,0.0,0.0,0.1988,0.6833,0.3052714285714285,64.971,25.24641517579308,55.29635689875938
1.0,0.212,0.0924,0.0535,0.0349,0.0295,0.0973,0.2170857142857143,58.207,25.24728967297578,55.290784664825395
1.0,0.6898,0.0,0.0,0.0,0.0,0.6453,0.33358571428571426,36.918,25.24745027137022,55.29120770002591
1.0,0.8037,0.5394,0.0,0.1921,0.2669,0.6206,0.4889571428571429,95.163,25.247097117351764,55.29143209587902
1.0,1.0,0.0,0.0,0.0,0.0,0.0,0.2857142857142857,19.542,25.2506753,55.29176085
0.999,0.1332,0.0,0.0,0.0,0.2951,0.9586,0.3408428571428571,140.006,25.24638765,55.2972764
1.0,1.0,0.0,0.0,0.0,0.0,0.0,0.2857142857142857,29.96,25.2507509,55.29172325
1.0,0.3369,0.0,0.0,0.0,0.0,0.0,0.1909857142857143,26.917,25.25063455,55.29197505
1.0,0.0,0.0,0.0,0.0,0.9397,1.0,0.41995714285714286,51.222,25.246985999156365,55.29187884586742
1.0,0.0,0.0,0.0,0.0,0.0,0.7756,0.25365714285714286,15.002,25.2418543,55.2963637
1.0,0.0,0.0,0.0,0.0,0.3637,0.9234,0.3267285714285714,53.226,25.241716268708217,55.296225938262985
1.0,0.0,0.0,0.0,0.0,0.2598,0.7578,0.2882285714285714,19.868,25.241994607994695,55.29641745161227
0.7629,0.0,0.0,0.0,0.0,0.0,1.0,0.25184285714285715,20.008,25.242663794645946,55.295973618204584
1.0,0.0,0.0,0.0,0.0,1.0,1.0,0.42857142857142855,5.042,25.2477959,55.2943521
1.0,0.7631,0.7166,0.0648,0.2037,0.5411,0.4574,0.5352428571428571,79.938,25.2479831,55.2939838
1.0,0.0,0.0,0.0,0.0,0.0,0.0,0.14285714285714285,17.536,25.24732078882763,55.29020682844323
1.0,1.0,0.0,0.0,0.0,0.0,0.0,0.2857142857142857,9.922,25.2499338,55.2934547
1.0,1.0,0.4219,0.0,0.0,0.0,0.0,0.3459857142857143,40.283,25.249826,55.293674
1.0,0.0,0.0,0.0,0.0,0.0,0.0,0.14285714285714285,11.289,25.2429473,55.2960341
1.0,0.1711,0.0,0.0,0.0,0.7954,0.8241,0.3986571428571429,61.688,25.24316582869283,55.296227074677745
0.0,0.0,0.0,0.0,0.0,0.0,1.0,0.14285714285714285,15.384,25.24252605,55.29588565
1.0,0.0,0.0,0.0,0.0,0.5581,1.0,0.3654428571428571,40.224,25.2464262,55.2946399
1.0,0.0,0.0,0.0,0.0,0.3097,1.0,0.32995714285714284,16.335,25.2462323,55.29460365
1.0,0.1833,0.0,0.0,0.0,0.0,0.6992,0.26892857142857146,130.407,25.246352593375146,55.295315139156685
1.0,0.593,0.1535,0.1535,0.4233,0.7425,1.0,0.5808285714285714,23.883,25.244306752382368,55.297709569896234
1.0,1.0,1.0,1.0,1.0,1.0,1.0,1.0,44.287,25.24450713041889,55.29747480062286
1.0,0.2196,0.1401,0.1401,0.3785,0.7688,1.0,0.5210142857142858,20.331,25.24439334301393,55.297743940761116
1.0,0.236,0.0,0.0,0.0,0.0,0.0,0.17657142857142857,69.354,25.249365960095545,55.29411366497182
1.0,0.0,0.0,0.0,0.0,0.0,0.0,0.14285714285714285,34.676,25.246496194002802,55.29088956294399
1.0,0.8861,0.0,0.0,0.0,0.0192,0.2852,0.31292857142857144,38.274,25.245698388796697,55.29388760961531
1.0,0.0,0.0,0.0,0.0,0.0,0.0,0.14285714285714285,10.32,25.25102965,55.2901549
1.0,0.0,0.0,0.0,0.0,0.7854,0.4648,0.32145714285714283,22.481,25.248979892716928,55.2930220068282
1.0,0.0,0.0,0.0,0.0,0.0,0.0,0.14285714285714285,21.467,25.24903996767132,55.293060479814635
1.0,0.0,0.0,0.0,0.0,0.456,0.5256,0.2830857142857143,28.228,25.2425121,55.2941348
1.0,0.8309,0.7762,0.0,0.4453,0.5442,0.8064,0.6290000000000001,77.947,25.24209775,55.2938726
1.0,0.0,0.0,0.0,0.0,0.8943,1.0,0.41347142857142855,29.989,25.24286115,55.2943586
1.0,0.0725,0.0,0.0,0.0,0.9252,0.976,0.4248142857142857,73.448,25.243269535532956,55.29460097511806
1.0,0.0,0.0,0.0,0.0,0.0,0.0,0.14285714285714285,51.006,25.2413564,55.2945083
1.0,0.0,0.0,0.0,0.0,0.0,0.0,0.14285714285714285,16.409,25.2415092,55.29421885
1.0,0.9323,0.3091,0.1198,0.1201,0.2047,0.4884,0.45348571428571427,78.675,25.2478486,55.29344905
1.0,0.4784,0.0,0.0,0.0,0.1152,0.8949,0.35550000000000004,59.258,25.24730835,55.29311235
1.0,0.9812,0.8232,0.0551,0.1192,0.2421,0.6049,0.5465285714285715,251.265,25.25305875,55.292348
1.0,0.5496,0.8219,0.0,0.0,0.0,0.0,0.33878571428571425,34.29,25.2540141,55.29324185
0.5557,0.0,0.0,0.0,0.0,0.0,0.0,0.07938571428571428,13.798,25.25421147829829,55.29330411952236
1.0,0.8763,0.3812,0.2895,0.2742,0.2824,0.3257,0.4899,367.748,25.252990932187313,55.29197351209527
1.0,0.7082,0.0,0.0,0.0,0.0,0.0,0.24402857142857146,34.445,25.2518293,55.2908789
1.0,0.7247,0.2105,0.1432,0.13,0.1216,0.1273,0.3510428571428571,59.856,25.251599836752014,55.29050477564966
1.0,1.0,0.0,0.0,0.0,0.0,0.1143,0.30204285714285717,33.538,25.25197485,55.29116155000001
1.0,0.8788,0.8239,0.0,0.0,0.0,0.2772,0.4257,69.067,25.251644521784378,55.29080848748673
1.0,0.0,0.0,0.0,0.0,0.0,0.0,0.14285714285714285,8.626,25.2492037,55.2944575
1.0,0.0,0.0,0.0,0.0,0.0,0.0,0.14285714285714285,295.429,25.248571183382218,55.29579761844102
1.0,1.0,0.0,0.0,0.0,0.0,0.0,0.2857142857142857,12.113,25.246365211222386,55.31078823520211
1.0,0.1101,0.0,0.0,0.0,0.0,0.0,0.1585857142857143,46.153,25.246455204589072,55.310516646902286
1.0,0.1259,0.0,0.0,0.0,0.0,0.0,0.16084285714285715,46.051,25.246420543150958,55.31050646359174
1.0,1.0,1.0,0.0,0.0,0.6409,0.7159,0.6224,44.854,25.24793025,55.31227965
1.0,1.0,1.0,0.0,0.0,0.0,0.0,0.42857142857142855,8.346,25.24774575,55.3121113
1.0,0.9565,0.5505,0.0,0.0,0.0,0.0,0.35814285714285715,42.923,25.24789722419121,55.31197424354203
1.0,1.0,0.9739,0.0,0.0,0.0,0.0,0.42484285714285713,8.133,25.24633275,55.31088215
1.0,1.0,0.9988,0.0,0.0,0.0,0.4059,0.4863857142857143,42.953,25.24650319289693,55.310973332909875
1.0,1.0,0.0,0.0,0.0,1.0,1.0,0.5714285714285714,7.14,25.2482847,55.31263195
1.0,0.5262,0.0,0.0,0.2175,0.8085,1.0,0.5074571428571428,53.149,25.24807978972604,55.31282364810463
1.0,0.5852,0.4168,0.0,0.0,1.0,1.0,0.5717142857142857,30.526,25.248171383508,55.31253985251691
1.0,0.0,0.0,0.0,0.0,0.0,0.0,0.14285714285714285,49.77,25.2443593,55.3111203
1.0,0.0,0.0,0.0,0.0,0.0,0.0,0.14285714285714285,29.837,25.244502975298555,55.31113344779469
1.0,0.3223,0.0,0.0,0.0,0.0,0.0,0.1889,52.005,25.24557365,55.30843575
1.0,1.0,0.0671,0.0,0.0,0.0,0.0,0.2953,12.583,25.24567628570554,55.30814272227819
1.0,1.0,0.0,0.0,0.0,0.0,0.0,0.2857142857142857,13.442,25.24563453352307,55.308119818155284
1.0,0.589,0.3699,0.0,0.0,0.1283,0.7426,0.4042571428571428,45.411,25.243887282746048,55.30965421555947
1.0,0.2412,0.0,0.0,0.0,0.0,0.1156,0.19382857142857143,87.149,25.244058451993844,55.309106014583904
1.0,0.8411,0.6675,0.4243,0.5195,0.7097,0.882,0.7205857142857142,83.657,25.243563311811453,55.30972355986898
1.0,0.9877,0.0,0.0,0.7083,1.0,1.0,0.6708571428571428,81.071,25.24753466068572,55.31287206228968
1.0,0.6202,0.0,0.0,0.0566,0.515,1.0,0.4559714285714286,32.284,25.247979074950795,55.31304445403325
1.0,0.9802,0.8527,0.0,0.0,0.1248,0.4795,0.4910285714285714,141.666,25.249877941519074,55.3111596517157
1.0,0.265,0.0,0.0,0.0,1.0,1.0,0.46642857142857147,50.554,25.25003543548688,55.310545049974
1.0,1.0,0.0,0.0,0.0,0.0095,0.0533,0.29468571428571433,126.266,25.250477331222076,55.3101507107304
0.3618,0.0,0.0,0.0,0.0,0.0,0.7156,0.1539142857142857,285.763,25.249969876094156,55.31236410287583
1.0,0.5669,0.0,0.0,0.0,0.0,0.6349,0.3145428571428571,39.745,25.25436801549048,55.304316872855146
1.0,0.7117,0.3364,0.0,0.063,0.2252,0.3293,0.38079999999999997,352.759,25.25283828791264,55.30335515588894
1.0,0.0,0.0,0.0,0.0,0.0,0.671,0.2387142857142857,40.209,25.254400206636063,55.30427163882573
1.0,0.0,0.0,0.0,0.0,0.0,0.5661,0.22372857142857144,32.113,25.25453375,55.3046557
1.0,0.0,0.0,0.0,0.0,0.0,0.6542,0.2363142857142857,32.756,25.254476967375485,55.30463101763044
1.0,0.7654,0.0,0.0,0.0,0.0,1.0,0.3950571428571429,10.986,25.25463405,55.30447235
1.0,1.0,0.1698,0.0,0.0,0.0,0.1809,0.3358142857142857,18.109,25.25472835,55.30447385
1.0,1.0,0.0,0.0,0.0,0.0,0.3685,0.33835714285714286,31.009,25.2547347,55.3042957
1.0,0.5985,0.0,0.0,0.0,0.0,1.0,0.3712142857142857,12.632,25.25460955,55.3043959
1.0,1.0,0.0,0.0,0.0,0.0,0.0,0.2857142857142857,10.665,25.25483615,55.3041215
1.0,1.0,0.0,0.0,0.0,0.1086,0.6874,0.39942857142857147,17.558,25.25473935,55.3041264
1.0,0.2803,0.0,0.0,0.5899,0.903,0.8268,0.5142857142857143,44.03,25.245608618632076,55.305704826519786
1.0,0.8348,0.0,0.0,0.0,0.0,0.553,0.3411142857142857,113.044,25.245546889972026,55.30506651241779
1.0,0.8515,0.4793,0.1391,0.4396,0.5516,0.5527,0.5734,61.497,25.245185010723482,55.30562593227385
1.0,0.7482,0.0,0.0,0.514,0.7167,0.835,0.5448428571428571,16.026,25.2456615,55.30433765
1.0,1.0,0.857,0.0,0.0198,0.927,1.0,0.686257142857143,19.581,25.24581455,55.30438965
1.0,1.0,0.0,0.0,0.0003,0.9929,1.0,0.5704571428571429,17.323,25.24570835,55.3044436
1.0,0.0,0.0,0.0,0.0,0.6139,0.6542,0.3240142857142857,15.396,25.246176,55.3045253
1.0,0.6142,0.0,0.0,0.0,0.1192,0.6163,0.33567142857142857,126.165,25.24596911234438,55.30510751675417
1.0,0.4499,0.5629,0.0,0.0,0.8296,1.0,0.5489142857142857,25.082,25.246001722854714,55.304466703787696
0.7346,0.0,0.0,0.0,0.0,0.0,0.0,0.10494285714285714,314.301,25.25011452144668,55.31342920694081
0.7736,0.0,0.0,0.0,0.0,0.0,0.0,0.1105142857142857,75.342,25.250483197814464,55.312286573646254
1.0,0.3958,0.0,0.0,0.0,0.0,0.0,0.1994,9.061,25.2530603,55.30840325
0.8282,0.3984,0.0,0.0,0.0,0.0,0.0,0.17522857142857143,170.808,25.25331319805169,55.30760650618457
0.7146,0.0,0.0,0.0,0.0,0.0,0.0,0.1020857142857143,159.872,25.252817474952614,55.309149996015286
1.0,0.2101,0.0,0.0,0.0,0.0,0.0,0.17287142857142856,70.926,25.23794415,55.29941685
1.0,0.0,0.0,0.0,0.0,0.0,0.0,0.14285714285714285,9.768,25.23775925000001,55.299762
1.0,0.6403,0.347,0.0095,0.3395,0.3559,0.3668,0.437,56.89,25.237947223918535,55.29991174928826
1.0,1.0,0.9362,0.0,0.0,0.0,0.0,0.41945714285714286,25.009,25.239218,55.29688405
1.0,1.0,1.0,0.0,0.0,0.0,0.0,0.42857142857142855,1.504,25.2393159,55.2968367
1.0,0.8198,0.9126,0.0,0.0,0.0,0.0,0.3903428571428571,109.314,25.239600576984827,55.29641787905115
1.0,0.0,0.0,0.0,0.0,0.0,0.0,0.14285714285714285,28.138,25.242908813567844,55.298953504934374
1.0,0.0,0.0,0.0,0.0,0.0,0.3607,0.1943857142857143,12.687,25.242984994676853,55.29911365908136
1.0,0.0,0.0,0.0,0.0,0.0,0.0,0.14285714285714285,27.062,25.24282714906504,55.29902095159104
1.0,1.0,0.0,0.0,0.0,0.4779,1.0,0.49684285714285714,16.648,25.243135447142226,55.29858043349413
1.0,0.3595,0.0,0.0,0.0,0.0,0.2714,0.2329857142857143,25.689,25.243009783955785,55.29873222729805
1.0,0.2309,0.0,0.0,0.0,0.0,0.4247,0.23651428571428573,23.264,25.243004714019246,55.29864197901475
1.0,0.1715,0.1715,0.1715,0.2536,0.3983,0.4627,0.37558571428571424,271.007,25.24479014078524,55.298522787878014
1.0,0.0,0.0,0.0,0.0,0.0,0.0,0.14285714285714285,72.834,25.243433444027804,55.297705443982494
1.0,0.0681,0.0,0.0,0.0,0.0,0.0,0.1525857142857143,41.886,25.243538109068478,55.29792570636059
1.0,1.0,0.0,0.0,0.6724,0.646,0.578,0.5566285714285714,53.235,25.24328235,55.2982735
1.0,0.7951,0.3735,0.0,0.0,0.0,0.5913,0.39427142857142855,211.00000000000003,25.244251847763397,55.29838160467824
1.0,0.0,0.0,0.0,0.0,0.0,0.0,0.14285714285714285,22.003,25.24596045,55.2991936
1.0,0.7756,0.0,0.0,0.0,0.0,0.0,0.25365714285714286,96.509,25.24548090521965,55.29905319622722
1.0,0.5505,0.0,0.0,1.0,1.0,1.0,0.6500714285714285,31.273,25.23991365,55.2969686
1.0,0.4797,0.0294,0.0,0.8548,0.7603,1.0,0.5891714285714286,66.102,25.240336649359783,55.29693951308986
1.0,0.1047,0.0,0.0,0.9565,0.937,1.0,0.5711714285714286,54.089,25.24028643038167,55.29686800598449
1.0,0.578,0.1323,0.0,0.0,0.0,0.0,0.24432857142857142,264.968,25.238698830566435,55.29797208900284
1.0,0.0,0.0,0.0,0.0,0.0,0.0,0.14285714285714285,12.41,25.24255595,55.30442985000001
1.0,0.0,0.0,0.0,0.0,0.0,0.0,0.14285714285714285,20.697,25.242626976391207,55.30428883861026
1.0,0.0,0.0,0.0,0.0,0.0,0.1264,0.16091428571428573,21.003,25.24256277326239,55.30426613359974
1.0,0.0,0.0,0.0,0.0,0.0,0.0725,0.15321428571428572,16.652,25.242614107667077,55.304201745070436
1.0,0.0,0.0,0.0,0.0,0.0,1.0,0.2857142857142857,0.994,25.2425515,55.3041579
1.0,0.0,0.0,0.0,0.0,0.9875,1.0,0.42678571428571427,11.348,25.24293845,55.30416835
1.0,0.0,0.0,0.0,0.0,0.9273,0.8758,0.40044285714285716,129.883,25.2435144,55.304301749999986
1.0,0.8642,0.4463,0.0033,0.0,0.2409,0.8633,0.48828571428571416,8.745,25.24467235,55.2972713
1.0,1.0,0.2751,0.0,0.0,0.0,0.0,0.32501428571428576,8.126,25.24473465,55.29731905
1.0,1.0,1.0,0.8631,0.8639,0.8639,0.8639,0.9221142857142858,5.856,25.244692583219024,55.29732374282845
1.0,0.0,0.0,0.0,0.0,0.0,0.0,0.14285714285714285,26.958,25.2461539,55.2993098
1.0,0.0,0.0,0.0,0.0,0.0,0.0,0.14285714285714285,55.514,25.246438283799893,55.299568324203356
1.0,0.0,0.0,0.0,0.0,0.0,0.0,0.14285714285714285,53.637,25.246471459915938,55.29950305814516
1.0,0.0725,0.0,0.0,0.0,0.0,0.0,0.15321428571428572,135.951,25.2346453,55.29252645
1.0,0.5821,0.0,0.0,0.0,0.0,0.1581,0.2486,160.106,25.233452594101845,55.291879488442994
1.0,0.4671,0.0,0.0,0.0,0.0,0.0,0.2095857142857143,37.76,25.234204291643128,55.29236884714735
1.0,1.0,1.0,0.0,0.0,0.0,0.0,0.42857142857142855,15.382,25.23435275,55.29288695
1.0,0.956,0.8176,0.302,0.302,0.6209,0.7114,0.6728428571428572,105.628,25.23444049613819,55.29315779433378
1.0,0.6105,0.2069,0.0,0.0,0.0,0.0,0.25962857142857143,19.847,25.234324844790212,55.29276128999498
1.0,0.9679,0.887,0.8373,0.8373,0.8382,0.8394,0.8867285714285714,43.619,25.2345854,55.2930278
1.0,0.7946,0.8122,0.8189,0.7561,0.7561,0.7561,0.8134285714285714,20.062,25.2348004,55.2930472
0.0534,0.0,0.0,0.0,0.0,0.0,0.0,0.007628571428571429,194.824,25.23593624614664,55.29332230077109
1.0,0.0,0.0,0.0,0.0,0.0,0.0,0.14285714285714285,43.386,25.23500024036247,55.29285905214716
1.0,0.4332,0.0,0.0,0.0,0.4559,1.0,0.41272857142857144,38.495,25.251572162166276,55.302408371978046
1.0,0.0,0.0,0.0,0.3268,0.807,0.8897,0.4319285714285714,99.523,25.2511667,55.3019726
1.0,0.0,0.0,0.0,0.0,0.3979,1.0,0.34255714285714284,14.524,25.25161725,55.30224325
1.0,0.0,0.0,0.0,0.0,1.0,1.0,0.42857142857142855,9.966,25.25158585,55.30216455
1.0,0.0,0.0,0.0,0.0,0.0,1.0,0.2857142857142857,10.619,25.25169495,55.3022335
1.0,0.0,0.0,0.0,0.0,0.0,0.2872,0.18388571428571426,103.231,25.252079349860242,55.30252900022842
1.0,1.0,0.2977,0.0,0.0,0.0,0.0,0.3282428571428571,16.112,25.24541565,55.31094715
1.0,1.0,0.9373,0.0,0.0,0.6971,0.824,0.6369142857142858,73.682,25.2456287,55.3112409
1.0,1.0,0.36,0.0,0.0,0.0,0.0,0.33714285714285713,12.189,25.24532995,55.3109705
1.0,0.7978,0.6454,0.0,0.0,0.3877,0.3364,0.4524714285714286,88.975,25.24608585,55.3101629
1.0,0.0,0.0,0.0,0.0,1.0,1.0,0.42857142857142855,23.867,25.24559790270683,55.310009041406076
1.0,0.9531,0.2216,0.0,0.0,0.1653,0.8463,0.4551857142857143,94.785,25.245659480682285,55.31047745025447
0.5822,0.0,0.0,0.0,0.0,0.0,0.4054,0.1410857142857143,161.316,25.23439725,55.3132263
0.0,0.0,0.0,0.0,0.0,0.0,0.3403,0.048614285714285714,13.796,25.23435555,55.31399255
0.63,0.0,0.0,0.0,0.0,0.0,0.3305,0.1372142857142857,12.715,25.23453305,55.3148681
0.5075,0.0,0.0,0.0,0.0,0.0,0.1241,0.09022857142857142,9.531,25.23448935,55.31493045
1.0,0.0,0.0,0.0,0.0,0.0,0.0,0.14285714285714285,7.768,25.2350942,55.30730915
1.0,0.0,0.0,0.0,0.4555,0.7662,0.7221,0.4205428571428572,30.184,25.2349292400383,55.30731042980336
1.0,0.0,0.0,0.0,0.0,0.6898,0.7561,0.34941428571428573,38.305,25.234904160633217,55.30737820601481
1.0,0.0,0.0,0.0,0.0,0.0,0.4135,0.20192857142857143,26.686,25.2352914,55.30686
1.0,0.2676,0.0,0.0,0.0,0.1808,1.0,0.3497714285714286,13.987,25.23533605,55.3070245
1.0,0.0,0.0,0.0,0.0,0.0,0.7629,0.25184285714285715,34.994,25.235241204173686,55.30713787733573
1.0,0.7756,0.0,0.0,0.0,0.025,1.0,0.40008571428571427,20.026,25.23533566398967,55.3072222531463
1.0,1.0,0.0,0.0,0.0,1.0,1.0,0.5714285714285714,7.92,25.235378244569432,55.3070933771876
1.0,0.1627,0.0,0.0,0.9055,0.9287,1.0,0.5709857142857143,59.771,25.23563069437013,55.30694479068045
1.0,0.5708,0.0,0.0,0.0,0.0,1.0,0.3672571428571429,24.959,25.23716775,55.3071192
1.0,0.0,0.0,0.0,0.0,0.0,1.0,0.2857142857142857,10.898,25.2372206,55.30699455
1.0,0.0,0.0,0.0,0.0,0.0,1.0,0.2857142857142857,8.762,25.23726885,55.30703745
1.0,0.3172,0.0,0.0,0.0,0.0,0.3712,0.2412,119.196,25.23765111934515,55.30720153725422
1.0,0.0,0.0,0.0,0.0,0.0,0.6414,0.23448571428571427,78.112,25.237617728294165,55.30708238707409
1.0,0.0,0.0,0.0,0.0,0.0,1.0,0.2857142857142857,8.309,25.2372703,55.3069526
1.0,0.0,0.0,0.0,0.0,0.4796,1.0,0.35422857142857145,73.353,25.23747682289549,55.30677938431751
1.0,0.0,0.0,0.0,0.0,0.0,1.0,0.2857142857142857,58.315,25.237532894589425,55.30691488756577
1.0,0.0,0.0,0.0,0.0,0.0,1.0,0.2857142857142857,4.232,25.2377852,55.3068654
1.0,0.0,0.0,0.0,0.0,0.0,0.406,0.20085714285714287,16.497,25.2378591,55.3069282
1.0,0.0,0.0,0.0,0.0,0.0,1.0,0.2857142857142857,12.809,25.2378405,55.3068326
1.0,0.0,0.0,0.0,0.0,0.0,0.5535,0.22192857142857145,45.403,25.23804545,55.3069203
1.0,0.0,0.0,0.0,0.0,0.158,1.0,0.3082857142857143,23.335,25.23779566237902,55.3067198742157
1.0,0.0,0.0,0.0,0.0,0.0,0.0,0.14285714285714285,20.423,25.2343244,55.3086774
0.8239,0.0,0.0,0.0,0.0,0.0,0.0,0.1177,95.12,25.23470695,55.30877905
0.946,0.0,0.0,0.0,0.0,0.0,0.0,0.13514285714285715,66.576,25.234399743666344,55.30891199209427
0.8336,0.0,0.0,0.0,0.0,0.0,0.0,0.11908571428571428,18.45,25.23441005,55.30850895
0.8033,0.0,0.0,0.0,0.0,0.0,0.0,0.11475714285714286,85.508,25.23475365,55.30860405
0.1865,0.0,0.0,0.0,0.0,0.0,0.0,0.026642857142857142,19.964,25.2344947,55.3083425
0.8153,0.0,0.0,0.0,0.0,0.0,0.0,0.11647142857142857,76.829,25.23479585,55.3084454
1.0,0.0,0.0,0.0,0.0,0.0,0.0,0.14285714285714285,67.42,25.2348416,55.30826985
1.0,0.0,0.0,0.0,0.0,0.0,0.0,0.14285714285714285,55.252,25.23472002175663,55.30812478972805
1.0,0.5001,0.0,0.0,0.0,0.0,0.0,0.2143,18.206,25.2346799,55.3090351
1.0,0.3935,0.0,0.0,0.0,0.0,0.0,0.19907142857142857,64.517,25.234960196913665,55.30892882811439
1.0,0.4942,0.0,0.0,0.0,0.0,0.0,0.21345714285714285,45.597,25.23447515,55.30911925
1.0,0.5488,0.2189,0.0,0.0,0.0,0.4774,0.3207285714285714,99.362,25.235070957293882,55.30904387763859
1.0,0.0,0.0,0.0,0.0,0.0,1.0,0.2857142857142857,13.182,25.23490175,55.30796745
1.0,0.0,0.0,0.0,0.0,0.0,0.275,0.18214285714285713,13.37,25.23495995,55.30803585
1.0,0.0,0.0,0.0,0.0,0.0,0.9917,0.2845285714285714,105.057,25.235212958903826,55.30825332816656
1.0,0.0,0.0,0.0,0.0,0.0,0.0,0.14285714285714285,36.276,25.23509390403713,55.30815148122701
1.0,0.0,0.0,0.0,0.0,0.0,0.0,0.14285714285714285,17.405,25.2351362,55.3087057
1.0,0.0,0.0,0.0,0.0,0.0,0.0,0.14285714285714285,15.836,25.23513945,55.3085405
1.0,0.0,0.0,0.0,0.0,0.0,0.0,0.14285714285714285,17.918,25.23514275,55.30837275
1.0,0.3988,0.0,0.0,0.0,0.0,0.9492,0.3354285714285714,98.846,25.2368059,55.3083122
1.0,0.7295,0.5685,0.0,0.0,0.0,0.9615,0.46564285714285714,129.968,25.236803774372387,55.30846246949389
1.0,0.1121,0.0,0.0,0.0,0.7749,0.9215,0.4012142857142857,133.417,25.23680681396343,55.30814455117764
1.0,1.0,0.0,0.0,0.0,0.0,1.0,0.42857142857142855,11.094,25.23631175,55.30829645
1.0,0.0,0.0,0.0,0.0,0.0,1.0,0.2857142857142857,4.339,25.2372697,55.30832665
0.6215,0.0,0.0,0.0,0.0,0.11,1.0,0.24735714285714286,24.562,25.24393265,55.3124013
1.0,0.0,0.0,0.0,0.0,0.0,0.4791,0.21130000000000002,86.603,25.2439847,55.3129274
1.0,0.0,0.0,0.0,0.0,0.0,0.4435,0.2062142857142857,86.356,25.243937782040312,55.312927792183025
0.5582,0.0,0.0,0.0,0.0,0.0646,0.9869,0.2299571428571429,75.617,25.24408615,55.31264865
1.0,0.0,0.0,0.0,0.0,0.0024,1.0,0.28605714285714284,58.44,25.244249991829122,55.31274525468614
1.0,0.0,0.0,0.0,0.0,0.0,0.5608,0.22297142857142857,37.717,25.24415893864169,55.313183089220146
1.0,0.0,0.0,0.0,0.0,0.0,1.0,0.2857142857142857,1.573,25.2377011,55.30346395
1.0,0.8826,0.8987,0.0153,0.0,0.0228,0.3881,0.45821428571428574,43.663,25.237503256697707,55.30341246799496
1.0,0.8564,0.8058,0.0,0.0,0.0147,0.393,0.4385571428571428,42.396,25.237520819324107,55.30337346637187
1.0,1.0,1.0,0.0,0.0,0.0,0.0,0.42857142857142855,4.866,25.23754335,55.3041835
1.0,0.8029,0.7713,0.0,0.0404,0.5453,0.5574,0.5310428571428571,67.716,25.2378573,55.3042821
1.0,0.6908,0.0339,0.0,0.0,0.0,0.2639,0.2840857142857143,74.423,25.2376615,55.30383605
1.0,0.0,0.0,0.0,0.0,0.0,0.0,0.14285714285714285,19.626,25.23834005,55.30376555000001
1.0,0.0,0.0,0.0,0.0,0.0,0.0,0.14285714285714285,16.862,25.23824145,55.30383605
1.0,0.3669,0.0,0.0,0.0,0.0,0.0,0.19527142857142857,21.505,25.238407,55.3038897
1.0,0.6172,0.4267,0.0,0.0,0.0,0.413,0.35098571428571423,122.139,25.2388941,55.30383775
1.0,0.5091,0.391,0.0,0.0,0.0,0.4612,0.3373285714285714,68.407,25.23806975,55.3035795
1.0,0.0,0.0,0.0,0.0,0.0,0.9492,0.27845714285714285,27.391,25.238401,55.30354175
1.0,0.0,0.0,0.0,0.0,0.0,1.0,0.2857142857142857,16.302,25.2383655,55.3033903
1.0,0.0,0.0,0.0,0.0,0.0,1.0,0.2857142857142857,23.775,25.23853955,55.30344195
1.0,0.0,0.0,0.0,0.0,0.0,0.0,0.14285714285714285,18.733,25.2393997,55.30409295
1.0,0.0,0.0,0.0,0.0,0.0,0.0,0.14285714285714285,17.939,25.23929915,55.30415885000001
1.0,0.3731,0.0,0.0,0.0,0.0,0.0,0.19615714285714286,24.056,25.23948115,55.3042145
1.0,0.6011,0.4244,0.0,0.0,0.0,0.4108,0.34804285714285715,122.795,25.23995375,55.3041697
1.0,0.0,0.0,0.0,0.0,0.0,0.3527,0.19324285714285713,28.235,25.2394571,55.30386825
1.0,0.0,0.0,0.0,0.0,0.0,0.3033,0.18618571428571432,15.263,25.23942575,55.3037122
1.0,0.0,0.0,0.0,0.0,0.0,0.6907,0.24152857142857145,23.754,25.23959435,55.30376585
1.0,0.9286,0.0,0.0,0.0,0.0,0.0,0.2755142857142857,20.166,25.240458,55.3044318
1.0,0.7108,0.0,0.0,0.0,0.0,0.0,0.24439999999999998,26.017,25.24054375,55.304562
1.0,1.0,0.0,0.0,0.0,0.0,0.0,0.2857142857142857,20.179,25.24034355,55.30450075000001
1.0,0.0,0.0,0.0,0.0,0.0,0.0618,0.15168571428571428,35.782,25.2406398,55.3043846
1.0,0.0,0.0,0.0,0.0,0.0,0.0,0.14285714285714285,26.813,25.24052045,55.3042087
1.0,0.0,0.0,0.0,0.0,0.0,0.0,0.14285714285714285,18.902,25.2404743,55.304055
1.0,0.0,0.0,0.0,0.0,0.0,0.0,0.14285714285714285,24.286,25.24066075,55.30411505000001
1.0,0.0,0.0,0.0,0.0,0.0,0.4843,0.21204285714285714,22.844,25.24127875,55.30444875
1.0,0.0,0.0,0.0,0.0,0.0,0.0,0.14285714285714285,41.327,25.2412304,55.3042247
1.0,0.0,0.0,0.0,0.0,0.0,0.0,0.14285714285714285,9.136,25.24116755,55.30446575
1.0,0.0,0.0,0.0,0.0,0.0,0.3582,0.19402857142857144,14.928,25.2413419,55.3048836
1.0,0.3776,0.0,0.0,0.0,0.0,0.3142,0.24168571428571428,85.169,25.241259346824812,55.305040448746034
1.0,0.0,0.0,0.0,0.0,0.0,0.2774,0.1824857142857143,40.283,25.241329323992453,55.3046680407142
1.0,0.0,0.0,0.0,0.0,0.0,1.0,0.2857142857142857,13.795,25.2413948,55.3044092
1.0,0.211,0.211,0.211,0.3001,0.4048,1.0,0.4768428571428572,33.482,25.24154865,55.3049589
1.0,0.0,0.0,0.0,0.0306,0.111,0.3926,0.21917142857142857,46.7,25.241670112707038,55.305210497647536
1.0,0.6728,0.6717,0.6826,0.6944,0.6846,0.858,0.7520142857142856,32.407,25.241766741701458,55.30490972741769
1.0,0.0,0.0,0.0,0.0,0.0,0.0,0.14285714285714285,16.543,25.2418471,55.30536945
1.0,0.0,0.0,0.0,0.0,0.0,0.3457,0.19224285714285713,46.452,25.24183425,55.3051243
1.0,0.5096,0.532,0.0,0.0,0.0,0.0,0.29165714285714284,103.163,25.2414271,55.3054068
1.0,0.0,0.0,0.0,0.0,0.0,0.0,0.14285714285714285,15.924,25.2418963,55.3054682
1.0,0.0,0.0,0.0,0.0,0.0,1.0,0.2857142857142857,20.707,25.2419823,55.3049306
1.0,0.0,0.0,0.0,0.0,0.0,0.0,0.14285714285714285,3.098,25.24193175,55.3053973
1.0,0.0,0.0,0.0,0.0,0.0,0.3492,0.19274285714285713,46.743,25.2420085,55.30518015
1.0,0.0,0.0,0.0,0.0,0.0,0.0,0.14285714285714285,39.766,25.24209255430227,55.30537940488944
1.0,0.0,0.0,0.0,0.0,0.0315,1.0,0.29021428571428576,13.338,25.2420906,55.3048956
1.0,0.0,0.0,0.0,0.0,0.0,0.8087,0.2583857142857143,40.695,25.242180267101727,55.305071012468595
1.0,0.0,0.0,0.0,0.0,0.0,0.0,0.14285714285714285,20.085,25.2422631,55.30526465
1.0,0.663,0.0,0.0,0.0,0.0,0.0,0.23757142857142857,39.501,25.242289327316104,55.30547121062469
1.0,0.1965,0.0,0.0,0.0,0.0,0.0,0.1709285714285714,16.602,25.242340868012104,55.30536865352222
1.0,0.0,0.0,0.0,0.0,0.0,0.0,0.14285714285714285,15.23,25.2425242,55.3045627
1.0,0.9628,0.0,0.0,0.0,0.0,0.0,0.28040000000000004,17.317,25.24261555,55.3045168
1.0,1.0,0.2039,0.0,0.0,0.0,0.8579,0.43739999999999996,40.261,25.24286305,55.3046007
1.0,0.0977,0.0,0.0,0.0,0.0,0.6925,0.25574285714285716,73.801,25.242896994939834,55.30447141118493
1.0,0.1065,0.0,0.0,0.0,0.0,1.0,0.30092857142857143,13.556,25.2430956,55.30467465
1.0,0.0,0.0,0.0,0.0,0.0,1.0,0.2857142857142857,25.66,25.24312035,55.30481385
1.0,0.0,0.0,0.0,0.0,0.0,1.0,0.2857142857142857,16.617,25.24317735,55.30461335
1.0,0.0,0.0,0.0,0.0,0.0,0.7347,0.24781428571428574,40.109,25.24332805,55.30474625000001
1.0,0.0,0.0,0.0,0.0,0.1134,1.0,0.3019142857142857,21.39,25.24322815,55.30443295
1.0,0.0,0.0,0.0,0.0,0.0,0.7983,0.2569,135.771,25.243730813733606,55.30473936666104
1.0,0.0,0.0,0.0,0.0,0.8681,0.8193,0.38391428571428576,92.193,25.24365252951959,55.30446506605768
1.0,0.0,0.0,0.0,0.0,0.9962,1.0,0.4280285714285714,38.795,25.243088992853767,55.304275946492595
1.0,0.0,0.0,0.0,0.0,0.0,0.0628,0.15182857142857142,98.241,25.243860078722506,55.305628173909305
1.0,0.0,0.0,0.0,0.0,0.0,0.0,0.14285714285714285,46.142,25.243659992693605,55.30572614166645
1.0,0.1562,0.1033,0.0695,0.0704,0.0671,0.0695,0.21942857142857145,58.887,25.24347931432839,55.305750567936194
1.0,0.0,0.0,0.0,0.0,0.0,0.2032,0.17188571428571428,42.444,25.243764,55.3053023
1.0,0.0,0.0,0.0,0.0,0.0,1.0,0.2857142857142857,9.945,25.243826,55.30505105
1.0,0.0,0.0,0.0,0.0,0.0,0.606,0.2294285714285714,21.471,25.243907502357125,55.3051314276636
1.0,0.0,0.0,0.0,0.0,0.0,1.0,0.2857142857142857,7.877,25.24384545,55.3049651
1.0,0.0,0.0,0.0,0.0,0.0,1.0,0.2857142857142857,41.202,25.2436778,55.3048638
0.4724,0.0,0.0,0.0,0.0,0.3169,1.0,0.2556142857142857,157.23,25.25035555839722,55.31185859044104
0.8511,0.0,0.0,0.0,0.0,0.0,0.014,0.12358571428571428,183.374,25.251514564281283,55.31077277250591
1.0,0.8413,0.7119,0.0979,0.0425,0.0401,0.0405,0.39631428571428573,215.756,25.248093337006278,55.30062231652112
1.0,0.7485,0.1376,0.0,0.0,0.0,0.0,0.26944285714285715,198.0,25.248102502504445,55.300487445641636
1.0,0.4348,0.3298,0.0,0.0,0.2264,0.6513,0.37747142857142857,31.515,25.2504752,55.3019363
1.0,1.0,0.9468,0.0,0.0,0.2894,0.826,0.5803142857142857,113.981,25.2498804,55.3016872
1.0,0.5127,0.566,0.0,0.0,0.2363,0.6962,0.4301714285714286,34.091,25.250470957788355,55.30202765690024
1.0,0.7828,0.316,0.0,0.0,0.3812,0.7509,0.46155714285714283,120.958,25.250130547238644,55.30165083087362
1.0,0.771,0.1885,0.0,0.4339,0.9511,1.0,0.6206428571428572,30.251,25.2396816,55.2968981
1.0,1.0,0.565,0.0,0.8175,1.0,1.0,0.7689285714285715,8.351,25.239745984937503,55.29702872713832
1.0,1.0,0.5805,0.0,1.0,1.0,1.0,0.7972142857142857,30.657,25.239873235771668,55.2971104924934
1.0,1.0,1.0,0.9933,0.0,0.7386,0.8839,0.8022571428571429,58.706,25.2519425,55.30101105
1.0,1.0,0.6333,0.0,0.0,0.0,0.0843,0.3882285714285714,5.015,25.25168955,55.30088005
1.0,0.0,0.0,0.0,0.0,0.0,0.0,0.14285714285714285,19.781,25.24336745,55.30693435
1.0,0.0,0.0,0.0,0.0,0.3182,0.292,0.23002857142857144,111.632,25.2429464,55.30684775
1.0,0.0,0.0,0.0,0.0,0.2319,0.8428,0.2963857142857143,74.788,25.24298655,55.3067512
1.0,0.0591,0.0,0.0,0.0,0.444,0.558,0.2944428571428571,109.686,25.243780474122065,55.30701009874327
1.0,0.0,0.0,0.0,0.0,0.9143,1.0,0.41632857142857144,22.723,25.2425655,55.3066646
1.0,0.0,0.0,0.0,0.0,0.2597,0.283,0.22038571428571427,112.15,25.241980448347544,55.30653615526864
1.0,0.0,0.0,0.0,0.029,1.0,1.0,0.4327142857142857,23.334,25.2398798,55.305819
1.0,0.0,0.0,0.0,0.5903,0.8615,0.8884,0.4771714285714285,62.79,25.23970935462975,55.30570189643871
0.945,0.0,0.0,0.0,0.0,0.7727,0.7419,0.35137142857142856,198.355,25.240637186691703,55.306115314154816
1.0,0.0,0.0,0.0,0.0,0.0,0.0,0.14285714285714285,124.139,25.247751326867494,55.299710085051046
1.0,0.0,0.0,0.0,0.0,0.0,0.5531,0.22187142857142858,119.577,25.248496935418,55.299478874575804
1.0,0.4623,0.0,0.0,0.0,0.0,0.0,0.2089,138.349,25.248792793981906,55.30032935820289
0.0,0.0,0.0,0.0,0.0,0.0,0.678,0.09685714285714286,12.421,25.2521305,55.30959125
0.0,0.0,0.0,0.0,0.0,0.0,1.0,0.14285714285714285,45.751,25.251979911064232,55.309530515273
0.2275,0.0,0.0,0.0,0.0,0.0511,1.0,0.18265714285714285,91.223,25.252180272312287,55.309268807862196
0.2351,0.0,0.0,0.0,0.0,1.0,1.0,0.31930000000000003,82.514,25.25209794860416,55.309128048893356
0.0,0.0,0.0,0.0,0.0,0.3931,0.7164,0.15850000000000003,30.548,25.252517278879967,55.308833890615865
0.652,0.0,0.0,0.0,0.0,0.0,0.0,0.09314285714285715,44.126,25.252710257636597,55.308544303132486
1.0,1.0,0.0,0.0,0.0,0.0,0.0,0.2857142857142857,28.449,25.24882325,55.30940885
1.0,1.0,0.1538,0.0,0.0,0.0,0.3067,0.3515,16.069,25.248893224666435,55.30920318390908
1.0,1.0,0.0,0.0,0.0,0.0,0.0,0.2857142857142857,13.091,25.248858276690985,55.30920784041382
1.0,1.0,0.5646,0.0,0.0,0.0,1.0,0.5092285714285715,30.919,25.249037651858462,55.30904912756375
1.0,1.0,1.0,0.0,0.0,0.0,0.9751,0.5678714285714286,50.448,25.24915047398483,55.30911977703256
0.0,0.0,0.0,0.0,0.0,0.0,0.0,0.0,19.58,25.248563077412626,55.31402038105798
0.2414,0.0,0.0,0.0,0.0,0.0,0.2338,0.06788571428571429,155.329,25.2501797,55.31248275
0.2112,0.0,0.0,0.0,0.0,0.0,0.2204,0.061657142857142855,305.463,25.249633125268975,55.31292997068505
0.8955,0.0,0.0,0.0,0.0,0.0,0.1154,0.1444142857142857,252.399,25.25153509829178,55.311120094848704
0.0,0.0,0.0,0.0,0.0,0.0,0.0,0.0,79.077,25.249979319014464,55.31281065343863
1.0,0.0,0.0,0.0,0.0,0.0,0.2981,0.18544285714285716,14.3,25.24694115,55.30830635
1.0,0.3833,0.0,0.0,0.0,0.0,0.0,0.19761428571428571,18.688,25.24706062623905,55.308393328308746
1.0,0.6294,0.0,0.0,0.0,0.0,0.503,0.3046285714285714,198.242,25.247859969203436,55.3085966197419
1.0,0.9347,0.8771,0.0,0.0,0.0,0.5707,0.4832142857142857,134.84,25.247687540543236,55.30866285521866
1.0,1.0,0.0,0.0,0.0,0.0,0.0,0.2857142857142857,16.9,25.24711780245721,55.308550570898326
1.0,0.9465,0.0612,0.0,0.0,0.0,0.0,0.2868142857142857,96.364,25.24699765,55.30909535
1.0,0.3285,0.2015,0.0,0.0,0.2762,0.2995,0.30081428571428576,102.914,25.2464395,55.3094174
1.0,0.8679,0.7893,0.0,0.0152,0.6156,0.6234,0.5587714285714286,199.919,25.2477504,55.30982485
1.0,0.7768,0.7367,0.0,0.0,0.0,0.0,0.3590714285714286,82.877,25.2467808,55.30995355
1.0,0.4103,0.0,0.0,0.0,0.0,0.0903,0.21437142857142857,41.162,25.247016562335773,55.30848288039342
1.0,1.0,0.0,0.0,0.0,0.0,1.0,0.42857142857142855,16.792,25.24604355,55.30808375
1.0,1.0,0.0,0.0,0.0,0.0,1.0,0.42857142857142855,13.124,25.24594635,55.30799475
1.0,0.392,0.0,0.0,0.0,0.0,0.8967,0.32695714285714284,101.259,25.24644083577445,55.308151033999344
1.0,0.6612,0.0,0.0,0.0,0.0,0.8014,0.3518,52.637,25.24631215,55.30822455000001
1.0,1.0,0.6686,0.0,0.0,0.0,0.7796,0.4926,41.801,25.245902408599783,55.30810786043024
1.0,0.2269,0.0,0.0,0.0,0.0003,0.0237,0.17870000000000003,27.602,25.24472015,55.30772525
1.0,1.0,0.0,0.0,0.0,0.0,0.0,0.2857142857142857,15.121,25.24453685,55.30766175
1.0,1.0,0.0,0.0,0.0,0.0,0.0,0.2857142857142857,31.164,25.24448481079733,55.307760531102836
1.0,0.0,0.0,0.0,0.0,0.0,0.8852,0.26931428571428573,24.258,25.24263125,55.3068859
1.0,0.7968,0.0529,0.0509,0.0537,0.0511,0.0577,0.2947285714285714,99.156,25.243081730632948,55.30717288178629
1.0,0.4051,0.0256,0.0,0.0,0.0,0.2441,0.23925714285714286,205.817,25.243615411030113,55.307237360407655
1.0,0.8588,0.0,0.0,0.0,0.0,0.8118,0.3815142857142857,39.103,25.2423592,55.30679245
1.0,0.0,0.0,0.0,0.0,0.0,1.0,0.2857142857142857,30.649,25.24259759420392,55.30697870187986
1.0,0.0,0.0,0.0,0.0,0.8696,1.0,0.40994285714285716,63.646,25.241673484172065,55.30856390228134
1.0,0.0,0.0,0.0,0.0,0.9676,1.0,0.4239428571428571,24.349,25.24183500173573,55.308733931498665
1.0,0.6046,0.0,0.0,0.719,0.9094,1.0,0.6047142857142856,66.451,25.242068368190314,55.308382148229384
1.0,0.0,0.0,0.0,0.0,0.0,0.9832,0.28331428571428574,60.069,25.239880534453004,55.306204420605994
1.0,0.0,0.0,0.0,0.0,0.0,0.5613,0.22304285714285715,59.021,25.23977380733393,55.306523067381555
1.0,0.0,0.0,0.0,0.0,0.0,0.4531,0.2075857142857143,88.373,25.239376919517728,55.30598559047664
1.0,0.1327,0.035,0.0,0.0,0.0,0.525,0.2418142857142857,185.776,25.24094625,55.306513
1.0,0.666,0.6104,0.0,0.0,0.0,0.5953,0.4102428571428571,106.156,25.242206816863764,55.306923723258436
1.0,0.6066,0.1178,0.0,0.0,0.0,0.2392,0.2805142857142857,49.821,25.24196963358284,55.306742546207296
1.0,0.8193,0.0546,0.0,0.0,0.0,0.0,0.2677,155.657,25.24134446966352,55.30735187302687
1.0,0.5375,0.0,0.0,0.1092,0.6583,0.8352,0.4486,108.902,25.242431738835794,55.30760828574942
1.0,0.0,0.0,0.0,0.0,0.0,1.0,0.2857142857142857,37.672,25.24159785,55.30865225
1.0,0.0,0.0,0.0,0.0,0.0,0.7968,0.2566857142857143,39.412,25.2418699,55.3088897
1.0,0.0,0.0,0.0,0.0,0.0,0.0,0.14285714285714285,11.953,25.2410105,55.30800315
1.0,0.0,0.0,0.0,0.0,0.568,0.7561,0.3320142857142857,55.548,25.2412507,55.30820825
0.9929,0.2143,0.0,0.0,0.0,0.0,0.4313,0.23407142857142857,196.897,25.24133865,55.3064709
1.0,0.0,0.0,0.0,0.0,0.0,0.0,0.14285714285714285,18.715,25.240153408221126,55.306348523308856
1.0,0.0,0.0,0.0,0.0,0.0,0.0,0.14285714285714285,171.209,25.24037873510492,55.307414146861994
1.0,0.0,0.0,0.0,0.0,0.0,0.0,0.14285714285714285,25.029,25.23997590744518,55.30673720678913
1.0,0.0,0.0,0.0,0.0,0.0,0.0,0.14285714285714285,23.311,25.2400862,55.30653925
1.0,0.0,0.0,0.0,0.0,0.0,0.7746,0.2535142857142857,60.915,25.239975655827852,55.30647291817402
1.0,0.0,0.0,0.0,0.0,0.0,0.0,0.14285714285714285,28.039,25.23900215,55.30582455
1.0,0.0,0.0,0.0,0.0,0.0,0.5253,0.2179,97.189,25.239260612660598,55.305601676267216
1.0,0.2964,0.0539,0.0,0.0,0.0,0.0,0.19290000000000002,56.265,25.238778947664763,55.306163317417464
1.0,0.3301,0.1379,0.0,0.0,0.0,0.0,0.20971428571428571,47.976,25.239095380471262,55.30603938665643
1.0,0.0,0.0,0.0,0.0,0.0,0.0,0.14285714285714285,5.676,25.2449395,55.3046437
1.0,0.7107,0.0,0.0,0.0,0.0,0.0,0.2443857142857143,12.11,25.2450767,55.3047137
1.0,0.0,0.0,0.0,0.0,0.0,0.0,0.14285714285714285,8.386,25.24498945,55.3046809
1.0,0.598,0.0,0.0,0.0,0.0,0.0,0.22828571428571426,37.203,25.24517335,55.30455445
1.0,0.4486,0.0,0.0,0.0,0.0,0.2457,0.24204285714285714,15.43,25.2455649,55.3027437
1.0,0.0,0.0,0.0,0.0,0.0,1.0,0.2857142857142857,57.569,25.245569953637926,55.30245094535865
1.0,0.0,0.0,0.0,0.0,0.0,1.0,0.2857142857142857,33.953,25.24116425,55.3011178
1.0,0.0,0.0,0.0,0.0,0.0,1.0,0.2857142857142857,49.563,25.24130495229864,55.30114184918171
1.0,0.0,0.0,0.0,0.0,0.0,0.5504,0.22148571428571429,22.702,25.241161083658195,55.30095243427605
1.0,0.0,0.0,0.0,0.0,0.0,1.0,0.2857142857142857,4.253,25.2410989,55.3012699
1.0,0.0,0.0,0.0,0.0,0.0,0.0881,0.15544285714285716,34.221,25.241040670332215,55.30114087550605
1.0,0.0,0.0,0.0,0.0,0.0,1.0,0.2857142857142857,13.169,25.2411681,55.3013105
1.0,0.0,0.0,0.0,0.0,0.0,0.0,0.14285714285714285,12.688,25.23329697139529,55.31109099890901
1.0,1.0,1.0,0.1881,0.0,0.0,0.0,0.45544285714285715,2.999,25.23397805,55.29909445
1.0,1.0,1.0,1.0,1.0,1.0,1.0,1.0,2.808,25.23399141831683,55.29911878676173
1.0,1.0,1.0,1.0,1.0,1.0,1.0,1.0,2.798,25.233993794613344,55.2991169978793
1.0,1.0,1.0,0.1294,0.0,0.0,0.0,0.4470571428571429,2.762,25.23386595,55.29917175
1.0,1.0,1.0,1.0,1.0,1.0,1.0,1.0,2.739,25.23388147684739,55.299192533495464
1.0,1.0,1.0,1.0,1.0,1.0,1.0,1.0,2.735,25.233879071591428,55.299194280758385
1.0,1.0,1.0,0.0,0.0,0.0,0.0,0.42857142857142855,10.567,25.2548375,55.30454975
1.0,1.0,1.0,0.0,0.0,0.0,0.0,0.42857142857142855,9.428,25.2547768,55.30456325000001
1.0,0.0,0.0,0.0,0.0,0.0,1.0,0.2857142857142857,15.999,25.2414562,55.30845725000001
1.0,0.0,0.0,0.0,0.0,0.0334,0.6958,0.24702857142857143,70.677,25.24121765,55.30831545
1.0,0.0,0.0,0.0,0.0,0.0,0.0,0.14285714285714285,12.739,25.24096875,55.3080314
1.0,0.0,0.0,0.0,0.0,0.0,0.1686,0.16694285714285714,288.679,25.240045534767944,55.30710047940336
0.4227,0.0,0.0,0.0,0.0,0.0,0.5571,0.13997142857142858,89.913,25.244081,55.31427195
1.0,0.0,0.0,0.0,0.0,0.0,1.0,0.2857142857142857,23.769,25.2441939,55.31482315
1.0,0.0,0.0,0.0,0.0,0.4339,1.0,0.3477,11.558,25.244213814155245,55.314738664712365
1.0,0.0,0.0,0.0,0.0,0.4457,1.0,0.3493857142857143,11.371,25.244247108795424,55.314892438112494
1.0,0.0,0.0,0.0,0.0,1.0,1.0,0.42857142857142855,5.408,25.2442957,55.31482885
1.0,0.0,0.0,0.0,0.0,1.0,1.0,0.42857142857142855,8.475,25.24426895,55.3148065
1.0,0.0,0.0,0.0,0.7359,1.0,1.0,0.5337,4.554,25.24433055,55.3147981
1.0,0.0,0.0,0.0,0.8293,0.7862,0.9533,0.5098285714285714,42.396,25.24453375,55.31473945
1.0,0.0,0.0,0.0,0.5667,1.0,1.0,0.5095285714285714,10.042,25.24430331099508,55.31477806247955
1.0,0.0,0.0,0.0,0.0,0.0,1.0,0.2857142857142857,25.232,25.245322450717353,55.31335688862573
0.8867,0.0,0.0,0.0,0.0,0.6145,0.9355,0.3481,54.897,25.24560190008964,55.31317956465236
1.0,0.0,0.0,0.0,0.0,0.0,0.2685,0.18121428571428572,54.918,25.245557218861112,55.31359346279621
1.0,0.0,0.0,0.0,0.0,0.0,0.0,0.14285714285714285,10.58,25.2457917,55.3142494
1.0,0.0,0.0,0.0,0.0,0.0,0.0,0.14285714285714285,32.606,25.2458054,55.3144238
1.0,0.0,0.0,0.0,0.0,0.0,0.0,0.14285714285714285,49.682,25.24554781406693,55.314379343568675
1.0,0.6398,0.2512,0.0,0.0,0.0339,0.4207,0.3350857142857143,71.52,25.245676389568064,55.312690739649206
1.0,0.0,0.0,0.0,0.0,0.0,0.0,0.14285714285714285,21.011,25.245845855625134,55.31293985811162
0.8403,0.0,0.0,0.0,0.0,0.0,0.4029,0.1776,43.202,25.245736,55.31260335
1.0,0.0,0.0,0.0,0.0,0.0,0.0,0.14285714285714285,22.302,25.245903345994563,55.31284596582775
0.7169,0.0,0.0,0.0,0.0,0.0,0.0,0.10241428571428571,149.243,25.246412199105446,55.313201062792615
1.0,0.0,0.0,0.0,0.0,0.0,0.0,0.14285714285714285,6.788,25.2459396,55.3141524
1.0,0.0,0.0,0.0,0.0,0.0,0.0,0.14285714285714285,17.629,25.245990666183264,55.314098241166484
1.0,0.0,0.0,0.0,0.0,0.0,0.0,0.14285714285714285,15.085,25.2458995270007,55.31420818215403
1.0,0.0,0.0,0.0,0.0,0.0,0.0,0.14285714285714285,33.383,25.24585185,55.3138869
1.0,0.0,0.0,0.0,0.0,0.0,0.0,0.14285714285714285,4.498,25.24598545,55.314003
1.0,0.0,0.0,0.0,0.0,0.0,0.0,0.14285714285714285,14.903,25.24595070209991,55.31406264664137
1.0,0.0,0.0,0.0,0.0,0.0,0.0,0.14285714285714285,9.048,25.24415595,55.31093335000001
1.0,0.0,0.0,0.0,0.0,0.0,0.0,0.14285714285714285,25.461,25.24430068296531,55.31095059931789
0.9092,0.0,0.0,0.0,0.0,0.4573,0.4845,0.2644285714285714,174.679,25.245062695961376,55.311565851324325
1.0,0.0,0.0,0.0,0.0,0.0,0.0,0.14285714285714285,18.821,25.24452405497732,55.31089989881268
0.8379,0.0,0.0,0.0,0.0,0.0,0.0,0.1197,34.826,25.2446546,55.31067845
1.0,0.0,0.0,0.0,0.0,0.0,0.0,0.14285714285714285,19.737,25.2444867871052,55.31087315599065
0.0,0.0,0.0,0.0,0.0,0.0,1.0,0.14285714285714285,13.188,25.2487672,55.31331465
0.0,0.0,0.0,0.0,0.0,0.0,1.0,0.14285714285714285,9.897,25.248675253802904,55.31335855692957
0.0,0.0,0.0,0.0,0.0,0.0,0.8123,0.11604285714285714,70.178,25.2484872723242,55.31358875100353
1.0,0.0,0.0,0.0,0.0,0.3182,0.7379,0.2937285714285714,105.204,25.24459645,55.31418805
0.6101,0.0,0.0,0.0,0.0,0.0,0.0,0.08715714285714285,72.679,25.24503442947271,55.31459455040487
0.0,0.0,0.0,0.0,0.0,0.0,0.0,0.0,29.604,25.244927398686816,55.3136717863254
0.6506,0.0,0.0,0.0,0.0,0.0,0.4655,0.15944285714285714,75.678,25.245116697249106,55.313552894126204
1.0,0.0,0.0,0.0,0.0,0.0,0.0,0.14285714285714285,32.029,25.24563985,55.31389945
1.0,0.0,0.0,0.0,0.0,0.0,0.3489,0.1927,39.196,25.24717305,55.3112971
1.0,0.0,0.0,0.0,0.0,0.0,0.7982,0.2568857142857143,64.975,25.24680451145605,55.31097577686524
1.0,0.0,0.0,0.0,0.0,0.0,0.768,0.25257142857142856,41.434,25.247202470118754,55.311142284547934
1.0,0.6249,0.3191,0.0,0.0,0.0,0.0,0.2777142857142857,68.774,25.2474783,55.31186725000001
1.0,0.607,0.6429,0.0,0.0,0.0,0.0,0.32141428571428576,85.187,25.2469421,55.3113831
1.0,0.0,0.0,0.0,0.0,0.0,0.0,0.14285714285714285,24.925,25.24727645,55.3115325
1.0,0.0,0.0,0.0,0.0,0.0,0.6166,0.23094285714285714,24.628,25.2473466,55.3112987
1.0,0.0,0.0,0.0,0.0,0.0,1.0,0.2857142857142857,19.821,25.24749905,55.31071075
1.0,0.1464,0.0,0.0,0.0,0.0,0.9277,0.2963,123.748,25.247989051539793,55.310998483460544
1.0,0.0,0.0,0.0,0.0,0.0,0.685,0.24071428571428571,115.342,25.24697548082332,55.31067398761427
1.0,0.0,0.0,0.0,0.0,0.7897,0.7814,0.3673,98.212,25.2471018,55.31048315
1.0,0.0,0.0,0.0,0.0,0.9368,1.0,0.4195428571428571,17.644,25.2476028,55.31064105000001
1.0,0.8869,0.2475,0.0,0.0,0.0,0.0,0.3049142857142857,43.908,25.247868426141068,55.31194612216993
1.0,1.0,0.0,0.0,0.0,0.0,0.0764,0.2966285714285714,11.312,25.2479868,55.3115781
1.0,0.7945,0.0,0.0,0.0,0.0,0.3776,0.31029999999999996,15.567,25.24807865,55.31149125
1.0,1.0,0.1717,0.0,0.0,0.0,0.0329,0.31494285714285714,21.237,25.24808505,55.3116248
1.0,1.0,0.0,0.0,0.0,0.0,1.0,0.42857142857142855,20.74,25.248202,55.311373
1.0,0.0806,0.0,0.0,0.0,0.0,0.8902,0.28154285714285715,87.656,25.247759226776754,55.31130321872413
1.0,1.0,1.0,0.0,0.0,0.0,0.0953,0.4421857142857143,80.188,25.24842025,55.311451
1.0,1.0,0.8235,0.0,0.0,0.0,0.0,0.40335714285714286,17.03,25.2480857,55.3117621
1.0,0.5147,0.5147,0.5147,0.5421,0.7532,0.9133,0.6789571428571428,34.79,25.24353335,55.30843935
1.0,0.0,0.0,0.0,0.0,0.0,0.0,0.14285714285714285,28.507,25.2434174,55.30825465
1.0,0.4484,0.0,0.0,0.0,0.0,0.0,0.2069142857142857,23.771,25.24335445,55.30850505
1.0,0.7761,0.0,0.0,0.0,0.0,0.0416,0.2596714285714286,29.317,25.2433816927277,55.309588288766115
1.0,0.3752,0.0,0.0,0.0,0.0,0.0,0.19645714285714286,3.384,25.2434439,55.3094457
1.0,0.4802,0.0,0.0,0.0,0.0,0.9039,0.3405857142857143,22.916,25.24347515,55.3093196
1.0,0.4232,0.3709,0.2865,0.226,0.3154,0.8635,0.49792857142857144,113.419,25.243264810960664,55.309180553534894
1.0,1.0,0.0,0.0,0.1836,0.6114,1.0,0.5421428571428571,20.628,25.24352715,55.3091109
1.0,0.7441,0.2866,0.3626,0.4626,0.6792,1.0,0.6478714285714285,39.131,25.24363655,55.30867495
1.0,0.8611,0.7805,0.284,0.4113,0.9241,0.9819,0.7489857142857144,60.082,25.24394310539203,55.308570583171786
1.0,0.0,0.0,0.0,0.0,0.1171,0.0,0.15958571428571428,5.525,25.2441959,55.30868015
1.0,0.0,0.0,0.0,0.1409,0.3032,0.0,0.2063,32.189,25.24424145,55.30849955
1.0,0.2704,0.0,0.0,0.0,0.0,0.0,0.18148571428571428,14.004,25.2444127,55.30761565
1.0,0.5316,0.1521,0.0621,0.062,0.0685,0.6531,0.36134285714285713,87.971,25.2439732,55.30747125000001
1.0,0.4757,0.0,0.0,0.0,0.0,0.0,0.2108142857142857,30.594,25.244399786635448,55.30773099092022
1.0,0.4742,0.0,0.0,0.0,0.0,0.0,0.21059999999999998,44.279,25.2443489,55.30808975
1.0,0.602,0.0,0.0,0.0,0.0,0.1964,0.2569142857142857,48.888,25.24567915,55.3079066
1.0,0.0,0.0,0.0,0.0,0.0,0.6688,0.2384,9.747,25.2454265,55.30782325
1.0,0.2569,0.0,0.0,0.0,0.0,0.108,0.1949857142857143,29.602,25.245568306514123,55.30793295233535
1.0,0.3504,0.0,0.0,0.0,0.0,0.1868,0.21960000000000002,47.162,25.245442542980427,55.30795579923497
1.0,1.0,0.51,0.0,0.0,0.0,0.3842,0.4134571428571428,22.997,25.245800080006312,55.30803245807026
1.0,1.0,0.0,0.0,0.0,0.0,0.1234,0.3033428571428572,45.741,25.24405475,55.30543705
0.9814,0.81,0.7669,0.0,0.8148,0.8324,0.8025,0.7154285714285714,82.441,25.2443563,55.3057702
0.967,0.0,0.0,0.0,0.0,0.0,0.0,0.13814285714285715,139.135,25.24454384146019,55.30655007211579
1.0,1.0,1.0,0.0,0.0,0.0,0.0,0.42857142857142855,29.876,25.2446643,55.3025671
1.0,0.9214,0.499,0.0,0.4397,0.482,0.6128,0.5649857142857143,144.483,25.24510593558542,55.302174980952294
1.0,0.3647,0.0,0.0,0.0,0.5868,0.282,0.31907142857142856,117.687,25.245855672059395,55.301640439532
1.0,0.0,0.0,0.0,0.0,0.9776,1.0,0.42537142857142857,52.455,25.246151,55.3077529
1.0,0.7806,0.6925,0.0,0.0437,0.1012,0.7673,0.4836142857142857,81.872,25.24655423881267,55.30750729276961
1.0,0.1123,0.104,0.1028,0.1048,0.9319,0.858,0.45911428571428575,50.891,25.24659179024588,55.30791146235491
1.0,1.0,0.8636,0.0,0.8961,0.9311,0.9099,0.8001000000000001,70.93,25.24635675,55.3070258
1.0,0.9336,0.5596,0.0454,0.6925,0.9076,0.9121,0.7215428571428572,181.543,25.2474454,55.3073818
1.0,0.7721,0.0,0.0,0.0,0.0,0.0,0.25315714285714286,62.512,25.2481475,55.3079355
1.0,1.0,0.0,0.0,0.0,0.0,0.0,0.2857142857142857,23.277,25.24825825,55.30752695
1.0,0.6587,0.2606,0.0,0.0,0.0,0.3679,0.3267428571428571,20.16,25.24427645,55.3087338
1.0,0.8488,0.1153,0.0,0.0064,0.0498,0.0,0.28861428571428566,73.208,25.2442733,55.30911095
1.0,0.0,0.0,0.0,0.0,0.0,0.0,0.14285714285714285,4.68,25.24428615,55.30832305
1.0,0.0,0.0,0.0,0.0,0.0,0.0,0.14285714285714285,9.118,25.24433095,55.30831485
1.0,1.0,0.9017,0.0,0.3464,0.7668,0.9376,0.7074999999999999,49.179,25.24457655,55.3088273
1.0,1.0,0.0,0.0,0.0,0.0,0.0,0.2857142857142857,30.68,25.2444024,55.3086146
1.0,0.6903,0.0,0.0,0.6336,0.7828,0.6072,0.5305571428571428,11.268,25.24441855,55.30834465
1.0,1.0,0.0219,0.0,0.0364,0.1831,0.7275,0.42412857142857147,50.643,25.24453125,55.3081187
1.0,0.9799,0.0,0.0,0.0,0.594,0.4862,0.4371571428571429,14.063,25.24442204873887,55.30838053220085
1.0,1.0,1.0,0.0,0.0,0.0,0.6666,0.5237999999999999,16.594,25.24480825,55.3080096
1.0,0.0,0.0,0.0,0.8098,1.0,1.0,0.5442571428571429,5.487,25.2448619,55.30777495
1.0,0.9297,0.0983,0.0,0.0,0.5295,0.8675,0.4892857142857143,27.528,25.24485775621708,55.307900007647845
1.0,1.0,1.0,0.0,0.0,0.0,0.0,0.42857142857142855,7.006,25.2449091,55.3080461
1.0,0.0,0.0,0.0,0.0,0.0,1.0,0.2857142857142857,8.682,25.2449693,55.3099392
1.0,0.0,0.0,0.0,0.0,0.0,1.0,0.2857142857142857,5.849,25.244956590556157,55.31000980613233
1.0,0.1713,0.0,0.0,0.0,0.1409,0.8723,0.31207142857142856,92.745,25.244562020154103,55.30989224928645
1.0,0.6171,0.4326,0.0,0.0,0.2101,0.2661,0.36084285714285713,82.524,25.24507275,55.30950045
1.0,0.0481,0.0454,0.0666,0.2542,0.9189,0.929,0.4660285714285714,135.215,25.24443479649596,55.309704775684246
1.0,0.0,0.0,0.0,0.0,0.0,0.4109,0.20155714285714285,44.287,25.2449222,55.3103112
1.0,0.0,0.0,0.0,0.0,0.0,0.6261,0.2323,29.071,25.245125129411637,55.31002341599469
1.0,0.0,0.0,0.0,0.0,0.0,1.0,0.2857142857142857,14.601,25.244996998018173,55.31009291857806
1.0,0.8382,0.7606,0.0,0.0,0.4185,0.0,0.43104285714285717,42.565,25.24523275,55.3088617
1.0,1.0,1.0,0.0,0.0,0.0,0.0,0.42857142857142855,4.901,25.245294,55.30863565
1.0,0.3156,0.3464,0.0,0.0,0.0,0.2363,0.27118571428571425,24.642,25.24539415,55.308693
1.0,0.0,0.0,0.0,0.0,0.0,0.0,0.14285714285714285,4.395,25.2455059,55.30870595000001
1.0,0.738,0.0,0.0,0.0,0.0,0.0,0.24828571428571428,32.968,25.24546235,55.30888535
1.0,0.2125,0.5789,0.0,0.0,0.0,1.0,0.39877142857142855,12.271,25.23344075,55.30965785
1.0,0.6578,0.0287,0.0,0.0,0.1717,0.2667,0.3035571428571428,144.356,25.233286786237276,55.30905844841125
1.0,0.2415,0.0001,0.0,0.0,0.0,0.1968,0.2054857142857143,163.559,25.233193709805025,55.30900607718407
1.0,1.0,0.0,0.0,0.0,0.0,0.0,0.2857142857142857,15.78,25.23999345,55.30065745
1.0,0.2719,0.0,0.0,0.0,0.1256,0.2105,0.2297142857142857,60.421,25.240071125636963,55.30038898343043
1.0,1.0,0.0,0.0,0.0,0.0,0.0,0.2857142857142857,1.615,25.24006175,55.3006996
1.0,0.3504,0.0,0.0,0.0,0.3201,0.9396,0.3728714285714286,44.59,25.2401664,55.3005103
1.0,0.2261,0.0,0.0,0.0,0.1419,0.9303,0.3283285714285714,55.107,25.240236900243147,55.30059788724362
1.0,0.0,0.0,0.0,0.0,0.4922,1.0,0.3560285714285714,12.111,25.2403124,55.30034614999999
1.0,0.0,0.0,0.0,0.6897,0.8613,1.0,0.5072857142857143,8.152,25.2402823,55.30028155
1.0,0.0422,0.0,0.0,0.0,0.0,0.4247,0.20955714285714286,59.371,25.24239555,55.3013859
1.0,0.7176,0.626,0.0,0.0,0.0,0.2093,0.36469999999999997,162.575,25.2419138,55.3023522
1.0,1.0,1.0,1.0,1.0,1.0,1.0,1.0,23.413,25.243213447734004,55.2982850192429
1.0,1.0,1.0,1.0,1.0,1.0,1.0,1.0,23.212,25.243232555397473,55.298295297456704
1.0,0.5077,0.1827,0.1433,0.1893,0.3995,0.6031,0.43222857142857146,307.362,25.24420412324115,55.29811995624925
1.0,0.0,0.0,0.0,0.0,0.7748,1.0,0.3964,52.516,25.23068317511931,55.292416847891324
1.0,0.0,0.0,0.0,0.0,0.9553,0.5237,0.35414285714285715,56.776,25.23111834224643,55.292523716287846
1.0,0.0,0.0,0.0,0.0,1.0,1.0,0.42857142857142855,38.667,25.230876007160468,55.292662487463204
1.0,0.0,0.0,0.0,0.0,1.0,1.0,0.42857142857142855,8.049,25.23098185,55.2926902
0.9171,0.2439,0.0,0.0,0.0,0.4819,0.1334,0.25375714285714285,77.206,25.23134621354794,55.29256624078297
0.135,0.0,0.0,0.0,0.0,0.0,0.0,0.019285714285714288,20.166,25.231928287698747,55.29237044559552
0.845,0.0,0.0,0.0,0.0,0.0,0.3012,0.16374285714285713,33.729,25.231967572848664,55.29216335521167
0.183,0.0,0.0,0.0,0.0,0.0,0.0,0.02614285714285714,28.327,25.23177552406962,55.292331525453406
0.3527,0.0,0.0,0.0,0.0,0.0,0.0,0.05038571428571429,34.923,25.23183635182936,55.2924413656978
1.0,0.0,0.0,0.0,0.0,0.0,0.0,0.14285714285714285,15.395,25.232060048996548,55.29244038492296
1.0,0.0,0.0,0.0,0.0,0.0,0.0,0.14285714285714285,20.322,25.23216434703397,55.292184753717144
1.0,0.0,0.0,0.0,0.0,0.0,0.0,0.14285714285714285,9.179,25.23213325021997,55.29208904567062
1.0,0.0,0.0,0.0,0.0,0.0,0.0,0.14285714285714285,3.087,25.23211895,55.29243805
1.0,0.0,0.0,0.0,0.0,0.0,0.0,0.14285714285714285,18.368,25.232175808166744,55.29235410871169
1.0,0.0,0.0,0.0,0.0,0.0,0.0,0.14285714285714285,14.154,25.232224458506582,55.29220546728185
1.0,0.0,0.0,0.0,0.0,0.0,0.0,0.14285714285714285,11.086,25.2323145,55.29134715
1.0,0.0,0.0,0.0,0.0,0.0,0.0,0.14285714285714285,40.001,25.232301421256675,55.291517854634535
0.9683,0.5074,0.4447,0.0,0.0,0.0,0.0,0.2743428571428571,227.618,25.23136188896003,55.29080392430683
1.0,0.0,0.0,0.0,0.0,0.0,0.486,0.21228571428571427,11.641,25.23238125,55.29173245
1.0,0.0,0.0,0.0,0.0,0.0,0.0,0.14285714285714285,90.639,25.23206175008181,55.291410491979526
1.0,0.0,0.0,0.0,0.0,0.0,0.0,0.14285714285714285,39.613,25.23225376133445,55.29189010160111
1.0,0.0,0.0,0.0,0.0,0.0,0.0,0.14285714285714285,37.165,25.232380230085457,55.291546143917415
1.0,0.1934,0.0,0.0,0.0,0.0,0.3248,0.2168857142857143,18.795,25.23250245,55.29170155000001
1.0,0.0162,0.0,0.0,0.0,0.0,0.2095,0.1751,39.612,25.232572585232987,55.29164381789445
1.0,0.0,0.0,0.0,0.0,0.0,0.3371,0.19101428571428572,32.989,25.232340755592432,55.29187998976916
1.0,0.0,0.0,0.0,0.0,0.0,0.0,0.14285714285714285,4.843,25.23276095,55.2915919
1.0,0.0,0.0,0.0,0.0,0.0,0.0,0.14285714285714285,19.322,25.232655766569724,55.29162029590578
0.3332,0.0,0.0,0.0,0.0,0.0,1.0,0.19045714285714285,10.734,25.246912361211958,55.31322317312685
1.0,0.3463,0.0,0.0,0.0,1.0,1.0,0.47804285714285716,36.34,25.24710815,55.31255035
0.9843,0.8735,0.7815,0.0,0.0,0.2285,1.0,0.5525428571428571,63.29,25.24705848562618,55.31291004381297
0.3333,0.0,0.0,0.0,0.0,0.0702,0.7249,0.1612,173.782,25.246292379928246,55.31264284485485
0.0427,0.0,0.0,0.0,0.2503,0.6806,1.0,0.28194285714285716,112.781,25.24731787080811,55.31349459453369
1.0,0.0,0.0,0.0,0.0,0.0,0.0,0.14285714285714285,9.347,25.2366992,55.29948395
1.0,0.0,0.0,0.0,0.0,0.0,0.0,0.14285714285714285,2.356,25.2366531,55.2994559
1.0,0.1046,0.0,0.0,0.0,0.0,0.0,0.1578,280.82,25.23701333670421,55.3000112218303
0.0,0.0,0.0,0.0,0.0,0.0,0.3358,0.04797142857142857,6.726,25.2330504,55.3005149
0.0,0.0,0.0,0.0,0.0,0.0,0.1123,0.016042857142857143,136.245,25.233466578814525,55.3009847325318
0.3935,0.0,0.0,0.0,0.0,0.0,0.5293,0.13182857142857143,424.061,25.232828727323763,55.29859693543833
0.0125,0.0,0.0,0.0,0.0,0.0,0.0,0.0017857142857142859,68.809,25.232934847442735,55.300788790461326
1.0,0.0,0.0,0.0,0.0,0.0,0.0,0.14285714285714285,52.745,25.237381291481807,55.298148289372676
1.0,0.0,0.0,0.0,0.0,0.0,0.0,0.14285714285714285,25.556,25.237471432753782,55.2980955925745
1.0,0.0,0.0,0.0,0.0,0.0,0.0,0.14285714285714285,105.993,25.23792197425628,55.29774843119467
1.0,0.0,0.0,0.0,0.0,0.0,0.0,0.14285714285714285,10.873,25.237197999294146,55.29837376882203
1.0,0.0,0.0,0.0,0.0,0.0,0.0,0.14285714285714285,9.831,25.237269411744883,55.29834216980519
1.0,0.0,0.0,0.0,0.0,0.0,0.0,0.14285714285714285,9.392,25.237219286876638,55.298452426996036
1.0,0.0,0.0,0.0,0.0,0.0,0.0,0.14285714285714285,20.284,25.237169530312453,55.298520472882245
1.0,0.0,0.0,0.0,0.0,0.0,0.0,0.14285714285714285,12.809,25.23729538634587,55.29842425179288
1.0,0.0,0.0,0.0,0.0,0.0,0.0,0.14285714285714285,20.148,25.237202709815353,55.29854327467089
1.0,0.0,0.0,0.0,0.0,0.0,0.0,0.14285714285714285,21.799,25.237344496557405,55.29827088724168
1.0,0.0,0.0,0.0,0.0,0.0,0.0,0.14285714285714285,32.632,25.237410196109078,55.29832742527811
1.0,0.0,0.0,0.0,0.0,0.0,0.0,0.14285714285714285,19.894,25.23709765,55.29870295
1.0,0.0,0.0,0.0,0.0,0.0,0.0198,0.14568571428571428,18.449,25.23808965,55.29726755
1.0,0.0,0.0,0.0,0.0,0.0,0.0,0.14285714285714285,134.633,25.238315142501985,55.29666978372302
1.0,0.0,0.0,0.0,0.0,0.0,0.0,0.14285714285714285,16.803,25.2382837,55.2960031
1.0,0.0,0.0,0.0,0.0,0.0,0.0,0.14285714285714285,51.733,25.238317184201826,55.29575770063207
1.0,0.2132,0.0,0.0,0.0,0.0,0.0445,0.17967142857142857,109.178,25.238663521667313,55.295699067109226
0.3394,0.0,0.0,0.0,0.0,0.6292,1.0,0.28122857142857144,7.354,25.23474195,55.29373055000001
0.7455,0.2971,0.0,0.0,0.0,0.0,0.0,0.14894285714285713,43.139,25.2342181,55.2950515
1.0,0.0,0.0,0.0,0.0,0.0,0.0,0.14285714285714285,5.775,25.23403385,55.29516
1.0,0.043,0.0309,0.0237,0.0237,0.8291,0.9692,0.4170857142857143,183.242,25.2335902514901,55.29587759203072
0.2174,0.0,0.0,0.0,0.0,0.0,0.0,0.03105714285714286,17.447,25.23407492624487,55.295055468341225
1.0,0.0,0.0,0.0,0.0,0.0,0.0,0.14285714285714285,55.154,25.23671115942619,55.29977146341014
1.0,0.0,0.0,0.0,0.0,0.0,0.0,0.14285714285714285,23.145,25.23676274996453,55.29939724447505
1.0,0.0,0.0,0.0,0.0,0.0,0.0,0.14285714285714285,78.868,25.235741,55.29426175
0.8015,0.0,0.0,0.0,0.0,0.0,0.0,0.1145,108.365,25.23496045,55.29461055
0.2509,0.0,0.0,0.0,0.0,0.0,0.2414,0.07032857142857143,19.091,25.2353772,55.29432004999999
0.3597,0.3058,0.2452,0.0,0.0,0.0,0.9099,0.2600857142857143,38.778,25.234768611243833,55.29389504485583
1.0,0.0,0.0,0.0,0.0,0.0,0.0,0.14285714285714285,16.737,25.2344397,55.29484575
0.9165,0.0,0.0,0.0,0.0,0.0,0.0,0.13092857142857142,30.323,25.23424553803693,55.29493572084214
0.588,0.0,0.0,0.0,0.0,0.0,0.0,0.08399999999999999,22.157,25.234271684224513,55.29487510015048
0.9181,0.0,0.0,0.0,0.0,0.0,0.0,0.13115714285714286,16.016,25.23414875000001,55.29491045
0.3904,0.0,0.0,0.0,0.0,0.0,0.0179,0.05832857142857143,124.431,25.234444299290576,55.29429427242783
1.0,0.0,0.0,0.0,0.0,0.0,0.0,0.14285714285714285,14.677,25.2358191,55.3013507
0.7446,0.0,0.0,0.0,0.0,0.2722,0.1698,0.1695142857142857,158.032,25.235219253139533,55.30171869999336
1.0,0.0157,0.0156,0.0157,0.0255,0.0414,0.1432,0.17958571428571432,163.988,25.236265531696382,55.30073334517648
0.4986,0.0,0.0,0.0,0.0141,0.0248,0.0627,0.08574285714285713,204.649,25.233654639111435,55.301588893756865
0.1607,0.0,0.0,0.0,0.0,0.0,0.0238,0.026357142857142857,181.172,25.233749338765442,55.30148633117963
0.0,0.0,0.0,0.0,0.0,0.0,0.0,0.0,145.65,25.23360243811087,55.30122559019856
0.0,0.0,0.0,0.0,0.0,0.0,0.2698,0.03854285714285714,18.707,25.23453285,55.30162355
0.0,0.0,0.0,0.0,0.0,0.0,0.0,0.0,15.487,25.23452815,55.30179345000001
0.7722,0.0,0.0,0.0,0.0,0.2962,0.2232,0.18451428571428571,148.029,25.23517958884806,55.30157771551125
1.0,0.0,0.0,0.0,0.0,0.0,0.0,0.14285714285714285,17.933,25.2357331,55.3012194
0.5453,0.0,0.0,0.0,0.1746,0.3305,0.2161,0.1809285714285714,135.699,25.235130978259317,55.301402155093825
0.0,0.0,0.0,0.0,0.0,0.0,0.3932,0.056171428571428574,37.07,25.23436920385796,55.30151632722082
1.0,0.04,0.0045,0.0,0.0,0.0,0.0,0.14921428571428572,164.51,25.236171360199215,55.3005441472422
1.0,0.0,0.0,0.0,0.0,0.0,0.0,0.14285714285714285,27.152,25.23686305,55.2991734
1.0,0.0,0.0,0.0,0.0,0.0,0.0,0.14285714285714285,77.974,25.237025745647703,55.29909796739545
1.0,0.0,0.0,0.0,0.0,0.0,0.0,0.14285714285714285,18.991,25.2381235,55.29600635
1.0,0.0,0.0,0.0,0.0,0.0,0.0,0.14285714285714285,116.661,25.237997713581265,55.29658825975132
1.0,0.0,0.0,0.0,0.0,0.0,0.0,0.14285714285714285,64.126,25.237975981055566,55.29570649098375
1.0,0.0,0.0,0.0,0.0,0.0,0.0,0.14285714285714285,211.953,25.23792590494224,55.29526130693173
1.0,0.0,0.0,0.0,0.0,0.0035,0.0234,0.14670000000000002,126.678,25.23816349224421,55.29661734631333
1.0,0.0,0.0,0.0,0.0,0.0,0.0,0.14285714285714285,28.27,25.2369463,55.29884735
1.0,0.0,0.0,0.0,0.0,0.0,0.0,0.14285714285714285,38.708,25.23680085,55.2991389
1.0,0.0,0.0,0.0,0.0,0.0,0.0,0.14285714285714285,5.302,25.2368708,55.29894915
1.0,0.0,0.0,0.0,0.0,0.0,0.0,0.14285714285714285,9.321,25.2369027,55.29901235
1.0,0.2953,0.1955,0.0,0.1896,0.2032,0.5118,0.34220000000000006,13.443,25.23599255,55.2974017
1.0,0.0,0.0,0.0,0.0,0.0739,0.6167,0.24151428571428574,17.943,25.235891476676944,55.29738877753915
1.0,0.8037,0.7411,0.0,0.7238,0.769,0.9077,0.7064714285714286,44.445,25.236111467677492,55.2971988967745
1.0,0.0,0.0,0.0,0.0,0.0,0.0,0.14285714285714285,12.064,25.23785285,55.29544475
1.0,1.0,1.0,0.1667,1.0,1.0,1.0,0.8809571428571429,71.231,25.2364928,55.29637135000001
1.0,1.0,1.0,0.741,1.0,1.0,1.0,0.963,35.479,25.23627173799634,55.296717575357434
1.0,1.0,1.0,1.0,1.0,1.0,1.0,1.0,29.861,25.23612293953027,55.29645004117055
1.0,0.3629,0.3127,0.0,0.2872,0.3155,0.3712,0.3785,56.422,25.236272,55.29791055
1.0,0.0,0.0,0.0,0.0,0.0,0.0,0.14285714285714285,39.323,25.23649845,55.2983152
1.0,0.5047,0.5531,0.2729,0.4499,0.4628,0.4628,0.529457142857143,86.728,25.23641964921309,55.29848290826188
1.0,0.0,0.0,0.0,0.0,0.0,0.0,0.14285714285714285,24.471,25.236455764813922,55.29804785729145
1.0,0.0,0.0,0.0,0.0,0.0,0.6718,0.23882857142857142,63.159,25.236625683649518,55.29818226874147
1.0,0.9166,0.9166,0.0,0.9214,0.9334,0.9798,0.8096857142857142,188.232,25.23678748531537,55.297083978418264
1.0,0.9335,0.8661,0.0,0.8079,0.9563,1.0,0.7948285714285713,52.474,25.235729119391745,55.29525757207586
1.0,0.9678,0.9389,0.0,0.9446,0.9531,0.9884,0.8275428571428571,68.711,25.235433612284595,55.29552762305083
1.0,1.0,1.0,0.0,1.0,1.0,1.0,0.8571428571428571,34.788,25.23589464952429,55.29551827623607
1.0,1.0,1.0,0.0,1.0,1.0,1.0,0.8571428571428571,16.892,25.2350717,55.29565455
1.0,0.5498,0.5169,0.0,0.548,0.6987,0.8206,0.5905714285714286,58.206,25.235180635548847,55.29571535768685
1.0,1.0,1.0,0.0,1.0,1.0,1.0,0.8571428571428571,28.737,25.234937,55.29557565
1.0,0.961,0.8879,0.5513,0.7441,0.7487,0.7854,0.8112,65.639,25.2351649,55.2959714
1.0,1.0,1.0,0.0,1.0,1.0,1.0,0.8571428571428571,147.398,25.23456672472465,55.29623908273605
1.0,1.0,1.0,0.9475,1.0,1.0,1.0,0.9924999999999999,15.861,25.2362666,55.29695885
1.0,1.0,1.0,0.2223,1.0,1.0,1.0,0.8889000000000001,75.258,25.23623786485288,55.29724629693431
1.0,1.0,1.0,1.0,1.0,1.0,1.0,1.0,18.799,25.23593145,55.29634985
1.0,1.0,1.0,0.5616,1.0,1.0,1.0,0.9373714285714286,80.13,25.235678900358717,55.29625051069066
0.438,0.438,0.438,0.438,0.5453,0.7432,1.0,0.5772142857142857,20.241,25.23523265,55.29670655
1.0,1.0,1.0,1.0,1.0,1.0,1.0,1.0,24.175,25.235362371238953,55.296545046482265
0.2915,0.2906,0.2411,0.2155,0.2644,0.3444,0.5852,0.31895714285714283,96.189,25.23502387075284,55.2969950410993
0.0,0.0,0.0,0.0,0.0,0.0,0.0,0.0,45.129,25.23536815395424,55.297154256060196
0.0,0.0,0.0,0.0,0.0,0.0,0.0,0.0,31.974,25.235067853339206,55.29734575542714
0.4507,0.0,0.0,0.0,0.0,0.0,0.0,0.06438571428571428,49.642,25.235367979038497,55.297405480480435
0.0,0.0,0.0,0.0,0.0,0.0,0.1653,0.023614285714285716,49.45,25.235157672793395,55.29703231996296
1.0,0.8232,0.0,0.0,0.0,0.1769,1.0,0.42858571428571424,5.05,25.2357993,55.2974407
0.9852,0.2475,0.0,0.0,0.0,0.0,0.0104,0.17758571428571426,100.859,25.23534578105045,55.29754092612136
1.0,0.0,0.0,0.0,0.0,0.0,0.043,0.149,22.403,25.23567915407869,55.29746650235647
1.0,0.5283,0.5156,0.0,0.3118,0.3528,0.5189,0.46105714285714283,45.906,25.236048911216347,55.29712608280602
1.0,0.0915,0.0427,0.0,0.0,0.0,0.0,0.1620285714285714,42.765,25.23573192544784,55.297346301324175
0.3898,0.3898,0.3898,0.0426,0.4041,0.5118,0.6366,0.3949285714285714,45.426,25.235689086071016,55.296482089878516
0.8127,0.8282,0.7325,0.255,0.7159,0.807,0.9969,0.7354571428571429,46.927,25.23564220000428,55.29638500020155
0.0146,0.0146,0.0146,0.0146,0.1684,0.6145,1.0,0.26304285714285713,42.821,25.235363401303335,55.29670760714304
1.0,1.0,1.0,1.0,1.0,1.0,1.0,1.0,26.992,25.2353874,55.29636065
0.954,0.9377,0.9108,0.3278,0.884,0.8978,1.0,0.8445857142857144,174.166,25.234688531274422,55.29671671968451
1.0,0.5959,0.0,0.0,0.0,0.0,0.0,0.22798571428571426,19.52,25.2344794,55.294935
1.0,0.2546,0.0,0.0,0.0,0.0,0.0,0.17922857142857143,18.573,25.2346388,55.2948657
1.0,0.0,0.0,0.0,0.0,0.0,0.0,0.14285714285714285,10.257,25.23453505,55.2948564
1.0,0.5275,0.0,0.0,0.0,0.0,0.0,0.2182142857142857,6.117,25.2345755,55.2949244
0.0,0.0,0.0,0.0,0.0,0.0689,0.0319,0.0144,25.419,25.2356036,55.2967426
0.0,0.0,0.0,0.0,0.0,0.0,0.0,0.0,26.406,25.23557673271198,55.296930410693804
0.7677,0.0,0.0,0.0,0.0,0.0,0.0,0.10967142857142857,24.813,25.235742123907194,55.296901828620854
1.0,1.0,1.0,0.1935,1.0,1.0,1.0,0.8847857142857143,94.702,25.237131860813115,55.295945182892616
1.0,1.0,1.0,1.0,1.0,1.0,1.0,1.0,22.258,25.237578094030308,55.29563806273369
1.0,1.0,0.9938,0.9758,0.9884,1.0,1.0,0.994,144.534,25.237239957328384,55.295121581292335
1.0,1.0,1.0,1.0,1.0,1.0,1.0,1.0,15.767,25.23753557761577,55.29575868314534
1.0,0.6807,0.0,0.0,0.0,0.0,0.0,0.24009999999999998,15.896,25.23663425,55.298545
1.0,1.0,0.7707,0.5558,0.7734,0.7719,0.773,0.8064,18.593,25.236602,55.2986602
1.0,0.1399,0.0,0.0,0.0,0.0,0.3579,0.21397142857142853,17.09,25.23671414326249,55.29868315386594
1.0,1.0,0.0,0.0,0.0,0.0,0.0,0.2857142857142857,4.06,25.23495245,55.29890475000001
1.0,1.0,0.0,0.0,0.0,0.0,0.0,0.2857142857142857,9.317,25.23498445,55.2989257
1.0,1.0,0.0,0.0,0.0,0.0,0.0,0.2857142857142857,9.552,25.23493525,55.29884935
1.0,0.3725,0.372,0.3174,0.3921,0.4659,0.5371,0.4938571428571429,59.149,25.234489438828614,55.298324131008556
1.0,1.0,1.0,1.0,1.0,1.0,1.0,1.0,41.113,25.234282532502892,55.297928885288314
1.0,0.6637,0.6637,0.6637,0.8367,1.0,1.0,0.8325428571428571,13.812,25.234276320851727,55.29820057486791
1.0,1.0,1.0,0.0,0.0,0.0,0.0,0.42857142857142855,8.491,25.23526665,55.2997529
1.0,1.0,1.0,0.0,0.0,0.0,0.0,0.42857142857142855,26.544,25.235391947265146,55.29980692571892
1.0,1.0,0.9094,0.0,0.0,0.0,0.1129,0.4317571428571428,49.603,25.23525965516768,55.30003871348146
1.0,0.2296,0.2296,0.0,0.2615,0.3072,0.394,0.34598571428571434,22.761,25.235071155229644,55.30071823614972
0.923,0.59,0.5843,0.1214,0.6118,0.7805,1.0,0.6587142857142857,69.573,25.23473164888988,55.30082690865097
1.0,0.5574,0.2976,0.0,0.2625,0.2625,0.2625,0.37750000000000006,44.869,25.235112135768286,55.300469212532725
1.0,0.0,0.0,0.0,0.0,0.1207,0.986,0.30095714285714287,18.121,25.23423615,55.2983528
1.0,0.0,0.0,0.0,0.0,0.2809,1.0,0.32584285714285716,7.541,25.2342316,55.29825025
1.0,0.0,0.0,0.0,0.0296,0.3407,0.7151,0.2979142857142857,31.021,25.2343844,55.29834085
0.6537,0.3502,0.0826,0.0,0.0066,0.1059,0.3367,0.21938571428571427,31.006,25.23337665,55.3001389
1.0,0.735,0.7,0.0323,0.7274,0.7848,0.9132,0.6989571428571429,83.306,25.233170379490858,55.29977387685617
0.8413,0.4161,0.3895,0.1409,0.5051,0.7351,0.9352,0.5661714285714285,128.419,25.23360715213347,55.30063287904596
0.4578,0.0,0.0,0.0,0.0,0.2497,1.0,0.24392857142857144,21.544,25.234264771880408,55.301064598471875
0.6555,0.0,0.0,0.0,0.0,0.2957,0.8993,0.26435714285714285,50.706,25.234089464863377,55.301064235527505
0.8685,0.0,0.0,0.0,0.0,0.7936,1.0,0.3803,18.222,25.234350056875936,55.300978040969355
1.0,1.0,0.0,0.0,0.0,0.0,0.0,0.2857142857142857,10.796,25.23519895,55.29965425
1.0,1.0,0.7116,0.0,0.0,0.0,0.0,0.38737142857142853,8.767,25.23528385,55.2996288
1.0,1.0,0.5068,0.0,0.0,0.0,0.0,0.3581142857142857,7.329,25.235253,55.29967575
1.0,1.0,0.0,0.0,0.0,0.0,0.0,0.2857142857142857,8.322,25.23523715,55.29959995000001
1.0,0.9043,0.2547,0.0,0.1492,0.2838,0.7547,0.4781,17.472,25.233874,55.29904705
1.0,0.9983,0.9326,0.6024,0.9179,0.9578,1.0,0.9155714285714286,52.109,25.233997744153882,55.298794484298675
1.0,0.5291,0.5296,0.0,0.5586,0.6404,0.765,0.5746714285714286,40.325,25.233672037629923,55.299069997917485
1.0,1.0,1.0,0.8047,1.0,1.0,1.0,0.9721000000000001,34.645,25.236407968473912,55.29881436731336
1.0,0.3835,0.3835,0.3307,0.5466,0.5611,0.6297,0.5478714285714286,84.174,25.236428007611067,55.29909856683839
1.0,0.0,0.0,0.0,0.0,0.0,0.0657,0.15224285714285715,9.207,25.2360701,55.29978645
1.0,0.0,0.0,0.0,0.0,0.0,0.0,0.14285714285714285,18.752,25.23599545,55.29969975
1.0,0.0,0.0,0.0,0.0235,0.1002,0.3215,0.2064571428571429,36.302,25.23613039701951,55.299578658848745
1.0,0.0,0.0,0.0,0.0,0.0,0.0,0.14285714285714285,5.794,25.23585805,55.30018355
1.0,0.0,0.0,0.0,0.0,0.0,0.0,0.14285714285714285,2.457,25.23586905,55.3002226
1.0,0.0,0.0,0.0,0.0,0.0,0.0,0.14285714285714285,14.091,25.235922399393942,55.300176398557525
1.0,0.9244,0.9244,0.9244,0.9945,1.0,0.9909,0.9655142857142857,37.326,25.230458687908296,55.29740524654482
1.0,1.0,1.0,0.9722,0.977,0.977,0.977,0.9861714285714287,19.938,25.230237503545062,55.297267199416126
0.4427,0.4672,0.4223,0.3705,0.3986,0.4073,0.4465,0.4221571428571428,146.897,25.23051466156636,55.29664335646148
1.0,1.0,1.0,1.0,1.0,1.0,1.0,1.0,6.258,25.23023725,55.2963046
1.0,0.6405,0.6513,0.5393,0.5981,0.7076,1.0,0.7338285714285714,52.969,25.230146,55.2965491
1.0,0.5392,0.3837,0.299,0.2812,0.2812,0.2812,0.4379285714285715,36.435,25.230333063990894,55.296155956074514
1.0,0.958,0.958,0.0,1.0,1.0,1.0,0.8451428571428572,20.523,25.23614955,55.29939175
1.0,1.0,1.0,0.0,1.0,1.0,1.0,0.8571428571428571,13.846,25.2336428,55.29799525
0.8559,0.8106,0.7768,0.2426,0.7827,0.8099,0.8223,0.7286857142857144,66.855,25.2338125,55.2976407
1.0,1.0,0.9877,0.0,0.9395,0.9395,1.0,0.8381,28.596,25.2335567,55.2978669
1.0,1.0,1.0,0.0,1.0,1.0,1.0,0.8571428571428571,26.534,25.2337763,55.29799405
1.0,0.9336,0.9031,0.2978,0.8722,0.9278,0.9984,0.8475571428571429,62.97,25.23338895,55.29850855
1.0,1.0,1.0,0.0,1.0,1.0,1.0,0.8571428571428571,13.047,25.23355715,55.2981796
1.0,1.0,1.0,0.0,1.0,1.0,1.0,0.8571428571428571,26.645,25.2336341,55.29829575
1.0,1.0,1.0,0.0,0.9573,0.9573,0.9573,0.8388428571428571,28.898,25.23341175,55.29817
1.0,0.9385,0.7712,0.0,0.6602,0.6602,0.6602,0.670042857142857,17.482,25.23417855,55.2985177
1.0,0.1395,0.1395,0.0,0.1626,0.1835,0.2112,0.2623285714285714,27.05,25.23425425,55.2986597
1.0,0.7931,0.6594,0.0,0.5388,0.5388,0.5388,0.5812714285714286,11.918,25.23409935,55.29856915000001
1.0,1.0,0.0,0.0,0.0,0.0,0.0,0.2857142857142857,18.756,25.23517715,55.29911485
1.0,1.0,0.0,0.0,0.0,0.0,0.0,0.2857142857142857,18.494,25.2351624,55.29928495
1.0,1.0,0.0,0.0,0.0,0.0,0.0,0.2857142857142857,5.071,25.23512465,55.29917645
1.0,1.0,0.0,0.0,0.0,0.0,0.0,0.2857142857142857,4.208,25.23515455,55.2992065
1.0,1.0,0.0,0.0,0.0,0.0,0.0,0.2857142857142857,26.103,25.2350357,55.2991328
0.7544,0.735,0.7699,0.0,0.6262,0.7323,0.8258,0.6347999999999999,94.148,25.25241155,55.30813965
1.0,0.0,0.0,0.0,0.0,0.0,0.0,0.14285714285714285,29.888,25.252844183810037,55.30820747464985
1.0,0.2795,0.1878,0.1531,0.1482,0.1482,0.5541,0.35298571428571435,145.465,25.23324398194309,55.29154401080256
1.0,1.0,0.9036,0.9015,0.9352,1.0,1.0,0.9629,107.659,25.23372809675998,55.29231198348615
1.0,0.3402,0.3402,0.3402,0.3402,0.4053,0.6764,0.49178571428571427,52.811,25.233209090224626,55.29205912983682
1.0,0.0,0.0,0.0,0.0,0.0,0.0,0.14285714285714285,92.94,25.232785182298763,55.291963568061234
1.0,0.0,0.0,0.0,0.0,0.0,0.0,0.14285714285714285,10.978,25.2330319,55.2910691
1.0,0.0,0.0,0.0,0.0,0.0,0.0,0.14285714285714285,15.698,25.23292169220037,55.29101798388396
0.0,0.0,0.0,0.0,0.0,0.0,0.0,0.0,12.51,25.23715585,55.29347785
0.3488,0.0,0.0,0.0,0.8049,0.8295,0.8401,0.4033285714285714,113.248,25.237656185214952,55.29376947945155
0.2115,0.0,0.0,0.0,0.0,0.0256,0.7179,0.13642857142857143,24.797,25.237256970573416,55.29339927919501
0.0,0.0,0.0,0.0,0.0,0.0,0.0,0.0,18.519,25.237193325882533,55.293595122997985
1.0,0.0,0.0099,0.0,0.0,0.0,0.0627,0.15322857142857144,61.632,25.2342359,55.2917974
1.0,0.0,0.0,0.0,0.0,0.0,0.7311,0.24730000000000002,9.401,25.23451665,55.29196575
0.3469,0.0,0.0,0.0,0.1059,0.4627,0.6293,0.2206857142857143,172.067,25.23487685,55.2912109
1.0,0.0,0.0,0.0,0.0,0.0,0.1988,0.17125714285714286,74.464,25.23468648937146,55.29217347034051
1.0,0.7074,0.7074,0.7074,0.851,1.0,1.0,0.8533142857142858,11.088,25.2431520426506,55.29843804636091
0.0,0.0,0.0,0.0,0.0,0.2717,1.0,0.18167142857142857,16.001,25.2353675,55.2940095
0.0,0.0,0.0,0.0,0.0,0.5417,0.8308,0.1960714285714286,77.57,25.234999313376232,55.29399279822034
0.2007,0.0,0.0,0.0,0.0,0.053,0.6285,0.1260285714285714,90.049,25.234924539810102,55.29420011072468
0.7947,0.0,0.0,0.0,0.0,0.0,0.0777,0.12462857142857142,70.13,25.23563655,55.2941063
0.374,0.0,0.0,0.0,0.0,0.0,0.1126,0.06951428571428572,128.243,25.234827479909157,55.294420783501586
1.0,0.0,0.0,0.0,0.0,0.0,0.0,0.14285714285714285,23.777,25.2446745,55.30649875
1.0,0.0,0.0,0.0,0.1425,0.3101,0.4743,0.27527142857142856,24.002,25.244742125190733,55.30655944810645
1.0,0.0,0.0,0.0,0.0,0.0,0.0,0.14285714285714285,65.778,25.24456625278821,55.30692742037829
1.0,0.2081,0.0,0.0,0.0,0.0,0.0,0.1725857142857143,25.974,25.24473285,55.30626005
1.0,0.0,0.0,0.0,0.1994,0.3335,0.4587,0.2845142857142857,22.901,25.24476186687754,55.3064692387468
1.0,0.0,0.0,0.0,1.0,1.0,1.0,0.5714285714285714,17.406,25.24492135,55.30655645000001
1.0,0.4557,0.0,0.0,0.0,0.0,0.0,0.20795714285714287,29.928,25.2448782,55.3057144
1.0,1.0,0.0,0.0,0.0,0.0,0.0,0.2857142857142857,29.26,25.24480395,55.30599695
1.0,1.0,0.5249,0.0,0.0,0.0,0.4901,0.4307142857142857,26.828,25.244896315604077,55.30597157601222
1.0,1.0,0.6653,0.0,0.0,0.0,0.4879,0.45045714285714283,25.887,25.244866460746024,55.306082508093354
1.0,0.7781,0.5935,0.0,0.0,0.6512,0.8806,0.5576285714285715,85.447,25.24535085,55.3061777
1.0,0.0,0.0,0.0,0.0,0.0,0.0,0.14285714285714285,30.373,25.24525625,55.30423125
1.0,0.0,0.0,0.0,0.0601,0.3306,0.4325,0.26045714285714283,27.667,25.24531369104944,55.3042988870392
1.0,0.6929,0.0,0.0,0.0,0.0,0.0,0.2418428571428571,46.651,25.24535245,55.3038634
1.0,0.0,0.0,0.0,0.3284,0.429,0.4853,0.32038571428571433,23.715,25.245352262112135,55.304181494091026
1.0,0.0,0.0,0.0,1.0,1.0,1.0,0.5714285714285714,18.785,25.24551185,55.3042869
1.0,0.6549,0.0,0.0,0.0,0.0,0.0,0.23641428571428572,62.877,25.24555635,55.303063
1.0,0.1933,0.0,0.0,0.0,0.0,0.0,0.17047142857142858,28.869,25.24544555,55.30350235
1.0,0.0,0.0,0.0,0.0,0.2312,0.7011,0.27604285714285715,25.072,25.245532605427247,55.30347147934848
1.0,0.2865,0.0,0.0,0.0,0.1951,0.7026,0.31202857142857143,24.067,25.24550169343445,55.30358466339107
1.0,0.0,0.0,0.0,0.0,1.0,1.0,0.42857142857142855,15.294,25.2456704,55.30359095
1.0,0.0,0.0,0.0,0.0,0.1385,0.3564,0.21355714285714286,25.025,25.246004820338513,55.301766322628296
1.0,0.8301,0.0,0.0,0.0,0.0,0.0,0.26144285714285714,110.667,25.24619245394323,55.301162105518614
1.0,0.0,0.1444,0.0,0.0,0.0,0.0,0.1634857142857143,36.04,25.24590953260658,55.30181814365071
1.0,0.0258,0.135,0.0,0.0,0.1027,0.307,0.22435714285714287,27.953,25.24594984991947,55.30190982068088
1.0,0.9589,0.2657,0.0,0.0,0.0,0.0,0.31779999999999997,81.858,25.245735755503812,55.30237172123981
1.0,0.0,0.0,0.0,0.0,1.0,1.0,0.42857142857142855,7.849,25.2460994,55.30188575
1.0,0.1003,0.0,0.0,0.0,0.0,0.0,0.1571857142857143,26.641,25.246093736077203,55.30088460174472
1.0,0.8164,0.0,0.0,0.0,0.0,0.0,0.25948571428571426,29.882,25.246140680939142,55.30097799220639
1.0,0.1561,0.0,0.0,0.0,0.0,0.0,0.16515714285714284,25.249,25.246036077545387,55.30099204540053
1.0,0.105,0.0,0.0,0.0,0.0,0.0,0.15785714285714286,24.656,25.2472173,55.29033255
1.0,0.1655,0.0,0.0,0.0,0.0,0.0,0.1665,20.53,25.24718344673376,55.29042480915765
1.0,0.0,0.0,0.0,0.0,0.0,0.0,0.14285714285714285,22.702,25.247270269056642,55.29039567031694
0.1214,0.0,0.0,0.0,0.0,0.0,0.3752,0.07094285714285714,24.625,25.24550885010715,55.29057437651151
0.789,0.0,0.0,0.0,0.0,0.0,0.0,0.11271428571428573,21.222,25.245414866494258,55.290594857007
0.5304,0.0,0.0,0.0,0.0,0.0,0.0485,0.0827,25.61,25.2454916,55.2906641
0.9747,0.0,0.0,0.0,0.0,0.0,0.0,0.13924285714285714,15.959,25.2453093,55.29070975
0.9159,0.0,0.0,0.0,0.0,0.0,0.5065,0.20320000000000002,25.01,25.2451856,55.2964952
1.0,0.3346,0.0,0.0,0.0,0.0,0.1762,0.21582857142857143,21.635,25.24522271281322,55.2965796785773
0.7388,0.0,0.0,0.0,0.0,0.0,0.0,0.10554285714285715,46.699,25.245349,55.2961879
0.6072,0.0,0.0,0.0,0.0,0.0,0.0,0.08674285714285714,22.274,25.245267998046586,55.29649090429934
1.0,0.3077,0.0,0.0,0.0,0.0,0.0,0.18681428571428574,27.384,25.2454235,55.296656
1.0,0.6601,0.3059,0.0,0.0,0.0,0.0,0.28085714285714286,102.378,25.245052365676035,55.296968384631036
0.8904,0.0,0.0,0.0,0.0,0.0,0.0,0.1272,62.024,25.245393205166,55.296301738086385
1.0,0.0,0.0,0.0,0.0,0.0,1.0,0.2857142857142857,16.893,25.244864,55.29692575
1.0,0.1834,0.2027,0.0,0.1064,0.8649,1.0,0.47962857142857146,31.126,25.244710734280947,55.2970747189841
1.0,0.848,0.8269,1.0,0.8888,1.0,1.0,0.9376714285714286,5.476,25.24462405,55.29726505000001
1.0,1.0,1.0,0.7689,0.7469,1.0,1.0,0.9308285714285713,19.081,25.244598227764847,55.297191158392216
1.0,1.0,0.3602,0.0,0.0,0.0,0.9385,0.47124285714285713,22.556,25.24929465,55.3090932
1.0,1.0,0.6648,0.0,0.0,0.0,0.0,0.3806857142857143,28.94,25.2494949,55.30921035
1.0,1.0,0.0,0.0,0.0,0.0,1.0,0.42857142857142855,5.724,25.2491939,55.309011
0.9399,0.5988,0.0,0.0,0.0,0.002,0.5183,0.29414285714285715,318.59,25.250594100799432,55.30946414975015
1.0,0.0,0.0,0.0,0.0,0.0,0.0,0.14285714285714285,15.051,25.24957255,55.30889425
1.0,0.3889,0.3133,0.2186,0.2234,0.2066,0.8405,0.4558999999999999,19.782,25.24942865,55.30890295
1.0,0.1734,0.1488,0.1449,0.1487,0.2993,0.4425,0.33680000000000004,35.181,25.2496665,55.3089771
1.0,0.1264,0.1195,0.1184,0.1383,0.1328,0.6653,0.32867142857142856,38.752,25.24946415,55.30880265
1.0,0.0,0.0,0.0,0.0,0.0,0.0,0.14285714285714285,22.347,25.24970166797417,55.30877877284472
1.0,0.0,0.0,0.0,0.0,0.952,0.9998,0.4216857142857143,34.631,25.2499191,55.30894015
1.0,0.0,0.0,0.0,0.0,0.0,0.1199,0.15998571428571426,20.923,25.249755831033607,55.3087923020504
1.0,0.0,0.0,0.0,0.0,0.7748,1.0,0.3964,14.081,25.249794760440803,55.30895829166621
1.0,0.3843,0.3401,0.2568,0.1849,0.7486,0.9997,0.5592,30.471,25.24995145,55.3090624
1.0,0.9569,0.0,0.0,0.0,0.0,0.4997,0.3509428571428571,73.019,25.249845,55.30833895000001
1.0,0.6474,0.0,0.0,0.0,0.0,0.995,0.37748571428571426,52.085,25.24894345,55.30893405
1.0,0.1053,0.0,0.0,0.0,0.0,0.5543,0.2370857142857143,75.636,25.248596314801738,55.30895984508623
1.0,0.36,0.0,0.0,0.0,0.0,0.9483,0.32975714285714286,33.913,25.248813446182055,55.30899436681112
1.0,0.1297,0.1141,0.0836,0.0836,0.5633,0.6502,0.3749285714285714,82.889,25.2477641,55.3083741
1.0,0.0,0.0,0.0,0.0,0.0308,0.3128,0.19194285714285714,27.082,25.24808234796078,55.308364798934825
1.0,0.2467,0.234,0.1941,0.206,0.7862,0.7883,0.49361428571428567,64.086,25.247815761482844,55.308268250510785
1.0,0.0,0.0,0.0,0.0,1.0,1.0,0.42857142857142855,4.451,25.2467602,55.30805915
1.0,0.0,0.0,0.0,0.0,0.6954,0.7537,0.34987142857142856,122.343,25.24621100529701,55.307889890336035
1.0,0.0,0.0,0.0,0.0,0.0,0.6182,0.23117142857142856,27.429,25.2458027,55.3077037
1.0,0.0,0.0,0.0,0.0,0.0,0.0,0.14285714285714285,15.216,25.24561515,55.30770635
1.0,0.0,0.0,0.0,0.0,0.0,1.0,0.2857142857142857,8.992,25.2458854,55.3076687
1.0,0.6861,0.3326,0.1278,0.0694,0.0608,0.6238,0.41435714285714287,20.631,25.24549075,55.30760655
1.0,0.0,0.0,0.0,0.0,0.0,0.8716,0.26737142857142854,3.931,25.24541535,55.30752135
1.0,0.0748,0.0,0.0,0.0,0.0,0.8474,0.2746,47.866,25.2456394,55.3075917
1.0,0.2894,0.2357,0.1553,0.1483,0.1413,0.1459,0.3022714285714286,43.267,25.245362291493144,55.307626139639495
1.0,0.0463,0.0,0.0,0.0,0.0,0.0,0.14947142857142856,17.634,25.24531245,55.307846
1.0,0.0,0.0,0.0,0.0,0.0,0.0,0.14285714285714285,50.764,25.24516425218925,55.307742983241525
1.0,0.7828,0.277,0.0,0.1751,0.1559,0.1202,0.3587142857142857,41.606,25.24505737190518,55.30785425966733
1.0,0.346,0.0,0.0,0.0,0.0,1.0,0.33514285714285713,55.152,25.25038475,55.30309525
1.0,1.0,0.0,0.0,0.0,0.0,1.0,0.42857142857142855,39.555,25.2505813,55.30267755
1.0,0.3998,0.0,0.0,0.0,0.4652,1.0,0.4092857142857143,20.289,25.250450026768988,55.30277576637584
1.0,0.0,0.0,0.0,0.0,0.3445,1.0,0.3349285714285714,64.095,25.2505702032274,55.30239996885181
1.0,0.3741,0.0,0.0,0.0,0.0,0.0,0.19629999999999997,34.039,25.25000205,55.30590755
1.0,1.0,0.0,0.0,0.0,0.0,0.0,0.2857142857142857,3.297,25.24995745,55.3060865
1.0,0.9495,0.762,0.2685,0.1487,0.4393,0.6907,0.6083857142857142,143.454,25.24933885,55.30588395
1.0,1.0,0.0,0.0,0.0,0.0,0.0,0.2857142857142857,32.747,25.24875575,55.30554035
1.0,1.0,0.0,0.0,0.0,0.0,0.0,0.2857142857142857,5.834,25.2487093,55.30572515
1.0,0.0,0.0,0.0,0.0,0.0,0.0,0.14285714285714285,4.957,25.25015295,55.30530225
1.0,0.7546,0.6102,0.1327,0.2168,0.5664,0.6596,0.5629,143.3,25.249529,55.3051243
1.0,0.0,0.0,0.0,0.0,0.0,0.0,0.14285714285714285,19.13,25.2502302,55.30535015
1.0,0.0,0.0,0.0,0.0,0.0,0.0,0.14285714285714285,37.095,25.25010271178276,55.305503802935135
1.0,0.9862,0.0,0.0,0.0,0.0,0.0,0.28374285714285713,31.96,25.24894945,55.3047695
1.0,1.0,0.0,0.0,0.0,0.0,0.0,0.2857142857142857,7.413,25.24890205,55.3049581
1.0,0.0212,0.0,0.0,0.0,0.0,1.0,0.2887428571428572,7.975,25.23240625,55.31393385000001
1.0,0.0,0.0,0.0,0.0,0.0,0.8771,0.26815714285714287,32.765,25.23237265,55.31409755000001
1.0,0.0,0.0,0.0,0.0,0.0,0.0,0.14285714285714285,3.048,25.2447885,55.3104943
1.0,0.0,0.0,0.0,0.0,0.0,0.0,0.14285714285714285,4.827,25.2447663,55.3105248
1.0,0.1845,0.0,0.0,0.0,0.0,0.0,0.1692142857142857,70.879,25.245034936120977,55.31071758276013
1.0,0.7105,0.0,0.0,0.0,0.1431,1.0,0.4076571428571429,23.251,25.25071165,55.30240055
1.0,1.0,1.0,0.0,0.0,0.0,0.0,0.42857142857142855,4.797,25.2548398,55.30467655
1.0,1.0,0.0,0.0,0.0,0.0,0.0,0.2857142857142857,19.757,25.245375828536154,55.31091311075996
0.5654,0.0,0.0,0.0,0.0,1.0,1.0,0.36648571428571425,13.45,25.2517631,55.30942425000001
0.5837,0.0,0.0,0.0,0.0,0.871,1.0,0.3506714285714286,13.444,25.251777332177745,55.309466385689475
1.0,0.0,0.0,0.0,0.0,0.0,0.0,0.14285714285714285,52.655,25.2529855,55.307828
1.0,0.0,0.128,0.0,0.0,0.2824,0.6324,0.29182857142857144,32.788,25.252842687183577,55.3079237526349
0.7847,0.0,0.0,0.0,0.0,0.0,0.7998,0.22635714285714284,39.599,25.253148365132407,55.307406422017586
1.0,0.0,0.0373,0.0,0.0,0.3902,0.7773,0.31497142857142857,41.043,25.252936289904635,55.30770756962999
1.0,0.4538,0.0,0.0,0.0,0.3238,0.5004,0.32542857142857146,17.268,25.2526437,55.30772065
1.0,0.9428,0.7195,0.0,0.0,1.0,1.0,0.6660428571428572,5.889,25.25273375,55.3077766
1.0,0.588,0.7938,0.0,0.0,1.0,1.0,0.6259714285714286,5.86,25.2527402,55.3077602
1.0,1.0,0.4393,0.0,0.0,1.0,1.0,0.6341857142857144,21.035,25.2527515,55.29859595
1.0,1.0,1.0,0.0,0.0,0.1258,1.0,0.5894,20.51,25.252745558085657,55.298673018524575
1.0,0.6329,0.4837,0.0,0.0,0.8031,1.0,0.5599571428571429,101.03,25.253236548798633,55.29887995206838
1.0,1.0,0.8662,0.0,0.0,0.6523,1.0,0.6455,54.028,25.252452,55.29842395
1.0,1.0,0.3264,0.0,0.0,0.0722,1.0,0.48551428571428573,17.119,25.25267047706341,55.29863026963843
1.0,0.754,0.7018,0.0,0.0,0.7364,1.0,0.5988857142857142,57.884,25.25253625,55.2989662
1.0,1.0,0.0,0.0,0.0,0.714,0.9178,0.5188285714285714,14.424,25.2522755,55.29819815
1.0,1.0,0.0,0.0,0.0,1.0,1.0,0.5714285714285714,23.205,25.2524244,55.2982868
1.0,1.0,0.0,0.0,0.0,0.9518,1.0,0.5645428571428571,15.759,25.252289731577154,55.29817116659743
1.0,0.9796,0.0686,0.0,0.0,0.0,0.4194,0.3525142857142857,103.349,25.25245495,55.2974772
1.0,0.5038,0.0,0.0,0.0,0.0,0.0,0.21482857142857142,14.535,25.25220505,55.29799395000001
1.0,0.5256,0.0,0.0,0.0,0.0,0.1134,0.23414285714285712,17.452,25.252241881901536,55.29801805169406
1.0,1.0,0.0,0.0,0.0,0.0,0.0,0.2857142857142857,22.356,25.251969,55.2984478
1.0,1.0,0.9111,0.0,0.0,0.0,0.0,0.4158714285714286,10.336,25.252059540484918,55.298327718777024
1.0,1.0,1.0,0.0,0.0,0.0,0.4428,0.49182857142857145,10.611,25.2521943,55.2982755
1.0,1.0,1.0,0.0,0.0,0.0,0.3109,0.4729857142857143,14.916,25.25216872365111,55.2982997930745
1.0,1.0,0.0,0.0,0.0,0.7573,1.0,0.5367571428571428,24.481,25.25234185,55.2974823
1.0,0.4012,0.0,0.0,0.0,0.8358,1.0,0.46242857142857147,23.922,25.252251998771186,55.29747945697565
1.0,0.4649,0.0,0.0,0.0,0.0,1.0,0.35212857142857146,44.848,25.252190588318673,55.29778369414989
1.0,1.0,0.0,0.0,0.0,0.6374,0.96,0.5139142857142857,51.632,25.2525059,55.2971502
1.0,0.3672,0.0,0.0,0.126,1.0,1.0,0.49902857142857143,22.619,25.252294625293324,55.297386254367666
1.0,0.0,0.0,0.0,0.0,1.0,1.0,0.42857142857142855,55.446,25.2519788,55.29724035
1.0,0.0,0.0,0.0,0.0,1.0,1.0,0.42857142857142855,5.632,25.2517422,55.29708615
1.0,0.0,0.0,0.0,0.0,0.498,1.0,0.3568571428571429,31.793,25.25168758614746,55.297233222765314
1.0,0.0,0.0,0.0,0.0,0.2154,0.8028,0.28831428571428575,113.986,25.2513492,55.2978529
1.0,0.0,0.0,0.0,0.0,0.4979,1.0,0.35684285714285713,31.962,25.251654928896595,55.29721360347896
1.0,0.0,0.0,0.0,0.4785,0.8403,1.0,0.4741142857142857,50.754,25.2515238,55.29694375
1.0,1.0,0.0,0.0,0.3837,0.9216,0.917,0.6031857142857142,22.232,25.25212725,55.296303
1.0,1.0,0.0,0.0,0.0,1.0,1.0,0.5714285714285714,29.891,25.25233085,55.29643135
1.0,0.7483,0.0193,0.0,0.0,1.0,0.8907,0.5226142857142857,23.275,25.252208907256048,55.29624347908107
1.0,1.0,1.0,0.2519,0.2901,1.0,0.2901,0.6902999999999999,16.103,25.25225565000001,55.29606045
1.0,0.671,0.0051,0.0,0.6755,1.0,0.8805,0.6045857142857143,23.189,25.252133431437596,55.29619427397227
1.0,0.882,0.0,0.0,0.7168,0.8808,1.0,0.6399428571428573,69.357,25.251767499107732,55.296081419139874
1.0,0.036,0.0,0.0,0.0,0.8216,1.0,0.40822857142857144,31.953,25.2526369,55.29571525
1.0,0.0,0.0,0.0,0.0,0.0,1.0,0.2857142857142857,4.73,25.25249225,55.2956276
1.0,0.9264,0.6361,0.2608,0.2608,0.2608,0.9279,0.6104,28.327,25.252440195926713,55.295755376244266
1.0,0.7461,0.7374,0.0,0.4347,0.6616,1.0,0.654257142857143,75.597,25.252178621401413,55.295429598943606
1.0,0.5391,0.0,0.0,0.0,0.0,0.7448,0.3262714285714286,28.089,25.252416161911377,55.29574081498968
1.0,1.0,0.5221,0.0,0.0,0.0,0.0,0.3603,7.539,25.25234475,55.295899
1.0,0.9603,0.3029,0.0,0.0,0.0957,0.0,0.33698571428571433,81.012,25.25186655,55.2918812
1.0,1.0,0.9637,0.0,0.0,0.1306,0.2617,0.4794285714285714,30.979,25.25180053434806,55.292318236130534
1.0,1.0,1.0,0.0,0.0,1.0,1.0,0.7142857142857143,25.61,25.2520099,55.29247515
1.0,1.0,0.0,0.0,0.7862,0.4347,0.0,0.4601285714285714,33.497,25.2541049,55.2940323
1.0,1.0,0.0,0.0,1.0,1.0,0.0,0.5714285714285714,6.164,25.2540211,55.29420635
1.0,0.6536,0.2495,0.0,1.0,1.0,0.9084,0.6873571428571429,26.909,25.25392472094445,55.294121952647984
1.0,1.0,1.0,0.0,1.0,1.0,1.0,0.8571428571428571,48.497,25.25362025,55.29395855
1.0,0.7373,0.3967,0.0,1.0,1.0,0.9502,0.7263142857142857,27.318,25.25390521241138,55.294159967264505
1.0,0.543,0.0,0.0,0.4399,1.0,0.794,0.5395571428571428,36.703,25.2539345,55.29439675
1.0,0.0,0.0,0.0,0.6668,1.0,0.8455,0.5017571428571428,41.562,25.2540177295583,55.29467215952777
0.7196,0.0,0.0,0.0,0.0787,0.153,0.8108,0.2517285714285714,64.159,25.25442075,55.2949475
1.0,1.0,0.7515,0.0,0.0,0.0,0.8975,0.5212857142857142,23.697,25.24585975,55.3063324
1.0,1.0,1.0,0.0,0.0,0.0,0.7705,0.5386428571428572,4.116,25.24573925,55.3062954
1.0,0.9366,0.1316,0.0,0.0,0.5797,0.8537,0.5002285714285714,45.276,25.245886311698975,55.306194018790386
1.0,0.8315,0.3404,0.0,0.0,0.3944,0.6331,0.45705714285714283,51.3,25.24626385,55.3060664
1.0,1.0,0.1412,0.0,0.0,0.0,0.6736,0.4021142857142857,34.045,25.2461911742148,55.306296364876175
1.0,1.0,1.0,0.0,0.0,0.0,0.7763,0.5394714285714286,30.731,25.24609675,55.30639975
1.0,1.0,0.9056,0.0,0.5174,0.5413,0.5219,0.6408857142857143,98.958,25.246659028937863,55.3065704027273
1.0,0.9005,0.3148,0.0,0.0,0.3565,0.9826,0.5077714285714287,159.762,25.247268250915987,55.303547796690886
1.0,1.0,0.5175,0.0,0.0,0.0,0.5556,0.43901428571428575,29.92,25.24688661346551,55.3039088720686
1.0,1.0,0.9973,0.0,0.0,0.0,0.9222,0.5599285714285714,14.521,25.2471795,55.3040875
1.0,0.7268,0.634,0.0,0.0,0.0,1.0,0.48011428571428566,19.409,25.247314981369605,55.30405163622497
1.0,0.9183,0.8118,0.0,0.0,0.111,0.8339,0.525,87.829,25.246079344520076,55.30309439258279
1.0,0.8395,0.7692,0.0,0.139,1.0,0.9438,0.6702142857142857,33.264,25.246382125994593,55.30272906786729
1.0,0.6833,0.0876,0.0,0.2969,0.4931,1.0,0.5087,101.133,25.24607255387399,55.30232132468342
1.0,1.0,0.6608,0.049,0.4887,0.4923,1.0,0.6701142857142858,35.871,25.24666775,55.30273175
1.0,0.1717,0.0,0.0,0.0,0.5368,0.5295,0.31971428571428573,33.563,25.245877795838005,55.303669598829536
1.0,0.0,0.0,0.0,0.0,0.4962,0.3301,0.2609,28.781,25.24585933990334,55.30358139427903
1.0,0.4817,0.0,0.0,0.0,0.2605,0.4802,0.31748571428571426,22.91,25.245973694623775,55.30361688147316
1.0,1.0,0.0,0.0,0.0,0.0,0.4156,0.3450857142857143,23.392,25.2548371,55.29712155
1.0,1.0,0.0,0.0,0.0,0.0,1.0,0.42857142857142855,27.952,25.2547225,55.29734315
1.0,1.0,0.7798,0.0,0.0,0.0,0.1255,0.41504285714285716,22.702,25.25488317912161,55.29720314985375
1.0,1.0,0.5055,0.0,0.0,0.0,0.0,0.35792857142857143,22.243,25.254926778588615,55.29712121011404
1.0,0.0,0.0,0.0,0.0,0.0,0.4866,0.21237142857142857,26.784,25.2541784,55.2984474
1.0,0.0,0.0,0.0,0.0,0.0,0.0,0.14285714285714285,53.304,25.25401145,55.2988002
1.0,0.0,0.0,0.0,0.0,0.133,0.251,0.1977142857142857,26.565,25.25423653013701,55.29853895280745
1.0,0.4191,0.0,0.0,0.0,1.0,1.0,0.4884428571428572,42.269,25.2545195,55.29864995
1.0,0.0,0.0,0.0,0.0,0.1598,0.2974,0.20817142857142854,26.235,25.254280642544995,55.29844597276387
1.0,0.0,0.0,0.0,0.0,0.0,0.9067,0.2723857142857143,12.567,25.2542612,55.2982745
1.0,1.0,0.978,0.0,0.0,1.0,1.0,0.7111428571428571,11.542,25.25473045,55.298781
1.0,1.0,0.5143,0.0,0.0,0.6103,0.7505,0.5535857142857142,10.024,25.254815,55.2988335
1.0,1.0,0.1324,0.0,0.3924,1.0,1.0,0.6464,20.212,25.254833148743955,55.29873292493822
1.0,1.0,0.0,0.0,0.0,0.1478,0.9924,0.4486,20.149,25.25488491376577,55.29876382442338
1.0,0.938,0.828,0.1125,0.1221,0.2646,0.8095,0.5821,90.847,25.2507417,55.30063895
1.0,1.0,1.0,0.0,0.0,1.0,1.0,0.7142857142857143,12.828,25.2509598,55.3001834
1.0,1.0,0.4541,0.0,0.0,1.0,1.0,0.6363000000000001,13.06,25.250902350689703,55.300185680486656
1.0,1.0,0.4522,0.0,0.7618,1.0,1.0,0.7448571428571429,14.185,25.250924999578764,55.30013998059365
1.0,1.0,0.2057,0.0,0.0,0.8913,0.588,0.5264285714285715,53.427,25.2511077,55.2998975
1.0,1.0,0.0,0.0,0.0,0.0,1.0,0.42857142857142855,6.11,25.24906775,55.2973786
1.0,1.0,0.0,0.0,0.0,0.0,1.0,0.42857142857142855,81.144,25.2488713,55.2977541
1.0,1.0,0.8886,0.0,0.0,0.0,0.4933,0.4831285714285714,25.126,25.249153761585042,55.29746267032888
1.0,0.2112,0.282,0.0,0.0,0.0403,0.9202,0.3505285714285714,31.19,25.2493794,55.2975888
1.0,1.0,0.7149,0.0,0.0,0.0,0.473,0.4554142857142857,25.379,25.24917105781969,55.29743087514817
1.0,0.6555,0.0,0.0,0.0,0.0,0.2176,0.26758571428571426,228.1,25.24958085,55.29636175
1.0,0.7546,0.6854,0.0,0.0,0.0,1.0,0.49142857142857144,51.828,25.24960935,55.298059
1.0,1.0,0.031,0.0,0.0,0.0,1.0,0.433,6.222,25.24973665,55.29780705
1.0,0.6391,0.0219,0.0,0.0,0.9417,1.0,0.5146714285714286,29.903,25.249610530512026,55.2977512178083
1.0,0.6387,0.0,0.0,0.0,0.9395,1.0,0.5111714285714285,30.093,25.249628550838427,55.297717356882586
1.0,0.7886,0.5998,0.0,0.0,0.0,0.639,0.4324857142857143,228.993,25.2502488,55.2967839
1.0,0.0,0.0,0.0,0.0,0.4385,0.6385,0.2967142857142857,46.855,25.2493618,55.2985472
1.0,0.0,0.0,0.0,0.0,0.0,1.0,0.2857142857142857,6.947,25.2494807,55.29831425
1.0,0.0,0.0,0.0,0.0,0.5949,0.9345,0.36134285714285713,28.244,25.249580956890757,55.298401881684
1.0,0.8258,0.4591,0.0,0.4135,0.9235,0.941,0.6518428571428572,48.957,25.24988905,55.2985773
1.0,0.0,0.0,0.0,0.4069,0.6733,0.9653,0.4350714285714286,28.427,25.249600354375595,55.29836659566194
1.0,1.0,1.0,0.0,0.0,0.3501,0.3134,0.5233571428571429,5.377,25.25010075,55.29871215
1.0,0.5706,0.0695,0.0,0.0,0.6204,0.1785,0.3484285714285714,34.726,25.2501637336002,55.298553860182196
1.0,0.0,0.0,0.0,0.0,0.0,0.0006,0.14294285714285712,47.148,25.25035735,55.2982084
1.0,0.5749,0.0753,0.0,0.0,0.0,0.0,0.23574285714285712,34.722,25.250191975737604,55.2985711021795
1.0,0.5561,0.5086,0.0,0.0,0.0,0.0,0.29495714285714286,77.245,25.25042468350111,55.29890276548828
1.0,0.0,0.0,0.0,0.0,1.0,1.0,0.42857142857142855,7.875,25.2523907,55.2992507
1.0,0.0,0.0,0.0,0.2528,0.6629,0.9533,0.40985714285714286,28.315,25.252487048096498,55.29934135523507
1.0,0.0,0.0,0.0,0.7821,0.9066,1.0,0.5269571428571428,57.844,25.2528326,55.29953235
1.0,0.0,0.0,0.0,0.5121,0.7484,0.9504,0.4587,27.918,25.25251019335372,55.299301669184366
1.0,0.0,0.0,0.0,0.0,0.8154,1.0,0.4022,5.795,25.25335635,55.30170215
1.0,0.0193,0.052,0.0,0.0,0.3597,0.7713,0.31461428571428574,148.322,25.25274893828084,55.30133367354733
1.0,0.0,0.0,0.0,0.0,1.0,1.0,0.42857142857142855,12.144,25.253367202228333,55.301642855278565
1.0,0.1315,0.0,0.0,0.0,0.6961,1.0,0.4039428571428571,57.305,25.25353265,55.3013567
1.0,0.0,0.0,0.0,0.0,0.1553,1.0,0.3079,11.8,25.253401734448865,55.30166318512798
1.0,0.0,0.0,0.0,0.0,0.3318,0.4115,0.24904285714285712,97.296,25.2537653,55.3019435
1.0,0.2439,0.3958,0.0,0.4773,0.7235,0.7695,0.5157142857142857,22.952,25.25359535,55.30093835
1.0,0.0,0.0,0.0,1.0,1.0,1.0,0.5714285714285714,4.818,25.2537044,55.3010056
1.0,0.0,0.0,0.0,0.0221,1.0,1.0,0.4317285714285714,12.0,25.25366492833501,55.301048554290524
1.0,0.3714,0.1091,0.0,0.4429,0.9118,1.0,0.5478857142857143,70.314,25.25399955,55.30118735
1.0,0.0,0.0,0.0,0.0174,1.0,1.0,0.4310571428571429,12.178,25.25369512885671,55.30106745050123
1.0,0.4692,0.2647,0.0,0.0,0.205,0.5969,0.3622571428571429,156.386,25.24687658100701,55.305648353651435
1.0,0.8937,0.0,0.0,0.0,0.8312,1.0,0.5321285714285714,26.023,25.24707844783716,55.30486013474882
1.0,0.81,0.0,0.0,0.0086,0.7017,0.8187,0.4769999999999999,24.236,25.2456509544945,55.30441485388195
1.0,0.0109,0.0,0.0,0.0,0.0,0.0,0.1444142857142857,22.226,25.24607465,55.2938861
1.0,0.5641,0.8101,0.0,0.0,0.0,0.0,0.33917142857142857,11.127,25.245929,55.2939255
1.0,0.0,0.0,0.0,0.0,0.0,0.0,0.14285714285714285,23.472,25.246057718182172,55.29398955976092
1.0,0.0,0.0,0.0,0.0,0.1588,0.718,0.2681142857142857,45.853,25.24616675,55.2943031
1.0,0.1553,0.0,0.0,0.0,0.0,0.0,0.16504285714285713,23.691,25.24613298847191,55.2939671136199
1.0,0.8827,0.1144,0.0,0.0,0.0,0.0,0.2853,32.374,25.246304384859954,55.29379284015904
1.0,0.7548,0.0,0.0,0.0,0.0,0.0,0.2506857142857143,34.921,25.24675575,55.2929657
1.0,0.0,0.0,0.0,0.0,0.0,0.0,0.14285714285714285,9.055,25.24685515,55.2927767
1.0,0.0,0.0,0.0,0.0,0.0,0.0,0.14285714285714285,7.909,25.2468038,55.29279565
1.0,0.8983,0.0,0.0,0.0,0.0,0.0,0.27118571428571425,23.676,25.24690535,55.29285645
1.0,0.8215,0.0923,0.0,0.0,0.0,0.0,0.2734,89.269,25.24664835409133,55.29333908063745
1.0,0.9787,0.0,0.0,0.0,0.0,0.0,0.2826714285714286,23.222,25.246951425234613,55.29293783047574
1.0,1.0,0.0,0.0,0.0,0.0,0.0,0.2857142857142857,3.203,25.24706615,55.29295515
1.0,0.7295,0.0,0.0,0.0,0.0,0.0,0.24707142857142858,22.324,25.24699645518907,55.29285646379856
1.0,0.0,0.0,0.0,0.0,0.0,0.0,0.14285714285714285,8.388,25.2469788,55.2927193
1.0,0.2938,0.0,0.0,0.0,0.0,0.0,0.18482857142857143,19.737,25.24436165,55.292959
1.0,0.7971,0.1182,0.0,0.0,0.0,0.0,0.2736142857142857,48.621,25.24406034928554,55.29302553289076
1.0,0.0,0.0,0.0,0.0,0.0,0.0,0.14285714285714285,19.142,25.24433095327699,55.29304984358347
1.0,0.0,0.0,0.0,0.0,0.1848,0.5034,0.2411714285714286,57.594,25.2444241,55.2934265
1.0,0.0,0.0,0.0,0.0,0.0,0.0,0.14285714285714285,1.485,25.24437455,55.29313795
1.0,0.7565,0.4928,0.1233,0.1233,0.1649,0.1662,0.4038571428571428,74.64,25.24410857494518,55.29308840294699
1.0,0.7664,0.219,0.0,0.0,0.0,0.0,0.28362857142857145,53.569,25.24453384081796,55.29300603640924
1.0,0.4925,0.0,0.0,0.0,0.0,0.0,0.21321428571428572,33.389,25.244597,55.292914
1.0,0.414,0.0,0.0,0.0,0.0,0.0,0.20199999999999999,21.06,25.244405713026236,55.2930332071743
1.0,0.7495,0.0,0.0,0.0,0.0,0.4631,0.3160857142857143,6.591,25.237941,55.3024757
1.0,0.7515,0.0,0.0,0.0,0.309,0.4532,0.35910000000000003,25.668,25.2378153,55.30239595
1.0,0.8043,0.0,0.0,0.0,0.0,0.387,0.3130428571428571,28.447,25.237800252908052,55.302510371993016
1.0,0.5756,0.0,0.0,0.0,0.1306,1.0,0.3866,27.013,25.23772315846457,55.302467036275196
1.0,0.0,0.0,0.0,0.0,0.0,1.0,0.2857142857142857,17.155,25.2376679,55.3026722
1.0,0.0,0.0,0.0,0.0,0.7346,0.6413,0.33941428571428567,23.081,25.23779805,55.3023071
1.0,0.5395,0.0,0.0,0.0,0.3814,0.3961,0.33099999999999996,257.016,25.237183363114102,55.30142453381113
1.0,0.0,0.0,0.0,0.6,1.0,0.8658,0.49511428571428573,26.357,25.23780718475585,55.302189735708595
1.0,0.0,0.0,0.0,0.0,0.6831,0.8492,0.3617571428571429,60.801,25.2381284,55.302508
1.0,0.0,0.0,0.0,0.2102,0.6788,0.0,0.26985714285714285,25.731,25.237881341426096,55.30223182389177
1.0,0.0,0.0,0.0,1.0,0.1424,0.0,0.30605714285714286,4.947,25.2379069,55.30208525
1.0,0.0634,0.1422,0.0,0.0,0.8215,1.0,0.43244285714285713,23.472,25.2393702,55.3023467
1.0,0.0,0.0,0.0,0.0907,1.0,1.0,0.44152857142857144,25.806,25.239568110844154,55.30230732601786
1.0,0.8562,0.0,0.0,0.0,0.4629,0.7016,0.4315285714285714,73.09,25.2398042,55.3018978
0.9126,0.0,0.0,0.0,0.0,0.3442,1.0,0.3224,57.88,25.24033075,55.30213645
1.0,0.0,0.0,0.0,0.0,0.0227,0.3621,0.1978285714285714,22.948,25.240218472716865,55.30249861427115
1.0,0.0,0.0,0.0,0.0,0.0,0.9168,0.2738285714285714,19.81,25.2403422,55.3026311
1.0,1.0,0.8347,0.0,0.0,0.6593,1.0,0.642,23.405,25.24197305,55.29932375
1.0,1.0,0.6803,0.0,0.0,0.0738,1.0,0.5363,20.567,25.2417932860425,55.29931224158327
1.0,1.0,0.0,0.0,0.0,0.0859,0.4997,0.3693714285714286,65.406,25.2415773,55.29965465
1.0,0.9659,0.3506,0.0,0.0,0.0,0.2981,0.3735142857142857,73.592,25.236817383069887,55.30576052723205
1.0,1.0,0.3509,0.0,0.0,0.0,1.0,0.4787,16.027,25.236488,55.30327585
1.0,0.293,0.0,0.0,0.0,0.7177,1.0,0.4301,38.798,25.23634421816514,55.30349718000138
1.0,0.5578,0.2771,0.0,0.0,0.0,0.854,0.38412857142857143,35.686,25.236407249858956,55.303512960055635
1.0,1.0,0.0,0.0,0.0,0.0,1.0,0.42857142857142855,12.44,25.25269878352372,55.29696859153711
1.0,1.0,0.7646,0.0,0.0,0.0,1.0,0.5378,13.428,25.25271966238881,55.29698383067117
1.0,1.0,1.0,0.0,0.0,1.0,1.0,0.7142857142857143,11.172,25.25285795,55.2969118
1.0,1.0,1.0,0.0,0.0,0.0699,1.0,0.5814142857142858,14.552,25.252837119493282,55.29694054071847
1.0,0.9096,0.0,0.0,0.0,0.0,0.3548,0.3234857142857143,72.583,25.2533994,55.297087
1.0,0.1605,0.0,0.0,0.0,0.411,1.0,0.3673571428571429,28.005,25.2529972051127,55.29685864191256
1.0,0.2939,0.0,0.0,0.0,0.0,1.0,0.3277,18.754,25.253070795903074,55.296846444910344
1.0,1.0,1.0,0.0,0.1578,1.0,1.0,0.7368285714285714,4.258,25.25186625,55.29523375
1.0,1.0,1.0,0.0,0.0,1.0,1.0,0.7142857142857143,15.878,25.2519211,55.2951767
1.0,1.0,1.0,0.0,0.0,1.0,1.0,0.7142857142857143,10.219,25.25185222202563,55.29528098838576
1.0,1.0,0.9181,0.0,1.0,1.0,1.0,0.8454428571428572,35.653,25.25170975,55.29513665
1.0,1.0,1.0,0.0,1.0,1.0,1.0,0.8571428571428571,15.792,25.251884,55.2951554
1.0,1.0,1.0,0.0,0.0709,1.0,1.0,0.7244142857142857,9.956,25.251833725186934,55.295270345319466
1.0,1.0,0.9815,0.0,0.2346,1.0,1.0,0.7451571428571429,49.355,25.25212765,55.29472215
1.0,1.0,1.0,0.0,0.0,1.0,1.0,0.7142857142857143,18.649,25.25199212557906,55.29502453843892
1.0,1.0,0.6982,0.0,0.6717,1.0,1.0,0.7671285714285714,18.943,25.251967657416067,55.295010472743606
1.0,0.5885,0.1498,0.0,0.5912,0.9364,1.0,0.6094142857142858,39.629,25.2514164,55.2949499
1.0,0.0,0.0,0.0,0.9385,1.0,1.0,0.5626428571428571,5.296,25.25124205,55.2948371
1.0,0.0,0.0,0.0,0.0,1.0,1.0,0.42857142857142855,14.912,25.2512946,55.29478525
1.0,0.0,0.0,0.0,0.7921,1.0,1.0,0.5417285714285714,43.47,25.2510504,55.2947193
1.0,0.0,0.0,0.0,1.0,1.0,1.0,0.5714285714285714,15.112,25.25125775,55.29476025
1.0,1.0,1.0,0.0,0.83,1.0,1.0,0.8328571428571429,74.161,25.25158665,55.2941696
1.0,0.7982,0.5996,0.0,0.3677,1.0,1.0,0.6807857142857143,25.525,25.25137887571066,55.29460690889986
1.0,0.636,0.3894,0.0,0.9601,1.0,1.0,0.7122142857142857,25.207,25.25135536377405,55.29459175548607
1.0,0.0,0.0,0.0,1.0,1.0,1.0,0.5714285714285714,5.834,25.2523478,55.29268675
1.0,0.3887,0.501,0.0,0.5336,1.0,0.9164,0.6199571428571428,24.471,25.25222925,55.29261245
1.0,0.0,0.0,0.0,0.7506,1.0,1.0,0.5357999999999999,34.612,25.252253440157954,55.292825535130184
1.0,0.1885,0.0,0.0,0.6498,1.0,0.6145,0.49325714285714284,102.429,25.25270610895289,55.292999575757044
1.0,0.0,0.0,0.0,0.5385,1.0,1.0,0.5055,34.43,25.252286649395423,55.29284443618232
1.0,0.4583,0.3455,0.0,0.8267,1.0,1.0,0.6615,65.726,25.2520505,55.29326785
1.0,1.0,0.0,0.0,0.0,1.0,0.0,0.42857142857142855,5.134,25.252762,55.2934158
1.0,1.0,0.7353,0.0,0.1952,0.5267,0.3588,0.5451428571428572,33.856,25.252901258104593,55.29348457230666
1.0,0.8695,0.4781,0.0,0.6862,1.0,1.0,0.7191142857142856,47.702,25.2532088,55.2937024
1.0,1.0,0.8777,0.0,0.1453,0.4831,0.3349,0.5487142857142857,33.659,25.25288535211856,55.29351468859119
1.0,0.7991,0.0,0.0,0.0,0.424,0.8688,0.4417,56.077,25.25263185,55.29368395
1.0,1.0,0.2445,0.0,1.0,1.0,1.0,0.7492142857142857,4.409,25.25341175,55.2938319
1.0,0.7869,0.0,0.0,0.4497,1.0,1.0,0.6052285714285714,34.423,25.253322010883206,55.293972390825616
1.0,0.8684,0.7798,0.0,0.4536,1.0,1.0,0.7288285714285714,34.296,25.253348378011736,55.29398778864216
1.0,0.0,0.0,0.0,0.0,0.2855,1.0,0.32649999999999996,55.521,25.25314,55.29436975
0.0,0.0,0.0,0.0,0.0,0.0,1.0,0.14285714285714285,26.63,25.2547779,55.29516615
0.0,0.0,0.0,0.0,0.0,0.0,1.0,0.14285714285714285,6.02,25.2549061,55.29524525
0.0,0.0,0.0,0.0,0.0,0.0,1.0,0.14285714285714285,15.646,25.2548487,55.2952983
0.0,0.0,0.0,0.0,0.0,0.0,1.0,0.14285714285714285,15.621,25.25489085,55.29532514999999
0.9207,0.3842,0.0,0.0,0.0,0.0,1.0,0.32927142857142855,40.415,25.2546635,55.2957093
0.0,0.0,0.0,0.0,0.0,0.0,1.0,0.14285714285714285,18.292,25.25478251310946,55.29545017033965
0.0,0.0,0.0,0.0,0.0,0.0,1.0,0.14285714285714285,18.224,25.254804893851457,55.29546371788761
1.0,0.9068,0.0,0.0,0.429,0.8854,1.0,0.6030285714285714,12.819,25.254475164860487,55.29758202149876
1.0,0.2097,0.0,0.0,0.6898,0.7699,1.0,0.5242,22.876,25.25423385,55.29757015
1.0,0.2147,0.0,0.0,1.0,1.0,1.0,0.6021000000000001,10.508,25.2543664,55.29764805
1.0,0.0533,0.0,0.0,1.0,1.0,1.0,0.5790428571428572,10.996,25.254373566593046,55.2976173036308
1.0,0.2414,0.0,0.0,0.0,1.0,1.0,0.4630571428571429,12.944,25.254317553423164,55.29774009382493
1.0,0.0,0.0,0.0,0.0,0.9621,1.0,0.42315714285714284,13.553,25.254297941789666,55.2977683405685
1.0,0.9086,0.0,0.0,0.0,0.1509,1.0,0.43707142857142856,10.642,25.25435465,55.2978869
1.0,0.1264,0.0,0.0,0.0,0.0,1.0,0.30377142857142864,119.575,25.254074839523856,55.29845559483392
1.0,0.4133,0.0,0.0,0.0,0.0,1.0,0.3447571428571429,10.639,25.254330191187115,55.29788117869159
1.0,0.7187,0.0,0.0,0.0,0.0,0.0,0.24552857142857146,17.345,25.2512677,55.29959335
1.0,1.0,0.0,0.0,0.0,0.0,0.0,0.2857142857142857,18.277,25.25134775,55.29943995
1.0,0.4659,0.0533,0.0,0.0,0.0,0.0,0.2170285714285714,17.241,25.251268089315722,55.29944685990298
1.0,0.971,0.7156,0.0,0.0,0.0,0.4053,0.44170000000000004,67.295,25.250962324159268,55.29919944325238
1.0,0.4857,0.0363,0.0,0.0,0.0,0.0,0.21742857142857144,19.67,25.25130288785655,55.29938098176552
1.0,0.0,0.0,0.0,0.0,0.9207,1.0,0.41724285714285714,30.929,25.24895505,55.2989649
1.0,0.0,0.0,0.0,0.0,0.3613,1.0,0.3373285714285714,6.637,25.2491021,55.2990568
1.0,0.0,0.0,0.0,0.0,1.0,1.0,0.42857142857142855,15.244,25.24911155,55.298976
1.0,0.0,0.0,0.0,0.0,0.4154,1.0,0.34505714285714284,5.207,25.2491674,55.2989241
1.0,0.0,0.0,0.0,0.0,0.9123,1.0,0.41604285714285716,20.405,25.249200653520997,55.298829242363375
1.0,0.0,0.0,0.0,0.0,0.0,0.0974,0.15677142857142856,71.317,25.2494087,55.29924465
1.0,0.0,0.0,0.0,0.0,0.0,1.0,0.2857142857142857,15.176,25.24915795,55.2990049
1.0,1.0,1.0,0.0,0.0,0.4774,0.761,0.6054857142857142,13.982,25.2543582,55.30140635
1.0,1.0,0.4575,0.0,0.0,0.0,0.254,0.38735714285714284,14.452,25.25441431986207,55.301367238764755
1.0,1.0,1.0,0.0,0.0,1.0,1.0,0.7142857142857143,3.411,25.25428925,55.30136555
1.0,1.0,0.4904,0.0,0.0,0.7506,0.835,0.5822857142857144,15.611,25.254365834707073,55.30134021518047
1.0,0.0,0.0,0.0,0.0,0.0,0.2432,0.1776,56.767,25.2452763,55.29837755
1.0,0.0,0.0,0.0,0.0,0.0,0.0,0.14285714285714285,22.732,25.24554045,55.2986208
1.0,0.0,0.0,0.0,0.0,0.0,0.0,0.14285714285714285,161.26,25.24613868348513,55.29888805970068
1.0,0.3081,0.3076,0.3011,0.2808,0.2854,0.3995,0.4117857142857143,106.016,25.24515832489752,55.2984837925726
1.0,0.0,0.0,0.0,0.0,0.0,0.0,0.14285714285714285,150.903,25.246185395760044,55.29906810543642
0.0,0.0,0.0,0.0,0.0,0.0,0.0,0.0,7.044,25.23571025,55.29264125
0.1398,0.0,0.0,0.0,0.0,0.0,0.0,0.019971428571428574,89.941,25.23533123874093,55.292510325970596
0.0,0.0,0.0,0.0,0.0,0.0,0.0,0.0,18.371,25.23567830611503,55.292541217459195
1.0,0.0,0.0,0.0,0.0,0.0,0.3283,0.18975714285714287,50.52,25.23473818389055,55.291978525464124
1.0,0.0,0.0,0.0,0.0,0.0,0.0,0.14285714285714285,59.42,25.234739106519758,55.29216297043965
0.0515,0.0,0.0,0.0,0.0,0.0,0.0055,0.008142857142857143,86.504,25.23528455,55.2922785
0.0,0.0,0.0,0.0,0.0,0.0,0.0,0.0,35.373,25.23570608200024,55.29233084584315
0.9615,0.0,0.0,0.0,0.0,0.0,0.0,0.13735714285714287,61.907,25.235922525436006,55.29191191251326
0.913,0.0,0.0,0.0,0.0,0.0,0.0,0.13042857142857142,26.144,25.235889046652918,55.292226117620984
1.0,0.0,0.0,0.0,0.0,0.0,0.0,0.14285714285714285,56.676,25.23608915,55.2920677
0.4209,0.0,0.0,0.0,0.0,0.0,0.0,0.06012857142857143,34.393,25.235889,55.29246265
1.0,0.0,0.0,0.0,0.0,0.0,0.0,0.14285714285714285,12.289,25.2362407,55.2917686
1.0,0.0,0.0,0.0,0.0,0.0,0.0,0.14285714285714285,25.925,25.23613515758018,55.291727789034546
1.0,0.0,0.0,0.0,0.0,0.0,0.0,0.14285714285714285,4.469,25.23603195,55.2916289
1.0,0.0,0.0,0.0,0.0,0.0,0.0,0.14285714285714285,25.452,25.236158016966666,55.29167903697816
1.0,0.0,0.0,0.0,0.0,0.0,0.0,0.14285714285714285,19.344,25.2363102,55.2916314
0.2173,0.0,0.0,0.0,0.0,0.0,1.0,0.1739,18.473,25.23496447164561,55.2919957547108
0.8327,0.0,0.0,0.0,0.0,0.0,0.0,0.11895714285714286,82.939,25.235685,55.2914248
0.0,0.0,0.0,0.0,0.0,0.0,0.1157,0.016528571428571427,79.098,25.23517965,55.291574
0.0,0.0,0.0,0.0,0.0,0.0,0.0,0.0,17.514,25.2353942,55.2911564
0.0,0.0,0.0,0.0,0.0,0.0,0.0,0.0,17.955,25.23555505,55.29084265
0.0,0.0,0.0,0.0,0.0,0.0,0.0,0.0,18.968,25.23551975000001,55.2907199
0.871,0.0,0.0,0.0,0.0,0.0,0.0,0.12442857142857143,38.355,25.2357489,55.2908503
0.0,0.0,0.0,0.0,0.0,0.0,1.0,0.14285714285714285,16.955,25.2349367,55.2918763
1.0,0.0,0.0,0.0,0.0,0.0,0.6778,0.23968571428571428,50.11,25.23633975,55.2909638
1.0,0.0,0.0,0.0,0.0,0.0,0.7793,0.2541857142857143,21.868,25.2360542,55.2907954
1.0,0.0,0.0,0.0,0.0,0.0,0.7443,0.2491857142857143,23.752,25.236050033196094,55.290900374033065
1.0,0.0,0.0,0.0,0.0,0.0,0.0,0.14285714285714285,10.15,25.23594295,55.2909603
1.0,0.0,0.0,0.0,0.0,0.0,0.0,0.14285714285714285,48.938,25.23614313531255,55.291127135618964
1.0,0.0,0.0,0.0,0.0,0.0,0.9329,0.27612857142857145,15.688,25.235958935279193,55.29089239940692
1.0,0.0,0.0,0.0,0.0,0.0,1.0,0.2857142857142857,8.125,25.2359623,55.2908087
1.0,0.0,0.0,0.0,0.0,0.0,1.0,0.2857142857142857,9.131,25.23598381292884,55.290786712071736
0.7221,0.0,0.0,0.0,0.0,0.0,0.2707,0.14182857142857141,44.498,25.235805780017902,55.290614321944815
0.0,0.0,0.0,0.0,0.0,0.0,0.0,0.0,28.173,25.23578974601562,55.292747172836194
0.0,0.0,0.0,0.0,0.0,0.0,0.0,0.0,29.898,25.23572266669953,55.29271350316452
0.0,0.0,0.0,0.0,0.0,0.0,0.0,0.0,13.425,25.235769291724907,55.292614885848934
0.0,0.0,0.0,0.0,0.0,0.0,0.0,0.0,12.813,25.23586384748005,55.29264250228789
1.0,0.4943,0.0,0.0,0.0,0.0,0.7177,0.31599999999999995,26.702,25.23358567458474,55.309806874632265
1.0,0.3787,0.1464,0.0,0.0,0.0,0.9147,0.34854285714285715,49.22,25.233277256371625,55.30964991982362
1.0,0.0,0.0,0.0,0.0,0.0,1.0,0.2857142857142857,10.263,25.233486140955666,55.30981361355048
1.0,0.4613,0.4302,0.0,0.4284,0.4332,0.5288,0.4688428571428571,29.153,25.23577085,55.29916905
1.0,0.8242,0.7812,0.0,0.7793,0.8102,1.0,0.7421285714285715,55.273,25.23609860647865,55.299093722391575
1.0,0.5606,0.5467,0.0,0.5444,0.5566,0.6689,0.5538857142857143,21.932,25.23579533530617,55.299279681864455
1.0,1.0,1.0,0.0,1.0,1.0,1.0,0.8571428571428571,14.109,25.23605665,55.2975189
1.0,1.0,1.0,0.0,1.0,1.0,1.0,0.8571428571428571,10.842,25.23611605,55.2976241
0.8994,0.7202,0.5061,0.2993,0.5679,0.6149,0.6583,0.6094428571428571,235.308,25.235181820383723,55.29797727797127
1.0,1.0,1.0,0.0,1.0,1.0,1.0,0.8571428571428571,105.574,25.236450160373888,55.295819605581556
1.0,0.0,0.0,0.0,0.0,0.0,1.0,0.2857142857142857,6.616,25.24287935,55.311937
1.0,0.0,0.0,0.0,0.0,0.0,1.0,0.2857142857142857,3.695,25.24288535,55.31195405
0.7943,0.1086,0.0489,0.0,0.0,0.0,0.4488,0.20008571428571426,178.562,25.243438062901607,55.312605241837545
1.0,0.0,0.0,0.0,0.0,0.0,1.0,0.2857142857142857,7.541,25.24293043077062,55.3119400207802
1.0,0.2066,0.1438,0.0,0.0,0.0,0.0,0.19291428571428568,66.964,25.242974354367302,55.31230805163784
1.0,0.0,0.0,0.0039,0.0,0.0,0.0,0.14341428571428572,50.78,25.243387077205,55.312645855499724
1.0,0.0,0.0,0.6392,0.4175,0.2608,0.2552,0.3675285714285715,29.493,25.243228297632502,55.31259366183088
0.9087,0.0,0.0,0.0,0.0,0.0,0.0,0.12981428571428572,8.567,25.2409778,55.31313615
0.85,0.492,0.3622,0.2813,0.2813,0.2813,0.2813,0.40419999999999995,12.18,25.24101625,55.31319815
0.4589,0.1316,0.1094,0.0955,0.0955,0.1198,0.175,0.16938571428571428,47.324,25.2410211,55.3129024
0.0,0.0,0.0,0.0,0.0,0.0,0.7795,0.11135714285714285,12.886,25.241063561926588,55.31317304090901
0.3943,0.0,0.0,0.0,0.0,0.0691,1.0,0.20905714285714286,19.24,25.2427258,55.2981183
0.7631,0.3916,0.406,0.0,0.0,0.8445,0.9791,0.4834714285714286,131.033,25.242213265836824,55.29768894992035
1.0,0.4856,0.0,0.0,0.0,0.0,1.0,0.3550857142857143,25.781,25.24167985836827,55.301275568657104
1.0,0.0,0.0,0.0,0.0,0.5939,1.0,0.37055714285714286,51.81,25.241830617806553,55.30115224094371
1.0,0.3511,0.0,0.0,0.0,0.0,1.0,0.33587142857142854,21.979,25.241840531520815,55.30136320119127
1.0,0.0,0.0,0.1972,0.0,0.0,0.0,0.17102857142857145,5.023,25.24486245,55.30496095000001
1.0,0.0,0.0,0.0,0.0,0.0,0.0,0.14285714285714285,54.514,25.254084822910304,55.31108203456555
1.0,0.0,0.0,0.0,0.0,0.0,0.0,0.14285714285714285,14.702,25.254269191296018,55.311225922511696
1.0,0.5001,0.3306,0.0,0.0,0.4508,1.0,0.46878571428571425,62.55,25.254076,55.303556
1.0,0.0,0.0,0.0,0.0,1.0,1.0,0.42857142857142855,67.165,25.25357535,55.3032251
1.0,0.8691,0.7008,0.7008,0.8041,1.0,1.0,0.8678285714285714,34.047,25.253907297396356,55.30324733300189
1.0,0.0,0.0,0.0,0.0,1.0,1.0,0.42857142857142855,3.909,25.2533256,55.30303745
1.0,0.0,0.0,0.0,0.0,0.4507,1.0,0.35009999999999997,8.055,25.253304400415928,55.303091644630186
1.0,1.0,1.0,0.834,1.0,1.0,1.0,0.9762857142857142,20.578,25.254672382024907,55.30345738282681
1.0,0.622,0.5785,0.083,0.4063,0.9638,1.0,0.6648,45.255,25.254505182119416,55.303630464253
1.0,1.0,1.0,1.0,1.0,1.0,1.0,1.0,89.86,25.253629541151792,55.30292524254732
1.0,1.0,1.0,1.0,1.0,1.0,1.0,1.0,82.305,25.254306303116767,55.30327338212789
1.0,0.0,0.0,0.0,0.2004,0.2751,1.0,0.3536428571428571,27.776,25.25442265,55.30378995
1.0,0.0,0.0,0.0,0.0,0.3192,0.8585,0.3111,148.959,25.25307235,55.3031345
1.0,0.2858,0.2081,0.0,0.0,0.2137,1.0,0.38680000000000003,127.266,25.25416631845266,55.30378550048651
1.0,0.0,0.0,0.0,0.0,0.0,1.0,0.2857142857142857,55.564,25.253499951308196,55.30329000746134
1.0,0.0,0.0,0.0,0.0,0.063,1.0,0.29471428571428565,13.43,25.25166355,55.3021548
1.0,0.0,0.0,0.0,0.0,0.0,0.9678,0.2811142857142857,105.054,25.2521364,55.3024262
1.0,0.0,0.0,0.0,0.0,0.0,0.0,0.14285714285714285,4.852,25.2347737,55.30999055
1.0,0.0,0.0,0.0,0.0,0.0,0.5439,0.22055714285714287,27.743,25.23488548561312,55.30994527992169
1.0,0.0,0.0,0.0,0.0,0.0,0.0,0.14285714285714285,158.184,25.23460935774581,55.31076635076229
1.0,0.0,0.0,0.0,0.0,0.0,0.0,0.14285714285714285,83.89,25.23453667228227,55.310595539838666
1.0,0.9692,0.8603,0.0,0.0,0.0,0.0,0.4042142857142857,70.416,25.23401772630727,55.309855348833935
0.9785,0.152,0.1362,0.0,0.0,0.6774,0.7086,0.3789571428571429,105.195,25.24417491496341,55.31426060647184
1.0,0.0,0.0,0.0,0.0,0.0,0.0,0.14285714285714285,27.822,25.23448265,55.3119463
1.0,0.0,0.0,0.0,0.0,0.0,0.0,0.14285714285714285,8.396,25.23443325,55.31208435
1.0,0.0,0.0,0.0,0.0,0.0,0.0,0.14285714285714285,54.767,25.23446695485509,55.312356185826765
1.0,0.0,0.0,0.0,0.0,0.0,0.0,0.14285714285714285,12.258,25.234523969195916,55.312095466899684
1.0,0.0,0.0,0.0,0.0,0.0,0.0,0.14285714285714285,18.105,25.23439275,55.31217465
1.0,0.0,0.0,0.0,0.0,0.0,0.0,0.14285714285714285,62.691,25.234410079951694,55.311773584930386
1.0,0.0,0.0,0.0,0.0,0.0,0.0,0.14285714285714285,27.138,25.23450095,55.3116739
1.0,0.2535,0.0,0.0,0.0,0.0,0.0,0.17907142857142858,27.657,25.234587853528406,55.3117270880298
1.0,0.0,0.0,0.0,0.0,0.0,0.0,0.14285714285714285,18.784,25.2344393,55.3113699
1.0,0.0,0.0,0.0,0.0,0.0,0.0,0.14285714285714285,19.842,25.2343588,55.31152105
1.0,0.1928,0.0,0.0,0.0,0.0,0.0,0.17040000000000002,26.769,25.234594210341694,55.31162414249033
1.0,1.0,0.0,0.0,0.0,0.0,0.0,0.2857142857142857,9.627,25.233696036665805,55.30988962363976
1.0,0.5409,0.5682,0.0,0.0,0.0746,0.1998,0.3405,75.151,25.2342008,55.30977565
1.0,1.0,0.5407,0.0,0.0,0.0551,0.2872,0.41185714285714287,30.857,25.23377830960286,55.30965468372238
1.0,0.6384,0.4235,0.0,0.0,0.0,0.515,0.3681285714285714,42.639,25.233673485896322,55.30974185450263
0.7774,0.0,0.0,0.0,0.0,0.0,0.0,0.11105714285714285,13.156,25.23437235,55.31475215
0.8006,0.0,0.0,0.0,0.0,0.0,0.0,0.11437142857142857,17.833,25.234440401482487,55.31484127343409
1.0,0.7256,0.0,0.0,0.0,0.369,1.0,0.44208571428571425,51.959,25.23386115,55.309293
1.0,0.4968,0.0,0.0,0.0,0.706,1.0,0.45754285714285714,34.341,25.233633088669894,55.30962287945885
1.0,0.4076,0.2682,0.0,0.0,0.0,0.0,0.2394,241.739,25.240902574709963,55.29627150375576
1.0,0.7676,0.0,0.0,0.0,0.0,0.0,0.2525142857142857,164.512,25.242487165442583,55.297268218458235
0.0,0.0,0.0,0.0,0.0,0.0,0.0,0.0,22.071,25.2371056,55.29363775
0.1183,0.0,0.0,0.0,0.0,0.0,0.8515,0.13854285714285713,94.743,25.237576855806573,55.293894239326306
1.0,1.0,0.0,0.0,0.0,0.0,0.0,0.2857142857142857,24.273,25.2391367,55.29531375000001
1.0,0.0653,0.0,0.0,0.0,0.0,0.0,0.15218571428571429,36.299,25.2392663,55.2950492
1.0,1.0,0.0,0.0,0.0,0.0,0.0,0.2857142857142857,8.452,25.2391506,55.29518445
1.0,1.0,0.0,0.0,0.0,0.0,0.0,0.2857142857142857,14.606,25.23938525,55.2948331
1.0,0.0844,0.0,0.0,0.0,0.0,0.0,0.15491428571428573,10.599,25.239305650149017,55.294870784217395
1.0,0.0305,0.0,0.0,0.0,0.0,0.0,0.14721428571428571,307.317,25.23839699893397,55.29823461558047
1.0,1.0,0.0618,0.0,0.2669,0.7932,0.7096,0.5473571428571429,44.793,25.24127555,55.2968693
1.0,0.9245,0.7327,0.0,0.0,0.0,0.0,0.3796,216.277,25.24222945,55.2971939
1.0,1.0,0.0873,0.0,0.0,0.0,0.0,0.2981857142857143,64.816,25.241131247776142,55.296505132700446
1.0,1.0,1.0,0.0,0.0,1.0,1.0,0.7142857142857143,19.991,25.2410942,55.2970167
1.0,1.0,0.8581,0.0,0.0,0.7578,0.9533,0.6527428571428572,65.835,25.2414352,55.29721645
1.0,0.0,0.0,0.0,0.0,0.0,0.0,0.14285714285714285,10.357,25.25367945,55.30893475
1.0,0.0,0.0,0.0,0.0,0.0,0.0,0.14285714285714285,18.901,25.2537128,55.30879455
1.0,0.4774,0.0,0.0,0.0,0.0,0.1447,0.23172857142857145,22.748,25.25375532406039,55.308952064622495
1.0,0.1919,0.0,0.0,0.0,0.0,0.5223,0.2448857142857143,22.984,25.25358720461322,55.30885098607387
0.6379,0.0,0.0,0.0,0.0,0.0,0.0,0.09112857142857143,6.247,25.25474905,55.3100417
0.2912,0.6193,0.2294,0.0,0.0,0.0,0.0,0.16284285714285712,71.652,25.254803411999184,55.310372869835476
1.0,0.9198,1.0,0.5963,0.0,0.0,0.9375,0.6362285714285714,91.504,25.2513142,55.3006572
1.0,0.4801,0.3731,0.0,0.2663,0.6116,0.4623,0.4562,131.395,25.25138436189308,55.301401018701675
1.0,0.0,0.0,0.0,0.0,0.0,0.0,0.14285714285714285,13.697,25.2525208,55.3027217
1.0,0.0,0.0,0.0,0.7587,0.8226,0.8662,0.49250000000000005,51.813,25.25275885,55.3027928
1.0,0.5134,0.5286,0.4191,0.5854,0.6477,0.8492,0.6490571428571428,99.181,25.252848645645336,55.302626668165395
1.0,0.345,0.1647,0.0,0.3086,0.401,0.2442,0.3519285714285715,25.914,25.2452888,55.3091036
1.0,1.0,1.0,0.0,0.0,1.0,0.0,0.5714285714285714,4.125,25.2451725,55.30908405
1.0,0.0,0.0,0.0,0.0,0.0,0.0,0.14285714285714285,37.966,25.24750325,55.30518865000001
1.0,0.0,0.0,0.0,0.0,0.0,0.0,0.14285714285714285,4.356,25.2475546,55.30498604999999
1.0,0.7726,0.2873,0.2633,0.0,0.393,0.6504,0.48094285714285706,143.622,25.24817225,55.3051952
1.0,0.3178,0.0,0.0,0.0,0.0,0.0,0.18825714285714287,2.408,25.24879805,55.30537195
1.0,0.0,0.0,0.0,0.0,0.0,0.0,0.14285714285714285,3.57,25.2489922,55.3045993
1.0,1.0,0.0,0.0,0.0,0.0,0.0,0.2857142857142857,28.448,25.23904365,55.29527955
1.0,0.0377,0.0,0.0,0.0,0.0,0.0,0.14824285714285715,36.01,25.23919135,55.29500475
0.591,0.0425,0.0,0.0,0.0,0.0,0.0,0.0905,271.35,25.23803411764641,55.294549784129686
1.0,0.0,0.0,0.0,0.0,0.0,0.0,0.14285714285714285,13.48,25.2392724,55.29477895
1.0,0.0,0.0,0.0,0.0,0.0,0.544,0.22057142857142858,146.176,25.23867594456313,55.294522869187496
1.0,1.0,0.0,0.0,0.0,0.0,0.0,0.2857142857142857,1.906,25.2401396,55.29529785
1.0,1.0,0.2576,0.0,0.0,0.0,0.0,0.3225142857142857,43.672,25.240043044921826,55.295497647572276
1.0,0.0832,0.0001,0.0,0.0,0.0,0.6475,0.24725714285714284,212.485,25.2409610944501,55.29583571272997
1.0,1.0,1.0,0.0,0.0,0.0,0.0,0.42857142857142855,15.122,25.23991875,55.2957556
1.0,1.0,0.0,0.0,0.0,0.0,0.0,0.2857142857142857,13.594,25.23902975,55.29540885
1.0,0.2263,0.0,0.0,0.0,0.0,0.0,0.17518571428571428,68.37,25.23876825683965,55.295254244638976
1.0,1.0,0.0,0.0,0.0,0.0,0.0,0.2857142857142857,11.766,25.24010035,55.2952576
1.0,0.1972,0.0,0.0,0.0,0.0,0.0,0.17102857142857145,149.449,25.24038800200486,55.29457948060491
1.0,1.0,0.0,0.0,0.0,0.0,0.0,0.2857142857142857,92.137,25.239732883650323,55.29497921722933
1.0,0.0,0.0,0.0,0.0,0.0,0.2669,0.1809857142857143,35.985,25.240530265262166,55.29531826549497
1.0,0.3308,0.0,0.0,0.0,0.0,0.0796,0.2014857142857143,43.015,25.24030914001923,55.295223756022494
1.0,0.0,0.0,0.0,0.0,0.0,0.0,0.14285714285714285,14.802,25.23925803131242,55.29464281842417
1.0,0.7772,0.0,0.0,0.0,0.0,0.0,0.2538857142857143,21.051,25.23934878695087,55.29474153837445
1.0,0.0,0.0,0.0,0.0,0.0,0.2167,0.1738142857142857,194.22,25.24255285,55.29683065000001
1.0,0.0,0.0,0.0,0.0111,0.5794,0.6746,0.32358571428571425,139.92,25.238659668548234,55.294354338910296
0.7774,0.0252,0.0,0.0,0.0,0.0,0.127,0.1328,192.048,25.239857078647745,55.29394415476174
1.0,1.0,1.0,0.0,0.0,0.0,0.0,0.42857142857142855,10.393,25.24382095,55.2931101
1.0,1.0,0.5058,0.0173,0.0173,0.0497,0.0497,0.37711428571428574,64.931,25.243573827772774,55.2929576412476
1.0,0.0,0.0,0.0,0.0,0.0,0.0,0.14285714285714285,24.273,25.23287079531324,55.29111042833759
1.0,0.0,0.0,0.0,0.0,0.0881,0.6218,0.2442714285714286,109.75,25.233341511002664,55.29148008131562
1.0,0.0,0.0,0.0,0.0,0.0,0.0,0.14285714285714285,84.026,25.234888891649838,55.30429705562592
1.0,0.0,0.0,0.0,0.0,0.0,0.69,0.2414285714285714,21.179,25.23992775,55.3085774
1.0,0.6944,0.2952,0.0,0.0,0.0,0.1352,0.30354285714285706,82.356,25.24023395,55.3083212
1.0,0.2939,0.0,0.0,0.0,0.6537,0.6878,0.37648571428571426,68.809,25.24024883854597,55.308849812937254
1.0,0.8919,0.4622,0.0,0.0,0.0,0.5475,0.4145142857142857,197.121,25.24112196682025,55.308643495011765
1.0,0.7442,0.0,0.0,0.0,0.0,0.0,0.24917142857142857,68.408,25.2402237995058,55.307789300562405
1.0,0.4215,0.0,0.0,0.0,0.6805,1.0,0.4431428571428571,76.04,25.24045785,55.309667
1.0,0.8526,0.6661,0.0,0.0,0.4256,0.7857,0.5328571428571428,93.846,25.240216835234307,55.310041964281986
1.0,0.6539,0.0,0.0,0.0,0.0,0.0,0.2362714285714286,52.445,25.239664,55.3096015
1.0,0.0,0.0,0.0,0.0,0.0,0.0,0.14285714285714285,11.118,25.2396781,55.3092859
1.0,0.3812,0.2332,0.0,0.0,0.0,0.4754,0.2985428571428571,68.628,25.2399841540085,55.30935373509617
1.0,0.7273,0.0,0.0,0.0,0.3391,1.0,0.43805714285714287,36.204,25.24039340482258,55.309201519282325
1.0,1.0,0.0,0.0,0.0,0.044,0.6255,0.3813571428571429,15.109,25.24226944704225,55.30811145842025
1.0,1.0,0.3089,0.0,0.0,0.0,0.0,0.32984285714285716,10.853,25.2424899,55.30888985
1.0,0.9054,0.0,0.0,0.0,0.1717,0.4858,0.3661285714285714,59.765,25.2425798,55.30855315
1.0,1.0,0.3444,0.0,0.5088,0.6132,0.8947,0.6230142857142856,95.499,25.242312726382586,55.308552472011
1.0,1.0,0.0,0.0,0.0,0.6212,1.0,0.5173142857142857,35.036,25.2427125,55.30805625
1.0,0.0,0.0,0.0,0.0,0.1144,0.1379,0.1789,42.982,25.244239869422685,55.31083391353243
0.968,0.0,0.0,0.0,0.0,0.0,0.3088,0.18239999999999998,22.984,25.24071695,55.3119639
0.5326,0.0,0.0,0.0,0.1159,0.2771,0.8491,0.25352857142857144,44.864,25.2404123,55.31194605000001
0.9583,0.0,0.0,0.0,0.0,0.0,0.9461,0.2720571428571429,41.658,25.24061765,55.31174975
1.0,0.4055,0.0059,0.0,0.0,0.0,0.9233,0.3335285714285714,22.505,25.24169915,55.31081615
1.0,0.0,0.0,0.0,0.0,0.0,1.0,0.2857142857142857,39.934,25.2414798,55.3106224
1.0,0.0,0.0,0.0,0.0,0.0,1.0,0.2857142857142857,10.578,25.24157255,55.3107476
1.0,0.0,0.0,0.0,0.0,0.0,0.2181,0.1740142857142857,68.893,25.241220856638883,55.31073465518029
1.0,0.0,0.0,0.0,0.0,0.0,0.1415,0.16307142857142856,34.399,25.2411502017266,55.31056835559989
1.0,0.6163,0.4686,0.3988,0.3496,0.3421,0.5529,0.5326142857142857,108.358,25.24071833482472,55.310332960683866
1.0,0.0,0.0,0.0,0.0,0.0,1.0,0.2857142857142857,32.328,25.241413,55.31064645
1.0,0.0,0.0,0.0,0.0,0.0,1.0,0.2857142857142857,6.283,25.241321007565656,55.3105219274224
1.0,0.4903,0.3776,0.0305,0.0,0.0,0.5575,0.3508428571428571,124.004,25.240826228489887,55.310286728562666
1.0,1.0,1.0,0.0,0.0,0.0,0.0,0.42857142857142855,26.237,25.23215744123058,55.31114392218992
1.0,1.0,1.0,0.0,0.0,0.0,0.0,0.42857142857142855,7.952,25.232110854053197,55.311292495267956
1.0,0.9647,0.5291,0.2199,0.7422,0.8261,0.8685,0.7357857142857143,143.733,25.232310886445436,55.31143941121387
1.0,1.0,0.8288,0.0,0.0,0.0,0.0,0.40411428571428576,25.707,25.232076044239108,55.311442605438934
0.5658,0.0,0.0,0.0,0.0,0.0686,0.0781,0.10178571428571427,66.787,25.23571165178103,55.293881683482525
0.7632,0.7356,0.5006,0.0,0.4841,0.9129,0.9255,0.6174142857142858,82.174,25.235123209095676,55.29376218144691
0.5454,0.3287,0.2002,0.0,0.0,0.0,0.2209,0.18502857142857146,35.91,25.234728341524097,55.29360494323322
0.8432,0.5452,0.3558,0.0,0.0,0.0,0.0,0.24917142857142854,180.215,25.2353910877212,55.293446194316104
0.0,0.0,0.0,0.0,0.0,0.4024,0.8154,0.17397142857142858,163.175,25.236447140480585,55.293108962887366
0.0,0.0,0.0,0.0,0.0,0.3341,0.8582,0.1703285714285714,74.021,25.23680116163875,55.29332923538267
0.0,0.0,0.0,0.0,0.0,0.0,0.0445,0.006357142857142857,10.451,25.237133541018803,55.29340953435751
1.0,0.6218,0.6218,0.4787,0.7624,1.0,1.0,0.7835285714285715,19.624,25.23725735,55.29327055
0.9041,0.8372,0.0757,0.0009,0.0009,0.0044,0.751,0.3677428571428571,52.224,25.236981975016814,55.29308386128758
0.1446,0.1446,0.1446,0.0942,0.2678,0.4514,1.0,0.3210285714285715,15.603,25.237182912314037,55.29329626920514
1.0,1.0,0.0,0.0,0.0,0.5688,0.3578,0.4180857142857143,63.703,25.24217591658582,55.299798196149986
1.0,0.9891,0.8056,0.0,0.0,0.0,0.7895,0.5120285714285714,23.928,25.242161954649873,55.29943237868418
1.0,0.7733,0.3985,0.0,0.0,0.0582,0.3048,0.36211428571428567,79.354,25.242471487196514,55.29925195796606
1.0,1.0,0.5373,0.0,0.6822,1.0,1.0,0.7456428571428572,51.851,25.23959415,55.29727445
1.0,1.0,0.7872,0.6078,0.0,0.355,0.5569,0.6152714285714286,50.39,25.239519833331705,55.296939957205865
1.0,0.3481,0.0,0.0,0.0,0.0,0.9017,0.3214,90.248,25.24232245,55.30929605000001
1.0,0.0847,0.0612,0.0244,0.0114,0.0879,0.8728,0.3060571428571429,212.432,25.24338055,55.31024245
1.0,0.0,0.0,0.0,0.0,0.6314,1.0,0.37591428571428576,11.836,25.2426703,55.3095361
1.0,0.4055,0.4144,0.0175,0.0,0.5013,0.9834,0.47458571428571433,225.02,25.242579965781843,55.30959703002836
1.0,1.0,0.8222,0.0,0.0,0.0,0.0,0.40317142857142857,64.887,25.23890665,55.30663235
1.0,1.0,1.0,0.0,0.0,0.0,0.0,0.42857142857142855,6.789,25.2386543,55.3064107
1.0,0.8582,0.8525,0.0924,0.0,0.0,0.0,0.40044285714285716,81.368,25.2384442,55.30674265
1.0,0.5481,0.0,0.0,0.0,0.6924,0.7804,0.43155714285714286,26.383,25.23830275,55.30713565000001
1.0,0.3607,0.0423,0.0,0.0,0.0,0.1135,0.21664285714285714,65.659,25.238399123556686,55.30618688436721
1.0,0.0,0.0,0.0,0.0,0.0,1.0,0.2857142857142857,9.485,25.2393697,55.3055456
1.0,0.0,0.0,0.0,0.2695,0.5722,0.8561,0.3854,149.469,25.23867640531248,55.30536842499853
1.0,0.0,0.0,0.0,0.0,0.0,0.5913,0.2273285714285714,12.581,25.239327796036786,55.30558848660251
1.0,0.0,0.0,0.0,0.0,0.0,0.5824,0.22605714285714287,5.33,25.239432848328843,55.30556868251264
1.0,0.0,0.0,0.0,0.0,0.0,0.7083,0.24404285714285714,10.991,25.239391774543435,55.30560373272156
1.0,0.0,0.0,0.0,0.0,0.0,1.0,0.2857142857142857,7.993,25.2420495,55.31107515
1.0,0.9453,0.0,0.0,0.0,0.0,1.0,0.4207571428571429,7.923,25.2420961,55.3110151
1.0,0.9419,0.0,0.0,0.0,0.0,1.0,0.4202714285714286,9.451,25.24210585493975,55.31107419442621
1.0,0.0,0.0,0.0,0.0,0.0,1.0,0.2857142857142857,5.575,25.2420101,55.31112665
1.0,0.5378,0.4095,0.0,0.0,0.0,0.58,0.3610428571428571,118.735,25.242444092398625,55.311472588716384
1.0,0.0,0.0,0.0,0.0,0.0,1.0,0.2857142857142857,17.256,25.241965739284083,55.31105186209894
1.0,0.0262,0.2183,0.0,0.0,0.2007,1.0,0.3493142857142857,15.982,25.233540241429864,55.31291578239174
1.0,0.9246,0.56,0.0,0.0,0.0,1.0,0.49779999999999996,8.685,25.233439511975437,55.312873187336564
1.0,0.8369,1.0,0.0,0.0,0.0,1.0,0.5481285714285714,9.611,25.233470296628997,55.31294665756243
1.0,0.4566,0.0,0.0,0.0,0.1035,1.0,0.3657285714285714,12.854,25.233515,55.31223815
1.0,0.0888,0.0,0.0,0.0,0.0,1.0,0.2984,63.431,25.233457467390885,55.3125510394269
1.0,0.0,0.0,0.0,0.0,0.0,0.6249,0.23212857142857143,38.775,25.233405924766846,55.312083311495684
1.0,1.0,0.293,0.1452,0.1452,0.3924,1.0,0.5679714285714286,12.193,25.23335585,55.3128478
1.0,0.4322,0.1539,0.1459,0.1459,0.1459,0.5039,0.3610999999999999,83.075,25.23328665,55.31243835
1.0,0.3069,0.0,0.0,0.2369,0.4899,0.0056,0.29132857142857144,77.968,25.233141127559456,55.31235809660904
1.0,1.0,0.0,0.0,0.0,0.0,0.1888,0.3126857142857143,18.927,25.23304065,55.31273765
1.0,1.0,0.1126,0.1119,0.1119,0.1158,0.493,0.42074285714285714,28.804,25.233184332456972,55.31282674443962
1.0,1.0,0.0,0.0,0.0,0.0,1.0,0.42857142857142855,3.753,25.23295595,55.31275975
1.0,0.0,0.0,0.0,0.0,0.0,0.3865,0.1980714285714286,19.478,25.2328212,55.3133063
1.0,0.3907,0.0,0.0,0.0,0.0575,0.7223,0.3100714285714286,104.704,25.2323523,55.3134067
1.0,0.7087,0.4203,0.0,0.0,0.0,0.6089,0.3911285714285714,54.275,25.232653361107975,55.313507142694256
1.0,0.0,0.0,0.0,0.0,0.0,0.0,0.14285714285714285,19.037,25.23192245,55.3133272
1.0,0.6795,0.0,0.0,0.0,0.0,0.0,0.23992857142857144,19.091,25.231860314144242,55.31350151417361
1.0,1.0,0.0,0.0,0.0,0.0,1.0,0.42857142857142855,17.392,25.23244055,55.31367435
1.0,1.0,0.0,0.0,0.0,0.0,1.0,0.42857142857142855,17.322,25.2324411,55.3138469
1.0,0.7504,0.0,0.0,0.0,0.0,0.6253,0.3393857142857143,79.495,25.232089900470978,55.31374632413945
1.0,0.6962,0.0,0.0,0.0,0.0,0.6797,0.3394142857142857,65.498,25.2321465,55.3135915
1.0,0.1192,0.0,0.0,0.0,0.5185,0.923,0.3658142857142857,95.235,25.23239135,55.3132268
1.0,0.0,0.0,0.0,0.0,0.0,0.2167,0.1738142857142857,16.091,25.23289165,55.31320855
1.0,0.0,0.0,0.0,0.1748,0.6037,1.0,0.39692857142857146,96.426,25.23252128718816,55.313046307337544
1.0,0.0,0.0,0.0,0.0,0.0,0.0,0.14285714285714285,9.635,25.23198026571328,55.313200025992174
1.0,0.0,0.0,0.0,0.0,0.0,0.0,0.14285714285714285,20.362,25.2329622,55.3131064
1.0,0.3293,0.0,0.0,0.0,0.0,1.0,0.33275714285714286,111.774,25.23209955,55.3126997
1.0,0.0,0.0,0.0,0.0,0.0,0.6813,0.24018571428571428,16.381,25.23192312216317,55.31317513000224
1.0,0.729,0.6114,0.0,0.0,0.0,1.0,0.4772,82.474,25.232296576003183,55.31257284810809
1.0,0.0,0.0,0.0,0.0,0.0,0.1088,0.1584,26.986,25.232058060127372,55.31304196395262
1.0,1.0,0.0,0.0,0.1039,0.4659,0.6066,0.4537714285714286,67.506,25.24106885,55.29934795
1.0,1.0,0.8557,0.3196,0.7684,0.8383,0.9183,0.8143285714285715,64.239,25.2411787,55.29979055
1.0,0.7822,0.0,0.0,0.0,1.0,1.0,0.5403142857142857,58.247,25.24130735,55.30019205000001
1.0,0.0,0.0,0.0,0.0,0.1982,1.0,0.31402857142857143,112.811,25.24070335,55.3013946
1.0,0.8718,0.8067,0.0,0.0,0.8316,0.9763,0.6409142857142857,63.038,25.24020965,55.30173205
1.0,0.9531,0.0,0.0,0.0,0.2302,0.851,0.43347142857142856,111.556,25.2402034,55.30109295
1.0,0.0,0.0,0.0,0.0,0.0,0.0,0.14285714285714285,16.53,25.23668025,55.29937895
1.0,0.0,0.0,0.0,0.0,0.0,0.0,0.14285714285714285,3.724,25.23662885,55.29944195
1.0,0.0,0.0,0.0,0.0,0.0,0.0,0.14285714285714285,119.67,25.23639858661584,55.29997967056772
1.0,0.0,0.0,0.0,0.0,0.0,0.0,0.14285714285714285,31.562,25.2376652,55.2999392
1.0,0.7071,0.0,0.0,0.0,0.0,0.0,0.24387142857142857,17.046,25.2375542,55.30014735
1.0,0.8972,0.822,0.1539,0.8298,0.865,1.0,0.7954142857142857,63.633,25.2406971,55.3007555
1.0,0.0,0.0,0.0,0.0,1.0,1.0,0.42857142857142855,52.817,25.2410649,55.30067475
1.0,0.0,0.0,0.0,0.0,0.168,0.6413,0.2584714285714286,18.944,25.241022479870008,55.30095294034483
1.0,1.0,1.0,0.0,0.0,0.0,0.0,0.42857142857142855,6.769,25.235511833051916,55.29978812927427
1.0,0.8359,0.7755,0.0,0.0,0.0,0.0,0.37305714285714286,104.593,25.23533401703838,55.300303287803274
1.0,0.707,0.7778,0.665,0.0,0.0,0.0,0.4499714285714286,24.932,25.235613695361238,55.29987047569817
1.0,0.4473,0.1498,0.0,0.0,0.0,0.5618,0.3084142857142857,10.999,25.23468995,55.30104945
0.9474,0.2371,0.0,0.0,0.0,0.0,1.0,0.31207142857142856,29.43,25.2345532137064,55.301018811344
0.4499,0.0,0.0,0.0,0.0,0.0,0.549,0.14270000000000002,31.488,25.23481274890483,55.30093374056088
1.0,0.0,0.0,0.0,1.0,1.0,1.0,0.5714285714285714,3.644,25.23534545,55.30086065
1.0,0.0,0.0,0.0,1.0,0.8935,0.2746,0.45258571428571426,27.877,25.235486015522515,55.30085313007249
1.0,0.4931,0.4931,0.6859,1.0,1.0,1.0,0.8103,32.244,25.235416029845304,55.30071598575185
1.0,0.0,0.0,0.0,0.0,0.0,0.0205,0.14578571428571427,9.104,25.2351903,55.30080615
1.0,0.0,0.0,0.0,0.0,0.0,0.5756,0.2250857142857143,5.181,25.23311095,55.29797315
1.0,0.0,0.0,0.0,0.0,0.0,0.0,0.14285714285714285,10.909,25.2331438,55.29801945
1.0,0.0,0.0,0.0,0.0,0.0,0.2772,0.18245714285714287,7.222,25.233087596095633,55.29796686331362
1.0,0.8336,0.8317,0.2652,0.8442,0.8647,0.9786,0.8025714285714286,97.254,25.235611268753868,55.29481419336998
1.0,1.0,1.0,0.0681,1.0,1.0,1.0,0.8668714285714285,33.079,25.235831487798425,55.29476682845201
1.0,1.0,1.0,0.2268,1.0,1.0,1.0,0.8895428571428571,11.133,25.23599235482366,55.29464225875537
1.0,0.199,0.2092,0.0,0.21,0.2724,0.6587,0.3641857142857143,39.96,25.235440459626044,55.29510923029665
1.0,0.9522,0.9522,0.4735,0.9854,1.0,1.0,0.9090428571428572,21.727,25.23568199307158,55.29497672287846
1.0,0.0,0.0,0.0,1.0,1.0,1.0,0.5714285714285714,1.405,25.23383115,55.30064855
1.0,0.0,0.0,0.0,0.7656,1.0,1.0,0.5379428571428572,14.509,25.23377825,55.30060735
1.0,0.3807,0.1782,0.0617,1.0,1.0,1.0,0.6600857142857143,29.367,25.233942815351124,55.30072457888476
1.0,0.0,0.0,0.0,0.6693,1.0,1.0,0.5241857142857143,1.523,25.2337339,55.30055525
0.816,0.0,0.0,0.0,0.0,0.9686,1.0,0.39780000000000004,46.568,25.233611316788895,55.30036874167674
0.0,0.0,0.0,0.0,0.0,0.0,1.0,0.14285714285714285,5.865,25.23351805,55.30013375
0.0825,0.0,0.0,0.0,0.0,0.0,1.0,0.15464285714285714,8.207,25.2335091,55.3000646
1.0,1.0,1.0,0.0,0.0,0.0,0.0,0.42857142857142855,7.863,25.23388855,55.29913965
1.0,1.0,1.0,0.0,0.0,0.0,0.0,0.42857142857142855,6.864,25.23394445,55.2991004
1.0,1.0,1.0,0.8384,0.7992,0.7992,0.8073,0.8920142857142856,14.355,25.233954599485653,55.299177732252886
1.0,1.0,1.0,0.0,1.0,1.0,1.0,0.8571428571428571,14.103,25.23483545,55.2953947
1.0,1.0,1.0,0.0,1.0,1.0,1.0,0.8571428571428571,54.212,25.235084397468587,55.295329951162785
1.0,1.0,1.0,0.0,1.0,1.0,1.0,0.8571428571428571,39.139,25.234099290329997,55.29674194470365
1.0,1.0,1.0,0.4012,1.0,1.0,1.0,0.9144571428571429,20.197,25.23409084063045,55.29645989968109
1.0,1.0,1.0,0.0,1.0,1.0,1.0,0.8571428571428571,12.984,25.234010065266975,55.29655521912823
1.0,0.9206,0.9193,0.0,0.9237,0.9415,1.0,0.8150142857142857,46.724,25.234052891938813,55.29714225154364
1.0,1.0,1.0,0.0,1.0,1.0,1.0,0.8571428571428571,16.904,25.234201539624014,55.2968994644117
1.0,0.0,0.0,0.0,0.0,0.0,0.0,0.14285714285714285,6.543,25.23910415,55.3149257
1.0,0.0,0.0,0.0,0.0,0.0,0.0,0.14285714285714285,6.108,25.2391279,55.3148892
1.0,0.0,0.0,0.0,0.0,0.0,0.0,0.14285714285714285,12.491,25.24442635,55.30722785
1.0,0.0,0.0,0.0,0.0,0.4418,0.1381,0.22569999999999998,20.901,25.244302238188226,55.307155311573126
1.0,0.0,0.0,0.0,0.0,0.0,0.0365,0.14807142857142858,10.819,25.2445289,55.3072518
1.0,0.2394,0.2311,0.0,0.0,0.0,0.0,0.2100714285714286,51.307,25.2447215,55.3076094
1.0,0.6075,0.0,0.0,0.0,0.0,0.0,0.22964285714285712,9.954,25.24448555,55.3075905
1.0,0.0,0.0,0.0,0.0,0.0,0.0,0.14285714285714285,19.811,25.24452485,55.30744905
1.0,0.0,0.0,0.0,0.0,0.0,0.0586,0.15122857142857143,9.678,25.24456375,55.3073089
1.0,0.0,0.0,0.0,0.0,0.0,0.0,0.14285714285714285,72.635,25.244864485665033,55.30745656750453
1.0,0.0,0.0,0.0,0.0,0.0,1.0,0.2857142857142857,13.136,25.2446257539373,55.3072284707597
1.0,0.0,0.0,0.0,0.0974,0.3339,1.0,0.3473285714285714,81.845,25.244755775834232,55.306838935436545
1.0,0.0,0.0,0.0,0.0,0.0,0.5982,0.2283142857142857,78.702,25.24499009338176,55.307371151288734
1.0,0.277,0.2885,0.0,0.3808,0.6698,0.3661,0.4260285714285715,102.116,25.244365234922192,55.30665157294458
1.0,0.0,0.0,0.0,0.0,0.0,0.0,0.14285714285714285,9.93,25.23831015,55.31190255000001
1.0,0.7904,0.4822,0.0,0.0,0.0,0.136,0.34408571428571433,103.653,25.237843283343373,55.31193378835303
1.0,0.4927,0.2063,0.1414,0.1767,0.2644,0.3231,0.37208571428571435,89.577,25.238300259787586,55.31239708952233
1.0,0.1623,0.0,0.0,0.0,0.0,0.0,0.16604285714285716,28.37,25.2375909,55.3118262
1.0,0.0,0.0,0.0,0.0,0.0,0.0,0.14285714285714285,12.442,25.2374075,55.31181905
0.8215,0.4114,0.2764,0.0963,0.0974,0.0974,0.4929,0.3276142857142857,98.48,25.23875375,55.311867
1.0,0.3415,0.0,0.0,0.0,0.0,0.0,0.19164285714285714,28.54,25.23818285,55.31184805
1.0,0.4831,0.0,0.0,0.0,0.0,0.0,0.21187142857142854,43.314,25.23550845,55.31251265
1.0,1.0,0.0,0.0,0.0,0.0,0.0,0.2857142857142857,26.153,25.23562115,55.3127317
1.0,1.0,0.7882,0.0,0.0,0.0,0.0,0.3983142857142857,11.616,25.23550218836895,55.312785429440545
1.0,0.811,0.7604,0.0,0.0,0.0,0.0,0.3673428571428571,44.874,25.23610395,55.31235285
1.0,1.0,0.0,0.0,0.0,0.0,0.0,0.2857142857142857,21.254,25.2359054,55.3122392
1.0,1.0,0.0,0.0,0.0,0.0,0.0649,0.2949857142857143,20.349,25.2358993,55.3124459
1.0,0.8154,0.7487,0.0,0.7697,0.7803,0.8171,0.7044571428571429,44.862,25.2360979,55.31255495000001
1.0,1.0,0.0,0.0,0.0,0.0,1.0,0.42857142857142855,19.504,25.2358934,55.3126439
1.0,0.0,0.0,0.0,0.0,0.0,0.0,0.14285714285714285,20.329,25.23630255,55.3124619
1.0,0.0,0.0,0.0,0.0,0.0,0.0,0.14285714285714285,19.313,25.23629680995994,55.31265885667026
1.0,0.3553,0.0,0.0,0.0,0.0,0.7225,0.2968285714285714,15.867,25.2358372,55.31213075
1.0,0.6515,0.0,0.0,0.0,0.0,0.0,0.23592857142857143,47.715,25.23612335652055,55.312145206782894
1.0,1.0,0.0,0.0,0.0,0.0,1.0,0.42857142857142855,4.072,25.2358722,55.31274015
1.0,0.9882,0.8414,0.0,0.7608,0.7989,0.8255,0.7449714285714286,44.856,25.2360921,55.3127478
1.0,0.0,0.0,0.0,0.0,0.0,0.0,0.14285714285714285,16.404,25.23630805,55.3122794
1.0,0.0,0.0,0.0,0.0,0.0,0.0,0.14285714285714285,20.016,25.23638365382371,55.312758045334185
1.0,0.0,0.0,0.0,0.0,0.0,0.0,0.14285714285714285,13.124,25.236316150829477,55.31213469087563
1.0,0.0,0.0,0.0,0.0,0.0,0.1748,0.16782857142857144,8.134,25.23572935,55.31212645
1.0,0.0,0.0,0.0,0.0,0.0,0.0,0.14285714285714285,12.519,25.23563655,55.31212255
1.0,0.0,0.0,0.0,0.0,0.0,0.0,0.14285714285714285,39.71,25.23570178651064,55.31192784938091
1.0,0.1669,0.0,0.0,0.0,0.0,0.0,0.16670000000000001,68.516,25.23601845,55.3117489
1.0,0.0,0.0,0.0,0.0,0.0,0.0,0.14285714285714285,12.192,25.235656,55.311729
1.0,0.3377,0.0,0.0,0.0,0.0,0.0923,0.20428571428571426,61.189,25.2357523,55.3124317
1.0,1.0,0.0,0.0,0.0,0.0,0.1084,0.3012,12.816,25.2357963,55.3127375
1.0,1.0,0.9266,0.0,0.0,0.0,0.0,0.4180857142857143,37.196,25.235657139402072,55.31283603494753
1.0,0.0,0.0,0.0,0.0,0.0,0.0,0.14285714285714285,28.177,25.2364696,55.3129015
1.0,0.0,0.0,0.0,0.0,0.0,0.0,0.14285714285714285,74.015,25.23648415,55.31239375
1.0,0.0,0.0,0.0,0.0,0.0,0.0,0.14285714285714285,7.165,25.23646455,55.3130771
1.0,0.0,0.0,0.0,0.0,0.0,0.0,0.14285714285714285,8.961,25.23650585,55.3130436
1.0,0.3907,0.0,0.0,0.0,0.0,0.5612,0.27884285714285717,12.435,25.23660195,55.31304865
1.0,1.0,0.0,0.0,0.0,0.0,0.0,0.2857142857142857,29.351,25.2366542,55.31319745
1.0,0.219,0.0,0.0,0.0,0.0,0.5859,0.25784285714285715,121.707,25.236675151212545,55.312446893548476
1.0,0.0,0.0,0.0,0.0,0.0,0.0,0.14285714285714285,12.136,25.23666295,55.31110055
1.0,0.0,0.0,0.0,0.0,0.0,0.2139,0.17341428571428572,63.104,25.236707708808506,55.31141570538019
1.0,0.0,0.0,0.0,0.0,0.0,0.5224,0.21748571428571428,107.293,25.236734117266504,55.31056915355087
1.0,0.0,0.0,0.0,0.0,0.0,0.0,0.14285714285714285,9.099,25.2365675,55.3110977
1.0,0.0,0.0,0.0,0.0,0.0,0.4139,0.20198571428571427,91.694,25.23654315,55.31064105
1.0,0.9072,0.5315,0.0,0.2959,0.615,0.9102,0.608542857142857,8.011,25.2384642,55.30916265
1.0,1.0,1.0,0.0,0.0,0.0,0.6649,0.5235571428571429,32.936,25.2382802,55.3091552
1.0,1.0,0.3654,0.0,0.0,0.4445,0.79,0.5142714285714286,60.036,25.238286376912036,55.30904603866565
1.0,1.0,0.4807,0.0,0.0,0.0,1.0,0.49724285714285715,2.092,25.2381228,55.30914885
1.0,0.0,0.0,0.0,0.0,0.0,1.0,0.2857142857142857,23.652,25.23584765,55.3094987
1.0,0.0,0.0,0.0,0.0,0.0,1.0,0.2857142857142857,29.712,25.23585635,55.3092336
1.0,0.0,0.0,0.0,0.0,0.0,1.0,0.2857142857142857,16.001,25.23592345,55.30938155
1.0,0.0,0.0,0.0,0.0,0.0,1.0,0.2857142857142857,27.787,25.2359927,55.30952
1.0,0.0,0.0,0.0,0.0,0.2105,1.0,0.3157857142857142,21.771,25.2359975,55.3092737
1.0,0.0,0.0,0.0,0.0,1.0,1.0,0.42857142857142855,14.889,25.2363701,55.30996625
1.0,0.0,0.0,0.0,0.0,0.6651,0.8543,0.35991428571428574,144.416,25.23565415,55.3099405
1.0,0.0,0.0,0.0,0.0,0.0169,0.8459,0.2661142857142857,155.964,25.235658637604686,55.31007447246477
1.0,0.0,0.0,0.0,0.0,0.0,0.0,0.14285714285714285,30.513,25.23698785,55.29892215
1.0,0.0,0.0,0.0,0.0,0.0,0.0751,0.15358571428571427,77.697,25.234715858138483,55.30467442445215
1.0,0.1644,0.0,0.0,0.0,0.0,0.0,0.16634285714285715,402.224,25.23521595766137,55.305564738845504
1.0,0.6331,0.5468,0.0,0.0,0.0,0.1109,0.32725714285714286,53.791,25.24413645,55.3042302
1.0,0.2463,0.1232,0.0006,0.0312,0.7692,0.9929,0.45191428571428566,57.609,25.24373815,55.29658405
1.0,0.3602,0.0,0.0,0.0,0.0,0.8101,0.3100428571428572,77.102,25.2437823,55.29705155
1.0,0.0,0.0,0.0,0.0,0.0,0.0,0.14285714285714285,31.625,25.24347575,55.29730355
1.0,0.0364,0.0,0.0,0.0,0.2053,0.7748,0.2880714285714286,75.471,25.2439013,55.29755275
1.0,0.0,0.0,0.0,0.0,0.0,0.0,0.14285714285714285,7.486,25.2433347,55.2972617
1.0,0.0,0.0,0.0,0.0,0.0,0.0,0.14285714285714285,15.046,25.243277374851267,55.297326818694856
1.0,0.0,0.0,0.0,0.0,0.0,0.0,0.14285714285714285,18.98,25.24319285,55.2974425
1.0,0.352,0.0,0.0,0.0,0.0,0.0796,0.2045142857142857,98.92,25.24315459011055,55.2979754581049
1.0,0.9357,0.5646,0.0,0.0,1.0,1.0,0.6429,43.074,25.2432686,55.29371145
1.0,0.7791,0.7553,0.0,0.6296,0.7135,0.5961,0.6390857142857144,77.89,25.24361665,55.2934864
1.0,0.6991,0.4142,0.0,0.0756,0.9292,1.0,0.5883,79.058,25.243778690852363,55.293866023156475
1.0,0.8869,0.3794,0.2473,0.291,0.291,0.291,0.4838,61.709,25.2430784,55.292653
1.0,1.0,0.7657,0.0,0.7493,0.7369,0.6287,0.6972285714285714,82.055,25.243137,55.2931568
1.0,1.0,0.4612,0.1658,0.1658,0.9551,1.0,0.6782714285714285,18.902,25.24302715,55.2935576
1.0,0.4159,0.3609,0.2661,0.2661,0.3863,0.572,0.46675714285714287,54.451,25.2416698,55.2939146
1.0,0.5983,0.0,0.0,0.0,0.0,0.9114,0.3585285714285714,12.383,25.24182205,55.29362815
1.0,0.7436,0.4104,0.0,0.7785,0.8015,0.8815,0.6593571428571429,76.784,25.24154975,55.2933888
1.0,0.4758,0.3486,0.0,0.4874,0.7847,0.8143,0.5586857142857143,75.732,25.2412486,55.2939658
1.0,0.9766,0.0,0.0,0.0,0.0,0.0,0.28237142857142855,67.175,25.2410997,55.29349265
1.0,0.0,0.0,0.0,0.0,0.0,1.0,0.2857142857142857,55.452,25.24406625,55.2997553
1.0,0.6927,0.2906,0.0,0.1132,0.35,0.9188,0.4807571428571428,71.16,25.24368925,55.29993775
1.0,0.8002,0.0,0.0,0.0,0.0,0.9611,0.39447142857142853,25.517,25.2436345,55.3003075
1.0,0.0,0.0,0.0,0.0283,0.0902,0.0911,0.1728,31.088,25.24301305,55.30175785000001
0.9319,0.1721,0.0,0.0,0.0,0.0,0.2479,0.1931285714285714,148.64,25.242810825947892,55.30247803790318
1.0,0.6747,0.0,0.0,0.0,0.0,0.5976,0.3246142857142857,144.497,25.24293625,55.3008943
1.0,0.7809,0.6173,0.0,0.6076,0.6228,0.6332,0.6088285714285716,34.524,25.24275395,55.30160185
1.0,0.0,0.0,0.0,0.0,0.4374,0.8132,0.3215142857142857,12.158,25.24410195,55.30461435
1.0,0.0,0.0,0.0,0.0,0.0,0.0,0.14285714285714285,11.273,25.2440615,55.30454285
1.0,0.523,0.0,0.0,0.0,0.0,0.8318,0.3364,41.804,25.244119214931768,55.304769463312944
1.0,0.7356,0.7669,0.0,0.8258,0.9213,1.0,0.7499428571428571,28.723,25.2414428,55.30228865
1.0,1.0,0.7729,0.0,0.0,0.7402,0.7648,0.6111285714285714,33.146,25.24119895,55.3021406
1.0,1.0,1.0,0.0,0.0,0.362,1.0,0.6231428571428571,84.526,25.24114945,55.3025899
1.0,1.0,0.9207,0.0,0.0,0.7933,1.0,0.6734285714285715,99.152,25.24154305,55.30178715
1.0,0.8875,0.0,0.0,0.0,0.0647,0.3811,0.3333285714285714,84.463,25.240875391556788,55.30241631002714
1.0,0.9514,0.8568,0.0,0.7859,0.8806,0.9076,0.7689000000000001,63.878,25.24229465,55.30023885000001
1.0,0.4615,0.0,0.0,0.0,0.3512,0.6319,0.3492285714285714,58.971,25.242692360263593,55.30015697233915
1.0,1.0,0.0,0.0,0.0,1.0,1.0,0.5714285714285714,77.786,25.24187885,55.3004188
1.0,0.0,0.0,0.0,0.0,0.0,0.0,0.14285714285714285,18.549,25.23777875,55.2954045
1.0,0.5159,0.0,0.0,0.0,0.0,0.0,0.21655714285714286,5.362,25.2377938,55.2955005
1.0,0.0,0.0,0.0,0.0,0.0,0.0,0.14285714285714285,17.769,25.23784696055218,55.29556856287822
0.1688,0.0,0.0,0.0,0.0,0.0,1.0,0.16697142857142858,55.312,25.23068265569666,55.29964266419617
0.1494,0.1494,0.1494,0.1494,0.2086,0.2455,0.6927,0.24920000000000003,168.79,25.230426285089308,55.29894299781079
1.0,0.0,0.0,0.0,0.0,0.0,0.0,0.14285714285714285,47.214,25.2303387696339,55.29050961873993
1.0,0.0,0.0,0.0,0.0,0.0,0.1919,0.17027142857142857,71.355,25.230354937591994,55.291069079934964
1.0,0.0,0.0,0.0,0.0,1.0,1.0,0.42857142857142855,2.677,25.23094725,55.29272445
1.0,0.4711,0.0,0.0,0.0,0.6312,0.2323,0.3335142857142857,69.328,25.23124645000883,55.29266026030422
0.1118,0.0,0.0,0.0,0.0,0.3,0.5104,0.13174285714285713,557.9999999999999,25.23126310620486,55.29534021102656
1.0,1.0,0.0,0.0,0.0,0.1651,0.4902,0.3793285714285714,37.404,25.2378865,55.31183685000001
1.0,0.0265,0.0,0.0,0.0,0.0,0.0,0.14664285714285713,56.866,25.238055899149625,55.31156055153928
0.2589,0.0618,0.0361,0.0,0.0,0.8104,1.0,0.30960000000000004,126.312,25.23867395,55.3100649
0.7089,0.0,0.0,0.0,0.0,0.4534,0.6892,0.2645,156.658,25.2374025,55.31001045000001
0.0,0.0,0.0,0.0,0.0,1.0,1.0,0.2857142857142857,8.738,25.238108,55.3099972
0.0,0.0,0.0,0.0,0.0,0.4949,1.0,0.21355714285714283,5.2,25.2381061,55.31006645
0.5859,0.0,0.0,0.0,0.0,0.0,0.0,0.0837,14.125,25.25215875,55.30967865
0.1873,0.0,0.0,0.0,0.0,0.0,0.0,0.026757142857142858,12.923,25.2520755,55.3097016
0.6643,0.0,0.0,0.0,0.0,0.0,0.0,0.0949,21.535,25.25200215227286,55.30985250110511
1.0,0.0,0.0,0.0,0.0,0.0,0.0,0.14285714285714285,9.649,25.2519666,55.3099934
0.8983,0.2403,0.0,0.0,0.0,0.0,0.0,0.16265714285714286,11.23,25.25262955,55.3099834
1.0,0.6392,0.0,0.0,0.0,0.0,0.0,0.23417142857142856,19.974,25.2525735,55.3101256
1.0,0.0,0.0,0.0,0.0,0.0,0.0,0.14285714285714285,14.111,25.2524946,55.31026765
0.7402,0.1517,0.0,0.0,0.0,0.0,0.0,0.1274142857142857,165.611,25.25319964334394,55.31059527464104
1.0,0.0,0.0,0.0,0.0,0.0,0.0,0.14285714285714285,10.136,25.25240865,55.3102985
0.841,0.3263,0.0861,0.0,0.0,0.0,0.0,0.17905714285714286,220.915,25.253224900676763,55.31077728230817
1.0,0.0,0.0,0.0,0.0,0.0,0.0,0.14285714285714285,41.185,25.252205115464893,55.310178945480224
1.0,0.0,0.0,0.0,0.0,0.0,0.0,0.14285714285714285,8.369,25.25200975,55.3100603
1.0,0.0,0.0,0.0,0.0,0.0,0.0,0.14285714285714285,91.362,25.25171506132595,55.3103234667203
0.5528,0.0,0.0,0.0,0.0,0.4787,0.6835,0.24499999999999997,262.798,25.250669388624452,55.31147347285919
0.8549,0.3886,0.318,0.1254,0.0,0.0,0.0269,0.24482857142857142,160.255,25.251153181310833,55.30996088317158
1.0,0.0,0.0,0.0,0.0,0.0,0.0,0.14285714285714285,45.085,25.252398662966474,55.30980602452134
0.8514,0.0,0.0,0.0,0.0,0.0,0.0,0.12162857142857143,8.243,25.25261675,55.30991625
0.8515,0.0,0.0,0.0,0.0,0.0,0.0986,0.13572857142857145,33.394,25.252788329518985,55.30986638619899
0.5688,0.1567,0.1261,0.1001,0.1156,0.1238,0.1852,0.19661428571428569,257.191,25.249640060158654,55.31360660716702
0.0,0.0,0.0,0.0,0.0,0.0,1.0,0.14285714285714285,48.847,25.24796241852329,55.31378665519407
0.0,0.0,0.0,0.0,0.0,0.0,0.414,0.05914285714285714,74.868,25.24764876829432,55.313980887705306
0.2757,0.0,0.0,0.0,0.0,0.0,0.0,0.03938571428571429,5.787,25.2474051,55.3141633
0.3818,0.0,0.0,0.0,0.0,0.0,0.0,0.054542857142857136,18.061,25.2474329,55.31425575
0.0,0.0,0.0,0.0,0.0,0.0,0.0,0.0,31.385,25.247559451733885,55.314457748784086
1.0,0.0,0.0,0.0,0.0,0.0,0.0,0.14285714285714285,14.129,25.24732245,55.3141773
0.0,0.0,0.0,0.0,0.0,0.0,0.0,0.0,10.019,25.2476187,55.3146439
0.0,0.0,0.0,0.0,0.0,0.0,0.0,0.0,15.474,25.24768500928849,55.31459075918168
0.0,0.0115,0.0,0.0,0.0,0.0,0.0,0.0016428571428571427,74.096,25.247949964706095,55.314728749251515
1.0,0.0,0.0,0.0,0.0,0.0,0.0,0.14285714285714285,32.932,25.24591755000001,55.3147251
1.0,0.0,0.0,0.0,0.0,0.0,0.0,0.14285714285714285,26.12,25.24604525,55.31477335
1.0,0.0,0.0,0.0,0.0,0.0,0.0,0.14285714285714285,18.812,25.245944,55.31455455
1.0,0.0,0.0,0.0,0.0,0.0,0.0,0.14285714285714285,11.596,25.24629985,55.31442225
1.0,0.0,0.0,0.0,0.0,0.0,0.0,0.14285714285714285,27.241,25.24626175,55.3142815
1.0,0.6162,0.6024,0.5045,0.5045,0.5787,0.5976,0.6291285714285716,66.573,25.246336203375588,55.314608447384465
1.0,0.0,0.0,0.0,0.0,0.0,0.0,0.14285714285714285,20.015,25.2461351642074,55.31409381693816
1.0,0.0,0.0,0.0,0.0,0.0,0.0,0.14285714285714285,42.722,25.246069645172085,55.31434350913481
1.0,0.0,0.0,0.0,0.0,0.0,0.3225,0.18892857142857142,17.266,25.246063713304487,55.31460817836944
1.0,0.0,0.0,0.0,0.0,0.0,1.0,0.2857142857142857,11.102,25.2468673,55.3083409
1.0,0.0,0.0,0.0,0.0,0.0,1.0,0.2857142857142857,36.46,25.24669775000001,55.30834475
1.0,0.0,0.0,0.0,0.0,0.4615,1.0,0.35164285714285715,66.157,25.246820703657768,55.308183071652344
1.0,0.0,0.0,0.0,0.0,1.0,0.8329,0.4047,25.562,25.24689105,55.30809565
1.0,1.0,0.0,0.0,0.0,1.0,1.0,0.5714285714285714,10.297,25.25468715,55.30403995
1.0,0.7827,0.0,0.0,0.0,0.0413,1.0,0.4034285714285714,30.6,25.2546142,55.3042266
1.0,0.0,0.0,0.0,0.0,0.0,1.0,0.2857142857142857,11.125,25.25454025,55.30441725
1.0,0.0,0.0,0.0,0.0,0.0,1.0,0.2857142857142857,4.805,25.2544994,55.3044688
1.0,0.0,0.0,0.0,0.0,0.0,1.0,0.2857142857142857,10.989,25.25456475,55.3044937
1.0,0.8764,0.2168,0.0,0.0,0.0,0.307,0.3428857142857143,18.558,25.2546825,55.30456175
1.0,1.0,1.0,0.0,0.0,0.0,0.0,0.42857142857142855,10.479,25.25479825,55.30462855000001
1.0,1.0,1.0,0.0,0.0,0.0,0.0,0.42857142857142855,8.666,25.25485895,55.30461505
1.0,1.0,0.0,0.0,0.0,0.6024,0.5577,0.4514428571428572,19.417,25.25478395,55.30403505
1.0,1.0,0.0,0.0,0.0,0.0,0.0,0.2857142857142857,15.052,25.2549234,55.30410985
1.0,0.0215,0.0,0.0,0.5902,1.0,1.0,0.5159571428571429,23.599,25.254617029069504,55.30392807692021
1.0,0.0,0.0,0.0,0.0,0.0,0.0,0.14285714285714285,8.623,25.2468091,55.2993626
1.0,0.0,0.0,0.0,0.0,0.0,0.0,0.14285714285714285,26.535,25.24673725,55.2995182
1.0,0.0,0.0,0.0,0.0,0.0,0.0,0.14285714285714285,13.587,25.24665235,55.2996942
1.0,0.0,0.0,0.0,0.0,0.0,0.0,0.14285714285714285,5.807,25.2466024,55.29977065
1.0,0.0,0.0,0.0,0.0,0.0,0.0,0.14285714285714285,10.146,25.24666425,55.2997767
1.0,0.0,0.0,0.0,0.0,0.0,0.0,0.14285714285714285,14.294,25.24676215,55.2998319
1.0,0.3839,0.0,0.0,0.0,0.0,0.0,0.19770000000000001,10.282,25.2468606,55.2998874
1.0,1.0,0.0,0.0,0.0,0.0,0.0,0.2857142857142857,4.427,25.24690645,55.299932
1.0,0.4817,0.0,0.0,0.0,0.0,0.0,0.21167142857142857,11.214,25.2469282,55.2998631
1.0,0.0,0.0,0.0,0.0,0.0,0.0,0.14285714285714285,29.772,25.2470247,55.2996895
1.0,0.0,0.0,0.0,0.0,0.0,0.0,0.14285714285714285,9.412,25.2471177,55.29952405
1.0,0.5054,0.0,0.0,0.0,0.1635,0.2253,0.2706,349.727,25.248480130200257,55.300385098735454
1.0,0.2338,0.0,0.0,0.0,0.0,0.0,0.17625714285714286,258.515,25.24825010379907,55.30010621919534
1.0,0.2665,0.0,0.0,0.0,0.0,0.0,0.1809285714285714,15.394,25.247207193059875,55.29946382784838
1.0,0.0,0.0,0.0,0.0,0.0,0.0,0.14285714285714285,11.759,25.2470949,55.2994553
1.0,0.0,0.0,0.0,0.0,0.0,0.0,0.14285714285714285,13.403,25.2469955,55.29939565
1.0,0.0,0.0,0.0,0.0,0.0,0.0,0.14285714285714285,13.678,25.2468833,55.2993444
1.0,0.0,0.0,0.0,0.0,0.0,0.0,0.14285714285714285,12.854,25.246811442880723,55.29926122280612
1.0,0.0,0.0,0.0,0.0,0.0,0.6016,0.22879999999999998,32.94,25.246932871584512,55.29913357260209
1.0,0.0,0.0,0.0,0.2326,0.1207,0.7718,0.30358571428571424,42.817,25.2531289,55.30302505
1.0,1.0,0.0,0.0,0.0,0.0,0.0,0.2857142857142857,10.259,25.25110641711638,55.29006615361312
1.0,0.7038,0.1785,0.1665,0.165,0.162,0.3692,0.3921428571428572,352.985,25.252663866686127,55.29138098076996
1.0,1.0,0.0,0.0,0.0,0.0,0.0,0.2857142857142857,22.333,25.251471349572473,55.290222399629776
1.0,1.0,0.0,0.0,0.0,0.0,0.0,0.2857142857142857,9.096,25.25137365,55.2903353
1.0,1.0,0.102,0.0,0.0,0.0,0.0,0.30028571428571427,24.757,25.251384014849734,55.29048241928671
1.0,1.0,0.0,0.0,0.0,0.0,0.0,0.2857142857142857,9.633,25.2513081,55.29034365
1.0,1.0,0.0,0.0,0.0,0.0,0.0,0.2857142857142857,11.453,25.25122455,55.29029425
1.0,1.0,0.0,0.0,0.0,0.0,0.0,0.2857142857142857,19.536,25.25112459888118,55.29019936520356
1.0,0.2207,0.0,0.0,0.0,0.0,0.0,0.17438571428571428,11.325,25.251048377495835,55.29011625824582
1.0,0.6489,0.501,0.0,0.0,0.0,0.0,0.3071285714285715,242.341,25.24879279378509,55.295914730851536
1.0,0.0,0.0,0.0,0.0,0.0,0.0,0.14285714285714285,18.725,25.24930112682134,55.29478126800151
1.0,0.0,0.0,0.0,0.0,0.3259,0.8303,0.30802857142857143,111.177,25.249735199856115,55.29508496950615
1.0,0.0,0.0,0.0,0.0,0.0,0.0,0.14285714285714285,11.573,25.249369,55.2946649
1.0,0.0,0.0,0.0,0.0,0.0,0.0,0.14285714285714285,12.184,25.249410495286835,55.294565888153336
1.0,0.0,0.0,0.0,0.0,0.0,0.0,0.14285714285714285,4.792,25.24920115,55.29440865
1.0,0.0,0.0,0.0,0.0,0.0,0.0,0.14285714285714285,14.815,25.2492800319325,55.29445210252649
1.0,0.0,0.0,0.0,0.0,0.0,0.0,0.14285714285714285,6.668,25.24936685,55.294499
1.0,0.0,0.0,0.0,0.0,0.0,0.0,0.14285714285714285,12.07,25.249448139287146,55.2945112584101
1.0,0.7006,0.5962,0.0,0.0,0.0,0.0,0.32811428571428575,66.226,25.249575440953304,55.29420320893317
1.0,1.0,1.0,1.0,1.0,1.0,1.0,1.0,17.679,25.24553225,55.2928925
1.0,0.5892,0.3663,0.3668,0.3684,0.3628,0.3668,0.4886142857142857,45.993,25.2458126,55.29282825
1.0,1.0,0.9494,0.6268,0.7826,0.7826,0.7826,0.8462857142857144,14.536,25.245627812363466,55.29280656776122
1.0,0.6092,0.4872,0.0524,0.4859,0.5076,0.8697,0.5731428571428572,95.133,25.24593203452272,55.29294914743022
1.0,0.2076,0.2076,0.1557,0.3014,0.4264,1.0,0.4712428571428572,12.647,25.2462437,55.2928422
1.0,0.1718,0.1523,0.1501,0.1808,0.1719,1.0,0.40384285714285717,32.759,25.2464227,55.2929501
1.0,0.1736,0.0129,0.0,0.0,0.0606,0.3667,0.23054285714285713,98.652,25.246052856087342,55.292692943715764
1.0,0.2063,0.0,0.0,0.0,0.0,0.0,0.17232857142857141,39.995,25.24551297684434,55.29264115731129
1.0,0.0,0.0,0.0,0.0,0.0,0.0,0.14285714285714285,3.761,25.24538245,55.29257875
1.0,0.0,0.0,0.0,0.0,0.0,0.0,0.14285714285714285,2.748,25.2453768,55.292547
1.0,0.3063,0.1565,0.1476,0.1476,0.1769,0.3605,0.3279142857142857,32.413,25.24542005,55.2927537
1.0,0.1126,0.0977,0.095,0.095,0.1238,0.4064,0.27578571428571425,12.118,25.24540105,55.29292255
1.0,0.6412,0.5934,0.0081,0.5803,0.5955,0.8569,0.6107714285714286,158.679,25.245969156106185,55.29312652433276
1.0,0.6874,0.655,0.5187,0.5689,0.5689,0.5689,0.6525428571428572,38.082,25.24611675066839,55.292720837274516
1.0,0.0721,0.0721,0.0721,0.1389,0.3842,0.7493,0.35552857142857147,26.771,25.246095020562638,55.29284593866931
1.0,0.0,0.0,0.0,0.0,0.0,1.0,0.2857142857142857,8.742,25.24658345,55.2930549
0.9359,0.0961,0.081,0.0324,0.0764,0.2902,0.3809,0.2704142857142857,231.184,25.245999508647735,55.29242178652824
1.0,0.3981,0.0,0.0,0.0,0.0,0.6357,0.2905428571428571,7.705,25.24664715,55.293096449999986
0.996,0.5386,0.0,0.0,0.0,0.0311,0.0499,0.23079999999999998,123.48,25.246338383273052,55.29356599718872
1.0,0.0,0.0,0.0,0.0,0.0,0.2951,0.18501428571428571,69.096,25.2482502,55.29506065
1.0,0.0,0.0,0.0,0.0937,0.1776,0.2983,0.22422857142857144,80.105,25.2477869,55.2951549
1.0,0.0,0.0,0.0,0.0,0.0119,0.9295,0.27734285714285717,67.324,25.247631,55.29466225
1.0,0.0,0.0,0.0,0.0,0.0,0.0,0.14285714285714285,4.137,25.24920695,55.29339795
1.0,0.0,0.0,0.0,0.0,0.0,0.0,0.14285714285714285,9.138,25.2492378,55.29334145
0.9951,0.0618,0.0499,0.0417,0.0418,0.4213,0.7495,0.33730000000000004,206.7,25.248410089460226,55.29286948609014
1.0,0.0518,0.0,0.0,0.0,0.0,0.8099,0.26595714285714284,69.655,25.244792192977222,55.298046058371455
0.9461,0.4326,0.2739,0.0903,0.0782,0.5942,0.8411,0.4652,91.635,25.245267749481698,55.29785468493036
1.0,0.376,0.0,0.0,0.0,0.0,0.9436,0.33137142857142854,37.393,25.246643620835968,55.29167930219119
1.0,0.112,0.0,0.0,0.0,0.0,0.4605,0.22464285714285717,58.244,25.246489436871784,55.29130697819624
1.0,0.8699,0.0837,0.0,0.0,0.0,0.2029,0.30807142857142855,83.128,25.246422170460914,55.291854889024926
1.0,0.0,0.0,0.0,0.0,0.0,0.0,0.14285714285714285,43.826,25.244987,55.29203685
1.0,0.0,0.0,0.0,0.0,0.0,0.6425,0.23464285714285715,83.583,25.24510445,55.2926568
1.0,0.0,0.0,0.0,0.0,0.0,0.0,0.14285714285714285,9.29,25.24506815,55.29223995
1.0,0.0,0.0,0.0,0.0,0.0,0.0,0.14285714285714285,27.331,25.24489485,55.2915503
1.0,0.0,0.0,0.0,0.0,0.0,0.0,0.14285714285714285,9.388,25.24482835,55.2914267
0.4131,0.0,0.0,0.0,0.0,0.0,0.4476,0.12295714285714286,90.823,25.244953497716917,55.291038788606684
0.8302,0.1992,0.1902,0.145,0.156,0.1547,0.4104,0.29795714285714286,252.949,25.245624839250755,55.290889186162595
0.9505,0.0,0.0,0.0,0.0,0.0,0.5196,0.2100142857142857,107.632,25.244714175798975,55.2909331284668
1.0,0.198,0.0,0.0,0.0,0.0,0.9358,0.3048285714285714,16.291,25.25353675,55.3080014
1.0,0.1102,0.0,0.0,0.0,0.0,0.8054,0.2736571428571429,41.323,25.25354425,55.30778405
0.9879,0.3546,0.0,0.0,0.0,0.0,0.2895,0.23314285714285715,61.295,25.253460723813838,55.30774686874337
1.0,0.0,0.0,0.0,0.0,0.1022,1.0,0.3003142857142857,17.0,25.2536895,55.30763135
1.0,0.0,0.0,0.0,0.0,0.1287,1.0,0.30410000000000004,40.496,25.253682,55.3078487
1.0,0.2211,0.0,0.0,0.0,0.0,1.0,0.31729999999999997,19.415,25.253685862597617,55.30805958507298
1.0,0.0,0.0,0.0,0.0,0.4803,1.0,0.3543285714285714,43.918,25.25382458477779,55.30782285050929
1.0,0.0,0.0,0.0,0.0,0.0,1.0,0.2857142857142857,19.213,25.2538389,55.30808605
1.0,0.0,0.0,0.0,0.0,0.0,1.0,0.2857142857142857,3.601,25.2537671,55.30803015
1.0,0.0,0.0,0.0,0.0,0.0,1.0,0.2857142857142857,18.855,25.25388755,55.3082134
1.0,0.0,0.0,0.0,0.0,0.0,1.0,0.2857142857142857,4.063,25.25392395,55.3081068
1.0,0.0,0.0,0.0,0.0,0.0,1.0,0.2857142857142857,18.927,25.25385215,55.3080509
1.0,0.6167,0.0,0.0,0.0,0.0,1.0,0.3738142857142857,20.496,25.25397115335442,55.30799650149464
1.0,0.0,0.0,0.0,0.0,0.0,0.0,0.14285714285714285,26.961,25.253672861178217,55.30911963946567
1.0,0.3797,0.177,0.0,0.0,0.0,0.0752,0.2331285714285714,16.972,25.253739268495817,55.30902534302404
1.0,1.0,1.0,0.0,0.0,0.0,1.0,0.5714285714285714,5.379,25.25383465,55.30905725
1.0,0.2893,0.1336,0.0,0.0,0.0,0.0809,0.2148285714285714,25.336,25.25373302665468,55.309146450271015
1.0,0.0,0.0,0.0,0.0,0.0,0.0,0.14285714285714285,1.841,25.2536791,55.3092626
0.0,0.0,0.0,0.0,0.0,0.0,0.0,0.0,22.203,25.2548478,55.30928104999999
0.4271,0.0,0.0,0.0,0.0,0.0,0.6425,0.1528,54.514,25.2543498,55.30957805
0.2341,0.0,0.0,0.0,0.0,0.0,0.7292,0.13761428571428572,37.708,25.2546611,55.30927515
0.6986,0.1173,0.0,0.0,0.0,0.0423,0.7889,0.2353,101.09,25.254399828607358,55.30895731902524
0.7992,0.2784,0.0831,0.0,0.0,0.0,0.0331,0.1705428571428571,54.396,25.254006497632304,55.308933391610104
1.0,1.0,0.1901,0.0,0.0,0.0,1.0,0.4557285714285714,10.264,25.253845819986005,55.309011160182536
0.7445,0.0287,0.0,0.0,0.0,0.0617,1.0,0.26212857142857143,56.227,25.253934638528705,55.30871261410946
0.0,0.0,0.0,0.0,0.0,0.0,0.0,0.0,15.647,25.2548551,55.30917915
0.3389,0.0042,0.0,0.0,0.0,0.1929,0.8415,0.19678571428571429,100.88,25.254447139155733,55.308852324894616
0.0,0.0,0.0,0.0,0.0,0.0,0.0,0.0,9.129,25.254958058242767,55.30922597393246
1.0,0.0112,0.0,0.0,0.0,0.1118,0.5615,0.24064285714285713,34.593,25.242382,55.30331955
1.0,0.0,0.0,0.0,0.0,0.0,0.0,0.14285714285714285,14.554,25.24259354761627,55.30339020714574
1.0,0.0,0.0,0.0,0.0,0.0,0.0262,0.1466,25.379,25.242501186384906,55.30324772579167
1.0,1.0,0.0,0.0,0.0,0.0,0.503,0.3575714285714286,13.01,25.2421771,55.3032511
1.0,0.0102,0.0,0.0,0.0,0.4854,0.7611,0.3223857142857143,32.98,25.24237248362924,55.303216509531225
1.0,0.1698,0.0,0.0,0.0,0.0477,0.6531,0.2672285714285714,39.967,25.2417972,55.3031341
1.0,0.0,0.0,0.0,0.0,0.0,0.3949,0.19927142857142857,7.334,25.2415923,55.30307115
1.0,0.0,0.0,0.0,0.0,0.4636,1.0,0.35194285714285717,36.299,25.241778968406532,55.303030689994365
1.0,0.0486,0.0,0.0,0.0,0.391,0.5592,0.28554285714285715,123.479,25.239201617963754,55.303073198728434
1.0,0.3126,0.0,0.0,0.0,0.0,0.0,0.18751428571428572,15.936,25.238711810397252,55.3028861501967
1.0,1.0,0.0,0.0,0.0,0.0,0.4995,0.35707142857142854,15.011,25.23859970572448,55.302921167346376
1.0,0.1211,0.0,0.0,0.0,0.2484,0.9596,0.33272857142857143,32.853,25.238425604868016,55.30279211390059
1.0,0.0,0.0,0.0,0.0,0.0,1.0,0.2857142857142857,25.545,25.238698252168955,55.30264075862028
1.0,0.0,0.0,0.0,0.0,0.0,0.5992,0.22845714285714286,14.739,25.23868280608255,55.30275618067278
1.0,0.0,0.0,0.0,0.0,0.0,0.0,0.14285714285714285,1.448,25.23872995,55.3028095
1.0,0.0,0.0,0.0,0.0,0.4317,0.7845,0.31659999999999994,119.349,25.2392417660023,55.302994665137234
1.0,0.0,0.0,0.0,0.0,0.0,1.0,0.2857142857142857,15.306,25.23880585,55.3024779
1.0,0.0,0.0,0.0,0.0,0.0,0.4913,0.21304285714285714,26.513,25.238744628989746,55.302672797286405
1.0,0.0176,0.0313,0.0329,0.033,0.0324,1.0,0.3067428571428571,15.484,25.23926595,55.31188435
0.3377,0.1035,0.1035,0.1035,0.1097,0.1213,0.3193,0.1712142857142857,85.12,25.23910878493371,55.312291159139285
0.9778,0.8421,0.8174,0.2841,0.4177,0.447,1.0,0.6837285714285715,33.205,25.239232882155832,55.31175152747637
1.0,0.0,0.0,0.0,0.0,0.0,0.0,0.14285714285714285,20.415,25.23923336767338,55.313584198077066
0.9977,0.5125,0.3325,0.0,0.0,0.0,0.0,0.26324285714285717,195.122,25.240170432233544,55.313568420403655
1.0,0.4469,0.0,0.0,0.0,0.0,0.0,0.20670000000000002,23.716,25.23925051001277,55.313699128931965
0.3547,0.0,0.0,0.0,0.0,0.0,0.0,0.050671428571428576,46.598,25.24079445,55.3128977
0.4254,0.0,0.0,0.0,0.0,0.0,0.0,0.06077142857142857,18.225,25.2408574,55.31313155
1.0,0.0,0.0,0.0,0.0,0.0,0.0,0.14285714285714285,5.592,25.2408452,55.3119727
0.6078,0.0,0.0,0.0,0.0,0.0,0.0,0.08682857142857144,69.947,25.24084185,55.3123207
1.0,0.0,0.0,0.0,0.0,0.0,0.0,0.14285714285714285,14.123,25.24093295964455,55.31198598324586
1.0,0.0,0.0,0.0,0.0,0.0,0.0,0.14285714285714285,19.169,25.2324105,55.2908817
0.9599,0.2041,0.3192,0.0,0.0,0.0,0.2427,0.24655714285714284,188.275,25.2317104,55.29050265
1.0,0.0,0.0,0.0,0.0,0.0,0.0968,0.1566857142857143,29.743,25.232577528351772,55.29097769477468
1.0,0.5525,0.5857,0.4264,0.5492,0.7756,0.7756,0.6664285714285715,18.928,25.23395375,55.2917339
1.0,0.0,0.0,0.0,0.0,0.5876,0.6689,0.32235714285714284,17.335,25.233845926149503,55.29177695565486
1.0,0.0,0.0,0.0,0.0,0.0502,0.0435,0.15624285714285716,138.079,25.2344635342886,55.292137428516575
0.0,0.0,0.0,0.0,0.0,0.0,0.9244,0.13205714285714285,69.921,25.236767084050214,55.293387010045606
0.0,0.0,0.0,0.0,0.0,0.0,0.0,0.0,24.402,25.2357032,55.29282725
0.0,0.0,0.0,0.0,0.0,0.0,0.7613,0.10875714285714286,83.86,25.2361465,55.29304915
0.1967,0.0,0.0,0.0,0.0,0.0,0.0,0.028100000000000003,73.047,25.2353114,55.29261035
0.9435,0.643,0.4087,0.0469,0.4888,0.5264,0.6424,0.5285285714285713,75.368,25.2449199,55.2942312
1.0,1.0,1.0,0.8786,0.6273,0.6273,1.0,0.8761714285714286,30.409,25.25040275,55.30627815
1.0,1.0,1.0,0.0,0.0,0.0,1.0,0.5714285714285714,6.122,25.25056115,55.30632625
1.0,0.527,0.177,0.0,0.0,0.0,1.0,0.3862857142857143,23.696,25.2505613,55.30620415
1.0,0.0,0.0,0.0,0.0,0.0,1.0,0.2857142857142857,5.822,25.25061325,55.30609775
1.0,0.0,0.0,0.0,0.0,0.0,0.1699,0.16712857142857143,106.869,25.25030341429784,55.30581519238798
1.0,0.558,0.1363,0.0,0.0,0.0,1.0,0.3849,23.703,25.2506131,55.30621985000001
1.0,0.1802,0.0,0.0,0.0,0.1359,0.5328,0.26412857142857143,317.166,25.250614665919105,55.30556153027058
1.0,0.4779,0.2797,0.0,0.0,0.0,1.0,0.39394285714285715,26.925,25.25070445,55.30636975
1.0,1.0,0.9426,0.0,0.0,0.0,0.0,0.42037142857142856,19.649,25.2465187,55.3007333
1.0,0.6041,0.1275,0.0,0.0,0.0,0.5051,0.31952857142857144,97.664,25.24673094286101,55.30066197565649
1.0,0.6041,0.1275,0.0,0.0,0.0,0.5051,0.31952857142857144,97.664,25.246730942861014,55.30066197565649
1.0,0.3669,0.0,0.0,0.0,0.0,0.0,0.19527142857142857,48.569,25.24653942907072,55.30046879569369
1.0,0.0,0.0,0.0,0.0,0.0,0.75,0.25,50.059,25.2494508,55.304362
1.0,0.4642,0.0,0.0,0.0,0.0,0.8147,0.3255571428571429,86.177,25.24940938590607,55.304502205894394
1.0,0.0,0.0,0.0,0.0,0.0,1.0,0.2857142857142857,17.634,25.249688557472094,55.30435399182535
1.0,0.0,0.0,0.0,0.0,0.0,0.8348,0.2621142857142857,68.276,25.249431409755612,55.3041982595877
1.0,0.0,0.0,0.0,0.0,0.142,1.0,0.306,21.682,25.2497515,55.304172
1.0,0.0,0.0,0.0,0.0,0.3467,1.0,0.3352428571428572,9.173,25.24982885,55.30409575
1.0,0.0,0.0,0.0,0.0,0.7162,0.8108,0.36100000000000004,42.856,25.24962265,55.30397355
1.0,0.0,0.0,0.0,0.0,0.0861,1.0,0.29801428571428573,28.676,25.24890245,55.3037084
1.0,0.0562,0.0,0.0,0.0,0.0,1.0,0.29374285714285714,120.842,25.24876267810725,55.303898027956905
1.0,0.0562,0.0,0.0,0.0,0.0,1.0,0.29374285714285714,120.842,25.248762678107248,55.30389802795692
1.0,0.0,0.0,0.0,0.0,0.9022,1.0,0.4146,32.287,25.24909575,55.30366135
1.0,0.0,0.0,0.0,0.3539,1.0,1.0,0.4791285714285714,19.472,25.24901195,55.3035019
1.0,0.5257,0.0422,0.0,0.0,0.8396,0.9415,0.4784285714285715,106.413,25.248546065121744,55.30333557447878
1.0,0.3955,0.0,0.0,0.0,0.0,0.2184,0.23055714285714285,18.56,25.24837405,55.302233
1.0,1.0,0.9476,0.0,0.0,0.6704,0.9301,0.6497285714285714,138.8,25.24899995,55.3025979
1.0,0.8249,0.0,0.0,0.0,0.0,0.0144,0.26275714285714286,69.816,25.248291121263534,55.3025677113387
1.0,0.0,0.0,0.0,0.0,0.0,0.5429,0.2204142857142857,27.789,25.24803215,55.30287435
1.0,0.0,0.0,0.0,0.0,0.0,1.0,0.2857142857142857,65.858,25.248162974071047,55.302476538588785
1.0,0.638,0.3829,0.0,0.0,0.9731,1.0,0.5705714285714286,140.088,25.24774225,55.30186675
1.0,1.0,0.0828,0.0,0.0,0.1326,0.225,0.34862857142857145,19.744,25.24871865,55.30153485
1.0,0.2392,0.1933,0.0,0.0,0.0927,0.1468,0.23885714285714288,136.326,25.248570168160356,55.301825018301315
1.0,1.0,1.0,0.0,0.0,1.0,1.0,0.7142857142857143,10.385,25.2488384,55.3016049
1.0,0.279,0.3593,0.0,0.0,0.0,0.0,0.23404285714285714,23.454,25.2485473,55.3014337
1.0,0.473,0.0,0.0,0.0,0.0,0.1406,0.2305142857142857,82.092,25.24764625,55.3028024
1.0,0.0,0.0,0.0,0.0,0.5273,1.0,0.3610428571428571,55.752,25.24709995,55.30247865
1.0,0.3959,0.0,0.0,0.0,0.0,1.0,0.3422714285714286,8.071,25.24729665,55.30263945
1.0,0.5979,0.2183,0.0,0.0,0.0,1.0,0.40231428571428574,54.302,25.247056718487467,55.30271418178464
1.0,0.7848,0.1998,0.0,0.0,0.0,1.0,0.4263714285714286,22.159,25.246796861882743,55.302576333265755
1.0,0.0,0.0,0.0,0.0,0.5471,0.851,0.34258571428571427,37.63,25.24672985,55.30225935
1.0,0.0,0.0,0.0,0.0,0.4482,1.0,0.34974285714285713,14.308,25.2468513,55.3024119
1.0,0.0,0.0,0.0,0.0,0.0,0.0,0.14285714285714285,4.787,25.2503191,55.30535135
1.0,0.0,0.0,0.0,0.0,0.0,0.0,0.14285714285714285,19.097,25.2453643,55.29302795
1.0,0.0,0.0,0.0,0.0,0.3239,0.0091,0.19042857142857145,27.422,25.24532385,55.29280105
1.0,0.0,0.0,0.0,0.0,0.0,0.0,0.14285714285714285,56.73,25.24543025,55.2933978
1.0,0.0,0.0,0.0,0.0,0.0,0.1674,0.16677142857142857,17.369,25.24519735,55.29314805
1.0,0.0,0.0,0.0,0.0,0.0,0.0,0.14285714285714285,9.82,25.245246875920877,55.293201168413205
1.0,0.5334,0.0562,0.0,0.0,0.0,0.1636,0.2504571428571428,53.862,25.244658046894,55.29758080109518
1.0,0.2806,0.0,0.0,0.0,0.0,0.0,0.18294285714285713,14.524,25.24456093118993,55.297896231078305
1.0,0.0,0.0,0.0,0.0,0.0,1.0,0.2857142857142857,8.758,25.24762095,55.2923212
1.0,0.7288,0.8409,0.0,0.7247,0.7247,1.0,0.7170142857142857,6.066,25.24758955,55.2923862
0.573,0.5623,0.0,0.0,0.0,0.0,0.0,0.1621857142857143,43.81,25.2451549,55.29192555
0.0,0.0,0.0,0.0,0.0,0.0,0.0,0.0,55.464,25.24506515,55.2914421
1.0,0.3793,0.059,0.0,0.0,0.0,0.0,0.20547142857142855,20.587,25.24408045,55.3138069
1.0,0.9165,0.9666,0.0,0.0,0.0,0.0,0.4118714285714286,35.119,25.2443211962845,55.31373043808178
1.0,0.2444,0.024,0.0,0.0,0.0,0.0,0.1812,51.477,25.244038496744277,55.31360725789789
1.0,1.0,1.0,1.0,1.0,1.0,1.0,1.0,30.112,25.25104845,55.3048185
1.0,0.8764,0.8185,0.0465,0.6945,0.8428,1.0,0.7541,88.708,25.2513549,55.3044997
1.0,0.5993,0.2611,0.2761,0.2647,0.997,1.0,0.6283142857142856,33.746,25.25130155475368,55.30496844197555
1.0,1.0,0.8979,0.0,0.0,1.0,1.0,0.6997,31.793,25.25166835,55.30418415
1.0,1.0,0.8638,0.0,0.0,0.9721,1.0,0.6908428571428571,32.815,25.25141160402069,55.30403384313251
1.0,0.6745,0.0,0.0,0.2062,0.9249,0.904,0.5299428571428572,87.075,25.2519166,55.30340215
1.0,0.0,0.0,0.0,0.0,0.8459,1.0,0.40655714285714284,18.639,25.2522167,55.30369985
1.0,0.8441,0.0,0.0,0.0,0.3066,0.8467,0.42819999999999997,68.766,25.252528352859574,55.30377971312409
1.0,0.8832,0.0,0.0,0.0,0.0,1.0,0.4118857142857143,55.693,25.252191233426785,55.30398941541264
1.0,0.2593,0.0,0.0,0.0,0.0,1.0,0.32275714285714285,67.212,25.25203035097618,55.3039854029642
1.0,1.0,0.0,0.0,0.0,0.0,0.8459,0.40655714285714284,18.004,25.25204435,55.30430295
1.0,1.0,0.7673,0.0,0.0,0.0,0.0,0.3953285714285714,3.762,25.25202065,55.30439035
1.0,1.0,0.9634,0.0,0.0,0.009,0.1573,0.44709999999999994,26.547,25.2519002,55.30431985
1.0,1.0,0.0,0.0,0.0,0.0,1.0,0.42857142857142855,19.016,25.25073785,55.3025496
1.0,1.0,0.0,0.0,0.0,0.0,1.0,0.42857142857142855,6.715,25.2508386,55.3026125
1.0,1.0,0.0,0.0,0.0,0.0,0.8341,0.40487142857142855,46.15,25.25089968988726,55.302553028191035
1.0,1.0,0.5938,0.0,0.0,0.0,0.0,0.3705428571428571,83.836,25.25152007437463,55.307253067920016
1.0,0.6199,0.3628,0.0,0.1281,0.172,0.8129,0.4422428571428571,107.642,25.25181408963466,55.306463885634116
1.0,0.8677,0.8154,0.3662,0.7151,0.8752,0.9279,0.7953571428571429,80.59,25.252031249166926,55.307099991076676
1.0,0.0202,0.0,0.0,0.0,0.9572,1.0,0.4253428571428572,19.397,25.25230775,55.30737565
1.0,0.4927,0.2122,0.0,0.0,0.2542,0.3553,0.33062857142857144,145.509,25.252664297917942,55.30665672063805
1.0,1.0,0.9887,0.0,0.0,0.0,0.3392,0.47541428571428573,68.989,25.25322135,55.30553485
1.0,1.0,0.7232,0.0,0.0,0.0,0.0,0.3890285714285714,14.216,25.2530407,55.3058971
1.0,0.6925,0.4953,0.3562,0.7211,0.8594,0.9327,0.7224571428571427,83.061,25.2534007,55.3060321
0.8293,0.0,0.0,0.0,0.0,0.0,1.0,0.2613285714285714,115.15,25.253475512233944,55.30672782952146
1.0,1.0,1.0,0.0,0.0,0.0,1.0,0.5714285714285714,6.434,25.25453195,55.29595985
1.0,1.0,1.0,0.0,0.0,0.1346,0.0416,0.4537428571428571,32.628,25.25444375,55.2961278
1.0,0.0,0.0,0.0,0.0,0.0,0.8893,0.2699,24.624,25.2503999,55.2940242
1.0,0.0,0.0,0.0,0.0,0.0,0.7015,0.24307142857142858,14.192,25.2503351,55.29390165
1.0,0.7979,0.0,0.0,0.0,0.0,0.8252,0.3747285714285714,36.744,25.25031565964635,55.294102986623784
1.0,0.0,0.0,0.0,0.0,0.0,1.0,0.2857142857142857,13.909,25.25052715,55.2940253
1.0,0.272,0.0,0.0,0.0,0.0,1.0,0.3245714285714286,14.797,25.2504627,55.29414895
1.0,0.0,0.0,0.0,0.0,0.0,0.9818,0.2831142857142857,24.801,25.25046235,55.29390275
1.0,0.0,0.0,0.0,0.0,0.6299,0.9565,0.3694857142857143,46.641,25.250505669683147,55.29382539599084
1.0,0.0,0.0,0.0,0.0,0.7102,1.0,0.38717142857142856,29.428,25.2502467,55.2951444
1.0,0.7916,0.7782,0.0,0.0,0.0,0.6164,0.45517142857142856,97.145,25.25034908308409,55.294672203852
1.0,0.8893,0.8511,0.0,0.0776,0.4891,1.0,0.6153000000000001,79.981,25.25138665166858,55.29539135089582
1.0,0.5073,0.0,0.0,0.0,0.0,0.9161,0.3462,107.013,25.2507827,55.29547445
1.0,0.3945,0.0,0.0,0.0,0.7606,1.0,0.4507285714285714,24.724,25.25129985,55.29579385
1.0,1.0,0.0,0.0,0.0,0.99,1.0,0.5700000000000001,12.462,25.25144535,55.29588495
1.0,0.9317,0.0,0.0,0.0,0.0,1.0,0.41881428571428575,9.689,25.2515166,55.29587425
1.0,1.0,1.0,0.0,0.0,1.0,1.0,0.7142857142857143,1.961,25.25181555,55.29532575000001
1.0,1.0,0.6035,0.0,0.0,0.0,0.7125,0.4737142857142857,22.052,25.2537362,55.2954051
1.0,1.0,0.84,0.0,0.0,0.0,0.4229,0.4661285714285714,68.729,25.2540927,55.29562495
1.0,0.8841,0.8291,0.0,0.0,0.623,0.4968,0.5475714285714285,85.868,25.25363735,55.29583295
1.0,0.0,0.0,0.0,0.2238,0.8811,1.0,0.4435571428571428,64.012,25.2537024,55.29636415
1.0,0.0,0.0,0.0,0.0,1.0,1.0,0.42857142857142855,8.145,25.25341975,55.296188
0.8286,0.1918,0.2001,0.0454,0.0458,0.0459,0.0549,0.2017857142857143,112.838,25.24560395,55.29210685
1.0,0.2067,0.165,0.0891,0.4598,0.5506,0.5601,0.4330428571428571,117.66,25.24635191135201,55.29243729539488
1.0,1.0,0.6584,0.0,0.0,0.0,0.0,0.37977142857142854,80.986,25.2481358,55.29734675
1.0,0.828,0.3338,0.0,0.0,0.0,0.0,0.3088285714285714,68.64,25.2478317,55.2980103
1.0,0.9457,0.7903,0.0,0.021,0.7732,0.9226,0.6361142857142857,89.224,25.248330100837315,55.29790423973061
1.0,0.51,0.0,0.0,0.0,0.0,0.6668,0.31097142857142857,63.454,25.248565395885613,55.298383648396666
1.0,0.0,0.0,0.0,0.0483,0.3888,0.0995,0.21951428571428572,18.225,25.24788223406649,55.29713716649615
1.0,0.0,0.0,0.0,0.0,0.7694,0.7582,0.3610857142857143,39.905,25.247484541941034,55.297052463375444
1.0,0.0,0.0,0.0,0.2657,1.0,1.0,0.4665285714285714,18.223,25.247722428929013,55.29716180185414
1.0,1.0,0.0,0.0,0.0,0.0,0.0,0.2857142857142857,8.416,25.245069228345418,55.29885403427091
1.0,0.8195,0.0,0.0,0.0,0.7512,0.8994,0.4957285714285714,121.278,25.24528915,55.2995027
1.0,0.7719,0.0,0.0,0.7329,0.9133,0.8744,0.6132142857142856,44.649,25.24493860883782,55.29906622721151
1.0,0.0,0.0,0.0,0.0,0.0,0.0,0.14285714285714285,33.266,25.2459738,55.2993903
1.0,0.0,0.0,0.0,0.0,0.0,0.0,0.14285714285714285,29.855,25.24591739428118,55.299626983146744
1.0,0.0,0.0,0.0,0.0,0.0,0.0,0.14285714285714285,28.911,25.24582159717521,55.29956603125954
1.0,0.3313,0.0,0.0,0.0,0.0,0.0,0.19018571428571426,15.116,25.245804,55.2997215
1.0,0.0,0.0,0.0,0.0,0.4533,0.6262,0.29707142857142854,145.282,25.24036435,55.3034335
1.0,0.0,0.0,0.0,0.0,0.0,0.0,0.14285714285714285,8.56,25.2410041,55.3035797
1.0,0.6375,0.0,0.0,0.0,0.0,0.0,0.23392857142857143,9.862,25.24098495,55.3036688
1.0,0.0,0.0,0.0,0.0,0.0,0.961,0.28014285714285714,41.967,25.241176567220776,55.303678746008494
1.0,0.0,0.0,0.0,0.0,0.5016,0.7822,0.3262571428571429,37.858,25.24084875,55.30348885
1.0,0.0,0.0,0.0,0.0,0.9157,0.9355,0.4073142857142857,99.478,25.2414435,55.3036726
1.0,0.0,0.0,0.0,0.0,0.0,0.3498,0.19282857142857143,8.662,25.24102235,55.3034965
1.0,1.0,0.8737,0.0,0.0,0.0,0.705,0.5112428571428571,30.045,25.24193685,55.3033305
1.0,0.4511,0.0,0.0,0.0,0.8636,1.0,0.47352857142857147,77.729,25.24162215,55.2983161
1.0,0.8253,0.6468,0.0,0.0,0.0,0.9693,0.49162857142857147,72.611,25.24178175,55.29881804999999
1.0,0.9207,0.0,0.0,0.0,0.9267,1.0,0.5496285714285715,37.177,25.24148385,55.29905455
1.0,0.4393,0.7758,0.0,0.0,0.0,1.0,0.4593,5.787,25.2416185,55.29916335
1.0,0.0,0.0,0.0,0.0,0.0,0.0,0.14285714285714285,8.797,25.2426845,55.29893785
1.0,0.7422,0.0,0.0,0.567,1.0,1.0,0.6155999999999999,4.918,25.2431483,55.29849635
1.0,0.0,0.0,0.0,0.0,0.0674,0.2861,0.19335714285714284,11.895,25.24308225,55.29845595
1.0,1.0,0.0,0.0,0.0,0.8889,1.0,0.5555571428571429,3.402,25.24318205,55.29851415
1.0,0.0,0.0,0.0,0.0,0.0,1.0,0.2857142857142857,16.695,25.2429389,55.2983683
1.0,0.0,0.0,0.0,0.0,0.7505,1.0,0.3929285714285714,24.163,25.242872216571,55.29823640187993
0.8232,0.0,0.0,0.0,0.0,0.0778,0.9588,0.26568571428571425,43.515,25.24278329289663,55.298320682465636
1.0,0.2128,0.0,0.0,0.0,0.0,1.0,0.31611428571428574,49.859,25.239334996650697,55.30517808552039
1.0,0.5944,0.0,0.0,0.0,0.0,0.8848,0.3541714285714286,39.499,25.23950684400411,55.30539348740035
1.0,1.0,0.0,0.0,0.0,0.2626,1.0,0.46608571428571427,37.74,25.239597493339332,55.3050246065199
1.0,0.6292,0.4817,0.0,0.0,0.472,0.4904,0.4390428571428572,166.188,25.238925,55.304618
1.0,0.0,0.0,0.0,0.0,0.7238,1.0,0.3891142857142857,42.863,25.23813125,55.30260285
1.0,0.0,0.0,0.0,0.0,0.2498,1.0,0.3214,11.103,25.23827605,55.30276145
1.0,0.0,0.0,0.0,0.0,1.0,1.0,0.42857142857142855,12.445,25.238332079885453,55.30268740504522
1.0,0.0,0.0,0.0,0.0,1.0,0.5141,0.35915714285714284,10.449,25.23838785,55.30261255
1.0,0.6785,0.2207,0.0,0.3051,0.252,0.3846,0.40584285714285706,67.232,25.2398457,55.30283295
1.0,0.0,0.0,0.0,0.0,0.6586,0.827,0.3550857142857143,106.805,25.240222,55.30329635
1.0,0.0,0.0,0.0,0.0,1.0,0.0,0.2857142857142857,9.752,25.2397465,55.3031996
1.0,0.0,0.0,0.0,0.0,0.2151,0.0,0.1735857142857143,8.396,25.23972335,55.3032861
1.0,0.8331,0.0,0.0,0.0,0.0,0.9242,0.3939,57.135,25.2416047,55.3038154
1.0,0.0,0.0,0.0,0.0,0.1485,1.0,0.3069285714285715,9.14,25.24186275,55.3038506
1.0,0.7839,0.5923,0.0,0.0,0.0,0.7758,0.4502857142857143,84.282,25.241563310742215,55.30394331719264
1.0,0.5622,0.5622,0.0732,0.1277,0.3806,0.6179,0.47482857142857143,38.23,25.241871005142084,55.30365097540218
1.0,0.8671,0.0,0.3407,0.3162,0.0,0.7083,0.4617571428571428,74.099,25.2358924,55.30650135
1.0,0.9363,0.8991,0.0,0.0,0.9362,1.0,0.6816571428571427,59.148,25.2361487,55.306794
1.0,0.0,0.0,0.0,0.0,0.0,0.0,0.14285714285714285,13.294,25.23513555,55.307245
1.0,0.0,0.0,0.0,0.0,0.0,0.0,0.14285714285714285,86.731,25.23517440837911,55.3067638055145
1.0,0.0,0.0,0.0,0.9767,1.0,1.0,0.5681,4.287,25.23781255,55.3028463
1.0,0.0,0.0,0.0,0.4253,0.524,0.5781,0.36105714285714285,9.754,25.23777785,55.30280845
1.0,0.0,0.0,0.0,1.0,1.0,1.0,0.5714285714285714,8.039,25.23785235,55.3028407
1.0,0.0,0.0,0.0,0.0,0.4193,1.0,0.3456142857142857,40.602,25.23774845,55.3030579
1.0,0.0,0.0,0.0,0.0,0.0,0.4637,0.2091,9.046,25.2376516,55.30323615
1.0,0.0,0.0,0.0,0.0,0.0,0.8857,0.2693857142857143,10.649,25.2377363,55.30326475
1.0,0.0,0.0,0.0,0.0,0.0,0.0,0.14285714285714285,5.002,25.2377302,55.3028145
1.0,0.0,0.0,0.0,0.0,0.0,0.5646,0.22351428571428572,9.571,25.2376965,55.3027747
1.0,0.0,0.0,0.0,0.0,0.0,0.0,0.14285714285714285,40.614,25.23766805,55.3030306
1.0,0.3531,0.0,0.0,0.0,0.0,0.3062,0.23704285714285714,49.572,25.237577987857016,55.30303534521222
1.0,0.0,0.0,0.0,0.0,0.0,1.0,0.2857142857142857,5.449,25.23764725,55.3027839
1.0,0.0,0.0,0.0,0.0,0.0,1.0,0.2857142857142857,0.765,25.23765275,55.30275735
1.0,0.0,0.0,0.0,1.0,1.0,1.0,0.5714285714285714,3.696,25.2378817,55.30287305
1.0,0.0,0.0,0.0,1.0,0.8668,1.0,0.5524,2.209,25.2378951,55.3028597
1.0,0.7382,0.0,0.0,0.0,0.0,1.0,0.39117142857142856,5.996,25.2378079,55.30328885
1.0,0.0,0.0,0.0,0.0049,0.4281,1.0,0.34757142857142853,40.574,25.23782975,55.3030855
1.0,0.0,0.0,0.0,0.0,0.0,1.0,0.2857142857142857,2.451,25.23763945,55.3027511
1.0,0.0,0.0,0.0,0.0,0.0,1.0,0.2857142857142857,12.142,25.23760215626954,55.30279840347146
1.0,0.4849,0.0,0.0,1.0,0.9186,1.0,0.6290714285714286,7.972,25.23797655,55.3029246
1.0,0.0,0.0,0.0,0.9486,1.0,1.0,0.5640857142857143,4.246,25.23792405,55.3029067
1.0,0.0,0.0,0.0,1.0,1.0,1.0,0.5714285714285714,6.848,25.23792769884009,55.30288490117861
1.0,0.0763,0.0,0.0,0.0127,0.4381,1.0,0.3610142857142857,40.74,25.23789436384925,55.3031062905705
1.0,0.0,0.0,0.0,0.0,0.0,1.0,0.2857142857142857,3.594,25.23669355,55.31182435
1.0,0.0,0.0,0.0,0.0,0.0,1.0,0.2857142857142857,4.261,25.23669525,55.31178535
1.0,0.0,0.0,0.0,0.0,0.0,0.284,0.18342857142857144,18.955,25.23660905,55.3118023
1.0,0.5352,0.4465,0.0,0.0298,0.4636,1.0,0.49644285714285713,22.719,25.236796352772675,55.31180972630224
1.0,0.6248,0.0,0.0,0.0,0.0,1.0,0.37497142857142857,12.501,25.2353021,55.3087275
1.0,0.0,0.0,0.0,0.0,0.0,1.0,0.2857142857142857,29.702,25.23586765,55.30888855
1.0,0.6709,0.0,0.0,0.0,0.0,1.0,0.3815571428571429,46.128,25.23588005,55.30851185
1.0,0.0,0.0,0.0,0.0,0.0,1.0,0.2857142857142857,8.275,25.2358353,55.30874
1.0,1.0,0.7747,0.0,0.7228,0.6791,0.4779,0.6649285714285715,46.915,25.24897845,55.30142315000001
1.0,1.0,1.0,0.0,0.0,0.0,0.8455,0.5493571428571429,44.054,25.249252,55.30132035
1.0,1.0,1.0,0.0,0.0,0.0,0.0,0.42857142857142855,16.438,25.2490121,55.3011786
1.0,0.0,0.0,0.0,0.0,0.0,0.0,0.14285714285714285,11.995,25.24801915,55.30302335
1.0,0.0,0.0,0.0,0.6579,0.8868,0.868,0.4875285714285714,78.437,25.24901825,55.3102143
1.0,0.0,0.0,0.0,0.0,0.0,0.5579,0.22255714285714287,5.203,25.24938085,55.3103247
1.0,0.8328,0.0,0.0,0.0,0.0,0.0,0.2618285714285714,110.916,25.2494887,55.30978555
1.0,0.9252,0.9347,0.0,0.0,0.0,0.8721,0.5331428571428571,107.741,25.25008125,55.309414
1.0,0.0,0.0,0.0,0.0,0.0,0.0,0.14285714285714285,16.918,25.24660395,55.3103262
1.0,0.0,0.0,0.0,0.0,0.3067,0.5596,0.2666142857142857,19.939,25.2441049,55.31080735
1.0,0.0,0.0,0.0,0.0,0.8367,0.9596,0.3994714285714286,109.682,25.24369935,55.31037035
1.0,0.1772,0.0,0.0,0.0,0.7933,0.9067,0.4110285714285714,94.959,25.242371475951575,55.30920446031934
1.0,0.0,0.0,0.0,0.0,0.7609,0.794,0.3649857142857143,86.76,25.2430094,55.30976055
1.0,0.5294,0.0,0.0,0.0,0.0,0.0,0.21848571428571426,9.975,25.24292285,55.3054955
1.0,0.0,0.0,0.0,0.0,0.0,0.0,0.14285714285714285,18.463,25.2429621,55.30536095
1.0,0.0,0.0,0.0,0.0,0.0,0.0,0.14285714285714285,31.664,25.242803944284617,55.30539128557995
1.0,0.5153,0.0,0.0,0.0,0.0,0.0,0.21647142857142856,22.707,25.2425942,55.3053424
1.0,0.0,0.0,0.0,0.0,0.0,0.5744,0.2249142857142857,24.068,25.2426861033756,55.30519314477887
1.0,0.1811,0.1811,0.1811,0.3385,0.6487,1.0,0.5043571428571428,22.032,25.2426812,55.30499425
1.0,0.0,0.0,0.0,0.0,0.0,0.8609,0.26584285714285716,35.308,25.24288059582055,55.30507792873822
1.0,0.0,0.0,0.0,0.0,0.0,0.0,0.14285714285714285,17.205,25.24301135,55.3051922
1.0,0.0,0.0,0.0,0.0,0.0,0.0,0.14285714285714285,7.798,25.24304585,55.3050739
1.0,0.3302,0.2866,0.0017,0.271,0.271,0.2643,0.3464,31.805,25.24319515,55.3050762
1.0,0.0,0.0,0.0,0.0,0.0,0.1305,0.1615,10.707,25.2430714,55.30498635
1.0,1.0,1.0,0.8325,1.0,1.0,1.0,0.9760714285714285,9.456,25.2433741,55.30513005000001
1.0,0.4074,0.4074,0.0,0.4647,0.5504,0.8195,0.5213428571428572,18.717,25.2433918,55.3052343
1.0,0.5046,0.4437,0.3915,0.4057,0.4057,1.0,0.5930285714285713,35.948,25.24345805,55.3049726
1.0,0.396,0.3568,0.2832,0.3427,0.3427,0.8468,0.5097428571428572,35.808,25.24323320577201,55.30500204506562
1.0,0.8968,0.8968,0.8989,0.9161,0.9203,1.0,0.9327,52.016,25.242860222501537,55.304884523368074
1.0,0.6796,0.5119,0.4881,0.502,0.5659,0.7286,0.6394428571428571,29.918,25.2425699,55.3047672
1.0,0.5697,0.3936,0.2437,0.3241,0.4197,0.5257,0.49664285714285716,57.492,25.24249913876101,55.30512089969131
1.0,0.0,0.0,0.0,0.8471,0.9001,0.876,0.5176,28.792,25.24571045,55.3068145
1.0,0.4979,0.0,0.0,0.8116,0.8474,0.8893,0.5780285714285714,25.081,25.24594275,55.30689045
1.0,0.8102,0.7334,0.0,0.0,0.0,0.0,0.36337142857142857,51.396,25.2458985,55.30660955
1.0,1.0,0.6694,0.2004,0.2317,0.2317,0.2281,0.5087571428571429,20.405,25.24241165,55.3054145
1.0,1.0,0.9909,0.9242,0.9242,0.9226,0.9242,0.9551571428571428,51.016,25.242673616314377,55.30552925857181
1.0,1.0,1.0,0.3489,0.924,0.9872,1.0,0.8943,22.333,25.24285195,55.3057399
1.0,1.0,0.0537,0.0623,0.0922,0.0,0.0623,0.3243571428571429,9.66,25.24289575,55.3055884
1.0,1.0,0.9542,0.9249,0.9274,0.9203,0.9249,0.9502428571428572,41.388,25.24306191456372,55.3056751614228
1.0,1.0,0.9221,0.845,0.8418,0.8418,0.8418,0.8989285714285715,36.649,25.2430674,55.30559335
1.0,1.0,1.0,1.0,1.0,1.0,1.0,1.0,6.68,25.2432546,55.30565305
1.0,0.4872,0.4872,0.4868,0.5658,0.6886,1.0,0.6736571428571428,32.049,25.2432444,55.30581545
1.0,0.1061,0.0942,0.1693,0.1167,0.0728,0.1061,0.2378857142857143,18.685,25.24330615,55.30557265
1.0,0.0,0.0,0.0,0.0,0.0,0.0291,0.1470142857142857,5.807,25.24296235,55.30526625
1.0,0.4513,0.0,0.0,0.0,0.0,0.0,0.20732857142857145,42.22,25.24316995,55.305332
1.0,0.0,0.0,0.0,0.0,0.0,0.0,0.14285714285714285,9.692,25.24334055,55.3054368
1.0,0.0,0.0,0.0,0.0,0.0,0.0,0.14285714285714285,6.944,25.2433607,55.30535715
1.0,0.0,0.0,0.0,0.0,0.0,0.4633,0.20904285714285714,59.467,25.243617360155763,55.30515353973638
1.0,0.0,0.0,0.0,0.0,0.0,0.0,0.14285714285714285,6.26,25.2433949,55.30533635
1.0,0.0,0.0,0.0,0.0,0.0,0.0,0.14285714285714285,9.902,25.243444892186826,55.30538832635326
1.0,0.0,0.0,0.0,0.0,0.0,0.0,0.14285714285714285,7.29,25.24336155,55.3054847
1.0,0.0,0.0,0.0,0.0,0.0,0.0,0.14285714285714285,8.619,25.243427217828845,55.30546419486322
1.0,0.3306,0.3639,0.0,0.0,0.3154,0.9586,0.4240714285714286,44.436,25.2430134,55.30590725
1.0,0.4041,0.4019,0.1721,0.4178,0.4364,0.5234,0.4793857142857143,29.909,25.2435824,55.30546965
1.0,1.0,0.7972,0.0304,0.243,0.5328,0.9266,0.6471428571428571,64.097,25.2425447,55.3057569
1.0,1.0,0.7106,0.0,0.0,0.0,0.0,0.3872285714285714,81.069,25.2511391,55.30007465
1.0,1.0,0.9916,0.0,0.0,0.0,0.5536,0.5064571428571428,76.273,25.2507893,55.3007546
1.0,0.2047,0.0,0.0,0.0,0.0,0.0,0.17209999999999998,5.655,25.2353769,55.2903231
0.8273,0.5996,0.6001,0.4575,0.4575,0.5703,0.5747,0.5838571428571429,24.821,25.235497248603938,55.29039494972521
0.2125,0.0,0.0,0.0,0.0,0.0,0.0,0.030357142857142857,12.823,25.23526315124479,55.29018439257178
0.3523,0.0,0.0,0.0,0.0,0.0,0.0,0.05032857142857143,15.495,25.235293660620584,55.290272460972744
1.0,0.5863,0.0,0.0,0.0,0.0,0.7842,0.33864285714285713,199.657,25.233644260249974,55.296238800797965
1.0,1.0,0.0,0.0,0.0,0.0,0.3812,0.3401714285714285,18.165,25.23412035,55.29539875
1.0,0.3166,0.0,0.0,0.0,0.0,0.0,0.18808571428571427,17.013,25.23403883284712,55.29527207265659
1.0,0.7447,0.7094,0.0,0.7273,0.7923,1.0,0.7105285714285714,87.852,25.2415047,55.29775315
1.0,0.5324,0.1502,0.0,0.0562,0.6674,0.8955,0.47167142857142863,229.136,25.2398541,55.29841805
1.0,0.4889,0.3409,0.0,0.0,0.8134,0.0,0.37760000000000005,19.529,25.2404159,55.29734925
1.0,0.2923,0.0,0.0,0.8019,0.9904,0.841,0.5608000000000001,41.364,25.24053585,55.2975301
1.0,0.1055,0.6284,0.8952,0.0,0.2162,0.6387,0.4977142857142857,69.203,25.24048185,55.296468
1.0,0.9463,0.0865,0.1237,0.0,0.0,0.0,0.30807142857142855,53.665,25.24066439381326,55.29622367276466
1.0,0.9471,1.0,0.2627,0.0,0.0,0.0,0.45854285714285714,48.422,25.240223078669082,55.296126602917184
0.8929,0.7776,0.7038,0.0,0.7081,0.7586,0.8973,0.6769,84.556,25.23385485,55.31298155
0.0,0.0,0.0,0.0,0.0,0.0,0.0,0.0,5.416,25.23423585,55.312996
0.9112,0.0,0.0,0.0,0.0,0.0,0.0,0.13017142857142858,52.617,25.234228710832042,55.31270948759454
1.0,0.0,0.0,0.0,0.0,0.0,0.0,0.14285714285714285,15.632,25.2343408,55.3122091
1.0,0.0,0.0,0.0,0.0,0.0,0.0,0.14285714285714285,57.768,25.2342892,55.31186645
1.0,0.0,0.0,0.0,0.0,0.0,0.0,0.14285714285714285,64.335,25.234226209259578,55.311862367002945
1.0,0.1106,0.1309,0.0,0.0,0.0,0.1217,0.19474285714285713,50.385,25.234245138049474,55.31135606632289
0.0,0.0,0.0,0.0,0.0,0.0,0.0,0.0,5.527,25.23429065,55.31393285
0.5514,0.0,0.0,0.0,0.0,0.0539,0.0,0.08647142857142856,10.87,25.23425365952575,55.31395510504221
0.0,0.0,0.0,0.0,0.0,0.0,0.0,0.0,7.226,25.2342721,55.31387355
0.7818,0.7069,0.0312,0.0,0.7955,0.8469,0.7696,0.5617,47.306,25.234066864460903,55.313906511774164
0.0,0.0,0.0,0.3374,0.0,0.0,0.0,0.0482,82.088,25.2342511,55.31343065
0.8584,0.7733,0.0,0.0,0.6835,0.7568,0.9136,0.5693714285714285,82.069,25.23390222021411,55.31381518016795
1.0,0.0,0.0,0.0,0.0,0.0,0.0,0.14285714285714285,16.09,25.23438795,55.31234455
1.0,0.0,0.0,0.0,0.0,0.0,0.0,0.14285714285714285,14.534,25.234322111518598,55.31244066333907
1.0,0.0,0.0,0.0,0.0,0.0,0.0,0.14285714285714285,18.074,25.2361331,55.29138495
1.0,0.0,0.0,0.0,0.0,0.0,0.0,0.14285714285714285,17.808,25.23605315,55.29153985
0.9018,0.0,0.0,0.0,0.0,0.0,0.0,0.12882857142857143,82.667,25.23576235,55.29127145
0.0,0.0,0.0,0.0,0.0,0.0,0.0,0.0,18.539,25.23547425,55.29100055
0.9442,0.0,0.0,0.0,0.0,0.0,0.0,0.1348857142857143,83.008,25.235845,55.29111405
1.0,0.0,0.0,0.0,0.0,0.0,0.0,0.14285714285714285,44.39,25.2330794,55.2905326
1.0,0.0,0.0,0.0,0.0,0.0,0.6416,0.2345142857142857,30.527,25.232909697403233,55.29085437225162
1.0,0.0,0.0,0.0,0.0,0.0,0.7793,0.2541857142857143,8.068,25.232940791106905,55.290708425322265
0.6681,1.0,1.0,0.0,0.0,0.0,0.0,0.38115714285714286,13.9,25.231036913035602,55.29001798494459
1.0,0.0,0.0,0.0,0.0,0.0,0.0991,0.15701428571428572,44.489,25.232559997431963,55.290850324722456
1.0,0.1494,0.2885,0.0,0.0,0.0,0.2774,0.24504285714285715,166.354,25.231717334783937,55.29043566952585
1.0,0.1045,0.2536,0.0,0.0,0.2307,0.3125,0.2716142857142857,165.704,25.231767637205266,55.290360711733456
1.0,0.0,0.0,0.0,0.0,0.0,0.9696,0.28137142857142855,37.415,25.232824425954668,55.29083911300873
1.0,0.0,0.0,0.0,0.0,0.0,0.5335,0.21907142857142858,44.93,25.233016305260755,55.290492302805376
1.0,1.0,1.0,0.7955,0.7923,0.7923,1.0,0.9114428571428571,19.343,25.234935723423018,55.31359613533405
1.0,1.0,1.0,0.0,0.0,0.0,1.0,0.5714285714285714,6.873,25.23485299842732,55.31354415244731
1.0,0.897,0.355,0.0327,0.0,0.456,1.0,0.5343857142857142,58.83,25.234798689186086,55.313825884837875
1.0,1.0,1.0,0.2753,0.2575,1.0,1.0,0.7904,18.28,25.23508135000001,55.31331375
1.0,1.0,1.0,1.0,1.0,1.0,1.0,1.0,14.038,25.23522501356076,55.313292310802616
1.0,1.0,1.0,1.0,1.0,1.0,1.0,1.0,14.375,25.23514885251301,55.31337565863377
1.0,0.0,0.0,0.0,0.0,0.0,0.6773,0.23961428571428572,23.751,25.23447025,55.31315615
1.0,0.0,0.0,0.0,0.0,0.0,1.0,0.2857142857142857,20.729,25.234552865623087,55.31322602630904
1.0,0.0,0.0,0.0,0.0,0.0,1.0,0.2857142857142857,9.324,25.23464115,55.31314785
0.4636,0.0,0.0,0.0,0.0,0.0387,1.0,0.2146142857142857,144.313,25.234567399986556,55.31381779948725
1.0,0.2379,0.2143,0.0,0.0,0.4331,1.0,0.41218571428571427,17.617,25.23472040872507,55.3131931205131
1.0,1.0,1.0,1.0,1.0,1.0,1.0,1.0,17.714,25.2352799,55.31335295
1.0,1.0,1.0,1.0,1.0,1.0,1.0,1.0,9.438,25.23529689376227,55.31322220284677
1.0,0.0,0.0,0.0,0.0,0.0,0.0,0.14285714285714285,41.21,25.23446765,55.31283325
1.0,0.0,0.0,0.0,0.0,0.0,0.8839,0.26912857142857144,20.413,25.234552090880847,55.3130769509009
1.0,0.0,0.0,0.0,0.0,0.0,0.0,0.14285714285714285,53.765,25.234523940810554,55.31237736484644
1.0,1.0,0.056,0.0005,0.5551,0.5908,0.7362,0.5626571428571429,9.761,25.23476005,55.31211145000001
1.0,1.0,0.0,0.0,0.0,0.0,0.4053,0.3436142857142857,13.801,25.23471705,55.3121821
1.0,0.3488,0.0,0.0,0.0,0.0,0.0,0.1926857142857143,16.813,25.234640581361692,55.31211620783889
1.0,1.0,0.5343,0.0,0.3234,0.607,1.0,0.6378142857142857,14.745,25.2347841,55.31225475
1.0,0.2152,0.0,0.0,0.0327,0.1337,1.0,0.3402285714285714,72.087,25.23473041399143,55.312602783587465
1.0,0.7299,0.7848,0.6988,0.9351,0.8405,0.7923,0.8259142857142858,34.237,25.23535955,55.3122887
1.0,0.0,0.0,0.0,0.0,0.0,0.0,0.14285714285714285,19.672,25.23553847604534,55.3122058200381
1.0,1.0,1.0,0.2186,1.0,1.0,1.0,0.8883714285714286,7.889,25.2352068,55.3122408
1.0,1.0,1.0,0.0,1.0,1.0,1.0,0.8571428571428571,39.587,25.23502805,55.3122694
1.0,0.8508,0.7616,0.0,0.0,0.0,0.0,0.37320000000000003,100.001,25.2351521,55.31170235
1.0,1.0,1.0,0.0,0.7738,0.6198,0.4922,0.6979714285714287,26.595,25.2354009,55.31290425
1.0,0.5208,0.0301,0.0,1.0,1.0,1.0,0.6501285714285715,54.686,25.23506677489309,55.31291936861666
1.0,1.0,1.0,0.1831,0.5318,1.0,1.0,0.8164142857142858,14.165,25.235302575348452,55.31303575168089
1.0,1.0,1.0,1.0,1.0,1.0,1.0,1.0,7.132,25.23530255,55.31314135
1.0,0.7197,0.2236,0.0332,0.0261,1.0,1.0,0.5717999999999999,56.047,25.235080001032685,55.313038826364185
0.0,0.0,0.0,0.0,1.0,0.446,0.2305,0.2395,7.946,25.2314207,55.29177025
0.0,0.0,0.0,0.0,1.0,0.5947,0.0982,0.24184285714285716,15.472,25.23140355,55.29185455
0.9538,0.0,0.0,0.0,0.7706,1.0,1.0,0.5320571428571429,97.617,25.23096498988808,55.291901633870246
0.0,0.0,0.0,0.0,0.8365,0.0,0.0,0.11950000000000001,18.857,25.23150115,55.29200355
0.0,0.0,0.0,0.0,1.0,0.0,0.0,0.14285714285714285,15.555,25.23146955,55.2918361
0.0,0.0,0.0,0.0,1.0,0.0,0.0,0.14285714285714285,7.194,25.2314524,55.2919204
1.0,0.0,0.0,0.0,0.8428,1.0,1.0,0.5489714285714286,39.844,25.2308603,55.292078
1.0,0.0,0.0,0.0,0.0,1.0,1.0,0.42857142857142855,17.0,25.2307051,55.29220615
0.9914,0.0334,0.0,0.0,0.6511,0.6787,0.6952,0.43568571428571434,123.51,25.230890999217404,55.291550240879594
1.0,1.0,0.9645,0.3195,0.0,0.0,0.0,0.4691428571428572,48.721,25.23085111653612,55.291127454394235
1.0,1.0,0.8521,0.1305,0.0,0.0,0.0,0.4260857142857143,57.521,25.230826416428965,55.29107645146785
1.0,0.0,0.0,0.0,0.0,0.0,0.0,0.14285714285714285,63.457,25.238764,55.2929619
1.0,0.6404,0.6198,0.0,0.0,0.0,0.8033,0.43764285714285717,42.325,25.238749547571494,55.29269441724279
1.0,0.0,0.0,0.0,0.0,0.0,0.0,0.14285714285714285,78.864,25.238926848075522,55.29298332105119
1.0,0.0,0.0,0.0,0.0,0.0,0.0,0.14285714285714285,19.115,25.23870545,55.29327985
1.0,0.4973,0.4738,0.0,0.0,0.1382,0.6892,0.3997857142857143,52.57,25.238561211397567,55.29305470982782
1.0,0.4846,0.0288,0.0,0.0,0.0,0.5733,0.2981,19.066,25.2385576,55.2927941
1.0,0.0,0.0,0.0,0.0,0.0,0.1527,0.16467142857142858,74.445,25.238591246180192,55.29330798409016
1.0,0.815,0.0,0.0,0.0,0.0,0.0,0.2592857142857143,8.777,25.2500873,55.2901969
1.0,0.5164,0.0,0.0,0.0,0.3394,0.7918,0.3782285714285714,111.843,25.25015548316584,55.290686182976025
1.0,0.0,0.0,0.0,0.0,0.0,0.0,0.14285714285714285,8.687,25.2476615,55.304564
1.0,0.0,0.0,0.0,0.0,0.0,0.0,0.14285714285714285,26.98,25.24770475,55.30439325
1.0,0.0,0.0,0.0,0.0,0.0,0.5891,0.2270142857142857,18.732,25.2475902,55.3045002
1.0,0.0,0.0,0.0,0.0,0.0,1.0,0.2857142857142857,22.782,25.24748155,55.3045873
1.0,0.0,0.0,0.0,0.0,0.2482,1.0,0.32117142857142855,19.124,25.24753095,55.30438625
0.9621,0.2593,0.0,0.0,0.0,0.0,0.0,0.1744857142857143,330.568,25.23392217454603,55.30708706772995
0.2711,0.1664,0.0,0.0,0.0,0.0,0.0113,0.06411428571428571,161.534,25.235033976386173,55.29118540056051
0.2964,0.3217,0.2446,0.2085,0.226,0.2854,0.3161,0.2712428571428571,133.226,25.235157089021918,55.291255794567846
1.0,0.6589,0.7044,0.0,0.0,0.0,0.0,0.33761428571428576,47.305,25.25272645,55.3004043
1.0,0.8954,0.5055,0.0,0.0,0.4014,0.429,0.46161428571428564,75.414,25.2532086,55.30070105
1.0,0.0,0.0,0.0,0.0,0.0,0.8168,0.25954285714285713,21.487,25.25296315,55.3004284
1.0,0.0,0.0,0.0,0.0,0.0,1.0,0.2857142857142857,17.419,25.25305555,55.30026415
1.0,0.6843,0.1553,0.0,0.0,0.0,0.7249,0.3663571428571428,77.633,25.253200939246522,55.300361668984586
1.0,0.4452,0.0628,0.0,0.0,0.0,0.8024,0.3300571428571429,49.463,25.25325830774133,55.30012107184027
1.0,0.7447,0.0,0.0,0.0,0.0091,0.7813,0.36215714285714284,38.824,25.2407436,55.3031838
1.0,0.0,0.0,0.0,0.0,0.0,0.0,0.14285714285714285,7.123,25.24069245,55.3034051
1.0,0.0,0.0,0.0,0.0,0.0,1.0,0.2857142857142857,25.027,25.25008575,55.3037337
1.0,0.0,0.0,0.0,0.0,0.0,1.0,0.2857142857142857,26.977,25.25019255,55.3035037
1.0,0.0,0.0,0.0,0.0,0.0,1.0,0.2857142857142857,18.29,25.25020765,55.3036685
1.0,0.0,0.0,0.0,0.0,0.0,1.0,0.2857142857142857,8.005,25.2502614,55.3037492
1.0,0.4245,0.0,0.0,0.0,0.0,0.8521,0.3252285714285715,80.862,25.25053648811498,55.303757189216974
1.0,0.2978,0.0,0.0,0.0,0.0,0.9944,0.3274571428571429,49.542,25.250441,55.3038993
1.0,0.2054,0.0,0.0,0.0,0.0,0.8001,0.28650000000000003,87.336,25.250373108602012,55.304039371465876
1.0,0.0,0.0,0.0,0.0,1.0,1.0,0.42857142857142855,27.332,25.2497007,55.31042805
1.0,0.0,0.0,0.0,0.0,0.6899,1.0,0.38427142857142854,20.47,25.249795687675814,55.31056539715636
1.0,0.0,0.0,0.0,0.0,0.0,1.0,0.2857142857142857,47.7,25.249625641810105,55.3108297218036
1.0,0.2432,0.0,0.0,0.0,0.0,1.0,0.32045714285714283,94.096,25.249741775488776,55.3109024781748
1.0,0.0102,0.0,0.0,0.0,0.0,1.0,0.2871714285714286,55.253,25.249548639488932,55.3106968507144
1.0,0.9552,0.0,0.0,0.0,0.0,1.0,0.4221714285714286,18.267,25.24940625,55.31091215
1.0,1.0,0.8419,0.0,0.0,0.0,0.547,0.4841285714285714,70.543,25.24899305000001,55.31091845000001
1.0,1.0,0.0,0.0,0.0,0.0,0.6665,0.38092857142857145,19.958,25.24929435,55.3107679
1.0,0.0153,0.0,0.0,0.0,0.0,0.7193,0.24780000000000002,41.721,25.249338719661683,55.3105220067441
1.0,0.0149,0.0,0.0,0.0,0.3116,0.8217,0.30688571428571426,43.939,25.249367480694826,55.31053709335911
1.0,0.8817,0.4793,0.0,0.7607,0.8296,1.0,0.7073285714285714,61.372,25.23327245,55.31464545
1.0,0.0,0.0,0.0,0.0,0.0,1.0,0.2857142857142857,26.789,25.2398275,55.31161445
1.0,0.0,0.0,0.0,0.0,0.0,1.0,0.2857142857142857,29.994,25.23970825,55.3117594
1.0,0.0,0.0,0.0,0.0,0.0,1.0,0.2857142857142857,17.156,25.239630022311108,55.311606730593894
1.0,1.0,0.7929,0.0,0.0,0.0,0.0,0.3989857142857143,13.171,25.2548359,55.30731
1.0,0.9169,0.0,0.0,0.0,0.0,0.1944,0.3016142857142857,23.266,25.2548369,55.30724155
0.0,0.0,0.0,0.0,0.0,0.0,0.0,0.0,58.529,25.248002917563706,55.31467381928215
1.0,1.0,0.0,0.0,0.0,0.0,0.0,0.2857142857142857,12.074,25.2374895,55.30027315
1.0,0.9845,0.4309,0.3968,0.4168,0.4496,0.564,0.6060857142857142,48.186,25.237702399336982,55.30014210192815
1.0,0.0,0.0,0.0,0.0,0.0,0.0367,0.14809999999999998,19.507,25.237782666636182,55.299886710401104
1.0,0.5801,0.4013,0.3126,0.7402,0.8935,0.9962,0.7034142857142857,26.627,25.237924528029634,55.30004224735426
1.0,1.0,0.5869,0.0,0.0,0.0,0.0,0.36955714285714286,6.481,25.2363375,55.303872
0.7734,0.0,0.0,0.0,0.0,0.5505,1.0,0.3319857142857143,109.455,25.231325046526347,55.31486783208489
1.0,1.0,0.0,0.0,0.0,0.0,0.0,0.2857142857142857,21.492,25.25293205,55.30401405
1.0,1.0,0.0,0.0,0.0,0.6405,0.769,0.48707142857142854,13.362,25.25307085,55.3040945
1.0,0.595,0.3036,0.0,0.0,0.0,0.0,0.27122857142857143,15.865,25.2530519,55.3039935
0.9097,0.9473,0.7392,0.0,0.7435,0.8842,0.8652,0.7270142857142857,77.785,25.233891049499174,55.31305423956987
1.0,0.0345,0.0,0.0,0.0,0.6013,1.0,0.3765428571428571,20.963,25.233634179070332,55.31330986708014
1.0,1.0,0.0,0.0,0.0,1.0,1.0,0.5714285714285714,9.128,25.2336614,55.31324025
1.0,1.0,0.0,0.0,0.0,0.0,1.0,0.42857142857142855,20.748,25.233639387199304,55.31355018259253
1.0,1.0,0.0,0.0,0.0,0.3704,1.0,0.4814857142857143,7.725,25.23366795,55.31362545000001
1.0,0.0,0.0,0.0,0.0,0.0,0.0,0.14285714285714285,27.313,25.23446615,55.31114275
1.0,1.0,0.0,0.0,1.0,1.0,1.0,0.7142857142857143,5.559,25.23278075,55.3113772
1.0,1.0,0.6144,0.0,0.0578,0.6749,1.0,0.6210142857142856,16.032,25.23285255,55.3113987
1.0,0.4503,0.0,0.0,0.5171,0.3974,0.8095,0.4534714285714285,76.981,25.232986782887473,55.31106101834618
1.0,0.0,0.0,0.0,0.0,0.0,0.0,0.14285714285714285,20.612,25.23330975,55.31100165
1.0,0.337,0.0,0.0,0.0,0.1206,0.42,0.2682285714285714,33.91,25.233416601556062,55.310935817590654
1.0,0.2294,0.0,0.0,0.0,0.0,0.6968,0.27517142857142857,16.332,25.23342655,55.3111029
1.0,1.0,0.0,0.0,0.0,0.0,1.0,0.42857142857142855,7.83,25.2334897,55.31115145
1.0,1.0,0.0,0.0,0.0,0.2103,1.0,0.45861428571428575,9.245,25.23354055,55.3111197
1.0,1.0,0.0,0.0,0.0,0.5487,1.0,0.5069571428571429,17.069,25.233531764511252,55.31103737516663
1.0,1.0,0.6896,0.0,0.0,1.0,1.0,0.6699428571428572,8.603,25.23362015,55.311131
1.0,1.0,0.0011,0.0,0.0,0.1863,1.0,0.45534285714285716,46.527,25.233583009434135,55.3113552888102
1.0,1.0,1.0,0.452,0.0,0.2971,1.0,0.6784428571428572,7.096,25.23365455,55.3111716
1.0,1.0,1.0,0.0,0.0,0.1607,0.9069,0.5810857142857142,49.673,25.2338791,55.3111753
1.0,0.8737,0.8667,0.0,0.2332,0.781,0.8886,0.6633142857142857,71.624,25.2338839,55.3110267
1.0,0.3839,0.5595,0.0,0.0,0.7638,0.8442,0.5073428571428572,16.672,25.23415015,55.3111527
1.0,0.0,0.0,0.0,0.0,1.0,1.0,0.42857142857142855,53.68,25.234595448611458,55.3073098261741
1.0,0.0,0.0,0.0,0.0,0.0324,0.1562,0.1698,33.801,25.23420348469054,55.30727131543535
1.0,0.1776,0.1796,0.1694,0.2179,0.3666,0.5665,0.3825142857142857,66.773,25.234178406098195,55.307140462747874
1.0,0.4517,0.0,0.0,0.0,0.0,0.0,0.20738571428571428,26.491,25.23531470090154,55.30659724224649
1.0,0.8167,0.0,0.0,0.0,0.0,0.1143,0.27585714285714286,26.066,25.235346411863098,55.30661666709492
1.0,1.0,0.3234,0.0,0.0,0.0,0.0,0.3319142857142857,22.776,25.235397328585968,55.30639376563598
1.0,0.895,0.0,0.0,0.0,0.0,0.0,0.27071428571428574,4.891,25.23533306303608,55.306478681519756
1.0,0.4133,0.0,0.0,0.0,0.0,0.3224,0.24795714285714285,22.817,25.23295835,55.3128918
1.0,0.9546,0.812,0.0,0.0,0.0,0.6109,0.48250000000000004,57.21,25.2332176,55.3129996
0.878,0.717,0.6082,0.0,0.1146,1.0,0.9168,0.6049428571428571,47.042,25.233998095893796,55.31396929110509
1.0,0.9252,0.4325,0.0,0.1558,0.4538,1.0,0.5667571428571428,46.955,25.233705924559107,55.3140169020265
0.4546,0.0,0.0,0.5952,0.4863,0.0476,0.0,0.22624285714285713,68.672,25.234215217919825,55.314295126412986
0.372,0.0,0.0,0.0,0.0,0.1173,0.6,0.1556142857142857,207.007,25.23920945,55.2925528
0.1017,0.0,0.0,0.0,0.0,0.0584,0.4348,0.08498571428571429,41.033,25.240197620139227,55.293123805114455
0.593,0.0592,0.0471,0.0135,0.0298,0.0298,0.5407,0.18758571428571427,375.388,25.23920215223811,55.292671286273254
1.0,0.9554,0.8847,0.205,0.0,0.0,0.0,0.43501428571428574,74.426,25.2362105,55.3060157
1.0,1.0,0.9955,0.1916,0.0,0.0,0.0,0.4553,51.229,25.23567605,55.3062183
1.0,0.0,0.0,0.0,0.0,1.0,1.0,0.42857142857142855,1.085,25.2381125,55.3001499
1.0,0.0,0.0,0.0,0.0,1.0,1.0,0.42857142857142855,7.01,25.238133737841704,55.30018012451288
1.0,0.0,0.0,0.0,0.0,0.5366,1.0,0.36237142857142857,19.139,25.238058686602333,55.3002255410912
1.0,0.0,0.0,0.0,0.0,1.0,1.0,0.42857142857142855,6.485,25.238188622128757,55.30019112541692
1.0,0.0,0.0,0.0,0.0,0.5198,1.0,0.35997142857142855,18.615,25.23809133945606,55.30025006569972
1.0,0.0,0.0,0.0,0.6192,1.0,1.0,0.5170285714285715,8.541,25.238223820361576,55.300137297951494
1.0,0.0,0.0,0.0,0.0,1.0,1.0,0.42857142857142855,28.147,25.238323733191113,55.300243122547016
1.0,0.0,0.0,0.0,0.397,1.0,1.0,0.4852857142857143,10.646,25.238126242768573,55.300099329406855
1.0,0.0,0.0,0.0,1.0,1.0,1.0,0.5714285714285714,7.425,25.23819309113501,55.3000769026227
1.0,0.3552,0.0,0.0,0.0,0.9048,1.0,0.4657142857142857,38.315,25.23858775,55.3003853
1.0,0.0,0.0,0.0,0.9616,1.0,1.0,0.5659428571428571,31.625,25.238337617227415,55.30018497674196
1.0,0.0,0.0,0.0,0.0,0.0,1.0,0.2857142857142857,11.847,25.2380012,55.3003608
1.0,0.2931,0.1598,0.0729,0.0847,0.0979,0.796,0.3577714285714286,129.658,25.237707366286216,55.30098431464014
1.0,0.8657,0.7089,0.5784,0.6062,0.7774,1.0,0.7909428571428571,36.386,25.23795699673465,55.300268315035
1.0,1.0,0.2129,0.0,0.0,1.0,1.0,0.601842857142857,7.625,25.2388573,55.29947135
1.0,0.8502,0.4307,0.0,0.0,0.1194,1.0,0.4857571428571429,50.186,25.238726901966746,55.299236062944345
1.0,0.2946,0.0,0.0,0.0,0.0,1.0,0.3278,11.934,25.2387227,55.2989468
1.0,0.531,0.4353,0.0,0.1707,0.3964,1.0,0.5047714285714285,81.929,25.239016553197413,55.29920079493886
1.0,1.0,0.2018,0.0,1.0,1.0,1.0,0.7431142857142857,16.372,25.23943185,55.2975622
1.0,1.0,1.0,0.0,1.0,1.0,1.0,0.8571428571428571,29.693,25.239588,55.29755915
1.0,0.0,0.0,0.0,0.0,0.0,0.0,0.14285714285714285,49.793,25.237659119801,55.298439997326476
1.0,0.0,0.0,0.0,0.0,0.0,0.0,0.14285714285714285,21.602,25.23146105,55.29243435
0.4542,0.0,0.0,0.0,0.0,0.0,0.0,0.06488571428571428,11.796,25.23160695,55.29239515
0.155,0.0,0.0,0.0,0.0,0.0,0.0,0.02214285714285714,32.011,25.23154547987252,55.29225130372841
1.0,0.0,0.0,0.0,1.0,1.0,1.0,0.5714285714285714,16.624,25.23105215,55.292112
0.9493,0.0,0.0,0.0,1.0,0.9457,0.6348,0.5042571428571428,44.201,25.23122775,55.29198035
1.0,0.0,0.0,0.0,0.7973,1.0,1.0,0.5424714285714286,39.627,25.23089695,55.29224015
1.0,0.0,0.0,0.0,0.2573,1.0,1.0,0.4653285714285714,68.936,25.23092681107528,55.29236191280793
1.0,0.0,0.0,0.0,0.6402,0.8283,0.2374,0.3865571428571429,70.291,25.231273979477898,55.292267881720505
0.0,0.0,0.0,0.0,1.0,1.0,0.1038,0.30054285714285717,8.95,25.23140945,55.29156705
0.5889,0.0,0.0,0.0,0.7045,0.6108,0.459,0.3376,35.513,25.231446362590372,55.29136818389324
0.0,0.0,0.0,0.0,1.0,0.1691,0.0,0.16701428571428573,15.722,25.23144085,55.2916839
0.759,0.0,0.0,0.0,0.4381,0.0658,0.0,0.18041428571428572,36.528,25.231500606953684,55.29144523945
1.0,0.843,0.8634,0.9847,0.0,0.0,0.0,0.5273,55.708,25.231302585943872,55.291101565820256
1.0,0.0,0.0,0.0,0.0,0.0,0.0,0.14285714285714285,8.845,25.231553735780206,55.291243789659724
0.211,0.0,0.0,0.0,1.0,0.0,0.0,0.17300000000000001,19.228,25.2314426,55.29202155
0.0938,0.0,0.0,0.0,0.6091,0.0,0.0,0.1004142857142857,6.327,25.23149135,55.2921047
1.0,0.0,0.0,0.0,0.0,0.0,0.0,0.14285714285714285,14.975,25.2325922,55.29217705
0.986,0.0,0.0,0.0,0.0,0.0,0.1947,0.16867142857142858,86.792,25.232336676301113,55.29251700523875
1.0,0.0,0.0,0.0,0.0,0.5676,0.6321,0.31424285714285716,13.492,25.23253025367866,55.29208183329407
1.0,0.0,0.0,0.0,0.0,0.0,0.0,0.14285714285714285,66.462,25.232752178486393,55.292685118385975
1.0,0.0,0.0,0.0,0.0,0.0,0.0,0.14285714285714285,19.931,25.23298889526725,55.29238023061697
1.0,0.0,0.0,0.0,0.0,0.0,0.0,0.14285714285714285,16.932,25.232859782836712,55.29236031110931
1.0,0.4163,0.0,0.0,0.0,0.0,0.0,0.20232857142857144,21.178,25.2342587,55.2926129
1.0,0.0,0.0,0.0,0.0,0.0,0.0,0.14285714285714285,15.701,25.234331260383406,55.29259186435635
1.0,1.0,0.6062,0.0,0.0,0.0,0.0,0.3723142857142857,27.785,25.2341539,55.29282695
0.9827,1.0,0.0,0.0,0.0,0.0,0.0464,0.2898714285714285,24.606,25.234105358382244,55.29272012562755
1.0,1.0,1.0,0.0,0.0,0.0,0.0,0.42857142857142855,5.522,25.2340826,55.29297255
1.0,1.0,0.93,0.0,0.0,0.0,0.0844,0.43062857142857147,25.976,25.234055520516268,55.29283355601931
1.0,1.0,0.0,0.0,0.0,0.0,0.0,0.2857142857142857,10.106,25.231559672553054,55.29458509900975
1.0,1.0,0.0,0.0,0.0,0.0,0.0,0.2857142857142857,9.036,25.231535962182495,55.29467007286126
1.0,1.0,0.8858,0.0,0.0,0.0,0.0,0.4122571428571429,12.242,25.23161261956051,55.29462788423085
1.0,0.7636,0.0,0.0,0.0,0.0,0.0,0.25194285714285714,14.813,25.231496043943547,55.29449981911812
1.0,1.0,0.8295,0.0,0.0,0.0,0.0,0.4042142857142857,16.334,25.23160700490077,55.29458689056127
1.0,0.0056,0.0,0.0,0.0,0.0,0.0,0.14365714285714287,11.498,25.231455511512472,55.29470459575812
1.0,0.0,0.0,0.0,0.0,0.0,0.0,0.14285714285714285,25.716,25.231381366554366,55.294585513837006
1.0,0.0,0.0,0.0,0.0,0.0,0.0,0.14285714285714285,16.862,25.23143406945396,55.29477074616967
1.0,0.0063,0.0,0.0,0.0,0.0,0.0,0.14375714285714286,16.172,25.231477621611045,55.294774073880575
0.8837,0.0,0.0,0.0,0.0,0.0,0.0,0.12624285714285716,43.309,25.231478126088618,55.295063800965536
1.0,1.0,1.0,0.7217,0.0,0.0,0.0,0.5316714285714286,48.339,25.23186105,55.294742
0.46,0.0,0.0,0.0,0.6298,0.6987,0.7462,0.3621,55.401,25.2331349,55.2954869
1.0,0.0,0.0,0.0,1.0,1.0,1.0,0.5714285714285714,9.503,25.233381036155183,55.29565355823512
1.0,0.0,0.0,0.0,1.0,1.0,1.0,0.5714285714285714,10.726,25.233402834772637,55.29561682890863
1.0,0.0,0.0,0.0,1.0,1.0,1.0,0.5714285714285714,14.934,25.233555119733943,55.29571265047095
1.0,0.0,0.0,0.0,1.0,1.0,1.0,0.5714285714285714,11.867,25.23346920242466,55.29576941422783
1.0,0.0,0.0,0.0,0.9055,1.0,1.0,0.5579285714285714,15.621,25.233462961098972,55.29581551966584
1.0,0.0,0.0,0.0,1.0,1.0,1.0,0.5714285714285714,13.223,25.2335691,55.2955802
1.0,0.0,0.0,0.0,1.0,1.0,1.0,0.5714285714285714,9.087,25.23352709139142,55.29561671248653
1.0,0.0,0.0,0.0,1.0,1.0,1.0,0.5714285714285714,13.178,25.23353545,55.2955577
1.0,0.0,0.0,0.0,1.0,1.0,1.0,0.5714285714285714,4.555,25.233469716118538,55.29560301423833
1.0,0.0,0.0,0.0,1.0,1.0,1.0,0.5714285714285714,5.814,25.233412626697863,55.295719430633284
1.0,0.0,0.0,0.0,1.0,1.0,1.0,0.5714285714285714,10.196,25.233420821084046,55.29564668985091
1.0,0.0,0.0,0.0,0.8811,1.0,1.0,0.5544428571428571,12.4,25.233420523522234,55.29580682245058
1.0,0.0,0.0,0.0,0.0,0.7334,1.0,0.39048571428571427,82.837,25.2332399,55.29623285
0.8654,0.0,0.0,0.0,0.8663,1.0,1.0,0.5331,105.45,25.23380315,55.2950527
0.4885,0.0,0.0,0.0,0.8818,0.7889,0.5954,0.39351428571428576,113.228,25.23426385,55.29409235
0.3864,0.0,0.0,0.0,0.0,0.5788,0.9679,0.2761571428571429,90.148,25.232766498953726,55.29671728680524
0.5377,0.5944,0.634,0.7354,0.0,0.0,0.0,0.3573571428571429,73.57,25.2326232,55.2951852
0.0,0.0,0.0,0.0,0.0,0.0,0.0,0.0,18.505,25.2329545,55.2952768
1.0,0.9314,0.8394,0.0,0.0,0.0,0.5059,0.4681,135.542,25.24496615,55.3120413
1.0,0.7748,0.0688,0.0,0.0,0.0,1.0,0.40622857142857144,15.692,25.24551435,55.3124641
1.0,0.8393,0.7415,0.0,0.0,0.0,0.0,0.3686857142857143,136.085,25.23943596017498,55.29636095416203
1.0,0.0,0.0,0.0,0.0004,0.3707,0.3615,0.24751428571428571,79.713,25.24312890087179,55.2980505227741
1.0,0.0,0.0,0.0,0.0,0.0,0.2264,0.1752,23.901,25.24291845135901,55.29868959205995
1.0,0.0,0.0,0.0,0.0,0.0,1.0,0.2857142857142857,18.586,25.242968163281137,55.29848776347188
1.0,0.0,0.0,0.0,0.0,0.0,0.0,0.14285714285714285,26.569,25.242822935590105,55.29890105955234
1.0,0.0,0.0,0.0,0.0,0.0,1.0,0.2857142857142857,3.934,25.24302125,55.2984154
1.0,0.0,0.0,0.0,0.0,1.0,1.0,0.42857142857142855,51.324,25.2463339,55.30202475
1.0,1.0,0.0,0.0,0.5325,1.0,1.0,0.6475,54.504,25.23927525,55.29786905
1.0,0.9156,0.0,0.0,0.3424,0.954,1.0,0.6017142857142856,98.276,25.239145075396415,55.29798757330074
1.0,1.0,0.0,0.0,0.0,0.706,1.0,0.5294285714285715,35.288,25.2390786,55.2982589
1.0,0.8311,0.0,0.0,0.0,0.0,1.0,0.40444285714285716,25.143,25.2389447,55.2985203
1.0,0.0,0.0,0.0,0.0,1.0,1.0,0.42857142857142855,3.575,25.2348029,55.3131468
1.0,0.0,0.0,0.0,0.0,1.0,1.0,0.42857142857142855,2.601,25.23481005,55.3131173
1.0,0.0,0.0,0.0,0.0,1.0,1.0,0.42857142857142855,6.05,25.23483235,55.31313534999999
1.0,1.0,0.0607,0.0,0.0,1.0,1.0,0.5801000000000001,19.163,25.23491471993902,55.31331597956489
1.0,0.683,0.0,0.0,0.0,1.0,1.0,0.5261428571428571,9.937,25.23481516220469,55.31324012773806
1.0,1.0,0.0,0.0,0.0,0.2957,1.0,0.47081428571428574,20.338,25.234847120133615,55.31338235117907
1.0,0.0,0.0,0.0,0.0,1.0,1.0,0.42857142857142855,3.068,25.23479985,55.31317955
1.0,0.1684,0.0,0.0,0.0,1.0,1.0,0.45262857142857144,6.557,25.2348292,55.31316955
1.0,0.0,0.0,0.0,0.0,0.0,0.0,0.14285714285714285,39.908,25.235601917889536,55.31192496873826
1.0,1.0,0.0,0.0,0.0,0.5295,1.0,0.5042142857142857,52.069,25.2353838,55.30766445
1.0,0.313,0.0491,0.0,0.0678,0.4573,0.8579,0.3921571428571428,179.184,25.235002808351926,55.307670492514525
1.0,0.9497,0.3469,0.0,0.0,0.8911,1.0,0.5982428571428571,81.058,25.235368,55.308326
1.0,0.0,0.0,0.0,0.447,0.8789,0.9933,0.4741714285714286,62.311,25.23505435,55.30971895
1.0,0.6418,0.0,0.0,0.0,0.7726,1.0,0.4877714285714285,51.356,25.2353406,55.3094689
1.0,0.0,0.0,0.0432,0.9331,0.8803,1.0,0.5509428571428571,57.882,25.23559272206523,55.30971319075297
1.0,0.0,0.0,0.0,0.273,1.0,1.0,0.4675714285714286,7.388,25.23453995,55.3097434
0.7583,0.0,0.0,0.0,0.7479,0.7192,0.7047,0.4185857142857143,25.918,25.2346577,55.30971025
1.0,0.6668,0.4374,0.1001,0.0157,0.0234,0.0941,0.33392857142857135,277.891,25.234389868351073,55.30937647697641
1.0,0.9599,0.9526,0.0,0.0,0.0,1.0,0.5589285714285714,48.914,25.2355782,55.3087339
1.0,1.0,0.0,0.0,0.0,0.6439,1.0,0.5205571428571428,48.79,25.2353525,55.30897125
1.0,0.0,0.0,0.0,0.0,0.1402,1.0,0.30574285714285715,17.957,25.234535639978084,55.30986929965742
1.0,0.0,0.0,0.0,0.0,0.0,0.0,0.14285714285714285,8.868,25.2347727,55.30975785
1.0,0.0,0.0,0.0,0.0,0.6297,0.9952,0.3749857142857143,94.918,25.235197599914517,55.30982245177238
1.0,0.0,0.0,0.0,0.0,0.0,0.0,0.14285714285714285,16.739,25.234768359758906,55.30988505036752
1.0,0.0,0.0,0.0,0.0,0.0,0.4515,0.20735714285714285,25.916,25.234649050426324,55.30996333966996
1.0,0.3363,0.164,0.0,0.2485,0.3872,0.5927,0.3898142857142857,334.514,25.23381242875354,55.3107961676098
1.0,0.444,0.4342,0.6549,0.3389,0.1836,0.9547,0.5729,175.775,25.23575223895584,55.307928751188264
1.0,0.0,0.0,0.9394,0.2006,0.0,1.0,0.44857142857142857,88.096,25.2357938,55.3091769
1.0,0.0,0.0,0.0,0.0,0.0,1.0,0.2857142857142857,9.527,25.239527569946997,55.31156134304604
0.8656,0.0,0.0,0.0,0.0,0.0,1.0,0.26651428571428576,33.758,25.239483580981354,55.311687510431675
0.8605,0.233,0.0,0.0,0.0494,0.272,1.0,0.34498571428571434,102.387,25.239934600724624,55.311458465266725
0.5879,1.0,0.0,0.0,0.0,0.8527,1.0,0.4915142857142857,9.265,25.240427574268047,55.31150306164657
0.9623,0.497,0.0959,0.0,0.0,0.2981,0.9651,0.40262857142857145,147.981,25.240519078305844,55.31113871263806
0.6404,0.1925,0.0,0.0,0.0,0.3464,0.7785,0.27968571428571426,19.282,25.2405348,55.31154165
0.7113,0.4675,0.3052,0.0,0.0,0.3648,0.8494,0.38545714285714283,31.7,25.240354568696763,55.311615834980536
1.0,0.0,0.0,0.0,0.0,0.0,1.0,0.2857142857142857,26.039,25.23982635,55.31191475
0.9537,0.0,0.0,0.0,0.0,0.0,1.0,0.2791,29.391,25.2395774,55.31190135
1.0,0.2767,0.0,0.0,0.0,0.1387,0.0,0.2022,94.714,25.24651025,55.30422965
1.0,0.8803,0.2188,0.0,0.0,0.0,0.0,0.29987142857142857,122.721,25.2462513,55.30527195000001
1.0,0.5094,0.0,0.0,0.0,0.0,0.1165,0.23227142857142855,25.292,25.24629221657416,55.30463223111134
1.0,0.6052,0.0,0.0,0.0,0.1275,0.7656,0.3569,21.654,25.246718332805315,55.303814852643804
0.0,0.0,0.0,0.0,0.1037,0.0,0.0,0.014814285714285714,16.007,25.23426335,55.3146937
1.0,0.8121,0.1786,0.0,0.0,0.0,0.0,0.2843857142857143,19.109,25.23445375,55.2928369
1.0,0.9195,0.8627,0.0,0.0,0.0,0.0,0.39745714285714284,44.323,25.23466875,55.2928563
1.0,0.2492,0.0,0.0,0.0,0.0,0.0,0.17845714285714287,18.446,25.2344196,55.2927097
1.0,0.0,0.0,0.0,0.0,0.0,0.0,0.14285714285714285,55.865,25.233114996178106,55.29077558478375
1.0,0.0,0.0,0.0,0.0,0.0,0.0,0.14285714285714285,54.29,25.233336698247797,55.290326356041305
1.0,0.0,0.0,0.0,0.0,0.0,0.0,0.14285714285714285,37.679,25.233283813350283,55.290394576838445
0.9823,0.9036,0.8544,0.0,0.7133,0.9463,0.9681,0.7668571428571428,66.217,25.23338585,55.2911454
1.0,0.0,0.0,0.0,0.0,0.0,0.0,0.14285714285714285,24.76,25.23327045,55.2901825
1.0,0.0,0.0,0.0,0.0,0.0,0.0,0.14285714285714285,6.555,25.2331995,55.29031695
1.0,0.0,0.0,0.0,0.0,0.0,0.0,0.14285714285714285,141.992,25.233058740170257,55.292736222418874
1.0,0.0,0.0,0.0,0.0,0.0,0.0,0.14285714285714285,10.634,25.232871776617987,55.29297122146848
1.0,0.0,0.0,0.0,0.0,0.0,0.0,0.14285714285714285,75.369,25.232557174816797,55.2930027929216
0.9635,0.0,0.0,0.0,0.0,0.0,0.0,0.13764285714285715,95.921,25.23247891687807,55.29302979143488
0.8221,0.0,0.0,0.0,0.0,0.0,0.0,0.11744285714285715,8.59,25.23210295,55.2929062
0.4612,0.0506,0.0,0.0,0.0,0.0,0.0,0.07311428571428571,29.154,25.231956406298895,55.292861846581744
1.0,0.0,0.0,0.0,0.0,0.0,0.0,0.14285714285714285,11.956,25.23220545,55.2920998
1.0,0.0,0.0,0.0,0.0,0.0,0.0,0.14285714285714285,4.34,25.23226275,55.2921497
1.0,0.0,0.0,0.0,0.0,0.0,0.0,0.14285714285714285,12.147,25.232263372521537,55.29208215666988
1.0,0.0,0.0,0.0,0.0,0.0,0.0,0.14285714285714285,57.449,25.2328640878153,55.29208931623365
1.0,0.2528,0.2338,0.0,0.0,0.0,0.0162,0.2146857142857143,49.694,25.23244081745181,55.29191384732729
1.0,0.0,0.0,0.0,0.0,0.2452,0.0,0.17788571428571429,12.372,25.2325882064774,55.29197911966189
1.0,0.2399,0.2066,0.0,0.0,0.0,0.0,0.20664285714285713,52.042,25.232568388699942,55.291486295439775
1.0,0.6023,0.0,0.0,0.0,0.0,0.9867,0.36985714285714283,107.85,25.2335493,55.29249165
1.0,0.0,0.0,0.0,0.0,0.0,0.0,0.14285714285714285,3.621,25.23310615,55.29223275
1.0,0.0,0.0,0.0,0.0,0.0,0.0,0.14285714285714285,10.166,25.23309905,55.29228505
1.0,0.0,0.0,0.0,0.0,0.0,0.0,0.14285714285714285,5.168,25.23313185,55.292218
1.0,0.0,0.0,0.0,0.0,0.0,0.5399,0.21998571428571428,22.092,25.2375253,55.30294585
1.0,0.0,0.0,0.0,0.0,0.0,1.0,0.2857142857142857,10.028,25.237605199863403,55.3028429104832
1.0,0.0531,0.1143,0.0,0.729,0.6769,1.0,0.5104714285714286,35.958,25.23745661527531,55.30285458582059
1.0,0.0175,0.0,0.0,0.0,0.058,0.7729,0.2640571428571429,14.834,25.236319389754772,55.303657855547925
1.0,0.0,0.0,0.0,0.0,0.0,1.0,0.2857142857142857,22.813,25.2388866,55.30231075
1.0,0.0,0.0,0.0,0.3266,0.55,1.0,0.4109428571428571,16.181,25.2387741,55.30237295
1.0,0.8497,0.7941,0.1002,0.3153,0.3248,0.6965,0.5829428571428572,104.632,25.2423518,55.3036312
1.0,1.0,0.2414,0.0,0.0,0.0,0.0,0.3202,4.938,25.2409586,55.30526355
1.0,0.6465,0.1083,0.0,0.0,0.0,0.0,0.2506857142857143,38.176,25.241021505408792,55.305085854849494
1.0,0.6479,0.0,0.0,0.0,0.0,0.0,0.23541428571428571,38.234,25.240992918423576,55.30507747423985
1.0,0.0,0.0,0.0,0.0,0.0,0.0,0.14285714285714285,34.914,25.24109805,55.30473325000001
1.0,0.1645,0.0183,0.0,0.0,0.0,0.0,0.16897142857142858,31.497,25.242387,55.29222455
1.0,0.2958,0.0,0.0,0.0,0.0,0.0,0.18511428571428573,24.227,25.2421653,55.2920957
1.0,0.4422,0.3438,0.0,0.0,0.0,0.0,0.25514285714285717,25.564,25.24215048117609,55.292130138897264
1.0,0.0,0.0,0.0,0.0,0.0,0.0,0.14285714285714285,2.776,25.2405934,55.2954787
1.0,0.0,0.0,0.0,0.0,0.0,0.189,0.16985714285714287,18.429,25.240642662348282,55.29554774103665
1.0,0.7606,0.0,0.0,0.0,0.0,0.0,0.25151428571428575,67.763,25.2414044,55.2929126
1.0,0.5707,0.1014,0.0,0.0,0.0,0.0,0.23887142857142857,85.371,25.241759538029434,55.29228055536032
1.0,0.0,0.0,0.0,0.0,0.0,0.0,0.14285714285714285,19.253,25.240437008333988,55.29475385389823
1.0,0.0,0.0,0.0,0.0,0.0,0.0,0.14285714285714285,12.265,25.2404687424284,55.294862099695514
1.0,0.0,0.0,0.0,0.2266,0.5403,0.4847,0.3216571428571428,26.098,25.238163278937012,55.293927536046
1.0,0.0,0.0,0.0,0.0036,0.5527,0.9723,0.3612285714285714,15.05,25.23809491170866,55.29411288032165
1.0,0.0,0.0,0.0,0.0037,0.5711,1.0,0.36782857142857145,17.317,25.23803290362681,55.2940746133363
1.0,0.0,0.0,0.0,0.0,0.0,0.9919,0.28455714285714284,17.237,25.23802635,55.2941448
1.0,1.0,0.0,0.0,0.0,0.0,1.0,0.42857142857142855,20.72,25.2442828,55.297778
1.0,0.0,0.0,0.0,0.0,0.0,0.1265,0.16092857142857145,161.558,25.24270965,55.29685085
1.0,0.0,0.0,0.0,0.0,0.0,0.573,0.2247142857142857,41.004,25.240976092961773,55.30446673264209
1.0,0.0,0.0,0.0,0.0,0.0,0.5724,0.22462857142857143,40.878,25.240966163845,55.30450379858487
1.0,0.0,0.0,0.0,0.0,0.0,0.6989,0.2427,30.445,25.2413199,55.3038819
1.0,1.0,0.0,0.0,0.0,0.0,0.5161,0.3594428571428571,26.581,25.2444655,55.2978983
1.0,1.0,0.538,0.26,0.1926,0.1926,0.7496,0.5618285714285715,33.484,25.244664503660125,55.2980946552762
1.0,0.0344,0.0,0.0,0.0273,0.0982,0.1721,0.1902857142857143,28.48,25.236782219285022,55.29281510945045
1.0,0.8936,0.5691,0.0,0.4059,0.7075,0.7142,0.6129,49.322,25.236576683361022,55.29288342743256
1.0,0.3082,0.0,0.0,0.0,0.0,0.4918,0.2571428571428572,32.146,25.23706535,55.2922329
1.0,0.8899,0.861,0.0,0.0,0.7423,0.9735,0.6380999999999999,85.152,25.236809531124724,55.291876613585636
1.0,0.0,0.0,0.0,0.0177,0.0323,0.0171,0.15244285714285713,309.134,25.248494526766827,55.29585705021354
1.0,0.0,0.0,0.0,0.0,0.0,0.0,0.14285714285714285,7.68,25.24625380341965,55.2960958068878
0.7058,0.0,0.0,0.0,0.0,0.0,0.2391,0.1349857142857143,69.948,25.245674362704637,55.297229375517944
1.0,0.0,0.0,0.0,0.0,0.0,1.0,0.2857142857142857,8.432,25.2501203,55.30911295
1.0,0.0,0.0,0.0,0.0,0.5045,1.0,0.3577857142857143,11.777,25.25007645,55.309044
1.0,0.0,0.0,0.0,0.0,0.1849,1.0,0.3121285714285714,17.226,25.2501432,55.3090113
0.1351,0.0,0.0,0.0,0.0,0.0164,0.4099,0.08020000000000001,15.155,25.231578550395103,55.29206126801913
1.0,0.6456,0.0841,0.0,0.0,0.0,0.0,0.24710000000000001,22.465,25.231652552419327,55.29125343808721
0.0,0.0,0.0,0.0,0.0,0.0,0.0,0.0,31.346,25.2368111,55.29388775
0.9053,0.0,0.0,0.0,0.0,0.0,0.0,0.12932857142857143,40.813,25.236804660210563,55.294081461917074
0.9711,0.0,0.0,0.0,0.0,0.0,0.0,0.13872857142857142,39.339,25.236621965286425,55.29398227986583
1.0,0.0,0.0,0.0,0.0,0.0,0.0,0.14285714285714285,33.652,25.2366271,55.2941808
0.9377,0.0689,0.0,0.0,0.0,0.0,0.0,0.14379999999999998,50.248,25.236282992655546,55.29401654702354
1.0,0.5622,0.0,0.0,0.0,0.0,0.0,0.22317142857142858,80.733,25.24291335000001,55.2924554
1.0,0.0,0.0,0.0,0.0,0.0,0.0,0.14285714285714285,10.135,25.24325505,55.2926069
1.0,0.6166,0.0,0.0,0.0,0.0,0.0,0.23094285714285714,171.105,25.24393112508009,55.292865237807085
1.0,0.0,0.0,0.0,0.0,0.0,0.0,0.14285714285714285,16.61,25.2433195,55.29249465
1.0,0.2756,0.0,0.0,0.0,0.0,0.0,0.18222857142857143,60.971,25.2435169,55.29271495
1.0,0.1354,0.0,0.0,0.0,0.0,0.0,0.16219999999999998,115.858,25.242823526957324,55.29229013000091
1.0,0.0,0.0,0.0,0.0,0.0,0.0,0.14285714285714285,7.977,25.244715,55.29279335
1.0,0.0,0.0,0.0,0.0,0.0,0.0,0.14285714285714285,10.146,25.244664249388453,55.292753247035705
1.0,0.392,0.0,0.0,0.0,0.0,0.0,0.19885714285714284,32.905,25.2445122,55.292734
0.9941,0.0,0.0,0.0,0.0,0.0,0.0,0.1420142857142857,53.416,25.24482692008434,55.29255517185365
1.0,0.0,0.0,0.0,0.0,0.0,0.0,0.14285714285714285,10.165,25.24467611736321,55.292658832276416
0.8248,0.0,0.0,0.0,0.0,0.0,0.0,0.11782857142857142,221.896,25.23761603172773,55.29479537984443
1.0,1.0,0.1675,0.0,0.0,0.7528,1.0,0.5600428571428572,18.085,25.2533302,55.3051291
1.0,1.0,0.0,0.0,0.0,1.0,1.0,0.5714285714285714,4.371,25.2532478,55.30511205
1.0,0.2944,0.0,0.0,0.0,1.0,1.0,0.47062857142857145,10.919,25.253209873678607,55.30507413811828
1.0,1.0,1.0,0.0,0.0,0.0,0.6823,0.5260428571428571,7.826,25.25338745,55.3052
1.0,1.0,0.1692,0.0,0.0,0.445,0.9662,0.5114857142857143,17.824,25.25330505,55.30518295000001
1.0,0.3135,0.0,0.0,0.0,1.0,1.0,0.47335714285714287,11.274,25.253200273211007,55.30509627721196
1.0,0.0,0.0,0.0,0.0,0.6888,1.0,0.38411428571428574,13.928,25.25310735,55.3050265
1.0,1.0,1.0,0.0,0.0,0.0,0.0,0.42857142857142855,7.252,25.2529935,55.3059902
1.0,0.9065,0.0524,0.0,0.0,0.0,0.5759,0.36211428571428567,21.507,25.25289885,55.30596005000001
1.0,0.0,0.0,0.0,0.0,0.0,0.0,0.14285714285714285,4.773,25.25283145,55.3058783
1.0,0.0,0.0,0.0,0.0,0.0,0.6396,0.23422857142857142,20.614,25.250913426518228,55.30641291448016
1.0,0.0,0.0,0.0,0.0,0.0,0.5648,0.22354285714285713,20.53,25.250905300130377,55.30644560605891
1.0,1.0,0.3495,0.0,0.0,0.3132,1.0,0.5232428571428571,7.873,25.2514665,55.3050662
1.0,1.0,0.385,0.4648,0.4105,0.3971,1.0,0.665342857142857,18.436,25.2514689,55.30517065
1.0,0.989,0.7871,0.0,0.0,0.0,0.0502,0.4037571428571428,91.581,25.254520598324078,55.29787167487434
1.0,0.9605,0.0,0.0,0.0,0.0,0.7538,0.38775714285714286,38.197,25.25436748805413,55.298051144281295
1.0,0.5235,0.1464,0.0,0.0,0.0,1.0,0.38141428571428576,31.53,25.25382447688639,55.29719871189626
1.0,1.0,1.0,0.0,0.0,0.1277,1.0,0.5896714285714285,48.816,25.2540406,55.2968958
1.0,0.2947,0.0,0.0,0.6764,0.8624,1.0,0.5476428571428571,57.49,25.252686848028834,55.2965784696839
0.8817,0.4154,0.0,0.0,0.0,0.0,0.333,0.23287142857142856,29.123,25.25392808005544,55.29260106257587
0.9896,0.5256,0.0494,0.0494,0.0824,0.1716,0.4062,0.3248857142857143,334.071,25.252953812100763,55.291564211300916
0.8502,0.1474,0.0,0.0,0.0,0.0,0.0,0.1425142857142857,28.572,25.25403054430124,55.29267781462182
1.0,0.5946,0.3511,0.1689,0.1207,0.1207,0.2979,0.3791285714285713,49.817,25.25445145,55.3115419
1.0,0.0,0.0,0.0,0.0,0.0,0.0,0.14285714285714285,15.843,25.254231532107013,55.3113621868072
1.0,0.0,0.0,0.0,0.0,0.0,0.0,0.14285714285714285,28.257,25.254141242599164,55.31136414078579
1.0,0.0,0.0,0.0,0.0,0.0,0.0,0.14285714285714285,36.858,25.25395826592137,55.31111675421814
1.0,0.0,0.0,0.0,0.0,0.0,0.0,0.14285714285714285,22.666,25.254139522340505,55.31125293206773
1.0,0.0,0.0,0.0,0.8906,1.0,1.0,0.5558,26.823,25.2515019,55.30206485
1.0,0.7667,0.0,0.0,0.0,0.0,0.0,0.2523857142857143,5.464,25.25060635,55.30110705
1.0,0.0,0.0,0.0,0.5203,0.5993,0.6582,0.3968285714285714,99.949,25.25072069734851,55.301511110711026
1.0,0.0,0.0,0.0,0.0369,0.6367,0.7411,0.34495714285714285,42.445,25.251225502053675,55.30190606298621
1.0,0.0,0.0,0.0,1.0,1.0,1.0,0.5714285714285714,32.873,25.25091708043191,55.301759985155904
0.0,0.0,0.0,0.0,0.0,1.0,1.0,0.2857142857142857,8.624,25.2321275,55.29692705
0.0,0.0,0.0,0.0,0.0,0.0,1.0,0.14285714285714285,38.936,25.248961035432007,55.3131727081506
0.0,0.0,0.0,0.0,0.4469,0.5624,1.0,0.28704285714285716,61.746,25.24889713614509,55.31307694747808
0.0,0.0,0.0,0.0,0.0,0.0,0.0,0.0,28.82,25.248374212287803,55.31461495521344
0.0,0.0,0.0,0.0,0.0,0.0,0.1821,0.026014285714285715,41.71,25.248427514104673,55.31386893506898
1.0,0.0,0.0,0.0,0.0,0.0,0.0,0.14285714285714285,6.345,25.244056564199912,55.313346131184566
0.8217,0.0,0.0,0.0,0.0,0.5313,0.7797,0.30467142857142854,81.01,25.2437139,55.3119863
1.0,0.0,0.0,0.0,0.0,1.0,1.0,0.42857142857142855,3.401,25.24401165,55.31224655
1.0,0.0,0.0,0.0,0.0,1.0,1.0,0.42857142857142855,5.145,25.2439917,55.31226
1.0,0.0,0.0,0.0,0.0,1.0,1.0,0.42857142857142855,0.811,25.24398215,55.31228765
0.0,0.0,0.0,0.0,0.0,0.0,0.0,0.0,10.985,25.2449836,55.31380095
0.0,0.0,0.0,0.0,0.0,0.0,0.0,0.0,132.743,25.245076754015006,55.31410712359431
1.0,0.0,0.0,0.0,0.0,0.0,0.0,0.14285714285714285,13.662,25.24587586384408,55.31417554706317
1.0,0.0,0.0,0.0,0.0,0.0,0.0,0.14285714285714285,140.727,25.24623490080245,55.31346634170245
1.0,0.0,0.0,0.0,0.0,0.0,0.0,0.14285714285714285,11.877,25.24605587540828,55.31401486235867
0.7047,0.0,0.0,0.0,0.0,0.0,0.0,0.10067142857142856,12.921,25.24129370397378,55.30989654256409
1.0,0.6282,0.0,0.0,0.0,0.0,1.0,0.3754571428571429,21.907,25.2422806,55.3108999
1.0,0.2192,0.0,0.0,0.0,0.0,1.0,0.3170285714285714,15.461,25.2422483,55.31077265000001
0.9067,0.1823,0.0,0.0,0.0,0.0,1.0,0.29842857142857143,123.718,25.24177182202316,55.310464066533505
1.0,0.0,0.0,0.0,0.0,0.8435,1.0,0.40621428571428575,23.59,25.24220855,55.31064235
1.0,0.0,0.0,0.0,0.0,0.0,0.4424,0.20605714285714288,38.722,25.2424311,55.31083055
1.0,1.0,0.0,0.0,0.0,0.0,1.0,0.42857142857142855,13.663,25.24216735,55.311028
1.0,1.0,0.0,0.0,0.0,0.0,1.0,0.42857142857142855,9.487,25.24224715,55.31110185
1.0,1.0,0.0,0.0,0.0,0.0,1.0,0.42857142857142855,9.258,25.242178751373675,55.311090941137394
1.0,1.0,0.0,0.0,0.0,0.0,1.0,0.42857142857142855,5.921,25.242231271531963,55.3110471317533
1.0,1.0,0.0,0.0,0.0,0.0,1.0,0.42857142857142855,5.775,25.2422649,55.3110399
0.9842,0.3698,0.0,0.0,0.0,0.0,1.0,0.3362857142857143,115.211,25.2418396,55.31066485
0.9189,0.2763,0.0,0.0,0.0,0.0,0.6631,0.2654714285714286,151.896,25.24279138384544,55.31162127054535
1.0,0.8295,0.0,0.0,0.0,0.0,1.0,0.4042142857142857,12.077,25.2423213,55.31101295000001
0.8944,0.0135,0.0,0.0,0.0,0.0,0.6189,0.2181142857142857,131.313,25.24281815,55.31137635
1.0,0.0,0.0,0.0,0.0,0.0,1.0,0.2857142857142857,11.068,25.24331745,55.3118194
1.0,0.0,0.0,0.0,0.0,0.5127,1.0,0.35895714285714286,14.778,25.243333254710468,55.31174236574619
1.0,0.0,0.0,0.0,0.0,0.9408,1.0,0.4201142857142857,37.136,25.24325425,55.31157415
1.0,0.0,0.0,0.0,0.0,1.0,1.0,0.42857142857142855,6.743,25.24340495,55.31171495
1.0,0.0,0.0,0.0,0.0,0.5088,1.0,0.3584,14.598,25.243385486983787,55.31179160982974
0.5597,0.0,0.0,0.0,0.0,0.0,0.0,0.07995714285714285,6.767,25.24379135,55.31337145
1.0,0.0,0.0,0.0,0.0,0.0,0.0,0.14285714285714285,8.104,25.2438565,55.3133548
1.0,0.0,0.0,0.0,0.0,0.0,0.0125,0.14464285714285713,98.327,25.24370175439674,55.312898363317785
1.0,0.0,0.0,0.0,0.0,0.0,0.0,0.14285714285714285,7.839,25.24392635,55.31333695
1.0,0.0,0.0,0.0,0.0,0.0,0.2315,0.17592857142857143,101.551,25.243767639984455,55.312864763046804
1.0,0.0,0.0,0.0,0.0,0.0,0.0,0.14285714285714285,13.925,25.242618,55.31099115
1.0,0.0,0.0,0.0,0.0,0.0,0.0,0.14285714285714285,9.707,25.242612978410992,55.31094733494121
1.0,0.1458,0.0,0.0,0.0,0.0,0.0,0.16368571428571427,16.467,25.2427507,55.31093395
1.0,0.1159,0.0,0.0,0.0,0.0,0.0,0.1594142857142857,17.683,25.242730422312984,55.31091273683443
1.0,0.1793,0.0,0.0,0.0,0.0,0.0,0.16847142857142858,17.161,25.242769355563677,55.310951660413714
1.0,0.0,0.0,0.0,0.0,0.0,0.0,0.14285714285714285,7.1,25.24272625,55.3110129
0.4206,0.0,0.0,0.0,0.0,0.8553,0.897,0.31041428571428575,47.182,25.2429063967914,55.31119499610267
0.6903,0.0,0.0,0.0,0.0,0.6711,0.7289,0.2986142857142857,53.318,25.24285145,55.3112036
0.7637,0.0,0.0,0.0,0.0,1.0,1.0,0.39481428571428573,13.041,25.2430815,55.3114137
1.0,1.0,0.3858,0.0,0.0,0.0,1.0,0.48368571428571433,28.854,25.243440702395556,55.310598986965516
1.0,1.0,0.9333,0.0,0.0,0.0,0.8473,0.5400857142857143,15.258,25.2435298,55.3107847
1.0,0.0,0.0,0.0,0.0,0.0,0.0,0.14285714285714285,5.565,25.24268315,55.31101405
1.0,0.0,0.0,0.0,0.0,0.3489,0.5267,0.26794285714285715,44.406,25.23582355,55.3098509
1.0,0.0,0.0,0.0,0.0336,0.6017,0.9676,0.37184285714285714,30.991,25.23574532408165,55.309768694375045
1.0,0.0,0.0,0.0,0.0,0.8341,0.9307,0.39497142857142853,132.645,25.23661905,55.30988585
1.0,0.0,0.0,0.0,0.0,0.0,0.8994,0.27134285714285716,30.082,25.235910923473106,55.3097797881328
1.0,0.0,0.0,0.0,0.0,0.0,1.0,0.2857142857142857,4.902,25.235843,55.30964055
1.0,1.0,0.0,0.0,0.9063,1.0,1.0,0.7009,6.411,25.2359283,55.30734585
1.0,0.6951,0.0,0.0,0.0,0.5547,1.0,0.46425714285714287,35.181,25.23590286489397,55.307519138042146
1.0,1.0,0.8595,0.0,1.0,1.0,1.0,0.8370714285714287,36.132,25.23611945,55.3073543
1.0,1.0,0.0,0.0,0.0712,0.5518,1.0,0.5175714285714286,35.222,25.23593962112778,55.30752109073518
1.0,0.0,0.0,0.0,0.0,0.0,1.0,0.2857142857142857,40.276,25.2347063,55.3076828
1.0,0.0,0.0,0.0,0.0,0.7024,1.0,0.3860571428571428,13.384,25.234800850152634,55.30744085588964
1.0,0.0,0.0,0.0,0.0,0.0,0.6427,0.2346714285714286,20.932,25.23522315000001,55.3073148
1.0,0.6488,0.0,0.0,0.0,0.0,1.0,0.3784,59.344,25.2359006,55.30798805
1.0,1.0,1.0,0.0,0.0,0.0,0.0,0.42857142857142855,14.51,25.2371702,55.3073932
1.0,1.0,0.8555,0.0,0.203,0.7673,0.9405,0.6809000000000001,91.586,25.236693339146616,55.3073777077054
1.0,1.0,0.4149,0.0,0.0,0.0,0.627,0.43455714285714286,16.348,25.23713969688015,55.30731899391425
1.0,0.5029,0.698,0.0,0.0,0.0,0.0,0.3144142857142857,8.401,25.23727315,55.30739745
1.0,1.0,0.4331,0.0,0.0,0.0,0.5959,0.4327142857142857,17.551,25.237192669603164,55.30732270999402
1.0,0.7753,0.2945,0.0,0.5581,0.8517,0.8744,0.622,85.008,25.237936862396403,55.30632185847495
1.0,0.8981,0.7271,0.0,0.0,0.9026,1.0,0.6468285714285714,44.262,25.2367146,55.3066512
1.0,0.5916,0.552,0.0,0.0,0.6864,0.8406,0.5243714285714286,31.063,25.237042376884936,55.306566014061445
1.0,1.0,0.0,0.0,0.0,1.0,1.0,0.5714285714285714,9.768,25.23842165,55.30725655000001
1.0,0.7474,0.4311,0.0,0.0,1.0,1.0,0.5969285714285714,23.61,25.238519372029913,55.30738022434311
1.0,1.0,0.5339,0.0,0.0,0.5694,1.0,0.5861857142857143,16.537,25.23841672524493,55.30736860519622
1.0,1.0,0.9818,0.0,0.0,0.0,0.3523,0.4763,67.452,25.23807,55.30742585
1.0,0.8376,0.8873,0.0,0.0,0.4718,1.0,0.5995285714285714,25.459,25.2384873,55.307445
1.0,0.0229,0.0,0.0,0.0,0.0,0.0,0.1461285714285714,45.041,25.2375133,55.307407
1.0,1.0,0.0,0.0,0.0,0.0,0.0,0.2857142857142857,5.686,25.23774125,55.307416
1.0,1.0,0.0,0.0,0.0,0.0,0.1722,0.3103142857142857,43.444,25.237718844819703,55.307630868749825
1.0,1.0,0.0,0.0,0.0,0.0,0.4199,0.3457,43.445,25.23775095852315,55.30763212437741
1.0,1.0,0.7761,0.0,0.0,0.7589,1.0,0.6478571428571429,41.637,25.23607475,55.30828855
1.0,0.0,0.0,0.0,0.0,0.0,1.0,0.2857142857142857,5.022,25.235862,55.30906105
1.0,0.4712,0.2088,0.0,0.0,0.8377,1.0,0.5025285714285714,33.946,25.236013832209924,55.30908477302597
1.0,0.4694,0.2069,0.0,0.0,0.8361,1.0,0.5017714285714285,33.907,25.236014855557915,55.30904931647109
1.0,0.0,0.0,0.0,0.0,0.0,0.0,0.14285714285714285,4.058,25.2396815,55.30921055000001
1.0,0.0,0.0,0.0,0.0,0.0,0.0,0.14285714285714285,36.212,25.2396904,55.3090106
1.0,0.6252,0.6001,0.0,0.0,0.0,0.2767,0.3574285714285714,39.466,25.23950496837039,55.30918927527083
1.0,0.6492,0.6071,0.0,0.0,0.0,0.2605,0.3595428571428571,39.406,25.23950368658584,55.30921928108364
1.0,0.0,0.0,0.0,0.0,0.0,0.0,0.14285714285714285,37.026,25.239757610734053,55.30866383507541
0.6361,0.4861,0.4253,0.0,0.0,0.5797,0.9082,0.43362857142857136,79.476,25.2391447,55.3099997
1.0,1.0,1.0,0.0,0.0,0.0,0.0,0.42857142857142855,32.62,25.23964835,55.31002195
1.0,1.0,0.3116,0.0,0.0,0.0,0.0,0.3302285714285714,23.424,25.23958758288187,55.30994893626125
1.0,1.0,0.3475,0.0,0.0,0.0,0.0,0.33535714285714285,24.065,25.239710088091133,55.30995714669973
1.0,0.0,0.0,0.0,0.0,0.0,0.0,0.14285714285714285,6.883,25.24267805,55.31096885
1.0,0.0,0.0,0.0,0.0,0.0,0.0,0.14285714285714285,4.226,25.2365061,55.31175215
1.0,0.0,0.0,0.0,0.0,0.0,0.0,0.14285714285714285,4.641,25.23648625,55.31177475
1.0,0.0,0.0,0.0,0.0,0.0,0.0,0.14285714285714285,18.328,25.23640479648891,55.31175114634341
1.0,0.0,0.0,0.0,0.0,0.0,0.0,0.14285714285714285,4.281,25.23650465,55.31179795
1.0,0.0,0.0,0.0,0.0,0.0,0.0,0.14285714285714285,18.431,25.236402800200743,55.311791730424915
1.0,0.0,0.0,0.0,0.0,0.0,0.0,0.14285714285714285,23.225,25.23648325260714,55.31191278389075
1.0,0.0,0.0,0.0,0.0,0.0,0.0,0.14285714285714285,4.578,25.2365245,55.31177535
1.0,0.0,0.0,0.0,0.0,0.0,0.2278,0.1754,19.072,25.2366107,55.3117584
1.0,0.0,0.0,0.0,0.0,0.0,0.0,0.14285714285714285,23.528,25.236517959772314,55.31191399860236
1.0,0.6192,0.0,0.0,1.0,1.0,1.0,0.6598857142857143,13.807,25.236956438732157,55.311798216441765
1.0,0.8355,0.7157,0.5849,0.5921,0.7817,1.0,0.7871285714285714,89.504,25.236870216210438,55.31221796981518
1.0,0.4742,0.0,0.0,0.3256,0.4684,1.0,0.46688571428571424,22.64,25.236798003501736,55.311771588786556
1.0,0.0,0.0,0.0,0.0,0.0,1.0,0.2857142857142857,4.376,25.2365551,55.31016445
1.0,0.0,0.0,0.0,0.0,0.0,1.0,0.2857142857142857,2.238,25.23656055,55.31014385
1.0,0.0,0.0,0.0,0.0,0.12,1.0,0.3028571428571429,21.908,25.236501784766464,55.31005107482313
1.0,0.0,0.0,0.0,0.0,0.5746,1.0,0.3678,29.11,25.2365678,55.3099747
1.0,0.0,0.0,0.0,0.0,0.0,1.0,0.2857142857142857,4.318,25.23656515,55.310165
1.0,0.0,0.0,0.0,0.0,0.0,1.0,0.2857142857142857,7.428,25.236604,55.31014485
1.0,0.0,0.0,0.0,0.0,0.0,1.0,0.2857142857142857,22.214,25.23662576539112,55.310055452652975
1.0,1.0,0.9529,0.0,0.0,0.0,0.0,0.42184285714285713,180.584,25.232620255792547,55.31025770361891
1.0,0.761,0.5677,0.0,0.0,0.1997,0.7434,0.4674,60.844,25.24059165230087,55.31014144058001
1.0,0.0777,0.0025,0.0029,0.0213,0.0456,0.2418,0.19882857142857144,126.995,25.23377046513607,55.30783295999525
1.0,0.0,0.0,0.0,0.0,0.0,0.113,0.159,11.402,25.2340058,55.30902165
1.0,0.0,0.0,0.0,0.0,0.0,0.0092,0.1441714285714286,33.597,25.23412375106154,55.30911315939886
0.842,0.0,0.0,0.0,0.0,0.0,0.1021,0.13487142857142856,120.315,25.234306485567537,55.30845754230553
1.0,0.0,0.0,0.0,0.0,0.0,0.0,0.14285714285714285,30.375,25.234145230616967,55.30905359332552
1.0,0.0,0.0,0.0,0.0,0.0,1.0,0.2857142857142857,9.44,25.2346016,55.30790115
1.0,0.0,0.0,0.0,0.0,0.0,1.0,0.2857142857142857,29.634,25.23471211578029,55.30796648636895
1.0,0.0,0.0,0.0,0.0,0.0,1.0,0.2857142857142857,26.751,25.234730949541223,55.30791568665853
1.0,1.0,0.0,0.0,0.0,0.6284,1.0,0.5183428571428571,35.225,25.2336733,55.3144831
1.0,0.5513,0.0313,0.0,0.0,0.1824,1.0,0.395,13.905,25.2336108,55.3146562
0.6391,0.7822,0.7463,0.0,0.7601,0.8487,0.9511,0.6753571428571429,61.496,25.233948948034097,55.31466202333716
1.0,1.0,0.771,0.0,0.4514,0.6895,0.7726,0.6692142857142857,66.829,25.232149,55.3117611
0.8355,0.5694,0.0598,0.0,0.0,0.0,0.2569,0.24594285714285716,341.895,25.231211398643858,55.313086947577894
0.0,0.0,0.0,0.0,0.0,1.0,1.0,0.2857142857142857,3.1,25.23472455,55.3144469
0.0,0.0,0.0,0.0,0.0,1.0,1.0,0.2857142857142857,5.612,25.2347489,55.31444045000001
0.0,0.0,0.0,0.0,0.0,0.0403,1.0,0.14861428571428573,17.386,25.23464986766852,55.31440745495006
0.0,0.0,0.0,0.0,0.0,0.0,0.8929,0.12755714285714287,15.358,25.234581581974414,55.31445501297521
0.0,0.0,0.0,0.0,0.0,0.0049,0.8681,0.12471428571428571,18.653,25.234644450928567,55.314491782953475
0.0,0.0,0.0,0.0,0.0,1.0,1.0,0.2857142857142857,5.568,25.23474845,55.31445585
0.6574,0.1379,0.0,0.0,0.0,1.0,1.0,0.3993285714285714,50.057,25.23499785,55.31445375
1.0,0.0,0.0,0.0,0.0,0.0,0.0,0.14285714285714285,7.37,25.24399868608156,55.31336125032665
1.0,0.0,0.0,0.0,0.0,0.0,0.0,0.14285714285714285,19.625,25.2390693,55.3135418
0.9734,0.0,0.0,0.0,0.0,0.0,0.0,0.13905714285714285,86.798,25.239056621865213,55.31312955063491
1.0,0.0253,0.0,0.0,0.0,0.0,0.2496,0.18212857142857145,67.155,25.2409786,55.31233375
1.0,0.0,0.0,0.0,0.0,0.0,0.0,0.14285714285714285,13.2,25.24099775,55.31193485
1.0,0.0,0.0,0.0,0.0,1.0,1.0,0.42857142857142855,21.801,25.2355519,55.31445355
1.0,0.0801,0.0,0.0,0.0,1.0,1.0,0.4400142857142857,25.687,25.2353384,55.31445715
1.0,0.2092,0.5001,0.0,0.0,0.0,1.0,0.38704285714285713,18.077,25.2418417,55.3109421
1.0,0.9948,0.263,0.0,0.0,0.0,1.0,0.4654,14.114,25.241770615183174,55.31095471258155
1.0,1.0,0.3245,0.0,0.0,0.0,1.0,0.4749285714285714,2.418,25.24177885,55.311061
1.0,0.9846,0.1513,0.0,0.0,0.0,1.0,0.44798571428571426,5.136,25.2417688,55.3110368
1.0,0.375,0.5164,0.0,0.0,0.0,1.0,0.41305714285714284,14.619,25.241842355039743,55.31101749552953
1.0,0.221,0.2607,0.0,0.0,0.0,1.0,0.3545285714285714,26.572,25.241896330896566,55.31108462077401
0.0,0.0,0.0,0.0,0.0,0.8593,0.971,0.2614714285714285,80.149,25.241236233993206,55.313585273883135
0.289,0.2486,0.2865,0.289,0.29,0.2858,0.9824,0.38161428571428574,10.199,25.241060096224224,55.31324574744256
0.8681,0.4643,0.2774,0.0023,0.0,0.0,0.0,0.23029999999999998,18.888,25.246832520658938,55.31390480163297
0.8032,0.0,0.0,0.0,0.0,0.0,0.0,0.11474285714285715,35.902,25.246805015351825,55.313773348984846
0.5051,0.0,0.0,0.0,0.0,0.0,0.0,0.07215714285714285,86.366,25.246748385805233,55.31433572198237
1.0,0.0,0.0,0.0,0.0,0.083,0.8893,0.2817571428571429,28.043,25.23571875,55.31460675
1.0,0.0,0.0,0.0,0.0,0.0,0.6567,0.23667142857142856,15.412,25.235835630504376,55.314519041797574
1.0,0.0,0.0,0.0,0.0,0.0,1.0,0.2857142857142857,2.705,25.23583735,55.31444265
1.0,0.0,0.0,0.0,0.0,0.9201,1.0,0.4171571428571429,19.507,25.23573755,55.3144471
1.0,0.3096,0.0643,0.0,0.099,0.6623,1.0,0.44788571428571433,46.061,25.23847627880243,55.314351106500844
1.0,1.0,0.8548,0.3052,0.8073,0.8668,0.9892,0.8319000000000001,54.102,25.2368821,55.31376875
1.0,1.0,0.0,0.0,0.0,0.0,0.0,0.2857142857142857,41.782,25.2366448,55.3135509
1.0,0.2731,0.0,0.0,0.0,0.0,0.7092,0.28318571428571426,34.876,25.236613818201803,55.313904774685525
1.0,1.0,0.8399,0.0,0.0,0.0,0.401,0.4629857142857143,54.462,25.2368952,55.3133566
1.0,0.2193,0.1638,0.0622,0.1269,0.2351,1.0,0.40104285714285715,72.636,25.2370082,55.312161
1.0,0.0775,0.1504,0.0,0.0,0.0,0.3588,0.22667142857142858,11.362,25.23704835,55.312513
1.0,0.0397,0.0,0.0,0.4605,1.0,1.0,0.5000285714285714,16.744,25.2370937,55.31180415
1.0,0.0,0.0,0.0,0.0,0.8888,0.6624,0.36445714285714287,15.436,25.23723825,55.31181135
1.0,0.0,0.0,0.0,0.0,0.24,0.5595,0.25707142857142856,69.111,25.2371595,55.3121516
1.0,0.0,0.0,0.0,0.0,0.0,0.0,0.14285714285714285,5.777,25.23712445,55.31249955
1.0,0.0,0.0,0.0,0.0,0.0,0.0,0.14285714285714285,10.752,25.237196840946588,55.31248114548654
1.0,0.0,0.0,0.0,0.0,0.0,0.0,0.14285714285714285,67.242,25.237295001478405,55.31214648479157
1.0,0.6846,0.2993,0.2993,0.53,0.5448,0.6778,0.5765428571428571,36.576,25.23734315245534,55.31257917029928
1.0,0.0,0.0,0.0,0.0,0.0,0.0,0.14285714285714285,4.897,25.2373296,55.3118155
1.0,0.0,0.0,0.0,0.0,0.0,1.0,0.2857142857142857,3.523,25.23669695,55.3117467
1.0,0.0,0.0,0.0,0.0751,0.3485,0.8779,0.3287857142857143,4.411,25.23917475,55.314882
1.0,0.0326,0.0216,0.0,0.0,0.0,0.0,0.1506,13.48,25.2412972,55.31131965
1.0,0.037,0.0887,0.0,0.0,0.0,0.0,0.16081428571428572,11.409,25.2412996,55.31140795000001
1.0,0.2238,0.0219,0.0,0.0,0.0,0.0,0.17795714285714287,10.876,25.241249949541874,55.31131955148567
1.0,0.2461,0.2437,0.1933,0.1933,0.2033,0.3227,0.3432,27.761,25.24117690843604,55.31146891827051
1.0,0.0,0.0,0.0,0.0,0.0,0.123,0.16042857142857142,28.563,25.2412518,55.3111241
1.0,0.535,0.518,0.5175,0.5177,0.517,0.5726,0.5968285714285714,19.309,25.2411697,55.3109799
1.0,0.0,0.0,0.0,0.0966,0.1291,0.2001,0.20368571428571428,54.784,25.241394761608667,55.311078335548316
1.0,0.0,0.0,0.0,0.5314,0.6125,0.8046,0.4212142857142857,19.033,25.24098465,55.3115233
1.0,0.3921,0.3372,0.1715,0.3241,0.3699,0.4296,0.43205714285714286,26.35,25.24107325,55.31139495
1.0,0.2786,0.2285,0.1568,0.2125,0.2668,0.3063,0.34992857142857137,28.815,25.2410796,55.3111208
1.0,0.183,0.0992,0.0371,0.0701,0.0694,0.1427,0.2287857142857143,134.313,25.24131891593299,55.3109653767364
1.0,0.0,0.0,0.0,0.0,0.0,1.0,0.2857142857142857,3.058,25.2406218,55.3115275
1.0,0.0,0.0,0.0,0.0,0.0,1.0,0.2857142857142857,13.137,25.24068115,55.3115141
1.0,0.0,0.0,0.0,0.0,0.0403,0.5488,0.2270142857142857,11.558,25.2413836,55.31155905
1.0,0.0,0.0,0.0,0.0,0.0,0.2017,0.17167142857142856,27.187,25.24149345,55.31140955
1.0,0.6519,0.5815,0.3982,0.4033,0.3857,0.3982,0.5455428571428572,11.104,25.24137785,55.31147895
1.0,0.4135,0.0,0.0,0.0,0.0,1.0,0.3447857142857143,4.295,25.2417559,55.31105575
1.0,0.4108,0.139,0.0058,0.0,0.0,0.2482,0.2576857142857143,14.797,25.24172657851734,55.3111226061419
1.0,0.0,0.0,0.0,0.0,0.0,1.0,0.2857142857142857,2.426,25.24174585,55.31103155
1.0,0.3223,0.1396,0.0058,0.0,0.0,0.2553,0.24614285714285716,14.666,25.24170142551526,55.31110081073844
1.0,0.0,0.0,0.0,0.0,0.0,0.6952,0.24217142857142857,15.556,25.242839645421228,55.31201878329566
1.0,0.0,0.0,0.0,0.0,0.0,0.0,0.14285714285714285,16.1,25.242748511489513,55.31205544228863
1.0,0.7568,0.7469,0.0101,0.4657,1.0,1.0,0.7113571428571428,80.111,25.242271103236327,55.310265302105414
1.0,0.7733,0.7485,0.0,0.8284,0.9236,0.9132,0.7409999999999999,80.579,25.24335485,55.3111438
1.0,0.8496,0.6529,0.0,0.0,0.0,0.4585,0.42300000000000004,128.271,25.2440357,55.31122775
1.0,0.6573,0.0,0.0,0.8456,0.9161,0.8918,0.6158285714285715,82.096,25.244256,55.31194
0.4725,0.0,0.0,0.0,0.0245,0.7603,1.0,0.3224714285714286,42.383,25.245137637465305,55.31314388984253
1.0,0.0,0.0,0.0,0.0,0.0,0.0,0.14285714285714285,88.305,25.23645095,55.31355145
1.0,0.1201,0.0465,0.0,0.4262,0.3837,0.5856,0.36601428571428574,42.524,25.23627772297717,55.313120905670786
1.0,0.1437,0.2114,0.0,0.0,0.0,0.0901,0.20645714285714287,24.73,25.23632719992358,55.31399005000001
1.0,1.0,0.6263,0.0,0.0,0.0,1.0,0.5180428571428571,2.706,25.23485025,55.31349675
1.0,0.744,0.2651,0.0296,0.0,0.0784,1.0,0.4453,67.393,25.234766381012015,55.3137916418174
1.0,0.0,0.0,0.0,0.0,1.0,1.0,0.42857142857142855,4.596,25.23482641758019,55.31308680683058
1.0,0.0,0.0,0.0,0.3342,1.0,1.0,0.47631428571428575,16.022,25.23482410549047,55.31299208973667
1.0,0.0,0.0,0.0,0.0,0.0,0.2347,0.17638571428571428,110.655,25.234545096764872,55.312641119196975
1.0,0.2144,0.0,0.0,0.0,0.4672,1.0,0.3830857142857143,19.296,25.23472768774978,55.3131029771571
1.0,1.0,1.0,1.0,1.0,1.0,1.0,1.0,3.615,25.23515005,55.31357265
1.0,1.0,1.0,1.0,1.0,1.0,1.0,1.0,4.92,25.23515013864865,55.31353115694854
1.0,1.0,1.0,1.0,1.0,1.0,1.0,1.0,14.79,25.23508811502177,55.313578932903226
1.0,0.891,0.0,0.0,0.0,0.0,0.6789,0.3671285714285714,21.005,25.239428853869175,55.30898100182796
1.0,0.1579,0.0,0.0,0.0,0.0,0.7185,0.2680571428571428,31.088,25.23941425,55.3088402
1.0,0.1388,0.0,0.0,0.0,0.0,0.8695,0.28690000000000004,37.885,25.23937421512168,55.30881685365762
1.0,1.0,0.1379,0.0,0.0,0.0,0.0,0.30541428571428575,22.992,25.23932622293467,55.309083978787555
1.0,0.0,0.0,0.0,0.0,0.4842,0.7894,0.32480000000000003,15.736,25.239539554424145,55.3087584313855
1.0,0.9962,0.8005,0.0,0.0,0.0,0.0,0.3995285714285714,57.66,25.2390689,55.30918695
1.0,0.2005,0.0,0.0,0.0,0.0,0.1893,0.19854285714285713,28.535,25.239548539165938,55.30895431662847
1.0,0.0,0.0,0.0,0.0,0.0,0.883,0.269,14.056,25.239635338726153,55.30882639545621
1.0,0.5611,0.083,0.0,0.0,0.0,0.0,0.2348714285714286,92.582,25.23945895,55.3071222
1.0,0.6464,0.6017,0.0,0.8874,1.0,1.0,0.7336428571428572,44.457,25.239000431217367,55.30747267317833
1.0,0.0,0.0,0.0,0.0,0.9553,1.0,0.42218571428571433,24.526,25.2387878,55.3075669
1.0,0.0,0.0,0.0,0.0,1.0,1.0,0.42857142857142855,4.051,25.2388877,55.30765625
1.0,0.7118,0.6974,0.0,0.5918,0.957,1.0,0.7082857142857143,43.71,25.23902495,55.30749965
1.0,0.0,0.0,0.0,0.0,0.9779,1.0,0.4254142857142857,57.629,25.2391038,55.30784845
1.0,0.4289,0.5714,0.0,0.0,0.0,0.0,0.2857571428571429,27.845,25.2398829,55.30749455
1.0,0.847,0.8416,0.0,0.0,0.6635,0.6675,0.5742285714285715,81.6,25.23955695,55.3077311
1.0,0.0,0.0,0.0,0.0,1.0,1.0,0.42857142857142855,3.636,25.23931845,55.30803935
1.0,0.1132,0.0,0.0,0.0,0.9056,1.0,0.43125714285714284,24.935,25.2394178,55.3081294
1.0,0.0,0.0,0.0,0.7966,0.9434,0.9816,0.5316571428571429,61.677,25.231417497020495,55.31393051288843
1.0,0.4156,0.1401,0.1316,0.1406,0.5571,0.9791,0.4805857142857142,219.999,25.23197023982903,55.312896873512216
1.0,0.0,0.0,0.0,0.0,0.0,0.0,0.14285714285714285,19.525,25.23425685,55.3123639
1.0,0.0,0.0,0.0,0.36,0.5101,0.971,0.40587142857142855,22.096,25.23247425,55.31426175000001
1.0,0.0,0.0,0.0,0.0,0.0,0.9709,0.28155714285714284,70.549,25.2323797,55.31461105
1.0,0.7709,0.5142,0.0,0.0,0.0,0.5822,0.40961428571428576,44.91,25.2325864,55.31495705
1.0,0.0,0.0,0.0,0.0,0.0,1.0,0.2857142857142857,27.263,25.2335338,55.3137065
1.0,0.8185,0.3648,0.0,0.0,0.5497,1.0,0.5332857142857143,105.699,25.233303920703385,55.313709551420644
1.0,0.0943,0.0091,0.0,0.0,0.0,1.0,0.3004857142857143,81.707,25.23354255536021,55.31424809459826
1.0,0.1099,0.1341,0.3314,0.0,0.0,1.0,0.36791428571428575,59.068,25.233520812540924,55.31327929255256
1.0,0.0,0.0,0.0,0.0,0.0,1.0,0.2857142857142857,11.266,25.2328423,55.3128338
1.0,0.0,0.0,0.0,0.0,0.3482,1.0,0.3354571428571429,42.36,25.2328393,55.31256725
1.0,0.1234,0.0,0.0,0.0,0.0,1.0,0.3033428571428572,12.743,25.232899,55.3127781
1.0,1.0,0.8104,0.0,0.8735,0.9281,1.0,0.8017142857142857,66.651,25.23801095,55.30842905
1.0,0.0421,0.0,0.0,0.0,0.0,1.0,0.29172857142857145,42.97,25.23770535,55.3086289
1.0,1.0,0.0,0.0,0.0,0.0,1.0,0.42857142857142855,5.354,25.23771225,55.3083888
1.0,1.0,0.1726,0.0,0.0,0.0,1.0,0.4532285714285714,40.694,25.23652885,55.30888224999999
1.0,1.0,0.8461,0.0,0.0,0.0,0.7452,0.5130428571428571,27.717,25.23664655,55.3090894
1.0,1.0,1.0,0.0,0.0,0.8337,1.0,0.6905285714285715,30.804,25.23638355,55.3090797
1.0,1.0,0.2764,0.0,0.0,0.0,0.9318,0.4583142857142857,40.051,25.2367856,55.30889595000001
1.0,0.9142,0.8021,0.0,0.0,0.4548,0.6969,0.5525714285714286,50.928,25.23699995,55.30910365
0.1963,0.0,0.0,0.0,0.0,0.8069,1.0,0.2861714285714285,75.453,25.2384486,55.30996905000001
0.6674,0.0,0.0,0.0,0.0,0.0,0.4809,0.16404285714285713,81.286,25.2387987,55.3095804
1.0,0.8342,0.7037,0.0,0.0,0.3803,0.4212,0.4770571428571429,34.449,25.238655,55.3091703
1.0,1.0,0.0,0.0,0.0,0.3954,1.0,0.48505714285714285,42.369,25.2384975,55.3093747
1.0,1.0,0.0,0.0,0.0,0.4075,1.0,0.48678571428571427,45.101,25.2381073,55.3093726
1.0,1.0,0.0,0.0,0.0,0.0,1.0,0.42857142857142855,45.298,25.23790985,55.3091403
1.0,0.0,0.0,0.0,0.0,0.1767,0.9276,0.3006142857142858,80.48,25.2372219,55.3095129
0.5002,0.0,0.0,0.0,0.0,0.4576,0.6036,0.22305714285714284,99.56,25.23766230308722,55.309933282596994
1.0,0.6245,0.0,0.0,0.0,0.6178,1.0,0.4631857142857143,4.54,25.2372492,55.3091137
1.0,1.0,0.0908,0.0,0.0,0.0,1.0,0.4415428571428572,78.537,25.2362535,55.3086847
1.0,0.6142,0.0,0.3001,0.177,0.2016,1.0,0.47041428571428573,93.879,25.23627185,55.30782785
1.0,1.0,1.0,0.0,0.0,0.5892,1.0,0.6556,8.866,25.23620525,55.30907365
1.0,0.5686,0.0,0.5663,0.6314,0.0,1.0,0.5380428571428572,79.198,25.2372794,55.30872095
1.0,0.5038,0.0,0.0,0.0,0.0,0.2613,0.25215714285714286,93.411,25.23730005,55.3078632
1.0,0.9171,0.0,0.0,0.0,0.739,1.0,0.5223,44.007,25.23746735,55.30912245
1.0,0.9174,0.0,0.0,0.0,0.3392,0.9455,0.45744285714285715,40.173,25.2364064,55.306918
1.0,1.0,0.6176,0.0,0.0,0.7016,1.0,0.6170285714285715,12.874,25.2364625,55.30670595
1.0,1.0,0.0,0.0,0.0,0.0,0.0,0.2857142857142857,5.141,25.2335153,55.3084213
1.0,1.0,0.7066,0.0,0.0,0.0,0.2216,0.4183142857142857,14.223,25.2335821,55.3084294
1.0,1.0,0.7989,0.4907,0.2842,0.2842,0.2842,0.5917428571428572,14.142,25.2335635,55.30847415
1.0,0.0,0.0,0.0,0.0,0.0,0.0,0.14285714285714285,47.144,25.235088334393286,55.306749106321185
1.0,0.0,0.0,0.0,0.0,0.0,0.0,0.14285714285714285,7.242,25.235098543029665,55.30647997732924
1.0,0.0,0.0,0.0,0.0,0.0,0.0,0.14285714285714285,7.744,25.23511315932495,55.30647850170682
1.0,0.0,0.0,0.0,0.0,0.0,0.0,0.14285714285714285,2.242,25.23510655,55.3064424
1.0,0.0,0.0,0.0,0.0,0.0,0.0,0.14285714285714285,14.921,25.235129044231208,55.30636889313387
1.0,0.3764,0.176,0.0,0.0,0.0,0.0,0.22177142857142856,54.451,25.235282321585196,55.306308225690614
1.0,0.5672,0.1214,0.0,0.0,0.0,0.6364,0.3321428571428572,79.989,25.2365236,55.306296
1.0,0.7701,0.7649,0.0,0.0,1.0,1.0,0.6478571428571429,46.168,25.23883008181905,55.30730968710757
1.0,0.723,0.6775,0.0312,0.7,0.7323,0.8883,0.6789,54.572,25.2394573410001,55.307817668055826
1.0,0.2342,0.0,0.0,0.7712,0.8206,0.7991,0.5178714285714285,82.764,25.23974375,55.30789285000001
1.0,1.0,0.7808,0.0,0.0,0.806,1.0,0.6552571428571429,50.299,25.236936677060402,55.30242386278037
1.0,0.9097,0.8346,0.0607,0.0342,0.0163,0.2669,0.4460571428571429,186.848,25.23665179807281,55.30233799805348
1.0,0.0,0.0,0.0,0.0,0.0,0.9049,0.27212857142857144,39.222,25.241658632168296,55.31086932434474
1.0,0.0,0.0,0.0,0.0,0.0,0.0,0.14285714285714285,11.516,25.2379804,55.3051559
1.0,0.0,0.0,0.0,0.0,0.0,0.0,0.14285714285714285,15.536,25.23797511624801,55.30508152291618
1.0,0.0,0.0,0.0,0.0,0.0,0.0,0.14285714285714285,15.679,25.238017184645216,55.305094442529295
1.0,1.0,0.0,0.0,0.7832,1.0,1.0,0.6833142857142857,6.484,25.23817825,55.3043829
1.0,1.0,0.0,0.0,0.0091,0.0585,0.2419,0.3299285714285714,44.795,25.238102316475878,55.30459050090234
1.0,1.0,0.0,0.0,0.0,0.0419,0.2205,0.3232,44.933,25.238138954941938,55.30460181290782
1.0,0.0,0.0,0.0,0.0,0.0,0.0,0.14285714285714285,5.968,25.24114875,55.3045379
1.0,1.0,1.0,0.0,0.1854,1.0,1.0,0.7407714285714285,18.357,25.2368767,55.30397375
1.0,1.0,1.0,0.0,0.0,0.2335,1.0,0.6047857142857141,6.417,25.23698385,55.30400745
1.0,1.0,1.0,0.0,0.0,0.5262,1.0,0.6466000000000001,17.283,25.23708635,55.3040397
1.0,1.0,1.0,0.0,0.0,0.6056,1.0,0.6579428571428572,30.236,25.23724985,55.30347455
1.0,1.0,0.4649,0.0,0.0,1.0,0.2395,0.5292,8.601,25.237337,55.30330725
1.0,0.9296,0.1524,0.0,0.0,0.0514,0.0,0.3047714285714286,26.603,25.237416,55.3031556
1.0,1.0,0.0,0.0,0.0,0.0,1.0,0.42857142857142855,8.178,25.237821,55.30333565
1.0,1.0,0.0,0.0,0.0,0.0,1.0,0.42857142857142855,1.758,25.2377662,55.3034844
1.0,0.3027,0.0,0.0,0.0,0.0,0.7927,0.2993428571428571,5.86,25.23773325,55.30347405000001
1.0,0.0,0.0,0.0,0.0,0.0,0.0,0.14285714285714285,7.86,25.2449182,55.3049729
1.0,0.1574,0.0,0.0,0.0,0.0,0.0,0.16534285714285715,11.887,25.2450016,55.3050066
1.0,0.0,0.0,0.0,0.0,0.0,0.0,0.14285714285714285,11.742,25.2449154,55.3048299
1.0,0.0,0.0,0.0,0.0,0.0,0.0,0.14285714285714285,11.067,25.24494055,55.30472
1.0,0.0,0.0,0.0,0.0,0.0,0.0,0.14285714285714285,7.599,25.2448943,55.30492315
1.0,0.06,0.0,0.0,0.0,0.0,0.0,0.15142857142857144,56.825,25.24498310938075,55.30529900236533
1.0,0.0,0.0,0.0,0.0,0.0,0.0,0.14285714285714285,3.935,25.24291315,55.2988129
1.0,0.0,0.0,0.0,0.0,0.0,0.0,0.14285714285714285,3.85,25.24294545,55.2988278
1.0,1.0,0.0,0.0,0.0,0.0,0.0,0.2857142857142857,7.472,25.2454153,55.30907955
1.0,1.0,0.0,0.0,0.0,0.0,0.0,0.2857142857142857,2.855,25.24540315,55.3091291
1.0,1.0,0.8686,0.0,0.0,0.0,0.6942,0.5089714285714285,38.516,25.245573287889624,55.30916479845222
1.0,1.0,0.8262,0.0,0.0,0.0,0.6918,0.5025714285714286,38.758,25.245585149536698,55.3091179195427
1.0,0.0,0.0,0.0,0.0,0.0,0.119,0.15985714285714286,22.265,25.2448806402877,55.31010568162719
1.0,0.0,0.0,0.0,0.0,0.0,0.0,0.14285714285714285,4.113,25.24436585,55.30834895
1.0,0.0,0.0,0.0,0.0,0.0,0.0,0.14285714285714285,9.366,25.24432105,55.30835715
1.0,1.0,0.0,0.0,0.0,0.0,0.0,0.2857142857142857,3.561,25.24539565,55.3091599
1.0,0.6705,0.2156,0.0,0.2467,0.3764,0.2432,0.39319999999999994,26.008,25.24527935,55.30914035
1.0,0.6029,0.0,0.0,0.0,0.0,0.0,0.2289857142857143,69.515,25.245306205212493,55.30950935545933
1.0,0.2102,0.2833,0.0,0.0,0.0,0.237,0.24721428571428575,24.561,25.24540575,55.3086486
1.0,0.3969,0.3807,0.0,0.0,0.0,0.2836,0.29445714285714286,92.528,25.245249038062425,55.30826390235753
1.0,0.9539,0.1172,0.0,0.0449,0.5237,0.3794,0.43130000000000007,28.047,25.244910191133282,55.30792158022994
0.9201,0.0,0.0,0.0,0.0,0.0,0.9737,0.27054285714285714,74.279,25.2442774,55.31005285000001
1.0,0.0,0.0,0.0,0.0,0.7997,1.0,0.39995714285714284,16.986,25.2440947,55.30978195
1.0,1.0,1.0,0.0,0.0,0.8009,0.8206,0.6602142857142858,29.043,25.2458689,55.30923745
0.772,0.0,0.0,0.0,0.0,0.0,0.4731,0.1778714285714286,35.284,25.244638918140097,55.31042074201042
0.9021,0.0,0.0,0.0,0.0,0.0,0.7335,0.23365714285714287,35.251,25.24466689526631,55.31038354877795
1.0,0.0,0.0,0.0,0.0,0.0,0.0,0.14285714285714285,9.922,25.24355035,55.30733605
1.0,0.0,0.0,0.0,0.2398,0.0992,0.0,0.19128571428571428,26.469,25.243473918241506,55.30744940482329
1.0,0.0,0.0,0.0,0.1451,0.0,0.0,0.16358571428571428,9.418,25.24348075,55.30759025
1.0,0.4598,0.0,0.0,0.0259,0.0377,0.3311,0.26492857142857146,117.944,25.24345750793513,55.30770579119687
1.0,0.0,0.0,0.0,0.0,0.0,0.0,0.14285714285714285,26.957,25.243557203402204,55.30747690096292
1.0,1.0,0.4199,0.1694,0.3568,0.4752,0.5999,0.5744571428571429,17.415,25.24349595,55.30952225
1.0,1.0,0.9146,0.1036,0.0858,0.7372,1.0,0.6916000000000001,27.86,25.2436848,55.3089523
1.0,1.0,0.9362,0.9362,1.0,1.0,1.0,0.9817714285714285,15.623,25.24357075,55.30893725
1.0,0.8064,0.0217,0.0,0.0,0.446,0.6723,0.42091428571428574,76.427,25.243038707444782,55.30822470284965
1.0,1.0,0.0,0.0,0.9961,1.0,0.953,0.7070142857142858,19.631,25.242809496193455,55.30849959775334
1.0,0.5725,0.3158,0.0644,0.2688,0.5988,0.7658,0.5123000000000001,91.036,25.24318211693865,55.30882459883585
1.0,1.0,0.0,0.0,0.0,0.0,0.0,0.2857142857142857,2.204,25.24234365,55.3081375
1.0,0.722,0.6911,0.0,0.0,0.7965,0.9333,0.5918428571428571,20.333,25.24244055,55.3081703
1.0,0.1878,0.0,0.0,0.0,1.0,1.0,0.4554,4.709,25.2426619,55.30824575
1.0,0.0296,0.0,0.0,0.0,1.0,1.0,0.4328,16.164,25.242597774806082,55.30820368111136
1.0,0.0,0.0,0.0,0.0,1.0,1.0,0.42857142857142855,16.385,25.24258617985009,55.30824105499749
1.0,0.0,0.0,0.0,0.0,0.0,0.0,0.14285714285714285,22.335,25.24864975,55.3099872
1.0,0.0,0.0,0.0,0.0,0.0,0.0,0.14285714285714285,3.767,25.24869915,55.3098888
1.0,0.4681,0.0,0.0,0.0,0.0,0.0,0.20972857142857143,13.092,25.248706044864655,55.309822763787324
1.0,0.0,0.0,0.0,0.0,0.0,0.0,0.14285714285714285,7.141,25.24864725,55.31010135
1.0,0.0,0.0,0.0,0.0,0.0,0.0,0.14285714285714285,22.078,25.24869665,55.31000295
1.0,0.8661,0.0,0.0,0.0,0.0,0.0,0.26658571428571426,13.275,25.248724906770317,55.30982999471486
1.0,1.0,0.0,0.0,0.0,0.0,0.0,0.2857142857142857,5.268,25.24873905,55.3097394
1.0,0.0332,0.0,0.0,0.0,0.0,0.8469,0.26858571428571426,195.051,25.247446409902103,55.311005038805725
1.0,0.1604,0.0,0.0,0.0,0.0,0.0,0.1657714285714286,129.902,25.247700549927334,55.31160007454559
1.0,0.1604,0.0,0.0,0.0,0.0,0.0,0.1657714285714286,129.902,25.24770054992733,55.31160007454558
0.1569,0.0,0.0,0.0,0.0,0.3652,1.0,0.21744285714285713,66.578,25.24958447450297,55.312568664792174
1.0,0.0,0.0,0.0,0.0,0.0,0.0,0.14285714285714285,6.691,25.24520685,55.30987185
1.0,0.0,0.0,0.0,0.0,0.6218,0.7187,0.33435714285714285,34.059,25.245344235271645,55.309945228043446
1.0,0.0,0.0,0.0,0.0,0.6591,0.729,0.3411571428571429,33.778,25.245357982305865,55.309904973870424
1.0,0.0,0.0,0.0,0.0,0.8812,1.0,0.41159999999999997,4.965,25.2494249,55.31033825000001
1.0,0.0,0.0,0.0,0.0,1.0,1.0,0.42857142857142855,13.145,25.24950305,55.31036355
1.0,1.0,0.0,0.0,0.0,1.0,1.0,0.5714285714285714,40.339,25.24844855,55.31248065
1.0,0.4267,0.2708,0.0,0.6474,1.0,1.0,0.6207,31.366,25.248203635040618,55.312507017284325
1.0,1.0,1.0,0.0,0.0,0.1516,0.0,0.4502285714285715,24.21,25.24625836953207,55.311019510424174
1.0,1.0,1.0,0.024,0.0,0.0,0.3416,0.4808,41.484,25.246481622180678,55.3110166312813
0.9037,1.0,1.0,0.0,0.0,0.9416,1.0,0.6921857142857143,8.8,25.24591705,55.3114988
0.5052,0.2331,0.1153,0.0,0.0,1.0,1.0,0.4076571428571429,38.492,25.24600913277152,55.31133746535398
0.0,0.2421,0.4236,0.0,0.0,0.0,0.8508,0.21664285714285714,14.352,25.2459982,55.3115709
0.4942,0.0804,0.1128,0.0,0.0,0.8293,1.0,0.3595285714285715,38.231,25.24604249942439,55.31136740121263
0.0,0.0,0.0,0.0,0.0,0.1604,0.982,0.16319999999999998,63.354,25.24840133659875,55.31354737244343
0.6724,0.7157,0.7063,0.0,0.5507,0.6402,1.0,0.6121857142857143,90.321,25.248659736230387,55.312997481033726
1.0,0.8914,0.0,0.0,0.0,0.0,1.0,0.41305714285714284,13.989,25.24404935,55.30519675
1.0,1.0,0.0,0.0,0.0,0.0,1.0,0.42857142857142855,29.704,25.24414855,55.30507665000001
1.0,1.0,0.0,0.0,0.0,0.0,0.0,0.2857142857142857,4.207,25.2422497,55.3056624
1.0,1.0,0.0,0.0,0.0,0.0,0.0,0.2857142857142857,22.91,25.24229658395257,55.30555871874259
1.0,0.0,0.0,0.0,0.0,0.9504,0.7522,0.3860857142857143,24.115,25.24425825,55.3046659
1.0,0.4753,0.0,0.0,0.0,0.0547,1.0,0.3614285714285715,27.224,25.244186567803048,55.304761502333164
1.0,0.8084,0.0,0.0,0.0,0.0,0.5902,0.3426571428571429,26.79,25.244275088096188,55.304792764388374
1.0,1.0,0.0,0.0,0.0,0.0,1.0,0.42857142857142855,4.314,25.2441935,55.304915
1.0,0.0,0.0,0.0,0.5657,0.6112,0.7461,0.4175714285714286,62.014,25.2452638,55.30666845
1.0,0.0,0.0,0.0,0.0,0.0053,0.0,0.14361428571428572,28.937,25.2471276,55.30816625
1.0,0.0,0.0,0.0,0.0,0.0068,0.8485,0.26504285714285714,32.573,25.24713761469236,55.30808903557097
1.0,0.0,0.0,0.0,0.0,0.0,1.0,0.2857142857142857,15.655,25.25022105,55.30909185
1.0,0.0,0.0,0.0,0.0,0.0,1.0,0.2857142857142857,7.913,25.2502512,55.3090482
1.0,0.0,0.0,0.0,0.0,0.0,1.0,0.2857142857142857,2.058,25.2502941,55.3090626
1.0,0.88,0.5897,0.4087,0.4087,0.4087,1.0,0.6708285714285714,13.714,25.24932025,55.30881135
0.0,0.0,0.0,0.0,0.0,0.8819,1.0,0.2688428571428571,8.859,25.2518235,55.30942225
0.857,0.0,0.0,0.0,0.1169,0.1862,0.2395,0.19994285714285714,107.049,25.25138724861392,55.30927720614896
1.0,1.0,0.0,0.0,0.0,0.0,0.0,0.2857142857142857,10.184,25.25368685,55.3068633
1.0,0.0,0.0,0.0,0.0,0.0,0.4748,0.2106857142857143,5.095,25.2446945,55.30012075
1.0,0.0,0.0,0.0,0.0,0.0,0.8524,0.26462857142857144,48.665,25.244481,55.2999954
1.0,0.8582,0.0,0.0,0.0,0.0,0.0,0.2654571428571429,24.135,25.244624781380356,55.30021564262886
1.0,0.9632,0.0,0.0,0.0,0.0,0.4515,0.34495714285714285,24.012,25.244661963809406,55.30023683610985
1.0,1.0,0.0,0.0,0.0,0.0,0.0,0.2857142857142857,4.175,25.24295415,55.3035279
1.0,0.7285,0.0,0.0,0.0,0.0,0.8152,0.36338571428571426,30.168,25.242819753447602,55.30348722553103
1.0,0.3967,0.0,0.0,0.0,0.0,0.8193,0.3165714285714286,31.009,25.242832393218706,55.303459235821876
1.0,0.0,0.0,0.0,0.0,0.0,0.0,0.14285714285714285,4.748,25.2426768,55.3034173
0.0,0.0,0.0,0.0,0.0,0.0,1.0,0.14285714285714285,8.791,25.2446385,55.2904332
0.0,0.0,0.0,0.0,0.0,0.14,0.9694,0.15848571428571429,83.969,25.244898130101,55.290681639753984
1.0,0.0,0.0,0.0,0.0,0.0,1.0,0.2857142857142857,6.93,25.2455249,55.29472495
1.0,0.0,0.0,0.0,0.0,0.0,1.0,0.2857142857142857,8.0,25.2454592,55.2947402
1.0,0.0,0.0,0.0,0.0,0.0,1.0,0.2857142857142857,89.459,25.24557356834233,55.2951678952713
0.8547,0.0,0.0,0.0,0.0,0.2284,0.7766,0.26567142857142856,168.816,25.245435635629594,55.29555175033652
1.0,0.7089,0.7158,0.1077,0.4786,0.6825,0.8486,0.6488714285714285,81.631,25.245064799012845,55.2948319457544
1.0,0.0,0.0,0.0,0.0,0.0,0.9145,0.27349999999999997,6.884,25.2456498,55.2956042
0.8144,0.0,0.0,0.0,0.0,0.0,0.4182,0.17608571428571432,42.779,25.245549226844847,55.295801865308356
1.0,0.642,0.0,0.0,0.4428,0.552,0.7578,0.4849428571428572,78.113,25.24141055,55.2955702
1.0,0.0,0.0,0.0,0.0,0.8878,1.0,0.41254285714285716,65.56,25.240973425529432,55.29574934692044
1.0,0.0,0.0,0.0,0.0,0.3757,1.0,0.3393857142857143,36.162,25.2413712833472,55.29599826203636
1.0,0.4463,0.4279,0.1942,0.2843,0.7648,0.8462,0.5662428571428572,58.974,25.24069065,55.29480725000001
1.0,0.0,0.0,0.0,0.0,0.0,0.0,0.14285714285714285,37.372,25.240546678498376,55.29450263835398
1.0,0.0,0.0,0.0,0.0,0.0,0.0,0.14285714285714285,2.755,25.2447471,55.29290165000001
1.0,0.0,0.0,0.0,0.0,0.0,0.0,0.14285714285714285,12.09,25.244747447468193,55.29283696853689
1.0,0.6276,0.1449,0.0,0.0,0.0,0.0,0.2532142857142857,35.721,25.2426963,55.29241605
1.0,0.0,0.0,0.0,0.0,0.0,0.0,0.14285714285714285,5.81,25.2425335,55.2923149
1.0,0.0,0.0,0.0,0.0,0.0,0.0,0.14285714285714285,8.114,25.242576,55.29229505
1.0,0.6756,0.2319,0.0,0.0,0.0,0.0,0.2725,37.906,25.24246276018815,55.292486099454756
1.0,0.0,0.0,0.0,0.0,0.0,0.0,0.14285714285714285,8.048,25.2425279,55.2922656
1.0,0.6766,0.1619,0.0,0.0,0.0,0.0,0.2626428571428571,37.844,25.242433064851568,55.292468499505354
1.0,0.0,0.0,0.0,0.0,0.0,0.0,0.14285714285714285,23.118,25.2424539,55.29217525
1.0,0.0,0.0,0.0,0.0,0.0,0.0,0.14285714285714285,6.418,25.2425704,55.29224575
1.0,0.0,0.0,0.0,0.0,0.0,1.0,0.2857142857142857,15.002,25.2434496,55.30171525
1.0,0.1199,0.0,0.0,0.0,0.0,0.3327,0.2075142857142857,60.601,25.243272811818994,55.301933414515425
1.0,1.0,0.0,0.0,0.0,0.0,0.0,0.2857142857142857,3.368,25.2432975,55.3021646
1.0,0.8253,0.0,0.0,0.0,0.0,0.0,0.26075714285714285,12.055,25.24335885,55.30220035000001
1.0,0.0115,0.0,0.0,0.0,0.0,0.463,0.21064285714285716,47.611,25.24341815,55.30196755
1.0,0.0,0.0,0.0,0.0,0.0,1.0,0.2857142857142857,2.185,25.24351685,55.30175735
1.0,0.0,0.0,0.0,0.0,0.1765,0.7886,0.2807285714285714,57.271,25.243520324080507,55.3019839190029
1.0,0.0,0.0,0.0,0.0,0.0,0.0,0.14285714285714285,13.808,25.2434618,55.30226015
1.0,0.0,0.0,0.0,0.0,0.676,0.9749,0.3787,46.025,25.24304371036365,55.29996347710486
1.0,0.2867,0.0,0.0,0.0,0.0449,1.0,0.33308571428571426,21.366,25.243251680446605,55.30016386279851
1.0,0.5274,0.0,0.0,0.0,0.0,1.0,0.36105714285714285,20.656,25.2438169,55.30041715
1.0,0.3627,0.0,0.0,0.0,0.0,1.0,0.33752857142857146,21.339,25.24376318063838,55.30046913881988
1.0,0.8935,0.0,0.0,0.0,0.0,1.0,0.41335714285714287,24.68,25.243996,55.3005248
1.0,1.0,0.0,0.0,0.0,0.0,1.0,0.42857142857142855,17.531,25.243832407747433,55.300512993940856
1.0,0.0,0.0,0.0,0.0,0.0,1.0,0.2857142857142857,7.261,25.24069255,55.2985978
1.0,0.615,0.0,0.0,0.0,0.0,0.6106,0.31794285714285714,143.174,25.24037125,55.2992559
1.0,0.1393,0.0,0.0,0.0,0.0576,0.3204,0.21675714285714287,29.875,25.240800920342117,55.29868640758925
1.0,0.0,0.0,0.0,0.0,0.0707,0.2889,0.19422857142857142,29.871,25.240820289016494,55.29864809423556
1.0,0.0,0.0,0.0,0.0,1.0,1.0,0.42857142857142855,11.633,25.2409741,55.29876245
1.0,0.1858,0.0,0.0,0.0,0.9603,1.0,0.44944285714285714,19.404,25.24109795,55.29883355
1.0,1.0,0.0,0.0,0.0,0.9281,1.0,0.5611571428571429,20.036,25.24125515,55.2989243
1.0,1.0,0.0,0.0,0.0,0.1638,1.0,0.4519714285714286,18.231,25.241199011349394,55.298965248124254
1.0,1.0,0.5027,0.0,0.0,0.1886,1.0,0.5273285714285715,16.097,25.24127044628272,55.299005336584905
1.0,0.0,0.0,0.0,0.0,0.0,0.8893,0.2699,22.92,25.240526699116625,55.30268945642409
1.0,0.6253,0.5125,0.4974,0.5502,0.598,0.8563,0.6628142857142857,46.076,25.24078600395276,55.30285212575345
1.0,0.0,0.0,0.0,0.0,0.0,1.0,0.2857142857142857,7.953,25.23895045,55.3021751
1.0,0.654,0.3319,0.0,0.0,0.2866,0.4796,0.39315714285714287,30.124,25.239064033378195,55.302255147103715
1.0,0.7438,0.0,0.0,0.0,0.0512,0.6161,0.3444428571428571,126.488,25.23923155,55.30158345000001
1.0,0.8115,0.352,0.0,0.0,0.3216,0.4773,0.4232,29.812,25.23908136343049,55.30221525472081
1.0,1.0,1.0,0.0,0.0,1.0,1.0,0.7142857142857143,8.467,25.23923175,55.3023045
1.0,0.0,0.0,0.0,0.0,0.0,0.0,0.14285714285714285,12.959,25.2447532,55.2917625
1.0,0.0,0.0,0.0,0.0,0.0,0.0,0.14285714285714285,58.75,25.24468365,55.2914144
1.0,0.0,0.0,0.0,0.0,0.0,0.0,0.14285714285714285,67.953,25.24458246610897,55.291477546528725
1.0,0.0,0.0,0.0,0.0,0.0,0.0,0.14285714285714285,96.902,25.24265435,55.29182105
1.0,0.0,0.0,0.0,0.0,0.0,0.0,0.14285714285714285,53.338,25.24317540804862,55.29225446761185
1.0,0.0,0.0,0.0,0.0,0.0,0.0,0.14285714285714285,160.591,25.24290056366761,55.29127615957829
1.0,0.0,0.0,0.0,0.0,0.0,0.0,0.14285714285714285,25.844,25.2447909,55.29195085
0.8367,0.0,0.0,0.0,0.0,0.0,0.0,0.11952857142857143,120.192,25.244445275814122,55.292305493786856
1.0,0.0,0.0,0.0,0.0,0.0,0.0,0.14285714285714285,25.835,25.2448411,55.2922017
0.6426,0.0,0.0,0.0,0.0,0.0,0.0,0.09179999999999999,55.394,25.2446701,55.2922995
1.0,0.0,0.0,0.0,0.0,0.0,0.0,0.14285714285714285,29.904,25.24444545,55.2926432
1.0,0.0,0.0,0.0,0.0,0.0,0.0,0.14285714285714285,18.977,25.24428257090045,55.292778797303086
0.8198,0.0,0.0,0.0,0.0,0.0,0.0,0.11711428571428571,34.411,25.24478295,55.2924713
1.0,0.5886,0.3149,0.1093,0.1093,0.5414,1.0,0.5233571428571429,79.125,25.243923518446653,55.29466500838546
1.0,1.0,1.0,0.0,0.0,0.7495,1.0,0.6785,34.276,25.2390226,55.2995713
1.0,0.7251,0.1959,0.0,0.0,0.0,1.0,0.41728571428571426,32.131,25.239248821066738,55.29952918214479
1.0,0.0,0.0,0.0,0.0,0.0,1.0,0.2857142857142857,7.56,25.23994265,55.30013435
1.0,0.4616,0.5626,0.0,0.0,0.043,1.0,0.4381714285714286,32.949,25.23980416887281,55.30007509778423
1.0,0.0,0.0,0.0,0.0,0.0,0.2542,0.17917142857142856,25.021,25.24001195,55.29999165
1.0,0.3429,0.4437,0.0,0.0,0.0661,1.0,0.4075285714285714,32.815,25.239824375235795,55.30003424369823
1.0,1.0,1.0,0.0,0.0,0.2378,1.0,0.6054,30.854,25.23956465,55.29990325
1.0,1.0,0.0,0.0,0.0,1.0,1.0,0.5714285714285714,9.192,25.2395178,55.30098785
1.0,0.0321,0.0,0.0,0.0,1.0,1.0,0.43315714285714285,10.194,25.23806658134183,55.300133540238775
1.0,0.776,0.0,0.0,0.0,1.0,1.0,0.5394285714285714,5.962,25.23875965,55.30049635
1.0,0.2135,0.0,0.0,0.0,1.0,1.0,0.4590714285714285,29.019,25.23889545,55.3005841
1.0,1.0,1.0,0.0,0.0,0.0,0.0,0.42857142857142855,34.188,25.237635245220208,55.30164267244478
1.0,1.0,1.0,0.897,0.0,0.6915,0.9198,0.7869,54.076,25.237276734313856,55.30146120659719
1.0,0.5796,0.0,0.0,0.0316,0.0,0.0,0.2301714285714286,20.105,25.2379637,55.3019777
1.0,1.0,0.0,0.0,0.0,0.0,0.0,0.2857142857142857,6.01,25.238023,55.30186565
1.0,0.7086,0.6056,0.075,0.0,0.0,0.0,0.34131428571428574,31.512,25.23788810311193,55.30180971588595
1.0,1.0,0.0,0.0,0.0,0.0,0.0,0.2857142857142857,7.468,25.2380538,55.30180795
1.0,0.5939,0.4956,0.0,0.0,0.0,0.0,0.29850000000000004,31.946,25.237906944442127,55.3017740266196
1.0,0.0,0.0,0.0,0.0,0.0,0.0,0.14285714285714285,5.313,25.2488073,55.30533495
1.0,0.0101,0.0,0.0,0.0,0.6333,0.6092,0.32180000000000003,31.177,25.24893727080411,55.30539504536825
1.0,0.0,0.0,0.0,0.0,0.0,0.0,0.14285714285714285,27.754,25.2488471,55.30517655
1.0,0.0101,0.0,0.0,0.0,0.6546,0.6079,0.3246571428571428,31.185,25.24894586850695,55.30536188873262
1.0,0.9026,0.2968,0.0,0.0,0.5234,0.7815,0.5006142857142858,74.675,25.2493984,55.30552175
1.0,1.0,0.0,0.0,0.0,0.0,0.0,0.2857142857142857,6.639,25.2486152,55.3060997
1.0,0.9013,0.0,0.0,0.0,0.0,0.0,0.2716142857142857,104.38,25.24849509933643,55.30662251279588
1.0,0.8788,0.0,0.0,0.0,0.0,0.0,0.2684,27.787,25.24865665,55.3059348
1.0,0.0,0.0,0.0,0.0,0.0,0.0,0.14285714285714285,32.119,25.25019725,55.30512455
1.0,0.0,0.0,0.0,0.0,0.0,0.0,0.14285714285714285,19.118,25.25024185,55.30530345
1.0,0.2215,0.0,0.0,0.0587,0.771,0.8092,0.40862857142857145,135.648,25.24898335,55.3072811
1.0,0.0911,0.0,0.0,0.0,0.0,0.0,0.15587142857142858,37.48,25.249631115678806,55.30728476568975
1.0,0.0,0.0,0.0,0.0,0.0,0.0,0.14285714285714285,23.691,25.2503419,55.30453275
1.0,0.0,0.0,0.0,0.0,0.0,0.0,0.14285714285714285,4.275,25.25031915,55.3046492
1.0,0.0,0.0,0.0,0.0,0.0,0.0,0.14285714285714285,17.791,25.25028314896349,55.30472758108168
1.0,0.0353,0.0,0.0,0.0,0.0,0.0,0.14789999999999998,4.579,25.25040075,55.30443465000001
1.0,0.0,0.0,0.0,0.0,0.0,0.0,0.14285714285714285,15.946,25.2503194,55.30438645
1.0,0.0228,0.0,0.0,0.0,0.0,0.0,0.1461142857142857,23.125,25.250378,55.3045511
1.0,0.0,0.0,0.0,0.0,0.0,0.0,0.14285714285714285,17.375,25.25030621486344,55.30473608278197
1.0,1.0,0.7154,0.2081,0.4499,0.7585,0.7585,0.6986285714285714,64.369,25.250674,55.3045966
1.0,1.0,0.0,0.0,0.0,0.0,0.0,0.2857142857142857,6.219,25.24994605,55.3061321
1.0,1.0,0.0,0.0,0.0,0.0,0.0,0.2857142857142857,29.868,25.2499029,55.30630505
1.0,1.0,0.7925,0.0927,0.0927,0.0979,0.1058,0.4545142857142857,33.639,25.25008534177807,55.30620187537286
1.0,1.0,0.1322,0.0597,0.0,0.0,0.0,0.3131285714285714,33.861,25.25009796673113,55.30615618641422
1.0,0.0,0.0,0.0,0.0,0.0,0.3258,0.1894,17.27,25.2510808,55.30644625000001
1.0,0.0,0.0,0.0,0.0,0.0,1.0,0.2857142857142857,4.994,25.25099885,55.3064537
1.0,0.0,0.0,0.0,0.0,0.0,0.0,0.14285714285714285,17.62,25.25110935,55.3069907
1.0,0.4704,0.0,0.0,0.0,0.0,0.0,0.21005714285714286,89.997,25.251258512095916,55.307167064524194
1.0,0.4704,0.0,0.0,0.0,0.0,0.0,0.21005714285714286,89.997,25.251258512095916,55.30716706452418
1.0,0.0,0.0,0.0,0.0,0.0,0.0,0.14285714285714285,18.441,25.25105735,55.3068699
1.0,0.6568,0.0,0.0,0.0,0.0,0.0,0.2366857142857143,40.333,25.2509883,55.30715195
1.0,0.2306,0.0,0.0,0.0,0.0,0.0,0.17579999999999998,20.012,25.25081275,55.30773045
1.0,0.0,0.0,0.0,0.0,0.0,0.0,0.14285714285714285,4.634,25.25086115,55.3076431
1.0,0.2216,0.0,0.0,0.0,0.0,0.0,0.1745142857142857,16.753,25.250870646341085,55.3075598742369
1.0,0.2296,0.0,0.0,0.0,0.0,0.0,0.17565714285714287,19.752,25.2508575,55.3077448
1.0,0.5149,0.0,0.0,0.0,0.0,0.0,0.2164142857142857,16.755,25.250897268438457,55.30756885592416
1.0,1.0,0.0,0.0,0.0,0.0,0.0,0.2857142857142857,5.731,25.2508091,55.30783215
1.0,1.0,0.0,0.0,0.0,0.0,0.5786,0.3683714285714285,55.763,25.250542,55.30775305
1.0,1.0,0.9321,0.0,0.0,0.0,0.0,0.4188714285714286,37.236,25.251099670712502,55.30740541762536
1.0,1.0,0.9283,0.0932,0.0,0.0,0.0,0.43164285714285716,37.159,25.251088516957708,55.30744799652719
1.0,0.0,0.0,0.0,0.0,0.3028,0.6466,0.2784857142857143,16.55,25.25135635,55.3059597
1.0,0.0,0.0,0.0,0.0,1.0,1.0,0.42857142857142855,5.114,25.251415,55.3060168
1.0,0.0,0.0,0.0,0.8868,1.0,1.0,0.5552571428571429,21.904,25.25151245299147,55.306042469752526
1.0,0.0,0.0,0.0,0.0547,1.0,1.0,0.43638571428571427,22.005,25.25149939377663,55.30607424060922
1.0,0.0,0.0,0.0,0.0,0.0,0.0,0.14285714285714285,7.812,25.25129765,55.3058884
1.0,0.0,0.0,0.0,0.0,0.0,1.0,0.2857142857142857,5.241,25.2502594,55.3033616
1.0,1.0,0.0,0.0,0.0,0.6938,1.0,0.5276857142857143,5.796,25.25072605,55.30363255
1.0,1.0,0.8257,0.0,0.0,0.8156,1.0,0.663042857142857,57.498,25.2509776,55.30377975
1.0,0.92,0.0531,0.0,0.0,0.0,0.5698,0.3632714285714286,21.054,25.2529261,55.30590845
1.0,1.0,0.0,0.0,0.0,0.0796,0.6479,0.3896428571428571,13.955,25.2522919,55.3075519
1.0,1.0,0.0,0.0,0.0,0.0,0.2072,0.3153142857142857,6.316,25.25236175,55.307558
1.0,1.0,0.0,0.0,0.0,0.6166,0.9165,0.5047285714285714,15.157,25.252410288513435,55.30761208400255
1.0,1.0,0.0,0.0,0.0,0.4055,1.0,0.4865,6.732,25.25225125,55.30748955
1.0,1.0,0.0146,0.0,0.0,0.8626,1.0,0.5538857142857143,47.678,25.2521338,55.30772685
1.0,1.0,0.0,0.0,0.0,0.0,0.6671,0.3810142857142857,14.216,25.2523211,55.30749565
1.0,1.0,0.0,0.0,0.0,0.7714,1.0,0.5387714285714286,15.091,25.252427188615478,55.307581040546
1.0,1.0,0.0,0.0,0.0,1.0,0.9081,0.5583,12.008,25.2525246,55.30765865
1.0,0.0,0.0,0.0,0.0,0.0,0.0,0.14285714285714285,72.933,25.2486998,55.2943133
1.0,0.0,0.0,0.0,0.0,0.0,0.0,0.14285714285714285,65.424,25.24901175,55.2937182
1.0,0.1878,0.0,0.0,0.0345,0.4275,0.7071,0.3367,67.717,25.2485958,55.29383445
1.0,0.0,0.0,0.0,0.0,0.0,0.0,0.14285714285714285,6.18,25.24917681987299,55.29341752929842
1.0,0.4059,0.0,0.0,0.0,0.0,0.0,0.20084285714285713,51.953,25.24937282266169,55.293578531352274
1.0,0.0778,0.0,0.0,0.1952,1.0,1.0,0.4675714285714286,41.936,25.24670385,55.29435865
1.0,0.0,0.0,0.0,0.0,0.0,1.0,0.2857142857142857,7.72,25.2466368,55.29458895
1.0,0.0,0.0,0.0,0.0,0.0,1.0,0.2857142857142857,5.839,25.24659725,55.29456885
1.0,0.1649,0.1297,0.1078,0.1213,0.6324,0.8394,0.4279285714285714,85.831,25.2465085,55.2941238
1.0,0.0,0.0,0.0,0.0,0.0,0.0,0.14285714285714285,27.859,25.24915025,55.29323405
1.0,0.1406,0.0,0.0,0.0,0.3343,1.0,0.35355714285714285,18.968,25.246752220500962,55.29455288927676
1.0,0.897,0.3887,0.2589,0.3458,0.9849,1.0,0.6964714285714286,33.652,25.24693175336377,55.294392234825786
1.0,0.0,0.0,0.0,0.0,0.6073,0.9042,0.35878571428571426,160.223,25.24826505,55.2926767
1.0,0.0,0.0,0.0,0.0,0.0,0.0,0.14285714285714285,11.651,25.2469024,55.292688
1.0,0.0,0.0,0.0,0.0,0.0,0.0,0.14285714285714285,8.821,25.2469631,55.2926605
1.0,0.0,0.0,0.0,0.0,0.0,0.0,0.14285714285714285,19.876,25.24686206783309,55.29263097699765
1.0,0.0,0.0,0.0,0.0,0.0,0.0,0.14285714285714285,5.498,25.2470188,55.2926962
1.0,0.1529,0.0421,0.0,0.0,0.0,0.2186,0.20194285714285715,250.233,25.2478879,55.29587905
1.0,1.0,0.5052,0.5052,0.6872,1.0,1.0,0.8139428571428571,7.221,25.24586145,55.29382065000001
1.0,1.0,0.1124,0.0,0.0,0.0199,0.8364,0.42410000000000003,8.294,25.2458736,55.2938966
1.0,1.0,1.0,0.0,0.0,0.0,0.0,0.42857142857142855,6.128,25.2458849,55.2939672
1.0,0.0,0.0,0.0,0.0,0.0,0.0,0.14285714285714285,70.657,25.2445582,55.2907862
0.7456,0.0,0.0,0.0,0.0,0.0,0.0,0.10651428571428571,14.059,25.24442755,55.290456
0.2852,0.0,0.0,0.0,0.0,0.0,0.0,0.04074285714285714,71.482,25.24443555,55.2908156
0.8642,0.0,0.0,0.0,0.0,0.0,0.0,0.12345714285714285,13.863,25.2445662,55.2911458
0.984,0.0555,0.1067,0.0,0.0,0.9159,1.0,0.43744285714285713,35.756,25.24332685,55.2965313
1.0,0.4432,0.4082,0.2594,0.2594,1.0,1.0,0.6243142857142857,13.45,25.24345995,55.2964103
1.0,0.9001,0.8828,0.038,0.2619,0.3572,0.7651,0.6007285714285714,68.51,25.24086945,55.2953045
0.9571,0.0483,0.0,0.0,0.0,0.0,0.5453,0.22152857142857144,57.785,25.2424791,55.29535015
1.0,0.9327,0.2171,0.0,0.574,0.6205,0.855,0.5998999999999999,79.938,25.24292385,55.2953017
1.0,0.8608,0.0,0.0,0.0,0.0,0.294,0.3078285714285714,56.909,25.24310435,55.2957429
0.9196,0.8038,0.4825,0.2038,0.5567,0.6407,0.8449,0.636,75.408,25.24480295,55.29362425
1.0,0.0,0.0,0.0,0.0,0.0,0.0,0.14285714285714285,5.201,25.2451563,55.29353495
1.0,0.8351,0.8317,0.1913,0.7974,0.8524,0.8606,0.7669285714285714,81.23,25.24486505,55.296119
1.0,0.6439,0.0313,0.0091,0.0091,0.0094,0.8982,0.3715714285714286,108.158,25.244708466891755,55.29543160334994
1.0,0.2261,0.223,0.251,0.3388,0.7189,1.0,0.5368285714285714,62.546,25.24504215,55.2965835
1.0,0.7487,0.4666,0.0008,0.4843,0.4396,1.0,0.5914285714285715,78.846,25.24369102373284,55.29610448615402
1.0,0.0,0.0,0.0,0.0,0.9117,0.9009,0.4018,78.959,25.2441997,55.2942001
1.0,0.0,0.0,0.0,0.0,0.7049,0.6353,0.3343142857142857,15.759,25.2426832,55.2942445
1.0,0.7302,0.7155,0.1984,0.4794,0.6735,1.0,0.6852857142857143,78.978,25.24292265,55.29394415
1.0,0.0,0.0,0.0,0.0,0.0,0.3928,0.19897142857142858,42.671,25.2422612,55.29478505
1.0,0.6329,0.1548,0.0,0.1798,0.8115,1.0,0.5398571428571428,76.367,25.241913943782773,55.295003196526245
1.0,0.0,0.0,0.0,0.0,0.8288,1.0,0.40411428571428576,18.491,25.24166115,55.2952809
1.0,0.431,0.0,0.0,0.0,0.4116,0.8996,0.3917428571428571,18.447,25.2418057,55.29537135
1.0,0.6736,0.1724,0.0,0.3432,0.5687,0.8428,0.5143857142857143,79.464,25.24169355,55.2957549
1.0,0.0,0.0,0.0,0.0,0.3696,0.6987,0.29547142857142855,76.194,25.241325808688316,55.295017290790305
1.0,0.0,0.0,0.0,0.9925,1.0,1.0,0.5703571428571429,2.62,25.24059125,55.2948865
1.0,0.5716,0.3751,0.0,0.0,0.0,1.0,0.42095714285714286,4.938,25.2407225,55.29541265
1.0,0.5696,0.2668,0.0,0.2545,0.5358,0.9017,0.5040571428571429,77.832,25.24093695,55.2945353
1.0,0.8594,0.8007,0.069,0.487,0.5795,0.8941,0.6699571428571429,81.562,25.2445802,55.2966533
1.0,0.1146,0.0,0.0,0.0,0.0,0.0,0.15922857142857144,106.983,25.243765580310864,55.29268394657263
1.0,1.0,0.0,0.0,0.0,1.0,1.0,0.5714285714285714,8.364,25.24980565,55.303064
1.0,1.0,0.639,0.0,0.0,0.1006,1.0,0.5342285714285715,56.168,25.24967215,55.30334885
1.0,0.9019,0.3968,0.0,0.0,1.0,1.0,0.6141,31.97,25.24966707725228,55.30301369047543
1.0,0.789,0.3094,0.0,0.5394,1.0,1.0,0.6625428571428572,32.193,25.249690421514465,55.3029664435803
1.0,1.0,0.3995,0.0,0.0,0.0,0.0,0.3427857142857143,7.253,25.2469349,55.3014034
1.0,0.9162,0.0892,0.0,0.0,0.0,0.557,0.3660571428571428,52.43,25.24680773608415,55.30166469562353
1.0,1.0,1.0,0.0,0.0,0.5896,0.9323,0.6459857142857143,31.401,25.247050752104492,55.30149269867445
1.0,1.0,0.8703,0.0,0.0,0.6577,0.9767,0.6435285714285713,31.348,25.247070471023346,55.30145340577598
1.0,0.0,0.0,0.0,0.0,0.412,1.0,0.3445714285714286,5.474,25.246559,55.30215815
1.0,0.0,0.0,0.0,0.0,0.6261,1.0,0.37515714285714286,30.834,25.246614297242367,55.30201820180969
1.0,0.0,0.0,0.0,0.0,0.0,1.0,0.2857142857142857,30.794,25.246644126138573,55.30203463825009
1.0,0.0,0.0,0.0,0.0,0.0,0.9355,0.2765,6.019,25.24942895,55.30385875
1.0,0.0,0.0,0.0,0.0,0.8576,1.0,0.40822857142857144,16.399,25.2493401,55.3038061
0.9907,0.0218,0.0,0.0,0.0,0.2775,1.0,0.3271428571428571,30.096,25.249477656012672,55.30371880787027
1.0,0.0411,0.0,0.0,0.0,0.0,0.5719,0.23042857142857143,30.139,25.249509852185987,55.303736749785216
1.0,1.0,0.5121,0.0,0.0,0.0,0.0,0.3588714285714286,20.879,25.2489197,55.30104075
1.0,1.0,0.7866,0.0,0.0,0.0,0.6311,0.48824285714285715,94.602,25.24926995,55.3011583
1.0,1.0,1.0,0.0,0.0,0.0,1.0,0.5714285714285714,25.019,25.24953705,55.3013994
1.0,0.0,0.0,0.0,0.0,0.0,0.3429,0.19184285714285715,6.662,25.2498916,55.30413295
0.6401,0.0,0.0,0.0,0.0,0.0,1.0,0.23429999999999998,19.597,25.24991215,55.30403485000001
0.6025,0.0,0.0,0.0,0.0,0.0,0.6528,0.17932857142857145,19.4,25.24995585,55.3040617
1.0,0.0,0.0,0.0,0.0,0.0,1.0,0.2857142857142857,4.458,25.2499764,55.3039636
1.0,0.0,0.0,0.0,0.0,0.0,1.0,0.2857142857142857,13.888,25.250016073081277,55.30391035645229
0.7846,0.0,0.0,0.0,0.0,0.0,0.0,0.11208571428571427,42.666,25.2500871,55.3042488
1.0,0.0,0.0,0.0,0.0,1.0,1.0,0.42857142857142855,6.482,25.2492494,55.3037524
1.0,0.0,0.0,0.0,0.0,0.1391,1.0,0.3055857142857143,35.055,25.249165435046923,55.30389921046892
1.0,0.0,0.0,0.0,0.0,0.1433,1.0,0.3061857142857143,34.276,25.249200935438857,55.30391691543265
1.0,0.0,0.0,0.0,0.0,0.0,0.0,0.14285714285714285,5.608,25.2478402,55.30385865
1.0,0.7307,0.0,0.0,0.0,0.4244,0.6631,0.4026,30.272,25.24796685352542,55.30391421128308
1.0,0.0,0.0,0.0,0.0,0.0,0.0,0.14285714285714285,40.9,25.2478966,55.303636
1.0,0.5442,0.0,0.0,0.0,0.5476,0.6608,0.3932285714285714,30.215,25.24797589831878,55.30388002021494
1.0,0.0,0.0,0.0,0.0,0.0,0.0,0.14285714285714285,27.603,25.24760395,55.30479115
1.0,0.0,0.0,0.0,0.0,0.0,0.0,0.14285714285714285,5.579,25.2476442,55.3046323
1.0,0.0,0.0,0.0,0.0,0.0,0.6238,0.23197142857142858,28.04,25.247761098267418,55.304685089061714
1.0,0.0,0.0,0.0,0.0,0.0,0.6468,0.23525714285714286,27.986,25.24776992346632,55.30465172822974
1.0,0.0,0.0,0.0,0.0,0.0,0.0,0.14285714285714285,4.874,25.24900235,55.30455885
1.0,0.0,0.0,0.0,0.0,0.0,0.0,0.14285714285714285,40.878,25.249175281204682,55.304628524813836
1.0,0.0,0.0,0.0,0.0,0.0,0.7368,0.24811428571428573,28.339,25.2490423,55.30439975
1.0,0.0,0.0,0.0,0.0,0.0,0.0,0.14285714285714285,40.931,25.24918425843823,55.30459596354677
1.0,0.8637,0.6351,0.0,0.0,0.0,0.0,0.3569714285714286,65.6,25.24964105,55.30474955
1.0,0.0,0.0,0.0,0.0,0.0,0.5967,0.2281,12.186,25.2473613,55.29012705
1.0,0.0,0.0,0.0,0.0,0.0,0.9622,0.28031428571428574,27.883,25.24684718541582,55.29220196006837
1.0,0.0,0.1005,0.0,0.0,0.0,0.9228,0.2890428571428571,25.45,25.24680666502408,55.2922200016209
1.0,0.0,0.0,0.0,0.5461,0.6324,0.8007,0.42560000000000003,43.337,25.24678934749556,55.292519633065034
1.0,0.7478,0.83,0.0,0.0,0.0,0.8146,0.4846285714285714,11.464,25.24673285,55.2920716
1.0,0.0,0.0,0.0,0.0,0.0,0.0,0.14285714285714285,8.307,25.24684505,55.29271445000001
1.0,1.0,0.9256,0.037,0.1979,0.1854,0.1701,0.5022857142857143,63.964,25.246424921437324,55.29206045789813
1.0,0.0,0.0,0.0,0.0,0.0,0.6135,0.2305,8.836,25.24657385,55.2910459
1.0,0.0,0.0,0.0,0.0,0.0,1.0,0.2857142857142857,72.653,25.246690645005554,55.29138481511606
1.0,0.0,0.0,0.0,0.0,0.0,0.0,0.14285714285714285,4.578,25.24651485,55.29105975
1.0,0.0,0.0,0.0,0.0,0.0,0.9179,0.2739857142857143,76.267,25.24661468823426,55.29142079635046
1.0,0.0,0.0,0.0,0.0,0.0,1.0,0.2857142857142857,9.263,25.2467763,55.2917429
1.0,0.9096,0.3407,0.0,0.0,0.0,0.0,0.3214714285714286,61.871,25.245791402813293,55.30599539861155
1.0,0.0,0.0,0.0,0.0,0.0,1.0,0.2857142857142857,5.723,25.24624985,55.3045189
1.0,0.2293,0.2612,0.0,0.6828,0.7553,0.8688,0.5424857142857142,40.604,25.246078820509695,55.304449368070394
1.0,0.7642,0.1055,0.0336,0.6071,0.875,0.0,0.4836285714285714,76.417,25.24443795,55.3028908
1.0,0.1552,0.0,0.0,0.0,0.016,0.3555,0.2181,172.884,25.244376954161993,55.30131661681123
1.0,0.0,0.0,0.0,0.0,0.0,0.0,0.14285714285714285,10.844,25.2439106,55.3016727
1.0,0.8399,0.0,0.0,0.0,0.8205,0.8271,0.49821428571428567,158.434,25.2407717,55.30196945
1.0,0.9712,0.9669,0.0,0.8495,0.8643,0.8176,0.7813571428571428,141.467,25.2417678,55.29999455
1.0,0.974,0.8812,0.0,0.8043,0.8047,1.0,0.7806,74.605,25.240857,55.2972993
1.0,1.0,0.7774,0.0,0.0,0.9382,1.0,0.6736571428571428,39.751,25.240853298801426,55.296887831480056
1.0,1.0,0.9047,0.0,0.8132,1.0,1.0,0.8168428571428572,61.195,25.239385916433093,55.298212192656244
1.0,0.2555,0.0,0.0,0.0,0.0,1.0,0.32221428571428573,30.955,25.2388184,55.2987617
1.0,0.7384,0.2666,0.0,0.0,0.0,1.0,0.42928571428571427,57.398,25.238901651374142,55.298817678784104
1.0,1.0,0.8202,0.0,0.8211,0.8057,1.0,0.7781428571428571,96.25,25.23922555,55.3002432
1.0,0.6066,0.54,0.0,0.5334,0.5546,1.0,0.6049428571428572,42.515,25.2387135,55.300991
1.0,0.0,0.0,0.0,0.0,0.0,1.0,0.2857142857142857,3.398,25.23887585,55.30110285
1.0,0.8862,0.1938,0.0,0.0,0.0483,0.9094,0.4339571428571429,92.91,25.238893073080057,55.30124458542687
1.0,1.0,0.0,0.0,0.0,0.0,1.0,0.42857142857142855,3.167,25.23853645,55.30090745
1.0,1.0,0.0,0.0,0.0,0.0,1.0,0.42857142857142855,63.971,25.2383832,55.301195
1.0,0.6739,0.5862,0.0,0.4812,0.5549,1.0,0.6137428571428573,42.587,25.2386988,55.3010193
1.0,0.1344,0.0,0.0,0.0,0.3726,1.0,0.35814285714285715,3.797,25.23839555,55.3019629
1.0,1.0,0.6406,0.4884,0.0,0.6171,0.6581,0.6291714285714286,40.674,25.238229,55.30187765
1.0,1.0,0.4177,0.0,0.0,0.4001,0.8105,0.5183285714285715,37.585,25.23836541379535,55.30212231997989
1.0,0.6339,0.5838,0.0,0.5564,0.6337,0.6814,0.5841714285714286,40.597,25.23824635,55.30184475
1.0,0.8353,0.0,0.0,0.0,0.0,0.3929,0.3183142857142857,37.019,25.23848579578858,55.30203846268459
1.0,1.0,0.0,0.0,0.0,0.0,0.0,0.2857142857142857,3.865,25.2380798,55.3017595
1.0,1.0,0.0,0.0,0.0,0.0,0.2199,0.3171285714285714,32.127,25.23816295,55.301606
1.0,1.0,0.9416,0.0,0.0,0.0,0.0,0.42022857142857145,113.726,25.23730042319997,55.30084876605403
1.0,0.1435,0.1408,0.0,0.8237,0.8433,0.8691,0.5457714285714286,163.651,25.237343294476347,55.30183652032319
1.0,0.9211,0.8487,0.0,0.1755,0.2139,0.4334,0.5132285714285715,41.983,25.2376298048187,55.3004261920149
1.0,1.0,0.0,0.0,0.0,0.0,0.0,0.2857142857142857,7.612,25.2374481,55.30035965
1.0,1.0,0.8856,0.4276,0.3853,0.7808,1.0,0.7827571428571429,65.384,25.244038913127838,55.30654870463153
1.0,1.0,0.8856,0.4276,0.3853,0.7808,1.0,0.7827571428571429,65.384,25.244038913127838,55.30654870463153
1.0,1.0,1.0,0.0,0.4089,1.0,1.0,0.7727,16.035,25.2441502382362,55.306412611665486
1.0,0.1819,0.3653,0.0,0.0,1.0,1.0,0.5067428571428572,14.405,25.2372234,55.3040828
1.0,1.0,0.9877,0.2189,0.5879,0.844,1.0,0.8055000000000001,118.966,25.23691753552738,55.30425266442301
1.0,0.5322,0.0253,0.0,0.0,0.9704,0.8038,0.47595714285714286,27.355,25.237404,55.30413965
1.0,0.8609,0.5744,0.0,0.011,0.4089,0.6315,0.4981,98.344,25.237343910546542,55.30435558158258
0.0,0.0,0.0,0.0,0.7938,0.8385,0.9221,0.3649142857142857,64.229,25.24586415,55.3118614
0.5168,0.0,0.0,0.0,0.0,0.0,0.8798,0.19951428571428573,31.593,25.24615955,55.31171355
0.0,0.0,0.0,0.0,0.0,0.0,1.0,0.14285714285714285,5.62,25.2491153,55.31303685
0.1546,0.2671,0.1678,0.1163,0.0,0.0299,1.0,0.24795714285714285,45.231,25.2489976,55.3128517
1.0,1.0,0.7276,0.0,0.0,0.1992,1.0,0.5609714285714286,45.126,25.24872465,55.31251895
0.0,0.0,0.0,0.0,0.0,0.0,1.0,0.14285714285714285,34.247,25.2492478,55.31290335000001
1.0,0.1877,0.0,0.0,0.0,1.0,1.0,0.4553857142857143,36.75,25.24871575,55.3122365
1.0,0.9119,0.8848,0.0,0.0,1.0,1.0,0.6852428571428572,51.505,25.24902185,55.31195725000001
0.6607,0.0,0.0,0.0,0.5403,0.7434,1.0,0.4206285714285714,88.523,25.2491023,55.3124543
1.0,1.0,1.0,0.8629,0.8015,0.9909,1.0,0.9507571428571427,41.434,25.249515465415755,55.31177274841053
1.0,1.0,0.9471,0.0,0.0,1.0,1.0,0.7067285714285714,27.842,25.2492968,55.31170585
1.0,1.0,1.0,0.0,0.7619,0.9653,1.0,0.8181714285714285,38.575,25.24931357408199,55.31193973127135
1.0,1.0,0.9348,0.0,0.7232,0.7517,0.7788,0.7412142857142857,29.283,25.24891504693773,55.309585609534764
1.0,1.0,0.0,0.0,0.0,0.0,0.0,0.2857142857142857,17.679,25.24876705,55.3096296
1.0,0.0,0.0,0.0,0.0,0.0,0.0,0.14285714285714285,49.21,25.24850775,55.3093749
1.0,0.0,0.0,0.0,0.0,0.0,0.0,0.14285714285714285,22.906,25.2483519,55.30957675
1.0,0.2145,0.0,0.0,0.0,0.0,0.0,0.1735,34.445,25.2485978,55.30966265
1.0,0.0,0.0,0.0,0.0,0.0643,1.0,0.29490000000000005,34.887,25.24822560752499,55.30901295205242
1.0,1.0,0.3106,0.0,0.2123,0.9568,1.0,0.6399571428571428,94.253,25.24612381742734,55.30885424887663
1.0,0.0,0.0,0.4006,0.4481,0.408,0.5246,0.3973285714285714,75.047,25.24644775000001,55.30865385
1.0,1.0,0.0159,0.0,0.0,0.0,0.0,0.28798571428571423,20.865,25.24236695,55.308037
1.0,0.8223,0.3273,0.0,0.0,0.9396,1.0,0.5841714285714286,69.357,25.2497596,55.29092665000001
1.0,0.9649,0.0,0.0,0.0,0.0,0.9685,0.4190571428571429,72.39,25.2498221,55.2914836
1.0,0.4383,0.3542,0.0,0.386,0.6509,0.8467,0.5251571428571429,77.829,25.24935985,55.29160475
1.0,0.3841,0.3246,0.0,0.0,0.5719,0.7751,0.4365285714285715,63.41,25.24991275,55.2919502
1.0,0.0,0.0,0.0,0.6428,0.6987,0.7814,0.44612857142857143,105.757,25.248104305402613,55.2985636381396
1.0,0.962,0.4565,0.0,0.0,0.337,0.8709,0.5180571428571429,126.005,25.2501838,55.2997221
1.0,0.0,0.0,0.0,0.0,0.0,0.2231,0.17472857142857143,14.499,25.2496592,55.2994805
1.0,0.0,0.0,0.0,0.0,0.0,1.0,0.2857142857142857,5.634,25.2505365,55.29784835
1.0,0.0,0.0,0.0,0.0,0.2298,1.0,0.3185428571428571,129.836,25.25083005,55.2972582
1.0,0.0,0.0,0.0,0.0,0.0,0.4754,0.21077142857142858,18.162,25.250612856314653,55.2978799774121
1.0,0.0,0.0,0.0,0.0,0.0,1.0,0.2857142857142857,10.148,25.2505023,55.2979171
1.0,0.0,0.0,0.0,0.0,0.0,0.4764,0.2109142857142857,17.975,25.25059634782009,55.29791157286958
1.0,0.0,0.0,0.0,0.0,0.0,0.0,0.14285714285714285,10.894,25.2507151,55.297968
1.0,0.1424,0.0,0.0,0.0,0.0,0.8514,0.2848285714285715,70.552,25.25091722902649,55.298689579271176
1.0,0.95,0.8725,0.0,0.0,0.7359,0.9857,0.6491571428571429,128.523,25.2520672,55.2964112
1.0,1.0,0.6311,0.0,0.0,0.5034,1.0,0.5906428571428571,27.019,25.2514612,55.2960251
1.0,1.0,1.0,0.0784,0.0,0.1048,1.0,0.5975999999999999,22.86,25.25146658823114,55.296116692501876
1.0,0.7333,0.0452,0.0,0.0,1.0,1.0,0.5397857142857142,11.561,25.2513103,55.2959305
1.0,1.0,0.2039,0.0,0.0,0.1796,1.0,0.4833571428571429,20.825,25.251370310858352,55.29605999752655
1.0,0.8702,0.8211,0.0,0.0,0.0,1.0,0.5273285714285715,55.563,25.2512544,55.29640505
1.0,1.0,0.2774,0.0,0.0,0.0,1.0,0.4682,28.068,25.251325924437012,55.29604298529639
1.0,0.0,0.0,0.0,0.0,0.0,1.0,0.2857142857142857,5.221,25.2511227,55.29666985
1.0,0.0,0.0,0.0,0.7589,0.7821,0.887,0.48971428571428577,27.408,25.25123312955905,55.2967285492337
1.0,0.0,0.0,0.0,0.633,0.7073,0.8882,0.4612142857142857,27.101,25.25121646740023,55.296759386686325
1.0,0.0,0.0,0.0,0.0,0.0625,1.0,0.29464285714285715,26.377,25.2501545,55.29520765
1.0,0.0268,0.0,0.0,0.0,0.0,0.7943,0.26015714285714286,59.038,25.2504871,55.29542
1.0,0.0,0.0,0.0,0.0,0.0,1.0,0.2857142857142857,22.2,25.250163805093933,55.29531418461195
1.0,0.0,0.0,0.0,0.0,0.0876,0.9893,0.29669999999999996,23.83,25.250078282673662,55.29525468105216
1.0,0.2268,0.007,0.0,0.0,0.0,0.8355,0.29561428571428566,96.051,25.250470174946937,55.295496313614784
1.0,0.9881,1.0,0.0,0.0,0.092,1.0,0.5828714285714286,38.567,25.2511121,55.2958118
1.0,1.0,0.4275,0.0,0.0,0.0,1.0,0.48964285714285716,31.093,25.25083855,55.29564315
1.0,1.0,1.0,0.0,0.0,0.0,1.0,0.5714285714285714,25.143,25.25084894467746,55.29574013332956
1.0,1.0,0.082,0.0,0.0,0.0,0.9947,0.4395285714285714,23.196,25.250746038228815,55.295674790670965
1.0,1.0,1.0,0.2533,0.0,0.0,0.9962,0.6070714285714285,61.317,25.25100124456648,55.295824013549876
1.0,0.0,0.0,0.0,0.0,0.0,0.3553,0.1936142857142857,109.967,25.2491974,55.2992781
1.0,0.0,0.0,0.0,0.0,0.0,0.9629,0.28041428571428567,14.502,25.24879985,55.29895035
1.0,0.9293,0.0,0.0,0.7029,0.9571,0.9822,0.6530714285714286,74.123,25.249555,55.3008958
1.0,0.0,0.0,0.0,0.0,0.0259,1.0,0.28941428571428574,13.671,25.2498582,55.3011366
1.0,1.0,0.534,0.0,0.0,0.0,1.0,0.5048571428571428,5.711,25.2545594,55.29590765
1.0,0.9745,0.1737,0.0,0.0,0.0,1.0,0.44974285714285717,25.139,25.25446937298327,55.29583273675632
1.0,1.0,0.4099,0.0,0.0,0.0,1.0,0.4871285714285714,25.009,25.254450327046897,55.2958672234487
1.0,0.8071,0.7422,0.2397,0.8445,0.8801,1.0,0.787657142857143,109.0,25.251030200877807,55.294175436001126
1.0,1.0,0.5785,0.0,0.0,0.0,1.0,0.5112142857142857,92.465,25.25107585,55.29341795
1.0,1.0,1.0,0.1467,0.0,0.3383,0.0,0.49785714285714283,7.2,25.25231045,55.2959617
1.0,1.0,0.9834,1.0,0.0,0.0249,0.6126,0.6601285714285715,44.581,25.25246965,55.296098
1.0,1.0,1.0,0.0,0.0,0.0,0.9276,0.5610857142857143,38.897,25.25248055,55.2960246
1.0,1.0,0.0,0.0,0.0,1.0,1.0,0.5714285714285714,3.635,25.2543625,55.29783125
1.0,1.0,0.0,0.0,0.0,0.1419,1.0,0.44884285714285715,8.977,25.25441215,55.29786155
1.0,1.0,0.0,0.0,0.1415,1.0,1.0,0.5916428571428572,10.634,25.25438895,55.29772055000001
1.0,1.0,0.0,0.0,0.0,1.0,1.0,0.5714285714285714,5.892,25.2543589,55.2977957
1.0,0.9997,0.0,0.0,0.0,0.8255,1.0,0.5464571428571429,2.877,25.2543356,55.29782575
1.0,1.0,0.0,0.0,1.0,1.0,1.0,0.7142857142857143,6.832,25.254417158985532,55.29763980371688
1.0,0.878,1.0,0.0,0.0,0.5171,1.0,0.6278714285714286,4.67,25.25125555,55.29592405
1.0,0.5998,0.0202,0.0,0.0,1.0,1.0,0.5171428571428571,21.93,25.251331031753683,55.29587911776267
1.0,0.8947,0.0601,0.0,0.0,0.0,0.0,0.27925714285714287,99.65,25.25019185,55.2929099
1.0,1.0,0.0,0.0,0.0,0.0,0.0,0.2857142857142857,7.063,25.24996925,55.2933799
1.0,1.0,0.9731,0.0,0.7112,0.7402,0.7603,0.7406857142857143,37.628,25.2501347,55.29343385000001
1.0,0.7461,0.5748,0.1245,0.5567,0.8403,0.8603,0.6718142857142856,144.157,25.250104998894177,55.29378075670633
1.0,1.0,0.9576,0.0,0.0,0.0039,0.0316,0.4275857142857143,50.484,25.2509989,55.291731
1.0,0.0,0.0,0.0,0.0,0.0,1.0,0.2857142857142857,33.584,25.25244115,55.2940767
1.0,0.7386,0.179,0.0,0.0,0.0,1.0,0.4168,35.278,25.252373,55.2938463
1.0,1.0,1.0,0.0,0.6613,1.0,1.0,0.8087571428571428,34.386,25.25182795,55.2937005
1.0,1.0,0.8,0.7653,0.0319,0.2014,1.0,0.6855142857142856,34.873,25.2520398,55.29363935000001
1.0,0.6899,0.0,0.0,0.3013,0.0,1.0,0.4273142857142857,24.78,25.252317,55.29433235
1.0,0.8411,0.8549,0.7813,0.3859,0.5436,1.0,0.7724,78.392,25.2520606,55.29403645
1.0,1.0,0.7064,0.0,0.0,0.6038,0.7987,0.5869857142857143,33.346,25.25426325,55.2964717
1.0,1.0,1.0,0.0,0.0,1.0,1.0,0.7142857142857143,8.235,25.2541694,55.2966505
1.0,0.7759,0.094,0.0,0.7355,1.0,1.0,0.6579142857142858,27.868,25.25407227964592,55.29656342881326
1.0,0.7759,0.0949,0.0,0.0184,1.0,1.0,0.5556,27.674,25.254047703967736,55.29660833382422
1.0,1.0,0.8212,0.0,0.0,0.0,1.0,0.5458857142857143,44.843,25.2533109,55.2951429
1.0,1.0,1.0,0.0,0.0,0.0,1.0,0.5714285714285714,5.051,25.25350685,55.2952637
1.0,0.6359,0.0966,0.0,0.0,0.0,1.0,0.39035714285714285,32.011,25.253560535822402,55.295115554661436
1.0,1.0,1.0,0.0,0.0,0.0,1.0,0.5714285714285714,15.648,25.25358815,55.2953138
1.0,0.6379,0.0992,0.0,0.0,0.0,1.0,0.3910142857142857,32.021,25.253590099205873,55.29513269404489
1.0,1.0,0.7001,0.0,0.0,0.0,1.0,0.5285857142857143,49.095,25.2526656,55.2947406
1.0,1.0,1.0,0.0,0.0,0.0,1.0,0.5714285714285714,6.024,25.25288035,55.2948774
1.0,0.6761,0.1408,0.0,0.0,0.0,1.0,0.4024142857142857,31.114,25.252935384497494,55.29473530810122
1.0,1.0,0.7476,0.0,0.0,0.0,1.0,0.5353714285714286,29.384,25.2530194,55.29496315
1.0,0.6756,0.1384,0.0,0.0,0.0,1.0,0.402,31.02,25.25296337184403,55.29475230946591
1.0,1.0,0.5955,0.0,1.0,0.7401,1.0,0.7622285714285714,7.43,25.2522485,55.29447345
1.0,1.0,0.8999,0.0,0.0339,0.0,1.0,0.5619714285714286,29.54,25.252374158347507,55.294524238444666
1.0,1.0,1.0,0.0,0.0277,0.0735,1.0,0.5858857142857143,29.201,25.252352081155188,55.29456560289883
1.0,1.0,1.0,0.0,0.0,0.0,1.0,0.5714285714285714,1.848,25.2527701,55.29694354999999
1.0,0.8063,0.0,0.0,0.0,0.0,1.0,0.40090000000000003,8.809,25.252627853330353,55.296813970473565
1.0,0.0259,0.0,0.0,0.0,0.0,1.0,0.28941428571428574,13.987,25.25261005600477,55.296855794407875
1.0,0.0,0.0,0.0,0.0,0.0,1.0,0.2857142857142857,6.623,25.25258255548178,55.29675886404475
1.0,1.0,0.0,0.0,0.0,0.0,1.0,0.42857142857142855,10.565,25.25269185,55.29687875
1.0,0.7832,0.0,0.0,0.0,0.0,1.0,0.3976,9.395,25.2526369,55.2968836
1.0,1.0,0.8824,0.0,0.0,0.0,1.0,0.5546285714285715,4.977,25.25274685,55.29692485
1.0,1.0,1.0,0.0,0.0,0.0578,1.0,0.5796857142857144,7.163,25.2527905,55.2969102
1.0,0.9286,0.4675,0.0,0.0,1.0,1.0,0.6280142857142856,12.7,25.2528508,55.2968375
1.0,0.0,0.0,0.0,0.5301,1.0,1.0,0.5043,8.185,25.25289995,55.29675105
1.0,0.0,0.0,0.0,0.6257,0.9721,1.0,0.5139714285714286,13.21,25.252963880922,55.296744678390795
1.0,0.0,0.0,0.0,0.0,0.2164,1.0,0.3166285714285714,73.629,25.2531821,55.29646145
0.0,0.0,0.0,0.0,0.0,0.0,1.0,0.14285714285714285,4.798,25.25483345,55.2953782
1.0,1.0,0.9529,0.3264,0.4302,0.5695,0.7364,0.7164857142857143,27.197,25.2521699,55.2913729
1.0,1.0,1.0,0.0,0.0,0.0,0.6324,0.5189142857142858,24.682,25.25214832525868,55.29148636960252
1.0,1.0,0.8235,0.0,0.0,0.2782,0.9778,0.5827857142857144,26.314,25.252078160583114,55.291406718699996
1.0,0.7864,0.388,0.0,0.0,0.0,0.9383,0.44467142857142855,45.787,25.2526388,55.3000893
1.0,0.7601,0.6125,0.0,0.0,0.4011,0.7774,0.5073000000000001,63.624,25.252668609143377,55.298073103059004
1.0,0.1735,0.0056,0.0,0.0,0.9171,0.9054,0.42879999999999996,103.062,25.25346285,55.29992525
1.0,0.0,0.0,0.0,0.0,0.2115,1.0,0.31592857142857145,21.878,25.25300645,55.2997672
1.0,0.0,0.0,0.0,0.0,0.0,0.9146,0.2735142857142857,106.511,25.252884634322363,55.300054896912236
1.0,0.0,0.0,0.0,0.0,0.0,0.9146,0.2735142857142857,106.511,25.252884634322367,55.30005489691224
1.0,0.0,0.0,0.0,0.0,0.0,0.6567,0.23667142857142856,10.993,25.2538591,55.2990064
1.0,0.3401,0.0,0.0,0.4721,0.9134,1.0,0.5322285714285714,22.251,25.253741834975582,55.29896754567889
1.0,1.0,0.0,0.0,0.0,1.0,1.0,0.5714285714285714,9.586,25.25366105,55.29907285
1.0,1.0,0.0,0.0,0.0,0.437,1.0,0.491,11.477,25.253614,55.2991637
1.0,0.0,0.0,0.0,0.0,0.0,0.0,0.14285714285714285,9.626,25.25393855,55.2990592
1.0,1.0,0.0,0.0,0.0,0.0,0.3897,0.3413857142857143,3.285,25.25224225,55.2981072
1.0,1.0,1.0,0.0,0.0,0.0,0.0,0.42857142857142855,8.207,25.25212785,55.29827835
1.0,1.0,0.0,0.0,0.0,0.0,0.971,0.42442857142857143,11.69,25.2521321,55.2980173
1.0,1.0,0.0,0.0,0.0,0.0,0.0,0.2857142857142857,8.419,25.2521997,55.2980837
1.0,1.0,0.0,0.0,0.0,0.0,0.0,0.2857142857142857,5.122,25.25222385,55.29813655
1.0,1.0,0.7466,0.0,0.0,0.0,0.0,0.39237142857142854,11.463,25.25218645,55.29820515
1.0,1.0,1.0,0.0,0.0,1.0,1.0,0.7142857142857143,13.964,25.25424105,55.30141495
1.0,0.6279,0.2772,0.0,0.0,0.322,0.9725,0.4570857142857143,133.082,25.25396127200641,55.30141573797667
1.0,0.6279,0.2772,0.0,0.0,0.322,0.9725,0.4570857142857143,133.082,25.25396127200641,55.30141573797665
1.0,1.0,1.0,0.3924,0.0,0.1363,0.1702,0.5284142857142856,16.987,25.25216835,55.3010665
1.0,0.3904,0.0882,0.0365,0.0,0.1458,0.6502,0.33015714285714287,252.379,25.253171848208044,55.30174594463806
1.0,1.0,0.0,0.0,0.0,0.9042,1.0,0.5577428571428571,17.793,25.2546441,55.2988288
1.0,0.5157,0.0,0.0,0.0,0.0,1.0,0.35938571428571425,114.911,25.254440583076747,55.29904438786638
1.0,0.5157,0.0,0.0,0.0,0.0,1.0,0.35938571428571425,114.911,25.25444058307676,55.2990443878664
1.0,0.623,0.0,0.0,0.0,0.0,0.0,0.23185714285714284,14.606,25.25283195,55.3038755
1.0,0.026,0.0,0.0,0.0,0.0,0.5179,0.22055714285714287,144.254,25.252767038433163,55.30366279963759
1.0,0.026,0.0,0.0,0.0,0.0,0.5179,0.22055714285714287,144.254,25.252767038433163,55.303662799637614
1.0,1.0,0.0,0.0,0.0,0.0,0.0,0.2857142857142857,5.564,25.25282385,55.30395255000001
0.8548,0.672,0.696,0.0,0.3936,0.4824,1.0,0.5855428571428573,67.388,25.252963027188947,55.30713873140365
1.0,0.6749,0.2291,0.0,0.0,0.4292,0.0,0.33331428571428573,35.878,25.252649632593695,55.30752699155765
1.0,0.4611,0.4261,0.0,0.0654,0.549,1.0,0.5002285714285714,66.257,25.250170847473456,55.3085155300722
1.0,0.9962,0.284,0.0,0.0,0.1684,0.9532,0.48597142857142855,76.57,25.250623636073207,55.30858717384831
1.0,0.0,0.0,0.0,0.0,1.0,1.0,0.42857142857142855,9.171,25.2503516,55.3087232
1.0,0.0,0.0,0.0,0.0,0.4469,1.0,0.3495571428571429,34.491,25.250264660477598,55.308873353045996
1.0,0.0,0.0,0.0,0.0,0.2751,1.0,0.32501428571428576,34.517,25.25034707659521,55.308900857122765
1.0,1.0,0.0,0.0,0.0,1.0,1.0,0.5714285714285714,3.763,25.2500321,55.3076016
1.0,0.4462,0.0,0.0,0.0,0.7274,1.0,0.4533714285714286,21.253,25.24992355,55.307569
1.0,1.0,0.0,0.0,0.0,0.4299,1.0,0.4899857142857143,33.782,25.249975002203087,55.30775890258135
1.0,0.8366,0.0,0.0,0.0,0.8679,0.9963,0.5286857142857143,28.946,25.25017415,55.30764375
1.0,1.0,0.0,0.0,0.0,0.4298,1.0,0.4899714285714286,33.88,25.250002756460958,55.30776679269631
1.0,1.0,0.0,0.0,0.0,0.0,1.0,0.42857142857142855,6.768,25.24994305,55.3079577
1.0,1.0,0.0,0.0,0.0,0.0,1.0,0.42857142857142855,6.771,25.24993515,55.30795525
1.0,0.0,0.0,0.0,0.0,0.0,0.9354,0.2764857142857143,30.124,25.24740855,55.3081526
1.0,0.0,0.0,0.0,0.0,0.0,0.0339,0.1477,15.865,25.24747255,55.3082262
1.0,0.6782,0.0,0.0,0.0572,0.281,1.0,0.4309142857142857,76.924,25.2459487,55.30729115
1.0,0.0,0.0,0.0,0.0,0.0,0.0,0.14285714285714285,6.389,25.24555875,55.3067649
1.0,0.8542,0.8117,0.0,0.0,0.0,0.0,0.38084285714285715,50.934,25.24565385,55.30653195
1.0,0.0,0.0,0.0,0.0,0.0,0.0,0.14285714285714285,77.487,25.245492354933656,55.307144851249184
1.0,0.0,0.0,0.0,0.0,0.0,0.0,0.14285714285714285,8.203,25.24536305,55.30750415000001
1.0,0.0,0.0,0.0,0.0,0.0,0.0,0.14285714285714285,77.852,25.245437739722693,55.307128012699025
1.0,0.5797,0.6197,0.0,0.0,0.0,0.3676,0.36671428571428566,33.726,25.24820425,55.30704575
1.0,1.0,0.9003,0.0,0.0,0.716,0.7533,0.6242285714285715,106.876,25.24759465,55.3068604
1.0,1.0,0.2829,0.0,0.0,0.0,0.5194,0.4003285714285715,22.346,25.248085341834752,55.30689449791097
1.0,1.0,0.0,0.0,0.0,0.0,0.3355,0.3336428571428572,5.08,25.2481347,55.3067944
1.0,0.8303,0.5292,0.0,0.0,0.0,0.3906,0.3928714285714286,135.761,25.24760548203516,55.30653713032613
1.0,1.0,0.0,0.0,0.0,0.0,0.0,0.2857142857142857,5.12,25.2483727,55.30709685
1.0,0.4982,0.0,0.0,0.0,0.0,0.0,0.21402857142857143,33.557,25.24831541402275,55.307252431712
1.0,0.7219,0.0,0.0,0.0,0.0,0.0,0.24598571428571428,33.641,25.248345069766287,55.30726114489039
1.0,0.2614,0.0,0.0,0.0,0.0,0.1863,0.2068142857142857,71.404,25.24756544089284,55.305798088711384
1.0,0.0,0.0,0.0,0.0,0.0,0.0,0.14285714285714285,18.352,25.24736861202079,55.30605851160224
1.0,0.303,0.0,0.0,0.0,0.0,0.0,0.18614285714285714,32.19,25.24725015,55.3061878
1.0,0.0,0.0,0.0,0.0,0.0,0.0,0.14285714285714285,63.719,25.24736645,55.30572865
1.0,1.0,0.0,0.0,0.0,0.3515,0.3127,0.3806,7.797,25.2469895,55.3047356
1.0,0.0,0.0,0.0,0.0,0.0,0.0,0.14285714285714285,7.27,25.2480955,55.3030686
1.0,0.0,0.0,0.0,0.0,0.0,0.0,0.14285714285714285,18.463,25.24803365,55.3031357
1.0,0.8867,0.0,0.0,0.0,0.0,0.0,0.26952857142857145,18.459,25.248079153529122,55.30316289089392
1.0,1.0,1.0,0.0,0.0,0.0,0.0,0.42857142857142855,5.134,25.24710905,55.3067126
1.0,0.718,0.1012,0.0,0.0,0.0,0.0,0.2598857142857143,39.24,25.247142561687447,55.306521435756224
1.0,0.7137,0.1023,0.0,0.0,0.0,0.0,0.25942857142857145,39.056,25.247175858623883,55.30653149798844
1.0,0.1362,0.0,0.0,0.0,0.0,0.0,0.16231428571428572,17.886,25.2473297,55.3082315
1.0,0.0,0.0,0.0,0.0,0.0,0.6042,0.22917142857142858,10.143,25.2472657,55.3081579
1.0,0.7995,0.0,0.0,0.4192,0.3585,0.1386,0.3879714285714285,68.299,25.24703595,55.30439755
1.0,0.0,0.0,0.0,0.0,0.0,1.0,0.2857142857142857,3.238,25.2449851,55.3040716
1.0,0.2949,0.0,0.0,0.0,0.1729,0.7017,0.30992857142857144,169.087,25.244747048904088,55.304243656343374
1.0,0.2949,0.0,0.0,0.0,0.1729,0.7017,0.30992857142857144,169.087,25.244747048904088,55.30424365634338
1.0,0.4336,0.2578,0.0,0.0,0.0,1.0,0.38448571428571426,14.919,25.2450057,55.30398425
1.0,0.0,0.0,0.0,0.3765,0.3743,0.4406,0.31305714285714287,22.134,25.245084049390073,55.304087551843274
1.0,0.0,0.0,0.0,0.0,0.0,0.0,0.14285714285714285,39.943,25.24522675,55.30392755
1.0,0.0,0.0,0.0,0.0,0.0,1.0,0.2857142857142857,2.245,25.24507825,55.3036771
1.0,0.7955,0.381,0.0,0.0,0.8489,1.0,0.5750571428571428,30.847,25.245074312307384,55.30353341306093
1.0,0.0,0.3263,0.0,0.0,0.7494,1.0,0.43938571428571427,24.59,25.24502872967485,55.30355832504495
1.0,0.542,0.4868,0.1336,0.2914,0.7061,1.0,0.5942714285714285,105.934,25.244799584245804,55.30367029188892
1.0,0.6757,0.5287,0.0,0.0,0.0,1.0,0.45777142857142855,23.345,25.2450492,55.3038002
1.0,0.2831,0.2605,0.2547,0.3791,0.2975,0.4825,0.42248571428571424,22.589,25.245175120697034,55.3037110098354
1.0,0.0,0.0,0.0,0.0,0.0,0.2818,0.18311428571428573,37.346,25.24298106249678,55.29899736292414
1.0,0.3552,0.0,0.0,0.2687,0.2539,0.7777,0.37935714285714284,88.609,25.242896647033664,55.29954136586704
1.0,0.6491,0.5462,0.0,0.8197,0.8451,0.8004,0.6657857142857143,184.929,25.23966195,55.3015056
1.0,0.7885,0.5594,0.0,0.5224,0.7035,0.896,0.6385428571428572,167.079,25.24066035,55.29951725
1.0,1.0,0.6809,0.0,0.2995,0.6726,0.5,0.5932857142857143,53.045,25.24077255,55.2965823
1.0,1.0,0.0,0.0,0.0,1.0,1.0,0.5714285714285714,1.954,25.24067625,55.2968208
1.0,0.9423,0.5886,0.0,0.7928,0.8401,1.0,0.7376857142857142,134.344,25.2438009,55.3011677
1.0,1.0,0.0,0.0,0.0,0.2847,1.0,0.46924285714285713,9.834,25.24413235,55.30060675
1.0,0.8064,0.0,0.0,0.1489,0.34,0.548,0.4061857142857143,144.185,25.24297015,55.30278395
0.973,0.5391,0.3798,0.0,0.0064,0.1048,0.987,0.42715714285714285,177.73,25.2425058,55.30245795
1.0,1.0,1.0,0.9302,0.9303,0.9303,1.0,0.9701142857142857,20.73,25.2410542,55.30300245
1.0,1.0,1.0,0.0,0.0,1.0,0.0,0.5714285714285714,7.0,25.2543543,55.2962982
1.0,1.0,1.0,0.805,0.807,0.8271,0.807,0.8923,29.535,25.25445465,55.2963995
1.0,1.0,1.0,0.8054,0.808,0.8304,0.808,0.8931142857142857,29.11,25.25448375,55.2963399
1.0,0.7666,0.0,0.0,0.2612,1.0,1.0,0.5754,26.866,25.2541545,55.29737155
1.0,1.0,0.0,0.0,0.0,0.7571,1.0,0.5367285714285714,5.791,25.25412025,55.2975028
1.0,0.5199,0.0584,0.0,0.0,0.0,0.0,0.22547142857142857,42.842,25.25048905,55.2922823
1.0,0.9044,0.0,0.0,0.0,0.7863,0.8188,0.5013571428571428,52.02,25.25078305,55.29221885
1.0,1.0,1.0,0.0,0.0,0.0,0.0,0.42857142857142855,6.902,25.249724,55.2938797
1.0,1.0,1.0,0.787,0.0,0.6601,0.714,0.7373,39.278,25.24986445,55.2940027
0.5307,0.0,0.0,0.0,0.0,0.0,0.6762,0.17241428571428571,22.598,25.25404909896081,55.29287730093851
0.6484,0.1967,0.0,0.0,0.0,0.0,0.0,0.12072857142857142,76.866,25.25409271437986,55.29307293794424
1.0,0.0,0.0,0.0,0.0,0.0,0.0,0.14285714285714285,35.676,25.251998407562354,55.290245103358735
1.0,0.0,0.0,0.0,0.0,0.0,0.3805,0.19721428571428573,13.005,25.254095052396764,55.30863188198325
0.5837,0.0,0.0,0.0,0.0,0.0,0.0034,0.08387142857142857,34.396,25.25378785000001,55.3085429
1.0,0.0,0.0,0.0,0.0,0.0,1.0,0.2857142857142857,8.329,25.25384695,55.3083408
1.0,0.0,0.0,0.0,0.0,0.2783,0.5437,0.2602857142857143,33.845,25.253976188775592,55.30844571100249
1.0,0.0,0.0,0.0,0.0,0.2945,0.5964,0.27012857142857144,35.453,25.253989808899174,55.30839993198973
0.9265,0.2808,0.198,0.0,0.0,0.4511,1.0,0.40805714285714284,34.664,25.25420564562113,55.30839464835852
1.0,0.1037,0.1091,0.0,0.0,0.0,0.7289,0.2773857142857143,52.148,25.25121545,55.30555485
1.0,0.5125,0.2349,0.0,0.0616,0.8692,0.5737,0.46455714285714284,14.598,25.25109115,55.3057862
1.0,0.1584,0.2589,0.0,0.0,0.0,0.0,0.20247142857142858,17.548,25.251230642371006,55.30582807541928
1.0,0.4875,0.0,0.0,0.0,0.0,0.7434,0.31870000000000004,41.644,25.251355606821004,55.305651013876535
1.0,0.0,0.0,0.0,0.0,0.3675,1.0,0.3382142857142857,24.828,25.2505555,55.30221985
1.0,0.5126,0.3767,0.0,0.0,0.0,0.0,0.2699,14.872,25.2484862,55.3013132
1.0,0.2707,0.0,0.0,0.0,0.0,0.0,0.18152857142857143,99.981,25.24862860407778,55.30121105299554
1.0,0.2707,0.0,0.0,0.0,0.0,0.0,0.18152857142857143,99.981,25.24862860407777,55.30121105299553
1.0,0.5361,0.5897,0.0,0.0,0.0,0.1813,0.32958571428571426,35.146,25.25092663352272,55.30673500409997
1.0,0.0,0.0,0.0,0.0,0.0,0.0,0.14285714285714285,26.641,25.251110322930327,55.30665355561845
1.0,0.3597,0.2047,0.0,0.0141,0.6286,1.0,0.4581571428571429,28.046,25.249868104111577,55.307407601131224
1.0,0.8062,0.618,0.0,0.5138,0.9726,0.9785,0.6984428571428571,74.382,25.250180362782274,55.30744329140606
1.0,0.5938,0.3244,0.0,0.5016,0.5499,0.6718,0.5202142857142856,25.265,25.249804772626135,55.30721990008297
1.0,1.0,0.0,0.0,0.0,0.0,0.0,0.2857142857142857,6.812,25.24969882444096,55.30714908302876
1.0,1.0,0.3534,0.1242,0.4723,0.3811,0.4267,0.5368142857142858,36.304,25.2522306,55.30572385
1.0,0.7819,0.0,0.0,0.0,0.0,0.0,0.25455714285714287,26.822,25.2524159,55.3056289
1.0,0.8951,0.0,0.0,0.0,0.0,0.6493,0.3634857142857143,23.455,25.25221665,55.3055108
1.0,1.0,1.0,0.594,0.0,0.552,0.7522,0.6997428571428571,24.468,25.252309466035484,55.305881034669255
1.0,0.3271,0.3407,0.3738,0.0,0.0207,0.3429,0.34359999999999996,34.964,25.25249686679086,55.30602563857299
1.0,0.7973,0.4925,0.0388,0.0,0.0,0.0,0.3326571428571429,26.595,25.25246300103066,55.305806822410716
0.2683,0.0,0.0,0.0,0.0,0.4949,0.5645,0.18967142857142857,87.99,25.254480265530876,55.29306584132361
0.9593,0.921,0.8637,0.0,0.0,0.0,0.0,0.392,106.839,25.2332228,55.29472885
1.0,1.0,1.0,0.0,0.0,0.0,0.0,0.42857142857142855,144.688,25.23376115,55.29362925
1.0,1.0,1.0,0.0,0.0,0.0,0.0,0.42857142857142855,6.948,25.2334247,55.29424405
1.0,1.0,1.0,0.0,0.0,0.0,0.0,0.42857142857142855,8.3,25.23348495,55.2942801
1.0,1.0,1.0,0.0,0.0,0.0,0.0,0.42857142857142855,4.36,25.23338075,55.2942158
1.0,1.0,0.3374,0.0,0.0,0.0,0.0,0.3339142857142857,111.444,25.23331011120075,55.2938187782293
1.0,0.7779,0.4174,0.0,0.0,0.0,0.0,0.31361428571428573,100.778,25.233078314535994,55.2943688123317
1.0,1.0,0.434,0.0,0.0,0.0,0.0,0.34771428571428575,13.718,25.23330945053891,55.294172700597315
0.8073,0.4459,0.0,0.0,0.0,0.0,0.1535,0.20095714285714286,213.046,25.232440471234163,55.2936689019231
1.0,0.0,0.0,0.0,0.0,0.0,0.0,0.14285714285714285,15.922,25.23275979956914,55.294183060844524
1.0,1.0,0.0,0.0,0.0,0.0,0.0,0.2857142857142857,30.287,25.2331517,55.2939376
1.0,0.8546,0.0,0.0,0.0,0.0,0.0,0.26494285714285715,55.939,25.2330473,55.29373455
1.0,1.0,0.0,0.0,0.0,0.0,0.0,0.2857142857142857,36.906,25.233310360765117,55.29398712078351
1.0,1.0,0.0,0.0,0.0,0.0,0.0,0.2857142857142857,17.877,25.23321775,55.29421935
1.0,0.9233,0.0,0.0,0.0,0.0,0.0,0.27475714285714287,26.983,25.23292765,55.29407795
0.6562,0.0999,0.0,0.0,0.0,0.0,0.0,0.10801428571428572,55.359,25.23260155,55.2940165
1.0,0.0,0.0,0.0,0.0,0.0,0.0,0.14285714285714285,46.768,25.2327139,55.29394475
1.0,0.9456,0.0,0.0,0.0,0.0,0.0,0.27794285714285716,47.237,25.23301034978631,55.2942501424863
1.0,0.0,0.0,0.0,0.0,0.0,0.0,0.14285714285714285,33.555,25.2325281,55.29360235
1.0,0.0,0.0,0.0,0.0,0.0,0.0,0.14285714285714285,49.888,25.232625904253226,55.29349550872606
0.7145,0.6481,0.0,0.0,0.0,0.0,0.0,0.19465714285714286,55.063,25.232355234814356,55.29369298516191
0.5769,0.1548,0.0,0.0,0.0,0.0,0.0,0.10452857142857143,28.855,25.23249335,55.29381715
1.0,0.0108,0.0,0.0,0.0,0.0,0.0,0.1444,15.501,25.23288471657364,55.29356707586118
1.0,0.0,0.0,0.0,0.0,0.0,0.0,0.14285714285714285,28.086,25.23271505,55.29367555
1.0,0.7947,0.0,0.0,0.0,0.0,0.0,0.2563857142857143,46.985,25.2329288,55.29380875
1.0,1.0,0.0,0.0,0.0,0.0,0.0,0.2857142857142857,33.13,25.23310685,55.29415495
1.0,0.0,0.0,0.0,1.0,1.0,1.0,0.5714285714285714,5.94,25.2340015,55.2945762
0.0,0.0,0.0,0.0,0.0,1.0,1.0,0.2857142857142857,36.012,25.23180247317012,55.296319234460256
0.0,0.0,0.0,0.0,0.0,0.9481,1.0,0.27830000000000005,76.925,25.23160617591778,55.295827618857345
0.0,0.0,0.0,0.0,0.0,1.0,1.0,0.2857142857142857,86.217,25.231851560653975,55.29657618209945
0.5676,0.0,0.0,0.0,0.0,0.0,0.0,0.08108571428571429,65.654,25.23182809148808,55.292511351688496
0.9576,0.3906,0.0,0.0,0.0,0.2423,0.0981,0.24122857142857143,184.876,25.23127923345801,55.29342319853357
0.7101,0.0,0.0,0.0,0.0,0.0,0.0,0.10144285714285714,42.359,25.232038950831786,55.292587824890724
1.0,0.0,0.0,0.0,0.0,0.0,0.0,0.14285714285714285,35.952,25.232209990657694,55.29231736430032
0.9052,0.8437,0.752,0.0,0.0,0.0,0.0,0.3572714285714285,107.536,25.2331683,55.29469675
1.0,1.0,0.9313,0.0,0.0,0.0,0.0,0.4187571428571429,144.122,25.23369605,55.2935902
0.4715,0.0,0.0,0.0,0.0,0.0,0.0,0.06735714285714285,18.799,25.23196105,55.2927331
1.0,0.8893,0.5456,0.0,0.0,0.0,0.0,0.3478428571428571,40.831,25.23422435,55.29285535
1.0,1.0,1.0,0.0,0.0,0.0,0.0,0.42857142857142855,126.607,25.2337854,55.29374255
1.0,1.0,1.0,0.0,0.0,0.0,0.0,0.42857142857142855,106.721,25.23329335,55.29476695
0.7271,0.7317,0.7988,0.0,0.7718,0.8541,0.9112,0.6849571428571428,57.581,25.233748053685908,55.29443059359798
1.0,1.0,1.0,0.0,0.0,0.0,0.0,0.42857142857142855,18.026,25.2340904,55.29310755
1.0,1.0,1.0,0.0,0.0,0.0,0.0,0.42857142857142855,7.155,25.2340996,55.29301255
1.0,1.0,1.0,0.0,0.0,0.0,0.0,0.42857142857142855,9.535,25.2340325,55.2929754
1.0,1.0,0.9218,0.0,0.0,0.0,0.0,0.41740000000000005,18.496,25.23399290184678,55.29288707638253
1.0,0.6028,0.0,0.0,0.0,0.0,0.9249,0.36110000000000003,108.375,25.2335072,55.2925832
1.0,1.0,0.0,0.0,0.0,0.0,0.808,0.40114285714285713,10.5,25.23395745,55.2927898
1.0,1.0,0.0,0.0,0.0,0.0,1.0,0.42857142857142855,3.206,25.23400465,55.29268845
1.0,0.6033,0.0,0.0,0.0,0.0,0.9967,0.37142857142857144,107.929,25.23357055,55.29244905
1.0,1.0,0.0,0.0,0.0,0.0,1.0,0.42857142857142855,4.619,25.233988,55.2927227
0.7906,0.015,0.0088,0.0,0.8899,0.9259,0.9308,0.5087142857142857,181.063,25.23355311358026,55.29519428537018
0.5715,0.2506,0.2665,0.2967,0.6119,0.5891,0.836,0.48889999999999995,178.495,25.23424581453078,55.29381165315062
0.0,0.0,0.0,0.0,0.0,0.0,0.0,0.0,6.803,25.2329664,55.29518155
0.4034,0.4971,0.5632,0.0,0.0,0.0,0.0,0.2091,74.585,25.232661593415223,55.295113885919285
0.4403,0.2408,0.0975,0.0,0.0,0.0,0.0,0.11122857142857144,9.162,25.2330312,55.2952157
1.0,0.5997,0.508,0.3494,0.0,0.0311,0.095,0.36902857142857143,107.275,25.23166741124865,55.294890372073944
1.0,0.0,0.0,0.0,0.0,0.0,1.0,0.2857142857142857,14.106,25.2329694,55.2966227
1.0,1.0,1.0,0.0,0.0,0.0,0.4876,0.4982285714285714,34.945,25.23222375,55.29487185
1.0,1.0,1.0,0.4213,0.0,0.0,0.4933,0.5592285714285714,6.62,25.2320698,55.2948208
0.9768,0.9436,0.2383,0.0,0.0,0.0,0.0026,0.3087571428571429,274.197,25.23155274635247,55.29380557762776
1.0,1.0,1.0,1.0,0.0,0.0,0.0,0.5714285714285714,10.53,25.2320334,55.29489595
0.8237,0.3282,0.3297,0.3389,0.1655,0.4263,0.5278,0.4200142857142857,262.616,25.232875843039068,55.295632057963594
1.0,1.0,1.0,1.0,0.0,0.0,0.0,0.5714285714285714,34.809,25.23219345,55.29493115
1.0,0.0,0.0,0.0,0.0,0.0,1.0,0.2857142857142857,8.447,25.2330338,55.2965796
1.0,0.0,0.0,0.0,0.0,0.0,1.0,0.2857142857142857,16.378,25.23313315,55.29663585
1.0,0.1186,0.0,0.0,0.0,0.0,0.0,0.1598,14.393,25.24629855,55.2959981
1.0,0.0618,0.0,0.0,0.21,0.3973,0.7666,0.3479571428571428,81.27,25.24601381462405,55.29573810630268
1.0,0.7115,0.718,0.078,0.5069,0.4724,0.4225,0.5584714285714285,81.211,25.24265405,55.29285295
1.0,0.0,0.0,0.0,0.0,0.0,0.3181,0.1883,10.522,25.24257115,55.29463065000001
1.0,0.0668,0.0668,0.0668,0.0668,0.2265,0.9326,0.3466142857142857,7.343,25.24252565370928,55.29461581124066
1.0,0.0,0.0,0.0,0.0,0.0,0.0,0.14285714285714285,5.342,25.242524750481756,55.29467835630433
1.0,0.0,0.0,0.0,0.0,0.0,0.7364,0.2480571428571429,21.318,25.24247588249094,55.29479793928263
1.0,0.0,0.0,0.0,0.0,0.0,0.3822,0.19745714285714286,7.794,25.242553127365817,55.294714855225465
1.0,0.8543,0.8543,0.8543,0.8543,0.922,1.0,0.9055999999999998,20.926,25.242574068528157,55.294516160908124
1.0,0.0,0.0,0.0,0.0,0.0,1.0,0.2857142857142857,13.907,25.242659395188625,55.294656865193154
1.0,0.4215,0.3854,0.2546,0.2546,0.9635,1.0,0.6113714285714286,22.667,25.242582830911523,55.29430932774861
1.0,0.571,0.5918,0.5931,0.5931,0.5899,0.7476,0.6695,11.189,25.24260525,55.29442215
1.0,0.0,0.0,0.0,0.0,0.0,1.0,0.2857142857142857,18.09,25.24276533190837,55.294482763246414
1.0,0.0,0.0,0.0,0.0,0.0,1.0,0.2857142857142857,11.658,25.242692057766163,55.29444465814826
1.0,0.0,0.0,0.0,0.0,0.3859,1.0,0.3408428571428571,11.653,25.242685284542144,55.29439955605336
1.0,0.0,0.0,0.0,0.0,0.0,1.0,0.2857142857142857,24.811,25.2427272124682,55.294569993301906
1.0,0.0,0.0,0.0,0.0,0.0,1.0,0.2857142857142857,24.811,25.242727212468196,55.29456999330191
0.3803,0.0,0.0,0.0,0.0,0.0,1.0,0.1971857142857143,7.802,25.24260175,55.2958894
0.234,0.0,0.0,0.0,0.0,0.2129,0.7037,0.16437142857142858,43.508,25.242461530456875,55.29573870751871
1.0,0.2695,0.2584,0.2577,0.259,0.2557,0.7114,0.4302428571428572,43.303,25.242795846775383,55.295929051458366
1.0,0.3866,0.0,0.0,0.0,0.1198,1.0,0.3580571428571429,5.878,25.24703825,55.2942691
1.0,0.8743,0.5045,0.0,0.0,0.0,0.8715,0.4643285714285715,54.808,25.247277249428763,55.2944147009376
0.7085,0.5171,0.4484,0.0,0.0,0.0,0.0,0.23914285714285713,17.259,25.254886457992068,55.31070999266818
0.0,0.0,0.3272,0.0,0.0,0.0,0.0,0.04674285714285714,4.961,25.254953311800598,55.31069553641911
0.0,0.0,0.0,0.1676,0.0,0.0,0.9568,0.16062857142857143,4.959,25.254960303975714,55.31074023750604
0.6571,0.8154,0.9626,0.3812,0.0,0.0,0.0015,0.40254285714285715,7.442,25.254922388838583,55.31077548123225
1.0,0.105,0.0,0.0,0.1286,0.3548,0.7056,0.32771428571428574,31.27,25.254127551899007,55.30791970360272
1.0,1.0,0.4235,0.0,0.0,0.0,0.6245,0.43542857142857144,22.111,25.25469735,55.3072246
1.0,1.0,0.9651,0.5345,0.3994,0.3994,0.3994,0.6711142857142857,49.11,25.254652003413867,55.30731553707342
0.4135,0.0,0.0,0.0,0.0,0.0,0.2023,0.08797142857142858,34.549,25.25352148010779,55.30910341375586
1.0,0.5283,0.5423,0.0,0.9414,0.9241,0.9125,0.6926571428571427,48.346,25.253327747187488,55.309258161276574
0.7544,0.0,0.0,0.0,0.0,0.0,0.0,0.10777142857142856,16.548,25.253605806677246,55.30927846279925
1.0,0.7216,0.6099,0.0669,0.2714,0.7146,0.7583,0.5918142857142856,77.825,25.25341484752769,55.30856739119872
1.0,1.0,0.0,0.0,0.0,0.0,0.0,0.2857142857142857,4.42,25.25394175,55.30675465
1.0,1.0,0.5746,0.1756,0.0784,0.0784,0.7043,0.5159,47.551,25.25402209907606,55.306905468697025
1.0,1.0,0.9416,0.3993,0.0,0.0,0.0,0.4772714285714286,40.714,25.253884962778766,55.3069818037952
0.8405,0.1896,0.0467,0.0,0.1721,0.6296,1.0,0.4112142857142857,14.203,25.2547053,55.3116037
1.0,1.0,0.3801,0.0,0.0,0.0,1.0,0.48287142857142856,4.99,25.2546745,55.31165775
0.8158,0.0773,0.0005,0.0005,0.1992,0.7269,1.0,0.40288571428571424,12.313,25.2547384,55.3116317
0.9639,0.3724,0.0,0.0,0.0,0.0,0.0,0.19090000000000001,223.846,25.231384232092278,55.29348219862786
1.0,0.0,0.0,0.0,0.0,0.0,0.0,0.14285714285714285,9.252,25.23167075,55.29242685
0.2135,0.0,0.0,0.0,0.0,0.0,0.0,0.0305,29.285,25.2346041,55.29416915
1.0,0.0,0.0,0.0,0.0,0.0,0.0,0.14285714285714285,130.192,25.23756299908736,55.298878290433834
1.0,0.1799,0.0,0.0,0.0,0.0,0.0,0.16855714285714285,322.005,25.23846389492224,55.29686303440113
1.0,0.0,0.0,0.0,0.0,0.0,0.0,0.14285714285714285,6.288,25.2359478,55.29395495
1.0,0.0,0.0,0.0,0.0,0.0,0.0,0.14285714285714285,10.339,25.236001099774768,55.29389828744056
1.0,0.0,0.0,0.0,0.0,0.0,0.0,0.14285714285714285,6.436,25.2360605,55.2938931
1.0,0.0,0.0,0.0,0.0,0.0,0.0,0.14285714285714285,17.949,25.236006737056528,55.293950511601565
1.0,0.8087,0.2188,0.0,0.0,0.0,0.0,0.28964285714285715,104.939,25.23943950513833,55.29562962772354
1.0,0.1037,0.0,0.0,0.0,0.0,0.0,0.15767142857142855,43.158,25.2384399374322,55.2954436193605
1.0,0.0,0.0,0.0,0.0,0.0,0.0,0.14285714285714285,70.671,25.2324814,55.2925065
1.0,0.0,0.0,0.0,0.0,0.0,0.0,0.14285714285714285,15.831,25.23227255,55.29286925000001
1.0,0.0,0.0,0.0,0.0,0.0,0.0,0.14285714285714285,23.914,25.232414826058132,55.29282810608704
0.0,0.0,0.0,0.0,0.0,0.0,0.0,0.0,5.331,25.2342252,55.30136925
0.0,0.0,0.0,0.0,0.0,0.0,0.0,0.0,10.134,25.23421235,55.3014448
0.0,0.0,0.0,0.0,0.0,0.0,0.0,0.0,21.473,25.234315945315306,55.301412748940486
0.0,0.0,0.0,0.0,0.0,0.0,0.0,0.0,19.715,25.23413379555886,55.30137643866365
0.795,0.5104,0.212,0.0,0.1941,0.1941,0.1941,0.29995714285714287,47.057,25.234227,55.29510435
1.0,0.3735,0.0,0.0,0.0,0.6249,0.9579,0.4223285714285714,195.087,25.233584227027738,55.2960173336087
1.0,0.0,0.0,0.0,0.0,0.0,0.0,0.14285714285714285,4.097,25.23408315,55.2983627
1.0,0.0,0.0,0.0,0.0,0.0,0.0,0.14285714285714285,3.392,25.2341128,55.29838035
1.0,0.0,0.0,0.0,0.0,0.0,0.0,0.14285714285714285,3.789,25.23409125,55.2983891
1.0,0.0,0.0,0.0,0.0,0.0,0.0,0.14285714285714285,5.842,25.2341117,55.2983469
1.0,1.0,1.0,0.0,1.0,1.0,1.0,0.8571428571428571,4.076,25.2338368,55.29823945
1.0,1.0,1.0,0.0,1.0,1.0,1.0,0.8571428571428571,5.217,25.23385605,55.29819845
1.0,1.0,1.0,0.0,1.0,1.0,1.0,0.8571428571428571,9.946,25.23388465,55.298245
1.0,1.0,1.0,0.0,1.0,1.0,1.0,0.8571428571428571,4.05,25.2338291,55.2982123
1.0,1.0,1.0,0.0,1.0,1.0,1.0,0.8571428571428571,4.719,25.233783,55.29835345
1.0,0.9385,0.9385,0.0,0.9897,1.0,0.9629,0.8328,13.552,25.23382625,55.29840715
1.0,1.0,1.0,0.0,1.0,1.0,1.0,0.8571428571428571,4.031,25.23375695,55.2983651
1.0,1.0,1.0,0.0,1.0,1.0,1.0,0.8571428571428571,3.772,25.2339072,55.29808935000001
1.0,1.0,1.0,0.0,1.0,1.0,1.0,0.8571428571428571,4.066,25.23389865,55.29806365
1.0,0.5133,0.5133,0.0,0.5629,0.5839,0.5171,0.5272142857142857,13.93,25.2339705,55.2981048
1.0,0.0,0.0,0.0,0.0046,0.3094,0.7895,0.3005,13.722,25.23390875,55.2983801
1.0,0.0,0.0,0.0,0.0,0.0108,0.3919,0.20038571428571425,14.196,25.23393585,55.29847305
1.0,0.0,0.0,0.0,0.4527,0.9228,0.5548,0.4186142857142857,7.836,25.23396572363051,55.29832483211307
1.0,0.575,0.5285,0.0,0.8708,0.9621,0.8989,0.6907571428571428,7.673,25.233919249804188,55.29829777481534
1.0,0.1779,0.2293,0.0,0.0,0.0,0.0,0.20102857142857142,8.099,25.233990894856333,55.29827238347144
1.0,0.0,0.0,0.0,0.0,0.0,0.0,0.14285714285714285,10.33,25.23402628704583,55.29832817123795
1.0,0.0,0.0,0.0,0.0,0.0,0.0519,0.15027142857142858,10.633,25.2341684,55.29841324999999
1.0,0.0,0.0,0.0,0.0,0.0,0.0,0.14285714285714285,28.73,25.23431832968172,55.29851650900812
1.0,0.0,0.0,0.0,0.0,0.0,0.0,0.14285714285714285,3.783,25.23443395,55.29861255
1.0,0.0,0.0,0.0,0.0,0.0,0.0,0.14285714285714285,4.12,25.23441005,55.29862205
1.0,0.0,0.0,0.0,0.0,0.0,0.0,0.14285714285714285,4.61,25.23442815,55.29858355
1.0,0.0,0.0,0.0,0.0,0.0,0.0,0.14285714285714285,3.625,25.234555,55.2987055
1.0,0.0,0.0,0.0,0.0,0.0,0.0,0.14285714285714285,5.003,25.2345729,55.29866745
1.0,0.0,0.0,0.0,0.0,0.0,0.0,0.14285714285714285,4.579,25.23454445,55.29867855
1.0,0.0,0.0,0.0,0.0,0.0,0.0,0.14285714285714285,11.172,25.23460655,55.2987162
1.0,0.0,0.0,0.0,0.0,0.0,0.0,0.14285714285714285,5.619,25.2345172,55.2987851
1.0,0.8513,0.0,0.0,0.0,0.0,0.0,0.2644714285714286,14.422,25.2345622,55.2988444
1.0,0.0,0.0,0.0,0.0,0.0,0.0,0.14285714285714285,4.71,25.23448685,55.2987985
1.0,0.0,0.0,0.0,0.0,0.0,0.0,0.14285714285714285,4.888,25.23463915,55.29852455
1.0,0.0,0.0,0.0,0.0,0.0,0.0,0.14285714285714285,4.195,25.23463295,55.2984926
1.0,0.0,0.0,0.0,0.0,0.0,0.2757,0.18224285714285715,4.428,25.23466715,55.29851275000001
1.0,0.0,0.0,0.0,0.0,0.0,0.0,0.14285714285714285,4.926,25.23437225,55.29870065
1.0,0.0,0.0,0.0,0.0,0.0,0.0,0.14285714285714285,3.888,25.2343772,55.29873165
1.0,0.0,0.0,0.0,0.0,0.0,0.5277,0.21824285714285713,5.188,25.2344961,55.2984372
1.0,0.0,0.0,0.0,0.0,0.0,1.0,0.2857142857142857,3.912,25.23452235,55.2984239
1.0,0.3776,0.1145,0.1013,0.1013,0.1178,0.2369,0.29277142857142857,5.654,25.234654136517992,55.29876859250871
1.0,0.8734,0.0,0.0,0.0,0.0,0.0,0.26762857142857144,5.928,25.23466998414401,55.29872639431187
1.0,0.1509,0.0,0.0,0.0,0.0,0.0,0.1644142857142857,5.352,25.23474705,55.2989265
1.0,1.0,0.0,0.0,0.0,0.0,0.0,0.2857142857142857,10.238,25.23477515,55.2989739
1.0,1.0,0.0,0.0,0.0,0.0,0.4928,0.3561142857142857,14.695,25.2346769,55.2989142
1.0,0.0785,0.0,0.0,0.0,0.0,0.0,0.15407142857142858,11.932,25.2348238,55.29877925
1.0,1.0,0.0,0.0,0.0,0.0,0.0,0.2857142857142857,9.505,25.2348719,55.2986869
1.0,1.0,0.0,0.0,0.0,0.0,0.0,0.2857142857142857,10.661,25.23487985,55.2987697
1.0,0.0791,0.0,0.0,0.0,0.0,0.6936,0.25324285714285716,16.031,25.23480255,55.2986683
1.0,0.294,0.1002,0.0886,0.0886,0.1109,0.4621,0.30634285714285714,10.558,25.23464395,55.29883435
1.0,0.9665,0.9532,0.9665,0.9712,0.9532,0.9665,0.9681571428571427,5.332,25.234691672081016,55.2987868683924
1.0,0.0,0.0,0.0,0.0,0.0,0.0,0.14285714285714285,11.232,25.23475375,55.29880205000001
1.0,0.1845,0.0,0.0,0.0,0.0,0.0,0.1692142857142857,6.017,25.23470901460451,55.298745954554605
1.0,0.0842,0.0,0.0,0.0,0.0,0.0,0.1548857142857143,13.232,25.23472475,55.2986657
1.0,0.0,0.0,0.0,0.0,0.0,0.6023,0.22890000000000002,11.629,25.2347198,55.29856565
1.0,0.0,0.0,0.0,0.0,0.0,0.0,0.14285714285714285,5.195,25.23403625,55.29850245
1.0,0.0,0.0,0.0,0.0,0.0,0.0,0.14285714285714285,3.397,25.23403865,55.2985332
1.0,0.0,0.0,0.0,0.0,0.0,0.0,0.14285714285714285,4.137,25.23400875,55.2985156
1.0,0.0,0.0,0.0,0.0,0.0,1.0,0.2857142857142857,3.743,25.23416615,55.2982345
1.0,0.0,0.0,0.0,0.0,0.7641,1.0,0.3948714285714286,4.042,25.23415785,55.2982091
1.0,0.0,0.0,0.0,0.0,0.0,1.0,0.2857142857142857,3.394,25.23418775,55.29822565
1.0,0.1318,0.0812,0.0,0.0,0.0,0.0,0.17328571428571427,12.785,25.23399865,55.2981928
1.0,1.0,1.0,0.0,0.4224,0.5545,0.0643,0.5773142857142857,7.942,25.233943771426663,55.29824540382139
1.0,0.0,0.0,0.0,0.0,0.5614,0.8241,0.3407857142857143,14.34,25.2340838,55.2981685
1.0,0.5658,0.4949,0.4949,1.0,1.0,1.0,0.7936571428571428,84.834,25.231830374378372,55.295503443437234
1.0,0.0,0.0,0.0,1.0,1.0,1.0,0.5714285714285714,14.297,25.231653495829974,55.29539587884838
0.4667,0.0,0.0,0.0,0.1873,0.8859,1.0,0.3628428571428572,11.118,25.231585336468825,55.29545239493018
0.9474,0.0,0.0,0.0,0.5311,0.73,0.9596,0.45258571428571426,21.858,25.231606556975873,55.29530160154632
0.0,0.0,0.0,0.0,0.0,0.0,0.8879,0.12684285714285715,18.086,25.2315238,55.29536475
1.0,0.0,0.0,0.0,0.0,0.0213,0.0,0.1459,62.788,25.2328007,55.2921682
1.0,0.0,0.0,0.0,0.0,0.2217,0.2286,0.20718571428571428,44.252,25.23239438798307,55.29202124443118
1.0,0.0,0.0,0.0,0.0,0.0,0.0,0.14285714285714285,3.382,25.2330636,55.2923222
1.0,0.0,0.0,0.0,0.0,0.0,0.0,0.14285714285714285,10.166,25.2330707,55.2922699
1.0,0.3497,0.0,0.0,0.0378,0.2539,0.8698,0.35874285714285714,26.283,25.23478915,55.29858425
1.0,1.0,1.0,0.0,1.0,1.0,1.0,0.8571428571428571,28.827,25.233109660876845,55.29930879756
1.0,0.7133,0.4579,0.0,0.3039,0.3039,1.0,0.5398571428571428,10.588,25.233040755088616,55.299167969154624
1.0,1.0,1.0,0.0,1.0,1.0,1.0,0.8571428571428571,23.168,25.2337202,55.29815055
1.0,1.0,1.0,0.0,1.0,1.0,1.0,0.8571428571428571,6.137,25.233630771413903,55.29807448999752
1.0,1.0,1.0,0.0,1.0,1.0,1.0,0.8571428571428571,7.206,25.23361085961608,55.298122199701154
1.0,1.0,1.0,0.0,1.0,1.0,1.0,0.8571428571428571,8.655,25.23356283398681,55.29809982123556
1.0,1.0,1.0,1.0,1.0,1.0,1.0,1.0,10.509,25.2368325340963,55.29469457584496
1.0,1.0,1.0,1.0,1.0,1.0,1.0,1.0,10.314,25.236789596152665,55.29462484355143
1.0,1.0,1.0,1.0,1.0,1.0,1.0,1.0,8.855,25.236771405157846,55.294715421262396
0.9343,0.9071,0.848,0.7809,0.7515,0.7518,0.8146,0.8268857142857142,60.255,25.23648617982614,55.29470261364242
1.0,0.0,0.0,0.0,0.0,0.045,1.0,0.29214285714285715,4.472,25.2358448,55.29497165
1.0,0.0,0.0,0.0,0.0,0.0057,1.0,0.2865285714285714,22.359,25.235930998098965,55.2948949598556
1.0,0.8452,0.8452,0.0,0.9132,1.0,1.0,0.8005142857142857,13.566,25.235795629662082,55.294922235857555
0.8258,0.0,0.0,0.0,0.0,0.0,0.0,0.11797142857142857,103.182,25.24053576766165,55.29219137061534
0.7323,0.452,0.0,0.0,0.0,0.0,0.0,0.16918571428571427,54.986,25.2402794374234,55.292810944166
1.0,0.0,0.0,0.0,0.0,0.2566,0.7729,0.2899285714285714,73.75,25.2380955,55.29189605000001
1.0,0.0,0.0,0.0,0.0,0.335,1.0,0.3335714285714286,6.157,25.23840195,55.2920421
0.8851,0.4803,0.1573,0.1581,0.1581,0.5376,0.8182,0.45638571428571423,78.543,25.2392333,55.29156485
1.0,0.2413,0.0,0.0,0.0,0.2636,0.5088,0.2876714285714286,49.497,25.238863974472856,55.29178085739289
0.998,0.6757,0.3452,0.0,0.0,0.3649,0.7794,0.4518857142857143,76.59,25.240469,55.2915663
1.0,0.0,0.0,0.0,0.0,0.0,0.4562,0.20802857142857142,54.274,25.2408915,55.29151915
0.4185,0.0,0.0,0.0,0.0,0.0,0.662,0.15435714285714286,29.349,25.240292993483617,55.29311892646433
1.0,0.0,0.0,0.0,0.0,0.0,0.0,0.14285714285714285,11.679,25.23651795,55.29113635
1.0,0.0,0.0,0.0,0.0,0.0,0.0,0.14285714285714285,5.572,25.23652015,55.29120325
1.0,0.0,0.0,0.0,0.0,0.0,0.0,0.14285714285714285,39.465,25.236423279949577,55.29136801976218
1.0,0.7323,0.0,0.0,0.0,0.0,0.1036,0.26227142857142854,7.898,25.23657345,55.29123505
1.0,0.0,0.0,0.0,0.0,0.0,0.0,0.14285714285714285,39.463,25.236449724660297,55.291383367240435
1.0,0.0,0.0,0.0,0.0,0.0,0.0,0.14285714285714285,9.534,25.23655395,55.2910387
0.2448,0.0,0.0,0.0,0.0,0.0,0.1722,0.05957142857142857,7.909,25.23563325,55.290453
1.0,0.261,0.0,0.0,0.0,0.0,0.7566,0.28822857142857145,81.981,25.23738965,55.2915827
1.0,0.0,0.0,0.0,0.0,0.0,1.0,0.2857142857142857,9.993,25.2370839,55.29134665
1.0,0.6258,0.0,0.0,0.0,0.0,1.0,0.3751142857142857,61.463,25.23684343705608,55.29134738831359
1.0,0.0,0.0,0.0,0.0,0.1275,1.0,0.30392857142857144,25.323,25.23700275,55.29124355
1.0,0.0,0.0,0.0,0.0,0.2613,0.8124,0.2962428571428571,83.013,25.23743135,55.2914995
1.0,0.0,0.0,0.0,0.0338,0.5233,1.0,0.3653,32.236,25.23705238271118,55.29120142670259
1.0,0.9551,0.0,0.0,0.0,0.0,0.0,0.2793,6.326,25.2377402,55.2917889
1.0,0.0,0.0,0.0,0.0,0.0,0.0,0.14285714285714285,9.086,25.2377841,55.2917636
1.0,0.3402,0.0,0.0,0.0,0.0,0.0,0.19145714285714285,9.169,25.2377371,55.29173555
1.0,0.0,0.0,0.0,0.0,0.1295,0.4128,0.22032857142857143,56.186,25.238544536278777,55.29178372729289
1.0,0.6959,0.0,0.0,0.0,0.0,0.0,0.24227142857142855,43.306,25.238516980866077,55.29071962028819
1.0,0.3103,0.0,0.0,0.0,0.0,0.1732,0.21192857142857144,43.151,25.23853180765116,55.29069222742521
1.0,0.0,0.0,0.0,0.0,0.0,1.0,0.2857142857142857,4.892,25.23781635,55.29164205
1.0,0.0,0.0,0.0,0.0,0.0,0.2965,0.18521428571428572,7.86,25.23777795,55.29166395
1.0,0.0,0.0,0.0,0.0,0.0,0.871,0.2672857142857143,28.138,25.237865348994664,55.29151384604948
1.0,0.0,0.0,0.0,0.0,0.0,0.3123,0.18747142857142857,7.966,25.2378194,55.29168835
1.0,0.0,0.0,0.0,0.0,0.0,0.4367,0.20524285714285714,27.961,25.237891947984412,55.291528563152056
1.0,0.0,0.0,0.0,0.0,0.0,0.0,0.14285714285714285,5.552,25.237781,55.29171025
0.5166,0.0,0.0,0.0,0.0,0.0,1.0,0.21665714285714285,22.897,25.2308359471244,55.299337048414976
1.0,0.0,0.0,0.0,0.0,0.0,1.0,0.2857142857142857,11.632,25.23087879269974,55.299350750500025
1.0,0.4353,0.2704,0.2735,0.3813,0.4815,1.0,0.5488571428571428,19.495,25.23087667120289,55.29919609944974
0.647,0.0,0.0,0.0,0.0,0.0,1.0,0.2352857142857143,26.2,25.2309054,55.29953615
1.0,0.0,0.0,0.0,0.0,0.0425,1.0,0.29178571428571426,25.29,25.231017462592277,55.29971892145841
1.0,1.0,1.0,0.8102,1.0,1.0,1.0,0.9728857142857142,11.017,25.23024905,55.3002721
0.3592,0.1582,0.1579,0.1582,0.1585,0.1572,1.0,0.30702857142857143,81.629,25.230635353047195,55.30027557932362
0.2155,0.1292,0.108,0.0575,0.0923,0.0923,1.0,0.24211428571428573,81.102,25.230577646086157,55.30009643245057
1.0,0.7875,0.6589,0.6512,0.6512,0.6748,1.0,0.7748,10.498,25.2309427,55.30002895
1.0,1.0,1.0,0.7106,1.0,1.0,1.0,0.9586571428571428,10.744,25.23016145,55.3002239
0.3547,0.1346,0.1095,0.0372,0.0961,0.0967,0.9847,0.25907142857142856,97.264,25.230548684385663,55.30000964976872
1.0,1.0,1.0,1.0,1.0,1.0,1.0,1.0,9.787,25.23098245,55.2999382
1.0,0.5813,0.4871,0.482,0.482,0.4874,0.571,0.5843999999999999,9.05,25.230082845336085,55.30017778661434
0.4036,0.145,0.1162,0.0425,0.0888,0.0888,0.8555,0.24862857142857142,112.764,25.23051988764231,55.29992676384692
1.0,0.9131,0.6259,0.1222,0.4615,0.4615,1.0,0.6548857142857143,8.916,25.23101905,55.2998545
0.3861,0.0,0.0,0.0,0.0,0.0,0.6938,0.15427142857142856,127.107,25.23049696293166,55.299839786295465
0.4527,0.0,0.0,0.0,0.0,0.0,0.0,0.06467142857142857,11.027,25.2318737,55.29270285
0.6344,0.9855,0.97,0.0,0.0,0.0,0.0,0.3699857142857143,69.486,25.232399228744793,55.294662590995486
1.0,1.0,1.0,0.5395,0.0,0.0,0.0,0.5056428571428572,7.082,25.2323474,55.2949822
1.0,1.0,1.0,1.0,1.0,1.0,1.0,1.0,12.079,25.230267322159914,55.29805316199158
1.0,1.0,1.0,1.0,1.0,1.0,1.0,1.0,13.711,25.230281295185886,55.298098270481674
1.0,1.0,1.0,1.0,1.0,1.0,1.0,1.0,11.83,25.230239558982188,55.29810522057405
1.0,0.0,0.0,0.0,0.0,0.0,0.0,0.14285714285714285,5.455,25.23497685,55.2923286
1.0,0.0,0.0,0.0,0.0,0.0,0.0,0.14285714285714285,10.366,25.2349974,55.2924024
0.1603,0.0,0.0,0.0,0.0,0.0,0.0,0.0229,95.956,25.23536014941378,55.292567946966614
1.0,0.0,0.0,0.0,0.0,0.0,0.0,0.14285714285714285,8.551,25.23315155,55.29032235
1.0,0.0,0.0,0.0,0.0,0.0,0.8371,0.26244285714285714,23.241,25.232768597825117,55.29100102830231
1.0,0.3176,0.2795,0.2558,0.2717,0.301,0.3703,0.3994142857142857,57.751,25.238472463475805,55.292528301610176
1.0,0.6468,0.6636,0.0,0.0,0.7515,1.0,0.5802714285714285,78.835,25.2366788,55.2921931
0.9535,0.0,0.0,0.0,0.0,0.0,0.486,0.20564285714285716,36.627,25.23691315,55.2925305
1.0,0.8406,0.758,0.004,0.004,0.7763,0.9851,0.624,80.643,25.23651405,55.29249645
1.0,1.0,0.89,0.6468,0.5981,0.5981,0.6838,0.7738285714285713,14.066,25.2302032034642,55.2962213851289
1.0,0.8964,0.0239,0.0273,0.184,0.4327,1.0,0.5091857142857144,30.379,25.23007895,55.29557365
0.5493,0.5329,0.4413,0.333,0.3275,0.312,0.5154,0.4302,66.277,25.230318711702544,55.29571094808335
0.049,0.0,0.0,0.0,0.0087,0.0201,0.0,0.011114285714285715,23.297,25.23065235577932,55.297465152662554
1.0,0.6524,0.6424,0.0,1.0,1.0,1.0,0.7564000000000001,41.209,25.23621445,55.29268345
0.8375,0.8303,0.8157,0.0,0.7274,0.8217,0.9907,0.7176142857142859,111.062,25.23672067425513,55.29309711653191
1.0,0.2445,0.0,0.0,0.0,0.0,0.0,0.17778571428571427,30.675,25.23776135,55.29216135000001
1.0,0.0,0.0,0.0,0.0,0.0,0.0,0.14285714285714285,5.301,25.2443844,55.3007547
1.0,0.0,0.0,0.0,0.0,0.0,0.0,0.14285714285714285,98.23,25.2441537,55.30120175
1.0,0.0,0.0,0.0,0.0,0.0,0.5901,0.22715714285714286,16.072,25.244309748826808,55.3007380779314
1.0,0.0,0.0,0.0,0.0,0.4225,0.5155,0.2768571428571428,15.958,25.244331848346725,55.300696916668116
1.0,0.2746,0.0,0.0,0.0,1.0,1.0,0.4678,11.15,25.244219374454005,55.30064564133916
1.0,0.4215,0.0,0.0,0.0,0.2062,1.0,0.37538571428571427,10.882,25.244208460174246,55.30066490600704
0.7844,0.1134,0.0016,0.0,0.0,0.0,0.1132,0.14465714285714285,51.61,25.23574621496984,55.290632662255625
0.9827,0.1608,0.0917,0.0922,0.1119,0.1427,0.7872,0.33845714285714285,62.659,25.23430609442844,55.29141652853115
1.0,0.7564,0.7536,0.0,0.7758,0.7711,1.0,0.7224142857142857,17.158,25.23353,55.29071205
1.0,0.4844,0.0,0.0,0.0,0.0,0.9144,0.3426857142857143,53.177,25.233664516916,55.29097468336546
1.0,0.0,0.0,0.0,0.0,0.1451,1.0,0.3064428571428572,11.74,25.233622701089836,55.29070620258199
1.0,0.8206,0.0,0.0,0.0,0.8573,1.0,0.5254142857142857,48.544,25.2337672,55.2904526
0.8437,0.482,0.0,0.0,0.0,0.0,0.6719,0.28537142857142855,29.983,25.2337619,55.2912728
0.8693,0.48,0.0972,0.0,0.0,0.0,0.2821,0.24694285714285713,33.057,25.233863265643176,55.29128705444763
1.0,0.2267,0.0,0.0,0.0,0.0,0.0,0.17524285714285717,16.653,25.2338103,55.2916623
1.0,1.0,0.2641,0.0,0.0,0.0,0.0,0.32344285714285714,3.062,25.23385595,55.2915816
1.0,1.0,0.0,0.0,0.0,0.0,0.2252,0.31788571428571427,2.722,25.23384435,55.2915746
1.0,0.8717,0.0,0.0,0.0,0.0,0.0,0.2673857142857143,6.096,25.23394705,55.2914178
1.0,1.0,0.231,0.0,0.0,0.0,0.0,0.31871428571428567,16.117,25.233912629669152,55.29151559651946
1.0,0.7634,0.0,0.0,0.0,0.1249,0.6296,0.3597,16.254,25.23387674674129,55.291493720574415
1.0,0.0,0.0,0.0,0.0,0.0,0.0,0.14285714285714285,15.769,25.2340256,55.2914294
1.0,0.0,0.0507,0.0,0.0,0.0,0.0,0.15009999999999998,21.393,25.23403967433261,55.291557586565204
1.0,1.0,1.0,0.0,0.0,0.0,0.0,0.42857142857142855,16.68,25.239817691562802,55.29581508051645
1.0,0.0,0.0,0.0,0.4688,0.802,1.0,0.46725714285714287,42.556,25.23702455,55.29093515
1.0,0.0,0.0,0.0,0.0,0.2606,1.0,0.32294285714285714,32.099,25.2367736,55.291112
1.0,0.0,0.0,0.0,0.0772,1.0,1.0,0.4396,7.323,25.2369176,55.2911531
1.0,0.0946,0.0,0.0,0.0,0.0,0.6258,0.24577142857142859,30.605,25.237809675768304,55.291156149048746
1.0,0.124,0.0,0.0,0.0,0.0,0.6175,0.24878571428571433,30.398,25.237796490299925,55.29118031680956
1.0,1.0,0.0,0.0,0.0,0.0,0.0,0.2857142857142857,58.653,25.25144775,55.2994696
1.0,1.0,0.0,0.0,0.0,0.0,0.0,0.2857142857142857,11.44,25.25127335,55.29969575
1.0,0.4365,0.0,0.0,0.0,0.0,0.0,0.20521428571428574,8.818,25.25058465,55.30106085
1.0,0.457,0.4461,0.0,0.472,1.0,1.0,0.6250142857142856,15.496,25.2335907,55.29061725
1.0,0.0,0.0,0.0,0.0,0.0,0.9516,0.2788,9.466,25.2366077,55.29101685
1.0,0.0,0.0,0.0,0.0,0.0,0.9669,0.2809857142857143,6.008,25.2376643,55.30281805
1.0,0.0,0.0,0.0,0.0,0.0,1.0,0.2857142857142857,1.332,25.23763275,55.30280735
1.0,0.0,0.0,0.0,0.7452,0.9134,1.0,0.5226571428571428,3.305,25.2378916,55.30289565
1.0,0.0,0.0,0.0,1.0,1.0,1.0,0.5714285714285714,4.214,25.2378593,55.3028846
1.0,0.0,0.0,0.0,0.325,1.0,1.0,0.47500000000000003,4.05,25.2378238,55.30287245
1.0,0.0,0.0,0.0,0.0,0.8735,1.0,0.4105,4.712,25.23778615,55.3028596
1.0,0.0,0.0,0.0,0.0,0.0,0.1547,0.16495714285714286,4.946,25.23774465,55.30284545
1.0,0.0,0.0,0.0,0.0,0.0,0.0,0.14285714285714285,3.873,25.23770675,55.30283255
1.0,0.0,0.0,0.0,0.0,0.0,1.0,0.2857142857142857,5.563,25.23763825,55.3027808
1.0,0.0802,0.0,0.0,0.0,0.4654,1.0,0.3636571428571429,30.588,25.24409095,55.3123792
1.0,1.0,0.0911,0.0,0.0,0.0,0.0,0.2987285714285714,20.996,25.24827855,55.29688605
1.0,0.0,0.0,0.0,0.0,0.0,0.3435,0.19192857142857145,20.734,25.236806,55.2988414
1.0,0.0,0.0,0.0,0.0,0.0,0.0,0.14285714285714285,24.944,25.2369095,55.2988185
1.0,0.0,0.0,0.0,0.0,0.0,0.0,0.14285714285714285,39.577,25.2367733,55.2991017
1.0,0.3235,0.0676,0.043,0.0103,0.0103,0.0103,0.2092857142857143,13.892,25.23771785,55.29554645
1.0,0.1242,0.0,0.0,0.0,0.0,0.0,0.16060000000000002,18.278,25.23773797913705,55.29543117812721
1.0,0.6928,0.4971,0.3231,0.316,0.2445,0.2886,0.48030000000000006,15.923,25.237798694343624,55.295587197643925
1.0,1.0,0.7372,0.0,0.6607,0.6607,0.6607,0.6741857142857144,13.962,25.2346237,55.2950088
1.0,1.0,0.2086,0.0,0.0,0.0,0.0,0.31551428571428575,19.735,25.23450735,55.29498525
1.0,0.4991,0.0,0.0,0.0,0.0,0.0,0.21415714285714285,16.739,25.23466025,55.29491965
1.0,0.0,0.0,0.0,0.0,0.0,0.0,0.14285714285714285,13.81,25.23594655,55.2995969
1.0,0.6797,0.7284,0.2136,0.349,0.3361,0.3432,0.5214285714285715,60.307,25.23569021041672,55.29956493557788
1.0,0.0,0.0,0.0,0.0,0.0,0.2481,0.1783,16.583,25.236015930981285,55.299515410816625
1.0,0.0,0.0,0.0,0.0,0.0,0.0,0.14285714285714285,7.829,25.235954193704142,55.2995122509677
1.0,1.0,1.0,0.0,1.0,1.0,1.0,0.8571428571428571,16.104,25.23600395,55.29930665
1.0,0.4054,0.4054,0.0,0.4704,0.6008,1.0,0.5545714285714286,13.927,25.2360378,55.29940465
1.0,0.0,0.0,0.0,0.0,0.0,0.7402,0.2486,8.011,25.235979369945714,55.29946047069956
1.0,0.0,0.0,0.0,0.0,0.0,0.3463,0.19232857142857143,13.144,25.23590695,55.29945165
1.0,0.1365,0.0,0.0,0.0,0.0,0.5261,0.23751428571428573,47.372,25.245634860919093,55.29652208438948
1.0,0.0,0.0,0.0,0.11,0.6736,0.9337,0.38818571428571425,27.829,25.24571600400733,55.29619681909276
1.0,0.2484,0.0,0.0,0.1347,0.6034,0.8043,0.39868571428571425,65.918,25.245999421800114,55.296214396665775
0.0,0.0,0.0,0.0,0.0,0.0,0.0,0.0,8.42,25.24548975,55.2960098
1.0,0.3854,0.342,0.2171,0.2171,0.2171,0.672,0.4358142857142857,14.091,25.24567675,55.29604155
0.8573,0.0,0.0,0.0,0.0,0.0,0.1999,0.15102857142857143,15.53,25.24558379409598,55.296067561132894
1.0,0.4204,0.0,0.0,0.0,0.9267,1.0,0.47815714285714284,29.875,25.246061681572613,55.29593879172476
1.0,0.0,0.0,0.0,0.0,0.4436,0.5246,0.28117142857142857,11.023,25.24622384258131,55.29603546272412
1.0,0.0,0.0,0.0,0.0,0.0,0.0,0.14285714285714285,11.465,25.24915805,55.29444905
1.0,0.0,0.0,0.0,0.0,0.0,0.0,0.14285714285714285,67.603,25.24883605,55.2945641
1.0,0.0,0.0,0.0,0.0,0.0,0.0,0.14285714285714285,19.932,25.24849325,55.29471455
1.0,0.0,0.0,0.0,0.0,0.0,0.0,0.14285714285714285,6.279,25.2484265,55.29478145
1.0,0.2963,0.2486,0.1903,0.2191,0.5021,0.9136,0.48142857142857143,79.229,25.2480943,55.294568
1.0,0.1047,0.0,0.0,0.0,0.554,0.6894,0.33544285714285715,101.87,25.247386684146075,55.29418973243968
1.0,0.6672,0.3663,0.1697,0.275,0.3374,1.0,0.5450857142857143,62.929,25.24688411999065,55.29450496834305
1.0,0.0,0.0,0.0,0.0,0.0,1.0,0.2857142857142857,13.546,25.24664295368357,55.294541003073064
1.0,0.3653,0.3643,0.2042,0.4098,0.9407,1.0,0.6120428571428571,49.694,25.246385123586407,55.29455955261392
1.0,0.0,0.0,0.0,0.0,0.3714,1.0,0.33877142857142856,5.631,25.2461903,55.29453035
1.0,0.0884,0.1248,0.0,0.0,0.0,0.3267,0.21998571428571428,73.004,25.246078350050475,55.29420461352325
1.0,0.2638,0.1849,0.0,0.1574,0.4098,1.0,0.4308428571428572,107.849,25.246032710624775,55.29488716352319
1.0,0.0,0.0,0.0,0.0,0.7417,1.0,0.39167142857142856,35.244,25.24559095,55.29488865
1.0,0.0,0.0,0.0,0.0,0.2903,1.0,0.3271857142857143,55.208,25.245666746740262,55.2953298711663
0.9617,0.0,0.0,0.0,0.0,0.0,0.8168,0.25407142857142856,46.782,25.24561000465238,55.29581918596401
0.0,0.0,0.0,0.0,0.0,0.0,1.0,0.14285714285714285,11.441,25.24821025,55.31377455000001
1.0,0.1696,0.0,0.0,0.0,0.0,0.0,0.16708571428571428,30.674,25.247046789644347,55.29284345445463
1.0,0.0,0.0,0.0,0.0,0.0,0.0,0.14285714285714285,5.431,25.25024425,55.30437255
1.0,0.0,0.0,0.0,0.0,0.0,0.0,0.14285714285714285,7.864,25.25027325,55.30431475
1.0,1.0,1.0,1.0,0.9499,0.9499,0.9499,0.9785285714285712,4.102,25.2502552,55.3062274
1.0,1.0,1.0,1.0,0.9456,0.9456,0.9456,0.9766857142857142,2.101,25.25023635,55.30622655
1.0,0.0,0.0,0.0,0.0,0.0,0.3182,0.1883142857142857,17.204,25.25106735,55.3065017
1.0,1.0,0.6214,0.0,0.0,0.0,0.0,0.37448571428571426,5.675,25.25211145,55.30548045
1.0,1.0,0.0,0.0,0.0,0.0,0.0,0.2857142857142857,7.566,25.25213995,55.30542265
1.0,1.0,0.0,0.0,0.0,0.2653,0.5544,0.40281428571428574,22.141,25.25203595,55.3054037
1.0,0.0,1.0,0.0,0.0,1.0,1.0,0.5714285714285714,3.597,25.25275995,55.3077797
1.0,1.0,0.6216,0.6436,0.5851,0.5498,1.0,0.7714428571428572,5.036,25.2514609,55.3052665
1.0,1.0,0.5641,0.5641,0.7022,0.9551,1.0,0.8265,20.111,25.251416091573272,55.30535271721392
1.0,1.0,0.3532,0.2888,0.4173,0.6857,1.0,0.6778571428571428,19.578,25.251444649228276,55.30536449393321
1.0,0.4474,0.0,0.0,0.0,0.0,0.0,0.20677142857142858,4.788,25.24801955,55.3032312
1.0,0.0,0.0,0.0,0.0,0.0,0.0,0.14285714285714285,23.018,25.247969811333338,55.303329120713414
1.0,0.635,0.0,0.0,0.0,0.0,0.0,0.23357142857142857,22.426,25.24799582457555,55.30334297288319
1.0,1.0,1.0,0.0,1.0,1.0,1.0,0.8571428571428571,32.298,25.234590541303817,55.295657081691914
1.0,1.0,1.0,0.0,1.0,1.0,1.0,0.8571428571428571,25.572,25.23472348265497,55.295420920010535
1.0,1.0,1.0,0.0,1.0,1.0,1.0,0.8571428571428571,29.953,25.234554091560813,55.29548263374329
1.0,1.0,1.0,0.0,1.0,1.0,1.0,0.8571428571428571,11.477,25.23419924653192,55.29611655338842
1.0,1.0,1.0,0.0715,1.0,1.0,1.0,0.8673571428571429,9.826,25.234245975321222,55.296160334395346
1.0,1.0,1.0,0.0,1.0,1.0,1.0,0.8571428571428571,46.717,25.234366005957554,55.29593878912075
1.0,1.0,1.0,0.0,1.0,1.0,1.0,0.8571428571428571,44.876,25.234249592890865,55.297094766006154
1.0,0.4692,0.0,0.0,0.0,0.0,0.625,0.29917142857142853,145.659,25.24034395,55.3035214
1.0,0.3328,0.0,0.0,0.0,0.0,0.6621,0.2849857142857143,56.271,25.241160597676817,55.30385050519616
1.0,0.68,0.3147,0.0,0.0,0.0,0.6253,0.3742857142857143,171.964,25.238967516328085,55.30310466002316
1.0,0.8624,0.7707,0.0,0.4563,0.5158,0.5643,0.5956428571428571,32.322,25.2385817,55.3022594
1.0,0.0,0.0,0.0,0.5672,1.0,0.9949,0.5088714285714285,54.046,25.238584611460073,55.30252927886824
1.0,0.0,0.0,0.0,0.5173,0.558,0.6195,0.38497142857142863,85.042,25.238105051130738,55.30233861464598
1.0,0.0573,0.0,0.0,0.1844,0.1818,0.2493,0.23897142857142856,58.666,25.240164010068828,55.30006714299342
1.0,0.0,0.0,0.0,0.4192,0.8168,0.948,0.4548571428571428,37.793,25.24086605,55.303412750000014
1.0,0.8081,0.1053,0.1053,0.1875,0.3716,1.0,0.5111142857142857,42.981,25.241080185929587,55.303248301729106
1.0,0.0,0.0,0.0,0.0,0.3289,0.6998,0.2898142857142857,89.778,25.243711613897098,55.301907739612794
1.0,0.0,0.0,0.0,0.0,0.0,0.0,0.14285714285714285,28.187,25.24346660456452,55.30241164412505
1.0,0.0,0.0,0.0,0.0,0.0,0.0,0.14285714285714285,7.996,25.2435085,55.30253195
1.0,0.0922,0.0,0.0,0.0,0.0,0.0,0.15602857142857143,32.046,25.2436103,55.30241125000001
1.0,0.0,0.0,0.0,0.0,0.0,0.0,0.14285714285714285,45.246,25.24344145,55.3027471
1.0,0.0828,0.0,0.0,0.0,0.0,0.0,0.1546857142857143,52.073,25.24323375,55.3031729
1.0,0.1918,0.0832,0.0,0.0,0.6928,0.7383,0.3865857142857143,97.601,25.2334602,55.2913282
1.0,1.0,0.1655,0.0,0.0,0.0,0.2581,0.3462285714285715,2.939,25.2338568,55.2915681
1.0,0.9666,1.0,0.0,0.0,0.438,0.3839,0.5412142857142858,15.766,25.2339306,55.2916127
1.0,0.0,0.0,0.0,0.0,0.0,0.0,0.14285714285714285,11.687,25.2330989,55.29104345
0.9388,0.7791,0.0,0.0,0.0,0.0,0.0244,0.24889999999999998,162.047,25.23625965,55.2919632
1.0,0.7394,0.5516,0.0,0.4267,0.8817,1.0,0.6570571428571428,74.247,25.25305595,55.29596845
1.0,1.0,0.7499,0.0,0.3407,0.7601,1.0,0.6929571428571428,86.663,25.25294885,55.29541295
1.0,1.0,0.8139,0.0,0.8118,0.886,1.0,0.7873857142857142,82.837,25.23685515,55.3034073
1.0,1.0,0.7259,0.0,0.0,0.0,0.0,0.38941428571428577,9.221,25.2361822,55.30300565
1.0,1.0,0.6261,0.5721,0.6623,0.8281,0.9458,0.8049142857142858,39.011,25.2363733,55.303119
1.0,0.6328,0.5466,0.4869,0.0,0.0,0.67,0.4766142857142857,51.853,25.237827168277263,55.302735641438694
1.0,1.0,0.967,0.2847,0.8297,0.9175,0.9871,0.8551428571428572,68.954,25.23709385,55.30280575
1.0,0.599,0.1885,0.0,0.3167,0.6655,0.444,0.4591,14.131,25.2374204,55.3030064
1.0,1.0,0.737,0.0,0.0,0.9386,1.0,0.6679428571428572,24.564,25.23676785,55.30274575
1.0,1.0,0.7306,0.0,0.0,0.0,1.0,0.5329428571428572,41.459,25.2366207,55.3030308
0.0631,0.0,0.0,0.0,0.0,0.0,0.0,0.009014285714285714,19.11,25.23531475,55.29039325000001
0.4235,0.0,0.0,0.0,0.0,0.0,0.1718,0.08504285714285713,85.04,25.235614675050613,55.29066967834836
1.0,1.0,0.0,0.0,0.0,0.0,0.0,0.2857142857142857,32.215,25.253824342860828,55.30680132025985
0.8211,0.6735,0.3329,0.24,0.2358,0.2438,0.3157,0.4089714285714286,169.564,25.253394640103075,55.30764306717086
0.8329,0.2029,0.057,0.0247,0.0325,0.0346,0.4151,0.22852857142857141,142.344,25.25296139600362,55.309106221024116
1.0,0.3453,0.1023,0.0696,0.0845,0.0879,0.6039,0.3276428571428571,68.891,25.24889155,55.2932705
1.0,0.3906,0.0,0.0,0.0086,0.0256,0.705,0.30425714285714284,65.705,25.2484756,55.29338675
1.0,0.308,0.1609,0.1606,0.1613,0.1621,0.8532,0.40087142857142855,97.393,25.24824035,55.29286425
1.0,0.8274,0.0,0.0,0.0,0.3622,0.9682,0.4511142857142857,64.954,25.2477141,55.29290605
1.0,0.9825,0.0447,0.0,0.067,0.1311,0.9747,0.4571428571428572,41.102,25.247699140809168,55.29252458697737
1.0,0.3615,0.0,0.0,0.0801,0.2998,0.8133,0.36495714285714287,28.414,25.24745865,55.2931151
1.0,0.0,0.0,0.0,0.75,0.8148,0.8004,0.4807428571428571,22.71,25.24527455,55.29255725
1.0,0.0,0.0,0.0,0.0,0.5512,0.6424,0.3133714285714286,36.062,25.2451418,55.29240535
1.0,0.0,0.0,0.0,0.0,1.0,1.0,0.42857142857142855,6.029,25.2451802,55.29261025
1.0,0.0,0.0,0.0,0.7233,0.7241,0.6515,0.4427,22.646,25.2452857,55.29261835
1.0,0.0,0.0,0.0,0.0,0.0,0.5216,0.21737142857142855,92.87,25.24501735076896,55.29313267440719
1.0,0.0,0.0,0.0,0.0,0.3524,0.5729,0.27504285714285714,48.233,25.2452297,55.2928744
1.0,0.0,0.0,0.0,0.0,0.0,0.1243,0.16061428571428574,11.24,25.24522722849871,55.29308709797051
1.0,0.0,0.0,0.0,0.0,0.0,0.0,0.14285714285714285,7.009,25.24530329318142,55.293121122325374
1.0,0.0,0.0,0.0,0.0,0.0,0.0,0.14285714285714285,6.801,25.245271272037662,55.29314088483915
1.0,0.0,0.0,0.0,0.0,0.0,0.0,0.14285714285714285,6.908,25.24530716767101,55.29315145546472
1.0,0.3086,0.0522,0.0516,0.0516,0.0535,0.0692,0.2266714285714286,113.587,25.24545697870516,55.29361229501625
1.0,0.4002,0.1028,0.0764,0.1206,0.1428,0.4362,0.32557142857142857,117.983,25.24630279407367,55.293513181505645
1.0,0.6173,0.6169,0.2414,0.6649,0.7261,0.8313,0.6711285714285714,34.897,25.2466952,55.2929264
1.0,0.0,0.0,0.0,0.0,0.0,0.0,0.14285714285714285,9.681,25.2467937,55.2927334
1.0,0.5608,0.2887,0.1231,0.2855,0.2865,0.7376,0.4688857142857143,81.742,25.24726725805701,55.29244522245975
1.0,0.9026,0.0,0.0,0.069,0.2805,0.5067,0.3941142857142857,97.617,25.24794935,55.29342855
1.0,0.1385,0.0,0.0,0.0,0.0,0.0,0.16264285714285714,68.591,25.249323859051874,55.29409560275831
1.0,0.0,0.0,0.0,0.0,1.0,1.0,0.42857142857142855,4.89,25.2533683,55.29615695
1.0,0.3713,0.141,0.0,0.0,0.0,0.9407,0.3504285714285714,112.386,25.25084035,55.29274455
1.0,0.8362,0.0,0.0,0.7443,0.8919,1.0,0.6389142857142858,64.696,25.2325557,55.3116406
1.0,1.0,0.0,0.0,1.0,1.0,1.0,0.7142857142857143,8.726,25.2327335,55.31138085
1.0,1.0,0.9024,0.1518,0.8859,0.9187,0.9425,0.8287571428571429,62.894,25.23245825,55.3111962
1.0,0.1359,0.0068,0.0,0.0,0.7251,1.0,0.40968571428571426,77.936,25.25430735,55.30000415
1.0,1.0,1.0,0.0,0.0,1.0,1.0,0.7142857142857143,33.764,25.25399965,55.30025765000001
1.0,0.8933,0.7616,0.0,0.0,0.5485,1.0,0.6004857142857143,81.745,25.25368615,55.3005293
1.0,1.0,0.8216,0.0364,0.0,0.0,1.0,0.5511428571428572,15.797,25.2358521,55.312818
1.0,1.0,1.0,0.2628,0.2375,0.2375,1.0,0.6768285714285714,8.118,25.2349754,55.3134698
1.0,1.0,1.0,1.0,1.0,1.0,1.0,1.0,7.955,25.2350471,55.31345975000001
1.0,1.0,1.0,0.238,0.2132,0.2132,1.0,0.6663428571428572,8.062,25.2350082,55.3134247
1.0,1.0,1.0,1.0,1.0,1.0,1.0,1.0,7.546,25.23501475,55.31350195
1.0,1.0,0.9,0.0,0.0,0.0,1.0,0.5571428571428572,9.943,25.23489465,55.31347915
1.0,1.0,1.0,1.0,1.0,1.0,1.0,1.0,6.104,25.23514765,55.31347665
1.0,1.0,1.0,1.0,1.0,1.0,1.0,1.0,7.046,25.23511405,55.31345065
1.0,1.0,1.0,1.0,1.0,1.0,1.0,1.0,14.866,25.2352123,55.3134437
1.0,1.0,1.0,0.0,0.0,0.3932,1.0,0.6276,6.465,25.2350021,55.3133528
1.0,1.0,1.0,1.0,1.0,1.0,1.0,1.0,4.991,25.23502,55.313564
1.0,0.3786,0.0,0.0,0.0,1.0,1.0,0.48265714285714284,3.38,25.234857824321406,55.3131580823786
1.0,0.5613,0.0,0.0,0.0,1.0,1.0,0.5087571428571429,23.3,25.23493531386059,55.31310519343834
1.0,1.0,0.0,0.0,0.0,1.0,1.0,0.5714285714285714,24.388,25.234936262043238,55.31321217341145
1.0,1.0,0.7847,0.546,0.5363,1.0,1.0,0.8381428571428572,33.323,25.23515335,55.3131665
1.0,1.0,1.0,0.1651,0.9527,1.0,1.0,0.8739714285714285,12.894,25.23484805,55.31232285
1.0,1.0,1.0,1.0,1.0,1.0,1.0,1.0,7.682,25.2351583,55.31362805
1.0,1.0,1.0,1.0,1.0,1.0,1.0,1.0,9.876,25.23516945,55.31371445000001
1.0,1.0,1.0,1.0,1.0,1.0,1.0,1.0,20.125,25.235242884776078,55.31364766722642
1.0,1.0,1.0,1.0,1.0,1.0,1.0,1.0,8.027,25.2352781,55.3135466
1.0,1.0,1.0,1.0,1.0,1.0,1.0,1.0,13.86,25.2352154,55.3135884
1.0,1.0,1.0,1.0,1.0,1.0,1.0,1.0,14.311,25.23521415,55.3135068
1.0,1.0,1.0,1.0,1.0,1.0,1.0,1.0,6.609,25.2352788,55.31347385
1.0,0.0,0.0,0.0,0.828,1.0,1.0,0.5468571428571428,9.793,25.235651624213983,55.3144022528061
1.0,0.6818,0.6818,0.6818,1.0,1.0,1.0,0.8636285714285714,4.718,25.23565345,55.31433015
1.0,0.0128,0.0,0.0,1.0,1.0,1.0,0.5732571428571429,48.16,25.235437104041868,55.31436992514726
1.0,0.0,0.0,0.0,0.0,0.2938,1.0,0.3276857142857143,11.549,25.2358504,55.3143846
1.0,0.0004,0.0004,0.0004,1.0,1.0,1.0,0.5716,2.448,25.23518235,55.31434365
1.0,0.9165,0.0,0.0,1.0,1.0,1.0,0.7023571428571429,6.819,25.23519352385332,55.31437523508419
1.0,0.2976,0.0,0.0,1.0,1.0,1.0,0.6139428571428571,6.703,25.23520873197216,55.314361411291955
1.0,1.0,0.0,0.0,0.5469,1.0,1.0,0.6495571428571428,7.829,25.235221082463834,55.3144192511618
1.0,1.0,1.0,1.0,1.0,1.0,1.0,1.0,15.734,25.235070321401512,55.31351367200482
1.0,1.0,1.0,0.5843,0.5671,0.5671,1.0,0.8169285714285713,15.783,25.23506063254168,55.3133993251436
1.0,1.0,1.0,0.0,0.0,0.0,1.0,0.5714285714285714,16.457,25.234951029855157,55.31341260269916
1.0,1.0,1.0,0.649,0.6402,0.6402,1.0,0.8470571428571428,15.363,25.234962074068807,55.31352710594186
1.0,0.0,0.0,0.0,0.0,0.0,0.3022,0.18602857142857143,19.101,25.23793935,55.297183
1.0,0.0,0.0,0.0,0.0,0.0,0.0395,0.14850000000000002,175.853,25.237757793947694,55.29756647801658
1.0,1.0,1.0,0.0,1.0,1.0,1.0,0.8571428571428571,3.128,25.23638635,55.29739025
1.0,1.0,1.0,0.0,1.0,1.0,1.0,0.8571428571428571,7.381,25.2364324,55.29737855
1.0,1.0,1.0,0.0,1.0,1.0,1.0,0.8571428571428571,41.755,25.23628494053077,55.297535337941625
1.0,1.0,0.8567,0.57,0.5902,0.7336,0.8599,0.8014857142857142,28.883,25.236283885839836,55.29449641495349
1.0,1.0,0.7673,0.5321,0.6291,0.6113,0.7977,0.7625000000000001,21.208,25.236134191572624,55.2946169989086
1.0,0.4771,0.3064,0.2813,0.2813,0.2813,0.435,0.43748571428571426,17.104,25.2360712268985,55.29484024928356
1.0,0.6167,0.6167,0.0,0.7142,0.8587,1.0,0.6866142857142857,20.301,25.236029567373308,55.29472166759237
1.0,0.8903,0.8178,0.8153,0.8205,0.8082,0.8903,0.8632,13.067,25.23516143092019,55.29500422851019
1.0,0.0951,0.0951,0.0,0.2012,0.4388,1.0,0.40431428571428574,6.053,25.23525467236846,55.294960844052575
1.0,0.0,0.0,0.0,0.0,0.0,0.3531,0.1933,5.301,25.235224445771976,55.29500581699194
1.0,0.9479,0.8721,0.0,0.813,0.813,0.813,0.7512857142857142,16.678,25.23523111943152,55.2951053352052
1.0,1.0,1.0,0.0,1.0,1.0,1.0,0.8571428571428571,16.664,25.23447295,55.29542055
1.0,0.9055,0.8446,0.1835,0.8327,0.8327,1.0,0.7998571428571429,27.532,25.234305365359276,55.29548598973292
1.0,0.6393,0.5542,0.0,0.5373,0.5373,1.0,0.6097285714285715,24.611,25.234268828001873,55.29536094314088
1.0,0.1349,0.0223,0.0,0.0,0.0,0.0,0.16531428571428572,23.455,25.2358016,55.2970973
0.4086,0.0,0.0,0.0,0.0,0.0,0.0,0.058371428571428574,26.063,25.235644928032624,55.297052825342796
1.0,1.0,1.0,0.0,1.0,1.0,1.0,0.8571428571428571,8.692,25.234351141308384,55.295787992317074
1.0,1.0,1.0,0.0,1.0,1.0,1.0,0.8571428571428571,9.027,25.234337698264138,55.295837526589565
1.0,1.0,1.0,0.0,1.0,1.0,1.0,0.8571428571428571,13.189,25.234416484196643,55.29579397114228
1.0,1.0,1.0,0.3217,1.0,1.0,1.0,0.9031,20.429,25.234196742971967,55.29629743830839
1.0,1.0,1.0,0.523,1.0,1.0,1.0,0.9318571428571428,6.765,25.23426788022805,55.29620081273606
1.0,0.0,0.0,0.0,0.9853,1.0,1.0,0.5693285714285714,10.188,25.2353091,55.3010256
1.0,0.0,0.0,0.0,1.0,1.0,0.6922,0.5274571428571428,14.971,25.23537617560908,55.30101971965038
1.0,0.0,0.0,0.0,1.0,1.0,0.6922,0.5274571428571428,14.971,25.23537617560909,55.30101971965039
1.0,0.0,0.0,0.0,0.0,0.0,0.0,0.14285714285714285,6.642,25.23508355,55.3011139
0.7511,0.0,0.0,0.0,0.0,0.0,0.0,0.10729999999999999,14.772,25.235049771074266,55.30115535599353
0.7511,0.0,0.0,0.0,0.0,0.0,0.0,0.10729999999999999,14.772,25.23504977107426,55.301155355993544
1.0,0.0,0.0,0.0,0.0,0.372,0.6948,0.29525714285714283,19.954,25.23518675950529,55.3010711495363
1.0,0.0,0.0,0.0,0.0,0.0,0.0,0.14285714285714285,29.006,25.235001742763973,55.30099899861242
1.0,0.0,0.0,0.0,0.7969,0.9207,1.0,0.5310857142857143,11.858,25.23527765,55.30084295
1.0,0.0,0.0,0.0,0.9887,1.0,1.0,0.5698142857142857,18.776,25.2353032170203,55.30094514998117
1.0,0.0,0.0,0.0,0.0,0.0,0.0,0.14285714285714285,7.984,25.23498,55.300871
1.0,0.8488,0.0,0.0,0.0,0.0,0.0,0.2641142857142857,10.187,25.23517,55.30026075000001
1.0,0.7351,0.0,0.0,0.0,0.0,0.0,0.24787142857142858,10.227,25.23514015,55.30019425
1.0,0.0,0.0,0.0,0.0,0.3244,0.0,0.1892,4.256,25.2351199,55.3002626
1.0,1.0,0.2078,0.0,0.0,0.0,0.0,0.3154,11.2,25.2349061,55.2991149
1.0,0.5436,0.0,0.0,0.0,0.0,0.0,0.22051428571428572,5.967,25.23491005,55.2990546
1.0,1.0,1.0,0.0,0.0,0.0,0.0,0.42857142857142855,5.736,25.2348973,55.2991808
1.0,1.0,1.0,0.0,0.0,0.0,0.0,0.42857142857142855,8.465,25.234848156145627,55.29913592072337
1.0,1.0,0.0,0.0,0.0,0.0,0.0,0.2857142857142857,7.975,25.23514285,55.29963
1.0,1.0,0.0,0.0,0.0,0.0,0.0,0.2857142857142857,4.828,25.23515765,55.2996915
1.0,1.0,0.2192,0.0,0.0,0.0,0.0,0.3170285714285714,10.655,25.2352125,55.29971625000001
1.0,1.0,0.0,0.0,0.0,0.0,0.0,0.2857142857142857,0.678,25.235164,55.29971795
1.0,1.0,0.0,0.0,0.0,0.0,0.0,0.2857142857142857,43.072,25.235173331652454,55.299933838747066
0.0,0.0,0.0,0.0,0.0,0.0,0.0,0.0,6.666,25.2340204,55.3013397
0.0,0.0,0.0,0.0,0.0,0.0,0.0,0.0,6.075,25.2339967,55.30129935
1.0,0.0,0.0,0.0,0.0,0.0,0.0086,0.1440857142857143,23.709,25.23512100919276,55.30084816057997
1.0,0.0,0.0,0.0,0.1475,0.4363,1.0,0.36911428571428573,12.645,25.23310725,55.29909365
1.0,0.4917,0.4839,0.0,0.3756,0.3756,0.3756,0.4432,12.054,25.233259890561662,55.299359179675086
1.0,0.0,0.0,0.0,0.0,0.0,0.4615,0.2087857142857143,12.639,25.233134221723933,55.29916891826337
1.0,1.0,1.0,0.0,0.0,0.0,0.0,0.42857142857142855,4.897,25.23547235,55.29940135
1.0,1.0,1.0,0.0,0.0,0.0,0.0,0.42857142857142855,12.49,25.23539755,55.2994265
1.0,1.0,0.5508,0.0,0.0,0.0,0.0,0.36439999999999995,20.005,25.2353621,55.29939565
1.0,1.0,1.0,0.0,0.0,0.0,0.0,0.42857142857142855,9.307,25.23544085,55.2994533
1.0,0.9162,1.0,0.2271,0.0,0.0,0.5272,0.5243571428571429,15.686,25.2355802,55.2997744
1.0,1.0,1.0,0.0,0.0,0.0,0.0,0.42857142857142855,12.651,25.23552867858487,55.29969704976352
1.0,0.0,0.1078,0.5228,0.0,0.0,0.029,0.23708571428571432,26.486,25.2357343,55.2998855
1.0,0.881,1.0,0.1974,0.0,0.0,0.7602,0.5483714285714286,17.593,25.23559896588285,55.29972630272071
1.0,0.4339,0.4339,0.2387,0.3483,0.3991,0.531,0.4835571428571429,42.253,25.235735887326737,55.29969796238692
1.0,0.0,0.0,0.0,0.0,0.0,0.6804,0.24005714285714289,6.075,25.2360692,55.2998624
1.0,0.0,0.0,0.0,0.0,0.0,0.0021,0.14315714285714284,25.971,25.235957982674766,55.29981144835363
1.0,0.0,0.0,0.0,0.0,0.0,0.0,0.14285714285714285,9.517,25.235848319537617,55.29988563278985
1.0,0.0,0.0,0.0,0.0,0.0,0.0,0.14285714285714285,3.798,25.23606845,55.29991145
1.0,0.0,0.0,0.0,0.0,0.0,0.0,0.14285714285714285,23.765,25.23603213900954,55.300039270140466
1.0,0.0,0.0,0.0,0.0,0.0,0.0,0.14285714285714285,25.688,25.235955000519972,55.29994751714896
1.0,0.0,0.0,0.0,0.0,0.0,0.0,0.14285714285714285,5.165,25.23583293014909,55.29995528885114
1.0,0.0,0.0,0.0,0.0,0.0,0.0,0.14285714285714285,5.871,25.23580265,55.2999985
1.0,0.0,0.0,0.1813,0.0,0.0,0.0,0.16875714285714286,12.226,25.235748023411563,55.299975888355455
1.0,0.0,0.0,0.0,0.0,0.0,0.0,0.14285714285714285,15.495,25.235819713639152,55.300087273088316
1.0,1.0,0.0,0.0,0.0,0.0,0.0,0.2857142857142857,7.807,25.23489195,55.2988454
1.0,1.0,0.0,0.0,0.0,0.0,0.1739,0.31055714285714286,13.816,25.23493935,55.29875155
1.0,0.0,0.0,0.0,0.0,0.0,0.0,0.14285714285714285,3.699,25.2348473,55.2989341
1.0,0.0204,0.0,0.0,0.0,0.0,0.0,0.14577142857142858,4.458,25.23486485,55.2988985
1.0,0.5598,0.0,0.0,0.0,0.0,0.0,0.22282857142857143,8.947,25.23488965,55.2989404
1.0,0.0,0.0,0.0,0.0,0.0,0.0,0.14285714285714285,9.99,25.2348156,55.29889395
1.0,0.0008,0.0,0.0,0.0,0.0,0.0,0.14297142857142855,5.522,25.23482755,55.2989744
1.0,0.0035,0.0,0.0,0.0,0.0,0.0,0.14335714285714288,8.954,25.2348509,55.2990196
1.0,1.0,0.0,0.0,0.0,0.0,0.6445,0.3777857142857143,9.63,25.2349314,55.29866875
1.0,1.0,0.362,0.1204,0.4219,0.5691,0.7208,0.5991714285714286,36.233,25.2351129,55.298777
1.0,0.4323,0.0,0.0,0.0,0.0,0.0,0.20461428571428572,5.608,25.2348985,55.2990164
1.0,1.0,0.0,0.0,0.0,0.0,0.0,0.2857142857142857,3.286,25.2349175,55.2989775
1.0,1.0,0.0,0.0,0.0,0.0,0.0,0.2857142857142857,4.613,25.23493395,55.2989427
1.0,1.0,0.0,0.0,0.0,0.0,0.0,0.2857142857142857,9.465,25.234965724974735,55.29896880025889
1.0,1.0,0.0,0.0,0.0,0.0,0.0,0.2857142857142857,21.229,25.23510109282712,55.2989667472821
1.0,1.0,0.0,0.0,0.0,0.0,0.0,0.2857142857142857,22.469,25.23506063164888,55.29905945660514
1.0,1.0,0.0,0.0,0.0,0.0,0.0,0.2857142857142857,4.473,25.23520215,55.29901715
1.0,1.0,0.0,0.0,0.0,0.0,0.0,0.2857142857142857,17.631,25.23514965,55.29907875
1.0,1.0,0.0893,0.0,0.1312,0.2209,0.5535,0.4278428571428572,15.958,25.23522195,55.29893215
1.0,1.0,1.0,0.0,1.0,1.0,1.0,0.8571428571428571,4.141,25.2352727,55.29887225
1.0,0.0,0.0,0.0,0.0,0.0,0.0,0.14285714285714285,5.069,25.2345655,55.29847945
1.0,0.0,0.0,0.0,0.0,0.0,0.3677,0.1953857142857143,4.905,25.23455695,55.2984453
1.0,0.0,0.0,0.0,0.0,0.0,0.0,0.14285714285714285,5.148,25.2345964,55.2984697
1.0,0.0,0.0,0.0,0.0,0.0,0.0,0.14285714285714285,2.473,25.23450155,55.29861305
1.0,0.0,0.0,0.0,0.0,0.0,0.0,0.14285714285714285,4.261,25.23448133831952,55.29862160130343
1.0,0.0,0.0,0.0,0.0,0.0,0.0,0.14285714285714285,4.553,25.23450770745251,55.298637096829054
1.0,0.0,0.0,0.0,0.0,0.0,0.0,0.14285714285714285,2.372,25.23447405,55.2986674
1.0,0.0,0.0,0.0,0.0,0.0,0.0,0.14285714285714285,4.015,25.23449397647075,55.29866209383592
1.0,0.0,0.0,0.0,0.0,0.0,0.0,0.14285714285714285,3.582,25.234469352409878,55.29864685083819
1.0,0.0,0.0,0.0,0.0,0.0,0.0,0.14285714285714285,5.257,25.2344405,55.2987404
1.0,0.0,0.0,0.0,0.0,0.0,0.0,0.14285714285714285,4.89,25.23444905,55.29877545
1.0,0.0,0.0,0.0,0.0,0.0,0.0,0.14285714285714285,4.735,25.23441115,55.29875235000001
1.0,0.0,0.0,0.0,0.0,0.0,0.0,0.14285714285714285,2.697,25.2344599,55.2986272
1.0,0.0,0.0,0.0,0.0,0.0,0.0,0.14285714285714285,2.715,25.2345157,55.2986611
1.0,0.0,0.0,0.0,0.0,0.0,0.0,0.14285714285714285,4.594,25.23478665,55.2988504
1.0,0.0081,0.0,0.0,0.0,0.0,0.0,0.1440142857142857,9.912,25.2348359,55.29885495000001
1.0,1.0,1.0,0.0,1.0,1.0,1.0,0.8571428571428571,7.976,25.23358595620918,55.298049217988144
1.0,0.0,0.0,0.0,0.0,0.0,1.0,0.2857142857142857,6.021,25.23329025,55.29783405
1.0,0.0,0.0,0.0,0.0,0.0,1.0,0.2857142857142857,17.774,25.23323091853007,55.29788127007698
1.0,0.0,0.0,0.0,0.0,0.0,1.0,0.2857142857142857,8.352,25.233298100245797,55.29788355506524
1.0,0.0,0.0,0.0,0.0,0.0,0.0,0.14285714285714285,5.069,25.2331986,55.29802095
1.0,0.0818,0.0,0.0,0.0,0.0,0.0,0.15454285714285715,10.934,25.23323165,55.298068
1.0,0.0,0.0,0.0,0.0,0.0,1.0,0.2857142857142857,5.092,25.23322945,55.29795695
1.0,0.0,0.0,0.0,0.0,0.0,1.0,0.2857142857142857,8.909,25.23327190518454,55.29793976457248
1.0,0.0446,0.0,0.0,0.0,0.0,0.7823,0.26098571428571427,6.198,25.23331895,55.29792935
1.0,1.0,0.0,0.0,0.0,0.0,0.0,0.2857142857142857,2.98,25.23335575,55.29795
1.0,1.0,0.9968,0.0,0.9408,0.9408,0.9408,0.8313142857142858,24.607,25.23346635,55.2980121
1.0,1.0,0.3215,0.0,0.0,0.0,0.0,0.33164285714285713,9.383,25.23334775,55.2979978
1.0,1.0,0.0,0.0,0.0,0.0,0.5396,0.3628,9.969,25.23338875,55.29791295
1.0,1.0,0.0,0.0,0.0,0.0,1.0,0.42857142857142855,4.051,25.2334345,55.29781805
1.0,0.8894,0.0,0.0,0.0,0.0,1.0,0.4127714285714286,3.353,25.23342985,55.29779235
1.0,1.0,1.0,0.0,0.0,0.0,0.0,0.42857142857142855,5.203,25.23330715,55.2980817
1.0,1.0,0.056,0.0,0.0,0.0,0.0,0.2937142857142857,2.585,25.23328575,55.29809865000001
1.0,1.0,1.0,0.0,0.0,0.2202,0.4985,0.5312428571428571,119.813,25.23977985,55.31011225
1.0,1.0,1.0,0.0,0.0,0.3573,1.0,0.6224714285714287,7.836,25.24029955,55.31016835
1.0,1.0,1.0,0.0,0.0,0.0,1.0,0.5714285714285714,6.42,25.24026565,55.3102285
1.0,1.0,1.0,0.3487,0.0,0.0,0.467,0.5451,112.852,25.239741896157263,55.310233462197964
1.0,1.0,1.0,0.4388,0.0,0.6749,1.0,0.7305285714285714,6.395,25.23925415,55.31011775
1.0,0.0,0.0,0.0,0.0,0.0,1.0,0.2857142857142857,7.085,25.23948285,55.3115195
0.7067,0.0978,0.0,0.0,0.0,0.0,1.0,0.2577857142857143,59.612,25.239371792750894,55.31152350282006
0.7067,0.0978,0.0,0.0,0.0,0.0,1.0,0.2577857142857143,59.612,25.239371792750898,55.311523502820066
1.0,0.0,0.0,0.0,0.0,0.0,0.0,0.14285714285714285,17.985,25.23665195,55.29935445
1.0,0.0,0.0,0.0,0.0,0.0,0.0,0.14285714285714285,118.783,25.236360863307763,55.29995290676897
0.0,0.0,0.0,0.0,0.0,0.0,0.6813,0.09732857142857143,17.575,25.23424425,55.30125735
0.0,0.0,0.0,0.0,0.0,0.0,0.2854,0.04077142857142857,20.429,25.234320515806797,55.301357120229184
0.0,0.0,0.0,0.0,0.0,0.0,0.282,0.04028571428571428,18.211,25.234149972933643,55.30132177590693
0.0,0.0,0.0,0.0,0.0,0.0,0.7554,0.10791428571428571,8.258,25.2340365,55.301283
0.0084,0.0077,0.0072,0.0071,0.0258,0.04,0.263,0.051314285714285715,131.71,25.233493499918993,55.300936587547646
1.0,0.0,0.0,0.0,0.0,0.0,0.0,0.14285714285714285,9.124,25.235997130185584,55.3004394983341
1.0,0.0,0.0,0.0,0.0,0.0,0.0,0.14285714285714285,15.477,25.23602055,55.30019715
1.0,0.0,0.0,0.0,0.0,0.0,0.0,0.14285714285714285,10.714,25.236086711126756,55.30027039090089
1.0,0.0,0.0,0.0,0.0,0.0,0.0,0.14285714285714285,3.272,25.236062825449345,55.30027073697535
1.0,0.0,0.0,0.0,0.0,0.0,0.0,0.14285714285714285,12.916,25.236035330080945,55.300340214952456
1.0,0.0,0.0,0.0,0.0,0.0863,0.4878,0.22487142857142858,13.337,25.2400032,55.3119242
1.0,0.0,0.0,0.0,0.0,0.0,1.0,0.2857142857142857,30.419,25.2399456,55.3117698
1.0,0.2658,0.0,0.0,0.0,0.0,0.7938,0.29422857142857145,12.927,25.240006,55.31162065
1.0,0.0,0.0,0.0,0.0,0.0,0.0,0.14285714285714285,13.343,25.236116937441512,55.29993324851041
1.0,0.0,0.0,0.0,0.0,0.0,0.0,0.14285714285714285,3.489,25.236171210180945,55.29996333868208
1.0,0.0,0.0,0.0,0.0,0.0,0.0,0.14285714285714285,10.732,25.236186667137694,55.29998369466984
1.0,0.0,0.0,0.0,0.0,0.0,0.0,0.14285714285714285,6.188,25.23620085,55.29993105
1.0,1.0,1.0,0.0,0.0,0.0,0.0,0.42857142857142855,3.562,25.23550855,55.29938845
1.0,1.0,0.364,0.0,0.0,0.0,0.4256,0.3985142857142857,40.04,25.23533245,55.299305
1.0,0.1959,0.7234,0.0,0.0,0.0,0.0,0.2741857142857143,20.962,25.2356133,55.29935035
1.0,0.0,0.2669,0.0,0.0,0.0,0.0,0.1809857142857143,17.162,25.23566802096644,55.299244014102115
1.0,0.3852,1.0,0.0,0.0,0.0,0.7101,0.4421857142857143,19.893,25.235533765699998,55.299159470817195
1.0,1.0,0.9149,0.5858,0.5871,0.5824,0.7845,0.779242857142857,12.996,25.235396213200417,55.29917330192983
0.7869,1.0,0.2147,0.0,0.0,0.2557,0.5565,0.40197142857142865,20.04,25.235409824067546,55.29911059257532
1.0,1.0,0.0,0.0,0.0,0.0,0.0,0.2857142857142857,4.704,25.23523015,55.29905055
1.0,1.0,0.0,0.0,0.0057,0.0909,0.389,0.3550857142857143,18.918,25.2352841,55.2989859
1.0,1.0,0.0,0.0,0.0,0.0,0.0,0.2857142857142857,16.837,25.23520755,55.2991422
1.0,1.0,0.0,0.0,0.0,0.0,0.0,0.2857142857142857,15.712,25.235293337722638,55.299118554738655
1.0,1.0,0.0664,0.0,0.1055,0.1888,0.4982,0.40841428571428573,17.145,25.2352529,55.29895725000001
1.0,0.0,0.0,0.0,0.0,0.0,0.0,0.14285714285714285,14.17,25.235062246992733,55.30091188315044
1.0,0.0,0.0,0.0,0.0,0.0,0.0,0.14285714285714285,16.35,25.235112898225445,55.30098919373885
1.0,0.0,0.0,0.0,0.0,0.0,0.0,0.14285714285714285,16.35,25.235112898225445,55.30098919373885
1.0,0.0,0.0,0.0,0.0,0.0,0.0,0.14285714285714285,7.141,25.240867,55.31151975
1.0,0.174,0.1523,0.0,0.0,0.2185,0.3535,0.27118571428571425,72.498,25.24088740921221,55.31118307618888
1.0,0.8884,0.0,0.0,0.0,0.4332,1.0,0.47451428571428567,6.672,25.2407205,55.3109578
1.0,0.2971,0.0,0.0,0.0,0.051,1.0,0.3354428571428571,56.094,25.24074535426684,55.31123710007887
1.0,0.0,0.0,0.0,0.0,0.0,0.5996,0.22851428571428573,10.534,25.24078755,55.31151735
1.0,0.0,0.0,0.0,0.0,0.0,0.0,0.14285714285714285,34.736,25.24082885,55.31169135
1.0,0.0,0.0,0.0,0.0,0.0,0.0,0.14285714285714285,10.776,25.24082145,55.31191745
1.0,0.0,0.0,0.0,0.0,0.0,0.0,0.14285714285714285,19.771,25.240911648169128,55.31186718863315
1.0,0.0223,0.0,0.0,0.0,0.0,0.0,0.14604285714285714,59.255,25.23772585,55.31153635
1.0,0.0,0.0,0.0,0.0,0.0,0.0,0.14285714285714285,1.881,25.24267355,55.3120226
1.0,0.0,0.0,0.0,0.0,0.0,0.0,0.14285714285714285,44.045,25.24267975,55.31224305
1.0,0.9737,0.9544,0.0,0.0,0.6766,0.5874,0.5988714285714286,47.445,25.242451821858857,55.31201801826642
1.0,0.9139,0.2554,0.0249,0.4484,0.5183,0.6672,0.5468714285714286,140.071,25.242191226816857,55.31160945566602
1.0,0.0,0.0,0.0,0.0,0.0,0.0,0.14285714285714285,42.5,25.2376504,55.3110275
1.0,0.0,0.0,0.0,0.0,0.0,0.0,0.14285714285714285,32.084,25.23750115,55.311236
1.0,0.0,0.0,0.0,0.0,0.0,0.0,0.14285714285714285,9.779,25.23768935,55.3112403
0.5527,0.0,0.0,0.0,0.0,0.054,0.3896,0.14232857142857142,83.119,25.237927602058363,55.310954312418886
1.0,0.0,0.0,0.3574,0.3378,0.0,0.0,0.24217142857142854,68.985,25.237389224420273,55.31087077988902
1.0,0.0,0.0,0.0,0.0,0.0,0.0,0.14285714285714285,4.716,25.238021,55.31127855
1.0,0.69,0.0,0.0,0.0,0.0,0.0,0.2414285714285714,30.11,25.23786493238803,55.311268465749315
0.7236,0.3386,0.0029,0.0,0.0,0.0,0.8004,0.2665,120.137,25.23806119018316,55.31068351512449
1.0,0.0,0.0,0.0,0.0,0.0,0.0,0.14285714285714285,58.662,25.23735425,55.3115249
1.0,0.0,0.0,0.0,0.0,0.0,0.0,0.14285714285714285,20.748,25.237294140546016,55.31118141010722
1.0,0.0,0.0,0.0,0.0,0.0,0.0,0.14285714285714285,18.993,25.2411617,55.311265
1.0,0.0,0.0,0.0,0.0,0.0,0.0,0.14285714285714285,9.741,25.2412909,55.3112665
1.0,0.0,0.0,0.0,0.0,0.0,0.0,0.14285714285714285,15.306,25.2414035,55.31126905
1.0,0.3477,0.0,0.0,0.0,0.0344,0.0561,0.20545714285714287,15.958,25.2412651,55.31185575
1.0,0.0058,0.0065,0.0065,0.0475,0.0829,0.0945,0.17767142857142856,25.691,25.24127899444506,55.31170383802817
1.0,1.0,0.6584,0.0,0.0,0.0,0.0,0.37977142857142854,23.035,25.2413985,55.3118303
1.0,0.3922,0.0,0.0,0.0,0.0,0.0,0.19888571428571428,20.918,25.24125005,55.31197455
1.0,0.3146,0.017,0.0,0.0,0.0,0.0,0.1902285714285714,20.603,25.24141365,55.31167925
1.0,1.0,0.3951,0.0,0.0,0.0,0.4248,0.40284285714285717,38.243,25.2416032,55.3116264
1.0,0.6021,0.4182,0.2384,0.4057,0.4372,1.0,0.5859428571428571,26.309,25.2416504,55.31140145000001
1.0,0.4202,0.4202,0.4202,0.4627,0.6294,0.9743,0.6181428571428571,18.197,25.241622429467657,55.31123468839886
1.0,0.0,0.0,0.0,0.0,0.0,0.5231,0.21758571428571427,11.656,25.241523236702914,55.31128249849683
1.0,1.0,0.4733,0.0545,0.0,0.5184,0.8677,0.5591285714285714,29.606,25.237023,55.3109173
1.0,1.0,0.9756,0.9078,0.0,0.042,0.3247,0.6071571428571428,20.851,25.2369251,55.3110608
1.0,1.0,1.0,1.0,0.8878,1.0,1.0,0.9839714285714286,13.365,25.237078721973155,55.31106832494939
1.0,1.0,0.9639,0.889,0.843,0.7439,0.9259,0.9093857142857144,31.471,25.2371578,55.31093215
1.0,1.0,0.7098,0.1954,1.0,1.0,1.0,0.8436,2.936,25.2371397,55.3110882
1.0,0.7484,0.6564,0.7624,0.9766,0.9105,0.9016,0.8508428571428571,13.914,25.23721545,55.31108995
1.0,1.0,1.0,1.0,1.0,1.0,1.0,1.0,12.635,25.23712405,55.31115065
0.0,0.0,0.0,0.0,0.0,0.0,0.0,0.0,8.375,25.23908685,55.31270365
0.9826,0.0,0.0,0.0,0.0,0.0,0.1208,0.15762857142857142,58.358,25.23888203374424,55.31283722408883
1.0,0.9652,0.2564,0.0292,0.0,0.0,0.3851,0.37655714285714287,89.296,25.238587048198685,55.31327249326903
1.0,0.0,0.0,0.0,0.0,0.0,0.0,0.14285714285714285,56.316,25.238955570606347,55.31328643266242
1.0,0.0,0.0,0.0,0.0,0.0,0.0,0.14285714285714285,22.783,25.2414059,55.31135735
1.0,0.0135,0.0,0.0,0.0,0.0,0.069,0.15464285714285714,57.548,25.2411763723647,55.311664206736076
1.0,1.0,0.8657,0.4127,0.0787,0.1904,0.4133,0.5658285714285715,210.29,25.237461379768536,55.31358364068526
1.0,0.0,0.0,0.0,0.0,0.0,0.0,0.14285714285714285,4.584,25.23898285,55.31357635
1.0,0.7657,0.8092,0.8218,0.0,0.0,0.6017,0.5712,51.31,25.2387544,55.3136242
1.0,0.0,0.0,0.0,0.0,0.0,0.0,0.14285714285714285,38.91,25.2389934857155,55.313792236217864
1.0,1.0,1.0,0.0,0.0,0.0,0.0,0.42857142857142855,19.803,25.23734942169886,55.313587984032615
1.0,0.8928,0.4248,0.0,0.0,0.0,0.3913,0.38698571428571427,97.538,25.237596325929474,55.31340256148155
1.0,0.7223,0.0217,0.0,0.0,0.0,0.3632,0.3010285714285715,56.662,25.23737380327003,55.31327585610763
1.0,0.0,0.0,0.0,0.0492,0.2719,1.0,0.33158571428571426,37.153,25.23745110400646,55.31286562440582
1.0,0.0672,0.0,0.0,0.4986,1.0,1.0,0.5094,18.789,25.237529604361203,55.312751469707294
1.0,0.0,0.0,0.0,0.0,0.2904,1.0,0.3272,23.72,25.23759168911033,55.312937460804164
1.0,0.0,0.0,0.0,0.0,0.0,1.0,0.2857142857142857,15.607,25.23752032410058,55.31305104313665
1.0,0.2159,0.2159,0.2159,0.6251,1.0,1.0,0.6104,44.997,25.23777258723494,55.3128721866128
0.3732,0.7865,0.9067,0.0,0.0,0.0,1.0,0.4380571428571428,10.51,25.241623,55.3128903
1.0,1.0,1.0,0.0,0.6702,0.5991,0.5757,0.6921428571428571,19.95,25.24148795,55.31291555
0.7702,1.0,0.1609,0.0482,0.1586,0.2778,0.922,0.47681428571428575,21.395,25.241562242180933,55.312793801055435
0.8796,0.5309,0.4292,0.125,0.5113,0.8552,0.8159,0.5924428571428572,68.305,25.24172082279774,55.313862456418484
1.0,0.0,0.0,0.0,0.0,0.0,1.0,0.2857142857142857,7.173,25.24181995,55.3128861
1.0,0.0,0.0,0.0,0.0,0.0239,1.0,0.28912857142857146,38.869,25.241799874575467,55.31265877238062
0.6123,0.0,0.0,0.0,0.0,0.0,0.2759,0.12688571428571427,16.505,25.241742512421048,55.31286625814423
0.5343,0.0,0.0,0.0,0.0,0.0,0.194,0.10404285714285713,15.269,25.2417579,55.31293985
1.0,0.022,0.0,0.0,0.0,0.1106,1.0,0.30465714285714285,13.09,25.241876836149242,55.31292427409207
0.8873,0.9386,0.993,0.7003,0.4543,0.5253,0.4543,0.7075857142857142,48.84,25.24148265,55.31303405
0.1936,0.0,0.0,0.0,0.0,0.0,0.3614,0.07928571428571428,40.33,25.241744434985275,55.31314991023818
0.0,0.0,0.0,0.0,0.0,0.0,0.1626,0.02322857142857143,8.083,25.24168047976613,55.31291994161577
1.0,0.9975,0.6098,0.0,0.0,0.0,0.2502,0.4082142857142857,37.361,25.241272777686174,55.31243312977052
1.0,0.8908,0.8328,0.0,0.0,0.1306,1.0,0.5506,14.37,25.2418724,55.31245635
1.0,0.0301,0.0,0.0,0.0,1.0,1.0,0.4328714285714286,1.591,25.24180275,55.3124604
1.0,0.2689,0.0,0.0,0.0,1.0,1.0,0.4669857142857143,20.318,25.2418754,55.31238685
1.0,0.876,0.0,0.0,0.0,0.0,1.0,0.41085714285714287,19.074,25.24202275,55.31245995
1.0,0.0,0.0,0.0,0.0,0.0,0.7309,0.2472714285714286,39.288,25.241295318819905,55.31219057454172
1.0,0.2172,0.2172,0.2172,0.4566,0.844,1.0,0.5646,50.784,25.241600408575575,55.312352170626966
1.0,0.0,0.0,0.0,0.0,0.7943,1.0,0.39918571428571425,4.846,25.24178235,55.3124831
1.0,0.192,0.0453,0.0435,0.1556,0.3203,1.0,0.39381428571428573,31.104,25.24166391382361,55.31260241829048
0.3673,0.2897,0.1016,0.0,0.2543,0.8643,0.9009,0.3968714285714286,48.69,25.2422353,55.3137419
1.0,0.3332,0.273,0.0891,0.2354,0.6079,1.0,0.5055142857142857,52.566,25.24195913173912,55.313540316588366
1.0,0.5573,0.4203,0.0,0.0,0.0,1.0,0.4253714285714286,11.887,25.24194885,55.31326765
1.0,0.0,0.0,0.0,0.0,0.0,0.7022,0.24317142857142857,12.251,25.241848091857396,55.31331248492191
1.0,0.0,0.0,0.0,0.0,0.0,0.0,0.14285714285714285,11.042,25.241781951852012,55.31338997389992
0.3216,0.0,0.5599,0.0,0.0683,0.2706,0.915,0.3050571428571428,53.184,25.24239475,55.3134339
0.9847,0.9508,1.0,0.0,0.1516,0.7605,1.0,0.6925142857142857,38.744,25.242167838256485,55.313202786287924
0.9479,0.7596,0.0225,0.0,0.2357,0.1797,0.4945,0.3771285714285714,27.447,25.242463291853607,55.31316848401907
0.2635,0.0,0.0,0.0,0.0,0.0,0.7479,0.1444857142857143,25.163,25.24256005,55.31366515000001
1.0,0.2169,0.0,0.0,0.0,0.0,0.5554,0.2531857142857143,45.276,25.24181901916426,55.31356860905114
1.0,0.3854,0.3845,0.3854,0.4446,0.5334,0.8826,0.5737,21.304,25.2417158221748,55.31350488655002
1.0,0.7349,0.7349,0.761,0.806,0.7894,0.7349,0.7944428571428571,37.85,25.241580795721795,55.31351313060215
1.0,1.0,1.0,1.0,1.0,1.0,1.0,1.0,21.953,25.24145017527646,55.31269365272375
1.0,1.0,0.0,0.0,0.0,0.9722,1.0,0.5674571428571429,19.744,25.24224055,55.31212745
0.9564,0.4371,0.0,0.0,0.0,1.0,1.0,0.48478571428571426,44.108,25.242089661900142,55.31217176964349
0.3714,0.0,0.0,0.0,0.0,0.0,0.0,0.05305714285714286,47.099,25.24095075,55.3129009
1.0,0.0,0.0,0.0,0.0,0.0,0.0,0.14285714285714285,7.083,25.24099405,55.31266715
0.1544,0.0,0.0,0.0,0.0,0.0,0.0,0.02205714285714286,16.546,25.2408878,55.31266705
0.5856,0.0,0.0,0.0,0.0,0.0536,0.4062,0.14934285714285714,12.212,25.2407585,55.3126658
1.0,1.0,0.3519,0.0,0.0,0.0,0.0,0.3359857142857143,14.605,25.2372179,55.312661
1.0,1.0,0.094,0.0,0.0,0.0,0.3041,0.34258571428571427,10.797,25.23726595,55.31258855
1.0,0.3158,0.0,0.0,0.0,0.0,0.0,0.1879714285714286,13.477,25.2371568,55.31258855
1.0,0.0557,0.0,0.0,0.0,0.0,0.0,0.15081428571428573,11.946,25.23709435,55.31264805
1.0,0.0,0.0,0.0,0.0,0.0,0.0,0.14285714285714285,8.514,25.2370975,55.3125464
1.0,0.0,0.0,0.0,0.3282,0.5451,1.0,0.41047142857142854,13.524,25.2382317,55.31284365
1.0,0.1734,0.1221,0.0,0.0669,0.0669,1.0,0.34704285714285715,24.475,25.2382906,55.31296395
1.0,0.5893,0.5845,0.3068,0.675,1.0,1.0,0.7365142857142857,34.863,25.23803121069435,55.31291394893828
1.0,0.4057,0.0,0.0,0.0,0.3386,1.0,0.39204285714285714,11.132,25.237925129813824,55.31306181984912
1.0,1.0,1.0,0.3412,0.3447,0.3316,0.6653,0.6689714285714287,19.372,25.23819555,55.3134794
1.0,1.0,0.6821,0.2858,0.4455,0.6176,0.9142,0.706457142857143,53.275,25.238080400436978,55.31324740714098
1.0,1.0,0.3314,0.2488,0.3036,0.608,1.0,0.6416857142857142,54.078,25.23796926897308,55.313352849014294
1.0,1.0,0.345,0.2302,0.2849,0.3226,1.0,0.5975285714285714,39.262,25.23828565,55.31328075000001
1.0,1.0,1.0,0.166,0.0,0.0,1.0,0.5951428571428572,20.32,25.238280980598752,55.31357689970408
1.0,1.0,1.0,1.0,0.0,0.7702,0.9541,0.8177571428571427,27.438,25.2384021,55.3136636
0.645,0.0,0.0,0.0,0.0,0.1778,0.9021,0.2464142857142857,24.446,25.24122928884702,55.309733686820636
0.899,0.2978,0.0,0.0,0.0,0.1345,0.5751,0.27234285714285716,47.869,25.24132885289361,55.309536744765126
1.0,1.0,0.0,0.0,0.0,0.0,0.0,0.2857142857142857,9.057,25.2352503,55.2994745
1.0,1.0,0.0,0.0,0.0,0.0,0.0,0.2857142857142857,11.648,25.23516045000001,55.29950145
1.0,1.0,0.0,0.0,0.0,0.0,0.0,0.2857142857142857,7.635,25.23521975,55.299523
1.0,1.0,0.0,0.0,0.0,0.0,0.0,0.2857142857142857,11.729,25.2351991,55.2994295
1.0,0.0,0.0,0.0,0.0,0.0,1.0,0.2857142857142857,3.68,25.2428634,55.31193185
1.0,0.5255,0.4402,0.1442,0.0,0.0,0.5977,0.38680000000000003,123.407,25.242422327331482,55.31153526893442
1.0,0.0,0.0,0.0,0.0,0.0,1.0,0.2857142857142857,7.962,25.242860869614358,55.311875418598646
1.0,0.0,0.0,0.0,0.0,0.0,1.0,0.2857142857142857,13.542,25.2429123,55.3118785
0.8211,0.2074,0.0,0.0,0.0,0.0,0.9629,0.2844857142857143,82.229,25.24324386849991,55.31218363050278
0.8207,0.2437,0.143,0.0,0.0,0.0005,0.0558,0.18052857142857143,328.769,25.239918766861635,55.31332742585803
0.0,0.0,0.0,0.0,0.1074,0.2267,0.3642,0.09975714285714286,55.948,25.239176681427768,55.31244388663653
1.0,0.0,0.0,0.0,0.0,1.0,1.0,0.42857142857142855,6.348,25.2407043,55.31263305
0.6137,0.5672,0.0,0.0,0.0,0.0,1.0,0.3115571428571429,34.453,25.2393276,55.31205895
0.0,0.0,0.0,0.0,0.0408,0.0737,0.7062,0.11724285714285716,42.36,25.239420437560643,55.31208768037029
0.6773,0.7539,0.0,0.0,0.0,0.0,1.0,0.34731428571428574,12.237,25.23939045,55.31189105
0.9178,0.0433,0.0,0.0,0.0,0.0,1.0,0.2801571428571429,18.702,25.2393398,55.31179505
1.0,0.0,0.0,0.0,0.0,0.9108,1.0,0.41582857142857144,16.443,25.24013695,55.31193135
1.0,0.51,0.0,0.0,0.0,0.3389,0.5306,0.33992857142857147,30.647,25.2400636,55.31177505
0.6938,0.8236,0.9029,0.0,0.0,0.0,0.0,0.3457571428571429,16.932,25.2401402,55.31162535
0.151,0.0,0.0,0.3573,0.4585,0.0,0.4388,0.2008,30.914,25.24021355,55.31178165
1.0,0.0,0.0,0.0,0.0,0.0,0.0,0.14285714285714285,93.486,25.2365304,55.3135101
0.92,0.3322,0.0,0.0,0.8006,0.8135,0.877,0.5347571428571428,307.753,25.237629191519925,55.314130668546646
1.0,0.0,0.0,0.0,0.0,0.0,0.4424,0.20605714285714288,95.969,25.2366229,55.3106221
1.0,0.0,0.0,0.0,0.0,0.0,1.0,0.2857142857142857,19.396,25.23667618143799,55.310071640482306
1.0,0.0,0.0,0.0,0.0,0.0,0.0487,0.1498142857142857,72.282,25.236606587626284,55.3114485497551
0.7448,0.0,0.0,0.0,0.0,0.0,0.677,0.20311428571428575,150.809,25.23742815,55.3100642
1.0,1.0,1.0,0.001,0.0,0.0,0.4692,0.4957428571428571,112.899,25.23977385,55.31017385
0.2566,0.0728,0.0558,0.0428,0.0,0.0,1.0,0.204,129.212,25.2386863,55.3101193
1.0,0.0,0.0,0.0,0.0,0.0,0.7263,0.2466142857142857,94.136,25.239100266273955,55.314423456222286
1.0,0.0,0.0,0.0,0.0,0.0,0.0487,0.1498142857142857,130.548,25.23657234273824,55.31240511337937
1.0,0.5028,0.4964,0.0982,0.2561,0.4858,0.8863,0.5322285714285714,49.062,25.233407960849014,55.298939286623366
1.0,0.4606,0.3225,0.0,0.2612,0.2612,1.0,0.4722142857142857,15.957,25.23343655,55.29917365000001
0.8305,0.1985,0.0,0.0,0.0,0.0,1.0,0.28985714285714287,111.201,25.241720922091552,55.31065764225815
1.0,0.0,0.0,0.0,0.0,0.0,0.0,0.14285714285714285,8.51,25.2435457,55.3124344
1.0,0.0,0.0,0.0,0.0,0.0,0.5197,0.21710000000000002,150.867,25.24372862890037,55.312651233088
1.0,0.0,0.0,0.0,0.0,0.0,0.0,0.14285714285714285,5.55,25.24396625,55.3133551
1.0,0.7818,0.1894,0.1707,0.2187,0.262,1.0,0.5175142857142857,125.849,25.24211750058747,55.312826215122726
1.0,1.0,0.0,0.0,0.0,0.0,1.0,0.42857142857142855,19.644,25.24193982241271,55.313055658936086
1.0,1.0,0.5269,0.0,0.0,0.0,1.0,0.5038428571428571,10.572,25.241984880320075,55.31319739166304
0.6199,0.209,0.0,0.0,0.641,0.967,0.9602,0.4853,71.47,25.242384613294593,55.31242294202949
0.8222,0.3304,0.0,0.0,0.0217,0.1924,1.0,0.33809999999999996,42.041,25.24209870716729,55.31228185976736
0.2589,0.0,0.0,0.0,0.0,0.0,0.0,0.03698571428571429,19.825,25.2426766,55.31256055
1.0,0.4231,0.2336,0.0,0.0,0.0,0.1275,0.25488571428571427,152.148,25.243211676958477,55.31336019933025
0.0721,0.0,0.0,0.0,0.0,0.0,0.0,0.0103,92.119,25.242650860304437,55.31318261148473
1.0,0.0,0.0,0.0,0.0676,0.2737,0.2765,0.23111428571428574,45.311,25.24326807255926,55.31286655572226
1.0,0.6824,0.2478,0.0,0.0,0.0,0.9118,0.406,57.772,25.238041032803842,55.30268961597161
1.0,0.0,0.0,0.0,0.0,0.0,0.0,0.14285714285714285,2.77,25.2376864,55.30284005
1.0,0.0,0.0,0.0,0.0,0.0,1.0,0.2857142857142857,2.664,25.23776235,55.30286535
1.0,0.0,0.0,0.0,0.0179,1.0,1.0,0.4311285714285714,2.677,25.2378376,55.3028911
1.0,0.8705,0.0533,0.0,0.0,0.0,1.0,0.41768571428571427,9.087,25.23823775,55.30285245
1.0,1.0,0.0,0.0,0.0,0.0,1.0,0.42857142857142855,11.996,25.23779105,55.3034303
1.0,0.9141,0.0,0.0,0.0135,0.2498,0.5349,0.3874714285714286,57.137,25.237934111196513,55.30319760914334
1.0,0.203,0.0,0.0,0.0,0.0,0.9372,0.30574285714285715,19.34,25.237743530378,55.303393688805876
1.0,1.0,0.2422,0.0,0.0,0.0,0.7242,0.4237714285714286,21.205,25.23813195,55.3028543
1.0,1.0,0.0,0.0,0.4055,0.0,1.0,0.4865,12.708,25.2380271,55.30287575
1.0,0.0,0.0,0.0,0.3857,1.0,1.0,0.4836714285714286,3.665,25.237905,55.3028823
1.0,0.0,0.0,0.0,0.0,1.0,1.0,0.42857142857142855,2.107,25.23790435,55.30291085
1.0,0.7435,0.6616,0.2807,0.709,0.8799,1.0,0.7535285714285714,30.226,25.238214844852177,55.31298198195079
1.0,0.5408,0.0,0.0,0.0,0.0,1.0,0.36297142857142856,19.147,25.241970691831728,55.312926546725905
0.3108,0.0,0.0,0.0,0.0,0.4784,0.7707,0.22284285714285715,221.874,25.2392975,55.29253175
1.0,0.0,0.0,0.0,0.0,0.0,0.0181,0.14544285714285715,5.645,25.23407905,55.2983282
1.0,0.0,0.0,0.0,0.0,0.0,0.0,0.14285714285714285,3.849,25.2340588,55.29836975
1.0,0.0,0.0,0.0,0.0,0.0,1.0,0.2857142857142857,4.368,25.23333055,55.29775665
1.0,0.0,0.0,0.0,0.0,0.0,1.0,0.2857142857142857,3.788,25.23331235,55.29779185
1.0,0.0,0.0,0.0,0.0,0.0,1.0,0.2857142857142857,9.91,25.23336035,55.2977982
1.0,0.0,0.0,0.0,0.0,0.396,1.0,0.34228571428571425,10.831,25.23327755,55.29775075
1.0,0.9324,0.0,0.0,0.0,0.0,1.0,0.4189142857142857,3.256,25.2334129,55.29782835
1.0,0.0,0.0,0.0,0.0,0.0,1.0,0.2857142857142857,4.114,25.23340825,55.29780265
1.0,0.0,0.0,0.0,0.0,0.0,1.0,0.2857142857142857,3.798,25.2333922,55.29783775
1.0,1.0,0.0,0.0,0.0,0.0,0.0,0.2857142857142857,8.808,25.23490915,55.2989008
1.0,0.2324,0.0,0.0,0.0,0.0,0.0,0.17605714285714286,8.945,25.23487515,55.2989712
1.0,0.0,0.0,0.0,0.0,0.0,0.0,0.14285714285714285,10.094,25.23479945,55.298927
1.0,0.0,0.0,0.0,0.0,0.0,0.0,0.14285714285714285,3.858,25.23476775,55.29888685
1.0,0.0,0.0,0.0,0.0,0.0,0.0,0.14285714285714285,3.823,25.23441665,55.29864865
1.0,0.0,0.0,0.0,0.0,0.0,0.0,0.14285714285714285,4.631,25.2344506,55.29866755
1.0,0.0,0.0,0.0,0.0,0.0,0.0,0.14285714285714285,4.099,25.23444055,55.29863915
1.0,0.0,0.0,0.0,0.0,0.0,0.0,0.14285714285714285,4.424,25.2344228,55.2986767
1.0,0.0,0.0,0.0,0.0,0.0,0.0,0.14285714285714285,4.422,25.2344602,55.2986975
1.0,0.0,0.0,0.0,0.0,0.0,0.0,0.14285714285714285,5.118,25.23448975,55.29868935
1.0,0.0,0.0,0.0,0.0,0.0,0.0,0.14285714285714285,4.631,25.2345289,55.29871115
1.0,0.0,0.0,0.0,0.0,0.0,0.0,0.14285714285714285,3.789,25.23451835,55.2986842
1.0,0.0,0.0,0.0,0.0,0.0,0.0,0.14285714285714285,4.418,25.2345009,55.29872015000001
1.0,0.0,0.0,0.0,0.0,0.0,0.0,0.14285714285714285,4.68,25.2344324,55.29870665
1.0,0.0,0.0,0.0,0.0,0.0,0.0,0.14285714285714285,3.857,25.2343981,55.2986876
1.0,0.0,0.0,0.0,0.0,0.0,0.0,0.14285714285714285,5.08,25.23440305,55.2987186
1.0,0.0,0.0,0.0,0.0,0.0,0.0,0.14285714285714285,5.016,25.23447135,55.2987283
1.0,0.0,0.0,0.0,0.0,0.0,0.0,0.14285714285714285,4.67,25.23451025,55.29874995
1.0,0.0,0.0,0.0,0.0,0.0,0.0,0.14285714285714285,5.447,25.2344799,55.29876335000001
1.0,0.0,0.0,0.0,0.0,0.0,0.0,0.14285714285714285,4.431,25.23439195,55.29865955
1.0,0.0,0.0,0.0,0.0,0.0,0.0,0.14285714285714285,4.421,25.23453825,55.29874095
1.0,0.0,0.0,0.0,0.0,0.0,0.0,0.14285714285714285,4.781,25.23448745,55.2985913
1.0,0.0,0.0,0.0,0.0,0.0,0.0,0.14285714285714285,3.846,25.2344529,55.2985718
1.0,0.0,0.0,0.0,0.0,0.0,0.0,0.14285714285714285,3.8,25.2344762,55.29856375
1.0,0.0,0.0,0.0,0.0,0.0,0.0,0.14285714285714285,4.608,25.2344587,55.2986008
1.0,0.0,0.0,0.0,0.0,0.0,0.0,0.14285714285714285,3.764,25.2345145,55.29858555000001
1.0,0.0,0.0,0.0,0.0,0.0,0.0,0.14285714285714285,5.068,25.2345269,55.29861355000001
1.0,0.0,0.0,0.0,0.0,0.0,0.0,0.14285714285714285,4.508,25.23456525,55.2986352
1.0,0.0,0.0,0.0,0.0,0.0,0.0,0.14285714285714285,3.729,25.2345551,55.29860865000001
1.0,0.0,0.0,0.0,0.0,0.0,0.0,0.14285714285714285,4.869,25.2345368,55.2986463
1.0,0.0,0.0,0.0,0.0,0.0,0.0,0.14285714285714285,3.698,25.2345909,55.29862905000001
1.0,0.0,0.0,0.0,0.0,0.0,0.0,0.14285714285714285,3.822,25.23444535,55.2985462
1.0,0.0,0.0,0.0,0.0,0.0,0.0,0.14285714285714285,5.119,25.23457505,55.2985138
1.0,0.0,0.0,0.0,0.0,0.0,0.0,0.14285714285714285,4.263,25.23461215,55.298536
1.0,0.0,0.0,0.0,0.0,0.0,0.0,0.14285714285714285,4.993,25.23460595,55.29850405000001
1.0,0.0,0.0,0.0,0.0,0.0,0.0,0.14285714285714285,4.051,25.2345867,55.29854365
1.0,0.0,0.0,0.0,0.0,0.0,0.6689,0.23841428571428572,3.932,25.23450075,55.2984693
1.0,0.0,0.0,0.0,0.0,0.0,0.2617,0.18024285714285715,4.871,25.23453555,55.29849015000001
1.0,0.0,0.0,0.0,0.0,0.0,1.0,0.2857142857142857,5.131,25.234527,55.298456
1.0,0.0,0.0,0.0,0.0,0.0,0.1694,0.16705714285714285,4.048,25.2345079,55.29849645
1.0,0.0,0.0,0.0,0.0,0.0,0.0,0.14285714285714285,4.045,25.23454625,55.29851945
1.0,0.0,0.0,0.0,0.0,0.0,0.0,0.14285714285714285,5.109,25.2345579,55.2985493
1.0,0.0,0.0,0.0,0.0,0.0,0.0,0.14285714285714285,4.365,25.23459535,55.29857175
1.0,0.0,0.0,0.0,0.0,0.0,0.0,0.14285714285714285,3.533,25.23457055,55.29857685
1.0,0.0,0.0,0.0,0.0,0.0,0.0,0.14285714285714285,3.834,25.23448435,55.2985052
1.0,0.0,0.0,0.0,0.0,0.0,0.0,0.14285714285714285,4.832,25.2345186,55.29852575
1.0,0.0,0.0,0.0,0.0,0.0,0.0,0.14285714285714285,3.708,25.2344918,55.29853065
1.0,0.0,0.0,0.0,0.0,0.0,0.0,0.14285714285714285,3.623,25.23453005,55.2985531
1.0,0.0,0.0,0.0,0.0,0.0,0.0,0.14285714285714285,5.087,25.2345427,55.29858065000001
1.0,0.0,0.0,0.0,0.0,0.0,0.0,0.14285714285714285,4.449,25.23458075,55.2986025
1.0,0.0,0.0,0.0,0.0,0.0,0.0,0.14285714285714285,3.87,25.23446865,55.29853815
1.0,0.0,0.0,0.0,0.0,0.0,0.0,0.14285714285714285,4.799,25.23450325,55.298558
1.0,0.0,0.0,0.0,0.0,0.0,0.0,0.14285714285714285,4.044,25.2344772,55.29847805
1.0,0.0,0.0,0.0,0.0,0.0,0.0,0.14285714285714285,4.054,25.2346208,55.2985641
1.0,0.0,0.0,0.0,0.0,0.0,0.0,0.14285714285714285,3.784,25.2344612,55.2985127
1.0,0.0,0.0,0.0,0.0,0.0,0.0,0.14285714285714285,3.454,25.23460555,55.2985974
1.0,1.0,1.0,0.0,1.0,1.0,1.0,0.8571428571428571,5.175,25.2338235,55.2981802
1.0,1.0,1.0,0.0,1.0,1.0,1.0,0.8571428571428571,4.205,25.2338041,55.2982216
1.0,1.0,1.0,0.0,1.0,1.0,1.0,0.8571428571428571,3.611,25.23387485,55.29807055
1.0,1.0,1.0,0.0,1.0,1.0,1.0,0.8571428571428571,4.608,25.2337504,55.2983357
1.0,0.0,0.0,0.0,0.0,0.0,0.0,0.14285714285714285,5.943,25.2341389,55.29836215000001
1.0,0.0,0.0,0.0,0.0,0.0,0.0,0.14285714285714285,3.798,25.23411825,55.29840485
1.0,0.0,0.0,0.0,0.0,0.0,1.0,0.2857142857142857,3.789,25.23419335,55.2982498
1.0,0.0,0.0,0.0,0.0,0.0,0.0,0.14285714285714285,5.295,25.23406335,55.298518
1.0,0.0,0.0,0.0,0.0,0.5147,1.0,0.35924285714285714,3.693,25.2341337,55.29821625
1.0,0.0,0.0,0.0,0.0,0.0,0.0,0.14285714285714285,5.108,25.2340032,55.29848365
1.0,0.0,0.0,0.0,0.0,0.0,1.0,0.2857142857142857,3.497,25.2331183,55.2979245
1.0,0.0,0.0,0.0,0.0,0.0,1.0,0.2857142857142857,10.702,25.23317555,55.29795575
0.8624,0.0,0.0,0.0,0.0,0.0,1.0,0.2660571428571429,19.878,25.2331752,55.29784545
1.0,0.0,0.0,0.0,0.0,0.0,1.0,0.2857142857142857,2.171,25.2331273,55.2979414
1.0,0.0,0.0,0.0,0.0,0.0,0.1191,0.15987142857142858,2.214,25.233214,55.297989
1.0,0.0578,0.0,0.0,0.0,0.0,0.0232,0.15442857142857142,10.78,25.23326215,55.29800305000001
1.0,1.0,0.0137,0.0,0.0,0.0,0.0,0.2876714285714286,2.752,25.2333167,55.29803285000001
1.0,1.0,0.0,0.0,0.0,0.0,0.0,0.2857142857142857,9.412,25.2333247,55.29798505
1.0,1.0,0.0,0.0,0.0,0.0,0.0,0.2857142857142857,2.266,25.233301,55.29803685
1.0,0.0,0.0,0.0,0.0,0.0,1.0,0.2857142857142857,2.157,25.233099,55.29792585
0.8643,0.0,0.0,0.0,0.0,0.0,1.0,0.2663285714285714,19.967,25.23314815,55.29783025
1.0,1.0,1.0,0.0,0.0,0.0,0.0,0.42857142857142855,2.277,25.233323,55.2980489
1.0,0.0,0.0,0.0,0.0,0.0,1.0,0.2857142857142857,10.105,25.2333442,55.2978314
1.0,0.9752,0.0,0.0,0.0,0.0,1.0,0.4250285714285714,3.173,25.23339715,55.2978619
1.0,0.7782,0.0,0.0,0.0,0.0,0.8599,0.3768714285714286,10.004,25.23336415,55.29789895
1.0,0.0,0.0,0.0,0.0,0.0,1.0,0.2857142857142857,3.251,25.23320505,55.2977512
1.0,0.0,0.0,0.0,0.0,0.0,1.0,0.2857142857142857,10.771,25.23326095000001,55.29778345
1.0,0.0,0.0,0.0,0.0,0.692,1.0,0.3845714285714286,3.755,25.23322615,55.29774235
1.0,0.0,0.0,0.0,0.0,0.6174,1.0,0.3739142857142857,3.742,25.23320045,55.29772755
1.0,1.0,0.0,0.0,0.0,0.0,1.0,0.42857142857142855,3.807,25.23341785,55.2978525
1.0,0.0,0.0,0.0,0.0,1.0,1.0,0.42857142857142855,3.193,25.23322155,55.2977187
1.0,0.0,0.0,0.0,0.0,1.0,1.0,0.42857142857142855,4.675,25.23324445,55.29770565
1.0,0.0,0.0,0.0,0.0,1.0,1.0,0.42857142857142855,6.874,25.233227965006463,55.29768916934015
1.0,0.0,0.0,0.0,0.0,0.0,1.0,0.2857142857142857,3.531,25.233108,55.29794275
1.0,0.0,0.0,0.0,0.0,0.0,0.8296,0.2613714285714286,10.826,25.23316575,55.29797465
1.0,0.0,0.0,0.0,0.0,0.7684,1.0,0.3954857142857143,10.895,25.23329745,55.29771155
1.0,0.0651,0.0,0.0,0.0,0.0,0.0,0.15215714285714285,10.831,25.23325285,55.2980228
1.0,1.0,0.0283,0.0,0.0,0.0,0.0,0.2897571428571429,2.708,25.2333073,55.2980529
1.0,1.0,0.0,0.0,0.0,0.0,0.0,0.2857142857142857,5.174,25.2332859,55.29806985
1.0,0.0,0.0,0.0,0.0,0.0,1.0,0.2857142857142857,9.693,25.23337845,55.2977611
1.0,1.0,1.0,0.0,1.0,1.0,1.0,0.8571428571428571,2.493,25.2363087,55.2989415
1.0,1.0,1.0,0.0,1.0,1.0,1.0,0.8571428571428571,18.161,25.23634187629388,55.29896054128249
1.0,1.0,1.0,0.0,1.0,1.0,1.0,0.8571428571428571,18.161,25.23634187629388,55.298960541282504
1.0,0.0,0.0,0.0,0.0,0.0,0.0777,0.15395714285714288,6.142,25.23321205,55.29919305
1.0,0.0,0.0,0.0,0.0,0.3325,0.741,0.2962142857142857,14.536,25.233304711722255,55.299192922628905
1.0,0.3395,0.3402,0.0126,0.0,0.0,0.3183,0.28722857142857144,23.976,25.233294603074555,55.29914859796029
1.0,0.0,0.0,0.0,0.0,0.0,0.5757,0.2251,14.926,25.23323109408054,55.29924985041465
1.0,0.0,0.0,0.0,0.0,0.0,0.6045,0.22921428571428573,15.952,25.233322180021727,55.29925990325343
1.0,1.0,0.0,0.0,0.0,0.0,0.0,0.2857142857142857,8.248,25.23528125,55.29942275
1.0,1.0,0.0,0.0,0.0,0.0,0.0,0.2857142857142857,9.583,25.23523005,55.29937775
1.0,1.0,1.0,0.0,0.0,0.0,0.0,0.42857142857142855,5.887,25.23534745,55.29960975
1.0,1.0,1.0,0.0,0.0,0.0,0.0,0.42857142857142855,3.204,25.2353866,55.29959685
1.0,1.0,1.0,0.0,0.0,0.0,0.0,0.42857142857142855,8.4,25.2353654,55.2995612
1.0,1.0,1.0,0.0,0.0,0.0,0.0,0.42857142857142855,7.782,25.2353508,55.2994824
1.0,1.0,1.0,0.0,0.0,0.0,0.0,0.42857142857142855,8.376,25.2353941,55.2995092
1.0,1.0,1.0,0.0,0.0,0.0,0.0,0.42857142857142855,6.091,25.2353315,55.29952875
1.0,1.0,0.181,0.0,0.0,0.0,0.0,0.31157142857142855,6.299,25.2353167,55.2994536
1.0,1.0,0.0731,0.0,0.0,0.0,0.0,0.2961571428571429,7.692,25.2352974,55.29949995
1.0,1.0,1.0,0.0,0.0,0.0,0.0,0.42857142857142855,8.278,25.23531355,55.2995773
1.0,1.0,0.0449,0.0,0.0,0.0,0.0,0.29212857142857146,8.824,25.23526685,55.29954845
1.0,1.0,1.0,0.0,0.0,0.0,0.0,0.42857142857142855,8.134,25.2353293,55.299657
1.0,1.0,0.0,0.0,0.0,0.0,0.0,0.2857142857142857,7.03,25.2351203,55.2995496
1.0,1.0,0.5372,0.0,0.0,0.0,0.0,0.36245714285714287,38.662,25.235022323826037,55.299352566858786
1.0,1.0,0.0,0.0,0.0,0.0,0.0,0.2857142857142857,11.032,25.23518105,55.2995757
1.0,1.0,1.0,0.0,0.0,0.0,0.0,0.42857142857142855,9.986,25.2354153,55.29954485
1.0,1.0,0.0,0.0,0.0,0.0,0.0,0.2857142857142857,0.97,25.23513215,55.29958715
1.0,1.0,1.0,0.0,0.0,0.0,0.0,0.42857142857142855,13.034,25.235373594401956,55.299648053937204
1.0,1.0,1.0,0.0,0.0,0.0,0.0,0.42857142857142855,8.64,25.235298582643612,55.29970454098222
1.0,0.0,0.7767,0.0,0.0,0.0,0.0,0.2538142857142857,9.027,25.23563675,55.29914
1.0,0.2541,1.0,0.0,0.0,0.0,0.0,0.32201428571428575,22.944,25.23557085,55.29928125
0.8662,0.8303,0.6614,0.0,0.5459,0.6538,0.9165,0.6391571428571429,41.791,25.23549005,55.2990017
1.0,1.0,0.684,0.5658,1.0,1.0,1.0,0.8928285714285715,4.487,25.23530685,55.2988926
1.0,1.0,1.0,0.0,1.0,1.0,1.0,0.8571428571428571,13.166,25.23447295,55.2957699
1.0,1.0,1.0,0.0,1.0,1.0,1.0,0.8571428571428571,9.034,25.23444026207302,55.295705597852724
1.0,1.0,1.0,0.4471,1.0,1.0,1.0,0.9210142857142857,4.554,25.23412705,55.2963629
1.0,0.0,0.0,0.0,0.0,0.0,0.0,0.14285714285714285,4.028,25.23408315,55.29847715
1.0,0.0,0.0,0.0,0.0,0.0,0.0,0.14285714285714285,3.394,25.23406095,55.29848725
1.0,0.0,0.0,0.0,0.0,0.0,0.0,0.14285714285714285,4.06,25.2340559,55.2984619
1.0,0.0,0.0,0.0,0.0,0.0,0.0,0.14285714285714285,4.13,25.2340307,55.2984705
1.0,0.0,0.0,0.0,0.0,0.0,0.0,0.14285714285714285,4.102,25.23402285,55.29844335
1.0,0.0,0.0,0.0,0.0,0.0,0.0,0.14285714285714285,4.438,25.2340411,55.298406
1.0,0.0,0.0,0.0,0.0,0.0,0.0,0.14285714285714285,4.114,25.23404805,55.29843475
1.0,0.0,0.0,0.0,0.0,0.0,0.0,0.14285714285714285,4.387,25.23407385,55.2984249
1.0,0.0,0.0,0.0,0.0,0.0,0.0,0.14285714285714285,3.398,25.2340781,55.2984518
1.0,0.0,0.0,0.0,0.0,0.0,0.0,0.14285714285714285,4.341,25.23410095,55.2984405
1.0,0.0,0.0,0.0,0.0,0.0,0.0,0.14285714285714285,3.397,25.2340967,55.2984136
1.0,0.0,0.0,0.0,0.0,0.0,0.0,0.14285714285714285,4.103,25.2340669,55.29839615
1.0,0.0,0.0,0.0,0.0,0.0,1.0,0.2857142857142857,4.222,25.23410015,55.29828505
1.0,0.0,0.0,0.0,0.0,0.0,0.0833,0.15475714285714284,4.083,25.2341076,55.2983124
1.0,0.0,0.0,0.0,0.0,0.0,0.5395,0.21992857142857142,4.129,25.23413285,55.2983032
1.0,0.0,0.0,0.0,0.0,0.0,0.0,0.14285714285714285,3.391,25.2341378,55.2983287
1.0,0.0,0.0,0.0,0.0,0.0,0.1651,0.16644285714285714,4.051,25.2341601,55.29831835
1.0,0.0,0.0,0.0,0.0,0.0,1.0,0.2857142857142857,3.904,25.234177,55.2982835
1.0,0.0,0.0,0.0,0.0,0.0,0.1991,0.1713,3.393,25.23415515,55.29829285
1.0,0.0,0.0,0.0,0.0,0.0,0.3115,0.18735714285714286,3.904,25.2341499,55.298268
1.0,0.0,0.0,0.0,0.0,0.0,0.998,0.2854285714285714,4.055,25.2341254,55.29827585
1.0,0.0,0.0,0.0,0.0,0.0,1.0,0.2857142857142857,3.904,25.2341175,55.2982495
1.0,0.0,0.0,0.0,0.0,0.0,1.0,0.2857142857142857,4.055,25.234142,55.29824165
1.0,0.0,0.0,0.0,0.0,0.0,1.0,0.2857142857142857,3.393,25.23417175,55.29825865
1.0,1.0,1.0,0.0,1.0,1.0,1.0,0.8571428571428571,3.8,25.2338008,55.29831595
1.0,1.0,1.0,0.0,1.0,1.0,1.0,0.8571428571428571,4.051,25.23377645,55.29832405000001
1.0,1.0,1.0,0.0,1.0,1.0,1.0,0.8571428571428571,3.731,25.23376775,55.29829895000001
1.0,1.0,1.0,0.0,1.0,1.0,1.0,0.8571428571428571,4.736,25.2338185,55.2982783
1.0,1.0,1.0,0.0,1.0,1.0,1.0,0.8571428571428571,4.056,25.2337921,55.29829085
1.0,1.0,1.0,0.0,1.0,1.0,1.0,0.8571428571428571,4.8,25.2337854,55.2982613
1.0,1.0,1.0,0.0,1.0,1.0,1.0,0.8571428571428571,4.061,25.2338118,55.29824875
1.0,1.0,1.0,0.0,1.0,1.0,1.0,0.8571428571428571,4.29,25.23387565000001,55.29815645
1.0,1.0,1.0,0.0,1.0,1.0,1.0,0.8571428571428571,4.066,25.23385045,55.29816635
1.0,1.0,1.0,0.0,1.0,1.0,1.0,0.8571428571428571,4.41,25.23384325,55.29813785
1.0,1.0,1.0,0.0,1.0,1.0,1.0,0.8571428571428571,3.575,25.23389195,55.29812175
1.0,1.0,1.0,0.0,1.0,1.0,1.0,0.8571428571428571,4.054,25.23386845,55.29812795
1.0,1.0,1.0,0.0,1.0,1.0,1.0,0.8571428571428571,3.616,25.2338599,55.29810245
1.0,1.0,1.0,0.0,1.0,1.0,1.0,0.8571428571428571,4.063,25.2338834,55.29809625000001
0.0,0.0,0.0,0.0,0.0,0.7094,1.0,0.2442,2.214,25.23463195,55.3013042
0.7486,0.3514,0.3353,0.0,0.0,0.4896,0.5712,0.35658571428571434,29.897,25.234623466543564,55.3011766754645
0.5347,0.5136,0.4279,0.4602,0.4645,0.4486,0.9969,0.5494857142857142,10.015,25.234592970067535,55.30128292343125
0.0,0.0,0.0,0.0,0.0,0.0,0.0,0.0,9.841,25.2349046,55.3011645
0.604,0.619,0.4823,0.0,0.0,0.0,0.0,0.2436142857142857,26.14,25.23480304322436,55.30110558092743
0.206,0.0,0.0,0.0,0.0,0.4723,0.4583,0.16237142857142858,26.85,25.234843827002265,55.301272700137496
0.8987,0.6904,0.1211,0.0,0.0,0.0,0.6259,0.33372857142857143,39.323,25.234511132278094,55.301128203917656
0.1839,0.0,0.0,0.0,0.0,0.5653,0.8062,0.2222,9.73,25.23452867560533,55.301300919185145
0.3274,0.0,0.0,0.0,0.0,0.0644,0.9455,0.19104285714285713,72.441,25.232948724367418,55.300040345780715
0.9351,0.7629,0.6231,0.0,0.0,0.0,0.5398,0.4087,11.834,25.2331329,55.3003246
0.7004,0.5209,0.2645,0.0,0.3926,0.5782,1.0,0.49379999999999996,18.921,25.233111876600525,55.30043226814377
0.4219,0.0022,0.0,0.0,0.0,0.0064,0.3238,0.10775714285714286,383.33,25.23286234000891,55.29874352242644
1.0,1.0,1.0,1.0,1.0,1.0,1.0,1.0,7.113,25.2340179,55.2992166
1.0,1.0,1.0,1.0,1.0,1.0,1.0,1.0,7.361,25.23396395,55.29925685
1.0,1.0,1.0,1.0,1.0,1.0,1.0,1.0,9.174,25.23391195,55.29924065
1.0,1.0,1.0,1.0,1.0,1.0,1.0,1.0,18.318,25.233881542687296,55.29934508866762
1.0,1.0,1.0,1.0,1.0,1.0,1.0,1.0,27.067,25.234009899106717,55.29937846301337
1.0,1.0,1.0,1.0,1.0,1.0,1.0,1.0,8.453,25.234022,55.29916285
1.0,1.0,1.0,1.0,1.0,1.0,1.0,1.0,14.776,25.234105398968275,55.29916958755778
1.0,1.0,1.0,1.0,1.0,1.0,1.0,1.0,17.935,25.234091380930884,55.29926937423555
1.0,1.0,1.0,0.0,0.0,0.0,0.0,0.42857142857142855,42.925,25.23414737997748,55.299003712256095
1.0,0.2631,0.1499,0.0,0.0,0.0,0.237,0.2357142857142857,118.489,25.233545382179727,55.2995287366015
1.0,1.0,1.0,1.0,1.0,1.0,1.0,1.0,1.825,25.23414465,55.29934195
1.0,1.0,1.0,1.0,1.0,1.0,1.0,1.0,10.556,25.234131205079557,55.29939166540681
1.0,1.0,1.0,1.0,1.0,1.0,1.0,1.0,17.748,25.233690624070167,55.29987597525579
1.0,1.0,1.0,1.0,1.0,1.0,1.0,1.0,52.5,25.233695443579883,55.29957597279443
1.0,1.0,1.0,1.0,1.0,1.0,1.0,1.0,79.94,25.233923256279695,55.29966574540267
1.0,1.0,1.0,1.0,1.0,1.0,1.0,1.0,3.642,25.2347744,55.3005146
1.0,1.0,1.0,1.0,1.0,1.0,1.0,1.0,17.484,25.23479970540894,55.30042303269098
1.0,1.0,1.0,1.0,1.0,1.0,1.0,1.0,11.2,25.234724266359073,55.30053076744566
1.0,1.0,1.0,0.0,1.0,1.0,1.0,0.8571428571428571,1.622,25.23485365,55.3006412
1.0,0.3846,0.2322,0.0,0.2511,1.0,0.7649,0.5189714285714285,46.861,25.234999902221688,55.30047504195522
1.0,1.0,0.9029,0.0,1.0,1.0,1.0,0.8432714285714286,14.58,25.234804320275593,55.300688391305385
1.0,1.0,0.924,0.881,1.0,1.0,1.0,0.9721428571428571,13.146,25.234812370050168,55.30058498364729
1.0,1.0,0.9221,0.8729,1.0,1.0,1.0,0.9707142857142858,13.171,25.234820811384278,55.30057953232829
1.0,0.1475,0.0,0.0,1.0,1.0,1.0,0.5925,1.384,25.2347458,55.3007204
0.9464,0.4693,0.2808,0.1044,1.0,1.0,1.0,0.6858428571428572,26.404,25.23463945199329,55.30077583726887
1.0,1.0,1.0,1.0,1.0,1.0,1.0,1.0,3.262,25.23468395,55.3005692
1.0,1.0,1.0,1.0,1.0,1.0,1.0,1.0,20.954,25.234587233278102,55.300540991902636
1.0,0.9049,0.9049,0.9049,1.0,1.0,1.0,0.9592428571428572,14.698,25.234711508978236,55.300651512128034
1.0,0.897,0.897,0.9016,1.0,1.0,1.0,0.9565142857142857,14.592,25.234719950630893,55.300647678354316
1.0,1.0,1.0,1.0,1.0,1.0,1.0,1.0,73.449,25.234599511055077,55.30027690615656
1.0,1.0,1.0,1.0,1.0,1.0,1.0,1.0,18.989,25.234869853542893,55.3002693113691
1.0,1.0,1.0,1.0,1.0,1.0,1.0,1.0,8.295,25.23447175,55.3005088
1.0,1.0,1.0,1.0,1.0,1.0,1.0,1.0,6.036,25.23415865,55.30050025
1.0,1.0,1.0,1.0,1.0,1.0,1.0,1.0,83.548,25.23405780161341,55.30022020241537
1.0,1.0,1.0,1.0,1.0,1.0,1.0,1.0,26.46,25.234026652927415,55.300532487941254
1.0,1.0,1.0,1.0,1.0,1.0,1.0,1.0,16.659,25.23375413845413,55.30017396984777
1.0,1.0,1.0,1.0,1.0,1.0,1.0,1.0,22.009,25.233796125601117,55.300346736111145
1.0,0.8923,0.8923,0.8979,1.0,1.0,1.0,0.9546428571428571,14.508,25.233877071916428,55.30058921033971
1.0,0.8975,0.8975,0.8907,1.0,1.0,1.0,0.9551,14.521,25.23386886396863,55.30058341663321
1.0,1.0,1.0,1.0,1.0,1.0,1.0,1.0,12.861,25.233863618473404,55.30049360848641
1.0,0.8918,0.8918,0.8851,1.0,1.0,1.0,0.9526714285714285,14.114,25.233785151878383,55.30050341170842
1.0,0.8806,0.8806,0.8853,1.0,1.0,1.0,0.9494999999999999,14.11,25.23377701034335,55.3004965948585
1.0,1.0,1.0,1.0,1.0,1.0,1.0,1.0,83.267,25.234785221310354,55.299731671654165
1.0,1.0,1.0,1.0,1.0,1.0,1.0,1.0,18.441,25.234974207436984,55.2995516553271
1.0,1.0,1.0,1.0,1.0,1.0,1.0,1.0,19.044,25.234861860209694,55.299426197180054
1.0,1.0,1.0,1.0,1.0,1.0,1.0,1.0,15.216,25.235026686395447,55.299799827138905
1.0,1.0,1.0,1.0,1.0,1.0,1.0,1.0,19.727,25.234984967962205,55.29995967375365
1.0,1.0,0.0,0.0,0.0,0.0,0.0,0.2857142857142857,1.896,25.2351548,55.2997163
1.0,1.0,0.9069,0.9357,0.8362,0.866,0.866,0.9158285714285713,11.099,25.23509783989452,55.29971898077744
1.0,1.0,0.9085,0.9353,0.8463,0.865,0.865,0.9171571428571429,11.043,25.235098928293816,55.29972921493908
1.0,1.0,1.0,1.0,1.0,1.0,1.0,1.0,12.064,25.235045363948082,55.299671716802656
1.0,1.0,0.3345,0.0,0.0,0.0,0.0,0.3335,1.9,25.23512245,55.29958505
1.0,1.0,1.0,0.9169,0.813,0.86,0.813,0.9147,9.942,25.235071128565806,55.29959671756641
1.0,1.0,1.0,0.9246,0.8214,0.8569,0.8214,0.9177571428571428,9.966,25.23507390163289,55.29960539821057
1.0,1.0,1.0,1.0,1.0,1.0,1.0,1.0,10.918,25.23496305,55.30021345
1.0,1.0,1.0,1.0,1.0,1.0,1.0,1.0,14.944,25.23494485,55.3001244
1.0,1.0,1.0,1.0,1.0,1.0,1.0,1.0,28.713,25.23480512083614,55.30012701282688
1.0,1.0,1.0,1.0,1.0,1.0,1.0,1.0,10.677,25.23501495,55.3000799
1.0,1.0,1.0,1.0,1.0,1.0,1.0,1.0,28.998,25.23485156174873,55.300011479903844
1.0,1.0,1.0,1.0,1.0,1.0,1.0,1.0,14.298,25.23503315,55.30016895
1.0,0.8462,0.8462,0.8583,1.0,1.0,0.956,0.9295285714285715,11.241,25.235052635860107,55.30025929502585
1.0,0.8514,0.8514,0.8634,1.0,1.0,0.9487,0.9307,11.359,25.235056389606232,55.3002500181691
1.0,1.0,0.8333,0.8636,0.9977,0.9976,0.8371,0.9327571428571427,10.93,25.235104377282305,55.30011881336773
1.0,1.0,0.8373,0.8673,0.9977,0.9981,0.8415,0.9345571428571429,10.976,25.235100939887896,55.30012777553667
1.0,1.0,0.0,0.0,0.0,0.0,0.0,0.2857142857142857,0.7,25.2351503,55.30014415
1.0,0.0,0.0,0.0,0.4451,1.0,0.0,0.3493,1.552,25.23510635,55.300279
1.0,1.0,1.0,1.0,1.0,1.0,1.0,1.0,7.401,25.23468565,55.29929045
1.0,1.0,1.0,1.0,1.0,1.0,1.0,1.0,9.008,25.2347338,55.29922865
1.0,1.0,1.0,1.0,1.0,1.0,1.0,1.0,10.78,25.234662904084946,55.2992425431964
1.0,1.0,1.0,1.0,1.0,1.0,1.0,1.0,14.564,25.23476202727564,55.299303315653184
1.0,1.0,1.0,1.0,1.0,1.0,1.0,1.0,8.199,25.23483515,55.2993171
1.0,1.0,1.0,1.0,1.0,1.0,1.0,1.0,26.094,25.234733205385943,55.29943614072424
1.0,1.0,1.0,1.0,1.0,1.0,1.0,1.0,38.112,25.2345269,55.2996112
1.0,1.0,1.0,1.0,1.0,1.0,1.0,1.0,17.405,25.234628736655118,55.29938975675783
1.0,1.0,1.0,1.0,1.0,1.0,1.0,1.0,14.22,25.23480905,55.29923985
1.0,1.0,1.0,1.0,0.8679,0.8679,0.8679,0.9433857142857142,9.543,25.234886682447033,55.29925027603076
1.0,1.0,1.0,1.0,0.8718,0.8718,0.8718,0.945057142857143,9.633,25.23487903975984,55.29924529022571
1.0,1.0,1.0,0.9125,0.7706,0.7706,0.7706,0.8891857142857142,9.202,25.23478050940715,55.299156558772886
1.0,1.0,1.0,0.9221,0.782,0.782,0.782,0.8954428571428572,9.164,25.234788033262905,55.29916176478331
1.0,1.0,1.0,0.0,0.0,0.0,0.0,0.42857142857142855,1.618,25.23481305,55.29911755
1.0,1.0,1.0,0.0,0.0,0.0,0.0,0.42857142857142855,43.719,25.234642259579562,55.299018466446775
1.0,1.0,1.0,0.1154,0.0,0.0,0.0,0.4450571428571429,1.412,25.2349122,55.29920565
1.0,1.0,1.0,1.0,1.0,1.0,1.0,1.0,14.455,25.23370345,55.300032
1.0,1.0,1.0,1.0,1.0,1.0,1.0,1.0,7.948,25.23365245,55.29997425000001
1.0,1.0,1.0,1.0,1.0,1.0,1.0,1.0,31.005,25.233819583322372,55.29993084934973
1.0,1.0,1.0,1.0,1.0,1.0,1.0,1.0,8.087,25.23368525,55.3001121
1.0,1.0,1.0,1.0,1.0,1.0,1.0,1.0,29.932,25.233846395774936,55.300052725536915
1.0,1.0,1.0,1.0,1.0,1.0,1.0,1.0,14.22,25.23363425,55.30005435
1.0,0.9116,0.8936,0.8592,0.8818,1.0,1.0,0.9351714285714285,11.56,25.233571952814025,55.30000796804748
1.0,0.9044,0.8679,0.8381,0.8583,1.0,1.0,0.9241,11.464,25.23356850033982,55.29999879006558
1.0,0.0,0.0,0.0,0.0,0.2639,1.0,0.3234142857142857,1.891,25.2335138,55.30002195
0.0,0.0,0.0,0.0,0.0,0.9055,1.0,0.2722142857142857,2.61,25.23353475,55.300159
0.918,0.8825,0.8825,0.8433,0.9194,1.0,1.0,0.9208142857142858,12.368,25.2335996684209,55.300144525093955
0.9299,0.8788,0.8774,0.8476,0.9155,1.0,1.0,0.9213142857142856,12.278,25.23359659341973,55.300134861650754
1.0,1.0,1.0,1.0,1.0,1.0,1.0,1.0,37.772,25.2341948,55.29959275
1.0,1.0,1.0,1.0,1.0,1.0,1.0,1.0,9.417,25.23431935,55.299727
1.0,1.0,1.0,1.0,1.0,1.0,1.0,1.0,17.104,25.234242749543313,55.299810054788985
1.0,1.0,1.0,1.0,1.0,1.0,1.0,1.0,8.983,25.2343863,55.29972935
1.0,1.0,1.0,1.0,1.0,1.0,1.0,1.0,17.924,25.234455581625625,55.299821548425705
1.0,1.0,1.0,1.0,1.0,1.0,1.0,1.0,35.282,25.23459455,55.29996335
1.0,1.0,1.0,1.0,1.0,1.0,1.0,1.0,17.165,25.23440731054404,55.299953382781254
1.0,1.0,1.0,1.0,1.0,1.0,1.0,1.0,37.832,25.23432695,55.3001562
1.0,1.0,1.0,1.0,1.0,1.0,1.0,1.0,23.957,25.234232769653296,55.30041216313754
1.0,1.0,1.0,1.0,1.0,1.0,1.0,1.0,25.969,25.234400865477706,55.300412184600056
1.0,1.0,1.0,1.0,1.0,1.0,1.0,1.0,16.923,25.23427706395432,55.29994421647281
1.0,1.0,1.0,1.0,1.0,1.0,1.0,1.0,35.806,25.2340877,55.29992455
1.0,1.0,1.0,1.0,1.0,1.0,1.0,1.0,4.764,25.23435595,55.29967775
1.0,1.0,1.0,1.0,1.0,1.0,1.0,1.0,13.345,25.23429878400267,55.29952986074826
1.0,1.0,1.0,1.0,1.0,1.0,1.0,1.0,12.313,25.234432473558932,55.299538083441696
1.0,1.0,1.0,1.0,1.0,1.0,1.0,1.0,10.061,25.23431890310215,55.29962939738189
1.0,1.0,1.0,1.0,1.0,1.0,1.0,1.0,29.737,25.234214059022065,55.29947113505266
1.0,1.0,1.0,1.0,1.0,1.0,1.0,1.0,37.078,25.23454190152822,55.299457639570306
1.0,1.0,1.0,1.0,1.0,1.0,1.0,1.0,10.673,25.234399539169473,55.299633031319026
1.0,1.0,1.0,1.0,1.0,1.0,1.0,1.0,10.489,25.2344394,55.30057465
1.0,1.0,1.0,1.0,1.0,1.0,1.0,1.0,28.537,25.23430958589496,55.30053044317291
1.0,1.0,1.0,1.0,1.0,1.0,1.0,1.0,8.798,25.23417135,55.30055335
1.0,1.0,1.0,1.0,1.0,1.0,1.0,1.0,20.854,25.23442588771063,55.3007262429274
1.0,1.0,1.0,1.0,1.0,1.0,1.0,1.0,18.54,25.23445604121329,55.30071525201963
1.0,1.0,1.0,1.0,1.0,1.0,1.0,1.0,4.532,25.234438428419818,55.30081610237181
1.0,0.446,0.446,0.446,0.7694,1.0,1.0,0.7296285714285714,13.042,25.23440983800782,55.30088406294291
1.0,1.0,1.0,1.0,1.0,1.0,1.0,1.0,7.581,25.234490865190676,55.300807686793725
0.7081,0.4232,0.4232,0.4237,0.6406,1.0,1.0,0.6598285714285714,15.721,25.234142693475178,55.300864153458356
1.0,1.0,1.0,1.0,1.0,1.0,1.0,1.0,3.507,25.234123178547158,55.30079728927359
1.0,1.0,1.0,1.0,1.0,1.0,1.0,1.0,21.57,25.23415383061677,55.30069982047794
1.0,1.0,1.0,1.0,1.0,1.0,1.0,1.0,5.079,25.23408603385917,55.300786577732055
1.0,1.0,1.0,1.0,1.0,1.0,1.0,1.0,21.02,25.23412614628148,55.300689367720345
1.0,1.0,1.0,1.0,1.0,1.0,1.0,1.0,24.914,25.23423998643774,55.29906168263291
1.0,1.0,1.0,1.0,1.0,1.0,1.0,1.0,10.478,25.234156130554418,55.29920066408557
1.0,1.0,1.0,0.2445,0.0,0.0,0.0,0.46349999999999997,1.609,25.23445365,55.2989672
1.0,1.0,1.0,0.0,0.0,0.0,0.0,0.42857142857142855,13.174,25.234394621100087,55.298956180096454
1.0,1.0,1.0,1.0,0.7455,0.6413,0.7455,0.8760428571428571,3.106,25.234450809522194,55.29898966002779
1.0,1.0,1.0,1.0,0.7558,0.6323,0.7558,0.8776999999999999,3.125,25.234455197765033,55.29898997921881
1.0,1.0,1.0,1.0,1.0,1.0,1.0,1.0,30.877,25.23455768104709,55.299096539700244
1.0,1.0,1.0,1.0,1.0,1.0,1.0,1.0,13.009,25.234394264135634,55.29899878972782
1.0,1.0,1.0,0.2551,0.0,0.0,0.0,0.4650142857142857,1.8,25.23433545,55.29896505
1.0,1.0,1.0,1.0,0.771,0.6359,0.771,0.8825571428571429,2.928,25.234333703573345,55.29898760063757
1.0,1.0,1.0,1.0,0.7737,0.6559,0.7737,0.8861857142857142,2.887,25.234337638832816,55.29898766890051
1.0,1.0,1.0,1.0,1.0,1.0,1.0,1.0,5.506,25.2346405,55.29930855
1.0,1.0,1.0,1.0,1.0,1.0,1.0,1.0,1.826,25.2346088,55.29922565
1.0,1.0,1.0,1.0,1.0,1.0,1.0,1.0,7.423,25.23461715,55.2992621
1.0,1.0,1.0,1.0,1.0,1.0,1.0,1.0,2.74,25.2341622,55.2992509
1.0,1.0,1.0,1.0,1.0,1.0,1.0,1.0,8.978,25.23415135,55.2992963
1.0,1.0,1.0,0.0,1.0,1.0,1.0,0.8571428571428571,26.338,25.236056252791276,55.295419521102204
1.0,0.9208,0.9198,0.0,0.9239,0.9416,1.0,0.8151571428571429,32.296,25.234098799076083,55.29733215987171
1.0,1.0,1.0,0.0336,1.0,1.0,1.0,0.8619428571428571,9.839,25.234318462875084,55.296230589066084
1.0,1.0,1.0,0.0,1.0,1.0,1.0,0.8571428571428571,12.96,25.234339307158766,55.29614589254147
1.0,0.3643,0.0,0.0,0.0,0.0,1.0,0.33775714285714287,14.458,25.2331401,55.29693355000001
1.0,0.3771,0.0401,0.0,0.0,0.3933,1.0,0.4015,30.426,25.233191940400303,55.29696266362696
1.0,1.0,1.0,0.0,1.0,1.0,1.0,0.8571428571428571,14.287,25.23476975,55.2952737
1.0,1.0,1.0,0.0,1.0,1.0,1.0,0.8571428571428571,17.08,25.234697054177225,55.29514009184843
1.0,1.0,1.0,0.0,1.0,1.0,1.0,0.8571428571428571,33.721,25.23458682002909,55.295204726612525
1.0,1.0,1.0,0.0,1.0,1.0,1.0,0.8571428571428571,8.867,25.23425418910097,55.29735835139283
1.0,0.6766,0.5615,0.4219,0.4779,0.5075,0.575,0.6029142857142856,33.302,25.2342637031328,55.29756193419118
1.0,0.587,0.4606,0.1693,0.232,0.4277,0.5593,0.4908428571428572,32.148,25.2359159973024,55.29750398454509
1.0,0.4005,0.4243,0.2228,0.5103,1.0,1.0,0.6511285714285714,13.505,25.23408055,55.3008476
0.8903,0.0744,0.0744,0.0744,0.6828,1.0,1.0,0.5423285714285714,15.428,25.23448085,55.30086815
1.0,1.0,1.0,1.0,1.0,1.0,1.0,1.0,29.275,25.244635952674017,55.297483646194266
1.0,1.0,1.0,1.0,1.0,1.0,1.0,1.0,29.274,25.244620101336146,55.29747712850641
1.0,0.7882,0.0088,0.0,0.0,0.0,0.7693,0.3666142857142857,48.56,25.24309639725485,55.29872115450327
1.0,0.9067,0.5747,0.142,0.0,0.0,0.5387,0.45172857142857137,249.422,25.24404947952021,55.29840241365883
1.0,0.9902,0.8247,0.0,0.0,0.0,0.0,0.4021285714285714,98.409,25.245429373068845,55.2991106122595
1.0,1.0,0.9828,0.289,0.7348,0.7348,0.7348,0.7823142857142857,21.755,25.23471577606444,55.29498723131287
1.0,1.0,1.0,0.4359,0.9963,0.9963,0.9963,0.9178285714285713,28.999,25.23453488913871,55.29507706150049
1.0,0.4745,0.1663,0.0,0.0,0.0,0.0,0.2344,5.751,25.23441125,55.29499585
1.0,0.0,0.0,0.0,0.0,0.0,0.0,0.14285714285714285,4.387,25.23670335,55.29929145
1.0,0.4427,0.4427,0.4514,0.5545,0.5982,0.6307,0.5885999999999999,59.865,25.236652437026166,55.29900517722477
1.0,0.0,0.0,0.0,0.3347,0.6973,0.8656,0.41394285714285717,24.237,25.236855517842343,55.29871557294672
1.0,0.0,0.0,0.0,0.0,0.0,0.0,0.14285714285714285,5.275,25.236985,55.2987167
0.8946,0.0588,0.0325,0.0187,0.0191,0.0449,0.1214,0.16999999999999996,281.328,25.23752758433434,55.29745712634582
0.9952,0.0038,0.0032,0.0179,0.0174,0.0066,0.0301,0.15345714285714288,293.443,25.23758378048658,55.29745549414713
0.0,0.0,0.0,0.0,0.0,0.0,0.1527,0.021814285714285713,5.784,25.2344118,55.30139585
0.6814,0.0,0.0,0.0,0.143,0.2182,0.239,0.1830857142857143,225.464,25.235370460653314,55.301139314360135
0.6843,0.0271,0.0268,0.0271,0.2145,0.2927,0.388,0.23721428571428577,219.375,25.235344518855893,55.30108542481519
0.0,0.0,0.0,0.0,0.2789,0.566,1.0,0.2635571428571429,28.364,25.23435835911639,55.30125049354601
0.0,0.0,0.0,0.0,0.0,0.0,0.7786,0.11122857142857143,5.985,25.2340602,55.30132335
0.226,0.226,0.226,0.0,0.5184,0.644,1.0,0.4057714285714286,26.101,25.234151385669094,55.30121240519679
1.0,0.0,0.0,0.0,0.0,0.0,0.0,0.14285714285714285,10.486,25.2358049,55.30017465
1.0,0.0,0.0,0.0,0.0,0.0,0.0,0.14285714285714285,10.716,25.2358241,55.30024635
1.0,0.0,0.0,0.0,0.0,0.0,0.0,0.14285714285714285,62.651,25.235823645535266,55.3005252818175
1.0,0.0,0.0,0.0,1.0,1.0,0.0,0.42857142857142855,10.311,25.2355471,55.30058705
1.0,0.0,0.0,0.584,1.0,1.0,0.8793,0.6376142857142858,5.177,25.23550075,55.30056065000001
1.0,0.0,0.0,0.0997,1.0,1.0,0.0,0.4428142857142857,27.861,25.23558462294635,55.30043132303992
1.0,0.0,0.0,0.0,0.9913,0.0,0.0,0.28447142857142854,10.836,25.2356451,55.30073495
1.0,0.0,0.0,0.0,0.9875,0.0,0.0,0.2839285714285714,8.63,25.235640257083862,55.300799649941375
1.0,0.0,0.0,0.0,1.0,0.0,0.0,0.2857142857142857,7.272,25.2356218,55.30085155
1.0,0.0,0.0,0.0,1.0,0.5991,0.0,0.3713,10.554,25.23558175,55.3007748
1.0,0.3693,0.3693,1.0,0.7502,0.6541,0.3082,0.6358714285714286,35.23,25.23564465554426,55.30009514675258
1.0,0.0,0.0,0.1494,0.894,0.285,0.0,0.33262857142857144,11.681,25.23565945,55.3002879
1.0,0.0,0.0,1.0,1.0,1.0,0.0,0.5714285714285714,4.374,25.23560435,55.3002798
1.0,0.0,0.0,0.4581,0.9809,0.4433,0.0,0.4117571428571428,11.373,25.23564835,55.30023885
1.0,0.0,0.0,0.1693,1.0,1.0,0.3967,0.5094285714285715,9.979,25.2355032,55.3006192
1.0,1.0,0.0,0.0,0.0,0.0,0.0,0.2857142857142857,5.878,25.23472355,55.29486095
0.9515,0.1139,0.0512,0.0323,0.031,0.0295,0.0324,0.17739999999999997,394.878,25.2363480060448,55.29456868342355
0.9733,0.4273,0.1618,0.0203,0.0645,0.0852,0.0958,0.26117142857142855,388.878,25.23633455950164,55.29461208317899
1.0,0.0,0.0,0.0,0.0,0.0,0.0,0.14285714285714285,5.432,25.23772185,55.29533565
1.0,0.5516,0.5537,0.5904,0.5684,0.5505,0.5516,0.6237428571428572,26.869,25.23764937760217,55.2954596880707
1.0,0.9272,0.8591,0.0723,0.4577,0.5883,0.5508,0.6364857142857142,20.894,25.2377340974166,55.29563823065007
1.0,0.0,0.0,0.0,0.0,0.0,0.0,0.14285714285714285,5.787,25.2378485,55.29565645000001
1.0,0.0,0.0,0.0,0.0,0.0,0.0,0.14285714285714285,35.947,25.23786334078541,55.295834667461556
1.0,0.0,0.0,0.0,0.0,0.0,0.0,0.14285714285714285,35.393,25.237911803913583,55.29582208636906
1.0,0.0,0.0,0.0,0.0,0.0,0.0,0.14285714285714285,6.326,25.2361234,55.30048685
1.0,0.0,0.0,0.0,0.0,0.0,0.0,0.14285714285714285,12.84,25.23605312176143,55.30043174389996
1.0,0.0,0.0,0.0,0.0,0.0,0.0,0.14285714285714285,7.637,25.2357285,55.300206
1.0,0.0,0.0,0.0,0.0,0.0,0.0,0.14285714285714285,6.817,25.2357689,55.30022545
1.0,0.0,0.0,0.0,0.0,0.0,0.0,0.14285714285714285,7.581,25.23574385,55.3002664
1.0,0.0,0.0,0.0,0.0,0.0,0.0,0.14285714285714285,5.804,25.23570345,55.30024695
1.0,0.0,0.0,0.0,1.0,0.5829,0.0,0.3689857142857143,7.867,25.2355954,55.30065995
1.0,0.0,0.0,0.0,1.0,1.0,0.0,0.42857142857142855,6.539,25.23554955,55.3006456
1.0,0.0,0.0,0.0,1.0,1.0,0.0,0.42857142857142855,7.659,25.23554105,55.30069625
1.0,0.0,0.0,0.0,1.0,0.6322,0.0,0.37602857142857143,7.584,25.2355869,55.3007106
1.0,0.0,0.0,0.0,0.0,0.0,0.0,0.14285714285714285,4.949,25.23792865,55.29615435
1.0,0.0,0.0,0.0,0.0,0.0,0.0,0.14285714285714285,16.148,25.23794525151235,55.2960749706724
1.0,0.0,0.0,0.0,0.0,0.0,0.0,0.14285714285714285,14.568,25.23790075,55.29608165
0.9316,0.1077,0.0087,0.0,0.0,0.1088,0.3155,0.2103285714285714,30.227,25.237841520404032,55.29608943986015
1.0,0.0,0.0,0.0,0.0,0.0,0.0,0.14285714285714285,4.985,25.23791655,55.2960023
1.0,0.0,0.0,0.0,0.5,0.0,0.0,0.21428571428571427,3.107,25.23564865,55.30087375
1.0,0.0,0.0,0.0,1.0,0.5152,0.0,0.35931428571428575,16.531,25.23556971710518,55.3009132719035
1.0,0.0,0.0,0.0,0.0,0.0,0.1287,0.16124285714285716,24.245,25.2416027,55.3063633
1.0,0.0,0.0,0.0,0.0,0.0,0.4339,0.20484285714285713,19.231,25.248966240534802,55.29311821503388
1.0,0.8737,0.6648,0.0,0.0,0.0,1.0,0.5055,32.806,25.25421415,55.2973734
1.0,1.0,1.0,0.0,1.0,1.0,0.0118,0.7159714285714286,29.453,25.2522794,55.292213
1.0,1.0,1.0,0.0,0.0,1.0,1.0,0.7142857142857143,2.988,25.2521218,55.2925452
1.0,0.7991,0.7607,0.0,0.367,1.0,1.0,0.7038285714285715,23.165,25.25216184500603,55.292438530049075
1.0,0.7975,0.9307,0.0,0.0308,1.0,0.6875,0.6352142857142857,23.38,25.252183106361528,55.29244987225099
1.0,0.3249,0.0552,0.0,0.0,0.3686,0.528,0.3252428571428571,62.935,25.25378512838205,55.29507701401071
1.0,0.9556,0.2863,0.0,0.0,0.0,0.0,0.3202714285714286,12.702,25.24123195,55.29096705
1.0,0.134,0.0,0.0,0.0,0.0,0.0,0.16199999999999998,39.817,25.24110420228837,55.291114406185876
1.0,0.3096,0.0,0.0,0.0,0.0,0.0,0.1870857142857143,8.149,25.24208575,55.2920081
1.0,1.0,0.129,0.0,0.0,0.0,0.0,0.30414285714285716,5.229,25.24205545,55.29206555
1.0,0.228,0.0,0.0,0.0,0.0,0.0,0.17542857142857143,70.76,25.241803989027595,55.29215367347101
1.0,0.0,0.0,0.0,0.0,0.0,0.0,0.14285714285714285,32.323,25.24223345,55.2920466
1.0,0.0,0.0,0.0,0.0,0.0,0.0,0.14285714285714285,37.4,25.241984352854786,55.291847358069646
1.0,0.0,0.0,0.0,0.0,0.0,0.0,0.14285714285714285,183.367,25.241161117523017,55.29316361212001
1.0,0.0,0.0,0.0,0.0,0.0,0.9545,0.2792142857142857,3.573,25.240624,55.29515495
1.0,0.0,0.0,0.0,0.0,0.0,0.711,0.2444285714285714,33.669,25.240542370792795,55.29504636523874
1.0,0.0,0.0,0.0,0.0,0.0,0.7544,0.2506285714285714,28.657,25.240568277262454,55.29502588225516
1.0,0.0,0.0,0.0,0.0,0.0,0.3423,0.19175714285714288,32.604,25.240628376012165,55.2953158389103
1.0,0.0,0.0,0.0,0.0,0.0,0.0,0.14285714285714285,2.157,25.2404958,55.29490715
1.0,0.0,0.0,0.0,0.0,0.385,0.7037,0.2983857142857143,8.469,25.24054296568572,55.294899878070595
1.0,0.0,0.0,0.0,0.0,0.0,0.2853,0.1836142857142857,12.044,25.240651354318512,55.295443077536646
1.0,0.0,0.0,0.0,0.0154,0.2956,1.0,0.3301428571428571,27.048,25.24060975,55.29502035
1.0,0.0,0.0,0.0,0.0,0.0,1.0,0.2857142857142857,27.858,25.24067035,55.29528495
1.0,0.0,0.0,0.0,0.0,0.0,0.0,0.14285714285714285,78.491,25.24174455,55.29203515
1.0,0.0,0.0,0.0,0.0,0.0,0.0,0.14285714285714285,132.678,25.242181931427446,55.29110423844748
1.0,0.0,0.0,0.0,0.0,0.0,0.0,0.14285714285714285,5.437,25.245357,55.2931268
0.3559,0.0,0.0,0.0,0.0,0.0,0.0,0.05084285714285714,5.761,25.24509,55.29171835
1.0,0.0,0.0,0.0,0.0,0.0,0.0,0.14285714285714285,14.417,25.2449333,55.29175345
1.0,0.0,0.0,0.0,0.0,0.0,0.0,0.14285714285714285,16.698,25.244991098332367,55.2917083118403
1.0,0.0,0.0,0.0,0.0,0.0,0.0,0.14285714285714285,16.543,25.24500330399382,55.29177125258111
0.0,0.0,0.0,0.0,0.0,0.0,0.0,0.0,8.435,25.2452467,55.29076885
0.9537,0.0,0.0,0.0,0.0,0.0,0.0,0.13624285714285714,21.632,25.24461195,55.2925691
1.0,0.7723,0.0721,0.0,0.0,0.0,0.0,0.26348571428571427,21.291,25.24110495756079,55.29127171225543
0.9378,0.3712,0.3437,0.0,0.0,0.0,0.2626,0.2736142857142857,101.767,25.24558928302267,55.29428232006883
1.0,0.0,0.0,0.0,0.0,0.0,0.0,0.14285714285714285,31.853,25.241935543339874,55.29019943872264
1.0,0.0,0.0,0.0,0.0,0.0,0.0,0.14285714285714285,3.353,25.241851,55.29029945
0.97,0.0,0.0,0.0,0.0,0.0,0.0,0.13857142857142857,94.414,25.24235615,55.2902917
1.0,0.0,0.0,0.0,0.0,0.0,0.0,0.14285714285714285,5.81,25.24273865,55.2905139
1.0,0.0,0.0,0.0,0.0,0.0,0.0,0.14285714285714285,37.847,25.24260969199328,55.2905895991692
1.0,0.0001,0.0001,0.0001,0.2497,0.7947,1.0,0.4349571428571428,14.283,25.2443181,55.29981945
1.0,0.0059,0.0059,0.0059,0.7788,1.0,1.0,0.5423571428571429,10.176,25.249572121216136,55.31033350538502
1.0,0.0,0.0,0.0,0.0,1.0,1.0,0.42857142857142855,2.677,25.2495713,55.31038575
1.0,0.0,0.0,0.0,0.7833,1.0,1.0,0.5404714285714286,10.048,25.24959794388395,55.310342198044246
1.0,1.0,1.0,0.0145,0.0002,0.2345,0.0002,0.4642,5.722,25.24621615,55.3111338
1.0,0.3209,0.1366,0.0,0.0,1.0,0.0774,0.3621285714285714,11.22,25.24616525,55.31116265
0.6951,0.0,0.0,0.0,0.1473,0.3047,0.5376,0.24067142857142856,21.703,25.24615325,55.3113605
1.0,0.8312,0.7121,0.0683,1.0,1.0,1.0,0.8016571428571427,94.457,25.2465482,55.31156955
1.0,0.0,0.0,0.0,0.2846,0.6164,0.4643,0.3379,11.341,25.246175735560392,55.31124238935225
1.0,1.0,0.8909,0.0,0.0,0.0,0.0,0.41298571428571434,8.336,25.251952758953024,55.29856393486399
1.0,1.0,0.0,0.0,0.0,0.0,0.0,0.2857142857142857,29.743,25.2518539,55.2986734
1.0,1.0,0.1746,0.0,0.0,0.0,0.0,0.31065714285714285,7.69,25.2516301663137,55.299189772145255
1.0,1.0,0.3727,0.0,0.0,0.0,0.0,0.33895714285714285,21.592,25.2516472,55.2990786
1.0,1.0,0.0,0.0,0.0,0.0,0.0,0.2857142857142857,5.023,25.2515884,55.29919385
1.0,1.0,1.0,0.0,0.0,0.0,0.0,0.42857142857142855,6.987,25.2517213416487,55.29900386184927
1.0,1.0,1.0,0.0,0.0,0.0,0.0,0.42857142857142855,4.945,25.25170585,55.2989637
1.0,1.0,0.3714,0.0,0.0,0.0,0.0,0.33877142857142856,8.886,25.251823387761466,55.298823120858366
1.0,1.0,0.2446,0.0,0.0,0.0,0.0,0.32065714285714286,8.197,25.2517701,55.2988377
1.0,1.0,0.9486,0.0,0.0,0.0,0.0269,0.42507142857142854,8.682,25.25161109022143,55.29923721534861
1.0,1.0,1.0,0.0,0.0,0.0,0.0,0.42857142857142855,7.976,25.2517344,55.29890775
1.0,1.0,1.0,0.0,0.0,0.0,0.0181,0.43115714285714285,9.811,25.251790138352916,55.298897718208295
1.0,1.0,1.0,0.2679,0.0,0.0,0.0,0.46684285714285717,9.568,25.25175404240907,55.29896611192848
1.0,0.0,0.0,0.0,0.0,0.0,1.0,0.2857142857142857,4.744,25.25108525,55.298366
1.0,0.0,0.0,0.0,0.0,0.5759,0.9153,0.3558857142857143,43.526,25.250925356047624,55.298239140308965
1.0,0.0,0.0,0.0,0.0,0.0,1.0,0.2857142857142857,4.789,25.2504699,55.29798215
1.0,0.0,0.0,0.0,0.0,0.0,0.2438,0.17768571428571428,35.069,25.2506176,55.29804705
1.0,0.0,0.0,0.0,0.0,0.1979,0.526,0.24627142857142856,78.531,25.250767077013514,55.29819478685742
1.0,0.6854,0.0,0.0,0.0,0.0,1.0,0.38362857142857143,20.333,25.23815935,55.301416
1.0,0.0,0.0,0.0,0.0,1.0,1.0,0.42857142857142855,4.729,25.24769955,55.31067155
1.0,0.0,0.0,0.0,0.6061,1.0,1.0,0.5151571428571429,14.019,25.24769565,55.31059785
1.0,0.0,0.0,0.0,0.6059,1.0,1.0,0.5151285714285715,14.047,25.247734,55.3106099
1.0,0.0,0.0,0.0,0.0,0.9136,0.8708,0.39777142857142855,68.649,25.24801685,55.3107716
1.0,1.0,1.0,0.0,0.0,1.0,1.0,0.7142857142857143,4.612,25.23887775,55.29951005
1.0,0.0,0.0,0.0,0.0,0.0,0.0,0.14285714285714285,6.606,25.2507403,55.2981614
1.0,0.8943,0.8083,0.7658,0.8566,0.9067,0.9067,0.8769142857142856,24.848,25.24130325,55.29114715
1.0,0.1488,0.0,0.0,0.0,1.0,1.0,0.4498285714285714,16.563,25.2413157,55.29129205
1.0,1.0,0.0,0.0,0.0,0.802,0.9072,0.5298857142857143,9.126,25.2412124,55.2912349
1.0,1.0,1.0,0.0,0.0,0.0,0.0,0.42857142857142855,9.369,25.2413201,55.29101745
1.0,0.8062,0.8433,0.0,0.0,0.0,0.0,0.3785,18.723,25.2414319,55.29108245
1.0,0.0,0.0,0.0,0.0,0.3359,0.6988,0.2906714285714286,22.652,25.24138334385079,55.291437506109794
1.0,0.664,0.664,0.6717,0.8432,0.8616,0.8526,0.7938714285714286,24.9,25.24143748253359,55.29122266811161
1.0,0.9232,0.7963,0.7603,0.7227,0.7315,0.7513,0.8121857142857142,25.022,25.24122925,55.2911052
1.0,0.0,0.0,0.0,0.0,0.0,0.0,0.14285714285714285,53.932,25.24150947611094,55.291308678159275
1.0,0.0,0.0,0.0,0.0,0.0,0.0,0.14285714285714285,14.14,25.241562285545086,55.29109403348873
1.0,0.0,0.0,0.0,0.0,0.0,0.0,0.14285714285714285,70.42,25.24177775,55.29076625
1.0,0.0,0.0,0.0,0.0,0.0,0.0,0.14285714285714285,18.897,25.24197705,55.2903808
1.0,0.0,0.0,0.0,0.0,0.0,0.0,0.14285714285714285,17.54,25.24194276087436,55.29030863315205
1.0,0.0,0.0,0.0,0.0,0.0,0.0,0.14285714285714285,17.552,25.241906348240086,55.290380936559714
0.7506,0.0,0.0,0.0,0.0,0.8719,1.0,0.37464285714285717,100.974,25.2466255,55.3121246
0.5054,0.0,0.0,0.0,0.0,0.0939,1.0,0.22847142857142858,151.457,25.246496834589685,55.312286036146226
1.0,0.0,0.1357,0.0,0.0,0.0,0.0,0.16224285714285713,36.98,25.245025819021635,55.30758808226191
1.0,0.0,0.0,0.0,0.0,0.0,1.0,0.2857142857142857,43.765,25.2533551,55.2965734
1.0,0.0,0.0,0.0,0.0,0.1669,0.9675,0.30491428571428575,71.462,25.253450449208483,55.296630071508034
1.0,0.0,0.0,0.0,0.0,0.0164,1.0,0.28805714285714284,59.599,25.253216036654287,55.29654690467449
1.0,0.0,0.0,0.0,0.0,0.6453,1.0,0.37789999999999996,17.177,25.25338715,55.296341
1.0,0.0,0.0,0.0,0.0,1.0,1.0,0.42857142857142855,14.9,25.25335425,55.29623285
0.0,0.0,0.0,0.0,0.0,1.0,0.1968,0.17097142857142858,14.814,25.2544262,55.2944744
0.3112,0.0,0.0,0.0,0.0,0.2062,0.8222,0.19137142857142855,68.653,25.254499713257296,55.29476216024656
0.0,0.0,0.0,0.0,0.0,0.0009,0.8585,0.12277142857142857,63.236,25.25471365,55.29455585
0.0,0.0,0.0,0.0,0.0,0.0176,0.8185,0.11944285714285714,78.049,25.25471282146216,55.29445699725619
0.0,0.0,0.0,0.0,0.0,0.0,1.0,0.14285714285714285,17.944,25.25471135,55.29502355
1.0,0.053,0.0,0.0,0.8257,1.0,1.0,0.5540999999999999,30.697,25.2415896,55.3006865
1.0,0.0,0.0,0.0,0.7017,0.7978,0.9711,0.49579999999999996,36.24,25.241324,55.30052995
1.0,0.0,0.0,0.0,0.0,0.0,0.0,0.14285714285714285,19.318,25.23272865,55.2922564
1.0,0.0,0.0,0.0,0.0,0.0,0.0,0.14285714285714285,62.63,25.2326632,55.29257145
0.8759,0.0,0.0,0.0,0.0,0.0,0.0,0.12512857142857142,11.754,25.23218659826846,55.292911811572715
0.9281,0.0,0.0,0.0,0.0,0.0,0.7619,0.2414285714285714,68.269,25.23465962520723,55.30316081781417
1.0,0.0,0.0,0.0,0.0,0.0,0.4577,0.20824285714285715,27.804,25.2345264,55.3033797
0.618,0.2025,0.1686,0.1002,0.1124,0.1413,0.1779,0.21727142857142856,78.462,25.23417583725141,55.30304592643074
0.4751,0.0147,0.0014,0.0,0.0,0.0,0.1302,0.08877142857142858,250.563,25.234810216464126,55.30299166343139
1.0,0.0,0.0,0.0,0.0,0.0,0.0,0.14285714285714285,32.433,25.234720091049432,55.303938933967366
0.3906,0.0109,0.0054,0.0,0.0,0.0,0.1356,0.0775,179.16,25.234114262927726,55.30343987086849
1.0,1.0,1.0,0.0,0.0,0.0,0.0,0.42857142857142855,38.175,25.239964596233854,55.295972287427716
1.0,0.5511,0.0,0.0,0.0,0.0,1.0,0.3644428571428571,54.037,25.24704338402186,55.30258694205219
1.0,1.0,0.4667,0.4549,1.0,1.0,1.0,0.8459428571428571,47.891,25.2367404,55.30259445
1.0,1.0,0.0,0.0,0.9901,1.0,1.0,0.7128714285714286,38.466,25.23655235,55.30297
1.0,1.0,0.0,0.0,0.2792,0.9826,1.0,0.6088285714285714,9.617,25.23667565,55.3028279
1.0,0.0,0.0,0.0,0.0,0.0,0.0,0.14285714285714285,4.376,25.2475652,55.30494425
1.0,0.3253,0.4564,0.0,0.0,0.0,0.5939,0.33937142857142855,22.135,25.247474711906296,55.30489460424555
1.0,0.407,0.5146,0.0,0.0,0.0,0.4506,0.3388857142857143,22.38,25.24746604444112,55.30492446826983
1.0,0.645,0.0,0.0,0.0,0.0,0.0,0.23500000000000001,5.22,25.2488868,55.3050186
1.0,0.0436,0.0,0.0,0.0,0.1432,0.5627,0.24992857142857144,39.613,25.24871944118264,55.30495073208344
1.0,0.0368,0.0,0.0,0.0,0.143,0.562,0.24882857142857143,39.565,25.248711104100188,55.30498282729621
1.0,0.0,0.0,0.0,0.0,0.0,0.0,0.14285714285714285,5.557,25.24745045,55.305397
1.0,0.0,0.0,0.0,0.0,0.0,0.6289,0.2327,30.214,25.247586188531074,55.30541831421243
1.0,0.7938,0.4841,0.0,0.0,0.374,0.6881,0.47714285714285715,65.649,25.247996109766717,55.30556171785264
1.0,0.1891,0.0,0.0,0.0,0.0,0.6302,0.2599,30.273,25.247577149932358,55.305452369017935
1.0,0.6256,0.4889,0.0,0.0,0.4304,0.7219,0.46668571428571426,76.23,25.24821504062865,55.30481022905518
1.0,0.6019,0.0,0.0,0.0,0.5304,0.8583,0.4272285714285714,67.744,25.2483947,55.30402705
1.0,0.0,0.0,0.0,0.0,0.8932,0.7217,0.37355714285714287,26.168,25.247624652407453,55.30422647379676
1.0,0.5616,0.0,0.0,0.0,0.0,0.0,0.22308571428571428,5.073,25.2486962,55.3057774
1.0,0.5593,0.0,0.0,0.0,0.29,0.6355,0.35497142857142855,48.117,25.248492552368244,55.305695686667335
1.0,0.5711,0.4646,0.0,0.0,0.2895,0.6344,0.42279999999999995,48.09,25.24848385782845,55.305729074445466
1.0,0.0,0.0,0.0,0.0,0.0,1.0,0.2857142857142857,5.063,25.2490825,55.30423975000001
1.0,0.607,0.0,0.0,0.0,0.0,0.9256,0.3618,45.646,25.248880834080342,55.30419441430505
1.0,0.542,0.0,0.0,0.0,0.0,0.9509,0.35612857142857146,45.673,25.248889407362366,55.304161472378155
1.0,0.0,0.0,0.0,0.0,0.0,1.0,0.2857142857142857,15.616,25.24910738390605,55.30414069594827
1.0,0.0,0.0,0.0,0.0,0.0,1.0,0.2857142857142857,13.763,25.24999498485349,55.30389716985263
1.0,0.0,0.0,0.0,0.0,0.0,0.0,0.14285714285714285,4.138,25.25001845,55.3048635
1.0,0.0,0.0,0.0,0.0,0.0,0.0,0.14285714285714285,26.223,25.250124506529364,55.30492691253562
1.0,0.0,0.0,0.0,0.0,0.0,0.0,0.14285714285714285,10.969,25.249969148219982,55.30485903309382
1.0,0.0,0.0,0.0,0.0,0.0,0.0,0.14285714285714285,10.874,25.24997513589338,55.30483638867027
1.0,0.0,0.0,0.0,0.0,0.0,0.0,0.14285714285714285,26.132,25.25013731444375,55.30487589148104
1.0,1.0,0.0,0.0,0.0,0.0,1.0,0.42857142857142855,1.825,25.2499472,55.30792435
1.0,1.0,1.0,1.0,1.0,1.0,1.0,1.0,4.196,25.25025205,55.30623725
1.0,1.0,0.0,0.0,0.0,0.0,0.0,0.2857142857142857,6.55,25.2498594,55.3064796
1.0,0.8372,0.0,0.0,0.0,0.0,0.0,0.2624571428571429,63.049,25.249776265382593,55.30681317898805
1.0,0.7533,0.6321,0.0287,0.0,0.6042,0.5067,0.5035714285714286,38.51,25.24968548574325,55.306455706018134
1.0,0.6877,0.5913,0.0,0.0,0.6195,0.5078,0.4866142857142857,38.692,25.249696464750983,55.306412588573124
1.0,0.0,0.0,0.0,0.0,0.0,0.0,0.14285714285714285,6.553,25.25005055,55.305713
1.0,0.6348,0.6046,0.2652,0.2696,0.6165,0.5142,0.5578428571428571,38.034,25.249890550551633,55.30564672164239
1.0,0.6729,0.6446,0.2709,0.2805,0.6046,0.5463,0.5742571428571429,37.849,25.249879549596358,55.30568964497588
1.0,0.0,0.0,0.0,0.0,0.0,0.0,0.14285714285714285,6.54,25.2502434,55.30493925
1.0,0.0,0.0,0.0,0.0,0.0,0.0,0.14285714285714285,9.693,25.2502628,55.30486145
1.0,0.0,0.0,0.0,0.0,0.0,0.0,0.14285714285714285,6.554,25.2511493,55.30649425
1.0,1.0,0.0,0.0,0.0,0.0,0.0,0.2857142857142857,6.541,25.25093325,55.3073769
1.0,1.0,0.0,0.0,0.0,0.0,0.0,0.2857142857142857,8.149,25.250916,55.3074474
1.0,1.0,0.9361,0.0,0.175,0.0712,0.9091,0.5844857142857143,51.247,25.24058140507651,55.29704815147931
1.0,1.0,1.0,0.0,0.6028,0.0,0.7951,0.6282714285714286,21.429,25.2405012,55.297169
1.0,0.0298,0.0,0.0,0.0,0.0,0.0,0.14711428571428573,21.734,25.2380374,55.30491265
1.0,0.0,0.0,0.0,0.0,0.6495,1.0,0.37849999999999995,4.0,25.24425695,55.30068095
1.0,1.0,0.0,0.0,0.0,0.0,0.0,0.2857142857142857,3.95,25.2445928,55.30033195
1.0,0.0,0.0,0.0,0.0,0.0,0.0,0.14285714285714285,6.959,25.2465007,55.31029365
1.0,1.0,0.8584,0.0,0.0,0.0,0.0,0.4083428571428572,7.854,25.24872325,55.3111693
1.0,0.493,0.0,0.0,0.0,0.3937,0.3136,0.3143285714285714,58.073,25.24855247257303,55.31096939452677
1.0,0.5094,0.0933,0.0,0.0,0.4073,0.3235,0.33335714285714285,56.009,25.248530388029007,55.31100012750623
1.0,0.0,0.0,0.0,0.0,0.0,1.0,0.2857142857142857,20.391,25.24922518702209,55.29884437595785
1.0,0.0,0.0,0.0,0.9659,1.0,1.0,0.5665571428571429,4.322,25.2513103,55.2947084
1.0,1.0,1.0,0.0,0.2049,1.0,1.0,0.7435571428571429,5.038,25.25193885,55.29509835
1.0,0.0,0.0,0.0,0.0,0.0,1.0,0.2857142857142857,3.853,25.2379247,55.291238
1.0,0.0,0.0,0.0,0.0,0.0,0.5565,0.22235714285714286,9.65,25.2379542,55.29127705000001
1.0,0.0,0.0,0.0,0.0,0.0,0.4578,0.20825714285714286,9.613,25.23797215,55.2912429
1.0,0.0,0.0,0.0,0.0,0.0,0.0,0.14285714285714285,4.092,25.23800165,55.29128195
1.0,0.0,0.0,0.0,0.0,0.0,0.0,0.14285714285714285,11.734,25.23796625,55.2913502
1.0,0.0,0.0,0.0,0.0,0.0,0.0,0.14285714285714285,73.959,25.2381763,55.2909454
1.0,0.0,0.0,0.0,0.0,0.0,0.0,0.14285714285714285,4.534,25.23835195,55.29060695
1.0,1.0,0.0,0.0,0.0,0.0,1.0,0.42857142857142855,4.036,25.2377136,55.30834215000001
1.0,0.9542,0.0,0.0,0.0,0.0,1.0,0.4220285714285715,47.861,25.23772105,55.3080843
1.0,0.4503,0.0,0.0,0.0,0.0,1.0,0.35004285714285716,4.584,25.2376857,55.30913125
1.0,0.0531,0.0,0.0,0.0,0.0,1.0,0.29329999999999995,29.313,25.237709707327372,55.30898680116641
1.0,0.0,0.0,0.0,0.0,0.0,1.0,0.2857142857142857,29.254,25.23767874621337,55.30898592905217
1.0,1.0,0.6799,0.0,0.0,0.2577,1.0,0.5625142857142856,9.451,25.25124365,55.3039355
1.0,1.0,0.0713,0.0,0.0091,0.9846,1.0,0.5807142857142856,83.973,25.25139165,55.3035499
1.0,1.0,0.0,0.0,0.0,0.7738,1.0,0.5391142857142858,37.318,25.2518003,55.30526405
1.0,0.6004,0.1656,0.1226,0.6662,0.8356,1.0,0.6272,89.212,25.25213665,55.30496015
1.0,0.0,0.0,0.0,0.0,1.0,1.0,0.42857142857142855,20.04,25.25240475,55.3046152
1.0,0.7182,0.77,0.0,0.0,0.783,0.8366,0.5868285714285715,36.426,25.25218034762769,55.30448385405145
1.0,0.8926,0.6936,0.0,0.3914,0.9042,1.0,0.6974,88.899,25.251615,55.3046529
1.0,0.8299,0.3855,0.0,0.7512,0.9037,0.889,0.6799,89.031,25.251844,55.30478775000001
1.0,0.3769,0.0,0.0,0.0,0.7887,0.9678,0.44762857142857143,36.489,25.2526294,55.3047467
1.0,0.8175,0.3517,0.0,0.0,0.7171,0.5871,0.4962,80.78,25.25266525,55.3043135
1.0,0.0861,0.0,0.0,0.0,0.8983,1.0,0.42634285714285713,34.927,25.2529132,55.30491285000001
1.0,0.8394,0.3623,0.0,0.3,0.9856,1.0,0.641042857142857,80.589,25.25322675,55.3046431
1.0,0.9637,0.0,0.0,0.0,1.0,1.0,0.5662428571428572,35.113,25.2532626,55.3042091
1.0,0.8929,0.756,0.0,0.3659,0.9859,1.0,0.7143857142857143,80.887,25.25294905,55.30447885
1.0,0.0,0.0,0.1425,0.1214,0.0,1.0,0.3234142857142857,6.04,25.23581665,55.3096155
1.0,0.8509,0.7874,0.0251,0.7255,0.8492,0.9194,0.7367857142857144,88.6,25.25110515,55.30435265
