{
"type": "FeatureCollection",
"name": "shadows_08",
"crs": { "type": "name", "properties": { "name": "urn:ogc:def:crs:OGC:1.3:CRS84" } },
"features": [
{ "type": "Feature", "properties": { }, "geometry": { "type": "MultiPolygon", "coordinates": [ [ [ [ 55.32023227461486, 25.248677897889731 ], [ 55.319490574456658, 25.249245297624942 ], [ 55.31993357421554, 25.249719097766675 ], [ 55.3199846, 25.249729 ], [ 55.3207264, 25.2491616 ], [ 55.3202833, 25.2486878 ], [ 55.32023227461486, 25.248677897889731 ] ] ], [ [ [ 55.319512837477895, 25.243198472929024 ], [ 55.319564179070802, 25.243147131360036 ], [ 55.319543049630539, 25.243208712164375 ], [ 55.319392776959674, 25.243207397713544 ], [ 55.319392776940148, 25.243254697712594 ], [ 55.319523873519188, 25.243264600017202 ], [ 55.319504796932463, 25.243320197751618 ], [ 55.319256019247042, 25.243290541903431 ], [ 55.319259819045854, 25.24342884189819 ], [ 55.319455760359794, 25.243463112061136 ], [ 55.319398134651614, 25.243631058424647 ], [ 55.318929318974661, 25.243560241493892 ], [ 55.318921318681042, 25.243765441469808 ], [ 55.3190999, 25.2438001 ], [ 55.319341050832392, 25.243797424961581 ], [ 55.31931731604427, 25.243866598078444 ], [ 55.319259345455372, 25.243866598060968 ], [ 55.319291032070169, 25.243943200485589 ], [ 55.319239617956697, 25.244187641820371 ], [ 55.319386713379366, 25.244245629679032 ], [ 55.319386417583488, 25.244409441980139 ], [ 55.3197071, 25.2444444 ], [ 55.319707230483942, 25.244371983031442 ], [ 55.319976017272815, 25.24447794268001 ], [ 55.3201546, 25.2445126 ], [ 55.3203945, 25.244486 ], [ 55.3204542, 25.2444381 ], [ 55.3205099, 25.2440691 ], [ 55.3204238, 25.2431806 ], [ 55.3203784, 25.2431185 ], [ 55.320031519341235, 25.243032642848522 ], [ 55.319881419395124, 25.243032642669132 ], [ 55.319576694242386, 25.243134616184609 ], [ 55.319602669006308, 25.243018809872197 ], [ 55.319557753242101, 25.24297389410799 ], [ 55.319430504888409, 25.242966632442585 ], [ 55.319386982136301, 25.243010155173987 ], [ 55.319046077076443, 25.243010697599129 ], [ 55.319046077055845, 25.243060597598117 ], [ 55.319107077047363, 25.243070500001718 ], [ 55.319107077000055, 25.243181734577867 ], [ 55.318784077029264, 25.243190097506041 ], [ 55.318784276999153, 25.243262997504633 ], [ 55.3190728, 25.2432724 ], [ 55.319072709530516, 25.243239468995949 ], [ 55.3192326, 25.243275 ], [ 55.3193815, 25.2432702 ], [ 55.3193813, 25.2432162 ], [ 55.319303550473151, 25.243201110733846 ], [ 55.319512837477895, 25.243198472929024 ] ], [ [ 55.31937826709995, 25.243688960982787 ], [ 55.31936247841071, 25.243734975942893 ], [ 55.319144224494082, 25.243732379621726 ], [ 55.319146589506992, 25.243672465967666 ], [ 55.31937826709995, 25.243688960982787 ] ] ], [ [ [ 55.31928572262904, 25.240942342105019 ], [ 55.319234322647638, 25.240942242043598 ], [ 55.319232521741, 25.241570241997024 ], [ 55.3194625, 25.2416051 ], [ 55.319463335507827, 25.241313563712541 ], [ 55.319568037014783, 25.241332088989338 ], [ 55.319493077696059, 25.241398597784336 ], [ 55.319493677596853, 25.241638797779697 ], [ 55.3195447, 25.2416487 ], [ 55.3202088, 25.2416819 ], [ 55.3204386, 25.241478 ], [ 55.320211, 25.2412742 ], [ 55.319862177733533, 25.241216097914062 ], [ 55.319606118829206, 25.241317071901793 ], [ 55.3196084, 25.2412466 ], [ 55.319463629532436, 25.241210964884047 ], [ 55.3198181, 25.2412322 ], [ 55.3198182, 25.2411883 ], [ 55.319463794416066, 25.241153428442551 ], [ 55.319463944356606, 25.241101105858583 ], [ 55.3198202, 25.2411207 ], [ 55.3198206, 25.2410772 ], [ 55.319594871071679, 25.241042169694552 ], [ 55.3195931, 25.2409745 ], [ 55.31928572262904, 25.240942342105019 ] ] ], [ [ [ 55.3204585, 25.2340014 ], [ 55.32007585517109, 25.23392713642663 ], [ 55.319905355222993, 25.233952735986243 ], [ 55.319609954495789, 25.234261135183218 ], [ 55.319592953970087, 25.234435235113306 ], [ 55.3199756, 25.2345095 ], [ 55.3203825, 25.2345444 ], [ 55.3205179, 25.2344295 ], [ 55.3204585, 25.2340014 ] ] ], [ [ [ 55.319853041634666, 25.238356135185146 ], [ 55.3202357, 25.2384304 ], [ 55.3203376, 25.2380924 ], [ 55.319154311555025, 25.237812658732054 ], [ 55.3191613, 25.2377877 ], [ 55.318934427378373, 25.237741941911619 ], [ 55.318928291691115, 25.237763942618763 ], [ 55.318895027370566, 25.237757141863462 ], [ 55.318876927300792, 25.237809941838108 ], [ 55.318989352783987, 25.237832926745096 ], [ 55.318928527261896, 25.237824041898765 ], [ 55.318859826963589, 25.238047641800843 ], [ 55.318920870249734, 25.238060079424226 ], [ 55.318902343092176, 25.238121532786334 ], [ 55.319853041634666, 25.238356135185146 ] ], [ [ 55.319148228236024, 25.237811478063051 ], [ 55.31909730751557, 25.237801595204573 ], [ 55.319097424531726, 25.237801253853412 ], [ 55.319148228236024, 25.237811478063051 ] ] ], [ [ [ 55.31900175785966, 25.232639967603244 ], [ 55.319095721545985, 25.232642870602575 ], [ 55.319165858630072, 25.233035534232009 ], [ 55.3195485, 25.2331098 ], [ 55.3198196, 25.233069 ], [ 55.319827165273381, 25.23300049809848 ], [ 55.3201801, 25.2330471 ], [ 55.3203018, 25.2329103 ], [ 55.3202936, 25.2327378 ], [ 55.3202518, 25.2326409 ], [ 55.3201811, 25.232593 ], [ 55.319798459742742, 25.23251873592984 ], [ 55.319527359888731, 25.232538935232743 ], [ 55.319503212466266, 25.232561657695513 ], [ 55.319333174421587, 25.232551143032754 ], [ 55.319316168216886, 25.232505220347313 ], [ 55.319181420928871, 25.232505220331987 ], [ 55.319108595600454, 25.232579195635971 ], [ 55.319108595600035, 25.2325534368122 ], [ 55.319001757872016, 25.232550136075432 ], [ 55.31900175785966, 25.232639967603244 ] ] ], [ [ [ 55.3185158, 25.2478583 ], [ 55.3185789, 25.2478584 ], [ 55.318579047868973, 25.24778557478183 ], [ 55.3187943, 25.2478406 ], [ 55.318867488526564, 25.247826687539845 ], [ 55.318921912701676, 25.247903041177814 ], [ 55.319168, 25.2479697 ], [ 55.319751690369301, 25.247482946126176 ], [ 55.319793025378793, 25.247525993340602 ], [ 55.3199461, 25.2475557 ], [ 55.3200193, 25.2474982 ], [ 55.3199687, 25.2474454 ], [ 55.319829181232699, 25.247418324089203 ], [ 55.3199267, 25.247337 ], [ 55.319925662477836, 25.247253005515059 ], [ 55.3200256, 25.2472724 ], [ 55.3200843, 25.2472242 ], [ 55.3200454, 25.2471838 ], [ 55.319924391805955, 25.24715013621001 ], [ 55.3200215, 25.2471707 ], [ 55.3200618, 25.2471374 ], [ 55.3200117, 25.2470795 ], [ 55.319923307392514, 25.247062345966601 ], [ 55.3199221, 25.2469646 ], [ 55.3198903, 25.2469317 ], [ 55.319711713871918, 25.246897042193051 ], [ 55.319465013949817, 25.246904441897637 ], [ 55.318978198857394, 25.24700037886284 ], [ 55.318921375450017, 25.246981097476294 ], [ 55.31851121384117, 25.247216640735434 ], [ 55.318506713692628, 25.247320540722708 ], [ 55.31854454738874, 25.2473736194999 ], [ 55.318465975336004, 25.247370397312892 ], [ 55.31846530765641, 25.247635576828579 ], [ 55.318337713316296, 25.247622940499291 ], [ 55.318337513168665, 25.247725140491827 ], [ 55.318439562772582, 25.247744945950906 ], [ 55.318439262711628, 25.247843445947769 ], [ 55.3185158, 25.2478583 ] ], [ [ 55.318579630668069, 25.247534113141629 ], [ 55.3185799, 25.2474356 ], [ 55.318579922416042, 25.247423248839855 ], [ 55.318618337069189, 25.247477142565362 ], [ 55.318579630668069, 25.247534113141629 ] ] ], [ [ [ 55.3200274, 25.2390863 ], [ 55.3201364, 25.2387242 ], [ 55.319140578936178, 25.238481697722946 ], [ 55.319031578797905, 25.238843797678413 ], [ 55.3200274, 25.2390863 ] ] ], [ [ [ 55.319886520729483, 25.242107842740616 ], [ 55.319525820871405, 25.242099242310136 ], [ 55.319520920631163, 25.242266742292433 ], [ 55.3198208, 25.2423236 ], [ 55.3200597, 25.2423269 ], [ 55.3200651, 25.2421425 ], [ 55.319886520729483, 25.242107842740616 ] ] ], [ [ [ 55.3198057, 25.2384401 ], [ 55.3200976, 25.2385027 ], [ 55.3201144, 25.2384331 ], [ 55.319650278930894, 25.238367797899258 ], [ 55.319640778915115, 25.238408397895192 ], [ 55.3198057, 25.2384401 ] ] ], [ [ [ 55.317857461486952, 25.232437530973105 ], [ 55.3182401, 25.2325118 ], [ 55.3183656, 25.2324971 ], [ 55.318373816963074, 25.232395403002265 ], [ 55.318409677164553, 25.232402363279594 ], [ 55.318415281504102, 25.232438897597511 ], [ 55.3186819, 25.2324552 ], [ 55.3187622, 25.2324452 ], [ 55.318753007177406, 25.232385346731174 ], [ 55.318913, 25.2324164 ], [ 55.3193673, 25.2323525 ], [ 55.319361460335443, 25.232319495108218 ], [ 55.319655, 25.2323262 ], [ 55.3201052, 25.2322637 ], [ 55.3201802, 25.2321723 ], [ 55.3200955, 25.2316805 ], [ 55.3199222, 25.231549 ], [ 55.319871181726029, 25.231539098112648 ], [ 55.319481181743818, 25.231592897978441 ], [ 55.319546616973888, 25.23197837091077 ], [ 55.31918216210768, 25.23190763444471 ], [ 55.319102062137105, 25.231918034238081 ], [ 55.319105257335401, 25.231938190915653 ], [ 55.31852236232244, 25.232002232741284 ], [ 55.318507684539675, 25.232136072968554 ], [ 55.318104362423966, 25.23207333166042 ], [ 55.31799396246403, 25.232087831375594 ], [ 55.318012362094031, 25.232202831405257 ], [ 55.318128229983174, 25.232237879166817 ], [ 55.318135461546866, 25.232283166942558 ], [ 55.317982261960616, 25.232253431320522 ], [ 55.317801162034328, 25.232274630853702 ], [ 55.317818261651404, 25.232394130879335 ], [ 55.317857461486952, 25.232437530973105 ] ], [ [ 55.318314750454697, 25.232317966212957 ], [ 55.318194749946962, 25.232294674613343 ], [ 55.318323680420463, 25.232277833215647 ], [ 55.318348675551967, 25.232313736236463 ], [ 55.318314750454697, 25.232317966212957 ] ] ], [ [ [ 55.318977943112955, 25.250960978067411 ], [ 55.319153511364242, 25.250968900136655 ], [ 55.319287250827387, 25.250924320316198 ], [ 55.319287250797245, 25.251004903668036 ], [ 55.319332166540605, 25.251049819445225 ], [ 55.319423005949481, 25.251058731665061 ], [ 55.319389976098385, 25.25094775621201 ], [ 55.319691492537594, 25.25127439837263 ], [ 55.319827247827334, 25.251283310486095 ], [ 55.319917079355747, 25.251193478957685 ], [ 55.319917079355747, 25.251103647429275 ], [ 55.319737416298921, 25.250923984372442 ], [ 55.319333174421068, 25.250609574023002 ], [ 55.31917151290579, 25.250600661769393 ], [ 55.318973848307422, 25.250250247909364 ], [ 55.318749269486389, 25.250115500616737 ], [ 55.318663533071273, 25.250107578475387 ], [ 55.318618617295911, 25.25015249422659 ], [ 55.318618617266232, 25.25024232575355 ], [ 55.318977943112955, 25.250960978067411 ] ], [ [ 55.319332166590691, 25.25091507215506 ], [ 55.319288258657046, 25.250915072141702 ], [ 55.31928825865694, 25.250837562022074 ], [ 55.31936583809005, 25.250921606656423 ], [ 55.319332166590691, 25.25091507215506 ] ] ], [ [ [ 55.319931380143615, 25.247729023795433 ], [ 55.319886464382158, 25.247729023786231 ], [ 55.319886464371038, 25.24777393954988 ], [ 55.319961995119954, 25.247779880878028 ], [ 55.319961995119954, 25.247734965113825 ], [ 55.319931380143615, 25.247729023795433 ] ] ], [ [ [ 55.319583961668762, 25.23582865683748 ], [ 55.319647584770507, 25.235832287599237 ], [ 55.319647584770564, 25.235792979447357 ], [ 55.3200485, 25.2358151 ], [ 55.3200957, 25.2353857 ], [ 55.319713051166055, 25.235311435288011 ], [ 55.319088722826315, 25.235255224399584 ], [ 55.3191482, 25.2351938 ], [ 55.3191582, 25.2351024 ], [ 55.3191078, 25.2350405 ], [ 55.318444545523221, 25.23491176959028 ], [ 55.318075533023389, 25.234878550467268 ], [ 55.318075533023304, 25.234844140786709 ], [ 55.318036418115291, 25.234836548806932 ], [ 55.317946586593948, 25.234836548783427 ], [ 55.317946586584789, 25.234866942272483 ], [ 55.31754344713196, 25.234835865611355 ], [ 55.317479846934091, 25.234888565315252 ], [ 55.317463446488198, 25.234975765219545 ], [ 55.317578054352744, 25.235103064891121 ], [ 55.317577056486293, 25.23519389424721 ], [ 55.317668446480901, 25.235203466907162 ], [ 55.317752444380865, 25.235296766417648 ], [ 55.3184157, 25.2354255 ], [ 55.3188374, 25.23547 ], [ 55.319044550239965, 25.235300843096169 ], [ 55.319000950519786, 25.235697233406324 ], [ 55.319583961674745, 25.235789468933849 ], [ 55.319583961668762, 25.23582865683748 ] ] ], [ [ [ 55.319917178585804, 25.239137597974839 ], [ 55.3200272, 25.2391669 ], [ 55.3200392, 25.2391371 ], [ 55.319929078596886, 25.239107797979507 ], [ 55.319917178585804, 25.239137597974839 ] ] ], [ [ [ 55.319809236572489, 25.240356567212988 ], [ 55.32000691088416, 25.240368779784045 ], [ 55.32000691088416, 25.240278948255625 ], [ 55.319809236618219, 25.240266735686816 ], [ 55.319809236572489, 25.240356567212988 ] ] ], [ [ [ 55.3200191, 25.2391863 ], [ 55.319911778576369, 25.239161797972503 ], [ 55.319902978565764, 25.239189697968929 ], [ 55.3200103, 25.2392142 ], [ 55.3200191, 25.2391863 ] ] ], [ [ [ 55.319839847777367, 25.247773609466204 ], [ 55.31979493201608, 25.247773609456495 ], [ 55.319794931992583, 25.247863440983746 ], [ 55.31987216359154, 25.247869712406448 ], [ 55.31987216359154, 25.247779880878028 ], [ 55.319839847777367, 25.247773609466204 ] ] ], [ [ [ 55.31979138692121, 25.237822954092188 ], [ 55.3199841, 25.2378771 ], [ 55.3200055, 25.2377958 ], [ 55.319808830519484, 25.237756993286073 ], [ 55.319800820161049, 25.237787283474532 ], [ 55.319504320260485, 25.237723941899525 ], [ 55.319493620208682, 25.237759341882782 ], [ 55.31979138692121, 25.237822954092188 ] ] ], [ [ [ 55.318881347855701, 25.236587732965095 ], [ 55.319264, 25.236662 ], [ 55.3199288, 25.2367219 ], [ 55.3199792, 25.2362648 ], [ 55.319596548534911, 25.236190534856522 ], [ 55.318930149189569, 25.236144633157224 ], [ 55.318881347855701, 25.236587732965095 ] ] ], [ [ [ 55.319636419723089, 25.242866542388061 ], [ 55.319815, 25.2429012 ], [ 55.3198746, 25.2428993 ], [ 55.3198738, 25.2428792 ], [ 55.319695219733759, 25.242844542459896 ], [ 55.319635619752276, 25.242846542388509 ], [ 55.319636419723089, 25.242866542388061 ] ] ], [ [ [ 55.319674234181008, 25.240448493647854 ], [ 55.3198273, 25.2404782 ], [ 55.3198864, 25.2404734 ], [ 55.3198808, 25.2404181 ], [ 55.31972773423896, 25.240388393706308 ], [ 55.319668734251046, 25.240393293645575 ], [ 55.319674234181008, 25.240448493647854 ] ] ], [ [ [ 55.319750016219551, 25.247908356737664 ], [ 55.319705100458258, 25.247908356727955 ], [ 55.319705100446512, 25.247953272491586 ], [ 55.319782332063127, 25.247959543934847 ], [ 55.319782332063127, 25.247914628170648 ], [ 55.319750016219551, 25.247908356737664 ] ] ], [ [ [ 55.31990007332309, 25.231112831732741 ], [ 55.32000691088416, 25.231116132357606 ], [ 55.32000691088416, 25.231071216593403 ], [ 55.319900073329265, 25.231067915968843 ], [ 55.31990007332309, 25.231112831732741 ] ] ], [ [ [ 55.32000691088416, 25.230532227422934 ], [ 55.32000691088416, 25.230442395894524 ], [ 55.319900073415738, 25.230439095274189 ], [ 55.319900073403382, 25.230528926801998 ], [ 55.32000691088416, 25.230532227422934 ] ] ], [ [ [ 55.3198925, 25.2377695 ], [ 55.3198998, 25.2377379 ], [ 55.319792872244186, 25.237717397285277 ], [ 55.319785572227751, 25.237749097281093 ], [ 55.3198925, 25.2377695 ] ] ], [ [ [ 55.319563549073955, 25.250332487617626 ], [ 55.31956354905973, 25.250377403381126 ], [ 55.319692500534714, 25.250384995201976 ], [ 55.319692500534714, 25.250340079437773 ], [ 55.319563549073955, 25.250332487617626 ] ] ], [ [ [ 55.31987216359154, 25.235023803843529 ], [ 55.31987216359154, 25.234978888079326 ], [ 55.319810241266495, 25.23497558741823 ], [ 55.319810241260321, 25.23502050318211 ], [ 55.31987216359154, 25.235023803843529 ] ] ], [ [ [ 55.319314641752605, 25.238451833792009 ], [ 55.319303841647312, 25.238488533758787 ], [ 55.3198072, 25.2385919 ], [ 55.319818, 25.2385552 ], [ 55.319314641752605, 25.238451833792009 ] ] ], [ [ [ 55.319647584770507, 25.248363785812707 ], [ 55.319647584770507, 25.248318870048507 ], [ 55.319480521546112, 25.248312598552058 ], [ 55.319345774238748, 25.248402430050167 ], [ 55.319345774215257, 25.248492261577432 ], [ 55.319467921713688, 25.248498533105323 ], [ 55.319647584770507, 25.248363785812707 ] ] ], [ [ [ 55.319293143882312, 25.237769133840427 ], [ 55.319285743784619, 25.237802533816421 ], [ 55.3197824, 25.2378974 ], [ 55.3197898, 25.237864 ], [ 55.319293143882312, 25.237769133840427 ] ] ], [ [ [ 55.319331972015263, 25.251192757515863 ], [ 55.319108595600035, 25.251058731665069 ], [ 55.319024559718351, 25.251051139692635 ], [ 55.319024559675682, 25.251185886983162 ], [ 55.319069475393682, 25.251320634285459 ], [ 55.319153511364242, 25.251328226250305 ], [ 55.319309576182484, 25.251250193861775 ], [ 55.319334707675132, 25.251278141432561 ], [ 55.3195133, 25.2513128 ], [ 55.319602669006308, 25.251283310486095 ], [ 55.319602669006308, 25.251238394721895 ], [ 55.319557753242101, 25.251193478957685 ], [ 55.319475418160351, 25.251186217181736 ], [ 55.31947541815159, 25.251216657367383 ], [ 55.319331972015263, 25.251192757515863 ] ] ], [ [ [ 55.319527138290638, 25.247729023712598 ], [ 55.319437306756633, 25.247773939457847 ], [ 55.319437306734372, 25.24786377098517 ], [ 55.319512837477895, 25.247869712406441 ], [ 55.319647584770507, 25.247779880878028 ], [ 55.319647584770507, 25.247734965113821 ], [ 55.319527138290638, 25.247729023712598 ] ] ], [ [ [ 55.319490320538129, 25.242338742250773 ], [ 55.3196689, 25.2423734 ], [ 55.3197156, 25.2423739 ], [ 55.319716, 25.2423382 ], [ 55.319537420572075, 25.242303542309543 ], [ 55.319490720589414, 25.242303142253775 ], [ 55.319490320538129, 25.242338742250773 ] ] ], [ [ [ 55.3197297, 25.2303678 ], [ 55.3198521, 25.2302482 ], [ 55.3197362, 25.2301709 ], [ 55.319353567579327, 25.230096635157999 ], [ 55.319259667295107, 25.230211834900157 ], [ 55.319266967187701, 25.230244734913864 ], [ 55.319347066975119, 25.230293535111503 ], [ 55.319550361041394, 25.230332992401273 ], [ 55.319425782206032, 25.230486297981908 ], [ 55.319443382183238, 25.23053719798687 ], [ 55.3195699, 25.2305398 ], [ 55.3196845, 25.230399 ], [ 55.319668179166015, 25.230355859550642 ], [ 55.3197297, 25.2303678 ] ] ], [ [ [ 55.319782332063127, 25.234799225022496 ], [ 55.31963057824052, 25.234795924342158 ], [ 55.319630578234346, 25.234840840106067 ], [ 55.319782332063127, 25.234844140786713 ], [ 55.319782332063127, 25.234799225022496 ] ] ], [ [ [ 55.3197165, 25.2392055 ], [ 55.31948562513579, 25.239157442470145 ], [ 55.319470425070755, 25.239206242448532 ], [ 55.3197013, 25.2392542 ], [ 55.3197165, 25.2392055 ] ] ], [ [ [ 55.319540747289672, 25.230618758288923 ], [ 55.319495831527, 25.230618758283811 ], [ 55.319495831520818, 25.230663674047715 ], [ 55.319551745386427, 25.230666654474692 ], [ 55.319495831514644, 25.230708589811613 ], [ 55.319495831483763, 25.230933168631136 ], [ 55.319557753242101, 25.230936469300786 ], [ 55.319782332063127, 25.230801722008177 ], [ 55.319827247827334, 25.230622058951344 ], [ 55.319765326109199, 25.230573842550569 ], [ 55.319675494583855, 25.230573842540348 ], [ 55.319557753242151, 25.230662148586998 ], [ 55.319540747289672, 25.230618758288923 ] ] ], [ [ [ 55.319584657802736, 25.240311651355324 ], [ 55.319692500534714, 25.240323864019832 ], [ 55.319692500534714, 25.240009453670393 ], [ 55.319584657962793, 25.239997241013722 ], [ 55.319584657802736, 25.240311651355324 ] ] ], [ [ [ 55.319022859496727, 25.249074516013533 ], [ 55.319022859452211, 25.249209263303978 ], [ 55.31906777519788, 25.249254179079728 ], [ 55.319228887001415, 25.249262101102715 ], [ 55.319404742759907, 25.249462284644146 ], [ 55.31951870000001, 25.2494844 ], [ 55.3195496, 25.2494622 ], [ 55.3195199, 25.2493805 ], [ 55.319313, 25.249145 ], [ 55.319220824441871, 25.249127111589193 ], [ 55.319198427128448, 25.249037522275799 ], [ 55.319067775272075, 25.249029600262332 ], [ 55.319022859496727, 25.249074516013533 ] ] ], [ [ [ 55.31924484428378, 25.237651433734591 ], [ 55.3196812, 25.237733 ], [ 55.3196886, 25.2376885 ], [ 55.319252244415821, 25.237606933760279 ], [ 55.31924484428378, 25.237651433734591 ] ] ], [ [ [ 55.319485976139077, 25.245171897705678 ], [ 55.319485976126067, 25.245203397705033 ], [ 55.3195645, 25.2452133 ], [ 55.3195645, 25.2451818 ], [ 55.319485976139077, 25.245171897705678 ] ] ], [ [ [ 55.319521, 25.2463229 ], [ 55.3195062, 25.2462741 ], [ 55.319327614960173, 25.246239441780428 ], [ 55.31912431496049, 25.246289741533868 ], [ 55.319139114884656, 25.246338541548116 ], [ 55.3193177, 25.2463732 ], [ 55.319521, 25.2463229 ] ] ], [ [ [ 55.3196228, 25.2383123 ], [ 55.319145642625188, 25.238211933395629 ], [ 55.319136042544663, 25.238240333366733 ], [ 55.3196132, 25.2383407 ], [ 55.3196228, 25.2383123 ] ] ], [ [ [ 55.319405999408644, 25.234930671608314 ], [ 55.319405999402463, 25.234975587372226 ], [ 55.319495830915443, 25.235065418910246 ], [ 55.319647584770507, 25.235068719607735 ], [ 55.319647584770507, 25.235023803843532 ], [ 55.319557753242101, 25.234933972315122 ], [ 55.319405999408644, 25.234930671608314 ] ] ], [ [ [ 55.319630578271408, 25.234571345522646 ], [ 55.319585662508743, 25.234571345517534 ], [ 55.319585662502561, 25.234616261281431 ], [ 55.319647584770507, 25.234619561965676 ], [ 55.319630578271408, 25.234571345522646 ] ] ], [ [ [ 55.3193365, 25.2420546 ], [ 55.3193942, 25.2420546 ], [ 55.319394200000119, 25.24201577524039 ], [ 55.3195393, 25.2420331 ], [ 55.3195416, 25.2419312 ], [ 55.319485491326965, 25.241921206800303 ], [ 55.3195383, 25.2419211 ], [ 55.3195377, 25.2416885 ], [ 55.319387777591203, 25.241678797742718 ], [ 55.319388377495123, 25.241911397738232 ], [ 55.31943419190096, 25.241920289231999 ], [ 55.319428004557032, 25.241964986765939 ], [ 55.319316666190751, 25.241951262430881 ], [ 55.3193174, 25.2419133 ], [ 55.319266377510942, 25.241903397696742 ], [ 55.31862912048468, 25.241870090901408 ], [ 55.318524690665363, 25.241626421181806 ], [ 55.318428752616448, 25.241616518598335 ], [ 55.318383836838315, 25.241661434346295 ], [ 55.318383836727065, 25.241930928926084 ], [ 55.318428752449584, 25.242020760468019 ], [ 55.318614522193769, 25.242030663059666 ], [ 55.31865943795809, 25.241955269244396 ], [ 55.319055603415315, 25.241985286323725 ], [ 55.319147577465216, 25.24204369765333 ], [ 55.3193365, 25.2420546 ] ] ], [ [ [ 55.319345774285736, 25.248222766995639 ], [ 55.319423005949481, 25.24822903852009 ], [ 55.319423005949481, 25.24813920699167 ], [ 55.319345774309227, 25.248132935468384 ], [ 55.319345774285736, 25.248222766995639 ] ] ], [ [ [ 55.318900478245233, 25.240215397605919 ], [ 55.319097, 25.2402268 ], [ 55.319174137406172, 25.240157990779668 ], [ 55.3192513, 25.2401404 ], [ 55.319247954637923, 25.240092143154136 ], [ 55.3193406, 25.2400095 ], [ 55.3193423, 25.2398783 ], [ 55.319300216980601, 25.239839389556732 ], [ 55.319369172954815, 25.239851369131149 ], [ 55.319358378493575, 25.239907079318318 ], [ 55.319512837477895, 25.239919622141986 ], [ 55.319512837477895, 25.23982979061357 ], [ 55.319236424325858, 25.23978004212832 ], [ 55.318977778415906, 25.239782697641058 ], [ 55.31890487838929, 25.239865297614497 ], [ 55.318900478245233, 25.240215397605919 ] ] ], [ [ [ 55.31924913835104, 25.251590128913566 ], [ 55.319333174421068, 25.251597720835534 ], [ 55.319333174421068, 25.251552805071334 ], [ 55.319249138365265, 25.251545213150056 ], [ 55.31924913835104, 25.251590128913566 ] ] ], [ [ [ 55.319424, 25.2426316 ], [ 55.3194245, 25.2424621 ], [ 55.319245920497714, 25.242427441952408 ], [ 55.318772020669471, 25.242426341386103 ], [ 55.318771560069408, 25.242582408609017 ], [ 55.318691920488881, 25.242571241280135 ], [ 55.318691920334722, 25.242677941272579 ], [ 55.31888207336393, 25.242710781986382 ], [ 55.318777561246065, 25.24277627667438 ], [ 55.318616620264798, 25.242745041177841 ], [ 55.318317020376583, 25.242742140819978 ], [ 55.318300920300445, 25.242798840796723 ], [ 55.3184795, 25.2428335 ], [ 55.3194233, 25.2428569 ], [ 55.319424, 25.2426316 ] ], [ [ 55.319054693661123, 25.242633506744514 ], [ 55.319054402354361, 25.242630742233516 ], [ 55.319060835745134, 25.242630757172105 ], [ 55.319054693661123, 25.242633506744514 ] ], [ [ 55.318899077252574, 25.242620597556822 ], [ 55.318898883789494, 25.242703256640919 ], [ 55.318892600000169, 25.242706069638782 ], [ 55.318892600000318, 25.242619340456898 ], [ 55.318899077252574, 25.242620597556822 ] ] ], [ [ [ 55.31937187864569, 25.239127997788849 ], [ 55.319361878635256, 25.239155797784868 ], [ 55.3194545, 25.2391778 ], [ 55.3194644, 25.23915 ], [ 55.31937187864569, 25.239127997788849 ] ] ], [ [ [ 55.319255942763171, 25.248222766976216 ], [ 55.319255942739673, 25.248312598503482 ], [ 55.319333174421068, 25.248318870048497 ], [ 55.319333174421068, 25.24822903852009 ], [ 55.319255942763171, 25.248222766976216 ] ] ], [ [ [ 55.319212727904912, 25.24795360246647 ], [ 55.319122896359765, 25.24804343397539 ], [ 55.319122896348645, 25.248088349739049 ], [ 55.319288258656862, 25.248094291227474 ], [ 55.319333174421068, 25.24804937546326 ], [ 55.319333174421068, 25.247959543934858 ], [ 55.319212727904912, 25.24795360246647 ] ] ], [ [ [ 55.319145425600581, 25.238920242080393 ], [ 55.319135125553863, 25.238955142065624 ], [ 55.319429, 25.2390177 ], [ 55.3194393, 25.2389828 ], [ 55.319145425600581, 25.238920242080393 ] ] ], [ [ [ 55.3193187, 25.2465826 ], [ 55.3192854, 25.2465444 ], [ 55.319148207787833, 25.246517969108304 ], [ 55.3190253, 25.2463362 ], [ 55.318725715126035, 25.246274241058526 ], [ 55.318625614763569, 25.246549940919355 ], [ 55.318677014629785, 25.246629740975152 ], [ 55.318794240385763, 25.246653685919071 ], [ 55.318777177112118, 25.246698601679427 ], [ 55.318839101014802, 25.246701902537087 ], [ 55.318839101014859, 25.246662849281652 ], [ 55.3189402, 25.2466835 ], [ 55.3190519080771, 25.246636232218293 ], [ 55.3192553, 25.2466754 ], [ 55.3193171, 25.2466313 ], [ 55.3193187, 25.2465826 ] ] ], [ [ [ 55.319077980431402, 25.248717170421109 ], [ 55.318988148908524, 25.248717170402699 ], [ 55.31898814888627, 25.248807001930018 ], [ 55.319063679835836, 25.248812943454766 ], [ 55.31908633950566, 25.248790283791053 ], [ 55.319077980375759, 25.248941749239403 ], [ 55.319243342892655, 25.248947690747379 ], [ 55.319288258656862, 25.248633280397947 ], [ 55.319167811976541, 25.248627338912193 ], [ 55.319108595600163, 25.24874577167045 ], [ 55.319077980431402, 25.248717170421109 ] ] ], [ [ [ 55.319113625449482, 25.239032742034436 ], [ 55.3194036, 25.2390953 ], [ 55.319414, 25.2390613 ], [ 55.319124125494831, 25.23899874204939 ], [ 55.319113625449482, 25.239032742034436 ] ] ], [ [ [ 55.3158328, 25.2505352 ], [ 55.315654210121366, 25.250500537087607 ], [ 55.315510110102906, 25.250549136911893 ], [ 55.315525917069252, 25.250587393299647 ], [ 55.315394573680429, 25.250586135054672 ], [ 55.315290140387141, 25.250690568203691 ], [ 55.315140386777713, 25.250678937531269 ], [ 55.315140386701046, 25.250768769055917 ], [ 55.315185733542847, 25.250777570699615 ], [ 55.315156019703025, 25.25078788784419 ], [ 55.314860010089369, 25.250720136122602 ], [ 55.314740710035835, 25.250786835975248 ], [ 55.314808274278001, 25.25090879823389 ], [ 55.315085480984855, 25.250956670803575 ], [ 55.315070225674248, 25.251002436579348 ], [ 55.314880709747463, 25.25095153613093 ], [ 55.314708409715863, 25.251016235920364 ], [ 55.3145914095875, 25.25113413577213 ], [ 55.314595601229122, 25.251405182464161 ], [ 55.31470685070785, 25.251418057778718 ], [ 55.314706850708333, 25.251384726010134 ], [ 55.314811641160631, 25.251405065648228 ], [ 55.314607373661858, 25.251535472422674 ], [ 55.314574174017686, 25.251530295899446 ], [ 55.314595508875584, 25.251625635742172 ], [ 55.31464951737992, 25.251636118732964 ], [ 55.31466660877588, 25.251676935823522 ], [ 55.3148452, 25.2517116 ], [ 55.3154794, 25.2516365 ], [ 55.315547580587058, 25.251519038503567 ], [ 55.315613125211414, 25.251680379406103 ], [ 55.315405860820675, 25.251650144278106 ], [ 55.314987206134241, 25.251778549036164 ], [ 55.314653608769561, 25.251684535807449 ], [ 55.314544508752988, 25.251723135674286 ], [ 55.314579968811238, 25.251804966920385 ], [ 55.314458408625498, 25.251832735563571 ], [ 55.314524708321535, 25.252026535629081 ], [ 55.3146524, 25.2520706 ], [ 55.314872591989626, 25.252007888960392 ], [ 55.313260773720998, 25.252575295429629 ], [ 55.31333833254223, 25.252755505026858 ], [ 55.313123939145584, 25.252713889670698 ], [ 55.312768538742752, 25.25284128657114 ], [ 55.312994461379695, 25.253367910718644 ], [ 55.312987829950757, 25.253464373586141 ], [ 55.313032745668629, 25.253509289379213 ], [ 55.313224630489053, 25.25352909869639 ], [ 55.313199114661359, 25.253407635483846 ], [ 55.313402969741482, 25.253447205007532 ], [ 55.313447885234055, 25.253682349714428 ], [ 55.313866768545964, 25.254405878181924 ], [ 55.313815172900853, 25.254423095581537 ], [ 55.313903072802887, 25.254638395607198 ], [ 55.3140452, 25.2546178 ], [ 55.314033748434163, 25.254589763899578 ], [ 55.314280722550734, 25.254605925632031 ], [ 55.314267475019939, 25.254645173408438 ], [ 55.314060704384907, 25.254631193709947 ], [ 55.314060704306989, 25.254721025234538 ], [ 55.314167861537378, 25.254741824329958 ], [ 55.314302608829998, 25.254741824329955 ], [ 55.314302608830346, 25.254722350941631 ], [ 55.3146714, 25.2548206 ], [ 55.3147745, 25.2547294 ], [ 55.314825447864315, 25.254578689939176 ], [ 55.315156008349909, 25.254562161273128 ], [ 55.315425502935149, 25.254337582452102 ], [ 55.315425502935149, 25.254113003631065 ], [ 55.315200924114116, 25.253663845989006 ], [ 55.315111092586413, 25.253566204090685 ], [ 55.315111092590605, 25.253508916737033 ], [ 55.3152733, 25.2535404 ], [ 55.315317207045616, 25.25352561096755 ], [ 55.315252073114728, 25.25354799609012 ], [ 55.315301341749532, 25.253612494629945 ], [ 55.315293073054796, 25.253682896101381 ], [ 55.315381172965459, 25.253877296127548 ], [ 55.3154322, 25.2538872 ], [ 55.315536862645153, 25.253848351435742 ], [ 55.315429572953057, 25.253895296143718 ], [ 55.315518172856635, 25.254106696169703 ], [ 55.3155692, 25.2541166 ], [ 55.3157867, 25.2540217 ], [ 55.315763049459491, 25.253965311582295 ], [ 55.315919576341415, 25.253978256338449 ], [ 55.316009407869828, 25.253933340574246 ], [ 55.316323818219267, 25.253663845989006 ], [ 55.316323818231204, 25.253499583030088 ], [ 55.3163825, 25.253478 ], [ 55.31635062205023, 25.253446368054387 ], [ 55.316388996941903, 25.253389566683172 ], [ 55.316503481276094, 25.253394351403774 ], [ 55.316503481276094, 25.253259604111161 ], [ 55.31632381822201, 25.253240127173193 ], [ 55.316162840468564, 25.253063197155427 ], [ 55.316349015819547, 25.253032545570886 ], [ 55.316349015776701, 25.253112312354745 ], [ 55.316438847246431, 25.253202143919722 ], [ 55.316638228568706, 25.253214688346947 ], [ 55.317222133503385, 25.252990109525925 ], [ 55.317184462053696, 25.252756836561545 ], [ 55.317203406253064, 25.252791538777373 ], [ 55.317382, 25.2528262 ], [ 55.3175983, 25.2527488 ], [ 55.317562138519804, 25.252618396575564 ], [ 55.317596823220946, 25.252697411183199 ], [ 55.317740711954755, 25.252725336538916 ], [ 55.317740711941177, 25.252806485249128 ], [ 55.317850954202271, 25.252810446469098 ], [ 55.317883467229848, 25.252712907420726 ], [ 55.3180107, 25.2527376 ], [ 55.3184365, 25.2526303 ], [ 55.318324099315412, 25.252361288846998 ], [ 55.31856960642957, 25.252361288827039 ], [ 55.318659437957976, 25.252226541534423 ], [ 55.318659437957976, 25.252136710006006 ], [ 55.318565004014104, 25.252138869322749 ], [ 55.3185657, 25.252112 ], [ 55.318434859137923, 25.252096013803545 ], [ 55.31843485913695, 25.25200196271339 ], [ 55.318332991921459, 25.251883117867326 ], [ 55.31848216857567, 25.25183371610397 ], [ 55.318482168551171, 25.251903878872753 ], [ 55.318520361025783, 25.25191129092779 ], [ 55.318556898353563, 25.251994700700138 ], [ 55.318487271177318, 25.251994700677926 ], [ 55.318487271150111, 25.252084532205011 ], [ 55.318659437957976, 25.252091794241807 ], [ 55.318643595885185, 25.25203103640996 ], [ 55.3188477, 25.25198 ], [ 55.3187526, 25.2517629 ], [ 55.31871301370392, 25.251755217502541 ], [ 55.3188587, 25.2517756 ], [ 55.3190321, 25.2517188 ], [ 55.3190154, 25.2516769 ], [ 55.318966429197097, 25.251667396339414 ], [ 55.3191661, 25.2515982 ], [ 55.319146889369961, 25.25155280507802 ], [ 55.319198427128448, 25.251552805071338 ], [ 55.319198427128448, 25.251507889307131 ], [ 55.319124529013003, 25.251499967275592 ], [ 55.3190785, 25.2513912 ], [ 55.318926751577457, 25.251361750463097 ], [ 55.3190387, 25.251292 ], [ 55.3189634, 25.2511124 ], [ 55.318928245270619, 25.251105577561209 ], [ 55.3189524, 25.2510921 ], [ 55.3189201, 25.2510125 ], [ 55.318881665048195, 25.251005040955381 ], [ 55.3189143, 25.2509945 ], [ 55.318819213261541, 25.250798691253426 ], [ 55.3188414, 25.2507916 ], [ 55.3188062, 25.2507015 ], [ 55.318746826110889, 25.250689977276096 ], [ 55.3187844, 25.2506683 ], [ 55.3187546, 25.2505953 ], [ 55.318719154202043, 25.250588420999875 ], [ 55.3187456, 25.2505803 ], [ 55.3186706, 25.2503803 ], [ 55.318619574081396, 25.25037039730471 ], [ 55.318378174075576, 25.250444497220748 ], [ 55.318441080101231, 25.250605770066311 ], [ 55.31834130895561, 25.250639140290151 ], [ 55.318364332692227, 25.250695347062404 ], [ 55.318158673963715, 25.250769897139186 ], [ 55.31819357392768, 25.250848497149526 ], [ 55.318290000034729, 25.250854628696938 ], [ 55.318189573910544, 25.250890997147298 ], [ 55.318207073503189, 25.250923362012468 ], [ 55.318121141938732, 25.250915401878423 ], [ 55.31812114190658, 25.251005233405266 ], [ 55.318154523302127, 25.251042575767624 ], [ 55.317933011074679, 25.251111422088773 ], [ 55.317939329440598, 25.251013533269738 ], [ 55.3180062, 25.2509911 ], [ 55.3179823685944, 25.250933054265847 ], [ 55.3180331, 25.2509429 ], [ 55.31819560000001, 25.2508865 ], [ 55.318113436632522, 25.250635627354626 ], [ 55.318398, 25.2506172 ], [ 55.3183458, 25.2504925 ], [ 55.318279696263488, 25.250479670977391 ], [ 55.3183438, 25.2504571 ], [ 55.318299503206056, 25.250354116182265 ], [ 55.3184414, 25.2503539 ], [ 55.3186077, 25.250256 ], [ 55.3185748, 25.2501694 ], [ 55.318518320866467, 25.250158438935649 ], [ 55.3185695, 25.2501415 ], [ 55.3185441, 25.2500789 ], [ 55.31851357904862, 25.250072976706107 ], [ 55.3184866, 25.2499564 ], [ 55.318451218557293, 25.249949533395636 ], [ 55.3184868, 25.2499366 ], [ 55.3184248, 25.249797 ], [ 55.3183762, 25.2497641 ], [ 55.318158910354803, 25.249716440137391 ], [ 55.31797001033825, 25.249774839907442 ], [ 55.317989132440182, 25.249817641017483 ], [ 55.317752274399616, 25.249815397019688 ], [ 55.317715474398021, 25.249828397006855 ], [ 55.317736912246602, 25.249871217954169 ], [ 55.317669510283302, 25.249887539540232 ], [ 55.317684133022908, 25.249928373046014 ], [ 55.317503974351062, 25.249994696931246 ], [ 55.317444342170219, 25.249983123480845 ], [ 55.317446712324418, 25.249935837559921 ], [ 55.317286452232835, 25.249930885986885 ], [ 55.317241536459086, 25.24998876816219 ], [ 55.317090374394247, 25.249992896790015 ], [ 55.317096057606555, 25.250067489371201 ], [ 55.316321610099507, 25.250349737896141 ], [ 55.31634821209871, 25.250406208004602 ], [ 55.315931874283571, 25.250548896383069 ], [ 55.315953442790224, 25.250600350380903 ], [ 55.3159362, 25.2505634 ], [ 55.3158328, 25.2505352 ] ], [ [ 55.318656769285049, 25.251238827174795 ], [ 55.31863320062876, 25.251185625942945 ], [ 55.318722298592284, 25.251202917244772 ], [ 55.318701025239015, 25.251223815474496 ], [ 55.318656769285049, 25.251238827174795 ] ], [ [ 55.318601303585218, 25.250996940808164 ], [ 55.31864373693017, 25.251010347792548 ], [ 55.318570535860928, 25.251034685640814 ], [ 55.318549339944745, 25.250986856139374 ], [ 55.318601303585218, 25.250996940808164 ] ], [ [ 55.318410573694365, 25.251359497213315 ], [ 55.3184616, 25.2513694 ], [ 55.318616902578924, 25.251326821758848 ], [ 55.318353629287159, 25.251437673504537 ], [ 55.318344001094182, 25.251413907162757 ], [ 55.318389943372743, 25.251418057778714 ], [ 55.318389943373539, 25.251313005592568 ], [ 55.318410573694365, 25.251359497213315 ] ], [ [ 55.318488567745774, 25.251770756177944 ], [ 55.318528254475751, 25.251778458228934 ], [ 55.318496323208599, 25.251789899741212 ], [ 55.318488567745774, 25.251770756177944 ] ], [ [ 55.318433581100621, 25.251148918053563 ], [ 55.318333273774236, 25.251185297190425 ], [ 55.318350537021274, 25.251224201000202 ], [ 55.31830011184433, 25.251148563193471 ], [ 55.318230239307681, 25.251133095573824 ], [ 55.318433581100621, 25.251148918053563 ] ], [ [ 55.318337160015361, 25.252221445762675 ], [ 55.318361364913841, 25.252226143250695 ], [ 55.318281867253887, 25.252260213574374 ], [ 55.318230264126541, 25.252136710019862 ], [ 55.318339354950467, 25.252136710047772 ], [ 55.318337160015361, 25.252221445762675 ] ], [ [ 55.318281491350326, 25.250149852680813 ], [ 55.318315910539894, 25.25015974488274 ], [ 55.318227711154549, 25.250187209387153 ], [ 55.318205280969792, 25.250135062152228 ], [ 55.318281491350326, 25.250149852680813 ] ], [ [ 55.318075533023503, 25.251469044057327 ], [ 55.318163115984312, 25.251685303797622 ], [ 55.318120448787504, 25.251642636599748 ], [ 55.318044917194868, 25.251636694847363 ], [ 55.318044917182014, 25.251693110698177 ], [ 55.318002666052934, 25.251591988689022 ], [ 55.318075533023304, 25.25159772083553 ], [ 55.318075533023503, 25.251469044057327 ] ], [ [ 55.317906768214797, 25.251411455803574 ], [ 55.317985701494891, 25.251418057778711 ], [ 55.317985701495282, 25.251247231370172 ], [ 55.318072864816372, 25.251462455711629 ], [ 55.317955085716513, 25.251457031774304 ], [ 55.317955085711276, 25.251479742260933 ], [ 55.3178024, 25.2513866 ], [ 55.317906768233456, 25.251350389044529 ], [ 55.317906768214797, 25.251411455803574 ] ], [ [ 55.317931366517541, 25.251113066646464 ], [ 55.317981817487585, 25.25123764093108 ], [ 55.317906768264265, 25.251231792749188 ], [ 55.31790676825549, 25.251268509515747 ], [ 55.317855974638995, 25.251148563194153 ], [ 55.317931366517541, 25.251113066646464 ] ], [ [ 55.31779657098248, 25.252626822204316 ], [ 55.317780772323161, 25.252636533024027 ], [ 55.317708896622925, 25.252604533763488 ], [ 55.31777330627834, 25.252576988506885 ], [ 55.31779657098248, 25.252626822204316 ] ], [ [ 55.317387512974911, 25.252360093710994 ], [ 55.317266127179643, 25.252346624337786 ], [ 55.317611947036973, 25.252231351007179 ], [ 55.317627434194151, 25.252264525160758 ], [ 55.317545741004558, 25.252264525126535 ], [ 55.31754574099093, 25.252313430812229 ], [ 55.317441801563561, 25.25229325848105 ], [ 55.317370101554722, 25.252316858388674 ], [ 55.317387512974911, 25.252360093710994 ] ], [ [ 55.317566226702468, 25.252456785520533 ], [ 55.317548759969043, 25.252492145350505 ], [ 55.317597515996567, 25.252598557500534 ], [ 55.317560332871082, 25.252611885143541 ], [ 55.317506857685487, 25.252445263343027 ], [ 55.317566226702468, 25.252456785520533 ] ], [ [ 55.317527345490255, 25.250136645586988 ], [ 55.317488387207717, 25.250129084555393 ], [ 55.317519347039173, 25.250117781617572 ], [ 55.317527345490255, 25.250136645586988 ] ], [ [ 55.317401796560212, 25.25186721542077 ], [ 55.317287837607573, 25.251845098342468 ], [ 55.317207910514483, 25.2518450983085 ], [ 55.317356880796005, 25.251777383892364 ], [ 55.317382250593134, 25.251739329234525 ], [ 55.317451173564969, 25.251886966262536 ], [ 55.317401796560212, 25.25186721542077 ] ], [ [ 55.316581611576972, 25.250619386131874 ], [ 55.3165483970403, 25.2505197424946 ], [ 55.316445344130557, 25.250499741271916 ], [ 55.316427282122277, 25.250456652484015 ], [ 55.316545, 25.2504795 ], [ 55.317081420487817, 25.250277660760531 ], [ 55.317272409191148, 25.250741839005023 ], [ 55.317332686891213, 25.250753537757763 ], [ 55.31739479764974, 25.250904744519577 ], [ 55.317228742656255, 25.250961174345754 ], [ 55.317132301974972, 25.250699405551423 ], [ 55.317087386210773, 25.250654489787209 ], [ 55.316581611576972, 25.250619386131874 ] ], [ [ 55.317116206877799, 25.252381038702193 ], [ 55.317081968089639, 25.252387718517394 ], [ 55.317049322104026, 25.25246482389521 ], [ 55.316975921495832, 25.252339655646146 ], [ 55.317171286377302, 25.252361288841485 ], [ 55.317116206877799, 25.252381038702193 ] ], [ [ 55.316708342266587, 25.252303828775236 ], [ 55.316565824851558, 25.252370500898245 ], [ 55.31654839704327, 25.252352264300608 ], [ 55.316548397044699, 25.25230178820777 ], [ 55.3166175, 25.2523152 ], [ 55.316799945004412, 25.252252269183696 ], [ 55.316882, 25.252281 ], [ 55.316928511190554, 25.252265902132649 ], [ 55.316950144336246, 25.25231588891042 ], [ 55.316708342266587, 25.252303828775236 ] ], [ [ 55.3168704, 25.2520347 ], [ 55.316814609617744, 25.252023872052241 ], [ 55.316928511462216, 25.251972098476173 ], [ 55.316928511273609, 25.25218096880587 ], [ 55.3168704, 25.2520347 ] ], [ [ 55.316385385293408, 25.252301025231279 ], [ 55.316223139091399, 25.252336551527005 ], [ 55.316205493259787, 25.252291837872061 ], [ 55.316408500912061, 25.252208465854434 ], [ 55.316385385293408, 25.252301025231279 ] ], [ [ 55.316254776407987, 25.250609482196264 ], [ 55.316153635205943, 25.250606417214296 ], [ 55.316278666574362, 25.250563566108735 ], [ 55.316254776407987, 25.250609482196264 ] ], [ [ 55.316002223317803, 25.252413389162186 ], [ 55.316004505960535, 25.252411106513573 ], [ 55.316065037670029, 25.252391541485164 ], [ 55.316002223317803, 25.252413389162186 ] ], [ [ 55.315812680459288, 25.252171590605656 ], [ 55.315831609928658, 25.25221818585652 ], [ 55.315781138282311, 25.252208389823771 ], [ 55.315812680459288, 25.252171590605656 ] ], [ [ 55.31556862012539, 25.253832277014645 ], [ 55.315569841839022, 25.253833498730053 ], [ 55.315568997535557, 25.253833787998349 ], [ 55.31556862012539, 25.253832277014645 ] ], [ [ 55.3153181, 25.2524696 ], [ 55.315298657149214, 25.252425710254915 ], [ 55.315514011178188, 25.252451120355847 ], [ 55.315523665757205, 25.252533851155949 ], [ 55.315236525093233, 25.252526393566779 ], [ 55.3153181, 25.2524696 ] ], [ [ 55.315237251257663, 25.252195887177862 ], [ 55.315222366380588, 25.252247983818314 ], [ 55.315172058403057, 25.252197675836602 ], [ 55.3152134, 25.2522057 ], [ 55.315237251257663, 25.252195887177862 ] ], [ [ 55.31502126105763, 25.252559511248556 ], [ 55.315037651961937, 25.252562692639753 ], [ 55.315080422546004, 25.252570994183412 ], [ 55.315021261057808, 25.252587897371054 ], [ 55.31502126105763, 25.252559511248556 ] ], [ [ 55.314800655624992, 25.252622836648076 ], [ 55.31496821842655, 25.252630783435031 ], [ 55.314976554249426, 25.252756853341602 ], [ 55.314718648734058, 25.252734828165774 ], [ 55.314800655624992, 25.252622836648076 ] ], [ [ 55.314980688829337, 25.252109184634108 ], [ 55.314972380910795, 25.252107572101828 ], [ 55.314977179292377, 25.252102203871424 ], [ 55.314980688829337, 25.252109184634108 ] ], [ [ 55.314886513764677, 25.253035025290128 ], [ 55.314718441426884, 25.253019839038927 ], [ 55.314656361205408, 25.253071933132421 ], [ 55.314379437314777, 25.252770927742748 ], [ 55.314397805239764, 25.252750378777989 ], [ 55.314415622173598, 25.252780073704894 ], [ 55.314638500002374, 25.252810446474374 ], [ 55.314638499925529, 25.252869575325828 ], [ 55.314683415617921, 25.252914491134785 ], [ 55.31486617924773, 25.252950598093424 ], [ 55.314904671591535, 25.253044104210474 ], [ 55.314886513764677, 25.253035025290128 ] ] ], [ [ [ 55.319455, 25.2318447 ], [ 55.31945180000001, 25.2318218 ], [ 55.31903386270475, 25.231751534088719 ], [ 55.319037062631118, 25.231774534093429 ], [ 55.319455, 25.2318447 ] ] ], [ [ [ 55.3193839, 25.2319068 ], [ 55.319414, 25.2319034 ], [ 55.3194084, 25.2318636 ], [ 55.318995762606569, 25.231792733984946 ], [ 55.31900126247919, 25.231832533992989 ], [ 55.3193839, 25.2319068 ] ] ], [ [ [ 55.319316168451607, 25.230798421318987 ], [ 55.319316168439258, 25.2308882528468 ], [ 55.319423005949481, 25.23089155353658 ], [ 55.319423005949481, 25.23080172200817 ], [ 55.319316168451607, 25.230798421318987 ] ] ], [ [ [ 55.319013125406684, 25.23908734191048 ], [ 55.3192507, 25.2391365 ], [ 55.3192663, 25.2390848 ], [ 55.319028725475775, 25.239035641932773 ], [ 55.319013125406684, 25.23908734191048 ] ] ], [ [ [ 55.319044621017305, 25.24211784173373 ], [ 55.3188595210881, 25.242114841512723 ], [ 55.318857520945933, 25.242213741503335 ], [ 55.3192212, 25.2422514 ], [ 55.3192232, 25.2421525 ], [ 55.319044621017305, 25.24211784173373 ] ] ], [ [ [ 55.319169513932174, 25.243866598043596 ], [ 55.319124598170582, 25.243866598034895 ], [ 55.319124598160073, 25.24391151379859 ], [ 55.319198427128448, 25.243917125156322 ], [ 55.319198427128448, 25.243872209392116 ], [ 55.319169513932174, 25.243866598043596 ] ] ], [ [ [ 55.319378090185275, 25.23071189047976 ], [ 55.319378090185275, 25.230622058951351 ], [ 55.319316168476313, 25.230618758263372 ], [ 55.319316168463963, 25.230708589791181 ], [ 55.319378090185275, 25.23071189047976 ] ] ], [ [ [ 55.319108595600035, 25.248408701576913 ], [ 55.318986448148458, 25.24840242997244 ], [ 55.318986448136712, 25.248447345736068 ], [ 55.319108595600035, 25.248453617341116 ], [ 55.319108595600035, 25.248408701576913 ] ] ], [ [ [ 55.3191836, 25.2403836 ], [ 55.3191862, 25.2402793 ], [ 55.318829223806084, 25.240241041609089 ], [ 55.318826623656484, 25.240345241598614 ], [ 55.3191836, 25.2403836 ] ] ], [ [ [ 55.319033064848021, 25.24799851819331 ], [ 55.318943233325143, 25.247998518174906 ], [ 55.318943233302882, 25.248088349702236 ], [ 55.319063679835836, 25.248094291227474 ], [ 55.319063679835836, 25.248004459699061 ], [ 55.319033064848021, 25.24799851819331 ] ] ], [ [ [ 55.3191079, 25.2446796 ], [ 55.3191077, 25.2446238 ], [ 55.318895917499816, 25.244589241381167 ], [ 55.318896117419115, 25.244645041377456 ], [ 55.3191079, 25.2446796 ] ] ], [ [ [ 55.318843195519754, 25.251904209063664 ], [ 55.318843195504918, 25.251949124827135 ], [ 55.318928932543216, 25.251957046949187 ], [ 55.318973848307422, 25.251912131184977 ], [ 55.318973848307422, 25.251822299656567 ], [ 55.318888111309953, 25.251814377548975 ], [ 55.318843195519754, 25.251904209063664 ] ] ], [ [ [ 55.318941532363681, 25.248492261489993 ], [ 55.318941532351928, 25.248537177253613 ], [ 55.319018764071629, 25.248543448869533 ], [ 55.319018764071629, 25.248498533105327 ], [ 55.318941532363681, 25.248492261489993 ] ] ], [ [ [ 55.319018764071629, 25.24140184236078 ], [ 55.319108595600035, 25.24140184236078 ], [ 55.319108595600035, 25.241312010832363 ], [ 55.318964340381051, 25.241301448279135 ], [ 55.318964340341509, 25.241391279805619 ], [ 55.319018764071629, 25.24140184236078 ] ] ], [ [ [ 55.3190417, 25.2438388 ], [ 55.319042, 25.2438057 ], [ 55.318741618739217, 25.243769841254718 ], [ 55.318741218691386, 25.243803041251894 ], [ 55.3190417, 25.2438388 ] ] ], [ [ [ 55.31889661663763, 25.248357514189387 ], [ 55.318973848307422, 25.24836378581271 ], [ 55.318973848307422, 25.248273954284297 ], [ 55.318896616661128, 25.248267682662121 ], [ 55.31889661663763, 25.248357514189387 ] ] ], [ [ [ 55.319063679835836, 25.241267095068167 ], [ 55.319063679835836, 25.241222179303961 ], [ 55.318962639681686, 25.24121128667262 ], [ 55.318962639661294, 25.241256202435824 ], [ 55.319063679835836, 25.241267095068167 ] ] ], [ [ [ 55.318433777082582, 25.243147997387268 ], [ 55.3189642, 25.2431798 ], [ 55.318964756999556, 25.243143627860306 ], [ 55.3190374, 25.2431481 ], [ 55.3190374, 25.2430996 ], [ 55.318787319784938, 25.243034741361353 ], [ 55.318569619880307, 25.243022841102004 ], [ 55.318469519919276, 25.243020740982519 ], [ 55.318385243231205, 25.243055507941982 ], [ 55.318129920029101, 25.243029140576056 ], [ 55.318130229609451, 25.243056105585321 ], [ 55.318099177154892, 25.24305599727488 ], [ 55.318111177089769, 25.243210797275847 ], [ 55.3182642, 25.2432211 ], [ 55.318264539810293, 25.243150854588539 ], [ 55.318372504554524, 25.243158991970343 ], [ 55.318373477051487, 25.243238297364858 ], [ 55.3184858, 25.2432476 ], [ 55.3184848, 25.2431579 ], [ 55.318433777082582, 25.243147997387268 ] ] ], [ [ [ 55.318972679087523, 25.238156697672196 ], [ 55.318966279068114, 25.238205297669023 ], [ 55.3190737, 25.2382213 ], [ 55.3190801, 25.2381727 ], [ 55.318972679087523, 25.238156697672196 ] ] ], [ [ [ 55.318786425323395, 25.239201341631503 ], [ 55.318759925205072, 25.239289841593582 ], [ 55.3190323, 25.2393476 ], [ 55.3190589, 25.2392591 ], [ 55.318786425323395, 25.239201341631503 ] ] ], [ [ [ 55.318834726513394, 25.238365541748362 ], [ 55.318825326454515, 25.238408641734079 ], [ 55.319058, 25.2384529 ], [ 55.3190674, 25.2384098 ], [ 55.318834726513394, 25.238365541748362 ] ] ], [ [ [ 55.31891602330986, 25.240941461996119 ], [ 55.318826191791892, 25.240941461961349 ], [ 55.318826191749871, 25.241031293487705 ], [ 55.318871107487844, 25.241076209268257 ], [ 55.319018764071629, 25.241087432011341 ], [ 55.319018764071629, 25.240997600482928 ], [ 55.31891602330986, 25.240941461996119 ] ] ], [ [ [ 55.319108595600035, 25.233900909738381 ], [ 55.319108595600035, 25.233855993974178 ], [ 55.319063679835836, 25.233811078209964 ], [ 55.319001757699048, 25.23380777746474 ], [ 55.318956841930202, 25.233852693223529 ], [ 55.318956841924027, 25.233897608987437 ], [ 55.319001757680518, 25.23394252475644 ], [ 55.319063679835836, 25.233945825502587 ], [ 55.319108595600035, 25.233900909738381 ] ] ], [ [ [ 55.319018764071629, 25.239380632971514 ], [ 55.31890922119166, 25.239368089967396 ], [ 55.3189092211447, 25.239457921493507 ], [ 55.319018764071629, 25.23947046449992 ], [ 55.319018764071629, 25.239380632971514 ] ] ], [ [ [ 55.318928932543216, 25.241806084238632 ], [ 55.318831293632151, 25.241795851707622 ], [ 55.318831293612988, 25.24184076747089 ], [ 55.318928932543216, 25.241851000002843 ], [ 55.318928932543216, 25.241806084238632 ] ] ], [ [ [ 55.318749269486389, 25.247016312886529 ], [ 55.318794185250596, 25.246971397122323 ], [ 55.318794185250596, 25.246926481358116 ], [ 55.318632224894827, 25.246921199957974 ], [ 55.318632224875039, 25.247011031485417 ], [ 55.318749269486389, 25.247016312886529 ] ] ], [ [ [ 55.31867373873424, 25.248088349647002 ], [ 55.318673738723113, 25.248133265410665 ], [ 55.318749269486389, 25.24813920699167 ], [ 55.318749269486389, 25.248094291227474 ], [ 55.31867373873424, 25.248088349647002 ] ] ], [ [ [ 55.318673738767622, 25.247953602356024 ], [ 55.318673738756495, 25.24799851811969 ], [ 55.318749269486389, 25.248004459699057 ], [ 55.318749269486389, 25.247959543934854 ], [ 55.318673738767622, 25.247953602356024 ] ] ], [ [ [ 55.318911926155181, 25.233942524746226 ], [ 55.318822094629837, 25.233942524736005 ], [ 55.318822094617474, 25.23403235626381 ], [ 55.318928932543216, 25.234035657030997 ], [ 55.318911926155181, 25.233942524746226 ] ] ], [ [ [ 55.31891192616753, 25.23385269321842 ], [ 55.318867010404865, 25.233852693213315 ], [ 55.318867010398691, 25.233897608977212 ], [ 55.318928932543216, 25.233900909738381 ], [ 55.31891192616753, 25.23385269321842 ] ] ], [ [ [ 55.318642431758292, 25.232639967562367 ], [ 55.318928932543216, 25.23264326834061 ], [ 55.318928932543216, 25.2325534368122 ], [ 55.318777179058664, 25.232550136049884 ], [ 55.318642431764474, 25.232595051798462 ], [ 55.318642431758292, 25.232639967562367 ] ] ], [ [ [ 55.318417620946846, 25.242322440969911 ], [ 55.3187537, 25.2423888 ], [ 55.3187762, 25.2422973 ], [ 55.318440121070964, 25.242230941003282 ], [ 55.318417620946846, 25.242322440969911 ] ] ], [ [ [ 55.318586979470986, 25.237323397557354 ], [ 55.318577779442499, 25.237394697552777 ], [ 55.318625179415811, 25.237447597567886 ], [ 55.3188077, 25.2374713 ], [ 55.3188375, 25.2371441 ], [ 55.318720479538214, 25.237127297606893 ], [ 55.318623979528141, 25.237175697572972 ], [ 55.318586979470986, 25.237323397557354 ] ] ], [ [ [ 55.318436985614383, 25.236409786069252 ], [ 55.31828626177127, 25.236391429699154 ], [ 55.3182929, 25.2363252 ], [ 55.317850749705826, 25.236246130378149 ], [ 55.317842049444195, 25.236332830342718 ], [ 55.318252946288453, 25.236409426167956 ], [ 55.318080679603362, 25.237128497388444 ], [ 55.318066079490457, 25.237405697377856 ], [ 55.31824060000001, 25.237427 ], [ 55.3183745, 25.2369618 ], [ 55.318436486786624, 25.236415207280203 ], [ 55.31841387976214, 25.236660897511655 ], [ 55.3188131, 25.2366971 ], [ 55.3188396, 25.2364091 ], [ 55.318440379878275, 25.236372897526522 ], [ 55.318436985614383, 25.236409786069252 ] ] ], [ [ [ 55.3187551, 25.2420983 ], [ 55.318641777498904, 25.242087797479726 ], [ 55.318641077477217, 25.242140497478431 ], [ 55.3187544, 25.2421511 ], [ 55.3187551, 25.2420983 ] ] ], [ [ [ 55.318537290476854, 25.24862700869344 ], [ 55.318449159793495, 25.248627338764923 ], [ 55.318449159782368, 25.248672254528579 ], [ 55.318488917130516, 25.248675382043473 ], [ 55.318447458919039, 25.2487617559649 ], [ 55.318614522193769, 25.248768027690566 ], [ 55.318659437957976, 25.248723111926356 ], [ 55.318659437957976, 25.24867819616215 ], [ 55.318614522193769, 25.248633280397947 ], [ 55.318537290476854, 25.24862700869344 ] ] ], [ [ [ 55.317882879444376, 25.237562897312124 ], [ 55.317880368624571, 25.237710167363659 ], [ 55.31780673632597, 25.237755083103718 ], [ 55.317806736309905, 25.237799998867132 ], [ 55.317860628066995, 25.237808581226933 ], [ 55.31785662042379, 25.237847174025593 ], [ 55.317533599306188, 25.237819184165165 ], [ 55.3175488, 25.2376585 ], [ 55.317328979471206, 25.237635597121564 ], [ 55.317313470955192, 25.237800155552048 ], [ 55.317217729369084, 25.237799008401623 ], [ 55.317127897777901, 25.237978671425282 ], [ 55.317111442977414, 25.238404628106874 ], [ 55.317039932924402, 25.238661488218835 ], [ 55.316943132379691, 25.238651417512049 ], [ 55.316943132359917, 25.238696333275286 ], [ 55.317032963874667, 25.23870689650958 ], [ 55.31703296374009, 25.239010743650649 ], [ 55.317177217739179, 25.239021306857872 ], [ 55.317187463811649, 25.239000814726733 ], [ 55.3182204, 25.2391182 ], [ 55.3182678, 25.2387741 ], [ 55.317860326360275, 25.238713740559355 ], [ 55.317612226436225, 25.238722840262255 ], [ 55.317598041856186, 25.23878391014799 ], [ 55.3176271, 25.2385348 ], [ 55.317351273884796, 25.23846421161074 ], [ 55.3174978, 25.2384827 ], [ 55.317571605480204, 25.23845834032964 ], [ 55.317914499761045, 25.238505229743716 ], [ 55.31789512643229, 25.23865524060508 ], [ 55.3182857, 25.2387124 ], [ 55.3182967, 25.2386276 ], [ 55.318250391181202, 25.238621152936684 ], [ 55.3185137, 25.2381621 ], [ 55.3185263, 25.2380651 ], [ 55.318006779257004, 25.237986097345871 ], [ 55.317977780433452, 25.238015233887516 ], [ 55.317641205221229, 25.237973857304329 ], [ 55.3176431, 25.2379509 ], [ 55.317356757742481, 25.237899151075812 ], [ 55.3185693, 25.2379736 ], [ 55.318578254030129, 25.23786487263035 ], [ 55.3187744, 25.2378894 ], [ 55.3187864, 25.237747 ], [ 55.318647026903101, 25.23771994960487 ], [ 55.318788, 25.2376918 ], [ 55.3188015, 25.2375735 ], [ 55.3186907, 25.2375026 ], [ 55.318480779418287, 25.237477497517975 ], [ 55.318420113676545, 25.237510196090785 ], [ 55.3184234, 25.2374672 ], [ 55.318372379437747, 25.237457297481384 ], [ 55.318034216426028, 25.237464715766627 ], [ 55.3180357, 25.2374443 ], [ 55.317922879494787, 25.237430797328461 ], [ 55.317916179457463, 25.237522897324304 ], [ 55.3180724, 25.2375587 ], [ 55.318398918935607, 25.237562706871717 ], [ 55.318399679332465, 25.237705597485682 ], [ 55.31849730770503, 25.237735094809725 ], [ 55.318034249174701, 25.237692709972034 ], [ 55.3180425, 25.2375793 ], [ 55.317882879444376, 25.237562897312124 ] ], [ [ 55.318020161868326, 25.23772429744534 ], [ 55.318016333509867, 25.237770762872511 ], [ 55.317940785731196, 25.237761913254655 ], [ 55.317940785730698, 25.2377195465731 ], [ 55.318020161868326, 25.23772429744534 ] ], [ [ 55.317947109189795, 25.238252728541799 ], [ 55.317588989826461, 25.238222523570141 ], [ 55.317313659710365, 25.238157739292685 ], [ 55.317329108623653, 25.238065045956709 ], [ 55.317503381179392, 25.2380778522631 ], [ 55.317493227273992, 25.238172440159023 ], [ 55.31794985001774, 25.238231505713706 ], [ 55.317947109189795, 25.238252728541799 ] ], [ [ 55.317249235747425, 25.238768862037492 ], [ 55.317252525369724, 25.238749124288926 ], [ 55.317355118004791, 25.238764625627752 ], [ 55.317249235747425, 25.238768862037492 ] ] ], [ [ [ 55.318822094648361, 25.233807777444294 ], [ 55.318777178885696, 25.233807777439182 ], [ 55.318777178879515, 25.233852693203087 ], [ 55.318839101014802, 25.233855993974178 ], [ 55.318822094648361, 25.233807777444294 ] ] ], [ [ [ 55.318600079144886, 25.238110297545919 ], [ 55.318591279111203, 25.238194097541214 ], [ 55.3187022, 25.2382091 ], [ 55.318707947415014, 25.238154368951399 ], [ 55.3187454, 25.2381599 ], [ 55.3187546, 25.2380712 ], [ 55.318704353722303, 25.238048403325141 ], [ 55.3187589, 25.2380544 ], [ 55.318769, 25.2379234 ], [ 55.318627079225735, 25.237907697559233 ], [ 55.318617980387373, 25.238025898256492 ], [ 55.318577106928203, 25.238025898239481 ], [ 55.31857710691461, 25.238070814003031 ], [ 55.318663807001194, 25.238078075816315 ], [ 55.31865962952665, 25.23811835196506 ], [ 55.318600079144886, 25.238110297545919 ] ] ], [ [ [ 55.318631, 25.2448705 ], [ 55.3186296, 25.244822 ], [ 55.31839081739308, 25.244788640763346 ], [ 55.318392117322531, 25.244837140761469 ], [ 55.318631, 25.2448705 ] ] ], [ [ [ 55.318599, 25.2464589 ], [ 55.3185983, 25.2464267 ], [ 55.318374015080956, 25.246392840629742 ], [ 55.318374715034167, 25.246425040628292 ], [ 55.318599, 25.2464589 ] ] ], [ [ [ 55.31856960642957, 25.245040019261467 ], [ 55.31856960642957, 25.244950187733053 ], [ 55.318459365437306, 25.244946226674848 ], [ 55.318459365429888, 25.244991142438696 ], [ 55.318504281184836, 25.245036058208672 ], [ 55.31856960642957, 25.245040019261467 ] ] ], [ [ [ 55.318471967709868, 25.241436525474697 ], [ 55.318471967671556, 25.241526357001227 ], [ 55.31856960642957, 25.241536589653396 ], [ 55.318614522193769, 25.241491673889193 ], [ 55.318614522193769, 25.24144675812499 ], [ 55.318471967709868, 25.241436525474697 ] ] ], [ [ [ 55.318364431121246, 25.247011361527111 ], [ 55.318409346873871, 25.24705627729853 ], [ 55.318524690665363, 25.247061228650736 ], [ 55.318524690665363, 25.246971397122323 ], [ 55.318479774901157, 25.246926481358116 ], [ 55.318364431139791, 25.246921529999607 ], [ 55.318364431121246, 25.247011361527111 ] ] ], [ [ [ 55.318704353722183, 25.233900909738384 ], [ 55.318704353722183, 25.233811078209971 ], [ 55.318659437957976, 25.233766162445772 ], [ 55.318597515841184, 25.233762861654832 ], [ 55.31859751582266, 25.233897608946549 ], [ 55.318704353722183, 25.233900909738384 ] ] ], [ [ [ 55.3186315, 25.2391917 ], [ 55.318409925525749, 25.239154841184885 ], [ 55.318406829629488, 25.239205514958122 ], [ 55.318268978733123, 25.239190297411035 ], [ 55.318260589006691, 25.23930241405936 ], [ 55.318214578686366, 25.239317097389897 ], [ 55.3185348, 25.2393414 ], [ 55.318538439308384, 25.239274190233225 ], [ 55.3186258, 25.2392849 ], [ 55.3186315, 25.2391917 ] ] ], [ [ [ 55.316780690818455, 25.230942802206229 ], [ 55.316795182245137, 25.231045497072714 ], [ 55.316965982096384, 25.231363597124584 ], [ 55.3174918, 25.2314251 ], [ 55.3180966, 25.2313371 ], [ 55.318238529683654, 25.231225772449793 ], [ 55.31847, 25.2312707 ], [ 55.318517031604088, 25.231210255661768 ], [ 55.3186507, 25.2312362 ], [ 55.3187319, 25.2311356 ], [ 55.318627995060261, 25.231067646718177 ], [ 55.3186874, 25.2309913 ], [ 55.318676, 25.2308741 ], [ 55.318570601822501, 25.230803141436265 ], [ 55.3187398, 25.2305878 ], [ 55.3182042, 25.2300803 ], [ 55.318153182508112, 25.230070397555956 ], [ 55.317087882561026, 25.230206997189601 ], [ 55.316901587200277, 25.230430117479781 ], [ 55.31455686322662, 25.229974968592288 ], [ 55.314423563863926, 25.22998796508411 ], [ 55.314237158169746, 25.230214359855065 ], [ 55.314252054829751, 25.230316260086695 ], [ 55.314558646244471, 25.23051146780633 ], [ 55.31609143699113, 25.23080901087209 ], [ 55.316091436979328, 25.230836404503993 ], [ 55.316144155162441, 25.230846637772373 ], [ 55.316189070926775, 25.230827962845183 ], [ 55.316780690818455, 25.230942802206229 ] ] ], [ [ [ 55.318659437957976, 25.233945825502587 ], [ 55.318597515816478, 25.233942524710447 ], [ 55.318597515810303, 25.233987440474358 ], [ 55.318659437957976, 25.233990741266801 ], [ 55.318659437957976, 25.233945825502587 ] ] ], [ [ [ 55.317734225287204, 25.239487940353854 ], [ 55.317684778490076, 25.239924397196727 ], [ 55.3178526, 25.2399463 ], [ 55.317863034828477, 25.239862985383152 ], [ 55.318182146979026, 25.239898811157911 ], [ 55.31808396541706, 25.240137119988486 ], [ 55.318007504183477, 25.240130997370478 ], [ 55.317962588375977, 25.240220828876016 ], [ 55.317962588326544, 25.240310660402013 ], [ 55.318064546436098, 25.2403238640211 ], [ 55.318052305160812, 25.240441582743088 ], [ 55.317722723977468, 25.240397440275721 ], [ 55.317668223346793, 25.240847540178727 ], [ 55.31793, 25.2408905 ], [ 55.317935055628034, 25.240844094343888 ], [ 55.3184175, 25.240892 ], [ 55.3185474, 25.2396072 ], [ 55.318335878564838, 25.239581397425965 ], [ 55.318311301047771, 25.239632143416145 ], [ 55.3183193, 25.2395594 ], [ 55.317734225287204, 25.239487940353854 ] ], [ [ 55.318244234547386, 25.239770617523554 ], [ 55.317879443847566, 25.239731970850503 ], [ 55.317887314537607, 25.239669128772938 ], [ 55.3182282, 25.2397068 ], [ 55.3183079037208, 25.239639157982513 ], [ 55.318244234547386, 25.239770617523554 ] ] ], [ [ [ 55.318202, 25.2434321 ], [ 55.318408972365567, 25.243435021749896 ], [ 55.318409076956939, 25.243458497372554 ], [ 55.3184936, 25.2434683 ], [ 55.3184929, 25.2433112 ], [ 55.318408377021868, 25.243301397375497 ], [ 55.318408597595614, 25.243350904756319 ], [ 55.318152377031907, 25.243340697287284 ], [ 55.318150976998403, 25.243422197285163 ], [ 55.318202, 25.2434321 ] ] ], [ [ [ 55.3184228, 25.2437329 ], [ 55.318244219021295, 25.243698240665307 ], [ 55.318179219042754, 25.243699540587524 ], [ 55.31818041423913, 25.24375138548838 ], [ 55.317959719090808, 25.243720840323675 ], [ 55.317953818956532, 25.243815240309946 ], [ 55.3181324, 25.2438499 ], [ 55.318270524642436, 25.243829555990903 ], [ 55.3184829, 25.2438614 ], [ 55.3184829, 25.2437922 ], [ 55.318423902103014, 25.24378074963138 ], [ 55.3184228, 25.2437329 ] ] ], [ [ [ 55.318371234673677, 25.245126219807382 ], [ 55.318371234666877, 25.245171135571251 ], [ 55.31843485913695, 25.245174766554083 ], [ 55.31843485913695, 25.245129850789883 ], [ 55.318371234673677, 25.245126219807382 ] ] ], [ [ [ 55.3184134, 25.2436442 ], [ 55.3184127, 25.2435956 ], [ 55.318361676909291, 25.243585697353804 ], [ 55.318084476936413, 25.243588897259077 ], [ 55.31808517691632, 25.243637397258333 ], [ 55.3181362, 25.2436473 ], [ 55.3184134, 25.2436442 ] ] ], [ [ [ 55.318284214404407, 25.241211501726813 ], [ 55.317249578046486, 25.241107297024197 ], [ 55.31722507795736, 25.241329297011337 ], [ 55.318037977710446, 25.241725397280881 ], [ 55.318225, 25.2417476 ], [ 55.31825409459902, 25.241484192485249 ], [ 55.3183566, 25.2414924 ], [ 55.3184125, 25.2412364 ], [ 55.318284214404407, 25.241211501726813 ] ] ], [ [ [ 55.318238189783074, 25.233448451266622 ], [ 55.318345027608537, 25.233451752096322 ], [ 55.318389943372743, 25.233406836332115 ], [ 55.318345216411807, 25.233138285764696 ], [ 55.31847770000001, 25.233164 ], [ 55.3185033, 25.2331398 ], [ 55.318210280316222, 25.233076116166455 ], [ 55.318210280315917, 25.23300259445427 ], [ 55.318103442556833, 25.232999293612263 ], [ 55.318078959367099, 25.233067531444583 ], [ 55.318103442538295, 25.233134040903973 ], [ 55.31816536455171, 25.233137341746882 ], [ 55.318193808101967, 25.233108898202293 ], [ 55.31832334645356, 25.233134040930342 ], [ 55.31823818982631, 25.233134040919303 ], [ 55.318193274057471, 25.233178956678096 ], [ 55.318238189783074, 25.233448451266622 ] ] ], [ [ [ 55.318255196080123, 25.249711258738888 ], [ 55.318255196080123, 25.249621427210474 ], [ 55.318183066683844, 25.249616145699463 ], [ 55.318138150912205, 25.249661061454994 ], [ 55.318138150902314, 25.249705977218721 ], [ 55.318255196080123, 25.249711258738888 ] ] ], [ [ [ 55.318236487392923, 25.245081304026634 ], [ 55.318191571630408, 25.245081304021014 ], [ 55.318210280315917, 25.245444261139319 ], [ 55.318255196080123, 25.245444261139319 ], [ 55.31830011184433, 25.245399345375116 ], [ 55.318236487392923, 25.245081304026634 ] ] ], [ [ [ 55.317896566159348, 25.242471238289241 ], [ 55.317985701494891, 25.242479820701721 ], [ 55.318014598506601, 25.242395623912 ], [ 55.3183102, 25.2424598 ], [ 55.3183186, 25.2423936 ], [ 55.318167007638799, 25.242364178332068 ], [ 55.3183199, 25.2423742 ], [ 55.3183341, 25.2422949 ], [ 55.318072321178192, 25.242248140562499 ], [ 55.318061428643077, 25.24230940093371 ], [ 55.318031860090336, 25.242303662103989 ], [ 55.318030617259097, 25.242210326116485 ], [ 55.317896566255769, 25.242201743708726 ], [ 55.317851650431287, 25.242381406749114 ], [ 55.317851650415207, 25.242426322512532 ], [ 55.317896566159348, 25.242471238289241 ] ] ], [ [ [ 55.31823607868251, 25.239321097397148 ], [ 55.318235078661196, 25.239372997395765 ], [ 55.3183169, 25.2393834 ], [ 55.3183179, 25.2393315 ], [ 55.31823607868251, 25.239321097397148 ] ] ], [ [ [ 55.317952377658798, 25.241871797248699 ], [ 55.317984668664664, 25.241877137218278 ], [ 55.317963450011099, 25.241976504730275 ], [ 55.317938080604421, 25.241976504720505 ], [ 55.317951621368906, 25.242146140425472 ], [ 55.3182127, 25.2421959 ], [ 55.3182381, 25.2420819 ], [ 55.318131263467414, 25.242061530041852 ], [ 55.31814001206871, 25.242020569003582 ], [ 55.3182178, 25.2420352 ], [ 55.3182545, 25.2418638 ], [ 55.317964477689593, 25.241794197254407 ], [ 55.317952377658798, 25.241871797248699 ] ] ], [ [ [ 55.31805002025007, 25.249616475771024 ], [ 55.318050020231517, 25.249706307298524 ], [ 55.318120448787504, 25.249711258738888 ], [ 55.318120448787504, 25.249621427210478 ], [ 55.31805002025007, 25.249616475771024 ] ] ], [ [ [ 55.317956787087027, 25.249346320979235 ], [ 55.317956787076511, 25.249391236742923 ], [ 55.318001702827594, 25.249436152515315 ], [ 55.318075533023304, 25.249441764153648 ], [ 55.318120448787504, 25.249396848389438 ], [ 55.318120448787504, 25.249351932625242 ], [ 55.317956787087027, 25.249346320979235 ] ] ], [ [ [ 55.318101740139369, 25.244856725190395 ], [ 55.31805682437686, 25.244856725184775 ], [ 55.318011908607545, 25.244901640943024 ], [ 55.318011908573546, 25.245126219762387 ], [ 55.318120448787504, 25.245129850789876 ], [ 55.31816536455171, 25.245040019261467 ], [ 55.318101740139369, 25.244856725190395 ] ] ], [ [ [ 55.3182112, 25.2391731 ], [ 55.31769517882546, 25.239109197216763 ], [ 55.317682578790148, 25.239197897210676 ], [ 55.3181986, 25.2392619 ], [ 55.3182112, 25.2391731 ] ] ], [ [ [ 55.318120448787504, 25.245174766554083 ], [ 55.318011908566753, 25.245171135526249 ], [ 55.318011908559953, 25.245216051290136 ], [ 55.318120448787504, 25.245219682318286 ], [ 55.318120448787504, 25.245174766554083 ] ] ], [ [ [ 55.31562321985836, 25.246441223126187 ], [ 55.315599719557191, 25.246544323050337 ], [ 55.315678707881155, 25.246559542818133 ], [ 55.315671219353192, 25.246592423226165 ], [ 55.316080672668136, 25.246671014534755 ], [ 55.316081018632957, 25.246723124255944 ], [ 55.316400779645875, 25.246785187678277 ], [ 55.316400132794669, 25.246834104632548 ], [ 55.316036265726964, 25.246767067984994 ], [ 55.315756375928359, 25.246609296402927 ], [ 55.315730875916195, 25.24664509639349 ], [ 55.315896012987722, 25.246741228419943 ], [ 55.315656619040212, 25.246697123172865 ], [ 55.315632376433477, 25.246812545112906 ], [ 55.315607518734907, 25.246807923030271 ], [ 55.31546481810436, 25.247047022628447 ], [ 55.315426317577213, 25.247226822502519 ], [ 55.315790742476445, 25.247311214173482 ], [ 55.314974575780667, 25.247161396124735 ], [ 55.314920275763129, 25.247217396105057 ], [ 55.314867575702841, 25.247376496083834 ], [ 55.31489647564802, 25.247502096091157 ], [ 55.314930875633337, 25.247529096102358 ], [ 55.3164198, 25.2478168 ], [ 55.31644961822483, 25.24757224937191 ], [ 55.316504475449584, 25.24758289663869 ], [ 55.316493675333248, 25.247867296629249 ], [ 55.316674255082305, 25.247872405217763 ], [ 55.316676331265718, 25.247949574151921 ], [ 55.316532913532789, 25.247921738320763 ], [ 55.316504613542961, 25.24792173828693 ], [ 55.31650461350582, 25.247947438285102 ], [ 55.316677174891709, 25.247980930595173 ], [ 55.316678675244312, 25.248036696689002 ], [ 55.317025462183395, 25.248043628621275 ], [ 55.317025462176368, 25.248090990161014 ], [ 55.317087386210773, 25.248094291227474 ], [ 55.317087386210773, 25.248004459699061 ], [ 55.317037381710051, 25.248001158635887 ], [ 55.317035440414564, 25.247911859029013 ], [ 55.317087386210773, 25.247914628170648 ], [ 55.317087386210773, 25.247824796642234 ], [ 55.316909375312548, 25.247814096772299 ], [ 55.316901305836545, 25.247866411342262 ], [ 55.3168229, 25.247602 ], [ 55.316608071473134, 25.247579090729548 ], [ 55.3167086, 25.2475771 ], [ 55.3167079, 25.2475243 ], [ 55.3166401093807, 25.247497561828844 ], [ 55.31698, 25.2475422 ], [ 55.316982, 25.2473971 ], [ 55.316872161046284, 25.247375781626864 ], [ 55.316916759248059, 25.247372536945655 ], [ 55.3173093, 25.2474405 ], [ 55.317875718071228, 25.24744829771096 ], [ 55.3180832, 25.2474822 ], [ 55.3180832, 25.2474458 ], [ 55.317956248234644, 25.247421161232847 ], [ 55.3179566, 25.247399 ], [ 55.317719197298388, 25.24735292462071 ], [ 55.3179546, 25.2473567 ], [ 55.3179569, 25.2472406 ], [ 55.317735735733173, 25.247197676166589 ], [ 55.3180756, 25.2472076 ], [ 55.3180868, 25.2465796 ], [ 55.318019730282288, 25.246566583073996 ], [ 55.3180203, 25.2465324 ], [ 55.317637618255333, 25.246458128283177 ], [ 55.317101034487472, 25.246457199515032 ], [ 55.316791519095503, 25.246397126125267 ], [ 55.316368319425301, 25.24639582504151 ], [ 55.316368712077512, 25.246454225973821 ], [ 55.315882019857597, 25.246377123798787 ], [ 55.315880019705858, 25.246426623786153 ], [ 55.316079306915583, 25.246465304509364 ], [ 55.316079542423559, 25.246500776603412 ], [ 55.315928158418892, 25.24647171975575 ], [ 55.3159284, 25.2464412 ], [ 55.31587737598943, 25.246431296447845 ], [ 55.315831775994234, 25.246430996432281 ], [ 55.315831600340751, 25.246453186182141 ], [ 55.31562321985836, 25.246441223126187 ] ], [ [ 55.317267889232937, 25.246824781956214 ], [ 55.317412003738831, 25.246852752458381 ], [ 55.317267537723204, 25.246851379544164 ], [ 55.317267889232937, 25.246824781956214 ] ], [ [ 55.317154218013037, 25.246656527014899 ], [ 55.317369970659392, 25.246698401584432 ], [ 55.316931983962547, 25.246637392471477 ], [ 55.316944960578887, 25.246632297825403 ], [ 55.317154218013037, 25.246656527014899 ] ], [ [ 55.317264430971747, 25.246541609066902 ], [ 55.317264519471529, 25.246531276719018 ], [ 55.317320956591253, 25.246542230371276 ], [ 55.317264430971747, 25.246541609066902 ] ], [ [ 55.317221513020961, 25.247319875355629 ], [ 55.317098069805141, 25.247318175326438 ], [ 55.317097811045606, 25.24729586653503 ], [ 55.317221513020961, 25.247319875355629 ] ], [ [ 55.316983448066736, 25.247056432877276 ], [ 55.316896975626435, 25.247056996783389 ], [ 55.316897375607155, 25.247103596782573 ], [ 55.316988975580898, 25.247144396813034 ], [ 55.317180367446198, 25.247160010259549 ], [ 55.316981712497764, 25.247167127458788 ], [ 55.316894350293325, 25.247140083413065 ], [ 55.316895, 25.2470953 ], [ 55.316483716446029, 25.247011589987668 ], [ 55.316497835693497, 25.246937604754855 ], [ 55.3167817, 25.2469927 ], [ 55.317188907039906, 25.24700439130303 ], [ 55.316983717070023, 25.247003426525538 ], [ 55.316983448066736, 25.247056432877276 ] ], [ [ 55.316957674749155, 25.246544057641248 ], [ 55.316957658277182, 25.24654145342328 ], [ 55.316992941650874, 25.246550902530391 ], [ 55.316957674749155, 25.246544057641248 ] ], [ [ 55.316740660345268, 25.247221905497113 ], [ 55.316637957002577, 25.247195463518526 ], [ 55.31664027682185, 25.247162798955429 ], [ 55.316852094054866, 25.247191312145976 ], [ 55.31685235067588, 25.247215141600925 ], [ 55.316740660345268, 25.247221905497113 ] ], [ [ 55.316742268852565, 25.247322640850257 ], [ 55.316742716218442, 25.247350657884486 ], [ 55.316635072168893, 25.247319112406029 ], [ 55.3166618, 25.2473243 ], [ 55.316742268852565, 25.247322640850257 ] ], [ [ 55.31623287936943, 25.247195563124549 ], [ 55.316484, 25.2472421 ], [ 55.3164864, 25.2471952 ], [ 55.316334156317154, 25.247166883628594 ], [ 55.3164888, 25.2471615 ], [ 55.316253447548803, 25.247099578373319 ], [ 55.316533775630873, 25.247136596657732 ], [ 55.316527575595437, 25.247223896653839 ], [ 55.316608733528007, 25.247233871641175 ], [ 55.31661017203249, 25.247290597598244 ], [ 55.316526875569579, 25.247286696652328 ], [ 55.316527630762579, 25.247313896589109 ], [ 55.316212785818657, 25.247275911330245 ], [ 55.31622378912661, 25.247237984163085 ], [ 55.3164731, 25.2472854 ], [ 55.3164805, 25.2472496 ], [ 55.31623287936943, 25.247195563124549 ] ], [ [ 55.316532148356274, 25.247476607690412 ], [ 55.316362759384958, 25.247457311589027 ], [ 55.316154699626843, 25.247378021701241 ], [ 55.316400800597286, 25.24741067087518 ], [ 55.316532148356274, 25.247476607690412 ] ] ], [ [ [ 55.318101740186968, 25.24454231484329 ], [ 55.318011908661937, 25.244542314832042 ], [ 55.318011908648337, 25.244632146359788 ], [ 55.318120448787504, 25.244635777383611 ], [ 55.318101740186968, 25.24454231484329 ] ] ], [ [ [ 55.3169401, 25.2458142 ], [ 55.317081335479834, 25.245815477831343 ], [ 55.3174751, 25.2458964 ], [ 55.3177439, 25.2458996 ], [ 55.31793660000001, 25.2458738 ], [ 55.317938386022533, 25.245751436175038 ], [ 55.318078, 25.2457675 ], [ 55.3180775, 25.2456897 ], [ 55.317939677542959, 25.245662951156486 ], [ 55.3179407, 25.2455929 ], [ 55.317503888247451, 25.245501437066821 ], [ 55.3179359, 25.2455246 ], [ 55.3179359, 25.2453259 ], [ 55.317553222056304, 25.245251628250045 ], [ 55.317199791124573, 25.245233545991628 ], [ 55.317195725875415, 25.245514340359112 ], [ 55.317093221600622, 25.245513127032194 ], [ 55.317007284250124, 25.245627993204398 ], [ 55.316749649690514, 25.245577988916516 ], [ 55.316996, 25.2455826 ], [ 55.3169989, 25.2452878 ], [ 55.316616222895505, 25.245213525855952 ], [ 55.315701723677229, 25.245188423517554 ], [ 55.315699922754639, 25.245486823467616 ], [ 55.3160826, 25.2455611 ], [ 55.316559178912243, 25.245578272267124 ], [ 55.316558537900171, 25.24563722880216 ], [ 55.316310521825983, 25.245634925009007 ], [ 55.316309421508812, 25.245737624990596 ], [ 55.3166921, 25.2458119 ], [ 55.3169401, 25.2458142 ] ], [ [ 55.316669309247864, 25.245575305607158 ], [ 55.316608366746109, 25.245574763132776 ], [ 55.316608548270466, 25.245563512404456 ], [ 55.316669309247864, 25.245575305607158 ] ] ], [ [ [ 55.3180487, 25.2476626 ], [ 55.3180478, 25.2474997 ], [ 55.317906175343985, 25.247490197119276 ], [ 55.317907075276622, 25.247653097116295 ], [ 55.3180487, 25.2476626 ] ] ], [ [ [ 55.317106650342119, 25.236225528476108 ], [ 55.317052848872855, 25.236713628264262 ], [ 55.3179757, 25.2368491 ], [ 55.31816, 25.2366667 ], [ 55.3181792, 25.2364924 ], [ 55.3176441, 25.2363138 ], [ 55.317106650342119, 25.236225528476108 ] ] ], [ [ [ 55.317943077330256, 25.242669997229378 ], [ 55.3180718, 25.2426932 ], [ 55.3180935, 25.24259 ], [ 55.317964677370639, 25.24256679723884 ], [ 55.317943077330256, 25.242669997229378 ] ] ], [ [ [ 55.317915272945811, 25.249706307275513 ], [ 55.317985701494891, 25.249711258738891 ], [ 55.317985701494891, 25.249531595682065 ], [ 55.317825441459114, 25.249526644205172 ], [ 55.317825441431289, 25.249661391496417 ], [ 55.317915272945811, 25.249706307275513 ] ] ], [ [ [ 55.317915273233304, 25.248313918599212 ], [ 55.317915273224031, 25.248358834362964 ], [ 55.317985701494891, 25.248363785812703 ], [ 55.317985701494891, 25.2483188700485 ], [ 55.317915273233304, 25.248313918599212 ] ] ], [ [ [ 55.3179508, 25.24784 ], [ 55.3179508, 25.2477896 ], [ 55.317504114464818, 25.24771532775048 ], [ 55.317504214308663, 25.247765727743086 ], [ 55.3179508, 25.24784 ] ] ], [ [ [ 55.317246677312625, 25.242885796987213 ], [ 55.317247277200444, 25.243157396981928 ], [ 55.3179674, 25.243166 ], [ 55.317967, 25.2430301 ], [ 55.317371677299931, 25.242885497029903 ], [ 55.317246677312625, 25.242885796987213 ] ] ], [ [ [ 55.3180379, 25.237338 ], [ 55.317873679546508, 25.237317697313951 ], [ 55.317865779518264, 25.237388097309832 ], [ 55.31803, 25.2374084 ], [ 55.3180379, 25.237338 ] ] ], [ [ [ 55.317145721379205, 25.242339339448659 ], [ 55.31711412111185, 25.242532239397228 ], [ 55.3178221, 25.2426619 ], [ 55.3178652, 25.2424651 ], [ 55.3176596, 25.242339 ], [ 55.317368521355966, 25.242300039717708 ], [ 55.317145721379205, 25.242339339448659 ] ] ], [ [ [ 55.31769409529268, 25.252761239376866 ], [ 55.31764917953047, 25.25276123937023 ], [ 55.317649179514397, 25.252851070897844 ], [ 55.317716206909651, 25.252855362233309 ], [ 55.317716206909651, 25.252765530704888 ], [ 55.31769409529268, 25.252761239376866 ] ] ], [ [ [ 55.317865, 25.2373843 ], [ 55.317919, 25.2369645 ], [ 55.317536347954238, 25.236890229475435 ], [ 55.317036248501843, 25.236837628202952 ], [ 55.316982347243702, 25.237257528001198 ], [ 55.317365, 25.2373318 ], [ 55.317865, 25.2373843 ] ] ], [ [ [ 55.31516761144443, 25.249706136562232 ], [ 55.315164274683127, 25.249772196136625 ], [ 55.315298, 25.2497867 ], [ 55.315301919847805, 25.249729240810911 ], [ 55.3153976, 25.2497457 ], [ 55.3154037, 25.2496929 ], [ 55.315305550817428, 25.249676016079242 ], [ 55.3153488, 25.2496689 ], [ 55.3153571, 25.249547 ], [ 55.315319157084588, 25.249539635421581 ], [ 55.315322318425764, 25.24949302702888 ], [ 55.315517, 25.2494884 ], [ 55.315514643981544, 25.249469399857759 ], [ 55.31556883639832, 25.24947991833 ], [ 55.315539311636201, 25.249481037022527 ], [ 55.31554131157246, 25.249524637021825 ], [ 55.3157806, 25.249557 ], [ 55.3157786, 25.2495134 ], [ 55.315674638561468, 25.249493221753635 ], [ 55.315804, 25.2494824 ], [ 55.31580876997814, 25.249428541053938 ], [ 55.3160355, 25.2494916 ], [ 55.31611715851728, 25.249480970836096 ], [ 55.316426, 25.2495442 ], [ 55.316434043448531, 25.249501193142855 ], [ 55.316464588348566, 25.249505629389368 ], [ 55.316461074647201, 25.249536796584309 ], [ 55.3165746, 25.2495525 ], [ 55.316601004711401, 25.24952770978496 ], [ 55.316591474622172, 25.249564996628269 ], [ 55.3167205, 25.2495912 ], [ 55.3169001, 25.2496151 ], [ 55.316903569258301, 25.249589851529482 ], [ 55.3177179, 25.249721 ], [ 55.3177332, 25.2496417 ], [ 55.317619581933982, 25.249621427225023 ], [ 55.317671291145444, 25.249621427210474 ], [ 55.317716206909651, 25.249576511446275 ], [ 55.317716206909651, 25.249486679917855 ], [ 55.316922023737611, 25.249301074906878 ], [ 55.316383034611462, 25.249256159032765 ], [ 55.31629320307745, 25.249301074778014 ], [ 55.316293203053277, 25.249406696786721 ], [ 55.316189070926846, 25.249387231690001 ], [ 55.316189070926647, 25.249307016861035 ], [ 55.316144155162441, 25.249262101096829 ], [ 55.315985596124946, 25.249212563663765 ], [ 55.31522202817002, 25.24921256354207 ], [ 55.314862702056288, 25.249302395012361 ], [ 55.314817786285573, 25.249347310768982 ], [ 55.314817786268264, 25.249437142296546 ], [ 55.314862702021664, 25.249482058067485 ], [ 55.315184135550652, 25.249480593258291 ], [ 55.315181935370155, 25.249513001110561 ], [ 55.315053211775755, 25.249505336439714 ], [ 55.315044911602556, 25.249627236421148 ], [ 55.315172474731945, 25.249651996141861 ], [ 55.31516761144443, 25.249706136562232 ] ] ], [ [ [ 55.317659627969974, 25.237649240394905 ], [ 55.317567228012543, 25.237642740284951 ], [ 55.317563627954911, 25.237683540277761 ], [ 55.3178346, 25.2377248 ], [ 55.3178382, 25.2376839 ], [ 55.317659627969974, 25.237649240394905 ] ] ], [ [ [ 55.316905161864575, 25.240727608762924 ], [ 55.316726052494154, 25.240710280246351 ], [ 55.316726052360664, 25.240889943296629 ], [ 55.316862807389739, 25.240907768954511 ], [ 55.316907723153946, 25.240862853190311 ], [ 55.316907723154365, 25.240741652484726 ], [ 55.316934578216873, 25.240772796923409 ], [ 55.3173365, 25.2408167 ], [ 55.3173441, 25.2407476 ], [ 55.317174123353965, 25.240714608721589 ], [ 55.317225557066052, 25.240246689018935 ], [ 55.317268324220684, 25.240342039736621 ], [ 55.3177148, 25.2404022 ], [ 55.3177634, 25.2399857 ], [ 55.316952638918231, 25.239883154457733 ], [ 55.316907723153946, 25.239829790613577 ], [ 55.316806683875306, 25.239818897203481 ], [ 55.316806683854914, 25.239863812966679 ], [ 55.316851599593662, 25.239908728746759 ], [ 55.317036892101839, 25.239956531700855 ], [ 55.316855124940417, 25.239946539270861 ], [ 55.316846824765427, 25.24006973925221 ], [ 55.317021104361885, 25.240103566236339 ], [ 55.316844424740431, 25.24008763924807 ], [ 55.316824239994766, 25.240271462459805 ], [ 55.316744760728632, 25.240264753773054 ], [ 55.316699844944466, 25.240309669513966 ], [ 55.316699844917892, 25.240354585276879 ], [ 55.316813554013883, 25.240368779784642 ], [ 55.316810824310444, 25.240393639186248 ], [ 55.317066379309779, 25.240435203365283 ], [ 55.316993069563622, 25.240493938612808 ], [ 55.316824387780919, 25.240487352008458 ], [ 55.316824387720359, 25.240577183533905 ], [ 55.316916858189366, 25.240593358607573 ], [ 55.316905161864575, 25.240727608762924 ] ], [ [ 55.317185569854267, 25.239982838806995 ], [ 55.317095858770976, 25.239965426358122 ], [ 55.317186928625873, 25.239971165856748 ], [ 55.317185569854267, 25.239982838806995 ] ], [ [ 55.317038095524296, 25.24010509791297 ], [ 55.317170491249712, 25.240112376057859 ], [ 55.317172826764697, 25.240129124944875 ], [ 55.317058524635655, 25.24010693950256 ], [ 55.317038095524296, 25.24010509791297 ] ] ], [ [ [ 55.3176574, 25.2407984 ], [ 55.317413123566403, 25.240758939880134 ], [ 55.317409123502976, 25.240803839872179 ], [ 55.317653300000011, 25.2408433 ], [ 55.3176574, 25.2407984 ] ] ], [ [ [ 55.317699200742211, 25.23263996745505 ], [ 55.317654284979547, 25.232639967449941 ], [ 55.3176093692107, 25.232684883208726 ], [ 55.317609369198344, 25.232774714736539 ], [ 55.317761122673858, 25.23277801563324 ], [ 55.317761122673858, 25.232688184104823 ], [ 55.317699200742211, 25.23263996745505 ] ] ], [ [ [ 55.317204878886251, 25.239083797049886 ], [ 55.317193378849879, 25.239174797044114 ], [ 55.3176586, 25.2392274 ], [ 55.31767, 25.2391364 ], [ 55.317204878886251, 25.239083797049886 ] ] ], [ [ [ 55.317530174459925, 25.243750475508872 ], [ 55.3175317, 25.2436181 ], [ 55.317412276997707, 25.243607497029164 ], [ 55.317410896010912, 25.243727324995685 ], [ 55.317358819298242, 25.243726639605082 ], [ 55.317359268195837, 25.243788535634444 ], [ 55.317227519278219, 25.243773139444862 ], [ 55.317227019217995, 25.243814939441307 ], [ 55.3175851, 25.2438575 ], [ 55.3175844, 25.243761 ], [ 55.317530174459925, 25.243750475508872 ] ] ], [ [ [ 55.317418, 25.230105 ], [ 55.317592191319072, 25.230049569782313 ], [ 55.3176905, 25.2300548 ], [ 55.3177008, 25.2300065 ], [ 55.317581243064183, 25.229970468671816 ], [ 55.3175725, 25.2299073 ], [ 55.31743645373875, 25.229880892878693 ], [ 55.317219653771097, 25.229905392680049 ], [ 55.317177653703602, 25.22997719263795 ], [ 55.317192953576871, 25.230088592645867 ], [ 55.317418, 25.230105 ] ] ], [ [ [ 55.317384790440592, 25.23237047283585 ], [ 55.317671291145444, 25.232373773755377 ], [ 55.317671291145444, 25.232194110698554 ], [ 55.317609369284824, 25.232145894041889 ], [ 55.317474621996816, 25.232145894026559 ], [ 55.317384790465297, 25.232190809780235 ], [ 55.317339874696451, 25.232235725539024 ], [ 55.317339874684095, 25.232325557066844 ], [ 55.317384790440592, 25.23237047283585 ] ] ], [ [ [ 55.316894410846068, 25.249690838627572 ], [ 55.3173871, 25.2497841 ], [ 55.3174035, 25.2497122 ], [ 55.316910810943952, 25.249619038652266 ], [ 55.316894410846068, 25.249690838627572 ] ] ], [ [ [ 55.31714825420115, 25.243524637842548 ], [ 55.3174551, 25.2435436 ], [ 55.3174538, 25.2434854 ], [ 55.317275219726916, 25.243450739524707 ], [ 55.317084619790172, 25.243454339296662 ], [ 55.317085445035346, 25.243491287287547 ], [ 55.317020777069885, 25.243529996897042 ], [ 55.317108360935265, 25.243610346466319 ], [ 55.317063119527987, 25.243641139257722 ], [ 55.31713561941077, 25.243704239339912 ], [ 55.3173142, 25.2437389 ], [ 55.317349, 25.2437062 ], [ 55.31714825420115, 25.243524637842548 ] ] ], [ [ [ 55.3173631, 25.247702 ], [ 55.3173627, 25.2476628 ], [ 55.317240075344912, 25.247653496888486 ], [ 55.317240475328738, 25.247692596887831 ], [ 55.3173631, 25.247702 ] ] ], [ [ [ 55.3173174, 25.2478635 ], [ 55.317315, 25.2477648 ], [ 55.317212975305424, 25.247755896877159 ], [ 55.317215475264405, 25.247854596876017 ], [ 55.3173174, 25.2478635 ] ] ], [ [ [ 55.3172595, 25.2480278 ], [ 55.3172598, 25.2479387 ], [ 55.317096375246159, 25.247928396833849 ], [ 55.317095975209405, 25.24801749683191 ], [ 55.3172595, 25.2480278 ] ] ], [ [ [ 55.3173242, 25.2414925 ], [ 55.316750522889038, 25.241392539043421 ], [ 55.316684122867223, 25.241424138961836 ], [ 55.316492721578065, 25.242364038666494 ], [ 55.316519421495805, 25.242414338694839 ], [ 55.3171058, 25.2425149 ], [ 55.3173242, 25.2414925 ] ] ], [ [ [ 55.31722017880692, 25.239272197051299 ], [ 55.3173371, 25.2392874 ], [ 55.3173425, 25.2392328 ], [ 55.317225578828904, 25.239217597054239 ], [ 55.31722017880692, 25.239272197051299 ] ] ], [ [ [ 55.3172095, 25.2429055 ], [ 55.3172191, 25.2428495 ], [ 55.316295508376292, 25.242707426549266 ], [ 55.316229507894519, 25.243010826432631 ], [ 55.3165189, 25.2430656 ], [ 55.316573472832815, 25.242814432596646 ], [ 55.316690791848231, 25.242837430438179 ], [ 55.316624977288917, 25.243097796770641 ], [ 55.316722195496268, 25.243154481702028 ], [ 55.316715577245404, 25.243180696799893 ], [ 55.3170332, 25.2432642 ], [ 55.317141783045422, 25.242893026237297 ], [ 55.3172095, 25.2429055 ] ] ], [ [ [ 55.316670932170624, 25.240977794158631 ], [ 55.316670932022312, 25.241157457208182 ], [ 55.316719922692236, 25.241166966125441 ], [ 55.316704423114487, 25.24124793899858 ], [ 55.3171634, 25.2413266 ], [ 55.3171965, 25.2411542 ], [ 55.316862807390635, 25.241097023254699 ], [ 55.316862807389739, 25.240997600482928 ], [ 55.316670932170624, 25.240977794158631 ] ] ], [ [ [ 55.317025462169497, 25.248143252382047 ], [ 55.316070129175117, 25.247947449053239 ], [ 55.316056528919191, 25.247992148969992 ], [ 55.317025462166022, 25.248176619943642 ], [ 55.317025462145452, 25.24831556898053 ], [ 55.317087386210773, 25.2483188700485 ], [ 55.317087386210773, 25.248139206991674 ], [ 55.317025462169497, 25.248143252382047 ] ] ], [ [ [ 55.3170573, 25.2475985 ], [ 55.31695397540026, 25.247590596792051 ], [ 55.316964075312058, 25.247801696791228 ], [ 55.3170674, 25.2478095 ], [ 55.3170573, 25.2475985 ] ] ], [ [ [ 55.3171069, 25.2440217 ], [ 55.317015276871544, 25.244011796885417 ], [ 55.317015376823726, 25.2441275968831 ], [ 55.317107, 25.2441375 ], [ 55.3171069, 25.2440217 ] ] ], [ [ [ 55.317177217739179, 25.237628918167477 ], [ 55.317177217739179, 25.237539086639071 ], [ 55.317046569846141, 25.237531164259494 ], [ 55.317046569816483, 25.23762099578645 ], [ 55.317177217739179, 25.237628918167477 ] ] ], [ [ [ 55.317042470446566, 25.239784874849367 ], [ 55.317042470446566, 25.23969504332096 ], [ 55.316853300406322, 25.23968448003377 ], [ 55.316853300366766, 25.239774311560243 ], [ 55.317042470446566, 25.239784874849367 ] ] ], [ [ [ 55.317042470446566, 25.239425548735721 ], [ 55.316944832750842, 25.239415315588886 ], [ 55.316944832674217, 25.23959497864195 ], [ 55.317042470446566, 25.239605211792544 ], [ 55.317042470446566, 25.239425548735721 ] ] ], [ [ [ 55.316952638918153, 25.235023803843529 ], [ 55.317042470446566, 25.235023803843532 ], [ 55.317042470446566, 25.234978888079333 ], [ 55.316817891625533, 25.234754309258296 ], [ 55.316704950165466, 25.234741105218273 ], [ 55.316704950140753, 25.234786020981264 ], [ 55.316794781582743, 25.234920768311131 ], [ 55.316884613049446, 25.235010599877999 ], [ 55.316952638918153, 25.235023803843529 ] ] ], [ [ [ 55.316916924764151, 25.236993165362513 ], [ 55.316916924751176, 25.237038081126077 ], [ 55.316997554682359, 25.237045013232798 ], [ 55.316997554682359, 25.237000097468599 ], [ 55.316916924764151, 25.236993165362513 ] ] ], [ [ [ 55.3168226, 25.2432552 ], [ 55.316677868916166, 25.243243388444601 ], [ 55.3166865, 25.2432098 ], [ 55.316441479095097, 25.243160659690094 ], [ 55.3164621, 25.2430815 ], [ 55.31621910786042, 25.243033726416311 ], [ 55.316185607658504, 25.243162326359201 ], [ 55.31637575634705, 25.243199710681811 ], [ 55.3168045, 25.2433141 ], [ 55.3168399, 25.2432827 ], [ 55.3168226, 25.2432552 ] ] ], [ [ [ 55.316694046780661, 25.23645450624868 ], [ 55.316907723153946, 25.236461108298126 ], [ 55.316907723153946, 25.23641619253392 ], [ 55.316862807389739, 25.236371276769713 ], [ 55.316694046805374, 25.236364674721482 ], [ 55.316694046780661, 25.23645450624868 ] ] ], [ [ [ 55.316738962529435, 25.236499422022497 ], [ 55.316694046768305, 25.23649942201228 ], [ 55.316694046657091, 25.236903663884682 ], [ 55.316817891625533, 25.236910265940185 ], [ 55.316862807389739, 25.236775518647566 ], [ 55.316862807389739, 25.23655093982654 ], [ 55.316738962529435, 25.236499422022497 ] ] ], [ [ [ 55.316683144332913, 25.249756174503094 ], [ 55.31650927753315, 25.249748581892195 ], [ 55.316509277518932, 25.249793497655705 ], [ 55.316683144332913, 25.249801090267301 ], [ 55.316683144332913, 25.249756174503094 ] ] ], [ [ [ 55.31672806009712, 25.244411198562588 ], [ 55.316664435806857, 25.244407567371699 ], [ 55.316664435793257, 25.244497398899448 ], [ 55.31672806009712, 25.244501030090994 ], [ 55.31672806009712, 25.244411198562588 ] ] ], [ [ [ 55.315164352082917, 25.236146023515236 ], [ 55.315219632196175, 25.236156754104929 ], [ 55.31521657042925, 25.23618034465127 ], [ 55.3155278, 25.23622 ], [ 55.3158715, 25.2362503 ], [ 55.315875020510816, 25.236219077696116 ], [ 55.3159414, 25.2362576 ], [ 55.3167926, 25.2363117 ], [ 55.3167986, 25.2362158 ], [ 55.316744950431811, 25.236205386524247 ], [ 55.316747428630457, 25.236184595744351 ], [ 55.3168102, 25.236189 ], [ 55.3168135, 25.2361253 ], [ 55.316755830753308, 25.236114106296668 ], [ 55.3167611, 25.2360699 ], [ 55.316470055056342, 25.236013407283771 ], [ 55.316475422870674, 25.235958507589711 ], [ 55.316798, 25.2359912 ], [ 55.3168031, 25.2359239 ], [ 55.316561545244092, 25.235877013555164 ], [ 55.3168141, 25.2358947 ], [ 55.3168206, 25.235829 ], [ 55.315180253811214, 25.235583623641404 ], [ 55.314983354003921, 25.235570323139317 ], [ 55.314980838370644, 25.235613010459041 ], [ 55.314626080593733, 25.235587496240324 ], [ 55.314604280519013, 25.235773996229099 ], [ 55.31497537600913, 25.235810153272453 ], [ 55.314958345087724, 25.235940751262106 ], [ 55.314732780444558, 25.23592249626995 ], [ 55.314721780399751, 25.236033796263939 ], [ 55.314943122232407, 25.236057484185167 ], [ 55.314940652470504, 25.236076422953069 ], [ 55.315167236048495, 25.236120406011132 ], [ 55.315164352082917, 25.236146023515236 ] ], [ [ 55.315946069177308, 25.235822081185599 ], [ 55.315916202434252, 25.236127535317692 ], [ 55.315885522367431, 25.236125939908117 ], [ 55.31592034712871, 25.235817088326083 ], [ 55.315946069177308, 25.235822081185599 ] ] ], [ [ [ 55.316415228790817, 25.237390338926325 ], [ 55.316390928534346, 25.237573938884278 ], [ 55.3166525, 25.2376176 ], [ 55.316675410543304, 25.237444498135915 ], [ 55.31672806009712, 25.237449255110661 ], [ 55.316772975861326, 25.237314507818038 ], [ 55.316644028752869, 25.237306915435514 ], [ 55.31664402871511, 25.237427639056907 ], [ 55.316415228790817, 25.237390338926325 ] ] ], [ [ [ 55.316770274047521, 25.23366708812723 ], [ 55.31672535828762, 25.233667088112917 ], [ 55.316725358253024, 25.233756919639632 ], [ 55.316817891625533, 25.233766162445768 ], [ 55.316817891625533, 25.233676330917358 ], [ 55.316770274047521, 25.23366708812723 ] ] ], [ [ [ 55.316550795707705, 25.237800328600237 ], [ 55.31672806009712, 25.237808581224307 ], [ 55.31672806009712, 25.237673833931687 ], [ 55.316595711514402, 25.237665581322673 ], [ 55.3165507957386, 25.237710497073348 ], [ 55.316550795707705, 25.237800328600237 ] ] ], [ [ [ 55.316683144332913, 25.23973995908516 ], [ 55.316683144332913, 25.239605211792544 ], [ 55.316587207307222, 25.239595308621183 ], [ 55.316587207251615, 25.239730055911071 ], [ 55.316683144332913, 25.23973995908516 ] ] ], [ [ [ 55.316683144332913, 25.239470464499924 ], [ 55.316587207362836, 25.239460561331299 ], [ 55.316587207344298, 25.239505477094585 ], [ 55.316683144332913, 25.239515380264137 ], [ 55.316683144332913, 25.239470464499924 ] ] ], [ [ [ 55.31665767980337, 25.236997596905297 ], [ 55.316579479790349, 25.237048596877568 ], [ 55.31661947976788, 25.23709309689032 ], [ 55.3166976, 25.2371055 ], [ 55.3167087, 25.2370075 ], [ 55.31665767980337, 25.236997596905297 ] ] ], [ [ [ 55.316593312804507, 25.241446758124994 ], [ 55.316638228568706, 25.24144675812499 ], [ 55.316638228568706, 25.241401842360784 ], [ 55.316542290806076, 25.241391939137721 ], [ 55.316542290787531, 25.241436854901021 ], [ 55.316593312804507, 25.241446758124994 ] ] ], [ [ [ 55.316545693621926, 25.237889169811258 ], [ 55.316545693587322, 25.23797900133798 ], [ 55.316683144332913, 25.237988244281134 ], [ 55.316683144332913, 25.237853496988507 ], [ 55.316590609399121, 25.237844254062207 ], [ 55.316545693621926, 25.237889169811258 ] ] ], [ [ [ 55.316503481276094, 25.249801090267301 ], [ 55.316503481276094, 25.249756174503094 ], [ 55.316374530251132, 25.24974858185691 ], [ 55.316374530236914, 25.249793497620423 ], [ 55.316503481276094, 25.249801090267301 ] ] ], [ [ [ 55.316683144332913, 25.236416192533916 ], [ 55.316514383748483, 25.236409590444197 ], [ 55.316514383736134, 25.236454506207792 ], [ 55.316683144332913, 25.236461108298126 ], [ 55.316683144332913, 25.236416192533916 ] ] ], [ [ [ 55.308306337288009, 25.233524229512891 ], [ 55.308314215613755, 25.233635383930309 ], [ 55.307365081956448, 25.234091893792201 ], [ 55.307314981922651, 25.234186293773174 ], [ 55.307352581723919, 25.234658593776395 ], [ 55.3074929, 25.2347175 ], [ 55.3086587, 25.2341263 ], [ 55.308611100991634, 25.234052677440321 ], [ 55.3087271, 25.2340752 ], [ 55.30918788795605, 25.233862545010133 ], [ 55.309188426838027, 25.233885018088763 ], [ 55.309720167319725, 25.23398825882456 ], [ 55.309185826763439, 25.233897718071574 ], [ 55.309191425410617, 25.234114918033992 ], [ 55.309851252456241, 25.234243027075642 ], [ 55.309797596458516, 25.234249699913221 ], [ 55.309805896327973, 25.234303799922984 ], [ 55.3100933, 25.2343596 ], [ 55.3106263, 25.2342934 ], [ 55.3106181, 25.2342392 ], [ 55.310370157489501, 25.234191062319496 ], [ 55.310518682037333, 25.234168074113189 ], [ 55.3108862, 25.2342453 ], [ 55.3109711, 25.2341781 ], [ 55.3109335, 25.2341393 ], [ 55.310604025932697, 25.234066257656234 ], [ 55.3107531, 25.2340952 ], [ 55.310861016282125, 25.234079041936869 ], [ 55.3112775, 25.2341599 ], [ 55.311627640765437, 25.234160309594202 ], [ 55.3117815, 25.2341905 ], [ 55.311857, 25.2341881 ], [ 55.311810458293571, 25.234160523123968 ], [ 55.3120478, 25.2341608 ], [ 55.312047835004584, 25.234136907277861 ], [ 55.312828819960465, 25.234162065299085 ], [ 55.3131664, 25.2342276 ], [ 55.3137152, 25.2342349 ], [ 55.313819328716328, 25.234137588147643 ], [ 55.3141635, 25.2342044 ], [ 55.3145442, 25.2342113 ], [ 55.314547050834449, 25.234081587308218 ], [ 55.3150906, 25.2341871 ], [ 55.315131181012212, 25.234147146556307 ], [ 55.315130677966522, 25.234198845849164 ], [ 55.3152787, 25.234214 ], [ 55.3153279, 25.2341659 ], [ 55.3153239, 25.2341204 ], [ 55.31517185243748, 25.234107104058658 ], [ 55.315188265719158, 25.23407832825038 ], [ 55.3155191, 25.234132 ], [ 55.3163089, 25.2341476 ], [ 55.3166292, 25.2338161 ], [ 55.316610597525177, 25.233764789865834 ], [ 55.3166731, 25.2337485 ], [ 55.3167133, 25.2336345 ], [ 55.3167073, 25.2334604 ], [ 55.3166221, 25.2333713 ], [ 55.315913860469728, 25.233249525874161 ], [ 55.315225794190518, 25.233359960260465 ], [ 55.315227, 25.2333012 ], [ 55.314865410188901, 25.233230246810894 ], [ 55.3148546, 25.2331015 ], [ 55.314443362293034, 25.233026022143616 ], [ 55.314432160168472, 25.233080509934577 ], [ 55.31396928017611, 25.232990653961313 ], [ 55.313442880900183, 25.232975351808928 ], [ 55.313432278840779, 25.233393951663622 ], [ 55.3140445, 25.2335128 ], [ 55.314492038339992, 25.233521021943677 ], [ 55.314717330170275, 25.233574644479756 ], [ 55.314676081420927, 25.233570296298268 ], [ 55.314673726850373, 25.233621919819928 ], [ 55.314255621054436, 25.233558644132309 ], [ 55.314082355832099, 25.233604943425039 ], [ 55.313788721839437, 25.233547941744991 ], [ 55.31348622232867, 25.233544140197328 ], [ 55.313413522228949, 25.233578339814699 ], [ 55.313412084870826, 25.233671106321633 ], [ 55.31316919657516, 25.23362395455786 ], [ 55.312819415188187, 25.233606626236131 ], [ 55.312395097901749, 25.233524251673607 ], [ 55.311549268478068, 25.233517759739694 ], [ 55.311283326203544, 25.233466128942219 ], [ 55.310455327485023, 25.233465124703226 ], [ 55.310455302725771, 25.233484417968246 ], [ 55.310350064042275, 25.233479211595895 ], [ 55.310356063871488, 25.233532911603071 ], [ 55.310419287504629, 25.233545186477922 ], [ 55.310400541693511, 25.233579376639192 ], [ 55.310222163932224, 25.233546611258195 ], [ 55.309947364104886, 25.233559210552801 ], [ 55.309802964127613, 25.233587810178797 ], [ 55.309794321511589, 25.233629610533026 ], [ 55.309694964103741, 25.233622409897038 ], [ 55.309696208125338, 25.233651862940164 ], [ 55.309565452428345, 25.233626476022774 ], [ 55.309400849052942, 25.233364690218338 ], [ 55.3098629, 25.2334544 ], [ 55.3099059, 25.2334362 ], [ 55.3098858, 25.2333975 ], [ 55.309356912709518, 25.2332948134889 ], [ 55.3092978, 25.2332008 ], [ 55.309084637533651, 25.233160330468579 ], [ 55.308306337288009, 25.233524229512891 ] ], [ [ 55.314892315239042, 25.233664351948054 ], [ 55.314789977365642, 25.233644486280539 ], [ 55.314792497338324, 25.233589235864841 ], [ 55.314941516828554, 25.233611522013671 ], [ 55.314892315251818, 25.233623822369374 ], [ 55.314892315239042, 25.233664351948054 ] ], [ [ 55.313805312160888, 25.233803343444411 ], [ 55.314072445340003, 25.233855200570225 ], [ 55.314072228572464, 25.23386067430657 ], [ 55.313822248197006, 25.233853797655758 ], [ 55.313805312160888, 25.233803343444411 ] ], [ [ 55.310012902899153, 25.23422292356797 ], [ 55.310011460772486, 25.234165972666087 ], [ 55.310223888769698, 25.234196684227136 ], [ 55.310012902899153, 25.23422292356797 ] ] ], [ [ [ 55.314730082002754, 25.232432457213307 ], [ 55.314644882116085, 25.232430756864748 ], [ 55.314449881794303, 25.232544256038434 ], [ 55.314444680748657, 25.232756755965436 ], [ 55.31504574082188, 25.23287343380424 ], [ 55.314920979511079, 25.232888257884369 ], [ 55.314920678755939, 25.233040857846042 ], [ 55.3158763, 25.2332154 ], [ 55.3159631, 25.2332155 ], [ 55.315963294552098, 25.233119704476653 ], [ 55.3163615, 25.233197 ], [ 55.3166281, 25.2331967 ], [ 55.3166963, 25.2331583 ], [ 55.3166801, 25.232952 ], [ 55.3165556, 25.2328679 ], [ 55.316309913865908, 25.232820210328281 ], [ 55.316484, 25.2328167 ], [ 55.3166314, 25.2326347 ], [ 55.3163584, 25.2324692 ], [ 55.316097185561368, 25.232418495656699 ], [ 55.316099239398241, 25.23232885799117 ], [ 55.316038003952528, 25.232320605315365 ], [ 55.3160325, 25.232286 ], [ 55.315649863884168, 25.23221172535597 ], [ 55.315572763912257, 25.232221825157069 ], [ 55.315581563736536, 25.2322764251713 ], [ 55.316011808459749, 25.232344517088123 ], [ 55.316011808439782, 25.232401922992668 ], [ 55.315746181158076, 25.232350361395142 ], [ 55.315213281329534, 25.232448259188615 ], [ 55.315190876211886, 25.232521906109369 ], [ 55.314730082002754, 25.232432457213307 ] ], [ [ 55.315335134665347, 25.23285043021987 ], [ 55.3153387071428, 25.232701290928283 ], [ 55.315753729796825, 25.232781852847374 ], [ 55.315751531810868, 25.232928135006432 ], [ 55.315335134665347, 25.23285043021987 ] ] ], [ [ [ 55.316519484502443, 25.241710640873638 ], [ 55.316474568740851, 25.241710640864945 ], [ 55.316474568730349, 25.241755556628632 ], [ 55.3165483970403, 25.241761168474429 ], [ 55.3165483970403, 25.241716252710219 ], [ 55.316519484502443, 25.241710640873638 ] ] ], [ [ [ 55.3165483970403, 25.240548442840868 ], [ 55.3165483970403, 25.240503527076655 ], [ 55.316423547411361, 25.240488011999989 ], [ 55.316423547382321, 25.240532927762775 ], [ 55.3165483970403, 25.240548442840868 ] ] ], [ [ [ 55.316389779335516, 25.238197896789526 ], [ 55.316381879314903, 25.238249796785784 ], [ 55.316565, 25.2382761 ], [ 55.3165729, 25.2382242 ], [ 55.316389779335516, 25.238197896789526 ] ] ], [ [ [ 55.316378827534962, 25.23826883882057 ], [ 55.315987727685396, 25.238261938353727 ], [ 55.315944527403069, 25.238468138287498 ], [ 55.3164867, 25.2385514 ], [ 55.3165574, 25.2383035 ], [ 55.316378827534962, 25.23826883882057 ] ] ], [ [ [ 55.316484773130718, 25.24193720033621 ], [ 55.316439857368202, 25.241937200330582 ], [ 55.316439857354609, 25.242027031858342 ], [ 55.316503481276094, 25.242030663059662 ], [ 55.316484773130718, 25.24193720033621 ] ] ], [ [ [ 55.316439856960287, 25.244632146162942 ], [ 55.316350025435263, 25.244632146151698 ], [ 55.316350025428463, 25.244677061915567 ], [ 55.316458565511887, 25.244680693147824 ], [ 55.316439856960287, 25.244632146162942 ] ] ], [ [ [ 55.316621222598734, 25.231472157470918 ], [ 55.316576306836069, 25.231472157465813 ], [ 55.316576306829894, 25.231517073229714 ], [ 55.316638228568706, 25.231520374235469 ], [ 55.316621222598734, 25.231472157470918 ] ] ], [ [ [ 55.316376930815608, 25.240667344917984 ], [ 55.316332014969788, 25.240802092181696 ], [ 55.316503481276094, 25.240817937426101 ], [ 55.316503481276094, 25.240683190133485 ], [ 55.316376930815608, 25.240667344917984 ] ] ], [ [ [ 55.3165084, 25.2385984 ], [ 55.316263127152418, 25.238562438661511 ], [ 55.316261427039791, 25.238640838653922 ], [ 55.3165067, 25.2386767 ], [ 55.3165084, 25.2385984 ] ] ], [ [ [ 55.316458565511887, 25.242210326116489 ], [ 55.316458565511887, 25.242075578823872 ], [ 55.31638983935941, 25.242070957286927 ], [ 55.3163449235714, 25.242205704571109 ], [ 55.316458565511887, 25.242210326116489 ] ] ], [ [ [ 55.316368733983474, 25.232373773755381 ], [ 55.316593312804507, 25.232373773755377 ], [ 55.316593312804507, 25.232283942226964 ], [ 55.316336422447677, 25.23227767025606 ], [ 55.3163364224242, 25.232367501783315 ], [ 55.316368733983474, 25.232373773755381 ] ] ], [ [ [ 55.316566103146791, 25.231964250262557 ], [ 55.31652118738505, 25.231964250254372 ], [ 55.316521187375166, 25.232009166018095 ], [ 55.316593312804507, 25.232014447641735 ], [ 55.316593312804507, 25.231969531877532 ], [ 55.316566103146791, 25.231964250262557 ] ] ], [ [ [ 55.316212627014117, 25.238670738593505 ], [ 55.316207811538632, 25.238696709514489 ], [ 55.316138827021419, 25.238684038504367 ], [ 55.316124826915221, 25.238761038482181 ], [ 55.3164733, 25.2388166 ], [ 55.3164911, 25.2387205 ], [ 55.316212627014117, 25.238670738593505 ] ] ], [ [ [ 55.315487426725269, 25.239051037699966 ], [ 55.3158764, 25.2391041 ], [ 55.3158808, 25.2390234 ], [ 55.315738939802252, 25.239009423704029 ], [ 55.315744, 25.238947 ], [ 55.315534416204152, 25.238910274786594 ], [ 55.3155374204078, 25.238878873996171 ], [ 55.315814225472707, 25.238902133935213 ], [ 55.315910965779878, 25.238920911715709 ], [ 55.315910069777615, 25.238965827478491 ], [ 55.316009407869828, 25.238976391093662 ], [ 55.316009407869892, 25.238937730489983 ], [ 55.316179930905385, 25.238981382471454 ], [ 55.316128326600214, 25.238978238470967 ], [ 55.316117726403959, 25.239116738448487 ], [ 55.3163448, 25.2391806 ], [ 55.3164456, 25.2390735 ], [ 55.31643702003192, 25.23901675372532 ], [ 55.3164767, 25.2390235 ], [ 55.3164802, 25.2389777 ], [ 55.316239041609776, 25.238930483981076 ], [ 55.3162486, 25.2388275 ], [ 55.316070026888973, 25.23879283841444 ], [ 55.315765427031749, 25.238769738052099 ], [ 55.315763522765756, 25.238790105119755 ], [ 55.3157241, 25.2387577 ], [ 55.315545527178188, 25.238723037792653 ], [ 55.31549252720243, 25.238719437729578 ], [ 55.315449864654951, 25.23875882586308 ], [ 55.31482502746951, 25.238700536933294 ], [ 55.314800927114455, 25.238952336886641 ], [ 55.315470012598958, 25.239025446890594 ], [ 55.315487426725269, 25.239051037699966 ] ] ], [ [ [ 55.315747414417515, 25.236633508861335 ], [ 55.315837245911993, 25.236723340410897 ], [ 55.315958592098966, 25.236730602885039 ], [ 55.315949929740327, 25.236848638408745 ], [ 55.3164786, 25.2369043 ], [ 55.3165027, 25.2365759 ], [ 55.315974030206, 25.236520238460816 ], [ 55.315962221610441, 25.236681146132074 ], [ 55.315919576341415, 25.236595855590739 ], [ 55.315747414431115, 25.236588593097796 ], [ 55.315747414417515, 25.236633508861335 ] ] ], [ [ [ 55.3163432226238, 25.243193521263105 ], [ 55.316253391099998, 25.243193521247772 ], [ 55.316253391090726, 25.243238437011527 ], [ 55.316368733983474, 25.243243388693223 ], [ 55.316368733983474, 25.24319847292902 ], [ 55.3163432226238, 25.243193521263105 ] ] ], [ [ [ 55.31641364974768, 25.239470464499927 ], [ 55.31641364974768, 25.239425548735721 ], [ 55.316316012118641, 25.239415315367044 ], [ 55.316316012099485, 25.239460231130305 ], [ 55.31641364974768, 25.239470464499927 ] ] ], [ [ [ 55.316155374687462, 25.249515296480329 ], [ 55.316150074670993, 25.249556496477695 ], [ 55.3162614, 25.2495728 ], [ 55.3162667, 25.2495316 ], [ 55.316155374687462, 25.249515296480329 ] ] ], [ [ [ 55.3163082, 25.2457426 ], [ 55.315925522018944, 25.245668324017849 ], [ 55.315894222045827, 25.245667423937828 ], [ 55.315891621839441, 25.245734723920943 ], [ 55.3162743, 25.245809 ], [ 55.3163056, 25.24581 ], [ 55.3163082, 25.2457426 ] ] ], [ [ [ 55.316484774741419, 25.23129216429842 ], [ 55.31643985897891, 25.231292164292803 ], [ 55.316439858965317, 25.231381995820545 ], [ 55.316503481276094, 25.231385626942853 ], [ 55.316484774741419, 25.23129216429842 ] ] ], [ [ [ 55.31623107940937, 25.238058396738175 ], [ 55.3163962, 25.2380773 ], [ 55.3164013, 25.2380241 ], [ 55.316236179430753, 25.238005296740983 ], [ 55.31623107940937, 25.238058396738175 ] ] ], [ [ [ 55.3162084752732, 25.243507931586365 ], [ 55.316278902455061, 25.243512883278466 ], [ 55.316323818219267, 25.243467967514253 ], [ 55.316323818219267, 25.24342305175005 ], [ 55.316208475291745, 25.243418100058857 ], [ 55.3162084752732, 25.243507931586365 ] ] ], [ [ [ 55.315757530609154, 25.236294938218109 ], [ 55.315538680209201, 25.236292396537564 ], [ 55.315535761556319, 25.236321607502237 ], [ 55.315474518628342, 25.236318438216237 ], [ 55.315474518613513, 25.236363353979712 ], [ 55.31553106823656, 25.236368579954728 ], [ 55.315526780161278, 25.23641149653109 ], [ 55.3158664, 25.236452 ], [ 55.3159227, 25.2364568 ], [ 55.315932366445423, 25.23636504094106 ], [ 55.315934080117373, 25.236416596670029 ], [ 55.3163994, 25.2364548 ], [ 55.3164197, 25.2363044 ], [ 55.316308980132021, 25.236287896800622 ], [ 55.316121708897811, 25.236315359099887 ], [ 55.316054323634454, 25.236307046447255 ], [ 55.316054323634035, 25.2362814452413 ], [ 55.315925376908957, 25.236273852686722 ], [ 55.315925376892473, 25.236327518563542 ], [ 55.315757530609154, 25.236294938218109 ] ] ], [ [ [ 55.316192078690342, 25.239810296689388 ], [ 55.316184778667306, 25.239867896685727 ], [ 55.3163486, 25.2399058 ], [ 55.3163559, 25.2398334 ], [ 55.316192078690342, 25.239810296689388 ] ] ], [ [ [ 55.316260193951017, 25.244362651557218 ], [ 55.316215278188501, 25.244362651551594 ], [ 55.316215278181701, 25.24440756731547 ], [ 55.316278902455061, 25.244411198562581 ], [ 55.316260193951017, 25.244362651557218 ] ] ], [ [ [ 55.3162073, 25.2319088 ], [ 55.3164248, 25.2318799 ], [ 55.3164102, 25.2317904 ], [ 55.316358281640326, 25.231755405404002 ], [ 55.316368733983474, 25.231655121528082 ], [ 55.316323818219267, 25.231610205763875 ], [ 55.316163561967322, 25.231605254184633 ], [ 55.316163561948791, 25.23169508571214 ], [ 55.316191509353331, 25.231723033147681 ], [ 55.315984728702645, 25.231745017336301 ], [ 55.315996453495487, 25.231817282323568 ], [ 55.315550765427382, 25.231737625174311 ], [ 55.315467465451881, 25.231750424959138 ], [ 55.315477500556867, 25.231804076817539 ], [ 55.315196372204262, 25.231749504990521 ], [ 55.315245839878322, 25.231700037292295 ], [ 55.315245839878322, 25.231655121528082 ], [ 55.315200924114116, 25.231610205763879 ], [ 55.314987949530277, 25.231595020319546 ], [ 55.31498794944504, 25.231729767607966 ], [ 55.315032223694935, 25.231774041914964 ], [ 55.314864284927744, 25.231808257914775 ], [ 55.314827584812043, 25.231840757756547 ], [ 55.314840942546503, 25.231894440078786 ], [ 55.314591203038844, 25.231845960293512 ], [ 55.314477065216842, 25.231860007422309 ], [ 55.313969386261448, 25.231761454260816 ], [ 55.313808186476798, 25.231758053601407 ], [ 55.313807540675782, 25.231782865515779 ], [ 55.313471186916111, 25.231753152222325 ], [ 55.313457485038874, 25.232135752073088 ], [ 55.313492784797369, 25.232175752207926 ], [ 55.3144087, 25.2323265 ], [ 55.3145699, 25.23233 ], [ 55.31457300781431, 25.232210549080829 ], [ 55.3150539, 25.2323039 ], [ 55.3151518, 25.2323075 ], [ 55.315184508662888, 25.232253412482589 ], [ 55.315239737521892, 25.232318954507203 ], [ 55.315335671406736, 25.23232885799117 ], [ 55.31533567141296, 25.23218996832507 ], [ 55.3155352, 25.2322287 ], [ 55.3158605, 25.2321624 ], [ 55.315831184086484, 25.232044663029257 ], [ 55.3160972, 25.2320963 ], [ 55.3161673, 25.232085 ], [ 55.3161443, 25.2319677 ], [ 55.31596857496875, 25.231933589693526 ], [ 55.316038828710148, 25.231876097798498 ], [ 55.3162073, 25.2319088 ] ] ], [ [ [ 55.3155052, 25.2409443 ], [ 55.31554682641405, 25.240785037728493 ], [ 55.315765510416313, 25.241092071306731 ], [ 55.315486023861745, 25.241033637557724 ], [ 55.315424523705701, 25.241156937475484 ], [ 55.315426723555831, 25.241260137470796 ], [ 55.316169, 25.241406 ], [ 55.316205, 25.2412603 ], [ 55.315854212725917, 25.2411903426596 ], [ 55.315871372249255, 25.241127154168915 ], [ 55.3161514, 25.2411572 ], [ 55.31628820000001, 25.2406847 ], [ 55.3162864, 25.240073 ], [ 55.315898125172495, 25.240023838121772 ], [ 55.315549524800197, 25.24036823768078 ], [ 55.315534069338078, 25.240767126666466 ], [ 55.3145713248676, 25.240564836497889 ], [ 55.314525924632832, 25.240738636431303 ], [ 55.3155052, 25.2409443 ] ] ], [ [ [ 55.3162736, 25.2394912 ], [ 55.3162032, 25.239355 ], [ 55.315887826208609, 25.239309138160127 ], [ 55.315805926136477, 25.239379438057284 ], [ 55.315771025645596, 25.239727937990864 ], [ 55.3161924, 25.2397825 ], [ 55.3162736, 25.2394912 ] ] ], [ [ [ 55.316278902455061, 25.234215320087824 ], [ 55.316323818219267, 25.234215320087827 ], [ 55.316323818219267, 25.234170404323621 ], [ 55.3162193803105, 25.234158850607304 ], [ 55.316219380288878, 25.234203766370442 ], [ 55.316278902455061, 25.234215320087824 ] ] ], [ [ [ 55.316055017370971, 25.249792507181358 ], [ 55.316010101610757, 25.24979250716806 ], [ 55.316010101578605, 25.249882338694889 ], [ 55.316099239398241, 25.249890921795714 ], [ 55.316099239398241, 25.249801090267301 ], [ 55.316055017370971, 25.249792507181358 ] ] ], [ [ [ 55.316196573330501, 25.232321595674044 ], [ 55.316196573316908, 25.232366511437576 ], [ 55.316323818219267, 25.232373773755373 ], [ 55.316323818219267, 25.232283942226967 ], [ 55.316241489104911, 25.232276679921753 ], [ 55.316196573330501, 25.232321595674044 ] ] ], [ [ [ 55.316123745920564, 25.244182658370491 ], [ 55.316078830158204, 25.244182658364352 ], [ 55.316078830150786, 25.244227574128203 ], [ 55.316144155162441, 25.244231535505762 ], [ 55.316123745920564, 25.244182658370491 ] ] ], [ [ [ 55.3159452, 25.242385 ], [ 55.3160216, 25.2423472 ], [ 55.3161761, 25.2417567 ], [ 55.316138, 25.2416971 ], [ 55.315665922977985, 25.241600637732507 ], [ 55.315489222025668, 25.242303737471495 ], [ 55.3159452, 25.242385 ] ] ], [ [ [ 55.316144155162441, 25.238257738866363 ], [ 55.316144155162441, 25.238212823102163 ], [ 55.31600160231973, 25.23820258964793 ], [ 55.316001602300574, 25.238247505411188 ], [ 55.316144155162441, 25.238257738866363 ] ] ], [ [ [ 55.316149956962661, 25.232321265556742 ], [ 55.316105041201979, 25.232321265544986 ], [ 55.316105041187775, 25.2323661813085 ], [ 55.316189070926647, 25.232373773755377 ], [ 55.316189070926647, 25.232328857991181 ], [ 55.316149956962661, 25.232321265556742 ] ] ], [ [ [ 55.3159355, 25.2502547 ], [ 55.3159147, 25.2502032 ], [ 55.315736110571805, 25.250168537209046 ], [ 55.315687110566138, 25.250184637149331 ], [ 55.315707910484086, 25.250236237170526 ], [ 55.3158865, 25.2502709 ], [ 55.3159355, 25.2502547 ] ] ], [ [ [ 55.315955479010292, 25.23909389662311 ], [ 55.3160655, 25.2391099 ], [ 55.3160743, 25.2390404 ], [ 55.31596427903807, 25.239024396627528 ], [ 55.315955479010292, 25.23909389662311 ] ] ], [ [ [ 55.315944082774699, 25.244766563275903 ], [ 55.31589916701234, 25.24476656326976 ], [ 55.315899167004922, 25.244811479033608 ], [ 55.315964492105621, 25.244815440440433 ], [ 55.315944082774699, 25.244766563275903 ] ] ], [ [ [ 55.315855, 25.2502687 ], [ 55.315676410498575, 25.250234037133026 ], [ 55.315565293456451, 25.250270365433703 ], [ 55.315471151628358, 25.250241658524963 ], [ 55.315392372826373, 25.250045448198467 ], [ 55.3154941, 25.2500451 ], [ 55.3154809, 25.2499893 ], [ 55.315362469648079, 25.249966313240762 ], [ 55.3153046, 25.2498138 ], [ 55.315126011353861, 25.249779136507314 ], [ 55.315046011346624, 25.249804036409923 ], [ 55.315116511052892, 25.249989736481027 ], [ 55.315169586507238, 25.250000038274049 ], [ 55.315129211014224, 25.25001333649454 ], [ 55.315203810652513, 25.250245036567293 ], [ 55.315495510390726, 25.250353636908294 ], [ 55.3156741, 25.2503883 ], [ 55.3158856, 25.2503454 ], [ 55.315855, 25.2502687 ] ] ], [ [ [ 55.3159735, 25.2425334 ], [ 55.315478121834033, 25.242439137448621 ], [ 55.315342721032415, 25.243027637245088 ], [ 55.3158381, 25.2431219 ], [ 55.3159735, 25.2425334 ] ] ], [ [ [ 55.315893179423902, 25.238107196621826 ], [ 55.315886479402216, 25.238161396618445 ], [ 55.31602, 25.2381779 ], [ 55.3160253, 25.2381235 ], [ 55.315893179423902, 25.238107196621826 ] ] ], [ [ [ 55.3159655, 25.2350244 ], [ 55.3160414, 25.2350239 ], [ 55.316041, 25.2349733 ], [ 55.315582455619072, 25.234899424775094 ], [ 55.315582855461862, 25.234950124768417 ], [ 55.3159655, 25.2350244 ] ] ], [ [ [ 55.315961791216722, 25.231466215465161 ], [ 55.316054323634035, 25.231475458471255 ], [ 55.316054323634035, 25.231385626942846 ], [ 55.315916875491396, 25.231376383924143 ], [ 55.315916875474109, 25.231421299687497 ], [ 55.315961791216722, 25.231466215465161 ] ] ], [ [ [ 55.3159569, 25.2347896 ], [ 55.31557425619512, 25.234715324782076 ], [ 55.315489056268731, 25.234712724564343 ], [ 55.315487056103159, 25.234766724551008 ], [ 55.3158697, 25.234841 ], [ 55.3159549, 25.2348436 ], [ 55.3159569, 25.2347896 ] ] ], [ [ [ 55.315847079096365, 25.238912296589785 ], [ 55.31575437910778, 25.238907696558226 ], [ 55.315749779076796, 25.238983896555116 ], [ 55.3158934, 25.2389984 ], [ 55.3158981, 25.2389222 ], [ 55.315847079096365, 25.238912296589785 ] ] ], [ [ [ 55.31387735851763, 25.243821735301324 ], [ 55.3151346, 25.2441028 ], [ 55.3156438, 25.2439447 ], [ 55.3156874, 25.2438824 ], [ 55.3158327, 25.2433235 ], [ 55.314882121057906, 25.243124536687731 ], [ 55.314772060027757, 25.243549602768205 ], [ 55.313022231914587, 25.243194316958338 ], [ 55.31290943068813, 25.243618516604922 ], [ 55.31387735851763, 25.243821735301324 ] ] ], [ [ [ 55.315919576341415, 25.236910265940185 ], [ 55.315919576341415, 25.236820434411776 ], [ 55.315829744813001, 25.236730602883362 ], [ 55.315650081756175, 25.236595855590743 ], [ 55.315522835626986, 25.236588593041567 ], [ 55.315522835586215, 25.236723340332194 ], [ 55.315567751333447, 25.236768256106966 ], [ 55.315792330096798, 25.236903003453818 ], [ 55.315919576341415, 25.236910265940185 ] ] ], [ [ [ 55.315610962262845, 25.249928244710993 ], [ 55.315739913284588, 25.249935837559917 ], [ 55.315739913284588, 25.249890921795714 ], [ 55.315694997520382, 25.2498460060315 ], [ 55.315610962291288, 25.24983841318398 ], [ 55.315610962262845, 25.249928244710993 ] ] ], [ [ [ 55.315792329852123, 25.237711487197512 ], [ 55.315747414091298, 25.237711487186267 ], [ 55.315702498316874, 25.237756402938551 ], [ 55.315702498303281, 25.237801318702097 ], [ 55.315874660577208, 25.2378085812243 ], [ 55.315874660577208, 25.237763665460097 ], [ 55.315792329852123, 25.237711487197512 ] ] ], [ [ [ 55.314706133219779, 25.247633542161012 ], [ 55.314695433018244, 25.247668742095499 ], [ 55.315632, 25.2478992 ], [ 55.3156824, 25.2478874 ], [ 55.3157347, 25.2478125 ], [ 55.315444414193273, 25.247735337032843 ], [ 55.315384337016432, 25.247767644042533 ], [ 55.314706133219779, 25.247633542161012 ] ] ], [ [ [ 55.3158525, 25.237167 ], [ 55.3158555, 25.2371107 ], [ 55.315710869788333, 25.237092844876656 ], [ 55.315707969753923, 25.237149144873463 ], [ 55.3158525, 25.237167 ] ] ], [ [ [ 55.315749114848927, 25.237442322719126 ], [ 55.315749114835945, 25.237487238482693 ], [ 55.315829744813001, 25.237494170874861 ], [ 55.315829744813001, 25.237449255110658 ], [ 55.315749114848927, 25.237442322719126 ] ] ], [ [ [ 55.315704199049023, 25.237577069999102 ], [ 55.315784829048795, 25.237584002403274 ], [ 55.315784829048795, 25.237539086639067 ], [ 55.31570419906199, 25.237532154235531 ], [ 55.315704199049023, 25.237577069999102 ] ] ], [ [ [ 55.314757925910008, 25.239796836775358 ], [ 55.314714025675578, 25.239970036710613 ], [ 55.3156922, 25.2401707 ], [ 55.3157361, 25.2399975 ], [ 55.314757925910008, 25.239796836775358 ] ] ], [ [ [ 55.315650081756175, 25.237494170874857 ], [ 55.315739913284588, 25.237494170874857 ], [ 55.315739913284588, 25.237449255110661 ], [ 55.315614367565985, 25.237442322686928 ], [ 55.315614367553017, 25.237487238450491 ], [ 55.315650081756175, 25.237494170874857 ] ] ], [ [ [ 55.3154836, 25.2465307 ], [ 55.314750796823603, 25.246388461836613 ], [ 55.31484159800047, 25.24625274489502 ], [ 55.31484159800047, 25.246207829130821 ], [ 55.314734758546066, 25.246159612052413 ], [ 55.314600011258065, 25.246159612037079 ], [ 55.314600011220975, 25.246429106620493 ], [ 55.314685342377729, 25.246431743352442 ], [ 55.314536439533967, 25.246656241588752 ], [ 55.314640339024656, 25.246712642103848 ], [ 55.3154057, 25.2468612 ], [ 55.3155875, 25.2465871 ], [ 55.3154836, 25.2465307 ] ] ], [ [ [ 55.315784829048795, 25.230936469300786 ], [ 55.315784829048795, 25.23089155353658 ], [ 55.315609968243628, 25.230875047998893 ], [ 55.31560996821274, 25.230919963761583 ], [ 55.315784829048795, 25.230936469300786 ] ] ], [ [ [ 55.315605165991983, 25.237134844761215 ], [ 55.315694997520382, 25.237134844761218 ], [ 55.315694997520382, 25.237089928997008 ], [ 55.315562649226827, 25.237081676103944 ], [ 55.31556264921138, 25.237126591867398 ], [ 55.315605165991983, 25.237134844761215 ] ] ], [ [ [ 55.315650081756175, 25.231250879650229 ], [ 55.315739913284588, 25.231250879650226 ], [ 55.315739913284588, 25.231205963886019 ], [ 55.315558249913224, 25.231188137864187 ], [ 55.315558249879871, 25.231233053626763 ], [ 55.315650081756175, 25.231250879650229 ] ] ], [ [ [ 55.315571152529913, 25.237262989737914 ], [ 55.315571152517549, 25.237307905501513 ], [ 55.315650081756175, 25.237314507818034 ], [ 55.315650081756175, 25.237269592053835 ], [ 55.315571152529913, 25.237262989737914 ] ] ], [ [ [ 55.315479620218177, 25.237666901472572 ], [ 55.315479620205203, 25.237711817236143 ], [ 55.315605165991983, 25.237718749695894 ], [ 55.315605165991983, 25.237628918167474 ], [ 55.315524535992132, 25.237621985719734 ], [ 55.315479620218177, 25.237666901472572 ] ] ], [ [ [ 55.315380587170942, 25.2505197424946 ], [ 55.315200610370539, 25.250502245676763 ], [ 55.315200610337769, 25.250547161439357 ], [ 55.315380587170942, 25.250564658258799 ], [ 55.315380587170942, 25.2505197424946 ] ] ], [ [ [ 55.315481321020002, 25.237218073953869 ], [ 55.315436405246508, 25.237262989707251 ], [ 55.315436405234145, 25.237307905470846 ], [ 55.315560250227769, 25.237314507818038 ], [ 55.315560250227769, 25.237224676289625 ], [ 55.315481321020002, 25.237218073953869 ] ] ], [ [ [ 55.315359175314235, 25.239861831706293 ], [ 55.315470418699356, 25.239874706377776 ], [ 55.315515334463562, 25.23982979061357 ], [ 55.315515334463562, 25.239784874849367 ], [ 55.315359175362438, 25.239772000180253 ], [ 55.315359175314235, 25.239861831706293 ] ] ], [ [ [ 55.315360876182972, 25.239554894089796 ], [ 55.315360876163162, 25.239592667248118 ], [ 55.315515334463562, 25.23960521179254 ], [ 55.315515334463562, 25.239470464499924 ], [ 55.315439843928679, 25.239457919994365 ], [ 55.31544199687044, 25.239424248944882 ], [ 55.315483, 25.2394264 ], [ 55.3154911, 25.2393004 ], [ 55.315335671407098, 25.239270230101571 ], [ 55.315335671406736, 25.239200969914688 ], [ 55.31518121334102, 25.239188425302952 ], [ 55.315170915325176, 25.239258308227484 ], [ 55.31483950488245, 25.239223896785937 ], [ 55.3148397, 25.2391878 ], [ 55.314603226895855, 25.23915283663618 ], [ 55.314602826815836, 25.239208336631759 ], [ 55.314629549464001, 25.239213523858758 ], [ 55.314496479113906, 25.239205696122728 ], [ 55.314491845600017, 25.239270050306043 ], [ 55.3144614, 25.239208 ], [ 55.314037627150199, 25.239117435962836 ], [ 55.313906082566596, 25.239114952629688 ], [ 55.3139196, 25.239052 ], [ 55.313832979252133, 25.239035795899646 ], [ 55.313827660285241, 25.239119574601332 ], [ 55.3137232271567, 25.239191135581923 ], [ 55.313668326893897, 25.239386735502443 ], [ 55.313801926694936, 25.239491235654651 ], [ 55.314393137883251, 25.239620049020036 ], [ 55.314393137866603, 25.239666486181797 ], [ 55.314325326272858, 25.239653236268595 ], [ 55.314142125239954, 25.240413835995703 ], [ 55.3144874, 25.2404814 ], [ 55.3146706, 25.2397207 ], [ 55.314539290797356, 25.23969504333229 ], [ 55.314572103415237, 25.23969504332096 ], [ 55.314572103415237, 25.239605211792544 ], [ 55.314527187651038, 25.239560296028337 ], [ 55.314423422730982, 25.239566343577039 ], [ 55.314486947713419, 25.239338076215997 ], [ 55.314473978987238, 25.239518196108715 ], [ 55.314697548602815, 25.239538237793237 ], [ 55.314689626129699, 25.239661736703322 ], [ 55.3148682, 25.2396964 ], [ 55.3153414, 25.2397212 ], [ 55.3153815, 25.2396858 ], [ 55.3153856, 25.239621 ], [ 55.31531124638586, 25.239552289593053 ], [ 55.315360876182972, 25.239554894089796 ] ], [ [ 55.314870726531652, 25.239338436942667 ], [ 55.314790282364477, 25.239334208262157 ], [ 55.314791153250646, 25.239322163722669 ], [ 55.314883653223212, 25.239340119058951 ], [ 55.314870726531652, 25.239338436942667 ] ], [ [ 55.314788476274622, 25.239243036602634 ], [ 55.314788079741632, 25.239247259195331 ], [ 55.314754115289347, 25.23923770369931 ], [ 55.3147814, 25.239243 ], [ 55.314788476274622, 25.239243036602634 ] ] ], [ [ [ 55.315335671406736, 25.24171625271023 ], [ 55.315370153351942, 25.241681770769365 ], [ 55.3154331, 25.2416945 ], [ 55.3154709, 25.2415457 ], [ 55.315262967126891, 25.24150324451325 ], [ 55.315255681065317, 25.241529781462912 ], [ 55.315116891554069, 25.241528996805581 ], [ 55.315116891525641, 25.241618828332598 ], [ 55.315206723018548, 25.241708659883134 ], [ 55.315335671406736, 25.24171625271023 ] ] ], [ [ [ 55.315436405197083, 25.23744265276164 ], [ 55.31543640518472, 25.237487568525239 ], [ 55.315515334463562, 25.237494170874864 ], [ 55.315515334463562, 25.237449255110661 ], [ 55.315436405197083, 25.23744265276164 ] ] ], [ [ [ 55.315170521084319, 25.243034537038788 ], [ 55.315147020966634, 25.243121837004519 ], [ 55.3153923, 25.2431712 ], [ 55.3154158, 25.2430838 ], [ 55.315170521084319, 25.243034537038788 ] ] ], [ [ [ 55.315296556202703, 25.23645351557618 ], [ 55.315296556188493, 25.236498431339687 ], [ 55.315425502935149, 25.236506024062333 ], [ 55.315425502935149, 25.236416192533916 ], [ 55.315341471977582, 25.236408599824429 ], [ 55.315296556202703, 25.23645351557618 ] ] ], [ [ [ 55.3153443, 25.2376552 ], [ 55.315133528920406, 25.237619337378622 ], [ 55.315131928869995, 25.237654637374188 ], [ 55.3153427, 25.2376905 ], [ 55.3153443, 25.2376552 ] ] ], [ [ [ 55.315147205793842, 25.231141901386717 ], [ 55.315057374283249, 25.23114190132744 ], [ 55.315057374247431, 25.231186817089888 ], [ 55.315425502935149, 25.231205963886019 ], [ 55.315425502935149, 25.23116104812182 ], [ 55.315147205793842, 25.231141901386717 ] ] ], [ [ [ 55.315123693781871, 25.244180347355723 ], [ 55.315123693770126, 25.244225263119358 ], [ 55.315245839878322, 25.244231535505758 ], [ 55.315245839878322, 25.244186619741555 ], [ 55.315123693781871, 25.244180347355723 ] ] ], [ [ [ 55.314920528272111, 25.238121137088513 ], [ 55.314849227671424, 25.23855473697256 ], [ 55.3152161, 25.2386084 ], [ 55.315264, 25.2382205 ], [ 55.3152415, 25.2381702 ], [ 55.314920528272111, 25.238121137088513 ] ] ], [ [ [ 55.314360655559582, 25.235222521597937 ], [ 55.314594054620564, 25.235267828823584 ], [ 55.314592380690783, 25.23536069623341 ], [ 55.3147409, 25.2353964 ], [ 55.3151429, 25.2354225 ], [ 55.315143496562811, 25.235389999332792 ], [ 55.3152553, 25.2353916 ], [ 55.3152573, 25.2352879 ], [ 55.314724755455408, 25.235165622538759 ], [ 55.314361855754861, 25.235159121610646 ], [ 55.314360655559582, 25.235222521597937 ] ] ], [ [ [ 55.3149569672049, 25.241453344358053 ], [ 55.314949667187882, 25.241482644353418 ], [ 55.3151635, 25.2415254 ], [ 55.3151706, 25.2414959 ], [ 55.3149569672049, 25.241453344358053 ] ] ], [ [ [ 55.314912720443182, 25.248539817428611 ], [ 55.314957636198898, 25.248584733198108 ], [ 55.31506617682151, 25.24858836463374 ], [ 55.31506617682151, 25.248498533105323 ], [ 55.314912720449989, 25.248494901664738 ], [ 55.314912720443182, 25.248539817428611 ] ] ], [ [ [ 55.3149367, 25.2503351 ], [ 55.314758110732619, 25.250300436030553 ], [ 55.314509510617441, 25.250441935723323 ], [ 55.314547710524366, 25.250496835765102 ], [ 55.3147263, 25.2505315 ], [ 55.3149749, 25.25039 ], [ 55.3149367, 25.2503351 ] ] ], [ [ [ 55.3149701, 25.2502445 ], [ 55.3149264, 25.2501379 ], [ 55.314747811021348, 25.250103236032217 ], [ 55.314672011011879, 25.250128635939813 ], [ 55.314715710841952, 25.250235335984488 ], [ 55.3148943, 25.25027 ], [ 55.3149701, 25.2502445 ] ] ], [ [ [ 55.315070277821533, 25.233174334662394 ], [ 55.315070277806704, 25.233219250425865 ], [ 55.315156008349909, 25.233227173275292 ], [ 55.315156008349909, 25.233182257511089 ], [ 55.315070277821533, 25.233174334662394 ] ] ], [ [ [ 55.314045713995881, 25.249974480630758 ], [ 55.314045713984129, 25.250019396394386 ], [ 55.314090629733663, 25.250064312167734 ], [ 55.314167861537378, 25.250070584852537 ], [ 55.314179955705782, 25.250046396531175 ], [ 55.3142521, 25.2500604 ], [ 55.3143714, 25.2500243 ], [ 55.314361869398326, 25.249998463143474 ], [ 55.3144177, 25.2500093 ], [ 55.314537, 25.2499733 ], [ 55.314530023854168, 25.249954461699367 ], [ 55.314587548227337, 25.249955326884614 ], [ 55.314653811088519, 25.25008013592149 ], [ 55.3148324, 25.2501148 ], [ 55.3149082, 25.2500894 ], [ 55.3148097, 25.2499167 ], [ 55.314673104013963, 25.249890186708697 ], [ 55.314796682236263, 25.249846006031515 ], [ 55.314777972965217, 25.24979745880016 ], [ 55.314481911524069, 25.249821535734348 ], [ 55.314362611514767, 25.249857635589169 ], [ 55.314369537118473, 25.249876383509399 ], [ 55.314204907287987, 25.249903684707277 ], [ 55.314214445119248, 25.249929403584353 ], [ 55.314090629768913, 25.249929564876851 ], [ 55.314045713995881, 25.249974480630758 ] ] ], [ [ [ 55.3149222, 25.2378937 ], [ 55.314588828787912, 25.237846536711647 ], [ 55.314574728585704, 25.237990036684632 ], [ 55.3149081, 25.2380372 ], [ 55.3149222, 25.2378937 ] ] ], [ [ [ 55.3134088, 25.2549368 ], [ 55.313357772739735, 25.254926895415064 ], [ 55.313305572728076, 25.254968095396404 ], [ 55.313458958020703, 25.255106064585014 ], [ 55.313415772645214, 25.255141295430533 ], [ 55.313438372603983, 25.255235495436349 ], [ 55.3139083, 25.2552911 ], [ 55.314106109481358, 25.254989161745026 ], [ 55.314107372604369, 25.255068195668272 ], [ 55.31419137251816, 25.255255995693162 ], [ 55.314257572482902, 25.255324895714381 ], [ 55.3143362, 25.2553378 ], [ 55.314386, 25.2552639 ], [ 55.314287628193718, 25.255008411214977 ], [ 55.314527187651038, 25.255011318915194 ], [ 55.314617019179444, 25.254966403150981 ], [ 55.314617019179444, 25.254921487386778 ], [ 55.314347524594204, 25.254786740094165 ], [ 55.314193750622415, 25.25476561095001 ], [ 55.314154483912382, 25.254804877627787 ], [ 55.313943282718377, 25.254729053222054 ], [ 55.313943282716352, 25.254651992801545 ], [ 55.313702493999891, 25.254629542718437 ], [ 55.3137221, 25.2546139 ], [ 55.313628977388952, 25.254553846261537 ], [ 55.313573077378386, 25.25459844624487 ], [ 55.313623677356226, 25.254650246258404 ], [ 55.313692873813928, 25.254637218216256 ], [ 55.313692873692965, 25.254767616800098 ], [ 55.313613372795558, 25.254728195506416 ], [ 55.313561172783899, 25.254769395487752 ], [ 55.313705090942882, 25.254905427051813 ], [ 55.313522312745469, 25.25505437942132 ], [ 55.3134088, 25.2549368 ] ], [ [ 55.31416214958638, 25.254958588887334 ], [ 55.314116210728415, 25.25497374305629 ], [ 55.314135636123694, 25.254932075377337 ], [ 55.31416214958638, 25.254958588887334 ] ], [ [ 55.313805511347446, 25.254831068882403 ], [ 55.313775512057433, 25.254853282435853 ], [ 55.313742235597019, 25.254818786986206 ], [ 55.313805511347446, 25.254831068882403 ] ] ], [ [ [ 55.3148961, 25.2317019 ], [ 55.3149188, 25.23116 ], [ 55.314671682422663, 25.231143296345973 ], [ 55.314648982201405, 25.231685296327232 ], [ 55.3148961, 25.2317019 ] ] ], [ [ [ 55.3146896, 25.2442895 ], [ 55.313595628785926, 25.244062218294779 ], [ 55.313530128729553, 25.244096718121778 ], [ 55.313418527921002, 25.244385617792023 ], [ 55.3146292, 25.2446489 ], [ 55.3147275, 25.2443287 ], [ 55.3146896, 25.2442895 ] ] ], [ [ [ 55.314644926668358, 25.248719810584635 ], [ 55.314555095143028, 25.248719810574414 ], [ 55.314555095136846, 25.248764726338312 ], [ 55.314661934943643, 25.248768027690563 ], [ 55.314644926668358, 25.248719810584635 ] ] ], [ [ [ 55.314572103415237, 25.248633280397939 ], [ 55.314661934943643, 25.24858836463374 ], [ 55.314661934943643, 25.248543448869526 ], [ 55.31451017940509, 25.24854014751368 ], [ 55.314510179392727, 25.248629979041496 ], [ 55.314572103415237, 25.248633280397939 ] ] ], [ [ [ 55.314617019179444, 25.249396848389448 ], [ 55.314617019179444, 25.249351932625242 ], [ 55.314506777622483, 25.249347970991433 ], [ 55.314506777607647, 25.249437802519115 ], [ 55.314572103415237, 25.249441764153655 ], [ 55.314617019179444, 25.249396848389448 ] ] ], [ [ [ 55.31461941850629, 25.236363023620452 ], [ 55.314796682236263, 25.236371276769713 ], [ 55.314796682236263, 25.236326361005506 ], [ 55.314751766472057, 25.2362814452413 ], [ 55.314619418537184, 25.236273192093563 ], [ 55.31461941850629, 25.236363023620452 ] ] ], [ [ [ 55.31470685070785, 25.24149167388919 ], [ 55.31470685070785, 25.241446758124994 ], [ 55.314609212397777, 25.241436524111819 ], [ 55.31460921237862, 25.241481439875074 ], [ 55.31470685070785, 25.24149167388919 ] ] ], [ [ [ 55.3147452, 25.2384572 ], [ 55.314443328019607, 25.238414636497488 ], [ 55.314434327858173, 25.238528636478634 ], [ 55.3147363, 25.2385712 ], [ 55.3147452, 25.2384572 ] ] ], [ [ [ 55.314330516669678, 25.246249443534204 ], [ 55.314572103415237, 25.246207829130821 ], [ 55.314617019179444, 25.246073081838205 ], [ 55.314375432457076, 25.246069780483705 ], [ 55.314285600919376, 25.246159612001286 ], [ 55.314285600913195, 25.24620452776519 ], [ 55.314330516669678, 25.246249443534204 ] ] ], [ [ [ 55.3144673, 25.2520403 ], [ 55.314416273827355, 25.252030395835373 ], [ 55.314375573800596, 25.252105295819955 ], [ 55.3144808, 25.2521393 ], [ 55.3145215, 25.2520643 ], [ 55.3144673, 25.2520403 ] ] ], [ [ [ 55.314527187651038, 25.250923984372445 ], [ 55.314527187651038, 25.250879068608242 ], [ 55.314369321871368, 25.250865863069325 ], [ 55.314369321846641, 25.250910778832317 ], [ 55.314527187651038, 25.250923984372445 ] ] ], [ [ [ 55.314502427759173, 25.238580236556359 ], [ 55.314229934140137, 25.238552400610519 ], [ 55.3142352, 25.2384986 ], [ 55.314138579448034, 25.238485096015143 ], [ 55.314132954850443, 25.238542493795233 ], [ 55.314098127964094, 25.238538936076186 ], [ 55.314061027549137, 25.23883543601081 ], [ 55.314104946402367, 25.23884396143848 ], [ 55.314095379264359, 25.238940895991156 ], [ 55.3142432, 25.2389586 ], [ 55.314205138267994, 25.238863410402249 ], [ 55.3146439, 25.2389115 ], [ 55.314681, 25.2386149 ], [ 55.314502427759173, 25.238580236556359 ] ] ], [ [ [ 55.3146771, 25.2380646 ], [ 55.314166028721559, 25.237997636195729 ], [ 55.314140128395763, 25.238229636148326 ], [ 55.314192201593045, 25.238239744484943 ], [ 55.314186279520811, 25.238296896035251 ], [ 55.3143127, 25.238314 ], [ 55.314318700587613, 25.23826430005564 ], [ 55.3146503, 25.2382957 ], [ 55.3146771, 25.2380646 ] ] ], [ [ [ 55.314241382692899, 25.241434873315583 ], [ 55.314572103415237, 25.241446758124983 ], [ 55.314617019179444, 25.24140184236078 ], [ 55.314617019179444, 25.241356926596577 ], [ 55.314241382737393, 25.241345041789355 ], [ 55.314241382692899, 25.241434873315583 ] ] ], [ [ [ 55.3146649, 25.2360864 ], [ 55.3146717, 25.236031 ], [ 55.314551066170573, 25.236000186378067 ], [ 55.3146742, 25.2360169 ], [ 55.3146811, 25.2359615 ], [ 55.314556944800685, 25.235937399326215 ], [ 55.3145601, 25.2359037 ], [ 55.314439980488636, 25.235888496170684 ], [ 55.314437571374604, 25.235914226771182 ], [ 55.314221653633638, 25.235879421142172 ], [ 55.314214853467107, 25.235934921116332 ], [ 55.314431692719999, 25.23597701382209 ], [ 55.314425580426651, 25.236042296162655 ], [ 55.3146649, 25.2360864 ] ] ], [ [ [ 55.31451017970182, 25.246384190846371 ], [ 55.314465263939148, 25.246384190841248 ], [ 55.314465263932966, 25.246429106605152 ], [ 55.314527187651038, 25.246432407951851 ], [ 55.31451017970182, 25.246384190846371 ] ] ], [ [ [ 55.314330516311131, 25.248854557840549 ], [ 55.314482271886824, 25.248902774983176 ], [ 55.314482271886824, 25.248723111926356 ], [ 55.314437356122617, 25.24867819616215 ], [ 55.314330516335865, 25.24867489478493 ], [ 55.314330516311131, 25.248854557840549 ] ] ], [ [ [ 55.314237976026497, 25.251405512445334 ], [ 55.314237976014205, 25.251429776594644 ], [ 55.314047009404902, 25.251395835102748 ], [ 55.314042909352032, 25.251433435095176 ], [ 55.314237975994196, 25.251468088862907 ], [ 55.314237975979502, 25.251495343971445 ], [ 55.314392440358411, 25.251507889307131 ], [ 55.314392440358411, 25.251418057778718 ], [ 55.314290544671387, 25.251405512474719 ], [ 55.3143544, 25.2510762 ], [ 55.314117802906175, 25.251033017366215 ], [ 55.314078030008972, 25.250834152844039 ], [ 55.31396167836548, 25.250820286835349 ], [ 55.313916762581762, 25.250865202576794 ], [ 55.313826930884481, 25.251179612874356 ], [ 55.313826930858511, 25.251224528637291 ], [ 55.31387415755178, 25.251271755432093 ], [ 55.313838836851204, 25.251271755416873 ], [ 55.313838836807925, 25.251361586943158 ], [ 55.313943282716352, 25.251373142014504 ], [ 55.313943282716828, 25.251340880655857 ], [ 55.314259981626556, 25.251405512459918 ], [ 55.314237976026497, 25.251405512445334 ] ] ], [ [ [ 55.3145603, 25.2361128 ], [ 55.314406080405043, 25.236099496154836 ], [ 55.314381680322334, 25.236305996142317 ], [ 55.314415180302639, 25.236345396152952 ], [ 55.3145668, 25.2363586 ], [ 55.3145989, 25.236151 ], [ 55.3145603, 25.2361128 ] ] ], [ [ [ 55.312983579817271, 25.237877695633163 ], [ 55.3130346, 25.2378876 ], [ 55.3130659, 25.2378624 ], [ 55.312966, 25.2377689 ], [ 55.312825952201827, 25.237741712885317 ], [ 55.3127671, 25.2376038 ], [ 55.312622293890357, 25.23740984032392 ], [ 55.3128956, 25.2374279 ], [ 55.3128891, 25.2372086 ], [ 55.312578730473525, 25.237179534357217 ], [ 55.312459030355647, 25.237290934206282 ], [ 55.312486093978414, 25.237318123693512 ], [ 55.312308030396331, 25.2373003340252 ], [ 55.311822736374452, 25.237393774276857 ], [ 55.311822736354685, 25.237438690040094 ], [ 55.311892728713943, 25.237449255114573 ], [ 55.311812729944315, 25.237736533402401 ], [ 55.311831429371694, 25.238128333396904 ], [ 55.311864329315952, 25.238158733434044 ], [ 55.31222116281387, 25.238208385015724 ], [ 55.312209879741786, 25.238253095361401 ], [ 55.312375899398191, 25.238253382514237 ], [ 55.312376419102677, 25.238292592040306 ], [ 55.312294228967758, 25.238292833938196 ], [ 55.312277479682315, 25.238380395381892 ], [ 55.312560205193748, 25.238393297073635 ], [ 55.312706, 25.2384216 ], [ 55.3129028, 25.2384215 ], [ 55.312902773104575, 25.238396110308162 ], [ 55.313044483280059, 25.238422658946732 ], [ 55.313015552778772, 25.238760848650184 ], [ 55.313045934742313, 25.238766746556792 ], [ 55.313046827952988, 25.238808134800873 ], [ 55.3139633, 25.238916 ], [ 55.314157779247829, 25.23740228763312 ], [ 55.3143196, 25.2374337 ], [ 55.3144638, 25.2374212 ], [ 55.3145746, 25.2364366 ], [ 55.314396030943669, 25.236401936583778 ], [ 55.314250430988466, 25.23640713640944 ], [ 55.314217372698806, 25.236706865244567 ], [ 55.314167861537378, 25.236640771354949 ], [ 55.314125345049611, 25.236632518060581 ], [ 55.314080429289255, 25.236632518047806 ], [ 55.314080429273893, 25.23668028181838 ], [ 55.313634162748997, 25.236593651711889 ], [ 55.313221363226795, 25.236599850019349 ], [ 55.313218322948877, 25.236629482047611 ], [ 55.312857499848313, 25.236585621061252 ], [ 55.312857499833576, 25.236620393456821 ], [ 55.312785063650878, 25.236622748226477 ], [ 55.312790373350914, 25.236756843487203 ], [ 55.312536080326197, 25.236755795503161 ], [ 55.312484731098017, 25.236770534273962 ], [ 55.312486945295738, 25.23681075993909 ], [ 55.312461062497597, 25.236818522271349 ], [ 55.312461062497555, 25.236730602883362 ], [ 55.312379431067811, 25.23671475561245 ], [ 55.312109936526838, 25.236714755465258 ], [ 55.311750610442573, 25.236759671031724 ], [ 55.311750610383271, 25.236849502557227 ], [ 55.311832241798676, 25.236865350175979 ], [ 55.312384937055207, 25.236865350234392 ], [ 55.312392830827172, 25.236980934149216 ], [ 55.3125714, 25.2370156 ], [ 55.31280000347973, 25.237000050024573 ], [ 55.312800961643113, 25.237024248193851 ], [ 55.31285949334081, 25.237035610877072 ], [ 55.312694780181729, 25.237066395551029 ], [ 55.312712280148318, 25.237142995555448 ], [ 55.312907651218133, 25.237125834158427 ], [ 55.312941570135976, 25.237220043454698 ], [ 55.3130181, 25.2372349 ], [ 55.313142670118623, 25.237198168696771 ], [ 55.313086594228274, 25.237930388785461 ], [ 55.312899908485015, 25.237915190461532 ], [ 55.312852106083618, 25.237803001185668 ], [ 55.31292367984851, 25.237816895613943 ], [ 55.312983579817271, 25.237877695633163 ] ], [ [ 55.313168165424244, 25.237095532577538 ], [ 55.313170459710904, 25.23709597795877 ], [ 55.313169987538402, 25.237100579933706 ], [ 55.313168165424244, 25.237095532577538 ] ], [ [ 55.312899128745904, 25.238295934660755 ], [ 55.312891879642251, 25.238324999479438 ], [ 55.312669745498575, 25.238292413516181 ], [ 55.312669130782297, 25.23824604085388 ], [ 55.3127577, 25.2382461 ], [ 55.3128261, 25.2381855 ], [ 55.312903573991534, 25.237997469389125 ], [ 55.313075721383839, 25.238057491098886 ], [ 55.312917721050582, 25.238070812586145 ], [ 55.312917721009804, 25.238205559876754 ], [ 55.31305385521307, 25.238313103041516 ], [ 55.312899128745904, 25.238295934660755 ] ], [ [ 55.312912353862835, 25.237045872600731 ], [ 55.313051749356518, 25.237072933114014 ], [ 55.312926965798482, 25.237109747638982 ], [ 55.312912353862835, 25.237045872600731 ] ] ], [ [ [ 55.3143466, 25.2405362 ], [ 55.31390383968472, 25.240465119631125 ], [ 55.313859066125872, 25.240634196462555 ], [ 55.313825470830551, 25.24061917637648 ], [ 55.3138575, 25.2406254 ], [ 55.31394920000001, 25.2402401 ], [ 55.313363641149429, 25.240126318299378 ], [ 55.313206539227345, 25.24078631779668 ], [ 55.313433199767566, 25.240863795420196 ], [ 55.313425778526138, 25.240896095722892 ], [ 55.3135112, 25.2409124 ], [ 55.313518525565073, 25.240880374983846 ], [ 55.3145035, 25.2410639 ], [ 55.3143466, 25.2405362 ] ] ], [ [ [ 55.3145654, 25.2357704 ], [ 55.314466080539027, 25.235759896182202 ], [ 55.314465280516821, 25.235813896180836 ], [ 55.3145645, 25.2358244 ], [ 55.3145654, 25.2357704 ] ] ], [ [ [ 55.314347524594204, 25.250564658258799 ], [ 55.314246480729565, 25.250553763647794 ], [ 55.314246480709166, 25.250598679410988 ], [ 55.314347524594204, 25.250609574023006 ], [ 55.314347524594204, 25.250564658258799 ] ] ], [ [ [ 55.314527187651038, 25.231565289999672 ], [ 55.314572103415237, 25.231520374235469 ], [ 55.314572103415237, 25.231475458471266 ], [ 55.314527187651038, 25.231385626942849 ], [ 55.31426859708791, 25.231334108646411 ], [ 55.314223681302074, 25.231423940163392 ], [ 55.314223681252656, 25.231603603217785 ], [ 55.314347524594204, 25.231610205763875 ], [ 55.314527187651038, 25.231565289999672 ] ] ], [ [ [ 55.314572103415237, 25.231205963886023 ], [ 55.314572103415237, 25.231161048121816 ], [ 55.314527187651038, 25.231116132357613 ], [ 55.314291405339205, 25.231060322433997 ], [ 55.314246489580071, 25.231060322417139 ], [ 55.314201573800553, 25.231105238163476 ], [ 55.314201573780167, 25.231150153926674 ], [ 55.314336321037196, 25.231195069740473 ], [ 55.314572103415237, 25.231205963886023 ] ] ], [ [ [ 55.314302608829998, 25.249486679917855 ], [ 55.314302608829998, 25.249396848389448 ], [ 55.314100834918932, 25.249392556559137 ], [ 55.314055919148693, 25.249437472316306 ], [ 55.31405591914065, 25.249482388080114 ], [ 55.314302608829998, 25.249486679917855 ] ] ], [ [ [ 55.314257693065791, 25.252001962713386 ], [ 55.314127733755655, 25.25198545561917 ], [ 55.314127733693823, 25.252075287144553 ], [ 55.314257693065791, 25.2520917942418 ], [ 55.314257693065791, 25.252001962713386 ] ] ], [ [ [ 55.314075321964189, 25.250510498527142 ], [ 55.314075321946881, 25.250555414290492 ], [ 55.314212777301584, 25.250564658258799 ], [ 55.314212777301584, 25.25047482673039 ], [ 55.314120237741399, 25.250465582778101 ], [ 55.314075321964189, 25.250510498527142 ] ] ], [ [ [ 55.314105937510156, 25.248764726287174 ], [ 55.314105937491611, 25.248899473578884 ], [ 55.314212777301584, 25.248902774983179 ], [ 55.314212777301584, 25.24876802769057 ], [ 55.314105937510156, 25.248764726287174 ] ] ], [ [ [ 55.314033114244765, 25.24656715524447 ], [ 55.314212777301584, 25.24652223948026 ], [ 55.314212777301584, 25.246297660659238 ], [ 55.314061022087493, 25.246294359267431 ], [ 55.313881359024457, 25.24638419077478 ], [ 55.313881359012093, 25.246474022302589 ], [ 55.314033114244765, 25.24656715524447 ] ] ], [ [ [ 55.312535738434164, 25.235873948522347 ], [ 55.312056820620043, 25.235858655166705 ], [ 55.312056820619702, 25.235787371835034 ], [ 55.311819335806732, 25.235776146485158 ], [ 55.311729504246763, 25.235865977976744 ], [ 55.311729504204749, 25.235955809503093 ], [ 55.311877157562876, 25.235967034891861 ], [ 55.312015477163264, 25.235897875123609 ], [ 55.312019054449948, 25.236163615459724 ], [ 55.3124017, 25.2362379 ], [ 55.3125198, 25.2362366 ], [ 55.312519545507655, 25.236217226708909 ], [ 55.31257365209553, 25.236227730511143 ], [ 55.312574253742959, 25.236253916867422 ], [ 55.3129569, 25.2363282 ], [ 55.3130226, 25.236327 ], [ 55.3130199, 25.2362095 ], [ 55.312862538058219, 25.236178951498054 ], [ 55.312860253430152, 25.236121835806109 ], [ 55.3130232, 25.2361529 ], [ 55.313160867266333, 25.236140108950277 ], [ 55.313165580474077, 25.236240795728499 ], [ 55.3134392, 25.2363073 ], [ 55.3138467, 25.2362919 ], [ 55.31391744860678, 25.236233858227251 ], [ 55.3140436, 25.2362668 ], [ 55.3142374, 25.2362652 ], [ 55.3142789, 25.236147 ], [ 55.314042450359082, 25.236101100311817 ], [ 55.314033629887881, 25.235910921492838 ], [ 55.314273900000011, 25.2357963 ], [ 55.3143458, 25.2356376 ], [ 55.3143192, 25.2347652 ], [ 55.313740957762512, 25.23466482009621 ], [ 55.31372346890457, 25.234785440703114 ], [ 55.31280959750255, 25.234620594100349 ], [ 55.312805597371003, 25.234651294079004 ], [ 55.313298598575336, 25.234747000341486 ], [ 55.312833595275734, 25.23512287825589 ], [ 55.312828730309562, 25.234970747265262 ], [ 55.312910220139621, 25.234978888079326 ], [ 55.312910220139621, 25.234933972315122 ], [ 55.312827258676734, 25.234924728246124 ], [ 55.3128239, 25.2348197 ], [ 55.312731, 25.2347831 ], [ 55.311965717921517, 25.234634532080282 ], [ 55.31168731830509, 25.234641830652603 ], [ 55.311620413925226, 25.234691068244295 ], [ 55.311422418646224, 25.234652629292967 ], [ 55.311074219109486, 25.23466442750653 ], [ 55.311036019022254, 25.234688027303747 ], [ 55.311055914966794, 25.235338327207497 ], [ 55.3118212, 25.2354869 ], [ 55.3122037, 25.2354737 ], [ 55.312234897194692, 25.235418784470713 ], [ 55.31251724726949, 25.235446596110641 ], [ 55.312535738434164, 25.235873948522347 ] ] ], [ [ [ 55.3139647, 25.2470731 ], [ 55.3141825, 25.2470753 ], [ 55.314185, 25.2468743 ], [ 55.314006416004439, 25.24683963537753 ], [ 55.313784916087364, 25.246837335112946 ], [ 55.31371681604783, 25.246881635028394 ], [ 55.313715815924056, 25.246967535021106 ], [ 55.313786115796326, 25.247038435100109 ], [ 55.3139647, 25.2470731 ] ] ], [ [ [ 55.314078030008972, 25.251462973542917 ], [ 55.313970182315579, 25.251450758235595 ], [ 55.31397018226982, 25.251540589761763 ], [ 55.314078030008972, 25.251552805071331 ], [ 55.314078030008972, 25.251462973542917 ] ] ], [ [ [ 55.314072791117809, 25.241253793941329 ], [ 55.313705337621407, 25.241181019013929 ], [ 55.313693237477175, 25.241230618975411 ], [ 55.314090829114868, 25.24130837934371 ], [ 55.314059322050063, 25.241308379338339 ], [ 55.314059322036464, 25.241398210866087 ], [ 55.314122945773178, 25.24140184236078 ], [ 55.314122945773235, 25.241314660620453 ], [ 55.3142024, 25.2413302 ], [ 55.3142142, 25.2412818 ], [ 55.314072791117809, 25.241253793941329 ] ] ], [ [ [ 55.313954181556731, 25.250243645049959 ], [ 55.313909265795601, 25.250243645039728 ], [ 55.313909265783238, 25.250288560803327 ], [ 55.313954181532004, 25.250333476577154 ], [ 55.314078030008972, 25.250340079437773 ], [ 55.314078030008972, 25.250295163673567 ], [ 55.313954181556731, 25.250243645049959 ] ] ], [ [ [ 55.31331057397454, 25.251948995459351 ], [ 55.313342473950073, 25.252000295469212 ], [ 55.3134523, 25.2520288 ], [ 55.313528921474429, 25.251992522542341 ], [ 55.313543708671418, 25.252028434456161 ], [ 55.3137223, 25.2520631 ], [ 55.313817552905242, 25.252031192161702 ], [ 55.313943282716352, 25.2520468784776 ], [ 55.313988198480565, 25.25195704694918 ], [ 55.313988198480565, 25.25186721542077 ], [ 55.313854837573551, 25.251850047886972 ], [ 55.313765006022926, 25.25190368193298 ], [ 55.313657472645055, 25.251900245881643 ], [ 55.313657472620889, 25.251950030075793 ], [ 55.313548675785967, 25.251968744619855 ], [ 55.313565, 25.2519249 ], [ 55.3135197, 25.2518256 ], [ 55.313391374031077, 25.25179199549013 ], [ 55.313316974020466, 25.251836195463824 ], [ 55.31331057397454, 25.251948995459351 ] ] ], [ [ [ 55.313671576551648, 25.245618095711048 ], [ 55.3137226, 25.245628 ], [ 55.3140776, 25.2453006 ], [ 55.313757476732164, 25.245159495749679 ], [ 55.313484476653471, 25.245417995651216 ], [ 55.313671576551648, 25.245618095711048 ] ] ], [ [ [ 55.314257693065791, 25.231744953056491 ], [ 55.314257693065791, 25.231655121528082 ], [ 55.314133849718033, 25.231648518960938 ], [ 55.314133849693327, 25.23173835048814 ], [ 55.314257693065791, 25.231744953056491 ] ] ], [ [ [ 55.313242464598723, 25.232579619137251 ], [ 55.31320906428283, 25.232690019034955 ], [ 55.313398463992215, 25.232736819512684 ], [ 55.3137811, 25.2328111 ], [ 55.313792630656209, 25.232772986719326 ], [ 55.3141344, 25.2328339 ], [ 55.314236, 25.2328119 ], [ 55.3142386, 25.2324999 ], [ 55.313575365645079, 25.232371148652042 ], [ 55.313347865957205, 25.232369547643014 ], [ 55.313346899875164, 25.232484513281722 ], [ 55.313218064913002, 25.232484119089325 ], [ 55.313215764672492, 25.232562419071513 ], [ 55.313345931882139, 25.232599705306594 ], [ 55.313242464598723, 25.232579619137251 ] ] ], [ [ [ 55.313396627606267, 25.244492717719638 ], [ 55.313367727581777, 25.244507817643331 ], [ 55.313327926832791, 25.244759617503092 ], [ 55.313490115991797, 25.24479184801417 ], [ 55.313527976885894, 25.244844195677707 ], [ 55.313656447976911, 25.244824901594324 ], [ 55.313993600000011, 25.2448919 ], [ 55.3140485, 25.2446221 ], [ 55.313396627606267, 25.244492717719638 ] ] ], [ [ [ 55.313898366952145, 25.25164263659974 ], [ 55.313943282716352, 25.251597720835534 ], [ 55.313943282716352, 25.251507889307131 ], [ 55.313876949049543, 25.251495013671111 ], [ 55.313607454500293, 25.251495013551438 ], [ 55.313472707177439, 25.251584845017653 ], [ 55.313472707129208, 25.251674676543693 ], [ 55.313539040838499, 25.251687552363947 ], [ 55.313898366952145, 25.25164263659974 ] ] ], [ [ [ 55.313942876436137, 25.245830395799388 ], [ 55.3140221, 25.2458208 ], [ 55.3139502, 25.2457359 ], [ 55.313899176483737, 25.245725995786572 ], [ 55.313870976478576, 25.245745495776557 ], [ 55.313942876436137, 25.245830395799388 ] ] ], [ [ [ 55.313950782516372, 25.24148441087366 ], [ 55.313905866741948, 25.241529326625955 ], [ 55.313905866701162, 25.241664073916571 ], [ 55.314033114244765, 25.241671336946016 ], [ 55.314033114244765, 25.241491673889193 ], [ 55.313950782516372, 25.24148441087366 ] ] ], [ [ [ 55.313898366952145, 25.250295163673567 ], [ 55.313898366952145, 25.250250247909364 ], [ 55.313772817666738, 25.250243314863834 ], [ 55.313772817640768, 25.250333146390972 ], [ 55.313853451187939, 25.25034007943777 ], [ 55.313898366952145, 25.250295163673567 ] ] ], [ [ [ 55.313898366952145, 25.241761168474422 ], [ 55.313988198480565, 25.241761168474426 ], [ 55.313988198480565, 25.241716252710223 ], [ 55.313855848741845, 25.241707999253418 ], [ 55.313855848726398, 25.24175291501686 ], [ 55.313898366952145, 25.241761168474422 ] ] ], [ [ [ 55.313943282716352, 25.241851000002839 ], [ 55.313850746505132, 25.241841756127855 ], [ 55.313850746470521, 25.241931587654577 ], [ 55.313943282716352, 25.241940831531256 ], [ 55.313943282716352, 25.241851000002839 ] ] ], [ [ [ 55.313943282716352, 25.241042516247134 ], [ 55.313943282716352, 25.240997600482928 ], [ 55.313821137538305, 25.240991327856356 ], [ 55.313821137526567, 25.241036243619984 ], [ 55.313943282716352, 25.241042516247134 ] ] ], [ [ [ 55.313553341429369, 25.250109557962414 ], [ 55.313553341418242, 25.250154473726081 ], [ 55.313673788131112, 25.250160416380947 ], [ 55.313808535423732, 25.25011550061674 ], [ 55.313808535423732, 25.250070584852537 ], [ 55.313598257201946, 25.25006464220797 ], [ 55.313553341429369, 25.250109557962414 ] ] ], [ [ [ 55.310825972561219, 25.242245723925485 ], [ 55.3115913, 25.2423943 ], [ 55.311663715925022, 25.242341071897034 ], [ 55.311663654546976, 25.242423628003369 ], [ 55.310962572091952, 25.242287524612365 ], [ 55.310912771938348, 25.242324724345973 ], [ 55.310948571640481, 25.242363924517385 ], [ 55.311374417774935, 25.242446595829087 ], [ 55.311324835424401, 25.242482912719794 ], [ 55.311362635262164, 25.242525912810052 ], [ 55.3120462, 25.2426589 ], [ 55.3124361, 25.2426591 ], [ 55.3124364, 25.2422539 ], [ 55.312155453573403, 25.242199360880171 ], [ 55.3122178, 25.2421447 ], [ 55.312134378159925, 25.242104595257437 ], [ 55.312045775081671, 25.242179610539026 ], [ 55.3124376, 25.2417628 ], [ 55.312322662570395, 25.241608595405452 ], [ 55.312392156621151, 25.241664190726002 ], [ 55.3124942, 25.241684 ], [ 55.312641826005482, 25.24158712173211 ], [ 55.312683613568446, 25.241603807219882 ], [ 55.31258597827923, 25.241703195419777 ], [ 55.3127127, 25.2417739 ], [ 55.312836830113383, 25.241640292831466 ], [ 55.3131068, 25.2416927 ], [ 55.313233831010272, 25.241679467038246 ], [ 55.313233830988388, 25.24175423542059 ], [ 55.313494125074293, 25.241761168474429 ], [ 55.313494125074293, 25.24167133694602 ], [ 55.313358373941369, 25.241662423061136 ], [ 55.313314462017956, 25.241706334958543 ], [ 55.313298094826045, 25.241668159748414 ], [ 55.3136957, 25.2415982 ], [ 55.313776221665449, 25.24142083865658 ], [ 55.313776221636118, 25.241530317010199 ], [ 55.313898366952145, 25.241536589653393 ], [ 55.313898366952145, 25.241491673889186 ], [ 55.313853451187939, 25.241401842360784 ], [ 55.31377622167134, 25.241395569719309 ], [ 55.313776221667048, 25.241414094270294 ], [ 55.3133612, 25.2412036 ], [ 55.313035199486052, 25.241138028102299 ], [ 55.313042, 25.2411049 ], [ 55.312411557105449, 25.241072690763268 ], [ 55.312301745259823, 25.241580531866258 ], [ 55.3121648, 25.2413968 ], [ 55.3120036, 25.2412738 ], [ 55.31190155706053, 25.241253990407643 ], [ 55.311652578741871, 25.24149351110605 ], [ 55.311528732866364, 25.241485070596099 ], [ 55.311528732854008, 25.241529986359698 ], [ 55.311611005999367, 25.241536589660193 ], [ 55.311517831449734, 25.241633138937022 ], [ 55.31151783144923, 25.24158150541761 ], [ 55.311440602037571, 25.241575232268769 ], [ 55.311350770491515, 25.241665063776587 ], [ 55.311350770468032, 25.241754895303849 ], [ 55.311396728016142, 25.241758628334559 ], [ 55.31127825667064, 25.241881389956532 ], [ 55.311311995915041, 25.241935750573496 ], [ 55.311257537453486, 25.241933898002507 ], [ 55.311212621653567, 25.242068645282476 ], [ 55.311338168392403, 25.242075578823865 ], [ 55.311338168393334, 25.241977919592223 ], [ 55.311414056462112, 25.242100190040375 ], [ 55.311633856607777, 25.242208680430799 ], [ 55.311663740316611, 25.242308262821215 ], [ 55.3115414, 25.2421723 ], [ 55.310776074012615, 25.242023723737567 ], [ 55.310685973740938, 25.242090023255916 ], [ 55.310825972561219, 25.242245723925485 ] ] ], [ [ [ 55.313763619659525, 25.250384995201976 ], [ 55.313763619659525, 25.25034007943777 ], [ 55.313673788131112, 25.250250247909364 ], [ 55.313593154622843, 25.250243314820878 ], [ 55.313413491539976, 25.250378062068627 ], [ 55.313413491526994, 25.250422977832191 ], [ 55.31362887236692, 25.250429910966179 ], [ 55.313763619659525, 25.250384995201976 ] ] ], [ [ [ 55.313759214112153, 25.242200752066136 ], [ 55.313714298334482, 25.24224566781465 ], [ 55.313714298316562, 25.242290583577965 ], [ 55.313853451187939, 25.242300157644905 ], [ 55.313853451187939, 25.242210326116481 ], [ 55.313759214112153, 25.242200752066136 ] ] ], [ [ [ 55.313808535423732, 25.241985747295455 ], [ 55.313853451187939, 25.241671336946016 ], [ 55.313759214327213, 25.24166176290624 ], [ 55.313624466994213, 25.24179651015174 ], [ 55.313624466912309, 25.2420211389014 ], [ 55.312971336006925, 25.241885117027206 ], [ 55.312927057430471, 25.242017313181201 ], [ 55.312619536053418, 25.241957616115279 ], [ 55.312343836262343, 25.241958715409094 ], [ 55.312317635971709, 25.242059115326718 ], [ 55.312344835733121, 25.242129415385669 ], [ 55.3127275, 25.2422037 ], [ 55.312878231384381, 25.242203096699008 ], [ 55.312870295169901, 25.242233294000087 ], [ 55.312572235315585, 25.242207715956088 ], [ 55.312572234981545, 25.24231561593967 ], [ 55.312615620637523, 25.242324038144783 ], [ 55.312615678000164, 25.242371895416341 ], [ 55.3127054, 25.2423818 ], [ 55.31270530334816, 25.242341447684282 ], [ 55.3129549, 25.2423899 ], [ 55.3131212, 25.2423899 ], [ 55.313121200000587, 25.242311498996969 ], [ 55.3135778, 25.2424045 ], [ 55.313641120103128, 25.242159068938012 ], [ 55.313718703895319, 25.242165410352289 ], [ 55.313763619659525, 25.242120494588075 ], [ 55.313808535423732, 25.241985747295455 ] ] ], [ [ [ 55.313558444078588, 25.249526643476482 ], [ 55.313558444069315, 25.249571559240231 ], [ 55.313673788131112, 25.249576511446278 ], [ 55.313673788131112, 25.249531595682065 ], [ 55.313558444078588, 25.249526643476482 ] ] ], [ [ [ 55.309674454184353, 25.232756978539047 ], [ 55.309430533739018, 25.232709619686812 ], [ 55.309194933633506, 25.232785318457513 ], [ 55.309101033481134, 25.232833317962125 ], [ 55.309127032713327, 25.232950918059366 ], [ 55.309175032125736, 25.233033918279798 ], [ 55.309293631478276, 25.233109018864084 ], [ 55.3101719, 25.2332822 ], [ 55.310353738729141, 25.233122969310212 ], [ 55.310463381922169, 25.233403594863727 ], [ 55.3105559, 25.2334135 ], [ 55.3107754, 25.2333706 ], [ 55.3107339, 25.2330451 ], [ 55.310672354792395, 25.232924180179033 ], [ 55.3108414, 25.232957 ], [ 55.311006640758904, 25.232871759580036 ], [ 55.311167682949957, 25.233127442452826 ], [ 55.3117799, 25.2332463 ], [ 55.3122062, 25.2330549 ], [ 55.312068, 25.2328454 ], [ 55.311981153817591, 25.232818101272635 ], [ 55.3120232, 25.2327938 ], [ 55.312028668761698, 25.232731525667599 ], [ 55.3123139, 25.2327869 ], [ 55.3128725, 25.2328001 ], [ 55.3128793, 25.2325643 ], [ 55.312582668114537, 25.232506713462179 ], [ 55.3129193, 25.2323647 ], [ 55.3128388, 25.2322438 ], [ 55.312274809960826, 25.232134309046465 ], [ 55.3128861, 25.231809 ], [ 55.31279019643145, 25.231656919099866 ], [ 55.3130868, 25.2317145 ], [ 55.313622471131403, 25.231606693316145 ], [ 55.313582956444897, 25.231691123658457 ], [ 55.31362787218827, 25.231736039435638 ], [ 55.313718703895319, 25.231744953056495 ], [ 55.313853451187939, 25.231700037292288 ], [ 55.313898366952145, 25.231655121528082 ], [ 55.313898366952145, 25.231565289999665 ], [ 55.313858032039015, 25.231484620179678 ], [ 55.3138919, 25.2311182 ], [ 55.313381725643126, 25.231019159856682 ], [ 55.312781926390343, 25.230987257816022 ], [ 55.312324525904856, 25.231218756207912 ], [ 55.312425202087404, 25.231377180273029 ], [ 55.31212992568755, 25.231319855523214 ], [ 55.311208924672279, 25.231795152283265 ], [ 55.31133721508813, 25.231998593773085 ], [ 55.310782136724022, 25.231890826856201 ], [ 55.310401236108945, 25.232085024846931 ], [ 55.31044537102769, 25.23215542345995 ], [ 55.310211536204967, 25.232116723866074 ], [ 55.309777235487779, 25.232340721574317 ], [ 55.309768335240975, 25.232382821515905 ], [ 55.309923000714107, 25.232628171584189 ], [ 55.309674454184353, 25.232756978539047 ] ], [ [ 55.3116889, 25.2322582 ], [ 55.311675749898356, 25.232237866169442 ], [ 55.311773647957139, 25.232256872308916 ], [ 55.311438415999774, 25.232437561753756 ], [ 55.31140877788031, 25.232431807688872 ], [ 55.3115082, 25.232395 ], [ 55.3116889, 25.2322582 ] ], [ [ 55.311635752779829, 25.232553130464947 ], [ 55.311674553963819, 25.23256066341521 ], [ 55.311689869197586, 25.232629130385689 ], [ 55.311544994088727, 25.232600162830984 ], [ 55.311635752779829, 25.232553130464947 ] ], [ [ 55.310066349676021, 25.232804010157537 ], [ 55.310243542117092, 25.232840926037728 ], [ 55.310341422634551, 25.233091446883435 ], [ 55.3101958, 25.2328582 ], [ 55.310025562363229, 25.232825147872383 ], [ 55.310066349676021, 25.232804010157537 ] ] ], [ [ [ 55.313627678957559, 25.239800595814039 ], [ 55.313610478923792, 25.239886695806423 ], [ 55.313765, 25.2399135 ], [ 55.3137823, 25.2398275 ], [ 55.313627678957559, 25.239800595814039 ] ] ], [ [ [ 55.3137802, 25.2397622 ], [ 55.31367917897601, 25.239743095832793 ], [ 55.313670278960409, 25.239783095828948 ], [ 55.3137713, 25.2398022 ], [ 55.3137802, 25.2397622 ] ] ], [ [ [ 55.3135855, 25.2521516 ], [ 55.313459173870363, 25.252164295505736 ], [ 55.31347857384656, 25.252217095511298 ], [ 55.3136049, 25.2522044 ], [ 55.3135855, 25.2521516 ] ] ], [ [ [ 55.3093737, 25.2461573 ], [ 55.3096621, 25.2460799 ], [ 55.309653269392413, 25.246051924740652 ], [ 55.3097268, 25.2460662 ], [ 55.309894840255787, 25.246021810894483 ], [ 55.30994912539191, 25.246032349743722 ], [ 55.309867925495936, 25.246052208444784 ], [ 55.309926524881966, 25.246235908566856 ], [ 55.310007524679904, 25.246281008767436 ], [ 55.3103902, 25.2463553 ], [ 55.310597385565856, 25.246301669205959 ], [ 55.311183021684336, 25.246955911675297 ], [ 55.3115657, 25.2470302 ], [ 55.311663338691801, 25.246958708188892 ], [ 55.31172336216234, 25.247023486683467 ], [ 55.311620776151273, 25.247097994980674 ], [ 55.311732276088001, 25.24722349501619 ], [ 55.3117833, 25.2472334 ], [ 55.311861465070407, 25.247176628626637 ], [ 55.311881838438573, 25.247200029052639 ], [ 55.31178417605517, 25.247290095032568 ], [ 55.311848823122112, 25.24739221321574 ], [ 55.311693319584627, 25.247507012898382 ], [ 55.312026561757321, 25.247876402185558 ], [ 55.311679718592394, 25.247830812814239 ], [ 55.311499818123416, 25.248027012323572 ], [ 55.31156350565621, 25.248079597214662 ], [ 55.311428618096514, 25.248053412137189 ], [ 55.310876216699974, 25.248641810632645 ], [ 55.310966899837474, 25.248712541274703 ], [ 55.310880716529283, 25.248695810635937 ], [ 55.310502415580167, 25.249096409605912 ], [ 55.310963614121647, 25.249452610732991 ], [ 55.311344644798695, 25.249526578684748 ], [ 55.311115212807955, 25.249770631713421 ], [ 55.311246699528155, 25.249871160446954 ], [ 55.310870913122749, 25.249798210442876 ], [ 55.310714112712127, 25.249969810015092 ], [ 55.310757794899637, 25.250002480017724 ], [ 55.310709012644196, 25.249993009998494 ], [ 55.31032456006951, 25.250412754499305 ], [ 55.310154372053326, 25.25037971566287 ], [ 55.310369, 25.2503288 ], [ 55.3104852, 25.2501726 ], [ 55.3102293, 25.2494193 ], [ 55.309972847782404, 25.249369514021353 ], [ 55.3102241, 25.2493062 ], [ 55.3101483, 25.2490601 ], [ 55.310085244781185, 25.249047858848549 ], [ 55.3101358, 25.2490346 ], [ 55.3100497, 25.2487713 ], [ 55.309587417631199, 25.248661807328471 ], [ 55.3092532176113, 25.248751406458798 ], [ 55.309267932945367, 25.248804338999044 ], [ 55.308872654028121, 25.248887664293076 ], [ 55.308828353888956, 25.248954864194101 ], [ 55.308981974959408, 25.249437769948891 ], [ 55.308846385239548, 25.249428886338556 ], [ 55.308846385215432, 25.249473802101576 ], [ 55.309194202195982, 25.249517246920529 ], [ 55.308991527616975, 25.249567258589639 ], [ 55.309084717905435, 25.249880714295649 ], [ 55.308964124033317, 25.249874742032301 ], [ 55.308964124003026, 25.249919657795019 ], [ 55.309009039729396, 25.24996457358278 ], [ 55.309114459573308, 25.249980753325826 ], [ 55.309175926084286, 25.250187501507408 ], [ 55.309135282703735, 25.250187501481832 ], [ 55.309090366914454, 25.250232417216786 ], [ 55.309090366881072, 25.250277332979348 ], [ 55.309207934267619, 25.250295163675233 ], [ 55.309267424988974, 25.250407759129601 ], [ 55.3096899, 25.2504899 ], [ 55.310025470785639, 25.25041029442238 ], [ 55.310026388252709, 25.25045184376005 ], [ 55.3099685118286, 25.250440608033447 ], [ 55.309319525246927, 25.250595189419634 ], [ 55.309446823982576, 25.251002989664773 ], [ 55.3098023, 25.251072 ], [ 55.3102348, 25.2509636 ], [ 55.310224717160743, 25.250934681690239 ], [ 55.3103062, 25.2509505 ], [ 55.310465856423377, 25.250895259009116 ], [ 55.310588709652762, 25.250988809538601 ], [ 55.3109714, 25.2510631 ], [ 55.31112, 25.2509032 ], [ 55.311040812763686, 25.250843286309806 ], [ 55.311164, 25.2508672 ], [ 55.3113513, 25.250668 ], [ 55.311280623087058, 25.250613629371994 ], [ 55.3113495, 25.250627 ], [ 55.3115448, 25.2504214 ], [ 55.311509093692585, 25.250393656089273 ], [ 55.3115835, 25.2504081 ], [ 55.3117404, 25.2502365 ], [ 55.311620937052645, 25.25014717307414 ], [ 55.3117818, 25.2501784 ], [ 55.3121244, 25.2498092 ], [ 55.312069493343635, 25.249767222725371 ], [ 55.3121518, 25.2497832 ], [ 55.3123083, 25.2496185 ], [ 55.312066724190089, 25.249430750413929 ], [ 55.312169457133734, 25.249450692851113 ], [ 55.312169457127951, 25.249482387800914 ], [ 55.312281399440728, 25.249486679917855 ], [ 55.312281399440728, 25.249441764153651 ], [ 55.312186342876863, 25.249437472043784 ], [ 55.3124727, 25.2491363 ], [ 55.3121513, 25.2488863 ], [ 55.311985538512197, 25.248854122342738 ], [ 55.312295722806972, 25.248528800784744 ], [ 55.312309814010412, 25.248641433221643 ], [ 55.312373820711244, 25.248690971061794 ], [ 55.312185075359125, 25.248876095137284 ], [ 55.312658275163606, 25.249231895291679 ], [ 55.3127093, 25.2492418 ], [ 55.3128822, 25.2490536 ], [ 55.312666599613834, 25.248891490082997 ], [ 55.3129319, 25.2489646 ], [ 55.3131069, 25.2487705 ], [ 55.31293732841327, 25.248673747339122 ], [ 55.313017694928895, 25.248606040899666 ], [ 55.3131777, 25.2486371 ], [ 55.313365168605486, 25.248438921718243 ], [ 55.3134206, 25.248451 ], [ 55.3136152, 25.2480808 ], [ 55.313057214758281, 25.247938034164982 ], [ 55.312955015638479, 25.248115297615094 ], [ 55.312742714702971, 25.248054533780795 ], [ 55.312307420217522, 25.248514558025931 ], [ 55.312227562405759, 25.248452287833388 ], [ 55.3123322, 25.2484726 ], [ 55.3124517, 25.2483542 ], [ 55.31247, 25.2482537 ], [ 55.312347807261972, 25.248109521264873 ], [ 55.312596, 25.2481577 ], [ 55.3128185, 25.2479793 ], [ 55.312906647528152, 25.247815972175214 ], [ 55.312908314932621, 25.247854433992938 ], [ 55.3135951, 25.2480182 ], [ 55.3135643, 25.2475858 ], [ 55.3133588, 25.2471832 ], [ 55.3131183, 25.2469319 ], [ 55.312939716304605, 25.246897234098444 ], [ 55.312574916063909, 25.247154533644135 ], [ 55.312896871243659, 25.247590463659812 ], [ 55.3127194, 25.2473937 ], [ 55.312633949894156, 25.247377112625607 ], [ 55.3126657, 25.2473533 ], [ 55.3125567, 25.2472344 ], [ 55.31248587024767, 25.2472206506033 ], [ 55.3125268, 25.2471915 ], [ 55.311884507633671, 25.246525648377222 ], [ 55.3119188, 25.2464997 ], [ 55.3116774, 25.2462387 ], [ 55.311626376509565, 25.246228795000238 ], [ 55.311512145399753, 25.24631525873129 ], [ 55.311417123544892, 25.246296812375274 ], [ 55.311354281831761, 25.246344363149433 ], [ 55.3112155, 25.2461893 ], [ 55.311011909364417, 25.246149776918283 ], [ 55.31129908023204, 25.24592396724281 ], [ 55.3116552, 25.2459931 ], [ 55.3120142, 25.2457265 ], [ 55.3117469, 25.245432 ], [ 55.311642316521393, 25.245411697531697 ], [ 55.3116755, 25.2453878 ], [ 55.3114406, 25.245121 ], [ 55.311057927692389, 25.245046711645738 ], [ 55.310710227184963, 25.24529711071709 ], [ 55.310882857713544, 25.245493186294848 ], [ 55.310553826896133, 25.245429310296394 ], [ 55.310363626487515, 25.245608609781947 ], [ 55.310429972756204, 25.245679148329131 ], [ 55.310247426468365, 25.245643709478998 ], [ 55.310105668232097, 25.245713833197581 ], [ 55.309920737389739, 25.245742572997777 ], [ 55.3098112, 25.2453708 ], [ 55.3097667, 25.2453255 ], [ 55.309384028348973, 25.245251207327598 ], [ 55.309129028314821, 25.245325706663174 ], [ 55.309136103510895, 25.2453476200577 ], [ 55.309067528335589, 25.245334306504351 ], [ 55.308841928325528, 25.245393705917518 ], [ 55.308804928137008, 25.245463805812072 ], [ 55.308896469658315, 25.245768391029554 ], [ 55.308708027381876, 25.245731805523015 ], [ 55.308597249129463, 25.245760506036675 ], [ 55.3085607, 25.2456373 ], [ 55.30817802831303, 25.245563004191407 ], [ 55.307818628304872, 25.245655103256905 ], [ 55.307785128180221, 25.245703703163688 ], [ 55.30783472755617, 25.245892903261829 ], [ 55.307981646703745, 25.245921428080035 ], [ 55.308041226726019, 25.24610960375762 ], [ 55.30808747640318, 25.246118583216663 ], [ 55.307990326663699, 25.246142403622258 ], [ 55.308051925980529, 25.246347703748686 ], [ 55.3084346, 25.246422 ], [ 55.308505841789284, 25.246404520272971 ], [ 55.3086685, 25.2464361 ], [ 55.3091761, 25.2463109 ], [ 55.3092441, 25.246233 ], [ 55.309211773022106, 25.246125862996589 ], [ 55.3093737, 25.2461573 ] ], [ [ 55.312568267519076, 25.248817553946633 ], [ 55.3125443376641, 25.24879956100887 ], [ 55.312563268645661, 25.248803235831698 ], [ 55.312568267519076, 25.248817553946633 ] ], [ [ 55.311039094950885, 25.250448437446515 ], [ 55.31100881986071, 25.250426309729573 ], [ 55.311137557491975, 25.250286504038115 ], [ 55.311169922988057, 25.25031071005338 ], [ 55.311039094950885, 25.250448437446515 ] ], [ [ 55.311076802132511, 25.245703171764504 ], [ 55.310973153377439, 25.245683050292531 ], [ 55.311001900073322, 25.245662307663189 ], [ 55.311076802132511, 25.245703171764504 ] ], [ [ 55.311029087558786, 25.245590950163084 ], [ 55.311016884514196, 25.245577841852846 ], [ 55.311057249649146, 25.245585677992498 ], [ 55.311045785131022, 25.245594191685694 ], [ 55.311029087558786, 25.245590950163084 ] ], [ [ 55.309699958107984, 25.249392445951209 ], [ 55.309698825680464, 25.24938887823555 ], [ 55.309707551378224, 25.249390572210846 ], [ 55.309699958107984, 25.249392445951209 ] ] ], [ [ [ 55.313594857507603, 25.242832543974359 ], [ 55.313594857495239, 25.242877459737951 ], [ 55.313673788131112, 25.242884062579581 ], [ 55.313673788131112, 25.242839146815378 ], [ 55.313594857507603, 25.242832543974359 ] ] ], [ [ [ 55.313494125074293, 25.250160416380947 ], [ 55.313415192447899, 25.250153813400026 ], [ 55.313415192435535, 25.250198729163621 ], [ 55.313494125074293, 25.250205332145153 ], [ 55.313494125074293, 25.250160416380947 ] ] ], [ [ [ 55.313165466908693, 25.242377343412397 ], [ 55.313117666807081, 25.242553343382561 ], [ 55.3135405, 25.242645 ], [ 55.3135882, 25.242469 ], [ 55.313165466908693, 25.242377343412397 ] ] ], [ [ [ 55.313460110224199, 25.242832543943681 ], [ 55.313460110211842, 25.242877459707284 ], [ 55.313539040838499, 25.242884062579581 ], [ 55.313539040838499, 25.242839146815374 ], [ 55.313460110224199, 25.242832543943681 ] ] ], [ [ [ 55.313420297110099, 25.24103690381865 ], [ 55.313494125074293, 25.241042516247138 ], [ 55.313539040838499, 25.240997600482931 ], [ 55.313539040838499, 25.240952684718728 ], [ 55.31342029713111, 25.24094707229127 ], [ 55.313420297110099, 25.24103690381865 ] ] ], [ [ [ 55.313366874933074, 25.250377731907953 ], [ 55.313321959172249, 25.250377731896698 ], [ 55.313321959158642, 25.25042264766024 ], [ 55.313404293545879, 25.250429910966183 ], [ 55.313404293545879, 25.250384995201976 ], [ 55.313366874933074, 25.250377731907953 ] ] ], [ [ [ 55.313281576785819, 25.245147895587404 ], [ 55.3133326, 25.2451578 ], [ 55.3133607, 25.2451375 ], [ 55.313295176799613, 25.245111095592801 ], [ 55.313281576785819, 25.245147895587404 ] ] ], [ [ [ 55.313060651158452, 25.254943292242011 ], [ 55.313179714724846, 25.254966403150988 ], [ 55.313224630489053, 25.254966403150981 ], [ 55.313224630489053, 25.254921487386778 ], [ 55.31310556695518, 25.254898376515726 ], [ 55.313060651201745, 25.254898376479932 ], [ 55.313060651158452, 25.254943292242011 ] ] ], [ [ [ 55.312659809798937, 25.251468233439237 ], [ 55.312905810959762, 25.251514593893138 ], [ 55.312905810948209, 25.251543230556074 ], [ 55.313130389693143, 25.251677977920195 ], [ 55.31326954625326, 25.251687552363947 ], [ 55.31326954625326, 25.251597720835541 ], [ 55.313179714724846, 25.251507889307131 ], [ 55.312944645351131, 25.251498314830009 ], [ 55.312983561828176, 25.251452267531796 ], [ 55.313059, 25.2514581 ], [ 55.3130798, 25.2514176 ], [ 55.313002572468484, 25.251380438858877 ], [ 55.3129685, 25.2512119 ], [ 55.3129273, 25.2511701 ], [ 55.312664674391129, 25.251100895255934 ], [ 55.312621574384906, 25.251126695240686 ], [ 55.312578947539393, 25.251237523298823 ], [ 55.312498661539621, 25.251212542801916 ], [ 55.312408336007806, 25.25122815972685 ], [ 55.312363420229197, 25.251273075474259 ], [ 55.312363420210033, 25.251317991237524 ], [ 55.312426162365043, 25.251328226253008 ], [ 55.31244137497491, 25.251369320379343 ], [ 55.312354915910745, 25.2513612561904 ], [ 55.31235491586623, 25.251451087716621 ], [ 55.31239983160264, 25.25149600349814 ], [ 55.312505978261761, 25.251507889307131 ], [ 55.312505978261861, 25.25147534537701 ], [ 55.312659809798937, 25.251468233439237 ] ] ], [ [ [ 55.313404293545879, 25.241042516247131 ], [ 55.313404293545879, 25.240952684718721 ], [ 55.313244035516163, 25.240947732546463 ], [ 55.313199119744993, 25.240992648302544 ], [ 55.313199119735728, 25.2410375640663 ], [ 55.313404293545879, 25.241042516247131 ] ] ], [ [ [ 55.313224630489053, 25.25177738389236 ], [ 55.313224630489053, 25.251732468128157 ], [ 55.313111680175901, 25.251719261993415 ], [ 55.313111680151167, 25.25176417775641 ], [ 55.313224630489053, 25.25177738389236 ] ] ], [ [ [ 55.313134798960647, 25.254831655858364 ], [ 55.313179714724846, 25.254831655858364 ], [ 55.313179714724846, 25.254786740094161 ], [ 55.313015735578183, 25.254763629157885 ], [ 55.31301573553489, 25.254808544919968 ], [ 55.313134798960647, 25.254831655858364 ] ] ], [ [ [ 55.313194015248833, 25.250468883998053 ], [ 55.31314909948739, 25.250468883988852 ], [ 55.313149099476263, 25.250513799752511 ], [ 55.313224630489053, 25.2505197424946 ], [ 55.313224630489053, 25.25047482673039 ], [ 55.313194015248833, 25.250468883998053 ] ] ], [ [ [ 55.3129231, 25.2510496 ], [ 55.312932475003876, 25.250925609938292 ], [ 55.3131298, 25.2509655 ], [ 55.3131771, 25.250921 ], [ 55.313153, 25.2508943 ], [ 55.312954807170023, 25.250855313223813 ], [ 55.312915460735795, 25.250876775113923 ], [ 55.312899528696889, 25.250831046499755 ], [ 55.313000051668027, 25.250834152844035 ], [ 55.313000051668027, 25.250789237079832 ], [ 55.312893211639903, 25.250785935524718 ], [ 55.312893211635931, 25.250815579916736 ], [ 55.3128519, 25.2507763 ], [ 55.312608210890126, 25.250726133430266 ], [ 55.31255121087159, 25.25075313336021 ], [ 55.312504810735931, 25.250858533297254 ], [ 55.312530312985515, 25.251009820825224 ], [ 55.312371230969148, 25.250699405551423 ], [ 55.31219736421022, 25.250691811796763 ], [ 55.312152448392666, 25.250871474839027 ], [ 55.312225253444907, 25.250879068614655 ], [ 55.312283110583806, 25.251018933020831 ], [ 55.312470260366041, 25.251050709051075 ], [ 55.312470260338742, 25.251141629823767 ], [ 55.312550894025975, 25.251148563193471 ], [ 55.312550894026359, 25.251026117581745 ], [ 55.312596810387177, 25.251076933391733 ], [ 55.3128328, 25.251126 ], [ 55.3129231, 25.2510496 ] ] ], [ [ [ 55.313014352214211, 25.250423968197577 ], [ 55.313059267964526, 25.250468883970441 ], [ 55.313134798960647, 25.25047482673039 ], [ 55.313179714724846, 25.250429910966183 ], [ 55.313179714724846, 25.250384995201976 ], [ 55.313014352225345, 25.250379052433924 ], [ 55.313014352214211, 25.250423968197577 ] ] ], [ [ [ 55.313134798960647, 25.253663845989003 ], [ 55.313134798960647, 25.253618930224807 ], [ 55.312946315862121, 25.25359978115646 ], [ 55.312946315826252, 25.253644696918904 ], [ 55.313134798960647, 25.253663845989003 ] ] ], [ [ [ 55.312812919558993, 25.245024453599004 ], [ 55.3128874, 25.2449697 ], [ 55.3122099, 25.2442159 ], [ 55.312006344329831, 25.244176384668869 ], [ 55.3121347, 25.244081 ], [ 55.3119959, 25.2439282 ], [ 55.311881780592941, 25.243906046347345 ], [ 55.3119436, 25.2438603 ], [ 55.3118244, 25.2437284 ], [ 55.311773377530798, 25.243718495101401 ], [ 55.31111133018981, 25.244226811907396 ], [ 55.311250229609712, 25.24437961223984 ], [ 55.311450638851511, 25.244418517797101 ], [ 55.311358029195382, 25.244486612499617 ], [ 55.312035426339612, 25.245240414119699 ], [ 55.3124181, 25.2453147 ], [ 55.312541928208461, 25.245223669594751 ], [ 55.312339718671048, 25.24540883348703 ], [ 55.3126444180607, 25.245755433826584 ], [ 55.312823, 25.2457901 ], [ 55.3132377, 25.2454918 ], [ 55.3132082, 25.2453217 ], [ 55.3129744, 25.2450558 ], [ 55.312812919558993, 25.245024453599004 ] ] ], [ [ [ 55.3131051, 25.2335066 ], [ 55.3133925, 25.2335055 ], [ 55.3134017, 25.2330608 ], [ 55.312789481870354, 25.232941949140766 ], [ 55.312499082201846, 25.232947247950019 ], [ 55.312492880028614, 25.233387747817346 ], [ 55.3131051, 25.2335066 ] ] ], [ [ [ 55.3132377, 25.2426357 ], [ 55.3132377, 25.2425979 ], [ 55.313059566797634, 25.2425830433519 ], [ 55.313059566774228, 25.242620843350743 ], [ 55.3132377, 25.2426357 ] ] ], [ [ [ 55.313009249444491, 25.251231461479779 ], [ 55.313009249431502, 25.251276377243336 ], [ 55.313089883196447, 25.251283310486091 ], [ 55.313089883196447, 25.251238394721891 ], [ 55.313009249444491, 25.251231461479779 ] ] ], [ [ [ 55.313000051668027, 25.254696908565752 ], [ 55.313000051668027, 25.254651992801545 ], [ 55.312787755135922, 25.254628221373864 ], [ 55.312787755091392, 25.254673137135885 ], [ 55.313000051668027, 25.254696908565752 ] ] ], [ [ [ 55.312871100136732, 25.252218947932427 ], [ 55.312871100108289, 25.252308779459447 ], [ 55.31295513590382, 25.252316373062836 ], [ 55.313000051668027, 25.252181625770213 ], [ 55.312916015911618, 25.252174032180683 ], [ 55.312871100136732, 25.252218947932427 ] ] ], [ [ [ 55.311697180152898, 25.252209042541359 ], [ 55.311877354531376, 25.252230163572854 ], [ 55.31184490890189, 25.252291532406566 ], [ 55.311866008848625, 25.252323132429538 ], [ 55.312063408624418, 25.252429132657998 ], [ 55.3123276, 25.2524875 ], [ 55.3125031, 25.2523932 ], [ 55.312540657174424, 25.252202200774683 ], [ 55.3128726, 25.2522107 ], [ 55.3129649, 25.2520394 ], [ 55.3129084, 25.2519289 ], [ 55.312809362929798, 25.25190967581058 ], [ 55.3128651, 25.2518821 ], [ 55.312812, 25.2517942 ], [ 55.312735461152016, 25.25177934290598 ], [ 55.312640161137594, 25.251826342855729 ], [ 55.312692114823562, 25.251912281410544 ], [ 55.312623721973523, 25.251945027632992 ], [ 55.312555682308485, 25.251940538961545 ], [ 55.312505406147679, 25.252001676656626 ], [ 55.312416146733348, 25.25195704694918 ], [ 55.312281399441169, 25.251939878487494 ], [ 55.312281399440728, 25.251912131184987 ], [ 55.312099721324309, 25.251894302281752 ], [ 55.312099721257532, 25.251984133806882 ], [ 55.312167552939584, 25.252082447269441 ], [ 55.312111663434699, 25.252110896125021 ], [ 55.3120677, 25.2520447 ], [ 55.311909956712078, 25.2520140793332 ], [ 55.31192207332758, 25.251948328014048 ], [ 55.312056820619702, 25.251957046949183 ], [ 55.312056820619702, 25.251867215420766 ], [ 55.311913254889284, 25.251848065738944 ], [ 55.311873484031295, 25.251887836547731 ], [ 55.31168527439204, 25.251847405250512 ], [ 55.311550526978721, 25.252027068208005 ], [ 55.311550526941616, 25.252071983970382 ], [ 55.311762420838924, 25.252091794251072 ], [ 55.311745141620044, 25.252119802260069 ], [ 55.311652264462381, 25.252119210989061 ], [ 55.311652264429611, 25.252164126751662 ], [ 55.311697180152898, 25.252209042541359 ] ], [ [ 55.312431716147501, 25.252047787046642 ], [ 55.312427452941179, 25.252046878492557 ], [ 55.31243265599862, 25.252046878492855 ], [ 55.312431716147501, 25.252047787046642 ] ] ], [ [ [ 55.312619998195338, 25.254900026929658 ], [ 55.31261999811494, 25.25498985845412 ], [ 55.312910220139621, 25.255011318915194 ], [ 55.312910220139621, 25.254966403150991 ], [ 55.3128203886112, 25.254921487386781 ], [ 55.312619998195338, 25.254900026929658 ] ] ], [ [ [ 55.312934725732113, 25.250605612164225 ], [ 55.312889809969754, 25.250605612158093 ], [ 55.312889809962336, 25.250650527921938 ], [ 55.31295513590382, 25.250654489787212 ], [ 55.312934725732113, 25.250605612164225 ] ] ], [ [ [ 55.3128203886112, 25.254427413980512 ], [ 55.3128203886112, 25.254382498216302 ], [ 55.312666615330279, 25.254361367976749 ], [ 55.312666615290702, 25.254406283739012 ], [ 55.3128203886112, 25.254427413980512 ] ] ], [ [ [ 55.313019457457422, 25.237309555644348 ], [ 55.312974541695517, 25.237309555636685 ], [ 55.312974541676986, 25.237399387164182 ], [ 55.313044967432234, 25.237404339346448 ], [ 55.313044967432234, 25.237314507818031 ], [ 55.313019457457422, 25.237309555644348 ] ] ], [ [ [ 55.312886411891292, 25.231830162586693 ], [ 55.312931327644698, 25.231875078357632 ], [ 55.313089883196447, 25.231879700349111 ], [ 55.313089883196447, 25.231789868820702 ], [ 55.312886411899939, 25.23178524682292 ], [ 55.312886411891292, 25.231830162586693 ] ] ], [ [ [ 55.312640725554381, 25.254202835159486 ], [ 55.312685641318581, 25.254202835159482 ], [ 55.312775472846994, 25.254113003631069 ], [ 55.312775472846994, 25.254068087866862 ], [ 55.312730557082787, 25.254023172102666 ], [ 55.312553979993154, 25.254006333883492 ], [ 55.312509064205251, 25.254051249620073 ], [ 55.312509064142176, 25.254141081145381 ], [ 55.312553979866998, 25.254185996934126 ], [ 55.312640725554381, 25.254202835159486 ] ] ], [ [ [ 55.312877906316487, 25.241889642924967 ], [ 55.312832990555201, 25.241889642915265 ], [ 55.312832990543455, 25.241934558678892 ], [ 55.312910220139621, 25.241940831531252 ], [ 55.312910220139621, 25.241895915767053 ], [ 55.312877906316487, 25.241889642924967 ] ] ], [ [ [ 55.312954134669987, 25.234745395375523 ], [ 55.312909218909937, 25.234745395361724 ], [ 55.312909218893253, 25.234790311125103 ], [ 55.313000051668027, 25.234799225022503 ], [ 55.313000051668027, 25.234754309258296 ], [ 55.312954134669987, 25.234745395375523 ] ] ], [ [ [ 55.3129196, 25.2389343 ], [ 55.312749179409458, 25.238924195531897 ], [ 55.312749079395353, 25.238958395531167 ], [ 55.3129195, 25.2389686 ], [ 55.3129196, 25.2389343 ] ] ], [ [ [ 55.31274706651643, 25.243114943175652 ], [ 55.312852, 25.2431296 ], [ 55.3128517, 25.2431022 ], [ 55.312775166529192, 25.243087343190883 ], [ 55.312746766533124, 25.243088043176311 ], [ 55.31274706651643, 25.243114943175652 ] ] ], [ [ [ 55.312577793732949, 25.251585504938276 ], [ 55.312730557082787, 25.251597720835537 ], [ 55.312730557082787, 25.251507889307131 ], [ 55.312532878020193, 25.251495673393194 ], [ 55.312532877997313, 25.251540589156278 ], [ 55.312577793732949, 25.251585504938276 ] ] ], [ [ [ 55.3128976, 25.237501 ], [ 55.312774579994922, 25.237499195569498 ], [ 55.312783579967103, 25.237564395571241 ], [ 55.3129066, 25.2375662 ], [ 55.3128976, 25.237501 ] ] ], [ [ [ 55.312910220139621, 25.236371276769713 ], [ 55.312910220139621, 25.23632636100551 ], [ 55.312807482252218, 25.236315136025521 ], [ 55.312807482231207, 25.236360051788697 ], [ 55.312910220139621, 25.236371276769713 ] ] ], [ [ [ 55.312595809790174, 25.254382498216305 ], [ 55.312640725554381, 25.254337582452102 ], [ 55.312640725554381, 25.254247750923685 ], [ 55.312286186223481, 25.254186326942449 ], [ 55.312286186192559, 25.254231242705142 ], [ 55.312465849125857, 25.25436599009549 ], [ 55.312595809790174, 25.254382498216305 ] ] ], [ [ [ 55.31275846569941, 25.240994298978695 ], [ 55.312758465693229, 25.241039214742599 ], [ 55.3128203886112, 25.241042516247134 ], [ 55.3128203886112, 25.240997600482928 ], [ 55.31275846569941, 25.240994298978695 ] ] ], [ [ [ 55.312550894025975, 25.250609574022999 ], [ 55.312685641318581, 25.250519742494596 ], [ 55.312685641318581, 25.25047482673039 ], [ 55.312640725554381, 25.250429910966183 ], [ 55.312568596287484, 25.250424628423687 ], [ 55.312344017458976, 25.250514459910224 ], [ 55.312344017439194, 25.25060429143765 ], [ 55.312550894025975, 25.250609574022999 ] ] ], [ [ [ 55.312304028379828, 25.238697433921153 ], [ 55.312304828264267, 25.238777233916448 ], [ 55.3124834, 25.2388119 ], [ 55.3125254, 25.2388116 ], [ 55.312525037317961, 25.238770254214039 ], [ 55.312775472846994, 25.238796728036835 ], [ 55.3128203886112, 25.238751812272621 ], [ 55.3128203886112, 25.238661980744208 ], [ 55.312591448446085, 25.238647980462304 ], [ 55.3127797, 25.2386457 ], [ 55.312777, 25.2384443 ], [ 55.312598428689718, 25.238409634293387 ], [ 55.312284528797193, 25.238413333918043 ], [ 55.312287428505101, 25.238614833907196 ], [ 55.31235719488911, 25.238628377686386 ], [ 55.312314928474706, 25.238629033939048 ], [ 55.312315728419669, 25.23866693393731 ], [ 55.312606820941738, 25.238696122793218 ], [ 55.312603310527379, 25.238723622236211 ], [ 55.312304028379828, 25.238697433921153 ] ] ], [ [ [ 55.31241897820879, 25.241915395358447 ], [ 55.3127615, 25.2419229 ], [ 55.3127607, 25.2418414 ], [ 55.312679578227311, 25.241805695449649 ], [ 55.312417878253314, 25.241807795360259 ], [ 55.31241897820879, 25.241915395358447 ] ] ], [ [ [ 55.31261567798753, 25.242402495415732 ], [ 55.312615977949442, 25.24249469541396 ], [ 55.3127059, 25.2425045 ], [ 55.3127056, 25.2424123 ], [ 55.31261567798753, 25.242402495415732 ] ] ], [ [ [ 55.312062619349945, 25.243041518214618 ], [ 55.311743666428058, 25.243007928393492 ], [ 55.311742966067534, 25.24306632837212 ], [ 55.311772365921307, 25.243082628517733 ], [ 55.3125377, 25.2432312 ], [ 55.3126634, 25.2432324 ], [ 55.3126642, 25.2431583 ], [ 55.31219156791331, 25.243066550564759 ], [ 55.312191567912315, 25.242973894107987 ], [ 55.312107535134302, 25.242966300450043 ], [ 55.312062619349945, 25.243041518214618 ] ] ], [ [ [ 55.312314506254431, 25.254012161141176 ], [ 55.312320359807444, 25.254052942624099 ], [ 55.3123969, 25.2540678 ], [ 55.3124907, 25.2540199 ], [ 55.312505978261761, 25.25393334057425 ], [ 55.312332803056613, 25.253917162556014 ], [ 55.31228788726964, 25.253962078293675 ], [ 55.312287887239343, 25.254006994056393 ], [ 55.312314506254431, 25.254012161141176 ] ] ], [ [ [ 55.3124511, 25.2518608 ], [ 55.3125146, 25.2518285 ], [ 55.3124764, 25.2517671 ], [ 55.31239986122052, 25.25175224273486 ], [ 55.312336361210228, 25.251784642701345 ], [ 55.312374561166365, 25.251845942719051 ], [ 55.3124511, 25.2518608 ] ] ], [ [ [ 55.312461062497555, 25.253304519875364 ], [ 55.312461062497555, 25.253259604111154 ], [ 55.312349812329963, 25.25324672775082 ], [ 55.312349812305847, 25.25329164351383 ], [ 55.312461062497555, 25.253304519875364 ] ] ], [ [ [ 55.312416146733348, 25.255011318915191 ], [ 55.312371230969148, 25.254831655858368 ], [ 55.31224977454999, 25.254816798423033 ], [ 55.312204858764879, 25.25486171416286 ], [ 55.312204858709222, 25.254951545688542 ], [ 55.312294690195962, 25.254996461497409 ], [ 55.312416146733348, 25.255011318915191 ] ] ], [ [ [ 55.3126356, 25.2390135 ], [ 55.3126351, 25.2389607 ], [ 55.312433879430365, 25.238951995423687 ], [ 55.312434379408522, 25.239004795422787 ], [ 55.3126356, 25.2390135 ] ] ], [ [ [ 55.312116578735271, 25.240715095279572 ], [ 55.3124227, 25.2407968 ], [ 55.312430847831877, 25.240765647921226 ], [ 55.3125282, 25.2407852 ], [ 55.3125515, 25.2406957 ], [ 55.312157478785309, 25.240583695296195 ], [ 55.312116578735271, 25.240715095279572 ] ] ], [ [ [ 55.3124761, 25.2438693 ], [ 55.3124894, 25.2438064 ], [ 55.312378677440691, 25.243786195306729 ], [ 55.312365377416086, 25.243849095300899 ], [ 55.3124761, 25.2438693 ] ] ], [ [ [ 55.312111259939165, 25.253892342521841 ], [ 55.3121878, 25.2539072 ], [ 55.3122931, 25.253714 ], [ 55.312118360084909, 25.253655342532692 ], [ 55.312056820619986, 25.253768252491479 ], [ 55.311897252708235, 25.253740140606737 ], [ 55.311897252657523, 25.253829972132653 ], [ 55.312015803360417, 25.253843509052615 ], [ 55.312111259939165, 25.253892342521841 ] ] ], [ [ [ 55.312281399440728, 25.25406808786687 ], [ 55.312068411101869, 25.254052900195521 ], [ 55.312068411044976, 25.254142731721135 ], [ 55.312113326773655, 25.254187647507472 ], [ 55.312236483676521, 25.254202835159486 ], [ 55.312281399440728, 25.254157919395279 ], [ 55.312281399440728, 25.25406808786687 ] ] ], [ [ [ 55.312418, 25.2440606 ], [ 55.312342477335712, 25.244049495289008 ], [ 55.312341577329654, 25.244064395288401 ], [ 55.3124171, 25.2440755 ], [ 55.312418, 25.2440606 ] ] ], [ [ [ 55.312183756443879, 25.253024790178134 ], [ 55.31213884068444, 25.253024790162286 ], [ 55.312138840626929, 25.253159537452071 ], [ 55.312236483676521, 25.253169772582751 ], [ 55.312281399440728, 25.253124856818538 ], [ 55.312281399440728, 25.253079941054331 ], [ 55.312183756443879, 25.253024790178134 ] ] ], [ [ [ 55.312236483676521, 25.2536189302248 ], [ 55.312236483676521, 25.2535740144606 ], [ 55.312116728942755, 25.253559487160846 ], [ 55.312116728915548, 25.253604402923717 ], [ 55.312236483676521, 25.2536189302248 ] ] ], [ [ [ 55.311922073327082, 25.254831655858364 ], [ 55.312011904855503, 25.254741824329958 ], [ 55.312004251561575, 25.254641788426351 ], [ 55.312191567912315, 25.254651992801538 ], [ 55.312191567912315, 25.254517245508925 ], [ 55.311980280201098, 25.254502387945085 ], [ 55.31198028013528, 25.254609826563954 ], [ 55.311877157562876, 25.254472329744715 ], [ 55.311622655066763, 25.254457802170688 ], [ 55.311532823497473, 25.254547633651416 ], [ 55.311532823470266, 25.254592549414291 ], [ 55.311802317878836, 25.254817128363644 ], [ 55.311922073327082, 25.254831655858364 ] ] ], [ [ [ 55.312214374392774, 25.24108313997494 ], [ 55.312371230969148, 25.241087432011337 ], [ 55.312371230969148, 25.241042516247131 ], [ 55.312326315204935, 25.24099760048292 ], [ 55.312214374408846, 25.240993308447308 ], [ 55.312214374392774, 25.24108313997494 ] ] ], [ [ [ 55.3121998, 25.2525944 ], [ 55.3121344, 25.2524868 ], [ 55.312057860827373, 25.252471942537728 ], [ 55.31200982792808, 25.25249563295403 ], [ 55.311900655157864, 25.252483159580013 ], [ 55.311855739375538, 25.252528075323095 ], [ 55.311855739351422, 25.252572991086115 ], [ 55.312007885252363, 25.252585867649248 ], [ 55.312025932160822, 25.252618897424188 ], [ 55.311950673437195, 25.252663813154953 ], [ 55.311950673414941, 25.252708728918069 ], [ 55.312011904855503, 25.252720614940685 ], [ 55.312101736383909, 25.252720614940685 ], [ 55.312101736384314, 25.252654928268889 ], [ 55.3121964, 25.2526249 ], [ 55.3121998, 25.2525944 ] ] ], [ [ [ 55.312191567912315, 25.252945193761715 ], [ 55.312191567912315, 25.252900277997512 ], [ 55.312050710099072, 25.252890373007418 ], [ 55.312050710080527, 25.252935288770718 ], [ 55.312191567912315, 25.252945193761715 ] ] ], [ [ [ 55.312191567912315, 25.252810446469091 ], [ 55.312191567912315, 25.252765530704892 ], [ 55.312092224165731, 25.25275496540079 ], [ 55.312092224145943, 25.252799881164037 ], [ 55.312191567912315, 25.252810446469091 ] ] ], [ [ [ 55.3119796, 25.2392998 ], [ 55.3122435, 25.2392874 ], [ 55.3123, 25.2392009 ], [ 55.312210679363105, 25.23917049534305 ], [ 55.311918279366346, 25.239235395241906 ], [ 55.311928579342798, 25.239289895244319 ], [ 55.3119796, 25.2392998 ] ] ], [ [ [ 55.311804018700741, 25.254952205823102 ], [ 55.3114929, 25.2547032 ], [ 55.311314305656552, 25.254668531603286 ], [ 55.311090705407501, 25.25489643131975 ], [ 55.311252805164436, 25.255024231504475 ], [ 55.31138032063641, 25.25504898459327 ], [ 55.311224272878839, 25.25512079468232 ], [ 55.311511272638604, 25.255630994769991 ], [ 55.3115623, 25.2556409 ], [ 55.3120558, 25.2554137 ], [ 55.311823551602366, 25.255000913217188 ], [ 55.312011904855503, 25.255011318915191 ], [ 55.312056820619702, 25.254966403150988 ], [ 55.312056820619702, 25.254921487386781 ], [ 55.311848934484928, 25.25490729008219 ], [ 55.311804018700741, 25.254952205823102 ] ] ], [ [ [ 55.312281399440728, 25.238527233451602 ], [ 55.312281399440728, 25.238437401923193 ], [ 55.312150751653121, 25.238429478191915 ], [ 55.312150751623456, 25.238519309718868 ], [ 55.312281399440728, 25.238527233451602 ] ] ], [ [ [ 55.312150751682772, 25.238339646664958 ], [ 55.31215075166795, 25.238384562428447 ], [ 55.312236483676521, 25.238392486158979 ], [ 55.312236483676521, 25.238347570394779 ], [ 55.312150751682772, 25.238339646664958 ] ] ], [ [ [ 55.311353173341871, 25.254062281606689 ], [ 55.311399729558644, 25.254159816243043 ], [ 55.311497433182964, 25.254178782314195 ], [ 55.311442992091443, 25.254367970554931 ], [ 55.311832241798676, 25.254427413980508 ], [ 55.311832241798676, 25.254247750923692 ], [ 55.311585158129908, 25.254144831893946 ], [ 55.3115407, 25.2540644 ], [ 55.311485563479607, 25.254053697005016 ], [ 55.311544623751026, 25.254038931938435 ], [ 55.311604359860731, 25.254145042254418 ], [ 55.3116809, 25.2541599 ], [ 55.312017, 25.2540051 ], [ 55.3119334, 25.2538566 ], [ 55.311856860009719, 25.253841742393028 ], [ 55.311607662978808, 25.253956516833789 ], [ 55.311607662977643, 25.253888424810043 ], [ 55.31138957219688, 25.25387224626704 ], [ 55.311299740622943, 25.253962077742351 ], [ 55.31129974056234, 25.25405190926779 ], [ 55.311353173341871, 25.254062281606689 ] ] ], [ [ [ 55.312031309935605, 25.240992648103177 ], [ 55.312031309917067, 25.241082479630684 ], [ 55.312191567912315, 25.241087432011337 ], [ 55.312191567912315, 25.240997600482928 ], [ 55.312031309935605, 25.240992648103177 ] ] ], [ [ [ 55.31188567929474, 25.239416995227089 ], [ 55.3121242, 25.2394159 ], [ 55.312122018825136, 25.239385474466538 ], [ 55.312189, 25.2393928 ], [ 55.3121888, 25.2393661 ], [ 55.312067279314604, 25.239323695290985 ], [ 55.311879779329274, 25.239334795226746 ], [ 55.31188567929474, 25.239416995227089 ] ] ], [ [ [ 55.3122027, 25.2382318 ], [ 55.312009279774436, 25.238223895293519 ], [ 55.311991779757086, 25.238270295286593 ], [ 55.3122035, 25.2382778 ], [ 55.3122027, 25.2382318 ] ] ], [ [ [ 55.312146652148115, 25.238482317687392 ], [ 55.312016004356749, 25.238474393918597 ], [ 55.31201600434192, 25.238519309682069 ], [ 55.312146652148115, 25.238527233451592 ], [ 55.312146652148115, 25.238482317687392 ] ] ], [ [ [ 55.311832241798676, 25.252451120355452 ], [ 55.311922073327082, 25.252451120355449 ], [ 55.311922073327082, 25.252406204591246 ], [ 55.311760805326962, 25.25239233748546 ], [ 55.311760805300992, 25.252437253248392 ], [ 55.311832241798676, 25.252451120355452 ] ] ], [ [ [ 55.311852338446094, 25.251090110571145 ], [ 55.3117625069303, 25.251090110529212 ], [ 55.311717591147044, 25.251135026271196 ], [ 55.311717591121692, 25.25117994203416 ], [ 55.311832241798676, 25.251193478957688 ], [ 55.311922073327082, 25.251148563193475 ], [ 55.311922073327082, 25.251103647429272 ], [ 55.311852338446094, 25.251090110571145 ] ] ], [ [ [ 55.311453, 25.2529153 ], [ 55.3116284, 25.2528283 ], [ 55.311653038664822, 25.2527416555393 ], [ 55.311832241798676, 25.252765530704899 ], [ 55.311787326034462, 25.252540951883862 ], [ 55.311666351644462, 25.252535768901943 ], [ 55.3116701, 25.2524778 ], [ 55.311472618789601, 25.252437441392189 ], [ 55.3114423, 25.2523875 ], [ 55.311263709022278, 25.252352831707384 ], [ 55.311208209002487, 25.252380331639081 ], [ 55.311282100315012, 25.252502046431289 ], [ 55.311227458276271, 25.25253044116101 ], [ 55.311203421099783, 25.252496036119659 ], [ 55.311113589592843, 25.252481838527224 ], [ 55.311113589571377, 25.252226541534419 ], [ 55.311068673807171, 25.252181625770213 ], [ 55.310948920092827, 25.252167097926886 ], [ 55.310886197378501, 25.252217276139778 ], [ 55.310810771068468, 25.252211353261718 ], [ 55.310832245365049, 25.252260437729685 ], [ 55.310679425412175, 25.252391676606216 ], [ 55.31063450960032, 25.252481508109444 ], [ 55.310600601702141, 25.25265104718104 ], [ 55.310095109852057, 25.252552917040628 ], [ 55.309998909704234, 25.252600716533173 ], [ 55.310075608802336, 25.252727216887596 ], [ 55.310757183301284, 25.252859529122929 ], [ 55.310692508443374, 25.252895430985934 ], [ 55.310753208287252, 25.252988331051899 ], [ 55.3111543, 25.253058 ], [ 55.311233469502895, 25.252869039656058 ], [ 55.311453, 25.2529153 ] ] ], [ [ [ 55.311838041849455, 25.238923881663897 ], [ 55.312011904855503, 25.238931475329451 ], [ 55.312011904855503, 25.238841643801035 ], [ 55.311882957638552, 25.238834050148633 ], [ 55.311838041863666, 25.238878965900387 ], [ 55.311838041849455, 25.238923881663897 ] ] ], [ [ [ 55.311966989091289, 25.239066222622068 ], [ 55.311899964418814, 25.239061930556932 ], [ 55.311855048648574, 25.239106846314101 ], [ 55.311855048632509, 25.239196677841722 ], [ 55.311966989091289, 25.239200969914691 ], [ 55.311966989091289, 25.239066222622068 ] ] ], [ [ [ 55.311836341270194, 25.238609141159959 ], [ 55.311836341240536, 25.238698972686912 ], [ 55.311881256986226, 25.23874388846264 ], [ 55.311966989091289, 25.238751812272625 ], [ 55.311966989091289, 25.238527233451595 ], [ 55.311881257060371, 25.238519309645262 ], [ 55.311836341270194, 25.238609141159959 ] ] ], [ [ [ 55.311660769346538, 25.25126746234983 ], [ 55.311660769303181, 25.251333686631618 ], [ 55.311515816931674, 25.251310397009423 ], [ 55.311470901142386, 25.251355312744366 ], [ 55.311470901075609, 25.251445144269496 ], [ 55.311787326034462, 25.251462973542914 ], [ 55.311787326034462, 25.251418057778714 ], [ 55.311710726748053, 25.251366991618244 ], [ 55.311787326034462, 25.251373142014504 ], [ 55.311787326034462, 25.251283310486091 ], [ 55.311660769346538, 25.25126746234983 ] ] ], [ [ [ 55.311846544742188, 25.241036573353579 ], [ 55.311846544719941, 25.241126404880891 ], [ 55.311922073327082, 25.241132347775544 ], [ 55.311922073327082, 25.241042516247131 ], [ 55.311846544742188, 25.241036573353579 ] ] ], [ [ [ 55.311762514887199, 25.236986560959924 ], [ 55.311807430619773, 25.23703147674383 ], [ 55.311922073327082, 25.237045013232791 ], [ 55.311922073327082, 25.236955181704388 ], [ 55.31176251491253, 25.236941645196961 ], [ 55.311762514887199, 25.236986560959924 ] ] ], [ [ [ 55.309052344664352, 25.240063607269423 ], [ 55.309048344338393, 25.240169907242962 ], [ 55.309491843262144, 25.240407208342386 ], [ 55.309864952919327, 25.240479646475947 ], [ 55.309866342599371, 25.240528109282888 ], [ 55.310249, 25.2406024 ], [ 55.3107157, 25.2405915 ], [ 55.310713127406451, 25.240501794777217 ], [ 55.3109331, 25.2405445 ], [ 55.3114045, 25.240523 ], [ 55.3114031, 25.2404727 ], [ 55.31133962823143, 25.240460377907112 ], [ 55.311374157193761, 25.240449085518559 ], [ 55.3117209, 25.2405164 ], [ 55.3118585, 25.2405139 ], [ 55.3118585, 25.240412 ], [ 55.311053742498437, 25.240265212363436 ], [ 55.310950442579255, 25.240264812098975 ], [ 55.310950342447143, 25.240307512092215 ], [ 55.311307141906099, 25.240393598137018 ], [ 55.310990942339423, 25.240332212192413 ], [ 55.310844142447543, 25.240333811816274 ], [ 55.310823242297424, 25.240387511754573 ], [ 55.310898035179356, 25.240401219123552 ], [ 55.310855272510963, 25.240421266286734 ], [ 55.31062454840022, 25.240414296867971 ], [ 55.310356240905833, 25.240362207289216 ], [ 55.3104362, 25.2403595 ], [ 55.31039, 25.2392303 ], [ 55.309868709689425, 25.239129093924824 ], [ 55.3098597, 25.2388824 ], [ 55.309477048223236, 25.238808108548366 ], [ 55.308873348665465, 25.238815507001497 ], [ 55.308850248478976, 25.238881506932277 ], [ 55.308859847632483, 25.239152606915503 ], [ 55.308889347397738, 25.239221106980587 ], [ 55.309045106257614, 25.239251348106244 ], [ 55.308930247271817, 25.239251607080654 ], [ 55.308930646844672, 25.239389507060643 ], [ 55.309056422034175, 25.239413926704341 ], [ 55.308913346774744, 25.239416407012236 ], [ 55.308915046526117, 25.239496307004408 ], [ 55.3092977, 25.2395706 ], [ 55.309517189312906, 25.239566794385247 ], [ 55.309537590824576, 25.240062296939417 ], [ 55.309052344664352, 25.240063607269423 ] ], [ [ 55.310023189403303, 25.240308272842864 ], [ 55.310279130151102, 25.240357962156232 ], [ 55.309905532643675, 25.240366686744451 ], [ 55.309896312735518, 25.240283640344938 ], [ 55.310023189403303, 25.240308272842864 ] ], [ [ 55.309513788347957, 25.239484193212085 ], [ 55.309407652801873, 25.239463587026314 ], [ 55.3094462, 25.2394635 ], [ 55.3094458, 25.2393256 ], [ 55.309288747270635, 25.239295108123688 ], [ 55.309505847296712, 25.23929132426883 ], [ 55.309513788347957, 25.239484193212085 ] ] ], [ [ [ 55.311832241798676, 25.239829790613573 ], [ 55.311713498453216, 25.239824177868808 ], [ 55.311713498442707, 25.2398690936325 ], [ 55.311832241798676, 25.239874706377776 ], [ 55.311832241798676, 25.239829790613573 ] ] ], [ [ [ 55.3114119, 25.2402891 ], [ 55.31140762734303, 25.240146844734642 ], [ 55.3118252, 25.240209 ], [ 55.311824, 25.2400725 ], [ 55.311403171732579, 25.239998498166617 ], [ 55.3113837, 25.2393502 ], [ 55.311156769099156, 25.239339042476193 ], [ 55.311184968513572, 25.240277942462015 ], [ 55.3114119, 25.2402891 ] ] ], [ [ [ 55.311765217124155, 25.239106846300807 ], [ 55.311720301361945, 25.239106846294167 ], [ 55.311675385591712, 25.239151762051335 ], [ 55.311682708249293, 25.239204000486495 ], [ 55.311529127955168, 25.239184232960643 ], [ 55.311534327795712, 25.239293332959097 ], [ 55.3117558, 25.2393263 ], [ 55.311751935000459, 25.239243619329734 ], [ 55.311787326034462, 25.239245885678883 ], [ 55.311832241798676, 25.239200969914695 ], [ 55.311832241798676, 25.239156054150488 ], [ 55.311765217124155, 25.239106846300807 ] ] ], [ [ [ 55.311755012472226, 25.241170990464092 ], [ 55.311710096710939, 25.241170990454386 ], [ 55.311710096699208, 25.241215906218017 ], [ 55.311787326034462, 25.241222179303954 ], [ 55.311787326034462, 25.241177263539754 ], [ 55.311755012472226, 25.241170990464092 ] ] ], [ [ [ 55.310873731392398, 25.243897511349079 ], [ 55.3112564, 25.2439718 ], [ 55.3117274, 25.243626 ], [ 55.3113847, 25.2432439 ], [ 55.3112935749229, 25.243226209706581 ], [ 55.3113305, 25.2431985 ], [ 55.310985, 25.2428049 ], [ 55.310602335214156, 25.242730610831856 ], [ 55.310127334523493, 25.243071909563444 ], [ 55.310479433002072, 25.24347571040358 ], [ 55.310562933975774, 25.243491921073986 ], [ 55.310530932839484, 25.243515410529415 ], [ 55.310873731392398, 25.243897511349079 ] ] ], [ [ [ 55.311729, 25.2390547 ], [ 55.311766, 25.239054 ], [ 55.3117646, 25.2389918 ], [ 55.311651069246743, 25.238977642740334 ], [ 55.31165246920802, 25.23903984273916 ], [ 55.311729, 25.2390547 ] ] ], [ [ [ 55.3113515, 25.2380058 ], [ 55.3114476, 25.2380035 ], [ 55.311445536856553, 25.237932966279821 ], [ 55.3116326, 25.2379472 ], [ 55.31163236058233, 25.237885270574665 ], [ 55.3117677, 25.2378843 ], [ 55.3117672, 25.2378337 ], [ 55.311588629934583, 25.237799033130202 ], [ 55.311395930001673, 25.23780053289984 ], [ 55.311396186270436, 25.237830350514894 ], [ 55.311168130074023, 25.237807132627193 ], [ 55.311172929835422, 25.237971132621261 ], [ 55.3113515, 25.2380058 ] ] ], [ [ [ 55.311573648726373, 25.241125744497534 ], [ 55.311697494506049, 25.241132347775547 ], [ 55.311697494506049, 25.241087432011337 ], [ 55.31157364873873, 25.241080828733939 ], [ 55.311573648726373, 25.241125744497534 ] ] ], [ [ [ 55.310442367286278, 25.23709309857481 ], [ 55.310391352822862, 25.237094411150572 ], [ 55.310394652490402, 25.23720101114278 ], [ 55.3107773, 25.2372753 ], [ 55.3110844, 25.2372675 ], [ 55.311083688459526, 25.237245170186284 ], [ 55.3116297, 25.2373275 ], [ 55.3116298, 25.2372745 ], [ 55.311458872433448, 25.237253657802793 ], [ 55.311717, 25.2372492 ], [ 55.311708, 25.2368277 ], [ 55.311325353158843, 25.236753413593846 ], [ 55.310681353600685, 25.236770911942365 ], [ 55.310689788332112, 25.236960003800235 ], [ 55.310379653234207, 25.236964411140431 ], [ 55.31038165287088, 25.237081311127731 ], [ 55.310442367286278, 25.23709309857481 ] ] ], [ [ [ 55.3114323, 25.2523032 ], [ 55.3113991, 25.2522537 ], [ 55.311322561085099, 25.252238842168097 ], [ 55.311262061073847, 25.252272042136088 ], [ 55.311295261038012, 25.252321642151578 ], [ 55.3113718, 25.2523365 ], [ 55.3114323, 25.2523032 ] ] ], [ [ [ 55.311158191407969, 25.251759884590175 ], [ 55.311338168392403, 25.25177738389236 ], [ 55.311427999920816, 25.251642636599748 ], [ 55.311427999920816, 25.251597720835541 ], [ 55.31138308415661, 25.251552805071334 ], [ 55.311248023083934, 25.25153530583141 ], [ 55.311203107295107, 25.25158022156689 ], [ 55.311158191407969, 25.251759884590175 ] ] ], [ [ [ 55.311226917723637, 25.254459452853723 ], [ 55.311338168392403, 25.254472329744715 ], [ 55.311338168392403, 25.254427413980515 ], [ 55.31122691774776, 25.254414537090714 ], [ 55.311226917723637, 25.254459452853723 ] ] ], [ [ [ 55.31148381714231, 25.241350323295077 ], [ 55.311438901381187, 25.241350323284863 ], [ 55.311438901368831, 25.241395239048448 ], [ 55.31151783144923, 25.241401842360787 ], [ 55.31151783144923, 25.241356926596573 ], [ 55.31148381714231, 25.241350323295077 ] ] ], [ [ [ 55.311349069945436, 25.241035912919227 ], [ 55.31139398569421, 25.241080828693043 ], [ 55.31147291568503, 25.241087432011337 ], [ 55.31151783144923, 25.241042516247134 ], [ 55.31151783144923, 25.240952684718724 ], [ 55.311349069970156, 25.240946081392032 ], [ 55.311349069945436, 25.241035912919227 ] ] ], [ [ [ 55.311349069895996, 25.241215575973619 ], [ 55.311349069883633, 25.241260491737215 ], [ 55.311427999920816, 25.24126709506816 ], [ 55.311427999920816, 25.241222179303957 ], [ 55.311349069895996, 25.241215575973619 ] ] ], [ [ [ 55.311157497359126, 25.253340520864892 ], [ 55.311067665839033, 25.253340520837273 ], [ 55.311022750028883, 25.253475268113618 ], [ 55.31124833686399, 25.253529098696397 ], [ 55.31124833686399, 25.25339435140377 ], [ 55.311157497359126, 25.253340520864892 ] ] ], [ [ [ 55.311203421099783, 25.25191213118498 ], [ 55.31124833686399, 25.25191213118498 ], [ 55.31124833686399, 25.25186721542077 ], [ 55.311116677303332, 25.2518503764414 ], [ 55.311116677271798, 25.251895292204058 ], [ 55.311203421099783, 25.25191213118498 ] ] ], [ [ [ 55.3114231, 25.2392265 ], [ 55.3114222, 25.2392045 ], [ 55.311243628078593, 25.239169832620522 ], [ 55.311017828128264, 25.239191632349158 ], [ 55.311020128045968, 25.239248032347895 ], [ 55.3111987, 25.2392827 ], [ 55.3112553, 25.2392813 ], [ 55.311253874775055, 25.239234016066277 ], [ 55.3114231, 25.2392265 ] ] ], [ [ [ 55.311158505335584, 25.253169772582751 ], [ 55.311158505335584, 25.253124856818541 ], [ 55.311019348411293, 25.253115281649539 ], [ 55.310974432633614, 25.253160197398042 ], [ 55.310974432579819, 25.253294944688008 ], [ 55.311068673807171, 25.253304519875364 ], [ 55.311158505335584, 25.253169772582751 ] ] ], [ [ [ 55.3113187, 25.2409762 ], [ 55.3113175, 25.2409306 ], [ 55.311266478737721, 25.240920694985146 ], [ 55.310967378765682, 25.240927394882895 ], [ 55.310968578746774, 25.240972894882379 ], [ 55.3110196, 25.2409828 ], [ 55.3113187, 25.2409762 ] ] ], [ [ [ 55.311079571879823, 25.253747073956031 ], [ 55.311034656118693, 25.25374707394581 ], [ 55.311034656106322, 25.253791989709409 ], [ 55.311113589571377, 25.253798593281626 ], [ 55.311113589571377, 25.253753677517427 ], [ 55.311079571879823, 25.253747073956031 ] ] ], [ [ [ 55.3112248, 25.2417294 ], [ 55.3112782, 25.241686699999988 ], [ 55.3111506, 25.241556 ], [ 55.311074067748592, 25.241541142366735 ], [ 55.311020567730395, 25.241583842338034 ], [ 55.311148267629804, 25.241714542399453 ], [ 55.3112248, 25.2417294 ] ] ], [ [ [ 55.310911760365983, 25.240854977453967 ], [ 55.3112577, 25.240867 ], [ 55.3112546, 25.2407728 ], [ 55.310907135045575, 25.240705344281221 ], [ 55.310855478881393, 25.240674894849825 ], [ 55.310809178885684, 25.240675994833989 ], [ 55.310809873977192, 25.240700179119315 ], [ 55.310622541468582, 25.240705211192243 ], [ 55.310623332865163, 25.240730063478292 ], [ 55.310345941771438, 25.240676210488388 ], [ 55.309870842098462, 25.240688809269912 ], [ 55.309876241579829, 25.2408550092584 ], [ 55.3102589, 25.2409293 ], [ 55.310734, 25.2409167 ], [ 55.310730853458978, 25.240819856462348 ], [ 55.310813776373486, 25.240835955020476 ], [ 55.310814478809036, 25.240860394832051 ], [ 55.310911760365983, 25.240854977453967 ] ] ], [ [ [ 55.3112463, 25.2407117 ], [ 55.3112451, 25.2406621 ], [ 55.311194078855976, 25.24065219496589 ], [ 55.310947278879304, 25.240657094881524 ], [ 55.310948478858712, 25.240706694880924 ], [ 55.3109995, 25.2407166 ], [ 55.3112463, 25.2407117 ] ] ], [ [ [ 55.3111306, 25.2418477 ], [ 55.3111977, 25.2418474 ], [ 55.3111977, 25.2417856 ], [ 55.310365277039764, 25.241637021751504 ], [ 55.310365276655283, 25.24169912173258 ], [ 55.3111306, 25.2418477 ] ] ], [ [ [ 55.3109948, 25.2534064 ], [ 55.3108057, 25.2530316 ], [ 55.310630510065387, 25.252997591266297 ], [ 55.310547510046163, 25.253031791166592 ], [ 55.310736609447979, 25.253406591362207 ], [ 55.3109118, 25.2534406 ], [ 55.3109948, 25.2534064 ] ] ], [ [ [ 55.311158505335584, 25.241087432011337 ], [ 55.311158505335584, 25.240997600482924 ], [ 55.311032958921125, 25.240990666913923 ], [ 55.31103295890815, 25.24103558267749 ], [ 55.311077874656156, 25.24108049845178 ], [ 55.311158505335584, 25.241087432011337 ] ] ], [ [ [ 55.3108994, 25.2547768 ], [ 55.310799373071326, 25.254760494544492 ], [ 55.31079229633243, 25.254805974268312 ], [ 55.310077496763043, 25.254670016305116 ], [ 55.310070196489299, 25.254716016253695 ], [ 55.3108846, 25.2548709 ], [ 55.3108994, 25.2547768 ] ] ], [ [ [ 55.3108994, 25.2547768 ], [ 55.3109059, 25.2547357 ], [ 55.310091497294117, 25.254580816404044 ], [ 55.310084997050119, 25.254621816358245 ], [ 55.3108994, 25.2547768 ] ] ], [ [ [ 55.310065195946208, 25.254804916200982 ], [ 55.31083060000001, 25.2549535 ], [ 55.3108648, 25.254919 ], [ 55.310068496309761, 25.254745416236023 ], [ 55.31003429614811, 25.254780016050233 ], [ 55.310065195946208, 25.254804916200982 ] ] ], [ [ [ 55.310944828070546, 25.241125744354402 ], [ 55.310944828045827, 25.241215575881601 ], [ 55.311023758042964, 25.241222179303954 ], [ 55.311023758042964, 25.24113234777554 ], [ 55.310944828070546, 25.241125744354402 ] ] ], [ [ [ 55.310899912272333, 25.241260491634979 ], [ 55.310854996511203, 25.24126049162475 ], [ 55.31081008073771, 25.241305407378125 ], [ 55.310810080725361, 25.241350323141731 ], [ 55.310978842278757, 25.241356926596573 ], [ 55.310978842278757, 25.24131201083236 ], [ 55.310899912272333, 25.241260491634979 ] ] ], [ [ [ 55.3106984, 25.2549909 ], [ 55.309932995918274, 25.254842315512185 ], [ 55.309869696044984, 25.25483761518927 ], [ 55.309827895830004, 25.254882714961337 ], [ 55.309936695164751, 25.254963015494351 ], [ 55.3107021, 25.2551116 ], [ 55.310766, 25.2550411 ], [ 55.3106984, 25.2549909 ] ] ], [ [ [ 55.308245441211866, 25.247234948007243 ], [ 55.308208366530529, 25.247234947993025 ], [ 55.308208366519402, 25.247279863756681 ], [ 55.308260350556814, 25.247282429060693 ], [ 55.308443621511842, 25.247866080167288 ], [ 55.308399934980635, 25.247866080154985 ], [ 55.308399934973828, 25.247910995918868 ], [ 55.308458339198445, 25.247912950400089 ], [ 55.308500704239449, 25.248047866749769 ], [ 55.308444850715944, 25.248045743216093 ], [ 55.308444850709144, 25.248090658979965 ], [ 55.308508475247429, 25.248094291227474 ], [ 55.308508475247557, 25.248072614389148 ], [ 55.308528820071061, 25.248137404697012 ], [ 55.3089115, 25.2482117 ], [ 55.309616798328506, 25.248030586659929 ], [ 55.309641175163847, 25.248035319141888 ], [ 55.309732818542024, 25.248331507751249 ], [ 55.310090256866864, 25.248400899432013 ], [ 55.310069975763845, 25.248422194424155 ], [ 55.310136175664638, 25.248645994442217 ], [ 55.3101872, 25.2486559 ], [ 55.3104615, 25.2485895 ], [ 55.310455491975979, 25.248569188917035 ], [ 55.310505, 25.2485788 ], [ 55.3107839, 25.2485082 ], [ 55.31072, 25.2483017 ], [ 55.310610551686622, 25.248280452706542 ], [ 55.3107091, 25.2482555 ], [ 55.3105622, 25.2478103 ], [ 55.310468209299422, 25.24779205335204 ], [ 55.31054910000001, 25.2477713 ], [ 55.3104799, 25.2475507 ], [ 55.310274230355859, 25.247510772575104 ], [ 55.3104528, 25.247467 ], [ 55.3103861, 25.2472443 ], [ 55.310268293234202, 25.247221429644782 ], [ 55.3103667, 25.2471973 ], [ 55.3103009, 25.2469777 ], [ 55.310154423691252, 25.24694926374843 ], [ 55.3102856, 25.2469154 ], [ 55.3102284, 25.2467342 ], [ 55.309845723631341, 25.246659908295275 ], [ 55.309260023614513, 25.246811106772125 ], [ 55.309310176997514, 25.246969986084643 ], [ 55.309017323460935, 25.246921106133744 ], [ 55.308278423452023, 25.247107904212768 ], [ 55.308235523297128, 25.247168604093631 ], [ 55.308245441211866, 25.247234948007243 ] ], [ [ 55.3096651380339, 25.247580016008833 ], [ 55.309681064106428, 25.247583107875915 ], [ 55.30966726650545, 25.247586645439661 ], [ 55.3096651380339, 25.247580016008833 ] ] ], [ [ [ 55.310765166904261, 25.234298548246691 ], [ 55.310933926514558, 25.23430515161624 ], [ 55.310933926514558, 25.23426023585203 ], [ 55.310765166916617, 25.234253632483092 ], [ 55.310765166904261, 25.234298548246691 ] ] ], [ [ [ 55.310659969963233, 25.238066842260547 ], [ 55.310547829950195, 25.238047231868954 ], [ 55.310123430101171, 25.238048331361785 ], [ 55.310123630061675, 25.238075631360079 ], [ 55.3103022, 25.2381103 ], [ 55.3108729, 25.2381023 ], [ 55.3108722, 25.2380787 ], [ 55.310795669944177, 25.238063842330135 ], [ 55.310659969963233, 25.238066842260547 ] ] ], [ [ [ 55.310754263457731, 25.243917125156315 ], [ 55.310754263457731, 25.243872209392112 ], [ 55.310600499888203, 25.243851078102473 ], [ 55.31060049984864, 25.243895993864729 ], [ 55.310754263457731, 25.243917125156315 ] ] ], [ [ [ 55.3108054, 25.2380246 ], [ 55.3108039, 25.2379848 ], [ 55.310624070026634, 25.237973342245017 ], [ 55.310625570001648, 25.238013342244564 ], [ 55.3108054, 25.2380246 ] ] ], [ [ [ 55.306847269811826, 25.243680103110343 ], [ 55.306854069668837, 25.243701503138627 ], [ 55.307403014152712, 25.243808086866402 ], [ 55.30739813420324, 25.24385470245489 ], [ 55.307535828337855, 25.243881436966959 ], [ 55.307544892372114, 25.243909860280692 ], [ 55.307354434179643, 25.243873202340158 ], [ 55.307343634042148, 25.243920302305312 ], [ 55.307599497060011, 25.243975004836965 ], [ 55.307607677316383, 25.244000628545614 ], [ 55.307309733998316, 25.243942902215043 ], [ 55.307277833604019, 25.244078202112689 ], [ 55.3080864, 25.2442498 ], [ 55.3081608, 25.2442304 ], [ 55.308157059500843, 25.244198189243235 ], [ 55.308508475247429, 25.244231535505762 ], [ 55.308553391011635, 25.244186619741555 ], [ 55.308553391013611, 25.244115542763016 ], [ 55.308733054068455, 25.244141703977345 ], [ 55.308733054068547, 25.24405625701851 ], [ 55.3088059, 25.2440704 ], [ 55.3089943, 25.243989 ], [ 55.308956353653002, 25.243917125169794 ], [ 55.3091012, 25.2439451 ], [ 55.309365524607024, 25.243768497631144 ], [ 55.309430632677056, 25.243841707661893 ], [ 55.30980731726487, 25.243919775323626 ], [ 55.309997431282092, 25.244151209066235 ], [ 55.3103801, 25.2442255 ], [ 55.3105808, 25.2440716 ], [ 55.3102053, 25.243671 ], [ 55.310154277720812, 25.243661094549719 ], [ 55.310091576991894, 25.243707011572962 ], [ 55.3101848, 25.243637 ], [ 55.3099756, 25.2434016 ], [ 55.309838599446181, 25.243375002443528 ], [ 55.3098624, 25.2433555 ], [ 55.309754277915665, 25.243288594420711 ], [ 55.309685176882915, 25.243345216523036 ], [ 55.309592934144554, 25.243327308155969 ], [ 55.309390361122901, 25.243490803362974 ], [ 55.309081334218348, 25.243430806830041 ], [ 55.309046129862068, 25.243458870884208 ], [ 55.308962968617458, 25.243433723213151 ], [ 55.308822885596868, 25.24333322022164 ], [ 55.308613967047705, 25.243285441053583 ], [ 55.308539170561829, 25.243295577534806 ], [ 55.308507372655932, 25.243375072081268 ], [ 55.308413778008088, 25.243398393960771 ], [ 55.308427377988352, 25.243442793964505 ], [ 55.30847647115327, 25.243452325510521 ], [ 55.30844933869809, 25.243531785994545 ], [ 55.308271887311911, 25.243493110606984 ], [ 55.308381, 25.2434659 ], [ 55.308369, 25.2434265 ], [ 55.308292467019122, 25.243411640885068 ], [ 55.308043970149747, 25.243473589017292 ], [ 55.307812014673814, 25.243473588603052 ], [ 55.307812014453177, 25.24360833588479 ], [ 55.307951767430282, 25.243707444771793 ], [ 55.307649734646766, 25.243648803130647 ], [ 55.307507234641427, 25.243686002760043 ], [ 55.307482434573863, 25.243714002692251 ], [ 55.307501945431085, 25.243775185659448 ], [ 55.306917469817535, 25.243661703475507 ], [ 55.306847269811826, 25.243680103110343 ] ], [ [ 55.308995659359589, 25.243499104699133 ], [ 55.30898545239846, 25.243478690784126 ], [ 55.30901425295022, 25.243484282361713 ], [ 55.308995659359589, 25.243499104699133 ] ], [ [ 55.308632322542842, 25.243651729181156 ], [ 55.308696081122875, 25.243721563418678 ], [ 55.308533175915187, 25.243698168395959 ], [ 55.308553391012076, 25.243585273926573 ], [ 55.308591405673639, 25.243592654518043 ], [ 55.308632322542842, 25.243651729181156 ] ], [ [ 55.308081781395472, 25.243877883799581 ], [ 55.308044269051521, 25.243760303050724 ], [ 55.308171340052617, 25.243832915174373 ], [ 55.308380704295956, 25.243892318206697 ], [ 55.308081781395472, 25.243877883799581 ] ], [ [ 55.308129111127229, 25.244026236402483 ], [ 55.308118265017605, 25.24399223986136 ], [ 55.308146249175202, 25.243997673092565 ], [ 55.308129111127229, 25.244026236402483 ] ] ], [ [ [ 55.310245973330169, 25.254271494365387 ], [ 55.310297, 25.2542814 ], [ 55.3104254, 25.2542164 ], [ 55.3101009, 25.2536923 ], [ 55.310049873593648, 25.253682394310374 ], [ 55.309921473579955, 25.253747494265195 ], [ 55.310245973330169, 25.254271494365387 ] ] ], [ [ [ 55.309423739614367, 25.242060137642767 ], [ 55.309305638027666, 25.242144507600631 ], [ 55.309419240091962, 25.24227458057452 ], [ 55.30932207481662, 25.242255716220111 ], [ 55.309178874371717, 25.242363215453917 ], [ 55.309276773526769, 25.242475315921123 ], [ 55.3100421, 25.2426239 ], [ 55.3101908, 25.2425176 ], [ 55.310064568520971, 25.242379300433253 ], [ 55.3102603, 25.2424173 ], [ 55.3104716, 25.2422663 ], [ 55.310414811666263, 25.242232615071991 ], [ 55.3104535, 25.2422053 ], [ 55.3101203, 25.2418194 ], [ 55.30994701159851, 25.241781378490316 ], [ 55.3100249, 25.2417965 ], [ 55.3100749, 25.2417599 ], [ 55.3099388, 25.2416083 ], [ 55.309767106815421, 25.241574966720659 ], [ 55.30968390000001, 25.2414795 ], [ 55.309301240319684, 25.241405207702119 ], [ 55.308913539762479, 25.241681706667162 ], [ 55.309206738495483, 25.24201800736666 ], [ 55.309423739614367, 25.242060137642767 ] ] ], [ [ [ 55.310439853108285, 25.243557799042666 ], [ 55.310439853108285, 25.243512883278466 ], [ 55.310284389183508, 25.243491421595014 ], [ 55.310284389143334, 25.243536337357238 ], [ 55.310439853108285, 25.243557799042666 ] ] ], [ [ [ 55.310260190051459, 25.253663845989003 ], [ 55.310260190051459, 25.253618930224807 ], [ 55.310119332139863, 25.253609024560394 ], [ 55.310119332121303, 25.253653940323691 ], [ 55.310260190051459, 25.253663845989003 ] ] ], [ [ [ 55.3100721, 25.2446962 ], [ 55.3102911, 25.2447769 ], [ 55.3103371, 25.2447432 ], [ 55.3102251, 25.2446163 ], [ 55.309966477341789, 25.244625994465963 ], [ 55.309972877332285, 25.24464739446773 ], [ 55.31005591454452, 25.244650340814957 ], [ 55.310063680867863, 25.244676269365709 ], [ 55.309994877324293, 25.244661294474952 ], [ 55.309986477310957, 25.244695694471392 ], [ 55.3100721, 25.2446962 ] ] ], [ [ [ 55.310164254815881, 25.23685544486743 ], [ 55.31016425479735, 25.236900360630731 ], [ 55.310350021579872, 25.236910265940185 ], [ 55.310350021579872, 25.236865350175979 ], [ 55.310164254815881, 25.23685544486743 ] ] ], [ [ [ 55.309397073726402, 25.253523394090621 ], [ 55.309397573689935, 25.253611594088991 ], [ 55.3096693, 25.2537536 ], [ 55.310023, 25.2535656 ], [ 55.310042, 25.2535016 ], [ 55.3100147, 25.2533736 ], [ 55.309945185747168, 25.25328620515722 ], [ 55.3100089, 25.2532706 ], [ 55.3098951, 25.2530961 ], [ 55.309716508554459, 25.253061429807314 ], [ 55.309677908538575, 25.2530820297597 ], [ 55.309728979781241, 25.253160228722116 ], [ 55.309581673879741, 25.253106194162157 ], [ 55.309438273872715, 25.253158894112111 ], [ 55.309397073726402, 25.253523394090621 ] ] ], [ [ [ 55.3099449, 25.2445957 ], [ 55.3101395, 25.2445474 ], [ 55.3099563, 25.24433 ], [ 55.309819477480325, 25.244326994421865 ], [ 55.309893877365838, 25.244585794442003 ], [ 55.3099449, 25.2445957 ] ] ], [ [ [ 55.3097719, 25.2540326 ], [ 55.3100069, 25.253955 ], [ 55.3099786, 25.2539092 ], [ 55.30988514605113, 25.253891057835251 ], [ 55.30989970000001, 25.2538558 ], [ 55.3098649, 25.2537967 ], [ 55.309741473584822, 25.253780494203038 ], [ 55.309614473572644, 25.253841594158406 ], [ 55.30972087348691, 25.254022694191075 ], [ 55.3097719, 25.2540326 ] ] ], [ [ [ 55.3100865, 25.2448067 ], [ 55.3100939, 25.2447736 ], [ 55.31000877727746, 25.244771294477463 ], [ 55.310015177267971, 25.244792694479219 ], [ 55.3100865, 25.2448067 ] ] ], [ [ [ 55.3100855, 25.2447441 ], [ 55.3100785, 25.2447244 ], [ 55.30999337729935, 25.244722094473211 ], [ 55.309999877289805, 25.244743594474986 ], [ 55.3100855, 25.2447441 ] ] ], [ [ [ 55.309903262092625, 25.240944430150225 ], [ 55.309768514811537, 25.240944430111885 ], [ 55.309768514734294, 25.241169008929109 ], [ 55.309945779702019, 25.24117726353975 ], [ 55.309990695466226, 25.240997600482928 ], [ 55.309903262092625, 25.240944430150225 ] ] ], [ [ [ 55.307842152557598, 25.245032738080219 ], [ 55.307869829911063, 25.245123603469164 ], [ 55.3082525, 25.2451979 ], [ 55.308365079458561, 25.245190117065395 ], [ 55.308360075057735, 25.245223297379749 ], [ 55.308253477280559, 25.245200693869357 ], [ 55.308221377272702, 25.245227693857842 ], [ 55.3082992, 25.2452636 ], [ 55.308323133098511, 25.245243469358261 ], [ 55.308327446799211, 25.245257457141793 ], [ 55.308239677249198, 25.24528009386303 ], [ 55.308254877227739, 25.245328293867232 ], [ 55.308429820344216, 25.245306239534905 ], [ 55.3087196, 25.2453625 ], [ 55.3090536, 25.2452782 ], [ 55.3090367, 25.2452234 ], [ 55.308876985679149, 25.245192392013838 ], [ 55.308944334866325, 25.245174945985585 ], [ 55.309238079221672, 25.245207353222646 ], [ 55.30911987717819, 25.245232994164557 ], [ 55.309129777163299, 25.245266594167251 ], [ 55.3091808, 25.2452765 ], [ 55.309507704903254, 25.245181497930464 ], [ 55.309721200880986, 25.245219682318293 ], [ 55.309900863937813, 25.24512985078988 ], [ 55.309900863937813, 25.24508493502567 ], [ 55.309855948173613, 25.24504001926147 ], [ 55.309713084333474, 25.245012283545336 ], [ 55.309668168582185, 25.245012283502394 ], [ 55.309548710331889, 25.24509192219201 ], [ 55.309100029307828, 25.245012206636712 ], [ 55.308845760734712, 25.245076282040902 ], [ 55.308786560774912, 25.245064788503761 ], [ 55.3088812, 25.2450412 ], [ 55.308863875579917, 25.244984301392826 ], [ 55.3090323, 25.2449939 ], [ 55.309524917707577, 25.244869086152988 ], [ 55.309524917643735, 25.244920800900601 ], [ 55.309766116645193, 25.244950187733053 ], [ 55.309766116645193, 25.244905271968847 ], [ 55.309721200880986, 25.24486035620464 ], [ 55.309629577798475, 25.244842568326316 ], [ 55.3097001, 25.2448247 ], [ 55.3095413, 25.2443122 ], [ 55.309465534127796, 25.244264403249648 ], [ 55.3095017, 25.2442552 ], [ 55.309491251825072, 25.24422151133771 ], [ 55.3095775, 25.2442206 ], [ 55.3095346, 25.2440435 ], [ 55.309451706296095, 25.244025712077487 ], [ 55.309676285116787, 25.244051872448932 ], [ 55.309676285116787, 25.244006956684725 ], [ 55.309519377661658, 25.2439623943268 ], [ 55.309418079854616, 25.243974267913586 ], [ 55.30941807981911, 25.24400042828632 ], [ 55.309106732504347, 25.243978106811607 ], [ 55.309149731922915, 25.244155206894714 ], [ 55.309201356669256, 25.244165229645109 ], [ 55.308937143342227, 25.24423064192391 ], [ 55.308879377628969, 25.244200894103418 ], [ 55.308819377628247, 25.244217594082588 ], [ 55.308838236244547, 25.244259456798133 ], [ 55.308813086804044, 25.244265828521691 ], [ 55.308584084828929, 25.244238808568479 ], [ 55.308584084758465, 25.244283724329218 ], [ 55.308673743749502, 25.244301131618467 ], [ 55.308364077614257, 25.244364793924131 ], [ 55.308376777595655, 25.244406693927615 ], [ 55.308489084386174, 25.244401363476911 ], [ 55.308498271633248, 25.244431020077212 ], [ 55.308021785219054, 25.244340748395761 ], [ 55.307569885217156, 25.244454147591821 ], [ 55.307587985081952, 25.24451344761734 ], [ 55.307623149898042, 25.244520275110528 ], [ 55.307621184830481, 25.244623847663998 ], [ 55.307728646820763, 25.244660094807966 ], [ 55.307824788174969, 25.244975730347445 ], [ 55.307723185311872, 25.244964724210607 ], [ 55.307723185255007, 25.245009639972015 ], [ 55.307842152557598, 25.245032738080219 ] ], [ [ 55.30941533625451, 25.24517150768698 ], [ 55.309372209597512, 25.245163134926258 ], [ 55.309417364282126, 25.245163958929432 ], [ 55.30941533625451, 25.24517150768698 ] ], [ [ 55.309293540487985, 25.244231011597329 ], [ 55.309241444785265, 25.244220897450468 ], [ 55.30940027923338, 25.244203849530805 ], [ 55.309293540487985, 25.244231011597329 ] ] ], [ [ [ 55.307293428920076, 25.239539543309082 ], [ 55.307123147393497, 25.23966220239096 ], [ 55.307268146771641, 25.239827002737055 ], [ 55.3076508, 25.2399013 ], [ 55.307729925703001, 25.23984433246962 ], [ 55.307799498818831, 25.239857840875015 ], [ 55.30769687951274, 25.239931393786566 ], [ 55.307795379456195, 25.240043893817898 ], [ 55.3078464, 25.2400538 ], [ 55.3080142, 25.2399337 ], [ 55.307978146292733, 25.239892527135584 ], [ 55.308033013076617, 25.239893011413301 ], [ 55.307955410306874, 25.240202032911675 ], [ 55.30787111351183, 25.240134566140814 ], [ 55.3079103, 25.2401046 ], [ 55.3078725, 25.2400641 ], [ 55.307568077518823, 25.240004992910286 ], [ 55.307520477458368, 25.240041392808905 ], [ 55.307646777043814, 25.240178293049556 ], [ 55.307946745920198, 25.24023653519798 ], [ 55.307793576554381, 25.240340493328887 ], [ 55.308148068623645, 25.240737260370476 ], [ 55.308085443184446, 25.24078240468392 ], [ 55.308441741658051, 25.24118680553455 ], [ 55.308499740494248, 25.24119806628179 ], [ 55.308481041550081, 25.241211905631356 ], [ 55.308661140794953, 25.241411006062144 ], [ 55.3090438, 25.2414853 ], [ 55.3095103, 25.2411401 ], [ 55.3093929, 25.2410103 ], [ 55.309219142021838, 25.240976565057522 ], [ 55.3093212, 25.240903 ], [ 55.309209364532983, 25.24077600023632 ], [ 55.3094796, 25.2408121 ], [ 55.3096834, 25.2406509 ], [ 55.3097343, 25.2405768 ], [ 55.3093613, 25.2403925 ], [ 55.30897864393306, 25.240318207041859 ], [ 55.308858452624762, 25.240406820164253 ], [ 55.3086616, 25.2401862 ], [ 55.308368643061527, 25.240129320767373 ], [ 55.3085195, 25.2400166 ], [ 55.3082469, 25.2397182 ], [ 55.308195879553537, 25.239708293961456 ], [ 55.30805098669984, 25.239821438502076 ], [ 55.3080095, 25.239779 ], [ 55.30786077735381, 25.23975012398472 ], [ 55.3081136, 25.2395681 ], [ 55.3079685, 25.2394032 ], [ 55.307856042167401, 25.239381365100076 ], [ 55.3079169, 25.2393366 ], [ 55.3075936, 25.2389771 ], [ 55.307490372816119, 25.238957057007855 ], [ 55.3075507, 25.2389108 ], [ 55.3074156, 25.2387625 ], [ 55.307307602982043, 25.23874153071311 ], [ 55.3073456, 25.238714 ], [ 55.307181244615116, 25.238511786475211 ], [ 55.3075202, 25.2385776 ], [ 55.3083174, 25.2385552 ], [ 55.3083864, 25.238482 ], [ 55.308380389829139, 25.238337838398998 ], [ 55.308663125545884, 25.238392733704618 ], [ 55.308645349920411, 25.238466806470925 ], [ 55.308705356073744, 25.238478457052519 ], [ 55.308402380033328, 25.238494294056668 ], [ 55.308422849738704, 25.238580905883826 ], [ 55.3092008, 25.2387636 ], [ 55.309845, 25.2387457 ], [ 55.3098371, 25.2385765 ], [ 55.3097998, 25.2385328 ], [ 55.309429400647829, 25.238460887051787 ], [ 55.3098188, 25.2384497 ], [ 55.3098084, 25.2381165 ], [ 55.309482783586283, 25.238035530569508 ], [ 55.3096283, 25.2380641 ], [ 55.3098146, 25.2380349 ], [ 55.3098011, 25.2376717 ], [ 55.309431286923441, 25.237599900508101 ], [ 55.3094137, 25.2372452 ], [ 55.309091680478097, 25.237244894317399 ], [ 55.309108480318152, 25.237628294315332 ], [ 55.309136581024951, 25.237633750187463 ], [ 55.309138575881356, 25.237687541972377 ], [ 55.309115780292686, 25.237688194316604 ], [ 55.309132466532375, 25.238048406920271 ], [ 55.308805951070283, 25.238055306944911 ], [ 55.308816550016296, 25.238393206920492 ], [ 55.309191858977911, 25.238466074720218 ], [ 55.309073587177132, 25.238470046685091 ], [ 55.308702613618898, 25.238395171142948 ], [ 55.3087555, 25.2383671 ], [ 55.3088038, 25.2381284 ], [ 55.308500603286419, 25.238069532220582 ], [ 55.3086947, 25.2380651 ], [ 55.3086862, 25.2377674 ], [ 55.308257352664434, 25.237676805598074 ], [ 55.308115652763711, 25.237680005234786 ], [ 55.308071452746709, 25.237696505119104 ], [ 55.308072297492089, 25.237726283171778 ], [ 55.307163353408754, 25.237708702792244 ], [ 55.30712435334349, 25.237739502687678 ], [ 55.307106753030219, 25.237845102626501 ], [ 55.307135303114237, 25.238455262517228 ], [ 55.3069821, 25.2382798 ], [ 55.306876579602154, 25.238259311204438 ], [ 55.3069346, 25.2382176 ], [ 55.3065537, 25.2377857 ], [ 55.306502680525035, 25.237775793422784 ], [ 55.306011480429852, 25.23812879324791 ], [ 55.306281381576447, 25.238435974220366 ], [ 55.306113251590169, 25.23855779997394 ], [ 55.306489549985017, 25.23898270087248 ], [ 55.306671133120503, 25.239017958991052 ], [ 55.306654191176271, 25.239030274613302 ], [ 55.306874490496725, 25.239278474994467 ], [ 55.307100679825339, 25.23932239359543 ], [ 55.307293428920076, 25.239539543309082 ] ], [ [ 55.308813528386835, 25.238573560014725 ], [ 55.30879066618791, 25.238569249687696 ], [ 55.308813340482352, 25.238568853086207 ], [ 55.308813528386835, 25.238573560014725 ] ], [ [ 55.308038687008619, 25.239870417213091 ], [ 55.308038162622069, 25.239872505376461 ], [ 55.308035700952722, 25.23986983744248 ], [ 55.308038687008619, 25.239870417213091 ] ] ], [ [ [ 55.309728380405133, 25.237263194534375 ], [ 55.309481580426976, 25.237271694449962 ], [ 55.309495680287085, 25.237607194447943 ], [ 55.3097973, 25.2376085 ], [ 55.3098019, 25.2373366 ], [ 55.3097794, 25.2372731 ], [ 55.309728380405133, 25.237263194534375 ] ] ], [ [ [ 55.3097474, 25.2413964 ], [ 55.309354240569512, 25.241311307852158 ], [ 55.309315340503829, 25.241342207747834 ], [ 55.3097085, 25.2414273 ], [ 55.3097474, 25.2413964 ] ] ], [ [ [ 55.309816835418275, 25.230075475724217 ], [ 55.309816835404071, 25.23012039148772 ], [ 55.309900863937813, 25.230127985545082 ], [ 55.309900863937813, 25.230083069780875 ], [ 55.309816835418275, 25.230075475724217 ] ] ], [ [ [ 55.306816738916218, 25.242477101176437 ], [ 55.3071994, 25.2425514 ], [ 55.307342620874024, 25.242478099816044 ], [ 55.307388487048719, 25.242631615254883 ], [ 55.307282838142108, 25.242611102349539 ], [ 55.306915038137085, 25.242704301393456 ], [ 55.307038036812322, 25.243101601647744 ], [ 55.307163277364715, 25.243125918624322 ], [ 55.307109936638334, 25.243139901826019 ], [ 55.30712533647786, 25.243187901858128 ], [ 55.307508, 25.2432622 ], [ 55.307571519392489, 25.243245548305815 ], [ 55.307601435753931, 25.243303203059725 ], [ 55.3079841, 25.2433775 ], [ 55.308508708369921, 25.243236049089415 ], [ 55.3086707, 25.2432675 ], [ 55.3088319, 25.2432278 ], [ 55.3088195, 25.2431867 ], [ 55.308604223797367, 25.243144903976731 ], [ 55.3085648, 25.2430514 ], [ 55.308182136315914, 25.242977104596566 ], [ 55.307853958662697, 25.24306388140538 ], [ 55.307778212455439, 25.243049174736679 ], [ 55.307770355231646, 25.243023815941424 ], [ 55.3078465, 25.2430386 ], [ 55.308420347853847, 25.242886797914217 ], [ 55.308525036000574, 25.242993605472147 ], [ 55.309125534821739, 25.243224906974643 ], [ 55.3095082, 25.2432992 ], [ 55.3096556, 25.2431861 ], [ 55.3096816, 25.243133 ], [ 55.3091004, 25.2424715 ], [ 55.308896772439262, 25.242431965811722 ], [ 55.3090061, 25.2424048 ], [ 55.3089678, 25.2422787 ], [ 55.308869680293057, 25.242259650031873 ], [ 55.3089061, 25.2422331 ], [ 55.3087947, 25.2421082 ], [ 55.308352110541854, 25.242039196392483 ], [ 55.3085473, 25.2419493 ], [ 55.3085702, 25.2418285 ], [ 55.3082802, 25.2415214 ], [ 55.308062856637761, 25.241479201380258 ], [ 55.308094, 25.2412845 ], [ 55.3080023, 25.2411819 ], [ 55.307619642536785, 25.241107603441549 ], [ 55.306481841773156, 25.241637600447113 ], [ 55.30652704134517, 25.241764600543455 ], [ 55.307386232388637, 25.242175568034536 ], [ 55.306603740515556, 25.242013500701834 ], [ 55.306730439111213, 25.242435600961787 ], [ 55.306816738916218, 25.242477101176437 ] ], [ [ 55.308625409721515, 25.242433651769499 ], [ 55.308609849260918, 25.242430630671574 ], [ 55.308675371845574, 25.242413929640225 ], [ 55.308666648212217, 25.24241737322302 ], [ 55.308625409721515, 25.242433651769499 ] ], [ [ 55.308104106859609, 25.242640867557053 ], [ 55.308048004190105, 25.24245309246831 ], [ 55.3083169, 25.2425053 ], [ 55.308566607025213, 25.242456863609963 ], [ 55.308301178368907, 25.242552293939543 ], [ 55.308325625085246, 25.242650272941567 ], [ 55.308253442043728, 25.242669861739277 ], [ 55.308104106859609, 25.242640867557053 ] ], [ [ 55.307732913289612, 25.242343032995382 ], [ 55.307694415636881, 25.242240237519855 ], [ 55.3077859, 25.242258 ], [ 55.307915658630115, 25.242200998061815 ], [ 55.307938538777819, 25.242242504084889 ], [ 55.308076893001576, 25.242269366490444 ], [ 55.307898038584888, 25.242314903970133 ], [ 55.307918014744075, 25.242378971907183 ], [ 55.307732913289612, 25.242343032995382 ] ], [ [ 55.307960213806126, 25.242120896200589 ], [ 55.307961242651096, 25.242122598037565 ], [ 55.307959840298444, 25.2421232312531 ], [ 55.307960213806126, 25.242120896200589 ] ], [ [ 55.307612678164062, 25.243127680295999 ], [ 55.307611753147171, 25.243127500696087 ], [ 55.307627296854868, 25.243123814865335 ], [ 55.307612678164062, 25.243127680295999 ] ] ], [ [ [ 55.307706958599127, 25.235896204460744 ], [ 55.307270540403117, 25.235901554912346 ], [ 55.306824186640817, 25.235825015629413 ], [ 55.3069467, 25.2353843 ], [ 55.306564061293891, 25.235310001624367 ], [ 55.305968161603076, 25.23535850009144 ], [ 55.305763760341165, 25.235817199498051 ], [ 55.306076778758353, 25.235877981111912 ], [ 55.305734660167701, 25.23588049941387 ], [ 55.305640125474852, 25.236229023116525 ], [ 55.305548135584033, 25.236228603978493 ], [ 55.305548135554382, 25.236318435505439 ], [ 55.305614373450503, 25.236326361011052 ], [ 55.3056091567952, 25.23635971877852 ], [ 55.305529428650743, 25.23635971874404 ], [ 55.305529428629121, 25.236404634507178 ], [ 55.3059794, 25.2365133 ], [ 55.306345877878776, 25.23650419218669 ], [ 55.306339805311204, 25.236525363268949 ], [ 55.305685001093956, 25.236536354441366 ], [ 55.305560600170992, 25.236994754170226 ], [ 55.305587199984579, 25.237074454209242 ], [ 55.3058542, 25.2371263 ], [ 55.306359, 25.2371237 ], [ 55.306438979813997, 25.237044416983377 ], [ 55.3067206, 25.2370991 ], [ 55.307098598171073, 25.237092109222164 ], [ 55.307103554978752, 25.237216302714348 ], [ 55.307509481459846, 25.237289842058651 ], [ 55.307510072403652, 25.237370539689849 ], [ 55.307442680594946, 25.237372293751886 ], [ 55.307449280508891, 25.237579193749934 ], [ 55.307489280478983, 25.237641693762313 ], [ 55.307833, 25.2376532 ], [ 55.307831550874866, 25.237607674677466 ], [ 55.3081449, 25.2376183 ], [ 55.3082231, 25.2375442 ], [ 55.3082216, 25.2373448 ], [ 55.307876934283513, 25.237277878931568 ], [ 55.307993, 25.2372741 ], [ 55.3079742, 25.236803 ], [ 55.307830128344904, 25.236775026486129 ], [ 55.3079693, 25.236771 ], [ 55.3079627, 25.2365834 ], [ 55.30771009091184, 25.236534352249496 ], [ 55.3079456, 25.2365313 ], [ 55.3079443, 25.2363032 ], [ 55.307729484538456, 25.23626149036625 ], [ 55.307774, 25.2362599 ], [ 55.30777301511749, 25.236237216200074 ], [ 55.308146597843923, 25.236242980550529 ], [ 55.308152656600967, 25.236430905520177 ], [ 55.3085353, 25.2365052 ], [ 55.308780584796317, 25.236498764944713 ], [ 55.308346723361197, 25.236518676414764 ], [ 55.308354523027887, 25.236718676409144 ], [ 55.3085586, 25.2367583 ], [ 55.308751477560889, 25.236752186424198 ], [ 55.308753844730326, 25.236793397131475 ], [ 55.308503980720857, 25.23680289412577 ], [ 55.308511804155266, 25.236971544005232 ], [ 55.308171654879246, 25.23698250548463 ], [ 55.30818045418139, 25.237205805473074 ], [ 55.308449105081777, 25.237257966854191 ], [ 55.30833385389019, 25.237261705857282 ], [ 55.30831828052326, 25.237327994051686 ], [ 55.308324980428942, 25.23755489404936 ], [ 55.308403180397221, 25.237612294074893 ], [ 55.3089568, 25.2376147 ], [ 55.3090179, 25.2375552 ], [ 55.3090093, 25.2373265 ], [ 55.308740818423281, 25.237274372581695 ], [ 55.3089975, 25.2372661 ], [ 55.308993581667266, 25.237166672328325 ], [ 55.3091503, 25.2371971 ], [ 55.3097623, 25.2371719 ], [ 55.3097502, 25.2369307 ], [ 55.309463844486821, 25.236875103593395 ], [ 55.3097265, 25.2368627 ], [ 55.3097145, 25.2366538 ], [ 55.309542116155576, 25.236620331357692 ], [ 55.3097351, 25.2366123 ], [ 55.3097126, 25.2360868 ], [ 55.309329956988748, 25.236012508598105 ], [ 55.308953862764788, 25.236028167421125 ], [ 55.308887, 25.2359351 ], [ 55.308504358094261, 25.235860806507592 ], [ 55.308011658418188, 25.235878805243463 ], [ 55.30793508077911, 25.235940497915742 ], [ 55.307706958599127, 25.235896204460744 ] ], [ [ 55.309033123388303, 25.236870176469616 ], [ 55.308958449234531, 25.23687325056223 ], [ 55.308957617219619, 25.236855516488806 ], [ 55.309033123388303, 25.236870176469616 ] ], [ [ 55.3089640861633, 25.23659687490683 ], [ 55.308944027845612, 25.236597822052296 ], [ 55.308943837678299, 25.236592943528311 ], [ 55.3089640861633, 25.23659687490683 ] ], [ [ 55.308761375133393, 25.236998663346128 ], [ 55.308745562316162, 25.236995593167119 ], [ 55.308761189817012, 25.236994999323194 ], [ 55.308761375133393, 25.236998663346128 ] ], [ [ 55.308770359497203, 25.236227307287741 ], [ 55.308770758833816, 25.236237908740051 ], [ 55.308720376880466, 25.23622812665181 ], [ 55.308770359497203, 25.236227307287741 ] ], [ [ 55.308165535803454, 25.236202860981873 ], [ 55.308197663663549, 25.236209326484122 ], [ 55.308165750501438, 25.236210171102606 ], [ 55.308165535803454, 25.236202860981873 ] ], [ [ 55.307282068955566, 25.236517783901913 ], [ 55.307282048828569, 25.236498845146158 ], [ 55.307364735991584, 25.236515376017667 ], [ 55.307282068955566, 25.236517783901913 ] ], [ [ 55.3067095, 25.2367358 ], [ 55.307209439576177, 25.236735276443646 ], [ 55.307235628700603, 25.2367403615537 ], [ 55.307084756450891, 25.236745302738161 ], [ 55.307087025784568, 25.236802161281677 ], [ 55.306868356573098, 25.236759702181924 ], [ 55.306531909637698, 25.236765883486488 ], [ 55.306550620359396, 25.236704949865878 ], [ 55.3067095, 25.2367358 ] ], [ [ 55.30661429454446, 25.236378877184528 ], [ 55.306631766166213, 25.236325823950121 ], [ 55.3068361, 25.2363655 ], [ 55.307076964384152, 25.236360873391341 ], [ 55.307077929718837, 25.236413275790333 ], [ 55.306899357728611, 25.236378602319512 ], [ 55.30661429454446, 25.236378877184528 ] ], [ [ 55.306395651804195, 25.235880226723378 ], [ 55.306563085654496, 25.235872653709141 ], [ 55.306550812169661, 25.235910354996989 ], [ 55.306395651804195, 25.235880226723378 ] ] ], [ [ [ 55.3094506, 25.2540776 ], [ 55.3095135, 25.2540528 ], [ 55.309485, 25.2539934 ], [ 55.30930640740489, 25.253958729253174 ], [ 55.309243407391698, 25.253983529176093 ], [ 55.30927200729554, 25.254042929206054 ], [ 55.3094506, 25.2540776 ] ] ], [ [ [ 55.309375617475609, 25.235306712484814 ], [ 55.3096932, 25.2352979 ], [ 55.3096849, 25.2350543 ], [ 55.309625104605757, 25.235042690513591 ], [ 55.3097043, 25.2350407 ], [ 55.3096965, 25.2348053 ], [ 55.309157481475992, 25.234810094389388 ], [ 55.309162256101651, 25.234983923220526 ], [ 55.308833760525644, 25.234993107483287 ], [ 55.308842059765745, 25.235236607467389 ], [ 55.30913424275051, 25.235293337128677 ], [ 55.308372259946651, 25.235295106255741 ], [ 55.308374116800636, 25.23536065409354 ], [ 55.308343281332, 25.235361794100246 ], [ 55.308357581149934, 25.235799494096213 ], [ 55.3086946, 25.235805 ], [ 55.308693375603916, 25.235771663392686 ], [ 55.3096488, 25.235784 ], [ 55.30970520000001, 25.2357165 ], [ 55.3096887, 25.2353789 ], [ 55.309375617475609, 25.235306712484814 ] ] ], [ [ [ 55.3092141, 25.2347261 ], [ 55.3096913, 25.2347109 ], [ 55.3096831, 25.2345 ], [ 55.309504535498277, 25.234465330877306 ], [ 55.309027335648025, 25.234480430306135 ], [ 55.309035535340378, 25.234691430300913 ], [ 55.3092141, 25.2347261 ] ] ], [ [ [ 55.308217453303776, 25.253260426939494 ], [ 55.307809605010476, 25.253179202085313 ], [ 55.307752604770997, 25.253270701925324 ], [ 55.30784600408505, 25.253468902134344 ], [ 55.3082287, 25.2535432 ], [ 55.308532831123301, 25.253460967549934 ], [ 55.3086525, 25.2534842 ], [ 55.30874854394591, 25.253456635046653 ], [ 55.3093865, 25.2535351 ], [ 55.3094134, 25.2533095 ], [ 55.309246800807927, 25.253277157359708 ], [ 55.3092678, 25.2531028 ], [ 55.308885104648105, 25.253028504863508 ], [ 55.308752704790443, 25.253015504526307 ], [ 55.308724382170951, 25.253045313143247 ], [ 55.308525804993863, 25.253006303946439 ], [ 55.308463505002862, 25.25301890378492 ], [ 55.308359113383418, 25.253122279046877 ], [ 55.308027005218896, 25.253057802660766 ], [ 55.307967505230692, 25.253068802506672 ], [ 55.307964105143178, 25.253097902493515 ], [ 55.308007805058381, 25.25311440260295 ], [ 55.308208210327848, 25.253153309939773 ], [ 55.308188172165188, 25.253176820622464 ], [ 55.307919205095097, 25.25312460237442 ], [ 55.307876305069939, 25.253143402261649 ], [ 55.307895604943234, 25.253179502305578 ], [ 55.308217453303776, 25.253260426939494 ] ] ], [ [ [ 55.309220207719946, 25.253762229164106 ], [ 55.308929607839964, 25.25375152881745 ], [ 55.30893960769528, 25.253849128822448 ], [ 55.3093925, 25.253937 ], [ 55.3093988, 25.2537969 ], [ 55.309220207719946, 25.253762229164106 ] ] ], [ [ [ 55.30933610000001, 25.2543559 ], [ 55.3093413, 25.2541278 ], [ 55.308740107494273, 25.25403782857051 ], [ 55.30869610711256, 25.254312828498328 ], [ 55.308961306883575, 25.254405228808814 ], [ 55.3092885, 25.2544593 ], [ 55.30933610000001, 25.2543559 ] ] ], [ [ [ 55.291412524049591, 25.251118760400431 ], [ 55.291196182054215, 25.251286877259734 ], [ 55.289734452677429, 25.25100290619752 ], [ 55.289501851590877, 25.251143203563338 ], [ 55.289752946263718, 25.251483706083089 ], [ 55.290450327192573, 25.251619188169332 ], [ 55.29045032715392, 25.25166971015986 ], [ 55.290542169565036, 25.251687552363951 ], [ 55.290632001093449, 25.251687552363951 ], [ 55.290632001094323, 25.251654481867508 ], [ 55.2913857, 25.2518009 ], [ 55.291523886224986, 25.251717548721402 ], [ 55.291754083842719, 25.251762267279339 ], [ 55.291850757067898, 25.251912420787907 ], [ 55.290951601643606, 25.25173774798947 ], [ 55.290547800645427, 25.251953645000345 ], [ 55.290689198464662, 25.252169845921035 ], [ 55.290863527901116, 25.252203712411031 ], [ 55.290911389824814, 25.252282800639627 ], [ 55.290911389783645, 25.252345759722996 ], [ 55.291042589935586, 25.252402379827171 ], [ 55.290998623187029, 25.252424912654249 ], [ 55.29114731764173, 25.252662152623614 ], [ 55.291056341656038, 25.252662152567659 ], [ 55.291056341580003, 25.252796899856492 ], [ 55.291146173045057, 25.252886731424304 ], [ 55.291282621116252, 25.252900278002734 ], [ 55.291327536807259, 25.253021809199637 ], [ 55.291530316377568, 25.253035025290121 ], [ 55.291530316377568, 25.252945193761711 ], [ 55.291485400613361, 25.252900277997512 ], [ 55.291305737556961, 25.252887061909533 ], [ 55.291305737557153, 25.252786251156081 ], [ 55.292037192694941, 25.252928343678867 ], [ 55.291937648585588, 25.252928343609195 ], [ 55.291939245601981, 25.25310831691726 ], [ 55.291799780993777, 25.253184724635158 ], [ 55.291709979434394, 25.253124856818534 ], [ 55.291581724026358, 25.253108667250782 ], [ 55.291581723935479, 25.253243414538879 ], [ 55.291761386780287, 25.253512909215292 ], [ 55.291851218263282, 25.253557825028093 ], [ 55.292006999614699, 25.253574014464874 ], [ 55.292146499066554, 25.25369758161569 ], [ 55.291979162169504, 25.253691250808771 ], [ 55.291979162103964, 25.253781082333916 ], [ 55.29220405284066, 25.25379859328163 ], [ 55.292204052841178, 25.253748562037675 ], [ 55.292318206246634, 25.253849677526674 ], [ 55.293727458120202, 25.254123423532555 ], [ 55.293568212829669, 25.254203665446575 ], [ 55.293715211976753, 25.25444236578636 ], [ 55.294057649516745, 25.254508881702712 ], [ 55.293875134296762, 25.254600139172371 ], [ 55.293875134283766, 25.254645054935935 ], [ 55.294090514937309, 25.254651992801541 ], [ 55.294225262229929, 25.254607077037335 ], [ 55.294225262229929, 25.254472329744718 ], [ 55.29419689152671, 25.254466819014088 ], [ 55.294727, 25.2541997 ], [ 55.29458, 25.253961 ], [ 55.294197313325427, 25.253886667106855 ], [ 55.294064063102567, 25.25395381112207 ], [ 55.293989793770272, 25.253828945914659 ], [ 55.2943175, 25.2538926 ], [ 55.2944958, 25.2538056 ], [ 55.294196, 25.2533071 ], [ 55.293922870676191, 25.253254046636329 ], [ 55.2942588, 25.2530852 ], [ 55.2941451, 25.2528883 ], [ 55.293958377421852, 25.252852030411781 ], [ 55.2940848, 25.252786 ], [ 55.2939564, 25.2525849 ], [ 55.293573718069226, 25.252510565721405 ], [ 55.293204117755849, 25.252703964744924 ], [ 55.29318381750921, 25.252788664679887 ], [ 55.293273816985334, 25.252935364887819 ], [ 55.293438892031205, 25.252967430388093 ], [ 55.293412121732572, 25.252980128842822 ], [ 55.292760488131137, 25.252841278385237 ], [ 55.2928582, 25.2527912 ], [ 55.2926429, 25.2524477 ], [ 55.292521740458533, 25.252424164261832 ], [ 55.292578, 25.2523944 ], [ 55.292458, 25.252209 ], [ 55.292156922295511, 25.252150513743736 ], [ 55.29213558720258, 25.252117892525167 ], [ 55.2927266, 25.2522327 ], [ 55.293056, 25.2520592 ], [ 55.293008281007481, 25.251983299644642 ], [ 55.293403761086296, 25.252060121716887 ], [ 55.293449538145381, 25.252132631891818 ], [ 55.293787480266282, 25.252198276161508 ], [ 55.29373137587335, 25.252228088766522 ], [ 55.293866375773675, 25.252435788808359 ], [ 55.2939174, 25.2524457 ], [ 55.2941118, 25.252342399999989 ], [ 55.294051450316282, 25.2522495509916 ], [ 55.2942149, 25.2522813 ], [ 55.294246880891556, 25.252264794248628 ], [ 55.294399017423849, 25.252513067834936 ], [ 55.294628524468095, 25.252557647352656 ], [ 55.294484116988613, 25.252632368034554 ], [ 55.294571816491306, 25.252771068237848 ], [ 55.294633562471311, 25.252783061739329 ], [ 55.294589416368993, 25.25280616827753 ], [ 55.294707515706023, 25.252990768551619 ], [ 55.294851121598533, 25.253018662254593 ], [ 55.294749615424799, 25.25307106864711 ], [ 55.294905014542231, 25.253317269007272 ], [ 55.295063689962106, 25.253348089491766 ], [ 55.294967714254987, 25.253394369156009 ], [ 55.29511781335048, 25.253648969501327 ], [ 55.295277112455466, 25.253679910825568 ], [ 55.295171313043717, 25.253734669625178 ], [ 55.295328012155778, 25.253982269988484 ], [ 55.295518455222322, 25.25401926015363 ], [ 55.295377411783107, 25.254090270098409 ], [ 55.295519110968684, 25.25431787042638 ], [ 55.295804143080616, 25.254376640678906 ], [ 55.295639197778989, 25.254460115460702 ], [ 55.295942495874129, 25.25496101620729 ], [ 55.2963507, 25.2550403 ], [ 55.2969044, 25.254766 ], [ 55.296857735475072, 25.254688952758837 ], [ 55.2970006, 25.2547167 ], [ 55.2971211, 25.2546531 ], [ 55.297078626018624, 25.254587285097863 ], [ 55.2971997, 25.2546108 ], [ 55.2973281, 25.2545468 ], [ 55.297286503196048, 25.254478681645317 ], [ 55.2974112, 25.2545029 ], [ 55.2976028, 25.2544065 ], [ 55.2974709, 25.2541922 ], [ 55.29726480240339, 25.254152172103062 ], [ 55.297372999327848, 25.254094325628152 ], [ 55.297406910017635, 25.254154175287368 ], [ 55.2978827, 25.2542516 ], [ 55.2984382, 25.2539602 ], [ 55.29838215477497, 25.25386724113616 ], [ 55.2985601, 25.2539018 ], [ 55.2988903, 25.2537418 ], [ 55.2989045, 25.2536522 ], [ 55.2987787, 25.2534138 ], [ 55.298436812400141, 25.253345289920532 ], [ 55.2985993, 25.2532594 ], [ 55.2986248, 25.2531934 ], [ 55.298265, 25.2526422 ], [ 55.298019738673787, 25.252587824884699 ], [ 55.298182926625294, 25.252506434594945 ], [ 55.298466119566733, 25.252577393708286 ], [ 55.298376313976014, 25.252634478003973 ], [ 55.29835371359362, 25.252763577926256 ], [ 55.298614112187423, 25.253152678533546 ], [ 55.2989968, 25.253227 ], [ 55.299055477425142, 25.253196268066713 ], [ 55.299100324446179, 25.253267186858846 ], [ 55.299003074880758, 25.253317090544641 ], [ 55.299094572351557, 25.253463061773306 ], [ 55.298877710683037, 25.253572679144302 ], [ 55.299037809756591, 25.253831879514632 ], [ 55.299152843213967, 25.253854219737871 ], [ 55.29912872202042, 25.253959834382545 ], [ 55.299347220844211, 25.254312234854478 ], [ 55.2997044, 25.2543816 ], [ 55.30016514489477, 25.254148064828094 ], [ 55.300322876727627, 25.254194197712344 ], [ 55.300203407545595, 25.254255182435575 ], [ 55.30032200686118, 25.254446582710042 ], [ 55.300620102842295, 25.254504471703882 ], [ 55.300402706288111, 25.254611482891484 ], [ 55.300542416287279, 25.254822976595047 ], [ 55.300418374088409, 25.254882890996011 ], [ 55.300520974006069, 25.255056691027498 ], [ 55.300572, 25.2550666 ], [ 55.300669533415046, 25.255019489748342 ], [ 55.300730504469229, 25.255116983653728 ], [ 55.3011132, 25.2551913 ], [ 55.3015836, 25.2549444 ], [ 55.3016033, 25.2548403 ], [ 55.301575753337907, 25.254794292281261 ], [ 55.3018378, 25.2548279 ], [ 55.3022361, 25.2546355 ], [ 55.3022955, 25.2545654 ], [ 55.30216, 25.2543289 ], [ 55.301973915333221, 25.254292765203676 ], [ 55.3020796, 25.2542393 ], [ 55.3018759, 25.2539101 ], [ 55.301827328081707, 25.253900667979135 ], [ 55.3018472, 25.2538903 ], [ 55.301650484705384, 25.253574014464224 ], [ 55.301726194852336, 25.253574014460604 ], [ 55.301726194852336, 25.253529098696397 ], [ 55.301618440784111, 25.253522492987646 ], [ 55.301499774560476, 25.253470391394249 ], [ 55.301321674547964, 25.253545091331894 ], [ 55.301495359092073, 25.253836203552346 ], [ 55.30127260767371, 25.253947385221736 ], [ 55.301354525353887, 25.254079773746774 ], [ 55.301252107341071, 25.254059885151975 ], [ 55.301153845544334, 25.254110041236579 ], [ 55.3011274, 25.254064 ], [ 55.300942075910534, 25.254028011483232 ], [ 55.3010797, 25.2539586 ], [ 55.3008533, 25.2535914 ], [ 55.300656892541312, 25.253553258679819 ], [ 55.30073391339905, 25.253514935860725 ], [ 55.3010772, 25.2535816 ], [ 55.3015028, 25.2533734 ], [ 55.3015354, 25.2532787 ], [ 55.3014563, 25.2531294 ], [ 55.301234971849325, 25.253086420015073 ], [ 55.3013877, 25.2530071 ], [ 55.3012964, 25.2528633 ], [ 55.301111478091876, 25.252827389545438 ], [ 55.3011976, 25.2527852 ], [ 55.3011131, 25.2526441 ], [ 55.301062074950856, 25.252634191261844 ], [ 55.300548274899739, 25.252885991081211 ], [ 55.300590680444635, 25.252956750742904 ], [ 55.300358211073913, 25.253077483012731 ], [ 55.300449510558046, 25.253221283224551 ], [ 55.300661135199149, 25.253262380024893 ], [ 55.300622836193966, 25.253281627619309 ], [ 55.300238610771942, 25.253204782686844 ], [ 55.299904610494863, 25.253377481804776 ], [ 55.300031309748469, 25.253586882097213 ], [ 55.300094204085255, 25.25359909616154 ], [ 55.300153059488103, 25.253693593591628 ], [ 55.300019554335513, 25.253762678581214 ], [ 55.2998132, 25.2534297 ], [ 55.299589298858265, 25.253386217832755 ], [ 55.2997399, 25.2533084 ], [ 55.299577, 25.2530507 ], [ 55.299399303457449, 25.2530161905364 ], [ 55.2995253, 25.2529502 ], [ 55.2992728, 25.2525273 ], [ 55.298982378320872, 25.252450389279304 ], [ 55.2992121, 25.2523324 ], [ 55.299150596037123, 25.252236124035576 ], [ 55.2993137, 25.2522678 ], [ 55.299473565041914, 25.25218378176039 ], [ 55.299660381408813, 25.252233486169793 ], [ 55.299373775228347, 25.252382990690368 ], [ 55.299612575038218, 25.25278389076372 ], [ 55.2996636, 25.2527938 ], [ 55.299908655721524, 25.252682118417596 ], [ 55.3005409, 25.2528049 ], [ 55.3007461, 25.2526996 ], [ 55.3005173, 25.2523351 ], [ 55.300337016033751, 25.252300089095488 ], [ 55.30066886259926, 25.252121595011204 ], [ 55.301177932803391, 25.25222045405976 ], [ 55.301918530128894, 25.253425356959273 ], [ 55.301836810803131, 25.253467820358335 ], [ 55.302612777794408, 25.254705359786406 ], [ 55.302483873930818, 25.254749791704249 ], [ 55.302474173915172, 25.254790091700109 ], [ 55.30272877368693, 25.255279291777093 ], [ 55.3028654, 25.2553154 ], [ 55.3029482, 25.2552765 ], [ 55.3029706, 25.2552098 ], [ 55.302947863816627, 25.255155502412286 ], [ 55.3030663, 25.2551785 ], [ 55.3032827, 25.2550925 ], [ 55.3034276, 25.2549987 ], [ 55.303466652076068, 25.254872242292457 ], [ 55.303692, 25.2548867 ], [ 55.3037643, 25.2548489 ], [ 55.30383230000001, 25.2547505 ], [ 55.3038314, 25.2545701 ], [ 55.3037482, 25.2544778 ], [ 55.303597497861134, 25.254448537691143 ], [ 55.3036161, 25.2543883 ], [ 55.303428549786602, 25.254078483932453 ], [ 55.3038772, 25.2541656 ], [ 55.3039846, 25.2541084 ], [ 55.303929008466007, 25.254016905648335 ], [ 55.3042076, 25.254071 ], [ 55.304277569659675, 25.254039905121001 ], [ 55.304324104822548, 25.254107693014344 ], [ 55.3048991, 25.2542379 ], [ 55.3050085, 25.2541788 ], [ 55.304981008310961, 25.254132592966961 ], [ 55.3050789, 25.2541516 ], [ 55.305483, 25.2539434 ], [ 55.305460029082518, 25.253906948399468 ], [ 55.3055324, 25.253921 ], [ 55.3061146, 25.2536307 ], [ 55.306074464956964, 25.253562982132877 ], [ 55.3061616, 25.2535799 ], [ 55.306284, 25.2535162 ], [ 55.306251136023427, 25.253464505398238 ], [ 55.3063706, 25.2534877 ], [ 55.3067246, 25.2533029 ], [ 55.306667993741378, 25.25321415164732 ], [ 55.3068207, 25.2532438 ], [ 55.3071142, 25.2530965 ], [ 55.30707760244443, 25.253036777435629 ], [ 55.307207, 25.2530619 ], [ 55.307448732645014, 25.252929031637937 ], [ 55.3074872, 25.2529365 ], [ 55.3075853, 25.2528879 ], [ 55.307611, 25.252813 ], [ 55.307540468310229, 25.252702045018278 ], [ 55.3079972, 25.252773 ], [ 55.3079695, 25.2527308 ], [ 55.307398304756099, 25.252619904257031 ], [ 55.30747190000001, 25.2525829 ], [ 55.307407, 25.2524164 ], [ 55.307085461850761, 25.252353973282816 ], [ 55.3071975, 25.2522992 ], [ 55.307169282030692, 25.252252090225756 ], [ 55.3072708, 25.2522718 ], [ 55.30744425823427, 25.252180207356268 ], [ 55.307476607663105, 25.252405701350337 ], [ 55.307581107025008, 25.252585701590558 ], [ 55.3080839, 25.2526859 ], [ 55.3082211, 25.2526146 ], [ 55.308207497155784, 25.252584966591925 ], [ 55.3084836, 25.2526289 ], [ 55.3087411, 25.252379 ], [ 55.3092977, 25.2517458 ], [ 55.3093027, 25.2517058 ], [ 55.308861309036594, 25.251617605017756 ], [ 55.30804101314132, 25.251803609526789 ], [ 55.3079816, 25.2516404 ], [ 55.307829552768688, 25.251610880564481 ], [ 55.3079477, 25.2515779 ], [ 55.3079149, 25.2514512 ], [ 55.307875118941325, 25.251443476635995 ], [ 55.3079302, 25.2514302 ], [ 55.3078021, 25.250972 ], [ 55.3077019, 25.2509242 ], [ 55.307319212603169, 25.25084990118469 ], [ 55.307118312630166, 25.250891200663766 ], [ 55.307077512441417, 25.250962300548395 ], [ 55.30723511086763, 25.251431200880493 ], [ 55.307292119071889, 25.251442269094877 ], [ 55.307171610947876, 25.251421100719373 ], [ 55.306939356609888, 25.251532725402381 ], [ 55.306853210899455, 25.251515999889264 ], [ 55.30657871070477, 25.251647199166069 ], [ 55.306628450589194, 25.251732330920817 ], [ 55.306479510604724, 25.251704198903251 ], [ 55.306298510456259, 25.251797198425393 ], [ 55.306277310360798, 25.251833298365568 ], [ 55.306345041665807, 25.251962882847955 ], [ 55.306227421393245, 25.251940045980955 ], [ 55.3061216, 25.2517604 ], [ 55.306070574800572, 25.251750492990496 ], [ 55.305810374775589, 25.251875792899082 ], [ 55.305845121552125, 25.251946159050259 ], [ 55.3058117, 25.2518903 ], [ 55.305722593429117, 25.251872998949189 ], [ 55.306084, 25.2516917 ], [ 55.3058908, 25.2514022 ], [ 55.30524871522875, 25.251305769771133 ], [ 55.305113967967536, 25.251305769666814 ], [ 55.304979220664286, 25.251350685324628 ], [ 55.304979220597978, 25.251421891418246 ], [ 55.304943812638342, 25.251429995011353 ], [ 55.304924112475447, 25.251487494952102 ], [ 55.305154911046166, 25.251891495481534 ], [ 55.305240628052267, 25.251908138753873 ], [ 55.305176110880524, 25.251939695528471 ], [ 55.305211242441381, 25.251998393567384 ], [ 55.305144302878681, 25.251985396221617 ], [ 55.3050374, 25.251801 ], [ 55.304884972809496, 25.251771403645677 ], [ 55.3049989, 25.2517175 ], [ 55.3048962, 25.25154 ], [ 55.304742139295016, 25.251510086268659 ], [ 55.3048531, 25.2514572 ], [ 55.3047379, 25.2512593 ], [ 55.304633330371267, 25.251238995742455 ], [ 55.3046788, 25.2512159 ], [ 55.30456, 25.2510246 ], [ 55.304468600607606, 25.251006852867867 ], [ 55.3045575, 25.2509636 ], [ 55.304336, 25.2505913 ], [ 55.303953316229993, 25.250516992613861 ], [ 55.303392615817359, 25.250789891135891 ], [ 55.303409803670668, 25.250818773237675 ], [ 55.303304727144969, 25.250798266044669 ], [ 55.3034594, 25.2507236 ], [ 55.3034806, 25.2506419 ], [ 55.3033771, 25.2504851 ], [ 55.303253330835432, 25.250462516204028 ], [ 55.303253330835325, 25.250429910966183 ], [ 55.303221015409399, 25.2504236359256 ], [ 55.30317609964812, 25.250423635915883 ], [ 55.303176099641774, 25.250448423998705 ], [ 55.302895317417203, 25.250397189922221 ], [ 55.302633417222864, 25.250525189231791 ], [ 55.302665241927578, 25.250578535731449 ], [ 55.302558917179077, 25.250557889035953 ], [ 55.302324916975913, 25.250681788417612 ], [ 55.302461002527224, 25.25089217891151 ], [ 55.302377409794097, 25.250875946354288 ], [ 55.30207190956515, 25.251023445520552 ], [ 55.302313608059016, 25.251432846096726 ], [ 55.302484518761297, 25.251466034511889 ], [ 55.302377514352102, 25.251515888424581 ], [ 55.302589813033372, 25.251888788911288 ], [ 55.302871915528996, 25.2519435683658 ], [ 55.302707512535271, 25.252020289192643 ], [ 55.302952511069869, 25.252432389757125 ], [ 55.3033352, 25.2525067 ], [ 55.3036007, 25.2523855 ], [ 55.3033527, 25.2519721 ], [ 55.303155041076494, 25.251933718776296 ], [ 55.3032289, 25.2518993 ], [ 55.3032439, 25.251814 ], [ 55.3030418, 25.251459 ], [ 55.302880178323001, 25.25142761602304 ], [ 55.302995410572585, 25.251371999577735 ], [ 55.30304810086183, 25.251464667959496 ], [ 55.303167015431455, 25.251487758868358 ], [ 55.303098200748046, 25.25152106802333 ], [ 55.303392099805507, 25.252018468384243 ], [ 55.3035962, 25.2520581 ], [ 55.304032342373226, 25.251852997189491 ], [ 55.304075811771689, 25.25192599271206 ], [ 55.304153099575025, 25.251940999915469 ], [ 55.304097611625096, 25.251967892761492 ], [ 55.304162682894038, 25.252077735988451 ], [ 55.304123199419458, 25.252070069378831 ], [ 55.303587299187342, 25.252344068624343 ], [ 55.303821298472748, 25.25271836891347 ], [ 55.303955772507237, 25.252744480227559 ], [ 55.303837698325431, 25.252803468928935 ], [ 55.303972497905548, 25.253024069095101 ], [ 55.304074109411616, 25.253043799239062 ], [ 55.304005597802231, 25.253078369135885 ], [ 55.30414349737611, 25.25330196930604 ], [ 55.304262810638328, 25.253325136450286 ], [ 55.304180797251902, 25.253367869351635 ], [ 55.304277096946805, 25.253528569470088 ], [ 55.304419809780008, 25.253555137828368 ], [ 55.304390106437801, 25.253569793265704 ], [ 55.304421055718052, 25.253621121498373 ], [ 55.304314842670379, 25.253602583895578 ], [ 55.3042785, 25.2535357 ], [ 55.304118805725416, 25.253504692078327 ], [ 55.304218, 25.2534575 ], [ 55.3039903, 25.2530659 ], [ 55.303607608832415, 25.252991591349645 ], [ 55.303335408641303, 25.253121090632533 ], [ 55.303563107252678, 25.253512691155905 ], [ 55.303714406235315, 25.253542069558232 ], [ 55.303604406978287, 25.253590991249716 ], [ 55.3037934963833, 25.253938901460678 ], [ 55.303284185622509, 25.253840006160488 ], [ 55.3028315, 25.2530922 ], [ 55.3026529111023, 25.25305752136326 ], [ 55.302596576612267, 25.25308330967562 ], [ 55.302586818015044, 25.252995577352706 ], [ 55.3027658, 25.2530206 ], [ 55.302802, 25.2529406 ], [ 55.302642400000011, 25.2526628 ], [ 55.302546523122999, 25.252633314838207 ], [ 55.3025369, 25.2525468 ], [ 55.301962, 25.2514818 ], [ 55.3017804, 25.2513938 ], [ 55.301097874078494, 25.251261258483609 ], [ 55.3015974, 25.2510058 ], [ 55.3014362, 25.2507052 ], [ 55.3013461, 25.2506438 ], [ 55.300562125344598, 25.250491554493689 ], [ 55.301162, 25.2502248 ], [ 55.30090997160616, 25.249781249750374 ], [ 55.301577458605777, 25.249910872900809 ], [ 55.301473619869995, 25.249959386347797 ], [ 55.301741418241271, 25.25041858696336 ], [ 55.3021241, 25.2504929 ], [ 55.3024512, 25.2504913 ], [ 55.3026236, 25.2504108 ], [ 55.302603441133883, 25.250375500168339 ], [ 55.3027018, 25.2503946 ], [ 55.303674780421851, 25.249920893226648 ], [ 55.303666771525386, 25.249973817866355 ], [ 55.303792320005797, 25.249980753324124 ], [ 55.303792320005797, 25.249890921795707 ], [ 55.303750585195793, 25.249883986360047 ], [ 55.30383105838925, 25.249844806523676 ], [ 55.303927067298417, 25.249846006031511 ], [ 55.303971983062624, 25.249801090267297 ], [ 55.303971983062624, 25.249756174503098 ], [ 55.303893051212334, 25.249704653595995 ], [ 55.303848135451197, 25.249704653585763 ], [ 55.303807562027771, 25.249745226993156 ], [ 55.3037048, 25.2495726 ], [ 55.303420948783888, 25.249517481858838 ], [ 55.3035729, 25.2494468 ], [ 55.3035846, 25.2493327 ], [ 55.3033941, 25.2490172 ], [ 55.303321710436371, 25.249003143266503 ], [ 55.3033674, 25.2489703 ], [ 55.3032807, 25.2488199 ], [ 55.303187941766481, 25.248801887939287 ], [ 55.3032639, 25.2487615 ], [ 55.3030982, 25.2485066 ], [ 55.303022661061171, 25.248491931510863 ], [ 55.3030793, 25.2484636 ], [ 55.3029321, 25.2482229 ], [ 55.302549424647381, 25.248148589380612 ], [ 55.30231312446368, 25.248266788757299 ], [ 55.302354021803247, 25.248333664275897 ], [ 55.302148106234021, 25.248436266977421 ], [ 55.302215489969448, 25.248546879387217 ], [ 55.302178476526691, 25.24853969172678 ], [ 55.301929376502187, 25.248661091639242 ], [ 55.301978160828455, 25.248757422288364 ], [ 55.3019339, 25.2486835 ], [ 55.301551223991282, 25.248609186753473 ], [ 55.30130112380462, 25.248731786094137 ], [ 55.301316640000877, 25.248757700693229 ], [ 55.301084324031379, 25.248712585541803 ], [ 55.300877966496003, 25.248810007341167 ], [ 55.300542330431831, 25.24874482654927 ], [ 55.300291329990493, 25.248860824787535 ], [ 55.300533326156341, 25.249264826275198 ], [ 55.300626624551974, 25.249282944930005 ], [ 55.300027517204931, 25.249176392887364 ], [ 55.299809716976952, 25.249276691970213 ], [ 55.300043314718479, 25.249674292829919 ], [ 55.300604576175161, 25.24978329116388 ], [ 55.300663097285756, 25.249892664797905 ], [ 55.299998623137725, 25.249763622419206 ], [ 55.299886410047179, 25.249813500719597 ], [ 55.298712160914064, 25.249585450129899 ], [ 55.298506160336053, 25.249688648173457 ], [ 55.298540468902175, 25.249744644831978 ], [ 55.298386434118676, 25.249817905722839 ], [ 55.298310967861099, 25.249803248944019 ], [ 55.2983923, 25.2497619 ], [ 55.2982737, 25.2495711 ], [ 55.297891024067873, 25.249496777242808 ], [ 55.297618601756398, 25.249635274564543 ], [ 55.297537, 25.2495046 ], [ 55.297365568641148, 25.249471304077712 ], [ 55.2974907, 25.2494093 ], [ 55.297414312678342, 25.249283232039044 ], [ 55.2976479, 25.2493286 ], [ 55.297736344552661, 25.249284104409387 ], [ 55.297791024525345, 25.249373977005558 ], [ 55.2981737, 25.2494483 ], [ 55.2983517, 25.2493598 ], [ 55.298302587673575, 25.249279063454608 ], [ 55.2984454, 25.2493068 ], [ 55.2989113, 25.24906 ], [ 55.2987852, 25.2488653 ], [ 55.298563599305751, 25.2488222617893 ], [ 55.2987201, 25.2487449 ], [ 55.2985906, 25.248587 ], [ 55.298133226912718, 25.248517678013496 ], [ 55.297734726569495, 25.248727876960604 ], [ 55.297780738674462, 25.248792106459824 ], [ 55.297653926509263, 25.248767476747592 ], [ 55.297475926372343, 25.248856076278088 ], [ 55.297520081229713, 25.248928650248303 ], [ 55.297392526288725, 25.248903876057152 ], [ 55.2972878840338, 25.248950231159803 ], [ 55.29722805096943, 25.248846323965232 ], [ 55.2973932, 25.2488784 ], [ 55.2976388, 25.2487656 ], [ 55.297588623469821, 25.248676189806989 ], [ 55.2977349, 25.2487046 ], [ 55.2979643, 25.2485932 ], [ 55.297915347837474, 25.248510680744211 ], [ 55.298073, 25.2485413 ], [ 55.2986172, 25.2482885 ], [ 55.2983177, 25.2477611 ], [ 55.297935029638538, 25.247686777633508 ], [ 55.29739082927594, 25.247939576200952 ], [ 55.297429055029149, 25.248006890041829 ], [ 55.29726782925944, 25.247975575880425 ], [ 55.297037129092942, 25.248086875272481 ], [ 55.297080756924032, 25.24816085211112 ], [ 55.296937229027328, 25.24813297500955 ], [ 55.296691228868632, 25.248245574362222 ], [ 55.296735682057829, 25.248325065425639 ], [ 55.296569428816539, 25.248292774043033 ], [ 55.296302428633496, 25.24841847333991 ], [ 55.296334253739289, 25.24847375165924 ], [ 55.29618402864412, 25.248444573032671 ], [ 55.295841228397023, 25.248609872129318 ], [ 55.295890205925083, 25.248692996931457 ], [ 55.295725328328302, 25.248660971824627 ], [ 55.29549332814674, 25.248777471212538 ], [ 55.295872125942715, 25.249394772087737 ], [ 55.2962548, 25.2494691 ], [ 55.2964868, 25.2493527 ], [ 55.296442904779461, 25.249281156239931 ], [ 55.296604777782242, 25.249298228609518 ], [ 55.296697711205589, 25.249464341565378 ], [ 55.296654876704395, 25.24948618982117 ], [ 55.296765123840139, 25.249662982053653 ], [ 55.296662448445865, 25.24965931273454 ], [ 55.296602, 25.2495645 ], [ 55.296219325379163, 25.249490172962304 ], [ 55.29605782524316, 25.249574372535733 ], [ 55.296098596630507, 25.249638304151834 ], [ 55.295973325185791, 25.249613972313217 ], [ 55.295811825049782, 25.249698171886639 ], [ 55.295856787172042, 25.249768659246243 ], [ 55.29571372499332, 25.249740871628827 ], [ 55.295507224837884, 25.249842571084301 ], [ 55.295816723006844, 25.250356671797913 ], [ 55.296048688617617, 25.250401727121378 ], [ 55.295942622603334, 25.250455572105164 ], [ 55.296031629266196, 25.250598976776914 ], [ 55.295832357911266, 25.250569237366719 ], [ 55.295477257694898, 25.250745136617471 ], [ 55.295457957478156, 25.250837436566567 ], [ 55.295695556420135, 25.251205237008158 ], [ 55.29595282282002, 25.251271056893561 ], [ 55.295746267626313, 25.251376490720162 ], [ 55.295671, 25.2512589 ], [ 55.295313832778049, 25.251189525659523 ], [ 55.294858717554838, 25.25142769028718 ], [ 55.2948268, 25.2513782 ], [ 55.294519105795835, 25.25131843330449 ], [ 55.2946674, 25.2512448 ], [ 55.2946954, 25.2511585 ], [ 55.2946082, 25.2510068 ], [ 55.294397530985997, 25.250965879188989 ], [ 55.2945542, 25.250886 ], [ 55.2944538, 25.2507379 ], [ 55.293650249346555, 25.250572607076009 ], [ 55.2935719, 25.2504426 ], [ 55.293408896883257, 25.250410936641387 ], [ 55.293524, 25.2503542 ], [ 55.293478714313217, 25.25027907241628 ], [ 55.2936508, 25.2503125 ], [ 55.293916911991104, 25.25018180529522 ], [ 55.294003136248897, 25.25031562265184 ], [ 55.294220056251859, 25.250357758434795 ], [ 55.294145159370089, 25.250401233930369 ], [ 55.294235758997736, 25.250528934100267 ], [ 55.2945419, 25.2505884 ], [ 55.2947693, 25.2504564 ], [ 55.294728525866383, 25.250398929211833 ], [ 55.2948473, 25.250422 ], [ 55.2950688, 25.2503081 ], [ 55.2949852, 25.250175 ], [ 55.294805461824282, 25.25014008758836 ], [ 55.2949335, 25.2500783 ], [ 55.2947854, 25.2498273 ], [ 55.294643609173939, 25.249799758257286 ], [ 55.2947371, 25.2497532 ], [ 55.2946363, 25.2495743 ], [ 55.293647754799949, 25.249394133750538 ], [ 55.293196154113609, 25.249617631368508 ], [ 55.293316704758375, 25.249811741291211 ], [ 55.293064014846635, 25.24993590916776 ], [ 55.29311509124296, 25.250020932458987 ], [ 55.292993537896862, 25.249997320284226 ], [ 55.292598237618371, 25.250192319311257 ], [ 55.292700470650843, 25.250361961370327 ], [ 55.292156339348445, 25.250269259210334 ], [ 55.292095739253476, 25.250304858969649 ], [ 55.292126039023138, 25.250346959076158 ], [ 55.292934436368938, 25.250511383103106 ], [ 55.292826836378062, 25.250564419804189 ], [ 55.292997848985777, 25.250848126390235 ], [ 55.292934136920543, 25.250880935639138 ], [ 55.292867576533034, 25.250845988499929 ], [ 55.292732276529591, 25.250888088452847 ], [ 55.29277387649875, 25.250952388465738 ], [ 55.292842453419198, 25.250952999981443 ], [ 55.29291370771184, 25.251066281666848 ], [ 55.292809467843711, 25.251046032682734 ], [ 55.2924554, 25.2504858 ], [ 55.292280476749269, 25.250468788307185 ], [ 55.292148976731021, 25.250545788260702 ], [ 55.292110276698551, 25.250634088245665 ], [ 55.292448802363509, 25.251160351977667 ], [ 55.292378246456863, 25.251195471930778 ], [ 55.2920534, 25.2506756 ], [ 55.291670725452569, 25.250601261141522 ], [ 55.291317725166763, 25.250781660209611 ], [ 55.291544314516891, 25.251144362471369 ], [ 55.291412524049591, 25.251118760400431 ] ], [ [ 55.307609697426109, 25.252094921622447 ], [ 55.307681828400057, 25.252060268759259 ], [ 55.307685719309724, 25.252109681100343 ], [ 55.307609697426109, 25.252094921622447 ] ], [ [ 55.307533030252955, 25.252125795212944 ], [ 55.307505518977088, 25.252080562508642 ], [ 55.307591246481962, 25.252097206372774 ], [ 55.307533030252955, 25.252125795212944 ] ], [ [ 55.305141107948032, 25.252895195292716 ], [ 55.305185507673741, 25.252972695394607 ], [ 55.305501754073582, 25.253034098751133 ], [ 55.305509310672242, 25.253068048185881 ], [ 55.305435907229395, 25.253053796023664 ], [ 55.30501634427862, 25.253260809489241 ], [ 55.3049256, 25.2531167 ], [ 55.304840479949839, 25.253100172566569 ], [ 55.3049064, 25.253067 ], [ 55.3047634, 25.2528344 ], [ 55.304688089546808, 25.252819777149607 ], [ 55.304733921247347, 25.252776609698667 ], [ 55.3050537, 25.2528387 ], [ 55.3051595, 25.2527898 ], [ 55.3051287, 25.2527352 ], [ 55.304746008978498, 25.252660894316431 ], [ 55.304681389140441, 25.252690760965613 ], [ 55.3046037, 25.2525638 ], [ 55.304467449899079, 25.252537344416353 ], [ 55.3045643, 25.252489 ], [ 55.304395742028213, 25.252219236390648 ], [ 55.304592433871015, 25.25225742803342 ], [ 55.304637510067586, 25.252336294088146 ], [ 55.3050202, 25.2524106 ], [ 55.3050838, 25.2523808 ], [ 55.3050207, 25.2522705 ], [ 55.304713041135663, 25.252210762711055 ], [ 55.3048576, 25.2521407 ], [ 55.304839226664789, 25.252109685294354 ], [ 55.3049078, 25.252123 ], [ 55.305036041638104, 25.25206221323597 ], [ 55.305229624460388, 25.252091794241807 ], [ 55.305229624460829, 25.252029106339773 ], [ 55.305297310159851, 25.252142195807973 ], [ 55.305524992711995, 25.252186403455216 ], [ 55.305482909814138, 25.252207596273418 ], [ 55.305616609038601, 25.252424696582725 ], [ 55.305999300000011, 25.252499 ], [ 55.30611640148269, 25.252440027647829 ], [ 55.3062454306611, 25.252462079318171 ], [ 55.306267208313827, 25.252496698238335 ], [ 55.3066499, 25.252571 ], [ 55.306853436028895, 25.252466309406827 ], [ 55.30692350807211, 25.252580407991474 ], [ 55.306498974324803, 25.252795893115529 ], [ 55.306540208393628, 25.252865230128936 ], [ 55.306521548525254, 25.252874592071482 ], [ 55.306182568092403, 25.252803804830013 ], [ 55.3062414, 25.2527776 ], [ 55.306224470856186, 25.252746078881842 ], [ 55.3064645, 25.2526329 ], [ 55.3064007, 25.2525249 ], [ 55.306349674456158, 25.252514993070264 ], [ 55.306151771649517, 25.252610716833207 ], [ 55.3061284, 25.2525672 ], [ 55.306077374466689, 25.252557292976398 ], [ 55.305851974485037, 25.25256899289916 ], [ 55.305981623059616, 25.25279899282959 ], [ 55.305677607364181, 25.252950096658687 ], [ 55.305703860888613, 25.252993320194175 ], [ 55.305664282204575, 25.252985635572117 ], [ 55.3056273, 25.252921 ], [ 55.30524460801842, 25.252846695565268 ], [ 55.305141107948032, 25.252895195292716 ] ], [ [ 55.30685585216365, 25.252407493103828 ], [ 55.306851763304891, 25.252400988251608 ], [ 55.306864045541481, 25.25240337288465 ], [ 55.30685585216365, 25.252407493103828 ] ], [ [ 55.306153248160797, 25.252000097144784 ], [ 55.306167761292649, 25.251986842245888 ], [ 55.306179130328488, 25.252005122384183 ], [ 55.306153248160797, 25.252000097144784 ] ], [ [ 55.306065418863803, 25.253158675006585 ], [ 55.306145148743909, 25.253174155155516 ], [ 55.305917900850268, 25.253292785405709 ], [ 55.305870523529698, 25.253214212591541 ], [ 55.3059472, 25.2532291 ], [ 55.306065418863803, 25.253158675006585 ] ], [ [ 55.304518696666378, 25.25325533514394 ], [ 55.304523259499824, 25.253262784068042 ], [ 55.304509298948247, 25.253260073367553 ], [ 55.304518696666378, 25.25325533514394 ] ], [ [ 55.304168608024916, 25.252686515887572 ], [ 55.304176206786607, 25.252698948309696 ], [ 55.304152804763604, 25.252694404298285 ], [ 55.304168608024916, 25.252686515887572 ] ], [ [ 55.303078552460065, 25.25084371831246 ], [ 55.303172337820463, 25.250861929671643 ], [ 55.302950213235839, 25.250970495196004 ], [ 55.3031069, 25.2508875 ], [ 55.303078552460065, 25.25084371831246 ] ], [ [ 55.303035204796039, 25.249637955075904 ], [ 55.302900200039147, 25.249703672098249 ], [ 55.30283775374749, 25.249599613233322 ], [ 55.303035204796039, 25.249637955075904 ] ], [ [ 55.302295071675104, 25.249998231371084 ], [ 55.302263110621361, 25.250013788991279 ], [ 55.3021843043648, 25.249958834160772 ], [ 55.302321339823557, 25.249985444866983 ], [ 55.302295071675104, 25.249998231371084 ] ], [ [ 55.30170124712312, 25.24941852184508 ], [ 55.301669814359727, 25.24941241781799 ], [ 55.30169188195277, 25.249402796346963 ], [ 55.30170124712312, 25.24941852184508 ] ], [ [ 55.301360982775762, 25.254473960797043 ], [ 55.3012689, 25.2544478 ], [ 55.301086357217777, 25.254412351858701 ], [ 55.301159160121713, 25.25437672690876 ], [ 55.301191006248651, 25.254427784939068 ], [ 55.301379243398259, 25.254464338727615 ], [ 55.301360982775762, 25.254473960797043 ] ], [ [ 55.300916202868628, 25.251606198139378 ], [ 55.300852017687838, 25.251671447093418 ], [ 55.300593197328368, 25.251621184865002 ], [ 55.300705929119204, 25.251565363650951 ], [ 55.300916202868628, 25.251606198139378 ] ], [ [ 55.300414233849111, 25.251508716828734 ], [ 55.300466014839742, 25.251596486183008 ], [ 55.300390196647164, 25.251581762327515 ], [ 55.300337139831285, 25.251493745172038 ], [ 55.300414233849111, 25.251508716828734 ] ], [ [ 55.300113402331498, 25.251528008651459 ], [ 55.300037732026027, 25.251513313320494 ], [ 55.299982998251544, 25.251424970326063 ], [ 55.300277540560863, 25.251482170965144 ], [ 55.300164546877895, 25.2515379410052 ], [ 55.300113402331498, 25.251528008651459 ] ], [ [ 55.299752963641929, 25.250516355898299 ], [ 55.299516459953267, 25.25047042536611 ], [ 55.299603652952463, 25.250428608352731 ], [ 55.29983491087178, 25.250473519995786 ], [ 55.299752963641929, 25.250516355898299 ] ], [ [ 55.2969003, 25.2525558 ], [ 55.2972694, 25.2523663 ], [ 55.2973061, 25.2522767 ], [ 55.2969181, 25.2516221 ], [ 55.296699171850918, 25.251579578650453 ], [ 55.296860100000011, 25.251501 ], [ 55.2966597, 25.2511799 ], [ 55.296426474128253, 25.251134601113463 ], [ 55.2964646, 25.2511147 ], [ 55.2964873, 25.2510413 ], [ 55.296461179925366, 25.250999654793493 ], [ 55.296655, 25.2510373 ], [ 55.2969186, 25.2508968 ], [ 55.29687138331564, 25.250824340412869 ], [ 55.2970071, 25.2508507 ], [ 55.2972028, 25.2507533 ], [ 55.296989510272525, 25.250402772478896 ], [ 55.2971333, 25.2504307 ], [ 55.2974566, 25.250265 ], [ 55.2973, 25.2500151 ], [ 55.297085952099799, 25.249973526697936 ], [ 55.2971872, 25.2499256 ], [ 55.297147560293276, 25.249857064140052 ], [ 55.2972847, 25.2498837 ], [ 55.2974173, 25.2498164 ], [ 55.297374062147142, 25.249746634215018 ], [ 55.297499, 25.2497709 ], [ 55.297628425658161, 25.249704808543207 ], [ 55.29771182314655, 25.249838976731276 ], [ 55.297886263750435, 25.24987285661344 ], [ 55.297789022823103, 25.249924176915911 ], [ 55.297904522091365, 25.250131677179855 ], [ 55.2982872, 25.250206 ], [ 55.298489297028553, 25.250101251838824 ], [ 55.29863762082983, 25.250356279023052 ], [ 55.2990203, 25.2504306 ], [ 55.299090233970176, 25.250397338380132 ], [ 55.299183035978608, 25.25042895803913 ], [ 55.299023976037027, 25.250511790609195 ], [ 55.299107255479363, 25.250642460373072 ], [ 55.298879019405661, 25.250755979579989 ], [ 55.298931085383245, 25.250841613556741 ], [ 55.298807475898073, 25.250902290527268 ], [ 55.298927475803048, 25.251102490564154 ], [ 55.2989785, 25.2511124 ], [ 55.299068780745976, 25.251068083299103 ], [ 55.299118817999108, 25.251150380133666 ], [ 55.2995015, 25.2512247 ], [ 55.2995428961461, 25.251204103463596 ], [ 55.299662294111755, 25.251227291240006 ], [ 55.299683887650374, 25.251264513219127 ], [ 55.299528217423244, 25.25123428116942 ], [ 55.298952616954914, 25.251528979649855 ], [ 55.29900072267764, 25.251606644226683 ], [ 55.298845916889867, 25.251576579369246 ], [ 55.298616316732648, 25.251684578764564 ], [ 55.298683652032373, 25.251793467561995 ], [ 55.29851121658028, 25.251759978483779 ], [ 55.297956716170042, 25.252030677021899 ], [ 55.297944415880977, 25.25212707697559 ], [ 55.298036216281581, 25.252273426237235 ], [ 55.297638115909997, 25.252194076180725 ], [ 55.296894715304695, 25.252574874218013 ], [ 55.296930621503826, 25.252631849442292 ], [ 55.296801515277863, 25.252606773974389 ], [ 55.296643615178681, 25.252678173558962 ], [ 55.296601180643705, 25.252787849600384 ], [ 55.2965251, 25.2526608 ], [ 55.296276134011428, 25.252612444128996 ], [ 55.2964314, 25.2525362 ], [ 55.296369565577358, 25.252433154047711 ], [ 55.296402416033018, 25.25246247297429 ], [ 55.2969003, 25.2525558 ] ], [ [ 55.299384268744234, 25.253396695745259 ], [ 55.299378201376236, 25.253387022955078 ], [ 55.29939638748813, 25.253390554784808 ], [ 55.299384268744234, 25.253396695745259 ] ], [ [ 55.299381082696009, 25.250498768285361 ], [ 55.299358290916985, 25.250462994133205 ], [ 55.299407332561948, 25.25047251842398 ], [ 55.299381082696009, 25.250498768285361 ] ], [ [ 55.299222495889175, 25.250146695435276 ], [ 55.299233409088011, 25.250166774639169 ], [ 55.299161719275482, 25.2502011709485 ], [ 55.299118262603983, 25.250126452276785 ], [ 55.299222495889175, 25.250146695435276 ] ], [ [ 55.297975570711451, 25.253273044055714 ], [ 55.29802251222609, 25.253287676997392 ], [ 55.29826933417236, 25.253335613190632 ], [ 55.298165666259813, 25.253388360096285 ], [ 55.2981239, 25.25332 ], [ 55.297949609460616, 25.253286150260092 ], [ 55.297975570711451, 25.253273044055714 ] ], [ [ 55.297698294330942, 25.252885979694931 ], [ 55.297500749895534, 25.252846669512781 ], [ 55.297629541717271, 25.25278243512652 ], [ 55.297698294330942, 25.252885979694931 ] ], [ [ 55.296152, 25.253501 ], [ 55.296012008766489, 25.253473809771918 ], [ 55.2961002, 25.2534313 ], [ 55.29595, 25.2531767 ], [ 55.295759978089755, 25.253139792030943 ], [ 55.2961481, 25.2532147 ], [ 55.2963781, 25.253099 ], [ 55.296335876340905, 25.253030323932414 ], [ 55.2964794, 25.2530582 ], [ 55.2966987, 25.2529507 ], [ 55.296624439763114, 25.25282669072098 ], [ 55.296647414632197, 25.252853673541718 ], [ 55.2970301, 25.252928 ], [ 55.297222283510898, 25.252844731292146 ], [ 55.297006475235527, 25.252955789870121 ], [ 55.297042784388879, 25.253011891136236 ], [ 55.29687921374331, 25.253082874100244 ], [ 55.296842013479036, 25.253177473990416 ], [ 55.297014112440486, 25.253469874386322 ], [ 55.297237750475631, 25.253513309516524 ], [ 55.2970959120332, 25.253580974578785 ], [ 55.297206911357755, 25.253771374833864 ], [ 55.297427251026015, 25.253814168976923 ], [ 55.297262710917273, 25.253899674957079 ], [ 55.297276415355633, 25.253923862286438 ], [ 55.296864011427445, 25.253834373945807 ], [ 55.296486381032992, 25.25403412412064 ], [ 55.2963638, 25.2538328 ], [ 55.296189187439062, 25.253798885645811 ], [ 55.2962986, 25.2537452 ], [ 55.296152, 25.253501 ] ], [ [ 55.297316925955691, 25.252884446786403 ], [ 55.297299706858581, 25.252859768490854 ], [ 55.297348998385068, 25.25286934189128 ], [ 55.297316925955691, 25.252884446786403 ] ], [ [ 55.297241990715555, 25.253010170602128 ], [ 55.29725197643122, 25.253004954433127 ], [ 55.297256953995976, 25.253013076775861 ], [ 55.297241990715555, 25.253010170602128 ] ], [ [ 55.2971538767355, 25.24928638999565 ], [ 55.297252685893071, 25.249449379528155 ], [ 55.297178290740135, 25.249434930145981 ], [ 55.2971001, 25.2493133 ], [ 55.296720975603812, 25.249239663755176 ], [ 55.2969457, 25.2491264 ], [ 55.296905015725592, 25.249060337547917 ], [ 55.2970253, 25.2490837 ], [ 55.297180617231163, 25.249010520663251 ], [ 55.297150425898472, 25.249090275408459 ], [ 55.297253209464515, 25.249237110101536 ], [ 55.2971538767355, 25.24928638999565 ] ], [ [ 55.296667496014955, 25.254374849553528 ], [ 55.296654949173941, 25.254354133479275 ], [ 55.296725180355118, 25.254386053160605 ], [ 55.296667496014955, 25.254374849553528 ] ], [ [ 55.2965502, 25.249983 ], [ 55.296376352923545, 25.249949233770018 ], [ 55.296486, 25.249892 ], [ 55.296441697881392, 25.249822582072792 ], [ 55.296573027924126, 25.249843699361126 ], [ 55.29661302867521, 25.24991285999964 ], [ 55.296571376528014, 25.249934189783453 ], [ 55.296658557597503, 25.250073398484854 ], [ 55.296615270523439, 25.250095584090896 ], [ 55.2965502, 25.249983 ] ], [ [ 55.296366039019318, 25.254215489258932 ], [ 55.296375443143361, 25.254210244856282 ], [ 55.296380735735298, 25.254218343730923 ], [ 55.296366039019318, 25.254215489258932 ] ], [ [ 55.296356623391347, 25.250247448605009 ], [ 55.296359090115963, 25.250247927716714 ], [ 55.29635741422544, 25.250248762228704 ], [ 55.296356623391347, 25.250247448605009 ] ], [ [ 55.29622867651603, 25.252226666252646 ], [ 55.29594850885649, 25.252172249417757 ], [ 55.296135008606015, 25.252077380420594 ], [ 55.29622867651603, 25.252226666252646 ] ], [ [ 55.296000821266347, 25.251863514920018 ], [ 55.29585082980762, 25.251834381913895 ], [ 55.2959852, 25.251766 ], [ 55.295939157206291, 25.251691978592461 ], [ 55.296167945283869, 25.251736416181611 ], [ 55.295981218310082, 25.251832271992324 ], [ 55.296000821266347, 25.251863514920018 ] ], [ [ 55.29611155420411, 25.254213535610543 ], [ 55.29612230805936, 25.254215624299356 ], [ 55.296115072740776, 25.254219285949514 ], [ 55.29611155420411, 25.254213535610543 ] ], [ [ 55.296085191457401, 25.252614510555905 ], [ 55.296065477172306, 25.252624169966538 ], [ 55.296055763250607, 25.252608794739334 ], [ 55.296085191457401, 25.252614510555905 ] ], [ [ 55.295654722344658, 25.251528523374965 ], [ 55.295789841162019, 25.251457827050846 ], [ 55.295858679199299, 25.251568138455465 ], [ 55.295654722344658, 25.251528523374965 ] ], [ [ 55.2956885, 25.2527516 ], [ 55.2955693, 25.2525659 ], [ 55.295380393909731, 25.252529208112943 ], [ 55.2955193, 25.2524628 ], [ 55.2954388, 25.2523251 ], [ 55.295387775666761, 25.252315189330425 ], [ 55.295125475641953, 25.252440689238274 ], [ 55.295162617187287, 25.252504176008948 ], [ 55.295067945250004, 25.252553903616061 ], [ 55.294909759659483, 25.252523178132169 ], [ 55.2950483, 25.2524537 ], [ 55.294980761665173, 25.252343538262352 ], [ 55.2951206, 25.2523707 ], [ 55.295300159803425, 25.252280886214461 ], [ 55.2956148, 25.252342 ], [ 55.295681478127207, 25.252308082358851 ], [ 55.295744277831552, 25.25241275913179 ], [ 55.295636075577804, 25.252468689412083 ], [ 55.295808946653395, 25.252742311138636 ], [ 55.295675670430491, 25.252809412474065 ], [ 55.295604660517391, 25.252795620075986 ], [ 55.2956885, 25.2527516 ] ], [ [ 55.294538191420095, 25.250187908665232 ], [ 55.294516546322065, 25.250199029198754 ], [ 55.294505259026906, 25.250181511778528 ], [ 55.294538191420095, 25.250187908665232 ] ], [ [ 55.29362946334097, 25.253313479041807 ], [ 55.2935947, 25.2532616 ], [ 55.293423398068306, 25.253228325183642 ], [ 55.293467787159571, 25.253170535621233 ], [ 55.293805716366954, 25.253236102383269 ], [ 55.29362946334097, 25.253313479041807 ] ], [ [ 55.292274997697156, 25.253005246784397 ], [ 55.292159137077469, 25.252987845691894 ], [ 55.292159137076681, 25.252952032221913 ], [ 55.292311796331262, 25.252981687189038 ], [ 55.292274997697156, 25.253005246784397 ] ] ], [ [ [ 55.3093829, 25.2300466 ], [ 55.3094499, 25.2299984 ], [ 55.3093976, 25.2299389 ], [ 55.309346583470237, 25.229928994553219 ], [ 55.309279583457197, 25.229977294529355 ], [ 55.309331883427326, 25.230036694546001 ], [ 55.3093829, 25.2300466 ] ] ], [ [ [ 55.308653480575479, 25.230376174074962 ], [ 55.308684083333723, 25.230424894317018 ], [ 55.3087351, 25.2304348 ], [ 55.3088126, 25.2303767 ], [ 55.308766746468422, 25.23033284986538 ], [ 55.309124392929377, 25.230084434393202 ], [ 55.309124392914157, 25.230116759283078 ], [ 55.309198181480028, 25.230127985546641 ], [ 55.309182883368791, 25.230215694491513 ], [ 55.3093177, 25.2302483 ], [ 55.3093962, 25.2302281 ], [ 55.3094092, 25.2301535 ], [ 55.309274219365506, 25.230104439610937 ], [ 55.309316959003141, 25.230083069780871 ], [ 55.309316959003141, 25.230038154016668 ], [ 55.309203891352261, 25.230026927793958 ], [ 55.3093462, 25.2298876 ], [ 55.3089005, 25.2292648 ], [ 55.308421, 25.228832 ], [ 55.308242444135658, 25.228797329773265 ], [ 55.307731143785766, 25.229167029136232 ], [ 55.307713343731386, 25.229209129111972 ], [ 55.308435741928243, 25.230278229898673 ], [ 55.308495141809864, 25.230345429964846 ], [ 55.308653480575479, 25.230376174074962 ] ] ], [ [ [ 55.309251634983838, 25.239915659866988 ], [ 55.309206719221478, 25.239915659860859 ], [ 55.309206719214068, 25.2399605756247 ], [ 55.309272043238927, 25.239964537906189 ], [ 55.309251634983838, 25.239915659866988 ] ] ], [ [ [ 55.3090524, 25.2546786 ], [ 55.3090201, 25.2546314 ], [ 55.308969073316852, 25.254621493922098 ], [ 55.308910673309306, 25.254654293901481 ], [ 55.308943073286528, 25.254701393911581 ], [ 55.3089941, 25.2547113 ], [ 55.3090524, 25.2546786 ] ] ], [ [ [ 55.308983841103426, 25.239871074259071 ], [ 55.308983841083034, 25.240005821550682 ], [ 55.30902875683875, 25.240050737320182 ], [ 55.30922712747472, 25.240054369434599 ], [ 55.30922712747472, 25.240009453670396 ], [ 55.309137295946314, 25.239919622141983 ], [ 55.308983841103426, 25.239871074259071 ] ] ], [ [ [ 55.302300642164163, 25.244289706318728 ], [ 55.30213623671257, 25.244354788903539 ], [ 55.302159836417282, 25.244444288950255 ], [ 55.302278626749484, 25.244467357458809 ], [ 55.302212436252553, 25.244484389078824 ], [ 55.302321168209531, 25.244830273326865 ], [ 55.302210535249692, 25.244808789024262 ], [ 55.301641629084664, 25.244958984322576 ], [ 55.301555135342326, 25.244942187325435 ], [ 55.301170557810423, 25.245052296047298 ], [ 55.3011186, 25.2449598 ], [ 55.301022163615414, 25.2449410717911 ], [ 55.3010726, 25.2449179 ], [ 55.3010207, 25.2448255 ], [ 55.300902068688586, 25.244816001777533 ], [ 55.3009983, 25.2447672 ], [ 55.3007751, 25.2444071 ], [ 55.300724078386466, 25.244397191314814 ], [ 55.300513678364062, 25.244503891240793 ], [ 55.30070786344929, 25.244817180424544 ], [ 55.300623678223218, 25.244817691271933 ], [ 55.300372278201401, 25.244933191183737 ], [ 55.300425597365475, 25.245028151106361 ], [ 55.300222135815154, 25.245121683884314 ], [ 55.30027835373415, 25.245221693910793 ], [ 55.30015143162764, 25.245197044560864 ], [ 55.3002199, 25.2451643 ], [ 55.3001083, 25.2449736 ], [ 55.300020225869893, 25.244956495137529 ], [ 55.3000901, 25.2449239 ], [ 55.2999814, 25.2447332 ], [ 55.299858135373881, 25.244709260635684 ], [ 55.2999422, 25.24467 ], [ 55.2998352, 25.2444826 ], [ 55.299687811020291, 25.244453975208451 ], [ 55.2997275, 25.2444388 ], [ 55.2997624, 25.244358 ], [ 55.2992524, 25.2434738 ], [ 55.298963826381069, 25.243403617644827 ], [ 55.298864326368225, 25.243437317523522 ], [ 55.29888332581006, 25.2435438412381 ], [ 55.298829878923179, 25.243569090685018 ], [ 55.298859978898534, 25.243621290694232 ], [ 55.298929224376657, 25.243622590412826 ], [ 55.298972976560869, 25.243697656890312 ], [ 55.298904473936794, 25.243710319364748 ], [ 55.2987988, 25.2435945 ], [ 55.298620226279176, 25.243559817223041 ], [ 55.298529226257635, 25.243597417111612 ], [ 55.298524426078934, 25.243722317096914 ], [ 55.299011724665156, 25.244579417617842 ], [ 55.29923365196273, 25.244643562100034 ], [ 55.299106524450281, 25.244704517722159 ], [ 55.299448623483904, 25.245288118089178 ], [ 55.2996272, 25.2453228 ], [ 55.299799967364606, 25.24523988891281 ], [ 55.299932427624945, 25.245269186168496 ], [ 55.299850323308597, 25.245309318567717 ], [ 55.299883453007865, 25.245364753681741 ], [ 55.299795223273108, 25.245347618499128 ], [ 55.299547123189384, 25.245467418194053 ], [ 55.299674222832245, 25.245682918330512 ], [ 55.29979877857847, 25.245707108464508 ], [ 55.299716122726274, 25.245745818376083 ], [ 55.299831422400118, 25.245942818499774 ], [ 55.3001028, 25.2460012 ], [ 55.3002815, 25.2459184 ], [ 55.300247600107802, 25.24585816278411 ], [ 55.3003482, 25.2458777 ], [ 55.300444789008537, 25.245831187932847 ], [ 55.3011313, 25.2459623 ], [ 55.3015804, 25.2457717 ], [ 55.301571403427182, 25.245753171756618 ], [ 55.3022331, 25.245881 ], [ 55.30231363639011, 25.245854590530826 ], [ 55.302387989364568, 25.245869029327515 ], [ 55.30241567757313, 25.24594589186076 ], [ 55.302465115348255, 25.24595549227384 ], [ 55.302424977563348, 25.245967291863501 ], [ 55.302473798286194, 25.246102916018465 ], [ 55.302449070887164, 25.246110672847681 ], [ 55.3023876, 25.2460064 ], [ 55.302004931930519, 25.245932088325631 ], [ 55.301878731839629, 25.245992887993133 ], [ 55.302045888534629, 25.246225049452018 ], [ 55.302086030621723, 25.246334588471665 ], [ 55.302121539553951, 25.246341484085523 ], [ 55.302097730554493, 25.246353388498761 ], [ 55.302161530182332, 25.246457688646174 ], [ 55.302229981399094, 25.24647098139215 ], [ 55.302176130053105, 25.246495788677727 ], [ 55.302236529674893, 25.246602888816003 ], [ 55.302358615029775, 25.246626596825692 ], [ 55.302425728958596, 25.246787089272335 ], [ 55.3028084, 25.2468614 ], [ 55.302912042300626, 25.246833143056165 ], [ 55.302988677048027, 25.247075092033366 ], [ 55.3030397, 25.247085 ], [ 55.3032774, 25.247028 ], [ 55.303269004654332, 25.246999291576444 ], [ 55.3033293, 25.247011 ], [ 55.3035674, 25.2469459 ], [ 55.3035018, 25.2467496 ], [ 55.303208415663484, 25.246691847051135 ], [ 55.3033673, 25.2467227 ], [ 55.3036529, 25.2466445 ], [ 55.303596186683777, 25.246475188029429 ], [ 55.3036771, 25.2464909 ], [ 55.303776, 25.2464349 ], [ 55.3037687, 25.2464103 ], [ 55.303349339495838, 25.246325575067051 ], [ 55.3034056, 25.2463365 ], [ 55.303621600272457, 25.246278735021612 ], [ 55.303882, 25.2463293 ], [ 55.3041046, 25.2462698 ], [ 55.30408708713373, 25.246219166909103 ], [ 55.3041918, 25.2462395 ], [ 55.3044144, 25.2461801 ], [ 55.304340175135366, 25.245965501253416 ], [ 55.3046126, 25.2460184 ], [ 55.3048677, 25.2459534 ], [ 55.304861046256008, 25.245931460451633 ], [ 55.304949131613114, 25.245934377993322 ], [ 55.304983988994088, 25.246048329649149 ], [ 55.304666877266598, 25.246127592625761 ], [ 55.304708999225923, 25.246265227951472 ], [ 55.304396728812385, 25.24634329438809 ], [ 55.304458428140272, 25.246544994515233 ], [ 55.3048411, 25.2466193 ], [ 55.305700622244444, 25.246400704021273 ], [ 55.305724920651251, 25.246481498153358 ], [ 55.305675619531698, 25.246471925446532 ], [ 55.304640519532562, 25.246729124191056 ], [ 55.304603819462685, 25.246786624143081 ], [ 55.304651119171979, 25.246976024186093 ], [ 55.304805257305759, 25.247041631656735 ], [ 55.304663254703449, 25.247082721596637 ], [ 55.3046471, 25.2470311 ], [ 55.304487966270493, 25.247000200122827 ], [ 55.3046303, 25.2469621 ], [ 55.3045523, 25.2467238 ], [ 55.304169628039446, 25.24664949375962 ], [ 55.304016021946744, 25.246690610877806 ], [ 55.303919628162909, 25.246671893115927 ], [ 55.303645328158055, 25.24674179240273 ], [ 55.303715927398862, 25.24696939254871 ], [ 55.303997728599455, 25.247024112872793 ], [ 55.303914209511447, 25.247063788383016 ], [ 55.3038375, 25.2470193 ], [ 55.303658919516685, 25.246984622999626 ], [ 55.303576319517227, 25.247004822899463 ], [ 55.30358454619288, 25.247033840003418 ], [ 55.303154519495671, 25.24712482238677 ], [ 55.303112019372534, 25.247220622329124 ], [ 55.303209019123763, 25.247368622434482 ], [ 55.303357288060447, 25.247409010239469 ], [ 55.303249643303886, 25.247450209000377 ], [ 55.3031922, 25.2473598 ], [ 55.303097909432203, 25.247341490165333 ], [ 55.3031471, 25.247314 ], [ 55.302969538409805, 25.247077173260418 ], [ 55.3029166, 25.2468981 ], [ 55.302730177138237, 25.246920991948237 ], [ 55.302764582232413, 25.24703737332592 ], [ 55.302605028141244, 25.247006389697944 ], [ 55.302495328036066, 25.247067689407604 ], [ 55.30265312718916, 25.247301889775869 ], [ 55.302743967297666, 25.247319529873931 ], [ 55.302518126875604, 25.24743678940947 ], [ 55.302652026118949, 25.247647789720091 ], [ 55.303101163076086, 25.2477167290292 ], [ 55.303003976766945, 25.247752092024768 ], [ 55.303098576693053, 25.247907492053898 ], [ 55.303237, 25.247945 ], [ 55.3034738, 25.2478788 ], [ 55.303467541999126, 25.247861455412735 ], [ 55.3040528, 25.2477249 ], [ 55.3041072, 25.2476457 ], [ 55.3040416, 25.24744 ], [ 55.303759705150284, 25.247364875663475 ], [ 55.303824427297293, 25.247339733390167 ], [ 55.303910283251717, 25.247323097539486 ], [ 55.3045319, 25.2474265 ], [ 55.304601590767334, 25.24736899326804 ], [ 55.304686293381842, 25.247402941092702 ], [ 55.304668076731843, 25.247422592599758 ], [ 55.304700976718173, 25.24744749261048 ], [ 55.304752, 25.2474574 ], [ 55.304773046623062, 25.247419786309923 ], [ 55.3050368, 25.247471 ], [ 55.3054894, 25.2473527 ], [ 55.3053999, 25.2470546 ], [ 55.305139079017849, 25.247003956247212 ], [ 55.3054842, 25.2469154 ], [ 55.30542514963031, 25.246743408804448 ], [ 55.305451207394391, 25.246748468432262 ], [ 55.305475919084536, 25.246831125182222 ], [ 55.30565450000001, 25.2468658 ], [ 55.3059461, 25.2467851 ], [ 55.305971657369362, 25.246751718954819 ], [ 55.3061786, 25.2467919 ], [ 55.306349476868753, 25.246750063460077 ], [ 55.306476124638294, 25.247173499586729 ], [ 55.306597624668093, 25.247197090200917 ], [ 55.306499026212187, 25.247221227352888 ], [ 55.306194524847058, 25.247176198865088 ], [ 55.306197224694493, 25.247224798864572 ], [ 55.306474228782122, 25.247278582735341 ], [ 55.306500432527216, 25.247366115624146 ], [ 55.306297424301697, 25.247326699105628 ], [ 55.306244024301378, 25.24734009896682 ], [ 55.306430322274096, 25.247948399351028 ], [ 55.3067046887167, 25.248001670406374 ], [ 55.306749421400689, 25.248151000137383 ], [ 55.306793471896036, 25.248163516206677 ], [ 55.306809176182355, 25.248220293314663 ], [ 55.3069278, 25.2482149 ], [ 55.306920909200194, 25.248189964077881 ], [ 55.3071951, 25.2482432 ], [ 55.307414833878092, 25.24818931077936 ], [ 55.307384220736928, 25.248207301754672 ], [ 55.307376336632259, 25.248348675392769 ], [ 55.307190020560874, 25.248312501241212 ], [ 55.306898320565914, 25.248383500483243 ], [ 55.306950799476418, 25.248480464067494 ], [ 55.306627020669488, 25.248417599783156 ], [ 55.306146574013596, 25.248532287241012 ], [ 55.305998449625179, 25.248529246353833 ], [ 55.305988897008454, 25.248492050858435 ], [ 55.3060731, 25.2485084 ], [ 55.3061928, 25.2484745 ], [ 55.3061801, 25.2484376 ], [ 55.305961902979362, 25.248395234158696 ], [ 55.305943648092196, 25.248332669934566 ], [ 55.3060605, 25.2483245 ], [ 55.3060475, 25.2482702 ], [ 55.305918089255684, 25.248245073085165 ], [ 55.3059038, 25.2481961 ], [ 55.305862086169242, 25.248188000640763 ], [ 55.3059254, 25.2481739 ], [ 55.305852, 25.2479042 ], [ 55.305402049433845, 25.247812823039151 ], [ 55.3053924, 25.2477814 ], [ 55.305341376518555, 25.247771492822572 ], [ 55.30511417651838, 25.247828492743828 ], [ 55.305164376445553, 25.24799239275762 ], [ 55.305191290687546, 25.247997618697728 ], [ 55.30505742384824, 25.24803124715563 ], [ 55.305018, 25.2478975 ], [ 55.304839417822755, 25.247862824347862 ], [ 55.304613417825202, 25.24791742407384 ], [ 55.304631645120722, 25.247979221387247 ], [ 55.304506708256106, 25.247954961845338 ], [ 55.3045572, 25.2479423 ], [ 55.3045069, 25.2477784 ], [ 55.304328318178825, 25.247743723745479 ], [ 55.303839518182237, 25.24786312315273 ], [ 55.303889817927427, 25.248026923201152 ], [ 55.304056699589744, 25.248059328039037 ], [ 55.303855665109189, 25.248109829625562 ], [ 55.3038239, 25.2480111 ], [ 55.303559518180712, 25.247933922813022 ], [ 55.303115618168704, 25.248052822273976 ], [ 55.303094218029159, 25.248154722241104 ], [ 55.303308117440594, 25.248508722471477 ], [ 55.3034867, 25.2485434 ], [ 55.3039534, 25.2484136 ], [ 55.303909373873601, 25.248276762320927 ], [ 55.304079, 25.2483097 ], [ 55.3043063, 25.2482526 ], [ 55.304256, 25.2480888 ], [ 55.304089118254304, 25.248056395387319 ], [ 55.304236435124714, 25.248019387960213 ], [ 55.304281617584664, 25.248166523659471 ], [ 55.3044602, 25.2482012 ], [ 55.304677695702331, 25.248146658631267 ], [ 55.304723317239699, 25.248295224178225 ], [ 55.3049019, 25.2483299 ], [ 55.305127895583041, 25.248273127683557 ], [ 55.305176316880278, 25.248431124709974 ], [ 55.305342658549975, 25.248463423098411 ], [ 55.305195376004306, 25.248500438048165 ], [ 55.3051478, 25.2483452 ], [ 55.305096776310926, 25.248335292727539 ], [ 55.30486947631077, 25.248392292648759 ], [ 55.304919776237917, 25.248556192662598 ], [ 55.305143545642572, 25.248522685529426 ], [ 55.305156930224499, 25.248566272169786 ], [ 55.305000076209225, 25.248605692689011 ], [ 55.305050276136434, 25.248769492702806 ], [ 55.3051013, 25.2487794 ], [ 55.30532860000001, 25.2487223 ], [ 55.305322820101452, 25.248703478005364 ], [ 55.305360208682757, 25.248710737674077 ], [ 55.305400720192459, 25.248876996572022 ], [ 55.305505672179464, 25.249051524030573 ], [ 55.305418375973268, 25.249072992822331 ], [ 55.305466975901631, 25.249234392835639 ], [ 55.305560674770788, 25.24923380496887 ], [ 55.305573863837132, 25.249276840685873 ], [ 55.305486875873029, 25.249298692841126 ], [ 55.30552246494895, 25.249414587507317 ], [ 55.305399447297255, 25.249412001187313 ], [ 55.3053805, 25.2493503 ], [ 55.305329475871993, 25.249340392786522 ], [ 55.305102175871788, 25.249397492707729 ], [ 55.305141055616453, 25.249524103319036 ], [ 55.305033603242009, 25.249515651569201 ], [ 55.305011, 25.249442 ], [ 55.304886515306208, 25.24941782880618 ], [ 55.3049961, 25.2493903 ], [ 55.304974446606991, 25.249319786615608 ], [ 55.3051352, 25.249351 ], [ 55.3053625, 25.2492939 ], [ 55.3053122, 25.2491301 ], [ 55.305175306983081, 25.249103519717867 ], [ 55.305255, 25.2490835 ], [ 55.3052047, 25.2489197 ], [ 55.304822020736623, 25.248845395094627 ], [ 55.304594720735111, 25.248902494503707 ], [ 55.30474557774162, 25.249254089196249 ], [ 55.304667575967606, 25.249273692561832 ], [ 55.304700691547183, 25.249381747194857 ], [ 55.304628319268581, 25.249367694518611 ], [ 55.304401019267068, 25.249424793927695 ], [ 55.304451318721014, 25.249588594031479 ], [ 55.304599087412505, 25.249617286692729 ], [ 55.304473718517315, 25.249648794079643 ], [ 55.304523917971331, 25.249812594183162 ], [ 55.304889442136748, 25.249883568460561 ], [ 55.304983475599705, 25.250085992653151 ], [ 55.3050345, 25.2500959 ], [ 55.305256463631714, 25.250021422343103 ], [ 55.3055254, 25.2499736 ], [ 55.30550748959115, 25.249911299616024 ], [ 55.305723697866654, 25.249935837559914 ], [ 55.305723697867172, 25.24989489252302 ], [ 55.3057876, 25.2499073 ], [ 55.3062779, 25.2497858 ], [ 55.306254522950752, 25.24970967359662 ], [ 55.306307602801333, 25.249711258738891 ], [ 55.306307602801787, 25.249682328791931 ], [ 55.3065624, 25.2497318 ], [ 55.3067461, 25.2496803 ], [ 55.306737870586723, 25.249650950059802 ], [ 55.306849348114874, 25.249657912123659 ], [ 55.306858416525913, 25.24969800018027 ], [ 55.307385581142277, 25.249801090267297 ], [ 55.307385581142277, 25.249756174503091 ], [ 55.307299472246228, 25.24973945623054 ], [ 55.3072935, 25.2497133 ], [ 55.306919621053844, 25.249640709746284 ], [ 55.307032, 25.2496132 ], [ 55.30703934806084, 25.249582638748766 ], [ 55.3071025, 25.2495949 ], [ 55.3072846, 25.2495498 ], [ 55.30733219440237, 25.249439840423346 ], [ 55.307460424624736, 25.24946473665965 ], [ 55.307562875453257, 25.249798393539937 ], [ 55.307703619850223, 25.249785730161065 ], [ 55.307715675422685, 25.249834393591389 ], [ 55.307643375424256, 25.249848593566401 ], [ 55.307654075404656, 25.249893393569153 ], [ 55.307697177336401, 25.249901761815231 ], [ 55.307494515245445, 25.249953101770636 ], [ 55.307542114732122, 25.250107001869068 ], [ 55.30765611227887, 25.250128761760532 ], [ 55.307668607541103, 25.250169952327585 ], [ 55.307526746292531, 25.25017397779451 ], [ 55.3074459, 25.2498931 ], [ 55.307171498234929, 25.249839824135577 ], [ 55.3071601, 25.2498002 ], [ 55.306777416501966, 25.249725899968528 ], [ 55.305931816515425, 25.249932097771087 ], [ 55.306079014782505, 25.250454998068221 ], [ 55.306151117332909, 25.250468997537936 ], [ 55.306220622849189, 25.250608008842402 ], [ 55.306221414004348, 25.250670798400005 ], [ 55.306414892557825, 25.250708363969341 ], [ 55.306453413170416, 25.250882298961965 ], [ 55.3068361, 25.2509566 ], [ 55.3071413, 25.2508787 ], [ 55.3070924, 25.2507088 ], [ 55.306996521942565, 25.250690184923123 ], [ 55.3071456, 25.2506519 ], [ 55.3071123, 25.2505461 ], [ 55.306896434045228, 25.25050418872689 ], [ 55.307162171165345, 25.250421417370244 ], [ 55.307198075198073, 25.250507193400917 ], [ 55.3072491, 25.2505171 ], [ 55.3074428, 25.2504707 ], [ 55.3074187, 25.2503883 ], [ 55.307233520308685, 25.250364192736747 ], [ 55.307411, 25.2503535 ], [ 55.307385012985279, 25.25026491955024 ], [ 55.307521609105706, 25.250278108807336 ], [ 55.307607313248852, 25.250569701965446 ], [ 55.307685538557365, 25.250584889373894 ], [ 55.307626413143701, 25.250598902009916 ], [ 55.307673212607746, 25.250760302105146 ], [ 55.307775958383999, 25.250780250071237 ], [ 55.307804512160253, 25.250872102424417 ], [ 55.307884460699327, 25.250887624256759 ], [ 55.307924796508715, 25.250935741640792 ], [ 55.307913974925562, 25.250988893635622 ], [ 55.3081031, 25.2510218 ], [ 55.308113208291026, 25.250972321123005 ], [ 55.3082805, 25.2510048 ], [ 55.3084233, 25.2509684 ], [ 55.308417520381759, 25.250949838540624 ], [ 55.3084678, 25.2509596 ], [ 55.3087507, 25.2508844 ], [ 55.308712622324698, 25.250812917481724 ], [ 55.3090167, 25.2507294 ], [ 55.3089295, 25.250431 ], [ 55.308600736261518, 25.250367173205031 ], [ 55.3085616, 25.2501758 ], [ 55.308348021598846, 25.25013433496698 ], [ 55.308499259905552, 25.250098377860848 ], [ 55.3086915, 25.2501357 ], [ 55.3088793, 25.2500432 ], [ 55.3088676, 25.2500072 ], [ 55.30879595929413, 25.249993291542335 ], [ 55.3088471, 25.2499466 ], [ 55.3087997, 25.2497937 ], [ 55.308466959490268, 25.249729100587924 ], [ 55.3084914, 25.2497226 ], [ 55.3084483, 25.2495891 ], [ 55.308339944162164, 25.249580013776377 ], [ 55.3085198, 25.2495344 ], [ 55.3084142, 25.2492061 ], [ 55.3081058, 25.2489248 ], [ 55.307723118483842, 25.248850502524512 ], [ 55.307310075831914, 25.248944293470991 ], [ 55.307385358903367, 25.249038253186903 ], [ 55.307333475785327, 25.249051293476807 ], [ 55.30743370675583, 25.249377722921402 ], [ 55.307309353218194, 25.249371190000669 ], [ 55.3072859, 25.2493007 ], [ 55.307096013957974, 25.249255539880689 ], [ 55.3072159, 25.2492256 ], [ 55.3072288, 25.2491698 ], [ 55.3071936, 25.2490546 ], [ 55.306980316618443, 25.248995611404101 ], [ 55.3071336, 25.2489569 ], [ 55.30714960000001, 25.2489037 ], [ 55.3071152, 25.2487923 ], [ 55.30689579132045, 25.248728482310629 ], [ 55.3070569, 25.24868 ], [ 55.307055090727687, 25.248549074863622 ], [ 55.307223286524476, 25.248581731002947 ], [ 55.307231875977735, 25.248610593451069 ], [ 55.3072829, 25.2486205 ], [ 55.307449736969303, 25.248581539736122 ], [ 55.30755671925192, 25.248643902129846 ], [ 55.3079014, 25.2487277 ], [ 55.3081473, 25.2486661 ], [ 55.308132758257607, 25.248618622333847 ], [ 55.3082542, 25.2486422 ], [ 55.30842770000001, 25.2485965 ], [ 55.3082805, 25.2481391 ], [ 55.307977409792024, 25.24808025533185 ], [ 55.3081371, 25.24803 ], [ 55.3082087, 25.2479182 ], [ 55.3081357, 25.247623 ], [ 55.307947211425585, 25.247586404898776 ], [ 55.3080833, 25.2475503 ], [ 55.3079383, 25.2470873 ], [ 55.307887276543404, 25.24707739370611 ], [ 55.307304176541656, 25.247226793503941 ], [ 55.30743069756852, 25.247630884335603 ], [ 55.307373230698857, 25.247645536282253 ], [ 55.3072421, 25.2472073 ], [ 55.307110970479172, 25.247181840306101 ], [ 55.3072197, 25.247153399999988 ], [ 55.307212946160284, 25.247130826258829 ], [ 55.3073596, 25.2471593 ], [ 55.3079323, 25.2470148 ], [ 55.3077865, 25.2465224 ], [ 55.30752157547272, 25.246470963769365 ], [ 55.3077373, 25.2464375 ], [ 55.3075874, 25.2459445 ], [ 55.307204728112104, 25.245870201651833 ], [ 55.307063128112269, 25.2459054012838 ], [ 55.307071974788826, 25.245934497198085 ], [ 55.306987528131231, 25.24591810108825 ], [ 55.306852860414075, 25.245952963025569 ], [ 55.3068275, 25.2458716 ], [ 55.306671748505138, 25.24584135906608 ], [ 55.3067999, 25.2458102 ], [ 55.3067415, 25.2456134 ], [ 55.306358829789403, 25.245539099536021 ], [ 55.305803577328405, 25.245694793022729 ], [ 55.305828705209549, 25.245777740380888 ], [ 55.305632242416422, 25.245746448925054 ], [ 55.3056859, 25.2456647 ], [ 55.3056406, 25.2455249 ], [ 55.3055316, 25.2454707 ], [ 55.305201226477557, 25.245406550803605 ], [ 55.3053572, 25.2453699 ], [ 55.3053163, 25.2452463 ], [ 55.305218738430732, 25.245227356210499 ], [ 55.305305, 25.2452054 ], [ 55.3052672, 25.2450839 ], [ 55.30488453256558, 25.245009595841335 ], [ 55.304496432557123, 25.245108994832233 ], [ 55.304586131608957, 25.245392895018512 ], [ 55.304919976732435, 25.245457719757376 ], [ 55.30489887330576, 25.245480936909466 ], [ 55.304579833990012, 25.245548045869551 ], [ 55.3044994, 25.2452868 ], [ 55.304332977639085, 25.245308492528451 ], [ 55.304278577623123, 25.245360692508811 ], [ 55.304323477545978, 25.245536392520556 ], [ 55.30444618624815, 25.245587777108472 ], [ 55.304455686939363, 25.245617696803645 ], [ 55.30440263108634, 25.245607394515766 ], [ 55.304217557603927, 25.245655506172724 ], [ 55.304096300767497, 25.245631960514004 ], [ 55.304228, 25.2455948 ], [ 55.3041748, 25.2454139 ], [ 55.3041271, 25.2453645 ], [ 55.303744432576075, 25.245290192878681 ], [ 55.303561232556689, 25.245342092401579 ], [ 55.303612245058588, 25.245503565881769 ], [ 55.303571477620551, 25.245543092263638 ], [ 55.303642777516067, 25.245778392283192 ], [ 55.303676124188755, 25.245794168470152 ], [ 55.303656577506075, 25.245799192287468 ], [ 55.303711083741725, 25.245972770411825 ], [ 55.303640130585812, 25.245958992509223 ], [ 55.303507230924282, 25.245996295213061 ], [ 55.303185572551293, 25.245933833847914 ], [ 55.3032312, 25.2459221 ], [ 55.303223045977276, 25.245896425897705 ], [ 55.3034741, 25.2458559 ], [ 55.3035179, 25.2457841 ], [ 55.3034659, 25.2456142 ], [ 55.303017532468921, 25.245505890984127 ], [ 55.302815032499119, 25.245546590459305 ], [ 55.302799751719675, 25.245575961647155 ], [ 55.302507283717183, 25.245636609218252 ], [ 55.302446932540654, 25.245624889504636 ], [ 55.302173832512317, 25.245702088793418 ], [ 55.302190640322841, 25.245753787900544 ], [ 55.30186747462524, 25.245691030727379 ], [ 55.3021181, 25.2456045 ], [ 55.302099234067278, 25.245540978667346 ], [ 55.3021874, 25.2455581 ], [ 55.3027621, 25.2454064 ], [ 55.302752375985634, 25.245376272366535 ], [ 55.3028586, 25.2453969 ], [ 55.3033943, 25.2452591 ], [ 55.30336415694574, 25.245118117155592 ], [ 55.3036128, 25.2451664 ], [ 55.3037314, 25.245134 ], [ 55.303717, 25.2450908 ], [ 55.303342779485476, 25.24501813192084 ], [ 55.303331118083051, 25.244963589925 ], [ 55.303867905037301, 25.245079320706076 ], [ 55.303853238924717, 25.245169152226872 ], [ 55.303927067298417, 25.245174766554076 ], [ 55.303971983062688, 25.245091261525594 ], [ 55.304034, 25.2450751 ], [ 55.3040151, 25.2450158 ], [ 55.303796674902138, 25.244973385648809 ], [ 55.3038051, 25.2448469 ], [ 55.3037525, 25.2446912 ], [ 55.303648946737027, 25.244671091570691 ], [ 55.3037015, 25.2446576 ], [ 55.3036835, 25.2446001 ], [ 55.303517078007282, 25.244619792263915 ], [ 55.30352569203847, 25.244647157327559 ], [ 55.303369834949564, 25.244616892022432 ], [ 55.303261677544434, 25.244646764346587 ], [ 55.3031862, 25.2444066 ], [ 55.303021154172896, 25.244374549919232 ], [ 55.3030831, 25.2441725 ], [ 55.3030521, 25.2441112 ], [ 55.302559081753486, 25.244000638447901 ], [ 55.3029535, 25.2439078 ], [ 55.3029376, 25.2438528 ], [ 55.302554938173714, 25.243778490064017 ], [ 55.302175532729414, 25.243867810151702 ], [ 55.30179693870955, 25.24379428812054 ], [ 55.301735838672784, 25.24382138795993 ], [ 55.301784883755488, 25.243973869895324 ], [ 55.301679378461621, 25.243976991649578 ], [ 55.301060078399985, 25.244280691431914 ], [ 55.301086178381489, 25.24431899144005 ], [ 55.3011372, 25.2443289 ], [ 55.301615850429208, 25.244101663023464 ], [ 55.301704937341889, 25.244258987813751 ], [ 55.3020876, 25.2443333 ], [ 55.302216091040179, 25.244273688189654 ], [ 55.302300642164163, 25.244289706318728 ] ], [ [ 55.3080964, 25.2506188 ], [ 55.308085155781015, 25.250580012297767 ], [ 55.3081366, 25.25059 ], [ 55.308488012938497, 25.250501470988819 ], [ 55.308515996946618, 25.250597233893501 ], [ 55.308104291425778, 25.250696679443003 ], [ 55.30807251648698, 25.2506244566292 ], [ 55.3080964, 25.2506188 ] ], [ [ 55.308398223032185, 25.250892790273642 ], [ 55.308401000278693, 25.250901308838376 ], [ 55.308380419526749, 25.250897313210942 ], [ 55.308398223032185, 25.250892790273642 ] ], [ [ 55.307710322524123, 25.249612416240584 ], [ 55.3079482, 25.2496586 ], [ 55.308245977576696, 25.249603844820541 ], [ 55.308293515465742, 25.249750690854068 ], [ 55.307775655814218, 25.249881880942048 ], [ 55.3077667, 25.2498443 ], [ 55.3078285, 25.2498318 ], [ 55.3078121, 25.2497656 ], [ 55.307753752229416, 25.249757174841541 ], [ 55.307710322524123, 25.249612416240584 ] ], [ [ 55.307622320801421, 25.24812720237675 ], [ 55.307478990203535, 25.248163157103495 ], [ 55.307512, 25.248133 ], [ 55.307498921791499, 25.248089338087805 ], [ 55.307740341334259, 25.248150116318278 ], [ 55.307622320801421, 25.24812720237675 ] ], [ [ 55.306491200826521, 25.250533048518939 ], [ 55.306454414222031, 25.250542499016433 ], [ 55.30647064419712, 25.250594220446231 ], [ 55.306442350097392, 25.250588726921443 ], [ 55.306442350098607, 25.250525543060473 ], [ 55.306491200826521, 25.250533048518939 ] ], [ [ 55.306067828916454, 25.24589349873661 ], [ 55.30617373905195, 25.246233198955647 ], [ 55.305988328037415, 25.246197198486598 ], [ 55.305841549836167, 25.246233102414834 ], [ 55.3058203, 25.2461634 ], [ 55.305629289470012, 25.246126311799063 ], [ 55.3059028, 25.2460558 ], [ 55.305896385567003, 25.246034287007245 ], [ 55.3059598, 25.2460466 ], [ 55.3060881, 25.2460166 ], [ 55.3060309, 25.245817 ], [ 55.305917981914355, 25.245795075035602 ], [ 55.306028051271078, 25.245767707258519 ], [ 55.30604542914179, 25.245826298689515 ], [ 55.306207704094383, 25.245857806946308 ], [ 55.306067828916454, 25.24589349873661 ] ], [ [ 55.306023804902829, 25.249139179141594 ], [ 55.306001382625524, 25.249134825569151 ], [ 55.306138375740915, 25.249110597060337 ], [ 55.306023804902829, 25.249139179141594 ] ], [ [ 55.306088902444969, 25.249593357541187 ], [ 55.306096302913431, 25.24959150172965 ], [ 55.306096788843305, 25.249593357550172 ], [ 55.306088902444969, 25.249593357541187 ] ], [ [ 55.305994168955245, 25.248840434474204 ], [ 55.30598998595822, 25.248826804394913 ], [ 55.30602245018882, 25.248833107754411 ], [ 55.305994168955245, 25.248840434474204 ] ], [ [ 55.305879320819294, 25.248555397847021 ], [ 55.305820920612256, 25.248636797684995 ], [ 55.305841234485214, 25.24870726233566 ], [ 55.30558725687127, 25.248657948655627 ], [ 55.3055467, 25.2484917 ], [ 55.305380389749828, 25.24845940795819 ], [ 55.305523224051228, 25.248423589432576 ], [ 55.305536121337568, 25.248473496980509 ], [ 55.305916216590362, 25.248547298394392 ], [ 55.305879320819294, 25.248555397847021 ] ], [ [ 55.305499502179927, 25.249851361614187 ], [ 55.305499502144919, 25.249883515699349 ], [ 55.305489711855245, 25.249849460669466 ], [ 55.305499502179927, 25.249851361614187 ] ], [ [ 55.305514217337553, 25.245794405727509 ], [ 55.305514277903427, 25.245795519922389 ], [ 55.305511745259778, 25.245795028158287 ], [ 55.305514217337553, 25.245794405727509 ] ], [ [ 55.305412944894705, 25.248197909757963 ], [ 55.305420368870188, 25.248223344260232 ], [ 55.305359073803892, 25.248211442701212 ], [ 55.305412944894705, 25.248197909757963 ] ], [ [ 55.305393436433768, 25.249795586454759 ], [ 55.305336880481299, 25.249784605175812 ], [ 55.305386423531829, 25.249772735018244 ], [ 55.305393436433768, 25.249795586454759 ] ], [ [ 55.305316030479602, 25.247977020682384 ], [ 55.305317041536362, 25.247980737122241 ], [ 55.305308126817678, 25.247979006159085 ], [ 55.305316030479602, 25.247977020682384 ] ], [ [ 55.3050789, 25.248109 ], [ 55.304939946282722, 25.248082019198275 ], [ 55.305063131874427, 25.248052312889094 ], [ 55.305107017246108, 25.248195224643975 ], [ 55.305279788929376, 25.248228771669943 ], [ 55.305127418373488, 25.248266998209338 ], [ 55.3050789, 25.248109 ] ], [ [ 55.304682823188216, 25.248128960863262 ], [ 55.304665750847327, 25.248073331539185 ], [ 55.30480028282058, 25.248099454030694 ], [ 55.304682823188216, 25.248128960863262 ] ], [ [ 55.30416479647316, 25.245911016067364 ], [ 55.304167561757232, 25.245910279585416 ], [ 55.304171221151428, 25.245912263609203 ], [ 55.30416479647316, 25.245911016067364 ] ], [ [ 55.303281394772497, 25.246372732267446 ], [ 55.30328405319279, 25.24638167737378 ], [ 55.303264152721219, 25.246377812991899 ], [ 55.303281394772497, 25.246372732267446 ] ], [ [ 55.302919539287082, 25.245997193761514 ], [ 55.302922948526856, 25.245975621277388 ], [ 55.302952418284839, 25.245981343959482 ], [ 55.302942265085193, 25.246001606846061 ], [ 55.302919539287082, 25.245997193761514 ] ], [ [ 55.302925317431338, 25.246471406737456 ], [ 55.302937544265902, 25.24650789132096 ], [ 55.302778929645967, 25.246477090224374 ], [ 55.302618028968219, 25.246495029778032 ], [ 55.3026766, 25.2464657 ], [ 55.302647220503069, 25.246417716582521 ], [ 55.302925317431338, 25.246471406737456 ] ], [ [ 55.302642938196136, 25.246053189255452 ], [ 55.3026022, 25.2459401 ], [ 55.302552762216116, 25.24593049963233 ], [ 55.30258907666601, 25.245908078788936 ], [ 55.302734677601549, 25.245939061117333 ], [ 55.302779113449915, 25.246030880507341 ], [ 55.302642938196136, 25.246053189255452 ] ], [ [ 55.3020207994416, 25.243952407450415 ], [ 55.302023637532983, 25.243962286998954 ], [ 55.301917494897815, 25.243941674362478 ], [ 55.301930873444086, 25.243934944047236 ], [ 55.3020207994416, 25.243952407450415 ] ], [ [ 55.300370382801589, 25.24537487527369 ], [ 55.300441959088715, 25.245388775884493 ], [ 55.300392145338812, 25.245411289776317 ], [ 55.300370382801589, 25.24537487527369 ] ], [ [ 55.300401729006389, 25.245445640632916 ], [ 55.300438837216717, 25.245512840805226 ], [ 55.30031389179814, 25.245488575530388 ], [ 55.300401729006389, 25.245445640632916 ] ], [ [ 55.300080337850545, 25.245562794606318 ], [ 55.300070601308434, 25.245546299147012 ], [ 55.300103859197954, 25.245552758128166 ], [ 55.300080337850545, 25.245562794606318 ] ], [ [ 55.30005726323742, 25.245649948319137 ], [ 55.30001140964233, 25.245641043126689 ], [ 55.300043161724126, 25.245625717164877 ], [ 55.30005726323742, 25.245649948319137 ] ], [ [ 55.299620285652921, 25.244783635877976 ], [ 55.299608560097518, 25.244763636232438 ], [ 55.299647117018516, 25.244771124493905 ], [ 55.299620285652921, 25.244783635877976 ] ], [ [ 55.299436910568772, 25.244594646687027 ], [ 55.299387897595281, 25.244596600817335 ], [ 55.29932364814195, 25.2444352919645 ], [ 55.299413386410201, 25.244423130899744 ], [ 55.299608222080387, 25.244470523741551 ], [ 55.299429278471308, 25.244514390870329 ], [ 55.299392278456622, 25.244559190856783 ], [ 55.299436910568772, 25.244594646687027 ] ], [ [ 55.298972071589297, 25.243827231875223 ], [ 55.299048732728323, 25.2438276329917 ], [ 55.299327758313588, 25.244306359197775 ], [ 55.299253129039215, 25.244313328005941 ], [ 55.298972071589297, 25.243827231875223 ] ] ], [ [ [ 55.308957632889488, 25.249666342974681 ], [ 55.309002548653694, 25.249666342974677 ], [ 55.309002548653694, 25.249621427210474 ], [ 55.308882796801399, 25.24960689840848 ], [ 55.308882796774199, 25.249651814171347 ], [ 55.308957632889488, 25.249666342974681 ] ] ], [ [ [ 55.3089247, 25.2535612 ], [ 55.3089148, 25.2535246 ], [ 55.308827373785206, 25.253522793896032 ], [ 55.308837273769079, 25.25355939389868 ], [ 55.3089247, 25.2535612 ] ] ], [ [ [ 55.308763357056421, 25.249295459816231 ], [ 55.308763357034785, 25.249340375579369 ], [ 55.308912717125281, 25.249351932625242 ], [ 55.308912717125281, 25.249262101096825 ], [ 55.308808272836885, 25.249250544070986 ], [ 55.308763357056421, 25.249295459816231 ] ] ], [ [ [ 55.308722980188854, 25.238037594175402 ], [ 55.3090359, 25.2380428 ], [ 55.3090217, 25.2377981 ], [ 55.30890888029306, 25.237738794244951 ], [ 55.308708480309363, 25.237749194176331 ], [ 55.308722980188854, 25.238037594175402 ] ] ], [ [ [ 55.308630308577492, 25.253606016266868 ], [ 55.308538776206518, 25.253562457225033 ], [ 55.308089618618318, 25.253562457046051 ], [ 55.308044702837861, 25.253607372791283 ], [ 55.308044702816218, 25.253652288554417 ], [ 55.308134534290559, 25.253742120116506 ], [ 55.308508475247429, 25.25375367751742 ], [ 55.308643222540049, 25.25366384598901 ], [ 55.308632401945786, 25.253608109634662 ], [ 55.308777969832668, 25.2536189302248 ], [ 55.308777969832668, 25.253529098696397 ], [ 55.30863030861871, 25.253517871703707 ], [ 55.308630308577492, 25.253606016266868 ] ] ], [ [ [ 55.308822885596868, 25.249531595682061 ], [ 55.308822885596868, 25.249486679917855 ], [ 55.308663320547865, 25.249473141616097 ], [ 55.30866332052252, 25.249518057379063 ], [ 55.308822885596868, 25.249531595682061 ] ] ], [ [ [ 55.306894832845181, 25.253603724871898 ], [ 55.306557804215714, 25.253747398791699 ], [ 55.306621103833898, 25.253854898937444 ], [ 55.306771593938166, 25.253890830762924 ], [ 55.306614303390617, 25.253999698897903 ], [ 55.306593009999261, 25.254043936034723 ], [ 55.3065728, 25.254009 ], [ 55.306382873853529, 25.253965893052033 ], [ 55.306145573829603, 25.254082892968594 ], [ 55.306439873602656, 25.254559093059424 ], [ 55.3064909, 25.254569 ], [ 55.3068046, 25.2544097 ], [ 55.306672091814185, 25.254180640683263 ], [ 55.3071215, 25.2542697 ], [ 55.307348238420957, 25.254157519308812 ], [ 55.307382888226591, 25.254213729399073 ], [ 55.307292602258855, 25.254196200605595 ], [ 55.306903701868897, 25.254418899575278 ], [ 55.307086400561388, 25.254795499985825 ], [ 55.307227659335659, 25.254822925102243 ], [ 55.307115400267975, 25.254883000046757 ], [ 55.307169799968904, 25.25496600017345 ], [ 55.307356799434373, 25.255092000633287 ], [ 55.307812, 25.2551799 ], [ 55.307949173511119, 25.25506679032955 ], [ 55.3081908, 25.2551137 ], [ 55.3082552, 25.255076 ], [ 55.308151981689818, 25.254931886834758 ], [ 55.3083195, 25.2549288 ], [ 55.308389734116041, 25.254893888792285 ], [ 55.3085138, 25.2549177 ], [ 55.3085192, 25.2548914 ], [ 55.308428528635844, 25.254868950666101 ], [ 55.3085554, 25.2548882 ], [ 55.3085566, 25.2548601 ], [ 55.308495213537441, 25.254819912521562 ], [ 55.3085945, 25.2547469 ], [ 55.308534482193387, 25.254648321873532 ], [ 55.308688138304248, 25.254651992801545 ], [ 55.308688138304248, 25.254562161273135 ], [ 55.308538507855765, 25.254472329748506 ], [ 55.308553391011635, 25.254382498216302 ], [ 55.308505102472452, 25.254373123535366 ], [ 55.3084812, 25.2543256 ], [ 55.308359956010122, 25.254302061730115 ], [ 55.308345284426878, 25.254273613397284 ], [ 55.3084581, 25.2542718 ], [ 55.3084366, 25.2542402 ], [ 55.308309363360578, 25.254215498263289 ], [ 55.3082737, 25.2541578 ], [ 55.308154973616972, 25.254097493654669 ], [ 55.307836943221758, 25.254281083449012 ], [ 55.3077742, 25.2541793 ], [ 55.307436665484602, 25.254113769140126 ], [ 55.3076272, 25.2540195 ], [ 55.3074798, 25.2537635 ], [ 55.307315905250604, 25.253731680228668 ], [ 55.307430496906484, 25.25370876175322 ], [ 55.307430496906484, 25.253618930224803 ], [ 55.307385581142277, 25.25352909869639 ], [ 55.307058950257101, 25.253509285298151 ], [ 55.306894832845181, 25.253603724871898 ] ], [ [ 55.308493859957075, 25.254581600510171 ], [ 55.308471009952207, 25.254544069713244 ], [ 55.308495617058604, 25.254548846911451 ], [ 55.308493859957075, 25.254581600510171 ] ], [ [ 55.30828372145384, 25.254422865619812 ], [ 55.308345269364231, 25.254391785573006 ], [ 55.308404028525416, 25.254403193071354 ], [ 55.308404028504484, 25.254446222040965 ], [ 55.30828372145384, 25.254422865619812 ] ], [ [ 55.3078309, 25.2544073 ], [ 55.3077738, 25.2543146 ], [ 55.307688767276638, 25.254292984735166 ], [ 55.3077795, 25.2543106 ], [ 55.307832232332693, 25.254284005358819 ], [ 55.307808873569527, 25.254298493532357 ], [ 55.307904139277255, 25.254452642222226 ], [ 55.307781912412167, 25.25450956467688 ], [ 55.307762088796622, 25.254415400935049 ], [ 55.3078309, 25.2544073 ] ], [ [ 55.307750399938783, 25.254831201681483 ], [ 55.30774053806504, 25.254836974830397 ], [ 55.307593304786089, 25.254808910999497 ], [ 55.307721822760762, 25.254745907362615 ], [ 55.307805312116734, 25.254841862530771 ], [ 55.307750399938783, 25.254831201681483 ] ] ], [ [ [ 55.308621112114601, 25.24835949318053 ], [ 55.308531280590188, 25.248359493167239 ], [ 55.308531280582145, 25.248404408931052 ], [ 55.308643222540049, 25.248408701576913 ], [ 55.308621112114601, 25.24835949318053 ] ] ], [ [ [ 55.3086003, 25.245388 ], [ 55.3085838, 25.2453378 ], [ 55.308532777199339, 25.245327893962138 ], [ 55.308314177197495, 25.245386793886286 ], [ 55.308330677175107, 25.245436893890904 ], [ 55.3083817, 25.2454468 ], [ 55.3086003, 25.245388 ] ] ], [ [ [ 55.308553391011635, 25.24858836463374 ], [ 55.308508475247429, 25.248543448869533 ], [ 55.308438047426158, 25.248538495799604 ], [ 55.308438047407606, 25.248628327327108 ], [ 55.308553391011635, 25.248633280397943 ], [ 55.308553391011635, 25.24858836463374 ] ] ], [ [ [ 55.308553391011635, 25.248273954284297 ], [ 55.308553391011635, 25.248184122755884 ], [ 55.308486364860123, 25.24817983010535 ], [ 55.308441449089891, 25.248224745862512 ], [ 55.308441449081847, 25.24826966162632 ], [ 55.308553391011635, 25.248273954284297 ] ] ], [ [ [ 55.3085627, 25.2395335 ], [ 55.308192373022081, 25.239466652663797 ], [ 55.308182972825392, 25.239545452633795 ], [ 55.3085533, 25.2396123 ], [ 55.3085627, 25.2395335 ] ] ], [ [ [ 55.307857129667617, 25.230695740806379 ], [ 55.307970797943454, 25.23081392373993 ], [ 55.307915441279789, 25.230856929235959 ], [ 55.307980290579181, 25.23093139890344 ], [ 55.307945941170942, 25.230924729267556 ], [ 55.307812341063475, 25.231032429100303 ], [ 55.307937740873442, 25.231132829242945 ], [ 55.307990644604523, 25.231143101564392 ], [ 55.307949740810507, 25.231173429254376 ], [ 55.308082940598318, 25.231287229405385 ], [ 55.3082615, 25.2313219 ], [ 55.308334092006902, 25.231268049293384 ], [ 55.3084072, 25.2313065 ], [ 55.3084796, 25.2312519 ], [ 55.308429151145027, 25.231195910013874 ], [ 55.3085188, 25.2312073 ], [ 55.3085517, 25.2311849 ], [ 55.3085084, 25.231133 ], [ 55.308414563836038, 25.231105114242141 ], [ 55.3085211, 25.2311258 ], [ 55.3085835, 25.2310817 ], [ 55.3085698, 25.2310404 ], [ 55.3084867, 25.2309694 ], [ 55.308350898941484, 25.230940595158835 ], [ 55.3085044, 25.2309704 ], [ 55.3086506, 25.2308685 ], [ 55.308595458266332, 25.23082775424929 ], [ 55.308658, 25.2307791 ], [ 55.3086262, 25.2307457 ], [ 55.308575183216661, 25.230735794273528 ], [ 55.308484690449191, 25.230806246863928 ], [ 55.308441341176056, 25.230797829868351 ], [ 55.308390850720308, 25.230833021183798 ], [ 55.308266283237124, 25.230763094167546 ], [ 55.308166549671775, 25.230830314543613 ], [ 55.308113191558547, 25.230755448966669 ], [ 55.3082358, 25.2306906 ], [ 55.3081407, 25.2305794 ], [ 55.307962141713745, 25.230544729313969 ], [ 55.307876815691635, 25.230601811104247 ], [ 55.3077887, 25.2305004 ], [ 55.307737683403879, 25.230490493992697 ], [ 55.307614683389403, 25.230556193949383 ], [ 55.307709359864489, 25.230651483566319 ], [ 55.307614183323707, 25.230715593945966 ], [ 55.307667183291649, 25.230780093962736 ], [ 55.3077182, 25.23079 ], [ 55.307857129667617, 25.230695740806379 ] ], [ [ 55.308300683169087, 25.23091949417611 ], [ 55.308317852276986, 25.23092636178967 ], [ 55.308211526364339, 25.230892022677228 ], [ 55.308216447259362, 25.230888696090094 ], [ 55.308300683169087, 25.23091949417611 ] ], [ [ 55.308259192357518, 25.231061262639855 ], [ 55.308247877855123, 25.231059065724224 ], [ 55.308253716690167, 25.231054920152442 ], [ 55.308259192357518, 25.231061262639855 ] ], [ [ 55.308216917210409, 25.231057554966302 ], [ 55.308213204775718, 25.231060160177886 ], [ 55.308209672945289, 25.231056148358892 ], [ 55.308216917210409, 25.231057554966302 ] ], [ [ 55.307903210007829, 25.23066137691875 ], [ 55.307905765768254, 25.230664403697883 ], [ 55.307900517702819, 25.230663384675434 ], [ 55.307903210007829, 25.23066137691875 ] ] ], [ [ [ 55.3082281, 25.2540983 ], [ 55.3083012, 25.2540577 ], [ 55.308269, 25.2540104 ], [ 55.307886302606768, 25.253936102166275 ], [ 55.307813202537368, 25.253976701972796 ], [ 55.30784540236602, 25.254024002048077 ], [ 55.3082281, 25.2540983 ] ] ], [ [ [ 55.3085765, 25.230719 ], [ 55.3086184, 25.2306883 ], [ 55.3085956, 25.2306629 ], [ 55.308544583253955, 25.230652994264773 ], [ 55.308502683245635, 25.230683594249854 ], [ 55.3085765, 25.230719 ] ] ], [ [ [ 55.308328812190602, 25.247690049349615 ], [ 55.308283896426396, 25.247645133585419 ], [ 55.308220271964579, 25.24764150131314 ], [ 55.30822027194418, 25.247776248604747 ], [ 55.308328812190602, 25.247779880878021 ], [ 55.308328812190602, 25.247690049349615 ] ] ], [ [ [ 55.308323283240135, 25.230741594187442 ], [ 55.3083743, 25.2307515 ], [ 55.3085433, 25.2306326 ], [ 55.308458383291565, 25.230583294236773 ], [ 55.308289383259876, 25.230702194176676 ], [ 55.308323283240135, 25.230741594187442 ] ] ], [ [ [ 55.3082525, 25.2487749 ], [ 55.3082364, 25.2487282 ], [ 55.308136875834585, 25.248731993757673 ], [ 55.308152975813655, 25.248778693762223 ], [ 55.3082525, 25.2487749 ] ] ], [ [ [ 55.308106629669602, 25.246783478886798 ], [ 55.308194064897982, 25.246791734065496 ], [ 55.308194064897982, 25.246746818301293 ], [ 55.308106629685057, 25.246738563123362 ], [ 55.308106629669602, 25.246783478886798 ] ] ], [ [ [ 55.307899482353456, 25.235300587705119 ], [ 55.3078882, 25.2347902 ], [ 55.307775481637769, 25.234762093918633 ], [ 55.307423981612772, 25.234910193795645 ], [ 55.307384881597244, 25.234957593781324 ], [ 55.307354481569789, 25.235031693769436 ], [ 55.307373974640313, 25.235321071611491 ], [ 55.307038060855575, 25.235333602834217 ], [ 55.30705705972845, 25.235693102827955 ], [ 55.3075016, 25.2357971 ], [ 55.3083404, 25.2357957 ], [ 55.308331, 25.235374 ], [ 55.307899482353456, 25.235300587705119 ] ] ], [ [ [ 55.308274983357343, 25.2304694941765 ], [ 55.308326, 25.2304794 ], [ 55.3083716, 25.2304462 ], [ 55.308286083385902, 25.230397494181751 ], [ 55.308240483376892, 25.230430694165509 ], [ 55.308274983357343, 25.2304694941765 ] ] ], [ [ [ 55.307938563594689, 25.245510647916959 ], [ 55.30805931760537, 25.245534092667729 ], [ 55.308149149133783, 25.245534092667732 ], [ 55.308149149133783, 25.245489176903526 ], [ 55.308104233369576, 25.245444261139323 ], [ 55.307983479435734, 25.245420816429174 ], [ 55.307938563682448, 25.245420816392876 ], [ 55.307938563594689, 25.245510647916959 ] ] ], [ [ [ 55.3082321, 25.2314097 ], [ 55.308160382995418, 25.231375394118945 ], [ 55.308116782987362, 25.231405794103448 ], [ 55.3081885, 25.23144 ], [ 55.3082321, 25.2314097 ] ] ], [ [ [ 55.307788509842425, 25.245193265585183 ], [ 55.307833425544878, 25.245238181387851 ], [ 55.308014401841163, 25.245264598082493 ], [ 55.308014401841163, 25.245174766554076 ], [ 55.307788509891871, 25.24514834982341 ], [ 55.307788509842425, 25.245193265585183 ] ] ], [ [ [ 55.30804407064327, 25.23287419009079 ], [ 55.308044570628056, 25.23289619009034 ], [ 55.3081685, 25.2329121 ], [ 55.308168, 25.2328901 ], [ 55.30804407064327, 25.23287419009079 ] ] ], [ [ [ 55.307879654548543, 25.24647732371605 ], [ 55.307778613271317, 25.246466426766581 ], [ 55.307778613250925, 25.246511342529789 ], [ 55.307879654548543, 25.246522239480267 ], [ 55.307879654548543, 25.24647732371605 ] ] ], [ [ [ 55.307879654548543, 25.244276451269965 ], [ 55.307834738784337, 25.244231535505754 ], [ 55.30765616089068, 25.244196863481488 ], [ 55.307611245142631, 25.24419686342781 ], [ 55.307566329329688, 25.244241779135141 ], [ 55.307566329264795, 25.244286694896143 ], [ 55.307611244947942, 25.244331610710827 ], [ 55.30778982302013, 25.244366282798378 ], [ 55.307879654548543, 25.244366282798374 ], [ 55.307879654548543, 25.244276451269965 ] ] ], [ [ [ 55.3080134, 25.2312632 ], [ 55.3079749, 25.2312198 ], [ 55.307856783097527, 25.231203494018828 ], [ 55.307803283086969, 25.231242393999775 ], [ 55.307871583048225, 25.231319294021528 ], [ 55.3079226, 25.2313292 ], [ 55.3080134, 25.2312632 ] ] ], [ [ [ 55.307879654548543, 25.233721246681561 ], [ 55.30792457031275, 25.233721246681558 ], [ 55.30792457031275, 25.233631415153152 ], [ 55.307801427110121, 25.23361622588477 ], [ 55.307801427053292, 25.23370605741038 ], [ 55.307879654548543, 25.233721246681561 ] ] ], [ [ [ 55.3077579, 25.2449374 ], [ 55.3077217, 25.2448434 ], [ 55.307436486052154, 25.244801607743163 ], [ 55.307472785836637, 25.244895607796266 ], [ 55.3077579, 25.2449374 ] ] ], [ [ [ 55.307632657199768, 25.245422467198321 ], [ 55.307587741445722, 25.245422467164577 ], [ 55.307542825650884, 25.245467382893022 ], [ 55.307542825610092, 25.245512298655214 ], [ 55.307699991491724, 25.245534092667725 ], [ 55.307744907255923, 25.245489176903526 ], [ 55.307744907255923, 25.245444261139319 ], [ 55.307632657199768, 25.245422467198321 ] ] ], [ [ [ 55.30792457031275, 25.231610205763879 ], [ 55.307879654548543, 25.231565289999672 ], [ 55.307721800308173, 25.231552081957719 ], [ 55.307542137201857, 25.231686829164921 ], [ 55.307542137177144, 25.231731744927902 ], [ 55.307834738784337, 25.231744953056495 ], [ 55.30792457031275, 25.231655121528085 ], [ 55.30792457031275, 25.231610205763879 ] ] ], [ [ [ 55.307641579982707, 25.238806393790593 ], [ 55.3076926, 25.2388163 ], [ 55.307753, 25.238777 ], [ 55.3076659, 25.2386676 ], [ 55.307614880046813, 25.238657693784493 ], [ 55.307554580036793, 25.238696993763121 ], [ 55.307641579982707, 25.238806393790593 ] ] ], [ [ [ 55.30771159556744, 25.233661141600564 ], [ 55.307621764053188, 25.233661141553554 ], [ 55.307621764024766, 25.233706057316351 ], [ 55.30778982302013, 25.233721246681561 ], [ 55.30778982302013, 25.233676330917355 ], [ 55.30771159556744, 25.233661141600564 ] ] ], [ [ [ 55.307430496906484, 25.250834152844039 ], [ 55.307430496906484, 25.250789237079832 ], [ 55.307242711366463, 25.250761498673981 ], [ 55.307242711314537, 25.250806414435633 ], [ 55.307430496906484, 25.250834152844039 ] ] ], [ [ [ 55.3074609, 25.2307032 ], [ 55.307409883353891, 25.230693293876705 ], [ 55.307356683343805, 25.230730993857776 ], [ 55.307394150975931, 25.230774325592545 ], [ 55.307329641542239, 25.230821028538781 ], [ 55.307401241399695, 25.230901928618547 ], [ 55.3075798, 25.2309366 ], [ 55.3076938, 25.2308209 ], [ 55.3076401, 25.2307602 ], [ 55.307483973133465, 25.230729884318166 ], [ 55.3074609, 25.2307032 ] ] ], [ [ [ 55.307164793574607, 25.243307793665714 ], [ 55.307068636047589, 25.24334100168954 ], [ 55.307077435933692, 25.243375601706799 ], [ 55.307385581142277, 25.243467967514253 ], [ 55.3074986, 25.243442 ], [ 55.3074898, 25.2434073 ], [ 55.307295749613942, 25.243369623221227 ], [ 55.307295749613864, 25.243333220221636 ], [ 55.307164793574607, 25.243307793665714 ] ] ], [ [ [ 55.307385581142277, 25.243692546335282 ], [ 55.307475412670691, 25.243692546335286 ], [ 55.307475412670691, 25.243647630571079 ], [ 55.307152888119788, 25.24361989248651 ], [ 55.307152888067876, 25.243664808248166 ], [ 55.307385581142277, 25.243692546335282 ] ] ], [ [ [ 55.307485316127952, 25.233750642803027 ], [ 55.307485316098919, 25.233795558565802 ], [ 55.307610159963311, 25.233811078209975 ], [ 55.307610159963311, 25.233766162445768 ], [ 55.307485316127952, 25.233750642803027 ] ] ], [ [ [ 55.307361621595597, 25.248858203802769 ], [ 55.3073741, 25.2487866 ], [ 55.307269475899844, 25.248789893460277 ], [ 55.307297875857913, 25.248884393468042 ], [ 55.3073947, 25.248883 ], [ 55.307361621595597, 25.248858203802769 ] ] ], [ [ [ 55.3076441, 25.230660499999988 ], [ 55.307563383369306, 25.230617693930622 ], [ 55.30746098334852, 25.230693593894134 ], [ 55.3075418, 25.2307364 ], [ 55.3076441, 25.230660499999988 ] ] ], [ [ [ 55.3075742, 25.2299117 ], [ 55.3075179, 25.2298459 ], [ 55.307466883701665, 25.229835993913603 ], [ 55.307295883669774, 25.229955893852811 ], [ 55.307352183636887, 25.230021593870692 ], [ 55.3074032, 25.2300315 ], [ 55.3075742, 25.2299117 ] ] ], [ [ [ 55.3066946, 25.2308999 ], [ 55.306829329669064, 25.230840950554253 ], [ 55.306947583263323, 25.231027993712114 ], [ 55.307077883208272, 25.231128993754524 ], [ 55.3073078, 25.2312108 ], [ 55.307316651454123, 25.231182693625197 ], [ 55.3075332, 25.2312028 ], [ 55.3074835, 25.2311199 ], [ 55.307341258493203, 25.23109228039484 ], [ 55.3069997, 25.2307981 ], [ 55.30684698814774, 25.230813577833676 ], [ 55.306798663186903, 25.230775715060322 ], [ 55.3068265, 25.2307637 ], [ 55.3067844, 25.2306841 ], [ 55.306605842050246, 25.230649427686448 ], [ 55.306395341994566, 25.230740427428522 ], [ 55.306455183387008, 25.23085079354767 ], [ 55.306549103602968, 25.230871647527778 ], [ 55.306510183366136, 25.230887693565684 ], [ 55.306537683340785, 25.23094229357396 ], [ 55.3065887, 25.2309522 ], [ 55.3066946, 25.2308999 ] ] ], [ [ [ 55.303562341540804, 25.231771374912316 ], [ 55.305409287517215, 25.231969531877532 ], [ 55.305633866338248, 25.231969531877532 ], [ 55.305633866338248, 25.231879700349111 ], [ 55.305431744952863, 25.23178986882241 ], [ 55.305509035689646, 25.231735036435712 ], [ 55.305703216564197, 25.231754966295334 ], [ 55.305792840663791, 25.231812226632385 ], [ 55.306147155314946, 25.231865809665145 ], [ 55.305731902230427, 25.231908765368402 ], [ 55.305731902200783, 25.231953681131142 ], [ 55.305948276687687, 25.232014447641738 ], [ 55.306622013150779, 25.232014447641735 ], [ 55.307161002321251, 25.231924616113318 ], [ 55.307475412670691, 25.231834784584905 ], [ 55.307475412670691, 25.231789868820702 ], [ 55.307393785321786, 25.231774018987679 ], [ 55.3070344592672, 25.231774018791462 ], [ 55.306671836196756, 25.231811532519057 ], [ 55.306476286560333, 25.231776549846533 ], [ 55.3066529, 25.2313833 ], [ 55.3066319, 25.2310916 ], [ 55.3065546, 25.2310167 ], [ 55.306297641689547, 25.230976027295014 ], [ 55.305875741789443, 25.231011926788504 ], [ 55.305625332500647, 25.231422008881484 ], [ 55.305364371753008, 25.231205963886019 ], [ 55.305229624460686, 25.231190194678614 ], [ 55.305229624460885, 25.231152325963031 ], [ 55.305499119045628, 25.231205963886019 ], [ 55.305544034809834, 25.231161048121816 ], [ 55.305544034809834, 25.231116132357609 ], [ 55.305499119045628, 25.231071216593403 ], [ 55.305319158219618, 25.231053714513699 ], [ 55.305274242424559, 25.23110735238112 ], [ 55.305049663650571, 25.231098630113795 ], [ 55.305049663585109, 25.231188461638968 ], [ 55.305213855236005, 25.231205963889977 ], [ 55.305186111342934, 25.231278623475497 ], [ 55.305235110109201, 25.231458286567936 ], [ 55.305141195458269, 25.231458286499397 ], [ 55.30514119542616, 25.231503202262026 ], [ 55.305186111150242, 25.231548118051201 ], [ 55.305263719713025, 25.231563188779024 ], [ 55.305310892717486, 25.231736156646253 ], [ 55.305229624460388, 25.231700037292292 ], [ 55.303382678864303, 25.231322217172909 ], [ 55.303337763074133, 25.231367132906797 ], [ 55.303337762866619, 25.231636627481759 ], [ 55.303427594308623, 25.231726459063982 ], [ 55.303562341540804, 25.231771374912316 ] ] ], [ [ [ 55.3071344, 25.2549796 ], [ 55.30686750000001, 25.2544922 ], [ 55.30681647359566, 25.254482293189628 ], [ 55.306487273563505, 25.254642093073919 ], [ 55.306803773318251, 25.255157093171544 ], [ 55.3069323, 25.2551866 ], [ 55.3071057, 25.2550878 ], [ 55.3071344, 25.2549796 ] ] ], [ [ [ 55.307430496906484, 25.231295795414439 ], [ 55.307314157508941, 25.231281926784117 ], [ 55.307314157457057, 25.231371758309965 ], [ 55.307430496906484, 25.231385626942853 ], [ 55.307430496906484, 25.231295795414439 ] ] ], [ [ [ 55.307031056555601, 25.234064062269365 ], [ 55.307161002321251, 25.234080572795207 ], [ 55.307295749613864, 25.233945825502595 ], [ 55.307295749613864, 25.233855993974178 ], [ 55.307120888223054, 25.233839483507065 ], [ 55.307075972435662, 25.233884399244193 ], [ 55.307031056555601, 25.234064062269365 ] ] ], [ [ [ 55.307295749613864, 25.231475458471259 ], [ 55.307295749613864, 25.231340711178639 ], [ 55.307179410209763, 25.231326842482648 ], [ 55.307179410131937, 25.231461589771424 ], [ 55.307295749613864, 25.231475458471259 ] ] ], [ [ [ 55.306660864358889, 25.23429540202719 ], [ 55.306501564347357, 25.234338801612761 ], [ 55.306120662652461, 25.234981400539464 ], [ 55.3065033, 25.2350557 ], [ 55.3072159, 25.2350055 ], [ 55.3071946, 25.2344456 ], [ 55.306846591971805, 25.234305151616237 ], [ 55.306660864358889, 25.23429540202719 ] ] ], [ [ [ 55.302215325230769, 25.243389421531319 ], [ 55.3023939, 25.2434241 ], [ 55.303305379710231, 25.242957579298182 ], [ 55.303471338388185, 25.243480892456262 ], [ 55.303684003138756, 25.243522189114547 ], [ 55.303535038087055, 25.24356229260691 ], [ 55.30368763643569, 25.244057692921864 ], [ 55.303862811097829, 25.244091709142278 ], [ 55.303700036193, 25.244132992942088 ], [ 55.303731635595895, 25.244317992994699 ], [ 55.303780535383872, 25.244374293111306 ], [ 55.304109776507289, 25.244438226140606 ], [ 55.304175667992276, 25.244639289133875 ], [ 55.304268067547589, 25.244688089592195 ], [ 55.3050334, 25.2448367 ], [ 55.3052472, 25.2447705 ], [ 55.305235850531027, 25.244734756521133 ], [ 55.3053056, 25.2447483 ], [ 55.3055422, 25.2446853 ], [ 55.305532926587411, 25.24465679959015 ], [ 55.305604, 25.2446706 ], [ 55.3058334, 25.2446097 ], [ 55.305821595984767, 25.244573327840826 ], [ 55.3059054, 25.2445896 ], [ 55.3064105, 25.2444513 ], [ 55.306397509453305, 25.244412485108139 ], [ 55.3064769, 25.2444279 ], [ 55.3069034, 25.2443175 ], [ 55.3070127, 25.2441419 ], [ 55.3069081, 25.2438459 ], [ 55.306525435133246, 25.243771600232726 ], [ 55.306326935135807, 25.243820199716968 ], [ 55.306232541410857, 25.24393007020473 ], [ 55.305853635388331, 25.243856498499373 ], [ 55.305350794283832, 25.243994278235608 ], [ 55.305270035460296, 25.243978596986203 ], [ 55.305040635448634, 25.244039496389437 ], [ 55.305049784872843, 25.244067689395841 ], [ 55.304978235452481, 25.244053796227455 ], [ 55.304741635439882, 25.24411679561193 ], [ 55.30478873038065, 25.24426153732572 ], [ 55.304747678023901, 25.24427299269118 ], [ 55.304732778002688, 25.244328092684963 ], [ 55.304767198624525, 25.244424036248255 ], [ 55.304442459867388, 25.244360979014161 ], [ 55.3043721, 25.2441339 ], [ 55.304196247655788, 25.244099752826799 ], [ 55.3043519, 25.2440599 ], [ 55.304202600000011, 25.2435599 ], [ 55.303982312243512, 25.243517123868418 ], [ 55.3041583, 25.2434649 ], [ 55.3039956, 25.2429649 ], [ 55.3038987, 25.2429169 ], [ 55.303516040329711, 25.242842592668421 ], [ 55.303304682987275, 25.242917356670358 ], [ 55.3032242, 25.2427886 ], [ 55.30301908429967, 25.242767508768154 ], [ 55.302952, 25.2426572 ], [ 55.302900978884836, 25.242647292093821 ], [ 55.302713178865559, 25.242740792027796 ], [ 55.302585626070297, 25.242716022021956 ], [ 55.302402326004533, 25.242807221796397 ], [ 55.302499325739333, 25.242966621900919 ], [ 55.302594133790713, 25.242985033110742 ], [ 55.30247482853445, 25.243046102905438 ], [ 55.3024079, 25.2429341 ], [ 55.302356878826508, 25.242924191902404 ], [ 55.302165478807552, 25.243017791835147 ], [ 55.302250893097735, 25.243160730201534 ], [ 55.302115525496973, 25.243230021423461 ], [ 55.302215325230769, 25.243389421531319 ] ] ], [ [ [ 55.307116086557045, 25.231205963886026 ], [ 55.307116086557045, 25.23116104812182 ], [ 55.306996346163452, 25.23114651892633 ], [ 55.306996346136287, 25.23119143468919 ], [ 55.307116086557045, 25.231205963886026 ] ] ], [ [ [ 55.306035798907189, 25.23069356479559 ], [ 55.305906383500272, 25.230712893363183 ], [ 55.305915983478954, 25.230762193365454 ], [ 55.3061166, 25.2307474 ], [ 55.3061108, 25.230701 ], [ 55.306059795710603, 25.230691095788352 ], [ 55.3061009, 25.2306842 ], [ 55.306086878940683, 25.230616658562333 ], [ 55.306270104205645, 25.230646326147891 ], [ 55.306276783473933, 25.23068449349018 ], [ 55.3063278, 25.2306944 ], [ 55.3064581, 25.23067 ], [ 55.3064465, 25.2306223 ], [ 55.306399693495642, 25.230613211038264 ], [ 55.3063851, 25.2305495 ], [ 55.306266628484423, 25.230526494919364 ], [ 55.306257057320835, 25.230488157815614 ], [ 55.3063716, 25.230510399999989 ], [ 55.3065636, 25.2304756 ], [ 55.306515, 25.2302564 ], [ 55.306393866746205, 25.230232878125378 ], [ 55.3065355, 25.2302082 ], [ 55.3065284, 25.2301747 ], [ 55.30631133675044, 25.230109584570791 ], [ 55.30640230191544, 25.23004890483573 ], [ 55.3066306, 25.2300883 ], [ 55.306751022568122, 25.230039720377913 ], [ 55.306763711614082, 25.230053937115954 ], [ 55.306678483671284, 25.23010599363905 ], [ 55.306683483658681, 25.230135293640163 ], [ 55.306931, 25.2301061 ], [ 55.306925368520453, 25.230083992956327 ], [ 55.3070091, 25.2300848 ], [ 55.3070989, 25.2300284 ], [ 55.3071197, 25.2299726 ], [ 55.3070808, 25.2299265 ], [ 55.306849087266322, 25.229904384293501 ], [ 55.3068413, 25.2298532 ], [ 55.306528443298298, 25.229804227654267 ], [ 55.306352943248797, 25.229882227439084 ], [ 55.306365060112157, 25.229934883446049 ], [ 55.305666643511046, 25.229871526620098 ], [ 55.305681479996458, 25.229954142483262 ], [ 55.305560283844962, 25.22996349326035 ], [ 55.305579383806773, 25.230051293265085 ], [ 55.305676973853473, 25.230052885127147 ], [ 55.305614854113394, 25.230079377837246 ], [ 55.305541211520016, 25.230065898096079 ], [ 55.3055232, 25.2299998 ], [ 55.305344643491729, 25.229965126228826 ], [ 55.305276143494275, 25.229980426145907 ], [ 55.305287839091747, 25.230023292135289 ], [ 55.305231027998332, 25.230020982148744 ], [ 55.305231027966819, 25.230065069530195 ], [ 55.305026182338011, 25.230138048474824 ], [ 55.3050207, 25.2301063 ], [ 55.304919583853085, 25.230103393038849 ], [ 55.304932983819661, 25.230181093041839 ], [ 55.305029136726311, 25.230184603378909 ], [ 55.305034418222057, 25.230209105181309 ], [ 55.304874783817141, 25.230201693021552 ], [ 55.304707283805165, 25.23027249296295 ], [ 55.304744083736082, 25.230430792972282 ], [ 55.304924274203607, 25.230477565231432 ], [ 55.304834282751855, 25.230533311701503 ], [ 55.304825382582536, 25.230487311658731 ], [ 55.30461921174544, 25.230434820219514 ], [ 55.3046452, 25.2304222 ], [ 55.3046126, 25.2302929 ], [ 55.30443538382918, 25.230281992869962 ], [ 55.304267883817147, 25.230352892811354 ], [ 55.304301483750379, 25.230506392819692 ], [ 55.30441, 25.2305263 ], [ 55.304589319020309, 25.230449336489333 ], [ 55.304597483724002, 25.230496592920915 ], [ 55.304645192953089, 25.230505857790341 ], [ 55.304468983721989, 25.230533492876301 ], [ 55.304477683702331, 25.230578992878346 ], [ 55.304582954278075, 25.230632246272599 ], [ 55.30450988367101, 25.23064689288794 ], [ 55.304488283658593, 25.230682392879853 ], [ 55.304554083573613, 25.23087199289844 ], [ 55.3046051, 25.2308819 ], [ 55.304794, 25.230845 ], [ 55.304783053592125, 25.230799127449632 ], [ 55.304973978488647, 25.230814703937906 ], [ 55.305004783522797, 25.230882893052019 ], [ 55.30505137638378, 25.230891940973667 ], [ 55.305024983514912, 25.230896993058632 ], [ 55.305036383493686, 25.230945593061534 ], [ 55.3050874, 25.2309555 ], [ 55.3053016, 25.2309144 ], [ 55.305294549064072, 25.230884340750887 ], [ 55.3054551, 25.2308866 ], [ 55.3054574, 25.2308358 ], [ 55.305406333533725, 25.2308293208526 ], [ 55.30546245881429, 25.230816592640011 ], [ 55.305464683486143, 25.230857193209509 ], [ 55.3056001, 25.2308634 ], [ 55.305598517443258, 25.230834518341759 ], [ 55.3057072, 25.2308364 ], [ 55.3057021, 25.2308014 ], [ 55.305520274333134, 25.230803533447148 ], [ 55.3055917, 25.2307874 ], [ 55.3055709, 25.2307121 ], [ 55.305343522789762, 25.230725510921754 ], [ 55.3053818, 25.2307009 ], [ 55.3053749919872, 25.230673313258137 ], [ 55.305498, 25.2306972 ], [ 55.3056932, 25.2306569 ], [ 55.30568218622323, 25.230613226118049 ], [ 55.3057938, 25.2306349 ], [ 55.3059688, 25.2305973 ], [ 55.305957225680416, 25.230553171696748 ], [ 55.306024503940819, 25.230566236107222 ], [ 55.306028683179257, 25.230590615214787 ], [ 55.305971683540051, 25.230600193387769 ], [ 55.305989083503491, 25.230684493391987 ], [ 55.306035798907189, 25.23069356479559 ] ], [ [ 55.306306036367978, 25.230643747554499 ], [ 55.306298722226678, 25.230642327276833 ], [ 55.306305457165394, 25.230641386185351 ], [ 55.306306036367978, 25.230643747554499 ] ], [ [ 55.306192037280638, 25.230249978824407 ], [ 55.306092556432695, 25.230211980168637 ], [ 55.3060872, 25.2301898 ], [ 55.305977483470869, 25.230168494709346 ], [ 55.305971942490409, 25.23012707233374 ], [ 55.306103430776915, 25.230151277439965 ], [ 55.306117042852733, 25.230215327133564 ], [ 55.306243570898118, 25.230239896826681 ], [ 55.306192037280638, 25.230249978824407 ] ], [ [ 55.305716828403114, 25.230035888013351 ], [ 55.305710265474644, 25.23000575352814 ], [ 55.305763326903225, 25.230016057376581 ], [ 55.305716828403114, 25.230035888013351 ] ], [ [ 55.305642383678958, 25.230345493280577 ], [ 55.305597716384455, 25.230351928503747 ], [ 55.3055925, 25.230326 ], [ 55.305392986516438, 25.230294761945885 ], [ 55.305633866338248, 25.230307648601904 ], [ 55.305633866340749, 25.230248926116868 ], [ 55.305743941724536, 25.230301677602185 ], [ 55.305741155241776, 25.230346482575246 ], [ 55.305642383678958, 25.230345493280577 ] ], [ [ 55.30544988382831, 25.230088789688672 ], [ 55.30544788874375, 25.23009677001362 ], [ 55.305364371753107, 25.230072184148479 ], [ 55.30544988382831, 25.230088789688672 ] ], [ [ 55.30536764152135, 25.230838672621346 ], [ 55.305366071219865, 25.230838367686363 ], [ 55.305367671593771, 25.230838008418925 ], [ 55.30536764152135, 25.230838672621346 ] ], [ [ 55.305070815293206, 25.230296293577656 ], [ 55.305207168698651, 25.230322772188529 ], [ 55.305160143031571, 25.230329825982427 ], [ 55.305169542953855, 25.230381325989974 ], [ 55.305214868613056, 25.230390127806167 ], [ 55.305134494751378, 25.230405663793398 ], [ 55.305016625781654, 25.230382774653236 ], [ 55.3050833, 25.2303516 ], [ 55.305070815293206, 25.230296293577656 ] ], [ [ 55.305091841492775, 25.230752745411081 ], [ 55.305086099141221, 25.230726910582678 ], [ 55.305162754915095, 25.230741796417632 ], [ 55.305169943632869, 25.230767912110881 ], [ 55.305091841492775, 25.230752745411081 ] ], [ [ 55.305032015566638, 25.230473073448724 ], [ 55.305040498282672, 25.230474720720789 ], [ 55.304966585748872, 25.230483619128332 ], [ 55.305032015566638, 25.230473073448724 ] ], [ [ 55.304660954629369, 25.230504744650325 ], [ 55.3046783, 25.2305023 ], [ 55.304688637494912, 25.230500832963504 ], [ 55.304688637491779, 25.230505028342026 ], [ 55.304660954629369, 25.230504744650325 ] ] ], [ [ [ 55.306851393467774, 25.234153893692518 ], [ 55.307026255028632, 25.234170404323621 ], [ 55.307026255028632, 25.234035657031001 ], [ 55.306851393560429, 25.234019146404485 ], [ 55.306851393467774, 25.234153893692518 ] ] ], [ [ [ 55.3067499, 25.2432945 ], [ 55.3066248, 25.2428558 ], [ 55.306573778425246, 25.242845893343762 ], [ 55.306289878427059, 25.242912193245481 ], [ 55.306415078233144, 25.243350793279294 ], [ 55.3064661, 25.2433607 ], [ 55.3067499, 25.2432945 ] ] ], [ [ [ 55.306891507736012, 25.231700037292292 ], [ 55.306891507736012, 25.231655121528082 ], [ 55.306768365946255, 25.23163993178078 ], [ 55.30676836591784, 25.23168484754359 ], [ 55.306891507736012, 25.231700037292292 ] ] ], [ [ [ 55.306891507736012, 25.231385626942849 ], [ 55.306891507736012, 25.231295795414436 ], [ 55.306768366173536, 25.231280605678354 ], [ 55.306768366116714, 25.23137043720396 ], [ 55.306891507736012, 25.231385626942849 ] ] ], [ [ [ 55.306756760443392, 25.23969504332096 ], [ 55.306756760443392, 25.23960521179254 ], [ 55.306667627135504, 25.239596626107943 ], [ 55.30666762710338, 25.239686457634775 ], [ 55.306756760443392, 25.23969504332096 ] ] ], [ [ [ 55.305795677348115, 25.245648993020971 ], [ 55.3060106, 25.2456165 ], [ 55.305996421243847, 25.245571644197444 ], [ 55.3061444, 25.2455483 ], [ 55.306091074862849, 25.245382836487607 ], [ 55.3062696, 25.2454175 ], [ 55.3066408, 25.2453216 ], [ 55.3065637, 25.2450776 ], [ 55.306431861843684, 25.245052001756747 ], [ 55.3065401, 25.2450234 ], [ 55.3064676, 25.2448146 ], [ 55.306020132587811, 25.24471959879385 ], [ 55.305779732602261, 25.244774798169772 ], [ 55.305714832454463, 25.244838697993796 ], [ 55.305768713780765, 25.244997977834498 ], [ 55.305608132140129, 25.244966797700968 ], [ 55.305264277647716, 25.245055592851607 ], [ 55.305356577517195, 25.245348792877149 ], [ 55.305590573580069, 25.245325349120229 ], [ 55.305648030446115, 25.24550399772103 ], [ 55.305756598700825, 25.245525078338222 ], [ 55.305795677348115, 25.245648993020971 ] ] ], [ [ [ 55.306689735986794, 25.239151761313767 ], [ 55.306599904462388, 25.23915176130048 ], [ 55.306599904454359, 25.239196677064285 ], [ 55.306711844679185, 25.239200969914691 ], [ 55.306689735986794, 25.239151761313767 ] ] ], [ [ [ 55.303991604512326, 25.254934185041261 ], [ 55.304062004015861, 25.254996785382822 ], [ 55.304552778861094, 25.255092078139079 ], [ 55.304564701341633, 25.255171493468005 ], [ 55.304655700835262, 25.255312293679602 ], [ 55.3050384, 25.2553866 ], [ 55.305468546035634, 25.255150231271852 ], [ 55.30552610041196, 25.255232195921742 ], [ 55.3059088, 25.2553065 ], [ 55.306204, 25.2551554 ], [ 55.306156524739329, 25.25507181398255 ], [ 55.3062265, 25.2550854 ], [ 55.3064836, 25.2549643 ], [ 55.3064264, 25.2548649 ], [ 55.306020316681092, 25.254801607722957 ], [ 55.305998568986944, 25.25476699364053 ], [ 55.3060841, 25.2547836 ], [ 55.3064303, 25.2546087 ], [ 55.3062998, 25.2543974 ], [ 55.306183510780549, 25.254374821862182 ], [ 55.3062401, 25.254348 ], [ 55.3061182, 25.2541375 ], [ 55.305735503871681, 25.254063196636871 ], [ 55.305462603681647, 25.254192495917998 ], [ 55.305513665901401, 25.254280599925632 ], [ 55.305368403568757, 25.254252395667514 ], [ 55.305035403298703, 25.254422494788418 ], [ 55.305073525170862, 25.25448354360681 ], [ 55.304842068708943, 25.254574862738878 ], [ 55.304813164100445, 25.25468184302402 ], [ 55.304186606528525, 25.254560186154816 ], [ 55.30411070648951, 25.254585385758205 ], [ 55.304039706353109, 25.25462508538229 ], [ 55.303974805833086, 25.254725185019133 ], [ 55.303960505301283, 25.254814584918506 ], [ 55.303991604512326, 25.254934185041261 ] ] ], [ [ [ 55.305579522226338, 25.242887264220865 ], [ 55.305458998961008, 25.242957382385679 ], [ 55.30546823739035, 25.243057729231786 ], [ 55.305307244455285, 25.243043911468209 ], [ 55.30535216002486, 25.243268490310751 ], [ 55.30576861363086, 25.24328830445743 ], [ 55.305813529395067, 25.243243388693227 ], [ 55.305858445159274, 25.243108641400603 ], [ 55.305858445159274, 25.242973894107987 ], [ 55.305820053161078, 25.242935502131854 ], [ 55.3059627, 25.2429632 ], [ 55.3065856, 25.2428021 ], [ 55.306491, 25.2425028 ], [ 55.306331996436008, 25.242471926631197 ], [ 55.3064523, 25.2424418 ], [ 55.3063766, 25.2421945 ], [ 55.306203196046511, 25.2421608303273 ], [ 55.3063567, 25.2421236 ], [ 55.3062862, 25.2418952 ], [ 55.306235178856546, 25.24188529324773 ], [ 55.305634078855711, 25.242036993039413 ], [ 55.305683737786303, 25.242197879635036 ], [ 55.305398540652817, 25.242269297576609 ], [ 55.305423091502611, 25.242349502369823 ], [ 55.305341259175904, 25.242376779753815 ], [ 55.305341259002866, 25.242691190094714 ], [ 55.305476006178147, 25.242870853207997 ], [ 55.305579522226338, 25.242887264220865 ] ] ], [ [ [ 55.306577795663301, 25.239461878791126 ], [ 55.306532879903088, 25.239461878777842 ], [ 55.306532879887023, 25.239506794541246 ], [ 55.306622013150779, 25.23951538026413 ], [ 55.306622013150779, 25.239470464499924 ], [ 55.306577795663301, 25.239461878791126 ] ] ], [ [ [ 55.30639132997225, 25.239370726323791 ], [ 55.306391329935174, 25.239460557850368 ], [ 55.306532181622366, 25.239470464499924 ], [ 55.306532181622366, 25.239425548735717 ], [ 55.306487265858159, 25.239380632971514 ], [ 55.30639132997225, 25.239370726323791 ] ] ], [ [ [ 55.306636, 25.2305752 ], [ 55.3066246, 25.2305109 ], [ 55.306468883523614, 25.230516193559161 ], [ 55.306480283495929, 25.230580493561749 ], [ 55.306636, 25.2305752 ] ] ], [ [ [ 55.305516856201407, 25.237216398652045 ], [ 55.305427155943434, 25.237322098406239 ], [ 55.305422255688484, 25.237405698380904 ], [ 55.305635153660326, 25.238007998833901 ], [ 55.306036, 25.238104 ], [ 55.30630270000001, 25.2379152 ], [ 55.3064984, 25.237657 ], [ 55.3064987, 25.2373618 ], [ 55.3064326, 25.2372809 ], [ 55.306049955820818, 25.237206600018379 ], [ 55.305516856201407, 25.237216398652045 ] ] ], [ [ [ 55.3062617, 25.2429473 ], [ 55.306210678424804, 25.242937393217925 ], [ 55.305936578425694, 25.243003493122995 ], [ 55.306036778254494, 25.243393293149264 ], [ 55.306081278233037, 25.243434193163623 ], [ 55.3061323, 25.2434441 ], [ 55.3063899, 25.243382 ], [ 55.3062617, 25.2429473 ] ] ], [ [ [ 55.306217771272919, 25.239111138386281 ], [ 55.306049709115122, 25.239095948029895 ], [ 55.306049709029864, 25.239230695318305 ], [ 55.306352518565539, 25.239290801443097 ], [ 55.306352518565539, 25.239200969914695 ], [ 55.306217771272919, 25.239111138386281 ] ] ], [ [ [ 55.305603, 25.2310354 ], [ 55.3057586, 25.2310045 ], [ 55.305747927742573, 25.230960699281724 ], [ 55.3060028, 25.2309922 ], [ 55.3062899, 25.2309378 ], [ 55.3064259, 25.2308896 ], [ 55.3064058, 25.2308029 ], [ 55.306227242014877, 25.230768227225749 ], [ 55.305801942034854, 25.23086032671117 ], [ 55.305807632045067, 25.23088512819433 ], [ 55.305671542035704, 25.230892226553124 ], [ 55.305681519296641, 25.230933228269336 ], [ 55.305565642047078, 25.230910726425321 ], [ 55.305410042058426, 25.230941626237254 ], [ 55.305424441967922, 25.231000726250237 ], [ 55.305603, 25.2310354 ] ] ], [ [ [ 55.3056818, 25.2419623 ], [ 55.3062663, 25.2418065 ], [ 55.3061118, 25.2413321 ], [ 55.306060779106879, 25.241322193199665 ], [ 55.305476179102669, 25.241477992996899 ], [ 55.305630778890979, 25.241952393040005 ], [ 55.3056818, 25.2419623 ] ] ], [ [ [ 55.3060381082161, 25.234350067380444 ], [ 55.306217771272919, 25.234350067380444 ], [ 55.306262687037126, 25.234305151616233 ], [ 55.306262687037126, 25.234260235852034 ], [ 55.306217771272919, 25.234215320087824 ], [ 55.306068418794382, 25.234203762328058 ], [ 55.305978587233504, 25.234293593818563 ], [ 55.305978587211882, 25.234338509581697 ], [ 55.3060381082161, 25.234350067380444 ] ] ], [ [ [ 55.306071819746585, 25.234743411930495 ], [ 55.30617285550872, 25.234754309258296 ], [ 55.306217771272919, 25.234709393494093 ], [ 55.306217771272919, 25.234664477729893 ], [ 55.30617285550872, 25.234619561965676 ], [ 55.306071819807741, 25.234608664640891 ], [ 55.306026904028222, 25.234653580387231 ], [ 55.306026904007844, 25.234698496150429 ], [ 55.306071819746585, 25.234743411930495 ] ] ], [ [ [ 55.304728435444936, 25.251129739043254 ], [ 55.304818266885313, 25.251219570626485 ], [ 55.305049961403569, 25.251238394721891 ], [ 55.305049961403697, 25.251211980177878 ], [ 55.3051375, 25.2512579 ], [ 55.30560571582884, 25.25113848447133 ], [ 55.305904, 25.2511964 ], [ 55.3059793, 25.251180099999988 ], [ 55.3059646, 25.2511243 ], [ 55.305654768461487, 25.251064142502148 ], [ 55.30571761156439, 25.250968900149271 ], [ 55.305785309945243, 25.250968900146837 ], [ 55.305815375103826, 25.251079692917013 ], [ 55.3059318, 25.2510751 ], [ 55.3058955, 25.2509417 ], [ 55.305813529395529, 25.250938664494821 ], [ 55.305813529395067, 25.250879068608238 ], [ 55.305781045912958, 25.25087276154062 ], [ 55.3057034, 25.2505866 ], [ 55.305254415334815, 25.250481995951912 ], [ 55.304671454754676, 25.250616128733466 ], [ 55.304555887997303, 25.250429910966183 ], [ 55.304444640405229, 25.250417031170631 ], [ 55.304489556042874, 25.250641610005655 ], [ 55.304559015909803, 25.25067633999052 ], [ 55.304519115271709, 25.250685494037349 ], [ 55.304567114705712, 25.250856294134177 ], [ 55.304615250665478, 25.250865640735039 ], [ 55.304728435444936, 25.251129739043254 ] ] ], [ [ [ 55.306254, 25.2306618 ], [ 55.30617548349602, 25.230656193456173 ], [ 55.306184283475922, 25.230702693458234 ], [ 55.3062627, 25.2307084 ], [ 55.306254, 25.2306618 ] ] ], [ [ [ 55.303382029496525, 25.240145723157273 ], [ 55.303449229159909, 25.240362023222115 ], [ 55.3036278, 25.2403967 ], [ 55.3040782, 25.2402823 ], [ 55.304037772799376, 25.240151981107037 ], [ 55.304258875386928, 25.240194916248669 ], [ 55.30437214676131, 25.240551595211141 ], [ 55.3047548, 25.2406259 ], [ 55.30489315630372, 25.240589901575884 ], [ 55.304906617801187, 25.240632305204915 ], [ 55.304495279507023, 25.240742592677005 ], [ 55.304567879408147, 25.240964092697272 ], [ 55.3046189, 25.240974 ], [ 55.30506308739735, 25.240836276177493 ], [ 55.305181929691784, 25.240859352835027 ], [ 55.304991645173956, 25.240910096742535 ], [ 55.30514624358598, 25.241384597065839 ], [ 55.3055289, 25.2414589 ], [ 55.3061135, 25.241303 ], [ 55.3059589, 25.2408285 ], [ 55.305748168254731, 25.240787581437814 ], [ 55.3059266, 25.2407412 ], [ 55.3058098, 25.2403736 ], [ 55.305552968940589, 25.240323729712209 ], [ 55.3057913, 25.2402598 ], [ 55.3055633, 25.2395248 ], [ 55.305372329338333, 25.239487717707636 ], [ 55.3055248, 25.2394496 ], [ 55.3053716, 25.2389478 ], [ 55.305320580166978, 25.238937892995562 ], [ 55.305093680166898, 25.238994592916939 ], [ 55.305240959658121, 25.239462208457141 ], [ 55.305141477126512, 25.239460533977965 ], [ 55.3050091, 25.2390391 ], [ 55.304958080166564, 25.239029192869946 ], [ 55.30469828016718, 25.23909239277997 ], [ 55.304831389742773, 25.239539982322384 ], [ 55.304662075309984, 25.239583362516857 ], [ 55.304520497351056, 25.239541915679418 ], [ 55.3046576, 25.2395052 ], [ 55.3045233, 25.2390946 ], [ 55.304472280193593, 25.239084692702981 ], [ 55.304236280191773, 25.239147892621116 ], [ 55.304354622481725, 25.239509705230109 ], [ 55.304274750109307, 25.239494195123527 ], [ 55.3038283500982, 25.239608993963003 ], [ 55.303872615407606, 25.239749712050646 ], [ 55.303740329976691, 25.239724023615519 ], [ 55.303672817107291, 25.239741705223469 ], [ 55.3035491, 25.2393464 ], [ 55.303498080189847, 25.239336492365265 ], [ 55.303257480189117, 25.239398192281861 ], [ 55.303393315820792, 25.239814906169247 ], [ 55.303288629968378, 25.239842323067343 ], [ 55.303359029625405, 25.240062223135762 ], [ 55.3035376, 25.2400969 ], [ 55.303949278971253, 25.239989172693072 ], [ 55.303971967217684, 25.240058400892696 ], [ 55.303832529499644, 25.240031323703715 ], [ 55.303382029496525, 25.240145723157273 ] ], [ [ 55.304945871390053, 25.240424420151477 ], [ 55.304931561027608, 25.240379369849894 ], [ 55.305038947790202, 25.240400222247661 ], [ 55.304945871390053, 25.240424420151477 ] ], [ [ 55.304631327578562, 25.23982795533275 ], [ 55.30463924209738, 25.239854237270603 ], [ 55.304544093204228, 25.239835760900519 ], [ 55.304627239023731, 25.239814378363722 ], [ 55.304631327578562, 25.23982795533275 ] ], [ [ 55.303968454342403, 25.23991355739799 ], [ 55.3039443948675, 25.239838371547343 ], [ 55.304120952790967, 25.239872656926092 ], [ 55.303968454342403, 25.23991355739799 ] ] ], [ [ [ 55.305450224203746, 25.247569296898728 ], [ 55.3058329, 25.2476436 ], [ 55.3059823, 25.2476064 ], [ 55.3059675, 25.2475579 ], [ 55.305584824365326, 25.247483597256565 ], [ 55.305435524365571, 25.247520696868499 ], [ 55.305450224203746, 25.247569296898728 ] ] ], [ [ [ 55.305993192451893, 25.243333220221636 ], [ 55.305948276687687, 25.243288304457433 ], [ 55.305855740689346, 25.243279058007356 ], [ 55.305810824912143, 25.243323973756393 ], [ 55.305810824842922, 25.243503636809798 ], [ 55.305948276687687, 25.243512883278459 ], [ 55.305993192451893, 25.243467967514253 ], [ 55.305993192451893, 25.243333220221636 ] ] ], [ [ [ 55.305813529395067, 25.252540951883866 ], [ 55.305813529395067, 25.252496036119663 ], [ 55.305659759312711, 25.252474900856054 ], [ 55.305659759273141, 25.252519816618314 ], [ 55.305813529395067, 25.252540951883866 ] ] ], [ [ [ 55.3058441, 25.2307482 ], [ 55.305811293696053, 25.23074182948611 ], [ 55.3058861, 25.2307272 ], [ 55.3058713, 25.2306623 ], [ 55.305696083540568, 25.230667593292335 ], [ 55.305711483508958, 25.230740393296117 ], [ 55.305746476854701, 25.230747188526674 ], [ 55.305705583503538, 25.230754993293793 ], [ 55.305717483481196, 25.230806193296807 ], [ 55.3058561, 25.2307994 ], [ 55.3058441, 25.2307482 ] ] ], [ [ [ 55.305383776646266, 25.243552845502037 ], [ 55.305249029360574, 25.243552845479037 ], [ 55.305249029342029, 25.24364267700653 ], [ 55.305364371753008, 25.243692546335282 ], [ 55.305588950574041, 25.243647630571083 ], [ 55.305588950574041, 25.243602714806876 ], [ 55.305383776646266, 25.243552845502037 ] ] ], [ [ [ 55.305548135643342, 25.236048940924597 ], [ 55.305548135628513, 25.236093856688075 ], [ 55.305633866338248, 25.236101782184477 ], [ 55.305633866338248, 25.236056866420267 ], [ 55.305548135643342, 25.236048940924597 ] ] ], [ [ [ 55.305274540224595, 25.235338214192975 ], [ 55.305454203281421, 25.235338214192975 ], [ 55.305588950574041, 25.235293298428768 ], [ 55.305588950574041, 25.235113635371945 ], [ 55.305454203281421, 25.234978888079329 ], [ 55.305375275383376, 25.234972283474143 ], [ 55.305240528075274, 25.235062114970667 ], [ 55.30524052800115, 25.235331609552237 ], [ 55.305274540224595, 25.235338214192975 ] ] ], [ [ [ 55.305454203281421, 25.23655093982654 ], [ 55.305544034809834, 25.23655093982654 ], [ 55.305544034809834, 25.236506024062326 ], [ 55.305454203281904, 25.236494466004991 ], [ 55.305454203281421, 25.236461108298126 ], [ 55.305304849813396, 25.236449550180868 ], [ 55.305304849770152, 25.23653938170715 ], [ 55.305454203281421, 25.23655093982654 ] ] ], [ [ [ 55.305413388139407, 25.236722677339916 ], [ 55.305413388124578, 25.236767593103373 ], [ 55.305499119045628, 25.236775518647562 ], [ 55.305499119045628, 25.236730602883362 ], [ 55.305413388139407, 25.236722677339916 ] ] ], [ [ [ 55.305460004672952, 25.236273849947821 ], [ 55.305415088912284, 25.236273849936065 ], [ 55.30541508889808, 25.236318765699572 ], [ 55.305499119045628, 25.23632636100551 ], [ 55.305499119045628, 25.2362814452413 ], [ 55.305460004672952, 25.236273849947821 ] ] ], [ [ [ 55.305460004729788, 25.236094186893801 ], [ 55.30541508896912, 25.236094186882053 ], [ 55.305415088954909, 25.236139102645552 ], [ 55.305499119045628, 25.236146697948683 ], [ 55.305499119045628, 25.236101782184473 ], [ 55.305460004729788, 25.236094186893801 ] ] ], [ [ [ 55.304720976615464, 25.247691292612341 ], [ 55.30477127654266, 25.247855092626182 ], [ 55.3048223, 25.247865 ], [ 55.305044284661335, 25.24779088263919 ], [ 55.3053205, 25.2477434 ], [ 55.3052702, 25.2475796 ], [ 55.305091618191383, 25.247544924671974 ], [ 55.304864418190775, 25.24760192439636 ], [ 55.304879623170578, 25.247651439132483 ], [ 55.304720976615464, 25.247691292612341 ] ] ], [ [ [ 55.30541338816905, 25.236632845812959 ], [ 55.305368472408546, 25.236632845800699 ], [ 55.305368472393717, 25.236677761564174 ], [ 55.305454203281421, 25.236685687119159 ], [ 55.305454203281421, 25.236640771354949 ], [ 55.30541338816905, 25.236632845812959 ] ] ], [ [ [ 55.305409287517215, 25.236416192533923 ], [ 55.305409287517215, 25.236371276769713 ], [ 55.305306550482079, 25.236360048886795 ], [ 55.305306550461076, 25.23640496464996 ], [ 55.305409287517215, 25.236416192533923 ] ] ], [ [ [ 55.30340953162402, 25.238665923295851 ], [ 55.302957331609392, 25.238788722746783 ], [ 55.303028531273384, 25.239003622816497 ], [ 55.3032071, 25.2390383 ], [ 55.303618126262542, 25.238926705938749 ], [ 55.303644007432496, 25.239006014371782 ], [ 55.303505531137105, 25.238979123388173 ], [ 55.303058131132161, 25.239094022845411 ], [ 55.303127430788734, 25.239314522912448 ], [ 55.303306, 25.2393492 ], [ 55.3037534, 25.2392343 ], [ 55.303710176871981, 25.239096771953296 ], [ 55.3040538, 25.2391635 ], [ 55.3045054, 25.2390429 ], [ 55.304485064473639, 25.238980613835242 ], [ 55.3047466, 25.2390314 ], [ 55.3053598, 25.2388759 ], [ 55.3052525, 25.2385294 ], [ 55.305038733327891, 25.238487890487441 ], [ 55.3051961, 25.238435 ], [ 55.3051201, 25.2381607 ], [ 55.3050425, 25.2381052 ], [ 55.304659854341324, 25.238030896333374 ], [ 55.304349405840476, 25.238114269154426 ], [ 55.30433130917627, 25.23807807580954 ], [ 55.304212840096021, 25.238068498694741 ], [ 55.3041992, 25.2380237 ], [ 55.304148180668832, 25.238013792614186 ], [ 55.303907680667024, 25.238078092530774 ], [ 55.304020250777121, 25.238442605926416 ], [ 55.303925953689642, 25.238424294394207 ], [ 55.303478653671512, 25.238541593231034 ], [ 55.303525684263036, 25.238688479335853 ], [ 55.30340953162402, 25.238665923295851 ] ], [ [ 55.304337858965454, 25.238589980725816 ], [ 55.304319480299206, 25.238532581040147 ], [ 55.304458089662099, 25.238559497137764 ], [ 55.304337858965454, 25.238589980725816 ] ], [ [ 55.304294545414955, 25.238733170571752 ], [ 55.304314029991538, 25.238796033558046 ], [ 55.304165107045726, 25.238767114583286 ], [ 55.304294545414955, 25.238733170571752 ] ], [ [ 55.304222782401361, 25.238454854200754 ], [ 55.304232462220256, 25.238483814985599 ], [ 55.304161121880213, 25.238469961536143 ], [ 55.304222782401361, 25.238454854200754 ] ], [ [ 55.303816390723718, 25.238806935303355 ], [ 55.303639077340357, 25.238854247064005 ], [ 55.303610088234556, 25.238766873170693 ], [ 55.303816390723718, 25.238806935303355 ] ] ], [ [ [ 55.30528204226804, 25.236229264369673 ], [ 55.305282042254454, 25.236274180133208 ], [ 55.305364371753008, 25.236281445241303 ], [ 55.305364371753008, 25.236236529477097 ], [ 55.30528204226804, 25.236229264369673 ] ] ], [ [ [ 55.305049961403569, 25.243512883278459 ], [ 55.305139792931982, 25.24351288327847 ], [ 55.305229624460388, 25.243378135985846 ], [ 55.305229624460388, 25.24328830445743 ], [ 55.305184708696189, 25.243243388693227 ], [ 55.305105778542881, 25.243236783914362 ], [ 55.304971031247142, 25.243281699647284 ], [ 55.304971031197702, 25.243461362701666 ], [ 55.305049961403569, 25.243512883278459 ] ] ], [ [ [ 55.30511497962744, 25.242466280939055 ], [ 55.305229624460388, 25.242479820701728 ], [ 55.305229624460388, 25.242434904937518 ], [ 55.305114979652778, 25.242421365176106 ], [ 55.30511497962744, 25.242466280939055 ] ] ], [ [ [ 55.3049978, 25.2522295 ], [ 55.3049576, 25.2521701 ], [ 55.304906574751087, 25.252160192584594 ], [ 55.304857874744982, 25.252187092567407 ], [ 55.304898074716277, 25.252246592579933 ], [ 55.3049491, 25.2522565 ], [ 55.3049978, 25.2522295 ] ] ], [ [ [ 55.304861488725109, 25.242559219916544 ], [ 55.304485155611466, 25.242547195564789 ], [ 55.304574986698725, 25.242996353255602 ], [ 55.30461990241043, 25.243041269052501 ], [ 55.304825382582536, 25.243063725636404 ], [ 55.305005045639362, 25.243018809872193 ], [ 55.304923619941313, 25.242607478566836 ], [ 55.305005045639362, 25.242614567994337 ], [ 55.305049961403569, 25.242569652230141 ], [ 55.305049961403569, 25.242524736465931 ], [ 55.304861488767415, 25.24250558249588 ], [ 55.304861488725109, 25.242559219916544 ] ] ], [ [ [ 55.304698833329446, 25.241745316844373 ], [ 55.304743749056605, 25.241790232631651 ], [ 55.304915214110949, 25.241806084238632 ], [ 55.305005045639362, 25.241716252710223 ], [ 55.305005045639362, 25.24162642118181 ], [ 55.304806853300711, 25.24156565385406 ], [ 55.3047428, 25.2413956 ], [ 55.304564227315744, 25.241360924483086 ], [ 55.304489827315358, 25.241379724392843 ], [ 55.304514600757507, 25.241419601885553 ], [ 55.304203163554213, 25.24149925510665 ], [ 55.30415880000001, 25.2413605 ], [ 55.303980227576616, 25.241325823787761 ], [ 55.30374012757229, 25.241388623496366 ], [ 55.303867426937394, 25.241796423619355 ], [ 55.304046, 25.2418311 ], [ 55.3042896, 25.2417696 ], [ 55.304279994835461, 25.241739558246962 ], [ 55.3043899, 25.2417609 ], [ 55.304709447848253, 25.24167917214854 ], [ 55.304698833329446, 25.241745316844373 ] ] ], [ [ [ 55.305139792931982, 25.231475458471266 ], [ 55.305001346518701, 25.231457295722823 ], [ 55.305001346484737, 25.231502211485349 ], [ 55.305139792931982, 25.231520374235476 ], [ 55.305139792931982, 25.231475458471266 ] ] ], [ [ [ 55.304960129875155, 25.243602714806869 ], [ 55.30488460108544, 25.243596770455845 ], [ 55.304884601063193, 25.243686601983146 ], [ 55.304960129875155, 25.243692546335282 ], [ 55.304960129875155, 25.243602714806869 ] ] ], [ [ [ 55.302602261671055, 25.23617509134969 ], [ 55.301585360822948, 25.236702588665562 ], [ 55.301552960515878, 25.236809888566167 ], [ 55.301648460015166, 25.236947888789512 ], [ 55.302080694415565, 25.237022927046258 ], [ 55.302164008898437, 25.237154733547602 ], [ 55.302152881200065, 25.23722359194921 ], [ 55.302257262297232, 25.237365004689696 ], [ 55.302222358219538, 25.237385090191758 ], [ 55.302245558104161, 25.23741659024633 ], [ 55.302704, 25.2374946 ], [ 55.302917274520183, 25.237366681926403 ], [ 55.303046411705708, 25.237374782491031 ], [ 55.303060415850219, 25.237420359481018 ], [ 55.302959333600754, 25.237409422847747 ], [ 55.302958433545186, 25.237448122843901 ], [ 55.30307595927323, 25.237470946070708 ], [ 55.303109956926903, 25.237581592434065 ], [ 55.3034926, 25.2376559 ], [ 55.30394113285719, 25.237535655920077 ], [ 55.304002219374617, 25.237734219773714 ], [ 55.303715256160267, 25.237678493968907 ], [ 55.303262356128222, 25.237801692790534 ], [ 55.303306977057794, 25.237936032446974 ], [ 55.303176132798882, 25.23791062307096 ], [ 55.302851863783758, 25.23799707050231 ], [ 55.302768, 25.23778 ], [ 55.302346657093736, 25.237717890458999 ], [ 55.302411681092515, 25.237831723080397 ], [ 55.302433556329461, 25.23794319064697 ], [ 55.302792497415346, 25.23801289699211 ], [ 55.302727132787588, 25.238030322525947 ], [ 55.302797332451227, 25.238245722594428 ], [ 55.302916399441962, 25.238268845154931 ], [ 55.302785332371776, 25.238303722575942 ], [ 55.302918231733081, 25.238712822705491 ], [ 55.3030968, 25.2387475 ], [ 55.3033343, 25.2386843 ], [ 55.3032014, 25.2382752 ], [ 55.303082272076516, 25.238252065847796 ], [ 55.3034249, 25.2381608 ], [ 55.30338455168171, 25.238036938797535 ], [ 55.3037201, 25.2381021 ], [ 55.304168366090074, 25.237964948930681 ], [ 55.3044498, 25.2380196 ], [ 55.3050294, 25.2378718 ], [ 55.3048783, 25.2373805 ], [ 55.304745227509052, 25.237354659304426 ], [ 55.3048711, 25.2373241 ], [ 55.3048141, 25.2371321 ], [ 55.304637163193433, 25.237097741347441 ], [ 55.3047956, 25.2370561 ], [ 55.3046452, 25.236624 ], [ 55.304445506389158, 25.236585221920155 ], [ 55.3046028, 25.2365445 ], [ 55.3045344, 25.2363285 ], [ 55.304314715019686, 25.236285839573981 ], [ 55.3045547, 25.2362224 ], [ 55.3044662, 25.2359599 ], [ 55.3039493, 25.23573 ], [ 55.303770735784191, 25.235695323939598 ], [ 55.303495735689204, 25.235829623601472 ], [ 55.303562190910505, 25.235950945780573 ], [ 55.30318086214767, 25.235876892876583 ], [ 55.302667161717558, 25.236143891520616 ], [ 55.302698939979457, 25.23619386645068 ], [ 55.302602261671055, 25.23617509134969 ] ], [ [ 55.304207, 25.2372103 ], [ 55.304234138164531, 25.237255858057864 ], [ 55.304145480972124, 25.237279492628254 ], [ 55.304180026411231, 25.237385619911592 ], [ 55.304050781952981, 25.237418142218136 ], [ 55.303972226878152, 25.237164709306594 ], [ 55.304207, 25.2372103 ] ], [ [ 55.303702247045457, 25.236635849483417 ], [ 55.303712889055802, 25.236630350440432 ], [ 55.30382804086485, 25.236652712153568 ], [ 55.303812105113366, 25.236657183197035 ], [ 55.303702247045457, 25.236635849483417 ] ], [ [ 55.303769677600975, 25.236983376285032 ], [ 55.303804667181325, 25.237081035916724 ], [ 55.303640982673606, 25.237049453367181 ], [ 55.303769677600975, 25.236983376285032 ] ], [ [ 55.303671317391093, 25.236150169036712 ], [ 55.303789736906275, 25.236347918690601 ], [ 55.303584008417822, 25.236411935642703 ], [ 55.303280981744926, 25.236353089067165 ], [ 55.303671317391093, 25.236150169036712 ] ], [ [ 55.303074463903705, 25.236391016925538 ], [ 55.303084976111201, 25.236393058380592 ], [ 55.303090072040419, 25.236394048002182 ], [ 55.303079743696713, 25.236399365233353 ], [ 55.303074463903705, 25.236391016925538 ] ], [ [ 55.302893322853201, 25.236548885490144 ], [ 55.302919988234244, 25.236535080821586 ], [ 55.302933128579937, 25.236556615742522 ], [ 55.302893322853201, 25.236548885490144 ] ] ], [ [ [ 55.304038216885573, 25.248710923329686 ], [ 55.304208335043953, 25.248743956308488 ], [ 55.304094416776323, 25.248772523392464 ], [ 55.304144716521364, 25.248936423440878 ], [ 55.3043233, 25.2489711 ], [ 55.3045506, 25.248914 ], [ 55.30454237658239, 25.248887220787505 ], [ 55.3046051, 25.2488994 ], [ 55.3048324, 25.2488423 ], [ 55.3047821, 25.2486785 ], [ 55.304633679802464, 25.24864968086283 ], [ 55.3048203, 25.2486028 ], [ 55.30477, 25.248439 ], [ 55.304640929225478, 25.248413937952655 ], [ 55.3047509, 25.2483863 ], [ 55.3047006, 25.2482225 ], [ 55.304649576407577, 25.248212592577328 ], [ 55.304422376407359, 25.248269692498578 ], [ 55.304474158800211, 25.248433780369499 ], [ 55.304376128741438, 25.248458406326403 ], [ 55.3043277, 25.2483007 ], [ 55.304276676413636, 25.248290792448387 ], [ 55.304049376413438, 25.248347892369601 ], [ 55.304116192523729, 25.248514899446938 ], [ 55.30398791714039, 25.248547123281256 ], [ 55.304038216885573, 25.248710923329686 ] ], [ [ 55.30442529863322, 25.248627336747727 ], [ 55.304562837019631, 25.24865404314734 ], [ 55.304442752552333, 25.248684209415472 ], [ 55.30442529863322, 25.248627336747727 ] ], [ [ 55.304377556681068, 25.24870528710435 ], [ 55.304384440145313, 25.248727702981817 ], [ 55.304330181668433, 25.248717167340679 ], [ 55.304377556681068, 25.24870528710435 ] ], [ [ 55.304365988383864, 25.248467517446603 ], [ 55.30438289793851, 25.248522583091798 ], [ 55.30424972462577, 25.248496724088518 ], [ 55.304365988383864, 25.248467517446603 ] ] ], [ [ [ 55.304300647779002, 25.254385984681697 ], [ 55.3044986, 25.2544301 ], [ 55.3046226, 25.2544132 ], [ 55.3047058, 25.2543549 ], [ 55.3047111, 25.2542979 ], [ 55.3045167, 25.2541966 ], [ 55.30425904797994, 25.254153084662786 ], [ 55.304167147981751, 25.254173784599157 ], [ 55.304219747859243, 25.254308984629574 ], [ 55.304300647779002, 25.254385984681697 ] ] ], [ [ [ 55.305005045639362, 25.231340711178639 ], [ 55.305005045639362, 25.231295795414432 ], [ 55.304868299941383, 25.23127796282213 ], [ 55.30486829990803, 25.231322878584685 ], [ 55.305005045639362, 25.231340711178639 ] ] ], [ [ [ 55.304717083524359, 25.230950792952449 ], [ 55.304780169216833, 25.230958588490836 ], [ 55.304780169179729, 25.231008798426139 ], [ 55.305005045639362, 25.2310263008292 ], [ 55.305005045639362, 25.230936469300786 ], [ 55.304940561734824, 25.230923947074668 ], [ 55.3049245, 25.2308489 ], [ 55.30469968355964, 25.230869592948171 ], [ 55.304717083524359, 25.230950792952449 ] ] ], [ [ [ 55.304088925904828, 25.242456023836933 ], [ 55.3042675, 25.2424907 ], [ 55.3047667, 25.2423608 ], [ 55.3047829, 25.2423233 ], [ 55.3046621, 25.2419545 ], [ 55.304423126602927, 25.241889524276747 ], [ 55.303955126603192, 25.24200592370919 ], [ 55.303912326551995, 25.242052023654757 ], [ 55.304023425993833, 25.242410723761907 ], [ 55.304088925904828, 25.242456023836933 ] ] ], [ [ [ 55.304825382582536, 25.231430542707052 ], [ 55.304640319951602, 25.231412049499095 ], [ 55.30464031991702, 25.231456965261582 ], [ 55.304825382582536, 25.231475458471259 ], [ 55.304825382582536, 25.231430542707052 ] ] ], [ [ [ 55.304493966338505, 25.233942523105771 ], [ 55.304538882094995, 25.233987438874788 ], [ 55.304735551054122, 25.233990741266801 ], [ 55.304735551054122, 25.233855993974178 ], [ 55.30446605646889, 25.233541583624735 ], [ 55.304404134868761, 25.23353828122044 ], [ 55.304404134831699, 25.233807775803847 ], [ 55.304493966338505, 25.233942523105771 ] ] ], [ [ [ 55.304374943559282, 25.230159925056675 ], [ 55.304391043436119, 25.230241225070102 ], [ 55.3045696, 25.2302759 ], [ 55.3047493, 25.2302529 ], [ 55.3047279, 25.2301691 ], [ 55.304549343533367, 25.230134425266812 ], [ 55.304374943559282, 25.230159925056675 ] ] ], [ [ [ 55.3046424, 25.2309999 ], [ 55.304565875285164, 25.230985039356682 ], [ 55.30449817528774, 25.230997739321634 ], [ 55.304507875260128, 25.231039939325303 ], [ 55.3045844, 25.2310548 ], [ 55.3046521, 25.231042 ], [ 55.3046424, 25.2309999 ] ] ], [ [ [ 55.304555887997303, 25.231295795414436 ], [ 55.304555887997303, 25.231250879650229 ], [ 55.304419142415767, 25.231233046783654 ], [ 55.304419142382415, 25.231277962546212 ], [ 55.304555887997303, 25.231295795414436 ] ] ], [ [ [ 55.304286393412063, 25.250384995201973 ], [ 55.304150639893095, 25.250376078327722 ], [ 55.304150639876397, 25.250420994091112 ], [ 55.304286393412063, 25.250429910966179 ], [ 55.304286393412063, 25.250384995201973 ] ] ], [ [ [ 55.303276943245137, 25.230651123710096 ], [ 55.303444930478591, 25.230683747371796 ], [ 55.303452538325132, 25.230714683941404 ], [ 55.303331183755333, 25.230736192483864 ], [ 55.303339036027644, 25.230772331389705 ], [ 55.302743556748119, 25.230656686081083 ], [ 55.302634056796315, 25.230676185514572 ], [ 55.302675555545591, 25.230867985668272 ], [ 55.3036136, 25.2310644 ], [ 55.303743664513703, 25.2310391647197 ], [ 55.303749242481423, 25.231062424244854 ], [ 55.3039278, 25.2310971 ], [ 55.3041988, 25.2310523 ], [ 55.304193168132933, 25.231028003851126 ], [ 55.3043719, 25.2310384 ], [ 55.3043639, 25.2310075 ], [ 55.304038154031581, 25.230971252740321 ], [ 55.304007263730696, 25.23084229803008 ], [ 55.30423042842078, 25.230843369977794 ], [ 55.304289842429306, 25.230963824897628 ], [ 55.3045182, 25.230989 ], [ 55.3044333, 25.2306274 ], [ 55.30408003483381, 25.23055263088505 ], [ 55.3041873, 25.2305023 ], [ 55.3041601, 25.2303693 ], [ 55.304135246421161, 25.230364473484666 ], [ 55.3041975, 25.2303532 ], [ 55.3041747, 25.2302501 ], [ 55.303933743621698, 25.230226624524931 ], [ 55.303956543464516, 25.230329824544796 ], [ 55.303981287527918, 25.230334629824778 ], [ 55.303849943492025, 25.230337324416933 ], [ 55.303682443450072, 25.230408124211813 ], [ 55.303693642951579, 25.230451626950298 ], [ 55.303415043532553, 25.230417623891739 ], [ 55.30324484348349, 25.230494023682986 ], [ 55.303276943245137, 25.230651123710096 ] ], [ [ 55.303734683764127, 25.23061429262405 ], [ 55.303643760204295, 25.230639795564787 ], [ 55.3037531, 25.2305923 ], [ 55.303747080806239, 25.230564049659126 ], [ 55.303887049454183, 25.230590291596261 ], [ 55.303895343046634, 25.230634524449943 ], [ 55.304002585525723, 25.23065535084103 ], [ 55.30385804416219, 25.230680120301663 ], [ 55.303734683764127, 25.23061429262405 ] ], [ [ 55.303633, 25.230756 ], [ 55.303673829947009, 25.23074796142074 ], [ 55.30368588275585, 25.230798220541054 ], [ 55.303563482653487, 25.230774450292621 ], [ 55.303556278786587, 25.230741100627537 ], [ 55.303633, 25.230756 ] ] ], [ [ [ 55.30446605646889, 25.231295795414439 ], [ 55.30428439511472, 25.23127796246343 ], [ 55.304284395048029, 25.231367793988543 ], [ 55.30446605646889, 25.231385626942846 ], [ 55.30446605646889, 25.231295795414439 ] ] ], [ [ [ 55.303629228313227, 25.24090332339852 ], [ 55.303698327969698, 25.241123923465327 ], [ 55.3038769, 25.2411586 ], [ 55.3043281, 25.2410429 ], [ 55.3042589, 25.2408223 ], [ 55.304080328318022, 25.240787623945803 ], [ 55.304006587939362, 25.240806537205469 ], [ 55.3038815, 25.2404055 ], [ 55.303830479718592, 25.240395592457126 ], [ 55.303590979718003, 25.240456692374114 ], [ 55.303741002424516, 25.240874655397807 ], [ 55.303629228313227, 25.24090332339852 ] ] ], [ [ [ 55.304196561883657, 25.250250247909364 ], [ 55.30415164611945, 25.250115500616744 ], [ 55.304067611714466, 25.250107904742471 ], [ 55.30402269593958, 25.250152820494211 ], [ 55.304067611657594, 25.250287567796491 ], [ 55.30415164611945, 25.250295163673563 ], [ 55.304196561883657, 25.250250247909364 ] ] ], [ [ [ 55.304016898826831, 25.250070584852537 ], [ 55.304106730355244, 25.250070584852537 ], [ 55.304106730355244, 25.25002566908833 ], [ 55.303981181839205, 25.250018733705076 ], [ 55.303981181826224, 25.250063649468636 ], [ 55.304016898826831, 25.250070584852537 ] ] ], [ [ [ 55.3041823, 25.2300639 ], [ 55.3042914, 25.2300416 ], [ 55.3042596, 25.2299139 ], [ 55.304097084010543, 25.229926592761771 ], [ 55.304131283954483, 25.230053992770841 ], [ 55.3041823, 25.2300639 ] ] ], [ [ [ 55.30402740000001, 25.2490419 ], [ 55.3040101, 25.2489842 ], [ 55.303831516615169, 25.248949523065576 ], [ 55.303714416615705, 25.248978322923559 ], [ 55.303731716526094, 25.249036022940114 ], [ 55.3039103, 25.2490707 ], [ 55.30402740000001, 25.2490419 ] ] ], [ [ [ 55.3039828, 25.2485055 ], [ 55.303964, 25.2484473 ], [ 55.303912976390514, 25.24843739232119 ], [ 55.303791676389771, 25.248469392279119 ], [ 55.303810476363807, 25.248527592284351 ], [ 55.3038615, 25.2485375 ], [ 55.3039828, 25.2485055 ] ] ], [ [ [ 55.304106730355244, 25.231340711178639 ], [ 55.3039733858933, 25.231323538520712 ], [ 55.303973385861184, 25.231368454283338 ], [ 55.304106730355244, 25.231385626942849 ], [ 55.304106730355244, 25.231340711178639 ] ] ], [ [ [ 55.304106730355244, 25.231116132357609 ], [ 55.303930170846044, 25.231099289925332 ], [ 55.303930170814546, 25.231144205687979 ], [ 55.304106730355244, 25.231161048121816 ], [ 55.304106730355244, 25.231116132357609 ] ] ], [ [ [ 55.296830595891045, 25.239744083429116 ], [ 55.2964077, 25.2396364 ], [ 55.294571014860203, 25.239279626329022 ], [ 55.294340003968479, 25.240070422906133 ], [ 55.2961767, 25.2404272 ], [ 55.2967663, 25.2404986 ], [ 55.29695444089058, 25.239899604363963 ], [ 55.297011532533539, 25.239910693706655 ], [ 55.296945954369413, 25.239944576290366 ], [ 55.297042639967145, 25.240097628723756 ], [ 55.296934680527599, 25.240154190107962 ], [ 55.297068074245395, 25.240362623613532 ], [ 55.296988116975328, 25.240388646168906 ], [ 55.296887280455849, 25.240339890087974 ], [ 55.296873880431185, 25.240402990082107 ], [ 55.296907777016649, 25.240429020403386 ], [ 55.296641483399299, 25.240562843715111 ], [ 55.29605210566411, 25.240440900863327 ], [ 55.296014105577704, 25.24049370079539 ], [ 55.296168004950417, 25.240769801021958 ], [ 55.296312415405801, 25.240797851571003 ], [ 55.296261231083633, 25.240822114600611 ], [ 55.296527930289464, 25.241305414884582 ], [ 55.296633612675215, 25.241325942502417 ], [ 55.296519010877297, 25.241382835202518 ], [ 55.296651010415665, 25.241600335383897 ], [ 55.296779585891706, 25.241625309560494 ], [ 55.296761729731159, 25.241633615140397 ], [ 55.296834029521527, 25.241760715217673 ], [ 55.296919941443953, 25.241777402418993 ], [ 55.296827317998392, 25.241822899591583 ], [ 55.29711581707118, 25.242303399952061 ], [ 55.297219330964552, 25.242323505813541 ], [ 55.297168428552695, 25.242348015575107 ], [ 55.297343528059727, 25.242645615762996 ], [ 55.297456644649444, 25.242667586557697 ], [ 55.297366725896374, 25.242711324811562 ], [ 55.297490625531744, 25.242925824948028 ], [ 55.2976743, 25.2429615 ], [ 55.297737145634834, 25.242930000753926 ], [ 55.297852927187442, 25.243122416337513 ], [ 55.2980315, 25.2431571 ], [ 55.2982443, 25.2430524 ], [ 55.2980911, 25.2427978 ], [ 55.297934458853177, 25.242767376072102 ], [ 55.297845, 25.2426037 ], [ 55.297728269988674, 25.242581027676167 ], [ 55.297806, 25.2425436 ], [ 55.2976309, 25.242246 ], [ 55.297553000060944, 25.242230869452772 ], [ 55.2975906, 25.242212399999989 ], [ 55.297512666879385, 25.242082601915598 ], [ 55.297733386598772, 25.242125472411992 ], [ 55.297705228660938, 25.242139216231514 ], [ 55.297963027951255, 25.242566216508944 ], [ 55.2981416, 25.2426009 ], [ 55.2985426, 25.2424116 ], [ 55.2982956, 25.2419729 ], [ 55.298139384251925, 25.241942558771772 ], [ 55.2982671, 25.2418846 ], [ 55.298012, 25.241425 ], [ 55.297898797493197, 25.241403012798241 ], [ 55.297979, 25.2413637 ], [ 55.297716047991415, 25.240924815283687 ], [ 55.2978349, 25.2409479 ], [ 55.2978934, 25.2409177 ], [ 55.29784198539371, 25.240806016254108 ], [ 55.297891480136158, 25.240864090420043 ], [ 55.2979695, 25.2408883 ], [ 55.2981187, 25.2408183 ], [ 55.298107059300705, 25.240770583469061 ], [ 55.2981957, 25.2407878 ], [ 55.298256133349227, 25.240736419279827 ], [ 55.298348, 25.2407127 ], [ 55.298282788969374, 25.240578665337619 ], [ 55.298342980177232, 25.240651990578524 ], [ 55.298421, 25.2406762 ], [ 55.2984794, 25.240646 ], [ 55.298479204645979, 25.240616814539738 ], [ 55.2985747, 25.2405938 ], [ 55.2984918, 25.2404314 ], [ 55.298452998957409, 25.240423410004194 ], [ 55.298493285394237, 25.240402491542699 ], [ 55.298603280190605, 25.240554690669374 ], [ 55.2986543, 25.2405646 ], [ 55.298714664745489, 25.240508537820872 ], [ 55.298812, 25.2404859 ], [ 55.2987292, 25.2403235 ], [ 55.298695960705466, 25.240308267960607 ], [ 55.298716813172788, 25.240297442916791 ], [ 55.298827280213118, 25.240444290748101 ], [ 55.2988783, 25.2404542 ], [ 55.298938923222416, 25.240401883100564 ], [ 55.2990387, 25.2403797 ], [ 55.2989558, 25.2402173 ], [ 55.29892051156213, 25.240201669972866 ], [ 55.29894992228742, 25.240186402120528 ], [ 55.299059280235802, 25.240331490829607 ], [ 55.2991103, 25.2403414 ], [ 55.299170009656173, 25.2402842826138 ], [ 55.2992667, 25.2402615 ], [ 55.2991838, 25.2400991 ], [ 55.299144976300333, 25.240082683354135 ], [ 55.299175969386255, 25.240066594061702 ], [ 55.299258980267204, 25.240205590900359 ], [ 55.299337, 25.2402298 ], [ 55.299396896784664, 25.240173143408029 ], [ 55.2994906, 25.2401499 ], [ 55.299474576247, 25.240095166859405 ], [ 55.29957, 25.2401137 ], [ 55.299630713395516, 25.240060443797162 ], [ 55.299724, 25.240037 ], [ 55.2996411, 25.2398746 ], [ 55.299604533782926, 25.239858721825101 ], [ 55.299640309212748, 25.239840149892427 ], [ 55.299749980302401, 25.239997891072235 ], [ 55.299801, 25.2400078 ], [ 55.299861145356758, 25.239951544273801 ], [ 55.2999533, 25.2399279 ], [ 55.2998705, 25.2397655 ], [ 55.299788980404486, 25.239740791090806 ], [ 55.29973710384953, 25.239767950546817 ], [ 55.2997063, 25.2397194 ], [ 55.299430530004273, 25.239652679123523 ], [ 55.3002091, 25.2398227 ], [ 55.300387054901812, 25.239737132029443 ], [ 55.30046945188424, 25.239868985323184 ], [ 55.3005910596193, 25.239892603063755 ], [ 55.300451351613141, 25.23996108526271 ], [ 55.300555150996367, 25.240134485501887 ], [ 55.3009378, 25.2402088 ], [ 55.30109200353192, 25.240133117292419 ], [ 55.301128671972478, 25.240150377350314 ], [ 55.300488246609028, 25.240490109070116 ], [ 55.300265921993613, 25.240446930765504 ], [ 55.300208, 25.2403515 ], [ 55.29944005163297, 25.240206782635742 ], [ 55.298746351105116, 25.2405502808069 ], [ 55.298868698112081, 25.240717712792627 ], [ 55.298709880082363, 25.240790390700941 ], [ 55.298733965023352, 25.240833462402616 ], [ 55.298703550218555, 25.240847380651708 ], [ 55.298799449613725, 25.241018880870925 ], [ 55.298857932126083, 25.241030239531614 ], [ 55.298909824489506, 25.241123039855257 ], [ 55.298780391967853, 25.24118613676476 ], [ 55.2986323, 25.2409228 ], [ 55.298453730198503, 25.240888117215544 ], [ 55.29826733014243, 25.240973416986716 ], [ 55.298302461831966, 25.241036244012779 ], [ 55.298128280007141, 25.241117690495688 ], [ 55.298330750668867, 25.241444114612101 ], [ 55.298239029411334, 25.241486616916113 ], [ 55.298417828890912, 25.24180231710713 ], [ 55.298510304568907, 25.241820278182946 ], [ 55.298442928809642, 25.241852317133535 ], [ 55.298628428285198, 25.242169117332494 ], [ 55.298807, 25.2422038 ], [ 55.2989845, 25.2421236 ], [ 55.298950150643037, 25.242063207519273 ], [ 55.299052886165143, 25.242083160889322 ], [ 55.299006179509782, 25.242103890775205 ], [ 55.299132388448108, 25.242333337895893 ], [ 55.2990142, 25.2421639 ], [ 55.298963179493533, 25.242153990759505 ], [ 55.298785879477727, 25.242236490697277 ], [ 55.298966079328473, 25.242553190752314 ], [ 55.299050478036811, 25.242547568790048 ], [ 55.29921405844329, 25.242597341259067 ], [ 55.299056379270063, 25.242672190780706 ], [ 55.299233879125588, 25.242977990835058 ], [ 55.299284900000011, 25.2429879 ], [ 55.299368242549576, 25.242948305009229 ], [ 55.299396645679266, 25.242994187132645 ], [ 55.299285579091119, 25.24304859085127 ], [ 55.299531678896074, 25.243459790926874 ], [ 55.2995827, 25.2434697 ], [ 55.299668194192094, 25.243427846025828 ], [ 55.29952547887612, 25.243509690923734 ], [ 55.299686778756076, 25.243760290973675 ], [ 55.2997378, 25.2437702 ], [ 55.299847801096199, 25.243725698274162 ], [ 55.299710278739838, 25.243793790981012 ], [ 55.300024478483827, 25.244335691077204 ], [ 55.3000755, 25.2443456 ], [ 55.300194335139004, 25.244290826596874 ], [ 55.300244224519176, 25.244373219105459 ], [ 55.3004228, 25.2444079 ], [ 55.3005987, 25.2443207 ], [ 55.300502, 25.244161 ], [ 55.300446574482862, 25.244150235927812 ], [ 55.300471, 25.2441384 ], [ 55.3001499, 25.2436081 ], [ 55.300077922537028, 25.243594121179047 ], [ 55.3001353, 25.2435674 ], [ 55.2998075, 25.242992 ], [ 55.299716027857549, 25.242974234801942 ], [ 55.29978220000001, 25.2429407 ], [ 55.2997238, 25.2428462 ], [ 55.299647742136045, 25.242831428421457 ], [ 55.3000493, 25.2426463 ], [ 55.300011110887013, 25.242580833007121 ], [ 55.3001443, 25.2426067 ], [ 55.3003309, 25.2425165 ], [ 55.300314581378601, 25.242488890163909 ], [ 55.3004068, 25.2425068 ], [ 55.3011467, 25.2421376 ], [ 55.3010389, 25.2419622 ], [ 55.300924584447969, 25.241939999134942 ], [ 55.3010119, 25.2418958 ], [ 55.3009088, 25.2417292 ], [ 55.300661832024275, 25.241681236708835 ], [ 55.3006796, 25.2416712 ], [ 55.3005957, 25.2414883 ], [ 55.300501531601988, 25.241470011509666 ], [ 55.3005613, 25.24144 ], [ 55.3004812, 25.241264 ], [ 55.300233122757845, 25.241215820392416 ], [ 55.30085019841264, 25.240893133033385 ], [ 55.3008974, 25.2409023 ], [ 55.3018163, 25.240443 ], [ 55.30177814596918, 25.240380550405426 ], [ 55.3018922, 25.2404027 ], [ 55.3024002, 25.2401548 ], [ 55.302377578125039, 25.240032068030345 ], [ 55.302591769757484, 25.240073663711719 ], [ 55.302644739257509, 25.240213500573148 ], [ 55.302603349138749, 25.240224190732331 ], [ 55.302654348599852, 25.240385590838194 ], [ 55.302706817999294, 25.240395780220283 ], [ 55.302723279812426, 25.240444092078143 ], [ 55.302869736665322, 25.240427418352709 ], [ 55.303009713842926, 25.240454601187817 ], [ 55.303062179703943, 25.240622492190198 ], [ 55.303095459752988, 25.240628954961522 ], [ 55.303065179697811, 25.240636592190935 ], [ 55.303082179673417, 25.240691492195623 ], [ 55.303130238407988, 25.240700824879259 ], [ 55.302864342137674, 25.240772572100045 ], [ 55.3028441, 25.2407394 ], [ 55.302665528946953, 25.240704722261189 ], [ 55.301931228681717, 25.24107132135758 ], [ 55.301962439742972, 25.241122497506652 ], [ 55.301878628650243, 25.241106221292235 ], [ 55.30114612838512, 25.241472320390788 ], [ 55.301251228098828, 25.241644320504065 ], [ 55.301332379944036, 25.241660080599736 ], [ 55.301302728036077, 25.241674920563419 ], [ 55.301409427745739, 25.241849320678433 ], [ 55.301588, 25.241884 ], [ 55.3023205, 25.2415173 ], [ 55.302305720552809, 25.241493157036775 ], [ 55.3023631, 25.2415043 ], [ 55.302972675219422, 25.241194375231135 ], [ 55.303196171268809, 25.241904781285818 ], [ 55.303078727022047, 25.24193432266706 ], [ 55.303165326584086, 25.242215922750407 ], [ 55.3033439, 25.2422506 ], [ 55.303442942949843, 25.242225687082666 ], [ 55.3035369481454, 25.2422580371767 ], [ 55.303460726358729, 25.242298323097529 ], [ 55.30350795903712, 25.242436106801062 ], [ 55.303379278908992, 25.242469592260761 ], [ 55.303432878834016, 25.242637892275614 ], [ 55.303480560300983, 25.242647151469388 ], [ 55.303419378824429, 25.242664492270467 ], [ 55.303470678761613, 25.242803892285131 ], [ 55.3035668, 25.2428427 ], [ 55.303733, 25.2427973 ], [ 55.303683636576835, 25.242654685778732 ], [ 55.3037625, 25.24267 ], [ 55.303928, 25.2426268 ], [ 55.3038922, 25.2424649 ], [ 55.303839127792095, 25.242446273890835 ], [ 55.303868, 25.2424231 ], [ 55.3038263, 25.2422784 ], [ 55.303731578244324, 25.242251686068002 ], [ 55.3038061, 25.2422166 ], [ 55.3037644, 25.2420719 ], [ 55.303663333631071, 25.242043953966856 ], [ 55.3037362, 25.2420093 ], [ 55.3036945, 25.2418647 ], [ 55.30359147956429, 25.241836374445164 ], [ 55.3036709, 25.241816 ], [ 55.3034402, 25.2410603 ], [ 55.303261715757969, 25.241025639940208 ], [ 55.3034183, 25.2409853 ], [ 55.3033229, 25.2407317 ], [ 55.303147788252524, 25.240697694638101 ], [ 55.3033238, 25.2406449 ], [ 55.3031943, 25.2402447 ], [ 55.303132295951514, 25.240232659221878 ], [ 55.3031895, 25.2402168 ], [ 55.303127, 25.2400326 ], [ 55.303076689026042, 25.240022829905666 ], [ 55.3031035, 25.2400159 ], [ 55.3030461, 25.2398341 ], [ 55.302892290093531, 25.239804230841496 ], [ 55.3030116, 25.2397746 ], [ 55.3029747, 25.2396529 ], [ 55.302703592858357, 25.239600251960749 ], [ 55.302696463560679, 25.239575025893021 ], [ 55.3027849, 25.2395922 ], [ 55.3029871, 25.2395381 ], [ 55.3028889, 25.2392377 ], [ 55.302700105122049, 25.239201036558875 ], [ 55.3028716, 25.2391577 ], [ 55.3027747, 25.2388446 ], [ 55.302519980476248, 25.23888619204056 ], [ 55.302612027850572, 25.239183932108169 ], [ 55.302562670578453, 25.239174346988221 ], [ 55.3025404, 25.2390819 ], [ 55.30215775324794, 25.239007589777803 ], [ 55.301972253251741, 25.239052589295969 ], [ 55.301999330131828, 25.239130189629016 ], [ 55.30167595343449, 25.239067388535087 ], [ 55.300830990779694, 25.239488020316859 ], [ 55.300688576251318, 25.239210840050887 ], [ 55.3009278, 25.2392573 ], [ 55.3010313, 25.2392026 ], [ 55.301053082415976, 25.239134140999585 ], [ 55.301041380510334, 25.239172091529969 ], [ 55.301101480460538, 25.239277791548322 ], [ 55.3011525, 25.2392877 ], [ 55.3013136, 25.2392129 ], [ 55.301295609309427, 25.239181241849383 ], [ 55.3013474, 25.2391913 ], [ 55.3015166, 25.2391148 ], [ 55.301504881054512, 25.239093564010687 ], [ 55.3015442, 25.2391012 ], [ 55.301709, 25.2390239 ], [ 55.301686017723021, 25.238984114571121 ], [ 55.3017673, 25.2389999 ], [ 55.3019181, 25.2389215 ], [ 55.301892112464067, 25.238877068449355 ], [ 55.3019587, 25.23889 ], [ 55.3021271, 25.2388033 ], [ 55.30211238050336, 25.238779305232264 ], [ 55.3021726, 25.238791 ], [ 55.3023318, 25.2387129 ], [ 55.302308489509429, 25.238673493436483 ], [ 55.3023698, 25.2386854 ], [ 55.3025351, 25.2386084 ], [ 55.3024385, 25.2384472 ], [ 55.302390272231939, 25.238437834127655 ], [ 55.3025167, 25.2383768 ], [ 55.3024271, 25.2382254 ], [ 55.302279856332234, 25.238196805054852 ], [ 55.302372, 25.2381539 ], [ 55.302293, 25.238015 ], [ 55.301910356740713, 25.237940689307869 ], [ 55.301751560686775, 25.23801463672045 ], [ 55.301635456793676, 25.237992088596197 ], [ 55.301474656660538, 25.238075188171781 ], [ 55.301525282747988, 25.238155527949083 ], [ 55.301379356573108, 25.238127187919819 ], [ 55.301216956411174, 25.238219987489821 ], [ 55.301240608011796, 25.238258307929236 ], [ 55.30119055634303, 25.238248587417839 ], [ 55.301033656196978, 25.238334887002921 ], [ 55.301048231912546, 25.238357840609542 ], [ 55.300989256195642, 25.238346386887489 ], [ 55.300826556057466, 25.238431586457885 ], [ 55.300846242208259, 25.238464368243534 ], [ 55.300791756015606, 25.23845378636538 ], [ 55.300627855877117, 25.238539385932636 ], [ 55.300661277566505, 25.238593386021378 ], [ 55.300536155855944, 25.238569085693314 ], [ 55.300370155726213, 25.238652385255541 ], [ 55.30041975543169, 25.238735185369823 ], [ 55.300621379549391, 25.238795106946093 ], [ 55.300658880680572, 25.238854891405879 ], [ 55.3007099, 25.2388648 ], [ 55.30075990000001, 25.2388392 ], [ 55.300747620885687, 25.238819624610521 ], [ 55.3009173, 25.2388431 ], [ 55.301011, 25.2387972 ], [ 55.300978670852885, 25.238743271383942 ], [ 55.301106, 25.238768 ], [ 55.3011948, 25.238723 ], [ 55.301216005825289, 25.238595331896736 ], [ 55.301376, 25.238627 ], [ 55.3014685, 25.2385816 ], [ 55.301450454224018, 25.238551542422702 ], [ 55.3015146, 25.238564 ], [ 55.301601, 25.238519 ], [ 55.301613278216749, 25.238386058289549 ], [ 55.301761, 25.2384148 ], [ 55.3018621, 25.2383637 ], [ 55.301808066580946, 25.238276145407717 ], [ 55.301913257461287, 25.238296573995211 ], [ 55.301960055322702, 25.238386489366793 ], [ 55.30200879301394, 25.238395954417985 ], [ 55.301959955219417, 25.238419889361428 ], [ 55.301937638737229, 25.238527571281843 ], [ 55.301625157880594, 25.238516334369461 ], [ 55.301625157849088, 25.238586526100828 ], [ 55.301571858900971, 25.238613260734759 ], [ 55.301490410562444, 25.238606165845265 ], [ 55.301490410542058, 25.238651081608456 ], [ 55.301540148886168, 25.238660741140212 ], [ 55.301534593455685, 25.23874808342152 ], [ 55.301378154745265, 25.238718087826182 ], [ 55.301288454682002, 25.238760887589965 ], [ 55.301312642863884, 25.238802299517499 ], [ 55.301232254645498, 25.238786687442129 ], [ 55.301142754583637, 25.238828987206496 ], [ 55.301120188886145, 25.238928464307811 ], [ 55.300940845731773, 25.238919494296869 ], [ 55.300790080664271, 25.238861691450527 ], [ 55.300670780650051, 25.238925891408492 ], [ 55.300698401624743, 25.238967785785487 ], [ 55.30063455458447, 25.238955385885991 ], [ 55.300558554722933, 25.238995563964203 ], [ 55.3002703, 25.238551 ], [ 55.30011773533078, 25.238521369432956 ], [ 55.3002154, 25.2384715 ], [ 55.2999276, 25.2380102 ], [ 55.299544958580313, 25.237935883252817 ], [ 55.29923405832907, 25.23809458243251 ], [ 55.299286276686658, 25.238178252398782 ], [ 55.299135058237418, 25.238148882170726 ], [ 55.299036460927752, 25.238198876354922 ], [ 55.298820758454873, 25.238156981364831 ], [ 55.298772658410911, 25.23818318123767 ], [ 55.298802058251738, 25.238227281306159 ], [ 55.298931036324582, 25.238252332225741 ], [ 55.298830357994383, 25.238303381366936 ], [ 55.299116556344657, 25.238765082028781 ], [ 55.29928689640434, 25.238798166017116 ], [ 55.298914656605064, 25.238731281517055 ], [ 55.29882345652905, 25.238778581276307 ], [ 55.298940060753146, 25.238975820838242 ], [ 55.298446656510343, 25.238878580296277 ], [ 55.298240056408268, 25.238963079754367 ], [ 55.298218668884132, 25.239062559457434 ], [ 55.298065628866816, 25.239032834437513 ], [ 55.298349717032025, 25.238885614727305 ], [ 55.2984391, 25.2388674 ], [ 55.2983016, 25.2386546 ], [ 55.29825058101509, 25.238644690588082 ], [ 55.298201281009433, 25.238670690570721 ], [ 55.298215147828557, 25.238692151421933 ], [ 55.297860557752784, 25.238623278834964 ], [ 55.297068057093725, 25.239033876742941 ], [ 55.297100556320999, 25.239085219780396 ], [ 55.295560318526526, 25.238786038850751 ], [ 55.295096316569328, 25.239033532966069 ], [ 55.295245112467462, 25.239272534618177 ], [ 55.296908068696531, 25.239595554806929 ], [ 55.296776955375442, 25.239661675901175 ], [ 55.296830595891045, 25.239744083429116 ] ], [ [ 55.303025179612462, 25.241167680360103 ], [ 55.3030928, 25.2411333 ], [ 55.303044079121939, 25.241054860876069 ], [ 55.303102045970995, 25.241066117637917 ], [ 55.30307522826763, 25.241072922724427 ], [ 55.303099138025324, 25.241148913041627 ], [ 55.303025179612462, 25.241167680360103 ] ], [ [ 55.30169575992236, 25.239871042212734 ], [ 55.301655837645875, 25.23980437273854 ], [ 55.3017085, 25.2398146 ], [ 55.3019315, 25.2396995 ], [ 55.301910575112629, 25.239666695482654 ], [ 55.3020038, 25.2396848 ], [ 55.3022268, 25.2395697 ], [ 55.302145690099351, 25.239442622471447 ], [ 55.3022291, 25.2394221 ], [ 55.3021923, 25.2393641 ], [ 55.302069511032883, 25.239340254165484 ], [ 55.3021536, 25.2392986 ], [ 55.302119688123284, 25.239242591908873 ], [ 55.302325311710597, 25.239282524261256 ], [ 55.302402251479968, 25.239517890325626 ], [ 55.302440610123952, 25.239525339555577 ], [ 55.302466530915702, 25.239609694693137 ], [ 55.302410051146481, 25.239623690329385 ], [ 55.302449831797553, 25.239830655517181 ], [ 55.302335449108362, 25.239845304374914 ], [ 55.3022594, 25.2397178 ], [ 55.302080830633038, 25.239683121635593 ], [ 55.30169575992236, 25.239871042212734 ] ], [ [ 55.302139658512502, 25.241275767963906 ], [ 55.302136111953779, 25.241269967269883 ], [ 55.302146933347515, 25.241272068778557 ], [ 55.302139658512502, 25.241275767963906 ] ], [ [ 55.301422893038904, 25.240020668692711 ], [ 55.301487569170966, 25.239988961935062 ], [ 55.301517426951946, 25.240039027713191 ], [ 55.301422893038904, 25.240020668692711 ] ], [ [ 55.301373331687039, 25.239749508489105 ], [ 55.300984049405265, 25.239952984876133 ], [ 55.300875217787649, 25.239931848732798 ], [ 55.301311278872454, 25.239715847194844 ], [ 55.301373331687039, 25.239749508489105 ] ], [ [ 55.299724400975244, 25.239796285654183 ], [ 55.299735031694119, 25.239779658120735 ], [ 55.299733619271223, 25.239798076015575 ], [ 55.299724400975244, 25.239796285654183 ] ], [ [ 55.29956756011839, 25.239596662405589 ], [ 55.299614226584033, 25.239572530090793 ], [ 55.299662886301007, 25.239615176588963 ], [ 55.29956756011839, 25.239596662405589 ] ], [ [ 55.298958599099578, 25.240735173627346 ], [ 55.2992275, 25.2407874 ], [ 55.299389339076022, 25.240707262489018 ], [ 55.299609274319771, 25.240754935505738 ], [ 55.299315649578126, 25.240901682210595 ], [ 55.29933842267392, 25.240938965985187 ], [ 55.2992726, 25.2408364 ], [ 55.298983888682208, 25.240780326103554 ], [ 55.298958599099578, 25.240735173627346 ] ], [ [ 55.299515554147014, 25.239375682956595 ], [ 55.299531648124358, 25.239401844336705 ], [ 55.299458280586947, 25.239381090985272 ], [ 55.299405180580941, 25.239408890966573 ], [ 55.29940280741252, 25.239439836918525 ], [ 55.299308280569981, 25.239459590932459 ], [ 55.299305824281291, 25.239491620766632 ], [ 55.299211380558582, 25.239511390898315 ], [ 55.299209425476342, 25.239536885037133 ], [ 55.298837154395365, 25.239464581206068 ], [ 55.298788474508953, 25.239490066948715 ], [ 55.298715326589281, 25.239368585455605 ], [ 55.2989975, 25.2394239 ], [ 55.299084669041079, 25.239114691966385 ], [ 55.2992496, 25.2391451 ], [ 55.299228590315565, 25.23909024715174 ], [ 55.299364538699272, 25.239114633793655 ], [ 55.299477754417588, 25.239297682871779 ], [ 55.299617122753823, 25.239324751005864 ], [ 55.299515554147014, 25.239375682956595 ] ], [ [ 55.299494978375904, 25.239857466025597 ], [ 55.299532320548963, 25.239864289557577 ], [ 55.299507579087368, 25.239877267140464 ], [ 55.299494978375904, 25.239857466025597 ] ], [ [ 55.299505151748242, 25.239896420214428 ], [ 55.29950454365175, 25.23990434974937 ], [ 55.299500548783001, 25.239903573867004 ], [ 55.299505151748242, 25.239896420214428 ] ], [ [ 55.299430039548788, 25.242188719064064 ], [ 55.299450651879511, 25.242192614635339 ], [ 55.299350787390154, 25.242236770798737 ], [ 55.299312090447202, 25.24216642753553 ], [ 55.299430039548788, 25.242188719064064 ] ], [ [ 55.2990544, 25.24169 ], [ 55.298947475771328, 25.241669233046554 ], [ 55.2990207, 25.2416363 ], [ 55.298991273219265, 25.241582806750486 ], [ 55.299221624619889, 25.241627545726974 ], [ 55.299063592259614, 25.241706452834965 ], [ 55.2990544, 25.24169 ] ], [ [ 55.299048996356618, 25.24010575142135 ], [ 55.29902843648869, 25.240073443057749 ], [ 55.299084541631473, 25.240083695299212 ], [ 55.299049280331452, 25.240102190830896 ], [ 55.299048996356618, 25.24010575142135 ] ], [ [ 55.299044583694219, 25.240131999228151 ], [ 55.299047231111139, 25.240127884771479 ], [ 55.299046867584515, 25.240132442811507 ], [ 55.299044583694219, 25.240131999228151 ] ], [ [ 55.29882338517227, 25.240219290661713 ], [ 55.29881180910688, 25.240201045404532 ], [ 55.298846252325156, 25.24020733935124 ], [ 55.29882338517227, 25.240219290661713 ] ], [ [ 55.298813247574529, 25.240244928153444 ], [ 55.298820193077418, 25.240234064675242 ], [ 55.298819236818339, 25.240246091409528 ], [ 55.298813247574529, 25.240244928153444 ] ], [ [ 55.298826819940189, 25.239596918816712 ], [ 55.298708318306474, 25.239573902799432 ], [ 55.29870466040758, 25.239568142707256 ], [ 55.298797270481288, 25.239549957828768 ], [ 55.298826819940189, 25.239596918816712 ] ], [ [ 55.298751533383381, 25.241712136337441 ], [ 55.298745450911468, 25.24170139678116 ], [ 55.298766207877627, 25.241705428259774 ], [ 55.298751533383381, 25.241712136337441 ] ], [ [ 55.298723382976412, 25.241778157727712 ], [ 55.298728527263343, 25.241787365878896 ], [ 55.298710899890402, 25.241783942236196 ], [ 55.298723382976412, 25.241778157727712 ] ], [ [ 55.298439201662376, 25.239703724330663 ], [ 55.2985369, 25.2397227 ], [ 55.298603429718845, 25.239689005327172 ], [ 55.298701787013449, 25.23978598287977 ], [ 55.298639880510336, 25.239770790697918 ], [ 55.29858678050433, 25.239798590679221 ], [ 55.298584407319197, 25.239829536849172 ], [ 55.298489880493371, 25.239849290645111 ], [ 55.298487424188004, 25.239881320696849 ], [ 55.298319041607598, 25.239848616157467 ], [ 55.2984833, 25.2397676 ], [ 55.298439201662376, 25.239703724330663 ] ], [ [ 55.298600850014829, 25.240323320025652 ], [ 55.298593421253855, 25.24031161141458 ], [ 55.298615545118871, 25.240315654226322 ], [ 55.298600850014829, 25.240323320025652 ] ], [ [ 55.298585513167801, 25.240354602820918 ], [ 55.2985886, 25.240353 ], [ 55.298593099232974, 25.240345962739418 ], [ 55.298592337339549, 25.240355928250317 ], [ 55.298585513167801, 25.240354602820918 ] ], [ [ 55.298515414804825, 25.241422651255789 ], [ 55.298521635450243, 25.241419664626559 ], [ 55.298524266920076, 25.24142437055718 ], [ 55.298515414804825, 25.241422651255789 ] ], [ [ 55.298131191704648, 25.240548433496077 ], [ 55.298133551579916, 25.240549679238018 ], [ 55.298136694174282, 25.240550289619929 ], [ 55.298133447731267, 25.240551989262126 ], [ 55.298131191704648, 25.240548433496077 ] ], [ [ 55.298129485015714, 25.240567772156407 ], [ 55.298128689336117, 25.240578147762271 ], [ 55.298123496297571, 25.240577139125154 ], [ 55.298129485015714, 25.240567772156407 ] ], [ [ 55.2978377, 25.2400582 ], [ 55.297777801797302, 25.23996194007508 ], [ 55.2978991, 25.2399855 ], [ 55.297981500472083, 25.239943836257549 ], [ 55.298046653201659, 25.240047379092672 ], [ 55.298099605190316, 25.240066719816088 ], [ 55.298002380439428, 25.240101590473525 ], [ 55.298000172442613, 25.240134812728968 ], [ 55.297773605209755, 25.240090806363028 ], [ 55.2978377, 25.2400582 ] ], [ [ 55.298015231339051, 25.241987904214771 ], [ 55.297967345864485, 25.242011277138914 ], [ 55.297947934076404, 25.241974833196601 ], [ 55.298015231339051, 25.241987904214771 ] ], [ [ 55.297942017833961, 25.240320154148858 ], [ 55.29801127784733, 25.240333606524771 ], [ 55.298014289621449, 25.240338275294373 ], [ 55.297945285761244, 25.240325424254198 ], [ 55.297942017833961, 25.240320154148858 ] ], [ [ 55.297705051959547, 25.240533878143331 ], [ 55.297715099330169, 25.240586503977358 ], [ 55.297624351913498, 25.240568877931338 ], [ 55.297571351868363, 25.24059667779137 ], [ 55.297624483771536, 25.240718291702802 ], [ 55.297550828416263, 25.240703637753757 ], [ 55.2975707, 25.240694 ], [ 55.2974304, 25.240433 ], [ 55.297178607334168, 25.240384093123033 ], [ 55.2974271, 25.2402867 ], [ 55.297388470771118, 25.240226341942279 ], [ 55.2974696, 25.2402421 ], [ 55.297601261671709, 25.24017409687519 ], [ 55.297674945695839, 25.240266910040571 ], [ 55.297649222612257, 25.240311139761438 ], [ 55.297607780396881, 25.240303090334692 ], [ 55.29755272527553, 25.240356384886347 ], [ 55.29745898038199, 25.240376290282395 ], [ 55.297539980305437, 25.240541590306659 ], [ 55.297618, 25.2405658 ], [ 55.297678515263613, 25.240513566004772 ], [ 55.2977721, 25.2404902 ], [ 55.297771940031275, 25.240461071604674 ], [ 55.297986986975786, 25.240511079928662 ], [ 55.297930982258762, 25.240539747234717 ], [ 55.297758152004299, 25.240506178283546 ], [ 55.297705051959547, 25.240533878143331 ] ], [ [ 55.2978264, 25.2391567 ], [ 55.29783116728543, 25.239154231648403 ], [ 55.297851428911599, 25.239185221066165 ], [ 55.297793185314546, 25.239173908267514 ], [ 55.2978264, 25.2391567 ] ], [ [ 55.297488556004716, 25.239280877781546 ], [ 55.297479694466908, 25.239274419948629 ], [ 55.297560497214768, 25.239294851244225 ], [ 55.297488556004716, 25.239280877781546 ] ] ], [ [ [ 55.303702488477398, 25.248812943454769 ], [ 55.303657572713185, 25.248768027690559 ], [ 55.303566735613359, 25.248759110666537 ], [ 55.303476904076568, 25.248804026402311 ], [ 55.303476904059877, 25.248848942165687 ], [ 55.303657572713185, 25.248902774983179 ], [ 55.303702488477398, 25.248857859218969 ], [ 55.303702488477398, 25.248812943454769 ] ] ], [ [ [ 55.303612656948978, 25.234619561965669 ], [ 55.303702488477398, 25.234484814673067 ], [ 55.303702488477398, 25.234439898908857 ], [ 55.303595651017226, 25.234436596406475 ], [ 55.303460903716868, 25.234526427918947 ], [ 55.303460903710686, 25.234571343682845 ], [ 55.303505819467176, 25.234616259451847 ], [ 55.303612656948978, 25.234619561965669 ] ] ], [ [ [ 55.3037261, 25.2311575 ], [ 55.3037126, 25.2311054 ], [ 55.303661583573152, 25.23109549258929 ], [ 55.303547583574982, 25.23111949254989 ], [ 55.303561083552097, 25.231171592553434 ], [ 55.303597545627035, 25.231178673527772 ], [ 55.30354977615788, 25.231188934732419 ], [ 55.3035272, 25.231106 ], [ 55.303324755175382, 25.231092919470765 ], [ 55.303348855068386, 25.231181819488274 ], [ 55.303477463028194, 25.231206795441384 ], [ 55.303489983525253, 25.231254392527482 ], [ 55.303541, 25.2312643 ], [ 55.3037328, 25.2312231 ], [ 55.3037197, 25.2311733 ], [ 55.303683990406356, 25.231166365189104 ], [ 55.3037261, 25.2311575 ] ] ], [ [ [ 55.303657572713185, 25.234305151616237 ], [ 55.303612656948978, 25.234170404323621 ], [ 55.303505819535125, 25.234122186048946 ], [ 55.303415988009789, 25.234122186038729 ], [ 55.303460903747748, 25.234301849099445 ], [ 55.303505819504238, 25.234346764868448 ], [ 55.303567741184771, 25.234350067380436 ], [ 55.303657572713185, 25.234305151616237 ] ] ], [ [ [ 55.303505819615424, 25.233538281118243 ], [ 55.303505819603068, 25.233628112646052 ], [ 55.303595651116055, 25.233717944184068 ], [ 55.303657572713185, 25.233721246681561 ], [ 55.303657572713185, 25.233541583624728 ], [ 55.303505819615424, 25.233538281118243 ] ] ], [ [ [ 55.303491217258454, 25.229978377089843 ], [ 55.303491217230672, 25.230023292852675 ], [ 55.303657572713185, 25.230038154016672 ], [ 55.303657572713185, 25.229993238252462 ], [ 55.303491217258454, 25.229978377089843 ] ] ], [ [ [ 55.303516784303064, 25.22936199257526 ], [ 55.302996484315251, 25.229462092395661 ], [ 55.302887984294486, 25.229539492357059 ], [ 55.302989184156509, 25.229848792385269 ], [ 55.303055584104889, 25.229957392405719 ], [ 55.3031933, 25.2300017 ], [ 55.3033025, 25.2299996 ], [ 55.3033914, 25.2299825 ], [ 55.3035571, 25.229878 ], [ 55.3035789, 25.2294192 ], [ 55.3035678, 25.2293719 ], [ 55.303516784303064, 25.22936199257526 ] ] ], [ [ [ 55.303460903741573, 25.234346764863339 ], [ 55.303371072216244, 25.234346764853118 ], [ 55.303371072203888, 25.234436596380931 ], [ 55.303477909656358, 25.23443989890886 ], [ 55.303460903741573, 25.234346764863339 ] ] ], [ [ [ 55.303432993892152, 25.234080572795204 ], [ 55.303432993892152, 25.234035657031001 ], [ 55.303388078127945, 25.233990741266798 ], [ 55.303281240746493, 25.233942522967794 ], [ 55.303191409221171, 25.233942522957577 ], [ 55.303236324965297, 25.234077270254396 ], [ 55.303388078127945, 25.234125488559414 ], [ 55.303432993892152, 25.234080572795204 ] ] ], [ [ [ 55.303415988102437, 25.233448449580219 ], [ 55.303371072339779, 25.233448449575114 ], [ 55.303371072333597, 25.233493365339026 ], [ 55.303432993892152, 25.233496667860532 ], [ 55.303415988102437, 25.233448449580219 ] ] ], [ [ [ 55.303371072166826, 25.234706090964323 ], [ 55.303326156404154, 25.234706090959214 ], [ 55.303326156397979, 25.234751006723116 ], [ 55.303388078127945, 25.2347543092583 ], [ 55.303371072166826, 25.234706090964323 ] ] ], [ [ [ 55.303298246599532, 25.234170404323621 ], [ 55.303236324952941, 25.234167101782191 ], [ 55.303191409184109, 25.234212017540983 ], [ 55.303191409177934, 25.234256933304888 ], [ 55.303343162363738, 25.234305151616237 ], [ 55.303343162363738, 25.234215320087827 ], [ 55.303298246599532, 25.234170404323621 ] ] ], [ [ [ 55.303326156601806, 25.233268786514405 ], [ 55.303281240839141, 25.233268786509285 ], [ 55.303281240832966, 25.233313702273197 ], [ 55.303343162363738, 25.233317004803705 ], [ 55.303326156601806, 25.233268786514405 ] ] ], [ [ [ 55.3031667, 25.2423809 ], [ 55.3031747, 25.2423103 ], [ 55.303046931344269, 25.2422854884285 ], [ 55.3030261, 25.2422459 ], [ 55.302847526705264, 25.242211222371001 ], [ 55.30277401630056, 25.242242864589798 ], [ 55.3027031, 25.2421273 ], [ 55.302524526992855, 25.242092621993507 ], [ 55.30141622658806, 25.242649020629358 ], [ 55.301447745257448, 25.242700350309967 ], [ 55.301383226543898, 25.242687820587154 ], [ 55.301198926487892, 25.242772520360869 ], [ 55.301292426213692, 25.242939020460685 ], [ 55.301471, 25.2429737 ], [ 55.3016554, 25.242889 ], [ 55.301619531505018, 25.242825195522968 ], [ 55.3016901, 25.2428389 ], [ 55.302127104267676, 25.242619551762704 ], [ 55.302196526181902, 25.242735721555594 ], [ 55.3023751, 25.2427704 ], [ 55.3027384, 25.2425928 ], [ 55.302644, 25.242435 ], [ 55.302536406998854, 25.242414105985901 ], [ 55.302682164297117, 25.24234094398447 ], [ 55.302751526362194, 25.242472622237599 ], [ 55.3029301, 25.2425073 ], [ 55.3031667, 25.2423809 ] ] ], [ [ [ 55.30323632487265, 25.234751006712891 ], [ 55.303011746059319, 25.234751006687343 ], [ 55.303011746053137, 25.234795922451248 ], [ 55.303253330835325, 25.234799225022503 ], [ 55.30323632487265, 25.234751006712891 ] ] ], [ [ [ 55.3030762, 25.2421516 ], [ 55.3029795, 25.2420013 ], [ 55.302800927075381, 25.241966622332793 ], [ 55.302722727044156, 25.242007722236409 ], [ 55.302819426792084, 25.242158122341216 ], [ 55.302998, 25.2421928 ], [ 55.3030762, 25.2421516 ] ] ], [ [ [ 55.3030412, 25.2406501 ], [ 55.3029945, 25.2404825 ], [ 55.302745179779755, 25.240517792084116 ], [ 55.302791879705786, 25.240685392096637 ], [ 55.3030412, 25.2406501 ] ] ], [ [ [ 55.303118583542712, 25.234035657030997 ], [ 55.303056661920813, 25.234032354470045 ], [ 55.303056661914638, 25.234077270233946 ], [ 55.303118583542712, 25.234080572795207 ], [ 55.303118583542712, 25.234035657030997 ] ] ], [ [ [ 55.302983836250093, 25.233586499388945 ], [ 55.30290150774637, 25.233579233725319 ], [ 55.302901507719199, 25.233669065252389 ], [ 55.302946423452838, 25.233758896790693 ], [ 55.303118583542712, 25.233766162445765 ], [ 55.303118583542712, 25.233721246681558 ], [ 55.302983836250093, 25.233586499388945 ] ] ], [ [ [ 55.302882362536828, 25.241693030789111 ], [ 55.302978, 25.2416752 ], [ 55.3029528, 25.2416314 ], [ 55.302830422487574, 25.241607635054862 ], [ 55.3028756, 25.2415852 ], [ 55.3027828, 25.2414322 ], [ 55.302731779407843, 25.24142229206107 ], [ 55.30199767933285, 25.241786891803002 ], [ 55.302090579260195, 25.241939791831591 ], [ 55.302156105342661, 25.241942496791804 ], [ 55.302232727133571, 25.242067921646587 ], [ 55.3024113, 25.2421026 ], [ 55.3029638, 25.2418262 ], [ 55.302882362536828, 25.241693030789111 ] ] ], [ [ [ 55.303011746040781, 25.234885753979043 ], [ 55.302921914515444, 25.234885753968825 ], [ 55.30292191450927, 25.234930669732723 ], [ 55.303028752014299, 25.234933972315122 ], [ 55.303011746040781, 25.234885753979043 ] ] ], [ [ [ 55.3022039, 25.2481875 ], [ 55.3027785, 25.2479186 ], [ 55.3026559, 25.2477044 ], [ 55.302604876831779, 25.247694491889654 ], [ 55.302030276779874, 25.247963391687939 ], [ 55.302152876678832, 25.248177591725437 ], [ 55.3022039, 25.2481875 ] ] ], [ [ [ 55.302849088957473, 25.235383129957189 ], [ 55.302938920485886, 25.235293298428765 ], [ 55.302938920485886, 25.235248382664558 ], [ 55.302732047807645, 25.23524309849568 ], [ 55.302732047777987, 25.235377845786829 ], [ 55.302849088957473, 25.235383129957189 ] ] ], [ [ [ 55.302759257429059, 25.243602714806869 ], [ 55.302804173193266, 25.24360271480688 ], [ 55.302804173193266, 25.243557799042666 ], [ 55.30269463023901, 25.243545248918622 ], [ 55.30269463021552, 25.243590164681667 ], [ 55.302759257429059, 25.243602714806869 ] ] ], [ [ [ 55.302858292434657, 25.234028721607867 ], [ 55.302813376673683, 25.234028721597134 ], [ 55.302813376660701, 25.234073637360698 ], [ 55.302894004721679, 25.234080572795204 ], [ 55.302894004721679, 25.234035657031001 ], [ 55.302858292434657, 25.234028721607867 ] ] ], [ [ [ 55.3024759, 25.2474044 ], [ 55.30242487697415, 25.24739449183431 ], [ 55.30213297694737, 25.247532091731824 ], [ 55.302270676834617, 25.247770891773968 ], [ 55.3023217, 25.2477808 ], [ 55.3026136, 25.2476432 ], [ 55.3024759, 25.2474044 ] ] ], [ [ [ 55.302514967205596, 25.24354524884092 ], [ 55.302514967158629, 25.243635080367007 ], [ 55.302624510136454, 25.243647630571083 ], [ 55.302669425900653, 25.243602714806869 ], [ 55.302669425900653, 25.243557799042666 ], [ 55.302514967205596, 25.24354524884092 ] ] ], [ [ [ 55.302725245736255, 25.234029051835638 ], [ 55.302680329975139, 25.23402905182542 ], [ 55.302680329962783, 25.234073967589012 ], [ 55.302759257429059, 25.2340805727952 ], [ 55.302759257429059, 25.234035657031004 ], [ 55.302725245736255, 25.234029051835638 ] ] ], [ [ [ 55.30257959437224, 25.233586499388942 ], [ 55.30271434166486, 25.233586499388945 ], [ 55.30271434166486, 25.233496667860532 ], [ 55.302534678608033, 25.233317004803705 ], [ 55.302407434458885, 25.233309739020459 ], [ 55.302452350151768, 25.233534317849362 ], [ 55.30257959437224, 25.233586499388942 ] ] ], [ [ [ 55.301352780233437, 25.240995367895867 ], [ 55.301243228961326, 25.241049220537082 ], [ 55.301336428703742, 25.241204320637348 ], [ 55.301515, 25.241239 ], [ 55.3026019, 25.2407048 ], [ 55.3025087, 25.2405496 ], [ 55.302401545057791, 25.240528790715707 ], [ 55.3025359, 25.2404631 ], [ 55.302447, 25.2403143 ], [ 55.302268429703922, 25.240279621817102 ], [ 55.301152929317688, 25.240825020445222 ], [ 55.30124182907074, 25.240973820540802 ], [ 55.301352780233437, 25.240995367895867 ] ] ], [ [ [ 55.302624510136454, 25.235203466900359 ], [ 55.302669425900653, 25.235158551136152 ], [ 55.302669425900653, 25.235113635371945 ], [ 55.302543881796524, 25.235106699858282 ], [ 55.302543881770575, 25.235196531385412 ], [ 55.302624510136454, 25.235203466900359 ] ] ], [ [ [ 55.302545582728811, 25.233894304503977 ], [ 55.302500666930626, 25.234029051784539 ], [ 55.30257959437224, 25.234035657031004 ], [ 55.302669425900653, 25.233945825502587 ], [ 55.302669425900653, 25.233900909738381 ], [ 55.302545582728811, 25.233894304503977 ] ] ], [ [ [ 55.3024482, 25.2473649 ], [ 55.3023385, 25.2471778 ], [ 55.30228747708184, 25.247167891792024 ], [ 55.302032577057616, 25.247290091702492 ], [ 55.302142176969049, 25.247477291736089 ], [ 55.3021932, 25.2474872 ], [ 55.3024482, 25.2473649 ] ] ], [ [ [ 55.3025305, 25.2390562 ], [ 55.3025076, 25.2389924 ], [ 55.302411380442187, 25.238995792001255 ], [ 55.3024342804135, 25.239059592007763 ], [ 55.3025305, 25.2390562 ] ] ], [ [ [ 55.30240913452657, 25.235061784062516 ], [ 55.302534678608033, 25.235068719607732 ], [ 55.302534678608033, 25.234978888079329 ], [ 55.302409134552512, 25.234971952535396 ], [ 55.30240913452657, 25.235061784062516 ] ] ], [ [ [ 55.302489762843827, 25.234350067380444 ], [ 55.302489762843827, 25.234305151616233 ], [ 55.30244484707962, 25.23426023585203 ], [ 55.302367620171871, 25.234253960836039 ], [ 55.302322704398854, 25.234298876589957 ], [ 55.302322704375385, 25.234388708117198 ], [ 55.30244484707962, 25.23439498314465 ], [ 55.302489762843827, 25.234350067380444 ] ] ], [ [ [ 55.301215032346448, 25.245994586293182 ], [ 55.300916932115761, 25.246143385506951 ], [ 55.300952374635251, 25.246202599093344 ], [ 55.300860132031715, 25.24618468535515 ], [ 55.300449431734044, 25.246383184272936 ], [ 55.300586030912797, 25.246614384587311 ], [ 55.30064310437146, 25.246625468481394 ], [ 55.300702929526992, 25.246758473844466 ], [ 55.300574220868761, 25.246817519324889 ], [ 55.300606417481319, 25.246871256677451 ], [ 55.300533620826165, 25.246857119273525 ], [ 55.300356652441735, 25.246943406690718 ], [ 55.3002663, 25.2467893 ], [ 55.300041800873736, 25.246745700677621 ], [ 55.299926700825587, 25.246800900499721 ], [ 55.299848500570903, 25.246960600367867 ], [ 55.299941519605504, 25.247116322388834 ], [ 55.29966265995246, 25.247062165276379 ], [ 55.299456059639112, 25.247164264186843 ], [ 55.299590658052239, 25.24738696480793 ], [ 55.300018151261348, 25.24746998774889 ], [ 55.299991128685249, 25.247482082930681 ], [ 55.300296226775558, 25.248022783629132 ], [ 55.300413037719736, 25.248045468803692 ], [ 55.300362426579859, 25.248069483791511 ], [ 55.300427326183275, 25.248181383940562 ], [ 55.300608221914523, 25.248216514405179 ], [ 55.300469625845011, 25.248280084033773 ], [ 55.300543725378773, 25.248412184203289 ], [ 55.3009264, 25.2484865 ], [ 55.301094251014675, 25.248409511537002 ], [ 55.301116824821932, 25.248449185665425 ], [ 55.3014995, 25.2485235 ], [ 55.3017607, 25.248402 ], [ 55.301747494631236, 25.248378778754883 ], [ 55.3017888, 25.2483868 ], [ 55.30205, 25.2482653 ], [ 55.301761, 25.2477571 ], [ 55.30163132426172, 25.247731917616992 ], [ 55.3017163, 25.2476912 ], [ 55.301657262287229, 25.247582713588823 ], [ 55.301771208111496, 25.247604841306341 ], [ 55.301719719283248, 25.247629320635866 ], [ 55.301864718870796, 25.24787862079134 ], [ 55.3020433, 25.2479133 ], [ 55.3022631, 25.2478088 ], [ 55.3021181, 25.2475595 ], [ 55.30204495087338, 25.247545294986896 ], [ 55.3021338, 25.2475038 ], [ 55.301993380227458, 25.247257818244659 ], [ 55.3020592, 25.2472706 ], [ 55.3023031, 25.2471585 ], [ 55.3022124, 25.2469972 ], [ 55.3020963901429, 25.246974671736652 ], [ 55.3021811, 25.2469328 ], [ 55.3020738, 25.2467648 ], [ 55.301681062406921, 25.246680647729516 ], [ 55.3019052, 25.2465789 ], [ 55.3019423, 25.2464898 ], [ 55.3016989, 25.2460799 ], [ 55.301215032346448, 25.245994586293182 ] ], [ [ 55.301176377251558, 25.247012128661655 ], [ 55.301079378010954, 25.24699329141712 ], [ 55.301040089370716, 25.246928897951907 ], [ 55.301143057508469, 25.246948894389945 ], [ 55.301176377251558, 25.247012128661655 ] ], [ [ 55.300962896332535, 25.248183150146943 ], [ 55.300964911915749, 25.248182193743865 ], [ 55.300965774064153, 25.248183709001541 ], [ 55.300962896332535, 25.248183150146943 ] ], [ [ 55.30042872590802, 25.247143430462625 ], [ 55.300452620383709, 25.247183519153371 ], [ 55.300499910248995, 25.247192703049336 ], [ 55.300456445355202, 25.247257877665447 ], [ 55.300428, 25.2472108 ], [ 55.300328587651336, 25.24719149362528 ], [ 55.30042872590802, 25.247143430462625 ] ] ], [ [ [ 55.302410835260126, 25.234568040927225 ], [ 55.302365919498996, 25.234568040917008 ], [ 55.30236591948664, 25.234612956680603 ], [ 55.30244484707962, 25.234619561965676 ], [ 55.30244484707962, 25.234574646201473 ], [ 55.302410835260126, 25.234568040927225 ] ] ], [ [ [ 55.302312502143963, 25.230613802399084 ], [ 55.302489762843827, 25.230622058951347 ], [ 55.302489762843827, 25.230577143187137 ], [ 55.302312502159403, 25.230568886635641 ], [ 55.302312502143963, 25.230613802399084 ] ] ], [ [ [ 55.30225320000001, 25.2447252 ], [ 55.3021567, 25.2445715 ], [ 55.302105678176467, 25.244561591783182 ], [ 55.302033178168578, 25.244598791757674 ], [ 55.302129678095199, 25.244752491787484 ], [ 55.3021807, 25.2447624 ], [ 55.30225320000001, 25.2447252 ] ] ], [ [ [ 55.302339785674356, 25.233278643410134 ], [ 55.3023823, 25.2332869 ], [ 55.3024026, 25.2332774 ], [ 55.302339985689677, 25.233234043410942 ], [ 55.302319585688167, 25.233243543404992 ], [ 55.302339785674356, 25.233278643410134 ] ] ], [ [ [ 55.301486381410747, 25.236879091728746 ], [ 55.301400337567145, 25.236939778808985 ], [ 55.301168160550262, 25.236894687568057 ], [ 55.300969960389665, 25.236995987045127 ], [ 55.301013057177016, 25.237068207454136 ], [ 55.300888860303367, 25.237044086830128 ], [ 55.30016283877054, 25.237435276741746 ], [ 55.300120659710743, 25.237427084804736 ], [ 55.300049659651627, 25.23746388461732 ], [ 55.300190463309939, 25.237686051149545 ], [ 55.300039259062999, 25.237656684561124 ], [ 55.299963858991504, 25.237698584361656 ], [ 55.30000743551215, 25.237762685954792 ], [ 55.299957081191984, 25.237790491188083 ], [ 55.300013927306992, 25.23787469194432 ], [ 55.2999388, 25.237829 ], [ 55.299556159132443, 25.237754683309298 ], [ 55.299507959082668, 25.237782783181583 ], [ 55.299553858847652, 25.237847283289202 ], [ 55.29962891518116, 25.237861860843338 ], [ 55.299657058593475, 25.237903683544737 ], [ 55.299907181816373, 25.237952262494481 ], [ 55.299986981074319, 25.238068191192614 ], [ 55.300038, 25.2380781 ], [ 55.3000912, 25.2380473 ], [ 55.3000397, 25.237978 ], [ 55.300071379521533, 25.237960173375313 ], [ 55.300112581078558, 25.238026591236334 ], [ 55.3001636, 25.2380365 ], [ 55.3003355, 25.2379492 ], [ 55.300325425111666, 25.237932977421682 ], [ 55.30055838498297, 25.237943328516916 ], [ 55.30055838498297, 25.237898412752717 ], [ 55.300513469218764, 25.237853496988507 ], [ 55.300428597869384, 25.237842597478167 ], [ 55.3004788, 25.2378147 ], [ 55.30043847534251, 25.23775538237139 ], [ 55.3005884, 25.2377845 ], [ 55.3006594, 25.2377476 ], [ 55.300648603451336, 25.237730571782478 ], [ 55.300692, 25.237739 ], [ 55.301241879128092, 25.23745165942108 ], [ 55.301447057547428, 25.237795488143991 ], [ 55.301524457363634, 25.237835588335997 ], [ 55.3019381, 25.237916 ], [ 55.3020112, 25.2379079 ], [ 55.3021063, 25.2378318 ], [ 55.3021085, 25.2377278 ], [ 55.3016725, 25.237013 ], [ 55.301532183735191, 25.236965384558783 ], [ 55.3015722, 25.2369451 ], [ 55.3015374, 25.236889 ], [ 55.301486381410747, 25.236879091728746 ] ], [ [ 55.300247910585739, 25.237826401417969 ], [ 55.300361627301186, 25.237848487077468 ], [ 55.300322601132883, 25.237928430252126 ], [ 55.300251710544622, 25.237855189184639 ], [ 55.300247910585739, 25.237826401417969 ] ] ], [ [ [ 55.3019464, 25.2420479 ], [ 55.3018507, 25.2419029 ], [ 55.301672127623867, 25.241868220990995 ], [ 55.30149242754829, 25.241965320769321 ], [ 55.30158812730452, 25.242110220873311 ], [ 55.301694389615527, 25.242130857226204 ], [ 55.301570727191603, 25.242192720846621 ], [ 55.301662826940749, 25.24234342094589 ], [ 55.3018414, 25.2423781 ], [ 55.3020309, 25.2422832 ], [ 55.3019388, 25.2421326 ], [ 55.301828992381282, 25.242111275330174 ], [ 55.3019464, 25.2420479 ] ] ], [ [ [ 55.301995689437561, 25.234844140786709 ], [ 55.302040605201768, 25.234799225022499 ], [ 55.302040605201768, 25.234709393494093 ], [ 55.301995689437561, 25.234664477729886 ], [ 55.301916761863026, 25.234657872341991 ], [ 55.301871846089533, 25.234702788095372 ], [ 55.301871846064827, 25.234792619622564 ], [ 55.301916761813608, 25.23483753539637 ], [ 55.301995689437561, 25.234844140786709 ] ] ], [ [ [ 55.302040605201768, 25.234035657031004 ], [ 55.301995689437561, 25.233990741266805 ], [ 55.301921863791819, 25.23398512669538 ], [ 55.301876948019725, 25.234030042450367 ], [ 55.301876947988227, 25.234164789741435 ], [ 55.302040605201768, 25.234170404323624 ], [ 55.302040605201768, 25.234035657031004 ] ] ], [ [ [ 55.301905857909148, 25.235068719607742 ], [ 55.301995689437561, 25.235068719607739 ], [ 55.301995689437561, 25.234978888079326 ], [ 55.301870145420835, 25.234971952406617 ], [ 55.301870145394894, 25.235061783933741 ], [ 55.301905857909148, 25.235068719607742 ] ] ], [ [ [ 55.301995689437561, 25.233496667860535 ], [ 55.301995689437561, 25.233451752096318 ], [ 55.301950773673354, 25.233406836332115 ], [ 55.301871846447789, 25.233400230951137 ], [ 55.301826930674309, 25.233445146704518 ], [ 55.301826930649604, 25.233534978231695 ], [ 55.301950773673354, 25.233541583624731 ], [ 55.301995689437561, 25.233496667860535 ] ] ], [ [ [ 55.301905857909148, 25.235248382664562 ], [ 55.301905857909148, 25.235203466900362 ], [ 55.301780313834037, 25.235196531202973 ], [ 55.301780313821062, 25.23524144696654 ], [ 55.301905857909148, 25.235248382664562 ] ] ], [ [ [ 55.300495124969153, 25.243999219432059 ], [ 55.300569609685205, 25.244013684933226 ], [ 55.300531524907363, 25.244032919473149 ], [ 55.300632724633985, 25.244196919582347 ], [ 55.3008113, 25.2442316 ], [ 55.301712, 25.2437766 ], [ 55.3016108, 25.2436127 ], [ 55.301536797894855, 25.243598328736745 ], [ 55.301694, 25.2436275 ], [ 55.3017509, 25.2435997 ], [ 55.3017199, 25.2435476 ], [ 55.301549001689189, 25.243514411480835 ], [ 55.3014785, 25.2434002 ], [ 55.301299925594861, 25.243365520439134 ], [ 55.30038812525833, 25.243825719316604 ], [ 55.300495124969153, 25.243999219432059 ] ] ], [ [ [ 55.301752404269791, 25.233717613703753 ], [ 55.301752404262999, 25.233762529467615 ], [ 55.301860942144941, 25.233766162445768 ], [ 55.301860942144941, 25.233721246681558 ], [ 55.301752404269791, 25.233717613703753 ] ] ], [ [ [ 55.30178711646505, 25.234164789724066 ], [ 55.301742200703458, 25.234164789715372 ], [ 55.301742200692964, 25.234209705479053 ], [ 55.301816026380735, 25.234215320087827 ], [ 55.301816026380735, 25.234170404323621 ], [ 55.30178711646505, 25.234164789724066 ] ] ], [ [ [ 55.301787116486047, 25.234074958196686 ], [ 55.301697284962877, 25.23407495817931 ], [ 55.301697284952382, 25.234119873943001 ], [ 55.301816026380735, 25.23412548855941 ], [ 55.301816026380735, 25.234080572795211 ], [ 55.301787116486047, 25.234074958196686 ] ] ], [ [ [ 55.301540430475683, 25.233217265097327 ], [ 55.30154043042009, 25.233352012387186 ], [ 55.301585346161147, 25.233396928165813 ], [ 55.301681279088122, 25.233406836332115 ], [ 55.301681279088122, 25.233227173275292 ], [ 55.301540430475683, 25.233217265097327 ] ] ], [ [ [ 55.30160065088095, 25.234882120815101 ], [ 55.301555735119983, 25.234882120804368 ], [ 55.301555735107009, 25.234927036567932 ], [ 55.301636363323915, 25.234933972315122 ], [ 55.301636363323915, 25.234889056550912 ], [ 55.30160065088095, 25.234882120815101 ] ] ], [ [ [ 55.301636363323915, 25.23093646930079 ], [ 55.301565939488995, 25.230931515237359 ], [ 55.301565939479737, 25.23097643100111 ], [ 55.301636363323915, 25.230981385065 ], [ 55.301636363323915, 25.23093646930079 ] ] ], [ [ [ 55.301591447559709, 25.233137341746879 ], [ 55.301591447559709, 25.233047510218469 ], [ 55.301407383837414, 25.23303793227247 ], [ 55.301362468059764, 25.233082848020967 ], [ 55.301362468023939, 25.233172679547607 ], [ 55.301546531795509, 25.233182257511096 ], [ 55.301591447559709, 25.233137341746879 ] ] ], [ [ [ 55.300204225754349, 25.243528219118144 ], [ 55.300304225488489, 25.243687319226257 ], [ 55.3004828, 25.243722 ], [ 55.3014004, 25.2432505 ], [ 55.3013004, 25.2430913 ], [ 55.301121826105238, 25.243056620248407 ], [ 55.301068948429013, 25.243083796885792 ], [ 55.301013, 25.2429896 ], [ 55.300834426355628, 25.242954919912247 ], [ 55.300077626096666, 25.243322818981561 ], [ 55.300187625789654, 25.243507919099766 ], [ 55.300228339357552, 25.24351582610295 ], [ 55.300204225754349, 25.243528219118144 ] ] ], [ [ [ 55.301286240372526, 25.235510941429865 ], [ 55.301286240359559, 25.235555857193429 ], [ 55.301366868738675, 25.235562793014005 ], [ 55.301366868738675, 25.235517877249798 ], [ 55.301286240372526, 25.235510941429865 ] ] ], [ [ [ 55.3012709, 25.2346024 ], [ 55.301325, 25.2346029 ], [ 55.301325, 25.2345648 ], [ 55.301198835204907, 25.234540297088728 ], [ 55.3012585, 25.2345415 ], [ 55.3012599, 25.2344879 ], [ 55.300982038584308, 25.234451220697078 ], [ 55.300980738507377, 25.234504820691701 ], [ 55.301111007232748, 25.23453012084644 ], [ 55.301062638445408, 25.234527320787926 ], [ 55.301062738387039, 25.234567720785158 ], [ 55.3012709, 25.2346024 ] ] ], [ [ [ 55.301057882297094, 25.234837691624211 ], [ 55.3012832, 25.234871 ], [ 55.30132050000001, 25.2346624 ], [ 55.3012557, 25.2346225 ], [ 55.30106928239563, 25.234595991633043 ], [ 55.301057882297094, 25.234837691624211 ] ] ], [ [ [ 55.3008412, 25.2526551 ], [ 55.30106210000001, 25.252542 ], [ 55.3008325, 25.2521749 ], [ 55.300781475173487, 25.252164991175594 ], [ 55.300560475149531, 25.252278091097814 ], [ 55.300790174974296, 25.252645191168753 ], [ 55.3008412, 25.2526551 ] ] ], [ [ [ 55.3012644, 25.2344677 ], [ 55.3012626, 25.2344014 ], [ 55.3011722, 25.2343097 ], [ 55.301089682517912, 25.234294491646171 ], [ 55.301031582508379, 25.234332091625571 ], [ 55.301138582454961, 25.234434891659987 ], [ 55.3012644, 25.2344677 ] ] ], [ [ [ 55.301142289917649, 25.233945825502595 ], [ 55.301232121446063, 25.233945825502587 ], [ 55.301232121446063, 25.233900909738384 ], [ 55.301106577795615, 25.233893973898667 ], [ 55.301106577782647, 25.233938889662234 ], [ 55.301142289917649, 25.233945825502595 ] ] ], [ [ [ 55.3011223, 25.2342194 ], [ 55.3011623, 25.2342068 ], [ 55.3012295, 25.2340999 ], [ 55.3012159, 25.2340348 ], [ 55.301124682617996, 25.234043191663257 ], [ 55.30103528259022, 25.234132791630913 ], [ 55.3010161825718, 25.234182191623379 ], [ 55.3011223, 25.2342194 ] ] ], [ [ [ 55.301104877245663, 25.233803812093306 ], [ 55.301059961484853, 25.233803812082058 ], [ 55.301059961471267, 25.233848727845601 ], [ 55.301142289917649, 25.233855993974181 ], [ 55.301142289917649, 25.233811078209971 ], [ 55.301104877245663, 25.233803812093306 ] ] ], [ [ [ 55.301187205681863, 25.230127985545085 ], [ 55.301187205681863, 25.230083069780875 ], [ 55.301111680471983, 25.230077124822749 ], [ 55.301111680460863, 25.230122040586409 ], [ 55.301187205681863, 25.230127985545085 ] ] ], [ [ [ 55.3009463, 25.2444464 ], [ 55.300862378368024, 25.244407391361825 ], [ 55.300822378357608, 25.244442591347443 ], [ 55.3009018, 25.2444825 ], [ 55.3009463, 25.2444464 ] ] ], [ [ [ 55.300092226649326, 25.242936619026665 ], [ 55.300194226378132, 25.243098919136926 ], [ 55.3003728, 25.2431336 ], [ 55.3009139, 25.2428555 ], [ 55.3008119, 25.2426932 ], [ 55.300712784031177, 25.24267395092928 ], [ 55.3009694, 25.2425452 ], [ 55.3008804, 25.2424002 ], [ 55.300701827254827, 25.242365519795975 ], [ 55.300150927053906, 25.242641919117901 ], [ 55.300239926812402, 25.242786919213881 ], [ 55.300344125355259, 25.242807155692184 ], [ 55.300092226649326, 25.242936619026665 ] ] ], [ [ [ 55.301007542625037, 25.236011950656071 ], [ 55.301052458389236, 25.236011950656071 ], [ 55.301052458389236, 25.235922119127654 ], [ 55.300954823884851, 25.235911880413926 ], [ 55.300954823846553, 25.23600171194045 ], [ 55.301007542625037, 25.236011950656071 ] ] ], [ [ [ 55.30101334517687, 25.233713650264548 ], [ 55.300968429416208, 25.233713650252795 ], [ 55.300968429402005, 25.233758566016299 ], [ 55.301052458389236, 25.233766162445765 ], [ 55.301052458389236, 25.233721246681558 ], [ 55.30101334517687, 25.233713650264548 ] ] ], [ [ [ 55.298021694960063, 25.235549910762707 ], [ 55.298149639868839, 25.235560406438559 ], [ 55.298149639822462, 25.235638421096226 ], [ 55.298312596772675, 25.235652624542421 ], [ 55.298312596772675, 25.235562793014005 ], [ 55.298232358060126, 25.235548589612904 ], [ 55.298447344065288, 25.235517877249794 ], [ 55.298393651848535, 25.235365577117864 ], [ 55.298475089287933, 25.235381394923625 ], [ 55.298459948623631, 25.235466685609193 ], [ 55.298537175593701, 25.235517877249801 ], [ 55.298671922886328, 25.235517877249798 ], [ 55.298865523342961, 25.235457229272754 ], [ 55.298812472336074, 25.235510280228702 ], [ 55.298812472321863, 25.235555195992209 ], [ 55.298947219575439, 25.235645027554472 ], [ 55.299031248999974, 25.235652624542418 ], [ 55.299121080528479, 25.235506865765849 ], [ 55.299587567533841, 25.235597469614074 ], [ 55.299472603957632, 25.235597469548345 ], [ 55.299472603881043, 25.23577713260137 ], [ 55.299615153934646, 25.235787371835031 ], [ 55.299704985463158, 25.235620274963953 ], [ 55.2999677, 25.2356713 ], [ 55.3003599, 25.2355703 ], [ 55.3008218, 25.2353664 ], [ 55.300767, 25.2352408 ], [ 55.300168525673698, 25.235124565258864 ], [ 55.3003681, 25.2350441 ], [ 55.300575282883223, 25.234895917902687 ], [ 55.300524373181624, 25.234972282370325 ], [ 55.300524373156918, 25.235062113897509 ], [ 55.300648216511391, 25.235068719607739 ], [ 55.300827879568203, 25.234844140786709 ], [ 55.300827879568203, 25.234754309258303 ], [ 55.300704036287904, 25.234747703593239 ], [ 55.300670561278778, 25.234781178610216 ], [ 55.300745550901468, 25.234657136022566 ], [ 55.300745550887342, 25.234702127274019 ], [ 55.300782963803996, 25.234709393494089 ], [ 55.30087279533241, 25.234709393494093 ], [ 55.300917711096616, 25.234664477729886 ], [ 55.300917711096616, 25.23461956196568 ], [ 55.30076886641438, 25.234612295761583 ], [ 55.3008974, 25.2343651 ], [ 55.3008847, 25.2341959 ], [ 55.300797448053778, 25.234073761176376 ], [ 55.30087279533241, 25.234080572795207 ], [ 55.300917711096616, 25.234035657031001 ], [ 55.30087279533241, 25.233855993974181 ], [ 55.300827879568203, 25.233811078209975 ], [ 55.300743850584468, 25.233803481721033 ], [ 55.300743850524192, 25.233998733034127 ], [ 55.3006286, 25.2338374 ], [ 55.3004668, 25.2336909 ], [ 55.3001581, 25.2335587 ], [ 55.299742340414262, 25.233492919284799 ], [ 55.299520540448206, 25.233524719017574 ], [ 55.299304940410025, 25.233604918754288 ], [ 55.299073240257371, 25.233768418465797 ], [ 55.298986333238965, 25.233865114655806 ], [ 55.29898633323576, 25.233766162445765 ], [ 55.298672623907365, 25.23375757449935 ], [ 55.298672623778891, 25.234116900606629 ], [ 55.298761754414734, 25.234125488559414 ], [ 55.298872349136708, 25.234066730683377 ], [ 55.298814539746822, 25.234186518126823 ], [ 55.298820939249978, 25.234529018109921 ], [ 55.298960838851471, 25.234770118259771 ], [ 55.299093530069321, 25.234915774731313 ], [ 55.298447344065508, 25.234788324834074 ], [ 55.298447344065288, 25.234709393494093 ], [ 55.298299692859651, 25.234698162939154 ], [ 55.298246584619235, 25.234751271191659 ], [ 55.297361918050179, 25.235049839002084 ], [ 55.297416815168567, 25.235175839809973 ], [ 55.297908028987635, 25.235271252319659 ], [ 55.297842032023624, 25.23537024763095 ], [ 55.297842031975442, 25.235460079156969 ], [ 55.297936487789045, 25.235507307166145 ], [ 55.297809020289208, 25.235552222882042 ], [ 55.29780902024968, 25.235642054408494 ], [ 55.297953270659029, 25.235652624542418 ], [ 55.297998186423229, 25.235607708778215 ], [ 55.297998186423591, 25.235538156499132 ], [ 55.298021694960063, 25.235549910762707 ] ] ], [ [ [ 55.299722877641706, 25.246450890930952 ], [ 55.2999767, 25.246519 ], [ 55.3006944, 25.2461667 ], [ 55.3007438, 25.2460222 ], [ 55.300703, 25.2459368 ], [ 55.300560777782621, 25.245900691228314 ], [ 55.299660677692195, 25.246344090911897 ], [ 55.299722877641706, 25.246450890930952 ] ] ], [ [ [ 55.300775160789662, 25.23604662764032 ], [ 55.30073024503023, 25.236046627624489 ], [ 55.300730244972776, 25.236181374914263 ], [ 55.30087279533241, 25.23619161371289 ], [ 55.30087279533241, 25.236101782184477 ], [ 55.300775160789662, 25.23604662764032 ] ] ], [ [ [ 55.30087279533241, 25.235832287599244 ], [ 55.30087279533241, 25.235787371835031 ], [ 55.300775160904557, 25.235777133060786 ], [ 55.300775160885408, 25.235822048824037 ], [ 55.30087279533241, 25.235832287599244 ] ] ], [ [ [ 55.300787065874104, 25.233488741106648 ], [ 55.300472655550543, 25.233488741020796 ], [ 55.300472655520892, 25.233578572547746 ], [ 55.300607402743132, 25.233758235638415 ], [ 55.300782963803996, 25.233766162445768 ], [ 55.300672796132623, 25.233537633962978 ], [ 55.300827879568203, 25.233541583624731 ], [ 55.300827879568203, 25.233496667860535 ], [ 55.300787065874104, 25.233488741106648 ] ] ], [ [ [ 55.3005255, 25.2445526 ], [ 55.300346924273143, 25.244517919217831 ], [ 55.300160824197995, 25.244616318988392 ], [ 55.300134424084561, 25.244701418950751 ], [ 55.300234323820447, 25.244859319058829 ], [ 55.3004129, 25.244894 ], [ 55.3006517, 25.2447762 ], [ 55.3005255, 25.2445526 ] ] ], [ [ [ 55.300764257936102, 25.230798088928594 ], [ 55.300719342173601, 25.230798088922981 ], [ 55.300719342153222, 25.230932836214574 ], [ 55.300782963803996, 25.230936469300783 ], [ 55.300827879568203, 25.23089155353658 ], [ 55.300827879568203, 25.230846637772373 ], [ 55.300764257936102, 25.230798088928594 ] ] ], [ [ [ 55.300595497675339, 25.23622629062999 ], [ 55.300595497656197, 25.236271206393244 ], [ 55.300738048039797, 25.2362814452413 ], [ 55.300738048039797, 25.236236529477093 ], [ 55.300595497675339, 25.23622629062999 ] ] ], [ [ [ 55.300738048039797, 25.230577143187141 ], [ 55.300671025385093, 25.230572849536092 ], [ 55.300671025377063, 25.230617765299904 ], [ 55.300738048039797, 25.230622058951344 ], [ 55.300738048039797, 25.230577143187141 ] ] ], [ [ [ 55.300581193836592, 25.230707596814238 ], [ 55.300548884042669, 25.230733091534425 ], [ 55.30060148399992, 25.230823591550529 ], [ 55.3007061, 25.230808 ], [ 55.3006536, 25.2307175 ], [ 55.300613152467626, 25.230709644179971 ], [ 55.300648216511391, 25.23071189047976 ], [ 55.300648216511391, 25.230622058951344 ], [ 55.300581193852651, 25.230617765286617 ], [ 55.300581193836592, 25.230707596814238 ] ] ], [ [ [ 55.300496463874978, 25.230933166469686 ], [ 55.300496463862629, 25.231022997997496 ], [ 55.300603300747177, 25.2310263008292 ], [ 55.300603300747177, 25.230891553536583 ], [ 55.300541379643825, 25.230888250710901 ], [ 55.300496463874978, 25.230933166469686 ] ] ], [ [ [ 55.300389874545658, 25.233220937150371 ], [ 55.3004664, 25.2332358 ], [ 55.3005283, 25.2331587 ], [ 55.3004662, 25.2331178 ], [ 55.300283574647082, 25.23308353710016 ], [ 55.30024787462493, 25.233128237080521 ], [ 55.300389874545658, 25.233220937150371 ] ] ], [ [ [ 55.300292992508496, 25.233488740971755 ], [ 55.300468553454564, 25.233496667860535 ], [ 55.300378721926144, 25.233272089039495 ], [ 55.300292992582612, 25.233264162154391 ], [ 55.300158245286262, 25.233309077881067 ], [ 55.300113329510928, 25.233353993632271 ], [ 55.300113329496106, 25.233398909395742 ], [ 55.300292992508496, 25.233488740971755 ] ] ], [ [ [ 55.300468553454564, 25.230981385064993 ], [ 55.300468553454564, 25.230936469300786 ], [ 55.300404931815635, 25.230932836175231 ], [ 55.300404931808835, 25.230977751939118 ], [ 55.300468553454564, 25.230981385064993 ] ] ], [ [ [ 55.300120132665533, 25.230121379810257 ], [ 55.300209964126033, 25.230345958648662 ], [ 55.300254879874799, 25.230390874422458 ], [ 55.300468553454564, 25.230397480130311 ], [ 55.300468553454564, 25.230307648601904 ], [ 55.300288890397731, 25.230083069780871 ], [ 55.30012013267789, 25.230076464046657 ], [ 55.300120132665533, 25.230121379810257 ] ] ], [ [ [ 55.3001765, 25.2402156 ], [ 55.299793851562697, 25.240141283551647 ], [ 55.29974215153171, 25.240164183415757 ], [ 55.299778051298503, 25.240230583497489 ], [ 55.3001607, 25.2403049 ], [ 55.3002125, 25.2402819 ], [ 55.3001765, 25.2402156 ] ] ], [ [ [ 55.3002702, 25.233043 ], [ 55.2996806, 25.2328681 ], [ 55.299604074894425, 25.232853236759379 ], [ 55.299581135373103, 25.232903514675854 ], [ 55.299434491611464, 25.232814013397054 ], [ 55.299254828571272, 25.232814013341873 ], [ 55.299120081255353, 25.232910764381284 ], [ 55.299076164764173, 25.23282293139744 ], [ 55.298933616031604, 25.232812692036383 ], [ 55.298978531714461, 25.232992355105253 ], [ 55.299121080528529, 25.232995674965633 ], [ 55.299164996951127, 25.233083507894548 ], [ 55.299344659924614, 25.233263171003241 ], [ 55.29939057511362, 25.233272089039499 ], [ 55.299884648519878, 25.233272089039499 ], [ 55.299929564284092, 25.233227173275292 ], [ 55.299929564284092, 25.233182257511089 ], [ 55.299730423706684, 25.233022945465613 ], [ 55.3002257, 25.2331622 ], [ 55.3002702, 25.233043 ] ], [ [ 55.299647237033412, 25.232956396104512 ], [ 55.299746829264755, 25.232971523298936 ], [ 55.299728664770704, 25.233021538317555 ], [ 55.299647237033412, 25.232956396104512 ] ] ], [ [ [ 55.2999871, 25.2532068 ], [ 55.2999353, 25.2531249 ], [ 55.29988427487352, 25.253114990849742 ], [ 55.299791974863318, 25.253162690817245 ], [ 55.299845274822566, 25.253248090833708 ], [ 55.2998963, 25.253258 ], [ 55.2999871, 25.2532068 ] ] ], [ [ [ 55.300243974633531, 25.231071216593403 ], [ 55.300176951912526, 25.231066922864922 ], [ 55.300176951904497, 25.231111838628721 ], [ 55.300243974633531, 25.231116132357613 ], [ 55.300243974633531, 25.231071216593403 ] ] ], [ [ [ 55.299855739472704, 25.230930854365184 ], [ 55.299810823669127, 25.231110517411242 ], [ 55.299929564284092, 25.231116132357609 ], [ 55.300199058869325, 25.231026300829203 ], [ 55.300199058869325, 25.23093646930079 ], [ 55.299855739472704, 25.230930854365184 ] ] ], [ [ [ 55.300064311576705, 25.233272089039502 ], [ 55.300154143105118, 25.233272089039499 ], [ 55.300154143105118, 25.233227173275292 ], [ 55.300018396341997, 25.233218255446811 ], [ 55.300018396325328, 25.23326317121019 ], [ 55.300064311576705, 25.233272089039502 ] ] ], [ [ [ 55.300068414862068, 25.229985311359702 ], [ 55.300068414847253, 25.230030227123169 ], [ 55.300199058869325, 25.230038154016668 ], [ 55.300199058869325, 25.229993238252462 ], [ 55.300068414862068, 25.229985311359702 ] ] ], [ [ [ 55.2977946, 25.2552545 ], [ 55.297743535186967, 25.255173266086288 ], [ 55.297892, 25.2552021 ], [ 55.2980427, 25.2551266 ], [ 55.2979161, 25.2549198 ], [ 55.297749540206631, 25.254887451754001 ], [ 55.297927099009598, 25.254797305231289 ], [ 55.298092374251745, 25.255067190197764 ], [ 55.2981434, 25.2550771 ], [ 55.2982807, 25.2550049 ], [ 55.298238434110417, 25.254939164190041 ], [ 55.2983658, 25.2549639 ], [ 55.2985074, 25.2548935 ], [ 55.298467238413025, 25.254827365565227 ], [ 55.2985843, 25.2548501 ], [ 55.29869864044398, 25.254770700709454 ], [ 55.298737183770228, 25.254778186127655 ], [ 55.29862220696576, 25.2548364782958 ], [ 55.298717306417167, 25.254989878515861 ], [ 55.298939856731891, 25.255033099307372 ], [ 55.298794506004434, 25.255103878696122 ], [ 55.298882305479744, 25.255251378898414 ], [ 55.299265, 25.2553257 ], [ 55.2998287, 25.2550512 ], [ 55.2997409, 25.2549037 ], [ 55.299506396146938, 25.254858159034942 ], [ 55.2996503, 25.2547852 ], [ 55.2995552, 25.2546318 ], [ 55.299404065811643, 25.254602449335543 ], [ 55.2995012, 25.2545561 ], [ 55.2994322, 25.2544379 ], [ 55.299049508100644, 25.254363579462989 ], [ 55.298597357116073, 25.254579368382615 ], [ 55.2984525, 25.2543417 ], [ 55.29797890922621, 25.254267076735289 ], [ 55.297902909185467, 25.254299176535675 ], [ 55.297930158010473, 25.254342654720951 ], [ 55.297807209198659, 25.254318776287512 ], [ 55.297523508985343, 25.254458375539315 ], [ 55.297581576650195, 25.254554875936883 ], [ 55.29744100883471, 25.254527575317354 ], [ 55.297226708663516, 25.254636274751686 ], [ 55.297280684333685, 25.254723282392881 ], [ 55.297103008596437, 25.254688774426743 ], [ 55.296903708436894, 25.25478997390065 ], [ 55.296886108236443, 25.254859073844941 ], [ 55.297119906833281, 25.255253774383213 ], [ 55.2976086, 25.2553525 ], [ 55.2977946, 25.2552545 ] ] ], [ [ [ 55.299929564284092, 25.229993238252469 ], [ 55.299431091626687, 25.229983659714883 ], [ 55.299431091608774, 25.230028575478201 ], [ 55.299570238170446, 25.230083069780871 ], [ 55.299929564284092, 25.230083069780878 ], [ 55.299929564284092, 25.229993238252469 ] ] ], [ [ [ 55.298392325093999, 25.244437016887847 ], [ 55.298529653567748, 25.244463689070741 ], [ 55.298421324967258, 25.244517516916741 ], [ 55.298531924659414, 25.244703017035611 ], [ 55.298630377671785, 25.244722138642548 ], [ 55.29857212457631, 25.244750517080242 ], [ 55.298712024186408, 25.244985517230589 ], [ 55.298819711665764, 25.245006432184987 ], [ 55.298754624098102, 25.245036017277876 ], [ 55.298857623793431, 25.245221217387694 ], [ 55.298993851814949, 25.245247675265325 ], [ 55.298899423671457, 25.24529521743235 ], [ 55.299017923350654, 25.245487717560177 ], [ 55.299165583434785, 25.245516395525524 ], [ 55.299061923221686, 25.24556601760715 ], [ 55.299192722851785, 25.24578941774746 ], [ 55.2993713, 25.2458241 ], [ 55.2996671, 25.2456825 ], [ 55.2995363, 25.2454591 ], [ 55.299381816919386, 25.245429097290376 ], [ 55.2994841, 25.2453776 ], [ 55.2993656, 25.2451851 ], [ 55.299243781239149, 25.24516144097251 ], [ 55.2993265, 25.2451238 ], [ 55.2992236, 25.2449387 ], [ 55.299105246613905, 25.244915713848489 ], [ 55.2991554, 25.2448913 ], [ 55.2990155, 25.2446562 ], [ 55.298928635848732, 25.244639329423013 ], [ 55.2990072, 25.2446039 ], [ 55.2988899, 25.2444081 ], [ 55.298756817740724, 25.244382252857527 ], [ 55.2988515, 25.2443367 ], [ 55.298758, 25.2441776 ], [ 55.298666080512064, 25.244159747365082 ], [ 55.2987304, 25.2441284 ], [ 55.29863670000001, 25.2439712 ], [ 55.298587649502252, 25.243961673348963 ], [ 55.2986108, 25.2439507 ], [ 55.2984527, 25.2436779 ], [ 55.298337420679054, 25.243655510083642 ], [ 55.2990754, 25.2433128 ], [ 55.2991047, 25.2432184 ], [ 55.2990242, 25.2430831 ], [ 55.298746227017354, 25.243017417412471 ], [ 55.298459237421305, 25.243153869838633 ], [ 55.2984361, 25.2431279 ], [ 55.298241827090976, 25.243092216804392 ], [ 55.29793632697654, 25.243247616428189 ], [ 55.297941326922299, 25.243283916431562 ], [ 55.2981144674429, 25.24331779342408 ], [ 55.297996426772428, 25.243373916490953 ], [ 55.298141426351812, 25.243628916645942 ], [ 55.298256960794518, 25.243651356276743 ], [ 55.298006926196571, 25.243769916475117 ], [ 55.298164925745553, 25.244042716644362 ], [ 55.298201758063705, 25.244049870373214 ], [ 55.298156118624689, 25.244072113464803 ], [ 55.298249818338995, 25.24422931357509 ], [ 55.298356700428712, 25.244250072552347 ], [ 55.298298825357527, 25.244277916787517 ], [ 55.298392325093999, 25.244437016887847 ] ] ], [ [ [ 55.299704985463059, 25.236236529477104 ], [ 55.299749901227273, 25.236236529477093 ], [ 55.299749901227273, 25.236101782184477 ], [ 55.299648865580011, 25.236090882414846 ], [ 55.299648865518854, 25.236225629704432 ], [ 55.299704985463059, 25.236236529477104 ] ] ], [ [ [ 55.299570238170446, 25.236461108298126 ], [ 55.299660069698852, 25.236461108298123 ], [ 55.299660069698852, 25.23641619253392 ], [ 55.299512417553743, 25.236404962408496 ], [ 55.299512417532739, 25.236449878171666 ], [ 55.299570238170446, 25.236461108298126 ] ] ], [ [ [ 55.299255827821, 25.230801722008174 ], [ 55.299255827821, 25.230756806243967 ], [ 55.2992109120568, 25.23071189047976 ], [ 55.299087772074287, 25.230696696742847 ], [ 55.298997940531642, 25.23074161245864 ], [ 55.298997940446419, 25.230876359747025 ], [ 55.299064339364271, 25.230889256649657 ], [ 55.298999640947038, 25.230921605810057 ], [ 55.298999640919249, 25.230966521572888 ], [ 55.2992109120568, 25.231026300829203 ], [ 55.299570238170446, 25.231026300829203 ], [ 55.299615153934646, 25.230981385064997 ], [ 55.299615153934646, 25.23093646930079 ], [ 55.299150807341803, 25.230876690139858 ], [ 55.299255827821, 25.230801722008174 ] ] ], [ [ [ 55.299277638535848, 25.230204605225879 ], [ 55.299142891187614, 25.230339352453509 ], [ 55.299142891162909, 25.230384268216486 ], [ 55.299435490877819, 25.230442395894521 ], [ 55.299570238170446, 25.230217817073488 ], [ 55.299570238170446, 25.230172901309288 ], [ 55.299525322406232, 25.230127985545082 ], [ 55.299412385859391, 25.230114773761226 ], [ 55.299277638535848, 25.230204605225879 ] ] ], [ [ [ 55.299435490877819, 25.236191613712887 ], [ 55.299300743585199, 25.235787371835034 ], [ 55.29903705105415, 25.235779774868476 ], [ 55.298902303757949, 25.235824690596722 ], [ 55.298947219419155, 25.236139100952983 ], [ 55.299082957394802, 25.236229593121163 ], [ 55.298995536355413, 25.236229593099569 ], [ 55.298995536342439, 25.236274508863122 ], [ 55.29912108052838, 25.2362814452413 ], [ 55.299121080528508, 25.236255008550131 ], [ 55.299216713926313, 25.236318764077502 ], [ 55.299345659349406, 25.236326361005503 ], [ 55.299435490877819, 25.236236529477093 ], [ 55.299435490877819, 25.236191613712887 ] ] ], [ [ [ 55.299255827821, 25.230532227422941 ], [ 55.299300743585199, 25.23053222742293 ], [ 55.299300743585199, 25.230487311658727 ], [ 55.299184405824519, 25.230473439167287 ], [ 55.299184405798584, 25.230518354930215 ], [ 55.299255827821, 25.230532227422941 ] ] ], [ [ [ 55.295302441444022, 25.233887113953006 ], [ 55.295318341400325, 25.233913413970122 ], [ 55.295495994599506, 25.233947924121363 ], [ 55.295284341210433, 25.234053413919447 ], [ 55.295362540996869, 25.234181814003637 ], [ 55.295495583541538, 25.234207658218107 ], [ 55.295216735902201, 25.234286306293612 ], [ 55.2952499, 25.2342126 ], [ 55.295020641152682, 25.234159213596858 ], [ 55.294976141025906, 25.234258113536594 ], [ 55.295159218259798, 25.234302528879279 ], [ 55.295008237548167, 25.234345112163059 ], [ 55.294994267684537, 25.234428931621075 ], [ 55.294944240804796, 25.234419213486916 ], [ 55.294911840745137, 25.234468613444669 ], [ 55.294925140557552, 25.234595213451463 ], [ 55.294962621481666, 25.234618808947907 ], [ 55.294950998638591, 25.234688545866852 ], [ 55.294867840468456, 25.234671213377563 ], [ 55.294735040454938, 25.234713713215868 ], [ 55.29470364037428, 25.234777413173784 ], [ 55.294928947597562, 25.234820851582825 ], [ 55.294918405894684, 25.23497393284017 ], [ 55.294983797300915, 25.235104715976451 ], [ 55.294897998996291, 25.235104715935876 ], [ 55.294897998962938, 25.235194547462626 ], [ 55.295033172743544, 25.235203466914108 ], [ 55.295098068868135, 25.235333258980781 ], [ 55.295213409042461, 25.235338214192975 ], [ 55.295335481036034, 25.235284359777964 ], [ 55.29506758774491, 25.235641550541665 ], [ 55.295033745985634, 25.235607708778211 ], [ 55.294809867887786, 25.235554203893102 ], [ 55.294540373326598, 25.235554203813379 ], [ 55.29449545755034, 25.235599119563506 ], [ 55.294360710189444, 25.235823698340678 ], [ 55.294360710077022, 25.236138108684532 ], [ 55.294563541625614, 25.236146697984115 ], [ 55.294440038468011, 25.236225899907762 ], [ 55.294318195395896, 25.236219681289779 ], [ 55.294318195332892, 25.236309512815055 ], [ 55.294363111057734, 25.236354428603757 ], [ 55.294449841050955, 25.236371276769713 ], [ 55.294494756815162, 25.236371276769709 ], [ 55.294494756816142, 25.236331112035032 ], [ 55.29466461698108, 25.236433028336169 ], [ 55.294809167164608, 25.236461108298126 ], [ 55.294854082928808, 25.236461108298126 ], [ 55.295033745985634, 25.236326361005503 ], [ 55.294988830221428, 25.236101782184477 ], [ 55.294695466991229, 25.236080735371349 ], [ 55.295067458323416, 25.235708743792472 ], [ 55.295089885840326, 25.235978258986574 ], [ 55.294907202169831, 25.23595117810348 ], [ 55.294907202110529, 25.236041009628941 ], [ 55.295097031937999, 25.236056866429994 ], [ 55.295112373847559, 25.236225628001186 ], [ 55.295624789018838, 25.237182139895445 ], [ 55.295442789245612, 25.237163243301712 ], [ 55.295076709073001, 25.237259828684397 ], [ 55.294854082928808, 25.236506024062336 ], [ 55.294762250997138, 25.236488185069614 ], [ 55.294313093404959, 25.236533100556219 ], [ 55.294313093332683, 25.236631657409024 ], [ 55.294258974240833, 25.2366298695495 ], [ 55.294258974220448, 25.23667478531269 ], [ 55.294322012920233, 25.23668568712004 ], [ 55.294717334640829, 25.237296668767858 ], [ 55.294807166085874, 25.237386500348137 ], [ 55.294948715758636, 25.237404339353201 ], [ 55.294948715707903, 25.237477653359324 ], [ 55.29532107260151, 25.237626634419929 ], [ 55.295575071972507, 25.237667929870003 ], [ 55.295608143710567, 25.23776181868659 ], [ 55.295492806433174, 25.237748139276412 ], [ 55.295492806404141, 25.237793055039177 ], [ 55.295617650920313, 25.237808581224304 ], [ 55.295617650920441, 25.237784651914801 ], [ 55.2957357, 25.237829 ], [ 55.295733281892673, 25.237706311542262 ], [ 55.295842229741339, 25.237718749695894 ], [ 55.295887145505546, 25.237673833931691 ], [ 55.295842229640606, 25.237494170855289 ], [ 55.295976977033966, 25.237494170874857 ], [ 55.297457195807716, 25.237218783815603 ], [ 55.297457195783124, 25.237251754688668 ], [ 55.297593944545383, 25.237269592053835 ], [ 55.297593944545383, 25.237224676289625 ], [ 55.297511547221092, 25.237208671706057 ], [ 55.297728691837996, 25.237179760525422 ], [ 55.298177849480055, 25.237045013232795 ], [ 55.298177849480055, 25.236955181704392 ], [ 55.298017683637291, 25.236795016298192 ], [ 55.2982614, 25.2367453 ], [ 55.2982403, 25.2366918 ], [ 55.29785718497709, 25.236634517500715 ], [ 55.297773607602203, 25.236550939826532 ], [ 55.297535434022713, 25.236402084268821 ], [ 55.297683776073789, 25.23641619253392 ], [ 55.297773607602203, 25.236371276769709 ], [ 55.297773607610196, 25.236227805214956 ], [ 55.297998186423229, 25.236236529477093 ], [ 55.298534482945016, 25.236057763976152 ], [ 55.298453146035371, 25.236191481335446 ], [ 55.298301137031167, 25.236195217369563 ], [ 55.298136337021482, 25.236243017169262 ], [ 55.298146236942685, 25.236295117177356 ], [ 55.298494218342107, 25.23635214971166 ], [ 55.298570024850392, 25.236579569363329 ], [ 55.29851873633632, 25.236622117598923 ], [ 55.298554636256249, 25.236668617638479 ], [ 55.2987716, 25.2367135 ], [ 55.299064700652089, 25.236593628954431 ], [ 55.2992109120568, 25.236595855590743 ], [ 55.2992109120568, 25.236506024062333 ], [ 55.299054756892708, 25.236493142244314 ], [ 55.298988395413602, 25.236544753300549 ], [ 55.299031248999974, 25.236371276769717 ], [ 55.298716838650527, 25.235967034891861 ], [ 55.298632809151357, 25.2359594378167 ], [ 55.298582091357943, 25.236010155608014 ], [ 55.298582091357908, 25.235922119127654 ], [ 55.298525971683468, 25.235911218940462 ], [ 55.298031898333122, 25.235911218754961 ], [ 55.297773607609436, 25.236126460893168 ], [ 55.297773607602203, 25.236011950656067 ], [ 55.297638860309725, 25.236005344425891 ], [ 55.297638860309583, 25.235922119127654 ], [ 55.297593944545383, 25.235877203363437 ], [ 55.297528621675454, 25.235873239520753 ], [ 55.297494713789121, 25.2359071474025 ], [ 55.297426682235084, 25.23589339036322 ], [ 55.297407082228851, 25.235913390356121 ], [ 55.29748370590108, 25.235946767885345 ], [ 55.297525979326664, 25.236005344486085 ], [ 55.297200606574215, 25.236005344176665 ], [ 55.297155690800729, 25.236050259930021 ], [ 55.297184984230519, 25.236183056136127 ], [ 55.296264427911204, 25.235607708779849 ], [ 55.296375117156877, 25.235561192400993 ], [ 55.296375117141274, 25.235597798788575 ], [ 55.296471050440225, 25.235607708778211 ], [ 55.296471050440722, 25.23555360495601 ], [ 55.2966055, 25.2355548 ], [ 55.2966142, 25.2354816 ], [ 55.296572852444349, 25.235451339510572 ], [ 55.296695629261258, 25.235383129957182 ], [ 55.296695629261258, 25.235158551136145 ], [ 55.296653085422385, 25.235105371428023 ], [ 55.296785460789671, 25.235113635371945 ], [ 55.296785460789671, 25.235023803843529 ], [ 55.296612300974168, 25.235007617688009 ], [ 55.296612300943167, 25.235054390863034 ], [ 55.296515966204439, 25.234933972315122 ], [ 55.296391123401492, 25.234918446702707 ], [ 55.296336303148564, 25.234940374875684 ], [ 55.296334227802454, 25.234843737654888 ], [ 55.296412513035641, 25.234809199734936 ], [ 55.296515966204439, 25.234844140786709 ], [ 55.296650713497051, 25.234844140786709 ], [ 55.296642398571244, 25.234707778352679 ], [ 55.297497012082538, 25.234219497142551 ], [ 55.2976783755581, 25.2343709534066 ], [ 55.297678375518736, 25.234421401150765 ], [ 55.297811422177169, 25.234465986682952 ], [ 55.298043102187435, 25.234484814673067 ], [ 55.298180580724903, 25.234431705184136 ], [ 55.298312596772675, 25.234439898908857 ], [ 55.298312596772675, 25.234350067380444 ], [ 55.298211206547599, 25.234339827739095 ], [ 55.298222765244262, 25.23426023585203 ], [ 55.297811422423614, 25.234151576345756 ], [ 55.297520595745368, 25.23419059602319 ], [ 55.297593944545383, 25.234035657031001 ], [ 55.296756879708624, 25.233851905728706 ], [ 55.296785460789998, 25.233749023010013 ], [ 55.297459197252756, 25.233900909738381 ], [ 55.29754902878117, 25.233900909738384 ], [ 55.297593944545426, 25.233851753751356 ], [ 55.297998186423229, 25.233990741266798 ], [ 55.298184307561421, 25.233948379837233 ], [ 55.2982751, 25.2339865 ], [ 55.2983197, 25.2339641 ], [ 55.298277177636585, 25.233920518843497 ], [ 55.298492259829501, 25.233855993974185 ], [ 55.298537175593701, 25.233811078209971 ], [ 55.298402428073835, 25.233496667816393 ], [ 55.298627007122114, 25.233496667860528 ], [ 55.298767108494921, 25.233426617205097 ], [ 55.298763040770453, 25.233490418115171 ], [ 55.298807371268261, 25.233532995722161 ], [ 55.298890400526616, 25.233540995765058 ], [ 55.298935316252901, 25.2336215060778 ], [ 55.299165996292587, 25.233676330917351 ], [ 55.2992109120568, 25.233631415153148 ], [ 55.299255827821, 25.233451752096315 ], [ 55.299116536684878, 25.233456295942045 ], [ 55.29912108052838, 25.233406836332115 ], [ 55.299076164764173, 25.233361920567908 ], [ 55.298983633248461, 25.233352672117579 ], [ 55.298983633231565, 25.233399295482485 ], [ 55.298806670179452, 25.233363976968157 ], [ 55.298806670178934, 25.233317004803709 ], [ 55.29872604264569, 25.233265152640058 ], [ 55.298591295362776, 25.233265152607874 ], [ 55.298373240175067, 25.233438291945529 ], [ 55.298312596772675, 25.233317004803709 ], [ 55.298222765244262, 25.233272089039502 ], [ 55.298108126588751, 25.233258546265166 ], [ 55.297658968883226, 25.233483124870421 ], [ 55.297569137185775, 25.233806259616756 ], [ 55.29744070420935, 25.233787295236503 ], [ 55.297638860309583, 25.233227173275292 ], [ 55.29754902878117, 25.233137341746879 ], [ 55.2973857755943, 25.233105631107875 ], [ 55.297295944095467, 25.233105631009771 ], [ 55.29720308183699, 25.233171269158358 ], [ 55.2971359, 25.2331313 ], [ 55.296957341989277, 25.233096615986508 ], [ 55.296936241982436, 25.233106615960576 ], [ 55.296954641929744, 25.233138515980283 ], [ 55.297151326545169, 25.23319700592236 ], [ 55.297066041743953, 25.233239416106109 ], [ 55.29708938060778, 25.233277767528389 ], [ 55.296946265, 25.233384201086697 ], [ 55.296807341667041, 25.233357215788633 ], [ 55.296765141650901, 25.233378915736676 ], [ 55.2969154664464, 25.233422695606148 ], [ 55.296728241598935, 25.23342411568936 ], [ 55.296866320869654, 25.233463650039688 ], [ 55.29673177838793, 25.233579964120988 ], [ 55.2967049, 25.2335375 ], [ 55.296600974934869, 25.233536835201011 ], [ 55.296629774902279, 25.233582335214351 ], [ 55.296723409417446, 25.233588333076639 ], [ 55.296667122863489, 25.233666421072105 ], [ 55.296509865174194, 25.233769991886689 ], [ 55.2964411, 25.2336517 ], [ 55.296262541488161, 25.233617015119236 ], [ 55.296018630336945, 25.23375047005517 ], [ 55.295927741441552, 25.233732814711008 ], [ 55.295775096562672, 25.233808867270515 ], [ 55.2957597, 25.2337834 ], [ 55.295581141543451, 25.233748714295846 ], [ 55.295302441444022, 25.233887113953006 ] ], [ [ 55.298979121073593, 25.233502101123712 ], [ 55.298983633197103, 25.233486180991175 ], [ 55.299014046818037, 25.233490459230207 ], [ 55.298979121073593, 25.233502101123712 ] ], [ [ 55.29898363320784, 25.233460132780078 ], [ 55.298784115330271, 25.233418113776249 ], [ 55.298806670179047, 25.233401528155717 ], [ 55.298983633216388, 25.233438767410675 ], [ 55.29898363320784, 25.233460132780078 ] ], [ [ 55.298896501707588, 25.233529640819402 ], [ 55.298896501707766, 25.233517089346936 ], [ 55.298920042735737, 25.233521793842602 ], [ 55.298896501707588, 25.233529640819402 ] ], [ [ 55.296134532792337, 25.233986446914582 ], [ 55.29613453278553, 25.234027442239245 ], [ 55.295641218204487, 25.234166582178066 ], [ 55.2961845, 25.2338958 ], [ 55.296164290489003, 25.23386264299166 ], [ 55.2962521, 25.2338797 ], [ 55.296509865173356, 25.233772044249644 ], [ 55.296546552371709, 25.233911230113577 ], [ 55.296246471619313, 25.233995869485454 ], [ 55.296134532792337, 25.233986446914582 ] ], [ [ 55.295961691075483, 25.23500809274411 ], [ 55.295981779811733, 25.23499923006742 ], [ 55.296127730667074, 25.235023803877294 ], [ 55.295976977034421, 25.235084105076389 ], [ 55.295976977033966, 25.235023803843529 ], [ 55.295941638734909, 25.23501693935976 ], [ 55.295961691075483, 25.23500809274411 ] ], [ [ 55.295743936788178, 25.235282397211652 ], [ 55.295705031585833, 25.235258080975555 ], [ 55.2957282, 25.2352162 ], [ 55.295568889453861, 25.235181386727557 ], [ 55.295788242198569, 25.235084614126659 ], [ 55.295918676921495, 25.23511363537817 ], [ 55.295807218386784, 25.23518794096708 ], [ 55.295841697231594, 25.235293194988184 ], [ 55.295743936788178, 25.235282397211652 ] ] ], [ [ [ 55.299073463384616, 25.23694593321402 ], [ 55.299073463367321, 25.236990848977367 ], [ 55.299165996292587, 25.237000097468595 ], [ 55.299165996292587, 25.236955181704396 ], [ 55.299073463384616, 25.23694593321402 ] ] ], [ [ [ 55.29898633323576, 25.246971397122319 ], [ 55.29898633323576, 25.246881565593913 ], [ 55.298941417471553, 25.246836649829703 ], [ 55.298751241862249, 25.246817161343056 ], [ 55.298706326070658, 25.246862077075292 ], [ 55.298706325961255, 25.24699682436248 ], [ 55.298941417471553, 25.247016312886529 ], [ 55.29898633323576, 25.246971397122319 ] ] ], [ [ [ 55.29912108052838, 25.232418689519584 ], [ 55.299165996292587, 25.232373773755373 ], [ 55.299165996292587, 25.232328857991174 ], [ 55.29912108052838, 25.232283942226967 ], [ 55.298968328735647, 25.232271721084494 ], [ 55.298923412954281, 25.23231663682866 ], [ 55.29892341293143, 25.232361552591723 ], [ 55.298968328667094, 25.232406468373707 ], [ 55.29912108052838, 25.232418689519584 ] ] ], [ [ [ 55.2991373, 25.2333147 ], [ 55.2991417, 25.2332483 ], [ 55.29906517474231, 25.233233436471835 ], [ 55.299048874710856, 25.233288336461801 ], [ 55.2991373, 25.2333147 ] ] ], [ [ [ 55.2989421174086, 25.236722014964062 ], [ 55.298942117392542, 25.236766930727473 ], [ 55.299031248999974, 25.236775518647562 ], [ 55.299031248999974, 25.236730602883362 ], [ 55.2989421174086, 25.236722014964062 ] ] ], [ [ [ 55.299076164764173, 25.233047510218469 ], [ 55.298848886089836, 25.23303826173122 ], [ 55.298848886072541, 25.233083177494567 ], [ 55.298907983167581, 25.233112726078517 ], [ 55.298806670179047, 25.233107797265202 ], [ 55.298627007122114, 25.232957678690056 ], [ 55.298539577471146, 25.232949421024994 ], [ 55.298494661664471, 25.233084168302533 ], [ 55.298539577378506, 25.233218915605629 ], [ 55.298671922886328, 25.233227173275292 ], [ 55.298806670178955, 25.233135377533397 ], [ 55.2989899, 25.2331778 ], [ 55.299076164764173, 25.233092425982676 ], [ 55.299076164764173, 25.233047510218469 ] ] ], [ [ [ 55.29898633323576, 25.233272089039499 ], [ 55.29898633323576, 25.233227173275296 ], [ 55.298809071940639, 25.233218915682279 ], [ 55.298809071925191, 25.233263831445718 ], [ 55.29898633323576, 25.233272089039499 ] ] ], [ [ [ 55.298851585943147, 25.235787371835027 ], [ 55.298941417471553, 25.235787371835034 ], [ 55.298941417471553, 25.235742456070831 ], [ 55.298795466319746, 25.235731555988874 ], [ 55.29879546629936, 25.235776471752057 ], [ 55.298851585943147, 25.235787371835027 ] ] ], [ [ [ 55.298537175593701, 25.232912762925849 ], [ 55.298671922886328, 25.232912762925846 ], [ 55.298896501707347, 25.232778015633233 ], [ 55.298941417471553, 25.23273309986903 ], [ 55.298941417471553, 25.232643268340617 ], [ 55.298752252518739, 25.232632698615809 ], [ 55.298662420980428, 25.232677614346336 ], [ 55.298482757864264, 25.232857277333832 ], [ 55.298482757844504, 25.232902193097051 ], [ 55.298537175593701, 25.232912762925849 ] ] ], [ [ [ 55.298851585943147, 25.234709393494096 ], [ 55.298851585943147, 25.234664477729886 ], [ 55.298709036449431, 25.234654238250673 ], [ 55.298709036430274, 25.234699154013935 ], [ 55.298851585943147, 25.234709393494096 ] ] ], [ [ [ 55.298702236375981, 25.229990401951266 ], [ 55.298614105377261, 25.229982007928587 ], [ 55.298614105356265, 25.230026923691749 ], [ 55.298851585943147, 25.230038154016672 ], [ 55.298851585943147, 25.229993238252465 ], [ 55.298702236375981, 25.229990401951266 ] ] ], [ [ [ 55.298440445841315, 25.246520899710688 ], [ 55.298492259829501, 25.246522239480264 ], [ 55.298492259829501, 25.246477323716054 ], [ 55.298367052490612, 25.246438933189815 ], [ 55.298463197763887, 25.246391121989102 ], [ 55.298504177756527, 25.246476590514298 ], [ 55.2985999, 25.2464642 ], [ 55.2983483, 25.2461125 ], [ 55.298175877962954, 25.246058390410759 ], [ 55.298008022734145, 25.246166216304655 ], [ 55.298166622317382, 25.24641511647636 ], [ 55.29832309094477, 25.246445505971376 ], [ 55.298297277785089, 25.246458990444012 ], [ 55.298344677748744, 25.246535190458623 ], [ 55.298440445841315, 25.246520899710688 ] ] ], [ [ [ 55.2986835, 25.2367696 ], [ 55.298447344065288, 25.236640771354949 ], [ 55.29833030285053, 25.236635486369572 ], [ 55.298330302830763, 25.236725317897008 ], [ 55.298375218582613, 25.236770233668899 ], [ 55.298465050096226, 25.236815149448972 ], [ 55.298558599433541, 25.236819373648483 ], [ 55.298558274248336, 25.236860724181206 ], [ 55.29850656463006, 25.23685940460113 ], [ 55.29850656460782, 25.236949236128432 ], [ 55.2986846, 25.2369312 ], [ 55.2987054, 25.2367998 ], [ 55.2986835, 25.2367696 ] ] ], [ [ [ 55.298527674829032, 25.230117415793458 ], [ 55.298572590568547, 25.23016233157303 ], [ 55.298659021047222, 25.230172901310677 ], [ 55.298659021010252, 25.23025150252494 ], [ 55.298761754414734, 25.230262732837698 ], [ 55.298761754414734, 25.230172901309285 ], [ 55.298671922886555, 25.230161671004996 ], [ 55.298671922886328, 25.230083069780871 ], [ 55.298527674848792, 25.230072500030229 ], [ 55.298527674829032, 25.230117415793458 ] ] ], [ [ [ 55.298520869984394, 25.235730564960921 ], [ 55.298475954225736, 25.235730564942521 ], [ 55.298520869917688, 25.235865312250223 ], [ 55.298671922886328, 25.235877203363444 ], [ 55.298671922886328, 25.235787371835027 ], [ 55.298520869984394, 25.235730564960921 ] ] ], [ [ [ 55.298671922886328, 25.234080572795211 ], [ 55.298536175943582, 25.234071654495722 ], [ 55.298446344390129, 25.234161485994889 ], [ 55.298446344373453, 25.234206401758271 ], [ 55.298537175593701, 25.234215320087824 ], [ 55.298627007122114, 25.234170404323621 ], [ 55.298671922886328, 25.234125488559414 ], [ 55.298671922886328, 25.234080572795211 ] ] ], [ [ [ 55.298582091357908, 25.230532227422938 ], [ 55.298429340524706, 25.230520006097841 ], [ 55.298429340501855, 25.230564921860907 ], [ 55.298474256237512, 25.230609837642877 ], [ 55.298671922886328, 25.230622058951344 ], [ 55.298671922886328, 25.230577143187141 ], [ 55.298582091357908, 25.230532227422938 ] ] ], [ [ [ 55.297695331585579, 25.244026058661024 ], [ 55.297716997071532, 25.244180316861524 ], [ 55.297654533498317, 25.244194449573111 ], [ 55.297720233346631, 25.244295349636939 ], [ 55.29778213855748, 25.244307373300252 ], [ 55.298141330309647, 25.244870859097443 ], [ 55.298248740075188, 25.244921450125787 ], [ 55.298164634203886, 25.244921450028077 ], [ 55.298164634150126, 25.244966365789615 ], [ 55.298447344065288, 25.24499510349726 ], [ 55.2984698, 25.2448332 ], [ 55.2983997, 25.2445502 ], [ 55.2982643, 25.2442926 ], [ 55.2979934, 25.2440412 ], [ 55.297721031661496, 25.243962758693595 ], [ 55.297695331585579, 25.244026058661024 ] ] ], [ [ [ 55.298402428301081, 25.247420554764386 ], [ 55.298184344100804, 25.247404369070566 ], [ 55.298139428313867, 25.247449284808212 ], [ 55.298139428283577, 25.247494200570923 ], [ 55.298402428301081, 25.247510386292792 ], [ 55.298402428301081, 25.247420554764386 ] ] ], [ [ [ 55.298531075806203, 25.230252823693373 ], [ 55.298531075787672, 25.230297739456656 ], [ 55.298627007122114, 25.230307648601912 ], [ 55.298627007122114, 25.230262732837701 ], [ 55.298531075806203, 25.230252823693373 ] ] ], [ [ [ 55.298492259829501, 25.230756806243964 ], [ 55.298373223102757, 25.230733684785292 ], [ 55.298238475842481, 25.230733684678 ], [ 55.298238475799252, 25.230778600440061 ], [ 55.29828339150945, 25.230823516237873 ], [ 55.298582091357908, 25.230846637772373 ], [ 55.298582091357908, 25.23080172200817 ], [ 55.298492259829501, 25.230756806243964 ] ] ], [ [ [ 55.2983216, 25.2460699 ], [ 55.2983602, 25.2460483 ], [ 55.2983387, 25.2460168 ], [ 55.29816012294534, 25.245982116499626 ], [ 55.298121522928035, 25.246003716451948 ], [ 55.298143022874783, 25.246035216475377 ], [ 55.2983216, 25.2460699 ] ] ], [ [ [ 55.298492259829501, 25.235697540306621 ], [ 55.298492259829501, 25.235607708778208 ], [ 55.29833270406133, 25.23559416604326 ], [ 55.298332704010683, 25.235683997569151 ], [ 55.298492259829501, 25.235697540306621 ] ] ], [ [ [ 55.298447344065288, 25.230936469300783 ], [ 55.298537175593701, 25.23093646930079 ], [ 55.298537175593701, 25.230891553536583 ], [ 55.298336809849793, 25.230870083574594 ], [ 55.298336809809648, 25.230914999336797 ], [ 55.298447344065288, 25.230936469300783 ] ] ], [ [ [ 55.298357512536874, 25.230172901309288 ], [ 55.298492259829501, 25.230038154016668 ], [ 55.298492259829501, 25.229993238252462 ], [ 55.298287791468695, 25.229979695653711 ], [ 55.298197959927592, 25.230024611374763 ], [ 55.298242875609532, 25.23015935868456 ], [ 55.298357512536874, 25.230172901309288 ] ] ], [ [ [ 55.292711531445285, 25.241457410313739 ], [ 55.292770811723379, 25.241552179102339 ], [ 55.292724381271434, 25.241575964829796 ], [ 55.292544331385528, 25.241540510107992 ], [ 55.292504631370512, 25.241560810059095 ], [ 55.292526732643459, 25.241596086035635 ], [ 55.292452731359035, 25.241581709995579 ], [ 55.292399331337414, 25.24161000992974 ], [ 55.292435595674029, 25.24170601086827 ], [ 55.29235538034056, 25.241749988511959 ], [ 55.292473669523474, 25.241926674987482 ], [ 55.292451294323982, 25.241938432150771 ], [ 55.2923266, 25.241791 ], [ 55.292173541035872, 25.241761265400591 ], [ 55.292121541023583, 25.241784165345926 ], [ 55.292142740968259, 25.241823565365205 ], [ 55.292189395274839, 25.241832628871812 ], [ 55.292053746152114, 25.241905008349956 ], [ 55.292048488218619, 25.241938021047122 ], [ 55.291990438258409, 25.241926743659917 ], [ 55.29194283824274, 25.241950743607461 ], [ 55.292046737990404, 25.242119943707692 ], [ 55.2922066, 25.242151 ], [ 55.292278191288759, 25.242112631834125 ], [ 55.2923676846655, 25.242151727008753 ], [ 55.292302830537899, 25.242187609772895 ], [ 55.292323275346263, 25.242217804712258 ], [ 55.292300571251637, 25.242230386782076 ], [ 55.292293884369073, 25.242210326116489 ], [ 55.292187046231462, 25.242207022262946 ], [ 55.292187046212923, 25.242341769554642 ], [ 55.292276877725897, 25.242431601092658 ], [ 55.29233880013328, 25.242434904937522 ], [ 55.292348639247137, 25.242364012732178 ], [ 55.29243571706062, 25.242502718464738 ], [ 55.292395880017295, 25.242523188509892 ], [ 55.292452836574832, 25.242613873274326 ], [ 55.292222749377302, 25.24273586376771 ], [ 55.292256349220416, 25.24277816384722 ], [ 55.292621366297666, 25.242849074389341 ], [ 55.292485048614097, 25.242916964411396 ], [ 55.292437248130064, 25.243085264263055 ], [ 55.292491147852246, 25.243161564389311 ], [ 55.292749358242219, 25.243234488107841 ], [ 55.292727227500777, 25.243245349447939 ], [ 55.292774627356323, 25.243331649499325 ], [ 55.292831438058748, 25.243378629496735 ], [ 55.29268824681499, 25.243447464849922 ], [ 55.292783846152062, 25.24363776506538 ], [ 55.292936110416328, 25.243667344287591 ], [ 55.292800745818624, 25.243741265092705 ], [ 55.292787045572581, 25.243824165044842 ], [ 55.292874656762159, 25.243841184604889 ], [ 55.292834345063355, 25.243976865142432 ], [ 55.292840644500359, 25.244157165130783 ], [ 55.293026441076847, 25.244193258210302 ], [ 55.29299212829104, 25.244272486738904 ], [ 55.293165, 25.2442971 ], [ 55.2931613, 25.2442257 ], [ 55.293102368125155, 25.244208007822735 ], [ 55.2933092, 25.2442406 ], [ 55.293560051461071, 25.244233216743055 ], [ 55.293622864276188, 25.244337402648153 ], [ 55.293542479155654, 25.244324688864328 ], [ 55.293536979142395, 25.244358188861757 ], [ 55.29365624314098, 25.244392767182912 ], [ 55.2941773, 25.244486 ], [ 55.294188003003548, 25.244441983776667 ], [ 55.294273424265789, 25.244458432638318 ], [ 55.294299042319132, 25.24449786881269 ], [ 55.2952748, 25.2446982 ], [ 55.2952866, 25.2446321 ], [ 55.29490930079502, 25.24456222350722 ], [ 55.294926147570465, 25.244528039862779 ], [ 55.295367814891407, 25.244600437223063 ], [ 55.295411854090247, 25.244677256979561 ], [ 55.295190034410602, 25.244851253953627 ], [ 55.294529841454242, 25.244719669369548 ], [ 55.294508141765299, 25.244826577812304 ], [ 55.294232236613716, 25.244778950672348 ], [ 55.2942082, 25.2446886 ], [ 55.294164688269731, 25.244680382891755 ], [ 55.294180346465723, 25.244635777383614 ], [ 55.293963371520633, 25.24464236442374 ], [ 55.2939714, 25.2445988 ], [ 55.293369744370999, 25.244503330269282 ], [ 55.2933753, 25.2444799 ], [ 55.292916143718891, 25.244390765288106 ], [ 55.292902343549379, 25.244448965243809 ], [ 55.292972534347598, 25.24447938744164 ], [ 55.292729443730629, 25.244433564803455 ], [ 55.292710143472497, 25.244521764740441 ], [ 55.292740743272105, 25.244578864809998 ], [ 55.292942348559471, 25.244617047158368 ], [ 55.292921179059128, 25.244713588644213 ], [ 55.293264104058871, 25.244774193299506 ], [ 55.293227619438134, 25.244939471965857 ], [ 55.2932541, 25.2447953 ], [ 55.292924179046523, 25.244743388644636 ], [ 55.292913079022895, 25.244803388639617 ], [ 55.293009278960611, 25.244930288669838 ], [ 55.293120806187972, 25.244949153794305 ], [ 55.29311447892286, 25.244995488704429 ], [ 55.2935132, 25.2450598 ], [ 55.293528536270841, 25.244990325313832 ], [ 55.293550094615512, 25.244991842279621 ], [ 55.29353247884724, 25.245074388845509 ], [ 55.2936475, 25.2450955 ], [ 55.293667438755257, 25.245005892649448 ], [ 55.29384402843246, 25.245037329052753 ], [ 55.293846640651992, 25.245149267553952 ], [ 55.294294685241219, 25.245230978480404 ], [ 55.29429468523621, 25.245260633721202 ], [ 55.294429432508437, 25.245350465267286 ], [ 55.294584588343575, 25.245354429610906 ], [ 55.294560364009797, 25.245285289530667 ], [ 55.294749, 25.2453213 ], [ 55.294754472010681, 25.245293995463726 ], [ 55.2948474, 25.2453118 ], [ 55.294864752230204, 25.245282951959013 ], [ 55.294905839177261, 25.245361370233606 ], [ 55.295141162046093, 25.245406365921554 ], [ 55.295106570353511, 25.24548587335978 ], [ 55.295258324806667, 25.245489176903522 ], [ 55.295239169257471, 25.245425105595636 ], [ 55.295437987863494, 25.245444261139319 ], [ 55.29543798786387, 25.245375895564379 ], [ 55.295593627301251, 25.245349015373261 ], [ 55.2957655, 25.2453824 ], [ 55.2962509, 25.2451256 ], [ 55.296217121615939, 25.245072537195828 ], [ 55.296381218911812, 25.24512985078988 ], [ 55.296515966204439, 25.245129850789883 ], [ 55.296515966205519, 25.244977655103835 ], [ 55.296695629261258, 25.244995103497256 ], [ 55.296695629261258, 25.24495018773305 ], [ 55.296360504096739, 25.244928715685294 ], [ 55.296297812567985, 25.244991407143424 ], [ 55.296230638228678, 25.244885912923486 ], [ 55.2963773, 25.2449144 ], [ 55.2964506, 25.2448757 ], [ 55.29635034520517, 25.244753791720179 ], [ 55.296401233625843, 25.244741048105688 ], [ 55.296479278625895, 25.244875489855719 ], [ 55.2966035, 25.244888 ], [ 55.2966794, 25.2448576 ], [ 55.296719956423267, 25.244795296435942 ], [ 55.2968353, 25.2448177 ], [ 55.296963115479585, 25.244710373751598 ], [ 55.2970617, 25.2446706 ], [ 55.296994341800612, 25.244606556212677 ], [ 55.297260045312662, 25.244635777426293 ], [ 55.297239378631559, 25.244672190119399 ], [ 55.297305863785724, 25.244718466079448 ], [ 55.297199294321977, 25.244782407518901 ], [ 55.297154378376533, 25.244925696946627 ], [ 55.29709947852956, 25.244954190065851 ], [ 55.297135778502174, 25.245011490077072 ], [ 55.297204514033112, 25.245012206381517 ], [ 55.297286768305248, 25.245073181519093 ], [ 55.297340016720007, 25.245157215476286 ], [ 55.2973240243982, 25.245185015557592 ], [ 55.2975797, 25.2452474 ], [ 55.297831788774495, 25.245258450785979 ], [ 55.297813478326823, 25.245267290303229 ], [ 55.297851883513864, 25.245332508620152 ], [ 55.297773048411607, 25.245347985325122 ], [ 55.297671790847495, 25.245318921553217 ], [ 55.29766, 25.2452646 ], [ 55.297481424276612, 25.245229915742478 ], [ 55.297420856999302, 25.245260603102452 ], [ 55.297288868156414, 25.245231398686997 ], [ 55.2972238, 25.24516 ], [ 55.297045224584892, 25.245125315228698 ], [ 55.29698129377983, 25.245192942930515 ], [ 55.2969443, 25.2451338 ], [ 55.296725624754806, 25.245087414849493 ], [ 55.296564924693662, 25.245169814651543 ], [ 55.296562824643424, 25.245205114646495 ], [ 55.296660124383848, 25.245360514751628 ], [ 55.2968641, 25.245398 ], [ 55.29695, 25.245354 ], [ 55.296965056480801, 25.245301302363323 ], [ 55.297011821679767, 25.245372546497983 ], [ 55.29683667834535, 25.245465989965634 ], [ 55.296887178308246, 25.245543289981295 ], [ 55.297112484669491, 25.245522417290974 ], [ 55.297141778272206, 25.245567090067738 ], [ 55.2971928, 25.245577 ], [ 55.2972342, 25.2455548 ], [ 55.297168150680115, 25.245477482253374 ], [ 55.2973978, 25.2454722 ], [ 55.297508030535333, 25.24540678501684 ], [ 55.2976672, 25.2454377 ], [ 55.297707598159285, 25.245415722090986 ], [ 55.297756857598337, 25.245485081119064 ], [ 55.297676778234056, 25.24552609025125 ], [ 55.297701678215027, 25.245565990258935 ], [ 55.2977527, 25.2455759 ], [ 55.2980656, 25.245441 ], [ 55.298044886273296, 25.245405809974628 ], [ 55.2982644, 25.2453062 ], [ 55.2980521, 25.2451773 ], [ 55.298001078348747, 25.245167390369328 ], [ 55.297940358168972, 25.245217174395847 ], [ 55.297837285282256, 25.245197155068102 ], [ 55.297917139816114, 25.245135332226692 ], [ 55.2979906, 25.2451496 ], [ 55.2981236, 25.2450815 ], [ 55.2980947, 25.2450354 ], [ 55.297976688227955, 25.245012479265267 ], [ 55.297986, 25.244956 ], [ 55.297716157748638, 25.244907365000817 ], [ 55.297701956711535, 25.244807957766579 ], [ 55.2977563, 25.2447793 ], [ 55.2977551, 25.2447341 ], [ 55.2977158, 25.2446731 ], [ 55.297556932727154, 25.244642243623368 ], [ 55.2977854, 25.2445374 ], [ 55.297741, 25.244435 ], [ 55.297683776074557, 25.244428123737446 ], [ 55.297683776073789, 25.244321367034171 ], [ 55.29760334395398, 25.244305744884745 ], [ 55.2976461, 25.2442841 ], [ 55.2976218, 25.244245 ], [ 55.297586552572042, 25.244238153958673 ], [ 55.2974659, 25.2440433 ], [ 55.297409363334857, 25.244016641360478 ], [ 55.297427109409128, 25.243992000322109 ], [ 55.29754902878117, 25.244006956684725 ], [ 55.29754902878117, 25.243962040920518 ], [ 55.297249779015914, 25.243891519103808 ], [ 55.2972216, 25.2438446 ], [ 55.297173207297853, 25.243835200614736 ], [ 55.2973593, 25.2437662 ], [ 55.2973077, 25.2436909 ], [ 55.297129126677056, 25.243656215434324 ], [ 55.296955426596909, 25.24375501521968 ], [ 55.296986126513907, 25.243804815252798 ], [ 55.297161897378714, 25.24383895564209 ], [ 55.297008826300008, 25.243947215269703 ], [ 55.297070426131903, 25.244048215336068 ], [ 55.297110678739308, 25.244056033679307 ], [ 55.296933326040154, 25.244145915165234 ], [ 55.296869625953455, 25.244221815083666 ], [ 55.296918898677099, 25.244474603499981 ], [ 55.297039554601248, 25.244510643417875 ], [ 55.296986620810941, 25.24459447776654 ], [ 55.2968841, 25.2444541 ], [ 55.296833289999391, 25.244444231013617 ], [ 55.2968643, 25.244428 ], [ 55.2967411, 25.244263299999989 ], [ 55.296405481456937, 25.244198110989501 ], [ 55.2966732, 25.2440527 ], [ 55.2966526, 25.2440219 ], [ 55.296445523184303, 25.243981678255633 ], [ 55.2964114, 25.2438942 ], [ 55.296373450680136, 25.243886828833997 ], [ 55.2965245, 25.243809 ], [ 55.296440747338096, 25.243677933678569 ], [ 55.296471050440225, 25.243602714806872 ], [ 55.296204949578389, 25.243589075750283 ], [ 55.2963488, 25.2435136 ], [ 55.2963276, 25.2434805 ], [ 55.296268838699902, 25.243469086307432 ], [ 55.296216561458095, 25.243387518079071 ], [ 55.2962504, 25.2433624 ], [ 55.2960394, 25.2430333 ], [ 55.29588714550566, 25.243003725909773 ], [ 55.295887145505546, 25.24297389410799 ], [ 55.295821821534503, 25.242969929974052 ], [ 55.295821821531149, 25.242991037252963 ], [ 55.295656746034425, 25.242958972526012 ], [ 55.295489253729684, 25.243046446785833 ], [ 55.2953986, 25.2429425 ], [ 55.29531047953995, 25.242952489496105 ], [ 55.295479711572781, 25.243220684893526 ], [ 55.295432645320922, 25.243245371908138 ], [ 55.295507678957861, 25.243362478697602 ], [ 55.295372744785524, 25.243433271725848 ], [ 55.295442744393434, 25.243542471888286 ], [ 55.295627277849668, 25.243578316324516 ], [ 55.295664129050941, 25.243610824128265 ], [ 55.295763394188882, 25.243773027224506 ], [ 55.295700043296108, 25.243832772502476 ], [ 55.295716243119827, 25.243885672535818 ], [ 55.295735942997815, 25.24392017258095 ], [ 55.295836140622555, 25.243939635103224 ], [ 55.295752542791526, 25.243982672613843 ], [ 55.295708723101981, 25.244086743601724 ], [ 55.295663962231494, 25.244078049166013 ], [ 55.2957233, 25.2440437 ], [ 55.2956952, 25.2440041 ], [ 55.295390478113283, 25.24394490989912 ], [ 55.295405821096232, 25.243888890469364 ], [ 55.2954625, 25.2438999 ], [ 55.2955891, 25.2438325 ], [ 55.2955618, 25.2437906 ], [ 55.29544826826487, 25.243768547196119 ], [ 55.295405, 25.2437012 ], [ 55.295265335577014, 25.243674070907769 ], [ 55.2951726, 25.2435803 ], [ 55.294789945010542, 25.24350597022238 ], [ 55.294637044924322, 25.243571969820703 ], [ 55.294659490296496, 25.243600599143626 ], [ 55.29455174496637, 25.243579669601107 ], [ 55.29447134488575, 25.243625769388139 ], [ 55.294414344689564, 25.243703369230239 ], [ 55.294641219340171, 25.243791138575787 ], [ 55.294486344418189, 25.243773069403865 ], [ 55.294480290033192, 25.243868687648209 ], [ 55.294409894802705, 25.243855455500388 ], [ 55.2944014, 25.243801 ], [ 55.294173340969017, 25.243757500520712 ], [ 55.2943545, 25.2437915 ], [ 55.2944025, 25.2437598 ], [ 55.2944151, 25.2436952 ], [ 55.293757938427994, 25.243577324658823 ], [ 55.2937261, 25.2435266 ], [ 55.293600214293996, 25.243502145835848 ], [ 55.2937102, 25.2434639 ], [ 55.2936899, 25.2434298 ], [ 55.293605852168724, 25.24341347311254 ], [ 55.2936503, 25.2433894 ], [ 55.2935507, 25.2432497 ], [ 55.293455016523296, 25.243231112687308 ], [ 55.293456982416224, 25.24320803569713 ], [ 55.29359223833859, 25.243244019440198 ], [ 55.293573746674227, 25.243271967144288 ], [ 55.293651146264033, 25.243385167325034 ], [ 55.293814748815052, 25.243416776022254 ], [ 55.293834945885877, 25.243461467783909 ], [ 55.29392521223577, 25.243479002509115 ], [ 55.293935945427421, 25.243584368023591 ], [ 55.2943186, 25.2436587 ], [ 55.2943664, 25.2436474 ], [ 55.294357643194751, 25.243617111066573 ], [ 55.2944952, 25.2435971 ], [ 55.2945361, 25.2435468 ], [ 55.2945006, 25.2434012 ], [ 55.294373014908487, 25.243374832374577 ], [ 55.2945148, 25.2433024 ], [ 55.2943694, 25.2430601 ], [ 55.294327709929846, 25.243052001597228 ], [ 55.2943503, 25.2430406 ], [ 55.2942571, 25.2428899 ], [ 55.294061534128858, 25.242833066949604 ], [ 55.2941735, 25.2427766 ], [ 55.2941372, 25.2427176 ], [ 55.29394699640099, 25.242680651972094 ], [ 55.2940535, 25.2426877 ], [ 55.2941098, 25.2426604 ], [ 55.2940327, 25.242533 ], [ 55.293722138328846, 25.242472671363689 ], [ 55.2936785, 25.2424064 ], [ 55.293627479942721, 25.24239648893295 ], [ 55.293525879933092, 25.242445188897268 ], [ 55.293558779906675, 25.242500988907345 ], [ 55.293611023899544, 25.242518104516162 ], [ 55.29355404898655, 25.242529867208134 ], [ 55.293567993558334, 25.242549611294319 ], [ 55.293524759344628, 25.242576108246752 ], [ 55.293468778652901, 25.242419959922323 ], [ 55.2935372, 25.2424188 ], [ 55.2935285, 25.2423498 ], [ 55.293560544043743, 25.242333742304702 ], [ 55.293592479951371, 25.242384288921251 ], [ 55.2936435, 25.2423942 ], [ 55.293658827677419, 25.242371690221876 ], [ 55.2938516, 25.2423838 ], [ 55.293847969961078, 25.242359243857756 ], [ 55.2939646, 25.2423819 ], [ 55.2940081, 25.24236 ], [ 55.293983626347391, 25.242320276981491 ], [ 55.2940553, 25.2423342 ], [ 55.2941308, 25.2422959 ], [ 55.29405155605216, 25.242168063114963 ], [ 55.2941134, 25.2421543 ], [ 55.29409308794623, 25.242123114593845 ], [ 55.294144329915696, 25.242158811975273 ], [ 55.2943229, 25.2421935 ], [ 55.2944114, 25.2421455 ], [ 55.294394408591785, 25.242119868897149 ], [ 55.2944409, 25.2421289 ], [ 55.2945828, 25.2420556 ], [ 55.294553100806503, 25.24201048172284 ], [ 55.2947169, 25.2420423 ], [ 55.29479369467095, 25.242001454147072 ], [ 55.294870009721777, 25.242091749097202 ], [ 55.294738629723746, 25.242143412686492 ], [ 55.29479822956953, 25.242235312751099 ], [ 55.294874146337655, 25.242250059587466 ], [ 55.294901090719968, 25.242316242890759 ], [ 55.294861779839849, 25.242337789355531 ], [ 55.294952465098142, 25.242443306774749 ], [ 55.2948457291699, 25.242500112788832 ], [ 55.294866829115492, 25.242532512811714 ], [ 55.2950454, 25.2425672 ], [ 55.2953459, 25.2424074 ], [ 55.295324962139254, 25.242375123487612 ], [ 55.2953825, 25.2423863 ], [ 55.29553, 25.2423141 ], [ 55.2954589, 25.2421952 ], [ 55.295222780973745, 25.242150555080009 ], [ 55.2952791, 25.2421204 ], [ 55.295265769577284, 25.242095960893035 ], [ 55.2953087, 25.2421043 ], [ 55.2953985, 25.2420619 ], [ 55.2953435, 25.2419672 ], [ 55.29530644918507, 25.241960002993356 ], [ 55.2953374, 25.241946 ], [ 55.2953066, 25.2418902 ], [ 55.295227131562243, 25.241874763460569 ], [ 55.2952796, 25.241849 ], [ 55.2952588, 25.2418142 ], [ 55.295144504455301, 25.241784737442803 ], [ 55.2952355, 25.2417604 ], [ 55.2951359, 25.2416233 ], [ 55.294944261376806, 25.241596053283782 ], [ 55.294931997365111, 25.241574226264419 ], [ 55.295041, 25.2415954 ], [ 55.2951033, 25.2415614 ], [ 55.2948825, 25.2412477 ], [ 55.294746230996452, 25.24126041275899 ], [ 55.29444983087896, 25.241415712393689 ], [ 55.294468210393916, 25.241444434179726 ], [ 55.294387880237679, 25.241492089211111 ], [ 55.294406680225045, 25.241517989216991 ], [ 55.2944577, 25.2415279 ], [ 55.29451275329393, 25.241495240189735 ], [ 55.294589233886668, 25.241555813469137 ], [ 55.294547530653077, 25.241547712500942 ], [ 55.294341252693791, 25.24167633304452 ], [ 55.294161730658516, 25.241640212033325 ], [ 55.294115972695579, 25.241678703003704 ], [ 55.293966730715077, 25.241649711799649 ], [ 55.293902722380167, 25.241694209400244 ], [ 55.293910851880483, 25.241626421181813 ], [ 55.293865936116276, 25.241581505417606 ], [ 55.293715247844482, 25.241578201742747 ], [ 55.2937419, 25.2415657 ], [ 55.293705819079392, 25.241502749331435 ], [ 55.2937869, 25.2415185 ], [ 55.2938506, 25.241486 ], [ 55.293828757230862, 25.24136769064776 ], [ 55.293901180339873, 25.24136588904755 ], [ 55.293994980273666, 25.241502889076752 ], [ 55.2940848, 25.241496 ], [ 55.294054, 25.2414377 ], [ 55.294018509493029, 25.241430805732445 ], [ 55.2940391, 25.2414206 ], [ 55.2939665, 25.2413008 ], [ 55.293876108800021, 25.241275196235829 ], [ 55.293923138396167, 25.241255079531111 ], [ 55.294011006831802, 25.241272148621039 ], [ 55.29407638031357, 25.241385889106944 ], [ 55.2941274, 25.2413958 ], [ 55.2942667, 25.241318 ], [ 55.294251317420837, 25.241298058055754 ], [ 55.2943931, 25.2413256 ], [ 55.294575, 25.2412254 ], [ 55.294549660382629, 25.241185231256573 ], [ 55.2946226, 25.2411994 ], [ 55.2946615, 25.2411781 ], [ 55.294606531721044, 25.241095859567469 ], [ 55.2947689, 25.2411274 ], [ 55.294855640881991, 25.241078473536287 ], [ 55.294959919065484, 25.241171647538316 ], [ 55.295160532517883, 25.241203198868256 ], [ 55.295124730915092, 25.24122231321396 ], [ 55.295185639344233, 25.24133709233827 ], [ 55.295145880214925, 25.241358089472627 ], [ 55.295192880180039, 25.24143088948717 ], [ 55.295476495353675, 25.24143479126505 ], [ 55.295494803031445, 25.241461914820157 ], [ 55.295443830468315, 25.241452013578737 ], [ 55.295302430413393, 25.241525313404523 ], [ 55.295319288938309, 25.241553013371263 ], [ 55.295275680111217, 25.241576989512449 ], [ 55.295378130072095, 25.241742713479368 ], [ 55.29546474114801, 25.24175953737635 ], [ 55.295484916221838, 25.241816062044581 ], [ 55.295406929977645, 25.241800913509604 ], [ 55.295334529951155, 25.241837313420483 ], [ 55.295354429897181, 25.241869713441933 ], [ 55.295522246888979, 25.241902311255991 ], [ 55.295575944503625, 25.241988864409251 ], [ 55.295540422415023, 25.242069302230597 ], [ 55.295707482448726, 25.242075578823872 ], [ 55.29570748244879, 25.242037500952442 ], [ 55.2957708, 25.2420498 ], [ 55.295842177371732, 25.242012486664482 ], [ 55.296021142892187, 25.242054176009542 ], [ 55.295965346991373, 25.242083722370296 ], [ 55.295870179860955, 25.242035089706004 ], [ 55.295652479840449, 25.242139089629553 ], [ 55.295714479794114, 25.242235889648729 ], [ 55.2957655, 25.2422458 ], [ 55.295900005426439, 25.242203170466986 ], [ 55.295810279776852, 25.242253789681065 ], [ 55.295842679754124, 25.242300789691161 ], [ 55.2958937, 25.2423107 ], [ 55.2960825, 25.2422041 ], [ 55.29605702699974, 25.242167227049368 ], [ 55.2961233, 25.2421801 ], [ 55.2963433, 25.2420637 ], [ 55.2963188, 25.2420258 ], [ 55.29614520339851, 25.241992080519537 ], [ 55.2961017, 25.2419401 ], [ 55.296014308078369, 25.24192312483898 ], [ 55.29607870000001, 25.2418897 ], [ 55.296037979279291, 25.241817720025502 ], [ 55.2961429, 25.2418381 ], [ 55.2961998, 25.2418101 ], [ 55.2961153, 25.2416694 ], [ 55.295871548874906, 25.241591474393509 ], [ 55.2959001, 25.241577 ], [ 55.2958295377152, 25.241487373356204 ], [ 55.2959285, 25.2415221 ], [ 55.2959771, 25.2415008 ], [ 55.295976977033966, 25.24140184236078 ], [ 55.2958846, 25.2412873 ], [ 55.295797986087251, 25.241270475761738 ], [ 55.295791038510195, 25.241243110360919 ], [ 55.2958464, 25.2412261 ], [ 55.29582090000001, 25.241183 ], [ 55.295741184448339, 25.241167515683742 ], [ 55.295672722301603, 25.241063705036716 ], [ 55.2957398, 25.2410429 ], [ 55.2957129, 25.240998 ], [ 55.2956047, 25.2408382 ], [ 55.295526486261991, 25.240823007252075 ], [ 55.2955964, 25.2407855 ], [ 55.2955735, 25.2407505 ], [ 55.294594932108119, 25.240528512630789 ], [ 55.294570859346649, 25.240557234788977 ], [ 55.29446853208723, 25.240574512476467 ], [ 55.29448276029936, 25.240601977985129 ], [ 55.294397480586149, 25.240645289231772 ], [ 55.29429544178646, 25.240625467643653 ], [ 55.294257141774146, 25.240644967603235 ], [ 55.294277009734195, 25.240676913291868 ], [ 55.294148034167627, 25.240721829020881 ], [ 55.294148034148975, 25.240794429166467 ], [ 55.294051574818511, 25.240845269420294 ], [ 55.293965541608443, 25.24085156729188 ], [ 55.293991126490511, 25.240880058810831 ], [ 55.293950731843864, 25.240872211836408 ], [ 55.293884587940077, 25.240931661110743 ], [ 55.293748431869105, 25.240905211592331 ], [ 55.293668131837101, 25.240947411493359 ], [ 55.293698069021531, 25.24099408394833 ], [ 55.293615331811935, 25.240978011428073 ], [ 55.293572531798766, 25.240997811375514 ], [ 55.293598242887001, 25.241043339750629 ], [ 55.293529631767711, 25.241030011321929 ], [ 55.29337693171442, 25.241105011134106 ], [ 55.293397528021877, 25.241139419926316 ], [ 55.293205831602485, 25.241225210921034 ], [ 55.293233008209185, 25.241270524872913 ], [ 55.293121231598896, 25.241248810818252 ], [ 55.293086831583992, 25.241267710775787 ], [ 55.293112896976787, 25.241306498277336 ], [ 55.293035231568361, 25.241291410712439 ], [ 55.292711531445285, 25.241457410313739 ] ], [ [ 55.297976193598451, 25.24524372452219 ], [ 55.297953270659107, 25.245255562054275 ], [ 55.29795327065915, 25.245238391853526 ], [ 55.297976193598451, 25.24524372452219 ] ], [ [ 55.297905496554939, 25.2452645980893 ], [ 55.297935772711341, 25.245264598086781 ], [ 55.297939444011348, 25.245282583401075 ], [ 55.297916949537758, 25.245284047122471 ], [ 55.297905496554939, 25.2452645980893 ] ], [ [ 55.2959425, 25.2443319 ], [ 55.295906609463678, 25.244277325500349 ], [ 55.296000658470085, 25.244317242493096 ], [ 55.2959425, 25.2443319 ] ], [ [ 55.295857483547103, 25.241724161796121 ], [ 55.295901628278415, 25.241699010299051 ], [ 55.295924558061301, 25.241737190563178 ], [ 55.295857483547103, 25.241724161796121 ] ], [ [ 55.295606991250523, 25.244428529240622 ], [ 55.295763284347501, 25.244381771007156 ], [ 55.295851396932221, 25.244398886054164 ], [ 55.295626531102059, 25.244521883390608 ], [ 55.295543610962966, 25.244485410935962 ], [ 55.295606991250523, 25.244428529240622 ] ], [ [ 55.2957773, 25.241406 ], [ 55.295598730529065, 25.241371313769616 ], [ 55.29556604697423, 25.241387721785784 ], [ 55.295550239788859, 25.241359666650354 ], [ 55.2956091, 25.2413711 ], [ 55.295689117915224, 25.241328472550805 ], [ 55.29584640171182, 25.241369236324946 ], [ 55.295818420455909, 25.241470055443873 ], [ 55.2957773, 25.241406 ] ], [ [ 55.29565423955134, 25.241726911285056 ], [ 55.295683498910499, 25.241700481802649 ], [ 55.295816334637031, 25.241720511080462 ], [ 55.295749747133847, 25.241756621918757 ], [ 55.29565423955134, 25.241726911285056 ] ], [ [ 55.295639712549665, 25.244584656201862 ], [ 55.295630064544284, 25.244582782157277 ], [ 55.295610261226862, 25.244578935525904 ], [ 55.295630455196857, 25.244570247918219 ], [ 55.295639712549665, 25.244584656201862 ] ], [ [ 55.295474276145981, 25.241652867930942 ], [ 55.295475280146555, 25.241653062954256 ], [ 55.295474634733097, 25.241653400620077 ], [ 55.295474276145981, 25.241652867930942 ] ], [ [ 55.2951871, 25.2423317 ], [ 55.295133617267084, 25.242247712301513 ], [ 55.295142739782946, 25.242249484331136 ], [ 55.2951871, 25.2423317 ] ], [ [ 55.294927826873668, 25.241928512366716 ], [ 55.294896233368704, 25.241879980175383 ], [ 55.2951484679404, 25.241942604139705 ], [ 55.295103723378169, 25.241950519572615 ], [ 55.294927826873668, 25.241928512366716 ] ], [ [ 55.295091767165047, 25.24223474852521 ], [ 55.295098045436283, 25.242240090718482 ], [ 55.29508239271879, 25.242237050205343 ], [ 55.295091767165047, 25.24223474852521 ] ], [ [ 55.293725458281259, 25.244132592325087 ], [ 55.29371709730966, 25.244093574672636 ], [ 55.293815022535171, 25.244096602748776 ], [ 55.294498, 25.2442248 ], [ 55.2945057, 25.2441861 ], [ 55.294383062959703, 25.244163026667007 ], [ 55.294376734008139, 25.244072971104917 ], [ 55.2944137, 25.2439801 ], [ 55.294335471252339, 25.243965446868081 ], [ 55.29431182279265, 25.243903822626766 ], [ 55.294407915712469, 25.243919812553344 ], [ 55.294567581411847, 25.243964392136995 ], [ 55.294567581405481, 25.244003653089788 ], [ 55.294696819000031, 25.24399072149939 ], [ 55.294650343519798, 25.244022369785434 ], [ 55.294679179137816, 25.244084289257344 ], [ 55.294844763699558, 25.244097518376858 ], [ 55.29486981246211, 25.244137718218461 ], [ 55.294854869368841, 25.244219624843613 ], [ 55.294731442715438, 25.244261969956227 ], [ 55.294728842593621, 25.244301969943404 ], [ 55.295066546473066, 25.244363902049564 ], [ 55.295066855817339, 25.244365083501847 ], [ 55.294866442365695, 25.244341270289706 ], [ 55.294839978404092, 25.244395536039239 ], [ 55.294758016844291, 25.244378653208901 ], [ 55.2948184, 25.2443866 ], [ 55.2948258, 25.2443407 ], [ 55.293725458281259, 25.244132592325087 ] ], [ [ 55.295016168857487, 25.242362981998525 ], [ 55.295049089611872, 25.242369376806309 ], [ 55.295059948894028, 25.242386116867351 ], [ 55.295038778230655, 25.242397369895247 ], [ 55.295016168857487, 25.242362981998525 ] ], [ [ 55.294862483737283, 25.240907768956838 ], [ 55.294943914457221, 25.240907768954514 ], [ 55.29494391445769, 25.240848437443184 ], [ 55.295006427451362, 25.240921234622942 ], [ 55.294887251211804, 25.240982991509167 ], [ 55.294843589955981, 25.240947063367599 ], [ 55.2948772, 25.2409292 ], [ 55.294862483737283, 25.240907768956838 ] ], [ [ 55.294898207172665, 25.241622272189037 ], [ 55.294892041826898, 25.241621074568378 ], [ 55.294941012573688, 25.241597902845669 ], [ 55.294898207172665, 25.241622272189037 ] ], [ [ 55.294820069912582, 25.240811330339262 ], [ 55.294820069903537, 25.240846002364023 ], [ 55.2947732177199, 25.240816620478817 ], [ 55.2947995, 25.2408023 ], [ 55.2946968, 25.2406615 ], [ 55.294604072592513, 25.240643487401631 ], [ 55.294820153847802, 25.24066757150743 ], [ 55.294919844958564, 25.240813261900829 ], [ 55.294820069912582, 25.240811330339262 ] ], [ [ 55.2947956725586, 25.241859327902073 ], [ 55.294716830164084, 25.241844012681941 ], [ 55.29452298568539, 25.241964731540609 ], [ 55.294435011558527, 25.241830493646265 ], [ 55.2946075, 25.241864 ], [ 55.294680088318955, 25.241827673652583 ], [ 55.2947956725586, 25.241859327902073 ] ], [ [ 55.294529931443165, 25.241005112518891 ], [ 55.294566666884897, 25.241058391261411 ], [ 55.294401838308247, 25.241006065308316 ], [ 55.294490323507446, 25.240960115748596 ], [ 55.294529931443165, 25.241005112518891 ] ], [ [ 55.294425031722902, 25.240837612405588 ], [ 55.294405120595748, 25.24084877349992 ], [ 55.294379, 25.2408015 ], [ 55.294339252371067, 25.240793778819437 ], [ 55.294360009523039, 25.240718668568878 ], [ 55.294425917257051, 25.240731471473659 ], [ 55.294509966836578, 25.240843718068724 ], [ 55.294425031722902, 25.240837612405588 ] ], [ [ 55.294382374742959, 25.241749505150889 ], [ 55.294418104096557, 25.241759614678131 ], [ 55.294350035557279, 25.24176709421355 ], [ 55.294382374742959, 25.241749505150889 ] ], [ [ 55.294207414726976, 25.244913730727131 ], [ 55.294207766940865, 25.244911818247765 ], [ 55.294213457420753, 25.244912923631251 ], [ 55.294207414726976, 25.244913730727131 ] ], [ [ 55.294192004900282, 25.241747125406391 ], [ 55.294207318298163, 25.241750100112657 ], [ 55.294198103556745, 25.241755315991142 ], [ 55.294192004900282, 25.241747125406391 ] ], [ [ 55.294178860926806, 25.241207836917255 ], [ 55.294169865179427, 25.241219614541244 ], [ 55.294096772742428, 25.241231015538709 ], [ 55.294134735532538, 25.241199265291062 ], [ 55.294178860926806, 25.241207836917255 ] ], [ [ 55.2939433, 25.2411327 ], [ 55.294023258647115, 25.241090778966004 ], [ 55.294135197974484, 25.241112523935971 ], [ 55.294162089704123, 25.241156194724407 ], [ 55.293934431468429, 25.241136211797961 ], [ 55.293883490497564, 25.24116801591526 ], [ 55.293853137659355, 25.241115185243451 ], [ 55.2939433, 25.2411327 ] ], [ [ 55.29409680618943, 25.2419032229156 ], [ 55.294091082556129, 25.2418950223881 ], [ 55.294106776279236, 25.241898070982977 ], [ 55.29409680618943, 25.2419032229156 ] ], [ [ 55.293856571288792, 25.243656738833025 ], [ 55.293882245102083, 25.243702867867846 ], [ 55.293955945982674, 25.243716700051817 ], [ 55.293733555138672, 25.243685117501467 ], [ 55.29374488233956, 25.243635042612524 ], [ 55.293856571288792, 25.243656738833025 ] ], [ [ 55.293740771242497, 25.242317591649638 ], [ 55.293747155405811, 25.242314234718826 ], [ 55.293771452872349, 25.242323551789852 ], [ 55.293740771242497, 25.242317591649638 ] ], [ [ 55.2930616, 25.2423807 ], [ 55.2929568, 25.242271 ], [ 55.292625524746697, 25.242206644963659 ], [ 55.29255621478805, 25.242152659611527 ], [ 55.292542234145088, 25.242104146260996 ], [ 55.2927451, 25.2421249 ], [ 55.2927713, 25.2421122 ], [ 55.292745771515285, 25.242071391693422 ], [ 55.2928848, 25.2420984 ], [ 55.2929286, 25.2420752 ], [ 55.292911673340015, 25.242049078503541 ], [ 55.2929751, 25.2420614 ], [ 55.2930169, 25.24204 ], [ 55.293014204584267, 25.241960526081236 ], [ 55.2931308, 25.2419721 ], [ 55.29319745450465, 25.241927391757418 ], [ 55.2932464, 25.2419369 ], [ 55.2934169, 25.2418495 ], [ 55.293399214889021, 25.241821287310685 ], [ 55.2935058, 25.2417921 ], [ 55.293408679179343, 25.241637150049382 ], [ 55.2935366, 25.241662 ], [ 55.29371324080558, 25.241579143185394 ], [ 55.293669266479696, 25.241623117500929 ], [ 55.293669266470118, 25.241695140613501 ], [ 55.2936444, 25.2416505 ], [ 55.293593380258194, 25.241640588936828 ], [ 55.293475880248188, 25.241694188895622 ], [ 55.293513580216448, 25.241761688907101 ], [ 55.2935646, 25.2417716 ], [ 55.293676725538269, 25.241720408104865 ], [ 55.293752663958067, 25.241801855692803 ], [ 55.293739105960142, 25.241828609020232 ], [ 55.293617630616581, 25.241805011371373 ], [ 55.293574330596513, 25.241829711317862 ], [ 55.293628395336341, 25.241911895157877 ], [ 55.293400593799653, 25.242016988866578 ], [ 55.293258630479627, 25.241989410929168 ], [ 55.293208930461574, 25.242014310868004 ], [ 55.293222588944019, 25.24207399024915 ], [ 55.29308963033818, 25.242129510717177 ], [ 55.29306143018627, 25.242241710675408 ], [ 55.293129830009228, 25.242347210749546 ], [ 55.293193743371852, 25.242359626673498 ], [ 55.293226479978294, 25.242410388795768 ], [ 55.293292457811162, 25.242412427469485 ], [ 55.293424779869554, 25.24262438885907 ], [ 55.293489603291022, 25.242627255071188 ], [ 55.293489603286922, 25.242656180050151 ], [ 55.293686273059457, 25.242659483758551 ], [ 55.293722379132731, 25.242623377689121 ], [ 55.293760798186995, 25.242630840873133 ], [ 55.293448248274615, 25.242786266897756 ], [ 55.293490048032773, 25.242853966994357 ], [ 55.293571668838766, 25.242875283241752 ], [ 55.293396232760841, 25.242965551497875 ], [ 55.2933037, 25.2428654 ], [ 55.293118702364666, 25.242811395540979 ], [ 55.2932325, 25.2427523 ], [ 55.2931939, 25.2426788 ], [ 55.293086540160651, 25.242657944109009 ], [ 55.2930475, 25.2425758 ], [ 55.292973471004224, 25.242561418934354 ], [ 55.2931259, 25.2424866 ], [ 55.2930616, 25.2423807 ] ], [ [ 55.293713522573775, 25.244077629945046 ], [ 55.293714181905329, 25.244077753190339 ], [ 55.293714181904832, 25.24408057082109 ], [ 55.293713522573775, 25.244077629945046 ] ], [ [ 55.293650930248674, 25.242051411393447 ], [ 55.293583917972036, 25.242076398291609 ], [ 55.293704416680839, 25.242016236929814 ], [ 55.293741163808676, 25.242068940015404 ], [ 55.293650930248674, 25.242051411393447 ] ], [ [ 55.293667865712088, 25.243759705736739 ], [ 55.293633464760738, 25.243753023122043 ], [ 55.293675262954388, 25.24374508079903 ], [ 55.293667865712088, 25.243759705736739 ] ], [ [ 55.29360756288348, 25.242310180519716 ], [ 55.293617165064958, 25.242305368731937 ], [ 55.293628776558094, 25.242307624364031 ], [ 55.29360756288348, 25.242310180519716 ] ], [ [ 55.293576065539092, 25.243900744510135 ], [ 55.293596768651881, 25.243900270079866 ], [ 55.293592644201119, 25.243908424423669 ], [ 55.293576065539092, 25.243900744510135 ] ], [ [ 55.293579211747812, 25.244855400636506 ], [ 55.293554747992829, 25.244871583640467 ], [ 55.293563833273716, 25.244830426362867 ], [ 55.293582965266772, 25.244837811780176 ], [ 55.293579211747812, 25.244855400636506 ] ], [ [ 55.293588667241188, 25.242230707791247 ], [ 55.293558455354791, 25.242238723796685 ], [ 55.293549643733357, 25.242223127121761 ], [ 55.293588667241188, 25.242230707791247 ] ], [ [ 55.293332642319847, 25.244738766300998 ], [ 55.293514721264337, 25.244773472055527 ], [ 55.293508241966883, 25.244808966739829 ], [ 55.29354371024796, 25.244822658379121 ], [ 55.293293517527346, 25.244776866950158 ], [ 55.293291033734441, 25.244727482827678 ], [ 55.293332642319847, 25.244738766300998 ] ], [ [ 55.293380979986814, 25.242351188849717 ], [ 55.293304084023717, 25.242390476982791 ], [ 55.293297151430004, 25.24237971484429 ], [ 55.2934169368448, 25.242328127786074 ], [ 55.29347747998154, 25.242339888882903 ], [ 55.293448144966995, 25.242386938134661 ], [ 55.293380979986814, 25.242351188849717 ] ], [ [ 55.293222574844563, 25.244962324394312 ], [ 55.293138224520185, 25.244950339124212 ], [ 55.293224833924626, 25.244952090574973 ], [ 55.293222574844563, 25.244962324394312 ] ] ], [ [ [ 55.298200657299603, 25.237085634922856 ], [ 55.298312596772675, 25.237089928997012 ], [ 55.298357512536874, 25.237045013232802 ], [ 55.298357512536874, 25.237000097468599 ], [ 55.298200657315668, 25.236995803395232 ], [ 55.298200657299603, 25.237085634922856 ] ] ], [ [ [ 55.298402428301081, 25.232957678690056 ], [ 55.298402428301081, 25.232912762925846 ], [ 55.298254777940677, 25.232901532395235 ], [ 55.298254777919681, 25.232946448158398 ], [ 55.298402428301081, 25.232957678690056 ] ] ], [ [ [ 55.298357512536874, 25.234574646201477 ], [ 55.298357512536874, 25.234529730437266 ], [ 55.298209861425718, 25.234518499851749 ], [ 55.298209861404722, 25.234563415614911 ], [ 55.298357512536874, 25.234574646201477 ] ] ], [ [ [ 55.297750440904863, 25.230168401330172 ], [ 55.297648767644354, 25.230202292284936 ], [ 55.297648767557284, 25.230337039573239 ], [ 55.297693683256213, 25.230426871122766 ], [ 55.29791687797384, 25.230587737658638 ], [ 55.297907886967891, 25.230620642195031 ], [ 55.29801095702733, 25.23064418519542 ], [ 55.297847253085486, 25.230610371896592 ], [ 55.297839753054141, 25.23063757188724 ], [ 55.298267681008468, 25.230711890479764 ], [ 55.298312596772675, 25.230666974715554 ], [ 55.298357512536874, 25.230532227422941 ], [ 55.298402428301081, 25.230217817073491 ], [ 55.298008093758135, 25.230112460951513 ], [ 55.29781852336653, 25.230145707214067 ], [ 55.297728691838437, 25.230110536361543 ], [ 55.297717351135844, 25.230060388389479 ], [ 55.2978165, 25.2300685 ], [ 55.2978158, 25.2300199 ], [ 55.297428292505131, 25.229969785761806 ], [ 55.297428292461284, 25.230014701523825 ], [ 55.297563039589576, 25.230149448918738 ], [ 55.297750440904863, 25.230168401330172 ] ] ], [ [ [ 55.2977591, 25.2513027 ], [ 55.297658428221808, 25.251121944122371 ], [ 55.297928, 25.2511743 ], [ 55.2980277, 25.2511654 ], [ 55.2980776, 25.2509816 ], [ 55.2980337, 25.2508943 ], [ 55.297490220390287, 25.250784276018479 ], [ 55.29734942035563, 25.250830575650731 ], [ 55.297299519824954, 25.251014375494677 ], [ 55.297445065815552, 25.251071012031371 ], [ 55.297269819777895, 25.251036975415136 ], [ 55.297187121199762, 25.251074607375809 ], [ 55.2971157, 25.2509574 ], [ 55.297064676058831, 25.250947489931157 ], [ 55.296768176028337, 25.251095289826871 ], [ 55.297079275785421, 25.251605989922652 ], [ 55.2971303, 25.2516159 ], [ 55.2974269, 25.2514681 ], [ 55.297380873442023, 25.251392567636618 ], [ 55.2975077, 25.2514172 ], [ 55.2977591, 25.2513027 ] ] ], [ [ [ 55.297772990450135, 25.24638081394183 ], [ 55.297667626210981, 25.246435671874895 ], [ 55.2975706, 25.2462826 ], [ 55.29751957794204, 25.24627269018228 ], [ 55.29737437792587, 25.246348090131153 ], [ 55.297494605304934, 25.246521045635944 ], [ 55.297375022352767, 25.246588015517929 ], [ 55.297457622135745, 25.246717615607356 ], [ 55.2976362, 25.2467523 ], [ 55.297891039709775, 25.246619644025085 ], [ 55.298088017951642, 25.246656986772877 ], [ 55.298088017951642, 25.246612071008673 ], [ 55.297945565494011, 25.246591260709621 ], [ 55.2981034, 25.2465091 ], [ 55.2980209, 25.2463794 ], [ 55.297876336001885, 25.246351322319754 ], [ 55.2979601, 25.2463078 ], [ 55.2978496, 25.2461338 ], [ 55.297740423984628, 25.246112595336765 ], [ 55.2977979, 25.2460314 ], [ 55.2977388, 25.2459422 ], [ 55.2975430006693, 25.245902723019348 ], [ 55.2976356, 25.2458513 ], [ 55.2976411, 25.24577 ], [ 55.2975902, 25.2456949 ], [ 55.297328923750051, 25.245632415531368 ], [ 55.297184723686271, 25.245712515353301 ], [ 55.297233911589771, 25.245784949636992 ], [ 55.29709927816026, 25.245848890047444 ], [ 55.297073078127539, 25.245934690036751 ], [ 55.297125878088991, 25.246014890053132 ], [ 55.2972726, 25.2460428 ], [ 55.297365239681568, 25.245992911269592 ], [ 55.297384390169448, 25.246021796702188 ], [ 55.29724417804627, 25.246088890092 ], [ 55.297226378013178, 25.246173490084193 ], [ 55.297277977973685, 25.246256290100117 ], [ 55.2974101, 25.2462882 ], [ 55.297506241464561, 25.246239177044753 ], [ 55.297563250941401, 25.246250249782157 ], [ 55.297628322601469, 25.246352715837521 ], [ 55.297772990450135, 25.24638081394183 ] ], [ [ 55.297564504009422, 25.24615446113414 ], [ 55.297504477348205, 25.246151380593314 ], [ 55.297498400291666, 25.246141622047332 ], [ 55.297564504009422, 25.24615446113414 ] ], [ [ 55.297372552185898, 25.24593458357046 ], [ 55.297368198528211, 25.245936942826997 ], [ 55.297347212119817, 25.245905022053897 ], [ 55.29740602421743, 25.245916444996436 ], [ 55.297372552185898, 25.24593458357046 ] ] ], [ [ [ 55.298267681008468, 25.232957678690056 ], [ 55.298159844739743, 25.232945457190262 ], [ 55.298070013199883, 25.23299037291553 ], [ 55.298070013154181, 25.233080204441663 ], [ 55.298222765244262, 25.233092425982672 ], [ 55.298267681008468, 25.233047510218469 ], [ 55.298267681008468, 25.232957678690056 ] ] ], [ [ [ 55.298132933715856, 25.234080572795197 ], [ 55.297940367081914, 25.23406934211588 ], [ 55.29794036706091, 25.234114257879035 ], [ 55.297985282798876, 25.234159173659588 ], [ 55.298177849480055, 25.234170404323628 ], [ 55.298177849480055, 25.234125488559414 ], [ 55.298132933715856, 25.234080572795197 ] ] ], [ [ [ 55.298177849480055, 25.230846637772373 ], [ 55.298059811148988, 25.230832434423323 ], [ 55.298014895364851, 25.230877350164238 ], [ 55.298014895338298, 25.230922265927127 ], [ 55.298132933715856, 25.230936469300783 ], [ 55.298177849480055, 25.23089155353658 ], [ 55.298177849480055, 25.230846637772373 ] ] ], [ [ [ 55.297818523366402, 25.23592211912765 ], [ 55.297953270659029, 25.23592211912765 ], [ 55.298043102187435, 25.235877203363444 ], [ 55.298088017951642, 25.235787371835034 ], [ 55.298088017951642, 25.235697540306617 ], [ 55.297888648203916, 25.235684988308069 ], [ 55.29761915360686, 25.235774819717641 ], [ 55.297619153583391, 25.235819735480685 ], [ 55.297818523366402, 25.23592211912765 ] ] ], [ [ [ 55.297608211508283, 25.247342597370924 ], [ 55.2976811, 25.2473046 ], [ 55.2975702, 25.2471306 ], [ 55.297519177592015, 25.247120690164767 ], [ 55.297087377543534, 25.247345790012709 ], [ 55.297183969218679, 25.247497340696526 ], [ 55.297129421085074, 25.247526615157099 ], [ 55.29719662091275, 25.247629115230065 ], [ 55.2973752, 25.2476638 ], [ 55.297712556390636, 25.247482749186457 ], [ 55.2977849, 25.2474968 ], [ 55.2978375, 25.247468 ], [ 55.297731862861312, 25.247426329236934 ], [ 55.297784, 25.2474041 ], [ 55.2977579, 25.2473613 ], [ 55.297608211508283, 25.247342597370924 ] ] ], [ [ [ 55.297998186423229, 25.230756806243964 ], [ 55.298043102187435, 25.23075680624396 ], [ 55.298043102187435, 25.230711890479764 ], [ 55.297928465000467, 25.23069834769332 ], [ 55.297928464975151, 25.230743263456251 ], [ 55.297998186423229, 25.230756806243964 ] ] ], [ [ [ 55.2977554, 25.243267 ], [ 55.297687372225802, 25.243253787072373 ], [ 55.297655372221662, 25.243269287057387 ], [ 55.297690072181894, 25.243332887071439 ], [ 55.2977581, 25.2433461 ], [ 55.2977911, 25.2433322 ], [ 55.2977554, 25.243267 ] ] ], [ [ [ 55.2973052, 25.2506992 ], [ 55.2976246, 25.2505356 ], [ 55.2975161, 25.2503623 ], [ 55.297465076263329, 25.250352390080089 ], [ 55.297145676228617, 25.250516089967658 ], [ 55.297254176145927, 25.250689290001166 ], [ 55.2973052, 25.2506992 ] ] ], [ [ [ 55.297773607602203, 25.235652624542418 ], [ 55.297773607602203, 25.235562793014008 ], [ 55.297639560780361, 25.235554204730118 ], [ 55.297639560748244, 25.235644036256947 ], [ 55.297773607602203, 25.235652624542418 ] ] ], [ [ [ 55.297728691837996, 25.237314507818038 ], [ 55.297608949136695, 25.237299973738956 ], [ 55.29760894911032, 25.237344418303255 ], [ 55.297504113017084, 25.237376334140126 ], [ 55.297367364204639, 25.237341586158578 ], [ 55.297367364171279, 25.237386501921122 ], [ 55.297465663831879, 25.23740433934729 ], [ 55.2975295, 25.2374491 ], [ 55.297640417982187, 25.237395917657111 ], [ 55.297728691837996, 25.237404339346448 ], [ 55.297728691837996, 25.237314507818038 ] ] ], [ [ [ 55.297604553909849, 25.230553030181618 ], [ 55.297728691837996, 25.230577143187137 ], [ 55.297773607602203, 25.230577143187141 ], [ 55.297773607602203, 25.230532227422938 ], [ 55.297649469707899, 25.230508114456953 ], [ 55.297604553954933, 25.230508114419656 ], [ 55.297604553909849, 25.230553030181618 ] ] ], [ [ [ 55.29649950400497, 25.246506266036885 ], [ 55.296451338278153, 25.24650968657922 ], [ 55.296414422754374, 25.246549614372686 ], [ 55.296487322558768, 25.246666814451405 ], [ 55.296728252573743, 25.246703217474082 ], [ 55.296808277786951, 25.246825789928067 ], [ 55.296935447964259, 25.246820064295143 ], [ 55.297048521873236, 25.247001315098089 ], [ 55.2972271, 25.247036 ], [ 55.2972722, 25.247013 ], [ 55.297223205804315, 25.246934521805212 ], [ 55.2973301, 25.2469329 ], [ 55.2974297, 25.2468472 ], [ 55.2973065, 25.2466597 ], [ 55.297199942490792, 25.246639003571577 ], [ 55.2972254, 25.2465536 ], [ 55.297199577598136, 25.246515433562632 ], [ 55.297279534195937, 25.246522239480264 ], [ 55.297279534195937, 25.246432407951843 ], [ 55.297092760722393, 25.246413579030506 ], [ 55.297109893618874, 25.246475627757235 ], [ 55.297028777917852, 25.246453690010977 ], [ 55.296946951365314, 25.246482242902882 ], [ 55.2971457, 25.2463822 ], [ 55.2971103, 25.2463246 ], [ 55.296970141701237, 25.246297377097864 ], [ 55.2968941, 25.2461778 ], [ 55.296788829145385, 25.24615735310925 ], [ 55.2968286, 25.2460991 ], [ 55.296783278914781, 25.246035287559593 ], [ 55.2969136, 25.2460606 ], [ 55.2969486, 25.2460428 ], [ 55.2968314, 25.2458507 ], [ 55.296652823728387, 25.245816014710215 ], [ 55.296513523674705, 25.245887914538596 ], [ 55.296594047775301, 25.245944029748298 ], [ 55.296520523609765, 25.245931114543861 ], [ 55.296286464907489, 25.246040676347331 ], [ 55.296226423574296, 25.246029014185375 ], [ 55.296120023534186, 25.246083314054324 ], [ 55.296209223295286, 25.246226414150652 ], [ 55.296406358634862, 25.246251621133244 ], [ 55.296451378033147, 25.246318389816601 ], [ 55.296524912852576, 25.246315906330054 ], [ 55.296509978001765, 25.246379789835355 ], [ 55.296573469258568, 25.246468581161466 ], [ 55.29649950400497, 25.246506266036885 ] ], [ [ 55.296969833330806, 25.246709871460496 ], [ 55.296970111257032, 25.246709879115336 ], [ 55.296969909224231, 25.246709987759516 ], [ 55.296969833330806, 25.246709871460496 ] ], [ [ 55.296587785959375, 25.246267854057844 ], [ 55.29660434102076, 25.246259032577917 ], [ 55.296609302589367, 25.246270555219365 ], [ 55.296587785959375, 25.246267854057844 ] ], [ [ 55.296543423235114, 25.246290492394412 ], [ 55.29652698240875, 25.246266067622749 ], [ 55.296572754493418, 25.246274958081482 ], [ 55.296543423235114, 25.246290492394412 ] ] ], [ [ [ 55.297431987793615, 25.235827002459178 ], [ 55.297504113016963, 25.235832287599241 ], [ 55.297504113016963, 25.235787371835031 ], [ 55.297431987803492, 25.235782086695455 ], [ 55.297431987793615, 25.235827002459178 ] ] ], [ [ [ 55.297459197252756, 25.234574646201473 ], [ 55.297504113016963, 25.234574646201473 ], [ 55.297504113016963, 25.23452973043727 ], [ 55.297377569743112, 25.234513875045089 ], [ 55.297377569713468, 25.234558790807814 ], [ 55.297459197252756, 25.234574646201473 ] ] ], [ [ [ 55.297054955374911, 25.230577143187144 ], [ 55.297504113016963, 25.230577143187137 ], [ 55.29754902878117, 25.230487311658731 ], [ 55.29754902878117, 25.230262732837698 ], [ 55.297504113016963, 25.230127985545074 ], [ 55.297345928080169, 25.230105854270224 ], [ 55.297414281488557, 25.230083069780875 ], [ 55.297414281488557, 25.229993238252465 ], [ 55.29699103853585, 25.229972097656496 ], [ 55.296991038496323, 25.230017013418745 ], [ 55.297080869925978, 25.23010684500861 ], [ 55.297160903757174, 25.230122391424327 ], [ 55.297075768350886, 25.230150769806201 ], [ 55.2968961050871, 25.230420264242177 ], [ 55.296896105030093, 25.230482629661946 ], [ 55.296686830909728, 25.230468152769948 ], [ 55.296686830838098, 25.230557984294808 ], [ 55.296920208082284, 25.230577143187137 ], [ 55.29692020808281, 25.230534198895533 ], [ 55.297054955374911, 25.230577143187144 ] ] ], [ [ [ 55.297385371451419, 25.235781756365387 ], [ 55.297340455689827, 25.23578175635669 ], [ 55.297340455679326, 25.235826672120385 ], [ 55.297414281488557, 25.235832287599244 ], [ 55.297414281488557, 25.235787371835034 ], [ 55.297385371451419, 25.235781756365387 ] ] ], [ [ [ 55.297414281488557, 25.234933972315126 ], [ 55.297414281488557, 25.234844140786709 ], [ 55.297247923995378, 25.234829276279179 ], [ 55.297247923939786, 25.234919107804828 ], [ 55.297414281488557, 25.234933972315126 ] ] ], [ [ [ 55.297369365724343, 25.234439898908853 ], [ 55.297247924245532, 25.234425034413746 ], [ 55.297247924217736, 25.234469950176582 ], [ 55.297369365724343, 25.234484814673063 ], [ 55.297369365724343, 25.234439898908853 ] ] ], [ [ [ 55.2972964, 25.235857 ], [ 55.297169885236222, 25.235842041895992 ], [ 55.297144285214358, 25.235912041887516 ], [ 55.297165285201309, 25.235944741892922 ], [ 55.2972578, 25.2359702 ], [ 55.297329, 25.2358993 ], [ 55.2972964, 25.235857 ] ] ], [ [ [ 55.296091892797691, 25.247253429562175 ], [ 55.296036321830535, 25.24728331386817 ], [ 55.296173095014744, 25.247335597759172 ], [ 55.296126677636387, 25.247360489684375 ], [ 55.296183677594676, 25.247447289702055 ], [ 55.2962347, 25.2474572 ], [ 55.2963257, 25.2474084 ], [ 55.296293213145518, 25.247358928806968 ], [ 55.2963733, 25.2473397 ], [ 55.296332585236172, 25.247297203053382 ], [ 55.296407428889076, 25.247256977006039 ], [ 55.296515953973341, 25.247397443283827 ], [ 55.296307485275761, 25.247522844347504 ], [ 55.296173977554432, 25.247547189696689 ], [ 55.296228577513105, 25.247633689713563 ], [ 55.2962796, 25.2476436 ], [ 55.296488935063266, 25.247535191018969 ], [ 55.296524037874299, 25.247558495119428 ], [ 55.296525933747581, 25.247642541212954 ], [ 55.296447530912452, 25.247646273830231 ], [ 55.296334830827952, 25.247701673533093 ], [ 55.296365030649191, 25.247751873602713 ], [ 55.296481175828603, 25.247774432754721 ], [ 55.296505646212999, 25.247815139689443 ], [ 55.29621493074405, 25.24775867321727 ], [ 55.296152930697495, 25.247789173053793 ], [ 55.296184230512317, 25.247841173125959 ], [ 55.2965522650045, 25.247912657427058 ], [ 55.296600577326465, 25.247992989833222 ], [ 55.2966516, 25.2480029 ], [ 55.2968356, 25.2479125 ], [ 55.296814843605368, 25.247877963589833 ], [ 55.2968902, 25.2478926 ], [ 55.2970991, 25.2477899 ], [ 55.2970308, 25.2476258 ], [ 55.296928885132417, 25.247606005219421 ], [ 55.2970081, 25.247578 ], [ 55.2969036, 25.2473967 ], [ 55.296812568004199, 25.247379018881407 ], [ 55.2968628, 25.247353 ], [ 55.2968097, 25.2472692 ], [ 55.296736303960792, 25.247270855600039 ], [ 55.296713860692286, 25.247235435248907 ], [ 55.2967859, 25.2472211 ], [ 55.2966075, 25.2469374 ], [ 55.296428922238974, 25.246902714364687 ], [ 55.296390422223077, 25.2469233143172 ], [ 55.296405262332698, 25.246945983213845 ], [ 55.296313377769494, 25.246991489755683 ], [ 55.296323077738151, 25.247064989757494 ], [ 55.296434938797589, 25.247138994205013 ], [ 55.29638573290277, 25.247187371505774 ], [ 55.296346271395684, 25.247179706761504 ], [ 55.2962271, 25.2469823 ], [ 55.296176077791515, 25.246972389709196 ], [ 55.296053077779078, 25.247033189665945 ], [ 55.29615840204093, 25.247207535194921 ], [ 55.296091892797691, 25.247253429562175 ] ], [ [ 55.296685473948088, 25.247160225507969 ], [ 55.296670885128165, 25.247167610413278 ], [ 55.296663501749833, 25.247155957819686 ], [ 55.296685473948088, 25.247160225507969 ] ] ], [ [ [ 55.29709987113911, 25.247016312886529 ], [ 55.296985224889973, 25.247002769203498 ], [ 55.296985224864635, 25.247047684966439 ], [ 55.29709987113911, 25.247061228650736 ], [ 55.29709987113911, 25.247016312886529 ] ] ], [ [ [ 55.296821523897897, 25.245656614923266 ], [ 55.2970001, 25.2456913 ], [ 55.2970655, 25.245658 ], [ 55.297016, 25.2455784 ], [ 55.296830376554347, 25.24554729787064 ], [ 55.296830376553871, 25.245489176903526 ], [ 55.296656205962151, 25.245464071360569 ], [ 55.29665620586821, 25.245553902884311 ], [ 55.29677282879863, 25.245576554890103 ], [ 55.296821523897897, 25.245656614923266 ] ] ], [ [ [ 55.2971508, 25.2377957 ], [ 55.2971678, 25.2377805 ], [ 55.2971385, 25.2377537 ], [ 55.297070481501962, 25.237759090203404 ], [ 55.2971508, 25.2377957 ] ] ], [ [ [ 55.297113176751353, 25.234784360447378 ], [ 55.297023345236809, 25.234784360401381 ], [ 55.296978429451748, 25.234829276141213 ], [ 55.296978429423952, 25.234874191904041 ], [ 55.297144786903317, 25.234889056550909 ], [ 55.297189702667524, 25.234844140786709 ], [ 55.297189702667524, 25.234799225022506 ], [ 55.297113176751353, 25.234784360447378 ] ] ], [ [ [ 55.296927378087304, 25.246068489984253 ], [ 55.296892078084412, 25.246084289971883 ], [ 55.296907178071507, 25.246111789976471 ], [ 55.2969935, 25.2461059 ], [ 55.296927378087304, 25.246068489984253 ] ] ], [ [ [ 55.296875292318084, 25.246971397122323 ], [ 55.296724234077026, 25.246959505000348 ], [ 55.296724234032524, 25.247049336526544 ], [ 55.29676914976892, 25.247094252308049 ], [ 55.296875292318084, 25.247106144414943 ], [ 55.296920208082284, 25.247061228650736 ], [ 55.296920208082284, 25.247016312886529 ], [ 55.296875292318084, 25.246971397122323 ] ] ], [ [ [ 55.296558178235678, 25.243683296914696 ], [ 55.296558178201067, 25.243773128441394 ], [ 55.296740545025465, 25.243827293627895 ], [ 55.296718733414508, 25.243760566269305 ], [ 55.2969365, 25.2436635 ], [ 55.296872014967441, 25.243566222578814 ], [ 55.2968988, 25.2435517 ], [ 55.2968774, 25.2435195 ], [ 55.296826379153941, 25.243509590002223 ], [ 55.296748377042157, 25.243542188151832 ], [ 55.2968322, 25.243498 ], [ 55.2967204, 25.2432699 ], [ 55.296669379273133, 25.243259989953728 ], [ 55.296434379246186, 25.243383889870962 ], [ 55.296493790821373, 25.243463660238703 ], [ 55.296400624285688, 25.243463012441008 ], [ 55.296400624276423, 25.24350792820475 ], [ 55.296515966204439, 25.243512883278459 ], [ 55.296515966204559, 25.243493434514185 ], [ 55.296587233246981, 25.24358912269112 ], [ 55.296549826953381, 25.24360941474546 ], [ 55.296598727220832, 25.243683296928218 ], [ 55.296558178235678, 25.243683296914696 ] ] ], [ [ [ 55.296840978579702, 25.238053961795838 ], [ 55.296965123846491, 25.23807807580954 ], [ 55.297010039610697, 25.23807807580954 ], [ 55.297010039610697, 25.238033160045333 ], [ 55.296885894377759, 25.238009046071184 ], [ 55.2968409786248, 25.238009046033874 ], [ 55.296840978579702, 25.238053961795838 ] ] ], [ [ [ 55.2970099, 25.2331871 ], [ 55.296940783418023, 25.233147190253671 ], [ 55.2968623834102, 25.233185690226115 ], [ 55.2969314, 25.2332257 ], [ 55.2970099, 25.2331871 ] ] ], [ [ [ 55.2967205, 25.2432655 ], [ 55.2968421, 25.2431906 ], [ 55.2967943, 25.2431163 ], [ 55.29656254590121, 25.243057475093575 ], [ 55.296507760217828, 25.243004916918313 ], [ 55.2965534, 25.2429828 ], [ 55.2965142, 25.2429193 ], [ 55.29646358308915, 25.242909468294602 ], [ 55.2965028, 25.2429049 ], [ 55.296444942864078, 25.242855763809413 ], [ 55.2964711, 25.2428521 ], [ 55.296455, 25.2428242 ], [ 55.296420164153268, 25.242814388760706 ], [ 55.2964492, 25.2428042 ], [ 55.2964036, 25.2427296 ], [ 55.296329779526388, 25.242731089848633 ], [ 55.296360215814751, 25.242780882607644 ], [ 55.296291179514633, 25.242769189834679 ], [ 55.296179479493901, 25.242847289794934 ], [ 55.296170779472632, 25.242900989790872 ], [ 55.296212479435326, 25.24298098980346 ], [ 55.296302368675768, 25.243001181462091 ], [ 55.29623532789676, 25.243034814410873 ], [ 55.296263237702753, 25.24309539480128 ], [ 55.296243779380632, 25.243105689811589 ], [ 55.296307548179968, 25.243204011671207 ], [ 55.29623602756007, 25.243267714395003 ], [ 55.296261027493706, 25.243307414422027 ], [ 55.2964396, 25.2433421 ], [ 55.296624643634267, 25.243246881256184 ], [ 55.2967205, 25.2432655 ] ], [ [ 55.296369151089777, 25.243119857590798 ], [ 55.296396167543762, 25.243125094098133 ], [ 55.296381189896081, 25.24313841959734 ], [ 55.296369151089777, 25.243119857590798 ] ] ], [ [ [ 55.296618646598354, 25.229988515804955 ], [ 55.296640946541672, 25.230022215829166 ], [ 55.2968195, 25.2300569 ], [ 55.2968651, 25.2300322 ], [ 55.296819, 25.2299625 ], [ 55.296640446678119, 25.229927815835346 ], [ 55.296603146662392, 25.229948015789354 ], [ 55.296618646598354, 25.229988515804955 ] ] ], [ [ [ 55.296830376553871, 25.232418689519584 ], [ 55.296768455369921, 25.232415386254292 ], [ 55.29676845536374, 25.232460302018197 ], [ 55.296830376553871, 25.232463605283794 ], [ 55.296830376553871, 25.232418689519584 ] ] ], [ [ [ 55.296830376553871, 25.232059363405941 ], [ 55.29675995273454, 25.232054408510955 ], [ 55.296759952716009, 25.232144240038451 ], [ 55.296830376553871, 25.232149194934347 ], [ 55.296830376553871, 25.232059363405941 ] ] ], [ [ [ 55.296179843146398, 25.232489115101405 ], [ 55.296391942535379, 25.232859415328161 ], [ 55.2965705, 25.2328941 ], [ 55.2967451, 25.2328123 ], [ 55.296533, 25.232442 ], [ 55.296354443201601, 25.232407315315825 ], [ 55.296236583783738, 25.232436290027916 ], [ 55.296243435173785, 25.232459322398089 ], [ 55.296179843146398, 25.232489115101405 ] ] ], [ [ [ 55.296650713497051, 25.230083069780875 ], [ 55.296419037208842, 25.230064241059328 ], [ 55.296419037173642, 25.23010915682179 ], [ 55.296463952893866, 25.23015407261336 ], [ 55.296605797732845, 25.230172901309288 ], [ 55.296650713497051, 25.230127985545078 ], [ 55.296650713497051, 25.230083069780875 ] ] ], [ [ [ 55.295572439734208, 25.230262732844533 ], [ 55.295617355437422, 25.230335056463222 ], [ 55.295842229741339, 25.230352564366111 ], [ 55.295887145505546, 25.230307648601908 ], [ 55.295887145506612, 25.230219725438342 ], [ 55.295908584716933, 25.230255689960696 ], [ 55.2959596, 25.2302656 ], [ 55.296113543775299, 25.230190484991368 ], [ 55.296151242941704, 25.230378981554061 ], [ 55.296330905825691, 25.230558644718439 ], [ 55.296560881968638, 25.230577143187137 ], [ 55.296605797732845, 25.230532227422941 ], [ 55.296471050440225, 25.230217817073488 ], [ 55.296280558742929, 25.230027325448692 ], [ 55.296426134676018, 25.230038154016668 ], [ 55.296426134676018, 25.229993238252465 ], [ 55.296139394207124, 25.229974739685463 ], [ 55.296089, 25.2298903 ], [ 55.296037984858401, 25.229880390012557 ], [ 55.295818684836838, 25.229987389935527 ], [ 55.295870548107885, 25.230047960017497 ], [ 55.295804084799975, 25.230080389928645 ], [ 55.29585557703269, 25.230166768917705 ], [ 55.29572499035892, 25.230155393493096 ], [ 55.29579731397714, 25.230083069780875 ], [ 55.29579731397714, 25.230038154016665 ], [ 55.295617355666515, 25.230020646125169 ], [ 55.295572735156156, 25.230042956382242 ], [ 55.295482903627814, 25.230020703395141 ], [ 55.295482903627693, 25.229993238252469 ], [ 55.295349561666519, 25.229976060541244 ], [ 55.29534956163441, 25.230020976303845 ], [ 55.29550238861318, 25.230078129611517 ], [ 55.295349561602293, 25.230065892066456 ], [ 55.295349561570184, 25.230110807829064 ], [ 55.295437692564711, 25.230127928180348 ], [ 55.295437692478714, 25.230245224829755 ], [ 55.295572439734208, 25.230262732844533 ] ] ], [ [ [ 55.295669717240699, 25.246537004611067 ], [ 55.295595651088213, 25.246591718295591 ], [ 55.295535351789887, 25.246580730198716 ], [ 55.2954947, 25.2464664 ], [ 55.295212745252634, 25.246431744162351 ], [ 55.29514468307859, 25.246382867224426 ], [ 55.294740441220164, 25.246382867160012 ], [ 55.294740441211509, 25.246427782923785 ], [ 55.294818968047863, 25.24646704636449 ], [ 55.294778023474734, 25.246459212423581 ], [ 55.294691423439637, 25.246505112316786 ], [ 55.29479092320468, 25.246642912425806 ], [ 55.294942900697556, 25.246673384308199 ], [ 55.294921623072462, 25.246701812577761 ], [ 55.295012394217018, 25.246719444319243 ], [ 55.295019899470788, 25.246745027956322 ], [ 55.294842723088195, 25.246710612482836 ], [ 55.294780723067632, 25.246740312406615 ], [ 55.294817802724758, 25.246803641182794 ], [ 55.294743842592773, 25.246877601280694 ], [ 55.294743842585355, 25.246922517044521 ], [ 55.294854082928808, 25.24692648135812 ], [ 55.294876564071124, 25.246904000221907 ], [ 55.294914232702403, 25.246968334726866 ], [ 55.294854077933216, 25.246958889258075 ], [ 55.294797677927015, 25.246987989238217 ], [ 55.29479851639249, 25.247014244030456 ], [ 55.2946808, 25.2468381 ], [ 55.294502223076847, 25.246803412069259 ], [ 55.294442923053424, 25.246834411996151 ], [ 55.294414612583267, 25.246920534822667 ], [ 55.294329396325516, 25.24692053480387 ], [ 55.294284480552967, 25.246965450558328 ], [ 55.29430193828528, 25.247027824079534 ], [ 55.294158922832288, 25.247058311640671 ], [ 55.294234137519645, 25.247133288409149 ], [ 55.294071877908998, 25.247212688985783 ], [ 55.294065277888386, 25.247264288982468 ], [ 55.294287558797706, 25.247585714923584 ], [ 55.294275577720995, 25.247617289047028 ], [ 55.2944265, 25.2476527 ], [ 55.2944634, 25.2476357 ], [ 55.294395678133306, 25.247551479883541 ], [ 55.2944983, 25.2474971 ], [ 55.29445202786377, 25.247425733362203 ], [ 55.2946335, 25.2474622 ], [ 55.294753243773755, 25.247442708992331 ], [ 55.294943914457221, 25.247465470528589 ], [ 55.295033745985634, 25.247330723235969 ], [ 55.295033745986153, 25.247283512532192 ], [ 55.2950868, 25.2472966 ], [ 55.2952307, 25.2472212 ], [ 55.2951583, 25.247108 ], [ 55.295107277849674, 25.247098089341673 ], [ 55.294963377833362, 25.24717348929099 ], [ 55.294981356518207, 25.247201599658744 ], [ 55.294889748495798, 25.247132893630052 ], [ 55.2950374, 25.2471216 ], [ 55.295081734041695, 25.247076538399263 ], [ 55.2953274, 25.2470735 ], [ 55.295383, 25.2470268 ], [ 55.295369, 25.2469649 ], [ 55.2953167, 25.2469267 ], [ 55.295106009728521, 25.246889976122958 ], [ 55.295029091667246, 25.246758607438693 ], [ 55.295144055270548, 25.24675888410372 ], [ 55.29516812284362, 25.246798712865392 ], [ 55.295405588890532, 25.246834135605877 ], [ 55.295427336691652, 25.246868030135666 ], [ 55.295373577890864, 25.246931889435999 ], [ 55.295392977862825, 25.246994989441337 ], [ 55.295439977844481, 25.247027689456722 ], [ 55.2955654, 25.2470243 ], [ 55.295604816864071, 25.246997173473801 ], [ 55.295676, 25.247011 ], [ 55.2959125, 25.2468833 ], [ 55.295863, 25.2468062 ], [ 55.29568442269683, 25.246771513484362 ], [ 55.295615985439056, 25.246807505855408 ], [ 55.295606002630684, 25.246779430053298 ], [ 55.2957654, 25.2466981 ], [ 55.295733014150201, 25.24664999668212 ], [ 55.295834568199766, 25.246642972534545 ], [ 55.295890922678616, 25.246732613733933 ], [ 55.2960695, 25.2467673 ], [ 55.2963556, 25.2466385 ], [ 55.2963695, 25.2465658 ], [ 55.2962985, 25.2464487 ], [ 55.296210402034099, 25.246457294074212 ], [ 55.296085101848355, 25.24641184518352 ], [ 55.296113, 25.2463974 ], [ 55.2960815, 25.2463476 ], [ 55.295902923280693, 25.246312913778393 ], [ 55.295807323243473, 25.2463625136606 ], [ 55.295838823160317, 25.246412213694672 ], [ 55.295979374130404, 25.246439513972582 ], [ 55.296089943500732, 25.246499385492029 ], [ 55.295986820303867, 25.246489418925389 ], [ 55.2959527, 25.2464372 ], [ 55.295721223218742, 25.246401113554931 ], [ 55.295625923153537, 25.246470013436092 ], [ 55.295669717240699, 25.246537004611067 ] ], [ [ 55.29430814637476, 25.247190796323927 ], [ 55.294299753587104, 25.247176529325571 ], [ 55.294328719293588, 25.247181828559039 ], [ 55.294324713498028, 25.247194014453648 ], [ 55.29430814637476, 25.247190796323927 ] ] ], [ [ [ 55.294095159368482, 25.232460180098933 ], [ 55.294115375953041, 25.232511533960157 ], [ 55.2941919, 25.2325264 ], [ 55.294292804308661, 25.2324985757935 ], [ 55.2953549, 25.2327049 ], [ 55.2959587, 25.2324334 ], [ 55.295903536195738, 25.232333007605366 ], [ 55.2960627, 25.232365 ], [ 55.2964146, 25.2322064 ], [ 55.296339578222806, 25.232079246039017 ], [ 55.2964701, 25.2321046 ], [ 55.2965228, 25.2320795 ], [ 55.296312085642484, 25.232037250248396 ], [ 55.2962035, 25.2318757 ], [ 55.296024944137855, 25.231841014962903 ], [ 55.295824921020802, 25.23189873831862 ], [ 55.295634744273933, 25.231844114496628 ], [ 55.295589544259023, 25.231865714441081 ], [ 55.295609344763371, 25.231899686506761 ], [ 55.2951066, 25.2315843 ], [ 55.293208805000326, 25.231215620050833 ], [ 55.2933926, 25.2311513 ], [ 55.2934051, 25.2311045 ], [ 55.29281178626546, 25.230975179999486 ], [ 55.292749728351382, 25.231143459061329 ], [ 55.292585000827465, 25.231203013352946 ], [ 55.292516099895657, 25.231270412232611 ], [ 55.293059179031665, 25.232258919659088 ], [ 55.294095159368482, 25.232460180098933 ] ], [ [ 55.295683477339175, 25.231944971920402 ], [ 55.295665387798444, 25.231953707660203 ], [ 55.295651240126254, 25.231938709641661 ], [ 55.295683477339175, 25.231944971920402 ] ] ], [ [ [ 55.296381218911812, 25.23794332851692 ], [ 55.296426134676018, 25.237943328516923 ], [ 55.296426134676018, 25.237898412752713 ], [ 55.296262175817425, 25.237875289271425 ], [ 55.296262175774181, 25.237920205033486 ], [ 55.296381218911812, 25.23794332851692 ] ] ], [ [ [ 55.2962304, 25.2468889 ], [ 55.296179377829723, 25.246878989712236 ], [ 55.296018177813757, 25.246957889655576 ], [ 55.2960883, 25.2469998 ], [ 55.2962496, 25.2469209 ], [ 55.2962304, 25.2468889 ] ] ], [ [ [ 55.295865924248311, 25.245652413781581 ], [ 55.295764024257437, 25.245671513658451 ], [ 55.295582978351703, 25.245763289531478 ], [ 55.295895078122584, 25.246240489628253 ], [ 55.2959461, 25.2462504 ], [ 55.2960096, 25.2462164 ], [ 55.295879281047775, 25.246017248771288 ], [ 55.29612190000001, 25.2460822 ], [ 55.2962189, 25.2460319 ], [ 55.296227, 25.2458235 ], [ 55.2961849, 25.2457571 ], [ 55.2960445, 25.2456871 ], [ 55.295865924248311, 25.245652413781581 ] ] ], [ [ [ 55.295853841642739, 25.233611914631414 ], [ 55.295872141592397, 25.233642214651091 ], [ 55.2960507, 25.2336769 ], [ 55.2963282, 25.2335406 ], [ 55.29631, 25.2335102 ], [ 55.296131441739675, 25.233475514972799 ], [ 55.295976977034051, 25.233551411784294 ], [ 55.295903151844072, 25.233535967894504 ], [ 55.295915139987571, 25.233581795574878 ], [ 55.295853841642739, 25.233611914631414 ] ] ], [ [ [ 55.296135, 25.237831 ], [ 55.295997981588734, 25.23781628983614 ], [ 55.295996081577094, 25.237844989834908 ], [ 55.296133, 25.2378597 ], [ 55.296135, 25.237831 ] ] ], [ [ [ 55.2959638, 25.246779 ], [ 55.295932061269752, 25.246746818301293 ], [ 55.295851430051172, 25.246739881021661 ], [ 55.295851430038198, 25.246784796785214 ], [ 55.295897977884174, 25.246817289617418 ], [ 55.2959826, 25.2468112 ], [ 55.2959638, 25.246779 ] ] ], [ [ [ 55.295909952431309, 25.242655189296077 ], [ 55.295820120906903, 25.242655189282779 ], [ 55.295820120890838, 25.2427450208104 ], [ 55.295932061269752, 25.242749315286957 ], [ 55.295932061269752, 25.242659483758548 ], [ 55.295909952431309, 25.242655189296077 ] ] ], [ [ [ 55.294785, 25.2459178 ], [ 55.29463329814083, 25.245870338729326 ], [ 55.294831973556612, 25.245908930738313 ], [ 55.294831973551993, 25.245934039894475 ], [ 55.295113681626823, 25.245959061871762 ], [ 55.295107282745541, 25.245991422200394 ], [ 55.294982378327987, 25.245970589322162 ], [ 55.294954878271703, 25.246113789309828 ], [ 55.295248823076214, 25.24619191085586 ], [ 55.295239678191024, 25.246238189404519 ], [ 55.2953851, 25.2462633 ], [ 55.295394975809359, 25.246213322435601 ], [ 55.295494082732965, 25.246230418901806 ], [ 55.295439478171851, 25.246234789472812 ], [ 55.295428478153497, 25.246281989468084 ], [ 55.2955315, 25.2463018 ], [ 55.295613, 25.2462996 ], [ 55.295605738172611, 25.246241505404367 ], [ 55.2957793, 25.2462311 ], [ 55.295761, 25.2461012 ], [ 55.295683450204073, 25.246086136783831 ], [ 55.2957386, 25.2460708 ], [ 55.2956972, 25.2459702 ], [ 55.295508848636231, 25.245935255670894 ], [ 55.2955245, 25.2458492 ], [ 55.2954814, 25.2458218 ], [ 55.295316678360962, 25.245807289439654 ], [ 55.295285978294615, 25.245975689425716 ], [ 55.295409582892283, 25.246007838209206 ], [ 55.29523133082342, 25.245976429820086 ], [ 55.2952384, 25.2459374 ], [ 55.29463643793305, 25.245830469471549 ], [ 55.294631625489515, 25.245856971356925 ], [ 55.293722639138558, 25.245669067156371 ], [ 55.293695730455049, 25.245793015403727 ], [ 55.293631850149076, 25.245837931139139 ], [ 55.29363185010952, 25.245927762665577 ], [ 55.29377610458787, 25.245938334545585 ], [ 55.293802342130277, 25.245912097009114 ], [ 55.294145911538934, 25.245977540223265 ], [ 55.294140778399743, 25.246006689034065 ], [ 55.294257578373156, 25.246041989073223 ], [ 55.2947291, 25.2461122 ], [ 55.2948275, 25.2460971 ], [ 55.2948522, 25.2459858 ], [ 55.294785, 25.2459178 ] ] ], [ [ [ 55.2956872, 25.2425044 ], [ 55.2957484, 25.2424718 ], [ 55.2957063, 25.2424071 ], [ 55.295655279733637, 25.242397189625201 ], [ 55.295530679719135, 25.242463389581321 ], [ 55.295559479697857, 25.242507789590235 ], [ 55.2956872, 25.2425044 ] ] ], [ [ [ 55.2951629, 25.2433421 ], [ 55.295103763217568, 25.243295124436454 ], [ 55.2951441, 25.2432739 ], [ 55.2950822981201, 25.243177954218691 ], [ 55.2951196, 25.2431852 ], [ 55.295190522639544, 25.243123384969408 ], [ 55.295217128074, 25.243166113184788 ], [ 55.2953957, 25.2432008 ], [ 55.2954326, 25.2431819 ], [ 55.2953891, 25.2431123 ], [ 55.295203831684049, 25.243081034223213 ], [ 55.2951769, 25.2430406 ], [ 55.295113224244822, 25.243028890499026 ], [ 55.2953062, 25.2429807 ], [ 55.295255919764095, 25.242899987135267 ], [ 55.29563, 25.2429614 ], [ 55.2956976, 25.2425892 ], [ 55.295270528991537, 25.242517613295163 ], [ 55.295251036796785, 25.242625065255105 ], [ 55.295101828933454, 25.242599913087677 ], [ 55.295052728914598, 25.242625213027186 ], [ 55.29508010085064, 25.242668568719953 ], [ 55.295049686166337, 25.2426842272735 ], [ 55.294952828892526, 25.242665412904941 ], [ 55.294915928878666, 25.242684212859487 ], [ 55.294958315667095, 25.242777114439324 ], [ 55.294809528824558, 25.242748212727761 ], [ 55.294553828728354, 25.242878612412856 ], [ 55.294604428592677, 25.242959912467477 ], [ 55.294775420749502, 25.243015506313547 ], [ 55.294657413054395, 25.24310533782204 ], [ 55.294657413023501, 25.243329916641528 ], [ 55.294702328779991, 25.243374832410538 ], [ 55.29477871141129, 25.243363675980298 ], [ 55.294864679375813, 25.243461389333469 ], [ 55.2949157, 25.2434713 ], [ 55.2951629, 25.2433421 ] ], [ [ 55.294848145960103, 25.243299142735378 ], [ 55.294881928353504, 25.243306903580688 ], [ 55.294784749154665, 25.243357638237647 ], [ 55.294812955537871, 25.243314278393221 ], [ 55.294848145960103, 25.243299142735378 ] ] ], [ [ [ 55.2956447, 25.238596 ], [ 55.295736, 25.2385501 ], [ 55.2957101, 25.2385081 ], [ 55.295585954615781, 25.238483984922418 ], [ 55.29549465459246, 25.238529984844291 ], [ 55.295520554543906, 25.23857188486371 ], [ 55.2956447, 25.238596 ] ] ], [ [ [ 55.2955603, 25.2504535 ], [ 55.2955361, 25.2504172 ], [ 55.295443976439572, 25.2504295893883 ], [ 55.295468176422048, 25.250465989395824 ], [ 55.2955603, 25.2504535 ] ] ], [ [ [ 55.2958068, 25.2318008 ], [ 55.2958156, 25.2317424 ], [ 55.295665284137868, 25.23172028984764 ], [ 55.295656584114639, 25.23177878984346 ], [ 55.2958068, 25.2318008 ] ] ], [ [ [ 55.295426777819458, 25.250194430472074 ], [ 55.295381862039939, 25.250239346218397 ], [ 55.295381862019539, 25.250284261981591 ], [ 55.2955278193919, 25.250295163673567 ], [ 55.2955278193919, 25.250205332145153 ], [ 55.295426777819458, 25.250194430472074 ] ] ], [ [ [ 55.2954611, 25.2386263 ], [ 55.2954393, 25.2385861 ], [ 55.295325358334281, 25.23856396677742 ], [ 55.29528045832636, 25.238583766742284 ], [ 55.295329085254124, 25.238629177919723 ], [ 55.295299558267047, 25.238643366754111 ], [ 55.295346458182728, 25.238723166786208 ], [ 55.2954604, 25.2387453 ], [ 55.2955271, 25.2387132 ], [ 55.2954611, 25.2386263 ] ] ], [ [ [ 55.2953913, 25.2435696 ], [ 55.295340279286272, 25.243559689493821 ], [ 55.295288679280233, 25.243587189475637 ], [ 55.295349279235481, 25.243680489494416 ], [ 55.2954003, 25.2436904 ], [ 55.295452, 25.2436629 ], [ 55.2953913, 25.2435696 ] ] ], [ [ [ 55.2952891, 25.2330627 ], [ 55.293860645231696, 25.232785204381898 ], [ 55.293164538933567, 25.233118114178207 ], [ 55.2931461, 25.2330922 ], [ 55.292952343475712, 25.23306641120487 ], [ 55.292974543422666, 25.233097611229137 ], [ 55.293140140803551, 25.233129782382317 ], [ 55.292998342954029, 25.233197595904997 ], [ 55.292989542384568, 25.233249095791287 ], [ 55.293074604886776, 25.233394707070197 ], [ 55.292725542247013, 25.233326893223847 ], [ 55.292294604720738, 25.233530445891756 ], [ 55.2921404, 25.2333212 ], [ 55.2920068, 25.2332078 ], [ 55.291794950700051, 25.233181504778123 ], [ 55.291769850659023, 25.233220204749411 ], [ 55.291813150471789, 25.233357404786069 ], [ 55.291986864950196, 25.233675805074615 ], [ 55.291860940022559, 25.233735284727011 ], [ 55.291854139429987, 25.233788284631526 ], [ 55.292056134803715, 25.234138386360311 ], [ 55.292700405184334, 25.234265299660002 ], [ 55.292778541619107, 25.234395710901669 ], [ 55.2929571, 25.2344304 ], [ 55.293074, 25.2343731 ], [ 55.293050761224499, 25.234334314192111 ], [ 55.293176514694515, 25.23435908539361 ], [ 55.293303248315716, 25.234571012160586 ], [ 55.29321148914817, 25.234581379357678 ], [ 55.2931409, 25.2344704 ], [ 55.292962341495112, 25.234435711118337 ], [ 55.29277444156326, 25.234435410893912 ], [ 55.292650341521075, 25.234495610741352 ], [ 55.292827241027041, 25.234793610931227 ], [ 55.2930058, 25.2348283 ], [ 55.293326946945811, 25.234709393494089 ], [ 55.293363902049478, 25.234672438393979 ], [ 55.2934177, 25.234687 ], [ 55.2934929, 25.2346502 ], [ 55.293337732086336, 25.234390842188795 ], [ 55.293535, 25.2344297 ], [ 55.2943857, 25.234028 ], [ 55.294401, 25.2339733 ], [ 55.294311934794884, 25.233818974064562 ], [ 55.2946714, 25.2338899 ], [ 55.2955304, 25.2334796 ], [ 55.2955444, 25.2334331 ], [ 55.2953413, 25.2330855 ], [ 55.2952891, 25.2330627 ] ] ], [ [ [ 55.2951063, 25.2480582 ], [ 55.2952591, 25.2480352 ], [ 55.2951364, 25.2479068 ], [ 55.295085377522163, 25.247896889317797 ], [ 55.294996692716211, 25.247944656883618 ], [ 55.294846431315463, 25.24791546968844 ], [ 55.294820631292033, 25.247929469620214 ], [ 55.294850631128611, 25.247974769690064 ], [ 55.295034350337041, 25.248016500449122 ], [ 55.294660431371192, 25.247943869207724 ], [ 55.294601831321714, 25.247974469052942 ], [ 55.294647005386025, 25.248045080767536 ], [ 55.294562478601151, 25.24804508075351 ], [ 55.294517562830919, 25.248089996510668 ], [ 55.294517562822882, 25.248134912274477 ], [ 55.294562478577049, 25.248179828044929 ], [ 55.294629504107782, 25.248184122755884 ], [ 55.294719335636195, 25.248139206991677 ], [ 55.294706661188698, 25.248081616784535 ], [ 55.294807481692786, 25.248101200539999 ], [ 55.294842777439399, 25.248157889229606 ], [ 55.2948938, 25.2481678 ], [ 55.294964593184517, 25.248131718321332 ], [ 55.2950479, 25.2481479 ], [ 55.2951065, 25.2481173 ], [ 55.295063353437705, 25.248049857995401 ], [ 55.2951063, 25.2480582 ] ] ], [ [ [ 55.2952157, 25.245917 ], [ 55.2952409, 25.2458058 ], [ 55.294943630343063, 25.245748786192443 ], [ 55.2949614, 25.2456676 ], [ 55.294189939227742, 25.245523668375402 ], [ 55.294183970891751, 25.24555091794938 ], [ 55.293825639599532, 25.245494467447013 ], [ 55.293745339527206, 25.245537867234706 ], [ 55.293725739259685, 25.24562916717046 ], [ 55.294478, 25.2457727 ], [ 55.294487094230988, 25.245734552775978 ], [ 55.294693741530196, 25.245773133735003 ], [ 55.294684237943805, 25.245815069596322 ], [ 55.2952157, 25.245917 ] ] ], [ [ [ 55.29502847842577, 25.245722189342995 ], [ 55.2951194, 25.2457395 ], [ 55.2951283, 25.2457001 ], [ 55.295037378441116, 25.245682789346848 ], [ 55.29502847842577, 25.245722189342995 ] ] ], [ [ [ 55.295258324806667, 25.230172901309288 ], [ 55.295303240570874, 25.230172901309288 ], [ 55.295303240570874, 25.230083069780871 ], [ 55.295171599081669, 25.230066222303378 ], [ 55.295171599018687, 25.230156053828654 ], [ 55.295258324806667, 25.230172901309288 ] ] ], [ [ [ 55.2950155, 25.2461859 ], [ 55.2950246, 25.2461333 ], [ 55.294915678275167, 25.246115189296411 ], [ 55.294906578254384, 25.246167789292233 ], [ 55.2950155, 25.2461859 ] ] ], [ [ [ 55.294971823071698, 25.245440957580545 ], [ 55.295033745985634, 25.245444261139319 ], [ 55.295033745985634, 25.245399345375112 ], [ 55.29497182307788, 25.245396041816655 ], [ 55.294971823071698, 25.245440957580545 ] ] ], [ [ [ 55.295078661749841, 25.235472961485595 ], [ 55.294898998693021, 25.235203466900355 ], [ 55.294866687791767, 25.235197190250727 ], [ 55.294731940507937, 25.235197190221612 ], [ 55.29459719316543, 25.235421769010586 ], [ 55.294597193141954, 25.235511600537826 ], [ 55.294629504107782, 25.235517877249801 ], [ 55.295078661749841, 25.235517877249798 ], [ 55.295078661749841, 25.235472961485595 ] ] ], [ [ [ 55.294854082928808, 25.246701902537083 ], [ 55.294854082928808, 25.24665698677288 ], [ 55.294785356930291, 25.246652361749824 ], [ 55.294785356921643, 25.246697277513601 ], [ 55.294854082928808, 25.246701902537083 ] ] ], [ [ [ 55.294792160027221, 25.245396041796209 ], [ 55.294854082928808, 25.245399345375116 ], [ 55.294854082928808, 25.245354429610906 ], [ 55.29479216003341, 25.245351126032304 ], [ 55.294792160027221, 25.245396041796209 ] ] ], [ [ [ 55.294764251400402, 25.248273954284297 ], [ 55.294697225847585, 25.248269659592481 ], [ 55.294697225831513, 25.248359491120095 ], [ 55.294809167164608, 25.24836378581271 ], [ 55.294809167164608, 25.248318870048504 ], [ 55.294764251400402, 25.248273954284297 ] ] ], [ [ [ 55.294988830221428, 25.230172901309288 ], [ 55.295033745985634, 25.230172901309292 ], [ 55.295033745985634, 25.230127985545078 ], [ 55.294903805015934, 25.230111468255959 ], [ 55.294903804985054, 25.230156384018628 ], [ 55.294988830221428, 25.230172901309288 ] ] ], [ [ [ 55.294690279962133, 25.242084289302184 ], [ 55.2947651, 25.242128 ], [ 55.2948248, 25.2420935 ], [ 55.29474997997022, 25.242049789323271 ], [ 55.294690279962133, 25.242084289302184 ] ] ], [ [ [ 55.294764251400402, 25.230038154016672 ], [ 55.294988830221428, 25.230083069780871 ], [ 55.294988830221428, 25.229993238252462 ], [ 55.294679226326053, 25.229976720840224 ], [ 55.29467922629518, 25.230021636602896 ], [ 55.294764251400402, 25.230038154016672 ] ] ], [ [ [ 55.294669479869718, 25.242313389290381 ], [ 55.294677379850249, 25.242358589292159 ], [ 55.294746, 25.2423578 ], [ 55.2947205, 25.2423233 ], [ 55.294669479869718, 25.242313389290381 ] ] ], [ [ [ 55.294438428647737, 25.24296321226889 ], [ 55.294473028558272, 25.243016512306404 ], [ 55.2946516, 25.2430512 ], [ 55.2946898, 25.2430309 ], [ 55.2946552, 25.2429776 ], [ 55.29447662866329, 25.242942912316 ], [ 55.294438428647737, 25.24296321226889 ] ] ], [ [ [ 55.294764251400402, 25.235023803843532 ], [ 55.294764251400402, 25.234978888079326 ], [ 55.294647911699322, 25.234965013291529 ], [ 55.29464791167338, 25.235009929054435 ], [ 55.294764251400402, 25.235023803843532 ] ] ], [ [ [ 55.292654822115352, 25.247929809780491 ], [ 55.2928334, 25.2479645 ], [ 55.292912043937505, 25.247923694823676 ], [ 55.292827077719487, 25.247982388544926 ], [ 55.292806777691972, 25.248054088536524 ], [ 55.2929456, 25.2481076 ], [ 55.293040778226583, 25.248060225453713 ], [ 55.2930987, 25.248081 ], [ 55.2931348, 25.2480622 ], [ 55.293122445935651, 25.248042718605497 ], [ 55.2931589, 25.2480498 ], [ 55.293366903922909, 25.247938525872868 ], [ 55.293572547913222, 25.247978472845631 ], [ 55.293584860623127, 25.248017894656002 ], [ 55.293515732067824, 25.248004466266853 ], [ 55.293383631958093, 25.248072865918012 ], [ 55.29347543143821, 25.248217866130783 ], [ 55.293562331874043, 25.248234746748196 ], [ 55.293490331258262, 25.248272266160562 ], [ 55.293514931119738, 25.248310866217615 ], [ 55.293606664453009, 25.248346767934834 ], [ 55.293440777471218, 25.248430588745279 ], [ 55.293469077449402, 25.248476388753993 ], [ 55.293612233618255, 25.248517174679669 ], [ 55.293652177386988, 25.248581888814353 ], [ 55.2937032, 25.2485918 ], [ 55.2937928, 25.2485465 ], [ 55.293719035618437, 25.248427080709774 ], [ 55.2941577, 25.2485027 ], [ 55.294242566461314, 25.248458472451173 ], [ 55.294256477344724, 25.248533489021696 ], [ 55.2943075, 25.2485434 ], [ 55.2943452, 25.2485218 ], [ 55.294308886585036, 25.24848319953248 ], [ 55.2943646, 25.2484532 ], [ 55.294334761060313, 25.248425147809186 ], [ 55.2945612, 25.2483475 ], [ 55.2945285, 25.2482993 ], [ 55.294477477422731, 25.248289389102169 ], [ 55.294422954498422, 25.248319748442878 ], [ 55.294342385397727, 25.248193297163553 ], [ 55.294371, 25.2481784 ], [ 55.294352, 25.2481486 ], [ 55.29414598662769, 25.248104294343765 ], [ 55.2942011, 25.248115 ], [ 55.2943278, 25.248049 ], [ 55.2942356, 25.2479041 ], [ 55.294046956188254, 25.247867456245256 ], [ 55.2941322, 25.2478209 ], [ 55.294037528984738, 25.247678984177256 ], [ 55.2941192, 25.2476344 ], [ 55.2940572, 25.247544 ], [ 55.293989961288723, 25.247530938905843 ], [ 55.293962006724669, 25.247488396376724 ], [ 55.2940071, 25.2474641 ], [ 55.2939884, 25.2474356 ], [ 55.293907784837423, 25.247405878943695 ], [ 55.2939607, 25.2473936 ], [ 55.2939339, 25.2473513 ], [ 55.293551234292885, 25.247276966469823 ], [ 55.293397924940876, 25.247362042784125 ], [ 55.293286334301236, 25.247340365781678 ], [ 55.293230234252938, 25.247369965633453 ], [ 55.293270194268871, 25.24741725592121 ], [ 55.293031797366609, 25.247543989672952 ], [ 55.2930188, 25.2474901 ], [ 55.292712353018047, 25.247436126951111 ], [ 55.292695378611519, 25.247408023752129 ], [ 55.292756, 25.2474198 ], [ 55.292834247391667, 25.247380328686805 ], [ 55.2929386, 25.2474006 ], [ 55.2930224, 25.2473573 ], [ 55.2929901, 25.2473061 ], [ 55.292919708501969, 25.247292425925679 ], [ 55.2928579, 25.2471923 ], [ 55.292594078109282, 25.247096288483579 ], [ 55.292418678088751, 25.247189788421768 ], [ 55.292453678062898, 25.247243688432608 ], [ 55.29249722575932, 25.247255235931792 ], [ 55.292401178043953, 25.247302688413473 ], [ 55.292393678008729, 25.247389888409117 ], [ 55.292456277959509, 25.247493488428361 ], [ 55.292572584043597, 25.24752097955616 ], [ 55.292495522785138, 25.247506009620594 ], [ 55.292418512429968, 25.247545182829217 ], [ 55.292383715897479, 25.247510386292795 ], [ 55.292259869687108, 25.247503778531609 ], [ 55.292259869674744, 25.247548694295205 ], [ 55.292408908140033, 25.247598566651334 ], [ 55.292488875443411, 25.247711134437257 ], [ 55.292493222404083, 25.247770309598842 ], [ 55.292591527680287, 25.247789406365158 ], [ 55.292654822115352, 25.247929809780491 ] ], [ [ 55.294241788245046, 25.248447402879844 ], [ 55.294234627374443, 25.248427049765365 ], [ 55.294267699564649, 25.248433473937919 ], [ 55.294241788245046, 25.248447402879844 ] ], [ [ 55.293276709054823, 25.247831483779986 ], [ 55.293288997370226, 25.247868533429667 ], [ 55.293247117070806, 25.247860397989236 ], [ 55.293236333365044, 25.247823640611848 ], [ 55.293276709054823, 25.247831483779986 ] ], [ [ 55.2927452, 25.2476458 ], [ 55.292726481238624, 25.247625070521266 ], [ 55.2928265, 25.2476445 ], [ 55.293034172368287, 25.247553836898767 ], [ 55.293056133712781, 25.247587865154035 ], [ 55.293156863787132, 25.247607432580111 ], [ 55.293230533167183, 25.247720565580209 ], [ 55.293276116362975, 25.24772942033745 ], [ 55.293202824847398, 25.24776857898604 ], [ 55.2931294, 25.2477053 ], [ 55.292950822383141, 25.24767061015288 ], [ 55.292810030548836, 25.247760611618574 ], [ 55.292776438536883, 25.24775408609883 ], [ 55.2928317, 25.2477107 ], [ 55.2927452, 25.2476458 ] ] ], [ [ [ 55.294118049901222, 25.246927712875621 ], [ 55.2942055, 25.2469447 ], [ 55.2943332, 25.2468786 ], [ 55.294169701893026, 25.24661207101153 ], [ 55.29418034646622, 25.246493504403073 ], [ 55.294419227949859, 25.246511265296984 ], [ 55.294464143698811, 25.246561208722255 ], [ 55.294539672579369, 25.246567155244467 ], [ 55.294584588343575, 25.246477323716054 ], [ 55.294584588343575, 25.246387492187644 ], [ 55.294452672173627, 25.246393017237349 ], [ 55.2944632, 25.2463294 ], [ 55.294307720917978, 25.246290723018681 ], [ 55.2943208, 25.2462324 ], [ 55.293627237802994, 25.246124266841974 ], [ 55.293586137746502, 25.246152766732333 ], [ 55.29365685514545, 25.246198790717401 ], [ 55.293587237145665, 25.246346566705316 ], [ 55.293600637049238, 25.246374366735335 ], [ 55.294048732636831, 25.246468073444131 ], [ 55.294042894591982, 25.246515047302228 ], [ 55.293366937143084, 25.246402366132568 ], [ 55.29333603711278, 25.246419866050751 ], [ 55.293498609662493, 25.24668314238507 ], [ 55.293168236625995, 25.246618965590368 ], [ 55.293034636520233, 25.246686465237843 ], [ 55.293066168555185, 25.246740054956302 ], [ 55.292934436510954, 25.246714464976939 ], [ 55.292821936418306, 25.246772464679911 ], [ 55.292874408620953, 25.246818446075519 ], [ 55.292738036127389, 25.24688736444735 ], [ 55.292857935639375, 25.247015064734722 ], [ 55.292946490263674, 25.247032267193593 ], [ 55.292954162347094, 25.247079470212498 ], [ 55.292899435320308, 25.247107764826715 ], [ 55.292953235014643, 25.247193064951336 ], [ 55.293163734485844, 25.247233955912698 ], [ 55.293221477950034, 25.24732548869309 ], [ 55.2932725, 25.2473354 ], [ 55.2933527, 25.2472941 ], [ 55.293335862818836, 25.247267392777381 ], [ 55.29338486429014, 25.247242203049403 ], [ 55.293582, 25.2472653 ], [ 55.2936265, 25.2472412 ], [ 55.2935914, 25.2471881 ], [ 55.293535585383978, 25.247170376459806 ], [ 55.2936886, 25.2472001 ], [ 55.2937443, 25.247172 ], [ 55.293709775644096, 25.247071141324867 ], [ 55.2938048, 25.2470896 ], [ 55.293910901477076, 25.247035574603842 ], [ 55.2939934, 25.2470516 ], [ 55.2940917, 25.2469983 ], [ 55.294118049901222, 25.246927712875621 ] ] ], [ [ [ 55.294343002783719, 25.24261126438337 ], [ 55.294584588343575, 25.242614567994348 ], [ 55.294584588343575, 25.242345073409105 ], [ 55.294387918583453, 25.242341769805098 ], [ 55.294314826672753, 25.242414861714256 ], [ 55.294213579858599, 25.242454089131851 ], [ 55.294230579845369, 25.242481889137089 ], [ 55.294298087039145, 25.242483507708503 ], [ 55.294343002783719, 25.24261126438337 ] ] ], [ [ [ 55.294090514937309, 25.238886559565252 ], [ 55.294090514937437, 25.238860914581178 ], [ 55.294178791848303, 25.239012279599716 ], [ 55.294087813240992, 25.239012056739611 ], [ 55.294087813223697, 25.239056972502954 ], [ 55.2944031, 25.2391254 ], [ 55.2945502, 25.2390552 ], [ 55.2942438, 25.23853 ], [ 55.29416871249375, 25.238515413586274 ], [ 55.2941995, 25.2385015 ], [ 55.2941005, 25.2383301 ], [ 55.294049481581418, 25.23832018916071 ], [ 55.294009981577474, 25.238339589146836 ], [ 55.294048846066261, 25.23840449291718 ], [ 55.293937435405184, 25.238409711997491 ], [ 55.293979335280468, 25.238485612042091 ], [ 55.294054835215348, 25.23850027867752 ], [ 55.293918235187093, 25.238565511963365 ], [ 55.294072126760092, 25.238829385030854 ], [ 55.293906449686105, 25.238742231738804 ], [ 55.293816618166638, 25.238742231709153 ], [ 55.293816618148725, 25.238787147472465 ], [ 55.293861533872622, 25.238876979013924 ], [ 55.294090514937309, 25.238886559565252 ] ] ], [ [ [ 55.294229357765332, 25.254913558490578 ], [ 55.294184442004827, 25.254913558478307 ], [ 55.294184441989984, 25.254958474241775 ], [ 55.294229357735652, 25.25500339001751 ], [ 55.294315093758343, 25.255011318915187 ], [ 55.294315093758343, 25.254966403150984 ], [ 55.294229357765332, 25.254913558490578 ] ] ], [ [ [ 55.294422780217523, 25.241532189222198 ], [ 55.294375780209371, 25.241563689205499 ], [ 55.294396780196642, 25.241589289212147 ], [ 55.2944478, 25.2415992 ], [ 55.2944948, 25.2415676 ], [ 55.294422780217523, 25.241532189222198 ] ] ], [ [ [ 55.294360009522549, 25.236371276769713 ], [ 55.294243669075499, 25.236357401748737 ], [ 55.294243668997666, 25.236492149037485 ], [ 55.294360009522549, 25.236506024062333 ], [ 55.294449841050955, 25.236461108298126 ], [ 55.294449841050955, 25.236416192533923 ], [ 55.294360009522549, 25.236371276769713 ] ] ], [ [ [ 55.294235680215294, 25.241584289157259 ], [ 55.294201380211561, 25.241601889145187 ], [ 55.294226880192134, 25.241642589153056 ], [ 55.2943122, 25.2416349 ], [ 55.2942867, 25.2415942 ], [ 55.294235680215294, 25.241584289157259 ] ] ], [ [ [ 55.291880953895273, 25.255134494260727 ], [ 55.292440764258728, 25.255677056969827 ], [ 55.2935123, 25.2558852 ], [ 55.2938984, 25.2557618 ], [ 55.2941163, 25.2555743 ], [ 55.2932997, 25.2548428 ], [ 55.293146024595963, 25.254812949049445 ], [ 55.293195, 25.2547695 ], [ 55.292912, 25.2545084 ], [ 55.292452775565792, 25.254419195183608 ], [ 55.292298475200447, 25.254555994684008 ], [ 55.292491006349074, 25.254733565540711 ], [ 55.292326672844609, 25.254715556566271 ], [ 55.2921299476535, 25.254899299639721 ], [ 55.2921284, 25.2548441 ], [ 55.2920114, 25.254737 ], [ 55.291545512990432, 25.254656460195552 ], [ 55.291310912480455, 25.254879659560196 ], [ 55.291313612298097, 25.254937859558133 ], [ 55.291450411809201, 25.25506155988948 ], [ 55.291880953895273, 25.255134494260727 ] ] ], [ [ [ 55.294315093758343, 25.239290801443097 ], [ 55.294270177994136, 25.239200969914695 ], [ 55.294181045944057, 25.239192380543042 ], [ 55.294091214391521, 25.239282212043282 ], [ 55.294091214327274, 25.239461875096914 ], [ 55.294270177994136, 25.239470464499924 ], [ 55.294315093758343, 25.239425548735721 ], [ 55.294315093758343, 25.239290801443097 ] ] ], [ [ [ 55.2943845, 25.2326052 ], [ 55.2943501, 25.232561 ], [ 55.294280783932862, 25.232562789357853 ], [ 55.294315183911124, 25.2326068893687 ], [ 55.2943845, 25.2326052 ] ] ], [ [ [ 55.2943815, 25.232796 ], [ 55.2943312, 25.2327132 ], [ 55.294246283871473, 25.232720189342857 ], [ 55.294296683832144, 25.232802989358365 ], [ 55.2943815, 25.232796 ] ] ], [ [ [ 55.294225262229929, 25.236595855590739 ], [ 55.294270177994136, 25.236595855590743 ], [ 55.294270177994136, 25.23655093982654 ], [ 55.294158939225198, 25.236538055834952 ], [ 55.294158939201111, 25.236582971597961 ], [ 55.294225262229929, 25.236595855590739 ] ] ], [ [ [ 55.294062305404594, 25.236446902828561 ], [ 55.294180346465723, 25.23646110829813 ], [ 55.294180346465723, 25.23641619253392 ], [ 55.294062305431162, 25.236401987065683 ], [ 55.294062305404594, 25.236446902828561 ] ] ], [ [ [ 55.293821020352077, 25.239111138386278 ], [ 55.293642056853805, 25.239102548856778 ], [ 55.293642056821682, 25.239192380383596 ], [ 55.293821020352077, 25.239200969914698 ], [ 55.293821020352496, 25.239176120319243 ], [ 55.2939702, 25.2392051 ], [ 55.2940701, 25.239156 ], [ 55.2940512, 25.2391246 ], [ 55.293872634446181, 25.239089911871186 ], [ 55.293821020352077, 25.239111138386278 ] ] ], [ [ [ 55.293868333513487, 25.247142800942711 ], [ 55.29395576764469, 25.247151060179153 ], [ 55.29395576764469, 25.247106144414939 ], [ 55.293868333528934, 25.247097885179283 ], [ 55.293868333513487, 25.247142800942711 ] ] ], [ [ [ 55.293775099773335, 25.249163349527588 ], [ 55.293775099756644, 25.249208265290964 ], [ 55.293910851880483, 25.249217185332622 ], [ 55.293910851880483, 25.249127353804216 ], [ 55.293820015550061, 25.249118433778015 ], [ 55.293775099773335, 25.249163349527588 ] ] ], [ [ [ 55.294000683408896, 25.242434904937515 ], [ 55.294000683408896, 25.242389989173308 ], [ 55.293938760950631, 25.242386685517872 ], [ 55.293938760944449, 25.242431601281776 ], [ 55.294000683408896, 25.242434904937515 ] ] ], [ [ [ 55.2938196, 25.2488727 ], [ 55.2939103, 25.2488309 ], [ 55.2938752, 25.2487685 ], [ 55.293824177296322, 25.248758588869457 ], [ 55.293733377288412, 25.248800388837598 ], [ 55.293768577259023, 25.248862788848339 ], [ 55.2938196, 25.2488727 ] ] ], [ [ [ 55.2935254, 25.2373681 ], [ 55.293346837172351, 25.237333411369292 ], [ 55.293361514037947, 25.237358425887887 ], [ 55.293312537162322, 25.237348911327203 ], [ 55.293291537067795, 25.237419611297032 ], [ 55.293718835879666, 25.238135711756026 ], [ 55.2938974, 25.2381704 ], [ 55.293897081127206, 25.238089733851403 ], [ 55.2940042, 25.2381117 ], [ 55.2935979, 25.2373905 ], [ 55.2935254, 25.2373681 ] ] ], [ [ [ 55.29395576764469, 25.241536589653396 ], [ 55.29395576764469, 25.241491673889197 ], [ 55.293885342027473, 25.241486718406861 ], [ 55.2938853420182, 25.241531634170617 ], [ 55.29395576764469, 25.241536589653396 ] ] ], [ [ [ 55.293870036739563, 25.239597283049747 ], [ 55.29395576764469, 25.23960521179254 ], [ 55.29395576764469, 25.239470464499931 ], [ 55.29387003678405, 25.239462535759344 ], [ 55.293870036739563, 25.239597283049747 ] ] ], [ [ [ 55.293436277319103, 25.248800188736148 ], [ 55.293567, 25.2488797 ], [ 55.2938028, 25.2487589 ], [ 55.293734169335771, 25.248642806708681 ], [ 55.2938271, 25.2486318 ], [ 55.293762977367933, 25.248600388851809 ], [ 55.293721386771921, 25.248621184133128 ], [ 55.293589877396585, 25.248574188793235 ], [ 55.293529577397713, 25.248586488772396 ], [ 55.293406877372909, 25.248677188728635 ], [ 55.293436277319103, 25.248800188736148 ] ] ], [ [ [ 55.2935367, 25.2346796 ], [ 55.29348568314559, 25.234669689043251 ], [ 55.293370183133881, 25.234726889002651 ], [ 55.293432140813671, 25.234790411654014 ], [ 55.293586002246144, 25.234820302029256 ], [ 55.293568483071176, 25.234829389068224 ], [ 55.293649583008701, 25.234960589093209 ], [ 55.293745, 25.2349475 ], [ 55.293714257482328, 25.234899025739718 ], [ 55.293779395285469, 25.234911679822684 ], [ 55.293765883004156, 25.234942589133269 ], [ 55.2938284838797, 25.234959337143334 ], [ 55.293798387291517, 25.235027467842897 ], [ 55.2937756, 25.2349901 ], [ 55.293626183412307, 25.234961073349201 ], [ 55.2935406, 25.2348627 ], [ 55.293362040784636, 25.234828011567576 ], [ 55.293027240695068, 25.23497361115718 ], [ 55.293281239941486, 25.235432111427624 ], [ 55.293396839794127, 25.235505311560452 ], [ 55.293715, 25.2355431 ], [ 55.2938825, 25.2354656 ], [ 55.293821405660289, 25.235294117893613 ], [ 55.293915, 25.2353123 ], [ 55.2939538, 25.2352918 ], [ 55.293803488066025, 25.235093149642498 ], [ 55.2938303, 25.2350798 ], [ 55.293816979258395, 25.235057955945223 ], [ 55.2938818, 25.2350755 ], [ 55.2939821, 25.2348484 ], [ 55.293701083076833, 25.234782589114445 ], [ 55.293674199421183, 25.234835862830629 ], [ 55.2936159, 25.2347464 ], [ 55.293505933646273, 25.234725037071748 ], [ 55.2935507, 25.2347034 ], [ 55.2935367, 25.2346796 ] ] ], [ [ [ 55.293738690637092, 25.239867438326179 ], [ 55.293821020352077, 25.239874706377776 ], [ 55.293910851880483, 25.23978487484937 ], [ 55.293910851880483, 25.239739959085153 ], [ 55.293783606438687, 25.239732691046839 ], [ 55.293738690664277, 25.239777606799127 ], [ 55.293738690637092, 25.239867438326179 ] ] ], [ [ [ 55.29351410726423, 25.254959134815874 ], [ 55.29364135729525, 25.254966403150988 ], [ 55.29364135729525, 25.254921487386785 ], [ 55.293461694238424, 25.254741824329958 ], [ 55.293379360049805, 25.254734555964479 ], [ 55.293379360022598, 25.254824387491539 ], [ 55.293424275756209, 25.254914219029843 ], [ 55.29351410726423, 25.254959134815874 ] ] ], [ [ [ 55.2933959771958, 25.249108888716048 ], [ 55.293447, 25.2491188 ], [ 55.2936742, 25.2490033 ], [ 55.2936333, 25.2489374 ], [ 55.29353737726516, 25.248905588768498 ], [ 55.293333877243398, 25.249009088696891 ], [ 55.2933959771958, 25.249108888716048 ] ] ], [ [ [ 55.293496981661796, 25.238263288973283 ], [ 55.293406781651925, 25.238309688941552 ], [ 55.293489793042532, 25.238396386378525 ], [ 55.293469196439176, 25.238654712643424 ], [ 55.293559027920033, 25.238789459956497 ], [ 55.293686273059457, 25.238796728036828 ], [ 55.29377610458787, 25.238661980744219 ], [ 55.293821020352077, 25.238392486158975 ], [ 55.293731188823664, 25.238257738866363 ], [ 55.293496981661796, 25.238263288973283 ] ] ], [ [ [ 55.293337850042676, 25.239913014730128 ], [ 55.293461694238424, 25.239919622141986 ], [ 55.293596441531044, 25.23987470637778 ], [ 55.29364135729525, 25.23982979061357 ], [ 55.29364135729525, 25.23969504332096 ], [ 55.293472597400182, 25.239643520179246 ], [ 55.293337850092101, 25.23973335167576 ], [ 55.293292934318629, 25.239778267429141 ], [ 55.293292934293916, 25.239868098956315 ], [ 55.293337850042676, 25.239913014730128 ] ] ], [ [ [ 55.2934746, 25.2472628 ], [ 55.293423577959189, 25.247252888763587 ], [ 55.293394077955952, 25.247268088753202 ], [ 55.293419877936365, 25.24730908876117 ], [ 55.2934709, 25.247319 ], [ 55.2935004, 25.2473038 ], [ 55.2934746, 25.2472628 ] ] ], [ [ [ 55.293416778474217, 25.248633280397947 ], [ 55.293416778474217, 25.248543448869533 ], [ 55.293341249173537, 25.24853750209293 ], [ 55.293206501878117, 25.248582417828974 ], [ 55.293161586105569, 25.248627333583418 ], [ 55.293161586094442, 25.248672249347063 ], [ 55.293326946945811, 25.24867819616215 ], [ 55.293416778474217, 25.248633280397947 ] ] ], [ [ [ 55.2915148, 25.237057 ], [ 55.291678, 25.2370811 ], [ 55.291876398506368, 25.236986658110869 ], [ 55.291886647785837, 25.237004291831632 ], [ 55.291605282318798, 25.237143088350631 ], [ 55.291617438009865, 25.237185109313991 ], [ 55.291648537924999, 25.237236109347464 ], [ 55.2918271, 25.2372708 ], [ 55.291953965149176, 25.23720760219279 ], [ 55.291986067934722, 25.237221979592707 ], [ 55.291941737808045, 25.237243909697167 ], [ 55.291996281253553, 25.237334160364885 ], [ 55.291818437772065, 25.237299609545861 ], [ 55.291731086910374, 25.237309882397962 ], [ 55.291731086904704, 25.237339935143876 ], [ 55.291682837730548, 25.23736220937937 ], [ 55.291671837398177, 25.237595109349456 ], [ 55.291762037134461, 25.237755209445691 ], [ 55.2919406, 25.2377899 ], [ 55.2921891, 25.2376753 ], [ 55.292005713094035, 25.237349766806478 ], [ 55.292119237319937, 25.237537609888076 ], [ 55.292183679502507, 25.237550129364845 ], [ 55.292137737263019, 25.237572409907667 ], [ 55.292325586005447, 25.237889218397587 ], [ 55.292196281926287, 25.23794688853582 ], [ 55.292309151924684, 25.23813414305366 ], [ 55.292160736485158, 25.23810530989681 ], [ 55.292095636464722, 25.238135709816845 ], [ 55.292117536401378, 25.238174109840248 ], [ 55.2922961, 25.2382088 ], [ 55.292341434016024, 25.238187699840612 ], [ 55.292463785459603, 25.238373200545816 ], [ 55.292434781719763, 25.238387888608159 ], [ 55.292484481683829, 25.238462588623594 ], [ 55.2925355, 25.2384725 ], [ 55.2925844, 25.238446 ], [ 55.292563488921623, 25.238424060245439 ], [ 55.2926536, 25.2384087 ], [ 55.292620602153477, 25.238351163794711 ], [ 55.2928761, 25.2383897 ], [ 55.2929058, 25.2383753 ], [ 55.292856785284492, 25.238331968451551 ], [ 55.292914664966887, 25.238303969910412 ], [ 55.2929874, 25.2383181 ], [ 55.2930622, 25.2382802 ], [ 55.293027833130708, 25.23824922618229 ], [ 55.293099, 25.2382148 ], [ 55.293086424861499, 25.238193536066415 ], [ 55.2931372, 25.2382034 ], [ 55.2935428, 25.2380055 ], [ 55.293424127270868, 25.237806532394963 ], [ 55.2934793, 25.2377876 ], [ 55.2933425, 25.2375583 ], [ 55.293247981973607, 25.237569688902553 ], [ 55.293272065312351, 25.237610039165055 ], [ 55.293205958598691, 25.237597196826034 ], [ 55.293109940089337, 25.237438557782994 ], [ 55.2931551, 25.2374237 ], [ 55.293062043106509, 25.237359423585669 ], [ 55.293282031181604, 25.237359423582248 ], [ 55.293282031181604, 25.237224676289632 ], [ 55.293237115417398, 25.237179760525422 ], [ 55.293136080018243, 25.237168858286214 ], [ 55.293001332695653, 25.237268985323642 ], [ 55.292936415681559, 25.237256373953677 ], [ 55.2930504, 25.2371875 ], [ 55.292908, 25.2369487 ], [ 55.292820955022457, 25.236956388610043 ], [ 55.292631038052008, 25.236902910545147 ], [ 55.29223942380186, 25.237096644079759 ], [ 55.292113137994349, 25.237072109914287 ], [ 55.292064837975794, 25.237097009854793 ], [ 55.292151595534122, 25.237140092931103 ], [ 55.292024389784217, 25.237203021764163 ], [ 55.292024389783833, 25.237134844761211 ], [ 55.291953965164964, 25.237129888994023 ], [ 55.29195396515302, 25.23718999591463 ], [ 55.291913152949249, 25.237149013307189 ], [ 55.2920042, 25.2371041 ], [ 55.291974264523638, 25.237054417632812 ], [ 55.2920869, 25.2370763 ], [ 55.2921485, 25.237047 ], [ 55.292100286946514, 25.236964174315297 ], [ 55.2921448, 25.2369603 ], [ 55.2921249, 25.2369301 ], [ 55.292034071466411, 25.236912454214099 ], [ 55.292142189409475, 25.236860036304382 ], [ 55.292223682316752, 25.236993688564773 ], [ 55.2923191, 25.2369815 ], [ 55.2922327, 25.2368397 ], [ 55.292198028592608, 25.236832964214564 ], [ 55.2922258, 25.2368195 ], [ 55.292191005521282, 25.236760812642398 ], [ 55.2923083, 25.2367836 ], [ 55.292445353860906, 25.236717175562205 ], [ 55.292520982348435, 25.236842688669345 ], [ 55.2926157, 25.2368311 ], [ 55.29250950743959, 25.236686082858764 ], [ 55.2925332, 25.2366746 ], [ 55.292495733927922, 25.236611341923993 ], [ 55.292627413066391, 25.236632277013733 ], [ 55.292586887616153, 25.23667280242644 ], [ 55.292586887567971, 25.236762633952452 ], [ 55.292787957775339, 25.236775518647562 ], [ 55.292787957775339, 25.236685687119145 ], [ 55.292743042011132, 25.236640771354949 ], [ 55.292636414484505, 25.236627886686044 ], [ 55.292752449183176, 25.236571292151655 ], [ 55.29281248238938, 25.236670688772371 ], [ 55.292873955029783, 25.236675430441824 ], [ 55.293078853741086, 25.237025431061401 ], [ 55.293136080078348, 25.237036548329808 ], [ 55.293136080038629, 25.237123942523027 ], [ 55.293237115417398, 25.237134844761215 ], [ 55.293282031181604, 25.237089928997005 ], [ 55.293250234076531, 25.237013526447164 ], [ 55.2933642, 25.2370355 ], [ 55.292922705067951, 25.236281445241303 ], [ 55.292843777671095, 25.236274837766842 ], [ 55.292756152258676, 25.236315409319321 ], [ 55.292821263854812, 25.236424195535214 ], [ 55.292776428726675, 25.236420140603808 ], [ 55.292679911512444, 25.236258117757249 ], [ 55.2927699, 25.2362756 ], [ 55.2928751, 25.236225 ], [ 55.2927554, 25.2360215 ], [ 55.292576839394386, 25.235986810546294 ], [ 55.292484580946827, 25.236031185685441 ], [ 55.292374039434428, 25.236009710302383 ], [ 55.292153839358718, 25.236117110031618 ], [ 55.292191273773618, 25.236179951460265 ], [ 55.292068039333465, 25.236156009926333 ], [ 55.291843239257254, 25.23626490964995 ], [ 55.291878681323858, 25.236324784287763 ], [ 55.291760939233484, 25.23630190954897 ], [ 55.291533639156157, 25.23641220926951 ], [ 55.291574483904519, 25.236481088014422 ], [ 55.29144333912604, 25.236455609158511 ], [ 55.291218239052398, 25.236562808881896 ], [ 55.291257300316445, 25.236629985845685 ], [ 55.291246682543623, 25.236687688237595 ], [ 55.291323876275726, 25.2367444819774 ], [ 55.291290182508781, 25.236761288250936 ], [ 55.291463782372993, 25.237047088304312 ], [ 55.2915148, 25.237057 ] ], [ [ 55.292387647784778, 25.237930484221497 ], [ 55.292386910652453, 25.237929261657555 ], [ 55.292389239743784, 25.237929714135799 ], [ 55.292387647784778, 25.237930484221497 ] ], [ [ 55.291882176518513, 25.236907101047699 ], [ 55.291868213742077, 25.236913753213358 ], [ 55.291862072389435, 25.236903195272067 ], [ 55.291882176518513, 25.236907101047699 ] ] ], [ [ [ 55.293211179222304, 25.244245888752843 ], [ 55.293201079200678, 25.244300788748259 ], [ 55.2934271, 25.2443371 ], [ 55.293439, 25.2442725 ], [ 55.293211179222304, 25.244245888752843 ] ] ], [ [ [ 55.293371862710011, 25.248902774983176 ], [ 55.293326946945811, 25.248857859218976 ], [ 55.293253118328764, 25.248852242797962 ], [ 55.293253118307746, 25.248942074325328 ], [ 55.293371862710011, 25.248947690747382 ], [ 55.293371862710011, 25.248902774983176 ] ] ], [ [ [ 55.293237115417398, 25.246522239480257 ], [ 55.293282031181604, 25.246522239480257 ], [ 55.293282031181604, 25.246432407951847 ], [ 55.293147283888985, 25.246162913366614 ], [ 55.292991124355446, 25.246150028600137 ], [ 55.292946208573156, 25.246194944343205 ], [ 55.292991124259032, 25.246329691652164 ], [ 55.293170787195386, 25.246509354783935 ], [ 55.293237115417398, 25.246522239480257 ] ] ], [ [ [ 55.292922705067951, 25.245444261139319 ], [ 55.2926869186754, 25.245433358544652 ], [ 55.292731834291757, 25.245747768903858 ], [ 55.292831192712299, 25.24575867149558 ], [ 55.292819965014175, 25.245927101609574 ], [ 55.292922705067951, 25.245938334545581 ], [ 55.293237115417398, 25.245893418781375 ], [ 55.293282031181604, 25.245713755724555 ], [ 55.293282031181604, 25.245489176903526 ], [ 55.293089459778081, 25.245477944082268 ], [ 55.292922705068499, 25.245611347834473 ], [ 55.292922705067951, 25.245444261139319 ] ] ], [ [ [ 55.2933997, 25.234779799999988 ], [ 55.2933772, 25.2347435 ], [ 55.293326183135648, 25.234733588987503 ], [ 55.293197283121941, 25.234798988942163 ], [ 55.293219783104647, 25.234835288949089 ], [ 55.2932708, 25.2348452 ], [ 55.2933997, 25.234779799999988 ] ] ], [ [ [ 55.2932378, 25.2329896 ], [ 55.2934171, 25.2329043 ], [ 55.2932977, 25.232699 ], [ 55.293246683987213, 25.232689089002367 ], [ 55.293067383970488, 25.232774388939433 ], [ 55.293186783873516, 25.232979688975963 ], [ 55.2932378, 25.2329896 ] ] ], [ [ [ 55.2931464, 25.2476209 ], [ 55.293095377845155, 25.247610988644176 ], [ 55.293051777840446, 25.247633288628833 ], [ 55.29307797782041, 25.247675288636916 ], [ 55.293129, 25.2476852 ], [ 55.2931726, 25.2476629 ], [ 55.2931464, 25.2476209 ] ] ], [ [ [ 55.293147283888985, 25.249351932625235 ], [ 55.293054746801182, 25.249297766216426 ], [ 55.292830168001736, 25.249297766144853 ], [ 55.292830167949816, 25.249432513434886 ], [ 55.292875083692401, 25.249477429212547 ], [ 55.293102368124778, 25.249486679917855 ], [ 55.293147283888985, 25.249441764153651 ], [ 55.293147283888985, 25.249351932625235 ] ] ], [ [ [ 55.292945511081562, 25.248494238152318 ], [ 55.292945511057454, 25.248628985443737 ], [ 55.293102368124778, 25.248633280397947 ], [ 55.293102368124778, 25.248498533105323 ], [ 55.292945511081562, 25.248494238152318 ] ] ], [ [ [ 55.293012536596365, 25.249801090267301 ], [ 55.293012536596365, 25.249666342974681 ], [ 55.292832564482914, 25.249648832691864 ], [ 55.292832564384639, 25.249783579979589 ], [ 55.293012536596365, 25.249801090267301 ] ] ], [ [ [ 55.292448767000707, 25.246791734067184 ], [ 55.2925688, 25.2467295 ], [ 55.292615057503497, 25.246604659389938 ], [ 55.292678046643701, 25.246612071010372 ], [ 55.292643703069352, 25.246691330280463 ], [ 55.292787957775339, 25.246746818301293 ], [ 55.292967620832158, 25.246701902537097 ], [ 55.293012536596365, 25.24665698677288 ], [ 55.293012536596365, 25.246612071008677 ], [ 55.292778450406495, 25.246556583039876 ], [ 55.292698126247053, 25.246591991421667 ], [ 55.292698126246925, 25.24656715524447 ], [ 55.292598787368902, 25.246557781233349 ], [ 55.292473547426333, 25.246360562925421 ], [ 55.292473547425892, 25.246297660659234 ], [ 55.291884638978722, 25.246179362371105 ], [ 55.291735438827146, 25.246265561975751 ], [ 55.291642335558485, 25.246517148936153 ], [ 55.291573938214171, 25.246503861525447 ], [ 55.291514838175011, 25.246531261369874 ], [ 55.291558637902462, 25.246608361470148 ], [ 55.292018337133008, 25.246742162626713 ], [ 55.292401, 25.2468165 ], [ 55.292448767000707, 25.246791734067184 ] ] ], [ [ [ 55.2927055, 25.2387945 ], [ 55.2931239, 25.2385785 ], [ 55.2930948, 25.2385323 ], [ 55.293028276852191, 25.238519376749728 ], [ 55.2931149, 25.2384763 ], [ 55.2930871, 25.2384306 ], [ 55.293036081644303, 25.238420688812738 ], [ 55.292733052176708, 25.238592113291581 ], [ 55.292668224997598, 25.238602050470568 ], [ 55.292698126246925, 25.238572149215809 ], [ 55.292698126246925, 25.238482317687396 ], [ 55.292574282498997, 25.23847571012147 ], [ 55.292529366725518, 25.23852062587483 ], [ 55.292529366713161, 25.238565541638433 ], [ 55.292574282461921, 25.238610457412239 ], [ 55.292641057891935, 25.238616047611941 ], [ 55.292518463190618, 25.238679211223594 ], [ 55.292473547425892, 25.238617064980012 ], [ 55.292306488506995, 25.238610787732547 ], [ 55.292306488483526, 25.238700619259792 ], [ 55.292396319982593, 25.238790450806444 ], [ 55.292518463190099, 25.238796728036835 ], [ 55.2925184631912, 25.238746376560314 ], [ 55.2927055, 25.2387945 ] ] ], [ [ [ 55.2924854, 25.2484497 ], [ 55.292102732011152, 25.248375362591073 ], [ 55.292048007826288, 25.248410384218445 ], [ 55.291965532058342, 25.248394362236787 ], [ 55.291703031845671, 25.248528561543843 ], [ 55.291725631716126, 25.248564761596132 ], [ 55.291931486910308, 25.248604751838666 ], [ 55.291797931591823, 25.248586861777884 ], [ 55.291765631561361, 25.248604761692409 ], [ 55.291784731459281, 25.248632961736973 ], [ 55.291926822773746, 25.248660564918861 ], [ 55.291834931365997, 25.248650561862824 ], [ 55.291781331317317, 25.248679661721066 ], [ 55.29188023079346, 25.248824161952069 ], [ 55.291981995751918, 25.248843931110972 ], [ 55.292098230052481, 25.249009062481868 ], [ 55.2924809, 25.2490834 ], [ 55.2925734, 25.2490713 ], [ 55.292602404993822, 25.249027063881297 ], [ 55.2927457, 25.2490549 ], [ 55.292814165215198, 25.249017616979526 ], [ 55.292922705067951, 25.249037522275803 ], [ 55.292967620832158, 25.248812943454769 ], [ 55.292903996771436, 25.248809309255972 ], [ 55.292818723264759, 25.248937219489147 ], [ 55.2927986, 25.248907 ], [ 55.292580654342558, 25.248864662422619 ], [ 55.292557424681192, 25.248826547497664 ], [ 55.2927564, 25.2488652 ], [ 55.292858, 25.2488055 ], [ 55.2927856, 25.2487049 ], [ 55.292609862207378, 25.248624466551824 ], [ 55.2925316, 25.2484799 ], [ 55.2924854, 25.2484497 ] ] ], [ [ [ 55.292913077655754, 25.248115288571558 ], [ 55.292799777649549, 25.248158588531986 ], [ 55.292811877637533, 25.248184688535581 ], [ 55.2928629, 25.2481946 ], [ 55.2929762, 25.2481512 ], [ 55.292913077655754, 25.248115288571558 ] ] ], [ [ [ 55.293094567420653, 25.232543195397731 ], [ 55.293192199653191, 25.232553436812204 ], [ 55.293192199653191, 25.232508521048 ], [ 55.293094567439802, 25.232498279634484 ], [ 55.293094567420653, 25.232543195397731 ] ] ], [ [ [ 55.2929643, 25.2405132 ], [ 55.292914520930736, 25.240503529643366 ], [ 55.2930571, 25.2404334 ], [ 55.2929716, 25.240291 ], [ 55.292793033150716, 25.240256310497497 ], [ 55.292633133094832, 25.240334910300803 ], [ 55.292643675002296, 25.24035244738506 ], [ 55.292571933111695, 25.240338510227424 ], [ 55.292527833095093, 25.240361010173118 ], [ 55.292596934536562, 25.240415220080965 ], [ 55.292512525583348, 25.240450106494738 ], [ 55.292421433030327, 25.240432410040857 ], [ 55.292376033012317, 25.240456209984906 ], [ 55.292411305243448, 25.240497366750319 ], [ 55.292206932839733, 25.240617909771228 ], [ 55.29227353266031, 25.24072550984307 ], [ 55.2924521, 25.2407602 ], [ 55.292812061553718, 25.240578054120153 ], [ 55.292879, 25.2406038 ], [ 55.2929866, 25.2405488 ], [ 55.2929643, 25.2405132 ] ], [ [ 55.292812228959981, 25.240495473578957 ], [ 55.292889750223353, 25.240510533336302 ], [ 55.292837956259447, 25.240537056064444 ], [ 55.292812228959981, 25.240495473578957 ] ] ], [ [ [ 55.292832873539545, 25.254157919395276 ], [ 55.292832873539545, 25.254068087866866 ], [ 55.292578374162396, 25.254053550764461 ], [ 55.292578374135196, 25.254098466527314 ], [ 55.292668205595625, 25.254188298098015 ], [ 55.292787957775339, 25.254202835159486 ], [ 55.292832873539545, 25.254157919395276 ] ] ], [ [ [ 55.292877789303745, 25.246387492187644 ], [ 55.292922705067951, 25.246387492187644 ], [ 55.292922705067951, 25.246342576423437 ], [ 55.292826767704284, 25.246332665002157 ], [ 55.292826767685739, 25.24637758076544 ], [ 55.292877789303745, 25.246387492187644 ] ] ], [ [ [ 55.292709669966897, 25.240022157514222 ], [ 55.292651281031929, 25.240000788648913 ], [ 55.292563378954469, 25.240046941613368 ], [ 55.292563378954306, 25.239964537906193 ], [ 55.292499756247977, 25.239960903723468 ], [ 55.292454840478669, 25.240005819481706 ], [ 55.292454840471876, 25.240050735245571 ], [ 55.292551995402, 25.240053988283385 ], [ 55.2926263, 25.2401001 ], [ 55.292686895886412, 25.240068284137585 ], [ 55.292760480941162, 25.240193488682234 ], [ 55.2928836, 25.2402238 ], [ 55.292912408958401, 25.240165457843652 ], [ 55.2929825, 25.240155 ], [ 55.292911111526628, 25.240125793737064 ], [ 55.2928806, 25.2400319 ], [ 55.292750559421997, 25.239981875561732 ], [ 55.292762245200372, 25.239937738089242 ], [ 55.2928475, 25.2399229 ], [ 55.292776988016442, 25.239882054057201 ], [ 55.2927152, 25.2397771 ], [ 55.292436434029419, 25.239736910108807 ], [ 55.292417033926071, 25.239813310080127 ], [ 55.292493433721319, 25.239936010162591 ], [ 55.292731343462222, 25.239978665409179 ], [ 55.292709669966897, 25.240022157514222 ] ] ], [ [ [ 55.292722633004935, 25.248584400030428 ], [ 55.292722632997517, 25.248629315794272 ], [ 55.292832873539545, 25.248633280397947 ], [ 55.292832873539545, 25.24858836463374 ], [ 55.292722633004935, 25.248584400030428 ] ] ], [ [ [ 55.292832873539545, 25.246073081838201 ], [ 55.292642002630757, 25.246062179212458 ], [ 55.292597086851245, 25.246107094958781 ], [ 55.292597086790067, 25.246241842248352 ], [ 55.292787957775339, 25.246252744895024 ], [ 55.292832873539545, 25.246207829130821 ], [ 55.292832873539545, 25.246073081838201 ] ] ], [ [ [ 55.292074277116335, 25.249631188253993 ], [ 55.292172077042927, 25.249784588284228 ], [ 55.2922983, 25.24982 ], [ 55.2925648, 25.2498668 ], [ 55.2927467, 25.2497704 ], [ 55.2925712, 25.2494995 ], [ 55.292188528694275, 25.249425162648979 ], [ 55.292006628536342, 25.249521562168269 ], [ 55.292074277116335, 25.249631188253993 ] ] ], [ [ [ 55.292451416896441, 25.2393954156944 ], [ 55.2924198, 25.2393342 ], [ 55.292295181356216, 25.239303788541694 ], [ 55.292241581351632, 25.239328288522884 ], [ 55.292232881329547, 25.239383988518771 ], [ 55.29230127825177, 25.239501687082921 ], [ 55.29223026174089, 25.239511746051061 ], [ 55.292185345971582, 25.239556661809299 ], [ 55.292185345957989, 25.239646493337048 ], [ 55.292310858739874, 25.23963315319169 ], [ 55.292348234119125, 25.239696810006318 ], [ 55.2927521, 25.239757 ], [ 55.2927372, 25.2397301 ], [ 55.292606185911723, 25.239704648110866 ], [ 55.2926927, 25.239679 ], [ 55.292629717109662, 25.239644032580888 ], [ 55.2925734, 25.2395332 ], [ 55.292413829449387, 25.239502200255902 ], [ 55.292607, 25.2395138 ], [ 55.29252565872924, 25.239484370832827 ], [ 55.2925724, 25.2394631 ], [ 55.2925326, 25.2393916 ], [ 55.292451416896441, 25.2393954156944 ] ] ], [ [ [ 55.292196376937788, 25.250033188287418 ], [ 55.292473547425892, 25.250070584852537 ], [ 55.292563378954306, 25.249980753324124 ], [ 55.292563378954306, 25.249935837559917 ], [ 55.292518463190099, 25.249890921795711 ], [ 55.292337486052823, 25.249864490738162 ], [ 55.292287333881418, 25.249897925487119 ], [ 55.292220477006147, 25.249861588299172 ], [ 55.292122376996396, 25.249909688264683 ], [ 55.292196376937788, 25.250033188287418 ] ] ], [ [ [ 55.291916342378521, 25.245073262622821 ], [ 55.291883841960008, 25.245216562517498 ], [ 55.292526100000011, 25.2453391 ], [ 55.2925586, 25.2451958 ], [ 55.291916342378521, 25.245073262622821 ] ] ], [ [ [ 55.291749093254595, 25.248210466839883 ], [ 55.291734486277633, 25.248314905312444 ], [ 55.291892848965624, 25.248315663577447 ], [ 55.2922055, 25.2483764 ], [ 55.2922647, 25.2483444 ], [ 55.292277232869864, 25.248268902824268 ], [ 55.2923637, 25.2482857 ], [ 55.2924821, 25.2482275 ], [ 55.292347251073835, 25.248013619190957 ], [ 55.2923928, 25.2479878 ], [ 55.2922877, 25.2478362 ], [ 55.292227596641048, 25.247824524213971 ], [ 55.2922738, 25.2477978 ], [ 55.2922072, 25.2477035 ], [ 55.291824534536531, 25.247629161993665 ], [ 55.291795151028111, 25.247646137787676 ], [ 55.2917, 25.2474902 ], [ 55.29164897804813, 25.247480288152978 ], [ 55.291432078025771, 25.247588588076695 ], [ 55.291455032261901, 25.247626188420352 ], [ 55.291402434789333, 25.247652860909071 ], [ 55.291445134543011, 25.247721761007782 ], [ 55.291522559793584, 25.247736802209062 ], [ 55.291543220366329, 25.24777064531294 ], [ 55.291513234288516, 25.247786961172135 ], [ 55.291532088249809, 25.247815367177573 ], [ 55.291389534116604, 25.247873360842028 ], [ 55.291456933745614, 25.247976360998745 ], [ 55.291601439781587, 25.248004433718542 ], [ 55.291601439767454, 25.248090656871014 ], [ 55.291691725134925, 25.248139206993319 ], [ 55.291749093254595, 25.248210466839883 ] ] ], [ [ [ 55.292254767513604, 25.247412955839774 ], [ 55.292383715897479, 25.247420554764382 ], [ 55.292383715897479, 25.247285807471766 ], [ 55.292299683316912, 25.247278208561035 ], [ 55.29225476754204, 25.247323124312778 ], [ 55.292254767513604, 25.247412955839774 ] ] ], [ [ [ 55.291880184483517, 25.253872235387128 ], [ 55.291806302294567, 25.25387223534192 ], [ 55.291806302203682, 25.25400698263002 ], [ 55.291979474019627, 25.254023172102663 ], [ 55.291979474020756, 25.25396872938974 ], [ 55.2922501, 25.2540213 ], [ 55.2922718, 25.2539939 ], [ 55.2922316, 25.2539405 ], [ 55.291880184483517, 25.253872235387128 ] ] ], [ [ [ 55.29220405284066, 25.254562161273135 ], [ 55.292248968604866, 25.254562161273132 ], [ 55.292248968604866, 25.254472329744722 ], [ 55.292132618001915, 25.254458453194101 ], [ 55.292132617949981, 25.254548284719938 ], [ 55.29220405284066, 25.254562161273135 ] ] ], [ [ [ 55.290545633336741, 25.240688507781304 ], [ 55.290613433158043, 25.240795307854611 ], [ 55.290718396923964, 25.240815700348701 ], [ 55.290684933047331, 25.240854107935796 ], [ 55.29074793289579, 25.240943308004645 ], [ 55.290814088795095, 25.240957068079894 ], [ 55.290719432812317, 25.241008207965923 ], [ 55.290722132767584, 25.241038507966969 ], [ 55.2909695, 25.241088 ], [ 55.2911506, 25.2409888 ], [ 55.291064961482903, 25.240909488529816 ], [ 55.2911412, 25.2409243 ], [ 55.2912445, 25.2408702 ], [ 55.291219984110924, 25.240831949346397 ], [ 55.291334, 25.2408541 ], [ 55.2914579, 25.2407692 ], [ 55.291420569855227, 25.240710871692126 ], [ 55.291518, 25.2407298 ], [ 55.2916143, 25.2406825 ], [ 55.29155731182351, 25.240587748622239 ], [ 55.2917156, 25.2406185 ], [ 55.291921916444295, 25.240514958300313 ], [ 55.2919839, 25.240527 ], [ 55.2920313, 25.2405032 ], [ 55.291983632440889, 25.240425240283376 ], [ 55.292154, 25.2403549 ], [ 55.292119202055858, 25.240297114633368 ], [ 55.2922334, 25.2403193 ], [ 55.292366709546549, 25.24028532882318 ], [ 55.292366709541618, 25.240320560199663 ], [ 55.292428631661686, 25.240323864019835 ], [ 55.292428631661686, 25.240278948255632 ], [ 55.292372626797167, 25.240275644437222 ], [ 55.2923963, 25.2402369 ], [ 55.2923412, 25.2401473 ], [ 55.292305399310727, 25.240140344989101 ], [ 55.2923847, 25.2400981 ], [ 55.2923449, 25.2400368 ], [ 55.292300969476514, 25.240028265597886 ], [ 55.292383715897479, 25.240009453670393 ], [ 55.292383715897479, 25.239964537906193 ], [ 55.292239548527391, 25.239924080566791 ], [ 55.2922723, 25.2399053 ], [ 55.2921959, 25.2398404 ], [ 55.291979834090895, 25.239808309558157 ], [ 55.291994415436278, 25.239826156369887 ], [ 55.291915851348016, 25.239877662521351 ], [ 55.291717833980123, 25.239950409234918 ], [ 55.291751153062151, 25.24000305364763 ], [ 55.291663933948008, 25.239986109167948 ], [ 55.291535133904318, 25.240048509009583 ], [ 55.291578415059803, 25.240121530788205 ], [ 55.291341033726894, 25.240219808765346 ], [ 55.291414133528953, 25.24033860884413 ], [ 55.2915927, 25.2403733 ], [ 55.291636553265207, 25.240356674918072 ], [ 55.291590995502709, 25.240379559611409 ], [ 55.291457933491358, 25.240353708895366 ], [ 55.291414287427138, 25.240372941603066 ], [ 55.2913662, 25.2402966 ], [ 55.291315181051573, 25.240286688186956 ], [ 55.291134581031841, 25.240379588123389 ], [ 55.291198661200838, 25.240481393038277 ], [ 55.291171227116273, 25.240494904526944 ], [ 55.2911303, 25.2404374 ], [ 55.290951733603094, 25.240402708287082 ], [ 55.290830213420847, 25.240473567688554 ], [ 55.290743433600213, 25.240456708034319 ], [ 55.290688733577042, 25.24048640796682 ], [ 55.290708352727115, 25.240515974538472 ], [ 55.290667058938041, 25.240552597896418 ], [ 55.290494433437672, 25.240631407724237 ], [ 55.290569670547143, 25.240676020509323 ], [ 55.290545633336741, 25.240688507781304 ] ], [ [ 55.291467339899427, 25.240519886593503 ], [ 55.291490741471137, 25.240508382878758 ], [ 55.291501925475629, 25.240526605734129 ], [ 55.291467339899427, 25.240519886593503 ] ], [ [ 55.291433633440093, 25.240444372831099 ], [ 55.291437976336674, 25.240442136452149 ], [ 55.291458487443059, 25.24044612127102 ], [ 55.291454065803485, 25.240448342352661 ], [ 55.291433633440093, 25.240444372831099 ] ], [ [ 55.2909451, 25.2406463 ], [ 55.290832971929817, 25.240624515770673 ], [ 55.290973951532486, 25.24065151637388 ], [ 55.2909451, 25.2406463 ] ] ], [ [ [ 55.291862335534596, 25.238838009487601 ], [ 55.291898465769897, 25.238886886784893 ], [ 55.291813835295734, 25.239015509416888 ], [ 55.291842835217835, 25.239062209448164 ], [ 55.292096438572294, 25.239105346212941 ], [ 55.292131628657543, 25.239162963067844 ], [ 55.292062381430284, 25.23918238846472 ], [ 55.292122781385238, 25.239276488483402 ], [ 55.2922438, 25.239273 ], [ 55.292354805350648, 25.239217497350609 ], [ 55.292354805345191, 25.239240269196006 ], [ 55.292428631661686, 25.239245885678894 ], [ 55.292428631661686, 25.239200969914691 ], [ 55.292395837935146, 25.239195353440802 ], [ 55.2922898, 25.2390219 ], [ 55.292260179866943, 25.239016145638601 ], [ 55.2923023, 25.2389932 ], [ 55.2922104, 25.238847 ], [ 55.2921625, 25.2387732 ], [ 55.292119703846993, 25.238764885854248 ], [ 55.2921388, 25.2387057 ], [ 55.291751335895363, 25.238615909370981 ], [ 55.291718735760092, 25.238717709324703 ], [ 55.291770735607614, 25.238810309380163 ], [ 55.291862335534596, 25.238838009487601 ] ] ], [ [ [ 55.292398021075329, 25.236859403350135 ], [ 55.292353105313893, 25.236859403340937 ], [ 55.29235310530278, 25.236904319104589 ], [ 55.292428631661686, 25.236910265940185 ], [ 55.292428631661686, 25.236865350175982 ], [ 55.292398021075329, 25.236859403350135 ] ] ], [ [ [ 55.2923488, 25.240363 ], [ 55.292276280939241, 25.240318988514368 ], [ 55.292223380933429, 25.240346288495747 ], [ 55.2922958, 25.2403903 ], [ 55.2923488, 25.240363 ] ] ], [ [ [ 55.290251262015332, 25.24818234503174 ], [ 55.290143965742367, 25.248086738209178 ], [ 55.29031759074401, 25.248094291227474 ], [ 55.29031759074401, 25.248049375463271 ], [ 55.290272674979803, 25.248004459699061 ], [ 55.290149161704065, 25.247993225686766 ], [ 55.29018284345139, 25.247914628170648 ], [ 55.290078402060963, 25.247903063715 ], [ 55.290033486280535, 25.247947979460239 ], [ 55.290033486258899, 25.247992895223362 ], [ 55.290125018504867, 25.248004459700457 ], [ 55.290125018485298, 25.248046867507455 ], [ 55.289487835345255, 25.247951255959979 ], [ 55.289413735191999, 25.248019255759726 ], [ 55.289739434042019, 25.248309356549015 ], [ 55.289790252699653, 25.248319229541099 ], [ 55.289773433934926, 25.248335456632056 ], [ 55.289837833716092, 25.248390056788555 ], [ 55.289880801725282, 25.248398404532651 ], [ 55.28983853357591, 25.248435156783387 ], [ 55.289910670856507, 25.248502983118268 ], [ 55.289858033382501, 25.248492756824415 ], [ 55.28971163310306, 25.24861955642994 ], [ 55.289752032953558, 25.2486577565275 ], [ 55.289976664923522, 25.248763032329943 ], [ 55.289976664902611, 25.248799066036359 ], [ 55.290093011922977, 25.248812943454769 ], [ 55.290093011923105, 25.248785635810069 ], [ 55.290297555468541, 25.248818422756045 ], [ 55.290341425745176, 25.248857234297674 ], [ 55.2902432320153, 25.248838157757589 ], [ 55.290166699526551, 25.248899638617434 ], [ 55.290064795620623, 25.248888567190956 ], [ 55.290064795594041, 25.248933482953834 ], [ 55.290112928929517, 25.248942834098944 ], [ 55.290063231706704, 25.248982757274295 ], [ 55.290236331073451, 25.24914405769271 ], [ 55.290574445074739, 25.249209744228285 ], [ 55.290532661236533, 25.249296443778395 ], [ 55.29057757697602, 25.24934135955797 ], [ 55.290721832621863, 25.249351932625238 ], [ 55.290758466232568, 25.249315299018214 ], [ 55.29080752986529, 25.249391659117354 ], [ 55.290935208427605, 25.249416463202401 ], [ 55.290619330114787, 25.249358058640549 ], [ 55.290467330004375, 25.249431658239914 ], [ 55.290546829527386, 25.249565858422809 ], [ 55.290624474123433, 25.249580942562499 ], [ 55.290614907325171, 25.249602653353719 ], [ 55.290166330019055, 25.249502057458187 ], [ 55.290120519892199, 25.249545280123396 ], [ 55.289761630413949, 25.249475556425836 ], [ 55.289642730169277, 25.249584256104534 ], [ 55.289825029523328, 25.249747356546255 ], [ 55.289906357300254, 25.249763156620936 ], [ 55.289903529259817, 25.249812856737176 ], [ 55.289957029006978, 25.249881156863651 ], [ 55.290128894280372, 25.249914546000472 ], [ 55.290049128618392, 25.249983657083703 ], [ 55.290182328125887, 25.250109457405419 ], [ 55.290565, 25.2501838 ], [ 55.290699938681527, 25.250144905948034 ], [ 55.290813727305263, 25.250216859005917 ], [ 55.290981365281716, 25.250249425803649 ], [ 55.291057526612086, 25.250379859605175 ], [ 55.2914402, 25.2504542 ], [ 55.291598647314174, 25.250336931495134 ], [ 55.291889642491213, 25.250384995201973 ], [ 55.291889642491213, 25.250295163673563 ], [ 55.291725860228865, 25.250273027176092 ], [ 55.29165100634809, 25.250098446755231 ], [ 55.2917633, 25.2501199 ], [ 55.2918734, 25.2500485 ], [ 55.2918928, 25.2499989 ], [ 55.291800322304937, 25.249832651482297 ], [ 55.2920281, 25.2498769 ], [ 55.2920791, 25.2498552 ], [ 55.29213630000001, 25.2497488 ], [ 55.2920933, 25.2496658 ], [ 55.291684298185281, 25.249602622324602 ], [ 55.291557, 25.2493755 ], [ 55.2913413612795, 25.249333608785463 ], [ 55.2912816, 25.2492406 ], [ 55.290927919428469, 25.249171891059465 ], [ 55.290892410259865, 25.249138838760157 ], [ 55.2909756, 25.249155 ], [ 55.2911427, 25.2490041 ], [ 55.291069479148149, 25.248937813173843 ], [ 55.291208253567405, 25.248982394204251 ], [ 55.291110230729629, 25.249036959947283 ], [ 55.291237707413799, 25.249166353210008 ], [ 55.291237707393023, 25.24920396930592 ], [ 55.2916705, 25.249285 ], [ 55.2919341, 25.2491382 ], [ 55.2918667, 25.2490391 ], [ 55.2917726, 25.2489556 ], [ 55.291530316378086, 25.248908532821677 ], [ 55.291530316377568, 25.248857859218973 ], [ 55.291485400613361, 25.248812943454769 ], [ 55.291081158735508, 25.24867819616215 ], [ 55.290926698874252, 25.248665640815563 ], [ 55.290926698799936, 25.248810267605538 ], [ 55.2907643, 25.2486665 ], [ 55.290702229585733, 25.248654441480163 ], [ 55.2907622, 25.2486023 ], [ 55.2904511, 25.2483096 ], [ 55.290276382409701, 25.248242031909552 ], [ 55.290407422272416, 25.248229038520094 ], [ 55.290452338036623, 25.248184122755884 ], [ 55.290452338036623, 25.248139206991674 ], [ 55.290296177803491, 25.248126320976148 ], [ 55.290251262015332, 25.24818234503174 ] ], [ [ 55.29156742847136, 25.24965216102331 ], [ 55.291628728075409, 25.249770360202614 ], [ 55.291395028379164, 25.249724960570553 ], [ 55.291245865967184, 25.249825352859339 ], [ 55.29114912831654, 25.249806559928206 ], [ 55.291038228229773, 25.249862259635588 ], [ 55.2910861655171, 25.249940393700633 ], [ 55.29104892800197, 25.249933159652052 ], [ 55.290905968657903, 25.250005178539958 ], [ 55.2909453, 25.2498691 ], [ 55.290827431543057, 25.24975781686738 ], [ 55.2911178, 25.2498168 ], [ 55.2912472, 25.2497421 ], [ 55.291173917072598, 25.249618008862502 ], [ 55.2913458, 25.2496514 ], [ 55.291442691482594, 25.249605019204292 ], [ 55.29157322256652, 25.249630376826754 ], [ 55.29156742847136, 25.24965216102331 ] ], [ [ 55.290926698781753, 25.248842755383105 ], [ 55.290908505596931, 25.24883922099125 ], [ 55.290926698793214, 25.248822396913226 ], [ 55.290926698781753, 25.248842755383105 ] ], [ [ 55.290861199125814, 25.250051064658948 ], [ 55.290855631344016, 25.250049983010946 ], [ 55.290858827360751, 25.250047215469912 ], [ 55.290861199125814, 25.250051064658948 ] ], [ [ 55.290751881684535, 25.249111538211217 ], [ 55.290761977436894, 25.24918228781511 ], [ 55.290800411456814, 25.249218029038769 ], [ 55.290749453564302, 25.249244806280398 ], [ 55.290633657925675, 25.249206612295147 ], [ 55.290751881684535, 25.249111538211217 ] ] ], [ [ [ 55.292138729347577, 25.240993635862282 ], [ 55.29220405284066, 25.240997600482928 ], [ 55.29220405284066, 25.240952684718721 ], [ 55.292138729354996, 25.240948720098448 ], [ 55.292138729347577, 25.240993635862282 ] ] ], [ [ [ 55.292116620157607, 25.243369876315612 ], [ 55.292071704397266, 25.243369876302825 ], [ 55.292071704366364, 25.243459707829697 ], [ 55.292159137076453, 25.243467967514249 ], [ 55.292159137076453, 25.24337813598585 ], [ 55.292116620157607, 25.243369876315612 ] ] ], [ [ [ 55.292093813852119, 25.239376668358027 ], [ 55.292093813844708, 25.23942158412186 ], [ 55.29220405284066, 25.239425548735721 ], [ 55.29220405284066, 25.239380632971507 ], [ 55.292093813852119, 25.239376668358027 ] ] ], [ [ [ 55.291248632249875, 25.241265508579684 ], [ 55.2914272, 25.2413002 ], [ 55.291536, 25.2412457 ], [ 55.291484392724705, 25.241161357217116 ], [ 55.291568, 25.2411776 ], [ 55.2916415, 25.2411532 ], [ 55.2921189, 25.2409086 ], [ 55.2921629, 25.2408691 ], [ 55.2921016, 25.2407665 ], [ 55.291923032777575, 25.240731809423849 ], [ 55.291330032541168, 25.241043508692915 ], [ 55.291344362849294, 25.241067489138267 ], [ 55.291259532555756, 25.241051008608142 ], [ 55.291153932517432, 25.241103908478163 ], [ 55.291248632249875, 25.241265508579684 ] ] ], [ [ [ 55.292024389783833, 25.245848503017179 ], [ 55.29206930554804, 25.245848503017172 ], [ 55.29206930554804, 25.245803587252965 ], [ 55.291968266366389, 25.24579268438028 ], [ 55.291968266345989, 25.245837600143478 ], [ 55.292024389783833, 25.245848503017179 ] ] ], [ [ [ 55.2916276, 25.2322006 ], [ 55.2920061, 25.2320204 ], [ 55.2921862, 25.2318239 ], [ 55.2922036, 25.2316826 ], [ 55.291518584640954, 25.231535588436362 ], [ 55.291169184614645, 25.231686588314023 ], [ 55.291433984400328, 25.232140088395063 ], [ 55.2916276, 25.2322006 ] ] ], [ [ [ 55.290656678274466, 25.247179687820356 ], [ 55.29078, 25.247206599999988 ], [ 55.2908049, 25.24712 ], [ 55.290731233030748, 25.247095472275927 ], [ 55.290943472204042, 25.247136704550158 ], [ 55.290902336702203, 25.247159859704432 ], [ 55.290946096459585, 25.247223380381655 ], [ 55.29090118874263, 25.247223380347737 ], [ 55.290901188677111, 25.247313211872889 ], [ 55.291065217947995, 25.247330723239962 ], [ 55.291046235964345, 25.247362260041719 ], [ 55.291111835605271, 25.247461860194345 ], [ 55.2914945, 25.2475362 ], [ 55.2916102, 25.2474739 ], [ 55.291599761499853, 25.247458051877313 ], [ 55.2917148, 25.2474804 ], [ 55.2919739, 25.2473421 ], [ 55.2919325, 25.2472786 ], [ 55.291829856346737, 25.24725865991914 ], [ 55.2917416, 25.2471038 ], [ 55.291214036929127, 25.247008760525944 ], [ 55.291135436853949, 25.247052660317895 ], [ 55.291181506375793, 25.247120204947574 ], [ 55.291103358587513, 25.24710502313544 ], [ 55.2911372, 25.2469462 ], [ 55.291041723170373, 25.246927942060385 ], [ 55.2910461, 25.2468939 ], [ 55.290770248691501, 25.246829155926292 ], [ 55.290784591421271, 25.246782552351917 ], [ 55.2909057, 25.2468066 ], [ 55.290911722640068, 25.246784994987859 ], [ 55.291126074499715, 25.246791734065489 ], [ 55.291126074499715, 25.246746818301293 ], [ 55.291081158735508, 25.246701902537087 ], [ 55.290907992007995, 25.246685712809317 ], [ 55.290886352308661, 25.246707352491018 ], [ 55.290812263496157, 25.246692637859312 ], [ 55.2908204, 25.2466662 ], [ 55.290330738936859, 25.246580758330047 ], [ 55.290234138824218, 25.246641258073343 ], [ 55.290218838533569, 25.246738958019083 ], [ 55.290262578214794, 25.246801905558875 ], [ 55.290151426211068, 25.246786991394512 ], [ 55.290212, 25.2465065 ], [ 55.2901566, 25.2463975 ], [ 55.289706225512006, 25.246314906373019 ], [ 55.289662025269045, 25.246494106307296 ], [ 55.289819831894782, 25.246525259311337 ], [ 55.289780524778564, 25.246804006426576 ], [ 55.2900653, 25.2468574 ], [ 55.290126961499979, 25.24681323009246 ], [ 55.290124438320461, 25.246831357763092 ], [ 55.29041093417829, 25.24688701732509 ], [ 55.290220438171339, 25.246855558005183 ], [ 55.290190437728889, 25.247005957905152 ], [ 55.290680076712071, 25.24709831024386 ], [ 55.290656678274466, 25.247179687820356 ] ], [ [ 55.291081158736027, 25.247282862068911 ], [ 55.291124868779697, 25.24729135364549 ], [ 55.291081158735814, 25.247314924890166 ], [ 55.291081158736027, 25.247282862068911 ] ] ], [ [ [ 55.291889642491213, 25.246926481358116 ], [ 55.291979474019627, 25.24692648135812 ], [ 55.291979474019627, 25.246746818301293 ], [ 55.291888638752752, 25.246737897725591 ], [ 55.291843722976033, 25.246782813475157 ], [ 55.291843722925968, 25.246917560765283 ], [ 55.291889642491213, 25.246926481358116 ] ] ], [ [ [ 55.29143708133514, 25.239569088243325 ], [ 55.291383581329498, 25.239596088224506 ], [ 55.291417634443221, 25.239704708893935 ], [ 55.291583234268408, 25.239784409086049 ], [ 55.2917618, 25.2398191 ], [ 55.2918346, 25.2397818 ], [ 55.291818002203705, 25.239750874663535 ], [ 55.2919113, 25.239769 ], [ 55.2920037, 25.2397216 ], [ 55.292017882086277, 25.239647190156187 ], [ 55.29206930554804, 25.239650127556743 ], [ 55.29206930554804, 25.239605211792544 ], [ 55.292026575574312, 25.239601577555 ], [ 55.2920345, 25.23956 ], [ 55.2919803, 25.2394876 ], [ 55.29180173466839, 25.23945290937095 ], [ 55.291626734609594, 25.239537309155811 ], [ 55.291650398902796, 25.239581289238618 ], [ 55.291557334597201, 25.239563209071026 ], [ 55.291494211828102, 25.2395889190378 ], [ 55.29143708133514, 25.239569088243325 ] ] ], [ [ [ 55.2920492, 25.2385791 ], [ 55.291870635955611, 25.238544409518646 ], [ 55.291837435945041, 25.238560009477858 ], [ 55.291863935868768, 25.238606209506194 ], [ 55.2920425, 25.2386409 ], [ 55.2920757, 25.2386253 ], [ 55.2920492, 25.2385791 ] ] ], [ [ [ 55.291959066290737, 25.241038551601587 ], [ 55.291959066283326, 25.241083467365417 ], [ 55.292024389783833, 25.241087432011334 ], [ 55.292024389783833, 25.241042516247134 ], [ 55.291959066290737, 25.241038551601587 ] ] ], [ [ [ 55.2914969, 25.2392067 ], [ 55.291511609585079, 25.239219503458237 ], [ 55.291446435086776, 25.239251908960942 ], [ 55.291462532680193, 25.239278410726552 ], [ 55.291393035087253, 25.23926490889621 ], [ 55.291300535054745, 25.23931050878241 ], [ 55.291280334847137, 25.239459308747566 ], [ 55.291326734711397, 25.23954170879707 ], [ 55.2915053, 25.2395764 ], [ 55.2916791, 25.2394932 ], [ 55.29166360518628, 25.239465294961803 ], [ 55.2917429, 25.2394807 ], [ 55.291812125706457, 25.23944626509487 ], [ 55.2919693, 25.2394768 ], [ 55.2920169, 25.2394562 ], [ 55.2919622, 25.239353 ], [ 55.2917147, 25.239242 ], [ 55.291517878245863, 25.239197335615646 ], [ 55.2916228, 25.2391505 ], [ 55.29163500746273, 25.239116212962351 ], [ 55.2917034, 25.2391295 ], [ 55.2918057, 25.2390806 ], [ 55.2917374, 25.2389636 ], [ 55.291530316377901, 25.238913697931807 ], [ 55.291530316377568, 25.238841643801031 ], [ 55.291376862355129, 25.238838009486237 ], [ 55.291376862347462, 25.238892020597337 ], [ 55.291292217484724, 25.23892884866369 ], [ 55.291107367766493, 25.238927840980235 ], [ 55.291062451997185, 25.238972756738487 ], [ 55.291062451956407, 25.239242251321688 ], [ 55.291152283467845, 25.239332082860663 ], [ 55.291215906028128, 25.239335717207307 ], [ 55.291260821792335, 25.239290801443101 ], [ 55.291281750263387, 25.239165230796335 ], [ 55.2914969, 25.2392067 ] ] ], [ [ [ 55.291912450366418, 25.238343275379336 ], [ 55.291979474019627, 25.238347570394776 ], [ 55.291979474019627, 25.238302654630566 ], [ 55.291912450374447, 25.238298359615531 ], [ 55.291912450366418, 25.238343275379336 ] ] ], [ [ [ 55.291709979434394, 25.238033160045333 ], [ 55.291691272835408, 25.237894778484378 ], [ 55.291556525547875, 25.23789477846751 ], [ 55.291450381999809, 25.23795488828106 ], [ 55.291467443500856, 25.237981357711021 ], [ 55.291384836967048, 25.237965308979959 ], [ 55.291346436948828, 25.237987508932484 ], [ 55.291423827531723, 25.238045015196263 ], [ 55.291588198195136, 25.238373394817444 ], [ 55.291537781807115, 25.238400088301738 ], [ 55.291551452594121, 25.238421191127305 ], [ 55.29146358181282, 25.238404788276316 ], [ 55.29137268180304, 25.238451188244333 ], [ 55.291346481785602, 25.238499988234388 ], [ 55.291413081734675, 25.238606788254934 ], [ 55.2914641, 25.2386167 ], [ 55.291622782965582, 25.238524821093609 ], [ 55.2917711, 25.2385236 ], [ 55.2919222, 25.2384339 ], [ 55.291844035509619, 25.238300783056328 ], [ 55.2919333, 25.2382531 ], [ 55.291889642491213, 25.238167907337953 ], [ 55.291777854364909, 25.238187338727183 ], [ 55.2918087, 25.2381597 ], [ 55.2917578, 25.2380733 ], [ 55.291683161586654, 25.238036174313041 ], [ 55.291709979434394, 25.238033160045333 ] ] ], [ [ [ 55.2916395, 25.2468947 ], [ 55.291445, 25.2468015 ], [ 55.291158378397398, 25.24675668800035 ], [ 55.291112737539621, 25.246836860293044 ], [ 55.291185878336606, 25.246897088006858 ], [ 55.2912806041697, 25.246916093170121 ], [ 55.291349836797245, 25.247017460872364 ], [ 55.2917325, 25.2470918 ], [ 55.2917976, 25.2470554 ], [ 55.2917181, 25.246939 ], [ 55.291617907913292, 25.246919535981945 ], [ 55.2916395, 25.2468947 ] ] ], [ [ [ 55.2919784, 25.2325476 ], [ 55.291935, 25.2324776 ], [ 55.291756444806872, 25.232442909821323 ], [ 55.291707644788652, 25.232467709761245 ], [ 55.291751044672097, 25.232537609808062 ], [ 55.2919296, 25.2325723 ], [ 55.2919784, 25.2325476 ] ] ], [ [ [ 55.290589733547954, 25.248256658734689 ], [ 55.290693921635807, 25.248276899638565 ], [ 55.290625433257489, 25.248341558813014 ], [ 55.290811432614923, 25.248502659264492 ], [ 55.2911941, 25.248577 ], [ 55.291246358326006, 25.248547426960613 ], [ 55.291187077633985, 25.248598787972263 ], [ 55.291278577588834, 25.248685288001727 ], [ 55.2913296, 25.2486952 ], [ 55.291398, 25.2486866 ], [ 55.291442907979231, 25.248647752779828 ], [ 55.291465687927399, 25.248755472574764 ], [ 55.291575232141774, 25.248768027690556 ], [ 55.291575232141774, 25.248678196162146 ], [ 55.291527035501709, 25.248668833202888 ], [ 55.2915581, 25.2486455 ], [ 55.291505, 25.2485875 ], [ 55.291455609397545, 25.248577905064636 ], [ 55.291484068840163, 25.248557606783464 ], [ 55.2915561, 25.2485716 ], [ 55.2917347, 25.2484826 ], [ 55.2916527, 25.2483311 ], [ 55.291517133768807, 25.248304764092563 ], [ 55.2915812, 25.2482493 ], [ 55.2914979, 25.2481706 ], [ 55.291252559740194, 25.248122938319213 ], [ 55.2914187, 25.2479699 ], [ 55.2912824, 25.2478488 ], [ 55.290899734801343, 25.247774459602955 ], [ 55.290787807112252, 25.247877560142431 ], [ 55.290771786110241, 25.247867431668102 ], [ 55.2908906, 25.2477733 ], [ 55.290856869187031, 25.247741915678628 ], [ 55.290934, 25.2477569 ], [ 55.291072, 25.2476303 ], [ 55.2909287, 25.2475025 ], [ 55.29081166415039, 25.247479763209679 ], [ 55.290587085329243, 25.247375639000172 ], [ 55.290278167136421, 25.24735052784219 ], [ 55.290188335537515, 25.24744035928822 ], [ 55.290198075467181, 25.247629762477697 ], [ 55.290111323380295, 25.247689206758125 ], [ 55.290093023270579, 25.247769706730463 ], [ 55.290220723062546, 25.247881806874993 ], [ 55.290285328393047, 25.24789435813522 ], [ 55.290403422806214, 25.248013607083845 ], [ 55.290582, 25.2480483 ], [ 55.290644041289198, 25.247991834512952 ], [ 55.2907180324706, 25.248065156069423 ], [ 55.290654734128722, 25.248052858932589 ], [ 55.29050723386252, 25.248175658535907 ], [ 55.290589733547954, 25.248256658734689 ] ], [ [ 55.291400055116902, 25.248577285260151 ], [ 55.291427972140106, 25.248582708613416 ], [ 55.291443198267508, 25.248585666543427 ], [ 55.291424097881468, 25.24859998114129 ], [ 55.291400055116902, 25.248577285260151 ] ], [ [ 55.290736172276219, 25.247925122718698 ], [ 55.290719353528246, 25.247944630759214 ], [ 55.290700030767354, 25.247940876875752 ], [ 55.290720653200104, 25.247922107788767 ], [ 55.290736172276219, 25.247925122718698 ] ], [ [ 55.290669732802058, 25.247645785716117 ], [ 55.290692692858407, 25.247666262365957 ], [ 55.290626523246189, 25.247653407376401 ], [ 55.290541308754946, 25.247745259079831 ], [ 55.290468891725112, 25.247681772537092 ], [ 55.290570619266944, 25.247630908893871 ], [ 55.290669732802058, 25.247645785716117 ] ], [ [ 55.290546800324364, 25.247798386374807 ], [ 55.290529601157395, 25.247795045023679 ], [ 55.290550478673552, 25.247775584853162 ], [ 55.290571144880865, 25.247793783908371 ], [ 55.290546800324364, 25.247798386374807 ] ] ], [ [ [ 55.291530316377568, 25.254113003631062 ], [ 55.291620147905981, 25.254113003631069 ], [ 55.291620147905981, 25.254068087866866 ], [ 55.291452078584243, 25.25405288939816 ], [ 55.2914520785558, 25.254097805160939 ], [ 55.291530316377568, 25.254113003631062 ] ] ], [ [ [ 55.291542184695395, 25.231397688447259 ], [ 55.2916803, 25.2314277 ], [ 55.29187670000001, 25.2307313 ], [ 55.291738584962403, 25.230701288528596 ], [ 55.291542184695395, 25.231397688447259 ] ] ], [ [ [ 55.29160144100458, 25.239915987847166 ], [ 55.291709979434394, 25.239919622141983 ], [ 55.291709979434394, 25.23987470637778 ], [ 55.29160144101138, 25.239871072083293 ], [ 55.29160144100458, 25.239915987847166 ] ] ], [ [ [ 55.291709979434394, 25.238931475329451 ], [ 55.291709979434394, 25.238841643801042 ], [ 55.291646356930194, 25.238838009519966 ], [ 55.291646356916608, 25.238927841047701 ], [ 55.291709979434394, 25.238931475329451 ] ] ], [ [ [ 55.291506138654796, 25.235128906406199 ], [ 55.2917488, 25.2350188 ], [ 55.2916763, 25.2348958 ], [ 55.291494340293859, 25.234860448561712 ], [ 55.291261940214142, 25.234972648270595 ], [ 55.291315453493276, 25.235063362849104 ], [ 55.291287049583786, 25.235077064905141 ], [ 55.291311849524149, 25.23511906492794 ], [ 55.2914649, 25.2351488 ], [ 55.291506138654796, 25.235128906406199 ] ] ], [ [ [ 55.291365142769017, 25.233952109245308 ], [ 55.2917011, 25.233999 ], [ 55.2917591, 25.2339672 ], [ 55.2916915, 25.233842 ], [ 55.29151634401088, 25.233807970206968 ], [ 55.291454543991094, 25.233837370132484 ], [ 55.291498434611128, 25.233915808016956 ], [ 55.291415349373509, 25.233899665907288 ], [ 55.2914574, 25.233879 ], [ 55.2914175, 25.233758 ], [ 55.29124268688583, 25.233724036465532 ], [ 55.291216578700393, 25.233679518158716 ], [ 55.2912695, 25.2336898 ], [ 55.2912904, 25.2336799 ], [ 55.291268296303713, 25.233641637606127 ], [ 55.2913345, 25.2336545 ], [ 55.2913826, 25.2336314 ], [ 55.291312780299997, 25.233512601428497 ], [ 55.2914327, 25.2335359 ], [ 55.2915077, 25.2335033 ], [ 55.2914744, 25.2334404 ], [ 55.291299244656422, 25.233406369980944 ], [ 55.291260285751655, 25.233423281525287 ], [ 55.2911243, 25.2331919 ], [ 55.290920584041793, 25.233137488199343 ], [ 55.290758384024095, 25.23322088814227 ], [ 55.290921083891469, 25.233501788192022 ], [ 55.290891441901699, 25.233496029106021 ], [ 55.2909094, 25.2334862 ], [ 55.2907732, 25.2332694 ], [ 55.290722184011898, 25.233259488129121 ], [ 55.290218819924135, 25.233545489901527 ], [ 55.290076343860662, 25.233517807737194 ], [ 55.290043243848622, 25.233534407696464 ], [ 55.290091444575175, 25.233603048530949 ], [ 55.290007683925332, 25.233647787877299 ], [ 55.290026419431072, 25.233676490711584 ], [ 55.289960743622679, 25.233711507585166 ], [ 55.29003504343131, 25.233825507665696 ], [ 55.290104083828936, 25.233857387905879 ], [ 55.2902136, 25.2338602 ], [ 55.2905632, 25.2336738 ], [ 55.290517028463725, 25.233602958101532 ], [ 55.290749935082509, 25.233561072298183 ], [ 55.290950380194268, 25.233590314457953 ], [ 55.291060175641583, 25.233777532357166 ], [ 55.291175774734739, 25.233773650998405 ], [ 55.291207343007819, 25.233826109065902 ], [ 55.291334883704842, 25.233850888326057 ], [ 55.291374639897334, 25.233895013520456 ], [ 55.291341242837412, 25.23391070921976 ], [ 55.291365142769017, 25.233952109245308 ] ] ], [ [ [ 55.2909703, 25.2348449 ], [ 55.291436109642547, 25.234620428229885 ], [ 55.291532993773927, 25.234590354165292 ], [ 55.2916686, 25.2346167 ], [ 55.2917496, 25.2345757 ], [ 55.2917074, 25.2345074 ], [ 55.291636593770946, 25.234493643658759 ], [ 55.2917092, 25.2344601 ], [ 55.2915762, 25.2342248 ], [ 55.291525183535086, 25.234214888383512 ], [ 55.291341583518935, 25.234299888319104 ], [ 55.291460216358132, 25.234536092480113 ], [ 55.291377635714618, 25.234520048442477 ], [ 55.291067788573244, 25.233988143626899 ], [ 55.291170990263922, 25.233990741266794 ], [ 55.291170990263922, 25.233945825502591 ], [ 55.291038133418049, 25.233937235295219 ], [ 55.291016973050091, 25.233900909743955 ], [ 55.291081158735508, 25.233900909738377 ], [ 55.291081158735508, 25.233811078209971 ], [ 55.290970814934724, 25.233821671013313 ], [ 55.2908566, 25.2336256 ], [ 55.290754567722097, 25.233605776283301 ], [ 55.290287567634657, 25.23382837595539 ], [ 55.290458360793707, 25.234121523770355 ], [ 55.290387015749872, 25.234121523756148 ], [ 55.29038701573505, 25.234211355283829 ], [ 55.290497253800829, 25.234215320087827 ], [ 55.29049725380127, 25.234188279160378 ], [ 55.290813680150819, 25.234731385799165 ], [ 55.290717983388568, 25.234771588096574 ], [ 55.290745583367006, 25.234816988105063 ], [ 55.2907966, 25.2348269 ], [ 55.290853011741177, 25.23479889323864 ], [ 55.290868266692712, 25.234825076310731 ], [ 55.2909703, 25.2348449 ] ] ], [ [ [ 55.290873276492377, 25.253559806926344 ], [ 55.290828360734807, 25.253559806904359 ], [ 55.290783444950655, 25.253604722645246 ], [ 55.290783444924067, 25.253649638408124 ], [ 55.2913523, 25.2537714 ], [ 55.2913691, 25.2537096 ], [ 55.2909464114434, 25.253626249365347 ], [ 55.290946411442889, 25.253574014460604 ], [ 55.290873276492377, 25.253559806926344 ] ] ], [ [ [ 55.290304043084959, 25.254818189367498 ], [ 55.290660412160342, 25.255145357852907 ], [ 55.2911211, 25.2552189 ], [ 55.2913127, 25.2550377 ], [ 55.29109066591419, 25.254831655860958 ], [ 55.291170990263922, 25.254831655858368 ], [ 55.291215906028128, 25.254786740094168 ], [ 55.291215906028128, 25.254741824329955 ], [ 55.291170990263922, 25.254696908565752 ], [ 55.291008023100432, 25.254682701064354 ], [ 55.291008023058829, 25.254754964336961 ], [ 55.29091, 25.254664 ], [ 55.290527313984427, 25.254589657597702 ], [ 55.290302974624396, 25.254801093998076 ], [ 55.2903009, 25.2547679 ], [ 55.2901292, 25.254598 ], [ 55.289994249987735, 25.254571783335091 ], [ 55.2900399, 25.2545313 ], [ 55.2898847, 25.2543863 ], [ 55.289119331800642, 25.254237609059789 ], [ 55.288537031092481, 25.254497305996484 ], [ 55.288553129865846, 25.25469130601903 ], [ 55.289132108769152, 25.25480378882467 ], [ 55.289233626945773, 25.25499280941213 ], [ 55.289346573757513, 25.255014752089593 ], [ 55.289070725777869, 25.255222008506792 ], [ 55.289090824352961, 25.255447008540276 ], [ 55.2898562, 25.2555957 ], [ 55.2899992, 25.255589 ], [ 55.2901245, 25.2555247 ], [ 55.2905798, 25.2551026 ], [ 55.2904318, 25.254969 ], [ 55.290228530169266, 25.25492951135465 ], [ 55.2903065, 25.2548575 ], [ 55.290304043084959, 25.254818189367498 ] ] ], [ [ [ 55.2914337, 25.2313978 ], [ 55.2915407, 25.2312823 ], [ 55.2916214, 25.2309803 ], [ 55.2915453, 25.2307534 ], [ 55.2914942, 25.2306843 ], [ 55.290856579916365, 25.230560417076251 ], [ 55.290856579914482, 25.230442395894521 ], [ 55.290760649324248, 25.230432484094944 ], [ 55.290698311262211, 25.230529666669241 ], [ 55.288348292716492, 25.23007305423425 ], [ 55.288105490372622, 25.230225848931191 ], [ 55.287999386611048, 25.230400246477121 ], [ 55.287979580757415, 25.230635345761865 ], [ 55.288083274391326, 25.230859747658972 ], [ 55.2912292, 25.231471 ], [ 55.2914337, 25.2313978 ] ] ], [ [ [ 55.291153984207412, 25.238448972443333 ], [ 55.291153984196811, 25.238523929505746 ], [ 55.291215906028128, 25.238527233451592 ], [ 55.291215906028128, 25.238437401923186 ], [ 55.291183061385411, 25.238434097982825 ], [ 55.2912488, 25.2383608 ], [ 55.291229274581319, 25.238329565432956 ], [ 55.2913624, 25.2383548 ], [ 55.2914538, 25.2383092 ], [ 55.2914808, 25.2382608 ], [ 55.2914154, 25.2381534 ], [ 55.291305737557046, 25.238132094839411 ], [ 55.291305737556854, 25.238094534432779 ], [ 55.2913998, 25.2380773 ], [ 55.2913664, 25.2380278 ], [ 55.291267881981817, 25.238044088216945 ], [ 55.291288605805491, 25.23807477188215 ], [ 55.291153984258585, 25.238074771866771 ], [ 55.29115398424694, 25.23816015996022 ], [ 55.291060636825286, 25.238144408579764 ], [ 55.291014736810503, 25.238166108523366 ], [ 55.291094612462004, 25.23824061713977 ], [ 55.291006036730884, 25.238223408508848 ], [ 55.290848781929867, 25.238274588069139 ], [ 55.290862916449939, 25.238355448329791 ], [ 55.290700736658714, 25.238349608135035 ], [ 55.290661136645411, 25.238368708086348 ], [ 55.290709847569062, 25.238411900482006 ], [ 55.290639636540952, 25.238446408055072 ], [ 55.290707236357136, 25.238556808127875 ], [ 55.2909333, 25.2385976 ], [ 55.2910222, 25.238553 ], [ 55.2910532, 25.2385031 ], [ 55.291012132464822, 25.238436008238551 ], [ 55.291153984207412, 25.238448972443333 ] ] ], [ [ [ 55.2915345, 25.2325177 ], [ 55.2914913, 25.2324477 ], [ 55.291338252858672, 25.232417965121638 ], [ 55.29130105284468, 25.232438565082287 ], [ 55.291342052746252, 25.232507865119974 ], [ 55.2914951, 25.2325376 ], [ 55.2915345, 25.2325177 ] ] ], [ [ [ 55.291079875315852, 25.254239787819632 ], [ 55.2911696, 25.2542641 ], [ 55.291222, 25.2541495 ], [ 55.291115775362044, 25.254118987834374 ], [ 55.291079875315852, 25.254239787819632 ] ] ], [ [ [ 55.290937453045437, 25.237397859373662 ], [ 55.290892137945136, 25.23741100843127 ], [ 55.290951537776273, 25.23751310849488 ], [ 55.291033402592404, 25.237529013420318 ], [ 55.290985337706182, 25.237553208532379 ], [ 55.291075937460661, 25.237700608629993 ], [ 55.2912545, 25.2377353 ], [ 55.2913342, 25.2376951 ], [ 55.2913574, 25.2376528 ], [ 55.2913025, 25.2375635 ], [ 55.291158589022224, 25.237525054855752 ], [ 55.291122093432172, 25.237462262793752 ], [ 55.291163980610449, 25.237454706029073 ], [ 55.291195037702202, 25.237503608786454 ], [ 55.2913736, 25.2375383 ], [ 55.2914314, 25.2375082 ], [ 55.2913999, 25.2374587 ], [ 55.291227111028455, 25.237425130452255 ], [ 55.2913608, 25.2373878 ], [ 55.2912958, 25.2372738 ], [ 55.291082105160221, 25.237215370964719 ], [ 55.291182, 25.2371658 ], [ 55.2911223, 25.2370672 ], [ 55.290958982431825, 25.237030488132362 ], [ 55.290804538423501, 25.237101608348908 ], [ 55.290836172863195, 25.237213871151784 ], [ 55.2907870382327, 25.237238108318166 ], [ 55.290853338050098, 25.237348008389461 ], [ 55.290908931232387, 25.237358809243119 ], [ 55.290937453045437, 25.237397859373662 ] ] ], [ [ [ 55.29115539159163, 25.238775647503076 ], [ 55.2912514, 25.2387943 ], [ 55.291299, 25.2387697 ], [ 55.291269365716254, 25.238727171645248 ], [ 55.2914142, 25.2386526 ], [ 55.2913454, 25.2385428 ], [ 55.291248781785143, 25.238525488200516 ], [ 55.291157881775277, 25.238572088168528 ], [ 55.291131581757853, 25.238620888158547 ], [ 55.291188412790184, 25.238711444133219 ], [ 55.2911257, 25.2386457 ], [ 55.291028981765294, 25.238628488123371 ], [ 55.290959931738875, 25.238663925672412 ], [ 55.2909291, 25.2386088 ], [ 55.290750536316544, 25.238574108178366 ], [ 55.290694136299621, 25.238599908109126 ], [ 55.29073573617746, 25.238674108153489 ], [ 55.290921842549622, 25.238705343558234 ], [ 55.290978681687122, 25.238830488102053 ], [ 55.2910297, 25.2388404 ], [ 55.29115539159163, 25.238775647503076 ] ] ], [ [ [ 55.29035773247675, 25.239521630334519 ], [ 55.290389, 25.2394393 ], [ 55.29023052200246, 25.239394591126111 ], [ 55.2902587, 25.2393073 ], [ 55.289728562277539, 25.239190457928967 ], [ 55.289662861735053, 25.239382157731175 ], [ 55.289994348425829, 25.239480526348949 ], [ 55.289815261387666, 25.239456358109866 ], [ 55.289794361226178, 25.239513758047501 ], [ 55.289984473608293, 25.239562215223195 ], [ 55.289984473604079, 25.23958836379667 ], [ 55.289556461439105, 25.239504357439912 ], [ 55.289426560381116, 25.239878657049562 ], [ 55.289706785413017, 25.239977193582614 ], [ 55.289633959662851, 25.240058957552677 ], [ 55.289633359537355, 25.240099657544864 ], [ 55.289776159128657, 25.24019605789557 ], [ 55.28999531375532, 25.240238636897111 ], [ 55.289709958723947, 25.240343357703338 ], [ 55.289788987337154, 25.240468731540005 ], [ 55.289604858527866, 25.240432957420442 ], [ 55.289411358365435, 25.240533756909478 ], [ 55.289413458183681, 25.24059195690587 ], [ 55.289507057790722, 25.240695557129513 ], [ 55.2898897, 25.2407699 ], [ 55.2900887, 25.2406663 ], [ 55.290023343908359, 25.240563616074539 ], [ 55.2902626, 25.2406101 ], [ 55.2904646, 25.2404888 ], [ 55.290388861554426, 25.240330115430833 ], [ 55.2905209, 25.2402793 ], [ 55.2904769, 25.2402044 ], [ 55.290425881181243, 25.24019448788529 ], [ 55.290311181171262, 25.240247287845047 ], [ 55.29034860475533, 25.240307150117633 ], [ 55.290253968081736, 25.240230398025574 ], [ 55.290158899326791, 25.240270293237081 ], [ 55.2902336, 25.24019 ], [ 55.2902171, 25.2400348 ], [ 55.29010113844928, 25.239974823453096 ], [ 55.290115342894467, 25.239936542730803 ], [ 55.290212989776563, 25.23995551413644 ], [ 55.290235159409029, 25.239990859102335 ], [ 55.290319059255374, 25.240019559312703 ], [ 55.2907017, 25.2400939 ], [ 55.2908102, 25.2400383 ], [ 55.290769488369278, 25.239973302630172 ], [ 55.29098009299134, 25.24001785389293 ], [ 55.290941781192828, 25.240037588064613 ], [ 55.290964081174486, 25.240076488071431 ], [ 55.2910151, 25.2400864 ], [ 55.2910714, 25.2400597 ], [ 55.291053525596816, 25.240032120357466 ], [ 55.2912135, 25.2400632 ], [ 55.2913431, 25.2399893 ], [ 55.2913878, 25.2399207 ], [ 55.2912438, 25.2396974 ], [ 55.290990964704385, 25.239648279310806 ], [ 55.291062658663982, 25.239611094889657 ], [ 55.2911646, 25.2396309 ], [ 55.29122490000001, 25.2396048 ], [ 55.2911015, 25.2393845 ], [ 55.290819482892189, 25.239328730397222 ], [ 55.2909543, 25.2392593 ], [ 55.2907881, 25.2389952 ], [ 55.290737081648139, 25.238985288016401 ], [ 55.290602981633491, 25.2390542879692 ], [ 55.290725958496644, 25.239297314279078 ], [ 55.290565335383953, 25.23926610790727 ], [ 55.290531135371303, 25.239283407865173 ], [ 55.290567787984394, 25.239340509568805 ], [ 55.290508561115296, 25.23937125989789 ], [ 55.290456160795564, 25.23948765974578 ], [ 55.290494304665266, 25.239587954924815 ], [ 55.290442698867807, 25.239577603341669 ], [ 55.2904535, 25.2395458 ], [ 55.29035773247675, 25.239521630334519 ] ], [ [ 55.29077885985145, 25.239712160537273 ], [ 55.290745649150587, 25.239790057001422 ], [ 55.290500659972629, 25.239742459820384 ], [ 55.290394359876814, 25.239799959539379 ], [ 55.290418326047678, 25.239840871020931 ], [ 55.290332139602256, 25.239830437757742 ], [ 55.290386657326962, 25.239694551131301 ], [ 55.290467, 25.239711 ], [ 55.290503718686182, 25.239592521042077 ], [ 55.290613294273932, 25.239624143493806 ], [ 55.290613294270159, 25.239646493140281 ], [ 55.290786933493898, 25.239657878536686 ], [ 55.290756059992226, 25.239672360485052 ], [ 55.29077885985145, 25.239712160537273 ] ] ], [ [ [ 55.291169, 25.2411958 ], [ 55.290990432493764, 25.241161108278696 ], [ 55.290835432439017, 25.24123770808799 ], [ 55.290963232087449, 25.241449208225461 ], [ 55.2911418, 25.2414839 ], [ 55.2912969, 25.2414073 ], [ 55.291169, 25.2411958 ] ] ], [ [ [ 55.291263223846165, 25.234251976095297 ], [ 55.291395569084948, 25.234260235852034 ], [ 55.291395569084948, 25.234215320087824 ], [ 55.291263223861606, 25.234207060331862 ], [ 55.291263223846165, 25.234251976095297 ] ] ], [ [ [ 55.291194682096624, 25.237784088197301 ], [ 55.2912947, 25.2378009 ], [ 55.291299, 25.2377759 ], [ 55.291199082106523, 25.237758988199317 ], [ 55.291194682096624, 25.237784088197301 ] ] ], [ [ [ 55.2903084, 25.2509206 ], [ 55.29053827888103, 25.25078949935715 ], [ 55.290666402697227, 25.250814389976444 ], [ 55.290711318415632, 25.250859574559101 ], [ 55.290856579914482, 25.250879068608238 ], [ 55.290946411442889, 25.250789237079832 ], [ 55.290919187379316, 25.250717097257432 ], [ 55.2910086, 25.2506715 ], [ 55.2908839, 25.2504825 ], [ 55.29081166415034, 25.25046846683642 ], [ 55.290811664150276, 25.250429910966183 ], [ 55.290678308405148, 25.250412729763244 ], [ 55.290678308383917, 25.250442559886711 ], [ 55.290651376803687, 25.25043732788799 ], [ 55.2906189, 25.2503865 ], [ 55.289803628167817, 25.250190456423038 ], [ 55.289693627922446, 25.250297156124848 ], [ 55.289892444759722, 25.250464816177928 ], [ 55.289853376986422, 25.250500187477726 ], [ 55.290055076890461, 25.250682287542848 ], [ 55.2901061, 25.2506922 ], [ 55.290207948320173, 25.250599909783215 ], [ 55.290249028614625, 25.250662193257099 ], [ 55.290015302749339, 25.250765867731417 ], [ 55.290094102519099, 25.250878967834652 ], [ 55.2903084, 25.2509206 ] ] ], [ [ [ 55.290946411442889, 25.248633280397943 ], [ 55.290946411442889, 25.248543448869533 ], [ 55.290803856871555, 25.248533206307346 ], [ 55.290803856833229, 25.248623037833852 ], [ 55.290946411442889, 25.248633280397943 ] ] ], [ [ [ 55.290523538975059, 25.236789808035685 ], [ 55.29055693888359, 25.236844808071623 ], [ 55.290649564671945, 25.236862803996349 ], [ 55.290694217782622, 25.236906631561077 ], [ 55.290658210447177, 25.236906631550006 ], [ 55.290658210433584, 25.236996463077752 ], [ 55.290766748386346, 25.236986170743901 ], [ 55.2909244, 25.2370168 ], [ 55.291089, 25.2369356 ], [ 55.2909437, 25.236755 ], [ 55.290796782937363, 25.236726456281101 ], [ 55.2908526, 25.2366991 ], [ 55.290808, 25.2366246 ], [ 55.290629439225533, 25.23658990817658 ], [ 55.290524382640143, 25.236634087992176 ], [ 55.290477839172908, 25.236664207990135 ], [ 55.290522439049241, 25.236738708038043 ], [ 55.290597070805873, 25.236753208000732 ], [ 55.290523538975059, 25.236789808035685 ] ], [ [ 55.290769825640638, 25.23692278667448 ], [ 55.290766748386346, 25.23692430380942 ], [ 55.290766748386289, 25.236920723195638 ], [ 55.290768824502244, 25.236921126554012 ], [ 55.290769825640638, 25.23692278667448 ] ] ], [ [ [ 55.2908256, 25.2540664 ], [ 55.290728775432285, 25.254045487703713 ], [ 55.290715875415529, 25.25408928769841 ], [ 55.2908128, 25.2541102 ], [ 55.2908256, 25.2540664 ] ] ], [ [ [ 55.290811664150276, 25.245534092667725 ], [ 55.290901495678682, 25.245534092667732 ], [ 55.290946411442889, 25.245354429610906 ], [ 55.290901495678682, 25.245309513846703 ], [ 55.290753840396128, 25.245298280125869 ], [ 55.290708924616155, 25.245343195871644 ], [ 55.290708924574133, 25.245433027397961 ], [ 55.290753840291067, 25.245522858941655 ], [ 55.290811664150276, 25.245534092667725 ] ] ], [ [ [ 55.2909679, 25.2401368 ], [ 55.290860481153835, 25.240152388034506 ], [ 55.290906381114858, 25.240235388048472 ], [ 55.2910137, 25.2402198 ], [ 55.2909679, 25.2401368 ] ] ], [ [ [ 55.290265975488161, 25.254025687546072 ], [ 55.290423275413303, 25.254167687596865 ], [ 55.2904743, 25.2541776 ], [ 55.2906245, 25.2540415 ], [ 55.290638211639575, 25.253994880428916 ], [ 55.2907961, 25.254024 ], [ 55.2908016, 25.2539824 ], [ 55.29059255002921, 25.253943796110025 ], [ 55.2905053, 25.253865 ], [ 55.290454275539204, 25.253855087613886 ], [ 55.290370316233293, 25.253902757301546 ], [ 55.290265975488161, 25.254025687546072 ] ] ], [ [ [ 55.290884489682597, 25.238074771836107 ], [ 55.290991327207095, 25.23807807580954 ], [ 55.290991327207095, 25.23798824428113 ], [ 55.290884489694953, 25.237984940308312 ], [ 55.290884489682597, 25.238074771836107 ] ] ], [ [ [ 55.2910642, 25.2304169 ], [ 55.290884877276952, 25.230379301981017 ], [ 55.290872277249349, 25.230426101972949 ], [ 55.2910516, 25.2304636 ], [ 55.2910642, 25.2304169 ] ] ], [ [ [ 55.2903963, 25.2349642 ], [ 55.290499883693961, 25.23497405625244 ], [ 55.290470641595093, 25.234988508102226 ], [ 55.290492626216547, 25.235024927608546 ], [ 55.290216041715766, 25.23496850779955 ], [ 55.2901391417074, 25.234993507705898 ], [ 55.290186341566645, 25.235079207756101 ], [ 55.290253964951567, 25.23509234637865 ], [ 55.290199941505428, 25.235118207769531 ], [ 55.290280783222798, 25.235282587936851 ], [ 55.2904393, 25.2352568 ], [ 55.2906624, 25.2351499 ], [ 55.290634669782584, 25.235102557974823 ], [ 55.2907054, 25.2351163 ], [ 55.2908611, 25.2350394 ], [ 55.290833471695834, 25.23499371271707 ], [ 55.2909137, 25.2350093 ], [ 55.2909678, 25.2349834 ], [ 55.2909387, 25.2349336 ], [ 55.290781279793507, 25.234903015335806 ], [ 55.2907606, 25.234865 ], [ 55.29066980705953, 25.234847360032742 ], [ 55.2907446, 25.2348359 ], [ 55.2907263, 25.2348016 ], [ 55.290547741887259, 25.234766908210279 ], [ 55.290520068335177, 25.234793853432006 ], [ 55.290411841918633, 25.234779108047078 ], [ 55.290230841929464, 25.234816807828157 ], [ 55.290207352567052, 25.234930007480681 ], [ 55.2903963, 25.2349642 ] ] ], [ [ [ 55.289422068010587, 25.237414357418594 ], [ 55.289479217524971, 25.237425461216915 ], [ 55.289473467828223, 25.237460457543055 ], [ 55.289573267236499, 25.237626757772851 ], [ 55.2899559, 25.2377011 ], [ 55.2901321, 25.2376037 ], [ 55.290119913898749, 25.237582563685237 ], [ 55.290212237645889, 25.2375727695919 ], [ 55.290280566511122, 25.237684559574529 ], [ 55.290324575998696, 25.23769311006728 ], [ 55.290258066402558, 25.23772525951065 ], [ 55.290307866103838, 25.23780935962515 ], [ 55.290683912426978, 25.23788242013643 ], [ 55.290722882079251, 25.237943988032978 ], [ 55.2907739, 25.2379539 ], [ 55.2909212, 25.2379193 ], [ 55.2908456, 25.2377999 ], [ 55.290770232295522, 25.237802602581802 ], [ 55.29074, 25.2377516 ], [ 55.29069520570777, 25.237742897164253 ], [ 55.290754464887826, 25.237713267577583 ], [ 55.290816, 25.2377417 ], [ 55.2909142, 25.2376959 ], [ 55.290889, 25.2376517 ], [ 55.290781820409101, 25.237668008350887 ], [ 55.2907114, 25.2375966 ], [ 55.290326154797114, 25.23751972962096 ], [ 55.2907624, 25.2373022 ], [ 55.2904673, 25.2368089 ], [ 55.290138780721691, 25.236745072466245 ], [ 55.290099756600931, 25.23668133410721 ], [ 55.2901773, 25.2366964 ], [ 55.29023, 25.2366729 ], [ 55.2902705, 25.2365602 ], [ 55.2902391, 25.2365057 ], [ 55.290050877628872, 25.236469084458129 ], [ 55.29001, 25.2364032 ], [ 55.289831439832959, 25.236368507239273 ], [ 55.289722339800392, 25.236418307105364 ], [ 55.289952409314154, 25.236772054751683 ], [ 55.289548669204343, 25.236996957807126 ], [ 55.289756704389148, 25.237305865173848 ], [ 55.289438868449388, 25.237268357484147 ], [ 55.289422068010587, 25.237414357418594 ] ], [ [ 55.290204609160646, 25.237525254828608 ], [ 55.29022420350293, 25.237529061780066 ], [ 55.290211027373658, 25.237535640665563 ], [ 55.290204609160646, 25.237525254828608 ] ] ], [ [ [ 55.2904154, 25.2542387 ], [ 55.290327475411743, 25.254195387563581 ], [ 55.290295975403218, 25.254223887552236 ], [ 55.290331648603299, 25.254256177142789 ], [ 55.29023631529963, 25.254237656906628 ], [ 55.290203615235406, 25.254266556818404 ], [ 55.290234915121701, 25.254295456894116 ], [ 55.290491305618048, 25.254345265267027 ], [ 55.290415575313091, 25.254412287589208 ], [ 55.290518375263304, 25.254507187622377 ], [ 55.2905694, 25.2545171 ], [ 55.2906754, 25.2544232 ], [ 55.290617605587059, 25.2543697950622 ], [ 55.2906503, 25.2543409 ], [ 55.290619, 25.254312 ], [ 55.290384693515691, 25.254266482057485 ], [ 55.2904154, 25.2542387 ] ] ], [ [ [ 55.290721832621863, 25.246207829130825 ], [ 55.290590180624179, 25.246190978431645 ], [ 55.29059018052962, 25.246325725719544 ], [ 55.290635096254434, 25.24637064150826 ], [ 55.290766748386069, 25.246387492187644 ], [ 55.290766748386069, 25.246252744895028 ], [ 55.290721832621863, 25.246207829130825 ] ] ], [ [ [ 55.290029389456777, 25.238992931349109 ], [ 55.290029389445884, 25.239062588136932 ], [ 55.290093011922977, 25.239066222622068 ], [ 55.290093011923439, 25.239005292409686 ], [ 55.2902768, 25.239041 ], [ 55.2903854, 25.2390168 ], [ 55.290412763461561, 25.238972207307288 ], [ 55.2905378, 25.2389965 ], [ 55.290618156965991, 25.238952097972248 ], [ 55.290809, 25.2389916 ], [ 55.2908531, 25.238969 ], [ 55.2907942, 25.2388752 ], [ 55.290682244234723, 25.238808976116957 ], [ 55.2906285, 25.2387267 ], [ 55.290577481775365, 25.238716787967441 ], [ 55.290452338042257, 25.238783659319495 ], [ 55.290452338036623, 25.238572149215809 ], [ 55.290298884095684, 25.238568514768115 ], [ 55.290209052563874, 25.238613430520743 ], [ 55.290218881786231, 25.238779987843742 ], [ 55.290248877835204, 25.238822737980264 ], [ 55.289923663450054, 25.238762858494439 ], [ 55.289790263352302, 25.238827758142914 ], [ 55.289768763164354, 25.238893858077663 ], [ 55.289815063004795, 25.238933858190023 ], [ 55.290029389456777, 25.238992931349109 ] ], [ [ 55.290452338041412, 25.238808233035218 ], [ 55.29045233804144, 25.238807615561964 ], [ 55.290452679423908, 25.238808134758862 ], [ 55.290452338041412, 25.238808233035218 ] ] ], [ [ [ 55.2905725, 25.2410294 ], [ 55.290521480830947, 25.241019487900942 ], [ 55.29037908080447, 25.241119187850281 ], [ 55.29059968064044, 25.241461587918547 ], [ 55.2906507, 25.2414715 ], [ 55.2908005, 25.241395 ], [ 55.2905725, 25.2410294 ] ] ], [ [ [ 55.2907805, 25.2379657 ], [ 55.290397865780548, 25.237891359842887 ], [ 55.290370965759251, 25.237904959771928 ], [ 55.290434965389217, 25.238008559919773 ], [ 55.2908176, 25.2380829 ], [ 55.2908444, 25.2380693 ], [ 55.2907805, 25.2379657 ] ] ], [ [ [ 55.290502903758366, 25.236348966806254 ], [ 55.290331939580298, 25.236418507833541 ], [ 55.290377239457257, 25.236492407882341 ], [ 55.2907587, 25.2365746 ], [ 55.2908481, 25.2365264 ], [ 55.2908064, 25.236463 ], [ 55.290696415929204, 25.236441631662071 ], [ 55.290644138312935, 25.236376406860639 ], [ 55.2907095, 25.2363439 ], [ 55.2906803, 25.236296 ], [ 55.290629282772912, 25.236286088035133 ], [ 55.290502903758366, 25.236348966806254 ] ] ], [ [ [ 55.2905452, 25.2538387 ], [ 55.2905589, 25.2538 ], [ 55.290507875560522, 25.253790087633529 ], [ 55.290479175553521, 25.253814187623234 ], [ 55.2905452, 25.2538387 ] ] ], [ [ [ 55.290564406058905, 25.245260192028578 ], [ 55.290632001093449, 25.245264598082496 ], [ 55.290676916857656, 25.245219682318286 ], [ 55.290676916857656, 25.245084935025666 ], [ 55.290613186737481, 25.245072553765517 ], [ 55.2906275, 25.2449997 ], [ 55.290586234359452, 25.244992325672499 ], [ 55.290632001093449, 25.244995103497256 ], [ 55.290676916857656, 25.244950187733057 ], [ 55.290676916857656, 25.244905271968847 ], [ 55.290632001093449, 25.24486035620464 ], [ 55.290553182990195, 25.244856391341926 ], [ 55.2905682, 25.2447936 ], [ 55.289890927864782, 25.244640206714394 ], [ 55.289878727793919, 25.244692306696063 ], [ 55.290000476872464, 25.244772970989516 ], [ 55.289934179230379, 25.245044287617617 ], [ 55.290126821503492, 25.245101279576524 ], [ 55.290109027012505, 25.245175706936429 ], [ 55.290564406058905, 25.245260192028578 ] ], [ [ 55.290554658352164, 25.244986682911151 ], [ 55.290555898576613, 25.244980360200945 ], [ 55.290563866891183, 25.244988328515394 ], [ 55.290554658352164, 25.244986682911151 ] ], [ [ 55.290474839476396, 25.245071996436735 ], [ 55.290474839451157, 25.245100893598554 ], [ 55.290230111911967, 25.245053123051957 ], [ 55.2902608, 25.2448928 ], [ 55.2900115034696, 25.244852207102504 ], [ 55.290093011922977, 25.24486035620464 ], [ 55.290093011923346, 25.244790822009069 ], [ 55.290521761263285, 25.244868999064536 ], [ 55.290521761253586, 25.244928191869612 ], [ 55.290287027367683, 25.244885407170045 ], [ 55.29027792715226, 25.245036807148264 ], [ 55.290474839476396, 25.245071996436735 ] ] ], [ [ [ 55.2906308, 25.2471126 ], [ 55.290429921894535, 25.247084337476426 ], [ 55.290340090386493, 25.247084337408936 ], [ 55.290340090345708, 25.247129253171121 ], [ 55.2906183, 25.2471789 ], [ 55.2906308, 25.2471126 ] ] ], [ [ [ 55.290614995020142, 25.238703592500023 ], [ 55.290721832621863, 25.238706896508429 ], [ 55.290721832621863, 25.238661980744222 ], [ 55.290624427146149, 25.23865867673976 ], [ 55.2906494, 25.2386482 ], [ 55.2906188, 25.2385885 ], [ 55.290529881830778, 25.238594387953704 ], [ 55.290560481802942, 25.238654187962936 ], [ 55.290614995025813, 25.238662633749662 ], [ 55.290614995020142, 25.238703592500023 ] ] ], [ [ [ 55.290497253800829, 25.245713755724559 ], [ 55.290542169565036, 25.245713755724552 ], [ 55.290542169565036, 25.245668839960352 ], [ 55.290427524999188, 25.24565529325508 ], [ 55.29042752497385, 25.245700209018029 ], [ 55.290497253800829, 25.245713755724559 ] ] ], [ [ [ 55.290289029940503, 25.236040511465227 ], [ 55.2904814, 25.2360797 ], [ 55.2905633, 25.2360548 ], [ 55.2904997, 25.2359557 ], [ 55.290317590745069, 25.235922874233434 ], [ 55.29031759074401, 25.235877203363437 ], [ 55.290160736082242, 25.235872908110949 ], [ 55.290115820312018, 25.23591782386811 ], [ 55.290115820288882, 25.236048069286237 ], [ 55.290074740178135, 25.236068707551507 ], [ 55.290128940031082, 25.23615700760989 ], [ 55.290232622092503, 25.236177152010733 ], [ 55.290319139746643, 25.236306507826317 ], [ 55.2904977, 25.2363412 ], [ 55.2906594, 25.2362617 ], [ 55.2905683, 25.2361101 ], [ 55.290353763491922, 25.236088862062886 ], [ 55.290289029940503, 25.236040511465227 ] ] ], [ [ [ 55.289847078853462, 25.245979187568629 ], [ 55.289965, 25.2460016 ], [ 55.289973190484417, 25.245965802939331 ], [ 55.2903767, 25.246056 ], [ 55.290390089813883, 25.245934967244562 ], [ 55.290497253800829, 25.245938334545585 ], [ 55.290497253800829, 25.245803587252972 ], [ 55.290382393243419, 25.245790370937335 ], [ 55.2903974, 25.245713 ], [ 55.28973272656647, 25.245578406457764 ], [ 55.289697126365496, 25.245726406404547 ], [ 55.29033939408891, 25.245832766753416 ], [ 55.290339394037218, 25.245924857104683 ], [ 55.289883778915886, 25.245818787584462 ], [ 55.289847078853462, 25.245979187568629 ] ] ], [ [ [ 55.2905963, 25.2356453 ], [ 55.2905834, 25.2356109 ], [ 55.290495183064664, 25.235612388003233 ], [ 55.29050808304914, 25.235646788006935 ], [ 55.2905963, 25.2356453 ] ] ], [ [ [ 55.29031816702232, 25.24102920113436 ], [ 55.2902161, 25.2408624 ], [ 55.29003753331893, 25.240827707164211 ], [ 55.289880333261955, 25.240906406970737 ], [ 55.290020432878798, 25.24113670712153 ], [ 55.290058011989423, 25.241144008191103 ], [ 55.289960132791784, 25.241212007044062 ], [ 55.290178632202263, 25.241565607279639 ], [ 55.2903572, 25.2416003 ], [ 55.2905044, 25.2415259 ], [ 55.2902859, 25.2411723 ], [ 55.290222126662833, 25.241159909875645 ], [ 55.2903886, 25.2410772 ], [ 55.290365, 25.2410383 ], [ 55.29031816702232, 25.24102920113436 ] ] ], [ [ [ 55.290021582607174, 25.245430383839452 ], [ 55.290021582581218, 25.245475299602361 ], [ 55.290066498312989, 25.245520215386737 ], [ 55.290152928420994, 25.245534092669242 ], [ 55.290152928375129, 25.24560938613368 ], [ 55.290272674979803, 25.245623924196146 ], [ 55.290407422272416, 25.245579008431935 ], [ 55.290407422272416, 25.245489176903522 ], [ 55.290242759971534, 25.245474638890109 ], [ 55.290182843451852, 25.245504597124519 ], [ 55.29018284345139, 25.245444261139316 ], [ 55.290021582607174, 25.245430383839452 ] ] ], [ [ [ 55.29011113335406, 25.240785007255226 ], [ 55.290135033292863, 25.240821407281164 ], [ 55.2903136, 25.2408561 ], [ 55.290408120032069, 25.24079160615992 ], [ 55.2904652, 25.2408034 ], [ 55.290466, 25.2407616 ], [ 55.290223833415233, 25.240714507394962 ], [ 55.290230808734314, 25.240734216280345 ], [ 55.29011113335406, 25.240785007255226 ] ] ], [ [ [ 55.290056678765779, 25.2461392876369 ], [ 55.290037878732008, 25.246225787628703 ], [ 55.2903224, 25.2462771 ], [ 55.2903544, 25.2461302 ], [ 55.290210478764621, 25.246103687690148 ], [ 55.290056678765779, 25.2461392876369 ] ] ], [ [ [ 55.290342099779998, 25.235379165137431 ], [ 55.290297184010228, 25.235424080895129 ], [ 55.290297183995406, 25.235513912422807 ], [ 55.290452338036623, 25.235517877249798 ], [ 55.290452338036623, 25.235428045721388 ], [ 55.290407422272416, 25.235383129957182 ], [ 55.290342099779998, 25.235379165137431 ] ] ], [ [ [ 55.290298884000549, 25.239197335462265 ], [ 55.290362506508224, 25.239200969914688 ], [ 55.290362506508224, 25.239111138386278 ], [ 55.290298884014142, 25.239107503934523 ], [ 55.290298884000549, 25.239197335462265 ] ] ], [ [ [ 55.290227759215597, 25.245354429610909 ], [ 55.290227759215597, 25.245309513846703 ], [ 55.29004809615877, 25.245219682318286 ], [ 55.289935152610269, 25.245206465808266 ], [ 55.289935152536117, 25.245341213097184 ], [ 55.290093011922977, 25.245399345375112 ], [ 55.29018284345139, 25.24539934537512 ], [ 55.290227759215597, 25.245354429610909 ] ] ], [ [ [ 55.289567131378661, 25.249212555968324 ], [ 55.2899498, 25.2492869 ], [ 55.2901583, 25.2490891 ], [ 55.2900829, 25.249024 ], [ 55.289700232089785, 25.24894965634978 ], [ 55.289561231788831, 25.249081555973444 ], [ 55.289525031523901, 25.24917615586612 ], [ 55.289567131378661, 25.249212555968324 ] ] ], [ [ [ 55.290181584560379, 25.232064787969229 ], [ 55.290210784536335, 25.232115787978142 ], [ 55.2903054, 25.2321053 ], [ 55.29025425672539, 25.23201577348663 ], [ 55.2903907, 25.231952 ], [ 55.2903679, 25.2319121 ], [ 55.290316884613503, 25.231902188018751 ], [ 55.29013678459728, 25.231986487955552 ], [ 55.290181584560379, 25.232064787969229 ] ] ], [ [ [ 55.2900897, 25.2501064 ], [ 55.2901309, 25.2500687 ], [ 55.2897381, 25.2497185 ], [ 55.289687077330399, 25.249708587437226 ], [ 55.289645977319068, 25.249746287422425 ], [ 55.290038677134007, 25.250096487549307 ], [ 55.2900897, 25.2501064 ] ] ], [ [ [ 55.289711424479279, 25.247028406327832 ], [ 55.2901039, 25.2471035 ], [ 55.2901514, 25.2468981 ], [ 55.289758824758941, 25.246823006399278 ], [ 55.289711424479279, 25.247028406327832 ] ] ], [ [ [ 55.290252268485041, 25.233986776446255 ], [ 55.29031759074401, 25.233990741266801 ], [ 55.29031759074401, 25.233945825502595 ], [ 55.290252268492452, 25.233941860682407 ], [ 55.290252268485041, 25.233986776446255 ] ] ], [ [ [ 55.289640981278161, 25.233071558649538 ], [ 55.2900236, 25.2331459 ], [ 55.2901239, 25.2330922 ], [ 55.290050821831237, 25.233051026063059 ], [ 55.29004330290033, 25.233017632170938 ], [ 55.290146424365531, 25.232995185555698 ], [ 55.2902587, 25.233017 ], [ 55.2902909, 25.2330006 ], [ 55.2902596, 25.2329503 ], [ 55.290204753389624, 25.232931941076192 ], [ 55.2902959, 25.2329033 ], [ 55.2902789, 25.2328725 ], [ 55.28989628192673, 25.232798159345162 ], [ 55.289678381746732, 25.232910758770089 ], [ 55.289695713939835, 25.232937742037908 ], [ 55.289653081708423, 25.232929458702433 ], [ 55.289559381649958, 25.232971758456088 ], [ 55.289583381497458, 25.23301505851083 ], [ 55.289645906337306, 25.233027206950219 ], [ 55.289620781389374, 25.233040658602611 ], [ 55.289640981278161, 25.233071558649538 ] ] ], [ [ [ 55.2899245, 25.2472916 ], [ 55.289873478313083, 25.247281687550835 ], [ 55.289793878269776, 25.247406487521083 ], [ 55.289967, 25.2474804 ], [ 55.2900502, 25.2473604 ], [ 55.2899245, 25.2472916 ] ] ], [ [ [ 55.2900481, 25.2313523 ], [ 55.289869547111557, 25.23131760764872 ], [ 55.289766147076655, 25.231367607521616 ], [ 55.289724146950611, 25.231465407464412 ], [ 55.28989694658776, 25.231673607655793 ], [ 55.2900755, 25.2317083 ], [ 55.2902177, 25.2316396 ], [ 55.2900481, 25.2313523 ] ] ], [ [ [ 55.2901058, 25.2362736 ], [ 55.290115, 25.2362036 ], [ 55.289831982903443, 25.23616878776544 ], [ 55.289822782875476, 25.236238887760855 ], [ 55.2901058, 25.2362736 ] ] ], [ [ [ 55.289920546390135, 25.231804607674544 ], [ 55.289948046318443, 25.231847407704301 ], [ 55.2901266, 25.2318821 ], [ 55.2901601, 25.2318645 ], [ 55.2901327, 25.2318217 ], [ 55.289954146403431, 25.231787007715937 ], [ 55.289920546390135, 25.231804607674544 ] ] ], [ [ [ 55.2900963, 25.2357648 ], [ 55.289799040780892, 25.235720107247285 ], [ 55.289793640708908, 25.235771307237147 ], [ 55.2900911, 25.2358162 ], [ 55.2900963, 25.2357648 ] ] ], [ [ [ 55.290137927687184, 25.232104279170141 ], [ 55.290137927687184, 25.232059363405934 ], [ 55.290093011922977, 25.232014447641735 ], [ 55.289986175263138, 25.232011143607707 ], [ 55.289986175250796, 25.232100975135491 ], [ 55.290137927687184, 25.232104279170141 ] ] ], [ [ [ 55.289984473771703, 25.238478683201034 ], [ 55.29004809615877, 25.238482317687399 ], [ 55.29004809615877, 25.238437401923193 ], [ 55.289984473778503, 25.238433767437172 ], [ 55.289984473771703, 25.238478683201034 ] ] ], [ [ [ 55.2900098, 25.233988 ], [ 55.2899629, 25.2339137 ], [ 55.289784343444452, 25.233879007362393 ], [ 55.289731443424259, 25.233906207297252 ], [ 55.289778143299998, 25.233980607347661 ], [ 55.2899567, 25.234015299999989 ], [ 55.2900098, 25.233988 ] ] ] ] } }
]
}
